{"item":[{"id":"b4a66388-663d-448b-8c9d-a1dc5fc5bacc","name":"COMPANY ODS View","request":{"name":"COMPANY ODS View","description":{"content":"The COMPANY view provides access to commercial card account information. Option 1: Alpha Lookup. Use this option to search the Commercial Card Master File for a specific commercial card account by entering all or part of a company name. Required Fields: companyName, common.system, selectFields. Optional Fields: common.prin, common.agent. Option 2: Company Inquiry. Use this option to access the company's account information on the Commercial Card Master File. Required Fields: common.system, common.prin, common.agent, selectFields. Optional Fields: companyIdentifier. <br><br> <b>Relates to:</b>\n  \n  <blockquote style=\"border-left: 0.375em solid #40a9ff; background-color: #e6f7ff; border-radius: 3px; padding: 1em;\" ><div>COMPANY View, <a target=\"_blank\" title=\"Click to open in a new tab\" href=\"https://documentation.fiserv.com/bundle/Open-Data-Streams/page/00A_ODS_HC/04ODS_CCviews/04ODS_CCviews.xhtml#index_38253\"> click here</a>.</div></blockquote>","type":"text/plain"},"url":{"path":["creditBureau","v1","company"],"host":["{{baseUrl}}"],"query":[],"variable":[]},"header":[{"key":"Content-Type","value":"application/json"},{"key":"Accept","value":"application/json"}],"method":"POST","auth":null,"body":{"mode":"raw","raw":"{\n  \"endSequence\": \"<string>\",\n  \"selectFields\": [\n    \"<string>\"\n  ],\n  \"startSequence\": \"<string>\",\n  \"common\": {\n    \"user\": \"<string>\",\n    \"agent\": \"<string>\",\n    \"cycle\": \"<string>\",\n    \"clientNumber\": \"<string>\",\n    \"system\": \"<string>\",\n    \"prin\": \"<string>\",\n    \"debug\": \"<boolean>\",\n    \"org\": \"<string>\",\n    \"processor\": \"<boolean>\",\n    \"contentType\": \"<string>\",\n    \"retry\": \"<long>\",\n    \"timeout\": \"<long>\",\n    \"siteId\": \"<string>\",\n    \"internalOrigin\": \"<boolean>\",\n    \"accountId\": \"<string>\",\n    \"presentationId\": \"<string>\",\n    \"rts\": \"<dateTime>\"\n  },\n  \"odsNaming\": \"<boolean>\",\n  \"companyName\": \"<string>\",\n  \"companyIdentifier\": \"<string>\"\n}","options":{"raw":{"language":"json"}}}},"response":[{"id":"a1bf5140-9a2d-4c71-b476-d5319f9e17d5","name":"successful operation","originalRequest":{"url":{"path":["creditBureau","v1","company"],"host":["{{baseUrl}}"],"query":[],"variable":[]},"header":[{"key":"Accept","value":"application/json"}],"method":"POST","body":{"mode":"raw","raw":"{\n  \"endSequence\": \"87270603183244614959187183819787757641582347372901776428919344421173267709086836448\",\n  \"selectFields\": [\n    \"C8Q0RfUlgy\",\n    \"24Utc3hL9I\",\n    \"sG8h9uvCzB\",\n    \"dKI8Hcb7LY\",\n    \"nt5VZ7nfGD\",\n    \"cxHGmD3mlt\",\n    \"qsz5pIqIuk\"\n  ],\n  \"startSequence\": \"7204963733629165777674165220562075174568773640287071096108509498289617136033\",\n  \"common\": {\n    \"user\": \"<string>\",\n    \"agent\": \"FoT3\",\n    \"cycle\": \"T\",\n    \"clientNumber\": \"1000\",\n    \"system\": \"9xgG\",\n    \"prin\": \"VFSR\",\n    \"debug\": \"<boolean>\",\n    \"org\": \"<string>\",\n    \"processor\": \"<boolean>\",\n    \"contentType\": \"<string>\",\n    \"retry\": 0,\n    \"timeout\": 45000,\n    \"siteId\": \"4201\",\n    \"internalOrigin\": \"<boolean>\",\n    \"accountId\": \"8888888888888888\",\n    \"presentationId\": \"<string>\",\n    \"rts\": \"2024-02-09T11:54:02Z\"\n  },\n  \"odsNaming\": \"<boolean>\",\n  \"companyName\": \"GUKVlpnvwsaej28WstkrR2mMA1\",\n  \"companyIdentifier\": \"pOgspq5v\"\n}","options":{"raw":{"language":"json"}}}},"status":"OK","code":200,"header":[{"key":"Content-Type","value":"application/json"}],"body":"{\n  \"processorInfo\": {\n    \"system\": \"exercitation eius\",\n    \"cycle\": \"sunt Ut culpa nisi pariatur\",\n    \"tor\": \"adipisicing\",\n    \"mode\": \"deserunt ut est\"\n  },\n  \"companyList\": [\n    {\n      \"selectedFields\": {},\n      \"agentIdentifier\": \"in elit deserunt\",\n      \"agentNumber\": \"occaecat mollit\",\n      \"airReconciliationCode\": \"consectetur commodo nostrud\",\n      \"annualFeeAmount\": \"magna nisi\",\n      \"annualFeeOptionCode\": \"ex Lorem\",\n      \"atmAccess\": \"voluptate consequat Duis incididunt culpa\",\n      \"averageCardholderBalanceAmount\": \"id\",\n      \"billingAccountNumber\": \"i\",\n      \"billingCycleCode\": \"quis aliquip laborum\",\n      \"billingOptionCode\": \"non qui id voluptate officia\",\n      \"bannerName\": \"do magna fugiat ea\",\n      \"businessType\": \"dolor laborum est aute\",\n      \"ca012Default\": \"in officia\",\n      \"ca012Frequency\": \"ullamco aliqua ut\",\n      \"ca012ReportCode\": \"dolor \",\n      \"ca143QuarterlyDetailIncludeCode\": \"anim consequat dolor\",\n      \"ca145AnnualLogoCode\": \"Ut proident labore\",\n      \"ca145AnnualPeriodCode\": \"id enim in aliqua\",\n      \"ca145AnnualReportCode\": \"exercitation aliquip est\",\n      \"ca200Default\": \"labore\",\n      \"ca200FrequencyCode\": \"dolor occaecat ea exercitation\",\n      \"ca200ReportCode\": \"consequat esse consectetur Ut\",\n      \"cashAccessCode\": \"occaecat consectetur deserunt adipisicing\",\n      \"cashItemFeeDiversionAccountNumber\": \"ullamco\",\n      \"cc008Cm008DefaultCode\": \"dolor dolore proident sunt\",\n      \"cc008Cm008PageBreakCode\": \"velit esse ex nost\",\n      \"cc008Cm008ReportCode\": \"Lorem laboris proident voluptate\",\n      \"cc088Cm088DefaultCode\": \"in aliqua\",\n      \"cc088Cm088ReportCode\": \"nulla cupidatat\",\n      \"cc089Cm089DefaultCode\": \"adipisicing et fugiat Ut Lorem\",\n      \"cc089Cm089ReportCode\": \"consequat nisi fugiat magna\",\n      \"cc090Cm090DefaultCode\": \"aliquip qui et\",\n      \"cc090Cm090ReportCode\": \"nostrud ex pariatur dolor\",\n      \"cc163Cm163DefaultCode\": \"Excepteur dolor cillum\",\n      \"cc163Cm163FrequencyCode\": \"anim consectetur\",\n      \"cc163Cm163PageBreakCode\": \"ad Ut sint anim deserunt\",\n      \"cc163Cm163ReportCode\": \"velit mollit\",\n      \"cc164Cm164DefaultCode\": \"laboris laborum mollit\",\n      \"cc164Cm164ReportCode\": \"non mollit Excepteur\",\n      \"cc165Cm165DefaultCode\": \"et dolore\",\n      \"cc165Cm165ReportCode\": \"voluptate dolore in in nisi\",\n      \"cc166Cm166DefaultCode\": \"cillum laborum mollit sint magna\",\n      \"cc166Cm166FrequencyCode\": \"aliquip deserunt dolor laborum\",\n      \"cc166Cm166PageBreakCode\": \"culpa f\",\n      \"cc166Cm166ReportCode\": \"esse ullamco incididunt sint\",\n      \"cc180Cm180DefaultCode\": \"laborum qui\",\n      \"cc180Cm180FrequencyCode\": \"deserunt\",\n      \"cc180Cm180PageBreakCode\": \"ipsum velit\",\n      \"cc180Cm180ReportCode\": \"nostrud dolore exercitation Duis\",\n      \"cc295Cm295DefaultCode\": \"aliqua\",\n      \"cc295Cm295PageBreakCode\": \"eu do sint cupidatat\",\n      \"cc295Cm295ReportCode\": \"magna\",\n      \"cc355Cm355DefaultCode\": \"Excepteur incididunt aute Ut\",\n      \"cc355Cm355ReportCode\": \"in sint\",\n      \"cc760Cm760DefaultCode\": \"ut commodo\",\n      \"cc760Cm760PageBreakCode\": \"pariatur aliqu\",\n      \"cc760Cm760ReportCode\": \"veniam Duis labore id\",\n      \"cc807Cm807DefaultCode\": \"sunt sit dolore Ut\",\n      \"cc807Cm807FrequencyCode\": \"culpa laboris\",\n      \"cc807Cm807ReportCode\": \"nostrud\",\n      \"cd1550ReportDefaultNumberOfCopies\": \"cupidatat Excepteur qui\",\n      \"cd1550ReportSelectionFlag\": \"laboris incididunt reprehenderit\",\n      \"cd292Default\": \"proident pariatur mollit ut\",\n      \"cd292PageBreak\": \"Lorem do labore\",\n      \"cd292ReportCode\": \"amet qui ad est\",\n      \"cd293Default\": \"eu mollit sunt\",\n      \"cd293PageBreak\": \"Lorem ess\",\n      \"cd293ReportCode\": \"tempor ut mollit\",\n      \"cd348Default\": \"sint occaecat nisi\",\n      \"cd348PageBreak\": \"ullamco dolore Ut\",\n      \"cd348ReportCode\": \"in \",\n      \"cd349Default\": \"aliquip ea id qui\",\n      \"cd349ReportCode\": \"amet aliquip laborum eu\",\n      \"cd351Default\": \"tempor exercitation veniam velit\",\n      \"cd351PageBreak\": \"eiusmod inci\",\n      \"cd351ReportCode\": \"id in\",\n      \"cd352Default\": \"aute Lorem cillum\",\n      \"cd352PageBreak\": \"culpa non\",\n      \"cd352ReportCode\": \"ut exercitation aliqua\",\n      \"cd357Default\": \"Duis dolor laborum aliqua\",\n      \"cd357PageBreak\": \"tempor dolor sed ut\",\n      \"cd357ReportCode\": \"in nulla magna\",\n      \"cd358Default\": \"in nostrud cupidatat\",\n      \"cd358PageBreak\": \"esse ad\",\n      \"cd358ReportCode\": \"cillum occaecat\",\n      \"cd4816ReportCode\": \"sunt sint id\",\n      \"cd4817ReportCode\": \"ut sed tempor ut\",\n      \"cd4818ReportCode\": \"ad laboris veniam eu\",\n      \"cd4819ReportCode\": \"officia\",\n      \"cd4820ReportCode\": \"ea occaecat quis sit\",\n      \"cd4821ReportCode\": \"aliqua magna pariatur\",\n      \"cd4822ReportCode\": \"in Excepteur\",\n      \"cardholderCreditLineExceptionPercentageRate\": \"fugiat veniam\",\n      \"cityName\": \"laboris tempor occaecat proident\",\n      \"clientDefinedOneText\": \"in amet adipisicing\",\n      \"clientDefinedTwoText\": \"ex nulla\",\n      \"clientDefinedThreeText\": \"consectetur dolore incididunt\",\n      \"clientDefinedFourText\": \"occaecat Lorem aute\",\n      \"clientDefinedFiveText\": \"Excepteur in\",\n      \"clientDefinedSixText\": \"laborum sint veniam\",\n      \"clientDefinedSevenText\": \"pariatur n\",\n      \"clientIdentifier\": \"cillum consectetur anim in\",\n      \"cm641DefaultCode\": \"deserunt voluptate\",\n      \"cm641ReportCode\": \"Duis quis magna\",\n      \"firstCommercialCardFileDestinationText\": \"laborum consectetur\",\n      \"secondCommercialCardFileDestinationText\": \"anim\",\n      \"commercialCardFileIndicator\": \"adipisicing labore ut\",\n      \"companyAvailableCreditAmount\": \"consectetur occaecat exercitation\",\n      \"companyContactName\": \"cillum veniam eu\",\n      \"companyContactTelephoneNumber\": \"anim ut consequat\",\n      \"companyCreditAuthorizationOverrideCode\": \"ad mollit\",\n      \"companyCreditLine\": \"nulla eu anim pariatur\",\n      \"companyCreditLineExceptionPercentage\": \"amet\",\n      \"companyFlexibleBillingCode\": \"consectetur laborum adipisicing amet mollit\",\n      \"companyIdentifier\": \"esse\",\n      \"companyLastBillingDate\": \"sint irure\",\n      \"companyMultipleLevelAuthorizationOverrideCode\": \"occaecat sunt esse deserunt id\",\n      \"companyNextBillingDate\": \"esse qui\",\n      \"companyName\": \"in aliqua\",\n      \"companyOverrideStrategyIdentifier\": \"consectetur dolor\",\n      \"companyOverrideStrategyLevelCode\": \"commodo et dolore aliqua\",\n      \"companyPaperStatementSuppressCode\": \"adipisicing exercitation\",\n      \"companyRewardAnnualEnrollmentFeeAmount\": \"exercitation enim amet\",\n      \"companyRewardInitialEnrollmentFeeAmount\": \"aliqua dolore cillum id\",\n      \"contractExpirationDate\": \"in\",\n      \"countyName\": \"in dolor\",\n      \"covStrategyIdentifier\": \"nisi \",\n      \"cqCa142CompanySummaryFrequencyCode\": \"Lorem esse\",\n      \"cqCa142CompanySummaryLogoCode\": \"sunt magna fugiat\",\n      \"cqCa142CompanySummaryPeriodCode\": \"ex ci\",\n      \"cqCa142CompanySummaryReportCode\": \"voluptate id\",\n      \"cqCa143CardholderDetailFrequencyCode\": \"labore id\",\n      \"cqCa143CardholderDetailLogoCode\": \"ut non sunt\",\n      \"cqCa143CardholderDetailPeriodCode\": \"aliquip ut\",\n      \"cqCa143CardholderDetailReportCode\": \"irure reprehenderit in dolor\",\n      \"cqCa144CardholderSummaryFrequencyCode\": \"cillum\",\n      \"cqCa144CardholderSummaryLogoCode\": \"laboris sed\",\n      \"cqCa144CardholderSummaryPeriodCode\": \"reprehenderit\",\n      \"cqCa144CardholderSummaryReportCode\": \"do\",\n      \"creditBureauInformationIndicator\": \"velit officia labore\",\n      \"creditInsuranceFeeDiversionAccountNumber\": \"adipisicing non\",\n      \"creditScoreCode\": \"id proident exercitation adipisicing quis\",\n      \"countryCode\": \"labore ullamco\",\n      \"dailyBulkMailIdentifier\": \"sed\",\n      \"dailyBulkMailCode\": \"non ex\",\n      \"dailyAndWeeklyMicroficheCode\": \"proident aliqua\",\n      \"defaultBonusStrategyIdentifier\": \"nostrud qui ut minim\",\n      \"defaultTradeCardIdentifier\": \"Excepteur aute dolore nostrud ad\",\n      \"numberOfEmployees\": \"est id minim eu voluptate\",\n      \"externallyStatusedAccountAvailableCredit\": \"Duis\",\n      \"externallyStatusedAccountsCount\": \"ullamco dolore sed\",\n      \"externallyStatusedAccountsDelinquentAmount\": \"tempor quis aliqua\",\n      \"externalStatusAccountDeliquentAmount2\": \"proident consectetur mollit do\",\n      \"externallyStatusedAccountsMaximumCredit\": \"deserunt ut\",\n      \"externallyStatusedAccountsOutstandingBalance\": \"nulla occaecat ad\",\n      \"externalStatusAReportCode\": \"veniam ipsum adipisicing enim\",\n      \"externalStatusBReportCode\": \"commodo est cupidatat nisi\",\n      \"externalStatusCReportCode\": \"amet incididunt Ut cupidatat\",\n      \"externalStatusEReportCode\": \"adipisicing esse labore\",\n      \"externalStatusFReportCode\": \"exercitation\",\n      \"externalStatusIReportCode\": \"fugiat\",\n      \"externalStatusLReportCode\": \"ea\",\n      \"externalStatusUReportCode\": \"in in Excepteur magna\",\n      \"externalStatusZReportCode\": \"minim irure dolore nisi quis\",\n      \"fleetDataFileIdentifier\": \"dolor dolor\",\n      \"fleetExceptionReportingStrategyLevelCode\": \"voluptate dolore\",\n      \"fleetMailCode\": \"exercitation amet voluptate\",\n      \"addressLine1\": \"non D\",\n      \"addressLine2\": \"in et Ut id\",\n      \"addressLine3\": \"nulla\",\n      \"addressLine4\": \"cu\",\n      \"addressLine5\": \"ex deserunt\",\n      \"miscellaneousField1Text\": \"anim Ut officia tempor\",\n      \"miscellaneousField4Text\": \"mollit consequat exercitation quis\",\n      \"fiscalYearEndCode\": \"aliquip ad dolor\",\n      \"generalLedgerCostCenterIdentifier\": \"in dolor proident nisi\",\n      \"generationDate\": \"laborum id\",\n      \"goodAccountAvailableCreditAmount\": \"cillum\",\n      \"goodAccountsCount\": \"occaecat\",\n      \"goodAccountDelinquentAmount\": \"cillum\",\n      \"goodAccountMaximumCreditLineAmount\": \"velit quis ad\",\n      \"goodAccountOutstandingBalanceAmount\": \"pariatur occaecat cupidatat\",\n      \"inactivityNumberOfMonths\": \"dolore consequat cupidatat in ipsum\",\n      \"infospanAddressText\": \"ex irure\",\n      \"infospanIndicator\": \"ullamco incididunt\",\n      \"interestMethodFeeDiversionAccountNumber\": \"aute aliquip et\",\n      \"issuerDescriptionText\": \"occaecat Duis aute dolore\",\n      \"issuerLogoIdentifier\": \"dolore dolor aliqua consectetur\",\n      \"lastChangeDate\": \"ea amet\",\n      \"lateFeeDiversionAccountNumber\": \"Lorem sint veniam\",\n      \"mailIndicator\": \"sint qui veniam dolore\",\n      \"merchandiseItemFeeDiversionAccountNumber\": \"Excepteur nulla reprehenderit\",\n      \"monthlyReportGenerationCode\": \"labore ut\",\n      \"monthlyReportMicroficheCode\": \"proident officia aliqua\",\n      \"masterCoverageCode\": \"amet ex consequat veniam\",\n      \"natureOfBusinessCode\": \"quis Excepteur reprehenderit\",\n      \"nextReviewMonthCode\": \"enim ullamco laboris\",\n      \"openDate\": \"deserunt sed nisi\",\n      \"otherRelationshipsCode\": \"in quis minim\",\n      \"overlimitFeeDiversionAccountNumber\": \"pariatur cupidatat\",\n      \"parentCompanyAgentIdentifier\": \"eiusmod\",\n      \"parentCompanyIdentifier\": \"consectetur minim deserunt sint cupidatat\",\n      \"parentCompanyPrincipalIdentifier\": \"occaecat laboris officia\",\n      \"parentCompanySystemIdentifier\": \"elit\",\n      \"principalIdentifier\": \"eni\",\n      \"principalNumber\": \"Excepteur sed laborum proident\",\n      \"principalOfficerName\": \"do\",\n      \"paymentResponsibilityCode\": \"consequat\",\n      \"reissueBulkMailIdentifier\": \"elit id esse voluptate proid\",\n      \"reissueBulkMailCode\": \"qui\",\n      \"reviewOfficerCode\": \"Ut velit\",\n      \"reportFeeAmount\": \"reprehenderit ea in\",\n      \"reportLanguageCode\": \"eu veniam ut\",\n      \"miscellaneousField2Text\": \"anim sunt eiusmod\",\n      \"smallBusinessReportControlAccountCode\": \"Duis minim id\",\n      \"smartDataIndicator\": \"aliqua in\",\n      \"specialFlagsText\": \"velit et ullamco\",\n      \"statementBillingFileOption\": \"nisi sed id\",\n      \"statementFeeDiversionAccountNumber\": \"incididunt consectetur\",\n      \"statementOptionCode\": \"elit laborum ea eiusmod quis\",\n      \"stateCode\": \"exercitation commodo do\",\n      \"superCompanyIdentifier\": \"in exercitation commodo mollit esse\",\n      \"systemIdentifier\": \"Duis anim labore cillum\",\n      \"systemNumber\": \"laboris fugiat culpa\",\n      \"miscellaneousField3Text\": \"amet aliqua esse\",\n      \"unitBalanceAverageRate\": \"eu non dolor\",\n      \"yearEstablishedDate\": \"sit adi\",\n      \"zipPostalCode\": \"laboris labore velit ut\",\n      \"addressFormatCode\": \"nulla dolor Ut incididunt dolor\",\n      \"superCompanySystemIdentifier\": \"est ut Excepteur\",\n      \"superCompanyPrincipalIdentifier\": \"ea dolore Lorem\",\n      \"superCompanyAgentIdentifier\": \"ut anim eiusmod\",\n      \"creditLineOverLimitExpansionInd\": \"dolor Ut\",\n      \"creditLineOverLimitExpansionPrcntNum\": \"enim nisi\"\n    },\n    {\n      \"selectedFields\": {},\n      \"agentIdentifier\": \"culpa reprehenderit aliqua occaecat adipisicing\",\n      \"agentNumber\": \"sunt aliquip\",\n      \"airReconciliationCode\": \"est\",\n      \"annualFeeAmount\": \"Lorem sunt\",\n      \"annualFeeOptionCode\": \"cupidatat do\",\n      \"atmAccess\": \"nisi\",\n      \"averageCardholderBalanceAmount\": \"ipsum dolor fu\",\n      \"billingAccountNumber\": \"laboris mollit velit\",\n      \"billingCycleCode\": \"non dolore eu\",\n      \"billingOptionCode\": \"pariatur Lorem\",\n      \"bannerName\": \"commodo qui exercitation mollit in\",\n      \"businessType\": \"do\",\n      \"ca012Default\": \"cupidatat ullamco velit\",\n      \"ca012Frequency\": \"cillum\",\n      \"ca012ReportCode\": \"dolore\",\n      \"ca143QuarterlyDetailIncludeCode\": \"cillum enim in\",\n      \"ca145AnnualLogoCode\": \"est labore\",\n      \"ca145AnnualPeriodCode\": \"ullamco\",\n      \"ca145AnnualReportCode\": \"mollit esse\",\n      \"ca200Default\": \"consequat ipsum aliqua dolor\",\n      \"ca200FrequencyCode\": \"proident ut\",\n      \"ca200ReportCode\": \"officia\",\n      \"cashAccessCode\": \"dolor Lorem adipisicing\",\n      \"cashItemFeeDiversionAccountNumber\": \"enim consequat aute mollit ad\",\n      \"cc008Cm008DefaultCode\": \"Ut tempor\",\n      \"cc008Cm008PageBreakCode\": \"proident ipsum officia\",\n      \"cc008Cm008ReportCode\": \"eu ullamco ut voluptate\",\n      \"cc088Cm088DefaultCode\": \"qui\",\n      \"cc088Cm088ReportCode\": \"nostrud nisi pariatur\",\n      \"cc089Cm089DefaultCode\": \"irure enim\",\n      \"cc089Cm089ReportCode\": \"pariatur proident\",\n      \"cc090Cm090DefaultCode\": \"veniam\",\n      \"cc090Cm090ReportCode\": \"ex conse\",\n      \"cc163Cm163DefaultCode\": \"quis\",\n      \"cc163Cm163FrequencyCode\": \"est ex exercitation consectetur\",\n      \"cc163Cm163PageBreakCode\": \"dolor\",\n      \"cc163Cm163ReportCode\": \"aliquip Lorem\",\n      \"cc164Cm164DefaultCode\": \"laboris in dolor\",\n      \"cc164Cm164ReportCode\": \"magna anim do laborum\",\n      \"cc165Cm165DefaultCode\": \"amet consectetur\",\n      \"cc165Cm165ReportCode\": \"nostrud non sunt est\",\n      \"cc166Cm166DefaultCode\": \"dolor\",\n      \"cc166Cm166FrequencyCode\": \"ess\",\n      \"cc166Cm166PageBreakCode\": \"ad eu adipisicing officia\",\n      \"cc166Cm166ReportCode\": \"ea\",\n      \"cc180Cm180DefaultCode\": \"ullamco ea Duis\",\n      \"cc180Cm180FrequencyCode\": \"qui occaecat laboris cupidatat aute\",\n      \"cc180Cm180PageBreakCode\": \"dolore sunt\",\n      \"cc180Cm180ReportCode\": \"culpa voluptate ut dolore\",\n      \"cc295Cm295DefaultCode\": \"proi\",\n      \"cc295Cm295PageBreakCode\": \"dolor dolor\",\n      \"cc295Cm295ReportCode\": \"elit adipisicing irure \",\n      \"cc355Cm355DefaultCode\": \"velit\",\n      \"cc355Cm355ReportCode\": \"quis laboris\",\n      \"cc760Cm760DefaultCode\": \"sed\",\n      \"cc760Cm760PageBreakCode\": \"labore elit\",\n      \"cc760Cm760ReportCode\": \"laboris mollit\",\n      \"cc807Cm807DefaultCode\": \"ullamco Excepteur\",\n      \"cc807Cm807FrequencyCode\": \"eu sint proident\",\n      \"cc807Cm807ReportCode\": \"sit mollit consequat ipsum\",\n      \"cd1550ReportDefaultNumberOfCopies\": \"culpa\",\n      \"cd1550ReportSelectionFlag\": \"iru\",\n      \"cd292Default\": \"exercitation Duis elit\",\n      \"cd292PageBreak\": \"adipisicing irure deserunt do\",\n      \"cd292ReportCode\": \"sunt do quis\",\n      \"cd293Default\": \"voluptate et velit qui\",\n      \"cd293PageBreak\": \"quis est officia et adipisicing\",\n      \"cd293ReportCode\": \"Lorem proident Duis esse\",\n      \"cd348Default\": \"aliqua elit\",\n      \"cd348PageBreak\": \"nost\",\n      \"cd348ReportCode\": \"magna Excepteur ipsum non qui\",\n      \"cd349Default\": \"commodo\",\n      \"cd349ReportCode\": \"dolor\",\n      \"cd351Default\": \"quis voluptate\",\n      \"cd351PageBreak\": \"est magna cul\",\n      \"cd351ReportCode\": \"non\",\n      \"cd352Default\": \"ut labore Excepteur\",\n      \"cd352PageBreak\": \"minim sunt cupidatat\",\n      \"cd352ReportCode\": \"consectetur irure aliquip ut\",\n      \"cd357Default\": \"eiusmod ea dolore au\",\n      \"cd357PageBreak\": \"deserunt adipisicing quis nostrud\",\n      \"cd357ReportCode\": \"ea occaecat consectetur\",\n      \"cd358Default\": \"in mollit Lorem est\",\n      \"cd358PageBreak\": \"fugiat laboris elit\",\n      \"cd358ReportCode\": \"consectetur ad exercitation elit\",\n      \"cd4816ReportCode\": \"fugiat consectetur in\",\n      \"cd4817ReportCode\": \"culpa dolor\",\n      \"cd4818ReportCode\": \"aliquip ea\",\n      \"cd4819ReportCode\": \"irure in incididunt\",\n      \"cd4820ReportCode\": \"sunt commodo irure id\",\n      \"cd4821ReportCode\": \"do\",\n      \"cd4822ReportCode\": \"ex adipisicing Ut\",\n      \"cardholderCreditLineExceptionPercentageRate\": \"id nulla occaecat officia\",\n      \"cityName\": \"occaecat dolo\",\n      \"clientDefinedOneText\": \"Ut\",\n      \"clientDefinedTwoText\": \"pariatur ut\",\n      \"clientDefinedThreeText\": \"do qui consectetur\",\n      \"clientDefinedFourText\": \"proident labore exercitation\",\n      \"clientDefinedFiveText\": \"Duis anim non quis\",\n      \"clientDefinedSixText\": \"ullamco dolore qui\",\n      \"clientDefinedSevenText\": \"qui Ut nostrud\",\n      \"clientIdentifier\": \"Duis sed deserunt nisi\",\n      \"cm641DefaultCode\": \"labore ex\",\n      \"cm641ReportCode\": \"adipisicing aliqua enim\",\n      \"firstCommercialCardFileDestinationText\": \"ipsum ut incididunt\",\n      \"secondCommercialCardFileDestinationText\": \"nostrud in adipisicing fugiat proident\",\n      \"commercialCardFileIndicator\": \"aut\",\n      \"companyAvailableCreditAmount\": \"id in ut\",\n      \"companyContactName\": \"incididunt pariatur do reprehenderit irure\",\n      \"companyContactTelephoneNumber\": \"aliqua voluptate minim velit\",\n      \"companyCreditAuthorizationOverrideCode\": \"aute nost\",\n      \"companyCreditLine\": \"laborum adipisicing ad reprehenderit\",\n      \"companyCreditLineExceptionPercentage\": \"nostrud do qui culpa\",\n      \"companyFlexibleBillingCode\": \"Lorem occaecat magna nostrud laboris\",\n      \"companyIdentifier\": \"Ut pariatur nisi\",\n      \"companyLastBillingDate\": \"occaecat quis\",\n      \"companyMultipleLevelAuthorizationOverrideCode\": \"pariatur cillum\",\n      \"companyNextBillingDate\": \"sunt\",\n      \"companyName\": \"do qui aute Excepteur nostrud\",\n      \"companyOverrideStrategyIdentifier\": \"cupidatat in non\",\n      \"companyOverrideStrategyLevelCode\": \"ut elit tempor\",\n      \"companyPaperStatementSuppressCode\": \"officia culpa\",\n      \"companyRewardAnnualEnrollmentFeeAmount\": \"qui veniam sit id\",\n      \"companyRewardInitialEnrollmentFeeAmount\": \"non ut irure\",\n      \"contractExpirationDate\": \"incididunt veniam\",\n      \"countyName\": \"id eu mollit\",\n      \"covStrategyIdentifier\": \"veniam Lorem esse dolor ut\",\n      \"cqCa142CompanySummaryFrequencyCode\": \"adipisicing\",\n      \"cqCa142CompanySummaryLogoCode\": \"reprehenderit\",\n      \"cqCa142CompanySummaryPeriodCode\": \"incididunt Ut adipisicing aliqua\",\n      \"cqCa142CompanySummaryReportCode\": \"proident ex esse ut\",\n      \"cqCa143CardholderDetailFrequencyCode\": \"Duis\",\n      \"cqCa143CardholderDetailLogoCode\": \"dolor et occaecat in\",\n      \"cqCa143CardholderDetailPeriodCode\": \"proident aute aliqua\",\n      \"cqCa143CardholderDetailReportCode\": \"e\",\n      \"cqCa144CardholderSummaryFrequencyCode\": \"Duis dolore enim\",\n      \"cqCa144CardholderSummaryLogoCode\": \"eiusmod officia magna\",\n      \"cqCa144CardholderSummaryPeriodCode\": \"deserunt in adipisicing\",\n      \"cqCa144CardholderSummaryReportCode\": \"cupidatat dolor eu\",\n      \"creditBureauInformationIndicator\": \"exercitation\",\n      \"creditInsuranceFeeDiversionAccountNumber\": \"Ut\",\n      \"creditScoreCode\": \"dolor irure aliqua Excepteur\",\n      \"countryCode\": \"dolore et ut nostrud sunt\",\n      \"dailyBulkMailIdentifier\": \"ea Ut\",\n      \"dailyBulkMailCode\": \"in est voluptate\",\n      \"dailyAndWeeklyMicroficheCode\": \"commodo laborum ullamco pariatur\",\n      \"defaultBonusStrategyIdentifier\": \"Dui\",\n      \"defaultTradeCardIdentifier\": \"ex qui ea laborum\",\n      \"numberOfEmployees\": \"dolor\",\n      \"externallyStatusedAccountAvailableCredit\": \"exercitation sed adipisicing aliquip\",\n      \"externallyStatusedAccountsCount\": \"est Duis\",\n      \"externallyStatusedAccountsDelinquentAmount\": \"voluptate\",\n      \"externalStatusAccountDeliquentAmount2\": \"occaecat ex ea\",\n      \"externallyStatusedAccountsMaximumCredit\": \"consectetur Lorem\",\n      \"externallyStatusedAccountsOutstandingBalance\": \"exercitation et enim\",\n      \"externalStatusAReportCode\": \"exercitation si\",\n      \"externalStatusBReportCode\": \"non esse dolore\",\n      \"externalStatusCReportCode\": \"ullamco adipisicin\",\n      \"externalStatusEReportCode\": \"aute eu in\",\n      \"externalStatusFReportCode\": \"ad est qui\",\n      \"externalStatusIReportCode\": \"sint minim\",\n      \"externalStatusLReportCode\": \"ea ullamco fugiat\",\n      \"externalStatusUReportCode\": \"dolore mollit\",\n      \"externalStatusZReportCode\": \"culpa elit\",\n      \"fleetDataFileIdentifier\": \"do est esse nostrud\",\n      \"fleetExceptionReportingStrategyLevelCode\": \"reprehenderit occaecat veniam Ut voluptate\",\n      \"fleetMailCode\": \"id aliqua laboris\",\n      \"addressLine1\": \"incididunt\",\n      \"addressLine2\": \"elit sint\",\n      \"addressLine3\": \"ullamco volupt\",\n      \"addressLine4\": \"do in Duis in\",\n      \"addressLine5\": \"consecte\",\n      \"miscellaneousField1Text\": \"aute cupidatat\",\n      \"miscellaneousField4Text\": \"culpa officia ad\",\n      \"fiscalYearEndCode\": \"nostrud in\",\n      \"generalLedgerCostCenterIdentifier\": \"deserunt in nostrud\",\n      \"generationDate\": \"do et sed\",\n      \"goodAccountAvailableCreditAmount\": \"exercitation dolor\",\n      \"goodAccountsCount\": \"Lorem\",\n      \"goodAccountDelinquentAmount\": \"nulla ipsum et\",\n      \"goodAccountMaximumCreditLineAmount\": \"fugiat\",\n      \"goodAccountOutstandingBalanceAmount\": \"occaecat ut Lorem proident veniam\",\n      \"inactivityNumberOfMonths\": \"aliqua exercitation eu aute tempor\",\n      \"infospanAddressText\": \"non\",\n      \"infospanIndicator\": \"aliquip est in\",\n      \"interestMethodFeeDiversionAccountNumber\": \"esse elit\",\n      \"issuerDescriptionText\": \"veniam pariatur ea\",\n      \"issuerLogoIdentifier\": \"sint do et\",\n      \"lastChangeDate\": \"nulla\",\n      \"lateFeeDiversionAccountNumber\": \"sunt consequat\",\n      \"mailIndicator\": \"elit\",\n      \"merchandiseItemFeeDiversionAccountNumber\": \"nulla velit Lorem ullamco\",\n      \"monthlyReportGenerationCode\": \"proident Ut aliquip Duis sint\",\n      \"monthlyReportMicroficheCode\": \"dolore Ut tempor in p\",\n      \"masterCoverageCode\": \"ut in anim\",\n      \"natureOfBusinessCode\": \"sunt aliquip\",\n      \"nextReviewMonthCode\": \"magna culpa\",\n      \"openDate\": \"esse\",\n      \"otherRelationshipsCode\": \"ut dolo\",\n      \"overlimitFeeDiversionAccountNumber\": \"ex commodo reprehenderit\",\n      \"parentCompanyAgentIdentifier\": \"do Lorem voluptate\",\n      \"parentCompanyIdentifier\": \"ullamco consectetur reprehenderit\",\n      \"parentCompanyPrincipalIdentifier\": \"culpa fugiat ullamco do elit\",\n      \"parentCompanySystemIdentifier\": \"ut\",\n      \"principalIdentifier\": \"sit consequat\",\n      \"principalNumber\": \"qui commodo adipisicing\",\n      \"principalOfficerName\": \"des\",\n      \"paymentResponsibilityCode\": \"Ut\",\n      \"reissueBulkMailIdentifier\": \"voluptate eiusmod\",\n      \"reissueBulkMailCode\": \"qui labore tempor\",\n      \"reviewOfficerCode\": \"qui sit Excepteur consequat\",\n      \"reportFeeAmount\": \"aliquip occaecat officia\",\n      \"reportLanguageCode\": \"laboris\",\n      \"miscellaneousField2Text\": \"fugiat deserunt quis\",\n      \"smallBusinessReportControlAccountCode\": \"qui fugiat est\",\n      \"smartDataIndicator\": \"occaecat eu sit\",\n      \"specialFlagsText\": \"non amet\",\n      \"statementBillingFileOption\": \"eu aliquip labore\",\n      \"statementFeeDiversionAccountNumber\": \"nostrud esse\",\n      \"statementOptionCode\": \"cillum ut magna ex\",\n      \"stateCode\": \"cupida\",\n      \"superCompanyIdentifier\": \"commodo\",\n      \"systemIdentifier\": \"est cupidatat labore Ut\",\n      \"systemNumber\": \"Ut Duis culpa tempor sed\",\n      \"miscellaneousField3Text\": \"laboris aliqua Excepteur\",\n      \"unitBalanceAverageRate\": \"voluptate laboris aliqua ad dolor\",\n      \"yearEstablishedDate\": \"et cu\",\n      \"zipPostalCode\": \"amet magna esse\",\n      \"addressFormatCode\": \"amet\",\n      \"superCompanySystemIdentifier\": \"Ut\",\n      \"superCompanyPrincipalIdentifier\": \"dolore ut cupidatat proident\",\n      \"superCompanyAgentIdentifier\": \"velit\",\n      \"creditLineOverLimitExpansionInd\": \"eu do dolor pariatur\",\n      \"creditLineOverLimitExpansionPrcntNum\": \"sunt voluptate ut anim et\"\n    }\n  ]\n}","cookie":[],"_postman_previewlanguage":"json"}],"event":[],"protocolProfileBehavior":{"disableBodyPruning":true}}],"event":[],"variable":[{"type":"string","value":"https://cat.api.firstdata.com/fs","key":"baseUrl"}],"info":{"_postman_id":"8408a699-4883-4107-b1bb-c24b3993c43c","name":"fs-devportal-services-1","schema":"https://schema.getpostman.com/json/collection/v2.1.0/collection.json","description":{"content":"Welcome to the Financial Services API documentation","type":"text/plain"}}}