{"item":[{"id":"8ec2dffe-3a76-4bfa-8471-0e7dc0e713c8","name":"COMPANY_ACCOUNTS ODS View","request":{"name":"COMPANY_ACCOUNTS ODS View","description":{"content":"The COMPANY_ACCOUNTS view provides access to a list of commercial card account numbers assigned to a company. Option 1: Company Identifier. Use this option to return a list of commercial card account numbers assigned to a company. Required Fields: companyIdentifier, common.system, common.prin, common.agent. Option 2: Entered Identifier. Use this option to return information for the entered account and any related commercial card accounts. For example, if the account identifier entered is a control account, information for the control account and any associated sub-accounts is returned.If you do not want related commercial card accounts, set returnOnlyMatchedAccounts to true.Required Fields for this option: common.accountId or common.presentationId. ","type":"text/plain"},"url":{"path":["account","v4","companyAccounts"],"host":["{{baseUrl}}"],"query":[],"variable":[]},"header":[{"key":"Content-Type","value":"*/*"},{"key":"Accept","value":"*/*"}],"method":"POST","auth":null,"body":{"mode":"raw","raw":"{\n  \"endSequence\": \"<string>\",\n  \"selectFields\": [\n    \"<string>\"\n  ],\n  \"startSequence\": \"<string>\",\n  \"common\": {\n    \"user\": \"<string>\",\n    \"agent\": \"<string>\",\n    \"cycle\": \"<string>\",\n    \"clientNumber\": \"<string>\",\n    \"system\": \"<string>\",\n    \"prin\": \"<string>\",\n    \"debug\": \"<boolean>\",\n    \"org\": \"<string>\",\n    \"processor\": \"<boolean>\",\n    \"contentType\": \"<string>\",\n    \"retry\": \"<long>\",\n    \"timeout\": \"<long>\",\n    \"siteId\": \"<string>\",\n    \"internalOrigin\": \"<boolean>\",\n    \"accountId\": \"<string>\",\n    \"presentationId\": \"<string>\"\n  },\n  \"odsNaming\": \"<boolean>\",\n  \"companyIdentifier\": \"<string>\",\n  \"returnOnlyMatchedAccounts\": \"<boolean>\"\n}"}},"response":[{"id":"2b613fa1-fd8f-4ffd-b038-beaaf7027d1a","name":"successful operation","originalRequest":{"url":{"path":["account","v4","companyAccounts"],"host":["{{baseUrl}}"],"query":[],"variable":[]},"header":[{"key":"Accept","value":"*/*"}],"method":"POST","body":{"mode":"raw","raw":"{\n  \"endSequence\": \"25\",\n  \"selectFields\": [\n    \"<string>\"\n  ],\n  \"startSequence\": \"1\",\n  \"common\": {\n    \"user\": \"<string>\",\n    \"agent\": \"<string>\",\n    \"cycle\": \"T\",\n    \"clientNumber\": \"1000\",\n    \"system\": \"<string>\",\n    \"prin\": \"<string>\",\n    \"debug\": \"<boolean>\",\n    \"org\": \"<string>\",\n    \"processor\": \"<boolean>\",\n    \"contentType\": \"<string>\",\n    \"retry\": 0,\n    \"timeout\": 45000,\n    \"siteId\": \"4201\",\n    \"internalOrigin\": \"<boolean>\",\n    \"accountId\": \"8888888888888888\",\n    \"presentationId\": \"<string>\"\n  },\n  \"odsNaming\": \"<boolean>\",\n  \"companyIdentifier\": \"<string>\",\n  \"returnOnlyMatchedAccounts\": \"<boolean>\"\n}"}},"status":"OK","code":200,"header":[{"key":"Content-Type","value":"*/*"}],"body":"{\n  \"processorInfo\": {\n    \"system\": \"nisi sit officia aliqua\",\n    \"cycle\": \"commodo aliquip\",\n    \"tor\": \"elit nisi voluptate veniam\",\n    \"mode\": \"pariatur ullamco esse ad proident\"\n  },\n  \"companyAccounts\": [\n    {\n      \"selectedFields\": {\n        \"proident_7f\": \"enim ipsum veniam aliqua\",\n        \"voluptateb_4\": \"ad\",\n        \"laborum5\": \"ut in fugiat elit\"\n      },\n      \"accountIdentifier\": \"culpa amet\",\n      \"accountNumber\": \"consectetur in deserunt incididunt ips\",\n      \"accountRelationshipIndicatorCode\": \"esse\",\n      \"agentIdentifier\": \"aliqua id\",\n      \"agentNumber\": \"dolore\",\n      \"authorizationStrategyIdentifier\": \"dolor\",\n      \"availableCreditAmount\": \"ex Excepteur veniam\",\n      \"cardholderAccountNumber\": \"incididunt\",\n      \"cardholderName\": \"anim cillum mollit\",\n      \"companyIdentifier\": \"cupidatat aliquip\",\n      \"companyName\": \"officia sint cillum nostrud consectetur\",\n      \"creditBureauInformationIndicator\": \"adipisicing Excepteur mollit\",\n      \"creditLimitAmount\": \"aliquip ea dolore\",\n      \"currentBalanceAmount\": \"aliqua sint ad dolore\",\n      \"enteredIdentifier\": \"deserunt amet magna in\",\n      \"externalStatusCode\": \"ad incididunt pariatur\",\n      \"fleetGroupCode\": \"sit nisi\",\n      \"fleetUsageCode\": \"laborum quis\",\n      \"internalStatusCode\": \"officia proident consectetur mollit laboris\",\n      \"principalIdentifier\": \"sit dolor officia occae\",\n      \"principalNumber\": \"fugiat dolore ut\",\n      \"strategyIdentifier\": \"esse dolore occaecat incididunt\",\n      \"systemIdentifier\": \"culpa sed mollit laborum\",\n      \"systemNumber\": \"cupidatat cillum ut in\",\n      \"tradeFromProgramIdentifier\": \"in commodo dolor elit labore\",\n      \"tradeFromTerminationDate\": \"elit laborum dolor culpa nisi\",\n      \"tradeToAccountIdentifier\": \"quis aliqua\"\n    },\n    {\n      \"selectedFields\": {\n        \"reprehenderite8_\": \"sunt ex in proident\",\n        \"culpa_f\": \"minim nisi Duis\"\n      },\n      \"accountIdentifier\": \"aute in in magna deserunt\",\n      \"accountNumber\": \"incididunt minim nisi sed\",\n      \"accountRelationshipIndicatorCode\": \"esse in\",\n      \"agentIdentifier\": \"occaecat sint Lorem\",\n      \"agentNumber\": \"Duis dolore proident nulla\",\n      \"authorizationStrategyIdentifier\": \"eiusmod in incididunt\",\n      \"availableCreditAmount\": \"occaecat\",\n      \"cardholderAccountNumber\": \"pariatur ad ex\",\n      \"cardholderName\": \"nostrud do\",\n      \"companyIdentifier\": \"amet laborum enim\",\n      \"companyName\": \"dolore fugiat enim\",\n      \"creditBureauInformationIndicator\": \"irure nisi est reprehenderit Duis\",\n      \"creditLimitAmount\": \"commodo\",\n      \"currentBalanceAmount\": \"ad sint quis\",\n      \"enteredIdentifier\": \"ex labore eu esse velit\",\n      \"externalStatusCode\": \"velit quis dolore ad Excepteur\",\n      \"fleetGroupCode\": \"enim\",\n      \"fleetUsageCode\": \"laborum ea culpa Ut ut\",\n      \"internalStatusCode\": \"esse Lorem veniam aute\",\n      \"principalIdentifier\": \"dolore cillum\",\n      \"principalNumber\": \"qui mollit\",\n      \"strategyIdentifier\": \"consectetur occaecat sint amet\",\n      \"systemIdentifier\": \"enim\",\n      \"systemNumber\": \"aliquip\",\n      \"tradeFromProgramIdentifier\": \"in ad enim reprehenderit\",\n      \"tradeFromTerminationDate\": \"Excepteur irure deserunt in\",\n      \"tradeToAccountIdentifier\": \"irure dolore vo\"\n    }\n  ]\n}","cookie":[],"_postman_previewlanguage":"json"},{"id":"f941b586-4d68-4743-a814-0f018117cdb0","name":"Unauthorized: Authorization failed due to missing or invalid credentials","originalRequest":{"url":{"path":["account","v4","companyAccounts"],"host":["{{baseUrl}}"],"query":[],"variable":[]},"method":"POST","body":{"mode":"raw","raw":"{\n  \"endSequence\": \"25\",\n  \"selectFields\": [\n    \"<string>\"\n  ],\n  \"startSequence\": \"1\",\n  \"common\": {\n    \"user\": \"<string>\",\n    \"agent\": \"<string>\",\n    \"cycle\": \"T\",\n    \"clientNumber\": \"1000\",\n    \"system\": \"<string>\",\n    \"prin\": \"<string>\",\n    \"debug\": \"<boolean>\",\n    \"org\": \"<string>\",\n    \"processor\": \"<boolean>\",\n    \"contentType\": \"<string>\",\n    \"retry\": 0,\n    \"timeout\": 45000,\n    \"siteId\": \"4201\",\n    \"internalOrigin\": \"<boolean>\",\n    \"accountId\": \"8888888888888888\",\n    \"presentationId\": \"<string>\"\n  },\n  \"odsNaming\": \"<boolean>\",\n  \"companyIdentifier\": \"<string>\",\n  \"returnOnlyMatchedAccounts\": \"<boolean>\"\n}"}},"status":"Unauthorized","code":401,"header":[{"key":"Content-Type","value":"text/plain"}],"body":"","cookie":[],"_postman_previewlanguage":"text"},{"id":"4675017a-3102-4568-a9e5-72cafd0ed6aa","name":"Forbidden: Insufficient access for requested operation","originalRequest":{"url":{"path":["account","v4","companyAccounts"],"host":["{{baseUrl}}"],"query":[],"variable":[]},"method":"POST","body":{"mode":"raw","raw":"{\n  \"endSequence\": \"25\",\n  \"selectFields\": [\n    \"<string>\"\n  ],\n  \"startSequence\": \"1\",\n  \"common\": {\n    \"user\": \"<string>\",\n    \"agent\": \"<string>\",\n    \"cycle\": \"T\",\n    \"clientNumber\": \"1000\",\n    \"system\": \"<string>\",\n    \"prin\": \"<string>\",\n    \"debug\": \"<boolean>\",\n    \"org\": \"<string>\",\n    \"processor\": \"<boolean>\",\n    \"contentType\": \"<string>\",\n    \"retry\": 0,\n    \"timeout\": 45000,\n    \"siteId\": \"4201\",\n    \"internalOrigin\": \"<boolean>\",\n    \"accountId\": \"8888888888888888\",\n    \"presentationId\": \"<string>\"\n  },\n  \"odsNaming\": \"<boolean>\",\n  \"companyIdentifier\": \"<string>\",\n  \"returnOnlyMatchedAccounts\": \"<boolean>\"\n}"}},"status":"Forbidden","code":403,"header":[{"key":"Content-Type","value":"text/plain"}],"body":"","cookie":[],"_postman_previewlanguage":"text"},{"id":"c02f8722-61e2-4e64-97ad-a95d94ba1642","name":"System Exception: Internal processes not related to client interaction with application are the cause of the failure","originalRequest":{"url":{"path":["account","v4","companyAccounts"],"host":["{{baseUrl}}"],"query":[],"variable":[]},"method":"POST","body":{"mode":"raw","raw":"{\n  \"endSequence\": \"25\",\n  \"selectFields\": [\n    \"<string>\"\n  ],\n  \"startSequence\": \"1\",\n  \"common\": {\n    \"user\": \"<string>\",\n    \"agent\": \"<string>\",\n    \"cycle\": \"T\",\n    \"clientNumber\": \"1000\",\n    \"system\": \"<string>\",\n    \"prin\": \"<string>\",\n    \"debug\": \"<boolean>\",\n    \"org\": \"<string>\",\n    \"processor\": \"<boolean>\",\n    \"contentType\": \"<string>\",\n    \"retry\": 0,\n    \"timeout\": 45000,\n    \"siteId\": \"4201\",\n    \"internalOrigin\": \"<boolean>\",\n    \"accountId\": \"8888888888888888\",\n    \"presentationId\": \"<string>\"\n  },\n  \"odsNaming\": \"<boolean>\",\n  \"companyIdentifier\": \"<string>\",\n  \"returnOnlyMatchedAccounts\": \"<boolean>\"\n}"}},"code":452,"header":[{"key":"Content-Type","value":"text/plain"}],"body":"","cookie":[],"_postman_previewlanguage":"text"},{"id":"603cfa52-cda4-4871-88b9-17fc4d26aebc","name":"Validation Exception: The request failed validation, modify the request and resubmit","originalRequest":{"url":{"path":["account","v4","companyAccounts"],"host":["{{baseUrl}}"],"query":[],"variable":[]},"method":"POST","body":{"mode":"raw","raw":"{\n  \"endSequence\": \"25\",\n  \"selectFields\": [\n    \"<string>\"\n  ],\n  \"startSequence\": \"1\",\n  \"common\": {\n    \"user\": \"<string>\",\n    \"agent\": \"<string>\",\n    \"cycle\": \"T\",\n    \"clientNumber\": \"1000\",\n    \"system\": \"<string>\",\n    \"prin\": \"<string>\",\n    \"debug\": \"<boolean>\",\n    \"org\": \"<string>\",\n    \"processor\": \"<boolean>\",\n    \"contentType\": \"<string>\",\n    \"retry\": 0,\n    \"timeout\": 45000,\n    \"siteId\": \"4201\",\n    \"internalOrigin\": \"<boolean>\",\n    \"accountId\": \"8888888888888888\",\n    \"presentationId\": \"<string>\"\n  },\n  \"odsNaming\": \"<boolean>\",\n  \"companyIdentifier\": \"<string>\",\n  \"returnOnlyMatchedAccounts\": \"<boolean>\"\n}"}},"code":453,"header":[{"key":"Content-Type","value":"text/plain"}],"body":"","cookie":[],"_postman_previewlanguage":"text"},{"id":"b1653230-9484-4460-9278-46f8eac7f041","name":"ODS Error Exception: ODS returned a message with transaction status ERROR","originalRequest":{"url":{"path":["account","v4","companyAccounts"],"host":["{{baseUrl}}"],"query":[],"variable":[]},"method":"POST","body":{"mode":"raw","raw":"{\n  \"endSequence\": \"25\",\n  \"selectFields\": [\n    \"<string>\"\n  ],\n  \"startSequence\": \"1\",\n  \"common\": {\n    \"user\": \"<string>\",\n    \"agent\": \"<string>\",\n    \"cycle\": \"T\",\n    \"clientNumber\": \"1000\",\n    \"system\": \"<string>\",\n    \"prin\": \"<string>\",\n    \"debug\": \"<boolean>\",\n    \"org\": \"<string>\",\n    \"processor\": \"<boolean>\",\n    \"contentType\": \"<string>\",\n    \"retry\": 0,\n    \"timeout\": 45000,\n    \"siteId\": \"4201\",\n    \"internalOrigin\": \"<boolean>\",\n    \"accountId\": \"8888888888888888\",\n    \"presentationId\": \"<string>\"\n  },\n  \"odsNaming\": \"<boolean>\",\n  \"companyIdentifier\": \"<string>\",\n  \"returnOnlyMatchedAccounts\": \"<boolean>\"\n}"}},"code":455,"header":[{"key":"Content-Type","value":"text/plain"}],"body":"","cookie":[],"_postman_previewlanguage":"text"}],"event":[],"protocolProfileBehavior":{"disableBodyPruning":true}}],"event":[],"variable":[{"type":"string","value":"https://cat.api.firstdata.com/fs","key":"baseUrl"}],"info":{"_postman_id":"0cc99a22-2428-432a-9d11-47ee69be0704","name":"fs-devportal-services-1","schema":"https://schema.getpostman.com/json/collection/v2.1.0/collection.json","description":{"content":"Welcome to the Financial Services API documentation","type":"text/plain"}}}