{"item":[{"id":"e83b3f4b-f070-43a9-ab7e-cf28b01cfb0b","name":"merchantViews/v4","item":[{"id":"1de1d51a-0a0e-4d65-9c51-401b03998618","name":"CAID_XREF_ADD RPC","request":{"name":"CAID_XREF_ADD RPC","description":{"content":"View CAID_XREF_ADD. This view will return the data from the Merchant XREF table.This will mimic the CMX transaction Fields: cardholderClientId ,cardholderSystemId, cardholderPrincipalId, cardholderAgentId ,merchantAcquiringId, cardAcceptorId ,merchantSystemId, merchantPrincipalId, merchantAgentId, merchantAccountId.\nThe required fields are either cardholderClientId or cardholderSystemId<br><br> <b>Relates to:</b>\n  \n  <blockquote style=\"border-left: 0.375em solid #40a9ff; background-color: #e6f7ff; border-radius: 3px; padding: 1em;\" ><div>CAID_XREF_ADD RPC, <a target=\"_blank\" title=\"Click to open in a new tab\" href=\"https://documentation.fiserv.com/bundle/Open-Data-Streams/page/00A_ODS_HC/05ODS_AUTHrpcs/05ODS_AUTHrpcs.xhtml#index_100334\"> click here</a>.</div></blockquote>","type":"text/plain"},"url":{"path":["merchantViews","v4","caidXrefAdd"],"host":["{{baseUrl}}"],"query":[],"variable":[]},"header":[{"key":"Content-Type","value":"application/json"},{"key":"Accept","value":"application/json"}],"method":"POST","auth":null,"body":{"mode":"raw","raw":"{\n  \"common\": {\n    \"user\": \"<string>\",\n    \"agent\": \"<string>\",\n    \"cycle\": \"<string>\",\n    \"clientNumber\": \"<string>\",\n    \"system\": \"<string>\",\n    \"prin\": \"<string>\",\n    \"debug\": \"<boolean>\",\n    \"org\": \"<string>\",\n    \"processor\": \"<boolean>\",\n    \"contentType\": \"<string>\",\n    \"retry\": \"<long>\",\n    \"timeout\": \"<long>\",\n    \"siteId\": \"<string>\",\n    \"internalOrigin\": \"<boolean>\",\n    \"uuid\": \"<string>\",\n    \"externalCustomerId\": \"<string>\",\n    \"accountId\": \"<string>\",\n    \"presentationId\": \"<string>\"\n  },\n  \"cardholderClientId\": \"<string>\",\n  \"cardholderSystemId\": \"<string>\",\n  \"cardholderPrincipalId\": \"<string>\",\n  \"cardholderAgentId\": \"<string>\",\n  \"merchantAcquiringId\": \"<string>\",\n  \"cardAcceptorId\": \"<string>\",\n  \"merchantSystemId\": \"<string>\",\n  \"merchantPrincipalId\": \"<string>\",\n  \"merchantAgentId\": \"<string>\",\n  \"merchantAccountId\": \"<string>\"\n}","options":{"raw":{"language":"json"}}}},"response":[{"id":"254edf7c-b956-48cb-ab52-da922397d242","name":"successful operation","originalRequest":{"url":{"path":["merchantViews","v4","caidXrefAdd"],"host":["{{baseUrl}}"],"query":[],"variable":[]},"header":[{"key":"Accept","value":"application/json"}],"method":"POST","body":{"mode":"raw","raw":"{\n  \"common\": {\n    \"user\": \"<string>\",\n    \"agent\": \"4000\",\n    \"cycle\": \"T\",\n    \"clientNumber\": \"1000\",\n    \"system\": \"2000\",\n    \"prin\": \"3000\",\n    \"debug\": \"<boolean>\",\n    \"org\": \"<string>\",\n    \"processor\": \"<boolean>\",\n    \"contentType\": \"<string>\",\n    \"retry\": 0,\n    \"timeout\": 45000,\n    \"siteId\": \"4201\",\n    \"internalOrigin\": \"<boolean>\",\n    \"uuid\": \"a5eac27d-cd89-4096-a331-306480bfee76\",\n    \"externalCustomerId\": \"<string>\",\n    \"accountId\": \"8888888888888888\",\n    \"presentationId\": \"<string>\"\n  },\n  \"cardholderClientId\": \"GeVE\",\n  \"cardholderSystemId\": \"qa5y\",\n  \"cardholderPrincipalId\": \"EQck\",\n  \"cardholderAgentId\": \"MvGK\",\n  \"merchantAcquiringId\": \"gC1UKE\",\n  \"cardAcceptorId\": \"JwIdQ2QSLD8eogD\",\n  \"merchantSystemId\": \"QTAy\",\n  \"merchantPrincipalId\": \"MNYB\",\n  \"merchantAgentId\": \"OEm9\",\n  \"merchantAccountId\": \"ew23bqc5hmcKnTG2\"\n}","options":{"raw":{"language":"json"}}}},"status":"OK","code":200,"header":[{"key":"Content-Type","value":"application/json"}],"body":"{\n  \"processorInfo\": {\n    \"system\": \"adipisicing proident amet\",\n    \"cycle\": \"officia sunt enim\",\n    \"tor\": \"ullamco elit in\",\n    \"mode\": \"consectetur dolor amet ea nostrud\"\n  },\n  \"messages\": [\n    {\n      \"resultCode\": \"non ull\",\n      \"messageText\": \"commodo\",\n      \"transactionStatus\": \"voluptate\"\n    },\n    {\n      \"resultCode\": \"qui\",\n      \"messageText\": \"nisi nostrud in\",\n      \"transactionStatus\": \"laboris eu labore cupidatat anim\"\n    }\n  ]\n}","cookie":[],"_postman_previewlanguage":"json"}],"event":[],"protocolProfileBehavior":{"disableBodyPruning":true}},{"id":"fb4f1fa2-6ca8-44f9-bde0-6424d7dafd7f","name":"CAID_XREF_DELETE RPC","request":{"name":"CAID_XREF_DELETE RPC","description":{"content":"CAID_XREF_DELETE. This RPC will delete record(s) from the new SSTBCAID TableThis will mimic the CMX transaction Required Fields: cardholderClientId . Optional: cardholderSystemId, cardholderPrincipalId, cardholderAgentId ,merchantAcquiringId, cardAcceptorId Delete a row in the table associated with a specific Client, System, Prin, Agent,Merchant ACQ ID, Card Acceptor ID combination.\nThe required fields are either cardholderClientId or cardholderSystemId<br><br> <b>Relates to:</b>\n  \n  <blockquote style=\"border-left: 0.375em solid #40a9ff; background-color: #e6f7ff; border-radius: 3px; padding: 1em;\" ><div>CAID_XREF_DELETE RPC, <a target=\"_blank\" title=\"Click to open in a new tab\" href=\"https://documentation.fiserv.com/bundle/Open-Data-Streams/page/00A_ODS_HC/05ODS_AUTHrpcs/05ODS_AUTHrpcs.xhtml#index_100462\"> click here</a>.</div></blockquote>","type":"text/plain"},"url":{"path":["merchantViews","v4","caidXrefDelete"],"host":["{{baseUrl}}"],"query":[],"variable":[]},"header":[{"key":"Content-Type","value":"application/json"},{"key":"Accept","value":"application/json"}],"method":"POST","auth":null,"body":{"mode":"raw","raw":"{\n  \"common\": {\n    \"user\": \"<string>\",\n    \"agent\": \"<string>\",\n    \"cycle\": \"<string>\",\n    \"clientNumber\": \"<string>\",\n    \"system\": \"<string>\",\n    \"prin\": \"<string>\",\n    \"debug\": \"<boolean>\",\n    \"org\": \"<string>\",\n    \"processor\": \"<boolean>\",\n    \"contentType\": \"<string>\",\n    \"retry\": \"<long>\",\n    \"timeout\": \"<long>\",\n    \"siteId\": \"<string>\",\n    \"internalOrigin\": \"<boolean>\",\n    \"uuid\": \"<string>\",\n    \"externalCustomerId\": \"<string>\",\n    \"accountId\": \"<string>\",\n    \"presentationId\": \"<string>\"\n  },\n  \"cardholderClientId\": \"<string>\",\n  \"cardholderSystemId\": \"<string>\",\n  \"cardholderPrincipalId\": \"<string>\",\n  \"cardholderAgentId\": \"<string>\",\n  \"merchantAcquiringId\": \"<string>\",\n  \"cardAcceptorId\": \"<string>\"\n}","options":{"raw":{"language":"json"}}}},"response":[{"id":"ba337283-2ecf-4c9e-a2ba-0f2624d4f932","name":"successful operation","originalRequest":{"url":{"path":["merchantViews","v4","caidXrefDelete"],"host":["{{baseUrl}}"],"query":[],"variable":[]},"header":[{"key":"Accept","value":"application/json"}],"method":"POST","body":{"mode":"raw","raw":"{\n  \"common\": {\n    \"user\": \"<string>\",\n    \"agent\": \"4000\",\n    \"cycle\": \"T\",\n    \"clientNumber\": \"1000\",\n    \"system\": \"2000\",\n    \"prin\": \"3000\",\n    \"debug\": \"<boolean>\",\n    \"org\": \"<string>\",\n    \"processor\": \"<boolean>\",\n    \"contentType\": \"<string>\",\n    \"retry\": 0,\n    \"timeout\": 45000,\n    \"siteId\": \"4201\",\n    \"internalOrigin\": \"<boolean>\",\n    \"uuid\": \"a5eac27d-cd89-4096-a331-306480bfee76\",\n    \"externalCustomerId\": \"<string>\",\n    \"accountId\": \"8888888888888888\",\n    \"presentationId\": \"<string>\"\n  },\n  \"cardholderClientId\": \"<string>\",\n  \"cardholderSystemId\": \"<string>\",\n  \"cardholderPrincipalId\": \"<string>\",\n  \"cardholderAgentId\": \"<string>\",\n  \"merchantAcquiringId\": \"<string>\",\n  \"cardAcceptorId\": \"<string>\"\n}","options":{"raw":{"language":"json"}}}},"status":"OK","code":200,"header":[{"key":"Content-Type","value":"application/json"}],"body":"{\n  \"processorInfo\": {\n    \"system\": \"ut Excepteur est veniam\",\n    \"cycle\": \"in\",\n    \"tor\": \"quis sint do sed\",\n    \"mode\": \"sint et in dolore\"\n  },\n  \"messages\": [\n    {\n      \"resultCode\": \"labore ea tempor\",\n      \"messageText\": \"magna ad tempor cillum\",\n      \"transactionStatus\": \"no\"\n    },\n    {\n      \"resultCode\": \"culpa esse sit\",\n      \"messageText\": \"nostrud enim in ad\",\n      \"transactionStatus\": \"mollit Excepteur veniam\"\n    }\n  ]\n}","cookie":[],"_postman_previewlanguage":"json"}],"event":[],"protocolProfileBehavior":{"disableBodyPruning":true}},{"id":"25259871-a7fa-48b5-b4b6-e624f66bd36e","name":"CAID_XREF_DETAIL ODS View","request":{"name":"CAID_XREF_DETAIL ODS View","description":{"content":"View CAID_XREF_DETAIL. This view will return the data from the Merchant XREF table.This will mimic the CMX transaction Fields: cardholderClientId, cardholderSystemId, cardholderPrincipalId, cardholderAgentId ,merchantAcquiringId, cardAcceptorId ,merchantSystemId, merchantPrincipalId, merchantAgentId, merchantAccountId.\nThe required fields are either cardholderClientId or cardholderSystemId","type":"text/plain"},"url":{"path":["merchantViews","v4","caidXrefDetail"],"host":["{{baseUrl}}"],"query":[],"variable":[]},"header":[{"key":"Content-Type","value":"application/json"},{"key":"Accept","value":"application/json"}],"method":"POST","auth":null,"body":{"mode":"raw","raw":"{\n  \"endSequence\": \"<string>\",\n  \"selectFields\": [\n    \"<string>\"\n  ],\n  \"startSequence\": \"<string>\",\n  \"common\": {\n    \"user\": \"<string>\",\n    \"agent\": \"<string>\",\n    \"cycle\": \"<string>\",\n    \"clientNumber\": \"<string>\",\n    \"system\": \"<string>\",\n    \"prin\": \"<string>\",\n    \"debug\": \"<boolean>\",\n    \"org\": \"<string>\",\n    \"processor\": \"<boolean>\",\n    \"contentType\": \"<string>\",\n    \"retry\": \"<long>\",\n    \"timeout\": \"<long>\",\n    \"siteId\": \"<string>\",\n    \"internalOrigin\": \"<boolean>\",\n    \"uuid\": \"<string>\",\n    \"externalCustomerId\": \"<string>\",\n    \"accountId\": \"<string>\",\n    \"presentationId\": \"<string>\"\n  },\n  \"odsNaming\": \"<boolean>\",\n  \"cardholderClientId\": \"<string>\",\n  \"cardholderSystemId\": \"<string>\",\n  \"cardholderPrincipalId\": \"<string>\",\n  \"cardholderAgentId\": \"<string>\",\n  \"merchantAcquiringId\": \"<string>\",\n  \"cardAcceptorId\": \"<string>\",\n  \"merchantSystemId\": \"<string>\",\n  \"merchantPrincipalId\": \"<string>\",\n  \"merchantAgentId\": \"<string>\",\n  \"merchantAccountId\": \"<string>\"\n}","options":{"raw":{"language":"json"}}}},"response":[{"id":"9ab1e55e-3741-40fe-b38b-3b9334013ecb","name":"successful operation","originalRequest":{"url":{"path":["merchantViews","v4","caidXrefDetail"],"host":["{{baseUrl}}"],"query":[],"variable":[]},"header":[{"key":"Accept","value":"application/json"}],"method":"POST","body":{"mode":"raw","raw":"{\n  \"endSequence\": \"46896941958\",\n  \"selectFields\": [\n    \"ucJW6tGtwr\",\n    \"3ka84ln9VV\",\n    \"97Bdtl1n9o\",\n    \"K1nZ5dFqLT\"\n  ],\n  \"startSequence\": \"2146015179116585152416194426415\",\n  \"common\": {\n    \"user\": \"<string>\",\n    \"agent\": \"4000\",\n    \"cycle\": \"T\",\n    \"clientNumber\": \"1000\",\n    \"system\": \"2000\",\n    \"prin\": \"3000\",\n    \"debug\": \"<boolean>\",\n    \"org\": \"<string>\",\n    \"processor\": \"<boolean>\",\n    \"contentType\": \"<string>\",\n    \"retry\": 0,\n    \"timeout\": 45000,\n    \"siteId\": \"4201\",\n    \"internalOrigin\": \"<boolean>\",\n    \"uuid\": \"a5eac27d-cd89-4096-a331-306480bfee76\",\n    \"externalCustomerId\": \"<string>\",\n    \"accountId\": \"8888888888888888\",\n    \"presentationId\": \"<string>\"\n  },\n  \"odsNaming\": \"<boolean>\",\n  \"cardholderClientId\": \"CXeg\",\n  \"cardholderSystemId\": \"lRCL\",\n  \"cardholderPrincipalId\": \"3BoJ\",\n  \"cardholderAgentId\": \"a16A\",\n  \"merchantAcquiringId\": \"qxaoX2\",\n  \"cardAcceptorId\": \"vmoeAKvkD4gtVUd\",\n  \"merchantSystemId\": \"oWhW\",\n  \"merchantPrincipalId\": \"u7PA\",\n  \"merchantAgentId\": \"uRZE\",\n  \"merchantAccountId\": \"uj1L2x8fjvzgeXJF\"\n}","options":{"raw":{"language":"json"}}}},"status":"OK","code":200,"header":[{"key":"Content-Type","value":"application/json"}],"body":"{\n  \"processorInfo\": {\n    \"system\": \"do dolor\",\n    \"cycle\": \"tempor ea amet consectetur consequat\",\n    \"tor\": \"labore Duis qui in\",\n    \"mode\": \"dolore\"\n  },\n  \"caidXrefDetailFieldsList\": [\n    {\n      \"cardholderClientId\": \"Ut est consectetur elit\",\n      \"cardholderSystemId\": \"enim\",\n      \"cardholderPrincipalId\": \"ea veniam Duis co\",\n      \"cardholderAgentId\": \"sit exercitation Excepteur anim\",\n      \"merchantAcquiringId\": \"anim\",\n      \"cardAcceptorId\": \"id in\",\n      \"merchantSystemId\": \"ullamco esse\",\n      \"merchantPrincipalId\": \"aliquip velit esse dolor sint\",\n      \"merchantAgentId\": \"ullamco do velit\",\n      \"merchantAccountId\": \"ipsum labore aliqua\"\n    },\n    {\n      \"cardholderClientId\": \"enim pariatur amet sint\",\n      \"cardholderSystemId\": \"est ad magna mollit\",\n      \"cardholderPrincipalId\": \"quis id sint\",\n      \"cardholderAgentId\": \"laboris minim cillum\",\n      \"merchantAcquiringId\": \"aliquip aliqua eu irure mollit\",\n      \"cardAcceptorId\": \"veniam voluptate deserunt aliqua\",\n      \"merchantSystemId\": \"tempor\",\n      \"merchantPrincipalId\": \"laboris aliquip nostrud aut\",\n      \"merchantAgentId\": \"ut dolore consectetur in\",\n      \"merchantAccountId\": \"proident\"\n    }\n  ]\n}","cookie":[],"_postman_previewlanguage":"json"}],"event":[],"protocolProfileBehavior":{"disableBodyPruning":true}},{"id":"5d1b3f93-7d71-4e7b-8f4d-3879ad007681","name":"CAID_XREF_UPDATE RPC","request":{"name":"CAID_XREF_UPDATE RPC","description":{"content":"View CAID_XREF_UPDATE. This view will return the data from the Merchant XREF table.This will mimic the CMX transaction Fields: cardholderClientId ,cardholderSystemId, cardholderPrincipalId, cardholderAgentId ,merchantAcquiringId, cardAcceptorId ,merchantSystemId, merchantPrincipalId, merchantAgentId, merchantAccountId.\nThe required fields are either cardholderClientId or cardholderSystemId<br><br> <b>Relates to:</b>\n  \n  <blockquote style=\"border-left: 0.375em solid #40a9ff; background-color: #e6f7ff; border-radius: 3px; padding: 1em;\" ><div>CAID_XREF_UPDATE RPC, <a target=\"_blank\" title=\"Click to open in a new tab\" href=\"https://documentation.fiserv.com/bundle/Open-Data-Streams/page/00A_ODS_HC/05ODS_AUTHrpcs/05ODS_AUTHrpcs.xhtml#index_100552\"> click here</a>.</div></blockquote>","type":"text/plain"},"url":{"path":["merchantViews","v4","caidXrefUpdate"],"host":["{{baseUrl}}"],"query":[],"variable":[]},"header":[{"key":"Content-Type","value":"application/json"},{"key":"Accept","value":"application/json"}],"method":"POST","auth":null,"body":{"mode":"raw","raw":"{\n  \"common\": {\n    \"user\": \"<string>\",\n    \"agent\": \"<string>\",\n    \"cycle\": \"<string>\",\n    \"clientNumber\": \"<string>\",\n    \"system\": \"<string>\",\n    \"prin\": \"<string>\",\n    \"debug\": \"<boolean>\",\n    \"org\": \"<string>\",\n    \"processor\": \"<boolean>\",\n    \"contentType\": \"<string>\",\n    \"retry\": \"<long>\",\n    \"timeout\": \"<long>\",\n    \"siteId\": \"<string>\",\n    \"internalOrigin\": \"<boolean>\",\n    \"uuid\": \"<string>\",\n    \"externalCustomerId\": \"<string>\",\n    \"accountId\": \"<string>\",\n    \"presentationId\": \"<string>\"\n  },\n  \"cardholderClientId\": \"<string>\",\n  \"cardholderSystemId\": \"<string>\",\n  \"cardholderPrincipalId\": \"<string>\",\n  \"cardholderAgentId\": \"<string>\",\n  \"merchantAcquiringId\": \"<string>\",\n  \"cardAcceptorId\": \"<string>\",\n  \"merchantSystemId\": \"<string>\",\n  \"merchantPrincipalId\": \"<string>\",\n  \"merchantAgentId\": \"<string>\",\n  \"merchantAccountId\": \"<string>\"\n}","options":{"raw":{"language":"json"}}}},"response":[{"id":"9cc43855-214b-44e1-ab9c-26375fa4c6b8","name":"successful operation","originalRequest":{"url":{"path":["merchantViews","v4","caidXrefUpdate"],"host":["{{baseUrl}}"],"query":[],"variable":[]},"header":[{"key":"Accept","value":"application/json"}],"method":"POST","body":{"mode":"raw","raw":"{\n  \"common\": {\n    \"user\": \"<string>\",\n    \"agent\": \"4000\",\n    \"cycle\": \"T\",\n    \"clientNumber\": \"1000\",\n    \"system\": \"2000\",\n    \"prin\": \"3000\",\n    \"debug\": \"<boolean>\",\n    \"org\": \"<string>\",\n    \"processor\": \"<boolean>\",\n    \"contentType\": \"<string>\",\n    \"retry\": 0,\n    \"timeout\": 45000,\n    \"siteId\": \"4201\",\n    \"internalOrigin\": \"<boolean>\",\n    \"uuid\": \"a5eac27d-cd89-4096-a331-306480bfee76\",\n    \"externalCustomerId\": \"<string>\",\n    \"accountId\": \"8888888888888888\",\n    \"presentationId\": \"<string>\"\n  },\n  \"cardholderClientId\": \"GeVE\",\n  \"cardholderSystemId\": \"qa5y\",\n  \"cardholderPrincipalId\": \"EQck\",\n  \"cardholderAgentId\": \"MvGK\",\n  \"merchantAcquiringId\": \"gC1UKE\",\n  \"cardAcceptorId\": \"JwIdQ2QSLD8eogD\",\n  \"merchantSystemId\": \"QTAy\",\n  \"merchantPrincipalId\": \"MNYB\",\n  \"merchantAgentId\": \"OEm9\",\n  \"merchantAccountId\": \"ew23bqc5hmcKnTG2\"\n}","options":{"raw":{"language":"json"}}}},"status":"OK","code":200,"header":[{"key":"Content-Type","value":"application/json"}],"body":"{\n  \"processorInfo\": {\n    \"system\": \"ut Excepteur est veniam\",\n    \"cycle\": \"in\",\n    \"tor\": \"quis sint do sed\",\n    \"mode\": \"sint et in dolore\"\n  },\n  \"messages\": [\n    {\n      \"resultCode\": \"labore ea tempor\",\n      \"messageText\": \"magna ad tempor cillum\",\n      \"transactionStatus\": \"no\"\n    },\n    {\n      \"resultCode\": \"culpa esse sit\",\n      \"messageText\": \"nostrud enim in ad\",\n      \"transactionStatus\": \"mollit Excepteur veniam\"\n    }\n  ]\n}","cookie":[],"_postman_previewlanguage":"json"}],"event":[],"protocolProfileBehavior":{"disableBodyPruning":true}},{"id":"2d4f1430-44aa-40ca-b73f-186ca48578a7","name":"ETC_OPEN_BATCH_DISPLAY ODS View","request":{"name":"ETC_OPEN_BATCH_DISPLAY ODS View","description":{"content":"The ETC_OPEN_BATCH_DISPLAY view displays the detail items in an open ETC batch.Required Fields: enteredMerchIdentifier, enteredDeviceIdentifier, and selectFields.<br><br> <b>Relates to:</b>\n  \n  <blockquote style=\"border-left: 0.375em solid #40a9ff; background-color: #e6f7ff; border-radius: 3px; padding: 1em;\" ><div>ETC_OPEN_BATCH_DISPLAY View, <a target=\"_blank\" title=\"Click to open in a new tab\" href=\"https://documentation.fiserv.com/bundle/Open-Data-Streams/page/00A_ODS_HC/04ODS_MRCH_ACCTSviews/04ODS_MRCH_ACCTSviews.xhtml#index_180534\"> click here</a>.</div></blockquote>","type":"text/plain"},"url":{"path":["merchantViews","v4","etcOpenBatchDisplay"],"host":["{{baseUrl}}"],"query":[],"variable":[]},"header":[{"key":"Content-Type","value":"application/json"},{"key":"Accept","value":"application/json"}],"method":"POST","auth":null,"body":{"mode":"raw","raw":"{\n  \"endSequence\": \"<string>\",\n  \"enteredDeviceIdentifier\": \"<string>\",\n  \"enteredMerchIdentifier\": \"<string>\",\n  \"selectFields\": [\n    \"<string>\"\n  ],\n  \"startSequence\": \"<string>\",\n  \"common\": {\n    \"user\": \"<string>\",\n    \"agent\": \"<string>\",\n    \"cycle\": \"<string>\",\n    \"clientNumber\": \"<string>\",\n    \"system\": \"<string>\",\n    \"prin\": \"<string>\",\n    \"debug\": \"<boolean>\",\n    \"org\": \"<string>\",\n    \"processor\": \"<boolean>\",\n    \"contentType\": \"<string>\",\n    \"retry\": \"<long>\",\n    \"timeout\": \"<long>\",\n    \"siteId\": \"<string>\",\n    \"internalOrigin\": \"<boolean>\",\n    \"uuid\": \"<string>\",\n    \"externalCustomerId\": \"<string>\",\n    \"accountId\": \"<string>\",\n    \"presentationId\": \"<string>\"\n  },\n  \"odsNaming\": \"<boolean>\",\n  \"enteredCreditDebitCode\": \"<string>\"\n}","options":{"raw":{"language":"json"}}}},"response":[{"id":"651d0c94-1cd3-4e24-bf99-994229f5e8eb","name":"successful operation","originalRequest":{"url":{"path":["merchantViews","v4","etcOpenBatchDisplay"],"host":["{{baseUrl}}"],"query":[],"variable":[]},"header":[{"key":"Accept","value":"application/json"}],"method":"POST","body":{"mode":"raw","raw":"{\n  \"endSequence\": \"1387067598069693883116333363628859541350396365361929782409517287428635061\",\n  \"enteredDeviceIdentifier\": \"t6nk\",\n  \"enteredMerchIdentifier\": \"ljTtK80iAjuCIGuk\",\n  \"selectFields\": [\n    \"CrNkUVOSaW\",\n    \"PAvpsRddYd\"\n  ],\n  \"startSequence\": \"83529977586772509767437842005060260983671027\",\n  \"common\": {\n    \"user\": \"<string>\",\n    \"agent\": \"4000\",\n    \"cycle\": \"T\",\n    \"clientNumber\": \"1000\",\n    \"system\": \"2000\",\n    \"prin\": \"3000\",\n    \"debug\": \"<boolean>\",\n    \"org\": \"<string>\",\n    \"processor\": \"<boolean>\",\n    \"contentType\": \"<string>\",\n    \"retry\": 0,\n    \"timeout\": 45000,\n    \"siteId\": \"4201\",\n    \"internalOrigin\": \"<boolean>\",\n    \"uuid\": \"a5eac27d-cd89-4096-a331-306480bfee76\",\n    \"externalCustomerId\": \"<string>\",\n    \"accountId\": \"8888888888888888\",\n    \"presentationId\": \"<string>\"\n  },\n  \"odsNaming\": \"<boolean>\",\n  \"enteredCreditDebitCode\": \"D\"\n}","options":{"raw":{"language":"json"}}}},"status":"OK","code":200,"header":[{"key":"Content-Type","value":"application/json"}],"body":"{\n  \"processorInfo\": {\n    \"system\": \"sint reprehenderit \",\n    \"cycle\": \"deserunt laboris\",\n    \"tor\": \"et voluptate ut aliquip\",\n    \"mode\": \"sunt\"\n  },\n  \"etcOpenBatchDisplayFieldsList\": [\n    {\n      \"selectedFields\": {},\n      \"batchDate\": \"Excepteur commodo \",\n      \"batchNumber\": \"dolor cillum\",\n      \"batchSequenceNumber\": \"culpa\",\n      \"batchTime\": \"aliqua do Ut\",\n      \"deviceIdentifier\": \"id Excepteur\",\n      \"enteredCreditDebitCode\": \"dolore amet ipsum\",\n      \"enteredDeviceIdentifier\": \"fugiat esse mollit\",\n      \"enteredMerchIdentifier\": \"Lorem proident\",\n      \"itemActionText\": \"aliqua Ex\",\n      \"itemCardholderAccountIdentifer\": \"sunt incididunt aliqua do est\",\n      \"itemEnteredDate\": \"esse occaecat ea adipisicing voluptate\",\n      \"itemEnteredTime\": \"anim eiusmod\",\n      \"itemSequenceNumber\": \"nulla ut\",\n      \"itemTransactionAmount\": \"dolore adipisicing\",\n      \"itemTransactionTypeCode\": \"esse\",\n      \"totalBatchDiscrepancyAmount\": \"esse minim ipsum dolore\",\n      \"totalBatchItemAmount\": \"nostrud dolore consequat cupidatat\",\n      \"totalBatchItemCount\": \"eu Lorem\"\n    },\n    {\n      \"selectedFields\": {},\n      \"batchDate\": \"proident eu adipisicing ea deserunt\",\n      \"batchNumber\": \"tempor Excepteur dolore\",\n      \"batchSequenceNumber\": \"id est velit\",\n      \"batchTime\": \"cillum Lorem adipisicing incididunt\",\n      \"deviceIdentifier\": \"amet occaecat cupidatat labore\",\n      \"enteredCreditDebitCode\": \"sed vo\",\n      \"enteredDeviceIdentifier\": \"\",\n      \"enteredMerchIdentifier\": \"incididunt Ut\",\n      \"itemActionText\": \"ipsum proident\",\n      \"itemCardholderAccountIdentifer\": \"ad Duis ullamco id\",\n      \"itemEnteredDate\": \"cillum laboris esse\",\n      \"itemEnteredTime\": \"tempor ad eiusmod\",\n      \"itemSequenceNumber\": \"in occaecat consectetur aute\",\n      \"itemTransactionAmount\": \"id culpa\",\n      \"itemTransactionTypeCode\": \"tempor ut irure in\",\n      \"totalBatchDiscrepancyAmount\": \"laboris mollit commodo consectetur deserunt\",\n      \"totalBatchItemAmount\": \"ut in\",\n      \"totalBatchItemCount\": \"tempor adipisicing dolore quis incididunt\"\n    }\n  ]\n}","cookie":[],"_postman_previewlanguage":"json"}],"event":[],"protocolProfileBehavior":{"disableBodyPruning":true}},{"id":"7a464706-1b3d-4243-9398-5de9347c6d78","name":"MRCHCD ODS View","request":{"name":"MRCHCD ODS View","description":{"content":"The MRCHCD view provides access to information specific to the transaction card type.\nRequired Fields: merchantAccountIdentifier and selectFields. Optional: merchantCardType.<br><br> <b>Relates to:</b>\n  \n  <blockquote style=\"border-left: 0.375em solid #40a9ff; background-color: #e6f7ff; border-radius: 3px; padding: 1em;\" ><div>MRCHCD View, <a target=\"_blank\" title=\"Click to open in a new tab\" href=\"https://documentation.fiserv.com/bundle/Open-Data-Streams/page/00A_ODS_HC/04ODS_MRCH_ACCTSviews/04ODS_MRCH_ACCTSviews.xhtml#index_28767\"> click here</a>.</div></blockquote>","type":"text/plain"},"url":{"path":["merchantViews","v4","merchantCardTypeTransaction"],"host":["{{baseUrl}}"],"query":[],"variable":[]},"header":[{"key":"Content-Type","value":"application/json"},{"key":"Accept","value":"application/json"}],"method":"POST","auth":null,"body":{"mode":"raw","raw":"{\n  \"merchantAccountNumber\": \"<string>\",\n  \"selectFields\": [\n    \"<string>\"\n  ],\n  \"common\": {\n    \"user\": \"<string>\",\n    \"agent\": \"<string>\",\n    \"cycle\": \"<string>\",\n    \"clientNumber\": \"<string>\",\n    \"system\": \"<string>\",\n    \"prin\": \"<string>\",\n    \"debug\": \"<boolean>\",\n    \"org\": \"<string>\",\n    \"processor\": \"<boolean>\",\n    \"contentType\": \"<string>\",\n    \"retry\": \"<long>\",\n    \"timeout\": \"<long>\",\n    \"siteId\": \"<string>\",\n    \"internalOrigin\": \"<boolean>\",\n    \"uuid\": \"<string>\",\n    \"externalCustomerId\": \"<string>\",\n    \"accountId\": \"<string>\",\n    \"presentationId\": \"<string>\"\n  },\n  \"odsNaming\": \"<boolean>\",\n  \"merchantCardType\": \"<string>\"\n}","options":{"raw":{"language":"json"}}}},"response":[{"id":"6c4a096f-0068-4389-9291-b6be97e1b887","name":"successful operation","originalRequest":{"url":{"path":["merchantViews","v4","merchantCardTypeTransaction"],"host":["{{baseUrl}}"],"query":[],"variable":[]},"header":[{"key":"Accept","value":"application/json"}],"method":"POST","body":{"mode":"raw","raw":"{\n  \"merchantAccountNumber\": \"48V0xACa6dAmCYS3\",\n  \"selectFields\": [\n    \"kOaXc2Bf2V\",\n    \"KVwUMv3yIf\",\n    \"kWRULUUOJw\"\n  ],\n  \"common\": {\n    \"user\": \"<string>\",\n    \"agent\": \"4000\",\n    \"cycle\": \"T\",\n    \"clientNumber\": \"1000\",\n    \"system\": \"2000\",\n    \"prin\": \"3000\",\n    \"debug\": \"<boolean>\",\n    \"org\": \"<string>\",\n    \"processor\": \"<boolean>\",\n    \"contentType\": \"<string>\",\n    \"retry\": 0,\n    \"timeout\": 45000,\n    \"siteId\": \"4201\",\n    \"internalOrigin\": \"<boolean>\",\n    \"uuid\": \"a5eac27d-cd89-4096-a331-306480bfee76\",\n    \"externalCustomerId\": \"<string>\",\n    \"accountId\": \"8888888888888888\",\n    \"presentationId\": \"<string>\"\n  },\n  \"odsNaming\": \"<boolean>\",\n  \"merchantCardType\": \"fr3EH\"\n}","options":{"raw":{"language":"json"}}}},"status":"OK","code":200,"header":[{"key":"Content-Type","value":"application/json"}],"body":"{\n  \"processorInfo\": {\n    \"system\": \"sunt ea\",\n    \"cycle\": \"\",\n    \"tor\": \"et incidid\",\n    \"mode\": \"est occaecat esse dolore\"\n  },\n  \"merchantCardTypeFields\": [\n    {\n      \"selectedFields\": {},\n      \"accountFundingCode\": \"eu proident ea cillum\",\n      \"acquirerIsaCode\": \"minim Excepteur\",\n      \"acquirerSupportFeeIndicator\": \"voluptate ad\",\n      \"additionalPercentageRate\": \"consequat dolor ad\",\n      \"americanExpress43SeId\": \"reprehenderit\",\n      \"americanExpressDescriptorCode\": \"magna consequat\",\n      \"americanExpressOnePointIndicator\": \"veniam\",\n      \"americanExpressIndustryCode\": \"do commodo nostrud cupidatat\",\n      \"americanExpressMisc\": \"adipisicing in labore quis\",\n      \"americanExpressOnePointPerItemFee\": \"dolore\",\n      \"americanExpressOnePointRate\": \"ali\",\n      \"americanExpressPlanType\": \"consequat in reprehenderit quis adipisicing\",\n      \"americanExpressPcidFormatCode\": \"deserunt\",\n      \"amExServiceEstablishmentNumber\": \"do aute Excepteur veniam\",\n      \"americanExpressSourceCode\": \"mollit quis id\",\n      \"businessCategoryCode\": \"laborum veniam et ipsum\",\n      \"americanExpressCancelCode\": \"occaecat\",\n      \"cancelDate\": \"labore deserunt ipsum cons\",\n      \"cardFeeAmount\": \"in in aliquip voluptate\",\n      \"cardProcessSwitch\": \"pariatur Duis\",\n      \"cardType\": \"veni\",\n      \"cardActivatedTerminalCode\": \"nisi\",\n      \"checkGuaranteeCode\": \"ea qui cupidatat fugiat\",\n      \"checkGuaranteeIdentifier\": \"magna\",\n      \"crossBorderFeeIndicator\": \"elit consectetur ex\",\n      \"cvc2FeeIndicator\": \"laboris labore enim voluptate est\",\n      \"cvc2SurchargeAmount\": \"esse\",\n      \"discountMethod\": \"dolor labore minim irure nul\",\n      \"discountMethodCode\": \"laborum nisi laboris\",\n      \"discoverAuthorizationFeeIndicator\": \"anim amet exercitation et\",\n      \"discoverAuthorizationFeeSurchargeAmt\": \"velit\",\n      \"discoverDataUsageFeeCode\": \"nisi minim sed\",\n      \"discoverInternationalProcessingFeeCode\": \"do in Ut qui\",\n      \"discoverInternationalServiceFeeCode\": \"ullamco a\",\n      \"discoverMerchantIdentifier\": \"sint cillum s\",\n      \"discoverStatusCode\": \"tempor sunt cupidatat anim\",\n      \"discoverNetworkIndicator\": \"ut culpa\",\n      \"discoverReferenceIdentifier\": \"consequat proident in\",\n      \"duesAndAssessmentFlag\": \"ut deserunt\",\n      \"enhancedRecoverReducedIncomeRate\": \"labore a\",\n      \"expenseBinIcaFeeAmount\": \"eiusmod dolor Duis ut\",\n      \"expenseDuesItemChargeGreaterOrEqual1000Amount\": \"est dolor deserunt incididunt\",\n      \"expenseDuesItemRateCharge\": \"adipisicing id exercitation elit irure\",\n      \"expenseDuesVolumeGreaterOrEqual1000Rate\": \"magna nisi in\",\n      \"expenseDuesVolumeRate\": \"eiusmod elit consectetur sit\",\n      \"expenseLicenseFlatAmount\": \"anim veniam\",\n      \"expenseLicensePerItemAmount\": \"adipisicing elit sunt cillum\",\n      \"expenseLicenseRateAmount\": \"nostrud tempor esse mollit\",\n      \"expenseOtherItemCharge\": \"pariatur sit\",\n      \"expenseOtherVolumePercentRate\": \"amet repre\",\n      \"expensePayPalAuthorizationPerItemRate\": \"esse\",\n      \"expensePayPalReturnPerItemRate\": \"et ad\",\n      \"expensePayPalSalePerItemRate\": \"minim\",\n      \"expenseProcessFeeAmount\": \"dolor ullamco incididunt ex\",\n      \"firstRevolvingRebateRate\": \"Excepteur qui\",\n      \"floorLimit\": \"dol\",\n      \"gridIdentifier\": \"JkC\",\n      \"incomeBinIcaFeeAmount\": \"do in laborum\",\n      \"incomeLicenseFlatAmount\": \"tempor enim ad irure Lorem\",\n      \"incomeLicensePerItemAmount\": \"sint Duis pariatur\",\n      \"incomeLicenseRateAmount\": \"dolore commodo\",\n      \"incomeOtherItemCharge\": \"ex pariatur\",\n      \"incomeOtherVolumePercentRate\": \"tempor ut nisi\",\n      \"incomePayPalAuthorizationPerItemRate\": \"dolore laboris ut ex ad\",\n      \"incomePaypalReturnPerItemRate\": \"proident cupidatat\",\n      \"incomePayPalSalePerItemRate\": \"ipsum velit ut\",\n      \"incomeProcessFeeAmount\": \"dolor et nulla\",\n      \"incorporationStatusCode\": \"exercitation fugiat voluptate enim\",\n      \"interchangeIncomeFee\": \"cupidatat Duis ea ipsum\",\n      \"kilobyteFeeIndicator\": \"cupidat\",\n      \"kilobyteSurchargeFeeAmount\": \"eu\",\n      \"licenseFlatOccuranceIndicator\": \"Ut voluptate\",\n      \"mastercardPurchaseCardTypeCode\": \"do ex aliquip dolor velit\",\n      \"mastercardQuickPaymentServiceId\": \"et adipisicing\",\n      \"merchantAssociationName\": \"magna a\",\n      \"merchantAssociationProductName\": \"Lorem irure magna\",\n      \"merchantAuthorizationIndicator\": \"dolor\",\n      \"merchantCardDebitCreditIndicator\": \"exercitation Ut cupidatat\",\n      \"merchantCardProductCode\": \"veniam anim exercitation ut\",\n      \"merchantCardRoutingDestinationId\": \"proident ut amet\",\n      \"merchantIdentifier\": \"consectetur voluptate adipisicing ali\",\n      \"merchantLabelTypeCode\": \"laborum cupidatat\",\n      \"merchantTicketIndicator\": \"amet esse exercitation proident\",\n      \"merchantTransactionTypeCode\": \"commodo culpa dolore\",\n      \"mercnatVolumeIndicatorCode\": \"culpa ut ea laboris adipisicing\",\n      \"midQualifyingRate\": \"magna aute ut in\",\n      \"miscellaneous\": \"laboris in sed deserunt\",\n      \"networkAccessBrandUsageFeeInd\": \"sed laborum dolor commodo\",\n      \"nonQualifyingRate\": \"velit incididunt\",\n      \"onlineDebitFeeCalculationCode\": \"tempor quis magna\",\n      \"americanExpressOwnerCode\": \"elit consequat cillum in commodo\",\n      \"participationCode\": \"ex s\",\n      \"paymentCode\": \"ad et\",\n      \"payPalOptOutReasonCode\": \"cupidatat reprehenderit\",\n      \"pricingGridIdentifier\": \"proident aliqua\",\n      \"pricingGridSelectionLevelCode\": \"laborum ir\",\n      \"qualifyingDiscountPercentageRate\": \"et ullamco\",\n      \"quasiCashIndicator\": \"ex dolor esse\",\n      \"regulatedEnhancedRecoverReducedIndicator\": \"aliquip do\",\n      \"reimburseIndicator\": \"nostrud repre\",\n      \"reimbursementFlag\": \"cupidatat minim aliquip\",\n      \"reversalIntegrityFeeIndicator\": \"cupidatat sint tempor\",\n      \"salesVolumeFeeCode\": \"eu dolore dolor incididunt\",\n      \"salesVolumeFeeGridIdentifier\": \"ipsum\",\n      \"secondRevolvingRebateRate\": \"labo\",\n      \"securityProtocolCode\": \"voluptate adipisicing mollit\",\n      \"americanExpressStatusCode\": \"veniam nostrud anim\",\n      \"sellerStatusChangeDate\": \"enim cillum amet\",\n      \"settleIndicator\": \"dolore reprehenderit\",\n      \"standardIndustrialClassificationCode\": \"ad amet do\",\n      \"starSignatureAdditionalPercentageRate\": \"occaecat\",\n      \"starSignatureCardFeeAmount\": \"in consectetur esse\",\n      \"starSignatureDebitFeeCalculationCode\": \"Ut\",\n      \"starSignatureDebitDiscountMethodCode\": \"in\",\n      \"starSignatureDebitIndicator\": \"Lore\",\n      \"starSignatureIncomeNetVolumePercentageRate\": \"enim nostrud elit labore\",\n      \"starSignatureIncomeTicketProcessingCostAmt\": \"ipsum deserunt ullamco\",\n      \"starSignatureMidQualifyingDiscPercentageRate\": \"voluptate incididunt ut\",\n      \"starSignatureNetVolumePercentageRate\": \"id irure\",\n      \"starSignatureNonQualifyingPercentageRate\": \"Lorem commodo ea in mollit\",\n      \"starSignatureQualifyingDiscountPercentageRate\": \"cillum\",\n      \"starSignatureTicketProcessingCostAmount\": \"consectetur in in Duis\",\n      \"starSignatureVerificationId\": \"laboris\",\n      \"straightPercent\": \"consectetur cillum exercitation nostrud\",\n      \"telecheckIdcbpSeId\": \"dolore est aliquip\",\n      \"telecheckIdCbpSubProductCode\": \"minim\",\n      \"telecheckIdInternetCheckAcceptanceSeId\": \"dolor culpa in\",\n      \"telecheckIdInternetCheckAcceptanceSubProductCode\": \"occaecat veniam\",\n      \"telecheckIdRemotePaySeId\": \"sunt fugiat consectetur sint\",\n      \"telecheckIdRemotePaySubProductCode\": \"magna sunt\",\n      \"tieredDiscountGridIdentifier\": \"tempor irure veniam ex \",\n      \"tieredDiscountGridSelectionCode\": \"veniam fugia\",\n      \"trustFundGridIdentifier\": \"mollit Excepteur\",\n      \"trustFundGridLevelCode\": \"do sunt cupidatat dolor\",\n      \"visaAcquirerProcessorFeeIndicator\": \"culpa in sit Ut\",\n      \"visaBusinessIdentifier\": \"dolor occaecat aliquip nisi\",\n      \"visaFxdAcqNetwkFeeCardNotPresentSurchargeAmt\": \"ex\",\n      \"visaFxdAcqNetwkFeeCardPresentSurchargeAmt\": \"cillu\",\n      \"visaFixedAcquirerNetworkFeeIndicator\": \"incididunt elit\",\n      \"visaInternationalAcquirerFeeIndicator\": \"in incididunt nostrud aute\",\n      \"visaMisuseAuthorizationFeeIndicator\": \"dolore ad ex do\",\n      \"visaTierRateReductionIdentifier\": \"reprehenderi\",\n      \"visaTierVolumeIdentifier\": \"sint sit dolor aute anim\",\n      \"visaTransactionIntegrityFeeIndicator\": \"proident magna id dolore irure\",\n      \"visaZeroFloorLimitFeeInd\": \"id ea in\",\n      \"reimbursementIndicator\": \"qui magna commodo velit\"\n    },\n    {\n      \"selectedFields\": {},\n      \"accountFundingCode\": \"adipisicing sit aliqua\",\n      \"acquirerIsaCode\": \"aliqua minim consequat\",\n      \"acquirerSupportFeeIndicator\": \"enim voluptate occaeca\",\n      \"additionalPercentageRate\": \"aliqua Duis\",\n      \"americanExpress43SeId\": \"in nisi consequat\",\n      \"americanExpressDescriptorCode\": \"Duis ullamco nostrud\",\n      \"americanExpressOnePointIndicator\": \"velit pariatur in\",\n      \"americanExpressIndustryCode\": \"fugiat sed reprehenderit labore in\",\n      \"americanExpressMisc\": \"tempor quis\",\n      \"americanExpressOnePointPerItemFee\": \"sit magna in\",\n      \"americanExpressOnePointRate\": \"sed minim magna Excepteur enim\",\n      \"americanExpressPlanType\": \"adipisicing Ut laborum culpa\",\n      \"americanExpressPcidFormatCode\": \"ea occaecat adipisicing\",\n      \"amExServiceEstablishmentNumber\": \"aliqua in dolor L\",\n      \"americanExpressSourceCode\": \"consequat veniam laboris\",\n      \"businessCategoryCode\": \"enim sed \",\n      \"americanExpressCancelCode\": \"mollit ex ipsum\",\n      \"cancelDate\": \"nulla irure consequat Lorem labore\",\n      \"cardFeeAmount\": \"adipisicing\",\n      \"cardProcessSwitch\": \"aliqua pariatur in\",\n      \"cardType\": \"in\",\n      \"cardActivatedTerminalCode\": \"nisi in mollit cupidatat\",\n      \"checkGuaranteeCode\": \"ut exercitation Duis Excepteur nulla\",\n      \"checkGuaranteeIdentifier\": \"velit in irure Ut dolore\",\n      \"crossBorderFeeIndicator\": \"anim dol\",\n      \"cvc2FeeIndicator\": \"minim\",\n      \"cvc2SurchargeAmount\": \"ea ex officia deserunt\",\n      \"discountMethod\": \"labor\",\n      \"discountMethodCode\": \"ullamco officia\",\n      \"discoverAuthorizationFeeIndicator\": \"amet commodo labore pariatur\",\n      \"discoverAuthorizationFeeSurchargeAmt\": \"non dolore ipsum in deserunt\",\n      \"discoverDataUsageFeeCode\": \"pariatur est amet culpa\",\n      \"discoverInternationalProcessingFeeCode\": \"aute adipisicing\",\n      \"discoverInternationalServiceFeeCode\": \"est enim eiusmod deserunt cillum\",\n      \"discoverMerchantIdentifier\": \"aliqua dolor ad esse officia\",\n      \"discoverStatusCode\": \"ad\",\n      \"discoverNetworkIndicator\": \"Ut ipsum\",\n      \"discoverReferenceIdentifier\": \"in voluptate officia Ut\",\n      \"duesAndAssessmentFlag\": \"p\",\n      \"enhancedRecoverReducedIncomeRate\": \"aute velit\",\n      \"expenseBinIcaFeeAmount\": \"dolor incididunt\",\n      \"expenseDuesItemChargeGreaterOrEqual1000Amount\": \"sed sit Lorem consequat\",\n      \"expenseDuesItemRateCharge\": \"ad qui ea e\",\n      \"expenseDuesVolumeGreaterOrEqual1000Rate\": \"dolore Duis sunt id\",\n      \"expenseDuesVolumeRate\": \"in aute enim\",\n      \"expenseLicenseFlatAmount\": \"eiusmod pariatur ut ea\",\n      \"expenseLicensePerItemAmount\": \"reprehenderit consectetur et\",\n      \"expenseLicenseRateAmount\": \"cupidatat do voluptate Duis\",\n      \"expenseOtherItemCharge\": \"veniam aliquip\",\n      \"expenseOtherVolumePercentRate\": \"in fugiat amet des\",\n      \"expensePayPalAuthorizationPerItemRate\": \"qui consectetur minim cupidatat\",\n      \"expensePayPalReturnPerItemRate\": \"qui cillum cupidatat\",\n      \"expensePayPalSalePerItemRate\": \"culpa dolor\",\n      \"expenseProcessFeeAmount\": \"proident velit et consectetur nostrud\",\n      \"firstRevolvingRebateRate\": \"occaecat consectetur\",\n      \"floorLimit\": \"culpa adipisicing nulla\",\n      \"gridIdentifier\": \"JkC\",\n      \"incomeBinIcaFeeAmount\": \"reprehenderit sed\",\n      \"incomeLicenseFlatAmount\": \"eu culpa\",\n      \"incomeLicensePerItemAmount\": \"irure sit\",\n      \"incomeLicenseRateAmount\": \"reprehenderit in ullamco\",\n      \"incomeOtherItemCharge\": \"veniam ea\",\n      \"incomeOtherVolumePercentRate\": \"pariat\",\n      \"incomePayPalAuthorizationPerItemRate\": \"mollit consequat aliquip sit deserunt\",\n      \"incomePaypalReturnPerItemRate\": \"Ut nisi\",\n      \"incomePayPalSalePerItemRate\": \"pariatur cupidatat et sit\",\n      \"incomeProcessFeeAmount\": \"sunt ex eu Ut\",\n      \"incorporationStatusCode\": \"ut dolor\",\n      \"interchangeIncomeFee\": \"reprehenderit proident non dolore pariatur\",\n      \"kilobyteFeeIndicator\": \"velit quis officia Excepteur\",\n      \"kilobyteSurchargeFeeAmount\": \"labore sint\",\n      \"licenseFlatOccuranceIndicator\": \"velit anim nulla\",\n      \"mastercardPurchaseCardTypeCode\": \"enim pariatur in mollit quis\",\n      \"mastercardQuickPaymentServiceId\": \"aliquip\",\n      \"merchantAssociationName\": \"deserunt exercitation\",\n      \"merchantAssociationProductName\": \"dolor Duis\",\n      \"merchantAuthorizationIndicator\": \"laborum voluptate ex esse aliquip\",\n      \"merchantCardDebitCreditIndicator\": \"\",\n      \"merchantCardProductCode\": \"Duis reprehenderit aliqua culpa deserunt\",\n      \"merchantCardRoutingDestinationId\": \"Ut quis occaecat sed\",\n      \"merchantIdentifier\": \"qui elit mollit\",\n      \"merchantLabelTypeCode\": \"dolor id sint\",\n      \"merchantTicketIndicator\": \"quis\",\n      \"merchantTransactionTypeCode\": \"sit\",\n      \"mercnatVolumeIndicatorCode\": \"dolore aute consequat anim Excepteur\",\n      \"midQualifyingRate\": \"non pariatur enim\",\n      \"miscellaneous\": \"sed\",\n      \"networkAccessBrandUsageFeeInd\": \"culpa\",\n      \"nonQualifyingRate\": \"Duis deserunt\",\n      \"onlineDebitFeeCalculationCode\": \"veniam deserunt\",\n      \"americanExpressOwnerCode\": \"aliquip velit occaecat in\",\n      \"participationCode\": \"in minim\",\n      \"paymentCode\": \"dolore\",\n      \"payPalOptOutReasonCode\": \"velit aute mollit\",\n      \"pricingGridIdentifier\": \"nostrud occaecat\",\n      \"pricingGridSelectionLevelCode\": \"dolore exercitation cupidatat quis\",\n      \"qualifyingDiscountPercentageRate\": \"nostrud ex laborum\",\n      \"quasiCashIndicator\": \"labore elit aliqua\",\n      \"regulatedEnhancedRecoverReducedIndicator\": \"labo\",\n      \"reimburseIndicator\": \"tempor es\",\n      \"reimbursementFlag\": \"commodo ut\",\n      \"reversalIntegrityFeeIndicator\": \"consequat\",\n      \"salesVolumeFeeCode\": \"quis ex\",\n      \"salesVolumeFeeGridIdentifier\": \"magna eu in tempor\",\n      \"secondRevolvingRebateRate\": \"nisi anim\",\n      \"securityProtocolCode\": \"non ea\",\n      \"americanExpressStatusCode\": \"cupidatat anim\",\n      \"sellerStatusChangeDate\": \"reprehenderit Ut aute\",\n      \"settleIndicator\": \"do sed\",\n      \"standardIndustrialClassificationCode\": \"sit ut\",\n      \"starSignatureAdditionalPercentageRate\": \"sed pariatur\",\n      \"starSignatureCardFeeAmount\": \"est\",\n      \"starSignatureDebitFeeCalculationCode\": \"occaecat ut non deserunt\",\n      \"starSignatureDebitDiscountMethodCode\": \"aute proident\",\n      \"starSignatureDebitIndicator\": \"mollit\",\n      \"starSignatureIncomeNetVolumePercentageRate\": \"labore culpa\",\n      \"starSignatureIncomeTicketProcessingCostAmt\": \"ipsum voluptate\",\n      \"starSignatureMidQualifyingDiscPercentageRate\": \"qui proident aute culpa irure\",\n      \"starSignatureNetVolumePercentageRate\": \"aute qui in\",\n      \"starSignatureNonQualifyingPercentageRate\": \"ipsum in elit\",\n      \"starSignatureQualifyingDiscountPercentageRate\": \"voluptate proident\",\n      \"starSignatureTicketProcessingCostAmount\": \"ut do\",\n      \"starSignatureVerificationId\": \"laboris tempor\",\n      \"straightPercent\": \"ullamco\",\n      \"telecheckIdcbpSeId\": \"ullamc\",\n      \"telecheckIdCbpSubProductCode\": \"incididunt voluptate\",\n      \"telecheckIdInternetCheckAcceptanceSeId\": \"ex\",\n      \"telecheckIdInternetCheckAcceptanceSubProductCode\": \"enim\",\n      \"telecheckIdRemotePaySeId\": \"labore cupidatat Lorem Duis magna\",\n      \"telecheckIdRemotePaySubProductCode\": \"dolor\",\n      \"tieredDiscountGridIdentifier\": \"non esse minim ullamco id\",\n      \"tieredDiscountGridSelectionCode\": \"ea sunt esse velit ex\",\n      \"trustFundGridIdentifier\": \"cupidatat irure\",\n      \"trustFundGridLevelCode\": \"quis\",\n      \"visaAcquirerProcessorFeeIndicator\": \"eu\",\n      \"visaBusinessIdentifier\": \"labore cupidatat\",\n      \"visaFxdAcqNetwkFeeCardNotPresentSurchargeAmt\": \"ea ut ut et tempor\",\n      \"visaFxdAcqNetwkFeeCardPresentSurchargeAmt\": \"velit do magna\",\n      \"visaFixedAcquirerNetworkFeeIndicator\": \"ad ut\",\n      \"visaInternationalAcquirerFeeIndicator\": \"Duis aliqua do\",\n      \"visaMisuseAuthorizationFeeIndicator\": \"dolore commodo Duis ex\",\n      \"visaTierRateReductionIdentifier\": \"sunt ad\",\n      \"visaTierVolumeIdentifier\": \"sed proident Duis fugiat sunt\",\n      \"visaTransactionIntegrityFeeIndicator\": \"sunt quis nisi in\",\n      \"visaZeroFloorLimitFeeInd\": \"Lorem sunt in ex voluptate\",\n      \"reimbursementIndicator\": \"in esse sint velit irure\"\n    }\n  ]\n}","cookie":[],"_postman_previewlanguage":"json"}],"event":[],"protocolProfileBehavior":{"disableBodyPruning":true}},{"id":"baef01cf-5f7d-407c-beda-21215a21c26c","name":"MERCHANT_MEMO ODS View","request":{"name":"MERCHANT_MEMO ODS View","description":{"content":"The MERCHANT_MEMO view which will emulate the 3270 MS transaction that provides access to settings for the merchant memo.\nRequired Fields: enteredMerchIdentifier<br><br> <b>Relates to:</b>\n  \n  <blockquote style=\"border-left: 0.375em solid #40a9ff; background-color: #e6f7ff; border-radius: 3px; padding: 1em;\" ><div>MERCHANT_MEMO View, <a target=\"_blank\" title=\"Click to open in a new tab\" href=\"https://documentation.fiserv.com/bundle/Open-Data-Streams/page/00A_ODS_HC/04ODS_MRCH_ACCTSviews/04ODS_MRCH_ACCTSviews.xhtml#index_84794\"> click here</a>.</div></blockquote>","type":"text/plain"},"url":{"path":["merchantViews","v4","merchantMemo"],"host":["{{baseUrl}}"],"query":[],"variable":[]},"header":[{"key":"Content-Type","value":"application/json"},{"key":"Accept","value":"application/json"}],"method":"POST","auth":null,"body":{"mode":"raw","raw":"{\n  \"endSequence\": \"<string>\",\n  \"enteredMerchIdentifier\": \"<string>\",\n  \"selectFields\": [\n    \"<string>\"\n  ],\n  \"startSequence\": \"<string>\",\n  \"common\": {\n    \"user\": \"<string>\",\n    \"agent\": \"<string>\",\n    \"cycle\": \"<string>\",\n    \"clientNumber\": \"<string>\",\n    \"system\": \"<string>\",\n    \"prin\": \"<string>\",\n    \"debug\": \"<boolean>\",\n    \"org\": \"<string>\",\n    \"processor\": \"<boolean>\",\n    \"contentType\": \"<string>\",\n    \"retry\": \"<long>\",\n    \"timeout\": \"<long>\",\n    \"siteId\": \"<string>\",\n    \"internalOrigin\": \"<boolean>\",\n    \"uuid\": \"<string>\",\n    \"externalCustomerId\": \"<string>\",\n    \"accountId\": \"<string>\",\n    \"presentationId\": \"<string>\"\n  },\n  \"odsNaming\": \"<boolean>\"\n}","options":{"raw":{"language":"json"}}}},"response":[{"id":"05bdf087-2124-474d-b623-e8fb1ab3c846","name":"successful operation","originalRequest":{"url":{"path":["merchantViews","v4","merchantMemo"],"host":["{{baseUrl}}"],"query":[],"variable":[]},"header":[{"key":"Accept","value":"application/json"}],"method":"POST","body":{"mode":"raw","raw":"{\n  \"endSequence\": \"904338097415795702968545162158856\",\n  \"enteredMerchIdentifier\": \"GzckM80gXJGFYvDb\",\n  \"selectFields\": [\n    \"UtsVbxSQps\",\n    \"C24sI8fXeE\",\n    \"hjLbQIlByF\"\n  ],\n  \"startSequence\": \"576234770290109789551527292645864417020835581246804379\",\n  \"common\": {\n    \"user\": \"<string>\",\n    \"agent\": \"4000\",\n    \"cycle\": \"T\",\n    \"clientNumber\": \"1000\",\n    \"system\": \"2000\",\n    \"prin\": \"3000\",\n    \"debug\": \"<boolean>\",\n    \"org\": \"<string>\",\n    \"processor\": \"<boolean>\",\n    \"contentType\": \"<string>\",\n    \"retry\": 0,\n    \"timeout\": 45000,\n    \"siteId\": \"4201\",\n    \"internalOrigin\": \"<boolean>\",\n    \"uuid\": \"a5eac27d-cd89-4096-a331-306480bfee76\",\n    \"externalCustomerId\": \"<string>\",\n    \"accountId\": \"8888888888888888\",\n    \"presentationId\": \"<string>\"\n  },\n  \"odsNaming\": \"<boolean>\"\n}","options":{"raw":{"language":"json"}}}},"status":"OK","code":200,"header":[{"key":"Content-Type","value":"application/json"}],"body":"{\n  \"processorInfo\": {\n    \"system\": \"veniam exercitation do Excepteur\",\n    \"cycle\": \"id\",\n    \"tor\": \"officia nulla\",\n    \"mode\": \"Lorem officia aliquip\"\n  },\n  \"merchantMemoFields\": [\n    {\n      \"selectedFields\": {},\n      \"memoDate\": \"consequat ullamco Excepteur\",\n      \"memoText\": \"nulla anim sit\",\n      \"merchantAccountIdentifier\": \"Duis ex consectetur Lorem\",\n      \"enteredMerchIdentifier\": \"irure ea adipisicing commodo\",\n      \"operatorCode\": \"consectetur consequat\",\n      \"sequenceIdentifier\": \"deserunt et incididunt velit\"\n    },\n    {\n      \"selectedFields\": {},\n      \"memoDate\": \"officia reprehenderit\",\n      \"memoText\": \"Lorem anim\",\n      \"merchantAccountIdentifier\": \"commodo sed\",\n      \"enteredMerchIdentifier\": \"ut in culpa amet dolor\",\n      \"operatorCode\": \"esse ex Excepteur\",\n      \"sequenceIdentifier\": \"eiusmod velit ad\"\n    }\n  ]\n}","cookie":[],"_postman_previewlanguage":"json"}],"event":[],"protocolProfileBehavior":{"disableBodyPruning":true}},{"id":"fb89e406-ec5b-4c9f-bfcd-8912758fe213","name":"MERCHANT_PROGRAM_DETAIL ODS View","request":{"name":"MERCHANT_PROGRAM_DETAIL ODS View","description":{"content":"Use the MERCHANT_PROGRAM_DETAIL view to display all available fields for the selected merchant program.\nRequired Fields: merchantEnteredId, programId, and selectFields.<br><br> <b>Relates to:</b>\n  \n  <blockquote style=\"border-left: 0.375em solid #40a9ff; background-color: #e6f7ff; border-radius: 3px; padding: 1em;\" ><div>MERCHANT_PROGRAM_DETAIL View, <a target=\"_blank\" title=\"Click to open in a new tab\" href=\"https://documentation.fiserv.com/bundle/Open-Data-Streams/page/00A_ODS_HC/04ODS_MRCH_ACCTSviews/04ODS_MRCH_ACCTSviews.xhtml#index_159827\"> click here</a>.</div></blockquote>","type":"text/plain"},"url":{"path":["merchantViews","v4","merchantProgramDetail"],"host":["{{baseUrl}}"],"query":[],"variable":[]},"header":[{"key":"Content-Type","value":"application/json"},{"key":"Accept","value":"application/json"}],"method":"POST","auth":null,"body":{"mode":"raw","raw":"{\n  \"endSequence\": \"<string>\",\n  \"merchantEnteredId\": \"<string>\",\n  \"programId\": \"<string>\",\n  \"selectFields\": [\n    \"<string>\"\n  ],\n  \"startSequence\": \"<string>\",\n  \"common\": {\n    \"user\": \"<string>\",\n    \"agent\": \"<string>\",\n    \"cycle\": \"<string>\",\n    \"clientNumber\": \"<string>\",\n    \"system\": \"<string>\",\n    \"prin\": \"<string>\",\n    \"debug\": \"<boolean>\",\n    \"org\": \"<string>\",\n    \"processor\": \"<boolean>\",\n    \"contentType\": \"<string>\",\n    \"retry\": \"<long>\",\n    \"timeout\": \"<long>\",\n    \"siteId\": \"<string>\",\n    \"internalOrigin\": \"<boolean>\",\n    \"uuid\": \"<string>\",\n    \"externalCustomerId\": \"<string>\",\n    \"accountId\": \"<string>\",\n    \"presentationId\": \"<string>\"\n  },\n  \"odsNaming\": \"<boolean>\"\n}","options":{"raw":{"language":"json"}}}},"response":[{"id":"9e9f28e0-fee2-4cc0-ae37-69186e1dbb47","name":"successful operation","originalRequest":{"url":{"path":["merchantViews","v4","merchantProgramDetail"],"host":["{{baseUrl}}"],"query":[],"variable":[]},"header":[{"key":"Accept","value":"application/json"}],"method":"POST","body":{"mode":"raw","raw":"{\n  \"endSequence\": \"813\",\n  \"merchantEnteredId\": \"dfa8K26pBydP5Q2m\",\n  \"programId\": \"yJiI\",\n  \"selectFields\": [\n    \"afljgV5fxw\",\n    \"I6K7t31RIz\",\n    \"Zc5rJcfUEX\",\n    \"uTVkh1K4Py\",\n    \"n5FAIaTcZP\",\n    \"OvWjq3YQOz\",\n    \"nqzTJGFEYa\",\n    \"hRx1dV5Kks\",\n    \"Ai120SM0xO\"\n  ],\n  \"startSequence\": \"548077661683586379508265059144937965\",\n  \"common\": {\n    \"user\": \"<string>\",\n    \"agent\": \"4000\",\n    \"cycle\": \"T\",\n    \"clientNumber\": \"1000\",\n    \"system\": \"2000\",\n    \"prin\": \"3000\",\n    \"debug\": \"<boolean>\",\n    \"org\": \"<string>\",\n    \"processor\": \"<boolean>\",\n    \"contentType\": \"<string>\",\n    \"retry\": 0,\n    \"timeout\": 45000,\n    \"siteId\": \"4201\",\n    \"internalOrigin\": \"<boolean>\",\n    \"uuid\": \"a5eac27d-cd89-4096-a331-306480bfee76\",\n    \"externalCustomerId\": \"<string>\",\n    \"accountId\": \"8888888888888888\",\n    \"presentationId\": \"<string>\"\n  },\n  \"odsNaming\": \"<boolean>\"\n}","options":{"raw":{"language":"json"}}}},"status":"OK","code":200,"header":[{"key":"Content-Type","value":"application/json"}],"body":"{\n  \"processorInfo\": {\n    \"system\": \"et ipsum nostrud non labore\",\n    \"cycle\": \"commodo consectetur\",\n    \"tor\": \"consectetur amet esse id\",\n    \"mode\": \"et Ut\"\n  },\n  \"merchantProgramDetailFields\": [\n    {\n      \"selectedFields\": {},\n      \"channelRetrievalLevelCode\": \"aute Duis\",\n      \"channelOptOutIndicator\": \"magna\",\n      \"dataLengthNumber\": \"amet qui anim\",\n      \"dataScaleNumber\": \"consequat laborum minim\",\n      \"dataTypeCode\": \"veniam mollit\",\n      \"fieldDescriptionText\": \"dolore ut Duis enim\",\n      \"fieldIdentifier\": \"anim\",\n      \"fieldName\": \"ut dolore nostrud enim\",\n      \"fieldRequiredIndicator\": \"dolor eiusmod pariatur\",\n      \"fieldUsageCode\": \"laboris eiusmod sunt\",\n      \"lastUpdateTimestamp\": \"cillum voluptate do adipisicing\",\n      \"fieldValueText\": \"non cillum consectetur velit amet\",\n      \"merchantEnteredIdentifier\": \"amet\",\n      \"merchantOptOutIndicator\": \"ad esse nostrud sit\",\n      \"programIdentifier\": \"ea sunt enim ullamco in\"\n    },\n    {\n      \"selectedFields\": {},\n      \"channelRetrievalLevelCode\": \"adipisicing qui\",\n      \"channelOptOutIndicator\": \"cupidatat culpa\",\n      \"dataLengthNumber\": \"dolore Excepteur qui\",\n      \"dataScaleNumber\": \"ullamco culpa laboris\",\n      \"dataTypeCode\": \"Duis adipisicing non\",\n      \"fieldDescriptionText\": \"ut do sit est\",\n      \"fieldIdentifier\": \"reprehenderit cillum mollit\",\n      \"fieldName\": \"Lorem sit exerci\",\n      \"fieldRequiredIndicator\": \"ex volupt\",\n      \"fieldUsageCode\": \"est sed nostrud\",\n      \"lastUpdateTimestamp\": \"adipisicing ipsum tempor deserunt ut\",\n      \"fieldValueText\": \"sit ad nulla\",\n      \"merchantEnteredIdentifier\": \"amet aliquip\",\n      \"merchantOptOutIndicator\": \"nulla Duis ut reprehenderit deserunt\",\n      \"programIdentifier\": \"culpa elit ea minim\"\n    }\n  ]\n}","cookie":[],"_postman_previewlanguage":"json"}],"event":[],"protocolProfileBehavior":{"disableBodyPruning":true}},{"id":"e4973a67-776a-4935-aa85-b83fc4a687ed","name":"MERCHANT_PROGRAMS_AND_DETAILS ODS View","request":{"name":"MERCHANT_PROGRAMS_AND_DETAILS ODS View","description":{"content":"Use the MERCHANT_PROGRAMS_AND_DETAILS view to display all available fields for MERCANT_PROGRAM_SUMMARY and MERCHANT_PROGRAM_DETAIL Views.\nRequired Fields: merchantEnteredId and selectFields.","type":"text/plain"},"url":{"path":["merchantViews","v4","merchantProgramSummaryAndDetail"],"host":["{{baseUrl}}"],"query":[],"variable":[]},"header":[{"key":"Content-Type","value":"application/json"},{"key":"Accept","value":"application/json"}],"method":"POST","auth":null,"body":{"mode":"raw","raw":"{\n  \"endSequence\": \"<string>\",\n  \"merchantEnteredId\": \"<string>\",\n  \"selectFields\": [\n    \"<string>\"\n  ],\n  \"startSequence\": \"<string>\",\n  \"common\": {\n    \"user\": \"<string>\",\n    \"agent\": \"<string>\",\n    \"cycle\": \"<string>\",\n    \"clientNumber\": \"<string>\",\n    \"system\": \"<string>\",\n    \"prin\": \"<string>\",\n    \"debug\": \"<boolean>\",\n    \"org\": \"<string>\",\n    \"processor\": \"<boolean>\",\n    \"contentType\": \"<string>\",\n    \"retry\": \"<long>\",\n    \"timeout\": \"<long>\",\n    \"siteId\": \"<string>\",\n    \"internalOrigin\": \"<boolean>\",\n    \"uuid\": \"<string>\",\n    \"externalCustomerId\": \"<string>\",\n    \"accountId\": \"<string>\",\n    \"presentationId\": \"<string>\"\n  },\n  \"odsNaming\": \"<boolean>\"\n}","options":{"raw":{"language":"json"}}}},"response":[{"id":"49240500-f455-45af-81b2-ad2d23eb3cdd","name":"successful operation","originalRequest":{"url":{"path":["merchantViews","v4","merchantProgramSummaryAndDetail"],"host":["{{baseUrl}}"],"query":[],"variable":[]},"header":[{"key":"Accept","value":"application/json"}],"method":"POST","body":{"mode":"raw","raw":"{\n  \"endSequence\": \"210146708062722809377477944067523333355401952766204078972286480652584730658207539443294937787181\",\n  \"merchantEnteredId\": \"FfVw4Z37tVL3KgXy\",\n  \"selectFields\": [\n    \"lfzxkfWmLE\",\n    \"oziz25Bhpo\",\n    \"MWsvkH9vTb\",\n    \"SWRpSN2Lm6\",\n    \"fTwa9OKmb6\",\n    \"ilmUMmnVyX\",\n    \"xIe8iUm1ko\"\n  ],\n  \"startSequence\": \"21033555834132817\",\n  \"common\": {\n    \"user\": \"<string>\",\n    \"agent\": \"4000\",\n    \"cycle\": \"T\",\n    \"clientNumber\": \"1000\",\n    \"system\": \"2000\",\n    \"prin\": \"3000\",\n    \"debug\": \"<boolean>\",\n    \"org\": \"<string>\",\n    \"processor\": \"<boolean>\",\n    \"contentType\": \"<string>\",\n    \"retry\": 0,\n    \"timeout\": 45000,\n    \"siteId\": \"4201\",\n    \"internalOrigin\": \"<boolean>\",\n    \"uuid\": \"a5eac27d-cd89-4096-a331-306480bfee76\",\n    \"externalCustomerId\": \"<string>\",\n    \"accountId\": \"8888888888888888\",\n    \"presentationId\": \"<string>\"\n  },\n  \"odsNaming\": \"<boolean>\"\n}","options":{"raw":{"language":"json"}}}},"status":"OK","code":200,"header":[{"key":"Content-Type","value":"application/json"}],"body":"{\n  \"processorInfo\": {\n    \"system\": \"aliqua incididunt consectetur\",\n    \"cycle\": \"Lorem ex ut adipisicing\",\n    \"tor\": \"esse in do amet\",\n    \"mode\": \"consequat incididunt\"\n  },\n  \"merchantProgramSummaryAndDetailFields\": [\n    {\n      \"selectedFields\": {},\n      \"merchantEnteredId\": \"ullamco laborum nulla\",\n      \"programIdentifier\": \"deserunt Excepteur amet et adipisicin\",\n      \"programShortName\": \"exercitation officia sunt ut\",\n      \"programLongName\": \"qui irure exercitation consectetur\",\n      \"programInsertTimeStamp\": \"fugiat laborum eu\",\n      \"programUpdateTimeStamp\": \"eiusmod consequat\",\n      \"fieldIdentifier\": \"exe\",\n      \"fieldName\": \"minim ut veniam\",\n      \"fieldDescriptionText\": \"incididunt ad aliquip ea deserunt\",\n      \"dataLengthNumber\": \"irure culpa sit\",\n      \"dataTypeCode\": \"nostrud dolore\",\n      \"dataScaleNumber\": \"laborum culpa consectetur voluptate\",\n      \"fieldRequiredIndicator\": \"officia est ipsum\",\n      \"fieldUsageCode\": \"commodo\",\n      \"lastUpdateTimestamp\": \"ea nostrud dolor\",\n      \"fieldValueText\": \"deserunt incididunt\",\n      \"channelOptOutIndicator\": \"non anim\",\n      \"merchantOptOutIndicator\": \"consectetur laboris\",\n      \"channelRetrievalLevelCode\": \"consequat culpa dolor\"\n    },\n    {\n      \"selectedFields\": {},\n      \"merchantEnteredId\": \"qui aliqua\",\n      \"programIdentifier\": \"ex nulla\",\n      \"programShortName\": \"aute sed\",\n      \"programLongName\": \"s\",\n      \"programInsertTimeStamp\": \"labore\",\n      \"programUpdateTimeStamp\": \"consequat et\",\n      \"fieldIdentifier\": \"id sunt ullamco fugiat\",\n      \"fieldName\": \"dolor magna\",\n      \"fieldDescriptionText\": \"qui pariatur fugiat\",\n      \"dataLengthNumber\": \"irure aliqua\",\n      \"dataTypeCode\": \"ea ut\",\n      \"dataScaleNumber\": \"id velit \",\n      \"fieldRequiredIndicator\": \"Duis laboris\",\n      \"fieldUsageCode\": \"dolore ut ea exercitation\",\n      \"lastUpdateTimestamp\": \"laboris dolore laborum\",\n      \"fieldValueText\": \"elit sit do sed\",\n      \"channelOptOutIndicator\": \"eni\",\n      \"merchantOptOutIndicator\": \"est ut officia\",\n      \"channelRetrievalLevelCode\": \"amet officia\"\n    }\n  ]\n}","cookie":[],"_postman_previewlanguage":"json"}],"event":[],"protocolProfileBehavior":{"disableBodyPruning":true}}],"event":[]}],"event":[],"variable":[{"type":"string","value":"https://cat.api.firstdata.com/fs","key":"baseUrl"}],"info":{"_postman_id":"75d03173-bd0b-4e82-9849-3abede08a095","name":"fs-devportal-services-1","schema":"https://schema.getpostman.com/json/collection/v2.1.0/collection.json","description":{"content":"Welcome to the Financial Services API documentation","type":"text/plain"}}}