{"item":[{"id":"504b92cd-fc69-46a6-9b88-da0e9c654b93","name":"lending/v1","item":[{"id":"bb1351eb-995f-409e-babd-3a9ecfc397dd","name":"LOC_COLLATERAL_ADD (OTH) RPC","request":{"name":"LOC_COLLATERAL_ADD (OTH) RPC","description":{"content":"The LOC_COLLATERAL_ADD (OTH) function allows you to create a record of an asset other than real estate or a vehicle as collateral.\nThis function emulates the @COL 03 transaction.\n**Required Fields:** enteredIdentifier(Either common.accountId or common.presentationId), collateralIdentifier.\n**Optional Fields:** clientCollateralOneText, clientCollateralTwoText, collateralAppraisalTypeCode, collateralStatusCode, collateralCommentOneText, collateralCommentTwoText, appraisedOriginalValueAmount, appraisedCurrentValueAmount, collateralLoanToValuePercentRate, collateralNextReviewDate, collateralAppraisalDate, collateralRepossessionDate, lienReleaseSentDate, lienReleaseDate, loanPayoffDate, lienFileDate, lienAmount, lienPositionNumber, lienNumberIdentifier, lienFileByName, lienLocationDescriptionText, lienAgencyLocationText, lienCommentLineOneText, lienCommentLineTwoText, lienReleaseMethodText, lienReleaseSentName, extraLienOnePositionNumber, extraLienOneAmount, extraLienOneCurrentOutstandingAmount, extraLienOneHolderName, extraLienTwoPositionNumber, extraLienTwoAmount, extraLienTwoCurrentOutstandingAmount, extraLienTwoHolderName, lienContactReleaseIndividualName, lienContactReleaseOrganizationName, lienContactPrimaryPhoneTypeCode, lienContactPrimaryPhoneText, lienContactSecondaryPhoneTypeCode, lienContactSecondaryPhoneText, lienContactBusinessEmailText, lienContactAddressValidationCode, lienContactCountryCode, lienContactPostalCode, lienContactSubdivisionText, lienContactCityName, lienContactAddressLineOneText, lienContactAddressLineTwoText, otherCollateralDescriptionOneText, otherCollateralDescriptionTwoText, otherLocationDescriptionOneText, otherLocationDescriptionTwoText, otherAssetIssueIdentifier, otherAssetIssueDate, otherAssetExpirationDate, otherContactIndividualName, otherContactOrganizationName, otherContactPrimaryPhoneTypeCode, otherContactPrimaryPhoneText, otherContactSecondaryPhoneTypeCode, otherContactSecondaryPhoneText, otherContactBusinessEmailText, otherContactAddressValidationCode, otherContactCountryCode, otherContactPostalCode, otherContactSubdivisionText, otherContactCityName, otherContactAddressLineOneText, otherContactAddressLineTwoText. ","type":"text/plain"},"url":{"path":["lending","v1","locCollateralAddOther"],"host":["{{baseUrl}}"],"query":[],"variable":[]},"header":[{"key":"Content-Type","value":"application/json"},{"key":"Accept","value":"*/*"}],"method":"POST","auth":null,"body":{"mode":"raw","raw":"{\n  \"collateralIdentifier\": \"<string>\",\n  \"common\": {\n    \"user\": \"<string>\",\n    \"agent\": \"<string>\",\n    \"cycle\": \"<string>\",\n    \"clientNumber\": \"<string>\",\n    \"system\": \"<string>\",\n    \"prin\": \"<string>\",\n    \"debug\": false,\n    \"org\": \"<string>\",\n    \"processor\": false,\n    \"contentType\": \"<string>\",\n    \"retry\": \"<long>\",\n    \"timeout\": \"<long>\",\n    \"siteId\": \"<string>\",\n    \"externalCustomerId\": \"<string>\",\n    \"accountId\": \"<string>\",\n    \"presentationId\": \"<string>\"\n  },\n  \"clientCollateralOneText\": \"<string>\",\n  \"clientCollateralTwoText\": \"<string>\",\n  \"collateralAppraisalTypeCode\": \"<string>\",\n  \"collateralStatusCode\": \"<string>\",\n  \"collateralCommentOneText\": \"<string>\",\n  \"collateralCommentTwoText\": \"<string>\",\n  \"appraisedOriginalValueAmount\": \"<string>\",\n  \"appraisedCurrentValueAmount\": \"<string>\",\n  \"collateralLoanToValuePercentRate\": \"<string>\",\n  \"collateralNextReviewDate\": \"<string>\",\n  \"collateralAppraisalDate\": \"<string>\",\n  \"collateralRepossessionDate\": \"<string>\",\n  \"lienReleaseSentDate\": \"<string>\",\n  \"lienReleaseDate\": \"<string>\",\n  \"loanPayoffDate\": \"<string>\",\n  \"lienFileDate\": \"<string>\",\n  \"lienAmount\": \"<string>\",\n  \"lienPositionNumber\": \"<string>\",\n  \"lienNumberIdentifier\": \"<string>\",\n  \"lienFileByName\": \"<string>\",\n  \"lienLocationDescriptionText\": \"<string>\",\n  \"lienAgencyLocationText\": \"<string>\",\n  \"lienCommentLineOneText\": \"<string>\",\n  \"lienCommentLineTwoText\": \"<string>\",\n  \"lienReleaseMethodText\": \"<string>\",\n  \"lienReleaseSentName\": \"<string>\",\n  \"extraLienOnePositionNumber\": \"<string>\",\n  \"extraLienOneAmount\": \"<string>\",\n  \"extraLienOneCurrentOutstandingAmount\": \"<string>\",\n  \"extraLienOneHolderName\": \"<string>\",\n  \"extraLienTwoPositionNumber\": \"<string>\",\n  \"extraLienTwoAmount\": \"<string>\",\n  \"extraLienTwoCurrentOutstandingAmount\": \"<string>\",\n  \"extraLienTwoHolderName\": \"<string>\",\n  \"lienContactReleaseIndividualName\": \"<string>\",\n  \"lienContactReleaseOrganizationName\": \"<string>\",\n  \"lienContactPrimaryPhoneTypeCode\": \"<string>\",\n  \"lienContactPrimaryPhoneText\": \"<string>\",\n  \"lienContactSecondaryPhoneTypeCode\": \"<string>\",\n  \"lienContactSecondaryPhoneText\": \"<string>\",\n  \"lienContactBusinessEmailText\": \"<string>\",\n  \"lienContactAddressValidationCode\": \"<string>\",\n  \"lienContactCountryCode\": \"<string>\",\n  \"lienContactPostalCode\": \"<string>\",\n  \"lienContactSubdivisionText\": \"<string>\",\n  \"lienContactCityName\": \"<string>\",\n  \"lienContactAddressLineOneText\": \"<string>\",\n  \"lienContactAddressLineTwoText\": \"<string>\",\n  \"assetTypeCode\": \"<string>\",\n  \"otherCollateralDescriptionOneText\": \"<string>\",\n  \"otherCollateralDescriptionTwoText\": \"<string>\",\n  \"otherLocationDescriptionOneText\": \"<string>\",\n  \"otherLocationDescriptionTwoText\": \"<string>\",\n  \"otherAssetIssueIdentifier\": \"<string>\",\n  \"otherAssetIssueDate\": \"<string>\",\n  \"otherAssetExpirationDate\": \"<string>\",\n  \"otherContactIndividualName\": \"<string>\",\n  \"otherContactOrganizationName\": \"<string>\",\n  \"otherContactPrimaryPhoneTypeCode\": \"<string>\",\n  \"otherContactPrimaryPhoneText\": \"<string>\",\n  \"otherContactSecondaryPhoneTypeCode\": \"<string>\",\n  \"otherContactSecondaryPhoneText\": \"<string>\",\n  \"otherContactBusinessEmailText\": \"<string>\",\n  \"otherContactAddressValidationCode\": \"<string>\",\n  \"otherContactCountryCode\": \"<string>\",\n  \"otherContactPostalCode\": \"<string>\",\n  \"otherContactSubdivisionText\": \"<string>\",\n  \"otherContactCityName\": \"<string>\",\n  \"otherContactAddressLineOneText\": \"<string>\",\n  \"otherContactAddressLineTwoText\": \"<string>\"\n}","options":{"raw":{"language":"json"}}}},"response":[{"id":"7db0f7c5-5358-42ab-97ca-1a11de696d2d","name":"successful operation","originalRequest":{"url":{"path":["lending","v1","locCollateralAddOther"],"host":["{{baseUrl}}"],"query":[],"variable":[]},"header":[{"key":"Accept","value":"*/*"}],"method":"POST","body":{}},"status":"OK","code":200,"header":[{"key":"Content-Type","value":"*/*"}],"body":"{\n  \"processorInfo\": {\n    \"system\": \"consequat\",\n    \"cycle\": \"elit tempor ea in\",\n    \"tor\": \"adipisicing exercitation in c\",\n    \"mode\": \"commodo\"\n  },\n  \"messages\": [\n    {\n      \"resultCode\": \"\",\n      \"messageText\": \"est\",\n      \"transactionStatus\": \"aliquip quis in\"\n    },\n    {\n      \"resultCode\": \"do cillum\",\n      \"messageText\": \"pariatur\",\n      \"transactionStatus\": \"sint et\"\n    }\n  ]\n}","cookie":[],"_postman_previewlanguage":"json"}],"event":[],"protocolProfileBehavior":{"disableBodyPruning":true}},{"id":"1d2931b0-9de7-492a-a6e2-84f39b191df7","name":"LOC_COLLATERAL_ADD (REA) RPC","request":{"name":"LOC_COLLATERAL_ADD (REA) RPC","description":{"content":"The LOC_COLLATERAL_ADD (REA) function allows you to create a record of real estate as collateral.\nThis function emulates the @COL 01 transaction.\n**Required Fields:** enteredIdentifier(Either common.accountId or common.presentationId), collateralIdentifier.\n**Optional Fields:** clientCollateralOneText, clientCollateralTwoText, collateralAppraisalTypeCode, collateralStatusCode, collateralCommentOneText, collateralCommentTwoText, appraisedOriginalValueAmount, appraisedCurrentValueAmount, collateralLoanToValuePercentRate, collateralNextReviewDate, collateralAppraisalDate, collateralRepossessionDate, lienReleaseSentDate, lienReleaseDate, loanPayoffDate, lienFileDate, lienAmount, lienPositionNumber, lienNumberIdentifier, lienFileByName, lienLocationDescriptionText, lienAgencyLocationText, lienCommentLineOneText, lienCommentLineTwoText, lienReleaseMethodText, lienReleaseSentName, extraLienOnePositionNumber, extraLienOneAmount, extraLienOneCurrentOutstandingAmount, extraLienOneHolderName, extraLienTwoPositionNumber, extraLienTwoAmount, extraLienTwoCurrentOutstandingAmount, extraLienTwoHolderName, lienContactReleaseIndividualName, lienContactReleaseOrganizationName, lienContactPrimaryPhoneTypeCode, lienContactPrimaryPhoneText, lienContactSecondaryPhoneTypeCode, lienContactSecondaryPhoneText, lienContactBusinessEmailText, lienContactAddressValidationCode, lienContactCountryCode, lienContactPostalCode, lienContactSubdivisionText, lienContactCityName, lienContactAddressLineOneText, lienContactAddressLineTwoText, realEstateCountyParishName, realEstateLegalDescriptionOneText, realEstateLegalDescriptionTwoText, realEstateLegalDescriptionThreeText, realEstateOwnerOccupiedIndicator, realEstateAddressLineOneText, realEstateAddressLineTwoText, realEstateCityName, realEstateSubdivisionCode, realEstateFipsCountyStateCode, realEstateCountryCode, realEstatePostalCode, realEstateCensusTrackCode, realEstateTaxMapKeyIdentifier, realEstateFloodInsuranceRequirementIndicator, realEstateFloodInsuranceIndicator","type":"text/plain"},"url":{"path":["lending","v1","locCollateralAddRealEstate"],"host":["{{baseUrl}}"],"query":[],"variable":[]},"header":[{"key":"Content-Type","value":"application/json"},{"key":"Accept","value":"*/*"}],"method":"POST","auth":null,"body":{"mode":"raw","raw":"{\n  \"collateralIdentifier\": \"<string>\",\n  \"common\": {\n    \"user\": \"<string>\",\n    \"agent\": \"<string>\",\n    \"cycle\": \"<string>\",\n    \"clientNumber\": \"<string>\",\n    \"system\": \"<string>\",\n    \"prin\": \"<string>\",\n    \"debug\": false,\n    \"org\": \"<string>\",\n    \"processor\": false,\n    \"contentType\": \"<string>\",\n    \"retry\": \"<long>\",\n    \"timeout\": \"<long>\",\n    \"siteId\": \"<string>\",\n    \"externalCustomerId\": \"<string>\",\n    \"accountId\": \"<string>\",\n    \"presentationId\": \"<string>\"\n  },\n  \"clientCollateralOneText\": \"<string>\",\n  \"clientCollateralTwoText\": \"<string>\",\n  \"collateralAppraisalTypeCode\": \"<string>\",\n  \"collateralStatusCode\": \"<string>\",\n  \"collateralCommentOneText\": \"<string>\",\n  \"collateralCommentTwoText\": \"<string>\",\n  \"appraisedOriginalValueAmount\": \"<string>\",\n  \"appraisedCurrentValueAmount\": \"<string>\",\n  \"collateralLoanToValuePercentRate\": \"<string>\",\n  \"collateralNextReviewDate\": \"<string>\",\n  \"collateralAppraisalDate\": \"<string>\",\n  \"collateralRepossessionDate\": \"<string>\",\n  \"lienReleaseSentDate\": \"<string>\",\n  \"lienReleaseDate\": \"<string>\",\n  \"loanPayoffDate\": \"<string>\",\n  \"lienFileDate\": \"<string>\",\n  \"lienAmount\": \"<string>\",\n  \"lienPositionNumber\": \"<string>\",\n  \"lienNumberIdentifier\": \"<string>\",\n  \"lienFileByName\": \"<string>\",\n  \"lienLocationDescriptionText\": \"<string>\",\n  \"lienAgencyLocationText\": \"<string>\",\n  \"lienCommentLineOneText\": \"<string>\",\n  \"lienCommentLineTwoText\": \"<string>\",\n  \"lienReleaseMethodText\": \"<string>\",\n  \"lienReleaseSentName\": \"<string>\",\n  \"extraLienOnePositionNumber\": \"<string>\",\n  \"extraLienOneAmount\": \"<string>\",\n  \"extraLienOneCurrentOutstandingAmount\": \"<string>\",\n  \"extraLienOneHolderName\": \"<string>\",\n  \"extraLienTwoPositionNumber\": \"<string>\",\n  \"extraLienTwoAmount\": \"<string>\",\n  \"extraLienTwoCurrentOutstandingAmount\": \"<string>\",\n  \"extraLienTwoHolderName\": \"<string>\",\n  \"lienContactReleaseIndividualName\": \"<string>\",\n  \"lienContactReleaseOrganizationName\": \"<string>\",\n  \"lienContactPrimaryPhoneTypeCode\": \"<string>\",\n  \"lienContactPrimaryPhoneText\": \"<string>\",\n  \"lienContactSecondaryPhoneTypeCode\": \"<string>\",\n  \"lienContactSecondaryPhoneText\": \"<string>\",\n  \"lienContactBusinessEmailText\": \"<string>\",\n  \"lienContactAddressValidationCode\": \"<string>\",\n  \"lienContactCountryCode\": \"<string>\",\n  \"lienContactPostalCode\": \"<string>\",\n  \"lienContactSubdivisionText\": \"<string>\",\n  \"lienContactCityName\": \"<string>\",\n  \"lienContactAddressLineOneText\": \"<string>\",\n  \"lienContactAddressLineTwoText\": \"<string>\",\n  \"assetTypeCode\": \"<string>\",\n  \"realEstateCountyParishName\": \"<string>\",\n  \"realEstateLegalDescriptionOneText\": \"<string>\",\n  \"realEstateLegalDescriptionTwoText\": \"<string>\",\n  \"realEstateLegalDescriptionThreeText\": \"<string>\",\n  \"realEstateOwnerOccupiedIndicator\": \"<string>\",\n  \"realEstateAddressLineOneText\": \"<string>\",\n  \"realEstateAddressLineTwoText\": \"<string>\",\n  \"realEstateCityName\": \"<string>\",\n  \"realEstateSubdivisionCode\": \"<string>\",\n  \"realEstateFipsCountyStateCode\": \"<string>\",\n  \"realEstateCountryCode\": \"<string>\",\n  \"realEstatePostalCode\": \"<string>\",\n  \"realEstateCensusTrackCode\": \"<string>\",\n  \"realEstateTaxMapKeyIdentifier\": \"<string>\",\n  \"realEstateFloodInsuranceRequirementIndicator\": \"<string>\",\n  \"realEstateFloodInsuranceIndicator\": \"<string>\"\n}","options":{"raw":{"language":"json"}}}},"response":[{"id":"5beb9469-2157-40f2-827a-30380d0efb9e","name":"successful operation","originalRequest":{"url":{"path":["lending","v1","locCollateralAddRealEstate"],"host":["{{baseUrl}}"],"query":[],"variable":[]},"header":[{"key":"Accept","value":"*/*"}],"method":"POST","body":{}},"status":"OK","code":200,"header":[{"key":"Content-Type","value":"*/*"}],"body":"{\n  \"processorInfo\": {\n    \"system\": \"velit nulla est\",\n    \"cycle\": \"commodo Ut tempor\",\n    \"tor\": \"qui proident aute\",\n    \"mode\": \"dolore reprehenderit sit nostrud do\"\n  },\n  \"messages\": [\n    {\n      \"resultCode\": \"cillum pariatur esse ullamco a\",\n      \"messageText\": \"amet nisi dolore sit tempor\",\n      \"transactionStatus\": \"ea velit aute ut\"\n    },\n    {\n      \"resultCode\": \"cupidatat officia labore\",\n      \"messageText\": \"exercitation quis ut ad\",\n      \"transactionStatus\": \"consequat consectetur ut\"\n    }\n  ]\n}","cookie":[],"_postman_previewlanguage":"json"}],"event":[],"protocolProfileBehavior":{"disableBodyPruning":true}},{"id":"a367214e-f5b5-4e3a-81e0-81e7752174a6","name":"LOC_COLLATERAL_ADD (VEH) RPC","request":{"name":"LOC_COLLATERAL_ADD (VEH) RPC","description":{"content":"The LOC_COLLATERAL_ADD (VEH) function allows you to create a record of a vehicle as collateral.\nThis function emulates the @COL 02 transaction.\n**Required Fields:** enteredIdentifier(Either common.accountId or common.presentationId), collateralIdentifier.\n**Optional Fields:** clientCollateralOneText, clientCollateralTwoText, collateralAppraisalTypeCode, collateralStatusCode, collateralCommentOneText, collateralCommentTwoText, appraisedOriginalValueAmount, appraisedCurrentValueAmount, collateralLoanToValuePercentRate, collateralNextReviewDate, collateralAppraisalDate, collateralRepossessionDate, lienReleaseSentDate, lienReleaseDate, loanPayoffDate, lienFileDate, lienAmount, lienPositionNumber, lienNumberIdentifier, lienFileByName, lienLocationDescriptionText, lienAgencyLocationText, lienCommentLineOneText, lienCommentLineTwoText, lienReleaseMethodText, lienReleaseSentName, extraLienOnePositionNumber, extraLienOneAmount, extraLienOneCurrentOutstandingAmount, extraLienOneHolderName, extraLienTwoPositionNumber, extraLienTwoAmount, extraLienTwoCurrentOutstandingAmount, extraLienTwoHolderName, lienContactReleaseIndividualName, lienContactReleaseOrganizationName, lienContactPrimaryPhoneTypeCode, lienContactPrimaryPhoneText, lienContactSecondaryPhoneTypeCode, lienContactSecondaryPhoneText, lienContactBusinessEmailText, lienContactAddressValidationCode, lienContactCountryCode, lienContactPostalCode, lienContactSubdivisionText, lienContactCityName, lienContactAddressLineOneText, lienContactAddressLineTwoText, vehicleTypeText, vehicleBodyTypeText, vehicleMakeDescriptionText, vehicleModelDescriptionText, vehicleColorDescriptionText, vehicleIdentifier, vehicleNewUsedCode, vehicleIgnitionKeyIdentifier, vehicleYearNumber, vehicleOdometerReadingCount. ","type":"text/plain"},"url":{"path":["lending","v1","locCollateralAddVehicle"],"host":["{{baseUrl}}"],"query":[],"variable":[]},"header":[{"key":"Content-Type","value":"application/json"},{"key":"Accept","value":"*/*"}],"method":"POST","auth":null,"body":{"mode":"raw","raw":"{\n  \"collateralIdentifier\": \"<string>\",\n  \"common\": {\n    \"user\": \"<string>\",\n    \"agent\": \"<string>\",\n    \"cycle\": \"<string>\",\n    \"clientNumber\": \"<string>\",\n    \"system\": \"<string>\",\n    \"prin\": \"<string>\",\n    \"debug\": false,\n    \"org\": \"<string>\",\n    \"processor\": false,\n    \"contentType\": \"<string>\",\n    \"retry\": \"<long>\",\n    \"timeout\": \"<long>\",\n    \"siteId\": \"<string>\",\n    \"externalCustomerId\": \"<string>\",\n    \"accountId\": \"<string>\",\n    \"presentationId\": \"<string>\"\n  },\n  \"clientCollateralOneText\": \"<string>\",\n  \"clientCollateralTwoText\": \"<string>\",\n  \"collateralAppraisalTypeCode\": \"<string>\",\n  \"collateralStatusCode\": \"<string>\",\n  \"collateralCommentOneText\": \"<string>\",\n  \"collateralCommentTwoText\": \"<string>\",\n  \"appraisedOriginalValueAmount\": \"<string>\",\n  \"appraisedCurrentValueAmount\": \"<string>\",\n  \"collateralLoanToValuePercentRate\": \"<string>\",\n  \"collateralNextReviewDate\": \"<string>\",\n  \"collateralAppraisalDate\": \"<string>\",\n  \"collateralRepossessionDate\": \"<string>\",\n  \"lienReleaseSentDate\": \"<string>\",\n  \"lienReleaseDate\": \"<string>\",\n  \"loanPayoffDate\": \"<string>\",\n  \"lienFileDate\": \"<string>\",\n  \"lienAmount\": \"<string>\",\n  \"lienPositionNumber\": \"<string>\",\n  \"lienNumberIdentifier\": \"<string>\",\n  \"lienFileByName\": \"<string>\",\n  \"lienLocationDescriptionText\": \"<string>\",\n  \"lienAgencyLocationText\": \"<string>\",\n  \"lienCommentLineOneText\": \"<string>\",\n  \"lienCommentLineTwoText\": \"<string>\",\n  \"lienReleaseMethodText\": \"<string>\",\n  \"lienReleaseSentName\": \"<string>\",\n  \"extraLienOnePositionNumber\": \"<string>\",\n  \"extraLienOneAmount\": \"<string>\",\n  \"extraLienOneCurrentOutstandingAmount\": \"<string>\",\n  \"extraLienOneHolderName\": \"<string>\",\n  \"extraLienTwoPositionNumber\": \"<string>\",\n  \"extraLienTwoAmount\": \"<string>\",\n  \"extraLienTwoCurrentOutstandingAmount\": \"<string>\",\n  \"extraLienTwoHolderName\": \"<string>\",\n  \"lienContactReleaseIndividualName\": \"<string>\",\n  \"lienContactReleaseOrganizationName\": \"<string>\",\n  \"lienContactPrimaryPhoneTypeCode\": \"<string>\",\n  \"lienContactPrimaryPhoneText\": \"<string>\",\n  \"lienContactSecondaryPhoneTypeCode\": \"<string>\",\n  \"lienContactSecondaryPhoneText\": \"<string>\",\n  \"lienContactBusinessEmailText\": \"<string>\",\n  \"lienContactAddressValidationCode\": \"<string>\",\n  \"lienContactCountryCode\": \"<string>\",\n  \"lienContactPostalCode\": \"<string>\",\n  \"lienContactSubdivisionText\": \"<string>\",\n  \"lienContactCityName\": \"<string>\",\n  \"lienContactAddressLineOneText\": \"<string>\",\n  \"lienContactAddressLineTwoText\": \"<string>\",\n  \"assetTypeCode\": \"<string>\",\n  \"vehicleTypeText\": \"<string>\",\n  \"vehicleBodyTypeText\": \"<string>\",\n  \"vehicleMakeDescriptionText\": \"<string>\",\n  \"vehicleModelDescriptionText\": \"<string>\",\n  \"vehicleColorDescriptionText\": \"<string>\",\n  \"vehicleIdentifier\": \"<string>\",\n  \"vehicleNewUsedCode\": \"<string>\",\n  \"vehicleIgnitionKeyIdentifier\": \"<string>\",\n  \"vehicleYearNumber\": \"<string>\",\n  \"vehicleOdometerReadingCount\": \"<string>\"\n}","options":{"raw":{"language":"json"}}}},"response":[{"id":"9658871e-257f-49fc-83c9-5256d0ed0379","name":"successful operation","originalRequest":{"url":{"path":["lending","v1","locCollateralAddVehicle"],"host":["{{baseUrl}}"],"query":[],"variable":[]},"header":[{"key":"Accept","value":"*/*"}],"method":"POST","body":{}},"status":"OK","code":200,"header":[{"key":"Content-Type","value":"*/*"}],"body":"{\n  \"processorInfo\": {\n    \"system\": \"velit nulla est\",\n    \"cycle\": \"commodo Ut tempor\",\n    \"tor\": \"qui proident aute\",\n    \"mode\": \"dolore reprehenderit sit nostrud do\"\n  },\n  \"messages\": [\n    {\n      \"resultCode\": \"cillum pariatur esse ullamco a\",\n      \"messageText\": \"amet nisi dolore sit tempor\",\n      \"transactionStatus\": \"ea velit aute ut\"\n    },\n    {\n      \"resultCode\": \"cupidatat officia labore\",\n      \"messageText\": \"exercitation quis ut ad\",\n      \"transactionStatus\": \"consequat consectetur ut\"\n    }\n  ]\n}","cookie":[],"_postman_previewlanguage":"json"}],"event":[],"protocolProfileBehavior":{"disableBodyPruning":true}},{"id":"16c8575a-9925-4452-b054-e306b2fdb900","name":"LOC_COLLATERAL_DELETE RPC","request":{"name":"LOC_COLLATERAL_DELETE RPC","description":{"content":"The LOC_COLLATERAL_DELETE function allows you to delete a collateral record, including all insurance and insurance claim records.\nThis function emulates the COL transaction.\n**Required Fields:** enteredIdentifier(Either common.accountId or common.presentationId), collateralIdentifier.\n","type":"text/plain"},"url":{"path":["lending","v1","locCollateralDelete"],"host":["{{baseUrl}}"],"query":[],"variable":[]},"header":[{"key":"Content-Type","value":"application/json"},{"key":"Accept","value":"*/*"}],"method":"POST","auth":null,"body":{"mode":"raw","raw":"{\n  \"collateralIdentifier\": \"<string>\",\n  \"common\": {\n    \"user\": \"<string>\",\n    \"agent\": \"<string>\",\n    \"cycle\": \"<string>\",\n    \"clientNumber\": \"<string>\",\n    \"system\": \"<string>\",\n    \"prin\": \"<string>\",\n    \"debug\": false,\n    \"org\": \"<string>\",\n    \"processor\": false,\n    \"contentType\": \"<string>\",\n    \"retry\": \"<long>\",\n    \"timeout\": \"<long>\",\n    \"siteId\": \"<string>\",\n    \"externalCustomerId\": \"<string>\",\n    \"accountId\": \"<string>\",\n    \"presentationId\": \"<string>\"\n  }\n}","options":{"raw":{"language":"json"}}}},"response":[{"id":"f0891f25-ae79-4a3d-97e3-e88dd171a407","name":"successful operation","originalRequest":{"url":{"path":["lending","v1","locCollateralDelete"],"host":["{{baseUrl}}"],"query":[],"variable":[]},"header":[{"key":"Accept","value":"*/*"}],"method":"POST","body":{"mode":"raw","raw":"{\n  \"collateralIdentifier\": \"<string>\",\n  \"common\": {\n    \"user\": \"<string>\",\n    \"agent\": \"4000\",\n    \"cycle\": \"T\",\n    \"clientNumber\": \"1000\",\n    \"system\": \"2000\",\n    \"prin\": \"3000\",\n    \"debug\": false,\n    \"org\": \"<string>\",\n    \"processor\": false,\n    \"contentType\": \"<string>\",\n    \"retry\": 0,\n    \"timeout\": 45000,\n    \"siteId\": \"4201\",\n    \"externalCustomerId\": \"<string>\",\n    \"accountId\": \"8888888888888888\",\n    \"presentationId\": \"<string>\"\n  }\n}","options":{"raw":{"language":"json"}}}},"status":"OK","code":200,"header":[{"key":"Content-Type","value":"*/*"}],"body":"{\n  \"processorInfo\": {\n    \"system\": \"velit nulla est\",\n    \"cycle\": \"commodo Ut tempor\",\n    \"tor\": \"qui proident aute\",\n    \"mode\": \"dolore reprehenderit sit nostrud do\"\n  },\n  \"messages\": [\n    {\n      \"resultCode\": \"cillum pariatur esse ullamco a\",\n      \"messageText\": \"amet nisi dolore sit tempor\",\n      \"transactionStatus\": \"ea velit aute ut\"\n    },\n    {\n      \"resultCode\": \"cupidatat officia labore\",\n      \"messageText\": \"exercitation quis ut ad\",\n      \"transactionStatus\": \"consequat consectetur ut\"\n    }\n  ]\n}","cookie":[],"_postman_previewlanguage":"json"}],"event":[],"protocolProfileBehavior":{"disableBodyPruning":true}},{"id":"acf96f44-45c2-4802-856c-026583159d6b","name":"LOC_COLLATERAL_UPDATE (OTH) RPC","request":{"name":"LOC_COLLATERAL_UPDATE (OTH) RPC","description":{"content":"The LOC_COLLATERAL_UPDATE (OTH) function allows you to maintain a record of an asset other than real estate or a vehicle as collateral.\nThis function emulates the @COL 03 transaction.\n**Required Fields:** enteredIdentifier(Either common.accountId or common.presentationId), collateralIdentifier.\n**Optional Fields:** clientCollateralOneText, clientCollateralTwoText, collateralAppraisalTypeCode, collateralStatusCode, collateralCommentOneText, collateralCommentTwoText, appraisedOriginalValueAmount, appraisedCurrentValueAmount, collateralLoanToValuePercentRate, collateralNextReviewDate, collateralAppraisalDate, collateralRepossessionDate, lienReleaseSentDate, lienReleaseDate, loanPayoffDate, lienFileDate, lienAmount, lienPositionNumber, lienNumberIdentifier, lienFileByName, lienLocationDescriptionText, lienAgencyLocationText, lienCommentLineOneText, lienCommentLineTwoText, lienReleaseMethodText, lienReleaseSentName, extraLienOnePositionNumber, extraLienOneAmount, extraLienOneCurrentOutstandingAmount, extraLienOneHolderName, extraLienTwoPositionNumber, extraLienTwoAmount, extraLienTwoCurrentOutstandingAmount, extraLienTwoHolderName, lienContactReleaseIndividualName, lienContactReleaseOrganizationName, lienContactPrimaryPhoneTypeCode, lienContactPrimaryPhoneText, lienContactSecondaryPhoneTypeCode, lienContactSecondaryPhoneText, lienContactBusinessEmailText, lienContactAddressValidationCode, lienContactCountryCode, lienContactPostalCode, lienContactSubdivisionText, lienContactCityName, lienContactAddressLineOneText, lienContactAddressLineTwoText, otherCollateralDescriptionOneText, otherCollateralDescriptionTwoText, otherLocationDescriptionOneText, otherLocationDescriptionTwoText, otherAssetIssueIdentifier, otherAssetIssueDate, otherAssetExpirationDate, otherContactIndividualName, otherContactOrganizationName, otherContactPrimaryPhoneTypeCode, otherContactPrimaryPhoneText, otherContactSecondaryPhoneTypeCode, otherContactSecondaryPhoneText, otherContactBusinessEmailText, otherContactAddressValidationCode, otherContactCountryCode, otherContactPostalCode, otherContactSubdivisionText, otherContactCityName, otherContactAddressLineOneText, otherContactAddressLineTwoText. ","type":"text/plain"},"url":{"path":["lending","v1","locCollateralUpdateOther"],"host":["{{baseUrl}}"],"query":[],"variable":[]},"header":[{"key":"Content-Type","value":"application/json"},{"key":"Accept","value":"*/*"}],"method":"POST","auth":null,"body":{"mode":"raw","raw":"{\n  \"collateralIdentifier\": \"<string>\",\n  \"common\": {\n    \"user\": \"<string>\",\n    \"agent\": \"<string>\",\n    \"cycle\": \"<string>\",\n    \"clientNumber\": \"<string>\",\n    \"system\": \"<string>\",\n    \"prin\": \"<string>\",\n    \"debug\": false,\n    \"org\": \"<string>\",\n    \"processor\": false,\n    \"contentType\": \"<string>\",\n    \"retry\": \"<long>\",\n    \"timeout\": \"<long>\",\n    \"siteId\": \"<string>\",\n    \"externalCustomerId\": \"<string>\",\n    \"accountId\": \"<string>\",\n    \"presentationId\": \"<string>\"\n  },\n  \"clientCollateralOneText\": \"<string>\",\n  \"clientCollateralTwoText\": \"<string>\",\n  \"collateralAppraisalTypeCode\": \"<string>\",\n  \"collateralStatusCode\": \"<string>\",\n  \"collateralCommentOneText\": \"<string>\",\n  \"collateralCommentTwoText\": \"<string>\",\n  \"appraisedOriginalValueAmount\": \"<string>\",\n  \"appraisedCurrentValueAmount\": \"<string>\",\n  \"collateralLoanToValuePercentRate\": \"<string>\",\n  \"collateralNextReviewDate\": \"<string>\",\n  \"collateralAppraisalDate\": \"<string>\",\n  \"collateralRepossessionDate\": \"<string>\",\n  \"lienReleaseSentDate\": \"<string>\",\n  \"lienReleaseDate\": \"<string>\",\n  \"loanPayoffDate\": \"<string>\",\n  \"lienFileDate\": \"<string>\",\n  \"lienAmount\": \"<string>\",\n  \"lienPositionNumber\": \"<string>\",\n  \"lienNumberIdentifier\": \"<string>\",\n  \"lienFileByName\": \"<string>\",\n  \"lienLocationDescriptionText\": \"<string>\",\n  \"lienAgencyLocationText\": \"<string>\",\n  \"lienCommentLineOneText\": \"<string>\",\n  \"lienCommentLineTwoText\": \"<string>\",\n  \"lienReleaseMethodText\": \"<string>\",\n  \"lienReleaseSentName\": \"<string>\",\n  \"extraLienOnePositionNumber\": \"<string>\",\n  \"extraLienOneAmount\": \"<string>\",\n  \"extraLienOneCurrentOutstandingAmount\": \"<string>\",\n  \"extraLienOneHolderName\": \"<string>\",\n  \"extraLienTwoPositionNumber\": \"<string>\",\n  \"extraLienTwoAmount\": \"<string>\",\n  \"extraLienTwoCurrentOutstandingAmount\": \"<string>\",\n  \"extraLienTwoHolderName\": \"<string>\",\n  \"lienContactReleaseIndividualName\": \"<string>\",\n  \"lienContactReleaseOrganizationName\": \"<string>\",\n  \"lienContactPrimaryPhoneTypeCode\": \"<string>\",\n  \"lienContactPrimaryPhoneText\": \"<string>\",\n  \"lienContactSecondaryPhoneTypeCode\": \"<string>\",\n  \"lienContactSecondaryPhoneText\": \"<string>\",\n  \"lienContactBusinessEmailText\": \"<string>\",\n  \"lienContactAddressValidationCode\": \"<string>\",\n  \"lienContactCountryCode\": \"<string>\",\n  \"lienContactPostalCode\": \"<string>\",\n  \"lienContactSubdivisionText\": \"<string>\",\n  \"lienContactCityName\": \"<string>\",\n  \"lienContactAddressLineOneText\": \"<string>\",\n  \"lienContactAddressLineTwoText\": \"<string>\",\n  \"assetTypeCode\": \"<string>\",\n  \"otherCollateralDescriptionOneText\": \"<string>\",\n  \"otherCollateralDescriptionTwoText\": \"<string>\",\n  \"otherLocationDescriptionOneText\": \"<string>\",\n  \"otherLocationDescriptionTwoText\": \"<string>\",\n  \"otherAssetIssueIdentifier\": \"<string>\",\n  \"otherAssetIssueDate\": \"<string>\",\n  \"otherAssetExpirationDate\": \"<string>\",\n  \"otherContactIndividualName\": \"<string>\",\n  \"otherContactOrganizationName\": \"<string>\",\n  \"otherContactPrimaryPhoneTypeCode\": \"<string>\",\n  \"otherContactPrimaryPhoneText\": \"<string>\",\n  \"otherContactSecondaryPhoneTypeCode\": \"<string>\",\n  \"otherContactSecondaryPhoneText\": \"<string>\",\n  \"otherContactBusinessEmailText\": \"<string>\",\n  \"otherContactAddressValidationCode\": \"<string>\",\n  \"otherContactCountryCode\": \"<string>\",\n  \"otherContactPostalCode\": \"<string>\",\n  \"otherContactSubdivisionText\": \"<string>\",\n  \"otherContactCityName\": \"<string>\",\n  \"otherContactAddressLineOneText\": \"<string>\",\n  \"otherContactAddressLineTwoText\": \"<string>\"\n}","options":{"raw":{"language":"json"}}}},"response":[{"id":"296033d2-67d4-4d53-afa1-f515353790d6","name":"successful operation","originalRequest":{"url":{"path":["lending","v1","locCollateralUpdateOther"],"host":["{{baseUrl}}"],"query":[],"variable":[]},"header":[{"key":"Accept","value":"*/*"}],"method":"POST","body":{}},"status":"OK","code":200,"header":[{"key":"Content-Type","value":"*/*"}],"body":"{\n  \"processorInfo\": {\n    \"system\": \"velit nulla est\",\n    \"cycle\": \"commodo Ut tempor\",\n    \"tor\": \"qui proident aute\",\n    \"mode\": \"dolore reprehenderit sit nostrud do\"\n  },\n  \"messages\": [\n    {\n      \"resultCode\": \"cillum pariatur esse ullamco a\",\n      \"messageText\": \"amet nisi dolore sit tempor\",\n      \"transactionStatus\": \"ea velit aute ut\"\n    },\n    {\n      \"resultCode\": \"cupidatat officia labore\",\n      \"messageText\": \"exercitation quis ut ad\",\n      \"transactionStatus\": \"consequat consectetur ut\"\n    }\n  ]\n}","cookie":[],"_postman_previewlanguage":"json"}],"event":[],"protocolProfileBehavior":{"disableBodyPruning":true}},{"id":"ba7693a9-63cb-441e-8010-c8e7a8f259dc","name":"LOC_COLLATERAL_UPDATE (REA) RPC","request":{"name":"LOC_COLLATERAL_UPDATE (REA) RPC","description":{"content":"The LOC_COLLATERAL_UPDATE (REA) function allows you to maintain a record of real estate as collateral.\nThis function emulates the @COL 01 transaction.\n**Required Fields:** enteredIdentifier(Either common.accountId or common.presentationId), collateralIdentifier.\n**Optional Fields:** clientCollateralOneText, clientCollateralTwoText, collateralAppraisalTypeCode, collateralStatusCode, collateralCommentOneText, collateralCommentTwoText, appraisedOriginalValueAmount, appraisedCurrentValueAmount, collateralLoanToValuePercentRate, collateralNextReviewDate, collateralAppraisalDate, collateralRepossessionDate, lienReleaseSentDate, lienReleaseDate, loanPayoffDate, lienFileDate, lienAmount, lienPositionNumber, lienNumberIdentifier, lienFileByName, lienLocationDescriptionText, lienAgencyLocationText, lienCommentLineOneText, lienCommentLineTwoText, lienReleaseMethodText, lienReleaseSentName, extraLienOnePositionNumber, extraLienOneAmount, extraLienOneCurrentOutstandingAmount, extraLienOneHolderName, extraLienTwoPositionNumber, extraLienTwoAmount, extraLienTwoCurrentOutstandingAmount, extraLienTwoHolderName, lienContactReleaseIndividualName, lienContactReleaseOrganizationName, lienContactPrimaryPhoneTypeCode, lienContactPrimaryPhoneText, lienContactSecondaryPhoneTypeCode, lienContactSecondaryPhoneText, lienContactBusinessEmailText, lienContactAddressValidationCode, lienContactCountryCode, lienContactPostalCode, lienContactSubdivisionText, lienContactCityName, lienContactAddressLineOneText, lienContactAddressLineTwoText, realEstateCountyParishName, realEstateLegalDescriptionOneText, realEstateLegalDescriptionTwoText, realEstateLegalDescriptionThreeText, realEstateOwnerOccupiedIndicator, realEstateAddressLineOneText, realEstateAddressLineTwoText, realEstateCityName, realEstateSubdivisionCode, realEstateFipsCountyStateCode, realEstateCountryCode, realEstatePostalCode, realEstateCensusTrackCode, realEstateTaxMapKeyIdentifier, realEstateFloodInsuranceRequirementIndicator, realEstateFloodInsuranceIndicator","type":"text/plain"},"url":{"path":["lending","v1","locCollateralUpdateRealEstate"],"host":["{{baseUrl}}"],"query":[],"variable":[]},"header":[{"key":"Content-Type","value":"application/json"},{"key":"Accept","value":"*/*"}],"method":"POST","auth":null,"body":{"mode":"raw","raw":"{\n  \"collateralIdentifier\": \"<string>\",\n  \"common\": {\n    \"user\": \"<string>\",\n    \"agent\": \"<string>\",\n    \"cycle\": \"<string>\",\n    \"clientNumber\": \"<string>\",\n    \"system\": \"<string>\",\n    \"prin\": \"<string>\",\n    \"debug\": false,\n    \"org\": \"<string>\",\n    \"processor\": false,\n    \"contentType\": \"<string>\",\n    \"retry\": \"<long>\",\n    \"timeout\": \"<long>\",\n    \"siteId\": \"<string>\",\n    \"externalCustomerId\": \"<string>\",\n    \"accountId\": \"<string>\",\n    \"presentationId\": \"<string>\"\n  },\n  \"clientCollateralOneText\": \"<string>\",\n  \"clientCollateralTwoText\": \"<string>\",\n  \"collateralAppraisalTypeCode\": \"<string>\",\n  \"collateralStatusCode\": \"<string>\",\n  \"collateralCommentOneText\": \"<string>\",\n  \"collateralCommentTwoText\": \"<string>\",\n  \"appraisedOriginalValueAmount\": \"<string>\",\n  \"appraisedCurrentValueAmount\": \"<string>\",\n  \"collateralLoanToValuePercentRate\": \"<string>\",\n  \"collateralNextReviewDate\": \"<string>\",\n  \"collateralAppraisalDate\": \"<string>\",\n  \"collateralRepossessionDate\": \"<string>\",\n  \"lienReleaseSentDate\": \"<string>\",\n  \"lienReleaseDate\": \"<string>\",\n  \"loanPayoffDate\": \"<string>\",\n  \"lienFileDate\": \"<string>\",\n  \"lienAmount\": \"<string>\",\n  \"lienPositionNumber\": \"<string>\",\n  \"lienNumberIdentifier\": \"<string>\",\n  \"lienFileByName\": \"<string>\",\n  \"lienLocationDescriptionText\": \"<string>\",\n  \"lienAgencyLocationText\": \"<string>\",\n  \"lienCommentLineOneText\": \"<string>\",\n  \"lienCommentLineTwoText\": \"<string>\",\n  \"lienReleaseMethodText\": \"<string>\",\n  \"lienReleaseSentName\": \"<string>\",\n  \"extraLienOnePositionNumber\": \"<string>\",\n  \"extraLienOneAmount\": \"<string>\",\n  \"extraLienOneCurrentOutstandingAmount\": \"<string>\",\n  \"extraLienOneHolderName\": \"<string>\",\n  \"extraLienTwoPositionNumber\": \"<string>\",\n  \"extraLienTwoAmount\": \"<string>\",\n  \"extraLienTwoCurrentOutstandingAmount\": \"<string>\",\n  \"extraLienTwoHolderName\": \"<string>\",\n  \"lienContactReleaseIndividualName\": \"<string>\",\n  \"lienContactReleaseOrganizationName\": \"<string>\",\n  \"lienContactPrimaryPhoneTypeCode\": \"<string>\",\n  \"lienContactPrimaryPhoneText\": \"<string>\",\n  \"lienContactSecondaryPhoneTypeCode\": \"<string>\",\n  \"lienContactSecondaryPhoneText\": \"<string>\",\n  \"lienContactBusinessEmailText\": \"<string>\",\n  \"lienContactAddressValidationCode\": \"<string>\",\n  \"lienContactCountryCode\": \"<string>\",\n  \"lienContactPostalCode\": \"<string>\",\n  \"lienContactSubdivisionText\": \"<string>\",\n  \"lienContactCityName\": \"<string>\",\n  \"lienContactAddressLineOneText\": \"<string>\",\n  \"lienContactAddressLineTwoText\": \"<string>\",\n  \"assetTypeCode\": \"<string>\",\n  \"realEstateCountyParishName\": \"<string>\",\n  \"realEstateLegalDescriptionOneText\": \"<string>\",\n  \"realEstateLegalDescriptionTwoText\": \"<string>\",\n  \"realEstateLegalDescriptionThreeText\": \"<string>\",\n  \"realEstateOwnerOccupiedIndicator\": \"<string>\",\n  \"realEstateAddressLineOneText\": \"<string>\",\n  \"realEstateAddressLineTwoText\": \"<string>\",\n  \"realEstateCityName\": \"<string>\",\n  \"realEstateSubdivisionCode\": \"<string>\",\n  \"realEstateFipsCountyStateCode\": \"<string>\",\n  \"realEstateCountryCode\": \"<string>\",\n  \"realEstatePostalCode\": \"<string>\",\n  \"realEstateCensusTrackCode\": \"<string>\",\n  \"realEstateTaxMapKeyIdentifier\": \"<string>\",\n  \"realEstateFloodInsuranceRequirementIndicator\": \"<string>\",\n  \"realEstateFloodInsuranceIndicator\": \"<string>\"\n}","options":{"raw":{"language":"json"}}}},"response":[{"id":"9cee1314-a8d7-468f-ae11-051037b1bfff","name":"successful operation","originalRequest":{"url":{"path":["lending","v1","locCollateralUpdateRealEstate"],"host":["{{baseUrl}}"],"query":[],"variable":[]},"header":[{"key":"Accept","value":"*/*"}],"method":"POST","body":{}},"status":"OK","code":200,"header":[{"key":"Content-Type","value":"*/*"}],"body":"{\n  \"processorInfo\": {\n    \"system\": \"velit nulla est\",\n    \"cycle\": \"commodo Ut tempor\",\n    \"tor\": \"qui proident aute\",\n    \"mode\": \"dolore reprehenderit sit nostrud do\"\n  },\n  \"messages\": [\n    {\n      \"resultCode\": \"cillum pariatur esse ullamco a\",\n      \"messageText\": \"amet nisi dolore sit tempor\",\n      \"transactionStatus\": \"ea velit aute ut\"\n    },\n    {\n      \"resultCode\": \"cupidatat officia labore\",\n      \"messageText\": \"exercitation quis ut ad\",\n      \"transactionStatus\": \"consequat consectetur ut\"\n    }\n  ]\n}","cookie":[],"_postman_previewlanguage":"json"}],"event":[],"protocolProfileBehavior":{"disableBodyPruning":true}},{"id":"c92dca40-ee06-47f2-a186-99c28a0ac3af","name":"LOC_COLLATERAL_UPDATE (VEH) RPC","request":{"name":"LOC_COLLATERAL_UPDATE (VEH) RPC","description":{"content":"The LOC_COLLATERAL_UPDATE (VEH) function allows you to create a record of a vehicle as collateral.\nThis function emulates the @COL 02 transaction.\n**Required Fields:** enteredIdentifier(Either common.accountId or common.presentationId), collateralIdentifier.\n**Optional Fields:** clientCollateralOneText, clientCollateralTwoText, collateralAppraisalTypeCode, collateralStatusCode, collateralCommentOneText, collateralCommentTwoText, appraisedOriginalValueAmount, appraisedCurrentValueAmount, collateralLoanToValuePercentRate, collateralNextReviewDate, collateralAppraisalDate, collateralRepossessionDate, lienReleaseSentDate, lienReleaseDate, loanPayoffDate, lienFileDate, lienAmount, lienPositionNumber, lienNumberIdentifier, lienFileByName, lienLocationDescriptionText, lienAgencyLocationText, lienCommentLineOneText, lienCommentLineTwoText, lienReleaseMethodText, lienReleaseSentName, extraLienOnePositionNumber, extraLienOneAmount, extraLienOneCurrentOutstandingAmount, extraLienOneHolderName, extraLienTwoPositionNumber, extraLienTwoAmount, extraLienTwoCurrentOutstandingAmount, extraLienTwoHolderName, lienContactReleaseIndividualName, lienContactReleaseOrganizationName, lienContactPrimaryPhoneTypeCode, lienContactPrimaryPhoneText, lienContactSecondaryPhoneTypeCode, lienContactSecondaryPhoneText, lienContactBusinessEmailText, lienContactAddressValidationCode, lienContactCountryCode, lienContactPostalCode, lienContactSubdivisionText, lienContactCityName, lienContactAddressLineOneText, lienContactAddressLineTwoText, vehicleTypeText, vehicleBodyTypeText, vehicleMakeDescriptionText, vehicleModelDescriptionText, vehicleColorDescriptionText, vehicleIdentifier, vehicleNewUsedCode, vehicleIgnitionKeyIdentifier, vehicleYearNumber, vehicleOdometerReadingCount. ","type":"text/plain"},"url":{"path":["lending","v1","locCollateralUpdateVehicle"],"host":["{{baseUrl}}"],"query":[],"variable":[]},"header":[{"key":"Content-Type","value":"application/json"},{"key":"Accept","value":"*/*"}],"method":"POST","auth":null,"body":{"mode":"raw","raw":"{\n  \"collateralIdentifier\": \"<string>\",\n  \"common\": {\n    \"user\": \"<string>\",\n    \"agent\": \"<string>\",\n    \"cycle\": \"<string>\",\n    \"clientNumber\": \"<string>\",\n    \"system\": \"<string>\",\n    \"prin\": \"<string>\",\n    \"debug\": false,\n    \"org\": \"<string>\",\n    \"processor\": false,\n    \"contentType\": \"<string>\",\n    \"retry\": \"<long>\",\n    \"timeout\": \"<long>\",\n    \"siteId\": \"<string>\",\n    \"externalCustomerId\": \"<string>\",\n    \"accountId\": \"<string>\",\n    \"presentationId\": \"<string>\"\n  },\n  \"clientCollateralOneText\": \"<string>\",\n  \"clientCollateralTwoText\": \"<string>\",\n  \"collateralAppraisalTypeCode\": \"<string>\",\n  \"collateralStatusCode\": \"<string>\",\n  \"collateralCommentOneText\": \"<string>\",\n  \"collateralCommentTwoText\": \"<string>\",\n  \"appraisedOriginalValueAmount\": \"<string>\",\n  \"appraisedCurrentValueAmount\": \"<string>\",\n  \"collateralLoanToValuePercentRate\": \"<string>\",\n  \"collateralNextReviewDate\": \"<string>\",\n  \"collateralAppraisalDate\": \"<string>\",\n  \"collateralRepossessionDate\": \"<string>\",\n  \"lienReleaseSentDate\": \"<string>\",\n  \"lienReleaseDate\": \"<string>\",\n  \"loanPayoffDate\": \"<string>\",\n  \"lienFileDate\": \"<string>\",\n  \"lienAmount\": \"<string>\",\n  \"lienPositionNumber\": \"<string>\",\n  \"lienNumberIdentifier\": \"<string>\",\n  \"lienFileByName\": \"<string>\",\n  \"lienLocationDescriptionText\": \"<string>\",\n  \"lienAgencyLocationText\": \"<string>\",\n  \"lienCommentLineOneText\": \"<string>\",\n  \"lienCommentLineTwoText\": \"<string>\",\n  \"lienReleaseMethodText\": \"<string>\",\n  \"lienReleaseSentName\": \"<string>\",\n  \"extraLienOnePositionNumber\": \"<string>\",\n  \"extraLienOneAmount\": \"<string>\",\n  \"extraLienOneCurrentOutstandingAmount\": \"<string>\",\n  \"extraLienOneHolderName\": \"<string>\",\n  \"extraLienTwoPositionNumber\": \"<string>\",\n  \"extraLienTwoAmount\": \"<string>\",\n  \"extraLienTwoCurrentOutstandingAmount\": \"<string>\",\n  \"extraLienTwoHolderName\": \"<string>\",\n  \"lienContactReleaseIndividualName\": \"<string>\",\n  \"lienContactReleaseOrganizationName\": \"<string>\",\n  \"lienContactPrimaryPhoneTypeCode\": \"<string>\",\n  \"lienContactPrimaryPhoneText\": \"<string>\",\n  \"lienContactSecondaryPhoneTypeCode\": \"<string>\",\n  \"lienContactSecondaryPhoneText\": \"<string>\",\n  \"lienContactBusinessEmailText\": \"<string>\",\n  \"lienContactAddressValidationCode\": \"<string>\",\n  \"lienContactCountryCode\": \"<string>\",\n  \"lienContactPostalCode\": \"<string>\",\n  \"lienContactSubdivisionText\": \"<string>\",\n  \"lienContactCityName\": \"<string>\",\n  \"lienContactAddressLineOneText\": \"<string>\",\n  \"lienContactAddressLineTwoText\": \"<string>\",\n  \"assetTypeCode\": \"<string>\",\n  \"vehicleTypeText\": \"<string>\",\n  \"vehicleBodyTypeText\": \"<string>\",\n  \"vehicleMakeDescriptionText\": \"<string>\",\n  \"vehicleModelDescriptionText\": \"<string>\",\n  \"vehicleColorDescriptionText\": \"<string>\",\n  \"vehicleIdentifier\": \"<string>\",\n  \"vehicleNewUsedCode\": \"<string>\",\n  \"vehicleIgnitionKeyIdentifier\": \"<string>\",\n  \"vehicleYearNumber\": \"<string>\",\n  \"vehicleOdometerReadingCount\": \"<string>\"\n}","options":{"raw":{"language":"json"}}}},"response":[{"id":"e7fbb7d8-0935-4c9c-8fe6-b3e87a2a246c","name":"successful operation","originalRequest":{"url":{"path":["lending","v1","locCollateralUpdateVehicle"],"host":["{{baseUrl}}"],"query":[],"variable":[]},"header":[{"key":"Accept","value":"*/*"}],"method":"POST","body":{}},"status":"OK","code":200,"header":[{"key":"Content-Type","value":"*/*"}],"body":"{\n  \"processorInfo\": {\n    \"system\": \"velit nulla est\",\n    \"cycle\": \"commodo Ut tempor\",\n    \"tor\": \"qui proident aute\",\n    \"mode\": \"dolore reprehenderit sit nostrud do\"\n  },\n  \"messages\": [\n    {\n      \"resultCode\": \"cillum pariatur esse ullamco a\",\n      \"messageText\": \"amet nisi dolore sit tempor\",\n      \"transactionStatus\": \"ea velit aute ut\"\n    },\n    {\n      \"resultCode\": \"cupidatat officia labore\",\n      \"messageText\": \"exercitation quis ut ad\",\n      \"transactionStatus\": \"consequat consectetur ut\"\n    }\n  ]\n}","cookie":[],"_postman_previewlanguage":"json"}],"event":[],"protocolProfileBehavior":{"disableBodyPruning":true}},{"id":"22ed5d2e-af48-41e4-9d20-ada39fcdf259","name":"LOC_COLLATERAL ODS View","request":{"name":"LOC_COLLATERAL ODS View","description":{"content":"The LOC_COLLATERAL view provides access to the collateral information on an account.\n**Required Fields:** enteredIdentifier(Either common.accountId or common.presentationId), selectFields.\n**Optional Fields:** startSequence, endSequence, odsNaming. ","type":"text/plain"},"url":{"path":["lending","v1","locCollateral"],"host":["{{baseUrl}}"],"query":[],"variable":[]},"header":[{"key":"Content-Type","value":"application/json"},{"key":"Accept","value":"*/*"}],"method":"POST","auth":null,"body":{"mode":"raw","raw":"{\n  \"collateralIdentifier\": \"<string>\",\n  \"endSequence\": \"<string>\",\n  \"selectFields\": [\n    \"<string>\"\n  ],\n  \"startSequence\": \"<string>\",\n  \"common\": {\n    \"user\": \"<string>\",\n    \"agent\": \"<string>\",\n    \"cycle\": \"<string>\",\n    \"clientNumber\": \"<string>\",\n    \"system\": \"<string>\",\n    \"prin\": \"<string>\",\n    \"debug\": false,\n    \"org\": \"<string>\",\n    \"processor\": false,\n    \"contentType\": \"<string>\",\n    \"retry\": \"<long>\",\n    \"timeout\": \"<long>\",\n    \"siteId\": \"<string>\",\n    \"externalCustomerId\": \"<string>\",\n    \"accountId\": \"<string>\",\n    \"presentationId\": \"<string>\"\n  },\n  \"odsNaming\": \"<boolean>\",\n  \"assetTypeCode\": \"<string>\"\n}","options":{"raw":{"language":"json"}}}},"response":[{"id":"84786727-f37d-41af-bc3b-f9c2147abc83","name":"successful operation","originalRequest":{"url":{"path":["lending","v1","locCollateral"],"host":["{{baseUrl}}"],"query":[],"variable":[]},"header":[{"key":"Accept","value":"*/*"}],"method":"POST","body":{"mode":"raw","raw":"{\n  \"collateralIdentifier\": \"<string>\",\n  \"endSequence\": \"25\",\n  \"selectFields\": [\n    \"anyvalidfieldname1\",\n    \"anyvalidfieldname2\",\n    \"anyvalidfieldname3\",\n    \"anyvalidfieldname?\",\n    \"anyvalidfieldname?n\"\n  ],\n  \"startSequence\": \"1\",\n  \"common\": {\n    \"user\": \"<string>\",\n    \"agent\": \"4000\",\n    \"cycle\": \"T\",\n    \"clientNumber\": \"1000\",\n    \"system\": \"2000\",\n    \"prin\": \"3000\",\n    \"debug\": false,\n    \"org\": \"<string>\",\n    \"processor\": false,\n    \"contentType\": \"<string>\",\n    \"retry\": 0,\n    \"timeout\": 45000,\n    \"siteId\": \"4201\",\n    \"externalCustomerId\": \"<string>\",\n    \"accountId\": \"8888888888888888\",\n    \"presentationId\": \"<string>\"\n  },\n  \"odsNaming\": \"<boolean>\",\n  \"assetTypeCode\": \"OTHR\"\n}","options":{"raw":{"language":"json"}}}},"status":"OK","code":200,"header":[{"key":"Content-Type","value":"*/*"}],"body":"{\n  \"processorInfo\": {\n    \"system\": \"veniam ut\",\n    \"cycle\": \"minim eu\",\n    \"tor\": \"dolor\",\n    \"mode\": \"eiusmod consectetur irure ex\"\n  },\n  \"collaterals\": [\n    {\n      \"selectedFields\": {\n        \"reprehenderit_fb\": \"mollit Excepteur esse\"\n      },\n      \"accountIdentifier\": \"officia deserunt veniam esse\",\n      \"appraisedCurrentValueAmount\": \"tempor ullamco cupidatat enim\",\n      \"appraisedOriginalValueAmount\": \"ea cillum Duis pariatur Excepteur\",\n      \"assetTypeCode\": \"id et commodo Excepteur\",\n      \"collateralAddDate\": \"eu ut\",\n      \"collateralAppraisalDate\": \"magna voluptate proide\",\n      \"collateralAppraisalTypeCode\": \"\",\n      \"collateralCommentOneText\": \"Lorem elit nisi\",\n      \"collateralCommentTwoText\": \"adipisicing velit dolor incididunt eu\",\n      \"collateralIdentifier\": \"dolore nulla\",\n      \"collateralLoanToValuePercentRate\": \"Duis tempor eiusmod\",\n      \"collateralNextReviewDate\": \"do ad commodo Ut\",\n      \"collateralRepossessionDate\": \"dolor dolore\",\n      \"collateralStatusChangeDate\": \"Excepteur Lorem\",\n      \"collateralStatusCode\": \"cillum enim\",\n      \"clientCollateralOneText\": \"occaecat elit consequat\",\n      \"clientCollateralTwoText\": \"ut reprehenderit\",\n      \"enteredIdentifier\": \"non ut\",\n      \"extraLienOneAmount\": \"eu minim\",\n      \"extraLienOneCurrentOutstandingAmount\": \"quis esse Excepteur\",\n      \"extraLienOneHolderName\": \"do elit \",\n      \"extraLienOnePositionNumber\": \"quis eiusmod dolor\",\n      \"extraLienTwoAmount\": \"occaecat ullamco cupidatat eiusmod\",\n      \"extraLienTwoCurrentOutstandingAmount\": \"occaecat elit\",\n      \"extraLienTwoHolderName\": \"nisi commodo cupidatat tempor\",\n      \"extraLienTwoPositionNumber\": \"velit eu\",\n      \"lastCollateralNonMonetaryCode\": \"sunt nostrud\",\n      \"lastCollateralNonMonetaryDate\": \"consequat dolore\",\n      \"lastCollateralNonMonetaryTime\": \"quis in anim elit\",\n      \"lastCollateralSourceText\": \"incididunt enim\",\n      \"lienAgencyLocationText\": \"qui Lorem eu nulla\",\n      \"lienAmount\": \"nostrud laboris\",\n      \"lienCommentLineOneText\": \"commodo labore magna ullamco\",\n      \"lienCommentLineTwoText\": \"est\",\n      \"lienContactAddressLineOneText\": \"fugiat elit\",\n      \"lienContactAddressLineTwoText\": \"in\",\n      \"lienContactAddressValidationCode\": \"culpa Duis in\",\n      \"lienContactBusinessEmailText\": \"aliqua eiusmod\",\n      \"lienContactCityName\": \"culpa pariatur nostrud veniam\",\n      \"lienContactCountryCode\": \"id\",\n      \"lienContactPostalCode\": \"laboris cons\",\n      \"lienContactPrimaryPhoneText\": \"in esse\",\n      \"lienContactPrimaryPhoneTypeCode\": \"eu in dolore labore\",\n      \"lienContactReleaseIndividualName\": \"deserunt dolor ex reprehenderit enim\",\n      \"lienContactReleaseOrganizationName\": \"anim Ut ipsum mollit\",\n      \"lienContactSecondaryPhoneText\": \"est proiden\",\n      \"lienContactSecondaryPhoneTypeCode\": \"cupidatat\",\n      \"lienContactSubdivisionText\": \"aute esse incididunt\",\n      \"lienFileByName\": \"ut et\",\n      \"lienFileDate\": \"non id\",\n      \"lienLocationDescriptionText\": \"ullamco ea dolor cillum\",\n      \"lienNumberIdentifier\": \"proident\",\n      \"lienPositionNumber\": \"nisi aute eiusmod quis\",\n      \"lienReleaseDate\": \"nulla ut labore\",\n      \"lienReleaseMethodText\": \"in aute commodo ut\",\n      \"lienReleaseSentDate\": \"ut pariatur\",\n      \"lienReleaseSentName\": \"et exercitation sint in nisi\",\n      \"loanPayoffDate\": \"magna velit sit commodo\",\n      \"otherAssetExpirationDate\": \"dolore exercitation\",\n      \"otherAssetIssueDate\": \"commodo nisi ipsum minim\",\n      \"otherAssetIssueIdentifier\": \"pariatur esse oc\",\n      \"otherCollateralDescriptionOneText\": \"eiusmod sunt\",\n      \"otherCollateralDescriptionTwoText\": \"elit mini\",\n      \"otherContactAddressLineOneText\": \"nulla ut cillum reprehenderit\",\n      \"otherContactAddressLineTwoText\": \"minim in\",\n      \"otherContactAddressValidationCode\": \"exercitation\",\n      \"otherContactBusinessEmailText\": \"sed reprehenderit Excepteur\",\n      \"otherContactCityName\": \"esse laborum Excepteur in\",\n      \"otherContactCountryCode\": \"qui culpa veniam eiusmod dolor\",\n      \"otherContactIndividualName\": \"non et elit\",\n      \"otherContactOrganizationName\": \"mollit in proident\",\n      \"otherContactPostalCode\": \"tempor elit ad\",\n      \"otherContactPrimaryPhoneText\": \"consectetur reprehenderit esse aliqua\",\n      \"otherContactPrimaryPhoneTypeCode\": \"qui culpa consectetur\",\n      \"otherContactSecondaryPhoneText\": \"mollit\",\n      \"otherContactSecondaryPhoneTypeCode\": \"ipsum\",\n      \"otherContactSubdivisionText\": \"voluptate\",\n      \"otherLocationDescriptionOneText\": \"ut est proident el\",\n      \"otherLocationDescriptionTwoText\": \"consequat in in irure occaecat\",\n      \"realEstateAddressLineOneText\": \"id proident velit\",\n      \"realEstateAddressLineTwoText\": \"in\",\n      \"realEstateCensusTrackCode\": \"exerci\",\n      \"realEstateCityName\": \"minim tempor exercitation laboris nostrud\",\n      \"realEstateCountryCode\": \"magna cillu\",\n      \"realEstateCountyParishName\": \"exercitation dolor cillum eu Excepteur\",\n      \"realEstateFipsCountyStateCode\": \"ea eiusmod sint non\",\n      \"realEstateFloodInsuranceIndicator\": \"eiusmod esse velit aute\",\n      \"realEstateFloodInsuranceRequirementIndicator\": \"minim\",\n      \"realEstateLegalDescriptionOneText\": \"ullamco dolor mollit et\",\n      \"realEstateLegalDescriptionTwoText\": \"quis sunt\",\n      \"realEstateLegalDescriptionThreeText\": \"Excepteur quis dolore aliquip\",\n      \"realEstateOwnerOccupiedIndicator\": \"dolore non laborum nisi\",\n      \"realEstatePostalCode\": \"et nisi qui velit sit\",\n      \"realEstateSubdivisionCode\": \"laboris commodo sed esse\",\n      \"realEstateTaxMapKeyIdentifier\": \"in\",\n      \"vehicleBodyTypeText\": \"est commodo sunt\",\n      \"vehicleColorDescriptionText\": \"cupidatat elit\",\n      \"vehicleIdentifier\": \"minim pariatur deserunt qui\",\n      \"vehicleIgnitionKeyIdentifier\": \"nulla fugiat\",\n      \"vehicleMakeDescriptionText\": \"consectetur qui elit\",\n      \"vehicleModelDescriptionText\": \"aute dolore\",\n      \"vehicleNewUsedCode\": \"veniam culpa pariatur esse Lorem\",\n      \"vehicleOdometerReadingCount\": \"ullamco reprehenderit laboris dolor nisi\",\n      \"vehicleTypeText\": \"dolore\",\n      \"vehicleYearNumber\": \"minim exercitation ut\"\n    },\n    {\n      \"selectedFields\": {\n        \"nisi__9a\": \"dolor id do ut\",\n        \"anim_e5\": \"dolor nisi sunt\",\n        \"consequat3a1\": \"non veniam minim ea\",\n        \"ipsum_598\": \"deserunt elit esse cupidatat\"\n      },\n      \"accountIdentifier\": \"commodo reprehenderit officia\",\n      \"appraisedCurrentValueAmount\": \"sunt culpa\",\n      \"appraisedOriginalValueAmount\": \"dolore eiusmod nulla\",\n      \"assetTypeCode\": \"dolore eiusmod enim\",\n      \"collateralAddDate\": \"magna enim Duis esse\",\n      \"collateralAppraisalDate\": \"dolor velit Duis consequat\",\n      \"collateralAppraisalTypeCode\": \"id sint pariatur\",\n      \"collateralCommentOneText\": \"pariatur non magna fugiat\",\n      \"collateralCommentTwoText\": \"esse irure amet\",\n      \"collateralIdentifier\": \"officia in incididunt\",\n      \"collateralLoanToValuePercentRate\": \"sed anim\",\n      \"collateralNextReviewDate\": \"anim ut fugiat\",\n      \"collateralRepossessionDate\": \"Ut sit ea exercitation aliquip\",\n      \"collateralStatusChangeDate\": \"laborum anim\",\n      \"collateralStatusCode\": \"dolor id\",\n      \"clientCollateralOneText\": \"exercitation Duis\",\n      \"clientCollateralTwoText\": \"consequat proident\",\n      \"enteredIdentifier\": \"pariatur laborum ullamco n\",\n      \"extraLienOneAmount\": \"anim\",\n      \"extraLienOneCurrentOutstandingAmount\": \"voluptate ut par\",\n      \"extraLienOneHolderName\": \"in Ut eu\",\n      \"extraLienOnePositionNumber\": \"qui ve\",\n      \"extraLienTwoAmount\": \"eu enim\",\n      \"extraLienTwoCurrentOutstandingAmount\": \"commodo deserunt in ex\",\n      \"extraLienTwoHolderName\": \"ut magna officia d\",\n      \"extraLienTwoPositionNumber\": \"Lorem occaecat ut cillum laborum\",\n      \"lastCollateralNonMonetaryCode\": \"Lorem et\",\n      \"lastCollateralNonMonetaryDate\": \"qui exercitation sint ut deserunt\",\n      \"lastCollateralNonMonetaryTime\": \"sint reprehenderit\",\n      \"lastCollateralSourceText\": \"elit nulla dolore\",\n      \"lienAgencyLocationText\": \"proident enim\",\n      \"lienAmount\": \"nisi sunt esse tempor\",\n      \"lienCommentLineOneText\": \"sint aliqua\",\n      \"lienCommentLineTwoText\": \"commodo elit\",\n      \"lienContactAddressLineOneText\": \"eu in\",\n      \"lienContactAddressLineTwoText\": \"aliquip labore\",\n      \"lienContactAddressValidationCode\": \"culpa fugiat aliqua minim\",\n      \"lienContactBusinessEmailText\": \"irure quis\",\n      \"lienContactCityName\": \"aliqua aliquip et\",\n      \"lienContactCountryCode\": \"tempor\",\n      \"lienContactPostalCode\": \"do laboris\",\n      \"lienContactPrimaryPhoneText\": \"ipsum nostrud elit\",\n      \"lienContactPrimaryPhoneTypeCode\": \"aliqua ea mollit\",\n      \"lienContactReleaseIndividualName\": \"veniam reprehenderit\",\n      \"lienContactReleaseOrganizationName\": \"Ut culpa\",\n      \"lienContactSecondaryPhoneText\": \"et\",\n      \"lienContactSecondaryPhoneTypeCode\": \"ex consectetur voluptate sed\",\n      \"lienContactSubdivisionText\": \"elit Ut minim adipisicing\",\n      \"lienFileByName\": \"consequat\",\n      \"lienFileDate\": \"mollit cupidatat id\",\n      \"lienLocationDescriptionText\": \"reprehenderit elit Lorem qui\",\n      \"lienNumberIdentifier\": \"dolor anim\",\n      \"lienPositionNumber\": \"do laborum consequat\",\n      \"lienReleaseDate\": \"ullamco elit co\",\n      \"lienReleaseMethodText\": \"ipsum Excepteur\",\n      \"lienReleaseSentDate\": \"occaecat sit incididunt ipsum\",\n      \"lienReleaseSentName\": \"cillum officia est labore\",\n      \"loanPayoffDate\": \"al\",\n      \"otherAssetExpirationDate\": \"laborum\",\n      \"otherAssetIssueDate\": \"cillum Excepteur elit\",\n      \"otherAssetIssueIdentifier\": \"aliqua fugiat offic\",\n      \"otherCollateralDescriptionOneText\": \"sed sint enim ullamco\",\n      \"otherCollateralDescriptionTwoText\": \"ut\",\n      \"otherContactAddressLineOneText\": \"proident sin\",\n      \"otherContactAddressLineTwoText\": \"laboris\",\n      \"otherContactAddressValidationCode\": \"ullamco sit\",\n      \"otherContactBusinessEmailText\": \"mollit dolore laborum elit\",\n      \"otherContactCityName\": \"sint adipisicing tempor enim Ut\",\n      \"otherContactCountryCode\": \"Duis commodo exercitation laborum\",\n      \"otherContactIndividualName\": \"adipisicing in magna sed\",\n      \"otherContactOrganizationName\": \"culpa quis officia laborum\",\n      \"otherContactPostalCode\": \"magna \",\n      \"otherContactPrimaryPhoneText\": \"cillum cup\",\n      \"otherContactPrimaryPhoneTypeCode\": \"irure eiusmod ut\",\n      \"otherContactSecondaryPhoneText\": \"mollit do f\",\n      \"otherContactSecondaryPhoneTypeCode\": \"consequat deserunt et exercitation\",\n      \"otherContactSubdivisionText\": \"Lorem laborum pariatur\",\n      \"otherLocationDescriptionOneText\": \"laboris dolore eu aliqua\",\n      \"otherLocationDescriptionTwoText\": \"veniam in sint commodo aliqua\",\n      \"realEstateAddressLineOneText\": \"officia ut\",\n      \"realEstateAddressLineTwoText\": \"in aute Duis enim\",\n      \"realEstateCensusTrackCode\": \"fugiat ullamco sunt dolore\",\n      \"realEstateCityName\": \"id aliquip incididunt nisi\",\n      \"realEstateCountryCode\": \"ad elit\",\n      \"realEstateCountyParishName\": \"laborum eiusmod eu\",\n      \"realEstateFipsCountyStateCode\": \"in quis voluptate dolore\",\n      \"realEstateFloodInsuranceIndicator\": \"laboris quis voluptate velit ex\",\n      \"realEstateFloodInsuranceRequirementIndicator\": \"in ex labore\",\n      \"realEstateLegalDescriptionOneText\": \"dolor quis\",\n      \"realEstateLegalDescriptionTwoText\": \"Lorem ex\",\n      \"realEstateLegalDescriptionThreeText\": \"amet nulla non\",\n      \"realEstateOwnerOccupiedIndicator\": \"ex laborum reprehenderit dolor\",\n      \"realEstatePostalCode\": \"ullamco ut velit\",\n      \"realEstateSubdivisionCode\": \"exercitation\",\n      \"realEstateTaxMapKeyIdentifier\": \"elit\",\n      \"vehicleBodyTypeText\": \"mollit proident ut dolore\",\n      \"vehicleColorDescriptionText\": \"irure\",\n      \"vehicleIdentifier\": \"ame\",\n      \"vehicleIgnitionKeyIdentifier\": \"dolore\",\n      \"vehicleMakeDescriptionText\": \"do amet\",\n      \"vehicleModelDescriptionText\": \"labo\",\n      \"vehicleNewUsedCode\": \"laboris culpa\",\n      \"vehicleOdometerReadingCount\": \"sit eiusmod nisi et\",\n      \"vehicleTypeText\": \"ad nulla proident Excepteur\",\n      \"vehicleYearNumber\": \"aliquip\"\n    }\n  ]\n}","cookie":[],"_postman_previewlanguage":"json"}],"event":[],"protocolProfileBehavior":{"disableBodyPruning":true}},{"id":"0c9b9b7b-2989-4016-b19e-f62166e2c877","name":"STUDENT_LOAN_RETRO_ADD ODS RPC,","request":{"name":"STUDENT_LOAN_RETRO_ADD ODS RPC,","description":{"content":"The STUDENT_LOAN_RETRO_ADD function allows users to enter deferment and forbearance\nactions on student loan accounts.\nRequired fields: common.accountId or common.presentationId and retroactiveEventTypeCode","type":"text/plain"},"url":{"path":["lending","v1","studentLoanRetroAdd"],"host":["{{baseUrl}}"],"query":[],"variable":[]},"header":[{"key":"Content-Type","value":"application/json"},{"key":"Accept","value":"*/*"}],"method":"POST","auth":null,"body":{"mode":"raw","raw":"{\n  \"retroactiveEventTypeCode\": \"<string>\",\n  \"common\": {\n    \"user\": \"<string>\",\n    \"agent\": \"<string>\",\n    \"cycle\": \"<string>\",\n    \"clientNumber\": \"<string>\",\n    \"system\": \"<string>\",\n    \"prin\": \"<string>\",\n    \"debug\": false,\n    \"org\": \"<string>\",\n    \"processor\": false,\n    \"contentType\": \"<string>\",\n    \"retry\": \"<long>\",\n    \"timeout\": \"<long>\",\n    \"siteId\": \"<string>\",\n    \"externalCustomerId\": \"<string>\",\n    \"accountId\": \"<string>\",\n    \"presentationId\": \"<string>\"\n  },\n  \"retroactiveStartDate\": \"<string>\",\n  \"retroactiveEndDate\": \"<string>\",\n  \"retroactiveEventInterestRate\": \"<string>\",\n  \"capitalizedInterestIndicator\": \"<string>\",\n  \"removeLateFeesIndicator\": \"<string>\",\n  \"updateCreditBureauPaymentHistoryIndicator\": \"<string>\",\n  \"cppormMethodOverrideIdentifier\": \"<string>\",\n  \"cpicidMethodOverrideIdentifier\": \"<string>\",\n  \"nonDelinquentMinimumPaymentDueAmount\": \"<string>\",\n  \"retroactiveReasonCode\": \"<string>\"\n}","options":{"raw":{"language":"json"}}}},"response":[{"id":"73d38251-a0f4-4b3e-b695-3bfda197b7b6","name":"successful operation","originalRequest":{"url":{"path":["lending","v1","studentLoanRetroAdd"],"host":["{{baseUrl}}"],"query":[],"variable":[]},"header":[{"key":"Accept","value":"*/*"}],"method":"POST","body":{}},"status":"OK","code":200,"header":[{"key":"Content-Type","value":"*/*"}],"body":"{\n  \"processorInfo\": {\n    \"system\": \"labore ut Ut\",\n    \"cycle\": \"deserunt qui ad quis\",\n    \"tor\": \"Duis minim est culpa\",\n    \"mode\": \"eu\"\n  },\n  \"adjustedMaturityDate\": \"magna\",\n  \"endingBilledPaymentDueAmount\": \"voluptate velit commodo\",\n  \"retroactiveEventCycleNumber\": \"in cillum consectetur non\",\n  \"startingBilledPaymentDueAmount\": \"esse\",\n  \"totalBilledInterestAdjustedAmount\": \"culpa\",\n  \"totalLateFeesAdjustedAmount\": \"nulla pariatur sed deserunt enim\"\n}","cookie":[],"_postman_previewlanguage":"json"}],"event":[],"protocolProfileBehavior":{"disableBodyPruning":true}},{"id":"cc1ff675-2c55-44df-9ad1-cf0f6b9d55ee","name":"STUDENT_LOAN_RETRO_HISTORY ODS View,","request":{"name":"STUDENT_LOAN_RETRO_HISTORY ODS View,","description":{"content":"The STUDENT_LOAN_RETRO_HISTORY function allows users to get retro history\nbased on student loan accounts.\nRequired fields: common.accountId or common.presentationId","type":"text/plain"},"url":{"path":["lending","v1","studentLoanRetroHistory"],"host":["{{baseUrl}}"],"query":[],"variable":[]},"header":[{"key":"Content-Type","value":"application/json"},{"key":"Accept","value":"*/*"}],"method":"POST","auth":null,"body":{"mode":"raw","raw":"{\n  \"endSequence\": \"<string>\",\n  \"selectFields\": [\n    \"<string>\"\n  ],\n  \"startSequence\": \"<string>\",\n  \"common\": {\n    \"user\": \"<string>\",\n    \"agent\": \"<string>\",\n    \"cycle\": \"<string>\",\n    \"clientNumber\": \"<string>\",\n    \"system\": \"<string>\",\n    \"prin\": \"<string>\",\n    \"debug\": false,\n    \"org\": \"<string>\",\n    \"processor\": false,\n    \"contentType\": \"<string>\",\n    \"retry\": \"<long>\",\n    \"timeout\": \"<long>\",\n    \"siteId\": \"<string>\",\n    \"externalCustomerId\": \"<string>\",\n    \"accountId\": \"<string>\",\n    \"presentationId\": \"<string>\"\n  },\n  \"odsNaming\": \"<boolean>\"\n}","options":{"raw":{"language":"json"}}}},"response":[{"id":"be06efc2-7bdf-4c0f-9a43-0867eb1b6721","name":"successful operation","originalRequest":{"url":{"path":["lending","v1","studentLoanRetroHistory"],"host":["{{baseUrl}}"],"query":[],"variable":[]},"header":[{"key":"Accept","value":"*/*"}],"method":"POST","body":{"mode":"raw","raw":"{\n  \"endSequence\": \"25\",\n  \"selectFields\": [\n    \"anyvalidfieldname1\",\n    \"anyvalidfieldname2\",\n    \"anyvalidfieldname3\",\n    \"anyvalidfieldname?\",\n    \"anyvalidfieldname?n\"\n  ],\n  \"startSequence\": \"1\",\n  \"common\": {\n    \"user\": \"<string>\",\n    \"agent\": \"4000\",\n    \"cycle\": \"T\",\n    \"clientNumber\": \"1000\",\n    \"system\": \"2000\",\n    \"prin\": \"3000\",\n    \"debug\": false,\n    \"org\": \"<string>\",\n    \"processor\": false,\n    \"contentType\": \"<string>\",\n    \"retry\": 0,\n    \"timeout\": 45000,\n    \"siteId\": \"4201\",\n    \"externalCustomerId\": \"<string>\",\n    \"accountId\": \"8888888888888888\",\n    \"presentationId\": \"<string>\"\n  },\n  \"odsNaming\": \"<boolean>\"\n}","options":{"raw":{"language":"json"}}}},"status":"OK","code":200,"header":[{"key":"Content-Type","value":"*/*"}],"body":"{\n  \"processorInfo\": {\n    \"system\": \"consectetur enim\",\n    \"cycle\": \"Ut magna tempor\",\n    \"tor\": \"aliqu\",\n    \"mode\": \"proident\"\n  },\n  \"studentLoanRetroHistoryFieldsList\": [\n    {\n      \"selectedFields\": {\n        \"pariatur_62\": \"reprehenderit\",\n        \"in2\": \"sed eius\"\n      },\n      \"accountIdentifier\": \"eiusmod ea Lorem\",\n      \"currentLoanGraduationSeparationDate\": \"tempor eu\",\n      \"currentLoanRepaymentBeginDate\": \"dolore exercitation ut ullamco\",\n      \"currentLoanMaturityDate\": \"in\",\n      \"currentLoanStatusCode\": \"eu incididunt non do moll\",\n      \"currentLoanPhaseCode\": \"dolor do aute sunt\",\n      \"retroactiveTypeCode\": \"cupidatat in sunt sint\",\n      \"retroactiveEventStartDate\": \"in\",\n      \"retroactiveEventEndDate\": \"anim inc\",\n      \"retroactiveEventAddTimestamp\": \"minim non occ\",\n      \"statementCycleDate\": \"sint laborum in eu incididunt\",\n      \"itemStatusCode\": \"nisi ad Ut in\",\n      \"itemInterestRate\": \"eu aute dolore ipsum\",\n      \"statementCycleCapitalizeInterestCode\": \"Duis aliqua sed officia\",\n      \"itemMinimumPaymentDueAmount\": \"ut\",\n      \"statementCycleTotalPaymentAmount\": \"magna commodo ullamco enim\",\n      \"statementCycleOriginalGraduationSeparationDate\": \"magna \",\n      \"statementCycleOriginalRepaymentBeginDate\": \"voluptate in ullamco\",\n      \"statementCycleOriginalMaturityDate\": \"dolore exercitation\",\n      \"statementBalanceAmount\": \"fugiat ullamco cupidatat\",\n      \"statementCycleOriginalStatusCode\": \"sit deserunt magna\",\n      \"lastRetroactiveActionDate\": \"et quis fugiat sint mollit\",\n      \"lastRetroactiveStatusCode\": \"Duis\",\n      \"statementCycleOriginalInterestRateOne\": \"enim dolor do ipsum\",\n      \"statementCycleOriginalInterestOneDayNumber\": \"adipisicing\",\n      \"statementCycleOriginalInterestRateTwo\": \"labore sit\",\n      \"statementCycleOriginalInterestTwoDayNumber\": \"Excepteur pariatur in\",\n      \"statementCycleOriginalBilledInterestAmount\": \"reprehenderit\",\n      \"statementCycleOriginalLateFeeAmount\": \"dolore aute\",\n      \"statementCycleOriginalRepaymentFeeAmount\": \"exercitation consequat\",\n      \"statementCycleOriginalCapitalizeInterestAmount\": \"p\",\n      \"statementCycleOriginalMinimumPaymentDueAmount\": \"sunt ex in mollit\",\n      \"statementCycleOriginalDelinquentAmount\": \"ad pariatur\",\n      \"retroactiveAdjustedBilledInterestAmount\": \"enim ad Lorem cillum\",\n      \"retroactiveAdjustedLateFeeAmount\": \"aute ullamco in elit\",\n      \"retroactiveAdjustedRepaymentFeeAmount\": \"culpa commodo fugiat\",\n      \"retroactiveAdjustedCapitalizedInterestAmount\": \"eiusmod ea cupidatat offici\",\n      \"retroactiveAdjustedMinimumPaymentDueAmount\": \"ut deserunt in qui\",\n      \"retroactiveAdjustedDelinquencyAmount\": \"Excepteur nulla aliqua\",\n      \"firstPeriodCashAdb\": \"irure enim nulla ex dolor\",\n      \"secondPeriodCashAdb\": \"n\",\n      \"firstPeriodMerchandiseAdb\": \"ipsum\",\n      \"secondPeriodMerchandiseAdb\": \"dolore exercitation mini\",\n      \"retroEventRemovalDate\": \"magna cupidatat ea\",\n      \"retroActiveAdjustedInterestRate\": \"dolore occaecat incididunt ut\"\n    },\n    {\n      \"selectedFields\": {\n        \"adipisicing_64\": \"esse in\"\n      },\n      \"accountIdentifier\": \"ex laborum\",\n      \"currentLoanGraduationSeparationDate\": \"mollit enim sed aliqua\",\n      \"currentLoanRepaymentBeginDate\": \"sunt consequat mollit occaecat commod\",\n      \"currentLoanMaturityDate\": \"culpa mollit aute\",\n      \"currentLoanStatusCode\": \"pariatur laborum\",\n      \"currentLoanPhaseCode\": \"ut\",\n      \"retroactiveTypeCode\": \"mollit aliquip sunt aute\",\n      \"retroactiveEventStartDate\": \"Du\",\n      \"retroactiveEventEndDate\": \"reprehenderit ut dolore laborum\",\n      \"retroactiveEventAddTimestamp\": \"culpa ipsum veniam in\",\n      \"statementCycleDate\": \"et proident\",\n      \"itemStatusCode\": \"consectetur consequat ipsum\",\n      \"itemInterestRate\": \"minim tempor occaecat Duis\",\n      \"statementCycleCapitalizeInterestCode\": \"et adipisicing quis in\",\n      \"itemMinimumPaymentDueAmount\": \"consequat deserunt occaecat\",\n      \"statementCycleTotalPaymentAmount\": \"fugiat conse\",\n      \"statementCycleOriginalGraduationSeparationDate\": \"dolore ut enim tempor\",\n      \"statementCycleOriginalRepaymentBeginDate\": \"tempor est\",\n      \"statementCycleOriginalMaturityDate\": \"Excepteur quis\",\n      \"statementBalanceAmount\": \"consequat ea in occaecat\",\n      \"statementCycleOriginalStatusCode\": \"proident ut sit mollit\",\n      \"lastRetroactiveActionDate\": \"irure ipsum in\",\n      \"lastRetroactiveStatusCode\": \"laboris ut labore\",\n      \"statementCycleOriginalInterestRateOne\": \"Duis \",\n      \"statementCycleOriginalInterestOneDayNumber\": \"commodo\",\n      \"statementCycleOriginalInterestRateTwo\": \"laboris Lorem\",\n      \"statementCycleOriginalInterestTwoDayNumber\": \"dolore pariatur et elit irure\",\n      \"statementCycleOriginalBilledInterestAmount\": \"eiusmod elit\",\n      \"statementCycleOriginalLateFeeAmount\": \"dolor ipsum aute\",\n      \"statementCycleOriginalRepaymentFeeAmount\": \"sit mollit ut\",\n      \"statementCycleOriginalCapitalizeInterestAmount\": \"culpa\",\n      \"statementCycleOriginalMinimumPaymentDueAmount\": \"anim\",\n      \"statementCycleOriginalDelinquentAmount\": \"deserunt nisi laborum consectetur ut\",\n      \"retroactiveAdjustedBilledInterestAmount\": \"deserunt enim laboris sunt proident\",\n      \"retroactiveAdjustedLateFeeAmount\": \"non sit occaecat\",\n      \"retroactiveAdjustedRepaymentFeeAmount\": \"labore proident\",\n      \"retroactiveAdjustedCapitalizedInterestAmount\": \"aliquip\",\n      \"retroactiveAdjustedMinimumPaymentDueAmount\": \"ex ut ea\",\n      \"retroactiveAdjustedDelinquencyAmount\": \"magna sit\",\n      \"firstPeriodCashAdb\": \"id in sed\",\n      \"secondPeriodCashAdb\": \"est in sunt\",\n      \"firstPeriodMerchandiseAdb\": \"ess\",\n      \"secondPeriodMerchandiseAdb\": \"aute sed deserunt veniam ad\",\n      \"retroEventRemovalDate\": \"magna\",\n      \"retroActiveAdjustedInterestRate\": \"Excepteur ipsum minim\"\n    }\n  ]\n}","cookie":[],"_postman_previewlanguage":"json"}],"event":[],"protocolProfileBehavior":{"disableBodyPruning":true}},{"id":"85588539-7cd9-4903-9abe-a017fa4e6abd","name":"STUDENT_LOAN_RETRO_UNDO ODS RPC,","request":{"name":"STUDENT_LOAN_RETRO_UNDO ODS RPC,","description":{"content":"The STUDENT_LOAN_RETRO_UNDO function allows users to remove deferment and forbearance\nactions on student loan accounts. This function emulates the EDH transaction.\nRequired fields: common.accountId or common.presentationId, retroactiveTypeCode, retroactiveEventStartDate \nretroactiveEventEndDate, retroactiveEventRemovalDate and retroactiveEventAddTimestamp ","type":"text/plain"},"url":{"path":["lending","v1","studentLoanRetroUndo"],"host":["{{baseUrl}}"],"query":[],"variable":[]},"header":[{"key":"Content-Type","value":"application/json"},{"key":"Accept","value":"*/*"}],"method":"POST","auth":null,"body":{"mode":"raw","raw":"{\n  \"retroactiveEventAddTimestamp\": \"<string>\",\n  \"retroactiveEventEndDate\": \"<string>\",\n  \"retroactiveEventRemovalDate\": \"<string>\",\n  \"retroactiveEventStartDate\": \"<string>\",\n  \"retroactiveTypeCode\": \"<string>\",\n  \"common\": {\n    \"user\": \"<string>\",\n    \"agent\": \"<string>\",\n    \"cycle\": \"<string>\",\n    \"clientNumber\": \"<string>\",\n    \"system\": \"<string>\",\n    \"prin\": \"<string>\",\n    \"debug\": false,\n    \"org\": \"<string>\",\n    \"processor\": false,\n    \"contentType\": \"<string>\",\n    \"retry\": \"<long>\",\n    \"timeout\": \"<long>\",\n    \"siteId\": \"<string>\",\n    \"externalCustomerId\": \"<string>\",\n    \"accountId\": \"<string>\",\n    \"presentationId\": \"<string>\"\n  }\n}","options":{"raw":{"language":"json"}}}},"response":[{"id":"14d9a7c4-da4e-4063-b52c-b17e6baaf2e6","name":"successful operation","originalRequest":{"url":{"path":["lending","v1","studentLoanRetroUndo"],"host":["{{baseUrl}}"],"query":[],"variable":[]},"header":[{"key":"Accept","value":"*/*"}],"method":"POST","body":{"mode":"raw","raw":"{\n  \"retroactiveEventAddTimestamp\": \"<string>\",\n  \"retroactiveEventEndDate\": \"<string>\",\n  \"retroactiveEventRemovalDate\": \"<string>\",\n  \"retroactiveEventStartDate\": \"<string>\",\n  \"retroactiveTypeCode\": \"DF\",\n  \"common\": {\n    \"user\": \"<string>\",\n    \"agent\": \"4000\",\n    \"cycle\": \"T\",\n    \"clientNumber\": \"1000\",\n    \"system\": \"2000\",\n    \"prin\": \"3000\",\n    \"debug\": false,\n    \"org\": \"<string>\",\n    \"processor\": false,\n    \"contentType\": \"<string>\",\n    \"retry\": 0,\n    \"timeout\": 45000,\n    \"siteId\": \"4201\",\n    \"externalCustomerId\": \"<string>\",\n    \"accountId\": \"8888888888888888\",\n    \"presentationId\": \"<string>\"\n  }\n}","options":{"raw":{"language":"json"}}}},"status":"OK","code":200,"header":[{"key":"Content-Type","value":"*/*"}],"body":"{\n  \"processorInfo\": {\n    \"system\": \"velit nulla est\",\n    \"cycle\": \"commodo Ut tempor\",\n    \"tor\": \"qui proident aute\",\n    \"mode\": \"dolore reprehenderit sit nostrud do\"\n  },\n  \"messages\": [\n    {\n      \"resultCode\": \"cillum pariatur esse ullamco a\",\n      \"messageText\": \"amet nisi dolore sit tempor\",\n      \"transactionStatus\": \"ea velit aute ut\"\n    },\n    {\n      \"resultCode\": \"cupidatat officia labore\",\n      \"messageText\": \"exercitation quis ut ad\",\n      \"transactionStatus\": \"consequat consectetur ut\"\n    }\n  ]\n}","cookie":[],"_postman_previewlanguage":"json"}],"event":[],"protocolProfileBehavior":{"disableBodyPruning":true}},{"id":"9a939652-39ce-44b6-bdfd-9a86ae9bb62b","name":"STUDENT_LOAN_RETRO_VALIDATE function","request":{"name":"STUDENT_LOAN_RETRO_VALIDATE function","description":{"content":"The STUDENT_LOAN_RETRO_VALIDATE function allows you to enter deferment and forbearance actions on student loan accounts.\nThis function emulates the EDF transaction.\nRequired fields: common.accountId or common.presentationId and retroactiveEventTypeCode","type":"text/plain"},"url":{"path":["lending","v1","studentLoanRetroValidate"],"host":["{{baseUrl}}"],"query":[],"variable":[]},"header":[{"key":"Content-Type","value":"application/json"},{"key":"Accept","value":"*/*"}],"method":"POST","auth":null,"body":{"mode":"raw","raw":"{\n  \"retroactiveEventTypeCode\": \"<string>\",\n  \"common\": {\n    \"user\": \"<string>\",\n    \"agent\": \"<string>\",\n    \"cycle\": \"<string>\",\n    \"clientNumber\": \"<string>\",\n    \"system\": \"<string>\",\n    \"prin\": \"<string>\",\n    \"debug\": false,\n    \"org\": \"<string>\",\n    \"processor\": false,\n    \"contentType\": \"<string>\",\n    \"retry\": \"<long>\",\n    \"timeout\": \"<long>\",\n    \"siteId\": \"<string>\",\n    \"externalCustomerId\": \"<string>\",\n    \"accountId\": \"<string>\",\n    \"presentationId\": \"<string>\"\n  },\n  \"retroactiveStartDate\": \"<string>\",\n  \"retroactiveEndDate\": \"<string>\",\n  \"retroactiveEventInterestRate\": \"<string>\",\n  \"capitalizedInterestIndicator\": \"<string>\",\n  \"removeLateFeesIndicator\": \"<string>\",\n  \"updateCreditBureauPaymentHistoryIndicator\": \"<string>\",\n  \"cppormMethodOverrideIdentifier\": \"<string>\",\n  \"cpicidMethodOverrideIdentifier\": \"<string>\",\n  \"nonDelinquentMinimumPaymentDueAmount\": \"<string>\",\n  \"retroactiveReasonCode\": \"<string>\"\n}","options":{"raw":{"language":"json"}}}},"response":[{"id":"a667ed87-5666-442c-aa16-b7aa2837ae9e","name":"successful operation","originalRequest":{"url":{"path":["lending","v1","studentLoanRetroValidate"],"host":["{{baseUrl}}"],"query":[],"variable":[]},"header":[{"key":"Accept","value":"*/*"}],"method":"POST","body":{}},"status":"OK","code":200,"header":[{"key":"Content-Type","value":"*/*"}],"body":"{\n  \"processorInfo\": {\n    \"system\": \"ut qui pariatur ipsum eiusmod\",\n    \"cycle\": \"ex voluptate eiusmod dolore incididunt\",\n    \"tor\": \"proident culpa\",\n    \"mode\": \"aute laboris\"\n  },\n  \"cpicidCurrentMethodId\": \"in incididunt aliqua\",\n  \"cppormCurrentMethodId\": \"reprehenderit sed veniam Ut\",\n  \"cpicidLockIndicator\": \"reprehenderit ea in nostrud\",\n  \"cppormLockIndicator\": \"ullamco culpa ut cillum\",\n  \"cpicidNextIndicator\": \"est sit adipisicing ad\",\n  \"cppormNextIndicator\": \"Ut ut\",\n  \"cpicidUnlockDate\": \"mollit dolore ullamco labore velit\",\n  \"cppormUnlockDate\": \"deserunt labor\",\n  \"retroactiveEventCycleNumber\": \"Duis minim commodo consequat\"\n}","cookie":[],"_postman_previewlanguage":"json"}],"event":[],"protocolProfileBehavior":{"disableBodyPruning":true}}],"event":[]},{"id":"03aaeea0-6ed8-49d1-a4fb-5e6f966052f2","name":"offers/v1","item":[{"id":"9b27cdf7-5bc8-4048-8839-4a735961c47d","name":"Accept offer service","request":{"name":"Accept offer service","description":{"content":"This API will be used to accept an offer that was retrieved using the retrieveOffers API.\nRequired Fields: common.accountId or common.presentationId or  common.externalCustomerId, and offersUuid.  batchAlphaCode and acceptedOfferInformation are required for offerType iLOCC","type":"text/plain"},"url":{"path":["offers","v1","acceptOffer"],"host":["{{baseUrl}}"],"query":[],"variable":[]},"header":[{"key":"Content-Type","value":"application/json"},{"key":"Accept","value":"application/json"}],"method":"POST","auth":null,"body":{"mode":"raw","raw":"{\n  \"offersUuid\": \"<string>\",\n  \"common\": {\n    \"user\": \"<string>\",\n    \"agent\": \"<string>\",\n    \"cycle\": \"<string>\",\n    \"clientNumber\": \"<string>\",\n    \"system\": \"<string>\",\n    \"prin\": \"<string>\",\n    \"debug\": false,\n    \"org\": \"<string>\",\n    \"processor\": false,\n    \"contentType\": \"<string>\",\n    \"retry\": \"<long>\",\n    \"timeout\": \"<long>\",\n    \"siteId\": \"<string>\",\n    \"externalCustomerId\": \"<string>\",\n    \"accountId\": \"<string>\",\n    \"presentationId\": \"<string>\"\n  },\n  \"batchAlphaCode\": \"<string>\",\n  \"acceptedOfferInformation\": \"<string>\",\n  \"numberOfAcceptedOffers\": \"<string>\",\n  \"promotionPrefix\": \"<string>\"\n}","options":{"raw":{"language":"json"}}}},"response":[{"id":"514f9011-ef65-41ed-8003-da1dabdc2422","name":"successful operation","originalRequest":{"url":{"path":["offers","v1","acceptOffer"],"host":["{{baseUrl}}"],"query":[],"variable":[]},"header":[{"key":"Accept","value":"application/json"}],"method":"POST","body":{"mode":"raw","raw":"{\n  \"offersUuid\": \"024671c6-7b3f-4d08-a25e-70ccd5a6dcb8\",\n  \"common\": {\n    \"user\": \"<string>\",\n    \"agent\": \"4000\",\n    \"cycle\": \"T\",\n    \"clientNumber\": \"1000\",\n    \"system\": \"2000\",\n    \"prin\": \"3000\",\n    \"debug\": false,\n    \"org\": \"<string>\",\n    \"processor\": false,\n    \"contentType\": \"<string>\",\n    \"retry\": 0,\n    \"timeout\": 45000,\n    \"siteId\": \"4201\",\n    \"externalCustomerId\": \"<string>\",\n    \"accountId\": \"8888888888888888\",\n    \"presentationId\": \"<string>\"\n  },\n  \"batchAlphaCode\": \"XV\",\n  \"acceptedOfferInformation\": \"IL2.199A\",\n  \"numberOfAcceptedOffers\": \"10\",\n  \"promotionPrefix\": \"IL\"\n}","options":{"raw":{"language":"json"}}}},"status":"OK","code":200,"header":[{"key":"Content-Type","value":"application/json"}],"body":"{\n  \"processorInfo\": {\n    \"system\": \"velit nulla est\",\n    \"cycle\": \"commodo Ut tempor\",\n    \"tor\": \"qui proident aute\",\n    \"mode\": \"dolore reprehenderit sit nostrud do\"\n  },\n  \"messages\": [\n    {\n      \"resultCode\": \"cillum pariatur esse ullamco a\",\n      \"messageText\": \"amet nisi dolore sit tempor\",\n      \"transactionStatus\": \"ea velit aute ut\"\n    },\n    {\n      \"resultCode\": \"cupidatat officia labore\",\n      \"messageText\": \"exercitation quis ut ad\",\n      \"transactionStatus\": \"consequat consectetur ut\"\n    }\n  ]\n}","cookie":[],"_postman_previewlanguage":"json"}],"event":[],"protocolProfileBehavior":{"disableBodyPruning":true}},{"id":"0b64458e-603a-41c5-b476-ed7ca60227b5","name":"Decline offer service","request":{"name":"Decline offer service","description":{"content":"This API will update the status of an offer in the Offers table to declined. The only required field to be passed is the offersUuid which will distinctly identify the offer in the Offers table.\nRequired Fields: offersUuid, common.accountId or common.presentationId or common.externalCustomerId","type":"text/plain"},"url":{"path":["offers","v1","declineOffer"],"host":["{{baseUrl}}"],"query":[],"variable":[]},"header":[{"key":"Content-Type","value":"application/json"},{"key":"Accept","value":"application/json"}],"method":"POST","auth":null,"body":{"mode":"raw","raw":"{\n  \"offersUuid\": \"<string>\",\n  \"common\": {\n    \"user\": \"<string>\",\n    \"agent\": \"<string>\",\n    \"cycle\": \"<string>\",\n    \"clientNumber\": \"<string>\",\n    \"system\": \"<string>\",\n    \"prin\": \"<string>\",\n    \"debug\": false,\n    \"org\": \"<string>\",\n    \"processor\": false,\n    \"contentType\": \"<string>\",\n    \"retry\": \"<long>\",\n    \"timeout\": \"<long>\",\n    \"siteId\": \"<string>\",\n    \"externalCustomerId\": \"<string>\",\n    \"accountId\": \"<string>\",\n    \"presentationId\": \"<string>\"\n  }\n}","options":{"raw":{"language":"json"}}}},"response":[{"id":"a6166b71-e746-4f63-8e0f-673510af7b03","name":"successful operation","originalRequest":{"url":{"path":["offers","v1","declineOffer"],"host":["{{baseUrl}}"],"query":[],"variable":[]},"header":[{"key":"Accept","value":"application/json"}],"method":"POST","body":{"mode":"raw","raw":"{\n  \"offersUuid\": \"abcdefgh123456789012345678901234567890123456789012\",\n  \"common\": {\n    \"user\": \"<string>\",\n    \"agent\": \"4000\",\n    \"cycle\": \"T\",\n    \"clientNumber\": \"1000\",\n    \"system\": \"2000\",\n    \"prin\": \"3000\",\n    \"debug\": false,\n    \"org\": \"<string>\",\n    \"processor\": false,\n    \"contentType\": \"<string>\",\n    \"retry\": 0,\n    \"timeout\": 45000,\n    \"siteId\": \"4201\",\n    \"externalCustomerId\": \"<string>\",\n    \"accountId\": \"8888888888888888\",\n    \"presentationId\": \"<string>\"\n  }\n}","options":{"raw":{"language":"json"}}}},"status":"OK","code":200,"header":[{"key":"Content-Type","value":"application/json"}],"body":"{\n  \"processorInfo\": {\n    \"system\": \"velit nulla est\",\n    \"cycle\": \"commodo Ut tempor\",\n    \"tor\": \"qui proident aute\",\n    \"mode\": \"dolore reprehenderit sit nostrud do\"\n  },\n  \"messages\": [\n    {\n      \"resultCode\": \"cillum pariatur esse ullamco a\",\n      \"messageText\": \"amet nisi dolore sit tempor\",\n      \"transactionStatus\": \"ea velit aute ut\"\n    },\n    {\n      \"resultCode\": \"cupidatat officia labore\",\n      \"messageText\": \"exercitation quis ut ad\",\n      \"transactionStatus\": \"consequat consectetur ut\"\n    }\n  ]\n}","cookie":[],"_postman_previewlanguage":"json"}],"event":[],"protocolProfileBehavior":{"disableBodyPruning":true}},{"id":"f22591c6-b8fe-4cb4-b9cd-650c17202c03","name":"Retrieve offers service","request":{"name":"Retrieve offers service","description":{"content":"This API will retrieve all the existing offers from the Offers table based on either an account identifier or a presentation instrument identifier. \nIf an external customer identifier is passed into this API; it will need to be translated into either an account identifier or a presentation instrument identifier. \nThe database query behind this API should pull all records from the Offers table that have accepted and not expired or declined. \nThe expiry date of the offer has to be greater than or equal to today's date in order to be validate for presentation to the customer. \nRequired Fields: common.accountId or common.presentationId or common.externalCustomerId","type":"text/plain"},"url":{"path":["offers","v1","retrieveOffers"],"host":["{{baseUrl}}"],"query":[],"variable":[]},"header":[{"key":"Content-Type","value":"application/json"},{"key":"Accept","value":"application/json"}],"method":"POST","auth":null,"body":{"mode":"raw","raw":"{\n  \"common\": {\n    \"user\": \"<string>\",\n    \"agent\": \"<string>\",\n    \"cycle\": \"<string>\",\n    \"clientNumber\": \"<string>\",\n    \"system\": \"<string>\",\n    \"prin\": \"<string>\",\n    \"debug\": false,\n    \"org\": \"<string>\",\n    \"processor\": false,\n    \"contentType\": \"<string>\",\n    \"retry\": \"<long>\",\n    \"timeout\": \"<long>\",\n    \"siteId\": \"<string>\",\n    \"externalCustomerId\": \"<string>\",\n    \"accountId\": \"<string>\",\n    \"presentationId\": \"<string>\"\n  },\n  \"offerType\": \"<string>\"\n}","options":{"raw":{"language":"json"}}}},"response":[{"id":"f7d3e57d-eb0c-4ca2-a96a-a3755cfee089","name":"successful operation","originalRequest":{"url":{"path":["offers","v1","retrieveOffers"],"host":["{{baseUrl}}"],"query":[],"variable":[]},"header":[{"key":"Accept","value":"application/json"}],"method":"POST","body":{"mode":"raw","raw":"{\n  \"common\": {\n    \"user\": \"<string>\",\n    \"agent\": \"4000\",\n    \"cycle\": \"T\",\n    \"clientNumber\": \"1000\",\n    \"system\": \"2000\",\n    \"prin\": \"3000\",\n    \"debug\": false,\n    \"org\": \"<string>\",\n    \"processor\": false,\n    \"contentType\": \"<string>\",\n    \"retry\": 0,\n    \"timeout\": 45000,\n    \"siteId\": \"4201\",\n    \"externalCustomerId\": \"<string>\",\n    \"accountId\": \"8888888888888888\",\n    \"presentationId\": \"<string>\"\n  },\n  \"offerType\": \"iLOCC\"\n}","options":{"raw":{"language":"json"}}}},"status":"OK","code":200,"header":[{"key":"Content-Type","value":"application/json"}],"body":"{\n  \"processorInfo\": {\n    \"system\": \"ullamco \",\n    \"cycle\": \"et dolor adipisicing tempor\",\n    \"tor\": \"ad Duis occaecat\",\n    \"mode\": \"laboru\"\n  },\n  \"offers\": [\n    {\n      \"offersUuid\": \"abcdefgh123456789012345678901234567890123456789013\",\n      \"clientIdentifier\": \"0000\",\n      \"systemIdentifier\": \"0000\",\n      \"prinIdentifier\": \"0000\",\n      \"agentIdentifier\": \"0000\",\n      \"accountIdentifier\": \"A:12345678901234567890:7f456e3a-4ca7-46ec-856e-3a4ca776ecea\",\n      \"presentationInstrumentIdentifier\": \"P:12345678901234567890:492299ff-537c-43ce-8a34-0d097de2eb1b\",\n      \"offerType\": \"iLOCC\",\n      \"createdDateAndTime\": \"05-02-2020 10:33:05.000\",\n      \"acceptedDateAndTime\": \"05-02-2020 10:33:05.000\",\n      \"declinedDateAndTime\": \"reprehenderit elit labore ea\",\n      \"expiredDate\": \"20210105\",\n      \"offerDetails\": {\n        \"transaction\": {\n          \"transactionUuid\": \"tran1234567891\",\n          \"transactionCode\": \"253\",\n          \"transactionAmount\": \"500.00\",\n          \"transactionDate\": \"200702\",\n          \"transactionPostDate\": \"200702\",\n          \"transactionSettled\": false,\n          \"merchantName\": \"ABC Merchant1\",\n          \"merchantCategoryCode\": \"1235\",\n          \"cardAcceptorTerminalId\": \"12345678\",\n          \"industryTranId\": \"123456789012345\"\n        },\n        \"promotion\": [\n          {\n            \"promotionIdentifier\": \"12345678\",\n            \"promotionTermLength\": \"015\",\n            \"planTextDescription\": \"Plan selected by client\",\n            \"annualInterestRate\": \"1.250\",\n            \"monthlyPaymentAmount\": \"30.25\",\n            \"feeAmount\": \"adipisicing Excepteur tempor\"\n          },\n          {\n            \"promotionIdentifier\": \"12345678\",\n            \"promotionTermLength\": \"015\",\n            \"planTextDescription\": \"Plan selected by client\",\n            \"annualInterestRate\": \"1.250\",\n            \"monthlyPaymentAmount\": \"30.25\",\n            \"feeAmount\": \"sunt dolor officia\"\n          }\n        ]\n      },\n      \"acceptedOfferInformation\": \"BHX1234\"\n    },\n    {\n      \"offersUuid\": \"abcdefgh123456789012345678901234567890123456789013\",\n      \"clientIdentifier\": \"0000\",\n      \"systemIdentifier\": \"0000\",\n      \"prinIdentifier\": \"0000\",\n      \"agentIdentifier\": \"0000\",\n      \"accountIdentifier\": \"A:12345678901234567890:7f456e3a-4ca7-46ec-856e-3a4ca776ecea\",\n      \"presentationInstrumentIdentifier\": \"P:12345678901234567890:492299ff-537c-43ce-8a34-0d097de2eb1b\",\n      \"offerType\": \"iLOCC\",\n      \"createdDateAndTime\": \"05-02-2020 10:33:05.000\",\n      \"acceptedDateAndTime\": \"05-02-2020 10:33:05.000\",\n      \"declinedDateAndTime\": \"cillum\",\n      \"expiredDate\": \"20210105\",\n      \"offerDetails\": {\n        \"transaction\": {\n          \"transactionUuid\": \"tran1234567891\",\n          \"transactionCode\": \"253\",\n          \"transactionAmount\": \"500.00\",\n          \"transactionDate\": \"200702\",\n          \"transactionPostDate\": \"200702\",\n          \"transactionSettled\": false,\n          \"merchantName\": \"ABC Merchant1\",\n          \"merchantCategoryCode\": \"1235\",\n          \"cardAcceptorTerminalId\": \"12345678\",\n          \"industryTranId\": \"123456789012345\"\n        },\n        \"promotion\": [\n          {\n            \"promotionIdentifier\": \"12345678\",\n            \"promotionTermLength\": \"015\",\n            \"planTextDescription\": \"Plan selected by client\",\n            \"annualInterestRate\": \"1.250\",\n            \"monthlyPaymentAmount\": \"30.25\",\n            \"feeAmount\": \"in nostrud cupidatat\"\n          },\n          {\n            \"promotionIdentifier\": \"12345678\",\n            \"promotionTermLength\": \"015\",\n            \"planTextDescription\": \"Plan selected by client\",\n            \"annualInterestRate\": \"1.250\",\n            \"monthlyPaymentAmount\": \"30.25\",\n            \"feeAmount\": \"et cillum\"\n          }\n        ]\n      },\n      \"acceptedOfferInformation\": \"BHX1234\"\n    }\n  ]\n}","cookie":[],"_postman_previewlanguage":"json"}],"event":[],"protocolProfileBehavior":{"disableBodyPruning":true}}],"event":[]}],"event":[],"variable":[{"type":"string","value":"https://cat.api.firstdata.com/fs","key":"baseUrl"}],"info":{"_postman_id":"b176a394-2b0e-4913-9a22-54adf91d58e2","name":"fs-proxy-1","schema":"https://schema.getpostman.com/json/collection/v2.1.0/collection.json","description":{"content":"Welcome to the Financial Services API documentation","type":"text/plain"}}}