{"item":[{"id":"2366bd3b-881f-42d8-8098-77d8c12741ce","name":"v1/accounts","item":[{"id":"e896874c-c9df-487d-9b6f-72aa498807ad","name":"Returns account information for the given account number based on the filter criteria passed which could be either 'summary' or 'detail'. Applies for credit only.","request":{"name":"Returns account information for the given account number based on the filter criteria passed which could be either 'summary' or 'detail'. Applies for credit only.","description":{},"url":{"path":["v1","accounts","search"],"host":["{{baseUrl}}"],"query":[{"disabled":false,"key":"filter","value":"<string>","description":"Retrieve summary or detail response for account search results. Defaults to 'summary'. \n\nfilter value of 'summary' only includes these fields  \n- accountType  \n- description \n- customerName  \n- association  \n- accountStatus  \n\nfilter value of 'detail' includes all the fields in the response.\n"}],"variable":[]},"header":[{"disabled":false,"description":"User on behalf of whom the request is being made. userId must be alphanumeric.","key":"x-fapi-userId","value":"<string>"},{"disabled":false,"description":"(Required) The 8-digit unique financial institute id assigned to each FI by Fiserv.","key":"x-fapi-financial-id","value":"<string>"},{"key":"Content-Type","value":"application/json"},{"key":"Accept","value":"application/json"}],"method":"POST","auth":null,"body":{"mode":"raw","raw":"{\n  \"accountNumber\": \"<string>\"\n}","options":{"raw":{"language":"json"}}}},"response":[{"id":"99a5668b-9fd0-43bf-b725-aef1612ce420","name":"OK","originalRequest":{"url":{"path":["v1","accounts","search"],"host":["{{baseUrl}}"],"query":[{"key":"filter","value":"summary"}],"variable":[]},"header":[{"description":{"content":"Added as a part of security scheme: bearer","type":"text/plain"},"key":"Authorization","value":"Bearer <token>"},{"disabled":false,"description":"(Required) Retrieve an access token through the Access Token API. Access token is required in every request. Refer to documentation on access token (https://card.developer.fiserv.com/apis/token). Tokens expire after 15 minutes. Provide the value as follows in the header. Authorization: Bearer <Access Token Value>","key":"Authorization","value":"Bearer USlfM8dilzKZPcuGGP3BfVLd7Snk"},{"disabled":false,"description":"User on behalf of whom the request is being made. userId must be alphanumeric.","key":"x-fapi-userId","value":"JOHNDOE"},{"disabled":false,"description":"(Required) The 8-digit unique financial institute id assigned to each FI by Fiserv.","key":"x-fapi-financial-id","value":"00123456"},{"key":"Accept","value":"application/json"}],"method":"POST","body":{"mode":"raw","raw":"{\n  \"accountNumber\": \"123456789\"\n}","options":{"raw":{"language":"json"}}}},"status":"OK","code":200,"header":[{"key":"Content-Type","value":"application/json"}],"body":"{\n  \"accountType\": \"Consumer\",\n  \"description\": \"VISA Classic\",\n  \"customerName\": \"Doe, Jesse H\",\n  \"association\": \"PRIMARY\",\n  \"accountStatus\": \"NORMAL\"\n}","cookie":[],"_postman_previewlanguage":"json"},{"id":"ea8df948-4ef9-4df2-a481-4c18e60bd912","name":"Invalid Request","originalRequest":{"url":{"path":["v1","accounts","search"],"host":["{{baseUrl}}"],"query":[{"key":"filter","value":"summary"}],"variable":[]},"header":[{"description":{"content":"Added as a part of security scheme: bearer","type":"text/plain"},"key":"Authorization","value":"Bearer <token>"},{"disabled":false,"description":"(Required) Retrieve an access token through the Access Token API. Access token is required in every request. Refer to documentation on access token (https://card.developer.fiserv.com/apis/token). Tokens expire after 15 minutes. Provide the value as follows in the header. Authorization: Bearer <Access Token Value>","key":"Authorization","value":"Bearer USlfM8dilzKZPcuGGP3BfVLd7Snk"},{"disabled":false,"description":"User on behalf of whom the request is being made. userId must be alphanumeric.","key":"x-fapi-userId","value":"JOHNDOE"},{"disabled":false,"description":"(Required) The 8-digit unique financial institute id assigned to each FI by Fiserv.","key":"x-fapi-financial-id","value":"00123456"},{"key":"Accept","value":"application/json"}],"method":"POST","body":{"mode":"raw","raw":"{\n  \"accountNumber\": \"123456789\"\n}","options":{"raw":{"language":"json"}}}},"status":"Bad Request","code":400,"header":[{"disabled":false,"description":"unique transaction ID created for each request for tracking purposes","key":"x-fapi-interaction-id","value":"95ad42fb-afd1-2121-b794-3ed29342ks42"},{"key":"Content-Type","value":"application/json"}],"body":"{\n  \"type\": \"https://card.developer.fiserv.com/cards/error#bad-request\",\n  \"title\": \"Bad Request\",\n  \"detail\": \"accountNumber is required.\",\n  \"instance\": \"/v1/accounts/search\",\n  \"status\": 400\n}","cookie":[],"_postman_previewlanguage":"json"},{"id":"262fb570-6f0c-4f1d-a8b9-cb5b23e02bf9","name":"Unauthorized access","originalRequest":{"url":{"path":["v1","accounts","search"],"host":["{{baseUrl}}"],"query":[{"key":"filter","value":"summary"}],"variable":[]},"header":[{"description":{"content":"Added as a part of security scheme: bearer","type":"text/plain"},"key":"Authorization","value":"Bearer <token>"},{"disabled":false,"description":"(Required) Retrieve an access token through the Access Token API. Access token is required in every request. Refer to documentation on access token (https://card.developer.fiserv.com/apis/token). Tokens expire after 15 minutes. Provide the value as follows in the header. Authorization: Bearer <Access Token Value>","key":"Authorization","value":"Bearer USlfM8dilzKZPcuGGP3BfVLd7Snk"},{"disabled":false,"description":"User on behalf of whom the request is being made. userId must be alphanumeric.","key":"x-fapi-userId","value":"JOHNDOE"},{"disabled":false,"description":"(Required) The 8-digit unique financial institute id assigned to each FI by Fiserv.","key":"x-fapi-financial-id","value":"00123456"},{"key":"Accept","value":"application/json"}],"method":"POST","body":{"mode":"raw","raw":"{\n  \"accountNumber\": \"123456789\"\n}","options":{"raw":{"language":"json"}}}},"status":"Unauthorized","code":401,"header":[{"disabled":false,"description":"unique transaction ID created for each request for tracking purposes","key":"x-fapi-interaction-id","value":"95ad42fb-afd1-2121-b794-3ed29342ks42"},{"key":"Content-Type","value":"application/json"}],"body":"{\n  \"type\": \"https://card.developer.fiserv.com/cards/error#unauthorized\",\n  \"title\": \"Unauthorized\",\n  \"detail\": \"Invalid Access Token\",\n  \"instance\": \"/v1/accounts/search\",\n  \"status\": 401\n}","cookie":[],"_postman_previewlanguage":"json"},{"id":"09af5988-2092-4f50-b619-2dd46444bfb5","name":"Forbidden","originalRequest":{"url":{"path":["v1","accounts","search"],"host":["{{baseUrl}}"],"query":[{"key":"filter","value":"summary"}],"variable":[]},"header":[{"description":{"content":"Added as a part of security scheme: bearer","type":"text/plain"},"key":"Authorization","value":"Bearer <token>"},{"disabled":false,"description":"(Required) Retrieve an access token through the Access Token API. Access token is required in every request. Refer to documentation on access token (https://card.developer.fiserv.com/apis/token). Tokens expire after 15 minutes. Provide the value as follows in the header. Authorization: Bearer <Access Token Value>","key":"Authorization","value":"Bearer USlfM8dilzKZPcuGGP3BfVLd7Snk"},{"disabled":false,"description":"User on behalf of whom the request is being made. userId must be alphanumeric.","key":"x-fapi-userId","value":"JOHNDOE"},{"disabled":false,"description":"(Required) The 8-digit unique financial institute id assigned to each FI by Fiserv.","key":"x-fapi-financial-id","value":"00123456"},{"key":"Accept","value":"application/json"}],"method":"POST","body":{"mode":"raw","raw":"{\n  \"accountNumber\": \"123456789\"\n}","options":{"raw":{"language":"json"}}}},"status":"Forbidden","code":403,"header":[{"disabled":false,"description":"unique transaction ID created for each request for tracking purposes","key":"x-fapi-interaction-id","value":"95ad42fb-afd1-2121-b794-3ed29342ks42"},{"key":"Content-Type","value":"application/json"}],"body":"{\n  \"type\": \"https://card.developer.fiserv.com/cards/error#forbidden\",\n  \"title\": \"Forbidden\",\n  \"detail\": \"Unauthorized to perform request.\",\n  \"instance\": \"/v1/accounts/search\",\n  \"status\": 403\n}","cookie":[],"_postman_previewlanguage":"json"},{"id":"b283d748-796c-42a3-84cc-ce6b94d742be","name":"Not Found","originalRequest":{"url":{"path":["v1","accounts","search"],"host":["{{baseUrl}}"],"query":[{"key":"filter","value":"summary"}],"variable":[]},"header":[{"description":{"content":"Added as a part of security scheme: bearer","type":"text/plain"},"key":"Authorization","value":"Bearer <token>"},{"disabled":false,"description":"(Required) Retrieve an access token through the Access Token API. Access token is required in every request. Refer to documentation on access token (https://card.developer.fiserv.com/apis/token). Tokens expire after 15 minutes. Provide the value as follows in the header. Authorization: Bearer <Access Token Value>","key":"Authorization","value":"Bearer USlfM8dilzKZPcuGGP3BfVLd7Snk"},{"disabled":false,"description":"User on behalf of whom the request is being made. userId must be alphanumeric.","key":"x-fapi-userId","value":"JOHNDOE"},{"disabled":false,"description":"(Required) The 8-digit unique financial institute id assigned to each FI by Fiserv.","key":"x-fapi-financial-id","value":"00123456"},{"key":"Accept","value":"application/json"}],"method":"POST","body":{"mode":"raw","raw":"{\n  \"accountNumber\": \"123456789\"\n}","options":{"raw":{"language":"json"}}}},"status":"Not Found","code":404,"header":[{"disabled":false,"description":"unique transaction ID created for each request for tracking purposes","key":"x-fapi-interaction-id","value":"95ad42fb-afd1-2121-b794-3ed29342ks42"},{"key":"Content-Type","value":"application/json"}],"body":"{\n  \"type\": \"https://card.developer.fiserv.com/cards/error#resource-not-found\",\n  \"title\": \"Resource Not Found\",\n  \"detail\": \"No matching search results found or you do not have sufficient access rights to get search results matching your criteria.\",\n  \"instance\": \"/v1/accounts/search\",\n  \"status\": 404\n}","cookie":[],"_postman_previewlanguage":"json"},{"id":"60001942-1080-463e-be86-e002c81baa1e","name":"Unacceptable","originalRequest":{"url":{"path":["v1","accounts","search"],"host":["{{baseUrl}}"],"query":[{"key":"filter","value":"summary"}],"variable":[]},"header":[{"description":{"content":"Added as a part of security scheme: bearer","type":"text/plain"},"key":"Authorization","value":"Bearer <token>"},{"disabled":false,"description":"(Required) Retrieve an access token through the Access Token API. Access token is required in every request. Refer to documentation on access token (https://card.developer.fiserv.com/apis/token). Tokens expire after 15 minutes. Provide the value as follows in the header. Authorization: Bearer <Access Token Value>","key":"Authorization","value":"Bearer USlfM8dilzKZPcuGGP3BfVLd7Snk"},{"disabled":false,"description":"User on behalf of whom the request is being made. userId must be alphanumeric.","key":"x-fapi-userId","value":"JOHNDOE"},{"disabled":false,"description":"(Required) The 8-digit unique financial institute id assigned to each FI by Fiserv.","key":"x-fapi-financial-id","value":"00123456"},{"key":"Accept","value":"application/json"}],"method":"POST","body":{"mode":"raw","raw":"{\n  \"accountNumber\": \"123456789\"\n}","options":{"raw":{"language":"json"}}}},"status":"Not Acceptable","code":406,"header":[{"disabled":false,"description":"unique transaction ID created for each request for tracking purposes","key":"x-fapi-interaction-id","value":"95ad42fb-afd1-2121-b794-3ed29342ks42"},{"key":"Content-Type","value":"application/json"}],"body":"{\n  \"type\": \"https://card.developer.fiserv.com/cards/error#not-acceptable\",\n  \"title\": \"Not Acceptable\",\n  \"detail\": \"The content type being requested is not provided by this service.\",\n  \"instance\": \"/v1/accounts/search\",\n  \"status\": 406\n}","cookie":[],"_postman_previewlanguage":"json"},{"id":"2801d9bb-2492-4d03-b4cf-945a5f9717d2","name":"Unsupported Media Type","originalRequest":{"url":{"path":["v1","accounts","search"],"host":["{{baseUrl}}"],"query":[{"key":"filter","value":"summary"}],"variable":[]},"header":[{"description":{"content":"Added as a part of security scheme: bearer","type":"text/plain"},"key":"Authorization","value":"Bearer <token>"},{"disabled":false,"description":"(Required) Retrieve an access token through the Access Token API. Access token is required in every request. Refer to documentation on access token (https://card.developer.fiserv.com/apis/token). Tokens expire after 15 minutes. Provide the value as follows in the header. Authorization: Bearer <Access Token Value>","key":"Authorization","value":"Bearer USlfM8dilzKZPcuGGP3BfVLd7Snk"},{"disabled":false,"description":"User on behalf of whom the request is being made. userId must be alphanumeric.","key":"x-fapi-userId","value":"JOHNDOE"},{"disabled":false,"description":"(Required) The 8-digit unique financial institute id assigned to each FI by Fiserv.","key":"x-fapi-financial-id","value":"00123456"},{"key":"Accept","value":"application/json"}],"method":"POST","body":{"mode":"raw","raw":"{\n  \"accountNumber\": \"123456789\"\n}","options":{"raw":{"language":"json"}}}},"status":"Unsupported Media Type","code":415,"header":[{"disabled":false,"description":"unique transaction ID created for each request for tracking purposes","key":"x-fapi-interaction-id","value":"95ad42fb-afd1-2121-b794-3ed29342ks42"},{"key":"Content-Type","value":"application/json"}],"body":"{\n  \"type\": \"https://card.developer.fiserv.com/cards/error#unsupported-mediatype\",\n  \"title\": \"Unsupported Media type\",\n  \"detail\": \"The payload format is unsupported.\",\n  \"instance\": \"/v1/accounts/search\",\n  \"status\": 415\n}","cookie":[],"_postman_previewlanguage":"json"},{"id":"45e6701a-84e4-4d0a-80d3-602be56a64a5","name":"Unprocessable Entity","originalRequest":{"url":{"path":["v1","accounts","search"],"host":["{{baseUrl}}"],"query":[{"key":"filter","value":"summary"}],"variable":[]},"header":[{"description":{"content":"Added as a part of security scheme: bearer","type":"text/plain"},"key":"Authorization","value":"Bearer <token>"},{"disabled":false,"description":"(Required) Retrieve an access token through the Access Token API. Access token is required in every request. Refer to documentation on access token (https://card.developer.fiserv.com/apis/token). Tokens expire after 15 minutes. Provide the value as follows in the header. Authorization: Bearer <Access Token Value>","key":"Authorization","value":"Bearer USlfM8dilzKZPcuGGP3BfVLd7Snk"},{"disabled":false,"description":"User on behalf of whom the request is being made. userId must be alphanumeric.","key":"x-fapi-userId","value":"JOHNDOE"},{"disabled":false,"description":"(Required) The 8-digit unique financial institute id assigned to each FI by Fiserv.","key":"x-fapi-financial-id","value":"00123456"},{"key":"Accept","value":"application/json"}],"method":"POST","body":{"mode":"raw","raw":"{\n  \"accountNumber\": \"123456789\"\n}","options":{"raw":{"language":"json"}}}},"status":"Unprocessable Entity (WebDAV) (RFC 4918)","code":422,"header":[{"disabled":false,"description":"unique transaction ID created for each request for tracking purposes","key":"x-fapi-interaction-id","value":"95ad42fb-afd1-2121-b794-3ed29342ks42"},{"key":"Content-Type","value":"application/json"}],"body":"{\n  \"type\": \"https://card.developer.fiserv.com/cards/error#unprocessable-content\",\n  \"title\": \"Unprocessable Content\",\n  \"detail\": \"The service was not able to process this request.\",\n  \"instance\": \"/v1/accounts/search\",\n  \"status\": 422\n}","cookie":[],"_postman_previewlanguage":"json"},{"id":"3ef1e38f-4094-49b4-9eeb-7e5f8026deca","name":"Internal Server Error","originalRequest":{"url":{"path":["v1","accounts","search"],"host":["{{baseUrl}}"],"query":[{"key":"filter","value":"summary"}],"variable":[]},"header":[{"description":{"content":"Added as a part of security scheme: bearer","type":"text/plain"},"key":"Authorization","value":"Bearer <token>"},{"disabled":false,"description":"(Required) Retrieve an access token through the Access Token API. Access token is required in every request. Refer to documentation on access token (https://card.developer.fiserv.com/apis/token). Tokens expire after 15 minutes. Provide the value as follows in the header. Authorization: Bearer <Access Token Value>","key":"Authorization","value":"Bearer USlfM8dilzKZPcuGGP3BfVLd7Snk"},{"disabled":false,"description":"User on behalf of whom the request is being made. userId must be alphanumeric.","key":"x-fapi-userId","value":"JOHNDOE"},{"disabled":false,"description":"(Required) The 8-digit unique financial institute id assigned to each FI by Fiserv.","key":"x-fapi-financial-id","value":"00123456"},{"key":"Accept","value":"application/json"}],"method":"POST","body":{"mode":"raw","raw":"{\n  \"accountNumber\": \"123456789\"\n}","options":{"raw":{"language":"json"}}}},"status":"Internal Server Error","code":500,"header":[{"disabled":false,"description":"unique transaction ID created for each request for tracking purposes","key":"x-fapi-interaction-id","value":"95ad42fb-afd1-2121-b794-3ed29342ks42"},{"key":"Content-Type","value":"application/json"}],"body":"{\n  \"errorResponse\": {\n    \"code\": \"500-01\",\n    \"message\": \"internal server error\",\n    \"developerInfo\": {\n      \"developerMessage\": \"internal server error\",\n      \"moreInfo\": \"There was a problem handling your request. Please try again. If the problem persists please contact Support\",\n      \"messageid\": \"25557-84290371-1\"\n    }\n  }\n}","cookie":[],"_postman_previewlanguage":"json"}],"event":[],"protocolProfileBehavior":{"disableBodyPruning":true}},{"id":"2b7e393a-219c-4386-8826-4b129b172ab7","name":"Returns the limit values for a given account.","request":{"name":"Returns the limit values for a given account.","description":{},"url":{"path":["v1","accounts","limits","search"],"host":["{{baseUrl}}"],"query":[],"variable":[]},"header":[{"disabled":false,"description":"Optional. User on behalf of whom the request is being made. userId must be alphanumeric.","key":"userId","value":"<string>"},{"disabled":false,"description":"(Required) Required. Provide 8 digit client id","key":"x-fapi-financial-id","value":"<string>"},{"key":"Content-Type","value":"application/json"},{"key":"Accept","value":"application/json"}],"method":"POST","auth":null,"body":{"mode":"raw","raw":"{\n  \"accountNumber\": \"<string>\"\n}","options":{"raw":{"language":"json"}}}},"response":[{"id":"92b8087f-41f2-4654-a97d-33c0715002bf","name":"OK","originalRequest":{"url":{"path":["v1","accounts","limits","search"],"host":["{{baseUrl}}"],"query":[],"variable":[]},"header":[{"description":{"content":"Added as a part of security scheme: bearer","type":"text/plain"},"key":"Authorization","value":"Bearer <token>"},{"disabled":false,"description":"(Required) Retrieve an access token through the Access Token API. Access token is required in every request. Refer to documentation on access token  (https://card.developer.fiserv.com/apis/token).Tokens expire after 15 minutes. Provide the value as follows in the header. Authorization:: Bearer <Access Token Value>","key":"Authorization","value":"Bearer USlfM8dilzKZPcuGGP3BfVLd7Snk"},{"disabled":false,"description":"Optional. User on behalf of whom the request is being made. userId must be alphanumeric.","key":"userId","value":"johndoe"},{"disabled":false,"description":"(Required) Required. Provide 8 digit client id","key":"x-fapi-financial-id","value":"<string>"},{"key":"Accept","value":"application/json"}],"method":"POST","body":{"mode":"raw","raw":"{\n  \"accountNumber\": \"12345678\"\n}","options":{"raw":{"language":"json"}}}},"status":"OK","code":200,"header":[{"key":"Content-Type","value":"application/json"}],"body":"{\n  \"currentBalanceAmount\": \"3000.00\",\n  \"creditLimitAmount\": \"3000.00\",\n  \"availableCreditAmount\": \"3000.00\",\n  \"cashLimitAmount\": \"3000.00\",\n  \"availableCashAmount\": \"3000.00\",\n  \"creditLineMaximumAmount\": \"3000.00\",\n  \"temporaryCreditLine\": true,\n  \"previousCreditLimitAmount\": \"2000.00\",\n  \"temporaryCreditLimitAmount\": \"200.00\",\n  \"temporaryCreditLineEndDate\": \"2023-09-09\",\n  \"billingCycle\": \"10\",\n  \"billingLevel\": \"Individual\",\n  \"lastpermanentCreditLimit\": \"1000.00\",\n  \"lastPermanentCreditLimitDate\": \"2022-09-08\",\n  \"highBalanceDate\": \"2022-09-07\",\n  \"highBalanceAmount\": \"2000.0\"\n}","cookie":[],"_postman_previewlanguage":"json"},{"id":"add6e050-70a3-4f6a-8b2f-c5610916f0d6","name":"Invalid Request","originalRequest":{"url":{"path":["v1","accounts","limits","search"],"host":["{{baseUrl}}"],"query":[],"variable":[]},"header":[{"description":{"content":"Added as a part of security scheme: bearer","type":"text/plain"},"key":"Authorization","value":"Bearer <token>"},{"disabled":false,"description":"(Required) Retrieve an access token through the Access Token API. Access token is required in every request. Refer to documentation on access token  (https://card.developer.fiserv.com/apis/token).Tokens expire after 15 minutes. Provide the value as follows in the header. Authorization:: Bearer <Access Token Value>","key":"Authorization","value":"Bearer USlfM8dilzKZPcuGGP3BfVLd7Snk"},{"disabled":false,"description":"Optional. User on behalf of whom the request is being made. userId must be alphanumeric.","key":"userId","value":"johndoe"},{"disabled":false,"description":"(Required) Required. Provide 8 digit client id","key":"x-fapi-financial-id","value":"<string>"},{"key":"Accept","value":"application/json"}],"method":"POST","body":{"mode":"raw","raw":"{\n  \"accountNumber\": \"12345678\"\n}","options":{"raw":{"language":"json"}}}},"status":"Bad Request","code":400,"header":[{"disabled":false,"description":"unique transaction ID created for each request for tracking purposes","key":"x-fapi-interaction-id","value":"95ad42fb-afd1-2121-b794-3ed29342ks42"},{"key":"Content-Type","value":"application/json"}],"body":"{\n  \"type\": \"Input Validation Exception\",\n  \"title\": \"Bad Request\",\n  \"detail\": \"CONTENT-TYPE header required. Supported content-type is application/json\",\n  \"instance\": \"/api/basepath\",\n  \"status\": 400\n}","cookie":[],"_postman_previewlanguage":"json"},{"id":"251d976d-8705-4350-b3c0-c7922c58405d","name":"Unauthorized access","originalRequest":{"url":{"path":["v1","accounts","limits","search"],"host":["{{baseUrl}}"],"query":[],"variable":[]},"header":[{"description":{"content":"Added as a part of security scheme: bearer","type":"text/plain"},"key":"Authorization","value":"Bearer <token>"},{"disabled":false,"description":"(Required) Retrieve an access token through the Access Token API. Access token is required in every request. Refer to documentation on access token  (https://card.developer.fiserv.com/apis/token).Tokens expire after 15 minutes. Provide the value as follows in the header. Authorization:: Bearer <Access Token Value>","key":"Authorization","value":"Bearer USlfM8dilzKZPcuGGP3BfVLd7Snk"},{"disabled":false,"description":"Optional. User on behalf of whom the request is being made. userId must be alphanumeric.","key":"userId","value":"johndoe"},{"disabled":false,"description":"(Required) Required. Provide 8 digit client id","key":"x-fapi-financial-id","value":"<string>"},{"key":"Accept","value":"application/json"}],"method":"POST","body":{"mode":"raw","raw":"{\n  \"accountNumber\": \"12345678\"\n}","options":{"raw":{"language":"json"}}}},"status":"Unauthorized","code":401,"header":[{"disabled":false,"description":"unique transaction ID created for each request for tracking purposes","key":"x-fapi-interaction-id","value":"95ad42fb-afd1-2121-b794-3ed29342ks42"},{"key":"Content-Type","value":"application/json"}],"body":"{\n  \"type\": \"https://card.developer.fiserv.com/cards/error#unauthorized\",\n  \"title\": \"Unauthorized\",\n  \"detail\": \"Invalid Access Token\",\n  \"instance\": \"/api/basepath\",\n  \"status\": 401\n}","cookie":[],"_postman_previewlanguage":"json"},{"id":"6b8dc4d1-9468-4843-b59a-57335de25505","name":"Forbidden","originalRequest":{"url":{"path":["v1","accounts","limits","search"],"host":["{{baseUrl}}"],"query":[],"variable":[]},"header":[{"description":{"content":"Added as a part of security scheme: bearer","type":"text/plain"},"key":"Authorization","value":"Bearer <token>"},{"disabled":false,"description":"(Required) Retrieve an access token through the Access Token API. Access token is required in every request. Refer to documentation on access token  (https://card.developer.fiserv.com/apis/token).Tokens expire after 15 minutes. Provide the value as follows in the header. Authorization:: Bearer <Access Token Value>","key":"Authorization","value":"Bearer USlfM8dilzKZPcuGGP3BfVLd7Snk"},{"disabled":false,"description":"Optional. User on behalf of whom the request is being made. userId must be alphanumeric.","key":"userId","value":"johndoe"},{"disabled":false,"description":"(Required) Required. Provide 8 digit client id","key":"x-fapi-financial-id","value":"<string>"},{"key":"Accept","value":"application/json"}],"method":"POST","body":{"mode":"raw","raw":"{\n  \"accountNumber\": \"12345678\"\n}","options":{"raw":{"language":"json"}}}},"status":"Forbidden","code":403,"header":[{"disabled":false,"description":"unique transaction ID created for each request for tracking purposes","key":"x-fapi-interaction-id","value":"95ad42fb-afd1-2121-b794-3ed29342ks42"},{"key":"Content-Type","value":"application/json"}],"body":"{\n  \"type\": \"https://card.developer.fiserv.com/cards/error#forbidden\",\n  \"title\": \"Forbidden\",\n  \"detail\": \"Authorization failure\",\n  \"instance\": \"/api/basepath\",\n  \"status\": 403\n}","cookie":[],"_postman_previewlanguage":"json"},{"id":"edc54929-bf3c-475e-9b2a-a2a8be8c9a1b","name":"Not Found","originalRequest":{"url":{"path":["v1","accounts","limits","search"],"host":["{{baseUrl}}"],"query":[],"variable":[]},"header":[{"description":{"content":"Added as a part of security scheme: bearer","type":"text/plain"},"key":"Authorization","value":"Bearer <token>"},{"disabled":false,"description":"(Required) Retrieve an access token through the Access Token API. Access token is required in every request. Refer to documentation on access token  (https://card.developer.fiserv.com/apis/token).Tokens expire after 15 minutes. Provide the value as follows in the header. Authorization:: Bearer <Access Token Value>","key":"Authorization","value":"Bearer USlfM8dilzKZPcuGGP3BfVLd7Snk"},{"disabled":false,"description":"Optional. User on behalf of whom the request is being made. userId must be alphanumeric.","key":"userId","value":"johndoe"},{"disabled":false,"description":"(Required) Required. Provide 8 digit client id","key":"x-fapi-financial-id","value":"<string>"},{"key":"Accept","value":"application/json"}],"method":"POST","body":{"mode":"raw","raw":"{\n  \"accountNumber\": \"12345678\"\n}","options":{"raw":{"language":"json"}}}},"status":"Not Found","code":404,"header":[{"disabled":false,"description":"unique transaction ID created for each request for tracking purposes","key":"x-fapi-interaction-id","value":"95ad42fb-afd1-2121-b794-3ed29342ks42"},{"key":"Content-Type","value":"application/json"}],"body":"{\n  \"type\": \"Resource does not exists\",\n  \"title\": \"Resource Not found\",\n  \"detail\": \"No matching search results found or you do not have sufficient access rights to get search results matching your criteria.\",\n  \"instance\": \"/api/basepath\",\n  \"status\": 404\n}","cookie":[],"_postman_previewlanguage":"json"},{"id":"cbbd5223-00dd-4f80-ac8d-d0b8d014f053","name":"Resource conflict","originalRequest":{"url":{"path":["v1","accounts","limits","search"],"host":["{{baseUrl}}"],"query":[],"variable":[]},"header":[{"description":{"content":"Added as a part of security scheme: bearer","type":"text/plain"},"key":"Authorization","value":"Bearer <token>"},{"disabled":false,"description":"(Required) Retrieve an access token through the Access Token API. Access token is required in every request. Refer to documentation on access token  (https://card.developer.fiserv.com/apis/token).Tokens expire after 15 minutes. Provide the value as follows in the header. Authorization:: Bearer <Access Token Value>","key":"Authorization","value":"Bearer USlfM8dilzKZPcuGGP3BfVLd7Snk"},{"disabled":false,"description":"Optional. User on behalf of whom the request is being made. userId must be alphanumeric.","key":"userId","value":"johndoe"},{"disabled":false,"description":"(Required) Required. Provide 8 digit client id","key":"x-fapi-financial-id","value":"<string>"},{"key":"Accept","value":"application/json"}],"method":"POST","body":{"mode":"raw","raw":"{\n  \"accountNumber\": \"12345678\"\n}","options":{"raw":{"language":"json"}}}},"status":"Conflict","code":409,"header":[{"disabled":false,"description":"unique transaction ID created for each request for tracking purposes","key":"x-fapi-interaction-id","value":"95ad42fb-afd1-2121-b794-3ed29342ks42"},{"key":"Content-Type","value":"application/json"}],"body":"{\n  \"type\": \"Http Resource conflict error\",\n  \"title\": \"Resource conflict\",\n  \"detail\": \"Card is already present with the same status\",\n  \"instance\": \"/api/basepath\",\n  \"status\": 409\n}","cookie":[],"_postman_previewlanguage":"json"},{"id":"c1cb0c25-0f99-4797-b763-35d04422b9d2","name":"Unsupported Media Type","originalRequest":{"url":{"path":["v1","accounts","limits","search"],"host":["{{baseUrl}}"],"query":[],"variable":[]},"header":[{"description":{"content":"Added as a part of security scheme: bearer","type":"text/plain"},"key":"Authorization","value":"Bearer <token>"},{"disabled":false,"description":"(Required) Retrieve an access token through the Access Token API. Access token is required in every request. Refer to documentation on access token  (https://card.developer.fiserv.com/apis/token).Tokens expire after 15 minutes. Provide the value as follows in the header. Authorization:: Bearer <Access Token Value>","key":"Authorization","value":"Bearer USlfM8dilzKZPcuGGP3BfVLd7Snk"},{"disabled":false,"description":"Optional. User on behalf of whom the request is being made. userId must be alphanumeric.","key":"userId","value":"johndoe"},{"disabled":false,"description":"(Required) Required. Provide 8 digit client id","key":"x-fapi-financial-id","value":"<string>"},{"key":"Accept","value":"application/json"}],"method":"POST","body":{"mode":"raw","raw":"{\n  \"accountNumber\": \"12345678\"\n}","options":{"raw":{"language":"json"}}}},"status":"Unsupported Media Type","code":415,"header":[{"disabled":false,"description":"unique transaction ID created for each request for tracking purposes","key":"x-fapi-interaction-id","value":"95ad42fb-afd1-2121-b794-3ed29342ks42"},{"key":"Content-Type","value":"application/json"}],"body":"{\n  \"type\": \"https://card.developer.fiserv.com/cards/error#unsupported-mediatype\",\n  \"title\": \"Unsupported Media Type\",\n  \"detail\": \"unsupported Media Type\",\n  \"instance\": \"/api/basepath\",\n  \"status\": 415\n}","cookie":[],"_postman_previewlanguage":"json"},{"id":"11449e38-33c2-4e71-883d-3c0e1d1c8265","name":"Internal Server Error","originalRequest":{"url":{"path":["v1","accounts","limits","search"],"host":["{{baseUrl}}"],"query":[],"variable":[]},"header":[{"description":{"content":"Added as a part of security scheme: bearer","type":"text/plain"},"key":"Authorization","value":"Bearer <token>"},{"disabled":false,"description":"(Required) Retrieve an access token through the Access Token API. Access token is required in every request. Refer to documentation on access token  (https://card.developer.fiserv.com/apis/token).Tokens expire after 15 minutes. Provide the value as follows in the header. Authorization:: Bearer <Access Token Value>","key":"Authorization","value":"Bearer USlfM8dilzKZPcuGGP3BfVLd7Snk"},{"disabled":false,"description":"Optional. User on behalf of whom the request is being made. userId must be alphanumeric.","key":"userId","value":"johndoe"},{"disabled":false,"description":"(Required) Required. Provide 8 digit client id","key":"x-fapi-financial-id","value":"<string>"},{"key":"Accept","value":"application/json"}],"method":"POST","body":{"mode":"raw","raw":"{\n  \"accountNumber\": \"12345678\"\n}","options":{"raw":{"language":"json"}}}},"status":"Internal Server Error","code":500,"header":[{"disabled":false,"description":"unique transaction ID created for each request for tracking purposes","key":"x-fapi-interaction-id","value":"95ad42fb-afd1-2121-b794-3ed29342ks42"},{"key":"Content-Type","value":"application/json"}],"body":"{\n  \"errorResponse\": {\n    \"code\": \"500-01\",\n    \"message\": \"internal server error\",\n    \"developerInfo\": {\n      \"developerMessage\": \"internal server error\",\n      \"moreInfo\": \"There was a problem handling your request.  Please try again.  If the problem persists please contact Fiserv ETSD at 888-243-2543 (you unique messageID included below)\",\n      \"messageid\": \"25557-84290371-1\"\n    }\n  }\n}","cookie":[],"_postman_previewlanguage":"json"}],"event":[],"protocolProfileBehavior":{"disableBodyPruning":true}},{"id":"35c0beb7-6e42-4720-95e2-c896ad75b352","name":"Search for statement information given the account. Applies to credit only.","request":{"name":"Search for statement information given the account. Applies to credit only.","description":{},"url":{"path":["v1","accounts","statements","search"],"host":["{{baseUrl}}"],"query":[{"disabled":false,"key":"filter","value":"<string>","description":"Retrieve summary or detail information of statement. Default will be 'summary'.  \n\nfilter value 'summary' only includes the following fields  \n- cardNumber  \n- statementDate  \n- statementEndingBalance  \n- delinquentAmount \n- statementFinanceChargeAmount  \n- minimumPaymentDueAmount  \n- paymentDueDate  \n\nfilter value of 'detail' includes all the fields in the response.\n"}],"variable":[]},"header":[{"disabled":false,"description":"User on behalf of whom the request is being made. userId must be alphanumeric.","key":"x-fapi-userId","value":"<string>"},{"disabled":false,"description":"(Required) The 8-digit unique financial institute id assigned to each FI by Fiserv.","key":"x-fapi-financial-id","value":"<string>"},{"key":"Content-Type","value":"application/json"},{"key":"Accept","value":"application/json"}],"method":"POST","auth":null,"body":{"mode":"raw","raw":"{\n  \"accountNumber\": \"<string>\",\n  \"fromDate\": \"<date>\",\n  \"toDate\": \"<date>\"\n}","options":{"raw":{"language":"json"}}}},"response":[{"id":"aeca7428-945b-4c75-ba7d-e34324479b2e","name":"OK","originalRequest":{"url":{"path":["v1","accounts","statements","search"],"host":["{{baseUrl}}"],"query":[{"key":"filter","value":"summary"}],"variable":[]},"header":[{"description":{"content":"Added as a part of security scheme: bearer","type":"text/plain"},"key":"Authorization","value":"Bearer <token>"},{"disabled":false,"description":"(Required) Retrieve an access token through the Access Token API. Access token is required in every request. Refer to documentation on access token (https://card.developer.fiserv.com/apis/token). Tokens expire after 15 minutes. Provide the value as follows in the header. Authorization: Bearer <Access Token Value>","key":"Authorization","value":"Bearer USlfM8dilzKZPcuGGP3BfVLd7Snk"},{"disabled":false,"description":"User on behalf of whom the request is being made. userId must be alphanumeric.","key":"x-fapi-userId","value":"JOHNDOE"},{"disabled":false,"description":"(Required) The 8-digit unique financial institute id assigned to each FI by Fiserv.","key":"x-fapi-financial-id","value":"00123456"},{"key":"Accept","value":"application/json"}],"method":"POST","body":{"mode":"raw","raw":"{\n  \"accountNumber\": \"123456789\",\n  \"fromDate\": \"2021-07-20\",\n  \"toDate\": \"2021-12-28\"\n}","options":{"raw":{"language":"json"}}}},"status":"OK","code":200,"header":[{"key":"Content-Type","value":"application/json"}],"body":"{\n  \"cardNumber\": [\n    \"425769XXXXXX0020\",\n    \"425769XXXXXX0021\"\n  ],\n  \"statementDetails\": [\n    {\n      \"statementDate\": \"2021-12-30\",\n      \"statementEndingBalance\": \"1500.00\",\n      \"delinquentAmount\": \"100.00\",\n      \"statementFinanceChargeAmount\": \"10.00\",\n      \"minimumPaymentDueAmount\": \"200.00\",\n      \"paymentDueDate\": \"12-25\"\n    }\n  ]\n}","cookie":[],"_postman_previewlanguage":"json"},{"id":"dc1d20d0-674d-4dd0-9620-0265694f8989","name":"Partial Content","originalRequest":{"url":{"path":["v1","accounts","statements","search"],"host":["{{baseUrl}}"],"query":[{"key":"filter","value":"summary"}],"variable":[]},"header":[{"description":{"content":"Added as a part of security scheme: bearer","type":"text/plain"},"key":"Authorization","value":"Bearer <token>"},{"disabled":false,"description":"(Required) Retrieve an access token through the Access Token API. Access token is required in every request. Refer to documentation on access token (https://card.developer.fiserv.com/apis/token). Tokens expire after 15 minutes. Provide the value as follows in the header. Authorization: Bearer <Access Token Value>","key":"Authorization","value":"Bearer USlfM8dilzKZPcuGGP3BfVLd7Snk"},{"disabled":false,"description":"User on behalf of whom the request is being made. userId must be alphanumeric.","key":"x-fapi-userId","value":"JOHNDOE"},{"disabled":false,"description":"(Required) The 8-digit unique financial institute id assigned to each FI by Fiserv.","key":"x-fapi-financial-id","value":"00123456"},{"key":"Accept","value":"application/json"}],"method":"POST","body":{"mode":"raw","raw":"{\n  \"accountNumber\": \"123456789\",\n  \"fromDate\": \"2021-07-20\",\n  \"toDate\": \"2021-12-28\"\n}","options":{"raw":{"language":"json"}}}},"status":"Partial Content","code":206,"header":[{"key":"Content-Type","value":"application/json"}],"body":"{\n  \"cardNumber\": [\n    \"425769XXXXXX0020\",\n    \"425769XXXXXX0021\"\n  ],\n  \"statementDetails\": [\n    {\n      \"statementDate\": \"2021-12-30\",\n      \"statementEndingBalance\": \"1500.00\",\n      \"delinquentAmount\": \"100.00\",\n      \"statementFinanceChargeAmount\": \"10.00\",\n      \"minimumPaymentDueAmount\": \"200.00\",\n      \"paymentDueDate\": \"12-25\",\n      \"statementOpeningBalanceAmount\": \"3000.00\",\n      \"statementDebitAmount\": \"1500.00\",\n      \"statementSalesAmount\": \"12.09\",\n      \"statementOtherCreditsAmount\": \"15.15\",\n      \"statementPaymentAmount\": \"400.00\",\n      \"accountStatusCode\": \"NORMAL\",\n      \"yearToDateInterestAmount\": \"30.00\",\n      \"purchaseCount\": 15,\n      \"creditCount\": 5,\n      \"paymentsCount\": 10,\n      \"daysInBillingCycle\": 31,\n      \"billingCycleCode\": 28,\n      \"sinceLastStatementInterestAmount\": \"1.09\",\n      \"overlimitFees\": \"5.00\",\n      \"skipPaymentFlag\": \"No\",\n      \"statementCreditLineAmount\": \"5000.00\",\n      \"availableCreditRemaining\": \"4000.00\",\n      \"statementTotals\": {\n        \"adjustments\": \"99485.00\",\n        \"cashAdvance\": \"1692.00\",\n        \"credit\": \"10100.00\",\n        \"payment\": \"665572.00\",\n        \"purchase\": \"39181.00\"\n      },\n      \"statementTransactionDetails\": {\n        \"totalTransactionsCount\": 1200,\n        \"statementTransactions\": [\n          {\n            \"cardOrAccountNumber\": \"400020XXXXXX4000\",\n            \"cardOrAccountTransactions\": [\n              {\n                \"value\": \"<Error: Too many levels of nesting to fake this schema>\"\n              },\n              {\n                \"value\": \"<Error: Too many levels of nesting to fake this schema>\"\n              }\n            ]\n          },\n          {\n            \"cardOrAccountNumber\": \"400020XXXXXX4000\",\n            \"cardOrAccountTransactions\": [\n              {\n                \"value\": \"<Error: Too many levels of nesting to fake this schema>\"\n              },\n              {\n                \"value\": \"<Error: Too many levels of nesting to fake this schema>\"\n              }\n            ]\n          }\n        ]\n      }\n    },\n    {\n      \"statementDate\": \"2021-12-30\",\n      \"statementEndingBalance\": \"1500.00\",\n      \"delinquentAmount\": \"100.00\",\n      \"statementFinanceChargeAmount\": \"10.00\",\n      \"minimumPaymentDueAmount\": \"200.00\",\n      \"paymentDueDate\": \"12-25\",\n      \"statementOpeningBalanceAmount\": \"3000.00\",\n      \"statementDebitAmount\": \"1500.00\",\n      \"statementSalesAmount\": \"12.09\",\n      \"statementOtherCreditsAmount\": \"15.15\",\n      \"statementPaymentAmount\": \"400.00\",\n      \"accountStatusCode\": \"NORMAL\",\n      \"yearToDateInterestAmount\": \"30.00\",\n      \"purchaseCount\": 15,\n      \"creditCount\": 5,\n      \"paymentsCount\": 10,\n      \"daysInBillingCycle\": 31,\n      \"billingCycleCode\": 28,\n      \"sinceLastStatementInterestAmount\": \"1.09\",\n      \"overlimitFees\": \"5.00\",\n      \"skipPaymentFlag\": \"No\",\n      \"statementCreditLineAmount\": \"5000.00\",\n      \"availableCreditRemaining\": \"4000.00\",\n      \"statementTotals\": {\n        \"adjustments\": \"99485.00\",\n        \"cashAdvance\": \"1692.00\",\n        \"credit\": \"10100.00\",\n        \"payment\": \"665572.00\",\n        \"purchase\": \"39181.00\"\n      },\n      \"statementTransactionDetails\": {\n        \"totalTransactionsCount\": 1200,\n        \"statementTransactions\": [\n          {\n            \"cardOrAccountNumber\": \"400020XXXXXX4000\",\n            \"cardOrAccountTransactions\": [\n              {\n                \"value\": \"<Error: Too many levels of nesting to fake this schema>\"\n              },\n              {\n                \"value\": \"<Error: Too many levels of nesting to fake this schema>\"\n              }\n            ]\n          },\n          {\n            \"cardOrAccountNumber\": \"400020XXXXXX4000\",\n            \"cardOrAccountTransactions\": [\n              {\n                \"value\": \"<Error: Too many levels of nesting to fake this schema>\"\n              },\n              {\n                \"value\": \"<Error: Too many levels of nesting to fake this schema>\"\n              }\n            ]\n          }\n        ]\n      }\n    }\n  ],\n  \"warningInfo\": {\n    \"message\": \"Partial response\",\n    \"warningDetails\": [\n      {\n        \"code\": \"206-45-7001\",\n        \"detail\": \"Transaction results are >=1000. Please refine your search criteria.\"\n      },\n      {\n        \"code\": \"206-45-7001\",\n        \"detail\": \"Transaction results are >=1000. Please refine your search criteria.\"\n      }\n    ]\n  }\n}","cookie":[],"_postman_previewlanguage":"json"},{"id":"8e668e8e-681a-479d-9157-1ee702a1e76f","name":"Invalid Request","originalRequest":{"url":{"path":["v1","accounts","statements","search"],"host":["{{baseUrl}}"],"query":[{"key":"filter","value":"summary"}],"variable":[]},"header":[{"description":{"content":"Added as a part of security scheme: bearer","type":"text/plain"},"key":"Authorization","value":"Bearer <token>"},{"disabled":false,"description":"(Required) Retrieve an access token through the Access Token API. Access token is required in every request. Refer to documentation on access token (https://card.developer.fiserv.com/apis/token). Tokens expire after 15 minutes. Provide the value as follows in the header. Authorization: Bearer <Access Token Value>","key":"Authorization","value":"Bearer USlfM8dilzKZPcuGGP3BfVLd7Snk"},{"disabled":false,"description":"User on behalf of whom the request is being made. userId must be alphanumeric.","key":"x-fapi-userId","value":"JOHNDOE"},{"disabled":false,"description":"(Required) The 8-digit unique financial institute id assigned to each FI by Fiserv.","key":"x-fapi-financial-id","value":"00123456"},{"key":"Accept","value":"application/json"}],"method":"POST","body":{"mode":"raw","raw":"{\n  \"accountNumber\": \"123456789\",\n  \"fromDate\": \"2021-07-20\",\n  \"toDate\": \"2021-12-28\"\n}","options":{"raw":{"language":"json"}}}},"status":"Bad Request","code":400,"header":[{"disabled":false,"description":"unique transaction ID created for each request for tracking purposes","key":"x-fapi-interaction-id","value":"95ad42fb-afd1-2121-b794-3ed29342ks42"},{"key":"Content-Type","value":"application/json"}],"body":"{\n  \"type\": \"https://card.developer.fiserv.com/cards/error#bad-request\",\n  \"title\": \"Bad Request\",\n  \"detail\": \"CONTENT-TYPE header required. Supported content-type is application/json.\",\n  \"instance\": \"/v1/accounts/statements/search\",\n  \"status\": 400\n}","cookie":[],"_postman_previewlanguage":"json"},{"id":"c6fa6858-2e9c-4e03-b23f-29c981d3b143","name":"Unauthorized access","originalRequest":{"url":{"path":["v1","accounts","statements","search"],"host":["{{baseUrl}}"],"query":[{"key":"filter","value":"summary"}],"variable":[]},"header":[{"description":{"content":"Added as a part of security scheme: bearer","type":"text/plain"},"key":"Authorization","value":"Bearer <token>"},{"disabled":false,"description":"(Required) Retrieve an access token through the Access Token API. Access token is required in every request. Refer to documentation on access token (https://card.developer.fiserv.com/apis/token). Tokens expire after 15 minutes. Provide the value as follows in the header. Authorization: Bearer <Access Token Value>","key":"Authorization","value":"Bearer USlfM8dilzKZPcuGGP3BfVLd7Snk"},{"disabled":false,"description":"User on behalf of whom the request is being made. userId must be alphanumeric.","key":"x-fapi-userId","value":"JOHNDOE"},{"disabled":false,"description":"(Required) The 8-digit unique financial institute id assigned to each FI by Fiserv.","key":"x-fapi-financial-id","value":"00123456"},{"key":"Accept","value":"application/json"}],"method":"POST","body":{"mode":"raw","raw":"{\n  \"accountNumber\": \"123456789\",\n  \"fromDate\": \"2021-07-20\",\n  \"toDate\": \"2021-12-28\"\n}","options":{"raw":{"language":"json"}}}},"status":"Unauthorized","code":401,"header":[{"disabled":false,"description":"unique transaction ID created for each request for tracking purposes","key":"x-fapi-interaction-id","value":"95ad42fb-afd1-2121-b794-3ed29342ks42"},{"key":"Content-Type","value":"application/json"}],"body":"{\n  \"type\": \"https://card.developer.fiserv.com/cards/error#unauthorized\",\n  \"title\": \"Unauthorized\",\n  \"detail\": \"Invalid Access Token\",\n  \"instance\": \"/v1/accounts/statements/search\",\n  \"status\": 401\n}","cookie":[],"_postman_previewlanguage":"json"},{"id":"14fe7cea-3c5f-48d4-bc58-2b6f26c9bc11","name":"Forbidden","originalRequest":{"url":{"path":["v1","accounts","statements","search"],"host":["{{baseUrl}}"],"query":[{"key":"filter","value":"summary"}],"variable":[]},"header":[{"description":{"content":"Added as a part of security scheme: bearer","type":"text/plain"},"key":"Authorization","value":"Bearer <token>"},{"disabled":false,"description":"(Required) Retrieve an access token through the Access Token API. Access token is required in every request. Refer to documentation on access token (https://card.developer.fiserv.com/apis/token). Tokens expire after 15 minutes. Provide the value as follows in the header. Authorization: Bearer <Access Token Value>","key":"Authorization","value":"Bearer USlfM8dilzKZPcuGGP3BfVLd7Snk"},{"disabled":false,"description":"User on behalf of whom the request is being made. userId must be alphanumeric.","key":"x-fapi-userId","value":"JOHNDOE"},{"disabled":false,"description":"(Required) The 8-digit unique financial institute id assigned to each FI by Fiserv.","key":"x-fapi-financial-id","value":"00123456"},{"key":"Accept","value":"application/json"}],"method":"POST","body":{"mode":"raw","raw":"{\n  \"accountNumber\": \"123456789\",\n  \"fromDate\": \"2021-07-20\",\n  \"toDate\": \"2021-12-28\"\n}","options":{"raw":{"language":"json"}}}},"status":"Forbidden","code":403,"header":[{"disabled":false,"description":"unique transaction ID created for each request for tracking purposes","key":"x-fapi-interaction-id","value":"95ad42fb-afd1-2121-b794-3ed29342ks42"},{"key":"Content-Type","value":"application/json"}],"body":"{\n  \"type\": \"https://card.developer.fiserv.com/cards/error#forbidden\",\n  \"title\": \"Forbidden\",\n  \"detail\": \"Unauthorized to perform request.\",\n  \"instance\": \"/v1/accounts/statements/search\",\n  \"status\": 403\n}","cookie":[],"_postman_previewlanguage":"json"},{"id":"dfe377ce-d8ad-449f-9958-d5d0e78a33ce","name":"Not Found","originalRequest":{"url":{"path":["v1","accounts","statements","search"],"host":["{{baseUrl}}"],"query":[{"key":"filter","value":"summary"}],"variable":[]},"header":[{"description":{"content":"Added as a part of security scheme: bearer","type":"text/plain"},"key":"Authorization","value":"Bearer <token>"},{"disabled":false,"description":"(Required) Retrieve an access token through the Access Token API. Access token is required in every request. Refer to documentation on access token (https://card.developer.fiserv.com/apis/token). Tokens expire after 15 minutes. Provide the value as follows in the header. Authorization: Bearer <Access Token Value>","key":"Authorization","value":"Bearer USlfM8dilzKZPcuGGP3BfVLd7Snk"},{"disabled":false,"description":"User on behalf of whom the request is being made. userId must be alphanumeric.","key":"x-fapi-userId","value":"JOHNDOE"},{"disabled":false,"description":"(Required) The 8-digit unique financial institute id assigned to each FI by Fiserv.","key":"x-fapi-financial-id","value":"00123456"},{"key":"Accept","value":"application/json"}],"method":"POST","body":{"mode":"raw","raw":"{\n  \"accountNumber\": \"123456789\",\n  \"fromDate\": \"2021-07-20\",\n  \"toDate\": \"2021-12-28\"\n}","options":{"raw":{"language":"json"}}}},"status":"Not Found","code":404,"header":[{"disabled":false,"description":"unique transaction ID created for each request for tracking purposes","key":"x-fapi-interaction-id","value":"95ad42fb-afd1-2121-b794-3ed29342ks42"},{"key":"Content-Type","value":"application/json"}],"body":"{\n  \"type\": \"https://card.developer.fiserv.com/cards/error#resource-not-found\",\n  \"title\": \"Not Found\",\n  \"detail\": \"No statements were found.\",\n  \"instance\": \"/v1/accounts/statements/search\",\n  \"status\": 404\n}","cookie":[],"_postman_previewlanguage":"json"},{"id":"ca63d255-2649-49bf-ad43-7dacd61ba4e9","name":"Method Not Allowed","originalRequest":{"url":{"path":["v1","accounts","statements","search"],"host":["{{baseUrl}}"],"query":[{"key":"filter","value":"summary"}],"variable":[]},"header":[{"description":{"content":"Added as a part of security scheme: bearer","type":"text/plain"},"key":"Authorization","value":"Bearer <token>"},{"disabled":false,"description":"(Required) Retrieve an access token through the Access Token API. Access token is required in every request. Refer to documentation on access token (https://card.developer.fiserv.com/apis/token). Tokens expire after 15 minutes. Provide the value as follows in the header. Authorization: Bearer <Access Token Value>","key":"Authorization","value":"Bearer USlfM8dilzKZPcuGGP3BfVLd7Snk"},{"disabled":false,"description":"User on behalf of whom the request is being made. userId must be alphanumeric.","key":"x-fapi-userId","value":"JOHNDOE"},{"disabled":false,"description":"(Required) The 8-digit unique financial institute id assigned to each FI by Fiserv.","key":"x-fapi-financial-id","value":"00123456"},{"key":"Accept","value":"application/json"}],"method":"POST","body":{"mode":"raw","raw":"{\n  \"accountNumber\": \"123456789\",\n  \"fromDate\": \"2021-07-20\",\n  \"toDate\": \"2021-12-28\"\n}","options":{"raw":{"language":"json"}}}},"status":"Method Not Allowed","code":405,"header":[{"disabled":false,"description":"unique transaction ID created for each request for tracking purposes","key":"x-fapi-interaction-id","value":"95ad42fb-afd1-2121-b794-3ed29342ks42"},{"key":"Content-Type","value":"application/json"}],"body":"{\n  \"type\": \"https://card.developer.fiserv.com/cards/error#method-not-allowed\",\n  \"title\": \"Method Not Allowed\",\n  \"detail\": \"The HTTP method requested is not acceptable for this endpoint.\",\n  \"instance\": \"/v1/accounts/statements/search\",\n  \"status\": 405\n}","cookie":[],"_postman_previewlanguage":"json"},{"id":"828fbfc1-37f8-45e4-a00a-6f021dc5eec5","name":"Unacceptable","originalRequest":{"url":{"path":["v1","accounts","statements","search"],"host":["{{baseUrl}}"],"query":[{"key":"filter","value":"summary"}],"variable":[]},"header":[{"description":{"content":"Added as a part of security scheme: bearer","type":"text/plain"},"key":"Authorization","value":"Bearer <token>"},{"disabled":false,"description":"(Required) Retrieve an access token through the Access Token API. Access token is required in every request. Refer to documentation on access token (https://card.developer.fiserv.com/apis/token). Tokens expire after 15 minutes. Provide the value as follows in the header. Authorization: Bearer <Access Token Value>","key":"Authorization","value":"Bearer USlfM8dilzKZPcuGGP3BfVLd7Snk"},{"disabled":false,"description":"User on behalf of whom the request is being made. userId must be alphanumeric.","key":"x-fapi-userId","value":"JOHNDOE"},{"disabled":false,"description":"(Required) The 8-digit unique financial institute id assigned to each FI by Fiserv.","key":"x-fapi-financial-id","value":"00123456"},{"key":"Accept","value":"application/json"}],"method":"POST","body":{"mode":"raw","raw":"{\n  \"accountNumber\": \"123456789\",\n  \"fromDate\": \"2021-07-20\",\n  \"toDate\": \"2021-12-28\"\n}","options":{"raw":{"language":"json"}}}},"status":"Not Acceptable","code":406,"header":[{"disabled":false,"description":"unique transaction ID created for each request for tracking purposes","key":"x-fapi-interaction-id","value":"95ad42fb-afd1-2121-b794-3ed29342ks42"},{"key":"Content-Type","value":"application/json"}],"body":"{\n  \"type\": \"https://card.developer.fiserv.com/cards/error#not-acceptable\",\n  \"title\": \"Not Acceptable\",\n  \"detail\": \"The content type being requested is not provided by this service.\",\n  \"instance\": \"/v1/accounts/statements/search\",\n  \"status\": 406\n}","cookie":[],"_postman_previewlanguage":"json"},{"id":"0e765737-642c-4616-8bb9-6e04cc46b943","name":"Unsupported Media Type","originalRequest":{"url":{"path":["v1","accounts","statements","search"],"host":["{{baseUrl}}"],"query":[{"key":"filter","value":"summary"}],"variable":[]},"header":[{"description":{"content":"Added as a part of security scheme: bearer","type":"text/plain"},"key":"Authorization","value":"Bearer <token>"},{"disabled":false,"description":"(Required) Retrieve an access token through the Access Token API. Access token is required in every request. Refer to documentation on access token (https://card.developer.fiserv.com/apis/token). Tokens expire after 15 minutes. Provide the value as follows in the header. Authorization: Bearer <Access Token Value>","key":"Authorization","value":"Bearer USlfM8dilzKZPcuGGP3BfVLd7Snk"},{"disabled":false,"description":"User on behalf of whom the request is being made. userId must be alphanumeric.","key":"x-fapi-userId","value":"JOHNDOE"},{"disabled":false,"description":"(Required) The 8-digit unique financial institute id assigned to each FI by Fiserv.","key":"x-fapi-financial-id","value":"00123456"},{"key":"Accept","value":"application/json"}],"method":"POST","body":{"mode":"raw","raw":"{\n  \"accountNumber\": \"123456789\",\n  \"fromDate\": \"2021-07-20\",\n  \"toDate\": \"2021-12-28\"\n}","options":{"raw":{"language":"json"}}}},"status":"Unsupported Media Type","code":415,"header":[{"disabled":false,"description":"unique transaction ID created for each request for tracking purposes","key":"x-fapi-interaction-id","value":"95ad42fb-afd1-2121-b794-3ed29342ks42"},{"key":"Content-Type","value":"application/json"}],"body":"{\n  \"type\": \"https://card.developer.fiserv.com/cards/error#unsupported-mediatype\",\n  \"title\": \"Unsupported Media type\",\n  \"detail\": \"The payload format is unsupported.\",\n  \"instance\": \"/v1/accounts/statements/search\",\n  \"status\": 415\n}","cookie":[],"_postman_previewlanguage":"json"},{"id":"058096f1-81bc-4591-ad07-0ae59ed35398","name":"Unprocessable Entity","originalRequest":{"url":{"path":["v1","accounts","statements","search"],"host":["{{baseUrl}}"],"query":[{"key":"filter","value":"summary"}],"variable":[]},"header":[{"description":{"content":"Added as a part of security scheme: bearer","type":"text/plain"},"key":"Authorization","value":"Bearer <token>"},{"disabled":false,"description":"(Required) Retrieve an access token through the Access Token API. Access token is required in every request. Refer to documentation on access token (https://card.developer.fiserv.com/apis/token). Tokens expire after 15 minutes. Provide the value as follows in the header. Authorization: Bearer <Access Token Value>","key":"Authorization","value":"Bearer USlfM8dilzKZPcuGGP3BfVLd7Snk"},{"disabled":false,"description":"User on behalf of whom the request is being made. userId must be alphanumeric.","key":"x-fapi-userId","value":"JOHNDOE"},{"disabled":false,"description":"(Required) The 8-digit unique financial institute id assigned to each FI by Fiserv.","key":"x-fapi-financial-id","value":"00123456"},{"key":"Accept","value":"application/json"}],"method":"POST","body":{"mode":"raw","raw":"{\n  \"accountNumber\": \"123456789\",\n  \"fromDate\": \"2021-07-20\",\n  \"toDate\": \"2021-12-28\"\n}","options":{"raw":{"language":"json"}}}},"status":"Unprocessable Entity (WebDAV) (RFC 4918)","code":422,"header":[{"disabled":false,"description":"unique transaction ID created for each request for tracking purposes","key":"x-fapi-interaction-id","value":"95ad42fb-afd1-2121-b794-3ed29342ks42"},{"key":"Content-Type","value":"application/json"}],"body":"{\n  \"type\": \"https://card.developer.fiserv.com/cards/error#unprocessable-content\",\n  \"title\": \"Unprocessable Content\",\n  \"detail\": \"The service was not able to process this request.\",\n  \"instance\": \"/v1/accounts/statements/search\",\n  \"status\": 422\n}","cookie":[],"_postman_previewlanguage":"json"},{"id":"665a236c-98b7-4e2a-a28c-f52d95240be4","name":"Internal Server Error","originalRequest":{"url":{"path":["v1","accounts","statements","search"],"host":["{{baseUrl}}"],"query":[{"key":"filter","value":"summary"}],"variable":[]},"header":[{"description":{"content":"Added as a part of security scheme: bearer","type":"text/plain"},"key":"Authorization","value":"Bearer <token>"},{"disabled":false,"description":"(Required) Retrieve an access token through the Access Token API. Access token is required in every request. Refer to documentation on access token (https://card.developer.fiserv.com/apis/token). Tokens expire after 15 minutes. Provide the value as follows in the header. Authorization: Bearer <Access Token Value>","key":"Authorization","value":"Bearer USlfM8dilzKZPcuGGP3BfVLd7Snk"},{"disabled":false,"description":"User on behalf of whom the request is being made. userId must be alphanumeric.","key":"x-fapi-userId","value":"JOHNDOE"},{"disabled":false,"description":"(Required) The 8-digit unique financial institute id assigned to each FI by Fiserv.","key":"x-fapi-financial-id","value":"00123456"},{"key":"Accept","value":"application/json"}],"method":"POST","body":{"mode":"raw","raw":"{\n  \"accountNumber\": \"123456789\",\n  \"fromDate\": \"2021-07-20\",\n  \"toDate\": \"2021-12-28\"\n}","options":{"raw":{"language":"json"}}}},"status":"Internal Server Error","code":500,"header":[{"disabled":false,"description":"unique transaction ID created for each request for tracking purposes","key":"x-fapi-interaction-id","value":"95ad42fb-afd1-2121-b794-3ed29342ks42"},{"key":"Content-Type","value":"application/json"}],"body":"{\n  \"errorResponse\": {\n    \"code\": \"500-01\",\n    \"message\": \"internal server error\",\n    \"developerInfo\": {\n      \"developerMessage\": \"internal server error\",\n      \"moreInfo\": \"There was a problem handling your request. Please try again. If the problem persists please contact Support\",\n      \"messageid\": \"25557-84290371-1\"\n    }\n  }\n}","cookie":[],"_postman_previewlanguage":"json"}],"event":[],"protocolProfileBehavior":{"disableBodyPruning":true}},{"id":"76ef6ee5-4c0b-4032-8181-e66140dd608a","name":"Retrieves the list of Transactions for the account based on the filter criteria passed in the request. Only applicable for credit.","request":{"name":"Retrieves the list of Transactions for the account based on the filter criteria passed in the request. Only applicable for credit.","description":{},"url":{"path":["v1","accounts","transactions","search"],"host":["{{baseUrl}}"],"query":[{"disabled":false,"key":"filter","value":"<string>","description":"(Required) Provides the summary or details record for account transaction search. Defaults to summary.\n\nSUMMARY includes the following fields -\n\ntransactionDateTime, merchantName, authorizationCode, transactioncode, transactionType, merchantCategoryCode, transactionStatus, transactionAmount, transactedCardOrAccountNumber, merchantCity, merchantState,\n\nDETAIL includes all the transaction search fields."},{"disabled":false,"key":"pageOffset","value":"<string>","description":"The starting point in the result set"},{"disabled":false,"key":"pageLimit","value":"<string>","description":"The number of records to be returned"}],"variable":[]},"header":[{"disabled":false,"description":"Optional. User on behalf of whom the request is being made. userId must be alphanumeric.","key":"userId","value":"<string>"},{"disabled":false,"description":"(Required) Required. Provide 8 digit client id","key":"x-fapi-financial-id","value":"<string>"},{"key":"Content-Type","value":"application/json"},{"key":"Accept","value":"application/json"}],"method":"POST","auth":null,"body":{"mode":"raw","raw":"{\n  \"accountNumber\": \"<string>\",\n  \"filterCriteria\": [\n    {\n      \"filterBy\": \"<string>\",\n      \"filterValue\": \"<string>\"\n    },\n    {\n      \"filterBy\": \"<string>\",\n      \"filterValue\": \"<string>\"\n    }\n  ]\n}","options":{"raw":{"language":"json"}}}},"response":[{"id":"4bf6db2c-de9f-44ca-9836-4d731e9a1642","name":"OK","originalRequest":{"url":{"path":["v1","accounts","transactions","search"],"host":["{{baseUrl}}"],"query":[{"key":"filter","value":"summary,detail"},{"key":"pageOffset","value":"2"},{"key":"pageLimit","value":"50"}],"variable":[]},"header":[{"description":{"content":"Added as a part of security scheme: bearer","type":"text/plain"},"key":"Authorization","value":"Bearer <token>"},{"disabled":false,"description":"(Required) Retrieve an access token through the Access Token API. Access token is required in every request. Refer to documentation on access token  (https://card.developer.fiserv.com/apis/token).Tokens expire after 15 minutes. Provide the value as follows in the header. Authorization:: Bearer <Access Token Value>","key":"Authorization","value":"Bearer USlfM8dilzKZPcuGGP3BfVLd7Snk"},{"disabled":false,"description":"Optional. User on behalf of whom the request is being made. userId must be alphanumeric.","key":"userId","value":"johndoe"},{"disabled":false,"description":"(Required) Required. Provide 8 digit client id","key":"x-fapi-financial-id","value":"<string>"},{"key":"Accept","value":"application/json"}],"method":"POST","body":{"mode":"raw","raw":"{\n  \"accountNumber\": \"123456789\",\n  \"filterCriteria\": [\n    {\n      \"filterBy\": \"<string>\",\n      \"filterValue\": \"<string>\"\n    },\n    {\n      \"filterBy\": \"<string>\",\n      \"filterValue\": \"<string>\"\n    }\n  ]\n}","options":{"raw":{"language":"json"}}}},"status":"OK","code":200,"header":[{"key":"Content-Type","value":"application/json"}],"body":"{\n  \"count\": 39216743,\n  \"transactions\": [\n    {\n      \"authorizationCode\": \"121052\",\n      \"merchantCategoryCode\": \"6011\",\n      \"merchantCity\": \"Chicago\",\n      \"merchantState\": \"IL\",\n      \"transactionDateTime\": \"2014-10-02T15:01:23.045Z\",\n      \"transactedCardOrAccountNumber\": \"400010xxxxxx3000\",\n      \"statusDescription\": \"64-PI LOST\",\n      \"merchantName\": \"BALANCE TRANSFER CASH\",\n      \"transactionAmount\": \"1299.00\",\n      \"transactionType\": \"mollit sit in\",\n      \"transactionStatus\": \"nisi aliqua\",\n      \"responseCode\": \"quis do qui Excepteur dolor\",\n      \"responseCodeDescription\": \"esse cillum voluptate\",\n      \"transactionCode\": \"cillum dolor aliqua consectetur sed\",\n      \"declinedTransactionDetails\": {\n        \"cardholderAccountNumber\": \"xxxxx6789\",\n        \"transactionDescription\": \"OVERLIMIT FEE REFUND\",\n        \"merchantNumber\": \"xxxxx6789\",\n        \"declinedReasonCode\": \"64-PI LOST\",\n        \"expandedReasonCode\": \"pariatur\",\n        \"authorizationResponseDescription\": \"PI-LOST\"\n      },\n      \"pendingTransactionDetails\": {\n        \"cardholderAccountNumber\": \"xxxxx6789\",\n        \"transactionDescription\": \"OVERLIMIT FEE REFUND\",\n        \"merchantNumber\": \"xxxxx6789\",\n        \"originalAuthAdjustmentAmount\": \"40.00\"\n      },\n      \"postedTransactionDetails\": {\n        \"cardholderAccountNumber\": \"xxxxx6789\",\n        \"transactionDescription\": \"BALANCE TRANSFER CASH\",\n        \"promotionId\": \"dolor ullamco\",\n        \"postingDate\": \"2014-10-02\",\n        \"detailTransactionIdentifier\": \"084101656063080\",\n        \"referenceNumber\": \"85548362L00XTMK3P\"\n      }\n    },\n    {\n      \"authorizationCode\": \"121052\",\n      \"merchantCategoryCode\": \"6011\",\n      \"merchantCity\": \"Chicago\",\n      \"merchantState\": \"IL\",\n      \"transactionDateTime\": \"2014-10-02T15:01:23.045Z\",\n      \"transactedCardOrAccountNumber\": \"400010xxxxxx3000\",\n      \"statusDescription\": \"64-PI LOST\",\n      \"merchantName\": \"BALANCE TRANSFER CASH\",\n      \"transactionAmount\": \"1299.00\",\n      \"transactionType\": \"in cupidatat nostrud minim\",\n      \"transactionStatus\": \"sint aute labore\",\n      \"responseCode\": \"Duis adipisicing sed\",\n      \"responseCodeDescription\": \"et eu Ut nostrud\",\n      \"transactionCode\": \"velit enim \",\n      \"declinedTransactionDetails\": {\n        \"cardholderAccountNumber\": \"xxxxx6789\",\n        \"transactionDescription\": \"OVERLIMIT FEE REFUND\",\n        \"merchantNumber\": \"xxxxx6789\",\n        \"declinedReasonCode\": \"64-PI LOST\",\n        \"expandedReasonCode\": \"quis non dolor in\",\n        \"authorizationResponseDescription\": \"PI-LOST\"\n      },\n      \"pendingTransactionDetails\": {\n        \"cardholderAccountNumber\": \"xxxxx6789\",\n        \"transactionDescription\": \"OVERLIMIT FEE REFUND\",\n        \"merchantNumber\": \"xxxxx6789\",\n        \"originalAuthAdjustmentAmount\": \"40.00\"\n      },\n      \"postedTransactionDetails\": {\n        \"cardholderAccountNumber\": \"xxxxx6789\",\n        \"transactionDescription\": \"BALANCE TRANSFER CASH\",\n        \"promotionId\": \"dolore id\",\n        \"postingDate\": \"2014-10-02\",\n        \"detailTransactionIdentifier\": \"084101656063080\",\n        \"referenceNumber\": \"85548362L00XTMK3P\"\n      }\n    }\n  ],\n  \"warningInfo\": {\n    \"message\": \"Partial response\",\n    \"warningDetails\": [\n      {\n        \"code\": \"206-45-7001\",\n        \"detail\": \"Transaction results are >=1000. Please refine your search criteria.\"\n      },\n      {\n        \"code\": \"206-45-7001\",\n        \"detail\": \"Transaction results are >=1000. Please refine your search criteria.\"\n      }\n    ]\n  }\n}","cookie":[],"_postman_previewlanguage":"json"},{"id":"7b6e33b5-0b5a-4dcb-aa85-ee31498dde39","name":"Partial success response","originalRequest":{"url":{"path":["v1","accounts","transactions","search"],"host":["{{baseUrl}}"],"query":[{"key":"filter","value":"summary,detail"},{"key":"pageOffset","value":"2"},{"key":"pageLimit","value":"50"}],"variable":[]},"header":[{"description":{"content":"Added as a part of security scheme: bearer","type":"text/plain"},"key":"Authorization","value":"Bearer <token>"},{"disabled":false,"description":"(Required) Retrieve an access token through the Access Token API. Access token is required in every request. Refer to documentation on access token  (https://card.developer.fiserv.com/apis/token).Tokens expire after 15 minutes. Provide the value as follows in the header. Authorization:: Bearer <Access Token Value>","key":"Authorization","value":"Bearer USlfM8dilzKZPcuGGP3BfVLd7Snk"},{"disabled":false,"description":"Optional. User on behalf of whom the request is being made. userId must be alphanumeric.","key":"userId","value":"johndoe"},{"disabled":false,"description":"(Required) Required. Provide 8 digit client id","key":"x-fapi-financial-id","value":"<string>"},{"key":"Accept","value":"application/json"}],"method":"POST","body":{"mode":"raw","raw":"{\n  \"accountNumber\": \"123456789\",\n  \"filterCriteria\": [\n    {\n      \"filterBy\": \"<string>\",\n      \"filterValue\": \"<string>\"\n    },\n    {\n      \"filterBy\": \"<string>\",\n      \"filterValue\": \"<string>\"\n    }\n  ]\n}","options":{"raw":{"language":"json"}}}},"status":"Partial Content","code":206,"header":[{"key":"Content-Type","value":"application/json"}],"body":"{\n  \"count\": -35126548,\n  \"transactions\": [\n    {\n      \"authorizationCode\": \"121052\",\n      \"merchantCategoryCode\": \"6011\",\n      \"merchantCity\": \"Chicago\",\n      \"merchantState\": \"IL\",\n      \"transactionDateTime\": \"2014-10-02T15:01:23.045Z\",\n      \"transactedCardOrAccountNumber\": \"400010xxxxxx3000\",\n      \"statusDescription\": \"64-PI LOST\",\n      \"merchantName\": \"BALANCE TRANSFER CASH\",\n      \"transactionAmount\": \"1299.00\",\n      \"transactionType\": \"mollit id\",\n      \"transactionStatus\": \"quis culpa in non\",\n      \"responseCode\": \"sint est dolor quis\",\n      \"responseCodeDescription\": \"aliqua\",\n      \"transactionCode\": \"incididunt fugiat sed\",\n      \"declinedTransactionDetails\": {\n        \"cardholderAccountNumber\": \"xxxxx6789\",\n        \"transactionDescription\": \"OVERLIMIT FEE REFUND\",\n        \"merchantNumber\": \"xxxxx6789\",\n        \"declinedReasonCode\": \"64-PI LOST\",\n        \"expandedReasonCode\": \"ex elit sunt anim\",\n        \"authorizationResponseDescription\": \"PI-LOST\"\n      },\n      \"pendingTransactionDetails\": {\n        \"cardholderAccountNumber\": \"xxxxx6789\",\n        \"transactionDescription\": \"OVERLIMIT FEE REFUND\",\n        \"merchantNumber\": \"xxxxx6789\",\n        \"originalAuthAdjustmentAmount\": \"40.00\"\n      },\n      \"postedTransactionDetails\": {\n        \"cardholderAccountNumber\": \"xxxxx6789\",\n        \"transactionDescription\": \"BALANCE TRANSFER CASH\",\n        \"promotionId\": \"Duis incididunt voluptate pariatur\",\n        \"postingDate\": \"2014-10-02\",\n        \"detailTransactionIdentifier\": \"084101656063080\",\n        \"referenceNumber\": \"85548362L00XTMK3P\"\n      }\n    },\n    {\n      \"authorizationCode\": \"121052\",\n      \"merchantCategoryCode\": \"6011\",\n      \"merchantCity\": \"Chicago\",\n      \"merchantState\": \"IL\",\n      \"transactionDateTime\": \"2014-10-02T15:01:23.045Z\",\n      \"transactedCardOrAccountNumber\": \"400010xxxxxx3000\",\n      \"statusDescription\": \"64-PI LOST\",\n      \"merchantName\": \"BALANCE TRANSFER CASH\",\n      \"transactionAmount\": \"1299.00\",\n      \"transactionType\": \"id fugiat\",\n      \"transactionStatus\": \"consectetur\",\n      \"responseCode\": \"dolore qui sunt\",\n      \"responseCodeDescription\": \"dolore sunt\",\n      \"transactionCode\": \"amet reprehenderit ullamco sed\",\n      \"declinedTransactionDetails\": {\n        \"cardholderAccountNumber\": \"xxxxx6789\",\n        \"transactionDescription\": \"OVERLIMIT FEE REFUND\",\n        \"merchantNumber\": \"xxxxx6789\",\n        \"declinedReasonCode\": \"64-PI LOST\",\n        \"expandedReasonCode\": \"mollit culpa Duis incididunt\",\n        \"authorizationResponseDescription\": \"PI-LOST\"\n      },\n      \"pendingTransactionDetails\": {\n        \"cardholderAccountNumber\": \"xxxxx6789\",\n        \"transactionDescription\": \"OVERLIMIT FEE REFUND\",\n        \"merchantNumber\": \"xxxxx6789\",\n        \"originalAuthAdjustmentAmount\": \"40.00\"\n      },\n      \"postedTransactionDetails\": {\n        \"cardholderAccountNumber\": \"xxxxx6789\",\n        \"transactionDescription\": \"BALANCE TRANSFER CASH\",\n        \"promotionId\": \"in velit\",\n        \"postingDate\": \"2014-10-02\",\n        \"detailTransactionIdentifier\": \"084101656063080\",\n        \"referenceNumber\": \"85548362L00XTMK3P\"\n      }\n    }\n  ],\n  \"warningInfo\": {\n    \"message\": \"Partial response\",\n    \"warningDetails\": [\n      {\n        \"code\": \"206-45-7001\",\n        \"detail\": \"Transaction results are >=1000. Please refine your search criteria.\"\n      },\n      {\n        \"code\": \"206-45-7001\",\n        \"detail\": \"Transaction results are >=1000. Please refine your search criteria.\"\n      }\n    ]\n  }\n}","cookie":[],"_postman_previewlanguage":"json"},{"id":"15166956-094e-4d74-881b-46914853d4fc","name":"Invalid Request","originalRequest":{"url":{"path":["v1","accounts","transactions","search"],"host":["{{baseUrl}}"],"query":[{"key":"filter","value":"summary,detail"},{"key":"pageOffset","value":"2"},{"key":"pageLimit","value":"50"}],"variable":[]},"header":[{"description":{"content":"Added as a part of security scheme: bearer","type":"text/plain"},"key":"Authorization","value":"Bearer <token>"},{"disabled":false,"description":"(Required) Retrieve an access token through the Access Token API. Access token is required in every request. Refer to documentation on access token  (https://card.developer.fiserv.com/apis/token).Tokens expire after 15 minutes. Provide the value as follows in the header. Authorization:: Bearer <Access Token Value>","key":"Authorization","value":"Bearer USlfM8dilzKZPcuGGP3BfVLd7Snk"},{"disabled":false,"description":"Optional. User on behalf of whom the request is being made. userId must be alphanumeric.","key":"userId","value":"johndoe"},{"disabled":false,"description":"(Required) Required. Provide 8 digit client id","key":"x-fapi-financial-id","value":"<string>"},{"key":"Accept","value":"application/json"}],"method":"POST","body":{"mode":"raw","raw":"{\n  \"accountNumber\": \"123456789\",\n  \"filterCriteria\": [\n    {\n      \"filterBy\": \"<string>\",\n      \"filterValue\": \"<string>\"\n    },\n    {\n      \"filterBy\": \"<string>\",\n      \"filterValue\": \"<string>\"\n    }\n  ]\n}","options":{"raw":{"language":"json"}}}},"status":"Bad Request","code":400,"header":[{"disabled":false,"description":"unique transaction ID created for each request for tracking purposes","key":"x-fapi-interaction-id","value":"95ad42fb-afd1-2121-b794-3ed29342ks42"},{"key":"Content-Type","value":"application/json"}],"body":"{\n  \"type\": \"https://card.developer.fiserv.com/cards/error#invalid-request\",\n  \"title\": \"Invalid Request\",\n  \"detail\": \"We had a problem getting your credit and debit card information.\",\n  \"instance\": \"/v1/entity/example\",\n  \"status\": 400\n}","cookie":[],"_postman_previewlanguage":"json"},{"id":"1c3200fe-01a4-41f2-a3cf-46c6135d40c0","name":"Unauthorized access","originalRequest":{"url":{"path":["v1","accounts","transactions","search"],"host":["{{baseUrl}}"],"query":[{"key":"filter","value":"summary,detail"},{"key":"pageOffset","value":"2"},{"key":"pageLimit","value":"50"}],"variable":[]},"header":[{"description":{"content":"Added as a part of security scheme: bearer","type":"text/plain"},"key":"Authorization","value":"Bearer <token>"},{"disabled":false,"description":"(Required) Retrieve an access token through the Access Token API. Access token is required in every request. Refer to documentation on access token  (https://card.developer.fiserv.com/apis/token).Tokens expire after 15 minutes. Provide the value as follows in the header. Authorization:: Bearer <Access Token Value>","key":"Authorization","value":"Bearer USlfM8dilzKZPcuGGP3BfVLd7Snk"},{"disabled":false,"description":"Optional. User on behalf of whom the request is being made. userId must be alphanumeric.","key":"userId","value":"johndoe"},{"disabled":false,"description":"(Required) Required. Provide 8 digit client id","key":"x-fapi-financial-id","value":"<string>"},{"key":"Accept","value":"application/json"}],"method":"POST","body":{"mode":"raw","raw":"{\n  \"accountNumber\": \"123456789\",\n  \"filterCriteria\": [\n    {\n      \"filterBy\": \"<string>\",\n      \"filterValue\": \"<string>\"\n    },\n    {\n      \"filterBy\": \"<string>\",\n      \"filterValue\": \"<string>\"\n    }\n  ]\n}","options":{"raw":{"language":"json"}}}},"status":"Unauthorized","code":401,"header":[{"disabled":false,"description":"unique transaction ID created for each request for tracking purposes","key":"x-fapi-interaction-id","value":"95ad42fb-afd1-2121-b794-3ed29342ks42"},{"key":"Content-Type","value":"application/json"}],"body":"{\n  \"type\": \"https://card.developer.fiserv.com/cards/error#invalid-request\",\n  \"title\": \"Invalid Request\",\n  \"detail\": \"We had a problem getting your credit and debit card information.\",\n  \"instance\": \"/v1/entity/example\",\n  \"status\": 400\n}","cookie":[],"_postman_previewlanguage":"json"},{"id":"bca26e11-37c1-432f-95ec-191979583664","name":"Forbidden","originalRequest":{"url":{"path":["v1","accounts","transactions","search"],"host":["{{baseUrl}}"],"query":[{"key":"filter","value":"summary,detail"},{"key":"pageOffset","value":"2"},{"key":"pageLimit","value":"50"}],"variable":[]},"header":[{"description":{"content":"Added as a part of security scheme: bearer","type":"text/plain"},"key":"Authorization","value":"Bearer <token>"},{"disabled":false,"description":"(Required) Retrieve an access token through the Access Token API. Access token is required in every request. Refer to documentation on access token  (https://card.developer.fiserv.com/apis/token).Tokens expire after 15 minutes. Provide the value as follows in the header. Authorization:: Bearer <Access Token Value>","key":"Authorization","value":"Bearer USlfM8dilzKZPcuGGP3BfVLd7Snk"},{"disabled":false,"description":"Optional. User on behalf of whom the request is being made. userId must be alphanumeric.","key":"userId","value":"johndoe"},{"disabled":false,"description":"(Required) Required. Provide 8 digit client id","key":"x-fapi-financial-id","value":"<string>"},{"key":"Accept","value":"application/json"}],"method":"POST","body":{"mode":"raw","raw":"{\n  \"accountNumber\": \"123456789\",\n  \"filterCriteria\": [\n    {\n      \"filterBy\": \"<string>\",\n      \"filterValue\": \"<string>\"\n    },\n    {\n      \"filterBy\": \"<string>\",\n      \"filterValue\": \"<string>\"\n    }\n  ]\n}","options":{"raw":{"language":"json"}}}},"status":"Forbidden","code":403,"header":[{"disabled":false,"description":"unique transaction ID created for each request for tracking purposes","key":"x-fapi-interaction-id","value":"95ad42fb-afd1-2121-b794-3ed29342ks42"},{"key":"Content-Type","value":"application/json"}],"body":"{\n  \"type\": \"https://card.developer.fiserv.com/cards/error#invalid-request\",\n  \"title\": \"Invalid Request\",\n  \"detail\": \"We had a problem getting your credit and debit card information.\",\n  \"instance\": \"/v1/entity/example\",\n  \"status\": 400\n}","cookie":[],"_postman_previewlanguage":"json"},{"id":"4609bdf0-b12e-443c-8318-7c73b1526424","name":"Not Found","originalRequest":{"url":{"path":["v1","accounts","transactions","search"],"host":["{{baseUrl}}"],"query":[{"key":"filter","value":"summary,detail"},{"key":"pageOffset","value":"2"},{"key":"pageLimit","value":"50"}],"variable":[]},"header":[{"description":{"content":"Added as a part of security scheme: bearer","type":"text/plain"},"key":"Authorization","value":"Bearer <token>"},{"disabled":false,"description":"(Required) Retrieve an access token through the Access Token API. Access token is required in every request. Refer to documentation on access token  (https://card.developer.fiserv.com/apis/token).Tokens expire after 15 minutes. Provide the value as follows in the header. Authorization:: Bearer <Access Token Value>","key":"Authorization","value":"Bearer USlfM8dilzKZPcuGGP3BfVLd7Snk"},{"disabled":false,"description":"Optional. User on behalf of whom the request is being made. userId must be alphanumeric.","key":"userId","value":"johndoe"},{"disabled":false,"description":"(Required) Required. Provide 8 digit client id","key":"x-fapi-financial-id","value":"<string>"},{"key":"Accept","value":"application/json"}],"method":"POST","body":{"mode":"raw","raw":"{\n  \"accountNumber\": \"123456789\",\n  \"filterCriteria\": [\n    {\n      \"filterBy\": \"<string>\",\n      \"filterValue\": \"<string>\"\n    },\n    {\n      \"filterBy\": \"<string>\",\n      \"filterValue\": \"<string>\"\n    }\n  ]\n}","options":{"raw":{"language":"json"}}}},"status":"Not Found","code":404,"header":[{"disabled":false,"description":"unique transaction ID created for each request for tracking purposes","key":"x-fapi-interaction-id","value":"95ad42fb-afd1-2121-b794-3ed29342ks42"},{"key":"Content-Type","value":"application/json"}],"body":"{\n  \"type\": \"https://card.developer.fiserv.com/cards/error#invalid-request\",\n  \"title\": \"Invalid Request\",\n  \"detail\": \"We had a problem getting your credit and debit card information.\",\n  \"instance\": \"/v1/entity/example\",\n  \"status\": 400\n}","cookie":[],"_postman_previewlanguage":"json"},{"id":"7369762d-077a-4694-8df8-f1ebd0232f7a","name":"Method Not Allowed","originalRequest":{"url":{"path":["v1","accounts","transactions","search"],"host":["{{baseUrl}}"],"query":[{"key":"filter","value":"summary,detail"},{"key":"pageOffset","value":"2"},{"key":"pageLimit","value":"50"}],"variable":[]},"header":[{"description":{"content":"Added as a part of security scheme: bearer","type":"text/plain"},"key":"Authorization","value":"Bearer <token>"},{"disabled":false,"description":"(Required) Retrieve an access token through the Access Token API. Access token is required in every request. Refer to documentation on access token  (https://card.developer.fiserv.com/apis/token).Tokens expire after 15 minutes. Provide the value as follows in the header. Authorization:: Bearer <Access Token Value>","key":"Authorization","value":"Bearer USlfM8dilzKZPcuGGP3BfVLd7Snk"},{"disabled":false,"description":"Optional. User on behalf of whom the request is being made. userId must be alphanumeric.","key":"userId","value":"johndoe"},{"disabled":false,"description":"(Required) Required. Provide 8 digit client id","key":"x-fapi-financial-id","value":"<string>"},{"key":"Accept","value":"application/json"}],"method":"POST","body":{"mode":"raw","raw":"{\n  \"accountNumber\": \"123456789\",\n  \"filterCriteria\": [\n    {\n      \"filterBy\": \"<string>\",\n      \"filterValue\": \"<string>\"\n    },\n    {\n      \"filterBy\": \"<string>\",\n      \"filterValue\": \"<string>\"\n    }\n  ]\n}","options":{"raw":{"language":"json"}}}},"status":"Method Not Allowed","code":405,"header":[{"disabled":false,"description":"unique transaction ID created for each request for tracking purposes","key":"x-fapi-interaction-id","value":"95ad42fb-afd1-2121-b794-3ed29342ks42"},{"key":"Content-Type","value":"application/json"}],"body":"{\n  \"type\": \"https://card.developer.fiserv.com/cards/error#invalid-request\",\n  \"title\": \"Invalid Request\",\n  \"detail\": \"We had a problem getting your credit and debit card information.\",\n  \"instance\": \"/v1/entity/example\",\n  \"status\": 400\n}","cookie":[],"_postman_previewlanguage":"json"},{"id":"b79206bb-04c1-4252-adb5-4efcd40a9708","name":"Unacceptable","originalRequest":{"url":{"path":["v1","accounts","transactions","search"],"host":["{{baseUrl}}"],"query":[{"key":"filter","value":"summary,detail"},{"key":"pageOffset","value":"2"},{"key":"pageLimit","value":"50"}],"variable":[]},"header":[{"description":{"content":"Added as a part of security scheme: bearer","type":"text/plain"},"key":"Authorization","value":"Bearer <token>"},{"disabled":false,"description":"(Required) Retrieve an access token through the Access Token API. Access token is required in every request. Refer to documentation on access token  (https://card.developer.fiserv.com/apis/token).Tokens expire after 15 minutes. Provide the value as follows in the header. Authorization:: Bearer <Access Token Value>","key":"Authorization","value":"Bearer USlfM8dilzKZPcuGGP3BfVLd7Snk"},{"disabled":false,"description":"Optional. User on behalf of whom the request is being made. userId must be alphanumeric.","key":"userId","value":"johndoe"},{"disabled":false,"description":"(Required) Required. Provide 8 digit client id","key":"x-fapi-financial-id","value":"<string>"},{"key":"Accept","value":"application/json"}],"method":"POST","body":{"mode":"raw","raw":"{\n  \"accountNumber\": \"123456789\",\n  \"filterCriteria\": [\n    {\n      \"filterBy\": \"<string>\",\n      \"filterValue\": \"<string>\"\n    },\n    {\n      \"filterBy\": \"<string>\",\n      \"filterValue\": \"<string>\"\n    }\n  ]\n}","options":{"raw":{"language":"json"}}}},"status":"Not Acceptable","code":406,"header":[{"disabled":false,"description":"unique transaction ID created for each request for tracking purposes","key":"x-fapi-interaction-id","value":"95ad42fb-afd1-2121-b794-3ed29342ks42"},{"key":"Content-Type","value":"application/json"}],"body":"{\n  \"type\": \"https://card.developer.fiserv.com/cards/error#invalid-request\",\n  \"title\": \"Invalid Request\",\n  \"detail\": \"We had a problem getting your credit and debit card information.\",\n  \"instance\": \"/v1/entity/example\",\n  \"status\": 400\n}","cookie":[],"_postman_previewlanguage":"json"},{"id":"7a5feb14-8edd-4aaf-9806-d53ee13fd89d","name":"Unsupported Media Type","originalRequest":{"url":{"path":["v1","accounts","transactions","search"],"host":["{{baseUrl}}"],"query":[{"key":"filter","value":"summary,detail"},{"key":"pageOffset","value":"2"},{"key":"pageLimit","value":"50"}],"variable":[]},"header":[{"description":{"content":"Added as a part of security scheme: bearer","type":"text/plain"},"key":"Authorization","value":"Bearer <token>"},{"disabled":false,"description":"(Required) Retrieve an access token through the Access Token API. Access token is required in every request. Refer to documentation on access token  (https://card.developer.fiserv.com/apis/token).Tokens expire after 15 minutes. Provide the value as follows in the header. Authorization:: Bearer <Access Token Value>","key":"Authorization","value":"Bearer USlfM8dilzKZPcuGGP3BfVLd7Snk"},{"disabled":false,"description":"Optional. User on behalf of whom the request is being made. userId must be alphanumeric.","key":"userId","value":"johndoe"},{"disabled":false,"description":"(Required) Required. Provide 8 digit client id","key":"x-fapi-financial-id","value":"<string>"},{"key":"Accept","value":"application/json"}],"method":"POST","body":{"mode":"raw","raw":"{\n  \"accountNumber\": \"123456789\",\n  \"filterCriteria\": [\n    {\n      \"filterBy\": \"<string>\",\n      \"filterValue\": \"<string>\"\n    },\n    {\n      \"filterBy\": \"<string>\",\n      \"filterValue\": \"<string>\"\n    }\n  ]\n}","options":{"raw":{"language":"json"}}}},"status":"Unsupported Media Type","code":415,"header":[{"disabled":false,"description":"unique transaction ID created for each request for tracking purposes","key":"x-fapi-interaction-id","value":"95ad42fb-afd1-2121-b794-3ed29342ks42"},{"key":"Content-Type","value":"application/json"}],"body":"{\n  \"type\": \"https://card.developer.fiserv.com/cards/error#invalid-request\",\n  \"title\": \"Invalid Request\",\n  \"detail\": \"We had a problem getting your credit and debit card information.\",\n  \"instance\": \"/v1/entity/example\",\n  \"status\": 400\n}","cookie":[],"_postman_previewlanguage":"json"},{"id":"d2f90cda-0821-40ef-b70a-861ade05d078","name":"Unprocessable Entity","originalRequest":{"url":{"path":["v1","accounts","transactions","search"],"host":["{{baseUrl}}"],"query":[{"key":"filter","value":"summary,detail"},{"key":"pageOffset","value":"2"},{"key":"pageLimit","value":"50"}],"variable":[]},"header":[{"description":{"content":"Added as a part of security scheme: bearer","type":"text/plain"},"key":"Authorization","value":"Bearer <token>"},{"disabled":false,"description":"(Required) Retrieve an access token through the Access Token API. Access token is required in every request. Refer to documentation on access token  (https://card.developer.fiserv.com/apis/token).Tokens expire after 15 minutes. Provide the value as follows in the header. Authorization:: Bearer <Access Token Value>","key":"Authorization","value":"Bearer USlfM8dilzKZPcuGGP3BfVLd7Snk"},{"disabled":false,"description":"Optional. User on behalf of whom the request is being made. userId must be alphanumeric.","key":"userId","value":"johndoe"},{"disabled":false,"description":"(Required) Required. Provide 8 digit client id","key":"x-fapi-financial-id","value":"<string>"},{"key":"Accept","value":"application/json"}],"method":"POST","body":{"mode":"raw","raw":"{\n  \"accountNumber\": \"123456789\",\n  \"filterCriteria\": [\n    {\n      \"filterBy\": \"<string>\",\n      \"filterValue\": \"<string>\"\n    },\n    {\n      \"filterBy\": \"<string>\",\n      \"filterValue\": \"<string>\"\n    }\n  ]\n}","options":{"raw":{"language":"json"}}}},"status":"Unprocessable Entity (WebDAV) (RFC 4918)","code":422,"header":[{"disabled":false,"description":"unique transaction ID created for each request for tracking purposes","key":"x-fapi-interaction-id","value":"95ad42fb-afd1-2121-b794-3ed29342ks42"},{"key":"Content-Type","value":"application/json"}],"body":"{\n  \"type\": \"https://card.developer.fiserv.com/cards/error#invalid-request\",\n  \"title\": \"Invalid Request\",\n  \"detail\": \"We had a problem getting your credit and debit card information.\",\n  \"instance\": \"/v1/entity/example\",\n  \"status\": 400\n}","cookie":[],"_postman_previewlanguage":"json"},{"id":"8f75994a-b1c6-459e-97a0-87aa1b7efba5","name":"Too Many Requests","originalRequest":{"url":{"path":["v1","accounts","transactions","search"],"host":["{{baseUrl}}"],"query":[{"key":"filter","value":"summary,detail"},{"key":"pageOffset","value":"2"},{"key":"pageLimit","value":"50"}],"variable":[]},"header":[{"description":{"content":"Added as a part of security scheme: bearer","type":"text/plain"},"key":"Authorization","value":"Bearer <token>"},{"disabled":false,"description":"(Required) Retrieve an access token through the Access Token API. Access token is required in every request. Refer to documentation on access token  (https://card.developer.fiserv.com/apis/token).Tokens expire after 15 minutes. Provide the value as follows in the header. Authorization:: Bearer <Access Token Value>","key":"Authorization","value":"Bearer USlfM8dilzKZPcuGGP3BfVLd7Snk"},{"disabled":false,"description":"Optional. User on behalf of whom the request is being made. userId must be alphanumeric.","key":"userId","value":"johndoe"},{"disabled":false,"description":"(Required) Required. Provide 8 digit client id","key":"x-fapi-financial-id","value":"<string>"},{"key":"Accept","value":"application/json"}],"method":"POST","body":{"mode":"raw","raw":"{\n  \"accountNumber\": \"123456789\",\n  \"filterCriteria\": [\n    {\n      \"filterBy\": \"<string>\",\n      \"filterValue\": \"<string>\"\n    },\n    {\n      \"filterBy\": \"<string>\",\n      \"filterValue\": \"<string>\"\n    }\n  ]\n}","options":{"raw":{"language":"json"}}}},"status":"Too Many Requests","code":429,"header":[{"disabled":false,"description":"unique transaction ID created for each request for tracking purposes","key":"x-fapi-interaction-id","value":"95ad42fb-afd1-2121-b794-3ed29342ks42"},{"key":"Content-Type","value":"application/json"}],"body":"{\n  \"type\": \"https://card.developer.fiserv.com/cards/error#invalid-request\",\n  \"title\": \"Invalid Request\",\n  \"detail\": \"We had a problem getting your credit and debit card information.\",\n  \"instance\": \"/v1/entity/example\",\n  \"status\": 400\n}","cookie":[],"_postman_previewlanguage":"json"},{"id":"33e31e4c-e57d-4879-89b8-0147d30d60ed","name":"Internal Server Error","originalRequest":{"url":{"path":["v1","accounts","transactions","search"],"host":["{{baseUrl}}"],"query":[{"key":"filter","value":"summary,detail"},{"key":"pageOffset","value":"2"},{"key":"pageLimit","value":"50"}],"variable":[]},"header":[{"description":{"content":"Added as a part of security scheme: bearer","type":"text/plain"},"key":"Authorization","value":"Bearer <token>"},{"disabled":false,"description":"(Required) Retrieve an access token through the Access Token API. Access token is required in every request. Refer to documentation on access token  (https://card.developer.fiserv.com/apis/token).Tokens expire after 15 minutes. Provide the value as follows in the header. Authorization:: Bearer <Access Token Value>","key":"Authorization","value":"Bearer USlfM8dilzKZPcuGGP3BfVLd7Snk"},{"disabled":false,"description":"Optional. User on behalf of whom the request is being made. userId must be alphanumeric.","key":"userId","value":"johndoe"},{"disabled":false,"description":"(Required) Required. Provide 8 digit client id","key":"x-fapi-financial-id","value":"<string>"},{"key":"Accept","value":"application/json"}],"method":"POST","body":{"mode":"raw","raw":"{\n  \"accountNumber\": \"123456789\",\n  \"filterCriteria\": [\n    {\n      \"filterBy\": \"<string>\",\n      \"filterValue\": \"<string>\"\n    },\n    {\n      \"filterBy\": \"<string>\",\n      \"filterValue\": \"<string>\"\n    }\n  ]\n}","options":{"raw":{"language":"json"}}}},"status":"Internal Server Error","code":500,"header":[{"disabled":false,"description":"unique transaction ID created for each request for tracking purposes","key":"x-fapi-interaction-id","value":"95ad42fb-afd1-2121-b794-3ed29342ks42"},{"key":"Content-Type","value":"application/json"}],"body":"{\n  \"errorResponse\": {\n    \"code\": \"500-01\",\n    \"message\": \"internal server error\",\n    \"developerInfo\": {\n      \"developerMessage\": \"internal server error\",\n      \"moreInfo\": \"There was a problem handling your request.  Please try again.  If the problem persists please contact Fiserv ETSD at 888-243-2543 (you unique messageID included below)\",\n      \"messageid\": \"25557-84290371-1\"\n    }\n  }\n}","cookie":[],"_postman_previewlanguage":"json"}],"event":[],"protocolProfileBehavior":{"disableBodyPruning":true}}],"event":[]}],"event":[],"variable":[{"type":"string","value":"https://card.api.fiservapps.com/cs/accounts","key":"baseUrl"}],"auth":{"type":"bearer","bearer":[{"key":"token","value":"{{bearerToken}}"}]},"info":{"_postman_id":"e053dc11-b0b1-4b8a-b995-d334f1e06d23","name":"Accounts","schema":"https://schema.getpostman.com/json/collection/v2.1.0/collection.json","description":{"content":"Accounts Domain. All times will be in UTC standards.","type":"text/plain"}}}