{"item":[{"id":"b3da2c50-5131-4efb-bd9b-047dbfb3991d","name":"v1/accounts","item":[{"id":"ba1cf56f-9006-48b9-ab58-6496f0b57637","name":"Returns account information for the given account number based on the filter criteria passed which could be either 'summary' or 'detail'. Applies for credit only.","request":{"name":"Returns account information for the given account number based on the filter criteria passed which could be either 'summary' or 'detail'. Applies for credit only.","description":{},"url":{"path":["v1","accounts","search"],"host":["{{baseUrl}}"],"query":[{"disabled":false,"key":"filter","value":"<string>","description":"Retrieve summary or detail response for account search results. Defaults to 'summary'. \n\nfilter value of 'summary' only includes these fields  \n- accountType  \n- description \n- customerName  \n- association  \n- accountStatus  \n\nfilter value of 'detail' includes all the fields in the response.\n"}],"variable":[]},"header":[{"disabled":false,"description":"User on behalf of whom the request is being made. userId must be alphanumeric.","key":"x-fapi-userId","value":"<string>"},{"disabled":false,"description":"(Required) The 8-digit unique financial institute id assigned to each FI by Fiserv.","key":"x-fapi-financial-id","value":"<string>"},{"key":"Content-Type","value":"application/json"},{"key":"Accept","value":"application/json"}],"method":"POST","auth":null,"body":{"mode":"raw","raw":"{\n  \"accountNumber\": \"<string>\"\n}","options":{"raw":{"language":"json"}}}},"response":[{"id":"9930006e-898e-4358-9a47-a5e896601329","name":"OK","originalRequest":{"url":{"path":["v1","accounts","search"],"host":["{{baseUrl}}"],"query":[{"key":"filter","value":"summary"}],"variable":[]},"header":[{"description":{"content":"Added as a part of security scheme: bearer","type":"text/plain"},"key":"Authorization","value":"Bearer <token>"},{"disabled":false,"description":"(Required) Retrieve an access token through the Access Token API. Access token is required in every request. Refer to documentation on access token (https://card.developer.fiserv.com/apis/token). Tokens expire after 15 minutes. Provide the value as follows in the header. Authorization: Bearer <Access Token Value>","key":"Authorization","value":"Bearer USlfM8dilzKZPcuGGP3BfVLd7Snk"},{"disabled":false,"description":"User on behalf of whom the request is being made. userId must be alphanumeric.","key":"x-fapi-userId","value":"JOHNDOE"},{"disabled":false,"description":"(Required) The 8-digit unique financial institute id assigned to each FI by Fiserv.","key":"x-fapi-financial-id","value":"00123456"},{"key":"Accept","value":"application/json"}],"method":"POST","body":{"mode":"raw","raw":"{\n  \"accountNumber\": \"123456789\"\n}","options":{"raw":{"language":"json"}}}},"status":"OK","code":200,"header":[{"key":"Content-Type","value":"application/json"}],"body":"{\n  \"accountType\": \"Consumer\",\n  \"description\": \"VISA Classic\",\n  \"customerName\": \"Doe, Jesse H\",\n  \"association\": \"PRIMARY\",\n  \"accountStatus\": \"NORMAL\"\n}","cookie":[],"_postman_previewlanguage":"json"},{"id":"2ce6d8c0-3771-4cdf-89cd-12c3f72ce259","name":"Invalid Request","originalRequest":{"url":{"path":["v1","accounts","search"],"host":["{{baseUrl}}"],"query":[{"key":"filter","value":"summary"}],"variable":[]},"header":[{"description":{"content":"Added as a part of security scheme: bearer","type":"text/plain"},"key":"Authorization","value":"Bearer <token>"},{"disabled":false,"description":"(Required) Retrieve an access token through the Access Token API. Access token is required in every request. Refer to documentation on access token (https://card.developer.fiserv.com/apis/token). Tokens expire after 15 minutes. Provide the value as follows in the header. Authorization: Bearer <Access Token Value>","key":"Authorization","value":"Bearer USlfM8dilzKZPcuGGP3BfVLd7Snk"},{"disabled":false,"description":"User on behalf of whom the request is being made. userId must be alphanumeric.","key":"x-fapi-userId","value":"JOHNDOE"},{"disabled":false,"description":"(Required) The 8-digit unique financial institute id assigned to each FI by Fiserv.","key":"x-fapi-financial-id","value":"00123456"},{"key":"Accept","value":"application/json"}],"method":"POST","body":{"mode":"raw","raw":"{\n  \"accountNumber\": \"123456789\"\n}","options":{"raw":{"language":"json"}}}},"status":"Bad Request","code":400,"header":[{"disabled":false,"description":"unique transaction ID created for each request for tracking purposes","key":"x-fapi-interaction-id","value":"95ad42fb-afd1-2121-b794-3ed29342ks42"},{"key":"Content-Type","value":"application/json"}],"body":"{\n  \"type\": \"https://card.developer.fiserv.com/cards/error#bad-request\",\n  \"title\": \"Bad Request\",\n  \"detail\": \"accountNumber is required.\",\n  \"instance\": \"/v1/accounts/search\",\n  \"status\": 400\n}","cookie":[],"_postman_previewlanguage":"json"},{"id":"1a328a32-2019-494e-95c2-bf7025b5504b","name":"Unauthorized access","originalRequest":{"url":{"path":["v1","accounts","search"],"host":["{{baseUrl}}"],"query":[{"key":"filter","value":"summary"}],"variable":[]},"header":[{"description":{"content":"Added as a part of security scheme: bearer","type":"text/plain"},"key":"Authorization","value":"Bearer <token>"},{"disabled":false,"description":"(Required) Retrieve an access token through the Access Token API. Access token is required in every request. Refer to documentation on access token (https://card.developer.fiserv.com/apis/token). Tokens expire after 15 minutes. Provide the value as follows in the header. Authorization: Bearer <Access Token Value>","key":"Authorization","value":"Bearer USlfM8dilzKZPcuGGP3BfVLd7Snk"},{"disabled":false,"description":"User on behalf of whom the request is being made. userId must be alphanumeric.","key":"x-fapi-userId","value":"JOHNDOE"},{"disabled":false,"description":"(Required) The 8-digit unique financial institute id assigned to each FI by Fiserv.","key":"x-fapi-financial-id","value":"00123456"},{"key":"Accept","value":"application/json"}],"method":"POST","body":{"mode":"raw","raw":"{\n  \"accountNumber\": \"123456789\"\n}","options":{"raw":{"language":"json"}}}},"status":"Unauthorized","code":401,"header":[{"disabled":false,"description":"unique transaction ID created for each request for tracking purposes","key":"x-fapi-interaction-id","value":"95ad42fb-afd1-2121-b794-3ed29342ks42"},{"key":"Content-Type","value":"application/json"}],"body":"{\n  \"type\": \"https://card.developer.fiserv.com/cards/error#unauthorized\",\n  \"title\": \"Unauthorized\",\n  \"detail\": \"Invalid Access Token\",\n  \"instance\": \"/v1/accounts/search\",\n  \"status\": 401\n}","cookie":[],"_postman_previewlanguage":"json"},{"id":"127975d9-76bf-49ec-8325-040924c351e0","name":"Forbidden","originalRequest":{"url":{"path":["v1","accounts","search"],"host":["{{baseUrl}}"],"query":[{"key":"filter","value":"summary"}],"variable":[]},"header":[{"description":{"content":"Added as a part of security scheme: bearer","type":"text/plain"},"key":"Authorization","value":"Bearer <token>"},{"disabled":false,"description":"(Required) Retrieve an access token through the Access Token API. Access token is required in every request. Refer to documentation on access token (https://card.developer.fiserv.com/apis/token). Tokens expire after 15 minutes. Provide the value as follows in the header. Authorization: Bearer <Access Token Value>","key":"Authorization","value":"Bearer USlfM8dilzKZPcuGGP3BfVLd7Snk"},{"disabled":false,"description":"User on behalf of whom the request is being made. userId must be alphanumeric.","key":"x-fapi-userId","value":"JOHNDOE"},{"disabled":false,"description":"(Required) The 8-digit unique financial institute id assigned to each FI by Fiserv.","key":"x-fapi-financial-id","value":"00123456"},{"key":"Accept","value":"application/json"}],"method":"POST","body":{"mode":"raw","raw":"{\n  \"accountNumber\": \"123456789\"\n}","options":{"raw":{"language":"json"}}}},"status":"Forbidden","code":403,"header":[{"disabled":false,"description":"unique transaction ID created for each request for tracking purposes","key":"x-fapi-interaction-id","value":"95ad42fb-afd1-2121-b794-3ed29342ks42"},{"key":"Content-Type","value":"application/json"}],"body":"{\n  \"type\": \"https://card.developer.fiserv.com/cards/error#forbidden\",\n  \"title\": \"Forbidden\",\n  \"detail\": \"Unauthorized to perform request.\",\n  \"instance\": \"/v1/accounts/search\",\n  \"status\": 403\n}","cookie":[],"_postman_previewlanguage":"json"},{"id":"6fa8fb1e-40b4-4b8e-b75a-1784db9afcbe","name":"Not Found","originalRequest":{"url":{"path":["v1","accounts","search"],"host":["{{baseUrl}}"],"query":[{"key":"filter","value":"summary"}],"variable":[]},"header":[{"description":{"content":"Added as a part of security scheme: bearer","type":"text/plain"},"key":"Authorization","value":"Bearer <token>"},{"disabled":false,"description":"(Required) Retrieve an access token through the Access Token API. Access token is required in every request. Refer to documentation on access token (https://card.developer.fiserv.com/apis/token). Tokens expire after 15 minutes. Provide the value as follows in the header. Authorization: Bearer <Access Token Value>","key":"Authorization","value":"Bearer USlfM8dilzKZPcuGGP3BfVLd7Snk"},{"disabled":false,"description":"User on behalf of whom the request is being made. userId must be alphanumeric.","key":"x-fapi-userId","value":"JOHNDOE"},{"disabled":false,"description":"(Required) The 8-digit unique financial institute id assigned to each FI by Fiserv.","key":"x-fapi-financial-id","value":"00123456"},{"key":"Accept","value":"application/json"}],"method":"POST","body":{"mode":"raw","raw":"{\n  \"accountNumber\": \"123456789\"\n}","options":{"raw":{"language":"json"}}}},"status":"Not Found","code":404,"header":[{"disabled":false,"description":"unique transaction ID created for each request for tracking purposes","key":"x-fapi-interaction-id","value":"95ad42fb-afd1-2121-b794-3ed29342ks42"},{"key":"Content-Type","value":"application/json"}],"body":"{\n  \"type\": \"https://card.developer.fiserv.com/cards/error#resource-not-found\",\n  \"title\": \"Resource Not Found\",\n  \"detail\": \"No matching search results found or you do not have sufficient access rights to get search results matching your criteria.\",\n  \"instance\": \"/v1/accounts/search\",\n  \"status\": 404\n}","cookie":[],"_postman_previewlanguage":"json"},{"id":"e2cf4342-7f11-4a32-8f27-fbf6d75b710a","name":"Unacceptable","originalRequest":{"url":{"path":["v1","accounts","search"],"host":["{{baseUrl}}"],"query":[{"key":"filter","value":"summary"}],"variable":[]},"header":[{"description":{"content":"Added as a part of security scheme: bearer","type":"text/plain"},"key":"Authorization","value":"Bearer <token>"},{"disabled":false,"description":"(Required) Retrieve an access token through the Access Token API. Access token is required in every request. Refer to documentation on access token (https://card.developer.fiserv.com/apis/token). Tokens expire after 15 minutes. Provide the value as follows in the header. Authorization: Bearer <Access Token Value>","key":"Authorization","value":"Bearer USlfM8dilzKZPcuGGP3BfVLd7Snk"},{"disabled":false,"description":"User on behalf of whom the request is being made. userId must be alphanumeric.","key":"x-fapi-userId","value":"JOHNDOE"},{"disabled":false,"description":"(Required) The 8-digit unique financial institute id assigned to each FI by Fiserv.","key":"x-fapi-financial-id","value":"00123456"},{"key":"Accept","value":"application/json"}],"method":"POST","body":{"mode":"raw","raw":"{\n  \"accountNumber\": \"123456789\"\n}","options":{"raw":{"language":"json"}}}},"status":"Not Acceptable","code":406,"header":[{"disabled":false,"description":"unique transaction ID created for each request for tracking purposes","key":"x-fapi-interaction-id","value":"95ad42fb-afd1-2121-b794-3ed29342ks42"},{"key":"Content-Type","value":"application/json"}],"body":"{\n  \"type\": \"https://card.developer.fiserv.com/cards/error#not-acceptable\",\n  \"title\": \"Not Acceptable\",\n  \"detail\": \"The content type being requested is not provided by this service.\",\n  \"instance\": \"/v1/accounts/search\",\n  \"status\": 406\n}","cookie":[],"_postman_previewlanguage":"json"},{"id":"f87f84d9-a03d-4439-900d-8a2b1d26d98f","name":"Unsupported Media Type","originalRequest":{"url":{"path":["v1","accounts","search"],"host":["{{baseUrl}}"],"query":[{"key":"filter","value":"summary"}],"variable":[]},"header":[{"description":{"content":"Added as a part of security scheme: bearer","type":"text/plain"},"key":"Authorization","value":"Bearer <token>"},{"disabled":false,"description":"(Required) Retrieve an access token through the Access Token API. Access token is required in every request. Refer to documentation on access token (https://card.developer.fiserv.com/apis/token). Tokens expire after 15 minutes. Provide the value as follows in the header. Authorization: Bearer <Access Token Value>","key":"Authorization","value":"Bearer USlfM8dilzKZPcuGGP3BfVLd7Snk"},{"disabled":false,"description":"User on behalf of whom the request is being made. userId must be alphanumeric.","key":"x-fapi-userId","value":"JOHNDOE"},{"disabled":false,"description":"(Required) The 8-digit unique financial institute id assigned to each FI by Fiserv.","key":"x-fapi-financial-id","value":"00123456"},{"key":"Accept","value":"application/json"}],"method":"POST","body":{"mode":"raw","raw":"{\n  \"accountNumber\": \"123456789\"\n}","options":{"raw":{"language":"json"}}}},"status":"Unsupported Media Type","code":415,"header":[{"disabled":false,"description":"unique transaction ID created for each request for tracking purposes","key":"x-fapi-interaction-id","value":"95ad42fb-afd1-2121-b794-3ed29342ks42"},{"key":"Content-Type","value":"application/json"}],"body":"{\n  \"type\": \"https://card.developer.fiserv.com/cards/error#unsupported-mediatype\",\n  \"title\": \"Unsupported Media type\",\n  \"detail\": \"The payload format is unsupported.\",\n  \"instance\": \"/v1/accounts/search\",\n  \"status\": 415\n}","cookie":[],"_postman_previewlanguage":"json"},{"id":"9f2c5065-8e47-4837-90ad-7db211bbf53e","name":"Unprocessable Entity","originalRequest":{"url":{"path":["v1","accounts","search"],"host":["{{baseUrl}}"],"query":[{"key":"filter","value":"summary"}],"variable":[]},"header":[{"description":{"content":"Added as a part of security scheme: bearer","type":"text/plain"},"key":"Authorization","value":"Bearer <token>"},{"disabled":false,"description":"(Required) Retrieve an access token through the Access Token API. Access token is required in every request. Refer to documentation on access token (https://card.developer.fiserv.com/apis/token). Tokens expire after 15 minutes. Provide the value as follows in the header. Authorization: Bearer <Access Token Value>","key":"Authorization","value":"Bearer USlfM8dilzKZPcuGGP3BfVLd7Snk"},{"disabled":false,"description":"User on behalf of whom the request is being made. userId must be alphanumeric.","key":"x-fapi-userId","value":"JOHNDOE"},{"disabled":false,"description":"(Required) The 8-digit unique financial institute id assigned to each FI by Fiserv.","key":"x-fapi-financial-id","value":"00123456"},{"key":"Accept","value":"application/json"}],"method":"POST","body":{"mode":"raw","raw":"{\n  \"accountNumber\": \"123456789\"\n}","options":{"raw":{"language":"json"}}}},"status":"Unprocessable Entity (WebDAV) (RFC 4918)","code":422,"header":[{"disabled":false,"description":"unique transaction ID created for each request for tracking purposes","key":"x-fapi-interaction-id","value":"95ad42fb-afd1-2121-b794-3ed29342ks42"},{"key":"Content-Type","value":"application/json"}],"body":"{\n  \"type\": \"https://card.developer.fiserv.com/cards/error#unprocessable-content\",\n  \"title\": \"Unprocessable Content\",\n  \"detail\": \"The service was not able to process this request.\",\n  \"instance\": \"/v1/accounts/search\",\n  \"status\": 422\n}","cookie":[],"_postman_previewlanguage":"json"},{"id":"eb45dc35-aeb4-443e-84f0-4760f2bcd5e0","name":"Internal Server Error","originalRequest":{"url":{"path":["v1","accounts","search"],"host":["{{baseUrl}}"],"query":[{"key":"filter","value":"summary"}],"variable":[]},"header":[{"description":{"content":"Added as a part of security scheme: bearer","type":"text/plain"},"key":"Authorization","value":"Bearer <token>"},{"disabled":false,"description":"(Required) Retrieve an access token through the Access Token API. Access token is required in every request. Refer to documentation on access token (https://card.developer.fiserv.com/apis/token). Tokens expire after 15 minutes. Provide the value as follows in the header. Authorization: Bearer <Access Token Value>","key":"Authorization","value":"Bearer USlfM8dilzKZPcuGGP3BfVLd7Snk"},{"disabled":false,"description":"User on behalf of whom the request is being made. userId must be alphanumeric.","key":"x-fapi-userId","value":"JOHNDOE"},{"disabled":false,"description":"(Required) The 8-digit unique financial institute id assigned to each FI by Fiserv.","key":"x-fapi-financial-id","value":"00123456"},{"key":"Accept","value":"application/json"}],"method":"POST","body":{"mode":"raw","raw":"{\n  \"accountNumber\": \"123456789\"\n}","options":{"raw":{"language":"json"}}}},"status":"Internal Server Error","code":500,"header":[{"disabled":false,"description":"unique transaction ID created for each request for tracking purposes","key":"x-fapi-interaction-id","value":"95ad42fb-afd1-2121-b794-3ed29342ks42"},{"key":"Content-Type","value":"application/json"}],"body":"{\n  \"errorResponse\": {\n    \"code\": \"500-01\",\n    \"message\": \"internal server error\",\n    \"developerInfo\": {\n      \"developerMessage\": \"internal server error\",\n      \"moreInfo\": \"There was a problem handling your request. Please try again. If the problem persists please contact Support\",\n      \"messageid\": \"25557-84290371-1\"\n    }\n  }\n}","cookie":[],"_postman_previewlanguage":"json"}],"event":[],"protocolProfileBehavior":{"disableBodyPruning":true}},{"id":"ab6c81ff-7a45-4955-b913-1fce1c5199da","name":"Returns the limit values for a given account.","request":{"name":"Returns the limit values for a given account.","description":{},"url":{"path":["v1","accounts","limits","search"],"host":["{{baseUrl}}"],"query":[],"variable":[]},"header":[{"disabled":false,"description":"Optional. User on behalf of whom the request is being made. userId must be alphanumeric.","key":"userId","value":"<string>"},{"disabled":false,"description":"(Required) Required. Provide 8 digit client id","key":"x-fapi-financial-id","value":"<string>"},{"key":"Content-Type","value":"application/json"},{"key":"Accept","value":"application/json"}],"method":"POST","auth":null,"body":{"mode":"raw","raw":"{\n  \"accountNumber\": \"<string>\"\n}","options":{"raw":{"language":"json"}}}},"response":[{"id":"9aaed87c-a9c9-47d6-8cee-12afc57891a2","name":"OK","originalRequest":{"url":{"path":["v1","accounts","limits","search"],"host":["{{baseUrl}}"],"query":[],"variable":[]},"header":[{"description":{"content":"Added as a part of security scheme: bearer","type":"text/plain"},"key":"Authorization","value":"Bearer <token>"},{"disabled":false,"description":"(Required) Retrieve an access token through the Access Token API. Access token is required in every request. Refer to documentation on access token  (https://card.developer.fiserv.com/apis/token).Tokens expire after 15 minutes. Provide the value as follows in the header. Authorization:: Bearer <Access Token Value>","key":"Authorization","value":"Bearer USlfM8dilzKZPcuGGP3BfVLd7Snk"},{"disabled":false,"description":"Optional. User on behalf of whom the request is being made. userId must be alphanumeric.","key":"userId","value":"johndoe"},{"disabled":false,"description":"(Required) Required. Provide 8 digit client id","key":"x-fapi-financial-id","value":"<string>"},{"key":"Accept","value":"application/json"}],"method":"POST","body":{"mode":"raw","raw":"{\n  \"accountNumber\": \"12345678\"\n}","options":{"raw":{"language":"json"}}}},"status":"OK","code":200,"header":[{"key":"Content-Type","value":"application/json"}],"body":"{\n  \"currentBalanceAmount\": \"3000.00\",\n  \"creditLimitAmount\": \"3000.00\",\n  \"availableCreditAmount\": \"3000.00\",\n  \"cashLimitAmount\": \"3000.00\",\n  \"availableCashAmount\": \"3000.00\",\n  \"creditLineMaximumAmount\": \"3000.00\",\n  \"temporaryCreditLine\": true,\n  \"previousCreditLimitAmount\": \"2000.00\",\n  \"temporaryCreditLimitAmount\": \"200.00\",\n  \"temporaryCreditLineEndDate\": \"2023-09-09\",\n  \"billingCycle\": \"10\",\n  \"billingLevel\": \"Individual\",\n  \"lastpermanentCreditLimit\": \"1000.00\",\n  \"lastPermanentCreditLimitDate\": \"2022-09-08\",\n  \"highBalanceDate\": \"2022-09-07\",\n  \"highBalanceAmount\": \"2000.0\"\n}","cookie":[],"_postman_previewlanguage":"json"},{"id":"499c8837-9628-49fc-9039-d49180fac37b","name":"Invalid Request","originalRequest":{"url":{"path":["v1","accounts","limits","search"],"host":["{{baseUrl}}"],"query":[],"variable":[]},"header":[{"description":{"content":"Added as a part of security scheme: bearer","type":"text/plain"},"key":"Authorization","value":"Bearer <token>"},{"disabled":false,"description":"(Required) Retrieve an access token through the Access Token API. Access token is required in every request. Refer to documentation on access token  (https://card.developer.fiserv.com/apis/token).Tokens expire after 15 minutes. Provide the value as follows in the header. Authorization:: Bearer <Access Token Value>","key":"Authorization","value":"Bearer USlfM8dilzKZPcuGGP3BfVLd7Snk"},{"disabled":false,"description":"Optional. User on behalf of whom the request is being made. userId must be alphanumeric.","key":"userId","value":"johndoe"},{"disabled":false,"description":"(Required) Required. Provide 8 digit client id","key":"x-fapi-financial-id","value":"<string>"},{"key":"Accept","value":"application/json"}],"method":"POST","body":{"mode":"raw","raw":"{\n  \"accountNumber\": \"12345678\"\n}","options":{"raw":{"language":"json"}}}},"status":"Bad Request","code":400,"header":[{"disabled":false,"description":"unique transaction ID created for each request for tracking purposes","key":"x-fapi-interaction-id","value":"95ad42fb-afd1-2121-b794-3ed29342ks42"},{"key":"Content-Type","value":"application/json"}],"body":"{\n  \"type\": \"Input Validation Exception\",\n  \"title\": \"Bad Request\",\n  \"detail\": \"CONTENT-TYPE header required. Supported content-type is application/json\",\n  \"instance\": \"/api/basepath\",\n  \"status\": 400\n}","cookie":[],"_postman_previewlanguage":"json"},{"id":"2bc0541b-c465-4e89-b258-5b7379b60aa7","name":"Unauthorized access","originalRequest":{"url":{"path":["v1","accounts","limits","search"],"host":["{{baseUrl}}"],"query":[],"variable":[]},"header":[{"description":{"content":"Added as a part of security scheme: bearer","type":"text/plain"},"key":"Authorization","value":"Bearer <token>"},{"disabled":false,"description":"(Required) Retrieve an access token through the Access Token API. Access token is required in every request. Refer to documentation on access token  (https://card.developer.fiserv.com/apis/token).Tokens expire after 15 minutes. Provide the value as follows in the header. Authorization:: Bearer <Access Token Value>","key":"Authorization","value":"Bearer USlfM8dilzKZPcuGGP3BfVLd7Snk"},{"disabled":false,"description":"Optional. User on behalf of whom the request is being made. userId must be alphanumeric.","key":"userId","value":"johndoe"},{"disabled":false,"description":"(Required) Required. Provide 8 digit client id","key":"x-fapi-financial-id","value":"<string>"},{"key":"Accept","value":"application/json"}],"method":"POST","body":{"mode":"raw","raw":"{\n  \"accountNumber\": \"12345678\"\n}","options":{"raw":{"language":"json"}}}},"status":"Unauthorized","code":401,"header":[{"disabled":false,"description":"unique transaction ID created for each request for tracking purposes","key":"x-fapi-interaction-id","value":"95ad42fb-afd1-2121-b794-3ed29342ks42"},{"key":"Content-Type","value":"application/json"}],"body":"{\n  \"type\": \"https://card.developer.fiserv.com/cards/error#unauthorized\",\n  \"title\": \"Unauthorized\",\n  \"detail\": \"Invalid Access Token\",\n  \"instance\": \"/api/basepath\",\n  \"status\": 401\n}","cookie":[],"_postman_previewlanguage":"json"},{"id":"3fabbb50-473f-4663-ab07-236e3ddf69de","name":"Forbidden","originalRequest":{"url":{"path":["v1","accounts","limits","search"],"host":["{{baseUrl}}"],"query":[],"variable":[]},"header":[{"description":{"content":"Added as a part of security scheme: bearer","type":"text/plain"},"key":"Authorization","value":"Bearer <token>"},{"disabled":false,"description":"(Required) Retrieve an access token through the Access Token API. Access token is required in every request. Refer to documentation on access token  (https://card.developer.fiserv.com/apis/token).Tokens expire after 15 minutes. Provide the value as follows in the header. Authorization:: Bearer <Access Token Value>","key":"Authorization","value":"Bearer USlfM8dilzKZPcuGGP3BfVLd7Snk"},{"disabled":false,"description":"Optional. User on behalf of whom the request is being made. userId must be alphanumeric.","key":"userId","value":"johndoe"},{"disabled":false,"description":"(Required) Required. Provide 8 digit client id","key":"x-fapi-financial-id","value":"<string>"},{"key":"Accept","value":"application/json"}],"method":"POST","body":{"mode":"raw","raw":"{\n  \"accountNumber\": \"12345678\"\n}","options":{"raw":{"language":"json"}}}},"status":"Forbidden","code":403,"header":[{"disabled":false,"description":"unique transaction ID created for each request for tracking purposes","key":"x-fapi-interaction-id","value":"95ad42fb-afd1-2121-b794-3ed29342ks42"},{"key":"Content-Type","value":"application/json"}],"body":"{\n  \"type\": \"https://card.developer.fiserv.com/cards/error#forbidden\",\n  \"title\": \"Forbidden\",\n  \"detail\": \"Authorization failure\",\n  \"instance\": \"/api/basepath\",\n  \"status\": 403\n}","cookie":[],"_postman_previewlanguage":"json"},{"id":"a2f8814e-bb69-4ace-8983-cc5c976a61b0","name":"Not Found","originalRequest":{"url":{"path":["v1","accounts","limits","search"],"host":["{{baseUrl}}"],"query":[],"variable":[]},"header":[{"description":{"content":"Added as a part of security scheme: bearer","type":"text/plain"},"key":"Authorization","value":"Bearer <token>"},{"disabled":false,"description":"(Required) Retrieve an access token through the Access Token API. Access token is required in every request. Refer to documentation on access token  (https://card.developer.fiserv.com/apis/token).Tokens expire after 15 minutes. Provide the value as follows in the header. Authorization:: Bearer <Access Token Value>","key":"Authorization","value":"Bearer USlfM8dilzKZPcuGGP3BfVLd7Snk"},{"disabled":false,"description":"Optional. User on behalf of whom the request is being made. userId must be alphanumeric.","key":"userId","value":"johndoe"},{"disabled":false,"description":"(Required) Required. Provide 8 digit client id","key":"x-fapi-financial-id","value":"<string>"},{"key":"Accept","value":"application/json"}],"method":"POST","body":{"mode":"raw","raw":"{\n  \"accountNumber\": \"12345678\"\n}","options":{"raw":{"language":"json"}}}},"status":"Not Found","code":404,"header":[{"disabled":false,"description":"unique transaction ID created for each request for tracking purposes","key":"x-fapi-interaction-id","value":"95ad42fb-afd1-2121-b794-3ed29342ks42"},{"key":"Content-Type","value":"application/json"}],"body":"{\n  \"type\": \"Resource does not exists\",\n  \"title\": \"Resource Not found\",\n  \"detail\": \"No matching search results found or you do not have sufficient access rights to get search results matching your criteria.\",\n  \"instance\": \"/api/basepath\",\n  \"status\": 404\n}","cookie":[],"_postman_previewlanguage":"json"},{"id":"acb91d74-a3b6-4d93-85b7-e971dd7c7c63","name":"Resource conflict","originalRequest":{"url":{"path":["v1","accounts","limits","search"],"host":["{{baseUrl}}"],"query":[],"variable":[]},"header":[{"description":{"content":"Added as a part of security scheme: bearer","type":"text/plain"},"key":"Authorization","value":"Bearer <token>"},{"disabled":false,"description":"(Required) Retrieve an access token through the Access Token API. Access token is required in every request. Refer to documentation on access token  (https://card.developer.fiserv.com/apis/token).Tokens expire after 15 minutes. Provide the value as follows in the header. Authorization:: Bearer <Access Token Value>","key":"Authorization","value":"Bearer USlfM8dilzKZPcuGGP3BfVLd7Snk"},{"disabled":false,"description":"Optional. User on behalf of whom the request is being made. userId must be alphanumeric.","key":"userId","value":"johndoe"},{"disabled":false,"description":"(Required) Required. Provide 8 digit client id","key":"x-fapi-financial-id","value":"<string>"},{"key":"Accept","value":"application/json"}],"method":"POST","body":{"mode":"raw","raw":"{\n  \"accountNumber\": \"12345678\"\n}","options":{"raw":{"language":"json"}}}},"status":"Conflict","code":409,"header":[{"disabled":false,"description":"unique transaction ID created for each request for tracking purposes","key":"x-fapi-interaction-id","value":"95ad42fb-afd1-2121-b794-3ed29342ks42"},{"key":"Content-Type","value":"application/json"}],"body":"{\n  \"type\": \"Http Resource conflict error\",\n  \"title\": \"Resource conflict\",\n  \"detail\": \"Card is already present with the same status\",\n  \"instance\": \"/api/basepath\",\n  \"status\": 409\n}","cookie":[],"_postman_previewlanguage":"json"},{"id":"9b5421e4-26ee-4b38-ac3d-d69293ec6f46","name":"Unsupported Media Type","originalRequest":{"url":{"path":["v1","accounts","limits","search"],"host":["{{baseUrl}}"],"query":[],"variable":[]},"header":[{"description":{"content":"Added as a part of security scheme: bearer","type":"text/plain"},"key":"Authorization","value":"Bearer <token>"},{"disabled":false,"description":"(Required) Retrieve an access token through the Access Token API. Access token is required in every request. Refer to documentation on access token  (https://card.developer.fiserv.com/apis/token).Tokens expire after 15 minutes. Provide the value as follows in the header. Authorization:: Bearer <Access Token Value>","key":"Authorization","value":"Bearer USlfM8dilzKZPcuGGP3BfVLd7Snk"},{"disabled":false,"description":"Optional. User on behalf of whom the request is being made. userId must be alphanumeric.","key":"userId","value":"johndoe"},{"disabled":false,"description":"(Required) Required. Provide 8 digit client id","key":"x-fapi-financial-id","value":"<string>"},{"key":"Accept","value":"application/json"}],"method":"POST","body":{"mode":"raw","raw":"{\n  \"accountNumber\": \"12345678\"\n}","options":{"raw":{"language":"json"}}}},"status":"Unsupported Media Type","code":415,"header":[{"disabled":false,"description":"unique transaction ID created for each request for tracking purposes","key":"x-fapi-interaction-id","value":"95ad42fb-afd1-2121-b794-3ed29342ks42"},{"key":"Content-Type","value":"application/json"}],"body":"{\n  \"type\": \"https://card.developer.fiserv.com/cards/error#unsupported-mediatype\",\n  \"title\": \"Unsupported Media Type\",\n  \"detail\": \"unsupported Media Type\",\n  \"instance\": \"/api/basepath\",\n  \"status\": 415\n}","cookie":[],"_postman_previewlanguage":"json"},{"id":"6eb16544-d016-4aa0-ab6e-19233b559150","name":"Internal Server Error","originalRequest":{"url":{"path":["v1","accounts","limits","search"],"host":["{{baseUrl}}"],"query":[],"variable":[]},"header":[{"description":{"content":"Added as a part of security scheme: bearer","type":"text/plain"},"key":"Authorization","value":"Bearer <token>"},{"disabled":false,"description":"(Required) Retrieve an access token through the Access Token API. Access token is required in every request. Refer to documentation on access token  (https://card.developer.fiserv.com/apis/token).Tokens expire after 15 minutes. Provide the value as follows in the header. Authorization:: Bearer <Access Token Value>","key":"Authorization","value":"Bearer USlfM8dilzKZPcuGGP3BfVLd7Snk"},{"disabled":false,"description":"Optional. User on behalf of whom the request is being made. userId must be alphanumeric.","key":"userId","value":"johndoe"},{"disabled":false,"description":"(Required) Required. Provide 8 digit client id","key":"x-fapi-financial-id","value":"<string>"},{"key":"Accept","value":"application/json"}],"method":"POST","body":{"mode":"raw","raw":"{\n  \"accountNumber\": \"12345678\"\n}","options":{"raw":{"language":"json"}}}},"status":"Internal Server Error","code":500,"header":[{"disabled":false,"description":"unique transaction ID created for each request for tracking purposes","key":"x-fapi-interaction-id","value":"95ad42fb-afd1-2121-b794-3ed29342ks42"},{"key":"Content-Type","value":"application/json"}],"body":"{\n  \"errorResponse\": {\n    \"code\": \"500-01\",\n    \"message\": \"internal server error\",\n    \"developerInfo\": {\n      \"developerMessage\": \"internal server error\",\n      \"moreInfo\": \"There was a problem handling your request.  Please try again.  If the problem persists please contact Fiserv ETSD at 888-243-2543 (you unique messageID included below)\",\n      \"messageid\": \"25557-84290371-1\"\n    }\n  }\n}","cookie":[],"_postman_previewlanguage":"json"}],"event":[],"protocolProfileBehavior":{"disableBodyPruning":true}},{"id":"91b57102-caed-4c64-901c-d39a1064a7cc","name":"Search for statement information given the account. Applies to credit only.","request":{"name":"Search for statement information given the account. Applies to credit only.","description":{},"url":{"path":["v1","accounts","statements","search"],"host":["{{baseUrl}}"],"query":[{"disabled":false,"key":"filter","value":"<string>","description":"Retrieve summary or detail information of statement. Default will be 'summary'.  \n\nfilter value 'summary' only includes the following fields  \n- cardNumber  \n- statementDate  \n- statementEndingBalance  \n- delinquentAmount \n- statementFinanceChargeAmount  \n- minimumPaymentDueAmount  \n- paymentDueDate  \n\nfilter value of 'detail' includes all the fields in the response.\n"}],"variable":[]},"header":[{"disabled":false,"description":"User on behalf of whom the request is being made. userId must be alphanumeric.","key":"x-fapi-userId","value":"<string>"},{"disabled":false,"description":"(Required) The 8-digit unique financial institute id assigned to each FI by Fiserv.","key":"x-fapi-financial-id","value":"<string>"},{"key":"Content-Type","value":"application/json"},{"key":"Accept","value":"application/json"}],"method":"POST","auth":null,"body":{"mode":"raw","raw":"{\n  \"accountNumber\": \"<string>\",\n  \"fromDate\": \"<date>\",\n  \"toDate\": \"<date>\"\n}","options":{"raw":{"language":"json"}}}},"response":[{"id":"727bb432-1426-4b98-bf80-eab866969d38","name":"OK","originalRequest":{"url":{"path":["v1","accounts","statements","search"],"host":["{{baseUrl}}"],"query":[{"key":"filter","value":"summary"}],"variable":[]},"header":[{"description":{"content":"Added as a part of security scheme: bearer","type":"text/plain"},"key":"Authorization","value":"Bearer <token>"},{"disabled":false,"description":"(Required) Retrieve an access token through the Access Token API. Access token is required in every request. Refer to documentation on access token (https://card.developer.fiserv.com/apis/token). Tokens expire after 15 minutes. Provide the value as follows in the header. Authorization: Bearer <Access Token Value>","key":"Authorization","value":"Bearer USlfM8dilzKZPcuGGP3BfVLd7Snk"},{"disabled":false,"description":"User on behalf of whom the request is being made. userId must be alphanumeric.","key":"x-fapi-userId","value":"JOHNDOE"},{"disabled":false,"description":"(Required) The 8-digit unique financial institute id assigned to each FI by Fiserv.","key":"x-fapi-financial-id","value":"00123456"},{"key":"Accept","value":"application/json"}],"method":"POST","body":{"mode":"raw","raw":"{\n  \"accountNumber\": \"123456789\",\n  \"fromDate\": \"2021-07-20\",\n  \"toDate\": \"2021-12-28\"\n}","options":{"raw":{"language":"json"}}}},"status":"OK","code":200,"header":[{"key":"Content-Type","value":"application/json"}],"body":"{\n  \"cardNumber\": [\n    \"425769XXXXXX0020\",\n    \"425769XXXXXX0021\"\n  ],\n  \"statementDetails\": [\n    {\n      \"statementDate\": \"2021-12-30\",\n      \"statementEndingBalance\": \"1500.00\",\n      \"delinquentAmount\": \"100.00\",\n      \"statementFinanceChargeAmount\": \"10.00\",\n      \"minimumPaymentDueAmount\": \"200.00\",\n      \"paymentDueDate\": \"12-25\"\n    }\n  ]\n}","cookie":[],"_postman_previewlanguage":"json"},{"id":"421ede95-9c4b-487a-8e8a-59a58a65ff2c","name":"Partial Content","originalRequest":{"url":{"path":["v1","accounts","statements","search"],"host":["{{baseUrl}}"],"query":[{"key":"filter","value":"summary"}],"variable":[]},"header":[{"description":{"content":"Added as a part of security scheme: bearer","type":"text/plain"},"key":"Authorization","value":"Bearer <token>"},{"disabled":false,"description":"(Required) Retrieve an access token through the Access Token API. Access token is required in every request. Refer to documentation on access token (https://card.developer.fiserv.com/apis/token). Tokens expire after 15 minutes. Provide the value as follows in the header. Authorization: Bearer <Access Token Value>","key":"Authorization","value":"Bearer USlfM8dilzKZPcuGGP3BfVLd7Snk"},{"disabled":false,"description":"User on behalf of whom the request is being made. userId must be alphanumeric.","key":"x-fapi-userId","value":"JOHNDOE"},{"disabled":false,"description":"(Required) The 8-digit unique financial institute id assigned to each FI by Fiserv.","key":"x-fapi-financial-id","value":"00123456"},{"key":"Accept","value":"application/json"}],"method":"POST","body":{"mode":"raw","raw":"{\n  \"accountNumber\": \"123456789\",\n  \"fromDate\": \"2021-07-20\",\n  \"toDate\": \"2021-12-28\"\n}","options":{"raw":{"language":"json"}}}},"status":"Partial Content","code":206,"header":[{"key":"Content-Type","value":"application/json"}],"body":"{\n  \"cardNumber\": [\n    \"425769XXXXXX0020\",\n    \"425769XXXXXX0021\"\n  ],\n  \"statementDetails\": [\n    {\n      \"statementDate\": \"2021-12-30\",\n      \"statementEndingBalance\": \"1500.00\",\n      \"delinquentAmount\": \"100.00\",\n      \"statementFinanceChargeAmount\": \"10.00\",\n      \"minimumPaymentDueAmount\": \"200.00\",\n      \"paymentDueDate\": \"12-25\",\n      \"statementOpeningBalanceAmount\": \"3000.00\",\n      \"statementDebitAmount\": \"1500.00\",\n      \"statementSalesAmount\": \"12.09\",\n      \"statementOtherCreditsAmount\": \"15.15\",\n      \"statementPaymentAmount\": \"400.00\",\n      \"accountStatusCode\": \"NORMAL\",\n      \"yearToDateInterestAmount\": \"30.00\",\n      \"purchaseCount\": 15,\n      \"creditCount\": 5,\n      \"paymentsCount\": 10,\n      \"daysInBillingCycle\": 31,\n      \"billingCycleCode\": 28,\n      \"sinceLastStatementInterestAmount\": \"1.09\",\n      \"overlimitFees\": \"5.00\",\n      \"skipPaymentFlag\": \"No\",\n      \"statementCreditLineAmount\": \"5000.00\",\n      \"availableCreditRemaining\": \"4000.00\",\n      \"statementTotals\": {\n        \"adjustments\": \"99485.00\",\n        \"cashAdvance\": \"1692.00\",\n        \"credit\": \"10100.00\",\n        \"payment\": \"665572.00\",\n        \"purchase\": \"39181.00\"\n      },\n      \"statementTransactionDetails\": {\n        \"totalTransactionsCount\": 1200,\n        \"statementTransactions\": [\n          {\n            \"cardOrAccountNumber\": \"400020XXXXXX4000\",\n            \"cardOrAccountTransactions\": [\n              {\n                \"value\": \"<Error: Too many levels of nesting to fake this schema>\"\n              },\n              {\n                \"value\": \"<Error: Too many levels of nesting to fake this schema>\"\n              }\n            ]\n          },\n          {\n            \"cardOrAccountNumber\": \"400020XXXXXX4000\",\n            \"cardOrAccountTransactions\": [\n              {\n                \"value\": \"<Error: Too many levels of nesting to fake this schema>\"\n              },\n              {\n                \"value\": \"<Error: Too many levels of nesting to fake this schema>\"\n              }\n            ]\n          }\n        ]\n      }\n    },\n    {\n      \"statementDate\": \"2021-12-30\",\n      \"statementEndingBalance\": \"1500.00\",\n      \"delinquentAmount\": \"100.00\",\n      \"statementFinanceChargeAmount\": \"10.00\",\n      \"minimumPaymentDueAmount\": \"200.00\",\n      \"paymentDueDate\": \"12-25\",\n      \"statementOpeningBalanceAmount\": \"3000.00\",\n      \"statementDebitAmount\": \"1500.00\",\n      \"statementSalesAmount\": \"12.09\",\n      \"statementOtherCreditsAmount\": \"15.15\",\n      \"statementPaymentAmount\": \"400.00\",\n      \"accountStatusCode\": \"NORMAL\",\n      \"yearToDateInterestAmount\": \"30.00\",\n      \"purchaseCount\": 15,\n      \"creditCount\": 5,\n      \"paymentsCount\": 10,\n      \"daysInBillingCycle\": 31,\n      \"billingCycleCode\": 28,\n      \"sinceLastStatementInterestAmount\": \"1.09\",\n      \"overlimitFees\": \"5.00\",\n      \"skipPaymentFlag\": \"No\",\n      \"statementCreditLineAmount\": \"5000.00\",\n      \"availableCreditRemaining\": \"4000.00\",\n      \"statementTotals\": {\n        \"adjustments\": \"99485.00\",\n        \"cashAdvance\": \"1692.00\",\n        \"credit\": \"10100.00\",\n        \"payment\": \"665572.00\",\n        \"purchase\": \"39181.00\"\n      },\n      \"statementTransactionDetails\": {\n        \"totalTransactionsCount\": 1200,\n        \"statementTransactions\": [\n          {\n            \"cardOrAccountNumber\": \"400020XXXXXX4000\",\n            \"cardOrAccountTransactions\": [\n              {\n                \"value\": \"<Error: Too many levels of nesting to fake this schema>\"\n              },\n              {\n                \"value\": \"<Error: Too many levels of nesting to fake this schema>\"\n              }\n            ]\n          },\n          {\n            \"cardOrAccountNumber\": \"400020XXXXXX4000\",\n            \"cardOrAccountTransactions\": [\n              {\n                \"value\": \"<Error: Too many levels of nesting to fake this schema>\"\n              },\n              {\n                \"value\": \"<Error: Too many levels of nesting to fake this schema>\"\n              }\n            ]\n          }\n        ]\n      }\n    }\n  ],\n  \"warningInfo\": {\n    \"message\": \"Partial response\",\n    \"warningDetails\": [\n      {\n        \"code\": \"206-45-7001\",\n        \"detail\": \"Transaction results are >=1000. Please refine your search criteria.\"\n      },\n      {\n        \"code\": \"206-45-7001\",\n        \"detail\": \"Transaction results are >=1000. Please refine your search criteria.\"\n      }\n    ]\n  }\n}","cookie":[],"_postman_previewlanguage":"json"},{"id":"00d7924d-0e39-42dd-b2a9-e78331f30103","name":"Invalid Request","originalRequest":{"url":{"path":["v1","accounts","statements","search"],"host":["{{baseUrl}}"],"query":[{"key":"filter","value":"summary"}],"variable":[]},"header":[{"description":{"content":"Added as a part of security scheme: bearer","type":"text/plain"},"key":"Authorization","value":"Bearer <token>"},{"disabled":false,"description":"(Required) Retrieve an access token through the Access Token API. Access token is required in every request. Refer to documentation on access token (https://card.developer.fiserv.com/apis/token). Tokens expire after 15 minutes. Provide the value as follows in the header. Authorization: Bearer <Access Token Value>","key":"Authorization","value":"Bearer USlfM8dilzKZPcuGGP3BfVLd7Snk"},{"disabled":false,"description":"User on behalf of whom the request is being made. userId must be alphanumeric.","key":"x-fapi-userId","value":"JOHNDOE"},{"disabled":false,"description":"(Required) The 8-digit unique financial institute id assigned to each FI by Fiserv.","key":"x-fapi-financial-id","value":"00123456"},{"key":"Accept","value":"application/json"}],"method":"POST","body":{"mode":"raw","raw":"{\n  \"accountNumber\": \"123456789\",\n  \"fromDate\": \"2021-07-20\",\n  \"toDate\": \"2021-12-28\"\n}","options":{"raw":{"language":"json"}}}},"status":"Bad Request","code":400,"header":[{"disabled":false,"description":"unique transaction ID created for each request for tracking purposes","key":"x-fapi-interaction-id","value":"95ad42fb-afd1-2121-b794-3ed29342ks42"},{"key":"Content-Type","value":"application/json"}],"body":"{\n  \"type\": \"https://card.developer.fiserv.com/cards/error#bad-request\",\n  \"title\": \"Bad Request\",\n  \"detail\": \"CONTENT-TYPE header required. Supported content-type is application/json.\",\n  \"instance\": \"/v1/accounts/statements/search\",\n  \"status\": 400\n}","cookie":[],"_postman_previewlanguage":"json"},{"id":"2de01067-a18b-4026-9428-bcc81b67de67","name":"Unauthorized access","originalRequest":{"url":{"path":["v1","accounts","statements","search"],"host":["{{baseUrl}}"],"query":[{"key":"filter","value":"summary"}],"variable":[]},"header":[{"description":{"content":"Added as a part of security scheme: bearer","type":"text/plain"},"key":"Authorization","value":"Bearer <token>"},{"disabled":false,"description":"(Required) Retrieve an access token through the Access Token API. Access token is required in every request. Refer to documentation on access token (https://card.developer.fiserv.com/apis/token). Tokens expire after 15 minutes. Provide the value as follows in the header. Authorization: Bearer <Access Token Value>","key":"Authorization","value":"Bearer USlfM8dilzKZPcuGGP3BfVLd7Snk"},{"disabled":false,"description":"User on behalf of whom the request is being made. userId must be alphanumeric.","key":"x-fapi-userId","value":"JOHNDOE"},{"disabled":false,"description":"(Required) The 8-digit unique financial institute id assigned to each FI by Fiserv.","key":"x-fapi-financial-id","value":"00123456"},{"key":"Accept","value":"application/json"}],"method":"POST","body":{"mode":"raw","raw":"{\n  \"accountNumber\": \"123456789\",\n  \"fromDate\": \"2021-07-20\",\n  \"toDate\": \"2021-12-28\"\n}","options":{"raw":{"language":"json"}}}},"status":"Unauthorized","code":401,"header":[{"disabled":false,"description":"unique transaction ID created for each request for tracking purposes","key":"x-fapi-interaction-id","value":"95ad42fb-afd1-2121-b794-3ed29342ks42"},{"key":"Content-Type","value":"application/json"}],"body":"{\n  \"type\": \"https://card.developer.fiserv.com/cards/error#unauthorized\",\n  \"title\": \"Unauthorized\",\n  \"detail\": \"Invalid Access Token\",\n  \"instance\": \"/v1/accounts/statements/search\",\n  \"status\": 401\n}","cookie":[],"_postman_previewlanguage":"json"},{"id":"fd3fa1ea-952a-44ce-b274-7a4dcc17dca7","name":"Forbidden","originalRequest":{"url":{"path":["v1","accounts","statements","search"],"host":["{{baseUrl}}"],"query":[{"key":"filter","value":"summary"}],"variable":[]},"header":[{"description":{"content":"Added as a part of security scheme: bearer","type":"text/plain"},"key":"Authorization","value":"Bearer <token>"},{"disabled":false,"description":"(Required) Retrieve an access token through the Access Token API. Access token is required in every request. Refer to documentation on access token (https://card.developer.fiserv.com/apis/token). Tokens expire after 15 minutes. Provide the value as follows in the header. Authorization: Bearer <Access Token Value>","key":"Authorization","value":"Bearer USlfM8dilzKZPcuGGP3BfVLd7Snk"},{"disabled":false,"description":"User on behalf of whom the request is being made. userId must be alphanumeric.","key":"x-fapi-userId","value":"JOHNDOE"},{"disabled":false,"description":"(Required) The 8-digit unique financial institute id assigned to each FI by Fiserv.","key":"x-fapi-financial-id","value":"00123456"},{"key":"Accept","value":"application/json"}],"method":"POST","body":{"mode":"raw","raw":"{\n  \"accountNumber\": \"123456789\",\n  \"fromDate\": \"2021-07-20\",\n  \"toDate\": \"2021-12-28\"\n}","options":{"raw":{"language":"json"}}}},"status":"Forbidden","code":403,"header":[{"disabled":false,"description":"unique transaction ID created for each request for tracking purposes","key":"x-fapi-interaction-id","value":"95ad42fb-afd1-2121-b794-3ed29342ks42"},{"key":"Content-Type","value":"application/json"}],"body":"{\n  \"type\": \"https://card.developer.fiserv.com/cards/error#forbidden\",\n  \"title\": \"Forbidden\",\n  \"detail\": \"Unauthorized to perform request.\",\n  \"instance\": \"/v1/accounts/statements/search\",\n  \"status\": 403\n}","cookie":[],"_postman_previewlanguage":"json"},{"id":"5dfa5e44-3d8d-4c8b-87e1-dc76bcdb9b57","name":"Not Found","originalRequest":{"url":{"path":["v1","accounts","statements","search"],"host":["{{baseUrl}}"],"query":[{"key":"filter","value":"summary"}],"variable":[]},"header":[{"description":{"content":"Added as a part of security scheme: bearer","type":"text/plain"},"key":"Authorization","value":"Bearer <token>"},{"disabled":false,"description":"(Required) Retrieve an access token through the Access Token API. Access token is required in every request. Refer to documentation on access token (https://card.developer.fiserv.com/apis/token). Tokens expire after 15 minutes. Provide the value as follows in the header. Authorization: Bearer <Access Token Value>","key":"Authorization","value":"Bearer USlfM8dilzKZPcuGGP3BfVLd7Snk"},{"disabled":false,"description":"User on behalf of whom the request is being made. userId must be alphanumeric.","key":"x-fapi-userId","value":"JOHNDOE"},{"disabled":false,"description":"(Required) The 8-digit unique financial institute id assigned to each FI by Fiserv.","key":"x-fapi-financial-id","value":"00123456"},{"key":"Accept","value":"application/json"}],"method":"POST","body":{"mode":"raw","raw":"{\n  \"accountNumber\": \"123456789\",\n  \"fromDate\": \"2021-07-20\",\n  \"toDate\": \"2021-12-28\"\n}","options":{"raw":{"language":"json"}}}},"status":"Not Found","code":404,"header":[{"disabled":false,"description":"unique transaction ID created for each request for tracking purposes","key":"x-fapi-interaction-id","value":"95ad42fb-afd1-2121-b794-3ed29342ks42"},{"key":"Content-Type","value":"application/json"}],"body":"{\n  \"type\": \"https://card.developer.fiserv.com/cards/error#resource-not-found\",\n  \"title\": \"Not Found\",\n  \"detail\": \"No statements were found.\",\n  \"instance\": \"/v1/accounts/statements/search\",\n  \"status\": 404\n}","cookie":[],"_postman_previewlanguage":"json"},{"id":"7d69d4d3-2fc2-4bf8-8ee1-8e3551caf772","name":"Method Not Allowed","originalRequest":{"url":{"path":["v1","accounts","statements","search"],"host":["{{baseUrl}}"],"query":[{"key":"filter","value":"summary"}],"variable":[]},"header":[{"description":{"content":"Added as a part of security scheme: bearer","type":"text/plain"},"key":"Authorization","value":"Bearer <token>"},{"disabled":false,"description":"(Required) Retrieve an access token through the Access Token API. Access token is required in every request. Refer to documentation on access token (https://card.developer.fiserv.com/apis/token). Tokens expire after 15 minutes. Provide the value as follows in the header. Authorization: Bearer <Access Token Value>","key":"Authorization","value":"Bearer USlfM8dilzKZPcuGGP3BfVLd7Snk"},{"disabled":false,"description":"User on behalf of whom the request is being made. userId must be alphanumeric.","key":"x-fapi-userId","value":"JOHNDOE"},{"disabled":false,"description":"(Required) The 8-digit unique financial institute id assigned to each FI by Fiserv.","key":"x-fapi-financial-id","value":"00123456"},{"key":"Accept","value":"application/json"}],"method":"POST","body":{"mode":"raw","raw":"{\n  \"accountNumber\": \"123456789\",\n  \"fromDate\": \"2021-07-20\",\n  \"toDate\": \"2021-12-28\"\n}","options":{"raw":{"language":"json"}}}},"status":"Method Not Allowed","code":405,"header":[{"disabled":false,"description":"unique transaction ID created for each request for tracking purposes","key":"x-fapi-interaction-id","value":"95ad42fb-afd1-2121-b794-3ed29342ks42"},{"key":"Content-Type","value":"application/json"}],"body":"{\n  \"type\": \"https://card.developer.fiserv.com/cards/error#method-not-allowed\",\n  \"title\": \"Method Not Allowed\",\n  \"detail\": \"The HTTP method requested is not acceptable for this endpoint.\",\n  \"instance\": \"/v1/accounts/statements/search\",\n  \"status\": 405\n}","cookie":[],"_postman_previewlanguage":"json"},{"id":"2eb35cac-59b7-4f12-bcc0-723d3140d6a4","name":"Unacceptable","originalRequest":{"url":{"path":["v1","accounts","statements","search"],"host":["{{baseUrl}}"],"query":[{"key":"filter","value":"summary"}],"variable":[]},"header":[{"description":{"content":"Added as a part of security scheme: bearer","type":"text/plain"},"key":"Authorization","value":"Bearer <token>"},{"disabled":false,"description":"(Required) Retrieve an access token through the Access Token API. Access token is required in every request. Refer to documentation on access token (https://card.developer.fiserv.com/apis/token). Tokens expire after 15 minutes. Provide the value as follows in the header. Authorization: Bearer <Access Token Value>","key":"Authorization","value":"Bearer USlfM8dilzKZPcuGGP3BfVLd7Snk"},{"disabled":false,"description":"User on behalf of whom the request is being made. userId must be alphanumeric.","key":"x-fapi-userId","value":"JOHNDOE"},{"disabled":false,"description":"(Required) The 8-digit unique financial institute id assigned to each FI by Fiserv.","key":"x-fapi-financial-id","value":"00123456"},{"key":"Accept","value":"application/json"}],"method":"POST","body":{"mode":"raw","raw":"{\n  \"accountNumber\": \"123456789\",\n  \"fromDate\": \"2021-07-20\",\n  \"toDate\": \"2021-12-28\"\n}","options":{"raw":{"language":"json"}}}},"status":"Not Acceptable","code":406,"header":[{"disabled":false,"description":"unique transaction ID created for each request for tracking purposes","key":"x-fapi-interaction-id","value":"95ad42fb-afd1-2121-b794-3ed29342ks42"},{"key":"Content-Type","value":"application/json"}],"body":"{\n  \"type\": \"https://card.developer.fiserv.com/cards/error#not-acceptable\",\n  \"title\": \"Not Acceptable\",\n  \"detail\": \"The content type being requested is not provided by this service.\",\n  \"instance\": \"/v1/accounts/statements/search\",\n  \"status\": 406\n}","cookie":[],"_postman_previewlanguage":"json"},{"id":"ef076282-ee5f-43b1-9d5f-a0300e520f3f","name":"Unsupported Media Type","originalRequest":{"url":{"path":["v1","accounts","statements","search"],"host":["{{baseUrl}}"],"query":[{"key":"filter","value":"summary"}],"variable":[]},"header":[{"description":{"content":"Added as a part of security scheme: bearer","type":"text/plain"},"key":"Authorization","value":"Bearer <token>"},{"disabled":false,"description":"(Required) Retrieve an access token through the Access Token API. Access token is required in every request. Refer to documentation on access token (https://card.developer.fiserv.com/apis/token). Tokens expire after 15 minutes. Provide the value as follows in the header. Authorization: Bearer <Access Token Value>","key":"Authorization","value":"Bearer USlfM8dilzKZPcuGGP3BfVLd7Snk"},{"disabled":false,"description":"User on behalf of whom the request is being made. userId must be alphanumeric.","key":"x-fapi-userId","value":"JOHNDOE"},{"disabled":false,"description":"(Required) The 8-digit unique financial institute id assigned to each FI by Fiserv.","key":"x-fapi-financial-id","value":"00123456"},{"key":"Accept","value":"application/json"}],"method":"POST","body":{"mode":"raw","raw":"{\n  \"accountNumber\": \"123456789\",\n  \"fromDate\": \"2021-07-20\",\n  \"toDate\": \"2021-12-28\"\n}","options":{"raw":{"language":"json"}}}},"status":"Unsupported Media Type","code":415,"header":[{"disabled":false,"description":"unique transaction ID created for each request for tracking purposes","key":"x-fapi-interaction-id","value":"95ad42fb-afd1-2121-b794-3ed29342ks42"},{"key":"Content-Type","value":"application/json"}],"body":"{\n  \"type\": \"https://card.developer.fiserv.com/cards/error#unsupported-mediatype\",\n  \"title\": \"Unsupported Media type\",\n  \"detail\": \"The payload format is unsupported.\",\n  \"instance\": \"/v1/accounts/statements/search\",\n  \"status\": 415\n}","cookie":[],"_postman_previewlanguage":"json"},{"id":"ca826dd6-8193-44d5-894a-28d5b161c271","name":"Unprocessable Entity","originalRequest":{"url":{"path":["v1","accounts","statements","search"],"host":["{{baseUrl}}"],"query":[{"key":"filter","value":"summary"}],"variable":[]},"header":[{"description":{"content":"Added as a part of security scheme: bearer","type":"text/plain"},"key":"Authorization","value":"Bearer <token>"},{"disabled":false,"description":"(Required) Retrieve an access token through the Access Token API. Access token is required in every request. Refer to documentation on access token (https://card.developer.fiserv.com/apis/token). Tokens expire after 15 minutes. Provide the value as follows in the header. Authorization: Bearer <Access Token Value>","key":"Authorization","value":"Bearer USlfM8dilzKZPcuGGP3BfVLd7Snk"},{"disabled":false,"description":"User on behalf of whom the request is being made. userId must be alphanumeric.","key":"x-fapi-userId","value":"JOHNDOE"},{"disabled":false,"description":"(Required) The 8-digit unique financial institute id assigned to each FI by Fiserv.","key":"x-fapi-financial-id","value":"00123456"},{"key":"Accept","value":"application/json"}],"method":"POST","body":{"mode":"raw","raw":"{\n  \"accountNumber\": \"123456789\",\n  \"fromDate\": \"2021-07-20\",\n  \"toDate\": \"2021-12-28\"\n}","options":{"raw":{"language":"json"}}}},"status":"Unprocessable Entity (WebDAV) (RFC 4918)","code":422,"header":[{"disabled":false,"description":"unique transaction ID created for each request for tracking purposes","key":"x-fapi-interaction-id","value":"95ad42fb-afd1-2121-b794-3ed29342ks42"},{"key":"Content-Type","value":"application/json"}],"body":"{\n  \"type\": \"https://card.developer.fiserv.com/cards/error#unprocessable-content\",\n  \"title\": \"Unprocessable Content\",\n  \"detail\": \"The service was not able to process this request.\",\n  \"instance\": \"/v1/accounts/statements/search\",\n  \"status\": 422\n}","cookie":[],"_postman_previewlanguage":"json"},{"id":"2b27a7c6-fa88-4afb-bd7b-8b7f5781ab7f","name":"Internal Server Error","originalRequest":{"url":{"path":["v1","accounts","statements","search"],"host":["{{baseUrl}}"],"query":[{"key":"filter","value":"summary"}],"variable":[]},"header":[{"description":{"content":"Added as a part of security scheme: bearer","type":"text/plain"},"key":"Authorization","value":"Bearer <token>"},{"disabled":false,"description":"(Required) Retrieve an access token through the Access Token API. Access token is required in every request. Refer to documentation on access token (https://card.developer.fiserv.com/apis/token). Tokens expire after 15 minutes. Provide the value as follows in the header. Authorization: Bearer <Access Token Value>","key":"Authorization","value":"Bearer USlfM8dilzKZPcuGGP3BfVLd7Snk"},{"disabled":false,"description":"User on behalf of whom the request is being made. userId must be alphanumeric.","key":"x-fapi-userId","value":"JOHNDOE"},{"disabled":false,"description":"(Required) The 8-digit unique financial institute id assigned to each FI by Fiserv.","key":"x-fapi-financial-id","value":"00123456"},{"key":"Accept","value":"application/json"}],"method":"POST","body":{"mode":"raw","raw":"{\n  \"accountNumber\": \"123456789\",\n  \"fromDate\": \"2021-07-20\",\n  \"toDate\": \"2021-12-28\"\n}","options":{"raw":{"language":"json"}}}},"status":"Internal Server Error","code":500,"header":[{"disabled":false,"description":"unique transaction ID created for each request for tracking purposes","key":"x-fapi-interaction-id","value":"95ad42fb-afd1-2121-b794-3ed29342ks42"},{"key":"Content-Type","value":"application/json"}],"body":"{\n  \"errorResponse\": {\n    \"code\": \"500-01\",\n    \"message\": \"internal server error\",\n    \"developerInfo\": {\n      \"developerMessage\": \"internal server error\",\n      \"moreInfo\": \"There was a problem handling your request. Please try again. If the problem persists please contact Support\",\n      \"messageid\": \"25557-84290371-1\"\n    }\n  }\n}","cookie":[],"_postman_previewlanguage":"json"}],"event":[],"protocolProfileBehavior":{"disableBodyPruning":true}},{"id":"adcaffd3-6e8a-4508-bd35-1d4156428027","name":"Retrieves the list of Transactions for the account based on the filter criteria passed in the request. Only applicable for credit.","request":{"name":"Retrieves the list of Transactions for the account based on the filter criteria passed in the request. Only applicable for credit.","description":{},"url":{"path":["v1","accounts","transactions","search"],"host":["{{baseUrl}}"],"query":[{"disabled":false,"key":"filter","value":"<string>","description":"(Required) Provides the summary or details record for account transaction search. Defaults to summary.\n\nSUMMARY includes the following fields -\n\ntransactionDateTime, merchantName, authorizationCode, transactioncode, transactionType, merchantCategoryCode, transactionStatus, transactionAmount, transactedCardOrAccountNumber, merchantCity, merchantState,\n\nDETAIL includes all the transaction search fields."},{"disabled":false,"key":"pageOffset","value":"<string>","description":"The starting point in the result set"},{"disabled":false,"key":"pageLimit","value":"<string>","description":"The number of records to be returned"}],"variable":[]},"header":[{"disabled":false,"description":"Optional. User on behalf of whom the request is being made. userId must be alphanumeric.","key":"userId","value":"<string>"},{"disabled":false,"description":"(Required) Required. Provide 8 digit client id","key":"x-fapi-financial-id","value":"<string>"},{"key":"Content-Type","value":"application/json"},{"key":"Accept","value":"application/json"}],"method":"POST","auth":null,"body":{"mode":"raw","raw":"{\n  \"accountNumber\": \"<string>\",\n  \"filterCriteria\": [\n    {\n      \"filterBy\": \"<string>\",\n      \"filterValue\": \"<string>\"\n    },\n    {\n      \"filterBy\": \"<string>\",\n      \"filterValue\": \"<string>\"\n    }\n  ]\n}","options":{"raw":{"language":"json"}}}},"response":[{"id":"47389a74-d049-4e2b-bf1a-9e8d0a41555c","name":"OK","originalRequest":{"url":{"path":["v1","accounts","transactions","search"],"host":["{{baseUrl}}"],"query":[{"key":"filter","value":"summary,detail"},{"key":"pageOffset","value":"2"},{"key":"pageLimit","value":"50"}],"variable":[]},"header":[{"description":{"content":"Added as a part of security scheme: bearer","type":"text/plain"},"key":"Authorization","value":"Bearer <token>"},{"disabled":false,"description":"(Required) Retrieve an access token through the Access Token API. Access token is required in every request. Refer to documentation on access token  (https://card.developer.fiserv.com/apis/token).Tokens expire after 15 minutes. Provide the value as follows in the header. Authorization:: Bearer <Access Token Value>","key":"Authorization","value":"Bearer USlfM8dilzKZPcuGGP3BfVLd7Snk"},{"disabled":false,"description":"Optional. User on behalf of whom the request is being made. userId must be alphanumeric.","key":"userId","value":"johndoe"},{"disabled":false,"description":"(Required) Required. Provide 8 digit client id","key":"x-fapi-financial-id","value":"<string>"},{"key":"Accept","value":"application/json"}],"method":"POST","body":{"mode":"raw","raw":"{\n  \"accountNumber\": \"123456789\",\n  \"filterCriteria\": [\n    {\n      \"filterBy\": \"<string>\",\n      \"filterValue\": \"<string>\"\n    },\n    {\n      \"filterBy\": \"<string>\",\n      \"filterValue\": \"<string>\"\n    }\n  ]\n}","options":{"raw":{"language":"json"}}}},"status":"OK","code":200,"header":[{"key":"Content-Type","value":"application/json"}],"body":"{\n  \"count\": -72052489,\n  \"transactions\": [\n    {\n      \"authorizationCode\": \"121052\",\n      \"merchantCategoryCode\": \"6011\",\n      \"merchantCity\": \"Chicago\",\n      \"merchantState\": \"IL\",\n      \"transactionDateTime\": \"2014-10-02T15:01:23.045Z\",\n      \"transactedCardOrAccountNumber\": \"400010xxxxxx3000\",\n      \"statusDescription\": \"64-PI LOST\",\n      \"merchantName\": \"BALANCE TRANSFER CASH\",\n      \"transactionAmount\": \"1299.00\",\n      \"transactionType\": \"in\",\n      \"transactionStatus\": \"et incididunt\",\n      \"responseCode\": \"id sit\",\n      \"responseCodeDescription\": \"consequat laboris veniam\",\n      \"transactionCode\": \"cupidatat eni\",\n      \"declinedTransactionDetails\": {\n        \"cardholderAccountNumber\": \"xxxxx6789\",\n        \"transactionDescription\": \"OVERLIMIT FEE REFUND\",\n        \"merchantNumber\": \"xxxxx6789\",\n        \"declinedReasonCode\": \"64-PI LOST\",\n        \"expandedReasonCode\": \"quis tempor cupidatat deserunt\",\n        \"authorizationResponseDescription\": \"PI-LOST\"\n      },\n      \"pendingTransactionDetails\": {\n        \"cardholderAccountNumber\": \"xxxxx6789\",\n        \"transactionDescription\": \"OVERLIMIT FEE REFUND\",\n        \"merchantNumber\": \"xxxxx6789\",\n        \"originalAuthAdjustmentAmount\": \"40.00\"\n      },\n      \"postedTransactionDetails\": {\n        \"cardholderAccountNumber\": \"xxxxx6789\",\n        \"transactionDescription\": \"BALANCE TRANSFER CASH\",\n        \"promotionId\": \"veniam culpa non consequat\",\n        \"postingDate\": \"2014-10-02\",\n        \"detailTransactionIdentifier\": \"084101656063080\",\n        \"referenceNumber\": \"85548362L00XTMK3P\"\n      }\n    },\n    {\n      \"authorizationCode\": \"121052\",\n      \"merchantCategoryCode\": \"6011\",\n      \"merchantCity\": \"Chicago\",\n      \"merchantState\": \"IL\",\n      \"transactionDateTime\": \"2014-10-02T15:01:23.045Z\",\n      \"transactedCardOrAccountNumber\": \"400010xxxxxx3000\",\n      \"statusDescription\": \"64-PI LOST\",\n      \"merchantName\": \"BALANCE TRANSFER CASH\",\n      \"transactionAmount\": \"1299.00\",\n      \"transactionType\": \"commodo\",\n      \"transactionStatus\": \"elit id labore cillum ea\",\n      \"responseCode\": \"aute minim\",\n      \"responseCodeDescription\": \"qui cillum sed\",\n      \"transactionCode\": \"enim commodo laboris\",\n      \"declinedTransactionDetails\": {\n        \"cardholderAccountNumber\": \"xxxxx6789\",\n        \"transactionDescription\": \"OVERLIMIT FEE REFUND\",\n        \"merchantNumber\": \"xxxxx6789\",\n        \"declinedReasonCode\": \"64-PI LOST\",\n        \"expandedReasonCode\": \"sed laborum aute\",\n        \"authorizationResponseDescription\": \"PI-LOST\"\n      },\n      \"pendingTransactionDetails\": {\n        \"cardholderAccountNumber\": \"xxxxx6789\",\n        \"transactionDescription\": \"OVERLIMIT FEE REFUND\",\n        \"merchantNumber\": \"xxxxx6789\",\n        \"originalAuthAdjustmentAmount\": \"40.00\"\n      },\n      \"postedTransactionDetails\": {\n        \"cardholderAccountNumber\": \"xxxxx6789\",\n        \"transactionDescription\": \"BALANCE TRANSFER CASH\",\n        \"promotionId\": \"officia amet nisi\",\n        \"postingDate\": \"2014-10-02\",\n        \"detailTransactionIdentifier\": \"084101656063080\",\n        \"referenceNumber\": \"85548362L00XTMK3P\"\n      }\n    }\n  ],\n  \"warningInfo\": {\n    \"message\": \"Partial response\",\n    \"warningDetails\": [\n      {\n        \"code\": \"206-45-7001\",\n        \"detail\": \"Transaction results are >=1000. Please refine your search criteria.\"\n      },\n      {\n        \"code\": \"206-45-7001\",\n        \"detail\": \"Transaction results are >=1000. Please refine your search criteria.\"\n      }\n    ]\n  }\n}","cookie":[],"_postman_previewlanguage":"json"},{"id":"6318cb66-0def-42f7-afa2-8fafc2ef041a","name":"Partial success response","originalRequest":{"url":{"path":["v1","accounts","transactions","search"],"host":["{{baseUrl}}"],"query":[{"key":"filter","value":"summary,detail"},{"key":"pageOffset","value":"2"},{"key":"pageLimit","value":"50"}],"variable":[]},"header":[{"description":{"content":"Added as a part of security scheme: bearer","type":"text/plain"},"key":"Authorization","value":"Bearer <token>"},{"disabled":false,"description":"(Required) Retrieve an access token through the Access Token API. Access token is required in every request. Refer to documentation on access token  (https://card.developer.fiserv.com/apis/token).Tokens expire after 15 minutes. Provide the value as follows in the header. Authorization:: Bearer <Access Token Value>","key":"Authorization","value":"Bearer USlfM8dilzKZPcuGGP3BfVLd7Snk"},{"disabled":false,"description":"Optional. User on behalf of whom the request is being made. userId must be alphanumeric.","key":"userId","value":"johndoe"},{"disabled":false,"description":"(Required) Required. Provide 8 digit client id","key":"x-fapi-financial-id","value":"<string>"},{"key":"Accept","value":"application/json"}],"method":"POST","body":{"mode":"raw","raw":"{\n  \"accountNumber\": \"123456789\",\n  \"filterCriteria\": [\n    {\n      \"filterBy\": \"<string>\",\n      \"filterValue\": \"<string>\"\n    },\n    {\n      \"filterBy\": \"<string>\",\n      \"filterValue\": \"<string>\"\n    }\n  ]\n}","options":{"raw":{"language":"json"}}}},"status":"Partial Content","code":206,"header":[{"key":"Content-Type","value":"application/json"}],"body":"{\n  \"count\": -76782952,\n  \"transactions\": [\n    {\n      \"authorizationCode\": \"121052\",\n      \"merchantCategoryCode\": \"6011\",\n      \"merchantCity\": \"Chicago\",\n      \"merchantState\": \"IL\",\n      \"transactionDateTime\": \"2014-10-02T15:01:23.045Z\",\n      \"transactedCardOrAccountNumber\": \"400010xxxxxx3000\",\n      \"statusDescription\": \"64-PI LOST\",\n      \"merchantName\": \"BALANCE TRANSFER CASH\",\n      \"transactionAmount\": \"1299.00\",\n      \"transactionType\": \"cillum culpa enim\",\n      \"transactionStatus\": \"reprehenderit adipisicing occaecat mollit\",\n      \"responseCode\": \"nisi nostrud\",\n      \"responseCodeDescription\": \"ipsum ea eiusmod\",\n      \"transactionCode\": \"magna sint reprehenderit aute ex\",\n      \"declinedTransactionDetails\": {\n        \"cardholderAccountNumber\": \"xxxxx6789\",\n        \"transactionDescription\": \"OVERLIMIT FEE REFUND\",\n        \"merchantNumber\": \"xxxxx6789\",\n        \"declinedReasonCode\": \"64-PI LOST\",\n        \"expandedReasonCode\": \"proident laboris cupidatat in\",\n        \"authorizationResponseDescription\": \"PI-LOST\"\n      },\n      \"pendingTransactionDetails\": {\n        \"cardholderAccountNumber\": \"xxxxx6789\",\n        \"transactionDescription\": \"OVERLIMIT FEE REFUND\",\n        \"merchantNumber\": \"xxxxx6789\",\n        \"originalAuthAdjustmentAmount\": \"40.00\"\n      },\n      \"postedTransactionDetails\": {\n        \"cardholderAccountNumber\": \"xxxxx6789\",\n        \"transactionDescription\": \"BALANCE TRANSFER CASH\",\n        \"promotionId\": \"dolor\",\n        \"postingDate\": \"2014-10-02\",\n        \"detailTransactionIdentifier\": \"084101656063080\",\n        \"referenceNumber\": \"85548362L00XTMK3P\"\n      }\n    },\n    {\n      \"authorizationCode\": \"121052\",\n      \"merchantCategoryCode\": \"6011\",\n      \"merchantCity\": \"Chicago\",\n      \"merchantState\": \"IL\",\n      \"transactionDateTime\": \"2014-10-02T15:01:23.045Z\",\n      \"transactedCardOrAccountNumber\": \"400010xxxxxx3000\",\n      \"statusDescription\": \"64-PI LOST\",\n      \"merchantName\": \"BALANCE TRANSFER CASH\",\n      \"transactionAmount\": \"1299.00\",\n      \"transactionType\": \"Excepteur exercitation ali\",\n      \"transactionStatus\": \"cillum eu Ut enim\",\n      \"responseCode\": \"dolore deserunt qui\",\n      \"responseCodeDescription\": \"deserunt magna proident\",\n      \"transactionCode\": \"est ex velit Lorem fugiat\",\n      \"declinedTransactionDetails\": {\n        \"cardholderAccountNumber\": \"xxxxx6789\",\n        \"transactionDescription\": \"OVERLIMIT FEE REFUND\",\n        \"merchantNumber\": \"xxxxx6789\",\n        \"declinedReasonCode\": \"64-PI LOST\",\n        \"expandedReasonCode\": \"reprehenderit eiusmod cillum fugiat\",\n        \"authorizationResponseDescription\": \"PI-LOST\"\n      },\n      \"pendingTransactionDetails\": {\n        \"cardholderAccountNumber\": \"xxxxx6789\",\n        \"transactionDescription\": \"OVERLIMIT FEE REFUND\",\n        \"merchantNumber\": \"xxxxx6789\",\n        \"originalAuthAdjustmentAmount\": \"40.00\"\n      },\n      \"postedTransactionDetails\": {\n        \"cardholderAccountNumber\": \"xxxxx6789\",\n        \"transactionDescription\": \"BALANCE TRANSFER CASH\",\n        \"promotionId\": \"commodo aliqua irure enim\",\n        \"postingDate\": \"2014-10-02\",\n        \"detailTransactionIdentifier\": \"084101656063080\",\n        \"referenceNumber\": \"85548362L00XTMK3P\"\n      }\n    }\n  ],\n  \"warningInfo\": {\n    \"message\": \"Partial response\",\n    \"warningDetails\": [\n      {\n        \"code\": \"206-45-7001\",\n        \"detail\": \"Transaction results are >=1000. Please refine your search criteria.\"\n      },\n      {\n        \"code\": \"206-45-7001\",\n        \"detail\": \"Transaction results are >=1000. Please refine your search criteria.\"\n      }\n    ]\n  }\n}","cookie":[],"_postman_previewlanguage":"json"},{"id":"ef535bcf-a6cd-45d2-ae62-0c31bff802cb","name":"Invalid Request","originalRequest":{"url":{"path":["v1","accounts","transactions","search"],"host":["{{baseUrl}}"],"query":[{"key":"filter","value":"summary,detail"},{"key":"pageOffset","value":"2"},{"key":"pageLimit","value":"50"}],"variable":[]},"header":[{"description":{"content":"Added as a part of security scheme: bearer","type":"text/plain"},"key":"Authorization","value":"Bearer <token>"},{"disabled":false,"description":"(Required) Retrieve an access token through the Access Token API. Access token is required in every request. Refer to documentation on access token  (https://card.developer.fiserv.com/apis/token).Tokens expire after 15 minutes. Provide the value as follows in the header. Authorization:: Bearer <Access Token Value>","key":"Authorization","value":"Bearer USlfM8dilzKZPcuGGP3BfVLd7Snk"},{"disabled":false,"description":"Optional. User on behalf of whom the request is being made. userId must be alphanumeric.","key":"userId","value":"johndoe"},{"disabled":false,"description":"(Required) Required. Provide 8 digit client id","key":"x-fapi-financial-id","value":"<string>"},{"key":"Accept","value":"application/json"}],"method":"POST","body":{"mode":"raw","raw":"{\n  \"accountNumber\": \"123456789\",\n  \"filterCriteria\": [\n    {\n      \"filterBy\": \"<string>\",\n      \"filterValue\": \"<string>\"\n    },\n    {\n      \"filterBy\": \"<string>\",\n      \"filterValue\": \"<string>\"\n    }\n  ]\n}","options":{"raw":{"language":"json"}}}},"status":"Bad Request","code":400,"header":[{"disabled":false,"description":"unique transaction ID created for each request for tracking purposes","key":"x-fapi-interaction-id","value":"95ad42fb-afd1-2121-b794-3ed29342ks42"},{"key":"Content-Type","value":"application/json"}],"body":"{\n  \"type\": \"https://card.developer.fiserv.com/cards/error#invalid-request\",\n  \"title\": \"Invalid Request\",\n  \"detail\": \"We had a problem getting your credit and debit card information.\",\n  \"instance\": \"/v1/entity/example\",\n  \"status\": 400\n}","cookie":[],"_postman_previewlanguage":"json"},{"id":"b2cd4155-bf54-4d83-9ce0-e6dedd503e5d","name":"Unauthorized access","originalRequest":{"url":{"path":["v1","accounts","transactions","search"],"host":["{{baseUrl}}"],"query":[{"key":"filter","value":"summary,detail"},{"key":"pageOffset","value":"2"},{"key":"pageLimit","value":"50"}],"variable":[]},"header":[{"description":{"content":"Added as a part of security scheme: bearer","type":"text/plain"},"key":"Authorization","value":"Bearer <token>"},{"disabled":false,"description":"(Required) Retrieve an access token through the Access Token API. Access token is required in every request. Refer to documentation on access token  (https://card.developer.fiserv.com/apis/token).Tokens expire after 15 minutes. Provide the value as follows in the header. Authorization:: Bearer <Access Token Value>","key":"Authorization","value":"Bearer USlfM8dilzKZPcuGGP3BfVLd7Snk"},{"disabled":false,"description":"Optional. User on behalf of whom the request is being made. userId must be alphanumeric.","key":"userId","value":"johndoe"},{"disabled":false,"description":"(Required) Required. Provide 8 digit client id","key":"x-fapi-financial-id","value":"<string>"},{"key":"Accept","value":"application/json"}],"method":"POST","body":{"mode":"raw","raw":"{\n  \"accountNumber\": \"123456789\",\n  \"filterCriteria\": [\n    {\n      \"filterBy\": \"<string>\",\n      \"filterValue\": \"<string>\"\n    },\n    {\n      \"filterBy\": \"<string>\",\n      \"filterValue\": \"<string>\"\n    }\n  ]\n}","options":{"raw":{"language":"json"}}}},"status":"Unauthorized","code":401,"header":[{"disabled":false,"description":"unique transaction ID created for each request for tracking purposes","key":"x-fapi-interaction-id","value":"95ad42fb-afd1-2121-b794-3ed29342ks42"},{"key":"Content-Type","value":"application/json"}],"body":"{\n  \"type\": \"https://card.developer.fiserv.com/cards/error#invalid-request\",\n  \"title\": \"Invalid Request\",\n  \"detail\": \"We had a problem getting your credit and debit card information.\",\n  \"instance\": \"/v1/entity/example\",\n  \"status\": 400\n}","cookie":[],"_postman_previewlanguage":"json"},{"id":"f0bf7436-625c-4c8e-bc02-165564ebcd29","name":"Forbidden","originalRequest":{"url":{"path":["v1","accounts","transactions","search"],"host":["{{baseUrl}}"],"query":[{"key":"filter","value":"summary,detail"},{"key":"pageOffset","value":"2"},{"key":"pageLimit","value":"50"}],"variable":[]},"header":[{"description":{"content":"Added as a part of security scheme: bearer","type":"text/plain"},"key":"Authorization","value":"Bearer <token>"},{"disabled":false,"description":"(Required) Retrieve an access token through the Access Token API. Access token is required in every request. Refer to documentation on access token  (https://card.developer.fiserv.com/apis/token).Tokens expire after 15 minutes. Provide the value as follows in the header. Authorization:: Bearer <Access Token Value>","key":"Authorization","value":"Bearer USlfM8dilzKZPcuGGP3BfVLd7Snk"},{"disabled":false,"description":"Optional. User on behalf of whom the request is being made. userId must be alphanumeric.","key":"userId","value":"johndoe"},{"disabled":false,"description":"(Required) Required. Provide 8 digit client id","key":"x-fapi-financial-id","value":"<string>"},{"key":"Accept","value":"application/json"}],"method":"POST","body":{"mode":"raw","raw":"{\n  \"accountNumber\": \"123456789\",\n  \"filterCriteria\": [\n    {\n      \"filterBy\": \"<string>\",\n      \"filterValue\": \"<string>\"\n    },\n    {\n      \"filterBy\": \"<string>\",\n      \"filterValue\": \"<string>\"\n    }\n  ]\n}","options":{"raw":{"language":"json"}}}},"status":"Forbidden","code":403,"header":[{"disabled":false,"description":"unique transaction ID created for each request for tracking purposes","key":"x-fapi-interaction-id","value":"95ad42fb-afd1-2121-b794-3ed29342ks42"},{"key":"Content-Type","value":"application/json"}],"body":"{\n  \"type\": \"https://card.developer.fiserv.com/cards/error#invalid-request\",\n  \"title\": \"Invalid Request\",\n  \"detail\": \"We had a problem getting your credit and debit card information.\",\n  \"instance\": \"/v1/entity/example\",\n  \"status\": 400\n}","cookie":[],"_postman_previewlanguage":"json"},{"id":"7ba46d89-3601-467b-9eb1-ff688a8bd4de","name":"Not Found","originalRequest":{"url":{"path":["v1","accounts","transactions","search"],"host":["{{baseUrl}}"],"query":[{"key":"filter","value":"summary,detail"},{"key":"pageOffset","value":"2"},{"key":"pageLimit","value":"50"}],"variable":[]},"header":[{"description":{"content":"Added as a part of security scheme: bearer","type":"text/plain"},"key":"Authorization","value":"Bearer <token>"},{"disabled":false,"description":"(Required) Retrieve an access token through the Access Token API. Access token is required in every request. Refer to documentation on access token  (https://card.developer.fiserv.com/apis/token).Tokens expire after 15 minutes. Provide the value as follows in the header. Authorization:: Bearer <Access Token Value>","key":"Authorization","value":"Bearer USlfM8dilzKZPcuGGP3BfVLd7Snk"},{"disabled":false,"description":"Optional. User on behalf of whom the request is being made. userId must be alphanumeric.","key":"userId","value":"johndoe"},{"disabled":false,"description":"(Required) Required. Provide 8 digit client id","key":"x-fapi-financial-id","value":"<string>"},{"key":"Accept","value":"application/json"}],"method":"POST","body":{"mode":"raw","raw":"{\n  \"accountNumber\": \"123456789\",\n  \"filterCriteria\": [\n    {\n      \"filterBy\": \"<string>\",\n      \"filterValue\": \"<string>\"\n    },\n    {\n      \"filterBy\": \"<string>\",\n      \"filterValue\": \"<string>\"\n    }\n  ]\n}","options":{"raw":{"language":"json"}}}},"status":"Not Found","code":404,"header":[{"disabled":false,"description":"unique transaction ID created for each request for tracking purposes","key":"x-fapi-interaction-id","value":"95ad42fb-afd1-2121-b794-3ed29342ks42"},{"key":"Content-Type","value":"application/json"}],"body":"{\n  \"type\": \"https://card.developer.fiserv.com/cards/error#invalid-request\",\n  \"title\": \"Invalid Request\",\n  \"detail\": \"We had a problem getting your credit and debit card information.\",\n  \"instance\": \"/v1/entity/example\",\n  \"status\": 400\n}","cookie":[],"_postman_previewlanguage":"json"},{"id":"172d0d39-02e5-46c6-992b-550e9605ea8d","name":"Method Not Allowed","originalRequest":{"url":{"path":["v1","accounts","transactions","search"],"host":["{{baseUrl}}"],"query":[{"key":"filter","value":"summary,detail"},{"key":"pageOffset","value":"2"},{"key":"pageLimit","value":"50"}],"variable":[]},"header":[{"description":{"content":"Added as a part of security scheme: bearer","type":"text/plain"},"key":"Authorization","value":"Bearer <token>"},{"disabled":false,"description":"(Required) Retrieve an access token through the Access Token API. Access token is required in every request. Refer to documentation on access token  (https://card.developer.fiserv.com/apis/token).Tokens expire after 15 minutes. Provide the value as follows in the header. Authorization:: Bearer <Access Token Value>","key":"Authorization","value":"Bearer USlfM8dilzKZPcuGGP3BfVLd7Snk"},{"disabled":false,"description":"Optional. User on behalf of whom the request is being made. userId must be alphanumeric.","key":"userId","value":"johndoe"},{"disabled":false,"description":"(Required) Required. Provide 8 digit client id","key":"x-fapi-financial-id","value":"<string>"},{"key":"Accept","value":"application/json"}],"method":"POST","body":{"mode":"raw","raw":"{\n  \"accountNumber\": \"123456789\",\n  \"filterCriteria\": [\n    {\n      \"filterBy\": \"<string>\",\n      \"filterValue\": \"<string>\"\n    },\n    {\n      \"filterBy\": \"<string>\",\n      \"filterValue\": \"<string>\"\n    }\n  ]\n}","options":{"raw":{"language":"json"}}}},"status":"Method Not Allowed","code":405,"header":[{"disabled":false,"description":"unique transaction ID created for each request for tracking purposes","key":"x-fapi-interaction-id","value":"95ad42fb-afd1-2121-b794-3ed29342ks42"},{"key":"Content-Type","value":"application/json"}],"body":"{\n  \"type\": \"https://card.developer.fiserv.com/cards/error#invalid-request\",\n  \"title\": \"Invalid Request\",\n  \"detail\": \"We had a problem getting your credit and debit card information.\",\n  \"instance\": \"/v1/entity/example\",\n  \"status\": 400\n}","cookie":[],"_postman_previewlanguage":"json"},{"id":"924f70c0-a16a-4910-b0ad-36ec184d095c","name":"Unacceptable","originalRequest":{"url":{"path":["v1","accounts","transactions","search"],"host":["{{baseUrl}}"],"query":[{"key":"filter","value":"summary,detail"},{"key":"pageOffset","value":"2"},{"key":"pageLimit","value":"50"}],"variable":[]},"header":[{"description":{"content":"Added as a part of security scheme: bearer","type":"text/plain"},"key":"Authorization","value":"Bearer <token>"},{"disabled":false,"description":"(Required) Retrieve an access token through the Access Token API. Access token is required in every request. Refer to documentation on access token  (https://card.developer.fiserv.com/apis/token).Tokens expire after 15 minutes. Provide the value as follows in the header. Authorization:: Bearer <Access Token Value>","key":"Authorization","value":"Bearer USlfM8dilzKZPcuGGP3BfVLd7Snk"},{"disabled":false,"description":"Optional. User on behalf of whom the request is being made. userId must be alphanumeric.","key":"userId","value":"johndoe"},{"disabled":false,"description":"(Required) Required. Provide 8 digit client id","key":"x-fapi-financial-id","value":"<string>"},{"key":"Accept","value":"application/json"}],"method":"POST","body":{"mode":"raw","raw":"{\n  \"accountNumber\": \"123456789\",\n  \"filterCriteria\": [\n    {\n      \"filterBy\": \"<string>\",\n      \"filterValue\": \"<string>\"\n    },\n    {\n      \"filterBy\": \"<string>\",\n      \"filterValue\": \"<string>\"\n    }\n  ]\n}","options":{"raw":{"language":"json"}}}},"status":"Not Acceptable","code":406,"header":[{"disabled":false,"description":"unique transaction ID created for each request for tracking purposes","key":"x-fapi-interaction-id","value":"95ad42fb-afd1-2121-b794-3ed29342ks42"},{"key":"Content-Type","value":"application/json"}],"body":"{\n  \"type\": \"https://card.developer.fiserv.com/cards/error#invalid-request\",\n  \"title\": \"Invalid Request\",\n  \"detail\": \"We had a problem getting your credit and debit card information.\",\n  \"instance\": \"/v1/entity/example\",\n  \"status\": 400\n}","cookie":[],"_postman_previewlanguage":"json"},{"id":"e918ffc8-5150-445f-8f89-ca9a9721e17e","name":"Unsupported Media Type","originalRequest":{"url":{"path":["v1","accounts","transactions","search"],"host":["{{baseUrl}}"],"query":[{"key":"filter","value":"summary,detail"},{"key":"pageOffset","value":"2"},{"key":"pageLimit","value":"50"}],"variable":[]},"header":[{"description":{"content":"Added as a part of security scheme: bearer","type":"text/plain"},"key":"Authorization","value":"Bearer <token>"},{"disabled":false,"description":"(Required) Retrieve an access token through the Access Token API. Access token is required in every request. Refer to documentation on access token  (https://card.developer.fiserv.com/apis/token).Tokens expire after 15 minutes. Provide the value as follows in the header. Authorization:: Bearer <Access Token Value>","key":"Authorization","value":"Bearer USlfM8dilzKZPcuGGP3BfVLd7Snk"},{"disabled":false,"description":"Optional. User on behalf of whom the request is being made. userId must be alphanumeric.","key":"userId","value":"johndoe"},{"disabled":false,"description":"(Required) Required. Provide 8 digit client id","key":"x-fapi-financial-id","value":"<string>"},{"key":"Accept","value":"application/json"}],"method":"POST","body":{"mode":"raw","raw":"{\n  \"accountNumber\": \"123456789\",\n  \"filterCriteria\": [\n    {\n      \"filterBy\": \"<string>\",\n      \"filterValue\": \"<string>\"\n    },\n    {\n      \"filterBy\": \"<string>\",\n      \"filterValue\": \"<string>\"\n    }\n  ]\n}","options":{"raw":{"language":"json"}}}},"status":"Unsupported Media Type","code":415,"header":[{"disabled":false,"description":"unique transaction ID created for each request for tracking purposes","key":"x-fapi-interaction-id","value":"95ad42fb-afd1-2121-b794-3ed29342ks42"},{"key":"Content-Type","value":"application/json"}],"body":"{\n  \"type\": \"https://card.developer.fiserv.com/cards/error#invalid-request\",\n  \"title\": \"Invalid Request\",\n  \"detail\": \"We had a problem getting your credit and debit card information.\",\n  \"instance\": \"/v1/entity/example\",\n  \"status\": 400\n}","cookie":[],"_postman_previewlanguage":"json"},{"id":"08ade98e-990d-4fb0-846f-85a96f7978cf","name":"Unprocessable Entity","originalRequest":{"url":{"path":["v1","accounts","transactions","search"],"host":["{{baseUrl}}"],"query":[{"key":"filter","value":"summary,detail"},{"key":"pageOffset","value":"2"},{"key":"pageLimit","value":"50"}],"variable":[]},"header":[{"description":{"content":"Added as a part of security scheme: bearer","type":"text/plain"},"key":"Authorization","value":"Bearer <token>"},{"disabled":false,"description":"(Required) Retrieve an access token through the Access Token API. Access token is required in every request. Refer to documentation on access token  (https://card.developer.fiserv.com/apis/token).Tokens expire after 15 minutes. Provide the value as follows in the header. Authorization:: Bearer <Access Token Value>","key":"Authorization","value":"Bearer USlfM8dilzKZPcuGGP3BfVLd7Snk"},{"disabled":false,"description":"Optional. User on behalf of whom the request is being made. userId must be alphanumeric.","key":"userId","value":"johndoe"},{"disabled":false,"description":"(Required) Required. Provide 8 digit client id","key":"x-fapi-financial-id","value":"<string>"},{"key":"Accept","value":"application/json"}],"method":"POST","body":{"mode":"raw","raw":"{\n  \"accountNumber\": \"123456789\",\n  \"filterCriteria\": [\n    {\n      \"filterBy\": \"<string>\",\n      \"filterValue\": \"<string>\"\n    },\n    {\n      \"filterBy\": \"<string>\",\n      \"filterValue\": \"<string>\"\n    }\n  ]\n}","options":{"raw":{"language":"json"}}}},"status":"Unprocessable Entity (WebDAV) (RFC 4918)","code":422,"header":[{"disabled":false,"description":"unique transaction ID created for each request for tracking purposes","key":"x-fapi-interaction-id","value":"95ad42fb-afd1-2121-b794-3ed29342ks42"},{"key":"Content-Type","value":"application/json"}],"body":"{\n  \"type\": \"https://card.developer.fiserv.com/cards/error#invalid-request\",\n  \"title\": \"Invalid Request\",\n  \"detail\": \"We had a problem getting your credit and debit card information.\",\n  \"instance\": \"/v1/entity/example\",\n  \"status\": 400\n}","cookie":[],"_postman_previewlanguage":"json"},{"id":"616704cc-1e74-4267-86c2-a959a3d84946","name":"Too Many Requests","originalRequest":{"url":{"path":["v1","accounts","transactions","search"],"host":["{{baseUrl}}"],"query":[{"key":"filter","value":"summary,detail"},{"key":"pageOffset","value":"2"},{"key":"pageLimit","value":"50"}],"variable":[]},"header":[{"description":{"content":"Added as a part of security scheme: bearer","type":"text/plain"},"key":"Authorization","value":"Bearer <token>"},{"disabled":false,"description":"(Required) Retrieve an access token through the Access Token API. Access token is required in every request. Refer to documentation on access token  (https://card.developer.fiserv.com/apis/token).Tokens expire after 15 minutes. Provide the value as follows in the header. Authorization:: Bearer <Access Token Value>","key":"Authorization","value":"Bearer USlfM8dilzKZPcuGGP3BfVLd7Snk"},{"disabled":false,"description":"Optional. User on behalf of whom the request is being made. userId must be alphanumeric.","key":"userId","value":"johndoe"},{"disabled":false,"description":"(Required) Required. Provide 8 digit client id","key":"x-fapi-financial-id","value":"<string>"},{"key":"Accept","value":"application/json"}],"method":"POST","body":{"mode":"raw","raw":"{\n  \"accountNumber\": \"123456789\",\n  \"filterCriteria\": [\n    {\n      \"filterBy\": \"<string>\",\n      \"filterValue\": \"<string>\"\n    },\n    {\n      \"filterBy\": \"<string>\",\n      \"filterValue\": \"<string>\"\n    }\n  ]\n}","options":{"raw":{"language":"json"}}}},"status":"Too Many Requests","code":429,"header":[{"disabled":false,"description":"unique transaction ID created for each request for tracking purposes","key":"x-fapi-interaction-id","value":"95ad42fb-afd1-2121-b794-3ed29342ks42"},{"key":"Content-Type","value":"application/json"}],"body":"{\n  \"type\": \"https://card.developer.fiserv.com/cards/error#invalid-request\",\n  \"title\": \"Invalid Request\",\n  \"detail\": \"We had a problem getting your credit and debit card information.\",\n  \"instance\": \"/v1/entity/example\",\n  \"status\": 400\n}","cookie":[],"_postman_previewlanguage":"json"},{"id":"fda6718a-3c71-4ae4-8d1f-c76bedbef080","name":"Internal Server Error","originalRequest":{"url":{"path":["v1","accounts","transactions","search"],"host":["{{baseUrl}}"],"query":[{"key":"filter","value":"summary,detail"},{"key":"pageOffset","value":"2"},{"key":"pageLimit","value":"50"}],"variable":[]},"header":[{"description":{"content":"Added as a part of security scheme: bearer","type":"text/plain"},"key":"Authorization","value":"Bearer <token>"},{"disabled":false,"description":"(Required) Retrieve an access token through the Access Token API. Access token is required in every request. Refer to documentation on access token  (https://card.developer.fiserv.com/apis/token).Tokens expire after 15 minutes. Provide the value as follows in the header. Authorization:: Bearer <Access Token Value>","key":"Authorization","value":"Bearer USlfM8dilzKZPcuGGP3BfVLd7Snk"},{"disabled":false,"description":"Optional. User on behalf of whom the request is being made. userId must be alphanumeric.","key":"userId","value":"johndoe"},{"disabled":false,"description":"(Required) Required. Provide 8 digit client id","key":"x-fapi-financial-id","value":"<string>"},{"key":"Accept","value":"application/json"}],"method":"POST","body":{"mode":"raw","raw":"{\n  \"accountNumber\": \"123456789\",\n  \"filterCriteria\": [\n    {\n      \"filterBy\": \"<string>\",\n      \"filterValue\": \"<string>\"\n    },\n    {\n      \"filterBy\": \"<string>\",\n      \"filterValue\": \"<string>\"\n    }\n  ]\n}","options":{"raw":{"language":"json"}}}},"status":"Internal Server Error","code":500,"header":[{"disabled":false,"description":"unique transaction ID created for each request for tracking purposes","key":"x-fapi-interaction-id","value":"95ad42fb-afd1-2121-b794-3ed29342ks42"},{"key":"Content-Type","value":"application/json"}],"body":"{\n  \"errorResponse\": {\n    \"code\": \"500-01\",\n    \"message\": \"internal server error\",\n    \"developerInfo\": {\n      \"developerMessage\": \"internal server error\",\n      \"moreInfo\": \"There was a problem handling your request.  Please try again.  If the problem persists please contact Fiserv ETSD at 888-243-2543 (you unique messageID included below)\",\n      \"messageid\": \"25557-84290371-1\"\n    }\n  }\n}","cookie":[],"_postman_previewlanguage":"json"}],"event":[],"protocolProfileBehavior":{"disableBodyPruning":true}}],"event":[]}],"event":[],"variable":[{"type":"string","value":"https://card.api.fiservapps.com/cs/accounts","key":"baseUrl"}],"auth":{"type":"bearer","bearer":[{"key":"token","value":"{{bearerToken}}"}]},"info":{"_postman_id":"c3dcc69d-d42f-4e83-b5a2-5ec180b53feb","name":"Accounts","schema":"https://schema.getpostman.com/json/collection/v2.1.0/collection.json","description":{"content":"Accounts Domain. All times will be in UTC standards.","type":"text/plain"}}}