{"item":[{"id":"e5d91dfe-8088-47be-a123-a4144c0e051b","name":"v1/accounts","item":[{"id":"8248bcd7-4ba8-4545-8a62-4bff0df1f18a","name":"Returns account information for the given account number based on the filter criteria passed which could be either 'summary' or 'detail'. Applies for credit only.","request":{"name":"Returns account information for the given account number based on the filter criteria passed which could be either 'summary' or 'detail'. Applies for credit only.","description":{},"url":{"path":["v1","accounts","search"],"host":["{{baseUrl}}"],"query":[{"disabled":false,"key":"filter","value":"<string>","description":"Retrieve summary or detail response for account search results. Defaults to 'summary'. \n\nfilter value of 'summary' only includes these fields  \n- accountType  \n- description \n- customerName  \n- association  \n- accountStatus  \n\nfilter value of 'detail' includes all the fields in the response.\n"}],"variable":[]},"header":[{"disabled":false,"description":"User on behalf of whom the request is being made. userId must be alphanumeric.","key":"x-fapi-userId","value":"<string>"},{"disabled":false,"description":"(Required) The 8-digit unique financial institute id assigned to each FI by Fiserv.","key":"x-fapi-financial-id","value":"<string>"},{"key":"Content-Type","value":"application/json"},{"key":"Accept","value":"application/json"}],"method":"POST","auth":null,"body":{"mode":"raw","raw":"{\n  \"accountNumber\": \"<string>\"\n}","options":{"raw":{"language":"json"}}}},"response":[{"id":"5b2460b9-e911-48fe-8e82-b62301f0741f","name":"OK","originalRequest":{"url":{"path":["v1","accounts","search"],"host":["{{baseUrl}}"],"query":[{"key":"filter","value":"summary"}],"variable":[]},"header":[{"description":{"content":"Added as a part of security scheme: bearer","type":"text/plain"},"key":"Authorization","value":"Bearer <token>"},{"disabled":false,"description":"(Required) Retrieve an access token through the Access Token API. Access token is required in every request. Refer to documentation on access token (https://card.developer.fiserv.com/apis/token). Tokens expire after 15 minutes. Provide the value as follows in the header. Authorization: Bearer <Access Token Value>","key":"Authorization","value":"Bearer USlfM8dilzKZPcuGGP3BfVLd7Snk"},{"disabled":false,"description":"User on behalf of whom the request is being made. userId must be alphanumeric.","key":"x-fapi-userId","value":"JOHNDOE"},{"disabled":false,"description":"(Required) The 8-digit unique financial institute id assigned to each FI by Fiserv.","key":"x-fapi-financial-id","value":"00123456"},{"key":"Accept","value":"application/json"}],"method":"POST","body":{"mode":"raw","raw":"{\n  \"accountNumber\": \"123456789\"\n}","options":{"raw":{"language":"json"}}}},"status":"OK","code":200,"header":[{"key":"Content-Type","value":"application/json"}],"body":"{\n  \"accountType\": \"Consumer\",\n  \"description\": \"VISA Classic\",\n  \"customerName\": \"Doe, Jesse H\",\n  \"association\": \"PRIMARY\",\n  \"accountStatus\": \"NORMAL\"\n}","cookie":[],"_postman_previewlanguage":"json"},{"id":"82876672-e8c1-48e3-9d19-6523696805e0","name":"Invalid Request","originalRequest":{"url":{"path":["v1","accounts","search"],"host":["{{baseUrl}}"],"query":[{"key":"filter","value":"summary"}],"variable":[]},"header":[{"description":{"content":"Added as a part of security scheme: bearer","type":"text/plain"},"key":"Authorization","value":"Bearer <token>"},{"disabled":false,"description":"(Required) Retrieve an access token through the Access Token API. Access token is required in every request. Refer to documentation on access token (https://card.developer.fiserv.com/apis/token). Tokens expire after 15 minutes. Provide the value as follows in the header. Authorization: Bearer <Access Token Value>","key":"Authorization","value":"Bearer USlfM8dilzKZPcuGGP3BfVLd7Snk"},{"disabled":false,"description":"User on behalf of whom the request is being made. userId must be alphanumeric.","key":"x-fapi-userId","value":"JOHNDOE"},{"disabled":false,"description":"(Required) The 8-digit unique financial institute id assigned to each FI by Fiserv.","key":"x-fapi-financial-id","value":"00123456"},{"key":"Accept","value":"application/json"}],"method":"POST","body":{"mode":"raw","raw":"{\n  \"accountNumber\": \"123456789\"\n}","options":{"raw":{"language":"json"}}}},"status":"Bad Request","code":400,"header":[{"disabled":false,"description":"unique transaction ID created for each request for tracking purposes","key":"x-fapi-interaction-id","value":"95ad42fb-afd1-2121-b794-3ed29342ks42"},{"key":"Content-Type","value":"application/json"}],"body":"{\n  \"type\": \"https://card.developer.fiserv.com/cards/error#bad-request\",\n  \"title\": \"Bad Request\",\n  \"detail\": \"accountNumber is required.\",\n  \"instance\": \"/v1/accounts/search\",\n  \"status\": 400\n}","cookie":[],"_postman_previewlanguage":"json"},{"id":"e2751edb-aba2-424a-9b88-173e3b699b54","name":"Unauthorized access","originalRequest":{"url":{"path":["v1","accounts","search"],"host":["{{baseUrl}}"],"query":[{"key":"filter","value":"summary"}],"variable":[]},"header":[{"description":{"content":"Added as a part of security scheme: bearer","type":"text/plain"},"key":"Authorization","value":"Bearer <token>"},{"disabled":false,"description":"(Required) Retrieve an access token through the Access Token API. Access token is required in every request. Refer to documentation on access token (https://card.developer.fiserv.com/apis/token). Tokens expire after 15 minutes. Provide the value as follows in the header. Authorization: Bearer <Access Token Value>","key":"Authorization","value":"Bearer USlfM8dilzKZPcuGGP3BfVLd7Snk"},{"disabled":false,"description":"User on behalf of whom the request is being made. userId must be alphanumeric.","key":"x-fapi-userId","value":"JOHNDOE"},{"disabled":false,"description":"(Required) The 8-digit unique financial institute id assigned to each FI by Fiserv.","key":"x-fapi-financial-id","value":"00123456"},{"key":"Accept","value":"application/json"}],"method":"POST","body":{"mode":"raw","raw":"{\n  \"accountNumber\": \"123456789\"\n}","options":{"raw":{"language":"json"}}}},"status":"Unauthorized","code":401,"header":[{"disabled":false,"description":"unique transaction ID created for each request for tracking purposes","key":"x-fapi-interaction-id","value":"95ad42fb-afd1-2121-b794-3ed29342ks42"},{"key":"Content-Type","value":"application/json"}],"body":"{\n  \"type\": \"https://card.developer.fiserv.com/cards/error#unauthorized\",\n  \"title\": \"Unauthorized\",\n  \"detail\": \"Invalid Access Token\",\n  \"instance\": \"/v1/accounts/search\",\n  \"status\": 401\n}","cookie":[],"_postman_previewlanguage":"json"},{"id":"b7508b37-56dc-4dc5-8dcc-ea6ab0236b2d","name":"Forbidden","originalRequest":{"url":{"path":["v1","accounts","search"],"host":["{{baseUrl}}"],"query":[{"key":"filter","value":"summary"}],"variable":[]},"header":[{"description":{"content":"Added as a part of security scheme: bearer","type":"text/plain"},"key":"Authorization","value":"Bearer <token>"},{"disabled":false,"description":"(Required) Retrieve an access token through the Access Token API. Access token is required in every request. Refer to documentation on access token (https://card.developer.fiserv.com/apis/token). Tokens expire after 15 minutes. Provide the value as follows in the header. Authorization: Bearer <Access Token Value>","key":"Authorization","value":"Bearer USlfM8dilzKZPcuGGP3BfVLd7Snk"},{"disabled":false,"description":"User on behalf of whom the request is being made. userId must be alphanumeric.","key":"x-fapi-userId","value":"JOHNDOE"},{"disabled":false,"description":"(Required) The 8-digit unique financial institute id assigned to each FI by Fiserv.","key":"x-fapi-financial-id","value":"00123456"},{"key":"Accept","value":"application/json"}],"method":"POST","body":{"mode":"raw","raw":"{\n  \"accountNumber\": \"123456789\"\n}","options":{"raw":{"language":"json"}}}},"status":"Forbidden","code":403,"header":[{"disabled":false,"description":"unique transaction ID created for each request for tracking purposes","key":"x-fapi-interaction-id","value":"95ad42fb-afd1-2121-b794-3ed29342ks42"},{"key":"Content-Type","value":"application/json"}],"body":"{\n  \"type\": \"https://card.developer.fiserv.com/cards/error#forbidden\",\n  \"title\": \"Forbidden\",\n  \"detail\": \"Unauthorized to perform request.\",\n  \"instance\": \"/v1/accounts/search\",\n  \"status\": 403\n}","cookie":[],"_postman_previewlanguage":"json"},{"id":"fd4655c5-9b0c-4f77-a75f-45f235370216","name":"Not Found","originalRequest":{"url":{"path":["v1","accounts","search"],"host":["{{baseUrl}}"],"query":[{"key":"filter","value":"summary"}],"variable":[]},"header":[{"description":{"content":"Added as a part of security scheme: bearer","type":"text/plain"},"key":"Authorization","value":"Bearer <token>"},{"disabled":false,"description":"(Required) Retrieve an access token through the Access Token API. Access token is required in every request. Refer to documentation on access token (https://card.developer.fiserv.com/apis/token). Tokens expire after 15 minutes. Provide the value as follows in the header. Authorization: Bearer <Access Token Value>","key":"Authorization","value":"Bearer USlfM8dilzKZPcuGGP3BfVLd7Snk"},{"disabled":false,"description":"User on behalf of whom the request is being made. userId must be alphanumeric.","key":"x-fapi-userId","value":"JOHNDOE"},{"disabled":false,"description":"(Required) The 8-digit unique financial institute id assigned to each FI by Fiserv.","key":"x-fapi-financial-id","value":"00123456"},{"key":"Accept","value":"application/json"}],"method":"POST","body":{"mode":"raw","raw":"{\n  \"accountNumber\": \"123456789\"\n}","options":{"raw":{"language":"json"}}}},"status":"Not Found","code":404,"header":[{"disabled":false,"description":"unique transaction ID created for each request for tracking purposes","key":"x-fapi-interaction-id","value":"95ad42fb-afd1-2121-b794-3ed29342ks42"},{"key":"Content-Type","value":"application/json"}],"body":"{\n  \"type\": \"https://card.developer.fiserv.com/cards/error#resource-not-found\",\n  \"title\": \"Resource Not Found\",\n  \"detail\": \"No matching search results found or you do not have sufficient access rights to get search results matching your criteria.\",\n  \"instance\": \"/v1/accounts/search\",\n  \"status\": 404\n}","cookie":[],"_postman_previewlanguage":"json"},{"id":"c411a7ed-c6b9-4a7d-ae04-d630149df3cf","name":"Unacceptable","originalRequest":{"url":{"path":["v1","accounts","search"],"host":["{{baseUrl}}"],"query":[{"key":"filter","value":"summary"}],"variable":[]},"header":[{"description":{"content":"Added as a part of security scheme: bearer","type":"text/plain"},"key":"Authorization","value":"Bearer <token>"},{"disabled":false,"description":"(Required) Retrieve an access token through the Access Token API. Access token is required in every request. Refer to documentation on access token (https://card.developer.fiserv.com/apis/token). Tokens expire after 15 minutes. Provide the value as follows in the header. Authorization: Bearer <Access Token Value>","key":"Authorization","value":"Bearer USlfM8dilzKZPcuGGP3BfVLd7Snk"},{"disabled":false,"description":"User on behalf of whom the request is being made. userId must be alphanumeric.","key":"x-fapi-userId","value":"JOHNDOE"},{"disabled":false,"description":"(Required) The 8-digit unique financial institute id assigned to each FI by Fiserv.","key":"x-fapi-financial-id","value":"00123456"},{"key":"Accept","value":"application/json"}],"method":"POST","body":{"mode":"raw","raw":"{\n  \"accountNumber\": \"123456789\"\n}","options":{"raw":{"language":"json"}}}},"status":"Not Acceptable","code":406,"header":[{"disabled":false,"description":"unique transaction ID created for each request for tracking purposes","key":"x-fapi-interaction-id","value":"95ad42fb-afd1-2121-b794-3ed29342ks42"},{"key":"Content-Type","value":"application/json"}],"body":"{\n  \"type\": \"https://card.developer.fiserv.com/cards/error#not-acceptable\",\n  \"title\": \"Not Acceptable\",\n  \"detail\": \"The content type being requested is not provided by this service.\",\n  \"instance\": \"/v1/accounts/search\",\n  \"status\": 406\n}","cookie":[],"_postman_previewlanguage":"json"},{"id":"e16bf074-4764-4f9e-ad4b-2aecc4b55610","name":"Unsupported Media Type","originalRequest":{"url":{"path":["v1","accounts","search"],"host":["{{baseUrl}}"],"query":[{"key":"filter","value":"summary"}],"variable":[]},"header":[{"description":{"content":"Added as a part of security scheme: bearer","type":"text/plain"},"key":"Authorization","value":"Bearer <token>"},{"disabled":false,"description":"(Required) Retrieve an access token through the Access Token API. Access token is required in every request. Refer to documentation on access token (https://card.developer.fiserv.com/apis/token). Tokens expire after 15 minutes. Provide the value as follows in the header. Authorization: Bearer <Access Token Value>","key":"Authorization","value":"Bearer USlfM8dilzKZPcuGGP3BfVLd7Snk"},{"disabled":false,"description":"User on behalf of whom the request is being made. userId must be alphanumeric.","key":"x-fapi-userId","value":"JOHNDOE"},{"disabled":false,"description":"(Required) The 8-digit unique financial institute id assigned to each FI by Fiserv.","key":"x-fapi-financial-id","value":"00123456"},{"key":"Accept","value":"application/json"}],"method":"POST","body":{"mode":"raw","raw":"{\n  \"accountNumber\": \"123456789\"\n}","options":{"raw":{"language":"json"}}}},"status":"Unsupported Media Type","code":415,"header":[{"disabled":false,"description":"unique transaction ID created for each request for tracking purposes","key":"x-fapi-interaction-id","value":"95ad42fb-afd1-2121-b794-3ed29342ks42"},{"key":"Content-Type","value":"application/json"}],"body":"{\n  \"type\": \"https://card.developer.fiserv.com/cards/error#unsupported-mediatype\",\n  \"title\": \"Unsupported Media type\",\n  \"detail\": \"The payload format is unsupported.\",\n  \"instance\": \"/v1/accounts/search\",\n  \"status\": 415\n}","cookie":[],"_postman_previewlanguage":"json"},{"id":"a45a0d33-657d-47e9-88e1-ff988390a87b","name":"Unprocessable Entity","originalRequest":{"url":{"path":["v1","accounts","search"],"host":["{{baseUrl}}"],"query":[{"key":"filter","value":"summary"}],"variable":[]},"header":[{"description":{"content":"Added as a part of security scheme: bearer","type":"text/plain"},"key":"Authorization","value":"Bearer <token>"},{"disabled":false,"description":"(Required) Retrieve an access token through the Access Token API. Access token is required in every request. Refer to documentation on access token (https://card.developer.fiserv.com/apis/token). Tokens expire after 15 minutes. Provide the value as follows in the header. Authorization: Bearer <Access Token Value>","key":"Authorization","value":"Bearer USlfM8dilzKZPcuGGP3BfVLd7Snk"},{"disabled":false,"description":"User on behalf of whom the request is being made. userId must be alphanumeric.","key":"x-fapi-userId","value":"JOHNDOE"},{"disabled":false,"description":"(Required) The 8-digit unique financial institute id assigned to each FI by Fiserv.","key":"x-fapi-financial-id","value":"00123456"},{"key":"Accept","value":"application/json"}],"method":"POST","body":{"mode":"raw","raw":"{\n  \"accountNumber\": \"123456789\"\n}","options":{"raw":{"language":"json"}}}},"status":"Unprocessable Entity (WebDAV) (RFC 4918)","code":422,"header":[{"disabled":false,"description":"unique transaction ID created for each request for tracking purposes","key":"x-fapi-interaction-id","value":"95ad42fb-afd1-2121-b794-3ed29342ks42"},{"key":"Content-Type","value":"application/json"}],"body":"{\n  \"type\": \"https://card.developer.fiserv.com/cards/error#unprocessable-content\",\n  \"title\": \"Unprocessable Content\",\n  \"detail\": \"The service was not able to process this request.\",\n  \"instance\": \"/v1/accounts/search\",\n  \"status\": 422\n}","cookie":[],"_postman_previewlanguage":"json"},{"id":"4f28f0be-5774-48fc-b370-3434883bc477","name":"Internal Server Error","originalRequest":{"url":{"path":["v1","accounts","search"],"host":["{{baseUrl}}"],"query":[{"key":"filter","value":"summary"}],"variable":[]},"header":[{"description":{"content":"Added as a part of security scheme: bearer","type":"text/plain"},"key":"Authorization","value":"Bearer <token>"},{"disabled":false,"description":"(Required) Retrieve an access token through the Access Token API. Access token is required in every request. Refer to documentation on access token (https://card.developer.fiserv.com/apis/token). Tokens expire after 15 minutes. Provide the value as follows in the header. Authorization: Bearer <Access Token Value>","key":"Authorization","value":"Bearer USlfM8dilzKZPcuGGP3BfVLd7Snk"},{"disabled":false,"description":"User on behalf of whom the request is being made. userId must be alphanumeric.","key":"x-fapi-userId","value":"JOHNDOE"},{"disabled":false,"description":"(Required) The 8-digit unique financial institute id assigned to each FI by Fiserv.","key":"x-fapi-financial-id","value":"00123456"},{"key":"Accept","value":"application/json"}],"method":"POST","body":{"mode":"raw","raw":"{\n  \"accountNumber\": \"123456789\"\n}","options":{"raw":{"language":"json"}}}},"status":"Internal Server Error","code":500,"header":[{"disabled":false,"description":"unique transaction ID created for each request for tracking purposes","key":"x-fapi-interaction-id","value":"95ad42fb-afd1-2121-b794-3ed29342ks42"},{"key":"Content-Type","value":"application/json"}],"body":"{\n  \"errorResponse\": {\n    \"code\": \"500-01\",\n    \"message\": \"internal server error\",\n    \"developerInfo\": {\n      \"developerMessage\": \"internal server error\",\n      \"moreInfo\": \"There was a problem handling your request. Please try again. If the problem persists please contact Support\",\n      \"messageid\": \"25557-84290371-1\"\n    }\n  }\n}","cookie":[],"_postman_previewlanguage":"json"}],"event":[],"protocolProfileBehavior":{"disableBodyPruning":true}},{"id":"42273d21-bd85-41ba-898d-0adc9b23a2a7","name":"Returns the limit values for a given account.","request":{"name":"Returns the limit values for a given account.","description":{},"url":{"path":["v1","accounts","limits","search"],"host":["{{baseUrl}}"],"query":[],"variable":[]},"header":[{"disabled":false,"description":"Optional. User on behalf of whom the request is being made. userId must be alphanumeric.","key":"userId","value":"<string>"},{"disabled":false,"description":"(Required) Required. Provide 8 digit client id","key":"x-fapi-financial-id","value":"<string>"},{"key":"Content-Type","value":"application/json"},{"key":"Accept","value":"application/json"}],"method":"POST","auth":null,"body":{"mode":"raw","raw":"{\n  \"accountNumber\": \"<string>\"\n}","options":{"raw":{"language":"json"}}}},"response":[{"id":"bb0ad498-d048-4b66-8860-d3d09a1ffd6c","name":"OK","originalRequest":{"url":{"path":["v1","accounts","limits","search"],"host":["{{baseUrl}}"],"query":[],"variable":[]},"header":[{"description":{"content":"Added as a part of security scheme: bearer","type":"text/plain"},"key":"Authorization","value":"Bearer <token>"},{"disabled":false,"description":"(Required) Retrieve an access token through the Access Token API. Access token is required in every request. Refer to documentation on access token  (https://card.developer.fiserv.com/apis/token).Tokens expire after 15 minutes. Provide the value as follows in the header. Authorization:: Bearer <Access Token Value>","key":"Authorization","value":"Bearer USlfM8dilzKZPcuGGP3BfVLd7Snk"},{"disabled":false,"description":"Optional. User on behalf of whom the request is being made. userId must be alphanumeric.","key":"userId","value":"johndoe"},{"disabled":false,"description":"(Required) Required. Provide 8 digit client id","key":"x-fapi-financial-id","value":"<string>"},{"key":"Accept","value":"application/json"}],"method":"POST","body":{"mode":"raw","raw":"{\n  \"accountNumber\": \"12345678\"\n}","options":{"raw":{"language":"json"}}}},"status":"OK","code":200,"header":[{"key":"Content-Type","value":"application/json"}],"body":"{\n  \"currentBalanceAmount\": \"3000.00\",\n  \"creditLimitAmount\": \"3000.00\",\n  \"availableCreditAmount\": \"3000.00\",\n  \"cashLimitAmount\": \"3000.00\",\n  \"availableCashAmount\": \"3000.00\",\n  \"creditLineMaximumAmount\": \"3000.00\",\n  \"temporaryCreditLine\": true,\n  \"previousCreditLimitAmount\": \"2000.00\",\n  \"temporaryCreditLimitAmount\": \"200.00\",\n  \"temporaryCreditLineEndDate\": \"2023-09-09\",\n  \"billingCycle\": \"10\",\n  \"billingLevel\": \"Individual\",\n  \"lastpermanentCreditLimit\": \"1000.00\",\n  \"lastPermanentCreditLimitDate\": \"2022-09-08\",\n  \"highBalanceDate\": \"2022-09-07\",\n  \"highBalanceAmount\": \"2000.0\"\n}","cookie":[],"_postman_previewlanguage":"json"},{"id":"3400aa67-5ed8-48c4-b216-60c690571306","name":"Invalid Request","originalRequest":{"url":{"path":["v1","accounts","limits","search"],"host":["{{baseUrl}}"],"query":[],"variable":[]},"header":[{"description":{"content":"Added as a part of security scheme: bearer","type":"text/plain"},"key":"Authorization","value":"Bearer <token>"},{"disabled":false,"description":"(Required) Retrieve an access token through the Access Token API. Access token is required in every request. Refer to documentation on access token  (https://card.developer.fiserv.com/apis/token).Tokens expire after 15 minutes. Provide the value as follows in the header. Authorization:: Bearer <Access Token Value>","key":"Authorization","value":"Bearer USlfM8dilzKZPcuGGP3BfVLd7Snk"},{"disabled":false,"description":"Optional. User on behalf of whom the request is being made. userId must be alphanumeric.","key":"userId","value":"johndoe"},{"disabled":false,"description":"(Required) Required. Provide 8 digit client id","key":"x-fapi-financial-id","value":"<string>"},{"key":"Accept","value":"application/json"}],"method":"POST","body":{"mode":"raw","raw":"{\n  \"accountNumber\": \"12345678\"\n}","options":{"raw":{"language":"json"}}}},"status":"Bad Request","code":400,"header":[{"disabled":false,"description":"unique transaction ID created for each request for tracking purposes","key":"x-fapi-interaction-id","value":"95ad42fb-afd1-2121-b794-3ed29342ks42"},{"key":"Content-Type","value":"application/json"}],"body":"{\n  \"type\": \"Input Validation Exception\",\n  \"title\": \"Bad Request\",\n  \"detail\": \"CONTENT-TYPE header required. Supported content-type is application/json\",\n  \"instance\": \"/api/basepath\",\n  \"status\": 400\n}","cookie":[],"_postman_previewlanguage":"json"},{"id":"8e00f715-2b21-4c95-9b76-5c9213f8e18e","name":"Unauthorized access","originalRequest":{"url":{"path":["v1","accounts","limits","search"],"host":["{{baseUrl}}"],"query":[],"variable":[]},"header":[{"description":{"content":"Added as a part of security scheme: bearer","type":"text/plain"},"key":"Authorization","value":"Bearer <token>"},{"disabled":false,"description":"(Required) Retrieve an access token through the Access Token API. Access token is required in every request. Refer to documentation on access token  (https://card.developer.fiserv.com/apis/token).Tokens expire after 15 minutes. Provide the value as follows in the header. Authorization:: Bearer <Access Token Value>","key":"Authorization","value":"Bearer USlfM8dilzKZPcuGGP3BfVLd7Snk"},{"disabled":false,"description":"Optional. User on behalf of whom the request is being made. userId must be alphanumeric.","key":"userId","value":"johndoe"},{"disabled":false,"description":"(Required) Required. Provide 8 digit client id","key":"x-fapi-financial-id","value":"<string>"},{"key":"Accept","value":"application/json"}],"method":"POST","body":{"mode":"raw","raw":"{\n  \"accountNumber\": \"12345678\"\n}","options":{"raw":{"language":"json"}}}},"status":"Unauthorized","code":401,"header":[{"disabled":false,"description":"unique transaction ID created for each request for tracking purposes","key":"x-fapi-interaction-id","value":"95ad42fb-afd1-2121-b794-3ed29342ks42"},{"key":"Content-Type","value":"application/json"}],"body":"{\n  \"type\": \"https://card.developer.fiserv.com/cards/error#unauthorized\",\n  \"title\": \"Unauthorized\",\n  \"detail\": \"Invalid Access Token\",\n  \"instance\": \"/api/basepath\",\n  \"status\": 401\n}","cookie":[],"_postman_previewlanguage":"json"},{"id":"57cdbc2f-f377-41c8-8156-d4fb2b8bd9b5","name":"Forbidden","originalRequest":{"url":{"path":["v1","accounts","limits","search"],"host":["{{baseUrl}}"],"query":[],"variable":[]},"header":[{"description":{"content":"Added as a part of security scheme: bearer","type":"text/plain"},"key":"Authorization","value":"Bearer <token>"},{"disabled":false,"description":"(Required) Retrieve an access token through the Access Token API. Access token is required in every request. Refer to documentation on access token  (https://card.developer.fiserv.com/apis/token).Tokens expire after 15 minutes. Provide the value as follows in the header. Authorization:: Bearer <Access Token Value>","key":"Authorization","value":"Bearer USlfM8dilzKZPcuGGP3BfVLd7Snk"},{"disabled":false,"description":"Optional. User on behalf of whom the request is being made. userId must be alphanumeric.","key":"userId","value":"johndoe"},{"disabled":false,"description":"(Required) Required. Provide 8 digit client id","key":"x-fapi-financial-id","value":"<string>"},{"key":"Accept","value":"application/json"}],"method":"POST","body":{"mode":"raw","raw":"{\n  \"accountNumber\": \"12345678\"\n}","options":{"raw":{"language":"json"}}}},"status":"Forbidden","code":403,"header":[{"disabled":false,"description":"unique transaction ID created for each request for tracking purposes","key":"x-fapi-interaction-id","value":"95ad42fb-afd1-2121-b794-3ed29342ks42"},{"key":"Content-Type","value":"application/json"}],"body":"{\n  \"type\": \"https://card.developer.fiserv.com/cards/error#forbidden\",\n  \"title\": \"Forbidden\",\n  \"detail\": \"Authorization failure\",\n  \"instance\": \"/api/basepath\",\n  \"status\": 403\n}","cookie":[],"_postman_previewlanguage":"json"},{"id":"223e865c-1e77-4f84-8e0e-d4bc1139596f","name":"Not Found","originalRequest":{"url":{"path":["v1","accounts","limits","search"],"host":["{{baseUrl}}"],"query":[],"variable":[]},"header":[{"description":{"content":"Added as a part of security scheme: bearer","type":"text/plain"},"key":"Authorization","value":"Bearer <token>"},{"disabled":false,"description":"(Required) Retrieve an access token through the Access Token API. Access token is required in every request. Refer to documentation on access token  (https://card.developer.fiserv.com/apis/token).Tokens expire after 15 minutes. Provide the value as follows in the header. Authorization:: Bearer <Access Token Value>","key":"Authorization","value":"Bearer USlfM8dilzKZPcuGGP3BfVLd7Snk"},{"disabled":false,"description":"Optional. User on behalf of whom the request is being made. userId must be alphanumeric.","key":"userId","value":"johndoe"},{"disabled":false,"description":"(Required) Required. Provide 8 digit client id","key":"x-fapi-financial-id","value":"<string>"},{"key":"Accept","value":"application/json"}],"method":"POST","body":{"mode":"raw","raw":"{\n  \"accountNumber\": \"12345678\"\n}","options":{"raw":{"language":"json"}}}},"status":"Not Found","code":404,"header":[{"disabled":false,"description":"unique transaction ID created for each request for tracking purposes","key":"x-fapi-interaction-id","value":"95ad42fb-afd1-2121-b794-3ed29342ks42"},{"key":"Content-Type","value":"application/json"}],"body":"{\n  \"type\": \"Resource does not exists\",\n  \"title\": \"Resource Not found\",\n  \"detail\": \"No matching search results found or you do not have sufficient access rights to get search results matching your criteria.\",\n  \"instance\": \"/api/basepath\",\n  \"status\": 404\n}","cookie":[],"_postman_previewlanguage":"json"},{"id":"a6259565-f51f-4ca6-8af4-6c0d00666f75","name":"Resource conflict","originalRequest":{"url":{"path":["v1","accounts","limits","search"],"host":["{{baseUrl}}"],"query":[],"variable":[]},"header":[{"description":{"content":"Added as a part of security scheme: bearer","type":"text/plain"},"key":"Authorization","value":"Bearer <token>"},{"disabled":false,"description":"(Required) Retrieve an access token through the Access Token API. Access token is required in every request. Refer to documentation on access token  (https://card.developer.fiserv.com/apis/token).Tokens expire after 15 minutes. Provide the value as follows in the header. Authorization:: Bearer <Access Token Value>","key":"Authorization","value":"Bearer USlfM8dilzKZPcuGGP3BfVLd7Snk"},{"disabled":false,"description":"Optional. User on behalf of whom the request is being made. userId must be alphanumeric.","key":"userId","value":"johndoe"},{"disabled":false,"description":"(Required) Required. Provide 8 digit client id","key":"x-fapi-financial-id","value":"<string>"},{"key":"Accept","value":"application/json"}],"method":"POST","body":{"mode":"raw","raw":"{\n  \"accountNumber\": \"12345678\"\n}","options":{"raw":{"language":"json"}}}},"status":"Conflict","code":409,"header":[{"disabled":false,"description":"unique transaction ID created for each request for tracking purposes","key":"x-fapi-interaction-id","value":"95ad42fb-afd1-2121-b794-3ed29342ks42"},{"key":"Content-Type","value":"application/json"}],"body":"{\n  \"type\": \"Http Resource conflict error\",\n  \"title\": \"Resource conflict\",\n  \"detail\": \"Card is already present with the same status\",\n  \"instance\": \"/api/basepath\",\n  \"status\": 409\n}","cookie":[],"_postman_previewlanguage":"json"},{"id":"f91f94f3-c123-4b2f-acb4-0f0a080f7ed9","name":"Unsupported Media Type","originalRequest":{"url":{"path":["v1","accounts","limits","search"],"host":["{{baseUrl}}"],"query":[],"variable":[]},"header":[{"description":{"content":"Added as a part of security scheme: bearer","type":"text/plain"},"key":"Authorization","value":"Bearer <token>"},{"disabled":false,"description":"(Required) Retrieve an access token through the Access Token API. Access token is required in every request. Refer to documentation on access token  (https://card.developer.fiserv.com/apis/token).Tokens expire after 15 minutes. Provide the value as follows in the header. Authorization:: Bearer <Access Token Value>","key":"Authorization","value":"Bearer USlfM8dilzKZPcuGGP3BfVLd7Snk"},{"disabled":false,"description":"Optional. User on behalf of whom the request is being made. userId must be alphanumeric.","key":"userId","value":"johndoe"},{"disabled":false,"description":"(Required) Required. Provide 8 digit client id","key":"x-fapi-financial-id","value":"<string>"},{"key":"Accept","value":"application/json"}],"method":"POST","body":{"mode":"raw","raw":"{\n  \"accountNumber\": \"12345678\"\n}","options":{"raw":{"language":"json"}}}},"status":"Unsupported Media Type","code":415,"header":[{"disabled":false,"description":"unique transaction ID created for each request for tracking purposes","key":"x-fapi-interaction-id","value":"95ad42fb-afd1-2121-b794-3ed29342ks42"},{"key":"Content-Type","value":"application/json"}],"body":"{\n  \"type\": \"https://card.developer.fiserv.com/cards/error#unsupported-mediatype\",\n  \"title\": \"Unsupported Media Type\",\n  \"detail\": \"unsupported Media Type\",\n  \"instance\": \"/api/basepath\",\n  \"status\": 415\n}","cookie":[],"_postman_previewlanguage":"json"},{"id":"ed1c2360-51a6-49a4-abcf-a5dc7b864021","name":"Internal Server Error","originalRequest":{"url":{"path":["v1","accounts","limits","search"],"host":["{{baseUrl}}"],"query":[],"variable":[]},"header":[{"description":{"content":"Added as a part of security scheme: bearer","type":"text/plain"},"key":"Authorization","value":"Bearer <token>"},{"disabled":false,"description":"(Required) Retrieve an access token through the Access Token API. Access token is required in every request. Refer to documentation on access token  (https://card.developer.fiserv.com/apis/token).Tokens expire after 15 minutes. Provide the value as follows in the header. Authorization:: Bearer <Access Token Value>","key":"Authorization","value":"Bearer USlfM8dilzKZPcuGGP3BfVLd7Snk"},{"disabled":false,"description":"Optional. User on behalf of whom the request is being made. userId must be alphanumeric.","key":"userId","value":"johndoe"},{"disabled":false,"description":"(Required) Required. Provide 8 digit client id","key":"x-fapi-financial-id","value":"<string>"},{"key":"Accept","value":"application/json"}],"method":"POST","body":{"mode":"raw","raw":"{\n  \"accountNumber\": \"12345678\"\n}","options":{"raw":{"language":"json"}}}},"status":"Internal Server Error","code":500,"header":[{"disabled":false,"description":"unique transaction ID created for each request for tracking purposes","key":"x-fapi-interaction-id","value":"95ad42fb-afd1-2121-b794-3ed29342ks42"},{"key":"Content-Type","value":"application/json"}],"body":"{\n  \"errorResponse\": {\n    \"code\": \"500-01\",\n    \"message\": \"internal server error\",\n    \"developerInfo\": {\n      \"developerMessage\": \"internal server error\",\n      \"moreInfo\": \"There was a problem handling your request.  Please try again.  If the problem persists please contact Fiserv ETSD at 888-243-2543 (you unique messageID included below)\",\n      \"messageid\": \"25557-84290371-1\"\n    }\n  }\n}","cookie":[],"_postman_previewlanguage":"json"}],"event":[],"protocolProfileBehavior":{"disableBodyPruning":true}},{"id":"d2a4d2ed-f7c1-410c-87d7-3ff7ff3d8e4b","name":"Search for statement information given the account. Applies to credit only.","request":{"name":"Search for statement information given the account. Applies to credit only.","description":{},"url":{"path":["v1","accounts","statements","search"],"host":["{{baseUrl}}"],"query":[{"disabled":false,"key":"filter","value":"<string>","description":"Retrieve summary or detail information of statement. Default will be 'summary'.  \n\nfilter value 'summary' only includes the following fields  \n- cardNumber  \n- statementDate  \n- statementEndingBalance  \n- delinquentAmount \n- statementFinanceChargeAmount  \n- minimumPaymentDueAmount  \n- paymentDueDate  \n\nfilter value of 'detail' includes all the fields in the response.\n"}],"variable":[]},"header":[{"disabled":false,"description":"User on behalf of whom the request is being made. userId must be alphanumeric.","key":"x-fapi-userId","value":"<string>"},{"disabled":false,"description":"(Required) The 8-digit unique financial institute id assigned to each FI by Fiserv.","key":"x-fapi-financial-id","value":"<string>"},{"key":"Content-Type","value":"application/json"},{"key":"Accept","value":"application/json"}],"method":"POST","auth":null,"body":{"mode":"raw","raw":"{\n  \"accountNumber\": \"<string>\",\n  \"fromDate\": \"<date>\",\n  \"toDate\": \"<date>\"\n}","options":{"raw":{"language":"json"}}}},"response":[{"id":"d6ecec61-f9d8-449c-aefd-b3aad6d2fb22","name":"OK","originalRequest":{"url":{"path":["v1","accounts","statements","search"],"host":["{{baseUrl}}"],"query":[{"key":"filter","value":"summary"}],"variable":[]},"header":[{"description":{"content":"Added as a part of security scheme: bearer","type":"text/plain"},"key":"Authorization","value":"Bearer <token>"},{"disabled":false,"description":"(Required) Retrieve an access token through the Access Token API. Access token is required in every request. Refer to documentation on access token (https://card.developer.fiserv.com/apis/token). Tokens expire after 15 minutes. Provide the value as follows in the header. Authorization: Bearer <Access Token Value>","key":"Authorization","value":"Bearer USlfM8dilzKZPcuGGP3BfVLd7Snk"},{"disabled":false,"description":"User on behalf of whom the request is being made. userId must be alphanumeric.","key":"x-fapi-userId","value":"JOHNDOE"},{"disabled":false,"description":"(Required) The 8-digit unique financial institute id assigned to each FI by Fiserv.","key":"x-fapi-financial-id","value":"00123456"},{"key":"Accept","value":"application/json"}],"method":"POST","body":{"mode":"raw","raw":"{\n  \"accountNumber\": \"123456789\",\n  \"fromDate\": \"2021-07-20\",\n  \"toDate\": \"2021-12-28\"\n}","options":{"raw":{"language":"json"}}}},"status":"OK","code":200,"header":[{"key":"Content-Type","value":"application/json"}],"body":"{\n  \"cardNumber\": [\n    \"425769XXXXXX0020\",\n    \"425769XXXXXX0021\"\n  ],\n  \"statementDetails\": [\n    {\n      \"statementDate\": \"2021-12-30\",\n      \"statementEndingBalance\": \"1500.00\",\n      \"delinquentAmount\": \"100.00\",\n      \"statementFinanceChargeAmount\": \"10.00\",\n      \"minimumPaymentDueAmount\": \"200.00\",\n      \"paymentDueDate\": \"12-25\"\n    }\n  ]\n}","cookie":[],"_postman_previewlanguage":"json"},{"id":"2c532f8b-266e-4af2-b4f7-11de3996714e","name":"Partial Content","originalRequest":{"url":{"path":["v1","accounts","statements","search"],"host":["{{baseUrl}}"],"query":[{"key":"filter","value":"summary"}],"variable":[]},"header":[{"description":{"content":"Added as a part of security scheme: bearer","type":"text/plain"},"key":"Authorization","value":"Bearer <token>"},{"disabled":false,"description":"(Required) Retrieve an access token through the Access Token API. Access token is required in every request. Refer to documentation on access token (https://card.developer.fiserv.com/apis/token). Tokens expire after 15 minutes. Provide the value as follows in the header. Authorization: Bearer <Access Token Value>","key":"Authorization","value":"Bearer USlfM8dilzKZPcuGGP3BfVLd7Snk"},{"disabled":false,"description":"User on behalf of whom the request is being made. userId must be alphanumeric.","key":"x-fapi-userId","value":"JOHNDOE"},{"disabled":false,"description":"(Required) The 8-digit unique financial institute id assigned to each FI by Fiserv.","key":"x-fapi-financial-id","value":"00123456"},{"key":"Accept","value":"application/json"}],"method":"POST","body":{"mode":"raw","raw":"{\n  \"accountNumber\": \"123456789\",\n  \"fromDate\": \"2021-07-20\",\n  \"toDate\": \"2021-12-28\"\n}","options":{"raw":{"language":"json"}}}},"status":"Partial Content","code":206,"header":[{"key":"Content-Type","value":"application/json"}],"body":"{\n  \"cardNumber\": [\n    \"425769XXXXXX0020\",\n    \"425769XXXXXX0021\"\n  ],\n  \"statementDetails\": [\n    {\n      \"statementDate\": \"2021-12-30\",\n      \"statementEndingBalance\": \"1500.00\",\n      \"delinquentAmount\": \"100.00\",\n      \"statementFinanceChargeAmount\": \"10.00\",\n      \"minimumPaymentDueAmount\": \"200.00\",\n      \"paymentDueDate\": \"12-25\",\n      \"statementOpeningBalanceAmount\": \"3000.00\",\n      \"statementDebitAmount\": \"1500.00\",\n      \"statementSalesAmount\": \"12.09\",\n      \"statementOtherCreditsAmount\": \"15.15\",\n      \"statementPaymentAmount\": \"400.00\",\n      \"accountStatusCode\": \"NORMAL\",\n      \"yearToDateInterestAmount\": \"30.00\",\n      \"purchaseCount\": 15,\n      \"creditCount\": 5,\n      \"paymentsCount\": 10,\n      \"daysInBillingCycle\": 31,\n      \"billingCycleCode\": 28,\n      \"sinceLastStatementInterestAmount\": \"1.09\",\n      \"overlimitFees\": \"5.00\",\n      \"skipPaymentFlag\": \"No\",\n      \"statementCreditLineAmount\": \"5000.00\",\n      \"availableCreditRemaining\": \"4000.00\",\n      \"statementTotals\": {\n        \"adjustments\": \"99485.00\",\n        \"cashAdvance\": \"1692.00\",\n        \"credit\": \"10100.00\",\n        \"payment\": \"665572.00\",\n        \"purchase\": \"39181.00\"\n      },\n      \"statementTransactionDetails\": {\n        \"totalTransactionsCount\": 1200,\n        \"statementTransactions\": [\n          {\n            \"cardOrAccountNumber\": \"400020XXXXXX4000\",\n            \"cardOrAccountTransactions\": [\n              {\n                \"value\": \"<Error: Too many levels of nesting to fake this schema>\"\n              },\n              {\n                \"value\": \"<Error: Too many levels of nesting to fake this schema>\"\n              }\n            ]\n          },\n          {\n            \"cardOrAccountNumber\": \"400020XXXXXX4000\",\n            \"cardOrAccountTransactions\": [\n              {\n                \"value\": \"<Error: Too many levels of nesting to fake this schema>\"\n              },\n              {\n                \"value\": \"<Error: Too many levels of nesting to fake this schema>\"\n              }\n            ]\n          }\n        ]\n      }\n    },\n    {\n      \"statementDate\": \"2021-12-30\",\n      \"statementEndingBalance\": \"1500.00\",\n      \"delinquentAmount\": \"100.00\",\n      \"statementFinanceChargeAmount\": \"10.00\",\n      \"minimumPaymentDueAmount\": \"200.00\",\n      \"paymentDueDate\": \"12-25\",\n      \"statementOpeningBalanceAmount\": \"3000.00\",\n      \"statementDebitAmount\": \"1500.00\",\n      \"statementSalesAmount\": \"12.09\",\n      \"statementOtherCreditsAmount\": \"15.15\",\n      \"statementPaymentAmount\": \"400.00\",\n      \"accountStatusCode\": \"NORMAL\",\n      \"yearToDateInterestAmount\": \"30.00\",\n      \"purchaseCount\": 15,\n      \"creditCount\": 5,\n      \"paymentsCount\": 10,\n      \"daysInBillingCycle\": 31,\n      \"billingCycleCode\": 28,\n      \"sinceLastStatementInterestAmount\": \"1.09\",\n      \"overlimitFees\": \"5.00\",\n      \"skipPaymentFlag\": \"No\",\n      \"statementCreditLineAmount\": \"5000.00\",\n      \"availableCreditRemaining\": \"4000.00\",\n      \"statementTotals\": {\n        \"adjustments\": \"99485.00\",\n        \"cashAdvance\": \"1692.00\",\n        \"credit\": \"10100.00\",\n        \"payment\": \"665572.00\",\n        \"purchase\": \"39181.00\"\n      },\n      \"statementTransactionDetails\": {\n        \"totalTransactionsCount\": 1200,\n        \"statementTransactions\": [\n          {\n            \"cardOrAccountNumber\": \"400020XXXXXX4000\",\n            \"cardOrAccountTransactions\": [\n              {\n                \"value\": \"<Error: Too many levels of nesting to fake this schema>\"\n              },\n              {\n                \"value\": \"<Error: Too many levels of nesting to fake this schema>\"\n              }\n            ]\n          },\n          {\n            \"cardOrAccountNumber\": \"400020XXXXXX4000\",\n            \"cardOrAccountTransactions\": [\n              {\n                \"value\": \"<Error: Too many levels of nesting to fake this schema>\"\n              },\n              {\n                \"value\": \"<Error: Too many levels of nesting to fake this schema>\"\n              }\n            ]\n          }\n        ]\n      }\n    }\n  ],\n  \"warningInfo\": {\n    \"message\": \"Partial response\",\n    \"warningDetails\": [\n      {\n        \"code\": \"206-45-7001\",\n        \"detail\": \"Transaction results are >=1000. Please refine your search criteria.\"\n      },\n      {\n        \"code\": \"206-45-7001\",\n        \"detail\": \"Transaction results are >=1000. Please refine your search criteria.\"\n      }\n    ]\n  }\n}","cookie":[],"_postman_previewlanguage":"json"},{"id":"e7aa7400-4643-4d74-b8fb-8ee8738d0781","name":"Invalid Request","originalRequest":{"url":{"path":["v1","accounts","statements","search"],"host":["{{baseUrl}}"],"query":[{"key":"filter","value":"summary"}],"variable":[]},"header":[{"description":{"content":"Added as a part of security scheme: bearer","type":"text/plain"},"key":"Authorization","value":"Bearer <token>"},{"disabled":false,"description":"(Required) Retrieve an access token through the Access Token API. Access token is required in every request. Refer to documentation on access token (https://card.developer.fiserv.com/apis/token). Tokens expire after 15 minutes. Provide the value as follows in the header. Authorization: Bearer <Access Token Value>","key":"Authorization","value":"Bearer USlfM8dilzKZPcuGGP3BfVLd7Snk"},{"disabled":false,"description":"User on behalf of whom the request is being made. userId must be alphanumeric.","key":"x-fapi-userId","value":"JOHNDOE"},{"disabled":false,"description":"(Required) The 8-digit unique financial institute id assigned to each FI by Fiserv.","key":"x-fapi-financial-id","value":"00123456"},{"key":"Accept","value":"application/json"}],"method":"POST","body":{"mode":"raw","raw":"{\n  \"accountNumber\": \"123456789\",\n  \"fromDate\": \"2021-07-20\",\n  \"toDate\": \"2021-12-28\"\n}","options":{"raw":{"language":"json"}}}},"status":"Bad Request","code":400,"header":[{"disabled":false,"description":"unique transaction ID created for each request for tracking purposes","key":"x-fapi-interaction-id","value":"95ad42fb-afd1-2121-b794-3ed29342ks42"},{"key":"Content-Type","value":"application/json"}],"body":"{\n  \"type\": \"https://card.developer.fiserv.com/cards/error#bad-request\",\n  \"title\": \"Bad Request\",\n  \"detail\": \"CONTENT-TYPE header required. Supported content-type is application/json.\",\n  \"instance\": \"/v1/accounts/statements/search\",\n  \"status\": 400\n}","cookie":[],"_postman_previewlanguage":"json"},{"id":"eea1b8ae-3c67-4831-bd39-a38d320c49e9","name":"Unauthorized access","originalRequest":{"url":{"path":["v1","accounts","statements","search"],"host":["{{baseUrl}}"],"query":[{"key":"filter","value":"summary"}],"variable":[]},"header":[{"description":{"content":"Added as a part of security scheme: bearer","type":"text/plain"},"key":"Authorization","value":"Bearer <token>"},{"disabled":false,"description":"(Required) Retrieve an access token through the Access Token API. Access token is required in every request. Refer to documentation on access token (https://card.developer.fiserv.com/apis/token). Tokens expire after 15 minutes. Provide the value as follows in the header. Authorization: Bearer <Access Token Value>","key":"Authorization","value":"Bearer USlfM8dilzKZPcuGGP3BfVLd7Snk"},{"disabled":false,"description":"User on behalf of whom the request is being made. userId must be alphanumeric.","key":"x-fapi-userId","value":"JOHNDOE"},{"disabled":false,"description":"(Required) The 8-digit unique financial institute id assigned to each FI by Fiserv.","key":"x-fapi-financial-id","value":"00123456"},{"key":"Accept","value":"application/json"}],"method":"POST","body":{"mode":"raw","raw":"{\n  \"accountNumber\": \"123456789\",\n  \"fromDate\": \"2021-07-20\",\n  \"toDate\": \"2021-12-28\"\n}","options":{"raw":{"language":"json"}}}},"status":"Unauthorized","code":401,"header":[{"disabled":false,"description":"unique transaction ID created for each request for tracking purposes","key":"x-fapi-interaction-id","value":"95ad42fb-afd1-2121-b794-3ed29342ks42"},{"key":"Content-Type","value":"application/json"}],"body":"{\n  \"type\": \"https://card.developer.fiserv.com/cards/error#unauthorized\",\n  \"title\": \"Unauthorized\",\n  \"detail\": \"Invalid Access Token\",\n  \"instance\": \"/v1/accounts/statements/search\",\n  \"status\": 401\n}","cookie":[],"_postman_previewlanguage":"json"},{"id":"284d7ee1-1a5d-45a8-82bd-5aab59071915","name":"Forbidden","originalRequest":{"url":{"path":["v1","accounts","statements","search"],"host":["{{baseUrl}}"],"query":[{"key":"filter","value":"summary"}],"variable":[]},"header":[{"description":{"content":"Added as a part of security scheme: bearer","type":"text/plain"},"key":"Authorization","value":"Bearer <token>"},{"disabled":false,"description":"(Required) Retrieve an access token through the Access Token API. Access token is required in every request. Refer to documentation on access token (https://card.developer.fiserv.com/apis/token). Tokens expire after 15 minutes. Provide the value as follows in the header. Authorization: Bearer <Access Token Value>","key":"Authorization","value":"Bearer USlfM8dilzKZPcuGGP3BfVLd7Snk"},{"disabled":false,"description":"User on behalf of whom the request is being made. userId must be alphanumeric.","key":"x-fapi-userId","value":"JOHNDOE"},{"disabled":false,"description":"(Required) The 8-digit unique financial institute id assigned to each FI by Fiserv.","key":"x-fapi-financial-id","value":"00123456"},{"key":"Accept","value":"application/json"}],"method":"POST","body":{"mode":"raw","raw":"{\n  \"accountNumber\": \"123456789\",\n  \"fromDate\": \"2021-07-20\",\n  \"toDate\": \"2021-12-28\"\n}","options":{"raw":{"language":"json"}}}},"status":"Forbidden","code":403,"header":[{"disabled":false,"description":"unique transaction ID created for each request for tracking purposes","key":"x-fapi-interaction-id","value":"95ad42fb-afd1-2121-b794-3ed29342ks42"},{"key":"Content-Type","value":"application/json"}],"body":"{\n  \"type\": \"https://card.developer.fiserv.com/cards/error#forbidden\",\n  \"title\": \"Forbidden\",\n  \"detail\": \"Unauthorized to perform request.\",\n  \"instance\": \"/v1/accounts/statements/search\",\n  \"status\": 403\n}","cookie":[],"_postman_previewlanguage":"json"},{"id":"9c2c08f4-ded3-45df-9d9f-75ee93fb7640","name":"Not Found","originalRequest":{"url":{"path":["v1","accounts","statements","search"],"host":["{{baseUrl}}"],"query":[{"key":"filter","value":"summary"}],"variable":[]},"header":[{"description":{"content":"Added as a part of security scheme: bearer","type":"text/plain"},"key":"Authorization","value":"Bearer <token>"},{"disabled":false,"description":"(Required) Retrieve an access token through the Access Token API. Access token is required in every request. Refer to documentation on access token (https://card.developer.fiserv.com/apis/token). Tokens expire after 15 minutes. Provide the value as follows in the header. Authorization: Bearer <Access Token Value>","key":"Authorization","value":"Bearer USlfM8dilzKZPcuGGP3BfVLd7Snk"},{"disabled":false,"description":"User on behalf of whom the request is being made. userId must be alphanumeric.","key":"x-fapi-userId","value":"JOHNDOE"},{"disabled":false,"description":"(Required) The 8-digit unique financial institute id assigned to each FI by Fiserv.","key":"x-fapi-financial-id","value":"00123456"},{"key":"Accept","value":"application/json"}],"method":"POST","body":{"mode":"raw","raw":"{\n  \"accountNumber\": \"123456789\",\n  \"fromDate\": \"2021-07-20\",\n  \"toDate\": \"2021-12-28\"\n}","options":{"raw":{"language":"json"}}}},"status":"Not Found","code":404,"header":[{"disabled":false,"description":"unique transaction ID created for each request for tracking purposes","key":"x-fapi-interaction-id","value":"95ad42fb-afd1-2121-b794-3ed29342ks42"},{"key":"Content-Type","value":"application/json"}],"body":"{\n  \"type\": \"https://card.developer.fiserv.com/cards/error#resource-not-found\",\n  \"title\": \"Not Found\",\n  \"detail\": \"No statements were found.\",\n  \"instance\": \"/v1/accounts/statements/search\",\n  \"status\": 404\n}","cookie":[],"_postman_previewlanguage":"json"},{"id":"0c91ac54-1a09-434a-bd23-dcaa6e5a2870","name":"Method Not Allowed","originalRequest":{"url":{"path":["v1","accounts","statements","search"],"host":["{{baseUrl}}"],"query":[{"key":"filter","value":"summary"}],"variable":[]},"header":[{"description":{"content":"Added as a part of security scheme: bearer","type":"text/plain"},"key":"Authorization","value":"Bearer <token>"},{"disabled":false,"description":"(Required) Retrieve an access token through the Access Token API. Access token is required in every request. Refer to documentation on access token (https://card.developer.fiserv.com/apis/token). Tokens expire after 15 minutes. Provide the value as follows in the header. Authorization: Bearer <Access Token Value>","key":"Authorization","value":"Bearer USlfM8dilzKZPcuGGP3BfVLd7Snk"},{"disabled":false,"description":"User on behalf of whom the request is being made. userId must be alphanumeric.","key":"x-fapi-userId","value":"JOHNDOE"},{"disabled":false,"description":"(Required) The 8-digit unique financial institute id assigned to each FI by Fiserv.","key":"x-fapi-financial-id","value":"00123456"},{"key":"Accept","value":"application/json"}],"method":"POST","body":{"mode":"raw","raw":"{\n  \"accountNumber\": \"123456789\",\n  \"fromDate\": \"2021-07-20\",\n  \"toDate\": \"2021-12-28\"\n}","options":{"raw":{"language":"json"}}}},"status":"Method Not Allowed","code":405,"header":[{"disabled":false,"description":"unique transaction ID created for each request for tracking purposes","key":"x-fapi-interaction-id","value":"95ad42fb-afd1-2121-b794-3ed29342ks42"},{"key":"Content-Type","value":"application/json"}],"body":"{\n  \"type\": \"https://card.developer.fiserv.com/cards/error#method-not-allowed\",\n  \"title\": \"Method Not Allowed\",\n  \"detail\": \"The HTTP method requested is not acceptable for this endpoint.\",\n  \"instance\": \"/v1/accounts/statements/search\",\n  \"status\": 405\n}","cookie":[],"_postman_previewlanguage":"json"},{"id":"3c08dabe-26d6-4dff-abc4-133d7893b33c","name":"Unacceptable","originalRequest":{"url":{"path":["v1","accounts","statements","search"],"host":["{{baseUrl}}"],"query":[{"key":"filter","value":"summary"}],"variable":[]},"header":[{"description":{"content":"Added as a part of security scheme: bearer","type":"text/plain"},"key":"Authorization","value":"Bearer <token>"},{"disabled":false,"description":"(Required) Retrieve an access token through the Access Token API. Access token is required in every request. Refer to documentation on access token (https://card.developer.fiserv.com/apis/token). Tokens expire after 15 minutes. Provide the value as follows in the header. Authorization: Bearer <Access Token Value>","key":"Authorization","value":"Bearer USlfM8dilzKZPcuGGP3BfVLd7Snk"},{"disabled":false,"description":"User on behalf of whom the request is being made. userId must be alphanumeric.","key":"x-fapi-userId","value":"JOHNDOE"},{"disabled":false,"description":"(Required) The 8-digit unique financial institute id assigned to each FI by Fiserv.","key":"x-fapi-financial-id","value":"00123456"},{"key":"Accept","value":"application/json"}],"method":"POST","body":{"mode":"raw","raw":"{\n  \"accountNumber\": \"123456789\",\n  \"fromDate\": \"2021-07-20\",\n  \"toDate\": \"2021-12-28\"\n}","options":{"raw":{"language":"json"}}}},"status":"Not Acceptable","code":406,"header":[{"disabled":false,"description":"unique transaction ID created for each request for tracking purposes","key":"x-fapi-interaction-id","value":"95ad42fb-afd1-2121-b794-3ed29342ks42"},{"key":"Content-Type","value":"application/json"}],"body":"{\n  \"type\": \"https://card.developer.fiserv.com/cards/error#not-acceptable\",\n  \"title\": \"Not Acceptable\",\n  \"detail\": \"The content type being requested is not provided by this service.\",\n  \"instance\": \"/v1/accounts/statements/search\",\n  \"status\": 406\n}","cookie":[],"_postman_previewlanguage":"json"},{"id":"40c63036-09ae-47d0-8dc4-d4133ba52e08","name":"Unsupported Media Type","originalRequest":{"url":{"path":["v1","accounts","statements","search"],"host":["{{baseUrl}}"],"query":[{"key":"filter","value":"summary"}],"variable":[]},"header":[{"description":{"content":"Added as a part of security scheme: bearer","type":"text/plain"},"key":"Authorization","value":"Bearer <token>"},{"disabled":false,"description":"(Required) Retrieve an access token through the Access Token API. Access token is required in every request. Refer to documentation on access token (https://card.developer.fiserv.com/apis/token). Tokens expire after 15 minutes. Provide the value as follows in the header. Authorization: Bearer <Access Token Value>","key":"Authorization","value":"Bearer USlfM8dilzKZPcuGGP3BfVLd7Snk"},{"disabled":false,"description":"User on behalf of whom the request is being made. userId must be alphanumeric.","key":"x-fapi-userId","value":"JOHNDOE"},{"disabled":false,"description":"(Required) The 8-digit unique financial institute id assigned to each FI by Fiserv.","key":"x-fapi-financial-id","value":"00123456"},{"key":"Accept","value":"application/json"}],"method":"POST","body":{"mode":"raw","raw":"{\n  \"accountNumber\": \"123456789\",\n  \"fromDate\": \"2021-07-20\",\n  \"toDate\": \"2021-12-28\"\n}","options":{"raw":{"language":"json"}}}},"status":"Unsupported Media Type","code":415,"header":[{"disabled":false,"description":"unique transaction ID created for each request for tracking purposes","key":"x-fapi-interaction-id","value":"95ad42fb-afd1-2121-b794-3ed29342ks42"},{"key":"Content-Type","value":"application/json"}],"body":"{\n  \"type\": \"https://card.developer.fiserv.com/cards/error#unsupported-mediatype\",\n  \"title\": \"Unsupported Media type\",\n  \"detail\": \"The payload format is unsupported.\",\n  \"instance\": \"/v1/accounts/statements/search\",\n  \"status\": 415\n}","cookie":[],"_postman_previewlanguage":"json"},{"id":"6d69a62f-7638-4d8e-94be-373700e7371b","name":"Unprocessable Entity","originalRequest":{"url":{"path":["v1","accounts","statements","search"],"host":["{{baseUrl}}"],"query":[{"key":"filter","value":"summary"}],"variable":[]},"header":[{"description":{"content":"Added as a part of security scheme: bearer","type":"text/plain"},"key":"Authorization","value":"Bearer <token>"},{"disabled":false,"description":"(Required) Retrieve an access token through the Access Token API. Access token is required in every request. Refer to documentation on access token (https://card.developer.fiserv.com/apis/token). Tokens expire after 15 minutes. Provide the value as follows in the header. Authorization: Bearer <Access Token Value>","key":"Authorization","value":"Bearer USlfM8dilzKZPcuGGP3BfVLd7Snk"},{"disabled":false,"description":"User on behalf of whom the request is being made. userId must be alphanumeric.","key":"x-fapi-userId","value":"JOHNDOE"},{"disabled":false,"description":"(Required) The 8-digit unique financial institute id assigned to each FI by Fiserv.","key":"x-fapi-financial-id","value":"00123456"},{"key":"Accept","value":"application/json"}],"method":"POST","body":{"mode":"raw","raw":"{\n  \"accountNumber\": \"123456789\",\n  \"fromDate\": \"2021-07-20\",\n  \"toDate\": \"2021-12-28\"\n}","options":{"raw":{"language":"json"}}}},"status":"Unprocessable Entity (WebDAV) (RFC 4918)","code":422,"header":[{"disabled":false,"description":"unique transaction ID created for each request for tracking purposes","key":"x-fapi-interaction-id","value":"95ad42fb-afd1-2121-b794-3ed29342ks42"},{"key":"Content-Type","value":"application/json"}],"body":"{\n  \"type\": \"https://card.developer.fiserv.com/cards/error#unprocessable-content\",\n  \"title\": \"Unprocessable Content\",\n  \"detail\": \"The service was not able to process this request.\",\n  \"instance\": \"/v1/accounts/statements/search\",\n  \"status\": 422\n}","cookie":[],"_postman_previewlanguage":"json"},{"id":"d189d2ba-7099-46bd-bda6-37578fb43bd6","name":"Internal Server Error","originalRequest":{"url":{"path":["v1","accounts","statements","search"],"host":["{{baseUrl}}"],"query":[{"key":"filter","value":"summary"}],"variable":[]},"header":[{"description":{"content":"Added as a part of security scheme: bearer","type":"text/plain"},"key":"Authorization","value":"Bearer <token>"},{"disabled":false,"description":"(Required) Retrieve an access token through the Access Token API. Access token is required in every request. Refer to documentation on access token (https://card.developer.fiserv.com/apis/token). Tokens expire after 15 minutes. Provide the value as follows in the header. Authorization: Bearer <Access Token Value>","key":"Authorization","value":"Bearer USlfM8dilzKZPcuGGP3BfVLd7Snk"},{"disabled":false,"description":"User on behalf of whom the request is being made. userId must be alphanumeric.","key":"x-fapi-userId","value":"JOHNDOE"},{"disabled":false,"description":"(Required) The 8-digit unique financial institute id assigned to each FI by Fiserv.","key":"x-fapi-financial-id","value":"00123456"},{"key":"Accept","value":"application/json"}],"method":"POST","body":{"mode":"raw","raw":"{\n  \"accountNumber\": \"123456789\",\n  \"fromDate\": \"2021-07-20\",\n  \"toDate\": \"2021-12-28\"\n}","options":{"raw":{"language":"json"}}}},"status":"Internal Server Error","code":500,"header":[{"disabled":false,"description":"unique transaction ID created for each request for tracking purposes","key":"x-fapi-interaction-id","value":"95ad42fb-afd1-2121-b794-3ed29342ks42"},{"key":"Content-Type","value":"application/json"}],"body":"{\n  \"errorResponse\": {\n    \"code\": \"500-01\",\n    \"message\": \"internal server error\",\n    \"developerInfo\": {\n      \"developerMessage\": \"internal server error\",\n      \"moreInfo\": \"There was a problem handling your request. Please try again. If the problem persists please contact Support\",\n      \"messageid\": \"25557-84290371-1\"\n    }\n  }\n}","cookie":[],"_postman_previewlanguage":"json"}],"event":[],"protocolProfileBehavior":{"disableBodyPruning":true}},{"id":"0876c9b1-4690-4691-91c6-fe6cca233232","name":"Retrieves the list of Transactions for the account based on the filter criteria passed in the request. Only applicable for credit.","request":{"name":"Retrieves the list of Transactions for the account based on the filter criteria passed in the request. Only applicable for credit.","description":{},"url":{"path":["v1","accounts","transactions","search"],"host":["{{baseUrl}}"],"query":[{"disabled":false,"key":"filter","value":"<string>","description":"(Required) Provides the summary or details record for account transaction search. Defaults to summary.\n\nSUMMARY includes the following fields -\n\ntransactionDateTime, merchantName, authorizationCode, transactioncode, transactionType, merchantCategoryCode, transactionStatus, transactionAmount, transactedCardOrAccountNumber, merchantCity, merchantState,\n\nDETAIL includes all the transaction search fields."},{"disabled":false,"key":"pageOffset","value":"<string>","description":"The starting point in the result set"},{"disabled":false,"key":"pageLimit","value":"<string>","description":"The number of records to be returned"}],"variable":[]},"header":[{"disabled":false,"description":"Optional. User on behalf of whom the request is being made. userId must be alphanumeric.","key":"userId","value":"<string>"},{"disabled":false,"description":"(Required) Required. Provide 8 digit client id","key":"x-fapi-financial-id","value":"<string>"},{"key":"Content-Type","value":"application/json"},{"key":"Accept","value":"application/json"}],"method":"POST","auth":null,"body":{"mode":"raw","raw":"{\n  \"accountNumber\": \"<string>\",\n  \"filterCriteria\": [\n    {\n      \"filterBy\": \"<string>\",\n      \"filterValue\": \"<string>\"\n    },\n    {\n      \"filterBy\": \"<string>\",\n      \"filterValue\": \"<string>\"\n    }\n  ]\n}","options":{"raw":{"language":"json"}}}},"response":[{"id":"8429eedc-40fb-4a06-9898-2353bfa16aa9","name":"OK","originalRequest":{"url":{"path":["v1","accounts","transactions","search"],"host":["{{baseUrl}}"],"query":[{"key":"filter","value":"summary,detail"},{"key":"pageOffset","value":"2"},{"key":"pageLimit","value":"50"}],"variable":[]},"header":[{"description":{"content":"Added as a part of security scheme: bearer","type":"text/plain"},"key":"Authorization","value":"Bearer <token>"},{"disabled":false,"description":"(Required) Retrieve an access token through the Access Token API. Access token is required in every request. Refer to documentation on access token  (https://card.developer.fiserv.com/apis/token).Tokens expire after 15 minutes. Provide the value as follows in the header. Authorization:: Bearer <Access Token Value>","key":"Authorization","value":"Bearer USlfM8dilzKZPcuGGP3BfVLd7Snk"},{"disabled":false,"description":"Optional. User on behalf of whom the request is being made. userId must be alphanumeric.","key":"userId","value":"johndoe"},{"disabled":false,"description":"(Required) Required. Provide 8 digit client id","key":"x-fapi-financial-id","value":"<string>"},{"key":"Accept","value":"application/json"}],"method":"POST","body":{"mode":"raw","raw":"{\n  \"accountNumber\": \"123456789\",\n  \"filterCriteria\": [\n    {\n      \"filterBy\": \"<string>\",\n      \"filterValue\": \"<string>\"\n    },\n    {\n      \"filterBy\": \"<string>\",\n      \"filterValue\": \"<string>\"\n    }\n  ]\n}","options":{"raw":{"language":"json"}}}},"status":"OK","code":200,"header":[{"key":"Content-Type","value":"application/json"}],"body":"{\n  \"count\": 14419156,\n  \"transactions\": [\n    {\n      \"authorizationCode\": \"121052\",\n      \"merchantCategoryCode\": \"6011\",\n      \"merchantCity\": \"Chicago\",\n      \"merchantState\": \"IL\",\n      \"transactionDateTime\": \"2014-10-02T15:01:23.045Z\",\n      \"transactedCardOrAccountNumber\": \"400010xxxxxx3000\",\n      \"statusDescription\": \"64-PI LOST\",\n      \"merchantName\": \"BALANCE TRANSFER CASH\",\n      \"transactionAmount\": \"1299.00\",\n      \"transactionType\": \"tempor\",\n      \"transactionStatus\": \"aliquip eiusmod cillum in consequat\",\n      \"responseCode\": \"minim ut nulla\",\n      \"responseCodeDescription\": \"enim id\",\n      \"transactionCode\": \"e\",\n      \"declinedTransactionDetails\": {\n        \"cardholderAccountNumber\": \"xxxxx6789\",\n        \"transactionDescription\": \"OVERLIMIT FEE REFUND\",\n        \"merchantNumber\": \"xxxxx6789\",\n        \"declinedReasonCode\": \"64-PI LOST\",\n        \"expandedReasonCode\": \"Ut cillum Duis n\",\n        \"authorizationResponseDescription\": \"PI-LOST\"\n      },\n      \"pendingTransactionDetails\": {\n        \"cardholderAccountNumber\": \"xxxxx6789\",\n        \"transactionDescription\": \"OVERLIMIT FEE REFUND\",\n        \"merchantNumber\": \"xxxxx6789\",\n        \"originalAuthAdjustmentAmount\": \"40.00\"\n      },\n      \"postedTransactionDetails\": {\n        \"cardholderAccountNumber\": \"xxxxx6789\",\n        \"transactionDescription\": \"BALANCE TRANSFER CASH\",\n        \"promotionId\": \"mollit u\",\n        \"postingDate\": \"2014-10-02\",\n        \"detailTransactionIdentifier\": \"084101656063080\",\n        \"referenceNumber\": \"85548362L00XTMK3P\"\n      }\n    },\n    {\n      \"authorizationCode\": \"121052\",\n      \"merchantCategoryCode\": \"6011\",\n      \"merchantCity\": \"Chicago\",\n      \"merchantState\": \"IL\",\n      \"transactionDateTime\": \"2014-10-02T15:01:23.045Z\",\n      \"transactedCardOrAccountNumber\": \"400010xxxxxx3000\",\n      \"statusDescription\": \"64-PI LOST\",\n      \"merchantName\": \"BALANCE TRANSFER CASH\",\n      \"transactionAmount\": \"1299.00\",\n      \"transactionType\": \"laborum ut ipsum adipisicing\",\n      \"transactionStatus\": \"magna dolor proident\",\n      \"responseCode\": \"consectetur a\",\n      \"responseCodeDescription\": \"consectetur velit laborum ut\",\n      \"transactionCode\": \"ea aliqua ut\",\n      \"declinedTransactionDetails\": {\n        \"cardholderAccountNumber\": \"xxxxx6789\",\n        \"transactionDescription\": \"OVERLIMIT FEE REFUND\",\n        \"merchantNumber\": \"xxxxx6789\",\n        \"declinedReasonCode\": \"64-PI LOST\",\n        \"expandedReasonCode\": \"fugiat esse nulla non\",\n        \"authorizationResponseDescription\": \"PI-LOST\"\n      },\n      \"pendingTransactionDetails\": {\n        \"cardholderAccountNumber\": \"xxxxx6789\",\n        \"transactionDescription\": \"OVERLIMIT FEE REFUND\",\n        \"merchantNumber\": \"xxxxx6789\",\n        \"originalAuthAdjustmentAmount\": \"40.00\"\n      },\n      \"postedTransactionDetails\": {\n        \"cardholderAccountNumber\": \"xxxxx6789\",\n        \"transactionDescription\": \"BALANCE TRANSFER CASH\",\n        \"promotionId\": \"aliquip ut magna Duis dolore\",\n        \"postingDate\": \"2014-10-02\",\n        \"detailTransactionIdentifier\": \"084101656063080\",\n        \"referenceNumber\": \"85548362L00XTMK3P\"\n      }\n    }\n  ],\n  \"warningInfo\": {\n    \"message\": \"Partial response\",\n    \"warningDetails\": [\n      {\n        \"code\": \"206-45-7001\",\n        \"detail\": \"Transaction results are >=1000. Please refine your search criteria.\"\n      },\n      {\n        \"code\": \"206-45-7001\",\n        \"detail\": \"Transaction results are >=1000. Please refine your search criteria.\"\n      }\n    ]\n  }\n}","cookie":[],"_postman_previewlanguage":"json"},{"id":"c269cd3c-e1e6-463d-840c-4d06581a7233","name":"Partial success response","originalRequest":{"url":{"path":["v1","accounts","transactions","search"],"host":["{{baseUrl}}"],"query":[{"key":"filter","value":"summary,detail"},{"key":"pageOffset","value":"2"},{"key":"pageLimit","value":"50"}],"variable":[]},"header":[{"description":{"content":"Added as a part of security scheme: bearer","type":"text/plain"},"key":"Authorization","value":"Bearer <token>"},{"disabled":false,"description":"(Required) Retrieve an access token through the Access Token API. Access token is required in every request. Refer to documentation on access token  (https://card.developer.fiserv.com/apis/token).Tokens expire after 15 minutes. Provide the value as follows in the header. Authorization:: Bearer <Access Token Value>","key":"Authorization","value":"Bearer USlfM8dilzKZPcuGGP3BfVLd7Snk"},{"disabled":false,"description":"Optional. User on behalf of whom the request is being made. userId must be alphanumeric.","key":"userId","value":"johndoe"},{"disabled":false,"description":"(Required) Required. Provide 8 digit client id","key":"x-fapi-financial-id","value":"<string>"},{"key":"Accept","value":"application/json"}],"method":"POST","body":{"mode":"raw","raw":"{\n  \"accountNumber\": \"123456789\",\n  \"filterCriteria\": [\n    {\n      \"filterBy\": \"<string>\",\n      \"filterValue\": \"<string>\"\n    },\n    {\n      \"filterBy\": \"<string>\",\n      \"filterValue\": \"<string>\"\n    }\n  ]\n}","options":{"raw":{"language":"json"}}}},"status":"Partial Content","code":206,"header":[{"key":"Content-Type","value":"application/json"}],"body":"{\n  \"count\": 59233372,\n  \"transactions\": [\n    {\n      \"authorizationCode\": \"121052\",\n      \"merchantCategoryCode\": \"6011\",\n      \"merchantCity\": \"Chicago\",\n      \"merchantState\": \"IL\",\n      \"transactionDateTime\": \"2014-10-02T15:01:23.045Z\",\n      \"transactedCardOrAccountNumber\": \"400010xxxxxx3000\",\n      \"statusDescription\": \"64-PI LOST\",\n      \"merchantName\": \"BALANCE TRANSFER CASH\",\n      \"transactionAmount\": \"1299.00\",\n      \"transactionType\": \"laboris proident in est ad\",\n      \"transactionStatus\": \"deserunt ut occaecat aute\",\n      \"responseCode\": \"aute magna do officia ipsum\",\n      \"responseCodeDescription\": \"mollit fugiat consequat\",\n      \"transactionCode\": \"elit laborum Lorem ex\",\n      \"declinedTransactionDetails\": {\n        \"cardholderAccountNumber\": \"xxxxx6789\",\n        \"transactionDescription\": \"OVERLIMIT FEE REFUND\",\n        \"merchantNumber\": \"xxxxx6789\",\n        \"declinedReasonCode\": \"64-PI LOST\",\n        \"expandedReasonCode\": \"quis laborum proident\",\n        \"authorizationResponseDescription\": \"PI-LOST\"\n      },\n      \"pendingTransactionDetails\": {\n        \"cardholderAccountNumber\": \"xxxxx6789\",\n        \"transactionDescription\": \"OVERLIMIT FEE REFUND\",\n        \"merchantNumber\": \"xxxxx6789\",\n        \"originalAuthAdjustmentAmount\": \"40.00\"\n      },\n      \"postedTransactionDetails\": {\n        \"cardholderAccountNumber\": \"xxxxx6789\",\n        \"transactionDescription\": \"BALANCE TRANSFER CASH\",\n        \"promotionId\": \"culpa\",\n        \"postingDate\": \"2014-10-02\",\n        \"detailTransactionIdentifier\": \"084101656063080\",\n        \"referenceNumber\": \"85548362L00XTMK3P\"\n      }\n    },\n    {\n      \"authorizationCode\": \"121052\",\n      \"merchantCategoryCode\": \"6011\",\n      \"merchantCity\": \"Chicago\",\n      \"merchantState\": \"IL\",\n      \"transactionDateTime\": \"2014-10-02T15:01:23.045Z\",\n      \"transactedCardOrAccountNumber\": \"400010xxxxxx3000\",\n      \"statusDescription\": \"64-PI LOST\",\n      \"merchantName\": \"BALANCE TRANSFER CASH\",\n      \"transactionAmount\": \"1299.00\",\n      \"transactionType\": \"eiusmod\",\n      \"transactionStatus\": \"adipisicing deserunt\",\n      \"responseCode\": \"Lorem non eiusmod incididunt quis\",\n      \"responseCodeDescription\": \"dolor\",\n      \"transactionCode\": \"aliquip quis ullamco ut ex\",\n      \"declinedTransactionDetails\": {\n        \"cardholderAccountNumber\": \"xxxxx6789\",\n        \"transactionDescription\": \"OVERLIMIT FEE REFUND\",\n        \"merchantNumber\": \"xxxxx6789\",\n        \"declinedReasonCode\": \"64-PI LOST\",\n        \"expandedReasonCode\": \"in voluptate ad sunt quis\",\n        \"authorizationResponseDescription\": \"PI-LOST\"\n      },\n      \"pendingTransactionDetails\": {\n        \"cardholderAccountNumber\": \"xxxxx6789\",\n        \"transactionDescription\": \"OVERLIMIT FEE REFUND\",\n        \"merchantNumber\": \"xxxxx6789\",\n        \"originalAuthAdjustmentAmount\": \"40.00\"\n      },\n      \"postedTransactionDetails\": {\n        \"cardholderAccountNumber\": \"xxxxx6789\",\n        \"transactionDescription\": \"BALANCE TRANSFER CASH\",\n        \"promotionId\": \"minim exercitation amet\",\n        \"postingDate\": \"2014-10-02\",\n        \"detailTransactionIdentifier\": \"084101656063080\",\n        \"referenceNumber\": \"85548362L00XTMK3P\"\n      }\n    }\n  ],\n  \"warningInfo\": {\n    \"message\": \"Partial response\",\n    \"warningDetails\": [\n      {\n        \"code\": \"206-45-7001\",\n        \"detail\": \"Transaction results are >=1000. Please refine your search criteria.\"\n      },\n      {\n        \"code\": \"206-45-7001\",\n        \"detail\": \"Transaction results are >=1000. Please refine your search criteria.\"\n      }\n    ]\n  }\n}","cookie":[],"_postman_previewlanguage":"json"},{"id":"e90d4e02-0dc6-4567-be1b-f202ae5226d6","name":"Invalid Request","originalRequest":{"url":{"path":["v1","accounts","transactions","search"],"host":["{{baseUrl}}"],"query":[{"key":"filter","value":"summary,detail"},{"key":"pageOffset","value":"2"},{"key":"pageLimit","value":"50"}],"variable":[]},"header":[{"description":{"content":"Added as a part of security scheme: bearer","type":"text/plain"},"key":"Authorization","value":"Bearer <token>"},{"disabled":false,"description":"(Required) Retrieve an access token through the Access Token API. Access token is required in every request. Refer to documentation on access token  (https://card.developer.fiserv.com/apis/token).Tokens expire after 15 minutes. Provide the value as follows in the header. Authorization:: Bearer <Access Token Value>","key":"Authorization","value":"Bearer USlfM8dilzKZPcuGGP3BfVLd7Snk"},{"disabled":false,"description":"Optional. User on behalf of whom the request is being made. userId must be alphanumeric.","key":"userId","value":"johndoe"},{"disabled":false,"description":"(Required) Required. Provide 8 digit client id","key":"x-fapi-financial-id","value":"<string>"},{"key":"Accept","value":"application/json"}],"method":"POST","body":{"mode":"raw","raw":"{\n  \"accountNumber\": \"123456789\",\n  \"filterCriteria\": [\n    {\n      \"filterBy\": \"<string>\",\n      \"filterValue\": \"<string>\"\n    },\n    {\n      \"filterBy\": \"<string>\",\n      \"filterValue\": \"<string>\"\n    }\n  ]\n}","options":{"raw":{"language":"json"}}}},"status":"Bad Request","code":400,"header":[{"disabled":false,"description":"unique transaction ID created for each request for tracking purposes","key":"x-fapi-interaction-id","value":"95ad42fb-afd1-2121-b794-3ed29342ks42"},{"key":"Content-Type","value":"application/json"}],"body":"{\n  \"type\": \"https://card.developer.fiserv.com/cards/error#invalid-request\",\n  \"title\": \"Invalid Request\",\n  \"detail\": \"We had a problem getting your credit and debit card information.\",\n  \"instance\": \"/v1/entity/example\",\n  \"status\": 400\n}","cookie":[],"_postman_previewlanguage":"json"},{"id":"f31433c8-e3b4-4ce9-a04d-f025d419c461","name":"Unauthorized access","originalRequest":{"url":{"path":["v1","accounts","transactions","search"],"host":["{{baseUrl}}"],"query":[{"key":"filter","value":"summary,detail"},{"key":"pageOffset","value":"2"},{"key":"pageLimit","value":"50"}],"variable":[]},"header":[{"description":{"content":"Added as a part of security scheme: bearer","type":"text/plain"},"key":"Authorization","value":"Bearer <token>"},{"disabled":false,"description":"(Required) Retrieve an access token through the Access Token API. Access token is required in every request. Refer to documentation on access token  (https://card.developer.fiserv.com/apis/token).Tokens expire after 15 minutes. Provide the value as follows in the header. Authorization:: Bearer <Access Token Value>","key":"Authorization","value":"Bearer USlfM8dilzKZPcuGGP3BfVLd7Snk"},{"disabled":false,"description":"Optional. User on behalf of whom the request is being made. userId must be alphanumeric.","key":"userId","value":"johndoe"},{"disabled":false,"description":"(Required) Required. Provide 8 digit client id","key":"x-fapi-financial-id","value":"<string>"},{"key":"Accept","value":"application/json"}],"method":"POST","body":{"mode":"raw","raw":"{\n  \"accountNumber\": \"123456789\",\n  \"filterCriteria\": [\n    {\n      \"filterBy\": \"<string>\",\n      \"filterValue\": \"<string>\"\n    },\n    {\n      \"filterBy\": \"<string>\",\n      \"filterValue\": \"<string>\"\n    }\n  ]\n}","options":{"raw":{"language":"json"}}}},"status":"Unauthorized","code":401,"header":[{"disabled":false,"description":"unique transaction ID created for each request for tracking purposes","key":"x-fapi-interaction-id","value":"95ad42fb-afd1-2121-b794-3ed29342ks42"},{"key":"Content-Type","value":"application/json"}],"body":"{\n  \"type\": \"https://card.developer.fiserv.com/cards/error#invalid-request\",\n  \"title\": \"Invalid Request\",\n  \"detail\": \"We had a problem getting your credit and debit card information.\",\n  \"instance\": \"/v1/entity/example\",\n  \"status\": 400\n}","cookie":[],"_postman_previewlanguage":"json"},{"id":"e0e6c42d-2137-444a-a320-1e4d30d66201","name":"Forbidden","originalRequest":{"url":{"path":["v1","accounts","transactions","search"],"host":["{{baseUrl}}"],"query":[{"key":"filter","value":"summary,detail"},{"key":"pageOffset","value":"2"},{"key":"pageLimit","value":"50"}],"variable":[]},"header":[{"description":{"content":"Added as a part of security scheme: bearer","type":"text/plain"},"key":"Authorization","value":"Bearer <token>"},{"disabled":false,"description":"(Required) Retrieve an access token through the Access Token API. Access token is required in every request. Refer to documentation on access token  (https://card.developer.fiserv.com/apis/token).Tokens expire after 15 minutes. Provide the value as follows in the header. Authorization:: Bearer <Access Token Value>","key":"Authorization","value":"Bearer USlfM8dilzKZPcuGGP3BfVLd7Snk"},{"disabled":false,"description":"Optional. User on behalf of whom the request is being made. userId must be alphanumeric.","key":"userId","value":"johndoe"},{"disabled":false,"description":"(Required) Required. Provide 8 digit client id","key":"x-fapi-financial-id","value":"<string>"},{"key":"Accept","value":"application/json"}],"method":"POST","body":{"mode":"raw","raw":"{\n  \"accountNumber\": \"123456789\",\n  \"filterCriteria\": [\n    {\n      \"filterBy\": \"<string>\",\n      \"filterValue\": \"<string>\"\n    },\n    {\n      \"filterBy\": \"<string>\",\n      \"filterValue\": \"<string>\"\n    }\n  ]\n}","options":{"raw":{"language":"json"}}}},"status":"Forbidden","code":403,"header":[{"disabled":false,"description":"unique transaction ID created for each request for tracking purposes","key":"x-fapi-interaction-id","value":"95ad42fb-afd1-2121-b794-3ed29342ks42"},{"key":"Content-Type","value":"application/json"}],"body":"{\n  \"type\": \"https://card.developer.fiserv.com/cards/error#invalid-request\",\n  \"title\": \"Invalid Request\",\n  \"detail\": \"We had a problem getting your credit and debit card information.\",\n  \"instance\": \"/v1/entity/example\",\n  \"status\": 400\n}","cookie":[],"_postman_previewlanguage":"json"},{"id":"7dcc4cd0-e986-4e7c-a859-ad72f20b4305","name":"Not Found","originalRequest":{"url":{"path":["v1","accounts","transactions","search"],"host":["{{baseUrl}}"],"query":[{"key":"filter","value":"summary,detail"},{"key":"pageOffset","value":"2"},{"key":"pageLimit","value":"50"}],"variable":[]},"header":[{"description":{"content":"Added as a part of security scheme: bearer","type":"text/plain"},"key":"Authorization","value":"Bearer <token>"},{"disabled":false,"description":"(Required) Retrieve an access token through the Access Token API. Access token is required in every request. Refer to documentation on access token  (https://card.developer.fiserv.com/apis/token).Tokens expire after 15 minutes. Provide the value as follows in the header. Authorization:: Bearer <Access Token Value>","key":"Authorization","value":"Bearer USlfM8dilzKZPcuGGP3BfVLd7Snk"},{"disabled":false,"description":"Optional. User on behalf of whom the request is being made. userId must be alphanumeric.","key":"userId","value":"johndoe"},{"disabled":false,"description":"(Required) Required. Provide 8 digit client id","key":"x-fapi-financial-id","value":"<string>"},{"key":"Accept","value":"application/json"}],"method":"POST","body":{"mode":"raw","raw":"{\n  \"accountNumber\": \"123456789\",\n  \"filterCriteria\": [\n    {\n      \"filterBy\": \"<string>\",\n      \"filterValue\": \"<string>\"\n    },\n    {\n      \"filterBy\": \"<string>\",\n      \"filterValue\": \"<string>\"\n    }\n  ]\n}","options":{"raw":{"language":"json"}}}},"status":"Not Found","code":404,"header":[{"disabled":false,"description":"unique transaction ID created for each request for tracking purposes","key":"x-fapi-interaction-id","value":"95ad42fb-afd1-2121-b794-3ed29342ks42"},{"key":"Content-Type","value":"application/json"}],"body":"{\n  \"type\": \"https://card.developer.fiserv.com/cards/error#invalid-request\",\n  \"title\": \"Invalid Request\",\n  \"detail\": \"We had a problem getting your credit and debit card information.\",\n  \"instance\": \"/v1/entity/example\",\n  \"status\": 400\n}","cookie":[],"_postman_previewlanguage":"json"},{"id":"7075d4c9-075b-4aa9-9b99-32d49b78acef","name":"Method Not Allowed","originalRequest":{"url":{"path":["v1","accounts","transactions","search"],"host":["{{baseUrl}}"],"query":[{"key":"filter","value":"summary,detail"},{"key":"pageOffset","value":"2"},{"key":"pageLimit","value":"50"}],"variable":[]},"header":[{"description":{"content":"Added as a part of security scheme: bearer","type":"text/plain"},"key":"Authorization","value":"Bearer <token>"},{"disabled":false,"description":"(Required) Retrieve an access token through the Access Token API. Access token is required in every request. Refer to documentation on access token  (https://card.developer.fiserv.com/apis/token).Tokens expire after 15 minutes. Provide the value as follows in the header. Authorization:: Bearer <Access Token Value>","key":"Authorization","value":"Bearer USlfM8dilzKZPcuGGP3BfVLd7Snk"},{"disabled":false,"description":"Optional. User on behalf of whom the request is being made. userId must be alphanumeric.","key":"userId","value":"johndoe"},{"disabled":false,"description":"(Required) Required. Provide 8 digit client id","key":"x-fapi-financial-id","value":"<string>"},{"key":"Accept","value":"application/json"}],"method":"POST","body":{"mode":"raw","raw":"{\n  \"accountNumber\": \"123456789\",\n  \"filterCriteria\": [\n    {\n      \"filterBy\": \"<string>\",\n      \"filterValue\": \"<string>\"\n    },\n    {\n      \"filterBy\": \"<string>\",\n      \"filterValue\": \"<string>\"\n    }\n  ]\n}","options":{"raw":{"language":"json"}}}},"status":"Method Not Allowed","code":405,"header":[{"disabled":false,"description":"unique transaction ID created for each request for tracking purposes","key":"x-fapi-interaction-id","value":"95ad42fb-afd1-2121-b794-3ed29342ks42"},{"key":"Content-Type","value":"application/json"}],"body":"{\n  \"type\": \"https://card.developer.fiserv.com/cards/error#invalid-request\",\n  \"title\": \"Invalid Request\",\n  \"detail\": \"We had a problem getting your credit and debit card information.\",\n  \"instance\": \"/v1/entity/example\",\n  \"status\": 400\n}","cookie":[],"_postman_previewlanguage":"json"},{"id":"5146012c-5480-4315-aa10-98ce536a09b4","name":"Unacceptable","originalRequest":{"url":{"path":["v1","accounts","transactions","search"],"host":["{{baseUrl}}"],"query":[{"key":"filter","value":"summary,detail"},{"key":"pageOffset","value":"2"},{"key":"pageLimit","value":"50"}],"variable":[]},"header":[{"description":{"content":"Added as a part of security scheme: bearer","type":"text/plain"},"key":"Authorization","value":"Bearer <token>"},{"disabled":false,"description":"(Required) Retrieve an access token through the Access Token API. Access token is required in every request. Refer to documentation on access token  (https://card.developer.fiserv.com/apis/token).Tokens expire after 15 minutes. Provide the value as follows in the header. Authorization:: Bearer <Access Token Value>","key":"Authorization","value":"Bearer USlfM8dilzKZPcuGGP3BfVLd7Snk"},{"disabled":false,"description":"Optional. User on behalf of whom the request is being made. userId must be alphanumeric.","key":"userId","value":"johndoe"},{"disabled":false,"description":"(Required) Required. Provide 8 digit client id","key":"x-fapi-financial-id","value":"<string>"},{"key":"Accept","value":"application/json"}],"method":"POST","body":{"mode":"raw","raw":"{\n  \"accountNumber\": \"123456789\",\n  \"filterCriteria\": [\n    {\n      \"filterBy\": \"<string>\",\n      \"filterValue\": \"<string>\"\n    },\n    {\n      \"filterBy\": \"<string>\",\n      \"filterValue\": \"<string>\"\n    }\n  ]\n}","options":{"raw":{"language":"json"}}}},"status":"Not Acceptable","code":406,"header":[{"disabled":false,"description":"unique transaction ID created for each request for tracking purposes","key":"x-fapi-interaction-id","value":"95ad42fb-afd1-2121-b794-3ed29342ks42"},{"key":"Content-Type","value":"application/json"}],"body":"{\n  \"type\": \"https://card.developer.fiserv.com/cards/error#invalid-request\",\n  \"title\": \"Invalid Request\",\n  \"detail\": \"We had a problem getting your credit and debit card information.\",\n  \"instance\": \"/v1/entity/example\",\n  \"status\": 400\n}","cookie":[],"_postman_previewlanguage":"json"},{"id":"4c829ec1-9f24-4146-bb0d-2e6b6b09ad44","name":"Unsupported Media Type","originalRequest":{"url":{"path":["v1","accounts","transactions","search"],"host":["{{baseUrl}}"],"query":[{"key":"filter","value":"summary,detail"},{"key":"pageOffset","value":"2"},{"key":"pageLimit","value":"50"}],"variable":[]},"header":[{"description":{"content":"Added as a part of security scheme: bearer","type":"text/plain"},"key":"Authorization","value":"Bearer <token>"},{"disabled":false,"description":"(Required) Retrieve an access token through the Access Token API. Access token is required in every request. Refer to documentation on access token  (https://card.developer.fiserv.com/apis/token).Tokens expire after 15 minutes. Provide the value as follows in the header. Authorization:: Bearer <Access Token Value>","key":"Authorization","value":"Bearer USlfM8dilzKZPcuGGP3BfVLd7Snk"},{"disabled":false,"description":"Optional. User on behalf of whom the request is being made. userId must be alphanumeric.","key":"userId","value":"johndoe"},{"disabled":false,"description":"(Required) Required. Provide 8 digit client id","key":"x-fapi-financial-id","value":"<string>"},{"key":"Accept","value":"application/json"}],"method":"POST","body":{"mode":"raw","raw":"{\n  \"accountNumber\": \"123456789\",\n  \"filterCriteria\": [\n    {\n      \"filterBy\": \"<string>\",\n      \"filterValue\": \"<string>\"\n    },\n    {\n      \"filterBy\": \"<string>\",\n      \"filterValue\": \"<string>\"\n    }\n  ]\n}","options":{"raw":{"language":"json"}}}},"status":"Unsupported Media Type","code":415,"header":[{"disabled":false,"description":"unique transaction ID created for each request for tracking purposes","key":"x-fapi-interaction-id","value":"95ad42fb-afd1-2121-b794-3ed29342ks42"},{"key":"Content-Type","value":"application/json"}],"body":"{\n  \"type\": \"https://card.developer.fiserv.com/cards/error#invalid-request\",\n  \"title\": \"Invalid Request\",\n  \"detail\": \"We had a problem getting your credit and debit card information.\",\n  \"instance\": \"/v1/entity/example\",\n  \"status\": 400\n}","cookie":[],"_postman_previewlanguage":"json"},{"id":"f9e51d28-2e1f-4dc1-8d80-3ecd91ae44aa","name":"Unprocessable Entity","originalRequest":{"url":{"path":["v1","accounts","transactions","search"],"host":["{{baseUrl}}"],"query":[{"key":"filter","value":"summary,detail"},{"key":"pageOffset","value":"2"},{"key":"pageLimit","value":"50"}],"variable":[]},"header":[{"description":{"content":"Added as a part of security scheme: bearer","type":"text/plain"},"key":"Authorization","value":"Bearer <token>"},{"disabled":false,"description":"(Required) Retrieve an access token through the Access Token API. Access token is required in every request. Refer to documentation on access token  (https://card.developer.fiserv.com/apis/token).Tokens expire after 15 minutes. Provide the value as follows in the header. Authorization:: Bearer <Access Token Value>","key":"Authorization","value":"Bearer USlfM8dilzKZPcuGGP3BfVLd7Snk"},{"disabled":false,"description":"Optional. User on behalf of whom the request is being made. userId must be alphanumeric.","key":"userId","value":"johndoe"},{"disabled":false,"description":"(Required) Required. Provide 8 digit client id","key":"x-fapi-financial-id","value":"<string>"},{"key":"Accept","value":"application/json"}],"method":"POST","body":{"mode":"raw","raw":"{\n  \"accountNumber\": \"123456789\",\n  \"filterCriteria\": [\n    {\n      \"filterBy\": \"<string>\",\n      \"filterValue\": \"<string>\"\n    },\n    {\n      \"filterBy\": \"<string>\",\n      \"filterValue\": \"<string>\"\n    }\n  ]\n}","options":{"raw":{"language":"json"}}}},"status":"Unprocessable Entity (WebDAV) (RFC 4918)","code":422,"header":[{"disabled":false,"description":"unique transaction ID created for each request for tracking purposes","key":"x-fapi-interaction-id","value":"95ad42fb-afd1-2121-b794-3ed29342ks42"},{"key":"Content-Type","value":"application/json"}],"body":"{\n  \"type\": \"https://card.developer.fiserv.com/cards/error#invalid-request\",\n  \"title\": \"Invalid Request\",\n  \"detail\": \"We had a problem getting your credit and debit card information.\",\n  \"instance\": \"/v1/entity/example\",\n  \"status\": 400\n}","cookie":[],"_postman_previewlanguage":"json"},{"id":"d2237621-66ff-45df-86c3-66d4d1c8725b","name":"Too Many Requests","originalRequest":{"url":{"path":["v1","accounts","transactions","search"],"host":["{{baseUrl}}"],"query":[{"key":"filter","value":"summary,detail"},{"key":"pageOffset","value":"2"},{"key":"pageLimit","value":"50"}],"variable":[]},"header":[{"description":{"content":"Added as a part of security scheme: bearer","type":"text/plain"},"key":"Authorization","value":"Bearer <token>"},{"disabled":false,"description":"(Required) Retrieve an access token through the Access Token API. Access token is required in every request. Refer to documentation on access token  (https://card.developer.fiserv.com/apis/token).Tokens expire after 15 minutes. Provide the value as follows in the header. Authorization:: Bearer <Access Token Value>","key":"Authorization","value":"Bearer USlfM8dilzKZPcuGGP3BfVLd7Snk"},{"disabled":false,"description":"Optional. User on behalf of whom the request is being made. userId must be alphanumeric.","key":"userId","value":"johndoe"},{"disabled":false,"description":"(Required) Required. Provide 8 digit client id","key":"x-fapi-financial-id","value":"<string>"},{"key":"Accept","value":"application/json"}],"method":"POST","body":{"mode":"raw","raw":"{\n  \"accountNumber\": \"123456789\",\n  \"filterCriteria\": [\n    {\n      \"filterBy\": \"<string>\",\n      \"filterValue\": \"<string>\"\n    },\n    {\n      \"filterBy\": \"<string>\",\n      \"filterValue\": \"<string>\"\n    }\n  ]\n}","options":{"raw":{"language":"json"}}}},"status":"Too Many Requests","code":429,"header":[{"disabled":false,"description":"unique transaction ID created for each request for tracking purposes","key":"x-fapi-interaction-id","value":"95ad42fb-afd1-2121-b794-3ed29342ks42"},{"key":"Content-Type","value":"application/json"}],"body":"{\n  \"type\": \"https://card.developer.fiserv.com/cards/error#invalid-request\",\n  \"title\": \"Invalid Request\",\n  \"detail\": \"We had a problem getting your credit and debit card information.\",\n  \"instance\": \"/v1/entity/example\",\n  \"status\": 400\n}","cookie":[],"_postman_previewlanguage":"json"},{"id":"179a4af6-57b6-4a28-b1c4-2b15ab5427c7","name":"Internal Server Error","originalRequest":{"url":{"path":["v1","accounts","transactions","search"],"host":["{{baseUrl}}"],"query":[{"key":"filter","value":"summary,detail"},{"key":"pageOffset","value":"2"},{"key":"pageLimit","value":"50"}],"variable":[]},"header":[{"description":{"content":"Added as a part of security scheme: bearer","type":"text/plain"},"key":"Authorization","value":"Bearer <token>"},{"disabled":false,"description":"(Required) Retrieve an access token through the Access Token API. Access token is required in every request. Refer to documentation on access token  (https://card.developer.fiserv.com/apis/token).Tokens expire after 15 minutes. Provide the value as follows in the header. Authorization:: Bearer <Access Token Value>","key":"Authorization","value":"Bearer USlfM8dilzKZPcuGGP3BfVLd7Snk"},{"disabled":false,"description":"Optional. User on behalf of whom the request is being made. userId must be alphanumeric.","key":"userId","value":"johndoe"},{"disabled":false,"description":"(Required) Required. Provide 8 digit client id","key":"x-fapi-financial-id","value":"<string>"},{"key":"Accept","value":"application/json"}],"method":"POST","body":{"mode":"raw","raw":"{\n  \"accountNumber\": \"123456789\",\n  \"filterCriteria\": [\n    {\n      \"filterBy\": \"<string>\",\n      \"filterValue\": \"<string>\"\n    },\n    {\n      \"filterBy\": \"<string>\",\n      \"filterValue\": \"<string>\"\n    }\n  ]\n}","options":{"raw":{"language":"json"}}}},"status":"Internal Server Error","code":500,"header":[{"disabled":false,"description":"unique transaction ID created for each request for tracking purposes","key":"x-fapi-interaction-id","value":"95ad42fb-afd1-2121-b794-3ed29342ks42"},{"key":"Content-Type","value":"application/json"}],"body":"{\n  \"errorResponse\": {\n    \"code\": \"500-01\",\n    \"message\": \"internal server error\",\n    \"developerInfo\": {\n      \"developerMessage\": \"internal server error\",\n      \"moreInfo\": \"There was a problem handling your request.  Please try again.  If the problem persists please contact Fiserv ETSD at 888-243-2543 (you unique messageID included below)\",\n      \"messageid\": \"25557-84290371-1\"\n    }\n  }\n}","cookie":[],"_postman_previewlanguage":"json"}],"event":[],"protocolProfileBehavior":{"disableBodyPruning":true}}],"event":[]}],"event":[],"variable":[{"type":"string","value":"https://card.api.fiservapps.com/cs/accounts","key":"baseUrl"}],"auth":{"type":"bearer","bearer":[{"key":"token","value":"{{bearerToken}}"}]},"info":{"_postman_id":"ec8e3603-9954-45f7-a57c-91557f9f4496","name":"Accounts","schema":"https://schema.getpostman.com/json/collection/v2.1.0/collection.json","description":{"content":"Accounts Domain. All times will be in UTC standards.","type":"text/plain"}}}