{"item":[{"id":"02e7e648-abc2-410c-a0d9-06aa501d4e98","name":"users/{username}","item":[{"id":"2916ae65-80df-441c-8f08-2cbe98155625","name":"mfadevices","item":[{"id":"1cf65e31-0dec-4b49-b223-0a1f626678c2","name":"Get All  User Devices registered for MFA.","request":{"name":"Get All  User Devices registered for MFA.","description":{"content":"Returns a list of all device resources associated with the specified username. Request required username in the path and response body will have array of  devices. Each array object will have an individual device information consisting of deviceType , deviceName, CreateDate.","type":"text/plain"},"url":{"path":["users",":username","mfadevices"],"host":["{{baseUrl}}"],"query":[],"variable":[{"disabled":false,"type":"any","value":"<string>","key":"username","description":"(Required) Username"}]},"header":[{"key":"Accept","value":"application/json"}],"method":"GET","auth":null},"response":[{"id":"0b72dc1d-53ab-4711-89f2-1c78effecb1b","name":"Successful response","originalRequest":{"url":{"path":["users",":username","mfadevices"],"host":["{{baseUrl}}"],"query":[],"variable":[{"disabled":false,"type":"any","value":"<string>","key":"username","description":"(Required) Username"}]},"header":[{"description":{"content":"Added as a part of security scheme: oauth2","type":"text/plain"},"key":"Authorization","value":"<token>"},{"key":"Accept","value":"application/json"}],"method":"GET","body":{}},"status":"OK","code":200,"header":[{"key":"Content-Type","value":"application/json"}],"body":"[\n  {\n    \"deviceType\": \"TOTP\",\n    \"deviceName\": \"Google\",\n    \"status\": \"Active\",\n    \"createdAt\": \"06/16/2022\"\n  },\n  {\n    \"deviceType\": \"TOTP\",\n    \"deviceName\": \"MSFT\",\n    \"status\": \"Active\",\n    \"createdAt\": \"07/16/2022\"\n  }\n]","cookie":[],"_postman_previewlanguage":"json"},{"id":"98fd0a41-2c18-4f91-b1ec-a3ca5e5145ec","name":"The request cannot be validated.","originalRequest":{"url":{"path":["users",":username","mfadevices"],"host":["{{baseUrl}}"],"query":[],"variable":[{"disabled":false,"type":"any","value":"<string>","key":"username","description":"(Required) Username"}]},"header":[{"description":{"content":"Added as a part of security scheme: oauth2","type":"text/plain"},"key":"Authorization","value":"<token>"},{"key":"Accept","value":"application/json"}],"method":"GET","body":{}},"status":"Bad Request","code":400,"header":[{"key":"Content-Type","value":"application/json"}],"body":"{\n  \"code\": \"10008\",\n  \"message\": \"Invalid Authid\",\n  \"traceId\": \"7027b61dbf7645399d204dbfa0de0870\",\n  \"timestamp\": \"2022-06-24-15.30.20\"\n}","cookie":[],"_postman_previewlanguage":"json"},{"id":"84fb6441-cc2b-4217-8f91-435754fe79f1","name":"The request was unauthorized.","originalRequest":{"url":{"path":["users",":username","mfadevices"],"host":["{{baseUrl}}"],"query":[],"variable":[{"disabled":false,"type":"any","value":"<string>","key":"username","description":"(Required) Username"}]},"header":[{"description":{"content":"Added as a part of security scheme: oauth2","type":"text/plain"},"key":"Authorization","value":"<token>"},{"key":"Accept","value":"application/json"}],"method":"GET","body":{}},"status":"Unauthorized","code":401,"header":[{"key":"Content-Type","value":"application/json"}],"body":"{\n  \"code\": \"10001\",\n  \"message\": \"Access token has expired\",\n  \"traceId\": \"7027b61dbf7645399d204dbfa0de0870\",\n  \"timestamp\": \"2022-06-24-15.30.20\"\n}","cookie":[],"_postman_previewlanguage":"json"},{"id":"4b220bc1-87eb-4934-8502-4a7738c9c02c","name":"The requested resource does not exist.","originalRequest":{"url":{"path":["users",":username","mfadevices"],"host":["{{baseUrl}}"],"query":[],"variable":[{"disabled":false,"type":"any","value":"<string>","key":"username","description":"(Required) Username"}]},"header":[{"description":{"content":"Added as a part of security scheme: oauth2","type":"text/plain"},"key":"Authorization","value":"<token>"},{"key":"Accept","value":"application/json"}],"method":"GET","body":{}},"status":"Not Found","code":404,"header":[{"key":"Content-Type","value":"application/json"}],"body":"{\n  \"code\": \"10003\",\n  \"message\": \"User not found, please check the username\",\n  \"traceId\": \"7027b61dbf7645399d204dbfa0de0870\",\n  \"timestamp\": \"2022-06-24-15.30.20\"\n}","cookie":[],"_postman_previewlanguage":"json"},{"id":"9e0007a4-6f4c-4bf9-b950-c54de59565e9","name":"An unexpected internal server error occurred.","originalRequest":{"url":{"path":["users",":username","mfadevices"],"host":["{{baseUrl}}"],"query":[],"variable":[{"disabled":false,"type":"any","value":"<string>","key":"username","description":"(Required) Username"}]},"header":[{"description":{"content":"Added as a part of security scheme: oauth2","type":"text/plain"},"key":"Authorization","value":"<token>"},{"key":"Accept","value":"application/json"}],"method":"GET","body":{}},"status":"Internal Server Error","code":500,"header":[{"key":"Content-Type","value":"application/json"}],"body":"{\n  \"code\": \"10010\",\n  \"message\": \"An unexpected internal server error occurred. Try again later\",\n  \"traceId\": \"7027b61dbf7645399d204dbfa0de0870\",\n  \"timestamp\": \"2022-06-24-15.30.20\"\n}","cookie":[],"_postman_previewlanguage":"json"}],"event":[],"protocolProfileBehavior":{"disableBodyPruning":true}},{"id":"f23f4d41-faba-4b4b-8e49-2eb30c549e7b","name":"Register  device","request":{"name":"Register  device","description":{"content":"Device is activated and registered using TOTP displayed on the authenticator application.","type":"text/plain"},"url":{"path":["users",":username","mfadevices",":authId"],"host":["{{baseUrl}}"],"query":[],"variable":[{"disabled":false,"type":"any","value":"<string>","key":"username","description":"(Required) Username of the user activating the device. This should be similar to username used during registration"},{"disabled":false,"type":"any","value":"<string>","key":"authId","description":"(Required) Username of the user activating the device. This should be similar to username used during registration"}]},"header":[{"key":"Content-Type","value":"application/json"},{"key":"Accept","value":"application/json"}],"method":"POST","auth":null,"body":{"mode":"raw","raw":"{\n  \"deviceType\": \"<string>\",\n  \"origin\": \"<string>\",\n  \"attestation\": \"<string>\",\n  \"otp\": \"<password>\"\n}","options":{"raw":{"language":"json"}}}},"response":[{"id":"ba65afdd-9b1a-4082-ba51-039383469e33","name":"Successful Response","originalRequest":{"url":{"path":["users",":username","mfadevices",":authId"],"host":["{{baseUrl}}"],"query":[],"variable":[{"disabled":false,"type":"any","value":"<string>","key":"username","description":"(Required) Username of the user activating the device. This should be similar to username used during registration"},{"disabled":false,"type":"any","value":"<string>","key":"authId","description":"(Required) Username of the user activating the device. This should be similar to username used during registration"}]},"header":[{"description":{"content":"Added as a part of security scheme: oauth2","type":"text/plain"},"key":"Authorization","value":"<token>"},{"key":"Accept","value":"application/json"}],"method":"POST","body":{"mode":"raw","raw":"{\n  \"otp\": \"312312\"\n}","options":{"raw":{"language":"json"}}}},"status":"OK","code":200,"header":[{"key":"Content-Type","value":"application/json"}],"body":"[\n  {\n    \"status\": \"Success\",\n    \"message\": \"OTP has been validated successfully \"\n  }\n]","cookie":[],"_postman_previewlanguage":"json"},{"id":"b6fb3f2c-8e7f-4c6a-ad5d-4d8127ccdd2d","name":"The request cannot be validated.","originalRequest":{"url":{"path":["users",":username","mfadevices",":authId"],"host":["{{baseUrl}}"],"query":[],"variable":[{"disabled":false,"type":"any","value":"<string>","key":"username","description":"(Required) Username of the user activating the device. This should be similar to username used during registration"},{"disabled":false,"type":"any","value":"<string>","key":"authId","description":"(Required) Username of the user activating the device. This should be similar to username used during registration"}]},"header":[{"description":{"content":"Added as a part of security scheme: oauth2","type":"text/plain"},"key":"Authorization","value":"<token>"},{"key":"Accept","value":"application/json"}],"method":"POST","body":{"mode":"raw","raw":"{\n  \"otp\": \"312312\"\n}","options":{"raw":{"language":"json"}}}},"status":"Bad Request","code":400,"header":[{"key":"Content-Type","value":"application/json"}],"body":"{\n  \"code\": \"10008\",\n  \"message\": \"Invalid Authid\",\n  \"traceId\": \"7027b61dbf7645399d204dbfa0de0870\",\n  \"timestamp\": \"2022-06-24-15.30.20\"\n}","cookie":[],"_postman_previewlanguage":"json"},{"id":"c2dc7586-fbea-41cf-9b7d-f660bd033af8","name":"The request was unauthorized.","originalRequest":{"url":{"path":["users",":username","mfadevices",":authId"],"host":["{{baseUrl}}"],"query":[],"variable":[{"disabled":false,"type":"any","value":"<string>","key":"username","description":"(Required) Username of the user activating the device. This should be similar to username used during registration"},{"disabled":false,"type":"any","value":"<string>","key":"authId","description":"(Required) Username of the user activating the device. This should be similar to username used during registration"}]},"header":[{"description":{"content":"Added as a part of security scheme: oauth2","type":"text/plain"},"key":"Authorization","value":"<token>"},{"key":"Accept","value":"application/json"}],"method":"POST","body":{"mode":"raw","raw":"{\n  \"otp\": \"312312\"\n}","options":{"raw":{"language":"json"}}}},"status":"Unauthorized","code":401,"header":[{"key":"Content-Type","value":"application/json"}],"body":"{\n  \"code\": \"10001\",\n  \"message\": \"Access token has expired\",\n  \"traceId\": \"7027b61dbf7645399d204dbfa0de0870\",\n  \"timestamp\": \"2022-06-24-15.30.20\"\n}","cookie":[],"_postman_previewlanguage":"json"},{"id":"ece4f825-c2fe-4ab8-b902-76977cd7bd87","name":"The requested resource does not exist.","originalRequest":{"url":{"path":["users",":username","mfadevices",":authId"],"host":["{{baseUrl}}"],"query":[],"variable":[{"disabled":false,"type":"any","value":"<string>","key":"username","description":"(Required) Username of the user activating the device. This should be similar to username used during registration"},{"disabled":false,"type":"any","value":"<string>","key":"authId","description":"(Required) Username of the user activating the device. This should be similar to username used during registration"}]},"header":[{"description":{"content":"Added as a part of security scheme: oauth2","type":"text/plain"},"key":"Authorization","value":"<token>"},{"key":"Accept","value":"application/json"}],"method":"POST","body":{"mode":"raw","raw":"{\n  \"otp\": \"312312\"\n}","options":{"raw":{"language":"json"}}}},"status":"Not Found","code":404,"header":[{"key":"Content-Type","value":"application/json"}],"body":"{\n  \"code\": \"10003\",\n  \"message\": \"User not found, please check the username\",\n  \"traceId\": \"7027b61dbf7645399d204dbfa0de0870\",\n  \"timestamp\": \"2022-06-24-15.30.20\"\n}","cookie":[],"_postman_previewlanguage":"json"},{"id":"bc8d58fa-7484-4e43-b62e-8c448c3e9f5c","name":"An unexpected internal server error occurred.","originalRequest":{"url":{"path":["users",":username","mfadevices",":authId"],"host":["{{baseUrl}}"],"query":[],"variable":[{"disabled":false,"type":"any","value":"<string>","key":"username","description":"(Required) Username of the user activating the device. This should be similar to username used during registration"},{"disabled":false,"type":"any","value":"<string>","key":"authId","description":"(Required) Username of the user activating the device. This should be similar to username used during registration"}]},"header":[{"description":{"content":"Added as a part of security scheme: oauth2","type":"text/plain"},"key":"Authorization","value":"<token>"},{"key":"Accept","value":"application/json"}],"method":"POST","body":{"mode":"raw","raw":"{\n  \"otp\": \"312312\"\n}","options":{"raw":{"language":"json"}}}},"status":"Internal Server Error","code":500,"header":[{"key":"Content-Type","value":"application/json"}],"body":"{\n  \"code\": \"10010\",\n  \"message\": \"An unexpected internal server error occurred. Try again later\",\n  \"traceId\": \"7027b61dbf7645399d204dbfa0de0870\",\n  \"timestamp\": \"2022-06-24-15.30.20\"\n}","cookie":[],"_postman_previewlanguage":"json"}],"event":[],"protocolProfileBehavior":{"disableBodyPruning":true}}],"event":[]},{"id":"669fa6d9-2d88-4d89-b459-e560a8cb4326","name":"Add  User device.","request":{"name":"Add  User device.","description":{"content":"Operation to add a MFA device to a user resource.","type":"text/plain"},"url":{"path":["users",":username","mfadevices "],"host":["{{baseUrl}}"],"query":[],"variable":[{"disabled":false,"type":"any","value":"<string>","key":"username","description":"(Required) User Name associated associated with the device."}]},"header":[{"key":"Content-Type","value":"application/json"},{"key":"Accept","value":"application/json"}],"method":"POST","auth":null,"body":{"mode":"raw","raw":"{\n  \"authId\": \"<string>\",\n  \"deviceType\": \"<string>\",\n  \"status\": \"<string>\",\n  \"phoneNumber\": \"<string>\",\n  \"email\": \"<string>\",\n  \"deviceName\": \"<string>\",\n  \"createdAt\": \"<string>\",\n  \"updatedAt\": \"<string>\",\n  \"secret\": \"<string>\",\n  \"registrationUri\": \"<string>\",\n  \"rpDomain\": {\n    \"id\": \"<string>\",\n    \"name\": \"<string>\"\n  }\n}","options":{"raw":{"language":"json"}}}},"response":[{"id":"510b7ade-ede1-48b2-b335-ed4b90982994","name":"Created","originalRequest":{"url":{"path":["users",":username","mfadevices "],"host":["{{baseUrl}}"],"query":[],"variable":[{"disabled":false,"type":"any","value":"<string>","key":"username","description":"(Required) User Name associated associated with the device."}]},"header":[{"description":{"content":"Added as a part of security scheme: oauth2","type":"text/plain"},"key":"Authorization","value":"<token>"},{"key":"Accept","value":"application/json"}],"method":"POST","body":{"mode":"raw","raw":"{\n  \"deviceType\": \"TOTP\",\n  \"deviceName\": \"Google\"\n}","options":{"raw":{"language":"json"}}}},"status":"Created","code":201,"header":[{"key":"Content-Type","value":"application/json"}],"body":"{\n  \"deviceType\": \"TOTP\",\n  \"deviceName\": \"Google\",\n  \"status\": \"ACTIVATION_REQUIRED\",\n  \"authId\": \"30706e95-5e38-4148-b0e3-1e801cd87660\\\"\",\n  \"registrationUri\": \"otpauth://totp/tomjones@example.com?secret=BYTUOYTTUPPTDNKEODND36NV7NA7S4D3\",\n  \"secret\": \"BYTUOYTTUPPTDNKEODND36NV7NA7S4D3\"\n}","cookie":[],"_postman_previewlanguage":"json"},{"id":"25c1adfc-5533-4385-9bdd-957516876f4e","name":"The request cannot be validated.","originalRequest":{"url":{"path":["users",":username","mfadevices "],"host":["{{baseUrl}}"],"query":[],"variable":[{"disabled":false,"type":"any","value":"<string>","key":"username","description":"(Required) User Name associated associated with the device."}]},"header":[{"description":{"content":"Added as a part of security scheme: oauth2","type":"text/plain"},"key":"Authorization","value":"<token>"},{"key":"Accept","value":"application/json"}],"method":"POST","body":{"mode":"raw","raw":"{\n  \"deviceType\": \"TOTP\",\n  \"deviceName\": \"Google\"\n}","options":{"raw":{"language":"json"}}}},"status":"Bad Request","code":400,"header":[{"key":"Content-Type","value":"application/json"}],"body":"{\n  \"code\": \"10008\",\n  \"message\": \"Invalid Authid\",\n  \"traceId\": \"7027b61dbf7645399d204dbfa0de0870\",\n  \"timestamp\": \"2022-06-24-15.30.20\"\n}","cookie":[],"_postman_previewlanguage":"json"},{"id":"dbaf0226-954e-48c3-ae7b-33ccd454dc0b","name":"The request was unauthorized.","originalRequest":{"url":{"path":["users",":username","mfadevices "],"host":["{{baseUrl}}"],"query":[],"variable":[{"disabled":false,"type":"any","value":"<string>","key":"username","description":"(Required) User Name associated associated with the device."}]},"header":[{"description":{"content":"Added as a part of security scheme: oauth2","type":"text/plain"},"key":"Authorization","value":"<token>"},{"key":"Accept","value":"application/json"}],"method":"POST","body":{"mode":"raw","raw":"{\n  \"deviceType\": \"TOTP\",\n  \"deviceName\": \"Google\"\n}","options":{"raw":{"language":"json"}}}},"status":"Unauthorized","code":401,"header":[{"key":"Content-Type","value":"application/json"}],"body":"{\n  \"code\": \"10001\",\n  \"message\": \"Access token has expired\",\n  \"traceId\": \"7027b61dbf7645399d204dbfa0de0870\",\n  \"timestamp\": \"2022-06-24-15.30.20\"\n}","cookie":[],"_postman_previewlanguage":"json"},{"id":"dd744f05-89d4-4988-b54c-c600e4eba8d2","name":"The requested resource does not exist.","originalRequest":{"url":{"path":["users",":username","mfadevices "],"host":["{{baseUrl}}"],"query":[],"variable":[{"disabled":false,"type":"any","value":"<string>","key":"username","description":"(Required) User Name associated associated with the device."}]},"header":[{"description":{"content":"Added as a part of security scheme: oauth2","type":"text/plain"},"key":"Authorization","value":"<token>"},{"key":"Accept","value":"application/json"}],"method":"POST","body":{"mode":"raw","raw":"{\n  \"deviceType\": \"TOTP\",\n  \"deviceName\": \"Google\"\n}","options":{"raw":{"language":"json"}}}},"status":"Not Found","code":404,"header":[{"key":"Content-Type","value":"application/json"}],"body":"{\n  \"code\": \"10003\",\n  \"message\": \"User not found, please check the username\",\n  \"traceId\": \"7027b61dbf7645399d204dbfa0de0870\",\n  \"timestamp\": \"2022-06-24-15.30.20\"\n}","cookie":[],"_postman_previewlanguage":"json"},{"id":"0791bd65-daef-4553-a398-52115896797d","name":"An unexpected internal server error occurred.","originalRequest":{"url":{"path":["users",":username","mfadevices "],"host":["{{baseUrl}}"],"query":[],"variable":[{"disabled":false,"type":"any","value":"<string>","key":"username","description":"(Required) User Name associated associated with the device."}]},"header":[{"description":{"content":"Added as a part of security scheme: oauth2","type":"text/plain"},"key":"Authorization","value":"<token>"},{"key":"Accept","value":"application/json"}],"method":"POST","body":{"mode":"raw","raw":"{\n  \"deviceType\": \"TOTP\",\n  \"deviceName\": \"Google\"\n}","options":{"raw":{"language":"json"}}}},"status":"Internal Server Error","code":500,"header":[{"key":"Content-Type","value":"application/json"}],"body":"{\n  \"code\": \"10010\",\n  \"message\": \"An unexpected internal server error occurred. Try again later\",\n  \"traceId\": \"7027b61dbf7645399d204dbfa0de0870\",\n  \"timestamp\": \"2022-06-24-15.30.20\"\n}","cookie":[],"_postman_previewlanguage":"json"}],"event":[],"protocolProfileBehavior":{"disableBodyPruning":true}}],"event":[]},{"id":"52d046cd-f6d7-40c1-85a4-d25b9222cd1b","name":"deviceAuthentications","item":[{"id":"a89d5c88-6d41-4dcf-9b49-f1d7d7214e9e","name":"Initialize Device Authentication","request":{"name":"Initialize Device Authentication","description":{"content":"The POST deviceAuthentications operation initiates an MFA device authentication flow.  Operation supports authentication using SMS, EMAIL and registered TOTP device such as Google authenticator.  The request body requires a username, deviceType  attribute to associate a user with the MFA flow. SMS or EMAIL based OTP based authentication  requires either email or Phone Number depending on deviceType selected. TOTP flow required deviceName provided during device registration  flow . For  device registration  refer device registration API. The response returns a  authentication ID that is required for the next steps in the flow. The response also includes a status and message.","type":"text/plain"},"url":{"path":["deviceAuthentications"],"host":["{{baseUrl}}"],"query":[],"variable":[]},"header":[{"key":"Content-Type","value":"application/json"},{"key":"Accept","value":"application/json"}],"method":"POST","auth":null,"body":{"mode":"raw","raw":"{\n  \"userName\": \"<string>\",\n  \"deviceType\": \"<string>\",\n  \"phoneNumber\": \"<string>\",\n  \"email\": \"<string>\",\n  \"deviceName\": \"<string>\",\n  \"templateName\": \"<string>\"\n}","options":{"raw":{"language":"json"}}}},"response":[{"id":"0029928a-2f5e-41f9-8ae7-ec8eebc1b6b7","name":"Successfully created.","originalRequest":{"url":{"path":["deviceAuthentications"],"host":["{{baseUrl}}"],"query":[],"variable":[]},"header":[{"description":{"content":"Added as a part of security scheme: oauth2","type":"text/plain"},"key":"Authorization","value":"<token>"},{"key":"Accept","value":"application/json"}],"method":"POST","body":{"mode":"raw","raw":"[\n  {\n    \"userName\": \"jdoe\",\n    \"deviceType\": \"EMAIL\",\n    \"email\": \"a@b.com\",\n    \"deviceName\": \"MyEmail\",\n    \"templateName\": \"emailTemplate\"\n  }\n]","options":{"raw":{"language":"json"}}}},"status":"Created","code":201,"header":[{"key":"Content-Type","value":"application/json"}],"body":"[\n  {\n    \"authId\": \"798798789\",\n    \"status\": \"Success\",\n    \"message\": \"OTP has been sent to the device\"\n  }\n]","cookie":[],"_postman_previewlanguage":"json"},{"id":"6fb3bb92-368d-43b2-a7ea-54b6a4e98e69","name":"The request cannot be validated.","originalRequest":{"url":{"path":["deviceAuthentications"],"host":["{{baseUrl}}"],"query":[],"variable":[]},"header":[{"description":{"content":"Added as a part of security scheme: oauth2","type":"text/plain"},"key":"Authorization","value":"<token>"},{"key":"Accept","value":"application/json"}],"method":"POST","body":{"mode":"raw","raw":"[\n  {\n    \"userName\": \"jdoe\",\n    \"deviceType\": \"EMAIL\",\n    \"email\": \"a@b.com\",\n    \"deviceName\": \"MyEmail\",\n    \"templateName\": \"emailTemplate\"\n  }\n]","options":{"raw":{"language":"json"}}}},"status":"Bad Request","code":400,"header":[{"key":"Content-Type","value":"application/json"}],"body":"{\n  \"code\": \"10008\",\n  \"message\": \"Invalid Authid\",\n  \"traceId\": \"7027b61dbf7645399d204dbfa0de0870\",\n  \"timestamp\": \"2022-06-24-15.30.20\"\n}","cookie":[],"_postman_previewlanguage":"json"},{"id":"3d2ce446-b990-45ec-9871-8a6485235c4a","name":"The request was unauthorized.","originalRequest":{"url":{"path":["deviceAuthentications"],"host":["{{baseUrl}}"],"query":[],"variable":[]},"header":[{"description":{"content":"Added as a part of security scheme: oauth2","type":"text/plain"},"key":"Authorization","value":"<token>"},{"key":"Accept","value":"application/json"}],"method":"POST","body":{"mode":"raw","raw":"[\n  {\n    \"userName\": \"jdoe\",\n    \"deviceType\": \"EMAIL\",\n    \"email\": \"a@b.com\",\n    \"deviceName\": \"MyEmail\",\n    \"templateName\": \"emailTemplate\"\n  }\n]","options":{"raw":{"language":"json"}}}},"status":"Unauthorized","code":401,"header":[{"key":"Content-Type","value":"application/json"}],"body":"{\n  \"code\": \"10001\",\n  \"message\": \"Access token has expired\",\n  \"traceId\": \"7027b61dbf7645399d204dbfa0de0870\",\n  \"timestamp\": \"2022-06-24-15.30.20\"\n}","cookie":[],"_postman_previewlanguage":"json"},{"id":"799b4d80-fa87-4fee-9061-27ae82568867","name":"The requested resource does not exist.","originalRequest":{"url":{"path":["deviceAuthentications"],"host":["{{baseUrl}}"],"query":[],"variable":[]},"header":[{"description":{"content":"Added as a part of security scheme: oauth2","type":"text/plain"},"key":"Authorization","value":"<token>"},{"key":"Accept","value":"application/json"}],"method":"POST","body":{"mode":"raw","raw":"[\n  {\n    \"userName\": \"jdoe\",\n    \"deviceType\": \"EMAIL\",\n    \"email\": \"a@b.com\",\n    \"deviceName\": \"MyEmail\",\n    \"templateName\": \"emailTemplate\"\n  }\n]","options":{"raw":{"language":"json"}}}},"status":"Not Found","code":404,"header":[{"key":"Content-Type","value":"application/json"}],"body":"{\n  \"code\": \"10003\",\n  \"message\": \"User not found, please check the username\",\n  \"traceId\": \"7027b61dbf7645399d204dbfa0de0870\",\n  \"timestamp\": \"2022-06-24-15.30.20\"\n}","cookie":[],"_postman_previewlanguage":"json"},{"id":"e9db233e-99ca-42f4-a713-cae2cdada532","name":"An unexpected internal server error occurred.","originalRequest":{"url":{"path":["deviceAuthentications"],"host":["{{baseUrl}}"],"query":[],"variable":[]},"header":[{"description":{"content":"Added as a part of security scheme: oauth2","type":"text/plain"},"key":"Authorization","value":"<token>"},{"key":"Accept","value":"application/json"}],"method":"POST","body":{"mode":"raw","raw":"[\n  {\n    \"userName\": \"jdoe\",\n    \"deviceType\": \"EMAIL\",\n    \"email\": \"a@b.com\",\n    \"deviceName\": \"MyEmail\",\n    \"templateName\": \"emailTemplate\"\n  }\n]","options":{"raw":{"language":"json"}}}},"status":"Internal Server Error","code":500,"header":[{"key":"Content-Type","value":"application/json"}],"body":"{\n  \"code\": \"10010\",\n  \"message\": \"An unexpected internal server error occurred. Try again later\",\n  \"traceId\": \"7027b61dbf7645399d204dbfa0de0870\",\n  \"timestamp\": \"2022-06-24-15.30.20\"\n}","cookie":[],"_postman_previewlanguage":"json"}],"event":[],"protocolProfileBehavior":{"disableBodyPruning":true}},{"id":"ff7467f3-93f4-4ae1-ad4c-fb4ce6ae3f2b","name":"Validate Device authentication request","request":{"name":"Validate Device authentication request","description":{"content":"The multi-factor authentication flow uses a one-time passcode (OTP) sent to the user's device to continue the flow. The user receives the OTP on a specified device and submits it as a step in the authentication process. Prerequisite is to call Initialize device authentication to get a {{authID}} for the endpoint.","type":"text/plain"},"url":{"path":["deviceAuthentications",":authId"],"host":["{{baseUrl}}"],"query":[],"variable":[{"disabled":false,"type":"any","value":"<string>","key":"authId","description":"(Required) "}]},"header":[{"key":"Content-Type","value":"application/json"},{"key":"Accept","value":"application/json"}],"method":"POST","auth":null,"body":{"mode":"raw","raw":"{\n  \"otp\": \"<password>\"\n}","options":{"raw":{"language":"json"}}}},"response":[{"id":"e012550b-9cfe-44c0-baaa-2f9d9d9b635b","name":"Successful operation.","originalRequest":{"url":{"path":["deviceAuthentications",":authId"],"host":["{{baseUrl}}"],"query":[],"variable":[{"disabled":false,"type":"any","value":"<string>","key":"authId","description":"(Required) "}]},"header":[{"description":{"content":"Added as a part of security scheme: oauth2","type":"text/plain"},"key":"Authorization","value":"<token>"},{"key":"Accept","value":"application/json"}],"method":"POST","body":{"mode":"raw","raw":"{\n  \"otp\": \"3423423\"\n}","options":{"raw":{"language":"json"}}}},"status":"OK","code":200,"header":[{"key":"Content-Type","value":"application/json"}],"body":"[\n  {\n    \"status\": \"Success\",\n    \"message\": \"OTP has been validated successfully \"\n  }\n]","cookie":[],"_postman_previewlanguage":"json"},{"id":"4c673f04-2350-46b8-a339-20d3d903a9d5","name":"The request cannot be validated.","originalRequest":{"url":{"path":["deviceAuthentications",":authId"],"host":["{{baseUrl}}"],"query":[],"variable":[{"disabled":false,"type":"any","value":"<string>","key":"authId","description":"(Required) "}]},"header":[{"description":{"content":"Added as a part of security scheme: oauth2","type":"text/plain"},"key":"Authorization","value":"<token>"},{"key":"Accept","value":"application/json"}],"method":"POST","body":{"mode":"raw","raw":"{\n  \"otp\": \"3423423\"\n}","options":{"raw":{"language":"json"}}}},"status":"Bad Request","code":400,"header":[{"key":"Content-Type","value":"application/json"}],"body":"{\n  \"code\": \"10008\",\n  \"message\": \"Invalid Authid\",\n  \"traceId\": \"7027b61dbf7645399d204dbfa0de0870\",\n  \"timestamp\": \"2022-06-24-15.30.20\"\n}","cookie":[],"_postman_previewlanguage":"json"},{"id":"87229e93-cb61-4ade-8e16-f6017d7ae290","name":"The request was unauthorized.","originalRequest":{"url":{"path":["deviceAuthentications",":authId"],"host":["{{baseUrl}}"],"query":[],"variable":[{"disabled":false,"type":"any","value":"<string>","key":"authId","description":"(Required) "}]},"header":[{"description":{"content":"Added as a part of security scheme: oauth2","type":"text/plain"},"key":"Authorization","value":"<token>"},{"key":"Accept","value":"application/json"}],"method":"POST","body":{"mode":"raw","raw":"{\n  \"otp\": \"3423423\"\n}","options":{"raw":{"language":"json"}}}},"status":"Unauthorized","code":401,"header":[{"key":"Content-Type","value":"application/json"}],"body":"{\n  \"code\": \"10001\",\n  \"message\": \"Access token has expired\",\n  \"traceId\": \"7027b61dbf7645399d204dbfa0de0870\",\n  \"timestamp\": \"2022-06-24-15.30.20\"\n}","cookie":[],"_postman_previewlanguage":"json"},{"id":"4514cfc0-3cb3-4c55-9662-45563495360b","name":"The requested resource does not exist.","originalRequest":{"url":{"path":["deviceAuthentications",":authId"],"host":["{{baseUrl}}"],"query":[],"variable":[{"disabled":false,"type":"any","value":"<string>","key":"authId","description":"(Required) "}]},"header":[{"description":{"content":"Added as a part of security scheme: oauth2","type":"text/plain"},"key":"Authorization","value":"<token>"},{"key":"Accept","value":"application/json"}],"method":"POST","body":{"mode":"raw","raw":"{\n  \"otp\": \"3423423\"\n}","options":{"raw":{"language":"json"}}}},"status":"Not Found","code":404,"header":[{"key":"Content-Type","value":"application/json"}],"body":"{\n  \"code\": \"10003\",\n  \"message\": \"User not found, please check the username\",\n  \"traceId\": \"7027b61dbf7645399d204dbfa0de0870\",\n  \"timestamp\": \"2022-06-24-15.30.20\"\n}","cookie":[],"_postman_previewlanguage":"json"},{"id":"4425abad-fa7b-45a9-9898-1472ba88717e","name":"An unexpected internal server error occurred.","originalRequest":{"url":{"path":["deviceAuthentications",":authId"],"host":["{{baseUrl}}"],"query":[],"variable":[{"disabled":false,"type":"any","value":"<string>","key":"authId","description":"(Required) "}]},"header":[{"description":{"content":"Added as a part of security scheme: oauth2","type":"text/plain"},"key":"Authorization","value":"<token>"},{"key":"Accept","value":"application/json"}],"method":"POST","body":{"mode":"raw","raw":"{\n  \"otp\": \"3423423\"\n}","options":{"raw":{"language":"json"}}}},"status":"Internal Server Error","code":500,"header":[{"key":"Content-Type","value":"application/json"}],"body":"{\n  \"code\": \"10010\",\n  \"message\": \"An unexpected internal server error occurred. Try again later\",\n  \"traceId\": \"7027b61dbf7645399d204dbfa0de0870\",\n  \"timestamp\": \"2022-06-24-15.30.20\"\n}","cookie":[],"_postman_previewlanguage":"json"}],"event":[],"protocolProfileBehavior":{"disableBodyPruning":true}}],"event":[]}],"event":[],"variable":[{"type":"string","value":"https://ciam-mfa-api-dev.1dc.com/ciam-mfa/v1","key":"baseUrl"}],"auth":{"type":"oauth2","oauth2":[{"key":"accessTokenUrl","value":"https://ciam-mfa-api-dev.1dc.com/ciam-mfa/v1/get/token"},{"key":"grant_type","value":"client_credentials"}]},"info":{"_postman_id":"55835f68-aa3f-4534-9eef-6b9699ff410c","name":"CIAM MFA API","schema":"https://schema.getpostman.com/json/collection/v2.1.0/collection.json","description":{"content":"This API Specification is designed to provide technical guidance required to consume and integrate with our APIs for multi factor authentication.","type":"text/plain"}}}