{"item":[{"id":"d813b2de-1514-474b-b99b-c90387608e62","name":"addrservice/partyacctsvc/address","item":[{"id":"4a4014cf-c761-42fc-800a-bcd042582024","name":"Update Address","request":{"name":"Update Address","description":{"content":"Modifies the existing address record associated with the financial account or Party. \n        <br><br>\n        For more information about the Accountholder domain, <a href=\"../docs/?path=docs/fintechs/accountholder.md\" title=\"Click to open\">click here.</a>\n       <br><br>\n        <b>Relates to:</b>\n          <ul> \n            <li><a href=\"../docs/?path=docs/banks-and-CU/deposits.md\" title=\"Click to open\">Deposits</a></li>\n            <li><a href=\"../docs/?path=docs/banks-and-CU/loans.md\" title=\"Click to open\">Loans</a></li>\n            <li><a href=\"../docs/?path=docs/banks-and-CU/bank-servicing.md\" title=\"Click to open\">Bank Servicing</a></li>\n          </ul>","type":"text/plain"},"url":{"path":["addrservice","partyacctsvc","address"],"host":["{{baseUrl}}"],"query":[],"variable":[]},"header":[{"disabled":false,"description":"(Required) EFX Header is a common and required component for all API calls, it contains authentication and client-related parameters. Please note that the header parameters should be sent as a JSON object under the EFXHeader parameter. To view the list of header parameters, <a href=\"../docs?path=docs/api-ref-EFX-header.md\" title=\"Click to open\"> click here.</a>","key":"EFXHeader","value":"OrganizationId,<string>,TrnId,<string>,VendorId,<string>,Context,[object Object]"},{"key":"Content-Type","value":"application/json"},{"key":"Accept","value":"application/json"}],"method":"PUT","auth":null,"body":{"mode":"raw","raw":"{\n  \"AddrInfo\": {\n    \"PostAddr\": [\n      {\n        \"AddrType\": \"<string>\",\n        \"AddrFormatType\": \"<string>\",\n        \"FullName1\": \"<string>\",\n        \"Addr1\": \"<string>\",\n        \"Addr2\": \"<string>\",\n        \"City\": \"<string>\",\n        \"County\": \"<string>\",\n        \"StateProv\": \"<string>\",\n        \"PostalCode\": \"<string>\",\n        \"CountryCode\": {\n          \"CountryCodeValue\": \"<string>\",\n          \"CountryCodeSource\": \"<string>\"\n        },\n        \"TimeFrame\": {\n          \"StartDt\": \"<string>\",\n          \"EndDt\": \"<string>\"\n        },\n        \"ExpDt\": \"<date>\",\n        \"MoveInDt\": \"<date>\",\n        \"ContactMethod\": \"<string>\",\n        \"UpDt\": \"<string>\",\n        \"Comment\": \"<string>\",\n        \"CensusTract\": \"<string>\",\n        \"ForeignFlag\": \"<boolean>\",\n        \"MaintDt\": \"<string>\",\n        \"PhoneNum\": [\n          {\n            \"PhoneType\": \"<string>\",\n            \"PhoneIdent\": \"<long>\"\n          },\n          {\n            \"PhoneType\": \"<string>\",\n            \"PhoneIdent\": \"<long>\"\n          }\n        ]\n      },\n      {\n        \"AddrType\": \"<string>\",\n        \"AddrFormatType\": \"<string>\",\n        \"FullName1\": \"<string>\",\n        \"Addr1\": \"<string>\",\n        \"Addr2\": \"<string>\",\n        \"City\": \"<string>\",\n        \"County\": \"<string>\",\n        \"StateProv\": \"<string>\",\n        \"PostalCode\": \"<string>\",\n        \"CountryCode\": {\n          \"CountryCodeValue\": \"<string>\",\n          \"CountryCodeSource\": \"<string>\"\n        },\n        \"TimeFrame\": {\n          \"StartDt\": \"<string>\",\n          \"EndDt\": \"<string>\"\n        },\n        \"ExpDt\": \"<date>\",\n        \"MoveInDt\": \"<date>\",\n        \"ContactMethod\": \"<string>\",\n        \"UpDt\": \"<string>\",\n        \"Comment\": \"<string>\",\n        \"CensusTract\": \"<string>\",\n        \"ForeignFlag\": \"<boolean>\",\n        \"MaintDt\": \"<string>\",\n        \"PhoneNum\": [\n          {\n            \"PhoneType\": \"<string>\",\n            \"PhoneIdent\": \"<long>\"\n          },\n          {\n            \"PhoneType\": \"<string>\",\n            \"PhoneIdent\": \"<long>\"\n          }\n        ]\n      }\n    ]\n  },\n  \"AddrKeys\": {\n    \"PartyKeys\": {\n      \"PartyId\": \"<string>\"\n    },\n    \"AddressIdent\": \"<string>\"\n  },\n  \"OvrdExceptionData\": {\n    \"OvrdAutoAckInd\": \"<boolean>\"\n  }\n}","options":{"raw":{"language":"json"}}}},"response":[{"id":"bcc7cc98-07d0-460a-ae95-5b9095a8ddc4","name":"Success","originalRequest":{"url":{"path":["addrservice","partyacctsvc","address"],"host":["{{baseUrl}}"],"query":[],"variable":[]},"header":[{"disabled":false,"description":"(Required) EFX Header is a common and required component for all API calls, it contains authentication and client-related parameters. Please note that the header parameters should be sent as a JSON object under the EFXHeader parameter. To view the list of header parameters, <a href=\"../docs?path=docs/api-ref-EFX-header.md\" title=\"Click to open\"> click here.</a>","key":"EFXHeader","value":"OrganizationId,<string>,TrnId,<string>,VendorId,<string>,Context,[object Object]"},{"key":"Accept","value":"application/json"}],"method":"PUT","body":{"mode":"raw","raw":"{\n  \"AddrInfo\": {\n    \"PostAddr\": [\n      {\n        \"AddrType\": \"<string>\",\n        \"AddrFormatType\": \"<string>\",\n        \"FullName1\": \"<string>\",\n        \"Addr1\": \"<string>\",\n        \"Addr2\": \"<string>\",\n        \"City\": \"<string>\",\n        \"County\": \"<string>\",\n        \"StateProv\": \"<string>\",\n        \"PostalCode\": \"<string>\",\n        \"CountryCode\": {\n          \"CountryCodeValue\": \"<string>\",\n          \"CountryCodeSource\": \"<string>\"\n        },\n        \"TimeFrame\": {\n          \"StartDt\": \"<string>\",\n          \"EndDt\": \"<string>\"\n        },\n        \"ExpDt\": \"<date>\",\n        \"MoveInDt\": \"<date>\",\n        \"ContactMethod\": \"<string>\",\n        \"UpDt\": \"<string>\",\n        \"Comment\": \"<string>\",\n        \"CensusTract\": \"<string>\",\n        \"ForeignFlag\": \"<boolean>\",\n        \"MaintDt\": \"<string>\",\n        \"PhoneNum\": [\n          {\n            \"PhoneType\": \"<string>\",\n            \"PhoneIdent\": \"<long>\"\n          },\n          {\n            \"PhoneType\": \"<string>\",\n            \"PhoneIdent\": \"<long>\"\n          }\n        ]\n      },\n      {\n        \"AddrType\": \"<string>\",\n        \"AddrFormatType\": \"<string>\",\n        \"FullName1\": \"<string>\",\n        \"Addr1\": \"<string>\",\n        \"Addr2\": \"<string>\",\n        \"City\": \"<string>\",\n        \"County\": \"<string>\",\n        \"StateProv\": \"<string>\",\n        \"PostalCode\": \"<string>\",\n        \"CountryCode\": {\n          \"CountryCodeValue\": \"<string>\",\n          \"CountryCodeSource\": \"<string>\"\n        },\n        \"TimeFrame\": {\n          \"StartDt\": \"<string>\",\n          \"EndDt\": \"<string>\"\n        },\n        \"ExpDt\": \"<date>\",\n        \"MoveInDt\": \"<date>\",\n        \"ContactMethod\": \"<string>\",\n        \"UpDt\": \"<string>\",\n        \"Comment\": \"<string>\",\n        \"CensusTract\": \"<string>\",\n        \"ForeignFlag\": \"<boolean>\",\n        \"MaintDt\": \"<string>\",\n        \"PhoneNum\": [\n          {\n            \"PhoneType\": \"<string>\",\n            \"PhoneIdent\": \"<long>\"\n          },\n          {\n            \"PhoneType\": \"<string>\",\n            \"PhoneIdent\": \"<long>\"\n          }\n        ]\n      }\n    ]\n  },\n  \"AddrKeys\": {\n    \"PartyKeys\": {\n      \"PartyId\": \"<string>\"\n    },\n    \"AddressIdent\": \"<string>\"\n  },\n  \"OvrdExceptionData\": {\n    \"OvrdAutoAckInd\": \"<boolean>\"\n  }\n}","options":{"raw":{"language":"json"}}}},"status":"OK","code":200,"header":[{"key":"Content-Type","value":"application/json"}],"body":"{\n  \"AddrStatusRec\": {\n    \"AddrKeys\": {\n      \"PartyKeys\": {\n        \"PartyId\": \"irure temp\"\n      },\n      \"AddressIdent\": \"in tempor fugiat ut Ut\"\n    },\n    \"AddrStatus\": {\n      \"AddrStatusCode\": \"Valid\",\n      \"EffDt\": \"9669-62-03T64:06:46+00:15\"\n    }\n  },\n  \"Status\": {\n    \"Severity\": \"Warning\",\n    \"StatusCode\": \"Lorem labore velit \",\n    \"StatusDesc\": \"do anim magna veniam reprehenderit\",\n    \"SvcProviderName\": \"sed consequat\",\n    \"Id\": \"laborum Lorem dolor in\",\n    \"ServerStatusCode\": \"s\",\n    \"ServerStatusDesc\": \"deserunt irure aute laborum ipsum\",\n    \"OvrdExceptionInd\": false,\n    \"SubjectRole\": \"sed\",\n    \"SubjectElement\": [\n      {\n        \"Path\": \"ullamco commodo anim exercitation\",\n        \"ServerPath\": \"exercitation proident ea in\",\n        \"Value\": \"mollit aliqua\"\n      },\n      {\n        \"Path\": \"enim\",\n        \"ServerPath\": \"fugiat aute occaecat\",\n        \"Value\": \"ir\"\n      }\n    ],\n    \"ContentHTML\": \"commodo est\",\n    \"AdditionalStatus\": [\n      {\n        \"StatusCode\": \"labore irure\",\n        \"StatusDesc\": \"deserunt culpa in aliquip esse\",\n        \"Severity\": \"Warning\",\n        \"SvcProviderName\": \"nostrud aliqua\",\n        \"ServerStatusCode\": \"ullamco f\",\n        \"ServerStatusDesc\": \"est aliquip\",\n        \"OvrdExceptionInd\": false,\n        \"SubjectElement\": [\n          {\n            \"Path\": \"in ea\",\n            \"ServerPath\": \"voluptate amet labore nulla incididunt\",\n            \"Value\": \"consectetur irure veniam aute\"\n          },\n          {\n            \"Path\": \"nulla id nostrud ut Duis\",\n            \"ServerPath\": \"sint\",\n            \"Value\": \"incididunt sit exercitation\"\n          }\n        ]\n      },\n      {\n        \"StatusCode\": \"in\",\n        \"StatusDesc\": \"dolor cupidatat\",\n        \"Severity\": \"Info\",\n        \"SvcProviderName\": \"minim sint nostrud\",\n        \"ServerStatusCode\": \"incididunt et\",\n        \"ServerStatusDesc\": \"aliqua commodo\",\n        \"OvrdExceptionInd\": true,\n        \"SubjectElement\": [\n          {\n            \"Path\": \"incididunt Ut\",\n            \"ServerPath\": \"qui reprehenderit ex eiusmod\",\n            \"Value\": \"sit non\"\n          },\n          {\n            \"Path\": \"in\",\n            \"ServerPath\": \"Duis do esse dolore\",\n            \"Value\": \"commodo aliquip in\"\n          }\n        ]\n      }\n    ]\n  }\n}","cookie":[],"_postman_previewlanguage":"json"},{"id":"ea005003-44ca-4496-9eca-b3f031b3df4a","name":"To view the complete list of response codes, <a href=\"../docs/?path=docs/response-codes.md\" title=\"Click to open\">click here.</a>","originalRequest":{"url":{"path":["addrservice","partyacctsvc","address"],"host":["{{baseUrl}}"],"query":[],"variable":[]},"header":[{"disabled":false,"description":"(Required) EFX Header is a common and required component for all API calls, it contains authentication and client-related parameters. Please note that the header parameters should be sent as a JSON object under the EFXHeader parameter. To view the list of header parameters, <a href=\"../docs?path=docs/api-ref-EFX-header.md\" title=\"Click to open\"> click here.</a>","key":"EFXHeader","value":"OrganizationId,<string>,TrnId,<string>,VendorId,<string>,Context,[object Object]"},{"key":"Accept","value":"application/json"}],"method":"PUT","body":{"mode":"raw","raw":"{\n  \"AddrInfo\": {\n    \"PostAddr\": [\n      {\n        \"AddrType\": \"<string>\",\n        \"AddrFormatType\": \"<string>\",\n        \"FullName1\": \"<string>\",\n        \"Addr1\": \"<string>\",\n        \"Addr2\": \"<string>\",\n        \"City\": \"<string>\",\n        \"County\": \"<string>\",\n        \"StateProv\": \"<string>\",\n        \"PostalCode\": \"<string>\",\n        \"CountryCode\": {\n          \"CountryCodeValue\": \"<string>\",\n          \"CountryCodeSource\": \"<string>\"\n        },\n        \"TimeFrame\": {\n          \"StartDt\": \"<string>\",\n          \"EndDt\": \"<string>\"\n        },\n        \"ExpDt\": \"<date>\",\n        \"MoveInDt\": \"<date>\",\n        \"ContactMethod\": \"<string>\",\n        \"UpDt\": \"<string>\",\n        \"Comment\": \"<string>\",\n        \"CensusTract\": \"<string>\",\n        \"ForeignFlag\": \"<boolean>\",\n        \"MaintDt\": \"<string>\",\n        \"PhoneNum\": [\n          {\n            \"PhoneType\": \"<string>\",\n            \"PhoneIdent\": \"<long>\"\n          },\n          {\n            \"PhoneType\": \"<string>\",\n            \"PhoneIdent\": \"<long>\"\n          }\n        ]\n      },\n      {\n        \"AddrType\": \"<string>\",\n        \"AddrFormatType\": \"<string>\",\n        \"FullName1\": \"<string>\",\n        \"Addr1\": \"<string>\",\n        \"Addr2\": \"<string>\",\n        \"City\": \"<string>\",\n        \"County\": \"<string>\",\n        \"StateProv\": \"<string>\",\n        \"PostalCode\": \"<string>\",\n        \"CountryCode\": {\n          \"CountryCodeValue\": \"<string>\",\n          \"CountryCodeSource\": \"<string>\"\n        },\n        \"TimeFrame\": {\n          \"StartDt\": \"<string>\",\n          \"EndDt\": \"<string>\"\n        },\n        \"ExpDt\": \"<date>\",\n        \"MoveInDt\": \"<date>\",\n        \"ContactMethod\": \"<string>\",\n        \"UpDt\": \"<string>\",\n        \"Comment\": \"<string>\",\n        \"CensusTract\": \"<string>\",\n        \"ForeignFlag\": \"<boolean>\",\n        \"MaintDt\": \"<string>\",\n        \"PhoneNum\": [\n          {\n            \"PhoneType\": \"<string>\",\n            \"PhoneIdent\": \"<long>\"\n          },\n          {\n            \"PhoneType\": \"<string>\",\n            \"PhoneIdent\": \"<long>\"\n          }\n        ]\n      }\n    ]\n  },\n  \"AddrKeys\": {\n    \"PartyKeys\": {\n      \"PartyId\": \"<string>\"\n    },\n    \"AddressIdent\": \"<string>\"\n  },\n  \"OvrdExceptionData\": {\n    \"OvrdAutoAckInd\": \"<boolean>\"\n  }\n}","options":{"raw":{"language":"json"}}}},"status":"Internal Server Error","code":500,"header":[{"key":"Content-Type","value":"application/json"}],"body":"{\n  \"AddrStatusRec\": {\n    \"AddrKeys\": {\n      \"PartyKeys\": {\n        \"PartyId\": \"Ut anim mollit\"\n      },\n      \"AddressIdent\": \"officia qu\"\n    },\n    \"AddrStatus\": {\n      \"AddrStatusCode\": \"Valid\",\n      \"EffDt\": \"0778-28-20\"\n    }\n  },\n  \"Status\": {\n    \"Severity\": \"Info\",\n    \"StatusCode\": \"\",\n    \"StatusDesc\": \"in laborum non elit\",\n    \"SvcProviderName\": \"culpa labore\",\n    \"Id\": \"laboris commodo\",\n    \"ServerStatusCode\": \"non minim laborum\",\n    \"ServerStatusDesc\": \"labore occaecat\",\n    \"OvrdExceptionInd\": true,\n    \"SubjectRole\": \"dolore culpa\",\n    \"SubjectElement\": [\n      {\n        \"Path\": \"deserunt nulla id incididunt\",\n        \"ServerPath\": \"dolore cillum ad\",\n        \"Value\": \"dolor laborum\"\n      },\n      {\n        \"Path\": \"ut Lorem\",\n        \"ServerPath\": \"laboris Duis\",\n        \"Value\": \"officia non dolore ea\"\n      }\n    ],\n    \"ContentHTML\": \"sunt laborum\",\n    \"AdditionalStatus\": [\n      {\n        \"StatusCode\": \"ipsum adipisicin\",\n        \"StatusDesc\": \"incididunt eiusmod consectetur exercitation\",\n        \"Severity\": \"Error\",\n        \"SvcProviderName\": \"anim veniam quis esse\",\n        \"ServerStatusCode\": \"sit eiusmod\",\n        \"ServerStatusDesc\": \"mollit nulla\",\n        \"OvrdExceptionInd\": false,\n        \"SubjectElement\": [\n          {\n            \"Path\": \"ut velit laboris aliqua\",\n            \"ServerPath\": \"in fugiat\",\n            \"Value\": \"id ut sed\"\n          },\n          {\n            \"Path\": \"deserunt in labore\",\n            \"ServerPath\": \"eu commodo Duis\",\n            \"Value\": \"consectetu\"\n          }\n        ]\n      },\n      {\n        \"StatusCode\": \"\",\n        \"StatusDesc\": \"veniam\",\n        \"Severity\": \"Error\",\n        \"SvcProviderName\": \"aliqua adipisicing laborum\",\n        \"ServerStatusCode\": \"dolor ex ea\",\n        \"ServerStatusDesc\": \"culpa\",\n        \"OvrdExceptionInd\": false,\n        \"SubjectElement\": [\n          {\n            \"Path\": \"qui elit dolore amet\",\n            \"ServerPath\": \"esse aliqua irure\",\n            \"Value\": \"eu Ut ali\"\n          },\n          {\n            \"Path\": \"amet in\",\n            \"ServerPath\": \"enim occaecat voluptate\",\n            \"Value\": \"irure deserunt in Duis tempor\"\n          }\n        ]\n      }\n    ]\n  }\n}","cookie":[],"_postman_previewlanguage":"json"}],"event":[],"protocolProfileBehavior":{"disableBodyPruning":true}},{"id":"c4c19077-7603-4686-95c2-67b9fbdddcaf","name":"Add Address","request":{"name":"Add Address","description":{"content":"Creates a new address record for a Party or a financial account. This API also allows you to relate a newly created account record to the existing Party. <br>\n        For more information about the Accountholder domain, <a href=\"../docs/?path=docs/fintechs/accountholder.md\" title=\"Click to open\">click here.</a> <br><br>\n        <b>Relates to:</b>\n          <ul> \n            <li><a href=\"../docs/?path=docs/banks-and-CU/deposits.md\" title=\"Click to open\">Deposits</a></li>\n            <li><a href=\"../docs/?path=docs/banks-and-CU/loans.md\" title=\"Click to open\">Loans</a></li>\n            <li><a href=\"../docs/?path=docs/banks-and-CU/bank-servicing.md\" title=\"Click to open\">Bank Servicing</a></li>\n          </ul> ","type":"text/plain"},"url":{"path":["addrservice","partyacctsvc","address"],"host":["{{baseUrl}}"],"query":[],"variable":[]},"header":[{"disabled":false,"description":"(Required) EFX Header is a common and required component for all API calls, it contains authentication and client-related parameters. Please note that the header parameters should be sent as a JSON object under the EFXHeader parameter. To view the list of header parameters, <a href=\"../docs?path=docs/api-ref-EFX-header.md\" title=\"Click to open\"> click here.</a>","key":"EFXHeader","value":"OrganizationId,<string>,TrnId,<string>,VendorId,<string>,Context,[object Object]"},{"key":"Content-Type","value":"application/json"},{"key":"Accept","value":"application/json"}],"method":"POST","auth":null,"body":{"mode":"raw","raw":"{\n  \"AddrInfo\": {\n    \"PostAddr\": [\n      {\n        \"AddrType\": \"<string>\",\n        \"AddressIdent\": \"<string>\",\n        \"AddrFormatType\": \"<string>\",\n        \"Addr1\": \"<string>\",\n        \"FullName1\": \"<string>\",\n        \"Addr2\": \"<string>\",\n        \"City\": \"<string>\",\n        \"StateProv\": \"<string>\",\n        \"PostalCode\": \"<string>\",\n        \"CountryCode\": {\n          \"CountryCodeValue\": \"<string>\",\n          \"CountryCodeSource\": \"<string>\"\n        },\n        \"TimeFrame\": {\n          \"StartDt\": \"<string>\",\n          \"EndDt\": \"<string>\"\n        },\n        \"ExpDt\": \"<date>\",\n        \"ContactMethod\": \"<string>\",\n        \"Comment\": \"<string>\",\n        \"ForeignFlag\": \"<boolean>\",\n        \"MaintDt\": \"<string>\",\n        \"PhoneNum\": [\n          {\n            \"PhoneType\": \"<string>\",\n            \"PhoneIdent\": \"<long>\"\n          },\n          {\n            \"PhoneType\": \"<string>\",\n            \"PhoneIdent\": \"<long>\"\n          }\n        ]\n      },\n      {\n        \"AddrType\": \"<string>\",\n        \"AddressIdent\": \"<string>\",\n        \"AddrFormatType\": \"<string>\",\n        \"Addr1\": \"<string>\",\n        \"FullName1\": \"<string>\",\n        \"Addr2\": \"<string>\",\n        \"City\": \"<string>\",\n        \"StateProv\": \"<string>\",\n        \"PostalCode\": \"<string>\",\n        \"CountryCode\": {\n          \"CountryCodeValue\": \"<string>\",\n          \"CountryCodeSource\": \"<string>\"\n        },\n        \"TimeFrame\": {\n          \"StartDt\": \"<string>\",\n          \"EndDt\": \"<string>\"\n        },\n        \"ExpDt\": \"<date>\",\n        \"ContactMethod\": \"<string>\",\n        \"Comment\": \"<string>\",\n        \"ForeignFlag\": \"<boolean>\",\n        \"MaintDt\": \"<string>\",\n        \"PhoneNum\": [\n          {\n            \"PhoneType\": \"<string>\",\n            \"PhoneIdent\": \"<long>\"\n          },\n          {\n            \"PhoneType\": \"<string>\",\n            \"PhoneIdent\": \"<long>\"\n          }\n        ]\n      }\n    ],\n    \"AddrRelRef\": [\n      {\n        \"PartyKeys\": {\n          \"PartyId\": \"<string>\"\n        }\n      },\n      {\n        \"PartyKeys\": {\n          \"PartyId\": \"<string>\"\n        }\n      }\n    ]\n  },\n  \"OvrdExceptionData\": {\n    \"OvrdAutoAckInd\": \"<boolean>\"\n  }\n}","options":{"raw":{"language":"json"}}}},"response":[{"id":"723bc51e-69f8-44b7-b7fa-c46ecacfe7ee","name":"Created","originalRequest":{"url":{"path":["addrservice","partyacctsvc","address"],"host":["{{baseUrl}}"],"query":[],"variable":[]},"header":[{"disabled":false,"description":"(Required) EFX Header is a common and required component for all API calls, it contains authentication and client-related parameters. Please note that the header parameters should be sent as a JSON object under the EFXHeader parameter. To view the list of header parameters, <a href=\"../docs?path=docs/api-ref-EFX-header.md\" title=\"Click to open\"> click here.</a>","key":"EFXHeader","value":"OrganizationId,<string>,TrnId,<string>,VendorId,<string>,Context,[object Object]"},{"key":"Accept","value":"application/json"}],"method":"POST","body":{"mode":"raw","raw":"{\n  \"AddrInfo\": {\n    \"PostAddr\": [\n      {\n        \"AddrType\": \"<string>\",\n        \"AddressIdent\": \"<string>\",\n        \"AddrFormatType\": \"<string>\",\n        \"Addr1\": \"<string>\",\n        \"FullName1\": \"<string>\",\n        \"Addr2\": \"<string>\",\n        \"City\": \"<string>\",\n        \"StateProv\": \"<string>\",\n        \"PostalCode\": \"<string>\",\n        \"CountryCode\": {\n          \"CountryCodeValue\": \"<string>\",\n          \"CountryCodeSource\": \"<string>\"\n        },\n        \"TimeFrame\": {\n          \"StartDt\": \"<string>\",\n          \"EndDt\": \"<string>\"\n        },\n        \"ExpDt\": \"<date>\",\n        \"ContactMethod\": \"<string>\",\n        \"Comment\": \"<string>\",\n        \"ForeignFlag\": \"<boolean>\",\n        \"MaintDt\": \"<string>\",\n        \"PhoneNum\": [\n          {\n            \"PhoneType\": \"<string>\",\n            \"PhoneIdent\": \"<long>\"\n          },\n          {\n            \"PhoneType\": \"<string>\",\n            \"PhoneIdent\": \"<long>\"\n          }\n        ]\n      },\n      {\n        \"AddrType\": \"<string>\",\n        \"AddressIdent\": \"<string>\",\n        \"AddrFormatType\": \"<string>\",\n        \"Addr1\": \"<string>\",\n        \"FullName1\": \"<string>\",\n        \"Addr2\": \"<string>\",\n        \"City\": \"<string>\",\n        \"StateProv\": \"<string>\",\n        \"PostalCode\": \"<string>\",\n        \"CountryCode\": {\n          \"CountryCodeValue\": \"<string>\",\n          \"CountryCodeSource\": \"<string>\"\n        },\n        \"TimeFrame\": {\n          \"StartDt\": \"<string>\",\n          \"EndDt\": \"<string>\"\n        },\n        \"ExpDt\": \"<date>\",\n        \"ContactMethod\": \"<string>\",\n        \"Comment\": \"<string>\",\n        \"ForeignFlag\": \"<boolean>\",\n        \"MaintDt\": \"<string>\",\n        \"PhoneNum\": [\n          {\n            \"PhoneType\": \"<string>\",\n            \"PhoneIdent\": \"<long>\"\n          },\n          {\n            \"PhoneType\": \"<string>\",\n            \"PhoneIdent\": \"<long>\"\n          }\n        ]\n      }\n    ],\n    \"AddrRelRef\": [\n      {\n        \"PartyKeys\": {\n          \"PartyId\": \"<string>\"\n        }\n      },\n      {\n        \"PartyKeys\": {\n          \"PartyId\": \"<string>\"\n        }\n      }\n    ]\n  },\n  \"OvrdExceptionData\": {\n    \"OvrdAutoAckInd\": \"<boolean>\"\n  }\n}","options":{"raw":{"language":"json"}}}},"status":"Created","code":201,"header":[{"key":"Content-Type","value":"application/json"}],"body":"{\n  \"AddrStatusRec\": {\n    \"AddrStatus\": {\n      \"AddrStatusCode\": \"quis\",\n      \"EffDt\": \"9343-94-87\"\n    }\n  },\n  \"Status\": {\n    \"Severity\": \"Info\",\n    \"StatusCode\": \"tempor moll\",\n    \"StatusDesc\": \"sunt in\",\n    \"SvcProviderName\": \"minim Excepteur pariatur\",\n    \"Id\": \"aute fugiat ex\",\n    \"ServerStatusCode\": \"labore eiu\",\n    \"ServerStatusDesc\": \"magna esse fugiat\",\n    \"OvrdExceptionInd\": false,\n    \"SubjectRole\": \"ea al\",\n    \"SubjectElement\": [\n      {\n        \"Path\": \"Duis eiusmod consectetur amet\",\n        \"ServerPath\": \"Excepteur\",\n        \"Value\": \"sunt\"\n      },\n      {\n        \"Path\": \"tempor do ad anim c\",\n        \"ServerPath\": \"exercitation\",\n        \"Value\": \"non veniam ullamco\"\n      }\n    ],\n    \"ContentHTML\": \"Ut exercitation deserunt\",\n    \"AdditionalStatus\": [\n      {\n        \"StatusCode\": \"voluptate\",\n        \"StatusDesc\": \"esse consectetur adipisic\",\n        \"Severity\": \"Info\",\n        \"SvcProviderName\": \"dolor labore proident\",\n        \"ServerStatusCode\": \"in pa\",\n        \"ServerStatusDesc\": \"minim laboris ut enim\",\n        \"OvrdExceptionInd\": false,\n        \"SubjectElement\": [\n          {\n            \"Path\": \"in exercitation ex\",\n            \"ServerPath\": \"do\",\n            \"Value\": \"sit ut et pariatur\"\n          },\n          {\n            \"Path\": \"voluptate labore reprehenderit ut\",\n            \"ServerPath\": \"do\",\n            \"Value\": \"dolor sint sunt\"\n          }\n        ]\n      },\n      {\n        \"StatusCode\": \"dolor adipi\",\n        \"StatusDesc\": \"eu cupidatat aute\",\n        \"Severity\": \"Error\",\n        \"SvcProviderName\": \"Excepteur in\",\n        \"ServerStatusCode\": \"fugiat Lorem\",\n        \"ServerStatusDesc\": \"id proident dolore minim dolor\",\n        \"OvrdExceptionInd\": true,\n        \"SubjectElement\": [\n          {\n            \"Path\": \"fugiat in Ut\",\n            \"ServerPath\": \"n\",\n            \"Value\": \"ullamco cillum Lorem laborum in\"\n          },\n          {\n            \"Path\": \"Duis sed ea\",\n            \"ServerPath\": \"Lorem ut\",\n            \"Value\": \"sit labore velit consectetur\"\n          }\n        ]\n      }\n    ]\n  }\n}","cookie":[],"_postman_previewlanguage":"json"},{"id":"c4ee18e3-504d-42a0-bb7a-5a89dae9c29a","name":"To view the complete list of response codes, <a href=\"../docs/?path=docs/response-codes.md\" title=\"Click to open\">click here.</a>","originalRequest":{"url":{"path":["addrservice","partyacctsvc","address"],"host":["{{baseUrl}}"],"query":[],"variable":[]},"header":[{"disabled":false,"description":"(Required) EFX Header is a common and required component for all API calls, it contains authentication and client-related parameters. Please note that the header parameters should be sent as a JSON object under the EFXHeader parameter. To view the list of header parameters, <a href=\"../docs?path=docs/api-ref-EFX-header.md\" title=\"Click to open\"> click here.</a>","key":"EFXHeader","value":"OrganizationId,<string>,TrnId,<string>,VendorId,<string>,Context,[object Object]"},{"key":"Accept","value":"application/json"}],"method":"POST","body":{"mode":"raw","raw":"{\n  \"AddrInfo\": {\n    \"PostAddr\": [\n      {\n        \"AddrType\": \"<string>\",\n        \"AddressIdent\": \"<string>\",\n        \"AddrFormatType\": \"<string>\",\n        \"Addr1\": \"<string>\",\n        \"FullName1\": \"<string>\",\n        \"Addr2\": \"<string>\",\n        \"City\": \"<string>\",\n        \"StateProv\": \"<string>\",\n        \"PostalCode\": \"<string>\",\n        \"CountryCode\": {\n          \"CountryCodeValue\": \"<string>\",\n          \"CountryCodeSource\": \"<string>\"\n        },\n        \"TimeFrame\": {\n          \"StartDt\": \"<string>\",\n          \"EndDt\": \"<string>\"\n        },\n        \"ExpDt\": \"<date>\",\n        \"ContactMethod\": \"<string>\",\n        \"Comment\": \"<string>\",\n        \"ForeignFlag\": \"<boolean>\",\n        \"MaintDt\": \"<string>\",\n        \"PhoneNum\": [\n          {\n            \"PhoneType\": \"<string>\",\n            \"PhoneIdent\": \"<long>\"\n          },\n          {\n            \"PhoneType\": \"<string>\",\n            \"PhoneIdent\": \"<long>\"\n          }\n        ]\n      },\n      {\n        \"AddrType\": \"<string>\",\n        \"AddressIdent\": \"<string>\",\n        \"AddrFormatType\": \"<string>\",\n        \"Addr1\": \"<string>\",\n        \"FullName1\": \"<string>\",\n        \"Addr2\": \"<string>\",\n        \"City\": \"<string>\",\n        \"StateProv\": \"<string>\",\n        \"PostalCode\": \"<string>\",\n        \"CountryCode\": {\n          \"CountryCodeValue\": \"<string>\",\n          \"CountryCodeSource\": \"<string>\"\n        },\n        \"TimeFrame\": {\n          \"StartDt\": \"<string>\",\n          \"EndDt\": \"<string>\"\n        },\n        \"ExpDt\": \"<date>\",\n        \"ContactMethod\": \"<string>\",\n        \"Comment\": \"<string>\",\n        \"ForeignFlag\": \"<boolean>\",\n        \"MaintDt\": \"<string>\",\n        \"PhoneNum\": [\n          {\n            \"PhoneType\": \"<string>\",\n            \"PhoneIdent\": \"<long>\"\n          },\n          {\n            \"PhoneType\": \"<string>\",\n            \"PhoneIdent\": \"<long>\"\n          }\n        ]\n      }\n    ],\n    \"AddrRelRef\": [\n      {\n        \"PartyKeys\": {\n          \"PartyId\": \"<string>\"\n        }\n      },\n      {\n        \"PartyKeys\": {\n          \"PartyId\": \"<string>\"\n        }\n      }\n    ]\n  },\n  \"OvrdExceptionData\": {\n    \"OvrdAutoAckInd\": \"<boolean>\"\n  }\n}","options":{"raw":{"language":"json"}}}},"status":"Internal Server Error","code":500,"header":[{"key":"Content-Type","value":"application/json"}],"body":"{\n  \"AddrStatusRec\": {\n    \"AddrStatus\": {\n      \"AddrStatusCode\": \"quis\",\n      \"EffDt\": \"9343-94-87\"\n    }\n  },\n  \"Status\": {\n    \"Severity\": \"Info\",\n    \"StatusCode\": \"tempor moll\",\n    \"StatusDesc\": \"sunt in\",\n    \"SvcProviderName\": \"minim Excepteur pariatur\",\n    \"Id\": \"aute fugiat ex\",\n    \"ServerStatusCode\": \"labore eiu\",\n    \"ServerStatusDesc\": \"magna esse fugiat\",\n    \"OvrdExceptionInd\": false,\n    \"SubjectRole\": \"ea al\",\n    \"SubjectElement\": [\n      {\n        \"Path\": \"Duis eiusmod consectetur amet\",\n        \"ServerPath\": \"Excepteur\",\n        \"Value\": \"sunt\"\n      },\n      {\n        \"Path\": \"tempor do ad anim c\",\n        \"ServerPath\": \"exercitation\",\n        \"Value\": \"non veniam ullamco\"\n      }\n    ],\n    \"ContentHTML\": \"Ut exercitation deserunt\",\n    \"AdditionalStatus\": [\n      {\n        \"StatusCode\": \"voluptate\",\n        \"StatusDesc\": \"esse consectetur adipisic\",\n        \"Severity\": \"Info\",\n        \"SvcProviderName\": \"dolor labore proident\",\n        \"ServerStatusCode\": \"in pa\",\n        \"ServerStatusDesc\": \"minim laboris ut enim\",\n        \"OvrdExceptionInd\": false,\n        \"SubjectElement\": [\n          {\n            \"Path\": \"in exercitation ex\",\n            \"ServerPath\": \"do\",\n            \"Value\": \"sit ut et pariatur\"\n          },\n          {\n            \"Path\": \"voluptate labore reprehenderit ut\",\n            \"ServerPath\": \"do\",\n            \"Value\": \"dolor sint sunt\"\n          }\n        ]\n      },\n      {\n        \"StatusCode\": \"dolor adipi\",\n        \"StatusDesc\": \"eu cupidatat aute\",\n        \"Severity\": \"Error\",\n        \"SvcProviderName\": \"Excepteur in\",\n        \"ServerStatusCode\": \"fugiat Lorem\",\n        \"ServerStatusDesc\": \"id proident dolore minim dolor\",\n        \"OvrdExceptionInd\": true,\n        \"SubjectElement\": [\n          {\n            \"Path\": \"fugiat in Ut\",\n            \"ServerPath\": \"n\",\n            \"Value\": \"ullamco cillum Lorem laborum in\"\n          },\n          {\n            \"Path\": \"Duis sed ea\",\n            \"ServerPath\": \"Lorem ut\",\n            \"Value\": \"sit labore velit consectetur\"\n          }\n        ]\n      }\n    ]\n  }\n}","cookie":[],"_postman_previewlanguage":"json"}],"event":[],"protocolProfileBehavior":{"disableBodyPruning":true}},{"id":"06d8ee02-3f3b-4e03-85bf-700b53531166","name":"secured","item":[{"id":"aa68e3e1-6e11-4f57-b923-77566fdaff07","name":"Delete Address","request":{"name":"Delete Address","description":{"content":"Deletes the existing address record associated with an account or party.\n        <br>\n        For more information about the Accountholder domain, <a href=\"../docs/?path=docs/fintechs/accountholder.md\" title=\"Click to open\">click here.</a> <br><br>\n        <b>Relates to:</b>\n          <ul> \n            <li><a href=\"../docs/?path=docs/banks-and-CU/deposits.md\" title=\"Click to open\">Deposits</a></li>\n            <li><a href=\"../docs/?path=docs/banks-and-CU/loans.md\" title=\"Click to open\">Loans</a></li>\n            <li><a href=\"../docs/?path=docs/banks-and-CU/bank-servicing.md\" title=\"Click to open\">Bank Servicing</a></li>\n          </ul>","type":"text/plain"},"url":{"path":["addrservice","partyacctsvc","address","secured"],"host":["{{baseUrl}}"],"query":[],"variable":[]},"header":[{"disabled":false,"description":"(Required) EFX Header is a common and required component for all API calls, it contains client-related parameters. Please note that the header parameters should be sent as a JSON object under the EFXHeader parameter. To view the list of header parameters, <a href=\"../docs?path=docs/api-ref-EFX-header.md\" title=\"Click to open\"> click here.</a>","key":"EFXHeader","value":"OrganizationId,<string>,TrnId,<string>,VendorId,<string>,Context,[object Object]"},{"key":"Content-Type","value":"application/json"},{"key":"Accept","value":"application/json"}],"method":"PUT","auth":null,"body":{"mode":"raw","raw":"{\n  \"AddrKeys\": {\n    \"PartyKeys\": {\n      \"PartyId\": \"<string>\"\n    },\n    \"AddressIdent\": \"<string>\"\n  },\n  \"OvrdExceptionData\": {\n    \"OvrdAutoAckInd\": \"<boolean>\"\n  }\n}","options":{"raw":{"language":"json"}}}},"response":[{"id":"24b0bd28-ecfa-40c8-b4da-03c230fbe22e","name":"Success","originalRequest":{"url":{"path":["addrservice","partyacctsvc","address","secured"],"host":["{{baseUrl}}"],"query":[],"variable":[]},"header":[{"disabled":false,"description":"(Required) EFX Header is a common and required component for all API calls, it contains client-related parameters. Please note that the header parameters should be sent as a JSON object under the EFXHeader parameter. To view the list of header parameters, <a href=\"../docs?path=docs/api-ref-EFX-header.md\" title=\"Click to open\"> click here.</a>","key":"EFXHeader","value":"OrganizationId,<string>,TrnId,<string>,VendorId,<string>,Context,[object Object]"},{"key":"Accept","value":"application/json"}],"method":"PUT","body":{"mode":"raw","raw":"{\n  \"AddrKeys\": {\n    \"PartyKeys\": {\n      \"PartyId\": \"<string>\"\n    },\n    \"AddressIdent\": \"<string>\"\n  },\n  \"OvrdExceptionData\": {\n    \"OvrdAutoAckInd\": \"<boolean>\"\n  }\n}","options":{"raw":{"language":"json"}}}},"status":"OK","code":200,"header":[{"key":"Content-Type","value":"application/json"}],"body":"{\n  \"AddrStatusRec\": {\n    \"AddrKeys\": {\n      \"PartyKeys\": {\n        \"PartyId\": \"in qu\"\n      },\n      \"AddressIdent\": \"magna aute sed occaecat dolore\"\n    },\n    \"AddrStatus\": {\n      \"AddrStatusCode\": \"Deleted\",\n      \"EffDt\": \"7478-59-21T67:54\"\n    }\n  },\n  \"Status\": {\n    \"Severity\": \"Error\",\n    \"StatusCode\": \"magna nulla vel\",\n    \"StatusDesc\": \"Ut esse culpa elit\",\n    \"SvcProviderName\": \"eu\",\n    \"Id\": \"aliqua irure\",\n    \"ServerStatusCode\": \"officia non \",\n    \"ServerStatusDesc\": \"consequat elit\",\n    \"OvrdExceptionInd\": false,\n    \"SubjectRole\": \"dolore sin\",\n    \"SubjectElement\": [\n      {\n        \"Path\": \"sint Duis amet\",\n        \"ServerPath\": \"dolor voluptate\",\n        \"Value\": \"Excepteur occaecat ad incididunt\"\n      },\n      {\n        \"Path\": \"consectetur voluptate Ut d\",\n        \"ServerPath\": \"elit officia est deserunt\",\n        \"Value\": \"proident esse aliqua id et\"\n      }\n    ],\n    \"ContentHTML\": \"non nostrud eu\",\n    \"AdditionalStatus\": [\n      {\n        \"StatusCode\": \"tempor commodo\",\n        \"StatusDesc\": \"officia eiusmod nisi\",\n        \"Severity\": \"Info\",\n        \"SvcProviderName\": \"adipisicing\",\n        \"ServerStatusCode\": \"ea Lorem\",\n        \"ServerStatusDesc\": \"reprehenderit Lorem cillum\",\n        \"OvrdExceptionInd\": false,\n        \"SubjectElement\": [\n          {\n            \"Path\": \"nulla sint in\",\n            \"ServerPath\": \"enim deserunt nisi voluptate\",\n            \"Value\": \"esse anim\"\n          },\n          {\n            \"Path\": \"ut\",\n            \"ServerPath\": \"anim\",\n            \"Value\": \"sed minim elit mollit qui\"\n          }\n        ]\n      },\n      {\n        \"StatusCode\": \"dol\",\n        \"StatusDesc\": \"sint irure aliqua in do\",\n        \"Severity\": \"Warning\",\n        \"SvcProviderName\": \"eu sed\",\n        \"ServerStatusCode\": \"volupt\",\n        \"ServerStatusDesc\": \"nisi esse\",\n        \"OvrdExceptionInd\": false,\n        \"SubjectElement\": [\n          {\n            \"Path\": \"reprehenderit sint\",\n            \"ServerPath\": \"exercitation ea\",\n            \"Value\": \"deserunt commodo\"\n          },\n          {\n            \"Path\": \"nulla aute quis\",\n            \"ServerPath\": \"Lorem velit Excepteur\",\n            \"Value\": \"ullamco pariatur velit eiusmod\"\n          }\n        ]\n      }\n    ]\n  }\n}","cookie":[],"_postman_previewlanguage":"json"},{"id":"39e03bcb-5df9-4712-80f7-632b9280b24c","name":"To view the complete list of response codes, <a href=\"../docs/?path=docs/response-codes.md\" title=\"Click to open\">click here.</a>","originalRequest":{"url":{"path":["addrservice","partyacctsvc","address","secured"],"host":["{{baseUrl}}"],"query":[],"variable":[]},"header":[{"disabled":false,"description":"(Required) EFX Header is a common and required component for all API calls, it contains client-related parameters. Please note that the header parameters should be sent as a JSON object under the EFXHeader parameter. To view the list of header parameters, <a href=\"../docs?path=docs/api-ref-EFX-header.md\" title=\"Click to open\"> click here.</a>","key":"EFXHeader","value":"OrganizationId,<string>,TrnId,<string>,VendorId,<string>,Context,[object Object]"},{"key":"Accept","value":"application/json"}],"method":"PUT","body":{"mode":"raw","raw":"{\n  \"AddrKeys\": {\n    \"PartyKeys\": {\n      \"PartyId\": \"<string>\"\n    },\n    \"AddressIdent\": \"<string>\"\n  },\n  \"OvrdExceptionData\": {\n    \"OvrdAutoAckInd\": \"<boolean>\"\n  }\n}","options":{"raw":{"language":"json"}}}},"status":"Internal Server Error","code":500,"header":[{"key":"Content-Type","value":"application/json"}],"body":"{\n  \"AddrStatusRec\": {\n    \"AddrKeys\": {\n      \"PartyKeys\": {\n        \"PartyId\": \"in qu\"\n      },\n      \"AddressIdent\": \"magna aute sed occaecat dolore\"\n    },\n    \"AddrStatus\": {\n      \"AddrStatusCode\": \"Deleted\",\n      \"EffDt\": \"7478-59-21T67:54\"\n    }\n  },\n  \"Status\": {\n    \"Severity\": \"Error\",\n    \"StatusCode\": \"magna nulla vel\",\n    \"StatusDesc\": \"Ut esse culpa elit\",\n    \"SvcProviderName\": \"eu\",\n    \"Id\": \"aliqua irure\",\n    \"ServerStatusCode\": \"officia non \",\n    \"ServerStatusDesc\": \"consequat elit\",\n    \"OvrdExceptionInd\": false,\n    \"SubjectRole\": \"dolore sin\",\n    \"SubjectElement\": [\n      {\n        \"Path\": \"sint Duis amet\",\n        \"ServerPath\": \"dolor voluptate\",\n        \"Value\": \"Excepteur occaecat ad incididunt\"\n      },\n      {\n        \"Path\": \"consectetur voluptate Ut d\",\n        \"ServerPath\": \"elit officia est deserunt\",\n        \"Value\": \"proident esse aliqua id et\"\n      }\n    ],\n    \"ContentHTML\": \"non nostrud eu\",\n    \"AdditionalStatus\": [\n      {\n        \"StatusCode\": \"tempor commodo\",\n        \"StatusDesc\": \"officia eiusmod nisi\",\n        \"Severity\": \"Info\",\n        \"SvcProviderName\": \"adipisicing\",\n        \"ServerStatusCode\": \"ea Lorem\",\n        \"ServerStatusDesc\": \"reprehenderit Lorem cillum\",\n        \"OvrdExceptionInd\": false,\n        \"SubjectElement\": [\n          {\n            \"Path\": \"nulla sint in\",\n            \"ServerPath\": \"enim deserunt nisi voluptate\",\n            \"Value\": \"esse anim\"\n          },\n          {\n            \"Path\": \"ut\",\n            \"ServerPath\": \"anim\",\n            \"Value\": \"sed minim elit mollit qui\"\n          }\n        ]\n      },\n      {\n        \"StatusCode\": \"dol\",\n        \"StatusDesc\": \"sint irure aliqua in do\",\n        \"Severity\": \"Warning\",\n        \"SvcProviderName\": \"eu sed\",\n        \"ServerStatusCode\": \"volupt\",\n        \"ServerStatusDesc\": \"nisi esse\",\n        \"OvrdExceptionInd\": false,\n        \"SubjectElement\": [\n          {\n            \"Path\": \"reprehenderit sint\",\n            \"ServerPath\": \"exercitation ea\",\n            \"Value\": \"deserunt commodo\"\n          },\n          {\n            \"Path\": \"nulla aute quis\",\n            \"ServerPath\": \"Lorem velit Excepteur\",\n            \"Value\": \"ullamco pariatur velit eiusmod\"\n          }\n        ]\n      }\n    ]\n  }\n}","cookie":[],"_postman_previewlanguage":"json"}],"event":[],"protocolProfileBehavior":{"disableBodyPruning":true}},{"id":"78794b38-14ae-4fc2-9204-a4f5cbd552a4","name":"Get Address","request":{"name":"Get Address","description":{"content":"Retrieves the address record associated with an account or party.\n        <br>\n        For more information about the Accountholder domain, <a href=\"../docs/?path=docs/fintechs/accountholder.md\" title=\"Click to open\">click here.</a> <br><br>\n        <b>Relates to:</b>\n          <ul> \n            <li><a href=\"../docs/?path=docs/banks-and-CU/deposits.md\" title=\"Click to open\">Deposits</a></li>\n            <li><a href=\"../docs/?path=docs/banks-and-CU/loans.md\" title=\"Click to open\">Loans</a></li>\n            <li><a href=\"../docs/?path=docs/banks-and-CU/bank-servicing.md\" title=\"Click to open\">Bank Servicing</a></li>\n          </ul>","type":"text/plain"},"url":{"path":["addrservice","partyacctsvc","address","secured"],"host":["{{baseUrl}}"],"query":[],"variable":[]},"header":[{"disabled":false,"description":"(Required) EFX Header is a common and required component for all API calls, it contains authentication and client-related parameters. Please note that the header parameters should be sent as a JSON object under the EFXHeader parameter. To view the list of header parameters, <a href=\"../docs?path=docs/api-ref-EFX-header.md\" title=\"Click to open\"> click here.</a>","key":"EFXHeader","value":"OrganizationId,<string>,TrnId,<string>,VendorId,<string>,Context,[object Object]"},{"key":"Content-Type","value":"application/json"},{"key":"Accept","value":"application/json"}],"method":"POST","auth":null,"body":{"mode":"raw","raw":"{\n  \"AddrSel\": {\n    \"PartyKeys\": {\n      \"PartyId\": \"<string>\"\n    },\n    \"AddressIdent\": \"<string>\"\n  }\n}","options":{"raw":{"language":"json"}}}},"response":[{"id":"f3721818-c00a-4800-baed-181527333a7c","name":"Success","originalRequest":{"url":{"path":["addrservice","partyacctsvc","address","secured"],"host":["{{baseUrl}}"],"query":[],"variable":[]},"header":[{"disabled":false,"description":"(Required) EFX Header is a common and required component for all API calls, it contains authentication and client-related parameters. Please note that the header parameters should be sent as a JSON object under the EFXHeader parameter. To view the list of header parameters, <a href=\"../docs?path=docs/api-ref-EFX-header.md\" title=\"Click to open\"> click here.</a>","key":"EFXHeader","value":"OrganizationId,<string>,TrnId,<string>,VendorId,<string>,Context,[object Object]"},{"key":"Accept","value":"application/json"}],"method":"POST","body":{"mode":"raw","raw":"{\n  \"AddrSel\": {\n    \"PartyKeys\": {\n      \"PartyId\": \"<string>\"\n    },\n    \"AddressIdent\": \"<string>\"\n  }\n}","options":{"raw":{"language":"json"}}}},"status":"OK","code":200,"header":[{"key":"Content-Type","value":"application/json"}],"body":"{\n  \"AddrRec\": [\n    {\n      \"AddrInfo\": {\n        \"PostAddr\": [\n          {\n            \"AddrType\": \"Secondary\",\n            \"AddressIdent\": \"non Lorem\",\n            \"AddrFormatType\": \"Label\",\n            \"FullName1\": \"est qui ex sint\",\n            \"Addr1\": \"in velit enim\",\n            \"Addr2\": \"nulla proident\",\n            \"City\": \"irure Duis non\",\n            \"County\": \"\",\n            \"StateProv\": \"ea nulla\",\n            \"PostalCode\": \"magna o\",\n            \"CountryCode\": {\n              \"value\": \"<Error: Too many levels of nesting to fake this schema>\"\n            },\n            \"TimeFrame\": {\n              \"value\": \"<Error: Too many levels of nesting to fake this schema>\"\n            },\n            \"ExpDt\": \"1994-01-27\",\n            \"MoveInDt\": \"1963-10-31\",\n            \"ContactMethod\": \"quis\",\n            \"UpDt\": \"7725-33-02T87:38\",\n            \"Comment\": \"eu non aute\",\n            \"CensusTract\": \"\",\n            \"ForeignFlag\": false,\n            \"MaintDt\": \"8660-36-09T79:75:38+47:58\",\n            \"PhoneNum\": [\n              {\n                \"value\": \"<Error: Too many levels of nesting to fake this schema>\"\n              },\n              {\n                \"value\": \"<Error: Too many levels of nesting to fake this schema>\"\n              }\n            ]\n          },\n          {\n            \"AddrType\": \"Secondary\",\n            \"AddressIdent\": \"laborum co\",\n            \"AddrFormatType\": \"Label\",\n            \"FullName1\": \"eiusmod consectetur quis Ut\",\n            \"Addr1\": \"nostrud sit elit exercitatio\",\n            \"Addr2\": \"sed deserunt ullamco do\",\n            \"City\": \"i\",\n            \"County\": \"velit sed aliqua\",\n            \"StateProv\": \"ad culpa quis ut\",\n            \"PostalCode\": \"n\",\n            \"CountryCode\": {\n              \"value\": \"<Error: Too many levels of nesting to fake this schema>\"\n            },\n            \"TimeFrame\": {\n              \"value\": \"<Error: Too many levels of nesting to fake this schema>\"\n            },\n            \"ExpDt\": \"1981-01-07\",\n            \"MoveInDt\": \"2015-01-24\",\n            \"ContactMethod\": \"\",\n            \"UpDt\": \"7524-82-27T65:71:76\",\n            \"Comment\": \"incididunt\",\n            \"CensusTract\": \"proident la\",\n            \"ForeignFlag\": true,\n            \"MaintDt\": \"2885-83-31\",\n            \"PhoneNum\": [\n              {\n                \"value\": \"<Error: Too many levels of nesting to fake this schema>\"\n              },\n              {\n                \"value\": \"<Error: Too many levels of nesting to fake this schema>\"\n              }\n            ]\n          }\n        ],\n        \"AddrRelRef\": [\n          {\n            \"PartyKeys\": {\n              \"value\": \"<Error: Too many levels of nesting to fake this schema>\"\n            }\n          },\n          {\n            \"PartyKeys\": {\n              \"value\": \"<Error: Too many levels of nesting to fake this schema>\"\n            }\n          }\n        ]\n      },\n      \"AddrStatus\": {\n        \"AddrStatusCode\": \"Valid\",\n        \"EffDt\": \"6781-58-16\"\n      }\n    },\n    {\n      \"AddrInfo\": {\n        \"PostAddr\": [\n          {\n            \"AddrType\": \"Secondary\",\n            \"AddressIdent\": \"Duis\",\n            \"AddrFormatType\": \"Label\",\n            \"FullName1\": \"dolor ut occaecat incididunt\",\n            \"Addr1\": \"qui\",\n            \"Addr2\": \"do aliqua\",\n            \"City\": \"Lorem irure pariatu\",\n            \"County\": \"aute fugiat minim\",\n            \"StateProv\": \"consequat sint\",\n            \"PostalCode\": \"q\",\n            \"CountryCode\": {\n              \"value\": \"<Error: Too many levels of nesting to fake this schema>\"\n            },\n            \"TimeFrame\": {\n              \"value\": \"<Error: Too many levels of nesting to fake this schema>\"\n            },\n            \"ExpDt\": \"2011-11-10\",\n            \"MoveInDt\": \"1975-06-12\",\n            \"ContactMethod\": \"qui proident ut\",\n            \"UpDt\": \"7320-71-30\",\n            \"Comment\": \"dolor et elit enim\",\n            \"CensusTract\": \"ut fugi\",\n            \"ForeignFlag\": false,\n            \"MaintDt\": \"7330-01-91\",\n            \"PhoneNum\": [\n              {\n                \"value\": \"<Error: Too many levels of nesting to fake this schema>\"\n              },\n              {\n                \"value\": \"<Error: Too many levels of nesting to fake this schema>\"\n              }\n            ]\n          },\n          {\n            \"AddrType\": \"Seasonal\",\n            \"AddressIdent\": \"est aliqua\",\n            \"AddrFormatType\": \"Label\",\n            \"FullName1\": \"Duis ad Lorem dolor\",\n            \"Addr1\": \"qui cillum\",\n            \"Addr2\": \"id consequat\",\n            \"City\": \"anim dolor dolore in Du\",\n            \"County\": \"et\",\n            \"StateProv\": \"mollit ea sit reprehenderit\",\n            \"PostalCode\": \"eiusmod c\",\n            \"CountryCode\": {\n              \"value\": \"<Error: Too many levels of nesting to fake this schema>\"\n            },\n            \"TimeFrame\": {\n              \"value\": \"<Error: Too many levels of nesting to fake this schema>\"\n            },\n            \"ExpDt\": \"1965-03-30\",\n            \"MoveInDt\": \"1983-03-31\",\n            \"ContactMethod\": \"quis sint dolor qui tempor\",\n            \"UpDt\": \"1464-58-52T00:68:50.772\",\n            \"Comment\": \"irure ea\",\n            \"CensusTract\": \"laborum nulla\",\n            \"ForeignFlag\": true,\n            \"MaintDt\": \"7115-52-04T23:55:42.830\",\n            \"PhoneNum\": [\n              {\n                \"value\": \"<Error: Too many levels of nesting to fake this schema>\"\n              },\n              {\n                \"value\": \"<Error: Too many levels of nesting to fake this schema>\"\n              }\n            ]\n          }\n        ],\n        \"AddrRelRef\": [\n          {\n            \"PartyKeys\": {\n              \"value\": \"<Error: Too many levels of nesting to fake this schema>\"\n            }\n          },\n          {\n            \"PartyKeys\": {\n              \"value\": \"<Error: Too many levels of nesting to fake this schema>\"\n            }\n          }\n        ]\n      },\n      \"AddrStatus\": {\n        \"AddrStatusCode\": \"Valid\",\n        \"EffDt\": \"8638-33-56T24:08:22.739-82:26\"\n      }\n    }\n  ],\n  \"Status\": {\n    \"Severity\": \"Error\",\n    \"StatusCode\": \"ea aliqua\",\n    \"StatusDesc\": \"aute ut veniam in\",\n    \"SvcProviderName\": \"consectetur reprehenderit labore\",\n    \"Id\": \"Excepteur Ut\",\n    \"ServerStatusCode\": \"anim se\",\n    \"ServerStatusDesc\": \"aliquip laborum non est\",\n    \"OvrdExceptionInd\": true,\n    \"SubjectRole\": \"proident do\",\n    \"SubjectElement\": [\n      {\n        \"Path\": \"ipsum Lor\",\n        \"ServerPath\": \"aliquip nostrud elit id\",\n        \"Value\": \"dolore ut pariatur sed\"\n      },\n      {\n        \"Path\": \"dolore pariatur\",\n        \"ServerPath\": \"consectetur minim sint\",\n        \"Value\": \"Duis qui commodo non\"\n      }\n    ],\n    \"ContentHTML\": \"est sed ut\",\n    \"AdditionalStatus\": [\n      {\n        \"StatusCode\": \"Excepteur enim a\",\n        \"StatusDesc\": \"qui\",\n        \"Severity\": \"Error\",\n        \"SvcProviderName\": \"nostrud sunt\",\n        \"ServerStatusCode\": \"Lorem\",\n        \"ServerStatusDesc\": \"Ut\",\n        \"OvrdExceptionInd\": true,\n        \"SubjectElement\": [\n          {\n            \"Path\": \"anim pariatur\",\n            \"ServerPath\": \"qui\",\n            \"Value\": \"in quis ad in\"\n          },\n          {\n            \"Path\": \"officia quis\",\n            \"ServerPath\": \"in velit sint mollit irure\",\n            \"Value\": \"mollit\"\n          }\n        ]\n      },\n      {\n        \"StatusCode\": \"u\",\n        \"StatusDesc\": \"quis et sint ex\",\n        \"Severity\": \"Error\",\n        \"SvcProviderName\": \"mollit commodo sunt\",\n        \"ServerStatusCode\": \"cillum et\",\n        \"ServerStatusDesc\": \"Lorem\",\n        \"OvrdExceptionInd\": false,\n        \"SubjectElement\": [\n          {\n            \"Path\": \"in incididunt ullamco laboris\",\n            \"ServerPath\": \"dolore aliqua\",\n            \"Value\": \"sunt incididunt est tempor\"\n          },\n          {\n            \"Path\": \"tempor esse dolor velit laborum\",\n            \"ServerPath\": \"fugiat veniam\",\n            \"Value\": \"dolore officia qui eiusmod\"\n          }\n        ]\n      }\n    ]\n  }\n}","cookie":[],"_postman_previewlanguage":"json"},{"id":"75c8e6a8-90fe-4606-8647-94941ec56477","name":"To view the complete list of response codes, <a href=\"../docs/?path=docs/response-codes.md\" title=\"Click to open\">click here.</a>","originalRequest":{"url":{"path":["addrservice","partyacctsvc","address","secured"],"host":["{{baseUrl}}"],"query":[],"variable":[]},"header":[{"disabled":false,"description":"(Required) EFX Header is a common and required component for all API calls, it contains authentication and client-related parameters. Please note that the header parameters should be sent as a JSON object under the EFXHeader parameter. To view the list of header parameters, <a href=\"../docs?path=docs/api-ref-EFX-header.md\" title=\"Click to open\"> click here.</a>","key":"EFXHeader","value":"OrganizationId,<string>,TrnId,<string>,VendorId,<string>,Context,[object Object]"},{"key":"Accept","value":"application/json"}],"method":"POST","body":{"mode":"raw","raw":"{\n  \"AddrSel\": {\n    \"PartyKeys\": {\n      \"PartyId\": \"<string>\"\n    },\n    \"AddressIdent\": \"<string>\"\n  }\n}","options":{"raw":{"language":"json"}}}},"status":"Internal Server Error","code":500,"header":[{"key":"Content-Type","value":"application/json"}],"body":"{\n  \"AddrRec\": [\n    {\n      \"AddrInfo\": {\n        \"PostAddr\": [\n          {\n            \"AddrType\": \"Secondary\",\n            \"AddressIdent\": \"do aut\",\n            \"AddrFormatType\": \"Label\",\n            \"FullName1\": \"et fugiat\",\n            \"Addr1\": \"aliqua cillum culpa iru\",\n            \"Addr2\": \"in tempor do\",\n            \"City\": \"nostrud aute in\",\n            \"County\": \"elit aute commodo\",\n            \"StateProv\": \"magna adipisicing Ut in cillum\",\n            \"PostalCode\": \"\",\n            \"CountryCode\": {\n              \"value\": \"<Error: Too many levels of nesting to fake this schema>\"\n            },\n            \"TimeFrame\": {\n              \"value\": \"<Error: Too many levels of nesting to fake this schema>\"\n            },\n            \"ExpDt\": \"1957-11-06\",\n            \"MoveInDt\": \"1959-03-13\",\n            \"ContactMethod\": \"adipisicing occaecat\",\n            \"UpDt\": \"1720-56-12T95:70\",\n            \"Comment\": \"Lorem velit dolore laborum culpa\",\n            \"CensusTract\": \"Duis non\",\n            \"ForeignFlag\": false,\n            \"MaintDt\": \"9125-18-42\",\n            \"PhoneNum\": [\n              {\n                \"value\": \"<Error: Too many levels of nesting to fake this schema>\"\n              },\n              {\n                \"value\": \"<Error: Too many levels of nesting to fake this schema>\"\n              }\n            ]\n          },\n          {\n            \"AddrType\": \"Primary\",\n            \"AddressIdent\": \"incididu\",\n            \"AddrFormatType\": \"Label\",\n            \"FullName1\": \"aliqua ullamco dolor\",\n            \"Addr1\": \"commodo el\",\n            \"Addr2\": \"incididunt\",\n            \"City\": \"consequat dolor\",\n            \"County\": \"Ut deserunt\",\n            \"StateProv\": \"ut do\",\n            \"PostalCode\": \"et dese\",\n            \"CountryCode\": {\n              \"value\": \"<Error: Too many levels of nesting to fake this schema>\"\n            },\n            \"TimeFrame\": {\n              \"value\": \"<Error: Too many levels of nesting to fake this schema>\"\n            },\n            \"ExpDt\": \"1984-09-10\",\n            \"MoveInDt\": \"1953-08-29\",\n            \"ContactMethod\": \"in laboris in\",\n            \"UpDt\": \"9090-31-20\",\n            \"Comment\": \"ea magna in fugiat\",\n            \"CensusTract\": \"consectetur al\",\n            \"ForeignFlag\": false,\n            \"MaintDt\": \"9691-72-00\",\n            \"PhoneNum\": [\n              {\n                \"value\": \"<Error: Too many levels of nesting to fake this schema>\"\n              },\n              {\n                \"value\": \"<Error: Too many levels of nesting to fake this schema>\"\n              }\n            ]\n          }\n        ],\n        \"AddrRelRef\": [\n          {\n            \"PartyKeys\": {\n              \"value\": \"<Error: Too many levels of nesting to fake this schema>\"\n            }\n          },\n          {\n            \"PartyKeys\": {\n              \"value\": \"<Error: Too many levels of nesting to fake this schema>\"\n            }\n          }\n        ]\n      },\n      \"AddrStatus\": {\n        \"AddrStatusCode\": \"Valid\",\n        \"EffDt\": \"2004-16-56\"\n      }\n    },\n    {\n      \"AddrInfo\": {\n        \"PostAddr\": [\n          {\n            \"AddrType\": \"Secondary\",\n            \"AddressIdent\": \"culpa velit eiusmod laborum\",\n            \"AddrFormatType\": \"Label\",\n            \"FullName1\": \"ex fugiat est eu irure\",\n            \"Addr1\": \"cupidatat fugiat\",\n            \"Addr2\": \"cillum nulla\",\n            \"City\": \"ipsum\",\n            \"County\": \"do\",\n            \"StateProv\": \"ex nulla consectetur\",\n            \"PostalCode\": \"dolor U\",\n            \"CountryCode\": {\n              \"value\": \"<Error: Too many levels of nesting to fake this schema>\"\n            },\n            \"TimeFrame\": {\n              \"value\": \"<Error: Too many levels of nesting to fake this schema>\"\n            },\n            \"ExpDt\": \"1997-02-16\",\n            \"MoveInDt\": \"1955-01-29\",\n            \"ContactMethod\": \"consectetur occaecat\",\n            \"UpDt\": \"1107-25-56\",\n            \"Comment\": \"non veniam Excepteur\",\n            \"CensusTract\": \"ullamco Lorem do ali\",\n            \"ForeignFlag\": true,\n            \"MaintDt\": \"8313-12-47T88:16\",\n            \"PhoneNum\": [\n              {\n                \"value\": \"<Error: Too many levels of nesting to fake this schema>\"\n              },\n              {\n                \"value\": \"<Error: Too many levels of nesting to fake this schema>\"\n              }\n            ]\n          },\n          {\n            \"AddrType\": \"Primary\",\n            \"AddressIdent\": \"dolor\",\n            \"AddrFormatType\": \"Label\",\n            \"FullName1\": \"consequat Duis nostrud eu\",\n            \"Addr1\": \"sit sed officia consectet\",\n            \"Addr2\": \"non est dolor\",\n            \"City\": \"s\",\n            \"County\": \"a\",\n            \"StateProv\": \"ut aute\",\n            \"PostalCode\": \"Ut consequ\",\n            \"CountryCode\": {\n              \"value\": \"<Error: Too many levels of nesting to fake this schema>\"\n            },\n            \"TimeFrame\": {\n              \"value\": \"<Error: Too many levels of nesting to fake this schema>\"\n            },\n            \"ExpDt\": \"2003-12-15\",\n            \"MoveInDt\": \"2014-04-30\",\n            \"ContactMethod\": \"sed aliqua\",\n            \"UpDt\": \"5754-82-02\",\n            \"Comment\": \"Duis dolor deserunt\",\n            \"CensusTract\": \"consectetu\",\n            \"ForeignFlag\": false,\n            \"MaintDt\": \"5113-76-13\",\n            \"PhoneNum\": [\n              {\n                \"value\": \"<Error: Too many levels of nesting to fake this schema>\"\n              },\n              {\n                \"value\": \"<Error: Too many levels of nesting to fake this schema>\"\n              }\n            ]\n          }\n        ],\n        \"AddrRelRef\": [\n          {\n            \"PartyKeys\": {\n              \"value\": \"<Error: Too many levels of nesting to fake this schema>\"\n            }\n          },\n          {\n            \"PartyKeys\": {\n              \"value\": \"<Error: Too many levels of nesting to fake this schema>\"\n            }\n          }\n        ]\n      },\n      \"AddrStatus\": {\n        \"AddrStatusCode\": \"Valid\",\n        \"EffDt\": \"0310-90-26T95:36:29\"\n      }\n    }\n  ],\n  \"Status\": {\n    \"Severity\": \"Info\",\n    \"StatusCode\": \"nisi\",\n    \"StatusDesc\": \"qui officia\",\n    \"SvcProviderName\": \"adipisicing\",\n    \"Id\": \"eu dolore non\",\n    \"ServerStatusCode\": \"sun\",\n    \"ServerStatusDesc\": \"laboris eiusmod\",\n    \"OvrdExceptionInd\": true,\n    \"SubjectRole\": \"dolore\",\n    \"SubjectElement\": [\n      {\n        \"Path\": \"pariatur dol\",\n        \"ServerPath\": \"dolore reprehenderit\",\n        \"Value\": \"dolor ut officia\"\n      },\n      {\n        \"Path\": \"et Ut\",\n        \"ServerPath\": \"pariatur minim in\",\n        \"Value\": \"irure esse ut Duis est\"\n      }\n    ],\n    \"ContentHTML\": \"Ut venia\",\n    \"AdditionalStatus\": [\n      {\n        \"StatusCode\": \"Dui\",\n        \"StatusDesc\": \"esse dolore laboris velit\",\n        \"Severity\": \"Info\",\n        \"SvcProviderName\": \"culpa irure laboris\",\n        \"ServerStatusCode\": \"laboris quis Ut e\",\n        \"ServerStatusDesc\": \"sint non dolore culpa\",\n        \"OvrdExceptionInd\": false,\n        \"SubjectElement\": [\n          {\n            \"Path\": \"laboris in velit aute\",\n            \"ServerPath\": \"anim ut dolore sint\",\n            \"Value\": \"ullamco\"\n          },\n          {\n            \"Path\": \"fugiat ea Duis\",\n            \"ServerPath\": \"dolor fugiat elit\",\n            \"Value\": \"nisi\"\n          }\n        ]\n      },\n      {\n        \"StatusCode\": \"ex sint\",\n        \"StatusDesc\": \"do tempor veniam\",\n        \"Severity\": \"Warning\",\n        \"SvcProviderName\": \"Duis in adipisicing sint\",\n        \"ServerStatusCode\": \"labo\",\n        \"ServerStatusDesc\": \"veniam eu enim sit\",\n        \"OvrdExceptionInd\": true,\n        \"SubjectElement\": [\n          {\n            \"Path\": \"ipsum dolore\",\n            \"ServerPath\": \"nostrud ex do\",\n            \"Value\": \"do consequat enim\"\n          },\n          {\n            \"Path\": \"Ut aliqua labore consequat est\",\n            \"ServerPath\": \"voluptate magna aliqua\",\n            \"Value\": \"voluptate Excepteur laboris \"\n          }\n        ]\n      }\n    ]\n  }\n}","cookie":[],"_postman_previewlanguage":"json"}],"event":[],"protocolProfileBehavior":{"disableBodyPruning":true}}],"event":[]}],"event":[]}],"event":[],"variable":[{"type":"string","value":"/","key":"baseUrl"}],"info":{"_postman_id":"05c8d0b8-864f-43fd-ba63-4432582f89c9","name":"Address Service","schema":"https://schema.getpostman.com/json/collection/v2.1.0/collection.json","description":{"content":"The Address service manages addresses related to parties and product accounts.","type":"text/plain"}}}