{"item":[{"id":"3536aad5-1d1e-4501-9cbc-bd093bb4a5db","name":"Delete Address","request":{"name":"Delete Address","description":{"content":"Deletes the existing address record associated with an account or party.\n        <br>\n        For more information about the Accountholder domain, <a href=\"../docs/?path=docs/fintechs/accountholder.md\" title=\"Click to open\">click here.</a><br><br>\n        <b>Relates to:</b>\n          <ul> \n            <li><a href=\"../docs/?path=docs/banks-and-CU/deposits.md\" title=\"Click to open\">Deposits</a></li>\n            <li><a href=\"../docs/?path=docs/banks-and-CU/loans.md\" title=\"Click to open\">Loans</a></li>\n            <li><a href=\"../docs/?path=docs/banks-and-CU/bank-servicing.md\" title=\"Click to open\">Bank Servicing</a></li>\n          </ul>","type":"text/plain"},"url":{"path":["addrservice","partyacctsvc","address","secured"],"host":["{{baseUrl}}"],"query":[],"variable":[]},"header":[{"disabled":false,"description":"(Required) EFX Header is a common and required component for all API calls, it contains client-related parameters. Please note that the header parameters should be sent as a JSON object under the EFXHeader parameter. To view the list of header parameters, <a href=\"../docs?path=docs/api-ref-EFX-header.md\" title=\"Click to open\"> click here.</a>","key":"EFXHeader","value":"OrganizationId,<string>,TrnId,<string>,VendorId,<string>,Context,[object Object]"},{"key":"Content-Type","value":"application/json"},{"key":"Accept","value":"application/json"}],"method":"PUT","auth":null,"body":{"mode":"raw","raw":"{\n  \"AddrKeys\": {\n    \"PartyKeys\": {\n      \"PartyId\": \"<string>\"\n    },\n    \"AddressIdent\": \"<string>\",\n    \"AddrType\": \"<string>\"\n  }\n}","options":{"raw":{"language":"json"}}}},"response":[{"id":"fa756b2f-b6ef-4167-90c1-1fbc4ad87174","name":"Success","originalRequest":{"url":{"path":["addrservice","partyacctsvc","address","secured"],"host":["{{baseUrl}}"],"query":[],"variable":[]},"header":[{"disabled":false,"description":"(Required) EFX Header is a common and required component for all API calls, it contains client-related parameters. Please note that the header parameters should be sent as a JSON object under the EFXHeader parameter. To view the list of header parameters, <a href=\"../docs?path=docs/api-ref-EFX-header.md\" title=\"Click to open\"> click here.</a>","key":"EFXHeader","value":"OrganizationId,<string>,TrnId,<string>,VendorId,<string>,Context,[object Object]"},{"key":"Accept","value":"application/json"}],"method":"PUT","body":{"mode":"raw","raw":"{\n  \"AddrKeys\": {\n    \"PartyKeys\": {\n      \"PartyId\": \"<string>\"\n    },\n    \"AddressIdent\": \"<string>\",\n    \"AddrType\": \"<string>\"\n  }\n}","options":{"raw":{"language":"json"}}}},"status":"OK","code":200,"header":[{"key":"Content-Type","value":"application/json"}],"body":"{\n  \"AddrStatusRec\": {\n    \"AddrKeys\": {\n      \"PartyKeys\": {\n        \"PartyId\": \"dolor nisi proident\"\n      },\n      \"AddressIdent\": \"sint est\"\n    },\n    \"AddrStatus\": {\n      \"AddrStatusCode\": \"Deleted\",\n      \"EffDt\": \"5111-80-25T86:42\"\n    }\n  },\n  \"Status\": {\n    \"Severity\": \"Error\",\n    \"StatusCode\": \"velit dolor e\",\n    \"StatusDesc\": \"fugiat eu\",\n    \"SvcProviderName\": \"id do\",\n    \"Id\": \"Excepteur tempor ut dolor\",\n    \"ServerStatusCode\": \"enim incididunt\",\n    \"ServerStatusDesc\": \"incididunt Lorem pariatur in nostrud\",\n    \"OvrdExceptionInd\": false,\n    \"SubjectRole\": \"proident anim nisi\",\n    \"SubjectElement\": [\n      {\n        \"Path\": \"ut et\",\n        \"ServerPath\": \"sunt sit\",\n        \"Value\": \"exercitation in ipsum quis\"\n      },\n      {\n        \"Path\": \"dolore laboris do\",\n        \"ServerPath\": \"sunt Duis\",\n        \"Value\": \"aute mollit ut est\"\n      }\n    ],\n    \"ContentHTML\": \"sunt dolor ut\",\n    \"AdditionalStatus\": [\n      {\n        \"StatusCode\": \"nulla nisi\",\n        \"StatusDesc\": \"exercitation qui\",\n        \"Severity\": \"Info\",\n        \"SvcProviderName\": \"fugiat\",\n        \"ServerStatusCode\": \"\",\n        \"ServerStatusDesc\": \"nostrud\",\n        \"OvrdExceptionInd\": true,\n        \"SubjectElement\": [\n          {\n            \"Path\": \"nisi sit Lorem nulla\",\n            \"ServerPath\": \"id irure ut\",\n            \"Value\": \"amet voluptate dolor culpa\"\n          },\n          {\n            \"Path\": \"culpa magna consectetur sint\",\n            \"ServerPath\": \"velit non veniam Duis\",\n            \"Value\": \"dolor ipsum\"\n          }\n        ]\n      },\n      {\n        \"StatusCode\": \"dolor d\",\n        \"StatusDesc\": \"tempor ad sint\",\n        \"Severity\": \"Error\",\n        \"SvcProviderName\": \"sint ipsum fugiat velit\",\n        \"ServerStatusCode\": \"ullamco ut\",\n        \"ServerStatusDesc\": \"qui magna incididunt\",\n        \"OvrdExceptionInd\": false,\n        \"SubjectElement\": [\n          {\n            \"Path\": \"elit do in cillum nulla\",\n            \"ServerPath\": \"aliqua voluptate dolore\",\n            \"Value\": \"consequat mollit ullamco\"\n          },\n          {\n            \"Path\": \"non occaecat enim reprehenderit\",\n            \"ServerPath\": \"consequat do\",\n            \"Value\": \"Lorem anim\"\n          }\n        ]\n      }\n    ]\n  }\n}","cookie":[],"_postman_previewlanguage":"json"},{"id":"066bfb9d-820a-42d8-82b4-0dce120b8c76","name":"To view the complete list of response codes, <a href=\"../docs/?path=docs/response-codes.md\" title=\"Click to open\">click here.</a>","originalRequest":{"url":{"path":["addrservice","partyacctsvc","address","secured"],"host":["{{baseUrl}}"],"query":[],"variable":[]},"header":[{"disabled":false,"description":"(Required) EFX Header is a common and required component for all API calls, it contains client-related parameters. Please note that the header parameters should be sent as a JSON object under the EFXHeader parameter. To view the list of header parameters, <a href=\"../docs?path=docs/api-ref-EFX-header.md\" title=\"Click to open\"> click here.</a>","key":"EFXHeader","value":"OrganizationId,<string>,TrnId,<string>,VendorId,<string>,Context,[object Object]"},{"key":"Accept","value":"application/json"}],"method":"PUT","body":{"mode":"raw","raw":"{\n  \"AddrKeys\": {\n    \"PartyKeys\": {\n      \"PartyId\": \"<string>\"\n    },\n    \"AddressIdent\": \"<string>\",\n    \"AddrType\": \"<string>\"\n  }\n}","options":{"raw":{"language":"json"}}}},"status":"Internal Server Error","code":500,"header":[{"key":"Content-Type","value":"application/json"}],"body":"{\n  \"AddrStatusRec\": {\n    \"AddrKeys\": {\n      \"PartyKeys\": {\n        \"PartyId\": \"occaecat tempor proident in\"\n      },\n      \"AddressIdent\": \"culpa\"\n    },\n    \"AddrStatus\": {\n      \"AddrStatusCode\": \"Deleted\",\n      \"EffDt\": \"4798-36-19T89:35\"\n    }\n  },\n  \"Status\": {\n    \"Severity\": \"Error\",\n    \"StatusCode\": \"i\",\n    \"StatusDesc\": \"anim dolore consectetur id\",\n    \"SvcProviderName\": \"irure ut in nulla Lorem\",\n    \"Id\": \"laborum velit quis proident\",\n    \"ServerStatusCode\": \"cillum L\",\n    \"ServerStatusDesc\": \"proident nisi ad\",\n    \"OvrdExceptionInd\": true,\n    \"SubjectRole\": \"non est\",\n    \"SubjectElement\": [\n      {\n        \"Path\": \"est in ea culpa dolor\",\n        \"ServerPath\": \"aliquip\",\n        \"Value\": \"eiusmod eu dolore\"\n      },\n      {\n        \"Path\": \"velit dolor qui occaecat\",\n        \"ServerPath\": \"amet veniam qui elit Duis\",\n        \"Value\": \"pari\"\n      }\n    ],\n    \"ContentHTML\": \"occaecat eu ullamco\",\n    \"AdditionalStatus\": [\n      {\n        \"StatusCode\": \"laboris commodo\",\n        \"StatusDesc\": \"qui aliquip quis commodo in\",\n        \"Severity\": \"Error\",\n        \"SvcProviderName\": \"sint nulla officia occaecat\",\n        \"ServerStatusCode\": \"fugiat\",\n        \"ServerStatusDesc\": \"aliquip\",\n        \"OvrdExceptionInd\": true,\n        \"SubjectElement\": [\n          {\n            \"Path\": \"pariatur sed quis enim\",\n            \"ServerPath\": \"irure\",\n            \"Value\": \"enim incididunt do aliqua consectetur\"\n          },\n          {\n            \"Path\": \"cillum minim sint\",\n            \"ServerPath\": \"aliqua occaecat aliquip culpa\",\n            \"Value\": \"tempor\"\n          }\n        ]\n      },\n      {\n        \"StatusCode\": \"f\",\n        \"StatusDesc\": \"veniam in\",\n        \"Severity\": \"Warning\",\n        \"SvcProviderName\": \"minim occaecat dolore\",\n        \"ServerStatusCode\": \"aliquip of\",\n        \"ServerStatusDesc\": \"id aliquip esse do\",\n        \"OvrdExceptionInd\": true,\n        \"SubjectElement\": [\n          {\n            \"Path\": \"ipsum occa\",\n            \"ServerPath\": \"magna consectetur dolor deserunt cillum\",\n            \"Value\": \"fugiat cillum aliquip\"\n          },\n          {\n            \"Path\": \"ullamco mollit\",\n            \"ServerPath\": \"sit deserunt cupidatat adipisicing\",\n            \"Value\": \"culpa in eu\"\n          }\n        ]\n      }\n    ]\n  }\n}","cookie":[],"_postman_previewlanguage":"json"}],"event":[],"protocolProfileBehavior":{"disableBodyPruning":true}}],"event":[],"variable":[{"type":"string","value":"/","key":"baseUrl"}],"info":{"_postman_id":"359991ec-ed0e-4b8f-97a6-6765679670cc","name":"Address Service","schema":"https://schema.getpostman.com/json/collection/v2.1.0/collection.json","description":{"content":"The Address service manages addresses related to parties and product accounts.","type":"text/plain"}}}