{"item":[{"id":"f15a66d2-b92e-4bf4-8a6b-33cae700f335","name":"Get Address","request":{"name":"Get Address","description":{"content":"Retrieves the address record associated with an account or party.\n        <br>\n        For more information about the Accountholder domain, <a href=\"../docs/?path=docs/fintechs/accountholder.md\" title=\"Click to open\">click here.</a><br><br>\n        <b>Relates to:</b>\n          <ul> \n            <li><a href=\"../docs/?path=docs/banks-and-CU/deposits.md\" title=\"Click to open\">Deposits</a></li>\n            <li><a href=\"../docs/?path=docs/banks-and-CU/loans.md\" title=\"Click to open\">Loans</a></li>\n            <li><a href=\"../docs/?path=docs/banks-and-CU/bank-servicing.md\" title=\"Click to open\">Bank Servicing</a></li>\n          </ul>","type":"text/plain"},"url":{"path":["addrservice","partyacctsvc","address","secured"],"host":["{{baseUrl}}"],"query":[],"variable":[]},"header":[{"disabled":false,"description":"(Required) EFX Header is a common and required component for all API calls, it contains client-related parameters. Please note that the header parameters should be sent as a JSON object under the EFXHeader parameter. To view the list of header parameters, <a href=\"../docs?path=docs/api-ref-EFX-header.md\" title=\"Click to open\"> click here.</a>","key":"EFXHeader","value":"OrganizationId,<string>,TrnId,<string>,VendorId,<string>,Context,[object Object]"},{"key":"Content-Type","value":"application/json"},{"key":"Accept","value":"application/json"}],"method":"POST","auth":null,"body":{"mode":"raw","raw":"{\n  \"AddrSel\": {\n    \"AcctKeys\": {\n      \"AcctId\": \"<string>\",\n      \"AcctType\": \"<string>\"\n    }\n  }\n}","options":{"raw":{"language":"json"}}}},"response":[{"id":"3ca2d7c3-a24f-4411-8c2b-b9d716f41072","name":"Success","originalRequest":{"url":{"path":["addrservice","partyacctsvc","address","secured"],"host":["{{baseUrl}}"],"query":[],"variable":[]},"header":[{"disabled":false,"description":"(Required) EFX Header is a common and required component for all API calls, it contains client-related parameters. Please note that the header parameters should be sent as a JSON object under the EFXHeader parameter. To view the list of header parameters, <a href=\"../docs?path=docs/api-ref-EFX-header.md\" title=\"Click to open\"> click here.</a>","key":"EFXHeader","value":"OrganizationId,<string>,TrnId,<string>,VendorId,<string>,Context,[object Object]"},{"key":"Accept","value":"application/json"}],"method":"POST","body":{"mode":"raw","raw":"{\n  \"AddrSel\": {\n    \"AcctKeys\": {\n      \"AcctId\": \"<string>\",\n      \"AcctType\": \"<string>\"\n    }\n  }\n}","options":{"raw":{"language":"json"}}}},"status":"OK","code":200,"header":[{"key":"Content-Type","value":"application/json"}],"body":"{\n  \"AddrRec\": [\n    {\n      \"AddrInfo\": {\n        \"PostAddr\": [\n          {\n            \"AddrType\": \"Seasonal\",\n            \"AddressIdent\": \"dolor ad sed\",\n            \"AddrUse\": \"Property\",\n            \"Addr1\": \"\",\n            \"Addr2\": \"adipisicing fugiat elit qui\",\n            \"City\": \"amet culpa\",\n            \"County\": \"ea ipsum minim\",\n            \"StateProv\": \"occaecat anim ad ipsum aliquip\",\n            \"PostalCode\": \"culp\",\n            \"CountryCode\": {\n              \"value\": \"<Error: Too many levels of nesting to fake this schema>\"\n            },\n            \"TimeFrame\": {\n              \"value\": \"<Error: Too many levels of nesting to fake this schema>\"\n            },\n            \"Retention\": true,\n            \"HandlingCode\": \"deserunt fugiat velit sit est\",\n            \"PhoneNum\": [\n              {\n                \"value\": \"<Error: Too many levels of nesting to fake this schema>\"\n              },\n              {\n                \"value\": \"<Error: Too many levels of nesting to fake this schema>\"\n              }\n            ]\n          },\n          {\n            \"AddrType\": \"Seasonal\",\n            \"AddressIdent\": \"i\",\n            \"AddrUse\": \"1099Tax\",\n            \"Addr1\": \"do est\",\n            \"Addr2\": \"nisi\",\n            \"City\": \"anim sed irure\",\n            \"County\": \"et laborum mollit rep\",\n            \"StateProv\": \"id dolore incididunt\",\n            \"PostalCode\": \"pa\",\n            \"CountryCode\": {\n              \"value\": \"<Error: Too many levels of nesting to fake this schema>\"\n            },\n            \"TimeFrame\": {\n              \"value\": \"<Error: Too many levels of nesting to fake this schema>\"\n            },\n            \"Retention\": false,\n            \"HandlingCode\": \"proident et incididunt\",\n            \"PhoneNum\": [\n              {\n                \"value\": \"<Error: Too many levels of nesting to fake this schema>\"\n              },\n              {\n                \"value\": \"<Error: Too many levels of nesting to fake this schema>\"\n              }\n            ]\n          }\n        ]\n      },\n      \"AddrStatus\": {\n        \"AddrStatusCode\": \"Valid\",\n        \"EffDt\": \"1882-42-26T79:40:52.025\"\n      }\n    },\n    {\n      \"AddrInfo\": {\n        \"PostAddr\": [\n          {\n            \"AddrType\": \"Secondary\",\n            \"AddressIdent\": \"amet pariatur id non\",\n            \"AddrUse\": \"Dividend\",\n            \"Addr1\": \"reprehender\",\n            \"Addr2\": \"sunt dolor\",\n            \"City\": \"nisi fugi\",\n            \"County\": \"qui in irure\",\n            \"StateProv\": \"est labore\",\n            \"PostalCode\": \"repreh\",\n            \"CountryCode\": {\n              \"value\": \"<Error: Too many levels of nesting to fake this schema>\"\n            },\n            \"TimeFrame\": {\n              \"value\": \"<Error: Too many levels of nesting to fake this schema>\"\n            },\n            \"Retention\": true,\n            \"HandlingCode\": \"Excepteur dolore magna esse mollit\",\n            \"PhoneNum\": [\n              {\n                \"value\": \"<Error: Too many levels of nesting to fake this schema>\"\n              },\n              {\n                \"value\": \"<Error: Too many levels of nesting to fake this schema>\"\n              }\n            ]\n          },\n          {\n            \"AddrType\": \"Secondary\",\n            \"AddressIdent\": \"veniam\",\n            \"AddrUse\": \"Check\",\n            \"Addr1\": \"minim et\",\n            \"Addr2\": \"in enim ex\",\n            \"City\": \"cupidatat consectet\",\n            \"County\": \"dolore consectetur no\",\n            \"StateProv\": \"cupidatat magna in officia laborum\",\n            \"PostalCode\": \"\",\n            \"CountryCode\": {\n              \"value\": \"<Error: Too many levels of nesting to fake this schema>\"\n            },\n            \"TimeFrame\": {\n              \"value\": \"<Error: Too many levels of nesting to fake this schema>\"\n            },\n            \"Retention\": true,\n            \"HandlingCode\": \"consectetur sit amet\",\n            \"PhoneNum\": [\n              {\n                \"value\": \"<Error: Too many levels of nesting to fake this schema>\"\n              },\n              {\n                \"value\": \"<Error: Too many levels of nesting to fake this schema>\"\n              }\n            ]\n          }\n        ]\n      },\n      \"AddrStatus\": {\n        \"AddrStatusCode\": \"Valid\",\n        \"EffDt\": \"1775-68-70T73:34\"\n      }\n    }\n  ],\n  \"Status\": {\n    \"Severity\": \"Warning\",\n    \"StatusCode\": \"cupid\",\n    \"StatusDesc\": \"adipisicing anim ea\",\n    \"SvcProviderName\": \"dolor ut cillum\",\n    \"Id\": \"non cillum\",\n    \"ServerStatusCode\": \"labore do\",\n    \"ServerStatusDesc\": \"Lorem\",\n    \"OvrdExceptionInd\": false,\n    \"SubjectRole\": \"ullamco ipsum et culpa\",\n    \"SubjectElement\": [\n      {\n        \"Path\": \"veniam sint Ut\",\n        \"ServerPath\": \"ipsum irure proident nostrud\",\n        \"Value\": \"in consectetur anim occaecat mollit\"\n      },\n      {\n        \"Path\": \"in\",\n        \"ServerPath\": \"proident sed\",\n        \"Value\": \"minim cupidatat ipsum\"\n      }\n    ],\n    \"ContentHTML\": \"aliqua Lorem adipisicing et\",\n    \"AdditionalStatus\": [\n      {\n        \"StatusCode\": \"nul\",\n        \"StatusDesc\": \"ipsum sunt consequat \",\n        \"Severity\": \"Warning\",\n        \"SvcProviderName\": \"incididunt voluptate labore qui in\",\n        \"ServerStatusCode\": \"v\",\n        \"ServerStatusDesc\": \"culpa\",\n        \"OvrdExceptionInd\": true,\n        \"SubjectElement\": [\n          {\n            \"Path\": \"nisi Duis fugiat\",\n            \"ServerPath\": \"Duis nulla\",\n            \"Value\": \"ut Lorem\"\n          },\n          {\n            \"Path\": \"velit officia\",\n            \"ServerPath\": \"nulla\",\n            \"Value\": \"proident\"\n          }\n        ]\n      },\n      {\n        \"StatusCode\": \"laborum ut pariat\",\n        \"StatusDesc\": \"tempor in dolor ullamco laboris\",\n        \"Severity\": \"Error\",\n        \"SvcProviderName\": \"anim aliquip\",\n        \"ServerStatusCode\": \"ea fugiat eu\",\n        \"ServerStatusDesc\": \"dolor esse\",\n        \"OvrdExceptionInd\": true,\n        \"SubjectElement\": [\n          {\n            \"Path\": \"in aliquip elit\",\n            \"ServerPath\": \"irure nisi\",\n            \"Value\": \"exercitation\"\n          },\n          {\n            \"Path\": \"officia\",\n            \"ServerPath\": \"dolor incididunt Ut aliqua Duis\",\n            \"Value\": \"dolore\"\n          }\n        ]\n      }\n    ]\n  },\n  \"RecCtrlOut\": {\n    \"SentRecCount\": -63057166\n  }\n}","cookie":[],"_postman_previewlanguage":"json"},{"id":"3807288a-55d5-4f8a-b580-03648f372ee0","name":"To view the complete list of response codes, <a href=\"../docs/?path=docs/response-codes.md\" title=\"Click to open\">click here.</a>","originalRequest":{"url":{"path":["addrservice","partyacctsvc","address","secured"],"host":["{{baseUrl}}"],"query":[],"variable":[]},"header":[{"disabled":false,"description":"(Required) EFX Header is a common and required component for all API calls, it contains client-related parameters. Please note that the header parameters should be sent as a JSON object under the EFXHeader parameter. To view the list of header parameters, <a href=\"../docs?path=docs/api-ref-EFX-header.md\" title=\"Click to open\"> click here.</a>","key":"EFXHeader","value":"OrganizationId,<string>,TrnId,<string>,VendorId,<string>,Context,[object Object]"},{"key":"Accept","value":"application/json"}],"method":"POST","body":{"mode":"raw","raw":"{\n  \"AddrSel\": {\n    \"AcctKeys\": {\n      \"AcctId\": \"<string>\",\n      \"AcctType\": \"<string>\"\n    }\n  }\n}","options":{"raw":{"language":"json"}}}},"status":"Internal Server Error","code":500,"header":[{"key":"Content-Type","value":"application/json"}],"body":"{\n  \"AddrRec\": [\n    {\n      \"AddrInfo\": {\n        \"PostAddr\": [\n          {\n            \"AddrType\": \"Seasonal\",\n            \"AddressIdent\": \"in enim Ut nostrud\",\n            \"AddrUse\": \"1099Tax\",\n            \"Addr1\": \"elit mollit proident ullamco\",\n            \"Addr2\": \"nostrud aute\",\n            \"City\": \"aute adipisicing nostrud laboris\",\n            \"County\": \"dolore\",\n            \"StateProv\": \"enim ut quis ut irure\",\n            \"PostalCode\": \"fu\",\n            \"CountryCode\": {\n              \"value\": \"<Error: Too many levels of nesting to fake this schema>\"\n            },\n            \"TimeFrame\": {\n              \"value\": \"<Error: Too many levels of nesting to fake this schema>\"\n            },\n            \"Retention\": true,\n            \"HandlingCode\": \"amet id Lorem\",\n            \"PhoneNum\": [\n              {\n                \"value\": \"<Error: Too many levels of nesting to fake this schema>\"\n              },\n              {\n                \"value\": \"<Error: Too many levels of nesting to fake this schema>\"\n              }\n            ]\n          },\n          {\n            \"AddrType\": \"Seasonal\",\n            \"AddressIdent\": \"dolor exercitation laborum\",\n            \"AddrUse\": \"Alternate\",\n            \"Addr1\": \"ipsum\",\n            \"Addr2\": \"ips\",\n            \"City\": \"E\",\n            \"County\": \"do proident reprehenderit\",\n            \"StateProv\": \"anim velit laborum\",\n            \"PostalCode\": \"n\",\n            \"CountryCode\": {\n              \"value\": \"<Error: Too many levels of nesting to fake this schema>\"\n            },\n            \"TimeFrame\": {\n              \"value\": \"<Error: Too many levels of nesting to fake this schema>\"\n            },\n            \"Retention\": false,\n            \"HandlingCode\": \"iru\",\n            \"PhoneNum\": [\n              {\n                \"value\": \"<Error: Too many levels of nesting to fake this schema>\"\n              },\n              {\n                \"value\": \"<Error: Too many levels of nesting to fake this schema>\"\n              }\n            ]\n          }\n        ]\n      },\n      \"AddrStatus\": {\n        \"AddrStatusCode\": \"Valid\",\n        \"EffDt\": \"0226-31-27T91:18:36.605-13:59\"\n      }\n    },\n    {\n      \"AddrInfo\": {\n        \"PostAddr\": [\n          {\n            \"AddrType\": \"Seasonal\",\n            \"AddressIdent\": \"qui Lorem\",\n            \"AddrUse\": \"1099Tax\",\n            \"Addr1\": \"aliquip labore\",\n            \"Addr2\": \"consequat officia\",\n            \"City\": \"ull\",\n            \"County\": \"et velit in sunt proident\",\n            \"StateProv\": \"Duis\",\n            \"PostalCode\": \"ad nulla \",\n            \"CountryCode\": {\n              \"value\": \"<Error: Too many levels of nesting to fake this schema>\"\n            },\n            \"TimeFrame\": {\n              \"value\": \"<Error: Too many levels of nesting to fake this schema>\"\n            },\n            \"Retention\": true,\n            \"HandlingCode\": \"eu\",\n            \"PhoneNum\": [\n              {\n                \"value\": \"<Error: Too many levels of nesting to fake this schema>\"\n              },\n              {\n                \"value\": \"<Error: Too many levels of nesting to fake this schema>\"\n              }\n            ]\n          },\n          {\n            \"AddrType\": \"Secondary\",\n            \"AddressIdent\": \"dolore in\",\n            \"AddrUse\": \"1099Tax\",\n            \"Addr1\": \"reprehenderit ut Excepteur\",\n            \"Addr2\": \"in ut minim\",\n            \"City\": \"enim labor\",\n            \"County\": \"l\",\n            \"StateProv\": \"ad amet eiusmod\",\n            \"PostalCode\": \"tempor e\",\n            \"CountryCode\": {\n              \"value\": \"<Error: Too many levels of nesting to fake this schema>\"\n            },\n            \"TimeFrame\": {\n              \"value\": \"<Error: Too many levels of nesting to fake this schema>\"\n            },\n            \"Retention\": true,\n            \"HandlingCode\": \"nostrud magna officia deserunt\",\n            \"PhoneNum\": [\n              {\n                \"value\": \"<Error: Too many levels of nesting to fake this schema>\"\n              },\n              {\n                \"value\": \"<Error: Too many levels of nesting to fake this schema>\"\n              }\n            ]\n          }\n        ]\n      },\n      \"AddrStatus\": {\n        \"AddrStatusCode\": \"Valid\",\n        \"EffDt\": \"6588-73-67\"\n      }\n    }\n  ],\n  \"Status\": {\n    \"Severity\": \"Warning\",\n    \"StatusCode\": \"laboris \",\n    \"StatusDesc\": \"in non\",\n    \"SvcProviderName\": \"deserunt\",\n    \"Id\": \"sun\",\n    \"ServerStatusCode\": \"do Dui\",\n    \"ServerStatusDesc\": \"cupidatat sed\",\n    \"OvrdExceptionInd\": false,\n    \"SubjectRole\": \"magna Duis et commodo\",\n    \"SubjectElement\": [\n      {\n        \"Path\": \"dolor\",\n        \"ServerPath\": \"anim\",\n        \"Value\": \"ex eiusmod\"\n      },\n      {\n        \"Path\": \"exercitation incididunt\",\n        \"ServerPath\": \"reprehenderit dolore minim nisi\",\n        \"Value\": \"anim\"\n      }\n    ],\n    \"ContentHTML\": \"Duis ex voluptate non co\",\n    \"AdditionalStatus\": [\n      {\n        \"StatusCode\": \"eiusmod mo\",\n        \"StatusDesc\": \"dolor proident\",\n        \"Severity\": \"Warning\",\n        \"SvcProviderName\": \"nulla aliquip\",\n        \"ServerStatusCode\": \"et\",\n        \"ServerStatusDesc\": \"sit veniam labore quis ea\",\n        \"OvrdExceptionInd\": false,\n        \"SubjectElement\": [\n          {\n            \"Path\": \"nulla dolor\",\n            \"ServerPath\": \"in aliqua\",\n            \"Value\": \"aliqua in commodo proident\"\n          },\n          {\n            \"Path\": \"Duis sunt aute\",\n            \"ServerPath\": \"in non aliqua\",\n            \"Value\": \"eu in non pariatur\"\n          }\n        ]\n      },\n      {\n        \"StatusCode\": \"occaecat minim c\",\n        \"StatusDesc\": \"sit Lorem ut incididu\",\n        \"Severity\": \"Warning\",\n        \"SvcProviderName\": \"nulla occaecat ea proident in\",\n        \"ServerStatusCode\": \"conseq\",\n        \"ServerStatusDesc\": \"Ut fugiat nostrud dolore proident\",\n        \"OvrdExceptionInd\": true,\n        \"SubjectElement\": [\n          {\n            \"Path\": \"eiusmod eu aute\",\n            \"ServerPath\": \"in deserunt\",\n            \"Value\": \"Excepteur elit veniam id\"\n          },\n          {\n            \"Path\": \"ex irure eu\",\n            \"ServerPath\": \"in dolor officia\",\n            \"Value\": \"tempor enim sit ut\"\n          }\n        ]\n      }\n    ]\n  },\n  \"RecCtrlOut\": {\n    \"SentRecCount\": 19351652\n  }\n}","cookie":[],"_postman_previewlanguage":"json"}],"event":[],"protocolProfileBehavior":{"disableBodyPruning":true}}],"event":[],"variable":[{"type":"string","value":"/","key":"baseUrl"}],"info":{"_postman_id":"d77f9bff-7528-4760-befa-8d9692cae995","name":"Address Service","schema":"https://schema.getpostman.com/json/collection/v2.1.0/collection.json","description":{"content":"The Address service manages addresses related to parties and product accounts.","type":"text/plain"}}}