{"item":[{"id":"c62d2772-ed8a-4791-8f07-0b3b5451721b","name":"beneficialownerservice/parties/beneficialowner","item":[{"id":"00f758a3-e491-4f74-aad3-011266fcc080","name":"Updates a Beneficial Owner Object","request":{"name":"Updates a Beneficial Owner Object","description":{"content":"Updates beneficial owner for the account.\n        <br>\n        For more information about the Accountholder domain, <a href=\"../docs/?path=docs/fintechs/accountholder.md\" title=\"Click to open\">click here.</a><br><br>\n        <b>Relates to:</b>\n          <ul> \n            <li><a href=\"../docs/?path=docs/banks-and-CU/deposits.md\" title=\"Click to open\">Deposits</a></li>\n            <li><a href=\"../docs/?path=docs/banks-and-CU/loans.md\" title=\"Click to open\">Loans</a></li>\n            <li><a href=\"../docs/?path=docs/banks-and-CU/bank-servicing.md\" title=\"Click to open\">Bank Servicing</a></li>\n          </ul>","type":"text/plain"},"url":{"path":["beneficialownerservice","parties","beneficialowner"],"host":["{{baseUrl}}"],"query":[],"variable":[]},"header":[{"disabled":false,"description":"(Required) EFX Header is a common and required component for all API calls, it contains client-related parameters. Please note that the header parameters should be sent as a JSON object under the EFXHeader parameter. To view the list of header parameters, <a href=\"../docs?path=docs/api-ref-EFX-header.md\" title=\"Click to open\"> click here.</a>","key":"EFXHeader","value":"OrganizationId,<string>,TrnId,<string>,VendorId,<string>,Context,[object Object]"},{"key":"Content-Type","value":"application/json"},{"key":"Accept","value":"application/json"}],"method":"PUT","auth":null,"body":{"mode":"raw","raw":"{\n  \"BeneficialOwnerInfo\": {\n    \"BeneficialOwnerData\": {\n      \"FullName\": \"<string>\",\n      \"RelationshipType\": \"<string>\",\n      \"ControlCode\": \"<string>\",\n      \"OwnerInd\": \"<boolean>\",\n      \"BeneficialOwnerPercent\": \"<number>\"\n    }\n  },\n  \"BeneficialOwnerKeys\": {\n    \"PartyKeys\": {\n      \"PartyId\": \"<string>\"\n    },\n    \"RelPartyKeys\": {\n      \"PartyId\": \"<string>\"\n    }\n  }\n}","options":{"raw":{"language":"json"}}}},"response":[{"id":"f662e285-1319-4f48-b4cd-c1096c16e5d9","name":"Success","originalRequest":{"url":{"path":["beneficialownerservice","parties","beneficialowner"],"host":["{{baseUrl}}"],"query":[],"variable":[]},"header":[{"disabled":false,"description":"(Required) EFX Header is a common and required component for all API calls, it contains client-related parameters. Please note that the header parameters should be sent as a JSON object under the EFXHeader parameter. To view the list of header parameters, <a href=\"../docs?path=docs/api-ref-EFX-header.md\" title=\"Click to open\"> click here.</a>","key":"EFXHeader","value":"OrganizationId,<string>,TrnId,<string>,VendorId,<string>,Context,[object Object]"},{"key":"Accept","value":"application/json"}],"method":"PUT","body":{"mode":"raw","raw":"{\n  \"BeneficialOwnerInfo\": {\n    \"BeneficialOwnerData\": {\n      \"FullName\": \"<string>\",\n      \"RelationshipType\": \"<string>\",\n      \"ControlCode\": \"<string>\",\n      \"OwnerInd\": \"<boolean>\",\n      \"BeneficialOwnerPercent\": \"<number>\"\n    }\n  },\n  \"BeneficialOwnerKeys\": {\n    \"PartyKeys\": {\n      \"PartyId\": \"<string>\"\n    },\n    \"RelPartyKeys\": {\n      \"PartyId\": \"<string>\"\n    }\n  }\n}","options":{"raw":{"language":"json"}}}},"status":"OK","code":200,"header":[{"key":"Content-Type","value":"application/json"}],"body":"{\n  \"BeneficialOwnerStatusRec\": {\n    \"BeneficialOwnerKeys\": {\n      \"PartyKeys\": {\n        \"PartyId\": \"magna aliqua dolore\"\n      },\n      \"RelPartyKeys\": {\n        \"PartyId\": \"labore\"\n      }\n    },\n    \"BeneficialOwnerStatus\": {\n      \"BeneficialOwnerStatusCode\": \"Valid\",\n      \"EffDt\": \"6483-78-27\"\n    }\n  },\n  \"Status\": {\n    \"Severity\": \"Warning\",\n    \"StatusCode\": \"eni\",\n    \"StatusDesc\": \"commodo culpa consequat ex\",\n    \"SvcProviderName\": \"Excepteur reprehenderit nulla mollit\",\n    \"Id\": \"sed adipisicing pariatur\",\n    \"ServerStatusCode\": \"sit\",\n    \"ServerStatusDesc\": \"amet \",\n    \"OvrdExceptionInd\": true,\n    \"SubjectRole\": \"commodo labore non\",\n    \"SubjectElement\": [\n      {\n        \"Path\": \"laboris consequat\",\n        \"ServerPath\": \"velit\",\n        \"Value\": \"nulla proident aliquip elit\"\n      },\n      {\n        \"Path\": \"ex\",\n        \"ServerPath\": \"sunt inci\",\n        \"Value\": \"Excepteur elit consectetur\"\n      }\n    ],\n    \"ContentHTML\": \"aliquip voluptate enim\",\n    \"AdditionalStatus\": [\n      {\n        \"StatusCode\": \"\",\n        \"StatusDesc\": \"do et esse fugiat dolor\",\n        \"Severity\": \"Warning\",\n        \"SvcProviderName\": \"voluptate velit reprehenderi\",\n        \"ServerStatusCode\": \"qui velit\",\n        \"ServerStatusDesc\": \"Excepteur Duis id\",\n        \"OvrdExceptionInd\": false,\n        \"SubjectElement\": [\n          {\n            \"Path\": \"veniam incididunt\",\n            \"ServerPath\": \"mollit fugiat irure do\",\n            \"Value\": \"ad dolore cupidatat\"\n          },\n          {\n            \"Path\": \"ir\",\n            \"ServerPath\": \"amet enim est quis\",\n            \"Value\": \"eu ut cillum voluptate\"\n          }\n        ]\n      },\n      {\n        \"StatusCode\": \"dolore non no\",\n        \"StatusDesc\": \"in\",\n        \"Severity\": \"Error\",\n        \"SvcProviderName\": \"Excepteur eiusmod esse\",\n        \"ServerStatusCode\": \"amet i\",\n        \"ServerStatusDesc\": \"aute ullamco\",\n        \"OvrdExceptionInd\": true,\n        \"SubjectElement\": [\n          {\n            \"Path\": \"deserunt\",\n            \"ServerPath\": \"dolor in et\",\n            \"Value\": \"Duis cupidatat tempor\"\n          },\n          {\n            \"Path\": \"tempor veniam\",\n            \"ServerPath\": \"aute\",\n            \"Value\": \"ut consequat do commodo\"\n          }\n        ]\n      }\n    ]\n  }\n}","cookie":[],"_postman_previewlanguage":"json"},{"id":"1a4af954-fcb8-46e7-8c0a-9f78a55d8dc3","name":"To view the complete list of response codes, <a href=\"../docs/?path=docs/response-codes.md\" title=\"Click to open\">click here.</a>","originalRequest":{"url":{"path":["beneficialownerservice","parties","beneficialowner"],"host":["{{baseUrl}}"],"query":[],"variable":[]},"header":[{"disabled":false,"description":"(Required) EFX Header is a common and required component for all API calls, it contains client-related parameters. Please note that the header parameters should be sent as a JSON object under the EFXHeader parameter. To view the list of header parameters, <a href=\"../docs?path=docs/api-ref-EFX-header.md\" title=\"Click to open\"> click here.</a>","key":"EFXHeader","value":"OrganizationId,<string>,TrnId,<string>,VendorId,<string>,Context,[object Object]"},{"key":"Accept","value":"application/json"}],"method":"PUT","body":{"mode":"raw","raw":"{\n  \"BeneficialOwnerInfo\": {\n    \"BeneficialOwnerData\": {\n      \"FullName\": \"<string>\",\n      \"RelationshipType\": \"<string>\",\n      \"ControlCode\": \"<string>\",\n      \"OwnerInd\": \"<boolean>\",\n      \"BeneficialOwnerPercent\": \"<number>\"\n    }\n  },\n  \"BeneficialOwnerKeys\": {\n    \"PartyKeys\": {\n      \"PartyId\": \"<string>\"\n    },\n    \"RelPartyKeys\": {\n      \"PartyId\": \"<string>\"\n    }\n  }\n}","options":{"raw":{"language":"json"}}}},"status":"Internal Server Error","code":500,"header":[{"key":"Content-Type","value":"application/json"}],"body":"{\n  \"BeneficialOwnerStatusRec\": {\n    \"BeneficialOwnerKeys\": {\n      \"PartyKeys\": {\n        \"PartyId\": \"labore c\"\n      },\n      \"RelPartyKeys\": {\n        \"PartyId\": \"amet eu\"\n      }\n    },\n    \"BeneficialOwnerStatus\": {\n      \"BeneficialOwnerStatusCode\": \"Valid\",\n      \"EffDt\": \"5548-67-96\"\n    }\n  },\n  \"Status\": {\n    \"Severity\": \"Warning\",\n    \"StatusCode\": \"Duis co\",\n    \"StatusDesc\": \"elit\",\n    \"SvcProviderName\": \"deserunt ut tempor ut\",\n    \"Id\": \"\",\n    \"ServerStatusCode\": \"consectetur qui\",\n    \"ServerStatusDesc\": \"eu Excepteur anim consectetur sit\",\n    \"OvrdExceptionInd\": false,\n    \"SubjectRole\": \"aute quis\",\n    \"SubjectElement\": [\n      {\n        \"Path\": \"Ut proident nulla\",\n        \"ServerPath\": \"enim Duis f\",\n        \"Value\": \"irure enim\"\n      },\n      {\n        \"Path\": \"ipsum sit ex in sint\",\n        \"ServerPath\": \"ut consectetur esse\",\n        \"Value\": \"elit labore\"\n      }\n    ],\n    \"ContentHTML\": \"in in cillum in quis\",\n    \"AdditionalStatus\": [\n      {\n        \"StatusCode\": \"nostrud non\",\n        \"StatusDesc\": \"velit nostrud in\",\n        \"Severity\": \"Error\",\n        \"SvcProviderName\": \"incididunt\",\n        \"ServerStatusCode\": \"quis in culpa au\",\n        \"ServerStatusDesc\": \"pariatur voluptate deserunt\",\n        \"OvrdExceptionInd\": false,\n        \"SubjectElement\": [\n          {\n            \"Path\": \"reprehenderit ut aliqua\",\n            \"ServerPath\": \"commodo ut pariatur\",\n            \"Value\": \"ex voluptate\"\n          },\n          {\n            \"Path\": \"mollit et tempo\",\n            \"ServerPath\": \"ad Lorem ipsum magna\",\n            \"Value\": \"nostrud incididunt commodo sunt\"\n          }\n        ]\n      },\n      {\n        \"StatusCode\": \"anim\",\n        \"StatusDesc\": \"sint ea nostrud eu\",\n        \"Severity\": \"Error\",\n        \"SvcProviderName\": \"quis\",\n        \"ServerStatusCode\": \"commodo cupidatat\",\n        \"ServerStatusDesc\": \"exercitation nulla\",\n        \"OvrdExceptionInd\": true,\n        \"SubjectElement\": [\n          {\n            \"Path\": \"in id u\",\n            \"ServerPath\": \"consectetur tempor nulla\",\n            \"Value\": \"deserunt adipisicing\"\n          },\n          {\n            \"Path\": \"Lorem ex ullamco Duis\",\n            \"ServerPath\": \"eu Excepteur velit\",\n            \"Value\": \"ipsum aliquip ad\"\n          }\n        ]\n      }\n    ]\n  }\n}","cookie":[],"_postman_previewlanguage":"json"}],"event":[],"protocolProfileBehavior":{"disableBodyPruning":true}},{"id":"e4a639ee-9350-469c-826e-be26c2f52ab0","name":"Add a Beneficial Owner Object","request":{"name":"Add a Beneficial Owner Object","description":{"content":"Adds a beneficial owner to the account.\n        <br>\n        For more information about the Accountholder domain, <a href=\"../docs/?path=docs/fintechs/accountholder.md\" title=\"Click to open\">click here.</a><br><br>\n        <b>Relates to:</b>\n          <ul> \n            <li><a href=\"../docs/?path=docs/banks-and-CU/deposits.md\" title=\"Click to open\">Deposits</a></li>\n            <li><a href=\"../docs/?path=docs/banks-and-CU/loans.md\" title=\"Click to open\">Loans</a></li>\n            <li><a href=\"../docs/?path=docs/banks-and-CU/bank-servicing.md\" title=\"Click to open\">Bank Servicing</a></li>\n          </ul>","type":"text/plain"},"url":{"path":["beneficialownerservice","parties","beneficialowner"],"host":["{{baseUrl}}"],"query":[],"variable":[]},"header":[{"disabled":false,"description":"(Required) EFX Header is a common and required component for all API calls, it contains client-related parameters. Please note that the header parameters should be sent as a JSON object under the EFXHeader parameter. To view the list of header parameters, <a href=\"../docs?path=docs/api-ref-EFX-header.md\" title=\"Click to open\"> click here.</a>","key":"EFXHeader","value":"OrganizationId,<string>,TrnId,<string>,VendorId,<string>,Context,[object Object]"},{"key":"Content-Type","value":"application/json"},{"key":"Accept","value":"application/json"}],"method":"POST","auth":null,"body":{"mode":"raw","raw":"{\n  \"BeneficialOwnerInfo\": {\n    \"PartyKeys\": {\n      \"PartyId\": \"<string>\"\n    },\n    \"BeneficialOwnerData\": {\n      \"RelPartyKeys\": {\n        \"PartyId\": \"<string>\"\n      },\n      \"FullName\": \"<string>\",\n      \"RelationshipType\": \"<string>\",\n      \"ControlCode\": \"<string>\",\n      \"OwnerInd\": \"<boolean>\",\n      \"BeneficialOwnerPercent\": \"<number>\"\n    }\n  }\n}","options":{"raw":{"language":"json"}}}},"response":[{"id":"21b75868-c670-4043-ad74-b2b09753e421","name":"Created","originalRequest":{"url":{"path":["beneficialownerservice","parties","beneficialowner"],"host":["{{baseUrl}}"],"query":[],"variable":[]},"header":[{"disabled":false,"description":"(Required) EFX Header is a common and required component for all API calls, it contains client-related parameters. Please note that the header parameters should be sent as a JSON object under the EFXHeader parameter. To view the list of header parameters, <a href=\"../docs?path=docs/api-ref-EFX-header.md\" title=\"Click to open\"> click here.</a>","key":"EFXHeader","value":"OrganizationId,<string>,TrnId,<string>,VendorId,<string>,Context,[object Object]"},{"key":"Accept","value":"application/json"}],"method":"POST","body":{"mode":"raw","raw":"{\n  \"BeneficialOwnerInfo\": {\n    \"PartyKeys\": {\n      \"PartyId\": \"<string>\"\n    },\n    \"BeneficialOwnerData\": {\n      \"RelPartyKeys\": {\n        \"PartyId\": \"<string>\"\n      },\n      \"FullName\": \"<string>\",\n      \"RelationshipType\": \"<string>\",\n      \"ControlCode\": \"<string>\",\n      \"OwnerInd\": \"<boolean>\",\n      \"BeneficialOwnerPercent\": \"<number>\"\n    }\n  }\n}","options":{"raw":{"language":"json"}}}},"status":"Created","code":201,"header":[{"key":"Content-Type","value":"application/json"}],"body":"{\n  \"BeneficialOwnerStatusRec\": {\n    \"BeneficialOwnerKeys\": {\n      \"PartyKeys\": {\n        \"PartyId\": \"labore c\"\n      },\n      \"RelPartyKeys\": {\n        \"PartyId\": \"amet eu\"\n      }\n    },\n    \"BeneficialOwnerStatus\": {\n      \"BeneficialOwnerStatusCode\": \"Valid\",\n      \"EffDt\": \"5548-67-96\"\n    }\n  },\n  \"Status\": {\n    \"Severity\": \"Warning\",\n    \"StatusCode\": \"Duis co\",\n    \"StatusDesc\": \"elit\",\n    \"SvcProviderName\": \"deserunt ut tempor ut\",\n    \"Id\": \"\",\n    \"ServerStatusCode\": \"consectetur qui\",\n    \"ServerStatusDesc\": \"eu Excepteur anim consectetur sit\",\n    \"OvrdExceptionInd\": false,\n    \"SubjectRole\": \"aute quis\",\n    \"SubjectElement\": [\n      {\n        \"Path\": \"Ut proident nulla\",\n        \"ServerPath\": \"enim Duis f\",\n        \"Value\": \"irure enim\"\n      },\n      {\n        \"Path\": \"ipsum sit ex in sint\",\n        \"ServerPath\": \"ut consectetur esse\",\n        \"Value\": \"elit labore\"\n      }\n    ],\n    \"ContentHTML\": \"in in cillum in quis\",\n    \"AdditionalStatus\": [\n      {\n        \"StatusCode\": \"nostrud non\",\n        \"StatusDesc\": \"velit nostrud in\",\n        \"Severity\": \"Error\",\n        \"SvcProviderName\": \"incididunt\",\n        \"ServerStatusCode\": \"quis in culpa au\",\n        \"ServerStatusDesc\": \"pariatur voluptate deserunt\",\n        \"OvrdExceptionInd\": false,\n        \"SubjectElement\": [\n          {\n            \"Path\": \"reprehenderit ut aliqua\",\n            \"ServerPath\": \"commodo ut pariatur\",\n            \"Value\": \"ex voluptate\"\n          },\n          {\n            \"Path\": \"mollit et tempo\",\n            \"ServerPath\": \"ad Lorem ipsum magna\",\n            \"Value\": \"nostrud incididunt commodo sunt\"\n          }\n        ]\n      },\n      {\n        \"StatusCode\": \"anim\",\n        \"StatusDesc\": \"sint ea nostrud eu\",\n        \"Severity\": \"Error\",\n        \"SvcProviderName\": \"quis\",\n        \"ServerStatusCode\": \"commodo cupidatat\",\n        \"ServerStatusDesc\": \"exercitation nulla\",\n        \"OvrdExceptionInd\": true,\n        \"SubjectElement\": [\n          {\n            \"Path\": \"in id u\",\n            \"ServerPath\": \"consectetur tempor nulla\",\n            \"Value\": \"deserunt adipisicing\"\n          },\n          {\n            \"Path\": \"Lorem ex ullamco Duis\",\n            \"ServerPath\": \"eu Excepteur velit\",\n            \"Value\": \"ipsum aliquip ad\"\n          }\n        ]\n      }\n    ]\n  }\n}","cookie":[],"_postman_previewlanguage":"json"},{"id":"ed8c6f69-432d-44f3-af69-9496814ee891","name":"To view the complete list of response codes, <a href=\"../docs/?path=docs/response-codes.md\" title=\"Click to open\">click here.</a>","originalRequest":{"url":{"path":["beneficialownerservice","parties","beneficialowner"],"host":["{{baseUrl}}"],"query":[],"variable":[]},"header":[{"disabled":false,"description":"(Required) EFX Header is a common and required component for all API calls, it contains client-related parameters. Please note that the header parameters should be sent as a JSON object under the EFXHeader parameter. To view the list of header parameters, <a href=\"../docs?path=docs/api-ref-EFX-header.md\" title=\"Click to open\"> click here.</a>","key":"EFXHeader","value":"OrganizationId,<string>,TrnId,<string>,VendorId,<string>,Context,[object Object]"},{"key":"Accept","value":"application/json"}],"method":"POST","body":{"mode":"raw","raw":"{\n  \"BeneficialOwnerInfo\": {\n    \"PartyKeys\": {\n      \"PartyId\": \"<string>\"\n    },\n    \"BeneficialOwnerData\": {\n      \"RelPartyKeys\": {\n        \"PartyId\": \"<string>\"\n      },\n      \"FullName\": \"<string>\",\n      \"RelationshipType\": \"<string>\",\n      \"ControlCode\": \"<string>\",\n      \"OwnerInd\": \"<boolean>\",\n      \"BeneficialOwnerPercent\": \"<number>\"\n    }\n  }\n}","options":{"raw":{"language":"json"}}}},"status":"Internal Server Error","code":500,"header":[{"key":"Content-Type","value":"application/json"}],"body":"{\n  \"BeneficialOwnerStatusRec\": {\n    \"BeneficialOwnerKeys\": {\n      \"PartyKeys\": {\n        \"PartyId\": \"labore c\"\n      },\n      \"RelPartyKeys\": {\n        \"PartyId\": \"amet eu\"\n      }\n    },\n    \"BeneficialOwnerStatus\": {\n      \"BeneficialOwnerStatusCode\": \"Valid\",\n      \"EffDt\": \"5548-67-96\"\n    }\n  },\n  \"Status\": {\n    \"Severity\": \"Warning\",\n    \"StatusCode\": \"Duis co\",\n    \"StatusDesc\": \"elit\",\n    \"SvcProviderName\": \"deserunt ut tempor ut\",\n    \"Id\": \"\",\n    \"ServerStatusCode\": \"consectetur qui\",\n    \"ServerStatusDesc\": \"eu Excepteur anim consectetur sit\",\n    \"OvrdExceptionInd\": false,\n    \"SubjectRole\": \"aute quis\",\n    \"SubjectElement\": [\n      {\n        \"Path\": \"Ut proident nulla\",\n        \"ServerPath\": \"enim Duis f\",\n        \"Value\": \"irure enim\"\n      },\n      {\n        \"Path\": \"ipsum sit ex in sint\",\n        \"ServerPath\": \"ut consectetur esse\",\n        \"Value\": \"elit labore\"\n      }\n    ],\n    \"ContentHTML\": \"in in cillum in quis\",\n    \"AdditionalStatus\": [\n      {\n        \"StatusCode\": \"nostrud non\",\n        \"StatusDesc\": \"velit nostrud in\",\n        \"Severity\": \"Error\",\n        \"SvcProviderName\": \"incididunt\",\n        \"ServerStatusCode\": \"quis in culpa au\",\n        \"ServerStatusDesc\": \"pariatur voluptate deserunt\",\n        \"OvrdExceptionInd\": false,\n        \"SubjectElement\": [\n          {\n            \"Path\": \"reprehenderit ut aliqua\",\n            \"ServerPath\": \"commodo ut pariatur\",\n            \"Value\": \"ex voluptate\"\n          },\n          {\n            \"Path\": \"mollit et tempo\",\n            \"ServerPath\": \"ad Lorem ipsum magna\",\n            \"Value\": \"nostrud incididunt commodo sunt\"\n          }\n        ]\n      },\n      {\n        \"StatusCode\": \"anim\",\n        \"StatusDesc\": \"sint ea nostrud eu\",\n        \"Severity\": \"Error\",\n        \"SvcProviderName\": \"quis\",\n        \"ServerStatusCode\": \"commodo cupidatat\",\n        \"ServerStatusDesc\": \"exercitation nulla\",\n        \"OvrdExceptionInd\": true,\n        \"SubjectElement\": [\n          {\n            \"Path\": \"in id u\",\n            \"ServerPath\": \"consectetur tempor nulla\",\n            \"Value\": \"deserunt adipisicing\"\n          },\n          {\n            \"Path\": \"Lorem ex ullamco Duis\",\n            \"ServerPath\": \"eu Excepteur velit\",\n            \"Value\": \"ipsum aliquip ad\"\n          }\n        ]\n      }\n    ]\n  }\n}","cookie":[],"_postman_previewlanguage":"json"}],"event":[],"protocolProfileBehavior":{"disableBodyPruning":true}},{"id":"18d8d898-1c94-417b-b6f3-acb49784df3b","name":"secured","item":[{"id":"ad0b5816-4d0c-4b33-89fd-3879806ff5a4","name":"Deletes a Beneficial Owner Object Secured","request":{"name":"Deletes a Beneficial Owner Object Secured","description":{"content":"Deletes a beneficial owner from the account.\n        <br>\n        For more information about the Accountholder domain, <a href=\"../docs/?path=docs/fintechs/accountholder.md\" title=\"Click to open\">click here.</a><br><br>\n        <b>Relates to:</b>\n          <ul> \n            <li><a href=\"../docs/?path=docs/banks-and-CU/deposits.md\" title=\"Click to open\">Deposits</a></li>\n            <li><a href=\"../docs/?path=docs/banks-and-CU/loans.md\" title=\"Click to open\">Loans</a></li>\n            <li><a href=\"../docs/?path=docs/banks-and-CU/bank-servicing.md\" title=\"Click to open\">Bank Servicing</a></li>\n          </ul>","type":"text/plain"},"url":{"path":["beneficialownerservice","parties","beneficialowner","secured"],"host":["{{baseUrl}}"],"query":[],"variable":[]},"header":[{"disabled":false,"description":"(Required) EFX Header is a common and required component for all API calls, it contains client-related parameters. Please note that the header parameters should be sent as a JSON object under the EFXHeader parameter. To view the list of header parameters, <a href=\"../docs?path=docs/api-ref-EFX-header.md\" title=\"Click to open\"> click here.</a>","key":"EFXHeader","value":"OrganizationId,<string>,TrnId,<string>,VendorId,<string>,Context,[object Object]"},{"key":"Content-Type","value":"application/json"},{"key":"Accept","value":"application/json"}],"method":"PUT","auth":null,"body":{"mode":"raw","raw":"{\n  \"BeneficialOwnerKeys\": {\n    \"PartyKeys\": {\n      \"PartyId\": \"<string>\"\n    },\n    \"RelPartyKeys\": {\n      \"PartyId\": \"<string>\"\n    }\n  }\n}","options":{"raw":{"language":"json"}}}},"response":[{"id":"ef808a93-1fd0-4778-9f54-e33cdbebbe25","name":"Success","originalRequest":{"url":{"path":["beneficialownerservice","parties","beneficialowner","secured"],"host":["{{baseUrl}}"],"query":[],"variable":[]},"header":[{"disabled":false,"description":"(Required) EFX Header is a common and required component for all API calls, it contains client-related parameters. Please note that the header parameters should be sent as a JSON object under the EFXHeader parameter. To view the list of header parameters, <a href=\"../docs?path=docs/api-ref-EFX-header.md\" title=\"Click to open\"> click here.</a>","key":"EFXHeader","value":"OrganizationId,<string>,TrnId,<string>,VendorId,<string>,Context,[object Object]"},{"key":"Accept","value":"application/json"}],"method":"PUT","body":{"mode":"raw","raw":"{\n  \"BeneficialOwnerKeys\": {\n    \"PartyKeys\": {\n      \"PartyId\": \"<string>\"\n    },\n    \"RelPartyKeys\": {\n      \"PartyId\": \"<string>\"\n    }\n  }\n}","options":{"raw":{"language":"json"}}}},"status":"OK","code":200,"header":[{"key":"Content-Type","value":"application/json"}],"body":"{\n  \"BeneficialOwnerStatusRec\": {\n    \"BeneficialOwnerKeys\": {\n      \"PartyKeys\": {\n        \"PartyId\": \"non ut proident\"\n      },\n      \"RelPartyKeys\": {\n        \"PartyId\": \"dolore exercitatio\"\n      }\n    },\n    \"BeneficialOwnerStatus\": {\n      \"BeneficialOwnerStatusCode\": \"Deleted\",\n      \"EffDt\": \"6765-55-17T81:31\"\n    }\n  },\n  \"Status\": {\n    \"Severity\": \"Info\",\n    \"StatusCode\": \"laborum in\",\n    \"StatusDesc\": \"Excepteur cillum\",\n    \"SvcProviderName\": \"Duis \",\n    \"Id\": \"exercitation id\",\n    \"ServerStatusCode\": \"elit ullamco in \",\n    \"ServerStatusDesc\": \"do adipisicing\",\n    \"OvrdExceptionInd\": true,\n    \"SubjectRole\": \"laboris consequat nisi qui magna\",\n    \"SubjectElement\": [\n      {\n        \"Path\": \"reprehenderit culpa id Ut ad\",\n        \"ServerPath\": \"dolore sed aliqua ex\",\n        \"Value\": \"proident aliqua cupidatat sunt\"\n      },\n      {\n        \"Path\": \"in velit\",\n        \"ServerPath\": \"tempor ipsum\",\n        \"Value\": \"proident minim voluptate dolore\"\n      }\n    ],\n    \"ContentHTML\": \"sit sunt id voluptate dolor\",\n    \"AdditionalStatus\": [\n      {\n        \"StatusCode\": \"id ex sunt\",\n        \"StatusDesc\": \"id occaecat ea\",\n        \"Severity\": \"Info\",\n        \"SvcProviderName\": \"elit non ex\",\n        \"ServerStatusCode\": \"nostrud \",\n        \"ServerStatusDesc\": \"irure dolore ut\",\n        \"OvrdExceptionInd\": false,\n        \"SubjectElement\": [\n          {\n            \"Path\": \"elit est eiusmod\",\n            \"ServerPath\": \"qui ullamco\",\n            \"Value\": \"labore sed enim velit et\"\n          },\n          {\n            \"Path\": \"officia occaecat do cillum dolor\",\n            \"ServerPath\": \"exercitation quis laborum\",\n            \"Value\": \"nostrud eiusmod sit veniam\"\n          }\n        ]\n      },\n      {\n        \"StatusCode\": \"tem\",\n        \"StatusDesc\": \"ex Duis non\",\n        \"Severity\": \"Info\",\n        \"SvcProviderName\": \"nostrud qui cillum reprehenderit\",\n        \"ServerStatusCode\": \"dolor\",\n        \"ServerStatusDesc\": \"exercitation sit\",\n        \"OvrdExceptionInd\": true,\n        \"SubjectElement\": [\n          {\n            \"Path\": \"sed nisi eiusmod\",\n            \"ServerPath\": \"deserunt non nostrud\",\n            \"Value\": \"ad nostrud in eu\"\n          },\n          {\n            \"Path\": \"Duis esse pariat\",\n            \"ServerPath\": \"sit exercitation\",\n            \"Value\": \"officia sed\"\n          }\n        ]\n      }\n    ]\n  }\n}","cookie":[],"_postman_previewlanguage":"json"},{"id":"52da212a-5058-498e-a8fe-c12abefe8c7f","name":"To view the complete list of response codes, <a href=\"../docs/?path=docs/response-codes.md\" title=\"Click to open\">click here.</a>","originalRequest":{"url":{"path":["beneficialownerservice","parties","beneficialowner","secured"],"host":["{{baseUrl}}"],"query":[],"variable":[]},"header":[{"disabled":false,"description":"(Required) EFX Header is a common and required component for all API calls, it contains client-related parameters. Please note that the header parameters should be sent as a JSON object under the EFXHeader parameter. To view the list of header parameters, <a href=\"../docs?path=docs/api-ref-EFX-header.md\" title=\"Click to open\"> click here.</a>","key":"EFXHeader","value":"OrganizationId,<string>,TrnId,<string>,VendorId,<string>,Context,[object Object]"},{"key":"Accept","value":"application/json"}],"method":"PUT","body":{"mode":"raw","raw":"{\n  \"BeneficialOwnerKeys\": {\n    \"PartyKeys\": {\n      \"PartyId\": \"<string>\"\n    },\n    \"RelPartyKeys\": {\n      \"PartyId\": \"<string>\"\n    }\n  }\n}","options":{"raw":{"language":"json"}}}},"status":"Internal Server Error","code":500,"header":[{"key":"Content-Type","value":"application/json"}],"body":"{\n  \"BeneficialOwnerStatusRec\": {\n    \"BeneficialOwnerKeys\": {\n      \"PartyKeys\": {\n        \"PartyId\": \"non ut proident\"\n      },\n      \"RelPartyKeys\": {\n        \"PartyId\": \"dolore exercitatio\"\n      }\n    },\n    \"BeneficialOwnerStatus\": {\n      \"BeneficialOwnerStatusCode\": \"Deleted\",\n      \"EffDt\": \"6765-55-17T81:31\"\n    }\n  },\n  \"Status\": {\n    \"Severity\": \"Info\",\n    \"StatusCode\": \"laborum in\",\n    \"StatusDesc\": \"Excepteur cillum\",\n    \"SvcProviderName\": \"Duis \",\n    \"Id\": \"exercitation id\",\n    \"ServerStatusCode\": \"elit ullamco in \",\n    \"ServerStatusDesc\": \"do adipisicing\",\n    \"OvrdExceptionInd\": true,\n    \"SubjectRole\": \"laboris consequat nisi qui magna\",\n    \"SubjectElement\": [\n      {\n        \"Path\": \"reprehenderit culpa id Ut ad\",\n        \"ServerPath\": \"dolore sed aliqua ex\",\n        \"Value\": \"proident aliqua cupidatat sunt\"\n      },\n      {\n        \"Path\": \"in velit\",\n        \"ServerPath\": \"tempor ipsum\",\n        \"Value\": \"proident minim voluptate dolore\"\n      }\n    ],\n    \"ContentHTML\": \"sit sunt id voluptate dolor\",\n    \"AdditionalStatus\": [\n      {\n        \"StatusCode\": \"id ex sunt\",\n        \"StatusDesc\": \"id occaecat ea\",\n        \"Severity\": \"Info\",\n        \"SvcProviderName\": \"elit non ex\",\n        \"ServerStatusCode\": \"nostrud \",\n        \"ServerStatusDesc\": \"irure dolore ut\",\n        \"OvrdExceptionInd\": false,\n        \"SubjectElement\": [\n          {\n            \"Path\": \"elit est eiusmod\",\n            \"ServerPath\": \"qui ullamco\",\n            \"Value\": \"labore sed enim velit et\"\n          },\n          {\n            \"Path\": \"officia occaecat do cillum dolor\",\n            \"ServerPath\": \"exercitation quis laborum\",\n            \"Value\": \"nostrud eiusmod sit veniam\"\n          }\n        ]\n      },\n      {\n        \"StatusCode\": \"tem\",\n        \"StatusDesc\": \"ex Duis non\",\n        \"Severity\": \"Info\",\n        \"SvcProviderName\": \"nostrud qui cillum reprehenderit\",\n        \"ServerStatusCode\": \"dolor\",\n        \"ServerStatusDesc\": \"exercitation sit\",\n        \"OvrdExceptionInd\": true,\n        \"SubjectElement\": [\n          {\n            \"Path\": \"sed nisi eiusmod\",\n            \"ServerPath\": \"deserunt non nostrud\",\n            \"Value\": \"ad nostrud in eu\"\n          },\n          {\n            \"Path\": \"Duis esse pariat\",\n            \"ServerPath\": \"sit exercitation\",\n            \"Value\": \"officia sed\"\n          }\n        ]\n      }\n    ]\n  }\n}","cookie":[],"_postman_previewlanguage":"json"}],"event":[],"protocolProfileBehavior":{"disableBodyPruning":true}},{"id":"61894c92-b949-46ad-a9b3-36ce95a10430","name":"Retrieves a Beneficial Owner Object Secured","request":{"name":"Retrieves a Beneficial Owner Object Secured","description":{"content":"Retrieves beneficial owners for the account.\n        <br>\n        For more information about the Accountholder domain, <a href=\"../docs/?path=docs/fintechs/accountholder.md\" title=\"Click to open\">click here.</a><br><br>\n        <b>Relates to:</b>\n          <ul> \n            <li><a href=\"../docs/?path=docs/banks-and-CU/deposits.md\" title=\"Click to open\">Deposits</a></li>\n            <li><a href=\"../docs/?path=docs/banks-and-CU/loans.md\" title=\"Click to open\">Loans</a></li>\n            <li><a href=\"../docs/?path=docs/banks-and-CU/bank-servicing.md\" title=\"Click to open\">Bank Servicing</a></li>\n          </ul>","type":"text/plain"},"url":{"path":["beneficialownerservice","parties","beneficialowner","secured"],"host":["{{baseUrl}}"],"query":[],"variable":[]},"header":[{"disabled":false,"description":"(Required) EFX Header is a common and required component for all API calls, it contains client-related parameters. Please note that the header parameters should be sent as a JSON object under the EFXHeader parameter. To view the list of header parameters, <a href=\"../docs?path=docs/api-ref-EFX-header.md\" title=\"Click to open\"> click here.</a>","key":"EFXHeader","value":"OrganizationId,<string>,TrnId,<string>,VendorId,<string>,Context,[object Object]"},{"key":"Content-Type","value":"application/json"},{"key":"Accept","value":"application/json"}],"method":"POST","auth":null,"body":{"mode":"raw","raw":"{\n  \"BeneficialOwnerSel\": {\n    \"PartyKeys\": {\n      \"PartyId\": \"<string>\"\n    }\n  }\n}","options":{"raw":{"language":"json"}}}},"response":[{"id":"21207d04-69c5-4b99-8d3b-ade6c0b66c37","name":"Success","originalRequest":{"url":{"path":["beneficialownerservice","parties","beneficialowner","secured"],"host":["{{baseUrl}}"],"query":[],"variable":[]},"header":[{"disabled":false,"description":"(Required) EFX Header is a common and required component for all API calls, it contains client-related parameters. Please note that the header parameters should be sent as a JSON object under the EFXHeader parameter. To view the list of header parameters, <a href=\"../docs?path=docs/api-ref-EFX-header.md\" title=\"Click to open\"> click here.</a>","key":"EFXHeader","value":"OrganizationId,<string>,TrnId,<string>,VendorId,<string>,Context,[object Object]"},{"key":"Accept","value":"application/json"}],"method":"POST","body":{"mode":"raw","raw":"{\n  \"BeneficialOwnerSel\": {\n    \"PartyKeys\": {\n      \"PartyId\": \"<string>\"\n    }\n  }\n}","options":{"raw":{"language":"json"}}}},"status":"OK","code":200,"header":[{"key":"Content-Type","value":"application/json"}],"body":"{\n  \"BeneficialOwnerRec\": [\n    {\n      \"BeneficialOwnerInfo\": {\n        \"BeneficialOwnerData\": {\n          \"RelPartyKeys\": {\n            \"PartyId\": {\n              \"value\": \"<Error: Too many levels of nesting to fake this schema>\"\n            }\n          },\n          \"FullName\": \"quis\",\n          \"RelationshipType\": \"ControlPerson\",\n          \"ControlCode\": \"culpa commodo est\",\n          \"OwnerInd\": false,\n          \"BeneficialOwnerPercent\": 79103048.65002993\n        }\n      },\n      \"BeneficialOwnerKeys\": {\n        \"PartyKeys\": {\n          \"PartyId\": \"<string>\"\n        },\n        \"RelPartyKeys\": {\n          \"PartyId\": \"ut cupidatat Ut nostrud\"\n        }\n      },\n      \"BeneficialOwnerStatus\": {\n        \"BeneficialOwnerStatusCode\": \"consequat reprehenderit ea Excepteur est\",\n        \"EffDt\": \"2502-87-13\"\n      }\n    },\n    {\n      \"BeneficialOwnerInfo\": {\n        \"BeneficialOwnerData\": {\n          \"RelPartyKeys\": {\n            \"PartyId\": {\n              \"value\": \"<Error: Too many levels of nesting to fake this schema>\"\n            }\n          },\n          \"FullName\": \"magna Duis\",\n          \"RelationshipType\": \"BeneficialOwner\",\n          \"ControlCode\": \"eu ex\",\n          \"OwnerInd\": true,\n          \"BeneficialOwnerPercent\": -82663690.21674266\n        }\n      },\n      \"BeneficialOwnerKeys\": {\n        \"PartyKeys\": {\n          \"PartyId\": \"<string>\"\n        },\n        \"RelPartyKeys\": {\n          \"PartyId\": \"proident quis enim\"\n        }\n      },\n      \"BeneficialOwnerStatus\": {\n        \"BeneficialOwnerStatusCode\": \"veniam deserunt in\",\n        \"EffDt\": \"7350-68-60\"\n      }\n    }\n  ],\n  \"Status\": {\n    \"Severity\": \"Info\",\n    \"StatusCode\": \"do nostr\",\n    \"StatusDesc\": \"Ut labore \",\n    \"SvcProviderName\": \"ipsum minim dolore\",\n    \"Id\": \"laboris ipsum exercitation\",\n    \"ServerStatusCode\": \"adi\",\n    \"ServerStatusDesc\": \"Excepteur pariatur Lorem\",\n    \"OvrdExceptionInd\": false,\n    \"SubjectRole\": \"in fugiat in dolor\",\n    \"SubjectElement\": [\n      {\n        \"Path\": \"eu nostrud cupidatat minim\",\n        \"ServerPath\": \"sunt\",\n        \"Value\": \"laboris aliqua Excepteur elit\"\n      },\n      {\n        \"Path\": \"eu\",\n        \"ServerPath\": \"enim culpa sit Duis ea\",\n        \"Value\": \"nostrud\"\n      }\n    ],\n    \"ContentHTML\": \"cupidatat Excepteur cillum\",\n    \"AdditionalStatus\": [\n      {\n        \"StatusCode\": \"Ut ul\",\n        \"StatusDesc\": \"Duis ad moll\",\n        \"Severity\": \"Warning\",\n        \"SvcProviderName\": \"esse magna ullamco reprehenderit\",\n        \"ServerStatusCode\": \"id cillum\",\n        \"ServerStatusDesc\": \"et veniam aute in Duis\",\n        \"OvrdExceptionInd\": true,\n        \"SubjectElement\": [\n          {\n            \"Path\": \"commodo dolore proident esse dolor\",\n            \"ServerPath\": \"exercitation ea do\",\n            \"Value\": \"enim quis dolore\"\n          },\n          {\n            \"Path\": \"exercitation Excepteur\",\n            \"ServerPath\": \"proident sit\",\n            \"Value\": \"ut nostrud minim\"\n          }\n        ]\n      },\n      {\n        \"StatusCode\": \"d\",\n        \"StatusDesc\": \"dolore\",\n        \"Severity\": \"Warning\",\n        \"SvcProviderName\": \"commodo adipisicing\",\n        \"ServerStatusCode\": \"cill\",\n        \"ServerStatusDesc\": \"dolore sunt dolor\",\n        \"OvrdExceptionInd\": false,\n        \"SubjectElement\": [\n          {\n            \"Path\": \"eiusmod consectetur irure\",\n            \"ServerPath\": \"Ut elit Excepteur voluptate irure\",\n            \"Value\": \"in qui ut\"\n          },\n          {\n            \"Path\": \"eiusmod voluptate occaecat\",\n            \"ServerPath\": \"aute irure ex\",\n            \"Value\": \"velit tempor minim\"\n          }\n        ]\n      }\n    ]\n  }\n}","cookie":[],"_postman_previewlanguage":"json"},{"id":"2ad31435-515e-4139-a603-4821db167351","name":"To view the complete list of response codes, <a href=\"../docs/?path=docs/response-codes.md\" title=\"Click to open\">click here.</a>","originalRequest":{"url":{"path":["beneficialownerservice","parties","beneficialowner","secured"],"host":["{{baseUrl}}"],"query":[],"variable":[]},"header":[{"disabled":false,"description":"(Required) EFX Header is a common and required component for all API calls, it contains client-related parameters. Please note that the header parameters should be sent as a JSON object under the EFXHeader parameter. To view the list of header parameters, <a href=\"../docs?path=docs/api-ref-EFX-header.md\" title=\"Click to open\"> click here.</a>","key":"EFXHeader","value":"OrganizationId,<string>,TrnId,<string>,VendorId,<string>,Context,[object Object]"},{"key":"Accept","value":"application/json"}],"method":"POST","body":{"mode":"raw","raw":"{\n  \"BeneficialOwnerSel\": {\n    \"PartyKeys\": {\n      \"PartyId\": \"<string>\"\n    }\n  }\n}","options":{"raw":{"language":"json"}}}},"status":"Internal Server Error","code":500,"header":[{"key":"Content-Type","value":"application/json"}],"body":"{\n  \"BeneficialOwnerRec\": [\n    {\n      \"BeneficialOwnerInfo\": {\n        \"BeneficialOwnerData\": {\n          \"RelPartyKeys\": {\n            \"PartyId\": {\n              \"value\": \"<Error: Too many levels of nesting to fake this schema>\"\n            }\n          },\n          \"FullName\": \"tempor Ut ut cupidatat sit\",\n          \"RelationshipType\": \"ControlPerson\",\n          \"ControlCode\": \"laboris consequat in dolor\",\n          \"OwnerInd\": false,\n          \"BeneficialOwnerPercent\": -39102202.89161308\n        }\n      },\n      \"BeneficialOwnerKeys\": {\n        \"PartyKeys\": {\n          \"PartyId\": \"<string>\"\n        },\n        \"RelPartyKeys\": {\n          \"PartyId\": \"in ut\"\n        }\n      },\n      \"BeneficialOwnerStatus\": {\n        \"BeneficialOwnerStatusCode\": \"aliqua et\",\n        \"EffDt\": \"7689-49-49\"\n      }\n    },\n    {\n      \"BeneficialOwnerInfo\": {\n        \"BeneficialOwnerData\": {\n          \"RelPartyKeys\": {\n            \"PartyId\": {\n              \"value\": \"<Error: Too many levels of nesting to fake this schema>\"\n            }\n          },\n          \"FullName\": \"cupidatat\",\n          \"RelationshipType\": \"ControlPerson\",\n          \"ControlCode\": \"eu\",\n          \"OwnerInd\": true,\n          \"BeneficialOwnerPercent\": -91604604.57044928\n        }\n      },\n      \"BeneficialOwnerKeys\": {\n        \"PartyKeys\": {\n          \"PartyId\": \"<string>\"\n        },\n        \"RelPartyKeys\": {\n          \"PartyId\": \"pariatur esse ut consequa\"\n        }\n      },\n      \"BeneficialOwnerStatus\": {\n        \"BeneficialOwnerStatusCode\": \"mollit anim incididunt aliq\",\n        \"EffDt\": \"2351-46-35\"\n      }\n    }\n  ],\n  \"Status\": {\n    \"Severity\": \"Info\",\n    \"StatusCode\": \"velit ul\",\n    \"StatusDesc\": \"nisi sed sint non aute\",\n    \"SvcProviderName\": \"mollit labore ea nulla\",\n    \"Id\": \"est amet\",\n    \"ServerStatusCode\": \"nulla al\",\n    \"ServerStatusDesc\": \"sed sint\",\n    \"OvrdExceptionInd\": true,\n    \"SubjectRole\": \"minim eiusmod laboris eu\",\n    \"SubjectElement\": [\n      {\n        \"Path\": \"enim\",\n        \"ServerPath\": \"laborum ipsum magna quis\",\n        \"Value\": \"velit labore officia irure Duis\"\n      },\n      {\n        \"Path\": \"sunt pariatur\",\n        \"ServerPath\": \"magna cupidatat incididunt\",\n        \"Value\": \"occaecat dolore\"\n      }\n    ],\n    \"ContentHTML\": \"consec\",\n    \"AdditionalStatus\": [\n      {\n        \"StatusCode\": \"Ut eiusmod est \",\n        \"StatusDesc\": \"minim elit do velit\",\n        \"Severity\": \"Warning\",\n        \"SvcProviderName\": \"ut reprehenderit laborum eiusmod consectetur\",\n        \"ServerStatusCode\": \"culpa\",\n        \"ServerStatusDesc\": \"sed tempor\",\n        \"OvrdExceptionInd\": false,\n        \"SubjectElement\": [\n          {\n            \"Path\": \"quis reprehenderit\",\n            \"ServerPath\": \"sed anim et laborum\",\n            \"Value\": \"pariatur ad\"\n          },\n          {\n            \"Path\": \"elit cupidatat non eiusmod\",\n            \"ServerPath\": \"ex cillum labore\",\n            \"Value\": \"veniam dolore irure nostrud\"\n          }\n        ]\n      },\n      {\n        \"StatusCode\": \"pariatur\",\n        \"StatusDesc\": \"incididunt officia nisi\",\n        \"Severity\": \"Info\",\n        \"SvcProviderName\": \"aute elit ex quis\",\n        \"ServerStatusCode\": \"sint eiusmod no\",\n        \"ServerStatusDesc\": \"et in ut quis elit\",\n        \"OvrdExceptionInd\": true,\n        \"SubjectElement\": [\n          {\n            \"Path\": \"qui Duis quis occaecat\",\n            \"ServerPath\": \"laboris adipisicing minim\",\n            \"Value\": \"anim velit officia\"\n          },\n          {\n            \"Path\": \"labore eu ad commodo proident\",\n            \"ServerPath\": \"quis non Ut pariat\",\n            \"Value\": \"in mollit\"\n          }\n        ]\n      }\n    ]\n  }\n}","cookie":[],"_postman_previewlanguage":"json"}],"event":[],"protocolProfileBehavior":{"disableBodyPruning":true}}],"event":[]}],"event":[]}],"event":[],"variable":[{"type":"string","value":"/","key":"baseUrl"}],"info":{"_postman_id":"320f805b-31ff-40f5-a04e-1b0ed1e684ba","name":"Beneficial Owner Service","schema":"https://schema.getpostman.com/json/collection/v2.1.0/collection.json","description":{"content":"The Beneficial Owner service supports operations to collect and identify from each legal entity, at the time a new account is opened, customer identification data from individual who own 25 percent or more of the equity interest of the legal entity and or at least one individual with significant responsibility to control/manage the legal entity.","type":"text/plain"}}}