{"item":[{"id":"93cd0959-3d71-488f-aad1-4ecb0f08ee5f","name":"Get Party Account Relationship","request":{"name":"Get Party Account Relationship","description":{"content":"Retrieves the relationship-related information between Party and account, such as:<br>\n          <ul>\n          <li>List of all Parties (person or organization) related to an account</li> \n          <li>List of all accounts related to a Party</li>\n          </ul>For more information about the Accountholder domain, <a href=\"../docs/?path=docs/fintechs/accountholder.md\" title=\"Click to open\">click here.</a>\n        <br><br>\n        <b>Relates to:</b>\n          <ul> \n            <li><a href=\"../docs/?path=docs/banks-and-CU/deposits.md\" title=\"Click to open\">Deposits</a></li>\n            <li><a href=\"../docs/?path=docs/banks-and-CU/loans.md\" title=\"Click to open\">Loans</a></li>\n            <li><a href=\"../docs/?path=docs/banks-and-CU/bank-servicing.md\" title=\"Click to open\">Bank Servicing</a></li>\n            <li><a href=\"../docs/?path=docs/banks-and-CU/riskMgt.md\" title=\"Click to open\">Risk and Performance Management</a></li>\n          </ul>","type":"text/plain"},"url":{"path":["partyacctrelservice","partyacctrel","partyacctrel","secured"],"host":["{{baseUrl}}"],"query":[],"variable":[]},"header":[{"disabled":false,"description":"(Required) EFX Header is a common and required component for all API calls, it contains client-related parameters. Please note that the header parameters should be sent as a JSON object under the EFXHeader parameter. To view the list of header parameters, <a href=\"../docs?path=docs/api-ref-EFX-header.md\" title=\"Click to open\"> click here.</a>","key":"EFXHeader","value":"OrganizationId,<string>,TrnId,<string>,VendorId,<string>,Context,[object Object]"},{"key":"Content-Type","value":"application/json"},{"key":"Accept","value":"application/json"}],"method":"POST","auth":null,"body":{"mode":"raw","raw":"{\n  \"PartyAcctRelSel\": {\n    \"AcctKeys\": {\n      \"AcctId\": \"<string>\",\n      \"SubAcctId\": \"<string>\",\n      \"AcctType\": \"<string>\"\n    },\n    \"PartyAcctRelType\": \"<string>\",\n    \"IncPartyInfoInd\": \"<boolean>\"\n  },\n  \"RecCtrlIn\": {\n    \"MaxRecLimit\": \"<long>\",\n    \"Cursor\": \"<string>\"\n  }\n}","options":{"raw":{"language":"json"}}}},"response":[{"id":"0332f93d-591a-4372-b1ff-810507fe17c1","name":"Success","originalRequest":{"url":{"path":["partyacctrelservice","partyacctrel","partyacctrel","secured"],"host":["{{baseUrl}}"],"query":[],"variable":[]},"header":[{"disabled":false,"description":"(Required) EFX Header is a common and required component for all API calls, it contains client-related parameters. Please note that the header parameters should be sent as a JSON object under the EFXHeader parameter. To view the list of header parameters, <a href=\"../docs?path=docs/api-ref-EFX-header.md\" title=\"Click to open\"> click here.</a>","key":"EFXHeader","value":"OrganizationId,<string>,TrnId,<string>,VendorId,<string>,Context,[object Object]"},{"key":"Accept","value":"application/json"}],"method":"POST","body":{"mode":"raw","raw":"{\n  \"PartyAcctRelSel\": {\n    \"AcctKeys\": {\n      \"AcctId\": \"<string>\",\n      \"SubAcctId\": \"<string>\",\n      \"AcctType\": \"<string>\"\n    },\n    \"PartyAcctRelType\": \"<string>\",\n    \"IncPartyInfoInd\": \"<boolean>\"\n  },\n  \"RecCtrlIn\": {\n    \"MaxRecLimit\": \"<long>\",\n    \"Cursor\": \"<string>\"\n  }\n}","options":{"raw":{"language":"json"}}}},"status":"OK","code":200,"header":[{"key":"Content-Type","value":"application/json"}],"body":"{\n  \"PartyAcctRelRec\": [\n    {\n      \"PartyAcctRelInfo\": {\n        \"PartyRef\": {\n          \"PartyKeys\": {\n            \"PartyId\": {\n              \"value\": \"<Error: Too many levels of nesting to fake this schema>\"\n            }\n          },\n          \"PersonPartyListInfo\": {\n            \"PartyType\": {\n              \"value\": \"<Error: Too many levels of nesting to fake this schema>\"\n            },\n            \"PartyTypeEnumDesc\": {\n              \"value\": \"<Error: Too many levels of nesting to fake this schema>\"\n            },\n            \"Contact\": {\n              \"value\": \"<Error: Too many levels of nesting to fake this schema>\"\n            },\n            \"TaxIdentType\": {\n              \"value\": \"<Error: Too many levels of nesting to fake this schema>\"\n            },\n            \"TaxIdentTypeEnumDesc\": {\n              \"value\": \"<Error: Too many levels of nesting to fake this schema>\"\n            },\n            \"TaxIdent\": {\n              \"value\": \"<Error: Too many levels of nesting to fake this schema>\"\n            },\n            \"IssuedIdent\": {\n              \"value\": \"<Error: Too many levels of nesting to fake this schema>\"\n            },\n            \"OEDCode\": {\n              \"value\": \"<Error: Too many levels of nesting to fake this schema>\"\n            },\n            \"OEDCodeEnumDesc\": {\n              \"value\": \"<Error: Too many levels of nesting to fake this schema>\"\n            },\n            \"SecretData\": {\n              \"value\": \"<Error: Too many levels of nesting to fake this schema>\"\n            },\n            \"OriginatingBranch\": {\n              \"value\": \"<Error: Too many levels of nesting to fake this schema>\"\n            },\n            \"OriginatingBranchEnumDesc\": {\n              \"value\": \"<Error: Too many levels of nesting to fake this schema>\"\n            },\n            \"TelebancPswd\": {\n              \"value\": \"<Error: Too many levels of nesting to fake this schema>\"\n            },\n            \"PersonName\": {\n              \"value\": \"<Error: Too many levels of nesting to fake this schema>\"\n            },\n            \"BirthDt\": {\n              \"value\": \"<Error: Too many levels of nesting to fake this schema>\"\n            }\n          },\n          \"OrgPartyListInfo\": {\n            \"PartyType\": {\n              \"value\": \"<Error: Too many levels of nesting to fake this schema>\"\n            },\n            \"PartyTypeEnumDesc\": {\n              \"value\": \"<Error: Too many levels of nesting to fake this schema>\"\n            },\n            \"Contact\": {\n              \"value\": \"<Error: Too many levels of nesting to fake this schema>\"\n            },\n            \"TaxIdentType\": {\n              \"value\": \"<Error: Too many levels of nesting to fake this schema>\"\n            },\n            \"TaxIdentTypeEnumDesc\": {\n              \"value\": \"<Error: Too many levels of nesting to fake this schema>\"\n            },\n            \"TaxIdent\": {\n              \"value\": \"<Error: Too many levels of nesting to fake this schema>\"\n            },\n            \"IssuedIdent\": {\n              \"value\": \"<Error: Too many levels of nesting to fake this schema>\"\n            },\n            \"OEDCode\": {\n              \"value\": \"<Error: Too many levels of nesting to fake this schema>\"\n            },\n            \"OEDCodeEnumDesc\": {\n              \"value\": \"<Error: Too many levels of nesting to fake this schema>\"\n            },\n            \"SecretData\": {\n              \"value\": \"<Error: Too many levels of nesting to fake this schema>\"\n            },\n            \"OriginatingBranch\": {\n              \"value\": \"<Error: Too many levels of nesting to fake this schema>\"\n            },\n            \"OriginatingBranchEnumDesc\": {\n              \"value\": \"<Error: Too many levels of nesting to fake this schema>\"\n            },\n            \"TelebancPswd\": {\n              \"value\": \"<Error: Too many levels of nesting to fake this schema>\"\n            },\n            \"OrgName\": {\n              \"value\": \"<Error: Too many levels of nesting to fake this schema>\"\n            }\n          }\n        },\n        \"PartyAcctRelData\": [\n          {\n            \"PartyAcctRelType\": \"nostrud ut dolore nis\",\n            \"PartyAcctRelDesc\": \"sint laboris officia\",\n            \"OwnershipType\": \"Indirect\",\n            \"OwnershipTypeEnumDesc\": \"ut pariatur consequat irure amet\"\n          },\n          {\n            \"PartyAcctRelType\": \"o\",\n            \"PartyAcctRelDesc\": \"esse dolor do\",\n            \"OwnershipType\": \"Additional\",\n            \"OwnershipTypeEnumDesc\": \"non amet\"\n          }\n        ],\n        \"OwnerInd\": true,\n        \"PrimaryOwnerInd\": false,\n        \"Liability\": {\n          \"LiabilityPercent\": -1878684.0986175388\n        },\n        \"TaxReportingOwnerInd\": true,\n        \"Nickname\": \"reprehenderit sunt magna dolore\",\n        \"Name\": \"Ut\",\n        \"FDICOwnership\": \"velit nulla in\",\n        \"FDICOwnershipEnumDesc\": \"in tempor dolor proident\"\n      },\n      \"PartyAcctRelKeys\": {\n        \"PartyKeys\": {\n          \"PartyId\": \"culpa reprehenderi\"\n        },\n        \"AcctKeys\": {\n          \"AcctId\": \"s\",\n          \"SubAcctId\": \"pariatur consecte\",\n          \"AcctType\": \"DDA\"\n        }\n      },\n      \"PartyAcctRelStatus\": {\n        \"PartyAcctRelStatusCode\": \"Valid\",\n        \"EffDt\": \"9954-87-18T06:59:14+49:30\"\n      }\n    },\n    {\n      \"PartyAcctRelInfo\": {\n        \"PartyRef\": {\n          \"PartyKeys\": {\n            \"PartyId\": {\n              \"value\": \"<Error: Too many levels of nesting to fake this schema>\"\n            }\n          },\n          \"PersonPartyListInfo\": {\n            \"PartyType\": {\n              \"value\": \"<Error: Too many levels of nesting to fake this schema>\"\n            },\n            \"PartyTypeEnumDesc\": {\n              \"value\": \"<Error: Too many levels of nesting to fake this schema>\"\n            },\n            \"Contact\": {\n              \"value\": \"<Error: Too many levels of nesting to fake this schema>\"\n            },\n            \"TaxIdentType\": {\n              \"value\": \"<Error: Too many levels of nesting to fake this schema>\"\n            },\n            \"TaxIdentTypeEnumDesc\": {\n              \"value\": \"<Error: Too many levels of nesting to fake this schema>\"\n            },\n            \"TaxIdent\": {\n              \"value\": \"<Error: Too many levels of nesting to fake this schema>\"\n            },\n            \"IssuedIdent\": {\n              \"value\": \"<Error: Too many levels of nesting to fake this schema>\"\n            },\n            \"OEDCode\": {\n              \"value\": \"<Error: Too many levels of nesting to fake this schema>\"\n            },\n            \"OEDCodeEnumDesc\": {\n              \"value\": \"<Error: Too many levels of nesting to fake this schema>\"\n            },\n            \"SecretData\": {\n              \"value\": \"<Error: Too many levels of nesting to fake this schema>\"\n            },\n            \"OriginatingBranch\": {\n              \"value\": \"<Error: Too many levels of nesting to fake this schema>\"\n            },\n            \"OriginatingBranchEnumDesc\": {\n              \"value\": \"<Error: Too many levels of nesting to fake this schema>\"\n            },\n            \"TelebancPswd\": {\n              \"value\": \"<Error: Too many levels of nesting to fake this schema>\"\n            },\n            \"PersonName\": {\n              \"value\": \"<Error: Too many levels of nesting to fake this schema>\"\n            },\n            \"BirthDt\": {\n              \"value\": \"<Error: Too many levels of nesting to fake this schema>\"\n            }\n          },\n          \"OrgPartyListInfo\": {\n            \"PartyType\": {\n              \"value\": \"<Error: Too many levels of nesting to fake this schema>\"\n            },\n            \"PartyTypeEnumDesc\": {\n              \"value\": \"<Error: Too many levels of nesting to fake this schema>\"\n            },\n            \"Contact\": {\n              \"value\": \"<Error: Too many levels of nesting to fake this schema>\"\n            },\n            \"TaxIdentType\": {\n              \"value\": \"<Error: Too many levels of nesting to fake this schema>\"\n            },\n            \"TaxIdentTypeEnumDesc\": {\n              \"value\": \"<Error: Too many levels of nesting to fake this schema>\"\n            },\n            \"TaxIdent\": {\n              \"value\": \"<Error: Too many levels of nesting to fake this schema>\"\n            },\n            \"IssuedIdent\": {\n              \"value\": \"<Error: Too many levels of nesting to fake this schema>\"\n            },\n            \"OEDCode\": {\n              \"value\": \"<Error: Too many levels of nesting to fake this schema>\"\n            },\n            \"OEDCodeEnumDesc\": {\n              \"value\": \"<Error: Too many levels of nesting to fake this schema>\"\n            },\n            \"SecretData\": {\n              \"value\": \"<Error: Too many levels of nesting to fake this schema>\"\n            },\n            \"OriginatingBranch\": {\n              \"value\": \"<Error: Too many levels of nesting to fake this schema>\"\n            },\n            \"OriginatingBranchEnumDesc\": {\n              \"value\": \"<Error: Too many levels of nesting to fake this schema>\"\n            },\n            \"TelebancPswd\": {\n              \"value\": \"<Error: Too many levels of nesting to fake this schema>\"\n            },\n            \"OrgName\": {\n              \"value\": \"<Error: Too many levels of nesting to fake this schema>\"\n            }\n          }\n        },\n        \"PartyAcctRelData\": [\n          {\n            \"PartyAcctRelType\": \"eu dolore\",\n            \"PartyAcctRelDesc\": \"tempor ea\",\n            \"OwnershipType\": \"Additional\",\n            \"OwnershipTypeEnumDesc\": \"sunt tempor id\"\n          },\n          {\n            \"PartyAcctRelType\": \"et anim pariatur\",\n            \"PartyAcctRelDesc\": \"qui esse\",\n            \"OwnershipType\": \"Direct\",\n            \"OwnershipTypeEnumDesc\": \"Except\"\n          }\n        ],\n        \"OwnerInd\": true,\n        \"PrimaryOwnerInd\": false,\n        \"Liability\": {\n          \"LiabilityPercent\": -87613018.30842112\n        },\n        \"TaxReportingOwnerInd\": true,\n        \"Nickname\": \"aliqua sed incid\",\n        \"Name\": \"esse labore eu\",\n        \"FDICOwnership\": \"laboris officia et anim consequat\",\n        \"FDICOwnershipEnumDesc\": \"qui nostrud veniam laborum\"\n      },\n      \"PartyAcctRelKeys\": {\n        \"PartyKeys\": {\n          \"PartyId\": \"in exercitation eu \"\n        },\n        \"AcctKeys\": {\n          \"AcctId\": \"ad \",\n          \"SubAcctId\": \"dolore an\",\n          \"AcctType\": \"CRD\"\n        }\n      },\n      \"PartyAcctRelStatus\": {\n        \"PartyAcctRelStatusCode\": \"Valid\",\n        \"EffDt\": \"5042-75-36T73:87\"\n      }\n    }\n  ],\n  \"Status\": {\n    \"Severity\": \"Error\",\n    \"StatusCode\": \"consequat i\",\n    \"StatusDesc\": \"incididunt et magna dolor\",\n    \"SvcProviderName\": \"commodo\",\n    \"Id\": \"cillum minim nostrud Lorem\",\n    \"ServerStatusCode\": \"non aute\",\n    \"ServerStatusDesc\": \"elit cupidatat irure occaecat\",\n    \"OvrdExceptionInd\": true,\n    \"SubjectRole\": \"dolore ipsum incididunt\",\n    \"SubjectElement\": [\n      {\n        \"Path\": \"Excepteur dolor quis\",\n        \"ServerPath\": \"anim ipsum consectetur\",\n        \"Value\": \"ut Lorem voluptate\"\n      },\n      {\n        \"Path\": \"in\",\n        \"ServerPath\": \"et exercitation anim nostrud laboris\",\n        \"Value\": \"esse\"\n      }\n    ],\n    \"ContentHTML\": \"deserunt nulla\",\n    \"AdditionalStatus\": [\n      {\n        \"StatusCode\": \"sit adipi\",\n        \"StatusDesc\": \"laboris labore velit sint in\",\n        \"Severity\": \"Warning\",\n        \"SvcProviderName\": \"enim eu amet adipisicing eiusmod\",\n        \"ServerStatusCode\": \"cupi\",\n        \"ServerStatusDesc\": \"esse\",\n        \"OvrdExceptionInd\": true,\n        \"SubjectElement\": [\n          {\n            \"Path\": \"sint sunt velit\",\n            \"ServerPath\": \"magna deserunt\",\n            \"Value\": \"et culpa irure deserunt\"\n          },\n          {\n            \"Path\": \"voluptate ipsum\",\n            \"ServerPath\": \"elit velit\",\n            \"Value\": \"non dolor Ut\"\n          }\n        ]\n      },\n      {\n        \"StatusCode\": \"cupidatat dolore ea\",\n        \"StatusDesc\": \"eu ea nisi laborum\",\n        \"Severity\": \"Warning\",\n        \"SvcProviderName\": \"mollit fugiat\",\n        \"ServerStatusCode\": \"pariat\",\n        \"ServerStatusDesc\": \"incididunt sit\",\n        \"OvrdExceptionInd\": true,\n        \"SubjectElement\": [\n          {\n            \"Path\": \"consectetur reprehenderit\",\n            \"ServerPath\": \"consequat Ut amet\",\n            \"Value\": \"officia\"\n          },\n          {\n            \"Path\": \"Duis\",\n            \"ServerPath\": \"non tempor\",\n            \"Value\": \"incididunt reprehenderit quis aliquip\"\n          }\n        ]\n      }\n    ]\n  },\n  \"RecCtrlOut\": {\n    \"SentRecCount\": -6590329,\n    \"Cursor\": \"Duis reprehenderit com\"\n  }\n}","cookie":[],"_postman_previewlanguage":"json"},{"id":"c7845337-1293-4bb9-a25d-ff8f6ed01265","name":"To view the complete list of response codes, <a href=\"../docs/?path=docs/response-codes.md\" title=\"Click to open\">click here.</a>","originalRequest":{"url":{"path":["partyacctrelservice","partyacctrel","partyacctrel","secured"],"host":["{{baseUrl}}"],"query":[],"variable":[]},"header":[{"disabled":false,"description":"(Required) EFX Header is a common and required component for all API calls, it contains client-related parameters. Please note that the header parameters should be sent as a JSON object under the EFXHeader parameter. To view the list of header parameters, <a href=\"../docs?path=docs/api-ref-EFX-header.md\" title=\"Click to open\"> click here.</a>","key":"EFXHeader","value":"OrganizationId,<string>,TrnId,<string>,VendorId,<string>,Context,[object Object]"},{"key":"Accept","value":"application/json"}],"method":"POST","body":{"mode":"raw","raw":"{\n  \"PartyAcctRelSel\": {\n    \"AcctKeys\": {\n      \"AcctId\": \"<string>\",\n      \"SubAcctId\": \"<string>\",\n      \"AcctType\": \"<string>\"\n    },\n    \"PartyAcctRelType\": \"<string>\",\n    \"IncPartyInfoInd\": \"<boolean>\"\n  },\n  \"RecCtrlIn\": {\n    \"MaxRecLimit\": \"<long>\",\n    \"Cursor\": \"<string>\"\n  }\n}","options":{"raw":{"language":"json"}}}},"status":"Internal Server Error","code":500,"header":[{"key":"Content-Type","value":"application/json"}],"body":"{\n  \"PartyAcctRelRec\": [\n    {\n      \"PartyAcctRelInfo\": {\n        \"PartyRef\": {\n          \"PartyKeys\": {\n            \"PartyId\": {\n              \"value\": \"<Error: Too many levels of nesting to fake this schema>\"\n            }\n          },\n          \"PersonPartyListInfo\": {\n            \"PartyType\": {\n              \"value\": \"<Error: Too many levels of nesting to fake this schema>\"\n            },\n            \"PartyTypeEnumDesc\": {\n              \"value\": \"<Error: Too many levels of nesting to fake this schema>\"\n            },\n            \"Contact\": {\n              \"value\": \"<Error: Too many levels of nesting to fake this schema>\"\n            },\n            \"TaxIdentType\": {\n              \"value\": \"<Error: Too many levels of nesting to fake this schema>\"\n            },\n            \"TaxIdentTypeEnumDesc\": {\n              \"value\": \"<Error: Too many levels of nesting to fake this schema>\"\n            },\n            \"TaxIdent\": {\n              \"value\": \"<Error: Too many levels of nesting to fake this schema>\"\n            },\n            \"IssuedIdent\": {\n              \"value\": \"<Error: Too many levels of nesting to fake this schema>\"\n            },\n            \"OEDCode\": {\n              \"value\": \"<Error: Too many levels of nesting to fake this schema>\"\n            },\n            \"OEDCodeEnumDesc\": {\n              \"value\": \"<Error: Too many levels of nesting to fake this schema>\"\n            },\n            \"SecretData\": {\n              \"value\": \"<Error: Too many levels of nesting to fake this schema>\"\n            },\n            \"OriginatingBranch\": {\n              \"value\": \"<Error: Too many levels of nesting to fake this schema>\"\n            },\n            \"OriginatingBranchEnumDesc\": {\n              \"value\": \"<Error: Too many levels of nesting to fake this schema>\"\n            },\n            \"TelebancPswd\": {\n              \"value\": \"<Error: Too many levels of nesting to fake this schema>\"\n            },\n            \"PersonName\": {\n              \"value\": \"<Error: Too many levels of nesting to fake this schema>\"\n            },\n            \"BirthDt\": {\n              \"value\": \"<Error: Too many levels of nesting to fake this schema>\"\n            }\n          },\n          \"OrgPartyListInfo\": {\n            \"PartyType\": {\n              \"value\": \"<Error: Too many levels of nesting to fake this schema>\"\n            },\n            \"PartyTypeEnumDesc\": {\n              \"value\": \"<Error: Too many levels of nesting to fake this schema>\"\n            },\n            \"Contact\": {\n              \"value\": \"<Error: Too many levels of nesting to fake this schema>\"\n            },\n            \"TaxIdentType\": {\n              \"value\": \"<Error: Too many levels of nesting to fake this schema>\"\n            },\n            \"TaxIdentTypeEnumDesc\": {\n              \"value\": \"<Error: Too many levels of nesting to fake this schema>\"\n            },\n            \"TaxIdent\": {\n              \"value\": \"<Error: Too many levels of nesting to fake this schema>\"\n            },\n            \"IssuedIdent\": {\n              \"value\": \"<Error: Too many levels of nesting to fake this schema>\"\n            },\n            \"OEDCode\": {\n              \"value\": \"<Error: Too many levels of nesting to fake this schema>\"\n            },\n            \"OEDCodeEnumDesc\": {\n              \"value\": \"<Error: Too many levels of nesting to fake this schema>\"\n            },\n            \"SecretData\": {\n              \"value\": \"<Error: Too many levels of nesting to fake this schema>\"\n            },\n            \"OriginatingBranch\": {\n              \"value\": \"<Error: Too many levels of nesting to fake this schema>\"\n            },\n            \"OriginatingBranchEnumDesc\": {\n              \"value\": \"<Error: Too many levels of nesting to fake this schema>\"\n            },\n            \"TelebancPswd\": {\n              \"value\": \"<Error: Too many levels of nesting to fake this schema>\"\n            },\n            \"OrgName\": {\n              \"value\": \"<Error: Too many levels of nesting to fake this schema>\"\n            }\n          }\n        },\n        \"PartyAcctRelData\": [\n          {\n            \"PartyAcctRelType\": \"consectetur non esse Duis\",\n            \"PartyAcctRelDesc\": \"incididunt\",\n            \"OwnershipType\": \"Fiduciary\",\n            \"OwnershipTypeEnumDesc\": \"laborum proident\"\n          },\n          {\n            \"PartyAcctRelType\": \"veniam laborum deserunt cillum\",\n            \"PartyAcctRelDesc\": \"in\",\n            \"OwnershipType\": \"Additional\",\n            \"OwnershipTypeEnumDesc\": \"Excepteur Ut\"\n          }\n        ],\n        \"OwnerInd\": true,\n        \"PrimaryOwnerInd\": true,\n        \"Liability\": {\n          \"LiabilityPercent\": -60978369.12749313\n        },\n        \"TaxReportingOwnerInd\": false,\n        \"Nickname\": \"incididunt cillum fugiat proident\",\n        \"Name\": \"cillum\",\n        \"FDICOwnership\": \"qui deserunt\",\n        \"FDICOwnershipEnumDesc\": \"ad\"\n      },\n      \"PartyAcctRelKeys\": {\n        \"PartyKeys\": {\n          \"PartyId\": \"laboris v\"\n        },\n        \"AcctKeys\": {\n          \"AcctId\": \"tempor amet adipisicing \",\n          \"SubAcctId\": \"lab\",\n          \"AcctType\": \"CRD\"\n        }\n      },\n      \"PartyAcctRelStatus\": {\n        \"PartyAcctRelStatusCode\": \"Valid\",\n        \"EffDt\": \"8915-52-50T85:74\"\n      }\n    },\n    {\n      \"PartyAcctRelInfo\": {\n        \"PartyRef\": {\n          \"PartyKeys\": {\n            \"PartyId\": {\n              \"value\": \"<Error: Too many levels of nesting to fake this schema>\"\n            }\n          },\n          \"PersonPartyListInfo\": {\n            \"PartyType\": {\n              \"value\": \"<Error: Too many levels of nesting to fake this schema>\"\n            },\n            \"PartyTypeEnumDesc\": {\n              \"value\": \"<Error: Too many levels of nesting to fake this schema>\"\n            },\n            \"Contact\": {\n              \"value\": \"<Error: Too many levels of nesting to fake this schema>\"\n            },\n            \"TaxIdentType\": {\n              \"value\": \"<Error: Too many levels of nesting to fake this schema>\"\n            },\n            \"TaxIdentTypeEnumDesc\": {\n              \"value\": \"<Error: Too many levels of nesting to fake this schema>\"\n            },\n            \"TaxIdent\": {\n              \"value\": \"<Error: Too many levels of nesting to fake this schema>\"\n            },\n            \"IssuedIdent\": {\n              \"value\": \"<Error: Too many levels of nesting to fake this schema>\"\n            },\n            \"OEDCode\": {\n              \"value\": \"<Error: Too many levels of nesting to fake this schema>\"\n            },\n            \"OEDCodeEnumDesc\": {\n              \"value\": \"<Error: Too many levels of nesting to fake this schema>\"\n            },\n            \"SecretData\": {\n              \"value\": \"<Error: Too many levels of nesting to fake this schema>\"\n            },\n            \"OriginatingBranch\": {\n              \"value\": \"<Error: Too many levels of nesting to fake this schema>\"\n            },\n            \"OriginatingBranchEnumDesc\": {\n              \"value\": \"<Error: Too many levels of nesting to fake this schema>\"\n            },\n            \"TelebancPswd\": {\n              \"value\": \"<Error: Too many levels of nesting to fake this schema>\"\n            },\n            \"PersonName\": {\n              \"value\": \"<Error: Too many levels of nesting to fake this schema>\"\n            },\n            \"BirthDt\": {\n              \"value\": \"<Error: Too many levels of nesting to fake this schema>\"\n            }\n          },\n          \"OrgPartyListInfo\": {\n            \"PartyType\": {\n              \"value\": \"<Error: Too many levels of nesting to fake this schema>\"\n            },\n            \"PartyTypeEnumDesc\": {\n              \"value\": \"<Error: Too many levels of nesting to fake this schema>\"\n            },\n            \"Contact\": {\n              \"value\": \"<Error: Too many levels of nesting to fake this schema>\"\n            },\n            \"TaxIdentType\": {\n              \"value\": \"<Error: Too many levels of nesting to fake this schema>\"\n            },\n            \"TaxIdentTypeEnumDesc\": {\n              \"value\": \"<Error: Too many levels of nesting to fake this schema>\"\n            },\n            \"TaxIdent\": {\n              \"value\": \"<Error: Too many levels of nesting to fake this schema>\"\n            },\n            \"IssuedIdent\": {\n              \"value\": \"<Error: Too many levels of nesting to fake this schema>\"\n            },\n            \"OEDCode\": {\n              \"value\": \"<Error: Too many levels of nesting to fake this schema>\"\n            },\n            \"OEDCodeEnumDesc\": {\n              \"value\": \"<Error: Too many levels of nesting to fake this schema>\"\n            },\n            \"SecretData\": {\n              \"value\": \"<Error: Too many levels of nesting to fake this schema>\"\n            },\n            \"OriginatingBranch\": {\n              \"value\": \"<Error: Too many levels of nesting to fake this schema>\"\n            },\n            \"OriginatingBranchEnumDesc\": {\n              \"value\": \"<Error: Too many levels of nesting to fake this schema>\"\n            },\n            \"TelebancPswd\": {\n              \"value\": \"<Error: Too many levels of nesting to fake this schema>\"\n            },\n            \"OrgName\": {\n              \"value\": \"<Error: Too many levels of nesting to fake this schema>\"\n            }\n          }\n        },\n        \"PartyAcctRelData\": [\n          {\n            \"PartyAcctRelType\": \"velit reprehen\",\n            \"PartyAcctRelDesc\": \"aliqua sunt\",\n            \"OwnershipType\": \"Additional\",\n            \"OwnershipTypeEnumDesc\": \"eu elit enim\"\n          },\n          {\n            \"PartyAcctRelType\": \"anim ad\",\n            \"PartyAcctRelDesc\": \"amet dolor\",\n            \"OwnershipType\": \"Indirect\",\n            \"OwnershipTypeEnumDesc\": \"mollit\"\n          }\n        ],\n        \"OwnerInd\": true,\n        \"PrimaryOwnerInd\": true,\n        \"Liability\": {\n          \"LiabilityPercent\": 40346894.8986181\n        },\n        \"TaxReportingOwnerInd\": false,\n        \"Nickname\": \"minim ex est\",\n        \"Name\": \"laboris eiusmod dolore\",\n        \"FDICOwnership\": \"dolor\",\n        \"FDICOwnershipEnumDesc\": \"nulla officia ut\"\n      },\n      \"PartyAcctRelKeys\": {\n        \"PartyKeys\": {\n          \"PartyId\": \"ipsum enim\"\n        },\n        \"AcctKeys\": {\n          \"AcctId\": \"ullamco reprehen\",\n          \"SubAcctId\": \"commo\",\n          \"AcctType\": \"CRD\"\n        }\n      },\n      \"PartyAcctRelStatus\": {\n        \"PartyAcctRelStatusCode\": \"Valid\",\n        \"EffDt\": \"7665-27-11T44:68:82.848\"\n      }\n    }\n  ],\n  \"Status\": {\n    \"Severity\": \"Warning\",\n    \"StatusCode\": \"ullamco\",\n    \"StatusDesc\": \"occaecat\",\n    \"SvcProviderName\": \"cillum in tempor et\",\n    \"Id\": \"in incididunt aute\",\n    \"ServerStatusCode\": \"non\",\n    \"ServerStatusDesc\": \"dolore\",\n    \"OvrdExceptionInd\": false,\n    \"SubjectRole\": \"quis exercitation qui\",\n    \"SubjectElement\": [\n      {\n        \"Path\": \"enim est laborum do\",\n        \"ServerPath\": \"eu deserunt eiusmod labore\",\n        \"Value\": \"proident cupidatat veniam\"\n      },\n      {\n        \"Path\": \"laborum minim id qui\",\n        \"ServerPath\": \"esse\",\n        \"Value\": \"dolore ullamco eu Excepteur\"\n      }\n    ],\n    \"ContentHTML\": \"anim\",\n    \"AdditionalStatus\": [\n      {\n        \"StatusCode\": \"do ad\",\n        \"StatusDesc\": \"dolore Ut consequat laboris\",\n        \"Severity\": \"Error\",\n        \"SvcProviderName\": \"adipisicing laborum Lorem\",\n        \"ServerStatusCode\": \"Lore\",\n        \"ServerStatusDesc\": \"Ut\",\n        \"OvrdExceptionInd\": true,\n        \"SubjectElement\": [\n          {\n            \"Path\": \"Excepteur ad qui sed\",\n            \"ServerPath\": \"dolore sint sit\",\n            \"Value\": \"ut\"\n          },\n          {\n            \"Path\": \"qui\",\n            \"ServerPath\": \"in ullamco velit anim\",\n            \"Value\": \"sed in labore\"\n          }\n        ]\n      },\n      {\n        \"StatusCode\": \"ipsum ex\",\n        \"StatusDesc\": \"cupidatat ut Duis tempor\",\n        \"Severity\": \"Warning\",\n        \"SvcProviderName\": \"sunt non labore id\",\n        \"ServerStatusCode\": \"in aute minim a\",\n        \"ServerStatusDesc\": \"Lorem magna dolor pariatur\",\n        \"OvrdExceptionInd\": true,\n        \"SubjectElement\": [\n          {\n            \"Path\": \"velit\",\n            \"ServerPath\": \"Ut\",\n            \"Value\": \"laborum Lorem ad aliqua\"\n          },\n          {\n            \"Path\": \"qui est Duis cupidatat\",\n            \"ServerPath\": \"commodo adipisicing\",\n            \"Value\": \"irure consectetur elit cupidatat\"\n          }\n        ]\n      }\n    ]\n  },\n  \"RecCtrlOut\": {\n    \"SentRecCount\": -99476501,\n    \"Cursor\": \"aute anim consequat\"\n  }\n}","cookie":[],"_postman_previewlanguage":"json"}],"event":[],"protocolProfileBehavior":{"disableBodyPruning":true}}],"event":[],"variable":[{"type":"string","value":"/","key":"baseUrl"}],"info":{"_postman_id":"c007f68c-7385-44bc-892e-0618f9bd8ac4","name":"Party Account Relationship Service","schema":"https://schema.getpostman.com/json/collection/v2.1.0/collection.json","description":{"content":"Party account relationship service manages the nature of relationship between a party and a product account. It is used to indicate the primary contact and tax responsible parties as well as state the relationship type between the party and an account.","type":"text/plain"}}}