{"item":[{"id":"40d07009-aebe-4722-ac02-685a45418c82","name":"Get Party Account Relationship","request":{"name":"Get Party Account Relationship","description":{"content":"Retrieves the relationship-related information between Party and account, such as:<br>\n          <ul>\n          <li>List of all Parties (person or organization) related to an account</li> \n          <li>List of all accounts related to a Party</li>\n          </ul>For more information about the Accountholder domain, <a href=\"../docs/?path=docs/fintechs/accountholder.md\" title=\"Click to open\">click here.</a>\n        <br><br>\n        <b>Relates to:</b>\n          <ul> \n            <li><a href=\"../docs/?path=docs/banks-and-CU/deposits.md\" title=\"Click to open\">Deposits</a></li>\n            <li><a href=\"../docs/?path=docs/banks-and-CU/loans.md\" title=\"Click to open\">Loans</a></li>\n            <li><a href=\"../docs/?path=docs/banks-and-CU/bank-servicing.md\" title=\"Click to open\">Bank Servicing</a></li>\n            <li><a href=\"../docs/?path=docs/banks-and-CU/riskMgt.md\" title=\"Click to open\">Risk and Performance Management</a></li>\n          </ul>","type":"text/plain"},"url":{"path":["partyacctrelservice","partyacctrel","partyacctrel","secured"],"host":["{{baseUrl}}"],"query":[],"variable":[]},"header":[{"disabled":false,"description":"(Required) EFX Header is a common and required component for all API calls, it contains client-related parameters. Please note that the header parameters should be sent as a JSON object under the EFXHeader parameter. To view the list of header parameters, <a href=\"../docs?path=docs/api-ref-EFX-header.md\" title=\"Click to open\"> click here.</a>","key":"EFXHeader","value":"OrganizationId,<string>,TrnId,<string>,VendorId,<string>,Context,[object Object]"},{"key":"Content-Type","value":"application/json"},{"key":"Accept","value":"application/json"}],"method":"POST","auth":null,"body":{"mode":"raw","raw":"{\n  \"PartyAcctRelSel\": {\n    \"PartyKeys\": {\n      \"PartyId\": \"<string>\"\n    },\n    \"CardKeys\": {\n      \"CardId\": \"<string>\",\n      \"CardSeqNum\": \"<string>\"\n    },\n    \"AcctSelCriteria\": [\n      {\n        \"AcctType\": \"<string>\",\n        \"AcctStatusSel\": \"<string>\",\n        \"AcctExcludeInd\": \"<boolean>\"\n      },\n      {\n        \"AcctType\": \"<string>\",\n        \"AcctStatusSel\": \"<string>\",\n        \"AcctExcludeInd\": \"<boolean>\"\n      }\n    ],\n    \"ExcludeClosedAcctInd\": \"<boolean>\",\n    \"IncPartyInfoInd\": \"<boolean>\",\n    \"IncAddtlAcctInfoInd\": \"<boolean>\",\n    \"IncEDistributionInd\": \"<boolean>\",\n    \"IncEBankingInd\": \"<boolean>\"\n  },\n  \"RecCtrlIn\": {\n    \"MaxRecLimit\": \"<long>\",\n    \"Cursor\": \"<string>\"\n  }\n}","options":{"raw":{"language":"json"}}}},"response":[{"id":"b0d86a4a-c382-49e4-bb9c-82f4bc5e70ce","name":"Success","originalRequest":{"url":{"path":["partyacctrelservice","partyacctrel","partyacctrel","secured"],"host":["{{baseUrl}}"],"query":[],"variable":[]},"header":[{"disabled":false,"description":"(Required) EFX Header is a common and required component for all API calls, it contains client-related parameters. Please note that the header parameters should be sent as a JSON object under the EFXHeader parameter. To view the list of header parameters, <a href=\"../docs?path=docs/api-ref-EFX-header.md\" title=\"Click to open\"> click here.</a>","key":"EFXHeader","value":"OrganizationId,<string>,TrnId,<string>,VendorId,<string>,Context,[object Object]"},{"key":"Accept","value":"application/json"}],"method":"POST","body":{"mode":"raw","raw":"{\n  \"PartyAcctRelSel\": {\n    \"PartyKeys\": {\n      \"PartyId\": \"<string>\"\n    },\n    \"CardKeys\": {\n      \"CardId\": \"<string>\",\n      \"CardSeqNum\": \"<string>\"\n    },\n    \"AcctSelCriteria\": [\n      {\n        \"AcctType\": \"<string>\",\n        \"AcctStatusSel\": \"<string>\",\n        \"AcctExcludeInd\": \"<boolean>\"\n      },\n      {\n        \"AcctType\": \"<string>\",\n        \"AcctStatusSel\": \"<string>\",\n        \"AcctExcludeInd\": \"<boolean>\"\n      }\n    ],\n    \"ExcludeClosedAcctInd\": \"<boolean>\",\n    \"IncPartyInfoInd\": \"<boolean>\",\n    \"IncAddtlAcctInfoInd\": \"<boolean>\",\n    \"IncEDistributionInd\": \"<boolean>\",\n    \"IncEBankingInd\": \"<boolean>\"\n  },\n  \"RecCtrlIn\": {\n    \"MaxRecLimit\": \"<long>\",\n    \"Cursor\": \"<string>\"\n  }\n}","options":{"raw":{"language":"json"}}}},"status":"OK","code":200,"header":[{"key":"Content-Type","value":"application/json"}],"body":"{\n  \"PartyAcctRelRec\": [\n    {\n      \"PartyAcctRelInfo\": {\n        \"PartyRef\": {\n          \"PartyKeys\": {\n            \"PartyId\": {\n              \"value\": \"<Error: Too many levels of nesting to fake this schema>\"\n            }\n          },\n          \"PersonPartyListInfo\": {\n            \"PartyType\": {\n              \"value\": \"<Error: Too many levels of nesting to fake this schema>\"\n            },\n            \"Contact\": {\n              \"value\": \"<Error: Too many levels of nesting to fake this schema>\"\n            },\n            \"TaxIdent\": {\n              \"value\": \"<Error: Too many levels of nesting to fake this schema>\"\n            },\n            \"OriginatingBranch\": {\n              \"value\": \"<Error: Too many levels of nesting to fake this schema>\"\n            },\n            \"ServiceLevel\": {\n              \"value\": \"<Error: Too many levels of nesting to fake this schema>\"\n            },\n            \"MarketSegment\": {\n              \"value\": \"<Error: Too many levels of nesting to fake this schema>\"\n            },\n            \"SocioEconomicCode\": {\n              \"value\": \"<Error: Too many levels of nesting to fake this schema>\"\n            },\n            \"PersonName\": {\n              \"value\": \"<Error: Too many levels of nesting to fake this schema>\"\n            },\n            \"BirthDt\": {\n              \"value\": \"<Error: Too many levels of nesting to fake this schema>\"\n            }\n          },\n          \"OrgPartyListInfo\": {\n            \"PartyType\": {\n              \"value\": \"<Error: Too many levels of nesting to fake this schema>\"\n            },\n            \"Contact\": {\n              \"value\": \"<Error: Too many levels of nesting to fake this schema>\"\n            },\n            \"TaxIdent\": {\n              \"value\": \"<Error: Too many levels of nesting to fake this schema>\"\n            },\n            \"OriginatingBranch\": {\n              \"value\": \"<Error: Too many levels of nesting to fake this schema>\"\n            },\n            \"ServiceLevel\": {\n              \"value\": \"<Error: Too many levels of nesting to fake this schema>\"\n            },\n            \"MarketSegment\": {\n              \"value\": \"<Error: Too many levels of nesting to fake this schema>\"\n            },\n            \"SocioEconomicCode\": {\n              \"value\": \"<Error: Too many levels of nesting to fake this schema>\"\n            },\n            \"OrgName\": {\n              \"value\": \"<Error: Too many levels of nesting to fake this schema>\"\n            }\n          }\n        },\n        \"PartyAcctRelData\": [\n          {\n            \"PartyAcctRelType\": \"Related\",\n            \"PartyAcctRelDesc\": \"in sit tempor in\",\n            \"PartyAcctRelOrder\": \"Fifth\"\n          },\n          {\n            \"PartyAcctRelType\": \"Administrator\",\n            \"PartyAcctRelDesc\": \"l\",\n            \"PartyAcctRelOrder\": \"Second\"\n          }\n        ],\n        \"OwnerInd\": false,\n        \"PrimaryOwnerInd\": false,\n        \"Nickname\": \"in et cupidatat sint\",\n        \"AcctRef\": {\n          \"AcctKeys\": {\n            \"AcctId\": {\n              \"value\": \"<Error: Too many levels of nesting to fake this schema>\"\n            },\n            \"AcctType\": {\n              \"value\": \"<Error: Too many levels of nesting to fake this schema>\"\n            },\n            \"CardKeys\": {\n              \"value\": \"<Error: Too many levels of nesting to fake this schema>\"\n            }\n          }\n        },\n        \"AutoEnrollmentData\": {\n          \"AutoEnrollmentType\": \"Arch_Extract\",\n          \"AutoEnrollmentInd\": true\n        }\n      },\n      \"PartyAcctRelKeys\": {\n        \"PartyKeys\": {\n          \"PartyId\": \"sint dolore culpa\"\n        },\n        \"AcctKeys\": {\n          \"AcctId\": \"consequat re\",\n          \"AcctType\": \"LOAN\",\n          \"CardKeys\": {\n            \"CardId\": {\n              \"value\": \"<Error: Too many levels of nesting to fake this schema>\"\n            },\n            \"CardSeqNum\": {\n              \"value\": \"<Error: Too many levels of nesting to fake this schema>\"\n            }\n          }\n        }\n      },\n      \"PartyAcctRelStatus\": {\n        \"PartyAcctRelStatusCode\": \"Valid\",\n        \"EffDt\": \"7856-15-94\"\n      }\n    },\n    {\n      \"PartyAcctRelInfo\": {\n        \"PartyRef\": {\n          \"PartyKeys\": {\n            \"PartyId\": {\n              \"value\": \"<Error: Too many levels of nesting to fake this schema>\"\n            }\n          },\n          \"PersonPartyListInfo\": {\n            \"PartyType\": {\n              \"value\": \"<Error: Too many levels of nesting to fake this schema>\"\n            },\n            \"Contact\": {\n              \"value\": \"<Error: Too many levels of nesting to fake this schema>\"\n            },\n            \"TaxIdent\": {\n              \"value\": \"<Error: Too many levels of nesting to fake this schema>\"\n            },\n            \"OriginatingBranch\": {\n              \"value\": \"<Error: Too many levels of nesting to fake this schema>\"\n            },\n            \"ServiceLevel\": {\n              \"value\": \"<Error: Too many levels of nesting to fake this schema>\"\n            },\n            \"MarketSegment\": {\n              \"value\": \"<Error: Too many levels of nesting to fake this schema>\"\n            },\n            \"SocioEconomicCode\": {\n              \"value\": \"<Error: Too many levels of nesting to fake this schema>\"\n            },\n            \"PersonName\": {\n              \"value\": \"<Error: Too many levels of nesting to fake this schema>\"\n            },\n            \"BirthDt\": {\n              \"value\": \"<Error: Too many levels of nesting to fake this schema>\"\n            }\n          },\n          \"OrgPartyListInfo\": {\n            \"PartyType\": {\n              \"value\": \"<Error: Too many levels of nesting to fake this schema>\"\n            },\n            \"Contact\": {\n              \"value\": \"<Error: Too many levels of nesting to fake this schema>\"\n            },\n            \"TaxIdent\": {\n              \"value\": \"<Error: Too many levels of nesting to fake this schema>\"\n            },\n            \"OriginatingBranch\": {\n              \"value\": \"<Error: Too many levels of nesting to fake this schema>\"\n            },\n            \"ServiceLevel\": {\n              \"value\": \"<Error: Too many levels of nesting to fake this schema>\"\n            },\n            \"MarketSegment\": {\n              \"value\": \"<Error: Too many levels of nesting to fake this schema>\"\n            },\n            \"SocioEconomicCode\": {\n              \"value\": \"<Error: Too many levels of nesting to fake this schema>\"\n            },\n            \"OrgName\": {\n              \"value\": \"<Error: Too many levels of nesting to fake this schema>\"\n            }\n          }\n        },\n        \"PartyAcctRelData\": [\n          {\n            \"PartyAcctRelType\": \"PersonalRep\",\n            \"PartyAcctRelDesc\": \"proident mollit magna dolor ullamco\",\n            \"PartyAcctRelOrder\": \"Other\"\n          },\n          {\n            \"PartyAcctRelType\": \"CoTrustee\",\n            \"PartyAcctRelDesc\": \"aliqua et\",\n            \"PartyAcctRelOrder\": \"Other\"\n          }\n        ],\n        \"OwnerInd\": false,\n        \"PrimaryOwnerInd\": true,\n        \"Nickname\": \"ullamco exercitation dolore\",\n        \"AcctRef\": {\n          \"AcctKeys\": {\n            \"AcctId\": {\n              \"value\": \"<Error: Too many levels of nesting to fake this schema>\"\n            },\n            \"AcctType\": {\n              \"value\": \"<Error: Too many levels of nesting to fake this schema>\"\n            },\n            \"CardKeys\": {\n              \"value\": \"<Error: Too many levels of nesting to fake this schema>\"\n            }\n          }\n        },\n        \"AutoEnrollmentData\": {\n          \"AutoEnrollmentType\": \"Arch_Extract\",\n          \"AutoEnrollmentInd\": false\n        }\n      },\n      \"PartyAcctRelKeys\": {\n        \"PartyKeys\": {\n          \"PartyId\": \"nisi consect\"\n        },\n        \"AcctKeys\": {\n          \"AcctId\": \"en\",\n          \"AcctType\": \"LOAN\",\n          \"CardKeys\": {\n            \"CardId\": {\n              \"value\": \"<Error: Too many levels of nesting to fake this schema>\"\n            },\n            \"CardSeqNum\": {\n              \"value\": \"<Error: Too many levels of nesting to fake this schema>\"\n            }\n          }\n        }\n      },\n      \"PartyAcctRelStatus\": {\n        \"PartyAcctRelStatusCode\": \"Valid\",\n        \"EffDt\": \"7408-39-64T70:24:61.241+86:35\"\n      }\n    }\n  ],\n  \"Status\": {\n    \"Severity\": \"Info\",\n    \"StatusCode\": \"nisi reprehend\",\n    \"StatusDesc\": \"officia deserunt est commodo\",\n    \"SvcProviderName\": \"et enim dolor pariatur veniam\",\n    \"Id\": \"reprehenderit Excepteur in\",\n    \"ServerStatusCode\": \"tempor\",\n    \"ServerStatusDesc\": \"eiusmo\",\n    \"OvrdExceptionInd\": true,\n    \"SubjectRole\": \"consectetur nostrud v\",\n    \"SubjectElement\": [\n      {\n        \"Path\": \"Excepteur id\",\n        \"ServerPath\": \"amet Excepteur incididunt laboris\",\n        \"Value\": \"reprehenderit elit nisi\"\n      },\n      {\n        \"Path\": \"E\",\n        \"ServerPath\": \"exercitation\",\n        \"Value\": \"in proident ad\"\n      }\n    ],\n    \"ContentHTML\": \"ea ut aute \",\n    \"AdditionalStatus\": [\n      {\n        \"StatusCode\": \"nisi et dolor\",\n        \"StatusDesc\": \"nisi quis\",\n        \"Severity\": \"Error\",\n        \"SvcProviderName\": \"ea ut veniam\",\n        \"ServerStatusCode\": \"quis commodo irur\",\n        \"ServerStatusDesc\": \"officia non\",\n        \"OvrdExceptionInd\": false,\n        \"SubjectElement\": [\n          {\n            \"Path\": \"do fugiat sint exercitation\",\n            \"ServerPath\": \"nostrud\",\n            \"Value\": \"fugiat adipisicing eu commodo\"\n          },\n          {\n            \"Path\": \"labore reprehenderit deserunt\",\n            \"ServerPath\": \"v\",\n            \"Value\": \"adipisicing eu tempor\"\n          }\n        ]\n      },\n      {\n        \"StatusCode\": \"et\",\n        \"StatusDesc\": \"mollit\",\n        \"Severity\": \"Info\",\n        \"SvcProviderName\": \"in veniam non aliquip\",\n        \"ServerStatusCode\": \"nulla ut dolore ven\",\n        \"ServerStatusDesc\": \"enim nisi elit\",\n        \"OvrdExceptionInd\": true,\n        \"SubjectElement\": [\n          {\n            \"Path\": \"ullamco ex\",\n            \"ServerPath\": \"nulla pariatur tempor mollit\",\n            \"Value\": \"culpa id aliquip consequat\"\n          },\n          {\n            \"Path\": \"est sunt\",\n            \"ServerPath\": \"in non qui in\",\n            \"Value\": \"eu ullamco sint occaecat incididunt\"\n          }\n        ]\n      }\n    ]\n  },\n  \"RecCtrlOut\": {\n    \"SentRecCount\": 92988265,\n    \"MatchedRecCount\": -6466523,\n    \"Cursor\": \"proident adipisicing labore\"\n  }\n}","cookie":[],"_postman_previewlanguage":"json"},{"id":"2beb1ec9-3d36-47cb-badc-f10ddee616ae","name":"To view the complete list of response codes, <a href=\"../docs/?path=docs/response-codes.md\" title=\"Click to open\">click here.</a>","originalRequest":{"url":{"path":["partyacctrelservice","partyacctrel","partyacctrel","secured"],"host":["{{baseUrl}}"],"query":[],"variable":[]},"header":[{"disabled":false,"description":"(Required) EFX Header is a common and required component for all API calls, it contains client-related parameters. Please note that the header parameters should be sent as a JSON object under the EFXHeader parameter. To view the list of header parameters, <a href=\"../docs?path=docs/api-ref-EFX-header.md\" title=\"Click to open\"> click here.</a>","key":"EFXHeader","value":"OrganizationId,<string>,TrnId,<string>,VendorId,<string>,Context,[object Object]"},{"key":"Accept","value":"application/json"}],"method":"POST","body":{"mode":"raw","raw":"{\n  \"PartyAcctRelSel\": {\n    \"PartyKeys\": {\n      \"PartyId\": \"<string>\"\n    },\n    \"CardKeys\": {\n      \"CardId\": \"<string>\",\n      \"CardSeqNum\": \"<string>\"\n    },\n    \"AcctSelCriteria\": [\n      {\n        \"AcctType\": \"<string>\",\n        \"AcctStatusSel\": \"<string>\",\n        \"AcctExcludeInd\": \"<boolean>\"\n      },\n      {\n        \"AcctType\": \"<string>\",\n        \"AcctStatusSel\": \"<string>\",\n        \"AcctExcludeInd\": \"<boolean>\"\n      }\n    ],\n    \"ExcludeClosedAcctInd\": \"<boolean>\",\n    \"IncPartyInfoInd\": \"<boolean>\",\n    \"IncAddtlAcctInfoInd\": \"<boolean>\",\n    \"IncEDistributionInd\": \"<boolean>\",\n    \"IncEBankingInd\": \"<boolean>\"\n  },\n  \"RecCtrlIn\": {\n    \"MaxRecLimit\": \"<long>\",\n    \"Cursor\": \"<string>\"\n  }\n}","options":{"raw":{"language":"json"}}}},"status":"Internal Server Error","code":500,"header":[{"key":"Content-Type","value":"application/json"}],"body":"{\n  \"PartyAcctRelRec\": [\n    {\n      \"PartyAcctRelInfo\": {\n        \"PartyRef\": {\n          \"PartyKeys\": {\n            \"PartyId\": {\n              \"value\": \"<Error: Too many levels of nesting to fake this schema>\"\n            }\n          },\n          \"PersonPartyListInfo\": {\n            \"PartyType\": {\n              \"value\": \"<Error: Too many levels of nesting to fake this schema>\"\n            },\n            \"Contact\": {\n              \"value\": \"<Error: Too many levels of nesting to fake this schema>\"\n            },\n            \"TaxIdent\": {\n              \"value\": \"<Error: Too many levels of nesting to fake this schema>\"\n            },\n            \"OriginatingBranch\": {\n              \"value\": \"<Error: Too many levels of nesting to fake this schema>\"\n            },\n            \"ServiceLevel\": {\n              \"value\": \"<Error: Too many levels of nesting to fake this schema>\"\n            },\n            \"MarketSegment\": {\n              \"value\": \"<Error: Too many levels of nesting to fake this schema>\"\n            },\n            \"SocioEconomicCode\": {\n              \"value\": \"<Error: Too many levels of nesting to fake this schema>\"\n            },\n            \"PersonName\": {\n              \"value\": \"<Error: Too many levels of nesting to fake this schema>\"\n            },\n            \"BirthDt\": {\n              \"value\": \"<Error: Too many levels of nesting to fake this schema>\"\n            }\n          },\n          \"OrgPartyListInfo\": {\n            \"PartyType\": {\n              \"value\": \"<Error: Too many levels of nesting to fake this schema>\"\n            },\n            \"Contact\": {\n              \"value\": \"<Error: Too many levels of nesting to fake this schema>\"\n            },\n            \"TaxIdent\": {\n              \"value\": \"<Error: Too many levels of nesting to fake this schema>\"\n            },\n            \"OriginatingBranch\": {\n              \"value\": \"<Error: Too many levels of nesting to fake this schema>\"\n            },\n            \"ServiceLevel\": {\n              \"value\": \"<Error: Too many levels of nesting to fake this schema>\"\n            },\n            \"MarketSegment\": {\n              \"value\": \"<Error: Too many levels of nesting to fake this schema>\"\n            },\n            \"SocioEconomicCode\": {\n              \"value\": \"<Error: Too many levels of nesting to fake this schema>\"\n            },\n            \"OrgName\": {\n              \"value\": \"<Error: Too many levels of nesting to fake this schema>\"\n            }\n          }\n        },\n        \"PartyAcctRelData\": [\n          {\n            \"PartyAcctRelType\": \"SoleOwner\",\n            \"PartyAcctRelDesc\": \"adipisicing et laborum\",\n            \"PartyAcctRelOrder\": \"Other\"\n          },\n          {\n            \"PartyAcctRelType\": \"JointTenancy\",\n            \"PartyAcctRelDesc\": \"in\",\n            \"PartyAcctRelOrder\": \"Second\"\n          }\n        ],\n        \"OwnerInd\": false,\n        \"PrimaryOwnerInd\": true,\n        \"Nickname\": \"ex amet\",\n        \"AcctRef\": {\n          \"AcctKeys\": {\n            \"AcctId\": {\n              \"value\": \"<Error: Too many levels of nesting to fake this schema>\"\n            },\n            \"AcctType\": {\n              \"value\": \"<Error: Too many levels of nesting to fake this schema>\"\n            },\n            \"CardKeys\": {\n              \"value\": \"<Error: Too many levels of nesting to fake this schema>\"\n            }\n          }\n        },\n        \"AutoEnrollmentData\": {\n          \"AutoEnrollmentType\": \"Arch_Extract\",\n          \"AutoEnrollmentInd\": true\n        }\n      },\n      \"PartyAcctRelKeys\": {\n        \"PartyKeys\": {\n          \"PartyId\": \"ex cupidatat\"\n        },\n        \"AcctKeys\": {\n          \"AcctId\": \"id magna\",\n          \"AcctType\": \"CRD\",\n          \"CardKeys\": {\n            \"CardId\": {\n              \"value\": \"<Error: Too many levels of nesting to fake this schema>\"\n            },\n            \"CardSeqNum\": {\n              \"value\": \"<Error: Too many levels of nesting to fake this schema>\"\n            }\n          }\n        }\n      },\n      \"PartyAcctRelStatus\": {\n        \"PartyAcctRelStatusCode\": \"Valid\",\n        \"EffDt\": \"7341-90-25\"\n      }\n    },\n    {\n      \"PartyAcctRelInfo\": {\n        \"PartyRef\": {\n          \"PartyKeys\": {\n            \"PartyId\": {\n              \"value\": \"<Error: Too many levels of nesting to fake this schema>\"\n            }\n          },\n          \"PersonPartyListInfo\": {\n            \"PartyType\": {\n              \"value\": \"<Error: Too many levels of nesting to fake this schema>\"\n            },\n            \"Contact\": {\n              \"value\": \"<Error: Too many levels of nesting to fake this schema>\"\n            },\n            \"TaxIdent\": {\n              \"value\": \"<Error: Too many levels of nesting to fake this schema>\"\n            },\n            \"OriginatingBranch\": {\n              \"value\": \"<Error: Too many levels of nesting to fake this schema>\"\n            },\n            \"ServiceLevel\": {\n              \"value\": \"<Error: Too many levels of nesting to fake this schema>\"\n            },\n            \"MarketSegment\": {\n              \"value\": \"<Error: Too many levels of nesting to fake this schema>\"\n            },\n            \"SocioEconomicCode\": {\n              \"value\": \"<Error: Too many levels of nesting to fake this schema>\"\n            },\n            \"PersonName\": {\n              \"value\": \"<Error: Too many levels of nesting to fake this schema>\"\n            },\n            \"BirthDt\": {\n              \"value\": \"<Error: Too many levels of nesting to fake this schema>\"\n            }\n          },\n          \"OrgPartyListInfo\": {\n            \"PartyType\": {\n              \"value\": \"<Error: Too many levels of nesting to fake this schema>\"\n            },\n            \"Contact\": {\n              \"value\": \"<Error: Too many levels of nesting to fake this schema>\"\n            },\n            \"TaxIdent\": {\n              \"value\": \"<Error: Too many levels of nesting to fake this schema>\"\n            },\n            \"OriginatingBranch\": {\n              \"value\": \"<Error: Too many levels of nesting to fake this schema>\"\n            },\n            \"ServiceLevel\": {\n              \"value\": \"<Error: Too many levels of nesting to fake this schema>\"\n            },\n            \"MarketSegment\": {\n              \"value\": \"<Error: Too many levels of nesting to fake this schema>\"\n            },\n            \"SocioEconomicCode\": {\n              \"value\": \"<Error: Too many levels of nesting to fake this schema>\"\n            },\n            \"OrgName\": {\n              \"value\": \"<Error: Too many levels of nesting to fake this schema>\"\n            }\n          }\n        },\n        \"PartyAcctRelData\": [\n          {\n            \"PartyAcctRelType\": \"PersonalRep\",\n            \"PartyAcctRelDesc\": \"cillum aute\",\n            \"PartyAcctRelOrder\": \"First\"\n          },\n          {\n            \"PartyAcctRelType\": \"Assumption\",\n            \"PartyAcctRelDesc\": \"ut\",\n            \"PartyAcctRelOrder\": \"Fourth\"\n          }\n        ],\n        \"OwnerInd\": false,\n        \"PrimaryOwnerInd\": true,\n        \"Nickname\": \"in\",\n        \"AcctRef\": {\n          \"AcctKeys\": {\n            \"AcctId\": {\n              \"value\": \"<Error: Too many levels of nesting to fake this schema>\"\n            },\n            \"AcctType\": {\n              \"value\": \"<Error: Too many levels of nesting to fake this schema>\"\n            },\n            \"CardKeys\": {\n              \"value\": \"<Error: Too many levels of nesting to fake this schema>\"\n            }\n          }\n        },\n        \"AutoEnrollmentData\": {\n          \"AutoEnrollmentType\": \"Arch_Extract\",\n          \"AutoEnrollmentInd\": true\n        }\n      },\n      \"PartyAcctRelKeys\": {\n        \"PartyKeys\": {\n          \"PartyId\": \"voluptate cupidatat\"\n        },\n        \"AcctKeys\": {\n          \"AcctId\": \"nisi\",\n          \"AcctType\": \"SDA\",\n          \"CardKeys\": {\n            \"CardId\": {\n              \"value\": \"<Error: Too many levels of nesting to fake this schema>\"\n            },\n            \"CardSeqNum\": {\n              \"value\": \"<Error: Too many levels of nesting to fake this schema>\"\n            }\n          }\n        }\n      },\n      \"PartyAcctRelStatus\": {\n        \"PartyAcctRelStatusCode\": \"Valid\",\n        \"EffDt\": \"9029-63-71\"\n      }\n    }\n  ],\n  \"Status\": {\n    \"Severity\": \"Error\",\n    \"StatusCode\": \"ea ut pari\",\n    \"StatusDesc\": \"anim\",\n    \"SvcProviderName\": \"magna amet elit\",\n    \"Id\": \"sint eu\",\n    \"ServerStatusCode\": \"aliquip labo\",\n    \"ServerStatusDesc\": \"pariatur et fugiat\",\n    \"OvrdExceptionInd\": true,\n    \"SubjectRole\": \"sed tempor aliqua ut\",\n    \"SubjectElement\": [\n      {\n        \"Path\": \"aliquip aliqua dolore\",\n        \"ServerPath\": \"cillum officia mollit laborum\",\n        \"Value\": \"et\"\n      },\n      {\n        \"Path\": \"laborum elit ut\",\n        \"ServerPath\": \"exercitation\",\n        \"Value\": \"amet eiusmod\"\n      }\n    ],\n    \"ContentHTML\": \"aliqua exercitation Duis consectetur\",\n    \"AdditionalStatus\": [\n      {\n        \"StatusCode\": \"dolor\",\n        \"StatusDesc\": \"ad laborum\",\n        \"Severity\": \"Error\",\n        \"SvcProviderName\": \"dolor labore fugiat adipisicing\",\n        \"ServerStatusCode\": \"in in ut ad\",\n        \"ServerStatusDesc\": \"consequat ut proident\",\n        \"OvrdExceptionInd\": false,\n        \"SubjectElement\": [\n          {\n            \"Path\": \"aute amet id velit\",\n            \"ServerPath\": \"reprehenderit minim laborum aliqua\",\n            \"Value\": \"esse consequat nostrud aliquip\"\n          },\n          {\n            \"Path\": \"veniam\",\n            \"ServerPath\": \"sint occaecat\",\n            \"Value\": \"et enim Ut aliqua ex\"\n          }\n        ]\n      },\n      {\n        \"StatusCode\": \"ut sit cil\",\n        \"StatusDesc\": \"pariatur non ut ullamco irure\",\n        \"Severity\": \"Warning\",\n        \"SvcProviderName\": \"sunt magna\",\n        \"ServerStatusCode\": \"sed \",\n        \"ServerStatusDesc\": \"consequat e\",\n        \"OvrdExceptionInd\": true,\n        \"SubjectElement\": [\n          {\n            \"Path\": \"Excepteur ullamco qui sit aliquip\",\n            \"ServerPath\": \"irure tempor adipisicing\",\n            \"Value\": \"nulla\"\n          },\n          {\n            \"Path\": \"enim occaecat\",\n            \"ServerPath\": \"dolor commodo quis\",\n            \"Value\": \"eiusmod dolor consequat adipisicing\"\n          }\n        ]\n      }\n    ]\n  },\n  \"RecCtrlOut\": {\n    \"SentRecCount\": -44003391,\n    \"MatchedRecCount\": 1676520,\n    \"Cursor\": \"Lorem Ut\"\n  }\n}","cookie":[],"_postman_previewlanguage":"json"}],"event":[],"protocolProfileBehavior":{"disableBodyPruning":true}}],"event":[],"variable":[{"type":"string","value":"/","key":"baseUrl"}],"info":{"_postman_id":"31968a8c-7e31-4a42-a0a6-72d20c650305","name":"Party Account Relationship Service","schema":"https://schema.getpostman.com/json/collection/v2.1.0/collection.json","description":{"content":"Party account relationship service manages the nature of relationship between a party and a product account. It is used to indicate the primary contact and tax responsible parties as well as state the relationship type between the party and an account.","type":"text/plain"}}}