{"item":[{"id":"1ae186d7-f465-434b-b7df-13ef1e015f5a","name":"Get Party to Party Relationship","request":{"name":"Get Party to Party Relationship","description":{"content":"Retrieves the relationship-related information between two Party records.<br><br>\n        For more information about the Accountholder domain, <a href=\"../docs/?path=docs/fintechs/accountholder.md\" title=\"Click to open\">click here.</a>\n        <br><br>\n        <b>Relates to:</b>\n          <ul> \n            <li><a href=\"../docs/?path=docs/banks-and-CU/deposits.md\" title=\"Click to open\">Deposits</a></li>\n            <li><a href=\"../docs/?path=docs/banks-and-CU/loans.md\" title=\"Click to open\">Loans</a></li>\n            <li><a href=\"../docs/?path=docs/banks-and-CU/bank-servicing.md\" title=\"Click to open\">Bank Servicing</a></li>\n            <li><a href=\"../docs/?path=docs/banks-and-CU/riskMgt.md\" title=\"Click to open\">Risk and Performance Management</a></li>\n          </ul>","type":"text/plain"},"url":{"path":["partypartyrelservice","parties","partyparties","secured"],"host":["{{baseUrl}}"],"query":[],"variable":[]},"header":[{"disabled":false,"description":"(Required) EFX Header is a common and required component for all API calls, it contains client-related parameters. Please note that the header parameters should be sent as a JSON object under the EFXHeader parameter. To view the list of header parameters, <a href=\"../docs?path=docs/api-ref-EFX-header.md\" title=\"Click to open\"> click here.</a>","key":"EFXHeader","value":"OrganizationId,<string>,TrnId,<string>,VendorId,<string>,Context,[object Object]"},{"key":"Content-Type","value":"application/json"},{"key":"Accept","value":"application/json"}],"method":"POST","auth":null,"body":{"mode":"raw","raw":"{\n  \"PartyPartyRelSel\": {\n    \"PartyKeys\": {\n      \"PartyId\": \"<string>\"\n    }\n  }\n}","options":{"raw":{"language":"json"}}}},"response":[{"id":"6070a511-2338-4e42-ad8b-daa39f81e83b","name":"Success","originalRequest":{"url":{"path":["partypartyrelservice","parties","partyparties","secured"],"host":["{{baseUrl}}"],"query":[],"variable":[]},"header":[{"disabled":false,"description":"(Required) EFX Header is a common and required component for all API calls, it contains client-related parameters. Please note that the header parameters should be sent as a JSON object under the EFXHeader parameter. To view the list of header parameters, <a href=\"../docs?path=docs/api-ref-EFX-header.md\" title=\"Click to open\"> click here.</a>","key":"EFXHeader","value":"OrganizationId,<string>,TrnId,<string>,VendorId,<string>,Context,[object Object]"},{"key":"Accept","value":"application/json"}],"method":"POST","body":{"mode":"raw","raw":"{\n  \"PartyPartyRelSel\": {\n    \"PartyKeys\": {\n      \"PartyId\": \"<string>\"\n    }\n  }\n}","options":{"raw":{"language":"json"}}}},"status":"OK","code":200,"header":[{"key":"Content-Type","value":"application/json"}],"body":"{\n  \"PartyPartyRelRec\": [\n    {\n      \"PartyPartyRelInfo\": {\n        \"PartyRef\": {\n          \"PartyKeys\": {\n            \"PartyId\": {\n              \"value\": \"<Error: Too many levels of nesting to fake this schema>\"\n            }\n          },\n          \"PersonPartyListInfo\": {\n            \"PersonName\": {\n              \"value\": \"<Error: Too many levels of nesting to fake this schema>\"\n            }\n          },\n          \"OrgPartyListInfo\": {\n            \"OrgName\": {\n              \"value\": \"<Error: Too many levels of nesting to fake this schema>\"\n            }\n          }\n        },\n        \"RelPartyRef\": {\n          \"PartyKeys\": {\n            \"PartyId\": {\n              \"value\": \"<Error: Too many levels of nesting to fake this schema>\"\n            }\n          },\n          \"PartyRelType\": \"sit nisi adipisicing\",\n          \"PartyRelTypeEnumDesc\": \"sint do\",\n          \"Name\": \"in in Duis Lorem\"\n        }\n      },\n      \"PartyPartyRelKeys\": {\n        \"PartyKeys\": {\n          \"PartyId\": \"<string>\"\n        },\n        \"RelPartyKeys\": {\n          \"PartyId\": \"amet nulla minim Duis\"\n        }\n      },\n      \"PartyPartyRelStatus\": {\n        \"PartyPartyRelStatusCode\": \"ea dolor consectetur\",\n        \"EffDt\": \"2438-77-97T04:23\"\n      }\n    },\n    {\n      \"PartyPartyRelInfo\": {\n        \"PartyRef\": {\n          \"PartyKeys\": {\n            \"PartyId\": {\n              \"value\": \"<Error: Too many levels of nesting to fake this schema>\"\n            }\n          },\n          \"PersonPartyListInfo\": {\n            \"PersonName\": {\n              \"value\": \"<Error: Too many levels of nesting to fake this schema>\"\n            }\n          },\n          \"OrgPartyListInfo\": {\n            \"OrgName\": {\n              \"value\": \"<Error: Too many levels of nesting to fake this schema>\"\n            }\n          }\n        },\n        \"RelPartyRef\": {\n          \"PartyKeys\": {\n            \"PartyId\": {\n              \"value\": \"<Error: Too many levels of nesting to fake this schema>\"\n            }\n          },\n          \"PartyRelType\": \"ullamco sit culpa labore\",\n          \"PartyRelTypeEnumDesc\": \"non\",\n          \"Name\": \"dolore consectetur\"\n        }\n      },\n      \"PartyPartyRelKeys\": {\n        \"PartyKeys\": {\n          \"PartyId\": \"<string>\"\n        },\n        \"RelPartyKeys\": {\n          \"PartyId\": \"exercitation v\"\n        }\n      },\n      \"PartyPartyRelStatus\": {\n        \"PartyPartyRelStatusCode\": \"est dolore velit\",\n        \"EffDt\": \"3904-26-78T89:16\"\n      }\n    }\n  ],\n  \"Status\": {\n    \"Severity\": \"Info\",\n    \"StatusCode\": \"amet si\",\n    \"StatusDesc\": \"ex dolore Excepteur pariatur\",\n    \"SvcProviderName\": \"reprehenderit\",\n    \"Id\": \"velit ipsum\",\n    \"ServerStatusCode\": \"irure \",\n    \"ServerStatusDesc\": \"quis\",\n    \"OvrdExceptionInd\": true,\n    \"SubjectRole\": \"tempor Excepteur commodo\",\n    \"SubjectElement\": [\n      {\n        \"Path\": \"amet qui\",\n        \"ServerPath\": \"Duis pariatur aliquip\",\n        \"Value\": \"ani\"\n      },\n      {\n        \"Path\": \"commodo ipsum\",\n        \"ServerPath\": \"occaecat dolor incididunt nulla\",\n        \"Value\": \"elit\"\n      }\n    ],\n    \"ContentHTML\": \"magna Excepteur aute\",\n    \"AdditionalStatus\": [\n      {\n        \"StatusCode\": \"inci\",\n        \"StatusDesc\": \"in in velit cupidatat eiusmod\",\n        \"Severity\": \"Info\",\n        \"SvcProviderName\": \"eu qui veniam\",\n        \"ServerStatusCode\": \"Ut dolor\",\n        \"ServerStatusDesc\": \"ad dolor\",\n        \"OvrdExceptionInd\": false,\n        \"SubjectElement\": [\n          {\n            \"Path\": \"irure ut est cillum\",\n            \"ServerPath\": \"in deserunt dolore\",\n            \"Value\": \"exercitation deserunt\"\n          },\n          {\n            \"Path\": \"dolore deserunt\",\n            \"ServerPath\": \"culpa quis\",\n            \"Value\": \"laborum nisi ullamco tempor\"\n          }\n        ]\n      },\n      {\n        \"StatusCode\": \"do Lorem\",\n        \"StatusDesc\": \"dolor ullamco\",\n        \"Severity\": \"Error\",\n        \"SvcProviderName\": \"sit sed tempor Lorem\",\n        \"ServerStatusCode\": \"sit et ipsum\",\n        \"ServerStatusDesc\": \"tempor Lorem eiusmod ipsum\",\n        \"OvrdExceptionInd\": false,\n        \"SubjectElement\": [\n          {\n            \"Path\": \"in sunt officia\",\n            \"ServerPath\": \"anim velit dolore offic\",\n            \"Value\": \"pariatur consectetur\"\n          },\n          {\n            \"Path\": \"ut et\",\n            \"ServerPath\": \"Lorem velit irure\",\n            \"Value\": \"Duis ex commodo\"\n          }\n        ]\n      }\n    ]\n  },\n  \"RecCtrlOut\": {\n    \"SentRecCount\": 17436770\n  }\n}","cookie":[],"_postman_previewlanguage":"json"},{"id":"8a608265-40d8-4bfb-ba57-b793cc91d56a","name":"To view the complete list of response codes, <a href=\"../docs/?path=docs/response-codes.md\" title=\"Click to open\">click here.</a>","originalRequest":{"url":{"path":["partypartyrelservice","parties","partyparties","secured"],"host":["{{baseUrl}}"],"query":[],"variable":[]},"header":[{"disabled":false,"description":"(Required) EFX Header is a common and required component for all API calls, it contains client-related parameters. Please note that the header parameters should be sent as a JSON object under the EFXHeader parameter. To view the list of header parameters, <a href=\"../docs?path=docs/api-ref-EFX-header.md\" title=\"Click to open\"> click here.</a>","key":"EFXHeader","value":"OrganizationId,<string>,TrnId,<string>,VendorId,<string>,Context,[object Object]"},{"key":"Accept","value":"application/json"}],"method":"POST","body":{"mode":"raw","raw":"{\n  \"PartyPartyRelSel\": {\n    \"PartyKeys\": {\n      \"PartyId\": \"<string>\"\n    }\n  }\n}","options":{"raw":{"language":"json"}}}},"status":"Internal Server Error","code":500,"header":[{"key":"Content-Type","value":"application/json"}],"body":"{\n  \"PartyPartyRelRec\": [\n    {\n      \"PartyPartyRelInfo\": {\n        \"PartyRef\": {\n          \"PartyKeys\": {\n            \"PartyId\": {\n              \"value\": \"<Error: Too many levels of nesting to fake this schema>\"\n            }\n          },\n          \"PersonPartyListInfo\": {\n            \"PersonName\": {\n              \"value\": \"<Error: Too many levels of nesting to fake this schema>\"\n            }\n          },\n          \"OrgPartyListInfo\": {\n            \"OrgName\": {\n              \"value\": \"<Error: Too many levels of nesting to fake this schema>\"\n            }\n          }\n        },\n        \"RelPartyRef\": {\n          \"PartyKeys\": {\n            \"PartyId\": {\n              \"value\": \"<Error: Too many levels of nesting to fake this schema>\"\n            }\n          },\n          \"PartyRelType\": \"enim ea\",\n          \"PartyRelTypeEnumDesc\": \"nulla culpa nostrud eu\",\n          \"Name\": \"dolor dolore\"\n        }\n      },\n      \"PartyPartyRelKeys\": {\n        \"PartyKeys\": {\n          \"PartyId\": \"<string>\"\n        },\n        \"RelPartyKeys\": {\n          \"PartyId\": \"proident incididunt \"\n        }\n      },\n      \"PartyPartyRelStatus\": {\n        \"PartyPartyRelStatusCode\": \"voluptate exercitation adipisicing in\",\n        \"EffDt\": \"4720-74-72\"\n      }\n    },\n    {\n      \"PartyPartyRelInfo\": {\n        \"PartyRef\": {\n          \"PartyKeys\": {\n            \"PartyId\": {\n              \"value\": \"<Error: Too many levels of nesting to fake this schema>\"\n            }\n          },\n          \"PersonPartyListInfo\": {\n            \"PersonName\": {\n              \"value\": \"<Error: Too many levels of nesting to fake this schema>\"\n            }\n          },\n          \"OrgPartyListInfo\": {\n            \"OrgName\": {\n              \"value\": \"<Error: Too many levels of nesting to fake this schema>\"\n            }\n          }\n        },\n        \"RelPartyRef\": {\n          \"PartyKeys\": {\n            \"PartyId\": {\n              \"value\": \"<Error: Too many levels of nesting to fake this schema>\"\n            }\n          },\n          \"PartyRelType\": \"fugiat\",\n          \"PartyRelTypeEnumDesc\": \"eu magna culpa occaecat\",\n          \"Name\": \"elit Ut et ut\"\n        }\n      },\n      \"PartyPartyRelKeys\": {\n        \"PartyKeys\": {\n          \"PartyId\": \"<string>\"\n        },\n        \"RelPartyKeys\": {\n          \"PartyId\": \"pariatur sit qui enim\"\n        }\n      },\n      \"PartyPartyRelStatus\": {\n        \"PartyPartyRelStatusCode\": \"ei\",\n        \"EffDt\": \"6759-80-07\"\n      }\n    }\n  ],\n  \"Status\": {\n    \"Severity\": \"Warning\",\n    \"StatusCode\": \"\",\n    \"StatusDesc\": \"nisi fugiat laboris elit irure\",\n    \"SvcProviderName\": \"eu consectetur\",\n    \"Id\": \"Duis\",\n    \"ServerStatusCode\": \"ullamco q\",\n    \"ServerStatusDesc\": \"ex in fugiat\",\n    \"OvrdExceptionInd\": true,\n    \"SubjectRole\": \"incididunt sed ut irure\",\n    \"SubjectElement\": [\n      {\n        \"Path\": \"incididunt exercitation\",\n        \"ServerPath\": \"tempor proident elit\",\n        \"Value\": \"reprehenderit et\"\n      },\n      {\n        \"Path\": \"fugiat qui ipsum occaecat\",\n        \"ServerPath\": \"deserunt consequat in\",\n        \"Value\": \"mollit non do aute\"\n      }\n    ],\n    \"ContentHTML\": \"occaecat minim dolor\",\n    \"AdditionalStatus\": [\n      {\n        \"StatusCode\": \"exercitation laborum\",\n        \"StatusDesc\": \"pariatur et aliqua\",\n        \"Severity\": \"Error\",\n        \"SvcProviderName\": \"anim amet aliqua ipsum\",\n        \"ServerStatusCode\": \"nostrud esse aliqui\",\n        \"ServerStatusDesc\": \"nostrud\",\n        \"OvrdExceptionInd\": false,\n        \"SubjectElement\": [\n          {\n            \"Path\": \"ad qui\",\n            \"ServerPath\": \"ipsum voluptate quis\",\n            \"Value\": \"consequat enim velit in\"\n          },\n          {\n            \"Path\": \"Duis sit eiusmod culpa\",\n            \"ServerPath\": \"aute incididunt exercitation\",\n            \"Value\": \"dolore\"\n          }\n        ]\n      },\n      {\n        \"StatusCode\": \"incididunt nisi\",\n        \"StatusDesc\": \"quis cupidatat\",\n        \"Severity\": \"Info\",\n        \"SvcProviderName\": \"ut in Duis eiusmod\",\n        \"ServerStatusCode\": \"esse \",\n        \"ServerStatusDesc\": \"elit culpa exercitation labore\",\n        \"OvrdExceptionInd\": true,\n        \"SubjectElement\": [\n          {\n            \"Path\": \"Excepteur velit laborum\",\n            \"ServerPath\": \"Duis nulla\",\n            \"Value\": \"minim occaecat\"\n          },\n          {\n            \"Path\": \"ipsum nostrud\",\n            \"ServerPath\": \"ut ipsum\",\n            \"Value\": \"in Lorem\"\n          }\n        ]\n      }\n    ]\n  },\n  \"RecCtrlOut\": {\n    \"SentRecCount\": 70901694\n  }\n}","cookie":[],"_postman_previewlanguage":"json"}],"event":[],"protocolProfileBehavior":{"disableBodyPruning":true}}],"event":[],"variable":[{"type":"string","value":"/","key":"baseUrl"}],"info":{"_postman_id":"7ea001da-110f-4875-9ce6-5dc6ba0f5542","name":"Party Parties Service","schema":"https://schema.getpostman.com/json/collection/v2.1.0/collection.json","description":{"content":"The Party-to-Party Relationship service supports operations that manage information related to the existence and nature of relationship between two parties.<br>\nIt supports adding, modifying, and deleting party-to-party relationship and provide an option to return a subset of party information. It also gives an option to manage relationship properties such as relationship type and establishment date.<br>\n    \n    Party refers to a person or organization, who has a relationship with the financial institution.","type":"text/plain"}}}