{"item":[{"id":"daf62eeb-4a98-4122-8942-62ab2d50a514","name":"Update Party Account Relationship","request":{"name":"Update Party Account Relationship","description":{"content":"Update Party Account Relationship API modifies the relationship records and other information related to the relationships between the selected account and the parties (Business or Person) associated with that account.","type":"text/plain"},"url":{"path":["partyacctrelservice","partyacctrel","partyacctrel"],"host":["{{baseUrl}}"],"query":[],"variable":[]},"header":[{"disabled":false,"description":"(Required) EFX Header is a common and required component for all API calls, it contains client-related parameters. Please note that the header parameters should be sent as a JSON object under the EFXHeader parameter. To view the list of header parameters, <a href=\"../docs?path=docs/api-ref-EFX-header.md\" title=\"Click to open\"> click here.</a>","key":"EFXHeader","value":"OrganizationId,<string>,TrnId,<string>,VendorId,<string>,Context,[object Object]"},{"key":"Content-Type","value":"application/json"},{"key":"Accept","value":"application/json"}],"method":"PUT","auth":null,"body":{"mode":"raw","raw":"{\n  \"PartyAcctRelInfo\": {\n    \"PartyRef\": {\n      \"PartyKeys\": {\n        \"PartyId\": \"<string>\"\n      }\n    },\n    \"PartyAcctRelData\": [\n      {\n        \"PartyAcctRelType\": \"<string>\",\n        \"PartyAcctRelOrder\": \"<string>\"\n      },\n      {\n        \"PartyAcctRelType\": \"<string>\",\n        \"PartyAcctRelOrder\": \"<string>\"\n      }\n    ],\n    \"TaxReportingOwnerInd\": \"<boolean>\"\n  },\n  \"PartyAcctRelKeys\": {\n    \"AcctKeys\": {\n      \"AcctId\": \"<string>\",\n      \"AcctType\": \"<string>\"\n    }\n  },\n  \"OvrdExceptionData\": {\n    \"OvrdAutoAckInd\": \"<boolean>\"\n  }\n}","options":{"raw":{"language":"json"}}}},"response":[{"id":"8b82322b-04da-4164-9dda-28d09f116a2c","name":"Success","originalRequest":{"url":{"path":["partyacctrelservice","partyacctrel","partyacctrel"],"host":["{{baseUrl}}"],"query":[],"variable":[]},"header":[{"disabled":false,"description":"(Required) EFX Header is a common and required component for all API calls, it contains client-related parameters. Please note that the header parameters should be sent as a JSON object under the EFXHeader parameter. To view the list of header parameters, <a href=\"../docs?path=docs/api-ref-EFX-header.md\" title=\"Click to open\"> click here.</a>","key":"EFXHeader","value":"OrganizationId,<string>,TrnId,<string>,VendorId,<string>,Context,[object Object]"},{"key":"Accept","value":"application/json"}],"method":"PUT","body":{"mode":"raw","raw":"{\n  \"PartyAcctRelInfo\": {\n    \"PartyRef\": {\n      \"PartyKeys\": {\n        \"PartyId\": \"<string>\"\n      }\n    },\n    \"PartyAcctRelData\": [\n      {\n        \"PartyAcctRelType\": \"<string>\",\n        \"PartyAcctRelOrder\": \"<string>\"\n      },\n      {\n        \"PartyAcctRelType\": \"<string>\",\n        \"PartyAcctRelOrder\": \"<string>\"\n      }\n    ],\n    \"TaxReportingOwnerInd\": \"<boolean>\"\n  },\n  \"PartyAcctRelKeys\": {\n    \"AcctKeys\": {\n      \"AcctId\": \"<string>\",\n      \"AcctType\": \"<string>\"\n    }\n  },\n  \"OvrdExceptionData\": {\n    \"OvrdAutoAckInd\": \"<boolean>\"\n  }\n}","options":{"raw":{"language":"json"}}}},"status":"OK","code":200,"header":[{"key":"Content-Type","value":"application/json"}],"body":"{\n  \"PartyAcctRelStatusRec\": {\n    \"PartyAcctRelStatus\": {\n      \"PartyAcctRelStatusCode\": \"Valid\",\n      \"EffDt\": \"2859-83-20\"\n    }\n  },\n  \"Status\": {\n    \"Severity\": \"Error\",\n    \"StatusCode\": \"amet sit \",\n    \"StatusDesc\": \"enim est ullamco incididunt Excepteur\",\n    \"SvcProviderName\": \"dolore dolore ullamco\",\n    \"Id\": \"tempor laboris\",\n    \"ServerStatusCode\": \"ex\",\n    \"ServerStatusDesc\": \"irure tempor\",\n    \"OvrdExceptionInd\": true,\n    \"SubjectRole\": \"aliqua Exc\",\n    \"SubjectElement\": [\n      {\n        \"Path\": \"eu\",\n        \"ServerPath\": \"Excepteur ea ut dolor\",\n        \"Value\": \"aliqua qui\"\n      },\n      {\n        \"Path\": \"Excepteur\",\n        \"ServerPath\": \"Lorem Excepteu\",\n        \"Value\": \"in adipisicing officia\"\n      }\n    ],\n    \"ContentHTML\": \"irure ex nostrud in\",\n    \"AdditionalStatus\": [\n      {\n        \"StatusCode\": \"sint cupidatat\",\n        \"StatusDesc\": \"aliqua ipsum sint qui\",\n        \"Severity\": \"Warning\",\n        \"SvcProviderName\": \"laboris deserunt laborum exercitation\",\n        \"ServerStatusCode\": \"incididunt ipsum iru\",\n        \"ServerStatusDesc\": \"elit eu ipsum\",\n        \"OvrdExceptionInd\": false,\n        \"SubjectElement\": [\n          {\n            \"Path\": \"nisi ea eu sint\",\n            \"ServerPath\": \"ipsum in\",\n            \"Value\": \"cillum Duis in culpa dolore\"\n          },\n          {\n            \"Path\": \"ea\",\n            \"ServerPath\": \"sunt tempor\",\n            \"Value\": \"eiusmod sint occaecat nulla\"\n          }\n        ]\n      },\n      {\n        \"StatusCode\": \"est p\",\n        \"StatusDesc\": \"ea cupidatat\",\n        \"Severity\": \"Warning\",\n        \"SvcProviderName\": \"dolore nostrud sit\",\n        \"ServerStatusCode\": \"non do culpa\",\n        \"ServerStatusDesc\": \"esse Lorem in \",\n        \"OvrdExceptionInd\": true,\n        \"SubjectElement\": [\n          {\n            \"Path\": \"officia ea\",\n            \"ServerPath\": \"eu esse consequat\",\n            \"Value\": \"veniam\"\n          },\n          {\n            \"Path\": \"quis\",\n            \"ServerPath\": \"eu occaecat officia ad\",\n            \"Value\": \"quis anim pariatur Lorem in\"\n          }\n        ]\n      }\n    ]\n  }\n}","cookie":[],"_postman_previewlanguage":"json"},{"id":"8dea4aad-7a66-4108-9920-eed5d6b93859","name":"To view the complete list of response codes, <a href=\"../docs/?path=docs/response-codes.md\" title=\"Click to open\">click here.</a>","originalRequest":{"url":{"path":["partyacctrelservice","partyacctrel","partyacctrel"],"host":["{{baseUrl}}"],"query":[],"variable":[]},"header":[{"disabled":false,"description":"(Required) EFX Header is a common and required component for all API calls, it contains client-related parameters. Please note that the header parameters should be sent as a JSON object under the EFXHeader parameter. To view the list of header parameters, <a href=\"../docs?path=docs/api-ref-EFX-header.md\" title=\"Click to open\"> click here.</a>","key":"EFXHeader","value":"OrganizationId,<string>,TrnId,<string>,VendorId,<string>,Context,[object Object]"},{"key":"Accept","value":"application/json"}],"method":"PUT","body":{"mode":"raw","raw":"{\n  \"PartyAcctRelInfo\": {\n    \"PartyRef\": {\n      \"PartyKeys\": {\n        \"PartyId\": \"<string>\"\n      }\n    },\n    \"PartyAcctRelData\": [\n      {\n        \"PartyAcctRelType\": \"<string>\",\n        \"PartyAcctRelOrder\": \"<string>\"\n      },\n      {\n        \"PartyAcctRelType\": \"<string>\",\n        \"PartyAcctRelOrder\": \"<string>\"\n      }\n    ],\n    \"TaxReportingOwnerInd\": \"<boolean>\"\n  },\n  \"PartyAcctRelKeys\": {\n    \"AcctKeys\": {\n      \"AcctId\": \"<string>\",\n      \"AcctType\": \"<string>\"\n    }\n  },\n  \"OvrdExceptionData\": {\n    \"OvrdAutoAckInd\": \"<boolean>\"\n  }\n}","options":{"raw":{"language":"json"}}}},"status":"Internal Server Error","code":500,"header":[{"key":"Content-Type","value":"application/json"}],"body":"{\n  \"PartyAcctRelStatusRec\": {\n    \"PartyAcctRelStatus\": {\n      \"PartyAcctRelStatusCode\": \"Valid\",\n      \"EffDt\": \"4397-73-69T74:75:89.159+89:42\"\n    }\n  },\n  \"Status\": {\n    \"Severity\": \"Warning\",\n    \"StatusCode\": \"deserunt eu \",\n    \"StatusDesc\": \"consequat cupidatat amet aliquip\",\n    \"SvcProviderName\": \"enim ex exercitation\",\n    \"Id\": \"sed laborum dolore\",\n    \"ServerStatusCode\": \"anim nostru\",\n    \"ServerStatusDesc\": \"reprehenderit labore adipisicing\",\n    \"OvrdExceptionInd\": false,\n    \"SubjectRole\": \"irure ut\",\n    \"SubjectElement\": [\n      {\n        \"Path\": \"nulla et minim ipsum labor\",\n        \"ServerPath\": \"ipsum Excepteur ullamco Lorem\",\n        \"Value\": \"ea sunt adipisicing labore\"\n      },\n      {\n        \"Path\": \"commodo ut occaecat incididunt sint\",\n        \"ServerPath\": \"sit deserunt\",\n        \"Value\": \"laboris irure nostrud\"\n      }\n    ],\n    \"ContentHTML\": \"non mollit\",\n    \"AdditionalStatus\": [\n      {\n        \"StatusCode\": \"minim proide\",\n        \"StatusDesc\": \"qui elit cupidatat ad\",\n        \"Severity\": \"Error\",\n        \"SvcProviderName\": \"dolor\",\n        \"ServerStatusCode\": \"quis \",\n        \"ServerStatusDesc\": \"velit consectetur ad\",\n        \"OvrdExceptionInd\": true,\n        \"SubjectElement\": [\n          {\n            \"Path\": \"nulla non\",\n            \"ServerPath\": \"dolor mollit cillum\",\n            \"Value\": \"commodo dolore\"\n          },\n          {\n            \"Path\": \"anim ipsum\",\n            \"ServerPath\": \"aute pariatur dolor\",\n            \"Value\": \"est ullamco dolor enim\"\n          }\n        ]\n      },\n      {\n        \"StatusCode\": \"ad in r\",\n        \"StatusDesc\": \"fugiat et culpa\",\n        \"Severity\": \"Info\",\n        \"SvcProviderName\": \"veniam est laborum\",\n        \"ServerStatusCode\": \"ad ex\",\n        \"ServerStatusDesc\": \"dolor voluptate aute\",\n        \"OvrdExceptionInd\": false,\n        \"SubjectElement\": [\n          {\n            \"Path\": \"Duis labore dolor est\",\n            \"ServerPath\": \"nostrud dolore\",\n            \"Value\": \"eu sint sunt pariatur\"\n          },\n          {\n            \"Path\": \"id voluptate\",\n            \"ServerPath\": \"non cupidatat esse eiusmod Lorem\",\n            \"Value\": \"pariatur est minim cillum\"\n          }\n        ]\n      }\n    ]\n  }\n}","cookie":[],"_postman_previewlanguage":"json"}],"event":[],"protocolProfileBehavior":{"disableBodyPruning":true}}],"event":[],"variable":[{"type":"string","value":"/","key":"baseUrl"}],"info":{"_postman_id":"5fedcefc-0a17-40db-a13d-7c122847e1fa","name":"Party Account Relationship Service","schema":"https://schema.getpostman.com/json/collection/v2.1.0/collection.json","description":{"content":"Party account relationship service manages the nature of relationship between a party and a product account. It is used to indicate the primary contact and tax responsible parties as well as state the relationship type between the party and an account.","type":"text/plain"}}}