{"item":[{"id":"e95aa211-69d0-40fe-9f91-ffe5cf782360","name":"cardservice/cards/cards","item":[{"id":"9237540d-4db9-4503-aeba-591e81c91af8","name":"Update Card.","request":{"name":"Update Card.","description":{"content":"Modifies the information of an existing debit or credit card account, such as embossing details, flex data details, and account address and name details.<br>\n        <br>\n        For more information about the Cards domain, <a href=\"../docs/?path=docs/fintechs/cards.md\" title=\"Click to open\">click here.</a> <br><br>\n        <b>Relates to:</b>\n          <ul> \n            <li><a href=\"../docs/?path=docs/banks-and-CU/deposits.md\" title=\"Click to open\">Deposits</a></li>\n            <li><a href=\"../docs/?path=docs/banks-and-CU/loans.md\" title=\"Click to open\">Loans</a></li>\n            <li><a href=\"../docs/?path=docs/banks-and-CU/bank-servicing.md\" title=\"Click to open\">Bank Servicing</a></li>\n          </ul>","type":"text/plain"},"url":{"path":["cardservice","cards","cards"],"host":["{{baseUrl}}"],"query":[],"variable":[]},"header":[{"disabled":false,"description":"(Required) EFX Header is a common and required component for all API calls, it contains client-related parameters. Please note that the header parameters should be sent as a JSON object under the EFXHeader parameter. To view the list of header parameters, <a href=\"../docs?path=docs/api-ref-EFX-header.md\" title=\"Click to open\"> click here.</a>","key":"EFXHeader","value":"OrganizationId,<string>,TrnId,<string>,VendorId,<string>,Context,[object Object]"},{"key":"Content-Type","value":"application/json"},{"key":"Accept","value":"application/json"}],"method":"PUT","auth":null,"body":{"mode":"raw","raw":"{\n  \"CardInfo\": {\n    \"CardDtlStatus\": \"<string>\",\n    \"CardSurchargeOption\": \"<string>\",\n    \"CardFee\": [\n      {\n        \"CardFeeType\": \"<string>\",\n        \"WaiveFeeInd\": \"<boolean>\",\n        \"NextFeeDt\": \"<date>\"\n      },\n      {\n        \"CardFeeType\": \"<string>\",\n        \"WaiveFeeInd\": \"<boolean>\",\n        \"NextFeeDt\": \"<date>\"\n      }\n    ],\n    \"ExpDt\": \"<date>\",\n    \"ExpDay\": \"<string>\",\n    \"NextIssueDt\": \"<string>\",\n    \"CardCategory\": \"<string>\",\n    \"EmbossingName\": \"<string>\",\n    \"SecondaryEmbossingName\": \"<string>\",\n    \"EmbossingPrintOption\": \"<string>\",\n    \"CardTrnLimitInd\": \"<boolean>\",\n    \"CardTrnLimitCode\": \"<string>\",\n    \"CardTrnLimit\": [\n      {\n        \"TrnTypeValue\": \"<string>\",\n        \"TrnSrc\": \"<string>\",\n        \"LimitType\": \"<string>\",\n        \"CurAmt\": {\n          \"Amt\": \"<number>\",\n          \"CurCode\": {\n            \"CurCodeValue\": {\n              \"value\": \"<Error: Too many levels of nesting to fake this schema>\"\n            },\n            \"CurCodeType\": {\n              \"value\": \"<Error: Too many levels of nesting to fake this schema>\"\n            }\n          }\n        },\n        \"Percent\": \"<number>\",\n        \"TempTrnLimitExpDt\": \"<date>\"\n      },\n      {\n        \"TrnTypeValue\": \"<string>\",\n        \"TrnSrc\": \"<string>\",\n        \"LimitType\": \"<string>\",\n        \"CurAmt\": {\n          \"Amt\": \"<number>\",\n          \"CurCode\": {\n            \"CurCodeValue\": {\n              \"value\": \"<Error: Too many levels of nesting to fake this schema>\"\n            },\n            \"CurCodeType\": {\n              \"value\": \"<Error: Too many levels of nesting to fake this schema>\"\n            }\n          }\n        },\n        \"Percent\": \"<number>\",\n        \"TempTrnLimitExpDt\": \"<date>\"\n      }\n    ],\n    \"AllowWithdrawalDailyLimitInd\": \"<boolean>\",\n    \"AllowThirdPartyXferInd\": \"<boolean>\",\n    \"AllowInternetInd\": \"<boolean>\",\n    \"SwitchCardStatusRequest\": \"<string>\",\n    \"GenerateCardNum\": \"<string>\",\n    \"GenerateCardOrder\": \"<string>\",\n    \"GeneratePINMailer\": \"<string>\",\n    \"CardPref\": {\n      \"Language\": \"<string>\"\n    },\n    \"PreviousExpDt\": \"<string>\",\n    \"PreviousCardData\": {\n      \"ISOCode\": \"<string>\",\n      \"CardNum\": \"<string>\",\n      \"CardSeqNum\": \"<string>\",\n      \"CardType\": \"<string>\"\n    },\n    \"ReplacementCardData\": {\n      \"ISOCode\": \"<string>\",\n      \"CardNum\": \"<string>\",\n      \"CardSeqNum\": \"<string>\",\n      \"CardType\": \"<string>\"\n    },\n    \"UpdaterSvcOptOutInd\": \"<boolean>\",\n    \"ReissueCardStatus\": \"<string>\",\n    \"PINOffset\": \"<string>\",\n    \"PINInvalidEntryAllowedNum\": \"<long>\",\n    \"RefData\": [\n      {\n        \"RefType\": \"<string>\",\n        \"RefIdent\": \"<string>\"\n      },\n      {\n        \"RefType\": \"<string>\",\n        \"RefIdent\": \"<string>\"\n      }\n    ]\n  },\n  \"CardKeys\": {\n    \"CardId\": \"<string>\",\n    \"CardSeqNum\": \"<string>\"\n  }\n}","options":{"raw":{"language":"json"}}}},"response":[{"id":"ff215330-53a5-4dac-92fe-52f7ec5863b8","name":"Success","originalRequest":{"url":{"path":["cardservice","cards","cards"],"host":["{{baseUrl}}"],"query":[],"variable":[]},"header":[{"disabled":false,"description":"(Required) EFX Header is a common and required component for all API calls, it contains client-related parameters. Please note that the header parameters should be sent as a JSON object under the EFXHeader parameter. To view the list of header parameters, <a href=\"../docs?path=docs/api-ref-EFX-header.md\" title=\"Click to open\"> click here.</a>","key":"EFXHeader","value":"OrganizationId,<string>,TrnId,<string>,VendorId,<string>,Context,[object Object]"},{"key":"Accept","value":"application/json"}],"method":"PUT","body":{"mode":"raw","raw":"{\n  \"CardInfo\": {\n    \"CardDtlStatus\": \"<string>\",\n    \"CardSurchargeOption\": \"<string>\",\n    \"CardFee\": [\n      {\n        \"CardFeeType\": \"<string>\",\n        \"WaiveFeeInd\": \"<boolean>\",\n        \"NextFeeDt\": \"<date>\"\n      },\n      {\n        \"CardFeeType\": \"<string>\",\n        \"WaiveFeeInd\": \"<boolean>\",\n        \"NextFeeDt\": \"<date>\"\n      }\n    ],\n    \"ExpDt\": \"<date>\",\n    \"ExpDay\": \"<string>\",\n    \"NextIssueDt\": \"<string>\",\n    \"CardCategory\": \"<string>\",\n    \"EmbossingName\": \"<string>\",\n    \"SecondaryEmbossingName\": \"<string>\",\n    \"EmbossingPrintOption\": \"<string>\",\n    \"CardTrnLimitInd\": \"<boolean>\",\n    \"CardTrnLimitCode\": \"<string>\",\n    \"CardTrnLimit\": [\n      {\n        \"TrnTypeValue\": \"<string>\",\n        \"TrnSrc\": \"<string>\",\n        \"LimitType\": \"<string>\",\n        \"CurAmt\": {\n          \"Amt\": \"<number>\",\n          \"CurCode\": {\n            \"CurCodeValue\": {\n              \"value\": \"<Error: Too many levels of nesting to fake this schema>\"\n            },\n            \"CurCodeType\": {\n              \"value\": \"<Error: Too many levels of nesting to fake this schema>\"\n            }\n          }\n        },\n        \"Percent\": \"<number>\",\n        \"TempTrnLimitExpDt\": \"<date>\"\n      },\n      {\n        \"TrnTypeValue\": \"<string>\",\n        \"TrnSrc\": \"<string>\",\n        \"LimitType\": \"<string>\",\n        \"CurAmt\": {\n          \"Amt\": \"<number>\",\n          \"CurCode\": {\n            \"CurCodeValue\": {\n              \"value\": \"<Error: Too many levels of nesting to fake this schema>\"\n            },\n            \"CurCodeType\": {\n              \"value\": \"<Error: Too many levels of nesting to fake this schema>\"\n            }\n          }\n        },\n        \"Percent\": \"<number>\",\n        \"TempTrnLimitExpDt\": \"<date>\"\n      }\n    ],\n    \"AllowWithdrawalDailyLimitInd\": \"<boolean>\",\n    \"AllowThirdPartyXferInd\": \"<boolean>\",\n    \"AllowInternetInd\": \"<boolean>\",\n    \"SwitchCardStatusRequest\": \"<string>\",\n    \"GenerateCardNum\": \"<string>\",\n    \"GenerateCardOrder\": \"<string>\",\n    \"GeneratePINMailer\": \"<string>\",\n    \"CardPref\": {\n      \"Language\": \"<string>\"\n    },\n    \"PreviousExpDt\": \"<string>\",\n    \"PreviousCardData\": {\n      \"ISOCode\": \"<string>\",\n      \"CardNum\": \"<string>\",\n      \"CardSeqNum\": \"<string>\",\n      \"CardType\": \"<string>\"\n    },\n    \"ReplacementCardData\": {\n      \"ISOCode\": \"<string>\",\n      \"CardNum\": \"<string>\",\n      \"CardSeqNum\": \"<string>\",\n      \"CardType\": \"<string>\"\n    },\n    \"UpdaterSvcOptOutInd\": \"<boolean>\",\n    \"ReissueCardStatus\": \"<string>\",\n    \"PINOffset\": \"<string>\",\n    \"PINInvalidEntryAllowedNum\": \"<long>\",\n    \"RefData\": [\n      {\n        \"RefType\": \"<string>\",\n        \"RefIdent\": \"<string>\"\n      },\n      {\n        \"RefType\": \"<string>\",\n        \"RefIdent\": \"<string>\"\n      }\n    ]\n  },\n  \"CardKeys\": {\n    \"CardId\": \"<string>\",\n    \"CardSeqNum\": \"<string>\"\n  }\n}","options":{"raw":{"language":"json"}}}},"status":"OK","code":200,"header":[{"key":"Content-Type","value":"application/json"}],"body":"{\n  \"CardStatusRec\": {\n    \"CardKeys\": {\n      \"CardId\": \"nulla ea qui\",\n      \"CardSeqNum\": \"t\"\n    },\n    \"CardStatus\": {\n      \"CardStatusCode\": \"Valid\",\n      \"EffDt\": \"6915-34-68T52:80\"\n    }\n  },\n  \"Status\": {\n    \"Severity\": \"Warning\",\n    \"StatusCode\": \"tempor \",\n    \"StatusDesc\": \"dolor\",\n    \"SvcProviderName\": \"sint velit enim laboris\",\n    \"Id\": \"ex do tempor ut\",\n    \"ServerStatusCode\": \"non \",\n    \"ServerStatusDesc\": \"ad consectetur fugiat id\",\n    \"OvrdExceptionInd\": false,\n    \"SubjectRole\": \"nisi dolore aute pariatur\",\n    \"SubjectElement\": [\n      {\n        \"Path\": \"nostrud nulla fugiat tempor eu\",\n        \"ServerPath\": \"voluptate veniam nisi pariatur qui\",\n        \"Value\": \"proident reprehenderit\"\n      },\n      {\n        \"Path\": \"nulla\",\n        \"ServerPath\": \"sint esse eu sit eiusmod\",\n        \"Value\": \"dolore irure commodo ad cillum\"\n      }\n    ],\n    \"ContentHTML\": \"quis aliqua\",\n    \"AdditionalStatus\": [\n      {\n        \"StatusCode\": \"o\",\n        \"StatusDesc\": \"sit aliqua amet\",\n        \"Severity\": \"Info\",\n        \"SvcProviderName\": \"sunt\",\n        \"ServerStatusCode\": \"et velit L\",\n        \"ServerStatusDesc\": \"esse voluptate\",\n        \"OvrdExceptionInd\": false,\n        \"SubjectElement\": [\n          {\n            \"Path\": \"esse ipsum ea\",\n            \"ServerPath\": \"dolore culpa consectetur consequat\",\n            \"Value\": \"incididunt Excepteur in nisi\"\n          },\n          {\n            \"Path\": \"est in quis pariatur\",\n            \"ServerPath\": \"amet sint veniam in\",\n            \"Value\": \"aliqua do ex\"\n          }\n        ]\n      },\n      {\n        \"StatusCode\": \"sit labor\",\n        \"StatusDesc\": \"Lorem incididunt Duis cupidatat\",\n        \"Severity\": \"Info\",\n        \"SvcProviderName\": \"exercitation quis\",\n        \"ServerStatusCode\": \"reprehenderit mo\",\n        \"ServerStatusDesc\": \"sed non qui\",\n        \"OvrdExceptionInd\": false,\n        \"SubjectElement\": [\n          {\n            \"Path\": \"est\",\n            \"ServerPath\": \"in aliqua\",\n            \"Value\": \"proident amet\"\n          },\n          {\n            \"Path\": \"elit Lorem pariatur veniam\",\n            \"ServerPath\": \"tempor eu qui ullamco\",\n            \"Value\": \"cupidatat aute dolore\"\n          }\n        ]\n      }\n    ]\n  }\n}","cookie":[],"_postman_previewlanguage":"json"},{"id":"5c98ccf1-f24b-482d-b610-05c79f43544d","name":"To view the complete list of response codes, <a href=\"../docs/?path=docs/response-codes.md\" title=\"Click to open\">click here.</a>","originalRequest":{"url":{"path":["cardservice","cards","cards"],"host":["{{baseUrl}}"],"query":[],"variable":[]},"header":[{"disabled":false,"description":"(Required) EFX Header is a common and required component for all API calls, it contains client-related parameters. Please note that the header parameters should be sent as a JSON object under the EFXHeader parameter. To view the list of header parameters, <a href=\"../docs?path=docs/api-ref-EFX-header.md\" title=\"Click to open\"> click here.</a>","key":"EFXHeader","value":"OrganizationId,<string>,TrnId,<string>,VendorId,<string>,Context,[object Object]"},{"key":"Accept","value":"application/json"}],"method":"PUT","body":{"mode":"raw","raw":"{\n  \"CardInfo\": {\n    \"CardDtlStatus\": \"<string>\",\n    \"CardSurchargeOption\": \"<string>\",\n    \"CardFee\": [\n      {\n        \"CardFeeType\": \"<string>\",\n        \"WaiveFeeInd\": \"<boolean>\",\n        \"NextFeeDt\": \"<date>\"\n      },\n      {\n        \"CardFeeType\": \"<string>\",\n        \"WaiveFeeInd\": \"<boolean>\",\n        \"NextFeeDt\": \"<date>\"\n      }\n    ],\n    \"ExpDt\": \"<date>\",\n    \"ExpDay\": \"<string>\",\n    \"NextIssueDt\": \"<string>\",\n    \"CardCategory\": \"<string>\",\n    \"EmbossingName\": \"<string>\",\n    \"SecondaryEmbossingName\": \"<string>\",\n    \"EmbossingPrintOption\": \"<string>\",\n    \"CardTrnLimitInd\": \"<boolean>\",\n    \"CardTrnLimitCode\": \"<string>\",\n    \"CardTrnLimit\": [\n      {\n        \"TrnTypeValue\": \"<string>\",\n        \"TrnSrc\": \"<string>\",\n        \"LimitType\": \"<string>\",\n        \"CurAmt\": {\n          \"Amt\": \"<number>\",\n          \"CurCode\": {\n            \"CurCodeValue\": {\n              \"value\": \"<Error: Too many levels of nesting to fake this schema>\"\n            },\n            \"CurCodeType\": {\n              \"value\": \"<Error: Too many levels of nesting to fake this schema>\"\n            }\n          }\n        },\n        \"Percent\": \"<number>\",\n        \"TempTrnLimitExpDt\": \"<date>\"\n      },\n      {\n        \"TrnTypeValue\": \"<string>\",\n        \"TrnSrc\": \"<string>\",\n        \"LimitType\": \"<string>\",\n        \"CurAmt\": {\n          \"Amt\": \"<number>\",\n          \"CurCode\": {\n            \"CurCodeValue\": {\n              \"value\": \"<Error: Too many levels of nesting to fake this schema>\"\n            },\n            \"CurCodeType\": {\n              \"value\": \"<Error: Too many levels of nesting to fake this schema>\"\n            }\n          }\n        },\n        \"Percent\": \"<number>\",\n        \"TempTrnLimitExpDt\": \"<date>\"\n      }\n    ],\n    \"AllowWithdrawalDailyLimitInd\": \"<boolean>\",\n    \"AllowThirdPartyXferInd\": \"<boolean>\",\n    \"AllowInternetInd\": \"<boolean>\",\n    \"SwitchCardStatusRequest\": \"<string>\",\n    \"GenerateCardNum\": \"<string>\",\n    \"GenerateCardOrder\": \"<string>\",\n    \"GeneratePINMailer\": \"<string>\",\n    \"CardPref\": {\n      \"Language\": \"<string>\"\n    },\n    \"PreviousExpDt\": \"<string>\",\n    \"PreviousCardData\": {\n      \"ISOCode\": \"<string>\",\n      \"CardNum\": \"<string>\",\n      \"CardSeqNum\": \"<string>\",\n      \"CardType\": \"<string>\"\n    },\n    \"ReplacementCardData\": {\n      \"ISOCode\": \"<string>\",\n      \"CardNum\": \"<string>\",\n      \"CardSeqNum\": \"<string>\",\n      \"CardType\": \"<string>\"\n    },\n    \"UpdaterSvcOptOutInd\": \"<boolean>\",\n    \"ReissueCardStatus\": \"<string>\",\n    \"PINOffset\": \"<string>\",\n    \"PINInvalidEntryAllowedNum\": \"<long>\",\n    \"RefData\": [\n      {\n        \"RefType\": \"<string>\",\n        \"RefIdent\": \"<string>\"\n      },\n      {\n        \"RefType\": \"<string>\",\n        \"RefIdent\": \"<string>\"\n      }\n    ]\n  },\n  \"CardKeys\": {\n    \"CardId\": \"<string>\",\n    \"CardSeqNum\": \"<string>\"\n  }\n}","options":{"raw":{"language":"json"}}}},"status":"Internal Server Error","code":500,"header":[{"key":"Content-Type","value":"application/json"}],"body":"{\n  \"CardStatusRec\": {\n    \"CardKeys\": {\n      \"CardId\": \"magna dolor esse\",\n      \"CardSeqNum\": \"et\"\n    },\n    \"CardStatus\": {\n      \"CardStatusCode\": \"Valid\",\n      \"EffDt\": \"8073-09-96\"\n    }\n  },\n  \"Status\": {\n    \"Severity\": \"Error\",\n    \"StatusCode\": \"pariatur commod\",\n    \"StatusDesc\": \"cupidatat ex\",\n    \"SvcProviderName\": \"eiusmod labore veniam\",\n    \"Id\": \"aliquip adipisicing ut id\",\n    \"ServerStatusCode\": \"aliquip \",\n    \"ServerStatusDesc\": \"commodo dolor\",\n    \"OvrdExceptionInd\": true,\n    \"SubjectRole\": \"nisi\",\n    \"SubjectElement\": [\n      {\n        \"Path\": \"anim voluptate\",\n        \"ServerPath\": \"Excepteur minim in\",\n        \"Value\": \"Ut non amet\"\n      },\n      {\n        \"Path\": \"dolor velit\",\n        \"ServerPath\": \"magna ex\",\n        \"Value\": \"reprehenderit veniam tempor in\"\n      }\n    ],\n    \"ContentHTML\": \"proident dolore dolore est\",\n    \"AdditionalStatus\": [\n      {\n        \"StatusCode\": \"offi\",\n        \"StatusDesc\": \"dolore non\",\n        \"Severity\": \"Error\",\n        \"SvcProviderName\": \"deserunt\",\n        \"ServerStatusCode\": \"sed amet consect\",\n        \"ServerStatusDesc\": \"culpa ea\",\n        \"OvrdExceptionInd\": false,\n        \"SubjectElement\": [\n          {\n            \"Path\": \"exercitation et\",\n            \"ServerPath\": \"commodo ipsum aute\",\n            \"Value\": \"d\"\n          },\n          {\n            \"Path\": \"ullamco eiusmod\",\n            \"ServerPath\": \"officia quis enim veniam\",\n            \"Value\": \"veniam reprehenderit minim\"\n          }\n        ]\n      },\n      {\n        \"StatusCode\": \"nisi \",\n        \"StatusDesc\": \"commodo\",\n        \"Severity\": \"Info\",\n        \"SvcProviderName\": \"aliqua irure exercitation aute\",\n        \"ServerStatusCode\": \"dol\",\n        \"ServerStatusDesc\": \"nisi proident officia ipsum occaecat\",\n        \"OvrdExceptionInd\": true,\n        \"SubjectElement\": [\n          {\n            \"Path\": \"consectetur sunt\",\n            \"ServerPath\": \"nulla eu nisi fugiat in\",\n            \"Value\": \"labore\"\n          },\n          {\n            \"Path\": \"magna dolore irure\",\n            \"ServerPath\": \"enim\",\n            \"Value\": \"eiusmod est aliqua\"\n          }\n        ]\n      }\n    ]\n  }\n}","cookie":[],"_postman_previewlanguage":"json"}],"event":[],"protocolProfileBehavior":{"disableBodyPruning":true}},{"id":"c3585e74-5fea-4108-ac47-b922b4d27dc4","name":"Add Card","request":{"name":"Add Card","description":{"content":"Creates a new EFT card account (debit or credit) for one or multiple parties. EFT Cards are plastic cards used for electronic transactions. \n        <br><br>\n        For more information about the Cards domain, <a href=\"../docs/?path=docs/fintechs/cards.md\" title=\"Click to open\">click here.</a> \n        <br><br>\n        <b>Relates to:</b>\n          <ul> \n            <li><a href=\"../docs/?path=docs/banks-and-CU/deposits.md\" title=\"Click to open\">Deposits</a></li>\n            <li><a href=\"../docs/?path=docs/banks-and-CU/loans.md\" title=\"Click to open\">Loans</a></li>\n            <li><a href=\"../docs/?path=docs/banks-and-CU/bank-servicing.md\" title=\"Click to open\">Bank Servicing</a></li>\n          </ul>","type":"text/plain"},"url":{"path":["cardservice","cards","cards"],"host":["{{baseUrl}}"],"query":[],"variable":[]},"header":[{"disabled":false,"description":"(Required) EFX Header is a common and required component for all API calls, it contains client-related parameters. Please note that the header parameters should be sent as a JSON object under the EFXHeader parameter. To view the list of header parameters, <a href=\"../docs?path=docs/api-ref-EFX-header.md\" title=\"Click to open\"> click here.</a>","key":"EFXHeader","value":"OrganizationId,<string>,TrnId,<string>,VendorId,<string>,Context,[object Object]"},{"key":"Content-Type","value":"application/json"},{"key":"Accept","value":"application/json"}],"method":"POST","auth":null,"body":{"mode":"raw","raw":"{\n  \"CardInfo\": {\n    \"CardNum\": \"<string>\",\n    \"CardSeqNum\": \"<string>\",\n    \"CardType\": \"<string>\",\n    \"ProductIdent\": \"<string>\",\n    \"CardDtlStatus\": \"<string>\",\n    \"CardSurchargeOption\": \"<string>\",\n    \"CardFee\": [\n      {\n        \"CardFeeType\": \"<string>\",\n        \"WaiveFeeInd\": \"<boolean>\",\n        \"NextFeeDt\": \"<date>\"\n      },\n      {\n        \"CardFeeType\": \"<string>\",\n        \"WaiveFeeInd\": \"<boolean>\",\n        \"NextFeeDt\": \"<date>\"\n      }\n    ],\n    \"ExpDt\": \"<date>\",\n    \"ExpDay\": \"<string>\",\n    \"NextIssueDt\": \"<string>\",\n    \"CardCategory\": \"<string>\",\n    \"EmbossingName\": \"<string>\",\n    \"SecondaryEmbossingName\": \"<string>\",\n    \"EmbossingPrintOption\": \"<string>\",\n    \"CardTrnLimitInd\": \"<boolean>\",\n    \"CardTrnLimitCode\": \"<string>\",\n    \"CardTrnLimit\": [\n      {\n        \"TrnTypeValue\": \"<string>\",\n        \"TrnSrc\": \"<string>\",\n        \"LimitType\": \"<string>\",\n        \"CurAmt\": {\n          \"Amt\": \"<number>\",\n          \"CurCode\": {\n            \"CurCodeValue\": {\n              \"value\": \"<Error: Too many levels of nesting to fake this schema>\"\n            },\n            \"CurCodeType\": {\n              \"value\": \"<Error: Too many levels of nesting to fake this schema>\"\n            }\n          }\n        },\n        \"Percent\": \"<number>\",\n        \"TempTrnLimitExpDt\": \"<date>\"\n      },\n      {\n        \"TrnTypeValue\": \"<string>\",\n        \"TrnSrc\": \"<string>\",\n        \"LimitType\": \"<string>\",\n        \"CurAmt\": {\n          \"Amt\": \"<number>\",\n          \"CurCode\": {\n            \"CurCodeValue\": {\n              \"value\": \"<Error: Too many levels of nesting to fake this schema>\"\n            },\n            \"CurCodeType\": {\n              \"value\": \"<Error: Too many levels of nesting to fake this schema>\"\n            }\n          }\n        },\n        \"Percent\": \"<number>\",\n        \"TempTrnLimitExpDt\": \"<date>\"\n      }\n    ],\n    \"AllowWithdrawalDailyLimitInd\": \"<boolean>\",\n    \"AllowThirdPartyXferInd\": \"<boolean>\",\n    \"AllowInternetInd\": \"<boolean>\",\n    \"GenerateCardNum\": \"<string>\",\n    \"GenerateCardOrder\": \"<string>\",\n    \"GeneratePINMailer\": \"<string>\",\n    \"CardPref\": {\n      \"Language\": \"<string>\"\n    },\n    \"PreviousExpDt\": \"<string>\",\n    \"PreviousCardData\": {\n      \"ISOCode\": \"<string>\",\n      \"CardNum\": \"<string>\",\n      \"CardSeqNum\": \"<string>\",\n      \"CardType\": \"<string>\"\n    },\n    \"UpdaterSvcOptOutInd\": \"<boolean>\",\n    \"PINOffset\": \"<string>\",\n    \"PINInvalidEntryAllowedNum\": \"<long>\",\n    \"RefData\": [\n      {\n        \"RefType\": \"<string>\",\n        \"RefIdent\": \"<string>\"\n      },\n      {\n        \"RefType\": \"<string>\",\n        \"RefIdent\": \"<string>\"\n      }\n    ],\n    \"AcctLinkData\": [\n      {\n        \"AcctRef\": {\n          \"AcctKeys\": {\n            \"AcctId\": {\n              \"value\": \"<Error: Too many levels of nesting to fake this schema>\"\n            },\n            \"AcctType\": {\n              \"value\": \"<Error: Too many levels of nesting to fake this schema>\"\n            }\n          }\n        },\n        \"OtherAcctRel\": \"<long>\",\n        \"FinancialTrnOption\": \"<string>\"\n      },\n      {\n        \"AcctRef\": {\n          \"AcctKeys\": {\n            \"AcctId\": {\n              \"value\": \"<Error: Too many levels of nesting to fake this schema>\"\n            },\n            \"AcctType\": {\n              \"value\": \"<Error: Too many levels of nesting to fake this schema>\"\n            }\n          }\n        },\n        \"OtherAcctRel\": \"<long>\",\n        \"FinancialTrnOption\": \"<string>\"\n      }\n    ]\n  },\n  \"PartyCardRelInfo\": [\n    {\n      \"PartyCardRelType\": \"<string>\",\n      \"PartyRef\": {\n        \"PartyKeys\": {\n          \"PartyId\": \"<string>\"\n        }\n      }\n    },\n    {\n      \"PartyCardRelType\": \"<string>\",\n      \"PartyRef\": {\n        \"PartyKeys\": {\n          \"PartyId\": \"<string>\"\n        }\n      }\n    }\n  ]\n}","options":{"raw":{"language":"json"}}}},"response":[{"id":"122839dc-f4d6-4c02-bba5-ba3f69ba2f6c","name":"Created","originalRequest":{"url":{"path":["cardservice","cards","cards"],"host":["{{baseUrl}}"],"query":[],"variable":[]},"header":[{"disabled":false,"description":"(Required) EFX Header is a common and required component for all API calls, it contains client-related parameters. Please note that the header parameters should be sent as a JSON object under the EFXHeader parameter. To view the list of header parameters, <a href=\"../docs?path=docs/api-ref-EFX-header.md\" title=\"Click to open\"> click here.</a>","key":"EFXHeader","value":"OrganizationId,<string>,TrnId,<string>,VendorId,<string>,Context,[object Object]"},{"key":"Accept","value":"application/json"}],"method":"POST","body":{"mode":"raw","raw":"{\n  \"CardInfo\": {\n    \"CardNum\": \"<string>\",\n    \"CardSeqNum\": \"<string>\",\n    \"CardType\": \"<string>\",\n    \"ProductIdent\": \"<string>\",\n    \"CardDtlStatus\": \"<string>\",\n    \"CardSurchargeOption\": \"<string>\",\n    \"CardFee\": [\n      {\n        \"CardFeeType\": \"<string>\",\n        \"WaiveFeeInd\": \"<boolean>\",\n        \"NextFeeDt\": \"<date>\"\n      },\n      {\n        \"CardFeeType\": \"<string>\",\n        \"WaiveFeeInd\": \"<boolean>\",\n        \"NextFeeDt\": \"<date>\"\n      }\n    ],\n    \"ExpDt\": \"<date>\",\n    \"ExpDay\": \"<string>\",\n    \"NextIssueDt\": \"<string>\",\n    \"CardCategory\": \"<string>\",\n    \"EmbossingName\": \"<string>\",\n    \"SecondaryEmbossingName\": \"<string>\",\n    \"EmbossingPrintOption\": \"<string>\",\n    \"CardTrnLimitInd\": \"<boolean>\",\n    \"CardTrnLimitCode\": \"<string>\",\n    \"CardTrnLimit\": [\n      {\n        \"TrnTypeValue\": \"<string>\",\n        \"TrnSrc\": \"<string>\",\n        \"LimitType\": \"<string>\",\n        \"CurAmt\": {\n          \"Amt\": \"<number>\",\n          \"CurCode\": {\n            \"CurCodeValue\": {\n              \"value\": \"<Error: Too many levels of nesting to fake this schema>\"\n            },\n            \"CurCodeType\": {\n              \"value\": \"<Error: Too many levels of nesting to fake this schema>\"\n            }\n          }\n        },\n        \"Percent\": \"<number>\",\n        \"TempTrnLimitExpDt\": \"<date>\"\n      },\n      {\n        \"TrnTypeValue\": \"<string>\",\n        \"TrnSrc\": \"<string>\",\n        \"LimitType\": \"<string>\",\n        \"CurAmt\": {\n          \"Amt\": \"<number>\",\n          \"CurCode\": {\n            \"CurCodeValue\": {\n              \"value\": \"<Error: Too many levels of nesting to fake this schema>\"\n            },\n            \"CurCodeType\": {\n              \"value\": \"<Error: Too many levels of nesting to fake this schema>\"\n            }\n          }\n        },\n        \"Percent\": \"<number>\",\n        \"TempTrnLimitExpDt\": \"<date>\"\n      }\n    ],\n    \"AllowWithdrawalDailyLimitInd\": \"<boolean>\",\n    \"AllowThirdPartyXferInd\": \"<boolean>\",\n    \"AllowInternetInd\": \"<boolean>\",\n    \"GenerateCardNum\": \"<string>\",\n    \"GenerateCardOrder\": \"<string>\",\n    \"GeneratePINMailer\": \"<string>\",\n    \"CardPref\": {\n      \"Language\": \"<string>\"\n    },\n    \"PreviousExpDt\": \"<string>\",\n    \"PreviousCardData\": {\n      \"ISOCode\": \"<string>\",\n      \"CardNum\": \"<string>\",\n      \"CardSeqNum\": \"<string>\",\n      \"CardType\": \"<string>\"\n    },\n    \"UpdaterSvcOptOutInd\": \"<boolean>\",\n    \"PINOffset\": \"<string>\",\n    \"PINInvalidEntryAllowedNum\": \"<long>\",\n    \"RefData\": [\n      {\n        \"RefType\": \"<string>\",\n        \"RefIdent\": \"<string>\"\n      },\n      {\n        \"RefType\": \"<string>\",\n        \"RefIdent\": \"<string>\"\n      }\n    ],\n    \"AcctLinkData\": [\n      {\n        \"AcctRef\": {\n          \"AcctKeys\": {\n            \"AcctId\": {\n              \"value\": \"<Error: Too many levels of nesting to fake this schema>\"\n            },\n            \"AcctType\": {\n              \"value\": \"<Error: Too many levels of nesting to fake this schema>\"\n            }\n          }\n        },\n        \"OtherAcctRel\": \"<long>\",\n        \"FinancialTrnOption\": \"<string>\"\n      },\n      {\n        \"AcctRef\": {\n          \"AcctKeys\": {\n            \"AcctId\": {\n              \"value\": \"<Error: Too many levels of nesting to fake this schema>\"\n            },\n            \"AcctType\": {\n              \"value\": \"<Error: Too many levels of nesting to fake this schema>\"\n            }\n          }\n        },\n        \"OtherAcctRel\": \"<long>\",\n        \"FinancialTrnOption\": \"<string>\"\n      }\n    ]\n  },\n  \"PartyCardRelInfo\": [\n    {\n      \"PartyCardRelType\": \"<string>\",\n      \"PartyRef\": {\n        \"PartyKeys\": {\n          \"PartyId\": \"<string>\"\n        }\n      }\n    },\n    {\n      \"PartyCardRelType\": \"<string>\",\n      \"PartyRef\": {\n        \"PartyKeys\": {\n          \"PartyId\": \"<string>\"\n        }\n      }\n    }\n  ]\n}","options":{"raw":{"language":"json"}}}},"status":"Created","code":201,"header":[{"key":"Content-Type","value":"application/json"}],"body":"{\n  \"CardStatusRec\": {\n    \"CardKeys\": {\n      \"CardId\": \"aliqua culp\",\n      \"CardSeqNum\": \"pro\"\n    },\n    \"CardStatus\": {\n      \"CardStatusCode\": \"Valid\",\n      \"EffDt\": \"2493-99-78\"\n    }\n  },\n  \"Status\": {\n    \"Severity\": \"Info\",\n    \"StatusCode\": \"Ut\",\n    \"StatusDesc\": \"minim\",\n    \"SvcProviderName\": \"anim cillum culpa irure\",\n    \"Id\": \"enim\",\n    \"ServerStatusCode\": \"eiu\",\n    \"ServerStatusDesc\": \"ullamco velit sunt eiusmod\",\n    \"OvrdExceptionInd\": true,\n    \"SubjectRole\": \"reprehenderit sint Lorem\",\n    \"SubjectElement\": [\n      {\n        \"Path\": \"laborum commodo sunt ea\",\n        \"ServerPath\": \"reprehenderit consectetur cupidatat adipisicing\",\n        \"Value\": \"eiusmod elit ea\"\n      },\n      {\n        \"Path\": \"cillum irure pariatur\",\n        \"ServerPath\": \"consectetur\",\n        \"Value\": \"Excepteur ut\"\n      }\n    ],\n    \"ContentHTML\": \"consequat sed voluptate in quis\",\n    \"AdditionalStatus\": [\n      {\n        \"StatusCode\": \"e\",\n        \"StatusDesc\": \"in\",\n        \"Severity\": \"Info\",\n        \"SvcProviderName\": \"incididunt consectetur ullamco voluptate\",\n        \"ServerStatusCode\": \"culpa \",\n        \"ServerStatusDesc\": \"cupidatat laborum\",\n        \"OvrdExceptionInd\": false,\n        \"SubjectElement\": [\n          {\n            \"Path\": \"nostrud enim quis\",\n            \"ServerPath\": \"pariatur nulla\",\n            \"Value\": \"dolore commodo laborum minim\"\n          },\n          {\n            \"Path\": \"elit\",\n            \"ServerPath\": \"cillum sit irure\",\n            \"Value\": \"fug\"\n          }\n        ]\n      },\n      {\n        \"StatusCode\": \"laboris cillum \",\n        \"StatusDesc\": \"Duis\",\n        \"Severity\": \"Info\",\n        \"SvcProviderName\": \"nisi et dolor\",\n        \"ServerStatusCode\": \"sint \",\n        \"ServerStatusDesc\": \"culpa occaecat amet commodo fugiat\",\n        \"OvrdExceptionInd\": false,\n        \"SubjectElement\": [\n          {\n            \"Path\": \"anim\",\n            \"ServerPath\": \"incididunt id nostrud\",\n            \"Value\": \"sit laborum incididunt\"\n          },\n          {\n            \"Path\": \"ut fugiat cupidatat consequat nisi\",\n            \"ServerPath\": \"n\",\n            \"Value\": \"ut in\"\n          }\n        ]\n      }\n    ]\n  }\n}","cookie":[],"_postman_previewlanguage":"json"},{"id":"f76125fd-695c-4d28-97c6-dd42ff3867c4","name":"To view the complete list of response codes, <a href=\"../docs/?path=docs/response-codes.md\" title=\"Click to open\">click here.</a>","originalRequest":{"url":{"path":["cardservice","cards","cards"],"host":["{{baseUrl}}"],"query":[],"variable":[]},"header":[{"disabled":false,"description":"(Required) EFX Header is a common and required component for all API calls, it contains client-related parameters. Please note that the header parameters should be sent as a JSON object under the EFXHeader parameter. To view the list of header parameters, <a href=\"../docs?path=docs/api-ref-EFX-header.md\" title=\"Click to open\"> click here.</a>","key":"EFXHeader","value":"OrganizationId,<string>,TrnId,<string>,VendorId,<string>,Context,[object Object]"},{"key":"Accept","value":"application/json"}],"method":"POST","body":{"mode":"raw","raw":"{\n  \"CardInfo\": {\n    \"CardNum\": \"<string>\",\n    \"CardSeqNum\": \"<string>\",\n    \"CardType\": \"<string>\",\n    \"ProductIdent\": \"<string>\",\n    \"CardDtlStatus\": \"<string>\",\n    \"CardSurchargeOption\": \"<string>\",\n    \"CardFee\": [\n      {\n        \"CardFeeType\": \"<string>\",\n        \"WaiveFeeInd\": \"<boolean>\",\n        \"NextFeeDt\": \"<date>\"\n      },\n      {\n        \"CardFeeType\": \"<string>\",\n        \"WaiveFeeInd\": \"<boolean>\",\n        \"NextFeeDt\": \"<date>\"\n      }\n    ],\n    \"ExpDt\": \"<date>\",\n    \"ExpDay\": \"<string>\",\n    \"NextIssueDt\": \"<string>\",\n    \"CardCategory\": \"<string>\",\n    \"EmbossingName\": \"<string>\",\n    \"SecondaryEmbossingName\": \"<string>\",\n    \"EmbossingPrintOption\": \"<string>\",\n    \"CardTrnLimitInd\": \"<boolean>\",\n    \"CardTrnLimitCode\": \"<string>\",\n    \"CardTrnLimit\": [\n      {\n        \"TrnTypeValue\": \"<string>\",\n        \"TrnSrc\": \"<string>\",\n        \"LimitType\": \"<string>\",\n        \"CurAmt\": {\n          \"Amt\": \"<number>\",\n          \"CurCode\": {\n            \"CurCodeValue\": {\n              \"value\": \"<Error: Too many levels of nesting to fake this schema>\"\n            },\n            \"CurCodeType\": {\n              \"value\": \"<Error: Too many levels of nesting to fake this schema>\"\n            }\n          }\n        },\n        \"Percent\": \"<number>\",\n        \"TempTrnLimitExpDt\": \"<date>\"\n      },\n      {\n        \"TrnTypeValue\": \"<string>\",\n        \"TrnSrc\": \"<string>\",\n        \"LimitType\": \"<string>\",\n        \"CurAmt\": {\n          \"Amt\": \"<number>\",\n          \"CurCode\": {\n            \"CurCodeValue\": {\n              \"value\": \"<Error: Too many levels of nesting to fake this schema>\"\n            },\n            \"CurCodeType\": {\n              \"value\": \"<Error: Too many levels of nesting to fake this schema>\"\n            }\n          }\n        },\n        \"Percent\": \"<number>\",\n        \"TempTrnLimitExpDt\": \"<date>\"\n      }\n    ],\n    \"AllowWithdrawalDailyLimitInd\": \"<boolean>\",\n    \"AllowThirdPartyXferInd\": \"<boolean>\",\n    \"AllowInternetInd\": \"<boolean>\",\n    \"GenerateCardNum\": \"<string>\",\n    \"GenerateCardOrder\": \"<string>\",\n    \"GeneratePINMailer\": \"<string>\",\n    \"CardPref\": {\n      \"Language\": \"<string>\"\n    },\n    \"PreviousExpDt\": \"<string>\",\n    \"PreviousCardData\": {\n      \"ISOCode\": \"<string>\",\n      \"CardNum\": \"<string>\",\n      \"CardSeqNum\": \"<string>\",\n      \"CardType\": \"<string>\"\n    },\n    \"UpdaterSvcOptOutInd\": \"<boolean>\",\n    \"PINOffset\": \"<string>\",\n    \"PINInvalidEntryAllowedNum\": \"<long>\",\n    \"RefData\": [\n      {\n        \"RefType\": \"<string>\",\n        \"RefIdent\": \"<string>\"\n      },\n      {\n        \"RefType\": \"<string>\",\n        \"RefIdent\": \"<string>\"\n      }\n    ],\n    \"AcctLinkData\": [\n      {\n        \"AcctRef\": {\n          \"AcctKeys\": {\n            \"AcctId\": {\n              \"value\": \"<Error: Too many levels of nesting to fake this schema>\"\n            },\n            \"AcctType\": {\n              \"value\": \"<Error: Too many levels of nesting to fake this schema>\"\n            }\n          }\n        },\n        \"OtherAcctRel\": \"<long>\",\n        \"FinancialTrnOption\": \"<string>\"\n      },\n      {\n        \"AcctRef\": {\n          \"AcctKeys\": {\n            \"AcctId\": {\n              \"value\": \"<Error: Too many levels of nesting to fake this schema>\"\n            },\n            \"AcctType\": {\n              \"value\": \"<Error: Too many levels of nesting to fake this schema>\"\n            }\n          }\n        },\n        \"OtherAcctRel\": \"<long>\",\n        \"FinancialTrnOption\": \"<string>\"\n      }\n    ]\n  },\n  \"PartyCardRelInfo\": [\n    {\n      \"PartyCardRelType\": \"<string>\",\n      \"PartyRef\": {\n        \"PartyKeys\": {\n          \"PartyId\": \"<string>\"\n        }\n      }\n    },\n    {\n      \"PartyCardRelType\": \"<string>\",\n      \"PartyRef\": {\n        \"PartyKeys\": {\n          \"PartyId\": \"<string>\"\n        }\n      }\n    }\n  ]\n}","options":{"raw":{"language":"json"}}}},"status":"Internal Server Error","code":500,"header":[{"key":"Content-Type","value":"application/json"}],"body":"{\n  \"CardStatusRec\": {\n    \"CardKeys\": {\n      \"CardId\": \"aliqua culp\",\n      \"CardSeqNum\": \"pro\"\n    },\n    \"CardStatus\": {\n      \"CardStatusCode\": \"Valid\",\n      \"EffDt\": \"2493-99-78\"\n    }\n  },\n  \"Status\": {\n    \"Severity\": \"Info\",\n    \"StatusCode\": \"Ut\",\n    \"StatusDesc\": \"minim\",\n    \"SvcProviderName\": \"anim cillum culpa irure\",\n    \"Id\": \"enim\",\n    \"ServerStatusCode\": \"eiu\",\n    \"ServerStatusDesc\": \"ullamco velit sunt eiusmod\",\n    \"OvrdExceptionInd\": true,\n    \"SubjectRole\": \"reprehenderit sint Lorem\",\n    \"SubjectElement\": [\n      {\n        \"Path\": \"laborum commodo sunt ea\",\n        \"ServerPath\": \"reprehenderit consectetur cupidatat adipisicing\",\n        \"Value\": \"eiusmod elit ea\"\n      },\n      {\n        \"Path\": \"cillum irure pariatur\",\n        \"ServerPath\": \"consectetur\",\n        \"Value\": \"Excepteur ut\"\n      }\n    ],\n    \"ContentHTML\": \"consequat sed voluptate in quis\",\n    \"AdditionalStatus\": [\n      {\n        \"StatusCode\": \"e\",\n        \"StatusDesc\": \"in\",\n        \"Severity\": \"Info\",\n        \"SvcProviderName\": \"incididunt consectetur ullamco voluptate\",\n        \"ServerStatusCode\": \"culpa \",\n        \"ServerStatusDesc\": \"cupidatat laborum\",\n        \"OvrdExceptionInd\": false,\n        \"SubjectElement\": [\n          {\n            \"Path\": \"nostrud enim quis\",\n            \"ServerPath\": \"pariatur nulla\",\n            \"Value\": \"dolore commodo laborum minim\"\n          },\n          {\n            \"Path\": \"elit\",\n            \"ServerPath\": \"cillum sit irure\",\n            \"Value\": \"fug\"\n          }\n        ]\n      },\n      {\n        \"StatusCode\": \"laboris cillum \",\n        \"StatusDesc\": \"Duis\",\n        \"Severity\": \"Info\",\n        \"SvcProviderName\": \"nisi et dolor\",\n        \"ServerStatusCode\": \"sint \",\n        \"ServerStatusDesc\": \"culpa occaecat amet commodo fugiat\",\n        \"OvrdExceptionInd\": false,\n        \"SubjectElement\": [\n          {\n            \"Path\": \"anim\",\n            \"ServerPath\": \"incididunt id nostrud\",\n            \"Value\": \"sit laborum incididunt\"\n          },\n          {\n            \"Path\": \"ut fugiat cupidatat consequat nisi\",\n            \"ServerPath\": \"n\",\n            \"Value\": \"ut in\"\n          }\n        ]\n      }\n    ]\n  }\n}","cookie":[],"_postman_previewlanguage":"json"}],"event":[],"protocolProfileBehavior":{"disableBodyPruning":true}},{"id":"baf7c3d2-5b2e-424d-a223-ed7ad4808a94","name":"secured","item":[{"id":"38033d16-bbfd-476a-b449-bee29bde0765","name":"Delete Card.","request":{"name":"Delete Card.","description":{"content":"Deletes an existing debit or credit card account associated with a financial account.<br>\n        <br>\n        For more information about the Cards domain, <a href=\"../docs/?path=docs/fintechs/cards.md\" title=\"Click to open\">click here.</a> <br><br>\n        <b>Relates to:</b>\n          <ul> \n            <li><a href=\"../docs/?path=docs/banks-and-CU/deposits.md\" title=\"Click to open\">Deposits</a></li>\n            <li><a href=\"../docs/?path=docs/banks-and-CU/loans.md\" title=\"Click to open\">Loans</a></li>\n            <li><a href=\"../docs/?path=docs/banks-and-CU/bank-servicing.md\" title=\"Click to open\">Bank Servicing</a></li>\n          </ul>","type":"text/plain"},"url":{"path":["cardservice","cards","cards","secured"],"host":["{{baseUrl}}"],"query":[],"variable":[]},"header":[{"disabled":false,"description":"(Required) EFX Header is a common and required component for all API calls, it contains client-related parameters. Please note that the header parameters should be sent as a JSON object under the EFXHeader parameter. To view the list of header parameters, <a href=\"../docs?path=docs/api-ref-EFX-header.md\" title=\"Click to open\"> click here.</a>","key":"EFXHeader","value":"OrganizationId,<string>,TrnId,<string>,VendorId,<string>,Context,[object Object]"},{"key":"Content-Type","value":"application/json"},{"key":"Accept","value":"application/json"}],"method":"PUT","auth":null,"body":{"mode":"raw","raw":"{\n  \"CardKeys\": {\n    \"CardId\": \"<string>\",\n    \"CardSeqNum\": \"<string>\"\n  }\n}","options":{"raw":{"language":"json"}}}},"response":[{"id":"ba6e9ab8-3d6f-4e9c-9d03-38a023fd3eaa","name":"Success","originalRequest":{"url":{"path":["cardservice","cards","cards","secured"],"host":["{{baseUrl}}"],"query":[],"variable":[]},"header":[{"disabled":false,"description":"(Required) EFX Header is a common and required component for all API calls, it contains client-related parameters. Please note that the header parameters should be sent as a JSON object under the EFXHeader parameter. To view the list of header parameters, <a href=\"../docs?path=docs/api-ref-EFX-header.md\" title=\"Click to open\"> click here.</a>","key":"EFXHeader","value":"OrganizationId,<string>,TrnId,<string>,VendorId,<string>,Context,[object Object]"},{"key":"Accept","value":"application/json"}],"method":"PUT","body":{"mode":"raw","raw":"{\n  \"CardKeys\": {\n    \"CardId\": \"<string>\",\n    \"CardSeqNum\": \"<string>\"\n  }\n}","options":{"raw":{"language":"json"}}}},"status":"OK","code":200,"header":[{"key":"Content-Type","value":"application/json"}],"body":"{\n  \"CardStatusRec\": {\n    \"CardKeys\": {\n      \"CardId\": \"adipisicing sed\",\n      \"CardSeqNum\": \"id\"\n    },\n    \"CardStatus\": {\n      \"CardStatusCode\": \"Deleted\",\n      \"EffDt\": \"2399-97-60T71:83\"\n    }\n  },\n  \"Status\": {\n    \"Severity\": \"Info\",\n    \"StatusCode\": \"irure v\",\n    \"StatusDesc\": \"quis reprehenderit pariatur\",\n    \"SvcProviderName\": \"anim culpa\",\n    \"Id\": \"sunt magna esse\",\n    \"ServerStatusCode\": \"elit\",\n    \"ServerStatusDesc\": \"ipsum in\",\n    \"OvrdExceptionInd\": true,\n    \"SubjectRole\": \"aute sunt veniam\",\n    \"SubjectElement\": [\n      {\n        \"Path\": \"fugiat\",\n        \"ServerPath\": \"ex sunt labore\",\n        \"Value\": \"pariatur elit est occaecat\"\n      },\n      {\n        \"Path\": \"labore deserunt eiusmod tempor\",\n        \"ServerPath\": \"sunt occaecat consequat aliqua\",\n        \"Value\": \"sunt Excepteur magna\"\n      }\n    ],\n    \"ContentHTML\": \"reprehenderit elit laborum\",\n    \"AdditionalStatus\": [\n      {\n        \"StatusCode\": \"dolore reprehende\",\n        \"StatusDesc\": \"consequat est\",\n        \"Severity\": \"Info\",\n        \"SvcProviderName\": \"enim tempor exercitation\",\n        \"ServerStatusCode\": \"la\",\n        \"ServerStatusDesc\": \"in ullamco tempor in ipsum\",\n        \"OvrdExceptionInd\": true,\n        \"SubjectElement\": [\n          {\n            \"Path\": \"Ut sint commodo exercitation\",\n            \"ServerPath\": \"ad proident Excepteur adipisicing\",\n            \"Value\": \"sunt qui minim dolore id\"\n          },\n          {\n            \"Path\": \"ea sint\",\n            \"ServerPath\": \"nostrud dolor ad\",\n            \"Value\": \"enim\"\n          }\n        ]\n      },\n      {\n        \"StatusCode\": \"co\",\n        \"StatusDesc\": \"Lorem reprehenderit pariatur fugiat\",\n        \"Severity\": \"Info\",\n        \"SvcProviderName\": \"nulla minim incididunt\",\n        \"ServerStatusCode\": \"fugiat Duis d\",\n        \"ServerStatusDesc\": \"adipisicing est ex\",\n        \"OvrdExceptionInd\": true,\n        \"SubjectElement\": [\n          {\n            \"Path\": \"Lorem dolore fugiat\",\n            \"ServerPath\": \"dolor ut\",\n            \"Value\": \"amet anim\"\n          },\n          {\n            \"Path\": \"voluptate qui consectetur ut\",\n            \"ServerPath\": \"laboris consequat\",\n            \"Value\": \"sint reprehenderit\"\n          }\n        ]\n      }\n    ]\n  }\n}","cookie":[],"_postman_previewlanguage":"json"},{"id":"c1cedda3-0f78-460c-9c84-b4f80a407644","name":"To view the complete list of response codes, <a href=\"../docs/?path=docs/response-codes.md\" title=\"Click to open\">click here.</a>","originalRequest":{"url":{"path":["cardservice","cards","cards","secured"],"host":["{{baseUrl}}"],"query":[],"variable":[]},"header":[{"disabled":false,"description":"(Required) EFX Header is a common and required component for all API calls, it contains client-related parameters. Please note that the header parameters should be sent as a JSON object under the EFXHeader parameter. To view the list of header parameters, <a href=\"../docs?path=docs/api-ref-EFX-header.md\" title=\"Click to open\"> click here.</a>","key":"EFXHeader","value":"OrganizationId,<string>,TrnId,<string>,VendorId,<string>,Context,[object Object]"},{"key":"Accept","value":"application/json"}],"method":"PUT","body":{"mode":"raw","raw":"{\n  \"CardKeys\": {\n    \"CardId\": \"<string>\",\n    \"CardSeqNum\": \"<string>\"\n  }\n}","options":{"raw":{"language":"json"}}}},"status":"Internal Server Error","code":500,"header":[{"key":"Content-Type","value":"application/json"}],"body":"{\n  \"CardStatusRec\": {\n    \"CardKeys\": {\n      \"CardId\": \"adipisicing sed\",\n      \"CardSeqNum\": \"id\"\n    },\n    \"CardStatus\": {\n      \"CardStatusCode\": \"Deleted\",\n      \"EffDt\": \"2399-97-60T71:83\"\n    }\n  },\n  \"Status\": {\n    \"Severity\": \"Info\",\n    \"StatusCode\": \"irure v\",\n    \"StatusDesc\": \"quis reprehenderit pariatur\",\n    \"SvcProviderName\": \"anim culpa\",\n    \"Id\": \"sunt magna esse\",\n    \"ServerStatusCode\": \"elit\",\n    \"ServerStatusDesc\": \"ipsum in\",\n    \"OvrdExceptionInd\": true,\n    \"SubjectRole\": \"aute sunt veniam\",\n    \"SubjectElement\": [\n      {\n        \"Path\": \"fugiat\",\n        \"ServerPath\": \"ex sunt labore\",\n        \"Value\": \"pariatur elit est occaecat\"\n      },\n      {\n        \"Path\": \"labore deserunt eiusmod tempor\",\n        \"ServerPath\": \"sunt occaecat consequat aliqua\",\n        \"Value\": \"sunt Excepteur magna\"\n      }\n    ],\n    \"ContentHTML\": \"reprehenderit elit laborum\",\n    \"AdditionalStatus\": [\n      {\n        \"StatusCode\": \"dolore reprehende\",\n        \"StatusDesc\": \"consequat est\",\n        \"Severity\": \"Info\",\n        \"SvcProviderName\": \"enim tempor exercitation\",\n        \"ServerStatusCode\": \"la\",\n        \"ServerStatusDesc\": \"in ullamco tempor in ipsum\",\n        \"OvrdExceptionInd\": true,\n        \"SubjectElement\": [\n          {\n            \"Path\": \"Ut sint commodo exercitation\",\n            \"ServerPath\": \"ad proident Excepteur adipisicing\",\n            \"Value\": \"sunt qui minim dolore id\"\n          },\n          {\n            \"Path\": \"ea sint\",\n            \"ServerPath\": \"nostrud dolor ad\",\n            \"Value\": \"enim\"\n          }\n        ]\n      },\n      {\n        \"StatusCode\": \"co\",\n        \"StatusDesc\": \"Lorem reprehenderit pariatur fugiat\",\n        \"Severity\": \"Info\",\n        \"SvcProviderName\": \"nulla minim incididunt\",\n        \"ServerStatusCode\": \"fugiat Duis d\",\n        \"ServerStatusDesc\": \"adipisicing est ex\",\n        \"OvrdExceptionInd\": true,\n        \"SubjectElement\": [\n          {\n            \"Path\": \"Lorem dolore fugiat\",\n            \"ServerPath\": \"dolor ut\",\n            \"Value\": \"amet anim\"\n          },\n          {\n            \"Path\": \"voluptate qui consectetur ut\",\n            \"ServerPath\": \"laboris consequat\",\n            \"Value\": \"sint reprehenderit\"\n          }\n        ]\n      }\n    ]\n  }\n}","cookie":[],"_postman_previewlanguage":"json"}],"event":[],"protocolProfileBehavior":{"disableBodyPruning":true}},{"id":"74264818-076b-4c7d-bac1-4caee86b7adb","name":"Get Card.","request":{"name":"Get Card.","description":{"content":"Retrieves the details of an existing debit or credit card account.<br>\n        <br>\n        For more information about the Cards domain, <a href=\"../docs/?path=docs/fintechs/cards.md\" title=\"Click to open\">click here.</a> <br><br>\n        <b>Relates to:</b>\n          <ul> \n            <li><a href=\"../docs/?path=docs/banks-and-CU/deposits.md\" title=\"Click to open\">Deposits</a></li>\n            <li><a href=\"../docs/?path=docs/banks-and-CU/loans.md\" title=\"Click to open\">Loans</a></li>\n            <li><a href=\"../docs/?path=docs/banks-and-CU/bank-servicing.md\" title=\"Click to open\">Bank Servicing</a></li>\n          </ul>","type":"text/plain"},"url":{"path":["cardservice","cards","cards","secured"],"host":["{{baseUrl}}"],"query":[],"variable":[]},"header":[{"disabled":false,"description":"(Required) EFX Header is a common and required component for all API calls, it contains client-related parameters. Please note that the header parameters should be sent as a JSON object under the EFXHeader parameter. To view the list of header parameters, <a href=\"../docs?path=docs/api-ref-EFX-header.md\" title=\"Click to open\"> click here.</a>","key":"EFXHeader","value":"OrganizationId,<string>,TrnId,<string>,VendorId,<string>,Context,[object Object]"},{"key":"Content-Type","value":"application/json"},{"key":"Accept","value":"application/json"}],"method":"POST","auth":null,"body":{"mode":"raw","raw":"{\n  \"CardSel\": {\n    \"CardKeys\": {\n      \"CardId\": \"<string>\",\n      \"CardSeqNum\": \"<string>\"\n    },\n    \"IncAllCardStatusInd\": \"<boolean>\"\n  }\n}","options":{"raw":{"language":"json"}}}},"response":[{"id":"73188fc7-1723-4485-bded-08fc1237553c","name":"Success","originalRequest":{"url":{"path":["cardservice","cards","cards","secured"],"host":["{{baseUrl}}"],"query":[],"variable":[]},"header":[{"disabled":false,"description":"(Required) EFX Header is a common and required component for all API calls, it contains client-related parameters. Please note that the header parameters should be sent as a JSON object under the EFXHeader parameter. To view the list of header parameters, <a href=\"../docs?path=docs/api-ref-EFX-header.md\" title=\"Click to open\"> click here.</a>","key":"EFXHeader","value":"OrganizationId,<string>,TrnId,<string>,VendorId,<string>,Context,[object Object]"},{"key":"Accept","value":"application/json"}],"method":"POST","body":{"mode":"raw","raw":"{\n  \"CardSel\": {\n    \"CardKeys\": {\n      \"CardId\": \"<string>\",\n      \"CardSeqNum\": \"<string>\"\n    },\n    \"IncAllCardStatusInd\": \"<boolean>\"\n  }\n}","options":{"raw":{"language":"json"}}}},"status":"OK","code":200,"header":[{"key":"Content-Type","value":"application/json"}],"body":"{\n  \"CardRec\": [\n    {\n      \"CardInfo\": {\n        \"CardNum\": \"in\",\n        \"CardSeqNum\": \"\",\n        \"CardType\": \"te\",\n        \"ProductIdent\": \"do officia ea consectetur in\",\n        \"CardDtlStatus\": \"1 to 9\",\n        \"CardDtlStatusDt\": \"0392-87-26T96:60\",\n        \"CardStatusMaintBy\": \"fugiat dolor ullamco\",\n        \"CardStatusMaintFrom\": \"esse eiusmod\",\n        \"CardSurchargeOption\": \"DoNotCharge\",\n        \"CardFee\": [\n          {\n            \"CardFeeType\": \"<string>\",\n            \"WaiveFeeInd\": \"<boolean>\",\n            \"NextFeeDt\": \"<date>\"\n          },\n          {\n            \"CardFeeType\": \"<string>\",\n            \"WaiveFeeInd\": \"<boolean>\",\n            \"NextFeeDt\": \"<date>\"\n          }\n        ],\n        \"OpenDt\": \"2014-01-31\",\n        \"IssueDt\": \"2673-83-27\",\n        \"ExpDt\": \"1955-06-09\",\n        \"ExpDay\": \"1-31\",\n        \"OrigIssueDt\": \"8698-05-32T05:14\",\n        \"NextIssueDt\": \"2432-76-92T66:11\",\n        \"CardCategory\": \"Personal\",\n        \"EmbossingName\": \"volupta\",\n        \"SecondaryEmbossingName\": \"reprehenderit ipsum proident ad\",\n        \"EmbossingPrintOption\": \"FirstLine\",\n        \"CardTrnLimitInd\": true,\n        \"CardTrnLimitCode\": \"eu minim incididunt sit nostrud\",\n        \"CardTrnLimit\": [\n          {\n            \"TrnTypeValue\": \"Debit\",\n            \"TrnSrc\": \"POSOnLine\",\n            \"LimitType\": \"TrnMax\",\n            \"CurAmt\": {\n              \"value\": \"<Error: Too many levels of nesting to fake this schema>\"\n            },\n            \"Percent\": 33903113.71971543,\n            \"TempTrnLimitExpDt\": \"2014-10-10\"\n          },\n          {\n            \"TrnTypeValue\": \"Withdrawal\",\n            \"TrnSrc\": \"POSOffline\",\n            \"LimitType\": \"TrnMax\",\n            \"CurAmt\": {\n              \"value\": \"<Error: Too many levels of nesting to fake this schema>\"\n            },\n            \"Percent\": -23051395.967964977,\n            \"TempTrnLimitExpDt\": \"1988-11-09\"\n          }\n        ],\n        \"AllowWithdrawalDailyLimitInd\": false,\n        \"AllowThirdPartyXferInd\": true,\n        \"AllowInternetInd\": true,\n        \"SwitchCardStatus\": \"magna esse Lorem\",\n        \"SwitchCardStatusRequest\": \"sunt\",\n        \"GenerateCardNum\": \"1\",\n        \"GenerateCardOrder\": \"DoNotGenerate\",\n        \"GeneratePINMailer\": \"DoNotGenerate\",\n        \"CardPref\": {\n          \"Language\": \"0-9\"\n        },\n        \"FirstUseDt\": \"6897-42-00\",\n        \"OrigFirstUseDt\": \"0381-57-13\",\n        \"PreviousExpDt\": \"4756-96-21\",\n        \"PreviousCardData\": {\n          \"ISOCode\": \"aliqua nulla sit\",\n          \"CardNum\": \"consequat nostru\",\n          \"CardSeqNum\": \"p\",\n          \"CardType\": \"culpa ut non\"\n        },\n        \"ReplacementCardData\": {\n          \"ISOCode\": \"consequat\",\n          \"CardNum\": \"fugiat irure Lore\",\n          \"CardSeqNum\": \"eu\",\n          \"CardType\": \"enim ullamco\"\n        },\n        \"UpdaterSvcOptOutInd\": false,\n        \"ReissueCardStatus\": \"fugiat magna\",\n        \"CardPeriodData\": [\n          {\n            \"CardAmtType\": \"CardUse\",\n            \"LastOccurInd\": false,\n            \"EffDt\": \"6098-19-12T28:79\",\n            \"Amt\": -44138658.08498221\n          },\n          {\n            \"CardAmtType\": \"CardUse\",\n            \"LastOccurInd\": false,\n            \"EffDt\": \"7479-12-63T90:37\",\n            \"Amt\": -10910049.225110903\n          }\n        ],\n        \"PINOffset\": \"pro\",\n        \"PINInvalidEntryAllowedNum\": 90351856,\n        \"PINLastFailureDt\": \"7596-69-92\",\n        \"RefData\": [\n          {\n            \"RefType\": \"PhotoId\",\n            \"RefIdent\": \"et null\"\n          },\n          {\n            \"RefType\": \"Signature\",\n            \"RefIdent\": \"consequa\"\n          }\n        ],\n        \"MaintDt\": \"2221-09-42\",\n        \"MaintBy\": \"in\",\n        \"MaintFrom\": \"ex proident consectetur ullamco\",\n        \"AcctLinkData\": [\n          {\n            \"AcctRef\": {\n              \"value\": \"<Error: Too many levels of nesting to fake this schema>\"\n            },\n            \"OtherAcctRel\": -22983300,\n            \"FinancialTrnOption\": \"AllowInqOnly\",\n            \"Nickname\": \"et voluptate\"\n          },\n          {\n            \"AcctRef\": {\n              \"value\": \"<Error: Too many levels of nesting to fake this schema>\"\n            },\n            \"OtherAcctRel\": 13937127,\n            \"FinancialTrnOption\": \"AllowInqOnly\",\n            \"Nickname\": \"ulla\"\n          }\n        ]\n      },\n      \"CardKeys\": {\n        \"CardId\": \"culpa\",\n        \"CardSeqNum\": \"p\"\n      },\n      \"CardStatus\": {\n        \"CardStatusCode\": \"Valid\",\n        \"EffDt\": \"Server Date\"\n      }\n    },\n    {\n      \"CardInfo\": {\n        \"CardNum\": \"occaeca\",\n        \"CardSeqNum\": \"e\",\n        \"CardType\": \"in culpa\",\n        \"ProductIdent\": \"minim sunt tempor qui\",\n        \"CardDtlStatus\": \"1 to 9\",\n        \"CardDtlStatusDt\": \"6042-11-55\",\n        \"CardStatusMaintBy\": \"id et amet aliqua\",\n        \"CardStatusMaintFrom\": \"voluptate dolore\",\n        \"CardSurchargeOption\": \"DoNotCharge\",\n        \"CardFee\": [\n          {\n            \"CardFeeType\": \"<string>\",\n            \"WaiveFeeInd\": \"<boolean>\",\n            \"NextFeeDt\": \"<date>\"\n          },\n          {\n            \"CardFeeType\": \"<string>\",\n            \"WaiveFeeInd\": \"<boolean>\",\n            \"NextFeeDt\": \"<date>\"\n          }\n        ],\n        \"OpenDt\": \"1992-03-29\",\n        \"IssueDt\": \"5836-49-47\",\n        \"ExpDt\": \"1952-06-10\",\n        \"ExpDay\": \"1-31\",\n        \"OrigIssueDt\": \"1296-07-96\",\n        \"NextIssueDt\": \"1069-05-08\",\n        \"CardCategory\": \"Personal\",\n        \"EmbossingName\": \"\",\n        \"SecondaryEmbossingName\": \"exercit\",\n        \"EmbossingPrintOption\": \"SecondLine\",\n        \"CardTrnLimitInd\": false,\n        \"CardTrnLimitCode\": \"qui ullamco\",\n        \"CardTrnLimit\": [\n          {\n            \"TrnTypeValue\": \"Debit\",\n            \"TrnSrc\": \"ATM\",\n            \"LimitType\": \"DailyMax\",\n            \"CurAmt\": {\n              \"value\": \"<Error: Too many levels of nesting to fake this schema>\"\n            },\n            \"Percent\": 48425752.90111092,\n            \"TempTrnLimitExpDt\": \"2006-03-12\"\n          },\n          {\n            \"TrnTypeValue\": \"Withdrawal\",\n            \"TrnSrc\": \"POSOnLine\",\n            \"LimitType\": \"TrnMax\",\n            \"CurAmt\": {\n              \"value\": \"<Error: Too many levels of nesting to fake this schema>\"\n            },\n            \"Percent\": -71616736.72845984,\n            \"TempTrnLimitExpDt\": \"1947-02-07\"\n          }\n        ],\n        \"AllowWithdrawalDailyLimitInd\": true,\n        \"AllowThirdPartyXferInd\": true,\n        \"AllowInternetInd\": false,\n        \"SwitchCardStatus\": \"aliquip\",\n        \"SwitchCardStatusRequest\": \"sit ea\",\n        \"GenerateCardNum\": \"1\",\n        \"GenerateCardOrder\": \"ReplaceCard\",\n        \"GeneratePINMailer\": \"GeneratePINMailer\",\n        \"CardPref\": {\n          \"Language\": \"A-Z\"\n        },\n        \"FirstUseDt\": \"8455-20-01\",\n        \"OrigFirstUseDt\": \"2634-83-39T70:74\",\n        \"PreviousExpDt\": \"3500-96-74\",\n        \"PreviousCardData\": {\n          \"ISOCode\": \"culpa pariatur\",\n          \"CardNum\": \"est\",\n          \"CardSeqNum\": \"\",\n          \"CardType\": \"laborum sed qui\"\n        },\n        \"ReplacementCardData\": {\n          \"ISOCode\": \"laboris adipisicing quis sed\",\n          \"CardNum\": \"et sunt dolore velit\",\n          \"CardSeqNum\": \"dol\",\n          \"CardType\": \"elit commodo\"\n        },\n        \"UpdaterSvcOptOutInd\": false,\n        \"ReissueCardStatus\": \"Duis do labo\",\n        \"CardPeriodData\": [\n          {\n            \"CardAmtType\": \"CardUse\",\n            \"LastOccurInd\": false,\n            \"EffDt\": \"8769-88-41\",\n            \"Amt\": -955188.7613951713\n          },\n          {\n            \"CardAmtType\": \"Withdrawal\",\n            \"LastOccurInd\": true,\n            \"EffDt\": \"2627-77-32T02:64:36.488-39:52\",\n            \"Amt\": -5536637.247243851\n          }\n        ],\n        \"PINOffset\": \"id commod\",\n        \"PINInvalidEntryAllowedNum\": 70551915,\n        \"PINLastFailureDt\": \"3163-09-92\",\n        \"RefData\": [\n          {\n            \"RefType\": \"IVRRefNum\",\n            \"RefIdent\": \"ut\"\n          },\n          {\n            \"RefType\": \"IVRRefNum\",\n            \"RefIdent\": \"amet ipsum\"\n          }\n        ],\n        \"MaintDt\": \"7276-59-91T88:86:37\",\n        \"MaintBy\": \"irure\",\n        \"MaintFrom\": \"incididunt\",\n        \"AcctLinkData\": [\n          {\n            \"AcctRef\": {\n              \"value\": \"<Error: Too many levels of nesting to fake this schema>\"\n            },\n            \"OtherAcctRel\": -94343240,\n            \"FinancialTrnOption\": \"AllowInqOnly\",\n            \"Nickname\": \"magna dolore commodo proident velit\"\n          },\n          {\n            \"AcctRef\": {\n              \"value\": \"<Error: Too many levels of nesting to fake this schema>\"\n            },\n            \"OtherAcctRel\": -94777094,\n            \"FinancialTrnOption\": \"AllowInqOnly\",\n            \"Nickname\": \"officia ad esse mollit\"\n          }\n        ]\n      },\n      \"CardKeys\": {\n        \"CardId\": \"voluptate e\",\n        \"CardSeqNum\": \"el\"\n      },\n      \"CardStatus\": {\n        \"CardStatusCode\": \"Valid\",\n        \"EffDt\": \"Server Date\"\n      }\n    }\n  ],\n  \"Status\": {\n    \"Severity\": \"Warning\",\n    \"StatusCode\": \"incididunt an\",\n    \"StatusDesc\": \"ea nulla\",\n    \"SvcProviderName\": \"sed nisi Excepteur\",\n    \"Id\": \"irure culpa anim\",\n    \"ServerStatusCode\": \"ex\",\n    \"ServerStatusDesc\": \"adipisicing cillum pariatur\",\n    \"OvrdExceptionInd\": false,\n    \"SubjectRole\": \"irure ut ad laboris\",\n    \"SubjectElement\": [\n      {\n        \"Path\": \"eiusmod id quis nostrud\",\n        \"ServerPath\": \"velit nulla deserunt labore\",\n        \"Value\": \"nulla laboris elit Excepteur consequat\"\n      },\n      {\n        \"Path\": \"adipisicing nisi\",\n        \"ServerPath\": \"ex consectetur\",\n        \"Value\": \"velit anim cupidatat\"\n      }\n    ],\n    \"ContentHTML\": \"consequat\",\n    \"AdditionalStatus\": [\n      {\n        \"StatusCode\": \"sit anim i\",\n        \"StatusDesc\": \"nulla in ut\",\n        \"Severity\": \"Info\",\n        \"SvcProviderName\": \"ut dolor eu minim in\",\n        \"ServerStatusCode\": \"officia nulla\",\n        \"ServerStatusDesc\": \"consectetur ex\",\n        \"OvrdExceptionInd\": false,\n        \"SubjectElement\": [\n          {\n            \"Path\": \"officia labore in tempor aliqua\",\n            \"ServerPath\": \"minim nisi\",\n            \"Value\": \"aliquip anim\"\n          },\n          {\n            \"Path\": \"dolore adipisicing la\",\n            \"ServerPath\": \"aliquip\",\n            \"Value\": \"deserunt dolore occaecat nostrud\"\n          }\n        ]\n      },\n      {\n        \"StatusCode\": \"et mollit adipisic\",\n        \"StatusDesc\": \"laboris veniam irure Duis Lorem\",\n        \"Severity\": \"Info\",\n        \"SvcProviderName\": \"magna veniam pariatur incididunt\",\n        \"ServerStatusCode\": \"cupidatat c\",\n        \"ServerStatusDesc\": \"ex\",\n        \"OvrdExceptionInd\": true,\n        \"SubjectElement\": [\n          {\n            \"Path\": \"non quis pariatur\",\n            \"ServerPath\": \"Duis adipisicing consectetur\",\n            \"Value\": \"dolor elit Ut\"\n          },\n          {\n            \"Path\": \"in nulla do dolor\",\n            \"ServerPath\": \"ut ullamco qui deserunt\",\n            \"Value\": \"ut\"\n          }\n        ]\n      }\n    ]\n  }\n}","cookie":[],"_postman_previewlanguage":"json"},{"id":"ff884dfb-8554-4c11-91f1-e307f21d9140","name":"To view the complete list of response codes, <a href=\"../docs/?path=docs/response-codes.md\" title=\"Click to open\">click here.</a>","originalRequest":{"url":{"path":["cardservice","cards","cards","secured"],"host":["{{baseUrl}}"],"query":[],"variable":[]},"header":[{"disabled":false,"description":"(Required) EFX Header is a common and required component for all API calls, it contains client-related parameters. Please note that the header parameters should be sent as a JSON object under the EFXHeader parameter. To view the list of header parameters, <a href=\"../docs?path=docs/api-ref-EFX-header.md\" title=\"Click to open\"> click here.</a>","key":"EFXHeader","value":"OrganizationId,<string>,TrnId,<string>,VendorId,<string>,Context,[object Object]"},{"key":"Accept","value":"application/json"}],"method":"POST","body":{"mode":"raw","raw":"{\n  \"CardSel\": {\n    \"CardKeys\": {\n      \"CardId\": \"<string>\",\n      \"CardSeqNum\": \"<string>\"\n    },\n    \"IncAllCardStatusInd\": \"<boolean>\"\n  }\n}","options":{"raw":{"language":"json"}}}},"status":"Internal Server Error","code":500,"header":[{"key":"Content-Type","value":"application/json"}],"body":"{\n  \"CardRec\": [\n    {\n      \"CardInfo\": {\n        \"CardNum\": \"cillum\",\n        \"CardSeqNum\": \"L\",\n        \"CardType\": \"est eiusmod\",\n        \"ProductIdent\": \"mollit nisi e\",\n        \"CardDtlStatus\": \"1 to 9\",\n        \"CardDtlStatusDt\": \"0224-60-57T48:90:66-37:45\",\n        \"CardStatusMaintBy\": \"aliquip Lorem ea labore Ut\",\n        \"CardStatusMaintFrom\": \"anim fugiat laborum voluptate exercitation\",\n        \"CardSurchargeOption\": \"UseDefault\",\n        \"CardFee\": [\n          {\n            \"CardFeeType\": \"<string>\",\n            \"WaiveFeeInd\": \"<boolean>\",\n            \"NextFeeDt\": \"<date>\"\n          },\n          {\n            \"CardFeeType\": \"<string>\",\n            \"WaiveFeeInd\": \"<boolean>\",\n            \"NextFeeDt\": \"<date>\"\n          }\n        ],\n        \"OpenDt\": \"2015-09-25\",\n        \"IssueDt\": \"3195-85-16\",\n        \"ExpDt\": \"1947-06-03\",\n        \"ExpDay\": \"1-31\",\n        \"OrigIssueDt\": \"8499-77-31T12:27\",\n        \"NextIssueDt\": \"0868-32-20\",\n        \"CardCategory\": \"Personal\",\n        \"EmbossingName\": \"eu consectetur labore\",\n        \"SecondaryEmbossingName\": \"esse labore reprehenderit\",\n        \"EmbossingPrintOption\": \"FirstLine\",\n        \"CardTrnLimitInd\": false,\n        \"CardTrnLimitCode\": \"ut consectetur\",\n        \"CardTrnLimit\": [\n          {\n            \"TrnTypeValue\": \"Withdrawal\",\n            \"TrnSrc\": \"POSOnLine\",\n            \"LimitType\": \"TrnMax\",\n            \"CurAmt\": {\n              \"value\": \"<Error: Too many levels of nesting to fake this schema>\"\n            },\n            \"Percent\": 38509848.717229605,\n            \"TempTrnLimitExpDt\": \"1989-12-27\"\n          },\n          {\n            \"TrnTypeValue\": \"Debit\",\n            \"TrnSrc\": \"ATM\",\n            \"LimitType\": \"DailyMax\",\n            \"CurAmt\": {\n              \"value\": \"<Error: Too many levels of nesting to fake this schema>\"\n            },\n            \"Percent\": 27774656.53267926,\n            \"TempTrnLimitExpDt\": \"2007-06-22\"\n          }\n        ],\n        \"AllowWithdrawalDailyLimitInd\": true,\n        \"AllowThirdPartyXferInd\": false,\n        \"AllowInternetInd\": false,\n        \"SwitchCardStatus\": \"minim ad ut voluptate\",\n        \"SwitchCardStatusRequest\": \"deserunt dolore dolore volup\",\n        \"GenerateCardNum\": \"0\",\n        \"GenerateCardOrder\": \"ReplaceCard\",\n        \"GeneratePINMailer\": \"GeneratePINMailer\",\n        \"CardPref\": {\n          \"Language\": \"A-Z\"\n        },\n        \"FirstUseDt\": \"2718-13-73T07:93:23\",\n        \"OrigFirstUseDt\": \"2477-55-84\",\n        \"PreviousExpDt\": \"3109-41-85T36:69:45+12:50\",\n        \"PreviousCardData\": {\n          \"ISOCode\": \"deserunt pariatur officia incididunt ullamco\",\n          \"CardNum\": \"Ut dolor\",\n          \"CardSeqNum\": \"c\",\n          \"CardType\": \"Excepteur Duis incididunt Lorem\"\n        },\n        \"ReplacementCardData\": {\n          \"ISOCode\": \"irure pariatur\",\n          \"CardNum\": \"elit ut\",\n          \"CardSeqNum\": \"co\",\n          \"CardType\": \"aute consequat aliquip\"\n        },\n        \"UpdaterSvcOptOutInd\": false,\n        \"ReissueCardStatus\": \"enim in\",\n        \"CardPeriodData\": [\n          {\n            \"CardAmtType\": \"CardUse\",\n            \"LastOccurInd\": false,\n            \"EffDt\": \"8836-50-78\",\n            \"Amt\": 24889363.04209158\n          },\n          {\n            \"CardAmtType\": \"Withdrawal\",\n            \"LastOccurInd\": true,\n            \"EffDt\": \"5939-24-67\",\n            \"Amt\": -92787310.42428872\n          }\n        ],\n        \"PINOffset\": \"est anim \",\n        \"PINInvalidEntryAllowedNum\": 42615702,\n        \"PINLastFailureDt\": \"0672-38-26T12:16\",\n        \"RefData\": [\n          {\n            \"RefType\": \"CardStock\",\n            \"RefIdent\": \"culpa\"\n          },\n          {\n            \"RefType\": \"IVRRefNum\",\n            \"RefIdent\": \"culpa\"\n          }\n        ],\n        \"MaintDt\": \"7795-52-60\",\n        \"MaintBy\": \"irure dolor consequat\",\n        \"MaintFrom\": \"Excepteur tempor aliquip do\",\n        \"AcctLinkData\": [\n          {\n            \"AcctRef\": {\n              \"value\": \"<Error: Too many levels of nesting to fake this schema>\"\n            },\n            \"OtherAcctRel\": 6264618,\n            \"FinancialTrnOption\": \"AllowAllTrn\",\n            \"Nickname\": \"dolor exercitation reprehenderit\"\n          },\n          {\n            \"AcctRef\": {\n              \"value\": \"<Error: Too many levels of nesting to fake this schema>\"\n            },\n            \"OtherAcctRel\": 6874374,\n            \"FinancialTrnOption\": \"BlockPOSTrn\",\n            \"Nickname\": \"eiusmod officia\"\n          }\n        ]\n      },\n      \"CardKeys\": {\n        \"CardId\": \"esse \",\n        \"CardSeqNum\": \"i\"\n      },\n      \"CardStatus\": {\n        \"CardStatusCode\": \"Valid\",\n        \"EffDt\": \"Server Date\"\n      }\n    },\n    {\n      \"CardInfo\": {\n        \"CardNum\": \"con\",\n        \"CardSeqNum\": \"a\",\n        \"CardType\": \"ullamco ipsum\",\n        \"ProductIdent\": \"esse tempor\",\n        \"CardDtlStatus\": \"1 to 9\",\n        \"CardDtlStatusDt\": \"7058-86-49\",\n        \"CardStatusMaintBy\": \"elit ad ea Ut \",\n        \"CardStatusMaintFrom\": \"Ut in\",\n        \"CardSurchargeOption\": \"DoNotCharge\",\n        \"CardFee\": [\n          {\n            \"CardFeeType\": \"<string>\",\n            \"WaiveFeeInd\": \"<boolean>\",\n            \"NextFeeDt\": \"<date>\"\n          },\n          {\n            \"CardFeeType\": \"<string>\",\n            \"WaiveFeeInd\": \"<boolean>\",\n            \"NextFeeDt\": \"<date>\"\n          }\n        ],\n        \"OpenDt\": \"2014-06-27\",\n        \"IssueDt\": \"9011-03-94\",\n        \"ExpDt\": \"1990-08-17\",\n        \"ExpDay\": \"1-31\",\n        \"OrigIssueDt\": \"3943-98-03\",\n        \"NextIssueDt\": \"9444-69-15\",\n        \"CardCategory\": \"Business\",\n        \"EmbossingName\": \"ad dolore dolor fugiat\",\n        \"SecondaryEmbossingName\": \"consequat ex p\",\n        \"EmbossingPrintOption\": \"None\",\n        \"CardTrnLimitInd\": true,\n        \"CardTrnLimitCode\": \"eiusmod incididunt\",\n        \"CardTrnLimit\": [\n          {\n            \"TrnTypeValue\": \"Debit\",\n            \"TrnSrc\": \"POS\",\n            \"LimitType\": \"TrnMax\",\n            \"CurAmt\": {\n              \"value\": \"<Error: Too many levels of nesting to fake this schema>\"\n            },\n            \"Percent\": 62399923.513420045,\n            \"TempTrnLimitExpDt\": \"2022-04-12\"\n          },\n          {\n            \"TrnTypeValue\": \"DepositAvail\",\n            \"TrnSrc\": \"ATM\",\n            \"LimitType\": \"DailyMax\",\n            \"CurAmt\": {\n              \"value\": \"<Error: Too many levels of nesting to fake this schema>\"\n            },\n            \"Percent\": 72245562.43097925,\n            \"TempTrnLimitExpDt\": \"1978-05-29\"\n          }\n        ],\n        \"AllowWithdrawalDailyLimitInd\": true,\n        \"AllowThirdPartyXferInd\": false,\n        \"AllowInternetInd\": false,\n        \"SwitchCardStatus\": \"aute elit\",\n        \"SwitchCardStatusRequest\": \"nulla\",\n        \"GenerateCardNum\": \"0\",\n        \"GenerateCardOrder\": \"ReplaceCard\",\n        \"GeneratePINMailer\": \"DoNotGenerate\",\n        \"CardPref\": {\n          \"Language\": \"0-9\"\n        },\n        \"FirstUseDt\": \"3499-16-89T30:33\",\n        \"OrigFirstUseDt\": \"0217-87-65T55:51\",\n        \"PreviousExpDt\": \"4782-07-86T64:12\",\n        \"PreviousCardData\": {\n          \"ISOCode\": \"culpa nulla ex Excepteur\",\n          \"CardNum\": \"dolore velit\",\n          \"CardSeqNum\": \"al\",\n          \"CardType\": \"Duis commodo aute eu cupidatat\"\n        },\n        \"ReplacementCardData\": {\n          \"ISOCode\": \"sint Ut\",\n          \"CardNum\": \"eiusmod minim deserun\",\n          \"CardSeqNum\": \"lab\",\n          \"CardType\": \"fugiat incididunt\"\n        },\n        \"UpdaterSvcOptOutInd\": false,\n        \"ReissueCardStatus\": \"pariatu\",\n        \"CardPeriodData\": [\n          {\n            \"CardAmtType\": \"CardUse\",\n            \"LastOccurInd\": true,\n            \"EffDt\": \"6705-10-09\",\n            \"Amt\": -22022196.548310056\n          },\n          {\n            \"CardAmtType\": \"Withdrawal\",\n            \"LastOccurInd\": false,\n            \"EffDt\": \"1365-90-49T00:46:44.375+33:52\",\n            \"Amt\": -7829530.538766563\n          }\n        ],\n        \"PINOffset\": \"dolor dolo\",\n        \"PINInvalidEntryAllowedNum\": 6680485,\n        \"PINLastFailureDt\": \"9052-76-26\",\n        \"RefData\": [\n          {\n            \"RefType\": \"PhotoId\",\n            \"RefIdent\": \"reprehenderit\"\n          },\n          {\n            \"RefType\": \"PhotoId\",\n            \"RefIdent\": \"Ut fugiat\"\n          }\n        ],\n        \"MaintDt\": \"1819-88-70T10:91\",\n        \"MaintBy\": \"veniam do in nulla\",\n        \"MaintFrom\": \"ipsum fugiat \",\n        \"AcctLinkData\": [\n          {\n            \"AcctRef\": {\n              \"value\": \"<Error: Too many levels of nesting to fake this schema>\"\n            },\n            \"OtherAcctRel\": -82382018,\n            \"FinancialTrnOption\": \"AllowAllTrn\",\n            \"Nickname\": \"deserunt aliquip dolore\"\n          },\n          {\n            \"AcctRef\": {\n              \"value\": \"<Error: Too many levels of nesting to fake this schema>\"\n            },\n            \"OtherAcctRel\": 83366966,\n            \"FinancialTrnOption\": \"BlockPOSTrn\",\n            \"Nickname\": \"consequat officia enim\"\n          }\n        ]\n      },\n      \"CardKeys\": {\n        \"CardId\": \"ex cupidatat magna\",\n        \"CardSeqNum\": \"o\"\n      },\n      \"CardStatus\": {\n        \"CardStatusCode\": \"Valid\",\n        \"EffDt\": \"Server Date\"\n      }\n    }\n  ],\n  \"Status\": {\n    \"Severity\": \"Error\",\n    \"StatusCode\": \"amet nul\",\n    \"StatusDesc\": \"enim cupidatat\",\n    \"SvcProviderName\": \"irure\",\n    \"Id\": \"ipsum pariatur nulla aliqua amet\",\n    \"ServerStatusCode\": \"ut\",\n    \"ServerStatusDesc\": \"dolor\",\n    \"OvrdExceptionInd\": false,\n    \"SubjectRole\": \"dolore laborum ut minim eu\",\n    \"SubjectElement\": [\n      {\n        \"Path\": \"incididunt\",\n        \"ServerPath\": \"quis officia in est enim\",\n        \"Value\": \"commodo proident\"\n      },\n      {\n        \"Path\": \"elit laboris\",\n        \"ServerPath\": \"sint consectetur cillum\",\n        \"Value\": \"exercitation velit do in\"\n      }\n    ],\n    \"ContentHTML\": \"Lorem ut irure ex\",\n    \"AdditionalStatus\": [\n      {\n        \"StatusCode\": \"eiu\",\n        \"StatusDesc\": \"Ut\",\n        \"Severity\": \"Error\",\n        \"SvcProviderName\": \"dolore consequat tempor\",\n        \"ServerStatusCode\": \"do in qu\",\n        \"ServerStatusDesc\": \"anim\",\n        \"OvrdExceptionInd\": true,\n        \"SubjectElement\": [\n          {\n            \"Path\": \"dolor cillum sint nostrud irure\",\n            \"ServerPath\": \"deserunt velit laborum id\",\n            \"Value\": \"voluptate\"\n          },\n          {\n            \"Path\": \"exerci\",\n            \"ServerPath\": \"eu dolor\",\n            \"Value\": \"exercitation\"\n          }\n        ]\n      },\n      {\n        \"StatusCode\": \"officia \",\n        \"StatusDesc\": \"anim velit in\",\n        \"Severity\": \"Info\",\n        \"SvcProviderName\": \"proident sed culpa\",\n        \"ServerStatusCode\": \"laboris eiusmod\",\n        \"ServerStatusDesc\": \"do\",\n        \"OvrdExceptionInd\": false,\n        \"SubjectElement\": [\n          {\n            \"Path\": \"ut culpa\",\n            \"ServerPath\": \"laborum elit officia\",\n            \"Value\": \"Excepteur eu\"\n          },\n          {\n            \"Path\": \"voluptat\",\n            \"ServerPath\": \"proident culpa\",\n            \"Value\": \"nisi in\"\n          }\n        ]\n      }\n    ]\n  }\n}","cookie":[],"_postman_previewlanguage":"json"}],"event":[],"protocolProfileBehavior":{"disableBodyPruning":true}},{"id":"93b12cb7-cedd-47e6-acb0-c6f2248414c3","name":"Get Card List.","request":{"name":"Get Card List.","description":{"content":"Retrieves a list of card accounts.\n<br><br>\n        For more information about the Cards domain, <a href=\"../docs/?path=docs/fintechs/cards.md\" title=\"Click to open\">click here.</a> \n        <br><br>\n        <b>Relates to:</b>\n          <ul> \n            <li><a href=\"../docs/?path=docs/banks-and-CU/deposits.md\" title=\"Click to open\">Deposits</a></li>\n            <li><a href=\"../docs/?path=docs/banks-and-CU/loans.md\" title=\"Click to open\">Loans</a></li>\n            <li><a href=\"../docs/?path=docs/banks-and-CU/bank-servicing.md\" title=\"Click to open\">Bank Servicing</a></li>\n          </ul>","type":"text/plain"},"url":{"path":["cardservice","cards","cards","secured","list"],"host":["{{baseUrl}}"],"query":[],"variable":[]},"header":[{"disabled":false,"description":"(Required) EFX Header is a common and required component for all API calls, it contains client-related parameters. Please note that the header parameters should be sent as a JSON object under the EFXHeader parameter. To view the list of header parameters, <a href=\"../docs?path=docs/api-ref-EFX-header.md\" title=\"Click to open\"> click here.</a>","key":"EFXHeader","value":"OrganizationId,<string>,TrnId,<string>,VendorId,<string>,Context,[object Object]"},{"key":"Content-Type","value":"application/json"},{"key":"Accept","value":"application/json"}],"method":"POST","auth":null,"body":{"mode":"raw","raw":"{\n  \"CardListSel\": {\n    \"CardKeys\": {\n      \"CardId\": \"<string>\"\n    },\n    \"PartyKeys\": {\n      \"PartyId\": \"<string>\"\n    },\n    \"AcctKeys\": {\n      \"AcctId\": \"<string>\",\n      \"AcctType\": \"<string>\"\n    },\n    \"Name\": \"<string>\"\n  },\n  \"RecCtrlIn\": {\n    \"MaxRecLimit\": \"<long>\",\n    \"Cursor\": \"<string>\"\n  }\n}","options":{"raw":{"language":"json"}}}},"response":[{"id":"b01ee982-a44c-497c-8f4d-22ccb1a3bc76","name":"Success","originalRequest":{"url":{"path":["cardservice","cards","cards","secured","list"],"host":["{{baseUrl}}"],"query":[],"variable":[]},"header":[{"disabled":false,"description":"(Required) EFX Header is a common and required component for all API calls, it contains client-related parameters. Please note that the header parameters should be sent as a JSON object under the EFXHeader parameter. To view the list of header parameters, <a href=\"../docs?path=docs/api-ref-EFX-header.md\" title=\"Click to open\"> click here.</a>","key":"EFXHeader","value":"OrganizationId,<string>,TrnId,<string>,VendorId,<string>,Context,[object Object]"},{"key":"Accept","value":"application/json"}],"method":"POST","body":{"mode":"raw","raw":"{\n  \"CardListSel\": {\n    \"CardKeys\": {\n      \"CardId\": \"<string>\"\n    },\n    \"PartyKeys\": {\n      \"PartyId\": \"<string>\"\n    },\n    \"AcctKeys\": {\n      \"AcctId\": \"<string>\",\n      \"AcctType\": \"<string>\"\n    },\n    \"Name\": \"<string>\"\n  },\n  \"RecCtrlIn\": {\n    \"MaxRecLimit\": \"<long>\",\n    \"Cursor\": \"<string>\"\n  }\n}","options":{"raw":{"language":"json"}}}},"status":"OK","code":200,"header":[{"key":"Content-Type","value":"application/json"}],"body":"{\n  \"CardListRec\": [\n    {\n      \"CardKeys\": {\n        \"CardId\": \"au\",\n        \"CardSeqNum\": \"nos\"\n      },\n      \"CardListInfo\": {\n        \"CardNum\": \"ea\",\n        \"CardSeqNum\": \"\",\n        \"CardType\": \"exercitation\",\n        \"ProductIdent\": \"ea deserunt eiusmod\",\n        \"Desc\": \"commodo velit enim voluptate\",\n        \"CardDtlStatus\": \"1 to 9 \",\n        \"OpenDt\": \"1982-07-03\",\n        \"ExpDt\": \"1990-03-28\",\n        \"EmbossingName\": \"e\",\n        \"PartyKeys\": {\n          \"PartyId\": \"<string>\"\n        },\n        \"PartyAcctRelData\": [\n          {\n            \"PartyAcctRelType\": \"Assumption\",\n            \"PartyAcctRelOrder\": \"Fifth\"\n          },\n          {\n            \"PartyAcctRelType\": \"PersonalRep\",\n            \"PartyAcctRelOrder\": \"Fifth\"\n          }\n        ],\n        \"RestrictedInd\": true\n      },\n      \"CardStatus\": {\n        \"CardStatusCode\": \"Valid\",\n        \"EffDt\": \"2045-71-04\"\n      }\n    },\n    {\n      \"CardKeys\": {\n        \"CardId\": \"ipsum in Excepteur conseq\",\n        \"CardSeqNum\": \"\"\n      },\n      \"CardListInfo\": {\n        \"CardNum\": \"laborum Ut c\",\n        \"CardSeqNum\": \"ir\",\n        \"CardType\": \"quis ad Ut sunt\",\n        \"ProductIdent\": \"proident sed ut non\",\n        \"Desc\": \"Ut anim\",\n        \"CardDtlStatus\": \"1 to 9 \",\n        \"OpenDt\": \"2002-12-10\",\n        \"ExpDt\": \"1959-12-27\",\n        \"EmbossingName\": \"aliquip nisi ex do\",\n        \"PartyKeys\": {\n          \"PartyId\": \"<string>\"\n        },\n        \"PartyAcctRelData\": [\n          {\n            \"PartyAcctRelType\": \"Related\",\n            \"PartyAcctRelOrder\": \"Fourth\"\n          },\n          {\n            \"PartyAcctRelType\": \"JointTenantInCommon\",\n            \"PartyAcctRelOrder\": \"First\"\n          }\n        ],\n        \"RestrictedInd\": false\n      },\n      \"CardStatus\": {\n        \"CardStatusCode\": \"Valid\",\n        \"EffDt\": \"3373-06-77\"\n      }\n    }\n  ],\n  \"Status\": {\n    \"Severity\": \"Warning\",\n    \"StatusCode\": \"dolore reprehen\",\n    \"StatusDesc\": \"labore laborum magna sed qui\",\n    \"SvcProviderName\": \"sunt nisi irure non officia\",\n    \"Id\": \"eiusmod veniam est nostrud sed\",\n    \"ServerStatusCode\": \"do\",\n    \"ServerStatusDesc\": \"sed dolor occaecat voluptate exercitation\",\n    \"OvrdExceptionInd\": true,\n    \"SubjectRole\": \"elit conse\",\n    \"SubjectElement\": [\n      {\n        \"Path\": \"Ut ut eiusmod\",\n        \"ServerPath\": \"nostrud cupidatat mollit Lorem\",\n        \"Value\": \"Ut labore in veniam esse\"\n      },\n      {\n        \"Path\": \"labore consectetur ex velit officia\",\n        \"ServerPath\": \"est ullamco\",\n        \"Value\": \"mollit id\"\n      }\n    ],\n    \"ContentHTML\": \"sit minim Ut qui\",\n    \"AdditionalStatus\": [\n      {\n        \"StatusCode\": \"Except\",\n        \"StatusDesc\": \"Duis ea al\",\n        \"Severity\": \"Error\",\n        \"SvcProviderName\": \"minim eu\",\n        \"ServerStatusCode\": \"voluptate laboris d\",\n        \"ServerStatusDesc\": \"culpa\",\n        \"OvrdExceptionInd\": false,\n        \"SubjectElement\": [\n          {\n            \"Path\": \"id dolor\",\n            \"ServerPath\": \"consectetur nisi su\",\n            \"Value\": \"dolor Duis id\"\n          },\n          {\n            \"Path\": \"in elit officia est consectetur\",\n            \"ServerPath\": \"mollit ea laboris id\",\n            \"Value\": \"minim \"\n          }\n        ]\n      },\n      {\n        \"StatusCode\": \"Lor\",\n        \"StatusDesc\": \"ipsum labore commod\",\n        \"Severity\": \"Info\",\n        \"SvcProviderName\": \"minim dolor\",\n        \"ServerStatusCode\": \"esse in \",\n        \"ServerStatusDesc\": \"minim est\",\n        \"OvrdExceptionInd\": true,\n        \"SubjectElement\": [\n          {\n            \"Path\": \"do nulla\",\n            \"ServerPath\": \"cillum sint\",\n            \"Value\": \"eiusmod\"\n          },\n          {\n            \"Path\": \"fugiat anim ex\",\n            \"ServerPath\": \"adipisicing \",\n            \"Value\": \"minim dolore\"\n          }\n        ]\n      }\n    ]\n  },\n  \"RecCtrlOut\": {\n    \"SentRecCount\": -63961272,\n    \"MatchedRecCount\": -85786693,\n    \"Cursor\": \"sed ut consequat\"\n  }\n}","cookie":[],"_postman_previewlanguage":"json"},{"id":"8ff4c16c-d2c0-434b-baf9-314fd41927bc","name":"To view the complete list of response codes, <a href=\"../docs/?path=docs/response-codes.md\" title=\"Click to open\">click here.</a>","originalRequest":{"url":{"path":["cardservice","cards","cards","secured","list"],"host":["{{baseUrl}}"],"query":[],"variable":[]},"header":[{"disabled":false,"description":"(Required) EFX Header is a common and required component for all API calls, it contains client-related parameters. Please note that the header parameters should be sent as a JSON object under the EFXHeader parameter. To view the list of header parameters, <a href=\"../docs?path=docs/api-ref-EFX-header.md\" title=\"Click to open\"> click here.</a>","key":"EFXHeader","value":"OrganizationId,<string>,TrnId,<string>,VendorId,<string>,Context,[object Object]"},{"key":"Accept","value":"application/json"}],"method":"POST","body":{"mode":"raw","raw":"{\n  \"CardListSel\": {\n    \"CardKeys\": {\n      \"CardId\": \"<string>\"\n    },\n    \"PartyKeys\": {\n      \"PartyId\": \"<string>\"\n    },\n    \"AcctKeys\": {\n      \"AcctId\": \"<string>\",\n      \"AcctType\": \"<string>\"\n    },\n    \"Name\": \"<string>\"\n  },\n  \"RecCtrlIn\": {\n    \"MaxRecLimit\": \"<long>\",\n    \"Cursor\": \"<string>\"\n  }\n}","options":{"raw":{"language":"json"}}}},"status":"Internal Server Error","code":500,"header":[{"key":"Content-Type","value":"application/json"}],"body":"{\n  \"CardListRec\": [\n    {\n      \"CardKeys\": {\n        \"CardId\": \"minim dolor nulla\",\n        \"CardSeqNum\": \"\"\n      },\n      \"CardListInfo\": {\n        \"CardNum\": \"nostrud voluptate est culpa\",\n        \"CardSeqNum\": \"ut\",\n        \"CardType\": \"eu sint id sed\",\n        \"ProductIdent\": \"dolore\",\n        \"Desc\": \"ut\",\n        \"CardDtlStatus\": \"1 to 9 \",\n        \"OpenDt\": \"2007-01-10\",\n        \"ExpDt\": \"1974-02-07\",\n        \"EmbossingName\": \"id sint\",\n        \"PartyKeys\": {\n          \"PartyId\": \"<string>\"\n        },\n        \"PartyAcctRelData\": [\n          {\n            \"PartyAcctRelType\": \"Administrator\",\n            \"PartyAcctRelOrder\": \"Fourth\"\n          },\n          {\n            \"PartyAcctRelType\": \"JointTenantInCommon\",\n            \"PartyAcctRelOrder\": \"First\"\n          }\n        ],\n        \"RestrictedInd\": true\n      },\n      \"CardStatus\": {\n        \"CardStatusCode\": \"Valid\",\n        \"EffDt\": \"9233-71-59\"\n      }\n    },\n    {\n      \"CardKeys\": {\n        \"CardId\": \"aliquip amet ex dol\",\n        \"CardSeqNum\": \"\"\n      },\n      \"CardListInfo\": {\n        \"CardNum\": \"dolor ullamco \",\n        \"CardSeqNum\": \"nis\",\n        \"CardType\": \"sed\",\n        \"ProductIdent\": \"Duis elit ipsum\",\n        \"Desc\": \"amet veniam ad ex tempor\",\n        \"CardDtlStatus\": \"1 to 9 \",\n        \"OpenDt\": \"1964-11-23\",\n        \"ExpDt\": \"2012-05-02\",\n        \"EmbossingName\": \"nostrud fugiat\",\n        \"PartyKeys\": {\n          \"PartyId\": \"<string>\"\n        },\n        \"PartyAcctRelData\": [\n          {\n            \"PartyAcctRelType\": \"Trustee\",\n            \"PartyAcctRelOrder\": \"First\"\n          },\n          {\n            \"PartyAcctRelType\": \"Trustee\",\n            \"PartyAcctRelOrder\": \"Second\"\n          }\n        ],\n        \"RestrictedInd\": false\n      },\n      \"CardStatus\": {\n        \"CardStatusCode\": \"Valid\",\n        \"EffDt\": \"8480-58-99\"\n      }\n    }\n  ],\n  \"Status\": {\n    \"Severity\": \"Error\",\n    \"StatusCode\": \"con\",\n    \"StatusDesc\": \"ex Duis ea laborum\",\n    \"SvcProviderName\": \"qui enim in sint\",\n    \"Id\": \"aute consequat ad deserunt\",\n    \"ServerStatusCode\": \"\",\n    \"ServerStatusDesc\": \"Duis\",\n    \"OvrdExceptionInd\": true,\n    \"SubjectRole\": \"ut\",\n    \"SubjectElement\": [\n      {\n        \"Path\": \"ex non qui esse\",\n        \"ServerPath\": \"proident dolor dolore\",\n        \"Value\": \"ea esse\"\n      },\n      {\n        \"Path\": \"quis nostrud tempor\",\n        \"ServerPath\": \"\",\n        \"Value\": \"cillum consectetur\"\n      }\n    ],\n    \"ContentHTML\": \"sit adipisicing\",\n    \"AdditionalStatus\": [\n      {\n        \"StatusCode\": \"ex ipsum exercit\",\n        \"StatusDesc\": \"ut tempor\",\n        \"Severity\": \"Warning\",\n        \"SvcProviderName\": \"fugiat nostrud\",\n        \"ServerStatusCode\": \"dese\",\n        \"ServerStatusDesc\": \"pariatur ea veniam\",\n        \"OvrdExceptionInd\": true,\n        \"SubjectElement\": [\n          {\n            \"Path\": \"mollit esse ipsum \",\n            \"ServerPath\": \"Duis\",\n            \"Value\": \"tempor proident deserunt nulla\"\n          },\n          {\n            \"Path\": \"in sit elit ullamco ipsum\",\n            \"ServerPath\": \"do ut\",\n            \"Value\": \"fugiat cupidatat aliquip occaecat\"\n          }\n        ]\n      },\n      {\n        \"StatusCode\": \"q\",\n        \"StatusDesc\": \"in Ut quis\",\n        \"Severity\": \"Error\",\n        \"SvcProviderName\": \"pariatur anim voluptate fugiat\",\n        \"ServerStatusCode\": \"t\",\n        \"ServerStatusDesc\": \"quis dolore ad\",\n        \"OvrdExceptionInd\": true,\n        \"SubjectElement\": [\n          {\n            \"Path\": \"Lorem\",\n            \"ServerPath\": \"dolore sit magna\",\n            \"Value\": \"mollit aliquip cupidatat eiusmod\"\n          },\n          {\n            \"Path\": \"enim nulla\",\n            \"ServerPath\": \"cupidatat elit voluptate cillum\",\n            \"Value\": \"officia\"\n          }\n        ]\n      }\n    ]\n  },\n  \"RecCtrlOut\": {\n    \"SentRecCount\": 73875826,\n    \"MatchedRecCount\": 55908679,\n    \"Cursor\": \"ut eu esse\"\n  }\n}","cookie":[],"_postman_previewlanguage":"json"}],"event":[],"protocolProfileBehavior":{"disableBodyPruning":true}}],"event":[]}],"event":[]}],"event":[],"variable":[{"type":"string","value":"https://swaggerhub.onefiserv.net/virts/Bank_Sol_Org/CardService/11.0.0_SIG","key":"baseUrl"}],"info":{"_postman_id":"4bb42214-2747-468a-98b8-6bc9437e7d33","name":"Card Service","schema":"https://schema.getpostman.com/json/collection/v2.1.0/collection.json","description":{"content":" The Card service provides administration in respect to creation, modification, inquiry, and deletion of any type of EFT cards used by the holders. It supports operations managing the credit, debit, prepaid and private label cards.","type":"text/plain"}}}