{"item":[{"id":"d996bcbf-9c25-4b6b-859f-8749ba3fc1a8","name":"cardservice/cards/cards","item":[{"id":"c67fac0a-2911-40cf-8865-5655648e1a23","name":"Update Card.","request":{"name":"Update Card.","description":{"content":"Update Card API modifies the account details related to an existing Electronic Fund Transfer (EFT) card.<br>For this API, the client application does not require to provide the final state of the card record to update the card information. Client application can provide the standalone elements or aggregates in the request that needs to be updated.<br>For Signature, this API also supports limited options to delete the card data. The client application should send no data in the character or enumeration data type fields, 0000-00-00 in a date field, 0.00 in a decimal field and 0 in the long data type field in a request for which Signature allows the data to be deleted.","type":"text/plain"},"url":{"path":["cardservice","cards","cards"],"host":["{{baseUrl}}"],"query":[],"variable":[]},"header":[{"disabled":false,"description":"(Required) EFX Header is a common and required component for all API calls, it contains client-related parameters. Please note that the header parameters should be sent as a JSON object under the EFXHeader parameter. To view the list of header parameters, <a href=\"../docs?path=docs/api-ref-EFX-header.md\" title=\"Click to open\"> click here.</a>","key":"EFXHeader","value":"OrganizationId,<string>,TrnId,<string>,VendorId,<string>,Context,[object Object]"},{"key":"Content-Type","value":"application/json"},{"key":"Accept","value":"application/json"}],"method":"PUT","auth":null,"body":{"mode":"raw","raw":"{\n  \"CardInfo\": {\n    \"CardDtlStatus\": \"<string>\",\n    \"CardSurchargeOption\": \"<string>\",\n    \"CardFee\": [\n      {\n        \"CardFeeType\": \"<string>\",\n        \"WaiveFeeInd\": \"<boolean>\",\n        \"NextFeeDt\": \"<date>\"\n      },\n      {\n        \"CardFeeType\": \"<string>\",\n        \"WaiveFeeInd\": \"<boolean>\",\n        \"NextFeeDt\": \"<date>\"\n      }\n    ],\n    \"ExpDt\": \"<date>\",\n    \"ExpDay\": \"<string>\",\n    \"NextIssueDt\": \"<string>\",\n    \"CardCategory\": \"<string>\",\n    \"EmbossingName\": \"<string>\",\n    \"SecondaryEmbossingName\": \"<string>\",\n    \"EmbossingPrintOption\": \"<string>\",\n    \"CardTrnLimitInd\": \"<boolean>\",\n    \"CardTrnLimitCode\": \"<string>\",\n    \"CardTrnLimit\": [\n      {\n        \"TrnTypeValue\": \"<string>\",\n        \"TrnSrc\": \"<string>\",\n        \"LimitType\": \"<string>\",\n        \"CurAmt\": {\n          \"Amt\": \"<number>\",\n          \"CurCode\": {\n            \"CurCodeValue\": {\n              \"value\": \"<Error: Too many levels of nesting to fake this schema>\"\n            },\n            \"CurCodeType\": {\n              \"value\": \"<Error: Too many levels of nesting to fake this schema>\"\n            }\n          }\n        },\n        \"Percent\": \"<number>\",\n        \"TempTrnLimitExpDt\": \"<date>\"\n      },\n      {\n        \"TrnTypeValue\": \"<string>\",\n        \"TrnSrc\": \"<string>\",\n        \"LimitType\": \"<string>\",\n        \"CurAmt\": {\n          \"Amt\": \"<number>\",\n          \"CurCode\": {\n            \"CurCodeValue\": {\n              \"value\": \"<Error: Too many levels of nesting to fake this schema>\"\n            },\n            \"CurCodeType\": {\n              \"value\": \"<Error: Too many levels of nesting to fake this schema>\"\n            }\n          }\n        },\n        \"Percent\": \"<number>\",\n        \"TempTrnLimitExpDt\": \"<date>\"\n      }\n    ],\n    \"AllowWithdrawalDailyLimitInd\": \"<boolean>\",\n    \"AllowThirdPartyXferInd\": \"<boolean>\",\n    \"AllowInternetInd\": \"<boolean>\",\n    \"SwitchCardStatusRequest\": \"<string>\",\n    \"GenerateCardNum\": \"<string>\",\n    \"GenerateCardOrder\": \"<string>\",\n    \"GeneratePINMailer\": \"<string>\",\n    \"CardPref\": {\n      \"Language\": \"<string>\"\n    },\n    \"PreviousExpDt\": \"<string>\",\n    \"PreviousCardData\": {\n      \"ISOCode\": \"<string>\",\n      \"CardNum\": \"<string>\",\n      \"CardSeqNum\": \"<string>\",\n      \"CardType\": \"<string>\"\n    },\n    \"ReplacementCardData\": {\n      \"ISOCode\": \"<string>\",\n      \"CardNum\": \"<string>\",\n      \"CardSeqNum\": \"<string>\",\n      \"CardType\": \"<string>\"\n    },\n    \"UpdaterSvcOptOutInd\": \"<boolean>\",\n    \"ReissueCardStatus\": \"<string>\",\n    \"PINOffset\": \"<string>\",\n    \"PINInvalidEntryAllowedNum\": \"<long>\",\n    \"RefData\": [\n      {\n        \"RefType\": \"<string>\",\n        \"RefIdent\": \"<string>\"\n      },\n      {\n        \"RefType\": \"<string>\",\n        \"RefIdent\": \"<string>\"\n      }\n    ]\n  },\n  \"CardKeys\": {\n    \"CardId\": \"<string>\",\n    \"CardSeqNum\": \"<string>\"\n  }\n}","options":{"raw":{"language":"json"}}}},"response":[{"id":"7dc1ad63-c58a-4169-b1bc-ae56ae447b99","name":"Success","originalRequest":{"url":{"path":["cardservice","cards","cards"],"host":["{{baseUrl}}"],"query":[],"variable":[]},"header":[{"disabled":false,"description":"(Required) EFX Header is a common and required component for all API calls, it contains client-related parameters. Please note that the header parameters should be sent as a JSON object under the EFXHeader parameter. To view the list of header parameters, <a href=\"../docs?path=docs/api-ref-EFX-header.md\" title=\"Click to open\"> click here.</a>","key":"EFXHeader","value":"OrganizationId,<string>,TrnId,<string>,VendorId,<string>,Context,[object Object]"},{"key":"Accept","value":"application/json"}],"method":"PUT","body":{"mode":"raw","raw":"{\n  \"CardInfo\": {\n    \"CardDtlStatus\": \"<string>\",\n    \"CardSurchargeOption\": \"<string>\",\n    \"CardFee\": [\n      {\n        \"CardFeeType\": \"<string>\",\n        \"WaiveFeeInd\": \"<boolean>\",\n        \"NextFeeDt\": \"<date>\"\n      },\n      {\n        \"CardFeeType\": \"<string>\",\n        \"WaiveFeeInd\": \"<boolean>\",\n        \"NextFeeDt\": \"<date>\"\n      }\n    ],\n    \"ExpDt\": \"<date>\",\n    \"ExpDay\": \"<string>\",\n    \"NextIssueDt\": \"<string>\",\n    \"CardCategory\": \"<string>\",\n    \"EmbossingName\": \"<string>\",\n    \"SecondaryEmbossingName\": \"<string>\",\n    \"EmbossingPrintOption\": \"<string>\",\n    \"CardTrnLimitInd\": \"<boolean>\",\n    \"CardTrnLimitCode\": \"<string>\",\n    \"CardTrnLimit\": [\n      {\n        \"TrnTypeValue\": \"<string>\",\n        \"TrnSrc\": \"<string>\",\n        \"LimitType\": \"<string>\",\n        \"CurAmt\": {\n          \"Amt\": \"<number>\",\n          \"CurCode\": {\n            \"CurCodeValue\": {\n              \"value\": \"<Error: Too many levels of nesting to fake this schema>\"\n            },\n            \"CurCodeType\": {\n              \"value\": \"<Error: Too many levels of nesting to fake this schema>\"\n            }\n          }\n        },\n        \"Percent\": \"<number>\",\n        \"TempTrnLimitExpDt\": \"<date>\"\n      },\n      {\n        \"TrnTypeValue\": \"<string>\",\n        \"TrnSrc\": \"<string>\",\n        \"LimitType\": \"<string>\",\n        \"CurAmt\": {\n          \"Amt\": \"<number>\",\n          \"CurCode\": {\n            \"CurCodeValue\": {\n              \"value\": \"<Error: Too many levels of nesting to fake this schema>\"\n            },\n            \"CurCodeType\": {\n              \"value\": \"<Error: Too many levels of nesting to fake this schema>\"\n            }\n          }\n        },\n        \"Percent\": \"<number>\",\n        \"TempTrnLimitExpDt\": \"<date>\"\n      }\n    ],\n    \"AllowWithdrawalDailyLimitInd\": \"<boolean>\",\n    \"AllowThirdPartyXferInd\": \"<boolean>\",\n    \"AllowInternetInd\": \"<boolean>\",\n    \"SwitchCardStatusRequest\": \"<string>\",\n    \"GenerateCardNum\": \"<string>\",\n    \"GenerateCardOrder\": \"<string>\",\n    \"GeneratePINMailer\": \"<string>\",\n    \"CardPref\": {\n      \"Language\": \"<string>\"\n    },\n    \"PreviousExpDt\": \"<string>\",\n    \"PreviousCardData\": {\n      \"ISOCode\": \"<string>\",\n      \"CardNum\": \"<string>\",\n      \"CardSeqNum\": \"<string>\",\n      \"CardType\": \"<string>\"\n    },\n    \"ReplacementCardData\": {\n      \"ISOCode\": \"<string>\",\n      \"CardNum\": \"<string>\",\n      \"CardSeqNum\": \"<string>\",\n      \"CardType\": \"<string>\"\n    },\n    \"UpdaterSvcOptOutInd\": \"<boolean>\",\n    \"ReissueCardStatus\": \"<string>\",\n    \"PINOffset\": \"<string>\",\n    \"PINInvalidEntryAllowedNum\": \"<long>\",\n    \"RefData\": [\n      {\n        \"RefType\": \"<string>\",\n        \"RefIdent\": \"<string>\"\n      },\n      {\n        \"RefType\": \"<string>\",\n        \"RefIdent\": \"<string>\"\n      }\n    ]\n  },\n  \"CardKeys\": {\n    \"CardId\": \"<string>\",\n    \"CardSeqNum\": \"<string>\"\n  }\n}","options":{"raw":{"language":"json"}}}},"status":"OK","code":200,"header":[{"key":"Content-Type","value":"application/json"}],"body":"{\n  \"CardStatusRec\": {\n    \"CardKeys\": {\n      \"CardId\": \"ullamco re\",\n      \"CardSeqNum\": \"in \"\n    },\n    \"CardStatus\": {\n      \"CardStatusCode\": \"Valid\",\n      \"EffDt\": \"7973-18-88T69:38\"\n    }\n  },\n  \"Status\": {\n    \"Severity\": \"Warning\",\n    \"StatusCode\": \"adipisicing \",\n    \"StatusDesc\": \"magna Ut esse\",\n    \"SvcProviderName\": \"occaecat\",\n    \"Id\": \"qui amet id Ut Duis\",\n    \"ServerStatusCode\": \"eiusmod mollit\",\n    \"ServerStatusDesc\": \"eu consequat\",\n    \"OvrdExceptionInd\": false,\n    \"SubjectRole\": \"exercitation\",\n    \"SubjectElement\": [\n      {\n        \"Path\": \"nulla et\",\n        \"ServerPath\": \"ex labore nulla\",\n        \"Value\": \"incididunt esse irure dolor\"\n      },\n      {\n        \"Path\": \"exercitation incididunt re\",\n        \"ServerPath\": \"ven\",\n        \"Value\": \"est culp\"\n      }\n    ],\n    \"ContentHTML\": \"Duis ad irure nostrud\",\n    \"AdditionalStatus\": [\n      {\n        \"StatusCode\": \"ea\",\n        \"StatusDesc\": \"veniam eu\",\n        \"Severity\": \"Info\",\n        \"SvcProviderName\": \"tempor ex\",\n        \"ServerStatusCode\": \"amet exe\",\n        \"ServerStatusDesc\": \"culpa sint sit laborum\",\n        \"OvrdExceptionInd\": false,\n        \"SubjectElement\": [\n          {\n            \"Path\": \"incididunt enim\",\n            \"ServerPath\": \"adipisicing aliquip\",\n            \"Value\": \"est dolor in esse\"\n          },\n          {\n            \"Path\": \"dolore nisi\",\n            \"ServerPath\": \"pariatur sed irure mollit\",\n            \"Value\": \"occaecat ex Duis laborum\"\n          }\n        ]\n      },\n      {\n        \"StatusCode\": \"dolor labor\",\n        \"StatusDesc\": \"in proident velit consectetur\",\n        \"Severity\": \"Error\",\n        \"SvcProviderName\": \"dolore laboris aliqua\",\n        \"ServerStatusCode\": \"Excepteur in q\",\n        \"ServerStatusDesc\": \"non veniam ad\",\n        \"OvrdExceptionInd\": false,\n        \"SubjectElement\": [\n          {\n            \"Path\": \"et deserunt in mollit\",\n            \"ServerPath\": \"incididunt sint deserunt pariatur\",\n            \"Value\": \"dolor quis in aute\"\n          },\n          {\n            \"Path\": \"laborum\",\n            \"ServerPath\": \"cupidatat ut\",\n            \"Value\": \"in anim\"\n          }\n        ]\n      }\n    ]\n  }\n}","cookie":[],"_postman_previewlanguage":"json"},{"id":"25b00881-dd42-45e4-a561-ad4d2eda6cd7","name":"To view the complete list of response codes, <a href=\"../docs/?path=docs/response-codes.md\" title=\"Click to open\">click here.</a>","originalRequest":{"url":{"path":["cardservice","cards","cards"],"host":["{{baseUrl}}"],"query":[],"variable":[]},"header":[{"disabled":false,"description":"(Required) EFX Header is a common and required component for all API calls, it contains client-related parameters. Please note that the header parameters should be sent as a JSON object under the EFXHeader parameter. To view the list of header parameters, <a href=\"../docs?path=docs/api-ref-EFX-header.md\" title=\"Click to open\"> click here.</a>","key":"EFXHeader","value":"OrganizationId,<string>,TrnId,<string>,VendorId,<string>,Context,[object Object]"},{"key":"Accept","value":"application/json"}],"method":"PUT","body":{"mode":"raw","raw":"{\n  \"CardInfo\": {\n    \"CardDtlStatus\": \"<string>\",\n    \"CardSurchargeOption\": \"<string>\",\n    \"CardFee\": [\n      {\n        \"CardFeeType\": \"<string>\",\n        \"WaiveFeeInd\": \"<boolean>\",\n        \"NextFeeDt\": \"<date>\"\n      },\n      {\n        \"CardFeeType\": \"<string>\",\n        \"WaiveFeeInd\": \"<boolean>\",\n        \"NextFeeDt\": \"<date>\"\n      }\n    ],\n    \"ExpDt\": \"<date>\",\n    \"ExpDay\": \"<string>\",\n    \"NextIssueDt\": \"<string>\",\n    \"CardCategory\": \"<string>\",\n    \"EmbossingName\": \"<string>\",\n    \"SecondaryEmbossingName\": \"<string>\",\n    \"EmbossingPrintOption\": \"<string>\",\n    \"CardTrnLimitInd\": \"<boolean>\",\n    \"CardTrnLimitCode\": \"<string>\",\n    \"CardTrnLimit\": [\n      {\n        \"TrnTypeValue\": \"<string>\",\n        \"TrnSrc\": \"<string>\",\n        \"LimitType\": \"<string>\",\n        \"CurAmt\": {\n          \"Amt\": \"<number>\",\n          \"CurCode\": {\n            \"CurCodeValue\": {\n              \"value\": \"<Error: Too many levels of nesting to fake this schema>\"\n            },\n            \"CurCodeType\": {\n              \"value\": \"<Error: Too many levels of nesting to fake this schema>\"\n            }\n          }\n        },\n        \"Percent\": \"<number>\",\n        \"TempTrnLimitExpDt\": \"<date>\"\n      },\n      {\n        \"TrnTypeValue\": \"<string>\",\n        \"TrnSrc\": \"<string>\",\n        \"LimitType\": \"<string>\",\n        \"CurAmt\": {\n          \"Amt\": \"<number>\",\n          \"CurCode\": {\n            \"CurCodeValue\": {\n              \"value\": \"<Error: Too many levels of nesting to fake this schema>\"\n            },\n            \"CurCodeType\": {\n              \"value\": \"<Error: Too many levels of nesting to fake this schema>\"\n            }\n          }\n        },\n        \"Percent\": \"<number>\",\n        \"TempTrnLimitExpDt\": \"<date>\"\n      }\n    ],\n    \"AllowWithdrawalDailyLimitInd\": \"<boolean>\",\n    \"AllowThirdPartyXferInd\": \"<boolean>\",\n    \"AllowInternetInd\": \"<boolean>\",\n    \"SwitchCardStatusRequest\": \"<string>\",\n    \"GenerateCardNum\": \"<string>\",\n    \"GenerateCardOrder\": \"<string>\",\n    \"GeneratePINMailer\": \"<string>\",\n    \"CardPref\": {\n      \"Language\": \"<string>\"\n    },\n    \"PreviousExpDt\": \"<string>\",\n    \"PreviousCardData\": {\n      \"ISOCode\": \"<string>\",\n      \"CardNum\": \"<string>\",\n      \"CardSeqNum\": \"<string>\",\n      \"CardType\": \"<string>\"\n    },\n    \"ReplacementCardData\": {\n      \"ISOCode\": \"<string>\",\n      \"CardNum\": \"<string>\",\n      \"CardSeqNum\": \"<string>\",\n      \"CardType\": \"<string>\"\n    },\n    \"UpdaterSvcOptOutInd\": \"<boolean>\",\n    \"ReissueCardStatus\": \"<string>\",\n    \"PINOffset\": \"<string>\",\n    \"PINInvalidEntryAllowedNum\": \"<long>\",\n    \"RefData\": [\n      {\n        \"RefType\": \"<string>\",\n        \"RefIdent\": \"<string>\"\n      },\n      {\n        \"RefType\": \"<string>\",\n        \"RefIdent\": \"<string>\"\n      }\n    ]\n  },\n  \"CardKeys\": {\n    \"CardId\": \"<string>\",\n    \"CardSeqNum\": \"<string>\"\n  }\n}","options":{"raw":{"language":"json"}}}},"status":"Internal Server Error","code":500,"header":[{"key":"Content-Type","value":"application/json"}],"body":"{\n  \"CardStatusRec\": {\n    \"CardKeys\": {\n      \"CardId\": \"dolor\",\n      \"CardSeqNum\": \"qu\"\n    },\n    \"CardStatus\": {\n      \"CardStatusCode\": \"Valid\",\n      \"EffDt\": \"9854-86-61T30:62:40.872\"\n    }\n  },\n  \"Status\": {\n    \"Severity\": \"Info\",\n    \"StatusCode\": \"ut reprehenderit ea\",\n    \"StatusDesc\": \"adipisicing ad sed\",\n    \"SvcProviderName\": \"ut esse sint pariatur nulla\",\n    \"Id\": \"nostrud laborum labore\",\n    \"ServerStatusCode\": \"aliqua magn\",\n    \"ServerStatusDesc\": \"aute et minim\",\n    \"OvrdExceptionInd\": false,\n    \"SubjectRole\": \"culpa ullamco ipsum et\",\n    \"SubjectElement\": [\n      {\n        \"Path\": \"id nulla pariatur culpa\",\n        \"ServerPath\": \"eu mollit exercitation\",\n        \"Value\": \"ipsum veniam amet aliqua\"\n      },\n      {\n        \"Path\": \"voluptate Lorem\",\n        \"ServerPath\": \"ad in dolor\",\n        \"Value\": \"officia ipsum dolor enim\"\n      }\n    ],\n    \"ContentHTML\": \"veniam velit nostrud ullamco\",\n    \"AdditionalStatus\": [\n      {\n        \"StatusCode\": \"dolor cons\",\n        \"StatusDesc\": \"est\",\n        \"Severity\": \"Error\",\n        \"SvcProviderName\": \"deserunt pariatur\",\n        \"ServerStatusCode\": \"dolor Lore\",\n        \"ServerStatusDesc\": \"ut dolor anim\",\n        \"OvrdExceptionInd\": true,\n        \"SubjectElement\": [\n          {\n            \"Path\": \"deserunt laboris aliqua sunt\",\n            \"ServerPath\": \"Lorem\",\n            \"Value\": \"nisi tempor\"\n          },\n          {\n            \"Path\": \"eiusmod nulla eu aute\",\n            \"ServerPath\": \"ullamco enim consectetur elit deserunt\",\n            \"Value\": \"voluptate Duis\"\n          }\n        ]\n      },\n      {\n        \"StatusCode\": \"incididun\",\n        \"StatusDesc\": \"officia occaecat amet ipsum\",\n        \"Severity\": \"Info\",\n        \"SvcProviderName\": \"voluptate incididunt\",\n        \"ServerStatusCode\": \"dolor es\",\n        \"ServerStatusDesc\": \"Duis dolor Ut et\",\n        \"OvrdExceptionInd\": true,\n        \"SubjectElement\": [\n          {\n            \"Path\": \"id\",\n            \"ServerPath\": \"officia consectetur cupidatat\",\n            \"Value\": \"ut dolor in nisi\"\n          },\n          {\n            \"Path\": \"dolore consequat\",\n            \"ServerPath\": \"Excepteur\",\n            \"Value\": \"Excepteur eu\"\n          }\n        ]\n      }\n    ]\n  }\n}","cookie":[],"_postman_previewlanguage":"json"}],"event":[],"protocolProfileBehavior":{"disableBodyPruning":true}},{"id":"bc9f379c-3626-4c72-a749-2703069be34d","name":"Add Card","request":{"name":"Add Card","description":{"content":"Add Card API adds an Electronic Fund Transfer (EFT) card account that the customer uses to perform transactions electronically. ","type":"text/plain"},"url":{"path":["cardservice","cards","cards"],"host":["{{baseUrl}}"],"query":[],"variable":[]},"header":[{"disabled":false,"description":"(Required) EFX Header is a common and required component for all API calls, it contains client-related parameters. Please note that the header parameters should be sent as a JSON object under the EFXHeader parameter. To view the list of header parameters, <a href=\"../docs?path=docs/api-ref-EFX-header.md\" title=\"Click to open\"> click here.</a>","key":"EFXHeader","value":"OrganizationId,<string>,TrnId,<string>,VendorId,<string>,Context,[object Object]"},{"key":"Content-Type","value":"application/json"},{"key":"Accept","value":"application/json"}],"method":"POST","auth":null,"body":{"mode":"raw","raw":"{\n  \"CardInfo\": {\n    \"CardNum\": \"<string>\",\n    \"CardSeqNum\": \"<string>\",\n    \"CardType\": \"<string>\",\n    \"ProductIdent\": \"<string>\",\n    \"CardDtlStatus\": \"<string>\",\n    \"CardSurchargeOption\": \"<string>\",\n    \"CardFee\": [\n      {\n        \"CardFeeType\": \"<string>\",\n        \"WaiveFeeInd\": \"<boolean>\",\n        \"NextFeeDt\": \"<date>\"\n      },\n      {\n        \"CardFeeType\": \"<string>\",\n        \"WaiveFeeInd\": \"<boolean>\",\n        \"NextFeeDt\": \"<date>\"\n      }\n    ],\n    \"ExpDt\": \"<date>\",\n    \"ExpDay\": \"<string>\",\n    \"NextIssueDt\": \"<string>\",\n    \"CardCategory\": \"<string>\",\n    \"EmbossingName\": \"<string>\",\n    \"SecondaryEmbossingName\": \"<string>\",\n    \"EmbossingPrintOption\": \"<string>\",\n    \"CardTrnLimitInd\": \"<boolean>\",\n    \"CardTrnLimitCode\": \"<string>\",\n    \"CardTrnLimit\": [\n      {\n        \"TrnTypeValue\": \"<string>\",\n        \"TrnSrc\": \"<string>\",\n        \"LimitType\": \"<string>\",\n        \"CurAmt\": {\n          \"Amt\": \"<number>\",\n          \"CurCode\": {\n            \"CurCodeValue\": {\n              \"value\": \"<Error: Too many levels of nesting to fake this schema>\"\n            },\n            \"CurCodeType\": {\n              \"value\": \"<Error: Too many levels of nesting to fake this schema>\"\n            }\n          }\n        },\n        \"Percent\": \"<number>\",\n        \"TempTrnLimitExpDt\": \"<date>\"\n      },\n      {\n        \"TrnTypeValue\": \"<string>\",\n        \"TrnSrc\": \"<string>\",\n        \"LimitType\": \"<string>\",\n        \"CurAmt\": {\n          \"Amt\": \"<number>\",\n          \"CurCode\": {\n            \"CurCodeValue\": {\n              \"value\": \"<Error: Too many levels of nesting to fake this schema>\"\n            },\n            \"CurCodeType\": {\n              \"value\": \"<Error: Too many levels of nesting to fake this schema>\"\n            }\n          }\n        },\n        \"Percent\": \"<number>\",\n        \"TempTrnLimitExpDt\": \"<date>\"\n      }\n    ],\n    \"AllowWithdrawalDailyLimitInd\": \"<boolean>\",\n    \"AllowThirdPartyXferInd\": \"<boolean>\",\n    \"AllowInternetInd\": \"<boolean>\",\n    \"GenerateCardNum\": \"<string>\",\n    \"GenerateCardOrder\": \"<string>\",\n    \"GeneratePINMailer\": \"<string>\",\n    \"CardPref\": {\n      \"Language\": \"<string>\"\n    },\n    \"PreviousExpDt\": \"<string>\",\n    \"PreviousCardData\": {\n      \"ISOCode\": \"<string>\",\n      \"CardNum\": \"<string>\",\n      \"CardSeqNum\": \"<string>\",\n      \"CardType\": \"<string>\"\n    },\n    \"UpdaterSvcOptOutInd\": \"<boolean>\",\n    \"PINOffset\": \"<string>\",\n    \"PINInvalidEntryAllowedNum\": \"<long>\",\n    \"RefData\": [\n      {\n        \"RefType\": \"<string>\",\n        \"RefIdent\": \"<string>\"\n      },\n      {\n        \"RefType\": \"<string>\",\n        \"RefIdent\": \"<string>\"\n      }\n    ],\n    \"AcctLinkData\": [\n      {\n        \"AcctRef\": {\n          \"AcctKeys\": {\n            \"AcctId\": {\n              \"value\": \"<Error: Too many levels of nesting to fake this schema>\"\n            },\n            \"AcctType\": {\n              \"value\": \"<Error: Too many levels of nesting to fake this schema>\"\n            }\n          }\n        },\n        \"OtherAcctRel\": \"<long>\",\n        \"FinancialTrnOption\": \"<string>\"\n      },\n      {\n        \"AcctRef\": {\n          \"AcctKeys\": {\n            \"AcctId\": {\n              \"value\": \"<Error: Too many levels of nesting to fake this schema>\"\n            },\n            \"AcctType\": {\n              \"value\": \"<Error: Too many levels of nesting to fake this schema>\"\n            }\n          }\n        },\n        \"OtherAcctRel\": \"<long>\",\n        \"FinancialTrnOption\": \"<string>\"\n      }\n    ]\n  },\n  \"PartyCardRelInfo\": [\n    {\n      \"PartyCardRelType\": \"<string>\",\n      \"PartyRef\": {\n        \"PartyKeys\": {\n          \"PartyId\": \"<string>\"\n        }\n      }\n    },\n    {\n      \"PartyCardRelType\": \"<string>\",\n      \"PartyRef\": {\n        \"PartyKeys\": {\n          \"PartyId\": \"<string>\"\n        }\n      }\n    }\n  ]\n}","options":{"raw":{"language":"json"}}}},"response":[{"id":"0883fa79-2823-446a-b729-163a89108261","name":"Created","originalRequest":{"url":{"path":["cardservice","cards","cards"],"host":["{{baseUrl}}"],"query":[],"variable":[]},"header":[{"disabled":false,"description":"(Required) EFX Header is a common and required component for all API calls, it contains client-related parameters. Please note that the header parameters should be sent as a JSON object under the EFXHeader parameter. To view the list of header parameters, <a href=\"../docs?path=docs/api-ref-EFX-header.md\" title=\"Click to open\"> click here.</a>","key":"EFXHeader","value":"OrganizationId,<string>,TrnId,<string>,VendorId,<string>,Context,[object Object]"},{"key":"Accept","value":"application/json"}],"method":"POST","body":{"mode":"raw","raw":"{\n  \"CardInfo\": {\n    \"CardNum\": \"<string>\",\n    \"CardSeqNum\": \"<string>\",\n    \"CardType\": \"<string>\",\n    \"ProductIdent\": \"<string>\",\n    \"CardDtlStatus\": \"<string>\",\n    \"CardSurchargeOption\": \"<string>\",\n    \"CardFee\": [\n      {\n        \"CardFeeType\": \"<string>\",\n        \"WaiveFeeInd\": \"<boolean>\",\n        \"NextFeeDt\": \"<date>\"\n      },\n      {\n        \"CardFeeType\": \"<string>\",\n        \"WaiveFeeInd\": \"<boolean>\",\n        \"NextFeeDt\": \"<date>\"\n      }\n    ],\n    \"ExpDt\": \"<date>\",\n    \"ExpDay\": \"<string>\",\n    \"NextIssueDt\": \"<string>\",\n    \"CardCategory\": \"<string>\",\n    \"EmbossingName\": \"<string>\",\n    \"SecondaryEmbossingName\": \"<string>\",\n    \"EmbossingPrintOption\": \"<string>\",\n    \"CardTrnLimitInd\": \"<boolean>\",\n    \"CardTrnLimitCode\": \"<string>\",\n    \"CardTrnLimit\": [\n      {\n        \"TrnTypeValue\": \"<string>\",\n        \"TrnSrc\": \"<string>\",\n        \"LimitType\": \"<string>\",\n        \"CurAmt\": {\n          \"Amt\": \"<number>\",\n          \"CurCode\": {\n            \"CurCodeValue\": {\n              \"value\": \"<Error: Too many levels of nesting to fake this schema>\"\n            },\n            \"CurCodeType\": {\n              \"value\": \"<Error: Too many levels of nesting to fake this schema>\"\n            }\n          }\n        },\n        \"Percent\": \"<number>\",\n        \"TempTrnLimitExpDt\": \"<date>\"\n      },\n      {\n        \"TrnTypeValue\": \"<string>\",\n        \"TrnSrc\": \"<string>\",\n        \"LimitType\": \"<string>\",\n        \"CurAmt\": {\n          \"Amt\": \"<number>\",\n          \"CurCode\": {\n            \"CurCodeValue\": {\n              \"value\": \"<Error: Too many levels of nesting to fake this schema>\"\n            },\n            \"CurCodeType\": {\n              \"value\": \"<Error: Too many levels of nesting to fake this schema>\"\n            }\n          }\n        },\n        \"Percent\": \"<number>\",\n        \"TempTrnLimitExpDt\": \"<date>\"\n      }\n    ],\n    \"AllowWithdrawalDailyLimitInd\": \"<boolean>\",\n    \"AllowThirdPartyXferInd\": \"<boolean>\",\n    \"AllowInternetInd\": \"<boolean>\",\n    \"GenerateCardNum\": \"<string>\",\n    \"GenerateCardOrder\": \"<string>\",\n    \"GeneratePINMailer\": \"<string>\",\n    \"CardPref\": {\n      \"Language\": \"<string>\"\n    },\n    \"PreviousExpDt\": \"<string>\",\n    \"PreviousCardData\": {\n      \"ISOCode\": \"<string>\",\n      \"CardNum\": \"<string>\",\n      \"CardSeqNum\": \"<string>\",\n      \"CardType\": \"<string>\"\n    },\n    \"UpdaterSvcOptOutInd\": \"<boolean>\",\n    \"PINOffset\": \"<string>\",\n    \"PINInvalidEntryAllowedNum\": \"<long>\",\n    \"RefData\": [\n      {\n        \"RefType\": \"<string>\",\n        \"RefIdent\": \"<string>\"\n      },\n      {\n        \"RefType\": \"<string>\",\n        \"RefIdent\": \"<string>\"\n      }\n    ],\n    \"AcctLinkData\": [\n      {\n        \"AcctRef\": {\n          \"AcctKeys\": {\n            \"AcctId\": {\n              \"value\": \"<Error: Too many levels of nesting to fake this schema>\"\n            },\n            \"AcctType\": {\n              \"value\": \"<Error: Too many levels of nesting to fake this schema>\"\n            }\n          }\n        },\n        \"OtherAcctRel\": \"<long>\",\n        \"FinancialTrnOption\": \"<string>\"\n      },\n      {\n        \"AcctRef\": {\n          \"AcctKeys\": {\n            \"AcctId\": {\n              \"value\": \"<Error: Too many levels of nesting to fake this schema>\"\n            },\n            \"AcctType\": {\n              \"value\": \"<Error: Too many levels of nesting to fake this schema>\"\n            }\n          }\n        },\n        \"OtherAcctRel\": \"<long>\",\n        \"FinancialTrnOption\": \"<string>\"\n      }\n    ]\n  },\n  \"PartyCardRelInfo\": [\n    {\n      \"PartyCardRelType\": \"<string>\",\n      \"PartyRef\": {\n        \"PartyKeys\": {\n          \"PartyId\": \"<string>\"\n        }\n      }\n    },\n    {\n      \"PartyCardRelType\": \"<string>\",\n      \"PartyRef\": {\n        \"PartyKeys\": {\n          \"PartyId\": \"<string>\"\n        }\n      }\n    }\n  ]\n}","options":{"raw":{"language":"json"}}}},"status":"Created","code":201,"header":[{"key":"Content-Type","value":"application/json"}],"body":"{\n  \"CardStatusRec\": {\n    \"CardKeys\": {\n      \"CardId\": \"est veniam\",\n      \"CardSeqNum\": \"ni\"\n    },\n    \"CardStatus\": {\n      \"CardStatusCode\": \"Valid\",\n      \"EffDt\": \"2295-73-18T63:77\"\n    }\n  },\n  \"Status\": {\n    \"Severity\": \"Error\",\n    \"StatusCode\": \"in commodo Du\",\n    \"StatusDesc\": \"sunt in\",\n    \"SvcProviderName\": \"cupidatat\",\n    \"Id\": \"Duis in ut aliqua\",\n    \"ServerStatusCode\": \"nostrud minim tempor\",\n    \"ServerStatusDesc\": \"est mollit\",\n    \"OvrdExceptionInd\": false,\n    \"SubjectRole\": \"in eu dolore dolore\",\n    \"SubjectElement\": [\n      {\n        \"Path\": \"ea qui fugiat\",\n        \"ServerPath\": \"mollit esse\",\n        \"Value\": \"ex in\"\n      },\n      {\n        \"Path\": \"tempor incididunt consectetur\",\n        \"ServerPath\": \"nostrud proident veniam ex ipsum\",\n        \"Value\": \"do minim\"\n      }\n    ],\n    \"ContentHTML\": \"anim\",\n    \"AdditionalStatus\": [\n      {\n        \"StatusCode\": \"officia a\",\n        \"StatusDesc\": \"do reprehenderit\",\n        \"Severity\": \"Error\",\n        \"SvcProviderName\": \"dolor dolore commodo\",\n        \"ServerStatusCode\": \"eu paria\",\n        \"ServerStatusDesc\": \"qui reprehenderit\",\n        \"OvrdExceptionInd\": false,\n        \"SubjectElement\": [\n          {\n            \"Path\": \"ut irure\",\n            \"ServerPath\": \"cupidatat\",\n            \"Value\": \"do cupidatat consequat\"\n          },\n          {\n            \"Path\": \"ullamco id aliqua\",\n            \"ServerPath\": \"sed magna non\",\n            \"Value\": \"Ut sed enim\"\n          }\n        ]\n      },\n      {\n        \"StatusCode\": \"ea voluptate\",\n        \"StatusDesc\": \"adipisicing reprehenderit amet consequat laborum\",\n        \"Severity\": \"Error\",\n        \"SvcProviderName\": \"ipsum laborum\",\n        \"ServerStatusCode\": \"tempor volup\",\n        \"ServerStatusDesc\": \"Lorem magna commodo Duis\",\n        \"OvrdExceptionInd\": false,\n        \"SubjectElement\": [\n          {\n            \"Path\": \"adipisicing\",\n            \"ServerPath\": \"ex\",\n            \"Value\": \"laborum occaecat quis velit dolor\"\n          },\n          {\n            \"Path\": \"nulla id anim consectetur in\",\n            \"ServerPath\": \"quis Lorem\",\n            \"Value\": \"deserunt velit\"\n          }\n        ]\n      }\n    ]\n  }\n}","cookie":[],"_postman_previewlanguage":"json"},{"id":"4a566f18-ca02-4146-9fb0-3b31e7db84b9","name":"To view the complete list of response codes, <a href=\"../docs/?path=docs/response-codes.md\" title=\"Click to open\">click here.</a>","originalRequest":{"url":{"path":["cardservice","cards","cards"],"host":["{{baseUrl}}"],"query":[],"variable":[]},"header":[{"disabled":false,"description":"(Required) EFX Header is a common and required component for all API calls, it contains client-related parameters. Please note that the header parameters should be sent as a JSON object under the EFXHeader parameter. To view the list of header parameters, <a href=\"../docs?path=docs/api-ref-EFX-header.md\" title=\"Click to open\"> click here.</a>","key":"EFXHeader","value":"OrganizationId,<string>,TrnId,<string>,VendorId,<string>,Context,[object Object]"},{"key":"Accept","value":"application/json"}],"method":"POST","body":{"mode":"raw","raw":"{\n  \"CardInfo\": {\n    \"CardNum\": \"<string>\",\n    \"CardSeqNum\": \"<string>\",\n    \"CardType\": \"<string>\",\n    \"ProductIdent\": \"<string>\",\n    \"CardDtlStatus\": \"<string>\",\n    \"CardSurchargeOption\": \"<string>\",\n    \"CardFee\": [\n      {\n        \"CardFeeType\": \"<string>\",\n        \"WaiveFeeInd\": \"<boolean>\",\n        \"NextFeeDt\": \"<date>\"\n      },\n      {\n        \"CardFeeType\": \"<string>\",\n        \"WaiveFeeInd\": \"<boolean>\",\n        \"NextFeeDt\": \"<date>\"\n      }\n    ],\n    \"ExpDt\": \"<date>\",\n    \"ExpDay\": \"<string>\",\n    \"NextIssueDt\": \"<string>\",\n    \"CardCategory\": \"<string>\",\n    \"EmbossingName\": \"<string>\",\n    \"SecondaryEmbossingName\": \"<string>\",\n    \"EmbossingPrintOption\": \"<string>\",\n    \"CardTrnLimitInd\": \"<boolean>\",\n    \"CardTrnLimitCode\": \"<string>\",\n    \"CardTrnLimit\": [\n      {\n        \"TrnTypeValue\": \"<string>\",\n        \"TrnSrc\": \"<string>\",\n        \"LimitType\": \"<string>\",\n        \"CurAmt\": {\n          \"Amt\": \"<number>\",\n          \"CurCode\": {\n            \"CurCodeValue\": {\n              \"value\": \"<Error: Too many levels of nesting to fake this schema>\"\n            },\n            \"CurCodeType\": {\n              \"value\": \"<Error: Too many levels of nesting to fake this schema>\"\n            }\n          }\n        },\n        \"Percent\": \"<number>\",\n        \"TempTrnLimitExpDt\": \"<date>\"\n      },\n      {\n        \"TrnTypeValue\": \"<string>\",\n        \"TrnSrc\": \"<string>\",\n        \"LimitType\": \"<string>\",\n        \"CurAmt\": {\n          \"Amt\": \"<number>\",\n          \"CurCode\": {\n            \"CurCodeValue\": {\n              \"value\": \"<Error: Too many levels of nesting to fake this schema>\"\n            },\n            \"CurCodeType\": {\n              \"value\": \"<Error: Too many levels of nesting to fake this schema>\"\n            }\n          }\n        },\n        \"Percent\": \"<number>\",\n        \"TempTrnLimitExpDt\": \"<date>\"\n      }\n    ],\n    \"AllowWithdrawalDailyLimitInd\": \"<boolean>\",\n    \"AllowThirdPartyXferInd\": \"<boolean>\",\n    \"AllowInternetInd\": \"<boolean>\",\n    \"GenerateCardNum\": \"<string>\",\n    \"GenerateCardOrder\": \"<string>\",\n    \"GeneratePINMailer\": \"<string>\",\n    \"CardPref\": {\n      \"Language\": \"<string>\"\n    },\n    \"PreviousExpDt\": \"<string>\",\n    \"PreviousCardData\": {\n      \"ISOCode\": \"<string>\",\n      \"CardNum\": \"<string>\",\n      \"CardSeqNum\": \"<string>\",\n      \"CardType\": \"<string>\"\n    },\n    \"UpdaterSvcOptOutInd\": \"<boolean>\",\n    \"PINOffset\": \"<string>\",\n    \"PINInvalidEntryAllowedNum\": \"<long>\",\n    \"RefData\": [\n      {\n        \"RefType\": \"<string>\",\n        \"RefIdent\": \"<string>\"\n      },\n      {\n        \"RefType\": \"<string>\",\n        \"RefIdent\": \"<string>\"\n      }\n    ],\n    \"AcctLinkData\": [\n      {\n        \"AcctRef\": {\n          \"AcctKeys\": {\n            \"AcctId\": {\n              \"value\": \"<Error: Too many levels of nesting to fake this schema>\"\n            },\n            \"AcctType\": {\n              \"value\": \"<Error: Too many levels of nesting to fake this schema>\"\n            }\n          }\n        },\n        \"OtherAcctRel\": \"<long>\",\n        \"FinancialTrnOption\": \"<string>\"\n      },\n      {\n        \"AcctRef\": {\n          \"AcctKeys\": {\n            \"AcctId\": {\n              \"value\": \"<Error: Too many levels of nesting to fake this schema>\"\n            },\n            \"AcctType\": {\n              \"value\": \"<Error: Too many levels of nesting to fake this schema>\"\n            }\n          }\n        },\n        \"OtherAcctRel\": \"<long>\",\n        \"FinancialTrnOption\": \"<string>\"\n      }\n    ]\n  },\n  \"PartyCardRelInfo\": [\n    {\n      \"PartyCardRelType\": \"<string>\",\n      \"PartyRef\": {\n        \"PartyKeys\": {\n          \"PartyId\": \"<string>\"\n        }\n      }\n    },\n    {\n      \"PartyCardRelType\": \"<string>\",\n      \"PartyRef\": {\n        \"PartyKeys\": {\n          \"PartyId\": \"<string>\"\n        }\n      }\n    }\n  ]\n}","options":{"raw":{"language":"json"}}}},"status":"Internal Server Error","code":500,"header":[{"key":"Content-Type","value":"application/json"}],"body":"{\n  \"CardStatusRec\": {\n    \"CardKeys\": {\n      \"CardId\": \"est veniam\",\n      \"CardSeqNum\": \"ni\"\n    },\n    \"CardStatus\": {\n      \"CardStatusCode\": \"Valid\",\n      \"EffDt\": \"2295-73-18T63:77\"\n    }\n  },\n  \"Status\": {\n    \"Severity\": \"Error\",\n    \"StatusCode\": \"in commodo Du\",\n    \"StatusDesc\": \"sunt in\",\n    \"SvcProviderName\": \"cupidatat\",\n    \"Id\": \"Duis in ut aliqua\",\n    \"ServerStatusCode\": \"nostrud minim tempor\",\n    \"ServerStatusDesc\": \"est mollit\",\n    \"OvrdExceptionInd\": false,\n    \"SubjectRole\": \"in eu dolore dolore\",\n    \"SubjectElement\": [\n      {\n        \"Path\": \"ea qui fugiat\",\n        \"ServerPath\": \"mollit esse\",\n        \"Value\": \"ex in\"\n      },\n      {\n        \"Path\": \"tempor incididunt consectetur\",\n        \"ServerPath\": \"nostrud proident veniam ex ipsum\",\n        \"Value\": \"do minim\"\n      }\n    ],\n    \"ContentHTML\": \"anim\",\n    \"AdditionalStatus\": [\n      {\n        \"StatusCode\": \"officia a\",\n        \"StatusDesc\": \"do reprehenderit\",\n        \"Severity\": \"Error\",\n        \"SvcProviderName\": \"dolor dolore commodo\",\n        \"ServerStatusCode\": \"eu paria\",\n        \"ServerStatusDesc\": \"qui reprehenderit\",\n        \"OvrdExceptionInd\": false,\n        \"SubjectElement\": [\n          {\n            \"Path\": \"ut irure\",\n            \"ServerPath\": \"cupidatat\",\n            \"Value\": \"do cupidatat consequat\"\n          },\n          {\n            \"Path\": \"ullamco id aliqua\",\n            \"ServerPath\": \"sed magna non\",\n            \"Value\": \"Ut sed enim\"\n          }\n        ]\n      },\n      {\n        \"StatusCode\": \"ea voluptate\",\n        \"StatusDesc\": \"adipisicing reprehenderit amet consequat laborum\",\n        \"Severity\": \"Error\",\n        \"SvcProviderName\": \"ipsum laborum\",\n        \"ServerStatusCode\": \"tempor volup\",\n        \"ServerStatusDesc\": \"Lorem magna commodo Duis\",\n        \"OvrdExceptionInd\": false,\n        \"SubjectElement\": [\n          {\n            \"Path\": \"adipisicing\",\n            \"ServerPath\": \"ex\",\n            \"Value\": \"laborum occaecat quis velit dolor\"\n          },\n          {\n            \"Path\": \"nulla id anim consectetur in\",\n            \"ServerPath\": \"quis Lorem\",\n            \"Value\": \"deserunt velit\"\n          }\n        ]\n      }\n    ]\n  }\n}","cookie":[],"_postman_previewlanguage":"json"}],"event":[],"protocolProfileBehavior":{"disableBodyPruning":true}},{"id":"05cab06c-be46-4a68-8f6c-a35f291d09e3","name":"secured","item":[{"id":"4873daf0-a792-4507-8f6c-c38fe4648c95","name":"Delete Card.","request":{"name":"Delete Card.","description":{"content":"Delete Card API deletes an Electronic Fund Transfer (EFT) card account that the customer uses to perform transactions electronically. <br>In Signature, only one card can be deleted in a single request. The client application must provide the 19 digit Primary Account Number (PAN) with the option of including the account member number (one single digit) when applicable.","type":"text/plain"},"url":{"path":["cardservice","cards","cards","secured"],"host":["{{baseUrl}}"],"query":[],"variable":[]},"header":[{"disabled":false,"description":"(Required) EFX Header is a common and required component for all API calls, it contains client-related parameters. Please note that the header parameters should be sent as a JSON object under the EFXHeader parameter. To view the list of header parameters, <a href=\"../docs?path=docs/api-ref-EFX-header.md\" title=\"Click to open\"> click here.</a>","key":"EFXHeader","value":"OrganizationId,<string>,TrnId,<string>,VendorId,<string>,Context,[object Object]"},{"key":"Content-Type","value":"application/json"},{"key":"Accept","value":"application/json"}],"method":"PUT","auth":null,"body":{"mode":"raw","raw":"{\n  \"CardKeys\": {\n    \"CardId\": \"<string>\",\n    \"CardSeqNum\": \"<string>\"\n  }\n}","options":{"raw":{"language":"json"}}}},"response":[{"id":"525ce620-24be-4a9a-953e-e7f6413056e0","name":"Success","originalRequest":{"url":{"path":["cardservice","cards","cards","secured"],"host":["{{baseUrl}}"],"query":[],"variable":[]},"header":[{"disabled":false,"description":"(Required) EFX Header is a common and required component for all API calls, it contains client-related parameters. Please note that the header parameters should be sent as a JSON object under the EFXHeader parameter. To view the list of header parameters, <a href=\"../docs?path=docs/api-ref-EFX-header.md\" title=\"Click to open\"> click here.</a>","key":"EFXHeader","value":"OrganizationId,<string>,TrnId,<string>,VendorId,<string>,Context,[object Object]"},{"key":"Accept","value":"application/json"}],"method":"PUT","body":{"mode":"raw","raw":"{\n  \"CardKeys\": {\n    \"CardId\": \"<string>\",\n    \"CardSeqNum\": \"<string>\"\n  }\n}","options":{"raw":{"language":"json"}}}},"status":"OK","code":200,"header":[{"key":"Content-Type","value":"application/json"}],"body":"{\n  \"CardStatusRec\": {\n    \"CardKeys\": {\n      \"CardId\": \"laboris anim conse\",\n      \"CardSeqNum\": \"id \"\n    },\n    \"CardStatus\": {\n      \"CardStatusCode\": \"Deleted\",\n      \"EffDt\": \"4078-55-35T78:97:83.468\"\n    }\n  },\n  \"Status\": {\n    \"Severity\": \"Info\",\n    \"StatusCode\": \"ea\",\n    \"StatusDesc\": \"aute pariatur U\",\n    \"SvcProviderName\": \"Duis qui ad ullamco\",\n    \"Id\": \"sit\",\n    \"ServerStatusCode\": \"con\",\n    \"ServerStatusDesc\": \"non in anim dolore\",\n    \"OvrdExceptionInd\": false,\n    \"SubjectRole\": \"fugiat laborum exercitation\",\n    \"SubjectElement\": [\n      {\n        \"Path\": \"Duis nulla laborum aliqua\",\n        \"ServerPath\": \"proident\",\n        \"Value\": \"quis fugiat eu aliquip\"\n      },\n      {\n        \"Path\": \"aliqua sunt Lorem aute\",\n        \"ServerPath\": \"fugiat eu minim\",\n        \"Value\": \"cupidatat est\"\n      }\n    ],\n    \"ContentHTML\": \"elit eiusmod deserun\",\n    \"AdditionalStatus\": [\n      {\n        \"StatusCode\": \"magna sun\",\n        \"StatusDesc\": \"sit in\",\n        \"Severity\": \"Info\",\n        \"SvcProviderName\": \"Ut ad\",\n        \"ServerStatusCode\": \"occaecat ad\",\n        \"ServerStatusDesc\": \"Excepteur in voluptate et\",\n        \"OvrdExceptionInd\": true,\n        \"SubjectElement\": [\n          {\n            \"Path\": \"do fugiat eu cupidatat\",\n            \"ServerPath\": \"incididunt in\",\n            \"Value\": \"nulla et ipsum\"\n          },\n          {\n            \"Path\": \"et pariatur laboris ea dolor\",\n            \"ServerPath\": \"nulla enim minim\",\n            \"Value\": \"anim sit tempor\"\n          }\n        ]\n      },\n      {\n        \"StatusCode\": \"proident ex ad i\",\n        \"StatusDesc\": \"sit ex proident labore fugiat\",\n        \"Severity\": \"Info\",\n        \"SvcProviderName\": \"eu dolor aute magna\",\n        \"ServerStatusCode\": \"irure eiusmod esse\",\n        \"ServerStatusDesc\": \"et\",\n        \"OvrdExceptionInd\": false,\n        \"SubjectElement\": [\n          {\n            \"Path\": \"nisi cillum Duis id\",\n            \"ServerPath\": \"mollit consectetur fugiat nostrud\",\n            \"Value\": \"occaecat ullamco irure laboris\"\n          },\n          {\n            \"Path\": \"dolor eu ut\",\n            \"ServerPath\": \"aliqua ipsum officia qui\",\n            \"Value\": \"commodo eiusmod ullamco pariatur\"\n          }\n        ]\n      }\n    ]\n  }\n}","cookie":[],"_postman_previewlanguage":"json"},{"id":"14f80ef6-4bf0-4987-be6a-39a4b1ac58cb","name":"To view the complete list of response codes, <a href=\"../docs/?path=docs/response-codes.md\" title=\"Click to open\">click here.</a>","originalRequest":{"url":{"path":["cardservice","cards","cards","secured"],"host":["{{baseUrl}}"],"query":[],"variable":[]},"header":[{"disabled":false,"description":"(Required) EFX Header is a common and required component for all API calls, it contains client-related parameters. Please note that the header parameters should be sent as a JSON object under the EFXHeader parameter. To view the list of header parameters, <a href=\"../docs?path=docs/api-ref-EFX-header.md\" title=\"Click to open\"> click here.</a>","key":"EFXHeader","value":"OrganizationId,<string>,TrnId,<string>,VendorId,<string>,Context,[object Object]"},{"key":"Accept","value":"application/json"}],"method":"PUT","body":{"mode":"raw","raw":"{\n  \"CardKeys\": {\n    \"CardId\": \"<string>\",\n    \"CardSeqNum\": \"<string>\"\n  }\n}","options":{"raw":{"language":"json"}}}},"status":"Internal Server Error","code":500,"header":[{"key":"Content-Type","value":"application/json"}],"body":"{\n  \"CardStatusRec\": {\n    \"CardKeys\": {\n      \"CardId\": \"laboris anim conse\",\n      \"CardSeqNum\": \"id \"\n    },\n    \"CardStatus\": {\n      \"CardStatusCode\": \"Deleted\",\n      \"EffDt\": \"4078-55-35T78:97:83.468\"\n    }\n  },\n  \"Status\": {\n    \"Severity\": \"Info\",\n    \"StatusCode\": \"ea\",\n    \"StatusDesc\": \"aute pariatur U\",\n    \"SvcProviderName\": \"Duis qui ad ullamco\",\n    \"Id\": \"sit\",\n    \"ServerStatusCode\": \"con\",\n    \"ServerStatusDesc\": \"non in anim dolore\",\n    \"OvrdExceptionInd\": false,\n    \"SubjectRole\": \"fugiat laborum exercitation\",\n    \"SubjectElement\": [\n      {\n        \"Path\": \"Duis nulla laborum aliqua\",\n        \"ServerPath\": \"proident\",\n        \"Value\": \"quis fugiat eu aliquip\"\n      },\n      {\n        \"Path\": \"aliqua sunt Lorem aute\",\n        \"ServerPath\": \"fugiat eu minim\",\n        \"Value\": \"cupidatat est\"\n      }\n    ],\n    \"ContentHTML\": \"elit eiusmod deserun\",\n    \"AdditionalStatus\": [\n      {\n        \"StatusCode\": \"magna sun\",\n        \"StatusDesc\": \"sit in\",\n        \"Severity\": \"Info\",\n        \"SvcProviderName\": \"Ut ad\",\n        \"ServerStatusCode\": \"occaecat ad\",\n        \"ServerStatusDesc\": \"Excepteur in voluptate et\",\n        \"OvrdExceptionInd\": true,\n        \"SubjectElement\": [\n          {\n            \"Path\": \"do fugiat eu cupidatat\",\n            \"ServerPath\": \"incididunt in\",\n            \"Value\": \"nulla et ipsum\"\n          },\n          {\n            \"Path\": \"et pariatur laboris ea dolor\",\n            \"ServerPath\": \"nulla enim minim\",\n            \"Value\": \"anim sit tempor\"\n          }\n        ]\n      },\n      {\n        \"StatusCode\": \"proident ex ad i\",\n        \"StatusDesc\": \"sit ex proident labore fugiat\",\n        \"Severity\": \"Info\",\n        \"SvcProviderName\": \"eu dolor aute magna\",\n        \"ServerStatusCode\": \"irure eiusmod esse\",\n        \"ServerStatusDesc\": \"et\",\n        \"OvrdExceptionInd\": false,\n        \"SubjectElement\": [\n          {\n            \"Path\": \"nisi cillum Duis id\",\n            \"ServerPath\": \"mollit consectetur fugiat nostrud\",\n            \"Value\": \"occaecat ullamco irure laboris\"\n          },\n          {\n            \"Path\": \"dolor eu ut\",\n            \"ServerPath\": \"aliqua ipsum officia qui\",\n            \"Value\": \"commodo eiusmod ullamco pariatur\"\n          }\n        ]\n      }\n    ]\n  }\n}","cookie":[],"_postman_previewlanguage":"json"}],"event":[],"protocolProfileBehavior":{"disableBodyPruning":true}},{"id":"585cde8d-e210-464f-95d0-48fe43a871d5","name":"Get Card.","request":{"name":"Get Card.","description":{"content":"Get Card API retires the information of an Electronic Fund Transfer (EFT) card account that the customer uses to perform transactions electronically. <br>In Signature, only one card's information can be retrieved in a single request. Theclient application must provides the 19 digit Primary Account Number (PAN) with the option of including the account member number (one single digit) when applicable.","type":"text/plain"},"url":{"path":["cardservice","cards","cards","secured"],"host":["{{baseUrl}}"],"query":[],"variable":[]},"header":[{"disabled":false,"description":"(Required) EFX Header is a common and required component for all API calls, it contains client-related parameters. Please note that the header parameters should be sent as a JSON object under the EFXHeader parameter. To view the list of header parameters, <a href=\"../docs?path=docs/api-ref-EFX-header.md\" title=\"Click to open\"> click here.</a>","key":"EFXHeader","value":"OrganizationId,<string>,TrnId,<string>,VendorId,<string>,Context,[object Object]"},{"key":"Content-Type","value":"application/json"},{"key":"Accept","value":"application/json"}],"method":"POST","auth":null,"body":{"mode":"raw","raw":"{\n  \"CardSel\": {\n    \"CardKeys\": {\n      \"CardId\": \"<string>\",\n      \"CardSeqNum\": \"<string>\"\n    },\n    \"IncAllCardStatusInd\": \"<boolean>\"\n  }\n}","options":{"raw":{"language":"json"}}}},"response":[{"id":"85d257c0-9485-42c5-8713-eb2f56a5aaac","name":"Success","originalRequest":{"url":{"path":["cardservice","cards","cards","secured"],"host":["{{baseUrl}}"],"query":[],"variable":[]},"header":[{"disabled":false,"description":"(Required) EFX Header is a common and required component for all API calls, it contains client-related parameters. Please note that the header parameters should be sent as a JSON object under the EFXHeader parameter. To view the list of header parameters, <a href=\"../docs?path=docs/api-ref-EFX-header.md\" title=\"Click to open\"> click here.</a>","key":"EFXHeader","value":"OrganizationId,<string>,TrnId,<string>,VendorId,<string>,Context,[object Object]"},{"key":"Accept","value":"application/json"}],"method":"POST","body":{"mode":"raw","raw":"{\n  \"CardSel\": {\n    \"CardKeys\": {\n      \"CardId\": \"<string>\",\n      \"CardSeqNum\": \"<string>\"\n    },\n    \"IncAllCardStatusInd\": \"<boolean>\"\n  }\n}","options":{"raw":{"language":"json"}}}},"status":"OK","code":200,"header":[{"key":"Content-Type","value":"application/json"}],"body":"{\n  \"CardRec\": [\n    {\n      \"CardInfo\": {\n        \"CardNum\": \"tempor\",\n        \"CardSeqNum\": \"tem\",\n        \"CardType\": \"non\",\n        \"ProductIdent\": \"ex culpa non\",\n        \"CardDtlStatus\": \"1 to 9\",\n        \"CardDtlStatusDt\": \"9010-16-11T94:87\",\n        \"CardStatusMaintBy\": \"commodo ipsum anim tempor\",\n        \"CardStatusMaintFrom\": \"anim Ut\",\n        \"CardSurchargeOption\": \"DoNotCharge\",\n        \"CardFee\": [\n          {\n            \"CardFeeType\": \"<string>\",\n            \"WaiveFeeInd\": \"<boolean>\",\n            \"NextFeeDt\": \"<date>\"\n          },\n          {\n            \"CardFeeType\": \"<string>\",\n            \"WaiveFeeInd\": \"<boolean>\",\n            \"NextFeeDt\": \"<date>\"\n          }\n        ],\n        \"OpenDt\": \"1943-11-11\",\n        \"IssueDt\": \"1440-90-23T37:45:28+43:90\",\n        \"ExpDt\": \"1966-04-20\",\n        \"ExpDay\": \"1-31\",\n        \"OrigIssueDt\": \"0733-66-96\",\n        \"NextIssueDt\": \"6394-18-12T12:85\",\n        \"CardCategory\": \"Personal\",\n        \"EmbossingName\": \"sit in sed\",\n        \"SecondaryEmbossingName\": \"adipisicing in\",\n        \"EmbossingPrintOption\": \"FirstLine\",\n        \"CardTrnLimitInd\": true,\n        \"CardTrnLimitCode\": \"sit velit sint enim\",\n        \"CardTrnLimit\": [\n          {\n            \"TrnTypeValue\": \"DepositAvail\",\n            \"TrnSrc\": \"POSOffline\",\n            \"LimitType\": \"DailyMax\",\n            \"CurAmt\": {\n              \"value\": \"<Error: Too many levels of nesting to fake this schema>\"\n            },\n            \"Percent\": -67812087.2021994,\n            \"TempTrnLimitExpDt\": \"1985-05-19\"\n          },\n          {\n            \"TrnTypeValue\": \"DepositAvail\",\n            \"TrnSrc\": \"POSOffline\",\n            \"LimitType\": \"DailyMax\",\n            \"CurAmt\": {\n              \"value\": \"<Error: Too many levels of nesting to fake this schema>\"\n            },\n            \"Percent\": 74787905.79951382,\n            \"TempTrnLimitExpDt\": \"1984-02-21\"\n          }\n        ],\n        \"AllowWithdrawalDailyLimitInd\": true,\n        \"AllowThirdPartyXferInd\": true,\n        \"AllowInternetInd\": true,\n        \"SwitchCardStatus\": \"ullamco reprehenderit et officia\",\n        \"SwitchCardStatusRequest\": \"sunt veniam eu qui\",\n        \"GenerateCardNum\": \"0\",\n        \"GenerateCardOrder\": \"ReplaceCard\",\n        \"GeneratePINMailer\": \"GeneratePINMailer\",\n        \"CardPref\": {\n          \"Language\": \"0-9\"\n        },\n        \"FirstUseDt\": \"9581-38-65\",\n        \"OrigFirstUseDt\": \"8128-89-99T00:12:98\",\n        \"PreviousExpDt\": \"5869-24-06\",\n        \"PreviousCardData\": {\n          \"ISOCode\": \"fugiat dolor magna Lorem eu\",\n          \"CardNum\": \"sint Duis\",\n          \"CardSeqNum\": \"ali\",\n          \"CardType\": \"ut\"\n        },\n        \"ReplacementCardData\": {\n          \"ISOCode\": \"laborum do amet ipsum enim\",\n          \"CardNum\": \"in minim tempor eli\",\n          \"CardSeqNum\": \"lab\",\n          \"CardType\": \"aute\"\n        },\n        \"UpdaterSvcOptOutInd\": true,\n        \"ReissueCardStatus\": \"adipisicing aute pariatur do sunt\",\n        \"CardPeriodData\": [\n          {\n            \"CardAmtType\": \"CardUse\",\n            \"LastOccurInd\": true,\n            \"EffDt\": \"4791-82-92T03:44\",\n            \"Amt\": 7870585.821065828\n          },\n          {\n            \"CardAmtType\": \"Withdrawal\",\n            \"LastOccurInd\": true,\n            \"EffDt\": \"7455-77-34\",\n            \"Amt\": -47197789.89013812\n          }\n        ],\n        \"PINOffset\": \"labore es\",\n        \"PINInvalidEntryAllowedNum\": -78951032,\n        \"PINLastFailureDt\": \"8472-08-70T43:23:49\",\n        \"RefData\": [\n          {\n            \"RefType\": \"PhotoId\",\n            \"RefIdent\": \"sit \"\n          },\n          {\n            \"RefType\": \"CardStock\",\n            \"RefIdent\": \"minim dolore cupidatat veniam\"\n          }\n        ],\n        \"MaintDt\": \"5191-73-48\",\n        \"MaintBy\": \"dolore nulla anim deserunt laboris\",\n        \"MaintFrom\": \"cupidatat Duis\",\n        \"AcctLinkData\": [\n          {\n            \"AcctRef\": {\n              \"value\": \"<Error: Too many levels of nesting to fake this schema>\"\n            },\n            \"OtherAcctRel\": 5852798,\n            \"FinancialTrnOption\": \"AllowAllTrn\",\n            \"Nickname\": \"eiusmod ea ut velit esse\"\n          },\n          {\n            \"AcctRef\": {\n              \"value\": \"<Error: Too many levels of nesting to fake this schema>\"\n            },\n            \"OtherAcctRel\": 29375923,\n            \"FinancialTrnOption\": \"AllowInqOnly\",\n            \"Nickname\": \"est amet\"\n          }\n        ]\n      },\n      \"CardKeys\": {\n        \"CardId\": \"velit\",\n        \"CardSeqNum\": \"r\"\n      },\n      \"CardStatus\": {\n        \"CardStatusCode\": \"Valid\",\n        \"EffDt\": \"Server Date\"\n      }\n    },\n    {\n      \"CardInfo\": {\n        \"CardNum\": \"sun\",\n        \"CardSeqNum\": \"es\",\n        \"CardType\": \"aliquip\",\n        \"ProductIdent\": \"deserunt\",\n        \"CardDtlStatus\": \"1 to 9\",\n        \"CardDtlStatusDt\": \"9705-31-64\",\n        \"CardStatusMaintBy\": \"aliquip\",\n        \"CardStatusMaintFrom\": \"ipsum consequat in Duis\",\n        \"CardSurchargeOption\": \"Charge\",\n        \"CardFee\": [\n          {\n            \"CardFeeType\": \"<string>\",\n            \"WaiveFeeInd\": \"<boolean>\",\n            \"NextFeeDt\": \"<date>\"\n          },\n          {\n            \"CardFeeType\": \"<string>\",\n            \"WaiveFeeInd\": \"<boolean>\",\n            \"NextFeeDt\": \"<date>\"\n          }\n        ],\n        \"OpenDt\": \"2009-06-01\",\n        \"IssueDt\": \"8154-71-07\",\n        \"ExpDt\": \"1977-06-10\",\n        \"ExpDay\": \"1-31\",\n        \"OrigIssueDt\": \"9116-75-82\",\n        \"NextIssueDt\": \"0262-49-36\",\n        \"CardCategory\": \"Business\",\n        \"EmbossingName\": \"nisi ex laborum incidi\",\n        \"SecondaryEmbossingName\": \"adipisicing consectetur amet\",\n        \"EmbossingPrintOption\": \"None\",\n        \"CardTrnLimitInd\": true,\n        \"CardTrnLimitCode\": \"mollit eu sit reprehend\",\n        \"CardTrnLimit\": [\n          {\n            \"TrnTypeValue\": \"Debit\",\n            \"TrnSrc\": \"ATM\",\n            \"LimitType\": \"TrnMax\",\n            \"CurAmt\": {\n              \"value\": \"<Error: Too many levels of nesting to fake this schema>\"\n            },\n            \"Percent\": 89947150.49957591,\n            \"TempTrnLimitExpDt\": \"1999-08-24\"\n          },\n          {\n            \"TrnTypeValue\": \"Debit\",\n            \"TrnSrc\": \"POSOnLine\",\n            \"LimitType\": \"TrnMax\",\n            \"CurAmt\": {\n              \"value\": \"<Error: Too many levels of nesting to fake this schema>\"\n            },\n            \"Percent\": -51335260.71114769,\n            \"TempTrnLimitExpDt\": \"2017-02-10\"\n          }\n        ],\n        \"AllowWithdrawalDailyLimitInd\": false,\n        \"AllowThirdPartyXferInd\": false,\n        \"AllowInternetInd\": false,\n        \"SwitchCardStatus\": \"sint\",\n        \"SwitchCardStatusRequest\": \"mollit incididunt officia \",\n        \"GenerateCardNum\": \"1\",\n        \"GenerateCardOrder\": \"ReplaceCard\",\n        \"GeneratePINMailer\": \"DoNotGenerate\",\n        \"CardPref\": {\n          \"Language\": \"0-9\"\n        },\n        \"FirstUseDt\": \"5793-24-29\",\n        \"OrigFirstUseDt\": \"2940-83-37\",\n        \"PreviousExpDt\": \"2132-92-32T04:17\",\n        \"PreviousCardData\": {\n          \"ISOCode\": \"enim sunt\",\n          \"CardNum\": \"irure\",\n          \"CardSeqNum\": \"mo\",\n          \"CardType\": \"veniam\"\n        },\n        \"ReplacementCardData\": {\n          \"ISOCode\": \"nisi cupidatat exercitation\",\n          \"CardNum\": \"i\",\n          \"CardSeqNum\": \"ut\",\n          \"CardType\": \"tempor aute\"\n        },\n        \"UpdaterSvcOptOutInd\": false,\n        \"ReissueCardStatus\": \"dolor nostrud sed nulla\",\n        \"CardPeriodData\": [\n          {\n            \"CardAmtType\": \"Withdrawal\",\n            \"LastOccurInd\": false,\n            \"EffDt\": \"1610-20-58T92:81:36\",\n            \"Amt\": 60569464.072157055\n          },\n          {\n            \"CardAmtType\": \"Withdrawal\",\n            \"LastOccurInd\": false,\n            \"EffDt\": \"5123-54-74T88:77:24+33:27\",\n            \"Amt\": -24132855.51424998\n          }\n        ],\n        \"PINOffset\": \"Dui\",\n        \"PINInvalidEntryAllowedNum\": -53416188,\n        \"PINLastFailureDt\": \"1701-47-12\",\n        \"RefData\": [\n          {\n            \"RefType\": \"CardStock\",\n            \"RefIdent\": \"elit incididunt sunt\"\n          },\n          {\n            \"RefType\": \"CardStock\",\n            \"RefIdent\": \"aute consequat proid\"\n          }\n        ],\n        \"MaintDt\": \"8516-80-94T36:58\",\n        \"MaintBy\": \"cupidatat dolore fugiat\",\n        \"MaintFrom\": \"incididunt eiusmod quis magna\",\n        \"AcctLinkData\": [\n          {\n            \"AcctRef\": {\n              \"value\": \"<Error: Too many levels of nesting to fake this schema>\"\n            },\n            \"OtherAcctRel\": -65205773,\n            \"FinancialTrnOption\": \"AllowInqOnly\",\n            \"Nickname\": \"dolor qui commodo consectetur id\"\n          },\n          {\n            \"AcctRef\": {\n              \"value\": \"<Error: Too many levels of nesting to fake this schema>\"\n            },\n            \"OtherAcctRel\": -91029359,\n            \"FinancialTrnOption\": \"BlockPOSTrn\",\n            \"Nickname\": \"reprehenderit non\"\n          }\n        ]\n      },\n      \"CardKeys\": {\n        \"CardId\": \"n\",\n        \"CardSeqNum\": \"ve\"\n      },\n      \"CardStatus\": {\n        \"CardStatusCode\": \"Valid\",\n        \"EffDt\": \"Server Date\"\n      }\n    }\n  ],\n  \"Status\": {\n    \"Severity\": \"Warning\",\n    \"StatusCode\": \"do\",\n    \"StatusDesc\": \"aute exercitation magna\",\n    \"SvcProviderName\": \"ad eu\",\n    \"Id\": \"incididunt cillum\",\n    \"ServerStatusCode\": \"veniam sunt\",\n    \"ServerStatusDesc\": \"amet nostrud occaecat pariatur quis\",\n    \"OvrdExceptionInd\": true,\n    \"SubjectRole\": \"proident\",\n    \"SubjectElement\": [\n      {\n        \"Path\": \"cupidatat qui quis magna\",\n        \"ServerPath\": \"ut culpa\",\n        \"Value\": \"Duis fugiat dolor ea cillum\"\n      },\n      {\n        \"Path\": \"voluptate eu\",\n        \"ServerPath\": \"officia aute\",\n        \"Value\": \"incididunt pariatur\"\n      }\n    ],\n    \"ContentHTML\": \"quis tempor\",\n    \"AdditionalStatus\": [\n      {\n        \"StatusCode\": \"L\",\n        \"StatusDesc\": \"fugiat sunt ipsum\",\n        \"Severity\": \"Warning\",\n        \"SvcProviderName\": \"eu occaecat in\",\n        \"ServerStatusCode\": \"U\",\n        \"ServerStatusDesc\": \"ea cupidatat\",\n        \"OvrdExceptionInd\": true,\n        \"SubjectElement\": [\n          {\n            \"Path\": \"est qui ea incididunt mollit\",\n            \"ServerPath\": \"qui voluptate exercitation occaecat labore\",\n            \"Value\": \"irure proident aliquip\"\n          },\n          {\n            \"Path\": \"aute ex incididunt c\",\n            \"ServerPath\": \"do esse aliquip dolor sed\",\n            \"Value\": \"tempor nulla sunt dolore\"\n          }\n        ]\n      },\n      {\n        \"StatusCode\": \"Ut in\",\n        \"StatusDesc\": \"nostrud Duis tempor id in\",\n        \"Severity\": \"Error\",\n        \"SvcProviderName\": \"nulla in\",\n        \"ServerStatusCode\": \"dolor \",\n        \"ServerStatusDesc\": \"est officia\",\n        \"OvrdExceptionInd\": true,\n        \"SubjectElement\": [\n          {\n            \"Path\": \"adipisicing esse occaecat\",\n            \"ServerPath\": \"minim pariatur est\",\n            \"Value\": \"pariatur\"\n          },\n          {\n            \"Path\": \"dolor\",\n            \"ServerPath\": \"incididunt ex\",\n            \"Value\": \"commodo aliquip\"\n          }\n        ]\n      }\n    ]\n  }\n}","cookie":[],"_postman_previewlanguage":"json"},{"id":"f8a65b3f-4ae6-44d8-8df2-9f2e023c1d26","name":"To view the complete list of response codes, <a href=\"../docs/?path=docs/response-codes.md\" title=\"Click to open\">click here.</a>","originalRequest":{"url":{"path":["cardservice","cards","cards","secured"],"host":["{{baseUrl}}"],"query":[],"variable":[]},"header":[{"disabled":false,"description":"(Required) EFX Header is a common and required component for all API calls, it contains client-related parameters. Please note that the header parameters should be sent as a JSON object under the EFXHeader parameter. To view the list of header parameters, <a href=\"../docs?path=docs/api-ref-EFX-header.md\" title=\"Click to open\"> click here.</a>","key":"EFXHeader","value":"OrganizationId,<string>,TrnId,<string>,VendorId,<string>,Context,[object Object]"},{"key":"Accept","value":"application/json"}],"method":"POST","body":{"mode":"raw","raw":"{\n  \"CardSel\": {\n    \"CardKeys\": {\n      \"CardId\": \"<string>\",\n      \"CardSeqNum\": \"<string>\"\n    },\n    \"IncAllCardStatusInd\": \"<boolean>\"\n  }\n}","options":{"raw":{"language":"json"}}}},"status":"Internal Server Error","code":500,"header":[{"key":"Content-Type","value":"application/json"}],"body":"{\n  \"CardRec\": [\n    {\n      \"CardInfo\": {\n        \"CardNum\": \"deseru\",\n        \"CardSeqNum\": \"\",\n        \"CardType\": \"proident\",\n        \"ProductIdent\": \"sit ullamco sint laborum\",\n        \"CardDtlStatus\": \"1 to 9\",\n        \"CardDtlStatusDt\": \"7475-21-90\",\n        \"CardStatusMaintBy\": \"proident Excepteur\",\n        \"CardStatusMaintFrom\": \"irure veniam nulla\",\n        \"CardSurchargeOption\": \"DoNotCharge\",\n        \"CardFee\": [\n          {\n            \"CardFeeType\": \"<string>\",\n            \"WaiveFeeInd\": \"<boolean>\",\n            \"NextFeeDt\": \"<date>\"\n          },\n          {\n            \"CardFeeType\": \"<string>\",\n            \"WaiveFeeInd\": \"<boolean>\",\n            \"NextFeeDt\": \"<date>\"\n          }\n        ],\n        \"OpenDt\": \"2006-06-25\",\n        \"IssueDt\": \"4599-59-28\",\n        \"ExpDt\": \"2004-04-06\",\n        \"ExpDay\": \"1-31\",\n        \"OrigIssueDt\": \"5479-21-56T77:27:20.784\",\n        \"NextIssueDt\": \"4721-19-43T31:21:47.543-20:03\",\n        \"CardCategory\": \"Business\",\n        \"EmbossingName\": \"dolor\",\n        \"SecondaryEmbossingName\": \"in id esse\",\n        \"EmbossingPrintOption\": \"FirstLine\",\n        \"CardTrnLimitInd\": false,\n        \"CardTrnLimitCode\": \"esse reprehenderit cons\",\n        \"CardTrnLimit\": [\n          {\n            \"TrnTypeValue\": \"Withdrawal\",\n            \"TrnSrc\": \"POS\",\n            \"LimitType\": \"DailyMax\",\n            \"CurAmt\": {\n              \"value\": \"<Error: Too many levels of nesting to fake this schema>\"\n            },\n            \"Percent\": 17568674.99660246,\n            \"TempTrnLimitExpDt\": \"1978-11-13\"\n          },\n          {\n            \"TrnTypeValue\": \"DepositAvail\",\n            \"TrnSrc\": \"POSOnLine\",\n            \"LimitType\": \"DailyMax\",\n            \"CurAmt\": {\n              \"value\": \"<Error: Too many levels of nesting to fake this schema>\"\n            },\n            \"Percent\": 65196654.69460726,\n            \"TempTrnLimitExpDt\": \"1990-01-07\"\n          }\n        ],\n        \"AllowWithdrawalDailyLimitInd\": true,\n        \"AllowThirdPartyXferInd\": false,\n        \"AllowInternetInd\": true,\n        \"SwitchCardStatus\": \"officia Duis\",\n        \"SwitchCardStatusRequest\": \"et veniam nisi\",\n        \"GenerateCardNum\": \"0\",\n        \"GenerateCardOrder\": \"DoNotGenerate\",\n        \"GeneratePINMailer\": \"GeneratePINMailer\",\n        \"CardPref\": {\n          \"Language\": \"0-9\"\n        },\n        \"FirstUseDt\": \"4959-00-16\",\n        \"OrigFirstUseDt\": \"8707-92-36\",\n        \"PreviousExpDt\": \"6802-81-92\",\n        \"PreviousCardData\": {\n          \"ISOCode\": \"enim Lorem amet\",\n          \"CardNum\": \"labore in sed velit\",\n          \"CardSeqNum\": \"a\",\n          \"CardType\": \"esse Excepteur Lorem\"\n        },\n        \"ReplacementCardData\": {\n          \"ISOCode\": \"\",\n          \"CardNum\": \"ut enim voluptate\",\n          \"CardSeqNum\": \"d\",\n          \"CardType\": \"dolor\"\n        },\n        \"UpdaterSvcOptOutInd\": true,\n        \"ReissueCardStatus\": \"in\",\n        \"CardPeriodData\": [\n          {\n            \"CardAmtType\": \"Withdrawal\",\n            \"LastOccurInd\": true,\n            \"EffDt\": \"5267-83-04\",\n            \"Amt\": -20555952.57578218\n          },\n          {\n            \"CardAmtType\": \"CardUse\",\n            \"LastOccurInd\": false,\n            \"EffDt\": \"9097-04-58\",\n            \"Amt\": 68274485.32202584\n          }\n        ],\n        \"PINOffset\": \"adipisici\",\n        \"PINInvalidEntryAllowedNum\": 4009890,\n        \"PINLastFailureDt\": \"4539-55-24T83:82\",\n        \"RefData\": [\n          {\n            \"RefType\": \"Signature\",\n            \"RefIdent\": \"ullamco\"\n          },\n          {\n            \"RefType\": \"IVRRefNum\",\n            \"RefIdent\": \"Duis sint\"\n          }\n        ],\n        \"MaintDt\": \"9857-81-11T98:29\",\n        \"MaintBy\": \"ea adipisicing do occaecat\",\n        \"MaintFrom\": \"laborum minim\",\n        \"AcctLinkData\": [\n          {\n            \"AcctRef\": {\n              \"value\": \"<Error: Too many levels of nesting to fake this schema>\"\n            },\n            \"OtherAcctRel\": 68692197,\n            \"FinancialTrnOption\": \"AllowAllTrn\",\n            \"Nickname\": \"fugiat ni\"\n          },\n          {\n            \"AcctRef\": {\n              \"value\": \"<Error: Too many levels of nesting to fake this schema>\"\n            },\n            \"OtherAcctRel\": 74090250,\n            \"FinancialTrnOption\": \"BlockPOSTrn\",\n            \"Nickname\": \"ex Lorem\"\n          }\n        ]\n      },\n      \"CardKeys\": {\n        \"CardId\": \"nulla laboris \",\n        \"CardSeqNum\": \"ven\"\n      },\n      \"CardStatus\": {\n        \"CardStatusCode\": \"Valid\",\n        \"EffDt\": \"Server Date\"\n      }\n    },\n    {\n      \"CardInfo\": {\n        \"CardNum\": \"i\",\n        \"CardSeqNum\": \"ali\",\n        \"CardType\": \"proident adipisicing\",\n        \"ProductIdent\": \"amet consectetur\",\n        \"CardDtlStatus\": \"1 to 9\",\n        \"CardDtlStatusDt\": \"0577-81-64T81:97\",\n        \"CardStatusMaintBy\": \"id culpa sunt aliqua\",\n        \"CardStatusMaintFrom\": \"aliqua ad\",\n        \"CardSurchargeOption\": \"Charge\",\n        \"CardFee\": [\n          {\n            \"CardFeeType\": \"<string>\",\n            \"WaiveFeeInd\": \"<boolean>\",\n            \"NextFeeDt\": \"<date>\"\n          },\n          {\n            \"CardFeeType\": \"<string>\",\n            \"WaiveFeeInd\": \"<boolean>\",\n            \"NextFeeDt\": \"<date>\"\n          }\n        ],\n        \"OpenDt\": \"1949-01-05\",\n        \"IssueDt\": \"1592-01-43T90:15\",\n        \"ExpDt\": \"1955-03-16\",\n        \"ExpDay\": \"1-31\",\n        \"OrigIssueDt\": \"1123-94-26T93:50\",\n        \"NextIssueDt\": \"2227-95-81\",\n        \"CardCategory\": \"Personal\",\n        \"EmbossingName\": \"pariatur in dolore officia aliqua\",\n        \"SecondaryEmbossingName\": \"quis tempor non\",\n        \"EmbossingPrintOption\": \"SecondLine\",\n        \"CardTrnLimitInd\": false,\n        \"CardTrnLimitCode\": \"ut amet enim ad par\",\n        \"CardTrnLimit\": [\n          {\n            \"TrnTypeValue\": \"Withdrawal\",\n            \"TrnSrc\": \"ATM\",\n            \"LimitType\": \"DailyMax\",\n            \"CurAmt\": {\n              \"value\": \"<Error: Too many levels of nesting to fake this schema>\"\n            },\n            \"Percent\": 46817982.1479055,\n            \"TempTrnLimitExpDt\": \"1954-03-20\"\n          },\n          {\n            \"TrnTypeValue\": \"DepositAvail\",\n            \"TrnSrc\": \"POS\",\n            \"LimitType\": \"TrnMax\",\n            \"CurAmt\": {\n              \"value\": \"<Error: Too many levels of nesting to fake this schema>\"\n            },\n            \"Percent\": 65195224.71035874,\n            \"TempTrnLimitExpDt\": \"1951-12-03\"\n          }\n        ],\n        \"AllowWithdrawalDailyLimitInd\": true,\n        \"AllowThirdPartyXferInd\": true,\n        \"AllowInternetInd\": false,\n        \"SwitchCardStatus\": \"reprehenderit Lorem est laboris dolor\",\n        \"SwitchCardStatusRequest\": \"elit do\",\n        \"GenerateCardNum\": \"0\",\n        \"GenerateCardOrder\": \"ReplaceCard\",\n        \"GeneratePINMailer\": \"GeneratePINMailer\",\n        \"CardPref\": {\n          \"Language\": \"A-Z\"\n        },\n        \"FirstUseDt\": \"5642-25-54T22:85\",\n        \"OrigFirstUseDt\": \"9885-37-18T42:73:07.873-90:28\",\n        \"PreviousExpDt\": \"6608-11-65\",\n        \"PreviousCardData\": {\n          \"ISOCode\": \"aliqua tempor\",\n          \"CardNum\": \"occaecat\",\n          \"CardSeqNum\": \"et\",\n          \"CardType\": \"incididunt\"\n        },\n        \"ReplacementCardData\": {\n          \"ISOCode\": \"in consequat\",\n          \"CardNum\": \"consecte\",\n          \"CardSeqNum\": \"ad\",\n          \"CardType\": \"incididunt est velit\"\n        },\n        \"UpdaterSvcOptOutInd\": true,\n        \"ReissueCardStatus\": \"cillum nul\",\n        \"CardPeriodData\": [\n          {\n            \"CardAmtType\": \"CardUse\",\n            \"LastOccurInd\": true,\n            \"EffDt\": \"2825-12-16T21:02:36.439-59:56\",\n            \"Amt\": 20701095.272290185\n          },\n          {\n            \"CardAmtType\": \"Withdrawal\",\n            \"LastOccurInd\": false,\n            \"EffDt\": \"7139-91-77T45:26\",\n            \"Amt\": -55982181.49046668\n          }\n        ],\n        \"PINOffset\": \"sunt \",\n        \"PINInvalidEntryAllowedNum\": 47287017,\n        \"PINLastFailureDt\": \"7825-93-28\",\n        \"RefData\": [\n          {\n            \"RefType\": \"Signature\",\n            \"RefIdent\": \"in magna ut tem\"\n          },\n          {\n            \"RefType\": \"Signature\",\n            \"RefIdent\": \"dolor anim\"\n          }\n        ],\n        \"MaintDt\": \"1661-65-22\",\n        \"MaintBy\": \"qui ut deserunt mollit\",\n        \"MaintFrom\": \"voluptate Duis inci\",\n        \"AcctLinkData\": [\n          {\n            \"AcctRef\": {\n              \"value\": \"<Error: Too many levels of nesting to fake this schema>\"\n            },\n            \"OtherAcctRel\": 97840726,\n            \"FinancialTrnOption\": \"BlockAllTrn\",\n            \"Nickname\": \"est ut nostrud sunt dolore\"\n          },\n          {\n            \"AcctRef\": {\n              \"value\": \"<Error: Too many levels of nesting to fake this schema>\"\n            },\n            \"OtherAcctRel\": -99452107,\n            \"FinancialTrnOption\": \"BlockPOSTrn\",\n            \"Nickname\": \"eu\"\n          }\n        ]\n      },\n      \"CardKeys\": {\n        \"CardId\": \"dolore u\",\n        \"CardSeqNum\": \"co\"\n      },\n      \"CardStatus\": {\n        \"CardStatusCode\": \"Valid\",\n        \"EffDt\": \"Server Date\"\n      }\n    }\n  ],\n  \"Status\": {\n    \"Severity\": \"Warning\",\n    \"StatusCode\": \"tempor\",\n    \"StatusDesc\": \"in adipisicing\",\n    \"SvcProviderName\": \"veniam ut occaecat\",\n    \"Id\": \"dolor de\",\n    \"ServerStatusCode\": \"do\",\n    \"ServerStatusDesc\": \"laborum commodo nulla\",\n    \"OvrdExceptionInd\": false,\n    \"SubjectRole\": \"ut aute eius\",\n    \"SubjectElement\": [\n      {\n        \"Path\": \"exercitation\",\n        \"ServerPath\": \"cillum deserunt proident\",\n        \"Value\": \"ea\"\n      },\n      {\n        \"Path\": \"velit commodo\",\n        \"ServerPath\": \"sint dolor aute\",\n        \"Value\": \"veniam quis\"\n      }\n    ],\n    \"ContentHTML\": \"pariatur nostrud eiusmod in fugiat\",\n    \"AdditionalStatus\": [\n      {\n        \"StatusCode\": \"in\",\n        \"StatusDesc\": \"aliquip cillum eu occaecat\",\n        \"Severity\": \"Warning\",\n        \"SvcProviderName\": \"Ut occaecat\",\n        \"ServerStatusCode\": \"volu\",\n        \"ServerStatusDesc\": \"voluptate aliqua aute\",\n        \"OvrdExceptionInd\": false,\n        \"SubjectElement\": [\n          {\n            \"Path\": \"consequat enim ut et\",\n            \"ServerPath\": \"in amet\",\n            \"Value\": \"et ut minim\"\n          },\n          {\n            \"Path\": \"cillum\",\n            \"ServerPath\": \"voluptate dolore anim fugiat\",\n            \"Value\": \"occaecat exercitation sunt\"\n          }\n        ]\n      },\n      {\n        \"StatusCode\": \"sit \",\n        \"StatusDesc\": \"minim ut\",\n        \"Severity\": \"Warning\",\n        \"SvcProviderName\": \"Excepteur\",\n        \"ServerStatusCode\": \"temp\",\n        \"ServerStatusDesc\": \"anim incididunt minim officia\",\n        \"OvrdExceptionInd\": false,\n        \"SubjectElement\": [\n          {\n            \"Path\": \"Excepteur sunt velit\",\n            \"ServerPath\": \"ut sit\",\n            \"Value\": \"do in pariatur\"\n          },\n          {\n            \"Path\": \"dolor eiusmod aliquip labore minim\",\n            \"ServerPath\": \"a\",\n            \"Value\": \"mollit Duis reprehenderit\"\n          }\n        ]\n      }\n    ]\n  }\n}","cookie":[],"_postman_previewlanguage":"json"}],"event":[],"protocolProfileBehavior":{"disableBodyPruning":true}},{"id":"bc78911f-1d7b-4ed9-8081-81b1dd15a04f","name":"Get Card List.","request":{"name":"Get Card List.","description":{"content":"Get Card List API retrieves a list of cards that are linked to a specific account or a specific party or the cards linked to a specific party for a particular account.<br>This API also searches the list of cards matching a partial card identifier or the name associated with the card. As per the search criteria set in the request, this API returns the list of cards except cards that belong to card type 'Z'. <br>Signature reserves card type 'Z' for Signature Voice Response System.","type":"text/plain"},"url":{"path":["cardservice","cards","cards","secured","list"],"host":["{{baseUrl}}"],"query":[],"variable":[]},"header":[{"disabled":false,"description":"(Required) EFX Header is a common and required component for all API calls, it contains client-related parameters. Please note that the header parameters should be sent as a JSON object under the EFXHeader parameter. To view the list of header parameters, <a href=\"../docs?path=docs/api-ref-EFX-header.md\" title=\"Click to open\"> click here.</a>","key":"EFXHeader","value":"OrganizationId,<string>,TrnId,<string>,VendorId,<string>,Context,[object Object]"},{"key":"Content-Type","value":"application/json"},{"key":"Accept","value":"application/json"}],"method":"POST","auth":null,"body":{"mode":"raw","raw":"{\n  \"CardListSel\": {\n    \"CardKeys\": {\n      \"CardId\": \"<string>\"\n    },\n    \"PartyKeys\": {\n      \"PartyId\": \"<string>\"\n    },\n    \"AcctKeys\": {\n      \"AcctId\": \"<string>\",\n      \"AcctType\": \"<string>\"\n    },\n    \"Name\": \"<string>\"\n  },\n  \"RecCtrlIn\": {\n    \"MaxRecLimit\": \"<long>\",\n    \"Cursor\": \"<string>\"\n  }\n}","options":{"raw":{"language":"json"}}}},"response":[{"id":"00681392-6ae4-429a-bf70-d22d48482449","name":"Success","originalRequest":{"url":{"path":["cardservice","cards","cards","secured","list"],"host":["{{baseUrl}}"],"query":[],"variable":[]},"header":[{"disabled":false,"description":"(Required) EFX Header is a common and required component for all API calls, it contains client-related parameters. Please note that the header parameters should be sent as a JSON object under the EFXHeader parameter. To view the list of header parameters, <a href=\"../docs?path=docs/api-ref-EFX-header.md\" title=\"Click to open\"> click here.</a>","key":"EFXHeader","value":"OrganizationId,<string>,TrnId,<string>,VendorId,<string>,Context,[object Object]"},{"key":"Accept","value":"application/json"}],"method":"POST","body":{"mode":"raw","raw":"{\n  \"CardListSel\": {\n    \"CardKeys\": {\n      \"CardId\": \"<string>\"\n    },\n    \"PartyKeys\": {\n      \"PartyId\": \"<string>\"\n    },\n    \"AcctKeys\": {\n      \"AcctId\": \"<string>\",\n      \"AcctType\": \"<string>\"\n    },\n    \"Name\": \"<string>\"\n  },\n  \"RecCtrlIn\": {\n    \"MaxRecLimit\": \"<long>\",\n    \"Cursor\": \"<string>\"\n  }\n}","options":{"raw":{"language":"json"}}}},"status":"OK","code":200,"header":[{"key":"Content-Type","value":"application/json"}],"body":"{\n  \"CardListRec\": [\n    {\n      \"CardKeys\": {\n        \"CardId\": \"\",\n        \"CardSeqNum\": \"ul\"\n      },\n      \"CardListInfo\": {\n        \"CardNum\": \"anim labore consequat occaecat\",\n        \"CardSeqNum\": \"e\",\n        \"CardType\": \"commodo dolor\",\n        \"ProductIdent\": \"quis dolo\",\n        \"Desc\": \"sunt mollit aliqua\",\n        \"CardDtlStatus\": \"1 to 9 \",\n        \"OpenDt\": \"1996-10-29\",\n        \"ExpDt\": \"1973-05-25\",\n        \"EmbossingName\": \"est velit et\",\n        \"PartyKeys\": {\n          \"PartyId\": \"<string>\"\n        },\n        \"PartyAcctRelData\": [\n          {\n            \"PartyAcctRelType\": \"Beneficiary\",\n            \"PartyAcctRelOrder\": \"First\"\n          },\n          {\n            \"PartyAcctRelType\": \"Owner\",\n            \"PartyAcctRelOrder\": \"Second\"\n          }\n        ],\n        \"RestrictedInd\": true\n      },\n      \"CardStatus\": {\n        \"CardStatusCode\": \"Valid\",\n        \"EffDt\": \"2720-81-06T25:32\"\n      }\n    },\n    {\n      \"CardKeys\": {\n        \"CardId\": \"id labore irure\",\n        \"CardSeqNum\": \"D\"\n      },\n      \"CardListInfo\": {\n        \"CardNum\": \"Excepteur cillum occaecat \",\n        \"CardSeqNum\": \"\",\n        \"CardType\": \"aute in commodo exercitation\",\n        \"ProductIdent\": \"do officia esse ut\",\n        \"Desc\": \"elit qui dolore veniam\",\n        \"CardDtlStatus\": \"1 to 9 \",\n        \"OpenDt\": \"1976-06-01\",\n        \"ExpDt\": \"1995-02-17\",\n        \"EmbossingName\": \"dolor reprehenderit veniam aliqua sint\",\n        \"PartyKeys\": {\n          \"PartyId\": \"<string>\"\n        },\n        \"PartyAcctRelData\": [\n          {\n            \"PartyAcctRelType\": \"Related\",\n            \"PartyAcctRelOrder\": \"Second\"\n          },\n          {\n            \"PartyAcctRelType\": \"Custodian\",\n            \"PartyAcctRelOrder\": \"Other\"\n          }\n        ],\n        \"RestrictedInd\": false\n      },\n      \"CardStatus\": {\n        \"CardStatusCode\": \"Valid\",\n        \"EffDt\": \"8520-72-07T50:57:01+89:84\"\n      }\n    }\n  ],\n  \"Status\": {\n    \"Severity\": \"Info\",\n    \"StatusCode\": \"exerci\",\n    \"StatusDesc\": \"exercitation aliqua Excepteur\",\n    \"SvcProviderName\": \"quis officia minim\",\n    \"Id\": \"sint ad\",\n    \"ServerStatusCode\": \"exercitation\",\n    \"ServerStatusDesc\": \"pariatur culpa mollit\",\n    \"OvrdExceptionInd\": false,\n    \"SubjectRole\": \"proident ex aliqua nostrud\",\n    \"SubjectElement\": [\n      {\n        \"Path\": \"qui eiusmod\",\n        \"ServerPath\": \"ipsum anim\",\n        \"Value\": \"cillum sint dolor nostrud\"\n      },\n      {\n        \"Path\": \"nostrud irure proident laborum\",\n        \"ServerPath\": \"Ut culpa consectetur\",\n        \"Value\": \"aliquip\"\n      }\n    ],\n    \"ContentHTML\": \"v\",\n    \"AdditionalStatus\": [\n      {\n        \"StatusCode\": \"nisi aute \",\n        \"StatusDesc\": \"dolor\",\n        \"Severity\": \"Error\",\n        \"SvcProviderName\": \"id\",\n        \"ServerStatusCode\": \"fugiat sed e\",\n        \"ServerStatusDesc\": \"dolor\",\n        \"OvrdExceptionInd\": true,\n        \"SubjectElement\": [\n          {\n            \"Path\": \"consectetur Excepteur\",\n            \"ServerPath\": \"ea quis\",\n            \"Value\": \"amet occaecat magna\"\n          },\n          {\n            \"Path\": \"amet exercitation culpa\",\n            \"ServerPath\": \"laborum eu\",\n            \"Value\": \"cillum\"\n          }\n        ]\n      },\n      {\n        \"StatusCode\": \"ipsum minim qui l\",\n        \"StatusDesc\": \"nulla amet eiusmod\",\n        \"Severity\": \"Error\",\n        \"SvcProviderName\": \"si\",\n        \"ServerStatusCode\": \"sunt do\",\n        \"ServerStatusDesc\": \"sed Duis commodo anim\",\n        \"OvrdExceptionInd\": true,\n        \"SubjectElement\": [\n          {\n            \"Path\": \"proident enim non ut veniam\",\n            \"ServerPath\": \"quis commodo esse\",\n            \"Value\": \"in ex culpa veniam\"\n          },\n          {\n            \"Path\": \"et ut\",\n            \"ServerPath\": \"nostrud laboris aliqua\",\n            \"Value\": \"dolore sed\"\n          }\n        ]\n      }\n    ]\n  },\n  \"RecCtrlOut\": {\n    \"SentRecCount\": -35722277,\n    \"MatchedRecCount\": -12276699,\n    \"Cursor\": \"laborum anim ipsum commodo\"\n  }\n}","cookie":[],"_postman_previewlanguage":"json"},{"id":"87cef39c-3387-4f75-85e8-93c6f9d3365d","name":"To view the complete list of response codes, <a href=\"../docs/?path=docs/response-codes.md\" title=\"Click to open\">click here.</a>","originalRequest":{"url":{"path":["cardservice","cards","cards","secured","list"],"host":["{{baseUrl}}"],"query":[],"variable":[]},"header":[{"disabled":false,"description":"(Required) EFX Header is a common and required component for all API calls, it contains client-related parameters. Please note that the header parameters should be sent as a JSON object under the EFXHeader parameter. To view the list of header parameters, <a href=\"../docs?path=docs/api-ref-EFX-header.md\" title=\"Click to open\"> click here.</a>","key":"EFXHeader","value":"OrganizationId,<string>,TrnId,<string>,VendorId,<string>,Context,[object Object]"},{"key":"Accept","value":"application/json"}],"method":"POST","body":{"mode":"raw","raw":"{\n  \"CardListSel\": {\n    \"CardKeys\": {\n      \"CardId\": \"<string>\"\n    },\n    \"PartyKeys\": {\n      \"PartyId\": \"<string>\"\n    },\n    \"AcctKeys\": {\n      \"AcctId\": \"<string>\",\n      \"AcctType\": \"<string>\"\n    },\n    \"Name\": \"<string>\"\n  },\n  \"RecCtrlIn\": {\n    \"MaxRecLimit\": \"<long>\",\n    \"Cursor\": \"<string>\"\n  }\n}","options":{"raw":{"language":"json"}}}},"status":"Internal Server Error","code":500,"header":[{"key":"Content-Type","value":"application/json"}],"body":"{\n  \"CardListRec\": [\n    {\n      \"CardKeys\": {\n        \"CardId\": \"pariatur\",\n        \"CardSeqNum\": \"e\"\n      },\n      \"CardListInfo\": {\n        \"CardNum\": \"nostrud in et culpa\",\n        \"CardSeqNum\": \"am\",\n        \"CardType\": \"pariatur\",\n        \"ProductIdent\": \"cul\",\n        \"Desc\": \"esse dolore exercitation fugiat\",\n        \"CardDtlStatus\": \"1 to 9 \",\n        \"OpenDt\": \"1955-04-30\",\n        \"ExpDt\": \"1973-07-27\",\n        \"EmbossingName\": \"exercitation magna\",\n        \"PartyKeys\": {\n          \"PartyId\": \"<string>\"\n        },\n        \"PartyAcctRelData\": [\n          {\n            \"PartyAcctRelType\": \"Assumption\",\n            \"PartyAcctRelOrder\": \"Third\"\n          },\n          {\n            \"PartyAcctRelType\": \"Administrator\",\n            \"PartyAcctRelOrder\": \"Fourth\"\n          }\n        ],\n        \"RestrictedInd\": true\n      },\n      \"CardStatus\": {\n        \"CardStatusCode\": \"Valid\",\n        \"EffDt\": \"2853-75-38T16:16\"\n      }\n    },\n    {\n      \"CardKeys\": {\n        \"CardId\": \"co\",\n        \"CardSeqNum\": \"\"\n      },\n      \"CardListInfo\": {\n        \"CardNum\": \"id exercita\",\n        \"CardSeqNum\": \"es\",\n        \"CardType\": \"qui Ut in proident\",\n        \"ProductIdent\": \"nisi veniam\",\n        \"Desc\": \"sint voluptate\",\n        \"CardDtlStatus\": \"1 to 9 \",\n        \"OpenDt\": \"2011-01-23\",\n        \"ExpDt\": \"2011-12-10\",\n        \"EmbossingName\": \"ex dolor\",\n        \"PartyKeys\": {\n          \"PartyId\": \"<string>\"\n        },\n        \"PartyAcctRelData\": [\n          {\n            \"PartyAcctRelType\": \"JointTenancy\",\n            \"PartyAcctRelOrder\": \"Fourth\"\n          },\n          {\n            \"PartyAcctRelType\": \"Trustee\",\n            \"PartyAcctRelOrder\": \"First\"\n          }\n        ],\n        \"RestrictedInd\": false\n      },\n      \"CardStatus\": {\n        \"CardStatusCode\": \"Valid\",\n        \"EffDt\": \"5669-84-18T62:59\"\n      }\n    }\n  ],\n  \"Status\": {\n    \"Severity\": \"Info\",\n    \"StatusCode\": \"incidi\",\n    \"StatusDesc\": \"nostrud consectetur in esse\",\n    \"SvcProviderName\": \"ipsum nostrud quis ullamco\",\n    \"Id\": \"proident consequat laboris nostrud\",\n    \"ServerStatusCode\": \"\",\n    \"ServerStatusDesc\": \"sed cupidatat dolore\",\n    \"OvrdExceptionInd\": false,\n    \"SubjectRole\": \"ut non id dolo\",\n    \"SubjectElement\": [\n      {\n        \"Path\": \"consequat\",\n        \"ServerPath\": \"mollit eiusmod labore Lorem laboris\",\n        \"Value\": \"voluptate velit veniam\"\n      },\n      {\n        \"Path\": \"sunt quis anim ex\",\n        \"ServerPath\": \"dolore do\",\n        \"Value\": \"velit sunt et\"\n      }\n    ],\n    \"ContentHTML\": \"ad \",\n    \"AdditionalStatus\": [\n      {\n        \"StatusCode\": \"o\",\n        \"StatusDesc\": \"ut anim sed occaecat ipsum\",\n        \"Severity\": \"Warning\",\n        \"SvcProviderName\": \"elit dolore\",\n        \"ServerStatusCode\": \"\",\n        \"ServerStatusDesc\": \"sint esse voluptate Ut\",\n        \"OvrdExceptionInd\": false,\n        \"SubjectElement\": [\n          {\n            \"Path\": \"sit proident ullamco\",\n            \"ServerPath\": \"veniam\",\n            \"Value\": \"ut adipisici\"\n          },\n          {\n            \"Path\": \"eiusmod ex et\",\n            \"ServerPath\": \"consectetur\",\n            \"Value\": \"deserunt cupidatat veniam\"\n          }\n        ]\n      },\n      {\n        \"StatusCode\": \"in ex laboris\",\n        \"StatusDesc\": \"anim\",\n        \"Severity\": \"Warning\",\n        \"SvcProviderName\": \"amet elit\",\n        \"ServerStatusCode\": \"deser\",\n        \"ServerStatusDesc\": \"do ut anim\",\n        \"OvrdExceptionInd\": true,\n        \"SubjectElement\": [\n          {\n            \"Path\": \"aliqua ullamco in laborum\",\n            \"ServerPath\": \"laborum pariatur\",\n            \"Value\": \"dolor nisi officia enim\"\n          },\n          {\n            \"Path\": \"labore velit dolore deserunt\",\n            \"ServerPath\": \"sit amet do ut occaecat\",\n            \"Value\": \"quis sunt culpa\"\n          }\n        ]\n      }\n    ]\n  },\n  \"RecCtrlOut\": {\n    \"SentRecCount\": 51979744,\n    \"MatchedRecCount\": 70734528,\n    \"Cursor\": \"nulla sunt consectetur\"\n  }\n}","cookie":[],"_postman_previewlanguage":"json"}],"event":[],"protocolProfileBehavior":{"disableBodyPruning":true}}],"event":[]}],"event":[]}],"event":[],"variable":[{"type":"string","value":"https://swaggerhub.onefiserv.net/virts/Bank_Sol_Org/CardService/11.0.0_SIG","key":"baseUrl"}],"info":{"_postman_id":"041cd455-d340-4103-b259-f5021c9107a6","name":"Card Service","schema":"https://schema.getpostman.com/json/collection/v2.1.0/collection.json","description":{"content":" The Card service provides administration in respect to creation, modification, inquiry, and deletion of any type of EFT cards used by the holders. It supports operations managing the credit, debit, prepaid and private label cards.","type":"text/plain"}}}