{"item":[{"id":"85ddd58e-3392-4533-9265-e733b9b75dee","name":"cardservice/cards/cards","item":[{"id":"b521854f-6605-4097-bb78-3a519fd1bfc8","name":"Update Card","request":{"name":"Update Card","description":{"content":"Modifies the information of an existing debit or credit card account, such as embossing details, flex data details, and account address and name details.<br>\n        <br>\n        For more information about the Cards domain, <a href=\"../docs/?path=docs/fintechs/cards.md\" title=\"Click to open\">click here.</a> <br><br>\n        <b>Relates to:</b>\n          <ul> \n            <li><a href=\"../docs/?path=docs/banks-and-CU/deposits.md\" title=\"Click to open\">Deposits</a></li>\n            <li><a href=\"../docs/?path=docs/banks-and-CU/loans.md\" title=\"Click to open\">Loans</a></li>\n            <li><a href=\"../docs/?path=docs/banks-and-CU/bank-servicing.md\" title=\"Click to open\">Bank Servicing</a></li>\n          </ul>","type":"text/plain"},"url":{"path":["cardservice","cards","cards"],"host":["{{baseUrl}}"],"query":[],"variable":[]},"header":[{"disabled":false,"description":"(Required) EFX Header is a common and required component for all API calls, it contains client-related parameters. Please note that the header parameters should be sent as a JSON object under the EFXHeader parameter. To view the list of header parameters, <a href=\"../docs?path=docs/api-ref-EFX-header.md\" title=\"Click to open\"> click here.</a>","key":"EFXHeader","value":"OrganizationId,<string>,TrnId,<string>,VendorId,<string>,Context,[object Object]"},{"key":"Content-Type","value":"application/json"},{"key":"Accept","value":"application/json"}],"method":"PUT","auth":null,"body":{"mode":"raw","raw":"{\n  \"CardInfo\": {\n    \"Brand\": \"<string>\",\n    \"RewardsProgramInd\": \"<boolean>\",\n    \"CardNum\": \"<string>\",\n    \"CardSeqNum\": \"<string>\",\n    \"CardType\": \"<string>\",\n    \"ISOCode\": \"<string>\",\n    \"InstantIssuedInd\": \"<boolean>\",\n    \"RelationshipMgr\": [\n      {\n        \"RelationshipMgrIdent\": \"<string>\",\n        \"RelationshipRole\": \"<string>\"\n      },\n      {\n        \"RelationshipMgrIdent\": \"<string>\",\n        \"RelationshipRole\": \"<string>\"\n      }\n    ],\n    \"CardDtlStatus\": \"<string>\",\n    \"CardFee\": [\n      {\n        \"CardFeeType\": \"<string>\",\n        \"FeeOption\": \"<string>\"\n      },\n      {\n        \"CardFeeType\": \"<string>\",\n        \"FeeOption\": \"<string>\"\n      }\n    ],\n    \"OpenDt\": \"<date>\",\n    \"IssueDt\": \"<string>\",\n    \"ExpDt\": \"<date>\",\n    \"PersonEmbossingName\": {\n      \"FamilyName\": \"<string>\",\n      \"GivenName\": \"<string>\",\n      \"MiddleName\": \"<string>\",\n      \"NamePrefix\": \"<string>\",\n      \"NameSuffix\": \"<string>\"\n    },\n    \"SecondaryEmbossingName\": \"<string>\",\n    \"PostAddr\": [\n      {\n        \"AddrType\": \"<string>\",\n        \"AddressIdent\": \"<string>\"\n      },\n      {\n        \"AddrType\": \"<string>\",\n        \"AddressIdent\": \"<string>\"\n      }\n    ],\n    \"CardTrnLimit\": [\n      {\n        \"TrnTypeValue\": \"<string>\",\n        \"TrnSrc\": \"<string>\",\n        \"TempLimitInd\": \"<boolean>\",\n        \"LimitType\": \"<string>\",\n        \"DaysInCycle\": \"<long>\",\n        \"CurAmt\": {\n          \"Amt\": \"<number>\",\n          \"CurCode\": {\n            \"CurCodeValue\": {\n              \"value\": \"<Error: Too many levels of nesting to fake this schema>\"\n            },\n            \"CurCodeType\": {\n              \"value\": \"<Error: Too many levels of nesting to fake this schema>\"\n            }\n          }\n        },\n        \"LimitCount\": \"<long>\",\n        \"TempTrnLimitExpDt\": \"<date>\"\n      },\n      {\n        \"TrnTypeValue\": \"<string>\",\n        \"TrnSrc\": \"<string>\",\n        \"TempLimitInd\": \"<boolean>\",\n        \"LimitType\": \"<string>\",\n        \"DaysInCycle\": \"<long>\",\n        \"CurAmt\": {\n          \"Amt\": \"<number>\",\n          \"CurCode\": {\n            \"CurCodeValue\": {\n              \"value\": \"<Error: Too many levels of nesting to fake this schema>\"\n            },\n            \"CurCodeType\": {\n              \"value\": \"<Error: Too many levels of nesting to fake this schema>\"\n            }\n          }\n        },\n        \"LimitCount\": \"<long>\",\n        \"TempTrnLimitExpDt\": \"<date>\"\n      }\n    ],\n    \"DenyThresholdScore\": \"<long>\",\n    \"FasCashAmt\": \"<number>\",\n    \"GenerateCardNum\": \"<string>\",\n    \"GenerateCardOrder\": \"<string>\",\n    \"GeneratePINMailer\": \"<string>\",\n    \"CardPref\": {\n      \"Language\": \"<string>\"\n    },\n    \"DateData\": [\n      {\n        \"DateType\": \"<string>\",\n        \"DateValue\": \"<string>\"\n      },\n      {\n        \"DateType\": \"<string>\",\n        \"DateValue\": \"<string>\"\n      }\n    ],\n    \"PreviousExpDt\": \"<string>\",\n    \"OriginatingBranch\": \"<string>\",\n    \"ClassCode\": \"<string>\",\n    \"ClientDefinedData\": [\n      {\n        \"DataIdent\": \"<string>\",\n        \"Value\": \"<string>\"\n      },\n      {\n        \"DataIdent\": \"<string>\",\n        \"Value\": \"<string>\"\n      }\n    ],\n    \"Nickname\": \"<string>\",\n    \"ReportGroupCode\": \"<string>\",\n    \"PINOffset\": \"<string>\",\n    \"PINInvalidEntryNum\": \"<long>\",\n    \"PINInvalidEntryAllowedNum\": \"<long>\",\n    \"RefData\": [\n      {\n        \"RefType\": \"<string>\",\n        \"RefIdent\": \"<string>\"\n      },\n      {\n        \"RefType\": \"<string>\",\n        \"RefIdent\": \"<string>\"\n      }\n    ],\n    \"AccessLevelData\": [\n      {\n        \"AccessLevelType\": \"<string>\",\n        \"AccessLevelCode\": \"<string>\"\n      },\n      {\n        \"AccessLevelType\": \"<string>\",\n        \"AccessLevelCode\": \"<string>\"\n      }\n    ],\n    \"TextAlertData\": {\n      \"AlertContact\": [\n        {\n          \"PhoneNum\": {\n            \"PhoneType\": {\n              \"value\": \"<Error: Too many levels of nesting to fake this schema>\"\n            },\n            \"PhoneIdent\": {\n              \"value\": \"<Error: Too many levels of nesting to fake this schema>\"\n            }\n          },\n          \"Email\": {\n            \"EmailIdent\": {\n              \"value\": \"<Error: Too many levels of nesting to fake this schema>\"\n            }\n          }\n        },\n        {\n          \"PhoneNum\": {\n            \"PhoneType\": {\n              \"value\": \"<Error: Too many levels of nesting to fake this schema>\"\n            },\n            \"PhoneIdent\": {\n              \"value\": \"<Error: Too many levels of nesting to fake this schema>\"\n            }\n          },\n          \"Email\": {\n            \"EmailIdent\": {\n              \"value\": \"<Error: Too many levels of nesting to fake this schema>\"\n            }\n          }\n        }\n      ]\n    }\n  },\n  \"CardKeys\": {\n    \"CardId\": \"<string>\",\n    \"ISOCode\": \"<string>\",\n    \"CardNum\": \"<string>\"\n  }\n}","options":{"raw":{"language":"json"}}}},"response":[{"id":"91c04b11-0202-409c-a64b-eee81507da9e","name":"Success","originalRequest":{"url":{"path":["cardservice","cards","cards"],"host":["{{baseUrl}}"],"query":[],"variable":[]},"header":[{"disabled":false,"description":"(Required) EFX Header is a common and required component for all API calls, it contains client-related parameters. Please note that the header parameters should be sent as a JSON object under the EFXHeader parameter. To view the list of header parameters, <a href=\"../docs?path=docs/api-ref-EFX-header.md\" title=\"Click to open\"> click here.</a>","key":"EFXHeader","value":"OrganizationId,<string>,TrnId,<string>,VendorId,<string>,Context,[object Object]"},{"key":"Accept","value":"application/json"}],"method":"PUT","body":{"mode":"raw","raw":"{\n  \"CardInfo\": {\n    \"Brand\": \"<string>\",\n    \"RewardsProgramInd\": \"<boolean>\",\n    \"CardNum\": \"<string>\",\n    \"CardSeqNum\": \"<string>\",\n    \"CardType\": \"<string>\",\n    \"ISOCode\": \"<string>\",\n    \"InstantIssuedInd\": \"<boolean>\",\n    \"RelationshipMgr\": [\n      {\n        \"RelationshipMgrIdent\": \"<string>\",\n        \"RelationshipRole\": \"<string>\"\n      },\n      {\n        \"RelationshipMgrIdent\": \"<string>\",\n        \"RelationshipRole\": \"<string>\"\n      }\n    ],\n    \"CardDtlStatus\": \"<string>\",\n    \"CardFee\": [\n      {\n        \"CardFeeType\": \"<string>\",\n        \"FeeOption\": \"<string>\"\n      },\n      {\n        \"CardFeeType\": \"<string>\",\n        \"FeeOption\": \"<string>\"\n      }\n    ],\n    \"OpenDt\": \"<date>\",\n    \"IssueDt\": \"<string>\",\n    \"ExpDt\": \"<date>\",\n    \"PersonEmbossingName\": {\n      \"FamilyName\": \"<string>\",\n      \"GivenName\": \"<string>\",\n      \"MiddleName\": \"<string>\",\n      \"NamePrefix\": \"<string>\",\n      \"NameSuffix\": \"<string>\"\n    },\n    \"SecondaryEmbossingName\": \"<string>\",\n    \"PostAddr\": [\n      {\n        \"AddrType\": \"<string>\",\n        \"AddressIdent\": \"<string>\"\n      },\n      {\n        \"AddrType\": \"<string>\",\n        \"AddressIdent\": \"<string>\"\n      }\n    ],\n    \"CardTrnLimit\": [\n      {\n        \"TrnTypeValue\": \"<string>\",\n        \"TrnSrc\": \"<string>\",\n        \"TempLimitInd\": \"<boolean>\",\n        \"LimitType\": \"<string>\",\n        \"DaysInCycle\": \"<long>\",\n        \"CurAmt\": {\n          \"Amt\": \"<number>\",\n          \"CurCode\": {\n            \"CurCodeValue\": {\n              \"value\": \"<Error: Too many levels of nesting to fake this schema>\"\n            },\n            \"CurCodeType\": {\n              \"value\": \"<Error: Too many levels of nesting to fake this schema>\"\n            }\n          }\n        },\n        \"LimitCount\": \"<long>\",\n        \"TempTrnLimitExpDt\": \"<date>\"\n      },\n      {\n        \"TrnTypeValue\": \"<string>\",\n        \"TrnSrc\": \"<string>\",\n        \"TempLimitInd\": \"<boolean>\",\n        \"LimitType\": \"<string>\",\n        \"DaysInCycle\": \"<long>\",\n        \"CurAmt\": {\n          \"Amt\": \"<number>\",\n          \"CurCode\": {\n            \"CurCodeValue\": {\n              \"value\": \"<Error: Too many levels of nesting to fake this schema>\"\n            },\n            \"CurCodeType\": {\n              \"value\": \"<Error: Too many levels of nesting to fake this schema>\"\n            }\n          }\n        },\n        \"LimitCount\": \"<long>\",\n        \"TempTrnLimitExpDt\": \"<date>\"\n      }\n    ],\n    \"DenyThresholdScore\": \"<long>\",\n    \"FasCashAmt\": \"<number>\",\n    \"GenerateCardNum\": \"<string>\",\n    \"GenerateCardOrder\": \"<string>\",\n    \"GeneratePINMailer\": \"<string>\",\n    \"CardPref\": {\n      \"Language\": \"<string>\"\n    },\n    \"DateData\": [\n      {\n        \"DateType\": \"<string>\",\n        \"DateValue\": \"<string>\"\n      },\n      {\n        \"DateType\": \"<string>\",\n        \"DateValue\": \"<string>\"\n      }\n    ],\n    \"PreviousExpDt\": \"<string>\",\n    \"OriginatingBranch\": \"<string>\",\n    \"ClassCode\": \"<string>\",\n    \"ClientDefinedData\": [\n      {\n        \"DataIdent\": \"<string>\",\n        \"Value\": \"<string>\"\n      },\n      {\n        \"DataIdent\": \"<string>\",\n        \"Value\": \"<string>\"\n      }\n    ],\n    \"Nickname\": \"<string>\",\n    \"ReportGroupCode\": \"<string>\",\n    \"PINOffset\": \"<string>\",\n    \"PINInvalidEntryNum\": \"<long>\",\n    \"PINInvalidEntryAllowedNum\": \"<long>\",\n    \"RefData\": [\n      {\n        \"RefType\": \"<string>\",\n        \"RefIdent\": \"<string>\"\n      },\n      {\n        \"RefType\": \"<string>\",\n        \"RefIdent\": \"<string>\"\n      }\n    ],\n    \"AccessLevelData\": [\n      {\n        \"AccessLevelType\": \"<string>\",\n        \"AccessLevelCode\": \"<string>\"\n      },\n      {\n        \"AccessLevelType\": \"<string>\",\n        \"AccessLevelCode\": \"<string>\"\n      }\n    ],\n    \"TextAlertData\": {\n      \"AlertContact\": [\n        {\n          \"PhoneNum\": {\n            \"PhoneType\": {\n              \"value\": \"<Error: Too many levels of nesting to fake this schema>\"\n            },\n            \"PhoneIdent\": {\n              \"value\": \"<Error: Too many levels of nesting to fake this schema>\"\n            }\n          },\n          \"Email\": {\n            \"EmailIdent\": {\n              \"value\": \"<Error: Too many levels of nesting to fake this schema>\"\n            }\n          }\n        },\n        {\n          \"PhoneNum\": {\n            \"PhoneType\": {\n              \"value\": \"<Error: Too many levels of nesting to fake this schema>\"\n            },\n            \"PhoneIdent\": {\n              \"value\": \"<Error: Too many levels of nesting to fake this schema>\"\n            }\n          },\n          \"Email\": {\n            \"EmailIdent\": {\n              \"value\": \"<Error: Too many levels of nesting to fake this schema>\"\n            }\n          }\n        }\n      ]\n    }\n  },\n  \"CardKeys\": {\n    \"CardId\": \"<string>\",\n    \"ISOCode\": \"<string>\",\n    \"CardNum\": \"<string>\"\n  }\n}","options":{"raw":{"language":"json"}}}},"status":"OK","code":200,"header":[{"key":"Content-Type","value":"application/json"}],"body":"{\n  \"CardStatusRec\": {\n    \"CardKeys\": {\n      \"CardId\": \"de\",\n      \"ISOCode\": \"eiusmod sint irure aute voluptate\",\n      \"CardNum\": \"ullamco ex\"\n    }\n  },\n  \"Status\": {\n    \"Severity\": \"Info\",\n    \"StatusCode\": \"sint consequat u\",\n    \"StatusDesc\": \"anim enim\",\n    \"SvcProviderName\": \"ullamco exercitation d\",\n    \"Id\": \"qui sint cillum Ut\",\n    \"ServerStatusCode\": \"consectetur sunt u\",\n    \"ServerStatusDesc\": \"cillum anim ex\",\n    \"OvrdExceptionInd\": false,\n    \"SubjectRole\": \"sed Lorem ea quis\",\n    \"SubjectElement\": [\n      {\n        \"Path\": \"culpa cupidatat anim aliquip\",\n        \"ServerPath\": \"sint minim aliqua\",\n        \"Value\": \"cupidatat et\"\n      },\n      {\n        \"Path\": \"sint do\",\n        \"ServerPath\": \"ullamco sint\",\n        \"Value\": \"Excepteu\"\n      }\n    ],\n    \"ContentHTML\": \"in\",\n    \"AdditionalStatus\": [\n      {\n        \"StatusCode\": \"labore adipisici\",\n        \"StatusDesc\": \"est consectetur quis nostrud\",\n        \"Severity\": \"Info\",\n        \"SvcProviderName\": \"officia laboris velit in\",\n        \"ServerStatusCode\": \"\",\n        \"ServerStatusDesc\": \"aute\",\n        \"OvrdExceptionInd\": true,\n        \"SubjectElement\": [\n          {\n            \"Path\": \"velit non fugiat\",\n            \"ServerPath\": \"occaecat cillum \",\n            \"Value\": \"mollit Ut\"\n          },\n          {\n            \"Path\": \"in Ut\",\n            \"ServerPath\": \"nulla exercitation irure anim\",\n            \"Value\": \"cillum\"\n          }\n        ]\n      },\n      {\n        \"StatusCode\": \"velit fugiat a\",\n        \"StatusDesc\": \"eiusmod sint veniam nulla nisi\",\n        \"Severity\": \"Error\",\n        \"SvcProviderName\": \"dolor voluptate nulla id\",\n        \"ServerStatusCode\": \"esse\",\n        \"ServerStatusDesc\": \"ip\",\n        \"OvrdExceptionInd\": true,\n        \"SubjectElement\": [\n          {\n            \"Path\": \"Duis\",\n            \"ServerPath\": \"esse Excepteur eu adipisicing Lorem\",\n            \"Value\": \"sit ipsum consequat minim\"\n          },\n          {\n            \"Path\": \"ma\",\n            \"ServerPath\": \"quis\",\n            \"Value\": \"deserunt in in ullamco magna\"\n          }\n        ]\n      }\n    ]\n  }\n}","cookie":[],"_postman_previewlanguage":"json"},{"id":"d9d6e7fc-df1a-474c-a6c1-042b06211fff","name":"To view the complete list of response codes, <a href=\"../docs/?path=docs/response-codes.md\" title=\"Click to open\">click here.</a>","originalRequest":{"url":{"path":["cardservice","cards","cards"],"host":["{{baseUrl}}"],"query":[],"variable":[]},"header":[{"disabled":false,"description":"(Required) EFX Header is a common and required component for all API calls, it contains client-related parameters. Please note that the header parameters should be sent as a JSON object under the EFXHeader parameter. To view the list of header parameters, <a href=\"../docs?path=docs/api-ref-EFX-header.md\" title=\"Click to open\"> click here.</a>","key":"EFXHeader","value":"OrganizationId,<string>,TrnId,<string>,VendorId,<string>,Context,[object Object]"},{"key":"Accept","value":"application/json"}],"method":"PUT","body":{"mode":"raw","raw":"{\n  \"CardInfo\": {\n    \"Brand\": \"<string>\",\n    \"RewardsProgramInd\": \"<boolean>\",\n    \"CardNum\": \"<string>\",\n    \"CardSeqNum\": \"<string>\",\n    \"CardType\": \"<string>\",\n    \"ISOCode\": \"<string>\",\n    \"InstantIssuedInd\": \"<boolean>\",\n    \"RelationshipMgr\": [\n      {\n        \"RelationshipMgrIdent\": \"<string>\",\n        \"RelationshipRole\": \"<string>\"\n      },\n      {\n        \"RelationshipMgrIdent\": \"<string>\",\n        \"RelationshipRole\": \"<string>\"\n      }\n    ],\n    \"CardDtlStatus\": \"<string>\",\n    \"CardFee\": [\n      {\n        \"CardFeeType\": \"<string>\",\n        \"FeeOption\": \"<string>\"\n      },\n      {\n        \"CardFeeType\": \"<string>\",\n        \"FeeOption\": \"<string>\"\n      }\n    ],\n    \"OpenDt\": \"<date>\",\n    \"IssueDt\": \"<string>\",\n    \"ExpDt\": \"<date>\",\n    \"PersonEmbossingName\": {\n      \"FamilyName\": \"<string>\",\n      \"GivenName\": \"<string>\",\n      \"MiddleName\": \"<string>\",\n      \"NamePrefix\": \"<string>\",\n      \"NameSuffix\": \"<string>\"\n    },\n    \"SecondaryEmbossingName\": \"<string>\",\n    \"PostAddr\": [\n      {\n        \"AddrType\": \"<string>\",\n        \"AddressIdent\": \"<string>\"\n      },\n      {\n        \"AddrType\": \"<string>\",\n        \"AddressIdent\": \"<string>\"\n      }\n    ],\n    \"CardTrnLimit\": [\n      {\n        \"TrnTypeValue\": \"<string>\",\n        \"TrnSrc\": \"<string>\",\n        \"TempLimitInd\": \"<boolean>\",\n        \"LimitType\": \"<string>\",\n        \"DaysInCycle\": \"<long>\",\n        \"CurAmt\": {\n          \"Amt\": \"<number>\",\n          \"CurCode\": {\n            \"CurCodeValue\": {\n              \"value\": \"<Error: Too many levels of nesting to fake this schema>\"\n            },\n            \"CurCodeType\": {\n              \"value\": \"<Error: Too many levels of nesting to fake this schema>\"\n            }\n          }\n        },\n        \"LimitCount\": \"<long>\",\n        \"TempTrnLimitExpDt\": \"<date>\"\n      },\n      {\n        \"TrnTypeValue\": \"<string>\",\n        \"TrnSrc\": \"<string>\",\n        \"TempLimitInd\": \"<boolean>\",\n        \"LimitType\": \"<string>\",\n        \"DaysInCycle\": \"<long>\",\n        \"CurAmt\": {\n          \"Amt\": \"<number>\",\n          \"CurCode\": {\n            \"CurCodeValue\": {\n              \"value\": \"<Error: Too many levels of nesting to fake this schema>\"\n            },\n            \"CurCodeType\": {\n              \"value\": \"<Error: Too many levels of nesting to fake this schema>\"\n            }\n          }\n        },\n        \"LimitCount\": \"<long>\",\n        \"TempTrnLimitExpDt\": \"<date>\"\n      }\n    ],\n    \"DenyThresholdScore\": \"<long>\",\n    \"FasCashAmt\": \"<number>\",\n    \"GenerateCardNum\": \"<string>\",\n    \"GenerateCardOrder\": \"<string>\",\n    \"GeneratePINMailer\": \"<string>\",\n    \"CardPref\": {\n      \"Language\": \"<string>\"\n    },\n    \"DateData\": [\n      {\n        \"DateType\": \"<string>\",\n        \"DateValue\": \"<string>\"\n      },\n      {\n        \"DateType\": \"<string>\",\n        \"DateValue\": \"<string>\"\n      }\n    ],\n    \"PreviousExpDt\": \"<string>\",\n    \"OriginatingBranch\": \"<string>\",\n    \"ClassCode\": \"<string>\",\n    \"ClientDefinedData\": [\n      {\n        \"DataIdent\": \"<string>\",\n        \"Value\": \"<string>\"\n      },\n      {\n        \"DataIdent\": \"<string>\",\n        \"Value\": \"<string>\"\n      }\n    ],\n    \"Nickname\": \"<string>\",\n    \"ReportGroupCode\": \"<string>\",\n    \"PINOffset\": \"<string>\",\n    \"PINInvalidEntryNum\": \"<long>\",\n    \"PINInvalidEntryAllowedNum\": \"<long>\",\n    \"RefData\": [\n      {\n        \"RefType\": \"<string>\",\n        \"RefIdent\": \"<string>\"\n      },\n      {\n        \"RefType\": \"<string>\",\n        \"RefIdent\": \"<string>\"\n      }\n    ],\n    \"AccessLevelData\": [\n      {\n        \"AccessLevelType\": \"<string>\",\n        \"AccessLevelCode\": \"<string>\"\n      },\n      {\n        \"AccessLevelType\": \"<string>\",\n        \"AccessLevelCode\": \"<string>\"\n      }\n    ],\n    \"TextAlertData\": {\n      \"AlertContact\": [\n        {\n          \"PhoneNum\": {\n            \"PhoneType\": {\n              \"value\": \"<Error: Too many levels of nesting to fake this schema>\"\n            },\n            \"PhoneIdent\": {\n              \"value\": \"<Error: Too many levels of nesting to fake this schema>\"\n            }\n          },\n          \"Email\": {\n            \"EmailIdent\": {\n              \"value\": \"<Error: Too many levels of nesting to fake this schema>\"\n            }\n          }\n        },\n        {\n          \"PhoneNum\": {\n            \"PhoneType\": {\n              \"value\": \"<Error: Too many levels of nesting to fake this schema>\"\n            },\n            \"PhoneIdent\": {\n              \"value\": \"<Error: Too many levels of nesting to fake this schema>\"\n            }\n          },\n          \"Email\": {\n            \"EmailIdent\": {\n              \"value\": \"<Error: Too many levels of nesting to fake this schema>\"\n            }\n          }\n        }\n      ]\n    }\n  },\n  \"CardKeys\": {\n    \"CardId\": \"<string>\",\n    \"ISOCode\": \"<string>\",\n    \"CardNum\": \"<string>\"\n  }\n}","options":{"raw":{"language":"json"}}}},"status":"Internal Server Error","code":500,"header":[{"key":"Content-Type","value":"application/json"}],"body":"{\n  \"CardStatusRec\": {\n    \"CardKeys\": {\n      \"CardId\": \"in enim\",\n      \"ISOCode\": \"anim Ut ullamco esse sed\",\n      \"CardNum\": \"laboris\"\n    }\n  },\n  \"Status\": {\n    \"Severity\": \"Error\",\n    \"StatusCode\": \"fugiat esse\",\n    \"StatusDesc\": \"veniam est Duis\",\n    \"SvcProviderName\": \"velit dolore cupidatat\",\n    \"Id\": \"minim ullamco\",\n    \"ServerStatusCode\": \"sit mollit\",\n    \"ServerStatusDesc\": \"in ut ad commodo veniam\",\n    \"OvrdExceptionInd\": true,\n    \"SubjectRole\": \"consectetur\",\n    \"SubjectElement\": [\n      {\n        \"Path\": \"nulla dolore occaecat magna\",\n        \"ServerPath\": \"occaecat deserunt anim in\",\n        \"Value\": \"ut ex minim\"\n      },\n      {\n        \"Path\": \"exercitation laboris culpa mollit\",\n        \"ServerPath\": \"pariatur commodo nulla sit officia\",\n        \"Value\": \"occaecat commodo\"\n      }\n    ],\n    \"ContentHTML\": \"et quis elit\",\n    \"AdditionalStatus\": [\n      {\n        \"StatusCode\": \"aute\",\n        \"StatusDesc\": \"voluptate in laboris\",\n        \"Severity\": \"Error\",\n        \"SvcProviderName\": \"do\",\n        \"ServerStatusCode\": \"eu reprehenderit s\",\n        \"ServerStatusDesc\": \"commodo ullamco id\",\n        \"OvrdExceptionInd\": false,\n        \"SubjectElement\": [\n          {\n            \"Path\": \"qui dolore aliqua\",\n            \"ServerPath\": \"fugiat sint adipisicing\",\n            \"Value\": \"dolore ut amet\"\n          },\n          {\n            \"Path\": \"ipsum ut dolore\",\n            \"ServerPath\": \"aliquip est dolor\",\n            \"Value\": \"amet\"\n          }\n        ]\n      },\n      {\n        \"StatusCode\": \"ipsum \",\n        \"StatusDesc\": \"incididunt aliqua\",\n        \"Severity\": \"Warning\",\n        \"SvcProviderName\": \"consequat est dolor proident ipsum\",\n        \"ServerStatusCode\": \"consequ\",\n        \"ServerStatusDesc\": \"sint deserunt ea pariatur\",\n        \"OvrdExceptionInd\": true,\n        \"SubjectElement\": [\n          {\n            \"Path\": \"voluptate\",\n            \"ServerPath\": \"veniam occaecat \",\n            \"Value\": \"anim velit sed in\"\n          },\n          {\n            \"Path\": \"Duis sunt aliquip Ut\",\n            \"ServerPath\": \"enim aliqua veniam ullamco\",\n            \"Value\": \"velit aute eiusmod id\"\n          }\n        ]\n      }\n    ]\n  }\n}","cookie":[],"_postman_previewlanguage":"json"}],"event":[],"protocolProfileBehavior":{"disableBodyPruning":true}},{"id":"f05ba77f-c7d2-425c-aac5-50333b88a435","name":"Add Card","request":{"name":"Add Card","description":{"content":"Creates a new EFT card account (debit or credit) for one or multiple parties. EFT Cards are plastic cards used for electronic transactions. \n        <br><br>\n        For more information about the Cards domain, <a href=\"../docs/?path=docs/fintechs/cards.md\" title=\"Click to open\">click here.</a> \n        <br><br>\n        <b>Relates to:</b>\n          <ul> \n            <li><a href=\"../docs/?path=docs/banks-and-CU/deposits.md\" title=\"Click to open\">Deposits</a></li>\n            <li><a href=\"../docs/?path=docs/banks-and-CU/loans.md\" title=\"Click to open\">Loans</a></li>\n            <li><a href=\"../docs/?path=docs/banks-and-CU/bank-servicing.md\" title=\"Click to open\">Bank Servicing</a></li>\n          </ul>","type":"text/plain"},"url":{"path":["cardservice","cards","cards"],"host":["{{baseUrl}}"],"query":[],"variable":[]},"header":[{"disabled":false,"description":"(Required) EFX Header is a common and required component for all API calls, it contains client-related parameters. Please note that the header parameters should be sent as a JSON object under the EFXHeader parameter. To view the list of header parameters, <a href=\"../docs?path=docs/api-ref-EFX-header.md\" title=\"Click to open\"> click here.</a>","key":"EFXHeader","value":"OrganizationId,<string>,TrnId,<string>,VendorId,<string>,Context,[object Object]"},{"key":"Content-Type","value":"application/json"},{"key":"Accept","value":"application/json"}],"method":"POST","auth":null,"body":{"mode":"raw","raw":"{\n  \"CardInfo\": {\n    \"Brand\": \"<string>\",\n    \"RewardsProgramInd\": \"<boolean>\",\n    \"CardNum\": \"<string>\",\n    \"CardSeqNum\": \"<string>\",\n    \"CardType\": \"<string>\",\n    \"ISOCode\": \"<string>\",\n    \"ProductIdent\": \"<string>\",\n    \"InstantIssuedInd\": \"<boolean>\",\n    \"RelationshipMgr\": [\n      {\n        \"RelationshipMgrIdent\": \"<string>\",\n        \"RelationshipRole\": \"<string>\"\n      },\n      {\n        \"RelationshipMgrIdent\": \"<string>\",\n        \"RelationshipRole\": \"<string>\"\n      }\n    ],\n    \"CardDtlStatus\": \"<string>\",\n    \"CardFee\": [\n      {\n        \"CardFeeType\": \"<string>\",\n        \"FeeOption\": \"<string>\"\n      },\n      {\n        \"CardFeeType\": \"<string>\",\n        \"FeeOption\": \"<string>\"\n      }\n    ],\n    \"OpenDt\": \"<date>\",\n    \"ExpDt\": \"<date>\",\n    \"PersonEmbossingName\": {\n      \"FamilyName\": \"<string>\",\n      \"GivenName\": \"<string>\",\n      \"MiddleName\": \"<string>\",\n      \"NamePrefix\": \"<string>\",\n      \"NameSuffix\": \"<string>\"\n    },\n    \"EmbossingName\": \"<string>\",\n    \"SecondaryEmbossingName\": \"<string>\",\n    \"PostAddr\": [\n      {\n        \"AddrType\": \"<string>\",\n        \"AddressIdent\": \"<string>\"\n      },\n      {\n        \"AddrType\": \"<string>\",\n        \"AddressIdent\": \"<string>\"\n      }\n    ],\n    \"CardTrnLimit\": [\n      {\n        \"TrnTypeValue\": \"<string>\",\n        \"TrnSrc\": \"<string>\",\n        \"LimitType\": \"<string>\",\n        \"DaysInCycle\": \"<long>\"\n      },\n      {\n        \"TrnTypeValue\": \"<string>\",\n        \"TrnSrc\": \"<string>\",\n        \"LimitType\": \"<string>\",\n        \"DaysInCycle\": \"<long>\"\n      }\n    ],\n    \"DenyThresholdScore\": \"<long>\",\n    \"FasCashAmt\": \"<number>\",\n    \"CardsInUseNum\": \"<long>\",\n    \"GenerateCardNum\": \"<string>\",\n    \"GenerateCardOrder\": \"<string>\",\n    \"GeneratePINMailer\": \"<string>\",\n    \"CardPref\": {\n      \"Language\": \"<string>\"\n    },\n    \"DateData\": [\n      {\n        \"DateType\": \"<string>\",\n        \"DateValue\": \"<string>\"\n      },\n      {\n        \"DateType\": \"<string>\",\n        \"DateValue\": \"<string>\"\n      }\n    ],\n    \"PreviousCardData\": {\n      \"ISOCode\": \"<string>\",\n      \"CardNum\": \"<string>\"\n    },\n    \"UpdaterSvcOptOutInd\": \"<boolean>\",\n    \"ExpediteInd\": \"<boolean>\",\n    \"OriginatingBranch\": \"<string>\",\n    \"ClassCode\": \"<string>\",\n    \"ClientDefinedData\": [\n      {\n        \"DataIdent\": \"<string>\",\n        \"Value\": \"<string>\"\n      },\n      {\n        \"DataIdent\": \"<string>\",\n        \"Value\": \"<string>\"\n      }\n    ],\n    \"Nickname\": \"<string>\",\n    \"ReportGroupCode\": \"<string>\",\n    \"PINOffset\": \"<string>\",\n    \"PINInvalidEntryAllowedNum\": \"<long>\",\n    \"RefData\": [\n      {\n        \"RefType\": \"<string>\",\n        \"RefIdent\": \"<string>\"\n      },\n      {\n        \"RefType\": \"<string>\",\n        \"RefIdent\": \"<string>\"\n      }\n    ],\n    \"AccessLevelData\": [\n      {\n        \"AccessLevelType\": \"<string>\",\n        \"AccessLevelCode\": \"<string>\"\n      },\n      {\n        \"AccessLevelType\": \"<string>\",\n        \"AccessLevelCode\": \"<string>\"\n      }\n    ],\n    \"AcctLinkData\": [\n      {\n        \"AcctRef\": {\n          \"AcctKeys\": {\n            \"AcctId\": {\n              \"value\": \"<Error: Too many levels of nesting to fake this schema>\"\n            },\n            \"AcctType\": {\n              \"value\": \"<Error: Too many levels of nesting to fake this schema>\"\n            }\n          }\n        },\n        \"OtherAcctRel\": \"<long>\",\n        \"FinancialTrnOption\": \"<string>\"\n      },\n      {\n        \"AcctRef\": {\n          \"AcctKeys\": {\n            \"AcctId\": {\n              \"value\": \"<Error: Too many levels of nesting to fake this schema>\"\n            },\n            \"AcctType\": {\n              \"value\": \"<Error: Too many levels of nesting to fake this schema>\"\n            }\n          }\n        },\n        \"OtherAcctRel\": \"<long>\",\n        \"FinancialTrnOption\": \"<string>\"\n      }\n    ]\n  },\n  \"OvrdExceptionData\": {\n    \"OvrdAutoAckInd\": \"<boolean>\"\n  },\n  \"PartyCardRelInfo\": [\n    {\n      \"PartyCardRelType\": \"<string>\",\n      \"PartyRef\": {\n        \"PartyKeys\": {\n          \"PartyId\": \"<string>\"\n        }\n      },\n      \"PrimaryOwnerInd\": \"<boolean>\"\n    },\n    {\n      \"PartyCardRelType\": \"<string>\",\n      \"PartyRef\": {\n        \"PartyKeys\": {\n          \"PartyId\": \"<string>\"\n        }\n      },\n      \"PrimaryOwnerInd\": \"<boolean>\"\n    }\n  ]\n}","options":{"raw":{"language":"json"}}}},"response":[{"id":"edd8c60d-c3a9-40aa-adf0-cc0d3227c1ee","name":"Created","originalRequest":{"url":{"path":["cardservice","cards","cards"],"host":["{{baseUrl}}"],"query":[],"variable":[]},"header":[{"disabled":false,"description":"(Required) EFX Header is a common and required component for all API calls, it contains client-related parameters. Please note that the header parameters should be sent as a JSON object under the EFXHeader parameter. To view the list of header parameters, <a href=\"../docs?path=docs/api-ref-EFX-header.md\" title=\"Click to open\"> click here.</a>","key":"EFXHeader","value":"OrganizationId,<string>,TrnId,<string>,VendorId,<string>,Context,[object Object]"},{"key":"Accept","value":"application/json"}],"method":"POST","body":{"mode":"raw","raw":"{\n  \"CardInfo\": {\n    \"Brand\": \"<string>\",\n    \"RewardsProgramInd\": \"<boolean>\",\n    \"CardNum\": \"<string>\",\n    \"CardSeqNum\": \"<string>\",\n    \"CardType\": \"<string>\",\n    \"ISOCode\": \"<string>\",\n    \"ProductIdent\": \"<string>\",\n    \"InstantIssuedInd\": \"<boolean>\",\n    \"RelationshipMgr\": [\n      {\n        \"RelationshipMgrIdent\": \"<string>\",\n        \"RelationshipRole\": \"<string>\"\n      },\n      {\n        \"RelationshipMgrIdent\": \"<string>\",\n        \"RelationshipRole\": \"<string>\"\n      }\n    ],\n    \"CardDtlStatus\": \"<string>\",\n    \"CardFee\": [\n      {\n        \"CardFeeType\": \"<string>\",\n        \"FeeOption\": \"<string>\"\n      },\n      {\n        \"CardFeeType\": \"<string>\",\n        \"FeeOption\": \"<string>\"\n      }\n    ],\n    \"OpenDt\": \"<date>\",\n    \"ExpDt\": \"<date>\",\n    \"PersonEmbossingName\": {\n      \"FamilyName\": \"<string>\",\n      \"GivenName\": \"<string>\",\n      \"MiddleName\": \"<string>\",\n      \"NamePrefix\": \"<string>\",\n      \"NameSuffix\": \"<string>\"\n    },\n    \"EmbossingName\": \"<string>\",\n    \"SecondaryEmbossingName\": \"<string>\",\n    \"PostAddr\": [\n      {\n        \"AddrType\": \"<string>\",\n        \"AddressIdent\": \"<string>\"\n      },\n      {\n        \"AddrType\": \"<string>\",\n        \"AddressIdent\": \"<string>\"\n      }\n    ],\n    \"CardTrnLimit\": [\n      {\n        \"TrnTypeValue\": \"<string>\",\n        \"TrnSrc\": \"<string>\",\n        \"LimitType\": \"<string>\",\n        \"DaysInCycle\": \"<long>\"\n      },\n      {\n        \"TrnTypeValue\": \"<string>\",\n        \"TrnSrc\": \"<string>\",\n        \"LimitType\": \"<string>\",\n        \"DaysInCycle\": \"<long>\"\n      }\n    ],\n    \"DenyThresholdScore\": \"<long>\",\n    \"FasCashAmt\": \"<number>\",\n    \"CardsInUseNum\": \"<long>\",\n    \"GenerateCardNum\": \"<string>\",\n    \"GenerateCardOrder\": \"<string>\",\n    \"GeneratePINMailer\": \"<string>\",\n    \"CardPref\": {\n      \"Language\": \"<string>\"\n    },\n    \"DateData\": [\n      {\n        \"DateType\": \"<string>\",\n        \"DateValue\": \"<string>\"\n      },\n      {\n        \"DateType\": \"<string>\",\n        \"DateValue\": \"<string>\"\n      }\n    ],\n    \"PreviousCardData\": {\n      \"ISOCode\": \"<string>\",\n      \"CardNum\": \"<string>\"\n    },\n    \"UpdaterSvcOptOutInd\": \"<boolean>\",\n    \"ExpediteInd\": \"<boolean>\",\n    \"OriginatingBranch\": \"<string>\",\n    \"ClassCode\": \"<string>\",\n    \"ClientDefinedData\": [\n      {\n        \"DataIdent\": \"<string>\",\n        \"Value\": \"<string>\"\n      },\n      {\n        \"DataIdent\": \"<string>\",\n        \"Value\": \"<string>\"\n      }\n    ],\n    \"Nickname\": \"<string>\",\n    \"ReportGroupCode\": \"<string>\",\n    \"PINOffset\": \"<string>\",\n    \"PINInvalidEntryAllowedNum\": \"<long>\",\n    \"RefData\": [\n      {\n        \"RefType\": \"<string>\",\n        \"RefIdent\": \"<string>\"\n      },\n      {\n        \"RefType\": \"<string>\",\n        \"RefIdent\": \"<string>\"\n      }\n    ],\n    \"AccessLevelData\": [\n      {\n        \"AccessLevelType\": \"<string>\",\n        \"AccessLevelCode\": \"<string>\"\n      },\n      {\n        \"AccessLevelType\": \"<string>\",\n        \"AccessLevelCode\": \"<string>\"\n      }\n    ],\n    \"AcctLinkData\": [\n      {\n        \"AcctRef\": {\n          \"AcctKeys\": {\n            \"AcctId\": {\n              \"value\": \"<Error: Too many levels of nesting to fake this schema>\"\n            },\n            \"AcctType\": {\n              \"value\": \"<Error: Too many levels of nesting to fake this schema>\"\n            }\n          }\n        },\n        \"OtherAcctRel\": \"<long>\",\n        \"FinancialTrnOption\": \"<string>\"\n      },\n      {\n        \"AcctRef\": {\n          \"AcctKeys\": {\n            \"AcctId\": {\n              \"value\": \"<Error: Too many levels of nesting to fake this schema>\"\n            },\n            \"AcctType\": {\n              \"value\": \"<Error: Too many levels of nesting to fake this schema>\"\n            }\n          }\n        },\n        \"OtherAcctRel\": \"<long>\",\n        \"FinancialTrnOption\": \"<string>\"\n      }\n    ]\n  },\n  \"OvrdExceptionData\": {\n    \"OvrdAutoAckInd\": \"<boolean>\"\n  },\n  \"PartyCardRelInfo\": [\n    {\n      \"PartyCardRelType\": \"<string>\",\n      \"PartyRef\": {\n        \"PartyKeys\": {\n          \"PartyId\": \"<string>\"\n        }\n      },\n      \"PrimaryOwnerInd\": \"<boolean>\"\n    },\n    {\n      \"PartyCardRelType\": \"<string>\",\n      \"PartyRef\": {\n        \"PartyKeys\": {\n          \"PartyId\": \"<string>\"\n        }\n      },\n      \"PrimaryOwnerInd\": \"<boolean>\"\n    }\n  ]\n}","options":{"raw":{"language":"json"}}}},"status":"Created","code":201,"header":[{"key":"Content-Type","value":"application/json"}],"body":"{\n  \"CardStatusRec\": {\n    \"CardKeys\": {\n      \"ISOCode\": \"Duis fugiat et\",\n      \"CardNum\": \"cillum sun\"\n    },\n    \"CardStatus\": {\n      \"CardStatusCode\": \"Valid\",\n      \"EffDt\": \"0844-32-82\"\n    }\n  },\n  \"Status\": {\n    \"Severity\": \"Error\",\n    \"StatusCode\": \"Excepteur do quis\",\n    \"StatusDesc\": \"eu\",\n    \"SvcProviderName\": \"aliquip\",\n    \"Id\": \"culpa occaecat\",\n    \"ServerStatusCode\": \"sit in venia\",\n    \"ServerStatusDesc\": \"tempor\",\n    \"OvrdExceptionInd\": true,\n    \"SubjectRole\": \"veniam tempor est\",\n    \"SubjectElement\": [\n      {\n        \"Path\": \"\",\n        \"ServerPath\": \"fugiat culpa anim ut in\",\n        \"Value\": \"amet Duis ipsum\"\n      },\n      {\n        \"Path\": \"sint quis\",\n        \"ServerPath\": \"commodo la\",\n        \"Value\": \"dolor culpa\"\n      }\n    ],\n    \"ContentHTML\": \"ea ipsum Duis\",\n    \"AdditionalStatus\": [\n      {\n        \"StatusCode\": \"consectetur \",\n        \"StatusDesc\": \"commodo labore ea\",\n        \"Severity\": \"Error\",\n        \"SvcProviderName\": \"nulla enim ea\",\n        \"ServerStatusCode\": \"p\",\n        \"ServerStatusDesc\": \"esse nisi ullamco\",\n        \"OvrdExceptionInd\": true,\n        \"SubjectElement\": [\n          {\n            \"Path\": \"ullamco aliquip\",\n            \"ServerPath\": \"nostrud\",\n            \"Value\": \"occaecat do ut pariatur aliquip\"\n          },\n          {\n            \"Path\": \"adipisicing sed Excepteur\",\n            \"ServerPath\": \"eiusmod sint Duis reprehenderit Ut\",\n            \"Value\": \"anim\"\n          }\n        ]\n      },\n      {\n        \"StatusCode\": \"in m\",\n        \"StatusDesc\": \"Lorem quis sed tempor ad\",\n        \"Severity\": \"Warning\",\n        \"SvcProviderName\": \"quis pariatur aliquip reprehenderit\",\n        \"ServerStatusCode\": \"reprehe\",\n        \"ServerStatusDesc\": \"est ut consequat\",\n        \"OvrdExceptionInd\": false,\n        \"SubjectElement\": [\n          {\n            \"Path\": \"ad\",\n            \"ServerPath\": \"Lorem\",\n            \"Value\": \"do culpa dolore\"\n          },\n          {\n            \"Path\": \"deserunt nulla\",\n            \"ServerPath\": \"eu dolore\",\n            \"Value\": \"pariatur ut sit laboris\"\n          }\n        ]\n      }\n    ]\n  }\n}","cookie":[],"_postman_previewlanguage":"json"},{"id":"f7fd2bbf-b267-4612-a51c-70f10bcf4d54","name":"To view the complete list of response codes, <a href=\"../docs/?path=docs/response-codes.md\" title=\"Click to open\">click here.</a>","originalRequest":{"url":{"path":["cardservice","cards","cards"],"host":["{{baseUrl}}"],"query":[],"variable":[]},"header":[{"disabled":false,"description":"(Required) EFX Header is a common and required component for all API calls, it contains client-related parameters. Please note that the header parameters should be sent as a JSON object under the EFXHeader parameter. To view the list of header parameters, <a href=\"../docs?path=docs/api-ref-EFX-header.md\" title=\"Click to open\"> click here.</a>","key":"EFXHeader","value":"OrganizationId,<string>,TrnId,<string>,VendorId,<string>,Context,[object Object]"},{"key":"Accept","value":"application/json"}],"method":"POST","body":{"mode":"raw","raw":"{\n  \"CardInfo\": {\n    \"Brand\": \"<string>\",\n    \"RewardsProgramInd\": \"<boolean>\",\n    \"CardNum\": \"<string>\",\n    \"CardSeqNum\": \"<string>\",\n    \"CardType\": \"<string>\",\n    \"ISOCode\": \"<string>\",\n    \"ProductIdent\": \"<string>\",\n    \"InstantIssuedInd\": \"<boolean>\",\n    \"RelationshipMgr\": [\n      {\n        \"RelationshipMgrIdent\": \"<string>\",\n        \"RelationshipRole\": \"<string>\"\n      },\n      {\n        \"RelationshipMgrIdent\": \"<string>\",\n        \"RelationshipRole\": \"<string>\"\n      }\n    ],\n    \"CardDtlStatus\": \"<string>\",\n    \"CardFee\": [\n      {\n        \"CardFeeType\": \"<string>\",\n        \"FeeOption\": \"<string>\"\n      },\n      {\n        \"CardFeeType\": \"<string>\",\n        \"FeeOption\": \"<string>\"\n      }\n    ],\n    \"OpenDt\": \"<date>\",\n    \"ExpDt\": \"<date>\",\n    \"PersonEmbossingName\": {\n      \"FamilyName\": \"<string>\",\n      \"GivenName\": \"<string>\",\n      \"MiddleName\": \"<string>\",\n      \"NamePrefix\": \"<string>\",\n      \"NameSuffix\": \"<string>\"\n    },\n    \"EmbossingName\": \"<string>\",\n    \"SecondaryEmbossingName\": \"<string>\",\n    \"PostAddr\": [\n      {\n        \"AddrType\": \"<string>\",\n        \"AddressIdent\": \"<string>\"\n      },\n      {\n        \"AddrType\": \"<string>\",\n        \"AddressIdent\": \"<string>\"\n      }\n    ],\n    \"CardTrnLimit\": [\n      {\n        \"TrnTypeValue\": \"<string>\",\n        \"TrnSrc\": \"<string>\",\n        \"LimitType\": \"<string>\",\n        \"DaysInCycle\": \"<long>\"\n      },\n      {\n        \"TrnTypeValue\": \"<string>\",\n        \"TrnSrc\": \"<string>\",\n        \"LimitType\": \"<string>\",\n        \"DaysInCycle\": \"<long>\"\n      }\n    ],\n    \"DenyThresholdScore\": \"<long>\",\n    \"FasCashAmt\": \"<number>\",\n    \"CardsInUseNum\": \"<long>\",\n    \"GenerateCardNum\": \"<string>\",\n    \"GenerateCardOrder\": \"<string>\",\n    \"GeneratePINMailer\": \"<string>\",\n    \"CardPref\": {\n      \"Language\": \"<string>\"\n    },\n    \"DateData\": [\n      {\n        \"DateType\": \"<string>\",\n        \"DateValue\": \"<string>\"\n      },\n      {\n        \"DateType\": \"<string>\",\n        \"DateValue\": \"<string>\"\n      }\n    ],\n    \"PreviousCardData\": {\n      \"ISOCode\": \"<string>\",\n      \"CardNum\": \"<string>\"\n    },\n    \"UpdaterSvcOptOutInd\": \"<boolean>\",\n    \"ExpediteInd\": \"<boolean>\",\n    \"OriginatingBranch\": \"<string>\",\n    \"ClassCode\": \"<string>\",\n    \"ClientDefinedData\": [\n      {\n        \"DataIdent\": \"<string>\",\n        \"Value\": \"<string>\"\n      },\n      {\n        \"DataIdent\": \"<string>\",\n        \"Value\": \"<string>\"\n      }\n    ],\n    \"Nickname\": \"<string>\",\n    \"ReportGroupCode\": \"<string>\",\n    \"PINOffset\": \"<string>\",\n    \"PINInvalidEntryAllowedNum\": \"<long>\",\n    \"RefData\": [\n      {\n        \"RefType\": \"<string>\",\n        \"RefIdent\": \"<string>\"\n      },\n      {\n        \"RefType\": \"<string>\",\n        \"RefIdent\": \"<string>\"\n      }\n    ],\n    \"AccessLevelData\": [\n      {\n        \"AccessLevelType\": \"<string>\",\n        \"AccessLevelCode\": \"<string>\"\n      },\n      {\n        \"AccessLevelType\": \"<string>\",\n        \"AccessLevelCode\": \"<string>\"\n      }\n    ],\n    \"AcctLinkData\": [\n      {\n        \"AcctRef\": {\n          \"AcctKeys\": {\n            \"AcctId\": {\n              \"value\": \"<Error: Too many levels of nesting to fake this schema>\"\n            },\n            \"AcctType\": {\n              \"value\": \"<Error: Too many levels of nesting to fake this schema>\"\n            }\n          }\n        },\n        \"OtherAcctRel\": \"<long>\",\n        \"FinancialTrnOption\": \"<string>\"\n      },\n      {\n        \"AcctRef\": {\n          \"AcctKeys\": {\n            \"AcctId\": {\n              \"value\": \"<Error: Too many levels of nesting to fake this schema>\"\n            },\n            \"AcctType\": {\n              \"value\": \"<Error: Too many levels of nesting to fake this schema>\"\n            }\n          }\n        },\n        \"OtherAcctRel\": \"<long>\",\n        \"FinancialTrnOption\": \"<string>\"\n      }\n    ]\n  },\n  \"OvrdExceptionData\": {\n    \"OvrdAutoAckInd\": \"<boolean>\"\n  },\n  \"PartyCardRelInfo\": [\n    {\n      \"PartyCardRelType\": \"<string>\",\n      \"PartyRef\": {\n        \"PartyKeys\": {\n          \"PartyId\": \"<string>\"\n        }\n      },\n      \"PrimaryOwnerInd\": \"<boolean>\"\n    },\n    {\n      \"PartyCardRelType\": \"<string>\",\n      \"PartyRef\": {\n        \"PartyKeys\": {\n          \"PartyId\": \"<string>\"\n        }\n      },\n      \"PrimaryOwnerInd\": \"<boolean>\"\n    }\n  ]\n}","options":{"raw":{"language":"json"}}}},"status":"Internal Server Error","code":500,"header":[{"key":"Content-Type","value":"application/json"}],"body":"{\n  \"CardStatusRec\": {\n    \"CardKeys\": {\n      \"ISOCode\": \"Duis fugiat et\",\n      \"CardNum\": \"cillum sun\"\n    },\n    \"CardStatus\": {\n      \"CardStatusCode\": \"Valid\",\n      \"EffDt\": \"0844-32-82\"\n    }\n  },\n  \"Status\": {\n    \"Severity\": \"Error\",\n    \"StatusCode\": \"Excepteur do quis\",\n    \"StatusDesc\": \"eu\",\n    \"SvcProviderName\": \"aliquip\",\n    \"Id\": \"culpa occaecat\",\n    \"ServerStatusCode\": \"sit in venia\",\n    \"ServerStatusDesc\": \"tempor\",\n    \"OvrdExceptionInd\": true,\n    \"SubjectRole\": \"veniam tempor est\",\n    \"SubjectElement\": [\n      {\n        \"Path\": \"\",\n        \"ServerPath\": \"fugiat culpa anim ut in\",\n        \"Value\": \"amet Duis ipsum\"\n      },\n      {\n        \"Path\": \"sint quis\",\n        \"ServerPath\": \"commodo la\",\n        \"Value\": \"dolor culpa\"\n      }\n    ],\n    \"ContentHTML\": \"ea ipsum Duis\",\n    \"AdditionalStatus\": [\n      {\n        \"StatusCode\": \"consectetur \",\n        \"StatusDesc\": \"commodo labore ea\",\n        \"Severity\": \"Error\",\n        \"SvcProviderName\": \"nulla enim ea\",\n        \"ServerStatusCode\": \"p\",\n        \"ServerStatusDesc\": \"esse nisi ullamco\",\n        \"OvrdExceptionInd\": true,\n        \"SubjectElement\": [\n          {\n            \"Path\": \"ullamco aliquip\",\n            \"ServerPath\": \"nostrud\",\n            \"Value\": \"occaecat do ut pariatur aliquip\"\n          },\n          {\n            \"Path\": \"adipisicing sed Excepteur\",\n            \"ServerPath\": \"eiusmod sint Duis reprehenderit Ut\",\n            \"Value\": \"anim\"\n          }\n        ]\n      },\n      {\n        \"StatusCode\": \"in m\",\n        \"StatusDesc\": \"Lorem quis sed tempor ad\",\n        \"Severity\": \"Warning\",\n        \"SvcProviderName\": \"quis pariatur aliquip reprehenderit\",\n        \"ServerStatusCode\": \"reprehe\",\n        \"ServerStatusDesc\": \"est ut consequat\",\n        \"OvrdExceptionInd\": false,\n        \"SubjectElement\": [\n          {\n            \"Path\": \"ad\",\n            \"ServerPath\": \"Lorem\",\n            \"Value\": \"do culpa dolore\"\n          },\n          {\n            \"Path\": \"deserunt nulla\",\n            \"ServerPath\": \"eu dolore\",\n            \"Value\": \"pariatur ut sit laboris\"\n          }\n        ]\n      }\n    ]\n  }\n}","cookie":[],"_postman_previewlanguage":"json"}],"event":[],"protocolProfileBehavior":{"disableBodyPruning":true}},{"id":"2c652fef-21b9-4650-9380-374e8cb93bad","name":"Get Card","request":{"name":"Get Card","description":{"content":"Retrieves the details of an existing debit or credit card account.<br>\n        <br>\n        For more information about the Cards domain, <a href=\"../docs/?path=docs/fintechs/cards.md\" title=\"Click to open\">click here.</a> <br><br>\n        <b>Relates to:</b>\n          <ul> \n            <li><a href=\"../docs/?path=docs/banks-and-CU/deposits.md\" title=\"Click to open\">Deposits</a></li>\n            <li><a href=\"../docs/?path=docs/banks-and-CU/loans.md\" title=\"Click to open\">Loans</a></li>\n            <li><a href=\"../docs/?path=docs/banks-and-CU/bank-servicing.md\" title=\"Click to open\">Bank Servicing</a></li>\n          </ul>","type":"text/plain"},"url":{"path":["cardservice","cards","cards","secured"],"host":["{{baseUrl}}"],"query":[],"variable":[]},"header":[{"disabled":false,"description":"(Required) EFX Header is a common and required component for all API calls, it contains client-related parameters. Please note that the header parameters should be sent as a JSON object under the EFXHeader parameter. To view the list of header parameters, <a href=\"../docs?path=docs/api-ref-EFX-header.md\" title=\"Click to open\"> click here.</a>","key":"EFXHeader","value":"OrganizationId,<string>,TrnId,<string>,VendorId,<string>,Context,[object Object]"},{"key":"Content-Type","value":"application/json"},{"key":"Accept","value":"application/json"}],"method":"POST","auth":null,"body":{"mode":"raw","raw":"{\n  \"CardSel\": {\n    \"CardKeys\": {\n      \"CardId\": \"<string>\",\n      \"CardNum\": \"<string>\",\n      \"ISOCode\": \"<string>\"\n    }\n  }\n}","options":{"raw":{"language":"json"}}}},"response":[{"id":"63fbc858-6818-4fc6-bd4c-7300e9265fda","name":"Success","originalRequest":{"url":{"path":["cardservice","cards","cards","secured"],"host":["{{baseUrl}}"],"query":[],"variable":[]},"header":[{"disabled":false,"description":"(Required) EFX Header is a common and required component for all API calls, it contains client-related parameters. Please note that the header parameters should be sent as a JSON object under the EFXHeader parameter. To view the list of header parameters, <a href=\"../docs?path=docs/api-ref-EFX-header.md\" title=\"Click to open\"> click here.</a>","key":"EFXHeader","value":"OrganizationId,<string>,TrnId,<string>,VendorId,<string>,Context,[object Object]"},{"key":"Accept","value":"application/json"}],"method":"POST","body":{"mode":"raw","raw":"{\n  \"CardSel\": {\n    \"CardKeys\": {\n      \"CardId\": \"<string>\",\n      \"CardNum\": \"<string>\",\n      \"ISOCode\": \"<string>\"\n    }\n  }\n}","options":{"raw":{"language":"json"}}}},"status":"OK","code":200,"header":[{"key":"Content-Type","value":"application/json"}],"body":"{\n  \"CardRec\": [\n    {\n      \"CardInfo\": {\n        \"Brand\": \"Duis officia proident in\",\n        \"RewardsProgramInd\": true,\n        \"CardSeqNum\": \"et \",\n        \"ProductIdent\": \"eiusmod qui nostrud minim culpa\",\n        \"Desc\": \"nulla adipisicing est esse magna\",\n        \"InstantIssuedInd\": true,\n        \"RelationshipMgr\": [\n          {\n            \"RelationshipMgrIdent\": \"consequa\",\n            \"RelationshipRole\": \"Officer\"\n          },\n          {\n            \"RelationshipMgrIdent\": \"ex exercitation\",\n            \"RelationshipRole\": \"SecondOfficer\"\n          }\n        ],\n        \"CardDtlStatus\": \"Active\",\n        \"CardDtlStatusEnumDesc\": \"ullamco Excepteur ex ad\",\n        \"CardFee\": [\n          {\n            \"CardFeeType\": \"TrnFee\",\n            \"FeeOption\": \"id quis\"\n          },\n          {\n            \"CardFeeType\": \"ForeignFee\",\n            \"FeeOption\": \"dolor aliquip\"\n          }\n        ],\n        \"OpenDt\": \"2010-09-12\",\n        \"IssueDt\": \"8061-43-66\",\n        \"ExpDt\": \"2005-01-12\",\n        \"PersonEmbossingName\": {\n          \"FamilyName\": \"el\",\n          \"GivenName\": \"sint\",\n          \"MiddleName\": \"sed Lorem non occaecat\",\n          \"NamePrefix\": \"pariatur esse\",\n          \"NameSuffix\": \"dolor sit amet\"\n        },\n        \"EmbossingName\": \"do deserunt qui fugiat aliquip\",\n        \"SecondaryEmbossingName\": \"Ut ex dolor sed e\",\n        \"PostAddr\": [\n          {\n            \"AddrType\": \"in dolore cupidatat\",\n            \"AddressIdent\": \"proident et lab\"\n          },\n          {\n            \"AddrType\": \"ullamco dolore\",\n            \"AddressIdent\": \"in incididunt aute amet\"\n          }\n        ],\n        \"CardTrnLimit\": [\n          {\n            \"TrnTypeValue\": \"None\",\n            \"TrnSrc\": \"POSOffline\",\n            \"TempLimitInd\": false,\n            \"LimitType\": \"DailyMax\",\n            \"DaysInCycle\": 74122029,\n            \"CurAmt\": {\n              \"value\": \"<Error: Too many levels of nesting to fake this schema>\"\n            },\n            \"LimitCount\": -27104274,\n            \"TempTrnLimitExpDt\": \"1945-01-01\"\n          },\n          {\n            \"TrnTypeValue\": \"Transfer\",\n            \"TrnSrc\": \"ATMOffline\",\n            \"TempLimitInd\": true,\n            \"LimitType\": \"DailyMax\",\n            \"DaysInCycle\": -64242134,\n            \"CurAmt\": {\n              \"value\": \"<Error: Too many levels of nesting to fake this schema>\"\n            },\n            \"LimitCount\": 73419204,\n            \"TempTrnLimitExpDt\": \"2017-06-22\"\n          }\n        ],\n        \"DenyThresholdScore\": 17080895,\n        \"FasCashAmt\": 73616978.2190811,\n        \"GenerateCardNum\": \"n\",\n        \"GenerateCardOrder\": \"RemakeCard\",\n        \"GeneratePINMailer\": \"DoNotGenerate\",\n        \"CardPref\": {\n          \"Language\": \"ad mollit anim\"\n        },\n        \"DateData\": [\n          {\n            \"DateType\": \"RewardsExpDt\",\n            \"DateValue\": \"3849-51-42T88:34:92\"\n          },\n          {\n            \"DateType\": \"LastFileMaint\",\n            \"DateValue\": \"2837-40-12T18:98\"\n          }\n        ],\n        \"PreviousExpDt\": \"1192-30-36\",\n        \"OriginatingBranch\": \"do\",\n        \"OriginatingBranchEnumDesc\": \"reprehenderit dolore culpa veniam\",\n        \"ClassCode\": \"sed voluptate in\",\n        \"ClientDefinedData\": [\n          {\n            \"DataIdent\": \"UserCode1\",\n            \"DataType\": \"Numeric\",\n            \"Value\": \"velit sint quis\",\n            \"DataLength\": -6503806,\n            \"Desc\": \"incididunt cupidatat ut aute adipisicing\",\n            \"RequiredFlag\": true\n          },\n          {\n            \"DataIdent\": \"UserCode2\",\n            \"DataType\": \"Numeric\",\n            \"Value\": \"cupidatat occaecat in cillum ut\",\n            \"DataLength\": 32409660,\n            \"Desc\": \"ut eiusmod commodo consectetur\",\n            \"RequiredFlag\": false\n          }\n        ],\n        \"CardPeriodData\": [\n          {\n            \"CardAmtType\": \"Debit\",\n            \"CardAmtSource\": \"ATM\",\n            \"CardPeriodType\": \"YTD\",\n            \"LastOccurInd\": false,\n            \"EffDt\": \"8546-39-23T50:24\",\n            \"Amt\": 17407265.413141146,\n            \"Count\": -16241390\n          },\n          {\n            \"CardAmtType\": \"Withdrawal\",\n            \"CardAmtSource\": \"ATM\",\n            \"CardPeriodType\": \"Today\",\n            \"LastOccurInd\": true,\n            \"EffDt\": \"2062-76-54\",\n            \"Amt\": 67164842.6263133,\n            \"Count\": 63506861\n          }\n        ],\n        \"Nickname\": \"ut commodo\",\n        \"ReportGroupCode\": \"reprehenderit voluptate Ut dolor\",\n        \"PINOffset\": \"c\",\n        \"PINInvalidEntryNum\": 81132862,\n        \"PINInvalidEntryAllowedNum\": 35779867,\n        \"RefData\": [\n          {\n            \"RefType\": \"CardImage\",\n            \"RefIdent\": \"qui Duis\"\n          },\n          {\n            \"RefType\": \"CardImage\",\n            \"RefIdent\": \"eiusmod ipsum\"\n          }\n        ],\n        \"AccessLevelData\": [\n          {\n            \"AccessLevelType\": \"<string>\",\n            \"AccessLevelCode\": \"<string>\"\n          },\n          {\n            \"AccessLevelType\": \"<string>\",\n            \"AccessLevelCode\": \"<string>\"\n          }\n        ],\n        \"TextAlertData\": {\n          \"AlertContact\": [\n            {\n              \"value\": \"<Error: Too many levels of nesting to fake this schema>\"\n            },\n            {\n              \"value\": \"<Error: Too many levels of nesting to fake this schema>\"\n            }\n          ]\n        },\n        \"RestrictedInd\": false,\n        \"RestrictedDesc\": \"aliqua laboris pariatur consequat\"\n      },\n      \"CardKeys\": {\n        \"CardId\": \"minim\",\n        \"ISOCode\": \"eu ut exercitation sint\",\n        \"CardNum\": \"tem\"\n      },\n      \"CardStatus\": {\n        \"CardStatusCode\": \"sunt laborum veniam cupidatat quis\",\n        \"EffDt\": \"9908-92-47T88:92:20\"\n      }\n    },\n    {\n      \"CardInfo\": {\n        \"Brand\": \"amet et Excep\",\n        \"RewardsProgramInd\": true,\n        \"CardSeqNum\": \"o\",\n        \"ProductIdent\": \"fugiat molli\",\n        \"Desc\": \"in sint ad Lorem\",\n        \"InstantIssuedInd\": true,\n        \"RelationshipMgr\": [\n          {\n            \"RelationshipMgrIdent\": \"ut commodo\",\n            \"RelationshipRole\": \"SecondOfficer\"\n          },\n          {\n            \"RelationshipMgrIdent\": \"no\",\n            \"RelationshipRole\": \"ThirdOfficer\"\n          }\n        ],\n        \"CardDtlStatus\": \"HotCard\",\n        \"CardDtlStatusEnumDesc\": \"ad non ex aliquip\",\n        \"CardFee\": [\n          {\n            \"CardFeeType\": \"ForeignFee\",\n            \"FeeOption\": \"non deserunt ex\"\n          },\n          {\n            \"CardFeeType\": \"AccessFee\",\n            \"FeeOption\": \"volup\"\n          }\n        ],\n        \"OpenDt\": \"1989-12-28\",\n        \"IssueDt\": \"3706-99-58\",\n        \"ExpDt\": \"2008-12-13\",\n        \"PersonEmbossingName\": {\n          \"FamilyName\": \"mollit incididunt\",\n          \"GivenName\": \"commodo officia quis\",\n          \"MiddleName\": \"exercitation Lorem ex\",\n          \"NamePrefix\": \"consectetur magna sit ad\",\n          \"NameSuffix\": \"tempor reprehenderit\"\n        },\n        \"EmbossingName\": \"quis\",\n        \"SecondaryEmbossingName\": \"non ut Lorem\",\n        \"PostAddr\": [\n          {\n            \"AddrType\": \"id commodo ex\",\n            \"AddressIdent\": \"sint en\"\n          },\n          {\n            \"AddrType\": \"officia sed fugiat\",\n            \"AddressIdent\": \"in cupidatat minim\"\n          }\n        ],\n        \"CardTrnLimit\": [\n          {\n            \"TrnTypeValue\": \"Withdrawal\",\n            \"TrnSrc\": \"Combined\",\n            \"TempLimitInd\": false,\n            \"LimitType\": \"ThreeDayMax\",\n            \"DaysInCycle\": -94450802,\n            \"CurAmt\": {\n              \"value\": \"<Error: Too many levels of nesting to fake this schema>\"\n            },\n            \"LimitCount\": -20020676,\n            \"TempTrnLimitExpDt\": \"1943-08-03\"\n          },\n          {\n            \"TrnTypeValue\": \"Transfer\",\n            \"TrnSrc\": \"POS\",\n            \"TempLimitInd\": true,\n            \"LimitType\": \"ThreeDayMax\",\n            \"DaysInCycle\": 39674496,\n            \"CurAmt\": {\n              \"value\": \"<Error: Too many levels of nesting to fake this schema>\"\n            },\n            \"LimitCount\": -41246952,\n            \"TempTrnLimitExpDt\": \"1958-07-08\"\n          }\n        ],\n        \"DenyThresholdScore\": -23255264,\n        \"FasCashAmt\": -77944269.10233647,\n        \"GenerateCardNum\": \"\",\n        \"GenerateCardOrder\": \"NewCard\",\n        \"GeneratePINMailer\": \"GeneratePINMailer\",\n        \"CardPref\": {\n          \"Language\": \"commodo veni\"\n        },\n        \"DateData\": [\n          {\n            \"DateType\": \"Closed\",\n            \"DateValue\": \"7134-47-29T34:21\"\n          },\n          {\n            \"DateType\": \"RewardsExpDt\",\n            \"DateValue\": \"6384-17-84\"\n          }\n        ],\n        \"PreviousExpDt\": \"5951-95-15\",\n        \"OriginatingBranch\": \"enim anim\",\n        \"OriginatingBranchEnumDesc\": \"magna si\",\n        \"ClassCode\": \"culpa veniam ut\",\n        \"ClientDefinedData\": [\n          {\n            \"DataIdent\": \"UserCode2\",\n            \"DataType\": \"Numeric\",\n            \"Value\": \"labore Duis tempor dolore laborum\",\n            \"DataLength\": -903963,\n            \"Desc\": \"esse qui e\",\n            \"RequiredFlag\": true\n          },\n          {\n            \"DataIdent\": \"UserCode1\",\n            \"DataType\": \"Numeric\",\n            \"Value\": \"sunt laboris\",\n            \"DataLength\": 95190687,\n            \"Desc\": \"voluptate\",\n            \"RequiredFlag\": false\n          }\n        ],\n        \"CardPeriodData\": [\n          {\n            \"CardAmtType\": \"Deposit\",\n            \"CardAmtSource\": \"POS\",\n            \"CardPeriodType\": \"MTD\",\n            \"LastOccurInd\": false,\n            \"EffDt\": \"1607-18-46\",\n            \"Amt\": -63831728.73410885,\n            \"Count\": -77114666\n          },\n          {\n            \"CardAmtType\": \"Credit\",\n            \"CardAmtSource\": \"ATM\",\n            \"CardPeriodType\": \"LTD\",\n            \"LastOccurInd\": false,\n            \"EffDt\": \"1435-92-42T26:68:90.021-14:97\",\n            \"Amt\": 60044672.88633922,\n            \"Count\": -51151490\n          }\n        ],\n        \"Nickname\": \"cillum velit\",\n        \"ReportGroupCode\": \"occaecat dolor sint\",\n        \"PINOffset\": \"es\",\n        \"PINInvalidEntryNum\": -97941654,\n        \"PINInvalidEntryAllowedNum\": -91968201,\n        \"RefData\": [\n          {\n            \"RefType\": \"CardImage\",\n            \"RefIdent\": \"ipsum qui\"\n          },\n          {\n            \"RefType\": \"CardImage\",\n            \"RefIdent\": \"tempor eu nostrud Duis\"\n          }\n        ],\n        \"AccessLevelData\": [\n          {\n            \"AccessLevelType\": \"<string>\",\n            \"AccessLevelCode\": \"<string>\"\n          },\n          {\n            \"AccessLevelType\": \"<string>\",\n            \"AccessLevelCode\": \"<string>\"\n          }\n        ],\n        \"TextAlertData\": {\n          \"AlertContact\": [\n            {\n              \"value\": \"<Error: Too many levels of nesting to fake this schema>\"\n            },\n            {\n              \"value\": \"<Error: Too many levels of nesting to fake this schema>\"\n            }\n          ]\n        },\n        \"RestrictedInd\": true,\n        \"RestrictedDesc\": \"dolor in\"\n      },\n      \"CardKeys\": {\n        \"CardId\": \"et consec\",\n        \"ISOCode\": \"cupidatat mollit dolor\",\n        \"CardNum\": \"dolo\"\n      },\n      \"CardStatus\": {\n        \"CardStatusCode\": \"est id qui ea fugiat\",\n        \"EffDt\": \"9795-33-05\"\n      }\n    }\n  ],\n  \"Status\": {\n    \"Severity\": \"Error\",\n    \"StatusCode\": \"moll\",\n    \"StatusDesc\": \"dolore Ut proident est anim\",\n    \"SvcProviderName\": \"fugiat commodo ut aute\",\n    \"Id\": \"minim\",\n    \"ServerStatusCode\": \"mollit\",\n    \"ServerStatusDesc\": \"proident magna laborum\",\n    \"OvrdExceptionInd\": true,\n    \"SubjectRole\": \"culpa non\",\n    \"SubjectElement\": [\n      {\n        \"Path\": \"sed laborum adipisicing\",\n        \"ServerPath\": \"deserunt dolore mollit\",\n        \"Value\": \"Duis occaecat\"\n      },\n      {\n        \"Path\": \"officia sunt nulla\",\n        \"ServerPath\": \"dolore consectetur consequat\",\n        \"Value\": \"ullamco voluptate sint\"\n      }\n    ],\n    \"ContentHTML\": \"nisi elit in consequat velit\",\n    \"AdditionalStatus\": [\n      {\n        \"StatusCode\": \"\",\n        \"StatusDesc\": \"Excepteur quis\",\n        \"Severity\": \"Warning\",\n        \"SvcProviderName\": \"magna labore\",\n        \"ServerStatusCode\": \"irure temp\",\n        \"ServerStatusDesc\": \"Duis magna Excepteur aute adipisicing\",\n        \"OvrdExceptionInd\": true,\n        \"SubjectElement\": [\n          {\n            \"Path\": \"dolor adipisicing nisi minim\",\n            \"ServerPath\": \"incididunt ex\",\n            \"Value\": \"Lorem laboris in\"\n          },\n          {\n            \"Path\": \"sed\",\n            \"ServerPath\": \"consectetur reprehenderit dolor quis\",\n            \"Value\": \"sit in laborum\"\n          }\n        ]\n      },\n      {\n        \"StatusCode\": \"e\",\n        \"StatusDesc\": \"est dolor reprehenderit\",\n        \"Severity\": \"Info\",\n        \"SvcProviderName\": \"quis id est cupidatat consequat\",\n        \"ServerStatusCode\": \"ad\",\n        \"ServerStatusDesc\": \"sit consectetur\",\n        \"OvrdExceptionInd\": false,\n        \"SubjectElement\": [\n          {\n            \"Path\": \"enim consectetur aliqua\",\n            \"ServerPath\": \"proident\",\n            \"Value\": \"commodo Lorem non officia culpa\"\n          },\n          {\n            \"Path\": \"dolor do enim id\",\n            \"ServerPath\": \"consectetur do cupidatat\",\n            \"Value\": \"in eiusmod eu id\"\n          }\n        ]\n      }\n    ]\n  }\n}","cookie":[],"_postman_previewlanguage":"json"},{"id":"f99a0f22-013d-4a1f-b54e-a46005191f77","name":"To view the complete list of response codes, <a href=\"../docs/?path=docs/response-codes.md\" title=\"Click to open\">click here.</a>","originalRequest":{"url":{"path":["cardservice","cards","cards","secured"],"host":["{{baseUrl}}"],"query":[],"variable":[]},"header":[{"disabled":false,"description":"(Required) EFX Header is a common and required component for all API calls, it contains client-related parameters. Please note that the header parameters should be sent as a JSON object under the EFXHeader parameter. To view the list of header parameters, <a href=\"../docs?path=docs/api-ref-EFX-header.md\" title=\"Click to open\"> click here.</a>","key":"EFXHeader","value":"OrganizationId,<string>,TrnId,<string>,VendorId,<string>,Context,[object Object]"},{"key":"Accept","value":"application/json"}],"method":"POST","body":{"mode":"raw","raw":"{\n  \"CardSel\": {\n    \"CardKeys\": {\n      \"CardId\": \"<string>\",\n      \"CardNum\": \"<string>\",\n      \"ISOCode\": \"<string>\"\n    }\n  }\n}","options":{"raw":{"language":"json"}}}},"status":"Internal Server Error","code":500,"header":[{"key":"Content-Type","value":"application/json"}],"body":"{\n  \"CardRec\": [\n    {\n      \"CardInfo\": {\n        \"Brand\": \"qui labore\",\n        \"RewardsProgramInd\": false,\n        \"CardSeqNum\": \"\",\n        \"ProductIdent\": \"enim\",\n        \"Desc\": \"labore proident\",\n        \"InstantIssuedInd\": true,\n        \"RelationshipMgr\": [\n          {\n            \"RelationshipMgrIdent\": \"qui anim pariatur\",\n            \"RelationshipRole\": \"Officer\"\n          },\n          {\n            \"RelationshipMgrIdent\": \"ad esse culpa\",\n            \"RelationshipRole\": \"SecondOfficer\"\n          }\n        ],\n        \"CardDtlStatus\": \"Closed\",\n        \"CardDtlStatusEnumDesc\": \"deserunt u\",\n        \"CardFee\": [\n          {\n            \"CardFeeType\": \"AccessFee\",\n            \"FeeOption\": \"eu do\"\n          },\n          {\n            \"CardFeeType\": \"AccessFee\",\n            \"FeeOption\": \"dolore\"\n          }\n        ],\n        \"OpenDt\": \"1995-05-10\",\n        \"IssueDt\": \"0606-99-54\",\n        \"ExpDt\": \"1957-09-26\",\n        \"PersonEmbossingName\": {\n          \"FamilyName\": \"deser\",\n          \"GivenName\": \"in adipisicing la\",\n          \"MiddleName\": \"labore pariatur dolore\",\n          \"NamePrefix\": \"in tempor nostrud ea in\",\n          \"NameSuffix\": \"u\"\n        },\n        \"EmbossingName\": \"aliqua do ullamco Lorem\",\n        \"SecondaryEmbossingName\": \"dolore voluptate nisi\",\n        \"PostAddr\": [\n          {\n            \"AddrType\": \"esse proident reprehenderit aliqua\",\n            \"AddressIdent\": \"in \"\n          },\n          {\n            \"AddrType\": \"voluptate aut\",\n            \"AddressIdent\": \"dolore aute\"\n          }\n        ],\n        \"CardTrnLimit\": [\n          {\n            \"TrnTypeValue\": \"Withdrawal\",\n            \"TrnSrc\": \"POSOffline\",\n            \"TempLimitInd\": true,\n            \"LimitType\": \"CycleMax\",\n            \"DaysInCycle\": -84533760,\n            \"CurAmt\": {\n              \"value\": \"<Error: Too many levels of nesting to fake this schema>\"\n            },\n            \"LimitCount\": 86316357,\n            \"TempTrnLimitExpDt\": \"1963-03-24\"\n          },\n          {\n            \"TrnTypeValue\": \"Withdrawal\",\n            \"TrnSrc\": \"ATMOffline\",\n            \"TempLimitInd\": false,\n            \"LimitType\": \"DailyMax\",\n            \"DaysInCycle\": -90994661,\n            \"CurAmt\": {\n              \"value\": \"<Error: Too many levels of nesting to fake this schema>\"\n            },\n            \"LimitCount\": 61810763,\n            \"TempTrnLimitExpDt\": \"1993-10-28\"\n          }\n        ],\n        \"DenyThresholdScore\": 76353991,\n        \"FasCashAmt\": -20529300.90487966,\n        \"GenerateCardNum\": \"\",\n        \"GenerateCardOrder\": \"IssueCard\",\n        \"GeneratePINMailer\": \"DoNotGenerate\",\n        \"CardPref\": {\n          \"Language\": \"\"\n        },\n        \"DateData\": [\n          {\n            \"DateType\": \"LastFileMaint\",\n            \"DateValue\": \"4124-47-00T49:23:12-24:49\"\n          },\n          {\n            \"DateType\": \"Closed\",\n            \"DateValue\": \"7836-03-79\"\n          }\n        ],\n        \"PreviousExpDt\": \"2321-91-93T53:14:33.730\",\n        \"OriginatingBranch\": \"Duis id dolor \",\n        \"OriginatingBranchEnumDesc\": \"et mollit aliqua\",\n        \"ClassCode\": \"eiusmod consequat dol\",\n        \"ClientDefinedData\": [\n          {\n            \"DataIdent\": \"UserCode3\",\n            \"DataType\": \"Numeric\",\n            \"Value\": \"minim sint et enim\",\n            \"DataLength\": -79432286,\n            \"Desc\": \"nulla\",\n            \"RequiredFlag\": true\n          },\n          {\n            \"DataIdent\": \"UserCode2\",\n            \"DataType\": \"Numeric\",\n            \"Value\": \"cupidatat consectetur\",\n            \"DataLength\": 6013458,\n            \"Desc\": \"cillum minim ex\",\n            \"RequiredFlag\": false\n          }\n        ],\n        \"CardPeriodData\": [\n          {\n            \"CardAmtType\": \"Inquiry\",\n            \"CardAmtSource\": \"ATM\",\n            \"CardPeriodType\": \"Today\",\n            \"LastOccurInd\": false,\n            \"EffDt\": \"3451-08-32\",\n            \"Amt\": -49360705.95098876,\n            \"Count\": 76458502\n          },\n          {\n            \"CardAmtType\": \"CardAccess\",\n            \"CardAmtSource\": \"ATM\",\n            \"CardPeriodType\": \"Today\",\n            \"LastOccurInd\": false,\n            \"EffDt\": \"0152-61-18T41:23\",\n            \"Amt\": 20395527.28255862,\n            \"Count\": 67918860\n          }\n        ],\n        \"Nickname\": \"e\",\n        \"ReportGroupCode\": \"sint in cupidatat voluptate\",\n        \"PINOffset\": \"aliqui\",\n        \"PINInvalidEntryNum\": -97115698,\n        \"PINInvalidEntryAllowedNum\": 59979544,\n        \"RefData\": [\n          {\n            \"RefType\": \"CardImage\",\n            \"RefIdent\": \"ex eiusmod in Lorem sunt\"\n          },\n          {\n            \"RefType\": \"CardImage\",\n            \"RefIdent\": \"ali\"\n          }\n        ],\n        \"AccessLevelData\": [\n          {\n            \"AccessLevelType\": \"<string>\",\n            \"AccessLevelCode\": \"<string>\"\n          },\n          {\n            \"AccessLevelType\": \"<string>\",\n            \"AccessLevelCode\": \"<string>\"\n          }\n        ],\n        \"TextAlertData\": {\n          \"AlertContact\": [\n            {\n              \"value\": \"<Error: Too many levels of nesting to fake this schema>\"\n            },\n            {\n              \"value\": \"<Error: Too many levels of nesting to fake this schema>\"\n            }\n          ]\n        },\n        \"RestrictedInd\": false,\n        \"RestrictedDesc\": \"proident irure ex\"\n      },\n      \"CardKeys\": {\n        \"CardId\": \"deserunt adipisicing voluptate\",\n        \"ISOCode\": \"nulla est officia magna\",\n        \"CardNum\": \"qui Duis\"\n      },\n      \"CardStatus\": {\n        \"CardStatusCode\": \"aliqua dolor\",\n        \"EffDt\": \"4137-33-98\"\n      }\n    },\n    {\n      \"CardInfo\": {\n        \"Brand\": \"Lorem ad\",\n        \"RewardsProgramInd\": false,\n        \"CardSeqNum\": \"ex\",\n        \"ProductIdent\": \"nulla\",\n        \"Desc\": \"veniam ut sunt\",\n        \"InstantIssuedInd\": true,\n        \"RelationshipMgr\": [\n          {\n            \"RelationshipMgrIdent\": \"deserunt dolor proident ea e\",\n            \"RelationshipRole\": \"SecondOfficer\"\n          },\n          {\n            \"RelationshipMgrIdent\": \"non cupi\",\n            \"RelationshipRole\": \"ThirdOfficer\"\n          }\n        ],\n        \"CardDtlStatus\": \"Closed\",\n        \"CardDtlStatusEnumDesc\": \"ut non\",\n        \"CardFee\": [\n          {\n            \"CardFeeType\": \"ForeignFee\",\n            \"FeeOption\": \"Duis enim et occaecat ea\"\n          },\n          {\n            \"CardFeeType\": \"AccessFee\",\n            \"FeeOption\": \"reprehenderit sed sint \"\n          }\n        ],\n        \"OpenDt\": \"1973-04-27\",\n        \"IssueDt\": \"9051-17-17\",\n        \"ExpDt\": \"1947-09-07\",\n        \"PersonEmbossingName\": {\n          \"FamilyName\": \"velit sint\",\n          \"GivenName\": \"culpa labore cillum\",\n          \"MiddleName\": \"aliqua et occaecat\",\n          \"NamePrefix\": \"velit nulla\",\n          \"NameSuffix\": \"tempor ut in fugiat\"\n        },\n        \"EmbossingName\": \"cillum ut aliqua Lorem\",\n        \"SecondaryEmbossingName\": \"magna\",\n        \"PostAddr\": [\n          {\n            \"AddrType\": \"occaecat consequat eiusmod\",\n            \"AddressIdent\": \"eiusmo\"\n          },\n          {\n            \"AddrType\": \"fugiat\",\n            \"AddressIdent\": \"fugiat in elit ex\"\n          }\n        ],\n        \"CardTrnLimit\": [\n          {\n            \"TrnTypeValue\": \"Transfer\",\n            \"TrnSrc\": \"POSOffline\",\n            \"TempLimitInd\": false,\n            \"LimitType\": \"ThreeDayMax\",\n            \"DaysInCycle\": 32277283,\n            \"CurAmt\": {\n              \"value\": \"<Error: Too many levels of nesting to fake this schema>\"\n            },\n            \"LimitCount\": -34436883,\n            \"TempTrnLimitExpDt\": \"1984-06-26\"\n          },\n          {\n            \"TrnTypeValue\": \"All\",\n            \"TrnSrc\": \"ATMOffline\",\n            \"TempLimitInd\": true,\n            \"LimitType\": \"DailyMax\",\n            \"DaysInCycle\": -50914608,\n            \"CurAmt\": {\n              \"value\": \"<Error: Too many levels of nesting to fake this schema>\"\n            },\n            \"LimitCount\": 44954010,\n            \"TempTrnLimitExpDt\": \"1961-03-22\"\n          }\n        ],\n        \"DenyThresholdScore\": 59166257,\n        \"FasCashAmt\": -20383487.382942006,\n        \"GenerateCardNum\": \"\",\n        \"GenerateCardOrder\": \"NewCard\",\n        \"GeneratePINMailer\": \"DoNotGenerate\",\n        \"CardPref\": {\n          \"Language\": \"enim\"\n        },\n        \"DateData\": [\n          {\n            \"DateType\": \"RewardsExpDt\",\n            \"DateValue\": \"5171-17-47\"\n          },\n          {\n            \"DateType\": \"LastFileMaint\",\n            \"DateValue\": \"2236-40-90\"\n          }\n        ],\n        \"PreviousExpDt\": \"2592-21-25\",\n        \"OriginatingBranch\": \"aliqua fugiat deserunt\",\n        \"OriginatingBranchEnumDesc\": \"in dolor\",\n        \"ClassCode\": \"eiusmod veniam anim in\",\n        \"ClientDefinedData\": [\n          {\n            \"DataIdent\": \"UserCode3\",\n            \"DataType\": \"Numeric\",\n            \"Value\": \"sed\",\n            \"DataLength\": -53440590,\n            \"Desc\": \"velit magna Lorem aliquip\",\n            \"RequiredFlag\": true\n          },\n          {\n            \"DataIdent\": \"UserCode1\",\n            \"DataType\": \"Numeric\",\n            \"Value\": \"irure non culpa aliquip\",\n            \"DataLength\": 61867648,\n            \"Desc\": \"sint labore aliqua ipsum\",\n            \"RequiredFlag\": false\n          }\n        ],\n        \"CardPeriodData\": [\n          {\n            \"CardAmtType\": \"Debit\",\n            \"CardAmtSource\": \"ATM\",\n            \"CardPeriodType\": \"LTD\",\n            \"LastOccurInd\": true,\n            \"EffDt\": \"4365-83-31T95:67:49.473\",\n            \"Amt\": -87105502.42820853,\n            \"Count\": 14573643\n          },\n          {\n            \"CardAmtType\": \"CardUse\",\n            \"CardAmtSource\": \"POS\",\n            \"CardPeriodType\": \"MTD\",\n            \"LastOccurInd\": false,\n            \"EffDt\": \"2864-96-34T73:20:06-53:57\",\n            \"Amt\": -69426008.10140163,\n            \"Count\": -75684961\n          }\n        ],\n        \"Nickname\": \"commodo\",\n        \"ReportGroupCode\": \"in aliqua labore\",\n        \"PINOffset\": \"pariatur\",\n        \"PINInvalidEntryNum\": 86337941,\n        \"PINInvalidEntryAllowedNum\": -94754121,\n        \"RefData\": [\n          {\n            \"RefType\": \"CardImage\",\n            \"RefIdent\": \"in amet dolore laboris velit\"\n          },\n          {\n            \"RefType\": \"CardImage\",\n            \"RefIdent\": \"vo\"\n          }\n        ],\n        \"AccessLevelData\": [\n          {\n            \"AccessLevelType\": \"<string>\",\n            \"AccessLevelCode\": \"<string>\"\n          },\n          {\n            \"AccessLevelType\": \"<string>\",\n            \"AccessLevelCode\": \"<string>\"\n          }\n        ],\n        \"TextAlertData\": {\n          \"AlertContact\": [\n            {\n              \"value\": \"<Error: Too many levels of nesting to fake this schema>\"\n            },\n            {\n              \"value\": \"<Error: Too many levels of nesting to fake this schema>\"\n            }\n          ]\n        },\n        \"RestrictedInd\": false,\n        \"RestrictedDesc\": \"velit enim dolore\"\n      },\n      \"CardKeys\": {\n        \"CardId\": \"ea esse\",\n        \"ISOCode\": \"ad labore\",\n        \"CardNum\": \"sed\"\n      },\n      \"CardStatus\": {\n        \"CardStatusCode\": \"in irure\",\n        \"EffDt\": \"8802-45-01\"\n      }\n    }\n  ],\n  \"Status\": {\n    \"Severity\": \"Info\",\n    \"StatusCode\": \"e\",\n    \"StatusDesc\": \"ea labore Lorem\",\n    \"SvcProviderName\": \"Excepteur officia dolor sunt\",\n    \"Id\": \"ut ad sunt\",\n    \"ServerStatusCode\": \"sit et E\",\n    \"ServerStatusDesc\": \"occaecat enim\",\n    \"OvrdExceptionInd\": true,\n    \"SubjectRole\": \"ex sint adipisicing\",\n    \"SubjectElement\": [\n      {\n        \"Path\": \"ex ea veniam dolor irure\",\n        \"ServerPath\": \"nostrud nisi\",\n        \"Value\": \"nulla eiusmod\"\n      },\n      {\n        \"Path\": \"in \",\n        \"ServerPath\": \"mollit ad nulla pariatur ex\",\n        \"Value\": \"ea consectetur ex dolore\"\n      }\n    ],\n    \"ContentHTML\": \"labore et ex\",\n    \"AdditionalStatus\": [\n      {\n        \"StatusCode\": \"esse deserunt\",\n        \"StatusDesc\": \"do\",\n        \"Severity\": \"Error\",\n        \"SvcProviderName\": \"esse\",\n        \"ServerStatusCode\": \"Duis id proiden\",\n        \"ServerStatusDesc\": \"Ut\",\n        \"OvrdExceptionInd\": false,\n        \"SubjectElement\": [\n          {\n            \"Path\": \"ut id proident do\",\n            \"ServerPath\": \"c\",\n            \"Value\": \"adipisicing minim\"\n          },\n          {\n            \"Path\": \"labore nulla ut officia\",\n            \"ServerPath\": \"laboris non\",\n            \"Value\": \"ad cillum dolor\"\n          }\n        ]\n      },\n      {\n        \"StatusCode\": \"sint ullamco\",\n        \"StatusDesc\": \"aute dolore fugia\",\n        \"Severity\": \"Warning\",\n        \"SvcProviderName\": \"aliqua veniam cupidatat\",\n        \"ServerStatusCode\": \"elit amet id \",\n        \"ServerStatusDesc\": \"est do no\",\n        \"OvrdExceptionInd\": true,\n        \"SubjectElement\": [\n          {\n            \"Path\": \"pariatur occaecat\",\n            \"ServerPath\": \"incididunt non qui sed\",\n            \"Value\": \"ad proident\"\n          },\n          {\n            \"Path\": \"dolor laboris\",\n            \"ServerPath\": \"in laboris et\",\n            \"Value\": \"et enim\"\n          }\n        ]\n      }\n    ]\n  }\n}","cookie":[],"_postman_previewlanguage":"json"}],"event":[],"protocolProfileBehavior":{"disableBodyPruning":true}}],"event":[]}],"event":[],"variable":[{"type":"string","value":"https://swaggerhub.onefiserv.net/virts/Bank_Sol_Org/CardService/11.0.0_PRC","key":"baseUrl"}],"info":{"_postman_id":"6fa64e91-f3ae-4ed6-8a31-ca6b6fe84438","name":"Card Service","schema":"https://schema.getpostman.com/json/collection/v2.1.0/collection.json","description":{"content":" The Card service provides administration in respect to creation, modification, inquiry, and deletion of any type of EFT cards used by the holders. It supports operations managing the credit, debit, prepaid and private label cards.","type":"text/plain"}}}