{"item":[{"id":"4dbc8712-2f81-4049-b97c-97849853970f","name":"Get Card Account Relationship","request":{"name":"Get Card Account Relationship","description":{"content":"Retrieves the relationship-related information between a card and a financial account.<br><br>\n        For more information about the Cards domain, <a href=\"../docs/?path=docs/fintechs/cards.md\" title=\"Click to open\">click here.</a> <br><br>\n        <b>Relates to:</b>\n          <ul> \n            <li><a href=\"../docs/?path=docs/banks-and-CU/deposits.md\" title=\"Click to open\">Deposits</a></li>\n            <li><a href=\"../docs/?path=docs/banks-and-CU/loans.md\" title=\"Click to open\">Loans</a></li>\n            <li><a href=\"../docs/?path=docs/banks-and-CU/bank-servicing.md\" title=\"Click to open\">Bank Servicing</a></li>\n          </ul>","type":"text/plain"},"url":{"path":["cardacctrelservice","cards","cardAccounts","secured"],"host":["{{baseUrl}}"],"query":[],"variable":[]},"header":[{"disabled":false,"description":"(Required) EFX Header is a common and required component for all API calls, it contains client-related parameters. Please note that the header parameters should be sent as a JSON object under the EFXHeader parameter. To view the list of header parameters, <a href=\"../docs?path=docs/api-ref-EFX-header.md\" title=\"Click to open\"> click here.</a>","key":"EFXHeader","value":"OrganizationId,<string>,TrnId,<string>,VendorId,<string>,Context,[object Object]"},{"key":"Content-Type","value":"application/json"},{"key":"Accept","value":"application/json"}],"method":"POST","auth":null,"body":{"mode":"raw","raw":"{\n  \"CardAcctRelSel\": {\n    \"CardKeys\": {\n      \"CardId\": \"<string>\"\n    }\n  }\n}","options":{"raw":{"language":"json"}}}},"response":[{"id":"ebcb1815-f866-4894-9ecf-6a6af4eb666c","name":"Created","originalRequest":{"url":{"path":["cardacctrelservice","cards","cardAccounts","secured"],"host":["{{baseUrl}}"],"query":[],"variable":[]},"header":[{"disabled":false,"description":"(Required) EFX Header is a common and required component for all API calls, it contains client-related parameters. Please note that the header parameters should be sent as a JSON object under the EFXHeader parameter. To view the list of header parameters, <a href=\"../docs?path=docs/api-ref-EFX-header.md\" title=\"Click to open\"> click here.</a>","key":"EFXHeader","value":"OrganizationId,<string>,TrnId,<string>,VendorId,<string>,Context,[object Object]"},{"key":"Accept","value":"application/json"}],"method":"POST","body":{"mode":"raw","raw":"{\n  \"CardAcctRelSel\": {\n    \"CardKeys\": {\n      \"CardId\": \"<string>\"\n    }\n  }\n}","options":{"raw":{"language":"json"}}}},"status":"Created","code":201,"header":[{"key":"Content-Type","value":"application/json"}],"body":"{\n  \"CardAcctRelRec\": [\n    {\n      \"CardAcctRelKeys\": {\n        \"CardKeys\": {\n          \"CardId\": \"<string>\"\n        },\n        \"AcctKeys\": {\n          \"AcctId\": \"D\",\n          \"AcctType\": \"MMA\"\n        }\n      },\n      \"CardAcctRelStatus\": {\n        \"CardAcctRelStatusCode\": \"Valid\",\n        \"EffDt\": \"0936-04-28T29:97:24.623\"\n      }\n    },\n    {\n      \"CardAcctRelKeys\": {\n        \"CardKeys\": {\n          \"CardId\": \"<string>\"\n        },\n        \"AcctKeys\": {\n          \"AcctId\": \"sed irure nostrud nulla\",\n          \"AcctType\": \"SDA\"\n        }\n      },\n      \"CardAcctRelStatus\": {\n        \"CardAcctRelStatusCode\": \"Valid\",\n        \"EffDt\": \"2318-98-87T60:56:07.132\"\n      }\n    }\n  ],\n  \"Status\": {\n    \"Severity\": \"Error\",\n    \"StatusCode\": \"cillum sit eu\",\n    \"StatusDesc\": \"reprehenderit amet\",\n    \"SvcProviderName\": \"minim sint officia\",\n    \"Id\": \"dolore mollit ut\",\n    \"ServerStatusCode\": \"enim est\",\n    \"ServerStatusDesc\": \"eu\",\n    \"OvrdExceptionInd\": true,\n    \"SubjectRole\": \"cillum labore et\",\n    \"SubjectElement\": [\n      {\n        \"Path\": \"ad magna aute\",\n        \"ServerPath\": \"labore ex eu\",\n        \"Value\": \"in Ut\"\n      },\n      {\n        \"Path\": \"comm\",\n        \"ServerPath\": \"id sint dolore pariatur\",\n        \"Value\": \"non incididunt\"\n      }\n    ],\n    \"ContentHTML\": \"cupidatat in\",\n    \"AdditionalStatus\": [\n      {\n        \"StatusCode\": \"elit ad \",\n        \"StatusDesc\": \"sit nisi ad ex\",\n        \"Severity\": \"Error\",\n        \"SvcProviderName\": \"adipisicing lab\",\n        \"ServerStatusCode\": \"sit com\",\n        \"ServerStatusDesc\": \"sit irure cupidatat exercitation\",\n        \"OvrdExceptionInd\": true,\n        \"SubjectElement\": [\n          {\n            \"Path\": \"Duis\",\n            \"ServerPath\": \"ad nisi aliquip\",\n            \"Value\": \"consectetur mollit sed\"\n          },\n          {\n            \"Path\": \"ad aute\",\n            \"ServerPath\": \"do tempor in\",\n            \"Value\": \"Excepteur eu\"\n          }\n        ]\n      },\n      {\n        \"StatusCode\": \"in sunt ad\",\n        \"StatusDesc\": \"ad in eiusmod voluptate\",\n        \"Severity\": \"Warning\",\n        \"SvcProviderName\": \"dol\",\n        \"ServerStatusCode\": \"culpa dolore occ\",\n        \"ServerStatusDesc\": \"eiusmod laboris exercitation\",\n        \"OvrdExceptionInd\": false,\n        \"SubjectElement\": [\n          {\n            \"Path\": \"ut elit dolor aliqua ut\",\n            \"ServerPath\": \"velit\",\n            \"Value\": \"eu consequat occaecat do\"\n          },\n          {\n            \"Path\": \"dolor anim incididunt dolore\",\n            \"ServerPath\": \"anim dolore\",\n            \"Value\": \"sunt ut\"\n          }\n        ]\n      }\n    ]\n  },\n  \"RecCtrlOut\": {\n    \"SentRecCount\": 82796470\n  }\n}","cookie":[],"_postman_previewlanguage":"json"},{"id":"915d086c-0e66-4466-9474-0efd5a8023cc","name":"To view the complete list of response codes, <a href=\"?path=docs/response-codes.md\"> click here</a>.","originalRequest":{"url":{"path":["cardacctrelservice","cards","cardAccounts","secured"],"host":["{{baseUrl}}"],"query":[],"variable":[]},"header":[{"disabled":false,"description":"(Required) EFX Header is a common and required component for all API calls, it contains client-related parameters. Please note that the header parameters should be sent as a JSON object under the EFXHeader parameter. To view the list of header parameters, <a href=\"../docs?path=docs/api-ref-EFX-header.md\" title=\"Click to open\"> click here.</a>","key":"EFXHeader","value":"OrganizationId,<string>,TrnId,<string>,VendorId,<string>,Context,[object Object]"},{"key":"Accept","value":"application/json"}],"method":"POST","body":{"mode":"raw","raw":"{\n  \"CardAcctRelSel\": {\n    \"CardKeys\": {\n      \"CardId\": \"<string>\"\n    }\n  }\n}","options":{"raw":{"language":"json"}}}},"status":"Internal Server Error","code":500,"header":[{"key":"Content-Type","value":"application/json"}],"body":"{\n  \"CardAcctRelRec\": [\n    {\n      \"CardAcctRelKeys\": {\n        \"CardKeys\": {\n          \"CardId\": \"<string>\"\n        },\n        \"AcctKeys\": {\n          \"AcctId\": \"cupidatat aliqua\",\n          \"AcctType\": \"MMA\"\n        }\n      },\n      \"CardAcctRelStatus\": {\n        \"CardAcctRelStatusCode\": \"Valid\",\n        \"EffDt\": \"9034-24-84\"\n      }\n    },\n    {\n      \"CardAcctRelKeys\": {\n        \"CardKeys\": {\n          \"CardId\": \"<string>\"\n        },\n        \"AcctKeys\": {\n          \"AcctId\": \"sed eu culpa\",\n          \"AcctType\": \"MMA\"\n        }\n      },\n      \"CardAcctRelStatus\": {\n        \"CardAcctRelStatusCode\": \"Valid\",\n        \"EffDt\": \"0227-68-73T42:56:56.764\"\n      }\n    }\n  ],\n  \"Status\": {\n    \"Severity\": \"Info\",\n    \"StatusCode\": \"aute incidid\",\n    \"StatusDesc\": \"cillum ex\",\n    \"SvcProviderName\": \"exercitation dolor\",\n    \"Id\": \"qui veniam minim ex dolore\",\n    \"ServerStatusCode\": \"elit nostrud fugi\",\n    \"ServerStatusDesc\": \"Lorem ad commodo\",\n    \"OvrdExceptionInd\": false,\n    \"SubjectRole\": \"sed reprehenderit voluptate Ut ullamco\",\n    \"SubjectElement\": [\n      {\n        \"Path\": \"a\",\n        \"ServerPath\": \"veniam fugiat qui adipisicing nisi\",\n        \"Value\": \"non sint\"\n      },\n      {\n        \"Path\": \"est ad culpa\",\n        \"ServerPath\": \"aliquip consectetur\",\n        \"Value\": \"Lorem magna quis\"\n      }\n    ],\n    \"ContentHTML\": \"proiden\",\n    \"AdditionalStatus\": [\n      {\n        \"StatusCode\": \"ea dolore\",\n        \"StatusDesc\": \"adipisicing \",\n        \"Severity\": \"Info\",\n        \"SvcProviderName\": \"ullamco in no\",\n        \"ServerStatusCode\": \"\",\n        \"ServerStatusDesc\": \"minim eu dolore\",\n        \"OvrdExceptionInd\": false,\n        \"SubjectElement\": [\n          {\n            \"Path\": \"minim non do\",\n            \"ServerPath\": \"tempor eiusmod velit comm\",\n            \"Value\": \"sed ipsum et\"\n          },\n          {\n            \"Path\": \"est elit cillum\",\n            \"ServerPath\": \"occaecat ex\",\n            \"Value\": \"culpa sunt minim aliqua\"\n          }\n        ]\n      },\n      {\n        \"StatusCode\": \"la\",\n        \"StatusDesc\": \"elit dolore in\",\n        \"Severity\": \"Info\",\n        \"SvcProviderName\": \"labore Excepteur\",\n        \"ServerStatusCode\": \"sunt d\",\n        \"ServerStatusDesc\": \"commodo tempor sed\",\n        \"OvrdExceptionInd\": false,\n        \"SubjectElement\": [\n          {\n            \"Path\": \"proident occaecat\",\n            \"ServerPath\": \"et cupidatat tempor sunt adipisicing\",\n            \"Value\": \"do consequat in in\"\n          },\n          {\n            \"Path\": \"sint eu\",\n            \"ServerPath\": \"est in magna\",\n            \"Value\": \"eu officia\"\n          }\n        ]\n      }\n    ]\n  },\n  \"RecCtrlOut\": {\n    \"SentRecCount\": -29840954\n  }\n}","cookie":[],"_postman_previewlanguage":"json"}],"event":[],"protocolProfileBehavior":{"disableBodyPruning":true}}],"event":[],"variable":[{"type":"string","value":"/","key":"baseUrl"}],"info":{"_postman_id":"749f486c-a3ac-4632-962a-919b7fc09523","name":"Card Account Relationship Service","schema":"https://schema.getpostman.com/json/collection/v2.1.0/collection.json","description":{"content":"The card account relationship service supports operations to manage accounts associated to a card.","type":"text/plain"}}}