{"item":[{"id":"96048056-7500-4be1-9d81-3097da6e6604","name":"GFS Scheduler","description":{"content":"","type":"text/plain"},"item":[{"id":"69944f03-1098-44dc-85be-44d1bc98d71a","name":"Retrieve next execution time for each job","request":{"name":"Retrieve next execution time for each job","description":{"content":"Retrieve next execution time for each job.","type":"text/plain"},"url":{"path":["scheduler","v2","info"],"host":["{{baseUrl}}"],"query":[],"variable":[]},"header":[{"key":"Content-Type","value":"application/json"},{"key":"Accept","value":"*/*"}],"method":"POST","auth":null,"body":{"mode":"raw","raw":"{\n  \"common\": {\n    \"user\": \"eiusmod Duis do ut\",\n    \"agent\": \"4000\",\n    \"cycle\": \"T\",\n    \"clientNumber\": \"1000\",\n    \"system\": \"2000\",\n    \"prin\": \"3000\",\n    \"debug\": false,\n    \"org\": \"amet in\",\n    \"processor\": false,\n    \"contentType\": \"dolor elit commodo minim\",\n    \"retry\": -52722975,\n    \"timeout\": 37645718,\n    \"siteId\": \"4201\"\n  },\n  \"timeZone\": \"sunt eu ea\"\n}","options":{"raw":{"language":"json"}}}},"response":[{"id":"f1f435b5-61f5-48c5-8c7a-ace3cd94a5bc","name":"successful operation","originalRequest":{"url":{"path":["scheduler","v2","info"],"host":["{{baseUrl}}"],"query":[],"variable":[]},"method":"POST","body":{"mode":"raw","raw":"{\n  \"common\": {\n    \"user\": \"eiusmod Duis do ut\",\n    \"agent\": \"4000\",\n    \"cycle\": \"T\",\n    \"clientNumber\": \"1000\",\n    \"system\": \"2000\",\n    \"prin\": \"3000\",\n    \"debug\": false,\n    \"org\": \"amet in\",\n    \"processor\": false,\n    \"contentType\": \"dolor elit commodo minim\",\n    \"retry\": -52722975,\n    \"timeout\": 37645718,\n    \"siteId\": \"4201\"\n  },\n  \"timeZone\": \"sunt eu ea\"\n}","options":{"raw":{"language":"json"}}}},"status":"OK","code":200,"header":[{"key":"Content-Type","value":"*/*"}],"body":"{\n  \"common\": {\n    \"user\": \"et ut qui\",\n    \"agent\": \"4000\",\n    \"cycle\": \"T\",\n    \"clientNumber\": \"1000\",\n    \"system\": \"2000\",\n    \"prin\": \"3000\",\n    \"debug\": false,\n    \"org\": \"in esse\",\n    \"processor\": false,\n    \"contentType\": \"sit dolore aute\",\n    \"retry\": 80250273,\n    \"timeout\": 4487610,\n    \"siteId\": \"4201\"\n  },\n  \"version\": \"eiusmod sint in id dolor\",\n  \"schedulerInfoByAppList\": [\n    {\n      \"app\": \"sunt reprehenderit consectetur\",\n      \"executionByJob\": {\n        \"cupidatat_1d\": {\n          \"lastExecutionDate\": \"aute dolore in exercitation dolore\",\n          \"lastExecutionMessage\": \"aute ut dolore esse\",\n          \"nextExecutionDate\": \"sunt\",\n          \"schedulerExpression\": \"amet in qui\"\n        },\n        \"cupidatat_dc6\": {\n          \"lastExecutionDate\": \"eu adipisicing fugiat est Lorem\",\n          \"lastExecutionMessage\": \"culpa occ\",\n          \"nextExecutionDate\": \"in mollit Ut laboris\",\n          \"schedulerExpression\": \"sed aliquip non dolor\"\n        },\n        \"ad82\": {\n          \"lastExecutionDate\": \"sed cupidatat dolore laborum\",\n          \"lastExecutionMessage\": \"eu qui irure in\",\n          \"nextExecutionDate\": \"ea Lorem\",\n          \"schedulerExpression\": \"in eiusmod pari\"\n        }\n      }\n    },\n    {\n      \"app\": \"dolor Duis\",\n      \"executionByJob\": {\n        \"consequat_2\": {\n          \"lastExecutionDate\": \"deserunt est tempor\",\n          \"lastExecutionMessage\": \"velit sed minim eu nulla\",\n          \"nextExecutionDate\": \"in Lorem\",\n          \"schedulerExpression\": \"tempor\"\n        },\n        \"ex4_\": {\n          \"lastExecutionDate\": \"aute minim reprehenderit\",\n          \"lastExecutionMessage\": \"nulla dolor aute\",\n          \"nextExecutionDate\": \"nisi ex dolore\",\n          \"schedulerExpression\": \"amet elit\"\n        }\n      }\n    }\n  ]\n}","cookie":[],"_postman_previewlanguage":"json"}],"event":[],"protocolProfileBehavior":{"disableBodyPruning":true}},{"id":"7e1985e6-b51e-41db-86fb-78c51774391f","name":"create an app in scheduler","request":{"name":"create an app in scheduler","description":{"content":"create an app in scheduler.","type":"text/plain"},"url":{"path":["scheduler","v2","migrateDc"],"host":["{{baseUrl}}"],"query":[],"variable":[]},"header":[{"key":"Accept","value":"*/*"}],"method":"POST","auth":null},"response":[{"id":"e1a6cd39-817b-47e8-bd9f-d123d9122e37","name":"successful operation","originalRequest":{"url":{"path":["scheduler","v2","migrateDc"],"host":["{{baseUrl}}"],"query":[],"variable":[]},"method":"POST","body":{}},"status":"OK","code":200,"header":[{"key":"Content-Type","value":"*/*"}],"body":"{\n  \"common\": {\n    \"user\": \"Lorem\",\n    \"agent\": \"4000\",\n    \"cycle\": \"T\",\n    \"clientNumber\": \"1000\",\n    \"system\": \"2000\",\n    \"prin\": \"3000\",\n    \"debug\": false,\n    \"org\": \"reprehenderit id\",\n    \"processor\": false,\n    \"contentType\": \"adipisicing fugiat labore laboris qui\",\n    \"retry\": -82457209,\n    \"timeout\": -76288436,\n    \"siteId\": \"4201\"\n  }\n}","cookie":[],"_postman_previewlanguage":"json"}],"event":[],"protocolProfileBehavior":{"disableBodyPruning":true}},{"id":"4d8df6ae-667e-441c-8115-a2b6263acc60","name":"create an app in scheduler","request":{"name":"create an app in scheduler","description":{"content":"create an app in scheduler.","type":"text/plain"},"url":{"path":["scheduler","v2","refresh"],"host":["{{baseUrl}}"],"query":[],"variable":[]},"header":[{"key":"Content-Type","value":"application/json"},{"key":"Accept","value":"*/*"}],"method":"POST","auth":null,"body":{"mode":"raw","raw":"{\n  \"common\": {\n    \"user\": \"Lorem\",\n    \"agent\": \"4000\",\n    \"cycle\": \"T\",\n    \"clientNumber\": \"1000\",\n    \"system\": \"2000\",\n    \"prin\": \"3000\",\n    \"debug\": false,\n    \"org\": \"reprehenderit id\",\n    \"processor\": false,\n    \"contentType\": \"adipisicing fugiat labore laboris qui\",\n    \"retry\": -82457209,\n    \"timeout\": -76288436,\n    \"siteId\": \"4201\"\n  }\n}","options":{"raw":{"language":"json"}}}},"response":[{"id":"45ef3a9f-f2a3-407b-90e2-df8be2f564a3","name":"successful operation","originalRequest":{"url":{"path":["scheduler","v2","refresh"],"host":["{{baseUrl}}"],"query":[],"variable":[]},"method":"POST","body":{"mode":"raw","raw":"{\n  \"common\": {\n    \"user\": \"Lorem\",\n    \"agent\": \"4000\",\n    \"cycle\": \"T\",\n    \"clientNumber\": \"1000\",\n    \"system\": \"2000\",\n    \"prin\": \"3000\",\n    \"debug\": false,\n    \"org\": \"reprehenderit id\",\n    \"processor\": false,\n    \"contentType\": \"adipisicing fugiat labore laboris qui\",\n    \"retry\": -82457209,\n    \"timeout\": -76288436,\n    \"siteId\": \"4201\"\n  }\n}","options":{"raw":{"language":"json"}}}},"status":"OK","code":200,"header":[{"key":"Content-Type","value":"*/*"}],"body":"{\n  \"common\": {\n    \"user\": \"Lorem\",\n    \"agent\": \"4000\",\n    \"cycle\": \"T\",\n    \"clientNumber\": \"1000\",\n    \"system\": \"2000\",\n    \"prin\": \"3000\",\n    \"debug\": false,\n    \"org\": \"reprehenderit id\",\n    \"processor\": false,\n    \"contentType\": \"adipisicing fugiat labore laboris qui\",\n    \"retry\": -82457209,\n    \"timeout\": -76288436,\n    \"siteId\": \"4201\"\n  }\n}","cookie":[],"_postman_previewlanguage":"json"}],"event":[],"protocolProfileBehavior":{"disableBodyPruning":true}},{"id":"4abf53cb-ff54-42fa-a378-862acf48d929","name":"create an app in scheduler","request":{"name":"create an app in scheduler","description":{"content":"create an app in scheduler.","type":"text/plain"},"url":{"path":["scheduler","v2","registerApp"],"host":["{{baseUrl}}"],"query":[],"variable":[]},"header":[{"key":"Content-Type","value":"application/json"},{"key":"Accept","value":"*/*"}],"method":"POST","auth":null,"body":{"mode":"raw","raw":"{\n  \"common\": {\n    \"user\": \"esse sed nulla Duis officia\",\n    \"agent\": \"4000\",\n    \"cycle\": \"T\",\n    \"clientNumber\": \"1000\",\n    \"system\": \"2000\",\n    \"prin\": \"3000\",\n    \"debug\": false,\n    \"org\": \"exercitation anim esse labore\",\n    \"processor\": false,\n    \"contentType\": \"consectetur Lorem est\",\n    \"retry\": -14301839,\n    \"timeout\": 31522416,\n    \"siteId\": \"4201\"\n  },\n  \"appQualifier\": \"consect\",\n  \"clientType\": \"ipsum sed ad Lorem Duis\",\n  \"authenticationType\": \"Duis rep\"\n}","options":{"raw":{"language":"json"}}}},"response":[{"id":"e463b4dc-376a-419e-8d9b-109dd7a88b30","name":"successful operation","originalRequest":{"url":{"path":["scheduler","v2","registerApp"],"host":["{{baseUrl}}"],"query":[],"variable":[]},"method":"POST","body":{"mode":"raw","raw":"{\n  \"common\": {\n    \"user\": \"esse sed nulla Duis officia\",\n    \"agent\": \"4000\",\n    \"cycle\": \"T\",\n    \"clientNumber\": \"1000\",\n    \"system\": \"2000\",\n    \"prin\": \"3000\",\n    \"debug\": false,\n    \"org\": \"exercitation anim esse labore\",\n    \"processor\": false,\n    \"contentType\": \"consectetur Lorem est\",\n    \"retry\": -14301839,\n    \"timeout\": 31522416,\n    \"siteId\": \"4201\"\n  },\n  \"appQualifier\": \"consect\",\n  \"clientType\": \"ipsum sed ad Lorem Duis\",\n  \"authenticationType\": \"Duis rep\"\n}","options":{"raw":{"language":"json"}}}},"status":"OK","code":200,"header":[{"key":"Content-Type","value":"*/*"}],"body":"{\n  \"common\": {\n    \"user\": \"Lorem\",\n    \"agent\": \"4000\",\n    \"cycle\": \"T\",\n    \"clientNumber\": \"1000\",\n    \"system\": \"2000\",\n    \"prin\": \"3000\",\n    \"debug\": false,\n    \"org\": \"reprehenderit id\",\n    \"processor\": false,\n    \"contentType\": \"adipisicing fugiat labore laboris qui\",\n    \"retry\": -82457209,\n    \"timeout\": -76288436,\n    \"siteId\": \"4201\"\n  }\n}","cookie":[],"_postman_previewlanguage":"json"}],"event":[],"protocolProfileBehavior":{"disableBodyPruning":true}},{"id":"92ef93e2-97b1-4bf4-80da-1649b548ed44","name":"remove an app in scheduler","request":{"name":"remove an app in scheduler","description":{"content":"remove an app in scheduler.","type":"text/plain"},"url":{"path":["scheduler","v2","removeApp"],"host":["{{baseUrl}}"],"query":[],"variable":[]},"header":[{"key":"Content-Type","value":"application/json"},{"key":"Accept","value":"*/*"}],"method":"POST","auth":null,"body":{"mode":"raw","raw":"{\n  \"common\": {\n    \"user\": \"minim\",\n    \"agent\": \"4000\",\n    \"cycle\": \"T\",\n    \"clientNumber\": \"1000\",\n    \"system\": \"2000\",\n    \"prin\": \"3000\",\n    \"debug\": false,\n    \"org\": \"Excepteur\",\n    \"processor\": false,\n    \"contentType\": \"minim\",\n    \"retry\": 94945150,\n    \"timeout\": 1307631,\n    \"siteId\": \"4201\"\n  },\n  \"appQualifier\": \"deserunt labore proident\"\n}","options":{"raw":{"language":"json"}}}},"response":[{"id":"836d15bb-96da-4ec0-b806-4c5be7244481","name":"successful operation","originalRequest":{"url":{"path":["scheduler","v2","removeApp"],"host":["{{baseUrl}}"],"query":[],"variable":[]},"method":"POST","body":{"mode":"raw","raw":"{\n  \"common\": {\n    \"user\": \"minim\",\n    \"agent\": \"4000\",\n    \"cycle\": \"T\",\n    \"clientNumber\": \"1000\",\n    \"system\": \"2000\",\n    \"prin\": \"3000\",\n    \"debug\": false,\n    \"org\": \"Excepteur\",\n    \"processor\": false,\n    \"contentType\": \"minim\",\n    \"retry\": 94945150,\n    \"timeout\": 1307631,\n    \"siteId\": \"4201\"\n  },\n  \"appQualifier\": \"deserunt labore proident\"\n}","options":{"raw":{"language":"json"}}}},"status":"OK","code":200,"header":[{"key":"Content-Type","value":"*/*"}],"body":"{\n  \"common\": {\n    \"user\": \"Lorem\",\n    \"agent\": \"4000\",\n    \"cycle\": \"T\",\n    \"clientNumber\": \"1000\",\n    \"system\": \"2000\",\n    \"prin\": \"3000\",\n    \"debug\": false,\n    \"org\": \"reprehenderit id\",\n    \"processor\": false,\n    \"contentType\": \"adipisicing fugiat labore laboris qui\",\n    \"retry\": -82457209,\n    \"timeout\": -76288436,\n    \"siteId\": \"4201\"\n  }\n}","cookie":[],"_postman_previewlanguage":"json"}],"event":[],"protocolProfileBehavior":{"disableBodyPruning":true}},{"id":"830477ea-a211-43fe-8ab6-0b0f178d05f3","name":"remove an job in scheduler","request":{"name":"remove an job in scheduler","description":{"content":"remove an job in scheduler.","type":"text/plain"},"url":{"path":["scheduler","v2","removeJob"],"host":["{{baseUrl}}"],"query":[],"variable":[]},"header":[{"key":"Content-Type","value":"application/json"},{"key":"Accept","value":"*/*"}],"method":"POST","auth":null,"body":{"mode":"raw","raw":"{\n  \"common\": {\n    \"user\": \"quis dolor\",\n    \"agent\": \"4000\",\n    \"cycle\": \"T\",\n    \"clientNumber\": \"1000\",\n    \"system\": \"2000\",\n    \"prin\": \"3000\",\n    \"debug\": false,\n    \"org\": \"est consequat\",\n    \"processor\": false,\n    \"contentType\": \"cillum culpa et amet\",\n    \"retry\": 63685177,\n    \"timeout\": 15089516,\n    \"siteId\": \"4201\"\n  },\n  \"appQualifier\": \"in sint sunt in\",\n  \"key\": \"nulla mollit sed minim\"\n}","options":{"raw":{"language":"json"}}}},"response":[{"id":"1d490f31-b86c-4cee-b773-b022c85f8d26","name":"successful operation","originalRequest":{"url":{"path":["scheduler","v2","removeJob"],"host":["{{baseUrl}}"],"query":[],"variable":[]},"method":"POST","body":{"mode":"raw","raw":"{\n  \"common\": {\n    \"user\": \"quis dolor\",\n    \"agent\": \"4000\",\n    \"cycle\": \"T\",\n    \"clientNumber\": \"1000\",\n    \"system\": \"2000\",\n    \"prin\": \"3000\",\n    \"debug\": false,\n    \"org\": \"est consequat\",\n    \"processor\": false,\n    \"contentType\": \"cillum culpa et amet\",\n    \"retry\": 63685177,\n    \"timeout\": 15089516,\n    \"siteId\": \"4201\"\n  },\n  \"appQualifier\": \"in sint sunt in\",\n  \"key\": \"nulla mollit sed minim\"\n}","options":{"raw":{"language":"json"}}}},"status":"OK","code":200,"header":[{"key":"Content-Type","value":"*/*"}],"body":"{\n  \"common\": {\n    \"user\": \"Lorem\",\n    \"agent\": \"4000\",\n    \"cycle\": \"T\",\n    \"clientNumber\": \"1000\",\n    \"system\": \"2000\",\n    \"prin\": \"3000\",\n    \"debug\": false,\n    \"org\": \"reprehenderit id\",\n    \"processor\": false,\n    \"contentType\": \"adipisicing fugiat labore laboris qui\",\n    \"retry\": -82457209,\n    \"timeout\": -76288436,\n    \"siteId\": \"4201\"\n  }\n}","cookie":[],"_postman_previewlanguage":"json"}],"event":[],"protocolProfileBehavior":{"disableBodyPruning":true}},{"id":"328c5c11-8160-454f-b7e9-211e351f8952","name":"create an app in scheduler","request":{"name":"create an app in scheduler","description":{"content":"create an app in scheduler.","type":"text/plain"},"url":{"path":["scheduler","v2","schedulerConfigCreate"],"host":["{{baseUrl}}"],"query":[],"variable":[]},"header":[{"key":"Content-Type","value":"application/json"},{"key":"Accept","value":"*/*"}],"method":"POST","auth":null,"body":{"mode":"raw","raw":"{\n  \"id\": \"nisi qui commodo\",\n  \"common\": {\n    \"user\": \"magna et in\",\n    \"agent\": \"4000\",\n    \"cycle\": \"T\",\n    \"clientNumber\": \"1000\",\n    \"system\": \"2000\",\n    \"prin\": \"3000\",\n    \"debug\": false,\n    \"org\": \"laborum ad\",\n    \"processor\": false,\n    \"contentType\": \"cillum officia pariat\",\n    \"retry\": 58336106,\n    \"timeout\": 17885000,\n    \"siteId\": \"4201\"\n  },\n  \"appQualifier\": \"ullamco veniam ipsum\",\n  \"applicationName\": \"fugiat Lorem quis\",\n  \"payload\": {},\n  \"dataCenter\": \"fugiat sit\",\n  \"minute\": \"ut sunt veniam ipsum\",\n  \"hour\": \"reprehenderit commodo\",\n  \"dayOfMonth\": \"in in incididunt sit est\",\n  \"dayOfWeek\": \"a\",\n  \"url\": \"Lorem aute dolore \",\n  \"active\": false,\n  \"authenticationType\": \"GFS_BASIC\",\n  \"method\": \"POST\",\n  \"shouldRetry\": false,\n  \"initialInterval\": 0,\n  \"maxAttempts\": 1,\n  \"clientType\": \"ad ut laboris\"\n}","options":{"raw":{"language":"json"}}}},"response":[{"id":"ab827d8c-2ad9-440d-8a74-e287a52cd981","name":"successful operation","originalRequest":{"url":{"path":["scheduler","v2","schedulerConfigCreate"],"host":["{{baseUrl}}"],"query":[],"variable":[]},"method":"POST","body":{"mode":"raw","raw":"{\n  \"id\": \"nisi qui commodo\",\n  \"common\": {\n    \"user\": \"magna et in\",\n    \"agent\": \"4000\",\n    \"cycle\": \"T\",\n    \"clientNumber\": \"1000\",\n    \"system\": \"2000\",\n    \"prin\": \"3000\",\n    \"debug\": false,\n    \"org\": \"laborum ad\",\n    \"processor\": false,\n    \"contentType\": \"cillum officia pariat\",\n    \"retry\": 58336106,\n    \"timeout\": 17885000,\n    \"siteId\": \"4201\"\n  },\n  \"appQualifier\": \"ullamco veniam ipsum\",\n  \"applicationName\": \"fugiat Lorem quis\",\n  \"payload\": {},\n  \"dataCenter\": \"fugiat sit\",\n  \"minute\": \"ut sunt veniam ipsum\",\n  \"hour\": \"reprehenderit commodo\",\n  \"dayOfMonth\": \"in in incididunt sit est\",\n  \"dayOfWeek\": \"a\",\n  \"url\": \"Lorem aute dolore \",\n  \"active\": false,\n  \"authenticationType\": \"GFS_BASIC\",\n  \"method\": \"POST\",\n  \"shouldRetry\": false,\n  \"initialInterval\": 0,\n  \"maxAttempts\": 1,\n  \"clientType\": \"ad ut laboris\"\n}","options":{"raw":{"language":"json"}}}},"status":"OK","code":200,"header":[{"key":"Content-Type","value":"*/*"}],"body":"{\n  \"message\": \"amet Duis id ullamco\",\n  \"common\": {\n    \"user\": \"labore sed esse sunt adipisicing\",\n    \"agent\": \"4000\",\n    \"cycle\": \"T\",\n    \"clientNumber\": \"1000\",\n    \"system\": \"2000\",\n    \"prin\": \"3000\",\n    \"debug\": false,\n    \"org\": \"voluptate ullamco irure est\",\n    \"processor\": false,\n    \"contentType\": \"ullamco aliqua occaecat ex\",\n    \"retry\": 42259200,\n    \"timeout\": -37465506,\n    \"siteId\": \"4201\"\n  }\n}","cookie":[],"_postman_previewlanguage":"json"}],"event":[],"protocolProfileBehavior":{"disableBodyPruning":true}},{"id":"3e727b42-8766-4581-90a6-d2d0eb071faf","name":"Scheduler Secure Configuration Retriever","request":{"name":"Scheduler Secure Configuration Retriever","description":{"content":"Service to retrieve scheduler configurations out of secure config.","type":"text/plain"},"url":{"path":["scheduler","v2","schedulerConfigRetriever"],"host":["{{baseUrl}}"],"query":[],"variable":[]},"header":[{"key":"Content-Type","value":"application/json"},{"key":"Accept","value":"*/*"}],"method":"POST","auth":null,"body":{"mode":"raw","raw":"{\n  \"common\": {\n    \"user\": \"Lorem\",\n    \"agent\": \"4000\",\n    \"cycle\": \"T\",\n    \"clientNumber\": \"1000\",\n    \"system\": \"2000\",\n    \"prin\": \"3000\",\n    \"debug\": false,\n    \"org\": \"reprehenderit id\",\n    \"processor\": false,\n    \"contentType\": \"adipisicing fugiat labore laboris qui\",\n    \"retry\": -82457209,\n    \"timeout\": -76288436,\n    \"siteId\": \"4201\"\n  }\n}","options":{"raw":{"language":"json"}}}},"response":[{"id":"4feb7ebe-17c0-4886-ba5a-7ff2373aef55","name":"successful operation","originalRequest":{"url":{"path":["scheduler","v2","schedulerConfigRetriever"],"host":["{{baseUrl}}"],"query":[],"variable":[]},"method":"POST","body":{"mode":"raw","raw":"{\n  \"common\": {\n    \"user\": \"Lorem\",\n    \"agent\": \"4000\",\n    \"cycle\": \"T\",\n    \"clientNumber\": \"1000\",\n    \"system\": \"2000\",\n    \"prin\": \"3000\",\n    \"debug\": false,\n    \"org\": \"reprehenderit id\",\n    \"processor\": false,\n    \"contentType\": \"adipisicing fugiat labore laboris qui\",\n    \"retry\": -82457209,\n    \"timeout\": -76288436,\n    \"siteId\": \"4201\"\n  }\n}","options":{"raw":{"language":"json"}}}},"status":"OK","code":200,"header":[{"key":"Content-Type","value":"*/*"}],"body":"{\n  \"common\": {\n    \"user\": \"aliquip sit\",\n    \"agent\": \"4000\",\n    \"cycle\": \"T\",\n    \"clientNumber\": \"1000\",\n    \"system\": \"2000\",\n    \"prin\": \"3000\",\n    \"debug\": false,\n    \"org\": \"qui Lorem fugiat\",\n    \"processor\": false,\n    \"contentType\": \"et commodo anim Excepteur pariatur\",\n    \"retry\": -1516093,\n    \"timeout\": 17287837,\n    \"siteId\": \"4201\"\n  },\n  \"appConfigList\": [\n    {\n      \"appQualifier\": \"dolor aliqua aute\",\n      \"authenticationType\": \"EMPTY\",\n      \"clientType\": \"eiusmod ut in pariatur\",\n      \"jobConfigRequests\": [\n        {\n          \"id\": \"esse commodo nostrud in\",\n          \"common\": {\n            \"user\": {\n              \"value\": \"<Error: Too many levels of nesting to fake this schema>\"\n            },\n            \"agent\": {\n              \"value\": \"<Error: Too many levels of nesting to fake this schema>\"\n            },\n            \"cycle\": {\n              \"value\": \"<Error: Too many levels of nesting to fake this schema>\"\n            },\n            \"clientNumber\": {\n              \"value\": \"<Error: Too many levels of nesting to fake this schema>\"\n            },\n            \"system\": {\n              \"value\": \"<Error: Too many levels of nesting to fake this schema>\"\n            },\n            \"prin\": {\n              \"value\": \"<Error: Too many levels of nesting to fake this schema>\"\n            },\n            \"debug\": {\n              \"value\": \"<Error: Too many levels of nesting to fake this schema>\"\n            },\n            \"org\": {\n              \"value\": \"<Error: Too many levels of nesting to fake this schema>\"\n            },\n            \"processor\": {\n              \"value\": \"<Error: Too many levels of nesting to fake this schema>\"\n            },\n            \"contentType\": {\n              \"value\": \"<Error: Too many levels of nesting to fake this schema>\"\n            },\n            \"retry\": {\n              \"value\": \"<Error: Too many levels of nesting to fake this schema>\"\n            },\n            \"timeout\": {\n              \"value\": \"<Error: Too many levels of nesting to fake this schema>\"\n            },\n            \"siteId\": {\n              \"value\": \"<Error: Too many levels of nesting to fake this schema>\"\n            }\n          },\n          \"appQualifier\": \"mollit laboris ullamco\",\n          \"applicationName\": \"tempor ea\",\n          \"payload\": {},\n          \"dataCenter\": \"dolor ea officia irure\",\n          \"minute\": \"in eu\",\n          \"hour\": \"voluptate dolor\",\n          \"dayOfMonth\": \"ad la\",\n          \"dayOfWeek\": \"sed dolore irure\",\n          \"url\": \"non qui in amet\",\n          \"active\": false,\n          \"authenticationType\": \"GFS_BASIC\",\n          \"method\": \"POST\",\n          \"shouldRetry\": false,\n          \"initialInterval\": 0,\n          \"maxAttempts\": 1,\n          \"clientType\": \"aliqu\"\n        },\n        {\n          \"id\": \"voluptate ad\",\n          \"common\": {\n            \"user\": {\n              \"value\": \"<Error: Too many levels of nesting to fake this schema>\"\n            },\n            \"agent\": {\n              \"value\": \"<Error: Too many levels of nesting to fake this schema>\"\n            },\n            \"cycle\": {\n              \"value\": \"<Error: Too many levels of nesting to fake this schema>\"\n            },\n            \"clientNumber\": {\n              \"value\": \"<Error: Too many levels of nesting to fake this schema>\"\n            },\n            \"system\": {\n              \"value\": \"<Error: Too many levels of nesting to fake this schema>\"\n            },\n            \"prin\": {\n              \"value\": \"<Error: Too many levels of nesting to fake this schema>\"\n            },\n            \"debug\": {\n              \"value\": \"<Error: Too many levels of nesting to fake this schema>\"\n            },\n            \"org\": {\n              \"value\": \"<Error: Too many levels of nesting to fake this schema>\"\n            },\n            \"processor\": {\n              \"value\": \"<Error: Too many levels of nesting to fake this schema>\"\n            },\n            \"contentType\": {\n              \"value\": \"<Error: Too many levels of nesting to fake this schema>\"\n            },\n            \"retry\": {\n              \"value\": \"<Error: Too many levels of nesting to fake this schema>\"\n            },\n            \"timeout\": {\n              \"value\": \"<Error: Too many levels of nesting to fake this schema>\"\n            },\n            \"siteId\": {\n              \"value\": \"<Error: Too many levels of nesting to fake this schema>\"\n            }\n          },\n          \"appQualifier\": \"incididunt ex\",\n          \"applicationName\": \"tempor Lorem qui aliquip\",\n          \"payload\": {},\n          \"dataCenter\": \"in labore exercitation\",\n          \"minute\": \"labore reprehenderit officia\",\n          \"hour\": \"adipisicing laborum\",\n          \"dayOfMonth\": \"fugiat ipsum\",\n          \"dayOfWeek\": \"ad consectetur eu\",\n          \"url\": \"veniam ea aliqua in cupidatat\",\n          \"active\": false,\n          \"authenticationType\": \"GFS_BASIC\",\n          \"method\": \"POST\",\n          \"shouldRetry\": false,\n          \"initialInterval\": 0,\n          \"maxAttempts\": 1,\n          \"clientType\": \"consequat elit\"\n        }\n      ]\n    },\n    {\n      \"appQualifier\": \"do\",\n      \"authenticationType\": \"GFS_BASIC\",\n      \"clientType\": \"culpa sint elit Excepteur\",\n      \"jobConfigRequests\": [\n        {\n          \"id\": \"eiusmod mollit Excepteur esse\",\n          \"common\": {\n            \"user\": {\n              \"value\": \"<Error: Too many levels of nesting to fake this schema>\"\n            },\n            \"agent\": {\n              \"value\": \"<Error: Too many levels of nesting to fake this schema>\"\n            },\n            \"cycle\": {\n              \"value\": \"<Error: Too many levels of nesting to fake this schema>\"\n            },\n            \"clientNumber\": {\n              \"value\": \"<Error: Too many levels of nesting to fake this schema>\"\n            },\n            \"system\": {\n              \"value\": \"<Error: Too many levels of nesting to fake this schema>\"\n            },\n            \"prin\": {\n              \"value\": \"<Error: Too many levels of nesting to fake this schema>\"\n            },\n            \"debug\": {\n              \"value\": \"<Error: Too many levels of nesting to fake this schema>\"\n            },\n            \"org\": {\n              \"value\": \"<Error: Too many levels of nesting to fake this schema>\"\n            },\n            \"processor\": {\n              \"value\": \"<Error: Too many levels of nesting to fake this schema>\"\n            },\n            \"contentType\": {\n              \"value\": \"<Error: Too many levels of nesting to fake this schema>\"\n            },\n            \"retry\": {\n              \"value\": \"<Error: Too many levels of nesting to fake this schema>\"\n            },\n            \"timeout\": {\n              \"value\": \"<Error: Too many levels of nesting to fake this schema>\"\n            },\n            \"siteId\": {\n              \"value\": \"<Error: Too many levels of nesting to fake this schema>\"\n            }\n          },\n          \"appQualifier\": \"occaecat ipsum\",\n          \"applicationName\": \"exercitation ut anim\",\n          \"payload\": {},\n          \"dataCenter\": \"pariatur\",\n          \"minute\": \"cillum enim\",\n          \"hour\": \"commodo a\",\n          \"dayOfMonth\": \"laborum\",\n          \"dayOfWeek\": \"nisi Ut commodo\",\n          \"url\": \"irure aliqua\",\n          \"active\": false,\n          \"authenticationType\": \"GFS_BASIC\",\n          \"method\": \"POST\",\n          \"shouldRetry\": false,\n          \"initialInterval\": 0,\n          \"maxAttempts\": 1,\n          \"clientType\": \"et officia enim\"\n        },\n        {\n          \"id\": \"ut eu officia\",\n          \"common\": {\n            \"user\": {\n              \"value\": \"<Error: Too many levels of nesting to fake this schema>\"\n            },\n            \"agent\": {\n              \"value\": \"<Error: Too many levels of nesting to fake this schema>\"\n            },\n            \"cycle\": {\n              \"value\": \"<Error: Too many levels of nesting to fake this schema>\"\n            },\n            \"clientNumber\": {\n              \"value\": \"<Error: Too many levels of nesting to fake this schema>\"\n            },\n            \"system\": {\n              \"value\": \"<Error: Too many levels of nesting to fake this schema>\"\n            },\n            \"prin\": {\n              \"value\": \"<Error: Too many levels of nesting to fake this schema>\"\n            },\n            \"debug\": {\n              \"value\": \"<Error: Too many levels of nesting to fake this schema>\"\n            },\n            \"org\": {\n              \"value\": \"<Error: Too many levels of nesting to fake this schema>\"\n            },\n            \"processor\": {\n              \"value\": \"<Error: Too many levels of nesting to fake this schema>\"\n            },\n            \"contentType\": {\n              \"value\": \"<Error: Too many levels of nesting to fake this schema>\"\n            },\n            \"retry\": {\n              \"value\": \"<Error: Too many levels of nesting to fake this schema>\"\n            },\n            \"timeout\": {\n              \"value\": \"<Error: Too many levels of nesting to fake this schema>\"\n            },\n            \"siteId\": {\n              \"value\": \"<Error: Too many levels of nesting to fake this schema>\"\n            }\n          },\n          \"appQualifier\": \"offici\",\n          \"applicationName\": \"dolor nisi voluptate Duis\",\n          \"payload\": {},\n          \"dataCenter\": \"in dol\",\n          \"minute\": \"commodo\",\n          \"hour\": \"mollit\",\n          \"dayOfMonth\": \"velit\",\n          \"dayOfWeek\": \"adipisicing\",\n          \"url\": \"pariatur ipsum laborum\",\n          \"active\": false,\n          \"authenticationType\": \"GFS_BASIC\",\n          \"method\": \"POST\",\n          \"shouldRetry\": false,\n          \"initialInterval\": 0,\n          \"maxAttempts\": 1,\n          \"clientType\": \"incididunt ad eiusmod\"\n        }\n      ]\n    }\n  ]\n}","cookie":[],"_postman_previewlanguage":"json"}],"event":[],"protocolProfileBehavior":{"disableBodyPruning":true}}],"event":[]}],"event":[],"variable":[{"type":"string","value":"https://cat.api.firstdata.com/fs","key":"baseUrl"}],"info":{"_postman_id":"8c774ff4-88a1-43bc-a86a-a047c0f1e2ec","name":"fs-proxy-1","schema":"https://schema.getpostman.com/json/collection/v2.1.0/collection.json","description":{"content":"Welcome to the Financial Services API documentation","type":"text/plain"}}}