{"item":[{"id":"87795745-00f4-4753-a4b0-afbc48b94da5","name":"v2","item":[{"id":"7c92a120-fd43-4418-bc76-eec2eb234942","name":"Returns tenant provider API.","request":{"name":"Returns tenant provider API.","description":{},"url":{"path":["v2","products"],"host":["{{baseUrl}}"],"query":[],"variable":[]},"header":[{"key":"Accept","value":"application/json"}],"method":"GET","auth":null},"response":[{"id":"c0024198-d511-48df-af01-631b5361ec04","name":"Tenant provider response. <a href=\"https://fiserv.com\" rel=\"noopener noreferrer\" target=\"_blank\">external link</a> <a href=\"../docs?path=docs/getting-started/setup-tenant/setup-tenant.md\">Setup Tenant</a>","originalRequest":{"url":{"path":["v2","products"],"host":["{{baseUrl}}"],"query":[],"variable":[]},"header":[{"key":"Accept","value":"application/json"}],"method":"GET","body":{}},"status":"OK","code":200,"header":[{"key":"Content-Type","value":"application/json"}],"body":"{\n  \"brand\": \"nisi deserunt ipsum nostrud dolor\",\n  \"brandDescription\": \"officia eu esse\",\n  \"brandLogoURL\": \"in non consectetur proident minim\",\n  \"categories\": [\n    {\n      \"name\": \"p\",\n      \"subcategories\": [\n        {\n          \"name\": \"in amet\",\n          \"value\": \"incididunt Ut consequat occaecat dolore\"\n        },\n        {\n          \"name\": \"est fugiat pariatur\",\n          \"value\": \"deserunt ullamco\"\n        }\n      ],\n      \"value\": \"ex laboris est non reprehenderit\"\n    },\n    {\n      \"name\": \"in dolor\",\n      \"subcategories\": [\n        {\n          \"name\": \"anim ea exercitation\",\n          \"value\": \"qui cupidatat non\"\n        },\n        {\n          \"name\": \"ex elit sunt\",\n          \"value\": \"aliquip cillum commodo est\"\n        }\n      ],\n      \"value\": \"velit enim officia Duis\"\n    }\n  ],\n  \"name\": \"pariatur esse dolore quis\",\n  \"product\": {\n    \"apiSpecification\": \"cillum ad et\",\n    \"description\": \"eu in voluptate fugiat\",\n    \"documentation\": \"amet irure id\",\n    \"featured\": true,\n    \"layout\": \"consequat eiusmod Lorem\",\n    \"logoURL\": \"ut dolor\"\n  },\n  \"solution\": \"cupidatat\",\n  \"title\": \"nostrud laboris in ipsum\"\n}","cookie":[],"_postman_previewlanguage":"json"}],"event":[],"protocolProfileBehavior":{"disableBodyPruning":true}},{"id":"901dc20c-facc-4789-a2e6-b3671d0ab9b2","name":"Returns OpenAPI Spec.","request":{"name":"Returns OpenAPI Spec.","description":{},"url":{"path":["v2","apis"],"host":["{{baseUrl}}"],"query":[],"variable":[]},"header":[{"key":"Content-Type","value":"application/json"}],"method":"POST","auth":null,"body":{"mode":"raw","raw":"{\n  \"categories\": [\n    {\n      \"name\": \"<string>\",\n      \"subcategories\": [\n        {\n          \"name\": \"<string>\"\n        },\n        {\n          \"name\": \"<string>\"\n        }\n      ]\n    },\n    {\n      \"name\": \"<string>\",\n      \"subcategories\": [\n        {\n          \"name\": \"<string>\"\n        },\n        {\n          \"name\": \"<string>\"\n        }\n      ]\n    }\n  ]\n}","options":{"raw":{"language":"json"}}}},"response":[{"id":"8e507d86-1006-40b2-8a6c-cc96bba3bea7","originalRequest":{"url":{"path":["v2","apis"],"host":["{{baseUrl}}"],"query":[],"variable":[]},"method":"POST","body":{"mode":"raw","raw":"{\n  \"categories\": [\n    {\n      \"name\": \"<string>\",\n      \"subcategories\": [\n        {\n          \"name\": \"<string>\"\n        },\n        {\n          \"name\": \"<string>\"\n        }\n      ]\n    },\n    {\n      \"name\": \"<string>\",\n      \"subcategories\": [\n        {\n          \"name\": \"<string>\"\n        },\n        {\n          \"name\": \"<string>\"\n        }\n      ]\n    }\n  ]\n}","options":{"raw":{"language":"json"}}}},"status":"OK","code":200,"header":[{"key":"Content-Type","value":"text/plain"}],"body":"","cookie":[],"_postman_previewlanguage":"text"}],"event":[],"protocolProfileBehavior":{"disableBodyPruning":true}},{"id":"6c88aaa9-40b7-47c2-af61-53d9fcd53c11","name":"Returns Docs in markdown format.","request":{"name":"Returns Docs in markdown format.","description":{},"url":{"path":["v2","docs"],"host":["{{baseUrl}}"],"query":[{"disabled":false,"key":"path","value":"<string>","description":"(Required) Markdown document path"}],"variable":[]},"method":"GET","auth":null},"response":[{"id":"b12334b0-e049-4ecc-a73f-42507e4e37c5","originalRequest":{"url":{"path":["v2","docs"],"host":["{{baseUrl}}"],"query":[{"key":"path","value":"<string>"}],"variable":[]},"method":"GET","body":{}},"status":"OK","code":200,"header":[{"key":"Content-Type","value":"text/plain"}],"body":"","cookie":[],"_postman_previewlanguage":"text"}],"event":[],"protocolProfileBehavior":{"disableBodyPruning":true}},{"id":"144785e9-657e-405d-afa7-2c33f1848694","name":"Returns the product page layout.","request":{"name":"Returns the product page layout.","description":{},"url":{"path":["v2","layouts"],"host":["{{baseUrl}}"],"query":[],"variable":[]},"header":[{"key":"Accept","value":"application/json"}],"method":"GET","auth":null},"response":[{"id":"04f609cc-381b-460f-a002-bcd5162d7360","name":"This text will appear as description of your response body.","originalRequest":{"url":{"path":["v2","layouts"],"host":["{{baseUrl}}"],"query":[],"variable":[]},"header":[{"key":"Accept","value":"application/json"}],"method":"GET","body":{}},"status":"OK","code":200,"header":[{"key":"Content-Type","value":"application/json"}],"body":"[\n  {\n    \"hero\": [\n      {\n        \"descrption\": \"non deserunt aliquip nulla laborum\",\n        \"image\": \"officia nisi irure velit pariatur\"\n      },\n      {\n        \"descrption\": \"ad elit et\",\n        \"image\": \"non labore\"\n      }\n    ],\n    \"journey Cards\": [\n      {\n        \"journeyCard\": [\n          {\n            \"contextualNavigationCards\": [\n              {\n                \"contextualNavigationCard\": [\n                  {\n                    \"description\": {\n                      \"value\": \"<Error: Too many levels of nesting to fake this schema>\"\n                    },\n                    \"link\": {\n                      \"value\": \"<Error: Too many levels of nesting to fake this schema>\"\n                    },\n                    \"title\": {\n                      \"value\": \"<Error: Too many levels of nesting to fake this schema>\"\n                    }\n                  },\n                  {\n                    \"description\": {\n                      \"value\": \"<Error: Too many levels of nesting to fake this schema>\"\n                    },\n                    \"link\": {\n                      \"value\": \"<Error: Too many levels of nesting to fake this schema>\"\n                    },\n                    \"title\": {\n                      \"value\": \"<Error: Too many levels of nesting to fake this schema>\"\n                    }\n                  }\n                ]\n              },\n              {\n                \"contextualNavigationCard\": [\n                  {\n                    \"description\": {\n                      \"value\": \"<Error: Too many levels of nesting to fake this schema>\"\n                    },\n                    \"link\": {\n                      \"value\": \"<Error: Too many levels of nesting to fake this schema>\"\n                    },\n                    \"title\": {\n                      \"value\": \"<Error: Too many levels of nesting to fake this schema>\"\n                    }\n                  },\n                  {\n                    \"description\": {\n                      \"value\": \"<Error: Too many levels of nesting to fake this schema>\"\n                    },\n                    \"link\": {\n                      \"value\": \"<Error: Too many levels of nesting to fake this schema>\"\n                    },\n                    \"title\": {\n                      \"value\": \"<Error: Too many levels of nesting to fake this schema>\"\n                    }\n                  }\n                ]\n              }\n            ],\n            \"description\": \"nostrud mollit occaecat\",\n            \"link\": [\n              {\n                \"type\": \"officia laboris eiusmod aliqua\",\n                \"uri\": \"sunt veniam in\"\n              },\n              {\n                \"type\": \"voluptate laborum\",\n                \"uri\": \"fugiat nulla id dolore\"\n              }\n            ],\n            \"title\": \"do id adip\"\n          },\n          {\n            \"contextualNavigationCards\": [\n              {\n                \"contextualNavigationCard\": [\n                  {\n                    \"description\": {\n                      \"value\": \"<Error: Too many levels of nesting to fake this schema>\"\n                    },\n                    \"link\": {\n                      \"value\": \"<Error: Too many levels of nesting to fake this schema>\"\n                    },\n                    \"title\": {\n                      \"value\": \"<Error: Too many levels of nesting to fake this schema>\"\n                    }\n                  },\n                  {\n                    \"description\": {\n                      \"value\": \"<Error: Too many levels of nesting to fake this schema>\"\n                    },\n                    \"link\": {\n                      \"value\": \"<Error: Too many levels of nesting to fake this schema>\"\n                    },\n                    \"title\": {\n                      \"value\": \"<Error: Too many levels of nesting to fake this schema>\"\n                    }\n                  }\n                ]\n              },\n              {\n                \"contextualNavigationCard\": [\n                  {\n                    \"description\": {\n                      \"value\": \"<Error: Too many levels of nesting to fake this schema>\"\n                    },\n                    \"link\": {\n                      \"value\": \"<Error: Too many levels of nesting to fake this schema>\"\n                    },\n                    \"title\": {\n                      \"value\": \"<Error: Too many levels of nesting to fake this schema>\"\n                    }\n                  },\n                  {\n                    \"description\": {\n                      \"value\": \"<Error: Too many levels of nesting to fake this schema>\"\n                    },\n                    \"link\": {\n                      \"value\": \"<Error: Too many levels of nesting to fake this schema>\"\n                    },\n                    \"title\": {\n                      \"value\": \"<Error: Too many levels of nesting to fake this schema>\"\n                    }\n                  }\n                ]\n              }\n            ],\n            \"description\": \"cupidatat\",\n            \"link\": [\n              {\n                \"type\": \"do\",\n                \"uri\": \"irure occaecat pariatur dolor\"\n              },\n              {\n                \"type\": \"cillum\",\n                \"uri\": \"eiusmod elit ipsum\"\n              }\n            ],\n            \"title\": \"do\"\n          }\n        ]\n      },\n      {\n        \"journeyCard\": [\n          {\n            \"contextualNavigationCards\": [\n              {\n                \"contextualNavigationCard\": [\n                  {\n                    \"description\": {\n                      \"value\": \"<Error: Too many levels of nesting to fake this schema>\"\n                    },\n                    \"link\": {\n                      \"value\": \"<Error: Too many levels of nesting to fake this schema>\"\n                    },\n                    \"title\": {\n                      \"value\": \"<Error: Too many levels of nesting to fake this schema>\"\n                    }\n                  },\n                  {\n                    \"description\": {\n                      \"value\": \"<Error: Too many levels of nesting to fake this schema>\"\n                    },\n                    \"link\": {\n                      \"value\": \"<Error: Too many levels of nesting to fake this schema>\"\n                    },\n                    \"title\": {\n                      \"value\": \"<Error: Too many levels of nesting to fake this schema>\"\n                    }\n                  }\n                ]\n              },\n              {\n                \"contextualNavigationCard\": [\n                  {\n                    \"description\": {\n                      \"value\": \"<Error: Too many levels of nesting to fake this schema>\"\n                    },\n                    \"link\": {\n                      \"value\": \"<Error: Too many levels of nesting to fake this schema>\"\n                    },\n                    \"title\": {\n                      \"value\": \"<Error: Too many levels of nesting to fake this schema>\"\n                    }\n                  },\n                  {\n                    \"description\": {\n                      \"value\": \"<Error: Too many levels of nesting to fake this schema>\"\n                    },\n                    \"link\": {\n                      \"value\": \"<Error: Too many levels of nesting to fake this schema>\"\n                    },\n                    \"title\": {\n                      \"value\": \"<Error: Too many levels of nesting to fake this schema>\"\n                    }\n                  }\n                ]\n              }\n            ],\n            \"description\": \"eiusmod velit dolore\",\n            \"link\": [\n              {\n                \"type\": \"ut in veniam\",\n                \"uri\": \"culpa\"\n              },\n              {\n                \"type\": \"eu cupidatat sit ad\",\n                \"uri\": \"Excepteur dolore\"\n              }\n            ],\n            \"title\": \"fugiat est sint id\"\n          },\n          {\n            \"contextualNavigationCards\": [\n              {\n                \"contextualNavigationCard\": [\n                  {\n                    \"description\": {\n                      \"value\": \"<Error: Too many levels of nesting to fake this schema>\"\n                    },\n                    \"link\": {\n                      \"value\": \"<Error: Too many levels of nesting to fake this schema>\"\n                    },\n                    \"title\": {\n                      \"value\": \"<Error: Too many levels of nesting to fake this schema>\"\n                    }\n                  },\n                  {\n                    \"description\": {\n                      \"value\": \"<Error: Too many levels of nesting to fake this schema>\"\n                    },\n                    \"link\": {\n                      \"value\": \"<Error: Too many levels of nesting to fake this schema>\"\n                    },\n                    \"title\": {\n                      \"value\": \"<Error: Too many levels of nesting to fake this schema>\"\n                    }\n                  }\n                ]\n              },\n              {\n                \"contextualNavigationCard\": [\n                  {\n                    \"description\": {\n                      \"value\": \"<Error: Too many levels of nesting to fake this schema>\"\n                    },\n                    \"link\": {\n                      \"value\": \"<Error: Too many levels of nesting to fake this schema>\"\n                    },\n                    \"title\": {\n                      \"value\": \"<Error: Too many levels of nesting to fake this schema>\"\n                    }\n                  },\n                  {\n                    \"description\": {\n                      \"value\": \"<Error: Too many levels of nesting to fake this schema>\"\n                    },\n                    \"link\": {\n                      \"value\": \"<Error: Too many levels of nesting to fake this schema>\"\n                    },\n                    \"title\": {\n                      \"value\": \"<Error: Too many levels of nesting to fake this schema>\"\n                    }\n                  }\n                ]\n              }\n            ],\n            \"description\": \"in pariatur dolor\",\n            \"link\": [\n              {\n                \"type\": \"magna ex minim eiusmod\",\n                \"uri\": \"proident\"\n              },\n              {\n                \"type\": \"laboru\",\n                \"uri\": \"proident consequat aute laborum\"\n              }\n            ],\n            \"title\": \"fugiat sit\"\n          }\n        ]\n      }\n    ]\n  },\n  {\n    \"hero\": [\n      {\n        \"descrption\": \"id dolore do occaecat magna\",\n        \"image\": \"non incididunt ut veniam eu\"\n      },\n      {\n        \"descrption\": \"ad aliqua commodo tempor\",\n        \"image\": \"laboris nostrud elit qui labore\"\n      }\n    ],\n    \"journey Cards\": [\n      {\n        \"journeyCard\": [\n          {\n            \"contextualNavigationCards\": [\n              {\n                \"contextualNavigationCard\": [\n                  {\n                    \"description\": {\n                      \"value\": \"<Error: Too many levels of nesting to fake this schema>\"\n                    },\n                    \"link\": {\n                      \"value\": \"<Error: Too many levels of nesting to fake this schema>\"\n                    },\n                    \"title\": {\n                      \"value\": \"<Error: Too many levels of nesting to fake this schema>\"\n                    }\n                  },\n                  {\n                    \"description\": {\n                      \"value\": \"<Error: Too many levels of nesting to fake this schema>\"\n                    },\n                    \"link\": {\n                      \"value\": \"<Error: Too many levels of nesting to fake this schema>\"\n                    },\n                    \"title\": {\n                      \"value\": \"<Error: Too many levels of nesting to fake this schema>\"\n                    }\n                  }\n                ]\n              },\n              {\n                \"contextualNavigationCard\": [\n                  {\n                    \"description\": {\n                      \"value\": \"<Error: Too many levels of nesting to fake this schema>\"\n                    },\n                    \"link\": {\n                      \"value\": \"<Error: Too many levels of nesting to fake this schema>\"\n                    },\n                    \"title\": {\n                      \"value\": \"<Error: Too many levels of nesting to fake this schema>\"\n                    }\n                  },\n                  {\n                    \"description\": {\n                      \"value\": \"<Error: Too many levels of nesting to fake this schema>\"\n                    },\n                    \"link\": {\n                      \"value\": \"<Error: Too many levels of nesting to fake this schema>\"\n                    },\n                    \"title\": {\n                      \"value\": \"<Error: Too many levels of nesting to fake this schema>\"\n                    }\n                  }\n                ]\n              }\n            ],\n            \"description\": \"id irure\",\n            \"link\": [\n              {\n                \"type\": \"qui fugiat\",\n                \"uri\": \"nostrud ut deserunt Except\"\n              },\n              {\n                \"type\": \"ex magna enim\",\n                \"uri\": \"veniam laboris in fugiat\"\n              }\n            ],\n            \"title\": \"commodo occaecat mollit\"\n          },\n          {\n            \"contextualNavigationCards\": [\n              {\n                \"contextualNavigationCard\": [\n                  {\n                    \"description\": {\n                      \"value\": \"<Error: Too many levels of nesting to fake this schema>\"\n                    },\n                    \"link\": {\n                      \"value\": \"<Error: Too many levels of nesting to fake this schema>\"\n                    },\n                    \"title\": {\n                      \"value\": \"<Error: Too many levels of nesting to fake this schema>\"\n                    }\n                  },\n                  {\n                    \"description\": {\n                      \"value\": \"<Error: Too many levels of nesting to fake this schema>\"\n                    },\n                    \"link\": {\n                      \"value\": \"<Error: Too many levels of nesting to fake this schema>\"\n                    },\n                    \"title\": {\n                      \"value\": \"<Error: Too many levels of nesting to fake this schema>\"\n                    }\n                  }\n                ]\n              },\n              {\n                \"contextualNavigationCard\": [\n                  {\n                    \"description\": {\n                      \"value\": \"<Error: Too many levels of nesting to fake this schema>\"\n                    },\n                    \"link\": {\n                      \"value\": \"<Error: Too many levels of nesting to fake this schema>\"\n                    },\n                    \"title\": {\n                      \"value\": \"<Error: Too many levels of nesting to fake this schema>\"\n                    }\n                  },\n                  {\n                    \"description\": {\n                      \"value\": \"<Error: Too many levels of nesting to fake this schema>\"\n                    },\n                    \"link\": {\n                      \"value\": \"<Error: Too many levels of nesting to fake this schema>\"\n                    },\n                    \"title\": {\n                      \"value\": \"<Error: Too many levels of nesting to fake this schema>\"\n                    }\n                  }\n                ]\n              }\n            ],\n            \"description\": \"qui \",\n            \"link\": [\n              {\n                \"type\": \"esse incididunt tempor nulla velit\",\n                \"uri\": \"do deserunt\"\n              },\n              {\n                \"type\": \"occaecat qui culpa quis\",\n                \"uri\": \"culpa dolore\"\n              }\n            ],\n            \"title\": \"reprehenderit irure occaec\"\n          }\n        ]\n      },\n      {\n        \"journeyCard\": [\n          {\n            \"contextualNavigationCards\": [\n              {\n                \"contextualNavigationCard\": [\n                  {\n                    \"description\": {\n                      \"value\": \"<Error: Too many levels of nesting to fake this schema>\"\n                    },\n                    \"link\": {\n                      \"value\": \"<Error: Too many levels of nesting to fake this schema>\"\n                    },\n                    \"title\": {\n                      \"value\": \"<Error: Too many levels of nesting to fake this schema>\"\n                    }\n                  },\n                  {\n                    \"description\": {\n                      \"value\": \"<Error: Too many levels of nesting to fake this schema>\"\n                    },\n                    \"link\": {\n                      \"value\": \"<Error: Too many levels of nesting to fake this schema>\"\n                    },\n                    \"title\": {\n                      \"value\": \"<Error: Too many levels of nesting to fake this schema>\"\n                    }\n                  }\n                ]\n              },\n              {\n                \"contextualNavigationCard\": [\n                  {\n                    \"description\": {\n                      \"value\": \"<Error: Too many levels of nesting to fake this schema>\"\n                    },\n                    \"link\": {\n                      \"value\": \"<Error: Too many levels of nesting to fake this schema>\"\n                    },\n                    \"title\": {\n                      \"value\": \"<Error: Too many levels of nesting to fake this schema>\"\n                    }\n                  },\n                  {\n                    \"description\": {\n                      \"value\": \"<Error: Too many levels of nesting to fake this schema>\"\n                    },\n                    \"link\": {\n                      \"value\": \"<Error: Too many levels of nesting to fake this schema>\"\n                    },\n                    \"title\": {\n                      \"value\": \"<Error: Too many levels of nesting to fake this schema>\"\n                    }\n                  }\n                ]\n              }\n            ],\n            \"description\": \"labor\",\n            \"link\": [\n              {\n                \"type\": \"in voluptate\",\n                \"uri\": \"ullamco eiusmod Duis\"\n              },\n              {\n                \"type\": \"commodo laborum\",\n                \"uri\": \"est pariatur\"\n              }\n            ],\n            \"title\": \"offic\"\n          },\n          {\n            \"contextualNavigationCards\": [\n              {\n                \"contextualNavigationCard\": [\n                  {\n                    \"description\": {\n                      \"value\": \"<Error: Too many levels of nesting to fake this schema>\"\n                    },\n                    \"link\": {\n                      \"value\": \"<Error: Too many levels of nesting to fake this schema>\"\n                    },\n                    \"title\": {\n                      \"value\": \"<Error: Too many levels of nesting to fake this schema>\"\n                    }\n                  },\n                  {\n                    \"description\": {\n                      \"value\": \"<Error: Too many levels of nesting to fake this schema>\"\n                    },\n                    \"link\": {\n                      \"value\": \"<Error: Too many levels of nesting to fake this schema>\"\n                    },\n                    \"title\": {\n                      \"value\": \"<Error: Too many levels of nesting to fake this schema>\"\n                    }\n                  }\n                ]\n              },\n              {\n                \"contextualNavigationCard\": [\n                  {\n                    \"description\": {\n                      \"value\": \"<Error: Too many levels of nesting to fake this schema>\"\n                    },\n                    \"link\": {\n                      \"value\": \"<Error: Too many levels of nesting to fake this schema>\"\n                    },\n                    \"title\": {\n                      \"value\": \"<Error: Too many levels of nesting to fake this schema>\"\n                    }\n                  },\n                  {\n                    \"description\": {\n                      \"value\": \"<Error: Too many levels of nesting to fake this schema>\"\n                    },\n                    \"link\": {\n                      \"value\": \"<Error: Too many levels of nesting to fake this schema>\"\n                    },\n                    \"title\": {\n                      \"value\": \"<Error: Too many levels of nesting to fake this schema>\"\n                    }\n                  }\n                ]\n              }\n            ],\n            \"description\": \"minim nisi ex dolore\",\n            \"link\": [\n              {\n                \"type\": \"velit\",\n                \"uri\": \"eiusmod reprehenderit nostrud qui\"\n              },\n              {\n                \"type\": \"consequat cillum mollit elit laboris\",\n                \"uri\": \"sunt nisi irure velit\"\n              }\n            ],\n            \"title\": \"sed proident culpa dolore\"\n          }\n        ]\n      }\n    ]\n  }\n]","cookie":[],"_postman_previewlanguage":"json"}],"event":[],"protocolProfileBehavior":{"disableBodyPruning":true}}],"event":[]}],"event":[],"variable":[{"type":"string","value":"https://tenants.fiserv.com/","key":"baseUrl"}],"info":{"_postman_id":"ef10cd36-eecc-478b-86cb-f80e7ebf589e","name":"Dev Studio Tenant APIs.","schema":"https://schema.getpostman.com/json/collection/v2.1.0/collection.json","description":{"content":"To onboard properly into the Fiserv Developer Studio askdjsa as a new tenant each product must support these APIs so that we can retrieve product specific API specs files. and documentation.","type":"text/plain"}}}