{"item":[{"id":"93479ac0-cb20-4d69-8fe2-dcf70895d5dd","name":"issuer-actions","description":{"content":"Operations handled outside standard REST flows.","type":"text/plain"},"item":[{"id":"a9fcf528-e300-4f47-acc7-6aeee67f0a34","name":"Vault an account in uCom directly from the Issuer","request":{"name":"Vault an account in uCom directly from the Issuer","description":{"content":"Register a customer account in the uCom vault from the Issuer as the client instead of an omni-channel app.","type":"text/plain"},"url":{"path":["v1","customers",":fdCustomerId","actions"],"host":["{{baseUrl}}"],"query":[],"variable":[{"disabled":false,"type":"any","value":"aliqua qui deserunt proident tempor","key":"fdCustomerId","description":"(Required) Unique identifier for a customer profile registered with uCom"}]},"header":[{"disabled":false,"description":"(Required) An API key is a string value passed by a client app to the API proxies. The key uniquely identifies the client app.","key":"Api-Key","value":"aliqua qui deserunt proident tempor"},{"disabled":false,"description":"(Required) Epoch timestamp in the request initiating system","key":"Timestamp","value":"aliqua qui deserunt proident tempor"},{"disabled":false,"description":"Used to pass the original client OAuth token information given in a client-credentials flow.  This field is only used when the server is making the request and needs to link the transaction to a specific client.  Format- `Bearer {access_token}`","key":"Client-Token","value":"aliqua qui deserunt proident tempor"},{"disabled":false,"description":"(Required) Contains a unique ID generated by the client that can be used for enforcing idempotency on POST actions. POSTs are inherently non-idempotent and submitting the exact same request multiple times would create duplicate resources. Note:- Omitting this header increases the risk of duplicate transactions, which for payments could cost the client issues like double-billing.","key":"Client-Request-Id","value":"aliqua qui deserunt proident tempor"},{"disabled":false,"description":"The Accept-Language header contains information about the language preference of a user. This HTTP header is useful to multilingual sites for deciding the best language to serve to the client. i.e en-US,fr-CA","key":"Accept-Language","value":"aliqua qui deserunt proident tempor"},{"disabled":false,"description":"Sub-Merchant Id contains information about the merchant identifier","key":"Sub-Merchant-Id","value":"aliqua qui deserunt proident tempor"},{"key":"Content-Type","value":"application/json"},{"key":"Accept","value":"application/json"}],"method":"POST","auth":null,"body":{"mode":"raw","raw":"{\n  \"actionType\": \"ACCOUNT-ADD\",\n  \"account\": {\n    \"type\": \"CREDIT\",\n    \"deviceId\": \"537edec8-d33e-4ee8-93a7-b9f61876950c\",\n    \"credit\": {\n      \"cardNumber\": \"4111111111111111\",\n      \"nameOnCard\": \"John Smith\",\n      \"alias\": \"1111\",\n      \"cardType\": \"VISA\",\n      \"securityCode\": \"444\",\n      \"billingAddress\": {\n        \"type\": \"work\",\n        \"streetAddress\": \"100 Universal City Plaza\",\n        \"locality\": \"Hollywood\",\n        \"region\": \"CA\",\n        \"postalCode\": \"91608\",\n        \"country\": \"US\",\n        \"formatted\": \"100 Universal City Plaza\\nHollywood, CA 91608 US\",\n        \"primary\": true\n      },\n      \"expiryDate\": {\n        \"month\": \"09\",\n        \"year\": \"20\",\n        \"singleValue\": \"MMYY\"\n      }\n    }\n  },\n  \"deviceInfo\": {\n    \"id\": \"537edec8-d33e-4ee8-93a7-b9f61876950c\",\n    \"kind\": \"mobile\",\n    \"details\": [\n      {\n        \"provider\": \"InAuth\",\n        \"dataCapture\": {\n          \"rawData\": \"aaaaaXREUVZGRlFY...aMV\",\n          \"dataEventId\": \"BB8E4E92...Fz1E063113\",\n          \"captureTime\": \"2016-04-16T16:06:05Z\"\n        },\n        \"dataStatic\": {\n          \"os\": \"Android 5.1.1 Lollipop\",\n          \"osVersion\": \"5.1.1 Lollipop\",\n          \"model\": \"XT1540\",\n          \"type\": \"Moto G\"\n        },\n        \"dataDynamic\": {\n          \"latitude\": \"13.0827 N\",\n          \"longitude\": \"80.2707 E\",\n          \"ipAddress\": \"172.27.37.221\",\n          \"captureTime\": \"2016-04-16T16:06:05Z\"\n        },\n        \"dataApplication\": {\n          \"version\": \"1.0.0\",\n          \"name\": \"application-name\",\n          \"country\": \"US\"\n        }\n      }\n    ],\n    \"additionalInfo\": [\n      {\n        \"name\": \"amet\",\n        \"value\": \"labore nisi ut\",\n        \"valueAsList\": [\n          \"ipsum quis deserunt\",\n          \"reprehenderit\"\n        ]\n      },\n      {\n        \"name\": \"incididunt\",\n        \"value\": \"Excepteur dolore Duis eiusmod laboris\",\n        \"valueAsList\": [\n          \"reprehenderit\",\n          \"reprehenderit\"\n        ]\n      }\n    ]\n  }\n}","options":{"raw":{"language":"json"}}}},"response":[{"id":"89e4998c-948d-49a3-ab24-233561543b87","name":"OK","originalRequest":{"url":{"path":["v1","customers",":fdCustomerId","actions"],"host":["{{baseUrl}}"],"query":[],"variable":[{"disabled":false,"type":"any","value":"aliqua qui deserunt proident tempor","key":"fdCustomerId","description":"(Required) Unique identifier for a customer profile registered with uCom"}]},"header":[{"disabled":false,"description":"(Required) An API key is a string value passed by a client app to the API proxies. The key uniquely identifies the client app.","key":"Api-Key","value":"aliqua qui deserunt proident tempor"},{"disabled":false,"description":"(Required) Epoch timestamp in the request initiating system","key":"Timestamp","value":"aliqua qui deserunt proident tempor"},{"disabled":false,"description":"(Required) Authorization information for the request. Format- `HMAC {hmacToken}`","key":"Authorization","value":"aliqua qui deserunt proident tempor"},{"disabled":false,"description":"Used to pass the original client OAuth token information given in a client-credentials flow.  This field is only used when the server is making the request and needs to link the transaction to a specific client.  Format- `Bearer {access_token}`","key":"Client-Token","value":"aliqua qui deserunt proident tempor"},{"disabled":false,"description":"(Required) Contains a unique ID generated by the client that can be used for enforcing idempotency on POST actions. POSTs are inherently non-idempotent and submitting the exact same request multiple times would create duplicate resources. Note:- Omitting this header increases the risk of duplicate transactions, which for payments could cost the client issues like double-billing.","key":"Client-Request-Id","value":"aliqua qui deserunt proident tempor"},{"disabled":false,"description":"The Accept-Language header contains information about the language preference of a user. This HTTP header is useful to multilingual sites for deciding the best language to serve to the client. i.e en-US,fr-CA","key":"Accept-Language","value":"aliqua qui deserunt proident tempor"},{"disabled":false,"description":"Sub-Merchant Id contains information about the merchant identifier","key":"Sub-Merchant-Id","value":"aliqua qui deserunt proident tempor"}],"method":"POST","body":{"mode":"raw","raw":"{\n  \"actionType\": \"ACCOUNT-GET\",\n  \"account\": {\n    \"type\": \"CREDIT\",\n    \"deviceId\": \"537edec8-d33e-4ee8-93a7-b9f61876950c\",\n    \"credit\": {\n      \"cardNumber\": \"4111111111111111\",\n      \"nameOnCard\": \"John Smith\",\n      \"alias\": \"1111\",\n      \"cardType\": \"VISA\",\n      \"securityCode\": \"444\",\n      \"billingAddress\": {\n        \"type\": \"work\",\n        \"streetAddress\": \"100 Universal City Plaza\",\n        \"locality\": \"Hollywood\",\n        \"region\": \"CA\",\n        \"postalCode\": \"91608\",\n        \"country\": \"US\",\n        \"formatted\": \"100 Universal City Plaza\\nHollywood, CA 91608 US\",\n        \"primary\": true\n      },\n      \"expiryDate\": {\n        \"month\": \"09\",\n        \"year\": \"20\",\n        \"singleValue\": \"MMYY\"\n      }\n    }\n  },\n  \"deviceInfo\": {\n    \"id\": \"537edec8-d33e-4ee8-93a7-b9f61876950c\",\n    \"kind\": \"mobile\",\n    \"details\": [\n      {\n        \"provider\": \"InAuth\",\n        \"dataCapture\": {\n          \"rawData\": \"aaaaaXREUVZGRlFY...aMV\",\n          \"dataEventId\": \"BB8E4E92...Fz1E063113\",\n          \"captureTime\": \"2016-04-16T16:06:05Z\"\n        },\n        \"dataStatic\": {\n          \"os\": \"Android 5.1.1 Lollipop\",\n          \"osVersion\": \"5.1.1 Lollipop\",\n          \"model\": \"XT1540\",\n          \"type\": \"Moto G\"\n        },\n        \"dataDynamic\": {\n          \"latitude\": \"13.0827 N\",\n          \"longitude\": \"80.2707 E\",\n          \"ipAddress\": \"172.27.37.221\",\n          \"captureTime\": \"2016-04-16T16:06:05Z\"\n        },\n        \"dataApplication\": {\n          \"version\": \"1.0.0\",\n          \"name\": \"application-name\",\n          \"country\": \"US\"\n        }\n      }\n    ],\n    \"additionalInfo\": [\n      {\n        \"name\": \"in anim\",\n        \"value\": \"culpa oc\",\n        \"valueAsList\": [\n          \"cupidatat\",\n          \"irure magna\"\n        ]\n      },\n      {\n        \"name\": \"ullamco cillum in\",\n        \"value\": \"sunt sed Duis officia culpa\",\n        \"valueAsList\": [\n          \"in cupidatat\",\n          \"reprehenderit in\"\n        ]\n      }\n    ]\n  }\n}","options":{"raw":{"language":"json"}}}},"status":"OK","code":200,"header":[{"key":"Content-Type","value":"application/json"}],"body":"{\n  \"type\": \"CREDIT\",\n  \"deviceId\": \"537edec8-d33e-4ee8-93a7-b9f61876950c\",\n  \"credit\": {\n    \"cardNumber\": \"4111111111111111\",\n    \"nameOnCard\": \"John Smith\",\n    \"alias\": \"1111\",\n    \"cardType\": \"VISA\",\n    \"securityCode\": \"444\",\n    \"billingAddress\": {\n      \"type\": \"work\",\n      \"streetAddress\": \"100 Universal City Plaza\",\n      \"locality\": \"Hollywood\",\n      \"region\": \"CA\",\n      \"postalCode\": \"91608\",\n      \"country\": \"US\",\n      \"formatted\": \"100 Universal City Plaza\\nHollywood, CA 91608 US\",\n      \"primary\": true\n    },\n    \"expiryDate\": {\n      \"month\": \"09\",\n      \"year\": \"20\",\n      \"singleValue\": \"MMYY\"\n    }\n  }\n}","cookie":[],"_postman_previewlanguage":"json"},{"id":"2f0da7e6-2cbc-4f38-99d6-0e6172ca2ade","name":"Action created","originalRequest":{"url":{"path":["v1","customers",":fdCustomerId","actions"],"host":["{{baseUrl}}"],"query":[],"variable":[{"disabled":false,"type":"any","value":"aliqua qui deserunt proident tempor","key":"fdCustomerId","description":"(Required) Unique identifier for a customer profile registered with uCom"}]},"header":[{"disabled":false,"description":"(Required) An API key is a string value passed by a client app to the API proxies. The key uniquely identifies the client app.","key":"Api-Key","value":"aliqua qui deserunt proident tempor"},{"disabled":false,"description":"(Required) Epoch timestamp in the request initiating system","key":"Timestamp","value":"aliqua qui deserunt proident tempor"},{"disabled":false,"description":"(Required) Authorization information for the request. Format- `HMAC {hmacToken}`","key":"Authorization","value":"aliqua qui deserunt proident tempor"},{"disabled":false,"description":"Used to pass the original client OAuth token information given in a client-credentials flow.  This field is only used when the server is making the request and needs to link the transaction to a specific client.  Format- `Bearer {access_token}`","key":"Client-Token","value":"aliqua qui deserunt proident tempor"},{"disabled":false,"description":"(Required) Contains a unique ID generated by the client that can be used for enforcing idempotency on POST actions. POSTs are inherently non-idempotent and submitting the exact same request multiple times would create duplicate resources. Note:- Omitting this header increases the risk of duplicate transactions, which for payments could cost the client issues like double-billing.","key":"Client-Request-Id","value":"aliqua qui deserunt proident tempor"},{"disabled":false,"description":"The Accept-Language header contains information about the language preference of a user. This HTTP header is useful to multilingual sites for deciding the best language to serve to the client. i.e en-US,fr-CA","key":"Accept-Language","value":"aliqua qui deserunt proident tempor"},{"disabled":false,"description":"Sub-Merchant Id contains information about the merchant identifier","key":"Sub-Merchant-Id","value":"aliqua qui deserunt proident tempor"}],"method":"POST","body":{"mode":"raw","raw":"{\n  \"actionType\": \"ACCOUNT-GET\",\n  \"account\": {\n    \"type\": \"CREDIT\",\n    \"deviceId\": \"537edec8-d33e-4ee8-93a7-b9f61876950c\",\n    \"credit\": {\n      \"cardNumber\": \"4111111111111111\",\n      \"nameOnCard\": \"John Smith\",\n      \"alias\": \"1111\",\n      \"cardType\": \"VISA\",\n      \"securityCode\": \"444\",\n      \"billingAddress\": {\n        \"type\": \"work\",\n        \"streetAddress\": \"100 Universal City Plaza\",\n        \"locality\": \"Hollywood\",\n        \"region\": \"CA\",\n        \"postalCode\": \"91608\",\n        \"country\": \"US\",\n        \"formatted\": \"100 Universal City Plaza\\nHollywood, CA 91608 US\",\n        \"primary\": true\n      },\n      \"expiryDate\": {\n        \"month\": \"09\",\n        \"year\": \"20\",\n        \"singleValue\": \"MMYY\"\n      }\n    }\n  },\n  \"deviceInfo\": {\n    \"id\": \"537edec8-d33e-4ee8-93a7-b9f61876950c\",\n    \"kind\": \"mobile\",\n    \"details\": [\n      {\n        \"provider\": \"InAuth\",\n        \"dataCapture\": {\n          \"rawData\": \"aaaaaXREUVZGRlFY...aMV\",\n          \"dataEventId\": \"BB8E4E92...Fz1E063113\",\n          \"captureTime\": \"2016-04-16T16:06:05Z\"\n        },\n        \"dataStatic\": {\n          \"os\": \"Android 5.1.1 Lollipop\",\n          \"osVersion\": \"5.1.1 Lollipop\",\n          \"model\": \"XT1540\",\n          \"type\": \"Moto G\"\n        },\n        \"dataDynamic\": {\n          \"latitude\": \"13.0827 N\",\n          \"longitude\": \"80.2707 E\",\n          \"ipAddress\": \"172.27.37.221\",\n          \"captureTime\": \"2016-04-16T16:06:05Z\"\n        },\n        \"dataApplication\": {\n          \"version\": \"1.0.0\",\n          \"name\": \"application-name\",\n          \"country\": \"US\"\n        }\n      }\n    ],\n    \"additionalInfo\": [\n      {\n        \"name\": \"in anim\",\n        \"value\": \"culpa oc\",\n        \"valueAsList\": [\n          \"cupidatat\",\n          \"irure magna\"\n        ]\n      },\n      {\n        \"name\": \"ullamco cillum in\",\n        \"value\": \"sunt sed Duis officia culpa\",\n        \"valueAsList\": [\n          \"in cupidatat\",\n          \"reprehenderit in\"\n        ]\n      }\n    ]\n  }\n}","options":{"raw":{"language":"json"}}}},"status":"Created","code":201,"header":[{"disabled":false,"description":"Location of newly created resource.","key":"Location","value":"aliqua qui deserunt proident tempor"},{"key":"Content-Type","value":"application/json"}],"body":"{\n  \"actionType\": \"VERIFICATION-SEND\",\n  \"account\": {\n    \"type\": \"CREDIT\",\n    \"deviceId\": \"537edec8-d33e-4ee8-93a7-b9f61876950c\",\n    \"credit\": {\n      \"cardNumber\": \"4111111111111111\",\n      \"nameOnCard\": \"John Smith\",\n      \"alias\": \"1111\",\n      \"cardType\": \"VISA\",\n      \"securityCode\": \"444\",\n      \"billingAddress\": {\n        \"type\": \"work\",\n        \"streetAddress\": \"100 Universal City Plaza\",\n        \"locality\": \"Hollywood\",\n        \"region\": \"CA\",\n        \"postalCode\": \"91608\",\n        \"country\": \"US\",\n        \"formatted\": \"100 Universal City Plaza\\nHollywood, CA 91608 US\",\n        \"primary\": true\n      },\n      \"expiryDate\": {\n        \"month\": \"09\",\n        \"year\": \"20\",\n        \"singleValue\": \"MMYY\"\n      }\n    }\n  },\n  \"deviceInfo\": {\n    \"id\": \"537edec8-d33e-4ee8-93a7-b9f61876950c\",\n    \"kind\": \"mobile\",\n    \"details\": [\n      {\n        \"provider\": \"InAuth\",\n        \"dataCapture\": {\n          \"rawData\": \"aaaaaXREUVZGRlFY...aMV\",\n          \"dataEventId\": \"BB8E4E92...Fz1E063113\",\n          \"captureTime\": \"2016-04-16T16:06:05Z\"\n        },\n        \"dataStatic\": {\n          \"os\": \"Android 5.1.1 Lollipop\",\n          \"osVersion\": \"5.1.1 Lollipop\",\n          \"model\": \"XT1540\",\n          \"type\": \"Moto G\"\n        },\n        \"dataDynamic\": {\n          \"latitude\": \"13.0827 N\",\n          \"longitude\": \"80.2707 E\",\n          \"ipAddress\": \"172.27.37.221\",\n          \"captureTime\": \"2016-04-16T16:06:05Z\"\n        },\n        \"dataApplication\": {\n          \"version\": \"1.0.0\",\n          \"name\": \"application-name\",\n          \"country\": \"US\"\n        }\n      }\n    ],\n    \"additionalInfo\": [\n      {\n        \"name\": \"veniam non\",\n        \"value\": \"in ullamco sed anim in\",\n        \"valueAsList\": [\n          \"esse voluptate ut dolore\",\n          \"culpa proident amet dolor non\"\n        ]\n      },\n      {\n        \"name\": \"officia q\",\n        \"value\": \"incididunt eu\",\n        \"valueAsList\": [\n          \"incididunt minim Ut ea\",\n          \"eiusmod mollit aliqua dolor\"\n        ]\n      }\n    ]\n  }\n}","cookie":[],"_postman_previewlanguage":"json"},{"id":"03416e0f-9839-42cd-93fa-3907668c5a1a","name":"The request succeeded but there�s really nothing to show.","originalRequest":{"url":{"path":["v1","customers",":fdCustomerId","actions"],"host":["{{baseUrl}}"],"query":[],"variable":[{"disabled":false,"type":"any","value":"aliqua qui deserunt proident tempor","key":"fdCustomerId","description":"(Required) Unique identifier for a customer profile registered with uCom"}]},"header":[{"disabled":false,"description":"(Required) An API key is a string value passed by a client app to the API proxies. The key uniquely identifies the client app.","key":"Api-Key","value":"aliqua qui deserunt proident tempor"},{"disabled":false,"description":"(Required) Epoch timestamp in the request initiating system","key":"Timestamp","value":"aliqua qui deserunt proident tempor"},{"disabled":false,"description":"(Required) Authorization information for the request. Format- `HMAC {hmacToken}`","key":"Authorization","value":"aliqua qui deserunt proident tempor"},{"disabled":false,"description":"Used to pass the original client OAuth token information given in a client-credentials flow.  This field is only used when the server is making the request and needs to link the transaction to a specific client.  Format- `Bearer {access_token}`","key":"Client-Token","value":"aliqua qui deserunt proident tempor"},{"disabled":false,"description":"(Required) Contains a unique ID generated by the client that can be used for enforcing idempotency on POST actions. POSTs are inherently non-idempotent and submitting the exact same request multiple times would create duplicate resources. Note:- Omitting this header increases the risk of duplicate transactions, which for payments could cost the client issues like double-billing.","key":"Client-Request-Id","value":"aliqua qui deserunt proident tempor"},{"disabled":false,"description":"The Accept-Language header contains information about the language preference of a user. This HTTP header is useful to multilingual sites for deciding the best language to serve to the client. i.e en-US,fr-CA","key":"Accept-Language","value":"aliqua qui deserunt proident tempor"},{"disabled":false,"description":"Sub-Merchant Id contains information about the merchant identifier","key":"Sub-Merchant-Id","value":"aliqua qui deserunt proident tempor"}],"method":"POST","body":{"mode":"raw","raw":"{\n  \"actionType\": \"ACCOUNT-GET\",\n  \"account\": {\n    \"type\": \"CREDIT\",\n    \"deviceId\": \"537edec8-d33e-4ee8-93a7-b9f61876950c\",\n    \"credit\": {\n      \"cardNumber\": \"4111111111111111\",\n      \"nameOnCard\": \"John Smith\",\n      \"alias\": \"1111\",\n      \"cardType\": \"VISA\",\n      \"securityCode\": \"444\",\n      \"billingAddress\": {\n        \"type\": \"work\",\n        \"streetAddress\": \"100 Universal City Plaza\",\n        \"locality\": \"Hollywood\",\n        \"region\": \"CA\",\n        \"postalCode\": \"91608\",\n        \"country\": \"US\",\n        \"formatted\": \"100 Universal City Plaza\\nHollywood, CA 91608 US\",\n        \"primary\": true\n      },\n      \"expiryDate\": {\n        \"month\": \"09\",\n        \"year\": \"20\",\n        \"singleValue\": \"MMYY\"\n      }\n    }\n  },\n  \"deviceInfo\": {\n    \"id\": \"537edec8-d33e-4ee8-93a7-b9f61876950c\",\n    \"kind\": \"mobile\",\n    \"details\": [\n      {\n        \"provider\": \"InAuth\",\n        \"dataCapture\": {\n          \"rawData\": \"aaaaaXREUVZGRlFY...aMV\",\n          \"dataEventId\": \"BB8E4E92...Fz1E063113\",\n          \"captureTime\": \"2016-04-16T16:06:05Z\"\n        },\n        \"dataStatic\": {\n          \"os\": \"Android 5.1.1 Lollipop\",\n          \"osVersion\": \"5.1.1 Lollipop\",\n          \"model\": \"XT1540\",\n          \"type\": \"Moto G\"\n        },\n        \"dataDynamic\": {\n          \"latitude\": \"13.0827 N\",\n          \"longitude\": \"80.2707 E\",\n          \"ipAddress\": \"172.27.37.221\",\n          \"captureTime\": \"2016-04-16T16:06:05Z\"\n        },\n        \"dataApplication\": {\n          \"version\": \"1.0.0\",\n          \"name\": \"application-name\",\n          \"country\": \"US\"\n        }\n      }\n    ],\n    \"additionalInfo\": [\n      {\n        \"name\": \"in anim\",\n        \"value\": \"culpa oc\",\n        \"valueAsList\": [\n          \"cupidatat\",\n          \"irure magna\"\n        ]\n      },\n      {\n        \"name\": \"ullamco cillum in\",\n        \"value\": \"sunt sed Duis officia culpa\",\n        \"valueAsList\": [\n          \"in cupidatat\",\n          \"reprehenderit in\"\n        ]\n      }\n    ]\n  }\n}","options":{"raw":{"language":"json"}}}},"status":"No Content","code":204,"header":[{"key":"Content-Type","value":"text/plain"}],"body":"","cookie":[],"_postman_previewlanguage":"text"},{"id":"475c99b8-d177-4791-b254-c09af9ae8c39","name":"Bad request","originalRequest":{"url":{"path":["v1","customers",":fdCustomerId","actions"],"host":["{{baseUrl}}"],"query":[],"variable":[{"disabled":false,"type":"any","value":"aliqua qui deserunt proident tempor","key":"fdCustomerId","description":"(Required) Unique identifier for a customer profile registered with uCom"}]},"header":[{"disabled":false,"description":"(Required) An API key is a string value passed by a client app to the API proxies. The key uniquely identifies the client app.","key":"Api-Key","value":"aliqua qui deserunt proident tempor"},{"disabled":false,"description":"(Required) Epoch timestamp in the request initiating system","key":"Timestamp","value":"aliqua qui deserunt proident tempor"},{"disabled":false,"description":"(Required) Authorization information for the request. Format- `HMAC {hmacToken}`","key":"Authorization","value":"aliqua qui deserunt proident tempor"},{"disabled":false,"description":"Used to pass the original client OAuth token information given in a client-credentials flow.  This field is only used when the server is making the request and needs to link the transaction to a specific client.  Format- `Bearer {access_token}`","key":"Client-Token","value":"aliqua qui deserunt proident tempor"},{"disabled":false,"description":"(Required) Contains a unique ID generated by the client that can be used for enforcing idempotency on POST actions. POSTs are inherently non-idempotent and submitting the exact same request multiple times would create duplicate resources. Note:- Omitting this header increases the risk of duplicate transactions, which for payments could cost the client issues like double-billing.","key":"Client-Request-Id","value":"aliqua qui deserunt proident tempor"},{"disabled":false,"description":"The Accept-Language header contains information about the language preference of a user. This HTTP header is useful to multilingual sites for deciding the best language to serve to the client. i.e en-US,fr-CA","key":"Accept-Language","value":"aliqua qui deserunt proident tempor"},{"disabled":false,"description":"Sub-Merchant Id contains information about the merchant identifier","key":"Sub-Merchant-Id","value":"aliqua qui deserunt proident tempor"}],"method":"POST","body":{"mode":"raw","raw":"{\n  \"actionType\": \"ACCOUNT-GET\",\n  \"account\": {\n    \"type\": \"CREDIT\",\n    \"deviceId\": \"537edec8-d33e-4ee8-93a7-b9f61876950c\",\n    \"credit\": {\n      \"cardNumber\": \"4111111111111111\",\n      \"nameOnCard\": \"John Smith\",\n      \"alias\": \"1111\",\n      \"cardType\": \"VISA\",\n      \"securityCode\": \"444\",\n      \"billingAddress\": {\n        \"type\": \"work\",\n        \"streetAddress\": \"100 Universal City Plaza\",\n        \"locality\": \"Hollywood\",\n        \"region\": \"CA\",\n        \"postalCode\": \"91608\",\n        \"country\": \"US\",\n        \"formatted\": \"100 Universal City Plaza\\nHollywood, CA 91608 US\",\n        \"primary\": true\n      },\n      \"expiryDate\": {\n        \"month\": \"09\",\n        \"year\": \"20\",\n        \"singleValue\": \"MMYY\"\n      }\n    }\n  },\n  \"deviceInfo\": {\n    \"id\": \"537edec8-d33e-4ee8-93a7-b9f61876950c\",\n    \"kind\": \"mobile\",\n    \"details\": [\n      {\n        \"provider\": \"InAuth\",\n        \"dataCapture\": {\n          \"rawData\": \"aaaaaXREUVZGRlFY...aMV\",\n          \"dataEventId\": \"BB8E4E92...Fz1E063113\",\n          \"captureTime\": \"2016-04-16T16:06:05Z\"\n        },\n        \"dataStatic\": {\n          \"os\": \"Android 5.1.1 Lollipop\",\n          \"osVersion\": \"5.1.1 Lollipop\",\n          \"model\": \"XT1540\",\n          \"type\": \"Moto G\"\n        },\n        \"dataDynamic\": {\n          \"latitude\": \"13.0827 N\",\n          \"longitude\": \"80.2707 E\",\n          \"ipAddress\": \"172.27.37.221\",\n          \"captureTime\": \"2016-04-16T16:06:05Z\"\n        },\n        \"dataApplication\": {\n          \"version\": \"1.0.0\",\n          \"name\": \"application-name\",\n          \"country\": \"US\"\n        }\n      }\n    ],\n    \"additionalInfo\": [\n      {\n        \"name\": \"in anim\",\n        \"value\": \"culpa oc\",\n        \"valueAsList\": [\n          \"cupidatat\",\n          \"irure magna\"\n        ]\n      },\n      {\n        \"name\": \"ullamco cillum in\",\n        \"value\": \"sunt sed Duis officia culpa\",\n        \"valueAsList\": [\n          \"in cupidatat\",\n          \"reprehenderit in\"\n        ]\n      }\n    ]\n  }\n}","options":{"raw":{"language":"json"}}}},"status":"Bad Request","code":400,"header":[{"key":"Content-Type","value":"application/json"}],"body":"{\n  \"code\": \"40000\",\n  \"message\": \"Example Error\",\n  \"category\": \"example\",\n  \"developerInfo\": {\n    \"developerMessage\": \"Invalid Message format in request payload\",\n    \"moreInfo\": \"https://www.example.com/errors/40000\",\n    \"fieldError\": [\n      {\n        \"field\": \"example id\",\n        \"message\": \"exampleId is mandatory\"\n      }\n    ]\n  }\n}","cookie":[],"_postman_previewlanguage":"json"},{"id":"c5d5b19d-2336-4b34-b76a-fe72fb0f3cc8","name":"Unauthorized","originalRequest":{"url":{"path":["v1","customers",":fdCustomerId","actions"],"host":["{{baseUrl}}"],"query":[],"variable":[{"disabled":false,"type":"any","value":"aliqua qui deserunt proident tempor","key":"fdCustomerId","description":"(Required) Unique identifier for a customer profile registered with uCom"}]},"header":[{"disabled":false,"description":"(Required) An API key is a string value passed by a client app to the API proxies. The key uniquely identifies the client app.","key":"Api-Key","value":"aliqua qui deserunt proident tempor"},{"disabled":false,"description":"(Required) Epoch timestamp in the request initiating system","key":"Timestamp","value":"aliqua qui deserunt proident tempor"},{"disabled":false,"description":"(Required) Authorization information for the request. Format- `HMAC {hmacToken}`","key":"Authorization","value":"aliqua qui deserunt proident tempor"},{"disabled":false,"description":"Used to pass the original client OAuth token information given in a client-credentials flow.  This field is only used when the server is making the request and needs to link the transaction to a specific client.  Format- `Bearer {access_token}`","key":"Client-Token","value":"aliqua qui deserunt proident tempor"},{"disabled":false,"description":"(Required) Contains a unique ID generated by the client that can be used for enforcing idempotency on POST actions. POSTs are inherently non-idempotent and submitting the exact same request multiple times would create duplicate resources. Note:- Omitting this header increases the risk of duplicate transactions, which for payments could cost the client issues like double-billing.","key":"Client-Request-Id","value":"aliqua qui deserunt proident tempor"},{"disabled":false,"description":"The Accept-Language header contains information about the language preference of a user. This HTTP header is useful to multilingual sites for deciding the best language to serve to the client. i.e en-US,fr-CA","key":"Accept-Language","value":"aliqua qui deserunt proident tempor"},{"disabled":false,"description":"Sub-Merchant Id contains information about the merchant identifier","key":"Sub-Merchant-Id","value":"aliqua qui deserunt proident tempor"}],"method":"POST","body":{"mode":"raw","raw":"{\n  \"actionType\": \"ACCOUNT-GET\",\n  \"account\": {\n    \"type\": \"CREDIT\",\n    \"deviceId\": \"537edec8-d33e-4ee8-93a7-b9f61876950c\",\n    \"credit\": {\n      \"cardNumber\": \"4111111111111111\",\n      \"nameOnCard\": \"John Smith\",\n      \"alias\": \"1111\",\n      \"cardType\": \"VISA\",\n      \"securityCode\": \"444\",\n      \"billingAddress\": {\n        \"type\": \"work\",\n        \"streetAddress\": \"100 Universal City Plaza\",\n        \"locality\": \"Hollywood\",\n        \"region\": \"CA\",\n        \"postalCode\": \"91608\",\n        \"country\": \"US\",\n        \"formatted\": \"100 Universal City Plaza\\nHollywood, CA 91608 US\",\n        \"primary\": true\n      },\n      \"expiryDate\": {\n        \"month\": \"09\",\n        \"year\": \"20\",\n        \"singleValue\": \"MMYY\"\n      }\n    }\n  },\n  \"deviceInfo\": {\n    \"id\": \"537edec8-d33e-4ee8-93a7-b9f61876950c\",\n    \"kind\": \"mobile\",\n    \"details\": [\n      {\n        \"provider\": \"InAuth\",\n        \"dataCapture\": {\n          \"rawData\": \"aaaaaXREUVZGRlFY...aMV\",\n          \"dataEventId\": \"BB8E4E92...Fz1E063113\",\n          \"captureTime\": \"2016-04-16T16:06:05Z\"\n        },\n        \"dataStatic\": {\n          \"os\": \"Android 5.1.1 Lollipop\",\n          \"osVersion\": \"5.1.1 Lollipop\",\n          \"model\": \"XT1540\",\n          \"type\": \"Moto G\"\n        },\n        \"dataDynamic\": {\n          \"latitude\": \"13.0827 N\",\n          \"longitude\": \"80.2707 E\",\n          \"ipAddress\": \"172.27.37.221\",\n          \"captureTime\": \"2016-04-16T16:06:05Z\"\n        },\n        \"dataApplication\": {\n          \"version\": \"1.0.0\",\n          \"name\": \"application-name\",\n          \"country\": \"US\"\n        }\n      }\n    ],\n    \"additionalInfo\": [\n      {\n        \"name\": \"in anim\",\n        \"value\": \"culpa oc\",\n        \"valueAsList\": [\n          \"cupidatat\",\n          \"irure magna\"\n        ]\n      },\n      {\n        \"name\": \"ullamco cillum in\",\n        \"value\": \"sunt sed Duis officia culpa\",\n        \"valueAsList\": [\n          \"in cupidatat\",\n          \"reprehenderit in\"\n        ]\n      }\n    ]\n  }\n}","options":{"raw":{"language":"json"}}}},"status":"Unauthorized","code":401,"header":[{"key":"Content-Type","value":"text/plain"}],"body":"","cookie":[],"_postman_previewlanguage":"text"},{"id":"113e03f3-c027-4e0c-b296-399f2a005cce","name":"Conflict - The requested operation conflicts with the current state of the identified resource.","originalRequest":{"url":{"path":["v1","customers",":fdCustomerId","actions"],"host":["{{baseUrl}}"],"query":[],"variable":[{"disabled":false,"type":"any","value":"aliqua qui deserunt proident tempor","key":"fdCustomerId","description":"(Required) Unique identifier for a customer profile registered with uCom"}]},"header":[{"disabled":false,"description":"(Required) An API key is a string value passed by a client app to the API proxies. The key uniquely identifies the client app.","key":"Api-Key","value":"aliqua qui deserunt proident tempor"},{"disabled":false,"description":"(Required) Epoch timestamp in the request initiating system","key":"Timestamp","value":"aliqua qui deserunt proident tempor"},{"disabled":false,"description":"(Required) Authorization information for the request. Format- `HMAC {hmacToken}`","key":"Authorization","value":"aliqua qui deserunt proident tempor"},{"disabled":false,"description":"Used to pass the original client OAuth token information given in a client-credentials flow.  This field is only used when the server is making the request and needs to link the transaction to a specific client.  Format- `Bearer {access_token}`","key":"Client-Token","value":"aliqua qui deserunt proident tempor"},{"disabled":false,"description":"(Required) Contains a unique ID generated by the client that can be used for enforcing idempotency on POST actions. POSTs are inherently non-idempotent and submitting the exact same request multiple times would create duplicate resources. Note:- Omitting this header increases the risk of duplicate transactions, which for payments could cost the client issues like double-billing.","key":"Client-Request-Id","value":"aliqua qui deserunt proident tempor"},{"disabled":false,"description":"The Accept-Language header contains information about the language preference of a user. This HTTP header is useful to multilingual sites for deciding the best language to serve to the client. i.e en-US,fr-CA","key":"Accept-Language","value":"aliqua qui deserunt proident tempor"},{"disabled":false,"description":"Sub-Merchant Id contains information about the merchant identifier","key":"Sub-Merchant-Id","value":"aliqua qui deserunt proident tempor"}],"method":"POST","body":{"mode":"raw","raw":"{\n  \"actionType\": \"ACCOUNT-GET\",\n  \"account\": {\n    \"type\": \"CREDIT\",\n    \"deviceId\": \"537edec8-d33e-4ee8-93a7-b9f61876950c\",\n    \"credit\": {\n      \"cardNumber\": \"4111111111111111\",\n      \"nameOnCard\": \"John Smith\",\n      \"alias\": \"1111\",\n      \"cardType\": \"VISA\",\n      \"securityCode\": \"444\",\n      \"billingAddress\": {\n        \"type\": \"work\",\n        \"streetAddress\": \"100 Universal City Plaza\",\n        \"locality\": \"Hollywood\",\n        \"region\": \"CA\",\n        \"postalCode\": \"91608\",\n        \"country\": \"US\",\n        \"formatted\": \"100 Universal City Plaza\\nHollywood, CA 91608 US\",\n        \"primary\": true\n      },\n      \"expiryDate\": {\n        \"month\": \"09\",\n        \"year\": \"20\",\n        \"singleValue\": \"MMYY\"\n      }\n    }\n  },\n  \"deviceInfo\": {\n    \"id\": \"537edec8-d33e-4ee8-93a7-b9f61876950c\",\n    \"kind\": \"mobile\",\n    \"details\": [\n      {\n        \"provider\": \"InAuth\",\n        \"dataCapture\": {\n          \"rawData\": \"aaaaaXREUVZGRlFY...aMV\",\n          \"dataEventId\": \"BB8E4E92...Fz1E063113\",\n          \"captureTime\": \"2016-04-16T16:06:05Z\"\n        },\n        \"dataStatic\": {\n          \"os\": \"Android 5.1.1 Lollipop\",\n          \"osVersion\": \"5.1.1 Lollipop\",\n          \"model\": \"XT1540\",\n          \"type\": \"Moto G\"\n        },\n        \"dataDynamic\": {\n          \"latitude\": \"13.0827 N\",\n          \"longitude\": \"80.2707 E\",\n          \"ipAddress\": \"172.27.37.221\",\n          \"captureTime\": \"2016-04-16T16:06:05Z\"\n        },\n        \"dataApplication\": {\n          \"version\": \"1.0.0\",\n          \"name\": \"application-name\",\n          \"country\": \"US\"\n        }\n      }\n    ],\n    \"additionalInfo\": [\n      {\n        \"name\": \"in anim\",\n        \"value\": \"culpa oc\",\n        \"valueAsList\": [\n          \"cupidatat\",\n          \"irure magna\"\n        ]\n      },\n      {\n        \"name\": \"ullamco cillum in\",\n        \"value\": \"sunt sed Duis officia culpa\",\n        \"valueAsList\": [\n          \"in cupidatat\",\n          \"reprehenderit in\"\n        ]\n      }\n    ]\n  }\n}","options":{"raw":{"language":"json"}}}},"status":"Conflict","code":409,"header":[{"key":"Content-Type","value":"application/json"}],"body":"{\n  \"code\": \"qui laborum velit voluptate\",\n  \"message\": \"cillum consectetur enim Excepteur\",\n  \"category\": \"pariatur id\",\n  \"developerInfo\": {\n    \"developerMessage\": \"fugiat ipsum aliquip cupidatat\",\n    \"moreInfo\": \"pa\",\n    \"fieldError\": [\n      {\n        \"field\": \"nisi in minim officia\",\n        \"message\": \"commodo ad aliqui\"\n      },\n      {\n        \"field\": \"fugiat ex dolor\",\n        \"message\": \"minim mollit\"\n      }\n    ]\n  },\n  \"hostExtraInfo\": [\n    {\n      \"name\": \"culpa Duis\",\n      \"value\": \"incididunt pariatur\",\n      \"valueAsList\": [\n        \"in occaecat enim nisi\",\n        \"cupidatat dolore Excepteur\"\n      ]\n    },\n    {\n      \"name\": \"ipsum nostrud tempor commodo\",\n      \"value\": \"nulla\",\n      \"valueAsList\": [\n        \"magna consequat ea fugiat\",\n        \"ut eu Excepteu\"\n      ]\n    }\n  ],\n  \"threeDSecureInfo\": {\n    \"transactionId\": \"292bb6b886fc4446894f878b7e32bd5e\",\n    \"transactionStatus\": \"C\",\n    \"transactionStatusReason\": \"nulla irure\",\n    \"challengeResponse\": \"ewogIC\",\n    \"challengeIndicator\": \"01 = No preference 02 = No challenge requested 03 = Challenge requested: 3DS Requestor Preference 04 = Challenge requested: Mandate\",\n    \"dsTransactionId\": \"292bb6b886fc4446894f878b7e32bd5e\",\n    \"acsTransactionId\": \"292bb6b886fc4446894f878b7e32bd5e\",\n    \"serverTransactionId\": \"292bb6b886fc4446894f878b7e32bd5e\",\n    \"acsReferenceNumber\": \"292bb6b886fc4446894f878b7e32bd5e\",\n    \"acsSignedContent\": \"292bb6b88....6fc4446894f878b7e32bd5e\",\n    \"cardType\": \"AMEX\",\n    \"challengeRequest\": \"ewogICAiYW.......MjJjMGVjIgp9\",\n    \"acsUrl\": \"https://test.modirum.com/dstests/ACSEmu2\",\n    \"iframeContent\": \"<iframe></iframe>\",\n    \"termUrl\": \"https://mydomain/3dstest?transactionId=292bb6b886fc4446894f878b7e32bd5e\",\n    \"isThreeDSMethodCompleted\": true,\n    \"isAuthenticationCompleted\": true,\n    \"cavv\": \"deserunt eu\",\n    \"threeDSVersion\": \"commodo culpa\",\n    \"expiryDateTime\": \"2020-01-01T16:06:05Z\",\n    \"eci\": \"laboris proident id minim\"\n  },\n  \"_links\": [\n    {\n      \"href\": \"https://uHLOFSzJjwPRGXEd.eqpaXN+CO7zqkaiOkvNbgKrlH5kc4UdS-\",\n      \"rel\": \"self\",\n      \"method\": \"GET\",\n      \"id\": \"415e5cf6bfdb11e8a355529269fb1459\"\n    },\n    {\n      \"href\": \"https://D.fnaWAkq-FppQKTgmNXYMfyaaY3dF14YQmo2wNxY5hMp0UD1jRHP5is,G7h6K-jNjQv-W\",\n      \"rel\": \"self\",\n      \"method\": \"GET\",\n      \"id\": \"415e5cf6bfdb11e8a355529269fb1459\"\n    }\n  ]\n}","cookie":[],"_postman_previewlanguage":"json"},{"id":"6439a3b9-7c1a-47d9-a12c-294d410b52c4","name":"An unexpected server error occurred.","originalRequest":{"url":{"path":["v1","customers",":fdCustomerId","actions"],"host":["{{baseUrl}}"],"query":[],"variable":[{"disabled":false,"type":"any","value":"aliqua qui deserunt proident tempor","key":"fdCustomerId","description":"(Required) Unique identifier for a customer profile registered with uCom"}]},"header":[{"disabled":false,"description":"(Required) An API key is a string value passed by a client app to the API proxies. The key uniquely identifies the client app.","key":"Api-Key","value":"aliqua qui deserunt proident tempor"},{"disabled":false,"description":"(Required) Epoch timestamp in the request initiating system","key":"Timestamp","value":"aliqua qui deserunt proident tempor"},{"disabled":false,"description":"(Required) Authorization information for the request. Format- `HMAC {hmacToken}`","key":"Authorization","value":"aliqua qui deserunt proident tempor"},{"disabled":false,"description":"Used to pass the original client OAuth token information given in a client-credentials flow.  This field is only used when the server is making the request and needs to link the transaction to a specific client.  Format- `Bearer {access_token}`","key":"Client-Token","value":"aliqua qui deserunt proident tempor"},{"disabled":false,"description":"(Required) Contains a unique ID generated by the client that can be used for enforcing idempotency on POST actions. POSTs are inherently non-idempotent and submitting the exact same request multiple times would create duplicate resources. Note:- Omitting this header increases the risk of duplicate transactions, which for payments could cost the client issues like double-billing.","key":"Client-Request-Id","value":"aliqua qui deserunt proident tempor"},{"disabled":false,"description":"The Accept-Language header contains information about the language preference of a user. This HTTP header is useful to multilingual sites for deciding the best language to serve to the client. i.e en-US,fr-CA","key":"Accept-Language","value":"aliqua qui deserunt proident tempor"},{"disabled":false,"description":"Sub-Merchant Id contains information about the merchant identifier","key":"Sub-Merchant-Id","value":"aliqua qui deserunt proident tempor"}],"method":"POST","body":{"mode":"raw","raw":"{\n  \"actionType\": \"ACCOUNT-GET\",\n  \"account\": {\n    \"type\": \"CREDIT\",\n    \"deviceId\": \"537edec8-d33e-4ee8-93a7-b9f61876950c\",\n    \"credit\": {\n      \"cardNumber\": \"4111111111111111\",\n      \"nameOnCard\": \"John Smith\",\n      \"alias\": \"1111\",\n      \"cardType\": \"VISA\",\n      \"securityCode\": \"444\",\n      \"billingAddress\": {\n        \"type\": \"work\",\n        \"streetAddress\": \"100 Universal City Plaza\",\n        \"locality\": \"Hollywood\",\n        \"region\": \"CA\",\n        \"postalCode\": \"91608\",\n        \"country\": \"US\",\n        \"formatted\": \"100 Universal City Plaza\\nHollywood, CA 91608 US\",\n        \"primary\": true\n      },\n      \"expiryDate\": {\n        \"month\": \"09\",\n        \"year\": \"20\",\n        \"singleValue\": \"MMYY\"\n      }\n    }\n  },\n  \"deviceInfo\": {\n    \"id\": \"537edec8-d33e-4ee8-93a7-b9f61876950c\",\n    \"kind\": \"mobile\",\n    \"details\": [\n      {\n        \"provider\": \"InAuth\",\n        \"dataCapture\": {\n          \"rawData\": \"aaaaaXREUVZGRlFY...aMV\",\n          \"dataEventId\": \"BB8E4E92...Fz1E063113\",\n          \"captureTime\": \"2016-04-16T16:06:05Z\"\n        },\n        \"dataStatic\": {\n          \"os\": \"Android 5.1.1 Lollipop\",\n          \"osVersion\": \"5.1.1 Lollipop\",\n          \"model\": \"XT1540\",\n          \"type\": \"Moto G\"\n        },\n        \"dataDynamic\": {\n          \"latitude\": \"13.0827 N\",\n          \"longitude\": \"80.2707 E\",\n          \"ipAddress\": \"172.27.37.221\",\n          \"captureTime\": \"2016-04-16T16:06:05Z\"\n        },\n        \"dataApplication\": {\n          \"version\": \"1.0.0\",\n          \"name\": \"application-name\",\n          \"country\": \"US\"\n        }\n      }\n    ],\n    \"additionalInfo\": [\n      {\n        \"name\": \"in anim\",\n        \"value\": \"culpa oc\",\n        \"valueAsList\": [\n          \"cupidatat\",\n          \"irure magna\"\n        ]\n      },\n      {\n        \"name\": \"ullamco cillum in\",\n        \"value\": \"sunt sed Duis officia culpa\",\n        \"valueAsList\": [\n          \"in cupidatat\",\n          \"reprehenderit in\"\n        ]\n      }\n    ]\n  }\n}","options":{"raw":{"language":"json"}}}},"status":"Internal Server Error","code":500,"header":[{"key":"Content-Type","value":"application/json"}],"body":"{\n  \"code\": \"qui laborum velit voluptate\",\n  \"message\": \"cillum consectetur enim Excepteur\",\n  \"category\": \"pariatur id\",\n  \"developerInfo\": {\n    \"developerMessage\": \"fugiat ipsum aliquip cupidatat\",\n    \"moreInfo\": \"pa\",\n    \"fieldError\": [\n      {\n        \"field\": \"nisi in minim officia\",\n        \"message\": \"commodo ad aliqui\"\n      },\n      {\n        \"field\": \"fugiat ex dolor\",\n        \"message\": \"minim mollit\"\n      }\n    ]\n  },\n  \"hostExtraInfo\": [\n    {\n      \"name\": \"culpa Duis\",\n      \"value\": \"incididunt pariatur\",\n      \"valueAsList\": [\n        \"in occaecat enim nisi\",\n        \"cupidatat dolore Excepteur\"\n      ]\n    },\n    {\n      \"name\": \"ipsum nostrud tempor commodo\",\n      \"value\": \"nulla\",\n      \"valueAsList\": [\n        \"magna consequat ea fugiat\",\n        \"ut eu Excepteu\"\n      ]\n    }\n  ],\n  \"threeDSecureInfo\": {\n    \"transactionId\": \"292bb6b886fc4446894f878b7e32bd5e\",\n    \"transactionStatus\": \"C\",\n    \"transactionStatusReason\": \"nulla irure\",\n    \"challengeResponse\": \"ewogIC\",\n    \"challengeIndicator\": \"01 = No preference 02 = No challenge requested 03 = Challenge requested: 3DS Requestor Preference 04 = Challenge requested: Mandate\",\n    \"dsTransactionId\": \"292bb6b886fc4446894f878b7e32bd5e\",\n    \"acsTransactionId\": \"292bb6b886fc4446894f878b7e32bd5e\",\n    \"serverTransactionId\": \"292bb6b886fc4446894f878b7e32bd5e\",\n    \"acsReferenceNumber\": \"292bb6b886fc4446894f878b7e32bd5e\",\n    \"acsSignedContent\": \"292bb6b88....6fc4446894f878b7e32bd5e\",\n    \"cardType\": \"AMEX\",\n    \"challengeRequest\": \"ewogICAiYW.......MjJjMGVjIgp9\",\n    \"acsUrl\": \"https://test.modirum.com/dstests/ACSEmu2\",\n    \"iframeContent\": \"<iframe></iframe>\",\n    \"termUrl\": \"https://mydomain/3dstest?transactionId=292bb6b886fc4446894f878b7e32bd5e\",\n    \"isThreeDSMethodCompleted\": true,\n    \"isAuthenticationCompleted\": true,\n    \"cavv\": \"deserunt eu\",\n    \"threeDSVersion\": \"commodo culpa\",\n    \"expiryDateTime\": \"2020-01-01T16:06:05Z\",\n    \"eci\": \"laboris proident id minim\"\n  },\n  \"_links\": [\n    {\n      \"href\": \"https://uHLOFSzJjwPRGXEd.eqpaXN+CO7zqkaiOkvNbgKrlH5kc4UdS-\",\n      \"rel\": \"self\",\n      \"method\": \"GET\",\n      \"id\": \"415e5cf6bfdb11e8a355529269fb1459\"\n    },\n    {\n      \"href\": \"https://D.fnaWAkq-FppQKTgmNXYMfyaaY3dF14YQmo2wNxY5hMp0UD1jRHP5is,G7h6K-jNjQv-W\",\n      \"rel\": \"self\",\n      \"method\": \"GET\",\n      \"id\": \"415e5cf6bfdb11e8a355529269fb1459\"\n    }\n  ]\n}","cookie":[],"_postman_previewlanguage":"json"}],"event":[],"protocolProfileBehavior":{"disableBodyPruning":true}}],"event":[]}],"event":[],"variable":[{"type":"string","value":"https://int.api.firstdata.com/ucom","key":"baseUrl"}],"info":{"_postman_id":"dcdc1c46-9dc5-4462-b832-df07ec5be8e3","name":"uCom Issuer Services","schema":"https://schema.getpostman.com/json/collection/v2.1.0/collection.json","description":{"content":"Services related to uCom issuer accounts.  Accounts can be credit, debit, loyalty, prepaid, etc.","type":"text/plain"}}}