{"item":[{"id":"fb009ae1-e565-4516-a558-cfca3834cb9c","name":"v1","item":[{"id":"fc1a7d61-9e0b-477e-870f-cdf0c01f38ad","name":"Returns tenant provider API.","request":{"name":"Returns tenant provider API.","description":{},"url":{"path":["v1","products"],"host":["{{baseUrl}}"],"query":[],"variable":[]},"header":[{"key":"Accept","value":"application/json"}],"method":"GET","auth":null},"response":[{"id":"8f13c902-4d50-45a8-95a4-ca7652083bcc","name":"Tenant provider response. <a href=\"https://fiserv.com\" rel=\"noopener noreferrer\" target=\"_blank\">external link</a> <a href=\"../docs?path=docs/getting-started/setup-tenant/setup-tenant.md\">Setup Tenant</a>","originalRequest":{"url":{"path":["v1","products"],"host":["{{baseUrl}}"],"query":[],"variable":[]},"header":[{"key":"Accept","value":"application/json"}],"method":"GET","body":{}},"status":"OK","code":200,"header":[{"key":"Content-Type","value":"application/json"}],"body":"{\n  \"brand\": \"labore\",\n  \"brandDescription\": \"aliqua consectetur\",\n  \"brandLogoURL\": \"dolor laboris est\",\n  \"categories\": [\n    {\n      \"name\": \"dolor cupidatat nisi\",\n      \"subcategories\": [\n        {\n          \"name\": \"sit minim dolor cupidatat\",\n          \"value\": \"in id dolor\"\n        },\n        {\n          \"name\": \"deserunt\",\n          \"value\": \"aliqua\"\n        }\n      ],\n      \"value\": \"nostrud eu\"\n    },\n    {\n      \"name\": \"cupidatat labore fugiat ullamco voluptate\",\n      \"subcategories\": [\n        {\n          \"name\": \"sint exercitation mollit\",\n          \"value\": \"voluptate Duis\"\n        },\n        {\n          \"name\": \"deserunt exercitation esse dolor reprehenderit\",\n          \"value\": \"officia ut sunt sed\"\n        }\n      ],\n      \"value\": \"est elit ipsum\"\n    }\n  ],\n  \"name\": \"Excepteur ullamco sint\",\n  \"product\": {\n    \"apiSpecification\": \"sed dolore voluptate laborum mollit\",\n    \"description\": \"do ut cillum eiusmod\",\n    \"documentation\": \"ven\",\n    \"featured\": true,\n    \"layout\": \"commodo occaecat magna Ut\",\n    \"logoURL\": \"ad est qui aute\"\n  },\n  \"solution\": \"mollit ea laboris\",\n  \"title\": \"sint veniam amet\"\n}","cookie":[],"_postman_previewlanguage":"json"}],"event":[],"protocolProfileBehavior":{"disableBodyPruning":true}},{"id":"db2384c2-d5c3-4fd0-b786-1464e8a66f0b","name":"Returns OpenAPI Spec.","request":{"name":"Returns OpenAPI Spec.","description":{},"url":{"path":["v1","apis"],"host":["{{baseUrl}}"],"query":[],"variable":[]},"header":[{"key":"Content-Type","value":"application/json"}],"method":"POST","auth":null,"body":{"mode":"raw","raw":"{\n  \"categories\": [\n    {\n      \"name\": \"<string>\",\n      \"subcategories\": [\n        {\n          \"name\": \"<string>\"\n        },\n        {\n          \"name\": \"<string>\"\n        }\n      ]\n    },\n    {\n      \"name\": \"<string>\",\n      \"subcategories\": [\n        {\n          \"name\": \"<string>\"\n        },\n        {\n          \"name\": \"<string>\"\n        }\n      ]\n    }\n  ]\n}","options":{"raw":{"language":"json"}}}},"response":[{"id":"da549490-fda5-4ba2-b2df-343e2de44e2f","originalRequest":{"url":{"path":["v1","apis"],"host":["{{baseUrl}}"],"query":[],"variable":[]},"method":"POST","body":{"mode":"raw","raw":"{\n  \"categories\": [\n    {\n      \"name\": \"<string>\",\n      \"subcategories\": [\n        {\n          \"name\": \"<string>\"\n        },\n        {\n          \"name\": \"<string>\"\n        }\n      ]\n    },\n    {\n      \"name\": \"<string>\",\n      \"subcategories\": [\n        {\n          \"name\": \"<string>\"\n        },\n        {\n          \"name\": \"<string>\"\n        }\n      ]\n    }\n  ]\n}","options":{"raw":{"language":"json"}}}},"status":"OK","code":200,"header":[{"key":"Content-Type","value":"text/plain"}],"body":"","cookie":[],"_postman_previewlanguage":"text"}],"event":[],"protocolProfileBehavior":{"disableBodyPruning":true}},{"id":"9ce91a45-6d73-43b9-ae1e-3d794da36a0c","name":"Returns Docs in markdown format.","request":{"name":"Returns Docs in markdown format.","description":{},"url":{"path":["v1","docs"],"host":["{{baseUrl}}"],"query":[{"disabled":false,"key":"path","value":"<string>","description":"(Required) Markdown document path"}],"variable":[]},"method":"GET","auth":null},"response":[{"id":"c89a2f22-c55f-4c62-9f36-a46ce6fec5dc","originalRequest":{"url":{"path":["v1","docs"],"host":["{{baseUrl}}"],"query":[{"key":"path","value":"<string>"}],"variable":[]},"method":"GET","body":{}},"status":"OK","code":200,"header":[{"key":"Content-Type","value":"text/plain"}],"body":"","cookie":[],"_postman_previewlanguage":"text"}],"event":[],"protocolProfileBehavior":{"disableBodyPruning":true}},{"id":"ed8dd968-e4d9-4588-ad1d-94ef58280c41","name":"Returns the product page layout.","request":{"name":"Returns the product page layout.","description":{},"url":{"path":["v1","layouts"],"host":["{{baseUrl}}"],"query":[],"variable":[]},"header":[{"key":"Accept","value":"application/json"}],"method":"GET","auth":null},"response":[{"id":"c6d742ed-4c9b-40a6-a40c-9a1e032a9b93","name":"This text will appear as description of your response body.","originalRequest":{"url":{"path":["v1","layouts"],"host":["{{baseUrl}}"],"query":[],"variable":[]},"header":[{"key":"Accept","value":"application/json"}],"method":"GET","body":{}},"status":"OK","code":200,"header":[{"key":"Content-Type","value":"application/json"}],"body":"[\n  {\n    \"hero\": [\n      {\n        \"descrption\": \"velit eiusmod consequat occaecat\",\n        \"image\": \"esse consectetur\"\n      },\n      {\n        \"descrption\": \"velit laboris ut\",\n        \"image\": \"cupidatat proident quis\"\n      }\n    ],\n    \"journey Cards\": [\n      {\n        \"journeyCard\": [\n          {\n            \"contextualNavigationCards\": [\n              {\n                \"contextualNavigationCard\": [\n                  {\n                    \"description\": {\n                      \"value\": \"<Error: Too many levels of nesting to fake this schema>\"\n                    },\n                    \"link\": {\n                      \"value\": \"<Error: Too many levels of nesting to fake this schema>\"\n                    },\n                    \"title\": {\n                      \"value\": \"<Error: Too many levels of nesting to fake this schema>\"\n                    }\n                  },\n                  {\n                    \"description\": {\n                      \"value\": \"<Error: Too many levels of nesting to fake this schema>\"\n                    },\n                    \"link\": {\n                      \"value\": \"<Error: Too many levels of nesting to fake this schema>\"\n                    },\n                    \"title\": {\n                      \"value\": \"<Error: Too many levels of nesting to fake this schema>\"\n                    }\n                  }\n                ]\n              },\n              {\n                \"contextualNavigationCard\": [\n                  {\n                    \"description\": {\n                      \"value\": \"<Error: Too many levels of nesting to fake this schema>\"\n                    },\n                    \"link\": {\n                      \"value\": \"<Error: Too many levels of nesting to fake this schema>\"\n                    },\n                    \"title\": {\n                      \"value\": \"<Error: Too many levels of nesting to fake this schema>\"\n                    }\n                  },\n                  {\n                    \"description\": {\n                      \"value\": \"<Error: Too many levels of nesting to fake this schema>\"\n                    },\n                    \"link\": {\n                      \"value\": \"<Error: Too many levels of nesting to fake this schema>\"\n                    },\n                    \"title\": {\n                      \"value\": \"<Error: Too many levels of nesting to fake this schema>\"\n                    }\n                  }\n                ]\n              }\n            ],\n            \"description\": \"ip\",\n            \"link\": [\n              {\n                \"type\": \"Excepteur ut ea\",\n                \"uri\": \"do ad\"\n              },\n              {\n                \"type\": \"pariatur\",\n                \"uri\": \"sit\"\n              }\n            ],\n            \"title\": \"aliqua reprehenderit\"\n          },\n          {\n            \"contextualNavigationCards\": [\n              {\n                \"contextualNavigationCard\": [\n                  {\n                    \"description\": {\n                      \"value\": \"<Error: Too many levels of nesting to fake this schema>\"\n                    },\n                    \"link\": {\n                      \"value\": \"<Error: Too many levels of nesting to fake this schema>\"\n                    },\n                    \"title\": {\n                      \"value\": \"<Error: Too many levels of nesting to fake this schema>\"\n                    }\n                  },\n                  {\n                    \"description\": {\n                      \"value\": \"<Error: Too many levels of nesting to fake this schema>\"\n                    },\n                    \"link\": {\n                      \"value\": \"<Error: Too many levels of nesting to fake this schema>\"\n                    },\n                    \"title\": {\n                      \"value\": \"<Error: Too many levels of nesting to fake this schema>\"\n                    }\n                  }\n                ]\n              },\n              {\n                \"contextualNavigationCard\": [\n                  {\n                    \"description\": {\n                      \"value\": \"<Error: Too many levels of nesting to fake this schema>\"\n                    },\n                    \"link\": {\n                      \"value\": \"<Error: Too many levels of nesting to fake this schema>\"\n                    },\n                    \"title\": {\n                      \"value\": \"<Error: Too many levels of nesting to fake this schema>\"\n                    }\n                  },\n                  {\n                    \"description\": {\n                      \"value\": \"<Error: Too many levels of nesting to fake this schema>\"\n                    },\n                    \"link\": {\n                      \"value\": \"<Error: Too many levels of nesting to fake this schema>\"\n                    },\n                    \"title\": {\n                      \"value\": \"<Error: Too many levels of nesting to fake this schema>\"\n                    }\n                  }\n                ]\n              }\n            ],\n            \"description\": \"eu amet\",\n            \"link\": [\n              {\n                \"type\": \"commodo cupidatat consectetur dolor nostrud\",\n                \"uri\": \"aliquip incididunt\"\n              },\n              {\n                \"type\": \"dolor\",\n                \"uri\": \"dolore nisi fugiat\"\n              }\n            ],\n            \"title\": \"velit amet in\"\n          }\n        ]\n      },\n      {\n        \"journeyCard\": [\n          {\n            \"contextualNavigationCards\": [\n              {\n                \"contextualNavigationCard\": [\n                  {\n                    \"description\": {\n                      \"value\": \"<Error: Too many levels of nesting to fake this schema>\"\n                    },\n                    \"link\": {\n                      \"value\": \"<Error: Too many levels of nesting to fake this schema>\"\n                    },\n                    \"title\": {\n                      \"value\": \"<Error: Too many levels of nesting to fake this schema>\"\n                    }\n                  },\n                  {\n                    \"description\": {\n                      \"value\": \"<Error: Too many levels of nesting to fake this schema>\"\n                    },\n                    \"link\": {\n                      \"value\": \"<Error: Too many levels of nesting to fake this schema>\"\n                    },\n                    \"title\": {\n                      \"value\": \"<Error: Too many levels of nesting to fake this schema>\"\n                    }\n                  }\n                ]\n              },\n              {\n                \"contextualNavigationCard\": [\n                  {\n                    \"description\": {\n                      \"value\": \"<Error: Too many levels of nesting to fake this schema>\"\n                    },\n                    \"link\": {\n                      \"value\": \"<Error: Too many levels of nesting to fake this schema>\"\n                    },\n                    \"title\": {\n                      \"value\": \"<Error: Too many levels of nesting to fake this schema>\"\n                    }\n                  },\n                  {\n                    \"description\": {\n                      \"value\": \"<Error: Too many levels of nesting to fake this schema>\"\n                    },\n                    \"link\": {\n                      \"value\": \"<Error: Too many levels of nesting to fake this schema>\"\n                    },\n                    \"title\": {\n                      \"value\": \"<Error: Too many levels of nesting to fake this schema>\"\n                    }\n                  }\n                ]\n              }\n            ],\n            \"description\": \"sed enim \",\n            \"link\": [\n              {\n                \"type\": \"do sunt esse nostrud\",\n                \"uri\": \"sit irure\"\n              },\n              {\n                \"type\": \"elit ullamco minim occaecat\",\n                \"uri\": \"incididunt eu nostrud ali\"\n              }\n            ],\n            \"title\": \"nisi dolore\"\n          },\n          {\n            \"contextualNavigationCards\": [\n              {\n                \"contextualNavigationCard\": [\n                  {\n                    \"description\": {\n                      \"value\": \"<Error: Too many levels of nesting to fake this schema>\"\n                    },\n                    \"link\": {\n                      \"value\": \"<Error: Too many levels of nesting to fake this schema>\"\n                    },\n                    \"title\": {\n                      \"value\": \"<Error: Too many levels of nesting to fake this schema>\"\n                    }\n                  },\n                  {\n                    \"description\": {\n                      \"value\": \"<Error: Too many levels of nesting to fake this schema>\"\n                    },\n                    \"link\": {\n                      \"value\": \"<Error: Too many levels of nesting to fake this schema>\"\n                    },\n                    \"title\": {\n                      \"value\": \"<Error: Too many levels of nesting to fake this schema>\"\n                    }\n                  }\n                ]\n              },\n              {\n                \"contextualNavigationCard\": [\n                  {\n                    \"description\": {\n                      \"value\": \"<Error: Too many levels of nesting to fake this schema>\"\n                    },\n                    \"link\": {\n                      \"value\": \"<Error: Too many levels of nesting to fake this schema>\"\n                    },\n                    \"title\": {\n                      \"value\": \"<Error: Too many levels of nesting to fake this schema>\"\n                    }\n                  },\n                  {\n                    \"description\": {\n                      \"value\": \"<Error: Too many levels of nesting to fake this schema>\"\n                    },\n                    \"link\": {\n                      \"value\": \"<Error: Too many levels of nesting to fake this schema>\"\n                    },\n                    \"title\": {\n                      \"value\": \"<Error: Too many levels of nesting to fake this schema>\"\n                    }\n                  }\n                ]\n              }\n            ],\n            \"description\": \"adipisicing\",\n            \"link\": [\n              {\n                \"type\": \"dolore\",\n                \"uri\": \"nisi ipsum tempor\"\n              },\n              {\n                \"type\": \"magna laboris\",\n                \"uri\": \"minim laboris Excepteur occaecat commodo\"\n              }\n            ],\n            \"title\": \"ullamco enim\"\n          }\n        ]\n      }\n    ]\n  },\n  {\n    \"hero\": [\n      {\n        \"descrption\": \"voluptate exercitation velit\",\n        \"image\": \"consequat laboris\"\n      },\n      {\n        \"descrption\": \"culpa sunt exercitation aliquip\",\n        \"image\": \"in sit\"\n      }\n    ],\n    \"journey Cards\": [\n      {\n        \"journeyCard\": [\n          {\n            \"contextualNavigationCards\": [\n              {\n                \"contextualNavigationCard\": [\n                  {\n                    \"description\": {\n                      \"value\": \"<Error: Too many levels of nesting to fake this schema>\"\n                    },\n                    \"link\": {\n                      \"value\": \"<Error: Too many levels of nesting to fake this schema>\"\n                    },\n                    \"title\": {\n                      \"value\": \"<Error: Too many levels of nesting to fake this schema>\"\n                    }\n                  },\n                  {\n                    \"description\": {\n                      \"value\": \"<Error: Too many levels of nesting to fake this schema>\"\n                    },\n                    \"link\": {\n                      \"value\": \"<Error: Too many levels of nesting to fake this schema>\"\n                    },\n                    \"title\": {\n                      \"value\": \"<Error: Too many levels of nesting to fake this schema>\"\n                    }\n                  }\n                ]\n              },\n              {\n                \"contextualNavigationCard\": [\n                  {\n                    \"description\": {\n                      \"value\": \"<Error: Too many levels of nesting to fake this schema>\"\n                    },\n                    \"link\": {\n                      \"value\": \"<Error: Too many levels of nesting to fake this schema>\"\n                    },\n                    \"title\": {\n                      \"value\": \"<Error: Too many levels of nesting to fake this schema>\"\n                    }\n                  },\n                  {\n                    \"description\": {\n                      \"value\": \"<Error: Too many levels of nesting to fake this schema>\"\n                    },\n                    \"link\": {\n                      \"value\": \"<Error: Too many levels of nesting to fake this schema>\"\n                    },\n                    \"title\": {\n                      \"value\": \"<Error: Too many levels of nesting to fake this schema>\"\n                    }\n                  }\n                ]\n              }\n            ],\n            \"description\": \"dolor veniam ex aliqua\",\n            \"link\": [\n              {\n                \"type\": \"elit ad Duis cupidatat enim\",\n                \"uri\": \"Lorem pariatur aliquip sit esse\"\n              },\n              {\n                \"type\": \"labore Excepteur id culpa\",\n                \"uri\": \"proident aute et incididunt\"\n              }\n            ],\n            \"title\": \"adipisicing\"\n          },\n          {\n            \"contextualNavigationCards\": [\n              {\n                \"contextualNavigationCard\": [\n                  {\n                    \"description\": {\n                      \"value\": \"<Error: Too many levels of nesting to fake this schema>\"\n                    },\n                    \"link\": {\n                      \"value\": \"<Error: Too many levels of nesting to fake this schema>\"\n                    },\n                    \"title\": {\n                      \"value\": \"<Error: Too many levels of nesting to fake this schema>\"\n                    }\n                  },\n                  {\n                    \"description\": {\n                      \"value\": \"<Error: Too many levels of nesting to fake this schema>\"\n                    },\n                    \"link\": {\n                      \"value\": \"<Error: Too many levels of nesting to fake this schema>\"\n                    },\n                    \"title\": {\n                      \"value\": \"<Error: Too many levels of nesting to fake this schema>\"\n                    }\n                  }\n                ]\n              },\n              {\n                \"contextualNavigationCard\": [\n                  {\n                    \"description\": {\n                      \"value\": \"<Error: Too many levels of nesting to fake this schema>\"\n                    },\n                    \"link\": {\n                      \"value\": \"<Error: Too many levels of nesting to fake this schema>\"\n                    },\n                    \"title\": {\n                      \"value\": \"<Error: Too many levels of nesting to fake this schema>\"\n                    }\n                  },\n                  {\n                    \"description\": {\n                      \"value\": \"<Error: Too many levels of nesting to fake this schema>\"\n                    },\n                    \"link\": {\n                      \"value\": \"<Error: Too many levels of nesting to fake this schema>\"\n                    },\n                    \"title\": {\n                      \"value\": \"<Error: Too many levels of nesting to fake this schema>\"\n                    }\n                  }\n                ]\n              }\n            ],\n            \"description\": \"aliquip eiusmod voluptate\",\n            \"link\": [\n              {\n                \"type\": \"est dolor nisi Excepteur\",\n                \"uri\": \"amet consectetur id\"\n              },\n              {\n                \"type\": \"Duis ea\",\n                \"uri\": \"enim minim non dolore\"\n              }\n            ],\n            \"title\": \"quis adipisicing proident\"\n          }\n        ]\n      },\n      {\n        \"journeyCard\": [\n          {\n            \"contextualNavigationCards\": [\n              {\n                \"contextualNavigationCard\": [\n                  {\n                    \"description\": {\n                      \"value\": \"<Error: Too many levels of nesting to fake this schema>\"\n                    },\n                    \"link\": {\n                      \"value\": \"<Error: Too many levels of nesting to fake this schema>\"\n                    },\n                    \"title\": {\n                      \"value\": \"<Error: Too many levels of nesting to fake this schema>\"\n                    }\n                  },\n                  {\n                    \"description\": {\n                      \"value\": \"<Error: Too many levels of nesting to fake this schema>\"\n                    },\n                    \"link\": {\n                      \"value\": \"<Error: Too many levels of nesting to fake this schema>\"\n                    },\n                    \"title\": {\n                      \"value\": \"<Error: Too many levels of nesting to fake this schema>\"\n                    }\n                  }\n                ]\n              },\n              {\n                \"contextualNavigationCard\": [\n                  {\n                    \"description\": {\n                      \"value\": \"<Error: Too many levels of nesting to fake this schema>\"\n                    },\n                    \"link\": {\n                      \"value\": \"<Error: Too many levels of nesting to fake this schema>\"\n                    },\n                    \"title\": {\n                      \"value\": \"<Error: Too many levels of nesting to fake this schema>\"\n                    }\n                  },\n                  {\n                    \"description\": {\n                      \"value\": \"<Error: Too many levels of nesting to fake this schema>\"\n                    },\n                    \"link\": {\n                      \"value\": \"<Error: Too many levels of nesting to fake this schema>\"\n                    },\n                    \"title\": {\n                      \"value\": \"<Error: Too many levels of nesting to fake this schema>\"\n                    }\n                  }\n                ]\n              }\n            ],\n            \"description\": \"veniam sed sunt\",\n            \"link\": [\n              {\n                \"type\": \"in\",\n                \"uri\": \"nulla\"\n              },\n              {\n                \"type\": \"id aute\",\n                \"uri\": \"eu anim Excepteur id\"\n              }\n            ],\n            \"title\": \"consequat elit cillum culpa\"\n          },\n          {\n            \"contextualNavigationCards\": [\n              {\n                \"contextualNavigationCard\": [\n                  {\n                    \"description\": {\n                      \"value\": \"<Error: Too many levels of nesting to fake this schema>\"\n                    },\n                    \"link\": {\n                      \"value\": \"<Error: Too many levels of nesting to fake this schema>\"\n                    },\n                    \"title\": {\n                      \"value\": \"<Error: Too many levels of nesting to fake this schema>\"\n                    }\n                  },\n                  {\n                    \"description\": {\n                      \"value\": \"<Error: Too many levels of nesting to fake this schema>\"\n                    },\n                    \"link\": {\n                      \"value\": \"<Error: Too many levels of nesting to fake this schema>\"\n                    },\n                    \"title\": {\n                      \"value\": \"<Error: Too many levels of nesting to fake this schema>\"\n                    }\n                  }\n                ]\n              },\n              {\n                \"contextualNavigationCard\": [\n                  {\n                    \"description\": {\n                      \"value\": \"<Error: Too many levels of nesting to fake this schema>\"\n                    },\n                    \"link\": {\n                      \"value\": \"<Error: Too many levels of nesting to fake this schema>\"\n                    },\n                    \"title\": {\n                      \"value\": \"<Error: Too many levels of nesting to fake this schema>\"\n                    }\n                  },\n                  {\n                    \"description\": {\n                      \"value\": \"<Error: Too many levels of nesting to fake this schema>\"\n                    },\n                    \"link\": {\n                      \"value\": \"<Error: Too many levels of nesting to fake this schema>\"\n                    },\n                    \"title\": {\n                      \"value\": \"<Error: Too many levels of nesting to fake this schema>\"\n                    }\n                  }\n                ]\n              }\n            ],\n            \"description\": \"\",\n            \"link\": [\n              {\n                \"type\": \"veniam Ut\",\n                \"uri\": \"aute voluptate aliquip ea\"\n              },\n              {\n                \"type\": \"cillum Lorem\",\n                \"uri\": \"aliquip mollit Duis\"\n              }\n            ],\n            \"title\": \"adipisicing culpa ad exercitation\"\n          }\n        ]\n      }\n    ]\n  }\n]","cookie":[],"_postman_previewlanguage":"json"}],"event":[],"protocolProfileBehavior":{"disableBodyPruning":true}}],"event":[]},{"id":"ae862fb4-3496-407d-b149-279d516d7baa","name":"Health check probes.","request":{"name":"Health check probes.","description":{},"url":{"path":["live"],"host":["{{baseUrl}}"],"query":[],"variable":[]},"header":[{"key":"Accept","value":"application/json"}],"method":"GET","auth":null},"response":[{"id":"a6e7e9a7-1a78-4388-a0d0-12ea3844dcc3","name":"Health check.","originalRequest":{"url":{"path":["live"],"host":["{{baseUrl}}"],"query":[],"variable":[]},"header":[{"key":"Accept","value":"application/json"}],"method":"GET","body":{}},"status":"OK","code":200,"header":[{"key":"Content-Type","value":"application/json"}],"body":"{\n  \"message\": \"cillum adipisicing\"\n}","cookie":[],"_postman_previewlanguage":"json"}],"event":[],"protocolProfileBehavior":{"disableBodyPruning":true}}],"event":[],"variable":[{"type":"string","value":"https://tenants.fiserv.com/","key":"baseUrl"}],"info":{"_postman_id":"02d9ccd6-e133-4ca1-9f09-792caf1b0fc4","name":"Dev Portal Tenant APIs.","schema":"https://schema.getpostman.com/json/collection/v2.1.0/collection.json","description":{"content":"To onboard properly into the Fiserv Developer Studio as a tenant each product must support these APIs so that we can retrieve product specific API specifications and documentation.","type":"text/plain"}}}