{"item":[{"id":"85bb4943-85f8-40fb-bf62-3855bddc2833","name":"v1","item":[{"id":"bb446478-f905-47fa-9979-27c54bcf2a6a","name":"Returns tenant provider API.","request":{"name":"Returns tenant provider API.","description":{},"url":{"path":["v1","products"],"host":["{{baseUrl}}"],"query":[],"variable":[]},"header":[{"key":"Accept","value":"application/json"}],"method":"GET","auth":null},"response":[{"id":"d4621b60-3905-4705-a0ad-e5efb4a8f556","name":"Tenant provider response. <a href=\"https://fiserv.com\" rel=\"noopener noreferrer\" target=\"_blank\">external link</a> <a href=\"../docs?path=docs/getting-started/setup-tenant/setup-tenant.md\">Setup Tenant</a>","originalRequest":{"url":{"path":["v1","products"],"host":["{{baseUrl}}"],"query":[],"variable":[]},"header":[{"key":"Accept","value":"application/json"}],"method":"GET","body":{}},"status":"OK","code":200,"header":[{"key":"Content-Type","value":"application/json"}],"body":"{\n  \"brand\": \"magna irure\",\n  \"brandDescription\": \"do culpa elit qui\",\n  \"brandLogoURL\": \"in minim Ut\",\n  \"categories\": [\n    {\n      \"name\": \"nulla\",\n      \"subcategories\": [\n        {\n          \"name\": \"dolore in veniam\",\n          \"value\": \"v\"\n        },\n        {\n          \"name\": \"Excepteur quis s\",\n          \"value\": \"ex velit fugiat enim el\"\n        }\n      ],\n      \"value\": \"in ullamco et elit\"\n    },\n    {\n      \"name\": \"exercitation officia cillum ut\",\n      \"subcategories\": [\n        {\n          \"name\": \"ad officia\",\n          \"value\": \"et e\"\n        },\n        {\n          \"name\": \"dolor adipisicing\",\n          \"value\": \"sint fugiat\"\n        }\n      ],\n      \"value\": \"aliqua ex\"\n    }\n  ],\n  \"name\": \"cupida\",\n  \"product\": {\n    \"apiSpecification\": \"id ipsum consequat\",\n    \"description\": \"al\",\n    \"documentation\": \"reprehenderit ullamco in non\",\n    \"featured\": true,\n    \"layout\": \"qui esse sed\",\n    \"logoURL\": \"in deserunt in proident quis\"\n  },\n  \"solution\": \"aliqua pariatur exercitation tempor ex\",\n  \"title\": \"tempor sed incididunt veniam consectetur\"\n}","cookie":[],"_postman_previewlanguage":"json"}],"event":[],"protocolProfileBehavior":{"disableBodyPruning":true}},{"id":"3929ca00-fa21-410d-9f9c-92d050ea3118","name":"Returns OpenAPI Spec.","request":{"name":"Returns OpenAPI Spec.","description":{},"url":{"path":["v1","apis"],"host":["{{baseUrl}}"],"query":[],"variable":[]},"header":[{"key":"Content-Type","value":"application/json"}],"method":"POST","auth":null,"body":{"mode":"raw","raw":"{\n  \"categories\": [\n    {\n      \"name\": \"<string>\",\n      \"subcategories\": [\n        {\n          \"name\": \"<string>\"\n        },\n        {\n          \"name\": \"<string>\"\n        }\n      ]\n    },\n    {\n      \"name\": \"<string>\",\n      \"subcategories\": [\n        {\n          \"name\": \"<string>\"\n        },\n        {\n          \"name\": \"<string>\"\n        }\n      ]\n    }\n  ]\n}","options":{"raw":{"language":"json"}}}},"response":[{"id":"7be0adec-fe3f-4c73-a13c-20edc8c96f70","originalRequest":{"url":{"path":["v1","apis"],"host":["{{baseUrl}}"],"query":[],"variable":[]},"method":"POST","body":{"mode":"raw","raw":"{\n  \"categories\": [\n    {\n      \"name\": \"<string>\",\n      \"subcategories\": [\n        {\n          \"name\": \"<string>\"\n        },\n        {\n          \"name\": \"<string>\"\n        }\n      ]\n    },\n    {\n      \"name\": \"<string>\",\n      \"subcategories\": [\n        {\n          \"name\": \"<string>\"\n        },\n        {\n          \"name\": \"<string>\"\n        }\n      ]\n    }\n  ]\n}","options":{"raw":{"language":"json"}}}},"status":"OK","code":200,"header":[{"key":"Content-Type","value":"text/plain"}],"body":"","cookie":[],"_postman_previewlanguage":"text"}],"event":[],"protocolProfileBehavior":{"disableBodyPruning":true}},{"id":"2b51a981-78f3-4ef7-8d1e-7d02e473770d","name":"Returns Docs in markdown format.","request":{"name":"Returns Docs in markdown format.","description":{},"url":{"path":["v1","docs"],"host":["{{baseUrl}}"],"query":[{"disabled":false,"key":"path","value":"<string>","description":"(Required) Markdown document path"}],"variable":[]},"method":"GET","auth":null},"response":[{"id":"cc56ba27-f8b9-4b80-8b00-a23f54d8e3a8","originalRequest":{"url":{"path":["v1","docs"],"host":["{{baseUrl}}"],"query":[{"key":"path","value":"<string>"}],"variable":[]},"method":"GET","body":{}},"status":"OK","code":200,"header":[{"key":"Content-Type","value":"text/plain"}],"body":"","cookie":[],"_postman_previewlanguage":"text"}],"event":[],"protocolProfileBehavior":{"disableBodyPruning":true}},{"id":"ab1fcb55-283d-40b5-98ec-fde97ca99d17","name":"Returns the product page layout.","request":{"name":"Returns the product page layout.","description":{},"url":{"path":["v1","layouts"],"host":["{{baseUrl}}"],"query":[],"variable":[]},"header":[{"key":"Accept","value":"application/json"}],"method":"GET","auth":null},"response":[{"id":"55abd142-d72e-49cb-b223-3684a0b5e2db","name":"This text will appear as description of your response body.","originalRequest":{"url":{"path":["v1","layouts"],"host":["{{baseUrl}}"],"query":[],"variable":[]},"header":[{"key":"Accept","value":"application/json"}],"method":"GET","body":{}},"status":"OK","code":200,"header":[{"key":"Content-Type","value":"application/json"}],"body":"[\n  {\n    \"hero\": [\n      {\n        \"descrption\": \"ipsum\",\n        \"image\": \"culp\"\n      },\n      {\n        \"descrption\": \"veniam elit in\",\n        \"image\": \"eiusmo\"\n      }\n    ],\n    \"journey Cards\": [\n      {\n        \"journeyCard\": [\n          {\n            \"contextualNavigationCards\": [\n              {\n                \"contextualNavigationCard\": [\n                  {\n                    \"description\": {\n                      \"value\": \"<Error: Too many levels of nesting to fake this schema>\"\n                    },\n                    \"link\": {\n                      \"value\": \"<Error: Too many levels of nesting to fake this schema>\"\n                    },\n                    \"title\": {\n                      \"value\": \"<Error: Too many levels of nesting to fake this schema>\"\n                    }\n                  },\n                  {\n                    \"description\": {\n                      \"value\": \"<Error: Too many levels of nesting to fake this schema>\"\n                    },\n                    \"link\": {\n                      \"value\": \"<Error: Too many levels of nesting to fake this schema>\"\n                    },\n                    \"title\": {\n                      \"value\": \"<Error: Too many levels of nesting to fake this schema>\"\n                    }\n                  }\n                ]\n              },\n              {\n                \"contextualNavigationCard\": [\n                  {\n                    \"description\": {\n                      \"value\": \"<Error: Too many levels of nesting to fake this schema>\"\n                    },\n                    \"link\": {\n                      \"value\": \"<Error: Too many levels of nesting to fake this schema>\"\n                    },\n                    \"title\": {\n                      \"value\": \"<Error: Too many levels of nesting to fake this schema>\"\n                    }\n                  },\n                  {\n                    \"description\": {\n                      \"value\": \"<Error: Too many levels of nesting to fake this schema>\"\n                    },\n                    \"link\": {\n                      \"value\": \"<Error: Too many levels of nesting to fake this schema>\"\n                    },\n                    \"title\": {\n                      \"value\": \"<Error: Too many levels of nesting to fake this schema>\"\n                    }\n                  }\n                ]\n              }\n            ],\n            \"description\": \"aute consequat proident\",\n            \"link\": [\n              {\n                \"type\": \"labore oc\",\n                \"uri\": \"dolore laboris Duis anim est\"\n              },\n              {\n                \"type\": \"irure qui ex\",\n                \"uri\": \"cupidatat adipisicing et\"\n              }\n            ],\n            \"title\": \"voluptate eu\"\n          },\n          {\n            \"contextualNavigationCards\": [\n              {\n                \"contextualNavigationCard\": [\n                  {\n                    \"description\": {\n                      \"value\": \"<Error: Too many levels of nesting to fake this schema>\"\n                    },\n                    \"link\": {\n                      \"value\": \"<Error: Too many levels of nesting to fake this schema>\"\n                    },\n                    \"title\": {\n                      \"value\": \"<Error: Too many levels of nesting to fake this schema>\"\n                    }\n                  },\n                  {\n                    \"description\": {\n                      \"value\": \"<Error: Too many levels of nesting to fake this schema>\"\n                    },\n                    \"link\": {\n                      \"value\": \"<Error: Too many levels of nesting to fake this schema>\"\n                    },\n                    \"title\": {\n                      \"value\": \"<Error: Too many levels of nesting to fake this schema>\"\n                    }\n                  }\n                ]\n              },\n              {\n                \"contextualNavigationCard\": [\n                  {\n                    \"description\": {\n                      \"value\": \"<Error: Too many levels of nesting to fake this schema>\"\n                    },\n                    \"link\": {\n                      \"value\": \"<Error: Too many levels of nesting to fake this schema>\"\n                    },\n                    \"title\": {\n                      \"value\": \"<Error: Too many levels of nesting to fake this schema>\"\n                    }\n                  },\n                  {\n                    \"description\": {\n                      \"value\": \"<Error: Too many levels of nesting to fake this schema>\"\n                    },\n                    \"link\": {\n                      \"value\": \"<Error: Too many levels of nesting to fake this schema>\"\n                    },\n                    \"title\": {\n                      \"value\": \"<Error: Too many levels of nesting to fake this schema>\"\n                    }\n                  }\n                ]\n              }\n            ],\n            \"description\": \"nostrud Duis\",\n            \"link\": [\n              {\n                \"type\": \"in quis anim esse\",\n                \"uri\": \"in reprehender\"\n              },\n              {\n                \"type\": \"labore qui\",\n                \"uri\": \"dolor\"\n              }\n            ],\n            \"title\": \"dolore sint ut a\"\n          }\n        ]\n      },\n      {\n        \"journeyCard\": [\n          {\n            \"contextualNavigationCards\": [\n              {\n                \"contextualNavigationCard\": [\n                  {\n                    \"description\": {\n                      \"value\": \"<Error: Too many levels of nesting to fake this schema>\"\n                    },\n                    \"link\": {\n                      \"value\": \"<Error: Too many levels of nesting to fake this schema>\"\n                    },\n                    \"title\": {\n                      \"value\": \"<Error: Too many levels of nesting to fake this schema>\"\n                    }\n                  },\n                  {\n                    \"description\": {\n                      \"value\": \"<Error: Too many levels of nesting to fake this schema>\"\n                    },\n                    \"link\": {\n                      \"value\": \"<Error: Too many levels of nesting to fake this schema>\"\n                    },\n                    \"title\": {\n                      \"value\": \"<Error: Too many levels of nesting to fake this schema>\"\n                    }\n                  }\n                ]\n              },\n              {\n                \"contextualNavigationCard\": [\n                  {\n                    \"description\": {\n                      \"value\": \"<Error: Too many levels of nesting to fake this schema>\"\n                    },\n                    \"link\": {\n                      \"value\": \"<Error: Too many levels of nesting to fake this schema>\"\n                    },\n                    \"title\": {\n                      \"value\": \"<Error: Too many levels of nesting to fake this schema>\"\n                    }\n                  },\n                  {\n                    \"description\": {\n                      \"value\": \"<Error: Too many levels of nesting to fake this schema>\"\n                    },\n                    \"link\": {\n                      \"value\": \"<Error: Too many levels of nesting to fake this schema>\"\n                    },\n                    \"title\": {\n                      \"value\": \"<Error: Too many levels of nesting to fake this schema>\"\n                    }\n                  }\n                ]\n              }\n            ],\n            \"description\": \"dolor ut deserunt\",\n            \"link\": [\n              {\n                \"type\": \"ad Lorem\",\n                \"uri\": \"qui occaecat elit Ut cillum\"\n              },\n              {\n                \"type\": \"sunt irure\",\n                \"uri\": \"dolore nulla laboris\"\n              }\n            ],\n            \"title\": \"et laboris ullamco nulla id\"\n          },\n          {\n            \"contextualNavigationCards\": [\n              {\n                \"contextualNavigationCard\": [\n                  {\n                    \"description\": {\n                      \"value\": \"<Error: Too many levels of nesting to fake this schema>\"\n                    },\n                    \"link\": {\n                      \"value\": \"<Error: Too many levels of nesting to fake this schema>\"\n                    },\n                    \"title\": {\n                      \"value\": \"<Error: Too many levels of nesting to fake this schema>\"\n                    }\n                  },\n                  {\n                    \"description\": {\n                      \"value\": \"<Error: Too many levels of nesting to fake this schema>\"\n                    },\n                    \"link\": {\n                      \"value\": \"<Error: Too many levels of nesting to fake this schema>\"\n                    },\n                    \"title\": {\n                      \"value\": \"<Error: Too many levels of nesting to fake this schema>\"\n                    }\n                  }\n                ]\n              },\n              {\n                \"contextualNavigationCard\": [\n                  {\n                    \"description\": {\n                      \"value\": \"<Error: Too many levels of nesting to fake this schema>\"\n                    },\n                    \"link\": {\n                      \"value\": \"<Error: Too many levels of nesting to fake this schema>\"\n                    },\n                    \"title\": {\n                      \"value\": \"<Error: Too many levels of nesting to fake this schema>\"\n                    }\n                  },\n                  {\n                    \"description\": {\n                      \"value\": \"<Error: Too many levels of nesting to fake this schema>\"\n                    },\n                    \"link\": {\n                      \"value\": \"<Error: Too many levels of nesting to fake this schema>\"\n                    },\n                    \"title\": {\n                      \"value\": \"<Error: Too many levels of nesting to fake this schema>\"\n                    }\n                  }\n                ]\n              }\n            ],\n            \"description\": \"amet officia cupidatat nulla\",\n            \"link\": [\n              {\n                \"type\": \"esse ullamco veniam dolor\",\n                \"uri\": \"ex elit in irure\"\n              },\n              {\n                \"type\": \"exercitation commodo ut incididunt\",\n                \"uri\": \"laboris eu\"\n              }\n            ],\n            \"title\": \"dolore minim\"\n          }\n        ]\n      }\n    ]\n  },\n  {\n    \"hero\": [\n      {\n        \"descrption\": \"nulla anim est aliquip occaecat\",\n        \"image\": \"commodo ut Duis\"\n      },\n      {\n        \"descrption\": \"nisi qui minim eu dolor\",\n        \"image\": \"exercitation est sint eiusmod\"\n      }\n    ],\n    \"journey Cards\": [\n      {\n        \"journeyCard\": [\n          {\n            \"contextualNavigationCards\": [\n              {\n                \"contextualNavigationCard\": [\n                  {\n                    \"description\": {\n                      \"value\": \"<Error: Too many levels of nesting to fake this schema>\"\n                    },\n                    \"link\": {\n                      \"value\": \"<Error: Too many levels of nesting to fake this schema>\"\n                    },\n                    \"title\": {\n                      \"value\": \"<Error: Too many levels of nesting to fake this schema>\"\n                    }\n                  },\n                  {\n                    \"description\": {\n                      \"value\": \"<Error: Too many levels of nesting to fake this schema>\"\n                    },\n                    \"link\": {\n                      \"value\": \"<Error: Too many levels of nesting to fake this schema>\"\n                    },\n                    \"title\": {\n                      \"value\": \"<Error: Too many levels of nesting to fake this schema>\"\n                    }\n                  }\n                ]\n              },\n              {\n                \"contextualNavigationCard\": [\n                  {\n                    \"description\": {\n                      \"value\": \"<Error: Too many levels of nesting to fake this schema>\"\n                    },\n                    \"link\": {\n                      \"value\": \"<Error: Too many levels of nesting to fake this schema>\"\n                    },\n                    \"title\": {\n                      \"value\": \"<Error: Too many levels of nesting to fake this schema>\"\n                    }\n                  },\n                  {\n                    \"description\": {\n                      \"value\": \"<Error: Too many levels of nesting to fake this schema>\"\n                    },\n                    \"link\": {\n                      \"value\": \"<Error: Too many levels of nesting to fake this schema>\"\n                    },\n                    \"title\": {\n                      \"value\": \"<Error: Too many levels of nesting to fake this schema>\"\n                    }\n                  }\n                ]\n              }\n            ],\n            \"description\": \"irure do nostrud labore\",\n            \"link\": [\n              {\n                \"type\": \"ex ad \",\n                \"uri\": \"amet commodo proident in exercit\"\n              },\n              {\n                \"type\": \"minim Lorem in sunt\",\n                \"uri\": \"Excepteur dolore velit\"\n              }\n            ],\n            \"title\": \"pariatur id ullamco voluptate in\"\n          },\n          {\n            \"contextualNavigationCards\": [\n              {\n                \"contextualNavigationCard\": [\n                  {\n                    \"description\": {\n                      \"value\": \"<Error: Too many levels of nesting to fake this schema>\"\n                    },\n                    \"link\": {\n                      \"value\": \"<Error: Too many levels of nesting to fake this schema>\"\n                    },\n                    \"title\": {\n                      \"value\": \"<Error: Too many levels of nesting to fake this schema>\"\n                    }\n                  },\n                  {\n                    \"description\": {\n                      \"value\": \"<Error: Too many levels of nesting to fake this schema>\"\n                    },\n                    \"link\": {\n                      \"value\": \"<Error: Too many levels of nesting to fake this schema>\"\n                    },\n                    \"title\": {\n                      \"value\": \"<Error: Too many levels of nesting to fake this schema>\"\n                    }\n                  }\n                ]\n              },\n              {\n                \"contextualNavigationCard\": [\n                  {\n                    \"description\": {\n                      \"value\": \"<Error: Too many levels of nesting to fake this schema>\"\n                    },\n                    \"link\": {\n                      \"value\": \"<Error: Too many levels of nesting to fake this schema>\"\n                    },\n                    \"title\": {\n                      \"value\": \"<Error: Too many levels of nesting to fake this schema>\"\n                    }\n                  },\n                  {\n                    \"description\": {\n                      \"value\": \"<Error: Too many levels of nesting to fake this schema>\"\n                    },\n                    \"link\": {\n                      \"value\": \"<Error: Too many levels of nesting to fake this schema>\"\n                    },\n                    \"title\": {\n                      \"value\": \"<Error: Too many levels of nesting to fake this schema>\"\n                    }\n                  }\n                ]\n              }\n            ],\n            \"description\": \"Lorem aliqua consequat officia\",\n            \"link\": [\n              {\n                \"type\": \"in consequat\",\n                \"uri\": \"laborum in in ut\"\n              },\n              {\n                \"type\": \"Lorem ea\",\n                \"uri\": \"velit tempor occaecat\"\n              }\n            ],\n            \"title\": \"Lorem cillum\"\n          }\n        ]\n      },\n      {\n        \"journeyCard\": [\n          {\n            \"contextualNavigationCards\": [\n              {\n                \"contextualNavigationCard\": [\n                  {\n                    \"description\": {\n                      \"value\": \"<Error: Too many levels of nesting to fake this schema>\"\n                    },\n                    \"link\": {\n                      \"value\": \"<Error: Too many levels of nesting to fake this schema>\"\n                    },\n                    \"title\": {\n                      \"value\": \"<Error: Too many levels of nesting to fake this schema>\"\n                    }\n                  },\n                  {\n                    \"description\": {\n                      \"value\": \"<Error: Too many levels of nesting to fake this schema>\"\n                    },\n                    \"link\": {\n                      \"value\": \"<Error: Too many levels of nesting to fake this schema>\"\n                    },\n                    \"title\": {\n                      \"value\": \"<Error: Too many levels of nesting to fake this schema>\"\n                    }\n                  }\n                ]\n              },\n              {\n                \"contextualNavigationCard\": [\n                  {\n                    \"description\": {\n                      \"value\": \"<Error: Too many levels of nesting to fake this schema>\"\n                    },\n                    \"link\": {\n                      \"value\": \"<Error: Too many levels of nesting to fake this schema>\"\n                    },\n                    \"title\": {\n                      \"value\": \"<Error: Too many levels of nesting to fake this schema>\"\n                    }\n                  },\n                  {\n                    \"description\": {\n                      \"value\": \"<Error: Too many levels of nesting to fake this schema>\"\n                    },\n                    \"link\": {\n                      \"value\": \"<Error: Too many levels of nesting to fake this schema>\"\n                    },\n                    \"title\": {\n                      \"value\": \"<Error: Too many levels of nesting to fake this schema>\"\n                    }\n                  }\n                ]\n              }\n            ],\n            \"description\": \"in ullamco amet anim\",\n            \"link\": [\n              {\n                \"type\": \"veniam\",\n                \"uri\": \"eiusmod culpa sit\"\n              },\n              {\n                \"type\": \"in sint\",\n                \"uri\": \"magna non elit\"\n              }\n            ],\n            \"title\": \"irure ipsum\"\n          },\n          {\n            \"contextualNavigationCards\": [\n              {\n                \"contextualNavigationCard\": [\n                  {\n                    \"description\": {\n                      \"value\": \"<Error: Too many levels of nesting to fake this schema>\"\n                    },\n                    \"link\": {\n                      \"value\": \"<Error: Too many levels of nesting to fake this schema>\"\n                    },\n                    \"title\": {\n                      \"value\": \"<Error: Too many levels of nesting to fake this schema>\"\n                    }\n                  },\n                  {\n                    \"description\": {\n                      \"value\": \"<Error: Too many levels of nesting to fake this schema>\"\n                    },\n                    \"link\": {\n                      \"value\": \"<Error: Too many levels of nesting to fake this schema>\"\n                    },\n                    \"title\": {\n                      \"value\": \"<Error: Too many levels of nesting to fake this schema>\"\n                    }\n                  }\n                ]\n              },\n              {\n                \"contextualNavigationCard\": [\n                  {\n                    \"description\": {\n                      \"value\": \"<Error: Too many levels of nesting to fake this schema>\"\n                    },\n                    \"link\": {\n                      \"value\": \"<Error: Too many levels of nesting to fake this schema>\"\n                    },\n                    \"title\": {\n                      \"value\": \"<Error: Too many levels of nesting to fake this schema>\"\n                    }\n                  },\n                  {\n                    \"description\": {\n                      \"value\": \"<Error: Too many levels of nesting to fake this schema>\"\n                    },\n                    \"link\": {\n                      \"value\": \"<Error: Too many levels of nesting to fake this schema>\"\n                    },\n                    \"title\": {\n                      \"value\": \"<Error: Too many levels of nesting to fake this schema>\"\n                    }\n                  }\n                ]\n              }\n            ],\n            \"description\": \"adipisicing voluptate\",\n            \"link\": [\n              {\n                \"type\": \"nostrud non aliquip\",\n                \"uri\": \"Lorem consequat\"\n              },\n              {\n                \"type\": \"laborum \",\n                \"uri\": \"fugiat consectetur ut \"\n              }\n            ],\n            \"title\": \"exercitation anim\"\n          }\n        ]\n      }\n    ]\n  }\n]","cookie":[],"_postman_previewlanguage":"json"}],"event":[],"protocolProfileBehavior":{"disableBodyPruning":true}}],"event":[]},{"id":"313b7ce6-d51e-4e5b-b9fd-bebebedc2b2e","name":"Health check probes.","request":{"name":"Health check probes.","description":{},"url":{"path":["live"],"host":["{{baseUrl}}"],"query":[],"variable":[]},"header":[{"key":"Accept","value":"application/json"}],"method":"GET","auth":null},"response":[{"id":"35369570-1934-458f-bffd-291c5d7e8025","name":"Health check.","originalRequest":{"url":{"path":["live"],"host":["{{baseUrl}}"],"query":[],"variable":[]},"header":[{"key":"Accept","value":"application/json"}],"method":"GET","body":{}},"status":"OK","code":200,"header":[{"key":"Content-Type","value":"application/json"}],"body":"{\n  \"message\": \"ea ad mollit esse\"\n}","cookie":[],"_postman_previewlanguage":"json"}],"event":[],"protocolProfileBehavior":{"disableBodyPruning":true}}],"event":[],"variable":[{"type":"string","value":"https://tenants.fiserv.com/","key":"baseUrl"}],"info":{"_postman_id":"e00694ce-06ec-46e3-9010-ef94adc5b473","name":"Dev Portal Tenant APIs.","schema":"https://schema.getpostman.com/json/collection/v2.1.0/collection.json","description":{"content":"To onboard properly into the Fiserv Developer Studio as a tenant each product must support these APIs so that we can retrieve product specific API specifications and documentation.","type":"text/plain"}}}