{"item":[{"id":"c7e6ffb5-f735-4acc-8d30-8a7889ac0939","name":"Search for Merchant by Partner Tax ID","request":{"name":"Search for Merchant by Partner Tax ID","description":{"content":"Search for Merchant by Partner Tax ID","type":"text/plain"},"url":{"path":["bwa","consulta-estabelecimento-socio","v1","consulta",":documento"],"host":["{{baseUrl}}"],"query":[],"variable":[{"disabled":false,"type":"any","value":"<string>","key":"documento","description":"(Required) Partner Document Number (CPF)"}]},"header":[{"disabled":false,"description":"(Required) HMAC","key":"Message-Signature","value":"<string>"},{"disabled":false,"description":"(Required) APigee Key","key":"Api-Key","value":"<string>"},{"disabled":false,"description":"(Required) Oauth Key","key":"auth","value":"<string>"},{"disabled":false,"description":"(Required) Date - Epoch format","key":"Timestamp","value":"<string>"},{"disabled":false,"description":"(Required) Randomly generated by client","key":"Client-Request-Id","value":"<string>"},{"disabled":false,"description":"(Required) Institution Number","key":"instituicao","value":"<string>"},{"disabled":false,"description":"(Required) Service Contract Number. Please contact your Fiserv Representative, in case you don't know","key":"codigo-contrato","value":"<string>"},{"key":"Accept","value":"application/json"}],"method":"GET","auth":null},"response":[{"id":"45820c96-8a35-4392-823e-af7bd4ce657b","name":"Successfully Done","originalRequest":{"url":{"path":["bwa","consulta-estabelecimento-socio","v1","consulta",":documento"],"host":["{{baseUrl}}"],"query":[],"variable":[{"disabled":false,"type":"any","value":"<string>","key":"documento","description":"(Required) Partner Document Number (CPF)"}]},"header":[{"disabled":false,"description":"(Required) HMAC","key":"Message-Signature","value":"1tsmkG9Ip3k2rcO5cETButfP3D/RS6U8troFF+mUrno="},{"disabled":false,"description":"(Required) APigee Key","key":"Api-Key","value":"X0GW3QGOYFn4r7DHcVC8KuatUnNs6MGB"},{"disabled":false,"description":"(Required) Oauth Key","key":"auth","value":""},{"disabled":false,"description":"(Required) Date - Epoch format","key":"Timestamp","value":"1563309156733"},{"disabled":false,"description":"(Required) Randomly generated by client","key":"Client-Request-Id","value":"6NYHj9Pgyxc84rmafpwG4fjhLwFfJYFVmxJOcgziD0QN3q6mGC"},{"disabled":false,"description":"(Required) Institution Number","key":"instituicao","value":"00000009"},{"disabled":false,"description":"(Required) Service Contract Number. Please contact your Fiserv Representative, in case you don't know","key":"codigo-contrato","value":"101"},{"key":"Accept","value":"application/json"}],"method":"GET","body":{}},"status":"OK","code":200,"header":[{"key":"Content-Type","value":"application/json"}],"body":"{\n  \"codigoRetorno\": 0,\n  \"mensagem\": \"0 - Sucesso (meaning Success)\",\n  \"conteudo\": [\n    {\n      \"status\": \"Ativo (meaning Active)\",\n      \"email\": \"partener@establishment.com\",\n      \"companyName\": \"Company S/A\",\n      \"clientNumber\": \"087645873457\",\n      \"registrationNumber\": \"45873457\",\n      \"partnerInfoName1\": \"Partner name 1\",\n      \"partnerInfoPhone1\": \"11333333333\",\n      \"partnerInfoName2\": \"Partner name 2\",\n      \"partnerInfoPhone2\": \"11333333333\",\n      \"partnerInfoName3\": \"Partner name 3\",\n      \"partnerInfoPhone3\": \"11333333333\"\n    },\n    {\n      \"status\": \"Ativo (meaning Active)\",\n      \"email\": \"partener@establishment.com\",\n      \"companyName\": \"Company S/A\",\n      \"clientNumber\": \"087645873457\",\n      \"registrationNumber\": \"45873457\",\n      \"partnerInfoName1\": \"Partner name 1\",\n      \"partnerInfoPhone1\": \"11333333333\",\n      \"partnerInfoName2\": \"Partner name 2\",\n      \"partnerInfoPhone2\": \"11333333333\",\n      \"partnerInfoName3\": \"Partner name 3\",\n      \"partnerInfoPhone3\": \"11333333333\"\n    }\n  ]\n}","cookie":[],"_postman_previewlanguage":"json"},{"id":"9e1810ec-5804-4466-977c-457349fb0c6a","name":"Partial Content","originalRequest":{"url":{"path":["bwa","consulta-estabelecimento-socio","v1","consulta",":documento"],"host":["{{baseUrl}}"],"query":[],"variable":[{"disabled":false,"type":"any","value":"<string>","key":"documento","description":"(Required) Partner Document Number (CPF)"}]},"header":[{"disabled":false,"description":"(Required) HMAC","key":"Message-Signature","value":"1tsmkG9Ip3k2rcO5cETButfP3D/RS6U8troFF+mUrno="},{"disabled":false,"description":"(Required) APigee Key","key":"Api-Key","value":"X0GW3QGOYFn4r7DHcVC8KuatUnNs6MGB"},{"disabled":false,"description":"(Required) Oauth Key","key":"auth","value":""},{"disabled":false,"description":"(Required) Date - Epoch format","key":"Timestamp","value":"1563309156733"},{"disabled":false,"description":"(Required) Randomly generated by client","key":"Client-Request-Id","value":"6NYHj9Pgyxc84rmafpwG4fjhLwFfJYFVmxJOcgziD0QN3q6mGC"},{"disabled":false,"description":"(Required) Institution Number","key":"instituicao","value":"00000009"},{"disabled":false,"description":"(Required) Service Contract Number. Please contact your Fiserv Representative, in case you don't know","key":"codigo-contrato","value":"101"},{"key":"Accept","value":"application/json"}],"method":"GET","body":{}},"status":"Partial Content","code":206,"header":[{"key":"Content-Type","value":"application/json"}],"body":"{\n  \"codigoRetorno\": 9,\n  \"mensagem\": \"9 - Campos mandatorios...\"\n}","cookie":[],"_postman_previewlanguage":"json"},{"id":"46ea3261-3f34-40d4-9a44-268cad8d52e5","name":"Unauthorized","originalRequest":{"url":{"path":["bwa","consulta-estabelecimento-socio","v1","consulta",":documento"],"host":["{{baseUrl}}"],"query":[],"variable":[{"disabled":false,"type":"any","value":"<string>","key":"documento","description":"(Required) Partner Document Number (CPF)"}]},"header":[{"disabled":false,"description":"(Required) HMAC","key":"Message-Signature","value":"1tsmkG9Ip3k2rcO5cETButfP3D/RS6U8troFF+mUrno="},{"disabled":false,"description":"(Required) APigee Key","key":"Api-Key","value":"X0GW3QGOYFn4r7DHcVC8KuatUnNs6MGB"},{"disabled":false,"description":"(Required) Oauth Key","key":"auth","value":""},{"disabled":false,"description":"(Required) Date - Epoch format","key":"Timestamp","value":"1563309156733"},{"disabled":false,"description":"(Required) Randomly generated by client","key":"Client-Request-Id","value":"6NYHj9Pgyxc84rmafpwG4fjhLwFfJYFVmxJOcgziD0QN3q6mGC"},{"disabled":false,"description":"(Required) Institution Number","key":"instituicao","value":"00000009"},{"disabled":false,"description":"(Required) Service Contract Number. Please contact your Fiserv Representative, in case you don't know","key":"codigo-contrato","value":"101"},{"key":"Accept","value":"application/json"}],"method":"GET","body":{}},"status":"Unauthorized","code":401,"header":[{"key":"Content-Type","value":"application/json"}],"body":"{\n  \"codigoRetorno\": {},\n  \"mensagem\": \"Acesso nao autorizado ao conteudo pesquisado (meaning Access Denied for he parameters provided)\"\n}","cookie":[],"_postman_previewlanguage":"json"},{"id":"b16c1aa5-2ed2-4306-a577-9941aba61da2","name":"Forbidden","originalRequest":{"url":{"path":["bwa","consulta-estabelecimento-socio","v1","consulta",":documento"],"host":["{{baseUrl}}"],"query":[],"variable":[{"disabled":false,"type":"any","value":"<string>","key":"documento","description":"(Required) Partner Document Number (CPF)"}]},"header":[{"disabled":false,"description":"(Required) HMAC","key":"Message-Signature","value":"1tsmkG9Ip3k2rcO5cETButfP3D/RS6U8troFF+mUrno="},{"disabled":false,"description":"(Required) APigee Key","key":"Api-Key","value":"X0GW3QGOYFn4r7DHcVC8KuatUnNs6MGB"},{"disabled":false,"description":"(Required) Oauth Key","key":"auth","value":""},{"disabled":false,"description":"(Required) Date - Epoch format","key":"Timestamp","value":"1563309156733"},{"disabled":false,"description":"(Required) Randomly generated by client","key":"Client-Request-Id","value":"6NYHj9Pgyxc84rmafpwG4fjhLwFfJYFVmxJOcgziD0QN3q6mGC"},{"disabled":false,"description":"(Required) Institution Number","key":"instituicao","value":"00000009"},{"disabled":false,"description":"(Required) Service Contract Number. Please contact your Fiserv Representative, in case you don't know","key":"codigo-contrato","value":"101"},{"key":"Accept","value":"application/json"}],"method":"GET","body":{}},"status":"Forbidden","code":403,"header":[{"key":"Content-Type","value":"application/json"}],"body":"{\n  \"codigoRetorno\": 3,\n  \"mensagem\": \"3 - Acesso negado (meaning Access Denied)\"\n}","cookie":[],"_postman_previewlanguage":"json"},{"id":"9d3b10ba-c77f-4335-a1db-c07739ffe435","name":"Not Found","originalRequest":{"url":{"path":["bwa","consulta-estabelecimento-socio","v1","consulta",":documento"],"host":["{{baseUrl}}"],"query":[],"variable":[{"disabled":false,"type":"any","value":"<string>","key":"documento","description":"(Required) Partner Document Number (CPF)"}]},"header":[{"disabled":false,"description":"(Required) HMAC","key":"Message-Signature","value":"1tsmkG9Ip3k2rcO5cETButfP3D/RS6U8troFF+mUrno="},{"disabled":false,"description":"(Required) APigee Key","key":"Api-Key","value":"X0GW3QGOYFn4r7DHcVC8KuatUnNs6MGB"},{"disabled":false,"description":"(Required) Oauth Key","key":"auth","value":""},{"disabled":false,"description":"(Required) Date - Epoch format","key":"Timestamp","value":"1563309156733"},{"disabled":false,"description":"(Required) Randomly generated by client","key":"Client-Request-Id","value":"6NYHj9Pgyxc84rmafpwG4fjhLwFfJYFVmxJOcgziD0QN3q6mGC"},{"disabled":false,"description":"(Required) Institution Number","key":"instituicao","value":"00000009"},{"disabled":false,"description":"(Required) Service Contract Number. Please contact your Fiserv Representative, in case you don't know","key":"codigo-contrato","value":"101"},{"key":"Accept","value":"application/json"}],"method":"GET","body":{}},"status":"Not Found","code":404,"header":[{"key":"Content-Type","value":"application/json"}],"body":"{\n  \"codigoRetorno\": {},\n  \"mensagem\": \"Item nao encontrado (meaning Item not found)\"\n}","cookie":[],"_postman_previewlanguage":"json"},{"id":"2f92e869-2278-4b6b-bd0f-039d7715795a","name":"Conflict","originalRequest":{"url":{"path":["bwa","consulta-estabelecimento-socio","v1","consulta",":documento"],"host":["{{baseUrl}}"],"query":[],"variable":[{"disabled":false,"type":"any","value":"<string>","key":"documento","description":"(Required) Partner Document Number (CPF)"}]},"header":[{"disabled":false,"description":"(Required) HMAC","key":"Message-Signature","value":"1tsmkG9Ip3k2rcO5cETButfP3D/RS6U8troFF+mUrno="},{"disabled":false,"description":"(Required) APigee Key","key":"Api-Key","value":"X0GW3QGOYFn4r7DHcVC8KuatUnNs6MGB"},{"disabled":false,"description":"(Required) Oauth Key","key":"auth","value":""},{"disabled":false,"description":"(Required) Date - Epoch format","key":"Timestamp","value":"1563309156733"},{"disabled":false,"description":"(Required) Randomly generated by client","key":"Client-Request-Id","value":"6NYHj9Pgyxc84rmafpwG4fjhLwFfJYFVmxJOcgziD0QN3q6mGC"},{"disabled":false,"description":"(Required) Institution Number","key":"instituicao","value":"00000009"},{"disabled":false,"description":"(Required) Service Contract Number. Please contact your Fiserv Representative, in case you don't know","key":"codigo-contrato","value":"101"},{"key":"Accept","value":"application/json"}],"method":"GET","body":{}},"status":"Conflict","code":409,"header":[{"key":"Content-Type","value":"application/json"}],"body":"{\n  \"codigoRetorno\": {},\n  \"mensagem\": \"Item duplicado (meaning Duplicated Item)\"\n}","cookie":[],"_postman_previewlanguage":"json"},{"id":"d2d4dc8d-c64c-4de7-9128-823c1a5ebffa","name":"Internal Server Error","originalRequest":{"url":{"path":["bwa","consulta-estabelecimento-socio","v1","consulta",":documento"],"host":["{{baseUrl}}"],"query":[],"variable":[{"disabled":false,"type":"any","value":"<string>","key":"documento","description":"(Required) Partner Document Number (CPF)"}]},"header":[{"disabled":false,"description":"(Required) HMAC","key":"Message-Signature","value":"1tsmkG9Ip3k2rcO5cETButfP3D/RS6U8troFF+mUrno="},{"disabled":false,"description":"(Required) APigee Key","key":"Api-Key","value":"X0GW3QGOYFn4r7DHcVC8KuatUnNs6MGB"},{"disabled":false,"description":"(Required) Oauth Key","key":"auth","value":""},{"disabled":false,"description":"(Required) Date - Epoch format","key":"Timestamp","value":"1563309156733"},{"disabled":false,"description":"(Required) Randomly generated by client","key":"Client-Request-Id","value":"6NYHj9Pgyxc84rmafpwG4fjhLwFfJYFVmxJOcgziD0QN3q6mGC"},{"disabled":false,"description":"(Required) Institution Number","key":"instituicao","value":"00000009"},{"disabled":false,"description":"(Required) Service Contract Number. Please contact your Fiserv Representative, in case you don't know","key":"codigo-contrato","value":"101"},{"key":"Accept","value":"application/json"}],"method":"GET","body":{}},"status":"Internal Server Error","code":500,"header":[{"key":"Content-Type","value":"application/json"}],"body":"{\n  \"codigoRetorno\": 2,\n  \"mensagem\": \"2 - Erro Interno (meaning Internal Error)\"\n}","cookie":[],"_postman_previewlanguage":"json"}],"event":[],"protocolProfileBehavior":{"disableBodyPruning":true}}],"event":[],"variable":[{"type":"string","value":"https://cat.api.firstdata.com","key":"baseUrl"}],"info":{"_postman_id":"87d02ad9-e8ac-4fa5-a48f-3fd4b9356015","name":"Search for Merchant Information by Partner Tax ID","schema":"https://schema.getpostman.com/json/collection/v2.1.0/collection.json","description":{"content":"Search for Merchant Information by Partner Tax ID\n\nContact Support:\n Name: First Data","type":"text/plain"}}}