{"item":[{"id":"a4894602-a3f1-4381-9ce0-54967e4b2c71","name":"Search Bureau for Individual Tax ID - CPF (SERPRO)","request":{"name":"Search Bureau for Individual Tax ID - CPF (SERPRO)","description":{"content":"Bureau for Tax ID - Individual - CPF","type":"text/plain"},"url":{"path":["bwa","consulta-cpf",":cpf"],"host":["{{baseUrl}}"],"query":[],"variable":[{"disabled":false,"type":"any","value":"<string>","key":"cpf","description":"(Required) Individual Tax ID Number"}]},"header":[{"disabled":false,"description":"(Required) HMAC","key":"Message-Signature","value":"<string>"},{"disabled":false,"description":"(Required) APigee Key","key":"Api-Key","value":"<string>"},{"disabled":false,"description":"(Required) Oauth Key","key":"auth","value":"<string>"},{"disabled":false,"description":"(Required) Date - Epoch Format","key":"Timestamp","value":"<string>"},{"disabled":false,"description":"(Required) Randomly generated by client","key":"Client-Request-Id","value":"<string>"},{"key":"Accept","value":"application/json"}],"method":"GET","auth":null},"response":[{"id":"d350666a-9792-434f-bcf1-c693b181e1b8","name":"Successfully Done.","originalRequest":{"url":{"path":["bwa","consulta-cpf",":cpf"],"host":["{{baseUrl}}"],"query":[],"variable":[{"disabled":false,"type":"any","value":"<string>","key":"cpf","description":"(Required) Individual Tax ID Number"}]},"header":[{"disabled":false,"description":"(Required) HMAC","key":"Message-Signature","value":"1tsmkG9Ip3k2rcO5cETButfP3D/RS6U8troFF+mUrno="},{"disabled":false,"description":"(Required) APigee Key","key":"Api-Key","value":"X0GW3QGOYFn4r7DHcVC8KuatUnNs6MGB"},{"disabled":false,"description":"(Required) Oauth Key","key":"auth","value":""},{"disabled":false,"description":"(Required) Date - Epoch Format","key":"Timestamp","value":"1563309156733"},{"disabled":false,"description":"(Required) Randomly generated by client","key":"Client-Request-Id","value":"6NYHj9Pgyxc84rmafpwG4fjhLwFfJYFVmxJOcgziD0QN3q6mGC"},{"key":"Accept","value":"application/json"}],"method":"GET","body":{}},"status":"OK","code":200,"header":[{"key":"Content-Type","value":"application/json"}],"body":"{\n  \"ni\": \"nostrud laborum culpa nul\",\n  \"nome\": \"ut incididunt eu\",\n  \"situacao\": {\n    \"codigo\": \"0 Regular - (meaning regular)\",\n    \"descricao\": \"0 Regular - (meaning regular)\"\n  }\n}","cookie":[],"_postman_previewlanguage":"json"}],"event":[],"protocolProfileBehavior":{"disableBodyPruning":true}}],"event":[],"variable":[{"type":"string","value":"https://cat.api.firstdata.com","key":"baseUrl"}],"info":{"_postman_id":"59cb7044-0443-4a74-adb0-bcda65ed242a","name":"Bureau for Tax ID - Individual - CPF (SERPRO)","schema":"https://schema.getpostman.com/json/collection/v2.1.0/collection.json","description":{"content":"Bureau for Tax ID - Individual - CPF (SERPRO)","type":"text/plain"}}}