{"item":[{"id":"22f6ce7a-7b12-436c-94b5-bc17172720a6","name":"Service Order Opening for API TMS Microservices","request":{"name":"Service Order Opening for API TMS Microservices","description":{"content":"Service Order Opening for API TMS Microservices","type":"text/plain"},"url":{"path":["bwa","brtms-microservices","serviceorder","remote","transaction"],"host":["{{baseUrl}}"],"query":[],"variable":[]},"header":[{"key":"Content-Type","value":"application/json"},{"key":"Accept","value":"application/json"}],"method":"POST","auth":null,"body":{"mode":"raw","raw":"{\n  \"messageType\": \"<string>\",\n  \"messagePcode\": \"<string>\",\n  \"cardAcceptorTermID\": \"<string>\",\n  \"reasonId\": \"<string>\",\n  \"trace\": \"<string>\",\n  \"dateLocal\": \"<string>\",\n  \"timeLocal\": \"<string>\",\n  \"urgencyCode\": \"<string>\",\n  \"terminalSerialNumber\": \"<string>\",\n  \"typeOfTechnology\": \"<string>\",\n  \"typeOfTechnologyOld\": \"<string>\",\n  \"terminalSerialNumberOld\": \"<string>\",\n  \"pinMasterKeyPOS\": \"<string>\",\n  \"parametersOfLoyalty\": \"<string>\",\n  \"parametersOfRechargeMobile\": \"<string>\",\n  \"workingDaysAndTime\": \"<string>\",\n  \"cancellationId\": \"<string>\",\n  \"cancellationDescription\": \"<string>\",\n  \"obsoleteTerminal\": \"<string>\",\n  \"costumerInformation\": {\n    \"email\": \"<string>\",\n    \"cellPhone\": \"<string>\"\n  },\n  \"notes\": {\n    \"contact\": \"<string>\",\n    \"time\": \"<string>\",\n    \"descriptions\": \"<string>\",\n    \"notes\": \"<string>\"\n  },\n  \"supplyCode\": \"<string>\",\n  \"mcc\": \"<string>\",\n  \"currencyCode\": \"<string>\",\n  \"specialConditionFlag\": \"<string>\",\n  \"modal\": \"<string>\",\n  \"notesFlag\": \"<string>\",\n  \"descripitionFlag\": \"<string>\",\n  \"mobileOperator\": \"<string>\",\n  \"simcardType\": \"<string>\",\n  \"lunchTimeMonday\": \"<string>\",\n  \"lunchTimeTuesday\": \"<string>\",\n  \"lunchTimeWednesday\": \"<string>\",\n  \"lunchTimeThursday\": \"<string>\",\n  \"lunchTimeFriday\": \"<string>\",\n  \"lunchTimeSaturday\": \"<string>\",\n  \"lunchTimeSunday\": \"<string>\",\n  \"maintenanceTimeMonday\": \"<string>\",\n  \"maintenanceTimeTuesday\": \"<string>\",\n  \"maintenanceTimeWednesday\": \"<string>\",\n  \"maintenanceTimeThursday\": \"<string>\",\n  \"maintenanceTimeFriday\": \"<string>\",\n  \"maintenanceTimeSaturday\": \"<string>\",\n  \"maintenanceTimeSunday\": \"<string>\",\n  \"geolocationLongitude\": \"<string>\",\n  \"geolocationLatitude\": \"<string>\",\n  \"recipientName\": \"<string>\",\n  \"contactRecipient\": \"<string>\",\n  \"referencePoint\": \"<string>\",\n  \"complement\": \"<string>\",\n  \"establishmentName\": \"<string>\",\n  \"activityBranch\": \"<string>\",\n  \"typeLocationDelivery\": \"<string>\",\n  \"advencedPost\": \"<string>\",\n  \"generatedBy\": \"<string>\",\n  \"valueFee\": \"<string>\",\n  \"settlementIndicator\": \"<string>\",\n  \"expiryDate\": \"<string>\",\n  \"origin\": \"<string>\",\n  \"userName\": \"<string>\",\n  \"reason\": \"<string>\",\n  \"merchantInfo\": {\n    \"taxIdNumber\": \"<string>\",\n    \"name\": \"<string>\",\n    \"nameTrade\": \"<string>\",\n    \"address\": \"<string>\",\n    \"addressNumber\": \"<string>\",\n    \"complement\": \"<string>\",\n    \"neighborhood\": \"<string>\",\n    \"zipCode\": \"<string>\",\n    \"city\": \"<string>\",\n    \"state\": \"<string>\",\n    \"RG\": \"<string>\",\n    \"CNAE\": \"<string>\",\n    \"taxIdNumber2\": \"<string>\",\n    \"taxIdNumber3\": \"<string>\",\n    \"phoneNumber\": \"<string>\",\n    \"boardingChannel\": \"<string>\",\n    \"boardingChannelDescription\": \"<string>\",\n    \"boardingChannelType\": \"<string>\",\n    \"boardingChannelTypeDescription\": \"<string>\",\n    \"boardingSubChannel\": \"<string>\",\n    \"boardingSubChannelDescription\": \"<string>\",\n    \"agent\": \"<string>\",\n    \"agentName\": \"<string>\",\n    \"serviceContractId\": \"<string>\"\n  },\n  \"installAddress\": {\n    \"taxIdNumber\": \"<string>\",\n    \"name\": \"<string>\",\n    \"nameTrade\": \"<string>\",\n    \"address\": \"<string>\",\n    \"number\": \"<string>\",\n    \"complement\": \"<string>\",\n    \"neighborhood\": \"<string>\",\n    \"zipCode\": \"<string>\",\n    \"city\": \"<string>\",\n    \"state\": \"<string>\"\n  }\n}","options":{"raw":{"language":"json"}}}},"response":[{"id":"75edc67d-07db-4f0f-837d-d874d6c17805","name":"Success","originalRequest":{"url":{"path":["bwa","brtms-microservices","serviceorder","remote","transaction"],"host":["{{baseUrl}}"],"query":[],"variable":[]},"header":[{"key":"Accept","value":"application/json"}],"method":"POST","body":{"mode":"raw","raw":"{\n  \"messageType\": \"0300\",\n  \"messagePcode\": \"410000 - maintenance\",\n  \"cardAcceptorTermID\": \"GPRG0RW8\",\n  \"reasonId\": \"C01 (Troca de operadora/estabelecimento)\",\n  \"trace\": \"123456\",\n  \"dateLocal\": \"20220407\",\n  \"timeLocal\": \"150000\",\n  \"urgencyCode\": \"25\",\n  \"terminalSerialNumber\": \"209998888555522222\",\n  \"typeOfTechnology\": \"PGW\",\n  \"typeOfTechnologyOld\": \"PGW\",\n  \"terminalSerialNumberOld\": \"209998888555544222\",\n  \"pinMasterKeyPOS\": \"12341234123412341234\",\n  \"parametersOfLoyalty\": \"00\",\n  \"parametersOfRechargeMobile\": \"00\",\n  \"workingDaysAndTime\": \"10000000020900180030900180040900180050900180060900180070000000\",\n  \"cancellationId\": \"MCT1355\",\n  \"cancellationDescription\": \"DESISTENCIA DA SOLICITACAO\",\n  \"obsoleteTerminal\": \"0\",\n  \"costumerInformation\": {\n    \"email\": \"name@email.com\",\n    \"cellPhone\": \"1199552121\"\n  },\n  \"notes\": {\n    \"contact\": \"Jose da Silva\",\n    \"time\": \"1800\",\n    \"descriptions\": \"bobina\",\n    \"notes\": \"anotações gerais\"\n  },\n  \"supplyCode\": \"B01\",\n  \"mcc\": \"7701\",\n  \"currencyCode\": \"986\",\n  \"specialConditionFlag\": \"OUVIDORIA\",\n  \"modal\": \"replace\",\n  \"notesFlag\": \"notas da condição especial\",\n  \"descripitionFlag\": \"atendimento consolidado\",\n  \"mobileOperator\": \"05\",\n  \"simcardType\": \"TRIPLE CUT\",\n  \"lunchTimeMonday\": \"10:00|12:00|13:00|18:00\",\n  \"lunchTimeTuesday\": \"10:00|12:00|13:00|18:00\",\n  \"lunchTimeWednesday\": \"10:00|12:00|13:00|18:00\",\n  \"lunchTimeThursday\": \"10:00|12:00|13:00|18:00\",\n  \"lunchTimeFriday\": \"10:00|12:00|13:00|18:00\",\n  \"lunchTimeSaturday\": \"10:00|12:00|13:00|18:00\",\n  \"lunchTimeSunday\": \"10:00|12:00|13:00|18:00\",\n  \"maintenanceTimeMonday\": \"10:00|12:00|13:00|18:00\",\n  \"maintenanceTimeTuesday\": \"10:00|12:00|13:00|18:00\",\n  \"maintenanceTimeWednesday\": \"10:00|12:00|13:00|18:00\",\n  \"maintenanceTimeThursday\": \"10:00|12:00|13:00|18:00\",\n  \"maintenanceTimeFriday\": \"10:00|12:00|13:00|18:00\",\n  \"maintenanceTimeSaturday\": \"10:00|12:00|13:00|18:00\",\n  \"maintenanceTimeSunday\": \"10:00|12:00|13:00|18:00\",\n  \"geolocationLongitude\": \"-30.028609\",\n  \"geolocationLatitude\": \"-51.1994847\",\n  \"recipientName\": \"John doe\",\n  \"contactRecipient\": \"01199625-5000\",\n  \"referencePoint\": \"Posto Shell\",\n  \"complement\": \"quadra 02\",\n  \"establishmentName\": \"Empresa Ltda\",\n  \"activityBranch\": \"Comercio Varejista\",\n  \"typeLocationDelivery\": \"1\",\n  \"advencedPost\": \"000000000014\",\n  \"generatedBy\": \"API TMS\",\n  \"valueFee\": \"85.00\",\n  \"settlementIndicator\": \"Y\",\n  \"expiryDate\": \"Y\",\n  \"origin\": \"Salesforce\",\n  \"userName\": \"Joe\",\n  \"reason\": \"canceled\",\n  \"merchantInfo\": {\n    \"taxIdNumber\": \"10904159000194\",\n    \"name\": \"Teste Desenvolvimento\",\n    \"nameTrade\": \"Teste Desenvolvimento\",\n    \"address\": \"Avenida Manoel Pedro Pimentel\",\n    \"addressNumber\": \"265\",\n    \"complement\": \"102 Bloco G\",\n    \"neighborhood\": \"Continental\",\n    \"zipCode\": \"06020194\",\n    \"city\": \"Osasco\",\n    \"state\": \"SP\",\n    \"RG\": \"20.410.888-5\",\n    \"CNAE\": \"4742-3/00\",\n    \"taxIdNumber2\": \"999999999999999\",\n    \"taxIdNumber3\": \"123123123123\",\n    \"phoneNumber\": \"115454-8989\",\n    \"boardingChannel\": \"756\",\n    \"boardingChannelDescription\": \"BANCOOB\",\n    \"boardingChannelType\": \"007\",\n    \"boardingChannelTypeDescription\": \"01. Banco\",\n    \"boardingSubChannel\": \"99999\",\n    \"boardingSubChannelDescription\": \"PROPOSTA ELETRONICA\",\n    \"agent\": \"FCUGDEM\",\n    \"agentName\": \"Nome do Agente\",\n    \"serviceContractId\": \"101\"\n  },\n  \"installAddress\": {\n    \"taxIdNumber\": \"10904159000194\",\n    \"name\": \"Teste Desenvolvimento Ltda\",\n    \"nameTrade\": \"Teste Desenvolvimento\",\n    \"address\": \"Avenida Manoel Pedro Pimentel\",\n    \"number\": \"265\",\n    \"complement\": \"102 Bloco G\",\n    \"neighborhood\": \"Continental\",\n    \"zipCode\": \"06020194\",\n    \"city\": \"Osasco\",\n    \"state\": \"SP\"\n  }\n}","options":{"raw":{"language":"json"}}}},"status":"OK","code":200,"header":[{"key":"Content-Type","value":"application/json"}],"body":"{\n  \"cardAcceptorIDCode\": \"000000000000001\",\n  \"cardAcceptorTermID\": \"GPR00001\",\n  \"responseCode\": \"00 Manutencao solicitada com sucesso\",\n  \"responseMessage\": \"Manutencao solicitada com sucesso\",\n  \"referenceNumberId\": \"600000000001\",\n  \"SRRN\": \"600000000002\"\n}","cookie":[],"_postman_previewlanguage":"json"},{"id":"c094a65f-cadd-4369-822e-b69221cc3842","name":"Unauthorized","originalRequest":{"url":{"path":["bwa","brtms-microservices","serviceorder","remote","transaction"],"host":["{{baseUrl}}"],"query":[],"variable":[]},"method":"POST","body":{"mode":"raw","raw":"{\n  \"messageType\": \"0300\",\n  \"messagePcode\": \"410000 - maintenance\",\n  \"cardAcceptorTermID\": \"GPRG0RW8\",\n  \"reasonId\": \"C01 (Troca de operadora/estabelecimento)\",\n  \"trace\": \"123456\",\n  \"dateLocal\": \"20220407\",\n  \"timeLocal\": \"150000\",\n  \"urgencyCode\": \"25\",\n  \"terminalSerialNumber\": \"209998888555522222\",\n  \"typeOfTechnology\": \"PGW\",\n  \"typeOfTechnologyOld\": \"PGW\",\n  \"terminalSerialNumberOld\": \"209998888555544222\",\n  \"pinMasterKeyPOS\": \"12341234123412341234\",\n  \"parametersOfLoyalty\": \"00\",\n  \"parametersOfRechargeMobile\": \"00\",\n  \"workingDaysAndTime\": \"10000000020900180030900180040900180050900180060900180070000000\",\n  \"cancellationId\": \"MCT1355\",\n  \"cancellationDescription\": \"DESISTENCIA DA SOLICITACAO\",\n  \"obsoleteTerminal\": \"0\",\n  \"costumerInformation\": {\n    \"email\": \"name@email.com\",\n    \"cellPhone\": \"1199552121\"\n  },\n  \"notes\": {\n    \"contact\": \"Jose da Silva\",\n    \"time\": \"1800\",\n    \"descriptions\": \"bobina\",\n    \"notes\": \"anotações gerais\"\n  },\n  \"supplyCode\": \"B01\",\n  \"mcc\": \"7701\",\n  \"currencyCode\": \"986\",\n  \"specialConditionFlag\": \"OUVIDORIA\",\n  \"modal\": \"replace\",\n  \"notesFlag\": \"notas da condição especial\",\n  \"descripitionFlag\": \"atendimento consolidado\",\n  \"mobileOperator\": \"05\",\n  \"simcardType\": \"TRIPLE CUT\",\n  \"lunchTimeMonday\": \"10:00|12:00|13:00|18:00\",\n  \"lunchTimeTuesday\": \"10:00|12:00|13:00|18:00\",\n  \"lunchTimeWednesday\": \"10:00|12:00|13:00|18:00\",\n  \"lunchTimeThursday\": \"10:00|12:00|13:00|18:00\",\n  \"lunchTimeFriday\": \"10:00|12:00|13:00|18:00\",\n  \"lunchTimeSaturday\": \"10:00|12:00|13:00|18:00\",\n  \"lunchTimeSunday\": \"10:00|12:00|13:00|18:00\",\n  \"maintenanceTimeMonday\": \"10:00|12:00|13:00|18:00\",\n  \"maintenanceTimeTuesday\": \"10:00|12:00|13:00|18:00\",\n  \"maintenanceTimeWednesday\": \"10:00|12:00|13:00|18:00\",\n  \"maintenanceTimeThursday\": \"10:00|12:00|13:00|18:00\",\n  \"maintenanceTimeFriday\": \"10:00|12:00|13:00|18:00\",\n  \"maintenanceTimeSaturday\": \"10:00|12:00|13:00|18:00\",\n  \"maintenanceTimeSunday\": \"10:00|12:00|13:00|18:00\",\n  \"geolocationLongitude\": \"-30.028609\",\n  \"geolocationLatitude\": \"-51.1994847\",\n  \"recipientName\": \"John doe\",\n  \"contactRecipient\": \"01199625-5000\",\n  \"referencePoint\": \"Posto Shell\",\n  \"complement\": \"quadra 02\",\n  \"establishmentName\": \"Empresa Ltda\",\n  \"activityBranch\": \"Comercio Varejista\",\n  \"typeLocationDelivery\": \"1\",\n  \"advencedPost\": \"000000000014\",\n  \"generatedBy\": \"API TMS\",\n  \"valueFee\": \"85.00\",\n  \"settlementIndicator\": \"Y\",\n  \"expiryDate\": \"Y\",\n  \"origin\": \"Salesforce\",\n  \"userName\": \"Joe\",\n  \"reason\": \"canceled\",\n  \"merchantInfo\": {\n    \"taxIdNumber\": \"10904159000194\",\n    \"name\": \"Teste Desenvolvimento\",\n    \"nameTrade\": \"Teste Desenvolvimento\",\n    \"address\": \"Avenida Manoel Pedro Pimentel\",\n    \"addressNumber\": \"265\",\n    \"complement\": \"102 Bloco G\",\n    \"neighborhood\": \"Continental\",\n    \"zipCode\": \"06020194\",\n    \"city\": \"Osasco\",\n    \"state\": \"SP\",\n    \"RG\": \"20.410.888-5\",\n    \"CNAE\": \"4742-3/00\",\n    \"taxIdNumber2\": \"999999999999999\",\n    \"taxIdNumber3\": \"123123123123\",\n    \"phoneNumber\": \"115454-8989\",\n    \"boardingChannel\": \"756\",\n    \"boardingChannelDescription\": \"BANCOOB\",\n    \"boardingChannelType\": \"007\",\n    \"boardingChannelTypeDescription\": \"01. Banco\",\n    \"boardingSubChannel\": \"99999\",\n    \"boardingSubChannelDescription\": \"PROPOSTA ELETRONICA\",\n    \"agent\": \"FCUGDEM\",\n    \"agentName\": \"Nome do Agente\",\n    \"serviceContractId\": \"101\"\n  },\n  \"installAddress\": {\n    \"taxIdNumber\": \"10904159000194\",\n    \"name\": \"Teste Desenvolvimento Ltda\",\n    \"nameTrade\": \"Teste Desenvolvimento\",\n    \"address\": \"Avenida Manoel Pedro Pimentel\",\n    \"number\": \"265\",\n    \"complement\": \"102 Bloco G\",\n    \"neighborhood\": \"Continental\",\n    \"zipCode\": \"06020194\",\n    \"city\": \"Osasco\",\n    \"state\": \"SP\"\n  }\n}","options":{"raw":{"language":"json"}}}},"status":"Unauthorized","code":401,"header":[{"key":"Content-Type","value":"text/plain"}],"body":"","cookie":[],"_postman_previewlanguage":"text"},{"id":"07682784-e329-45af-9bdb-a6b4960cd59b","name":"Forbidden","originalRequest":{"url":{"path":["bwa","brtms-microservices","serviceorder","remote","transaction"],"host":["{{baseUrl}}"],"query":[],"variable":[]},"method":"POST","body":{"mode":"raw","raw":"{\n  \"messageType\": \"0300\",\n  \"messagePcode\": \"410000 - maintenance\",\n  \"cardAcceptorTermID\": \"GPRG0RW8\",\n  \"reasonId\": \"C01 (Troca de operadora/estabelecimento)\",\n  \"trace\": \"123456\",\n  \"dateLocal\": \"20220407\",\n  \"timeLocal\": \"150000\",\n  \"urgencyCode\": \"25\",\n  \"terminalSerialNumber\": \"209998888555522222\",\n  \"typeOfTechnology\": \"PGW\",\n  \"typeOfTechnologyOld\": \"PGW\",\n  \"terminalSerialNumberOld\": \"209998888555544222\",\n  \"pinMasterKeyPOS\": \"12341234123412341234\",\n  \"parametersOfLoyalty\": \"00\",\n  \"parametersOfRechargeMobile\": \"00\",\n  \"workingDaysAndTime\": \"10000000020900180030900180040900180050900180060900180070000000\",\n  \"cancellationId\": \"MCT1355\",\n  \"cancellationDescription\": \"DESISTENCIA DA SOLICITACAO\",\n  \"obsoleteTerminal\": \"0\",\n  \"costumerInformation\": {\n    \"email\": \"name@email.com\",\n    \"cellPhone\": \"1199552121\"\n  },\n  \"notes\": {\n    \"contact\": \"Jose da Silva\",\n    \"time\": \"1800\",\n    \"descriptions\": \"bobina\",\n    \"notes\": \"anotações gerais\"\n  },\n  \"supplyCode\": \"B01\",\n  \"mcc\": \"7701\",\n  \"currencyCode\": \"986\",\n  \"specialConditionFlag\": \"OUVIDORIA\",\n  \"modal\": \"replace\",\n  \"notesFlag\": \"notas da condição especial\",\n  \"descripitionFlag\": \"atendimento consolidado\",\n  \"mobileOperator\": \"05\",\n  \"simcardType\": \"TRIPLE CUT\",\n  \"lunchTimeMonday\": \"10:00|12:00|13:00|18:00\",\n  \"lunchTimeTuesday\": \"10:00|12:00|13:00|18:00\",\n  \"lunchTimeWednesday\": \"10:00|12:00|13:00|18:00\",\n  \"lunchTimeThursday\": \"10:00|12:00|13:00|18:00\",\n  \"lunchTimeFriday\": \"10:00|12:00|13:00|18:00\",\n  \"lunchTimeSaturday\": \"10:00|12:00|13:00|18:00\",\n  \"lunchTimeSunday\": \"10:00|12:00|13:00|18:00\",\n  \"maintenanceTimeMonday\": \"10:00|12:00|13:00|18:00\",\n  \"maintenanceTimeTuesday\": \"10:00|12:00|13:00|18:00\",\n  \"maintenanceTimeWednesday\": \"10:00|12:00|13:00|18:00\",\n  \"maintenanceTimeThursday\": \"10:00|12:00|13:00|18:00\",\n  \"maintenanceTimeFriday\": \"10:00|12:00|13:00|18:00\",\n  \"maintenanceTimeSaturday\": \"10:00|12:00|13:00|18:00\",\n  \"maintenanceTimeSunday\": \"10:00|12:00|13:00|18:00\",\n  \"geolocationLongitude\": \"-30.028609\",\n  \"geolocationLatitude\": \"-51.1994847\",\n  \"recipientName\": \"John doe\",\n  \"contactRecipient\": \"01199625-5000\",\n  \"referencePoint\": \"Posto Shell\",\n  \"complement\": \"quadra 02\",\n  \"establishmentName\": \"Empresa Ltda\",\n  \"activityBranch\": \"Comercio Varejista\",\n  \"typeLocationDelivery\": \"1\",\n  \"advencedPost\": \"000000000014\",\n  \"generatedBy\": \"API TMS\",\n  \"valueFee\": \"85.00\",\n  \"settlementIndicator\": \"Y\",\n  \"expiryDate\": \"Y\",\n  \"origin\": \"Salesforce\",\n  \"userName\": \"Joe\",\n  \"reason\": \"canceled\",\n  \"merchantInfo\": {\n    \"taxIdNumber\": \"10904159000194\",\n    \"name\": \"Teste Desenvolvimento\",\n    \"nameTrade\": \"Teste Desenvolvimento\",\n    \"address\": \"Avenida Manoel Pedro Pimentel\",\n    \"addressNumber\": \"265\",\n    \"complement\": \"102 Bloco G\",\n    \"neighborhood\": \"Continental\",\n    \"zipCode\": \"06020194\",\n    \"city\": \"Osasco\",\n    \"state\": \"SP\",\n    \"RG\": \"20.410.888-5\",\n    \"CNAE\": \"4742-3/00\",\n    \"taxIdNumber2\": \"999999999999999\",\n    \"taxIdNumber3\": \"123123123123\",\n    \"phoneNumber\": \"115454-8989\",\n    \"boardingChannel\": \"756\",\n    \"boardingChannelDescription\": \"BANCOOB\",\n    \"boardingChannelType\": \"007\",\n    \"boardingChannelTypeDescription\": \"01. Banco\",\n    \"boardingSubChannel\": \"99999\",\n    \"boardingSubChannelDescription\": \"PROPOSTA ELETRONICA\",\n    \"agent\": \"FCUGDEM\",\n    \"agentName\": \"Nome do Agente\",\n    \"serviceContractId\": \"101\"\n  },\n  \"installAddress\": {\n    \"taxIdNumber\": \"10904159000194\",\n    \"name\": \"Teste Desenvolvimento Ltda\",\n    \"nameTrade\": \"Teste Desenvolvimento\",\n    \"address\": \"Avenida Manoel Pedro Pimentel\",\n    \"number\": \"265\",\n    \"complement\": \"102 Bloco G\",\n    \"neighborhood\": \"Continental\",\n    \"zipCode\": \"06020194\",\n    \"city\": \"Osasco\",\n    \"state\": \"SP\"\n  }\n}","options":{"raw":{"language":"json"}}}},"status":"Forbidden","code":403,"header":[{"key":"Content-Type","value":"text/plain"}],"body":"","cookie":[],"_postman_previewlanguage":"text"},{"id":"abdf488a-1158-4fe6-939b-01482a030418","name":"Not Found","originalRequest":{"url":{"path":["bwa","brtms-microservices","serviceorder","remote","transaction"],"host":["{{baseUrl}}"],"query":[],"variable":[]},"method":"POST","body":{"mode":"raw","raw":"{\n  \"messageType\": \"0300\",\n  \"messagePcode\": \"410000 - maintenance\",\n  \"cardAcceptorTermID\": \"GPRG0RW8\",\n  \"reasonId\": \"C01 (Troca de operadora/estabelecimento)\",\n  \"trace\": \"123456\",\n  \"dateLocal\": \"20220407\",\n  \"timeLocal\": \"150000\",\n  \"urgencyCode\": \"25\",\n  \"terminalSerialNumber\": \"209998888555522222\",\n  \"typeOfTechnology\": \"PGW\",\n  \"typeOfTechnologyOld\": \"PGW\",\n  \"terminalSerialNumberOld\": \"209998888555544222\",\n  \"pinMasterKeyPOS\": \"12341234123412341234\",\n  \"parametersOfLoyalty\": \"00\",\n  \"parametersOfRechargeMobile\": \"00\",\n  \"workingDaysAndTime\": \"10000000020900180030900180040900180050900180060900180070000000\",\n  \"cancellationId\": \"MCT1355\",\n  \"cancellationDescription\": \"DESISTENCIA DA SOLICITACAO\",\n  \"obsoleteTerminal\": \"0\",\n  \"costumerInformation\": {\n    \"email\": \"name@email.com\",\n    \"cellPhone\": \"1199552121\"\n  },\n  \"notes\": {\n    \"contact\": \"Jose da Silva\",\n    \"time\": \"1800\",\n    \"descriptions\": \"bobina\",\n    \"notes\": \"anotações gerais\"\n  },\n  \"supplyCode\": \"B01\",\n  \"mcc\": \"7701\",\n  \"currencyCode\": \"986\",\n  \"specialConditionFlag\": \"OUVIDORIA\",\n  \"modal\": \"replace\",\n  \"notesFlag\": \"notas da condição especial\",\n  \"descripitionFlag\": \"atendimento consolidado\",\n  \"mobileOperator\": \"05\",\n  \"simcardType\": \"TRIPLE CUT\",\n  \"lunchTimeMonday\": \"10:00|12:00|13:00|18:00\",\n  \"lunchTimeTuesday\": \"10:00|12:00|13:00|18:00\",\n  \"lunchTimeWednesday\": \"10:00|12:00|13:00|18:00\",\n  \"lunchTimeThursday\": \"10:00|12:00|13:00|18:00\",\n  \"lunchTimeFriday\": \"10:00|12:00|13:00|18:00\",\n  \"lunchTimeSaturday\": \"10:00|12:00|13:00|18:00\",\n  \"lunchTimeSunday\": \"10:00|12:00|13:00|18:00\",\n  \"maintenanceTimeMonday\": \"10:00|12:00|13:00|18:00\",\n  \"maintenanceTimeTuesday\": \"10:00|12:00|13:00|18:00\",\n  \"maintenanceTimeWednesday\": \"10:00|12:00|13:00|18:00\",\n  \"maintenanceTimeThursday\": \"10:00|12:00|13:00|18:00\",\n  \"maintenanceTimeFriday\": \"10:00|12:00|13:00|18:00\",\n  \"maintenanceTimeSaturday\": \"10:00|12:00|13:00|18:00\",\n  \"maintenanceTimeSunday\": \"10:00|12:00|13:00|18:00\",\n  \"geolocationLongitude\": \"-30.028609\",\n  \"geolocationLatitude\": \"-51.1994847\",\n  \"recipientName\": \"John doe\",\n  \"contactRecipient\": \"01199625-5000\",\n  \"referencePoint\": \"Posto Shell\",\n  \"complement\": \"quadra 02\",\n  \"establishmentName\": \"Empresa Ltda\",\n  \"activityBranch\": \"Comercio Varejista\",\n  \"typeLocationDelivery\": \"1\",\n  \"advencedPost\": \"000000000014\",\n  \"generatedBy\": \"API TMS\",\n  \"valueFee\": \"85.00\",\n  \"settlementIndicator\": \"Y\",\n  \"expiryDate\": \"Y\",\n  \"origin\": \"Salesforce\",\n  \"userName\": \"Joe\",\n  \"reason\": \"canceled\",\n  \"merchantInfo\": {\n    \"taxIdNumber\": \"10904159000194\",\n    \"name\": \"Teste Desenvolvimento\",\n    \"nameTrade\": \"Teste Desenvolvimento\",\n    \"address\": \"Avenida Manoel Pedro Pimentel\",\n    \"addressNumber\": \"265\",\n    \"complement\": \"102 Bloco G\",\n    \"neighborhood\": \"Continental\",\n    \"zipCode\": \"06020194\",\n    \"city\": \"Osasco\",\n    \"state\": \"SP\",\n    \"RG\": \"20.410.888-5\",\n    \"CNAE\": \"4742-3/00\",\n    \"taxIdNumber2\": \"999999999999999\",\n    \"taxIdNumber3\": \"123123123123\",\n    \"phoneNumber\": \"115454-8989\",\n    \"boardingChannel\": \"756\",\n    \"boardingChannelDescription\": \"BANCOOB\",\n    \"boardingChannelType\": \"007\",\n    \"boardingChannelTypeDescription\": \"01. Banco\",\n    \"boardingSubChannel\": \"99999\",\n    \"boardingSubChannelDescription\": \"PROPOSTA ELETRONICA\",\n    \"agent\": \"FCUGDEM\",\n    \"agentName\": \"Nome do Agente\",\n    \"serviceContractId\": \"101\"\n  },\n  \"installAddress\": {\n    \"taxIdNumber\": \"10904159000194\",\n    \"name\": \"Teste Desenvolvimento Ltda\",\n    \"nameTrade\": \"Teste Desenvolvimento\",\n    \"address\": \"Avenida Manoel Pedro Pimentel\",\n    \"number\": \"265\",\n    \"complement\": \"102 Bloco G\",\n    \"neighborhood\": \"Continental\",\n    \"zipCode\": \"06020194\",\n    \"city\": \"Osasco\",\n    \"state\": \"SP\"\n  }\n}","options":{"raw":{"language":"json"}}}},"status":"Not Found","code":404,"header":[{"key":"Content-Type","value":"text/plain"}],"body":"","cookie":[],"_postman_previewlanguage":"text"}],"event":[],"protocolProfileBehavior":{"disableBodyPruning":true}}],"event":[],"variable":[{"type":"string","value":"https://cat.api.firstdata.com","key":"baseUrl"}],"info":{"_postman_id":"d3f9124a-bc1b-426a-887e-d745f44c7a36","name":"Service Orders Opening API TMS Microservices","schema":"https://schema.getpostman.com/json/collection/v2.1.0/collection.json","description":{"content":"Service Orders Opening API TMS Microservices","type":"text/plain"}}}