{"item":[{"id":"50030219-e8ae-4a5d-87d1-eb3aa504185c","name":"bwa/consultaos","item":[{"id":"8a0aabe2-82ad-4b39-a1f2-6b55f381096f","name":"Service Order Search by Institution Number and Merchant Code","request":{"name":"Service Order Search by Institution Number and Merchant Code","description":{"content":"Service Order Search by Institution Number and Merchant Code","type":"text/plain"},"url":{"path":["bwa","consultaos",":instituicao",":numeroMerchant"],"host":["{{baseUrl}}"],"query":[],"variable":[{"disabled":false,"type":"any","value":"<string>","key":"instituicao","description":"(Required) Merchant Institution Number"},{"disabled":false,"type":"any","value":"<string>","key":"numeroMerchant","description":"(Required) Merchant Code"}]},"header":[{"disabled":false,"description":"(Required) HMAC","key":"Message-Signature","value":"<string>"},{"disabled":false,"description":"(Required) APigee Key","key":"Api-Key","value":"<string>"},{"disabled":false,"description":"(Required) Oauth Key","key":"auth","value":"<string>"},{"disabled":false,"description":"(Required) Date - Epoch Format","key":"Timestamp","value":"<string>"},{"disabled":false,"description":"(Required) Randomly generated by Client","key":"Client-Request-Id","value":"<string>"},{"key":"Accept","value":"application/json"}],"method":"GET","auth":null},"response":[{"id":"1530d621-19b7-4bbc-a43d-c14e7e80171f","name":"Succesfully Done.","originalRequest":{"url":{"path":["bwa","consultaos",":instituicao",":numeroMerchant"],"host":["{{baseUrl}}"],"query":[],"variable":[{"disabled":false,"type":"any","value":"<string>","key":"instituicao","description":"(Required) Merchant Institution Number"},{"disabled":false,"type":"any","value":"<string>","key":"numeroMerchant","description":"(Required) Merchant Code"}]},"header":[{"disabled":false,"description":"(Required) HMAC","key":"Message-Signature","value":"1tsmkG9Ip3k2rcO5cETButfP3D/RS6U8troFF+mUrno="},{"disabled":false,"description":"(Required) APigee Key","key":"Api-Key","value":"X0GW3QGOYFn4r7DHcVC8KuatUnNs6MGB"},{"disabled":false,"description":"(Required) Oauth Key","key":"auth","value":""},{"disabled":false,"description":"(Required) Date - Epoch Format","key":"Timestamp","value":"1563309156733"},{"disabled":false,"description":"(Required) Randomly generated by Client","key":"Client-Request-Id","value":"6NYHj9Pgyxc84rmafpwG4fjhLwFfJYFVmxJOcgziD0QN3q6mGC"},{"key":"Accept","value":"application/json"}],"method":"GET","body":{}},"status":"OK","code":200,"header":[{"key":"Content-Type","value":"application/json"}],"body":"{\n  \"numeroInstituicao\": \"00000003\",\n  \"numeroMerchant\": \"91002806\",\n  \"codigoRetorno\": \"00 - Successfully Done\",\n  \"descricaoRetorno\": \"Successfully done\",\n  \"ordemServico\": [\n    {\n      \"osNumero\": \"123456789\",\n      \"osData\": \"20190606\",\n      \"numeroLogico\": \"1234567890\",\n      \"numeroTerminal\": \"1234567890\",\n      \"osStatus\": \"O - Open\",\n      \"osStatusDesc\": \"Open\",\n      \"numeroEndereco\": \"1234\",\n      \"contratoServico\": \"123\",\n      \"estado\": \"SP\",\n      \"cep\": \"05109180\",\n      \"endereco\": \"Rua das Acacias\",\n      \"cidade\": \"São Paulo\",\n      \"complemento\": \"Apartamento 11\",\n      \"bairro\": \"Vila das Acacias\",\n      \"razaoSocial\": \"Nome do Estabelecimento\",\n      \"nomeFantasia\": \"Nome Fantasia do Estabelecimento\",\n      \"osTipo\": \"400000 - Instalation\",\n      \"osTipoDescricao\": \"Instalation\",\n      \"slaEntregaEquipamento\": \"2019-10-10 10:12:15\"\n    },\n    {\n      \"osNumero\": \"123456789\",\n      \"osData\": \"20190606\",\n      \"numeroLogico\": \"1234567890\",\n      \"numeroTerminal\": \"1234567890\",\n      \"osStatus\": \"O - Open\",\n      \"osStatusDesc\": \"Open\",\n      \"numeroEndereco\": \"1234\",\n      \"contratoServico\": \"123\",\n      \"estado\": \"SP\",\n      \"cep\": \"05109180\",\n      \"endereco\": \"Rua das Acacias\",\n      \"cidade\": \"São Paulo\",\n      \"complemento\": \"Apartamento 11\",\n      \"bairro\": \"Vila das Acacias\",\n      \"razaoSocial\": \"Nome do Estabelecimento\",\n      \"nomeFantasia\": \"Nome Fantasia do Estabelecimento\",\n      \"osTipo\": \"400000 - Instalation\",\n      \"osTipoDescricao\": \"Instalation\",\n      \"slaEntregaEquipamento\": \"2019-10-10 10:12:15\"\n    }\n  ]\n}","cookie":[],"_postman_previewlanguage":"json"}],"event":[],"protocolProfileBehavior":{"disableBodyPruning":true}},{"id":"623ef823-bb6b-4a93-9b4c-7feebe0a6064","name":"Service Order Inquiry by Institution and Service Order Number","request":{"name":"Service Order Inquiry by Institution and Service Order Number","description":{"content":"Service Order Inquiry by Institution and Service Order Number","type":"text/plain"},"url":{"path":["bwa","consultaos","byos",":instituicao",":osNumero"],"host":["{{baseUrl}}"],"query":[],"variable":[{"disabled":false,"type":"any","value":"<string>","key":"instituicao","description":"(Required) Merchant Institution Number"},{"disabled":false,"type":"any","value":"<string>","key":"osNumero","description":"(Required) Service Order Number"}]},"header":[{"disabled":false,"description":"(Required) HMAC","key":"Message-Signature","value":"<string>"},{"disabled":false,"description":"(Required) APigee Key","key":"Api-Key","value":"<string>"},{"disabled":false,"description":"(Required) Oauth Key","key":"auth","value":"<string>"},{"disabled":false,"description":"(Required) Date - Epoch Format","key":"Timestamp","value":"<string>"},{"disabled":false,"description":"(Required) Randomly generated by client","key":"Client-Request-Id","value":"<string>"},{"key":"Accept","value":"application/json"}],"method":"GET","auth":null},"response":[{"id":"dd8e532d-ef63-4c91-940b-823cfe83c92f","name":"Successfully Done.","originalRequest":{"url":{"path":["bwa","consultaos","byos",":instituicao",":osNumero"],"host":["{{baseUrl}}"],"query":[],"variable":[{"disabled":false,"type":"any","value":"<string>","key":"instituicao","description":"(Required) Merchant Institution Number"},{"disabled":false,"type":"any","value":"<string>","key":"osNumero","description":"(Required) Service Order Number"}]},"header":[{"disabled":false,"description":"(Required) HMAC","key":"Message-Signature","value":"1tsmkG9Ip3k2rcO5cETButfP3D/RS6U8troFF+mUrno="},{"disabled":false,"description":"(Required) APigee Key","key":"Api-Key","value":"X0GW3QGOYFn4r7DHcVC8KuatUnNs6MGB"},{"disabled":false,"description":"(Required) Oauth Key","key":"auth","value":""},{"disabled":false,"description":"(Required) Date - Epoch Format","key":"Timestamp","value":"1563309156733"},{"disabled":false,"description":"(Required) Randomly generated by client","key":"Client-Request-Id","value":"6NYHj9Pgyxc84rmafpwG4fjhLwFfJYFVmxJOcgziD0QN3q6mGC"},{"key":"Accept","value":"application/json"}],"method":"GET","body":{}},"status":"OK","code":200,"header":[{"key":"Content-Type","value":"application/json"}],"body":"{\n  \"numeroInstituicao\": \"00000003\",\n  \"numeroMerchant\": \"91002806\",\n  \"codigoRetorno\": \"00 - Successfully Done\",\n  \"descricaoRetorno\": \"Successfully done\",\n  \"ordemServico\": [\n    {\n      \"osNumero\": \"123456789\",\n      \"osData\": \"20190606\",\n      \"numeroLogico\": \"1234567890\",\n      \"numeroTerminal\": \"1234567890\",\n      \"osStatus\": \"O - Open\",\n      \"osStatusDesc\": \"Open\",\n      \"numeroEndereco\": \"1234\",\n      \"contratoServico\": \"123\",\n      \"estado\": \"SP\",\n      \"cep\": \"05109180\",\n      \"endereco\": \"Rua das Acacias\",\n      \"cidade\": \"São Paulo\",\n      \"complemento\": \"Apartamento 11\",\n      \"bairro\": \"Vila das Acacias\",\n      \"razaoSocial\": \"Nome do Estabelecimento\",\n      \"nomeFantasia\": \"Nome Fantasia do Estabelecimento\",\n      \"osTipo\": \"400000 - Instalation\",\n      \"osTipoDescricao\": \"Instalation\",\n      \"slaEntregaEquipamento\": \"2019-10-10 10:12:15\"\n    },\n    {\n      \"osNumero\": \"123456789\",\n      \"osData\": \"20190606\",\n      \"numeroLogico\": \"1234567890\",\n      \"numeroTerminal\": \"1234567890\",\n      \"osStatus\": \"O - Open\",\n      \"osStatusDesc\": \"Open\",\n      \"numeroEndereco\": \"1234\",\n      \"contratoServico\": \"123\",\n      \"estado\": \"SP\",\n      \"cep\": \"05109180\",\n      \"endereco\": \"Rua das Acacias\",\n      \"cidade\": \"São Paulo\",\n      \"complemento\": \"Apartamento 11\",\n      \"bairro\": \"Vila das Acacias\",\n      \"razaoSocial\": \"Nome do Estabelecimento\",\n      \"nomeFantasia\": \"Nome Fantasia do Estabelecimento\",\n      \"osTipo\": \"400000 - Instalation\",\n      \"osTipoDescricao\": \"Instalation\",\n      \"slaEntregaEquipamento\": \"2019-10-10 10:12:15\"\n    }\n  ]\n}","cookie":[],"_postman_previewlanguage":"json"}],"event":[],"protocolProfileBehavior":{"disableBodyPruning":true}},{"id":"dfac3761-b491-4ddd-83d0-06df7e887117","name":"Service Order Tracking by Institution Number and Merchant Code","request":{"name":"Service Order Tracking by Institution Number and Merchant Code","description":{"content":"Service Order Tracking by Institution Number and Merchant Code","type":"text/plain"},"url":{"path":["bwa","consultaos","trackos",":instituicao",":numeroMerchant"],"host":["{{baseUrl}}"],"query":[],"variable":[{"disabled":false,"type":"any","value":"<string>","key":"instituicao","description":"(Required) Merchant Institution Number"},{"disabled":false,"type":"any","value":"<string>","key":"numeroMerchant","description":"(Required) Merchant Code"}]},"header":[{"disabled":false,"description":"(Required) HMAC","key":"Message-Signature","value":"<string>"},{"disabled":false,"description":"(Required) APigee Key","key":"Api-Key","value":"<string>"},{"disabled":false,"description":"(Required) Oauth Key","key":"auth","value":"<string>"},{"disabled":false,"description":"(Required) Date - Epoch Format","key":"Timestamp","value":"<string>"},{"disabled":false,"description":"(Required) Randomly generated by client","key":"Client-Request-Id","value":"<string>"},{"key":"Accept","value":"application/json"}],"method":"GET","auth":null},"response":[{"id":"031a9937-c2ea-4139-a047-2a77a1cf2960","name":"Successfully Done.","originalRequest":{"url":{"path":["bwa","consultaos","trackos",":instituicao",":numeroMerchant"],"host":["{{baseUrl}}"],"query":[],"variable":[{"disabled":false,"type":"any","value":"<string>","key":"instituicao","description":"(Required) Merchant Institution Number"},{"disabled":false,"type":"any","value":"<string>","key":"numeroMerchant","description":"(Required) Merchant Code"}]},"header":[{"disabled":false,"description":"(Required) HMAC","key":"Message-Signature","value":"1tsmkG9Ip3k2rcO5cETButfP3D/RS6U8troFF+mUrno="},{"disabled":false,"description":"(Required) APigee Key","key":"Api-Key","value":"X0GW3QGOYFn4r7DHcVC8KuatUnNs6MGB"},{"disabled":false,"description":"(Required) Oauth Key","key":"auth","value":""},{"disabled":false,"description":"(Required) Date - Epoch Format","key":"Timestamp","value":"1563309156733"},{"disabled":false,"description":"(Required) Randomly generated by client","key":"Client-Request-Id","value":"6NYHj9Pgyxc84rmafpwG4fjhLwFfJYFVmxJOcgziD0QN3q6mGC"},{"key":"Accept","value":"application/json"}],"method":"GET","body":{}},"status":"OK","code":200,"header":[{"key":"Content-Type","value":"application/json"}],"body":"{\n  \"numeroInstituicao\": \"00000003\",\n  \"numeroMerchant\": \"91002806\",\n  \"retornoCodigo\": \"00 - Successfully Done\",\n  \"retornoDescricao\": \"Successfully Done\",\n  \"trackOs\": [\n    {\n      \"osNumero\": \"123456789\",\n      \"osStatusDescricao\": \"Completed\",\n      \"numeroLogico\": \"1234567890\",\n      \"slaEntregaEquipamento\": \"2018-03-27 10:20:30\",\n      \"dateTimeTrack\": \"2018-03-27 11:12:33\",\n      \"descTracking\": \"C04 - Merchant Closed.\",\n      \"entregaImediata\": true\n    },\n    {\n      \"osNumero\": \"123456789\",\n      \"osStatusDescricao\": \"Completed\",\n      \"numeroLogico\": \"1234567890\",\n      \"slaEntregaEquipamento\": \"2018-03-27 10:20:30\",\n      \"dateTimeTrack\": \"2018-03-27 11:12:33\",\n      \"descTracking\": \"C04 - Merchant Closed.\",\n      \"entregaImediata\": true\n    }\n  ]\n}","cookie":[],"_postman_previewlanguage":"json"}],"event":[],"protocolProfileBehavior":{"disableBodyPruning":true}},{"id":"6d3ffaf7-6033-4903-b5ea-2d7010bdcdc5","name":"resources","item":[{"id":"123298d1-6a55-4c02-b8cf-b754ba2e58d4","name":"Service Order Search by Institution Number and Merchant Code","request":{"name":"Service Order Search by Institution Number and Merchant Code","description":{"content":"Service Order Search by Institution Number and Merchant Code","type":"text/plain"},"url":{"path":["bwa","consultaos","resources","v2","os"],"host":["{{baseUrl}}"],"query":[],"variable":[]},"header":[{"disabled":false,"description":"(Required) HMAC","key":"Message-Signature","value":"<string>"},{"disabled":false,"description":"(Required) APigee Key","key":"Api-Key","value":"<string>"},{"disabled":false,"description":"(Required) Oauth Key","key":"auth","value":"<string>"},{"disabled":false,"description":"(Required) Date - Epoch Format","key":"Timestamp","value":"<string>"},{"disabled":false,"description":"(Required) Randomly generated by Client","key":"Client-Request-Id","value":"<string>"},{"disabled":false,"description":"(Required) Merchant Institution Number","key":"institution","value":"<string>"},{"disabled":false,"description":"(Required) Merchant Code","key":"merchant","value":"<string>"},{"key":"Accept","value":"application/json"}],"method":"GET","auth":null},"response":[{"id":"3d5d2c57-853e-4ddc-8ea9-7a05909b49ac","name":"Succesfully Done.","originalRequest":{"url":{"path":["bwa","consultaos","resources","v2","os"],"host":["{{baseUrl}}"],"query":[],"variable":[]},"header":[{"disabled":false,"description":"(Required) HMAC","key":"Message-Signature","value":"1tsmkG9Ip3k2rcO5cETButfP3D/RS6U8troFF+mUrno="},{"disabled":false,"description":"(Required) APigee Key","key":"Api-Key","value":"X0GW3QGOYFn4r7DHcVC8KuatUnNs6MGB"},{"disabled":false,"description":"(Required) Oauth Key","key":"auth","value":""},{"disabled":false,"description":"(Required) Date - Epoch Format","key":"Timestamp","value":"1563309156733"},{"disabled":false,"description":"(Required) Randomly generated by Client","key":"Client-Request-Id","value":"6NYHj9Pgyxc84rmafpwG4fjhLwFfJYFVmxJOcgziD0QN3q6mGC"},{"disabled":false,"description":"(Required) Merchant Institution Number","key":"institution","value":"00000003"},{"disabled":false,"description":"(Required) Merchant Code","key":"merchant","value":"91002806"},{"key":"Accept","value":"application/json"}],"method":"GET","body":{}},"status":"OK","code":200,"header":[{"key":"Content-Type","value":"application/json"}],"body":"{\n  \"codigoRetorno\": 0,\n  \"mensagem\": \"Sucesso.\",\n  \"conteudo\": {\n    \"numeroInstituicao\": \"00000003\",\n    \"numeroMerchant\": \"91002806\",\n    \"codigoRetorno\": \"00 - Successfully Done\",\n    \"descricaoRetorno\": \"Successfully done\",\n    \"ordemServico\": [\n      {\n        \"osNumero\": \"123456789\",\n        \"osData\": \"20190606\",\n        \"numeroLogico\": \"1234567890\",\n        \"numeroTerminal\": \"1234567890\",\n        \"osStatus\": \"O - Open\",\n        \"osStatusDesc\": \"Open\",\n        \"numeroEndereco\": \"1234\",\n        \"contratoServico\": \"123\",\n        \"estado\": \"SP\",\n        \"cep\": \"05109180\",\n        \"endereco\": \"Rua das Acacias\",\n        \"cidade\": \"São Paulo\",\n        \"complemento\": \"Apartamento 11\",\n        \"bairro\": \"Vila das Acacias\",\n        \"razaoSocial\": \"Nome do Estabelecimento\",\n        \"nomeFantasia\": \"Nome Fantasia do Estabelecimento\",\n        \"osTipo\": \"400000 - Instalation\",\n        \"osTipoDescricao\": \"Instalation\",\n        \"slaEntregaEquipamento\": \"2019-10-10 10:12:15\"\n      },\n      {\n        \"osNumero\": \"123456789\",\n        \"osData\": \"20190606\",\n        \"numeroLogico\": \"1234567890\",\n        \"numeroTerminal\": \"1234567890\",\n        \"osStatus\": \"O - Open\",\n        \"osStatusDesc\": \"Open\",\n        \"numeroEndereco\": \"1234\",\n        \"contratoServico\": \"123\",\n        \"estado\": \"SP\",\n        \"cep\": \"05109180\",\n        \"endereco\": \"Rua das Acacias\",\n        \"cidade\": \"São Paulo\",\n        \"complemento\": \"Apartamento 11\",\n        \"bairro\": \"Vila das Acacias\",\n        \"razaoSocial\": \"Nome do Estabelecimento\",\n        \"nomeFantasia\": \"Nome Fantasia do Estabelecimento\",\n        \"osTipo\": \"400000 - Instalation\",\n        \"osTipoDescricao\": \"Instalation\",\n        \"slaEntregaEquipamento\": \"2019-10-10 10:12:15\"\n      }\n    ]\n  }\n}","cookie":[],"_postman_previewlanguage":"json"}],"event":[],"protocolProfileBehavior":{"disableBodyPruning":true}},{"id":"4838337c-fa55-4605-8d91-7f33399215aa","name":"v1","item":[{"id":"5380c9e0-e985-4d6f-9f38-1810a4fcbd17","name":"Service Order Inquiry by Institution and Service Order Number","request":{"name":"Service Order Inquiry by Institution and Service Order Number","description":{"content":"Service Order Inquiry by Institution and Service Order Number","type":"text/plain"},"url":{"path":["bwa","consultaos","resources","v1","os",":osNumero"],"host":["{{baseUrl}}"],"query":[],"variable":[{"disabled":false,"type":"any","value":"<string>","key":"osNumero","description":"(Required) Service Order Number"}]},"header":[{"disabled":false,"description":"(Required) HMAC","key":"Message-Signature","value":"<string>"},{"disabled":false,"description":"(Required) APigee Key","key":"Api-Key","value":"<string>"},{"disabled":false,"description":"(Required) Oauth Key","key":"auth","value":"<string>"},{"disabled":false,"description":"(Required) Date - Epoch Format","key":"Timestamp","value":"<string>"},{"disabled":false,"description":"(Required) Randomly generated by client","key":"Client-Request-Id","value":"<string>"},{"disabled":false,"description":"(Required) Merchant Institution Number","key":"institution","value":"<string>"},{"key":"Accept","value":"application/json"}],"method":"GET","auth":null},"response":[{"id":"b8f802ac-97a7-4eff-9096-01d964401fae","name":"Successfully Done.","originalRequest":{"url":{"path":["bwa","consultaos","resources","v1","os",":osNumero"],"host":["{{baseUrl}}"],"query":[],"variable":[{"disabled":false,"type":"any","value":"<string>","key":"osNumero","description":"(Required) Service Order Number"}]},"header":[{"disabled":false,"description":"(Required) HMAC","key":"Message-Signature","value":"1tsmkG9Ip3k2rcO5cETButfP3D/RS6U8troFF+mUrno="},{"disabled":false,"description":"(Required) APigee Key","key":"Api-Key","value":"X0GW3QGOYFn4r7DHcVC8KuatUnNs6MGB"},{"disabled":false,"description":"(Required) Oauth Key","key":"auth","value":""},{"disabled":false,"description":"(Required) Date - Epoch Format","key":"Timestamp","value":"1563309156733"},{"disabled":false,"description":"(Required) Randomly generated by client","key":"Client-Request-Id","value":"6NYHj9Pgyxc84rmafpwG4fjhLwFfJYFVmxJOcgziD0QN3q6mGC"},{"disabled":false,"description":"(Required) Merchant Institution Number","key":"institution","value":"00000003"},{"key":"Accept","value":"application/json"}],"method":"GET","body":{}},"status":"OK","code":200,"header":[{"key":"Content-Type","value":"application/json"}],"body":"{\n  \"codigoRetorno\": 0,\n  \"mensagem\": \"Sucesso.\",\n  \"conteudo\": {\n    \"numeroInstituicao\": \"00000003\",\n    \"numeroMerchant\": \"91002806\",\n    \"codigoRetorno\": \"00 - Successfully Done\",\n    \"descricaoRetorno\": \"Successfully done\",\n    \"ordemServico\": [\n      {\n        \"osNumero\": \"123456789\",\n        \"osData\": \"20190606\",\n        \"numeroLogico\": \"1234567890\",\n        \"numeroTerminal\": \"1234567890\",\n        \"osStatus\": \"O - Open\",\n        \"osStatusDesc\": \"Open\",\n        \"numeroEndereco\": \"1234\",\n        \"contratoServico\": \"123\",\n        \"estado\": \"SP\",\n        \"cep\": \"05109180\",\n        \"endereco\": \"Rua das Acacias\",\n        \"cidade\": \"São Paulo\",\n        \"complemento\": \"Apartamento 11\",\n        \"bairro\": \"Vila das Acacias\",\n        \"razaoSocial\": \"Nome do Estabelecimento\",\n        \"nomeFantasia\": \"Nome Fantasia do Estabelecimento\",\n        \"osTipo\": \"400000 - Instalation\",\n        \"osTipoDescricao\": \"Instalation\",\n        \"slaEntregaEquipamento\": \"2019-10-10 10:12:15\"\n      },\n      {\n        \"osNumero\": \"123456789\",\n        \"osData\": \"20190606\",\n        \"numeroLogico\": \"1234567890\",\n        \"numeroTerminal\": \"1234567890\",\n        \"osStatus\": \"O - Open\",\n        \"osStatusDesc\": \"Open\",\n        \"numeroEndereco\": \"1234\",\n        \"contratoServico\": \"123\",\n        \"estado\": \"SP\",\n        \"cep\": \"05109180\",\n        \"endereco\": \"Rua das Acacias\",\n        \"cidade\": \"São Paulo\",\n        \"complemento\": \"Apartamento 11\",\n        \"bairro\": \"Vila das Acacias\",\n        \"razaoSocial\": \"Nome do Estabelecimento\",\n        \"nomeFantasia\": \"Nome Fantasia do Estabelecimento\",\n        \"osTipo\": \"400000 - Instalation\",\n        \"osTipoDescricao\": \"Instalation\",\n        \"slaEntregaEquipamento\": \"2019-10-10 10:12:15\"\n      }\n    ]\n  }\n}","cookie":[],"_postman_previewlanguage":"json"}],"event":[],"protocolProfileBehavior":{"disableBodyPruning":true}},{"id":"8ed0fade-e11c-43c1-afaa-72e78dbaf20a","name":"trackos","item":[{"id":"f7cf4867-72d5-4e58-a427-535ce964d02c","name":"Service Order Tracking by Institution Number and Merchant Code","request":{"name":"Service Order Tracking by Institution Number and Merchant Code","description":{"content":"Service Order Tracking by Institution Number and Merchant Code","type":"text/plain"},"url":{"path":["bwa","consultaos","resources","v1","trackos"],"host":["{{baseUrl}}"],"query":[],"variable":[]},"header":[{"disabled":false,"description":"(Required) HMAC","key":"Message-Signature","value":"<string>"},{"disabled":false,"description":"(Required) APigee Key","key":"Api-Key","value":"<string>"},{"disabled":false,"description":"(Required) Oauth Key","key":"auth","value":"<string>"},{"disabled":false,"description":"(Required) Date - Epoch Format","key":"Timestamp","value":"<string>"},{"disabled":false,"description":"(Required) Randomly generated by client","key":"Client-Request-Id","value":"<string>"},{"disabled":false,"description":"(Required) Merchant Institution Number","key":"institution","value":"<string>"},{"disabled":false,"description":"(Required) Merchant Code","key":"merchant","value":"<string>"},{"key":"Accept","value":"application/json"}],"method":"GET","auth":null},"response":[{"id":"3c138d60-f596-43c0-8f90-52613d7f4208","name":"Successfully Done.","originalRequest":{"url":{"path":["bwa","consultaos","resources","v1","trackos"],"host":["{{baseUrl}}"],"query":[],"variable":[]},"header":[{"disabled":false,"description":"(Required) HMAC","key":"Message-Signature","value":"1tsmkG9Ip3k2rcO5cETButfP3D/RS6U8troFF+mUrno="},{"disabled":false,"description":"(Required) APigee Key","key":"Api-Key","value":"X0GW3QGOYFn4r7DHcVC8KuatUnNs6MGB"},{"disabled":false,"description":"(Required) Oauth Key","key":"auth","value":""},{"disabled":false,"description":"(Required) Date - Epoch Format","key":"Timestamp","value":"1563309156733"},{"disabled":false,"description":"(Required) Randomly generated by client","key":"Client-Request-Id","value":"6NYHj9Pgyxc84rmafpwG4fjhLwFfJYFVmxJOcgziD0QN3q6mGC"},{"disabled":false,"description":"(Required) Merchant Institution Number","key":"institution","value":"00000003"},{"disabled":false,"description":"(Required) Merchant Code","key":"merchant","value":"91002806"},{"key":"Accept","value":"application/json"}],"method":"GET","body":{}},"status":"OK","code":200,"header":[{"key":"Content-Type","value":"application/json"}],"body":"{\n  \"codigoRetorno\": 0,\n  \"mensagem\": \"Sucesso.\",\n  \"conteudo\": {\n    \"numeroInstituicao\": \"00000003\",\n    \"numeroMerchant\": \"91002806\",\n    \"retornoCodigo\": \"00 - Successfully Done\",\n    \"retornoDescricao\": \"Successfully Done\",\n    \"trackOs\": [\n      {\n        \"osNumero\": \"123456789\",\n        \"osStatusDescricao\": \"Completed\",\n        \"numeroLogico\": \"1234567890\",\n        \"slaEntregaEquipamento\": \"2018-03-27 10:20:30\",\n        \"dateTimeTrack\": \"2018-03-27 11:12:33\",\n        \"descTracking\": \"C04 - Merchant Closed.\",\n        \"entregaImediata\": true\n      },\n      {\n        \"osNumero\": \"123456789\",\n        \"osStatusDescricao\": \"Completed\",\n        \"numeroLogico\": \"1234567890\",\n        \"slaEntregaEquipamento\": \"2018-03-27 10:20:30\",\n        \"dateTimeTrack\": \"2018-03-27 11:12:33\",\n        \"descTracking\": \"C04 - Merchant Closed.\",\n        \"entregaImediata\": true\n      }\n    ]\n  }\n}","cookie":[],"_postman_previewlanguage":"json"}],"event":[],"protocolProfileBehavior":{"disableBodyPruning":true}},{"id":"bfa8b88b-2fae-4ab7-a7e5-48472be4b38e","name":"Service Order Tracking by Institution Number, Merchant Code and Service Order Number","request":{"name":"Service Order Tracking by Institution Number, Merchant Code and Service Order Number","description":{"content":"Service Order Tracking by Institution Number, Merchant Code and Service Order Number","type":"text/plain"},"url":{"path":["bwa","consultaos","resources","v1","trackos",":osNumero"],"host":["{{baseUrl}}"],"query":[],"variable":[{"disabled":false,"type":"any","value":"<string>","key":"osNumero","description":"(Required) Service Order Number"}]},"header":[{"disabled":false,"description":"(Required) HMAC","key":"Message-Signature","value":"<string>"},{"disabled":false,"description":"(Required) APigee Key","key":"Api-Key","value":"<string>"},{"disabled":false,"description":"(Required) Oauth Key","key":"auth","value":"<string>"},{"disabled":false,"description":"(Required) Date - Epoch Format","key":"Timestamp","value":"<string>"},{"disabled":false,"description":"(Required) Randomly generated by client","key":"Client-Request-Id","value":"<string>"},{"disabled":false,"description":"(Required) Merchant Institution Number","key":"institution","value":"<string>"},{"disabled":false,"description":"(Required) Merchant Code","key":"merchant","value":"<string>"},{"key":"Accept","value":"application/json"}],"method":"GET","auth":null},"response":[{"id":"ae25fef1-8780-4837-bc32-6ed19cbebcf8","name":"Successfully Done.","originalRequest":{"url":{"path":["bwa","consultaos","resources","v1","trackos",":osNumero"],"host":["{{baseUrl}}"],"query":[],"variable":[{"disabled":false,"type":"any","value":"<string>","key":"osNumero","description":"(Required) Service Order Number"}]},"header":[{"disabled":false,"description":"(Required) HMAC","key":"Message-Signature","value":"1tsmkG9Ip3k2rcO5cETButfP3D/RS6U8troFF+mUrno="},{"disabled":false,"description":"(Required) APigee Key","key":"Api-Key","value":"X0GW3QGOYFn4r7DHcVC8KuatUnNs6MGB"},{"disabled":false,"description":"(Required) Oauth Key","key":"auth","value":""},{"disabled":false,"description":"(Required) Date - Epoch Format","key":"Timestamp","value":"1563309156733"},{"disabled":false,"description":"(Required) Randomly generated by client","key":"Client-Request-Id","value":"6NYHj9Pgyxc84rmafpwG4fjhLwFfJYFVmxJOcgziD0QN3q6mGC"},{"disabled":false,"description":"(Required) Merchant Institution Number","key":"institution","value":"00000003"},{"disabled":false,"description":"(Required) Merchant Code","key":"merchant","value":"91002806"},{"key":"Accept","value":"application/json"}],"method":"GET","body":{}},"status":"OK","code":200,"header":[{"key":"Content-Type","value":"application/json"}],"body":"{\n  \"codigoRetorno\": 0,\n  \"mensagem\": \"Sucesso.\",\n  \"conteudo\": {\n    \"numeroInstituicao\": \"00000003\",\n    \"numeroMerchant\": \"91002806\",\n    \"retornoCodigo\": \"00 - Successfully Done\",\n    \"retornoDescricao\": \"Successfully Done\",\n    \"trackOs\": [\n      {\n        \"osNumero\": \"123456789\",\n        \"osStatusDescricao\": \"Completed\",\n        \"numeroLogico\": \"1234567890\",\n        \"slaEntregaEquipamento\": \"2018-03-27 10:20:30\",\n        \"dateTimeTrack\": \"2018-03-27 11:12:33\",\n        \"descTracking\": \"C04 - Merchant Closed.\",\n        \"entregaImediata\": true\n      },\n      {\n        \"osNumero\": \"123456789\",\n        \"osStatusDescricao\": \"Completed\",\n        \"numeroLogico\": \"1234567890\",\n        \"slaEntregaEquipamento\": \"2018-03-27 10:20:30\",\n        \"dateTimeTrack\": \"2018-03-27 11:12:33\",\n        \"descTracking\": \"C04 - Merchant Closed.\",\n        \"entregaImediata\": true\n      }\n    ]\n  }\n}","cookie":[],"_postman_previewlanguage":"json"}],"event":[],"protocolProfileBehavior":{"disableBodyPruning":true}}],"event":[]}],"event":[]}],"event":[]}],"event":[]}],"event":[],"variable":[{"type":"string","value":"https://cat.api.firstdata.com","key":"baseUrl"}],"info":{"_postman_id":"0a5eea58-0bf2-4f6a-be3a-405a7b034c42","name":"Service Order Search","schema":"https://schema.getpostman.com/json/collection/v2.1.0/collection.json","description":{"content":"Service Order Search","type":"text/plain"}}}