{"item":[{"id":"6936dfd4-9c4a-410e-bb51-61a14727dc90","name":"bwa/consultaos","item":[{"id":"023e6433-3c55-43ea-9065-25f0999cfce3","name":"Service Order Search by Institution Number and Merchant Code","request":{"name":"Service Order Search by Institution Number and Merchant Code","description":{"content":"Service Order Search by Institution Number and Merchant Code","type":"text/plain"},"url":{"path":["bwa","consultaos",":instituicao",":numeroMerchant"],"host":["{{baseUrl}}"],"query":[],"variable":[{"disabled":false,"type":"any","value":"<string>","key":"instituicao","description":"(Required) Merchant Institution Number"},{"disabled":false,"type":"any","value":"<string>","key":"numeroMerchant","description":"(Required) Merchant Code"}]},"header":[{"disabled":false,"description":"(Required) HMAC","key":"Message-Signature","value":"<string>"},{"disabled":false,"description":"(Required) APigee Key","key":"Api-Key","value":"<string>"},{"disabled":false,"description":"(Required) Oauth Key","key":"auth","value":"<string>"},{"disabled":false,"description":"(Required) Date - Epoch Format","key":"Timestamp","value":"<string>"},{"disabled":false,"description":"(Required) Randomly generated by Client","key":"Client-Request-Id","value":"<string>"},{"key":"Accept","value":"application/json"}],"method":"GET","auth":null},"response":[{"id":"db503fc4-0725-49ad-859e-2daadfd4ce1e","name":"Succesfully Done.","originalRequest":{"url":{"path":["bwa","consultaos",":instituicao",":numeroMerchant"],"host":["{{baseUrl}}"],"query":[],"variable":[{"disabled":false,"type":"any","value":"<string>","key":"instituicao","description":"(Required) Merchant Institution Number"},{"disabled":false,"type":"any","value":"<string>","key":"numeroMerchant","description":"(Required) Merchant Code"}]},"header":[{"disabled":false,"description":"(Required) HMAC","key":"Message-Signature","value":"1tsmkG9Ip3k2rcO5cETButfP3D/RS6U8troFF+mUrno="},{"disabled":false,"description":"(Required) APigee Key","key":"Api-Key","value":"X0GW3QGOYFn4r7DHcVC8KuatUnNs6MGB"},{"disabled":false,"description":"(Required) Oauth Key","key":"auth","value":""},{"disabled":false,"description":"(Required) Date - Epoch Format","key":"Timestamp","value":"1563309156733"},{"disabled":false,"description":"(Required) Randomly generated by Client","key":"Client-Request-Id","value":"6NYHj9Pgyxc84rmafpwG4fjhLwFfJYFVmxJOcgziD0QN3q6mGC"},{"key":"Accept","value":"application/json"}],"method":"GET","body":{}},"status":"OK","code":200,"header":[{"key":"Content-Type","value":"application/json"}],"body":"{\n  \"numeroInstituicao\": \"00000003\",\n  \"numeroMerchant\": \"91002806\",\n  \"codigoRetorno\": \"00 - Successfully Done\",\n  \"descricaoRetorno\": \"Successfully done\",\n  \"ordemServico\": [\n    {\n      \"osNumero\": \"123456789\",\n      \"osData\": \"20190606\",\n      \"numeroLogico\": \"1234567890\",\n      \"numeroTerminal\": \"1234567890\",\n      \"osStatus\": \"O - Open\",\n      \"osStatusDesc\": \"Open\",\n      \"numeroEndereco\": \"1234\",\n      \"contratoServico\": \"123\",\n      \"estado\": \"SP\",\n      \"cep\": \"05109180\",\n      \"endereco\": \"Rua das Acacias\",\n      \"cidade\": \"São Paulo\",\n      \"complemento\": \"Apartamento 11\",\n      \"bairro\": \"Vila das Acacias\",\n      \"razaoSocial\": \"Nome do Estabelecimento\",\n      \"nomeFantasia\": \"Nome Fantasia do Estabelecimento\",\n      \"osTipo\": \"400000 - Instalation\",\n      \"osTipoDescricao\": \"Instalation\",\n      \"slaEntregaEquipamento\": \"2019-10-10 10:12:15\"\n    },\n    {\n      \"osNumero\": \"123456789\",\n      \"osData\": \"20190606\",\n      \"numeroLogico\": \"1234567890\",\n      \"numeroTerminal\": \"1234567890\",\n      \"osStatus\": \"O - Open\",\n      \"osStatusDesc\": \"Open\",\n      \"numeroEndereco\": \"1234\",\n      \"contratoServico\": \"123\",\n      \"estado\": \"SP\",\n      \"cep\": \"05109180\",\n      \"endereco\": \"Rua das Acacias\",\n      \"cidade\": \"São Paulo\",\n      \"complemento\": \"Apartamento 11\",\n      \"bairro\": \"Vila das Acacias\",\n      \"razaoSocial\": \"Nome do Estabelecimento\",\n      \"nomeFantasia\": \"Nome Fantasia do Estabelecimento\",\n      \"osTipo\": \"400000 - Instalation\",\n      \"osTipoDescricao\": \"Instalation\",\n      \"slaEntregaEquipamento\": \"2019-10-10 10:12:15\"\n    }\n  ]\n}","cookie":[],"_postman_previewlanguage":"json"}],"event":[],"protocolProfileBehavior":{"disableBodyPruning":true}},{"id":"f1246e6d-e065-479d-af38-8e9173cff0ca","name":"Service Order Inquiry by Institution and Service Order Number","request":{"name":"Service Order Inquiry by Institution and Service Order Number","description":{"content":"Service Order Inquiry by Institution and Service Order Number","type":"text/plain"},"url":{"path":["bwa","consultaos","byos",":instituicao",":osNumero"],"host":["{{baseUrl}}"],"query":[],"variable":[{"disabled":false,"type":"any","value":"<string>","key":"instituicao","description":"(Required) Merchant Institution Number"},{"disabled":false,"type":"any","value":"<string>","key":"osNumero","description":"(Required) Service Order Number"}]},"header":[{"disabled":false,"description":"(Required) HMAC","key":"Message-Signature","value":"<string>"},{"disabled":false,"description":"(Required) APigee Key","key":"Api-Key","value":"<string>"},{"disabled":false,"description":"(Required) Oauth Key","key":"auth","value":"<string>"},{"disabled":false,"description":"(Required) Date - Epoch Format","key":"Timestamp","value":"<string>"},{"disabled":false,"description":"(Required) Randomly generated by client","key":"Client-Request-Id","value":"<string>"},{"key":"Accept","value":"application/json"}],"method":"GET","auth":null},"response":[{"id":"c8cb5dc4-03f4-4ce5-8599-a33a1502ae71","name":"Successfully Done.","originalRequest":{"url":{"path":["bwa","consultaos","byos",":instituicao",":osNumero"],"host":["{{baseUrl}}"],"query":[],"variable":[{"disabled":false,"type":"any","value":"<string>","key":"instituicao","description":"(Required) Merchant Institution Number"},{"disabled":false,"type":"any","value":"<string>","key":"osNumero","description":"(Required) Service Order Number"}]},"header":[{"disabled":false,"description":"(Required) HMAC","key":"Message-Signature","value":"1tsmkG9Ip3k2rcO5cETButfP3D/RS6U8troFF+mUrno="},{"disabled":false,"description":"(Required) APigee Key","key":"Api-Key","value":"X0GW3QGOYFn4r7DHcVC8KuatUnNs6MGB"},{"disabled":false,"description":"(Required) Oauth Key","key":"auth","value":""},{"disabled":false,"description":"(Required) Date - Epoch Format","key":"Timestamp","value":"1563309156733"},{"disabled":false,"description":"(Required) Randomly generated by client","key":"Client-Request-Id","value":"6NYHj9Pgyxc84rmafpwG4fjhLwFfJYFVmxJOcgziD0QN3q6mGC"},{"key":"Accept","value":"application/json"}],"method":"GET","body":{}},"status":"OK","code":200,"header":[{"key":"Content-Type","value":"application/json"}],"body":"{\n  \"numeroInstituicao\": \"00000003\",\n  \"numeroMerchant\": \"91002806\",\n  \"codigoRetorno\": \"00 - Successfully Done\",\n  \"descricaoRetorno\": \"Successfully done\",\n  \"ordemServico\": [\n    {\n      \"osNumero\": \"123456789\",\n      \"osData\": \"20190606\",\n      \"numeroLogico\": \"1234567890\",\n      \"numeroTerminal\": \"1234567890\",\n      \"osStatus\": \"O - Open\",\n      \"osStatusDesc\": \"Open\",\n      \"numeroEndereco\": \"1234\",\n      \"contratoServico\": \"123\",\n      \"estado\": \"SP\",\n      \"cep\": \"05109180\",\n      \"endereco\": \"Rua das Acacias\",\n      \"cidade\": \"São Paulo\",\n      \"complemento\": \"Apartamento 11\",\n      \"bairro\": \"Vila das Acacias\",\n      \"razaoSocial\": \"Nome do Estabelecimento\",\n      \"nomeFantasia\": \"Nome Fantasia do Estabelecimento\",\n      \"osTipo\": \"400000 - Instalation\",\n      \"osTipoDescricao\": \"Instalation\",\n      \"slaEntregaEquipamento\": \"2019-10-10 10:12:15\"\n    },\n    {\n      \"osNumero\": \"123456789\",\n      \"osData\": \"20190606\",\n      \"numeroLogico\": \"1234567890\",\n      \"numeroTerminal\": \"1234567890\",\n      \"osStatus\": \"O - Open\",\n      \"osStatusDesc\": \"Open\",\n      \"numeroEndereco\": \"1234\",\n      \"contratoServico\": \"123\",\n      \"estado\": \"SP\",\n      \"cep\": \"05109180\",\n      \"endereco\": \"Rua das Acacias\",\n      \"cidade\": \"São Paulo\",\n      \"complemento\": \"Apartamento 11\",\n      \"bairro\": \"Vila das Acacias\",\n      \"razaoSocial\": \"Nome do Estabelecimento\",\n      \"nomeFantasia\": \"Nome Fantasia do Estabelecimento\",\n      \"osTipo\": \"400000 - Instalation\",\n      \"osTipoDescricao\": \"Instalation\",\n      \"slaEntregaEquipamento\": \"2019-10-10 10:12:15\"\n    }\n  ]\n}","cookie":[],"_postman_previewlanguage":"json"}],"event":[],"protocolProfileBehavior":{"disableBodyPruning":true}},{"id":"633a168c-ef24-4948-b786-0e7f93e68340","name":"Service Order Tracking by Institution Number and Merchant Code","request":{"name":"Service Order Tracking by Institution Number and Merchant Code","description":{"content":"Service Order Tracking by Institution Number and Merchant Code","type":"text/plain"},"url":{"path":["bwa","consultaos","trackos",":instituicao",":numeroMerchant"],"host":["{{baseUrl}}"],"query":[],"variable":[{"disabled":false,"type":"any","value":"<string>","key":"instituicao","description":"(Required) Merchant Institution Number"},{"disabled":false,"type":"any","value":"<string>","key":"numeroMerchant","description":"(Required) Merchant Code"}]},"header":[{"disabled":false,"description":"(Required) HMAC","key":"Message-Signature","value":"<string>"},{"disabled":false,"description":"(Required) APigee Key","key":"Api-Key","value":"<string>"},{"disabled":false,"description":"(Required) Oauth Key","key":"auth","value":"<string>"},{"disabled":false,"description":"(Required) Date - Epoch Format","key":"Timestamp","value":"<string>"},{"disabled":false,"description":"(Required) Randomly generated by client","key":"Client-Request-Id","value":"<string>"},{"key":"Accept","value":"application/json"}],"method":"GET","auth":null},"response":[{"id":"8bf90c7a-96ff-4ed6-b117-a9f939cc97bb","name":"Successfully Done.","originalRequest":{"url":{"path":["bwa","consultaos","trackos",":instituicao",":numeroMerchant"],"host":["{{baseUrl}}"],"query":[],"variable":[{"disabled":false,"type":"any","value":"<string>","key":"instituicao","description":"(Required) Merchant Institution Number"},{"disabled":false,"type":"any","value":"<string>","key":"numeroMerchant","description":"(Required) Merchant Code"}]},"header":[{"disabled":false,"description":"(Required) HMAC","key":"Message-Signature","value":"1tsmkG9Ip3k2rcO5cETButfP3D/RS6U8troFF+mUrno="},{"disabled":false,"description":"(Required) APigee Key","key":"Api-Key","value":"X0GW3QGOYFn4r7DHcVC8KuatUnNs6MGB"},{"disabled":false,"description":"(Required) Oauth Key","key":"auth","value":""},{"disabled":false,"description":"(Required) Date - Epoch Format","key":"Timestamp","value":"1563309156733"},{"disabled":false,"description":"(Required) Randomly generated by client","key":"Client-Request-Id","value":"6NYHj9Pgyxc84rmafpwG4fjhLwFfJYFVmxJOcgziD0QN3q6mGC"},{"key":"Accept","value":"application/json"}],"method":"GET","body":{}},"status":"OK","code":200,"header":[{"key":"Content-Type","value":"application/json"}],"body":"{\n  \"numeroInstituicao\": \"00000003\",\n  \"numeroMerchant\": \"91002806\",\n  \"retornoCodigo\": \"00 - Successfully Done\",\n  \"retornoDescricao\": \"Successfully Done\",\n  \"trackOs\": [\n    {\n      \"osNumero\": \"123456789\",\n      \"osStatusDescricao\": \"Completed\",\n      \"numeroLogico\": \"1234567890\",\n      \"slaEntregaEquipamento\": \"2018-03-27 10:20:30\",\n      \"dateTimeTrack\": \"2018-03-27 11:12:33\",\n      \"descTracking\": \"C04 - Merchant Closed.\",\n      \"entregaImediata\": true\n    },\n    {\n      \"osNumero\": \"123456789\",\n      \"osStatusDescricao\": \"Completed\",\n      \"numeroLogico\": \"1234567890\",\n      \"slaEntregaEquipamento\": \"2018-03-27 10:20:30\",\n      \"dateTimeTrack\": \"2018-03-27 11:12:33\",\n      \"descTracking\": \"C04 - Merchant Closed.\",\n      \"entregaImediata\": true\n    }\n  ]\n}","cookie":[],"_postman_previewlanguage":"json"}],"event":[],"protocolProfileBehavior":{"disableBodyPruning":true}},{"id":"5318ea17-d52e-40a0-bbca-447358940318","name":"resources","item":[{"id":"c148af7f-515e-42e4-94af-c0d3addf43d9","name":"Service Order Search by Institution Number and Merchant Code","request":{"name":"Service Order Search by Institution Number and Merchant Code","description":{"content":"Service Order Search by Institution Number and Merchant Code","type":"text/plain"},"url":{"path":["bwa","consultaos","resources","v2","os"],"host":["{{baseUrl}}"],"query":[],"variable":[]},"header":[{"disabled":false,"description":"(Required) HMAC","key":"Message-Signature","value":"<string>"},{"disabled":false,"description":"(Required) APigee Key","key":"Api-Key","value":"<string>"},{"disabled":false,"description":"(Required) Oauth Key","key":"auth","value":"<string>"},{"disabled":false,"description":"(Required) Date - Epoch Format","key":"Timestamp","value":"<string>"},{"disabled":false,"description":"(Required) Randomly generated by Client","key":"Client-Request-Id","value":"<string>"},{"disabled":false,"description":"(Required) Merchant Institution Number","key":"institution","value":"<string>"},{"disabled":false,"description":"(Required) Merchant Code","key":"merchant","value":"<string>"},{"key":"Accept","value":"application/json"}],"method":"GET","auth":null},"response":[{"id":"61efb726-5f5d-49f3-a3c2-3b84cff9514e","name":"Succesfully Done.","originalRequest":{"url":{"path":["bwa","consultaos","resources","v2","os"],"host":["{{baseUrl}}"],"query":[],"variable":[]},"header":[{"disabled":false,"description":"(Required) HMAC","key":"Message-Signature","value":"1tsmkG9Ip3k2rcO5cETButfP3D/RS6U8troFF+mUrno="},{"disabled":false,"description":"(Required) APigee Key","key":"Api-Key","value":"X0GW3QGOYFn4r7DHcVC8KuatUnNs6MGB"},{"disabled":false,"description":"(Required) Oauth Key","key":"auth","value":""},{"disabled":false,"description":"(Required) Date - Epoch Format","key":"Timestamp","value":"1563309156733"},{"disabled":false,"description":"(Required) Randomly generated by Client","key":"Client-Request-Id","value":"6NYHj9Pgyxc84rmafpwG4fjhLwFfJYFVmxJOcgziD0QN3q6mGC"},{"disabled":false,"description":"(Required) Merchant Institution Number","key":"institution","value":"00000003"},{"disabled":false,"description":"(Required) Merchant Code","key":"merchant","value":"91002806"},{"key":"Accept","value":"application/json"}],"method":"GET","body":{}},"status":"OK","code":200,"header":[{"key":"Content-Type","value":"application/json"}],"body":"{\n  \"codigoRetorno\": 0,\n  \"mensagem\": \"Sucesso.\",\n  \"conteudo\": {\n    \"numeroInstituicao\": \"00000003\",\n    \"numeroMerchant\": \"91002806\",\n    \"codigoRetorno\": \"00 - Successfully Done\",\n    \"descricaoRetorno\": \"Successfully done\",\n    \"ordemServico\": [\n      {\n        \"osNumero\": \"123456789\",\n        \"osData\": \"20190606\",\n        \"numeroLogico\": \"1234567890\",\n        \"numeroTerminal\": \"1234567890\",\n        \"osStatus\": \"O - Open\",\n        \"osStatusDesc\": \"Open\",\n        \"numeroEndereco\": \"1234\",\n        \"contratoServico\": \"123\",\n        \"estado\": \"SP\",\n        \"cep\": \"05109180\",\n        \"endereco\": \"Rua das Acacias\",\n        \"cidade\": \"São Paulo\",\n        \"complemento\": \"Apartamento 11\",\n        \"bairro\": \"Vila das Acacias\",\n        \"razaoSocial\": \"Nome do Estabelecimento\",\n        \"nomeFantasia\": \"Nome Fantasia do Estabelecimento\",\n        \"osTipo\": \"400000 - Instalation\",\n        \"osTipoDescricao\": \"Instalation\",\n        \"slaEntregaEquipamento\": \"2019-10-10 10:12:15\"\n      },\n      {\n        \"osNumero\": \"123456789\",\n        \"osData\": \"20190606\",\n        \"numeroLogico\": \"1234567890\",\n        \"numeroTerminal\": \"1234567890\",\n        \"osStatus\": \"O - Open\",\n        \"osStatusDesc\": \"Open\",\n        \"numeroEndereco\": \"1234\",\n        \"contratoServico\": \"123\",\n        \"estado\": \"SP\",\n        \"cep\": \"05109180\",\n        \"endereco\": \"Rua das Acacias\",\n        \"cidade\": \"São Paulo\",\n        \"complemento\": \"Apartamento 11\",\n        \"bairro\": \"Vila das Acacias\",\n        \"razaoSocial\": \"Nome do Estabelecimento\",\n        \"nomeFantasia\": \"Nome Fantasia do Estabelecimento\",\n        \"osTipo\": \"400000 - Instalation\",\n        \"osTipoDescricao\": \"Instalation\",\n        \"slaEntregaEquipamento\": \"2019-10-10 10:12:15\"\n      }\n    ]\n  }\n}","cookie":[],"_postman_previewlanguage":"json"}],"event":[],"protocolProfileBehavior":{"disableBodyPruning":true}},{"id":"ba5dc52a-af40-4a79-9fba-f867fad1f86f","name":"v1","item":[{"id":"392d5a46-aa78-40e7-b4fd-552f2c00e577","name":"Service Order Inquiry by Institution and Service Order Number","request":{"name":"Service Order Inquiry by Institution and Service Order Number","description":{"content":"Service Order Inquiry by Institution and Service Order Number","type":"text/plain"},"url":{"path":["bwa","consultaos","resources","v1","os",":osNumero"],"host":["{{baseUrl}}"],"query":[],"variable":[{"disabled":false,"type":"any","value":"<string>","key":"osNumero","description":"(Required) Service Order Number"}]},"header":[{"disabled":false,"description":"(Required) HMAC","key":"Message-Signature","value":"<string>"},{"disabled":false,"description":"(Required) APigee Key","key":"Api-Key","value":"<string>"},{"disabled":false,"description":"(Required) Oauth Key","key":"auth","value":"<string>"},{"disabled":false,"description":"(Required) Date - Epoch Format","key":"Timestamp","value":"<string>"},{"disabled":false,"description":"(Required) Randomly generated by client","key":"Client-Request-Id","value":"<string>"},{"disabled":false,"description":"(Required) Merchant Institution Number","key":"institution","value":"<string>"},{"key":"Accept","value":"application/json"}],"method":"GET","auth":null},"response":[{"id":"38d4876d-9267-445b-8be6-997952cad988","name":"Successfully Done.","originalRequest":{"url":{"path":["bwa","consultaos","resources","v1","os",":osNumero"],"host":["{{baseUrl}}"],"query":[],"variable":[{"disabled":false,"type":"any","value":"<string>","key":"osNumero","description":"(Required) Service Order Number"}]},"header":[{"disabled":false,"description":"(Required) HMAC","key":"Message-Signature","value":"1tsmkG9Ip3k2rcO5cETButfP3D/RS6U8troFF+mUrno="},{"disabled":false,"description":"(Required) APigee Key","key":"Api-Key","value":"X0GW3QGOYFn4r7DHcVC8KuatUnNs6MGB"},{"disabled":false,"description":"(Required) Oauth Key","key":"auth","value":""},{"disabled":false,"description":"(Required) Date - Epoch Format","key":"Timestamp","value":"1563309156733"},{"disabled":false,"description":"(Required) Randomly generated by client","key":"Client-Request-Id","value":"6NYHj9Pgyxc84rmafpwG4fjhLwFfJYFVmxJOcgziD0QN3q6mGC"},{"disabled":false,"description":"(Required) Merchant Institution Number","key":"institution","value":"00000003"},{"key":"Accept","value":"application/json"}],"method":"GET","body":{}},"status":"OK","code":200,"header":[{"key":"Content-Type","value":"application/json"}],"body":"{\n  \"codigoRetorno\": 0,\n  \"mensagem\": \"Sucesso.\",\n  \"conteudo\": {\n    \"numeroInstituicao\": \"00000003\",\n    \"numeroMerchant\": \"91002806\",\n    \"codigoRetorno\": \"00 - Successfully Done\",\n    \"descricaoRetorno\": \"Successfully done\",\n    \"ordemServico\": [\n      {\n        \"osNumero\": \"123456789\",\n        \"osData\": \"20190606\",\n        \"numeroLogico\": \"1234567890\",\n        \"numeroTerminal\": \"1234567890\",\n        \"osStatus\": \"O - Open\",\n        \"osStatusDesc\": \"Open\",\n        \"numeroEndereco\": \"1234\",\n        \"contratoServico\": \"123\",\n        \"estado\": \"SP\",\n        \"cep\": \"05109180\",\n        \"endereco\": \"Rua das Acacias\",\n        \"cidade\": \"São Paulo\",\n        \"complemento\": \"Apartamento 11\",\n        \"bairro\": \"Vila das Acacias\",\n        \"razaoSocial\": \"Nome do Estabelecimento\",\n        \"nomeFantasia\": \"Nome Fantasia do Estabelecimento\",\n        \"osTipo\": \"400000 - Instalation\",\n        \"osTipoDescricao\": \"Instalation\",\n        \"slaEntregaEquipamento\": \"2019-10-10 10:12:15\"\n      },\n      {\n        \"osNumero\": \"123456789\",\n        \"osData\": \"20190606\",\n        \"numeroLogico\": \"1234567890\",\n        \"numeroTerminal\": \"1234567890\",\n        \"osStatus\": \"O - Open\",\n        \"osStatusDesc\": \"Open\",\n        \"numeroEndereco\": \"1234\",\n        \"contratoServico\": \"123\",\n        \"estado\": \"SP\",\n        \"cep\": \"05109180\",\n        \"endereco\": \"Rua das Acacias\",\n        \"cidade\": \"São Paulo\",\n        \"complemento\": \"Apartamento 11\",\n        \"bairro\": \"Vila das Acacias\",\n        \"razaoSocial\": \"Nome do Estabelecimento\",\n        \"nomeFantasia\": \"Nome Fantasia do Estabelecimento\",\n        \"osTipo\": \"400000 - Instalation\",\n        \"osTipoDescricao\": \"Instalation\",\n        \"slaEntregaEquipamento\": \"2019-10-10 10:12:15\"\n      }\n    ]\n  }\n}","cookie":[],"_postman_previewlanguage":"json"}],"event":[],"protocolProfileBehavior":{"disableBodyPruning":true}},{"id":"cf0cb00d-cbda-459e-9dd1-a060db839d0f","name":"trackos","item":[{"id":"63dea518-a3c0-439e-90f2-7c74e880f3bb","name":"Service Order Tracking by Institution Number and Merchant Code","request":{"name":"Service Order Tracking by Institution Number and Merchant Code","description":{"content":"Service Order Tracking by Institution Number and Merchant Code","type":"text/plain"},"url":{"path":["bwa","consultaos","resources","v1","trackos"],"host":["{{baseUrl}}"],"query":[],"variable":[]},"header":[{"disabled":false,"description":"(Required) HMAC","key":"Message-Signature","value":"<string>"},{"disabled":false,"description":"(Required) APigee Key","key":"Api-Key","value":"<string>"},{"disabled":false,"description":"(Required) Oauth Key","key":"auth","value":"<string>"},{"disabled":false,"description":"(Required) Date - Epoch Format","key":"Timestamp","value":"<string>"},{"disabled":false,"description":"(Required) Randomly generated by client","key":"Client-Request-Id","value":"<string>"},{"disabled":false,"description":"(Required) Merchant Institution Number","key":"institution","value":"<string>"},{"disabled":false,"description":"(Required) Merchant Code","key":"merchant","value":"<string>"},{"key":"Accept","value":"application/json"}],"method":"GET","auth":null},"response":[{"id":"fcd04cd5-bac6-4397-ae1c-67f4bcf82184","name":"Successfully Done.","originalRequest":{"url":{"path":["bwa","consultaos","resources","v1","trackos"],"host":["{{baseUrl}}"],"query":[],"variable":[]},"header":[{"disabled":false,"description":"(Required) HMAC","key":"Message-Signature","value":"1tsmkG9Ip3k2rcO5cETButfP3D/RS6U8troFF+mUrno="},{"disabled":false,"description":"(Required) APigee Key","key":"Api-Key","value":"X0GW3QGOYFn4r7DHcVC8KuatUnNs6MGB"},{"disabled":false,"description":"(Required) Oauth Key","key":"auth","value":""},{"disabled":false,"description":"(Required) Date - Epoch Format","key":"Timestamp","value":"1563309156733"},{"disabled":false,"description":"(Required) Randomly generated by client","key":"Client-Request-Id","value":"6NYHj9Pgyxc84rmafpwG4fjhLwFfJYFVmxJOcgziD0QN3q6mGC"},{"disabled":false,"description":"(Required) Merchant Institution Number","key":"institution","value":"00000003"},{"disabled":false,"description":"(Required) Merchant Code","key":"merchant","value":"91002806"},{"key":"Accept","value":"application/json"}],"method":"GET","body":{}},"status":"OK","code":200,"header":[{"key":"Content-Type","value":"application/json"}],"body":"{\n  \"codigoRetorno\": 0,\n  \"mensagem\": \"Sucesso.\",\n  \"conteudo\": {\n    \"numeroInstituicao\": \"00000003\",\n    \"numeroMerchant\": \"91002806\",\n    \"retornoCodigo\": \"00 - Successfully Done\",\n    \"retornoDescricao\": \"Successfully Done\",\n    \"trackOs\": [\n      {\n        \"osNumero\": \"123456789\",\n        \"osStatusDescricao\": \"Completed\",\n        \"numeroLogico\": \"1234567890\",\n        \"slaEntregaEquipamento\": \"2018-03-27 10:20:30\",\n        \"dateTimeTrack\": \"2018-03-27 11:12:33\",\n        \"descTracking\": \"C04 - Merchant Closed.\",\n        \"entregaImediata\": true\n      },\n      {\n        \"osNumero\": \"123456789\",\n        \"osStatusDescricao\": \"Completed\",\n        \"numeroLogico\": \"1234567890\",\n        \"slaEntregaEquipamento\": \"2018-03-27 10:20:30\",\n        \"dateTimeTrack\": \"2018-03-27 11:12:33\",\n        \"descTracking\": \"C04 - Merchant Closed.\",\n        \"entregaImediata\": true\n      }\n    ]\n  }\n}","cookie":[],"_postman_previewlanguage":"json"}],"event":[],"protocolProfileBehavior":{"disableBodyPruning":true}},{"id":"288ff364-45e0-42b0-aa41-40c1b4ff4bd4","name":"Service Order Tracking by Institution Number, Merchant Code and Service Order Number","request":{"name":"Service Order Tracking by Institution Number, Merchant Code and Service Order Number","description":{"content":"Service Order Tracking by Institution Number, Merchant Code and Service Order Number","type":"text/plain"},"url":{"path":["bwa","consultaos","resources","v1","trackos",":osNumero"],"host":["{{baseUrl}}"],"query":[],"variable":[{"disabled":false,"type":"any","value":"<string>","key":"osNumero","description":"(Required) Service Order Number"}]},"header":[{"disabled":false,"description":"(Required) HMAC","key":"Message-Signature","value":"<string>"},{"disabled":false,"description":"(Required) APigee Key","key":"Api-Key","value":"<string>"},{"disabled":false,"description":"(Required) Oauth Key","key":"auth","value":"<string>"},{"disabled":false,"description":"(Required) Date - Epoch Format","key":"Timestamp","value":"<string>"},{"disabled":false,"description":"(Required) Randomly generated by client","key":"Client-Request-Id","value":"<string>"},{"disabled":false,"description":"(Required) Merchant Institution Number","key":"institution","value":"<string>"},{"disabled":false,"description":"(Required) Merchant Code","key":"merchant","value":"<string>"},{"key":"Accept","value":"application/json"}],"method":"GET","auth":null},"response":[{"id":"ebe25218-79e5-4e32-bf0d-485c9a9386be","name":"Successfully Done.","originalRequest":{"url":{"path":["bwa","consultaos","resources","v1","trackos",":osNumero"],"host":["{{baseUrl}}"],"query":[],"variable":[{"disabled":false,"type":"any","value":"<string>","key":"osNumero","description":"(Required) Service Order Number"}]},"header":[{"disabled":false,"description":"(Required) HMAC","key":"Message-Signature","value":"1tsmkG9Ip3k2rcO5cETButfP3D/RS6U8troFF+mUrno="},{"disabled":false,"description":"(Required) APigee Key","key":"Api-Key","value":"X0GW3QGOYFn4r7DHcVC8KuatUnNs6MGB"},{"disabled":false,"description":"(Required) Oauth Key","key":"auth","value":""},{"disabled":false,"description":"(Required) Date - Epoch Format","key":"Timestamp","value":"1563309156733"},{"disabled":false,"description":"(Required) Randomly generated by client","key":"Client-Request-Id","value":"6NYHj9Pgyxc84rmafpwG4fjhLwFfJYFVmxJOcgziD0QN3q6mGC"},{"disabled":false,"description":"(Required) Merchant Institution Number","key":"institution","value":"00000003"},{"disabled":false,"description":"(Required) Merchant Code","key":"merchant","value":"91002806"},{"key":"Accept","value":"application/json"}],"method":"GET","body":{}},"status":"OK","code":200,"header":[{"key":"Content-Type","value":"application/json"}],"body":"{\n  \"codigoRetorno\": 0,\n  \"mensagem\": \"Sucesso.\",\n  \"conteudo\": {\n    \"numeroInstituicao\": \"00000003\",\n    \"numeroMerchant\": \"91002806\",\n    \"retornoCodigo\": \"00 - Successfully Done\",\n    \"retornoDescricao\": \"Successfully Done\",\n    \"trackOs\": [\n      {\n        \"osNumero\": \"123456789\",\n        \"osStatusDescricao\": \"Completed\",\n        \"numeroLogico\": \"1234567890\",\n        \"slaEntregaEquipamento\": \"2018-03-27 10:20:30\",\n        \"dateTimeTrack\": \"2018-03-27 11:12:33\",\n        \"descTracking\": \"C04 - Merchant Closed.\",\n        \"entregaImediata\": true\n      },\n      {\n        \"osNumero\": \"123456789\",\n        \"osStatusDescricao\": \"Completed\",\n        \"numeroLogico\": \"1234567890\",\n        \"slaEntregaEquipamento\": \"2018-03-27 10:20:30\",\n        \"dateTimeTrack\": \"2018-03-27 11:12:33\",\n        \"descTracking\": \"C04 - Merchant Closed.\",\n        \"entregaImediata\": true\n      }\n    ]\n  }\n}","cookie":[],"_postman_previewlanguage":"json"}],"event":[],"protocolProfileBehavior":{"disableBodyPruning":true}}],"event":[]}],"event":[]}],"event":[]}],"event":[]}],"event":[],"variable":[{"type":"string","value":"https://cat.api.firstdata.com","key":"baseUrl"}],"info":{"_postman_id":"f165a6a5-95a5-4887-9622-52f84c658f84","name":"Service Order Search","schema":"https://schema.getpostman.com/json/collection/v2.1.0/collection.json","description":{"content":"Service Order Search","type":"text/plain"}}}