{"item":[{"id":"85389684-7cd8-44fc-aa32-bd915975c94b","name":"Transactions","description":{"content":"","type":"text/plain"},"item":[{"id":"3fedb0fb-12cd-41e6-a902-3de6a94eaed4","name":"Outstanding Authorizations Inquiry. VMX Service: M.FAS.OUTSTANDING.AUTH.INQ, L8V2","request":{"name":"Outstanding Authorizations Inquiry. VMX Service: M.FAS.OUTSTANDING.AUTH.INQ, L8V2","description":{"content":"Fetches data of both old and new transactions(including today's) which are settled to an account. \nVMX Service: M.FAS.OUTSTANDING.AUTH.INQ, L8V2","type":"text/plain"},"url":{"path":["transactions","outstanding-authorizations","details"],"host":["{{baseUrl}}"],"query":[],"variable":[]},"header":[{"disabled":false,"description":"(Required) API Key","key":"apikey","value":"<string>"},{"disabled":false,"description":"(Required) Client ID","key":"X-ClientID","value":"<string>"},{"key":"Content-Type","value":"application/json"},{"key":"Accept","value":"application/json"}],"method":"POST","auth":null,"body":{"mode":"raw","raw":"{\n  \"organizationNumber\": \"<integer>\",\n  \"effectiveAuthorizationDate\": \"<date>\",\n  \"effectiveAuthorizationTime\": \"<integer>\",\n  \"accountNumber\": \"<string>\",\n  \"foreignUseIndicator\": \"<string>\",\n  \"functionCode\": \"<string>\",\n  \"filter\": \"<string>\",\n  \"numberOfAuthorizationsRequested\": \"<integer>\",\n  \"authorizationDateRange\": {\n    \"from\": \"<date>\",\n    \"to\": \"<date>\"\n  },\n  \"authorizationNumber\": \"<string>\"\n}","options":{"raw":{"language":"json"}}}},"response":[{"id":"082d3ff4-cdb9-4fc8-8660-05f187db4119","name":"Success","originalRequest":{"url":{"path":["transactions","outstanding-authorizations","details"],"host":["{{baseUrl}}"],"query":[],"variable":[]},"header":[{"disabled":false,"description":"(Required) API Key","key":"apikey","value":"<string>"},{"disabled":false,"description":"(Required) Client ID","key":"X-ClientID","value":"00970"}],"method":"POST","body":{"mode":"raw","raw":"{\n  \"organizationNumber\": 807,\n  \"effectiveAuthorizationDate\": \"<date>\",\n  \"effectiveAuthorizationTime\": 112233,\n  \"accountNumber\": \"4513074002573466583\",\n  \"foreignUseIndicator\": \"0\",\n  \"functionCode\": \"<string>\",\n  \"filter\": \"A\",\n  \"numberOfAuthorizationsRequested\": 100,\n  \"authorizationDateRange\": {\n    \"from\": \"<date>\",\n    \"to\": \"<date>\"\n  },\n  \"authorizationNumber\": \"123\"\n}","options":{"raw":{"language":"json"}}}},"status":"OK","code":200,"header":[{"key":"Content-Type","value":"application/json"}],"body":"{\n  \"currencyNumberOfDecimals\": 63110663,\n  \"currencyCode\": -38680104,\n  \"foreignUseIndicator\": \"sunt eiusmod laboris ea\",\n  \"organizationNumber\": 65479917,\n  \"accountNumber\": \"reprehenderit\",\n  \"nextToken\": {\n    \"effectiveDate\": \"2013-03-01\",\n    \"time\": \"sunt Ut pari\",\n    \"logRecordTypeOfTheTransaction\": 9578108,\n    \"extentOfTheLogFile\": 87518344,\n    \"relativeByteAddress\": -98105109\n  },\n  \"prevToken\": {\n    \"effectiveDate\": \"2017-05-30\",\n    \"time\": \"elit quis tempor venia\",\n    \"logRecordTypeOfTheTransaction\": -54449493,\n    \"extentOfTheLogFile\": 39278425,\n    \"relativeByteAddress\": 98078742\n  },\n  \"more\": \"amet sint sunt\",\n  \"numberOfAuthorizationsReturned\": -94145904,\n  \"authorizationsData\": [\n    {\n      \"sequence\": -82875381,\n      \"effectiveDate\": \"1981-08-23\",\n      \"time\": \"eiusmod mollit in quis\",\n      \"requestType\": \"non est ut\",\n      \"action\": \"dolore magna deserunt\",\n      \"actionReason\": -11519112,\n      \"postingDate\": \"1997-10-21\",\n      \"creditPlan\": -11599929,\n      \"authorizationAmount\": -8265596.2185099125,\n      \"authorizationCode\": \"laborum in commodo consequat\",\n      \"authorizationType\": \"anim labore aliquip sed\",\n      \"cardNumber\": \"anim labore\",\n      \"cardSequence\": -81898975,\n      \"merchantCategoryCode\": 9247605,\n      \"merchantCategoryCodeDescription\": \"incididunt mollit sed cupidatat\",\n      \"transactionRecordType\": 55266836,\n      \"logExtent\": -79112635,\n      \"relativeByteAddress\": -81257986,\n      \"reasonDescription\": \"aute cillum\",\n      \"cardAcceptorNameAndLocation\": \"esse\",\n      \"transactionDescription\": \"dolor nisi\",\n      \"transactionEntryMode\": -43400589,\n      \"transactionEntryModeDescription\": \"qui aliqua voluptate occaecat\",\n      \"merchantNumber\": \"sed cillum minim\",\n      \"authorizationResponseCode\": \"dolore ut eiusmod\",\n      \"creditAvailable\": 57217515.91552296,\n      \"creditAvailableForCashAdvances\": 80006411.42471224,\n      \"accountCurrencyCode\": \"commodo dolor nostrud\",\n      \"stateOrCountry\": \"incididunt labore U\",\n      \"transactionSourceTerminal\": \"sed aliqua elit nisi tempor\",\n      \"merchantCode\": \"qui proident\",\n      \"processingCode\": 31896050,\n      \"transactionAmount\": -1217207.7915426642,\n      \"settlementAmount\": -18944035.597829252,\n      \"cardholderBillingAmount\": 46800475.77960047,\n      \"systemAuditTraceNumber\": \"proident eu voluptate irure occaecat\",\n      \"localTimeOfTheTransaction\": \"consequat ut tempor\",\n      \"localDateOfTheTransaction\": \"1971-08-12\",\n      \"retrievalReferenceNumber\": 97585403.53762561,\n      \"transactionCurrencyCode\": 43476774,\n      \"settlementCurrencyCode\": -90802398,\n      \"billingCurrencyCode\": 14935614,\n      \"terminalNetworkName\": \"pariatur officia\",\n      \"offeredDownPayment\": -25879347.81867975,\n      \"walletFeeAmount\": -46120933.73783934,\n      \"multiWalletPrepaid\": {\n        \"currencyId\": 16083488,\n        \"authWalletAmount\": 38274537.06195992,\n        \"baseCurrencyAmount\": 7731982.46426335,\n        \"authWalletMarkupAmount\": 90435222.72122088,\n        \"conversionFeeAmount\": 78998736.65320754,\n        \"crossWalletXfrFlag\": 49347972,\n        \"walletPrstFlag\": -76452471,\n        \"walletToDwltConversionRate\": 6349285,\n        \"xfrToCurrency\": 28499097,\n        \"fundXfrFld\": {\n          \"xfrFromCurrency\": 55518846,\n          \"xfrFromAmount\": -75148762,\n          \"xfrToAmount\": 63857825.66728136,\n          \"xfrFeeAmount\": 66842370.92247063\n        },\n        \"atmWdrlFeeAmount\": 84103909.12998173,\n        \"crosBrdrFeeAmount\": 23862271.90976733,\n        \"ccaFeeAmount\": 3002606.1013655365,\n        \"ivaTaxAmount\": -62636392.828859575\n      }\n    },\n    {\n      \"sequence\": 19145233,\n      \"effectiveDate\": \"1993-08-18\",\n      \"time\": \"in in\",\n      \"requestType\": \"eiusmod ut nisi\",\n      \"action\": \"cupidatat ea consequat occaecat do\",\n      \"actionReason\": -76003174,\n      \"postingDate\": \"1980-04-15\",\n      \"creditPlan\": -23092706,\n      \"authorizationAmount\": -88313588.62057953,\n      \"authorizationCode\": \"qui\",\n      \"authorizationType\": \"et eiusmod Excepteur qui fugiat\",\n      \"cardNumber\": \"enim sit deserunt proident\",\n      \"cardSequence\": 23006020,\n      \"merchantCategoryCode\": -91514043,\n      \"merchantCategoryCodeDescription\": \"labore ut\",\n      \"transactionRecordType\": 52449789,\n      \"logExtent\": 39753084,\n      \"relativeByteAddress\": 27545840,\n      \"reasonDescription\": \"minim dolore aliqua magna est\",\n      \"cardAcceptorNameAndLocation\": \"et\",\n      \"transactionDescription\": \"ea laboris Lorem sed\",\n      \"transactionEntryMode\": -88824957,\n      \"transactionEntryModeDescription\": \"dolore voluptate do fugiat\",\n      \"merchantNumber\": \"sit ad occaecat Ut\",\n      \"authorizationResponseCode\": \"non\",\n      \"creditAvailable\": 24517769.919473186,\n      \"creditAvailableForCashAdvances\": 90519639.61212853,\n      \"accountCurrencyCode\": \"sed Duis velit tempor sint\",\n      \"stateOrCountry\": \"anim in\",\n      \"transactionSourceTerminal\": \"nisi do exercitation\",\n      \"merchantCode\": \"veniam\",\n      \"processingCode\": -91251733,\n      \"transactionAmount\": -29747074.98139417,\n      \"settlementAmount\": -80569338.1560849,\n      \"cardholderBillingAmount\": -47789862.20552546,\n      \"systemAuditTraceNumber\": \"nulla aute\",\n      \"localTimeOfTheTransaction\": \"eiusmod ut\",\n      \"localDateOfTheTransaction\": \"1973-12-04\",\n      \"retrievalReferenceNumber\": 81252673.70422727,\n      \"transactionCurrencyCode\": 8211515,\n      \"settlementCurrencyCode\": 68869709,\n      \"billingCurrencyCode\": 12444555,\n      \"terminalNetworkName\": \"laboris\",\n      \"offeredDownPayment\": -29203752.090427667,\n      \"walletFeeAmount\": 4220479.946255833,\n      \"multiWalletPrepaid\": {\n        \"currencyId\": 79017500,\n        \"authWalletAmount\": -25688718.817733094,\n        \"baseCurrencyAmount\": -56478244.353436224,\n        \"authWalletMarkupAmount\": -25303732.492817238,\n        \"conversionFeeAmount\": 12456713.157558233,\n        \"crossWalletXfrFlag\": 87945327,\n        \"walletPrstFlag\": -80764712,\n        \"walletToDwltConversionRate\": 22523759,\n        \"xfrToCurrency\": -99968864,\n        \"fundXfrFld\": {\n          \"xfrFromCurrency\": 84112109,\n          \"xfrFromAmount\": 40675166,\n          \"xfrToAmount\": 25865356.837252975,\n          \"xfrFeeAmount\": 20006405.156249315\n        },\n        \"atmWdrlFeeAmount\": 61928980.4240275,\n        \"crosBrdrFeeAmount\": -81950503.741032,\n        \"ccaFeeAmount\": 68344231.30320922,\n        \"ivaTaxAmount\": 98535607.23704562\n      }\n    }\n  ]\n}","cookie":[],"_postman_previewlanguage":"json"},{"id":"5b7133e5-4d6f-4f8d-89e4-6186bab44169","name":"Redirection","originalRequest":{"url":{"path":["transactions","outstanding-authorizations","details"],"host":["{{baseUrl}}"],"query":[],"variable":[]},"header":[{"disabled":false,"description":"(Required) API Key","key":"apikey","value":"<string>"},{"disabled":false,"description":"(Required) Client ID","key":"X-ClientID","value":"00970"}],"method":"POST","body":{"mode":"raw","raw":"{\n  \"organizationNumber\": 807,\n  \"effectiveAuthorizationDate\": \"<date>\",\n  \"effectiveAuthorizationTime\": 112233,\n  \"accountNumber\": \"4513074002573466583\",\n  \"foreignUseIndicator\": \"0\",\n  \"functionCode\": \"<string>\",\n  \"filter\": \"A\",\n  \"numberOfAuthorizationsRequested\": 100,\n  \"authorizationDateRange\": {\n    \"from\": \"<date>\",\n    \"to\": \"<date>\"\n  },\n  \"authorizationNumber\": \"123\"\n}","options":{"raw":{"language":"json"}}}},"status":"Multiple Choices","code":300,"header":[{"key":"Content-Type","value":"application/json"}],"body":"{\n  \"hasError\": false,\n  \"errors\": [\n    {\n      \"code\": \"mollit temp\",\n      \"description\": \"ex\"\n    },\n    {\n      \"code\": \"id\",\n      \"description\": \"nisi consequat irure veniam\"\n    }\n  ],\n  \"data\": {}\n}","cookie":[],"_postman_previewlanguage":"json"},{"id":"682d2436-1358-473f-8941-53bb1cc32919","name":"Bad Request","originalRequest":{"url":{"path":["transactions","outstanding-authorizations","details"],"host":["{{baseUrl}}"],"query":[],"variable":[]},"header":[{"disabled":false,"description":"(Required) API Key","key":"apikey","value":"<string>"},{"disabled":false,"description":"(Required) Client ID","key":"X-ClientID","value":"00970"}],"method":"POST","body":{"mode":"raw","raw":"{\n  \"organizationNumber\": 807,\n  \"effectiveAuthorizationDate\": \"<date>\",\n  \"effectiveAuthorizationTime\": 112233,\n  \"accountNumber\": \"4513074002573466583\",\n  \"foreignUseIndicator\": \"0\",\n  \"functionCode\": \"<string>\",\n  \"filter\": \"A\",\n  \"numberOfAuthorizationsRequested\": 100,\n  \"authorizationDateRange\": {\n    \"from\": \"<date>\",\n    \"to\": \"<date>\"\n  },\n  \"authorizationNumber\": \"123\"\n}","options":{"raw":{"language":"json"}}}},"status":"Bad Request","code":400,"header":[{"key":"Content-Type","value":"text/plain"}],"body":"","cookie":[],"_postman_previewlanguage":"text"},{"id":"d1836608-2195-47ca-b078-0753d58655e6","name":"Unauthorized","originalRequest":{"url":{"path":["transactions","outstanding-authorizations","details"],"host":["{{baseUrl}}"],"query":[],"variable":[]},"header":[{"disabled":false,"description":"(Required) API Key","key":"apikey","value":"<string>"},{"disabled":false,"description":"(Required) Client ID","key":"X-ClientID","value":"00970"}],"method":"POST","body":{"mode":"raw","raw":"{\n  \"organizationNumber\": 807,\n  \"effectiveAuthorizationDate\": \"<date>\",\n  \"effectiveAuthorizationTime\": 112233,\n  \"accountNumber\": \"4513074002573466583\",\n  \"foreignUseIndicator\": \"0\",\n  \"functionCode\": \"<string>\",\n  \"filter\": \"A\",\n  \"numberOfAuthorizationsRequested\": 100,\n  \"authorizationDateRange\": {\n    \"from\": \"<date>\",\n    \"to\": \"<date>\"\n  },\n  \"authorizationNumber\": \"123\"\n}","options":{"raw":{"language":"json"}}}},"status":"Unauthorized","code":401,"header":[{"key":"Content-Type","value":"text/plain"}],"body":"","cookie":[],"_postman_previewlanguage":"text"},{"id":"8aa1ef3b-6490-4155-be98-fedea459b5d3","name":"Forbidden","originalRequest":{"url":{"path":["transactions","outstanding-authorizations","details"],"host":["{{baseUrl}}"],"query":[],"variable":[]},"header":[{"disabled":false,"description":"(Required) API Key","key":"apikey","value":"<string>"},{"disabled":false,"description":"(Required) Client ID","key":"X-ClientID","value":"00970"}],"method":"POST","body":{"mode":"raw","raw":"{\n  \"organizationNumber\": 807,\n  \"effectiveAuthorizationDate\": \"<date>\",\n  \"effectiveAuthorizationTime\": 112233,\n  \"accountNumber\": \"4513074002573466583\",\n  \"foreignUseIndicator\": \"0\",\n  \"functionCode\": \"<string>\",\n  \"filter\": \"A\",\n  \"numberOfAuthorizationsRequested\": 100,\n  \"authorizationDateRange\": {\n    \"from\": \"<date>\",\n    \"to\": \"<date>\"\n  },\n  \"authorizationNumber\": \"123\"\n}","options":{"raw":{"language":"json"}}}},"status":"Forbidden","code":403,"header":[{"key":"Content-Type","value":"text/plain"}],"body":"","cookie":[],"_postman_previewlanguage":"text"},{"id":"6d04f452-daab-489c-a5f7-1a62ef63121d","name":"Not Found","originalRequest":{"url":{"path":["transactions","outstanding-authorizations","details"],"host":["{{baseUrl}}"],"query":[],"variable":[]},"header":[{"disabled":false,"description":"(Required) API Key","key":"apikey","value":"<string>"},{"disabled":false,"description":"(Required) Client ID","key":"X-ClientID","value":"00970"}],"method":"POST","body":{"mode":"raw","raw":"{\n  \"organizationNumber\": 807,\n  \"effectiveAuthorizationDate\": \"<date>\",\n  \"effectiveAuthorizationTime\": 112233,\n  \"accountNumber\": \"4513074002573466583\",\n  \"foreignUseIndicator\": \"0\",\n  \"functionCode\": \"<string>\",\n  \"filter\": \"A\",\n  \"numberOfAuthorizationsRequested\": 100,\n  \"authorizationDateRange\": {\n    \"from\": \"<date>\",\n    \"to\": \"<date>\"\n  },\n  \"authorizationNumber\": \"123\"\n}","options":{"raw":{"language":"json"}}}},"status":"Not Found","code":404,"header":[{"key":"Content-Type","value":"text/plain"}],"body":"","cookie":[],"_postman_previewlanguage":"text"},{"id":"bb6842f2-be1e-421e-ae4f-cd8f8772eca0","name":"Method Not Allowed","originalRequest":{"url":{"path":["transactions","outstanding-authorizations","details"],"host":["{{baseUrl}}"],"query":[],"variable":[]},"header":[{"disabled":false,"description":"(Required) API Key","key":"apikey","value":"<string>"},{"disabled":false,"description":"(Required) Client ID","key":"X-ClientID","value":"00970"}],"method":"POST","body":{"mode":"raw","raw":"{\n  \"organizationNumber\": 807,\n  \"effectiveAuthorizationDate\": \"<date>\",\n  \"effectiveAuthorizationTime\": 112233,\n  \"accountNumber\": \"4513074002573466583\",\n  \"foreignUseIndicator\": \"0\",\n  \"functionCode\": \"<string>\",\n  \"filter\": \"A\",\n  \"numberOfAuthorizationsRequested\": 100,\n  \"authorizationDateRange\": {\n    \"from\": \"<date>\",\n    \"to\": \"<date>\"\n  },\n  \"authorizationNumber\": \"123\"\n}","options":{"raw":{"language":"json"}}}},"status":"Method Not Allowed","code":405,"header":[{"key":"Content-Type","value":"text/plain"}],"body":"","cookie":[],"_postman_previewlanguage":"text"},{"id":"e1a64669-6c27-4cdb-a01b-f234a6ae58da","name":"Backend Error","originalRequest":{"url":{"path":["transactions","outstanding-authorizations","details"],"host":["{{baseUrl}}"],"query":[],"variable":[]},"header":[{"disabled":false,"description":"(Required) API Key","key":"apikey","value":"<string>"},{"disabled":false,"description":"(Required) Client ID","key":"X-ClientID","value":"00970"}],"method":"POST","body":{"mode":"raw","raw":"{\n  \"organizationNumber\": 807,\n  \"effectiveAuthorizationDate\": \"<date>\",\n  \"effectiveAuthorizationTime\": 112233,\n  \"accountNumber\": \"4513074002573466583\",\n  \"foreignUseIndicator\": \"0\",\n  \"functionCode\": \"<string>\",\n  \"filter\": \"A\",\n  \"numberOfAuthorizationsRequested\": 100,\n  \"authorizationDateRange\": {\n    \"from\": \"<date>\",\n    \"to\": \"<date>\"\n  },\n  \"authorizationNumber\": \"123\"\n}","options":{"raw":{"language":"json"}}}},"status":"Internal Server Error","code":500,"header":[{"key":"Content-Type","value":"application/json"}],"body":"{\n  \"hasError\": false,\n  \"errors\": [\n    {\n      \"code\": \"ut irure do veniam eu\",\n      \"description\": \"est laboris irure ut proident\"\n    },\n    {\n      \"code\": \"do sed dolor cillum\",\n      \"description\": \"fugiat\"\n    }\n  ],\n  \"data\": {}\n}","cookie":[],"_postman_previewlanguage":"json"}],"event":[],"protocolProfileBehavior":{"disableBodyPruning":true}}],"event":[]}],"event":[],"variable":[{"type":"string","value":"https://int.api.firstdata.com/latam-gfs-apis/portal","key":"baseUrl"}],"info":{"_postman_id":"21af055d-95d3-4422-973c-e646027c2263","name":"FirstVision™ Transaction Service - API Documentation","schema":"https://schema.getpostman.com/json/collection/v2.1.0/collection.json","description":{"content":"This documentation describes the REST APIs provided by the FirstVision™ Cards Microservice, which provides functionality for the issuing, management and processing of credit cards, including bank, co-branded, private label, debit, commercial, and prepaid","type":"text/plain"}}}