{"item":[{"id":"2300882b-4232-40f0-82c0-cba0c2f93956","name":"Get Enumeration Table.","request":{"name":"Get Enumeration Table.","description":{"content":"Retrieves enumeration values and their descriptions associated to a field. <br> For more information about the Operations and Servicing domain <a href=\"../docs/?path=docs/fintechs/servicing.md\" title=\"Click to open\">click here.</a> <br><br> <b>Relates to:</b>\n  <ul> \n    <li><a href=\"../docs/?path=docs/banks-and-CU/deposits.md\" title=\"Click to open\">Deposits</a></li>\n    <li><a href=\"../docs/?path=docs/banks-and-CU/loans.md\" title=\"Click to open\">Loans</a></li>\n    <li><a href=\"../docs/?path=docs/banks-and-CU/bank-servicing.md\" title=\"Click to open\">Bank Servicing</a></li>\n  </ul>","type":"text/plain"},"url":{"path":["enumtable","secured"],"host":["{{baseUrl}}"],"query":[],"variable":[]},"header":[{"disabled":false,"description":"(Required) EFX Header is a common and required component for all API calls, it contains authentication and client-related parameters. Please note that the header parameters should be sent as a JSON object under the EFXHeader parameter. To view the list of header parameters, <a href=\"../docs?path=docs/api-ref-EFX-header.md\" title=\"Click to open\"> click here</a>.","key":"EFXHeader","value":"OrganizationId,<string>,TrnId,<string>,VendorId,<string>,Context,[object Object]"},{"key":"Content-Type","value":"application/json"},{"key":"Accept","value":"application/json"}],"method":"POST","auth":null,"body":{"mode":"raw","raw":"{\n  \"EnumTableSel\": {\n    \"EnumTableKeys\": {\n      \"EnumTableIdent\": \"<string>\",\n      \"BranchIdent\": \"<string>\",\n      \"DataApplType\": \"<string>\"\n    },\n    \"EnumFilter\": [\n      \"<string>\",\n      \"<string>\"\n    ]\n  },\n  \"RecCtrlIn\": {\n    \"MaxRecLimit\": \"<long>\",\n    \"Cursor\": \"<string>\"\n  }\n}","options":{"raw":{"language":"json"}}}},"response":[{"id":"34afc4a9-65c7-4aa5-88f5-42916391e658","name":"OK","originalRequest":{"url":{"path":["enumtable","secured"],"host":["{{baseUrl}}"],"query":[],"variable":[]},"header":[{"disabled":false,"description":"(Required) EFX Header is a common and required component for all API calls, it contains authentication and client-related parameters. Please note that the header parameters should be sent as a JSON object under the EFXHeader parameter. To view the list of header parameters, <a href=\"../docs?path=docs/api-ref-EFX-header.md\" title=\"Click to open\"> click here</a>.","key":"EFXHeader","value":"{ \"TrnId\": \"f262cfa4-9da4-4a10-b48c-2e947ce3e66c\", \"OrganizationId\": \"PRMOrg10\", \"VendorId\": \"112233\", \"Context\":{ \"Channel\": \"WEB\" } }"},{"key":"Accept","value":"application/json"}],"method":"POST","body":{"mode":"raw","raw":"{\n  \"RecCtrlIn\": {\n    \"MaxRecLimit\": 5,\n    \"Cursor\": \"2\"\n  },\n  \"EnumTableSel\": {\n    \"EnumTableKeys\": {\n      \"EnumTableIdent\": \"Branch\"\n    }\n  }\n}","options":{"raw":{"language":"json"}}}},"status":"OK","code":200,"header":[{"key":"Content-Type","value":"application/json"}],"body":"{\n  \"Status\": {\n    \"StatusCode\": \"0\",\n    \"StatusDesc\": \"Success\",\n    \"Severity\": \"Info\",\n    \"SvcProviderName\": \"Premier\"\n  },\n  \"RecCtrlOut\": {\n    \"SentRecCount\": 4\n  },\n  \"EnumTableRec\": [\n    {\n      \"EnumTableKeys\": {\n        \"EnumTableIdent\": \"Branch\"\n      },\n      \"EnumTableInfo\": {\n        \"EnumTableData\": [\n          {\n            \"EnumValue\": \"1\",\n            \"EnumValueDesc\": \"OAKDALE ACCOUNTING BRANCH\"\n          },\n          {\n            \"EnumValue\": \"2\",\n            \"EnumValueDesc\": \"SOUTHSIDE VALLEY ACCOUNTING\"\n          },\n          {\n            \"EnumValue\": \"3\",\n            \"EnumValueDesc\": \"CYPRESS ACCOUNTING BRANCH\"\n          },\n          {\n            \"EnumValue\": \"4\",\n            \"EnumValueDesc\": \"MAIN STREET BRANCH\"\n          }\n        ]\n      },\n      \"EnumTableStatus\": {\n        \"EnumTableStatusCode\": \"Valid\",\n        \"EffDt\": \"2021-12-21T16:13:34.064\"\n      }\n    }\n  ]\n}","cookie":[],"_postman_previewlanguage":"json"},{"id":"febfaea3-e09b-4f82-93d0-203ef05d36da","name":"Unauthorized","originalRequest":{"url":{"path":["enumtable","secured"],"host":["{{baseUrl}}"],"query":[],"variable":[]},"header":[{"disabled":false,"description":"(Required) EFX Header is a common and required component for all API calls, it contains authentication and client-related parameters. Please note that the header parameters should be sent as a JSON object under the EFXHeader parameter. To view the list of header parameters, <a href=\"../docs?path=docs/api-ref-EFX-header.md\" title=\"Click to open\"> click here</a>.","key":"EFXHeader","value":"{ \"TrnId\": \"f262cfa4-9da4-4a10-b48c-2e947ce3e66c\", \"OrganizationId\": \"PRMOrg10\", \"VendorId\": \"112233\", \"Context\":{ \"Channel\": \"WEB\" } }"},{"key":"Accept","value":"application/json"}],"method":"POST","body":{"mode":"raw","raw":"{\n  \"RecCtrlIn\": {\n    \"MaxRecLimit\": 5,\n    \"Cursor\": \"2\"\n  },\n  \"EnumTableSel\": {\n    \"EnumTableKeys\": {\n      \"EnumTableIdent\": \"Branch\"\n    }\n  }\n}","options":{"raw":{"language":"json"}}}},"status":"Unauthorized","code":401,"header":[{"key":"Content-Type","value":"application/json"}],"body":"{\n  \"Status\": {\n    \"StatusCode\": \"1740\",\n    \"StatusDesc\": \"Authentication Failed\",\n    \"Severity\": \"Error\",\n    \"SvcProviderName\": \"Premier\",\n    \"ServerStatusCode\": \"401\",\n    \"ServerStatusDesc\": \"Unauthorized\"\n  }\n}","cookie":[],"_postman_previewlanguage":"json"},{"id":"e965ba93-d954-44e0-b669-a75eef259c43","name":"Un-processable Entity","originalRequest":{"url":{"path":["enumtable","secured"],"host":["{{baseUrl}}"],"query":[],"variable":[]},"header":[{"disabled":false,"description":"(Required) EFX Header is a common and required component for all API calls, it contains authentication and client-related parameters. Please note that the header parameters should be sent as a JSON object under the EFXHeader parameter. To view the list of header parameters, <a href=\"../docs?path=docs/api-ref-EFX-header.md\" title=\"Click to open\"> click here</a>.","key":"EFXHeader","value":"{ \"TrnId\": \"f262cfa4-9da4-4a10-b48c-2e947ce3e66c\", \"OrganizationId\": \"PRMOrg10\", \"VendorId\": \"112233\", \"Context\":{ \"Channel\": \"WEB\" } }"},{"key":"Accept","value":"application/json"}],"method":"POST","body":{"mode":"raw","raw":"{\n  \"RecCtrlIn\": {\n    \"MaxRecLimit\": 5,\n    \"Cursor\": \"2\"\n  },\n  \"EnumTableSel\": {\n    \"EnumTableKeys\": {\n      \"EnumTableIdent\": \"Branch\"\n    }\n  }\n}","options":{"raw":{"language":"json"}}}},"status":"Unprocessable Entity (WebDAV) (RFC 4918)","code":422,"header":[{"key":"Content-Type","value":"application/json"}],"body":"{\n  \"Status\": {\n    \"StatusCode\": \"1090\",\n    \"StatusDesc\": \"Invalid Value\",\n    \"Severity\": \"Error\",\n    \"SvcProviderName\": \"Premier\",\n    \"ServerStatusCode\": \"422\",\n    \"ServerStatusDesc\": \"Unprocessable Entity\"\n  }\n}","cookie":[],"_postman_previewlanguage":"json"},{"id":"1337aac3-8108-45b2-866f-2e40e2993829","name":"Internal Server Error","originalRequest":{"url":{"path":["enumtable","secured"],"host":["{{baseUrl}}"],"query":[],"variable":[]},"header":[{"disabled":false,"description":"(Required) EFX Header is a common and required component for all API calls, it contains authentication and client-related parameters. Please note that the header parameters should be sent as a JSON object under the EFXHeader parameter. To view the list of header parameters, <a href=\"../docs?path=docs/api-ref-EFX-header.md\" title=\"Click to open\"> click here</a>.","key":"EFXHeader","value":"{ \"TrnId\": \"f262cfa4-9da4-4a10-b48c-2e947ce3e66c\", \"OrganizationId\": \"PRMOrg10\", \"VendorId\": \"112233\", \"Context\":{ \"Channel\": \"WEB\" } }"},{"key":"Accept","value":"application/json"}],"method":"POST","body":{"mode":"raw","raw":"{\n  \"RecCtrlIn\": {\n    \"MaxRecLimit\": 5,\n    \"Cursor\": \"2\"\n  },\n  \"EnumTableSel\": {\n    \"EnumTableKeys\": {\n      \"EnumTableIdent\": \"Branch\"\n    }\n  }\n}","options":{"raw":{"language":"json"}}}},"status":"Internal Server Error","code":500,"header":[{"key":"Content-Type","value":"application/json"}],"body":"{\n  \"Status\": {\n    \"StatusCode\": \"100\",\n    \"StatusDesc\": \"General Error\",\n    \"Severity\": \"Error\",\n    \"SvcProviderName\": \"Premier\",\n    \"ServerStatusCode\": \"500\",\n    \"ServerStatusDesc\": \"Internal Server Error\"\n  }\n}","cookie":[],"_postman_previewlanguage":"json"},{"id":"6fc3c409-231d-4ecf-8e66-398446b951f2","name":"Service Unavailable","originalRequest":{"url":{"path":["enumtable","secured"],"host":["{{baseUrl}}"],"query":[],"variable":[]},"header":[{"disabled":false,"description":"(Required) EFX Header is a common and required component for all API calls, it contains authentication and client-related parameters. Please note that the header parameters should be sent as a JSON object under the EFXHeader parameter. To view the list of header parameters, <a href=\"../docs?path=docs/api-ref-EFX-header.md\" title=\"Click to open\"> click here</a>.","key":"EFXHeader","value":"{ \"TrnId\": \"f262cfa4-9da4-4a10-b48c-2e947ce3e66c\", \"OrganizationId\": \"PRMOrg10\", \"VendorId\": \"112233\", \"Context\":{ \"Channel\": \"WEB\" } }"},{"key":"Accept","value":"application/json"}],"method":"POST","body":{"mode":"raw","raw":"{\n  \"RecCtrlIn\": {\n    \"MaxRecLimit\": 5,\n    \"Cursor\": \"2\"\n  },\n  \"EnumTableSel\": {\n    \"EnumTableKeys\": {\n      \"EnumTableIdent\": \"Branch\"\n    }\n  }\n}","options":{"raw":{"language":"json"}}}},"status":"Service Unavailable","code":503,"header":[{"key":"Content-Type","value":"application/json"}],"body":"{\n  \"Status\": {\n    \"StatusCode\": \"300\",\n    \"StatusDesc\": \"System Not Available\",\n    \"Severity\": \"Error\",\n    \"SvcProviderName\": \"Premier\",\n    \"ServerStatusCode\": \"503\",\n    \"ServerStatusDesc\": \"Service Unavailable\"\n  }\n}","cookie":[],"_postman_previewlanguage":"json"},{"id":"e8c9dfef-8838-412c-86cf-ffee4bb41a37","name":"Unexpected error","originalRequest":{"url":{"path":["enumtable","secured"],"host":["{{baseUrl}}"],"query":[],"variable":[]},"header":[{"disabled":false,"description":"(Required) EFX Header is a common and required component for all API calls, it contains authentication and client-related parameters. Please note that the header parameters should be sent as a JSON object under the EFXHeader parameter. To view the list of header parameters, <a href=\"../docs?path=docs/api-ref-EFX-header.md\" title=\"Click to open\"> click here</a>.","key":"EFXHeader","value":"{ \"TrnId\": \"f262cfa4-9da4-4a10-b48c-2e947ce3e66c\", \"OrganizationId\": \"PRMOrg10\", \"VendorId\": \"112233\", \"Context\":{ \"Channel\": \"WEB\" } }"},{"key":"Accept","value":"application/json"}],"method":"POST","body":{"mode":"raw","raw":"{\n  \"RecCtrlIn\": {\n    \"MaxRecLimit\": 5,\n    \"Cursor\": \"2\"\n  },\n  \"EnumTableSel\": {\n    \"EnumTableKeys\": {\n      \"EnumTableIdent\": \"Branch\"\n    }\n  }\n}","options":{"raw":{"language":"json"}}}},"status":"Internal Server Error","code":500,"header":[{"key":"Content-Type","value":"application/json"}],"body":"{\n  \"Status\": {\n    \"Severity\": \"Warning\",\n    \"StatusCode\": \"anim\",\n    \"StatusDesc\": \"nisi esse dolor magna\",\n    \"SvcProviderName\": \"adipisicing anim officia irure\",\n    \"Id\": \"aliqua minim\",\n    \"ServerStatusCode\": \"do\",\n    \"ServerStatusDesc\": \"amet ad\",\n    \"OvrdExceptionInd\": true,\n    \"SubjectRole\": \"laborum\",\n    \"SubjectElement\": [\n      {\n        \"Path\": \"commodo culpa elit aliqua\",\n        \"ServerPath\": \"qui eiusmod officia ut\",\n        \"Value\": \"consectetur ipsum officia\"\n      },\n      {\n        \"Path\": \"\",\n        \"ServerPath\": \"est\",\n        \"Value\": \"consectetur in dolore\"\n      }\n    ],\n    \"ContentHTML\": \"nulla magna consequat aute\",\n    \"AdditionalStatus\": [\n      {\n        \"StatusCode\": \"e\",\n        \"StatusDesc\": \"aliqua dolore\",\n        \"Severity\": \"Info\",\n        \"SvcProviderName\": \"minim in ex magna\",\n        \"ServerStatusCode\": \"labore incidi\",\n        \"ServerStatusDesc\": \"sed n\",\n        \"OvrdExceptionInd\": false,\n        \"SubjectElement\": [\n          {\n            \"Path\": \"enim pariatur\",\n            \"ServerPath\": \"dolor officia in\",\n            \"Value\": \"elit aliquip aliqua laborum\"\n          },\n          {\n            \"Path\": \"minim est\",\n            \"ServerPath\": \"eu aliqua qui tempor\",\n            \"Value\": \"exercitation ut ex Lorem\"\n          }\n        ]\n      },\n      {\n        \"StatusCode\": \"incididunt al\",\n        \"StatusDesc\": \"sunt culpa incididunt ipsum\",\n        \"Severity\": \"Info\",\n        \"SvcProviderName\": \"culpa occaecat Excepteur eu\",\n        \"ServerStatusCode\": \"in exe\",\n        \"ServerStatusDesc\": \"eu non consequat elit\",\n        \"OvrdExceptionInd\": true,\n        \"SubjectElement\": [\n          {\n            \"Path\": \"eu magna irure nostrud\",\n            \"ServerPath\": \"tempor ipsum dolor\",\n            \"Value\": \"nisi et proident voluptate\"\n          },\n          {\n            \"Path\": \"do ipsum nulla commodo\",\n            \"ServerPath\": \"pariatur aute reprehenderit\",\n            \"Value\": \"non ipsum nostrud elit\"\n          }\n        ]\n      }\n    ]\n  },\n  \"RecCtrlOut\": {\n    \"SentRecCount\": 68303693,\n    \"Cursor\": \"magna\"\n  },\n  \"EnumTableRec\": [\n    {\n      \"EnumTableInfo\": {\n        \"EnumTableData\": [\n          {\n            \"EnumValue\": \"aute dolore id aliqua\",\n            \"EnumValueDesc\": \"ullamco\"\n          },\n          {\n            \"EnumValue\": \"non consequat\",\n            \"EnumValueDesc\": \"ipsum\"\n          }\n        ]\n      },\n      \"EnumTableKeys\": {\n        \"EnumTableIdent\": \"<string>\",\n        \"BranchIdent\": \"1234\",\n        \"DataApplType\": \"<string>\"\n      },\n      \"EnumTableStatus\": {\n        \"EnumTableStatusCode\": \"Valid\",\n        \"EffDt\": \"2021-01-31T23:59:59.999\"\n      }\n    },\n    {\n      \"EnumTableInfo\": {\n        \"EnumTableData\": [\n          {\n            \"EnumValue\": \"et Duis in\",\n            \"EnumValueDesc\": \"ad consequat exercitation\"\n          },\n          {\n            \"EnumValue\": \"cillum tempor amet\",\n            \"EnumValueDesc\": \"et officia tempor\"\n          }\n        ]\n      },\n      \"EnumTableKeys\": {\n        \"EnumTableIdent\": \"<string>\",\n        \"BranchIdent\": \"1234\",\n        \"DataApplType\": \"<string>\"\n      },\n      \"EnumTableStatus\": {\n        \"EnumTableStatusCode\": \"Valid\",\n        \"EffDt\": \"2021-01-31T23:59:59.999\"\n      }\n    }\n  ]\n}","cookie":[],"_postman_previewlanguage":"json"}],"event":[],"protocolProfileBehavior":{"disableBodyPruning":true}}],"event":[],"variable":[{"type":"string","value":"/","key":"baseUrl"}],"info":{"_postman_id":"e60cf85b-4111-4661-abc5-361a6c545f6a","name":"EnumTableService","schema":"https://schema.getpostman.com/json/collection/v2.1.0/collection.json","description":{"content":"Enumeration Table service supports an inquiry operation that allows to retrieve enumerated values and associated descriptions from fields available to service providers.","type":"text/plain"}}}