{"item":[{"id":"6cef869b-f3d7-4540-b8a0-dcbf111af718","name":"hosted-pages","description":{"content":"Operations and details about a hosted pages.","type":"text/plain"},"item":[{"id":"23e531cf-ef07-42d8-b2f0-694de27ca3ba","name":"This is the first url for any client application to consume to get hosted pages. This call should not be made from browser because it will not render anything. It can be call from mobile application or mobile server. It will return formatted url to retrieve the html page ' /v1/hosted-pages/pages/{configId}' and other page contents '/v1/hosted-pages/pages/{configId}/content'.","request":{"name":"This is the first url for any client application to consume to get hosted pages. This call should not be made from browser because it will not render anything. It can be call from mobile application or mobile server. It will return formatted url to retrieve the html page ' /v1/hosted-pages/pages/{configId}' and other page contents '/v1/hosted-pages/pages/{configId}/content'.","description":{"content":"This is the first url for any client application to consume to get hosted pages. This call should not be made from browser because it will not render anything. It can be call from mobile application or mobile server. It will return formatted url to retrieve the html page ' /v1/hosted-pages/pages/{configId}' and other page contents '/v1/hosted-pages/pages/{configId}/content'.","type":"text/plain"},"url":{"path":["v1","hosted-pages","pages"],"host":["{{baseUrl}}"],"query":[],"variable":[]},"header":[{"disabled":false,"description":"(Required) An API key is a string value passed by a client app to the API proxies. The key uniquely identifies the client app.","key":"Api-Key","value":"dolor ut"},{"disabled":false,"description":"(Required) Epoch timestamp in the request initiating system","key":"Timestamp","value":"dolor ut"},{"disabled":false,"description":"The Accept-Language header contains information about the language preference of a user. This HTTP header is useful to multilingual sites for deciding the best language to serve to the client. i.e en-US,fr-CA","key":"Accept-Language","value":"dolor ut"},{"disabled":false,"description":"Sub Merchant Id contains information about the merchant identifier","key":"Sub-Merchant-Id","value":"dolor ut"},{"key":"Accept","value":"application/json"}],"method":"GET","auth":null},"response":[{"id":"21dd0b1f-ef65-421f-976b-6ee528929b29","name":"OK","originalRequest":{"url":{"path":["v1","hosted-pages","pages"],"host":["{{baseUrl}}"],"query":[],"variable":[]},"header":[{"disabled":false,"description":"(Required) An API key is a string value passed by a client app to the API proxies. The key uniquely identifies the client app.","key":"Api-Key","value":"dolor ut"},{"disabled":false,"description":"(Required) Epoch timestamp in the request initiating system","key":"Timestamp","value":"dolor ut"},{"disabled":false,"description":"(Required) Format `Bearer {apigee_access_token}`","key":"Authorization","value":"dolor ut"},{"disabled":false,"description":"The Accept-Language header contains information about the language preference of a user. This HTTP header is useful to multilingual sites for deciding the best language to serve to the client. i.e en-US,fr-CA","key":"Accept-Language","value":"dolor ut"},{"disabled":false,"description":"Sub Merchant Id contains information about the merchant identifier","key":"Sub-Merchant-Id","value":"dolor ut"}],"method":"GET","body":{}},"status":"OK","code":200,"header":[{"key":"Content-Type","value":"application/json"}],"body":"[\n  {\n    \"pageJson\": \"\",\n    \"pageCss\": \"{ @font-face{ font-family: EMprint; src:url('/mAccountsWeb/css/exxon-font/Emprint/EMprint-Regular.ttf'); } body { margin: 0px; padding: 1% 0 1%; background-color: white; color: #959595; font-size: 12pt; font-family: EMprint; } }\",\n    \"configId\": \"hosted-page-123456\",\n    \"pageType\": \"account.add\",\n    \"_links\": [\n      {\n        \"href\": \"https://api.example.com/v1/hosted-pages/pages/page-id-123457/\",\n        \"rel\": \"account.add\",\n        \"method\": \"GET\"\n      }\n    ]\n  },\n  {\n    \"pageJson\": \"\",\n    \"pageCss\": \"{ @font-face{ font-family: EMprint; src:url('/mAccountsWeb/css/exxon-font/Emprint/EMprint-Regular.ttf'); } body { margin: 0px; padding: 1% 0 1%; background-color: white; color: #959595; font-size: 12pt; font-family: EMprint; } }\",\n    \"configId\": \"hosted-page-123456\",\n    \"pageType\": \"account.add\",\n    \"_links\": [\n      {\n        \"href\": \"https://api.example.com/v1/hosted-pages/pages/page-id-123457/\",\n        \"rel\": \"account.add\",\n        \"method\": \"GET\"\n      }\n    ]\n  }\n]","cookie":[],"_postman_previewlanguage":"json"},{"id":"f1bb2033-ab8c-46d2-b490-10a35236ccbb","name":"Bad request","originalRequest":{"url":{"path":["v1","hosted-pages","pages"],"host":["{{baseUrl}}"],"query":[],"variable":[]},"header":[{"disabled":false,"description":"(Required) An API key is a string value passed by a client app to the API proxies. The key uniquely identifies the client app.","key":"Api-Key","value":"dolor ut"},{"disabled":false,"description":"(Required) Epoch timestamp in the request initiating system","key":"Timestamp","value":"dolor ut"},{"disabled":false,"description":"(Required) Format `Bearer {apigee_access_token}`","key":"Authorization","value":"dolor ut"},{"disabled":false,"description":"The Accept-Language header contains information about the language preference of a user. This HTTP header is useful to multilingual sites for deciding the best language to serve to the client. i.e en-US,fr-CA","key":"Accept-Language","value":"dolor ut"},{"disabled":false,"description":"Sub Merchant Id contains information about the merchant identifier","key":"Sub-Merchant-Id","value":"dolor ut"}],"method":"GET","body":{}},"status":"Bad Request","code":400,"header":[{"key":"Content-Type","value":"application/json"}],"body":"{\n  \"code\": \"40000\",\n  \"message\": \"Example Error\",\n  \"category\": \"example\",\n  \"developerInfo\": {\n    \"developerMessage\": \"Invalid Message format in request payload\",\n    \"moreInfo\": \"https://www.example.com/errors/40000\",\n    \"fieldError\": [\n      {\n        \"field\": \"example id\",\n        \"message\": \"exampleId is mandatory\"\n      }\n    ]\n  }\n}","cookie":[],"_postman_previewlanguage":"json"},{"id":"c729b416-7aca-4fda-9282-726c3a2fe41e","name":"Unauthorized","originalRequest":{"url":{"path":["v1","hosted-pages","pages"],"host":["{{baseUrl}}"],"query":[],"variable":[]},"header":[{"disabled":false,"description":"(Required) An API key is a string value passed by a client app to the API proxies. The key uniquely identifies the client app.","key":"Api-Key","value":"dolor ut"},{"disabled":false,"description":"(Required) Epoch timestamp in the request initiating system","key":"Timestamp","value":"dolor ut"},{"disabled":false,"description":"(Required) Format `Bearer {apigee_access_token}`","key":"Authorization","value":"dolor ut"},{"disabled":false,"description":"The Accept-Language header contains information about the language preference of a user. This HTTP header is useful to multilingual sites for deciding the best language to serve to the client. i.e en-US,fr-CA","key":"Accept-Language","value":"dolor ut"},{"disabled":false,"description":"Sub Merchant Id contains information about the merchant identifier","key":"Sub-Merchant-Id","value":"dolor ut"}],"method":"GET","body":{}},"status":"Unauthorized","code":401,"header":[{"key":"Content-Type","value":"text/plain"}],"body":"","cookie":[],"_postman_previewlanguage":"text"},{"id":"167057af-b802-45f9-8fbe-401b15624fbe","name":"Not Found - The requested resource doesn't exist.","originalRequest":{"url":{"path":["v1","hosted-pages","pages"],"host":["{{baseUrl}}"],"query":[],"variable":[]},"header":[{"disabled":false,"description":"(Required) An API key is a string value passed by a client app to the API proxies. The key uniquely identifies the client app.","key":"Api-Key","value":"dolor ut"},{"disabled":false,"description":"(Required) Epoch timestamp in the request initiating system","key":"Timestamp","value":"dolor ut"},{"disabled":false,"description":"(Required) Format `Bearer {apigee_access_token}`","key":"Authorization","value":"dolor ut"},{"disabled":false,"description":"The Accept-Language header contains information about the language preference of a user. This HTTP header is useful to multilingual sites for deciding the best language to serve to the client. i.e en-US,fr-CA","key":"Accept-Language","value":"dolor ut"},{"disabled":false,"description":"Sub Merchant Id contains information about the merchant identifier","key":"Sub-Merchant-Id","value":"dolor ut"}],"method":"GET","body":{}},"status":"Not Found","code":404,"header":[{"key":"Content-Type","value":"application/json"}],"body":"{\n  \"code\": \"sunt eu ut\",\n  \"message\": \"minim\",\n  \"category\": \"esse nulla\",\n  \"developerInfo\": {\n    \"developerMessage\": \"Excepteur ad fugiat\",\n    \"moreInfo\": \"exercitation incididunt\",\n    \"fieldError\": [\n      {\n        \"field\": \"dolore aliquip dolor ut\",\n        \"message\": \"dolore ut quis\"\n      },\n      {\n        \"field\": \"veniam in aute velit\",\n        \"message\": \"sint minim exercitation\"\n      }\n    ]\n  },\n  \"hostExtraInfo\": [\n    {\n      \"name\": \"quis in aliquip fugiat id\",\n      \"value\": \"sint non ad magna\",\n      \"valueAsList\": [\n        \"eu ipsum deserunt sit\",\n        \"in fugiat\"\n      ]\n    },\n    {\n      \"name\": \"irure nisi\",\n      \"value\": \"in consectetur\",\n      \"valueAsList\": [\n        \"dolore adipisicing\",\n        \"veniam\"\n      ]\n    }\n  ],\n  \"threeDSecureInfo\": {\n    \"transactionId\": \"292bb6b886fc4446894f878b7e32bd5e\",\n    \"transactionStatus\": \"C\",\n    \"transactionStatusReason\": \"irure sed qui veniam magna\",\n    \"challengeResponse\": \"ewogIC\",\n    \"challengeIndicator\": \"01 = No preference 02 = No challenge requested 03 = Challenge requested: 3DS Requestor Preference 04 = Challenge requested: Mandate\",\n    \"dsTransactionId\": \"292bb6b886fc4446894f878b7e32bd5e\",\n    \"acsTransactionId\": \"292bb6b886fc4446894f878b7e32bd5e\",\n    \"serverTransactionId\": \"292bb6b886fc4446894f878b7e32bd5e\",\n    \"acsReferenceNumber\": \"292bb6b886fc4446894f878b7e32bd5e\",\n    \"acsSignedContent\": \"292bb6b88....6fc4446894f878b7e32bd5e\",\n    \"cardType\": \"OTHER\",\n    \"challengeRequest\": \"ewogICAiYW.......MjJjMGVjIgp9\",\n    \"acsUrl\": \"https://test.modirum.com/dstests/ACSEmu2\",\n    \"iframeContent\": \"<iframe></iframe>\",\n    \"termUrl\": \"https://mydomain/3dstest?transactionId=292bb6b886fc4446894f878b7e32bd5e\",\n    \"isThreeDSMethodCompleted\": true,\n    \"isAuthenticationCompleted\": true,\n    \"cavv\": \"reprehenderit culpa\",\n    \"threeDSVersion\": \"anim nulla ut do mollit\",\n    \"expiryDateTime\": \"2020-01-01T16:06:05Z\",\n    \"eci\": \"pariatur\"\n  },\n  \"_links\": [\n    {\n      \"href\": \"https://api.example.com/v1/hosted-pages/pages/page-id-123457/\",\n      \"rel\": \"account.add\",\n      \"method\": \"GET\"\n    },\n    {\n      \"href\": \"https://api.example.com/v1/hosted-pages/pages/page-id-123457/\",\n      \"rel\": \"account.add\",\n      \"method\": \"GET\"\n    }\n  ]\n}","cookie":[],"_postman_previewlanguage":"json"},{"id":"89b1185a-d55b-407a-aff3-071464d6cb6d","name":"An unexpected server error occurred.","originalRequest":{"url":{"path":["v1","hosted-pages","pages"],"host":["{{baseUrl}}"],"query":[],"variable":[]},"header":[{"disabled":false,"description":"(Required) An API key is a string value passed by a client app to the API proxies. The key uniquely identifies the client app.","key":"Api-Key","value":"dolor ut"},{"disabled":false,"description":"(Required) Epoch timestamp in the request initiating system","key":"Timestamp","value":"dolor ut"},{"disabled":false,"description":"(Required) Format `Bearer {apigee_access_token}`","key":"Authorization","value":"dolor ut"},{"disabled":false,"description":"The Accept-Language header contains information about the language preference of a user. This HTTP header is useful to multilingual sites for deciding the best language to serve to the client. i.e en-US,fr-CA","key":"Accept-Language","value":"dolor ut"},{"disabled":false,"description":"Sub Merchant Id contains information about the merchant identifier","key":"Sub-Merchant-Id","value":"dolor ut"}],"method":"GET","body":{}},"status":"Internal Server Error","code":500,"header":[{"key":"Content-Type","value":"application/json"}],"body":"{\n  \"code\": \"sunt eu ut\",\n  \"message\": \"minim\",\n  \"category\": \"esse nulla\",\n  \"developerInfo\": {\n    \"developerMessage\": \"Excepteur ad fugiat\",\n    \"moreInfo\": \"exercitation incididunt\",\n    \"fieldError\": [\n      {\n        \"field\": \"dolore aliquip dolor ut\",\n        \"message\": \"dolore ut quis\"\n      },\n      {\n        \"field\": \"veniam in aute velit\",\n        \"message\": \"sint minim exercitation\"\n      }\n    ]\n  },\n  \"hostExtraInfo\": [\n    {\n      \"name\": \"quis in aliquip fugiat id\",\n      \"value\": \"sint non ad magna\",\n      \"valueAsList\": [\n        \"eu ipsum deserunt sit\",\n        \"in fugiat\"\n      ]\n    },\n    {\n      \"name\": \"irure nisi\",\n      \"value\": \"in consectetur\",\n      \"valueAsList\": [\n        \"dolore adipisicing\",\n        \"veniam\"\n      ]\n    }\n  ],\n  \"threeDSecureInfo\": {\n    \"transactionId\": \"292bb6b886fc4446894f878b7e32bd5e\",\n    \"transactionStatus\": \"C\",\n    \"transactionStatusReason\": \"irure sed qui veniam magna\",\n    \"challengeResponse\": \"ewogIC\",\n    \"challengeIndicator\": \"01 = No preference 02 = No challenge requested 03 = Challenge requested: 3DS Requestor Preference 04 = Challenge requested: Mandate\",\n    \"dsTransactionId\": \"292bb6b886fc4446894f878b7e32bd5e\",\n    \"acsTransactionId\": \"292bb6b886fc4446894f878b7e32bd5e\",\n    \"serverTransactionId\": \"292bb6b886fc4446894f878b7e32bd5e\",\n    \"acsReferenceNumber\": \"292bb6b886fc4446894f878b7e32bd5e\",\n    \"acsSignedContent\": \"292bb6b88....6fc4446894f878b7e32bd5e\",\n    \"cardType\": \"OTHER\",\n    \"challengeRequest\": \"ewogICAiYW.......MjJjMGVjIgp9\",\n    \"acsUrl\": \"https://test.modirum.com/dstests/ACSEmu2\",\n    \"iframeContent\": \"<iframe></iframe>\",\n    \"termUrl\": \"https://mydomain/3dstest?transactionId=292bb6b886fc4446894f878b7e32bd5e\",\n    \"isThreeDSMethodCompleted\": true,\n    \"isAuthenticationCompleted\": true,\n    \"cavv\": \"reprehenderit culpa\",\n    \"threeDSVersion\": \"anim nulla ut do mollit\",\n    \"expiryDateTime\": \"2020-01-01T16:06:05Z\",\n    \"eci\": \"pariatur\"\n  },\n  \"_links\": [\n    {\n      \"href\": \"https://api.example.com/v1/hosted-pages/pages/page-id-123457/\",\n      \"rel\": \"account.add\",\n      \"method\": \"GET\"\n    },\n    {\n      \"href\": \"https://api.example.com/v1/hosted-pages/pages/page-id-123457/\",\n      \"rel\": \"account.add\",\n      \"method\": \"GET\"\n    }\n  ]\n}","cookie":[],"_postman_previewlanguage":"json"}],"event":[],"protocolProfileBehavior":{"disableBodyPruning":true}},{"id":"6378884d-01b4-4782-8573-09aaa8fb1c7b","name":"This is preformatted url from response of the first call '/v1/hosted-pages/pages'. It should be called from browser to render the page. It internally contents a page configuration urls to load json object and css to construct a page.","request":{"name":"This is preformatted url from response of the first call '/v1/hosted-pages/pages'. It should be called from browser to render the page. It internally contents a page configuration urls to load json object and css to construct a page.","description":{"content":"This is preformatted url from response of the first call '/v1/hosted-pages/pages'. It should be called from browser to render the page. It internally contents a page configuration urls to load json object and css to construct a page.","type":"text/plain"},"url":{"path":["v1","hosted-pages","pages",":configId"],"host":["{{baseUrl}}"],"query":[{"disabled":false,"key":"fdCustomerId","value":"dolor ut","description":"(Required) This is first data customer id."},{"disabled":false,"key":"redirectUrl","value":"dolor ut","description":"(Required) This url will be used as form post to send response object back to wallet app."}],"variable":[{"disabled":false,"type":"any","value":"dolor ut","key":"configId","description":"(Required) This is id to fetch page configurations."}]},"header":[{"disabled":false,"description":"(Required) An API key is a string value passed by a client app to the API proxies. The key uniquely identifies the client app.","key":"Api-Key","value":"dolor ut"},{"disabled":false,"description":"(Required) Epoch timestamp in the request initiating system","key":"Timestamp","value":"dolor ut"},{"disabled":false,"description":"The Accept-Language header contains information about the language preference of a user. This HTTP header is useful to multilingual sites for deciding the best language to serve to the client. i.e en-US,fr-CA","key":"Accept-Language","value":"dolor ut"},{"disabled":false,"description":"Sub Merchant Id contains information about the merchant identifier","key":"Sub-Merchant-Id","value":"dolor ut"},{"key":"Accept","value":"text/html"}],"method":"GET","auth":null},"response":[{"id":"f2f53c86-2bcc-4a4d-82e4-2e7872350bcc","name":"success and returns some html text","originalRequest":{"url":{"path":["v1","hosted-pages","pages",":configId"],"host":["{{baseUrl}}"],"query":[{"key":"fdCustomerId","value":"dolor ut"},{"key":"redirectUrl","value":"dolor ut"}],"variable":[{"disabled":false,"type":"any","value":"dolor ut","key":"configId","description":"(Required) This is id to fetch page configurations."}]},"header":[{"disabled":false,"description":"(Required) An API key is a string value passed by a client app to the API proxies. The key uniquely identifies the client app.","key":"Api-Key","value":"dolor ut"},{"disabled":false,"description":"(Required) Epoch timestamp in the request initiating system","key":"Timestamp","value":"dolor ut"},{"disabled":false,"description":"(Required) Format `Bearer {apigee_access_token}`","key":"Authorization","value":"dolor ut"},{"disabled":false,"description":"The Accept-Language header contains information about the language preference of a user. This HTTP header is useful to multilingual sites for deciding the best language to serve to the client. i.e en-US,fr-CA","key":"Accept-Language","value":"dolor ut"},{"disabled":false,"description":"Sub Merchant Id contains information about the merchant identifier","key":"Sub-Merchant-Id","value":"dolor ut"}],"method":"GET","body":{}},"status":"OK","code":200,"header":[{"key":"Content-Type","value":"text/html"}],"body":"<html><body>Hosted pages content</body></html>","cookie":[],"_postman_previewlanguage":"text"},{"id":"53bf0451-c898-46bb-b1b4-e03d40c7a309","name":"Bad request","originalRequest":{"url":{"path":["v1","hosted-pages","pages",":configId"],"host":["{{baseUrl}}"],"query":[{"key":"fdCustomerId","value":"dolor ut"},{"key":"redirectUrl","value":"dolor ut"}],"variable":[{"disabled":false,"type":"any","value":"dolor ut","key":"configId","description":"(Required) This is id to fetch page configurations."}]},"header":[{"disabled":false,"description":"(Required) An API key is a string value passed by a client app to the API proxies. The key uniquely identifies the client app.","key":"Api-Key","value":"dolor ut"},{"disabled":false,"description":"(Required) Epoch timestamp in the request initiating system","key":"Timestamp","value":"dolor ut"},{"disabled":false,"description":"(Required) Format `Bearer {apigee_access_token}`","key":"Authorization","value":"dolor ut"},{"disabled":false,"description":"The Accept-Language header contains information about the language preference of a user. This HTTP header is useful to multilingual sites for deciding the best language to serve to the client. i.e en-US,fr-CA","key":"Accept-Language","value":"dolor ut"},{"disabled":false,"description":"Sub Merchant Id contains information about the merchant identifier","key":"Sub-Merchant-Id","value":"dolor ut"}],"method":"GET","body":{}},"status":"Bad Request","code":400,"header":[{"key":"Content-Type","value":"application/json"}],"body":"{\n  \"code\": \"sunt eu ut\",\n  \"message\": \"minim\",\n  \"category\": \"esse nulla\",\n  \"developerInfo\": {\n    \"developerMessage\": \"Excepteur ad fugiat\",\n    \"moreInfo\": \"exercitation incididunt\",\n    \"fieldError\": [\n      {\n        \"field\": \"dolore aliquip dolor ut\",\n        \"message\": \"dolore ut quis\"\n      },\n      {\n        \"field\": \"veniam in aute velit\",\n        \"message\": \"sint minim exercitation\"\n      }\n    ]\n  },\n  \"hostExtraInfo\": [\n    {\n      \"name\": \"quis in aliquip fugiat id\",\n      \"value\": \"sint non ad magna\",\n      \"valueAsList\": [\n        \"eu ipsum deserunt sit\",\n        \"in fugiat\"\n      ]\n    },\n    {\n      \"name\": \"irure nisi\",\n      \"value\": \"in consectetur\",\n      \"valueAsList\": [\n        \"dolore adipisicing\",\n        \"veniam\"\n      ]\n    }\n  ],\n  \"threeDSecureInfo\": {\n    \"transactionId\": \"292bb6b886fc4446894f878b7e32bd5e\",\n    \"transactionStatus\": \"C\",\n    \"transactionStatusReason\": \"irure sed qui veniam magna\",\n    \"challengeResponse\": \"ewogIC\",\n    \"challengeIndicator\": \"01 = No preference 02 = No challenge requested 03 = Challenge requested: 3DS Requestor Preference 04 = Challenge requested: Mandate\",\n    \"dsTransactionId\": \"292bb6b886fc4446894f878b7e32bd5e\",\n    \"acsTransactionId\": \"292bb6b886fc4446894f878b7e32bd5e\",\n    \"serverTransactionId\": \"292bb6b886fc4446894f878b7e32bd5e\",\n    \"acsReferenceNumber\": \"292bb6b886fc4446894f878b7e32bd5e\",\n    \"acsSignedContent\": \"292bb6b88....6fc4446894f878b7e32bd5e\",\n    \"cardType\": \"OTHER\",\n    \"challengeRequest\": \"ewogICAiYW.......MjJjMGVjIgp9\",\n    \"acsUrl\": \"https://test.modirum.com/dstests/ACSEmu2\",\n    \"iframeContent\": \"<iframe></iframe>\",\n    \"termUrl\": \"https://mydomain/3dstest?transactionId=292bb6b886fc4446894f878b7e32bd5e\",\n    \"isThreeDSMethodCompleted\": true,\n    \"isAuthenticationCompleted\": true,\n    \"cavv\": \"reprehenderit culpa\",\n    \"threeDSVersion\": \"anim nulla ut do mollit\",\n    \"expiryDateTime\": \"2020-01-01T16:06:05Z\",\n    \"eci\": \"pariatur\"\n  },\n  \"_links\": [\n    {\n      \"href\": \"https://api.example.com/v1/hosted-pages/pages/page-id-123457/\",\n      \"rel\": \"account.add\",\n      \"method\": \"GET\"\n    },\n    {\n      \"href\": \"https://api.example.com/v1/hosted-pages/pages/page-id-123457/\",\n      \"rel\": \"account.add\",\n      \"method\": \"GET\"\n    }\n  ]\n}","cookie":[],"_postman_previewlanguage":"json"},{"id":"7f8aeed9-812f-4819-a2ef-cbacf9450c14","name":"Unauthorized","originalRequest":{"url":{"path":["v1","hosted-pages","pages",":configId"],"host":["{{baseUrl}}"],"query":[{"key":"fdCustomerId","value":"dolor ut"},{"key":"redirectUrl","value":"dolor ut"}],"variable":[{"disabled":false,"type":"any","value":"dolor ut","key":"configId","description":"(Required) This is id to fetch page configurations."}]},"header":[{"disabled":false,"description":"(Required) An API key is a string value passed by a client app to the API proxies. The key uniquely identifies the client app.","key":"Api-Key","value":"dolor ut"},{"disabled":false,"description":"(Required) Epoch timestamp in the request initiating system","key":"Timestamp","value":"dolor ut"},{"disabled":false,"description":"(Required) Format `Bearer {apigee_access_token}`","key":"Authorization","value":"dolor ut"},{"disabled":false,"description":"The Accept-Language header contains information about the language preference of a user. This HTTP header is useful to multilingual sites for deciding the best language to serve to the client. i.e en-US,fr-CA","key":"Accept-Language","value":"dolor ut"},{"disabled":false,"description":"Sub Merchant Id contains information about the merchant identifier","key":"Sub-Merchant-Id","value":"dolor ut"}],"method":"GET","body":{}},"status":"Unauthorized","code":401,"header":[{"key":"Content-Type","value":"text/plain"}],"body":"","cookie":[],"_postman_previewlanguage":"text"},{"id":"9a6124c4-6ea3-47b5-b00e-8ad902432d08","name":"Not Found - The requested resource doesn't exist.","originalRequest":{"url":{"path":["v1","hosted-pages","pages",":configId"],"host":["{{baseUrl}}"],"query":[{"key":"fdCustomerId","value":"dolor ut"},{"key":"redirectUrl","value":"dolor ut"}],"variable":[{"disabled":false,"type":"any","value":"dolor ut","key":"configId","description":"(Required) This is id to fetch page configurations."}]},"header":[{"disabled":false,"description":"(Required) An API key is a string value passed by a client app to the API proxies. The key uniquely identifies the client app.","key":"Api-Key","value":"dolor ut"},{"disabled":false,"description":"(Required) Epoch timestamp in the request initiating system","key":"Timestamp","value":"dolor ut"},{"disabled":false,"description":"(Required) Format `Bearer {apigee_access_token}`","key":"Authorization","value":"dolor ut"},{"disabled":false,"description":"The Accept-Language header contains information about the language preference of a user. This HTTP header is useful to multilingual sites for deciding the best language to serve to the client. i.e en-US,fr-CA","key":"Accept-Language","value":"dolor ut"},{"disabled":false,"description":"Sub Merchant Id contains information about the merchant identifier","key":"Sub-Merchant-Id","value":"dolor ut"}],"method":"GET","body":{}},"status":"Not Found","code":404,"header":[{"key":"Content-Type","value":"application/json"}],"body":"{\n  \"code\": \"sunt eu ut\",\n  \"message\": \"minim\",\n  \"category\": \"esse nulla\",\n  \"developerInfo\": {\n    \"developerMessage\": \"Excepteur ad fugiat\",\n    \"moreInfo\": \"exercitation incididunt\",\n    \"fieldError\": [\n      {\n        \"field\": \"dolore aliquip dolor ut\",\n        \"message\": \"dolore ut quis\"\n      },\n      {\n        \"field\": \"veniam in aute velit\",\n        \"message\": \"sint minim exercitation\"\n      }\n    ]\n  },\n  \"hostExtraInfo\": [\n    {\n      \"name\": \"quis in aliquip fugiat id\",\n      \"value\": \"sint non ad magna\",\n      \"valueAsList\": [\n        \"eu ipsum deserunt sit\",\n        \"in fugiat\"\n      ]\n    },\n    {\n      \"name\": \"irure nisi\",\n      \"value\": \"in consectetur\",\n      \"valueAsList\": [\n        \"dolore adipisicing\",\n        \"veniam\"\n      ]\n    }\n  ],\n  \"threeDSecureInfo\": {\n    \"transactionId\": \"292bb6b886fc4446894f878b7e32bd5e\",\n    \"transactionStatus\": \"C\",\n    \"transactionStatusReason\": \"irure sed qui veniam magna\",\n    \"challengeResponse\": \"ewogIC\",\n    \"challengeIndicator\": \"01 = No preference 02 = No challenge requested 03 = Challenge requested: 3DS Requestor Preference 04 = Challenge requested: Mandate\",\n    \"dsTransactionId\": \"292bb6b886fc4446894f878b7e32bd5e\",\n    \"acsTransactionId\": \"292bb6b886fc4446894f878b7e32bd5e\",\n    \"serverTransactionId\": \"292bb6b886fc4446894f878b7e32bd5e\",\n    \"acsReferenceNumber\": \"292bb6b886fc4446894f878b7e32bd5e\",\n    \"acsSignedContent\": \"292bb6b88....6fc4446894f878b7e32bd5e\",\n    \"cardType\": \"OTHER\",\n    \"challengeRequest\": \"ewogICAiYW.......MjJjMGVjIgp9\",\n    \"acsUrl\": \"https://test.modirum.com/dstests/ACSEmu2\",\n    \"iframeContent\": \"<iframe></iframe>\",\n    \"termUrl\": \"https://mydomain/3dstest?transactionId=292bb6b886fc4446894f878b7e32bd5e\",\n    \"isThreeDSMethodCompleted\": true,\n    \"isAuthenticationCompleted\": true,\n    \"cavv\": \"reprehenderit culpa\",\n    \"threeDSVersion\": \"anim nulla ut do mollit\",\n    \"expiryDateTime\": \"2020-01-01T16:06:05Z\",\n    \"eci\": \"pariatur\"\n  },\n  \"_links\": [\n    {\n      \"href\": \"https://api.example.com/v1/hosted-pages/pages/page-id-123457/\",\n      \"rel\": \"account.add\",\n      \"method\": \"GET\"\n    },\n    {\n      \"href\": \"https://api.example.com/v1/hosted-pages/pages/page-id-123457/\",\n      \"rel\": \"account.add\",\n      \"method\": \"GET\"\n    }\n  ]\n}","cookie":[],"_postman_previewlanguage":"json"},{"id":"e3fae3e9-086f-4716-9569-58079804221c","name":"An unexpected server error occurred.","originalRequest":{"url":{"path":["v1","hosted-pages","pages",":configId"],"host":["{{baseUrl}}"],"query":[{"key":"fdCustomerId","value":"dolor ut"},{"key":"redirectUrl","value":"dolor ut"}],"variable":[{"disabled":false,"type":"any","value":"dolor ut","key":"configId","description":"(Required) This is id to fetch page configurations."}]},"header":[{"disabled":false,"description":"(Required) An API key is a string value passed by a client app to the API proxies. The key uniquely identifies the client app.","key":"Api-Key","value":"dolor ut"},{"disabled":false,"description":"(Required) Epoch timestamp in the request initiating system","key":"Timestamp","value":"dolor ut"},{"disabled":false,"description":"(Required) Format `Bearer {apigee_access_token}`","key":"Authorization","value":"dolor ut"},{"disabled":false,"description":"The Accept-Language header contains information about the language preference of a user. This HTTP header is useful to multilingual sites for deciding the best language to serve to the client. i.e en-US,fr-CA","key":"Accept-Language","value":"dolor ut"},{"disabled":false,"description":"Sub Merchant Id contains information about the merchant identifier","key":"Sub-Merchant-Id","value":"dolor ut"}],"method":"GET","body":{}},"status":"Internal Server Error","code":500,"header":[{"key":"Content-Type","value":"application/json"}],"body":"{\n  \"code\": \"sunt eu ut\",\n  \"message\": \"minim\",\n  \"category\": \"esse nulla\",\n  \"developerInfo\": {\n    \"developerMessage\": \"Excepteur ad fugiat\",\n    \"moreInfo\": \"exercitation incididunt\",\n    \"fieldError\": [\n      {\n        \"field\": \"dolore aliquip dolor ut\",\n        \"message\": \"dolore ut quis\"\n      },\n      {\n        \"field\": \"veniam in aute velit\",\n        \"message\": \"sint minim exercitation\"\n      }\n    ]\n  },\n  \"hostExtraInfo\": [\n    {\n      \"name\": \"quis in aliquip fugiat id\",\n      \"value\": \"sint non ad magna\",\n      \"valueAsList\": [\n        \"eu ipsum deserunt sit\",\n        \"in fugiat\"\n      ]\n    },\n    {\n      \"name\": \"irure nisi\",\n      \"value\": \"in consectetur\",\n      \"valueAsList\": [\n        \"dolore adipisicing\",\n        \"veniam\"\n      ]\n    }\n  ],\n  \"threeDSecureInfo\": {\n    \"transactionId\": \"292bb6b886fc4446894f878b7e32bd5e\",\n    \"transactionStatus\": \"C\",\n    \"transactionStatusReason\": \"irure sed qui veniam magna\",\n    \"challengeResponse\": \"ewogIC\",\n    \"challengeIndicator\": \"01 = No preference 02 = No challenge requested 03 = Challenge requested: 3DS Requestor Preference 04 = Challenge requested: Mandate\",\n    \"dsTransactionId\": \"292bb6b886fc4446894f878b7e32bd5e\",\n    \"acsTransactionId\": \"292bb6b886fc4446894f878b7e32bd5e\",\n    \"serverTransactionId\": \"292bb6b886fc4446894f878b7e32bd5e\",\n    \"acsReferenceNumber\": \"292bb6b886fc4446894f878b7e32bd5e\",\n    \"acsSignedContent\": \"292bb6b88....6fc4446894f878b7e32bd5e\",\n    \"cardType\": \"OTHER\",\n    \"challengeRequest\": \"ewogICAiYW.......MjJjMGVjIgp9\",\n    \"acsUrl\": \"https://test.modirum.com/dstests/ACSEmu2\",\n    \"iframeContent\": \"<iframe></iframe>\",\n    \"termUrl\": \"https://mydomain/3dstest?transactionId=292bb6b886fc4446894f878b7e32bd5e\",\n    \"isThreeDSMethodCompleted\": true,\n    \"isAuthenticationCompleted\": true,\n    \"cavv\": \"reprehenderit culpa\",\n    \"threeDSVersion\": \"anim nulla ut do mollit\",\n    \"expiryDateTime\": \"2020-01-01T16:06:05Z\",\n    \"eci\": \"pariatur\"\n  },\n  \"_links\": [\n    {\n      \"href\": \"https://api.example.com/v1/hosted-pages/pages/page-id-123457/\",\n      \"rel\": \"account.add\",\n      \"method\": \"GET\"\n    },\n    {\n      \"href\": \"https://api.example.com/v1/hosted-pages/pages/page-id-123457/\",\n      \"rel\": \"account.add\",\n      \"method\": \"GET\"\n    }\n  ]\n}","cookie":[],"_postman_previewlanguage":"json"}],"event":[],"protocolProfileBehavior":{"disableBodyPruning":true}},{"id":"4010e441-3890-4c9b-a48f-88101ded9104","name":"This is preformatted url from response of the first call '/v1/hosted-pages/pages'. This is to get the page content such as  Json and CSS to construct a page.","request":{"name":"This is preformatted url from response of the first call '/v1/hosted-pages/pages'. This is to get the page content such as  Json and CSS to construct a page.","description":{"content":"This is preformatted url from response of the first call '/v1/hosted-pages/pages'. This is to get the page content such as  Json and CSS to construct a page.","type":"text/plain"},"url":{"path":["v1","hosted-pages","pages",":configId","contents"],"host":["{{baseUrl}}"],"query":[],"variable":[{"disabled":false,"type":"any","value":"dolor ut","key":"configId","description":"(Required) This is id to fetch page configurations."}]},"header":[{"disabled":false,"description":"(Required) An API key is a string value passed by a client app to the API proxies. The key uniquely identifies the client app.","key":"Api-Key","value":"dolor ut"},{"disabled":false,"description":"(Required) Epoch timestamp in the request initiating system","key":"Timestamp","value":"dolor ut"},{"disabled":false,"description":"The Accept-Language header contains information about the language preference of a user. This HTTP header is useful to multilingual sites for deciding the best language to serve to the client. i.e en-US,fr-CA","key":"Accept-Language","value":"dolor ut"},{"disabled":false,"description":"Sub Merchant Id contains information about the merchant identifier","key":"Sub-Merchant-Id","value":"dolor ut"},{"key":"Accept","value":"application/json"}],"method":"GET","auth":null},"response":[{"id":"4f330994-f128-48ad-b951-d1c5f3e8c7bd","name":"OK","originalRequest":{"url":{"path":["v1","hosted-pages","pages",":configId","contents"],"host":["{{baseUrl}}"],"query":[],"variable":[{"disabled":false,"type":"any","value":"dolor ut","key":"configId","description":"(Required) This is id to fetch page configurations."}]},"header":[{"disabled":false,"description":"(Required) An API key is a string value passed by a client app to the API proxies. The key uniquely identifies the client app.","key":"Api-Key","value":"dolor ut"},{"disabled":false,"description":"(Required) Epoch timestamp in the request initiating system","key":"Timestamp","value":"dolor ut"},{"disabled":false,"description":"(Required) Format `Bearer {apigee_access_token}`","key":"Authorization","value":"dolor ut"},{"disabled":false,"description":"The Accept-Language header contains information about the language preference of a user. This HTTP header is useful to multilingual sites for deciding the best language to serve to the client. i.e en-US,fr-CA","key":"Accept-Language","value":"dolor ut"},{"disabled":false,"description":"Sub Merchant Id contains information about the merchant identifier","key":"Sub-Merchant-Id","value":"dolor ut"}],"method":"GET","body":{}},"status":"OK","code":200,"header":[{"key":"Content-Type","value":"application/json"}],"body":"[\n  {\n    \"pageJson\": \"\",\n    \"pageCss\": \"{ @font-face{ font-family: EMprint; src:url('/mAccountsWeb/css/exxon-font/Emprint/EMprint-Regular.ttf'); } body { margin: 0px; padding: 1% 0 1%; background-color: white; color: #959595; font-size: 12pt; font-family: EMprint; } }\",\n    \"configId\": \"hosted-page-123456\",\n    \"pageType\": \"account.add\",\n    \"_links\": [\n      {\n        \"href\": \"https://api.example.com/v1/hosted-pages/pages/page-id-123457/\",\n        \"rel\": \"account.add\",\n        \"method\": \"GET\"\n      }\n    ]\n  },\n  {\n    \"pageJson\": \"\",\n    \"pageCss\": \"{ @font-face{ font-family: EMprint; src:url('/mAccountsWeb/css/exxon-font/Emprint/EMprint-Regular.ttf'); } body { margin: 0px; padding: 1% 0 1%; background-color: white; color: #959595; font-size: 12pt; font-family: EMprint; } }\",\n    \"configId\": \"hosted-page-123456\",\n    \"pageType\": \"account.add\",\n    \"_links\": [\n      {\n        \"href\": \"https://api.example.com/v1/hosted-pages/pages/page-id-123457/\",\n        \"rel\": \"account.add\",\n        \"method\": \"GET\"\n      }\n    ]\n  }\n]","cookie":[],"_postman_previewlanguage":"json"},{"id":"0ddf53ce-d066-4ade-bf61-6ae9b06f47ca","name":"Bad request","originalRequest":{"url":{"path":["v1","hosted-pages","pages",":configId","contents"],"host":["{{baseUrl}}"],"query":[],"variable":[{"disabled":false,"type":"any","value":"dolor ut","key":"configId","description":"(Required) This is id to fetch page configurations."}]},"header":[{"disabled":false,"description":"(Required) An API key is a string value passed by a client app to the API proxies. The key uniquely identifies the client app.","key":"Api-Key","value":"dolor ut"},{"disabled":false,"description":"(Required) Epoch timestamp in the request initiating system","key":"Timestamp","value":"dolor ut"},{"disabled":false,"description":"(Required) Format `Bearer {apigee_access_token}`","key":"Authorization","value":"dolor ut"},{"disabled":false,"description":"The Accept-Language header contains information about the language preference of a user. This HTTP header is useful to multilingual sites for deciding the best language to serve to the client. i.e en-US,fr-CA","key":"Accept-Language","value":"dolor ut"},{"disabled":false,"description":"Sub Merchant Id contains information about the merchant identifier","key":"Sub-Merchant-Id","value":"dolor ut"}],"method":"GET","body":{}},"status":"Bad Request","code":400,"header":[{"key":"Content-Type","value":"application/json"}],"body":"{\n  \"code\": \"sunt eu ut\",\n  \"message\": \"minim\",\n  \"category\": \"esse nulla\",\n  \"developerInfo\": {\n    \"developerMessage\": \"Excepteur ad fugiat\",\n    \"moreInfo\": \"exercitation incididunt\",\n    \"fieldError\": [\n      {\n        \"field\": \"dolore aliquip dolor ut\",\n        \"message\": \"dolore ut quis\"\n      },\n      {\n        \"field\": \"veniam in aute velit\",\n        \"message\": \"sint minim exercitation\"\n      }\n    ]\n  },\n  \"hostExtraInfo\": [\n    {\n      \"name\": \"quis in aliquip fugiat id\",\n      \"value\": \"sint non ad magna\",\n      \"valueAsList\": [\n        \"eu ipsum deserunt sit\",\n        \"in fugiat\"\n      ]\n    },\n    {\n      \"name\": \"irure nisi\",\n      \"value\": \"in consectetur\",\n      \"valueAsList\": [\n        \"dolore adipisicing\",\n        \"veniam\"\n      ]\n    }\n  ],\n  \"threeDSecureInfo\": {\n    \"transactionId\": \"292bb6b886fc4446894f878b7e32bd5e\",\n    \"transactionStatus\": \"C\",\n    \"transactionStatusReason\": \"irure sed qui veniam magna\",\n    \"challengeResponse\": \"ewogIC\",\n    \"challengeIndicator\": \"01 = No preference 02 = No challenge requested 03 = Challenge requested: 3DS Requestor Preference 04 = Challenge requested: Mandate\",\n    \"dsTransactionId\": \"292bb6b886fc4446894f878b7e32bd5e\",\n    \"acsTransactionId\": \"292bb6b886fc4446894f878b7e32bd5e\",\n    \"serverTransactionId\": \"292bb6b886fc4446894f878b7e32bd5e\",\n    \"acsReferenceNumber\": \"292bb6b886fc4446894f878b7e32bd5e\",\n    \"acsSignedContent\": \"292bb6b88....6fc4446894f878b7e32bd5e\",\n    \"cardType\": \"OTHER\",\n    \"challengeRequest\": \"ewogICAiYW.......MjJjMGVjIgp9\",\n    \"acsUrl\": \"https://test.modirum.com/dstests/ACSEmu2\",\n    \"iframeContent\": \"<iframe></iframe>\",\n    \"termUrl\": \"https://mydomain/3dstest?transactionId=292bb6b886fc4446894f878b7e32bd5e\",\n    \"isThreeDSMethodCompleted\": true,\n    \"isAuthenticationCompleted\": true,\n    \"cavv\": \"reprehenderit culpa\",\n    \"threeDSVersion\": \"anim nulla ut do mollit\",\n    \"expiryDateTime\": \"2020-01-01T16:06:05Z\",\n    \"eci\": \"pariatur\"\n  },\n  \"_links\": [\n    {\n      \"href\": \"https://api.example.com/v1/hosted-pages/pages/page-id-123457/\",\n      \"rel\": \"account.add\",\n      \"method\": \"GET\"\n    },\n    {\n      \"href\": \"https://api.example.com/v1/hosted-pages/pages/page-id-123457/\",\n      \"rel\": \"account.add\",\n      \"method\": \"GET\"\n    }\n  ]\n}","cookie":[],"_postman_previewlanguage":"json"},{"id":"6bf97bac-c0fd-4258-9003-3f3aa542f30d","name":"Unauthorized","originalRequest":{"url":{"path":["v1","hosted-pages","pages",":configId","contents"],"host":["{{baseUrl}}"],"query":[],"variable":[{"disabled":false,"type":"any","value":"dolor ut","key":"configId","description":"(Required) This is id to fetch page configurations."}]},"header":[{"disabled":false,"description":"(Required) An API key is a string value passed by a client app to the API proxies. The key uniquely identifies the client app.","key":"Api-Key","value":"dolor ut"},{"disabled":false,"description":"(Required) Epoch timestamp in the request initiating system","key":"Timestamp","value":"dolor ut"},{"disabled":false,"description":"(Required) Format `Bearer {apigee_access_token}`","key":"Authorization","value":"dolor ut"},{"disabled":false,"description":"The Accept-Language header contains information about the language preference of a user. This HTTP header is useful to multilingual sites for deciding the best language to serve to the client. i.e en-US,fr-CA","key":"Accept-Language","value":"dolor ut"},{"disabled":false,"description":"Sub Merchant Id contains information about the merchant identifier","key":"Sub-Merchant-Id","value":"dolor ut"}],"method":"GET","body":{}},"status":"Unauthorized","code":401,"header":[{"key":"Content-Type","value":"text/plain"}],"body":"","cookie":[],"_postman_previewlanguage":"text"},{"id":"739291cc-9031-4bc6-ac77-a5514df36c62","name":"Not Found - The requested resource doesn't exist.","originalRequest":{"url":{"path":["v1","hosted-pages","pages",":configId","contents"],"host":["{{baseUrl}}"],"query":[],"variable":[{"disabled":false,"type":"any","value":"dolor ut","key":"configId","description":"(Required) This is id to fetch page configurations."}]},"header":[{"disabled":false,"description":"(Required) An API key is a string value passed by a client app to the API proxies. The key uniquely identifies the client app.","key":"Api-Key","value":"dolor ut"},{"disabled":false,"description":"(Required) Epoch timestamp in the request initiating system","key":"Timestamp","value":"dolor ut"},{"disabled":false,"description":"(Required) Format `Bearer {apigee_access_token}`","key":"Authorization","value":"dolor ut"},{"disabled":false,"description":"The Accept-Language header contains information about the language preference of a user. This HTTP header is useful to multilingual sites for deciding the best language to serve to the client. i.e en-US,fr-CA","key":"Accept-Language","value":"dolor ut"},{"disabled":false,"description":"Sub Merchant Id contains information about the merchant identifier","key":"Sub-Merchant-Id","value":"dolor ut"}],"method":"GET","body":{}},"status":"Not Found","code":404,"header":[{"key":"Content-Type","value":"application/json"}],"body":"{\n  \"code\": \"sunt eu ut\",\n  \"message\": \"minim\",\n  \"category\": \"esse nulla\",\n  \"developerInfo\": {\n    \"developerMessage\": \"Excepteur ad fugiat\",\n    \"moreInfo\": \"exercitation incididunt\",\n    \"fieldError\": [\n      {\n        \"field\": \"dolore aliquip dolor ut\",\n        \"message\": \"dolore ut quis\"\n      },\n      {\n        \"field\": \"veniam in aute velit\",\n        \"message\": \"sint minim exercitation\"\n      }\n    ]\n  },\n  \"hostExtraInfo\": [\n    {\n      \"name\": \"quis in aliquip fugiat id\",\n      \"value\": \"sint non ad magna\",\n      \"valueAsList\": [\n        \"eu ipsum deserunt sit\",\n        \"in fugiat\"\n      ]\n    },\n    {\n      \"name\": \"irure nisi\",\n      \"value\": \"in consectetur\",\n      \"valueAsList\": [\n        \"dolore adipisicing\",\n        \"veniam\"\n      ]\n    }\n  ],\n  \"threeDSecureInfo\": {\n    \"transactionId\": \"292bb6b886fc4446894f878b7e32bd5e\",\n    \"transactionStatus\": \"C\",\n    \"transactionStatusReason\": \"irure sed qui veniam magna\",\n    \"challengeResponse\": \"ewogIC\",\n    \"challengeIndicator\": \"01 = No preference 02 = No challenge requested 03 = Challenge requested: 3DS Requestor Preference 04 = Challenge requested: Mandate\",\n    \"dsTransactionId\": \"292bb6b886fc4446894f878b7e32bd5e\",\n    \"acsTransactionId\": \"292bb6b886fc4446894f878b7e32bd5e\",\n    \"serverTransactionId\": \"292bb6b886fc4446894f878b7e32bd5e\",\n    \"acsReferenceNumber\": \"292bb6b886fc4446894f878b7e32bd5e\",\n    \"acsSignedContent\": \"292bb6b88....6fc4446894f878b7e32bd5e\",\n    \"cardType\": \"OTHER\",\n    \"challengeRequest\": \"ewogICAiYW.......MjJjMGVjIgp9\",\n    \"acsUrl\": \"https://test.modirum.com/dstests/ACSEmu2\",\n    \"iframeContent\": \"<iframe></iframe>\",\n    \"termUrl\": \"https://mydomain/3dstest?transactionId=292bb6b886fc4446894f878b7e32bd5e\",\n    \"isThreeDSMethodCompleted\": true,\n    \"isAuthenticationCompleted\": true,\n    \"cavv\": \"reprehenderit culpa\",\n    \"threeDSVersion\": \"anim nulla ut do mollit\",\n    \"expiryDateTime\": \"2020-01-01T16:06:05Z\",\n    \"eci\": \"pariatur\"\n  },\n  \"_links\": [\n    {\n      \"href\": \"https://api.example.com/v1/hosted-pages/pages/page-id-123457/\",\n      \"rel\": \"account.add\",\n      \"method\": \"GET\"\n    },\n    {\n      \"href\": \"https://api.example.com/v1/hosted-pages/pages/page-id-123457/\",\n      \"rel\": \"account.add\",\n      \"method\": \"GET\"\n    }\n  ]\n}","cookie":[],"_postman_previewlanguage":"json"},{"id":"80a63d8d-dc89-499f-90fe-1ea2913257e2","name":"An unexpected server error occurred.","originalRequest":{"url":{"path":["v1","hosted-pages","pages",":configId","contents"],"host":["{{baseUrl}}"],"query":[],"variable":[{"disabled":false,"type":"any","value":"dolor ut","key":"configId","description":"(Required) This is id to fetch page configurations."}]},"header":[{"disabled":false,"description":"(Required) An API key is a string value passed by a client app to the API proxies. The key uniquely identifies the client app.","key":"Api-Key","value":"dolor ut"},{"disabled":false,"description":"(Required) Epoch timestamp in the request initiating system","key":"Timestamp","value":"dolor ut"},{"disabled":false,"description":"(Required) Format `Bearer {apigee_access_token}`","key":"Authorization","value":"dolor ut"},{"disabled":false,"description":"The Accept-Language header contains information about the language preference of a user. This HTTP header is useful to multilingual sites for deciding the best language to serve to the client. i.e en-US,fr-CA","key":"Accept-Language","value":"dolor ut"},{"disabled":false,"description":"Sub Merchant Id contains information about the merchant identifier","key":"Sub-Merchant-Id","value":"dolor ut"}],"method":"GET","body":{}},"status":"Internal Server Error","code":500,"header":[{"key":"Content-Type","value":"application/json"}],"body":"{\n  \"code\": \"sunt eu ut\",\n  \"message\": \"minim\",\n  \"category\": \"esse nulla\",\n  \"developerInfo\": {\n    \"developerMessage\": \"Excepteur ad fugiat\",\n    \"moreInfo\": \"exercitation incididunt\",\n    \"fieldError\": [\n      {\n        \"field\": \"dolore aliquip dolor ut\",\n        \"message\": \"dolore ut quis\"\n      },\n      {\n        \"field\": \"veniam in aute velit\",\n        \"message\": \"sint minim exercitation\"\n      }\n    ]\n  },\n  \"hostExtraInfo\": [\n    {\n      \"name\": \"quis in aliquip fugiat id\",\n      \"value\": \"sint non ad magna\",\n      \"valueAsList\": [\n        \"eu ipsum deserunt sit\",\n        \"in fugiat\"\n      ]\n    },\n    {\n      \"name\": \"irure nisi\",\n      \"value\": \"in consectetur\",\n      \"valueAsList\": [\n        \"dolore adipisicing\",\n        \"veniam\"\n      ]\n    }\n  ],\n  \"threeDSecureInfo\": {\n    \"transactionId\": \"292bb6b886fc4446894f878b7e32bd5e\",\n    \"transactionStatus\": \"C\",\n    \"transactionStatusReason\": \"irure sed qui veniam magna\",\n    \"challengeResponse\": \"ewogIC\",\n    \"challengeIndicator\": \"01 = No preference 02 = No challenge requested 03 = Challenge requested: 3DS Requestor Preference 04 = Challenge requested: Mandate\",\n    \"dsTransactionId\": \"292bb6b886fc4446894f878b7e32bd5e\",\n    \"acsTransactionId\": \"292bb6b886fc4446894f878b7e32bd5e\",\n    \"serverTransactionId\": \"292bb6b886fc4446894f878b7e32bd5e\",\n    \"acsReferenceNumber\": \"292bb6b886fc4446894f878b7e32bd5e\",\n    \"acsSignedContent\": \"292bb6b88....6fc4446894f878b7e32bd5e\",\n    \"cardType\": \"OTHER\",\n    \"challengeRequest\": \"ewogICAiYW.......MjJjMGVjIgp9\",\n    \"acsUrl\": \"https://test.modirum.com/dstests/ACSEmu2\",\n    \"iframeContent\": \"<iframe></iframe>\",\n    \"termUrl\": \"https://mydomain/3dstest?transactionId=292bb6b886fc4446894f878b7e32bd5e\",\n    \"isThreeDSMethodCompleted\": true,\n    \"isAuthenticationCompleted\": true,\n    \"cavv\": \"reprehenderit culpa\",\n    \"threeDSVersion\": \"anim nulla ut do mollit\",\n    \"expiryDateTime\": \"2020-01-01T16:06:05Z\",\n    \"eci\": \"pariatur\"\n  },\n  \"_links\": [\n    {\n      \"href\": \"https://api.example.com/v1/hosted-pages/pages/page-id-123457/\",\n      \"rel\": \"account.add\",\n      \"method\": \"GET\"\n    },\n    {\n      \"href\": \"https://api.example.com/v1/hosted-pages/pages/page-id-123457/\",\n      \"rel\": \"account.add\",\n      \"method\": \"GET\"\n    }\n  ]\n}","cookie":[],"_postman_previewlanguage":"json"}],"event":[],"protocolProfileBehavior":{"disableBodyPruning":true}}],"event":[]}],"event":[],"variable":[{"type":"string","value":"https://int.api.firstdata.com/ucom","key":"baseUrl"}],"info":{"_postman_id":"4dd7edde-8f44-449f-87af-b41c7de1305c","name":"uCom Hosted Pages Services","schema":"https://schema.getpostman.com/json/collection/v2.1.0/collection.json","description":{"content":"Services provides CRUD operation for hosted pages. With the help of these APIs hosted pages will be created and rendered to UI.","type":"text/plain"}}}