{"item":[{"id":"2446fbde-917e-4656-af45-b07c6f66fdd0","name":"AccountProcessing/V1/Agreement/{agreementId}","item":[{"id":"d6b51d4f-663a-4845-afe3-451b98ba2329","name":"The API is used to retrieve agreement repayment details for an account.","request":{"name":"The API is used to retrieve agreement repayment details for an account.","description":{"content":"The API is used to retrieve agreement repayment details for an account.","type":"text/plain"},"url":{"path":["AccountProcessing","V1","Agreement",":agreementId","AgreementRepayment","Retrieve"],"host":["{{baseUrl}}"],"query":[],"variable":[{"disabled":false,"type":"any","value":"<string>","key":"agreementId","description":"(Required) Agreement Id"}]},"header":[{"disabled":false,"description":"(Required) Financial Institution Identification","key":"fi-id","value":"<string>"},{"disabled":false,"description":"Brand Identification","key":"brand-id","value":"<string>"},{"key":"Accept","value":"application/json"}],"method":"GET","auth":null},"response":[{"id":"5aaa4ae5-2fab-43b7-84a5-eefc1e00d04d","name":"OK","originalRequest":{"url":{"path":["AccountProcessing","V1","Agreement",":agreementId","AgreementRepayment","Retrieve"],"host":["{{baseUrl}}"],"query":[],"variable":[{"disabled":false,"type":"any","value":"<string>","key":"agreementId","description":"(Required) Agreement Id"}]},"header":[{"disabled":false,"description":"(Required) Financial Institution Identification","key":"fi-id","value":"<string>"},{"disabled":false,"description":"Brand Identification","key":"brand-id","value":"<string>"},{"key":"Accept","value":"application/json"}],"method":"GET","body":{}},"status":"OK","code":200,"header":[{"key":"Content-Type","value":"application/json"}],"body":"{\n  \"AgreementId\": \"tempor\",\n  \"PaymentDueDate\": \"2022-03-10\",\n  \"CurrentDueAmount\": {\n    \"Value\": \"tempor\",\n    \"Currency\": \"aliquip eiusmod nostrud\"\n  },\n  \"TotalDueAmount\": {\n    \"Value\": \"laboris consequat\",\n    \"Currency\": \"in adipisicing in anim laboris\"\n  },\n  \"LastBilledDate\": \"2022-03-10\",\n  \"NextBillingDate\": \"2022-03-10\",\n  \"LastStatementDate\": \"2022-03-10\",\n  \"NextStatementDate\": \"2022-03-10\",\n  \"BillingStatus\": \"deserunt occaecat\"\n}","cookie":[],"_postman_previewlanguage":"json"},{"id":"6bcfd9e7-fc66-4478-adc3-c63eaf1c42a3","name":"Bad Request <br/><br/> <b>Error codes list:</b><br/><ul><li><em>HLXACPRBR001 : Account Number is invalid, please provide valid value.</em></li><li><em>HLXACPRBR001 : Account Number exceeds maximum 37 length allowed.</em></li></ul>","originalRequest":{"url":{"path":["AccountProcessing","V1","Agreement",":agreementId","AgreementRepayment","Retrieve"],"host":["{{baseUrl}}"],"query":[],"variable":[{"disabled":false,"type":"any","value":"<string>","key":"agreementId","description":"(Required) Agreement Id"}]},"header":[{"disabled":false,"description":"(Required) Financial Institution Identification","key":"fi-id","value":"<string>"},{"disabled":false,"description":"Brand Identification","key":"brand-id","value":"<string>"},{"key":"Accept","value":"application/json"}],"method":"GET","body":{}},"status":"Bad Request","code":400,"header":[{"key":"Content-Type","value":"application/json"}],"body":"{\n  \"messages\": [\n    {\n      \"errorCode\": \"labore esse\",\n      \"type\": \"voluptate aliquip\",\n      \"title\": \"mollit ea eiusmod officia\",\n      \"detail\": \"ea nostrud dolor dolore cillum\",\n      \"instance\": \"Excepteur Lorem quis est\"\n    },\n    {\n      \"errorCode\": \"sit et eiusmod voluptate\",\n      \"type\": \"occaecat nulla\",\n      \"title\": \"in Duis enim\",\n      \"detail\": \"elit eu\",\n      \"instance\": \"sed Excepteur\"\n    }\n  ]\n}","cookie":[],"_postman_previewlanguage":"json"},{"id":"69eb50b8-b0b6-48f3-a17a-acd01ea0ee6e","name":"Not Authorized","originalRequest":{"url":{"path":["AccountProcessing","V1","Agreement",":agreementId","AgreementRepayment","Retrieve"],"host":["{{baseUrl}}"],"query":[],"variable":[{"disabled":false,"type":"any","value":"<string>","key":"agreementId","description":"(Required) Agreement Id"}]},"header":[{"disabled":false,"description":"(Required) Financial Institution Identification","key":"fi-id","value":"<string>"},{"disabled":false,"description":"Brand Identification","key":"brand-id","value":"<string>"},{"key":"Accept","value":"application/json"}],"method":"GET","body":{}},"status":"Unauthorized","code":401,"header":[{"key":"Content-Type","value":"application/json"}],"body":"{\n  \"messages\": [\n    {\n      \"errorCode\": \"in laboris cillum et sunt\",\n      \"type\": \"ea sunt\",\n      \"title\": \"mollit et sed\",\n      \"detail\": \"anim ut\",\n      \"instance\": \"enim cupidatat sit\"\n    },\n    {\n      \"errorCode\": \"est l\",\n      \"type\": \"dolore\",\n      \"title\": \"tempor fugiat incididunt quis\",\n      \"detail\": \"ad commodo amet id mollit\",\n      \"instance\": \"fugiat paria\"\n    }\n  ]\n}","cookie":[],"_postman_previewlanguage":"json"},{"id":"bbd56416-8b45-4dfa-b8a3-3fdad05e0322","name":"Forbidden","originalRequest":{"url":{"path":["AccountProcessing","V1","Agreement",":agreementId","AgreementRepayment","Retrieve"],"host":["{{baseUrl}}"],"query":[],"variable":[{"disabled":false,"type":"any","value":"<string>","key":"agreementId","description":"(Required) Agreement Id"}]},"header":[{"disabled":false,"description":"(Required) Financial Institution Identification","key":"fi-id","value":"<string>"},{"disabled":false,"description":"Brand Identification","key":"brand-id","value":"<string>"},{"key":"Accept","value":"application/json"}],"method":"GET","body":{}},"status":"Forbidden","code":403,"header":[{"key":"Content-Type","value":"application/json"}],"body":"{\n  \"messages\": [\n    {\n      \"errorCode\": \"in laboris cillum et sunt\",\n      \"type\": \"ea sunt\",\n      \"title\": \"mollit et sed\",\n      \"detail\": \"anim ut\",\n      \"instance\": \"enim cupidatat sit\"\n    },\n    {\n      \"errorCode\": \"est l\",\n      \"type\": \"dolore\",\n      \"title\": \"tempor fugiat incididunt quis\",\n      \"detail\": \"ad commodo amet id mollit\",\n      \"instance\": \"fugiat paria\"\n    }\n  ]\n}","cookie":[],"_postman_previewlanguage":"json"},{"id":"59597230-6e4d-46d6-baff-bf47e2cf2a12","name":"Not Found <br/><br/> <b>Error codes list:</b><br/><ul><li><em>HLXACPRNF001 : Account Number not found.</em></li></ul>","originalRequest":{"url":{"path":["AccountProcessing","V1","Agreement",":agreementId","AgreementRepayment","Retrieve"],"host":["{{baseUrl}}"],"query":[],"variable":[{"disabled":false,"type":"any","value":"<string>","key":"agreementId","description":"(Required) Agreement Id"}]},"header":[{"disabled":false,"description":"(Required) Financial Institution Identification","key":"fi-id","value":"<string>"},{"disabled":false,"description":"Brand Identification","key":"brand-id","value":"<string>"},{"key":"Accept","value":"application/json"}],"method":"GET","body":{}},"status":"Not Found","code":404,"header":[{"key":"Content-Type","value":"application/json"}],"body":"{\n  \"messages\": [\n    {\n      \"errorCode\": \"in laboris cillum et sunt\",\n      \"type\": \"ea sunt\",\n      \"title\": \"mollit et sed\",\n      \"detail\": \"anim ut\",\n      \"instance\": \"enim cupidatat sit\"\n    },\n    {\n      \"errorCode\": \"est l\",\n      \"type\": \"dolore\",\n      \"title\": \"tempor fugiat incididunt quis\",\n      \"detail\": \"ad commodo amet id mollit\",\n      \"instance\": \"fugiat paria\"\n    }\n  ]\n}","cookie":[],"_postman_previewlanguage":"json"},{"id":"7c5843c7-e3ba-42d7-8aac-88c043916835","name":"Unsupported Media Type","originalRequest":{"url":{"path":["AccountProcessing","V1","Agreement",":agreementId","AgreementRepayment","Retrieve"],"host":["{{baseUrl}}"],"query":[],"variable":[{"disabled":false,"type":"any","value":"<string>","key":"agreementId","description":"(Required) Agreement Id"}]},"header":[{"disabled":false,"description":"(Required) Financial Institution Identification","key":"fi-id","value":"<string>"},{"disabled":false,"description":"Brand Identification","key":"brand-id","value":"<string>"},{"key":"Accept","value":"application/json"}],"method":"GET","body":{}},"status":"Unsupported Media Type","code":415,"header":[{"key":"Content-Type","value":"application/json"}],"body":"{\n  \"messages\": [\n    {\n      \"errorCode\": \"in laboris cillum et sunt\",\n      \"type\": \"ea sunt\",\n      \"title\": \"mollit et sed\",\n      \"detail\": \"anim ut\",\n      \"instance\": \"enim cupidatat sit\"\n    },\n    {\n      \"errorCode\": \"est l\",\n      \"type\": \"dolore\",\n      \"title\": \"tempor fugiat incididunt quis\",\n      \"detail\": \"ad commodo amet id mollit\",\n      \"instance\": \"fugiat paria\"\n    }\n  ]\n}","cookie":[],"_postman_previewlanguage":"json"},{"id":"fb1b97d7-eeac-4931-8354-3eb67e4915b7","name":"Unprocessable Entity","originalRequest":{"url":{"path":["AccountProcessing","V1","Agreement",":agreementId","AgreementRepayment","Retrieve"],"host":["{{baseUrl}}"],"query":[],"variable":[{"disabled":false,"type":"any","value":"<string>","key":"agreementId","description":"(Required) Agreement Id"}]},"header":[{"disabled":false,"description":"(Required) Financial Institution Identification","key":"fi-id","value":"<string>"},{"disabled":false,"description":"Brand Identification","key":"brand-id","value":"<string>"},{"key":"Accept","value":"application/json"}],"method":"GET","body":{}},"status":"Unprocessable Entity (WebDAV) (RFC 4918)","code":422,"header":[{"key":"Content-Type","value":"application/json"}],"body":"{\n  \"messages\": [\n    {\n      \"errorCode\": \"in laboris cillum et sunt\",\n      \"type\": \"ea sunt\",\n      \"title\": \"mollit et sed\",\n      \"detail\": \"anim ut\",\n      \"instance\": \"enim cupidatat sit\"\n    },\n    {\n      \"errorCode\": \"est l\",\n      \"type\": \"dolore\",\n      \"title\": \"tempor fugiat incididunt quis\",\n      \"detail\": \"ad commodo amet id mollit\",\n      \"instance\": \"fugiat paria\"\n    }\n  ]\n}","cookie":[],"_postman_previewlanguage":"json"},{"id":"85918a37-fd90-4b20-ac76-71cbd014de2f","name":"Internal Server Error","originalRequest":{"url":{"path":["AccountProcessing","V1","Agreement",":agreementId","AgreementRepayment","Retrieve"],"host":["{{baseUrl}}"],"query":[],"variable":[{"disabled":false,"type":"any","value":"<string>","key":"agreementId","description":"(Required) Agreement Id"}]},"header":[{"disabled":false,"description":"(Required) Financial Institution Identification","key":"fi-id","value":"<string>"},{"disabled":false,"description":"Brand Identification","key":"brand-id","value":"<string>"},{"key":"Accept","value":"application/json"}],"method":"GET","body":{}},"status":"Too Many Requests","code":429,"header":[{"key":"Content-Type","value":"application/json"}],"body":"{\n  \"messages\": [\n    {\n      \"errorCode\": \"in laboris cillum et sunt\",\n      \"type\": \"ea sunt\",\n      \"title\": \"mollit et sed\",\n      \"detail\": \"anim ut\",\n      \"instance\": \"enim cupidatat sit\"\n    },\n    {\n      \"errorCode\": \"est l\",\n      \"type\": \"dolore\",\n      \"title\": \"tempor fugiat incididunt quis\",\n      \"detail\": \"ad commodo amet id mollit\",\n      \"instance\": \"fugiat paria\"\n    }\n  ]\n}","cookie":[],"_postman_previewlanguage":"json"},{"id":"2c8b2e68-fdc9-443b-8d75-c8342a25d0c9","name":"Internal Server Error <br/><br/> <b>Error codes list:</b><br/><ul><li><em>HLXPNKPGT001 : Error Retrieving the Account Repayment Details.</em></li></ul>","originalRequest":{"url":{"path":["AccountProcessing","V1","Agreement",":agreementId","AgreementRepayment","Retrieve"],"host":["{{baseUrl}}"],"query":[],"variable":[{"disabled":false,"type":"any","value":"<string>","key":"agreementId","description":"(Required) Agreement Id"}]},"header":[{"disabled":false,"description":"(Required) Financial Institution Identification","key":"fi-id","value":"<string>"},{"disabled":false,"description":"Brand Identification","key":"brand-id","value":"<string>"},{"key":"Accept","value":"application/json"}],"method":"GET","body":{}},"status":"Internal Server Error","code":500,"header":[{"key":"Content-Type","value":"application/json"}],"body":"{\n  \"messages\": [\n    {\n      \"errorCode\": \"in laboris cillum et sunt\",\n      \"type\": \"ea sunt\",\n      \"title\": \"mollit et sed\",\n      \"detail\": \"anim ut\",\n      \"instance\": \"enim cupidatat sit\"\n    },\n    {\n      \"errorCode\": \"est l\",\n      \"type\": \"dolore\",\n      \"title\": \"tempor fugiat incididunt quis\",\n      \"detail\": \"ad commodo amet id mollit\",\n      \"instance\": \"fugiat paria\"\n    }\n  ]\n}","cookie":[],"_postman_previewlanguage":"json"},{"id":"c3d68f0b-d0d0-424f-b2a6-c9514e211e32","name":"Bad Gateway","originalRequest":{"url":{"path":["AccountProcessing","V1","Agreement",":agreementId","AgreementRepayment","Retrieve"],"host":["{{baseUrl}}"],"query":[],"variable":[{"disabled":false,"type":"any","value":"<string>","key":"agreementId","description":"(Required) Agreement Id"}]},"header":[{"disabled":false,"description":"(Required) Financial Institution Identification","key":"fi-id","value":"<string>"},{"disabled":false,"description":"Brand Identification","key":"brand-id","value":"<string>"},{"key":"Accept","value":"application/json"}],"method":"GET","body":{}},"status":"Bad Gateway","code":502,"header":[{"key":"Content-Type","value":"application/json"}],"body":"{\n  \"messages\": [\n    {\n      \"errorCode\": \"in laboris cillum et sunt\",\n      \"type\": \"ea sunt\",\n      \"title\": \"mollit et sed\",\n      \"detail\": \"anim ut\",\n      \"instance\": \"enim cupidatat sit\"\n    },\n    {\n      \"errorCode\": \"est l\",\n      \"type\": \"dolore\",\n      \"title\": \"tempor fugiat incididunt quis\",\n      \"detail\": \"ad commodo amet id mollit\",\n      \"instance\": \"fugiat paria\"\n    }\n  ]\n}","cookie":[],"_postman_previewlanguage":"json"},{"id":"554e460e-72ff-4e62-abfa-32f710875412","name":"Service Unavailable","originalRequest":{"url":{"path":["AccountProcessing","V1","Agreement",":agreementId","AgreementRepayment","Retrieve"],"host":["{{baseUrl}}"],"query":[],"variable":[{"disabled":false,"type":"any","value":"<string>","key":"agreementId","description":"(Required) Agreement Id"}]},"header":[{"disabled":false,"description":"(Required) Financial Institution Identification","key":"fi-id","value":"<string>"},{"disabled":false,"description":"Brand Identification","key":"brand-id","value":"<string>"},{"key":"Accept","value":"application/json"}],"method":"GET","body":{}},"status":"Service Unavailable","code":503,"header":[{"key":"Content-Type","value":"application/json"}],"body":"{\n  \"messages\": [\n    {\n      \"errorCode\": \"in laboris cillum et sunt\",\n      \"type\": \"ea sunt\",\n      \"title\": \"mollit et sed\",\n      \"detail\": \"anim ut\",\n      \"instance\": \"enim cupidatat sit\"\n    },\n    {\n      \"errorCode\": \"est l\",\n      \"type\": \"dolore\",\n      \"title\": \"tempor fugiat incididunt quis\",\n      \"detail\": \"ad commodo amet id mollit\",\n      \"instance\": \"fugiat paria\"\n    }\n  ]\n}","cookie":[],"_postman_previewlanguage":"json"},{"id":"26a700f0-574c-42d0-bf91-dc07f84496fc","name":"Gateway Timeout","originalRequest":{"url":{"path":["AccountProcessing","V1","Agreement",":agreementId","AgreementRepayment","Retrieve"],"host":["{{baseUrl}}"],"query":[],"variable":[{"disabled":false,"type":"any","value":"<string>","key":"agreementId","description":"(Required) Agreement Id"}]},"header":[{"disabled":false,"description":"(Required) Financial Institution Identification","key":"fi-id","value":"<string>"},{"disabled":false,"description":"Brand Identification","key":"brand-id","value":"<string>"},{"key":"Accept","value":"application/json"}],"method":"GET","body":{}},"status":"Gateway Timeout","code":504,"header":[{"key":"Content-Type","value":"application/json"}],"body":"{\n  \"messages\": [\n    {\n      \"errorCode\": \"in laboris cillum et sunt\",\n      \"type\": \"ea sunt\",\n      \"title\": \"mollit et sed\",\n      \"detail\": \"anim ut\",\n      \"instance\": \"enim cupidatat sit\"\n    },\n    {\n      \"errorCode\": \"est l\",\n      \"type\": \"dolore\",\n      \"title\": \"tempor fugiat incididunt quis\",\n      \"detail\": \"ad commodo amet id mollit\",\n      \"instance\": \"fugiat paria\"\n    }\n  ]\n}","cookie":[],"_postman_previewlanguage":"json"}],"event":[],"protocolProfileBehavior":{"disableBodyPruning":true}},{"id":"23e362dc-2237-4782-9f26-7a148b8b1a96","name":"The API is used to provide the billings information for all the billings performed along with billing date and other details.  ","request":{"name":"The API is used to provide the billings information for all the billings performed along with billing date and other details.  ","description":{"content":"This API allows a user to view billings information for all the billings performed along with billing date and other details.","type":"text/plain"},"url":{"path":["AccountProcessing","V1","Agreement",":agreementId","BilledDatesWithSummary","Retrieve"],"host":["{{baseUrl}}"],"query":[],"variable":[{"disabled":false,"type":"any","value":"<string>","key":"agreementId","description":"(Required) Agreement Id"}]},"header":[{"disabled":false,"description":"(Required) Financial Institution Identification","key":"fi-id","value":"<string>"},{"disabled":false,"description":"Brand Identification","key":"brand-id","value":"<string>"},{"key":"Accept","value":"application/json"}],"method":"GET","auth":null},"response":[{"id":"7582ec42-948b-4ec2-ad2a-ab056dec5147","name":"OK","originalRequest":{"url":{"path":["AccountProcessing","V1","Agreement",":agreementId","BilledDatesWithSummary","Retrieve"],"host":["{{baseUrl}}"],"query":[],"variable":[{"disabled":false,"type":"any","value":"<string>","key":"agreementId","description":"(Required) Agreement Id"}]},"header":[{"disabled":false,"description":"(Required) Financial Institution Identification","key":"fi-id","value":"<string>"},{"disabled":false,"description":"Brand Identification","key":"brand-id","value":"<string>"},{"key":"Accept","value":"application/json"}],"method":"GET","body":{}},"status":"OK","code":200,"header":[{"key":"Content-Type","value":"application/json"}],"body":"{\n  \"BilledDate\": \"incididunt ex\",\n  \"PaymentDueDate\": \"non ex veniam laborum et\",\n  \"PeriodStartDate\": \"ullamco \",\n  \"PeriodEndDate\": \"deserunt nostrud ullamco\",\n  \"NextBillingDate\": \"aliqua enim\",\n  \"StatementedDate\": \"quis ea fugiat aliquip\",\n  \"CurrentDueAmount\": {\n    \"Value\": \"aliquip et id amet\",\n    \"Currency\": \"elit non nulla\"\n  },\n  \"pastDueAmount\": {\n    \"Value\": \"do do\",\n    \"Currency\": \"eiusmod ullamco qui irure anim\"\n  },\n  \"TotalDueAmount\": {\n    \"Value\": \"amet eiusmod cillum sed\",\n    \"Currency\": \"in do\"\n  },\n  \"OpeningBalanceAmount\": {\n    \"Value\": \"sed tempor\",\n    \"Currency\": \"dolore deserunt in\"\n  },\n  \"ClosingBalanceAmount\": {\n    \"Value\": \"amet ut dolor\",\n    \"Currency\": \"ipsum sunt\"\n  },\n  \"TotalInterestAmount\": {\n    \"Value\": \"fugiat ad mollit enim laborum\",\n    \"Currency\": \"eu sunt sed Lorem\"\n  }\n}","cookie":[],"_postman_previewlanguage":"json"},{"id":"2439aa3f-5f0f-4fe9-a6d7-1991d5673a69","name":"Bad Request <br/><br/> <b>Error codes list:</b><br/><ul><li><em>HLXACPRBR001 : Account Number is invalid, please provide valid value.</em></li><li><em>HLXACPRBR001 : Account Number exceeds maximum 37 length allowed.</em></li></ul>","originalRequest":{"url":{"path":["AccountProcessing","V1","Agreement",":agreementId","BilledDatesWithSummary","Retrieve"],"host":["{{baseUrl}}"],"query":[],"variable":[{"disabled":false,"type":"any","value":"<string>","key":"agreementId","description":"(Required) Agreement Id"}]},"header":[{"disabled":false,"description":"(Required) Financial Institution Identification","key":"fi-id","value":"<string>"},{"disabled":false,"description":"Brand Identification","key":"brand-id","value":"<string>"},{"key":"Accept","value":"application/json"}],"method":"GET","body":{}},"status":"Bad Request","code":400,"header":[{"key":"Content-Type","value":"application/json"}],"body":"{\n  \"messages\": [\n    {\n      \"errorCode\": \"in laboris cillum et sunt\",\n      \"type\": \"ea sunt\",\n      \"title\": \"mollit et sed\",\n      \"detail\": \"anim ut\",\n      \"instance\": \"enim cupidatat sit\"\n    },\n    {\n      \"errorCode\": \"est l\",\n      \"type\": \"dolore\",\n      \"title\": \"tempor fugiat incididunt quis\",\n      \"detail\": \"ad commodo amet id mollit\",\n      \"instance\": \"fugiat paria\"\n    }\n  ]\n}","cookie":[],"_postman_previewlanguage":"json"},{"id":"f8d4ac3e-015c-41ba-843d-81f4e97d35e9","name":"Not Authorized","originalRequest":{"url":{"path":["AccountProcessing","V1","Agreement",":agreementId","BilledDatesWithSummary","Retrieve"],"host":["{{baseUrl}}"],"query":[],"variable":[{"disabled":false,"type":"any","value":"<string>","key":"agreementId","description":"(Required) Agreement Id"}]},"header":[{"disabled":false,"description":"(Required) Financial Institution Identification","key":"fi-id","value":"<string>"},{"disabled":false,"description":"Brand Identification","key":"brand-id","value":"<string>"},{"key":"Accept","value":"application/json"}],"method":"GET","body":{}},"status":"Unauthorized","code":401,"header":[{"key":"Content-Type","value":"application/json"}],"body":"{\n  \"messages\": [\n    {\n      \"errorCode\": \"in laboris cillum et sunt\",\n      \"type\": \"ea sunt\",\n      \"title\": \"mollit et sed\",\n      \"detail\": \"anim ut\",\n      \"instance\": \"enim cupidatat sit\"\n    },\n    {\n      \"errorCode\": \"est l\",\n      \"type\": \"dolore\",\n      \"title\": \"tempor fugiat incididunt quis\",\n      \"detail\": \"ad commodo amet id mollit\",\n      \"instance\": \"fugiat paria\"\n    }\n  ]\n}","cookie":[],"_postman_previewlanguage":"json"},{"id":"8cd0b51c-b411-4d7e-ad25-a61dd2e1d7c5","name":"Forbidden","originalRequest":{"url":{"path":["AccountProcessing","V1","Agreement",":agreementId","BilledDatesWithSummary","Retrieve"],"host":["{{baseUrl}}"],"query":[],"variable":[{"disabled":false,"type":"any","value":"<string>","key":"agreementId","description":"(Required) Agreement Id"}]},"header":[{"disabled":false,"description":"(Required) Financial Institution Identification","key":"fi-id","value":"<string>"},{"disabled":false,"description":"Brand Identification","key":"brand-id","value":"<string>"},{"key":"Accept","value":"application/json"}],"method":"GET","body":{}},"status":"Forbidden","code":403,"header":[{"key":"Content-Type","value":"application/json"}],"body":"{\n  \"messages\": [\n    {\n      \"errorCode\": \"in laboris cillum et sunt\",\n      \"type\": \"ea sunt\",\n      \"title\": \"mollit et sed\",\n      \"detail\": \"anim ut\",\n      \"instance\": \"enim cupidatat sit\"\n    },\n    {\n      \"errorCode\": \"est l\",\n      \"type\": \"dolore\",\n      \"title\": \"tempor fugiat incididunt quis\",\n      \"detail\": \"ad commodo amet id mollit\",\n      \"instance\": \"fugiat paria\"\n    }\n  ]\n}","cookie":[],"_postman_previewlanguage":"json"},{"id":"c45d1595-63a7-400d-8323-e991d72ee537","name":"Not Found","originalRequest":{"url":{"path":["AccountProcessing","V1","Agreement",":agreementId","BilledDatesWithSummary","Retrieve"],"host":["{{baseUrl}}"],"query":[],"variable":[{"disabled":false,"type":"any","value":"<string>","key":"agreementId","description":"(Required) Agreement Id"}]},"header":[{"disabled":false,"description":"(Required) Financial Institution Identification","key":"fi-id","value":"<string>"},{"disabled":false,"description":"Brand Identification","key":"brand-id","value":"<string>"},{"key":"Accept","value":"application/json"}],"method":"GET","body":{}},"status":"Not Found","code":404,"header":[{"key":"Content-Type","value":"application/json"}],"body":"{\n  \"messages\": [\n    {\n      \"errorCode\": \"in laboris cillum et sunt\",\n      \"type\": \"ea sunt\",\n      \"title\": \"mollit et sed\",\n      \"detail\": \"anim ut\",\n      \"instance\": \"enim cupidatat sit\"\n    },\n    {\n      \"errorCode\": \"est l\",\n      \"type\": \"dolore\",\n      \"title\": \"tempor fugiat incididunt quis\",\n      \"detail\": \"ad commodo amet id mollit\",\n      \"instance\": \"fugiat paria\"\n    }\n  ]\n}","cookie":[],"_postman_previewlanguage":"json"},{"id":"ee82a9f9-15ef-4671-beb8-6fe049134971","name":"Unsupported Media Type","originalRequest":{"url":{"path":["AccountProcessing","V1","Agreement",":agreementId","BilledDatesWithSummary","Retrieve"],"host":["{{baseUrl}}"],"query":[],"variable":[{"disabled":false,"type":"any","value":"<string>","key":"agreementId","description":"(Required) Agreement Id"}]},"header":[{"disabled":false,"description":"(Required) Financial Institution Identification","key":"fi-id","value":"<string>"},{"disabled":false,"description":"Brand Identification","key":"brand-id","value":"<string>"},{"key":"Accept","value":"application/json"}],"method":"GET","body":{}},"status":"Unsupported Media Type","code":415,"header":[{"key":"Content-Type","value":"application/json"}],"body":"{\n  \"messages\": [\n    {\n      \"errorCode\": \"in laboris cillum et sunt\",\n      \"type\": \"ea sunt\",\n      \"title\": \"mollit et sed\",\n      \"detail\": \"anim ut\",\n      \"instance\": \"enim cupidatat sit\"\n    },\n    {\n      \"errorCode\": \"est l\",\n      \"type\": \"dolore\",\n      \"title\": \"tempor fugiat incididunt quis\",\n      \"detail\": \"ad commodo amet id mollit\",\n      \"instance\": \"fugiat paria\"\n    }\n  ]\n}","cookie":[],"_postman_previewlanguage":"json"},{"id":"e39e2913-2afc-4fde-a590-3e85c5b34917","name":"Unprocessable Entity","originalRequest":{"url":{"path":["AccountProcessing","V1","Agreement",":agreementId","BilledDatesWithSummary","Retrieve"],"host":["{{baseUrl}}"],"query":[],"variable":[{"disabled":false,"type":"any","value":"<string>","key":"agreementId","description":"(Required) Agreement Id"}]},"header":[{"disabled":false,"description":"(Required) Financial Institution Identification","key":"fi-id","value":"<string>"},{"disabled":false,"description":"Brand Identification","key":"brand-id","value":"<string>"},{"key":"Accept","value":"application/json"}],"method":"GET","body":{}},"status":"Unprocessable Entity (WebDAV) (RFC 4918)","code":422,"header":[{"key":"Content-Type","value":"application/json"}],"body":"{\n  \"messages\": [\n    {\n      \"errorCode\": \"in laboris cillum et sunt\",\n      \"type\": \"ea sunt\",\n      \"title\": \"mollit et sed\",\n      \"detail\": \"anim ut\",\n      \"instance\": \"enim cupidatat sit\"\n    },\n    {\n      \"errorCode\": \"est l\",\n      \"type\": \"dolore\",\n      \"title\": \"tempor fugiat incididunt quis\",\n      \"detail\": \"ad commodo amet id mollit\",\n      \"instance\": \"fugiat paria\"\n    }\n  ]\n}","cookie":[],"_postman_previewlanguage":"json"},{"id":"94b022e7-6135-477e-94c7-65654cf82dcf","name":"Internal Server Error","originalRequest":{"url":{"path":["AccountProcessing","V1","Agreement",":agreementId","BilledDatesWithSummary","Retrieve"],"host":["{{baseUrl}}"],"query":[],"variable":[{"disabled":false,"type":"any","value":"<string>","key":"agreementId","description":"(Required) Agreement Id"}]},"header":[{"disabled":false,"description":"(Required) Financial Institution Identification","key":"fi-id","value":"<string>"},{"disabled":false,"description":"Brand Identification","key":"brand-id","value":"<string>"},{"key":"Accept","value":"application/json"}],"method":"GET","body":{}},"status":"Too Many Requests","code":429,"header":[{"key":"Content-Type","value":"application/json"}],"body":"{\n  \"messages\": [\n    {\n      \"errorCode\": \"in laboris cillum et sunt\",\n      \"type\": \"ea sunt\",\n      \"title\": \"mollit et sed\",\n      \"detail\": \"anim ut\",\n      \"instance\": \"enim cupidatat sit\"\n    },\n    {\n      \"errorCode\": \"est l\",\n      \"type\": \"dolore\",\n      \"title\": \"tempor fugiat incididunt quis\",\n      \"detail\": \"ad commodo amet id mollit\",\n      \"instance\": \"fugiat paria\"\n    }\n  ]\n}","cookie":[],"_postman_previewlanguage":"json"},{"id":"512abde0-e547-4d6a-a0fc-406583633bf1","name":"Internal Server Error <br/><br/> <b>Error codes list:</b><br/><ul><li><em>HLXPNKPGT001 : Error Retrieving the Account Repayment Details.</em></li></ul>","originalRequest":{"url":{"path":["AccountProcessing","V1","Agreement",":agreementId","BilledDatesWithSummary","Retrieve"],"host":["{{baseUrl}}"],"query":[],"variable":[{"disabled":false,"type":"any","value":"<string>","key":"agreementId","description":"(Required) Agreement Id"}]},"header":[{"disabled":false,"description":"(Required) Financial Institution Identification","key":"fi-id","value":"<string>"},{"disabled":false,"description":"Brand Identification","key":"brand-id","value":"<string>"},{"key":"Accept","value":"application/json"}],"method":"GET","body":{}},"status":"Internal Server Error","code":500,"header":[{"key":"Content-Type","value":"application/json"}],"body":"{\n  \"messages\": [\n    {\n      \"errorCode\": \"in laboris cillum et sunt\",\n      \"type\": \"ea sunt\",\n      \"title\": \"mollit et sed\",\n      \"detail\": \"anim ut\",\n      \"instance\": \"enim cupidatat sit\"\n    },\n    {\n      \"errorCode\": \"est l\",\n      \"type\": \"dolore\",\n      \"title\": \"tempor fugiat incididunt quis\",\n      \"detail\": \"ad commodo amet id mollit\",\n      \"instance\": \"fugiat paria\"\n    }\n  ]\n}","cookie":[],"_postman_previewlanguage":"json"},{"id":"babab06b-d324-498b-8da3-ddfd793768bc","name":"Bad Gateway","originalRequest":{"url":{"path":["AccountProcessing","V1","Agreement",":agreementId","BilledDatesWithSummary","Retrieve"],"host":["{{baseUrl}}"],"query":[],"variable":[{"disabled":false,"type":"any","value":"<string>","key":"agreementId","description":"(Required) Agreement Id"}]},"header":[{"disabled":false,"description":"(Required) Financial Institution Identification","key":"fi-id","value":"<string>"},{"disabled":false,"description":"Brand Identification","key":"brand-id","value":"<string>"},{"key":"Accept","value":"application/json"}],"method":"GET","body":{}},"status":"Bad Gateway","code":502,"header":[{"key":"Content-Type","value":"application/json"}],"body":"{\n  \"messages\": [\n    {\n      \"errorCode\": \"in laboris cillum et sunt\",\n      \"type\": \"ea sunt\",\n      \"title\": \"mollit et sed\",\n      \"detail\": \"anim ut\",\n      \"instance\": \"enim cupidatat sit\"\n    },\n    {\n      \"errorCode\": \"est l\",\n      \"type\": \"dolore\",\n      \"title\": \"tempor fugiat incididunt quis\",\n      \"detail\": \"ad commodo amet id mollit\",\n      \"instance\": \"fugiat paria\"\n    }\n  ]\n}","cookie":[],"_postman_previewlanguage":"json"},{"id":"814a0ad1-0504-4d7c-b83b-562b41eab026","name":"Service Unavailable","originalRequest":{"url":{"path":["AccountProcessing","V1","Agreement",":agreementId","BilledDatesWithSummary","Retrieve"],"host":["{{baseUrl}}"],"query":[],"variable":[{"disabled":false,"type":"any","value":"<string>","key":"agreementId","description":"(Required) Agreement Id"}]},"header":[{"disabled":false,"description":"(Required) Financial Institution Identification","key":"fi-id","value":"<string>"},{"disabled":false,"description":"Brand Identification","key":"brand-id","value":"<string>"},{"key":"Accept","value":"application/json"}],"method":"GET","body":{}},"status":"Service Unavailable","code":503,"header":[{"key":"Content-Type","value":"application/json"}],"body":"{\n  \"messages\": [\n    {\n      \"errorCode\": \"in laboris cillum et sunt\",\n      \"type\": \"ea sunt\",\n      \"title\": \"mollit et sed\",\n      \"detail\": \"anim ut\",\n      \"instance\": \"enim cupidatat sit\"\n    },\n    {\n      \"errorCode\": \"est l\",\n      \"type\": \"dolore\",\n      \"title\": \"tempor fugiat incididunt quis\",\n      \"detail\": \"ad commodo amet id mollit\",\n      \"instance\": \"fugiat paria\"\n    }\n  ]\n}","cookie":[],"_postman_previewlanguage":"json"},{"id":"514e76de-5d84-49bd-a9d0-db73da3da499","name":"Gateway Timeout","originalRequest":{"url":{"path":["AccountProcessing","V1","Agreement",":agreementId","BilledDatesWithSummary","Retrieve"],"host":["{{baseUrl}}"],"query":[],"variable":[{"disabled":false,"type":"any","value":"<string>","key":"agreementId","description":"(Required) Agreement Id"}]},"header":[{"disabled":false,"description":"(Required) Financial Institution Identification","key":"fi-id","value":"<string>"},{"disabled":false,"description":"Brand Identification","key":"brand-id","value":"<string>"},{"key":"Accept","value":"application/json"}],"method":"GET","body":{}},"status":"Gateway Timeout","code":504,"header":[{"key":"Content-Type","value":"application/json"}],"body":"{\n  \"messages\": [\n    {\n      \"errorCode\": \"in laboris cillum et sunt\",\n      \"type\": \"ea sunt\",\n      \"title\": \"mollit et sed\",\n      \"detail\": \"anim ut\",\n      \"instance\": \"enim cupidatat sit\"\n    },\n    {\n      \"errorCode\": \"est l\",\n      \"type\": \"dolore\",\n      \"title\": \"tempor fugiat incididunt quis\",\n      \"detail\": \"ad commodo amet id mollit\",\n      \"instance\": \"fugiat paria\"\n    }\n  ]\n}","cookie":[],"_postman_previewlanguage":"json"}],"event":[],"protocolProfileBehavior":{"disableBodyPruning":true}},{"id":"346400a0-3485-4c4c-a378-eb1657bccc7f","name":"The API is used to retrieve interest details for an account","request":{"name":"The API is used to retrieve interest details for an account","description":{"content":"The purpose of this API is to retrieve the interest details for an account. If the accrued interest details are available, the response will include those specific details. If the accrued interest details are not available, the response will include the details from the feature.","type":"text/plain"},"url":{"path":["AccountProcessing","V1","Agreement",":agreementId","InterestDetails","Request"],"host":["{{baseUrl}}"],"query":[],"variable":[{"disabled":false,"type":"any","value":"<string>","key":"agreementId","description":"(Required) Agreement Id"}]},"header":[{"disabled":false,"description":"(Required) Financial Institution Identification","key":"fi-id","value":"<string>"},{"disabled":false,"description":"Brand Identification","key":"brand-id","value":"<string>"},{"key":"Accept","value":"application/json"}],"method":"GET","auth":null},"response":[{"id":"9dd04419-000a-4e96-b2c4-857860f95a43","name":"OK","originalRequest":{"url":{"path":["AccountProcessing","V1","Agreement",":agreementId","InterestDetails","Request"],"host":["{{baseUrl}}"],"query":[],"variable":[{"disabled":false,"type":"any","value":"<string>","key":"agreementId","description":"(Required) Agreement Id"}]},"header":[{"disabled":false,"description":"(Required) Financial Institution Identification","key":"fi-id","value":"<string>"},{"disabled":false,"description":"Brand Identification","key":"brand-id","value":"<string>"},{"key":"Accept","value":"application/json"}],"method":"GET","body":{}},"status":"OK","code":200,"header":[{"key":"Content-Type","value":"application/json"}],"body":"{\n  \"AgreementID\": \"ut\",\n  \"InterestDetails\": [\n    {\n      \"PositionType\": \"dolore\",\n      \"PositionComponent\": \"minim\",\n      \"InterestRate\": \"cillum magna aliqui\",\n      \"AccruedThruDate\": \"ipsum in reprehenderit amet sint\",\n      \"CurrentPeriod\": {\n        \"BalanceAmount\": {\n          \"Value\": {\n            \"value\": \"<Error: Too many levels of nesting to fake this schema>\"\n          },\n          \"Currency\": {\n            \"value\": \"<Error: Too many levels of nesting to fake this schema>\"\n          }\n        },\n        \"AccruedAmount\": {\n          \"Value\": {\n            \"value\": \"<Error: Too many levels of nesting to fake this schema>\"\n          },\n          \"Currency\": {\n            \"value\": \"<Error: Too many levels of nesting to fake this schema>\"\n          }\n        }\n      },\n      \"PriorPeriod\": {\n        \"BalanceAmount\": {\n          \"Value\": {\n            \"value\": \"<Error: Too many levels of nesting to fake this schema>\"\n          },\n          \"Currency\": {\n            \"value\": \"<Error: Too many levels of nesting to fake this schema>\"\n          }\n        },\n        \"AccruedAmount\": {\n          \"Value\": {\n            \"value\": \"<Error: Too many levels of nesting to fake this schema>\"\n          },\n          \"Currency\": {\n            \"value\": \"<Error: Too many levels of nesting to fake this schema>\"\n          }\n        }\n      },\n      \"ResidualPeriod\": {\n        \"BalanceAmount\": {\n          \"Value\": {\n            \"value\": \"<Error: Too many levels of nesting to fake this schema>\"\n          },\n          \"Currency\": {\n            \"value\": \"<Error: Too many levels of nesting to fake this schema>\"\n          }\n        },\n        \"AccruedAmount\": {\n          \"Value\": {\n            \"value\": \"<Error: Too many levels of nesting to fake this schema>\"\n          },\n          \"Currency\": {\n            \"value\": \"<Error: Too many levels of nesting to fake this schema>\"\n          }\n        }\n      },\n      \"DeferredAmount\": {\n        \"Value\": \"sint sunt minim\",\n        \"Currency\": \"irure sed ad\"\n      }\n    },\n    {\n      \"PositionType\": \"veniam sunt dolor\",\n      \"PositionComponent\": \"ut sunt\",\n      \"InterestRate\": \"dolore Ut ut dolor aliquip\",\n      \"AccruedThruDate\": \"aute nulla cillum consectetur dese\",\n      \"CurrentPeriod\": {\n        \"BalanceAmount\": {\n          \"Value\": {\n            \"value\": \"<Error: Too many levels of nesting to fake this schema>\"\n          },\n          \"Currency\": {\n            \"value\": \"<Error: Too many levels of nesting to fake this schema>\"\n          }\n        },\n        \"AccruedAmount\": {\n          \"Value\": {\n            \"value\": \"<Error: Too many levels of nesting to fake this schema>\"\n          },\n          \"Currency\": {\n            \"value\": \"<Error: Too many levels of nesting to fake this schema>\"\n          }\n        }\n      },\n      \"PriorPeriod\": {\n        \"BalanceAmount\": {\n          \"Value\": {\n            \"value\": \"<Error: Too many levels of nesting to fake this schema>\"\n          },\n          \"Currency\": {\n            \"value\": \"<Error: Too many levels of nesting to fake this schema>\"\n          }\n        },\n        \"AccruedAmount\": {\n          \"Value\": {\n            \"value\": \"<Error: Too many levels of nesting to fake this schema>\"\n          },\n          \"Currency\": {\n            \"value\": \"<Error: Too many levels of nesting to fake this schema>\"\n          }\n        }\n      },\n      \"ResidualPeriod\": {\n        \"BalanceAmount\": {\n          \"Value\": {\n            \"value\": \"<Error: Too many levels of nesting to fake this schema>\"\n          },\n          \"Currency\": {\n            \"value\": \"<Error: Too many levels of nesting to fake this schema>\"\n          }\n        },\n        \"AccruedAmount\": {\n          \"Value\": {\n            \"value\": \"<Error: Too many levels of nesting to fake this schema>\"\n          },\n          \"Currency\": {\n            \"value\": \"<Error: Too many levels of nesting to fake this schema>\"\n          }\n        }\n      },\n      \"DeferredAmount\": {\n        \"Value\": \"elit minim cupidatat nostrud\",\n        \"Currency\": \"ut in consequat pariatur\"\n      }\n    }\n  ]\n}","cookie":[],"_postman_previewlanguage":"json"},{"id":"f19e36ed-8be2-48e2-a292-5c4928a3a8b0","name":"Bad Request <br/><br/> <b>Error codes list:</b><br/><ul><li><em>HLXPNKPBR001 : Account Number is invalid, please provide valid value.</em></li></ul>","originalRequest":{"url":{"path":["AccountProcessing","V1","Agreement",":agreementId","InterestDetails","Request"],"host":["{{baseUrl}}"],"query":[],"variable":[{"disabled":false,"type":"any","value":"<string>","key":"agreementId","description":"(Required) Agreement Id"}]},"header":[{"disabled":false,"description":"(Required) Financial Institution Identification","key":"fi-id","value":"<string>"},{"disabled":false,"description":"Brand Identification","key":"brand-id","value":"<string>"},{"key":"Accept","value":"application/json"}],"method":"GET","body":{}},"status":"Bad Request","code":400,"header":[{"key":"Content-Type","value":"application/json"}],"body":"{\n  \"messages\": [\n    {\n      \"errorCode\": \"in laboris cillum et sunt\",\n      \"type\": \"ea sunt\",\n      \"title\": \"mollit et sed\",\n      \"detail\": \"anim ut\",\n      \"instance\": \"enim cupidatat sit\"\n    },\n    {\n      \"errorCode\": \"est l\",\n      \"type\": \"dolore\",\n      \"title\": \"tempor fugiat incididunt quis\",\n      \"detail\": \"ad commodo amet id mollit\",\n      \"instance\": \"fugiat paria\"\n    }\n  ]\n}","cookie":[],"_postman_previewlanguage":"json"},{"id":"d2cac038-5ff9-47c3-9be0-9936eb55f87a","name":"Not Authorized","originalRequest":{"url":{"path":["AccountProcessing","V1","Agreement",":agreementId","InterestDetails","Request"],"host":["{{baseUrl}}"],"query":[],"variable":[{"disabled":false,"type":"any","value":"<string>","key":"agreementId","description":"(Required) Agreement Id"}]},"header":[{"disabled":false,"description":"(Required) Financial Institution Identification","key":"fi-id","value":"<string>"},{"disabled":false,"description":"Brand Identification","key":"brand-id","value":"<string>"},{"key":"Accept","value":"application/json"}],"method":"GET","body":{}},"status":"Unauthorized","code":401,"header":[{"key":"Content-Type","value":"application/json"}],"body":"{\n  \"messages\": [\n    {\n      \"errorCode\": \"in laboris cillum et sunt\",\n      \"type\": \"ea sunt\",\n      \"title\": \"mollit et sed\",\n      \"detail\": \"anim ut\",\n      \"instance\": \"enim cupidatat sit\"\n    },\n    {\n      \"errorCode\": \"est l\",\n      \"type\": \"dolore\",\n      \"title\": \"tempor fugiat incididunt quis\",\n      \"detail\": \"ad commodo amet id mollit\",\n      \"instance\": \"fugiat paria\"\n    }\n  ]\n}","cookie":[],"_postman_previewlanguage":"json"},{"id":"769b6395-d965-4321-8f1d-b4eaf74216b8","name":"Forbidden","originalRequest":{"url":{"path":["AccountProcessing","V1","Agreement",":agreementId","InterestDetails","Request"],"host":["{{baseUrl}}"],"query":[],"variable":[{"disabled":false,"type":"any","value":"<string>","key":"agreementId","description":"(Required) Agreement Id"}]},"header":[{"disabled":false,"description":"(Required) Financial Institution Identification","key":"fi-id","value":"<string>"},{"disabled":false,"description":"Brand Identification","key":"brand-id","value":"<string>"},{"key":"Accept","value":"application/json"}],"method":"GET","body":{}},"status":"Forbidden","code":403,"header":[{"key":"Content-Type","value":"application/json"}],"body":"{\n  \"messages\": [\n    {\n      \"errorCode\": \"in laboris cillum et sunt\",\n      \"type\": \"ea sunt\",\n      \"title\": \"mollit et sed\",\n      \"detail\": \"anim ut\",\n      \"instance\": \"enim cupidatat sit\"\n    },\n    {\n      \"errorCode\": \"est l\",\n      \"type\": \"dolore\",\n      \"title\": \"tempor fugiat incididunt quis\",\n      \"detail\": \"ad commodo amet id mollit\",\n      \"instance\": \"fugiat paria\"\n    }\n  ]\n}","cookie":[],"_postman_previewlanguage":"json"},{"id":"9348dc06-2e6e-4c91-a8bd-ce30ae908d9e","name":"Not Found","originalRequest":{"url":{"path":["AccountProcessing","V1","Agreement",":agreementId","InterestDetails","Request"],"host":["{{baseUrl}}"],"query":[],"variable":[{"disabled":false,"type":"any","value":"<string>","key":"agreementId","description":"(Required) Agreement Id"}]},"header":[{"disabled":false,"description":"(Required) Financial Institution Identification","key":"fi-id","value":"<string>"},{"disabled":false,"description":"Brand Identification","key":"brand-id","value":"<string>"},{"key":"Accept","value":"application/json"}],"method":"GET","body":{}},"status":"Not Found","code":404,"header":[{"key":"Content-Type","value":"application/json"}],"body":"{\n  \"messages\": [\n    {\n      \"errorCode\": \"in laboris cillum et sunt\",\n      \"type\": \"ea sunt\",\n      \"title\": \"mollit et sed\",\n      \"detail\": \"anim ut\",\n      \"instance\": \"enim cupidatat sit\"\n    },\n    {\n      \"errorCode\": \"est l\",\n      \"type\": \"dolore\",\n      \"title\": \"tempor fugiat incididunt quis\",\n      \"detail\": \"ad commodo amet id mollit\",\n      \"instance\": \"fugiat paria\"\n    }\n  ]\n}","cookie":[],"_postman_previewlanguage":"json"},{"id":"e98cbe3c-1d19-4713-9509-e0027ef18394","name":"Unsupported Media Type","originalRequest":{"url":{"path":["AccountProcessing","V1","Agreement",":agreementId","InterestDetails","Request"],"host":["{{baseUrl}}"],"query":[],"variable":[{"disabled":false,"type":"any","value":"<string>","key":"agreementId","description":"(Required) Agreement Id"}]},"header":[{"disabled":false,"description":"(Required) Financial Institution Identification","key":"fi-id","value":"<string>"},{"disabled":false,"description":"Brand Identification","key":"brand-id","value":"<string>"},{"key":"Accept","value":"application/json"}],"method":"GET","body":{}},"status":"Unsupported Media Type","code":415,"header":[{"key":"Content-Type","value":"application/json"}],"body":"{\n  \"messages\": [\n    {\n      \"errorCode\": \"in laboris cillum et sunt\",\n      \"type\": \"ea sunt\",\n      \"title\": \"mollit et sed\",\n      \"detail\": \"anim ut\",\n      \"instance\": \"enim cupidatat sit\"\n    },\n    {\n      \"errorCode\": \"est l\",\n      \"type\": \"dolore\",\n      \"title\": \"tempor fugiat incididunt quis\",\n      \"detail\": \"ad commodo amet id mollit\",\n      \"instance\": \"fugiat paria\"\n    }\n  ]\n}","cookie":[],"_postman_previewlanguage":"json"},{"id":"eb25ec36-3721-4340-b77b-bd09230269aa","name":"Unprocessable Entity","originalRequest":{"url":{"path":["AccountProcessing","V1","Agreement",":agreementId","InterestDetails","Request"],"host":["{{baseUrl}}"],"query":[],"variable":[{"disabled":false,"type":"any","value":"<string>","key":"agreementId","description":"(Required) Agreement Id"}]},"header":[{"disabled":false,"description":"(Required) Financial Institution Identification","key":"fi-id","value":"<string>"},{"disabled":false,"description":"Brand Identification","key":"brand-id","value":"<string>"},{"key":"Accept","value":"application/json"}],"method":"GET","body":{}},"status":"Unprocessable Entity (WebDAV) (RFC 4918)","code":422,"header":[{"key":"Content-Type","value":"application/json"}],"body":"{\n  \"messages\": [\n    {\n      \"errorCode\": \"in laboris cillum et sunt\",\n      \"type\": \"ea sunt\",\n      \"title\": \"mollit et sed\",\n      \"detail\": \"anim ut\",\n      \"instance\": \"enim cupidatat sit\"\n    },\n    {\n      \"errorCode\": \"est l\",\n      \"type\": \"dolore\",\n      \"title\": \"tempor fugiat incididunt quis\",\n      \"detail\": \"ad commodo amet id mollit\",\n      \"instance\": \"fugiat paria\"\n    }\n  ]\n}","cookie":[],"_postman_previewlanguage":"json"},{"id":"9aa1edd0-893d-4dea-b641-a8d13184f886","name":"Internal Server Error","originalRequest":{"url":{"path":["AccountProcessing","V1","Agreement",":agreementId","InterestDetails","Request"],"host":["{{baseUrl}}"],"query":[],"variable":[{"disabled":false,"type":"any","value":"<string>","key":"agreementId","description":"(Required) Agreement Id"}]},"header":[{"disabled":false,"description":"(Required) Financial Institution Identification","key":"fi-id","value":"<string>"},{"disabled":false,"description":"Brand Identification","key":"brand-id","value":"<string>"},{"key":"Accept","value":"application/json"}],"method":"GET","body":{}},"status":"Too Many Requests","code":429,"header":[{"key":"Content-Type","value":"application/json"}],"body":"{\n  \"messages\": [\n    {\n      \"errorCode\": \"in laboris cillum et sunt\",\n      \"type\": \"ea sunt\",\n      \"title\": \"mollit et sed\",\n      \"detail\": \"anim ut\",\n      \"instance\": \"enim cupidatat sit\"\n    },\n    {\n      \"errorCode\": \"est l\",\n      \"type\": \"dolore\",\n      \"title\": \"tempor fugiat incididunt quis\",\n      \"detail\": \"ad commodo amet id mollit\",\n      \"instance\": \"fugiat paria\"\n    }\n  ]\n}","cookie":[],"_postman_previewlanguage":"json"},{"id":"912fa64e-ba9b-4ee7-af98-41b5d50544c5","name":"Internal Server Error <br/><br/> <b>Error codes list:</b><br/><ul><li><em>HLXPNKPGT003 : Error Retrieving the Interest Facilities.</em></li></ul>","originalRequest":{"url":{"path":["AccountProcessing","V1","Agreement",":agreementId","InterestDetails","Request"],"host":["{{baseUrl}}"],"query":[],"variable":[{"disabled":false,"type":"any","value":"<string>","key":"agreementId","description":"(Required) Agreement Id"}]},"header":[{"disabled":false,"description":"(Required) Financial Institution Identification","key":"fi-id","value":"<string>"},{"disabled":false,"description":"Brand Identification","key":"brand-id","value":"<string>"},{"key":"Accept","value":"application/json"}],"method":"GET","body":{}},"status":"Internal Server Error","code":500,"header":[{"key":"Content-Type","value":"application/json"}],"body":"{\n  \"messages\": [\n    {\n      \"errorCode\": \"in laboris cillum et sunt\",\n      \"type\": \"ea sunt\",\n      \"title\": \"mollit et sed\",\n      \"detail\": \"anim ut\",\n      \"instance\": \"enim cupidatat sit\"\n    },\n    {\n      \"errorCode\": \"est l\",\n      \"type\": \"dolore\",\n      \"title\": \"tempor fugiat incididunt quis\",\n      \"detail\": \"ad commodo amet id mollit\",\n      \"instance\": \"fugiat paria\"\n    }\n  ]\n}","cookie":[],"_postman_previewlanguage":"json"},{"id":"f1e6ef75-4334-4f8a-b17c-8516763a22d4","name":"Bad Gateway","originalRequest":{"url":{"path":["AccountProcessing","V1","Agreement",":agreementId","InterestDetails","Request"],"host":["{{baseUrl}}"],"query":[],"variable":[{"disabled":false,"type":"any","value":"<string>","key":"agreementId","description":"(Required) Agreement Id"}]},"header":[{"disabled":false,"description":"(Required) Financial Institution Identification","key":"fi-id","value":"<string>"},{"disabled":false,"description":"Brand Identification","key":"brand-id","value":"<string>"},{"key":"Accept","value":"application/json"}],"method":"GET","body":{}},"status":"Bad Gateway","code":502,"header":[{"key":"Content-Type","value":"application/json"}],"body":"{\n  \"messages\": [\n    {\n      \"errorCode\": \"in laboris cillum et sunt\",\n      \"type\": \"ea sunt\",\n      \"title\": \"mollit et sed\",\n      \"detail\": \"anim ut\",\n      \"instance\": \"enim cupidatat sit\"\n    },\n    {\n      \"errorCode\": \"est l\",\n      \"type\": \"dolore\",\n      \"title\": \"tempor fugiat incididunt quis\",\n      \"detail\": \"ad commodo amet id mollit\",\n      \"instance\": \"fugiat paria\"\n    }\n  ]\n}","cookie":[],"_postman_previewlanguage":"json"},{"id":"2d165a24-61d3-400e-a7d9-71d5e45d5c9d","name":"Service Unavailable","originalRequest":{"url":{"path":["AccountProcessing","V1","Agreement",":agreementId","InterestDetails","Request"],"host":["{{baseUrl}}"],"query":[],"variable":[{"disabled":false,"type":"any","value":"<string>","key":"agreementId","description":"(Required) Agreement Id"}]},"header":[{"disabled":false,"description":"(Required) Financial Institution Identification","key":"fi-id","value":"<string>"},{"disabled":false,"description":"Brand Identification","key":"brand-id","value":"<string>"},{"key":"Accept","value":"application/json"}],"method":"GET","body":{}},"status":"Service Unavailable","code":503,"header":[{"key":"Content-Type","value":"application/json"}],"body":"{\n  \"messages\": [\n    {\n      \"errorCode\": \"in laboris cillum et sunt\",\n      \"type\": \"ea sunt\",\n      \"title\": \"mollit et sed\",\n      \"detail\": \"anim ut\",\n      \"instance\": \"enim cupidatat sit\"\n    },\n    {\n      \"errorCode\": \"est l\",\n      \"type\": \"dolore\",\n      \"title\": \"tempor fugiat incididunt quis\",\n      \"detail\": \"ad commodo amet id mollit\",\n      \"instance\": \"fugiat paria\"\n    }\n  ]\n}","cookie":[],"_postman_previewlanguage":"json"},{"id":"66e11eed-27bc-4990-9704-38f367c0a74c","name":"Gateway Timeout","originalRequest":{"url":{"path":["AccountProcessing","V1","Agreement",":agreementId","InterestDetails","Request"],"host":["{{baseUrl}}"],"query":[],"variable":[{"disabled":false,"type":"any","value":"<string>","key":"agreementId","description":"(Required) Agreement Id"}]},"header":[{"disabled":false,"description":"(Required) Financial Institution Identification","key":"fi-id","value":"<string>"},{"disabled":false,"description":"Brand Identification","key":"brand-id","value":"<string>"},{"key":"Accept","value":"application/json"}],"method":"GET","body":{}},"status":"Gateway Timeout","code":504,"header":[{"key":"Content-Type","value":"application/json"}],"body":"{\n  \"messages\": [\n    {\n      \"errorCode\": \"in laboris cillum et sunt\",\n      \"type\": \"ea sunt\",\n      \"title\": \"mollit et sed\",\n      \"detail\": \"anim ut\",\n      \"instance\": \"enim cupidatat sit\"\n    },\n    {\n      \"errorCode\": \"est l\",\n      \"type\": \"dolore\",\n      \"title\": \"tempor fugiat incididunt quis\",\n      \"detail\": \"ad commodo amet id mollit\",\n      \"instance\": \"fugiat paria\"\n    }\n  ]\n}","cookie":[],"_postman_previewlanguage":"json"}],"event":[],"protocolProfileBehavior":{"disableBodyPruning":true}},{"id":"d8652656-b721-4012-8a3d-390989dbfbd2","name":"The API is used to inquire minimum due amount and payment due date.","request":{"name":"The API is used to inquire minimum due amount and payment due date.","description":{"content":"This API allows a user to inquire about the outstanding payment due amounts and payment due date for a given account, using AgreementID. This API is relevant for credit product accounts only.","type":"text/plain"},"url":{"path":["AccountProcessing","V1","Agreement",":agreementId","OutstandingRepaymentAmount","Retrieve"],"host":["{{baseUrl}}"],"query":[],"variable":[{"disabled":false,"type":"any","value":"<string>","key":"agreementId","description":"(Required) Agreement Id"}]},"header":[{"disabled":false,"description":"(Required) Financial Institution Identification","key":"fi-id","value":"<string>"},{"disabled":false,"description":"Brand Identification","key":"brand-id","value":"<string>"},{"key":"Accept","value":"application/json"}],"method":"GET","auth":null},"response":[{"id":"064cf516-5696-4103-9500-2346e80fae97","name":"OK","originalRequest":{"url":{"path":["AccountProcessing","V1","Agreement",":agreementId","OutstandingRepaymentAmount","Retrieve"],"host":["{{baseUrl}}"],"query":[],"variable":[{"disabled":false,"type":"any","value":"<string>","key":"agreementId","description":"(Required) Agreement Id"}]},"header":[{"disabled":false,"description":"(Required) Financial Institution Identification","key":"fi-id","value":"<string>"},{"disabled":false,"description":"Brand Identification","key":"brand-id","value":"<string>"},{"key":"Accept","value":"application/json"}],"method":"GET","body":{}},"status":"OK","code":200,"header":[{"key":"Content-Type","value":"application/json"}],"body":"{\n  \"AgreementId\": \"cupidatat eiusmod eu Lorem\",\n  \"BillingDate\": \"Lorem eu ex est\",\n  \"PaymentDueDate\": \"tempor qui consequat\",\n  \"CurrentDueAmount\": {\n    \"Value\": \"eiusmod qui in sint Ut\",\n    \"Currency\": \"aliqua\"\n  },\n  \"TotalDueAmount\": {\n    \"Value\": \"in quis irure ullamco nulla\",\n    \"Currency\": \"eu in sit\"\n  }\n}","cookie":[],"_postman_previewlanguage":"json"},{"id":"97781d19-c0cf-4ddd-a0b8-5358d31b1d4a","name":"Bad Request <br/><br/> <b>Error codes list:</b><br/><ul><li><em>HLXPNKPBR001 : Account Number is invalid, please provide valid value.</em></li></ul>","originalRequest":{"url":{"path":["AccountProcessing","V1","Agreement",":agreementId","OutstandingRepaymentAmount","Retrieve"],"host":["{{baseUrl}}"],"query":[],"variable":[{"disabled":false,"type":"any","value":"<string>","key":"agreementId","description":"(Required) Agreement Id"}]},"header":[{"disabled":false,"description":"(Required) Financial Institution Identification","key":"fi-id","value":"<string>"},{"disabled":false,"description":"Brand Identification","key":"brand-id","value":"<string>"},{"key":"Accept","value":"application/json"}],"method":"GET","body":{}},"status":"Bad Request","code":400,"header":[{"key":"Content-Type","value":"application/json"}],"body":"{\n  \"messages\": [\n    {\n      \"errorCode\": \"in laboris cillum et sunt\",\n      \"type\": \"ea sunt\",\n      \"title\": \"mollit et sed\",\n      \"detail\": \"anim ut\",\n      \"instance\": \"enim cupidatat sit\"\n    },\n    {\n      \"errorCode\": \"est l\",\n      \"type\": \"dolore\",\n      \"title\": \"tempor fugiat incididunt quis\",\n      \"detail\": \"ad commodo amet id mollit\",\n      \"instance\": \"fugiat paria\"\n    }\n  ]\n}","cookie":[],"_postman_previewlanguage":"json"},{"id":"af03da0f-6b0a-466b-9a63-410ecadb4950","name":"Not Authorized","originalRequest":{"url":{"path":["AccountProcessing","V1","Agreement",":agreementId","OutstandingRepaymentAmount","Retrieve"],"host":["{{baseUrl}}"],"query":[],"variable":[{"disabled":false,"type":"any","value":"<string>","key":"agreementId","description":"(Required) Agreement Id"}]},"header":[{"disabled":false,"description":"(Required) Financial Institution Identification","key":"fi-id","value":"<string>"},{"disabled":false,"description":"Brand Identification","key":"brand-id","value":"<string>"},{"key":"Accept","value":"application/json"}],"method":"GET","body":{}},"status":"Unauthorized","code":401,"header":[{"key":"Content-Type","value":"application/json"}],"body":"{\n  \"messages\": [\n    {\n      \"errorCode\": \"in laboris cillum et sunt\",\n      \"type\": \"ea sunt\",\n      \"title\": \"mollit et sed\",\n      \"detail\": \"anim ut\",\n      \"instance\": \"enim cupidatat sit\"\n    },\n    {\n      \"errorCode\": \"est l\",\n      \"type\": \"dolore\",\n      \"title\": \"tempor fugiat incididunt quis\",\n      \"detail\": \"ad commodo amet id mollit\",\n      \"instance\": \"fugiat paria\"\n    }\n  ]\n}","cookie":[],"_postman_previewlanguage":"json"},{"id":"f4d7373a-72a0-41a1-89bc-ee64d4421886","name":"Forbidden","originalRequest":{"url":{"path":["AccountProcessing","V1","Agreement",":agreementId","OutstandingRepaymentAmount","Retrieve"],"host":["{{baseUrl}}"],"query":[],"variable":[{"disabled":false,"type":"any","value":"<string>","key":"agreementId","description":"(Required) Agreement Id"}]},"header":[{"disabled":false,"description":"(Required) Financial Institution Identification","key":"fi-id","value":"<string>"},{"disabled":false,"description":"Brand Identification","key":"brand-id","value":"<string>"},{"key":"Accept","value":"application/json"}],"method":"GET","body":{}},"status":"Forbidden","code":403,"header":[{"key":"Content-Type","value":"application/json"}],"body":"{\n  \"messages\": [\n    {\n      \"errorCode\": \"in laboris cillum et sunt\",\n      \"type\": \"ea sunt\",\n      \"title\": \"mollit et sed\",\n      \"detail\": \"anim ut\",\n      \"instance\": \"enim cupidatat sit\"\n    },\n    {\n      \"errorCode\": \"est l\",\n      \"type\": \"dolore\",\n      \"title\": \"tempor fugiat incididunt quis\",\n      \"detail\": \"ad commodo amet id mollit\",\n      \"instance\": \"fugiat paria\"\n    }\n  ]\n}","cookie":[],"_postman_previewlanguage":"json"},{"id":"bd2ee2ed-cc5c-4deb-b301-34c08f76fad4","name":"Not Found","originalRequest":{"url":{"path":["AccountProcessing","V1","Agreement",":agreementId","OutstandingRepaymentAmount","Retrieve"],"host":["{{baseUrl}}"],"query":[],"variable":[{"disabled":false,"type":"any","value":"<string>","key":"agreementId","description":"(Required) Agreement Id"}]},"header":[{"disabled":false,"description":"(Required) Financial Institution Identification","key":"fi-id","value":"<string>"},{"disabled":false,"description":"Brand Identification","key":"brand-id","value":"<string>"},{"key":"Accept","value":"application/json"}],"method":"GET","body":{}},"status":"Not Found","code":404,"header":[{"key":"Content-Type","value":"application/json"}],"body":"{\n  \"messages\": [\n    {\n      \"errorCode\": \"in laboris cillum et sunt\",\n      \"type\": \"ea sunt\",\n      \"title\": \"mollit et sed\",\n      \"detail\": \"anim ut\",\n      \"instance\": \"enim cupidatat sit\"\n    },\n    {\n      \"errorCode\": \"est l\",\n      \"type\": \"dolore\",\n      \"title\": \"tempor fugiat incididunt quis\",\n      \"detail\": \"ad commodo amet id mollit\",\n      \"instance\": \"fugiat paria\"\n    }\n  ]\n}","cookie":[],"_postman_previewlanguage":"json"},{"id":"24a6c87e-f6ee-4f48-ae7c-971facf87bde","name":"Unsupported Media Type","originalRequest":{"url":{"path":["AccountProcessing","V1","Agreement",":agreementId","OutstandingRepaymentAmount","Retrieve"],"host":["{{baseUrl}}"],"query":[],"variable":[{"disabled":false,"type":"any","value":"<string>","key":"agreementId","description":"(Required) Agreement Id"}]},"header":[{"disabled":false,"description":"(Required) Financial Institution Identification","key":"fi-id","value":"<string>"},{"disabled":false,"description":"Brand Identification","key":"brand-id","value":"<string>"},{"key":"Accept","value":"application/json"}],"method":"GET","body":{}},"status":"Unsupported Media Type","code":415,"header":[{"key":"Content-Type","value":"application/json"}],"body":"{\n  \"messages\": [\n    {\n      \"errorCode\": \"in laboris cillum et sunt\",\n      \"type\": \"ea sunt\",\n      \"title\": \"mollit et sed\",\n      \"detail\": \"anim ut\",\n      \"instance\": \"enim cupidatat sit\"\n    },\n    {\n      \"errorCode\": \"est l\",\n      \"type\": \"dolore\",\n      \"title\": \"tempor fugiat incididunt quis\",\n      \"detail\": \"ad commodo amet id mollit\",\n      \"instance\": \"fugiat paria\"\n    }\n  ]\n}","cookie":[],"_postman_previewlanguage":"json"},{"id":"adef9674-5a7a-40f2-993f-dacf6b6295f5","name":"Unprocessable Entity","originalRequest":{"url":{"path":["AccountProcessing","V1","Agreement",":agreementId","OutstandingRepaymentAmount","Retrieve"],"host":["{{baseUrl}}"],"query":[],"variable":[{"disabled":false,"type":"any","value":"<string>","key":"agreementId","description":"(Required) Agreement Id"}]},"header":[{"disabled":false,"description":"(Required) Financial Institution Identification","key":"fi-id","value":"<string>"},{"disabled":false,"description":"Brand Identification","key":"brand-id","value":"<string>"},{"key":"Accept","value":"application/json"}],"method":"GET","body":{}},"status":"Unprocessable Entity (WebDAV) (RFC 4918)","code":422,"header":[{"key":"Content-Type","value":"application/json"}],"body":"{\n  \"messages\": [\n    {\n      \"errorCode\": \"in laboris cillum et sunt\",\n      \"type\": \"ea sunt\",\n      \"title\": \"mollit et sed\",\n      \"detail\": \"anim ut\",\n      \"instance\": \"enim cupidatat sit\"\n    },\n    {\n      \"errorCode\": \"est l\",\n      \"type\": \"dolore\",\n      \"title\": \"tempor fugiat incididunt quis\",\n      \"detail\": \"ad commodo amet id mollit\",\n      \"instance\": \"fugiat paria\"\n    }\n  ]\n}","cookie":[],"_postman_previewlanguage":"json"},{"id":"136ab9a4-a48b-4561-b42b-5e274509bb0e","name":"Internal Server Error","originalRequest":{"url":{"path":["AccountProcessing","V1","Agreement",":agreementId","OutstandingRepaymentAmount","Retrieve"],"host":["{{baseUrl}}"],"query":[],"variable":[{"disabled":false,"type":"any","value":"<string>","key":"agreementId","description":"(Required) Agreement Id"}]},"header":[{"disabled":false,"description":"(Required) Financial Institution Identification","key":"fi-id","value":"<string>"},{"disabled":false,"description":"Brand Identification","key":"brand-id","value":"<string>"},{"key":"Accept","value":"application/json"}],"method":"GET","body":{}},"status":"Too Many Requests","code":429,"header":[{"key":"Content-Type","value":"application/json"}],"body":"{\n  \"messages\": [\n    {\n      \"errorCode\": \"in laboris cillum et sunt\",\n      \"type\": \"ea sunt\",\n      \"title\": \"mollit et sed\",\n      \"detail\": \"anim ut\",\n      \"instance\": \"enim cupidatat sit\"\n    },\n    {\n      \"errorCode\": \"est l\",\n      \"type\": \"dolore\",\n      \"title\": \"tempor fugiat incididunt quis\",\n      \"detail\": \"ad commodo amet id mollit\",\n      \"instance\": \"fugiat paria\"\n    }\n  ]\n}","cookie":[],"_postman_previewlanguage":"json"},{"id":"79cb2ab5-3845-4d68-89a0-882fa51b4a00","name":"Internal Server Error <br/><br/> <b>Error codes list:</b><br/><ul><li><em>HLXPNKPGT001 : Error Retrieving the Account Repayment Details.</em></li></ul>","originalRequest":{"url":{"path":["AccountProcessing","V1","Agreement",":agreementId","OutstandingRepaymentAmount","Retrieve"],"host":["{{baseUrl}}"],"query":[],"variable":[{"disabled":false,"type":"any","value":"<string>","key":"agreementId","description":"(Required) Agreement Id"}]},"header":[{"disabled":false,"description":"(Required) Financial Institution Identification","key":"fi-id","value":"<string>"},{"disabled":false,"description":"Brand Identification","key":"brand-id","value":"<string>"},{"key":"Accept","value":"application/json"}],"method":"GET","body":{}},"status":"Internal Server Error","code":500,"header":[{"key":"Content-Type","value":"application/json"}],"body":"{\n  \"messages\": [\n    {\n      \"errorCode\": \"in laboris cillum et sunt\",\n      \"type\": \"ea sunt\",\n      \"title\": \"mollit et sed\",\n      \"detail\": \"anim ut\",\n      \"instance\": \"enim cupidatat sit\"\n    },\n    {\n      \"errorCode\": \"est l\",\n      \"type\": \"dolore\",\n      \"title\": \"tempor fugiat incididunt quis\",\n      \"detail\": \"ad commodo amet id mollit\",\n      \"instance\": \"fugiat paria\"\n    }\n  ]\n}","cookie":[],"_postman_previewlanguage":"json"},{"id":"dc6ffd19-70ee-4c27-bbf7-82914033b55f","name":"Bad Gateway","originalRequest":{"url":{"path":["AccountProcessing","V1","Agreement",":agreementId","OutstandingRepaymentAmount","Retrieve"],"host":["{{baseUrl}}"],"query":[],"variable":[{"disabled":false,"type":"any","value":"<string>","key":"agreementId","description":"(Required) Agreement Id"}]},"header":[{"disabled":false,"description":"(Required) Financial Institution Identification","key":"fi-id","value":"<string>"},{"disabled":false,"description":"Brand Identification","key":"brand-id","value":"<string>"},{"key":"Accept","value":"application/json"}],"method":"GET","body":{}},"status":"Bad Gateway","code":502,"header":[{"key":"Content-Type","value":"application/json"}],"body":"{\n  \"messages\": [\n    {\n      \"errorCode\": \"in laboris cillum et sunt\",\n      \"type\": \"ea sunt\",\n      \"title\": \"mollit et sed\",\n      \"detail\": \"anim ut\",\n      \"instance\": \"enim cupidatat sit\"\n    },\n    {\n      \"errorCode\": \"est l\",\n      \"type\": \"dolore\",\n      \"title\": \"tempor fugiat incididunt quis\",\n      \"detail\": \"ad commodo amet id mollit\",\n      \"instance\": \"fugiat paria\"\n    }\n  ]\n}","cookie":[],"_postman_previewlanguage":"json"},{"id":"6a337dcc-95e2-4946-9dba-e063210ad2ba","name":"Service Unavailable","originalRequest":{"url":{"path":["AccountProcessing","V1","Agreement",":agreementId","OutstandingRepaymentAmount","Retrieve"],"host":["{{baseUrl}}"],"query":[],"variable":[{"disabled":false,"type":"any","value":"<string>","key":"agreementId","description":"(Required) Agreement Id"}]},"header":[{"disabled":false,"description":"(Required) Financial Institution Identification","key":"fi-id","value":"<string>"},{"disabled":false,"description":"Brand Identification","key":"brand-id","value":"<string>"},{"key":"Accept","value":"application/json"}],"method":"GET","body":{}},"status":"Service Unavailable","code":503,"header":[{"key":"Content-Type","value":"application/json"}],"body":"{\n  \"messages\": [\n    {\n      \"errorCode\": \"in laboris cillum et sunt\",\n      \"type\": \"ea sunt\",\n      \"title\": \"mollit et sed\",\n      \"detail\": \"anim ut\",\n      \"instance\": \"enim cupidatat sit\"\n    },\n    {\n      \"errorCode\": \"est l\",\n      \"type\": \"dolore\",\n      \"title\": \"tempor fugiat incididunt quis\",\n      \"detail\": \"ad commodo amet id mollit\",\n      \"instance\": \"fugiat paria\"\n    }\n  ]\n}","cookie":[],"_postman_previewlanguage":"json"},{"id":"e27ec94e-1cdf-4a58-9a3c-f640e58fe1c9","name":"Gateway Timeout","originalRequest":{"url":{"path":["AccountProcessing","V1","Agreement",":agreementId","OutstandingRepaymentAmount","Retrieve"],"host":["{{baseUrl}}"],"query":[],"variable":[{"disabled":false,"type":"any","value":"<string>","key":"agreementId","description":"(Required) Agreement Id"}]},"header":[{"disabled":false,"description":"(Required) Financial Institution Identification","key":"fi-id","value":"<string>"},{"disabled":false,"description":"Brand Identification","key":"brand-id","value":"<string>"},{"key":"Accept","value":"application/json"}],"method":"GET","body":{}},"status":"Gateway Timeout","code":504,"header":[{"key":"Content-Type","value":"application/json"}],"body":"{\n  \"messages\": [\n    {\n      \"errorCode\": \"in laboris cillum et sunt\",\n      \"type\": \"ea sunt\",\n      \"title\": \"mollit et sed\",\n      \"detail\": \"anim ut\",\n      \"instance\": \"enim cupidatat sit\"\n    },\n    {\n      \"errorCode\": \"est l\",\n      \"type\": \"dolore\",\n      \"title\": \"tempor fugiat incididunt quis\",\n      \"detail\": \"ad commodo amet id mollit\",\n      \"instance\": \"fugiat paria\"\n    }\n  ]\n}","cookie":[],"_postman_previewlanguage":"json"}],"event":[],"protocolProfileBehavior":{"disableBodyPruning":true}},{"id":"a9a33970-cb8c-4a50-b1b1-2b4106002c3c","name":"The API is used to retrieve all the StatementedDates with Statement Summary information ","request":{"name":"The API is used to retrieve all the StatementedDates with Statement Summary information ","description":{"content":"The API is used to retrieve all the StatementedDates with Statement Summary information ","type":"text/plain"},"url":{"path":["AccountProcessing","V1","Agreement",":agreementId","StatementedDatesWithSummary","Retrieve"],"host":["{{baseUrl}}"],"query":[],"variable":[{"disabled":false,"type":"any","value":"<string>","key":"agreementId","description":"(Required) Agreement Id"}]},"header":[{"disabled":false,"description":"(Required) Financial Institution Identification","key":"fi-id","value":"<string>"},{"disabled":false,"description":"Brand Identification","key":"brand-id","value":"<string>"},{"key":"Accept","value":"application/json"}],"method":"GET","auth":null},"response":[{"id":"975a3915-0003-46fb-bf01-4caf645741ff","name":"OK","originalRequest":{"url":{"path":["AccountProcessing","V1","Agreement",":agreementId","StatementedDatesWithSummary","Retrieve"],"host":["{{baseUrl}}"],"query":[],"variable":[{"disabled":false,"type":"any","value":"<string>","key":"agreementId","description":"(Required) Agreement Id"}]},"header":[{"disabled":false,"description":"(Required) Financial Institution Identification","key":"fi-id","value":"<string>"},{"disabled":false,"description":"Brand Identification","key":"brand-id","value":"<string>"},{"key":"Accept","value":"application/json"}],"method":"GET","body":{}},"status":"OK","code":200,"header":[{"key":"Content-Type","value":"application/json"}],"body":"[\n  {\n    \"StatementDate\": \"tempor ad velit occaecat\",\n    \"PaymentDueDate\": \"irure adipisicing non\",\n    \"PeriodStartDate\": \"nostrud tempor\",\n    \"PeriodEndDate\": \"qui proident et aliquip\",\n    \"NextStatementDate\": \"ipsum aliqua elit amet\",\n    \"CurrentDueAmount\": {\n      \"Value\": \"nostrud labore esse in deserunt\",\n      \"Currency\": \"et nulla cupidatat\"\n    },\n    \"pastDueAmount\": {\n      \"Value\": \"reprehenderit qu\",\n      \"Currency\": \"mollit\"\n    },\n    \"TotalDueAmount\": {\n      \"Value\": \"qui esse v\",\n      \"Currency\": \"id Duis\"\n    },\n    \"OpeningBalanceAmount\": {\n      \"Value\": \"ex officia Excepteur\",\n      \"Currency\": \"cupidatat aute n\"\n    },\n    \"ClosingBalanceAmount\": {\n      \"Value\": \"dolore Excepteur labore\",\n      \"Currency\": \"dolore Excepteur magna\"\n    }\n  },\n  {\n    \"StatementDate\": \"qui ve\",\n    \"PaymentDueDate\": \"anim do voluptate officia dolore\",\n    \"PeriodStartDate\": \"ut in\",\n    \"PeriodEndDate\": \"Ut anim\",\n    \"NextStatementDate\": \"nulla Duis ullamco adipisicing exercitation\",\n    \"CurrentDueAmount\": {\n      \"Value\": \"incididunt dolor\",\n      \"Currency\": \"deserunt reprehe\"\n    },\n    \"pastDueAmount\": {\n      \"Value\": \"nulla et com\",\n      \"Currency\": \"nisi do commodo tempor\"\n    },\n    \"TotalDueAmount\": {\n      \"Value\": \"id proident\",\n      \"Currency\": \"exercitation proident do\"\n    },\n    \"OpeningBalanceAmount\": {\n      \"Value\": \"enim Lorem voluptate quis\",\n      \"Currency\": \"culpa reprehenderit pariatur veniam sunt\"\n    },\n    \"ClosingBalanceAmount\": {\n      \"Value\": \"commodo eu id irure\",\n      \"Currency\": \"in ex consequat amet enim\"\n    }\n  }\n]","cookie":[],"_postman_previewlanguage":"json"},{"id":"76aad1e6-72b6-4033-8fde-1ed5d4903481","name":"Bad Request <br/><br/> <b>Error codes list:</b><br/><ul><li><em>HLXACPRBR001 : Account Number is invalid, please provide valid value.</em></li><li><em>HLXACPRBR001 : Account Number exceeds maximum 37 length allowed.</em></li></ul>","originalRequest":{"url":{"path":["AccountProcessing","V1","Agreement",":agreementId","StatementedDatesWithSummary","Retrieve"],"host":["{{baseUrl}}"],"query":[],"variable":[{"disabled":false,"type":"any","value":"<string>","key":"agreementId","description":"(Required) Agreement Id"}]},"header":[{"disabled":false,"description":"(Required) Financial Institution Identification","key":"fi-id","value":"<string>"},{"disabled":false,"description":"Brand Identification","key":"brand-id","value":"<string>"},{"key":"Accept","value":"application/json"}],"method":"GET","body":{}},"status":"Bad Request","code":400,"header":[{"key":"Content-Type","value":"application/json"}],"body":"{\n  \"messages\": [\n    {\n      \"errorCode\": \"in laboris cillum et sunt\",\n      \"type\": \"ea sunt\",\n      \"title\": \"mollit et sed\",\n      \"detail\": \"anim ut\",\n      \"instance\": \"enim cupidatat sit\"\n    },\n    {\n      \"errorCode\": \"est l\",\n      \"type\": \"dolore\",\n      \"title\": \"tempor fugiat incididunt quis\",\n      \"detail\": \"ad commodo amet id mollit\",\n      \"instance\": \"fugiat paria\"\n    }\n  ]\n}","cookie":[],"_postman_previewlanguage":"json"},{"id":"34e9f590-932e-4a79-8f1d-69e273c1ec65","name":"Not Authorized","originalRequest":{"url":{"path":["AccountProcessing","V1","Agreement",":agreementId","StatementedDatesWithSummary","Retrieve"],"host":["{{baseUrl}}"],"query":[],"variable":[{"disabled":false,"type":"any","value":"<string>","key":"agreementId","description":"(Required) Agreement Id"}]},"header":[{"disabled":false,"description":"(Required) Financial Institution Identification","key":"fi-id","value":"<string>"},{"disabled":false,"description":"Brand Identification","key":"brand-id","value":"<string>"},{"key":"Accept","value":"application/json"}],"method":"GET","body":{}},"status":"Unauthorized","code":401,"header":[{"key":"Content-Type","value":"application/json"}],"body":"{\n  \"messages\": [\n    {\n      \"errorCode\": \"in laboris cillum et sunt\",\n      \"type\": \"ea sunt\",\n      \"title\": \"mollit et sed\",\n      \"detail\": \"anim ut\",\n      \"instance\": \"enim cupidatat sit\"\n    },\n    {\n      \"errorCode\": \"est l\",\n      \"type\": \"dolore\",\n      \"title\": \"tempor fugiat incididunt quis\",\n      \"detail\": \"ad commodo amet id mollit\",\n      \"instance\": \"fugiat paria\"\n    }\n  ]\n}","cookie":[],"_postman_previewlanguage":"json"},{"id":"a2acd7b3-2b6c-4896-a6cb-c119027bb935","name":"Forbidden","originalRequest":{"url":{"path":["AccountProcessing","V1","Agreement",":agreementId","StatementedDatesWithSummary","Retrieve"],"host":["{{baseUrl}}"],"query":[],"variable":[{"disabled":false,"type":"any","value":"<string>","key":"agreementId","description":"(Required) Agreement Id"}]},"header":[{"disabled":false,"description":"(Required) Financial Institution Identification","key":"fi-id","value":"<string>"},{"disabled":false,"description":"Brand Identification","key":"brand-id","value":"<string>"},{"key":"Accept","value":"application/json"}],"method":"GET","body":{}},"status":"Forbidden","code":403,"header":[{"key":"Content-Type","value":"application/json"}],"body":"{\n  \"messages\": [\n    {\n      \"errorCode\": \"in laboris cillum et sunt\",\n      \"type\": \"ea sunt\",\n      \"title\": \"mollit et sed\",\n      \"detail\": \"anim ut\",\n      \"instance\": \"enim cupidatat sit\"\n    },\n    {\n      \"errorCode\": \"est l\",\n      \"type\": \"dolore\",\n      \"title\": \"tempor fugiat incididunt quis\",\n      \"detail\": \"ad commodo amet id mollit\",\n      \"instance\": \"fugiat paria\"\n    }\n  ]\n}","cookie":[],"_postman_previewlanguage":"json"},{"id":"447fd8ac-35fb-4def-89bc-7aa38c16cf6c","name":"Not Found","originalRequest":{"url":{"path":["AccountProcessing","V1","Agreement",":agreementId","StatementedDatesWithSummary","Retrieve"],"host":["{{baseUrl}}"],"query":[],"variable":[{"disabled":false,"type":"any","value":"<string>","key":"agreementId","description":"(Required) Agreement Id"}]},"header":[{"disabled":false,"description":"(Required) Financial Institution Identification","key":"fi-id","value":"<string>"},{"disabled":false,"description":"Brand Identification","key":"brand-id","value":"<string>"},{"key":"Accept","value":"application/json"}],"method":"GET","body":{}},"status":"Not Found","code":404,"header":[{"key":"Content-Type","value":"application/json"}],"body":"{\n  \"messages\": [\n    {\n      \"errorCode\": \"in laboris cillum et sunt\",\n      \"type\": \"ea sunt\",\n      \"title\": \"mollit et sed\",\n      \"detail\": \"anim ut\",\n      \"instance\": \"enim cupidatat sit\"\n    },\n    {\n      \"errorCode\": \"est l\",\n      \"type\": \"dolore\",\n      \"title\": \"tempor fugiat incididunt quis\",\n      \"detail\": \"ad commodo amet id mollit\",\n      \"instance\": \"fugiat paria\"\n    }\n  ]\n}","cookie":[],"_postman_previewlanguage":"json"},{"id":"ede15151-d442-495b-bd1f-50e0a6d486c2","name":"Unsupported Media Type","originalRequest":{"url":{"path":["AccountProcessing","V1","Agreement",":agreementId","StatementedDatesWithSummary","Retrieve"],"host":["{{baseUrl}}"],"query":[],"variable":[{"disabled":false,"type":"any","value":"<string>","key":"agreementId","description":"(Required) Agreement Id"}]},"header":[{"disabled":false,"description":"(Required) Financial Institution Identification","key":"fi-id","value":"<string>"},{"disabled":false,"description":"Brand Identification","key":"brand-id","value":"<string>"},{"key":"Accept","value":"application/json"}],"method":"GET","body":{}},"status":"Unsupported Media Type","code":415,"header":[{"key":"Content-Type","value":"application/json"}],"body":"{\n  \"messages\": [\n    {\n      \"errorCode\": \"in laboris cillum et sunt\",\n      \"type\": \"ea sunt\",\n      \"title\": \"mollit et sed\",\n      \"detail\": \"anim ut\",\n      \"instance\": \"enim cupidatat sit\"\n    },\n    {\n      \"errorCode\": \"est l\",\n      \"type\": \"dolore\",\n      \"title\": \"tempor fugiat incididunt quis\",\n      \"detail\": \"ad commodo amet id mollit\",\n      \"instance\": \"fugiat paria\"\n    }\n  ]\n}","cookie":[],"_postman_previewlanguage":"json"},{"id":"e8bde20b-e85a-4263-81c6-2b21b12cb966","name":"Unprocessable Entity","originalRequest":{"url":{"path":["AccountProcessing","V1","Agreement",":agreementId","StatementedDatesWithSummary","Retrieve"],"host":["{{baseUrl}}"],"query":[],"variable":[{"disabled":false,"type":"any","value":"<string>","key":"agreementId","description":"(Required) Agreement Id"}]},"header":[{"disabled":false,"description":"(Required) Financial Institution Identification","key":"fi-id","value":"<string>"},{"disabled":false,"description":"Brand Identification","key":"brand-id","value":"<string>"},{"key":"Accept","value":"application/json"}],"method":"GET","body":{}},"status":"Unprocessable Entity (WebDAV) (RFC 4918)","code":422,"header":[{"key":"Content-Type","value":"application/json"}],"body":"{\n  \"messages\": [\n    {\n      \"errorCode\": \"in laboris cillum et sunt\",\n      \"type\": \"ea sunt\",\n      \"title\": \"mollit et sed\",\n      \"detail\": \"anim ut\",\n      \"instance\": \"enim cupidatat sit\"\n    },\n    {\n      \"errorCode\": \"est l\",\n      \"type\": \"dolore\",\n      \"title\": \"tempor fugiat incididunt quis\",\n      \"detail\": \"ad commodo amet id mollit\",\n      \"instance\": \"fugiat paria\"\n    }\n  ]\n}","cookie":[],"_postman_previewlanguage":"json"},{"id":"2a168a5a-f4bb-4db1-a41f-4a322a9c73b6","name":"Internal Server Error","originalRequest":{"url":{"path":["AccountProcessing","V1","Agreement",":agreementId","StatementedDatesWithSummary","Retrieve"],"host":["{{baseUrl}}"],"query":[],"variable":[{"disabled":false,"type":"any","value":"<string>","key":"agreementId","description":"(Required) Agreement Id"}]},"header":[{"disabled":false,"description":"(Required) Financial Institution Identification","key":"fi-id","value":"<string>"},{"disabled":false,"description":"Brand Identification","key":"brand-id","value":"<string>"},{"key":"Accept","value":"application/json"}],"method":"GET","body":{}},"status":"Too Many Requests","code":429,"header":[{"key":"Content-Type","value":"application/json"}],"body":"{\n  \"messages\": [\n    {\n      \"errorCode\": \"in laboris cillum et sunt\",\n      \"type\": \"ea sunt\",\n      \"title\": \"mollit et sed\",\n      \"detail\": \"anim ut\",\n      \"instance\": \"enim cupidatat sit\"\n    },\n    {\n      \"errorCode\": \"est l\",\n      \"type\": \"dolore\",\n      \"title\": \"tempor fugiat incididunt quis\",\n      \"detail\": \"ad commodo amet id mollit\",\n      \"instance\": \"fugiat paria\"\n    }\n  ]\n}","cookie":[],"_postman_previewlanguage":"json"},{"id":"1ecce5a6-f132-4198-a006-6ff0846dab7a","name":"Internal Server Error <br/><br/> <b>Error codes list:</b><br/><ul><li><em>HLXPNKPGT001 : Error Retrieving the Account Repayment Details.</em></li></ul>","originalRequest":{"url":{"path":["AccountProcessing","V1","Agreement",":agreementId","StatementedDatesWithSummary","Retrieve"],"host":["{{baseUrl}}"],"query":[],"variable":[{"disabled":false,"type":"any","value":"<string>","key":"agreementId","description":"(Required) Agreement Id"}]},"header":[{"disabled":false,"description":"(Required) Financial Institution Identification","key":"fi-id","value":"<string>"},{"disabled":false,"description":"Brand Identification","key":"brand-id","value":"<string>"},{"key":"Accept","value":"application/json"}],"method":"GET","body":{}},"status":"Internal Server Error","code":500,"header":[{"key":"Content-Type","value":"application/json"}],"body":"{\n  \"messages\": [\n    {\n      \"errorCode\": \"in laboris cillum et sunt\",\n      \"type\": \"ea sunt\",\n      \"title\": \"mollit et sed\",\n      \"detail\": \"anim ut\",\n      \"instance\": \"enim cupidatat sit\"\n    },\n    {\n      \"errorCode\": \"est l\",\n      \"type\": \"dolore\",\n      \"title\": \"tempor fugiat incididunt quis\",\n      \"detail\": \"ad commodo amet id mollit\",\n      \"instance\": \"fugiat paria\"\n    }\n  ]\n}","cookie":[],"_postman_previewlanguage":"json"},{"id":"1a6234dd-866b-44c8-8f0b-73b4357a379b","name":"Bad Gateway","originalRequest":{"url":{"path":["AccountProcessing","V1","Agreement",":agreementId","StatementedDatesWithSummary","Retrieve"],"host":["{{baseUrl}}"],"query":[],"variable":[{"disabled":false,"type":"any","value":"<string>","key":"agreementId","description":"(Required) Agreement Id"}]},"header":[{"disabled":false,"description":"(Required) Financial Institution Identification","key":"fi-id","value":"<string>"},{"disabled":false,"description":"Brand Identification","key":"brand-id","value":"<string>"},{"key":"Accept","value":"application/json"}],"method":"GET","body":{}},"status":"Bad Gateway","code":502,"header":[{"key":"Content-Type","value":"application/json"}],"body":"{\n  \"messages\": [\n    {\n      \"errorCode\": \"in laboris cillum et sunt\",\n      \"type\": \"ea sunt\",\n      \"title\": \"mollit et sed\",\n      \"detail\": \"anim ut\",\n      \"instance\": \"enim cupidatat sit\"\n    },\n    {\n      \"errorCode\": \"est l\",\n      \"type\": \"dolore\",\n      \"title\": \"tempor fugiat incididunt quis\",\n      \"detail\": \"ad commodo amet id mollit\",\n      \"instance\": \"fugiat paria\"\n    }\n  ]\n}","cookie":[],"_postman_previewlanguage":"json"},{"id":"4f4420bf-65d0-4095-879e-144fca3cdece","name":"Service Unavailable","originalRequest":{"url":{"path":["AccountProcessing","V1","Agreement",":agreementId","StatementedDatesWithSummary","Retrieve"],"host":["{{baseUrl}}"],"query":[],"variable":[{"disabled":false,"type":"any","value":"<string>","key":"agreementId","description":"(Required) Agreement Id"}]},"header":[{"disabled":false,"description":"(Required) Financial Institution Identification","key":"fi-id","value":"<string>"},{"disabled":false,"description":"Brand Identification","key":"brand-id","value":"<string>"},{"key":"Accept","value":"application/json"}],"method":"GET","body":{}},"status":"Service Unavailable","code":503,"header":[{"key":"Content-Type","value":"application/json"}],"body":"{\n  \"messages\": [\n    {\n      \"errorCode\": \"in laboris cillum et sunt\",\n      \"type\": \"ea sunt\",\n      \"title\": \"mollit et sed\",\n      \"detail\": \"anim ut\",\n      \"instance\": \"enim cupidatat sit\"\n    },\n    {\n      \"errorCode\": \"est l\",\n      \"type\": \"dolore\",\n      \"title\": \"tempor fugiat incididunt quis\",\n      \"detail\": \"ad commodo amet id mollit\",\n      \"instance\": \"fugiat paria\"\n    }\n  ]\n}","cookie":[],"_postman_previewlanguage":"json"},{"id":"6f1562c6-96db-40b0-8223-07299948f558","name":"Gateway Timeout","originalRequest":{"url":{"path":["AccountProcessing","V1","Agreement",":agreementId","StatementedDatesWithSummary","Retrieve"],"host":["{{baseUrl}}"],"query":[],"variable":[{"disabled":false,"type":"any","value":"<string>","key":"agreementId","description":"(Required) Agreement Id"}]},"header":[{"disabled":false,"description":"(Required) Financial Institution Identification","key":"fi-id","value":"<string>"},{"disabled":false,"description":"Brand Identification","key":"brand-id","value":"<string>"},{"key":"Accept","value":"application/json"}],"method":"GET","body":{}},"status":"Gateway Timeout","code":504,"header":[{"key":"Content-Type","value":"application/json"}],"body":"{\n  \"messages\": [\n    {\n      \"errorCode\": \"in laboris cillum et sunt\",\n      \"type\": \"ea sunt\",\n      \"title\": \"mollit et sed\",\n      \"detail\": \"anim ut\",\n      \"instance\": \"enim cupidatat sit\"\n    },\n    {\n      \"errorCode\": \"est l\",\n      \"type\": \"dolore\",\n      \"title\": \"tempor fugiat incididunt quis\",\n      \"detail\": \"ad commodo amet id mollit\",\n      \"instance\": \"fugiat paria\"\n    }\n  ]\n}","cookie":[],"_postman_previewlanguage":"json"}],"event":[],"protocolProfileBehavior":{"disableBodyPruning":true}}],"event":[]}],"event":[],"variable":[{"type":"string","value":"/","key":"baseUrl"}],"info":{"_postman_id":"8e17b5aa-8c48-4d3a-bdae-5151ef1cfa7e","name":"account-processing","schema":"https://schema.getpostman.com/json/collection/v2.1.0/collection.json","description":{"content":"","type":"text/plain"}}}