{"item":[{"id":"ee234183-8034-4caf-aaf1-6abac74a41b9","name":"This method is used to retrieve list of Exception logs for a given search criteria","request":{"name":"This method is used to retrieve list of Exception logs for a given search criteria","description":{"content":"The Retrieve Exception Log API is designed to facilitate the retrieval of logged exceptions and error messages generated from all event triggered processes within the system. It offers a straightforward and efficient means for authorized users and applications to access detailed exception information. This API is a valuable tool for system administrators, developers, and support teams, enabling them to monitor, diagnose, and troubleshoot issues effectively.<p>This service is used to retrieve exception records based on the following mandatory search inputs:</p><ul><li><em>FI plus entity id or</em></li><li><em>FI plus BusinessFunction or</em></li><li><em>FI plus ExceptionCategory</em></li></ul>The API will return a list of results that match the search criteria provided.","type":"text/plain"},"url":{"path":["ExceptionManagement","V1","ExceptionLog","Retrieve"],"host":["{{baseUrl}}"],"query":[],"variable":[]},"header":[{"disabled":false,"description":"(Required) Financial Institution Identification","key":"fi-id","value":"<string>"},{"key":"Content-Type","value":"application/json"},{"key":"Accept","value":"application/json"}],"method":"POST","auth":null,"body":{"mode":"raw","raw":"{\n  \"EntityId\": \"<string>\",\n  \"EntityType\": \"<string>\",\n  \"BusinessFunction\": \"<string>\",\n  \"ExceptionCategory\": \"<string>\",\n  \"FromDateTime\": \"<string>\",\n  \"ToDateTime\": \"<string>\",\n  \"Brand\": \"<string>\",\n  \"Product\": \"<string>\"\n}","options":{"raw":{"language":"json"}}}},"response":[{"id":"5a0fdec7-7c5f-40b0-831b-0ebfdb470da0","name":"Ok","originalRequest":{"url":{"path":["ExceptionManagement","V1","ExceptionLog","Retrieve"],"host":["{{baseUrl}}"],"query":[],"variable":[]},"header":[{"disabled":false,"description":"(Required) Financial Institution Identification","key":"fi-id","value":"<string>"},{"key":"Accept","value":"application/json"}],"method":"POST","body":{"mode":"raw","raw":"{\n  \"EntityId\": \"<string>\",\n  \"EntityType\": \"<string>\",\n  \"BusinessFunction\": \"<string>\",\n  \"ExceptionCategory\": \"<string>\",\n  \"FromDateTime\": \"<string>\",\n  \"ToDateTime\": \"<string>\",\n  \"Brand\": \"<string>\",\n  \"Product\": \"<string>\"\n}","options":{"raw":{"language":"json"}}}},"status":"OK","code":200,"header":[{"key":"Content-Type","value":"application/json"}],"body":"[\n  {\n    \"Brand\": \"ex aliquip Duis id commodo\",\n    \"Product\": \"est quis ut\",\n    \"BusinessFunction\": \"l\",\n    \"ExceptionCategory\": \"incididunt occaecat venia\",\n    \"Datetime\": \"amet dolore\",\n    \"Application\": \"sed in esse qui\",\n    \"FI\": \"Ut\",\n    \"EntityId\": \"ut\",\n    \"EntityType\": \"velit Duis\",\n    \"FunctionStage\": \"est pariatur laborum\",\n    \"ErrorCode\": \"elit sunt occaecat\",\n    \"ErrorMessage\": \"reprehenderit ea\",\n    \"ErrorType\": \"nisi\",\n    \"ExceptionStatus\": \"sit mollit veniam\",\n    \"EventHeader\": \"nisi esse laborum\",\n    \"EventBody\": \"sint nisi\",\n    \"SourceDlqTopicName\": \"ipsum mo\"\n  },\n  {\n    \"Brand\": \"cillum enim esse\",\n    \"Product\": \"quis nisi\",\n    \"BusinessFunction\": \"labore offi\",\n    \"ExceptionCategory\": \"labore laborum aliquip\",\n    \"Datetime\": \"velit magna\",\n    \"Application\": \"nulla in ad Lorem\",\n    \"FI\": \"dolore\",\n    \"EntityId\": \"eu adipisicing velit\",\n    \"EntityType\": \"qui\",\n    \"FunctionStage\": \"Duis\",\n    \"ErrorCode\": \"dolor ut ullamco nulla\",\n    \"ErrorMessage\": \"sunt est\",\n    \"ErrorType\": \"do tempor\",\n    \"ExceptionStatus\": \"ex \",\n    \"EventHeader\": \"aliquip velit ipsum\",\n    \"EventBody\": \"esse\",\n    \"SourceDlqTopicName\": \"nostrud Excepteur Duis reprehenderit fugiat\"\n  }\n]","cookie":[],"_postman_previewlanguage":"json"},{"id":"cc4b09d0-8e25-4077-993a-726528eea54f","name":"Not Authorized","originalRequest":{"url":{"path":["ExceptionManagement","V1","ExceptionLog","Retrieve"],"host":["{{baseUrl}}"],"query":[],"variable":[]},"header":[{"disabled":false,"description":"(Required) Financial Institution Identification","key":"fi-id","value":"<string>"}],"method":"POST","body":{"mode":"raw","raw":"{\n  \"EntityId\": \"<string>\",\n  \"EntityType\": \"<string>\",\n  \"BusinessFunction\": \"<string>\",\n  \"ExceptionCategory\": \"<string>\",\n  \"FromDateTime\": \"<string>\",\n  \"ToDateTime\": \"<string>\",\n  \"Brand\": \"<string>\",\n  \"Product\": \"<string>\"\n}","options":{"raw":{"language":"json"}}}},"status":"Unauthorized","code":401,"header":[{"key":"Content-Type","value":"text/plain"}],"body":"","cookie":[],"_postman_previewlanguage":"text"},{"id":"c6097e8f-5014-4a19-9d13-69f02a7be5ee","name":"Forbidden","originalRequest":{"url":{"path":["ExceptionManagement","V1","ExceptionLog","Retrieve"],"host":["{{baseUrl}}"],"query":[],"variable":[]},"header":[{"disabled":false,"description":"(Required) Financial Institution Identification","key":"fi-id","value":"<string>"}],"method":"POST","body":{"mode":"raw","raw":"{\n  \"EntityId\": \"<string>\",\n  \"EntityType\": \"<string>\",\n  \"BusinessFunction\": \"<string>\",\n  \"ExceptionCategory\": \"<string>\",\n  \"FromDateTime\": \"<string>\",\n  \"ToDateTime\": \"<string>\",\n  \"Brand\": \"<string>\",\n  \"Product\": \"<string>\"\n}","options":{"raw":{"language":"json"}}}},"status":"Forbidden","code":403,"header":[{"key":"Content-Type","value":"text/plain"}],"body":"","cookie":[],"_postman_previewlanguage":"text"},{"id":"da09d446-abcc-43b6-b3db-8276ec740b12","name":"Payload Too large","originalRequest":{"url":{"path":["ExceptionManagement","V1","ExceptionLog","Retrieve"],"host":["{{baseUrl}}"],"query":[],"variable":[]},"header":[{"disabled":false,"description":"(Required) Financial Institution Identification","key":"fi-id","value":"<string>"}],"method":"POST","body":{"mode":"raw","raw":"{\n  \"EntityId\": \"<string>\",\n  \"EntityType\": \"<string>\",\n  \"BusinessFunction\": \"<string>\",\n  \"ExceptionCategory\": \"<string>\",\n  \"FromDateTime\": \"<string>\",\n  \"ToDateTime\": \"<string>\",\n  \"Brand\": \"<string>\",\n  \"Product\": \"<string>\"\n}","options":{"raw":{"language":"json"}}}},"status":"Request Entity Too Large","code":413,"header":[{"key":"Content-Type","value":"text/plain"}],"body":"","cookie":[],"_postman_previewlanguage":"text"},{"id":"fce6270d-06f5-4a37-96a6-cfbb30e1067e","name":"Unsupported Media Type","originalRequest":{"url":{"path":["ExceptionManagement","V1","ExceptionLog","Retrieve"],"host":["{{baseUrl}}"],"query":[],"variable":[]},"header":[{"disabled":false,"description":"(Required) Financial Institution Identification","key":"fi-id","value":"<string>"}],"method":"POST","body":{"mode":"raw","raw":"{\n  \"EntityId\": \"<string>\",\n  \"EntityType\": \"<string>\",\n  \"BusinessFunction\": \"<string>\",\n  \"ExceptionCategory\": \"<string>\",\n  \"FromDateTime\": \"<string>\",\n  \"ToDateTime\": \"<string>\",\n  \"Brand\": \"<string>\",\n  \"Product\": \"<string>\"\n}","options":{"raw":{"language":"json"}}}},"status":"Unsupported Media Type","code":415,"header":[{"key":"Content-Type","value":"text/plain"}],"body":"","cookie":[],"_postman_previewlanguage":"text"},{"id":"db5911f4-8c23-4a1b-906f-971ad1791447","name":"Too Many Request","originalRequest":{"url":{"path":["ExceptionManagement","V1","ExceptionLog","Retrieve"],"host":["{{baseUrl}}"],"query":[],"variable":[]},"header":[{"disabled":false,"description":"(Required) Financial Institution Identification","key":"fi-id","value":"<string>"}],"method":"POST","body":{"mode":"raw","raw":"{\n  \"EntityId\": \"<string>\",\n  \"EntityType\": \"<string>\",\n  \"BusinessFunction\": \"<string>\",\n  \"ExceptionCategory\": \"<string>\",\n  \"FromDateTime\": \"<string>\",\n  \"ToDateTime\": \"<string>\",\n  \"Brand\": \"<string>\",\n  \"Product\": \"<string>\"\n}","options":{"raw":{"language":"json"}}}},"status":"Too Many Requests","code":429,"header":[{"key":"Content-Type","value":"text/plain"}],"body":"","cookie":[],"_postman_previewlanguage":"text"},{"id":"d3b0be59-ac4a-4728-ba1b-072e0623b996","name":"Internal Server Error <br/><br/> <b>Error codes list:</b><br/>","originalRequest":{"url":{"path":["ExceptionManagement","V1","ExceptionLog","Retrieve"],"host":["{{baseUrl}}"],"query":[],"variable":[]},"header":[{"disabled":false,"description":"(Required) Financial Institution Identification","key":"fi-id","value":"<string>"}],"method":"POST","body":{"mode":"raw","raw":"{\n  \"EntityId\": \"<string>\",\n  \"EntityType\": \"<string>\",\n  \"BusinessFunction\": \"<string>\",\n  \"ExceptionCategory\": \"<string>\",\n  \"FromDateTime\": \"<string>\",\n  \"ToDateTime\": \"<string>\",\n  \"Brand\": \"<string>\",\n  \"Product\": \"<string>\"\n}","options":{"raw":{"language":"json"}}}},"status":"Internal Server Error","code":500,"header":[{"key":"Content-Type","value":"text/plain"}],"body":"","cookie":[],"_postman_previewlanguage":"text"},{"id":"82d5fe9d-5f6c-4fa2-a0e6-649ede4302b5","name":"Bad Gateway","originalRequest":{"url":{"path":["ExceptionManagement","V1","ExceptionLog","Retrieve"],"host":["{{baseUrl}}"],"query":[],"variable":[]},"header":[{"disabled":false,"description":"(Required) Financial Institution Identification","key":"fi-id","value":"<string>"}],"method":"POST","body":{"mode":"raw","raw":"{\n  \"EntityId\": \"<string>\",\n  \"EntityType\": \"<string>\",\n  \"BusinessFunction\": \"<string>\",\n  \"ExceptionCategory\": \"<string>\",\n  \"FromDateTime\": \"<string>\",\n  \"ToDateTime\": \"<string>\",\n  \"Brand\": \"<string>\",\n  \"Product\": \"<string>\"\n}","options":{"raw":{"language":"json"}}}},"status":"Bad Gateway","code":502,"header":[{"key":"Content-Type","value":"text/plain"}],"body":"","cookie":[],"_postman_previewlanguage":"text"},{"id":"d14b6504-b2c8-43a2-a925-88b668925766","name":"Service Unavailable","originalRequest":{"url":{"path":["ExceptionManagement","V1","ExceptionLog","Retrieve"],"host":["{{baseUrl}}"],"query":[],"variable":[]},"header":[{"disabled":false,"description":"(Required) Financial Institution Identification","key":"fi-id","value":"<string>"}],"method":"POST","body":{"mode":"raw","raw":"{\n  \"EntityId\": \"<string>\",\n  \"EntityType\": \"<string>\",\n  \"BusinessFunction\": \"<string>\",\n  \"ExceptionCategory\": \"<string>\",\n  \"FromDateTime\": \"<string>\",\n  \"ToDateTime\": \"<string>\",\n  \"Brand\": \"<string>\",\n  \"Product\": \"<string>\"\n}","options":{"raw":{"language":"json"}}}},"status":"Service Unavailable","code":503,"header":[{"key":"Content-Type","value":"text/plain"}],"body":"","cookie":[],"_postman_previewlanguage":"text"},{"id":"920c0dbe-8f4a-484a-b074-4d25c4e0ae19","name":"Gateway Timeout","originalRequest":{"url":{"path":["ExceptionManagement","V1","ExceptionLog","Retrieve"],"host":["{{baseUrl}}"],"query":[],"variable":[]},"header":[{"disabled":false,"description":"(Required) Financial Institution Identification","key":"fi-id","value":"<string>"}],"method":"POST","body":{"mode":"raw","raw":"{\n  \"EntityId\": \"<string>\",\n  \"EntityType\": \"<string>\",\n  \"BusinessFunction\": \"<string>\",\n  \"ExceptionCategory\": \"<string>\",\n  \"FromDateTime\": \"<string>\",\n  \"ToDateTime\": \"<string>\",\n  \"Brand\": \"<string>\",\n  \"Product\": \"<string>\"\n}","options":{"raw":{"language":"json"}}}},"status":"Gateway Timeout","code":504,"header":[{"key":"Content-Type","value":"text/plain"}],"body":"","cookie":[],"_postman_previewlanguage":"text"}],"event":[],"protocolProfileBehavior":{"disableBodyPruning":true}}],"event":[],"variable":[{"type":"string","value":"/","key":"baseUrl"}],"info":{"_postman_id":"0eac0abd-f20f-4e34-9c62-1825fbe6c170","name":"exception-management-application API","schema":"https://schema.getpostman.com/json/collection/v2.1.0/collection.json","description":{"content":"","type":"text/plain"}}}