{"item":[{"id":"48b3ce03-ebbd-476b-b81b-882af18e7e3b","name":"credits","item":[{"id":"e6257bfd-890d-4731-a8e4-88590548f4f1","name":"Reverse Credit.","request":{"name":"Reverse Credit.","description":{"content":"Reverses the previously processed credit transaction in an account. This API reverses the effect of CreditAdd transaction.<br> For more information about the Payments domain, <a href=\"../docs/?path=docs/fintechs/payments.md\" title=\"Click to open\">click here.</a> <br><br> <b>Relates to:</b>\n  <ul> \n    <li><a href=\"../docs/?path=docs/banks-and-CU/deposits.md\" title=\"Click to open\">Deposits</a></li>\n    <li><a href=\"../docs/?path=docs/banks-and-CU/loans.md\" title=\"Click to open\">Loans</a></li>\n    <li><a href=\"../docs/?path=docs/banks-and-CU/bank-servicing.md\" title=\"Click to open\">Bank Servicing</a></li>\n    <li><a href=\"../docs/?path=docs/banks-and-CU/cash-mgt.md\" title=\"Click to open\">Cash Management</a></li>\n    <li><a href=\"../docs/?path=docs/banks-and-CU/treasury-services.md\" title=\"Click to open\">Treasury Services</a></li>\n  </ul>","type":"text/plain"},"url":{"path":["credits"],"host":["{{baseUrl}}"],"query":[],"variable":[]},"header":[{"disabled":false,"description":"(Required) EFX Header is a common and required component for all API calls, it contains authentication and client-related parameters. Please note that the header parameters should be sent as a JSON object under the EFXHeader parameter. To view the list of header parameters, <a href=\"../docs?path=docs/api-ref-EFX-header.md\" title=\"Click to open\"> click here.</a>","key":"EFXHeader","value":"OrganizationId,<string>,TrnId,<string>,VendorId,<string>,Context,[object Object]"},{"key":"Content-Type","value":"application/json"},{"key":"Accept","value":"application/json"}],"method":"PUT","auth":null,"body":{"mode":"raw","raw":"{\n  \"CreditInfo\": {\n    \"CompositeCurAmt\": [\n      {\n        \"CurAmt\": {\n          \"Amt\": \"<number>\",\n          \"CurCode\": {\n            \"CurCodeValue\": {\n              \"value\": \"<Error: Too many levels of nesting to fake this schema>\"\n            },\n            \"CurCodeType\": {\n              \"value\": \"<Error: Too many levels of nesting to fake this schema>\"\n            }\n          }\n        },\n        \"CompositeCurAmtType\": \"<string>\",\n        \"SpecialHandling\": [\n          \"<object>\",\n          \"<object>\"\n        ],\n        \"RefData\": {\n          \"RefType\": \"<string>\",\n          \"RefIdent\": \"<string>\"\n        }\n      },\n      {\n        \"CurAmt\": {\n          \"Amt\": \"<number>\",\n          \"CurCode\": {\n            \"CurCodeValue\": {\n              \"value\": \"<Error: Too many levels of nesting to fake this schema>\"\n            },\n            \"CurCodeType\": {\n              \"value\": \"<Error: Too many levels of nesting to fake this schema>\"\n            }\n          }\n        },\n        \"CompositeCurAmtType\": \"<string>\",\n        \"SpecialHandling\": [\n          \"<object>\",\n          \"<object>\"\n        ],\n        \"RefData\": {\n          \"RefType\": \"<string>\",\n          \"RefIdent\": \"<string>\"\n        }\n      }\n    ],\n    \"CreditType\": \"<string>\",\n    \"PostedDt\": \"<string>\",\n    \"Desc\": [\n      \"<object>\",\n      \"<object>\"\n    ],\n    \"AcctRef\": {\n      \"AcctKeys\": {\n        \"AcctId\": \"<string>\",\n        \"AcctType\": \"<string>\",\n        \"CardKeys\": [\n          {\n            \"value\": \"<Error: Too many levels of nesting to fake this schema>\"\n          },\n          {\n            \"value\": \"<Error: Too many levels of nesting to fake this schema>\"\n          }\n        ],\n        \"CurCode\": [\n          {\n            \"value\": \"<Error: Too many levels of nesting to fake this schema>\"\n          },\n          {\n            \"value\": \"<Error: Too many levels of nesting to fake this schema>\"\n          }\n        ]\n      }\n    },\n    \"CashInData\": [\n      {\n        \"CashAmt\": \"<object>\"\n      },\n      {\n        \"CashAmt\": \"<object>\"\n      }\n    ],\n    \"ChkInData\": [\n      {\n        \"ChkType\": \"<string>\",\n        \"FloatData\": [\n          {\n            \"FloatDetails\": [\n              {\n                \"value\": \"<Error: Too many levels of nesting to fake this schema>\"\n              },\n              {\n                \"value\": \"<Error: Too many levels of nesting to fake this schema>\"\n              }\n            ]\n          },\n          {\n            \"FloatDetails\": [\n              {\n                \"value\": \"<Error: Too many levels of nesting to fake this schema>\"\n              },\n              {\n                \"value\": \"<Error: Too many levels of nesting to fake this schema>\"\n              }\n            ]\n          }\n        ]\n      },\n      {\n        \"ChkType\": \"<string>\",\n        \"FloatData\": [\n          {\n            \"FloatDetails\": [\n              {\n                \"value\": \"<Error: Too many levels of nesting to fake this schema>\"\n              },\n              {\n                \"value\": \"<Error: Too many levels of nesting to fake this schema>\"\n              }\n            ]\n          },\n          {\n            \"FloatDetails\": [\n              {\n                \"value\": \"<Error: Too many levels of nesting to fake this schema>\"\n              },\n              {\n                \"value\": \"<Error: Too many levels of nesting to fake this schema>\"\n              }\n            ]\n          }\n        ]\n      }\n    ],\n    \"NetworkRefData\": {\n      \"TrnIdent\": \"<string>\"\n    },\n    \"PmtData\": {\n      \"PersonNameShort\": {\n        \"FamilyName\": \"<string>\"\n      },\n      \"Name\": \"<string>\",\n      \"PostAddr\": {\n        \"AddrType\": \"<string>\",\n        \"Addr1\": \"<string>\",\n        \"City\": \"<string>\",\n        \"StateProv\": \"<string>\",\n        \"PostalCode\": \"<string>\",\n        \"CountryCode\": {\n          \"CountryCodeValue\": {\n            \"value\": \"<Error: Too many levels of nesting to fake this schema>\"\n          },\n          \"CountryCodeSource\": {\n            \"value\": \"<Error: Too many levels of nesting to fake this schema>\"\n          }\n        },\n        \"AddrLocation\": \"<string>\"\n      },\n      \"AcctKeys\": {\n        \"AcctId\": \"<string>\",\n        \"AcctType\": \"<string>\",\n        \"CardKeys\": [\n          {\n            \"value\": \"<Error: Too many levels of nesting to fake this schema>\"\n          },\n          {\n            \"value\": \"<Error: Too many levels of nesting to fake this schema>\"\n          }\n        ],\n        \"CurCode\": [\n          {\n            \"value\": \"<Error: Too many levels of nesting to fake this schema>\"\n          },\n          {\n            \"value\": \"<Error: Too many levels of nesting to fake this schema>\"\n          }\n        ]\n      }\n    }\n  },\n  \"CreditKeys\": {\n    \"CreditId\": \"<string>\",\n    \"AcctKeys\": {\n      \"AcctId\": \"<string>\",\n      \"AcctType\": \"<string>\",\n      \"CardKeys\": [\n        {\n          \"value\": \"<Error: Too many levels of nesting to fake this schema>\"\n        },\n        {\n          \"value\": \"<Error: Too many levels of nesting to fake this schema>\"\n        }\n      ],\n      \"CurCode\": [\n        {\n          \"CurCodeValue\": {\n            \"value\": \"<Error: Too many levels of nesting to fake this schema>\"\n          },\n          \"CurCodeType\": {\n            \"value\": \"<Error: Too many levels of nesting to fake this schema>\"\n          }\n        },\n        {\n          \"CurCodeValue\": {\n            \"value\": \"<Error: Too many levels of nesting to fake this schema>\"\n          },\n          \"CurCodeType\": {\n            \"value\": \"<Error: Too many levels of nesting to fake this schema>\"\n          }\n        }\n      ]\n    }\n  }\n}","options":{"raw":{"language":"json"}}}},"response":[{"id":"b5f95364-864b-4d0d-9b65-41b6478cfb48","name":"Ok","originalRequest":{"url":{"path":["credits"],"host":["{{baseUrl}}"],"query":[],"variable":[]},"header":[{"disabled":false,"description":"(Required) EFX Header is a common and required component for all API calls, it contains authentication and client-related parameters. Please note that the header parameters should be sent as a JSON object under the EFXHeader parameter. To view the list of header parameters, <a href=\"../docs?path=docs/api-ref-EFX-header.md\" title=\"Click to open\"> click here.</a>","key":"EFXHeader","value":"{ \"TrnId\": \"f262cfa4-9da4-4a10-b48c-2e947ce3e66c\", \"OrganizationId\": \"PRMOrg10\", \"VendorId\": \"112233\", \"Context\":{ \"Channel\": \"WEB\" } }"},{"key":"Accept","value":"application/json"}],"method":"PUT","body":{"mode":"raw","raw":"{\n  \"CreditKeys\": {\n    \"CreditId\": 1941,\n    \"AcctKeys\": {\n      \"AcctId\": \"1040\",\n      \"AcctType\": \"DDA\"\n    }\n  },\n  \"CreditInfo\": {\n    \"CreditType\": \"Credit\"\n  }\n}","options":{"raw":{"language":"json"}}}},"status":"OK","code":200,"header":[{"key":"Content-Type","value":"application/json"}],"body":"{\n  \"Status\": {\n    \"StatusCode\": \"0\",\n    \"StatusDesc\": \"Success\",\n    \"Severity\": \"Info\",\n    \"SvcProviderName\": \"Premier\"\n  },\n  \"CreditStatusRec\": {\n    \"CreditKeys\": {\n      \"CreditId\": 1941,\n      \"AcctKeys\": {\n        \"AcctId\": \"1040\",\n        \"AcctType\": \"DDA\"\n      }\n    },\n    \"CreditStatus\": {\n      \"CreditStatusCode\": \"Reversed\",\n      \"EffDt\": \"2021-10-12T20:47:00.401\"\n    }\n  },\n  \"Receipt\": {\n    \"AcctBal\": [\n      {\n        \"BalType\": \"PrevLedger\",\n        \"CurAmt\": {\n          \"Amt\": 4355.95,\n          \"CurCode\": {\n            \"CurCodeType\": \"ISO4217-Alpha\",\n            \"CurCodeValue\": \"USD\"\n          }\n        }\n      },\n      {\n        \"BalType\": \"PrevAvail\",\n        \"CurAmt\": {\n          \"Amt\": 4255.95,\n          \"CurCode\": {\n            \"CurCodeType\": \"ISO4217-Alpha\",\n            \"CurCodeValue\": \"USD\"\n          }\n        }\n      },\n      {\n        \"BalType\": \"MemoLedger\",\n        \"CurAmt\": {\n          \"Amt\": 4155.95,\n          \"CurCode\": {\n            \"CurCodeType\": \"ISO4217-Alpha\",\n            \"CurCodeValue\": \"USD\"\n          }\n        }\n      },\n      {\n        \"BalType\": \"Avail\",\n        \"CurAmt\": {\n          \"Amt\": 4055.95,\n          \"CurCode\": {\n            \"CurCodeType\": \"ISO4217-Alpha\",\n            \"CurCodeValue\": \"USD\"\n          }\n        }\n      }\n    ]\n  }\n}","cookie":[],"_postman_previewlanguage":"json"},{"id":"31fb60c9-51cc-4392-8c89-c0ddff32864b","name":"Unauthorized","originalRequest":{"url":{"path":["credits"],"host":["{{baseUrl}}"],"query":[],"variable":[]},"header":[{"disabled":false,"description":"(Required) EFX Header is a common and required component for all API calls, it contains authentication and client-related parameters. Please note that the header parameters should be sent as a JSON object under the EFXHeader parameter. To view the list of header parameters, <a href=\"../docs?path=docs/api-ref-EFX-header.md\" title=\"Click to open\"> click here.</a>","key":"EFXHeader","value":"{ \"TrnId\": \"f262cfa4-9da4-4a10-b48c-2e947ce3e66c\", \"OrganizationId\": \"PRMOrg10\", \"VendorId\": \"112233\", \"Context\":{ \"Channel\": \"WEB\" } }"},{"key":"Accept","value":"application/json"}],"method":"PUT","body":{"mode":"raw","raw":"{\n  \"CreditKeys\": {\n    \"CreditId\": 1941,\n    \"AcctKeys\": {\n      \"AcctId\": \"1040\",\n      \"AcctType\": \"DDA\"\n    }\n  },\n  \"CreditInfo\": {\n    \"CreditType\": \"Credit\"\n  }\n}","options":{"raw":{"language":"json"}}}},"status":"Unauthorized","code":401,"header":[{"key":"Content-Type","value":"application/json"}],"body":"{\n  \"Status\": {\n    \"StatusCode\": \"1740\",\n    \"StatusDesc\": \"Authentication Failed\",\n    \"Severity\": \"Error\",\n    \"SvcProviderName\": \"Premier\",\n    \"ServerStatusCode\": \"401\",\n    \"ServerStatusDesc\": \"Unauthorized\"\n  }\n}","cookie":[],"_postman_previewlanguage":"json"},{"id":"b0aa6c5a-78b5-47bf-846d-1850a45883db","name":"Un-processable Entity","originalRequest":{"url":{"path":["credits"],"host":["{{baseUrl}}"],"query":[],"variable":[]},"header":[{"disabled":false,"description":"(Required) EFX Header is a common and required component for all API calls, it contains authentication and client-related parameters. Please note that the header parameters should be sent as a JSON object under the EFXHeader parameter. To view the list of header parameters, <a href=\"../docs?path=docs/api-ref-EFX-header.md\" title=\"Click to open\"> click here.</a>","key":"EFXHeader","value":"{ \"TrnId\": \"f262cfa4-9da4-4a10-b48c-2e947ce3e66c\", \"OrganizationId\": \"PRMOrg10\", \"VendorId\": \"112233\", \"Context\":{ \"Channel\": \"WEB\" } }"},{"key":"Accept","value":"application/json"}],"method":"PUT","body":{"mode":"raw","raw":"{\n  \"CreditKeys\": {\n    \"CreditId\": 1941,\n    \"AcctKeys\": {\n      \"AcctId\": \"1040\",\n      \"AcctType\": \"DDA\"\n    }\n  },\n  \"CreditInfo\": {\n    \"CreditType\": \"Credit\"\n  }\n}","options":{"raw":{"language":"json"}}}},"status":"Unprocessable Entity (WebDAV) (RFC 4918)","code":422,"header":[{"key":"Content-Type","value":"application/json"}],"body":"{\n  \"Status\": {\n    \"StatusCode\": \"1090\",\n    \"StatusDesc\": \"Invalid Value\",\n    \"Severity\": \"Error\",\n    \"SvcProviderName\": \"Premier\",\n    \"ServerStatusCode\": \"422\",\n    \"ServerStatusDesc\": \"Unprocessable Entity\"\n  }\n}","cookie":[],"_postman_previewlanguage":"json"},{"id":"1d560744-bfdc-4fb6-b9bf-febf3ad3a79d","name":"Internal Server Error","originalRequest":{"url":{"path":["credits"],"host":["{{baseUrl}}"],"query":[],"variable":[]},"header":[{"disabled":false,"description":"(Required) EFX Header is a common and required component for all API calls, it contains authentication and client-related parameters. Please note that the header parameters should be sent as a JSON object under the EFXHeader parameter. To view the list of header parameters, <a href=\"../docs?path=docs/api-ref-EFX-header.md\" title=\"Click to open\"> click here.</a>","key":"EFXHeader","value":"{ \"TrnId\": \"f262cfa4-9da4-4a10-b48c-2e947ce3e66c\", \"OrganizationId\": \"PRMOrg10\", \"VendorId\": \"112233\", \"Context\":{ \"Channel\": \"WEB\" } }"},{"key":"Accept","value":"application/json"}],"method":"PUT","body":{"mode":"raw","raw":"{\n  \"CreditKeys\": {\n    \"CreditId\": 1941,\n    \"AcctKeys\": {\n      \"AcctId\": \"1040\",\n      \"AcctType\": \"DDA\"\n    }\n  },\n  \"CreditInfo\": {\n    \"CreditType\": \"Credit\"\n  }\n}","options":{"raw":{"language":"json"}}}},"status":"Internal Server Error","code":500,"header":[{"key":"Content-Type","value":"application/json"}],"body":"{\n  \"Status\": {\n    \"StatusCode\": \"100\",\n    \"StatusDesc\": \"General Error\",\n    \"Severity\": \"Error\",\n    \"SvcProviderName\": \"Premier\",\n    \"ServerStatusCode\": \"500\",\n    \"ServerStatusDesc\": \"Internal Server Error\"\n  }\n}","cookie":[],"_postman_previewlanguage":"json"},{"id":"78bda373-b4c2-4fce-a35e-bd5a046a56f7","name":"Service Unavailable","originalRequest":{"url":{"path":["credits"],"host":["{{baseUrl}}"],"query":[],"variable":[]},"header":[{"disabled":false,"description":"(Required) EFX Header is a common and required component for all API calls, it contains authentication and client-related parameters. Please note that the header parameters should be sent as a JSON object under the EFXHeader parameter. To view the list of header parameters, <a href=\"../docs?path=docs/api-ref-EFX-header.md\" title=\"Click to open\"> click here.</a>","key":"EFXHeader","value":"{ \"TrnId\": \"f262cfa4-9da4-4a10-b48c-2e947ce3e66c\", \"OrganizationId\": \"PRMOrg10\", \"VendorId\": \"112233\", \"Context\":{ \"Channel\": \"WEB\" } }"},{"key":"Accept","value":"application/json"}],"method":"PUT","body":{"mode":"raw","raw":"{\n  \"CreditKeys\": {\n    \"CreditId\": 1941,\n    \"AcctKeys\": {\n      \"AcctId\": \"1040\",\n      \"AcctType\": \"DDA\"\n    }\n  },\n  \"CreditInfo\": {\n    \"CreditType\": \"Credit\"\n  }\n}","options":{"raw":{"language":"json"}}}},"status":"Service Unavailable","code":503,"header":[{"key":"Content-Type","value":"application/json"}],"body":"{\n  \"Status\": {\n    \"StatusCode\": \"300\",\n    \"StatusDesc\": \"System Not Available\",\n    \"Severity\": \"Error\",\n    \"SvcProviderName\": \"Premier\",\n    \"ServerStatusCode\": \"503\",\n    \"ServerStatusDesc\": \"Service Unavailable\"\n  }\n}","cookie":[],"_postman_previewlanguage":"json"},{"id":"c1dbb90b-1dd1-46c4-b350-49698b465360","name":"Unexpected error","originalRequest":{"url":{"path":["credits"],"host":["{{baseUrl}}"],"query":[],"variable":[]},"header":[{"disabled":false,"description":"(Required) EFX Header is a common and required component for all API calls, it contains authentication and client-related parameters. Please note that the header parameters should be sent as a JSON object under the EFXHeader parameter. To view the list of header parameters, <a href=\"../docs?path=docs/api-ref-EFX-header.md\" title=\"Click to open\"> click here.</a>","key":"EFXHeader","value":"{ \"TrnId\": \"f262cfa4-9da4-4a10-b48c-2e947ce3e66c\", \"OrganizationId\": \"PRMOrg10\", \"VendorId\": \"112233\", \"Context\":{ \"Channel\": \"WEB\" } }"},{"key":"Accept","value":"application/xml"}],"method":"PUT","body":{"mode":"raw","raw":"{\n  \"CreditKeys\": {\n    \"CreditId\": 1941,\n    \"AcctKeys\": {\n      \"AcctId\": \"1040\",\n      \"AcctType\": \"DDA\"\n    }\n  },\n  \"CreditInfo\": {\n    \"CreditType\": \"Credit\"\n  }\n}","options":{"raw":{"language":"json"}}}},"status":"Internal Server Error","code":500,"header":[{"key":"Content-Type","value":"application/xml"}],"body":"<?xml version=\"1.0\" encoding=\"UTF-8\"?>\n<element>\n  <Status>\n    <StatusCode>(string)</StatusCode>\n    <StatusDesc>(string)</StatusDesc>\n    <Severity>(string)</Severity>\n    <SvcProviderName>(string)</SvcProviderName>\n    <ServerStatusCode>(string)</ServerStatusCode>\n    <ServerStatusDesc>(string)</ServerStatusDesc>\n    <OvrdExceptionInd>(boolean)</OvrdExceptionInd>\n    <SubjectRole>(string)</SubjectRole>\n    <SubjectElement>\n      <Path>(string)</Path>\n      <ServerPath>(string)</ServerPath>\n      <Value>(string)</Value>\n    </SubjectElement>\n    <SubjectElement>\n      <Path>(string)</Path>\n      <ServerPath>(string)</ServerPath>\n      <Value>(string)</Value>\n    </SubjectElement>\n    <ContentHTML>(string)</ContentHTML>\n    <AdditionalStatus>\n      <StatusCode>(string)</StatusCode>\n      <StatusDesc>(string)</StatusDesc>\n      <Severity>(string)</Severity>\n      <SvcProviderName>(string)</SvcProviderName>\n      <ServerStatusCode>(string)</ServerStatusCode>\n      <ServerStatusDesc>(string)</ServerStatusDesc>\n      <OvrdExceptionInd>(boolean)</OvrdExceptionInd>\n      <SubjectElement>\n        <Path>(string)</Path>\n        <ServerPath>(string)</ServerPath>\n        <Value>(string)</Value>\n      </SubjectElement>\n      <SubjectElement>\n        <Path>(string)</Path>\n        <ServerPath>(string)</ServerPath>\n        <Value>(string)</Value>\n      </SubjectElement>\n    </AdditionalStatus>\n    <AdditionalStatus>\n      <StatusCode>(string)</StatusCode>\n      <StatusDesc>(string)</StatusDesc>\n      <Severity>(string)</Severity>\n      <SvcProviderName>(string)</SvcProviderName>\n      <ServerStatusCode>(string)</ServerStatusCode>\n      <ServerStatusDesc>(string)</ServerStatusDesc>\n      <OvrdExceptionInd>(boolean)</OvrdExceptionInd>\n      <SubjectElement>\n        <Path>(string)</Path>\n        <ServerPath>(string)</ServerPath>\n        <Value>(string)</Value>\n      </SubjectElement>\n      <SubjectElement>\n        <Path>(string)</Path>\n        <ServerPath>(string)</ServerPath>\n        <Value>(string)</Value>\n      </SubjectElement>\n    </AdditionalStatus>\n  </Status>\n  <CreditStatusRec>\n    <CreditKeys>\n      <CreditId>800520170</CreditId>\n      <AcctKeys>\n        <AcctId>1040</AcctId>\n        <AcctType>(string)</AcctType>\n      </AcctKeys>\n    </CreditKeys>\n    <CreditStatus>\n      <CreditStatusCode>(string)</CreditStatusCode>\n      <EffDt>2021-01-31T23:59:59.999</EffDt>\n    </CreditStatus>\n  </CreditStatusRec>\n  <Receipt>\n    <AcctBal>\n      <BalType>(string)</BalType>\n      <CurAmt>\n        <Amt>10</Amt>\n        <CurCode>\n        </CurCode>\n      </CurAmt>\n    </AcctBal>\n    <AcctBal>\n      <BalType>(string)</BalType>\n      <CurAmt>\n        <Amt>10</Amt>\n        <CurCode>\n        </CurCode>\n      </CurAmt>\n    </AcctBal>\n  </Receipt>\n</element>","cookie":[],"_postman_previewlanguage":"xml"}],"event":[],"protocolProfileBehavior":{"disableBodyPruning":true}},{"id":"5c3cab55-4541-4a41-9adc-563e547ac90c","name":"Add Credit.","request":{"name":"Add Credit.","description":{"content":"Adds a credit transaction entry to an account for cash, check deposits, or merchandise payments. Generally, this API is used for Teller transactions.<br> For more information about the Payments domain, <a href=\"../docs/?path=docs/fintechs/payments.md\" title=\"Click to open\">click here.</a> <br><br> <b>Relates to:</b>\n  <ul> \n    <li><a href=\"../docs/?path=docs/banks-and-CU/deposits.md\" title=\"Click to open\">Deposits</a></li>\n    <li><a href=\"../docs/?path=docs/banks-and-CU/loans.md\" title=\"Click to open\">Loans</a></li>\n    <li><a href=\"../docs/?path=docs/banks-and-CU/bank-servicing.md\" title=\"Click to open\">Bank Servicing</a></li>\n    <li><a href=\"../docs/?path=docs/banks-and-CU/cash-mgt.md\" title=\"Click to open\">Cash Management</a></li>\n    <li><a href=\"../docs/?path=docs/banks-and-CU/treasury-services.md\" title=\"Click to open\">Treasury Services</a></li>\n  </ul>","type":"text/plain"},"url":{"path":["credits"],"host":["{{baseUrl}}"],"query":[],"variable":[]},"header":[{"disabled":false,"description":"(Required) EFX Header is a common and required component for all API calls, it contains authentication and client-related parameters. Please note that the header parameters should be sent as a JSON object under the EFXHeader parameter. To view the list of header parameters, <a href=\"../docs?path=docs/api-ref-EFX-header.md\" title=\"Click to open\"> click here.</a>","key":"EFXHeader","value":"OrganizationId,<string>,TrnId,<string>,VendorId,<string>,Context,[object Object]"},{"key":"Content-Type","value":"application/json"},{"key":"Accept","value":"application/json"}],"method":"POST","auth":null,"body":{"mode":"raw","raw":"{\n  \"CreditInfo\": {\n    \"CompositeCurAmt\": [\n      {\n        \"CurAmt\": {\n          \"Amt\": \"<number>\",\n          \"CurCode\": {\n            \"CurCodeValue\": {\n              \"value\": \"<Error: Too many levels of nesting to fake this schema>\"\n            },\n            \"CurCodeType\": {\n              \"value\": \"<Error: Too many levels of nesting to fake this schema>\"\n            }\n          }\n        },\n        \"CompositeCurAmtType\": \"<string>\",\n        \"SpecialHandling\": [\n          \"<object>\",\n          \"<object>\"\n        ],\n        \"RefData\": {\n          \"RefType\": \"<string>\",\n          \"RefIdent\": \"<string>\"\n        }\n      },\n      {\n        \"CurAmt\": {\n          \"Amt\": \"<number>\",\n          \"CurCode\": {\n            \"CurCodeValue\": {\n              \"value\": \"<Error: Too many levels of nesting to fake this schema>\"\n            },\n            \"CurCodeType\": {\n              \"value\": \"<Error: Too many levels of nesting to fake this schema>\"\n            }\n          }\n        },\n        \"CompositeCurAmtType\": \"<string>\",\n        \"SpecialHandling\": [\n          \"<object>\",\n          \"<object>\"\n        ],\n        \"RefData\": {\n          \"RefType\": \"<string>\",\n          \"RefIdent\": \"<string>\"\n        }\n      }\n    ],\n    \"CreditType\": \"<string>\",\n    \"PostedDt\": \"<string>\",\n    \"Desc\": [\n      \"<object>\",\n      \"<object>\"\n    ],\n    \"AcctRef\": {\n      \"AcctKeys\": {\n        \"AcctId\": \"<string>\",\n        \"AcctType\": \"<string>\",\n        \"CardKeys\": [\n          {\n            \"value\": \"<Error: Too many levels of nesting to fake this schema>\"\n          },\n          {\n            \"value\": \"<Error: Too many levels of nesting to fake this schema>\"\n          }\n        ],\n        \"CurCode\": [\n          {\n            \"value\": \"<Error: Too many levels of nesting to fake this schema>\"\n          },\n          {\n            \"value\": \"<Error: Too many levels of nesting to fake this schema>\"\n          }\n        ]\n      }\n    },\n    \"CashInData\": [\n      {\n        \"CashAmt\": \"<object>\"\n      },\n      {\n        \"CashAmt\": \"<object>\"\n      }\n    ],\n    \"ChkInData\": [\n      {\n        \"ChkType\": \"<string>\",\n        \"FloatData\": [\n          {\n            \"FloatDetails\": [\n              {\n                \"value\": \"<Error: Too many levels of nesting to fake this schema>\"\n              },\n              {\n                \"value\": \"<Error: Too many levels of nesting to fake this schema>\"\n              }\n            ]\n          },\n          {\n            \"FloatDetails\": [\n              {\n                \"value\": \"<Error: Too many levels of nesting to fake this schema>\"\n              },\n              {\n                \"value\": \"<Error: Too many levels of nesting to fake this schema>\"\n              }\n            ]\n          }\n        ]\n      },\n      {\n        \"ChkType\": \"<string>\",\n        \"FloatData\": [\n          {\n            \"FloatDetails\": [\n              {\n                \"value\": \"<Error: Too many levels of nesting to fake this schema>\"\n              },\n              {\n                \"value\": \"<Error: Too many levels of nesting to fake this schema>\"\n              }\n            ]\n          },\n          {\n            \"FloatDetails\": [\n              {\n                \"value\": \"<Error: Too many levels of nesting to fake this schema>\"\n              },\n              {\n                \"value\": \"<Error: Too many levels of nesting to fake this schema>\"\n              }\n            ]\n          }\n        ]\n      }\n    ],\n    \"NetworkRefData\": {\n      \"TrnIdent\": \"<string>\"\n    },\n    \"PmtData\": {\n      \"PersonNameShort\": {\n        \"FamilyName\": \"<string>\"\n      },\n      \"Name\": \"<string>\",\n      \"PostAddr\": {\n        \"AddrType\": \"<string>\",\n        \"Addr1\": \"<string>\",\n        \"City\": \"<string>\",\n        \"StateProv\": \"<string>\",\n        \"PostalCode\": \"<string>\",\n        \"CountryCode\": {\n          \"CountryCodeValue\": {\n            \"value\": \"<Error: Too many levels of nesting to fake this schema>\"\n          },\n          \"CountryCodeSource\": {\n            \"value\": \"<Error: Too many levels of nesting to fake this schema>\"\n          }\n        },\n        \"AddrLocation\": \"<string>\"\n      },\n      \"AcctKeys\": {\n        \"AcctId\": \"<string>\",\n        \"AcctType\": \"<string>\",\n        \"CardKeys\": [\n          {\n            \"value\": \"<Error: Too many levels of nesting to fake this schema>\"\n          },\n          {\n            \"value\": \"<Error: Too many levels of nesting to fake this schema>\"\n          }\n        ],\n        \"CurCode\": [\n          {\n            \"value\": \"<Error: Too many levels of nesting to fake this schema>\"\n          },\n          {\n            \"value\": \"<Error: Too many levels of nesting to fake this schema>\"\n          }\n        ]\n      }\n    }\n  },\n  \"OvrdExceptionData\": {\n    \"OverrideException\": [\n      {\n        \"SubjectRole\": \"<string>\",\n        \"SubjectIdent\": \"<string>\",\n        \"OvrdExceptionCode\": \"<string>\",\n        \"OvrdElement\": \"<object>\"\n      },\n      {\n        \"SubjectRole\": \"<string>\",\n        \"SubjectIdent\": \"<string>\",\n        \"OvrdExceptionCode\": \"<string>\",\n        \"OvrdElement\": \"<object>\"\n      }\n    ]\n  }\n}","options":{"raw":{"language":"json"}}}},"response":[{"id":"9d4da549-a904-4e2a-aee1-a61c4ae3dd35","name":"Created","originalRequest":{"url":{"path":["credits"],"host":["{{baseUrl}}"],"query":[],"variable":[]},"header":[{"disabled":false,"description":"(Required) EFX Header is a common and required component for all API calls, it contains authentication and client-related parameters. Please note that the header parameters should be sent as a JSON object under the EFXHeader parameter. To view the list of header parameters, <a href=\"../docs?path=docs/api-ref-EFX-header.md\" title=\"Click to open\"> click here.</a>","key":"EFXHeader","value":"{ \"TrnId\": \"f262cfa4-9da4-4a10-b48c-2e947ce3e66c\", \"OrganizationId\": \"PRMOrg10\", \"VendorId\": \"112233\", \"Context\":{ \"Channel\": \"WEB\" } }"},{"key":"Accept","value":"application/json"}],"method":"POST","body":{"mode":"raw","raw":"{\n  \"OvrdAutoAckInd\": false,\n  \"CreditInfo\": {\n    \"CreditType\": \"Credit\",\n    \"Desc\": [\n      \"Credit Transaction\"\n    ],\n    \"AcctRef\": {\n      \"AcctKeys\": {\n        \"AcctId\": \"1040\",\n        \"AcctType\": \"DDA\"\n      }\n    },\n    \"CompositeCurAmt\": [\n      {\n        \"CurAmt\": {\n          \"Amt\": 200,\n          \"CurCode\": {\n            \"CurCodeType\": \"ISO4217-Alpha\",\n            \"CurCodeValue\": \"USD\"\n          }\n        }\n      }\n    ],\n    \"CashInData\": [\n      {\n        \"CashAmt\": {\n          \"Amt\": 5,\n          \"CurCode\": {\n            \"CurCodeType\": \"ISO4217-Alpha\",\n            \"CurCodeValue\": \"USD\"\n          }\n        }\n      }\n    ],\n    \"ChkInData\": [\n      {\n        \"ChkType\": \"NoFloat\",\n        \"FloatData\": [\n          {\n            \"FloatDetails\": [\n              {\n                \"CheckFloatAmt\": {\n                  \"Amt\": 195,\n                  \"CurCode\": {\n                    \"CurCodeType\": \"ISO4217-Alpha\",\n                    \"CurCodeValue\": \"USD\"\n                  }\n                }\n              }\n            ]\n          }\n        ]\n      }\n    ]\n  }\n}","options":{"raw":{"language":"json"}}}},"status":"Created","code":201,"header":[{"key":"Content-Type","value":"application/json"}],"body":"{\n  \"Status\": {\n    \"StatusCode\": \"0\",\n    \"StatusDesc\": \"Success\",\n    \"Severity\": \"Info\",\n    \"SvcProviderName\": \"Premier\"\n  },\n  \"CreditStatusRec\": {\n    \"CreditKeys\": {\n      \"AcctKeys\": {\n        \"AcctId\": \"1040\",\n        \"AcctType\": \"DDA\"\n      }\n    },\n    \"CreditStatus\": {\n      \"CreditStatusCode\": \"Posted\",\n      \"EffDt\": \"2021-08-19T12:20:44.661-06:00\"\n    }\n  },\n  \"Receipt\": {\n    \"AcctBal\": [\n      {\n        \"BalType\": \"PrevLedger\",\n        \"CurAmt\": {\n          \"Amt\": 4355.9,\n          \"CurCode\": {\n            \"CurCodeType\": \"ISO4217-Alpha\",\n            \"CurCodeValue\": \"USD\"\n          }\n        }\n      },\n      {\n        \"BalType\": \"PrevAvail\",\n        \"CurAmt\": {\n          \"Amt\": 4055.9,\n          \"CurCode\": {\n            \"CurCodeType\": \"ISO4217-Alpha\",\n            \"CurCodeValue\": \"USD\"\n          }\n        }\n      },\n      {\n        \"BalType\": \"MemoLedger\",\n        \"CurAmt\": {\n          \"Amt\": 4555.9,\n          \"CurCode\": {\n            \"CurCodeType\": \"ISO4217-Alpha\",\n            \"CurCodeValue\": \"USD\"\n          }\n        }\n      },\n      {\n        \"BalType\": \"Avail\",\n        \"CurAmt\": {\n          \"Amt\": 4255.9,\n          \"CurCode\": {\n            \"CurCodeType\": \"ISO4217-Alpha\",\n            \"CurCodeValue\": \"USD\"\n          }\n        }\n      }\n    ]\n  }\n}","cookie":[],"_postman_previewlanguage":"json"},{"id":"ef3d356b-a925-4469-a336-ddecdf5bb919","name":"Unauthorized","originalRequest":{"url":{"path":["credits"],"host":["{{baseUrl}}"],"query":[],"variable":[]},"header":[{"disabled":false,"description":"(Required) EFX Header is a common and required component for all API calls, it contains authentication and client-related parameters. Please note that the header parameters should be sent as a JSON object under the EFXHeader parameter. To view the list of header parameters, <a href=\"../docs?path=docs/api-ref-EFX-header.md\" title=\"Click to open\"> click here.</a>","key":"EFXHeader","value":"{ \"TrnId\": \"f262cfa4-9da4-4a10-b48c-2e947ce3e66c\", \"OrganizationId\": \"PRMOrg10\", \"VendorId\": \"112233\", \"Context\":{ \"Channel\": \"WEB\" } }"},{"key":"Accept","value":"application/json"}],"method":"POST","body":{"mode":"raw","raw":"{\n  \"OvrdAutoAckInd\": false,\n  \"CreditInfo\": {\n    \"CreditType\": \"Credit\",\n    \"Desc\": [\n      \"Credit Transaction\"\n    ],\n    \"AcctRef\": {\n      \"AcctKeys\": {\n        \"AcctId\": \"1040\",\n        \"AcctType\": \"DDA\"\n      }\n    },\n    \"CompositeCurAmt\": [\n      {\n        \"CurAmt\": {\n          \"Amt\": 200,\n          \"CurCode\": {\n            \"CurCodeType\": \"ISO4217-Alpha\",\n            \"CurCodeValue\": \"USD\"\n          }\n        }\n      }\n    ],\n    \"CashInData\": [\n      {\n        \"CashAmt\": {\n          \"Amt\": 5,\n          \"CurCode\": {\n            \"CurCodeType\": \"ISO4217-Alpha\",\n            \"CurCodeValue\": \"USD\"\n          }\n        }\n      }\n    ],\n    \"ChkInData\": [\n      {\n        \"ChkType\": \"NoFloat\",\n        \"FloatData\": [\n          {\n            \"FloatDetails\": [\n              {\n                \"CheckFloatAmt\": {\n                  \"Amt\": 195,\n                  \"CurCode\": {\n                    \"CurCodeType\": \"ISO4217-Alpha\",\n                    \"CurCodeValue\": \"USD\"\n                  }\n                }\n              }\n            ]\n          }\n        ]\n      }\n    ]\n  }\n}","options":{"raw":{"language":"json"}}}},"status":"Unauthorized","code":401,"header":[{"key":"Content-Type","value":"application/json"}],"body":"{\n  \"Status\": {\n    \"StatusCode\": \"1740\",\n    \"StatusDesc\": \"Authentication Failed\",\n    \"Severity\": \"Error\",\n    \"SvcProviderName\": \"Premier\",\n    \"ServerStatusCode\": \"401\",\n    \"ServerStatusDesc\": \"Unauthorized\"\n  }\n}","cookie":[],"_postman_previewlanguage":"json"},{"id":"45755f91-4408-4436-8bc4-55e1c5fd2ec4","name":"Un-processable Entity","originalRequest":{"url":{"path":["credits"],"host":["{{baseUrl}}"],"query":[],"variable":[]},"header":[{"disabled":false,"description":"(Required) EFX Header is a common and required component for all API calls, it contains authentication and client-related parameters. Please note that the header parameters should be sent as a JSON object under the EFXHeader parameter. To view the list of header parameters, <a href=\"../docs?path=docs/api-ref-EFX-header.md\" title=\"Click to open\"> click here.</a>","key":"EFXHeader","value":"{ \"TrnId\": \"f262cfa4-9da4-4a10-b48c-2e947ce3e66c\", \"OrganizationId\": \"PRMOrg10\", \"VendorId\": \"112233\", \"Context\":{ \"Channel\": \"WEB\" } }"},{"key":"Accept","value":"application/json"}],"method":"POST","body":{"mode":"raw","raw":"{\n  \"OvrdAutoAckInd\": false,\n  \"CreditInfo\": {\n    \"CreditType\": \"Credit\",\n    \"Desc\": [\n      \"Credit Transaction\"\n    ],\n    \"AcctRef\": {\n      \"AcctKeys\": {\n        \"AcctId\": \"1040\",\n        \"AcctType\": \"DDA\"\n      }\n    },\n    \"CompositeCurAmt\": [\n      {\n        \"CurAmt\": {\n          \"Amt\": 200,\n          \"CurCode\": {\n            \"CurCodeType\": \"ISO4217-Alpha\",\n            \"CurCodeValue\": \"USD\"\n          }\n        }\n      }\n    ],\n    \"CashInData\": [\n      {\n        \"CashAmt\": {\n          \"Amt\": 5,\n          \"CurCode\": {\n            \"CurCodeType\": \"ISO4217-Alpha\",\n            \"CurCodeValue\": \"USD\"\n          }\n        }\n      }\n    ],\n    \"ChkInData\": [\n      {\n        \"ChkType\": \"NoFloat\",\n        \"FloatData\": [\n          {\n            \"FloatDetails\": [\n              {\n                \"CheckFloatAmt\": {\n                  \"Amt\": 195,\n                  \"CurCode\": {\n                    \"CurCodeType\": \"ISO4217-Alpha\",\n                    \"CurCodeValue\": \"USD\"\n                  }\n                }\n              }\n            ]\n          }\n        ]\n      }\n    ]\n  }\n}","options":{"raw":{"language":"json"}}}},"status":"Unprocessable Entity (WebDAV) (RFC 4918)","code":422,"header":[{"key":"Content-Type","value":"application/json"}],"body":"{\n  \"Status\": {\n    \"StatusCode\": \"1090\",\n    \"StatusDesc\": \"Invalid Value\",\n    \"Severity\": \"Error\",\n    \"SvcProviderName\": \"Premier\",\n    \"ServerStatusCode\": \"422\",\n    \"ServerStatusDesc\": \"Unprocessable Entity\"\n  }\n}","cookie":[],"_postman_previewlanguage":"json"},{"id":"ffbe6f59-42ab-4c36-b930-a9431ea6e35f","name":"Internal Server Error","originalRequest":{"url":{"path":["credits"],"host":["{{baseUrl}}"],"query":[],"variable":[]},"header":[{"disabled":false,"description":"(Required) EFX Header is a common and required component for all API calls, it contains authentication and client-related parameters. Please note that the header parameters should be sent as a JSON object under the EFXHeader parameter. To view the list of header parameters, <a href=\"../docs?path=docs/api-ref-EFX-header.md\" title=\"Click to open\"> click here.</a>","key":"EFXHeader","value":"{ \"TrnId\": \"f262cfa4-9da4-4a10-b48c-2e947ce3e66c\", \"OrganizationId\": \"PRMOrg10\", \"VendorId\": \"112233\", \"Context\":{ \"Channel\": \"WEB\" } }"},{"key":"Accept","value":"application/json"}],"method":"POST","body":{"mode":"raw","raw":"{\n  \"OvrdAutoAckInd\": false,\n  \"CreditInfo\": {\n    \"CreditType\": \"Credit\",\n    \"Desc\": [\n      \"Credit Transaction\"\n    ],\n    \"AcctRef\": {\n      \"AcctKeys\": {\n        \"AcctId\": \"1040\",\n        \"AcctType\": \"DDA\"\n      }\n    },\n    \"CompositeCurAmt\": [\n      {\n        \"CurAmt\": {\n          \"Amt\": 200,\n          \"CurCode\": {\n            \"CurCodeType\": \"ISO4217-Alpha\",\n            \"CurCodeValue\": \"USD\"\n          }\n        }\n      }\n    ],\n    \"CashInData\": [\n      {\n        \"CashAmt\": {\n          \"Amt\": 5,\n          \"CurCode\": {\n            \"CurCodeType\": \"ISO4217-Alpha\",\n            \"CurCodeValue\": \"USD\"\n          }\n        }\n      }\n    ],\n    \"ChkInData\": [\n      {\n        \"ChkType\": \"NoFloat\",\n        \"FloatData\": [\n          {\n            \"FloatDetails\": [\n              {\n                \"CheckFloatAmt\": {\n                  \"Amt\": 195,\n                  \"CurCode\": {\n                    \"CurCodeType\": \"ISO4217-Alpha\",\n                    \"CurCodeValue\": \"USD\"\n                  }\n                }\n              }\n            ]\n          }\n        ]\n      }\n    ]\n  }\n}","options":{"raw":{"language":"json"}}}},"status":"Internal Server Error","code":500,"header":[{"key":"Content-Type","value":"application/json"}],"body":"{\n  \"Status\": {\n    \"StatusCode\": \"100\",\n    \"StatusDesc\": \"General Error\",\n    \"Severity\": \"Error\",\n    \"SvcProviderName\": \"Premier\",\n    \"ServerStatusCode\": \"500\",\n    \"ServerStatusDesc\": \"Internal Server Error\"\n  }\n}","cookie":[],"_postman_previewlanguage":"json"},{"id":"fc2dfeca-781a-41e0-9323-5fa72ffe150c","name":"Service Unavailable","originalRequest":{"url":{"path":["credits"],"host":["{{baseUrl}}"],"query":[],"variable":[]},"header":[{"disabled":false,"description":"(Required) EFX Header is a common and required component for all API calls, it contains authentication and client-related parameters. Please note that the header parameters should be sent as a JSON object under the EFXHeader parameter. To view the list of header parameters, <a href=\"../docs?path=docs/api-ref-EFX-header.md\" title=\"Click to open\"> click here.</a>","key":"EFXHeader","value":"{ \"TrnId\": \"f262cfa4-9da4-4a10-b48c-2e947ce3e66c\", \"OrganizationId\": \"PRMOrg10\", \"VendorId\": \"112233\", \"Context\":{ \"Channel\": \"WEB\" } }"},{"key":"Accept","value":"application/json"}],"method":"POST","body":{"mode":"raw","raw":"{\n  \"OvrdAutoAckInd\": false,\n  \"CreditInfo\": {\n    \"CreditType\": \"Credit\",\n    \"Desc\": [\n      \"Credit Transaction\"\n    ],\n    \"AcctRef\": {\n      \"AcctKeys\": {\n        \"AcctId\": \"1040\",\n        \"AcctType\": \"DDA\"\n      }\n    },\n    \"CompositeCurAmt\": [\n      {\n        \"CurAmt\": {\n          \"Amt\": 200,\n          \"CurCode\": {\n            \"CurCodeType\": \"ISO4217-Alpha\",\n            \"CurCodeValue\": \"USD\"\n          }\n        }\n      }\n    ],\n    \"CashInData\": [\n      {\n        \"CashAmt\": {\n          \"Amt\": 5,\n          \"CurCode\": {\n            \"CurCodeType\": \"ISO4217-Alpha\",\n            \"CurCodeValue\": \"USD\"\n          }\n        }\n      }\n    ],\n    \"ChkInData\": [\n      {\n        \"ChkType\": \"NoFloat\",\n        \"FloatData\": [\n          {\n            \"FloatDetails\": [\n              {\n                \"CheckFloatAmt\": {\n                  \"Amt\": 195,\n                  \"CurCode\": {\n                    \"CurCodeType\": \"ISO4217-Alpha\",\n                    \"CurCodeValue\": \"USD\"\n                  }\n                }\n              }\n            ]\n          }\n        ]\n      }\n    ]\n  }\n}","options":{"raw":{"language":"json"}}}},"status":"Service Unavailable","code":503,"header":[{"key":"Content-Type","value":"application/json"}],"body":"{\n  \"Status\": {\n    \"StatusCode\": \"300\",\n    \"StatusDesc\": \"System Not Available\",\n    \"Severity\": \"Error\",\n    \"SvcProviderName\": \"Premier\",\n    \"ServerStatusCode\": \"503\",\n    \"ServerStatusDesc\": \"Service Unavailable\"\n  }\n}","cookie":[],"_postman_previewlanguage":"json"},{"id":"38df720a-b233-42fa-9b4d-e2dabaf95846","name":"See HTTP Status Code Standards","originalRequest":{"url":{"path":["credits"],"host":["{{baseUrl}}"],"query":[],"variable":[]},"header":[{"disabled":false,"description":"(Required) EFX Header is a common and required component for all API calls, it contains authentication and client-related parameters. Please note that the header parameters should be sent as a JSON object under the EFXHeader parameter. To view the list of header parameters, <a href=\"../docs?path=docs/api-ref-EFX-header.md\" title=\"Click to open\"> click here.</a>","key":"EFXHeader","value":"{ \"TrnId\": \"f262cfa4-9da4-4a10-b48c-2e947ce3e66c\", \"OrganizationId\": \"PRMOrg10\", \"VendorId\": \"112233\", \"Context\":{ \"Channel\": \"WEB\" } }"},{"key":"Accept","value":"application/json"}],"method":"POST","body":{"mode":"raw","raw":"{\n  \"OvrdAutoAckInd\": false,\n  \"CreditInfo\": {\n    \"CreditType\": \"Credit\",\n    \"Desc\": [\n      \"Credit Transaction\"\n    ],\n    \"AcctRef\": {\n      \"AcctKeys\": {\n        \"AcctId\": \"1040\",\n        \"AcctType\": \"DDA\"\n      }\n    },\n    \"CompositeCurAmt\": [\n      {\n        \"CurAmt\": {\n          \"Amt\": 200,\n          \"CurCode\": {\n            \"CurCodeType\": \"ISO4217-Alpha\",\n            \"CurCodeValue\": \"USD\"\n          }\n        }\n      }\n    ],\n    \"CashInData\": [\n      {\n        \"CashAmt\": {\n          \"Amt\": 5,\n          \"CurCode\": {\n            \"CurCodeType\": \"ISO4217-Alpha\",\n            \"CurCodeValue\": \"USD\"\n          }\n        }\n      }\n    ],\n    \"ChkInData\": [\n      {\n        \"ChkType\": \"NoFloat\",\n        \"FloatData\": [\n          {\n            \"FloatDetails\": [\n              {\n                \"CheckFloatAmt\": {\n                  \"Amt\": 195,\n                  \"CurCode\": {\n                    \"CurCodeType\": \"ISO4217-Alpha\",\n                    \"CurCodeValue\": \"USD\"\n                  }\n                }\n              }\n            ]\n          }\n        ]\n      }\n    ]\n  }\n}","options":{"raw":{"language":"json"}}}},"status":"Internal Server Error","code":500,"header":[{"key":"Content-Type","value":"application/json"}],"body":"{\n  \"Status\": {\n    \"Severity\": \"Warning\",\n    \"StatusCode\": \"labor\",\n    \"StatusDesc\": \"labore dolor quis irure fugiat\",\n    \"SvcProviderName\": \"amet ipsum\",\n    \"ServerStatusCode\": \"n\",\n    \"ServerStatusDesc\": \"ex occaecat in nulla\",\n    \"OvrdExceptionInd\": true,\n    \"SubjectRole\": \"sit sint\",\n    \"SubjectElement\": [\n      {\n        \"Path\": \"Excepteur\",\n        \"ServerPath\": \"in cupid\",\n        \"Value\": \"eiusmod Lorem et veniam est\"\n      },\n      {\n        \"Path\": \"cupidatat\",\n        \"ServerPath\": \"dolore officia occaecat nulla\",\n        \"Value\": \"labore\"\n      }\n    ],\n    \"ContentHTML\": \"cupidatat nulla\",\n    \"AdditionalStatus\": [\n      {\n        \"StatusCode\": \"sint elit of\",\n        \"StatusDesc\": \"dolor elit Lorem\",\n        \"Severity\": \"Warning\",\n        \"SvcProviderName\": \"in labore\",\n        \"ServerStatusCode\": \"dolor ea proident\",\n        \"ServerStatusDesc\": \"mollit non consequat elit\",\n        \"OvrdExceptionInd\": true,\n        \"SubjectElement\": [\n          {\n            \"Path\": \"Lorem eiusmod deserunt\",\n            \"ServerPath\": \"sit nulla non\",\n            \"Value\": \"ut\"\n          },\n          {\n            \"Path\": \"ipsum velit nostrud\",\n            \"ServerPath\": \"do sint\",\n            \"Value\": \"Excepteur minim in id\"\n          }\n        ]\n      },\n      {\n        \"StatusCode\": \"in aute\",\n        \"StatusDesc\": \"dolore officia\",\n        \"Severity\": \"Info\",\n        \"SvcProviderName\": \"sun\",\n        \"ServerStatusCode\": \"non dolor\",\n        \"ServerStatusDesc\": \"sunt veniam nisi\",\n        \"OvrdExceptionInd\": false,\n        \"SubjectElement\": [\n          {\n            \"Path\": \"laboris consequat Duis\",\n            \"ServerPath\": \"ut aute incididunt ad\",\n            \"Value\": \"tempor adipisicing minim dolore mo\"\n          },\n          {\n            \"Path\": \"tempor veniam\",\n            \"ServerPath\": \"do sunt\",\n            \"Value\": \"exercitation dolore\"\n          }\n        ]\n      }\n    ]\n  },\n  \"CreditStatusRec\": {\n    \"CreditStatus\": {\n      \"CreditStatusCode\": \"Valid\",\n      \"EffDt\": \"2021-01-31T23:59:59.999\"\n    },\n    \"CreditKeys\": {\n      \"CreditId\": \"800520170\",\n      \"AcctKeys\": {\n        \"AcctId\": \"1040\",\n        \"AcctType\": \"<string>\",\n        \"CardKeys\": [\n          {\n            \"value\": \"<Error: Too many levels of nesting to fake this schema>\"\n          },\n          {\n            \"value\": \"<Error: Too many levels of nesting to fake this schema>\"\n          }\n        ],\n        \"CurCode\": [\n          {\n            \"value\": \"<Error: Too many levels of nesting to fake this schema>\"\n          },\n          {\n            \"value\": \"<Error: Too many levels of nesting to fake this schema>\"\n          }\n        ]\n      }\n    }\n  },\n  \"Receipt\": {\n    \"AcctBal\": [\n      {\n        \"BalType\": \"exercitation aliquip\",\n        \"CurAmt\": {\n          \"Amt\": 10,\n          \"CurCode\": {\n            \"CurCodeValue\": {\n              \"value\": \"<Error: Too many levels of nesting to fake this schema>\"\n            },\n            \"CurCodeType\": {\n              \"value\": \"<Error: Too many levels of nesting to fake this schema>\"\n            }\n          }\n        }\n      },\n      {\n        \"BalType\": \"\",\n        \"CurAmt\": {\n          \"Amt\": 10,\n          \"CurCode\": {\n            \"CurCodeValue\": {\n              \"value\": \"<Error: Too many levels of nesting to fake this schema>\"\n            },\n            \"CurCodeType\": {\n              \"value\": \"<Error: Too many levels of nesting to fake this schema>\"\n            }\n          }\n        }\n      }\n    ]\n  }\n}","cookie":[],"_postman_previewlanguage":"json"}],"event":[],"protocolProfileBehavior":{"disableBodyPruning":true}}],"event":[]}],"event":[],"variable":[{"type":"string","value":"/","key":"baseUrl"}],"info":{"_postman_id":"dde01026-5e98-46a9-8834-c7982b7424c2","name":"Credit Service","schema":"https://schema.getpostman.com/json/collection/v2.1.0/collection.json","description":{"content":"The Credit service is used to add or reverse credit entry for a specified loan or deposit product account. <br> This service helps to reverse from or post credit entry to the beneficiary or receiver’s account for specific types of payments including wire transfers plus fees.\n\nContact Support:\n Name: Isabelle Mathon\n Email: Isabelle.Mathon@fiserv.com","type":"text/plain"}}}