{"item":[{"id":"29e02908-96a5-4fb1-9892-6d6da51e6c3d","name":"cards/embosser","item":[{"id":"1395459d-05f8-4486-957c-2a278542d2e6","name":"Add Card Record. VMX Service: M.CMS.EMBOSSER.ADD, L8V8","request":{"name":"Add Card Record. VMX Service: M.CMS.EMBOSSER.ADD, L8V8","description":{"content":"Adds a Card or Plastic record to an Account. \nVMX Service: M.CMS.EMBOSSER.ADD, L8V8","type":"text/plain"},"url":{"path":["cards","embosser",""],"host":["{{baseUrl}}"],"query":[],"variable":[]},"header":[{"disabled":false,"description":"(Required) API Key","key":"apikey","value":"<string>"},{"disabled":false,"description":"(Required) Client ID","key":"X-ClientID","value":"<string>"},{"key":"Content-Type","value":"application/json"},{"key":"Accept","value":"application/json"}],"method":"POST","auth":null,"body":{"mode":"raw","raw":"{\n  \"cardNumber\": \"<string>\",\n  \"enrollmentStatusVBV\": \"<string>\",\n  \"organizationNumber\": \"<integer>\",\n  \"postToAccount\": \"<string>\",\n  \"vbvPassword\": \"<string>\",\n  \"cardSequence\": \"<integer>\",\n  \"cardAction\": \"<integer>\",\n  \"numberOfCardsRequested\": \"<integer>\",\n  \"typeOfCard\": \"<integer>\",\n  \"requestedCardType\": \"<integer>\",\n  \"typeCardMailer\": \"<integer>\",\n  \"plasticId\": \"<string>\",\n  \"name1TypeIndicator\": \"<integer>\",\n  \"name2TypeIndicator\": \"<integer>\",\n  \"embossedName1\": \"<string>\",\n  \"embossedName2\": \"<string>\",\n  \"securedCodeActivate\": \"<integer>\",\n  \"visaPlusIndicator\": \"<integer>\",\n  \"pinMailerDelayDays\": \"<integer>\",\n  \"expirationDate\": \"<date>\",\n  \"customerNumber\": \"<string>\",\n  \"name1\": \"<string>\",\n  \"name2\": \"<string>\",\n  \"pinOffset\": \"<integer>\",\n  \"posServiceCode\": \"<integer>\",\n  \"cardholderFlag\": \"<string>\",\n  \"addressLine1\": \"<string>\",\n  \"addressLine2\": \"<string>\",\n  \"city\": \"<string>\",\n  \"stateOrProvince\": \"<string>\",\n  \"postalCode\": \"<string>\",\n  \"languageCode\": \"<string>\",\n  \"visaMiniIndicator\": \"<integer>\",\n  \"pinSuppression\": \"<integer>\",\n  \"blockCode\": \"<string>\",\n  \"currentCardActivation\": \"<string>\",\n  \"maximumAuthorizationFrequency\": \"<integer>\",\n  \"atmCashNumber\": \"<integer>\",\n  \"atmCashAmount\": \"<number>\",\n  \"atmCashSingleTransactionLimit\": \"<number>\",\n  \"overTheCounterCashNumber\": \"<integer>\",\n  \"overTheCounterCashAmount\": \"<number>\",\n  \"overTheCounterCashSingleTransactionLimit\": \"<number>\",\n  \"retailPurchaseNumber\": \"<integer>\",\n  \"retailPurchaseAmt\": \"<number>\",\n  \"retailPurchaseSingleTransactionLimit\": \"<number>\",\n  \"internetPurchaseAmount\": \"<number>\",\n  \"internetPurchaseNumber\": \"<number>\",\n  \"internetPurchaseSingleTransactionLimit\": \"<number>\",\n  \"user1\": \"<string>\",\n  \"user2\": \"<string>\",\n  \"user3\": \"<string>\",\n  \"user4\": \"<integer>\",\n  \"user5\": \"<string>\",\n  \"user6\": \"<string>\",\n  \"user7\": \"<string>\",\n  \"user8\": \"<string>\",\n  \"userDate1\": \"<date>\",\n  \"userDate2\": \"<date>\",\n  \"branchNumber\": \"<integer>\",\n  \"reissueDeliveryOption\": \"<integer>\",\n  \"nextCardExpirationDate\": \"<date>\",\n  \"firstIssueBranch\": \"<integer>\",\n  \"deliveryOption\": \"<integer>\",\n  \"authorizationCriteriaTableNumber\": \"<string>\",\n  \"cardDelayDays\": \"<integer>\",\n  \"authorizationSpendingLimitTable\": \"<string>\",\n  \"assignedSpendingLimits\": {\n    \"maximumSpendingLimit\": \"<number>\",\n    \"spendingTransaction\": \"<number>\",\n    \"spendingFrequency\": \"<integer>\"\n  },\n  \"programId\": \"<integer>\",\n  \"deviceIndicator\": \"<string>\",\n  \"processType\": \"<integer>\",\n  \"cardholderAffiliationGroupId\": \"<integer>\",\n  \"cardActionReasonCode\": \"<string>\"\n}","options":{"raw":{"language":"json"}}}},"response":[{"id":"b7d591fc-ebb9-430a-afdc-ac23a9212b86","name":"Success","originalRequest":{"url":{"path":["cards","embosser",""],"host":["{{baseUrl}}"],"query":[],"variable":[]},"header":[{"disabled":false,"description":"(Required) API Key","key":"apikey","value":"<string>"},{"disabled":false,"description":"(Required) Client ID","key":"X-ClientID","value":"00970"},{"key":"Accept","value":"application/json"}],"method":"POST","body":{"mode":"raw","raw":"{\n  \"cardNumber\": \"<string>\",\n  \"enrollmentStatusVBV\": \"N\",\n  \"organizationNumber\": \"<integer>\",\n  \"postToAccount\": \"000001234XXXXX56789\",\n  \"vbvPassword\": \"BANDEBOGOT\",\n  \"cardSequence\": 1,\n  \"cardAction\": 1,\n  \"numberOfCardsRequested\": 11,\n  \"typeOfCard\": 11,\n  \"requestedCardType\": 11,\n  \"typeCardMailer\": 11,\n  \"plasticId\": \"1111111111\",\n  \"name1TypeIndicator\": 1,\n  \"name2TypeIndicator\": 1,\n  \"embossedName1\": \"HELLO\",\n  \"embossedName2\": \"KIT-KAT WALLER\",\n  \"securedCodeActivate\": 1,\n  \"visaPlusIndicator\": 1,\n  \"pinMailerDelayDays\": 1,\n  \"expirationDate\": \"2023-10-04\",\n  \"customerNumber\": \"000001234XXXXX56789\",\n  \"name1\": \"RUN DMC\",\n  \"name2\": \"RICK ROSS\",\n  \"pinOffset\": 1,\n  \"posServiceCode\": 101,\n  \"cardholderFlag\": \"1\",\n  \"addressLine1\": \"PORT OF MIAMI\",\n  \"addressLine2\": \"117 E PARKWAY AVE\",\n  \"city\": \"MIAMI\",\n  \"stateOrProvince\": \"FL\",\n  \"postalCode\": \"38585\",\n  \"languageCode\": \"ENG\",\n  \"visaMiniIndicator\": 1,\n  \"pinSuppression\": 1,\n  \"blockCode\": \"A\",\n  \"currentCardActivation\": \"<string>\",\n  \"maximumAuthorizationFrequency\": 1,\n  \"atmCashNumber\": 1,\n  \"atmCashAmount\": 10000000000000000,\n  \"atmCashSingleTransactionLimit\": 10000000000000000,\n  \"overTheCounterCashNumber\": 1,\n  \"overTheCounterCashAmount\": 10000000000000000,\n  \"overTheCounterCashSingleTransactionLimit\": 10000000000000000,\n  \"retailPurchaseNumber\": 1,\n  \"retailPurchaseAmt\": 10000000000000000,\n  \"retailPurchaseSingleTransactionLimit\": 10000000000000000,\n  \"internetPurchaseAmount\": 1000000000000,\n  \"internetPurchaseNumber\": 100000000,\n  \"internetPurchaseSingleTransactionLimit\": 1000000000000,\n  \"user1\": \"1\",\n  \"user2\": \"2\",\n  \"user3\": \"3\",\n  \"user4\": 4,\n  \"user5\": \"5\",\n  \"user6\": \"6\",\n  \"user7\": \"7\",\n  \"user8\": \"8\",\n  \"userDate1\": \"2023-10-04\",\n  \"userDate2\": \"2023-10-04\",\n  \"branchNumber\": 1,\n  \"reissueDeliveryOption\": 1,\n  \"nextCardExpirationDate\": \"2023-10-04\",\n  \"firstIssueBranch\": 1,\n  \"deliveryOption\": 1,\n  \"authorizationCriteriaTableNumber\": \"<string>\",\n  \"cardDelayDays\": 11,\n  \"authorizationSpendingLimitTable\": \"ABC\",\n  \"assignedSpendingLimits\": {\n    \"maximumSpendingLimit\": 10000000000000000,\n    \"spendingTransaction\": 10000000000000000,\n    \"spendingFrequency\": \"<integer>\"\n  },\n  \"programId\": 111111111,\n  \"deviceIndicator\": \"C\",\n  \"processType\": 1,\n  \"cardholderAffiliationGroupId\": 12348,\n  \"cardActionReasonCode\": \"<string>\"\n}","options":{"raw":{"language":"json"}}}},"status":"OK","code":200,"header":[{"key":"Content-Type","value":"application/json"}],"body":"{\n  \"organizationNumber\": 998,\n  \"organizationAssociatedToForeignAccount\": 998,\n  \"logo\": 998,\n  \"accountNumber\": \"000001234XXXXX56789\",\n  \"cardNumber\": \"000001234XXXXX56789\",\n  \"cardSequence\": 1111,\n  \"currentChipSequenceNumber\": 12\n}","cookie":[],"_postman_previewlanguage":"json"},{"id":"5ad3e1d9-1aee-4753-97fe-761143c916fa","name":"Redirection","originalRequest":{"url":{"path":["cards","embosser",""],"host":["{{baseUrl}}"],"query":[],"variable":[]},"header":[{"disabled":false,"description":"(Required) API Key","key":"apikey","value":"<string>"},{"disabled":false,"description":"(Required) Client ID","key":"X-ClientID","value":"00970"},{"key":"Accept","value":"application/json"}],"method":"POST","body":{"mode":"raw","raw":"{\n  \"cardNumber\": \"<string>\",\n  \"enrollmentStatusVBV\": \"N\",\n  \"organizationNumber\": \"<integer>\",\n  \"postToAccount\": \"000001234XXXXX56789\",\n  \"vbvPassword\": \"BANDEBOGOT\",\n  \"cardSequence\": 1,\n  \"cardAction\": 1,\n  \"numberOfCardsRequested\": 11,\n  \"typeOfCard\": 11,\n  \"requestedCardType\": 11,\n  \"typeCardMailer\": 11,\n  \"plasticId\": \"1111111111\",\n  \"name1TypeIndicator\": 1,\n  \"name2TypeIndicator\": 1,\n  \"embossedName1\": \"HELLO\",\n  \"embossedName2\": \"KIT-KAT WALLER\",\n  \"securedCodeActivate\": 1,\n  \"visaPlusIndicator\": 1,\n  \"pinMailerDelayDays\": 1,\n  \"expirationDate\": \"2023-10-04\",\n  \"customerNumber\": \"000001234XXXXX56789\",\n  \"name1\": \"RUN DMC\",\n  \"name2\": \"RICK ROSS\",\n  \"pinOffset\": 1,\n  \"posServiceCode\": 101,\n  \"cardholderFlag\": \"1\",\n  \"addressLine1\": \"PORT OF MIAMI\",\n  \"addressLine2\": \"117 E PARKWAY AVE\",\n  \"city\": \"MIAMI\",\n  \"stateOrProvince\": \"FL\",\n  \"postalCode\": \"38585\",\n  \"languageCode\": \"ENG\",\n  \"visaMiniIndicator\": 1,\n  \"pinSuppression\": 1,\n  \"blockCode\": \"A\",\n  \"currentCardActivation\": \"<string>\",\n  \"maximumAuthorizationFrequency\": 1,\n  \"atmCashNumber\": 1,\n  \"atmCashAmount\": 10000000000000000,\n  \"atmCashSingleTransactionLimit\": 10000000000000000,\n  \"overTheCounterCashNumber\": 1,\n  \"overTheCounterCashAmount\": 10000000000000000,\n  \"overTheCounterCashSingleTransactionLimit\": 10000000000000000,\n  \"retailPurchaseNumber\": 1,\n  \"retailPurchaseAmt\": 10000000000000000,\n  \"retailPurchaseSingleTransactionLimit\": 10000000000000000,\n  \"internetPurchaseAmount\": 1000000000000,\n  \"internetPurchaseNumber\": 100000000,\n  \"internetPurchaseSingleTransactionLimit\": 1000000000000,\n  \"user1\": \"1\",\n  \"user2\": \"2\",\n  \"user3\": \"3\",\n  \"user4\": 4,\n  \"user5\": \"5\",\n  \"user6\": \"6\",\n  \"user7\": \"7\",\n  \"user8\": \"8\",\n  \"userDate1\": \"2023-10-04\",\n  \"userDate2\": \"2023-10-04\",\n  \"branchNumber\": 1,\n  \"reissueDeliveryOption\": 1,\n  \"nextCardExpirationDate\": \"2023-10-04\",\n  \"firstIssueBranch\": 1,\n  \"deliveryOption\": 1,\n  \"authorizationCriteriaTableNumber\": \"<string>\",\n  \"cardDelayDays\": 11,\n  \"authorizationSpendingLimitTable\": \"ABC\",\n  \"assignedSpendingLimits\": {\n    \"maximumSpendingLimit\": 10000000000000000,\n    \"spendingTransaction\": 10000000000000000,\n    \"spendingFrequency\": \"<integer>\"\n  },\n  \"programId\": 111111111,\n  \"deviceIndicator\": \"C\",\n  \"processType\": 1,\n  \"cardholderAffiliationGroupId\": 12348,\n  \"cardActionReasonCode\": \"<string>\"\n}","options":{"raw":{"language":"json"}}}},"status":"Multiple Choices","code":300,"header":[{"key":"Content-Type","value":"application/json"}],"body":"{\n  \"hasError\": true,\n  \"errors\": [\n    {\n      \"code\": \"deserunt pariatur ad\",\n      \"description\": \"cillum ut\"\n    },\n    {\n      \"code\": \"adipisicing veniam aute\",\n      \"description\": \"ipsum mollit reprehenderit aliquip\"\n    }\n  ],\n  \"data\": {}\n}","cookie":[],"_postman_previewlanguage":"json"},{"id":"74de5b39-3f36-4e49-85f6-126e4affd475","name":"Bad Request","originalRequest":{"url":{"path":["cards","embosser",""],"host":["{{baseUrl}}"],"query":[],"variable":[]},"header":[{"disabled":false,"description":"(Required) API Key","key":"apikey","value":"<string>"},{"disabled":false,"description":"(Required) Client ID","key":"X-ClientID","value":"00970"}],"method":"POST","body":{"mode":"raw","raw":"{\n  \"cardNumber\": \"<string>\",\n  \"enrollmentStatusVBV\": \"N\",\n  \"organizationNumber\": \"<integer>\",\n  \"postToAccount\": \"000001234XXXXX56789\",\n  \"vbvPassword\": \"BANDEBOGOT\",\n  \"cardSequence\": 1,\n  \"cardAction\": 1,\n  \"numberOfCardsRequested\": 11,\n  \"typeOfCard\": 11,\n  \"requestedCardType\": 11,\n  \"typeCardMailer\": 11,\n  \"plasticId\": \"1111111111\",\n  \"name1TypeIndicator\": 1,\n  \"name2TypeIndicator\": 1,\n  \"embossedName1\": \"HELLO\",\n  \"embossedName2\": \"KIT-KAT WALLER\",\n  \"securedCodeActivate\": 1,\n  \"visaPlusIndicator\": 1,\n  \"pinMailerDelayDays\": 1,\n  \"expirationDate\": \"2023-10-04\",\n  \"customerNumber\": \"000001234XXXXX56789\",\n  \"name1\": \"RUN DMC\",\n  \"name2\": \"RICK ROSS\",\n  \"pinOffset\": 1,\n  \"posServiceCode\": 101,\n  \"cardholderFlag\": \"1\",\n  \"addressLine1\": \"PORT OF MIAMI\",\n  \"addressLine2\": \"117 E PARKWAY AVE\",\n  \"city\": \"MIAMI\",\n  \"stateOrProvince\": \"FL\",\n  \"postalCode\": \"38585\",\n  \"languageCode\": \"ENG\",\n  \"visaMiniIndicator\": 1,\n  \"pinSuppression\": 1,\n  \"blockCode\": \"A\",\n  \"currentCardActivation\": \"<string>\",\n  \"maximumAuthorizationFrequency\": 1,\n  \"atmCashNumber\": 1,\n  \"atmCashAmount\": 10000000000000000,\n  \"atmCashSingleTransactionLimit\": 10000000000000000,\n  \"overTheCounterCashNumber\": 1,\n  \"overTheCounterCashAmount\": 10000000000000000,\n  \"overTheCounterCashSingleTransactionLimit\": 10000000000000000,\n  \"retailPurchaseNumber\": 1,\n  \"retailPurchaseAmt\": 10000000000000000,\n  \"retailPurchaseSingleTransactionLimit\": 10000000000000000,\n  \"internetPurchaseAmount\": 1000000000000,\n  \"internetPurchaseNumber\": 100000000,\n  \"internetPurchaseSingleTransactionLimit\": 1000000000000,\n  \"user1\": \"1\",\n  \"user2\": \"2\",\n  \"user3\": \"3\",\n  \"user4\": 4,\n  \"user5\": \"5\",\n  \"user6\": \"6\",\n  \"user7\": \"7\",\n  \"user8\": \"8\",\n  \"userDate1\": \"2023-10-04\",\n  \"userDate2\": \"2023-10-04\",\n  \"branchNumber\": 1,\n  \"reissueDeliveryOption\": 1,\n  \"nextCardExpirationDate\": \"2023-10-04\",\n  \"firstIssueBranch\": 1,\n  \"deliveryOption\": 1,\n  \"authorizationCriteriaTableNumber\": \"<string>\",\n  \"cardDelayDays\": 11,\n  \"authorizationSpendingLimitTable\": \"ABC\",\n  \"assignedSpendingLimits\": {\n    \"maximumSpendingLimit\": 10000000000000000,\n    \"spendingTransaction\": 10000000000000000,\n    \"spendingFrequency\": \"<integer>\"\n  },\n  \"programId\": 111111111,\n  \"deviceIndicator\": \"C\",\n  \"processType\": 1,\n  \"cardholderAffiliationGroupId\": 12348,\n  \"cardActionReasonCode\": \"<string>\"\n}","options":{"raw":{"language":"json"}}}},"status":"Bad Request","code":400,"header":[{"key":"Content-Type","value":"text/plain"}],"body":"","cookie":[],"_postman_previewlanguage":"text"},{"id":"da1df800-acdd-4eee-8b39-d489fb063640","name":"Unauthorized","originalRequest":{"url":{"path":["cards","embosser",""],"host":["{{baseUrl}}"],"query":[],"variable":[]},"header":[{"disabled":false,"description":"(Required) API Key","key":"apikey","value":"<string>"},{"disabled":false,"description":"(Required) Client ID","key":"X-ClientID","value":"00970"}],"method":"POST","body":{"mode":"raw","raw":"{\n  \"cardNumber\": \"<string>\",\n  \"enrollmentStatusVBV\": \"N\",\n  \"organizationNumber\": \"<integer>\",\n  \"postToAccount\": \"000001234XXXXX56789\",\n  \"vbvPassword\": \"BANDEBOGOT\",\n  \"cardSequence\": 1,\n  \"cardAction\": 1,\n  \"numberOfCardsRequested\": 11,\n  \"typeOfCard\": 11,\n  \"requestedCardType\": 11,\n  \"typeCardMailer\": 11,\n  \"plasticId\": \"1111111111\",\n  \"name1TypeIndicator\": 1,\n  \"name2TypeIndicator\": 1,\n  \"embossedName1\": \"HELLO\",\n  \"embossedName2\": \"KIT-KAT WALLER\",\n  \"securedCodeActivate\": 1,\n  \"visaPlusIndicator\": 1,\n  \"pinMailerDelayDays\": 1,\n  \"expirationDate\": \"2023-10-04\",\n  \"customerNumber\": \"000001234XXXXX56789\",\n  \"name1\": \"RUN DMC\",\n  \"name2\": \"RICK ROSS\",\n  \"pinOffset\": 1,\n  \"posServiceCode\": 101,\n  \"cardholderFlag\": \"1\",\n  \"addressLine1\": \"PORT OF MIAMI\",\n  \"addressLine2\": \"117 E PARKWAY AVE\",\n  \"city\": \"MIAMI\",\n  \"stateOrProvince\": \"FL\",\n  \"postalCode\": \"38585\",\n  \"languageCode\": \"ENG\",\n  \"visaMiniIndicator\": 1,\n  \"pinSuppression\": 1,\n  \"blockCode\": \"A\",\n  \"currentCardActivation\": \"<string>\",\n  \"maximumAuthorizationFrequency\": 1,\n  \"atmCashNumber\": 1,\n  \"atmCashAmount\": 10000000000000000,\n  \"atmCashSingleTransactionLimit\": 10000000000000000,\n  \"overTheCounterCashNumber\": 1,\n  \"overTheCounterCashAmount\": 10000000000000000,\n  \"overTheCounterCashSingleTransactionLimit\": 10000000000000000,\n  \"retailPurchaseNumber\": 1,\n  \"retailPurchaseAmt\": 10000000000000000,\n  \"retailPurchaseSingleTransactionLimit\": 10000000000000000,\n  \"internetPurchaseAmount\": 1000000000000,\n  \"internetPurchaseNumber\": 100000000,\n  \"internetPurchaseSingleTransactionLimit\": 1000000000000,\n  \"user1\": \"1\",\n  \"user2\": \"2\",\n  \"user3\": \"3\",\n  \"user4\": 4,\n  \"user5\": \"5\",\n  \"user6\": \"6\",\n  \"user7\": \"7\",\n  \"user8\": \"8\",\n  \"userDate1\": \"2023-10-04\",\n  \"userDate2\": \"2023-10-04\",\n  \"branchNumber\": 1,\n  \"reissueDeliveryOption\": 1,\n  \"nextCardExpirationDate\": \"2023-10-04\",\n  \"firstIssueBranch\": 1,\n  \"deliveryOption\": 1,\n  \"authorizationCriteriaTableNumber\": \"<string>\",\n  \"cardDelayDays\": 11,\n  \"authorizationSpendingLimitTable\": \"ABC\",\n  \"assignedSpendingLimits\": {\n    \"maximumSpendingLimit\": 10000000000000000,\n    \"spendingTransaction\": 10000000000000000,\n    \"spendingFrequency\": \"<integer>\"\n  },\n  \"programId\": 111111111,\n  \"deviceIndicator\": \"C\",\n  \"processType\": 1,\n  \"cardholderAffiliationGroupId\": 12348,\n  \"cardActionReasonCode\": \"<string>\"\n}","options":{"raw":{"language":"json"}}}},"status":"Unauthorized","code":401,"header":[{"key":"Content-Type","value":"text/plain"}],"body":"","cookie":[],"_postman_previewlanguage":"text"},{"id":"df0d85e4-1004-4602-96fb-82ae1e6f5571","name":"Forbidden","originalRequest":{"url":{"path":["cards","embosser",""],"host":["{{baseUrl}}"],"query":[],"variable":[]},"header":[{"disabled":false,"description":"(Required) API Key","key":"apikey","value":"<string>"},{"disabled":false,"description":"(Required) Client ID","key":"X-ClientID","value":"00970"}],"method":"POST","body":{"mode":"raw","raw":"{\n  \"cardNumber\": \"<string>\",\n  \"enrollmentStatusVBV\": \"N\",\n  \"organizationNumber\": \"<integer>\",\n  \"postToAccount\": \"000001234XXXXX56789\",\n  \"vbvPassword\": \"BANDEBOGOT\",\n  \"cardSequence\": 1,\n  \"cardAction\": 1,\n  \"numberOfCardsRequested\": 11,\n  \"typeOfCard\": 11,\n  \"requestedCardType\": 11,\n  \"typeCardMailer\": 11,\n  \"plasticId\": \"1111111111\",\n  \"name1TypeIndicator\": 1,\n  \"name2TypeIndicator\": 1,\n  \"embossedName1\": \"HELLO\",\n  \"embossedName2\": \"KIT-KAT WALLER\",\n  \"securedCodeActivate\": 1,\n  \"visaPlusIndicator\": 1,\n  \"pinMailerDelayDays\": 1,\n  \"expirationDate\": \"2023-10-04\",\n  \"customerNumber\": \"000001234XXXXX56789\",\n  \"name1\": \"RUN DMC\",\n  \"name2\": \"RICK ROSS\",\n  \"pinOffset\": 1,\n  \"posServiceCode\": 101,\n  \"cardholderFlag\": \"1\",\n  \"addressLine1\": \"PORT OF MIAMI\",\n  \"addressLine2\": \"117 E PARKWAY AVE\",\n  \"city\": \"MIAMI\",\n  \"stateOrProvince\": \"FL\",\n  \"postalCode\": \"38585\",\n  \"languageCode\": \"ENG\",\n  \"visaMiniIndicator\": 1,\n  \"pinSuppression\": 1,\n  \"blockCode\": \"A\",\n  \"currentCardActivation\": \"<string>\",\n  \"maximumAuthorizationFrequency\": 1,\n  \"atmCashNumber\": 1,\n  \"atmCashAmount\": 10000000000000000,\n  \"atmCashSingleTransactionLimit\": 10000000000000000,\n  \"overTheCounterCashNumber\": 1,\n  \"overTheCounterCashAmount\": 10000000000000000,\n  \"overTheCounterCashSingleTransactionLimit\": 10000000000000000,\n  \"retailPurchaseNumber\": 1,\n  \"retailPurchaseAmt\": 10000000000000000,\n  \"retailPurchaseSingleTransactionLimit\": 10000000000000000,\n  \"internetPurchaseAmount\": 1000000000000,\n  \"internetPurchaseNumber\": 100000000,\n  \"internetPurchaseSingleTransactionLimit\": 1000000000000,\n  \"user1\": \"1\",\n  \"user2\": \"2\",\n  \"user3\": \"3\",\n  \"user4\": 4,\n  \"user5\": \"5\",\n  \"user6\": \"6\",\n  \"user7\": \"7\",\n  \"user8\": \"8\",\n  \"userDate1\": \"2023-10-04\",\n  \"userDate2\": \"2023-10-04\",\n  \"branchNumber\": 1,\n  \"reissueDeliveryOption\": 1,\n  \"nextCardExpirationDate\": \"2023-10-04\",\n  \"firstIssueBranch\": 1,\n  \"deliveryOption\": 1,\n  \"authorizationCriteriaTableNumber\": \"<string>\",\n  \"cardDelayDays\": 11,\n  \"authorizationSpendingLimitTable\": \"ABC\",\n  \"assignedSpendingLimits\": {\n    \"maximumSpendingLimit\": 10000000000000000,\n    \"spendingTransaction\": 10000000000000000,\n    \"spendingFrequency\": \"<integer>\"\n  },\n  \"programId\": 111111111,\n  \"deviceIndicator\": \"C\",\n  \"processType\": 1,\n  \"cardholderAffiliationGroupId\": 12348,\n  \"cardActionReasonCode\": \"<string>\"\n}","options":{"raw":{"language":"json"}}}},"status":"Forbidden","code":403,"header":[{"key":"Content-Type","value":"text/plain"}],"body":"","cookie":[],"_postman_previewlanguage":"text"},{"id":"0e4052ea-8543-467c-b422-0e67de9b992e","name":"Not Found","originalRequest":{"url":{"path":["cards","embosser",""],"host":["{{baseUrl}}"],"query":[],"variable":[]},"header":[{"disabled":false,"description":"(Required) API Key","key":"apikey","value":"<string>"},{"disabled":false,"description":"(Required) Client ID","key":"X-ClientID","value":"00970"}],"method":"POST","body":{"mode":"raw","raw":"{\n  \"cardNumber\": \"<string>\",\n  \"enrollmentStatusVBV\": \"N\",\n  \"organizationNumber\": \"<integer>\",\n  \"postToAccount\": \"000001234XXXXX56789\",\n  \"vbvPassword\": \"BANDEBOGOT\",\n  \"cardSequence\": 1,\n  \"cardAction\": 1,\n  \"numberOfCardsRequested\": 11,\n  \"typeOfCard\": 11,\n  \"requestedCardType\": 11,\n  \"typeCardMailer\": 11,\n  \"plasticId\": \"1111111111\",\n  \"name1TypeIndicator\": 1,\n  \"name2TypeIndicator\": 1,\n  \"embossedName1\": \"HELLO\",\n  \"embossedName2\": \"KIT-KAT WALLER\",\n  \"securedCodeActivate\": 1,\n  \"visaPlusIndicator\": 1,\n  \"pinMailerDelayDays\": 1,\n  \"expirationDate\": \"2023-10-04\",\n  \"customerNumber\": \"000001234XXXXX56789\",\n  \"name1\": \"RUN DMC\",\n  \"name2\": \"RICK ROSS\",\n  \"pinOffset\": 1,\n  \"posServiceCode\": 101,\n  \"cardholderFlag\": \"1\",\n  \"addressLine1\": \"PORT OF MIAMI\",\n  \"addressLine2\": \"117 E PARKWAY AVE\",\n  \"city\": \"MIAMI\",\n  \"stateOrProvince\": \"FL\",\n  \"postalCode\": \"38585\",\n  \"languageCode\": \"ENG\",\n  \"visaMiniIndicator\": 1,\n  \"pinSuppression\": 1,\n  \"blockCode\": \"A\",\n  \"currentCardActivation\": \"<string>\",\n  \"maximumAuthorizationFrequency\": 1,\n  \"atmCashNumber\": 1,\n  \"atmCashAmount\": 10000000000000000,\n  \"atmCashSingleTransactionLimit\": 10000000000000000,\n  \"overTheCounterCashNumber\": 1,\n  \"overTheCounterCashAmount\": 10000000000000000,\n  \"overTheCounterCashSingleTransactionLimit\": 10000000000000000,\n  \"retailPurchaseNumber\": 1,\n  \"retailPurchaseAmt\": 10000000000000000,\n  \"retailPurchaseSingleTransactionLimit\": 10000000000000000,\n  \"internetPurchaseAmount\": 1000000000000,\n  \"internetPurchaseNumber\": 100000000,\n  \"internetPurchaseSingleTransactionLimit\": 1000000000000,\n  \"user1\": \"1\",\n  \"user2\": \"2\",\n  \"user3\": \"3\",\n  \"user4\": 4,\n  \"user5\": \"5\",\n  \"user6\": \"6\",\n  \"user7\": \"7\",\n  \"user8\": \"8\",\n  \"userDate1\": \"2023-10-04\",\n  \"userDate2\": \"2023-10-04\",\n  \"branchNumber\": 1,\n  \"reissueDeliveryOption\": 1,\n  \"nextCardExpirationDate\": \"2023-10-04\",\n  \"firstIssueBranch\": 1,\n  \"deliveryOption\": 1,\n  \"authorizationCriteriaTableNumber\": \"<string>\",\n  \"cardDelayDays\": 11,\n  \"authorizationSpendingLimitTable\": \"ABC\",\n  \"assignedSpendingLimits\": {\n    \"maximumSpendingLimit\": 10000000000000000,\n    \"spendingTransaction\": 10000000000000000,\n    \"spendingFrequency\": \"<integer>\"\n  },\n  \"programId\": 111111111,\n  \"deviceIndicator\": \"C\",\n  \"processType\": 1,\n  \"cardholderAffiliationGroupId\": 12348,\n  \"cardActionReasonCode\": \"<string>\"\n}","options":{"raw":{"language":"json"}}}},"status":"Not Found","code":404,"header":[{"key":"Content-Type","value":"text/plain"}],"body":"","cookie":[],"_postman_previewlanguage":"text"},{"id":"8da5f7bb-da90-469d-9da4-34cd2d9db37b","name":"Method Not Allowed","originalRequest":{"url":{"path":["cards","embosser",""],"host":["{{baseUrl}}"],"query":[],"variable":[]},"header":[{"disabled":false,"description":"(Required) API Key","key":"apikey","value":"<string>"},{"disabled":false,"description":"(Required) Client ID","key":"X-ClientID","value":"00970"}],"method":"POST","body":{"mode":"raw","raw":"{\n  \"cardNumber\": \"<string>\",\n  \"enrollmentStatusVBV\": \"N\",\n  \"organizationNumber\": \"<integer>\",\n  \"postToAccount\": \"000001234XXXXX56789\",\n  \"vbvPassword\": \"BANDEBOGOT\",\n  \"cardSequence\": 1,\n  \"cardAction\": 1,\n  \"numberOfCardsRequested\": 11,\n  \"typeOfCard\": 11,\n  \"requestedCardType\": 11,\n  \"typeCardMailer\": 11,\n  \"plasticId\": \"1111111111\",\n  \"name1TypeIndicator\": 1,\n  \"name2TypeIndicator\": 1,\n  \"embossedName1\": \"HELLO\",\n  \"embossedName2\": \"KIT-KAT WALLER\",\n  \"securedCodeActivate\": 1,\n  \"visaPlusIndicator\": 1,\n  \"pinMailerDelayDays\": 1,\n  \"expirationDate\": \"2023-10-04\",\n  \"customerNumber\": \"000001234XXXXX56789\",\n  \"name1\": \"RUN DMC\",\n  \"name2\": \"RICK ROSS\",\n  \"pinOffset\": 1,\n  \"posServiceCode\": 101,\n  \"cardholderFlag\": \"1\",\n  \"addressLine1\": \"PORT OF MIAMI\",\n  \"addressLine2\": \"117 E PARKWAY AVE\",\n  \"city\": \"MIAMI\",\n  \"stateOrProvince\": \"FL\",\n  \"postalCode\": \"38585\",\n  \"languageCode\": \"ENG\",\n  \"visaMiniIndicator\": 1,\n  \"pinSuppression\": 1,\n  \"blockCode\": \"A\",\n  \"currentCardActivation\": \"<string>\",\n  \"maximumAuthorizationFrequency\": 1,\n  \"atmCashNumber\": 1,\n  \"atmCashAmount\": 10000000000000000,\n  \"atmCashSingleTransactionLimit\": 10000000000000000,\n  \"overTheCounterCashNumber\": 1,\n  \"overTheCounterCashAmount\": 10000000000000000,\n  \"overTheCounterCashSingleTransactionLimit\": 10000000000000000,\n  \"retailPurchaseNumber\": 1,\n  \"retailPurchaseAmt\": 10000000000000000,\n  \"retailPurchaseSingleTransactionLimit\": 10000000000000000,\n  \"internetPurchaseAmount\": 1000000000000,\n  \"internetPurchaseNumber\": 100000000,\n  \"internetPurchaseSingleTransactionLimit\": 1000000000000,\n  \"user1\": \"1\",\n  \"user2\": \"2\",\n  \"user3\": \"3\",\n  \"user4\": 4,\n  \"user5\": \"5\",\n  \"user6\": \"6\",\n  \"user7\": \"7\",\n  \"user8\": \"8\",\n  \"userDate1\": \"2023-10-04\",\n  \"userDate2\": \"2023-10-04\",\n  \"branchNumber\": 1,\n  \"reissueDeliveryOption\": 1,\n  \"nextCardExpirationDate\": \"2023-10-04\",\n  \"firstIssueBranch\": 1,\n  \"deliveryOption\": 1,\n  \"authorizationCriteriaTableNumber\": \"<string>\",\n  \"cardDelayDays\": 11,\n  \"authorizationSpendingLimitTable\": \"ABC\",\n  \"assignedSpendingLimits\": {\n    \"maximumSpendingLimit\": 10000000000000000,\n    \"spendingTransaction\": 10000000000000000,\n    \"spendingFrequency\": \"<integer>\"\n  },\n  \"programId\": 111111111,\n  \"deviceIndicator\": \"C\",\n  \"processType\": 1,\n  \"cardholderAffiliationGroupId\": 12348,\n  \"cardActionReasonCode\": \"<string>\"\n}","options":{"raw":{"language":"json"}}}},"status":"Method Not Allowed","code":405,"header":[{"key":"Content-Type","value":"text/plain"}],"body":"","cookie":[],"_postman_previewlanguage":"text"},{"id":"6e63dc80-2d3f-4395-8606-e7c4d44ffe5c","name":"VPL5SCL03E - ORGANIZATION IS NOT NUMERIC OR MUST BE VALUE BETWEEN 000 AND 998\n\nVPL5SCL04E - REQUESTED CARD/ACCT NUMBER IS NOT NUMERIC OR EQUAL SPACES\n\nVPL5SCL05E - CREDIT LIMIT - DOES NOT CONFORM TO CURRENCY NOD\n\nVPL5SCL06E - CREDIT LIMIT MUST BE NUMERIC\n\nVPL5SCL07E - INVALID FOREIGN USE INDICATOR - VALID VALUES ARE SPACE, 0 OR 1\n\nVPL5SCL08I - CREDIT LIMIT UNCHANGED, UPDATE BYPASSED\n\nVPL5SCL10S - ORGANIZATION NOT FOUND ON FILE\n\nVPL5SCL11S - FOREIGN ORGANIZATION NOT FOUND ON FILE\n\nVPL5SCL12S - ACCOUNT NOT FOUND ON FILE\n\nVPL5SCL13S - RELATIONSHIP ACCOUNT NOT FOUND ON FILE\n\nVPL5SCL14S - LOGO NOT FOUND ON FILE\n\nVPL5SCL15E - CREDIT LIMIT INVALID FOR PREPAID/DEBIT ACCOUNT TYPES\n\nVPL5SCL16E - CREDIT LIMIT INVALID FOR RELATIONSHIP SUB-ACCOUNT\n\nVPL5SCL17E - CREDIT LIMIT CAN NOT EXCEED LOGO CREDIT LIMIT\n\nVPL5SCL19E - CREDIT LIMIT EXCEEDS SECURED AMOUNT\n\nVPL5SCL20E - CREDIT LIMIT CAN NOT EXCEED COMPANY NODE CREDIT AVAILABLE\n\nVPL5SCL21E - CREDIT LIMIT CAN NOT EXCEED PARENT NODE CREDIT AVAILABLE\n\nVPL5SCL23I - FOREIGN USE ORG UNAVAILABLE PROCESSED LOCAL ORG ACCOUNT DATA\n\nVPL5SCL24E - CREDIT LIMIT SHOULD BE ZERO FOR FOREIGN ACCOUNT\n\nVPL5SCL25E - CREDIT LIMIT CANNOT BE LESS THAN ACCT FLOOR LIMIT\n\nVPL5SCL40E - DELQ AMT EXCEEDED FOR CREDIT LIMIT INCREASE\n\nVPL5SCL41E - DELQ LVL EXCEEDED FOR CREDIT LIMIT INCREASE\n\nVPL5SCL42E - ACCT BLOCKED FOR CREDIT LIMIT INCREASE\n\nVPL5SCLZ4S - REQUESTED ORGANIZATION COULD NOT BE DETERMINED\n\nVPL5SCLZ5S - REQUESTED ORGANIZATION NOT FOUND","originalRequest":{"url":{"path":["cards","embosser",""],"host":["{{baseUrl}}"],"query":[],"variable":[]},"header":[{"disabled":false,"description":"(Required) API Key","key":"apikey","value":"<string>"},{"disabled":false,"description":"(Required) Client ID","key":"X-ClientID","value":"00970"},{"key":"Accept","value":"application/json"}],"method":"POST","body":{"mode":"raw","raw":"{\n  \"cardNumber\": \"<string>\",\n  \"enrollmentStatusVBV\": \"N\",\n  \"organizationNumber\": \"<integer>\",\n  \"postToAccount\": \"000001234XXXXX56789\",\n  \"vbvPassword\": \"BANDEBOGOT\",\n  \"cardSequence\": 1,\n  \"cardAction\": 1,\n  \"numberOfCardsRequested\": 11,\n  \"typeOfCard\": 11,\n  \"requestedCardType\": 11,\n  \"typeCardMailer\": 11,\n  \"plasticId\": \"1111111111\",\n  \"name1TypeIndicator\": 1,\n  \"name2TypeIndicator\": 1,\n  \"embossedName1\": \"HELLO\",\n  \"embossedName2\": \"KIT-KAT WALLER\",\n  \"securedCodeActivate\": 1,\n  \"visaPlusIndicator\": 1,\n  \"pinMailerDelayDays\": 1,\n  \"expirationDate\": \"2023-10-04\",\n  \"customerNumber\": \"000001234XXXXX56789\",\n  \"name1\": \"RUN DMC\",\n  \"name2\": \"RICK ROSS\",\n  \"pinOffset\": 1,\n  \"posServiceCode\": 101,\n  \"cardholderFlag\": \"1\",\n  \"addressLine1\": \"PORT OF MIAMI\",\n  \"addressLine2\": \"117 E PARKWAY AVE\",\n  \"city\": \"MIAMI\",\n  \"stateOrProvince\": \"FL\",\n  \"postalCode\": \"38585\",\n  \"languageCode\": \"ENG\",\n  \"visaMiniIndicator\": 1,\n  \"pinSuppression\": 1,\n  \"blockCode\": \"A\",\n  \"currentCardActivation\": \"<string>\",\n  \"maximumAuthorizationFrequency\": 1,\n  \"atmCashNumber\": 1,\n  \"atmCashAmount\": 10000000000000000,\n  \"atmCashSingleTransactionLimit\": 10000000000000000,\n  \"overTheCounterCashNumber\": 1,\n  \"overTheCounterCashAmount\": 10000000000000000,\n  \"overTheCounterCashSingleTransactionLimit\": 10000000000000000,\n  \"retailPurchaseNumber\": 1,\n  \"retailPurchaseAmt\": 10000000000000000,\n  \"retailPurchaseSingleTransactionLimit\": 10000000000000000,\n  \"internetPurchaseAmount\": 1000000000000,\n  \"internetPurchaseNumber\": 100000000,\n  \"internetPurchaseSingleTransactionLimit\": 1000000000000,\n  \"user1\": \"1\",\n  \"user2\": \"2\",\n  \"user3\": \"3\",\n  \"user4\": 4,\n  \"user5\": \"5\",\n  \"user6\": \"6\",\n  \"user7\": \"7\",\n  \"user8\": \"8\",\n  \"userDate1\": \"2023-10-04\",\n  \"userDate2\": \"2023-10-04\",\n  \"branchNumber\": 1,\n  \"reissueDeliveryOption\": 1,\n  \"nextCardExpirationDate\": \"2023-10-04\",\n  \"firstIssueBranch\": 1,\n  \"deliveryOption\": 1,\n  \"authorizationCriteriaTableNumber\": \"<string>\",\n  \"cardDelayDays\": 11,\n  \"authorizationSpendingLimitTable\": \"ABC\",\n  \"assignedSpendingLimits\": {\n    \"maximumSpendingLimit\": 10000000000000000,\n    \"spendingTransaction\": 10000000000000000,\n    \"spendingFrequency\": \"<integer>\"\n  },\n  \"programId\": 111111111,\n  \"deviceIndicator\": \"C\",\n  \"processType\": 1,\n  \"cardholderAffiliationGroupId\": 12348,\n  \"cardActionReasonCode\": \"<string>\"\n}","options":{"raw":{"language":"json"}}}},"status":"Unprocessable Entity (WebDAV) (RFC 4918)","code":422,"header":[{"key":"Content-Type","value":"application/json"}],"body":"{\n  \"hasError\": true,\n  \"errors\": [\n    {\n      \"code\": \"enim sed do Duis\",\n      \"description\": \"in\"\n    },\n    {\n      \"code\": \"Duis volupta\",\n      \"description\": \"officia exercitation\"\n    }\n  ],\n  \"data\": {}\n}","cookie":[],"_postman_previewlanguage":"json"},{"id":"5fdfc019-cf57-4115-944b-21e0a856f931","name":"Backend Error","originalRequest":{"url":{"path":["cards","embosser",""],"host":["{{baseUrl}}"],"query":[],"variable":[]},"header":[{"disabled":false,"description":"(Required) API Key","key":"apikey","value":"<string>"},{"disabled":false,"description":"(Required) Client ID","key":"X-ClientID","value":"00970"},{"key":"Accept","value":"application/json"}],"method":"POST","body":{"mode":"raw","raw":"{\n  \"cardNumber\": \"<string>\",\n  \"enrollmentStatusVBV\": \"N\",\n  \"organizationNumber\": \"<integer>\",\n  \"postToAccount\": \"000001234XXXXX56789\",\n  \"vbvPassword\": \"BANDEBOGOT\",\n  \"cardSequence\": 1,\n  \"cardAction\": 1,\n  \"numberOfCardsRequested\": 11,\n  \"typeOfCard\": 11,\n  \"requestedCardType\": 11,\n  \"typeCardMailer\": 11,\n  \"plasticId\": \"1111111111\",\n  \"name1TypeIndicator\": 1,\n  \"name2TypeIndicator\": 1,\n  \"embossedName1\": \"HELLO\",\n  \"embossedName2\": \"KIT-KAT WALLER\",\n  \"securedCodeActivate\": 1,\n  \"visaPlusIndicator\": 1,\n  \"pinMailerDelayDays\": 1,\n  \"expirationDate\": \"2023-10-04\",\n  \"customerNumber\": \"000001234XXXXX56789\",\n  \"name1\": \"RUN DMC\",\n  \"name2\": \"RICK ROSS\",\n  \"pinOffset\": 1,\n  \"posServiceCode\": 101,\n  \"cardholderFlag\": \"1\",\n  \"addressLine1\": \"PORT OF MIAMI\",\n  \"addressLine2\": \"117 E PARKWAY AVE\",\n  \"city\": \"MIAMI\",\n  \"stateOrProvince\": \"FL\",\n  \"postalCode\": \"38585\",\n  \"languageCode\": \"ENG\",\n  \"visaMiniIndicator\": 1,\n  \"pinSuppression\": 1,\n  \"blockCode\": \"A\",\n  \"currentCardActivation\": \"<string>\",\n  \"maximumAuthorizationFrequency\": 1,\n  \"atmCashNumber\": 1,\n  \"atmCashAmount\": 10000000000000000,\n  \"atmCashSingleTransactionLimit\": 10000000000000000,\n  \"overTheCounterCashNumber\": 1,\n  \"overTheCounterCashAmount\": 10000000000000000,\n  \"overTheCounterCashSingleTransactionLimit\": 10000000000000000,\n  \"retailPurchaseNumber\": 1,\n  \"retailPurchaseAmt\": 10000000000000000,\n  \"retailPurchaseSingleTransactionLimit\": 10000000000000000,\n  \"internetPurchaseAmount\": 1000000000000,\n  \"internetPurchaseNumber\": 100000000,\n  \"internetPurchaseSingleTransactionLimit\": 1000000000000,\n  \"user1\": \"1\",\n  \"user2\": \"2\",\n  \"user3\": \"3\",\n  \"user4\": 4,\n  \"user5\": \"5\",\n  \"user6\": \"6\",\n  \"user7\": \"7\",\n  \"user8\": \"8\",\n  \"userDate1\": \"2023-10-04\",\n  \"userDate2\": \"2023-10-04\",\n  \"branchNumber\": 1,\n  \"reissueDeliveryOption\": 1,\n  \"nextCardExpirationDate\": \"2023-10-04\",\n  \"firstIssueBranch\": 1,\n  \"deliveryOption\": 1,\n  \"authorizationCriteriaTableNumber\": \"<string>\",\n  \"cardDelayDays\": 11,\n  \"authorizationSpendingLimitTable\": \"ABC\",\n  \"assignedSpendingLimits\": {\n    \"maximumSpendingLimit\": 10000000000000000,\n    \"spendingTransaction\": 10000000000000000,\n    \"spendingFrequency\": \"<integer>\"\n  },\n  \"programId\": 111111111,\n  \"deviceIndicator\": \"C\",\n  \"processType\": 1,\n  \"cardholderAffiliationGroupId\": 12348,\n  \"cardActionReasonCode\": \"<string>\"\n}","options":{"raw":{"language":"json"}}}},"status":"Internal Server Error","code":500,"header":[{"key":"Content-Type","value":"application/json"}],"body":"{\n  \"hasError\": true,\n  \"errors\": [\n    {\n      \"code\": \"enim sed do Duis\",\n      \"description\": \"in\"\n    },\n    {\n      \"code\": \"Duis volupta\",\n      \"description\": \"officia exercitation\"\n    }\n  ],\n  \"data\": {}\n}","cookie":[],"_postman_previewlanguage":"json"}],"event":[],"protocolProfileBehavior":{"disableBodyPruning":true}},{"id":"27a1c592-16fd-4274-934c-95f54a8c0142","name":"Data from the Embosser record. VMX Service: M.CMS.EMBOSSER.INQ, L8V6","request":{"name":"Data from the Embosser record. VMX Service: M.CMS.EMBOSSER.INQ, L8V6","description":{"content":"Provides the embosser data from the embosser record. \n\nVMX Service: M.CMS.EMBOSSER.INQ, L8V6","type":"text/plain"},"url":{"path":["cards","embosser","details"],"host":["{{baseUrl}}"],"query":[],"variable":[]},"header":[{"disabled":false,"description":"(Required) API Key","key":"apikey","value":"<string>"},{"disabled":false,"description":"(Required) Client ID","key":"X-ClientID","value":"<string>"},{"key":"Content-Type","value":"application/json"},{"key":"Accept","value":"application/json"}],"method":"POST","auth":null,"body":{"mode":"raw","raw":"{\n  \"cardNumber\": \"<string>\",\n  \"cardSequence\": \"<integer>\",\n  \"foreignUse\": \"<string>\",\n  \"organizationNumber\": \"<integer>\"\n}","options":{"raw":{"language":"json"}}}},"response":[{"id":"7d1b3a72-ad78-4185-91ca-daebf4894d39","name":"Success","originalRequest":{"url":{"path":["cards","embosser","details"],"host":["{{baseUrl}}"],"query":[],"variable":[]},"header":[{"disabled":false,"description":"(Required) API Key","key":"apikey","value":"<string>"},{"disabled":false,"description":"(Required) Client ID","key":"X-ClientID","value":"00970"},{"key":"Accept","value":"application/json"}],"method":"POST","body":{"mode":"raw","raw":"{\n  \"cardNumber\": \"00001234XXXXX56789\",\n  \"cardSequence\": 998,\n  \"foreignUse\": \"998\",\n  \"organizationNumber\": 998\n}","options":{"raw":{"language":"json"}}}},"status":"OK","code":200,"header":[{"key":"Content-Type","value":"application/json"}],"body":"{\n  \"organizationNumber\": 9127491,\n  \"logo\": 62711474,\n  \"foreignUse\": -44845162,\n  \"cardNumber\": \"exercitation est\",\n  \"cardSequence\": 32322962,\n  \"cardTechnology\": 39183164,\n  \"postToAccount\": \"Lorem cupidatat nisi\",\n  \"fraud\": \"laboris quis minim\",\n  \"prepaidIndicator\": 79250929,\n  \"statusCode\": \"quis culpa ut\",\n  \"dateStatus\": \"1991-02-12\",\n  \"statusSecureId\": \"nostrud quis tempor\",\n  \"fraudEffectiveDate\": \"1956-06-10\",\n  \"embosserRecordReplacement\": \"ea Duis\",\n  \"numberCardsOutstanding\": -87955163,\n  \"numberCardsReturned\": -38522933,\n  \"currentChipSequence\": 70925774,\n  \"cardIssueAction\": 14153984,\n  \"numberCardsRequested\": -65597200,\n  \"chipSequenceNumber\": 15661875,\n  \"typeOfCard\": 9059793,\n  \"requestedCardType\": 10736990,\n  \"typeCardMailer\": \"sint ea ad officia\",\n  \"plasticId\": \"aliqua adipisicing\",\n  \"secureActivation\": 65005468,\n  \"embosserNameType1\": 12990059,\n  \"embosserNameType2\": 59525400,\n  \"embosserName1\": \"in\",\n  \"embosserName2\": \"anim ut\",\n  \"cardHolderName1\": \"proident laborum incididunt reprehenderit\",\n  \"cardHolderName2\": \"magna esse anim exercitation\",\n  \"addressLine1\": \"aute id\",\n  \"addressLine2\": \"anim irure ipsum quis\",\n  \"stateProvince\": \"sit adipisicing\",\n  \"cityPortion\": \"nisi irure\",\n  \"postalCodePortion\": \"ullamco Lorem ad voluptate\",\n  \"plusIndicator\": 29126547,\n  \"dateExpire\": \"2018-11-24\",\n  \"customerNumber\": \"veniam labore in deserunt sint\",\n  \"currentPinOffset\": -12114759,\n  \"previousPinOffset\": -23921949,\n  \"pinDelayDays\": 12575565,\n  \"typeOfPointOfSale\": -15916028,\n  \"cardHolderFlag\": \"irure\",\n  \"dateWarningBulletin\": \"1987-12-28\",\n  \"regionCode\": \"pariatur\",\n  \"languageCode\": \"velit labore qui in ullamco\",\n  \"visaMiniCardVersion\": -9874642,\n  \"pinSuppression\": 35500767,\n  \"blockCode\": \"tempor adipisicing\",\n  \"dateBlock\": \"2024-02-29\",\n  \"blockSecureId\": \"est ad\",\n  \"warningCode1\": \"irure sunt aute\",\n  \"warningCode7\": \"do minim esse\",\n  \"numberOfIssueAttemptsRemaining\": 19014844,\n  \"currentDateExpirationDate\": \"1971-04-03\",\n  \"currentCardActivation\": \"id consectetur ipsum\",\n  \"dateEmbossedMagneticStripeCard\": \"1957-06-03\",\n  \"dateCurrentMagneticCardMailed\": \"1983-08-27\",\n  \"lastExpirationDate\": \"1957-06-10\",\n  \"lastCardActivation\": \"nostrud proident Ut adipisicing\",\n  \"dateFirstCardVerify\": \"1959-09-10\",\n  \"dateLastPlasticIssue\": \"1972-12-07\",\n  \"frequencyMaximumAuthorizationParameters\": 56481735,\n  \"authorizationData\": {\n    \"retailAmount\": -80882005.24976252,\n    \"retailNumber\": -76766515.73736045,\n    \"automatedTellerMachineCashAutomatedTellerMachine\": 72468540.29784074,\n    \"automatedTellerMachineCashNumber\": -90119772.57698214,\n    \"overTheCounterAmount\": -3230200.192089334,\n    \"overTheCounterCashNumber\": -8364749.186739087,\n    \"automatedTellerMachineCashSingleTransaction\": -15566543.361574814,\n    \"overTheCounterCashSingleTransaction\": 68157234.29399872,\n    \"retailSingleTransaction\": -7292249.686564788\n  },\n  \"internetPurchaseData\": {\n    \"purchaseNumber\": 84949612.86225083,\n    \"purchaseAmount\": 18127335.577803105,\n    \"purchaseSingleTransactionLimit\": -85295016.13310333\n  },\n  \"identificationNumberAuthorization\": \"aute cillum\",\n  \"identificationNumberSpendingLimitsTable\": \"incididunt proident\",\n  \"userData\": {\n    \"user1\": \"sit\",\n    \"user2\": \"Excepteur exercitation cillum culpa\",\n    \"user3\": \"esse sit sunt quis elit\",\n    \"user4\": 38476642,\n    \"user5\": \"dolore labore magna\",\n    \"user6\": \"eiusmod laborum cillum\",\n    \"user7\": \"fug\",\n    \"user8\": \"reprehenderit magna dolore minim\",\n    \"userData1\": \"1990-06-05\",\n    \"userData2\": \"1964-11-15\"\n  },\n  \"numberCurrentlyDisplayedEmbosserRecord\": \"cupidatat\",\n  \"adminNumberBranch\": -26392045,\n  \"nextExpirationDateOfTheCard\": \"1991-07-21\",\n  \"branchIdentifierCardMailingLocation\": 7920179,\n  \"cardInformationData\": {\n    \"codeIdentificationNumberSpendingLimits\": \"culpa\",\n    \"assignedSpendLimits\": {\n      \"spendingLimit\": 66398301,\n      \"transactionAllowed\": 99873702,\n      \"frequencyCommercialCard\": 64169931\n    }\n  },\n  \"useAutomatedTellerMachineCashNumberData\": {\n    \"today\": 26733133,\n    \"cycleToDate\": -80120108,\n    \"yearToDate\": 77553323,\n    \"lifeToDate\": -2544278\n  },\n  \"useAutomatedTellerMachineCashAmountData\": {\n    \"today\": 59928253.63036278,\n    \"cycleToDate\": 27087373.429274127,\n    \"yearToDate\": -6526714.387435019,\n    \"lifeToDate\": 48489705.832645535\n  },\n  \"useOverTheCounterCashNumberData\": {\n    \"today\": 79059792,\n    \"cycleToDate\": 18251874,\n    \"yearToDate\": 4496814,\n    \"lifeToDate\": 69804894\n  },\n  \"useOverTheCounterCashAmountData\": {\n    \"today\": -72311387.31909272,\n    \"cycleToDate\": 85615452.31407824,\n    \"yearToDate\": 21544916.343025997,\n    \"lifeToDate\": -16559863.558276609\n  },\n  \"retailNumberData\": {\n    \"today\": 38946726,\n    \"cycleToDate\": -69526219,\n    \"yearToDate\": -76636014,\n    \"lifeToDate\": 47308027\n  },\n  \"retailAmountData\": {\n    \"today\": -89297397.46262619,\n    \"cycleToDate\": 91992345.01478398,\n    \"yearToDate\": 7110627.200420752,\n    \"lifeToDate\": -83863545.72439298\n  },\n  \"internetPurchaseNumberData\": {\n    \"today\": 11627941,\n    \"cycleToDate\": -3431913,\n    \"yearToDate\": -81109335,\n    \"lifeToDate\": -93516377\n  },\n  \"internetPurchaseAmountData\": {\n    \"today\": 84945235.01533288,\n    \"cycleToDate\": 82324100.23335856,\n    \"yearToDate\": 73450844.64515859,\n    \"lifeToDate\": -73574024.71426111\n  },\n  \"prepaidLimits\": {\n    \"spendAmount\": -12878660.000007123,\n    \"spendAvailable\": 69894369,\n    \"spendExpirationDate\": \"1979-02-23\"\n  },\n  \"spendingLimitsData\": {\n    \"totalDailyAmount\": -81227385.1222404,\n    \"totalDailyNumber\": 16726734,\n    \"totalWeekToDateAmount\": -41862802.33274728,\n    \"totalWeekToDateNumber\": -41283524,\n    \"totalCycleToDateAmount\": 34080523.301990435,\n    \"totalCycleToDateNumber\": 67370167,\n    \"totalYearToDateAmount\": 9313337.967581019,\n    \"totalYearToDateNumber\": -73550051,\n    \"totalLifeToDateAmount\": -98874012.55484338,\n    \"totalLifeToDateNumber\": -14422465\n  },\n  \"cardDelayDays\": 3036710,\n  \"cardDelayStatus\": \"eu Ut incididunt\",\n  \"mailerDate\": \"1987-05-29\",\n  \"pinOverrideActionEmbosserLevel\": \"laborum commodo\",\n  \"cardHolderType\": -78470690,\n  \"pinDelayStatusMailer\": \"adipisicing eu ullamco eiusmod\",\n  \"cardActivatedDate\": \"1944-06-30\",\n  \"dateMostRecentlyIssueCard\": \"2012-06-23\",\n  \"deliveryOptionReissuedCards\": -62013968,\n  \"deliveryOptionIssuedCards\": -58883603,\n  \"cardDeliveryStatus\": \"dolore aliquip laborum est\",\n  \"cardDeliveryDate\": \"1958-02-13\",\n  \"deliveryStatusPreviousCard\": \"elit culpa cillum\",\n  \"deliveryDatePreviousCard\": \"2008-11-07\",\n  \"deliveryStatusCurrentPinMailer\": \"ad\",\n  \"deliveryDateCurrentPinMailer\": \"1946-03-19\",\n  \"deliveryStatusPreviousPinMailer\": \"id eiusmod ex commodo\",\n  \"deliveryDatePreviousPinMailer\": \"1988-02-04\",\n  \"dateNextPinChanged\": \"1990-08-19\",\n  \"cardHolderAffiliation\": 2864928,\n  \"cardVerifyByVisaStatus\": \"in sunt officia Ut\",\n  \"customUserData\": {\n    \"falconMarking\": \"ad sunt\",\n    \"falconMarkingStartDate\": \"1960-11-30\",\n    \"falconMarkingEndDate\": \"2014-08-09\",\n    \"spendLimitsStatus\": \"cillum laborum\",\n    \"retailPercentDaily\": 64935527,\n    \"retailPercentMonthToDate\": -38296289,\n    \"retailPercentYearToDate\": -97161967,\n    \"retailAmountDaily\": -46135455.1629749,\n    \"retailAmountMonthToDate\": 59684750.424768895,\n    \"retailAmountYearToDate\": 71853542.66006324,\n    \"cashPercentDaily\": -73938245,\n    \"cashPercentMonthToDay\": -29947436,\n    \"cashPercentYearToDay\": 5009306,\n    \"cashAmountDaily\": 25968017.42561139,\n    \"cashAmountMonthToDate\": 84233138.23945922,\n    \"cashAmountYearToDate\": 59688689.44339123,\n    \"cashPostedTodayNumber\": 65931104.19503537,\n    \"cashPostedMonthToDateNumber\": -70075300.26872501,\n    \"cashPostedYearToDateNumber\": 6675978.881983861,\n    \"cashPostedTodayAmount\": -1789973.600146547,\n    \"cashPostedMonthToDateAmount\": 14839864.983224422,\n    \"cashPostedYearToDateAmount\": -50934674.54328993,\n    \"cashDeclineTodayNumber\": -89785296.6805499,\n    \"cashDeclineMonthToDayNumber\": -95640795.66428542,\n    \"cashDeclineYearToDayNumber\": -74252131.60149732,\n    \"cashDeclineTodayAmount\": -41949131.80270654,\n    \"cashDeclineMonthToDayAmount\": -95074779.26710992,\n    \"cashDeclineYearToDayAmount\": 33254629.76035945,\n    \"retailPostedTodayNumber\": 84061523.5021081,\n    \"retailPostedMonthToDayNumber\": -90569283.41044892,\n    \"retailPostedYearToDayNumber\": 61754735.16601366,\n    \"retailPostedTodayAmount\": 23340151.09548831,\n    \"retailPostedMonthToDayAmount\": -29928641.22513175,\n    \"retailPostedYearToDayAmount\": -63041866.007746086,\n    \"retailDeclineTodayNumber\": -86905321.15882772,\n    \"retailDeclineMonthToDayNumber\": 22536676.49202913,\n    \"retailDeclineYearToDayNumber\": -86346455.55918449,\n    \"retailDeclineToday\": 87579749.06499651,\n    \"retailDeclineMountToDayAmount\": -88597163.13487703,\n    \"retailDeclineYearToDayAmount\": -45262723.8348049\n  }\n}","cookie":[],"_postman_previewlanguage":"json"},{"id":"a32f291e-2e55-4c58-9d52-a34f6d2a6e95","name":"Redirection","originalRequest":{"url":{"path":["cards","embosser","details"],"host":["{{baseUrl}}"],"query":[],"variable":[]},"header":[{"disabled":false,"description":"(Required) API Key","key":"apikey","value":"<string>"},{"disabled":false,"description":"(Required) Client ID","key":"X-ClientID","value":"00970"},{"key":"Accept","value":"application/json"}],"method":"POST","body":{"mode":"raw","raw":"{\n  \"cardNumber\": \"00001234XXXXX56789\",\n  \"cardSequence\": 998,\n  \"foreignUse\": \"998\",\n  \"organizationNumber\": 998\n}","options":{"raw":{"language":"json"}}}},"status":"Multiple Choices","code":300,"header":[{"key":"Content-Type","value":"application/json"}],"body":"{\n  \"hasError\": true,\n  \"errors\": [\n    {\n      \"code\": \"enim sed do Duis\",\n      \"description\": \"in\"\n    },\n    {\n      \"code\": \"Duis volupta\",\n      \"description\": \"officia exercitation\"\n    }\n  ],\n  \"data\": {}\n}","cookie":[],"_postman_previewlanguage":"json"},{"id":"b6b51cdd-3cd4-4ae9-bd11-37f60077e488","name":"Bad Request","originalRequest":{"url":{"path":["cards","embosser","details"],"host":["{{baseUrl}}"],"query":[],"variable":[]},"header":[{"disabled":false,"description":"(Required) API Key","key":"apikey","value":"<string>"},{"disabled":false,"description":"(Required) Client ID","key":"X-ClientID","value":"00970"}],"method":"POST","body":{"mode":"raw","raw":"{\n  \"cardNumber\": \"00001234XXXXX56789\",\n  \"cardSequence\": 998,\n  \"foreignUse\": \"998\",\n  \"organizationNumber\": 998\n}","options":{"raw":{"language":"json"}}}},"status":"Bad Request","code":400,"header":[{"key":"Content-Type","value":"text/plain"}],"body":"","cookie":[],"_postman_previewlanguage":"text"},{"id":"58f215fa-f50a-4d2d-a9ad-ae633b99f1ee","name":"Unauthorized","originalRequest":{"url":{"path":["cards","embosser","details"],"host":["{{baseUrl}}"],"query":[],"variable":[]},"header":[{"disabled":false,"description":"(Required) API Key","key":"apikey","value":"<string>"},{"disabled":false,"description":"(Required) Client ID","key":"X-ClientID","value":"00970"}],"method":"POST","body":{"mode":"raw","raw":"{\n  \"cardNumber\": \"00001234XXXXX56789\",\n  \"cardSequence\": 998,\n  \"foreignUse\": \"998\",\n  \"organizationNumber\": 998\n}","options":{"raw":{"language":"json"}}}},"status":"Unauthorized","code":401,"header":[{"key":"Content-Type","value":"text/plain"}],"body":"","cookie":[],"_postman_previewlanguage":"text"},{"id":"104d9abb-1935-451a-b284-6701944a10f4","name":"Forbidden","originalRequest":{"url":{"path":["cards","embosser","details"],"host":["{{baseUrl}}"],"query":[],"variable":[]},"header":[{"disabled":false,"description":"(Required) API Key","key":"apikey","value":"<string>"},{"disabled":false,"description":"(Required) Client ID","key":"X-ClientID","value":"00970"}],"method":"POST","body":{"mode":"raw","raw":"{\n  \"cardNumber\": \"00001234XXXXX56789\",\n  \"cardSequence\": 998,\n  \"foreignUse\": \"998\",\n  \"organizationNumber\": 998\n}","options":{"raw":{"language":"json"}}}},"status":"Forbidden","code":403,"header":[{"key":"Content-Type","value":"text/plain"}],"body":"","cookie":[],"_postman_previewlanguage":"text"},{"id":"8f710b00-c70f-4da2-8938-6d540c1e1015","name":"Not Found","originalRequest":{"url":{"path":["cards","embosser","details"],"host":["{{baseUrl}}"],"query":[],"variable":[]},"header":[{"disabled":false,"description":"(Required) API Key","key":"apikey","value":"<string>"},{"disabled":false,"description":"(Required) Client ID","key":"X-ClientID","value":"00970"}],"method":"POST","body":{"mode":"raw","raw":"{\n  \"cardNumber\": \"00001234XXXXX56789\",\n  \"cardSequence\": 998,\n  \"foreignUse\": \"998\",\n  \"organizationNumber\": 998\n}","options":{"raw":{"language":"json"}}}},"status":"Not Found","code":404,"header":[{"key":"Content-Type","value":"text/plain"}],"body":"","cookie":[],"_postman_previewlanguage":"text"},{"id":"954b3191-966c-4e6b-b99e-3195debb5d84","name":"Method Not Allowed","originalRequest":{"url":{"path":["cards","embosser","details"],"host":["{{baseUrl}}"],"query":[],"variable":[]},"header":[{"disabled":false,"description":"(Required) API Key","key":"apikey","value":"<string>"},{"disabled":false,"description":"(Required) Client ID","key":"X-ClientID","value":"00970"}],"method":"POST","body":{"mode":"raw","raw":"{\n  \"cardNumber\": \"00001234XXXXX56789\",\n  \"cardSequence\": 998,\n  \"foreignUse\": \"998\",\n  \"organizationNumber\": 998\n}","options":{"raw":{"language":"json"}}}},"status":"Method Not Allowed","code":405,"header":[{"key":"Content-Type","value":"text/plain"}],"body":"","cookie":[],"_postman_previewlanguage":"text"},{"id":"92cc77e3-9905-4bb8-bd56-84b3cc29b8ea","name":"Backend Error","originalRequest":{"url":{"path":["cards","embosser","details"],"host":["{{baseUrl}}"],"query":[],"variable":[]},"header":[{"disabled":false,"description":"(Required) API Key","key":"apikey","value":"<string>"},{"disabled":false,"description":"(Required) Client ID","key":"X-ClientID","value":"00970"},{"key":"Accept","value":"application/json"}],"method":"POST","body":{"mode":"raw","raw":"{\n  \"cardNumber\": \"00001234XXXXX56789\",\n  \"cardSequence\": 998,\n  \"foreignUse\": \"998\",\n  \"organizationNumber\": 998\n}","options":{"raw":{"language":"json"}}}},"status":"Internal Server Error","code":500,"header":[{"key":"Content-Type","value":"application/json"}],"body":"{\n  \"hasError\": true,\n  \"errors\": [\n    {\n      \"code\": \"enim sed do Duis\",\n      \"description\": \"in\"\n    },\n    {\n      \"code\": \"Duis volupta\",\n      \"description\": \"officia exercitation\"\n    }\n  ],\n  \"data\": {}\n}","cookie":[],"_postman_previewlanguage":"json"}],"event":[],"protocolProfileBehavior":{"disableBodyPruning":true}}],"event":[]}],"event":[],"variable":[{"type":"string","value":"https://int.api.firstdata.com/latam-gfs-apis/portal","key":"baseUrl"}],"info":{"_postman_id":"b8a486c5-4f09-4259-9840-1c609359020d","name":"FirstVision™ Cards Issuing Service - API Documentation","schema":"https://schema.getpostman.com/json/collection/v2.1.0/collection.json","description":{"content":"This documentation describes the REST APIs provided by the FirstVision™ Cards Microservice, which provides functionality for the issuing, management and processing of credit cards, including bank, co-branded, private label, debit, commercial, and prepaid","type":"text/plain"}}}