{"item":[{"id":"43e896ad-4e15-4f37-8232-b7a7a6b85761","name":"cards","item":[{"id":"8a2a6eb6-f4f4-4c1e-96d4-d1fb242e6aaa","name":"Provides security values CVV, CVV2, iCVV and PIN block for a card number. \n\nVMX Service: M.CMS.SEC.VALUES.INQ, R8V1","request":{"name":"Provides security values CVV, CVV2, iCVV and PIN block for a card number. \n\nVMX Service: M.CMS.SEC.VALUES.INQ, R8V1","description":{"content":"Provides security values CVV, CVV2, iCVV and PIN block for a card number. \n\nVMX Service: M.CMS.SEC.VALUES.INQ, R8V1","type":"text/plain"},"url":{"path":["cards","pin","security-codes"],"host":["{{baseUrl}}"],"query":[],"variable":[]},"header":[{"disabled":false,"description":"(Required) API Key","key":"apikey","value":"<string>"},{"disabled":false,"description":"(Required) Client ID","key":"X-ClientID","value":"<string>"},{"key":"Content-Type","value":"application/json"},{"key":"Accept","value":"application/json"}],"method":"POST","auth":null,"body":{"mode":"raw","raw":"{\n  \"cardNumber\": \"<string>\",\n  \"channel\": \"<string>\",\n  \"keyAssociation\": \"<string>\",\n  \"organizationNumber\": \"<integer>\"\n}","options":{"raw":{"language":"json"}}}},"response":[{"id":"42b71f79-8b8b-4419-af7d-f6bf53b01711","name":"Success","originalRequest":{"url":{"path":["cards","pin","security-codes"],"host":["{{baseUrl}}"],"query":[],"variable":[]},"header":[{"disabled":false,"description":"(Required) API Key","key":"apikey","value":"<string>"},{"disabled":false,"description":"(Required) Client ID","key":"X-ClientID","value":"<string>"},{"key":"Accept","value":"application/json"}],"method":"POST","body":{"mode":"raw","raw":"{\n  \"cardNumber\": \"090157278ID5IXX8613\",\n  \"channel\": \"W\",\n  \"keyAssociation\": \"IYY\",\n  \"organizationNumber\": 999\n}","options":{"raw":{"language":"json"}}}},"status":"OK","code":200,"header":[{"key":"Content-Type","value":"application/json"}],"body":"{\n  \"cardNumber\": \"090157278ID5IXX8613\",\n  \"ud1ec\": \"840B12345A690FBCA\",\n  \"ud2ec\": \"840B12345A690FBCA\",\n  \"ud3ec\": \"840B12345A690FBCA\",\n  \"pinEncrypt\": \"840B12345A690FBCA\"\n}","cookie":[],"_postman_previewlanguage":"json"},{"id":"75102dd4-7bc9-4b95-8ad9-0d9b17b7d738","name":"Redirection","originalRequest":{"url":{"path":["cards","pin","security-codes"],"host":["{{baseUrl}}"],"query":[],"variable":[]},"header":[{"disabled":false,"description":"(Required) API Key","key":"apikey","value":"<string>"},{"disabled":false,"description":"(Required) Client ID","key":"X-ClientID","value":"<string>"},{"key":"Accept","value":"application/json"}],"method":"POST","body":{"mode":"raw","raw":"{\n  \"cardNumber\": \"090157278ID5IXX8613\",\n  \"channel\": \"W\",\n  \"keyAssociation\": \"IYY\",\n  \"organizationNumber\": 999\n}","options":{"raw":{"language":"json"}}}},"status":"Multiple Choices","code":300,"header":[{"key":"Content-Type","value":"application/json"}],"body":"{\n  \"hasError\": false,\n  \"errors\": [\n    {\n      \"code\": \"laboris \",\n      \"description\": \"fugiat labore sunt\"\n    },\n    {\n      \"code\": \"incididunt commodo veniam\",\n      \"description\": \"ex dolor id\"\n    }\n  ],\n  \"data\": {}\n}","cookie":[],"_postman_previewlanguage":"json"},{"id":"8f0f1d82-a635-4f52-875a-2219d238ee1c","name":"Bad Request","originalRequest":{"url":{"path":["cards","pin","security-codes"],"host":["{{baseUrl}}"],"query":[],"variable":[]},"header":[{"disabled":false,"description":"(Required) API Key","key":"apikey","value":"<string>"},{"disabled":false,"description":"(Required) Client ID","key":"X-ClientID","value":"<string>"}],"method":"POST","body":{"mode":"raw","raw":"{\n  \"cardNumber\": \"090157278ID5IXX8613\",\n  \"channel\": \"W\",\n  \"keyAssociation\": \"IYY\",\n  \"organizationNumber\": 999\n}","options":{"raw":{"language":"json"}}}},"status":"Bad Request","code":400,"header":[{"key":"Content-Type","value":"text/plain"}],"body":"","cookie":[],"_postman_previewlanguage":"text"},{"id":"40bcb378-aaed-4b9c-9a23-8c260fbba7cd","name":"Unauthorized","originalRequest":{"url":{"path":["cards","pin","security-codes"],"host":["{{baseUrl}}"],"query":[],"variable":[]},"header":[{"disabled":false,"description":"(Required) API Key","key":"apikey","value":"<string>"},{"disabled":false,"description":"(Required) Client ID","key":"X-ClientID","value":"<string>"}],"method":"POST","body":{"mode":"raw","raw":"{\n  \"cardNumber\": \"090157278ID5IXX8613\",\n  \"channel\": \"W\",\n  \"keyAssociation\": \"IYY\",\n  \"organizationNumber\": 999\n}","options":{"raw":{"language":"json"}}}},"status":"Unauthorized","code":401,"header":[{"key":"Content-Type","value":"text/plain"}],"body":"","cookie":[],"_postman_previewlanguage":"text"},{"id":"4c1cf066-ef1e-4348-b184-6c6b774f3a6f","name":"Forbidden","originalRequest":{"url":{"path":["cards","pin","security-codes"],"host":["{{baseUrl}}"],"query":[],"variable":[]},"header":[{"disabled":false,"description":"(Required) API Key","key":"apikey","value":"<string>"},{"disabled":false,"description":"(Required) Client ID","key":"X-ClientID","value":"<string>"}],"method":"POST","body":{"mode":"raw","raw":"{\n  \"cardNumber\": \"090157278ID5IXX8613\",\n  \"channel\": \"W\",\n  \"keyAssociation\": \"IYY\",\n  \"organizationNumber\": 999\n}","options":{"raw":{"language":"json"}}}},"status":"Forbidden","code":403,"header":[{"key":"Content-Type","value":"text/plain"}],"body":"","cookie":[],"_postman_previewlanguage":"text"},{"id":"6ba9a59e-1d62-4203-a1f8-b90ba6e1f9f0","name":"Not Found","originalRequest":{"url":{"path":["cards","pin","security-codes"],"host":["{{baseUrl}}"],"query":[],"variable":[]},"header":[{"disabled":false,"description":"(Required) API Key","key":"apikey","value":"<string>"},{"disabled":false,"description":"(Required) Client ID","key":"X-ClientID","value":"<string>"}],"method":"POST","body":{"mode":"raw","raw":"{\n  \"cardNumber\": \"090157278ID5IXX8613\",\n  \"channel\": \"W\",\n  \"keyAssociation\": \"IYY\",\n  \"organizationNumber\": 999\n}","options":{"raw":{"language":"json"}}}},"status":"Not Found","code":404,"header":[{"key":"Content-Type","value":"text/plain"}],"body":"","cookie":[],"_postman_previewlanguage":"text"},{"id":"37f58b44-0422-48ad-ab39-f2df0e9ce27d","name":"Method Not Allowed","originalRequest":{"url":{"path":["cards","pin","security-codes"],"host":["{{baseUrl}}"],"query":[],"variable":[]},"header":[{"disabled":false,"description":"(Required) API Key","key":"apikey","value":"<string>"},{"disabled":false,"description":"(Required) Client ID","key":"X-ClientID","value":"<string>"}],"method":"POST","body":{"mode":"raw","raw":"{\n  \"cardNumber\": \"090157278ID5IXX8613\",\n  \"channel\": \"W\",\n  \"keyAssociation\": \"IYY\",\n  \"organizationNumber\": 999\n}","options":{"raw":{"language":"json"}}}},"status":"Method Not Allowed","code":405,"header":[{"key":"Content-Type","value":"text/plain"}],"body":"","cookie":[],"_postman_previewlanguage":"text"},{"id":"5b7bca84-41e1-4f66-892d-f17022d92003","name":"VPL5SPA01S - ORGANIZATION NUMBER MUST BE NUMERIC AND VALID VALUES ARE 001-998\n\nVPL5SPA02S - ORGANIZATION NOT ON FILE\n\nVPL5SPA03S - ACCOUNT NUMBER OR CARD NUMBER MUST BE PROVIDED\n\nVPL5SPA04S - NEW PIN BLOCK SHOULD BE PROVIDED\n\nVPL5SPA05S - CHANNEL SHOULD BE PROVIDED\n\nVPL5SPA06S - KEY ASSOCIATION SHOULD BE PROVIDED","originalRequest":{"url":{"path":["cards","pin","security-codes"],"host":["{{baseUrl}}"],"query":[],"variable":[]},"header":[{"disabled":false,"description":"(Required) API Key","key":"apikey","value":"<string>"},{"disabled":false,"description":"(Required) Client ID","key":"X-ClientID","value":"<string>"},{"key":"Accept","value":"application/json"}],"method":"POST","body":{"mode":"raw","raw":"{\n  \"cardNumber\": \"090157278ID5IXX8613\",\n  \"channel\": \"W\",\n  \"keyAssociation\": \"IYY\",\n  \"organizationNumber\": 999\n}","options":{"raw":{"language":"json"}}}},"status":"Unprocessable Entity (WebDAV) (RFC 4918)","code":422,"header":[{"key":"Content-Type","value":"application/json"}],"body":"{\n  \"hasError\": true,\n  \"errors\": [\n    {\n      \"code\": \"anim officia irure\",\n      \"description\": \"reprehenderit dolor deserunt nulla\"\n    },\n    {\n      \"code\": \"culpa id cupidatat in\",\n      \"description\": \"pariatur do\"\n    }\n  ],\n  \"data\": {}\n}","cookie":[],"_postman_previewlanguage":"json"},{"id":"12991b87-95d0-4599-86db-c156e999ba0a","name":"Backend Error","originalRequest":{"url":{"path":["cards","pin","security-codes"],"host":["{{baseUrl}}"],"query":[],"variable":[]},"header":[{"disabled":false,"description":"(Required) API Key","key":"apikey","value":"<string>"},{"disabled":false,"description":"(Required) Client ID","key":"X-ClientID","value":"<string>"},{"key":"Accept","value":"application/json"}],"method":"POST","body":{"mode":"raw","raw":"{\n  \"cardNumber\": \"090157278ID5IXX8613\",\n  \"channel\": \"W\",\n  \"keyAssociation\": \"IYY\",\n  \"organizationNumber\": 999\n}","options":{"raw":{"language":"json"}}}},"status":"Internal Server Error","code":500,"header":[{"key":"Content-Type","value":"application/json"}],"body":"{\n  \"hasError\": true,\n  \"errors\": [\n    {\n      \"code\": \"anim officia irure\",\n      \"description\": \"reprehenderit dolor deserunt nulla\"\n    },\n    {\n      \"code\": \"culpa id cupidatat in\",\n      \"description\": \"pariatur do\"\n    }\n  ],\n  \"data\": {}\n}","cookie":[],"_postman_previewlanguage":"json"}],"event":[],"protocolProfileBehavior":{"disableBodyPruning":true}},{"id":"5e018821-fef1-4f62-9bd7-0af2250ccfbb","name":"embosser","item":[{"id":"6f2968be-2b35-40bd-b2b8-50d289eae29e","name":"Add Card Record. VMX Service: M.CMS.EMBOSSER.ADD, L8V8","request":{"name":"Add Card Record. VMX Service: M.CMS.EMBOSSER.ADD, L8V8","description":{"content":"Adds a Card or Plastic record to an Account. \nVMX Service: M.CMS.EMBOSSER.ADD, L8V8","type":"text/plain"},"url":{"path":["cards","embosser",""],"host":["{{baseUrl}}"],"query":[],"variable":[]},"header":[{"disabled":false,"description":"(Required) API Key","key":"apikey","value":"<string>"},{"disabled":false,"description":"(Required) Client ID","key":"X-ClientID","value":"<string>"},{"key":"Content-Type","value":"application/json"},{"key":"Accept","value":"application/json"}],"method":"POST","auth":null,"body":{"mode":"raw","raw":"{\n  \"cardNumber\": \"<string>\",\n  \"enrollmentStatusVBV\": \"<string>\",\n  \"organizationNumber\": \"<integer>\",\n  \"postToAccount\": \"<string>\",\n  \"vbvPassword\": \"<string>\",\n  \"cardSequence\": \"<integer>\",\n  \"cardAction\": \"<integer>\",\n  \"numberOfCardsRequested\": \"<integer>\",\n  \"typeOfCard\": \"<integer>\",\n  \"requestedCardType\": \"<integer>\",\n  \"typeCardMailer\": \"<integer>\",\n  \"plasticId\": \"<string>\",\n  \"name1TypeIndicator\": \"<integer>\",\n  \"name2TypeIndicator\": \"<integer>\",\n  \"embossedName1\": \"<string>\",\n  \"embossedName2\": \"<string>\",\n  \"securedCodeActivate\": \"<integer>\",\n  \"visaPlusIndicator\": \"<integer>\",\n  \"pinMailerDelayDays\": \"<integer>\",\n  \"expirationDate\": \"<date>\",\n  \"customerNumber\": \"<string>\",\n  \"name1\": \"<string>\",\n  \"name2\": \"<string>\",\n  \"pinOffset\": \"<integer>\",\n  \"posServiceCode\": \"<integer>\",\n  \"cardholderFlag\": \"<string>\",\n  \"addressLine1\": \"<string>\",\n  \"addressLine2\": \"<string>\",\n  \"city\": \"<string>\",\n  \"stateOrProvince\": \"<string>\",\n  \"postalCode\": \"<string>\",\n  \"languageCode\": \"<string>\",\n  \"visaMiniIndicator\": \"<integer>\",\n  \"pinSuppression\": \"<integer>\",\n  \"blockCode\": \"<string>\",\n  \"currentCardActivation\": \"<string>\",\n  \"maximumAuthorizationFrequency\": \"<integer>\",\n  \"atmCashNumber\": \"<integer>\",\n  \"atmCashAmount\": \"<number>\",\n  \"atmCashSingleTransactionLimit\": \"<number>\",\n  \"overTheCounterCashNumber\": \"<integer>\",\n  \"overTheCounterCashAmount\": \"<number>\",\n  \"overTheCounterCashSingleTransactionLimit\": \"<number>\",\n  \"retailPurchaseNumber\": \"<integer>\",\n  \"retailPurchaseAmt\": \"<number>\",\n  \"retailPurchaseSingleTransactionLimit\": \"<number>\",\n  \"internetPurchaseAmount\": \"<number>\",\n  \"internetPurchaseNumber\": \"<number>\",\n  \"internetPurchaseSingleTransactionLimit\": \"<number>\",\n  \"user1\": \"<string>\",\n  \"user2\": \"<string>\",\n  \"user3\": \"<string>\",\n  \"user4\": \"<integer>\",\n  \"user5\": \"<string>\",\n  \"user6\": \"<string>\",\n  \"user7\": \"<string>\",\n  \"user8\": \"<string>\",\n  \"userDate1\": \"<date>\",\n  \"userDate2\": \"<date>\",\n  \"branchNumber\": \"<integer>\",\n  \"reissueDeliveryOption\": \"<integer>\",\n  \"nextCardExpirationDate\": \"<date>\",\n  \"firstIssueBranch\": \"<integer>\",\n  \"deliveryOption\": \"<integer>\",\n  \"authorizationCriteriaTableNumber\": \"<string>\",\n  \"cardDelayDays\": \"<integer>\",\n  \"authorizationSpendingLimitTable\": \"<string>\",\n  \"assignedSpendingLimits\": {\n    \"maximumSpendingLimit\": \"<number>\",\n    \"spendingTransaction\": \"<number>\",\n    \"spendingFrequency\": \"<integer>\"\n  },\n  \"programId\": \"<integer>\",\n  \"deviceIndicator\": \"<string>\",\n  \"processType\": \"<integer>\",\n  \"cardholderAffiliationGroupId\": \"<integer>\",\n  \"cardActionReasonCode\": \"<string>\"\n}","options":{"raw":{"language":"json"}}}},"response":[{"id":"3bb1aaed-8373-479a-bb58-c388f1cb2489","name":"Success","originalRequest":{"url":{"path":["cards","embosser",""],"host":["{{baseUrl}}"],"query":[],"variable":[]},"header":[{"disabled":false,"description":"(Required) API Key","key":"apikey","value":"<string>"},{"disabled":false,"description":"(Required) Client ID","key":"X-ClientID","value":"<string>"},{"key":"Accept","value":"application/json"}],"method":"POST","body":{"mode":"raw","raw":"{\n  \"cardNumber\": \"<string>\",\n  \"enrollmentStatusVBV\": \"N\",\n  \"organizationNumber\": \"<integer>\",\n  \"postToAccount\": \"000001234XXXXX56789\",\n  \"vbvPassword\": \"BANDEBOGOT\",\n  \"cardSequence\": 1,\n  \"cardAction\": 1,\n  \"numberOfCardsRequested\": 11,\n  \"typeOfCard\": 11,\n  \"requestedCardType\": 11,\n  \"typeCardMailer\": 11,\n  \"plasticId\": \"1111111111\",\n  \"name1TypeIndicator\": 1,\n  \"name2TypeIndicator\": 1,\n  \"embossedName1\": \"HELLO\",\n  \"embossedName2\": \"KIT-KAT WALLER\",\n  \"securedCodeActivate\": 1,\n  \"visaPlusIndicator\": 1,\n  \"pinMailerDelayDays\": 1,\n  \"expirationDate\": \"2023-10-04\",\n  \"customerNumber\": \"000001234XXXXX56789\",\n  \"name1\": \"RUN DMC\",\n  \"name2\": \"RICK ROSS\",\n  \"pinOffset\": 1,\n  \"posServiceCode\": 101,\n  \"cardholderFlag\": \"1\",\n  \"addressLine1\": \"PORT OF MIAMI\",\n  \"addressLine2\": \"117 E PARKWAY AVE\",\n  \"city\": \"MIAMI\",\n  \"stateOrProvince\": \"FL\",\n  \"postalCode\": \"38585\",\n  \"languageCode\": \"ENG\",\n  \"visaMiniIndicator\": 1,\n  \"pinSuppression\": 1,\n  \"blockCode\": \"A\",\n  \"currentCardActivation\": \"<string>\",\n  \"maximumAuthorizationFrequency\": 1,\n  \"atmCashNumber\": 1,\n  \"atmCashAmount\": 10000000000000000,\n  \"atmCashSingleTransactionLimit\": 10000000000000000,\n  \"overTheCounterCashNumber\": 1,\n  \"overTheCounterCashAmount\": 10000000000000000,\n  \"overTheCounterCashSingleTransactionLimit\": 10000000000000000,\n  \"retailPurchaseNumber\": 1,\n  \"retailPurchaseAmt\": 10000000000000000,\n  \"retailPurchaseSingleTransactionLimit\": 10000000000000000,\n  \"internetPurchaseAmount\": 1000000000000,\n  \"internetPurchaseNumber\": 100000000,\n  \"internetPurchaseSingleTransactionLimit\": 1000000000000,\n  \"user1\": \"1\",\n  \"user2\": \"2\",\n  \"user3\": \"3\",\n  \"user4\": 4,\n  \"user5\": \"5\",\n  \"user6\": \"6\",\n  \"user7\": \"7\",\n  \"user8\": \"8\",\n  \"userDate1\": \"2023-10-04\",\n  \"userDate2\": \"2023-10-04\",\n  \"branchNumber\": 1,\n  \"reissueDeliveryOption\": 1,\n  \"nextCardExpirationDate\": \"2023-10-04\",\n  \"firstIssueBranch\": 1,\n  \"deliveryOption\": 1,\n  \"authorizationCriteriaTableNumber\": \"<string>\",\n  \"cardDelayDays\": 11,\n  \"authorizationSpendingLimitTable\": \"ABC\",\n  \"assignedSpendingLimits\": {\n    \"maximumSpendingLimit\": 10000000000000000,\n    \"spendingTransaction\": 10000000000000000,\n    \"spendingFrequency\": \"<integer>\"\n  },\n  \"programId\": 111111111,\n  \"deviceIndicator\": \"C\",\n  \"processType\": 1,\n  \"cardholderAffiliationGroupId\": 12348,\n  \"cardActionReasonCode\": \"<string>\"\n}","options":{"raw":{"language":"json"}}}},"status":"OK","code":200,"header":[{"key":"Content-Type","value":"application/json"}],"body":"{\n  \"organizationNumber\": 998,\n  \"organizationAssociatedToForeignAccount\": 998,\n  \"logo\": 998,\n  \"accountNumber\": \"000001234XXXXX56789\",\n  \"cardNumber\": \"000001234XXXXX56789\",\n  \"cardSequence\": 1111,\n  \"currentChipSequenceNumber\": 12\n}","cookie":[],"_postman_previewlanguage":"json"},{"id":"9c3d9e54-664f-485f-bbd9-5286374252fd","name":"Redirection","originalRequest":{"url":{"path":["cards","embosser",""],"host":["{{baseUrl}}"],"query":[],"variable":[]},"header":[{"disabled":false,"description":"(Required) API Key","key":"apikey","value":"<string>"},{"disabled":false,"description":"(Required) Client ID","key":"X-ClientID","value":"<string>"},{"key":"Accept","value":"application/json"}],"method":"POST","body":{"mode":"raw","raw":"{\n  \"cardNumber\": \"<string>\",\n  \"enrollmentStatusVBV\": \"N\",\n  \"organizationNumber\": \"<integer>\",\n  \"postToAccount\": \"000001234XXXXX56789\",\n  \"vbvPassword\": \"BANDEBOGOT\",\n  \"cardSequence\": 1,\n  \"cardAction\": 1,\n  \"numberOfCardsRequested\": 11,\n  \"typeOfCard\": 11,\n  \"requestedCardType\": 11,\n  \"typeCardMailer\": 11,\n  \"plasticId\": \"1111111111\",\n  \"name1TypeIndicator\": 1,\n  \"name2TypeIndicator\": 1,\n  \"embossedName1\": \"HELLO\",\n  \"embossedName2\": \"KIT-KAT WALLER\",\n  \"securedCodeActivate\": 1,\n  \"visaPlusIndicator\": 1,\n  \"pinMailerDelayDays\": 1,\n  \"expirationDate\": \"2023-10-04\",\n  \"customerNumber\": \"000001234XXXXX56789\",\n  \"name1\": \"RUN DMC\",\n  \"name2\": \"RICK ROSS\",\n  \"pinOffset\": 1,\n  \"posServiceCode\": 101,\n  \"cardholderFlag\": \"1\",\n  \"addressLine1\": \"PORT OF MIAMI\",\n  \"addressLine2\": \"117 E PARKWAY AVE\",\n  \"city\": \"MIAMI\",\n  \"stateOrProvince\": \"FL\",\n  \"postalCode\": \"38585\",\n  \"languageCode\": \"ENG\",\n  \"visaMiniIndicator\": 1,\n  \"pinSuppression\": 1,\n  \"blockCode\": \"A\",\n  \"currentCardActivation\": \"<string>\",\n  \"maximumAuthorizationFrequency\": 1,\n  \"atmCashNumber\": 1,\n  \"atmCashAmount\": 10000000000000000,\n  \"atmCashSingleTransactionLimit\": 10000000000000000,\n  \"overTheCounterCashNumber\": 1,\n  \"overTheCounterCashAmount\": 10000000000000000,\n  \"overTheCounterCashSingleTransactionLimit\": 10000000000000000,\n  \"retailPurchaseNumber\": 1,\n  \"retailPurchaseAmt\": 10000000000000000,\n  \"retailPurchaseSingleTransactionLimit\": 10000000000000000,\n  \"internetPurchaseAmount\": 1000000000000,\n  \"internetPurchaseNumber\": 100000000,\n  \"internetPurchaseSingleTransactionLimit\": 1000000000000,\n  \"user1\": \"1\",\n  \"user2\": \"2\",\n  \"user3\": \"3\",\n  \"user4\": 4,\n  \"user5\": \"5\",\n  \"user6\": \"6\",\n  \"user7\": \"7\",\n  \"user8\": \"8\",\n  \"userDate1\": \"2023-10-04\",\n  \"userDate2\": \"2023-10-04\",\n  \"branchNumber\": 1,\n  \"reissueDeliveryOption\": 1,\n  \"nextCardExpirationDate\": \"2023-10-04\",\n  \"firstIssueBranch\": 1,\n  \"deliveryOption\": 1,\n  \"authorizationCriteriaTableNumber\": \"<string>\",\n  \"cardDelayDays\": 11,\n  \"authorizationSpendingLimitTable\": \"ABC\",\n  \"assignedSpendingLimits\": {\n    \"maximumSpendingLimit\": 10000000000000000,\n    \"spendingTransaction\": 10000000000000000,\n    \"spendingFrequency\": \"<integer>\"\n  },\n  \"programId\": 111111111,\n  \"deviceIndicator\": \"C\",\n  \"processType\": 1,\n  \"cardholderAffiliationGroupId\": 12348,\n  \"cardActionReasonCode\": \"<string>\"\n}","options":{"raw":{"language":"json"}}}},"status":"Multiple Choices","code":300,"header":[{"key":"Content-Type","value":"application/json"}],"body":"{\n  \"hasError\": true,\n  \"errors\": [\n    {\n      \"code\": \"anim officia irure\",\n      \"description\": \"reprehenderit dolor deserunt nulla\"\n    },\n    {\n      \"code\": \"culpa id cupidatat in\",\n      \"description\": \"pariatur do\"\n    }\n  ],\n  \"data\": {}\n}","cookie":[],"_postman_previewlanguage":"json"},{"id":"592c8a31-4a5d-4829-b373-2645fbc7e3bd","name":"Bad Request","originalRequest":{"url":{"path":["cards","embosser",""],"host":["{{baseUrl}}"],"query":[],"variable":[]},"header":[{"disabled":false,"description":"(Required) API Key","key":"apikey","value":"<string>"},{"disabled":false,"description":"(Required) Client ID","key":"X-ClientID","value":"<string>"}],"method":"POST","body":{"mode":"raw","raw":"{\n  \"cardNumber\": \"<string>\",\n  \"enrollmentStatusVBV\": \"N\",\n  \"organizationNumber\": \"<integer>\",\n  \"postToAccount\": \"000001234XXXXX56789\",\n  \"vbvPassword\": \"BANDEBOGOT\",\n  \"cardSequence\": 1,\n  \"cardAction\": 1,\n  \"numberOfCardsRequested\": 11,\n  \"typeOfCard\": 11,\n  \"requestedCardType\": 11,\n  \"typeCardMailer\": 11,\n  \"plasticId\": \"1111111111\",\n  \"name1TypeIndicator\": 1,\n  \"name2TypeIndicator\": 1,\n  \"embossedName1\": \"HELLO\",\n  \"embossedName2\": \"KIT-KAT WALLER\",\n  \"securedCodeActivate\": 1,\n  \"visaPlusIndicator\": 1,\n  \"pinMailerDelayDays\": 1,\n  \"expirationDate\": \"2023-10-04\",\n  \"customerNumber\": \"000001234XXXXX56789\",\n  \"name1\": \"RUN DMC\",\n  \"name2\": \"RICK ROSS\",\n  \"pinOffset\": 1,\n  \"posServiceCode\": 101,\n  \"cardholderFlag\": \"1\",\n  \"addressLine1\": \"PORT OF MIAMI\",\n  \"addressLine2\": \"117 E PARKWAY AVE\",\n  \"city\": \"MIAMI\",\n  \"stateOrProvince\": \"FL\",\n  \"postalCode\": \"38585\",\n  \"languageCode\": \"ENG\",\n  \"visaMiniIndicator\": 1,\n  \"pinSuppression\": 1,\n  \"blockCode\": \"A\",\n  \"currentCardActivation\": \"<string>\",\n  \"maximumAuthorizationFrequency\": 1,\n  \"atmCashNumber\": 1,\n  \"atmCashAmount\": 10000000000000000,\n  \"atmCashSingleTransactionLimit\": 10000000000000000,\n  \"overTheCounterCashNumber\": 1,\n  \"overTheCounterCashAmount\": 10000000000000000,\n  \"overTheCounterCashSingleTransactionLimit\": 10000000000000000,\n  \"retailPurchaseNumber\": 1,\n  \"retailPurchaseAmt\": 10000000000000000,\n  \"retailPurchaseSingleTransactionLimit\": 10000000000000000,\n  \"internetPurchaseAmount\": 1000000000000,\n  \"internetPurchaseNumber\": 100000000,\n  \"internetPurchaseSingleTransactionLimit\": 1000000000000,\n  \"user1\": \"1\",\n  \"user2\": \"2\",\n  \"user3\": \"3\",\n  \"user4\": 4,\n  \"user5\": \"5\",\n  \"user6\": \"6\",\n  \"user7\": \"7\",\n  \"user8\": \"8\",\n  \"userDate1\": \"2023-10-04\",\n  \"userDate2\": \"2023-10-04\",\n  \"branchNumber\": 1,\n  \"reissueDeliveryOption\": 1,\n  \"nextCardExpirationDate\": \"2023-10-04\",\n  \"firstIssueBranch\": 1,\n  \"deliveryOption\": 1,\n  \"authorizationCriteriaTableNumber\": \"<string>\",\n  \"cardDelayDays\": 11,\n  \"authorizationSpendingLimitTable\": \"ABC\",\n  \"assignedSpendingLimits\": {\n    \"maximumSpendingLimit\": 10000000000000000,\n    \"spendingTransaction\": 10000000000000000,\n    \"spendingFrequency\": \"<integer>\"\n  },\n  \"programId\": 111111111,\n  \"deviceIndicator\": \"C\",\n  \"processType\": 1,\n  \"cardholderAffiliationGroupId\": 12348,\n  \"cardActionReasonCode\": \"<string>\"\n}","options":{"raw":{"language":"json"}}}},"status":"Bad Request","code":400,"header":[{"key":"Content-Type","value":"text/plain"}],"body":"","cookie":[],"_postman_previewlanguage":"text"},{"id":"30056369-1f48-419f-a422-f2b83e568820","name":"Unauthorized","originalRequest":{"url":{"path":["cards","embosser",""],"host":["{{baseUrl}}"],"query":[],"variable":[]},"header":[{"disabled":false,"description":"(Required) API Key","key":"apikey","value":"<string>"},{"disabled":false,"description":"(Required) Client ID","key":"X-ClientID","value":"<string>"}],"method":"POST","body":{"mode":"raw","raw":"{\n  \"cardNumber\": \"<string>\",\n  \"enrollmentStatusVBV\": \"N\",\n  \"organizationNumber\": \"<integer>\",\n  \"postToAccount\": \"000001234XXXXX56789\",\n  \"vbvPassword\": \"BANDEBOGOT\",\n  \"cardSequence\": 1,\n  \"cardAction\": 1,\n  \"numberOfCardsRequested\": 11,\n  \"typeOfCard\": 11,\n  \"requestedCardType\": 11,\n  \"typeCardMailer\": 11,\n  \"plasticId\": \"1111111111\",\n  \"name1TypeIndicator\": 1,\n  \"name2TypeIndicator\": 1,\n  \"embossedName1\": \"HELLO\",\n  \"embossedName2\": \"KIT-KAT WALLER\",\n  \"securedCodeActivate\": 1,\n  \"visaPlusIndicator\": 1,\n  \"pinMailerDelayDays\": 1,\n  \"expirationDate\": \"2023-10-04\",\n  \"customerNumber\": \"000001234XXXXX56789\",\n  \"name1\": \"RUN DMC\",\n  \"name2\": \"RICK ROSS\",\n  \"pinOffset\": 1,\n  \"posServiceCode\": 101,\n  \"cardholderFlag\": \"1\",\n  \"addressLine1\": \"PORT OF MIAMI\",\n  \"addressLine2\": \"117 E PARKWAY AVE\",\n  \"city\": \"MIAMI\",\n  \"stateOrProvince\": \"FL\",\n  \"postalCode\": \"38585\",\n  \"languageCode\": \"ENG\",\n  \"visaMiniIndicator\": 1,\n  \"pinSuppression\": 1,\n  \"blockCode\": \"A\",\n  \"currentCardActivation\": \"<string>\",\n  \"maximumAuthorizationFrequency\": 1,\n  \"atmCashNumber\": 1,\n  \"atmCashAmount\": 10000000000000000,\n  \"atmCashSingleTransactionLimit\": 10000000000000000,\n  \"overTheCounterCashNumber\": 1,\n  \"overTheCounterCashAmount\": 10000000000000000,\n  \"overTheCounterCashSingleTransactionLimit\": 10000000000000000,\n  \"retailPurchaseNumber\": 1,\n  \"retailPurchaseAmt\": 10000000000000000,\n  \"retailPurchaseSingleTransactionLimit\": 10000000000000000,\n  \"internetPurchaseAmount\": 1000000000000,\n  \"internetPurchaseNumber\": 100000000,\n  \"internetPurchaseSingleTransactionLimit\": 1000000000000,\n  \"user1\": \"1\",\n  \"user2\": \"2\",\n  \"user3\": \"3\",\n  \"user4\": 4,\n  \"user5\": \"5\",\n  \"user6\": \"6\",\n  \"user7\": \"7\",\n  \"user8\": \"8\",\n  \"userDate1\": \"2023-10-04\",\n  \"userDate2\": \"2023-10-04\",\n  \"branchNumber\": 1,\n  \"reissueDeliveryOption\": 1,\n  \"nextCardExpirationDate\": \"2023-10-04\",\n  \"firstIssueBranch\": 1,\n  \"deliveryOption\": 1,\n  \"authorizationCriteriaTableNumber\": \"<string>\",\n  \"cardDelayDays\": 11,\n  \"authorizationSpendingLimitTable\": \"ABC\",\n  \"assignedSpendingLimits\": {\n    \"maximumSpendingLimit\": 10000000000000000,\n    \"spendingTransaction\": 10000000000000000,\n    \"spendingFrequency\": \"<integer>\"\n  },\n  \"programId\": 111111111,\n  \"deviceIndicator\": \"C\",\n  \"processType\": 1,\n  \"cardholderAffiliationGroupId\": 12348,\n  \"cardActionReasonCode\": \"<string>\"\n}","options":{"raw":{"language":"json"}}}},"status":"Unauthorized","code":401,"header":[{"key":"Content-Type","value":"text/plain"}],"body":"","cookie":[],"_postman_previewlanguage":"text"},{"id":"093858fe-e6b1-4b68-b77f-fe0330e2391c","name":"Forbidden","originalRequest":{"url":{"path":["cards","embosser",""],"host":["{{baseUrl}}"],"query":[],"variable":[]},"header":[{"disabled":false,"description":"(Required) API Key","key":"apikey","value":"<string>"},{"disabled":false,"description":"(Required) Client ID","key":"X-ClientID","value":"<string>"}],"method":"POST","body":{"mode":"raw","raw":"{\n  \"cardNumber\": \"<string>\",\n  \"enrollmentStatusVBV\": \"N\",\n  \"organizationNumber\": \"<integer>\",\n  \"postToAccount\": \"000001234XXXXX56789\",\n  \"vbvPassword\": \"BANDEBOGOT\",\n  \"cardSequence\": 1,\n  \"cardAction\": 1,\n  \"numberOfCardsRequested\": 11,\n  \"typeOfCard\": 11,\n  \"requestedCardType\": 11,\n  \"typeCardMailer\": 11,\n  \"plasticId\": \"1111111111\",\n  \"name1TypeIndicator\": 1,\n  \"name2TypeIndicator\": 1,\n  \"embossedName1\": \"HELLO\",\n  \"embossedName2\": \"KIT-KAT WALLER\",\n  \"securedCodeActivate\": 1,\n  \"visaPlusIndicator\": 1,\n  \"pinMailerDelayDays\": 1,\n  \"expirationDate\": \"2023-10-04\",\n  \"customerNumber\": \"000001234XXXXX56789\",\n  \"name1\": \"RUN DMC\",\n  \"name2\": \"RICK ROSS\",\n  \"pinOffset\": 1,\n  \"posServiceCode\": 101,\n  \"cardholderFlag\": \"1\",\n  \"addressLine1\": \"PORT OF MIAMI\",\n  \"addressLine2\": \"117 E PARKWAY AVE\",\n  \"city\": \"MIAMI\",\n  \"stateOrProvince\": \"FL\",\n  \"postalCode\": \"38585\",\n  \"languageCode\": \"ENG\",\n  \"visaMiniIndicator\": 1,\n  \"pinSuppression\": 1,\n  \"blockCode\": \"A\",\n  \"currentCardActivation\": \"<string>\",\n  \"maximumAuthorizationFrequency\": 1,\n  \"atmCashNumber\": 1,\n  \"atmCashAmount\": 10000000000000000,\n  \"atmCashSingleTransactionLimit\": 10000000000000000,\n  \"overTheCounterCashNumber\": 1,\n  \"overTheCounterCashAmount\": 10000000000000000,\n  \"overTheCounterCashSingleTransactionLimit\": 10000000000000000,\n  \"retailPurchaseNumber\": 1,\n  \"retailPurchaseAmt\": 10000000000000000,\n  \"retailPurchaseSingleTransactionLimit\": 10000000000000000,\n  \"internetPurchaseAmount\": 1000000000000,\n  \"internetPurchaseNumber\": 100000000,\n  \"internetPurchaseSingleTransactionLimit\": 1000000000000,\n  \"user1\": \"1\",\n  \"user2\": \"2\",\n  \"user3\": \"3\",\n  \"user4\": 4,\n  \"user5\": \"5\",\n  \"user6\": \"6\",\n  \"user7\": \"7\",\n  \"user8\": \"8\",\n  \"userDate1\": \"2023-10-04\",\n  \"userDate2\": \"2023-10-04\",\n  \"branchNumber\": 1,\n  \"reissueDeliveryOption\": 1,\n  \"nextCardExpirationDate\": \"2023-10-04\",\n  \"firstIssueBranch\": 1,\n  \"deliveryOption\": 1,\n  \"authorizationCriteriaTableNumber\": \"<string>\",\n  \"cardDelayDays\": 11,\n  \"authorizationSpendingLimitTable\": \"ABC\",\n  \"assignedSpendingLimits\": {\n    \"maximumSpendingLimit\": 10000000000000000,\n    \"spendingTransaction\": 10000000000000000,\n    \"spendingFrequency\": \"<integer>\"\n  },\n  \"programId\": 111111111,\n  \"deviceIndicator\": \"C\",\n  \"processType\": 1,\n  \"cardholderAffiliationGroupId\": 12348,\n  \"cardActionReasonCode\": \"<string>\"\n}","options":{"raw":{"language":"json"}}}},"status":"Forbidden","code":403,"header":[{"key":"Content-Type","value":"text/plain"}],"body":"","cookie":[],"_postman_previewlanguage":"text"},{"id":"d53abe4e-aa22-44b8-8b01-c52595d857f9","name":"Not Found","originalRequest":{"url":{"path":["cards","embosser",""],"host":["{{baseUrl}}"],"query":[],"variable":[]},"header":[{"disabled":false,"description":"(Required) API Key","key":"apikey","value":"<string>"},{"disabled":false,"description":"(Required) Client ID","key":"X-ClientID","value":"<string>"}],"method":"POST","body":{"mode":"raw","raw":"{\n  \"cardNumber\": \"<string>\",\n  \"enrollmentStatusVBV\": \"N\",\n  \"organizationNumber\": \"<integer>\",\n  \"postToAccount\": \"000001234XXXXX56789\",\n  \"vbvPassword\": \"BANDEBOGOT\",\n  \"cardSequence\": 1,\n  \"cardAction\": 1,\n  \"numberOfCardsRequested\": 11,\n  \"typeOfCard\": 11,\n  \"requestedCardType\": 11,\n  \"typeCardMailer\": 11,\n  \"plasticId\": \"1111111111\",\n  \"name1TypeIndicator\": 1,\n  \"name2TypeIndicator\": 1,\n  \"embossedName1\": \"HELLO\",\n  \"embossedName2\": \"KIT-KAT WALLER\",\n  \"securedCodeActivate\": 1,\n  \"visaPlusIndicator\": 1,\n  \"pinMailerDelayDays\": 1,\n  \"expirationDate\": \"2023-10-04\",\n  \"customerNumber\": \"000001234XXXXX56789\",\n  \"name1\": \"RUN DMC\",\n  \"name2\": \"RICK ROSS\",\n  \"pinOffset\": 1,\n  \"posServiceCode\": 101,\n  \"cardholderFlag\": \"1\",\n  \"addressLine1\": \"PORT OF MIAMI\",\n  \"addressLine2\": \"117 E PARKWAY AVE\",\n  \"city\": \"MIAMI\",\n  \"stateOrProvince\": \"FL\",\n  \"postalCode\": \"38585\",\n  \"languageCode\": \"ENG\",\n  \"visaMiniIndicator\": 1,\n  \"pinSuppression\": 1,\n  \"blockCode\": \"A\",\n  \"currentCardActivation\": \"<string>\",\n  \"maximumAuthorizationFrequency\": 1,\n  \"atmCashNumber\": 1,\n  \"atmCashAmount\": 10000000000000000,\n  \"atmCashSingleTransactionLimit\": 10000000000000000,\n  \"overTheCounterCashNumber\": 1,\n  \"overTheCounterCashAmount\": 10000000000000000,\n  \"overTheCounterCashSingleTransactionLimit\": 10000000000000000,\n  \"retailPurchaseNumber\": 1,\n  \"retailPurchaseAmt\": 10000000000000000,\n  \"retailPurchaseSingleTransactionLimit\": 10000000000000000,\n  \"internetPurchaseAmount\": 1000000000000,\n  \"internetPurchaseNumber\": 100000000,\n  \"internetPurchaseSingleTransactionLimit\": 1000000000000,\n  \"user1\": \"1\",\n  \"user2\": \"2\",\n  \"user3\": \"3\",\n  \"user4\": 4,\n  \"user5\": \"5\",\n  \"user6\": \"6\",\n  \"user7\": \"7\",\n  \"user8\": \"8\",\n  \"userDate1\": \"2023-10-04\",\n  \"userDate2\": \"2023-10-04\",\n  \"branchNumber\": 1,\n  \"reissueDeliveryOption\": 1,\n  \"nextCardExpirationDate\": \"2023-10-04\",\n  \"firstIssueBranch\": 1,\n  \"deliveryOption\": 1,\n  \"authorizationCriteriaTableNumber\": \"<string>\",\n  \"cardDelayDays\": 11,\n  \"authorizationSpendingLimitTable\": \"ABC\",\n  \"assignedSpendingLimits\": {\n    \"maximumSpendingLimit\": 10000000000000000,\n    \"spendingTransaction\": 10000000000000000,\n    \"spendingFrequency\": \"<integer>\"\n  },\n  \"programId\": 111111111,\n  \"deviceIndicator\": \"C\",\n  \"processType\": 1,\n  \"cardholderAffiliationGroupId\": 12348,\n  \"cardActionReasonCode\": \"<string>\"\n}","options":{"raw":{"language":"json"}}}},"status":"Not Found","code":404,"header":[{"key":"Content-Type","value":"text/plain"}],"body":"","cookie":[],"_postman_previewlanguage":"text"},{"id":"533e67d8-9db5-409b-bd1c-4c0d9404d69d","name":"Method Not Allowed","originalRequest":{"url":{"path":["cards","embosser",""],"host":["{{baseUrl}}"],"query":[],"variable":[]},"header":[{"disabled":false,"description":"(Required) API Key","key":"apikey","value":"<string>"},{"disabled":false,"description":"(Required) Client ID","key":"X-ClientID","value":"<string>"}],"method":"POST","body":{"mode":"raw","raw":"{\n  \"cardNumber\": \"<string>\",\n  \"enrollmentStatusVBV\": \"N\",\n  \"organizationNumber\": \"<integer>\",\n  \"postToAccount\": \"000001234XXXXX56789\",\n  \"vbvPassword\": \"BANDEBOGOT\",\n  \"cardSequence\": 1,\n  \"cardAction\": 1,\n  \"numberOfCardsRequested\": 11,\n  \"typeOfCard\": 11,\n  \"requestedCardType\": 11,\n  \"typeCardMailer\": 11,\n  \"plasticId\": \"1111111111\",\n  \"name1TypeIndicator\": 1,\n  \"name2TypeIndicator\": 1,\n  \"embossedName1\": \"HELLO\",\n  \"embossedName2\": \"KIT-KAT WALLER\",\n  \"securedCodeActivate\": 1,\n  \"visaPlusIndicator\": 1,\n  \"pinMailerDelayDays\": 1,\n  \"expirationDate\": \"2023-10-04\",\n  \"customerNumber\": \"000001234XXXXX56789\",\n  \"name1\": \"RUN DMC\",\n  \"name2\": \"RICK ROSS\",\n  \"pinOffset\": 1,\n  \"posServiceCode\": 101,\n  \"cardholderFlag\": \"1\",\n  \"addressLine1\": \"PORT OF MIAMI\",\n  \"addressLine2\": \"117 E PARKWAY AVE\",\n  \"city\": \"MIAMI\",\n  \"stateOrProvince\": \"FL\",\n  \"postalCode\": \"38585\",\n  \"languageCode\": \"ENG\",\n  \"visaMiniIndicator\": 1,\n  \"pinSuppression\": 1,\n  \"blockCode\": \"A\",\n  \"currentCardActivation\": \"<string>\",\n  \"maximumAuthorizationFrequency\": 1,\n  \"atmCashNumber\": 1,\n  \"atmCashAmount\": 10000000000000000,\n  \"atmCashSingleTransactionLimit\": 10000000000000000,\n  \"overTheCounterCashNumber\": 1,\n  \"overTheCounterCashAmount\": 10000000000000000,\n  \"overTheCounterCashSingleTransactionLimit\": 10000000000000000,\n  \"retailPurchaseNumber\": 1,\n  \"retailPurchaseAmt\": 10000000000000000,\n  \"retailPurchaseSingleTransactionLimit\": 10000000000000000,\n  \"internetPurchaseAmount\": 1000000000000,\n  \"internetPurchaseNumber\": 100000000,\n  \"internetPurchaseSingleTransactionLimit\": 1000000000000,\n  \"user1\": \"1\",\n  \"user2\": \"2\",\n  \"user3\": \"3\",\n  \"user4\": 4,\n  \"user5\": \"5\",\n  \"user6\": \"6\",\n  \"user7\": \"7\",\n  \"user8\": \"8\",\n  \"userDate1\": \"2023-10-04\",\n  \"userDate2\": \"2023-10-04\",\n  \"branchNumber\": 1,\n  \"reissueDeliveryOption\": 1,\n  \"nextCardExpirationDate\": \"2023-10-04\",\n  \"firstIssueBranch\": 1,\n  \"deliveryOption\": 1,\n  \"authorizationCriteriaTableNumber\": \"<string>\",\n  \"cardDelayDays\": 11,\n  \"authorizationSpendingLimitTable\": \"ABC\",\n  \"assignedSpendingLimits\": {\n    \"maximumSpendingLimit\": 10000000000000000,\n    \"spendingTransaction\": 10000000000000000,\n    \"spendingFrequency\": \"<integer>\"\n  },\n  \"programId\": 111111111,\n  \"deviceIndicator\": \"C\",\n  \"processType\": 1,\n  \"cardholderAffiliationGroupId\": 12348,\n  \"cardActionReasonCode\": \"<string>\"\n}","options":{"raw":{"language":"json"}}}},"status":"Method Not Allowed","code":405,"header":[{"key":"Content-Type","value":"text/plain"}],"body":"","cookie":[],"_postman_previewlanguage":"text"},{"id":"ee35710d-b7c8-41e2-b5b2-e4def1e8d769","name":"VPL5SCL03E - ORGANIZATION IS NOT NUMERIC OR MUST BE VALUE BETWEEN 000 AND 998\n\nVPL5SCL04E - REQUESTED CARD/ACCT NUMBER IS NOT NUMERIC OR EQUAL SPACES\n\nVPL5SCL05E - CREDIT LIMIT - DOES NOT CONFORM TO CURRENCY NOD\n\nVPL5SCL06E - CREDIT LIMIT MUST BE NUMERIC\n\nVPL5SCL07E - INVALID FOREIGN USE INDICATOR - VALID VALUES ARE SPACE, 0 OR 1\n\nVPL5SCL08I - CREDIT LIMIT UNCHANGED, UPDATE BYPASSED\n\nVPL5SCL10S - ORGANIZATION NOT FOUND ON FILE\n\nVPL5SCL11S - FOREIGN ORGANIZATION NOT FOUND ON FILE\n\nVPL5SCL12S - ACCOUNT NOT FOUND ON FILE\n\nVPL5SCL13S - RELATIONSHIP ACCOUNT NOT FOUND ON FILE\n\nVPL5SCL14S - LOGO NOT FOUND ON FILE\n\nVPL5SCL15E - CREDIT LIMIT INVALID FOR PREPAID/DEBIT ACCOUNT TYPES\n\nVPL5SCL16E - CREDIT LIMIT INVALID FOR RELATIONSHIP SUB-ACCOUNT\n\nVPL5SCL17E - CREDIT LIMIT CAN NOT EXCEED LOGO CREDIT LIMIT\n\nVPL5SCL19E - CREDIT LIMIT EXCEEDS SECURED AMOUNT\n\nVPL5SCL20E - CREDIT LIMIT CAN NOT EXCEED COMPANY NODE CREDIT AVAILABLE\n\nVPL5SCL21E - CREDIT LIMIT CAN NOT EXCEED PARENT NODE CREDIT AVAILABLE\n\nVPL5SCL23I - FOREIGN USE ORG UNAVAILABLE PROCESSED LOCAL ORG ACCOUNT DATA\n\nVPL5SCL24E - CREDIT LIMIT SHOULD BE ZERO FOR FOREIGN ACCOUNT\n\nVPL5SCL25E - CREDIT LIMIT CANNOT BE LESS THAN ACCT FLOOR LIMIT\n\nVPL5SCL40E - DELQ AMT EXCEEDED FOR CREDIT LIMIT INCREASE\n\nVPL5SCL41E - DELQ LVL EXCEEDED FOR CREDIT LIMIT INCREASE\n\nVPL5SCL42E - ACCT BLOCKED FOR CREDIT LIMIT INCREASE\n\nVPL5SCLZ4S - REQUESTED ORGANIZATION COULD NOT BE DETERMINED\n\nVPL5SCLZ5S - REQUESTED ORGANIZATION NOT FOUND","originalRequest":{"url":{"path":["cards","embosser",""],"host":["{{baseUrl}}"],"query":[],"variable":[]},"header":[{"disabled":false,"description":"(Required) API Key","key":"apikey","value":"<string>"},{"disabled":false,"description":"(Required) Client ID","key":"X-ClientID","value":"<string>"},{"key":"Accept","value":"application/json"}],"method":"POST","body":{"mode":"raw","raw":"{\n  \"cardNumber\": \"<string>\",\n  \"enrollmentStatusVBV\": \"N\",\n  \"organizationNumber\": \"<integer>\",\n  \"postToAccount\": \"000001234XXXXX56789\",\n  \"vbvPassword\": \"BANDEBOGOT\",\n  \"cardSequence\": 1,\n  \"cardAction\": 1,\n  \"numberOfCardsRequested\": 11,\n  \"typeOfCard\": 11,\n  \"requestedCardType\": 11,\n  \"typeCardMailer\": 11,\n  \"plasticId\": \"1111111111\",\n  \"name1TypeIndicator\": 1,\n  \"name2TypeIndicator\": 1,\n  \"embossedName1\": \"HELLO\",\n  \"embossedName2\": \"KIT-KAT WALLER\",\n  \"securedCodeActivate\": 1,\n  \"visaPlusIndicator\": 1,\n  \"pinMailerDelayDays\": 1,\n  \"expirationDate\": \"2023-10-04\",\n  \"customerNumber\": \"000001234XXXXX56789\",\n  \"name1\": \"RUN DMC\",\n  \"name2\": \"RICK ROSS\",\n  \"pinOffset\": 1,\n  \"posServiceCode\": 101,\n  \"cardholderFlag\": \"1\",\n  \"addressLine1\": \"PORT OF MIAMI\",\n  \"addressLine2\": \"117 E PARKWAY AVE\",\n  \"city\": \"MIAMI\",\n  \"stateOrProvince\": \"FL\",\n  \"postalCode\": \"38585\",\n  \"languageCode\": \"ENG\",\n  \"visaMiniIndicator\": 1,\n  \"pinSuppression\": 1,\n  \"blockCode\": \"A\",\n  \"currentCardActivation\": \"<string>\",\n  \"maximumAuthorizationFrequency\": 1,\n  \"atmCashNumber\": 1,\n  \"atmCashAmount\": 10000000000000000,\n  \"atmCashSingleTransactionLimit\": 10000000000000000,\n  \"overTheCounterCashNumber\": 1,\n  \"overTheCounterCashAmount\": 10000000000000000,\n  \"overTheCounterCashSingleTransactionLimit\": 10000000000000000,\n  \"retailPurchaseNumber\": 1,\n  \"retailPurchaseAmt\": 10000000000000000,\n  \"retailPurchaseSingleTransactionLimit\": 10000000000000000,\n  \"internetPurchaseAmount\": 1000000000000,\n  \"internetPurchaseNumber\": 100000000,\n  \"internetPurchaseSingleTransactionLimit\": 1000000000000,\n  \"user1\": \"1\",\n  \"user2\": \"2\",\n  \"user3\": \"3\",\n  \"user4\": 4,\n  \"user5\": \"5\",\n  \"user6\": \"6\",\n  \"user7\": \"7\",\n  \"user8\": \"8\",\n  \"userDate1\": \"2023-10-04\",\n  \"userDate2\": \"2023-10-04\",\n  \"branchNumber\": 1,\n  \"reissueDeliveryOption\": 1,\n  \"nextCardExpirationDate\": \"2023-10-04\",\n  \"firstIssueBranch\": 1,\n  \"deliveryOption\": 1,\n  \"authorizationCriteriaTableNumber\": \"<string>\",\n  \"cardDelayDays\": 11,\n  \"authorizationSpendingLimitTable\": \"ABC\",\n  \"assignedSpendingLimits\": {\n    \"maximumSpendingLimit\": 10000000000000000,\n    \"spendingTransaction\": 10000000000000000,\n    \"spendingFrequency\": \"<integer>\"\n  },\n  \"programId\": 111111111,\n  \"deviceIndicator\": \"C\",\n  \"processType\": 1,\n  \"cardholderAffiliationGroupId\": 12348,\n  \"cardActionReasonCode\": \"<string>\"\n}","options":{"raw":{"language":"json"}}}},"status":"Unprocessable Entity (WebDAV) (RFC 4918)","code":422,"header":[{"key":"Content-Type","value":"application/json"}],"body":"{\n  \"hasError\": true,\n  \"errors\": [\n    {\n      \"code\": \"anim officia irure\",\n      \"description\": \"reprehenderit dolor deserunt nulla\"\n    },\n    {\n      \"code\": \"culpa id cupidatat in\",\n      \"description\": \"pariatur do\"\n    }\n  ],\n  \"data\": {}\n}","cookie":[],"_postman_previewlanguage":"json"},{"id":"c467c6b4-202f-452b-b371-b96ff3d2e629","name":"Backend Error","originalRequest":{"url":{"path":["cards","embosser",""],"host":["{{baseUrl}}"],"query":[],"variable":[]},"header":[{"disabled":false,"description":"(Required) API Key","key":"apikey","value":"<string>"},{"disabled":false,"description":"(Required) Client ID","key":"X-ClientID","value":"<string>"},{"key":"Accept","value":"application/json"}],"method":"POST","body":{"mode":"raw","raw":"{\n  \"cardNumber\": \"<string>\",\n  \"enrollmentStatusVBV\": \"N\",\n  \"organizationNumber\": \"<integer>\",\n  \"postToAccount\": \"000001234XXXXX56789\",\n  \"vbvPassword\": \"BANDEBOGOT\",\n  \"cardSequence\": 1,\n  \"cardAction\": 1,\n  \"numberOfCardsRequested\": 11,\n  \"typeOfCard\": 11,\n  \"requestedCardType\": 11,\n  \"typeCardMailer\": 11,\n  \"plasticId\": \"1111111111\",\n  \"name1TypeIndicator\": 1,\n  \"name2TypeIndicator\": 1,\n  \"embossedName1\": \"HELLO\",\n  \"embossedName2\": \"KIT-KAT WALLER\",\n  \"securedCodeActivate\": 1,\n  \"visaPlusIndicator\": 1,\n  \"pinMailerDelayDays\": 1,\n  \"expirationDate\": \"2023-10-04\",\n  \"customerNumber\": \"000001234XXXXX56789\",\n  \"name1\": \"RUN DMC\",\n  \"name2\": \"RICK ROSS\",\n  \"pinOffset\": 1,\n  \"posServiceCode\": 101,\n  \"cardholderFlag\": \"1\",\n  \"addressLine1\": \"PORT OF MIAMI\",\n  \"addressLine2\": \"117 E PARKWAY AVE\",\n  \"city\": \"MIAMI\",\n  \"stateOrProvince\": \"FL\",\n  \"postalCode\": \"38585\",\n  \"languageCode\": \"ENG\",\n  \"visaMiniIndicator\": 1,\n  \"pinSuppression\": 1,\n  \"blockCode\": \"A\",\n  \"currentCardActivation\": \"<string>\",\n  \"maximumAuthorizationFrequency\": 1,\n  \"atmCashNumber\": 1,\n  \"atmCashAmount\": 10000000000000000,\n  \"atmCashSingleTransactionLimit\": 10000000000000000,\n  \"overTheCounterCashNumber\": 1,\n  \"overTheCounterCashAmount\": 10000000000000000,\n  \"overTheCounterCashSingleTransactionLimit\": 10000000000000000,\n  \"retailPurchaseNumber\": 1,\n  \"retailPurchaseAmt\": 10000000000000000,\n  \"retailPurchaseSingleTransactionLimit\": 10000000000000000,\n  \"internetPurchaseAmount\": 1000000000000,\n  \"internetPurchaseNumber\": 100000000,\n  \"internetPurchaseSingleTransactionLimit\": 1000000000000,\n  \"user1\": \"1\",\n  \"user2\": \"2\",\n  \"user3\": \"3\",\n  \"user4\": 4,\n  \"user5\": \"5\",\n  \"user6\": \"6\",\n  \"user7\": \"7\",\n  \"user8\": \"8\",\n  \"userDate1\": \"2023-10-04\",\n  \"userDate2\": \"2023-10-04\",\n  \"branchNumber\": 1,\n  \"reissueDeliveryOption\": 1,\n  \"nextCardExpirationDate\": \"2023-10-04\",\n  \"firstIssueBranch\": 1,\n  \"deliveryOption\": 1,\n  \"authorizationCriteriaTableNumber\": \"<string>\",\n  \"cardDelayDays\": 11,\n  \"authorizationSpendingLimitTable\": \"ABC\",\n  \"assignedSpendingLimits\": {\n    \"maximumSpendingLimit\": 10000000000000000,\n    \"spendingTransaction\": 10000000000000000,\n    \"spendingFrequency\": \"<integer>\"\n  },\n  \"programId\": 111111111,\n  \"deviceIndicator\": \"C\",\n  \"processType\": 1,\n  \"cardholderAffiliationGroupId\": 12348,\n  \"cardActionReasonCode\": \"<string>\"\n}","options":{"raw":{"language":"json"}}}},"status":"Internal Server Error","code":500,"header":[{"key":"Content-Type","value":"application/json"}],"body":"{\n  \"hasError\": true,\n  \"errors\": [\n    {\n      \"code\": \"anim officia irure\",\n      \"description\": \"reprehenderit dolor deserunt nulla\"\n    },\n    {\n      \"code\": \"culpa id cupidatat in\",\n      \"description\": \"pariatur do\"\n    }\n  ],\n  \"data\": {}\n}","cookie":[],"_postman_previewlanguage":"json"}],"event":[],"protocolProfileBehavior":{"disableBodyPruning":true}},{"id":"248cda91-65de-4e73-8149-4a9460fcbd17","name":"Data from the Embosser record. VMX Service: M.CMS.EMBOSSER.INQ, L8V6","request":{"name":"Data from the Embosser record. VMX Service: M.CMS.EMBOSSER.INQ, L8V6","description":{"content":"Provides the embosser data from the embosser record. \n\nVMX Service: M.CMS.EMBOSSER.INQ, L8V6","type":"text/plain"},"url":{"path":["cards","embosser","details"],"host":["{{baseUrl}}"],"query":[],"variable":[]},"header":[{"disabled":false,"description":"(Required) API Key","key":"apikey","value":"<string>"},{"disabled":false,"description":"(Required) Client ID","key":"X-ClientID","value":"<string>"},{"key":"Content-Type","value":"application/json"},{"key":"Accept","value":"application/json"}],"method":"POST","auth":null,"body":{"mode":"raw","raw":"{\n  \"cardNumber\": \"<string>\",\n  \"cardSequence\": \"<integer>\",\n  \"foreignUse\": \"<string>\",\n  \"organizationNumber\": \"<integer>\"\n}","options":{"raw":{"language":"json"}}}},"response":[{"id":"6ee42426-ddde-4692-bb03-d22cede88c1c","name":"Success","originalRequest":{"url":{"path":["cards","embosser","details"],"host":["{{baseUrl}}"],"query":[],"variable":[]},"header":[{"disabled":false,"description":"(Required) API Key","key":"apikey","value":"<string>"},{"disabled":false,"description":"(Required) Client ID","key":"X-ClientID","value":"<string>"},{"key":"Accept","value":"application/json"}],"method":"POST","body":{"mode":"raw","raw":"{\n  \"cardNumber\": \"00001234XXXXX56789\",\n  \"cardSequence\": 998,\n  \"foreignUse\": \"998\",\n  \"organizationNumber\": 998\n}","options":{"raw":{"language":"json"}}}},"status":"OK","code":200,"header":[{"key":"Content-Type","value":"application/json"}],"body":"{\n  \"organizationNumber\": -27634460,\n  \"logo\": -40803998,\n  \"foreignUse\": -37398099,\n  \"cardNumber\": \"sed sit laborum tempor\",\n  \"cardSequence\": 81017201,\n  \"cardTechnology\": 58759848,\n  \"postToAccount\": \"est veniam aute reprehenderit\",\n  \"fraud\": \"occaecat dolore sit commodo\",\n  \"prepaidIndicator\": 8261913,\n  \"statusCode\": \"ullamco minim nulla aliqua\",\n  \"dateStatus\": \"1998-06-25\",\n  \"statusSecureId\": \"est veniam\",\n  \"fraudEffectiveDate\": \"2006-10-03\",\n  \"embosserRecordReplacement\": \"Ut proident veniam\",\n  \"numberCardsOutstanding\": -6810961,\n  \"numberCardsReturned\": 41830139,\n  \"currentChipSequence\": -81297534,\n  \"cardIssueAction\": 34037567,\n  \"numberCardsRequested\": -74113719,\n  \"chipSequenceNumber\": -46398767,\n  \"typeOfCard\": -84341352,\n  \"requestedCardType\": 59633174,\n  \"typeCardMailer\": \"amet ad eu\",\n  \"plasticId\": \"dolore Excepteur in\",\n  \"secureActivation\": 55592110,\n  \"embosserNameType1\": -87783102,\n  \"embosserNameType2\": -80942829,\n  \"embosserName1\": \"ut mollit anim est\",\n  \"embosserName2\": \"ea cillu\",\n  \"cardHolderName1\": \"officia labore sint\",\n  \"cardHolderName2\": \"irure Ut ut\",\n  \"addressLine1\": \"Lorem dolor labore aute mollit\",\n  \"addressLine2\": \"labore anim\",\n  \"stateProvince\": \"aliqua consequat sunt eiusmod\",\n  \"cityPortion\": \"laboris exercitation occaecat\",\n  \"postalCodePortion\": \"anim irure qui ad\",\n  \"plusIndicator\": -18935703,\n  \"dateExpire\": \"1944-08-11\",\n  \"customerNumber\": \"adipisicing in dolore culpa consectetur\",\n  \"currentPinOffset\": -16486496,\n  \"previousPinOffset\": 40527041,\n  \"pinDelayDays\": 84650094,\n  \"typeOfPointOfSale\": 44961499,\n  \"cardHolderFlag\": \"ad consequat\",\n  \"dateWarningBulletin\": \"1956-04-27\",\n  \"regionCode\": \"ipsum aliquip sed \",\n  \"languageCode\": \"culpa minim cillum ea\",\n  \"visaMiniCardVersion\": -42557378,\n  \"pinSuppression\": 22380493,\n  \"blockCode\": \"consequat officia elit\",\n  \"dateBlock\": \"2007-07-10\",\n  \"blockSecureId\": \"non in incididunt\",\n  \"warningCode1\": \"reprehenderit anim quis labore\",\n  \"warningCode7\": \"labore laboris irure\",\n  \"numberOfIssueAttemptsRemaining\": -93481257,\n  \"currentDateExpirationDate\": \"1996-02-29\",\n  \"currentCardActivation\": \"dolor reprehenderit\",\n  \"dateEmbossedMagneticStripeCard\": \"2021-08-04\",\n  \"dateCurrentMagneticCardMailed\": \"2000-08-02\",\n  \"lastExpirationDate\": \"1987-01-08\",\n  \"lastCardActivation\": \"laboris enim ad\",\n  \"dateFirstCardVerify\": \"1969-01-11\",\n  \"dateLastPlasticIssue\": \"1959-04-27\",\n  \"frequencyMaximumAuthorizationParameters\": 57164226,\n  \"authorizationData\": {\n    \"retailAmount\": 45424852.174758345,\n    \"retailNumber\": 75735904.49027541,\n    \"automatedTellerMachineCashAutomatedTellerMachine\": -83376382.4624966,\n    \"automatedTellerMachineCashNumber\": 26415047.497635543,\n    \"overTheCounterAmount\": 66997221.01973519,\n    \"overTheCounterCashNumber\": -71956026.83990923,\n    \"automatedTellerMachineCashSingleTransaction\": 72627083.8380307,\n    \"overTheCounterCashSingleTransaction\": 18200331.36817813,\n    \"retailSingleTransaction\": 1890971.0680719912\n  },\n  \"internetPurchaseData\": {\n    \"purchaseNumber\": -80390201.0503534,\n    \"purchaseAmount\": -39787768.037172675,\n    \"purchaseSingleTransactionLimit\": 43334778.82204315\n  },\n  \"identificationNumberAuthorization\": \"dolore magna mo\",\n  \"identificationNumberSpendingLimitsTable\": \"cupidatat sint\",\n  \"userData\": {\n    \"user1\": \"enim dolor aute\",\n    \"user2\": \"Duis Lorem\",\n    \"user3\": \"nulla elit\",\n    \"user4\": 24983546,\n    \"user5\": \"labore dolore nulla dolor Duis\",\n    \"user6\": \"voluptate occaecat labore\",\n    \"user7\": \"reprehenderit Lorem nostrud exercitation pariatur\",\n    \"user8\": \"sed ipsum qui nostrud minim\",\n    \"userData1\": \"2021-08-30\",\n    \"userData2\": \"1945-10-10\"\n  },\n  \"numberCurrentlyDisplayedEmbosserRecord\": \"Excepteur ex aliquip\",\n  \"adminNumberBranch\": 35895865,\n  \"nextExpirationDateOfTheCard\": \"1975-08-13\",\n  \"branchIdentifierCardMailingLocation\": 56295948,\n  \"cardInformationData\": {\n    \"codeIdentificationNumberSpendingLimits\": \"in\",\n    \"assignedSpendLimits\": {\n      \"spendingLimit\": -93970653,\n      \"transactionAllowed\": 218316,\n      \"frequencyCommercialCard\": 27297958\n    }\n  },\n  \"useAutomatedTellerMachineCashNumberData\": {\n    \"today\": 75752865,\n    \"cycleToDate\": -27870519,\n    \"yearToDate\": -14540513,\n    \"lifeToDate\": 51616566\n  },\n  \"useAutomatedTellerMachineCashAmountData\": {\n    \"today\": -43843749.546614006,\n    \"cycleToDate\": -85534670.07735609,\n    \"yearToDate\": -18226453.8523373,\n    \"lifeToDate\": 92028723.05843788\n  },\n  \"useOverTheCounterCashNumberData\": {\n    \"today\": -70630128,\n    \"cycleToDate\": -19553084,\n    \"yearToDate\": 90861285,\n    \"lifeToDate\": 96429941\n  },\n  \"useOverTheCounterCashAmountData\": {\n    \"today\": 63672572.95146632,\n    \"cycleToDate\": -6115539.39823027,\n    \"yearToDate\": 33141216.21677488,\n    \"lifeToDate\": 50499553.73394388\n  },\n  \"retailNumberData\": {\n    \"today\": -4611653,\n    \"cycleToDate\": 42643086,\n    \"yearToDate\": -13601648,\n    \"lifeToDate\": 81116325\n  },\n  \"retailAmountData\": {\n    \"today\": 83339302.56955853,\n    \"cycleToDate\": -22033550.638008535,\n    \"yearToDate\": -12395188.377514943,\n    \"lifeToDate\": 55554843.297377676\n  },\n  \"internetPurchaseNumberData\": {\n    \"today\": 95587990,\n    \"cycleToDate\": 48403122,\n    \"yearToDate\": 61897925,\n    \"lifeToDate\": 15689117\n  },\n  \"internetPurchaseAmountData\": {\n    \"today\": 93505174.40105835,\n    \"cycleToDate\": 76791974.89364219,\n    \"yearToDate\": 5096502.900195524,\n    \"lifeToDate\": 76200159.31150585\n  },\n  \"prepaidLimits\": {\n    \"spendAmount\": 88795918.05973884,\n    \"spendAvailable\": -62724062,\n    \"spendExpirationDate\": \"1977-07-26\"\n  },\n  \"spendingLimitsData\": {\n    \"totalDailyAmount\": 99317369.9057436,\n    \"totalDailyNumber\": -43130294,\n    \"totalWeekToDateAmount\": 42758366.145584285,\n    \"totalWeekToDateNumber\": -91179484,\n    \"totalCycleToDateAmount\": -65684530.694059886,\n    \"totalCycleToDateNumber\": 82937974,\n    \"totalYearToDateAmount\": -32596973.326016515,\n    \"totalYearToDateNumber\": -32769541,\n    \"totalLifeToDateAmount\": 59417949.23389852,\n    \"totalLifeToDateNumber\": -22369061\n  },\n  \"cardDelayDays\": -26751604,\n  \"cardDelayStatus\": \"incididunt enim\",\n  \"mailerDate\": \"1999-01-26\",\n  \"pinOverrideActionEmbosserLevel\": \"sit ullamco est tempor\",\n  \"cardHolderType\": 77423853,\n  \"pinDelayStatusMailer\": \"dolor laboris est\",\n  \"cardActivatedDate\": \"1991-05-07\",\n  \"dateMostRecentlyIssueCard\": \"1950-09-04\",\n  \"deliveryOptionReissuedCards\": 43049518,\n  \"deliveryOptionIssuedCards\": -78771553,\n  \"cardDeliveryStatus\": \"sint inc\",\n  \"cardDeliveryDate\": \"1984-01-15\",\n  \"deliveryStatusPreviousCard\": \"nostrud deserunt\",\n  \"deliveryDatePreviousCard\": \"1952-08-09\",\n  \"deliveryStatusCurrentPinMailer\": \"ut dolore laboris\",\n  \"deliveryDateCurrentPinMailer\": \"1972-06-22\",\n  \"deliveryStatusPreviousPinMailer\": \"nostrud commodo laboris\",\n  \"deliveryDatePreviousPinMailer\": \"1985-03-24\",\n  \"dateNextPinChanged\": \"1983-07-12\",\n  \"cardHolderAffiliation\": 6026162,\n  \"cardVerifyByVisaStatus\": \"aliqua voluptate dolore\",\n  \"customUserData\": {\n    \"falconMarking\": \"magna adipisicing nulla c\",\n    \"falconMarkingStartDate\": \"1976-12-05\",\n    \"falconMarkingEndDate\": \"1958-04-30\",\n    \"spendLimitsStatus\": \"cupidatat ea\",\n    \"retailPercentDaily\": 76094374,\n    \"retailPercentMonthToDate\": 62447823,\n    \"retailPercentYearToDate\": -44842325,\n    \"retailAmountDaily\": 87844953.03270957,\n    \"retailAmountMonthToDate\": -40312647.31233746,\n    \"retailAmountYearToDate\": 59184897.790020585,\n    \"cashPercentDaily\": 77578281,\n    \"cashPercentMonthToDay\": 20924349,\n    \"cashPercentYearToDay\": -63236851,\n    \"cashAmountDaily\": -55866530.28393549,\n    \"cashAmountMonthToDate\": 10248239.243817598,\n    \"cashAmountYearToDate\": -18492870.113092825,\n    \"cashPostedTodayNumber\": -58531978.13637769,\n    \"cashPostedMonthToDateNumber\": -49907179.51130526,\n    \"cashPostedYearToDateNumber\": 5129733.086633965,\n    \"cashPostedTodayAmount\": 52008476.58715856,\n    \"cashPostedMonthToDateAmount\": 80201387.65978864,\n    \"cashPostedYearToDateAmount\": 22506461.083182126,\n    \"cashDeclineTodayNumber\": -60243915.96781538,\n    \"cashDeclineMonthToDayNumber\": 29722608.547516674,\n    \"cashDeclineYearToDayNumber\": 45005454.24930084,\n    \"cashDeclineTodayAmount\": -51996511.379793905,\n    \"cashDeclineMonthToDayAmount\": -94317121.41938151,\n    \"cashDeclineYearToDayAmount\": -73942251.63060102,\n    \"retailPostedTodayNumber\": -94935002.25130029,\n    \"retailPostedMonthToDayNumber\": -97530389.73820658,\n    \"retailPostedYearToDayNumber\": -91330264.27809532,\n    \"retailPostedTodayAmount\": 68211451.77626309,\n    \"retailPostedMonthToDayAmount\": -4694974.851892382,\n    \"retailPostedYearToDayAmount\": -7924497.862039059,\n    \"retailDeclineTodayNumber\": 44691682.96037954,\n    \"retailDeclineMonthToDayNumber\": -66062186.5510155,\n    \"retailDeclineYearToDayNumber\": 31970252.476878658,\n    \"retailDeclineToday\": 30398506.812326476,\n    \"retailDeclineMountToDayAmount\": -77918947.81111574,\n    \"retailDeclineYearToDayAmount\": 42639351.563143015\n  }\n}","cookie":[],"_postman_previewlanguage":"json"},{"id":"acd404dc-eeb1-420d-8ef6-4238602df5c1","name":"Redirection","originalRequest":{"url":{"path":["cards","embosser","details"],"host":["{{baseUrl}}"],"query":[],"variable":[]},"header":[{"disabled":false,"description":"(Required) API Key","key":"apikey","value":"<string>"},{"disabled":false,"description":"(Required) Client ID","key":"X-ClientID","value":"<string>"},{"key":"Accept","value":"application/json"}],"method":"POST","body":{"mode":"raw","raw":"{\n  \"cardNumber\": \"00001234XXXXX56789\",\n  \"cardSequence\": 998,\n  \"foreignUse\": \"998\",\n  \"organizationNumber\": 998\n}","options":{"raw":{"language":"json"}}}},"status":"Multiple Choices","code":300,"header":[{"key":"Content-Type","value":"application/json"}],"body":"{\n  \"hasError\": true,\n  \"errors\": [\n    {\n      \"code\": \"anim officia irure\",\n      \"description\": \"reprehenderit dolor deserunt nulla\"\n    },\n    {\n      \"code\": \"culpa id cupidatat in\",\n      \"description\": \"pariatur do\"\n    }\n  ],\n  \"data\": {}\n}","cookie":[],"_postman_previewlanguage":"json"},{"id":"3b9a8a36-49ea-43a9-98cd-491310c8f77d","name":"Bad Request","originalRequest":{"url":{"path":["cards","embosser","details"],"host":["{{baseUrl}}"],"query":[],"variable":[]},"header":[{"disabled":false,"description":"(Required) API Key","key":"apikey","value":"<string>"},{"disabled":false,"description":"(Required) Client ID","key":"X-ClientID","value":"<string>"}],"method":"POST","body":{"mode":"raw","raw":"{\n  \"cardNumber\": \"00001234XXXXX56789\",\n  \"cardSequence\": 998,\n  \"foreignUse\": \"998\",\n  \"organizationNumber\": 998\n}","options":{"raw":{"language":"json"}}}},"status":"Bad Request","code":400,"header":[{"key":"Content-Type","value":"text/plain"}],"body":"","cookie":[],"_postman_previewlanguage":"text"},{"id":"c73e3304-091c-4604-b652-e72b2995e5b5","name":"Unauthorized","originalRequest":{"url":{"path":["cards","embosser","details"],"host":["{{baseUrl}}"],"query":[],"variable":[]},"header":[{"disabled":false,"description":"(Required) API Key","key":"apikey","value":"<string>"},{"disabled":false,"description":"(Required) Client ID","key":"X-ClientID","value":"<string>"}],"method":"POST","body":{"mode":"raw","raw":"{\n  \"cardNumber\": \"00001234XXXXX56789\",\n  \"cardSequence\": 998,\n  \"foreignUse\": \"998\",\n  \"organizationNumber\": 998\n}","options":{"raw":{"language":"json"}}}},"status":"Unauthorized","code":401,"header":[{"key":"Content-Type","value":"text/plain"}],"body":"","cookie":[],"_postman_previewlanguage":"text"},{"id":"81312fb7-e31b-4129-b8d9-d5f6a65e6620","name":"Forbidden","originalRequest":{"url":{"path":["cards","embosser","details"],"host":["{{baseUrl}}"],"query":[],"variable":[]},"header":[{"disabled":false,"description":"(Required) API Key","key":"apikey","value":"<string>"},{"disabled":false,"description":"(Required) Client ID","key":"X-ClientID","value":"<string>"}],"method":"POST","body":{"mode":"raw","raw":"{\n  \"cardNumber\": \"00001234XXXXX56789\",\n  \"cardSequence\": 998,\n  \"foreignUse\": \"998\",\n  \"organizationNumber\": 998\n}","options":{"raw":{"language":"json"}}}},"status":"Forbidden","code":403,"header":[{"key":"Content-Type","value":"text/plain"}],"body":"","cookie":[],"_postman_previewlanguage":"text"},{"id":"82cfcd19-8f96-4c8e-97d6-bed6844533b2","name":"Not Found","originalRequest":{"url":{"path":["cards","embosser","details"],"host":["{{baseUrl}}"],"query":[],"variable":[]},"header":[{"disabled":false,"description":"(Required) API Key","key":"apikey","value":"<string>"},{"disabled":false,"description":"(Required) Client ID","key":"X-ClientID","value":"<string>"}],"method":"POST","body":{"mode":"raw","raw":"{\n  \"cardNumber\": \"00001234XXXXX56789\",\n  \"cardSequence\": 998,\n  \"foreignUse\": \"998\",\n  \"organizationNumber\": 998\n}","options":{"raw":{"language":"json"}}}},"status":"Not Found","code":404,"header":[{"key":"Content-Type","value":"text/plain"}],"body":"","cookie":[],"_postman_previewlanguage":"text"},{"id":"75480b8f-052a-4110-a4c6-8359fbb1acca","name":"Method Not Allowed","originalRequest":{"url":{"path":["cards","embosser","details"],"host":["{{baseUrl}}"],"query":[],"variable":[]},"header":[{"disabled":false,"description":"(Required) API Key","key":"apikey","value":"<string>"},{"disabled":false,"description":"(Required) Client ID","key":"X-ClientID","value":"<string>"}],"method":"POST","body":{"mode":"raw","raw":"{\n  \"cardNumber\": \"00001234XXXXX56789\",\n  \"cardSequence\": 998,\n  \"foreignUse\": \"998\",\n  \"organizationNumber\": 998\n}","options":{"raw":{"language":"json"}}}},"status":"Method Not Allowed","code":405,"header":[{"key":"Content-Type","value":"text/plain"}],"body":"","cookie":[],"_postman_previewlanguage":"text"},{"id":"940c5482-a9ee-4fb0-9d07-3445ddf95130","name":"Backend Error","originalRequest":{"url":{"path":["cards","embosser","details"],"host":["{{baseUrl}}"],"query":[],"variable":[]},"header":[{"disabled":false,"description":"(Required) API Key","key":"apikey","value":"<string>"},{"disabled":false,"description":"(Required) Client ID","key":"X-ClientID","value":"<string>"},{"key":"Accept","value":"application/json"}],"method":"POST","body":{"mode":"raw","raw":"{\n  \"cardNumber\": \"00001234XXXXX56789\",\n  \"cardSequence\": 998,\n  \"foreignUse\": \"998\",\n  \"organizationNumber\": 998\n}","options":{"raw":{"language":"json"}}}},"status":"Internal Server Error","code":500,"header":[{"key":"Content-Type","value":"application/json"}],"body":"{\n  \"hasError\": true,\n  \"errors\": [\n    {\n      \"code\": \"anim officia irure\",\n      \"description\": \"reprehenderit dolor deserunt nulla\"\n    },\n    {\n      \"code\": \"culpa id cupidatat in\",\n      \"description\": \"pariatur do\"\n    }\n  ],\n  \"data\": {}\n}","cookie":[],"_postman_previewlanguage":"json"}],"event":[],"protocolProfileBehavior":{"disableBodyPruning":true}}],"event":[]}],"event":[]}],"event":[],"variable":[{"type":"string","value":"https://int.api.firstdata.com/latam-gfs-apis/portal","key":"baseUrl"}],"info":{"_postman_id":"b2d3e3d0-69c9-4914-a656-b3e08fbbeb72","name":"FirstVision™ Cards Issuing Service - API Documentation","schema":"https://schema.getpostman.com/json/collection/v2.1.0/collection.json","description":{"content":"This documentation describes the REST APIs provided by the FirstVision™ Cards Microservice, which provides functionality for the issuing, management and processing of credit cards, including bank, co-branded, private label, debit, commercial, and prepaid","type":"text/plain"}}}