{"item":[{"id":"d5efe17b-c872-41bb-84b8-d8509243119e","name":"cards/embosser","item":[{"id":"e63f1557-a710-4f25-90fe-68e180a02c0c","name":"Add Card Record. VMX Service: M.CMS.EMBOSSER.ADD, L8V8","request":{"name":"Add Card Record. VMX Service: M.CMS.EMBOSSER.ADD, L8V8","description":{"content":"Adds a Card or Plastic record to an Account. \nVMX Service: M.CMS.EMBOSSER.ADD, L8V8","type":"text/plain"},"url":{"path":["cards","embosser",""],"host":["{{baseUrl}}"],"query":[],"variable":[]},"header":[{"disabled":false,"description":"(Required) API Key","key":"apikey","value":"<string>"},{"disabled":false,"description":"(Required) Client ID","key":"X-ClientID","value":"<string>"},{"key":"Content-Type","value":"application/json"},{"key":"Accept","value":"application/json"}],"method":"POST","auth":null,"body":{"mode":"raw","raw":"{\n  \"cardNumber\": \"<string>\",\n  \"enrollmentStatusVBV\": \"<string>\",\n  \"organizationNumber\": \"<integer>\",\n  \"postToAccount\": \"<string>\",\n  \"vbvPassword\": \"<string>\",\n  \"cardSequence\": \"<integer>\",\n  \"cardAction\": \"<integer>\",\n  \"numberOfCardsRequested\": \"<integer>\",\n  \"typeOfCard\": \"<integer>\",\n  \"requestedCardType\": \"<integer>\",\n  \"typeCardMailer\": \"<integer>\",\n  \"plasticId\": \"<string>\",\n  \"name1TypeIndicator\": \"<integer>\",\n  \"name2TypeIndicator\": \"<integer>\",\n  \"embossedName1\": \"<string>\",\n  \"embossedName2\": \"<string>\",\n  \"securedCodeActivate\": \"<integer>\",\n  \"visaPlusIndicator\": \"<integer>\",\n  \"pinMailerDelayDays\": \"<integer>\",\n  \"expirationDate\": \"<date>\",\n  \"customerNumber\": \"<string>\",\n  \"name1\": \"<string>\",\n  \"name2\": \"<string>\",\n  \"pinOffset\": \"<integer>\",\n  \"posServiceCode\": \"<integer>\",\n  \"cardholderFlag\": \"<string>\",\n  \"addressLine1\": \"<string>\",\n  \"addressLine2\": \"<string>\",\n  \"city\": \"<string>\",\n  \"stateOrProvince\": \"<string>\",\n  \"postalCode\": \"<string>\",\n  \"languageCode\": \"<string>\",\n  \"visaMiniIndicator\": \"<integer>\",\n  \"pinSuppression\": \"<integer>\",\n  \"blockCode\": \"<string>\",\n  \"currentCardActivation\": \"<string>\",\n  \"maximumAuthorizationFrequency\": \"<integer>\",\n  \"atmCashNumber\": \"<integer>\",\n  \"atmCashAmount\": \"<number>\",\n  \"atmCashSingleTransactionLimit\": \"<number>\",\n  \"overTheCounterCashNumber\": \"<integer>\",\n  \"overTheCounterCashAmount\": \"<number>\",\n  \"overTheCounterCashSingleTransactionLimit\": \"<number>\",\n  \"retailPurchaseNumber\": \"<integer>\",\n  \"retailPurchaseAmt\": \"<number>\",\n  \"retailPurchaseSingleTransactionLimit\": \"<number>\",\n  \"internetPurchaseAmount\": \"<number>\",\n  \"internetPurchaseNumber\": \"<number>\",\n  \"internetPurchaseSingleTransactionLimit\": \"<number>\",\n  \"user1\": \"<string>\",\n  \"user2\": \"<string>\",\n  \"user3\": \"<string>\",\n  \"user4\": \"<integer>\",\n  \"user5\": \"<string>\",\n  \"user6\": \"<string>\",\n  \"user7\": \"<string>\",\n  \"user8\": \"<string>\",\n  \"userDate1\": \"<date>\",\n  \"userDate2\": \"<date>\",\n  \"branchNumber\": \"<integer>\",\n  \"reissueDeliveryOption\": \"<integer>\",\n  \"nextCardExpirationDate\": \"<date>\",\n  \"firstIssueBranch\": \"<integer>\",\n  \"deliveryOption\": \"<integer>\",\n  \"authorizationCriteriaTableNumber\": \"<string>\",\n  \"cardDelayDays\": \"<integer>\",\n  \"authorizationSpendingLimitTable\": \"<string>\",\n  \"assignedSpendingLimits\": {\n    \"maximumSpendingLimit\": \"<number>\",\n    \"spendingTransaction\": \"<number>\",\n    \"spendingFrequency\": \"<integer>\"\n  },\n  \"programId\": \"<integer>\",\n  \"deviceIndicator\": \"<string>\",\n  \"processType\": \"<integer>\",\n  \"cardholderAffiliationGroupId\": \"<integer>\",\n  \"cardActionReasonCode\": \"<string>\"\n}","options":{"raw":{"language":"json"}}}},"response":[{"id":"7a8fa044-91d9-4243-844d-d9ff83a87d3e","name":"Success","originalRequest":{"url":{"path":["cards","embosser",""],"host":["{{baseUrl}}"],"query":[],"variable":[]},"header":[{"disabled":false,"description":"(Required) API Key","key":"apikey","value":"<string>"},{"disabled":false,"description":"(Required) Client ID","key":"X-ClientID","value":"00970"},{"key":"Accept","value":"application/json"}],"method":"POST","body":{"mode":"raw","raw":"{\n  \"cardNumber\": \"<string>\",\n  \"enrollmentStatusVBV\": \"N\",\n  \"organizationNumber\": \"<integer>\",\n  \"postToAccount\": \"000001234XXXXX56789\",\n  \"vbvPassword\": \"BANDEBOGOT\",\n  \"cardSequence\": 1,\n  \"cardAction\": 1,\n  \"numberOfCardsRequested\": 11,\n  \"typeOfCard\": 11,\n  \"requestedCardType\": 11,\n  \"typeCardMailer\": 11,\n  \"plasticId\": \"1111111111\",\n  \"name1TypeIndicator\": 1,\n  \"name2TypeIndicator\": 1,\n  \"embossedName1\": \"HELLO\",\n  \"embossedName2\": \"KIT-KAT WALLER\",\n  \"securedCodeActivate\": 1,\n  \"visaPlusIndicator\": 1,\n  \"pinMailerDelayDays\": 1,\n  \"expirationDate\": \"2023-10-04\",\n  \"customerNumber\": \"000001234XXXXX56789\",\n  \"name1\": \"RUN DMC\",\n  \"name2\": \"RICK ROSS\",\n  \"pinOffset\": 1,\n  \"posServiceCode\": 101,\n  \"cardholderFlag\": \"1\",\n  \"addressLine1\": \"PORT OF MIAMI\",\n  \"addressLine2\": \"117 E PARKWAY AVE\",\n  \"city\": \"MIAMI\",\n  \"stateOrProvince\": \"FL\",\n  \"postalCode\": \"38585\",\n  \"languageCode\": \"ENG\",\n  \"visaMiniIndicator\": 1,\n  \"pinSuppression\": 1,\n  \"blockCode\": \"A\",\n  \"currentCardActivation\": \"<string>\",\n  \"maximumAuthorizationFrequency\": 1,\n  \"atmCashNumber\": 1,\n  \"atmCashAmount\": 10000000000000000,\n  \"atmCashSingleTransactionLimit\": 10000000000000000,\n  \"overTheCounterCashNumber\": 1,\n  \"overTheCounterCashAmount\": 10000000000000000,\n  \"overTheCounterCashSingleTransactionLimit\": 10000000000000000,\n  \"retailPurchaseNumber\": 1,\n  \"retailPurchaseAmt\": 10000000000000000,\n  \"retailPurchaseSingleTransactionLimit\": 10000000000000000,\n  \"internetPurchaseAmount\": 1000000000000,\n  \"internetPurchaseNumber\": 100000000,\n  \"internetPurchaseSingleTransactionLimit\": 1000000000000,\n  \"user1\": \"1\",\n  \"user2\": \"2\",\n  \"user3\": \"3\",\n  \"user4\": 4,\n  \"user5\": \"5\",\n  \"user6\": \"6\",\n  \"user7\": \"7\",\n  \"user8\": \"8\",\n  \"userDate1\": \"2023-10-04\",\n  \"userDate2\": \"2023-10-04\",\n  \"branchNumber\": 1,\n  \"reissueDeliveryOption\": 1,\n  \"nextCardExpirationDate\": \"2023-10-04\",\n  \"firstIssueBranch\": 1,\n  \"deliveryOption\": 1,\n  \"authorizationCriteriaTableNumber\": \"<string>\",\n  \"cardDelayDays\": 11,\n  \"authorizationSpendingLimitTable\": \"ABC\",\n  \"assignedSpendingLimits\": {\n    \"maximumSpendingLimit\": 10000000000000000,\n    \"spendingTransaction\": 10000000000000000,\n    \"spendingFrequency\": \"<integer>\"\n  },\n  \"programId\": 111111111,\n  \"deviceIndicator\": \"C\",\n  \"processType\": 1,\n  \"cardholderAffiliationGroupId\": 12348,\n  \"cardActionReasonCode\": \"<string>\"\n}","options":{"raw":{"language":"json"}}}},"status":"OK","code":200,"header":[{"key":"Content-Type","value":"application/json"}],"body":"{\n  \"organizationNumber\": 998,\n  \"organizationAssociatedToForeignAccount\": 998,\n  \"logo\": 998,\n  \"accountNumber\": \"000001234XXXXX56789\",\n  \"cardNumber\": \"000001234XXXXX56789\",\n  \"cardSequence\": 1111,\n  \"currentChipSequenceNumber\": 12\n}","cookie":[],"_postman_previewlanguage":"json"},{"id":"d4293c42-8f59-4991-9c7a-8fff8d0ab9f5","name":"Redirection","originalRequest":{"url":{"path":["cards","embosser",""],"host":["{{baseUrl}}"],"query":[],"variable":[]},"header":[{"disabled":false,"description":"(Required) API Key","key":"apikey","value":"<string>"},{"disabled":false,"description":"(Required) Client ID","key":"X-ClientID","value":"00970"},{"key":"Accept","value":"application/json"}],"method":"POST","body":{"mode":"raw","raw":"{\n  \"cardNumber\": \"<string>\",\n  \"enrollmentStatusVBV\": \"N\",\n  \"organizationNumber\": \"<integer>\",\n  \"postToAccount\": \"000001234XXXXX56789\",\n  \"vbvPassword\": \"BANDEBOGOT\",\n  \"cardSequence\": 1,\n  \"cardAction\": 1,\n  \"numberOfCardsRequested\": 11,\n  \"typeOfCard\": 11,\n  \"requestedCardType\": 11,\n  \"typeCardMailer\": 11,\n  \"plasticId\": \"1111111111\",\n  \"name1TypeIndicator\": 1,\n  \"name2TypeIndicator\": 1,\n  \"embossedName1\": \"HELLO\",\n  \"embossedName2\": \"KIT-KAT WALLER\",\n  \"securedCodeActivate\": 1,\n  \"visaPlusIndicator\": 1,\n  \"pinMailerDelayDays\": 1,\n  \"expirationDate\": \"2023-10-04\",\n  \"customerNumber\": \"000001234XXXXX56789\",\n  \"name1\": \"RUN DMC\",\n  \"name2\": \"RICK ROSS\",\n  \"pinOffset\": 1,\n  \"posServiceCode\": 101,\n  \"cardholderFlag\": \"1\",\n  \"addressLine1\": \"PORT OF MIAMI\",\n  \"addressLine2\": \"117 E PARKWAY AVE\",\n  \"city\": \"MIAMI\",\n  \"stateOrProvince\": \"FL\",\n  \"postalCode\": \"38585\",\n  \"languageCode\": \"ENG\",\n  \"visaMiniIndicator\": 1,\n  \"pinSuppression\": 1,\n  \"blockCode\": \"A\",\n  \"currentCardActivation\": \"<string>\",\n  \"maximumAuthorizationFrequency\": 1,\n  \"atmCashNumber\": 1,\n  \"atmCashAmount\": 10000000000000000,\n  \"atmCashSingleTransactionLimit\": 10000000000000000,\n  \"overTheCounterCashNumber\": 1,\n  \"overTheCounterCashAmount\": 10000000000000000,\n  \"overTheCounterCashSingleTransactionLimit\": 10000000000000000,\n  \"retailPurchaseNumber\": 1,\n  \"retailPurchaseAmt\": 10000000000000000,\n  \"retailPurchaseSingleTransactionLimit\": 10000000000000000,\n  \"internetPurchaseAmount\": 1000000000000,\n  \"internetPurchaseNumber\": 100000000,\n  \"internetPurchaseSingleTransactionLimit\": 1000000000000,\n  \"user1\": \"1\",\n  \"user2\": \"2\",\n  \"user3\": \"3\",\n  \"user4\": 4,\n  \"user5\": \"5\",\n  \"user6\": \"6\",\n  \"user7\": \"7\",\n  \"user8\": \"8\",\n  \"userDate1\": \"2023-10-04\",\n  \"userDate2\": \"2023-10-04\",\n  \"branchNumber\": 1,\n  \"reissueDeliveryOption\": 1,\n  \"nextCardExpirationDate\": \"2023-10-04\",\n  \"firstIssueBranch\": 1,\n  \"deliveryOption\": 1,\n  \"authorizationCriteriaTableNumber\": \"<string>\",\n  \"cardDelayDays\": 11,\n  \"authorizationSpendingLimitTable\": \"ABC\",\n  \"assignedSpendingLimits\": {\n    \"maximumSpendingLimit\": 10000000000000000,\n    \"spendingTransaction\": 10000000000000000,\n    \"spendingFrequency\": \"<integer>\"\n  },\n  \"programId\": 111111111,\n  \"deviceIndicator\": \"C\",\n  \"processType\": 1,\n  \"cardholderAffiliationGroupId\": 12348,\n  \"cardActionReasonCode\": \"<string>\"\n}","options":{"raw":{"language":"json"}}}},"status":"Multiple Choices","code":300,"header":[{"key":"Content-Type","value":"application/json"}],"body":"{\n  \"hasError\": true,\n  \"errors\": [\n    {\n      \"code\": \"culpa\",\n      \"description\": \"commodo\"\n    },\n    {\n      \"code\": \"aliqua dolore dolore\",\n      \"description\": \"ea qui labore cillum\"\n    }\n  ],\n  \"data\": {}\n}","cookie":[],"_postman_previewlanguage":"json"},{"id":"1f19a226-9fb8-4807-96ff-2b81a09b2c03","name":"Bad Request","originalRequest":{"url":{"path":["cards","embosser",""],"host":["{{baseUrl}}"],"query":[],"variable":[]},"header":[{"disabled":false,"description":"(Required) API Key","key":"apikey","value":"<string>"},{"disabled":false,"description":"(Required) Client ID","key":"X-ClientID","value":"00970"}],"method":"POST","body":{"mode":"raw","raw":"{\n  \"cardNumber\": \"<string>\",\n  \"enrollmentStatusVBV\": \"N\",\n  \"organizationNumber\": \"<integer>\",\n  \"postToAccount\": \"000001234XXXXX56789\",\n  \"vbvPassword\": \"BANDEBOGOT\",\n  \"cardSequence\": 1,\n  \"cardAction\": 1,\n  \"numberOfCardsRequested\": 11,\n  \"typeOfCard\": 11,\n  \"requestedCardType\": 11,\n  \"typeCardMailer\": 11,\n  \"plasticId\": \"1111111111\",\n  \"name1TypeIndicator\": 1,\n  \"name2TypeIndicator\": 1,\n  \"embossedName1\": \"HELLO\",\n  \"embossedName2\": \"KIT-KAT WALLER\",\n  \"securedCodeActivate\": 1,\n  \"visaPlusIndicator\": 1,\n  \"pinMailerDelayDays\": 1,\n  \"expirationDate\": \"2023-10-04\",\n  \"customerNumber\": \"000001234XXXXX56789\",\n  \"name1\": \"RUN DMC\",\n  \"name2\": \"RICK ROSS\",\n  \"pinOffset\": 1,\n  \"posServiceCode\": 101,\n  \"cardholderFlag\": \"1\",\n  \"addressLine1\": \"PORT OF MIAMI\",\n  \"addressLine2\": \"117 E PARKWAY AVE\",\n  \"city\": \"MIAMI\",\n  \"stateOrProvince\": \"FL\",\n  \"postalCode\": \"38585\",\n  \"languageCode\": \"ENG\",\n  \"visaMiniIndicator\": 1,\n  \"pinSuppression\": 1,\n  \"blockCode\": \"A\",\n  \"currentCardActivation\": \"<string>\",\n  \"maximumAuthorizationFrequency\": 1,\n  \"atmCashNumber\": 1,\n  \"atmCashAmount\": 10000000000000000,\n  \"atmCashSingleTransactionLimit\": 10000000000000000,\n  \"overTheCounterCashNumber\": 1,\n  \"overTheCounterCashAmount\": 10000000000000000,\n  \"overTheCounterCashSingleTransactionLimit\": 10000000000000000,\n  \"retailPurchaseNumber\": 1,\n  \"retailPurchaseAmt\": 10000000000000000,\n  \"retailPurchaseSingleTransactionLimit\": 10000000000000000,\n  \"internetPurchaseAmount\": 1000000000000,\n  \"internetPurchaseNumber\": 100000000,\n  \"internetPurchaseSingleTransactionLimit\": 1000000000000,\n  \"user1\": \"1\",\n  \"user2\": \"2\",\n  \"user3\": \"3\",\n  \"user4\": 4,\n  \"user5\": \"5\",\n  \"user6\": \"6\",\n  \"user7\": \"7\",\n  \"user8\": \"8\",\n  \"userDate1\": \"2023-10-04\",\n  \"userDate2\": \"2023-10-04\",\n  \"branchNumber\": 1,\n  \"reissueDeliveryOption\": 1,\n  \"nextCardExpirationDate\": \"2023-10-04\",\n  \"firstIssueBranch\": 1,\n  \"deliveryOption\": 1,\n  \"authorizationCriteriaTableNumber\": \"<string>\",\n  \"cardDelayDays\": 11,\n  \"authorizationSpendingLimitTable\": \"ABC\",\n  \"assignedSpendingLimits\": {\n    \"maximumSpendingLimit\": 10000000000000000,\n    \"spendingTransaction\": 10000000000000000,\n    \"spendingFrequency\": \"<integer>\"\n  },\n  \"programId\": 111111111,\n  \"deviceIndicator\": \"C\",\n  \"processType\": 1,\n  \"cardholderAffiliationGroupId\": 12348,\n  \"cardActionReasonCode\": \"<string>\"\n}","options":{"raw":{"language":"json"}}}},"status":"Bad Request","code":400,"header":[{"key":"Content-Type","value":"text/plain"}],"body":"","cookie":[],"_postman_previewlanguage":"text"},{"id":"80205c54-e113-43e1-b83e-6c1735431646","name":"Unauthorized","originalRequest":{"url":{"path":["cards","embosser",""],"host":["{{baseUrl}}"],"query":[],"variable":[]},"header":[{"disabled":false,"description":"(Required) API Key","key":"apikey","value":"<string>"},{"disabled":false,"description":"(Required) Client ID","key":"X-ClientID","value":"00970"}],"method":"POST","body":{"mode":"raw","raw":"{\n  \"cardNumber\": \"<string>\",\n  \"enrollmentStatusVBV\": \"N\",\n  \"organizationNumber\": \"<integer>\",\n  \"postToAccount\": \"000001234XXXXX56789\",\n  \"vbvPassword\": \"BANDEBOGOT\",\n  \"cardSequence\": 1,\n  \"cardAction\": 1,\n  \"numberOfCardsRequested\": 11,\n  \"typeOfCard\": 11,\n  \"requestedCardType\": 11,\n  \"typeCardMailer\": 11,\n  \"plasticId\": \"1111111111\",\n  \"name1TypeIndicator\": 1,\n  \"name2TypeIndicator\": 1,\n  \"embossedName1\": \"HELLO\",\n  \"embossedName2\": \"KIT-KAT WALLER\",\n  \"securedCodeActivate\": 1,\n  \"visaPlusIndicator\": 1,\n  \"pinMailerDelayDays\": 1,\n  \"expirationDate\": \"2023-10-04\",\n  \"customerNumber\": \"000001234XXXXX56789\",\n  \"name1\": \"RUN DMC\",\n  \"name2\": \"RICK ROSS\",\n  \"pinOffset\": 1,\n  \"posServiceCode\": 101,\n  \"cardholderFlag\": \"1\",\n  \"addressLine1\": \"PORT OF MIAMI\",\n  \"addressLine2\": \"117 E PARKWAY AVE\",\n  \"city\": \"MIAMI\",\n  \"stateOrProvince\": \"FL\",\n  \"postalCode\": \"38585\",\n  \"languageCode\": \"ENG\",\n  \"visaMiniIndicator\": 1,\n  \"pinSuppression\": 1,\n  \"blockCode\": \"A\",\n  \"currentCardActivation\": \"<string>\",\n  \"maximumAuthorizationFrequency\": 1,\n  \"atmCashNumber\": 1,\n  \"atmCashAmount\": 10000000000000000,\n  \"atmCashSingleTransactionLimit\": 10000000000000000,\n  \"overTheCounterCashNumber\": 1,\n  \"overTheCounterCashAmount\": 10000000000000000,\n  \"overTheCounterCashSingleTransactionLimit\": 10000000000000000,\n  \"retailPurchaseNumber\": 1,\n  \"retailPurchaseAmt\": 10000000000000000,\n  \"retailPurchaseSingleTransactionLimit\": 10000000000000000,\n  \"internetPurchaseAmount\": 1000000000000,\n  \"internetPurchaseNumber\": 100000000,\n  \"internetPurchaseSingleTransactionLimit\": 1000000000000,\n  \"user1\": \"1\",\n  \"user2\": \"2\",\n  \"user3\": \"3\",\n  \"user4\": 4,\n  \"user5\": \"5\",\n  \"user6\": \"6\",\n  \"user7\": \"7\",\n  \"user8\": \"8\",\n  \"userDate1\": \"2023-10-04\",\n  \"userDate2\": \"2023-10-04\",\n  \"branchNumber\": 1,\n  \"reissueDeliveryOption\": 1,\n  \"nextCardExpirationDate\": \"2023-10-04\",\n  \"firstIssueBranch\": 1,\n  \"deliveryOption\": 1,\n  \"authorizationCriteriaTableNumber\": \"<string>\",\n  \"cardDelayDays\": 11,\n  \"authorizationSpendingLimitTable\": \"ABC\",\n  \"assignedSpendingLimits\": {\n    \"maximumSpendingLimit\": 10000000000000000,\n    \"spendingTransaction\": 10000000000000000,\n    \"spendingFrequency\": \"<integer>\"\n  },\n  \"programId\": 111111111,\n  \"deviceIndicator\": \"C\",\n  \"processType\": 1,\n  \"cardholderAffiliationGroupId\": 12348,\n  \"cardActionReasonCode\": \"<string>\"\n}","options":{"raw":{"language":"json"}}}},"status":"Unauthorized","code":401,"header":[{"key":"Content-Type","value":"text/plain"}],"body":"","cookie":[],"_postman_previewlanguage":"text"},{"id":"41195514-c947-41c5-8d5b-f4a34e95c19b","name":"Forbidden","originalRequest":{"url":{"path":["cards","embosser",""],"host":["{{baseUrl}}"],"query":[],"variable":[]},"header":[{"disabled":false,"description":"(Required) API Key","key":"apikey","value":"<string>"},{"disabled":false,"description":"(Required) Client ID","key":"X-ClientID","value":"00970"}],"method":"POST","body":{"mode":"raw","raw":"{\n  \"cardNumber\": \"<string>\",\n  \"enrollmentStatusVBV\": \"N\",\n  \"organizationNumber\": \"<integer>\",\n  \"postToAccount\": \"000001234XXXXX56789\",\n  \"vbvPassword\": \"BANDEBOGOT\",\n  \"cardSequence\": 1,\n  \"cardAction\": 1,\n  \"numberOfCardsRequested\": 11,\n  \"typeOfCard\": 11,\n  \"requestedCardType\": 11,\n  \"typeCardMailer\": 11,\n  \"plasticId\": \"1111111111\",\n  \"name1TypeIndicator\": 1,\n  \"name2TypeIndicator\": 1,\n  \"embossedName1\": \"HELLO\",\n  \"embossedName2\": \"KIT-KAT WALLER\",\n  \"securedCodeActivate\": 1,\n  \"visaPlusIndicator\": 1,\n  \"pinMailerDelayDays\": 1,\n  \"expirationDate\": \"2023-10-04\",\n  \"customerNumber\": \"000001234XXXXX56789\",\n  \"name1\": \"RUN DMC\",\n  \"name2\": \"RICK ROSS\",\n  \"pinOffset\": 1,\n  \"posServiceCode\": 101,\n  \"cardholderFlag\": \"1\",\n  \"addressLine1\": \"PORT OF MIAMI\",\n  \"addressLine2\": \"117 E PARKWAY AVE\",\n  \"city\": \"MIAMI\",\n  \"stateOrProvince\": \"FL\",\n  \"postalCode\": \"38585\",\n  \"languageCode\": \"ENG\",\n  \"visaMiniIndicator\": 1,\n  \"pinSuppression\": 1,\n  \"blockCode\": \"A\",\n  \"currentCardActivation\": \"<string>\",\n  \"maximumAuthorizationFrequency\": 1,\n  \"atmCashNumber\": 1,\n  \"atmCashAmount\": 10000000000000000,\n  \"atmCashSingleTransactionLimit\": 10000000000000000,\n  \"overTheCounterCashNumber\": 1,\n  \"overTheCounterCashAmount\": 10000000000000000,\n  \"overTheCounterCashSingleTransactionLimit\": 10000000000000000,\n  \"retailPurchaseNumber\": 1,\n  \"retailPurchaseAmt\": 10000000000000000,\n  \"retailPurchaseSingleTransactionLimit\": 10000000000000000,\n  \"internetPurchaseAmount\": 1000000000000,\n  \"internetPurchaseNumber\": 100000000,\n  \"internetPurchaseSingleTransactionLimit\": 1000000000000,\n  \"user1\": \"1\",\n  \"user2\": \"2\",\n  \"user3\": \"3\",\n  \"user4\": 4,\n  \"user5\": \"5\",\n  \"user6\": \"6\",\n  \"user7\": \"7\",\n  \"user8\": \"8\",\n  \"userDate1\": \"2023-10-04\",\n  \"userDate2\": \"2023-10-04\",\n  \"branchNumber\": 1,\n  \"reissueDeliveryOption\": 1,\n  \"nextCardExpirationDate\": \"2023-10-04\",\n  \"firstIssueBranch\": 1,\n  \"deliveryOption\": 1,\n  \"authorizationCriteriaTableNumber\": \"<string>\",\n  \"cardDelayDays\": 11,\n  \"authorizationSpendingLimitTable\": \"ABC\",\n  \"assignedSpendingLimits\": {\n    \"maximumSpendingLimit\": 10000000000000000,\n    \"spendingTransaction\": 10000000000000000,\n    \"spendingFrequency\": \"<integer>\"\n  },\n  \"programId\": 111111111,\n  \"deviceIndicator\": \"C\",\n  \"processType\": 1,\n  \"cardholderAffiliationGroupId\": 12348,\n  \"cardActionReasonCode\": \"<string>\"\n}","options":{"raw":{"language":"json"}}}},"status":"Forbidden","code":403,"header":[{"key":"Content-Type","value":"text/plain"}],"body":"","cookie":[],"_postman_previewlanguage":"text"},{"id":"0a4bfc11-4b40-4e45-9919-a910112b24d9","name":"Not Found","originalRequest":{"url":{"path":["cards","embosser",""],"host":["{{baseUrl}}"],"query":[],"variable":[]},"header":[{"disabled":false,"description":"(Required) API Key","key":"apikey","value":"<string>"},{"disabled":false,"description":"(Required) Client ID","key":"X-ClientID","value":"00970"}],"method":"POST","body":{"mode":"raw","raw":"{\n  \"cardNumber\": \"<string>\",\n  \"enrollmentStatusVBV\": \"N\",\n  \"organizationNumber\": \"<integer>\",\n  \"postToAccount\": \"000001234XXXXX56789\",\n  \"vbvPassword\": \"BANDEBOGOT\",\n  \"cardSequence\": 1,\n  \"cardAction\": 1,\n  \"numberOfCardsRequested\": 11,\n  \"typeOfCard\": 11,\n  \"requestedCardType\": 11,\n  \"typeCardMailer\": 11,\n  \"plasticId\": \"1111111111\",\n  \"name1TypeIndicator\": 1,\n  \"name2TypeIndicator\": 1,\n  \"embossedName1\": \"HELLO\",\n  \"embossedName2\": \"KIT-KAT WALLER\",\n  \"securedCodeActivate\": 1,\n  \"visaPlusIndicator\": 1,\n  \"pinMailerDelayDays\": 1,\n  \"expirationDate\": \"2023-10-04\",\n  \"customerNumber\": \"000001234XXXXX56789\",\n  \"name1\": \"RUN DMC\",\n  \"name2\": \"RICK ROSS\",\n  \"pinOffset\": 1,\n  \"posServiceCode\": 101,\n  \"cardholderFlag\": \"1\",\n  \"addressLine1\": \"PORT OF MIAMI\",\n  \"addressLine2\": \"117 E PARKWAY AVE\",\n  \"city\": \"MIAMI\",\n  \"stateOrProvince\": \"FL\",\n  \"postalCode\": \"38585\",\n  \"languageCode\": \"ENG\",\n  \"visaMiniIndicator\": 1,\n  \"pinSuppression\": 1,\n  \"blockCode\": \"A\",\n  \"currentCardActivation\": \"<string>\",\n  \"maximumAuthorizationFrequency\": 1,\n  \"atmCashNumber\": 1,\n  \"atmCashAmount\": 10000000000000000,\n  \"atmCashSingleTransactionLimit\": 10000000000000000,\n  \"overTheCounterCashNumber\": 1,\n  \"overTheCounterCashAmount\": 10000000000000000,\n  \"overTheCounterCashSingleTransactionLimit\": 10000000000000000,\n  \"retailPurchaseNumber\": 1,\n  \"retailPurchaseAmt\": 10000000000000000,\n  \"retailPurchaseSingleTransactionLimit\": 10000000000000000,\n  \"internetPurchaseAmount\": 1000000000000,\n  \"internetPurchaseNumber\": 100000000,\n  \"internetPurchaseSingleTransactionLimit\": 1000000000000,\n  \"user1\": \"1\",\n  \"user2\": \"2\",\n  \"user3\": \"3\",\n  \"user4\": 4,\n  \"user5\": \"5\",\n  \"user6\": \"6\",\n  \"user7\": \"7\",\n  \"user8\": \"8\",\n  \"userDate1\": \"2023-10-04\",\n  \"userDate2\": \"2023-10-04\",\n  \"branchNumber\": 1,\n  \"reissueDeliveryOption\": 1,\n  \"nextCardExpirationDate\": \"2023-10-04\",\n  \"firstIssueBranch\": 1,\n  \"deliveryOption\": 1,\n  \"authorizationCriteriaTableNumber\": \"<string>\",\n  \"cardDelayDays\": 11,\n  \"authorizationSpendingLimitTable\": \"ABC\",\n  \"assignedSpendingLimits\": {\n    \"maximumSpendingLimit\": 10000000000000000,\n    \"spendingTransaction\": 10000000000000000,\n    \"spendingFrequency\": \"<integer>\"\n  },\n  \"programId\": 111111111,\n  \"deviceIndicator\": \"C\",\n  \"processType\": 1,\n  \"cardholderAffiliationGroupId\": 12348,\n  \"cardActionReasonCode\": \"<string>\"\n}","options":{"raw":{"language":"json"}}}},"status":"Not Found","code":404,"header":[{"key":"Content-Type","value":"text/plain"}],"body":"","cookie":[],"_postman_previewlanguage":"text"},{"id":"320559e5-fd48-47f0-9b36-1307a0f30b7a","name":"Method Not Allowed","originalRequest":{"url":{"path":["cards","embosser",""],"host":["{{baseUrl}}"],"query":[],"variable":[]},"header":[{"disabled":false,"description":"(Required) API Key","key":"apikey","value":"<string>"},{"disabled":false,"description":"(Required) Client ID","key":"X-ClientID","value":"00970"}],"method":"POST","body":{"mode":"raw","raw":"{\n  \"cardNumber\": \"<string>\",\n  \"enrollmentStatusVBV\": \"N\",\n  \"organizationNumber\": \"<integer>\",\n  \"postToAccount\": \"000001234XXXXX56789\",\n  \"vbvPassword\": \"BANDEBOGOT\",\n  \"cardSequence\": 1,\n  \"cardAction\": 1,\n  \"numberOfCardsRequested\": 11,\n  \"typeOfCard\": 11,\n  \"requestedCardType\": 11,\n  \"typeCardMailer\": 11,\n  \"plasticId\": \"1111111111\",\n  \"name1TypeIndicator\": 1,\n  \"name2TypeIndicator\": 1,\n  \"embossedName1\": \"HELLO\",\n  \"embossedName2\": \"KIT-KAT WALLER\",\n  \"securedCodeActivate\": 1,\n  \"visaPlusIndicator\": 1,\n  \"pinMailerDelayDays\": 1,\n  \"expirationDate\": \"2023-10-04\",\n  \"customerNumber\": \"000001234XXXXX56789\",\n  \"name1\": \"RUN DMC\",\n  \"name2\": \"RICK ROSS\",\n  \"pinOffset\": 1,\n  \"posServiceCode\": 101,\n  \"cardholderFlag\": \"1\",\n  \"addressLine1\": \"PORT OF MIAMI\",\n  \"addressLine2\": \"117 E PARKWAY AVE\",\n  \"city\": \"MIAMI\",\n  \"stateOrProvince\": \"FL\",\n  \"postalCode\": \"38585\",\n  \"languageCode\": \"ENG\",\n  \"visaMiniIndicator\": 1,\n  \"pinSuppression\": 1,\n  \"blockCode\": \"A\",\n  \"currentCardActivation\": \"<string>\",\n  \"maximumAuthorizationFrequency\": 1,\n  \"atmCashNumber\": 1,\n  \"atmCashAmount\": 10000000000000000,\n  \"atmCashSingleTransactionLimit\": 10000000000000000,\n  \"overTheCounterCashNumber\": 1,\n  \"overTheCounterCashAmount\": 10000000000000000,\n  \"overTheCounterCashSingleTransactionLimit\": 10000000000000000,\n  \"retailPurchaseNumber\": 1,\n  \"retailPurchaseAmt\": 10000000000000000,\n  \"retailPurchaseSingleTransactionLimit\": 10000000000000000,\n  \"internetPurchaseAmount\": 1000000000000,\n  \"internetPurchaseNumber\": 100000000,\n  \"internetPurchaseSingleTransactionLimit\": 1000000000000,\n  \"user1\": \"1\",\n  \"user2\": \"2\",\n  \"user3\": \"3\",\n  \"user4\": 4,\n  \"user5\": \"5\",\n  \"user6\": \"6\",\n  \"user7\": \"7\",\n  \"user8\": \"8\",\n  \"userDate1\": \"2023-10-04\",\n  \"userDate2\": \"2023-10-04\",\n  \"branchNumber\": 1,\n  \"reissueDeliveryOption\": 1,\n  \"nextCardExpirationDate\": \"2023-10-04\",\n  \"firstIssueBranch\": 1,\n  \"deliveryOption\": 1,\n  \"authorizationCriteriaTableNumber\": \"<string>\",\n  \"cardDelayDays\": 11,\n  \"authorizationSpendingLimitTable\": \"ABC\",\n  \"assignedSpendingLimits\": {\n    \"maximumSpendingLimit\": 10000000000000000,\n    \"spendingTransaction\": 10000000000000000,\n    \"spendingFrequency\": \"<integer>\"\n  },\n  \"programId\": 111111111,\n  \"deviceIndicator\": \"C\",\n  \"processType\": 1,\n  \"cardholderAffiliationGroupId\": 12348,\n  \"cardActionReasonCode\": \"<string>\"\n}","options":{"raw":{"language":"json"}}}},"status":"Method Not Allowed","code":405,"header":[{"key":"Content-Type","value":"text/plain"}],"body":"","cookie":[],"_postman_previewlanguage":"text"},{"id":"fb9afaa3-cf85-46b6-8e13-26ce511766a3","name":"VPL5SCL03E - ORGANIZATION IS NOT NUMERIC OR MUST BE VALUE BETWEEN 000 AND 998\n\nVPL5SCL04E - REQUESTED CARD/ACCT NUMBER IS NOT NUMERIC OR EQUAL SPACES\n\nVPL5SCL05E - CREDIT LIMIT - DOES NOT CONFORM TO CURRENCY NOD\n\nVPL5SCL06E - CREDIT LIMIT MUST BE NUMERIC\n\nVPL5SCL07E - INVALID FOREIGN USE INDICATOR - VALID VALUES ARE SPACE, 0 OR 1\n\nVPL5SCL08I - CREDIT LIMIT UNCHANGED, UPDATE BYPASSED\n\nVPL5SCL10S - ORGANIZATION NOT FOUND ON FILE\n\nVPL5SCL11S - FOREIGN ORGANIZATION NOT FOUND ON FILE\n\nVPL5SCL12S - ACCOUNT NOT FOUND ON FILE\n\nVPL5SCL13S - RELATIONSHIP ACCOUNT NOT FOUND ON FILE\n\nVPL5SCL14S - LOGO NOT FOUND ON FILE\n\nVPL5SCL15E - CREDIT LIMIT INVALID FOR PREPAID/DEBIT ACCOUNT TYPES\n\nVPL5SCL16E - CREDIT LIMIT INVALID FOR RELATIONSHIP SUB-ACCOUNT\n\nVPL5SCL17E - CREDIT LIMIT CAN NOT EXCEED LOGO CREDIT LIMIT\n\nVPL5SCL19E - CREDIT LIMIT EXCEEDS SECURED AMOUNT\n\nVPL5SCL20E - CREDIT LIMIT CAN NOT EXCEED COMPANY NODE CREDIT AVAILABLE\n\nVPL5SCL21E - CREDIT LIMIT CAN NOT EXCEED PARENT NODE CREDIT AVAILABLE\n\nVPL5SCL23I - FOREIGN USE ORG UNAVAILABLE PROCESSED LOCAL ORG ACCOUNT DATA\n\nVPL5SCL24E - CREDIT LIMIT SHOULD BE ZERO FOR FOREIGN ACCOUNT\n\nVPL5SCL25E - CREDIT LIMIT CANNOT BE LESS THAN ACCT FLOOR LIMIT\n\nVPL5SCL40E - DELQ AMT EXCEEDED FOR CREDIT LIMIT INCREASE\n\nVPL5SCL41E - DELQ LVL EXCEEDED FOR CREDIT LIMIT INCREASE\n\nVPL5SCL42E - ACCT BLOCKED FOR CREDIT LIMIT INCREASE\n\nVPL5SCLZ4S - REQUESTED ORGANIZATION COULD NOT BE DETERMINED\n\nVPL5SCLZ5S - REQUESTED ORGANIZATION NOT FOUND","originalRequest":{"url":{"path":["cards","embosser",""],"host":["{{baseUrl}}"],"query":[],"variable":[]},"header":[{"disabled":false,"description":"(Required) API Key","key":"apikey","value":"<string>"},{"disabled":false,"description":"(Required) Client ID","key":"X-ClientID","value":"00970"},{"key":"Accept","value":"application/json"}],"method":"POST","body":{"mode":"raw","raw":"{\n  \"cardNumber\": \"<string>\",\n  \"enrollmentStatusVBV\": \"N\",\n  \"organizationNumber\": \"<integer>\",\n  \"postToAccount\": \"000001234XXXXX56789\",\n  \"vbvPassword\": \"BANDEBOGOT\",\n  \"cardSequence\": 1,\n  \"cardAction\": 1,\n  \"numberOfCardsRequested\": 11,\n  \"typeOfCard\": 11,\n  \"requestedCardType\": 11,\n  \"typeCardMailer\": 11,\n  \"plasticId\": \"1111111111\",\n  \"name1TypeIndicator\": 1,\n  \"name2TypeIndicator\": 1,\n  \"embossedName1\": \"HELLO\",\n  \"embossedName2\": \"KIT-KAT WALLER\",\n  \"securedCodeActivate\": 1,\n  \"visaPlusIndicator\": 1,\n  \"pinMailerDelayDays\": 1,\n  \"expirationDate\": \"2023-10-04\",\n  \"customerNumber\": \"000001234XXXXX56789\",\n  \"name1\": \"RUN DMC\",\n  \"name2\": \"RICK ROSS\",\n  \"pinOffset\": 1,\n  \"posServiceCode\": 101,\n  \"cardholderFlag\": \"1\",\n  \"addressLine1\": \"PORT OF MIAMI\",\n  \"addressLine2\": \"117 E PARKWAY AVE\",\n  \"city\": \"MIAMI\",\n  \"stateOrProvince\": \"FL\",\n  \"postalCode\": \"38585\",\n  \"languageCode\": \"ENG\",\n  \"visaMiniIndicator\": 1,\n  \"pinSuppression\": 1,\n  \"blockCode\": \"A\",\n  \"currentCardActivation\": \"<string>\",\n  \"maximumAuthorizationFrequency\": 1,\n  \"atmCashNumber\": 1,\n  \"atmCashAmount\": 10000000000000000,\n  \"atmCashSingleTransactionLimit\": 10000000000000000,\n  \"overTheCounterCashNumber\": 1,\n  \"overTheCounterCashAmount\": 10000000000000000,\n  \"overTheCounterCashSingleTransactionLimit\": 10000000000000000,\n  \"retailPurchaseNumber\": 1,\n  \"retailPurchaseAmt\": 10000000000000000,\n  \"retailPurchaseSingleTransactionLimit\": 10000000000000000,\n  \"internetPurchaseAmount\": 1000000000000,\n  \"internetPurchaseNumber\": 100000000,\n  \"internetPurchaseSingleTransactionLimit\": 1000000000000,\n  \"user1\": \"1\",\n  \"user2\": \"2\",\n  \"user3\": \"3\",\n  \"user4\": 4,\n  \"user5\": \"5\",\n  \"user6\": \"6\",\n  \"user7\": \"7\",\n  \"user8\": \"8\",\n  \"userDate1\": \"2023-10-04\",\n  \"userDate2\": \"2023-10-04\",\n  \"branchNumber\": 1,\n  \"reissueDeliveryOption\": 1,\n  \"nextCardExpirationDate\": \"2023-10-04\",\n  \"firstIssueBranch\": 1,\n  \"deliveryOption\": 1,\n  \"authorizationCriteriaTableNumber\": \"<string>\",\n  \"cardDelayDays\": 11,\n  \"authorizationSpendingLimitTable\": \"ABC\",\n  \"assignedSpendingLimits\": {\n    \"maximumSpendingLimit\": 10000000000000000,\n    \"spendingTransaction\": 10000000000000000,\n    \"spendingFrequency\": \"<integer>\"\n  },\n  \"programId\": 111111111,\n  \"deviceIndicator\": \"C\",\n  \"processType\": 1,\n  \"cardholderAffiliationGroupId\": 12348,\n  \"cardActionReasonCode\": \"<string>\"\n}","options":{"raw":{"language":"json"}}}},"status":"Unprocessable Entity (WebDAV) (RFC 4918)","code":422,"header":[{"key":"Content-Type","value":"application/json"}],"body":"{\n  \"hasError\": true,\n  \"errors\": [\n    {\n      \"code\": \"aliqua dolore\",\n      \"description\": \"deserunt enim non\"\n    },\n    {\n      \"code\": \"non cupidatat id\",\n      \"description\": \"officia\"\n    }\n  ],\n  \"data\": {}\n}","cookie":[],"_postman_previewlanguage":"json"},{"id":"97033c0d-6309-4221-8193-398b908743f7","name":"Backend Error","originalRequest":{"url":{"path":["cards","embosser",""],"host":["{{baseUrl}}"],"query":[],"variable":[]},"header":[{"disabled":false,"description":"(Required) API Key","key":"apikey","value":"<string>"},{"disabled":false,"description":"(Required) Client ID","key":"X-ClientID","value":"00970"},{"key":"Accept","value":"application/json"}],"method":"POST","body":{"mode":"raw","raw":"{\n  \"cardNumber\": \"<string>\",\n  \"enrollmentStatusVBV\": \"N\",\n  \"organizationNumber\": \"<integer>\",\n  \"postToAccount\": \"000001234XXXXX56789\",\n  \"vbvPassword\": \"BANDEBOGOT\",\n  \"cardSequence\": 1,\n  \"cardAction\": 1,\n  \"numberOfCardsRequested\": 11,\n  \"typeOfCard\": 11,\n  \"requestedCardType\": 11,\n  \"typeCardMailer\": 11,\n  \"plasticId\": \"1111111111\",\n  \"name1TypeIndicator\": 1,\n  \"name2TypeIndicator\": 1,\n  \"embossedName1\": \"HELLO\",\n  \"embossedName2\": \"KIT-KAT WALLER\",\n  \"securedCodeActivate\": 1,\n  \"visaPlusIndicator\": 1,\n  \"pinMailerDelayDays\": 1,\n  \"expirationDate\": \"2023-10-04\",\n  \"customerNumber\": \"000001234XXXXX56789\",\n  \"name1\": \"RUN DMC\",\n  \"name2\": \"RICK ROSS\",\n  \"pinOffset\": 1,\n  \"posServiceCode\": 101,\n  \"cardholderFlag\": \"1\",\n  \"addressLine1\": \"PORT OF MIAMI\",\n  \"addressLine2\": \"117 E PARKWAY AVE\",\n  \"city\": \"MIAMI\",\n  \"stateOrProvince\": \"FL\",\n  \"postalCode\": \"38585\",\n  \"languageCode\": \"ENG\",\n  \"visaMiniIndicator\": 1,\n  \"pinSuppression\": 1,\n  \"blockCode\": \"A\",\n  \"currentCardActivation\": \"<string>\",\n  \"maximumAuthorizationFrequency\": 1,\n  \"atmCashNumber\": 1,\n  \"atmCashAmount\": 10000000000000000,\n  \"atmCashSingleTransactionLimit\": 10000000000000000,\n  \"overTheCounterCashNumber\": 1,\n  \"overTheCounterCashAmount\": 10000000000000000,\n  \"overTheCounterCashSingleTransactionLimit\": 10000000000000000,\n  \"retailPurchaseNumber\": 1,\n  \"retailPurchaseAmt\": 10000000000000000,\n  \"retailPurchaseSingleTransactionLimit\": 10000000000000000,\n  \"internetPurchaseAmount\": 1000000000000,\n  \"internetPurchaseNumber\": 100000000,\n  \"internetPurchaseSingleTransactionLimit\": 1000000000000,\n  \"user1\": \"1\",\n  \"user2\": \"2\",\n  \"user3\": \"3\",\n  \"user4\": 4,\n  \"user5\": \"5\",\n  \"user6\": \"6\",\n  \"user7\": \"7\",\n  \"user8\": \"8\",\n  \"userDate1\": \"2023-10-04\",\n  \"userDate2\": \"2023-10-04\",\n  \"branchNumber\": 1,\n  \"reissueDeliveryOption\": 1,\n  \"nextCardExpirationDate\": \"2023-10-04\",\n  \"firstIssueBranch\": 1,\n  \"deliveryOption\": 1,\n  \"authorizationCriteriaTableNumber\": \"<string>\",\n  \"cardDelayDays\": 11,\n  \"authorizationSpendingLimitTable\": \"ABC\",\n  \"assignedSpendingLimits\": {\n    \"maximumSpendingLimit\": 10000000000000000,\n    \"spendingTransaction\": 10000000000000000,\n    \"spendingFrequency\": \"<integer>\"\n  },\n  \"programId\": 111111111,\n  \"deviceIndicator\": \"C\",\n  \"processType\": 1,\n  \"cardholderAffiliationGroupId\": 12348,\n  \"cardActionReasonCode\": \"<string>\"\n}","options":{"raw":{"language":"json"}}}},"status":"Internal Server Error","code":500,"header":[{"key":"Content-Type","value":"application/json"}],"body":"{\n  \"hasError\": true,\n  \"errors\": [\n    {\n      \"code\": \"aliqua dolore\",\n      \"description\": \"deserunt enim non\"\n    },\n    {\n      \"code\": \"non cupidatat id\",\n      \"description\": \"officia\"\n    }\n  ],\n  \"data\": {}\n}","cookie":[],"_postman_previewlanguage":"json"}],"event":[],"protocolProfileBehavior":{"disableBodyPruning":true}},{"id":"9561ddc9-ceef-429c-9c49-22350db91829","name":"Data from the Embosser record. VMX Service: M.CMS.EMBOSSER.INQ, L8V6","request":{"name":"Data from the Embosser record. VMX Service: M.CMS.EMBOSSER.INQ, L8V6","description":{"content":"Provides the embosser data from the embosser record. \n\nVMX Service: M.CMS.EMBOSSER.INQ, L8V6","type":"text/plain"},"url":{"path":["cards","embosser","details"],"host":["{{baseUrl}}"],"query":[],"variable":[]},"header":[{"disabled":false,"description":"(Required) API Key","key":"apikey","value":"<string>"},{"disabled":false,"description":"(Required) Client ID","key":"X-ClientID","value":"<string>"},{"key":"Content-Type","value":"application/json"},{"key":"Accept","value":"application/json"}],"method":"POST","auth":null,"body":{"mode":"raw","raw":"{\n  \"cardNumber\": \"<string>\",\n  \"cardSequence\": \"<integer>\",\n  \"foreignUse\": \"<string>\",\n  \"organizationNumber\": \"<integer>\"\n}","options":{"raw":{"language":"json"}}}},"response":[{"id":"e8587a8a-1ae0-4163-a706-53c1490f882b","name":"Success","originalRequest":{"url":{"path":["cards","embosser","details"],"host":["{{baseUrl}}"],"query":[],"variable":[]},"header":[{"disabled":false,"description":"(Required) API Key","key":"apikey","value":"<string>"},{"disabled":false,"description":"(Required) Client ID","key":"X-ClientID","value":"00970"},{"key":"Accept","value":"application/json"}],"method":"POST","body":{"mode":"raw","raw":"{\n  \"cardNumber\": \"00001234XXXXX56789\",\n  \"cardSequence\": 998,\n  \"foreignUse\": \"998\",\n  \"organizationNumber\": 998\n}","options":{"raw":{"language":"json"}}}},"status":"OK","code":200,"header":[{"key":"Content-Type","value":"application/json"}],"body":"{\n  \"organizationNumber\": 17458403,\n  \"logo\": -78058635,\n  \"foreignUse\": 34870468,\n  \"cardNumber\": \"velit dolor nisi Lorem tempor\",\n  \"cardSequence\": -82447801,\n  \"cardTechnology\": 11929030,\n  \"postToAccount\": \"sunt laboris qui occaecat\",\n  \"fraud\": \"proident amet dolore\",\n  \"prepaidIndicator\": -61613441,\n  \"statusCode\": \"nisi officia\",\n  \"dateStatus\": \"1973-06-05\",\n  \"statusSecureId\": \"Lorem labore Duis dolore\",\n  \"fraudEffectiveDate\": \"1994-03-03\",\n  \"embosserRecordReplacement\": \"sunt labore sed ea\",\n  \"numberCardsOutstanding\": -23468497,\n  \"numberCardsReturned\": -10961689,\n  \"currentChipSequence\": -46465920,\n  \"cardIssueAction\": 60725415,\n  \"numberCardsRequested\": -89986574,\n  \"chipSequenceNumber\": -37791405,\n  \"typeOfCard\": -94076143,\n  \"requestedCardType\": -40993948,\n  \"typeCardMailer\": \"non cu\",\n  \"plasticId\": \"nostrud ipsum officia minim commodo\",\n  \"secureActivation\": -537437,\n  \"embosserNameType1\": 74085948,\n  \"embosserNameType2\": 79507308,\n  \"embosserName1\": \"cillum\",\n  \"embosserName2\": \"proident ad al\",\n  \"cardHolderName1\": \"aliquip Duis in mollit\",\n  \"cardHolderName2\": \"sint dolor nulla adipisicing exercitation\",\n  \"addressLine1\": \"Ut elit id\",\n  \"addressLine2\": \"dolore eiusmod proident mollit\",\n  \"stateProvince\": \"dolor quis\",\n  \"cityPortion\": \"pariatur nulla aliquip\",\n  \"postalCodePortion\": \"ipsum magna fugiat sunt sed\",\n  \"plusIndicator\": 75865376,\n  \"dateExpire\": \"1975-09-01\",\n  \"customerNumber\": \"dolor dolor tempor\",\n  \"currentPinOffset\": -95740231,\n  \"previousPinOffset\": 32458738,\n  \"pinDelayDays\": 16374672,\n  \"typeOfPointOfSale\": 96501465,\n  \"cardHolderFlag\": \"fugiat do velit\",\n  \"dateWarningBulletin\": \"2019-07-07\",\n  \"regionCode\": \"dolore nisi\",\n  \"languageCode\": \"velit quis\",\n  \"visaMiniCardVersion\": 45516797,\n  \"pinSuppression\": -4613683,\n  \"blockCode\": \"enim incididunt consectetur quis\",\n  \"dateBlock\": \"2012-09-24\",\n  \"blockSecureId\": \"in Ut consectetur\",\n  \"warningCode1\": \"pariatur deserunt do sed\",\n  \"warningCode7\": \"elit magna commodo dolore non\",\n  \"numberOfIssueAttemptsRemaining\": -32736727,\n  \"currentDateExpirationDate\": \"1994-07-14\",\n  \"currentCardActivation\": \"amet\",\n  \"dateEmbossedMagneticStripeCard\": \"2000-10-15\",\n  \"dateCurrentMagneticCardMailed\": \"1974-03-27\",\n  \"lastExpirationDate\": \"1956-06-04\",\n  \"lastCardActivation\": \"dolore tempor proident \",\n  \"dateFirstCardVerify\": \"2013-02-05\",\n  \"dateLastPlasticIssue\": \"2007-08-24\",\n  \"frequencyMaximumAuthorizationParameters\": -11658080,\n  \"authorizationData\": {\n    \"retailAmount\": -40147334.364676945,\n    \"retailNumber\": -35812960.88445285,\n    \"automatedTellerMachineCashAutomatedTellerMachine\": -1704971.7411700338,\n    \"automatedTellerMachineCashNumber\": -15975946.861773416,\n    \"overTheCounterAmount\": 48129044.885649115,\n    \"overTheCounterCashNumber\": -86256903.03948587,\n    \"automatedTellerMachineCashSingleTransaction\": -32509248.29219608,\n    \"overTheCounterCashSingleTransaction\": -31283700.2632993,\n    \"retailSingleTransaction\": 72991293.20203829\n  },\n  \"internetPurchaseData\": {\n    \"purchaseNumber\": -10706713.466947049,\n    \"purchaseAmount\": 33437852.79842457,\n    \"purchaseSingleTransactionLimit\": -70870593.29011792\n  },\n  \"identificationNumberAuthorization\": \"ad consequat anim\",\n  \"identificationNumberSpendingLimitsTable\": \"esse\",\n  \"userData\": {\n    \"user1\": \"minim nostrud nisi\",\n    \"user2\": \"pariatur aliquip esse\",\n    \"user3\": \"reprehenderit amet minim\",\n    \"user4\": 17116022,\n    \"user5\": \"in culpa\",\n    \"user6\": \"eiusmod proident\",\n    \"user7\": \"ex in\",\n    \"user8\": \"ullamco\",\n    \"userData1\": \"1954-04-13\",\n    \"userData2\": \"2012-10-16\"\n  },\n  \"numberCurrentlyDisplayedEmbosserRecord\": \"in occaecat deserunt tempor\",\n  \"adminNumberBranch\": -76548525,\n  \"nextExpirationDateOfTheCard\": \"2015-03-22\",\n  \"branchIdentifierCardMailingLocation\": 43629979,\n  \"cardInformationData\": {\n    \"codeIdentificationNumberSpendingLimits\": \"et veniam\",\n    \"assignedSpendLimits\": {\n      \"spendingLimit\": -74017565,\n      \"transactionAllowed\": -94558800,\n      \"frequencyCommercialCard\": -70901843\n    }\n  },\n  \"useAutomatedTellerMachineCashNumberData\": {\n    \"today\": 77863627,\n    \"cycleToDate\": 86338017,\n    \"yearToDate\": 82229429,\n    \"lifeToDate\": -95824782\n  },\n  \"useAutomatedTellerMachineCashAmountData\": {\n    \"today\": -74605086.877947,\n    \"cycleToDate\": 41143607.992920905,\n    \"yearToDate\": 78484033.31365943,\n    \"lifeToDate\": 3241139.1900753826\n  },\n  \"useOverTheCounterCashNumberData\": {\n    \"today\": -27922581,\n    \"cycleToDate\": 44280466,\n    \"yearToDate\": -25838018,\n    \"lifeToDate\": 78684567\n  },\n  \"useOverTheCounterCashAmountData\": {\n    \"today\": -97874427.71481785,\n    \"cycleToDate\": -71691298.32918558,\n    \"yearToDate\": -84317099.19914173,\n    \"lifeToDate\": -28264970.660457194\n  },\n  \"retailNumberData\": {\n    \"today\": 48905815,\n    \"cycleToDate\": -84601695,\n    \"yearToDate\": 13956574,\n    \"lifeToDate\": 26338185\n  },\n  \"retailAmountData\": {\n    \"today\": 14189646.462195337,\n    \"cycleToDate\": -92232072.86569597,\n    \"yearToDate\": 55064355.70374468,\n    \"lifeToDate\": -14025020.501562\n  },\n  \"internetPurchaseNumberData\": {\n    \"today\": -43938710,\n    \"cycleToDate\": 99123347,\n    \"yearToDate\": -91488513,\n    \"lifeToDate\": -2215930\n  },\n  \"internetPurchaseAmountData\": {\n    \"today\": 16650263.336036846,\n    \"cycleToDate\": -97164490.88953216,\n    \"yearToDate\": 65393014.7620399,\n    \"lifeToDate\": 16126025.334284037\n  },\n  \"prepaidLimits\": {\n    \"spendAmount\": -20703260.73652935,\n    \"spendAvailable\": -70629124,\n    \"spendExpirationDate\": \"1991-11-03\"\n  },\n  \"spendingLimitsData\": {\n    \"totalDailyAmount\": 69887528.13257176,\n    \"totalDailyNumber\": -97136724,\n    \"totalWeekToDateAmount\": -14969242.436875746,\n    \"totalWeekToDateNumber\": -6953756,\n    \"totalCycleToDateAmount\": 35987923.97335413,\n    \"totalCycleToDateNumber\": -55514020,\n    \"totalYearToDateAmount\": 56405783.189379424,\n    \"totalYearToDateNumber\": -39110890,\n    \"totalLifeToDateAmount\": 31260872.324819237,\n    \"totalLifeToDateNumber\": 72823900\n  },\n  \"cardDelayDays\": 71232408,\n  \"cardDelayStatus\": \"consequat labore Ut\",\n  \"mailerDate\": \"1980-08-27\",\n  \"pinOverrideActionEmbosserLevel\": \"aliqua sint in Excepteur proident\",\n  \"cardHolderType\": 85826233,\n  \"pinDelayStatusMailer\": \"laborum labore sit\",\n  \"cardActivatedDate\": \"1994-11-08\",\n  \"dateMostRecentlyIssueCard\": \"2021-08-31\",\n  \"deliveryOptionReissuedCards\": -39317259,\n  \"deliveryOptionIssuedCards\": -23298682,\n  \"cardDeliveryStatus\": \"nostrud in pariatur ad deserunt\",\n  \"cardDeliveryDate\": \"2021-08-29\",\n  \"deliveryStatusPreviousCard\": \"dolor occaecat\",\n  \"deliveryDatePreviousCard\": \"1987-07-01\",\n  \"deliveryStatusCurrentPinMailer\": \"qui tempor et\",\n  \"deliveryDateCurrentPinMailer\": \"1958-09-23\",\n  \"deliveryStatusPreviousPinMailer\": \"in\",\n  \"deliveryDatePreviousPinMailer\": \"1995-08-23\",\n  \"dateNextPinChanged\": \"2015-12-19\",\n  \"cardHolderAffiliation\": 88129626,\n  \"cardVerifyByVisaStatus\": \"aliqua proident\",\n  \"customUserData\": {\n    \"falconMarking\": \"culpa laboris ea officia\",\n    \"falconMarkingStartDate\": \"1950-01-05\",\n    \"falconMarkingEndDate\": \"1970-07-22\",\n    \"spendLimitsStatus\": \"nisi aliqua amet enim\",\n    \"retailPercentDaily\": 73201147,\n    \"retailPercentMonthToDate\": -33343450,\n    \"retailPercentYearToDate\": -89075152,\n    \"retailAmountDaily\": -59828884.19284999,\n    \"retailAmountMonthToDate\": -97987471.45494637,\n    \"retailAmountYearToDate\": -10814361.326916307,\n    \"cashPercentDaily\": 2827475,\n    \"cashPercentMonthToDay\": -98589379,\n    \"cashPercentYearToDay\": 6085441,\n    \"cashAmountDaily\": 20770234.02676104,\n    \"cashAmountMonthToDate\": 28749719.596281365,\n    \"cashAmountYearToDate\": 18659894.539833695,\n    \"cashPostedTodayNumber\": -22290595.919654652,\n    \"cashPostedMonthToDateNumber\": -33638038.22575408,\n    \"cashPostedYearToDateNumber\": 63543617.57003692,\n    \"cashPostedTodayAmount\": 60066148.844935805,\n    \"cashPostedMonthToDateAmount\": -87637734.18336776,\n    \"cashPostedYearToDateAmount\": 1335469.0011123866,\n    \"cashDeclineTodayNumber\": -28658020.354926616,\n    \"cashDeclineMonthToDayNumber\": -48378881.395953275,\n    \"cashDeclineYearToDayNumber\": 79934743.88259831,\n    \"cashDeclineTodayAmount\": 49895647.30971524,\n    \"cashDeclineMonthToDayAmount\": 25581404.941441923,\n    \"cashDeclineYearToDayAmount\": 40203613.215507835,\n    \"retailPostedTodayNumber\": -21478618.485338658,\n    \"retailPostedMonthToDayNumber\": -64781972.146757916,\n    \"retailPostedYearToDayNumber\": -2597480.4105983227,\n    \"retailPostedTodayAmount\": 51765045.52624434,\n    \"retailPostedMonthToDayAmount\": 29488964.66254674,\n    \"retailPostedYearToDayAmount\": 46997908.12828484,\n    \"retailDeclineTodayNumber\": 51435057.9702405,\n    \"retailDeclineMonthToDayNumber\": 52081326.25983435,\n    \"retailDeclineYearToDayNumber\": 49117877.01739493,\n    \"retailDeclineToday\": 9233039.081438527,\n    \"retailDeclineMountToDayAmount\": -58643493.475824825,\n    \"retailDeclineYearToDayAmount\": -17624132.580275327\n  }\n}","cookie":[],"_postman_previewlanguage":"json"},{"id":"a54a162c-7c3f-4115-85e3-fea1211999e5","name":"Redirection","originalRequest":{"url":{"path":["cards","embosser","details"],"host":["{{baseUrl}}"],"query":[],"variable":[]},"header":[{"disabled":false,"description":"(Required) API Key","key":"apikey","value":"<string>"},{"disabled":false,"description":"(Required) Client ID","key":"X-ClientID","value":"00970"},{"key":"Accept","value":"application/json"}],"method":"POST","body":{"mode":"raw","raw":"{\n  \"cardNumber\": \"00001234XXXXX56789\",\n  \"cardSequence\": 998,\n  \"foreignUse\": \"998\",\n  \"organizationNumber\": 998\n}","options":{"raw":{"language":"json"}}}},"status":"Multiple Choices","code":300,"header":[{"key":"Content-Type","value":"application/json"}],"body":"{\n  \"hasError\": true,\n  \"errors\": [\n    {\n      \"code\": \"aliqua dolore\",\n      \"description\": \"deserunt enim non\"\n    },\n    {\n      \"code\": \"non cupidatat id\",\n      \"description\": \"officia\"\n    }\n  ],\n  \"data\": {}\n}","cookie":[],"_postman_previewlanguage":"json"},{"id":"4a273939-0d80-4b19-a6a1-1b645ed5c7d6","name":"Bad Request","originalRequest":{"url":{"path":["cards","embosser","details"],"host":["{{baseUrl}}"],"query":[],"variable":[]},"header":[{"disabled":false,"description":"(Required) API Key","key":"apikey","value":"<string>"},{"disabled":false,"description":"(Required) Client ID","key":"X-ClientID","value":"00970"}],"method":"POST","body":{"mode":"raw","raw":"{\n  \"cardNumber\": \"00001234XXXXX56789\",\n  \"cardSequence\": 998,\n  \"foreignUse\": \"998\",\n  \"organizationNumber\": 998\n}","options":{"raw":{"language":"json"}}}},"status":"Bad Request","code":400,"header":[{"key":"Content-Type","value":"text/plain"}],"body":"","cookie":[],"_postman_previewlanguage":"text"},{"id":"5b8cc1a6-63b6-4084-bc68-da38dfe39bf8","name":"Unauthorized","originalRequest":{"url":{"path":["cards","embosser","details"],"host":["{{baseUrl}}"],"query":[],"variable":[]},"header":[{"disabled":false,"description":"(Required) API Key","key":"apikey","value":"<string>"},{"disabled":false,"description":"(Required) Client ID","key":"X-ClientID","value":"00970"}],"method":"POST","body":{"mode":"raw","raw":"{\n  \"cardNumber\": \"00001234XXXXX56789\",\n  \"cardSequence\": 998,\n  \"foreignUse\": \"998\",\n  \"organizationNumber\": 998\n}","options":{"raw":{"language":"json"}}}},"status":"Unauthorized","code":401,"header":[{"key":"Content-Type","value":"text/plain"}],"body":"","cookie":[],"_postman_previewlanguage":"text"},{"id":"f815f466-57b1-4ea8-8eeb-f92ea0cfe3f2","name":"Forbidden","originalRequest":{"url":{"path":["cards","embosser","details"],"host":["{{baseUrl}}"],"query":[],"variable":[]},"header":[{"disabled":false,"description":"(Required) API Key","key":"apikey","value":"<string>"},{"disabled":false,"description":"(Required) Client ID","key":"X-ClientID","value":"00970"}],"method":"POST","body":{"mode":"raw","raw":"{\n  \"cardNumber\": \"00001234XXXXX56789\",\n  \"cardSequence\": 998,\n  \"foreignUse\": \"998\",\n  \"organizationNumber\": 998\n}","options":{"raw":{"language":"json"}}}},"status":"Forbidden","code":403,"header":[{"key":"Content-Type","value":"text/plain"}],"body":"","cookie":[],"_postman_previewlanguage":"text"},{"id":"6108c193-53d1-464c-8eb9-3d3e50ff780d","name":"Not Found","originalRequest":{"url":{"path":["cards","embosser","details"],"host":["{{baseUrl}}"],"query":[],"variable":[]},"header":[{"disabled":false,"description":"(Required) API Key","key":"apikey","value":"<string>"},{"disabled":false,"description":"(Required) Client ID","key":"X-ClientID","value":"00970"}],"method":"POST","body":{"mode":"raw","raw":"{\n  \"cardNumber\": \"00001234XXXXX56789\",\n  \"cardSequence\": 998,\n  \"foreignUse\": \"998\",\n  \"organizationNumber\": 998\n}","options":{"raw":{"language":"json"}}}},"status":"Not Found","code":404,"header":[{"key":"Content-Type","value":"text/plain"}],"body":"","cookie":[],"_postman_previewlanguage":"text"},{"id":"15048776-8a34-41b7-bb33-15435bb5d514","name":"Method Not Allowed","originalRequest":{"url":{"path":["cards","embosser","details"],"host":["{{baseUrl}}"],"query":[],"variable":[]},"header":[{"disabled":false,"description":"(Required) API Key","key":"apikey","value":"<string>"},{"disabled":false,"description":"(Required) Client ID","key":"X-ClientID","value":"00970"}],"method":"POST","body":{"mode":"raw","raw":"{\n  \"cardNumber\": \"00001234XXXXX56789\",\n  \"cardSequence\": 998,\n  \"foreignUse\": \"998\",\n  \"organizationNumber\": 998\n}","options":{"raw":{"language":"json"}}}},"status":"Method Not Allowed","code":405,"header":[{"key":"Content-Type","value":"text/plain"}],"body":"","cookie":[],"_postman_previewlanguage":"text"},{"id":"f6a756c3-54dc-4b81-841d-d820eadcddd3","name":"Backend Error","originalRequest":{"url":{"path":["cards","embosser","details"],"host":["{{baseUrl}}"],"query":[],"variable":[]},"header":[{"disabled":false,"description":"(Required) API Key","key":"apikey","value":"<string>"},{"disabled":false,"description":"(Required) Client ID","key":"X-ClientID","value":"00970"},{"key":"Accept","value":"application/json"}],"method":"POST","body":{"mode":"raw","raw":"{\n  \"cardNumber\": \"00001234XXXXX56789\",\n  \"cardSequence\": 998,\n  \"foreignUse\": \"998\",\n  \"organizationNumber\": 998\n}","options":{"raw":{"language":"json"}}}},"status":"Internal Server Error","code":500,"header":[{"key":"Content-Type","value":"application/json"}],"body":"{\n  \"hasError\": true,\n  \"errors\": [\n    {\n      \"code\": \"aliqua dolore\",\n      \"description\": \"deserunt enim non\"\n    },\n    {\n      \"code\": \"non cupidatat id\",\n      \"description\": \"officia\"\n    }\n  ],\n  \"data\": {}\n}","cookie":[],"_postman_previewlanguage":"json"}],"event":[],"protocolProfileBehavior":{"disableBodyPruning":true}}],"event":[]}],"event":[],"variable":[{"type":"string","value":"https://int.api.firstdata.com/latam-gfs-apis/portal","key":"baseUrl"}],"info":{"_postman_id":"27590081-d47d-43be-941b-4c028b7774c3","name":"FirstVision™ Cards Issuing Service - API Documentation","schema":"https://schema.getpostman.com/json/collection/v2.1.0/collection.json","description":{"content":"This documentation describes the REST APIs provided by the FirstVision™ Cards Microservice, which provides functionality for the issuing, management and processing of credit cards, including bank, co-branded, private label, debit, commercial, and prepaid","type":"text/plain"}}}