{"item":[{"id":"457d2566-2740-4f86-a560-56befe631fdc","name":"Outstanding Authorizations Inquiry. VMX Service: M.FAS.OUTSTANDING.AUTH.INQ, L8V2","request":{"name":"Outstanding Authorizations Inquiry. VMX Service: M.FAS.OUTSTANDING.AUTH.INQ, L8V2","description":{"content":"Fetches data of both old and new transactions(including today's) which are settled to an account. \nVMX Service: M.FAS.OUTSTANDING.AUTH.INQ, L8V2","type":"text/plain"},"url":{"path":["transactions","outstanding-authorizations","details"],"host":["{{baseUrl}}"],"query":[],"variable":[]},"header":[{"disabled":false,"description":"(Required) API Key","key":"apikey","value":"<string>"},{"disabled":false,"description":"(Required) Client ID","key":"X-ClientID","value":"<string>"},{"key":"Content-Type","value":"application/json"},{"key":"Accept","value":"application/json"}],"method":"POST","auth":null,"body":{"mode":"raw","raw":"{\n  \"organizationNumber\": \"<integer>\",\n  \"effectiveAuthorizationDate\": \"<date>\",\n  \"effectiveAuthorizationTime\": \"<integer>\",\n  \"accountNumber\": \"<string>\",\n  \"foreignUseIndicator\": \"<string>\",\n  \"functionCode\": \"<string>\",\n  \"filter\": \"<string>\",\n  \"numberOfAuthorizationsRequested\": \"<integer>\",\n  \"authorizationDateRange\": {\n    \"from\": \"<date>\",\n    \"to\": \"<date>\"\n  },\n  \"authorizationNumber\": \"<string>\"\n}","options":{"raw":{"language":"json"}}}},"response":[{"id":"b9796bff-54cf-4631-8867-2e9e4ba544d1","name":"Success","originalRequest":{"url":{"path":["transactions","outstanding-authorizations","details"],"host":["{{baseUrl}}"],"query":[],"variable":[]},"header":[{"disabled":false,"description":"(Required) API Key","key":"apikey","value":"<string>"},{"disabled":false,"description":"(Required) Client ID","key":"X-ClientID","value":"00970"},{"key":"Accept","value":"application/json"}],"method":"POST","body":{"mode":"raw","raw":"{\n  \"organizationNumber\": 807,\n  \"effectiveAuthorizationDate\": \"<date>\",\n  \"effectiveAuthorizationTime\": 112233,\n  \"accountNumber\": \"4513074002573466583\",\n  \"foreignUseIndicator\": \"0\",\n  \"functionCode\": \"<string>\",\n  \"filter\": \"A\",\n  \"numberOfAuthorizationsRequested\": 100,\n  \"authorizationDateRange\": {\n    \"from\": \"<date>\",\n    \"to\": \"<date>\"\n  },\n  \"authorizationNumber\": \"123\"\n}","options":{"raw":{"language":"json"}}}},"status":"OK","code":200,"header":[{"key":"Content-Type","value":"application/json"}],"body":"{\n  \"currencyNumberOfDecimals\": -73095797,\n  \"currencyCode\": 73960226,\n  \"foreignUseIndicator\": \"eiusmod ut\",\n  \"organizationNumber\": 40212830,\n  \"accountNumber\": \"occaecat consectetur\",\n  \"nextToken\": {\n    \"effectiveDate\": \"1974-11-01\",\n    \"time\": \"occaecat sint in labori\",\n    \"logRecordTypeOfTheTransaction\": -57230564,\n    \"extentOfTheLogFile\": -69364467,\n    \"relativeByteAddress\": -46573913\n  },\n  \"prevToken\": {\n    \"effectiveDate\": \"1980-03-19\",\n    \"time\": \"et qui\",\n    \"logRecordTypeOfTheTransaction\": 13949619,\n    \"extentOfTheLogFile\": -84794463,\n    \"relativeByteAddress\": 69810617\n  },\n  \"more\": \"voluptate nisi adipisicing deseru\",\n  \"numberOfAuthorizationsReturned\": -10314185,\n  \"authorizationsData\": [\n    {\n      \"sequence\": 14972320,\n      \"effectiveDate\": \"2003-04-11\",\n      \"time\": \"dolor aute esse deserunt Ut\",\n      \"requestType\": \"tempor labore dolor\",\n      \"action\": \"dolore\",\n      \"actionReason\": 54167338,\n      \"postingDate\": \"1955-06-26\",\n      \"creditPlan\": -43096811,\n      \"authorizationAmount\": -78955839.31074968,\n      \"authorizationCode\": \"nulla aute Duis sed\",\n      \"authorizationType\": \"culpa aute esse\",\n      \"cardNumber\": \"dolor reprehenderit\",\n      \"cardSequence\": -98939384,\n      \"merchantCategoryCode\": -35116043,\n      \"merchantCategoryCodeDescription\": \"et enim ipsum anim\",\n      \"transactionRecordType\": 31353086,\n      \"logExtent\": 21231308,\n      \"relativeByteAddress\": 98843197,\n      \"reasonDescription\": \"ipsum aliquip adipisicing esse minim\",\n      \"cardAcceptorNameAndLocation\": \"magna Excepteur\",\n      \"transactionDescription\": \"dolor veniam commodo amet\",\n      \"transactionEntryMode\": 96491099,\n      \"transactionEntryModeDescription\": \"irure elit velit\",\n      \"merchantNumber\": \"mollit aute magna\",\n      \"authorizationResponseCode\": \"ex null\",\n      \"creditAvailable\": -4670252.240573987,\n      \"creditAvailableForCashAdvances\": -91785260.84353846,\n      \"accountCurrencyCode\": \"veniam aliquip\",\n      \"stateOrCountry\": \"adipisicing\",\n      \"transactionSourceTerminal\": \"eu\",\n      \"merchantCode\": \"sed et nisi\",\n      \"processingCode\": 4068151,\n      \"transactionAmount\": 73881014.72028211,\n      \"settlementAmount\": -89587441.74440435,\n      \"cardholderBillingAmount\": -98899574.53358544,\n      \"systemAuditTraceNumber\": \"exercitation veniam amet qui Duis\",\n      \"localTimeOfTheTransaction\": \"ut ullamco nulla\",\n      \"localDateOfTheTransaction\": \"1948-02-27\",\n      \"retrievalReferenceNumber\": 9678165.81391409,\n      \"transactionCurrencyCode\": 44668264,\n      \"settlementCurrencyCode\": 62421038,\n      \"billingCurrencyCode\": 38750199,\n      \"terminalNetworkName\": \"exercitation tempor\",\n      \"offeredDownPayment\": -45148523.16559353,\n      \"walletFeeAmount\": 3586124.3773566782,\n      \"multiWalletPrepaid\": {\n        \"currencyId\": -51847158,\n        \"authWalletAmount\": 46850653.02504715,\n        \"baseCurrencyAmount\": -30446733.688446864,\n        \"authWalletMarkupAmount\": 7118398.78479737,\n        \"conversionFeeAmount\": 71253098.12915996,\n        \"crossWalletXfrFlag\": -76621459,\n        \"walletPrstFlag\": -2152368,\n        \"walletToDwltConversionRate\": -3515032,\n        \"xfrToCurrency\": -6974255,\n        \"fundXfrFld\": {\n          \"xfrFromCurrency\": 24402937,\n          \"xfrFromAmount\": -78337563,\n          \"xfrToAmount\": 51022614.095418274,\n          \"xfrFeeAmount\": -57601847.805639036\n        },\n        \"atmWdrlFeeAmount\": 52460187.2690258,\n        \"crosBrdrFeeAmount\": -18197980.47050214,\n        \"ccaFeeAmount\": -631259.1238024235,\n        \"ivaTaxAmount\": 1856872.6006360948\n      }\n    },\n    {\n      \"sequence\": 88349349,\n      \"effectiveDate\": \"2009-12-30\",\n      \"time\": \"id aliquip minim \",\n      \"requestType\": \"commodo\",\n      \"action\": \"aliqua ea in ut cupidatat\",\n      \"actionReason\": -89830574,\n      \"postingDate\": \"1957-08-06\",\n      \"creditPlan\": 80237878,\n      \"authorizationAmount\": 27517764.496482357,\n      \"authorizationCode\": \"officia esse ex elit irure\",\n      \"authorizationType\": \"officia voluptate aute irure Duis\",\n      \"cardNumber\": \"deserunt e\",\n      \"cardSequence\": 13082096,\n      \"merchantCategoryCode\": 81181323,\n      \"merchantCategoryCodeDescription\": \"Duis nisi aliquip ipsum\",\n      \"transactionRecordType\": 71490770,\n      \"logExtent\": 20759856,\n      \"relativeByteAddress\": -59335293,\n      \"reasonDescription\": \"quis sint ullamco cillum\",\n      \"cardAcceptorNameAndLocation\": \"adipisicing Ut\",\n      \"transactionDescription\": \"reprehenderit\",\n      \"transactionEntryMode\": 51283015,\n      \"transactionEntryModeDescription\": \"esse mollit non tempor\",\n      \"merchantNumber\": \"eiusmod ipsum minim in\",\n      \"authorizationResponseCode\": \"esse culpa aute\",\n      \"creditAvailable\": 89511513.77738956,\n      \"creditAvailableForCashAdvances\": 57303756.21805042,\n      \"accountCurrencyCode\": \"consequat exercitation\",\n      \"stateOrCountry\": \"irure commodo do in\",\n      \"transactionSourceTerminal\": \"dolor reprehenderit\",\n      \"merchantCode\": \"in in\",\n      \"processingCode\": -64931075,\n      \"transactionAmount\": -12063926.375591502,\n      \"settlementAmount\": 98082012.61032256,\n      \"cardholderBillingAmount\": -1549282.2010026723,\n      \"systemAuditTraceNumber\": \"irure anim aliqua ullamco lab\",\n      \"localTimeOfTheTransaction\": \"sunt minim\",\n      \"localDateOfTheTransaction\": \"1966-04-20\",\n      \"retrievalReferenceNumber\": 40489266.69964957,\n      \"transactionCurrencyCode\": 99381134,\n      \"settlementCurrencyCode\": -66573832,\n      \"billingCurrencyCode\": -30171668,\n      \"terminalNetworkName\": \"minim proident officia\",\n      \"offeredDownPayment\": -79266532.56469378,\n      \"walletFeeAmount\": -3778577.1765711308,\n      \"multiWalletPrepaid\": {\n        \"currencyId\": -51677206,\n        \"authWalletAmount\": 6166705.6986159235,\n        \"baseCurrencyAmount\": -4791499.119708136,\n        \"authWalletMarkupAmount\": -33908592.17975497,\n        \"conversionFeeAmount\": -15689442.394067094,\n        \"crossWalletXfrFlag\": -41238698,\n        \"walletPrstFlag\": -61171188,\n        \"walletToDwltConversionRate\": 36503082,\n        \"xfrToCurrency\": 57544884,\n        \"fundXfrFld\": {\n          \"xfrFromCurrency\": -8412332,\n          \"xfrFromAmount\": -2604075,\n          \"xfrToAmount\": -69615536.96798882,\n          \"xfrFeeAmount\": -44431034.72260499\n        },\n        \"atmWdrlFeeAmount\": -65860443.63291284,\n        \"crosBrdrFeeAmount\": -90934169.19674602,\n        \"ccaFeeAmount\": -55204883.20853687,\n        \"ivaTaxAmount\": 96509907.38253099\n      }\n    }\n  ]\n}","cookie":[],"_postman_previewlanguage":"json"},{"id":"bc244921-4bc7-41e4-adce-e0999c1929c4","name":"Redirection","originalRequest":{"url":{"path":["transactions","outstanding-authorizations","details"],"host":["{{baseUrl}}"],"query":[],"variable":[]},"header":[{"disabled":false,"description":"(Required) API Key","key":"apikey","value":"<string>"},{"disabled":false,"description":"(Required) Client ID","key":"X-ClientID","value":"00970"},{"key":"Accept","value":"application/json"}],"method":"POST","body":{"mode":"raw","raw":"{\n  \"organizationNumber\": 807,\n  \"effectiveAuthorizationDate\": \"<date>\",\n  \"effectiveAuthorizationTime\": 112233,\n  \"accountNumber\": \"4513074002573466583\",\n  \"foreignUseIndicator\": \"0\",\n  \"functionCode\": \"<string>\",\n  \"filter\": \"A\",\n  \"numberOfAuthorizationsRequested\": 100,\n  \"authorizationDateRange\": {\n    \"from\": \"<date>\",\n    \"to\": \"<date>\"\n  },\n  \"authorizationNumber\": \"123\"\n}","options":{"raw":{"language":"json"}}}},"status":"Multiple Choices","code":300,"header":[{"key":"Content-Type","value":"application/json"}],"body":"{\n  \"hasError\": true,\n  \"errors\": [\n    {\n      \"code\": \"voluptate laboris tempor cupidatat\",\n      \"description\": \"officia sint minim amet\"\n    },\n    {\n      \"code\": \"sint culpa\",\n      \"description\": \"minim ut nulla\"\n    }\n  ],\n  \"data\": {}\n}","cookie":[],"_postman_previewlanguage":"json"},{"id":"d4f7a4e4-3e3b-4eb2-a1e8-f8b001be0ddc","name":"Bad Request","originalRequest":{"url":{"path":["transactions","outstanding-authorizations","details"],"host":["{{baseUrl}}"],"query":[],"variable":[]},"header":[{"disabled":false,"description":"(Required) API Key","key":"apikey","value":"<string>"},{"disabled":false,"description":"(Required) Client ID","key":"X-ClientID","value":"00970"}],"method":"POST","body":{"mode":"raw","raw":"{\n  \"organizationNumber\": 807,\n  \"effectiveAuthorizationDate\": \"<date>\",\n  \"effectiveAuthorizationTime\": 112233,\n  \"accountNumber\": \"4513074002573466583\",\n  \"foreignUseIndicator\": \"0\",\n  \"functionCode\": \"<string>\",\n  \"filter\": \"A\",\n  \"numberOfAuthorizationsRequested\": 100,\n  \"authorizationDateRange\": {\n    \"from\": \"<date>\",\n    \"to\": \"<date>\"\n  },\n  \"authorizationNumber\": \"123\"\n}","options":{"raw":{"language":"json"}}}},"status":"Bad Request","code":400,"header":[{"key":"Content-Type","value":"text/plain"}],"body":"","cookie":[],"_postman_previewlanguage":"text"},{"id":"4f227836-d1d5-4e56-9f93-82629b9b3326","name":"Unauthorized","originalRequest":{"url":{"path":["transactions","outstanding-authorizations","details"],"host":["{{baseUrl}}"],"query":[],"variable":[]},"header":[{"disabled":false,"description":"(Required) API Key","key":"apikey","value":"<string>"},{"disabled":false,"description":"(Required) Client ID","key":"X-ClientID","value":"00970"}],"method":"POST","body":{"mode":"raw","raw":"{\n  \"organizationNumber\": 807,\n  \"effectiveAuthorizationDate\": \"<date>\",\n  \"effectiveAuthorizationTime\": 112233,\n  \"accountNumber\": \"4513074002573466583\",\n  \"foreignUseIndicator\": \"0\",\n  \"functionCode\": \"<string>\",\n  \"filter\": \"A\",\n  \"numberOfAuthorizationsRequested\": 100,\n  \"authorizationDateRange\": {\n    \"from\": \"<date>\",\n    \"to\": \"<date>\"\n  },\n  \"authorizationNumber\": \"123\"\n}","options":{"raw":{"language":"json"}}}},"status":"Unauthorized","code":401,"header":[{"key":"Content-Type","value":"text/plain"}],"body":"","cookie":[],"_postman_previewlanguage":"text"},{"id":"52089aaa-e693-4f13-80e1-51382aeb35c1","name":"Forbidden","originalRequest":{"url":{"path":["transactions","outstanding-authorizations","details"],"host":["{{baseUrl}}"],"query":[],"variable":[]},"header":[{"disabled":false,"description":"(Required) API Key","key":"apikey","value":"<string>"},{"disabled":false,"description":"(Required) Client ID","key":"X-ClientID","value":"00970"}],"method":"POST","body":{"mode":"raw","raw":"{\n  \"organizationNumber\": 807,\n  \"effectiveAuthorizationDate\": \"<date>\",\n  \"effectiveAuthorizationTime\": 112233,\n  \"accountNumber\": \"4513074002573466583\",\n  \"foreignUseIndicator\": \"0\",\n  \"functionCode\": \"<string>\",\n  \"filter\": \"A\",\n  \"numberOfAuthorizationsRequested\": 100,\n  \"authorizationDateRange\": {\n    \"from\": \"<date>\",\n    \"to\": \"<date>\"\n  },\n  \"authorizationNumber\": \"123\"\n}","options":{"raw":{"language":"json"}}}},"status":"Forbidden","code":403,"header":[{"key":"Content-Type","value":"text/plain"}],"body":"","cookie":[],"_postman_previewlanguage":"text"},{"id":"99a2fb87-eef2-4c1b-8f61-32b6a3e19335","name":"Not Found","originalRequest":{"url":{"path":["transactions","outstanding-authorizations","details"],"host":["{{baseUrl}}"],"query":[],"variable":[]},"header":[{"disabled":false,"description":"(Required) API Key","key":"apikey","value":"<string>"},{"disabled":false,"description":"(Required) Client ID","key":"X-ClientID","value":"00970"}],"method":"POST","body":{"mode":"raw","raw":"{\n  \"organizationNumber\": 807,\n  \"effectiveAuthorizationDate\": \"<date>\",\n  \"effectiveAuthorizationTime\": 112233,\n  \"accountNumber\": \"4513074002573466583\",\n  \"foreignUseIndicator\": \"0\",\n  \"functionCode\": \"<string>\",\n  \"filter\": \"A\",\n  \"numberOfAuthorizationsRequested\": 100,\n  \"authorizationDateRange\": {\n    \"from\": \"<date>\",\n    \"to\": \"<date>\"\n  },\n  \"authorizationNumber\": \"123\"\n}","options":{"raw":{"language":"json"}}}},"status":"Not Found","code":404,"header":[{"key":"Content-Type","value":"text/plain"}],"body":"","cookie":[],"_postman_previewlanguage":"text"},{"id":"6e1b33b3-6c92-4730-b6c8-48dba71f899b","name":"Method Not Allowed","originalRequest":{"url":{"path":["transactions","outstanding-authorizations","details"],"host":["{{baseUrl}}"],"query":[],"variable":[]},"header":[{"disabled":false,"description":"(Required) API Key","key":"apikey","value":"<string>"},{"disabled":false,"description":"(Required) Client ID","key":"X-ClientID","value":"00970"}],"method":"POST","body":{"mode":"raw","raw":"{\n  \"organizationNumber\": 807,\n  \"effectiveAuthorizationDate\": \"<date>\",\n  \"effectiveAuthorizationTime\": 112233,\n  \"accountNumber\": \"4513074002573466583\",\n  \"foreignUseIndicator\": \"0\",\n  \"functionCode\": \"<string>\",\n  \"filter\": \"A\",\n  \"numberOfAuthorizationsRequested\": 100,\n  \"authorizationDateRange\": {\n    \"from\": \"<date>\",\n    \"to\": \"<date>\"\n  },\n  \"authorizationNumber\": \"123\"\n}","options":{"raw":{"language":"json"}}}},"status":"Method Not Allowed","code":405,"header":[{"key":"Content-Type","value":"text/plain"}],"body":"","cookie":[],"_postman_previewlanguage":"text"},{"id":"f00ea68c-f811-400d-95a9-dfd9f8acee98","name":"Backend Error","originalRequest":{"url":{"path":["transactions","outstanding-authorizations","details"],"host":["{{baseUrl}}"],"query":[],"variable":[]},"header":[{"disabled":false,"description":"(Required) API Key","key":"apikey","value":"<string>"},{"disabled":false,"description":"(Required) Client ID","key":"X-ClientID","value":"00970"},{"key":"Accept","value":"application/json"}],"method":"POST","body":{"mode":"raw","raw":"{\n  \"organizationNumber\": 807,\n  \"effectiveAuthorizationDate\": \"<date>\",\n  \"effectiveAuthorizationTime\": 112233,\n  \"accountNumber\": \"4513074002573466583\",\n  \"foreignUseIndicator\": \"0\",\n  \"functionCode\": \"<string>\",\n  \"filter\": \"A\",\n  \"numberOfAuthorizationsRequested\": 100,\n  \"authorizationDateRange\": {\n    \"from\": \"<date>\",\n    \"to\": \"<date>\"\n  },\n  \"authorizationNumber\": \"123\"\n}","options":{"raw":{"language":"json"}}}},"status":"Internal Server Error","code":500,"header":[{"key":"Content-Type","value":"application/json"}],"body":"{\n  \"hasError\": true,\n  \"errors\": [\n    {\n      \"code\": \"in nisi\",\n      \"description\": \"eu quis labore est\"\n    },\n    {\n      \"code\": \"veniam aliquip velit enim\",\n      \"description\": \"commodo dolor est amet\"\n    }\n  ],\n  \"data\": {}\n}","cookie":[],"_postman_previewlanguage":"json"}],"event":[],"protocolProfileBehavior":{"disableBodyPruning":true}}],"event":[],"variable":[{"type":"string","value":"https://int.api.firstdata.com/latam-gfs-apis/portal","key":"baseUrl"}],"info":{"_postman_id":"7990857d-11e7-424e-a70d-92bf19588655","name":"FirstVision™ Transaction Service - API Documentation","schema":"https://schema.getpostman.com/json/collection/v2.1.0/collection.json","description":{"content":"This documentation describes the REST APIs provided by the FirstVision™ Cards Microservice, which provides functionality for the issuing, management and processing of credit cards, including bank, co-branded, private label, debit, commercial, and prepaid","type":"text/plain"}}}