{"item":[{"id":"33ea5d7d-2e62-4976-ae6d-fea8c677713d","name":"The cardholder is able to receive points in real time as a reward for certain behaviors for the respective Financial Institution like paying bill online, signing up for e-Statements, etc.","request":{"name":"The cardholder is able to receive points in real time as a reward for certain behaviors for the respective Financial Institution like paying bill online, signing up for e-Statements, etc.","description":{},"url":{"path":["v1","addpoints"],"host":["{{baseUrl}}"],"query":[],"variable":[]},"header":[{"disabled":false,"description":"(Required) Required. Enter the client id.","key":"x-fapi-financial-id","value":"<string>"},{"disabled":false,"description":"Enter the transaction/correlation id","key":"x-fapi-interaction-id","value":"<string>"},{"key":"Content-Type","value":"application/json"},{"key":"Accept","value":"application/json"}],"method":"POST","auth":{"type":"oauth2","oauth2":[{"key":"accessTokenUrl","value":"https://card.api.fiservapps.com/cs/oauth2/v1/token"},{"key":"grant_type","value":"client_credentials"}]},"body":{"mode":"raw","raw":"{\n  \"addPoints\": {\n    \"description\": \"<string>\",\n    \"points\": \"<integer>\",\n    \"vest\": \"<boolean>\"\n  },\n  \"client\": {\n    \"applicationName\": \"<string>\",\n    \"auditId\": \"<string>\",\n    \"id\": \"<string>\",\n    \"vendorName\": \"<string>\"\n  },\n  \"rewardsKeyInfo\": {\n    \"useMultiAuth\": \"<boolean>\",\n    \"cardNumber\": \"<string>\",\n    \"accountNumber\": \"<string>\"\n  }\n}","options":{"raw":{"language":"json"}}}},"response":[{"id":"5cc48500-cfbf-4672-b532-08c109b6bffc","name":"Successful","originalRequest":{"url":{"path":["v1","addpoints"],"host":["{{baseUrl}}"],"query":[],"variable":[]},"header":[{"description":{"content":"Added as a part of security scheme: oauth2","type":"text/plain"},"key":"Authorization","value":"<token>"},{"disabled":false,"description":"(Required) Required. Enter the client id.","key":"x-fapi-financial-id","value":"<string>"},{"disabled":false,"description":"Enter the transaction/correlation id","key":"x-fapi-interaction-id","value":"<string>"},{"disabled":false,"description":"(Required) Enter 'Bearer ' followed by the access token. Please refer to documentation on bearer token. ","key":"Authorization","value":"commodo aliqua tempor quis"},{"key":"Accept","value":"application/json"}],"method":"POST","body":{"mode":"raw","raw":"{\n  \"addPoints\": {\n    \"description\": \"Add\",\n    \"points\": 19,\n    \"vest\": true\n  },\n  \"client\": {\n    \"applicationName\": \"CM\",\n    \"auditId\": \"Saint Michael\",\n    \"id\": \"11122203\",\n    \"vendorName\": \"ITI\"\n  },\n  \"rewardsKeyInfo\": {\n    \"useMultiAuth\": false,\n    \"cardNumber\": \"4447489111111119\",\n    \"accountNumber\": \"3445454545\"\n  }\n}","options":{"raw":{"language":"json"}}}},"status":"OK","code":200,"header":[{"disabled":false,"description":"Represents a transaction ID created with each request.","key":"x-fapi-interaction-id","value":"commodo aliqua tempor quis"},{"key":"Content-Type","value":"application/json"}],"body":"{\n  \"pointsInfo\": {\n    \"pointsToDate\": 700215,\n    \"availablePoints\": 700206,\n    \"vestedPoints\": 700206,\n    \"ccName\": \"A1\",\n    \"ccType\": \"MASTERCARD\",\n    \"ccStatus\": true,\n    \"earnStart\": \"2017-10-19\",\n    \"earnEnd\": \"2050-12-31\"\n  },\n  \"scoreId\": 603205187\n}","cookie":[],"_postman_previewlanguage":"json"},{"id":"7bf146a5-9034-4745-8db6-0bb1f2236613","name":"Bad Request","originalRequest":{"url":{"path":["v1","addpoints"],"host":["{{baseUrl}}"],"query":[],"variable":[]},"header":[{"description":{"content":"Added as a part of security scheme: oauth2","type":"text/plain"},"key":"Authorization","value":"<token>"},{"disabled":false,"description":"(Required) Required. Enter the client id.","key":"x-fapi-financial-id","value":"<string>"},{"disabled":false,"description":"Enter the transaction/correlation id","key":"x-fapi-interaction-id","value":"<string>"},{"disabled":false,"description":"(Required) Enter 'Bearer ' followed by the access token. Please refer to documentation on bearer token. ","key":"Authorization","value":"commodo aliqua tempor quis"},{"key":"Accept","value":"application/json"}],"method":"POST","body":{"mode":"raw","raw":"{\n  \"addPoints\": {\n    \"description\": \"Add\",\n    \"points\": 19,\n    \"vest\": true\n  },\n  \"client\": {\n    \"applicationName\": \"CM\",\n    \"auditId\": \"Saint Michael\",\n    \"id\": \"11122203\",\n    \"vendorName\": \"ITI\"\n  },\n  \"rewardsKeyInfo\": {\n    \"useMultiAuth\": false,\n    \"cardNumber\": \"4447489111111119\",\n    \"accountNumber\": \"3445454545\"\n  }\n}","options":{"raw":{"language":"json"}}}},"status":"Bad Request","code":400,"header":[{"disabled":false,"description":"transaction ID created with each request","key":"x-fapi-interaction-id","value":"commodo aliqua tempor quis"},{"key":"Content-Type","value":"application/json"}],"body":"{\n  \"errors\": [\n    {\n      \"code\": \"200/100\",\n      \"description\": \"User does not have the authority to view this data\"\n    }\n  ]\n}","cookie":[],"_postman_previewlanguage":"json"},{"id":"df10e576-eaf1-4048-a027-3afae4a928a0","name":"Unauthorized access","originalRequest":{"url":{"path":["v1","addpoints"],"host":["{{baseUrl}}"],"query":[],"variable":[]},"header":[{"description":{"content":"Added as a part of security scheme: oauth2","type":"text/plain"},"key":"Authorization","value":"<token>"},{"disabled":false,"description":"(Required) Required. Enter the client id.","key":"x-fapi-financial-id","value":"<string>"},{"disabled":false,"description":"Enter the transaction/correlation id","key":"x-fapi-interaction-id","value":"<string>"},{"disabled":false,"description":"(Required) Enter 'Bearer ' followed by the access token. Please refer to documentation on bearer token. ","key":"Authorization","value":"commodo aliqua tempor quis"},{"key":"Accept","value":"application/json"}],"method":"POST","body":{"mode":"raw","raw":"{\n  \"addPoints\": {\n    \"description\": \"Add\",\n    \"points\": 19,\n    \"vest\": true\n  },\n  \"client\": {\n    \"applicationName\": \"CM\",\n    \"auditId\": \"Saint Michael\",\n    \"id\": \"11122203\",\n    \"vendorName\": \"ITI\"\n  },\n  \"rewardsKeyInfo\": {\n    \"useMultiAuth\": false,\n    \"cardNumber\": \"4447489111111119\",\n    \"accountNumber\": \"3445454545\"\n  }\n}","options":{"raw":{"language":"json"}}}},"status":"Unauthorized","code":401,"header":[{"key":"Content-Type","value":"application/json"}],"body":"{\n  \"errors\": [\n    {\n      \"code\": 401,\n      \"description\": \"Invalid access token\"\n    }\n  ]\n}","cookie":[],"_postman_previewlanguage":"json"},{"id":"4b87b58a-17fd-430a-abe0-a5ddfdc601e7","name":"Resource Not Found","originalRequest":{"url":{"path":["v1","addpoints"],"host":["{{baseUrl}}"],"query":[],"variable":[]},"header":[{"description":{"content":"Added as a part of security scheme: oauth2","type":"text/plain"},"key":"Authorization","value":"<token>"},{"disabled":false,"description":"(Required) Required. Enter the client id.","key":"x-fapi-financial-id","value":"<string>"},{"disabled":false,"description":"Enter the transaction/correlation id","key":"x-fapi-interaction-id","value":"<string>"},{"disabled":false,"description":"(Required) Enter 'Bearer ' followed by the access token. Please refer to documentation on bearer token. ","key":"Authorization","value":"commodo aliqua tempor quis"}],"method":"POST","body":{"mode":"raw","raw":"{\n  \"addPoints\": {\n    \"description\": \"Add\",\n    \"points\": 19,\n    \"vest\": true\n  },\n  \"client\": {\n    \"applicationName\": \"CM\",\n    \"auditId\": \"Saint Michael\",\n    \"id\": \"11122203\",\n    \"vendorName\": \"ITI\"\n  },\n  \"rewardsKeyInfo\": {\n    \"useMultiAuth\": false,\n    \"cardNumber\": \"4447489111111119\",\n    \"accountNumber\": \"3445454545\"\n  }\n}","options":{"raw":{"language":"json"}}}},"status":"Not Found","code":404,"header":[{"key":"Content-Type","value":"text/plain"}],"body":"","cookie":[],"_postman_previewlanguage":"text"},{"id":"fd22264d-37e5-4f71-a548-7b79fe0995e6","name":"Unsupported Media Type","originalRequest":{"url":{"path":["v1","addpoints"],"host":["{{baseUrl}}"],"query":[],"variable":[]},"header":[{"description":{"content":"Added as a part of security scheme: oauth2","type":"text/plain"},"key":"Authorization","value":"<token>"},{"disabled":false,"description":"(Required) Required. Enter the client id.","key":"x-fapi-financial-id","value":"<string>"},{"disabled":false,"description":"Enter the transaction/correlation id","key":"x-fapi-interaction-id","value":"<string>"},{"disabled":false,"description":"(Required) Enter 'Bearer ' followed by the access token. Please refer to documentation on bearer token. ","key":"Authorization","value":"commodo aliqua tempor quis"},{"key":"Accept","value":"application/json"}],"method":"POST","body":{"mode":"raw","raw":"{\n  \"addPoints\": {\n    \"description\": \"Add\",\n    \"points\": 19,\n    \"vest\": true\n  },\n  \"client\": {\n    \"applicationName\": \"CM\",\n    \"auditId\": \"Saint Michael\",\n    \"id\": \"11122203\",\n    \"vendorName\": \"ITI\"\n  },\n  \"rewardsKeyInfo\": {\n    \"useMultiAuth\": false,\n    \"cardNumber\": \"4447489111111119\",\n    \"accountNumber\": \"3445454545\"\n  }\n}","options":{"raw":{"language":"json"}}}},"status":"Unsupported Media Type","code":415,"header":[{"disabled":false,"description":"transaction ID created with each request","key":"x-fapi-interaction-id","value":"commodo aliqua tempor quis"},{"key":"Content-Type","value":"application/json"}],"body":"{\n  \"errors\": [\n    {\n      \"code\": 415,\n      \"description\": \"unsupported Media Type\"\n    }\n  ]\n}","cookie":[],"_postman_previewlanguage":"json"},{"id":"913718dc-0dcb-4022-965a-b11de1f0e0b0","name":"Too Many Requests","originalRequest":{"url":{"path":["v1","addpoints"],"host":["{{baseUrl}}"],"query":[],"variable":[]},"header":[{"description":{"content":"Added as a part of security scheme: oauth2","type":"text/plain"},"key":"Authorization","value":"<token>"},{"disabled":false,"description":"(Required) Required. Enter the client id.","key":"x-fapi-financial-id","value":"<string>"},{"disabled":false,"description":"Enter the transaction/correlation id","key":"x-fapi-interaction-id","value":"<string>"},{"disabled":false,"description":"(Required) Enter 'Bearer ' followed by the access token. Please refer to documentation on bearer token. ","key":"Authorization","value":"commodo aliqua tempor quis"},{"key":"Accept","value":"application/json"}],"method":"POST","body":{"mode":"raw","raw":"{\n  \"addPoints\": {\n    \"description\": \"Add\",\n    \"points\": 19,\n    \"vest\": true\n  },\n  \"client\": {\n    \"applicationName\": \"CM\",\n    \"auditId\": \"Saint Michael\",\n    \"id\": \"11122203\",\n    \"vendorName\": \"ITI\"\n  },\n  \"rewardsKeyInfo\": {\n    \"useMultiAuth\": false,\n    \"cardNumber\": \"4447489111111119\",\n    \"accountNumber\": \"3445454545\"\n  }\n}","options":{"raw":{"language":"json"}}}},"status":"Too Many Requests","code":429,"header":[{"disabled":false,"description":"transaction ID created with each request","key":"x-fapi-interaction-id","value":"commodo aliqua tempor quis"},{"key":"Content-Type","value":"application/json"}],"body":"{\n  \"errors\": [\n    {\n      \"code\": 429,\n      \"description\": \"Rate limit quota violation. Quota limit  exceeded.\"\n    }\n  ]\n}","cookie":[],"_postman_previewlanguage":"json"},{"id":"76ece10c-ba0c-4901-912b-93c23c92d36d","name":"Server Error","originalRequest":{"url":{"path":["v1","addpoints"],"host":["{{baseUrl}}"],"query":[],"variable":[]},"header":[{"description":{"content":"Added as a part of security scheme: oauth2","type":"text/plain"},"key":"Authorization","value":"<token>"},{"disabled":false,"description":"(Required) Required. Enter the client id.","key":"x-fapi-financial-id","value":"<string>"},{"disabled":false,"description":"Enter the transaction/correlation id","key":"x-fapi-interaction-id","value":"<string>"},{"disabled":false,"description":"(Required) Enter 'Bearer ' followed by the access token. Please refer to documentation on bearer token. ","key":"Authorization","value":"commodo aliqua tempor quis"},{"key":"Accept","value":"application/json"}],"method":"POST","body":{"mode":"raw","raw":"{\n  \"addPoints\": {\n    \"description\": \"Add\",\n    \"points\": 19,\n    \"vest\": true\n  },\n  \"client\": {\n    \"applicationName\": \"CM\",\n    \"auditId\": \"Saint Michael\",\n    \"id\": \"11122203\",\n    \"vendorName\": \"ITI\"\n  },\n  \"rewardsKeyInfo\": {\n    \"useMultiAuth\": false,\n    \"cardNumber\": \"4447489111111119\",\n    \"accountNumber\": \"3445454545\"\n  }\n}","options":{"raw":{"language":"json"}}}},"status":"Internal Server Error","code":500,"header":[{"disabled":false,"description":"transaction ID created with each request","key":"x-fapi-interaction-id","value":"commodo aliqua tempor quis"},{"key":"Content-Type","value":"application/json"}],"body":"{\n  \"errorResponse\": {\n    \"code\": \"500-01\",\n    \"message\": \"internal server error\",\n    \"developerInfo\": {\n      \"developerMessage\": \"internal server error\",\n      \"moreInfo\": \"There was a problem handling your request.  Please try again.  If the problem persists please contact Fiserv ETSD at 888-243-2543 (you unique messageID included below)\",\n      \"messageid\": \"25557-84290371-1\"\n    }\n  }\n}","cookie":[],"_postman_previewlanguage":"json"}],"event":[],"protocolProfileBehavior":{"disableBodyPruning":true}}],"event":[],"variable":[{"type":"string","value":"https://card.api.fiservapps.com/cs/uChooseRewards","key":"baseUrl"}],"auth":{"type":"oauth2","oauth2":[{"key":"accessTokenUrl","value":"https://card.api.fiservapps.com/cs/oauth2/v1/token"},{"key":"grant_type","value":"client_credentials"}]},"info":{"_postman_id":"1e266b6c-69d9-4f62-b4d6-3ca8f0fa7156","name":"uChoose Rewards Add Points API","schema":"https://schema.getpostman.com/json/collection/v2.1.0/collection.json","description":{"content":"The API helps user/account holder to receive points as a reward.","type":"text/plain"}}}