{"item":[{"id":"97da4207-00ee-4b61-8809-7a9f29c47fb5","name":"v1","item":[{"id":"60bfd895-cf96-431d-bf1a-4a819ce88d62","name":"Retrieve current fraud case information from Fiserv.","request":{"name":"Retrieve current fraud case information from Fiserv.","description":{},"url":{"path":["v1","case","search"],"host":["{{baseUrl}}"],"query":[],"variable":[]},"header":[{"disabled":false,"description":"(Required) Required. Enter the client id.","key":"x-fapi-financial-id","value":"<string>"},{"disabled":false,"description":"Enter the transaction/correlation id","key":"x-fapi-interaction-id","value":"<string>"},{"key":"Content-Type","value":"application/json"},{"key":"Accept","value":"application/json"}],"method":"POST","auth":null,"body":{"mode":"raw","raw":"{\n  \"caseID\": \"<string>\",\n  \"clientApplicationName\": \"<string>\",\n  \"clientAuditId\": \"<string>\",\n  \"clientId\": \"<string>\",\n  \"clientVendorName\": \"<string>\",\n  \"systemRecordIdentifier\": \"<string>\"\n}","options":{"raw":{"language":"json"}}}},"response":[{"id":"591d7aa4-2dd7-41e8-9b28-f95fccfb380e","name":"Success","originalRequest":{"url":{"path":["v1","case","search"],"host":["{{baseUrl}}"],"query":[],"variable":[]},"header":[{"description":{"content":"Added as a part of security scheme: apikey","type":"text/plain"},"key":"Authorization","value":"<API Key>"},{"disabled":false,"description":"(Required) Required. Enter the client id.","key":"x-fapi-financial-id","value":"<string>"},{"disabled":false,"description":"Enter the transaction/correlation id","key":"x-fapi-interaction-id","value":"<string>"},{"disabled":false,"description":"(Required) Enter 'Bearer ' followed by the access token. Please refer to documentation on bearer token. ","key":"Authorization","value":"7777777777777777777777777777777777777777777777777777777777777777"},{"key":"Accept","value":"application/json"}],"method":"POST","body":{"mode":"raw","raw":"{\n  \"caseID\": \"60384538\",\n  \"clientApplicationName\": \"FRAUDALERTRWS\",\n  \"clientAuditId\": \"Maria\",\n  \"clientId\": \"07100015\",\n  \"clientVendorName\": \"ABC VENDOR\",\n  \"systemRecordIdentifier\": \"<string>\"\n}","options":{"raw":{"language":"json"}}}},"status":"OK","code":200,"header":[{"disabled":false,"description":"Represents a transaction ID created with each request","key":"x-fapi-interaction-id","value":"sint deserunt"},{"key":"Content-Type","value":"application/json"}],"body":"{\n  \"caseData\": [\n    {\n      \"caseID\": \"60384538\",\n      \"lastUpdated\": \"2019-07-26T11:43:34.291-04:00\",\n      \"workflowCode\": \"14\"\n    },\n    {\n      \"caseID\": \"60384538\",\n      \"lastUpdated\": \"2019-07-26T11:43:34.291-04:00\",\n      \"workflowCode\": \"14\"\n    }\n  ],\n  \"tranData\": [\n    {\n      \"tranAmount\": 600,\n      \"tranDate\": \"2019-07-26T07:22:04.000-04:00\",\n      \"tranId\": \"016001da2e000044\",\n      \"merchantName\": \"NETFLIX COM\",\n      \"merchantCity\": \"LOS GATOS\",\n      \"merchantState\": \"CA\",\n      \"merchantCntry\": \"840\",\n      \"tranMcc\": \"4899\",\n      \"decisionCode\": \"D\"\n    },\n    {\n      \"tranAmount\": 600,\n      \"tranDate\": \"2019-07-26T07:22:04.000-04:00\",\n      \"tranId\": \"016001da2e000044\",\n      \"merchantName\": \"NETFLIX COM\",\n      \"merchantCity\": \"LOS GATOS\",\n      \"merchantState\": \"CA\",\n      \"merchantCntry\": \"840\",\n      \"tranMcc\": \"4899\",\n      \"decisionCode\": \"D\"\n    }\n  ]\n}","cookie":[],"_postman_previewlanguage":"json"},{"id":"98625303-ee09-4a8d-8fe0-4893cc39cc92","name":"Bad Request","originalRequest":{"url":{"path":["v1","case","search"],"host":["{{baseUrl}}"],"query":[],"variable":[]},"header":[{"description":{"content":"Added as a part of security scheme: apikey","type":"text/plain"},"key":"Authorization","value":"<API Key>"},{"disabled":false,"description":"(Required) Required. Enter the client id.","key":"x-fapi-financial-id","value":"<string>"},{"disabled":false,"description":"Enter the transaction/correlation id","key":"x-fapi-interaction-id","value":"<string>"},{"disabled":false,"description":"(Required) Enter 'Bearer ' followed by the access token. Please refer to documentation on bearer token. ","key":"Authorization","value":"7777777777777777777777777777777777777777777777777777777777777777"},{"key":"Accept","value":"application/json"}],"method":"POST","body":{"mode":"raw","raw":"{\n  \"caseID\": \"60384538\",\n  \"clientApplicationName\": \"FRAUDALERTRWS\",\n  \"clientAuditId\": \"Maria\",\n  \"clientId\": \"07100015\",\n  \"clientVendorName\": \"ABC VENDOR\",\n  \"systemRecordIdentifier\": \"<string>\"\n}","options":{"raw":{"language":"json"}}}},"status":"Bad Request","code":400,"header":[{"disabled":false,"description":"transaction ID created with each request","key":"x-fapi-interaction-id","value":"sint deserunt"},{"key":"Content-Type","value":"application/json"}],"body":"{\n  \"errors\": [\n    {\n      \"code\": \"WS100\",\n      \"description\": \"Information entered is invalid-please revise and try again\"\n    }\n  ]\n}","cookie":[],"_postman_previewlanguage":"json"},{"id":"c4843aba-4c3f-4e54-a037-1946cee58adf","name":"Unauthorized access","originalRequest":{"url":{"path":["v1","case","search"],"host":["{{baseUrl}}"],"query":[],"variable":[]},"header":[{"description":{"content":"Added as a part of security scheme: apikey","type":"text/plain"},"key":"Authorization","value":"<API Key>"},{"disabled":false,"description":"(Required) Required. Enter the client id.","key":"x-fapi-financial-id","value":"<string>"},{"disabled":false,"description":"Enter the transaction/correlation id","key":"x-fapi-interaction-id","value":"<string>"},{"disabled":false,"description":"(Required) Enter 'Bearer ' followed by the access token. Please refer to documentation on bearer token. ","key":"Authorization","value":"7777777777777777777777777777777777777777777777777777777777777777"},{"key":"Accept","value":"application/json"}],"method":"POST","body":{"mode":"raw","raw":"{\n  \"caseID\": \"60384538\",\n  \"clientApplicationName\": \"FRAUDALERTRWS\",\n  \"clientAuditId\": \"Maria\",\n  \"clientId\": \"07100015\",\n  \"clientVendorName\": \"ABC VENDOR\",\n  \"systemRecordIdentifier\": \"<string>\"\n}","options":{"raw":{"language":"json"}}}},"status":"Unauthorized","code":401,"header":[{"key":"Content-Type","value":"application/json"}],"body":"{\n  \"errors\": [\n    {\n      \"code\": 401,\n      \"description\": \"Invalid access token\"\n    }\n  ]\n}","cookie":[],"_postman_previewlanguage":"json"},{"id":"43e6cd02-5d0d-46c8-814b-449fad36bb6a","name":"Resource Not Found","originalRequest":{"url":{"path":["v1","case","search"],"host":["{{baseUrl}}"],"query":[],"variable":[]},"header":[{"description":{"content":"Added as a part of security scheme: apikey","type":"text/plain"},"key":"Authorization","value":"<API Key>"},{"disabled":false,"description":"(Required) Required. Enter the client id.","key":"x-fapi-financial-id","value":"<string>"},{"disabled":false,"description":"Enter the transaction/correlation id","key":"x-fapi-interaction-id","value":"<string>"},{"disabled":false,"description":"(Required) Enter 'Bearer ' followed by the access token. Please refer to documentation on bearer token. ","key":"Authorization","value":"7777777777777777777777777777777777777777777777777777777777777777"}],"method":"POST","body":{"mode":"raw","raw":"{\n  \"caseID\": \"60384538\",\n  \"clientApplicationName\": \"FRAUDALERTRWS\",\n  \"clientAuditId\": \"Maria\",\n  \"clientId\": \"07100015\",\n  \"clientVendorName\": \"ABC VENDOR\",\n  \"systemRecordIdentifier\": \"<string>\"\n}","options":{"raw":{"language":"json"}}}},"status":"Not Found","code":404,"header":[{"key":"Content-Type","value":"text/plain"}],"body":"","cookie":[],"_postman_previewlanguage":"text"},{"id":"3fe284c8-6f2d-4d7e-a54f-358e1bb8107a","name":"Unsupported Media Type","originalRequest":{"url":{"path":["v1","case","search"],"host":["{{baseUrl}}"],"query":[],"variable":[]},"header":[{"description":{"content":"Added as a part of security scheme: apikey","type":"text/plain"},"key":"Authorization","value":"<API Key>"},{"disabled":false,"description":"(Required) Required. Enter the client id.","key":"x-fapi-financial-id","value":"<string>"},{"disabled":false,"description":"Enter the transaction/correlation id","key":"x-fapi-interaction-id","value":"<string>"},{"disabled":false,"description":"(Required) Enter 'Bearer ' followed by the access token. Please refer to documentation on bearer token. ","key":"Authorization","value":"7777777777777777777777777777777777777777777777777777777777777777"},{"key":"Accept","value":"application/json"}],"method":"POST","body":{"mode":"raw","raw":"{\n  \"caseID\": \"60384538\",\n  \"clientApplicationName\": \"FRAUDALERTRWS\",\n  \"clientAuditId\": \"Maria\",\n  \"clientId\": \"07100015\",\n  \"clientVendorName\": \"ABC VENDOR\",\n  \"systemRecordIdentifier\": \"<string>\"\n}","options":{"raw":{"language":"json"}}}},"status":"Unsupported Media Type","code":415,"header":[{"disabled":false,"description":"transaction ID created with each request","key":"x-fapi-interaction-id","value":"sint deserunt"},{"key":"Content-Type","value":"application/json"}],"body":"{\n  \"errors\": [\n    {\n      \"code\": 415,\n      \"description\": \"unsupported Media Type\"\n    }\n  ]\n}","cookie":[],"_postman_previewlanguage":"json"},{"id":"6f319556-384d-4020-bfd0-3e053119eaad","name":"Too Many Requests","originalRequest":{"url":{"path":["v1","case","search"],"host":["{{baseUrl}}"],"query":[],"variable":[]},"header":[{"description":{"content":"Added as a part of security scheme: apikey","type":"text/plain"},"key":"Authorization","value":"<API Key>"},{"disabled":false,"description":"(Required) Required. Enter the client id.","key":"x-fapi-financial-id","value":"<string>"},{"disabled":false,"description":"Enter the transaction/correlation id","key":"x-fapi-interaction-id","value":"<string>"},{"disabled":false,"description":"(Required) Enter 'Bearer ' followed by the access token. Please refer to documentation on bearer token. ","key":"Authorization","value":"7777777777777777777777777777777777777777777777777777777777777777"},{"key":"Accept","value":"application/json"}],"method":"POST","body":{"mode":"raw","raw":"{\n  \"caseID\": \"60384538\",\n  \"clientApplicationName\": \"FRAUDALERTRWS\",\n  \"clientAuditId\": \"Maria\",\n  \"clientId\": \"07100015\",\n  \"clientVendorName\": \"ABC VENDOR\",\n  \"systemRecordIdentifier\": \"<string>\"\n}","options":{"raw":{"language":"json"}}}},"status":"Too Many Requests","code":429,"header":[{"disabled":false,"description":"transaction ID created with each request","key":"x-fapi-interaction-id","value":"sint deserunt"},{"key":"Content-Type","value":"application/json"}],"body":"{\n  \"errors\": [\n    {\n      \"code\": 429,\n      \"description\": \"Rate limit quota violation. Quota limit  exceeded.\"\n    }\n  ]\n}","cookie":[],"_postman_previewlanguage":"json"},{"id":"dc9270b1-7ccc-4c45-be78-ce187e748e04","name":"Server Error","originalRequest":{"url":{"path":["v1","case","search"],"host":["{{baseUrl}}"],"query":[],"variable":[]},"header":[{"description":{"content":"Added as a part of security scheme: apikey","type":"text/plain"},"key":"Authorization","value":"<API Key>"},{"disabled":false,"description":"(Required) Required. Enter the client id.","key":"x-fapi-financial-id","value":"<string>"},{"disabled":false,"description":"Enter the transaction/correlation id","key":"x-fapi-interaction-id","value":"<string>"},{"disabled":false,"description":"(Required) Enter 'Bearer ' followed by the access token. Please refer to documentation on bearer token. ","key":"Authorization","value":"7777777777777777777777777777777777777777777777777777777777777777"},{"key":"Accept","value":"application/json"}],"method":"POST","body":{"mode":"raw","raw":"{\n  \"caseID\": \"60384538\",\n  \"clientApplicationName\": \"FRAUDALERTRWS\",\n  \"clientAuditId\": \"Maria\",\n  \"clientId\": \"07100015\",\n  \"clientVendorName\": \"ABC VENDOR\",\n  \"systemRecordIdentifier\": \"<string>\"\n}","options":{"raw":{"language":"json"}}}},"status":"Internal Server Error","code":500,"header":[{"disabled":false,"description":"transaction ID created with each request","key":"x-fapi-interaction-id","value":"sint deserunt"},{"key":"Content-Type","value":"application/json"}],"body":"{\n  \"errorResponse\": {\n    \"code\": \"500-01\",\n    \"message\": \"internal server error\",\n    \"developerInfo\": {\n      \"developerMessage\": \"internal server error\",\n      \"moreInfo\": \"There was a problem handling your request.  Please try again.  If the problem persists please contact Fiserv ETSD at 888-243-2543 (you unique messageID included below)\",\n      \"messageid\": \"25557-84290371-1\"\n    }\n  }\n}","cookie":[],"_postman_previewlanguage":"json"}],"event":[],"protocolProfileBehavior":{"disableBodyPruning":true}},{"id":"23ef59b0-daaa-4a27-9f1b-da79e1cc292b","name":"Enable business partners to notify Fiserv of updates to a case under review. Fiserv returns a response that identifies if a case outcome request is accepted or rejected and, if rejected, the reason why.","request":{"name":"Enable business partners to notify Fiserv of updates to a case under review. Fiserv returns a response that identifies if a case outcome request is accepted or rejected and, if rejected, the reason why.","description":{},"url":{"path":["v1","alertOutcome"],"host":["{{baseUrl}}"],"query":[],"variable":[]},"header":[{"disabled":false,"description":"(Required) Required. Enter the client id.","key":"x-fapi-financial-id","value":"<string>"},{"disabled":false,"description":"Enter the transaction/correlation id","key":"x-fapi-interaction-id","value":"<string>"},{"key":"Content-Type","value":"application/json"},{"key":"Accept","value":"application/json"}],"method":"PUT","auth":null,"body":{"mode":"raw","raw":"{\n  \"caseData\": {\n    \"caseID\": \"<string>\",\n    \"lastUpdated\": \"<yyyy-mm-ddThh:mm:ss>\"\n  },\n  \"clientApplicationName\": \"<string>\",\n  \"clientAuditId\": \"<string>\",\n  \"clientId\": \"<string>\",\n  \"clientVendorName\": \"<string>\",\n  \"notificationTimestamp\": \"<yyyy-mm-ddThh:mm:ss>\",\n  \"response\": {\n    \"code\": \"<string>\",\n    \"description\": \"<string>\"\n  },\n  \"tranResult\": [\n    {\n      \"number\": \"<string>\",\n      \"result\": \"<string>\"\n    },\n    {\n      \"number\": \"<string>\",\n      \"result\": \"<string>\"\n    }\n  ],\n  \"systemRecordIdentifier\": \"<string>\",\n  \"cardStatusAction\": \"<string>\",\n  \"subResponse\": {\n    \"code\": \"<string>\",\n    \"description\": \"<string>\"\n  }\n}","options":{"raw":{"language":"json"}}}},"response":[{"id":"73e266ca-5c3e-4971-8be5-3a314b6e0653","name":"Success","originalRequest":{"url":{"path":["v1","alertOutcome"],"host":["{{baseUrl}}"],"query":[],"variable":[]},"header":[{"description":{"content":"Added as a part of security scheme: apikey","type":"text/plain"},"key":"Authorization","value":"<API Key>"},{"disabled":false,"description":"(Required) Required. Enter the client id.","key":"x-fapi-financial-id","value":"<string>"},{"disabled":false,"description":"Enter the transaction/correlation id","key":"x-fapi-interaction-id","value":"<string>"},{"disabled":false,"description":"(Required) Enter 'Bearer ' followed by the access token. Please refer to documentation on bearer token. ","key":"Authorization","value":"7777777777777777777777777777777777777777777777777777777777777777"}],"method":"PUT","body":{"mode":"raw","raw":"{\n  \"caseData\": {\n    \"caseID\": \"60384538\",\n    \"lastUpdated\": \"2019-07-26T11:43:34.291-04:00\"\n  },\n  \"clientApplicationName\": \"FRAUDALERTRWS\",\n  \"clientAuditId\": \"Maria\",\n  \"clientId\": \"07100015\",\n  \"clientVendorName\": \"ABC VENDOR\",\n  \"notificationTimestamp\": \"2018-04-13T10:06:02.197-04:00\",\n  \"response\": {\n    \"code\": \"61\",\n    \"description\": \"Fraud\"\n  },\n  \"tranResult\": [\n    {\n      \"number\": \"177185\",\n      \"result\": \"NO_FRAUD\"\n    },\n    {\n      \"number\": \"177185\",\n      \"result\": \"NO_FRAUD\"\n    }\n  ],\n  \"systemRecordIdentifier\": \"<string>\",\n  \"cardStatusAction\": \"BLOCK\",\n  \"subResponse\": {\n    \"code\": \"\",\n    \"description\": \"\"\n  }\n}","options":{"raw":{"language":"json"}}}},"status":"OK","code":200,"header":[{"disabled":false,"description":"Represents a transaction ID created with each request","key":"x-fapi-interaction-id","value":"sint deserunt"},{"key":"Content-Type","value":"text/plain"}],"body":"","cookie":[],"_postman_previewlanguage":"text"},{"id":"d254c227-7e85-4c80-9a58-68f112ad5598","name":"Bad Request","originalRequest":{"url":{"path":["v1","alertOutcome"],"host":["{{baseUrl}}"],"query":[],"variable":[]},"header":[{"description":{"content":"Added as a part of security scheme: apikey","type":"text/plain"},"key":"Authorization","value":"<API Key>"},{"disabled":false,"description":"(Required) Required. Enter the client id.","key":"x-fapi-financial-id","value":"<string>"},{"disabled":false,"description":"Enter the transaction/correlation id","key":"x-fapi-interaction-id","value":"<string>"},{"disabled":false,"description":"(Required) Enter 'Bearer ' followed by the access token. Please refer to documentation on bearer token. ","key":"Authorization","value":"7777777777777777777777777777777777777777777777777777777777777777"},{"key":"Accept","value":"application/json"}],"method":"PUT","body":{"mode":"raw","raw":"{\n  \"caseData\": {\n    \"caseID\": \"60384538\",\n    \"lastUpdated\": \"2019-07-26T11:43:34.291-04:00\"\n  },\n  \"clientApplicationName\": \"FRAUDALERTRWS\",\n  \"clientAuditId\": \"Maria\",\n  \"clientId\": \"07100015\",\n  \"clientVendorName\": \"ABC VENDOR\",\n  \"notificationTimestamp\": \"2018-04-13T10:06:02.197-04:00\",\n  \"response\": {\n    \"code\": \"61\",\n    \"description\": \"Fraud\"\n  },\n  \"tranResult\": [\n    {\n      \"number\": \"177185\",\n      \"result\": \"NO_FRAUD\"\n    },\n    {\n      \"number\": \"177185\",\n      \"result\": \"NO_FRAUD\"\n    }\n  ],\n  \"systemRecordIdentifier\": \"<string>\",\n  \"cardStatusAction\": \"BLOCK\",\n  \"subResponse\": {\n    \"code\": \"\",\n    \"description\": \"\"\n  }\n}","options":{"raw":{"language":"json"}}}},"status":"Bad Request","code":400,"header":[{"disabled":false,"description":"transaction ID created with each request","key":"x-fapi-interaction-id","value":"sint deserunt"},{"key":"Content-Type","value":"application/json"}],"body":"{\n  \"errors\": [\n    {\n      \"code\": \"WS100\",\n      \"description\": \"Information entered is invalid-please revise and try again\"\n    }\n  ]\n}","cookie":[],"_postman_previewlanguage":"json"},{"id":"85b34c07-fed1-457f-89e5-12851a059ee3","name":"Unauthorized access","originalRequest":{"url":{"path":["v1","alertOutcome"],"host":["{{baseUrl}}"],"query":[],"variable":[]},"header":[{"description":{"content":"Added as a part of security scheme: apikey","type":"text/plain"},"key":"Authorization","value":"<API Key>"},{"disabled":false,"description":"(Required) Required. Enter the client id.","key":"x-fapi-financial-id","value":"<string>"},{"disabled":false,"description":"Enter the transaction/correlation id","key":"x-fapi-interaction-id","value":"<string>"},{"disabled":false,"description":"(Required) Enter 'Bearer ' followed by the access token. Please refer to documentation on bearer token. ","key":"Authorization","value":"7777777777777777777777777777777777777777777777777777777777777777"},{"key":"Accept","value":"application/json"}],"method":"PUT","body":{"mode":"raw","raw":"{\n  \"caseData\": {\n    \"caseID\": \"60384538\",\n    \"lastUpdated\": \"2019-07-26T11:43:34.291-04:00\"\n  },\n  \"clientApplicationName\": \"FRAUDALERTRWS\",\n  \"clientAuditId\": \"Maria\",\n  \"clientId\": \"07100015\",\n  \"clientVendorName\": \"ABC VENDOR\",\n  \"notificationTimestamp\": \"2018-04-13T10:06:02.197-04:00\",\n  \"response\": {\n    \"code\": \"61\",\n    \"description\": \"Fraud\"\n  },\n  \"tranResult\": [\n    {\n      \"number\": \"177185\",\n      \"result\": \"NO_FRAUD\"\n    },\n    {\n      \"number\": \"177185\",\n      \"result\": \"NO_FRAUD\"\n    }\n  ],\n  \"systemRecordIdentifier\": \"<string>\",\n  \"cardStatusAction\": \"BLOCK\",\n  \"subResponse\": {\n    \"code\": \"\",\n    \"description\": \"\"\n  }\n}","options":{"raw":{"language":"json"}}}},"status":"Unauthorized","code":401,"header":[{"key":"Content-Type","value":"application/json"}],"body":"{\n  \"errors\": [\n    {\n      \"code\": 401,\n      \"description\": \"Invalid access token\"\n    }\n  ]\n}","cookie":[],"_postman_previewlanguage":"json"},{"id":"2f56376c-2cf0-4dc5-9d66-c359624f08f4","name":"Resource Not Found","originalRequest":{"url":{"path":["v1","alertOutcome"],"host":["{{baseUrl}}"],"query":[],"variable":[]},"header":[{"description":{"content":"Added as a part of security scheme: apikey","type":"text/plain"},"key":"Authorization","value":"<API Key>"},{"disabled":false,"description":"(Required) Required. Enter the client id.","key":"x-fapi-financial-id","value":"<string>"},{"disabled":false,"description":"Enter the transaction/correlation id","key":"x-fapi-interaction-id","value":"<string>"},{"disabled":false,"description":"(Required) Enter 'Bearer ' followed by the access token. Please refer to documentation on bearer token. ","key":"Authorization","value":"7777777777777777777777777777777777777777777777777777777777777777"}],"method":"PUT","body":{"mode":"raw","raw":"{\n  \"caseData\": {\n    \"caseID\": \"60384538\",\n    \"lastUpdated\": \"2019-07-26T11:43:34.291-04:00\"\n  },\n  \"clientApplicationName\": \"FRAUDALERTRWS\",\n  \"clientAuditId\": \"Maria\",\n  \"clientId\": \"07100015\",\n  \"clientVendorName\": \"ABC VENDOR\",\n  \"notificationTimestamp\": \"2018-04-13T10:06:02.197-04:00\",\n  \"response\": {\n    \"code\": \"61\",\n    \"description\": \"Fraud\"\n  },\n  \"tranResult\": [\n    {\n      \"number\": \"177185\",\n      \"result\": \"NO_FRAUD\"\n    },\n    {\n      \"number\": \"177185\",\n      \"result\": \"NO_FRAUD\"\n    }\n  ],\n  \"systemRecordIdentifier\": \"<string>\",\n  \"cardStatusAction\": \"BLOCK\",\n  \"subResponse\": {\n    \"code\": \"\",\n    \"description\": \"\"\n  }\n}","options":{"raw":{"language":"json"}}}},"status":"Not Found","code":404,"header":[{"key":"Content-Type","value":"text/plain"}],"body":"","cookie":[],"_postman_previewlanguage":"text"},{"id":"9f6721b6-49de-4690-8413-22a1c0c2e699","name":"Unsupported Media Type","originalRequest":{"url":{"path":["v1","alertOutcome"],"host":["{{baseUrl}}"],"query":[],"variable":[]},"header":[{"description":{"content":"Added as a part of security scheme: apikey","type":"text/plain"},"key":"Authorization","value":"<API Key>"},{"disabled":false,"description":"(Required) Required. Enter the client id.","key":"x-fapi-financial-id","value":"<string>"},{"disabled":false,"description":"Enter the transaction/correlation id","key":"x-fapi-interaction-id","value":"<string>"},{"disabled":false,"description":"(Required) Enter 'Bearer ' followed by the access token. Please refer to documentation on bearer token. ","key":"Authorization","value":"7777777777777777777777777777777777777777777777777777777777777777"},{"key":"Accept","value":"application/json"}],"method":"PUT","body":{"mode":"raw","raw":"{\n  \"caseData\": {\n    \"caseID\": \"60384538\",\n    \"lastUpdated\": \"2019-07-26T11:43:34.291-04:00\"\n  },\n  \"clientApplicationName\": \"FRAUDALERTRWS\",\n  \"clientAuditId\": \"Maria\",\n  \"clientId\": \"07100015\",\n  \"clientVendorName\": \"ABC VENDOR\",\n  \"notificationTimestamp\": \"2018-04-13T10:06:02.197-04:00\",\n  \"response\": {\n    \"code\": \"61\",\n    \"description\": \"Fraud\"\n  },\n  \"tranResult\": [\n    {\n      \"number\": \"177185\",\n      \"result\": \"NO_FRAUD\"\n    },\n    {\n      \"number\": \"177185\",\n      \"result\": \"NO_FRAUD\"\n    }\n  ],\n  \"systemRecordIdentifier\": \"<string>\",\n  \"cardStatusAction\": \"BLOCK\",\n  \"subResponse\": {\n    \"code\": \"\",\n    \"description\": \"\"\n  }\n}","options":{"raw":{"language":"json"}}}},"status":"Unsupported Media Type","code":415,"header":[{"disabled":false,"description":"transaction ID created with each request","key":"x-fapi-interaction-id","value":"sint deserunt"},{"key":"Content-Type","value":"application/json"}],"body":"{\n  \"errors\": [\n    {\n      \"code\": 415,\n      \"description\": \"unsupported Media Type\"\n    }\n  ]\n}","cookie":[],"_postman_previewlanguage":"json"},{"id":"a28ab531-abff-4db9-b35b-16bae62307d4","name":"Too Many Requests","originalRequest":{"url":{"path":["v1","alertOutcome"],"host":["{{baseUrl}}"],"query":[],"variable":[]},"header":[{"description":{"content":"Added as a part of security scheme: apikey","type":"text/plain"},"key":"Authorization","value":"<API Key>"},{"disabled":false,"description":"(Required) Required. Enter the client id.","key":"x-fapi-financial-id","value":"<string>"},{"disabled":false,"description":"Enter the transaction/correlation id","key":"x-fapi-interaction-id","value":"<string>"},{"disabled":false,"description":"(Required) Enter 'Bearer ' followed by the access token. Please refer to documentation on bearer token. ","key":"Authorization","value":"7777777777777777777777777777777777777777777777777777777777777777"},{"key":"Accept","value":"application/json"}],"method":"PUT","body":{"mode":"raw","raw":"{\n  \"caseData\": {\n    \"caseID\": \"60384538\",\n    \"lastUpdated\": \"2019-07-26T11:43:34.291-04:00\"\n  },\n  \"clientApplicationName\": \"FRAUDALERTRWS\",\n  \"clientAuditId\": \"Maria\",\n  \"clientId\": \"07100015\",\n  \"clientVendorName\": \"ABC VENDOR\",\n  \"notificationTimestamp\": \"2018-04-13T10:06:02.197-04:00\",\n  \"response\": {\n    \"code\": \"61\",\n    \"description\": \"Fraud\"\n  },\n  \"tranResult\": [\n    {\n      \"number\": \"177185\",\n      \"result\": \"NO_FRAUD\"\n    },\n    {\n      \"number\": \"177185\",\n      \"result\": \"NO_FRAUD\"\n    }\n  ],\n  \"systemRecordIdentifier\": \"<string>\",\n  \"cardStatusAction\": \"BLOCK\",\n  \"subResponse\": {\n    \"code\": \"\",\n    \"description\": \"\"\n  }\n}","options":{"raw":{"language":"json"}}}},"status":"Too Many Requests","code":429,"header":[{"disabled":false,"description":"transaction ID created with each request","key":"x-fapi-interaction-id","value":"sint deserunt"},{"key":"Content-Type","value":"application/json"}],"body":"{\n  \"errors\": [\n    {\n      \"code\": 429,\n      \"description\": \"Rate limit quota violation. Quota limit  exceeded.\"\n    }\n  ]\n}","cookie":[],"_postman_previewlanguage":"json"},{"id":"ae8478a4-79f8-4e03-9eef-f9d5ea09e72f","name":"Server Error","originalRequest":{"url":{"path":["v1","alertOutcome"],"host":["{{baseUrl}}"],"query":[],"variable":[]},"header":[{"description":{"content":"Added as a part of security scheme: apikey","type":"text/plain"},"key":"Authorization","value":"<API Key>"},{"disabled":false,"description":"(Required) Required. Enter the client id.","key":"x-fapi-financial-id","value":"<string>"},{"disabled":false,"description":"Enter the transaction/correlation id","key":"x-fapi-interaction-id","value":"<string>"},{"disabled":false,"description":"(Required) Enter 'Bearer ' followed by the access token. Please refer to documentation on bearer token. ","key":"Authorization","value":"7777777777777777777777777777777777777777777777777777777777777777"},{"key":"Accept","value":"application/json"}],"method":"PUT","body":{"mode":"raw","raw":"{\n  \"caseData\": {\n    \"caseID\": \"60384538\",\n    \"lastUpdated\": \"2019-07-26T11:43:34.291-04:00\"\n  },\n  \"clientApplicationName\": \"FRAUDALERTRWS\",\n  \"clientAuditId\": \"Maria\",\n  \"clientId\": \"07100015\",\n  \"clientVendorName\": \"ABC VENDOR\",\n  \"notificationTimestamp\": \"2018-04-13T10:06:02.197-04:00\",\n  \"response\": {\n    \"code\": \"61\",\n    \"description\": \"Fraud\"\n  },\n  \"tranResult\": [\n    {\n      \"number\": \"177185\",\n      \"result\": \"NO_FRAUD\"\n    },\n    {\n      \"number\": \"177185\",\n      \"result\": \"NO_FRAUD\"\n    }\n  ],\n  \"systemRecordIdentifier\": \"<string>\",\n  \"cardStatusAction\": \"BLOCK\",\n  \"subResponse\": {\n    \"code\": \"\",\n    \"description\": \"\"\n  }\n}","options":{"raw":{"language":"json"}}}},"status":"Internal Server Error","code":500,"header":[{"disabled":false,"description":"transaction ID created with each request","key":"x-fapi-interaction-id","value":"sint deserunt"},{"key":"Content-Type","value":"application/json"}],"body":"{\n  \"errorResponse\": {\n    \"code\": \"500-01\",\n    \"message\": \"internal server error\",\n    \"developerInfo\": {\n      \"developerMessage\": \"internal server error\",\n      \"moreInfo\": \"There was a problem handling your request.  Please try again.  If the problem persists please contact Fiserv ETSD at 888-243-2543 (you unique messageID included below)\",\n      \"messageid\": \"25557-84290371-1\"\n    }\n  }\n}","cookie":[],"_postman_previewlanguage":"json"}],"event":[],"protocolProfileBehavior":{"disableBodyPruning":true}},{"id":"dab91a2b-773c-4f77-8a71-0c2e38d39e87","name":"Notify Fiserv if a case for Fraud Alert is closed on the vendor platform.","request":{"name":"Notify Fiserv if a case for Fraud Alert is closed on the vendor platform.","description":{},"url":{"path":["v1","caseClose"],"host":["{{baseUrl}}"],"query":[],"variable":[]},"header":[{"disabled":false,"description":"(Required) Required. Enter the client id.","key":"x-fapi-financial-id","value":"<string>"},{"disabled":false,"description":"Enter the transaction/correlation id","key":"x-fapi-interaction-id","value":"<string>"},{"key":"Content-Type","value":"application/json"},{"key":"Accept","value":"application/json"}],"method":"PUT","auth":null,"body":{"mode":"raw","raw":"{\n  \"caseData\": {\n    \"caseID\": \"<string>\",\n    \"lastUpdated\": \"<yyyy-mm-ddThh:mm:ss>\"\n  },\n  \"caseFinish\": \"<yyyy-mm-ddThh:mm:ss>\",\n  \"caseResultData\": {\n    \"code\": \"<string>\",\n    \"description\": \"<string>\"\n  },\n  \"clientApplicationName\": \"<string>\",\n  \"clientAuditId\": \"<string>\",\n  \"clientId\": \"<string>\",\n  \"clientVendorName\": \"<string>\",\n  \"systemRecordIdentifier\": \"<string>\"\n}","options":{"raw":{"language":"json"}}}},"response":[{"id":"1b569a4f-e677-4060-ad59-295a6c601433","name":"Success","originalRequest":{"url":{"path":["v1","caseClose"],"host":["{{baseUrl}}"],"query":[],"variable":[]},"header":[{"description":{"content":"Added as a part of security scheme: apikey","type":"text/plain"},"key":"Authorization","value":"<API Key>"},{"disabled":false,"description":"(Required) Required. Enter the client id.","key":"x-fapi-financial-id","value":"<string>"},{"disabled":false,"description":"Enter the transaction/correlation id","key":"x-fapi-interaction-id","value":"<string>"},{"disabled":false,"description":"(Required) Enter 'Bearer ' followed by the access token. Please refer to documentation on bearer token. ","key":"Authorization","value":"7777777777777777777777777777777777777777777777777777777777777777"}],"method":"PUT","body":{"mode":"raw","raw":"{\n  \"caseData\": {\n    \"caseID\": \"60384538\",\n    \"lastUpdated\": \"2019-07-26T11:43:34.291-04:00\"\n  },\n  \"caseFinish\": \"2019-06-18T16:18:02.197-04:00\",\n  \"caseResultData\": {\n    \"code\": \"61\",\n    \"description\": \"Fraud\"\n  },\n  \"clientApplicationName\": \"FRAUDALERTRWS\",\n  \"clientAuditId\": \"Maria\",\n  \"clientId\": \"07100015\",\n  \"clientVendorName\": \"ABC VENDOR\",\n  \"systemRecordIdentifier\": \"<string>\"\n}","options":{"raw":{"language":"json"}}}},"status":"OK","code":200,"header":[{"disabled":false,"description":"Represents a transaction ID created with each request","key":"x-fapi-interaction-id","value":"sint deserunt"},{"key":"Content-Type","value":"text/plain"}],"body":"","cookie":[],"_postman_previewlanguage":"text"},{"id":"2cda9591-6a5b-4380-aab4-20ce34950deb","name":"Bad Request","originalRequest":{"url":{"path":["v1","caseClose"],"host":["{{baseUrl}}"],"query":[],"variable":[]},"header":[{"description":{"content":"Added as a part of security scheme: apikey","type":"text/plain"},"key":"Authorization","value":"<API Key>"},{"disabled":false,"description":"(Required) Required. Enter the client id.","key":"x-fapi-financial-id","value":"<string>"},{"disabled":false,"description":"Enter the transaction/correlation id","key":"x-fapi-interaction-id","value":"<string>"},{"disabled":false,"description":"(Required) Enter 'Bearer ' followed by the access token. Please refer to documentation on bearer token. ","key":"Authorization","value":"7777777777777777777777777777777777777777777777777777777777777777"},{"key":"Accept","value":"application/json"}],"method":"PUT","body":{"mode":"raw","raw":"{\n  \"caseData\": {\n    \"caseID\": \"60384538\",\n    \"lastUpdated\": \"2019-07-26T11:43:34.291-04:00\"\n  },\n  \"caseFinish\": \"2019-06-18T16:18:02.197-04:00\",\n  \"caseResultData\": {\n    \"code\": \"61\",\n    \"description\": \"Fraud\"\n  },\n  \"clientApplicationName\": \"FRAUDALERTRWS\",\n  \"clientAuditId\": \"Maria\",\n  \"clientId\": \"07100015\",\n  \"clientVendorName\": \"ABC VENDOR\",\n  \"systemRecordIdentifier\": \"<string>\"\n}","options":{"raw":{"language":"json"}}}},"status":"Bad Request","code":400,"header":[{"disabled":false,"description":"transaction ID created with each request","key":"x-fapi-interaction-id","value":"sint deserunt"},{"key":"Content-Type","value":"application/json"}],"body":"{\n  \"errors\": [\n    {\n      \"code\": \"WS100\",\n      \"description\": \"Information entered is invalid-please revise and try again\"\n    }\n  ]\n}","cookie":[],"_postman_previewlanguage":"json"},{"id":"76ae46ad-8a00-4905-96b0-c20e42ba1dee","name":"Unauthorized access","originalRequest":{"url":{"path":["v1","caseClose"],"host":["{{baseUrl}}"],"query":[],"variable":[]},"header":[{"description":{"content":"Added as a part of security scheme: apikey","type":"text/plain"},"key":"Authorization","value":"<API Key>"},{"disabled":false,"description":"(Required) Required. Enter the client id.","key":"x-fapi-financial-id","value":"<string>"},{"disabled":false,"description":"Enter the transaction/correlation id","key":"x-fapi-interaction-id","value":"<string>"},{"disabled":false,"description":"(Required) Enter 'Bearer ' followed by the access token. Please refer to documentation on bearer token. ","key":"Authorization","value":"7777777777777777777777777777777777777777777777777777777777777777"},{"key":"Accept","value":"application/json"}],"method":"PUT","body":{"mode":"raw","raw":"{\n  \"caseData\": {\n    \"caseID\": \"60384538\",\n    \"lastUpdated\": \"2019-07-26T11:43:34.291-04:00\"\n  },\n  \"caseFinish\": \"2019-06-18T16:18:02.197-04:00\",\n  \"caseResultData\": {\n    \"code\": \"61\",\n    \"description\": \"Fraud\"\n  },\n  \"clientApplicationName\": \"FRAUDALERTRWS\",\n  \"clientAuditId\": \"Maria\",\n  \"clientId\": \"07100015\",\n  \"clientVendorName\": \"ABC VENDOR\",\n  \"systemRecordIdentifier\": \"<string>\"\n}","options":{"raw":{"language":"json"}}}},"status":"Unauthorized","code":401,"header":[{"key":"Content-Type","value":"application/json"}],"body":"{\n  \"errors\": [\n    {\n      \"code\": 401,\n      \"description\": \"Invalid access token\"\n    }\n  ]\n}","cookie":[],"_postman_previewlanguage":"json"},{"id":"0dfb44ce-5f5c-42b6-bab3-da89c0d18b57","name":"Resource Not Found","originalRequest":{"url":{"path":["v1","caseClose"],"host":["{{baseUrl}}"],"query":[],"variable":[]},"header":[{"description":{"content":"Added as a part of security scheme: apikey","type":"text/plain"},"key":"Authorization","value":"<API Key>"},{"disabled":false,"description":"(Required) Required. Enter the client id.","key":"x-fapi-financial-id","value":"<string>"},{"disabled":false,"description":"Enter the transaction/correlation id","key":"x-fapi-interaction-id","value":"<string>"},{"disabled":false,"description":"(Required) Enter 'Bearer ' followed by the access token. Please refer to documentation on bearer token. ","key":"Authorization","value":"7777777777777777777777777777777777777777777777777777777777777777"}],"method":"PUT","body":{"mode":"raw","raw":"{\n  \"caseData\": {\n    \"caseID\": \"60384538\",\n    \"lastUpdated\": \"2019-07-26T11:43:34.291-04:00\"\n  },\n  \"caseFinish\": \"2019-06-18T16:18:02.197-04:00\",\n  \"caseResultData\": {\n    \"code\": \"61\",\n    \"description\": \"Fraud\"\n  },\n  \"clientApplicationName\": \"FRAUDALERTRWS\",\n  \"clientAuditId\": \"Maria\",\n  \"clientId\": \"07100015\",\n  \"clientVendorName\": \"ABC VENDOR\",\n  \"systemRecordIdentifier\": \"<string>\"\n}","options":{"raw":{"language":"json"}}}},"status":"Not Found","code":404,"header":[{"key":"Content-Type","value":"text/plain"}],"body":"","cookie":[],"_postman_previewlanguage":"text"},{"id":"a46d7532-3786-42da-ba8e-c42f5a12c236","name":"Unsupported Media Type","originalRequest":{"url":{"path":["v1","caseClose"],"host":["{{baseUrl}}"],"query":[],"variable":[]},"header":[{"description":{"content":"Added as a part of security scheme: apikey","type":"text/plain"},"key":"Authorization","value":"<API Key>"},{"disabled":false,"description":"(Required) Required. Enter the client id.","key":"x-fapi-financial-id","value":"<string>"},{"disabled":false,"description":"Enter the transaction/correlation id","key":"x-fapi-interaction-id","value":"<string>"},{"disabled":false,"description":"(Required) Enter 'Bearer ' followed by the access token. Please refer to documentation on bearer token. ","key":"Authorization","value":"7777777777777777777777777777777777777777777777777777777777777777"},{"key":"Accept","value":"application/json"}],"method":"PUT","body":{"mode":"raw","raw":"{\n  \"caseData\": {\n    \"caseID\": \"60384538\",\n    \"lastUpdated\": \"2019-07-26T11:43:34.291-04:00\"\n  },\n  \"caseFinish\": \"2019-06-18T16:18:02.197-04:00\",\n  \"caseResultData\": {\n    \"code\": \"61\",\n    \"description\": \"Fraud\"\n  },\n  \"clientApplicationName\": \"FRAUDALERTRWS\",\n  \"clientAuditId\": \"Maria\",\n  \"clientId\": \"07100015\",\n  \"clientVendorName\": \"ABC VENDOR\",\n  \"systemRecordIdentifier\": \"<string>\"\n}","options":{"raw":{"language":"json"}}}},"status":"Unsupported Media Type","code":415,"header":[{"disabled":false,"description":"transaction ID created with each request","key":"x-fapi-interaction-id","value":"sint deserunt"},{"key":"Content-Type","value":"application/json"}],"body":"{\n  \"errors\": [\n    {\n      \"code\": 415,\n      \"description\": \"unsupported Media Type\"\n    }\n  ]\n}","cookie":[],"_postman_previewlanguage":"json"},{"id":"30959110-8726-44ed-ad3c-5ad946387923","name":"Too Many Requests","originalRequest":{"url":{"path":["v1","caseClose"],"host":["{{baseUrl}}"],"query":[],"variable":[]},"header":[{"description":{"content":"Added as a part of security scheme: apikey","type":"text/plain"},"key":"Authorization","value":"<API Key>"},{"disabled":false,"description":"(Required) Required. Enter the client id.","key":"x-fapi-financial-id","value":"<string>"},{"disabled":false,"description":"Enter the transaction/correlation id","key":"x-fapi-interaction-id","value":"<string>"},{"disabled":false,"description":"(Required) Enter 'Bearer ' followed by the access token. Please refer to documentation on bearer token. ","key":"Authorization","value":"7777777777777777777777777777777777777777777777777777777777777777"},{"key":"Accept","value":"application/json"}],"method":"PUT","body":{"mode":"raw","raw":"{\n  \"caseData\": {\n    \"caseID\": \"60384538\",\n    \"lastUpdated\": \"2019-07-26T11:43:34.291-04:00\"\n  },\n  \"caseFinish\": \"2019-06-18T16:18:02.197-04:00\",\n  \"caseResultData\": {\n    \"code\": \"61\",\n    \"description\": \"Fraud\"\n  },\n  \"clientApplicationName\": \"FRAUDALERTRWS\",\n  \"clientAuditId\": \"Maria\",\n  \"clientId\": \"07100015\",\n  \"clientVendorName\": \"ABC VENDOR\",\n  \"systemRecordIdentifier\": \"<string>\"\n}","options":{"raw":{"language":"json"}}}},"status":"Too Many Requests","code":429,"header":[{"disabled":false,"description":"transaction ID created with each request","key":"x-fapi-interaction-id","value":"sint deserunt"},{"key":"Content-Type","value":"application/json"}],"body":"{\n  \"errors\": [\n    {\n      \"code\": 429,\n      \"description\": \"Rate limit quota violation. Quota limit  exceeded.\"\n    }\n  ]\n}","cookie":[],"_postman_previewlanguage":"json"},{"id":"31a99171-4c9b-42f4-9ae4-821f8cfdb96d","name":"Server Error","originalRequest":{"url":{"path":["v1","caseClose"],"host":["{{baseUrl}}"],"query":[],"variable":[]},"header":[{"description":{"content":"Added as a part of security scheme: apikey","type":"text/plain"},"key":"Authorization","value":"<API Key>"},{"disabled":false,"description":"(Required) Required. Enter the client id.","key":"x-fapi-financial-id","value":"<string>"},{"disabled":false,"description":"Enter the transaction/correlation id","key":"x-fapi-interaction-id","value":"<string>"},{"disabled":false,"description":"(Required) Enter 'Bearer ' followed by the access token. Please refer to documentation on bearer token. ","key":"Authorization","value":"7777777777777777777777777777777777777777777777777777777777777777"},{"key":"Accept","value":"application/json"}],"method":"PUT","body":{"mode":"raw","raw":"{\n  \"caseData\": {\n    \"caseID\": \"60384538\",\n    \"lastUpdated\": \"2019-07-26T11:43:34.291-04:00\"\n  },\n  \"caseFinish\": \"2019-06-18T16:18:02.197-04:00\",\n  \"caseResultData\": {\n    \"code\": \"61\",\n    \"description\": \"Fraud\"\n  },\n  \"clientApplicationName\": \"FRAUDALERTRWS\",\n  \"clientAuditId\": \"Maria\",\n  \"clientId\": \"07100015\",\n  \"clientVendorName\": \"ABC VENDOR\",\n  \"systemRecordIdentifier\": \"<string>\"\n}","options":{"raw":{"language":"json"}}}},"status":"Internal Server Error","code":500,"header":[{"disabled":false,"description":"transaction ID created with each request","key":"x-fapi-interaction-id","value":"sint deserunt"},{"key":"Content-Type","value":"application/json"}],"body":"{\n  \"errorResponse\": {\n    \"code\": \"500-01\",\n    \"message\": \"internal server error\",\n    \"developerInfo\": {\n      \"developerMessage\": \"internal server error\",\n      \"moreInfo\": \"There was a problem handling your request.  Please try again.  If the problem persists please contact Fiserv ETSD at 888-243-2543 (you unique messageID included below)\",\n      \"messageid\": \"25557-84290371-1\"\n    }\n  }\n}","cookie":[],"_postman_previewlanguage":"json"}],"event":[],"protocolProfileBehavior":{"disableBodyPruning":true}}],"event":[]}],"event":[],"variable":[{"type":"string","value":"https://card.api.fiservapps.com/cs/fraudDeprecated","key":"baseUrl"}],"auth":{"type":"apikey","apikey":[{"key":"key","value":"Authorization"},{"key":"value","value":"{{apiKey}}"},{"key":"in","value":"header"}]},"info":{"_postman_id":"acc2d6bf-50eb-4cf9-b73c-53bc2e728dab","name":"Card Risk Mitigation: Fraud Alert API","schema":"https://schema.getpostman.com/json/collection/v2.1.0/collection.json","description":{"content":"The Fraud Alert RESTful API provides integration partners the ability to retrieve case data for fraudulent cases, and notify Fiserv of the results from the notifications to close a fraud case.","type":"text/plain"}}}