{"item":[{"id":"6d727de0-782c-4bcc-8cf5-4eb71e31721f","name":"Remove points from a program participant, reducing the available point balance. Points redeemed through web services are immediately unavailable to program participants.","request":{"name":"Remove points from a program participant, reducing the available point balance. Points redeemed through web services are immediately unavailable to program participants.","description":{},"url":{"path":["v1","redeempoints"],"host":["{{baseUrl}}"],"query":[],"variable":[]},"header":[{"disabled":false,"description":"(Required) Required. Enter the client id.","key":"x-fapi-financial-id","value":"<string>"},{"disabled":false,"description":"Enter the transaction/correlation id","key":"x-fapi-interaction-id","value":"<string>"},{"key":"Content-Type","value":"application/json"},{"key":"Accept","value":"application/json"}],"method":"POST","auth":null,"body":{"mode":"raw","raw":"{\n  \"client\": {\n    \"applicationName\": \"<string>\",\n    \"auditId\": \"<string>\",\n    \"id\": \"<string>\",\n    \"vendorName\": \"<string>\"\n  },\n  \"redeemPoints\": {\n    \"description\": \"<string>\",\n    \"points\": \"<integer>\",\n    \"reference\": \"<string>\"\n  },\n  \"rewardsKeyInfo\": {\n    \"useMultiAuth\": \"<boolean>\",\n    \"cardNumber\": \"<string>\",\n    \"accountNumber\": \"<string>\"\n  }\n}","options":{"raw":{"language":"json"}}}},"response":[{"id":"463c5428-c415-42a3-a2d2-5f59c3e20533","name":"Successful","originalRequest":{"url":{"path":["v1","redeempoints"],"host":["{{baseUrl}}"],"query":[],"variable":[]},"header":[{"description":{"content":"Added as a part of security scheme: apikey","type":"text/plain"},"key":"authorization","value":"<API Key>"},{"disabled":false,"description":"(Required) Required. Enter the client id.","key":"x-fapi-financial-id","value":"<string>"},{"disabled":false,"description":"Enter the transaction/correlation id","key":"x-fapi-interaction-id","value":"<string>"},{"disabled":false,"description":"(Required) Enter 'Bearer ' followed by the access token. Please refer to documentation on bearer token. ","key":"Authorization","value":"qui quis ad irure dolore"},{"key":"Accept","value":"application/json"}],"method":"POST","body":{"mode":"raw","raw":"{\n  \"client\": {\n    \"applicationName\": \"CM\",\n    \"auditId\": \"Saint Michael\",\n    \"id\": \"11122203\",\n    \"vendorName\": \"ITI\"\n  },\n  \"redeemPoints\": {\n    \"description\": \"b\",\n    \"points\": 19,\n    \"reference\": \"B\"\n  },\n  \"rewardsKeyInfo\": {\n    \"useMultiAuth\": false,\n    \"cardNumber\": \"5004065676691\",\n    \"accountNumber\": \"3445454545\"\n  }\n}","options":{"raw":{"language":"json"}}}},"status":"OK","code":200,"header":[{"disabled":false,"description":"Represents a transaction ID created with each request.","key":"x-fapi-interaction-id","value":"qui quis ad irure dolore"},{"key":"Content-Type","value":"application/json"}],"body":"{\n  \"pointsInfo\": {\n    \"pointsToDate\": 50,\n    \"availablePoints\": 10,\n    \"vestedPoints\": 35,\n    \"ccName\": \"A1\",\n    \"ccType\": \"MASTERCARD\",\n    \"ccStatus\": true,\n    \"earnStart\": \"2017-10-19\",\n    \"earnEnd\": \"2050-12-31\"\n  },\n  \"redeemID\": 78901\n}","cookie":[],"_postman_previewlanguage":"json"},{"id":"06cef77e-5716-4124-b04b-a4b749413963","name":"Bad Request","originalRequest":{"url":{"path":["v1","redeempoints"],"host":["{{baseUrl}}"],"query":[],"variable":[]},"header":[{"description":{"content":"Added as a part of security scheme: apikey","type":"text/plain"},"key":"authorization","value":"<API Key>"},{"disabled":false,"description":"(Required) Required. Enter the client id.","key":"x-fapi-financial-id","value":"<string>"},{"disabled":false,"description":"Enter the transaction/correlation id","key":"x-fapi-interaction-id","value":"<string>"},{"disabled":false,"description":"(Required) Enter 'Bearer ' followed by the access token. Please refer to documentation on bearer token. ","key":"Authorization","value":"qui quis ad irure dolore"},{"key":"Accept","value":"application/json"}],"method":"POST","body":{"mode":"raw","raw":"{\n  \"client\": {\n    \"applicationName\": \"CM\",\n    \"auditId\": \"Saint Michael\",\n    \"id\": \"11122203\",\n    \"vendorName\": \"ITI\"\n  },\n  \"redeemPoints\": {\n    \"description\": \"b\",\n    \"points\": 19,\n    \"reference\": \"B\"\n  },\n  \"rewardsKeyInfo\": {\n    \"useMultiAuth\": false,\n    \"cardNumber\": \"5004065676691\",\n    \"accountNumber\": \"3445454545\"\n  }\n}","options":{"raw":{"language":"json"}}}},"status":"Bad Request","code":400,"header":[{"disabled":false,"description":"transaction ID created with each request","key":"x-fapi-interaction-id","value":"qui quis ad irure dolore"},{"key":"Content-Type","value":"application/json"}],"body":"{\n  \"errors\": [\n    {\n      \"code\": \"200/100\",\n      \"description\": \"User does not have the authority to view this data\"\n    }\n  ]\n}","cookie":[],"_postman_previewlanguage":"json"},{"id":"01ee71fa-89f7-45c1-bae0-91adcd710079","name":"Unauthorized access","originalRequest":{"url":{"path":["v1","redeempoints"],"host":["{{baseUrl}}"],"query":[],"variable":[]},"header":[{"description":{"content":"Added as a part of security scheme: apikey","type":"text/plain"},"key":"authorization","value":"<API Key>"},{"disabled":false,"description":"(Required) Required. Enter the client id.","key":"x-fapi-financial-id","value":"<string>"},{"disabled":false,"description":"Enter the transaction/correlation id","key":"x-fapi-interaction-id","value":"<string>"},{"disabled":false,"description":"(Required) Enter 'Bearer ' followed by the access token. Please refer to documentation on bearer token. ","key":"Authorization","value":"qui quis ad irure dolore"},{"key":"Accept","value":"application/json"}],"method":"POST","body":{"mode":"raw","raw":"{\n  \"client\": {\n    \"applicationName\": \"CM\",\n    \"auditId\": \"Saint Michael\",\n    \"id\": \"11122203\",\n    \"vendorName\": \"ITI\"\n  },\n  \"redeemPoints\": {\n    \"description\": \"b\",\n    \"points\": 19,\n    \"reference\": \"B\"\n  },\n  \"rewardsKeyInfo\": {\n    \"useMultiAuth\": false,\n    \"cardNumber\": \"5004065676691\",\n    \"accountNumber\": \"3445454545\"\n  }\n}","options":{"raw":{"language":"json"}}}},"status":"Unauthorized","code":401,"header":[{"key":"Content-Type","value":"application/json"}],"body":"{\n  \"errors\": [\n    {\n      \"code\": 401,\n      \"description\": \"Invalid access token\"\n    }\n  ]\n}","cookie":[],"_postman_previewlanguage":"json"},{"id":"b6d912dc-b5cb-4cf3-adee-b3a5a1eb681f","name":"Resource Not Found","originalRequest":{"url":{"path":["v1","redeempoints"],"host":["{{baseUrl}}"],"query":[],"variable":[]},"header":[{"description":{"content":"Added as a part of security scheme: apikey","type":"text/plain"},"key":"authorization","value":"<API Key>"},{"disabled":false,"description":"(Required) Required. Enter the client id.","key":"x-fapi-financial-id","value":"<string>"},{"disabled":false,"description":"Enter the transaction/correlation id","key":"x-fapi-interaction-id","value":"<string>"},{"disabled":false,"description":"(Required) Enter 'Bearer ' followed by the access token. Please refer to documentation on bearer token. ","key":"Authorization","value":"qui quis ad irure dolore"}],"method":"POST","body":{"mode":"raw","raw":"{\n  \"client\": {\n    \"applicationName\": \"CM\",\n    \"auditId\": \"Saint Michael\",\n    \"id\": \"11122203\",\n    \"vendorName\": \"ITI\"\n  },\n  \"redeemPoints\": {\n    \"description\": \"b\",\n    \"points\": 19,\n    \"reference\": \"B\"\n  },\n  \"rewardsKeyInfo\": {\n    \"useMultiAuth\": false,\n    \"cardNumber\": \"5004065676691\",\n    \"accountNumber\": \"3445454545\"\n  }\n}","options":{"raw":{"language":"json"}}}},"status":"Not Found","code":404,"header":[{"key":"Content-Type","value":"text/plain"}],"body":"","cookie":[],"_postman_previewlanguage":"text"},{"id":"91edc421-8b0e-42fc-863b-7df70a2cdfe3","name":"Unsupported Media Type","originalRequest":{"url":{"path":["v1","redeempoints"],"host":["{{baseUrl}}"],"query":[],"variable":[]},"header":[{"description":{"content":"Added as a part of security scheme: apikey","type":"text/plain"},"key":"authorization","value":"<API Key>"},{"disabled":false,"description":"(Required) Required. Enter the client id.","key":"x-fapi-financial-id","value":"<string>"},{"disabled":false,"description":"Enter the transaction/correlation id","key":"x-fapi-interaction-id","value":"<string>"},{"disabled":false,"description":"(Required) Enter 'Bearer ' followed by the access token. Please refer to documentation on bearer token. ","key":"Authorization","value":"qui quis ad irure dolore"},{"key":"Accept","value":"application/json"}],"method":"POST","body":{"mode":"raw","raw":"{\n  \"client\": {\n    \"applicationName\": \"CM\",\n    \"auditId\": \"Saint Michael\",\n    \"id\": \"11122203\",\n    \"vendorName\": \"ITI\"\n  },\n  \"redeemPoints\": {\n    \"description\": \"b\",\n    \"points\": 19,\n    \"reference\": \"B\"\n  },\n  \"rewardsKeyInfo\": {\n    \"useMultiAuth\": false,\n    \"cardNumber\": \"5004065676691\",\n    \"accountNumber\": \"3445454545\"\n  }\n}","options":{"raw":{"language":"json"}}}},"status":"Unsupported Media Type","code":415,"header":[{"disabled":false,"description":"transaction ID created with each request","key":"x-fapi-interaction-id","value":"qui quis ad irure dolore"},{"key":"Content-Type","value":"application/json"}],"body":"{\n  \"errors\": [\n    {\n      \"code\": 415,\n      \"description\": \"unsupported Media Type\"\n    }\n  ]\n}","cookie":[],"_postman_previewlanguage":"json"},{"id":"4d2da000-6f30-4281-ba54-5001834f25ea","name":"Too Many Requests","originalRequest":{"url":{"path":["v1","redeempoints"],"host":["{{baseUrl}}"],"query":[],"variable":[]},"header":[{"description":{"content":"Added as a part of security scheme: apikey","type":"text/plain"},"key":"authorization","value":"<API Key>"},{"disabled":false,"description":"(Required) Required. Enter the client id.","key":"x-fapi-financial-id","value":"<string>"},{"disabled":false,"description":"Enter the transaction/correlation id","key":"x-fapi-interaction-id","value":"<string>"},{"disabled":false,"description":"(Required) Enter 'Bearer ' followed by the access token. Please refer to documentation on bearer token. ","key":"Authorization","value":"qui quis ad irure dolore"},{"key":"Accept","value":"application/json"}],"method":"POST","body":{"mode":"raw","raw":"{\n  \"client\": {\n    \"applicationName\": \"CM\",\n    \"auditId\": \"Saint Michael\",\n    \"id\": \"11122203\",\n    \"vendorName\": \"ITI\"\n  },\n  \"redeemPoints\": {\n    \"description\": \"b\",\n    \"points\": 19,\n    \"reference\": \"B\"\n  },\n  \"rewardsKeyInfo\": {\n    \"useMultiAuth\": false,\n    \"cardNumber\": \"5004065676691\",\n    \"accountNumber\": \"3445454545\"\n  }\n}","options":{"raw":{"language":"json"}}}},"status":"Too Many Requests","code":429,"header":[{"disabled":false,"description":"transaction ID created with each request","key":"x-fapi-interaction-id","value":"qui quis ad irure dolore"},{"key":"Content-Type","value":"application/json"}],"body":"{\n  \"errors\": [\n    {\n      \"code\": 429,\n      \"description\": \"Rate limit quota violation. Quota limit  exceeded.\"\n    }\n  ]\n}","cookie":[],"_postman_previewlanguage":"json"},{"id":"d6dd0c36-4c85-4d15-8ebd-9db787fbd88b","name":"Server Error","originalRequest":{"url":{"path":["v1","redeempoints"],"host":["{{baseUrl}}"],"query":[],"variable":[]},"header":[{"description":{"content":"Added as a part of security scheme: apikey","type":"text/plain"},"key":"authorization","value":"<API Key>"},{"disabled":false,"description":"(Required) Required. Enter the client id.","key":"x-fapi-financial-id","value":"<string>"},{"disabled":false,"description":"Enter the transaction/correlation id","key":"x-fapi-interaction-id","value":"<string>"},{"disabled":false,"description":"(Required) Enter 'Bearer ' followed by the access token. Please refer to documentation on bearer token. ","key":"Authorization","value":"qui quis ad irure dolore"},{"key":"Accept","value":"application/json"}],"method":"POST","body":{"mode":"raw","raw":"{\n  \"client\": {\n    \"applicationName\": \"CM\",\n    \"auditId\": \"Saint Michael\",\n    \"id\": \"11122203\",\n    \"vendorName\": \"ITI\"\n  },\n  \"redeemPoints\": {\n    \"description\": \"b\",\n    \"points\": 19,\n    \"reference\": \"B\"\n  },\n  \"rewardsKeyInfo\": {\n    \"useMultiAuth\": false,\n    \"cardNumber\": \"5004065676691\",\n    \"accountNumber\": \"3445454545\"\n  }\n}","options":{"raw":{"language":"json"}}}},"status":"Internal Server Error","code":500,"header":[{"disabled":false,"description":"transaction ID created with each request","key":"x-fapi-interaction-id","value":"qui quis ad irure dolore"},{"key":"Content-Type","value":"application/json"}],"body":"{\n  \"errorResponse\": {\n    \"code\": \"500-01\",\n    \"message\": \"internal server error\",\n    \"developerInfo\": {\n      \"developerMessage\": \"internal server error\",\n      \"moreInfo\": \"There was a problem handling your request.  Please try again.  If the problem persists please contact Fiserv ETSD at 888-243-2543 (you unique messageID included below)\",\n      \"messageid\": \"25557-84290371-1\"\n    }\n  }\n}","cookie":[],"_postman_previewlanguage":"json"}],"event":[],"protocolProfileBehavior":{"disableBodyPruning":true}}],"event":[],"variable":[{"type":"string","value":"//card.api.fiservapps.com/cs/uChooseRewards","key":"baseUrl"}],"auth":{"type":"apikey","apikey":[{"key":"key","value":"authorization"},{"key":"value","value":"{{apiKey}}"},{"key":"in","value":"header"}]},"info":{"_postman_id":"7f617403-011c-403a-bd15-d2bc2c7972de","name":"uChoose Rewards Redeem Points API","schema":"https://schema.getpostman.com/json/collection/v2.1.0/collection.json","description":{"content":"This API helps user/account holder to provides information about removing points.","type":"text/plain"}}}