{"item":[{"id":"d08aafa4-7643-4948-9608-f4a9dcbaa5eb","name":"Remove points from a program participant, reducing the available point balance. Points redeemed through web services are immediately unavailable to program participants.","request":{"name":"Remove points from a program participant, reducing the available point balance. Points redeemed through web services are immediately unavailable to program participants.","description":{},"url":{"path":["v1","redeempoints"],"host":["{{baseUrl}}"],"query":[],"variable":[]},"header":[{"disabled":false,"description":"(Required) Required. Enter the client id.","key":"x-fapi-financial-id","value":"<string>"},{"disabled":false,"description":"Enter the transaction/correlation id","key":"x-fapi-interaction-id","value":"<string>"},{"key":"Content-Type","value":"application/json"},{"key":"Accept","value":"application/json"}],"method":"POST","auth":null,"body":{"mode":"raw","raw":"{\n  \"client\": {\n    \"applicationName\": \"<string>\",\n    \"auditId\": \"<string>\",\n    \"id\": \"<string>\",\n    \"vendorName\": \"<string>\"\n  },\n  \"redeemPoints\": {\n    \"description\": \"<string>\",\n    \"points\": \"<integer>\",\n    \"reference\": \"<string>\"\n  },\n  \"rewardsKeyInfo\": {\n    \"useMultiAuth\": \"<boolean>\",\n    \"cardNumber\": \"<string>\",\n    \"accountNumber\": \"<string>\"\n  }\n}","options":{"raw":{"language":"json"}}}},"response":[{"id":"6ad94817-34ac-4101-a576-c6fe16f196f6","name":"Successful","originalRequest":{"url":{"path":["v1","redeempoints"],"host":["{{baseUrl}}"],"query":[],"variable":[]},"header":[{"description":{"content":"Added as a part of security scheme: apikey","type":"text/plain"},"key":"authorization","value":"<API Key>"},{"disabled":false,"description":"(Required) Required. Enter the client id.","key":"x-fapi-financial-id","value":"<string>"},{"disabled":false,"description":"Enter the transaction/correlation id","key":"x-fapi-interaction-id","value":"<string>"},{"disabled":false,"description":"(Required) Enter 'Bearer ' followed by the access token. Please refer to documentation on bearer token. ","key":"Authorization","value":"sunt consequat"},{"key":"Accept","value":"application/json"}],"method":"POST","body":{"mode":"raw","raw":"{\n  \"client\": {\n    \"applicationName\": \"CM\",\n    \"auditId\": \"Saint Michael\",\n    \"id\": \"11122203\",\n    \"vendorName\": \"ITI\"\n  },\n  \"redeemPoints\": {\n    \"description\": \"b\",\n    \"points\": 19,\n    \"reference\": \"B\"\n  },\n  \"rewardsKeyInfo\": {\n    \"useMultiAuth\": false,\n    \"cardNumber\": \"5004065676691\",\n    \"accountNumber\": \"3445454545\"\n  }\n}","options":{"raw":{"language":"json"}}}},"status":"OK","code":200,"header":[{"disabled":false,"description":"Represents a transaction ID created with each request.","key":"x-fapi-interaction-id","value":"sunt consequat"},{"key":"Content-Type","value":"application/json"}],"body":"{\n  \"pointsInfo\": {\n    \"pointsToDate\": 50,\n    \"availablePoints\": 10,\n    \"vestedPoints\": 35,\n    \"ccName\": \"A1\",\n    \"ccType\": \"MASTERCARD\",\n    \"ccStatus\": true,\n    \"earnStart\": \"2017-10-19\",\n    \"earnEnd\": \"2050-12-31\"\n  },\n  \"redeemID\": 78901\n}","cookie":[],"_postman_previewlanguage":"json"},{"id":"d1fbe32f-a3be-418f-9810-14091fc957a8","name":"Bad Request","originalRequest":{"url":{"path":["v1","redeempoints"],"host":["{{baseUrl}}"],"query":[],"variable":[]},"header":[{"description":{"content":"Added as a part of security scheme: apikey","type":"text/plain"},"key":"authorization","value":"<API Key>"},{"disabled":false,"description":"(Required) Required. Enter the client id.","key":"x-fapi-financial-id","value":"<string>"},{"disabled":false,"description":"Enter the transaction/correlation id","key":"x-fapi-interaction-id","value":"<string>"},{"disabled":false,"description":"(Required) Enter 'Bearer ' followed by the access token. Please refer to documentation on bearer token. ","key":"Authorization","value":"sunt consequat"},{"key":"Accept","value":"application/json"}],"method":"POST","body":{"mode":"raw","raw":"{\n  \"client\": {\n    \"applicationName\": \"CM\",\n    \"auditId\": \"Saint Michael\",\n    \"id\": \"11122203\",\n    \"vendorName\": \"ITI\"\n  },\n  \"redeemPoints\": {\n    \"description\": \"b\",\n    \"points\": 19,\n    \"reference\": \"B\"\n  },\n  \"rewardsKeyInfo\": {\n    \"useMultiAuth\": false,\n    \"cardNumber\": \"5004065676691\",\n    \"accountNumber\": \"3445454545\"\n  }\n}","options":{"raw":{"language":"json"}}}},"status":"Bad Request","code":400,"header":[{"disabled":false,"description":"transaction ID created with each request","key":"x-fapi-interaction-id","value":"sunt consequat"},{"key":"Content-Type","value":"application/json"}],"body":"{\n  \"errors\": [\n    {\n      \"code\": \"200/100\",\n      \"description\": \"User does not have the authority to view this data\"\n    }\n  ]\n}","cookie":[],"_postman_previewlanguage":"json"},{"id":"e062e9e8-7fb9-4894-a69a-9e155deaa068","name":"Unauthorized access","originalRequest":{"url":{"path":["v1","redeempoints"],"host":["{{baseUrl}}"],"query":[],"variable":[]},"header":[{"description":{"content":"Added as a part of security scheme: apikey","type":"text/plain"},"key":"authorization","value":"<API Key>"},{"disabled":false,"description":"(Required) Required. Enter the client id.","key":"x-fapi-financial-id","value":"<string>"},{"disabled":false,"description":"Enter the transaction/correlation id","key":"x-fapi-interaction-id","value":"<string>"},{"disabled":false,"description":"(Required) Enter 'Bearer ' followed by the access token. Please refer to documentation on bearer token. ","key":"Authorization","value":"sunt consequat"},{"key":"Accept","value":"application/json"}],"method":"POST","body":{"mode":"raw","raw":"{\n  \"client\": {\n    \"applicationName\": \"CM\",\n    \"auditId\": \"Saint Michael\",\n    \"id\": \"11122203\",\n    \"vendorName\": \"ITI\"\n  },\n  \"redeemPoints\": {\n    \"description\": \"b\",\n    \"points\": 19,\n    \"reference\": \"B\"\n  },\n  \"rewardsKeyInfo\": {\n    \"useMultiAuth\": false,\n    \"cardNumber\": \"5004065676691\",\n    \"accountNumber\": \"3445454545\"\n  }\n}","options":{"raw":{"language":"json"}}}},"status":"Unauthorized","code":401,"header":[{"key":"Content-Type","value":"application/json"}],"body":"{\n  \"errors\": [\n    {\n      \"code\": 401,\n      \"description\": \"Invalid access token\"\n    }\n  ]\n}","cookie":[],"_postman_previewlanguage":"json"},{"id":"2a70cfe7-f950-48c6-9665-0470b9d8bc93","name":"Resource Not Found","originalRequest":{"url":{"path":["v1","redeempoints"],"host":["{{baseUrl}}"],"query":[],"variable":[]},"header":[{"description":{"content":"Added as a part of security scheme: apikey","type":"text/plain"},"key":"authorization","value":"<API Key>"},{"disabled":false,"description":"(Required) Required. Enter the client id.","key":"x-fapi-financial-id","value":"<string>"},{"disabled":false,"description":"Enter the transaction/correlation id","key":"x-fapi-interaction-id","value":"<string>"},{"disabled":false,"description":"(Required) Enter 'Bearer ' followed by the access token. Please refer to documentation on bearer token. ","key":"Authorization","value":"sunt consequat"}],"method":"POST","body":{"mode":"raw","raw":"{\n  \"client\": {\n    \"applicationName\": \"CM\",\n    \"auditId\": \"Saint Michael\",\n    \"id\": \"11122203\",\n    \"vendorName\": \"ITI\"\n  },\n  \"redeemPoints\": {\n    \"description\": \"b\",\n    \"points\": 19,\n    \"reference\": \"B\"\n  },\n  \"rewardsKeyInfo\": {\n    \"useMultiAuth\": false,\n    \"cardNumber\": \"5004065676691\",\n    \"accountNumber\": \"3445454545\"\n  }\n}","options":{"raw":{"language":"json"}}}},"status":"Not Found","code":404,"header":[{"key":"Content-Type","value":"text/plain"}],"body":"","cookie":[],"_postman_previewlanguage":"text"},{"id":"aba8102c-ae38-44c4-98bd-049abe162a96","name":"Unsupported Media Type","originalRequest":{"url":{"path":["v1","redeempoints"],"host":["{{baseUrl}}"],"query":[],"variable":[]},"header":[{"description":{"content":"Added as a part of security scheme: apikey","type":"text/plain"},"key":"authorization","value":"<API Key>"},{"disabled":false,"description":"(Required) Required. Enter the client id.","key":"x-fapi-financial-id","value":"<string>"},{"disabled":false,"description":"Enter the transaction/correlation id","key":"x-fapi-interaction-id","value":"<string>"},{"disabled":false,"description":"(Required) Enter 'Bearer ' followed by the access token. Please refer to documentation on bearer token. ","key":"Authorization","value":"sunt consequat"},{"key":"Accept","value":"application/json"}],"method":"POST","body":{"mode":"raw","raw":"{\n  \"client\": {\n    \"applicationName\": \"CM\",\n    \"auditId\": \"Saint Michael\",\n    \"id\": \"11122203\",\n    \"vendorName\": \"ITI\"\n  },\n  \"redeemPoints\": {\n    \"description\": \"b\",\n    \"points\": 19,\n    \"reference\": \"B\"\n  },\n  \"rewardsKeyInfo\": {\n    \"useMultiAuth\": false,\n    \"cardNumber\": \"5004065676691\",\n    \"accountNumber\": \"3445454545\"\n  }\n}","options":{"raw":{"language":"json"}}}},"status":"Unsupported Media Type","code":415,"header":[{"disabled":false,"description":"transaction ID created with each request","key":"x-fapi-interaction-id","value":"sunt consequat"},{"key":"Content-Type","value":"application/json"}],"body":"{\n  \"errors\": [\n    {\n      \"code\": 415,\n      \"description\": \"unsupported Media Type\"\n    }\n  ]\n}","cookie":[],"_postman_previewlanguage":"json"},{"id":"a585fb32-ca7a-4cdc-b4f5-af8dc38fecdd","name":"Too Many Requests","originalRequest":{"url":{"path":["v1","redeempoints"],"host":["{{baseUrl}}"],"query":[],"variable":[]},"header":[{"description":{"content":"Added as a part of security scheme: apikey","type":"text/plain"},"key":"authorization","value":"<API Key>"},{"disabled":false,"description":"(Required) Required. Enter the client id.","key":"x-fapi-financial-id","value":"<string>"},{"disabled":false,"description":"Enter the transaction/correlation id","key":"x-fapi-interaction-id","value":"<string>"},{"disabled":false,"description":"(Required) Enter 'Bearer ' followed by the access token. Please refer to documentation on bearer token. ","key":"Authorization","value":"sunt consequat"},{"key":"Accept","value":"application/json"}],"method":"POST","body":{"mode":"raw","raw":"{\n  \"client\": {\n    \"applicationName\": \"CM\",\n    \"auditId\": \"Saint Michael\",\n    \"id\": \"11122203\",\n    \"vendorName\": \"ITI\"\n  },\n  \"redeemPoints\": {\n    \"description\": \"b\",\n    \"points\": 19,\n    \"reference\": \"B\"\n  },\n  \"rewardsKeyInfo\": {\n    \"useMultiAuth\": false,\n    \"cardNumber\": \"5004065676691\",\n    \"accountNumber\": \"3445454545\"\n  }\n}","options":{"raw":{"language":"json"}}}},"status":"Too Many Requests","code":429,"header":[{"disabled":false,"description":"transaction ID created with each request","key":"x-fapi-interaction-id","value":"sunt consequat"},{"key":"Content-Type","value":"application/json"}],"body":"{\n  \"errors\": [\n    {\n      \"code\": 429,\n      \"description\": \"Rate limit quota violation. Quota limit  exceeded.\"\n    }\n  ]\n}","cookie":[],"_postman_previewlanguage":"json"},{"id":"be5b05c6-a9f2-46f1-8922-84f427a66684","name":"Server Error","originalRequest":{"url":{"path":["v1","redeempoints"],"host":["{{baseUrl}}"],"query":[],"variable":[]},"header":[{"description":{"content":"Added as a part of security scheme: apikey","type":"text/plain"},"key":"authorization","value":"<API Key>"},{"disabled":false,"description":"(Required) Required. Enter the client id.","key":"x-fapi-financial-id","value":"<string>"},{"disabled":false,"description":"Enter the transaction/correlation id","key":"x-fapi-interaction-id","value":"<string>"},{"disabled":false,"description":"(Required) Enter 'Bearer ' followed by the access token. Please refer to documentation on bearer token. ","key":"Authorization","value":"sunt consequat"},{"key":"Accept","value":"application/json"}],"method":"POST","body":{"mode":"raw","raw":"{\n  \"client\": {\n    \"applicationName\": \"CM\",\n    \"auditId\": \"Saint Michael\",\n    \"id\": \"11122203\",\n    \"vendorName\": \"ITI\"\n  },\n  \"redeemPoints\": {\n    \"description\": \"b\",\n    \"points\": 19,\n    \"reference\": \"B\"\n  },\n  \"rewardsKeyInfo\": {\n    \"useMultiAuth\": false,\n    \"cardNumber\": \"5004065676691\",\n    \"accountNumber\": \"3445454545\"\n  }\n}","options":{"raw":{"language":"json"}}}},"status":"Internal Server Error","code":500,"header":[{"disabled":false,"description":"transaction ID created with each request","key":"x-fapi-interaction-id","value":"sunt consequat"},{"key":"Content-Type","value":"application/json"}],"body":"{\n  \"errorResponse\": {\n    \"code\": \"500-01\",\n    \"message\": \"internal server error\",\n    \"developerInfo\": {\n      \"developerMessage\": \"internal server error\",\n      \"moreInfo\": \"There was a problem handling your request.  Please try again.  If the problem persists please contact Fiserv ETSD at 888-243-2543 (you unique messageID included below)\",\n      \"messageid\": \"25557-84290371-1\"\n    }\n  }\n}","cookie":[],"_postman_previewlanguage":"json"}],"event":[],"protocolProfileBehavior":{"disableBodyPruning":true}}],"event":[],"variable":[{"type":"string","value":"//card.api.fiservapps.com/cs/uChooseRewards","key":"baseUrl"}],"auth":{"type":"apikey","apikey":[{"key":"key","value":"authorization"},{"key":"value","value":"{{apiKey}}"},{"key":"in","value":"header"}]},"info":{"_postman_id":"f9733ade-c8ff-4307-87e2-ac0cd05381db","name":"uChoose Rewards Redeem Points API","schema":"https://schema.getpostman.com/json/collection/v2.1.0/collection.json","description":{"content":"This API helps user/account holder to provides information about removing points.","type":"text/plain"}}}