{"item":[{"id":"d07ef38a-3f00-4d29-b046-d867e208ad1d","name":"Remove points from a program participant, reducing the available point balance. Points redeemed through web services are immediately unavailable to program participants.","request":{"name":"Remove points from a program participant, reducing the available point balance. Points redeemed through web services are immediately unavailable to program participants.","description":{},"url":{"path":["v1","redeempoints"],"host":["{{baseUrl}}"],"query":[],"variable":[]},"header":[{"disabled":false,"description":"(Required) Required. Enter the client id.","key":"x-fapi-financial-id","value":"<string>"},{"disabled":false,"description":"Enter the transaction/correlation id","key":"x-fapi-interaction-id","value":"<string>"},{"key":"Content-Type","value":"application/json"},{"key":"Accept","value":"application/json"}],"method":"POST","auth":null,"body":{"mode":"raw","raw":"{\n  \"client\": {\n    \"applicationName\": \"<string>\",\n    \"auditId\": \"<string>\",\n    \"id\": \"<string>\",\n    \"vendorName\": \"<string>\"\n  },\n  \"redeemPoints\": {\n    \"description\": \"<string>\",\n    \"points\": \"<integer>\",\n    \"reference\": \"<string>\"\n  },\n  \"rewardsKeyInfo\": {\n    \"useMultiAuth\": \"<boolean>\",\n    \"cardNumber\": \"<string>\",\n    \"accountNumber\": \"<string>\"\n  }\n}","options":{"raw":{"language":"json"}}}},"response":[{"id":"cca7bd79-1f47-4459-be8e-cf5397e898d2","name":"Successful","originalRequest":{"url":{"path":["v1","redeempoints"],"host":["{{baseUrl}}"],"query":[],"variable":[]},"header":[{"description":{"content":"Added as a part of security scheme: apikey","type":"text/plain"},"key":"authorization","value":"<API Key>"},{"disabled":false,"description":"(Required) Required. Enter the client id.","key":"x-fapi-financial-id","value":"<string>"},{"disabled":false,"description":"Enter the transaction/correlation id","key":"x-fapi-interaction-id","value":"<string>"},{"disabled":false,"description":"(Required) Enter 'Bearer ' followed by the access token. Please refer to documentation on bearer token. ","key":"Authorization","value":"magna qui"},{"key":"Accept","value":"application/json"}],"method":"POST","body":{"mode":"raw","raw":"{\n  \"client\": {\n    \"applicationName\": \"CM\",\n    \"auditId\": \"Saint Michael\",\n    \"id\": \"11122203\",\n    \"vendorName\": \"ITI\"\n  },\n  \"redeemPoints\": {\n    \"description\": \"b\",\n    \"points\": 19,\n    \"reference\": \"B\"\n  },\n  \"rewardsKeyInfo\": {\n    \"useMultiAuth\": false,\n    \"cardNumber\": \"5004065676691\",\n    \"accountNumber\": \"3445454545\"\n  }\n}","options":{"raw":{"language":"json"}}}},"status":"OK","code":200,"header":[{"disabled":false,"description":"Represents a transaction ID created with each request.","key":"x-fapi-interaction-id","value":"magna qui"},{"key":"Content-Type","value":"application/json"}],"body":"{\n  \"pointsInfo\": {\n    \"pointsToDate\": 50,\n    \"availablePoints\": 10,\n    \"vestedPoints\": 35,\n    \"ccName\": \"A1\",\n    \"ccType\": \"MASTERCARD\",\n    \"ccStatus\": true,\n    \"earnStart\": \"2017-10-19\",\n    \"earnEnd\": \"2050-12-31\"\n  },\n  \"redeemID\": 78901\n}","cookie":[],"_postman_previewlanguage":"json"},{"id":"bf70cd8c-642f-41dd-bb06-b6b039eb0035","name":"Bad Request","originalRequest":{"url":{"path":["v1","redeempoints"],"host":["{{baseUrl}}"],"query":[],"variable":[]},"header":[{"description":{"content":"Added as a part of security scheme: apikey","type":"text/plain"},"key":"authorization","value":"<API Key>"},{"disabled":false,"description":"(Required) Required. Enter the client id.","key":"x-fapi-financial-id","value":"<string>"},{"disabled":false,"description":"Enter the transaction/correlation id","key":"x-fapi-interaction-id","value":"<string>"},{"disabled":false,"description":"(Required) Enter 'Bearer ' followed by the access token. Please refer to documentation on bearer token. ","key":"Authorization","value":"magna qui"},{"key":"Accept","value":"application/json"}],"method":"POST","body":{"mode":"raw","raw":"{\n  \"client\": {\n    \"applicationName\": \"CM\",\n    \"auditId\": \"Saint Michael\",\n    \"id\": \"11122203\",\n    \"vendorName\": \"ITI\"\n  },\n  \"redeemPoints\": {\n    \"description\": \"b\",\n    \"points\": 19,\n    \"reference\": \"B\"\n  },\n  \"rewardsKeyInfo\": {\n    \"useMultiAuth\": false,\n    \"cardNumber\": \"5004065676691\",\n    \"accountNumber\": \"3445454545\"\n  }\n}","options":{"raw":{"language":"json"}}}},"status":"Bad Request","code":400,"header":[{"disabled":false,"description":"transaction ID created with each request","key":"x-fapi-interaction-id","value":"magna qui"},{"key":"Content-Type","value":"application/json"}],"body":"{\n  \"errors\": [\n    {\n      \"code\": \"200/100\",\n      \"description\": \"User does not have the authority to view this data\"\n    }\n  ]\n}","cookie":[],"_postman_previewlanguage":"json"},{"id":"bb9f49fe-8109-4d93-810e-07c34ebd7d91","name":"Unauthorized access","originalRequest":{"url":{"path":["v1","redeempoints"],"host":["{{baseUrl}}"],"query":[],"variable":[]},"header":[{"description":{"content":"Added as a part of security scheme: apikey","type":"text/plain"},"key":"authorization","value":"<API Key>"},{"disabled":false,"description":"(Required) Required. Enter the client id.","key":"x-fapi-financial-id","value":"<string>"},{"disabled":false,"description":"Enter the transaction/correlation id","key":"x-fapi-interaction-id","value":"<string>"},{"disabled":false,"description":"(Required) Enter 'Bearer ' followed by the access token. Please refer to documentation on bearer token. ","key":"Authorization","value":"magna qui"},{"key":"Accept","value":"application/json"}],"method":"POST","body":{"mode":"raw","raw":"{\n  \"client\": {\n    \"applicationName\": \"CM\",\n    \"auditId\": \"Saint Michael\",\n    \"id\": \"11122203\",\n    \"vendorName\": \"ITI\"\n  },\n  \"redeemPoints\": {\n    \"description\": \"b\",\n    \"points\": 19,\n    \"reference\": \"B\"\n  },\n  \"rewardsKeyInfo\": {\n    \"useMultiAuth\": false,\n    \"cardNumber\": \"5004065676691\",\n    \"accountNumber\": \"3445454545\"\n  }\n}","options":{"raw":{"language":"json"}}}},"status":"Unauthorized","code":401,"header":[{"key":"Content-Type","value":"application/json"}],"body":"{\n  \"errors\": [\n    {\n      \"code\": 401,\n      \"description\": \"Invalid access token\"\n    }\n  ]\n}","cookie":[],"_postman_previewlanguage":"json"},{"id":"21d0bb0b-103d-42e7-bde8-4296c41b5a88","name":"Resource Not Found","originalRequest":{"url":{"path":["v1","redeempoints"],"host":["{{baseUrl}}"],"query":[],"variable":[]},"header":[{"description":{"content":"Added as a part of security scheme: apikey","type":"text/plain"},"key":"authorization","value":"<API Key>"},{"disabled":false,"description":"(Required) Required. Enter the client id.","key":"x-fapi-financial-id","value":"<string>"},{"disabled":false,"description":"Enter the transaction/correlation id","key":"x-fapi-interaction-id","value":"<string>"},{"disabled":false,"description":"(Required) Enter 'Bearer ' followed by the access token. Please refer to documentation on bearer token. ","key":"Authorization","value":"magna qui"}],"method":"POST","body":{"mode":"raw","raw":"{\n  \"client\": {\n    \"applicationName\": \"CM\",\n    \"auditId\": \"Saint Michael\",\n    \"id\": \"11122203\",\n    \"vendorName\": \"ITI\"\n  },\n  \"redeemPoints\": {\n    \"description\": \"b\",\n    \"points\": 19,\n    \"reference\": \"B\"\n  },\n  \"rewardsKeyInfo\": {\n    \"useMultiAuth\": false,\n    \"cardNumber\": \"5004065676691\",\n    \"accountNumber\": \"3445454545\"\n  }\n}","options":{"raw":{"language":"json"}}}},"status":"Not Found","code":404,"header":[{"key":"Content-Type","value":"text/plain"}],"body":"","cookie":[],"_postman_previewlanguage":"text"},{"id":"f0f8184b-167e-4820-baca-83f86cf1aecb","name":"Unsupported Media Type","originalRequest":{"url":{"path":["v1","redeempoints"],"host":["{{baseUrl}}"],"query":[],"variable":[]},"header":[{"description":{"content":"Added as a part of security scheme: apikey","type":"text/plain"},"key":"authorization","value":"<API Key>"},{"disabled":false,"description":"(Required) Required. Enter the client id.","key":"x-fapi-financial-id","value":"<string>"},{"disabled":false,"description":"Enter the transaction/correlation id","key":"x-fapi-interaction-id","value":"<string>"},{"disabled":false,"description":"(Required) Enter 'Bearer ' followed by the access token. Please refer to documentation on bearer token. ","key":"Authorization","value":"magna qui"},{"key":"Accept","value":"application/json"}],"method":"POST","body":{"mode":"raw","raw":"{\n  \"client\": {\n    \"applicationName\": \"CM\",\n    \"auditId\": \"Saint Michael\",\n    \"id\": \"11122203\",\n    \"vendorName\": \"ITI\"\n  },\n  \"redeemPoints\": {\n    \"description\": \"b\",\n    \"points\": 19,\n    \"reference\": \"B\"\n  },\n  \"rewardsKeyInfo\": {\n    \"useMultiAuth\": false,\n    \"cardNumber\": \"5004065676691\",\n    \"accountNumber\": \"3445454545\"\n  }\n}","options":{"raw":{"language":"json"}}}},"status":"Unsupported Media Type","code":415,"header":[{"disabled":false,"description":"transaction ID created with each request","key":"x-fapi-interaction-id","value":"magna qui"},{"key":"Content-Type","value":"application/json"}],"body":"{\n  \"errors\": [\n    {\n      \"code\": 415,\n      \"description\": \"unsupported Media Type\"\n    }\n  ]\n}","cookie":[],"_postman_previewlanguage":"json"},{"id":"94f70396-a4d1-431f-9624-146e4cc7b825","name":"Too Many Requests","originalRequest":{"url":{"path":["v1","redeempoints"],"host":["{{baseUrl}}"],"query":[],"variable":[]},"header":[{"description":{"content":"Added as a part of security scheme: apikey","type":"text/plain"},"key":"authorization","value":"<API Key>"},{"disabled":false,"description":"(Required) Required. Enter the client id.","key":"x-fapi-financial-id","value":"<string>"},{"disabled":false,"description":"Enter the transaction/correlation id","key":"x-fapi-interaction-id","value":"<string>"},{"disabled":false,"description":"(Required) Enter 'Bearer ' followed by the access token. Please refer to documentation on bearer token. ","key":"Authorization","value":"magna qui"},{"key":"Accept","value":"application/json"}],"method":"POST","body":{"mode":"raw","raw":"{\n  \"client\": {\n    \"applicationName\": \"CM\",\n    \"auditId\": \"Saint Michael\",\n    \"id\": \"11122203\",\n    \"vendorName\": \"ITI\"\n  },\n  \"redeemPoints\": {\n    \"description\": \"b\",\n    \"points\": 19,\n    \"reference\": \"B\"\n  },\n  \"rewardsKeyInfo\": {\n    \"useMultiAuth\": false,\n    \"cardNumber\": \"5004065676691\",\n    \"accountNumber\": \"3445454545\"\n  }\n}","options":{"raw":{"language":"json"}}}},"status":"Too Many Requests","code":429,"header":[{"disabled":false,"description":"transaction ID created with each request","key":"x-fapi-interaction-id","value":"magna qui"},{"key":"Content-Type","value":"application/json"}],"body":"{\n  \"errors\": [\n    {\n      \"code\": 429,\n      \"description\": \"Rate limit quota violation. Quota limit  exceeded.\"\n    }\n  ]\n}","cookie":[],"_postman_previewlanguage":"json"},{"id":"bfc381e0-2722-475a-a12e-fe92f325dc36","name":"Server Error","originalRequest":{"url":{"path":["v1","redeempoints"],"host":["{{baseUrl}}"],"query":[],"variable":[]},"header":[{"description":{"content":"Added as a part of security scheme: apikey","type":"text/plain"},"key":"authorization","value":"<API Key>"},{"disabled":false,"description":"(Required) Required. Enter the client id.","key":"x-fapi-financial-id","value":"<string>"},{"disabled":false,"description":"Enter the transaction/correlation id","key":"x-fapi-interaction-id","value":"<string>"},{"disabled":false,"description":"(Required) Enter 'Bearer ' followed by the access token. Please refer to documentation on bearer token. ","key":"Authorization","value":"magna qui"},{"key":"Accept","value":"application/json"}],"method":"POST","body":{"mode":"raw","raw":"{\n  \"client\": {\n    \"applicationName\": \"CM\",\n    \"auditId\": \"Saint Michael\",\n    \"id\": \"11122203\",\n    \"vendorName\": \"ITI\"\n  },\n  \"redeemPoints\": {\n    \"description\": \"b\",\n    \"points\": 19,\n    \"reference\": \"B\"\n  },\n  \"rewardsKeyInfo\": {\n    \"useMultiAuth\": false,\n    \"cardNumber\": \"5004065676691\",\n    \"accountNumber\": \"3445454545\"\n  }\n}","options":{"raw":{"language":"json"}}}},"status":"Internal Server Error","code":500,"header":[{"disabled":false,"description":"transaction ID created with each request","key":"x-fapi-interaction-id","value":"magna qui"},{"key":"Content-Type","value":"application/json"}],"body":"{\n  \"errorResponse\": {\n    \"code\": \"500-01\",\n    \"message\": \"internal server error\",\n    \"developerInfo\": {\n      \"developerMessage\": \"internal server error\",\n      \"moreInfo\": \"There was a problem handling your request.  Please try again.  If the problem persists please contact Fiserv ETSD at 888-243-2543 (you unique messageID included below)\",\n      \"messageid\": \"25557-84290371-1\"\n    }\n  }\n}","cookie":[],"_postman_previewlanguage":"json"}],"event":[],"protocolProfileBehavior":{"disableBodyPruning":true}}],"event":[],"variable":[{"type":"string","value":"//card.api.fiservapps.com/cs/uChooseRewards","key":"baseUrl"}],"auth":{"type":"apikey","apikey":[{"key":"key","value":"authorization"},{"key":"value","value":"{{apiKey}}"},{"key":"in","value":"header"}]},"info":{"_postman_id":"4f451629-4abc-469b-ae82-15d6378c4afa","name":"uChoose Rewards Redeem Points API","schema":"https://schema.getpostman.com/json/collection/v2.1.0/collection.json","description":{"content":"This API helps user/account holder to provides information about removing points.","type":"text/plain"}}}