{"item":[{"id":"97809764-6fae-42c5-a2a3-c0a154f08ebd","name":"Remove points from a program participant, reducing the available point balance. Points redeemed through web services are immediately unavailable to program participants.","request":{"name":"Remove points from a program participant, reducing the available point balance. Points redeemed through web services are immediately unavailable to program participants.","description":{},"url":{"path":["v1","redeempoints"],"host":["{{baseUrl}}"],"query":[],"variable":[]},"header":[{"disabled":false,"description":"(Required) Required. Enter the client id.","key":"x-fapi-financial-id","value":"<string>"},{"disabled":false,"description":"Enter the transaction/correlation id","key":"x-fapi-interaction-id","value":"<string>"},{"key":"Content-Type","value":"application/json"},{"key":"Accept","value":"application/json"}],"method":"POST","auth":null,"body":{"mode":"raw","raw":"{\n  \"client\": {\n    \"applicationName\": \"<string>\",\n    \"auditId\": \"<string>\",\n    \"id\": \"<string>\",\n    \"vendorName\": \"<string>\"\n  },\n  \"redeemPoints\": {\n    \"description\": \"<string>\",\n    \"points\": \"<integer>\",\n    \"reference\": \"<string>\"\n  },\n  \"rewardsKeyInfo\": {\n    \"useMultiAuth\": \"<boolean>\",\n    \"cardNumber\": \"<string>\",\n    \"accountNumber\": \"<string>\"\n  }\n}","options":{"raw":{"language":"json"}}}},"response":[{"id":"589715c9-0808-4585-8821-b0f5490eeb6d","name":"Successful","originalRequest":{"url":{"path":["v1","redeempoints"],"host":["{{baseUrl}}"],"query":[],"variable":[]},"header":[{"description":{"content":"Added as a part of security scheme: apikey","type":"text/plain"},"key":"authorization","value":"<API Key>"},{"disabled":false,"description":"(Required) Required. Enter the client id.","key":"x-fapi-financial-id","value":"<string>"},{"disabled":false,"description":"Enter the transaction/correlation id","key":"x-fapi-interaction-id","value":"<string>"},{"disabled":false,"description":"(Required) Enter 'Bearer ' followed by the access token. Please refer to documentation on bearer token. ","key":"Authorization","value":"tempor amet irure"},{"key":"Accept","value":"application/json"}],"method":"POST","body":{"mode":"raw","raw":"{\n  \"client\": {\n    \"applicationName\": \"CM\",\n    \"auditId\": \"Saint Michael\",\n    \"id\": \"11122203\",\n    \"vendorName\": \"ITI\"\n  },\n  \"redeemPoints\": {\n    \"description\": \"b\",\n    \"points\": 19,\n    \"reference\": \"B\"\n  },\n  \"rewardsKeyInfo\": {\n    \"useMultiAuth\": false,\n    \"cardNumber\": \"5004065676691\",\n    \"accountNumber\": \"3445454545\"\n  }\n}","options":{"raw":{"language":"json"}}}},"status":"OK","code":200,"header":[{"disabled":false,"description":"Represents a transaction ID created with each request.","key":"x-fapi-interaction-id","value":"tempor amet irure"},{"key":"Content-Type","value":"application/json"}],"body":"{\n  \"pointsInfo\": {\n    \"pointsToDate\": 50,\n    \"availablePoints\": 10,\n    \"vestedPoints\": 35,\n    \"ccName\": \"A1\",\n    \"ccType\": \"MASTERCARD\",\n    \"ccStatus\": true,\n    \"earnStart\": \"2017-10-19\",\n    \"earnEnd\": \"2050-12-31\"\n  },\n  \"redeemID\": 78901\n}","cookie":[],"_postman_previewlanguage":"json"},{"id":"02870dad-a90b-444a-bfdb-1bea7e15d1ae","name":"Bad Request","originalRequest":{"url":{"path":["v1","redeempoints"],"host":["{{baseUrl}}"],"query":[],"variable":[]},"header":[{"description":{"content":"Added as a part of security scheme: apikey","type":"text/plain"},"key":"authorization","value":"<API Key>"},{"disabled":false,"description":"(Required) Required. Enter the client id.","key":"x-fapi-financial-id","value":"<string>"},{"disabled":false,"description":"Enter the transaction/correlation id","key":"x-fapi-interaction-id","value":"<string>"},{"disabled":false,"description":"(Required) Enter 'Bearer ' followed by the access token. Please refer to documentation on bearer token. ","key":"Authorization","value":"tempor amet irure"},{"key":"Accept","value":"application/json"}],"method":"POST","body":{"mode":"raw","raw":"{\n  \"client\": {\n    \"applicationName\": \"CM\",\n    \"auditId\": \"Saint Michael\",\n    \"id\": \"11122203\",\n    \"vendorName\": \"ITI\"\n  },\n  \"redeemPoints\": {\n    \"description\": \"b\",\n    \"points\": 19,\n    \"reference\": \"B\"\n  },\n  \"rewardsKeyInfo\": {\n    \"useMultiAuth\": false,\n    \"cardNumber\": \"5004065676691\",\n    \"accountNumber\": \"3445454545\"\n  }\n}","options":{"raw":{"language":"json"}}}},"status":"Bad Request","code":400,"header":[{"disabled":false,"description":"transaction ID created with each request","key":"x-fapi-interaction-id","value":"tempor amet irure"},{"key":"Content-Type","value":"application/json"}],"body":"{\n  \"errors\": [\n    {\n      \"code\": \"200/100\",\n      \"description\": \"User does not have the authority to view this data\"\n    }\n  ]\n}","cookie":[],"_postman_previewlanguage":"json"},{"id":"1b7cc631-414f-4257-a9a4-aba9abac641f","name":"Unauthorized access","originalRequest":{"url":{"path":["v1","redeempoints"],"host":["{{baseUrl}}"],"query":[],"variable":[]},"header":[{"description":{"content":"Added as a part of security scheme: apikey","type":"text/plain"},"key":"authorization","value":"<API Key>"},{"disabled":false,"description":"(Required) Required. Enter the client id.","key":"x-fapi-financial-id","value":"<string>"},{"disabled":false,"description":"Enter the transaction/correlation id","key":"x-fapi-interaction-id","value":"<string>"},{"disabled":false,"description":"(Required) Enter 'Bearer ' followed by the access token. Please refer to documentation on bearer token. ","key":"Authorization","value":"tempor amet irure"},{"key":"Accept","value":"application/json"}],"method":"POST","body":{"mode":"raw","raw":"{\n  \"client\": {\n    \"applicationName\": \"CM\",\n    \"auditId\": \"Saint Michael\",\n    \"id\": \"11122203\",\n    \"vendorName\": \"ITI\"\n  },\n  \"redeemPoints\": {\n    \"description\": \"b\",\n    \"points\": 19,\n    \"reference\": \"B\"\n  },\n  \"rewardsKeyInfo\": {\n    \"useMultiAuth\": false,\n    \"cardNumber\": \"5004065676691\",\n    \"accountNumber\": \"3445454545\"\n  }\n}","options":{"raw":{"language":"json"}}}},"status":"Unauthorized","code":401,"header":[{"key":"Content-Type","value":"application/json"}],"body":"{\n  \"errors\": [\n    {\n      \"code\": 401,\n      \"description\": \"Invalid access token\"\n    }\n  ]\n}","cookie":[],"_postman_previewlanguage":"json"},{"id":"53cfb775-ad4b-4199-8a73-0464bd228986","name":"Resource Not Found","originalRequest":{"url":{"path":["v1","redeempoints"],"host":["{{baseUrl}}"],"query":[],"variable":[]},"header":[{"description":{"content":"Added as a part of security scheme: apikey","type":"text/plain"},"key":"authorization","value":"<API Key>"},{"disabled":false,"description":"(Required) Required. Enter the client id.","key":"x-fapi-financial-id","value":"<string>"},{"disabled":false,"description":"Enter the transaction/correlation id","key":"x-fapi-interaction-id","value":"<string>"},{"disabled":false,"description":"(Required) Enter 'Bearer ' followed by the access token. Please refer to documentation on bearer token. ","key":"Authorization","value":"tempor amet irure"}],"method":"POST","body":{"mode":"raw","raw":"{\n  \"client\": {\n    \"applicationName\": \"CM\",\n    \"auditId\": \"Saint Michael\",\n    \"id\": \"11122203\",\n    \"vendorName\": \"ITI\"\n  },\n  \"redeemPoints\": {\n    \"description\": \"b\",\n    \"points\": 19,\n    \"reference\": \"B\"\n  },\n  \"rewardsKeyInfo\": {\n    \"useMultiAuth\": false,\n    \"cardNumber\": \"5004065676691\",\n    \"accountNumber\": \"3445454545\"\n  }\n}","options":{"raw":{"language":"json"}}}},"status":"Not Found","code":404,"header":[{"key":"Content-Type","value":"text/plain"}],"body":"","cookie":[],"_postman_previewlanguage":"text"},{"id":"0fb0f1ea-6823-45a5-b4a0-3fec73d1aa31","name":"Unsupported Media Type","originalRequest":{"url":{"path":["v1","redeempoints"],"host":["{{baseUrl}}"],"query":[],"variable":[]},"header":[{"description":{"content":"Added as a part of security scheme: apikey","type":"text/plain"},"key":"authorization","value":"<API Key>"},{"disabled":false,"description":"(Required) Required. Enter the client id.","key":"x-fapi-financial-id","value":"<string>"},{"disabled":false,"description":"Enter the transaction/correlation id","key":"x-fapi-interaction-id","value":"<string>"},{"disabled":false,"description":"(Required) Enter 'Bearer ' followed by the access token. Please refer to documentation on bearer token. ","key":"Authorization","value":"tempor amet irure"},{"key":"Accept","value":"application/json"}],"method":"POST","body":{"mode":"raw","raw":"{\n  \"client\": {\n    \"applicationName\": \"CM\",\n    \"auditId\": \"Saint Michael\",\n    \"id\": \"11122203\",\n    \"vendorName\": \"ITI\"\n  },\n  \"redeemPoints\": {\n    \"description\": \"b\",\n    \"points\": 19,\n    \"reference\": \"B\"\n  },\n  \"rewardsKeyInfo\": {\n    \"useMultiAuth\": false,\n    \"cardNumber\": \"5004065676691\",\n    \"accountNumber\": \"3445454545\"\n  }\n}","options":{"raw":{"language":"json"}}}},"status":"Unsupported Media Type","code":415,"header":[{"disabled":false,"description":"transaction ID created with each request","key":"x-fapi-interaction-id","value":"tempor amet irure"},{"key":"Content-Type","value":"application/json"}],"body":"{\n  \"errors\": [\n    {\n      \"code\": 415,\n      \"description\": \"unsupported Media Type\"\n    }\n  ]\n}","cookie":[],"_postman_previewlanguage":"json"},{"id":"4c1053c8-c299-4521-81ca-a1b270a6f13b","name":"Too Many Requests","originalRequest":{"url":{"path":["v1","redeempoints"],"host":["{{baseUrl}}"],"query":[],"variable":[]},"header":[{"description":{"content":"Added as a part of security scheme: apikey","type":"text/plain"},"key":"authorization","value":"<API Key>"},{"disabled":false,"description":"(Required) Required. Enter the client id.","key":"x-fapi-financial-id","value":"<string>"},{"disabled":false,"description":"Enter the transaction/correlation id","key":"x-fapi-interaction-id","value":"<string>"},{"disabled":false,"description":"(Required) Enter 'Bearer ' followed by the access token. Please refer to documentation on bearer token. ","key":"Authorization","value":"tempor amet irure"},{"key":"Accept","value":"application/json"}],"method":"POST","body":{"mode":"raw","raw":"{\n  \"client\": {\n    \"applicationName\": \"CM\",\n    \"auditId\": \"Saint Michael\",\n    \"id\": \"11122203\",\n    \"vendorName\": \"ITI\"\n  },\n  \"redeemPoints\": {\n    \"description\": \"b\",\n    \"points\": 19,\n    \"reference\": \"B\"\n  },\n  \"rewardsKeyInfo\": {\n    \"useMultiAuth\": false,\n    \"cardNumber\": \"5004065676691\",\n    \"accountNumber\": \"3445454545\"\n  }\n}","options":{"raw":{"language":"json"}}}},"status":"Too Many Requests","code":429,"header":[{"disabled":false,"description":"transaction ID created with each request","key":"x-fapi-interaction-id","value":"tempor amet irure"},{"key":"Content-Type","value":"application/json"}],"body":"{\n  \"errors\": [\n    {\n      \"code\": 429,\n      \"description\": \"Rate limit quota violation. Quota limit  exceeded.\"\n    }\n  ]\n}","cookie":[],"_postman_previewlanguage":"json"},{"id":"801cdcef-abb5-49f1-9758-25bdfd4974f1","name":"Server Error","originalRequest":{"url":{"path":["v1","redeempoints"],"host":["{{baseUrl}}"],"query":[],"variable":[]},"header":[{"description":{"content":"Added as a part of security scheme: apikey","type":"text/plain"},"key":"authorization","value":"<API Key>"},{"disabled":false,"description":"(Required) Required. Enter the client id.","key":"x-fapi-financial-id","value":"<string>"},{"disabled":false,"description":"Enter the transaction/correlation id","key":"x-fapi-interaction-id","value":"<string>"},{"disabled":false,"description":"(Required) Enter 'Bearer ' followed by the access token. Please refer to documentation on bearer token. ","key":"Authorization","value":"tempor amet irure"},{"key":"Accept","value":"application/json"}],"method":"POST","body":{"mode":"raw","raw":"{\n  \"client\": {\n    \"applicationName\": \"CM\",\n    \"auditId\": \"Saint Michael\",\n    \"id\": \"11122203\",\n    \"vendorName\": \"ITI\"\n  },\n  \"redeemPoints\": {\n    \"description\": \"b\",\n    \"points\": 19,\n    \"reference\": \"B\"\n  },\n  \"rewardsKeyInfo\": {\n    \"useMultiAuth\": false,\n    \"cardNumber\": \"5004065676691\",\n    \"accountNumber\": \"3445454545\"\n  }\n}","options":{"raw":{"language":"json"}}}},"status":"Internal Server Error","code":500,"header":[{"disabled":false,"description":"transaction ID created with each request","key":"x-fapi-interaction-id","value":"tempor amet irure"},{"key":"Content-Type","value":"application/json"}],"body":"{\n  \"errorResponse\": {\n    \"code\": \"500-01\",\n    \"message\": \"internal server error\",\n    \"developerInfo\": {\n      \"developerMessage\": \"internal server error\",\n      \"moreInfo\": \"There was a problem handling your request.  Please try again.  If the problem persists please contact Fiserv ETSD at 888-243-2543 (you unique messageID included below)\",\n      \"messageid\": \"25557-84290371-1\"\n    }\n  }\n}","cookie":[],"_postman_previewlanguage":"json"}],"event":[],"protocolProfileBehavior":{"disableBodyPruning":true}}],"event":[],"variable":[{"type":"string","value":"//card.api.fiservapps.com/cs/uChooseRewards","key":"baseUrl"}],"auth":{"type":"apikey","apikey":[{"key":"key","value":"authorization"},{"key":"value","value":"{{apiKey}}"},{"key":"in","value":"header"}]},"info":{"_postman_id":"10e34140-1700-4aad-8076-5034d09716a2","name":"uChoose Rewards Redeem Points API","schema":"https://schema.getpostman.com/json/collection/v2.1.0/collection.json","description":{"content":"This API helps user/account holder to provides information about removing points.","type":"text/plain"}}}