{"item":[{"id":"abd7b5ff-6504-46e5-ab3b-4b321a747424","name":"v1/offers","item":[{"id":"0f933ea2-ce79-4d9f-a936-f6748cf5ef2f","name":"Retrieve uChoose reward offers for loyalty members based on various search criteria.","request":{"name":"Retrieve uChoose reward offers for loyalty members based on various search criteria.","description":{"content":"Search uChoose reward offers for loyalty members. This API allows searching featured offers which are based on personal shopping behaviour, preferences and rules specific to the client's program. Also it allows searching for non-targetted offers based on different search criteria.","type":"text/plain"},"url":{"path":["v1","offers","search"],"host":["{{baseUrl}}"],"query":[{"disabled":false,"key":"filter","value":"<string>","description":"Optional. Restricts search to targeted offers for loyalty members when used.  Targeted offers are a specially selected subset of all available offers. "}],"variable":[]},"header":[{"disabled":false,"description":"User who is making this request. This is optional, if passed will be used for granular level auditing.","key":"userId","value":"<string>"},{"disabled":false,"description":"(Required) Required. Provide 8 digit integer client id","key":"x-fapi-financial-id","value":"<string>"},{"key":"Content-Type","value":"application/json"},{"key":"Accept","value":"application/json"}],"method":"POST","auth":null,"body":{"mode":"raw","raw":"{\n  \"cardNumber\": \"<numeric>\",\n  \"accountNumber\": \"<string>\",\n  \"offerId\": \"<string>\",\n  \"merchantPartnerName\": \"<string>\",\n  \"shopType\": \"IN_STORE\",\n  \"searchScope\": \"LOCAL\",\n  \"requiresActivation\": false,\n  \"activated\": false,\n  \"categoryId\": \"<string>\",\n  \"partnerId\": \"<string>\",\n  \"keyword\": \"<string>\",\n  \"letter\": \"<string>\",\n  \"startRange\": \"<string>\",\n  \"endRange\": \"<string>\",\n  \"fundingCategory\": \"NONE\",\n  \"radius\": 25,\n  \"zipCode\": \"<string>\",\n  \"city\": \"<string>\",\n  \"state\": \"<string>\",\n  \"latitude\": \"<number>\",\n  \"longtitude\": \"<number>\",\n  \"storesPerPage\": \"<string>\",\n  \"storePageCount\": \"1000\",\n  \"sortOrder\": \"DESC\",\n  \"sort\": \"NONE\",\n  \"geoFilter\": true,\n  \"matchType\": \"<string>\",\n  \"offerRecordsPerPage\": \"25\",\n  \"pageCount\": \"1\"\n}","options":{"raw":{"language":"json"}}}},"response":[{"id":"e99e6f65-11aa-458d-8b49-2f82c0dcbf8c","name":"OK","originalRequest":{"url":{"path":["v1","offers","search"],"host":["{{baseUrl}}"],"query":[{"key":"filter","value":"featuredOffers"}],"variable":[]},"header":[{"description":{"content":"Added as a part of security scheme: bearer","type":"text/plain"},"key":"Authorization","value":"Bearer <token>"},{"disabled":false,"description":"(Required) Retrieve an access token through the Access Token API. Access token is required in every request. Refer to documentation on access token  (https://card.developer.fiserv.com/apis/token).Tokens expire after 15 minutes. Provide the value as follows in the header. Authorization: Bearer <Access Token Value>","key":"Authorization","value":"Bearer USlfM8dilzKZPcuGGP3BfVLd7Snk"},{"disabled":false,"description":"User who is making this request. This is optional, if passed will be used for granular level auditing.","key":"userId","value":"FDSCARD"},{"disabled":false,"description":"(Required) Required. Provide 8 digit integer client id","key":"x-fapi-financial-id","value":"12345678"},{"key":"Accept","value":"application/json"}],"method":"POST","body":{"mode":"raw","raw":"{\n  \"cardNumber\": \"4000200030004000\",\n  \"accountNumber\": \"123456789\",\n  \"offerId\": \"103557\",\n  \"merchantPartnerName\": \"The 1St Lady Boutique OR Boutique\",\n  \"shopType\": \"IN_STORE\",\n  \"searchScope\": \"LOCAL\",\n  \"requiresActivation\": false,\n  \"activated\": true,\n  \"categoryId\": \"38460\",\n  \"partnerId\": \"39203\",\n  \"keyword\": \"shoe\",\n  \"letter\": \"S\",\n  \"startRange\": \"3\",\n  \"endRange\": \"5\",\n  \"fundingCategory\": \"FEATURED\",\n  \"radius\": 50,\n  \"zipCode\": \"38018\",\n  \"city\": \"Cordova\",\n  \"state\": \"TN\",\n  \"latitude\": 35.144207,\n  \"longtitude\": -89.795442,\n  \"storesPerPage\": \"999\",\n  \"storePageCount\": \"5\",\n  \"sortOrder\": \"ASC\",\n  \"sort\": \"NONE\",\n  \"geoFilter\": true,\n  \"matchType\": \"SINGLE_MATCH\",\n  \"offerRecordsPerPage\": \"15\",\n  \"pageCount\": \"1\"\n}","options":{"raw":{"language":"json"}}}},"status":"OK","code":200,"header":[{"key":"Content-Type","value":"application/json"}],"body":"{\n  \"offerSearchParameters\": {\n    \"radius\": 50,\n    \"offerRecordsPerPage\": \"15\",\n    \"totalPages\": \"10\",\n    \"pageCount\": \"1\",\n    \"groupBy\": \"1\",\n    \"sort\": \"NONE\",\n    \"sortOrder\": \"ASC\",\n    \"geoFilter\": true,\n    \"offers\": [\n      {\n        \"offerId\": \"103557\",\n        \"merchantPartnerName\": \"LEGO\",\n        \"merchantLogoFileNameUrl\": \"https://uchooserewards.com/data/images/lego_90x50_4.2.08.gif\",\n        \"merchantPartnerId\": \"sunt in ipsum Lorem laboris\",\n        \"offerTermsAndConditions\": \"Offer expires 2015-03-31.\",\n        \"merchantOfferExternalUrl\": \"http://click.linksynergy.com/fs-bin/click?id=E7Il34ja9WM&offerid=115554.10000195&type=3&subid=0&u1=26XXdKrlo26\",\n        \"offerValueDescription\": \"\",\n        \"categories\": [\n          {\n            \"categoryId\": \"38460\",\n            \"categoryDescription\": \"Kids & Toys\"\n          },\n          {\n            \"categoryId\": \"38460\",\n            \"categoryDescription\": \"Kids & Toys\"\n          }\n        ],\n        \"offerExpirationDate\": \"20220923\",\n        \"requiresActivation\": false,\n        \"offerValue\": \"2\",\n        \"activated\": true,\n        \"shopType\": [\n          \"IN_STORE\",\n          \"IN_STORE\"\n        ],\n        \"offerDescription\": \"Earn 2% Cash back at LEGO.\",\n        \"shortMerchantOffer\": \"2% Cash back\",\n        \"merchantOfferDescription\": \"Earn 2% Cash back at LEGO.\",\n        \"locationCount\": \"10\",\n        \"partnerId\": \"2537\",\n        \"alphaIndex\": \"l\",\n        \"spend\": \"\",\n        \"clickTrend\": \"\",\n        \"fundingCategory\": \"FEATURED\",\n        \"bonusEarned\": false,\n        \"stores\": [\n          {\n            \"storesId\": \"232232\",\n            \"name\": \"Bed Bath & Beyond\",\n            \"locationName\": \"Mira Loma\",\n            \"address\": \"6365 Pats Ranch Road\",\n            \"city\": \"Mira Loma\",\n            \"state\": \"CA\",\n            \"zip\": \"91752\",\n            \"longtitude\": \"-117.54465999999999\",\n            \"latitude\": \"33.972551000000003\",\n            \"phone\": \"7568142562\",\n            \"venueId\": \"\",\n            \"notes\": \"Next to shoprite.\",\n            \"distance\": \"0.0\"\n          },\n          {\n            \"storesId\": \"232232\",\n            \"name\": \"Bed Bath & Beyond\",\n            \"locationName\": \"Mira Loma\",\n            \"address\": \"6365 Pats Ranch Road\",\n            \"city\": \"Mira Loma\",\n            \"state\": \"CA\",\n            \"zip\": \"91752\",\n            \"longtitude\": \"-117.54465999999999\",\n            \"latitude\": \"33.972551000000003\",\n            \"phone\": \"7568142562\",\n            \"venueId\": \"\",\n            \"notes\": \"Next to shoprite.\",\n            \"distance\": \"0.0\"\n          }\n        ]\n      },\n      {\n        \"offerId\": \"103557\",\n        \"merchantPartnerName\": \"LEGO\",\n        \"merchantLogoFileNameUrl\": \"https://uchooserewards.com/data/images/lego_90x50_4.2.08.gif\",\n        \"merchantPartnerId\": \"ex\",\n        \"offerTermsAndConditions\": \"Offer expires 2015-03-31.\",\n        \"merchantOfferExternalUrl\": \"http://click.linksynergy.com/fs-bin/click?id=E7Il34ja9WM&offerid=115554.10000195&type=3&subid=0&u1=26XXdKrlo26\",\n        \"offerValueDescription\": \"\",\n        \"categories\": [\n          {\n            \"categoryId\": \"38460\",\n            \"categoryDescription\": \"Kids & Toys\"\n          },\n          {\n            \"categoryId\": \"38460\",\n            \"categoryDescription\": \"Kids & Toys\"\n          }\n        ],\n        \"offerExpirationDate\": \"20220923\",\n        \"requiresActivation\": false,\n        \"offerValue\": \"2\",\n        \"activated\": true,\n        \"shopType\": [\n          \"IN_STORE\",\n          \"IN_STORE\"\n        ],\n        \"offerDescription\": \"Earn 2% Cash back at LEGO.\",\n        \"shortMerchantOffer\": \"2% Cash back\",\n        \"merchantOfferDescription\": \"Earn 2% Cash back at LEGO.\",\n        \"locationCount\": \"10\",\n        \"partnerId\": \"2537\",\n        \"alphaIndex\": \"l\",\n        \"spend\": \"\",\n        \"clickTrend\": \"\",\n        \"fundingCategory\": \"FEATURED\",\n        \"bonusEarned\": false,\n        \"stores\": [\n          {\n            \"storesId\": \"232232\",\n            \"name\": \"Bed Bath & Beyond\",\n            \"locationName\": \"Mira Loma\",\n            \"address\": \"6365 Pats Ranch Road\",\n            \"city\": \"Mira Loma\",\n            \"state\": \"CA\",\n            \"zip\": \"91752\",\n            \"longtitude\": \"-117.54465999999999\",\n            \"latitude\": \"33.972551000000003\",\n            \"phone\": \"7568142562\",\n            \"venueId\": \"\",\n            \"notes\": \"Next to shoprite.\",\n            \"distance\": \"0.0\"\n          },\n          {\n            \"storesId\": \"232232\",\n            \"name\": \"Bed Bath & Beyond\",\n            \"locationName\": \"Mira Loma\",\n            \"address\": \"6365 Pats Ranch Road\",\n            \"city\": \"Mira Loma\",\n            \"state\": \"CA\",\n            \"zip\": \"91752\",\n            \"longtitude\": \"-117.54465999999999\",\n            \"latitude\": \"33.972551000000003\",\n            \"phone\": \"7568142562\",\n            \"venueId\": \"\",\n            \"notes\": \"Next to shoprite.\",\n            \"distance\": \"0.0\"\n          }\n        ]\n      }\n    ]\n  }\n}","cookie":[],"_postman_previewlanguage":"json"},{"id":"ee5fa73c-c4fb-4f8e-b2a4-4f8c53771beb","name":"Invalid Request","originalRequest":{"url":{"path":["v1","offers","search"],"host":["{{baseUrl}}"],"query":[{"key":"filter","value":"featuredOffers"}],"variable":[]},"header":[{"description":{"content":"Added as a part of security scheme: bearer","type":"text/plain"},"key":"Authorization","value":"Bearer <token>"},{"disabled":false,"description":"(Required) Retrieve an access token through the Access Token API. Access token is required in every request. Refer to documentation on access token  (https://card.developer.fiserv.com/apis/token).Tokens expire after 15 minutes. Provide the value as follows in the header. Authorization: Bearer <Access Token Value>","key":"Authorization","value":"Bearer USlfM8dilzKZPcuGGP3BfVLd7Snk"},{"disabled":false,"description":"User who is making this request. This is optional, if passed will be used for granular level auditing.","key":"userId","value":"FDSCARD"},{"disabled":false,"description":"(Required) Required. Provide 8 digit integer client id","key":"x-fapi-financial-id","value":"12345678"},{"key":"Accept","value":"application/json"}],"method":"POST","body":{"mode":"raw","raw":"{\n  \"cardNumber\": \"4000200030004000\",\n  \"accountNumber\": \"123456789\",\n  \"offerId\": \"103557\",\n  \"merchantPartnerName\": \"The 1St Lady Boutique OR Boutique\",\n  \"shopType\": \"IN_STORE\",\n  \"searchScope\": \"LOCAL\",\n  \"requiresActivation\": false,\n  \"activated\": true,\n  \"categoryId\": \"38460\",\n  \"partnerId\": \"39203\",\n  \"keyword\": \"shoe\",\n  \"letter\": \"S\",\n  \"startRange\": \"3\",\n  \"endRange\": \"5\",\n  \"fundingCategory\": \"FEATURED\",\n  \"radius\": 50,\n  \"zipCode\": \"38018\",\n  \"city\": \"Cordova\",\n  \"state\": \"TN\",\n  \"latitude\": 35.144207,\n  \"longtitude\": -89.795442,\n  \"storesPerPage\": \"999\",\n  \"storePageCount\": \"5\",\n  \"sortOrder\": \"ASC\",\n  \"sort\": \"NONE\",\n  \"geoFilter\": true,\n  \"matchType\": \"SINGLE_MATCH\",\n  \"offerRecordsPerPage\": \"15\",\n  \"pageCount\": \"1\"\n}","options":{"raw":{"language":"json"}}}},"status":"Bad Request","code":400,"header":[{"disabled":false,"description":"unique transaction ID created for each request for tracking purposes","key":"x-fapi-interaction-id","value":"95ad42fb-afd1-2121-b794-3ed29342ks42"},{"key":"Content-Type","value":"application/json"}],"body":"{\n  \"type\": \"Input Validation Exception\",\n  \"title\": \"Bad Request\",\n  \"detail\": \"CONTENT-TYPE header required. Supported content-type is application/json\",\n  \"instance\": \"/api/basepath\",\n  \"status\": 400\n}","cookie":[],"_postman_previewlanguage":"json"},{"id":"484caee8-9ad6-4e16-9055-8d07a6d50dba","name":"Unauthorized access","originalRequest":{"url":{"path":["v1","offers","search"],"host":["{{baseUrl}}"],"query":[{"key":"filter","value":"featuredOffers"}],"variable":[]},"header":[{"description":{"content":"Added as a part of security scheme: bearer","type":"text/plain"},"key":"Authorization","value":"Bearer <token>"},{"disabled":false,"description":"(Required) Retrieve an access token through the Access Token API. Access token is required in every request. Refer to documentation on access token  (https://card.developer.fiserv.com/apis/token).Tokens expire after 15 minutes. Provide the value as follows in the header. Authorization: Bearer <Access Token Value>","key":"Authorization","value":"Bearer USlfM8dilzKZPcuGGP3BfVLd7Snk"},{"disabled":false,"description":"User who is making this request. This is optional, if passed will be used for granular level auditing.","key":"userId","value":"FDSCARD"},{"disabled":false,"description":"(Required) Required. Provide 8 digit integer client id","key":"x-fapi-financial-id","value":"12345678"},{"key":"Accept","value":"application/json"}],"method":"POST","body":{"mode":"raw","raw":"{\n  \"cardNumber\": \"4000200030004000\",\n  \"accountNumber\": \"123456789\",\n  \"offerId\": \"103557\",\n  \"merchantPartnerName\": \"The 1St Lady Boutique OR Boutique\",\n  \"shopType\": \"IN_STORE\",\n  \"searchScope\": \"LOCAL\",\n  \"requiresActivation\": false,\n  \"activated\": true,\n  \"categoryId\": \"38460\",\n  \"partnerId\": \"39203\",\n  \"keyword\": \"shoe\",\n  \"letter\": \"S\",\n  \"startRange\": \"3\",\n  \"endRange\": \"5\",\n  \"fundingCategory\": \"FEATURED\",\n  \"radius\": 50,\n  \"zipCode\": \"38018\",\n  \"city\": \"Cordova\",\n  \"state\": \"TN\",\n  \"latitude\": 35.144207,\n  \"longtitude\": -89.795442,\n  \"storesPerPage\": \"999\",\n  \"storePageCount\": \"5\",\n  \"sortOrder\": \"ASC\",\n  \"sort\": \"NONE\",\n  \"geoFilter\": true,\n  \"matchType\": \"SINGLE_MATCH\",\n  \"offerRecordsPerPage\": \"15\",\n  \"pageCount\": \"1\"\n}","options":{"raw":{"language":"json"}}}},"status":"Unauthorized","code":401,"header":[{"disabled":false,"description":"unique transaction ID created for each request for tracking purposes","key":"x-fapi-interaction-id","value":"95ad42fb-afd1-2121-b794-3ed29342ks42"},{"key":"Content-Type","value":"application/json"}],"body":"{\n  \"type\": \"https://card.developer.fiserv.com/cards/error#unauthorized\",\n  \"title\": \"Unauthorized\",\n  \"detail\": \"Invalid Access Token.\",\n  \"instance\": \"/api/basepath\",\n  \"status\": 401\n}","cookie":[],"_postman_previewlanguage":"json"},{"id":"1a82d993-96fd-4390-9201-20958f97a14a","name":"Forbidden","originalRequest":{"url":{"path":["v1","offers","search"],"host":["{{baseUrl}}"],"query":[{"key":"filter","value":"featuredOffers"}],"variable":[]},"header":[{"description":{"content":"Added as a part of security scheme: bearer","type":"text/plain"},"key":"Authorization","value":"Bearer <token>"},{"disabled":false,"description":"(Required) Retrieve an access token through the Access Token API. Access token is required in every request. Refer to documentation on access token  (https://card.developer.fiserv.com/apis/token).Tokens expire after 15 minutes. Provide the value as follows in the header. Authorization: Bearer <Access Token Value>","key":"Authorization","value":"Bearer USlfM8dilzKZPcuGGP3BfVLd7Snk"},{"disabled":false,"description":"User who is making this request. This is optional, if passed will be used for granular level auditing.","key":"userId","value":"FDSCARD"},{"disabled":false,"description":"(Required) Required. Provide 8 digit integer client id","key":"x-fapi-financial-id","value":"12345678"},{"key":"Accept","value":"application/json"}],"method":"POST","body":{"mode":"raw","raw":"{\n  \"cardNumber\": \"4000200030004000\",\n  \"accountNumber\": \"123456789\",\n  \"offerId\": \"103557\",\n  \"merchantPartnerName\": \"The 1St Lady Boutique OR Boutique\",\n  \"shopType\": \"IN_STORE\",\n  \"searchScope\": \"LOCAL\",\n  \"requiresActivation\": false,\n  \"activated\": true,\n  \"categoryId\": \"38460\",\n  \"partnerId\": \"39203\",\n  \"keyword\": \"shoe\",\n  \"letter\": \"S\",\n  \"startRange\": \"3\",\n  \"endRange\": \"5\",\n  \"fundingCategory\": \"FEATURED\",\n  \"radius\": 50,\n  \"zipCode\": \"38018\",\n  \"city\": \"Cordova\",\n  \"state\": \"TN\",\n  \"latitude\": 35.144207,\n  \"longtitude\": -89.795442,\n  \"storesPerPage\": \"999\",\n  \"storePageCount\": \"5\",\n  \"sortOrder\": \"ASC\",\n  \"sort\": \"NONE\",\n  \"geoFilter\": true,\n  \"matchType\": \"SINGLE_MATCH\",\n  \"offerRecordsPerPage\": \"15\",\n  \"pageCount\": \"1\"\n}","options":{"raw":{"language":"json"}}}},"status":"Forbidden","code":403,"header":[{"disabled":false,"description":"unique transaction ID created for each request for tracking purposes","key":"x-fapi-interaction-id","value":"95ad42fb-afd1-2121-b794-3ed29342ks42"},{"key":"Content-Type","value":"application/json"}],"body":"{\n  \"type\": \"https://card.developer.fiserv.com/cards/error#forbidden\",\n  \"title\": \"Forbidden\",\n  \"detail\": \"Authorization failure.\",\n  \"instance\": \"/api/basepath\",\n  \"status\": 403\n}","cookie":[],"_postman_previewlanguage":"json"},{"id":"97564344-b617-4e83-bb2d-e4b6843d6325","name":"Not Found","originalRequest":{"url":{"path":["v1","offers","search"],"host":["{{baseUrl}}"],"query":[{"key":"filter","value":"featuredOffers"}],"variable":[]},"header":[{"description":{"content":"Added as a part of security scheme: bearer","type":"text/plain"},"key":"Authorization","value":"Bearer <token>"},{"disabled":false,"description":"(Required) Retrieve an access token through the Access Token API. Access token is required in every request. Refer to documentation on access token  (https://card.developer.fiserv.com/apis/token).Tokens expire after 15 minutes. Provide the value as follows in the header. Authorization: Bearer <Access Token Value>","key":"Authorization","value":"Bearer USlfM8dilzKZPcuGGP3BfVLd7Snk"},{"disabled":false,"description":"User who is making this request. This is optional, if passed will be used for granular level auditing.","key":"userId","value":"FDSCARD"},{"disabled":false,"description":"(Required) Required. Provide 8 digit integer client id","key":"x-fapi-financial-id","value":"12345678"},{"key":"Accept","value":"application/json"}],"method":"POST","body":{"mode":"raw","raw":"{\n  \"cardNumber\": \"4000200030004000\",\n  \"accountNumber\": \"123456789\",\n  \"offerId\": \"103557\",\n  \"merchantPartnerName\": \"The 1St Lady Boutique OR Boutique\",\n  \"shopType\": \"IN_STORE\",\n  \"searchScope\": \"LOCAL\",\n  \"requiresActivation\": false,\n  \"activated\": true,\n  \"categoryId\": \"38460\",\n  \"partnerId\": \"39203\",\n  \"keyword\": \"shoe\",\n  \"letter\": \"S\",\n  \"startRange\": \"3\",\n  \"endRange\": \"5\",\n  \"fundingCategory\": \"FEATURED\",\n  \"radius\": 50,\n  \"zipCode\": \"38018\",\n  \"city\": \"Cordova\",\n  \"state\": \"TN\",\n  \"latitude\": 35.144207,\n  \"longtitude\": -89.795442,\n  \"storesPerPage\": \"999\",\n  \"storePageCount\": \"5\",\n  \"sortOrder\": \"ASC\",\n  \"sort\": \"NONE\",\n  \"geoFilter\": true,\n  \"matchType\": \"SINGLE_MATCH\",\n  \"offerRecordsPerPage\": \"15\",\n  \"pageCount\": \"1\"\n}","options":{"raw":{"language":"json"}}}},"status":"Not Found","code":404,"header":[{"disabled":false,"description":"unique transaction ID created for each request for tracking purposes","key":"x-fapi-interaction-id","value":"95ad42fb-afd1-2121-b794-3ed29342ks42"},{"key":"Content-Type","value":"application/json"}],"body":"{\n  \"type\": \"Resource does not exists\",\n  \"title\": \"offer Not Found or expired\",\n  \"detail\": \"No matching search results found or you do not have sufficient access rights to get search results matching your criteria.\",\n  \"instance\": \"/api/basepath\",\n  \"status\": 404\n}","cookie":[],"_postman_previewlanguage":"json"},{"id":"5037484a-79e6-40e1-abad-b8a8d022a0d2","name":"Method Not Allowed","originalRequest":{"url":{"path":["v1","offers","search"],"host":["{{baseUrl}}"],"query":[{"key":"filter","value":"featuredOffers"}],"variable":[]},"header":[{"description":{"content":"Added as a part of security scheme: bearer","type":"text/plain"},"key":"Authorization","value":"Bearer <token>"},{"disabled":false,"description":"(Required) Retrieve an access token through the Access Token API. Access token is required in every request. Refer to documentation on access token  (https://card.developer.fiserv.com/apis/token).Tokens expire after 15 minutes. Provide the value as follows in the header. Authorization: Bearer <Access Token Value>","key":"Authorization","value":"Bearer USlfM8dilzKZPcuGGP3BfVLd7Snk"},{"disabled":false,"description":"User who is making this request. This is optional, if passed will be used for granular level auditing.","key":"userId","value":"FDSCARD"},{"disabled":false,"description":"(Required) Required. Provide 8 digit integer client id","key":"x-fapi-financial-id","value":"12345678"}],"method":"POST","body":{"mode":"raw","raw":"{\n  \"cardNumber\": \"4000200030004000\",\n  \"accountNumber\": \"123456789\",\n  \"offerId\": \"103557\",\n  \"merchantPartnerName\": \"The 1St Lady Boutique OR Boutique\",\n  \"shopType\": \"IN_STORE\",\n  \"searchScope\": \"LOCAL\",\n  \"requiresActivation\": false,\n  \"activated\": true,\n  \"categoryId\": \"38460\",\n  \"partnerId\": \"39203\",\n  \"keyword\": \"shoe\",\n  \"letter\": \"S\",\n  \"startRange\": \"3\",\n  \"endRange\": \"5\",\n  \"fundingCategory\": \"FEATURED\",\n  \"radius\": 50,\n  \"zipCode\": \"38018\",\n  \"city\": \"Cordova\",\n  \"state\": \"TN\",\n  \"latitude\": 35.144207,\n  \"longtitude\": -89.795442,\n  \"storesPerPage\": \"999\",\n  \"storePageCount\": \"5\",\n  \"sortOrder\": \"ASC\",\n  \"sort\": \"NONE\",\n  \"geoFilter\": true,\n  \"matchType\": \"SINGLE_MATCH\",\n  \"offerRecordsPerPage\": \"15\",\n  \"pageCount\": \"1\"\n}","options":{"raw":{"language":"json"}}}},"status":"Method Not Allowed","code":405,"header":[{"disabled":false,"description":"unique transaction ID created for each request for tracking purposes","key":"x-fapi-interaction-id","value":"95ad42fb-afd1-2121-b794-3ed29342ks42"},{"key":"Content-Type","value":"text/plain"}],"body":"","cookie":[],"_postman_previewlanguage":"text"},{"id":"31b9de67-cbbd-49ae-a2d4-17540aabea69","name":"Unacceptable","originalRequest":{"url":{"path":["v1","offers","search"],"host":["{{baseUrl}}"],"query":[{"key":"filter","value":"featuredOffers"}],"variable":[]},"header":[{"description":{"content":"Added as a part of security scheme: bearer","type":"text/plain"},"key":"Authorization","value":"Bearer <token>"},{"disabled":false,"description":"(Required) Retrieve an access token through the Access Token API. Access token is required in every request. Refer to documentation on access token  (https://card.developer.fiserv.com/apis/token).Tokens expire after 15 minutes. Provide the value as follows in the header. Authorization: Bearer <Access Token Value>","key":"Authorization","value":"Bearer USlfM8dilzKZPcuGGP3BfVLd7Snk"},{"disabled":false,"description":"User who is making this request. This is optional, if passed will be used for granular level auditing.","key":"userId","value":"FDSCARD"},{"disabled":false,"description":"(Required) Required. Provide 8 digit integer client id","key":"x-fapi-financial-id","value":"12345678"}],"method":"POST","body":{"mode":"raw","raw":"{\n  \"cardNumber\": \"4000200030004000\",\n  \"accountNumber\": \"123456789\",\n  \"offerId\": \"103557\",\n  \"merchantPartnerName\": \"The 1St Lady Boutique OR Boutique\",\n  \"shopType\": \"IN_STORE\",\n  \"searchScope\": \"LOCAL\",\n  \"requiresActivation\": false,\n  \"activated\": true,\n  \"categoryId\": \"38460\",\n  \"partnerId\": \"39203\",\n  \"keyword\": \"shoe\",\n  \"letter\": \"S\",\n  \"startRange\": \"3\",\n  \"endRange\": \"5\",\n  \"fundingCategory\": \"FEATURED\",\n  \"radius\": 50,\n  \"zipCode\": \"38018\",\n  \"city\": \"Cordova\",\n  \"state\": \"TN\",\n  \"latitude\": 35.144207,\n  \"longtitude\": -89.795442,\n  \"storesPerPage\": \"999\",\n  \"storePageCount\": \"5\",\n  \"sortOrder\": \"ASC\",\n  \"sort\": \"NONE\",\n  \"geoFilter\": true,\n  \"matchType\": \"SINGLE_MATCH\",\n  \"offerRecordsPerPage\": \"15\",\n  \"pageCount\": \"1\"\n}","options":{"raw":{"language":"json"}}}},"status":"Not Acceptable","code":406,"header":[{"disabled":false,"description":"unique transaction ID created for each request for tracking purposes","key":"x-fapi-interaction-id","value":"95ad42fb-afd1-2121-b794-3ed29342ks42"},{"key":"Content-Type","value":"text/plain"}],"body":"","cookie":[],"_postman_previewlanguage":"text"},{"id":"604aef05-eb97-4571-b058-16aa51bba7bd","name":"Resource conflict","originalRequest":{"url":{"path":["v1","offers","search"],"host":["{{baseUrl}}"],"query":[{"key":"filter","value":"featuredOffers"}],"variable":[]},"header":[{"description":{"content":"Added as a part of security scheme: bearer","type":"text/plain"},"key":"Authorization","value":"Bearer <token>"},{"disabled":false,"description":"(Required) Retrieve an access token through the Access Token API. Access token is required in every request. Refer to documentation on access token  (https://card.developer.fiserv.com/apis/token).Tokens expire after 15 minutes. Provide the value as follows in the header. Authorization: Bearer <Access Token Value>","key":"Authorization","value":"Bearer USlfM8dilzKZPcuGGP3BfVLd7Snk"},{"disabled":false,"description":"User who is making this request. This is optional, if passed will be used for granular level auditing.","key":"userId","value":"FDSCARD"},{"disabled":false,"description":"(Required) Required. Provide 8 digit integer client id","key":"x-fapi-financial-id","value":"12345678"},{"key":"Accept","value":"application/json"}],"method":"POST","body":{"mode":"raw","raw":"{\n  \"cardNumber\": \"4000200030004000\",\n  \"accountNumber\": \"123456789\",\n  \"offerId\": \"103557\",\n  \"merchantPartnerName\": \"The 1St Lady Boutique OR Boutique\",\n  \"shopType\": \"IN_STORE\",\n  \"searchScope\": \"LOCAL\",\n  \"requiresActivation\": false,\n  \"activated\": true,\n  \"categoryId\": \"38460\",\n  \"partnerId\": \"39203\",\n  \"keyword\": \"shoe\",\n  \"letter\": \"S\",\n  \"startRange\": \"3\",\n  \"endRange\": \"5\",\n  \"fundingCategory\": \"FEATURED\",\n  \"radius\": 50,\n  \"zipCode\": \"38018\",\n  \"city\": \"Cordova\",\n  \"state\": \"TN\",\n  \"latitude\": 35.144207,\n  \"longtitude\": -89.795442,\n  \"storesPerPage\": \"999\",\n  \"storePageCount\": \"5\",\n  \"sortOrder\": \"ASC\",\n  \"sort\": \"NONE\",\n  \"geoFilter\": true,\n  \"matchType\": \"SINGLE_MATCH\",\n  \"offerRecordsPerPage\": \"15\",\n  \"pageCount\": \"1\"\n}","options":{"raw":{"language":"json"}}}},"status":"Conflict","code":409,"header":[{"disabled":false,"description":"unique transaction ID created for each request for tracking purposes","key":"x-fapi-interaction-id","value":"95ad42fb-afd1-2121-b794-3ed29342ks42"},{"key":"Content-Type","value":"application/json"}],"body":"{\n  \"type\": \"Http Resource conflict error\",\n  \"title\": \"Resource conflict\",\n  \"detail\": \"Could not active offer. Offer is already activated.\",\n  \"instance\": \"/api/basepath\",\n  \"status\": 409\n}","cookie":[],"_postman_previewlanguage":"json"},{"id":"991b507a-5916-4f36-84c1-dc2ec5bb6655","name":"Unsupported Media Type","originalRequest":{"url":{"path":["v1","offers","search"],"host":["{{baseUrl}}"],"query":[{"key":"filter","value":"featuredOffers"}],"variable":[]},"header":[{"description":{"content":"Added as a part of security scheme: bearer","type":"text/plain"},"key":"Authorization","value":"Bearer <token>"},{"disabled":false,"description":"(Required) Retrieve an access token through the Access Token API. Access token is required in every request. Refer to documentation on access token  (https://card.developer.fiserv.com/apis/token).Tokens expire after 15 minutes. Provide the value as follows in the header. Authorization: Bearer <Access Token Value>","key":"Authorization","value":"Bearer USlfM8dilzKZPcuGGP3BfVLd7Snk"},{"disabled":false,"description":"User who is making this request. This is optional, if passed will be used for granular level auditing.","key":"userId","value":"FDSCARD"},{"disabled":false,"description":"(Required) Required. Provide 8 digit integer client id","key":"x-fapi-financial-id","value":"12345678"},{"key":"Accept","value":"application/json"}],"method":"POST","body":{"mode":"raw","raw":"{\n  \"cardNumber\": \"4000200030004000\",\n  \"accountNumber\": \"123456789\",\n  \"offerId\": \"103557\",\n  \"merchantPartnerName\": \"The 1St Lady Boutique OR Boutique\",\n  \"shopType\": \"IN_STORE\",\n  \"searchScope\": \"LOCAL\",\n  \"requiresActivation\": false,\n  \"activated\": true,\n  \"categoryId\": \"38460\",\n  \"partnerId\": \"39203\",\n  \"keyword\": \"shoe\",\n  \"letter\": \"S\",\n  \"startRange\": \"3\",\n  \"endRange\": \"5\",\n  \"fundingCategory\": \"FEATURED\",\n  \"radius\": 50,\n  \"zipCode\": \"38018\",\n  \"city\": \"Cordova\",\n  \"state\": \"TN\",\n  \"latitude\": 35.144207,\n  \"longtitude\": -89.795442,\n  \"storesPerPage\": \"999\",\n  \"storePageCount\": \"5\",\n  \"sortOrder\": \"ASC\",\n  \"sort\": \"NONE\",\n  \"geoFilter\": true,\n  \"matchType\": \"SINGLE_MATCH\",\n  \"offerRecordsPerPage\": \"15\",\n  \"pageCount\": \"1\"\n}","options":{"raw":{"language":"json"}}}},"status":"Unsupported Media Type","code":415,"header":[{"disabled":false,"description":"unique transaction ID created for each request for tracking purposes","key":"x-fapi-interaction-id","value":"95ad42fb-afd1-2121-b794-3ed29342ks42"},{"key":"Content-Type","value":"application/json"}],"body":"{\n  \"type\": \"https://card.developer.fiserv.com/cards/error#unsupported-mediatype\",\n  \"title\": \"Unsupported Media Type\",\n  \"detail\": \"Unsupported Media Type.\",\n  \"instance\": \"/api/basepath\",\n  \"status\": 415\n}","cookie":[],"_postman_previewlanguage":"json"},{"id":"701f6f97-f963-40ce-9121-e0bd3a485201","name":"Unprocessable Entity","originalRequest":{"url":{"path":["v1","offers","search"],"host":["{{baseUrl}}"],"query":[{"key":"filter","value":"featuredOffers"}],"variable":[]},"header":[{"description":{"content":"Added as a part of security scheme: bearer","type":"text/plain"},"key":"Authorization","value":"Bearer <token>"},{"disabled":false,"description":"(Required) Retrieve an access token through the Access Token API. Access token is required in every request. Refer to documentation on access token  (https://card.developer.fiserv.com/apis/token).Tokens expire after 15 minutes. Provide the value as follows in the header. Authorization: Bearer <Access Token Value>","key":"Authorization","value":"Bearer USlfM8dilzKZPcuGGP3BfVLd7Snk"},{"disabled":false,"description":"User who is making this request. This is optional, if passed will be used for granular level auditing.","key":"userId","value":"FDSCARD"},{"disabled":false,"description":"(Required) Required. Provide 8 digit integer client id","key":"x-fapi-financial-id","value":"12345678"}],"method":"POST","body":{"mode":"raw","raw":"{\n  \"cardNumber\": \"4000200030004000\",\n  \"accountNumber\": \"123456789\",\n  \"offerId\": \"103557\",\n  \"merchantPartnerName\": \"The 1St Lady Boutique OR Boutique\",\n  \"shopType\": \"IN_STORE\",\n  \"searchScope\": \"LOCAL\",\n  \"requiresActivation\": false,\n  \"activated\": true,\n  \"categoryId\": \"38460\",\n  \"partnerId\": \"39203\",\n  \"keyword\": \"shoe\",\n  \"letter\": \"S\",\n  \"startRange\": \"3\",\n  \"endRange\": \"5\",\n  \"fundingCategory\": \"FEATURED\",\n  \"radius\": 50,\n  \"zipCode\": \"38018\",\n  \"city\": \"Cordova\",\n  \"state\": \"TN\",\n  \"latitude\": 35.144207,\n  \"longtitude\": -89.795442,\n  \"storesPerPage\": \"999\",\n  \"storePageCount\": \"5\",\n  \"sortOrder\": \"ASC\",\n  \"sort\": \"NONE\",\n  \"geoFilter\": true,\n  \"matchType\": \"SINGLE_MATCH\",\n  \"offerRecordsPerPage\": \"15\",\n  \"pageCount\": \"1\"\n}","options":{"raw":{"language":"json"}}}},"status":"Unprocessable Entity (WebDAV) (RFC 4918)","code":422,"header":[{"disabled":false,"description":"unique transaction ID created for each request for tracking purposes","key":"x-fapi-interaction-id","value":"95ad42fb-afd1-2121-b794-3ed29342ks42"},{"key":"Content-Type","value":"text/plain"}],"body":"","cookie":[],"_postman_previewlanguage":"text"},{"id":"f377b063-f03f-4102-bfd1-a56dec2e2e48","name":"Too Many Requests","originalRequest":{"url":{"path":["v1","offers","search"],"host":["{{baseUrl}}"],"query":[{"key":"filter","value":"featuredOffers"}],"variable":[]},"header":[{"description":{"content":"Added as a part of security scheme: bearer","type":"text/plain"},"key":"Authorization","value":"Bearer <token>"},{"disabled":false,"description":"(Required) Retrieve an access token through the Access Token API. Access token is required in every request. Refer to documentation on access token  (https://card.developer.fiserv.com/apis/token).Tokens expire after 15 minutes. Provide the value as follows in the header. Authorization: Bearer <Access Token Value>","key":"Authorization","value":"Bearer USlfM8dilzKZPcuGGP3BfVLd7Snk"},{"disabled":false,"description":"User who is making this request. This is optional, if passed will be used for granular level auditing.","key":"userId","value":"FDSCARD"},{"disabled":false,"description":"(Required) Required. Provide 8 digit integer client id","key":"x-fapi-financial-id","value":"12345678"}],"method":"POST","body":{"mode":"raw","raw":"{\n  \"cardNumber\": \"4000200030004000\",\n  \"accountNumber\": \"123456789\",\n  \"offerId\": \"103557\",\n  \"merchantPartnerName\": \"The 1St Lady Boutique OR Boutique\",\n  \"shopType\": \"IN_STORE\",\n  \"searchScope\": \"LOCAL\",\n  \"requiresActivation\": false,\n  \"activated\": true,\n  \"categoryId\": \"38460\",\n  \"partnerId\": \"39203\",\n  \"keyword\": \"shoe\",\n  \"letter\": \"S\",\n  \"startRange\": \"3\",\n  \"endRange\": \"5\",\n  \"fundingCategory\": \"FEATURED\",\n  \"radius\": 50,\n  \"zipCode\": \"38018\",\n  \"city\": \"Cordova\",\n  \"state\": \"TN\",\n  \"latitude\": 35.144207,\n  \"longtitude\": -89.795442,\n  \"storesPerPage\": \"999\",\n  \"storePageCount\": \"5\",\n  \"sortOrder\": \"ASC\",\n  \"sort\": \"NONE\",\n  \"geoFilter\": true,\n  \"matchType\": \"SINGLE_MATCH\",\n  \"offerRecordsPerPage\": \"15\",\n  \"pageCount\": \"1\"\n}","options":{"raw":{"language":"json"}}}},"status":"Too Many Requests","code":429,"header":[{"disabled":false,"description":"unique transaction ID created for each request for tracking purposes","key":"x-fapi-interaction-id","value":"95ad42fb-afd1-2121-b794-3ed29342ks42"},{"key":"Content-Type","value":"text/plain"}],"body":"","cookie":[],"_postman_previewlanguage":"text"},{"id":"1bca8d94-4231-4903-9656-c4470553d6ea","name":"Internal Server Error","originalRequest":{"url":{"path":["v1","offers","search"],"host":["{{baseUrl}}"],"query":[{"key":"filter","value":"featuredOffers"}],"variable":[]},"header":[{"description":{"content":"Added as a part of security scheme: bearer","type":"text/plain"},"key":"Authorization","value":"Bearer <token>"},{"disabled":false,"description":"(Required) Retrieve an access token through the Access Token API. Access token is required in every request. Refer to documentation on access token  (https://card.developer.fiserv.com/apis/token).Tokens expire after 15 minutes. Provide the value as follows in the header. Authorization: Bearer <Access Token Value>","key":"Authorization","value":"Bearer USlfM8dilzKZPcuGGP3BfVLd7Snk"},{"disabled":false,"description":"User who is making this request. This is optional, if passed will be used for granular level auditing.","key":"userId","value":"FDSCARD"},{"disabled":false,"description":"(Required) Required. Provide 8 digit integer client id","key":"x-fapi-financial-id","value":"12345678"},{"key":"Accept","value":"application/json"}],"method":"POST","body":{"mode":"raw","raw":"{\n  \"cardNumber\": \"4000200030004000\",\n  \"accountNumber\": \"123456789\",\n  \"offerId\": \"103557\",\n  \"merchantPartnerName\": \"The 1St Lady Boutique OR Boutique\",\n  \"shopType\": \"IN_STORE\",\n  \"searchScope\": \"LOCAL\",\n  \"requiresActivation\": false,\n  \"activated\": true,\n  \"categoryId\": \"38460\",\n  \"partnerId\": \"39203\",\n  \"keyword\": \"shoe\",\n  \"letter\": \"S\",\n  \"startRange\": \"3\",\n  \"endRange\": \"5\",\n  \"fundingCategory\": \"FEATURED\",\n  \"radius\": 50,\n  \"zipCode\": \"38018\",\n  \"city\": \"Cordova\",\n  \"state\": \"TN\",\n  \"latitude\": 35.144207,\n  \"longtitude\": -89.795442,\n  \"storesPerPage\": \"999\",\n  \"storePageCount\": \"5\",\n  \"sortOrder\": \"ASC\",\n  \"sort\": \"NONE\",\n  \"geoFilter\": true,\n  \"matchType\": \"SINGLE_MATCH\",\n  \"offerRecordsPerPage\": \"15\",\n  \"pageCount\": \"1\"\n}","options":{"raw":{"language":"json"}}}},"status":"Internal Server Error","code":500,"header":[{"disabled":false,"description":"unique transaction ID created for each request for tracking purposes","key":"x-fapi-interaction-id","value":"95ad42fb-afd1-2121-b794-3ed29342ks42"},{"key":"Content-Type","value":"application/json"}],"body":"{\n  \"errorResponse\": {\n    \"code\": \"500-01\",\n    \"message\": \"internal server error\",\n    \"developerInfo\": {\n      \"developerMessage\": \"internal server error\",\n      \"moreInfo\": \"There was a problem handling your request.  Please try again.  If the problem persists please contact Fiserv ETSD at 888-243-2543 (unique messageID included below)\",\n      \"messageid\": \"25557-84290371-1\"\n    }\n  }\n}","cookie":[],"_postman_previewlanguage":"json"}],"event":[],"protocolProfileBehavior":{"disableBodyPruning":true}},{"id":"d196a6b6-67bc-4ae1-9740-c21369150a3e","name":"Activate an offer, makes a loyalty member eligible to receive the rewards provided by the requested offer.","request":{"name":"Activate an offer, makes a loyalty member eligible to receive the rewards provided by the requested offer.","description":{},"url":{"path":["v1","offers","activation"],"host":["{{baseUrl}}"],"query":[],"variable":[]},"header":[{"disabled":false,"description":"User who is making this request. This is optional, if passed will be used for granular level auditing.","key":"userId","value":"<string>"},{"disabled":false,"description":"(Required) Required. Provide 8 digit integer client id","key":"x-fapi-financial-id","value":"<string>"},{"key":"Content-Type","value":"application/json"},{"key":"Accept","value":"application/json"}],"method":"PATCH","auth":null,"body":{"mode":"raw","raw":"{\n  \"offerId\": \"<string>\",\n  \"cardNumber\": \"<numeric>\",\n  \"accountNumber\": \"<string>\"\n}","options":{"raw":{"language":"json"}}}},"response":[{"id":"a0373dc8-275d-4597-844f-b0ae93f1c40a","name":"Successful","originalRequest":{"url":{"path":["v1","offers","activation"],"host":["{{baseUrl}}"],"query":[],"variable":[]},"header":[{"description":{"content":"Added as a part of security scheme: bearer","type":"text/plain"},"key":"Authorization","value":"Bearer <token>"},{"disabled":false,"description":"(Required) Retrieve an access token through the Access Token API. Access token is required in every request. Refer to documentation on access token  (https://card.developer.fiserv.com/apis/token).Tokens expire after 15 minutes. Provide the value as follows in the header. Authorization: Bearer <Access Token Value>","key":"Authorization","value":"Bearer USlfM8dilzKZPcuGGP3BfVLd7Snk"},{"disabled":false,"description":"User who is making this request. This is optional, if passed will be used for granular level auditing.","key":"userId","value":"FDSCARD"},{"disabled":false,"description":"(Required) Required. Provide 8 digit integer client id","key":"x-fapi-financial-id","value":"12345678"}],"method":"PATCH","body":{"mode":"raw","raw":"{\n  \"offerId\": \"103557\",\n  \"cardNumber\": \"4000200030004000\",\n  \"accountNumber\": \"123456789\"\n}","options":{"raw":{"language":"json"}}}},"status":"No Content","code":204,"header":[{"key":"Content-Type","value":"text/plain"}],"body":"","cookie":[],"_postman_previewlanguage":"text"},{"id":"c86588cf-beb0-4598-96dd-061fc13446e2","name":"Invalid Request","originalRequest":{"url":{"path":["v1","offers","activation"],"host":["{{baseUrl}}"],"query":[],"variable":[]},"header":[{"description":{"content":"Added as a part of security scheme: bearer","type":"text/plain"},"key":"Authorization","value":"Bearer <token>"},{"disabled":false,"description":"(Required) Retrieve an access token through the Access Token API. Access token is required in every request. Refer to documentation on access token  (https://card.developer.fiserv.com/apis/token).Tokens expire after 15 minutes. Provide the value as follows in the header. Authorization: Bearer <Access Token Value>","key":"Authorization","value":"Bearer USlfM8dilzKZPcuGGP3BfVLd7Snk"},{"disabled":false,"description":"User who is making this request. This is optional, if passed will be used for granular level auditing.","key":"userId","value":"FDSCARD"},{"disabled":false,"description":"(Required) Required. Provide 8 digit integer client id","key":"x-fapi-financial-id","value":"12345678"},{"key":"Accept","value":"application/json"}],"method":"PATCH","body":{"mode":"raw","raw":"{\n  \"offerId\": \"103557\",\n  \"cardNumber\": \"4000200030004000\",\n  \"accountNumber\": \"123456789\"\n}","options":{"raw":{"language":"json"}}}},"status":"Bad Request","code":400,"header":[{"disabled":false,"description":"unique transaction ID created for each request for tracking purposes","key":"x-fapi-interaction-id","value":"95ad42fb-afd1-2121-b794-3ed29342ks42"},{"key":"Content-Type","value":"application/json"}],"body":"{\n  \"type\": \"Input Validation Exception\",\n  \"title\": \"Bad Request\",\n  \"detail\": \"CONTENT-TYPE header required. Supported content-type is application/json\",\n  \"instance\": \"/api/basepath\",\n  \"status\": 400\n}","cookie":[],"_postman_previewlanguage":"json"},{"id":"c2f300f1-3a12-4024-bec6-63a3083ae052","name":"Unauthorized access","originalRequest":{"url":{"path":["v1","offers","activation"],"host":["{{baseUrl}}"],"query":[],"variable":[]},"header":[{"description":{"content":"Added as a part of security scheme: bearer","type":"text/plain"},"key":"Authorization","value":"Bearer <token>"},{"disabled":false,"description":"(Required) Retrieve an access token through the Access Token API. Access token is required in every request. Refer to documentation on access token  (https://card.developer.fiserv.com/apis/token).Tokens expire after 15 minutes. Provide the value as follows in the header. Authorization: Bearer <Access Token Value>","key":"Authorization","value":"Bearer USlfM8dilzKZPcuGGP3BfVLd7Snk"},{"disabled":false,"description":"User who is making this request. This is optional, if passed will be used for granular level auditing.","key":"userId","value":"FDSCARD"},{"disabled":false,"description":"(Required) Required. Provide 8 digit integer client id","key":"x-fapi-financial-id","value":"12345678"},{"key":"Accept","value":"application/json"}],"method":"PATCH","body":{"mode":"raw","raw":"{\n  \"offerId\": \"103557\",\n  \"cardNumber\": \"4000200030004000\",\n  \"accountNumber\": \"123456789\"\n}","options":{"raw":{"language":"json"}}}},"status":"Unauthorized","code":401,"header":[{"disabled":false,"description":"unique transaction ID created for each request for tracking purposes","key":"x-fapi-interaction-id","value":"95ad42fb-afd1-2121-b794-3ed29342ks42"},{"key":"Content-Type","value":"application/json"}],"body":"{\n  \"type\": \"https://card.developer.fiserv.com/cards/error#unauthorized\",\n  \"title\": \"Unauthorized\",\n  \"detail\": \"Invalid Access Token.\",\n  \"instance\": \"/api/basepath\",\n  \"status\": 401\n}","cookie":[],"_postman_previewlanguage":"json"},{"id":"b11a902e-3eb6-4616-ac4f-4290d640135f","name":"Forbidden","originalRequest":{"url":{"path":["v1","offers","activation"],"host":["{{baseUrl}}"],"query":[],"variable":[]},"header":[{"description":{"content":"Added as a part of security scheme: bearer","type":"text/plain"},"key":"Authorization","value":"Bearer <token>"},{"disabled":false,"description":"(Required) Retrieve an access token through the Access Token API. Access token is required in every request. Refer to documentation on access token  (https://card.developer.fiserv.com/apis/token).Tokens expire after 15 minutes. Provide the value as follows in the header. Authorization: Bearer <Access Token Value>","key":"Authorization","value":"Bearer USlfM8dilzKZPcuGGP3BfVLd7Snk"},{"disabled":false,"description":"User who is making this request. This is optional, if passed will be used for granular level auditing.","key":"userId","value":"FDSCARD"},{"disabled":false,"description":"(Required) Required. Provide 8 digit integer client id","key":"x-fapi-financial-id","value":"12345678"},{"key":"Accept","value":"application/json"}],"method":"PATCH","body":{"mode":"raw","raw":"{\n  \"offerId\": \"103557\",\n  \"cardNumber\": \"4000200030004000\",\n  \"accountNumber\": \"123456789\"\n}","options":{"raw":{"language":"json"}}}},"status":"Forbidden","code":403,"header":[{"disabled":false,"description":"unique transaction ID created for each request for tracking purposes","key":"x-fapi-interaction-id","value":"95ad42fb-afd1-2121-b794-3ed29342ks42"},{"key":"Content-Type","value":"application/json"}],"body":"{\n  \"type\": \"https://card.developer.fiserv.com/cards/error#forbidden\",\n  \"title\": \"Forbidden\",\n  \"detail\": \"Authorization failure.\",\n  \"instance\": \"/api/basepath\",\n  \"status\": 403\n}","cookie":[],"_postman_previewlanguage":"json"},{"id":"167e339b-f51d-4636-ac8d-c2851725ffda","name":"Not Found","originalRequest":{"url":{"path":["v1","offers","activation"],"host":["{{baseUrl}}"],"query":[],"variable":[]},"header":[{"description":{"content":"Added as a part of security scheme: bearer","type":"text/plain"},"key":"Authorization","value":"Bearer <token>"},{"disabled":false,"description":"(Required) Retrieve an access token through the Access Token API. Access token is required in every request. Refer to documentation on access token  (https://card.developer.fiserv.com/apis/token).Tokens expire after 15 minutes. Provide the value as follows in the header. Authorization: Bearer <Access Token Value>","key":"Authorization","value":"Bearer USlfM8dilzKZPcuGGP3BfVLd7Snk"},{"disabled":false,"description":"User who is making this request. This is optional, if passed will be used for granular level auditing.","key":"userId","value":"FDSCARD"},{"disabled":false,"description":"(Required) Required. Provide 8 digit integer client id","key":"x-fapi-financial-id","value":"12345678"},{"key":"Accept","value":"application/json"}],"method":"PATCH","body":{"mode":"raw","raw":"{\n  \"offerId\": \"103557\",\n  \"cardNumber\": \"4000200030004000\",\n  \"accountNumber\": \"123456789\"\n}","options":{"raw":{"language":"json"}}}},"status":"Not Found","code":404,"header":[{"disabled":false,"description":"unique transaction ID created for each request for tracking purposes","key":"x-fapi-interaction-id","value":"95ad42fb-afd1-2121-b794-3ed29342ks42"},{"key":"Content-Type","value":"application/json"}],"body":"{\n  \"type\": \"Resource does not exists\",\n  \"title\": \"offer Not Found or expired\",\n  \"detail\": \"No matching search results found or you do not have sufficient access rights to get search results matching your criteria.\",\n  \"instance\": \"/api/basepath\",\n  \"status\": 404\n}","cookie":[],"_postman_previewlanguage":"json"},{"id":"f9d705f8-e870-4e04-aae3-25eba8a67a65","name":"Method Not Allowed","originalRequest":{"url":{"path":["v1","offers","activation"],"host":["{{baseUrl}}"],"query":[],"variable":[]},"header":[{"description":{"content":"Added as a part of security scheme: bearer","type":"text/plain"},"key":"Authorization","value":"Bearer <token>"},{"disabled":false,"description":"(Required) Retrieve an access token through the Access Token API. Access token is required in every request. Refer to documentation on access token  (https://card.developer.fiserv.com/apis/token).Tokens expire after 15 minutes. Provide the value as follows in the header. Authorization: Bearer <Access Token Value>","key":"Authorization","value":"Bearer USlfM8dilzKZPcuGGP3BfVLd7Snk"},{"disabled":false,"description":"User who is making this request. This is optional, if passed will be used for granular level auditing.","key":"userId","value":"FDSCARD"},{"disabled":false,"description":"(Required) Required. Provide 8 digit integer client id","key":"x-fapi-financial-id","value":"12345678"}],"method":"PATCH","body":{"mode":"raw","raw":"{\n  \"offerId\": \"103557\",\n  \"cardNumber\": \"4000200030004000\",\n  \"accountNumber\": \"123456789\"\n}","options":{"raw":{"language":"json"}}}},"status":"Method Not Allowed","code":405,"header":[{"disabled":false,"description":"unique transaction ID created for each request for tracking purposes","key":"x-fapi-interaction-id","value":"95ad42fb-afd1-2121-b794-3ed29342ks42"},{"key":"Content-Type","value":"text/plain"}],"body":"","cookie":[],"_postman_previewlanguage":"text"},{"id":"ef8a1031-b37e-4ccb-921a-0014c3eae4ce","name":"Unacceptable","originalRequest":{"url":{"path":["v1","offers","activation"],"host":["{{baseUrl}}"],"query":[],"variable":[]},"header":[{"description":{"content":"Added as a part of security scheme: bearer","type":"text/plain"},"key":"Authorization","value":"Bearer <token>"},{"disabled":false,"description":"(Required) Retrieve an access token through the Access Token API. Access token is required in every request. Refer to documentation on access token  (https://card.developer.fiserv.com/apis/token).Tokens expire after 15 minutes. Provide the value as follows in the header. Authorization: Bearer <Access Token Value>","key":"Authorization","value":"Bearer USlfM8dilzKZPcuGGP3BfVLd7Snk"},{"disabled":false,"description":"User who is making this request. This is optional, if passed will be used for granular level auditing.","key":"userId","value":"FDSCARD"},{"disabled":false,"description":"(Required) Required. Provide 8 digit integer client id","key":"x-fapi-financial-id","value":"12345678"}],"method":"PATCH","body":{"mode":"raw","raw":"{\n  \"offerId\": \"103557\",\n  \"cardNumber\": \"4000200030004000\",\n  \"accountNumber\": \"123456789\"\n}","options":{"raw":{"language":"json"}}}},"status":"Not Acceptable","code":406,"header":[{"disabled":false,"description":"unique transaction ID created for each request for tracking purposes","key":"x-fapi-interaction-id","value":"95ad42fb-afd1-2121-b794-3ed29342ks42"},{"key":"Content-Type","value":"text/plain"}],"body":"","cookie":[],"_postman_previewlanguage":"text"},{"id":"87c63c9a-2725-47e4-bff6-3e76d81f9421","name":"Resource conflict","originalRequest":{"url":{"path":["v1","offers","activation"],"host":["{{baseUrl}}"],"query":[],"variable":[]},"header":[{"description":{"content":"Added as a part of security scheme: bearer","type":"text/plain"},"key":"Authorization","value":"Bearer <token>"},{"disabled":false,"description":"(Required) Retrieve an access token through the Access Token API. Access token is required in every request. Refer to documentation on access token  (https://card.developer.fiserv.com/apis/token).Tokens expire after 15 minutes. Provide the value as follows in the header. Authorization: Bearer <Access Token Value>","key":"Authorization","value":"Bearer USlfM8dilzKZPcuGGP3BfVLd7Snk"},{"disabled":false,"description":"User who is making this request. This is optional, if passed will be used for granular level auditing.","key":"userId","value":"FDSCARD"},{"disabled":false,"description":"(Required) Required. Provide 8 digit integer client id","key":"x-fapi-financial-id","value":"12345678"},{"key":"Accept","value":"application/json"}],"method":"PATCH","body":{"mode":"raw","raw":"{\n  \"offerId\": \"103557\",\n  \"cardNumber\": \"4000200030004000\",\n  \"accountNumber\": \"123456789\"\n}","options":{"raw":{"language":"json"}}}},"status":"Conflict","code":409,"header":[{"disabled":false,"description":"unique transaction ID created for each request for tracking purposes","key":"x-fapi-interaction-id","value":"95ad42fb-afd1-2121-b794-3ed29342ks42"},{"key":"Content-Type","value":"application/json"}],"body":"{\n  \"type\": \"Http Resource conflict error\",\n  \"title\": \"Resource conflict\",\n  \"detail\": \"Could not active offer. Offer is already activated.\",\n  \"instance\": \"/api/basepath\",\n  \"status\": 409\n}","cookie":[],"_postman_previewlanguage":"json"},{"id":"314ce1ec-383a-4a94-afc9-d2da2dc3e41d","name":"Unsupported Media Type","originalRequest":{"url":{"path":["v1","offers","activation"],"host":["{{baseUrl}}"],"query":[],"variable":[]},"header":[{"description":{"content":"Added as a part of security scheme: bearer","type":"text/plain"},"key":"Authorization","value":"Bearer <token>"},{"disabled":false,"description":"(Required) Retrieve an access token through the Access Token API. Access token is required in every request. Refer to documentation on access token  (https://card.developer.fiserv.com/apis/token).Tokens expire after 15 minutes. Provide the value as follows in the header. Authorization: Bearer <Access Token Value>","key":"Authorization","value":"Bearer USlfM8dilzKZPcuGGP3BfVLd7Snk"},{"disabled":false,"description":"User who is making this request. This is optional, if passed will be used for granular level auditing.","key":"userId","value":"FDSCARD"},{"disabled":false,"description":"(Required) Required. Provide 8 digit integer client id","key":"x-fapi-financial-id","value":"12345678"},{"key":"Accept","value":"application/json"}],"method":"PATCH","body":{"mode":"raw","raw":"{\n  \"offerId\": \"103557\",\n  \"cardNumber\": \"4000200030004000\",\n  \"accountNumber\": \"123456789\"\n}","options":{"raw":{"language":"json"}}}},"status":"Unsupported Media Type","code":415,"header":[{"disabled":false,"description":"unique transaction ID created for each request for tracking purposes","key":"x-fapi-interaction-id","value":"95ad42fb-afd1-2121-b794-3ed29342ks42"},{"key":"Content-Type","value":"application/json"}],"body":"{\n  \"type\": \"https://card.developer.fiserv.com/cards/error#unsupported-mediatype\",\n  \"title\": \"Unsupported Media Type\",\n  \"detail\": \"Unsupported Media Type.\",\n  \"instance\": \"/api/basepath\",\n  \"status\": 415\n}","cookie":[],"_postman_previewlanguage":"json"},{"id":"425fec0a-3991-487f-8b8a-bca55a88f57d","name":"Unprocessable Entity","originalRequest":{"url":{"path":["v1","offers","activation"],"host":["{{baseUrl}}"],"query":[],"variable":[]},"header":[{"description":{"content":"Added as a part of security scheme: bearer","type":"text/plain"},"key":"Authorization","value":"Bearer <token>"},{"disabled":false,"description":"(Required) Retrieve an access token through the Access Token API. Access token is required in every request. Refer to documentation on access token  (https://card.developer.fiserv.com/apis/token).Tokens expire after 15 minutes. Provide the value as follows in the header. Authorization: Bearer <Access Token Value>","key":"Authorization","value":"Bearer USlfM8dilzKZPcuGGP3BfVLd7Snk"},{"disabled":false,"description":"User who is making this request. This is optional, if passed will be used for granular level auditing.","key":"userId","value":"FDSCARD"},{"disabled":false,"description":"(Required) Required. Provide 8 digit integer client id","key":"x-fapi-financial-id","value":"12345678"}],"method":"PATCH","body":{"mode":"raw","raw":"{\n  \"offerId\": \"103557\",\n  \"cardNumber\": \"4000200030004000\",\n  \"accountNumber\": \"123456789\"\n}","options":{"raw":{"language":"json"}}}},"status":"Unprocessable Entity (WebDAV) (RFC 4918)","code":422,"header":[{"disabled":false,"description":"unique transaction ID created for each request for tracking purposes","key":"x-fapi-interaction-id","value":"95ad42fb-afd1-2121-b794-3ed29342ks42"},{"key":"Content-Type","value":"text/plain"}],"body":"","cookie":[],"_postman_previewlanguage":"text"},{"id":"732a890a-8156-47fe-85cb-5d667018cc66","name":"Too Many Requests","originalRequest":{"url":{"path":["v1","offers","activation"],"host":["{{baseUrl}}"],"query":[],"variable":[]},"header":[{"description":{"content":"Added as a part of security scheme: bearer","type":"text/plain"},"key":"Authorization","value":"Bearer <token>"},{"disabled":false,"description":"(Required) Retrieve an access token through the Access Token API. Access token is required in every request. Refer to documentation on access token  (https://card.developer.fiserv.com/apis/token).Tokens expire after 15 minutes. Provide the value as follows in the header. Authorization: Bearer <Access Token Value>","key":"Authorization","value":"Bearer USlfM8dilzKZPcuGGP3BfVLd7Snk"},{"disabled":false,"description":"User who is making this request. This is optional, if passed will be used for granular level auditing.","key":"userId","value":"FDSCARD"},{"disabled":false,"description":"(Required) Required. Provide 8 digit integer client id","key":"x-fapi-financial-id","value":"12345678"}],"method":"PATCH","body":{"mode":"raw","raw":"{\n  \"offerId\": \"103557\",\n  \"cardNumber\": \"4000200030004000\",\n  \"accountNumber\": \"123456789\"\n}","options":{"raw":{"language":"json"}}}},"status":"Too Many Requests","code":429,"header":[{"disabled":false,"description":"unique transaction ID created for each request for tracking purposes","key":"x-fapi-interaction-id","value":"95ad42fb-afd1-2121-b794-3ed29342ks42"},{"key":"Content-Type","value":"text/plain"}],"body":"","cookie":[],"_postman_previewlanguage":"text"},{"id":"518d09d6-a46f-4a51-9966-50ceff5f5002","name":"Internal Server Error","originalRequest":{"url":{"path":["v1","offers","activation"],"host":["{{baseUrl}}"],"query":[],"variable":[]},"header":[{"description":{"content":"Added as a part of security scheme: bearer","type":"text/plain"},"key":"Authorization","value":"Bearer <token>"},{"disabled":false,"description":"(Required) Retrieve an access token through the Access Token API. Access token is required in every request. Refer to documentation on access token  (https://card.developer.fiserv.com/apis/token).Tokens expire after 15 minutes. Provide the value as follows in the header. Authorization: Bearer <Access Token Value>","key":"Authorization","value":"Bearer USlfM8dilzKZPcuGGP3BfVLd7Snk"},{"disabled":false,"description":"User who is making this request. This is optional, if passed will be used for granular level auditing.","key":"userId","value":"FDSCARD"},{"disabled":false,"description":"(Required) Required. Provide 8 digit integer client id","key":"x-fapi-financial-id","value":"12345678"},{"key":"Accept","value":"application/json"}],"method":"PATCH","body":{"mode":"raw","raw":"{\n  \"offerId\": \"103557\",\n  \"cardNumber\": \"4000200030004000\",\n  \"accountNumber\": \"123456789\"\n}","options":{"raw":{"language":"json"}}}},"status":"Internal Server Error","code":500,"header":[{"disabled":false,"description":"unique transaction ID created for each request for tracking purposes","key":"x-fapi-interaction-id","value":"95ad42fb-afd1-2121-b794-3ed29342ks42"},{"key":"Content-Type","value":"application/json"}],"body":"{\n  \"errorResponse\": {\n    \"code\": \"500-01\",\n    \"message\": \"internal server error\",\n    \"developerInfo\": {\n      \"developerMessage\": \"internal server error\",\n      \"moreInfo\": \"There was a problem handling your request.  Please try again.  If the problem persists please contact Fiserv ETSD at 888-243-2543 (unique messageID included below)\",\n      \"messageid\": \"25557-84290371-1\"\n    }\n  }\n}","cookie":[],"_postman_previewlanguage":"json"}],"event":[],"protocolProfileBehavior":{"disableBodyPruning":true}},{"id":"1a239cfb-4671-4abe-8572-4bf1b116f7de","name":"Retrieve the details of a specific offer based on its unique ID.","request":{"name":"Retrieve the details of a specific offer based on its unique ID.","description":{},"url":{"path":["v1","offers",":offerId"],"host":["{{baseUrl}}"],"query":[],"variable":[{"disabled":false,"type":"any","value":"<string>","key":"offerId","description":"(Required) "}]},"header":[{"disabled":false,"description":"User who is making this request. This is optional, if passed will be used for granular level auditing.","key":"userId","value":"<string>"},{"disabled":false,"description":"(Required) Required. Provide 8 digit integer client id","key":"x-fapi-financial-id","value":"<string>"},{"key":"Content-Type","value":"application/json"},{"key":"Accept","value":"application/json"}],"method":"POST","auth":null,"body":{"mode":"raw","raw":"{\n  \"accountNumber\": \"<string>\",\n  \"cardNumber\": \"<numeric>\"\n}","options":{"raw":{"language":"json"}}}},"response":[{"id":"91e73626-77d5-4df3-a9ee-c0602af60e81","name":"OK","originalRequest":{"url":{"path":["v1","offers",":offerId"],"host":["{{baseUrl}}"],"query":[],"variable":[{"disabled":false,"type":"any","value":"<string>","key":"offerId","description":"(Required) "}]},"header":[{"description":{"content":"Added as a part of security scheme: bearer","type":"text/plain"},"key":"Authorization","value":"Bearer <token>"},{"disabled":false,"description":"(Required) Retrieve an access token through the Access Token API. Access token is required in every request. Refer to documentation on access token  (https://card.developer.fiserv.com/apis/token).Tokens expire after 15 minutes. Provide the value as follows in the header. Authorization: Bearer <Access Token Value>","key":"Authorization","value":"Bearer USlfM8dilzKZPcuGGP3BfVLd7Snk"},{"disabled":false,"description":"User who is making this request. This is optional, if passed will be used for granular level auditing.","key":"userId","value":"FDSCARD"},{"disabled":false,"description":"(Required) Required. Provide 8 digit integer client id","key":"x-fapi-financial-id","value":"12345678"},{"key":"Accept","value":"application/json"}],"method":"POST","body":{"mode":"raw","raw":"{\n  \"accountNumber\": \"123456789\",\n  \"cardNumber\": \"4000200030004000\"\n}","options":{"raw":{"language":"json"}}}},"status":"OK","code":200,"header":[{"key":"Content-Type","value":"application/json"}],"body":"{\n  \"offerId\": \"103557\",\n  \"offerValue\": \"5\",\n  \"offerValueDescription\": \"2%\",\n  \"offerTermsAndConditions\": \"Offer expires 2015-06-30.\",\n  \"offerExpirationDate\": \"20200923\",\n  \"categories\": [\n    {\n      \"categoryId\": \"38460\",\n      \"categoryDescription\": \"Kids & Toys\"\n    },\n    {\n      \"categoryId\": \"38460\",\n      \"categoryDescription\": \"Kids & Toys\"\n    }\n  ],\n  \"shopType\": [\n    \"IN_STORE\",\n    \"IN_STORE\"\n  ],\n  \"merchantPartnerName\": \"The 1St Lady Boutique OR Boutique\",\n  \"merchantOfferDescription\": \"Earn 5 Points per $1 at 1000 Degrees Neapolitan Pizza.\",\n  \"merchantNameOfferDescription\": \"Earn 5 Points per dollar at Rock Me Makeup on purchases of $50 or more.\",\n  \"merchantOfferExternalUrl\": \"\",\n  \"merchantLogoFileNameUrl\": \"https://uchooserewards.com/data/images/lego_90x50_4.2.08.gif\",\n  \"activated\": true,\n  \"requiresActivation\": false,\n  \"partnerId\": \"24966\",\n  \"shortMerchantOffer\": \"5 Points per dollar\",\n  \"locationCount\": \"10\",\n  \"alphaIndex\": \"r\",\n  \"spend\": \"\",\n  \"clickTrend\": \"\",\n  \"fundingCategory\": \"FEATURED\",\n  \"bonusEarned\": \"false\",\n  \"stores\": [\n    {\n      \"storesId\": \"232232\",\n      \"name\": \"Bed Bath & Beyond\",\n      \"locationName\": \"Mira Loma\",\n      \"address\": \"6365 Pats Ranch Road\",\n      \"city\": \"Mira Loma\",\n      \"state\": \"CA\",\n      \"zip\": \"91752\",\n      \"longtitude\": \"-117.54465999999999\",\n      \"latitude\": \"33.972551000000003\",\n      \"phone\": \"7568142562\",\n      \"venueId\": \"\",\n      \"notes\": \"Next to shoprite.\",\n      \"distance\": \"0.0\"\n    },\n    {\n      \"storesId\": \"232232\",\n      \"name\": \"Bed Bath & Beyond\",\n      \"locationName\": \"Mira Loma\",\n      \"address\": \"6365 Pats Ranch Road\",\n      \"city\": \"Mira Loma\",\n      \"state\": \"CA\",\n      \"zip\": \"91752\",\n      \"longtitude\": \"-117.54465999999999\",\n      \"latitude\": \"33.972551000000003\",\n      \"phone\": \"7568142562\",\n      \"venueId\": \"\",\n      \"notes\": \"Next to shoprite.\",\n      \"distance\": \"0.0\"\n    }\n  ]\n}","cookie":[],"_postman_previewlanguage":"json"},{"id":"5028ac00-811c-4118-bf94-7db407d80875","name":"Invalid Request","originalRequest":{"url":{"path":["v1","offers",":offerId"],"host":["{{baseUrl}}"],"query":[],"variable":[{"disabled":false,"type":"any","value":"<string>","key":"offerId","description":"(Required) "}]},"header":[{"description":{"content":"Added as a part of security scheme: bearer","type":"text/plain"},"key":"Authorization","value":"Bearer <token>"},{"disabled":false,"description":"(Required) Retrieve an access token through the Access Token API. Access token is required in every request. Refer to documentation on access token  (https://card.developer.fiserv.com/apis/token).Tokens expire after 15 minutes. Provide the value as follows in the header. Authorization: Bearer <Access Token Value>","key":"Authorization","value":"Bearer USlfM8dilzKZPcuGGP3BfVLd7Snk"},{"disabled":false,"description":"User who is making this request. This is optional, if passed will be used for granular level auditing.","key":"userId","value":"FDSCARD"},{"disabled":false,"description":"(Required) Required. Provide 8 digit integer client id","key":"x-fapi-financial-id","value":"12345678"},{"key":"Accept","value":"application/json"}],"method":"POST","body":{"mode":"raw","raw":"{\n  \"accountNumber\": \"123456789\",\n  \"cardNumber\": \"4000200030004000\"\n}","options":{"raw":{"language":"json"}}}},"status":"Bad Request","code":400,"header":[{"disabled":false,"description":"unique transaction ID created for each request for tracking purposes","key":"x-fapi-interaction-id","value":"95ad42fb-afd1-2121-b794-3ed29342ks42"},{"key":"Content-Type","value":"application/json"}],"body":"{\n  \"type\": \"Input Validation Exception\",\n  \"title\": \"Bad Request\",\n  \"detail\": \"CONTENT-TYPE header required. Supported content-type is application/json\",\n  \"instance\": \"/api/basepath\",\n  \"status\": 400\n}","cookie":[],"_postman_previewlanguage":"json"},{"id":"d444b39b-24fc-41ca-a85a-ab217334240d","name":"Unauthorized access","originalRequest":{"url":{"path":["v1","offers",":offerId"],"host":["{{baseUrl}}"],"query":[],"variable":[{"disabled":false,"type":"any","value":"<string>","key":"offerId","description":"(Required) "}]},"header":[{"description":{"content":"Added as a part of security scheme: bearer","type":"text/plain"},"key":"Authorization","value":"Bearer <token>"},{"disabled":false,"description":"(Required) Retrieve an access token through the Access Token API. Access token is required in every request. Refer to documentation on access token  (https://card.developer.fiserv.com/apis/token).Tokens expire after 15 minutes. Provide the value as follows in the header. Authorization: Bearer <Access Token Value>","key":"Authorization","value":"Bearer USlfM8dilzKZPcuGGP3BfVLd7Snk"},{"disabled":false,"description":"User who is making this request. This is optional, if passed will be used for granular level auditing.","key":"userId","value":"FDSCARD"},{"disabled":false,"description":"(Required) Required. Provide 8 digit integer client id","key":"x-fapi-financial-id","value":"12345678"},{"key":"Accept","value":"application/json"}],"method":"POST","body":{"mode":"raw","raw":"{\n  \"accountNumber\": \"123456789\",\n  \"cardNumber\": \"4000200030004000\"\n}","options":{"raw":{"language":"json"}}}},"status":"Unauthorized","code":401,"header":[{"disabled":false,"description":"unique transaction ID created for each request for tracking purposes","key":"x-fapi-interaction-id","value":"95ad42fb-afd1-2121-b794-3ed29342ks42"},{"key":"Content-Type","value":"application/json"}],"body":"{\n  \"type\": \"https://card.developer.fiserv.com/cards/error#unauthorized\",\n  \"title\": \"Unauthorized\",\n  \"detail\": \"Invalid Access Token.\",\n  \"instance\": \"/api/basepath\",\n  \"status\": 401\n}","cookie":[],"_postman_previewlanguage":"json"},{"id":"6f5823ae-0bfc-4ea8-9b64-9918bf19665b","name":"Forbidden","originalRequest":{"url":{"path":["v1","offers",":offerId"],"host":["{{baseUrl}}"],"query":[],"variable":[{"disabled":false,"type":"any","value":"<string>","key":"offerId","description":"(Required) "}]},"header":[{"description":{"content":"Added as a part of security scheme: bearer","type":"text/plain"},"key":"Authorization","value":"Bearer <token>"},{"disabled":false,"description":"(Required) Retrieve an access token through the Access Token API. Access token is required in every request. Refer to documentation on access token  (https://card.developer.fiserv.com/apis/token).Tokens expire after 15 minutes. Provide the value as follows in the header. Authorization: Bearer <Access Token Value>","key":"Authorization","value":"Bearer USlfM8dilzKZPcuGGP3BfVLd7Snk"},{"disabled":false,"description":"User who is making this request. This is optional, if passed will be used for granular level auditing.","key":"userId","value":"FDSCARD"},{"disabled":false,"description":"(Required) Required. Provide 8 digit integer client id","key":"x-fapi-financial-id","value":"12345678"},{"key":"Accept","value":"application/json"}],"method":"POST","body":{"mode":"raw","raw":"{\n  \"accountNumber\": \"123456789\",\n  \"cardNumber\": \"4000200030004000\"\n}","options":{"raw":{"language":"json"}}}},"status":"Forbidden","code":403,"header":[{"disabled":false,"description":"unique transaction ID created for each request for tracking purposes","key":"x-fapi-interaction-id","value":"95ad42fb-afd1-2121-b794-3ed29342ks42"},{"key":"Content-Type","value":"application/json"}],"body":"{\n  \"type\": \"https://card.developer.fiserv.com/cards/error#forbidden\",\n  \"title\": \"Forbidden\",\n  \"detail\": \"Authorization failure.\",\n  \"instance\": \"/api/basepath\",\n  \"status\": 403\n}","cookie":[],"_postman_previewlanguage":"json"},{"id":"abcdc1c2-750e-4890-a275-f16033c85586","name":"Not Found","originalRequest":{"url":{"path":["v1","offers",":offerId"],"host":["{{baseUrl}}"],"query":[],"variable":[{"disabled":false,"type":"any","value":"<string>","key":"offerId","description":"(Required) "}]},"header":[{"description":{"content":"Added as a part of security scheme: bearer","type":"text/plain"},"key":"Authorization","value":"Bearer <token>"},{"disabled":false,"description":"(Required) Retrieve an access token through the Access Token API. Access token is required in every request. Refer to documentation on access token  (https://card.developer.fiserv.com/apis/token).Tokens expire after 15 minutes. Provide the value as follows in the header. Authorization: Bearer <Access Token Value>","key":"Authorization","value":"Bearer USlfM8dilzKZPcuGGP3BfVLd7Snk"},{"disabled":false,"description":"User who is making this request. This is optional, if passed will be used for granular level auditing.","key":"userId","value":"FDSCARD"},{"disabled":false,"description":"(Required) Required. Provide 8 digit integer client id","key":"x-fapi-financial-id","value":"12345678"},{"key":"Accept","value":"application/json"}],"method":"POST","body":{"mode":"raw","raw":"{\n  \"accountNumber\": \"123456789\",\n  \"cardNumber\": \"4000200030004000\"\n}","options":{"raw":{"language":"json"}}}},"status":"Not Found","code":404,"header":[{"disabled":false,"description":"unique transaction ID created for each request for tracking purposes","key":"x-fapi-interaction-id","value":"95ad42fb-afd1-2121-b794-3ed29342ks42"},{"key":"Content-Type","value":"application/json"}],"body":"{\n  \"type\": \"Resource does not exists\",\n  \"title\": \"offer Not Found or expired\",\n  \"detail\": \"No matching search results found or you do not have sufficient access rights to get search results matching your criteria.\",\n  \"instance\": \"/api/basepath\",\n  \"status\": 404\n}","cookie":[],"_postman_previewlanguage":"json"},{"id":"507dacaf-1862-4f34-a2fb-a05a7b3dcca6","name":"Method Not Allowed","originalRequest":{"url":{"path":["v1","offers",":offerId"],"host":["{{baseUrl}}"],"query":[],"variable":[{"disabled":false,"type":"any","value":"<string>","key":"offerId","description":"(Required) "}]},"header":[{"description":{"content":"Added as a part of security scheme: bearer","type":"text/plain"},"key":"Authorization","value":"Bearer <token>"},{"disabled":false,"description":"(Required) Retrieve an access token through the Access Token API. Access token is required in every request. Refer to documentation on access token  (https://card.developer.fiserv.com/apis/token).Tokens expire after 15 minutes. Provide the value as follows in the header. Authorization: Bearer <Access Token Value>","key":"Authorization","value":"Bearer USlfM8dilzKZPcuGGP3BfVLd7Snk"},{"disabled":false,"description":"User who is making this request. This is optional, if passed will be used for granular level auditing.","key":"userId","value":"FDSCARD"},{"disabled":false,"description":"(Required) Required. Provide 8 digit integer client id","key":"x-fapi-financial-id","value":"12345678"}],"method":"POST","body":{"mode":"raw","raw":"{\n  \"accountNumber\": \"123456789\",\n  \"cardNumber\": \"4000200030004000\"\n}","options":{"raw":{"language":"json"}}}},"status":"Method Not Allowed","code":405,"header":[{"disabled":false,"description":"unique transaction ID created for each request for tracking purposes","key":"x-fapi-interaction-id","value":"95ad42fb-afd1-2121-b794-3ed29342ks42"},{"key":"Content-Type","value":"text/plain"}],"body":"","cookie":[],"_postman_previewlanguage":"text"},{"id":"ff2af558-f043-4d96-939b-aad45024148e","name":"Unacceptable","originalRequest":{"url":{"path":["v1","offers",":offerId"],"host":["{{baseUrl}}"],"query":[],"variable":[{"disabled":false,"type":"any","value":"<string>","key":"offerId","description":"(Required) "}]},"header":[{"description":{"content":"Added as a part of security scheme: bearer","type":"text/plain"},"key":"Authorization","value":"Bearer <token>"},{"disabled":false,"description":"(Required) Retrieve an access token through the Access Token API. Access token is required in every request. Refer to documentation on access token  (https://card.developer.fiserv.com/apis/token).Tokens expire after 15 minutes. Provide the value as follows in the header. Authorization: Bearer <Access Token Value>","key":"Authorization","value":"Bearer USlfM8dilzKZPcuGGP3BfVLd7Snk"},{"disabled":false,"description":"User who is making this request. This is optional, if passed will be used for granular level auditing.","key":"userId","value":"FDSCARD"},{"disabled":false,"description":"(Required) Required. Provide 8 digit integer client id","key":"x-fapi-financial-id","value":"12345678"}],"method":"POST","body":{"mode":"raw","raw":"{\n  \"accountNumber\": \"123456789\",\n  \"cardNumber\": \"4000200030004000\"\n}","options":{"raw":{"language":"json"}}}},"status":"Not Acceptable","code":406,"header":[{"disabled":false,"description":"unique transaction ID created for each request for tracking purposes","key":"x-fapi-interaction-id","value":"95ad42fb-afd1-2121-b794-3ed29342ks42"},{"key":"Content-Type","value":"text/plain"}],"body":"","cookie":[],"_postman_previewlanguage":"text"},{"id":"4757f0a1-c2af-4698-aa2b-eefa7bdf0df6","name":"Unsupported Media Type","originalRequest":{"url":{"path":["v1","offers",":offerId"],"host":["{{baseUrl}}"],"query":[],"variable":[{"disabled":false,"type":"any","value":"<string>","key":"offerId","description":"(Required) "}]},"header":[{"description":{"content":"Added as a part of security scheme: bearer","type":"text/plain"},"key":"Authorization","value":"Bearer <token>"},{"disabled":false,"description":"(Required) Retrieve an access token through the Access Token API. Access token is required in every request. Refer to documentation on access token  (https://card.developer.fiserv.com/apis/token).Tokens expire after 15 minutes. Provide the value as follows in the header. Authorization: Bearer <Access Token Value>","key":"Authorization","value":"Bearer USlfM8dilzKZPcuGGP3BfVLd7Snk"},{"disabled":false,"description":"User who is making this request. This is optional, if passed will be used for granular level auditing.","key":"userId","value":"FDSCARD"},{"disabled":false,"description":"(Required) Required. Provide 8 digit integer client id","key":"x-fapi-financial-id","value":"12345678"},{"key":"Accept","value":"application/json"}],"method":"POST","body":{"mode":"raw","raw":"{\n  \"accountNumber\": \"123456789\",\n  \"cardNumber\": \"4000200030004000\"\n}","options":{"raw":{"language":"json"}}}},"status":"Unsupported Media Type","code":415,"header":[{"disabled":false,"description":"unique transaction ID created for each request for tracking purposes","key":"x-fapi-interaction-id","value":"95ad42fb-afd1-2121-b794-3ed29342ks42"},{"key":"Content-Type","value":"application/json"}],"body":"{\n  \"type\": \"https://card.developer.fiserv.com/cards/error#unsupported-mediatype\",\n  \"title\": \"Unsupported Media Type\",\n  \"detail\": \"Unsupported Media Type.\",\n  \"instance\": \"/api/basepath\",\n  \"status\": 415\n}","cookie":[],"_postman_previewlanguage":"json"},{"id":"81f84938-fbd2-4398-a256-b0be02a10b59","name":"Unprocessable Entity","originalRequest":{"url":{"path":["v1","offers",":offerId"],"host":["{{baseUrl}}"],"query":[],"variable":[{"disabled":false,"type":"any","value":"<string>","key":"offerId","description":"(Required) "}]},"header":[{"description":{"content":"Added as a part of security scheme: bearer","type":"text/plain"},"key":"Authorization","value":"Bearer <token>"},{"disabled":false,"description":"(Required) Retrieve an access token through the Access Token API. Access token is required in every request. Refer to documentation on access token  (https://card.developer.fiserv.com/apis/token).Tokens expire after 15 minutes. Provide the value as follows in the header. Authorization: Bearer <Access Token Value>","key":"Authorization","value":"Bearer USlfM8dilzKZPcuGGP3BfVLd7Snk"},{"disabled":false,"description":"User who is making this request. This is optional, if passed will be used for granular level auditing.","key":"userId","value":"FDSCARD"},{"disabled":false,"description":"(Required) Required. Provide 8 digit integer client id","key":"x-fapi-financial-id","value":"12345678"}],"method":"POST","body":{"mode":"raw","raw":"{\n  \"accountNumber\": \"123456789\",\n  \"cardNumber\": \"4000200030004000\"\n}","options":{"raw":{"language":"json"}}}},"status":"Unprocessable Entity (WebDAV) (RFC 4918)","code":422,"header":[{"disabled":false,"description":"unique transaction ID created for each request for tracking purposes","key":"x-fapi-interaction-id","value":"95ad42fb-afd1-2121-b794-3ed29342ks42"},{"key":"Content-Type","value":"text/plain"}],"body":"","cookie":[],"_postman_previewlanguage":"text"},{"id":"a380e84a-454f-44c1-af92-a23e11f48251","name":"Too Many Requests","originalRequest":{"url":{"path":["v1","offers",":offerId"],"host":["{{baseUrl}}"],"query":[],"variable":[{"disabled":false,"type":"any","value":"<string>","key":"offerId","description":"(Required) "}]},"header":[{"description":{"content":"Added as a part of security scheme: bearer","type":"text/plain"},"key":"Authorization","value":"Bearer <token>"},{"disabled":false,"description":"(Required) Retrieve an access token through the Access Token API. Access token is required in every request. Refer to documentation on access token  (https://card.developer.fiserv.com/apis/token).Tokens expire after 15 minutes. Provide the value as follows in the header. Authorization: Bearer <Access Token Value>","key":"Authorization","value":"Bearer USlfM8dilzKZPcuGGP3BfVLd7Snk"},{"disabled":false,"description":"User who is making this request. This is optional, if passed will be used for granular level auditing.","key":"userId","value":"FDSCARD"},{"disabled":false,"description":"(Required) Required. Provide 8 digit integer client id","key":"x-fapi-financial-id","value":"12345678"}],"method":"POST","body":{"mode":"raw","raw":"{\n  \"accountNumber\": \"123456789\",\n  \"cardNumber\": \"4000200030004000\"\n}","options":{"raw":{"language":"json"}}}},"status":"Too Many Requests","code":429,"header":[{"disabled":false,"description":"unique transaction ID created for each request for tracking purposes","key":"x-fapi-interaction-id","value":"95ad42fb-afd1-2121-b794-3ed29342ks42"},{"key":"Content-Type","value":"text/plain"}],"body":"","cookie":[],"_postman_previewlanguage":"text"},{"id":"01a2007d-e089-4daf-9e3f-67a2688b3b01","name":"Internal Server Error","originalRequest":{"url":{"path":["v1","offers",":offerId"],"host":["{{baseUrl}}"],"query":[],"variable":[{"disabled":false,"type":"any","value":"<string>","key":"offerId","description":"(Required) "}]},"header":[{"description":{"content":"Added as a part of security scheme: bearer","type":"text/plain"},"key":"Authorization","value":"Bearer <token>"},{"disabled":false,"description":"(Required) Retrieve an access token through the Access Token API. Access token is required in every request. Refer to documentation on access token  (https://card.developer.fiserv.com/apis/token).Tokens expire after 15 minutes. Provide the value as follows in the header. Authorization: Bearer <Access Token Value>","key":"Authorization","value":"Bearer USlfM8dilzKZPcuGGP3BfVLd7Snk"},{"disabled":false,"description":"User who is making this request. This is optional, if passed will be used for granular level auditing.","key":"userId","value":"FDSCARD"},{"disabled":false,"description":"(Required) Required. Provide 8 digit integer client id","key":"x-fapi-financial-id","value":"12345678"},{"key":"Accept","value":"application/json"}],"method":"POST","body":{"mode":"raw","raw":"{\n  \"accountNumber\": \"123456789\",\n  \"cardNumber\": \"4000200030004000\"\n}","options":{"raw":{"language":"json"}}}},"status":"Internal Server Error","code":500,"header":[{"disabled":false,"description":"unique transaction ID created for each request for tracking purposes","key":"x-fapi-interaction-id","value":"95ad42fb-afd1-2121-b794-3ed29342ks42"},{"key":"Content-Type","value":"application/json"}],"body":"{\n  \"errorResponse\": {\n    \"code\": \"500-01\",\n    \"message\": \"internal server error\",\n    \"developerInfo\": {\n      \"developerMessage\": \"internal server error\",\n      \"moreInfo\": \"There was a problem handling your request.  Please try again.  If the problem persists please contact Fiserv ETSD at 888-243-2543 (unique messageID included below)\",\n      \"messageid\": \"25557-84290371-1\"\n    }\n  }\n}","cookie":[],"_postman_previewlanguage":"json"}],"event":[],"protocolProfileBehavior":{"disableBodyPruning":true}}],"event":[]}],"event":[],"variable":[{"type":"string","value":"https://card.api.fiservapps.com/cs/rewards","key":"baseUrl"}],"auth":{"type":"bearer","bearer":[{"key":"token","value":"{{bearerToken}}"}]},"info":{"_postman_id":"df2fc7e7-bec1-4a07-8639-e08d351026b5","name":"Rewards","schema":"https://schema.getpostman.com/json/collection/v2.1.0/collection.json","description":{"content":"uChoose Rewards API. This API provides functionality to clients for searching, viewing, consuming uChoose Offers and Points.","type":"text/plain"}}}