{"item":[{"id":"9b02d598-d108-464d-9e62-ed2f1734d8d1","name":"v1/exemptions","item":[{"id":"4e2f7531-9ff1-4af0-b57f-992c60491479","name":"Add travel exemptions for the requested primary account number (PAN).","request":{"name":"Add travel exemptions for the requested primary account number (PAN).","description":{},"url":{"path":["v1","exemptions"],"host":["{{baseUrl}}"],"query":[],"variable":[]},"header":[{"disabled":false,"description":"(Required) Required. Enter the client id.","key":"x-fapi-financial-id","value":"<string>"},{"disabled":false,"description":"Enter the transaction/correlation id","key":"x-fapi-interaction-id","value":"<string>"},{"key":"Content-Type","value":"application/json"},{"key":"Accept","value":"application/json"}],"method":"POST","auth":null,"body":{"mode":"raw","raw":"{\n  \"cardholder\": {\n    \"pan\": \"<string>\",\n    \"memberNumber\": \"<string>\",\n    \"firstName\": \"<string>\",\n    \"lastName\": \"<string>\",\n    \"middleInitial\": \"<string>\",\n    \"zip\": \"<string>\"\n  },\n  \"client\": {\n    \"applicationName\": \"<string>\",\n    \"auditId\": \"<string>\",\n    \"id\": \"<string>\",\n    \"vendorName\": \"<string>\"\n  },\n  \"endDateTime\": \"<yyyy-mm-ddThh:mm:ss[.mmm]±[hh]:[mm] or yyyy-mm-ddThh:mm:ss[.mmm]Z>\",\n  \"exemptionCodes\": {\n    \"stateCountryCodes\": [\n      \"<string>\",\n      \"<string>\"\n    ]\n  },\n  \"startDateTime\": \"<yyyy-mm-ddThh:mm:ss[.mmm]±[hh]:[mm] or yyyy-mm-ddThh:mm:ss[.mmm]Z>\"\n}","options":{"raw":{"language":"json"}}}},"response":[{"id":"ade4fc6b-31a3-4cf3-802a-fec4ec021961","name":"Created","originalRequest":{"url":{"path":["v1","exemptions"],"host":["{{baseUrl}}"],"query":[],"variable":[]},"header":[{"description":{"content":"Added as a part of security scheme: apikey","type":"text/plain"},"key":"Authorization","value":"<API Key>"},{"disabled":false,"description":"(Required) Required. Enter the client id.","key":"x-fapi-financial-id","value":"<string>"},{"disabled":false,"description":"Enter the transaction/correlation id","key":"x-fapi-interaction-id","value":"<string>"},{"disabled":false,"description":"(Required) Enter 'Bearer ' followed by the access token. Please refer to documentation on bearer token. ","key":"Authorization","value":"cillum"},{"key":"Accept","value":"application/json"}],"method":"POST","body":{"mode":"raw","raw":"{\n  \"cardholder\": {\n    \"pan\": \"2222979764340017\",\n    \"memberNumber\": \"0\",\n    \"firstName\": \"SUMITRA\",\n    \"lastName\": \"VEER\",\n    \"middleInitial\": \"S\",\n    \"zip\": \"20120\"\n  },\n  \"client\": {\n    \"applicationName\": \"OpenSystems\",\n    \"auditId\": \"84014831\",\n    \"id\": \"84014831\",\n    \"vendorName\": \"Mobiliti\"\n  },\n  \"endDateTime\": \"2020-08-11T10:50:00Z\",\n  \"exemptionCodes\": {\n    \"stateCountryCodes\": [\n      \"AFG\",\n      \"AFG\"\n    ]\n  },\n  \"startDateTime\": \"2020-07-30T22:15:00Z\"\n}","options":{"raw":{"language":"json"}}}},"status":"Created","code":201,"header":[{"disabled":false,"description":"Represents a transaction ID created with each request","key":"x-fapi-interaction-id","value":"cillum"},{"key":"Content-Type","value":"application/json"}],"body":"{\n  \"travelExemptions\": [\n    {\n      \"endDateTime\": \"2020-07-31T03:59:00Z\",\n      \"exemptionNumber\": -63398927.895862214,\n      \"lastUpdatedDateTime\": \"2019-06-07T07:00:00Z\",\n      \"startDateTime\": \"2019-07-20T07:00:00Z\",\n      \"exemptionCodes\": {\n        \"stateCountryCodes\": [\n          \"AFG\",\n          \"AFG\"\n        ]\n      }\n    },\n    {\n      \"endDateTime\": \"2020-07-31T03:59:00Z\",\n      \"exemptionNumber\": 78727909.002273,\n      \"lastUpdatedDateTime\": \"2019-06-07T07:00:00Z\",\n      \"startDateTime\": \"2019-07-20T07:00:00Z\",\n      \"exemptionCodes\": {\n        \"stateCountryCodes\": [\n          \"AFG\",\n          \"AFG\"\n        ]\n      }\n    }\n  ],\n  \"exclusions\": [\n    {\n      \"code\": \"AGO\",\n      \"type\": \"C\"\n    },\n    {\n      \"code\": \"AGO\",\n      \"type\": \"C\"\n    }\n  ]\n}","cookie":[],"_postman_previewlanguage":"json"},{"id":"27d2f63d-03a6-46a6-8dd0-77a81c325d8c","name":"Bad Request","originalRequest":{"url":{"path":["v1","exemptions"],"host":["{{baseUrl}}"],"query":[],"variable":[]},"header":[{"description":{"content":"Added as a part of security scheme: apikey","type":"text/plain"},"key":"Authorization","value":"<API Key>"},{"disabled":false,"description":"(Required) Required. Enter the client id.","key":"x-fapi-financial-id","value":"<string>"},{"disabled":false,"description":"Enter the transaction/correlation id","key":"x-fapi-interaction-id","value":"<string>"},{"disabled":false,"description":"(Required) Enter 'Bearer ' followed by the access token. Please refer to documentation on bearer token. ","key":"Authorization","value":"cillum"},{"key":"Accept","value":"application/json"}],"method":"POST","body":{"mode":"raw","raw":"{\n  \"cardholder\": {\n    \"pan\": \"2222979764340017\",\n    \"memberNumber\": \"0\",\n    \"firstName\": \"SUMITRA\",\n    \"lastName\": \"VEER\",\n    \"middleInitial\": \"S\",\n    \"zip\": \"20120\"\n  },\n  \"client\": {\n    \"applicationName\": \"OpenSystems\",\n    \"auditId\": \"84014831\",\n    \"id\": \"84014831\",\n    \"vendorName\": \"Mobiliti\"\n  },\n  \"endDateTime\": \"2020-08-11T10:50:00Z\",\n  \"exemptionCodes\": {\n    \"stateCountryCodes\": [\n      \"AFG\",\n      \"AFG\"\n    ]\n  },\n  \"startDateTime\": \"2020-07-30T22:15:00Z\"\n}","options":{"raw":{"language":"json"}}}},"status":"Bad Request","code":400,"header":[{"disabled":false,"description":"Represents a transaction ID created with each request","key":"x-fapi-interaction-id","value":"cillum"},{"key":"Content-Type","value":"application/json"}],"body":"{\n  \"errors\": [\n    {\n      \"code\": \"WS100\",\n      \"description\": \"Information entered is invalid-please revise and try again.\"\n    }\n  ]\n}","cookie":[],"_postman_previewlanguage":"json"},{"id":"92af6eb7-9e22-424a-9682-bf3972e3a6dc","name":"Unauthorized access","originalRequest":{"url":{"path":["v1","exemptions"],"host":["{{baseUrl}}"],"query":[],"variable":[]},"header":[{"description":{"content":"Added as a part of security scheme: apikey","type":"text/plain"},"key":"Authorization","value":"<API Key>"},{"disabled":false,"description":"(Required) Required. Enter the client id.","key":"x-fapi-financial-id","value":"<string>"},{"disabled":false,"description":"Enter the transaction/correlation id","key":"x-fapi-interaction-id","value":"<string>"},{"disabled":false,"description":"(Required) Enter 'Bearer ' followed by the access token. Please refer to documentation on bearer token. ","key":"Authorization","value":"cillum"},{"key":"Accept","value":"application/json"}],"method":"POST","body":{"mode":"raw","raw":"{\n  \"cardholder\": {\n    \"pan\": \"2222979764340017\",\n    \"memberNumber\": \"0\",\n    \"firstName\": \"SUMITRA\",\n    \"lastName\": \"VEER\",\n    \"middleInitial\": \"S\",\n    \"zip\": \"20120\"\n  },\n  \"client\": {\n    \"applicationName\": \"OpenSystems\",\n    \"auditId\": \"84014831\",\n    \"id\": \"84014831\",\n    \"vendorName\": \"Mobiliti\"\n  },\n  \"endDateTime\": \"2020-08-11T10:50:00Z\",\n  \"exemptionCodes\": {\n    \"stateCountryCodes\": [\n      \"AFG\",\n      \"AFG\"\n    ]\n  },\n  \"startDateTime\": \"2020-07-30T22:15:00Z\"\n}","options":{"raw":{"language":"json"}}}},"status":"Unauthorized","code":401,"header":[{"key":"Content-Type","value":"application/json"}],"body":"{\n  \"errors\": [\n    {\n      \"code\": 401,\n      \"description\": \"Invalid access token\"\n    }\n  ]\n}","cookie":[],"_postman_previewlanguage":"json"},{"id":"93e050f8-e258-4b7e-b054-a625bbfdbe88","name":"Resource Not Found","originalRequest":{"url":{"path":["v1","exemptions"],"host":["{{baseUrl}}"],"query":[],"variable":[]},"header":[{"description":{"content":"Added as a part of security scheme: apikey","type":"text/plain"},"key":"Authorization","value":"<API Key>"},{"disabled":false,"description":"(Required) Required. Enter the client id.","key":"x-fapi-financial-id","value":"<string>"},{"disabled":false,"description":"Enter the transaction/correlation id","key":"x-fapi-interaction-id","value":"<string>"},{"disabled":false,"description":"(Required) Enter 'Bearer ' followed by the access token. Please refer to documentation on bearer token. ","key":"Authorization","value":"cillum"}],"method":"POST","body":{"mode":"raw","raw":"{\n  \"cardholder\": {\n    \"pan\": \"2222979764340017\",\n    \"memberNumber\": \"0\",\n    \"firstName\": \"SUMITRA\",\n    \"lastName\": \"VEER\",\n    \"middleInitial\": \"S\",\n    \"zip\": \"20120\"\n  },\n  \"client\": {\n    \"applicationName\": \"OpenSystems\",\n    \"auditId\": \"84014831\",\n    \"id\": \"84014831\",\n    \"vendorName\": \"Mobiliti\"\n  },\n  \"endDateTime\": \"2020-08-11T10:50:00Z\",\n  \"exemptionCodes\": {\n    \"stateCountryCodes\": [\n      \"AFG\",\n      \"AFG\"\n    ]\n  },\n  \"startDateTime\": \"2020-07-30T22:15:00Z\"\n}","options":{"raw":{"language":"json"}}}},"status":"Not Found","code":404,"header":[{"key":"Content-Type","value":"text/plain"}],"body":"","cookie":[],"_postman_previewlanguage":"text"},{"id":"47064cf7-8cba-48b6-8104-2cce0e9c2519","name":"Unsupported Media Type","originalRequest":{"url":{"path":["v1","exemptions"],"host":["{{baseUrl}}"],"query":[],"variable":[]},"header":[{"description":{"content":"Added as a part of security scheme: apikey","type":"text/plain"},"key":"Authorization","value":"<API Key>"},{"disabled":false,"description":"(Required) Required. Enter the client id.","key":"x-fapi-financial-id","value":"<string>"},{"disabled":false,"description":"Enter the transaction/correlation id","key":"x-fapi-interaction-id","value":"<string>"},{"disabled":false,"description":"(Required) Enter 'Bearer ' followed by the access token. Please refer to documentation on bearer token. ","key":"Authorization","value":"cillum"},{"key":"Accept","value":"application/json"}],"method":"POST","body":{"mode":"raw","raw":"{\n  \"cardholder\": {\n    \"pan\": \"2222979764340017\",\n    \"memberNumber\": \"0\",\n    \"firstName\": \"SUMITRA\",\n    \"lastName\": \"VEER\",\n    \"middleInitial\": \"S\",\n    \"zip\": \"20120\"\n  },\n  \"client\": {\n    \"applicationName\": \"OpenSystems\",\n    \"auditId\": \"84014831\",\n    \"id\": \"84014831\",\n    \"vendorName\": \"Mobiliti\"\n  },\n  \"endDateTime\": \"2020-08-11T10:50:00Z\",\n  \"exemptionCodes\": {\n    \"stateCountryCodes\": [\n      \"AFG\",\n      \"AFG\"\n    ]\n  },\n  \"startDateTime\": \"2020-07-30T22:15:00Z\"\n}","options":{"raw":{"language":"json"}}}},"status":"Unsupported Media Type","code":415,"header":[{"disabled":false,"description":"transaction ID created with each request","key":"x-fapi-interaction-id","value":"cillum"},{"key":"Content-Type","value":"application/json"}],"body":"{\n  \"errors\": [\n    {\n      \"code\": 415,\n      \"description\": \"unsupported Media Type\"\n    }\n  ]\n}","cookie":[],"_postman_previewlanguage":"json"},{"id":"84da744c-9397-4fee-ad5d-406ca0224d62","name":"Too Many Requests","originalRequest":{"url":{"path":["v1","exemptions"],"host":["{{baseUrl}}"],"query":[],"variable":[]},"header":[{"description":{"content":"Added as a part of security scheme: apikey","type":"text/plain"},"key":"Authorization","value":"<API Key>"},{"disabled":false,"description":"(Required) Required. Enter the client id.","key":"x-fapi-financial-id","value":"<string>"},{"disabled":false,"description":"Enter the transaction/correlation id","key":"x-fapi-interaction-id","value":"<string>"},{"disabled":false,"description":"(Required) Enter 'Bearer ' followed by the access token. Please refer to documentation on bearer token. ","key":"Authorization","value":"cillum"},{"key":"Accept","value":"application/json"}],"method":"POST","body":{"mode":"raw","raw":"{\n  \"cardholder\": {\n    \"pan\": \"2222979764340017\",\n    \"memberNumber\": \"0\",\n    \"firstName\": \"SUMITRA\",\n    \"lastName\": \"VEER\",\n    \"middleInitial\": \"S\",\n    \"zip\": \"20120\"\n  },\n  \"client\": {\n    \"applicationName\": \"OpenSystems\",\n    \"auditId\": \"84014831\",\n    \"id\": \"84014831\",\n    \"vendorName\": \"Mobiliti\"\n  },\n  \"endDateTime\": \"2020-08-11T10:50:00Z\",\n  \"exemptionCodes\": {\n    \"stateCountryCodes\": [\n      \"AFG\",\n      \"AFG\"\n    ]\n  },\n  \"startDateTime\": \"2020-07-30T22:15:00Z\"\n}","options":{"raw":{"language":"json"}}}},"status":"Too Many Requests","code":429,"header":[{"disabled":false,"description":"transaction ID created with each request","key":"x-fapi-interaction-id","value":"cillum"},{"key":"Content-Type","value":"application/json"}],"body":"{\n  \"errors\": [\n    {\n      \"code\": 429,\n      \"description\": \"Rate limit quota violation. Quota limit  exceeded.\"\n    }\n  ]\n}","cookie":[],"_postman_previewlanguage":"json"},{"id":"698b844c-cdd2-4a64-82d3-72b472eedef2","name":"Server Error","originalRequest":{"url":{"path":["v1","exemptions"],"host":["{{baseUrl}}"],"query":[],"variable":[]},"header":[{"description":{"content":"Added as a part of security scheme: apikey","type":"text/plain"},"key":"Authorization","value":"<API Key>"},{"disabled":false,"description":"(Required) Required. Enter the client id.","key":"x-fapi-financial-id","value":"<string>"},{"disabled":false,"description":"Enter the transaction/correlation id","key":"x-fapi-interaction-id","value":"<string>"},{"disabled":false,"description":"(Required) Enter 'Bearer ' followed by the access token. Please refer to documentation on bearer token. ","key":"Authorization","value":"cillum"},{"key":"Accept","value":"application/json"}],"method":"POST","body":{"mode":"raw","raw":"{\n  \"cardholder\": {\n    \"pan\": \"2222979764340017\",\n    \"memberNumber\": \"0\",\n    \"firstName\": \"SUMITRA\",\n    \"lastName\": \"VEER\",\n    \"middleInitial\": \"S\",\n    \"zip\": \"20120\"\n  },\n  \"client\": {\n    \"applicationName\": \"OpenSystems\",\n    \"auditId\": \"84014831\",\n    \"id\": \"84014831\",\n    \"vendorName\": \"Mobiliti\"\n  },\n  \"endDateTime\": \"2020-08-11T10:50:00Z\",\n  \"exemptionCodes\": {\n    \"stateCountryCodes\": [\n      \"AFG\",\n      \"AFG\"\n    ]\n  },\n  \"startDateTime\": \"2020-07-30T22:15:00Z\"\n}","options":{"raw":{"language":"json"}}}},"status":"Internal Server Error","code":500,"header":[{"disabled":false,"description":"transaction ID created with each request","key":"x-fapi-interaction-id","value":"cillum"},{"key":"Content-Type","value":"application/json"}],"body":"{\n  \"errorResponse\": {\n    \"code\": \"500-01\",\n    \"message\": \"internal server error\",\n    \"developerInfo\": {\n      \"developerMessage\": \"internal server error\",\n      \"moreInfo\": \"There was a problem handling your request.  Please try again.  If the problem persists please contact Fiserv ETSD at 888-243-2543 (you unique messageID included below)\",\n      \"messageid\": \"25557-84290371-1\"\n    }\n  }\n}","cookie":[],"_postman_previewlanguage":"json"}],"event":[],"protocolProfileBehavior":{"disableBodyPruning":true}},{"id":"efdda7e5-e9d4-4cbd-afd3-5c00ade42d73","name":"Update travel exemptions for the requested primary account number (PAN).","request":{"name":"Update travel exemptions for the requested primary account number (PAN).","description":{},"url":{"path":["v1","exemptions"],"host":["{{baseUrl}}"],"query":[],"variable":[]},"header":[{"disabled":false,"description":"(Required) Required. Enter the client id.","key":"x-fapi-financial-id","value":"<string>"},{"disabled":false,"description":"Enter the transaction/correlation id","key":"x-fapi-interaction-id","value":"<string>"},{"key":"Content-Type","value":"application/json"},{"key":"Accept","value":"application/json"}],"method":"PUT","auth":null,"body":{"mode":"raw","raw":"{\n  \"cardholder\": {\n    \"pan\": \"<string>\",\n    \"memberNumber\": \"<string>\",\n    \"firstName\": \"<string>\",\n    \"lastName\": \"<string>\",\n    \"middleInitial\": \"<string>\",\n    \"zip\": \"<string>\"\n  },\n  \"client\": {\n    \"applicationName\": \"<string>\",\n    \"auditId\": \"<string>\",\n    \"id\": \"<string>\",\n    \"vendorName\": \"<string>\"\n  },\n  \"endDateTime\": \"<yyyy-mm-ddThh:mm:ss[.mmm]±[hh]:[mm] or yyyy-mm-ddThh:mm:ss[.mmm]Z>\",\n  \"exemptionNumber\": \"<number>\",\n  \"startDateTime\": \"<yyyy-mm-ddThh:mm:ss[.mmm]±[hh]:[mm] or yyyy-mm-ddThh:mm:ss[.mmm]Z>\",\n  \"exemptionCodes\": {\n    \"stateCountryCodes\": [\n      \"<string>\",\n      \"<string>\"\n    ]\n  }\n}","options":{"raw":{"language":"json"}}}},"response":[{"id":"76c5ea45-208f-4a85-935c-391350ec6082","name":"Success","originalRequest":{"url":{"path":["v1","exemptions"],"host":["{{baseUrl}}"],"query":[],"variable":[]},"header":[{"description":{"content":"Added as a part of security scheme: apikey","type":"text/plain"},"key":"Authorization","value":"<API Key>"},{"disabled":false,"description":"(Required) Required. Enter the client id.","key":"x-fapi-financial-id","value":"<string>"},{"disabled":false,"description":"Enter the transaction/correlation id","key":"x-fapi-interaction-id","value":"<string>"},{"disabled":false,"description":"(Required) Enter 'Bearer ' followed by the access token. Please refer to documentation on bearer token. ","key":"Authorization","value":"cillum"},{"key":"Accept","value":"application/json"}],"method":"PUT","body":{"mode":"raw","raw":"{\n  \"cardholder\": {\n    \"pan\": \"2222979764340017\",\n    \"memberNumber\": \"0\",\n    \"firstName\": \"SUMITRA\",\n    \"lastName\": \"VEER\",\n    \"middleInitial\": \"S\",\n    \"zip\": \"20120\"\n  },\n  \"client\": {\n    \"applicationName\": \"OpenSystems\",\n    \"auditId\": \"84014831\",\n    \"id\": \"84014831\",\n    \"vendorName\": \"Mobiliti\"\n  },\n  \"endDateTime\": \"2020-08-11T10:50:00Z\",\n  \"exemptionNumber\": \"<number>\",\n  \"startDateTime\": \"2020-07-30T22:15:00Z\",\n  \"exemptionCodes\": {\n    \"stateCountryCodes\": [\n      \"AFG\",\n      \"AFG\"\n    ]\n  }\n}","options":{"raw":{"language":"json"}}}},"status":"OK","code":200,"header":[{"disabled":false,"description":"Represents a transaction ID created with each request","key":"x-fapi-interaction-id","value":"cillum"},{"key":"Content-Type","value":"application/json"}],"body":"{\n  \"travelExemptions\": [\n    {\n      \"endDateTime\": \"2020-07-31T03:59:00Z\",\n      \"exemptionNumber\": -55146411.79707755,\n      \"lastUpdatedDateTime\": \"2019-06-07T07:00:00Z\",\n      \"startDateTime\": \"2019-07-20T07:00:00Z\",\n      \"exemptionCodes\": {\n        \"stateCountryCodes\": [\n          \"AFG\",\n          \"AFG\"\n        ]\n      }\n    },\n    {\n      \"endDateTime\": \"2020-07-31T03:59:00Z\",\n      \"exemptionNumber\": 42543968.14382523,\n      \"lastUpdatedDateTime\": \"2019-06-07T07:00:00Z\",\n      \"startDateTime\": \"2019-07-20T07:00:00Z\",\n      \"exemptionCodes\": {\n        \"stateCountryCodes\": [\n          \"AFG\",\n          \"AFG\"\n        ]\n      }\n    }\n  ],\n  \"exclusions\": [\n    {\n      \"code\": \"AGO\",\n      \"type\": \"C\"\n    },\n    {\n      \"code\": \"AGO\",\n      \"type\": \"C\"\n    }\n  ]\n}","cookie":[],"_postman_previewlanguage":"json"},{"id":"5b8d7d0a-fa9e-4f4a-ae41-3bc1f8cfd87b","name":"Bad Request","originalRequest":{"url":{"path":["v1","exemptions"],"host":["{{baseUrl}}"],"query":[],"variable":[]},"header":[{"description":{"content":"Added as a part of security scheme: apikey","type":"text/plain"},"key":"Authorization","value":"<API Key>"},{"disabled":false,"description":"(Required) Required. Enter the client id.","key":"x-fapi-financial-id","value":"<string>"},{"disabled":false,"description":"Enter the transaction/correlation id","key":"x-fapi-interaction-id","value":"<string>"},{"disabled":false,"description":"(Required) Enter 'Bearer ' followed by the access token. Please refer to documentation on bearer token. ","key":"Authorization","value":"cillum"},{"key":"Accept","value":"application/json"}],"method":"PUT","body":{"mode":"raw","raw":"{\n  \"cardholder\": {\n    \"pan\": \"2222979764340017\",\n    \"memberNumber\": \"0\",\n    \"firstName\": \"SUMITRA\",\n    \"lastName\": \"VEER\",\n    \"middleInitial\": \"S\",\n    \"zip\": \"20120\"\n  },\n  \"client\": {\n    \"applicationName\": \"OpenSystems\",\n    \"auditId\": \"84014831\",\n    \"id\": \"84014831\",\n    \"vendorName\": \"Mobiliti\"\n  },\n  \"endDateTime\": \"2020-08-11T10:50:00Z\",\n  \"exemptionNumber\": \"<number>\",\n  \"startDateTime\": \"2020-07-30T22:15:00Z\",\n  \"exemptionCodes\": {\n    \"stateCountryCodes\": [\n      \"AFG\",\n      \"AFG\"\n    ]\n  }\n}","options":{"raw":{"language":"json"}}}},"status":"Bad Request","code":400,"header":[{"disabled":false,"description":"Represents a transaction ID created with each request","key":"x-fapi-interaction-id","value":"cillum"},{"key":"Content-Type","value":"application/json"}],"body":"{\n  \"errors\": [\n    {\n      \"code\": \"WS100\",\n      \"description\": \"Information entered is invalid-please revise and try again.\"\n    }\n  ]\n}","cookie":[],"_postman_previewlanguage":"json"},{"id":"9dfc0a41-bef5-4939-accb-8ebdcc8658b6","name":"Unauthorized access","originalRequest":{"url":{"path":["v1","exemptions"],"host":["{{baseUrl}}"],"query":[],"variable":[]},"header":[{"description":{"content":"Added as a part of security scheme: apikey","type":"text/plain"},"key":"Authorization","value":"<API Key>"},{"disabled":false,"description":"(Required) Required. Enter the client id.","key":"x-fapi-financial-id","value":"<string>"},{"disabled":false,"description":"Enter the transaction/correlation id","key":"x-fapi-interaction-id","value":"<string>"},{"disabled":false,"description":"(Required) Enter 'Bearer ' followed by the access token. Please refer to documentation on bearer token. ","key":"Authorization","value":"cillum"},{"key":"Accept","value":"application/json"}],"method":"PUT","body":{"mode":"raw","raw":"{\n  \"cardholder\": {\n    \"pan\": \"2222979764340017\",\n    \"memberNumber\": \"0\",\n    \"firstName\": \"SUMITRA\",\n    \"lastName\": \"VEER\",\n    \"middleInitial\": \"S\",\n    \"zip\": \"20120\"\n  },\n  \"client\": {\n    \"applicationName\": \"OpenSystems\",\n    \"auditId\": \"84014831\",\n    \"id\": \"84014831\",\n    \"vendorName\": \"Mobiliti\"\n  },\n  \"endDateTime\": \"2020-08-11T10:50:00Z\",\n  \"exemptionNumber\": \"<number>\",\n  \"startDateTime\": \"2020-07-30T22:15:00Z\",\n  \"exemptionCodes\": {\n    \"stateCountryCodes\": [\n      \"AFG\",\n      \"AFG\"\n    ]\n  }\n}","options":{"raw":{"language":"json"}}}},"status":"Unauthorized","code":401,"header":[{"key":"Content-Type","value":"application/json"}],"body":"{\n  \"errors\": [\n    {\n      \"code\": 401,\n      \"description\": \"Invalid access token\"\n    }\n  ]\n}","cookie":[],"_postman_previewlanguage":"json"},{"id":"40759537-98f3-48e2-894b-46d3bdc4c2da","name":"Resource Not Found","originalRequest":{"url":{"path":["v1","exemptions"],"host":["{{baseUrl}}"],"query":[],"variable":[]},"header":[{"description":{"content":"Added as a part of security scheme: apikey","type":"text/plain"},"key":"Authorization","value":"<API Key>"},{"disabled":false,"description":"(Required) Required. Enter the client id.","key":"x-fapi-financial-id","value":"<string>"},{"disabled":false,"description":"Enter the transaction/correlation id","key":"x-fapi-interaction-id","value":"<string>"},{"disabled":false,"description":"(Required) Enter 'Bearer ' followed by the access token. Please refer to documentation on bearer token. ","key":"Authorization","value":"cillum"}],"method":"PUT","body":{"mode":"raw","raw":"{\n  \"cardholder\": {\n    \"pan\": \"2222979764340017\",\n    \"memberNumber\": \"0\",\n    \"firstName\": \"SUMITRA\",\n    \"lastName\": \"VEER\",\n    \"middleInitial\": \"S\",\n    \"zip\": \"20120\"\n  },\n  \"client\": {\n    \"applicationName\": \"OpenSystems\",\n    \"auditId\": \"84014831\",\n    \"id\": \"84014831\",\n    \"vendorName\": \"Mobiliti\"\n  },\n  \"endDateTime\": \"2020-08-11T10:50:00Z\",\n  \"exemptionNumber\": \"<number>\",\n  \"startDateTime\": \"2020-07-30T22:15:00Z\",\n  \"exemptionCodes\": {\n    \"stateCountryCodes\": [\n      \"AFG\",\n      \"AFG\"\n    ]\n  }\n}","options":{"raw":{"language":"json"}}}},"status":"Not Found","code":404,"header":[{"key":"Content-Type","value":"text/plain"}],"body":"","cookie":[],"_postman_previewlanguage":"text"},{"id":"bf96e920-9309-443e-9bea-d282bee797ab","name":"Unsupported Media Type","originalRequest":{"url":{"path":["v1","exemptions"],"host":["{{baseUrl}}"],"query":[],"variable":[]},"header":[{"description":{"content":"Added as a part of security scheme: apikey","type":"text/plain"},"key":"Authorization","value":"<API Key>"},{"disabled":false,"description":"(Required) Required. Enter the client id.","key":"x-fapi-financial-id","value":"<string>"},{"disabled":false,"description":"Enter the transaction/correlation id","key":"x-fapi-interaction-id","value":"<string>"},{"disabled":false,"description":"(Required) Enter 'Bearer ' followed by the access token. Please refer to documentation on bearer token. ","key":"Authorization","value":"cillum"},{"key":"Accept","value":"application/json"}],"method":"PUT","body":{"mode":"raw","raw":"{\n  \"cardholder\": {\n    \"pan\": \"2222979764340017\",\n    \"memberNumber\": \"0\",\n    \"firstName\": \"SUMITRA\",\n    \"lastName\": \"VEER\",\n    \"middleInitial\": \"S\",\n    \"zip\": \"20120\"\n  },\n  \"client\": {\n    \"applicationName\": \"OpenSystems\",\n    \"auditId\": \"84014831\",\n    \"id\": \"84014831\",\n    \"vendorName\": \"Mobiliti\"\n  },\n  \"endDateTime\": \"2020-08-11T10:50:00Z\",\n  \"exemptionNumber\": \"<number>\",\n  \"startDateTime\": \"2020-07-30T22:15:00Z\",\n  \"exemptionCodes\": {\n    \"stateCountryCodes\": [\n      \"AFG\",\n      \"AFG\"\n    ]\n  }\n}","options":{"raw":{"language":"json"}}}},"status":"Unsupported Media Type","code":415,"header":[{"disabled":false,"description":"transaction ID created with each request","key":"x-fapi-interaction-id","value":"cillum"},{"key":"Content-Type","value":"application/json"}],"body":"{\n  \"errors\": [\n    {\n      \"code\": 415,\n      \"description\": \"unsupported Media Type\"\n    }\n  ]\n}","cookie":[],"_postman_previewlanguage":"json"},{"id":"4a0a60aa-6abe-4adb-acd6-74d99787aee3","name":"Too Many Requests","originalRequest":{"url":{"path":["v1","exemptions"],"host":["{{baseUrl}}"],"query":[],"variable":[]},"header":[{"description":{"content":"Added as a part of security scheme: apikey","type":"text/plain"},"key":"Authorization","value":"<API Key>"},{"disabled":false,"description":"(Required) Required. Enter the client id.","key":"x-fapi-financial-id","value":"<string>"},{"disabled":false,"description":"Enter the transaction/correlation id","key":"x-fapi-interaction-id","value":"<string>"},{"disabled":false,"description":"(Required) Enter 'Bearer ' followed by the access token. Please refer to documentation on bearer token. ","key":"Authorization","value":"cillum"},{"key":"Accept","value":"application/json"}],"method":"PUT","body":{"mode":"raw","raw":"{\n  \"cardholder\": {\n    \"pan\": \"2222979764340017\",\n    \"memberNumber\": \"0\",\n    \"firstName\": \"SUMITRA\",\n    \"lastName\": \"VEER\",\n    \"middleInitial\": \"S\",\n    \"zip\": \"20120\"\n  },\n  \"client\": {\n    \"applicationName\": \"OpenSystems\",\n    \"auditId\": \"84014831\",\n    \"id\": \"84014831\",\n    \"vendorName\": \"Mobiliti\"\n  },\n  \"endDateTime\": \"2020-08-11T10:50:00Z\",\n  \"exemptionNumber\": \"<number>\",\n  \"startDateTime\": \"2020-07-30T22:15:00Z\",\n  \"exemptionCodes\": {\n    \"stateCountryCodes\": [\n      \"AFG\",\n      \"AFG\"\n    ]\n  }\n}","options":{"raw":{"language":"json"}}}},"status":"Too Many Requests","code":429,"header":[{"disabled":false,"description":"transaction ID created with each request","key":"x-fapi-interaction-id","value":"cillum"},{"key":"Content-Type","value":"application/json"}],"body":"{\n  \"errors\": [\n    {\n      \"code\": 429,\n      \"description\": \"Rate limit quota violation. Quota limit  exceeded.\"\n    }\n  ]\n}","cookie":[],"_postman_previewlanguage":"json"},{"id":"05c333f1-2e50-4165-a50b-8dc96243c25f","name":"Server Error","originalRequest":{"url":{"path":["v1","exemptions"],"host":["{{baseUrl}}"],"query":[],"variable":[]},"header":[{"description":{"content":"Added as a part of security scheme: apikey","type":"text/plain"},"key":"Authorization","value":"<API Key>"},{"disabled":false,"description":"(Required) Required. Enter the client id.","key":"x-fapi-financial-id","value":"<string>"},{"disabled":false,"description":"Enter the transaction/correlation id","key":"x-fapi-interaction-id","value":"<string>"},{"disabled":false,"description":"(Required) Enter 'Bearer ' followed by the access token. Please refer to documentation on bearer token. ","key":"Authorization","value":"cillum"},{"key":"Accept","value":"application/json"}],"method":"PUT","body":{"mode":"raw","raw":"{\n  \"cardholder\": {\n    \"pan\": \"2222979764340017\",\n    \"memberNumber\": \"0\",\n    \"firstName\": \"SUMITRA\",\n    \"lastName\": \"VEER\",\n    \"middleInitial\": \"S\",\n    \"zip\": \"20120\"\n  },\n  \"client\": {\n    \"applicationName\": \"OpenSystems\",\n    \"auditId\": \"84014831\",\n    \"id\": \"84014831\",\n    \"vendorName\": \"Mobiliti\"\n  },\n  \"endDateTime\": \"2020-08-11T10:50:00Z\",\n  \"exemptionNumber\": \"<number>\",\n  \"startDateTime\": \"2020-07-30T22:15:00Z\",\n  \"exemptionCodes\": {\n    \"stateCountryCodes\": [\n      \"AFG\",\n      \"AFG\"\n    ]\n  }\n}","options":{"raw":{"language":"json"}}}},"status":"Internal Server Error","code":500,"header":[{"disabled":false,"description":"transaction ID created with each request","key":"x-fapi-interaction-id","value":"cillum"},{"key":"Content-Type","value":"application/json"}],"body":"{\n  \"errorResponse\": {\n    \"code\": \"500-01\",\n    \"message\": \"internal server error\",\n    \"developerInfo\": {\n      \"developerMessage\": \"internal server error\",\n      \"moreInfo\": \"There was a problem handling your request.  Please try again.  If the problem persists please contact Fiserv ETSD at 888-243-2543 (you unique messageID included below)\",\n      \"messageid\": \"25557-84290371-1\"\n    }\n  }\n}","cookie":[],"_postman_previewlanguage":"json"}],"event":[],"protocolProfileBehavior":{"disableBodyPruning":true}},{"id":"d7caad54-1537-499f-b651-e3bcf5d580f8","name":"Obtain information on all existing travel exemptions for the requested card number.","request":{"name":"Obtain information on all existing travel exemptions for the requested card number.","description":{},"url":{"path":["v1","exemptions","search"],"host":["{{baseUrl}}"],"query":[],"variable":[]},"header":[{"disabled":false,"description":"(Required) Required. Enter the client id.","key":"x-fapi-financial-id","value":"<string>"},{"disabled":false,"description":"Enter the transaction/correlation id","key":"x-fapi-interaction-id","value":"<string>"},{"key":"Content-Type","value":"application/json"},{"key":"Accept","value":"application/json"}],"method":"POST","auth":null,"body":{"mode":"raw","raw":"{\n  \"cardholder\": {\n    \"pan\": \"<string>\",\n    \"memberNumber\": \"<string>\",\n    \"firstName\": \"<string>\",\n    \"lastName\": \"<string>\",\n    \"middleInitial\": \"<string>\",\n    \"zip\": \"<string>\"\n  },\n  \"client\": {\n    \"applicationName\": \"<string>\",\n    \"auditId\": \"<string>\",\n    \"id\": \"<string>\",\n    \"vendorName\": \"<string>\"\n  }\n}","options":{"raw":{"language":"json"}}}},"response":[{"id":"4bd6fb99-9ce9-4cc5-9087-f36a2c1fa95f","name":"Success","originalRequest":{"url":{"path":["v1","exemptions","search"],"host":["{{baseUrl}}"],"query":[],"variable":[]},"header":[{"description":{"content":"Added as a part of security scheme: apikey","type":"text/plain"},"key":"Authorization","value":"<API Key>"},{"disabled":false,"description":"(Required) Required. Enter the client id.","key":"x-fapi-financial-id","value":"<string>"},{"disabled":false,"description":"Enter the transaction/correlation id","key":"x-fapi-interaction-id","value":"<string>"},{"disabled":false,"description":"(Required) Enter 'Bearer ' followed by the access token. Please refer to documentation on bearer token. ","key":"Authorization","value":"cillum"},{"key":"Accept","value":"application/json"}],"method":"POST","body":{"mode":"raw","raw":"{\n  \"cardholder\": {\n    \"pan\": \"2222979764340017\",\n    \"memberNumber\": \"0\",\n    \"firstName\": \"SUMITRA\",\n    \"lastName\": \"VEER\",\n    \"middleInitial\": \"S\",\n    \"zip\": \"20120\"\n  },\n  \"client\": {\n    \"applicationName\": \"OpenSystems\",\n    \"auditId\": \"84014831\",\n    \"id\": \"84014831\",\n    \"vendorName\": \"Mobiliti\"\n  }\n}","options":{"raw":{"language":"json"}}}},"status":"OK","code":200,"header":[{"disabled":false,"description":"Represents a transaction ID created with each request","key":"x-fapi-interaction-id","value":"cillum"},{"key":"Content-Type","value":"application/json"}],"body":"{\n  \"travelExemptions\": [\n    {\n      \"endDateTime\": \"2020-07-31T03:59:00Z\",\n      \"exemptionNumber\": -55146411.79707755,\n      \"lastUpdatedDateTime\": \"2019-06-07T07:00:00Z\",\n      \"startDateTime\": \"2019-07-20T07:00:00Z\",\n      \"exemptionCodes\": {\n        \"stateCountryCodes\": [\n          \"AFG\",\n          \"AFG\"\n        ]\n      }\n    },\n    {\n      \"endDateTime\": \"2020-07-31T03:59:00Z\",\n      \"exemptionNumber\": 42543968.14382523,\n      \"lastUpdatedDateTime\": \"2019-06-07T07:00:00Z\",\n      \"startDateTime\": \"2019-07-20T07:00:00Z\",\n      \"exemptionCodes\": {\n        \"stateCountryCodes\": [\n          \"AFG\",\n          \"AFG\"\n        ]\n      }\n    }\n  ],\n  \"exclusions\": [\n    {\n      \"code\": \"AGO\",\n      \"type\": \"C\"\n    },\n    {\n      \"code\": \"AGO\",\n      \"type\": \"C\"\n    }\n  ]\n}","cookie":[],"_postman_previewlanguage":"json"},{"id":"c2bd7d2e-14e5-48bb-8e7f-d979c3432f44","name":"Bad Request","originalRequest":{"url":{"path":["v1","exemptions","search"],"host":["{{baseUrl}}"],"query":[],"variable":[]},"header":[{"description":{"content":"Added as a part of security scheme: apikey","type":"text/plain"},"key":"Authorization","value":"<API Key>"},{"disabled":false,"description":"(Required) Required. Enter the client id.","key":"x-fapi-financial-id","value":"<string>"},{"disabled":false,"description":"Enter the transaction/correlation id","key":"x-fapi-interaction-id","value":"<string>"},{"disabled":false,"description":"(Required) Enter 'Bearer ' followed by the access token. Please refer to documentation on bearer token. ","key":"Authorization","value":"cillum"},{"key":"Accept","value":"application/json"}],"method":"POST","body":{"mode":"raw","raw":"{\n  \"cardholder\": {\n    \"pan\": \"2222979764340017\",\n    \"memberNumber\": \"0\",\n    \"firstName\": \"SUMITRA\",\n    \"lastName\": \"VEER\",\n    \"middleInitial\": \"S\",\n    \"zip\": \"20120\"\n  },\n  \"client\": {\n    \"applicationName\": \"OpenSystems\",\n    \"auditId\": \"84014831\",\n    \"id\": \"84014831\",\n    \"vendorName\": \"Mobiliti\"\n  }\n}","options":{"raw":{"language":"json"}}}},"status":"Bad Request","code":400,"header":[{"disabled":false,"description":"Represents a transaction ID created with each request","key":"x-fapi-interaction-id","value":"cillum"},{"key":"Content-Type","value":"application/json"}],"body":"{\n  \"errors\": [\n    {\n      \"code\": \"WS100\",\n      \"description\": \"Information entered is invalid-please revise and try again.\"\n    }\n  ]\n}","cookie":[],"_postman_previewlanguage":"json"},{"id":"4810af97-6a08-4ae7-a830-8f8963171035","name":"Unauthorized access","originalRequest":{"url":{"path":["v1","exemptions","search"],"host":["{{baseUrl}}"],"query":[],"variable":[]},"header":[{"description":{"content":"Added as a part of security scheme: apikey","type":"text/plain"},"key":"Authorization","value":"<API Key>"},{"disabled":false,"description":"(Required) Required. Enter the client id.","key":"x-fapi-financial-id","value":"<string>"},{"disabled":false,"description":"Enter the transaction/correlation id","key":"x-fapi-interaction-id","value":"<string>"},{"disabled":false,"description":"(Required) Enter 'Bearer ' followed by the access token. Please refer to documentation on bearer token. ","key":"Authorization","value":"cillum"},{"key":"Accept","value":"application/json"}],"method":"POST","body":{"mode":"raw","raw":"{\n  \"cardholder\": {\n    \"pan\": \"2222979764340017\",\n    \"memberNumber\": \"0\",\n    \"firstName\": \"SUMITRA\",\n    \"lastName\": \"VEER\",\n    \"middleInitial\": \"S\",\n    \"zip\": \"20120\"\n  },\n  \"client\": {\n    \"applicationName\": \"OpenSystems\",\n    \"auditId\": \"84014831\",\n    \"id\": \"84014831\",\n    \"vendorName\": \"Mobiliti\"\n  }\n}","options":{"raw":{"language":"json"}}}},"status":"Unauthorized","code":401,"header":[{"key":"Content-Type","value":"application/json"}],"body":"{\n  \"errors\": [\n    {\n      \"code\": 401,\n      \"description\": \"Invalid access token\"\n    }\n  ]\n}","cookie":[],"_postman_previewlanguage":"json"},{"id":"893a3ba3-f30f-4768-896d-92b0913dbb1a","name":"Resource Not Found","originalRequest":{"url":{"path":["v1","exemptions","search"],"host":["{{baseUrl}}"],"query":[],"variable":[]},"header":[{"description":{"content":"Added as a part of security scheme: apikey","type":"text/plain"},"key":"Authorization","value":"<API Key>"},{"disabled":false,"description":"(Required) Required. Enter the client id.","key":"x-fapi-financial-id","value":"<string>"},{"disabled":false,"description":"Enter the transaction/correlation id","key":"x-fapi-interaction-id","value":"<string>"},{"disabled":false,"description":"(Required) Enter 'Bearer ' followed by the access token. Please refer to documentation on bearer token. ","key":"Authorization","value":"cillum"}],"method":"POST","body":{"mode":"raw","raw":"{\n  \"cardholder\": {\n    \"pan\": \"2222979764340017\",\n    \"memberNumber\": \"0\",\n    \"firstName\": \"SUMITRA\",\n    \"lastName\": \"VEER\",\n    \"middleInitial\": \"S\",\n    \"zip\": \"20120\"\n  },\n  \"client\": {\n    \"applicationName\": \"OpenSystems\",\n    \"auditId\": \"84014831\",\n    \"id\": \"84014831\",\n    \"vendorName\": \"Mobiliti\"\n  }\n}","options":{"raw":{"language":"json"}}}},"status":"Not Found","code":404,"header":[{"key":"Content-Type","value":"text/plain"}],"body":"","cookie":[],"_postman_previewlanguage":"text"},{"id":"62cb9bc9-3da4-4f77-9d92-7a3100002758","name":"Unsupported Media Type","originalRequest":{"url":{"path":["v1","exemptions","search"],"host":["{{baseUrl}}"],"query":[],"variable":[]},"header":[{"description":{"content":"Added as a part of security scheme: apikey","type":"text/plain"},"key":"Authorization","value":"<API Key>"},{"disabled":false,"description":"(Required) Required. Enter the client id.","key":"x-fapi-financial-id","value":"<string>"},{"disabled":false,"description":"Enter the transaction/correlation id","key":"x-fapi-interaction-id","value":"<string>"},{"disabled":false,"description":"(Required) Enter 'Bearer ' followed by the access token. Please refer to documentation on bearer token. ","key":"Authorization","value":"cillum"},{"key":"Accept","value":"application/json"}],"method":"POST","body":{"mode":"raw","raw":"{\n  \"cardholder\": {\n    \"pan\": \"2222979764340017\",\n    \"memberNumber\": \"0\",\n    \"firstName\": \"SUMITRA\",\n    \"lastName\": \"VEER\",\n    \"middleInitial\": \"S\",\n    \"zip\": \"20120\"\n  },\n  \"client\": {\n    \"applicationName\": \"OpenSystems\",\n    \"auditId\": \"84014831\",\n    \"id\": \"84014831\",\n    \"vendorName\": \"Mobiliti\"\n  }\n}","options":{"raw":{"language":"json"}}}},"status":"Unsupported Media Type","code":415,"header":[{"disabled":false,"description":"transaction ID created with each request","key":"x-fapi-interaction-id","value":"cillum"},{"key":"Content-Type","value":"application/json"}],"body":"{\n  \"errors\": [\n    {\n      \"code\": 415,\n      \"description\": \"unsupported Media Type\"\n    }\n  ]\n}","cookie":[],"_postman_previewlanguage":"json"},{"id":"17035549-20bf-4e73-9a2d-147e018108c1","name":"Too Many Requests","originalRequest":{"url":{"path":["v1","exemptions","search"],"host":["{{baseUrl}}"],"query":[],"variable":[]},"header":[{"description":{"content":"Added as a part of security scheme: apikey","type":"text/plain"},"key":"Authorization","value":"<API Key>"},{"disabled":false,"description":"(Required) Required. Enter the client id.","key":"x-fapi-financial-id","value":"<string>"},{"disabled":false,"description":"Enter the transaction/correlation id","key":"x-fapi-interaction-id","value":"<string>"},{"disabled":false,"description":"(Required) Enter 'Bearer ' followed by the access token. Please refer to documentation on bearer token. ","key":"Authorization","value":"cillum"},{"key":"Accept","value":"application/json"}],"method":"POST","body":{"mode":"raw","raw":"{\n  \"cardholder\": {\n    \"pan\": \"2222979764340017\",\n    \"memberNumber\": \"0\",\n    \"firstName\": \"SUMITRA\",\n    \"lastName\": \"VEER\",\n    \"middleInitial\": \"S\",\n    \"zip\": \"20120\"\n  },\n  \"client\": {\n    \"applicationName\": \"OpenSystems\",\n    \"auditId\": \"84014831\",\n    \"id\": \"84014831\",\n    \"vendorName\": \"Mobiliti\"\n  }\n}","options":{"raw":{"language":"json"}}}},"status":"Too Many Requests","code":429,"header":[{"disabled":false,"description":"transaction ID created with each request","key":"x-fapi-interaction-id","value":"cillum"},{"key":"Content-Type","value":"application/json"}],"body":"{\n  \"errors\": [\n    {\n      \"code\": 429,\n      \"description\": \"Rate limit quota violation. Quota limit  exceeded.\"\n    }\n  ]\n}","cookie":[],"_postman_previewlanguage":"json"},{"id":"5c0d616b-a44b-4f6a-b336-2d4f0db45e0e","name":"Server Error","originalRequest":{"url":{"path":["v1","exemptions","search"],"host":["{{baseUrl}}"],"query":[],"variable":[]},"header":[{"description":{"content":"Added as a part of security scheme: apikey","type":"text/plain"},"key":"Authorization","value":"<API Key>"},{"disabled":false,"description":"(Required) Required. Enter the client id.","key":"x-fapi-financial-id","value":"<string>"},{"disabled":false,"description":"Enter the transaction/correlation id","key":"x-fapi-interaction-id","value":"<string>"},{"disabled":false,"description":"(Required) Enter 'Bearer ' followed by the access token. Please refer to documentation on bearer token. ","key":"Authorization","value":"cillum"},{"key":"Accept","value":"application/json"}],"method":"POST","body":{"mode":"raw","raw":"{\n  \"cardholder\": {\n    \"pan\": \"2222979764340017\",\n    \"memberNumber\": \"0\",\n    \"firstName\": \"SUMITRA\",\n    \"lastName\": \"VEER\",\n    \"middleInitial\": \"S\",\n    \"zip\": \"20120\"\n  },\n  \"client\": {\n    \"applicationName\": \"OpenSystems\",\n    \"auditId\": \"84014831\",\n    \"id\": \"84014831\",\n    \"vendorName\": \"Mobiliti\"\n  }\n}","options":{"raw":{"language":"json"}}}},"status":"Internal Server Error","code":500,"header":[{"disabled":false,"description":"transaction ID created with each request","key":"x-fapi-interaction-id","value":"cillum"},{"key":"Content-Type","value":"application/json"}],"body":"{\n  \"errorResponse\": {\n    \"code\": \"500-01\",\n    \"message\": \"internal server error\",\n    \"developerInfo\": {\n      \"developerMessage\": \"internal server error\",\n      \"moreInfo\": \"There was a problem handling your request.  Please try again.  If the problem persists please contact Fiserv ETSD at 888-243-2543 (you unique messageID included below)\",\n      \"messageid\": \"25557-84290371-1\"\n    }\n  }\n}","cookie":[],"_postman_previewlanguage":"json"}],"event":[],"protocolProfileBehavior":{"disableBodyPruning":true}},{"id":"0cafadfa-e6af-4a9b-b31b-bf8c374782b5","name":"Expire the travel exemptions for the requested card number.","request":{"name":"Expire the travel exemptions for the requested card number.","description":{},"url":{"path":["v1","exemptions","expire"],"host":["{{baseUrl}}"],"query":[],"variable":[]},"header":[{"disabled":false,"description":"(Required) Required. Enter the client id.","key":"x-fapi-financial-id","value":"<string>"},{"disabled":false,"description":"Enter the transaction/correlation id","key":"x-fapi-interaction-id","value":"<string>"},{"key":"Content-Type","value":"application/json"},{"key":"Accept","value":"application/json"}],"method":"PUT","auth":null,"body":{"mode":"raw","raw":"{\n  \"cardholder\": {\n    \"pan\": \"<string>\",\n    \"memberNumber\": \"<string>\",\n    \"firstName\": \"<string>\",\n    \"lastName\": \"<string>\",\n    \"middleInitial\": \"<string>\",\n    \"zip\": \"<string>\"\n  },\n  \"client\": {\n    \"applicationName\": \"<string>\",\n    \"auditId\": \"<string>\",\n    \"id\": \"<string>\",\n    \"vendorName\": \"<string>\"\n  },\n  \"exemptionNumber\": \"<number>\"\n}","options":{"raw":{"language":"json"}}}},"response":[{"id":"7d512d3c-c3e8-4dbe-96e2-07687d5f20c3","name":"Success","originalRequest":{"url":{"path":["v1","exemptions","expire"],"host":["{{baseUrl}}"],"query":[],"variable":[]},"header":[{"description":{"content":"Added as a part of security scheme: apikey","type":"text/plain"},"key":"Authorization","value":"<API Key>"},{"disabled":false,"description":"(Required) Required. Enter the client id.","key":"x-fapi-financial-id","value":"<string>"},{"disabled":false,"description":"Enter the transaction/correlation id","key":"x-fapi-interaction-id","value":"<string>"},{"disabled":false,"description":"(Required) Enter 'Bearer ' followed by the access token. Please refer to documentation on bearer token. ","key":"Authorization","value":"cillum"},{"key":"Accept","value":"application/json"}],"method":"PUT","body":{"mode":"raw","raw":"{\n  \"cardholder\": {\n    \"pan\": \"2222979764340017\",\n    \"memberNumber\": \"0\",\n    \"firstName\": \"SUMITRA\",\n    \"lastName\": \"VEER\",\n    \"middleInitial\": \"S\",\n    \"zip\": \"20120\"\n  },\n  \"client\": {\n    \"applicationName\": \"OpenSystems\",\n    \"auditId\": \"84014831\",\n    \"id\": \"84014831\",\n    \"vendorName\": \"Mobiliti\"\n  },\n  \"exemptionNumber\": \"<number>\"\n}","options":{"raw":{"language":"json"}}}},"status":"OK","code":200,"header":[{"disabled":false,"description":"Represents a transaction ID created with each request","key":"x-fapi-interaction-id","value":"cillum"},{"key":"Content-Type","value":"application/json"}],"body":"{\n  \"travelExemptions\": [\n    {\n      \"endDateTime\": \"2020-07-31T03:59:00Z\",\n      \"exemptionNumber\": -55146411.79707755,\n      \"lastUpdatedDateTime\": \"2019-06-07T07:00:00Z\",\n      \"startDateTime\": \"2019-07-20T07:00:00Z\",\n      \"exemptionCodes\": {\n        \"stateCountryCodes\": [\n          \"AFG\",\n          \"AFG\"\n        ]\n      }\n    },\n    {\n      \"endDateTime\": \"2020-07-31T03:59:00Z\",\n      \"exemptionNumber\": 42543968.14382523,\n      \"lastUpdatedDateTime\": \"2019-06-07T07:00:00Z\",\n      \"startDateTime\": \"2019-07-20T07:00:00Z\",\n      \"exemptionCodes\": {\n        \"stateCountryCodes\": [\n          \"AFG\",\n          \"AFG\"\n        ]\n      }\n    }\n  ],\n  \"exclusions\": [\n    {\n      \"code\": \"AGO\",\n      \"type\": \"C\"\n    },\n    {\n      \"code\": \"AGO\",\n      \"type\": \"C\"\n    }\n  ]\n}","cookie":[],"_postman_previewlanguage":"json"},{"id":"f4015201-c1d8-4d25-9aaa-569a5a42b3d4","name":"Bad Request","originalRequest":{"url":{"path":["v1","exemptions","expire"],"host":["{{baseUrl}}"],"query":[],"variable":[]},"header":[{"description":{"content":"Added as a part of security scheme: apikey","type":"text/plain"},"key":"Authorization","value":"<API Key>"},{"disabled":false,"description":"(Required) Required. Enter the client id.","key":"x-fapi-financial-id","value":"<string>"},{"disabled":false,"description":"Enter the transaction/correlation id","key":"x-fapi-interaction-id","value":"<string>"},{"disabled":false,"description":"(Required) Enter 'Bearer ' followed by the access token. Please refer to documentation on bearer token. ","key":"Authorization","value":"cillum"},{"key":"Accept","value":"application/json"}],"method":"PUT","body":{"mode":"raw","raw":"{\n  \"cardholder\": {\n    \"pan\": \"2222979764340017\",\n    \"memberNumber\": \"0\",\n    \"firstName\": \"SUMITRA\",\n    \"lastName\": \"VEER\",\n    \"middleInitial\": \"S\",\n    \"zip\": \"20120\"\n  },\n  \"client\": {\n    \"applicationName\": \"OpenSystems\",\n    \"auditId\": \"84014831\",\n    \"id\": \"84014831\",\n    \"vendorName\": \"Mobiliti\"\n  },\n  \"exemptionNumber\": \"<number>\"\n}","options":{"raw":{"language":"json"}}}},"status":"Bad Request","code":400,"header":[{"disabled":false,"description":"Represents a transaction ID created with each request","key":"x-fapi-interaction-id","value":"cillum"},{"key":"Content-Type","value":"application/json"}],"body":"{\n  \"errors\": [\n    {\n      \"code\": \"WS100\",\n      \"description\": \"Information entered is invalid-please revise and try again.\"\n    }\n  ]\n}","cookie":[],"_postman_previewlanguage":"json"},{"id":"44b0f28a-884d-4725-87f5-181e913dd65b","name":"Unauthorized access","originalRequest":{"url":{"path":["v1","exemptions","expire"],"host":["{{baseUrl}}"],"query":[],"variable":[]},"header":[{"description":{"content":"Added as a part of security scheme: apikey","type":"text/plain"},"key":"Authorization","value":"<API Key>"},{"disabled":false,"description":"(Required) Required. Enter the client id.","key":"x-fapi-financial-id","value":"<string>"},{"disabled":false,"description":"Enter the transaction/correlation id","key":"x-fapi-interaction-id","value":"<string>"},{"disabled":false,"description":"(Required) Enter 'Bearer ' followed by the access token. Please refer to documentation on bearer token. ","key":"Authorization","value":"cillum"},{"key":"Accept","value":"application/json"}],"method":"PUT","body":{"mode":"raw","raw":"{\n  \"cardholder\": {\n    \"pan\": \"2222979764340017\",\n    \"memberNumber\": \"0\",\n    \"firstName\": \"SUMITRA\",\n    \"lastName\": \"VEER\",\n    \"middleInitial\": \"S\",\n    \"zip\": \"20120\"\n  },\n  \"client\": {\n    \"applicationName\": \"OpenSystems\",\n    \"auditId\": \"84014831\",\n    \"id\": \"84014831\",\n    \"vendorName\": \"Mobiliti\"\n  },\n  \"exemptionNumber\": \"<number>\"\n}","options":{"raw":{"language":"json"}}}},"status":"Unauthorized","code":401,"header":[{"key":"Content-Type","value":"application/json"}],"body":"{\n  \"errors\": [\n    {\n      \"code\": 401,\n      \"description\": \"Invalid access token\"\n    }\n  ]\n}","cookie":[],"_postman_previewlanguage":"json"},{"id":"8947f419-662a-483a-9c1c-ee470c5ea9b2","name":"Resource Not Found","originalRequest":{"url":{"path":["v1","exemptions","expire"],"host":["{{baseUrl}}"],"query":[],"variable":[]},"header":[{"description":{"content":"Added as a part of security scheme: apikey","type":"text/plain"},"key":"Authorization","value":"<API Key>"},{"disabled":false,"description":"(Required) Required. Enter the client id.","key":"x-fapi-financial-id","value":"<string>"},{"disabled":false,"description":"Enter the transaction/correlation id","key":"x-fapi-interaction-id","value":"<string>"},{"disabled":false,"description":"(Required) Enter 'Bearer ' followed by the access token. Please refer to documentation on bearer token. ","key":"Authorization","value":"cillum"}],"method":"PUT","body":{"mode":"raw","raw":"{\n  \"cardholder\": {\n    \"pan\": \"2222979764340017\",\n    \"memberNumber\": \"0\",\n    \"firstName\": \"SUMITRA\",\n    \"lastName\": \"VEER\",\n    \"middleInitial\": \"S\",\n    \"zip\": \"20120\"\n  },\n  \"client\": {\n    \"applicationName\": \"OpenSystems\",\n    \"auditId\": \"84014831\",\n    \"id\": \"84014831\",\n    \"vendorName\": \"Mobiliti\"\n  },\n  \"exemptionNumber\": \"<number>\"\n}","options":{"raw":{"language":"json"}}}},"status":"Not Found","code":404,"header":[{"key":"Content-Type","value":"text/plain"}],"body":"","cookie":[],"_postman_previewlanguage":"text"},{"id":"f8508d5f-5882-4793-bce4-b8608a349bb3","name":"Unsupported Media Type","originalRequest":{"url":{"path":["v1","exemptions","expire"],"host":["{{baseUrl}}"],"query":[],"variable":[]},"header":[{"description":{"content":"Added as a part of security scheme: apikey","type":"text/plain"},"key":"Authorization","value":"<API Key>"},{"disabled":false,"description":"(Required) Required. Enter the client id.","key":"x-fapi-financial-id","value":"<string>"},{"disabled":false,"description":"Enter the transaction/correlation id","key":"x-fapi-interaction-id","value":"<string>"},{"disabled":false,"description":"(Required) Enter 'Bearer ' followed by the access token. Please refer to documentation on bearer token. ","key":"Authorization","value":"cillum"},{"key":"Accept","value":"application/json"}],"method":"PUT","body":{"mode":"raw","raw":"{\n  \"cardholder\": {\n    \"pan\": \"2222979764340017\",\n    \"memberNumber\": \"0\",\n    \"firstName\": \"SUMITRA\",\n    \"lastName\": \"VEER\",\n    \"middleInitial\": \"S\",\n    \"zip\": \"20120\"\n  },\n  \"client\": {\n    \"applicationName\": \"OpenSystems\",\n    \"auditId\": \"84014831\",\n    \"id\": \"84014831\",\n    \"vendorName\": \"Mobiliti\"\n  },\n  \"exemptionNumber\": \"<number>\"\n}","options":{"raw":{"language":"json"}}}},"status":"Unsupported Media Type","code":415,"header":[{"disabled":false,"description":"transaction ID created with each request","key":"x-fapi-interaction-id","value":"cillum"},{"key":"Content-Type","value":"application/json"}],"body":"{\n  \"errors\": [\n    {\n      \"code\": 415,\n      \"description\": \"unsupported Media Type\"\n    }\n  ]\n}","cookie":[],"_postman_previewlanguage":"json"},{"id":"f48a28c4-a604-49e0-b0b0-cddb7381922d","name":"Too Many Requests","originalRequest":{"url":{"path":["v1","exemptions","expire"],"host":["{{baseUrl}}"],"query":[],"variable":[]},"header":[{"description":{"content":"Added as a part of security scheme: apikey","type":"text/plain"},"key":"Authorization","value":"<API Key>"},{"disabled":false,"description":"(Required) Required. Enter the client id.","key":"x-fapi-financial-id","value":"<string>"},{"disabled":false,"description":"Enter the transaction/correlation id","key":"x-fapi-interaction-id","value":"<string>"},{"disabled":false,"description":"(Required) Enter 'Bearer ' followed by the access token. Please refer to documentation on bearer token. ","key":"Authorization","value":"cillum"},{"key":"Accept","value":"application/json"}],"method":"PUT","body":{"mode":"raw","raw":"{\n  \"cardholder\": {\n    \"pan\": \"2222979764340017\",\n    \"memberNumber\": \"0\",\n    \"firstName\": \"SUMITRA\",\n    \"lastName\": \"VEER\",\n    \"middleInitial\": \"S\",\n    \"zip\": \"20120\"\n  },\n  \"client\": {\n    \"applicationName\": \"OpenSystems\",\n    \"auditId\": \"84014831\",\n    \"id\": \"84014831\",\n    \"vendorName\": \"Mobiliti\"\n  },\n  \"exemptionNumber\": \"<number>\"\n}","options":{"raw":{"language":"json"}}}},"status":"Too Many Requests","code":429,"header":[{"disabled":false,"description":"transaction ID created with each request","key":"x-fapi-interaction-id","value":"cillum"},{"key":"Content-Type","value":"application/json"}],"body":"{\n  \"errors\": [\n    {\n      \"code\": 429,\n      \"description\": \"Rate limit quota violation. Quota limit  exceeded.\"\n    }\n  ]\n}","cookie":[],"_postman_previewlanguage":"json"},{"id":"3288e8a2-12df-41f5-ac47-e6091b651a9b","name":"Server Error","originalRequest":{"url":{"path":["v1","exemptions","expire"],"host":["{{baseUrl}}"],"query":[],"variable":[]},"header":[{"description":{"content":"Added as a part of security scheme: apikey","type":"text/plain"},"key":"Authorization","value":"<API Key>"},{"disabled":false,"description":"(Required) Required. Enter the client id.","key":"x-fapi-financial-id","value":"<string>"},{"disabled":false,"description":"Enter the transaction/correlation id","key":"x-fapi-interaction-id","value":"<string>"},{"disabled":false,"description":"(Required) Enter 'Bearer ' followed by the access token. Please refer to documentation on bearer token. ","key":"Authorization","value":"cillum"},{"key":"Accept","value":"application/json"}],"method":"PUT","body":{"mode":"raw","raw":"{\n  \"cardholder\": {\n    \"pan\": \"2222979764340017\",\n    \"memberNumber\": \"0\",\n    \"firstName\": \"SUMITRA\",\n    \"lastName\": \"VEER\",\n    \"middleInitial\": \"S\",\n    \"zip\": \"20120\"\n  },\n  \"client\": {\n    \"applicationName\": \"OpenSystems\",\n    \"auditId\": \"84014831\",\n    \"id\": \"84014831\",\n    \"vendorName\": \"Mobiliti\"\n  },\n  \"exemptionNumber\": \"<number>\"\n}","options":{"raw":{"language":"json"}}}},"status":"Internal Server Error","code":500,"header":[{"disabled":false,"description":"transaction ID created with each request","key":"x-fapi-interaction-id","value":"cillum"},{"key":"Content-Type","value":"application/json"}],"body":"{\n  \"errorResponse\": {\n    \"code\": \"500-01\",\n    \"message\": \"internal server error\",\n    \"developerInfo\": {\n      \"developerMessage\": \"internal server error\",\n      \"moreInfo\": \"There was a problem handling your request.  Please try again.  If the problem persists please contact Fiserv ETSD at 888-243-2543 (you unique messageID included below)\",\n      \"messageid\": \"25557-84290371-1\"\n    }\n  }\n}","cookie":[],"_postman_previewlanguage":"json"}],"event":[],"protocolProfileBehavior":{"disableBodyPruning":true}}],"event":[]}],"event":[],"variable":[{"type":"string","value":"https://card.api.fiservapps.com/cs/travel","key":"baseUrl"}],"auth":{"type":"apikey","apikey":[{"key":"key","value":"Authorization"},{"key":"value","value":"{{apiKey}}"},{"key":"in","value":"header"}]},"info":{"_postman_id":"750a5195-71cd-4953-ad24-2c0bd842e0cf","name":"Travel Exemptions API","schema":"https://schema.getpostman.com/json/collection/v2.1.0/collection.json","description":{"content":"The Travel Exemptions RESTful API provides integration partners the ability to view, add/create, update, and expire travel exemptions for a specific card. All the date/time fields in this API are supported in UTC timezone. The time fields are relevant only up to minutes.","type":"text/plain"}}}