{"item":[{"id":"c49101cd-3010-4f3a-810c-3532d46d158d","name":"v1/exemptions","item":[{"id":"e1eca582-dbc8-4e0f-8e81-909968f97fbe","name":"Add travel exemptions for the requested primary account number (PAN).","request":{"name":"Add travel exemptions for the requested primary account number (PAN).","description":{},"url":{"path":["v1","exemptions"],"host":["{{baseUrl}}"],"query":[],"variable":[]},"header":[{"disabled":false,"description":"(Required) Required. Enter the client id.","key":"x-fapi-financial-id","value":"<string>"},{"disabled":false,"description":"Enter the transaction/correlation id","key":"x-fapi-interaction-id","value":"<string>"},{"key":"Content-Type","value":"application/json"},{"key":"Accept","value":"application/json"}],"method":"POST","auth":null,"body":{"mode":"raw","raw":"{\n  \"cardholder\": {\n    \"pan\": \"<string>\",\n    \"memberNumber\": \"<string>\",\n    \"firstName\": \"<string>\",\n    \"lastName\": \"<string>\",\n    \"middleInitial\": \"<string>\",\n    \"zip\": \"<string>\"\n  },\n  \"client\": {\n    \"applicationName\": \"<string>\",\n    \"auditId\": \"<string>\",\n    \"id\": \"<string>\",\n    \"vendorName\": \"<string>\"\n  },\n  \"endDateTime\": \"<yyyy-mm-ddThh:mm:ss[.mmm]±[hh]:[mm] or yyyy-mm-ddThh:mm:ss[.mmm]Z>\",\n  \"exemptionCodes\": {\n    \"stateCountryCodes\": [\n      \"<string>\",\n      \"<string>\"\n    ]\n  },\n  \"startDateTime\": \"<yyyy-mm-ddThh:mm:ss[.mmm]±[hh]:[mm] or yyyy-mm-ddThh:mm:ss[.mmm]Z>\"\n}","options":{"raw":{"language":"json"}}}},"response":[{"id":"e6b88edd-e3d3-412e-a6a0-c974730b2eb5","name":"Created","originalRequest":{"url":{"path":["v1","exemptions"],"host":["{{baseUrl}}"],"query":[],"variable":[]},"header":[{"description":{"content":"Added as a part of security scheme: apikey","type":"text/plain"},"key":"Authorization","value":"<API Key>"},{"disabled":false,"description":"(Required) Required. Enter the client id.","key":"x-fapi-financial-id","value":"<string>"},{"disabled":false,"description":"Enter the transaction/correlation id","key":"x-fapi-interaction-id","value":"<string>"},{"disabled":false,"description":"(Required) Enter 'Bearer ' followed by the access token. Please refer to documentation on bearer token. ","key":"Authorization","value":"nulla adipisicing elit fugiat"},{"key":"Accept","value":"application/json"}],"method":"POST","body":{"mode":"raw","raw":"{\n  \"cardholder\": {\n    \"pan\": \"2222979764340017\",\n    \"memberNumber\": \"0\",\n    \"firstName\": \"SUMITRA\",\n    \"lastName\": \"VEER\",\n    \"middleInitial\": \"S\",\n    \"zip\": \"20120\"\n  },\n  \"client\": {\n    \"applicationName\": \"OpenSystems\",\n    \"auditId\": \"84014831\",\n    \"id\": \"84014831\",\n    \"vendorName\": \"Mobiliti\"\n  },\n  \"endDateTime\": \"2020-08-11T10:50:00Z\",\n  \"exemptionCodes\": {\n    \"stateCountryCodes\": [\n      \"AFG\",\n      \"AFG\"\n    ]\n  },\n  \"startDateTime\": \"2020-07-30T22:15:00Z\"\n}","options":{"raw":{"language":"json"}}}},"status":"Created","code":201,"header":[{"disabled":false,"description":"Represents a transaction ID created with each request","key":"x-fapi-interaction-id","value":"nulla adipisicing elit fugiat"},{"key":"Content-Type","value":"application/json"}],"body":"{\n  \"travelExemptions\": [\n    {\n      \"endDateTime\": \"2020-07-31T03:59:00Z\",\n      \"exemptionNumber\": -4932100.417167723,\n      \"lastUpdatedDateTime\": \"2019-06-07T07:00:00Z\",\n      \"startDateTime\": \"2019-07-20T07:00:00Z\",\n      \"exemptionCodes\": {\n        \"stateCountryCodes\": [\n          \"AFG\",\n          \"AFG\"\n        ]\n      }\n    },\n    {\n      \"endDateTime\": \"2020-07-31T03:59:00Z\",\n      \"exemptionNumber\": -46882486.04295429,\n      \"lastUpdatedDateTime\": \"2019-06-07T07:00:00Z\",\n      \"startDateTime\": \"2019-07-20T07:00:00Z\",\n      \"exemptionCodes\": {\n        \"stateCountryCodes\": [\n          \"AFG\",\n          \"AFG\"\n        ]\n      }\n    }\n  ],\n  \"exclusions\": [\n    {\n      \"code\": \"AGO\",\n      \"type\": \"C\"\n    },\n    {\n      \"code\": \"AGO\",\n      \"type\": \"C\"\n    }\n  ]\n}","cookie":[],"_postman_previewlanguage":"json"},{"id":"3ea5e2fe-924f-4055-b5fc-04e443572572","name":"Bad Request","originalRequest":{"url":{"path":["v1","exemptions"],"host":["{{baseUrl}}"],"query":[],"variable":[]},"header":[{"description":{"content":"Added as a part of security scheme: apikey","type":"text/plain"},"key":"Authorization","value":"<API Key>"},{"disabled":false,"description":"(Required) Required. Enter the client id.","key":"x-fapi-financial-id","value":"<string>"},{"disabled":false,"description":"Enter the transaction/correlation id","key":"x-fapi-interaction-id","value":"<string>"},{"disabled":false,"description":"(Required) Enter 'Bearer ' followed by the access token. Please refer to documentation on bearer token. ","key":"Authorization","value":"nulla adipisicing elit fugiat"},{"key":"Accept","value":"application/json"}],"method":"POST","body":{"mode":"raw","raw":"{\n  \"cardholder\": {\n    \"pan\": \"2222979764340017\",\n    \"memberNumber\": \"0\",\n    \"firstName\": \"SUMITRA\",\n    \"lastName\": \"VEER\",\n    \"middleInitial\": \"S\",\n    \"zip\": \"20120\"\n  },\n  \"client\": {\n    \"applicationName\": \"OpenSystems\",\n    \"auditId\": \"84014831\",\n    \"id\": \"84014831\",\n    \"vendorName\": \"Mobiliti\"\n  },\n  \"endDateTime\": \"2020-08-11T10:50:00Z\",\n  \"exemptionCodes\": {\n    \"stateCountryCodes\": [\n      \"AFG\",\n      \"AFG\"\n    ]\n  },\n  \"startDateTime\": \"2020-07-30T22:15:00Z\"\n}","options":{"raw":{"language":"json"}}}},"status":"Bad Request","code":400,"header":[{"disabled":false,"description":"Represents a transaction ID created with each request","key":"x-fapi-interaction-id","value":"nulla adipisicing elit fugiat"},{"key":"Content-Type","value":"application/json"}],"body":"{\n  \"errors\": [\n    {\n      \"code\": \"WS100\",\n      \"description\": \"Information entered is invalid-please revise and try again.\"\n    }\n  ]\n}","cookie":[],"_postman_previewlanguage":"json"},{"id":"586a9dbd-f941-4202-8f38-540c386b4891","name":"Unauthorized access","originalRequest":{"url":{"path":["v1","exemptions"],"host":["{{baseUrl}}"],"query":[],"variable":[]},"header":[{"description":{"content":"Added as a part of security scheme: apikey","type":"text/plain"},"key":"Authorization","value":"<API Key>"},{"disabled":false,"description":"(Required) Required. Enter the client id.","key":"x-fapi-financial-id","value":"<string>"},{"disabled":false,"description":"Enter the transaction/correlation id","key":"x-fapi-interaction-id","value":"<string>"},{"disabled":false,"description":"(Required) Enter 'Bearer ' followed by the access token. Please refer to documentation on bearer token. ","key":"Authorization","value":"nulla adipisicing elit fugiat"},{"key":"Accept","value":"application/json"}],"method":"POST","body":{"mode":"raw","raw":"{\n  \"cardholder\": {\n    \"pan\": \"2222979764340017\",\n    \"memberNumber\": \"0\",\n    \"firstName\": \"SUMITRA\",\n    \"lastName\": \"VEER\",\n    \"middleInitial\": \"S\",\n    \"zip\": \"20120\"\n  },\n  \"client\": {\n    \"applicationName\": \"OpenSystems\",\n    \"auditId\": \"84014831\",\n    \"id\": \"84014831\",\n    \"vendorName\": \"Mobiliti\"\n  },\n  \"endDateTime\": \"2020-08-11T10:50:00Z\",\n  \"exemptionCodes\": {\n    \"stateCountryCodes\": [\n      \"AFG\",\n      \"AFG\"\n    ]\n  },\n  \"startDateTime\": \"2020-07-30T22:15:00Z\"\n}","options":{"raw":{"language":"json"}}}},"status":"Unauthorized","code":401,"header":[{"key":"Content-Type","value":"application/json"}],"body":"{\n  \"errors\": [\n    {\n      \"code\": 401,\n      \"description\": \"Invalid access token\"\n    }\n  ]\n}","cookie":[],"_postman_previewlanguage":"json"},{"id":"cf834270-5168-485c-9f4a-299082bdd419","name":"Resource Not Found","originalRequest":{"url":{"path":["v1","exemptions"],"host":["{{baseUrl}}"],"query":[],"variable":[]},"header":[{"description":{"content":"Added as a part of security scheme: apikey","type":"text/plain"},"key":"Authorization","value":"<API Key>"},{"disabled":false,"description":"(Required) Required. Enter the client id.","key":"x-fapi-financial-id","value":"<string>"},{"disabled":false,"description":"Enter the transaction/correlation id","key":"x-fapi-interaction-id","value":"<string>"},{"disabled":false,"description":"(Required) Enter 'Bearer ' followed by the access token. Please refer to documentation on bearer token. ","key":"Authorization","value":"nulla adipisicing elit fugiat"}],"method":"POST","body":{"mode":"raw","raw":"{\n  \"cardholder\": {\n    \"pan\": \"2222979764340017\",\n    \"memberNumber\": \"0\",\n    \"firstName\": \"SUMITRA\",\n    \"lastName\": \"VEER\",\n    \"middleInitial\": \"S\",\n    \"zip\": \"20120\"\n  },\n  \"client\": {\n    \"applicationName\": \"OpenSystems\",\n    \"auditId\": \"84014831\",\n    \"id\": \"84014831\",\n    \"vendorName\": \"Mobiliti\"\n  },\n  \"endDateTime\": \"2020-08-11T10:50:00Z\",\n  \"exemptionCodes\": {\n    \"stateCountryCodes\": [\n      \"AFG\",\n      \"AFG\"\n    ]\n  },\n  \"startDateTime\": \"2020-07-30T22:15:00Z\"\n}","options":{"raw":{"language":"json"}}}},"status":"Not Found","code":404,"header":[{"key":"Content-Type","value":"text/plain"}],"body":"","cookie":[],"_postman_previewlanguage":"text"},{"id":"cd5fed0b-d527-4e18-966b-9fa4c549b623","name":"Unsupported Media Type","originalRequest":{"url":{"path":["v1","exemptions"],"host":["{{baseUrl}}"],"query":[],"variable":[]},"header":[{"description":{"content":"Added as a part of security scheme: apikey","type":"text/plain"},"key":"Authorization","value":"<API Key>"},{"disabled":false,"description":"(Required) Required. Enter the client id.","key":"x-fapi-financial-id","value":"<string>"},{"disabled":false,"description":"Enter the transaction/correlation id","key":"x-fapi-interaction-id","value":"<string>"},{"disabled":false,"description":"(Required) Enter 'Bearer ' followed by the access token. Please refer to documentation on bearer token. ","key":"Authorization","value":"nulla adipisicing elit fugiat"},{"key":"Accept","value":"application/json"}],"method":"POST","body":{"mode":"raw","raw":"{\n  \"cardholder\": {\n    \"pan\": \"2222979764340017\",\n    \"memberNumber\": \"0\",\n    \"firstName\": \"SUMITRA\",\n    \"lastName\": \"VEER\",\n    \"middleInitial\": \"S\",\n    \"zip\": \"20120\"\n  },\n  \"client\": {\n    \"applicationName\": \"OpenSystems\",\n    \"auditId\": \"84014831\",\n    \"id\": \"84014831\",\n    \"vendorName\": \"Mobiliti\"\n  },\n  \"endDateTime\": \"2020-08-11T10:50:00Z\",\n  \"exemptionCodes\": {\n    \"stateCountryCodes\": [\n      \"AFG\",\n      \"AFG\"\n    ]\n  },\n  \"startDateTime\": \"2020-07-30T22:15:00Z\"\n}","options":{"raw":{"language":"json"}}}},"status":"Unsupported Media Type","code":415,"header":[{"disabled":false,"description":"transaction ID created with each request","key":"x-fapi-interaction-id","value":"nulla adipisicing elit fugiat"},{"key":"Content-Type","value":"application/json"}],"body":"{\n  \"errors\": [\n    {\n      \"code\": 415,\n      \"description\": \"unsupported Media Type\"\n    }\n  ]\n}","cookie":[],"_postman_previewlanguage":"json"},{"id":"b500137b-0871-4ca7-b912-8e75c4e47acc","name":"Too Many Requests","originalRequest":{"url":{"path":["v1","exemptions"],"host":["{{baseUrl}}"],"query":[],"variable":[]},"header":[{"description":{"content":"Added as a part of security scheme: apikey","type":"text/plain"},"key":"Authorization","value":"<API Key>"},{"disabled":false,"description":"(Required) Required. Enter the client id.","key":"x-fapi-financial-id","value":"<string>"},{"disabled":false,"description":"Enter the transaction/correlation id","key":"x-fapi-interaction-id","value":"<string>"},{"disabled":false,"description":"(Required) Enter 'Bearer ' followed by the access token. Please refer to documentation on bearer token. ","key":"Authorization","value":"nulla adipisicing elit fugiat"},{"key":"Accept","value":"application/json"}],"method":"POST","body":{"mode":"raw","raw":"{\n  \"cardholder\": {\n    \"pan\": \"2222979764340017\",\n    \"memberNumber\": \"0\",\n    \"firstName\": \"SUMITRA\",\n    \"lastName\": \"VEER\",\n    \"middleInitial\": \"S\",\n    \"zip\": \"20120\"\n  },\n  \"client\": {\n    \"applicationName\": \"OpenSystems\",\n    \"auditId\": \"84014831\",\n    \"id\": \"84014831\",\n    \"vendorName\": \"Mobiliti\"\n  },\n  \"endDateTime\": \"2020-08-11T10:50:00Z\",\n  \"exemptionCodes\": {\n    \"stateCountryCodes\": [\n      \"AFG\",\n      \"AFG\"\n    ]\n  },\n  \"startDateTime\": \"2020-07-30T22:15:00Z\"\n}","options":{"raw":{"language":"json"}}}},"status":"Too Many Requests","code":429,"header":[{"disabled":false,"description":"transaction ID created with each request","key":"x-fapi-interaction-id","value":"nulla adipisicing elit fugiat"},{"key":"Content-Type","value":"application/json"}],"body":"{\n  \"errors\": [\n    {\n      \"code\": 429,\n      \"description\": \"Rate limit quota violation. Quota limit  exceeded.\"\n    }\n  ]\n}","cookie":[],"_postman_previewlanguage":"json"},{"id":"710a4b45-2ea0-4459-8c72-dad660491e28","name":"Server Error","originalRequest":{"url":{"path":["v1","exemptions"],"host":["{{baseUrl}}"],"query":[],"variable":[]},"header":[{"description":{"content":"Added as a part of security scheme: apikey","type":"text/plain"},"key":"Authorization","value":"<API Key>"},{"disabled":false,"description":"(Required) Required. Enter the client id.","key":"x-fapi-financial-id","value":"<string>"},{"disabled":false,"description":"Enter the transaction/correlation id","key":"x-fapi-interaction-id","value":"<string>"},{"disabled":false,"description":"(Required) Enter 'Bearer ' followed by the access token. Please refer to documentation on bearer token. ","key":"Authorization","value":"nulla adipisicing elit fugiat"},{"key":"Accept","value":"application/json"}],"method":"POST","body":{"mode":"raw","raw":"{\n  \"cardholder\": {\n    \"pan\": \"2222979764340017\",\n    \"memberNumber\": \"0\",\n    \"firstName\": \"SUMITRA\",\n    \"lastName\": \"VEER\",\n    \"middleInitial\": \"S\",\n    \"zip\": \"20120\"\n  },\n  \"client\": {\n    \"applicationName\": \"OpenSystems\",\n    \"auditId\": \"84014831\",\n    \"id\": \"84014831\",\n    \"vendorName\": \"Mobiliti\"\n  },\n  \"endDateTime\": \"2020-08-11T10:50:00Z\",\n  \"exemptionCodes\": {\n    \"stateCountryCodes\": [\n      \"AFG\",\n      \"AFG\"\n    ]\n  },\n  \"startDateTime\": \"2020-07-30T22:15:00Z\"\n}","options":{"raw":{"language":"json"}}}},"status":"Internal Server Error","code":500,"header":[{"disabled":false,"description":"transaction ID created with each request","key":"x-fapi-interaction-id","value":"nulla adipisicing elit fugiat"},{"key":"Content-Type","value":"application/json"}],"body":"{\n  \"errorResponse\": {\n    \"code\": \"500-01\",\n    \"message\": \"internal server error\",\n    \"developerInfo\": {\n      \"developerMessage\": \"internal server error\",\n      \"moreInfo\": \"There was a problem handling your request.  Please try again.  If the problem persists please contact Fiserv ETSD at 888-243-2543 (you unique messageID included below)\",\n      \"messageid\": \"25557-84290371-1\"\n    }\n  }\n}","cookie":[],"_postman_previewlanguage":"json"}],"event":[],"protocolProfileBehavior":{"disableBodyPruning":true}},{"id":"0ffa4320-3e97-4ec2-a1d9-b24f10bd7718","name":"Update travel exemptions for the requested primary account number (PAN).","request":{"name":"Update travel exemptions for the requested primary account number (PAN).","description":{},"url":{"path":["v1","exemptions"],"host":["{{baseUrl}}"],"query":[],"variable":[]},"header":[{"disabled":false,"description":"(Required) Required. Enter the client id.","key":"x-fapi-financial-id","value":"<string>"},{"disabled":false,"description":"Enter the transaction/correlation id","key":"x-fapi-interaction-id","value":"<string>"},{"key":"Content-Type","value":"application/json"},{"key":"Accept","value":"application/json"}],"method":"PUT","auth":null,"body":{"mode":"raw","raw":"{\n  \"cardholder\": {\n    \"pan\": \"<string>\",\n    \"memberNumber\": \"<string>\",\n    \"firstName\": \"<string>\",\n    \"lastName\": \"<string>\",\n    \"middleInitial\": \"<string>\",\n    \"zip\": \"<string>\"\n  },\n  \"client\": {\n    \"applicationName\": \"<string>\",\n    \"auditId\": \"<string>\",\n    \"id\": \"<string>\",\n    \"vendorName\": \"<string>\"\n  },\n  \"endDateTime\": \"<yyyy-mm-ddThh:mm:ss[.mmm]±[hh]:[mm] or yyyy-mm-ddThh:mm:ss[.mmm]Z>\",\n  \"exemptionNumber\": \"<number>\",\n  \"startDateTime\": \"<yyyy-mm-ddThh:mm:ss[.mmm]±[hh]:[mm] or yyyy-mm-ddThh:mm:ss[.mmm]Z>\",\n  \"exemptionCodes\": {\n    \"stateCountryCodes\": [\n      \"<string>\",\n      \"<string>\"\n    ]\n  }\n}","options":{"raw":{"language":"json"}}}},"response":[{"id":"37e3ec2a-f46b-4ea8-9156-e9a2e1bd35f7","name":"Success","originalRequest":{"url":{"path":["v1","exemptions"],"host":["{{baseUrl}}"],"query":[],"variable":[]},"header":[{"description":{"content":"Added as a part of security scheme: apikey","type":"text/plain"},"key":"Authorization","value":"<API Key>"},{"disabled":false,"description":"(Required) Required. Enter the client id.","key":"x-fapi-financial-id","value":"<string>"},{"disabled":false,"description":"Enter the transaction/correlation id","key":"x-fapi-interaction-id","value":"<string>"},{"disabled":false,"description":"(Required) Enter 'Bearer ' followed by the access token. Please refer to documentation on bearer token. ","key":"Authorization","value":"nulla adipisicing elit fugiat"},{"key":"Accept","value":"application/json"}],"method":"PUT","body":{"mode":"raw","raw":"{\n  \"cardholder\": {\n    \"pan\": \"2222979764340017\",\n    \"memberNumber\": \"0\",\n    \"firstName\": \"SUMITRA\",\n    \"lastName\": \"VEER\",\n    \"middleInitial\": \"S\",\n    \"zip\": \"20120\"\n  },\n  \"client\": {\n    \"applicationName\": \"OpenSystems\",\n    \"auditId\": \"84014831\",\n    \"id\": \"84014831\",\n    \"vendorName\": \"Mobiliti\"\n  },\n  \"endDateTime\": \"2020-08-11T10:50:00Z\",\n  \"exemptionNumber\": \"<number>\",\n  \"startDateTime\": \"2020-07-30T22:15:00Z\",\n  \"exemptionCodes\": {\n    \"stateCountryCodes\": [\n      \"AFG\",\n      \"AFG\"\n    ]\n  }\n}","options":{"raw":{"language":"json"}}}},"status":"OK","code":200,"header":[{"disabled":false,"description":"Represents a transaction ID created with each request","key":"x-fapi-interaction-id","value":"nulla adipisicing elit fugiat"},{"key":"Content-Type","value":"application/json"}],"body":"{\n  \"travelExemptions\": [\n    {\n      \"endDateTime\": \"2020-07-31T03:59:00Z\",\n      \"exemptionNumber\": 36016587.88525334,\n      \"lastUpdatedDateTime\": \"2019-06-07T07:00:00Z\",\n      \"startDateTime\": \"2019-07-20T07:00:00Z\",\n      \"exemptionCodes\": {\n        \"stateCountryCodes\": [\n          \"AFG\",\n          \"AFG\"\n        ]\n      }\n    },\n    {\n      \"endDateTime\": \"2020-07-31T03:59:00Z\",\n      \"exemptionNumber\": 56614839.68272963,\n      \"lastUpdatedDateTime\": \"2019-06-07T07:00:00Z\",\n      \"startDateTime\": \"2019-07-20T07:00:00Z\",\n      \"exemptionCodes\": {\n        \"stateCountryCodes\": [\n          \"AFG\",\n          \"AFG\"\n        ]\n      }\n    }\n  ],\n  \"exclusions\": [\n    {\n      \"code\": \"AGO\",\n      \"type\": \"C\"\n    },\n    {\n      \"code\": \"AGO\",\n      \"type\": \"C\"\n    }\n  ]\n}","cookie":[],"_postman_previewlanguage":"json"},{"id":"dbadb4d0-364a-416b-9c42-5b54cc8cbe9e","name":"Bad Request","originalRequest":{"url":{"path":["v1","exemptions"],"host":["{{baseUrl}}"],"query":[],"variable":[]},"header":[{"description":{"content":"Added as a part of security scheme: apikey","type":"text/plain"},"key":"Authorization","value":"<API Key>"},{"disabled":false,"description":"(Required) Required. Enter the client id.","key":"x-fapi-financial-id","value":"<string>"},{"disabled":false,"description":"Enter the transaction/correlation id","key":"x-fapi-interaction-id","value":"<string>"},{"disabled":false,"description":"(Required) Enter 'Bearer ' followed by the access token. Please refer to documentation on bearer token. ","key":"Authorization","value":"nulla adipisicing elit fugiat"},{"key":"Accept","value":"application/json"}],"method":"PUT","body":{"mode":"raw","raw":"{\n  \"cardholder\": {\n    \"pan\": \"2222979764340017\",\n    \"memberNumber\": \"0\",\n    \"firstName\": \"SUMITRA\",\n    \"lastName\": \"VEER\",\n    \"middleInitial\": \"S\",\n    \"zip\": \"20120\"\n  },\n  \"client\": {\n    \"applicationName\": \"OpenSystems\",\n    \"auditId\": \"84014831\",\n    \"id\": \"84014831\",\n    \"vendorName\": \"Mobiliti\"\n  },\n  \"endDateTime\": \"2020-08-11T10:50:00Z\",\n  \"exemptionNumber\": \"<number>\",\n  \"startDateTime\": \"2020-07-30T22:15:00Z\",\n  \"exemptionCodes\": {\n    \"stateCountryCodes\": [\n      \"AFG\",\n      \"AFG\"\n    ]\n  }\n}","options":{"raw":{"language":"json"}}}},"status":"Bad Request","code":400,"header":[{"disabled":false,"description":"Represents a transaction ID created with each request","key":"x-fapi-interaction-id","value":"nulla adipisicing elit fugiat"},{"key":"Content-Type","value":"application/json"}],"body":"{\n  \"errors\": [\n    {\n      \"code\": \"WS100\",\n      \"description\": \"Information entered is invalid-please revise and try again.\"\n    }\n  ]\n}","cookie":[],"_postman_previewlanguage":"json"},{"id":"b8145305-9bf0-49cc-8d99-0832775a4d78","name":"Unauthorized access","originalRequest":{"url":{"path":["v1","exemptions"],"host":["{{baseUrl}}"],"query":[],"variable":[]},"header":[{"description":{"content":"Added as a part of security scheme: apikey","type":"text/plain"},"key":"Authorization","value":"<API Key>"},{"disabled":false,"description":"(Required) Required. Enter the client id.","key":"x-fapi-financial-id","value":"<string>"},{"disabled":false,"description":"Enter the transaction/correlation id","key":"x-fapi-interaction-id","value":"<string>"},{"disabled":false,"description":"(Required) Enter 'Bearer ' followed by the access token. Please refer to documentation on bearer token. ","key":"Authorization","value":"nulla adipisicing elit fugiat"},{"key":"Accept","value":"application/json"}],"method":"PUT","body":{"mode":"raw","raw":"{\n  \"cardholder\": {\n    \"pan\": \"2222979764340017\",\n    \"memberNumber\": \"0\",\n    \"firstName\": \"SUMITRA\",\n    \"lastName\": \"VEER\",\n    \"middleInitial\": \"S\",\n    \"zip\": \"20120\"\n  },\n  \"client\": {\n    \"applicationName\": \"OpenSystems\",\n    \"auditId\": \"84014831\",\n    \"id\": \"84014831\",\n    \"vendorName\": \"Mobiliti\"\n  },\n  \"endDateTime\": \"2020-08-11T10:50:00Z\",\n  \"exemptionNumber\": \"<number>\",\n  \"startDateTime\": \"2020-07-30T22:15:00Z\",\n  \"exemptionCodes\": {\n    \"stateCountryCodes\": [\n      \"AFG\",\n      \"AFG\"\n    ]\n  }\n}","options":{"raw":{"language":"json"}}}},"status":"Unauthorized","code":401,"header":[{"key":"Content-Type","value":"application/json"}],"body":"{\n  \"errors\": [\n    {\n      \"code\": 401,\n      \"description\": \"Invalid access token\"\n    }\n  ]\n}","cookie":[],"_postman_previewlanguage":"json"},{"id":"48e682de-b7c3-4985-b83e-f735ec90ac7a","name":"Resource Not Found","originalRequest":{"url":{"path":["v1","exemptions"],"host":["{{baseUrl}}"],"query":[],"variable":[]},"header":[{"description":{"content":"Added as a part of security scheme: apikey","type":"text/plain"},"key":"Authorization","value":"<API Key>"},{"disabled":false,"description":"(Required) Required. Enter the client id.","key":"x-fapi-financial-id","value":"<string>"},{"disabled":false,"description":"Enter the transaction/correlation id","key":"x-fapi-interaction-id","value":"<string>"},{"disabled":false,"description":"(Required) Enter 'Bearer ' followed by the access token. Please refer to documentation on bearer token. ","key":"Authorization","value":"nulla adipisicing elit fugiat"}],"method":"PUT","body":{"mode":"raw","raw":"{\n  \"cardholder\": {\n    \"pan\": \"2222979764340017\",\n    \"memberNumber\": \"0\",\n    \"firstName\": \"SUMITRA\",\n    \"lastName\": \"VEER\",\n    \"middleInitial\": \"S\",\n    \"zip\": \"20120\"\n  },\n  \"client\": {\n    \"applicationName\": \"OpenSystems\",\n    \"auditId\": \"84014831\",\n    \"id\": \"84014831\",\n    \"vendorName\": \"Mobiliti\"\n  },\n  \"endDateTime\": \"2020-08-11T10:50:00Z\",\n  \"exemptionNumber\": \"<number>\",\n  \"startDateTime\": \"2020-07-30T22:15:00Z\",\n  \"exemptionCodes\": {\n    \"stateCountryCodes\": [\n      \"AFG\",\n      \"AFG\"\n    ]\n  }\n}","options":{"raw":{"language":"json"}}}},"status":"Not Found","code":404,"header":[{"key":"Content-Type","value":"text/plain"}],"body":"","cookie":[],"_postman_previewlanguage":"text"},{"id":"5749a0fa-c3fa-444b-b202-fac57ec37db9","name":"Unsupported Media Type","originalRequest":{"url":{"path":["v1","exemptions"],"host":["{{baseUrl}}"],"query":[],"variable":[]},"header":[{"description":{"content":"Added as a part of security scheme: apikey","type":"text/plain"},"key":"Authorization","value":"<API Key>"},{"disabled":false,"description":"(Required) Required. Enter the client id.","key":"x-fapi-financial-id","value":"<string>"},{"disabled":false,"description":"Enter the transaction/correlation id","key":"x-fapi-interaction-id","value":"<string>"},{"disabled":false,"description":"(Required) Enter 'Bearer ' followed by the access token. Please refer to documentation on bearer token. ","key":"Authorization","value":"nulla adipisicing elit fugiat"},{"key":"Accept","value":"application/json"}],"method":"PUT","body":{"mode":"raw","raw":"{\n  \"cardholder\": {\n    \"pan\": \"2222979764340017\",\n    \"memberNumber\": \"0\",\n    \"firstName\": \"SUMITRA\",\n    \"lastName\": \"VEER\",\n    \"middleInitial\": \"S\",\n    \"zip\": \"20120\"\n  },\n  \"client\": {\n    \"applicationName\": \"OpenSystems\",\n    \"auditId\": \"84014831\",\n    \"id\": \"84014831\",\n    \"vendorName\": \"Mobiliti\"\n  },\n  \"endDateTime\": \"2020-08-11T10:50:00Z\",\n  \"exemptionNumber\": \"<number>\",\n  \"startDateTime\": \"2020-07-30T22:15:00Z\",\n  \"exemptionCodes\": {\n    \"stateCountryCodes\": [\n      \"AFG\",\n      \"AFG\"\n    ]\n  }\n}","options":{"raw":{"language":"json"}}}},"status":"Unsupported Media Type","code":415,"header":[{"disabled":false,"description":"transaction ID created with each request","key":"x-fapi-interaction-id","value":"nulla adipisicing elit fugiat"},{"key":"Content-Type","value":"application/json"}],"body":"{\n  \"errors\": [\n    {\n      \"code\": 415,\n      \"description\": \"unsupported Media Type\"\n    }\n  ]\n}","cookie":[],"_postman_previewlanguage":"json"},{"id":"ddd1213e-b395-446d-be0e-4c5587f2c267","name":"Too Many Requests","originalRequest":{"url":{"path":["v1","exemptions"],"host":["{{baseUrl}}"],"query":[],"variable":[]},"header":[{"description":{"content":"Added as a part of security scheme: apikey","type":"text/plain"},"key":"Authorization","value":"<API Key>"},{"disabled":false,"description":"(Required) Required. Enter the client id.","key":"x-fapi-financial-id","value":"<string>"},{"disabled":false,"description":"Enter the transaction/correlation id","key":"x-fapi-interaction-id","value":"<string>"},{"disabled":false,"description":"(Required) Enter 'Bearer ' followed by the access token. Please refer to documentation on bearer token. ","key":"Authorization","value":"nulla adipisicing elit fugiat"},{"key":"Accept","value":"application/json"}],"method":"PUT","body":{"mode":"raw","raw":"{\n  \"cardholder\": {\n    \"pan\": \"2222979764340017\",\n    \"memberNumber\": \"0\",\n    \"firstName\": \"SUMITRA\",\n    \"lastName\": \"VEER\",\n    \"middleInitial\": \"S\",\n    \"zip\": \"20120\"\n  },\n  \"client\": {\n    \"applicationName\": \"OpenSystems\",\n    \"auditId\": \"84014831\",\n    \"id\": \"84014831\",\n    \"vendorName\": \"Mobiliti\"\n  },\n  \"endDateTime\": \"2020-08-11T10:50:00Z\",\n  \"exemptionNumber\": \"<number>\",\n  \"startDateTime\": \"2020-07-30T22:15:00Z\",\n  \"exemptionCodes\": {\n    \"stateCountryCodes\": [\n      \"AFG\",\n      \"AFG\"\n    ]\n  }\n}","options":{"raw":{"language":"json"}}}},"status":"Too Many Requests","code":429,"header":[{"disabled":false,"description":"transaction ID created with each request","key":"x-fapi-interaction-id","value":"nulla adipisicing elit fugiat"},{"key":"Content-Type","value":"application/json"}],"body":"{\n  \"errors\": [\n    {\n      \"code\": 429,\n      \"description\": \"Rate limit quota violation. Quota limit  exceeded.\"\n    }\n  ]\n}","cookie":[],"_postman_previewlanguage":"json"},{"id":"dae56216-d2a3-4e46-9477-b4039d930253","name":"Server Error","originalRequest":{"url":{"path":["v1","exemptions"],"host":["{{baseUrl}}"],"query":[],"variable":[]},"header":[{"description":{"content":"Added as a part of security scheme: apikey","type":"text/plain"},"key":"Authorization","value":"<API Key>"},{"disabled":false,"description":"(Required) Required. Enter the client id.","key":"x-fapi-financial-id","value":"<string>"},{"disabled":false,"description":"Enter the transaction/correlation id","key":"x-fapi-interaction-id","value":"<string>"},{"disabled":false,"description":"(Required) Enter 'Bearer ' followed by the access token. Please refer to documentation on bearer token. ","key":"Authorization","value":"nulla adipisicing elit fugiat"},{"key":"Accept","value":"application/json"}],"method":"PUT","body":{"mode":"raw","raw":"{\n  \"cardholder\": {\n    \"pan\": \"2222979764340017\",\n    \"memberNumber\": \"0\",\n    \"firstName\": \"SUMITRA\",\n    \"lastName\": \"VEER\",\n    \"middleInitial\": \"S\",\n    \"zip\": \"20120\"\n  },\n  \"client\": {\n    \"applicationName\": \"OpenSystems\",\n    \"auditId\": \"84014831\",\n    \"id\": \"84014831\",\n    \"vendorName\": \"Mobiliti\"\n  },\n  \"endDateTime\": \"2020-08-11T10:50:00Z\",\n  \"exemptionNumber\": \"<number>\",\n  \"startDateTime\": \"2020-07-30T22:15:00Z\",\n  \"exemptionCodes\": {\n    \"stateCountryCodes\": [\n      \"AFG\",\n      \"AFG\"\n    ]\n  }\n}","options":{"raw":{"language":"json"}}}},"status":"Internal Server Error","code":500,"header":[{"disabled":false,"description":"transaction ID created with each request","key":"x-fapi-interaction-id","value":"nulla adipisicing elit fugiat"},{"key":"Content-Type","value":"application/json"}],"body":"{\n  \"errorResponse\": {\n    \"code\": \"500-01\",\n    \"message\": \"internal server error\",\n    \"developerInfo\": {\n      \"developerMessage\": \"internal server error\",\n      \"moreInfo\": \"There was a problem handling your request.  Please try again.  If the problem persists please contact Fiserv ETSD at 888-243-2543 (you unique messageID included below)\",\n      \"messageid\": \"25557-84290371-1\"\n    }\n  }\n}","cookie":[],"_postman_previewlanguage":"json"}],"event":[],"protocolProfileBehavior":{"disableBodyPruning":true}},{"id":"19cdde84-2964-430f-b722-4fa74b180909","name":"Obtain information on all existing travel exemptions for the requested card number.","request":{"name":"Obtain information on all existing travel exemptions for the requested card number.","description":{},"url":{"path":["v1","exemptions","search"],"host":["{{baseUrl}}"],"query":[],"variable":[]},"header":[{"disabled":false,"description":"(Required) Required. Enter the client id.","key":"x-fapi-financial-id","value":"<string>"},{"disabled":false,"description":"Enter the transaction/correlation id","key":"x-fapi-interaction-id","value":"<string>"},{"key":"Content-Type","value":"application/json"},{"key":"Accept","value":"application/json"}],"method":"POST","auth":null,"body":{"mode":"raw","raw":"{\n  \"cardholder\": {\n    \"pan\": \"<string>\",\n    \"memberNumber\": \"<string>\",\n    \"firstName\": \"<string>\",\n    \"lastName\": \"<string>\",\n    \"middleInitial\": \"<string>\",\n    \"zip\": \"<string>\"\n  },\n  \"client\": {\n    \"applicationName\": \"<string>\",\n    \"auditId\": \"<string>\",\n    \"id\": \"<string>\",\n    \"vendorName\": \"<string>\"\n  }\n}","options":{"raw":{"language":"json"}}}},"response":[{"id":"21be5437-e3bd-4ccf-b289-89749f1614f3","name":"Success","originalRequest":{"url":{"path":["v1","exemptions","search"],"host":["{{baseUrl}}"],"query":[],"variable":[]},"header":[{"description":{"content":"Added as a part of security scheme: apikey","type":"text/plain"},"key":"Authorization","value":"<API Key>"},{"disabled":false,"description":"(Required) Required. Enter the client id.","key":"x-fapi-financial-id","value":"<string>"},{"disabled":false,"description":"Enter the transaction/correlation id","key":"x-fapi-interaction-id","value":"<string>"},{"disabled":false,"description":"(Required) Enter 'Bearer ' followed by the access token. Please refer to documentation on bearer token. ","key":"Authorization","value":"nulla adipisicing elit fugiat"},{"key":"Accept","value":"application/json"}],"method":"POST","body":{"mode":"raw","raw":"{\n  \"cardholder\": {\n    \"pan\": \"2222979764340017\",\n    \"memberNumber\": \"0\",\n    \"firstName\": \"SUMITRA\",\n    \"lastName\": \"VEER\",\n    \"middleInitial\": \"S\",\n    \"zip\": \"20120\"\n  },\n  \"client\": {\n    \"applicationName\": \"OpenSystems\",\n    \"auditId\": \"84014831\",\n    \"id\": \"84014831\",\n    \"vendorName\": \"Mobiliti\"\n  }\n}","options":{"raw":{"language":"json"}}}},"status":"OK","code":200,"header":[{"disabled":false,"description":"Represents a transaction ID created with each request","key":"x-fapi-interaction-id","value":"nulla adipisicing elit fugiat"},{"key":"Content-Type","value":"application/json"}],"body":"{\n  \"travelExemptions\": [\n    {\n      \"endDateTime\": \"2020-07-31T03:59:00Z\",\n      \"exemptionNumber\": 36016587.88525334,\n      \"lastUpdatedDateTime\": \"2019-06-07T07:00:00Z\",\n      \"startDateTime\": \"2019-07-20T07:00:00Z\",\n      \"exemptionCodes\": {\n        \"stateCountryCodes\": [\n          \"AFG\",\n          \"AFG\"\n        ]\n      }\n    },\n    {\n      \"endDateTime\": \"2020-07-31T03:59:00Z\",\n      \"exemptionNumber\": 56614839.68272963,\n      \"lastUpdatedDateTime\": \"2019-06-07T07:00:00Z\",\n      \"startDateTime\": \"2019-07-20T07:00:00Z\",\n      \"exemptionCodes\": {\n        \"stateCountryCodes\": [\n          \"AFG\",\n          \"AFG\"\n        ]\n      }\n    }\n  ],\n  \"exclusions\": [\n    {\n      \"code\": \"AGO\",\n      \"type\": \"C\"\n    },\n    {\n      \"code\": \"AGO\",\n      \"type\": \"C\"\n    }\n  ]\n}","cookie":[],"_postman_previewlanguage":"json"},{"id":"7e694209-3c84-4f37-ab8c-f70ffb1a7f0d","name":"Bad Request","originalRequest":{"url":{"path":["v1","exemptions","search"],"host":["{{baseUrl}}"],"query":[],"variable":[]},"header":[{"description":{"content":"Added as a part of security scheme: apikey","type":"text/plain"},"key":"Authorization","value":"<API Key>"},{"disabled":false,"description":"(Required) Required. Enter the client id.","key":"x-fapi-financial-id","value":"<string>"},{"disabled":false,"description":"Enter the transaction/correlation id","key":"x-fapi-interaction-id","value":"<string>"},{"disabled":false,"description":"(Required) Enter 'Bearer ' followed by the access token. Please refer to documentation on bearer token. ","key":"Authorization","value":"nulla adipisicing elit fugiat"},{"key":"Accept","value":"application/json"}],"method":"POST","body":{"mode":"raw","raw":"{\n  \"cardholder\": {\n    \"pan\": \"2222979764340017\",\n    \"memberNumber\": \"0\",\n    \"firstName\": \"SUMITRA\",\n    \"lastName\": \"VEER\",\n    \"middleInitial\": \"S\",\n    \"zip\": \"20120\"\n  },\n  \"client\": {\n    \"applicationName\": \"OpenSystems\",\n    \"auditId\": \"84014831\",\n    \"id\": \"84014831\",\n    \"vendorName\": \"Mobiliti\"\n  }\n}","options":{"raw":{"language":"json"}}}},"status":"Bad Request","code":400,"header":[{"disabled":false,"description":"Represents a transaction ID created with each request","key":"x-fapi-interaction-id","value":"nulla adipisicing elit fugiat"},{"key":"Content-Type","value":"application/json"}],"body":"{\n  \"errors\": [\n    {\n      \"code\": \"WS100\",\n      \"description\": \"Information entered is invalid-please revise and try again.\"\n    }\n  ]\n}","cookie":[],"_postman_previewlanguage":"json"},{"id":"5a10b672-0d31-4e10-b4b5-3a31f35be377","name":"Unauthorized access","originalRequest":{"url":{"path":["v1","exemptions","search"],"host":["{{baseUrl}}"],"query":[],"variable":[]},"header":[{"description":{"content":"Added as a part of security scheme: apikey","type":"text/plain"},"key":"Authorization","value":"<API Key>"},{"disabled":false,"description":"(Required) Required. Enter the client id.","key":"x-fapi-financial-id","value":"<string>"},{"disabled":false,"description":"Enter the transaction/correlation id","key":"x-fapi-interaction-id","value":"<string>"},{"disabled":false,"description":"(Required) Enter 'Bearer ' followed by the access token. Please refer to documentation on bearer token. ","key":"Authorization","value":"nulla adipisicing elit fugiat"},{"key":"Accept","value":"application/json"}],"method":"POST","body":{"mode":"raw","raw":"{\n  \"cardholder\": {\n    \"pan\": \"2222979764340017\",\n    \"memberNumber\": \"0\",\n    \"firstName\": \"SUMITRA\",\n    \"lastName\": \"VEER\",\n    \"middleInitial\": \"S\",\n    \"zip\": \"20120\"\n  },\n  \"client\": {\n    \"applicationName\": \"OpenSystems\",\n    \"auditId\": \"84014831\",\n    \"id\": \"84014831\",\n    \"vendorName\": \"Mobiliti\"\n  }\n}","options":{"raw":{"language":"json"}}}},"status":"Unauthorized","code":401,"header":[{"key":"Content-Type","value":"application/json"}],"body":"{\n  \"errors\": [\n    {\n      \"code\": 401,\n      \"description\": \"Invalid access token\"\n    }\n  ]\n}","cookie":[],"_postman_previewlanguage":"json"},{"id":"53c8bec9-83b4-46dc-9c3d-9e9ed2710044","name":"Resource Not Found","originalRequest":{"url":{"path":["v1","exemptions","search"],"host":["{{baseUrl}}"],"query":[],"variable":[]},"header":[{"description":{"content":"Added as a part of security scheme: apikey","type":"text/plain"},"key":"Authorization","value":"<API Key>"},{"disabled":false,"description":"(Required) Required. Enter the client id.","key":"x-fapi-financial-id","value":"<string>"},{"disabled":false,"description":"Enter the transaction/correlation id","key":"x-fapi-interaction-id","value":"<string>"},{"disabled":false,"description":"(Required) Enter 'Bearer ' followed by the access token. Please refer to documentation on bearer token. ","key":"Authorization","value":"nulla adipisicing elit fugiat"}],"method":"POST","body":{"mode":"raw","raw":"{\n  \"cardholder\": {\n    \"pan\": \"2222979764340017\",\n    \"memberNumber\": \"0\",\n    \"firstName\": \"SUMITRA\",\n    \"lastName\": \"VEER\",\n    \"middleInitial\": \"S\",\n    \"zip\": \"20120\"\n  },\n  \"client\": {\n    \"applicationName\": \"OpenSystems\",\n    \"auditId\": \"84014831\",\n    \"id\": \"84014831\",\n    \"vendorName\": \"Mobiliti\"\n  }\n}","options":{"raw":{"language":"json"}}}},"status":"Not Found","code":404,"header":[{"key":"Content-Type","value":"text/plain"}],"body":"","cookie":[],"_postman_previewlanguage":"text"},{"id":"190e45b9-849b-47a9-955d-0a1dab153f6d","name":"Unsupported Media Type","originalRequest":{"url":{"path":["v1","exemptions","search"],"host":["{{baseUrl}}"],"query":[],"variable":[]},"header":[{"description":{"content":"Added as a part of security scheme: apikey","type":"text/plain"},"key":"Authorization","value":"<API Key>"},{"disabled":false,"description":"(Required) Required. Enter the client id.","key":"x-fapi-financial-id","value":"<string>"},{"disabled":false,"description":"Enter the transaction/correlation id","key":"x-fapi-interaction-id","value":"<string>"},{"disabled":false,"description":"(Required) Enter 'Bearer ' followed by the access token. Please refer to documentation on bearer token. ","key":"Authorization","value":"nulla adipisicing elit fugiat"},{"key":"Accept","value":"application/json"}],"method":"POST","body":{"mode":"raw","raw":"{\n  \"cardholder\": {\n    \"pan\": \"2222979764340017\",\n    \"memberNumber\": \"0\",\n    \"firstName\": \"SUMITRA\",\n    \"lastName\": \"VEER\",\n    \"middleInitial\": \"S\",\n    \"zip\": \"20120\"\n  },\n  \"client\": {\n    \"applicationName\": \"OpenSystems\",\n    \"auditId\": \"84014831\",\n    \"id\": \"84014831\",\n    \"vendorName\": \"Mobiliti\"\n  }\n}","options":{"raw":{"language":"json"}}}},"status":"Unsupported Media Type","code":415,"header":[{"disabled":false,"description":"transaction ID created with each request","key":"x-fapi-interaction-id","value":"nulla adipisicing elit fugiat"},{"key":"Content-Type","value":"application/json"}],"body":"{\n  \"errors\": [\n    {\n      \"code\": 415,\n      \"description\": \"unsupported Media Type\"\n    }\n  ]\n}","cookie":[],"_postman_previewlanguage":"json"},{"id":"a851d4fa-bebc-40dc-bcf2-f9e78619bc94","name":"Too Many Requests","originalRequest":{"url":{"path":["v1","exemptions","search"],"host":["{{baseUrl}}"],"query":[],"variable":[]},"header":[{"description":{"content":"Added as a part of security scheme: apikey","type":"text/plain"},"key":"Authorization","value":"<API Key>"},{"disabled":false,"description":"(Required) Required. Enter the client id.","key":"x-fapi-financial-id","value":"<string>"},{"disabled":false,"description":"Enter the transaction/correlation id","key":"x-fapi-interaction-id","value":"<string>"},{"disabled":false,"description":"(Required) Enter 'Bearer ' followed by the access token. Please refer to documentation on bearer token. ","key":"Authorization","value":"nulla adipisicing elit fugiat"},{"key":"Accept","value":"application/json"}],"method":"POST","body":{"mode":"raw","raw":"{\n  \"cardholder\": {\n    \"pan\": \"2222979764340017\",\n    \"memberNumber\": \"0\",\n    \"firstName\": \"SUMITRA\",\n    \"lastName\": \"VEER\",\n    \"middleInitial\": \"S\",\n    \"zip\": \"20120\"\n  },\n  \"client\": {\n    \"applicationName\": \"OpenSystems\",\n    \"auditId\": \"84014831\",\n    \"id\": \"84014831\",\n    \"vendorName\": \"Mobiliti\"\n  }\n}","options":{"raw":{"language":"json"}}}},"status":"Too Many Requests","code":429,"header":[{"disabled":false,"description":"transaction ID created with each request","key":"x-fapi-interaction-id","value":"nulla adipisicing elit fugiat"},{"key":"Content-Type","value":"application/json"}],"body":"{\n  \"errors\": [\n    {\n      \"code\": 429,\n      \"description\": \"Rate limit quota violation. Quota limit  exceeded.\"\n    }\n  ]\n}","cookie":[],"_postman_previewlanguage":"json"},{"id":"8f69ce70-c6f4-4813-be1a-6f906d98c525","name":"Server Error","originalRequest":{"url":{"path":["v1","exemptions","search"],"host":["{{baseUrl}}"],"query":[],"variable":[]},"header":[{"description":{"content":"Added as a part of security scheme: apikey","type":"text/plain"},"key":"Authorization","value":"<API Key>"},{"disabled":false,"description":"(Required) Required. Enter the client id.","key":"x-fapi-financial-id","value":"<string>"},{"disabled":false,"description":"Enter the transaction/correlation id","key":"x-fapi-interaction-id","value":"<string>"},{"disabled":false,"description":"(Required) Enter 'Bearer ' followed by the access token. Please refer to documentation on bearer token. ","key":"Authorization","value":"nulla adipisicing elit fugiat"},{"key":"Accept","value":"application/json"}],"method":"POST","body":{"mode":"raw","raw":"{\n  \"cardholder\": {\n    \"pan\": \"2222979764340017\",\n    \"memberNumber\": \"0\",\n    \"firstName\": \"SUMITRA\",\n    \"lastName\": \"VEER\",\n    \"middleInitial\": \"S\",\n    \"zip\": \"20120\"\n  },\n  \"client\": {\n    \"applicationName\": \"OpenSystems\",\n    \"auditId\": \"84014831\",\n    \"id\": \"84014831\",\n    \"vendorName\": \"Mobiliti\"\n  }\n}","options":{"raw":{"language":"json"}}}},"status":"Internal Server Error","code":500,"header":[{"disabled":false,"description":"transaction ID created with each request","key":"x-fapi-interaction-id","value":"nulla adipisicing elit fugiat"},{"key":"Content-Type","value":"application/json"}],"body":"{\n  \"errorResponse\": {\n    \"code\": \"500-01\",\n    \"message\": \"internal server error\",\n    \"developerInfo\": {\n      \"developerMessage\": \"internal server error\",\n      \"moreInfo\": \"There was a problem handling your request.  Please try again.  If the problem persists please contact Fiserv ETSD at 888-243-2543 (you unique messageID included below)\",\n      \"messageid\": \"25557-84290371-1\"\n    }\n  }\n}","cookie":[],"_postman_previewlanguage":"json"}],"event":[],"protocolProfileBehavior":{"disableBodyPruning":true}},{"id":"0ffc1ecf-78bc-443d-81cf-f6420cb69f3f","name":"Expire the travel exemptions for the requested card number.","request":{"name":"Expire the travel exemptions for the requested card number.","description":{},"url":{"path":["v1","exemptions","expire"],"host":["{{baseUrl}}"],"query":[],"variable":[]},"header":[{"disabled":false,"description":"(Required) Required. Enter the client id.","key":"x-fapi-financial-id","value":"<string>"},{"disabled":false,"description":"Enter the transaction/correlation id","key":"x-fapi-interaction-id","value":"<string>"},{"key":"Content-Type","value":"application/json"},{"key":"Accept","value":"application/json"}],"method":"PUT","auth":null,"body":{"mode":"raw","raw":"{\n  \"cardholder\": {\n    \"pan\": \"<string>\",\n    \"memberNumber\": \"<string>\",\n    \"firstName\": \"<string>\",\n    \"lastName\": \"<string>\",\n    \"middleInitial\": \"<string>\",\n    \"zip\": \"<string>\"\n  },\n  \"client\": {\n    \"applicationName\": \"<string>\",\n    \"auditId\": \"<string>\",\n    \"id\": \"<string>\",\n    \"vendorName\": \"<string>\"\n  },\n  \"exemptionNumber\": \"<number>\"\n}","options":{"raw":{"language":"json"}}}},"response":[{"id":"17f29622-c5ac-4f96-bf1c-d587e7f4365b","name":"Success","originalRequest":{"url":{"path":["v1","exemptions","expire"],"host":["{{baseUrl}}"],"query":[],"variable":[]},"header":[{"description":{"content":"Added as a part of security scheme: apikey","type":"text/plain"},"key":"Authorization","value":"<API Key>"},{"disabled":false,"description":"(Required) Required. Enter the client id.","key":"x-fapi-financial-id","value":"<string>"},{"disabled":false,"description":"Enter the transaction/correlation id","key":"x-fapi-interaction-id","value":"<string>"},{"disabled":false,"description":"(Required) Enter 'Bearer ' followed by the access token. Please refer to documentation on bearer token. ","key":"Authorization","value":"nulla adipisicing elit fugiat"},{"key":"Accept","value":"application/json"}],"method":"PUT","body":{"mode":"raw","raw":"{\n  \"cardholder\": {\n    \"pan\": \"2222979764340017\",\n    \"memberNumber\": \"0\",\n    \"firstName\": \"SUMITRA\",\n    \"lastName\": \"VEER\",\n    \"middleInitial\": \"S\",\n    \"zip\": \"20120\"\n  },\n  \"client\": {\n    \"applicationName\": \"OpenSystems\",\n    \"auditId\": \"84014831\",\n    \"id\": \"84014831\",\n    \"vendorName\": \"Mobiliti\"\n  },\n  \"exemptionNumber\": \"<number>\"\n}","options":{"raw":{"language":"json"}}}},"status":"OK","code":200,"header":[{"disabled":false,"description":"Represents a transaction ID created with each request","key":"x-fapi-interaction-id","value":"nulla adipisicing elit fugiat"},{"key":"Content-Type","value":"application/json"}],"body":"{\n  \"travelExemptions\": [\n    {\n      \"endDateTime\": \"2020-07-31T03:59:00Z\",\n      \"exemptionNumber\": 36016587.88525334,\n      \"lastUpdatedDateTime\": \"2019-06-07T07:00:00Z\",\n      \"startDateTime\": \"2019-07-20T07:00:00Z\",\n      \"exemptionCodes\": {\n        \"stateCountryCodes\": [\n          \"AFG\",\n          \"AFG\"\n        ]\n      }\n    },\n    {\n      \"endDateTime\": \"2020-07-31T03:59:00Z\",\n      \"exemptionNumber\": 56614839.68272963,\n      \"lastUpdatedDateTime\": \"2019-06-07T07:00:00Z\",\n      \"startDateTime\": \"2019-07-20T07:00:00Z\",\n      \"exemptionCodes\": {\n        \"stateCountryCodes\": [\n          \"AFG\",\n          \"AFG\"\n        ]\n      }\n    }\n  ],\n  \"exclusions\": [\n    {\n      \"code\": \"AGO\",\n      \"type\": \"C\"\n    },\n    {\n      \"code\": \"AGO\",\n      \"type\": \"C\"\n    }\n  ]\n}","cookie":[],"_postman_previewlanguage":"json"},{"id":"b3470be0-054b-4ade-ae87-9dc53ff2876f","name":"Bad Request","originalRequest":{"url":{"path":["v1","exemptions","expire"],"host":["{{baseUrl}}"],"query":[],"variable":[]},"header":[{"description":{"content":"Added as a part of security scheme: apikey","type":"text/plain"},"key":"Authorization","value":"<API Key>"},{"disabled":false,"description":"(Required) Required. Enter the client id.","key":"x-fapi-financial-id","value":"<string>"},{"disabled":false,"description":"Enter the transaction/correlation id","key":"x-fapi-interaction-id","value":"<string>"},{"disabled":false,"description":"(Required) Enter 'Bearer ' followed by the access token. Please refer to documentation on bearer token. ","key":"Authorization","value":"nulla adipisicing elit fugiat"},{"key":"Accept","value":"application/json"}],"method":"PUT","body":{"mode":"raw","raw":"{\n  \"cardholder\": {\n    \"pan\": \"2222979764340017\",\n    \"memberNumber\": \"0\",\n    \"firstName\": \"SUMITRA\",\n    \"lastName\": \"VEER\",\n    \"middleInitial\": \"S\",\n    \"zip\": \"20120\"\n  },\n  \"client\": {\n    \"applicationName\": \"OpenSystems\",\n    \"auditId\": \"84014831\",\n    \"id\": \"84014831\",\n    \"vendorName\": \"Mobiliti\"\n  },\n  \"exemptionNumber\": \"<number>\"\n}","options":{"raw":{"language":"json"}}}},"status":"Bad Request","code":400,"header":[{"disabled":false,"description":"Represents a transaction ID created with each request","key":"x-fapi-interaction-id","value":"nulla adipisicing elit fugiat"},{"key":"Content-Type","value":"application/json"}],"body":"{\n  \"errors\": [\n    {\n      \"code\": \"WS100\",\n      \"description\": \"Information entered is invalid-please revise and try again.\"\n    }\n  ]\n}","cookie":[],"_postman_previewlanguage":"json"},{"id":"b5e9aefa-f790-46f1-8165-2245e2d07ef6","name":"Unauthorized access","originalRequest":{"url":{"path":["v1","exemptions","expire"],"host":["{{baseUrl}}"],"query":[],"variable":[]},"header":[{"description":{"content":"Added as a part of security scheme: apikey","type":"text/plain"},"key":"Authorization","value":"<API Key>"},{"disabled":false,"description":"(Required) Required. Enter the client id.","key":"x-fapi-financial-id","value":"<string>"},{"disabled":false,"description":"Enter the transaction/correlation id","key":"x-fapi-interaction-id","value":"<string>"},{"disabled":false,"description":"(Required) Enter 'Bearer ' followed by the access token. Please refer to documentation on bearer token. ","key":"Authorization","value":"nulla adipisicing elit fugiat"},{"key":"Accept","value":"application/json"}],"method":"PUT","body":{"mode":"raw","raw":"{\n  \"cardholder\": {\n    \"pan\": \"2222979764340017\",\n    \"memberNumber\": \"0\",\n    \"firstName\": \"SUMITRA\",\n    \"lastName\": \"VEER\",\n    \"middleInitial\": \"S\",\n    \"zip\": \"20120\"\n  },\n  \"client\": {\n    \"applicationName\": \"OpenSystems\",\n    \"auditId\": \"84014831\",\n    \"id\": \"84014831\",\n    \"vendorName\": \"Mobiliti\"\n  },\n  \"exemptionNumber\": \"<number>\"\n}","options":{"raw":{"language":"json"}}}},"status":"Unauthorized","code":401,"header":[{"key":"Content-Type","value":"application/json"}],"body":"{\n  \"errors\": [\n    {\n      \"code\": 401,\n      \"description\": \"Invalid access token\"\n    }\n  ]\n}","cookie":[],"_postman_previewlanguage":"json"},{"id":"cb65cd1b-7fbd-44c9-8426-9415fc1286e7","name":"Resource Not Found","originalRequest":{"url":{"path":["v1","exemptions","expire"],"host":["{{baseUrl}}"],"query":[],"variable":[]},"header":[{"description":{"content":"Added as a part of security scheme: apikey","type":"text/plain"},"key":"Authorization","value":"<API Key>"},{"disabled":false,"description":"(Required) Required. Enter the client id.","key":"x-fapi-financial-id","value":"<string>"},{"disabled":false,"description":"Enter the transaction/correlation id","key":"x-fapi-interaction-id","value":"<string>"},{"disabled":false,"description":"(Required) Enter 'Bearer ' followed by the access token. Please refer to documentation on bearer token. ","key":"Authorization","value":"nulla adipisicing elit fugiat"}],"method":"PUT","body":{"mode":"raw","raw":"{\n  \"cardholder\": {\n    \"pan\": \"2222979764340017\",\n    \"memberNumber\": \"0\",\n    \"firstName\": \"SUMITRA\",\n    \"lastName\": \"VEER\",\n    \"middleInitial\": \"S\",\n    \"zip\": \"20120\"\n  },\n  \"client\": {\n    \"applicationName\": \"OpenSystems\",\n    \"auditId\": \"84014831\",\n    \"id\": \"84014831\",\n    \"vendorName\": \"Mobiliti\"\n  },\n  \"exemptionNumber\": \"<number>\"\n}","options":{"raw":{"language":"json"}}}},"status":"Not Found","code":404,"header":[{"key":"Content-Type","value":"text/plain"}],"body":"","cookie":[],"_postman_previewlanguage":"text"},{"id":"991b59bc-b591-4863-b5f5-6dc0921a6a57","name":"Unsupported Media Type","originalRequest":{"url":{"path":["v1","exemptions","expire"],"host":["{{baseUrl}}"],"query":[],"variable":[]},"header":[{"description":{"content":"Added as a part of security scheme: apikey","type":"text/plain"},"key":"Authorization","value":"<API Key>"},{"disabled":false,"description":"(Required) Required. Enter the client id.","key":"x-fapi-financial-id","value":"<string>"},{"disabled":false,"description":"Enter the transaction/correlation id","key":"x-fapi-interaction-id","value":"<string>"},{"disabled":false,"description":"(Required) Enter 'Bearer ' followed by the access token. Please refer to documentation on bearer token. ","key":"Authorization","value":"nulla adipisicing elit fugiat"},{"key":"Accept","value":"application/json"}],"method":"PUT","body":{"mode":"raw","raw":"{\n  \"cardholder\": {\n    \"pan\": \"2222979764340017\",\n    \"memberNumber\": \"0\",\n    \"firstName\": \"SUMITRA\",\n    \"lastName\": \"VEER\",\n    \"middleInitial\": \"S\",\n    \"zip\": \"20120\"\n  },\n  \"client\": {\n    \"applicationName\": \"OpenSystems\",\n    \"auditId\": \"84014831\",\n    \"id\": \"84014831\",\n    \"vendorName\": \"Mobiliti\"\n  },\n  \"exemptionNumber\": \"<number>\"\n}","options":{"raw":{"language":"json"}}}},"status":"Unsupported Media Type","code":415,"header":[{"disabled":false,"description":"transaction ID created with each request","key":"x-fapi-interaction-id","value":"nulla adipisicing elit fugiat"},{"key":"Content-Type","value":"application/json"}],"body":"{\n  \"errors\": [\n    {\n      \"code\": 415,\n      \"description\": \"unsupported Media Type\"\n    }\n  ]\n}","cookie":[],"_postman_previewlanguage":"json"},{"id":"56101254-cf93-4e1f-a2a1-ed8f17368ce3","name":"Too Many Requests","originalRequest":{"url":{"path":["v1","exemptions","expire"],"host":["{{baseUrl}}"],"query":[],"variable":[]},"header":[{"description":{"content":"Added as a part of security scheme: apikey","type":"text/plain"},"key":"Authorization","value":"<API Key>"},{"disabled":false,"description":"(Required) Required. Enter the client id.","key":"x-fapi-financial-id","value":"<string>"},{"disabled":false,"description":"Enter the transaction/correlation id","key":"x-fapi-interaction-id","value":"<string>"},{"disabled":false,"description":"(Required) Enter 'Bearer ' followed by the access token. Please refer to documentation on bearer token. ","key":"Authorization","value":"nulla adipisicing elit fugiat"},{"key":"Accept","value":"application/json"}],"method":"PUT","body":{"mode":"raw","raw":"{\n  \"cardholder\": {\n    \"pan\": \"2222979764340017\",\n    \"memberNumber\": \"0\",\n    \"firstName\": \"SUMITRA\",\n    \"lastName\": \"VEER\",\n    \"middleInitial\": \"S\",\n    \"zip\": \"20120\"\n  },\n  \"client\": {\n    \"applicationName\": \"OpenSystems\",\n    \"auditId\": \"84014831\",\n    \"id\": \"84014831\",\n    \"vendorName\": \"Mobiliti\"\n  },\n  \"exemptionNumber\": \"<number>\"\n}","options":{"raw":{"language":"json"}}}},"status":"Too Many Requests","code":429,"header":[{"disabled":false,"description":"transaction ID created with each request","key":"x-fapi-interaction-id","value":"nulla adipisicing elit fugiat"},{"key":"Content-Type","value":"application/json"}],"body":"{\n  \"errors\": [\n    {\n      \"code\": 429,\n      \"description\": \"Rate limit quota violation. Quota limit  exceeded.\"\n    }\n  ]\n}","cookie":[],"_postman_previewlanguage":"json"},{"id":"8915806b-c5ba-4dc1-8c2d-bc78719bd5c9","name":"Server Error","originalRequest":{"url":{"path":["v1","exemptions","expire"],"host":["{{baseUrl}}"],"query":[],"variable":[]},"header":[{"description":{"content":"Added as a part of security scheme: apikey","type":"text/plain"},"key":"Authorization","value":"<API Key>"},{"disabled":false,"description":"(Required) Required. Enter the client id.","key":"x-fapi-financial-id","value":"<string>"},{"disabled":false,"description":"Enter the transaction/correlation id","key":"x-fapi-interaction-id","value":"<string>"},{"disabled":false,"description":"(Required) Enter 'Bearer ' followed by the access token. Please refer to documentation on bearer token. ","key":"Authorization","value":"nulla adipisicing elit fugiat"},{"key":"Accept","value":"application/json"}],"method":"PUT","body":{"mode":"raw","raw":"{\n  \"cardholder\": {\n    \"pan\": \"2222979764340017\",\n    \"memberNumber\": \"0\",\n    \"firstName\": \"SUMITRA\",\n    \"lastName\": \"VEER\",\n    \"middleInitial\": \"S\",\n    \"zip\": \"20120\"\n  },\n  \"client\": {\n    \"applicationName\": \"OpenSystems\",\n    \"auditId\": \"84014831\",\n    \"id\": \"84014831\",\n    \"vendorName\": \"Mobiliti\"\n  },\n  \"exemptionNumber\": \"<number>\"\n}","options":{"raw":{"language":"json"}}}},"status":"Internal Server Error","code":500,"header":[{"disabled":false,"description":"transaction ID created with each request","key":"x-fapi-interaction-id","value":"nulla adipisicing elit fugiat"},{"key":"Content-Type","value":"application/json"}],"body":"{\n  \"errorResponse\": {\n    \"code\": \"500-01\",\n    \"message\": \"internal server error\",\n    \"developerInfo\": {\n      \"developerMessage\": \"internal server error\",\n      \"moreInfo\": \"There was a problem handling your request.  Please try again.  If the problem persists please contact Fiserv ETSD at 888-243-2543 (you unique messageID included below)\",\n      \"messageid\": \"25557-84290371-1\"\n    }\n  }\n}","cookie":[],"_postman_previewlanguage":"json"}],"event":[],"protocolProfileBehavior":{"disableBodyPruning":true}}],"event":[]}],"event":[],"variable":[{"type":"string","value":"https://card.api.fiservapps.com/cs/travel","key":"baseUrl"}],"auth":{"type":"apikey","apikey":[{"key":"key","value":"Authorization"},{"key":"value","value":"{{apiKey}}"},{"key":"in","value":"header"}]},"info":{"_postman_id":"5dfcf0c0-3af6-430f-96d9-a6dc9982d853","name":"Travel Exemptions API","schema":"https://schema.getpostman.com/json/collection/v2.1.0/collection.json","description":{"content":"The Travel Exemptions RESTful API provides integration partners the ability to view, add/create, update, and expire travel exemptions for a specific card. All the date/time fields in this API are supported in UTC timezone. The time fields are relevant only up to minutes.","type":"text/plain"}}}