{"item":[{"id":"2db29f77-66b2-4eff-95c4-15e1a5854a2b","name":"v1/exemptions","item":[{"id":"258f9a33-1711-49f8-ae84-840a6dcf8a2c","name":"Add travel exemptions for the requested primary account number (PAN).","request":{"name":"Add travel exemptions for the requested primary account number (PAN).","description":{},"url":{"path":["v1","exemptions"],"host":["{{baseUrl}}"],"query":[],"variable":[]},"header":[{"disabled":false,"description":"(Required) Required. Enter the client id.","key":"x-fapi-financial-id","value":"<string>"},{"disabled":false,"description":"Enter the transaction/correlation id","key":"x-fapi-interaction-id","value":"<string>"},{"key":"Content-Type","value":"application/json"},{"key":"Accept","value":"application/json"}],"method":"POST","auth":null,"body":{"mode":"raw","raw":"{\n  \"cardholder\": {\n    \"pan\": \"<string>\",\n    \"memberNumber\": \"<string>\",\n    \"firstName\": \"<string>\",\n    \"lastName\": \"<string>\",\n    \"middleInitial\": \"<string>\",\n    \"zip\": \"<string>\"\n  },\n  \"client\": {\n    \"applicationName\": \"<string>\",\n    \"auditId\": \"<string>\",\n    \"id\": \"<string>\",\n    \"vendorName\": \"<string>\"\n  },\n  \"endDateTime\": \"<yyyy-mm-ddThh:mm:ss[.mmm]±[hh]:[mm] or yyyy-mm-ddThh:mm:ss[.mmm]Z>\",\n  \"exemptionCodes\": {\n    \"stateCountryCodes\": [\n      \"<string>\",\n      \"<string>\"\n    ]\n  },\n  \"startDateTime\": \"<yyyy-mm-ddThh:mm:ss[.mmm]±[hh]:[mm] or yyyy-mm-ddThh:mm:ss[.mmm]Z>\"\n}","options":{"raw":{"language":"json"}}}},"response":[{"id":"ecbf47de-10de-4647-b60f-2aadd1ea32a6","name":"Created","originalRequest":{"url":{"path":["v1","exemptions"],"host":["{{baseUrl}}"],"query":[],"variable":[]},"header":[{"description":{"content":"Added as a part of security scheme: apikey","type":"text/plain"},"key":"Authorization","value":"<API Key>"},{"disabled":false,"description":"(Required) Required. Enter the client id.","key":"x-fapi-financial-id","value":"<string>"},{"disabled":false,"description":"Enter the transaction/correlation id","key":"x-fapi-interaction-id","value":"<string>"},{"disabled":false,"description":"(Required) Enter 'Bearer ' followed by the access token. Please refer to documentation on bearer token. ","key":"Authorization","value":"laborum eiu"},{"key":"Accept","value":"application/json"}],"method":"POST","body":{"mode":"raw","raw":"{\n  \"cardholder\": {\n    \"pan\": \"2222979764340017\",\n    \"memberNumber\": \"0\",\n    \"firstName\": \"SUMITRA\",\n    \"lastName\": \"VEER\",\n    \"middleInitial\": \"S\",\n    \"zip\": \"20120\"\n  },\n  \"client\": {\n    \"applicationName\": \"OpenSystems\",\n    \"auditId\": \"84014831\",\n    \"id\": \"84014831\",\n    \"vendorName\": \"Mobiliti\"\n  },\n  \"endDateTime\": \"2020-08-11T10:50:00Z\",\n  \"exemptionCodes\": {\n    \"stateCountryCodes\": [\n      \"AFG\",\n      \"AFG\"\n    ]\n  },\n  \"startDateTime\": \"2020-07-30T22:15:00Z\"\n}","options":{"raw":{"language":"json"}}}},"status":"Created","code":201,"header":[{"disabled":false,"description":"Represents a transaction ID created with each request","key":"x-fapi-interaction-id","value":"laborum eiu"},{"key":"Content-Type","value":"application/json"}],"body":"{\n  \"travelExemptions\": [\n    {\n      \"endDateTime\": \"2020-07-31T03:59:00Z\",\n      \"exemptionNumber\": 74491766.65726686,\n      \"lastUpdatedDateTime\": \"2019-06-07T07:00:00Z\",\n      \"startDateTime\": \"2019-07-20T07:00:00Z\",\n      \"exemptionCodes\": {\n        \"stateCountryCodes\": [\n          \"AFG\",\n          \"AFG\"\n        ]\n      }\n    },\n    {\n      \"endDateTime\": \"2020-07-31T03:59:00Z\",\n      \"exemptionNumber\": -7290625.133038953,\n      \"lastUpdatedDateTime\": \"2019-06-07T07:00:00Z\",\n      \"startDateTime\": \"2019-07-20T07:00:00Z\",\n      \"exemptionCodes\": {\n        \"stateCountryCodes\": [\n          \"AFG\",\n          \"AFG\"\n        ]\n      }\n    }\n  ],\n  \"exclusions\": [\n    {\n      \"code\": \"AGO\",\n      \"type\": \"C\"\n    },\n    {\n      \"code\": \"AGO\",\n      \"type\": \"C\"\n    }\n  ]\n}","cookie":[],"_postman_previewlanguage":"json"},{"id":"7b479f5b-a6ea-491f-9973-9f157813a377","name":"Bad Request","originalRequest":{"url":{"path":["v1","exemptions"],"host":["{{baseUrl}}"],"query":[],"variable":[]},"header":[{"description":{"content":"Added as a part of security scheme: apikey","type":"text/plain"},"key":"Authorization","value":"<API Key>"},{"disabled":false,"description":"(Required) Required. Enter the client id.","key":"x-fapi-financial-id","value":"<string>"},{"disabled":false,"description":"Enter the transaction/correlation id","key":"x-fapi-interaction-id","value":"<string>"},{"disabled":false,"description":"(Required) Enter 'Bearer ' followed by the access token. Please refer to documentation on bearer token. ","key":"Authorization","value":"laborum eiu"},{"key":"Accept","value":"application/json"}],"method":"POST","body":{"mode":"raw","raw":"{\n  \"cardholder\": {\n    \"pan\": \"2222979764340017\",\n    \"memberNumber\": \"0\",\n    \"firstName\": \"SUMITRA\",\n    \"lastName\": \"VEER\",\n    \"middleInitial\": \"S\",\n    \"zip\": \"20120\"\n  },\n  \"client\": {\n    \"applicationName\": \"OpenSystems\",\n    \"auditId\": \"84014831\",\n    \"id\": \"84014831\",\n    \"vendorName\": \"Mobiliti\"\n  },\n  \"endDateTime\": \"2020-08-11T10:50:00Z\",\n  \"exemptionCodes\": {\n    \"stateCountryCodes\": [\n      \"AFG\",\n      \"AFG\"\n    ]\n  },\n  \"startDateTime\": \"2020-07-30T22:15:00Z\"\n}","options":{"raw":{"language":"json"}}}},"status":"Bad Request","code":400,"header":[{"disabled":false,"description":"Represents a transaction ID created with each request","key":"x-fapi-interaction-id","value":"laborum eiu"},{"key":"Content-Type","value":"application/json"}],"body":"{\n  \"errors\": [\n    {\n      \"code\": \"WS100\",\n      \"description\": \"Information entered is invalid-please revise and try again.\"\n    }\n  ]\n}","cookie":[],"_postman_previewlanguage":"json"},{"id":"755cf68a-a596-485c-850f-86e70c241d68","name":"Unauthorized access","originalRequest":{"url":{"path":["v1","exemptions"],"host":["{{baseUrl}}"],"query":[],"variable":[]},"header":[{"description":{"content":"Added as a part of security scheme: apikey","type":"text/plain"},"key":"Authorization","value":"<API Key>"},{"disabled":false,"description":"(Required) Required. Enter the client id.","key":"x-fapi-financial-id","value":"<string>"},{"disabled":false,"description":"Enter the transaction/correlation id","key":"x-fapi-interaction-id","value":"<string>"},{"disabled":false,"description":"(Required) Enter 'Bearer ' followed by the access token. Please refer to documentation on bearer token. ","key":"Authorization","value":"laborum eiu"},{"key":"Accept","value":"application/json"}],"method":"POST","body":{"mode":"raw","raw":"{\n  \"cardholder\": {\n    \"pan\": \"2222979764340017\",\n    \"memberNumber\": \"0\",\n    \"firstName\": \"SUMITRA\",\n    \"lastName\": \"VEER\",\n    \"middleInitial\": \"S\",\n    \"zip\": \"20120\"\n  },\n  \"client\": {\n    \"applicationName\": \"OpenSystems\",\n    \"auditId\": \"84014831\",\n    \"id\": \"84014831\",\n    \"vendorName\": \"Mobiliti\"\n  },\n  \"endDateTime\": \"2020-08-11T10:50:00Z\",\n  \"exemptionCodes\": {\n    \"stateCountryCodes\": [\n      \"AFG\",\n      \"AFG\"\n    ]\n  },\n  \"startDateTime\": \"2020-07-30T22:15:00Z\"\n}","options":{"raw":{"language":"json"}}}},"status":"Unauthorized","code":401,"header":[{"key":"Content-Type","value":"application/json"}],"body":"{\n  \"errors\": [\n    {\n      \"code\": 401,\n      \"description\": \"Invalid access token\"\n    }\n  ]\n}","cookie":[],"_postman_previewlanguage":"json"},{"id":"664d328e-0fcb-4fbb-adb5-8d6ec25e4075","name":"Resource Not Found","originalRequest":{"url":{"path":["v1","exemptions"],"host":["{{baseUrl}}"],"query":[],"variable":[]},"header":[{"description":{"content":"Added as a part of security scheme: apikey","type":"text/plain"},"key":"Authorization","value":"<API Key>"},{"disabled":false,"description":"(Required) Required. Enter the client id.","key":"x-fapi-financial-id","value":"<string>"},{"disabled":false,"description":"Enter the transaction/correlation id","key":"x-fapi-interaction-id","value":"<string>"},{"disabled":false,"description":"(Required) Enter 'Bearer ' followed by the access token. Please refer to documentation on bearer token. ","key":"Authorization","value":"laborum eiu"}],"method":"POST","body":{"mode":"raw","raw":"{\n  \"cardholder\": {\n    \"pan\": \"2222979764340017\",\n    \"memberNumber\": \"0\",\n    \"firstName\": \"SUMITRA\",\n    \"lastName\": \"VEER\",\n    \"middleInitial\": \"S\",\n    \"zip\": \"20120\"\n  },\n  \"client\": {\n    \"applicationName\": \"OpenSystems\",\n    \"auditId\": \"84014831\",\n    \"id\": \"84014831\",\n    \"vendorName\": \"Mobiliti\"\n  },\n  \"endDateTime\": \"2020-08-11T10:50:00Z\",\n  \"exemptionCodes\": {\n    \"stateCountryCodes\": [\n      \"AFG\",\n      \"AFG\"\n    ]\n  },\n  \"startDateTime\": \"2020-07-30T22:15:00Z\"\n}","options":{"raw":{"language":"json"}}}},"status":"Not Found","code":404,"header":[{"key":"Content-Type","value":"text/plain"}],"body":"","cookie":[],"_postman_previewlanguage":"text"},{"id":"4a20e7da-5652-46cb-a459-2fe615d3dca0","name":"Unsupported Media Type","originalRequest":{"url":{"path":["v1","exemptions"],"host":["{{baseUrl}}"],"query":[],"variable":[]},"header":[{"description":{"content":"Added as a part of security scheme: apikey","type":"text/plain"},"key":"Authorization","value":"<API Key>"},{"disabled":false,"description":"(Required) Required. Enter the client id.","key":"x-fapi-financial-id","value":"<string>"},{"disabled":false,"description":"Enter the transaction/correlation id","key":"x-fapi-interaction-id","value":"<string>"},{"disabled":false,"description":"(Required) Enter 'Bearer ' followed by the access token. Please refer to documentation on bearer token. ","key":"Authorization","value":"laborum eiu"},{"key":"Accept","value":"application/json"}],"method":"POST","body":{"mode":"raw","raw":"{\n  \"cardholder\": {\n    \"pan\": \"2222979764340017\",\n    \"memberNumber\": \"0\",\n    \"firstName\": \"SUMITRA\",\n    \"lastName\": \"VEER\",\n    \"middleInitial\": \"S\",\n    \"zip\": \"20120\"\n  },\n  \"client\": {\n    \"applicationName\": \"OpenSystems\",\n    \"auditId\": \"84014831\",\n    \"id\": \"84014831\",\n    \"vendorName\": \"Mobiliti\"\n  },\n  \"endDateTime\": \"2020-08-11T10:50:00Z\",\n  \"exemptionCodes\": {\n    \"stateCountryCodes\": [\n      \"AFG\",\n      \"AFG\"\n    ]\n  },\n  \"startDateTime\": \"2020-07-30T22:15:00Z\"\n}","options":{"raw":{"language":"json"}}}},"status":"Unsupported Media Type","code":415,"header":[{"disabled":false,"description":"transaction ID created with each request","key":"x-fapi-interaction-id","value":"laborum eiu"},{"key":"Content-Type","value":"application/json"}],"body":"{\n  \"errors\": [\n    {\n      \"code\": 415,\n      \"description\": \"unsupported Media Type\"\n    }\n  ]\n}","cookie":[],"_postman_previewlanguage":"json"},{"id":"6ffcc974-957d-4f26-9e74-f0f41f5d34a1","name":"Too Many Requests","originalRequest":{"url":{"path":["v1","exemptions"],"host":["{{baseUrl}}"],"query":[],"variable":[]},"header":[{"description":{"content":"Added as a part of security scheme: apikey","type":"text/plain"},"key":"Authorization","value":"<API Key>"},{"disabled":false,"description":"(Required) Required. Enter the client id.","key":"x-fapi-financial-id","value":"<string>"},{"disabled":false,"description":"Enter the transaction/correlation id","key":"x-fapi-interaction-id","value":"<string>"},{"disabled":false,"description":"(Required) Enter 'Bearer ' followed by the access token. Please refer to documentation on bearer token. ","key":"Authorization","value":"laborum eiu"},{"key":"Accept","value":"application/json"}],"method":"POST","body":{"mode":"raw","raw":"{\n  \"cardholder\": {\n    \"pan\": \"2222979764340017\",\n    \"memberNumber\": \"0\",\n    \"firstName\": \"SUMITRA\",\n    \"lastName\": \"VEER\",\n    \"middleInitial\": \"S\",\n    \"zip\": \"20120\"\n  },\n  \"client\": {\n    \"applicationName\": \"OpenSystems\",\n    \"auditId\": \"84014831\",\n    \"id\": \"84014831\",\n    \"vendorName\": \"Mobiliti\"\n  },\n  \"endDateTime\": \"2020-08-11T10:50:00Z\",\n  \"exemptionCodes\": {\n    \"stateCountryCodes\": [\n      \"AFG\",\n      \"AFG\"\n    ]\n  },\n  \"startDateTime\": \"2020-07-30T22:15:00Z\"\n}","options":{"raw":{"language":"json"}}}},"status":"Too Many Requests","code":429,"header":[{"disabled":false,"description":"transaction ID created with each request","key":"x-fapi-interaction-id","value":"laborum eiu"},{"key":"Content-Type","value":"application/json"}],"body":"{\n  \"errors\": [\n    {\n      \"code\": 429,\n      \"description\": \"Rate limit quota violation. Quota limit  exceeded.\"\n    }\n  ]\n}","cookie":[],"_postman_previewlanguage":"json"},{"id":"54c46765-47a4-4890-b8c7-f983b6db0d79","name":"Server Error","originalRequest":{"url":{"path":["v1","exemptions"],"host":["{{baseUrl}}"],"query":[],"variable":[]},"header":[{"description":{"content":"Added as a part of security scheme: apikey","type":"text/plain"},"key":"Authorization","value":"<API Key>"},{"disabled":false,"description":"(Required) Required. Enter the client id.","key":"x-fapi-financial-id","value":"<string>"},{"disabled":false,"description":"Enter the transaction/correlation id","key":"x-fapi-interaction-id","value":"<string>"},{"disabled":false,"description":"(Required) Enter 'Bearer ' followed by the access token. Please refer to documentation on bearer token. ","key":"Authorization","value":"laborum eiu"},{"key":"Accept","value":"application/json"}],"method":"POST","body":{"mode":"raw","raw":"{\n  \"cardholder\": {\n    \"pan\": \"2222979764340017\",\n    \"memberNumber\": \"0\",\n    \"firstName\": \"SUMITRA\",\n    \"lastName\": \"VEER\",\n    \"middleInitial\": \"S\",\n    \"zip\": \"20120\"\n  },\n  \"client\": {\n    \"applicationName\": \"OpenSystems\",\n    \"auditId\": \"84014831\",\n    \"id\": \"84014831\",\n    \"vendorName\": \"Mobiliti\"\n  },\n  \"endDateTime\": \"2020-08-11T10:50:00Z\",\n  \"exemptionCodes\": {\n    \"stateCountryCodes\": [\n      \"AFG\",\n      \"AFG\"\n    ]\n  },\n  \"startDateTime\": \"2020-07-30T22:15:00Z\"\n}","options":{"raw":{"language":"json"}}}},"status":"Internal Server Error","code":500,"header":[{"disabled":false,"description":"transaction ID created with each request","key":"x-fapi-interaction-id","value":"laborum eiu"},{"key":"Content-Type","value":"application/json"}],"body":"{\n  \"errorResponse\": {\n    \"code\": \"500-01\",\n    \"message\": \"internal server error\",\n    \"developerInfo\": {\n      \"developerMessage\": \"internal server error\",\n      \"moreInfo\": \"There was a problem handling your request.  Please try again.  If the problem persists please contact Fiserv ETSD at 888-243-2543 (you unique messageID included below)\",\n      \"messageid\": \"25557-84290371-1\"\n    }\n  }\n}","cookie":[],"_postman_previewlanguage":"json"}],"event":[],"protocolProfileBehavior":{"disableBodyPruning":true}},{"id":"d9332e1f-b4be-4ea4-979e-9639e230c8ca","name":"Update travel exemptions for the requested primary account number (PAN).","request":{"name":"Update travel exemptions for the requested primary account number (PAN).","description":{},"url":{"path":["v1","exemptions"],"host":["{{baseUrl}}"],"query":[],"variable":[]},"header":[{"disabled":false,"description":"(Required) Required. Enter the client id.","key":"x-fapi-financial-id","value":"<string>"},{"disabled":false,"description":"Enter the transaction/correlation id","key":"x-fapi-interaction-id","value":"<string>"},{"key":"Content-Type","value":"application/json"},{"key":"Accept","value":"application/json"}],"method":"PUT","auth":null,"body":{"mode":"raw","raw":"{\n  \"cardholder\": {\n    \"pan\": \"<string>\",\n    \"memberNumber\": \"<string>\",\n    \"firstName\": \"<string>\",\n    \"lastName\": \"<string>\",\n    \"middleInitial\": \"<string>\",\n    \"zip\": \"<string>\"\n  },\n  \"client\": {\n    \"applicationName\": \"<string>\",\n    \"auditId\": \"<string>\",\n    \"id\": \"<string>\",\n    \"vendorName\": \"<string>\"\n  },\n  \"endDateTime\": \"<yyyy-mm-ddThh:mm:ss[.mmm]±[hh]:[mm] or yyyy-mm-ddThh:mm:ss[.mmm]Z>\",\n  \"exemptionNumber\": \"<number>\",\n  \"startDateTime\": \"<yyyy-mm-ddThh:mm:ss[.mmm]±[hh]:[mm] or yyyy-mm-ddThh:mm:ss[.mmm]Z>\",\n  \"exemptionCodes\": {\n    \"stateCountryCodes\": [\n      \"<string>\",\n      \"<string>\"\n    ]\n  }\n}","options":{"raw":{"language":"json"}}}},"response":[{"id":"f01c2d53-e6a1-4ba0-8bb3-4fe533cfadd1","name":"Success","originalRequest":{"url":{"path":["v1","exemptions"],"host":["{{baseUrl}}"],"query":[],"variable":[]},"header":[{"description":{"content":"Added as a part of security scheme: apikey","type":"text/plain"},"key":"Authorization","value":"<API Key>"},{"disabled":false,"description":"(Required) Required. Enter the client id.","key":"x-fapi-financial-id","value":"<string>"},{"disabled":false,"description":"Enter the transaction/correlation id","key":"x-fapi-interaction-id","value":"<string>"},{"disabled":false,"description":"(Required) Enter 'Bearer ' followed by the access token. Please refer to documentation on bearer token. ","key":"Authorization","value":"laborum eiu"},{"key":"Accept","value":"application/json"}],"method":"PUT","body":{"mode":"raw","raw":"{\n  \"cardholder\": {\n    \"pan\": \"2222979764340017\",\n    \"memberNumber\": \"0\",\n    \"firstName\": \"SUMITRA\",\n    \"lastName\": \"VEER\",\n    \"middleInitial\": \"S\",\n    \"zip\": \"20120\"\n  },\n  \"client\": {\n    \"applicationName\": \"OpenSystems\",\n    \"auditId\": \"84014831\",\n    \"id\": \"84014831\",\n    \"vendorName\": \"Mobiliti\"\n  },\n  \"endDateTime\": \"2020-08-11T10:50:00Z\",\n  \"exemptionNumber\": \"<number>\",\n  \"startDateTime\": \"2020-07-30T22:15:00Z\",\n  \"exemptionCodes\": {\n    \"stateCountryCodes\": [\n      \"AFG\",\n      \"AFG\"\n    ]\n  }\n}","options":{"raw":{"language":"json"}}}},"status":"OK","code":200,"header":[{"disabled":false,"description":"Represents a transaction ID created with each request","key":"x-fapi-interaction-id","value":"laborum eiu"},{"key":"Content-Type","value":"application/json"}],"body":"{\n  \"travelExemptions\": [\n    {\n      \"endDateTime\": \"2020-07-31T03:59:00Z\",\n      \"exemptionNumber\": 27705025.618962288,\n      \"lastUpdatedDateTime\": \"2019-06-07T07:00:00Z\",\n      \"startDateTime\": \"2019-07-20T07:00:00Z\",\n      \"exemptionCodes\": {\n        \"stateCountryCodes\": [\n          \"AFG\",\n          \"AFG\"\n        ]\n      }\n    },\n    {\n      \"endDateTime\": \"2020-07-31T03:59:00Z\",\n      \"exemptionNumber\": 66010854.61495447,\n      \"lastUpdatedDateTime\": \"2019-06-07T07:00:00Z\",\n      \"startDateTime\": \"2019-07-20T07:00:00Z\",\n      \"exemptionCodes\": {\n        \"stateCountryCodes\": [\n          \"AFG\",\n          \"AFG\"\n        ]\n      }\n    }\n  ],\n  \"exclusions\": [\n    {\n      \"code\": \"AGO\",\n      \"type\": \"C\"\n    },\n    {\n      \"code\": \"AGO\",\n      \"type\": \"C\"\n    }\n  ]\n}","cookie":[],"_postman_previewlanguage":"json"},{"id":"541169a2-73a3-4b52-9e14-023bc95f71f2","name":"Bad Request","originalRequest":{"url":{"path":["v1","exemptions"],"host":["{{baseUrl}}"],"query":[],"variable":[]},"header":[{"description":{"content":"Added as a part of security scheme: apikey","type":"text/plain"},"key":"Authorization","value":"<API Key>"},{"disabled":false,"description":"(Required) Required. Enter the client id.","key":"x-fapi-financial-id","value":"<string>"},{"disabled":false,"description":"Enter the transaction/correlation id","key":"x-fapi-interaction-id","value":"<string>"},{"disabled":false,"description":"(Required) Enter 'Bearer ' followed by the access token. Please refer to documentation on bearer token. ","key":"Authorization","value":"laborum eiu"},{"key":"Accept","value":"application/json"}],"method":"PUT","body":{"mode":"raw","raw":"{\n  \"cardholder\": {\n    \"pan\": \"2222979764340017\",\n    \"memberNumber\": \"0\",\n    \"firstName\": \"SUMITRA\",\n    \"lastName\": \"VEER\",\n    \"middleInitial\": \"S\",\n    \"zip\": \"20120\"\n  },\n  \"client\": {\n    \"applicationName\": \"OpenSystems\",\n    \"auditId\": \"84014831\",\n    \"id\": \"84014831\",\n    \"vendorName\": \"Mobiliti\"\n  },\n  \"endDateTime\": \"2020-08-11T10:50:00Z\",\n  \"exemptionNumber\": \"<number>\",\n  \"startDateTime\": \"2020-07-30T22:15:00Z\",\n  \"exemptionCodes\": {\n    \"stateCountryCodes\": [\n      \"AFG\",\n      \"AFG\"\n    ]\n  }\n}","options":{"raw":{"language":"json"}}}},"status":"Bad Request","code":400,"header":[{"disabled":false,"description":"Represents a transaction ID created with each request","key":"x-fapi-interaction-id","value":"laborum eiu"},{"key":"Content-Type","value":"application/json"}],"body":"{\n  \"errors\": [\n    {\n      \"code\": \"WS100\",\n      \"description\": \"Information entered is invalid-please revise and try again.\"\n    }\n  ]\n}","cookie":[],"_postman_previewlanguage":"json"},{"id":"e56745bb-ce77-412e-8efb-1e6de5c766d5","name":"Unauthorized access","originalRequest":{"url":{"path":["v1","exemptions"],"host":["{{baseUrl}}"],"query":[],"variable":[]},"header":[{"description":{"content":"Added as a part of security scheme: apikey","type":"text/plain"},"key":"Authorization","value":"<API Key>"},{"disabled":false,"description":"(Required) Required. Enter the client id.","key":"x-fapi-financial-id","value":"<string>"},{"disabled":false,"description":"Enter the transaction/correlation id","key":"x-fapi-interaction-id","value":"<string>"},{"disabled":false,"description":"(Required) Enter 'Bearer ' followed by the access token. Please refer to documentation on bearer token. ","key":"Authorization","value":"laborum eiu"},{"key":"Accept","value":"application/json"}],"method":"PUT","body":{"mode":"raw","raw":"{\n  \"cardholder\": {\n    \"pan\": \"2222979764340017\",\n    \"memberNumber\": \"0\",\n    \"firstName\": \"SUMITRA\",\n    \"lastName\": \"VEER\",\n    \"middleInitial\": \"S\",\n    \"zip\": \"20120\"\n  },\n  \"client\": {\n    \"applicationName\": \"OpenSystems\",\n    \"auditId\": \"84014831\",\n    \"id\": \"84014831\",\n    \"vendorName\": \"Mobiliti\"\n  },\n  \"endDateTime\": \"2020-08-11T10:50:00Z\",\n  \"exemptionNumber\": \"<number>\",\n  \"startDateTime\": \"2020-07-30T22:15:00Z\",\n  \"exemptionCodes\": {\n    \"stateCountryCodes\": [\n      \"AFG\",\n      \"AFG\"\n    ]\n  }\n}","options":{"raw":{"language":"json"}}}},"status":"Unauthorized","code":401,"header":[{"key":"Content-Type","value":"application/json"}],"body":"{\n  \"errors\": [\n    {\n      \"code\": 401,\n      \"description\": \"Invalid access token\"\n    }\n  ]\n}","cookie":[],"_postman_previewlanguage":"json"},{"id":"c4810a3d-3226-4ddf-bd2b-468e88aad9e2","name":"Resource Not Found","originalRequest":{"url":{"path":["v1","exemptions"],"host":["{{baseUrl}}"],"query":[],"variable":[]},"header":[{"description":{"content":"Added as a part of security scheme: apikey","type":"text/plain"},"key":"Authorization","value":"<API Key>"},{"disabled":false,"description":"(Required) Required. Enter the client id.","key":"x-fapi-financial-id","value":"<string>"},{"disabled":false,"description":"Enter the transaction/correlation id","key":"x-fapi-interaction-id","value":"<string>"},{"disabled":false,"description":"(Required) Enter 'Bearer ' followed by the access token. Please refer to documentation on bearer token. ","key":"Authorization","value":"laborum eiu"}],"method":"PUT","body":{"mode":"raw","raw":"{\n  \"cardholder\": {\n    \"pan\": \"2222979764340017\",\n    \"memberNumber\": \"0\",\n    \"firstName\": \"SUMITRA\",\n    \"lastName\": \"VEER\",\n    \"middleInitial\": \"S\",\n    \"zip\": \"20120\"\n  },\n  \"client\": {\n    \"applicationName\": \"OpenSystems\",\n    \"auditId\": \"84014831\",\n    \"id\": \"84014831\",\n    \"vendorName\": \"Mobiliti\"\n  },\n  \"endDateTime\": \"2020-08-11T10:50:00Z\",\n  \"exemptionNumber\": \"<number>\",\n  \"startDateTime\": \"2020-07-30T22:15:00Z\",\n  \"exemptionCodes\": {\n    \"stateCountryCodes\": [\n      \"AFG\",\n      \"AFG\"\n    ]\n  }\n}","options":{"raw":{"language":"json"}}}},"status":"Not Found","code":404,"header":[{"key":"Content-Type","value":"text/plain"}],"body":"","cookie":[],"_postman_previewlanguage":"text"},{"id":"879b63a0-12ef-42e2-8f60-efe129ea30c5","name":"Unsupported Media Type","originalRequest":{"url":{"path":["v1","exemptions"],"host":["{{baseUrl}}"],"query":[],"variable":[]},"header":[{"description":{"content":"Added as a part of security scheme: apikey","type":"text/plain"},"key":"Authorization","value":"<API Key>"},{"disabled":false,"description":"(Required) Required. Enter the client id.","key":"x-fapi-financial-id","value":"<string>"},{"disabled":false,"description":"Enter the transaction/correlation id","key":"x-fapi-interaction-id","value":"<string>"},{"disabled":false,"description":"(Required) Enter 'Bearer ' followed by the access token. Please refer to documentation on bearer token. ","key":"Authorization","value":"laborum eiu"},{"key":"Accept","value":"application/json"}],"method":"PUT","body":{"mode":"raw","raw":"{\n  \"cardholder\": {\n    \"pan\": \"2222979764340017\",\n    \"memberNumber\": \"0\",\n    \"firstName\": \"SUMITRA\",\n    \"lastName\": \"VEER\",\n    \"middleInitial\": \"S\",\n    \"zip\": \"20120\"\n  },\n  \"client\": {\n    \"applicationName\": \"OpenSystems\",\n    \"auditId\": \"84014831\",\n    \"id\": \"84014831\",\n    \"vendorName\": \"Mobiliti\"\n  },\n  \"endDateTime\": \"2020-08-11T10:50:00Z\",\n  \"exemptionNumber\": \"<number>\",\n  \"startDateTime\": \"2020-07-30T22:15:00Z\",\n  \"exemptionCodes\": {\n    \"stateCountryCodes\": [\n      \"AFG\",\n      \"AFG\"\n    ]\n  }\n}","options":{"raw":{"language":"json"}}}},"status":"Unsupported Media Type","code":415,"header":[{"disabled":false,"description":"transaction ID created with each request","key":"x-fapi-interaction-id","value":"laborum eiu"},{"key":"Content-Type","value":"application/json"}],"body":"{\n  \"errors\": [\n    {\n      \"code\": 415,\n      \"description\": \"unsupported Media Type\"\n    }\n  ]\n}","cookie":[],"_postman_previewlanguage":"json"},{"id":"80343e33-693c-448a-a513-4dc840f6267a","name":"Too Many Requests","originalRequest":{"url":{"path":["v1","exemptions"],"host":["{{baseUrl}}"],"query":[],"variable":[]},"header":[{"description":{"content":"Added as a part of security scheme: apikey","type":"text/plain"},"key":"Authorization","value":"<API Key>"},{"disabled":false,"description":"(Required) Required. Enter the client id.","key":"x-fapi-financial-id","value":"<string>"},{"disabled":false,"description":"Enter the transaction/correlation id","key":"x-fapi-interaction-id","value":"<string>"},{"disabled":false,"description":"(Required) Enter 'Bearer ' followed by the access token. Please refer to documentation on bearer token. ","key":"Authorization","value":"laborum eiu"},{"key":"Accept","value":"application/json"}],"method":"PUT","body":{"mode":"raw","raw":"{\n  \"cardholder\": {\n    \"pan\": \"2222979764340017\",\n    \"memberNumber\": \"0\",\n    \"firstName\": \"SUMITRA\",\n    \"lastName\": \"VEER\",\n    \"middleInitial\": \"S\",\n    \"zip\": \"20120\"\n  },\n  \"client\": {\n    \"applicationName\": \"OpenSystems\",\n    \"auditId\": \"84014831\",\n    \"id\": \"84014831\",\n    \"vendorName\": \"Mobiliti\"\n  },\n  \"endDateTime\": \"2020-08-11T10:50:00Z\",\n  \"exemptionNumber\": \"<number>\",\n  \"startDateTime\": \"2020-07-30T22:15:00Z\",\n  \"exemptionCodes\": {\n    \"stateCountryCodes\": [\n      \"AFG\",\n      \"AFG\"\n    ]\n  }\n}","options":{"raw":{"language":"json"}}}},"status":"Too Many Requests","code":429,"header":[{"disabled":false,"description":"transaction ID created with each request","key":"x-fapi-interaction-id","value":"laborum eiu"},{"key":"Content-Type","value":"application/json"}],"body":"{\n  \"errors\": [\n    {\n      \"code\": 429,\n      \"description\": \"Rate limit quota violation. Quota limit  exceeded.\"\n    }\n  ]\n}","cookie":[],"_postman_previewlanguage":"json"},{"id":"5a59e975-735b-476a-bbd8-75a0db6b747f","name":"Server Error","originalRequest":{"url":{"path":["v1","exemptions"],"host":["{{baseUrl}}"],"query":[],"variable":[]},"header":[{"description":{"content":"Added as a part of security scheme: apikey","type":"text/plain"},"key":"Authorization","value":"<API Key>"},{"disabled":false,"description":"(Required) Required. Enter the client id.","key":"x-fapi-financial-id","value":"<string>"},{"disabled":false,"description":"Enter the transaction/correlation id","key":"x-fapi-interaction-id","value":"<string>"},{"disabled":false,"description":"(Required) Enter 'Bearer ' followed by the access token. Please refer to documentation on bearer token. ","key":"Authorization","value":"laborum eiu"},{"key":"Accept","value":"application/json"}],"method":"PUT","body":{"mode":"raw","raw":"{\n  \"cardholder\": {\n    \"pan\": \"2222979764340017\",\n    \"memberNumber\": \"0\",\n    \"firstName\": \"SUMITRA\",\n    \"lastName\": \"VEER\",\n    \"middleInitial\": \"S\",\n    \"zip\": \"20120\"\n  },\n  \"client\": {\n    \"applicationName\": \"OpenSystems\",\n    \"auditId\": \"84014831\",\n    \"id\": \"84014831\",\n    \"vendorName\": \"Mobiliti\"\n  },\n  \"endDateTime\": \"2020-08-11T10:50:00Z\",\n  \"exemptionNumber\": \"<number>\",\n  \"startDateTime\": \"2020-07-30T22:15:00Z\",\n  \"exemptionCodes\": {\n    \"stateCountryCodes\": [\n      \"AFG\",\n      \"AFG\"\n    ]\n  }\n}","options":{"raw":{"language":"json"}}}},"status":"Internal Server Error","code":500,"header":[{"disabled":false,"description":"transaction ID created with each request","key":"x-fapi-interaction-id","value":"laborum eiu"},{"key":"Content-Type","value":"application/json"}],"body":"{\n  \"errorResponse\": {\n    \"code\": \"500-01\",\n    \"message\": \"internal server error\",\n    \"developerInfo\": {\n      \"developerMessage\": \"internal server error\",\n      \"moreInfo\": \"There was a problem handling your request.  Please try again.  If the problem persists please contact Fiserv ETSD at 888-243-2543 (you unique messageID included below)\",\n      \"messageid\": \"25557-84290371-1\"\n    }\n  }\n}","cookie":[],"_postman_previewlanguage":"json"}],"event":[],"protocolProfileBehavior":{"disableBodyPruning":true}},{"id":"6da7e01e-dcbb-4e64-a817-93a4b53b83e9","name":"Obtain information on all existing travel exemptions for the requested card number.","request":{"name":"Obtain information on all existing travel exemptions for the requested card number.","description":{},"url":{"path":["v1","exemptions","search"],"host":["{{baseUrl}}"],"query":[],"variable":[]},"header":[{"disabled":false,"description":"(Required) Required. Enter the client id.","key":"x-fapi-financial-id","value":"<string>"},{"disabled":false,"description":"Enter the transaction/correlation id","key":"x-fapi-interaction-id","value":"<string>"},{"key":"Content-Type","value":"application/json"},{"key":"Accept","value":"application/json"}],"method":"POST","auth":null,"body":{"mode":"raw","raw":"{\n  \"cardholder\": {\n    \"pan\": \"<string>\",\n    \"memberNumber\": \"<string>\",\n    \"firstName\": \"<string>\",\n    \"lastName\": \"<string>\",\n    \"middleInitial\": \"<string>\",\n    \"zip\": \"<string>\"\n  },\n  \"client\": {\n    \"applicationName\": \"<string>\",\n    \"auditId\": \"<string>\",\n    \"id\": \"<string>\",\n    \"vendorName\": \"<string>\"\n  }\n}","options":{"raw":{"language":"json"}}}},"response":[{"id":"36142e62-ed7f-4492-b4c1-9bcc8c099321","name":"Success","originalRequest":{"url":{"path":["v1","exemptions","search"],"host":["{{baseUrl}}"],"query":[],"variable":[]},"header":[{"description":{"content":"Added as a part of security scheme: apikey","type":"text/plain"},"key":"Authorization","value":"<API Key>"},{"disabled":false,"description":"(Required) Required. Enter the client id.","key":"x-fapi-financial-id","value":"<string>"},{"disabled":false,"description":"Enter the transaction/correlation id","key":"x-fapi-interaction-id","value":"<string>"},{"disabled":false,"description":"(Required) Enter 'Bearer ' followed by the access token. Please refer to documentation on bearer token. ","key":"Authorization","value":"laborum eiu"},{"key":"Accept","value":"application/json"}],"method":"POST","body":{"mode":"raw","raw":"{\n  \"cardholder\": {\n    \"pan\": \"2222979764340017\",\n    \"memberNumber\": \"0\",\n    \"firstName\": \"SUMITRA\",\n    \"lastName\": \"VEER\",\n    \"middleInitial\": \"S\",\n    \"zip\": \"20120\"\n  },\n  \"client\": {\n    \"applicationName\": \"OpenSystems\",\n    \"auditId\": \"84014831\",\n    \"id\": \"84014831\",\n    \"vendorName\": \"Mobiliti\"\n  }\n}","options":{"raw":{"language":"json"}}}},"status":"OK","code":200,"header":[{"disabled":false,"description":"Represents a transaction ID created with each request","key":"x-fapi-interaction-id","value":"laborum eiu"},{"key":"Content-Type","value":"application/json"}],"body":"{\n  \"travelExemptions\": [\n    {\n      \"endDateTime\": \"2020-07-31T03:59:00Z\",\n      \"exemptionNumber\": 27705025.618962288,\n      \"lastUpdatedDateTime\": \"2019-06-07T07:00:00Z\",\n      \"startDateTime\": \"2019-07-20T07:00:00Z\",\n      \"exemptionCodes\": {\n        \"stateCountryCodes\": [\n          \"AFG\",\n          \"AFG\"\n        ]\n      }\n    },\n    {\n      \"endDateTime\": \"2020-07-31T03:59:00Z\",\n      \"exemptionNumber\": 66010854.61495447,\n      \"lastUpdatedDateTime\": \"2019-06-07T07:00:00Z\",\n      \"startDateTime\": \"2019-07-20T07:00:00Z\",\n      \"exemptionCodes\": {\n        \"stateCountryCodes\": [\n          \"AFG\",\n          \"AFG\"\n        ]\n      }\n    }\n  ],\n  \"exclusions\": [\n    {\n      \"code\": \"AGO\",\n      \"type\": \"C\"\n    },\n    {\n      \"code\": \"AGO\",\n      \"type\": \"C\"\n    }\n  ]\n}","cookie":[],"_postman_previewlanguage":"json"},{"id":"be7be879-0d15-478c-a14d-2644bb61ba17","name":"Bad Request","originalRequest":{"url":{"path":["v1","exemptions","search"],"host":["{{baseUrl}}"],"query":[],"variable":[]},"header":[{"description":{"content":"Added as a part of security scheme: apikey","type":"text/plain"},"key":"Authorization","value":"<API Key>"},{"disabled":false,"description":"(Required) Required. Enter the client id.","key":"x-fapi-financial-id","value":"<string>"},{"disabled":false,"description":"Enter the transaction/correlation id","key":"x-fapi-interaction-id","value":"<string>"},{"disabled":false,"description":"(Required) Enter 'Bearer ' followed by the access token. Please refer to documentation on bearer token. ","key":"Authorization","value":"laborum eiu"},{"key":"Accept","value":"application/json"}],"method":"POST","body":{"mode":"raw","raw":"{\n  \"cardholder\": {\n    \"pan\": \"2222979764340017\",\n    \"memberNumber\": \"0\",\n    \"firstName\": \"SUMITRA\",\n    \"lastName\": \"VEER\",\n    \"middleInitial\": \"S\",\n    \"zip\": \"20120\"\n  },\n  \"client\": {\n    \"applicationName\": \"OpenSystems\",\n    \"auditId\": \"84014831\",\n    \"id\": \"84014831\",\n    \"vendorName\": \"Mobiliti\"\n  }\n}","options":{"raw":{"language":"json"}}}},"status":"Bad Request","code":400,"header":[{"disabled":false,"description":"Represents a transaction ID created with each request","key":"x-fapi-interaction-id","value":"laborum eiu"},{"key":"Content-Type","value":"application/json"}],"body":"{\n  \"errors\": [\n    {\n      \"code\": \"WS100\",\n      \"description\": \"Information entered is invalid-please revise and try again.\"\n    }\n  ]\n}","cookie":[],"_postman_previewlanguage":"json"},{"id":"bb7a9f85-0d0f-4231-8a16-1bb296c7aa9a","name":"Unauthorized access","originalRequest":{"url":{"path":["v1","exemptions","search"],"host":["{{baseUrl}}"],"query":[],"variable":[]},"header":[{"description":{"content":"Added as a part of security scheme: apikey","type":"text/plain"},"key":"Authorization","value":"<API Key>"},{"disabled":false,"description":"(Required) Required. Enter the client id.","key":"x-fapi-financial-id","value":"<string>"},{"disabled":false,"description":"Enter the transaction/correlation id","key":"x-fapi-interaction-id","value":"<string>"},{"disabled":false,"description":"(Required) Enter 'Bearer ' followed by the access token. Please refer to documentation on bearer token. ","key":"Authorization","value":"laborum eiu"},{"key":"Accept","value":"application/json"}],"method":"POST","body":{"mode":"raw","raw":"{\n  \"cardholder\": {\n    \"pan\": \"2222979764340017\",\n    \"memberNumber\": \"0\",\n    \"firstName\": \"SUMITRA\",\n    \"lastName\": \"VEER\",\n    \"middleInitial\": \"S\",\n    \"zip\": \"20120\"\n  },\n  \"client\": {\n    \"applicationName\": \"OpenSystems\",\n    \"auditId\": \"84014831\",\n    \"id\": \"84014831\",\n    \"vendorName\": \"Mobiliti\"\n  }\n}","options":{"raw":{"language":"json"}}}},"status":"Unauthorized","code":401,"header":[{"key":"Content-Type","value":"application/json"}],"body":"{\n  \"errors\": [\n    {\n      \"code\": 401,\n      \"description\": \"Invalid access token\"\n    }\n  ]\n}","cookie":[],"_postman_previewlanguage":"json"},{"id":"5447d1f6-9948-4bff-b33a-3b639a0f3c83","name":"Resource Not Found","originalRequest":{"url":{"path":["v1","exemptions","search"],"host":["{{baseUrl}}"],"query":[],"variable":[]},"header":[{"description":{"content":"Added as a part of security scheme: apikey","type":"text/plain"},"key":"Authorization","value":"<API Key>"},{"disabled":false,"description":"(Required) Required. Enter the client id.","key":"x-fapi-financial-id","value":"<string>"},{"disabled":false,"description":"Enter the transaction/correlation id","key":"x-fapi-interaction-id","value":"<string>"},{"disabled":false,"description":"(Required) Enter 'Bearer ' followed by the access token. Please refer to documentation on bearer token. ","key":"Authorization","value":"laborum eiu"}],"method":"POST","body":{"mode":"raw","raw":"{\n  \"cardholder\": {\n    \"pan\": \"2222979764340017\",\n    \"memberNumber\": \"0\",\n    \"firstName\": \"SUMITRA\",\n    \"lastName\": \"VEER\",\n    \"middleInitial\": \"S\",\n    \"zip\": \"20120\"\n  },\n  \"client\": {\n    \"applicationName\": \"OpenSystems\",\n    \"auditId\": \"84014831\",\n    \"id\": \"84014831\",\n    \"vendorName\": \"Mobiliti\"\n  }\n}","options":{"raw":{"language":"json"}}}},"status":"Not Found","code":404,"header":[{"key":"Content-Type","value":"text/plain"}],"body":"","cookie":[],"_postman_previewlanguage":"text"},{"id":"58e2007f-0913-4685-8e45-7ac50d23b936","name":"Unsupported Media Type","originalRequest":{"url":{"path":["v1","exemptions","search"],"host":["{{baseUrl}}"],"query":[],"variable":[]},"header":[{"description":{"content":"Added as a part of security scheme: apikey","type":"text/plain"},"key":"Authorization","value":"<API Key>"},{"disabled":false,"description":"(Required) Required. Enter the client id.","key":"x-fapi-financial-id","value":"<string>"},{"disabled":false,"description":"Enter the transaction/correlation id","key":"x-fapi-interaction-id","value":"<string>"},{"disabled":false,"description":"(Required) Enter 'Bearer ' followed by the access token. Please refer to documentation on bearer token. ","key":"Authorization","value":"laborum eiu"},{"key":"Accept","value":"application/json"}],"method":"POST","body":{"mode":"raw","raw":"{\n  \"cardholder\": {\n    \"pan\": \"2222979764340017\",\n    \"memberNumber\": \"0\",\n    \"firstName\": \"SUMITRA\",\n    \"lastName\": \"VEER\",\n    \"middleInitial\": \"S\",\n    \"zip\": \"20120\"\n  },\n  \"client\": {\n    \"applicationName\": \"OpenSystems\",\n    \"auditId\": \"84014831\",\n    \"id\": \"84014831\",\n    \"vendorName\": \"Mobiliti\"\n  }\n}","options":{"raw":{"language":"json"}}}},"status":"Unsupported Media Type","code":415,"header":[{"disabled":false,"description":"transaction ID created with each request","key":"x-fapi-interaction-id","value":"laborum eiu"},{"key":"Content-Type","value":"application/json"}],"body":"{\n  \"errors\": [\n    {\n      \"code\": 415,\n      \"description\": \"unsupported Media Type\"\n    }\n  ]\n}","cookie":[],"_postman_previewlanguage":"json"},{"id":"1a43b745-1167-4b74-95d9-ab34def494d6","name":"Too Many Requests","originalRequest":{"url":{"path":["v1","exemptions","search"],"host":["{{baseUrl}}"],"query":[],"variable":[]},"header":[{"description":{"content":"Added as a part of security scheme: apikey","type":"text/plain"},"key":"Authorization","value":"<API Key>"},{"disabled":false,"description":"(Required) Required. Enter the client id.","key":"x-fapi-financial-id","value":"<string>"},{"disabled":false,"description":"Enter the transaction/correlation id","key":"x-fapi-interaction-id","value":"<string>"},{"disabled":false,"description":"(Required) Enter 'Bearer ' followed by the access token. Please refer to documentation on bearer token. ","key":"Authorization","value":"laborum eiu"},{"key":"Accept","value":"application/json"}],"method":"POST","body":{"mode":"raw","raw":"{\n  \"cardholder\": {\n    \"pan\": \"2222979764340017\",\n    \"memberNumber\": \"0\",\n    \"firstName\": \"SUMITRA\",\n    \"lastName\": \"VEER\",\n    \"middleInitial\": \"S\",\n    \"zip\": \"20120\"\n  },\n  \"client\": {\n    \"applicationName\": \"OpenSystems\",\n    \"auditId\": \"84014831\",\n    \"id\": \"84014831\",\n    \"vendorName\": \"Mobiliti\"\n  }\n}","options":{"raw":{"language":"json"}}}},"status":"Too Many Requests","code":429,"header":[{"disabled":false,"description":"transaction ID created with each request","key":"x-fapi-interaction-id","value":"laborum eiu"},{"key":"Content-Type","value":"application/json"}],"body":"{\n  \"errors\": [\n    {\n      \"code\": 429,\n      \"description\": \"Rate limit quota violation. Quota limit  exceeded.\"\n    }\n  ]\n}","cookie":[],"_postman_previewlanguage":"json"},{"id":"18a56ab7-c7ad-4d85-88dc-453083b70c13","name":"Server Error","originalRequest":{"url":{"path":["v1","exemptions","search"],"host":["{{baseUrl}}"],"query":[],"variable":[]},"header":[{"description":{"content":"Added as a part of security scheme: apikey","type":"text/plain"},"key":"Authorization","value":"<API Key>"},{"disabled":false,"description":"(Required) Required. Enter the client id.","key":"x-fapi-financial-id","value":"<string>"},{"disabled":false,"description":"Enter the transaction/correlation id","key":"x-fapi-interaction-id","value":"<string>"},{"disabled":false,"description":"(Required) Enter 'Bearer ' followed by the access token. Please refer to documentation on bearer token. ","key":"Authorization","value":"laborum eiu"},{"key":"Accept","value":"application/json"}],"method":"POST","body":{"mode":"raw","raw":"{\n  \"cardholder\": {\n    \"pan\": \"2222979764340017\",\n    \"memberNumber\": \"0\",\n    \"firstName\": \"SUMITRA\",\n    \"lastName\": \"VEER\",\n    \"middleInitial\": \"S\",\n    \"zip\": \"20120\"\n  },\n  \"client\": {\n    \"applicationName\": \"OpenSystems\",\n    \"auditId\": \"84014831\",\n    \"id\": \"84014831\",\n    \"vendorName\": \"Mobiliti\"\n  }\n}","options":{"raw":{"language":"json"}}}},"status":"Internal Server Error","code":500,"header":[{"disabled":false,"description":"transaction ID created with each request","key":"x-fapi-interaction-id","value":"laborum eiu"},{"key":"Content-Type","value":"application/json"}],"body":"{\n  \"errorResponse\": {\n    \"code\": \"500-01\",\n    \"message\": \"internal server error\",\n    \"developerInfo\": {\n      \"developerMessage\": \"internal server error\",\n      \"moreInfo\": \"There was a problem handling your request.  Please try again.  If the problem persists please contact Fiserv ETSD at 888-243-2543 (you unique messageID included below)\",\n      \"messageid\": \"25557-84290371-1\"\n    }\n  }\n}","cookie":[],"_postman_previewlanguage":"json"}],"event":[],"protocolProfileBehavior":{"disableBodyPruning":true}},{"id":"8aeca362-9c63-410d-bb43-34535f7136b2","name":"Expire the travel exemptions for the requested card number.","request":{"name":"Expire the travel exemptions for the requested card number.","description":{},"url":{"path":["v1","exemptions","expire"],"host":["{{baseUrl}}"],"query":[],"variable":[]},"header":[{"disabled":false,"description":"(Required) Required. Enter the client id.","key":"x-fapi-financial-id","value":"<string>"},{"disabled":false,"description":"Enter the transaction/correlation id","key":"x-fapi-interaction-id","value":"<string>"},{"key":"Content-Type","value":"application/json"},{"key":"Accept","value":"application/json"}],"method":"PUT","auth":null,"body":{"mode":"raw","raw":"{\n  \"cardholder\": {\n    \"pan\": \"<string>\",\n    \"memberNumber\": \"<string>\",\n    \"firstName\": \"<string>\",\n    \"lastName\": \"<string>\",\n    \"middleInitial\": \"<string>\",\n    \"zip\": \"<string>\"\n  },\n  \"client\": {\n    \"applicationName\": \"<string>\",\n    \"auditId\": \"<string>\",\n    \"id\": \"<string>\",\n    \"vendorName\": \"<string>\"\n  },\n  \"exemptionNumber\": \"<number>\"\n}","options":{"raw":{"language":"json"}}}},"response":[{"id":"1eca2f85-a9db-41c9-aa14-bb56a035cee5","name":"Success","originalRequest":{"url":{"path":["v1","exemptions","expire"],"host":["{{baseUrl}}"],"query":[],"variable":[]},"header":[{"description":{"content":"Added as a part of security scheme: apikey","type":"text/plain"},"key":"Authorization","value":"<API Key>"},{"disabled":false,"description":"(Required) Required. Enter the client id.","key":"x-fapi-financial-id","value":"<string>"},{"disabled":false,"description":"Enter the transaction/correlation id","key":"x-fapi-interaction-id","value":"<string>"},{"disabled":false,"description":"(Required) Enter 'Bearer ' followed by the access token. Please refer to documentation on bearer token. ","key":"Authorization","value":"laborum eiu"},{"key":"Accept","value":"application/json"}],"method":"PUT","body":{"mode":"raw","raw":"{\n  \"cardholder\": {\n    \"pan\": \"2222979764340017\",\n    \"memberNumber\": \"0\",\n    \"firstName\": \"SUMITRA\",\n    \"lastName\": \"VEER\",\n    \"middleInitial\": \"S\",\n    \"zip\": \"20120\"\n  },\n  \"client\": {\n    \"applicationName\": \"OpenSystems\",\n    \"auditId\": \"84014831\",\n    \"id\": \"84014831\",\n    \"vendorName\": \"Mobiliti\"\n  },\n  \"exemptionNumber\": \"<number>\"\n}","options":{"raw":{"language":"json"}}}},"status":"OK","code":200,"header":[{"disabled":false,"description":"Represents a transaction ID created with each request","key":"x-fapi-interaction-id","value":"laborum eiu"},{"key":"Content-Type","value":"application/json"}],"body":"{\n  \"travelExemptions\": [\n    {\n      \"endDateTime\": \"2020-07-31T03:59:00Z\",\n      \"exemptionNumber\": 27705025.618962288,\n      \"lastUpdatedDateTime\": \"2019-06-07T07:00:00Z\",\n      \"startDateTime\": \"2019-07-20T07:00:00Z\",\n      \"exemptionCodes\": {\n        \"stateCountryCodes\": [\n          \"AFG\",\n          \"AFG\"\n        ]\n      }\n    },\n    {\n      \"endDateTime\": \"2020-07-31T03:59:00Z\",\n      \"exemptionNumber\": 66010854.61495447,\n      \"lastUpdatedDateTime\": \"2019-06-07T07:00:00Z\",\n      \"startDateTime\": \"2019-07-20T07:00:00Z\",\n      \"exemptionCodes\": {\n        \"stateCountryCodes\": [\n          \"AFG\",\n          \"AFG\"\n        ]\n      }\n    }\n  ],\n  \"exclusions\": [\n    {\n      \"code\": \"AGO\",\n      \"type\": \"C\"\n    },\n    {\n      \"code\": \"AGO\",\n      \"type\": \"C\"\n    }\n  ]\n}","cookie":[],"_postman_previewlanguage":"json"},{"id":"5bbe9f76-fabf-4ac5-9f4b-a87255093b2a","name":"Bad Request","originalRequest":{"url":{"path":["v1","exemptions","expire"],"host":["{{baseUrl}}"],"query":[],"variable":[]},"header":[{"description":{"content":"Added as a part of security scheme: apikey","type":"text/plain"},"key":"Authorization","value":"<API Key>"},{"disabled":false,"description":"(Required) Required. Enter the client id.","key":"x-fapi-financial-id","value":"<string>"},{"disabled":false,"description":"Enter the transaction/correlation id","key":"x-fapi-interaction-id","value":"<string>"},{"disabled":false,"description":"(Required) Enter 'Bearer ' followed by the access token. Please refer to documentation on bearer token. ","key":"Authorization","value":"laborum eiu"},{"key":"Accept","value":"application/json"}],"method":"PUT","body":{"mode":"raw","raw":"{\n  \"cardholder\": {\n    \"pan\": \"2222979764340017\",\n    \"memberNumber\": \"0\",\n    \"firstName\": \"SUMITRA\",\n    \"lastName\": \"VEER\",\n    \"middleInitial\": \"S\",\n    \"zip\": \"20120\"\n  },\n  \"client\": {\n    \"applicationName\": \"OpenSystems\",\n    \"auditId\": \"84014831\",\n    \"id\": \"84014831\",\n    \"vendorName\": \"Mobiliti\"\n  },\n  \"exemptionNumber\": \"<number>\"\n}","options":{"raw":{"language":"json"}}}},"status":"Bad Request","code":400,"header":[{"disabled":false,"description":"Represents a transaction ID created with each request","key":"x-fapi-interaction-id","value":"laborum eiu"},{"key":"Content-Type","value":"application/json"}],"body":"{\n  \"errors\": [\n    {\n      \"code\": \"WS100\",\n      \"description\": \"Information entered is invalid-please revise and try again.\"\n    }\n  ]\n}","cookie":[],"_postman_previewlanguage":"json"},{"id":"25325317-79aa-4458-a25e-bf634d243182","name":"Unauthorized access","originalRequest":{"url":{"path":["v1","exemptions","expire"],"host":["{{baseUrl}}"],"query":[],"variable":[]},"header":[{"description":{"content":"Added as a part of security scheme: apikey","type":"text/plain"},"key":"Authorization","value":"<API Key>"},{"disabled":false,"description":"(Required) Required. Enter the client id.","key":"x-fapi-financial-id","value":"<string>"},{"disabled":false,"description":"Enter the transaction/correlation id","key":"x-fapi-interaction-id","value":"<string>"},{"disabled":false,"description":"(Required) Enter 'Bearer ' followed by the access token. Please refer to documentation on bearer token. ","key":"Authorization","value":"laborum eiu"},{"key":"Accept","value":"application/json"}],"method":"PUT","body":{"mode":"raw","raw":"{\n  \"cardholder\": {\n    \"pan\": \"2222979764340017\",\n    \"memberNumber\": \"0\",\n    \"firstName\": \"SUMITRA\",\n    \"lastName\": \"VEER\",\n    \"middleInitial\": \"S\",\n    \"zip\": \"20120\"\n  },\n  \"client\": {\n    \"applicationName\": \"OpenSystems\",\n    \"auditId\": \"84014831\",\n    \"id\": \"84014831\",\n    \"vendorName\": \"Mobiliti\"\n  },\n  \"exemptionNumber\": \"<number>\"\n}","options":{"raw":{"language":"json"}}}},"status":"Unauthorized","code":401,"header":[{"key":"Content-Type","value":"application/json"}],"body":"{\n  \"errors\": [\n    {\n      \"code\": 401,\n      \"description\": \"Invalid access token\"\n    }\n  ]\n}","cookie":[],"_postman_previewlanguage":"json"},{"id":"162f2007-c7f5-4ab1-a8be-aa0465023dae","name":"Resource Not Found","originalRequest":{"url":{"path":["v1","exemptions","expire"],"host":["{{baseUrl}}"],"query":[],"variable":[]},"header":[{"description":{"content":"Added as a part of security scheme: apikey","type":"text/plain"},"key":"Authorization","value":"<API Key>"},{"disabled":false,"description":"(Required) Required. Enter the client id.","key":"x-fapi-financial-id","value":"<string>"},{"disabled":false,"description":"Enter the transaction/correlation id","key":"x-fapi-interaction-id","value":"<string>"},{"disabled":false,"description":"(Required) Enter 'Bearer ' followed by the access token. Please refer to documentation on bearer token. ","key":"Authorization","value":"laborum eiu"}],"method":"PUT","body":{"mode":"raw","raw":"{\n  \"cardholder\": {\n    \"pan\": \"2222979764340017\",\n    \"memberNumber\": \"0\",\n    \"firstName\": \"SUMITRA\",\n    \"lastName\": \"VEER\",\n    \"middleInitial\": \"S\",\n    \"zip\": \"20120\"\n  },\n  \"client\": {\n    \"applicationName\": \"OpenSystems\",\n    \"auditId\": \"84014831\",\n    \"id\": \"84014831\",\n    \"vendorName\": \"Mobiliti\"\n  },\n  \"exemptionNumber\": \"<number>\"\n}","options":{"raw":{"language":"json"}}}},"status":"Not Found","code":404,"header":[{"key":"Content-Type","value":"text/plain"}],"body":"","cookie":[],"_postman_previewlanguage":"text"},{"id":"37e3f773-b9d1-4ed1-a2d9-f33e692277a4","name":"Unsupported Media Type","originalRequest":{"url":{"path":["v1","exemptions","expire"],"host":["{{baseUrl}}"],"query":[],"variable":[]},"header":[{"description":{"content":"Added as a part of security scheme: apikey","type":"text/plain"},"key":"Authorization","value":"<API Key>"},{"disabled":false,"description":"(Required) Required. Enter the client id.","key":"x-fapi-financial-id","value":"<string>"},{"disabled":false,"description":"Enter the transaction/correlation id","key":"x-fapi-interaction-id","value":"<string>"},{"disabled":false,"description":"(Required) Enter 'Bearer ' followed by the access token. Please refer to documentation on bearer token. ","key":"Authorization","value":"laborum eiu"},{"key":"Accept","value":"application/json"}],"method":"PUT","body":{"mode":"raw","raw":"{\n  \"cardholder\": {\n    \"pan\": \"2222979764340017\",\n    \"memberNumber\": \"0\",\n    \"firstName\": \"SUMITRA\",\n    \"lastName\": \"VEER\",\n    \"middleInitial\": \"S\",\n    \"zip\": \"20120\"\n  },\n  \"client\": {\n    \"applicationName\": \"OpenSystems\",\n    \"auditId\": \"84014831\",\n    \"id\": \"84014831\",\n    \"vendorName\": \"Mobiliti\"\n  },\n  \"exemptionNumber\": \"<number>\"\n}","options":{"raw":{"language":"json"}}}},"status":"Unsupported Media Type","code":415,"header":[{"disabled":false,"description":"transaction ID created with each request","key":"x-fapi-interaction-id","value":"laborum eiu"},{"key":"Content-Type","value":"application/json"}],"body":"{\n  \"errors\": [\n    {\n      \"code\": 415,\n      \"description\": \"unsupported Media Type\"\n    }\n  ]\n}","cookie":[],"_postman_previewlanguage":"json"},{"id":"3ae0bdf2-581a-4025-987d-df666ae476c0","name":"Too Many Requests","originalRequest":{"url":{"path":["v1","exemptions","expire"],"host":["{{baseUrl}}"],"query":[],"variable":[]},"header":[{"description":{"content":"Added as a part of security scheme: apikey","type":"text/plain"},"key":"Authorization","value":"<API Key>"},{"disabled":false,"description":"(Required) Required. Enter the client id.","key":"x-fapi-financial-id","value":"<string>"},{"disabled":false,"description":"Enter the transaction/correlation id","key":"x-fapi-interaction-id","value":"<string>"},{"disabled":false,"description":"(Required) Enter 'Bearer ' followed by the access token. Please refer to documentation on bearer token. ","key":"Authorization","value":"laborum eiu"},{"key":"Accept","value":"application/json"}],"method":"PUT","body":{"mode":"raw","raw":"{\n  \"cardholder\": {\n    \"pan\": \"2222979764340017\",\n    \"memberNumber\": \"0\",\n    \"firstName\": \"SUMITRA\",\n    \"lastName\": \"VEER\",\n    \"middleInitial\": \"S\",\n    \"zip\": \"20120\"\n  },\n  \"client\": {\n    \"applicationName\": \"OpenSystems\",\n    \"auditId\": \"84014831\",\n    \"id\": \"84014831\",\n    \"vendorName\": \"Mobiliti\"\n  },\n  \"exemptionNumber\": \"<number>\"\n}","options":{"raw":{"language":"json"}}}},"status":"Too Many Requests","code":429,"header":[{"disabled":false,"description":"transaction ID created with each request","key":"x-fapi-interaction-id","value":"laborum eiu"},{"key":"Content-Type","value":"application/json"}],"body":"{\n  \"errors\": [\n    {\n      \"code\": 429,\n      \"description\": \"Rate limit quota violation. Quota limit  exceeded.\"\n    }\n  ]\n}","cookie":[],"_postman_previewlanguage":"json"},{"id":"833a0ea7-9248-40d0-99f7-849febad12b8","name":"Server Error","originalRequest":{"url":{"path":["v1","exemptions","expire"],"host":["{{baseUrl}}"],"query":[],"variable":[]},"header":[{"description":{"content":"Added as a part of security scheme: apikey","type":"text/plain"},"key":"Authorization","value":"<API Key>"},{"disabled":false,"description":"(Required) Required. Enter the client id.","key":"x-fapi-financial-id","value":"<string>"},{"disabled":false,"description":"Enter the transaction/correlation id","key":"x-fapi-interaction-id","value":"<string>"},{"disabled":false,"description":"(Required) Enter 'Bearer ' followed by the access token. Please refer to documentation on bearer token. ","key":"Authorization","value":"laborum eiu"},{"key":"Accept","value":"application/json"}],"method":"PUT","body":{"mode":"raw","raw":"{\n  \"cardholder\": {\n    \"pan\": \"2222979764340017\",\n    \"memberNumber\": \"0\",\n    \"firstName\": \"SUMITRA\",\n    \"lastName\": \"VEER\",\n    \"middleInitial\": \"S\",\n    \"zip\": \"20120\"\n  },\n  \"client\": {\n    \"applicationName\": \"OpenSystems\",\n    \"auditId\": \"84014831\",\n    \"id\": \"84014831\",\n    \"vendorName\": \"Mobiliti\"\n  },\n  \"exemptionNumber\": \"<number>\"\n}","options":{"raw":{"language":"json"}}}},"status":"Internal Server Error","code":500,"header":[{"disabled":false,"description":"transaction ID created with each request","key":"x-fapi-interaction-id","value":"laborum eiu"},{"key":"Content-Type","value":"application/json"}],"body":"{\n  \"errorResponse\": {\n    \"code\": \"500-01\",\n    \"message\": \"internal server error\",\n    \"developerInfo\": {\n      \"developerMessage\": \"internal server error\",\n      \"moreInfo\": \"There was a problem handling your request.  Please try again.  If the problem persists please contact Fiserv ETSD at 888-243-2543 (you unique messageID included below)\",\n      \"messageid\": \"25557-84290371-1\"\n    }\n  }\n}","cookie":[],"_postman_previewlanguage":"json"}],"event":[],"protocolProfileBehavior":{"disableBodyPruning":true}}],"event":[]}],"event":[],"variable":[{"type":"string","value":"https://card.api.fiservapps.com/cs/travel","key":"baseUrl"}],"auth":{"type":"apikey","apikey":[{"key":"key","value":"Authorization"},{"key":"value","value":"{{apiKey}}"},{"key":"in","value":"header"}]},"info":{"_postman_id":"6e502655-b751-4bd2-bf31-dde2f7a259c1","name":"Travel Exemptions API","schema":"https://schema.getpostman.com/json/collection/v2.1.0/collection.json","description":{"content":"The Travel Exemptions RESTful API provides integration partners the ability to view, add/create, update, and expire travel exemptions for a specific card. All the date/time fields in this API are supported in UTC timezone. The time fields are relevant only up to minutes.","type":"text/plain"}}}