{"item":[{"id":"caa415fb-c505-479c-b353-815da0b2521c","name":"v1/exemptions","item":[{"id":"a6a9e2a6-aa43-4b4c-a6d7-8fa805b5dc4c","name":"Add travel exemptions for the requested primary account number (PAN).","request":{"name":"Add travel exemptions for the requested primary account number (PAN).","description":{},"url":{"path":["v1","exemptions"],"host":["{{baseUrl}}"],"query":[],"variable":[]},"header":[{"disabled":false,"description":"(Required) Required. Enter the client id.","key":"x-fapi-financial-id","value":"<string>"},{"disabled":false,"description":"Enter the transaction/correlation id","key":"x-fapi-interaction-id","value":"<string>"},{"key":"Content-Type","value":"application/json"},{"key":"Accept","value":"application/json"}],"method":"POST","auth":null,"body":{"mode":"raw","raw":"{\n  \"cardholder\": {\n    \"pan\": \"<string>\",\n    \"memberNumber\": \"<string>\",\n    \"firstName\": \"<string>\",\n    \"lastName\": \"<string>\",\n    \"middleInitial\": \"<string>\",\n    \"zip\": \"<string>\"\n  },\n  \"client\": {\n    \"applicationName\": \"<string>\",\n    \"auditId\": \"<string>\",\n    \"id\": \"<string>\",\n    \"vendorName\": \"<string>\"\n  },\n  \"endDateTime\": \"<yyyy-mm-ddThh:mm:ss[.mmm]±[hh]:[mm] or yyyy-mm-ddThh:mm:ss[.mmm]Z>\",\n  \"exemptionCodes\": {\n    \"stateCountryCodes\": [\n      \"<string>\",\n      \"<string>\"\n    ]\n  },\n  \"startDateTime\": \"<yyyy-mm-ddThh:mm:ss[.mmm]±[hh]:[mm] or yyyy-mm-ddThh:mm:ss[.mmm]Z>\"\n}","options":{"raw":{"language":"json"}}}},"response":[{"id":"796b473f-f448-4218-be88-6f6eacdae71d","name":"Created","originalRequest":{"url":{"path":["v1","exemptions"],"host":["{{baseUrl}}"],"query":[],"variable":[]},"header":[{"description":{"content":"Added as a part of security scheme: apikey","type":"text/plain"},"key":"Authorization","value":"<API Key>"},{"disabled":false,"description":"(Required) Required. Enter the client id.","key":"x-fapi-financial-id","value":"<string>"},{"disabled":false,"description":"Enter the transaction/correlation id","key":"x-fapi-interaction-id","value":"<string>"},{"disabled":false,"description":"(Required) Enter 'Bearer ' followed by the access token. Please refer to documentation on bearer token. ","key":"Authorization","value":"aute deserunt adipisicing consequat"},{"key":"Accept","value":"application/json"}],"method":"POST","body":{"mode":"raw","raw":"{\n  \"cardholder\": {\n    \"pan\": \"2222979764340017\",\n    \"memberNumber\": \"0\",\n    \"firstName\": \"SUMITRA\",\n    \"lastName\": \"VEER\",\n    \"middleInitial\": \"S\",\n    \"zip\": \"20120\"\n  },\n  \"client\": {\n    \"applicationName\": \"OpenSystems\",\n    \"auditId\": \"84014831\",\n    \"id\": \"84014831\",\n    \"vendorName\": \"Mobiliti\"\n  },\n  \"endDateTime\": \"2020-08-11T10:50:00Z\",\n  \"exemptionCodes\": {\n    \"stateCountryCodes\": [\n      \"AFG\",\n      \"AFG\"\n    ]\n  },\n  \"startDateTime\": \"2020-07-30T22:15:00Z\"\n}","options":{"raw":{"language":"json"}}}},"status":"Created","code":201,"header":[{"disabled":false,"description":"Represents a transaction ID created with each request","key":"x-fapi-interaction-id","value":"aute deserunt adipisicing consequat"},{"key":"Content-Type","value":"application/json"}],"body":"{\n  \"travelExemptions\": [\n    {\n      \"endDateTime\": \"2020-07-31T03:59:00Z\",\n      \"exemptionNumber\": -91826407.1147513,\n      \"lastUpdatedDateTime\": \"2019-06-07T07:00:00Z\",\n      \"startDateTime\": \"2019-07-20T07:00:00Z\",\n      \"exemptionCodes\": {\n        \"stateCountryCodes\": [\n          \"AFG\",\n          \"AFG\"\n        ]\n      }\n    },\n    {\n      \"endDateTime\": \"2020-07-31T03:59:00Z\",\n      \"exemptionNumber\": -80276056.59059507,\n      \"lastUpdatedDateTime\": \"2019-06-07T07:00:00Z\",\n      \"startDateTime\": \"2019-07-20T07:00:00Z\",\n      \"exemptionCodes\": {\n        \"stateCountryCodes\": [\n          \"AFG\",\n          \"AFG\"\n        ]\n      }\n    }\n  ],\n  \"exclusions\": [\n    {\n      \"code\": \"AGO\",\n      \"type\": \"C\"\n    },\n    {\n      \"code\": \"AGO\",\n      \"type\": \"C\"\n    }\n  ]\n}","cookie":[],"_postman_previewlanguage":"json"},{"id":"65d83eb2-c5c5-467e-9aa9-7726f0466cb5","name":"Bad Request","originalRequest":{"url":{"path":["v1","exemptions"],"host":["{{baseUrl}}"],"query":[],"variable":[]},"header":[{"description":{"content":"Added as a part of security scheme: apikey","type":"text/plain"},"key":"Authorization","value":"<API Key>"},{"disabled":false,"description":"(Required) Required. Enter the client id.","key":"x-fapi-financial-id","value":"<string>"},{"disabled":false,"description":"Enter the transaction/correlation id","key":"x-fapi-interaction-id","value":"<string>"},{"disabled":false,"description":"(Required) Enter 'Bearer ' followed by the access token. Please refer to documentation on bearer token. ","key":"Authorization","value":"aute deserunt adipisicing consequat"},{"key":"Accept","value":"application/json"}],"method":"POST","body":{"mode":"raw","raw":"{\n  \"cardholder\": {\n    \"pan\": \"2222979764340017\",\n    \"memberNumber\": \"0\",\n    \"firstName\": \"SUMITRA\",\n    \"lastName\": \"VEER\",\n    \"middleInitial\": \"S\",\n    \"zip\": \"20120\"\n  },\n  \"client\": {\n    \"applicationName\": \"OpenSystems\",\n    \"auditId\": \"84014831\",\n    \"id\": \"84014831\",\n    \"vendorName\": \"Mobiliti\"\n  },\n  \"endDateTime\": \"2020-08-11T10:50:00Z\",\n  \"exemptionCodes\": {\n    \"stateCountryCodes\": [\n      \"AFG\",\n      \"AFG\"\n    ]\n  },\n  \"startDateTime\": \"2020-07-30T22:15:00Z\"\n}","options":{"raw":{"language":"json"}}}},"status":"Bad Request","code":400,"header":[{"disabled":false,"description":"Represents a transaction ID created with each request","key":"x-fapi-interaction-id","value":"aute deserunt adipisicing consequat"},{"key":"Content-Type","value":"application/json"}],"body":"{\n  \"errors\": [\n    {\n      \"code\": \"WS100\",\n      \"description\": \"Information entered is invalid-please revise and try again.\"\n    }\n  ]\n}","cookie":[],"_postman_previewlanguage":"json"},{"id":"b87391d6-bf27-4e5e-80e3-307295b20c3f","name":"Unauthorized access","originalRequest":{"url":{"path":["v1","exemptions"],"host":["{{baseUrl}}"],"query":[],"variable":[]},"header":[{"description":{"content":"Added as a part of security scheme: apikey","type":"text/plain"},"key":"Authorization","value":"<API Key>"},{"disabled":false,"description":"(Required) Required. Enter the client id.","key":"x-fapi-financial-id","value":"<string>"},{"disabled":false,"description":"Enter the transaction/correlation id","key":"x-fapi-interaction-id","value":"<string>"},{"disabled":false,"description":"(Required) Enter 'Bearer ' followed by the access token. Please refer to documentation on bearer token. ","key":"Authorization","value":"aute deserunt adipisicing consequat"},{"key":"Accept","value":"application/json"}],"method":"POST","body":{"mode":"raw","raw":"{\n  \"cardholder\": {\n    \"pan\": \"2222979764340017\",\n    \"memberNumber\": \"0\",\n    \"firstName\": \"SUMITRA\",\n    \"lastName\": \"VEER\",\n    \"middleInitial\": \"S\",\n    \"zip\": \"20120\"\n  },\n  \"client\": {\n    \"applicationName\": \"OpenSystems\",\n    \"auditId\": \"84014831\",\n    \"id\": \"84014831\",\n    \"vendorName\": \"Mobiliti\"\n  },\n  \"endDateTime\": \"2020-08-11T10:50:00Z\",\n  \"exemptionCodes\": {\n    \"stateCountryCodes\": [\n      \"AFG\",\n      \"AFG\"\n    ]\n  },\n  \"startDateTime\": \"2020-07-30T22:15:00Z\"\n}","options":{"raw":{"language":"json"}}}},"status":"Unauthorized","code":401,"header":[{"key":"Content-Type","value":"application/json"}],"body":"{\n  \"errors\": [\n    {\n      \"code\": 401,\n      \"description\": \"Invalid access token\"\n    }\n  ]\n}","cookie":[],"_postman_previewlanguage":"json"},{"id":"324d33fd-0894-4aec-8b22-cbed24a90678","name":"Resource Not Found","originalRequest":{"url":{"path":["v1","exemptions"],"host":["{{baseUrl}}"],"query":[],"variable":[]},"header":[{"description":{"content":"Added as a part of security scheme: apikey","type":"text/plain"},"key":"Authorization","value":"<API Key>"},{"disabled":false,"description":"(Required) Required. Enter the client id.","key":"x-fapi-financial-id","value":"<string>"},{"disabled":false,"description":"Enter the transaction/correlation id","key":"x-fapi-interaction-id","value":"<string>"},{"disabled":false,"description":"(Required) Enter 'Bearer ' followed by the access token. Please refer to documentation on bearer token. ","key":"Authorization","value":"aute deserunt adipisicing consequat"}],"method":"POST","body":{"mode":"raw","raw":"{\n  \"cardholder\": {\n    \"pan\": \"2222979764340017\",\n    \"memberNumber\": \"0\",\n    \"firstName\": \"SUMITRA\",\n    \"lastName\": \"VEER\",\n    \"middleInitial\": \"S\",\n    \"zip\": \"20120\"\n  },\n  \"client\": {\n    \"applicationName\": \"OpenSystems\",\n    \"auditId\": \"84014831\",\n    \"id\": \"84014831\",\n    \"vendorName\": \"Mobiliti\"\n  },\n  \"endDateTime\": \"2020-08-11T10:50:00Z\",\n  \"exemptionCodes\": {\n    \"stateCountryCodes\": [\n      \"AFG\",\n      \"AFG\"\n    ]\n  },\n  \"startDateTime\": \"2020-07-30T22:15:00Z\"\n}","options":{"raw":{"language":"json"}}}},"status":"Not Found","code":404,"header":[{"key":"Content-Type","value":"text/plain"}],"body":"","cookie":[],"_postman_previewlanguage":"text"},{"id":"05373160-f799-4871-9ecc-6c0d01f61364","name":"Unsupported Media Type","originalRequest":{"url":{"path":["v1","exemptions"],"host":["{{baseUrl}}"],"query":[],"variable":[]},"header":[{"description":{"content":"Added as a part of security scheme: apikey","type":"text/plain"},"key":"Authorization","value":"<API Key>"},{"disabled":false,"description":"(Required) Required. Enter the client id.","key":"x-fapi-financial-id","value":"<string>"},{"disabled":false,"description":"Enter the transaction/correlation id","key":"x-fapi-interaction-id","value":"<string>"},{"disabled":false,"description":"(Required) Enter 'Bearer ' followed by the access token. Please refer to documentation on bearer token. ","key":"Authorization","value":"aute deserunt adipisicing consequat"},{"key":"Accept","value":"application/json"}],"method":"POST","body":{"mode":"raw","raw":"{\n  \"cardholder\": {\n    \"pan\": \"2222979764340017\",\n    \"memberNumber\": \"0\",\n    \"firstName\": \"SUMITRA\",\n    \"lastName\": \"VEER\",\n    \"middleInitial\": \"S\",\n    \"zip\": \"20120\"\n  },\n  \"client\": {\n    \"applicationName\": \"OpenSystems\",\n    \"auditId\": \"84014831\",\n    \"id\": \"84014831\",\n    \"vendorName\": \"Mobiliti\"\n  },\n  \"endDateTime\": \"2020-08-11T10:50:00Z\",\n  \"exemptionCodes\": {\n    \"stateCountryCodes\": [\n      \"AFG\",\n      \"AFG\"\n    ]\n  },\n  \"startDateTime\": \"2020-07-30T22:15:00Z\"\n}","options":{"raw":{"language":"json"}}}},"status":"Unsupported Media Type","code":415,"header":[{"disabled":false,"description":"transaction ID created with each request","key":"x-fapi-interaction-id","value":"aute deserunt adipisicing consequat"},{"key":"Content-Type","value":"application/json"}],"body":"{\n  \"errors\": [\n    {\n      \"code\": 415,\n      \"description\": \"unsupported Media Type\"\n    }\n  ]\n}","cookie":[],"_postman_previewlanguage":"json"},{"id":"75eb02cb-c179-4726-944b-34f77b935bd4","name":"Too Many Requests","originalRequest":{"url":{"path":["v1","exemptions"],"host":["{{baseUrl}}"],"query":[],"variable":[]},"header":[{"description":{"content":"Added as a part of security scheme: apikey","type":"text/plain"},"key":"Authorization","value":"<API Key>"},{"disabled":false,"description":"(Required) Required. Enter the client id.","key":"x-fapi-financial-id","value":"<string>"},{"disabled":false,"description":"Enter the transaction/correlation id","key":"x-fapi-interaction-id","value":"<string>"},{"disabled":false,"description":"(Required) Enter 'Bearer ' followed by the access token. Please refer to documentation on bearer token. ","key":"Authorization","value":"aute deserunt adipisicing consequat"},{"key":"Accept","value":"application/json"}],"method":"POST","body":{"mode":"raw","raw":"{\n  \"cardholder\": {\n    \"pan\": \"2222979764340017\",\n    \"memberNumber\": \"0\",\n    \"firstName\": \"SUMITRA\",\n    \"lastName\": \"VEER\",\n    \"middleInitial\": \"S\",\n    \"zip\": \"20120\"\n  },\n  \"client\": {\n    \"applicationName\": \"OpenSystems\",\n    \"auditId\": \"84014831\",\n    \"id\": \"84014831\",\n    \"vendorName\": \"Mobiliti\"\n  },\n  \"endDateTime\": \"2020-08-11T10:50:00Z\",\n  \"exemptionCodes\": {\n    \"stateCountryCodes\": [\n      \"AFG\",\n      \"AFG\"\n    ]\n  },\n  \"startDateTime\": \"2020-07-30T22:15:00Z\"\n}","options":{"raw":{"language":"json"}}}},"status":"Too Many Requests","code":429,"header":[{"disabled":false,"description":"transaction ID created with each request","key":"x-fapi-interaction-id","value":"aute deserunt adipisicing consequat"},{"key":"Content-Type","value":"application/json"}],"body":"{\n  \"errors\": [\n    {\n      \"code\": 429,\n      \"description\": \"Rate limit quota violation. Quota limit  exceeded.\"\n    }\n  ]\n}","cookie":[],"_postman_previewlanguage":"json"},{"id":"47ecf269-27fb-4632-8aff-0fc9e95dae7c","name":"Server Error","originalRequest":{"url":{"path":["v1","exemptions"],"host":["{{baseUrl}}"],"query":[],"variable":[]},"header":[{"description":{"content":"Added as a part of security scheme: apikey","type":"text/plain"},"key":"Authorization","value":"<API Key>"},{"disabled":false,"description":"(Required) Required. Enter the client id.","key":"x-fapi-financial-id","value":"<string>"},{"disabled":false,"description":"Enter the transaction/correlation id","key":"x-fapi-interaction-id","value":"<string>"},{"disabled":false,"description":"(Required) Enter 'Bearer ' followed by the access token. Please refer to documentation on bearer token. ","key":"Authorization","value":"aute deserunt adipisicing consequat"},{"key":"Accept","value":"application/json"}],"method":"POST","body":{"mode":"raw","raw":"{\n  \"cardholder\": {\n    \"pan\": \"2222979764340017\",\n    \"memberNumber\": \"0\",\n    \"firstName\": \"SUMITRA\",\n    \"lastName\": \"VEER\",\n    \"middleInitial\": \"S\",\n    \"zip\": \"20120\"\n  },\n  \"client\": {\n    \"applicationName\": \"OpenSystems\",\n    \"auditId\": \"84014831\",\n    \"id\": \"84014831\",\n    \"vendorName\": \"Mobiliti\"\n  },\n  \"endDateTime\": \"2020-08-11T10:50:00Z\",\n  \"exemptionCodes\": {\n    \"stateCountryCodes\": [\n      \"AFG\",\n      \"AFG\"\n    ]\n  },\n  \"startDateTime\": \"2020-07-30T22:15:00Z\"\n}","options":{"raw":{"language":"json"}}}},"status":"Internal Server Error","code":500,"header":[{"disabled":false,"description":"transaction ID created with each request","key":"x-fapi-interaction-id","value":"aute deserunt adipisicing consequat"},{"key":"Content-Type","value":"application/json"}],"body":"{\n  \"errorResponse\": {\n    \"code\": \"500-01\",\n    \"message\": \"internal server error\",\n    \"developerInfo\": {\n      \"developerMessage\": \"internal server error\",\n      \"moreInfo\": \"There was a problem handling your request.  Please try again.  If the problem persists please contact Fiserv ETSD at 888-243-2543 (you unique messageID included below)\",\n      \"messageid\": \"25557-84290371-1\"\n    }\n  }\n}","cookie":[],"_postman_previewlanguage":"json"}],"event":[],"protocolProfileBehavior":{"disableBodyPruning":true}},{"id":"3ff32498-1cc6-4c24-85b7-8e9b02cf852c","name":"Update travel exemptions for the requested primary account number (PAN).","request":{"name":"Update travel exemptions for the requested primary account number (PAN).","description":{},"url":{"path":["v1","exemptions"],"host":["{{baseUrl}}"],"query":[],"variable":[]},"header":[{"disabled":false,"description":"(Required) Required. Enter the client id.","key":"x-fapi-financial-id","value":"<string>"},{"disabled":false,"description":"Enter the transaction/correlation id","key":"x-fapi-interaction-id","value":"<string>"},{"key":"Content-Type","value":"application/json"},{"key":"Accept","value":"application/json"}],"method":"PUT","auth":null,"body":{"mode":"raw","raw":"{\n  \"cardholder\": {\n    \"pan\": \"<string>\",\n    \"memberNumber\": \"<string>\",\n    \"firstName\": \"<string>\",\n    \"lastName\": \"<string>\",\n    \"middleInitial\": \"<string>\",\n    \"zip\": \"<string>\"\n  },\n  \"client\": {\n    \"applicationName\": \"<string>\",\n    \"auditId\": \"<string>\",\n    \"id\": \"<string>\",\n    \"vendorName\": \"<string>\"\n  },\n  \"endDateTime\": \"<yyyy-mm-ddThh:mm:ss[.mmm]±[hh]:[mm] or yyyy-mm-ddThh:mm:ss[.mmm]Z>\",\n  \"exemptionNumber\": \"<number>\",\n  \"startDateTime\": \"<yyyy-mm-ddThh:mm:ss[.mmm]±[hh]:[mm] or yyyy-mm-ddThh:mm:ss[.mmm]Z>\",\n  \"exemptionCodes\": {\n    \"stateCountryCodes\": [\n      \"<string>\",\n      \"<string>\"\n    ]\n  }\n}","options":{"raw":{"language":"json"}}}},"response":[{"id":"c03a242b-bb88-4144-865b-ff0fa8503e02","name":"Success","originalRequest":{"url":{"path":["v1","exemptions"],"host":["{{baseUrl}}"],"query":[],"variable":[]},"header":[{"description":{"content":"Added as a part of security scheme: apikey","type":"text/plain"},"key":"Authorization","value":"<API Key>"},{"disabled":false,"description":"(Required) Required. Enter the client id.","key":"x-fapi-financial-id","value":"<string>"},{"disabled":false,"description":"Enter the transaction/correlation id","key":"x-fapi-interaction-id","value":"<string>"},{"disabled":false,"description":"(Required) Enter 'Bearer ' followed by the access token. Please refer to documentation on bearer token. ","key":"Authorization","value":"aute deserunt adipisicing consequat"},{"key":"Accept","value":"application/json"}],"method":"PUT","body":{"mode":"raw","raw":"{\n  \"cardholder\": {\n    \"pan\": \"2222979764340017\",\n    \"memberNumber\": \"0\",\n    \"firstName\": \"SUMITRA\",\n    \"lastName\": \"VEER\",\n    \"middleInitial\": \"S\",\n    \"zip\": \"20120\"\n  },\n  \"client\": {\n    \"applicationName\": \"OpenSystems\",\n    \"auditId\": \"84014831\",\n    \"id\": \"84014831\",\n    \"vendorName\": \"Mobiliti\"\n  },\n  \"endDateTime\": \"2020-08-11T10:50:00Z\",\n  \"exemptionNumber\": \"<number>\",\n  \"startDateTime\": \"2020-07-30T22:15:00Z\",\n  \"exemptionCodes\": {\n    \"stateCountryCodes\": [\n      \"AFG\",\n      \"AFG\"\n    ]\n  }\n}","options":{"raw":{"language":"json"}}}},"status":"OK","code":200,"header":[{"disabled":false,"description":"Represents a transaction ID created with each request","key":"x-fapi-interaction-id","value":"aute deserunt adipisicing consequat"},{"key":"Content-Type","value":"application/json"}],"body":"{\n  \"travelExemptions\": [\n    {\n      \"endDateTime\": \"2020-07-31T03:59:00Z\",\n      \"exemptionNumber\": 58070379.1381771,\n      \"lastUpdatedDateTime\": \"2019-06-07T07:00:00Z\",\n      \"startDateTime\": \"2019-07-20T07:00:00Z\",\n      \"exemptionCodes\": {\n        \"stateCountryCodes\": [\n          \"AFG\",\n          \"AFG\"\n        ]\n      }\n    },\n    {\n      \"endDateTime\": \"2020-07-31T03:59:00Z\",\n      \"exemptionNumber\": 26413969.968537867,\n      \"lastUpdatedDateTime\": \"2019-06-07T07:00:00Z\",\n      \"startDateTime\": \"2019-07-20T07:00:00Z\",\n      \"exemptionCodes\": {\n        \"stateCountryCodes\": [\n          \"AFG\",\n          \"AFG\"\n        ]\n      }\n    }\n  ],\n  \"exclusions\": [\n    {\n      \"code\": \"AGO\",\n      \"type\": \"C\"\n    },\n    {\n      \"code\": \"AGO\",\n      \"type\": \"C\"\n    }\n  ]\n}","cookie":[],"_postman_previewlanguage":"json"},{"id":"03b4aca2-42b8-42eb-a4ce-fb5648c806fc","name":"Bad Request","originalRequest":{"url":{"path":["v1","exemptions"],"host":["{{baseUrl}}"],"query":[],"variable":[]},"header":[{"description":{"content":"Added as a part of security scheme: apikey","type":"text/plain"},"key":"Authorization","value":"<API Key>"},{"disabled":false,"description":"(Required) Required. Enter the client id.","key":"x-fapi-financial-id","value":"<string>"},{"disabled":false,"description":"Enter the transaction/correlation id","key":"x-fapi-interaction-id","value":"<string>"},{"disabled":false,"description":"(Required) Enter 'Bearer ' followed by the access token. Please refer to documentation on bearer token. ","key":"Authorization","value":"aute deserunt adipisicing consequat"},{"key":"Accept","value":"application/json"}],"method":"PUT","body":{"mode":"raw","raw":"{\n  \"cardholder\": {\n    \"pan\": \"2222979764340017\",\n    \"memberNumber\": \"0\",\n    \"firstName\": \"SUMITRA\",\n    \"lastName\": \"VEER\",\n    \"middleInitial\": \"S\",\n    \"zip\": \"20120\"\n  },\n  \"client\": {\n    \"applicationName\": \"OpenSystems\",\n    \"auditId\": \"84014831\",\n    \"id\": \"84014831\",\n    \"vendorName\": \"Mobiliti\"\n  },\n  \"endDateTime\": \"2020-08-11T10:50:00Z\",\n  \"exemptionNumber\": \"<number>\",\n  \"startDateTime\": \"2020-07-30T22:15:00Z\",\n  \"exemptionCodes\": {\n    \"stateCountryCodes\": [\n      \"AFG\",\n      \"AFG\"\n    ]\n  }\n}","options":{"raw":{"language":"json"}}}},"status":"Bad Request","code":400,"header":[{"disabled":false,"description":"Represents a transaction ID created with each request","key":"x-fapi-interaction-id","value":"aute deserunt adipisicing consequat"},{"key":"Content-Type","value":"application/json"}],"body":"{\n  \"errors\": [\n    {\n      \"code\": \"WS100\",\n      \"description\": \"Information entered is invalid-please revise and try again.\"\n    }\n  ]\n}","cookie":[],"_postman_previewlanguage":"json"},{"id":"f66bf8d2-ec6b-40f4-a28b-248f838d5422","name":"Unauthorized access","originalRequest":{"url":{"path":["v1","exemptions"],"host":["{{baseUrl}}"],"query":[],"variable":[]},"header":[{"description":{"content":"Added as a part of security scheme: apikey","type":"text/plain"},"key":"Authorization","value":"<API Key>"},{"disabled":false,"description":"(Required) Required. Enter the client id.","key":"x-fapi-financial-id","value":"<string>"},{"disabled":false,"description":"Enter the transaction/correlation id","key":"x-fapi-interaction-id","value":"<string>"},{"disabled":false,"description":"(Required) Enter 'Bearer ' followed by the access token. Please refer to documentation on bearer token. ","key":"Authorization","value":"aute deserunt adipisicing consequat"},{"key":"Accept","value":"application/json"}],"method":"PUT","body":{"mode":"raw","raw":"{\n  \"cardholder\": {\n    \"pan\": \"2222979764340017\",\n    \"memberNumber\": \"0\",\n    \"firstName\": \"SUMITRA\",\n    \"lastName\": \"VEER\",\n    \"middleInitial\": \"S\",\n    \"zip\": \"20120\"\n  },\n  \"client\": {\n    \"applicationName\": \"OpenSystems\",\n    \"auditId\": \"84014831\",\n    \"id\": \"84014831\",\n    \"vendorName\": \"Mobiliti\"\n  },\n  \"endDateTime\": \"2020-08-11T10:50:00Z\",\n  \"exemptionNumber\": \"<number>\",\n  \"startDateTime\": \"2020-07-30T22:15:00Z\",\n  \"exemptionCodes\": {\n    \"stateCountryCodes\": [\n      \"AFG\",\n      \"AFG\"\n    ]\n  }\n}","options":{"raw":{"language":"json"}}}},"status":"Unauthorized","code":401,"header":[{"key":"Content-Type","value":"application/json"}],"body":"{\n  \"errors\": [\n    {\n      \"code\": 401,\n      \"description\": \"Invalid access token\"\n    }\n  ]\n}","cookie":[],"_postman_previewlanguage":"json"},{"id":"84a265ee-9910-4c60-9961-8aedf55c1d42","name":"Resource Not Found","originalRequest":{"url":{"path":["v1","exemptions"],"host":["{{baseUrl}}"],"query":[],"variable":[]},"header":[{"description":{"content":"Added as a part of security scheme: apikey","type":"text/plain"},"key":"Authorization","value":"<API Key>"},{"disabled":false,"description":"(Required) Required. Enter the client id.","key":"x-fapi-financial-id","value":"<string>"},{"disabled":false,"description":"Enter the transaction/correlation id","key":"x-fapi-interaction-id","value":"<string>"},{"disabled":false,"description":"(Required) Enter 'Bearer ' followed by the access token. Please refer to documentation on bearer token. ","key":"Authorization","value":"aute deserunt adipisicing consequat"}],"method":"PUT","body":{"mode":"raw","raw":"{\n  \"cardholder\": {\n    \"pan\": \"2222979764340017\",\n    \"memberNumber\": \"0\",\n    \"firstName\": \"SUMITRA\",\n    \"lastName\": \"VEER\",\n    \"middleInitial\": \"S\",\n    \"zip\": \"20120\"\n  },\n  \"client\": {\n    \"applicationName\": \"OpenSystems\",\n    \"auditId\": \"84014831\",\n    \"id\": \"84014831\",\n    \"vendorName\": \"Mobiliti\"\n  },\n  \"endDateTime\": \"2020-08-11T10:50:00Z\",\n  \"exemptionNumber\": \"<number>\",\n  \"startDateTime\": \"2020-07-30T22:15:00Z\",\n  \"exemptionCodes\": {\n    \"stateCountryCodes\": [\n      \"AFG\",\n      \"AFG\"\n    ]\n  }\n}","options":{"raw":{"language":"json"}}}},"status":"Not Found","code":404,"header":[{"key":"Content-Type","value":"text/plain"}],"body":"","cookie":[],"_postman_previewlanguage":"text"},{"id":"c779fc68-2bd4-4b33-b9e0-0cffb3b57232","name":"Unsupported Media Type","originalRequest":{"url":{"path":["v1","exemptions"],"host":["{{baseUrl}}"],"query":[],"variable":[]},"header":[{"description":{"content":"Added as a part of security scheme: apikey","type":"text/plain"},"key":"Authorization","value":"<API Key>"},{"disabled":false,"description":"(Required) Required. Enter the client id.","key":"x-fapi-financial-id","value":"<string>"},{"disabled":false,"description":"Enter the transaction/correlation id","key":"x-fapi-interaction-id","value":"<string>"},{"disabled":false,"description":"(Required) Enter 'Bearer ' followed by the access token. Please refer to documentation on bearer token. ","key":"Authorization","value":"aute deserunt adipisicing consequat"},{"key":"Accept","value":"application/json"}],"method":"PUT","body":{"mode":"raw","raw":"{\n  \"cardholder\": {\n    \"pan\": \"2222979764340017\",\n    \"memberNumber\": \"0\",\n    \"firstName\": \"SUMITRA\",\n    \"lastName\": \"VEER\",\n    \"middleInitial\": \"S\",\n    \"zip\": \"20120\"\n  },\n  \"client\": {\n    \"applicationName\": \"OpenSystems\",\n    \"auditId\": \"84014831\",\n    \"id\": \"84014831\",\n    \"vendorName\": \"Mobiliti\"\n  },\n  \"endDateTime\": \"2020-08-11T10:50:00Z\",\n  \"exemptionNumber\": \"<number>\",\n  \"startDateTime\": \"2020-07-30T22:15:00Z\",\n  \"exemptionCodes\": {\n    \"stateCountryCodes\": [\n      \"AFG\",\n      \"AFG\"\n    ]\n  }\n}","options":{"raw":{"language":"json"}}}},"status":"Unsupported Media Type","code":415,"header":[{"disabled":false,"description":"transaction ID created with each request","key":"x-fapi-interaction-id","value":"aute deserunt adipisicing consequat"},{"key":"Content-Type","value":"application/json"}],"body":"{\n  \"errors\": [\n    {\n      \"code\": 415,\n      \"description\": \"unsupported Media Type\"\n    }\n  ]\n}","cookie":[],"_postman_previewlanguage":"json"},{"id":"87fc598b-3984-4ab3-a584-f0ac7baa32bb","name":"Too Many Requests","originalRequest":{"url":{"path":["v1","exemptions"],"host":["{{baseUrl}}"],"query":[],"variable":[]},"header":[{"description":{"content":"Added as a part of security scheme: apikey","type":"text/plain"},"key":"Authorization","value":"<API Key>"},{"disabled":false,"description":"(Required) Required. Enter the client id.","key":"x-fapi-financial-id","value":"<string>"},{"disabled":false,"description":"Enter the transaction/correlation id","key":"x-fapi-interaction-id","value":"<string>"},{"disabled":false,"description":"(Required) Enter 'Bearer ' followed by the access token. Please refer to documentation on bearer token. ","key":"Authorization","value":"aute deserunt adipisicing consequat"},{"key":"Accept","value":"application/json"}],"method":"PUT","body":{"mode":"raw","raw":"{\n  \"cardholder\": {\n    \"pan\": \"2222979764340017\",\n    \"memberNumber\": \"0\",\n    \"firstName\": \"SUMITRA\",\n    \"lastName\": \"VEER\",\n    \"middleInitial\": \"S\",\n    \"zip\": \"20120\"\n  },\n  \"client\": {\n    \"applicationName\": \"OpenSystems\",\n    \"auditId\": \"84014831\",\n    \"id\": \"84014831\",\n    \"vendorName\": \"Mobiliti\"\n  },\n  \"endDateTime\": \"2020-08-11T10:50:00Z\",\n  \"exemptionNumber\": \"<number>\",\n  \"startDateTime\": \"2020-07-30T22:15:00Z\",\n  \"exemptionCodes\": {\n    \"stateCountryCodes\": [\n      \"AFG\",\n      \"AFG\"\n    ]\n  }\n}","options":{"raw":{"language":"json"}}}},"status":"Too Many Requests","code":429,"header":[{"disabled":false,"description":"transaction ID created with each request","key":"x-fapi-interaction-id","value":"aute deserunt adipisicing consequat"},{"key":"Content-Type","value":"application/json"}],"body":"{\n  \"errors\": [\n    {\n      \"code\": 429,\n      \"description\": \"Rate limit quota violation. Quota limit  exceeded.\"\n    }\n  ]\n}","cookie":[],"_postman_previewlanguage":"json"},{"id":"14d879e9-4076-46e9-836a-76606bb0d1e0","name":"Server Error","originalRequest":{"url":{"path":["v1","exemptions"],"host":["{{baseUrl}}"],"query":[],"variable":[]},"header":[{"description":{"content":"Added as a part of security scheme: apikey","type":"text/plain"},"key":"Authorization","value":"<API Key>"},{"disabled":false,"description":"(Required) Required. Enter the client id.","key":"x-fapi-financial-id","value":"<string>"},{"disabled":false,"description":"Enter the transaction/correlation id","key":"x-fapi-interaction-id","value":"<string>"},{"disabled":false,"description":"(Required) Enter 'Bearer ' followed by the access token. Please refer to documentation on bearer token. ","key":"Authorization","value":"aute deserunt adipisicing consequat"},{"key":"Accept","value":"application/json"}],"method":"PUT","body":{"mode":"raw","raw":"{\n  \"cardholder\": {\n    \"pan\": \"2222979764340017\",\n    \"memberNumber\": \"0\",\n    \"firstName\": \"SUMITRA\",\n    \"lastName\": \"VEER\",\n    \"middleInitial\": \"S\",\n    \"zip\": \"20120\"\n  },\n  \"client\": {\n    \"applicationName\": \"OpenSystems\",\n    \"auditId\": \"84014831\",\n    \"id\": \"84014831\",\n    \"vendorName\": \"Mobiliti\"\n  },\n  \"endDateTime\": \"2020-08-11T10:50:00Z\",\n  \"exemptionNumber\": \"<number>\",\n  \"startDateTime\": \"2020-07-30T22:15:00Z\",\n  \"exemptionCodes\": {\n    \"stateCountryCodes\": [\n      \"AFG\",\n      \"AFG\"\n    ]\n  }\n}","options":{"raw":{"language":"json"}}}},"status":"Internal Server Error","code":500,"header":[{"disabled":false,"description":"transaction ID created with each request","key":"x-fapi-interaction-id","value":"aute deserunt adipisicing consequat"},{"key":"Content-Type","value":"application/json"}],"body":"{\n  \"errorResponse\": {\n    \"code\": \"500-01\",\n    \"message\": \"internal server error\",\n    \"developerInfo\": {\n      \"developerMessage\": \"internal server error\",\n      \"moreInfo\": \"There was a problem handling your request.  Please try again.  If the problem persists please contact Fiserv ETSD at 888-243-2543 (you unique messageID included below)\",\n      \"messageid\": \"25557-84290371-1\"\n    }\n  }\n}","cookie":[],"_postman_previewlanguage":"json"}],"event":[],"protocolProfileBehavior":{"disableBodyPruning":true}},{"id":"4ee1a639-a6cf-4698-bf21-2c8578d80c9c","name":"Obtain information on all existing travel exemptions for the requested card number.","request":{"name":"Obtain information on all existing travel exemptions for the requested card number.","description":{},"url":{"path":["v1","exemptions","search"],"host":["{{baseUrl}}"],"query":[],"variable":[]},"header":[{"disabled":false,"description":"(Required) Required. Enter the client id.","key":"x-fapi-financial-id","value":"<string>"},{"disabled":false,"description":"Enter the transaction/correlation id","key":"x-fapi-interaction-id","value":"<string>"},{"key":"Content-Type","value":"application/json"},{"key":"Accept","value":"application/json"}],"method":"POST","auth":null,"body":{"mode":"raw","raw":"{\n  \"cardholder\": {\n    \"pan\": \"<string>\",\n    \"memberNumber\": \"<string>\",\n    \"firstName\": \"<string>\",\n    \"lastName\": \"<string>\",\n    \"middleInitial\": \"<string>\",\n    \"zip\": \"<string>\"\n  },\n  \"client\": {\n    \"applicationName\": \"<string>\",\n    \"auditId\": \"<string>\",\n    \"id\": \"<string>\",\n    \"vendorName\": \"<string>\"\n  }\n}","options":{"raw":{"language":"json"}}}},"response":[{"id":"c1eaae61-a846-4d5b-afbf-1306bbe732dc","name":"Success","originalRequest":{"url":{"path":["v1","exemptions","search"],"host":["{{baseUrl}}"],"query":[],"variable":[]},"header":[{"description":{"content":"Added as a part of security scheme: apikey","type":"text/plain"},"key":"Authorization","value":"<API Key>"},{"disabled":false,"description":"(Required) Required. Enter the client id.","key":"x-fapi-financial-id","value":"<string>"},{"disabled":false,"description":"Enter the transaction/correlation id","key":"x-fapi-interaction-id","value":"<string>"},{"disabled":false,"description":"(Required) Enter 'Bearer ' followed by the access token. Please refer to documentation on bearer token. ","key":"Authorization","value":"aute deserunt adipisicing consequat"},{"key":"Accept","value":"application/json"}],"method":"POST","body":{"mode":"raw","raw":"{\n  \"cardholder\": {\n    \"pan\": \"2222979764340017\",\n    \"memberNumber\": \"0\",\n    \"firstName\": \"SUMITRA\",\n    \"lastName\": \"VEER\",\n    \"middleInitial\": \"S\",\n    \"zip\": \"20120\"\n  },\n  \"client\": {\n    \"applicationName\": \"OpenSystems\",\n    \"auditId\": \"84014831\",\n    \"id\": \"84014831\",\n    \"vendorName\": \"Mobiliti\"\n  }\n}","options":{"raw":{"language":"json"}}}},"status":"OK","code":200,"header":[{"disabled":false,"description":"Represents a transaction ID created with each request","key":"x-fapi-interaction-id","value":"aute deserunt adipisicing consequat"},{"key":"Content-Type","value":"application/json"}],"body":"{\n  \"travelExemptions\": [\n    {\n      \"endDateTime\": \"2020-07-31T03:59:00Z\",\n      \"exemptionNumber\": 58070379.1381771,\n      \"lastUpdatedDateTime\": \"2019-06-07T07:00:00Z\",\n      \"startDateTime\": \"2019-07-20T07:00:00Z\",\n      \"exemptionCodes\": {\n        \"stateCountryCodes\": [\n          \"AFG\",\n          \"AFG\"\n        ]\n      }\n    },\n    {\n      \"endDateTime\": \"2020-07-31T03:59:00Z\",\n      \"exemptionNumber\": 26413969.968537867,\n      \"lastUpdatedDateTime\": \"2019-06-07T07:00:00Z\",\n      \"startDateTime\": \"2019-07-20T07:00:00Z\",\n      \"exemptionCodes\": {\n        \"stateCountryCodes\": [\n          \"AFG\",\n          \"AFG\"\n        ]\n      }\n    }\n  ],\n  \"exclusions\": [\n    {\n      \"code\": \"AGO\",\n      \"type\": \"C\"\n    },\n    {\n      \"code\": \"AGO\",\n      \"type\": \"C\"\n    }\n  ]\n}","cookie":[],"_postman_previewlanguage":"json"},{"id":"a90ae01d-8556-4fae-bd1f-1c7491b82781","name":"Bad Request","originalRequest":{"url":{"path":["v1","exemptions","search"],"host":["{{baseUrl}}"],"query":[],"variable":[]},"header":[{"description":{"content":"Added as a part of security scheme: apikey","type":"text/plain"},"key":"Authorization","value":"<API Key>"},{"disabled":false,"description":"(Required) Required. Enter the client id.","key":"x-fapi-financial-id","value":"<string>"},{"disabled":false,"description":"Enter the transaction/correlation id","key":"x-fapi-interaction-id","value":"<string>"},{"disabled":false,"description":"(Required) Enter 'Bearer ' followed by the access token. Please refer to documentation on bearer token. ","key":"Authorization","value":"aute deserunt adipisicing consequat"},{"key":"Accept","value":"application/json"}],"method":"POST","body":{"mode":"raw","raw":"{\n  \"cardholder\": {\n    \"pan\": \"2222979764340017\",\n    \"memberNumber\": \"0\",\n    \"firstName\": \"SUMITRA\",\n    \"lastName\": \"VEER\",\n    \"middleInitial\": \"S\",\n    \"zip\": \"20120\"\n  },\n  \"client\": {\n    \"applicationName\": \"OpenSystems\",\n    \"auditId\": \"84014831\",\n    \"id\": \"84014831\",\n    \"vendorName\": \"Mobiliti\"\n  }\n}","options":{"raw":{"language":"json"}}}},"status":"Bad Request","code":400,"header":[{"disabled":false,"description":"Represents a transaction ID created with each request","key":"x-fapi-interaction-id","value":"aute deserunt adipisicing consequat"},{"key":"Content-Type","value":"application/json"}],"body":"{\n  \"errors\": [\n    {\n      \"code\": \"WS100\",\n      \"description\": \"Information entered is invalid-please revise and try again.\"\n    }\n  ]\n}","cookie":[],"_postman_previewlanguage":"json"},{"id":"8464bf44-f9ac-4831-b530-ce05b30f49cb","name":"Unauthorized access","originalRequest":{"url":{"path":["v1","exemptions","search"],"host":["{{baseUrl}}"],"query":[],"variable":[]},"header":[{"description":{"content":"Added as a part of security scheme: apikey","type":"text/plain"},"key":"Authorization","value":"<API Key>"},{"disabled":false,"description":"(Required) Required. Enter the client id.","key":"x-fapi-financial-id","value":"<string>"},{"disabled":false,"description":"Enter the transaction/correlation id","key":"x-fapi-interaction-id","value":"<string>"},{"disabled":false,"description":"(Required) Enter 'Bearer ' followed by the access token. Please refer to documentation on bearer token. ","key":"Authorization","value":"aute deserunt adipisicing consequat"},{"key":"Accept","value":"application/json"}],"method":"POST","body":{"mode":"raw","raw":"{\n  \"cardholder\": {\n    \"pan\": \"2222979764340017\",\n    \"memberNumber\": \"0\",\n    \"firstName\": \"SUMITRA\",\n    \"lastName\": \"VEER\",\n    \"middleInitial\": \"S\",\n    \"zip\": \"20120\"\n  },\n  \"client\": {\n    \"applicationName\": \"OpenSystems\",\n    \"auditId\": \"84014831\",\n    \"id\": \"84014831\",\n    \"vendorName\": \"Mobiliti\"\n  }\n}","options":{"raw":{"language":"json"}}}},"status":"Unauthorized","code":401,"header":[{"key":"Content-Type","value":"application/json"}],"body":"{\n  \"errors\": [\n    {\n      \"code\": 401,\n      \"description\": \"Invalid access token\"\n    }\n  ]\n}","cookie":[],"_postman_previewlanguage":"json"},{"id":"8387085f-ce5e-4454-a7f9-fb1da5ebe0b0","name":"Resource Not Found","originalRequest":{"url":{"path":["v1","exemptions","search"],"host":["{{baseUrl}}"],"query":[],"variable":[]},"header":[{"description":{"content":"Added as a part of security scheme: apikey","type":"text/plain"},"key":"Authorization","value":"<API Key>"},{"disabled":false,"description":"(Required) Required. Enter the client id.","key":"x-fapi-financial-id","value":"<string>"},{"disabled":false,"description":"Enter the transaction/correlation id","key":"x-fapi-interaction-id","value":"<string>"},{"disabled":false,"description":"(Required) Enter 'Bearer ' followed by the access token. Please refer to documentation on bearer token. ","key":"Authorization","value":"aute deserunt adipisicing consequat"}],"method":"POST","body":{"mode":"raw","raw":"{\n  \"cardholder\": {\n    \"pan\": \"2222979764340017\",\n    \"memberNumber\": \"0\",\n    \"firstName\": \"SUMITRA\",\n    \"lastName\": \"VEER\",\n    \"middleInitial\": \"S\",\n    \"zip\": \"20120\"\n  },\n  \"client\": {\n    \"applicationName\": \"OpenSystems\",\n    \"auditId\": \"84014831\",\n    \"id\": \"84014831\",\n    \"vendorName\": \"Mobiliti\"\n  }\n}","options":{"raw":{"language":"json"}}}},"status":"Not Found","code":404,"header":[{"key":"Content-Type","value":"text/plain"}],"body":"","cookie":[],"_postman_previewlanguage":"text"},{"id":"99039813-b4c6-4ab5-84a1-05f4c33391b2","name":"Unsupported Media Type","originalRequest":{"url":{"path":["v1","exemptions","search"],"host":["{{baseUrl}}"],"query":[],"variable":[]},"header":[{"description":{"content":"Added as a part of security scheme: apikey","type":"text/plain"},"key":"Authorization","value":"<API Key>"},{"disabled":false,"description":"(Required) Required. Enter the client id.","key":"x-fapi-financial-id","value":"<string>"},{"disabled":false,"description":"Enter the transaction/correlation id","key":"x-fapi-interaction-id","value":"<string>"},{"disabled":false,"description":"(Required) Enter 'Bearer ' followed by the access token. Please refer to documentation on bearer token. ","key":"Authorization","value":"aute deserunt adipisicing consequat"},{"key":"Accept","value":"application/json"}],"method":"POST","body":{"mode":"raw","raw":"{\n  \"cardholder\": {\n    \"pan\": \"2222979764340017\",\n    \"memberNumber\": \"0\",\n    \"firstName\": \"SUMITRA\",\n    \"lastName\": \"VEER\",\n    \"middleInitial\": \"S\",\n    \"zip\": \"20120\"\n  },\n  \"client\": {\n    \"applicationName\": \"OpenSystems\",\n    \"auditId\": \"84014831\",\n    \"id\": \"84014831\",\n    \"vendorName\": \"Mobiliti\"\n  }\n}","options":{"raw":{"language":"json"}}}},"status":"Unsupported Media Type","code":415,"header":[{"disabled":false,"description":"transaction ID created with each request","key":"x-fapi-interaction-id","value":"aute deserunt adipisicing consequat"},{"key":"Content-Type","value":"application/json"}],"body":"{\n  \"errors\": [\n    {\n      \"code\": 415,\n      \"description\": \"unsupported Media Type\"\n    }\n  ]\n}","cookie":[],"_postman_previewlanguage":"json"},{"id":"51f6d668-3fd1-42e8-ab4e-695e34bd7592","name":"Too Many Requests","originalRequest":{"url":{"path":["v1","exemptions","search"],"host":["{{baseUrl}}"],"query":[],"variable":[]},"header":[{"description":{"content":"Added as a part of security scheme: apikey","type":"text/plain"},"key":"Authorization","value":"<API Key>"},{"disabled":false,"description":"(Required) Required. Enter the client id.","key":"x-fapi-financial-id","value":"<string>"},{"disabled":false,"description":"Enter the transaction/correlation id","key":"x-fapi-interaction-id","value":"<string>"},{"disabled":false,"description":"(Required) Enter 'Bearer ' followed by the access token. Please refer to documentation on bearer token. ","key":"Authorization","value":"aute deserunt adipisicing consequat"},{"key":"Accept","value":"application/json"}],"method":"POST","body":{"mode":"raw","raw":"{\n  \"cardholder\": {\n    \"pan\": \"2222979764340017\",\n    \"memberNumber\": \"0\",\n    \"firstName\": \"SUMITRA\",\n    \"lastName\": \"VEER\",\n    \"middleInitial\": \"S\",\n    \"zip\": \"20120\"\n  },\n  \"client\": {\n    \"applicationName\": \"OpenSystems\",\n    \"auditId\": \"84014831\",\n    \"id\": \"84014831\",\n    \"vendorName\": \"Mobiliti\"\n  }\n}","options":{"raw":{"language":"json"}}}},"status":"Too Many Requests","code":429,"header":[{"disabled":false,"description":"transaction ID created with each request","key":"x-fapi-interaction-id","value":"aute deserunt adipisicing consequat"},{"key":"Content-Type","value":"application/json"}],"body":"{\n  \"errors\": [\n    {\n      \"code\": 429,\n      \"description\": \"Rate limit quota violation. Quota limit  exceeded.\"\n    }\n  ]\n}","cookie":[],"_postman_previewlanguage":"json"},{"id":"969666e5-96ff-4af7-b5b7-efbe77300942","name":"Server Error","originalRequest":{"url":{"path":["v1","exemptions","search"],"host":["{{baseUrl}}"],"query":[],"variable":[]},"header":[{"description":{"content":"Added as a part of security scheme: apikey","type":"text/plain"},"key":"Authorization","value":"<API Key>"},{"disabled":false,"description":"(Required) Required. Enter the client id.","key":"x-fapi-financial-id","value":"<string>"},{"disabled":false,"description":"Enter the transaction/correlation id","key":"x-fapi-interaction-id","value":"<string>"},{"disabled":false,"description":"(Required) Enter 'Bearer ' followed by the access token. Please refer to documentation on bearer token. ","key":"Authorization","value":"aute deserunt adipisicing consequat"},{"key":"Accept","value":"application/json"}],"method":"POST","body":{"mode":"raw","raw":"{\n  \"cardholder\": {\n    \"pan\": \"2222979764340017\",\n    \"memberNumber\": \"0\",\n    \"firstName\": \"SUMITRA\",\n    \"lastName\": \"VEER\",\n    \"middleInitial\": \"S\",\n    \"zip\": \"20120\"\n  },\n  \"client\": {\n    \"applicationName\": \"OpenSystems\",\n    \"auditId\": \"84014831\",\n    \"id\": \"84014831\",\n    \"vendorName\": \"Mobiliti\"\n  }\n}","options":{"raw":{"language":"json"}}}},"status":"Internal Server Error","code":500,"header":[{"disabled":false,"description":"transaction ID created with each request","key":"x-fapi-interaction-id","value":"aute deserunt adipisicing consequat"},{"key":"Content-Type","value":"application/json"}],"body":"{\n  \"errorResponse\": {\n    \"code\": \"500-01\",\n    \"message\": \"internal server error\",\n    \"developerInfo\": {\n      \"developerMessage\": \"internal server error\",\n      \"moreInfo\": \"There was a problem handling your request.  Please try again.  If the problem persists please contact Fiserv ETSD at 888-243-2543 (you unique messageID included below)\",\n      \"messageid\": \"25557-84290371-1\"\n    }\n  }\n}","cookie":[],"_postman_previewlanguage":"json"}],"event":[],"protocolProfileBehavior":{"disableBodyPruning":true}},{"id":"1efab19d-90a1-46d9-ac3d-66d1352f7695","name":"Expire the travel exemptions for the requested card number.","request":{"name":"Expire the travel exemptions for the requested card number.","description":{},"url":{"path":["v1","exemptions","expire"],"host":["{{baseUrl}}"],"query":[],"variable":[]},"header":[{"disabled":false,"description":"(Required) Required. Enter the client id.","key":"x-fapi-financial-id","value":"<string>"},{"disabled":false,"description":"Enter the transaction/correlation id","key":"x-fapi-interaction-id","value":"<string>"},{"key":"Content-Type","value":"application/json"},{"key":"Accept","value":"application/json"}],"method":"PUT","auth":null,"body":{"mode":"raw","raw":"{\n  \"cardholder\": {\n    \"pan\": \"<string>\",\n    \"memberNumber\": \"<string>\",\n    \"firstName\": \"<string>\",\n    \"lastName\": \"<string>\",\n    \"middleInitial\": \"<string>\",\n    \"zip\": \"<string>\"\n  },\n  \"client\": {\n    \"applicationName\": \"<string>\",\n    \"auditId\": \"<string>\",\n    \"id\": \"<string>\",\n    \"vendorName\": \"<string>\"\n  },\n  \"exemptionNumber\": \"<number>\"\n}","options":{"raw":{"language":"json"}}}},"response":[{"id":"37d732ec-8f2b-4b7f-951e-3ac0742a4af3","name":"Success","originalRequest":{"url":{"path":["v1","exemptions","expire"],"host":["{{baseUrl}}"],"query":[],"variable":[]},"header":[{"description":{"content":"Added as a part of security scheme: apikey","type":"text/plain"},"key":"Authorization","value":"<API Key>"},{"disabled":false,"description":"(Required) Required. Enter the client id.","key":"x-fapi-financial-id","value":"<string>"},{"disabled":false,"description":"Enter the transaction/correlation id","key":"x-fapi-interaction-id","value":"<string>"},{"disabled":false,"description":"(Required) Enter 'Bearer ' followed by the access token. Please refer to documentation on bearer token. ","key":"Authorization","value":"aute deserunt adipisicing consequat"},{"key":"Accept","value":"application/json"}],"method":"PUT","body":{"mode":"raw","raw":"{\n  \"cardholder\": {\n    \"pan\": \"2222979764340017\",\n    \"memberNumber\": \"0\",\n    \"firstName\": \"SUMITRA\",\n    \"lastName\": \"VEER\",\n    \"middleInitial\": \"S\",\n    \"zip\": \"20120\"\n  },\n  \"client\": {\n    \"applicationName\": \"OpenSystems\",\n    \"auditId\": \"84014831\",\n    \"id\": \"84014831\",\n    \"vendorName\": \"Mobiliti\"\n  },\n  \"exemptionNumber\": \"<number>\"\n}","options":{"raw":{"language":"json"}}}},"status":"OK","code":200,"header":[{"disabled":false,"description":"Represents a transaction ID created with each request","key":"x-fapi-interaction-id","value":"aute deserunt adipisicing consequat"},{"key":"Content-Type","value":"application/json"}],"body":"{\n  \"travelExemptions\": [\n    {\n      \"endDateTime\": \"2020-07-31T03:59:00Z\",\n      \"exemptionNumber\": 58070379.1381771,\n      \"lastUpdatedDateTime\": \"2019-06-07T07:00:00Z\",\n      \"startDateTime\": \"2019-07-20T07:00:00Z\",\n      \"exemptionCodes\": {\n        \"stateCountryCodes\": [\n          \"AFG\",\n          \"AFG\"\n        ]\n      }\n    },\n    {\n      \"endDateTime\": \"2020-07-31T03:59:00Z\",\n      \"exemptionNumber\": 26413969.968537867,\n      \"lastUpdatedDateTime\": \"2019-06-07T07:00:00Z\",\n      \"startDateTime\": \"2019-07-20T07:00:00Z\",\n      \"exemptionCodes\": {\n        \"stateCountryCodes\": [\n          \"AFG\",\n          \"AFG\"\n        ]\n      }\n    }\n  ],\n  \"exclusions\": [\n    {\n      \"code\": \"AGO\",\n      \"type\": \"C\"\n    },\n    {\n      \"code\": \"AGO\",\n      \"type\": \"C\"\n    }\n  ]\n}","cookie":[],"_postman_previewlanguage":"json"},{"id":"2f134610-0f37-4510-bbdd-e27f145bfa56","name":"Bad Request","originalRequest":{"url":{"path":["v1","exemptions","expire"],"host":["{{baseUrl}}"],"query":[],"variable":[]},"header":[{"description":{"content":"Added as a part of security scheme: apikey","type":"text/plain"},"key":"Authorization","value":"<API Key>"},{"disabled":false,"description":"(Required) Required. Enter the client id.","key":"x-fapi-financial-id","value":"<string>"},{"disabled":false,"description":"Enter the transaction/correlation id","key":"x-fapi-interaction-id","value":"<string>"},{"disabled":false,"description":"(Required) Enter 'Bearer ' followed by the access token. Please refer to documentation on bearer token. ","key":"Authorization","value":"aute deserunt adipisicing consequat"},{"key":"Accept","value":"application/json"}],"method":"PUT","body":{"mode":"raw","raw":"{\n  \"cardholder\": {\n    \"pan\": \"2222979764340017\",\n    \"memberNumber\": \"0\",\n    \"firstName\": \"SUMITRA\",\n    \"lastName\": \"VEER\",\n    \"middleInitial\": \"S\",\n    \"zip\": \"20120\"\n  },\n  \"client\": {\n    \"applicationName\": \"OpenSystems\",\n    \"auditId\": \"84014831\",\n    \"id\": \"84014831\",\n    \"vendorName\": \"Mobiliti\"\n  },\n  \"exemptionNumber\": \"<number>\"\n}","options":{"raw":{"language":"json"}}}},"status":"Bad Request","code":400,"header":[{"disabled":false,"description":"Represents a transaction ID created with each request","key":"x-fapi-interaction-id","value":"aute deserunt adipisicing consequat"},{"key":"Content-Type","value":"application/json"}],"body":"{\n  \"errors\": [\n    {\n      \"code\": \"WS100\",\n      \"description\": \"Information entered is invalid-please revise and try again.\"\n    }\n  ]\n}","cookie":[],"_postman_previewlanguage":"json"},{"id":"3729829f-040c-4882-b4e5-4d3a0e8d6dc6","name":"Unauthorized access","originalRequest":{"url":{"path":["v1","exemptions","expire"],"host":["{{baseUrl}}"],"query":[],"variable":[]},"header":[{"description":{"content":"Added as a part of security scheme: apikey","type":"text/plain"},"key":"Authorization","value":"<API Key>"},{"disabled":false,"description":"(Required) Required. Enter the client id.","key":"x-fapi-financial-id","value":"<string>"},{"disabled":false,"description":"Enter the transaction/correlation id","key":"x-fapi-interaction-id","value":"<string>"},{"disabled":false,"description":"(Required) Enter 'Bearer ' followed by the access token. Please refer to documentation on bearer token. ","key":"Authorization","value":"aute deserunt adipisicing consequat"},{"key":"Accept","value":"application/json"}],"method":"PUT","body":{"mode":"raw","raw":"{\n  \"cardholder\": {\n    \"pan\": \"2222979764340017\",\n    \"memberNumber\": \"0\",\n    \"firstName\": \"SUMITRA\",\n    \"lastName\": \"VEER\",\n    \"middleInitial\": \"S\",\n    \"zip\": \"20120\"\n  },\n  \"client\": {\n    \"applicationName\": \"OpenSystems\",\n    \"auditId\": \"84014831\",\n    \"id\": \"84014831\",\n    \"vendorName\": \"Mobiliti\"\n  },\n  \"exemptionNumber\": \"<number>\"\n}","options":{"raw":{"language":"json"}}}},"status":"Unauthorized","code":401,"header":[{"key":"Content-Type","value":"application/json"}],"body":"{\n  \"errors\": [\n    {\n      \"code\": 401,\n      \"description\": \"Invalid access token\"\n    }\n  ]\n}","cookie":[],"_postman_previewlanguage":"json"},{"id":"ddc06624-e576-4b74-821b-ae5dfeaf9d54","name":"Resource Not Found","originalRequest":{"url":{"path":["v1","exemptions","expire"],"host":["{{baseUrl}}"],"query":[],"variable":[]},"header":[{"description":{"content":"Added as a part of security scheme: apikey","type":"text/plain"},"key":"Authorization","value":"<API Key>"},{"disabled":false,"description":"(Required) Required. Enter the client id.","key":"x-fapi-financial-id","value":"<string>"},{"disabled":false,"description":"Enter the transaction/correlation id","key":"x-fapi-interaction-id","value":"<string>"},{"disabled":false,"description":"(Required) Enter 'Bearer ' followed by the access token. Please refer to documentation on bearer token. ","key":"Authorization","value":"aute deserunt adipisicing consequat"}],"method":"PUT","body":{"mode":"raw","raw":"{\n  \"cardholder\": {\n    \"pan\": \"2222979764340017\",\n    \"memberNumber\": \"0\",\n    \"firstName\": \"SUMITRA\",\n    \"lastName\": \"VEER\",\n    \"middleInitial\": \"S\",\n    \"zip\": \"20120\"\n  },\n  \"client\": {\n    \"applicationName\": \"OpenSystems\",\n    \"auditId\": \"84014831\",\n    \"id\": \"84014831\",\n    \"vendorName\": \"Mobiliti\"\n  },\n  \"exemptionNumber\": \"<number>\"\n}","options":{"raw":{"language":"json"}}}},"status":"Not Found","code":404,"header":[{"key":"Content-Type","value":"text/plain"}],"body":"","cookie":[],"_postman_previewlanguage":"text"},{"id":"2b127a08-ce81-447b-9913-6a226d4740e2","name":"Unsupported Media Type","originalRequest":{"url":{"path":["v1","exemptions","expire"],"host":["{{baseUrl}}"],"query":[],"variable":[]},"header":[{"description":{"content":"Added as a part of security scheme: apikey","type":"text/plain"},"key":"Authorization","value":"<API Key>"},{"disabled":false,"description":"(Required) Required. Enter the client id.","key":"x-fapi-financial-id","value":"<string>"},{"disabled":false,"description":"Enter the transaction/correlation id","key":"x-fapi-interaction-id","value":"<string>"},{"disabled":false,"description":"(Required) Enter 'Bearer ' followed by the access token. Please refer to documentation on bearer token. ","key":"Authorization","value":"aute deserunt adipisicing consequat"},{"key":"Accept","value":"application/json"}],"method":"PUT","body":{"mode":"raw","raw":"{\n  \"cardholder\": {\n    \"pan\": \"2222979764340017\",\n    \"memberNumber\": \"0\",\n    \"firstName\": \"SUMITRA\",\n    \"lastName\": \"VEER\",\n    \"middleInitial\": \"S\",\n    \"zip\": \"20120\"\n  },\n  \"client\": {\n    \"applicationName\": \"OpenSystems\",\n    \"auditId\": \"84014831\",\n    \"id\": \"84014831\",\n    \"vendorName\": \"Mobiliti\"\n  },\n  \"exemptionNumber\": \"<number>\"\n}","options":{"raw":{"language":"json"}}}},"status":"Unsupported Media Type","code":415,"header":[{"disabled":false,"description":"transaction ID created with each request","key":"x-fapi-interaction-id","value":"aute deserunt adipisicing consequat"},{"key":"Content-Type","value":"application/json"}],"body":"{\n  \"errors\": [\n    {\n      \"code\": 415,\n      \"description\": \"unsupported Media Type\"\n    }\n  ]\n}","cookie":[],"_postman_previewlanguage":"json"},{"id":"8d9fb77b-4fff-44a3-aa83-b6eeb568a4a1","name":"Too Many Requests","originalRequest":{"url":{"path":["v1","exemptions","expire"],"host":["{{baseUrl}}"],"query":[],"variable":[]},"header":[{"description":{"content":"Added as a part of security scheme: apikey","type":"text/plain"},"key":"Authorization","value":"<API Key>"},{"disabled":false,"description":"(Required) Required. Enter the client id.","key":"x-fapi-financial-id","value":"<string>"},{"disabled":false,"description":"Enter the transaction/correlation id","key":"x-fapi-interaction-id","value":"<string>"},{"disabled":false,"description":"(Required) Enter 'Bearer ' followed by the access token. Please refer to documentation on bearer token. ","key":"Authorization","value":"aute deserunt adipisicing consequat"},{"key":"Accept","value":"application/json"}],"method":"PUT","body":{"mode":"raw","raw":"{\n  \"cardholder\": {\n    \"pan\": \"2222979764340017\",\n    \"memberNumber\": \"0\",\n    \"firstName\": \"SUMITRA\",\n    \"lastName\": \"VEER\",\n    \"middleInitial\": \"S\",\n    \"zip\": \"20120\"\n  },\n  \"client\": {\n    \"applicationName\": \"OpenSystems\",\n    \"auditId\": \"84014831\",\n    \"id\": \"84014831\",\n    \"vendorName\": \"Mobiliti\"\n  },\n  \"exemptionNumber\": \"<number>\"\n}","options":{"raw":{"language":"json"}}}},"status":"Too Many Requests","code":429,"header":[{"disabled":false,"description":"transaction ID created with each request","key":"x-fapi-interaction-id","value":"aute deserunt adipisicing consequat"},{"key":"Content-Type","value":"application/json"}],"body":"{\n  \"errors\": [\n    {\n      \"code\": 429,\n      \"description\": \"Rate limit quota violation. Quota limit  exceeded.\"\n    }\n  ]\n}","cookie":[],"_postman_previewlanguage":"json"},{"id":"0024e872-72b8-4992-bca0-614a2a9925c0","name":"Server Error","originalRequest":{"url":{"path":["v1","exemptions","expire"],"host":["{{baseUrl}}"],"query":[],"variable":[]},"header":[{"description":{"content":"Added as a part of security scheme: apikey","type":"text/plain"},"key":"Authorization","value":"<API Key>"},{"disabled":false,"description":"(Required) Required. Enter the client id.","key":"x-fapi-financial-id","value":"<string>"},{"disabled":false,"description":"Enter the transaction/correlation id","key":"x-fapi-interaction-id","value":"<string>"},{"disabled":false,"description":"(Required) Enter 'Bearer ' followed by the access token. Please refer to documentation on bearer token. ","key":"Authorization","value":"aute deserunt adipisicing consequat"},{"key":"Accept","value":"application/json"}],"method":"PUT","body":{"mode":"raw","raw":"{\n  \"cardholder\": {\n    \"pan\": \"2222979764340017\",\n    \"memberNumber\": \"0\",\n    \"firstName\": \"SUMITRA\",\n    \"lastName\": \"VEER\",\n    \"middleInitial\": \"S\",\n    \"zip\": \"20120\"\n  },\n  \"client\": {\n    \"applicationName\": \"OpenSystems\",\n    \"auditId\": \"84014831\",\n    \"id\": \"84014831\",\n    \"vendorName\": \"Mobiliti\"\n  },\n  \"exemptionNumber\": \"<number>\"\n}","options":{"raw":{"language":"json"}}}},"status":"Internal Server Error","code":500,"header":[{"disabled":false,"description":"transaction ID created with each request","key":"x-fapi-interaction-id","value":"aute deserunt adipisicing consequat"},{"key":"Content-Type","value":"application/json"}],"body":"{\n  \"errorResponse\": {\n    \"code\": \"500-01\",\n    \"message\": \"internal server error\",\n    \"developerInfo\": {\n      \"developerMessage\": \"internal server error\",\n      \"moreInfo\": \"There was a problem handling your request.  Please try again.  If the problem persists please contact Fiserv ETSD at 888-243-2543 (you unique messageID included below)\",\n      \"messageid\": \"25557-84290371-1\"\n    }\n  }\n}","cookie":[],"_postman_previewlanguage":"json"}],"event":[],"protocolProfileBehavior":{"disableBodyPruning":true}}],"event":[]}],"event":[],"variable":[{"type":"string","value":"https://card.api.fiservapps.com/cs/travel","key":"baseUrl"}],"auth":{"type":"apikey","apikey":[{"key":"key","value":"Authorization"},{"key":"value","value":"{{apiKey}}"},{"key":"in","value":"header"}]},"info":{"_postman_id":"3703a704-e571-4757-86c5-007f431978c3","name":"Travel Exemptions API","schema":"https://schema.getpostman.com/json/collection/v2.1.0/collection.json","description":{"content":"The Travel Exemptions RESTful API provides integration partners the ability to view, add/create, update, and expire travel exemptions for a specific card. All the date/time fields in this API are supported in UTC timezone. The time fields are relevant only up to minutes.","type":"text/plain"}}}