{"item":[{"id":"36c40741-929e-4add-885d-ad48c962c27a","name":"v1/exemptions","item":[{"id":"b5a7fe77-8760-4725-9cb0-ee63d61cab15","name":"Add travel exemptions for the requested primary account number (PAN).","request":{"name":"Add travel exemptions for the requested primary account number (PAN).","description":{},"url":{"path":["v1","exemptions"],"host":["{{baseUrl}}"],"query":[],"variable":[]},"header":[{"disabled":false,"description":"(Required) Required. Enter the client id.","key":"x-fapi-financial-id","value":"<string>"},{"disabled":false,"description":"Enter the transaction/correlation id","key":"x-fapi-interaction-id","value":"<string>"},{"key":"Content-Type","value":"application/json"},{"key":"Accept","value":"application/json"}],"method":"POST","auth":null,"body":{"mode":"raw","raw":"{\n  \"cardholder\": {\n    \"pan\": \"<string>\",\n    \"memberNumber\": \"<string>\",\n    \"firstName\": \"<string>\",\n    \"lastName\": \"<string>\",\n    \"middleInitial\": \"<string>\",\n    \"zip\": \"<string>\"\n  },\n  \"client\": {\n    \"applicationName\": \"<string>\",\n    \"auditId\": \"<string>\",\n    \"id\": \"<string>\",\n    \"vendorName\": \"<string>\"\n  },\n  \"endDateTime\": \"<yyyy-mm-ddThh:mm:ss[.mmm]±[hh]:[mm] or yyyy-mm-ddThh:mm:ss[.mmm]Z>\",\n  \"exemptionCodes\": {\n    \"stateCountryCodes\": [\n      \"<string>\",\n      \"<string>\"\n    ]\n  },\n  \"startDateTime\": \"<yyyy-mm-ddThh:mm:ss[.mmm]±[hh]:[mm] or yyyy-mm-ddThh:mm:ss[.mmm]Z>\"\n}","options":{"raw":{"language":"json"}}}},"response":[{"id":"58ab17ea-950b-434c-9a91-34b6c14a1c67","name":"Created","originalRequest":{"url":{"path":["v1","exemptions"],"host":["{{baseUrl}}"],"query":[],"variable":[]},"header":[{"description":{"content":"Added as a part of security scheme: apikey","type":"text/plain"},"key":"Authorization","value":"<API Key>"},{"disabled":false,"description":"(Required) Required. Enter the client id.","key":"x-fapi-financial-id","value":"<string>"},{"disabled":false,"description":"Enter the transaction/correlation id","key":"x-fapi-interaction-id","value":"<string>"},{"disabled":false,"description":"(Required) Enter 'Bearer ' followed by the access token. Please refer to documentation on bearer token. ","key":"Authorization","value":"est non"},{"key":"Accept","value":"application/json"}],"method":"POST","body":{"mode":"raw","raw":"{\n  \"cardholder\": {\n    \"pan\": \"2222979764340017\",\n    \"memberNumber\": \"0\",\n    \"firstName\": \"SUMITRA\",\n    \"lastName\": \"VEER\",\n    \"middleInitial\": \"S\",\n    \"zip\": \"20120\"\n  },\n  \"client\": {\n    \"applicationName\": \"OpenSystems\",\n    \"auditId\": \"84014831\",\n    \"id\": \"84014831\",\n    \"vendorName\": \"Mobiliti\"\n  },\n  \"endDateTime\": \"2020-08-11T10:50:00Z\",\n  \"exemptionCodes\": {\n    \"stateCountryCodes\": [\n      \"AFG\",\n      \"AFG\"\n    ]\n  },\n  \"startDateTime\": \"2020-07-30T22:15:00Z\"\n}","options":{"raw":{"language":"json"}}}},"status":"Created","code":201,"header":[{"disabled":false,"description":"Represents a transaction ID created with each request","key":"x-fapi-interaction-id","value":"est non"},{"key":"Content-Type","value":"application/json"}],"body":"{\n  \"travelExemptions\": [\n    {\n      \"endDateTime\": \"2020-07-31T03:59:00Z\",\n      \"exemptionNumber\": 13272885.787271664,\n      \"lastUpdatedDateTime\": \"2019-06-07T07:00:00Z\",\n      \"startDateTime\": \"2019-07-20T07:00:00Z\",\n      \"exemptionCodes\": {\n        \"stateCountryCodes\": [\n          \"AFG\",\n          \"AFG\"\n        ]\n      }\n    },\n    {\n      \"endDateTime\": \"2020-07-31T03:59:00Z\",\n      \"exemptionNumber\": 91749701.48426217,\n      \"lastUpdatedDateTime\": \"2019-06-07T07:00:00Z\",\n      \"startDateTime\": \"2019-07-20T07:00:00Z\",\n      \"exemptionCodes\": {\n        \"stateCountryCodes\": [\n          \"AFG\",\n          \"AFG\"\n        ]\n      }\n    }\n  ],\n  \"exclusions\": [\n    {\n      \"code\": \"AGO\",\n      \"type\": \"C\"\n    },\n    {\n      \"code\": \"AGO\",\n      \"type\": \"C\"\n    }\n  ]\n}","cookie":[],"_postman_previewlanguage":"json"},{"id":"9c8a6986-4d17-4150-8ff5-e5ace7fab271","name":"Bad Request","originalRequest":{"url":{"path":["v1","exemptions"],"host":["{{baseUrl}}"],"query":[],"variable":[]},"header":[{"description":{"content":"Added as a part of security scheme: apikey","type":"text/plain"},"key":"Authorization","value":"<API Key>"},{"disabled":false,"description":"(Required) Required. Enter the client id.","key":"x-fapi-financial-id","value":"<string>"},{"disabled":false,"description":"Enter the transaction/correlation id","key":"x-fapi-interaction-id","value":"<string>"},{"disabled":false,"description":"(Required) Enter 'Bearer ' followed by the access token. Please refer to documentation on bearer token. ","key":"Authorization","value":"est non"},{"key":"Accept","value":"application/json"}],"method":"POST","body":{"mode":"raw","raw":"{\n  \"cardholder\": {\n    \"pan\": \"2222979764340017\",\n    \"memberNumber\": \"0\",\n    \"firstName\": \"SUMITRA\",\n    \"lastName\": \"VEER\",\n    \"middleInitial\": \"S\",\n    \"zip\": \"20120\"\n  },\n  \"client\": {\n    \"applicationName\": \"OpenSystems\",\n    \"auditId\": \"84014831\",\n    \"id\": \"84014831\",\n    \"vendorName\": \"Mobiliti\"\n  },\n  \"endDateTime\": \"2020-08-11T10:50:00Z\",\n  \"exemptionCodes\": {\n    \"stateCountryCodes\": [\n      \"AFG\",\n      \"AFG\"\n    ]\n  },\n  \"startDateTime\": \"2020-07-30T22:15:00Z\"\n}","options":{"raw":{"language":"json"}}}},"status":"Bad Request","code":400,"header":[{"disabled":false,"description":"Represents a transaction ID created with each request","key":"x-fapi-interaction-id","value":"est non"},{"key":"Content-Type","value":"application/json"}],"body":"{\n  \"errors\": [\n    {\n      \"code\": \"WS100\",\n      \"description\": \"Information entered is invalid-please revise and try again.\"\n    }\n  ]\n}","cookie":[],"_postman_previewlanguage":"json"},{"id":"613b1d55-03ea-4e60-82c6-e2e3355b357c","name":"Unauthorized access","originalRequest":{"url":{"path":["v1","exemptions"],"host":["{{baseUrl}}"],"query":[],"variable":[]},"header":[{"description":{"content":"Added as a part of security scheme: apikey","type":"text/plain"},"key":"Authorization","value":"<API Key>"},{"disabled":false,"description":"(Required) Required. Enter the client id.","key":"x-fapi-financial-id","value":"<string>"},{"disabled":false,"description":"Enter the transaction/correlation id","key":"x-fapi-interaction-id","value":"<string>"},{"disabled":false,"description":"(Required) Enter 'Bearer ' followed by the access token. Please refer to documentation on bearer token. ","key":"Authorization","value":"est non"},{"key":"Accept","value":"application/json"}],"method":"POST","body":{"mode":"raw","raw":"{\n  \"cardholder\": {\n    \"pan\": \"2222979764340017\",\n    \"memberNumber\": \"0\",\n    \"firstName\": \"SUMITRA\",\n    \"lastName\": \"VEER\",\n    \"middleInitial\": \"S\",\n    \"zip\": \"20120\"\n  },\n  \"client\": {\n    \"applicationName\": \"OpenSystems\",\n    \"auditId\": \"84014831\",\n    \"id\": \"84014831\",\n    \"vendorName\": \"Mobiliti\"\n  },\n  \"endDateTime\": \"2020-08-11T10:50:00Z\",\n  \"exemptionCodes\": {\n    \"stateCountryCodes\": [\n      \"AFG\",\n      \"AFG\"\n    ]\n  },\n  \"startDateTime\": \"2020-07-30T22:15:00Z\"\n}","options":{"raw":{"language":"json"}}}},"status":"Unauthorized","code":401,"header":[{"key":"Content-Type","value":"application/json"}],"body":"{\n  \"errors\": [\n    {\n      \"code\": 401,\n      \"description\": \"Invalid access token\"\n    }\n  ]\n}","cookie":[],"_postman_previewlanguage":"json"},{"id":"d2e06fcb-e633-4e3f-a98b-198174aa0267","name":"Resource Not Found","originalRequest":{"url":{"path":["v1","exemptions"],"host":["{{baseUrl}}"],"query":[],"variable":[]},"header":[{"description":{"content":"Added as a part of security scheme: apikey","type":"text/plain"},"key":"Authorization","value":"<API Key>"},{"disabled":false,"description":"(Required) Required. Enter the client id.","key":"x-fapi-financial-id","value":"<string>"},{"disabled":false,"description":"Enter the transaction/correlation id","key":"x-fapi-interaction-id","value":"<string>"},{"disabled":false,"description":"(Required) Enter 'Bearer ' followed by the access token. Please refer to documentation on bearer token. ","key":"Authorization","value":"est non"}],"method":"POST","body":{"mode":"raw","raw":"{\n  \"cardholder\": {\n    \"pan\": \"2222979764340017\",\n    \"memberNumber\": \"0\",\n    \"firstName\": \"SUMITRA\",\n    \"lastName\": \"VEER\",\n    \"middleInitial\": \"S\",\n    \"zip\": \"20120\"\n  },\n  \"client\": {\n    \"applicationName\": \"OpenSystems\",\n    \"auditId\": \"84014831\",\n    \"id\": \"84014831\",\n    \"vendorName\": \"Mobiliti\"\n  },\n  \"endDateTime\": \"2020-08-11T10:50:00Z\",\n  \"exemptionCodes\": {\n    \"stateCountryCodes\": [\n      \"AFG\",\n      \"AFG\"\n    ]\n  },\n  \"startDateTime\": \"2020-07-30T22:15:00Z\"\n}","options":{"raw":{"language":"json"}}}},"status":"Not Found","code":404,"header":[{"key":"Content-Type","value":"text/plain"}],"body":"","cookie":[],"_postman_previewlanguage":"text"},{"id":"a14045af-48ee-45dc-9987-636a2468090e","name":"Unsupported Media Type","originalRequest":{"url":{"path":["v1","exemptions"],"host":["{{baseUrl}}"],"query":[],"variable":[]},"header":[{"description":{"content":"Added as a part of security scheme: apikey","type":"text/plain"},"key":"Authorization","value":"<API Key>"},{"disabled":false,"description":"(Required) Required. Enter the client id.","key":"x-fapi-financial-id","value":"<string>"},{"disabled":false,"description":"Enter the transaction/correlation id","key":"x-fapi-interaction-id","value":"<string>"},{"disabled":false,"description":"(Required) Enter 'Bearer ' followed by the access token. Please refer to documentation on bearer token. ","key":"Authorization","value":"est non"},{"key":"Accept","value":"application/json"}],"method":"POST","body":{"mode":"raw","raw":"{\n  \"cardholder\": {\n    \"pan\": \"2222979764340017\",\n    \"memberNumber\": \"0\",\n    \"firstName\": \"SUMITRA\",\n    \"lastName\": \"VEER\",\n    \"middleInitial\": \"S\",\n    \"zip\": \"20120\"\n  },\n  \"client\": {\n    \"applicationName\": \"OpenSystems\",\n    \"auditId\": \"84014831\",\n    \"id\": \"84014831\",\n    \"vendorName\": \"Mobiliti\"\n  },\n  \"endDateTime\": \"2020-08-11T10:50:00Z\",\n  \"exemptionCodes\": {\n    \"stateCountryCodes\": [\n      \"AFG\",\n      \"AFG\"\n    ]\n  },\n  \"startDateTime\": \"2020-07-30T22:15:00Z\"\n}","options":{"raw":{"language":"json"}}}},"status":"Unsupported Media Type","code":415,"header":[{"disabled":false,"description":"transaction ID created with each request","key":"x-fapi-interaction-id","value":"est non"},{"key":"Content-Type","value":"application/json"}],"body":"{\n  \"errors\": [\n    {\n      \"code\": 415,\n      \"description\": \"unsupported Media Type\"\n    }\n  ]\n}","cookie":[],"_postman_previewlanguage":"json"},{"id":"92f9d0a3-058a-4739-8197-58b18881a0fb","name":"Too Many Requests","originalRequest":{"url":{"path":["v1","exemptions"],"host":["{{baseUrl}}"],"query":[],"variable":[]},"header":[{"description":{"content":"Added as a part of security scheme: apikey","type":"text/plain"},"key":"Authorization","value":"<API Key>"},{"disabled":false,"description":"(Required) Required. Enter the client id.","key":"x-fapi-financial-id","value":"<string>"},{"disabled":false,"description":"Enter the transaction/correlation id","key":"x-fapi-interaction-id","value":"<string>"},{"disabled":false,"description":"(Required) Enter 'Bearer ' followed by the access token. Please refer to documentation on bearer token. ","key":"Authorization","value":"est non"},{"key":"Accept","value":"application/json"}],"method":"POST","body":{"mode":"raw","raw":"{\n  \"cardholder\": {\n    \"pan\": \"2222979764340017\",\n    \"memberNumber\": \"0\",\n    \"firstName\": \"SUMITRA\",\n    \"lastName\": \"VEER\",\n    \"middleInitial\": \"S\",\n    \"zip\": \"20120\"\n  },\n  \"client\": {\n    \"applicationName\": \"OpenSystems\",\n    \"auditId\": \"84014831\",\n    \"id\": \"84014831\",\n    \"vendorName\": \"Mobiliti\"\n  },\n  \"endDateTime\": \"2020-08-11T10:50:00Z\",\n  \"exemptionCodes\": {\n    \"stateCountryCodes\": [\n      \"AFG\",\n      \"AFG\"\n    ]\n  },\n  \"startDateTime\": \"2020-07-30T22:15:00Z\"\n}","options":{"raw":{"language":"json"}}}},"status":"Too Many Requests","code":429,"header":[{"disabled":false,"description":"transaction ID created with each request","key":"x-fapi-interaction-id","value":"est non"},{"key":"Content-Type","value":"application/json"}],"body":"{\n  \"errors\": [\n    {\n      \"code\": 429,\n      \"description\": \"Rate limit quota violation. Quota limit  exceeded.\"\n    }\n  ]\n}","cookie":[],"_postman_previewlanguage":"json"},{"id":"e6762931-5eee-4a08-9a14-651fcde01525","name":"Server Error","originalRequest":{"url":{"path":["v1","exemptions"],"host":["{{baseUrl}}"],"query":[],"variable":[]},"header":[{"description":{"content":"Added as a part of security scheme: apikey","type":"text/plain"},"key":"Authorization","value":"<API Key>"},{"disabled":false,"description":"(Required) Required. Enter the client id.","key":"x-fapi-financial-id","value":"<string>"},{"disabled":false,"description":"Enter the transaction/correlation id","key":"x-fapi-interaction-id","value":"<string>"},{"disabled":false,"description":"(Required) Enter 'Bearer ' followed by the access token. Please refer to documentation on bearer token. ","key":"Authorization","value":"est non"},{"key":"Accept","value":"application/json"}],"method":"POST","body":{"mode":"raw","raw":"{\n  \"cardholder\": {\n    \"pan\": \"2222979764340017\",\n    \"memberNumber\": \"0\",\n    \"firstName\": \"SUMITRA\",\n    \"lastName\": \"VEER\",\n    \"middleInitial\": \"S\",\n    \"zip\": \"20120\"\n  },\n  \"client\": {\n    \"applicationName\": \"OpenSystems\",\n    \"auditId\": \"84014831\",\n    \"id\": \"84014831\",\n    \"vendorName\": \"Mobiliti\"\n  },\n  \"endDateTime\": \"2020-08-11T10:50:00Z\",\n  \"exemptionCodes\": {\n    \"stateCountryCodes\": [\n      \"AFG\",\n      \"AFG\"\n    ]\n  },\n  \"startDateTime\": \"2020-07-30T22:15:00Z\"\n}","options":{"raw":{"language":"json"}}}},"status":"Internal Server Error","code":500,"header":[{"disabled":false,"description":"transaction ID created with each request","key":"x-fapi-interaction-id","value":"est non"},{"key":"Content-Type","value":"application/json"}],"body":"{\n  \"errorResponse\": {\n    \"code\": \"500-01\",\n    \"message\": \"internal server error\",\n    \"developerInfo\": {\n      \"developerMessage\": \"internal server error\",\n      \"moreInfo\": \"There was a problem handling your request.  Please try again.  If the problem persists please contact Fiserv ETSD at 888-243-2543 (you unique messageID included below)\",\n      \"messageid\": \"25557-84290371-1\"\n    }\n  }\n}","cookie":[],"_postman_previewlanguage":"json"}],"event":[],"protocolProfileBehavior":{"disableBodyPruning":true}},{"id":"229ad766-ab7a-46b2-adf1-d835ad4cd802","name":"Update travel exemptions for the requested primary account number (PAN).","request":{"name":"Update travel exemptions for the requested primary account number (PAN).","description":{},"url":{"path":["v1","exemptions"],"host":["{{baseUrl}}"],"query":[],"variable":[]},"header":[{"disabled":false,"description":"(Required) Required. Enter the client id.","key":"x-fapi-financial-id","value":"<string>"},{"disabled":false,"description":"Enter the transaction/correlation id","key":"x-fapi-interaction-id","value":"<string>"},{"key":"Content-Type","value":"application/json"},{"key":"Accept","value":"application/json"}],"method":"PUT","auth":null,"body":{"mode":"raw","raw":"{\n  \"cardholder\": {\n    \"pan\": \"<string>\",\n    \"memberNumber\": \"<string>\",\n    \"firstName\": \"<string>\",\n    \"lastName\": \"<string>\",\n    \"middleInitial\": \"<string>\",\n    \"zip\": \"<string>\"\n  },\n  \"client\": {\n    \"applicationName\": \"<string>\",\n    \"auditId\": \"<string>\",\n    \"id\": \"<string>\",\n    \"vendorName\": \"<string>\"\n  },\n  \"endDateTime\": \"<yyyy-mm-ddThh:mm:ss[.mmm]±[hh]:[mm] or yyyy-mm-ddThh:mm:ss[.mmm]Z>\",\n  \"exemptionNumber\": \"<number>\",\n  \"startDateTime\": \"<yyyy-mm-ddThh:mm:ss[.mmm]±[hh]:[mm] or yyyy-mm-ddThh:mm:ss[.mmm]Z>\",\n  \"exemptionCodes\": {\n    \"stateCountryCodes\": [\n      \"<string>\",\n      \"<string>\"\n    ]\n  }\n}","options":{"raw":{"language":"json"}}}},"response":[{"id":"2d4b3bd4-e75d-45d2-8036-2052b13760a6","name":"Success","originalRequest":{"url":{"path":["v1","exemptions"],"host":["{{baseUrl}}"],"query":[],"variable":[]},"header":[{"description":{"content":"Added as a part of security scheme: apikey","type":"text/plain"},"key":"Authorization","value":"<API Key>"},{"disabled":false,"description":"(Required) Required. Enter the client id.","key":"x-fapi-financial-id","value":"<string>"},{"disabled":false,"description":"Enter the transaction/correlation id","key":"x-fapi-interaction-id","value":"<string>"},{"disabled":false,"description":"(Required) Enter 'Bearer ' followed by the access token. Please refer to documentation on bearer token. ","key":"Authorization","value":"est non"},{"key":"Accept","value":"application/json"}],"method":"PUT","body":{"mode":"raw","raw":"{\n  \"cardholder\": {\n    \"pan\": \"2222979764340017\",\n    \"memberNumber\": \"0\",\n    \"firstName\": \"SUMITRA\",\n    \"lastName\": \"VEER\",\n    \"middleInitial\": \"S\",\n    \"zip\": \"20120\"\n  },\n  \"client\": {\n    \"applicationName\": \"OpenSystems\",\n    \"auditId\": \"84014831\",\n    \"id\": \"84014831\",\n    \"vendorName\": \"Mobiliti\"\n  },\n  \"endDateTime\": \"2020-08-11T10:50:00Z\",\n  \"exemptionNumber\": \"<number>\",\n  \"startDateTime\": \"2020-07-30T22:15:00Z\",\n  \"exemptionCodes\": {\n    \"stateCountryCodes\": [\n      \"AFG\",\n      \"AFG\"\n    ]\n  }\n}","options":{"raw":{"language":"json"}}}},"status":"OK","code":200,"header":[{"disabled":false,"description":"Represents a transaction ID created with each request","key":"x-fapi-interaction-id","value":"est non"},{"key":"Content-Type","value":"application/json"}],"body":"{\n  \"travelExemptions\": [\n    {\n      \"endDateTime\": \"2020-07-31T03:59:00Z\",\n      \"exemptionNumber\": 71247715.34353793,\n      \"lastUpdatedDateTime\": \"2019-06-07T07:00:00Z\",\n      \"startDateTime\": \"2019-07-20T07:00:00Z\",\n      \"exemptionCodes\": {\n        \"stateCountryCodes\": [\n          \"AFG\",\n          \"AFG\"\n        ]\n      }\n    },\n    {\n      \"endDateTime\": \"2020-07-31T03:59:00Z\",\n      \"exemptionNumber\": -36398422.752172664,\n      \"lastUpdatedDateTime\": \"2019-06-07T07:00:00Z\",\n      \"startDateTime\": \"2019-07-20T07:00:00Z\",\n      \"exemptionCodes\": {\n        \"stateCountryCodes\": [\n          \"AFG\",\n          \"AFG\"\n        ]\n      }\n    }\n  ],\n  \"exclusions\": [\n    {\n      \"code\": \"AGO\",\n      \"type\": \"C\"\n    },\n    {\n      \"code\": \"AGO\",\n      \"type\": \"C\"\n    }\n  ]\n}","cookie":[],"_postman_previewlanguage":"json"},{"id":"02093d77-1d42-43d7-aa8f-e673207f623c","name":"Bad Request","originalRequest":{"url":{"path":["v1","exemptions"],"host":["{{baseUrl}}"],"query":[],"variable":[]},"header":[{"description":{"content":"Added as a part of security scheme: apikey","type":"text/plain"},"key":"Authorization","value":"<API Key>"},{"disabled":false,"description":"(Required) Required. Enter the client id.","key":"x-fapi-financial-id","value":"<string>"},{"disabled":false,"description":"Enter the transaction/correlation id","key":"x-fapi-interaction-id","value":"<string>"},{"disabled":false,"description":"(Required) Enter 'Bearer ' followed by the access token. Please refer to documentation on bearer token. ","key":"Authorization","value":"est non"},{"key":"Accept","value":"application/json"}],"method":"PUT","body":{"mode":"raw","raw":"{\n  \"cardholder\": {\n    \"pan\": \"2222979764340017\",\n    \"memberNumber\": \"0\",\n    \"firstName\": \"SUMITRA\",\n    \"lastName\": \"VEER\",\n    \"middleInitial\": \"S\",\n    \"zip\": \"20120\"\n  },\n  \"client\": {\n    \"applicationName\": \"OpenSystems\",\n    \"auditId\": \"84014831\",\n    \"id\": \"84014831\",\n    \"vendorName\": \"Mobiliti\"\n  },\n  \"endDateTime\": \"2020-08-11T10:50:00Z\",\n  \"exemptionNumber\": \"<number>\",\n  \"startDateTime\": \"2020-07-30T22:15:00Z\",\n  \"exemptionCodes\": {\n    \"stateCountryCodes\": [\n      \"AFG\",\n      \"AFG\"\n    ]\n  }\n}","options":{"raw":{"language":"json"}}}},"status":"Bad Request","code":400,"header":[{"disabled":false,"description":"Represents a transaction ID created with each request","key":"x-fapi-interaction-id","value":"est non"},{"key":"Content-Type","value":"application/json"}],"body":"{\n  \"errors\": [\n    {\n      \"code\": \"WS100\",\n      \"description\": \"Information entered is invalid-please revise and try again.\"\n    }\n  ]\n}","cookie":[],"_postman_previewlanguage":"json"},{"id":"761d0d2a-8ded-4d80-b9ee-d5ef785a647d","name":"Unauthorized access","originalRequest":{"url":{"path":["v1","exemptions"],"host":["{{baseUrl}}"],"query":[],"variable":[]},"header":[{"description":{"content":"Added as a part of security scheme: apikey","type":"text/plain"},"key":"Authorization","value":"<API Key>"},{"disabled":false,"description":"(Required) Required. Enter the client id.","key":"x-fapi-financial-id","value":"<string>"},{"disabled":false,"description":"Enter the transaction/correlation id","key":"x-fapi-interaction-id","value":"<string>"},{"disabled":false,"description":"(Required) Enter 'Bearer ' followed by the access token. Please refer to documentation on bearer token. ","key":"Authorization","value":"est non"},{"key":"Accept","value":"application/json"}],"method":"PUT","body":{"mode":"raw","raw":"{\n  \"cardholder\": {\n    \"pan\": \"2222979764340017\",\n    \"memberNumber\": \"0\",\n    \"firstName\": \"SUMITRA\",\n    \"lastName\": \"VEER\",\n    \"middleInitial\": \"S\",\n    \"zip\": \"20120\"\n  },\n  \"client\": {\n    \"applicationName\": \"OpenSystems\",\n    \"auditId\": \"84014831\",\n    \"id\": \"84014831\",\n    \"vendorName\": \"Mobiliti\"\n  },\n  \"endDateTime\": \"2020-08-11T10:50:00Z\",\n  \"exemptionNumber\": \"<number>\",\n  \"startDateTime\": \"2020-07-30T22:15:00Z\",\n  \"exemptionCodes\": {\n    \"stateCountryCodes\": [\n      \"AFG\",\n      \"AFG\"\n    ]\n  }\n}","options":{"raw":{"language":"json"}}}},"status":"Unauthorized","code":401,"header":[{"key":"Content-Type","value":"application/json"}],"body":"{\n  \"errors\": [\n    {\n      \"code\": 401,\n      \"description\": \"Invalid access token\"\n    }\n  ]\n}","cookie":[],"_postman_previewlanguage":"json"},{"id":"6636dfb4-a485-4516-9243-41a7a76b0848","name":"Resource Not Found","originalRequest":{"url":{"path":["v1","exemptions"],"host":["{{baseUrl}}"],"query":[],"variable":[]},"header":[{"description":{"content":"Added as a part of security scheme: apikey","type":"text/plain"},"key":"Authorization","value":"<API Key>"},{"disabled":false,"description":"(Required) Required. Enter the client id.","key":"x-fapi-financial-id","value":"<string>"},{"disabled":false,"description":"Enter the transaction/correlation id","key":"x-fapi-interaction-id","value":"<string>"},{"disabled":false,"description":"(Required) Enter 'Bearer ' followed by the access token. Please refer to documentation on bearer token. ","key":"Authorization","value":"est non"}],"method":"PUT","body":{"mode":"raw","raw":"{\n  \"cardholder\": {\n    \"pan\": \"2222979764340017\",\n    \"memberNumber\": \"0\",\n    \"firstName\": \"SUMITRA\",\n    \"lastName\": \"VEER\",\n    \"middleInitial\": \"S\",\n    \"zip\": \"20120\"\n  },\n  \"client\": {\n    \"applicationName\": \"OpenSystems\",\n    \"auditId\": \"84014831\",\n    \"id\": \"84014831\",\n    \"vendorName\": \"Mobiliti\"\n  },\n  \"endDateTime\": \"2020-08-11T10:50:00Z\",\n  \"exemptionNumber\": \"<number>\",\n  \"startDateTime\": \"2020-07-30T22:15:00Z\",\n  \"exemptionCodes\": {\n    \"stateCountryCodes\": [\n      \"AFG\",\n      \"AFG\"\n    ]\n  }\n}","options":{"raw":{"language":"json"}}}},"status":"Not Found","code":404,"header":[{"key":"Content-Type","value":"text/plain"}],"body":"","cookie":[],"_postman_previewlanguage":"text"},{"id":"aa16958d-5b8e-4f52-a293-9bcde5ed9263","name":"Unsupported Media Type","originalRequest":{"url":{"path":["v1","exemptions"],"host":["{{baseUrl}}"],"query":[],"variable":[]},"header":[{"description":{"content":"Added as a part of security scheme: apikey","type":"text/plain"},"key":"Authorization","value":"<API Key>"},{"disabled":false,"description":"(Required) Required. Enter the client id.","key":"x-fapi-financial-id","value":"<string>"},{"disabled":false,"description":"Enter the transaction/correlation id","key":"x-fapi-interaction-id","value":"<string>"},{"disabled":false,"description":"(Required) Enter 'Bearer ' followed by the access token. Please refer to documentation on bearer token. ","key":"Authorization","value":"est non"},{"key":"Accept","value":"application/json"}],"method":"PUT","body":{"mode":"raw","raw":"{\n  \"cardholder\": {\n    \"pan\": \"2222979764340017\",\n    \"memberNumber\": \"0\",\n    \"firstName\": \"SUMITRA\",\n    \"lastName\": \"VEER\",\n    \"middleInitial\": \"S\",\n    \"zip\": \"20120\"\n  },\n  \"client\": {\n    \"applicationName\": \"OpenSystems\",\n    \"auditId\": \"84014831\",\n    \"id\": \"84014831\",\n    \"vendorName\": \"Mobiliti\"\n  },\n  \"endDateTime\": \"2020-08-11T10:50:00Z\",\n  \"exemptionNumber\": \"<number>\",\n  \"startDateTime\": \"2020-07-30T22:15:00Z\",\n  \"exemptionCodes\": {\n    \"stateCountryCodes\": [\n      \"AFG\",\n      \"AFG\"\n    ]\n  }\n}","options":{"raw":{"language":"json"}}}},"status":"Unsupported Media Type","code":415,"header":[{"disabled":false,"description":"transaction ID created with each request","key":"x-fapi-interaction-id","value":"est non"},{"key":"Content-Type","value":"application/json"}],"body":"{\n  \"errors\": [\n    {\n      \"code\": 415,\n      \"description\": \"unsupported Media Type\"\n    }\n  ]\n}","cookie":[],"_postman_previewlanguage":"json"},{"id":"352a01d6-7e1a-4e63-8f7d-1ec60c3f4adb","name":"Too Many Requests","originalRequest":{"url":{"path":["v1","exemptions"],"host":["{{baseUrl}}"],"query":[],"variable":[]},"header":[{"description":{"content":"Added as a part of security scheme: apikey","type":"text/plain"},"key":"Authorization","value":"<API Key>"},{"disabled":false,"description":"(Required) Required. Enter the client id.","key":"x-fapi-financial-id","value":"<string>"},{"disabled":false,"description":"Enter the transaction/correlation id","key":"x-fapi-interaction-id","value":"<string>"},{"disabled":false,"description":"(Required) Enter 'Bearer ' followed by the access token. Please refer to documentation on bearer token. ","key":"Authorization","value":"est non"},{"key":"Accept","value":"application/json"}],"method":"PUT","body":{"mode":"raw","raw":"{\n  \"cardholder\": {\n    \"pan\": \"2222979764340017\",\n    \"memberNumber\": \"0\",\n    \"firstName\": \"SUMITRA\",\n    \"lastName\": \"VEER\",\n    \"middleInitial\": \"S\",\n    \"zip\": \"20120\"\n  },\n  \"client\": {\n    \"applicationName\": \"OpenSystems\",\n    \"auditId\": \"84014831\",\n    \"id\": \"84014831\",\n    \"vendorName\": \"Mobiliti\"\n  },\n  \"endDateTime\": \"2020-08-11T10:50:00Z\",\n  \"exemptionNumber\": \"<number>\",\n  \"startDateTime\": \"2020-07-30T22:15:00Z\",\n  \"exemptionCodes\": {\n    \"stateCountryCodes\": [\n      \"AFG\",\n      \"AFG\"\n    ]\n  }\n}","options":{"raw":{"language":"json"}}}},"status":"Too Many Requests","code":429,"header":[{"disabled":false,"description":"transaction ID created with each request","key":"x-fapi-interaction-id","value":"est non"},{"key":"Content-Type","value":"application/json"}],"body":"{\n  \"errors\": [\n    {\n      \"code\": 429,\n      \"description\": \"Rate limit quota violation. Quota limit  exceeded.\"\n    }\n  ]\n}","cookie":[],"_postman_previewlanguage":"json"},{"id":"72f2432f-a426-44d7-99cc-24c22ed838b0","name":"Server Error","originalRequest":{"url":{"path":["v1","exemptions"],"host":["{{baseUrl}}"],"query":[],"variable":[]},"header":[{"description":{"content":"Added as a part of security scheme: apikey","type":"text/plain"},"key":"Authorization","value":"<API Key>"},{"disabled":false,"description":"(Required) Required. Enter the client id.","key":"x-fapi-financial-id","value":"<string>"},{"disabled":false,"description":"Enter the transaction/correlation id","key":"x-fapi-interaction-id","value":"<string>"},{"disabled":false,"description":"(Required) Enter 'Bearer ' followed by the access token. Please refer to documentation on bearer token. ","key":"Authorization","value":"est non"},{"key":"Accept","value":"application/json"}],"method":"PUT","body":{"mode":"raw","raw":"{\n  \"cardholder\": {\n    \"pan\": \"2222979764340017\",\n    \"memberNumber\": \"0\",\n    \"firstName\": \"SUMITRA\",\n    \"lastName\": \"VEER\",\n    \"middleInitial\": \"S\",\n    \"zip\": \"20120\"\n  },\n  \"client\": {\n    \"applicationName\": \"OpenSystems\",\n    \"auditId\": \"84014831\",\n    \"id\": \"84014831\",\n    \"vendorName\": \"Mobiliti\"\n  },\n  \"endDateTime\": \"2020-08-11T10:50:00Z\",\n  \"exemptionNumber\": \"<number>\",\n  \"startDateTime\": \"2020-07-30T22:15:00Z\",\n  \"exemptionCodes\": {\n    \"stateCountryCodes\": [\n      \"AFG\",\n      \"AFG\"\n    ]\n  }\n}","options":{"raw":{"language":"json"}}}},"status":"Internal Server Error","code":500,"header":[{"disabled":false,"description":"transaction ID created with each request","key":"x-fapi-interaction-id","value":"est non"},{"key":"Content-Type","value":"application/json"}],"body":"{\n  \"errorResponse\": {\n    \"code\": \"500-01\",\n    \"message\": \"internal server error\",\n    \"developerInfo\": {\n      \"developerMessage\": \"internal server error\",\n      \"moreInfo\": \"There was a problem handling your request.  Please try again.  If the problem persists please contact Fiserv ETSD at 888-243-2543 (you unique messageID included below)\",\n      \"messageid\": \"25557-84290371-1\"\n    }\n  }\n}","cookie":[],"_postman_previewlanguage":"json"}],"event":[],"protocolProfileBehavior":{"disableBodyPruning":true}},{"id":"6a69fce0-7aaa-4de2-9a3b-119b388d0c99","name":"Obtain information on all existing travel exemptions for the requested card number.","request":{"name":"Obtain information on all existing travel exemptions for the requested card number.","description":{},"url":{"path":["v1","exemptions","search"],"host":["{{baseUrl}}"],"query":[],"variable":[]},"header":[{"disabled":false,"description":"(Required) Required. Enter the client id.","key":"x-fapi-financial-id","value":"<string>"},{"disabled":false,"description":"Enter the transaction/correlation id","key":"x-fapi-interaction-id","value":"<string>"},{"key":"Content-Type","value":"application/json"},{"key":"Accept","value":"application/json"}],"method":"POST","auth":null,"body":{"mode":"raw","raw":"{\n  \"cardholder\": {\n    \"pan\": \"<string>\",\n    \"memberNumber\": \"<string>\",\n    \"firstName\": \"<string>\",\n    \"lastName\": \"<string>\",\n    \"middleInitial\": \"<string>\",\n    \"zip\": \"<string>\"\n  },\n  \"client\": {\n    \"applicationName\": \"<string>\",\n    \"auditId\": \"<string>\",\n    \"id\": \"<string>\",\n    \"vendorName\": \"<string>\"\n  }\n}","options":{"raw":{"language":"json"}}}},"response":[{"id":"2c22271c-33f2-4be4-b863-458fb3997408","name":"Success","originalRequest":{"url":{"path":["v1","exemptions","search"],"host":["{{baseUrl}}"],"query":[],"variable":[]},"header":[{"description":{"content":"Added as a part of security scheme: apikey","type":"text/plain"},"key":"Authorization","value":"<API Key>"},{"disabled":false,"description":"(Required) Required. Enter the client id.","key":"x-fapi-financial-id","value":"<string>"},{"disabled":false,"description":"Enter the transaction/correlation id","key":"x-fapi-interaction-id","value":"<string>"},{"disabled":false,"description":"(Required) Enter 'Bearer ' followed by the access token. Please refer to documentation on bearer token. ","key":"Authorization","value":"est non"},{"key":"Accept","value":"application/json"}],"method":"POST","body":{"mode":"raw","raw":"{\n  \"cardholder\": {\n    \"pan\": \"2222979764340017\",\n    \"memberNumber\": \"0\",\n    \"firstName\": \"SUMITRA\",\n    \"lastName\": \"VEER\",\n    \"middleInitial\": \"S\",\n    \"zip\": \"20120\"\n  },\n  \"client\": {\n    \"applicationName\": \"OpenSystems\",\n    \"auditId\": \"84014831\",\n    \"id\": \"84014831\",\n    \"vendorName\": \"Mobiliti\"\n  }\n}","options":{"raw":{"language":"json"}}}},"status":"OK","code":200,"header":[{"disabled":false,"description":"Represents a transaction ID created with each request","key":"x-fapi-interaction-id","value":"est non"},{"key":"Content-Type","value":"application/json"}],"body":"{\n  \"travelExemptions\": [\n    {\n      \"endDateTime\": \"2020-07-31T03:59:00Z\",\n      \"exemptionNumber\": 71247715.34353793,\n      \"lastUpdatedDateTime\": \"2019-06-07T07:00:00Z\",\n      \"startDateTime\": \"2019-07-20T07:00:00Z\",\n      \"exemptionCodes\": {\n        \"stateCountryCodes\": [\n          \"AFG\",\n          \"AFG\"\n        ]\n      }\n    },\n    {\n      \"endDateTime\": \"2020-07-31T03:59:00Z\",\n      \"exemptionNumber\": -36398422.752172664,\n      \"lastUpdatedDateTime\": \"2019-06-07T07:00:00Z\",\n      \"startDateTime\": \"2019-07-20T07:00:00Z\",\n      \"exemptionCodes\": {\n        \"stateCountryCodes\": [\n          \"AFG\",\n          \"AFG\"\n        ]\n      }\n    }\n  ],\n  \"exclusions\": [\n    {\n      \"code\": \"AGO\",\n      \"type\": \"C\"\n    },\n    {\n      \"code\": \"AGO\",\n      \"type\": \"C\"\n    }\n  ]\n}","cookie":[],"_postman_previewlanguage":"json"},{"id":"c11fd47c-90c4-4818-bc6f-80b81af5173f","name":"Bad Request","originalRequest":{"url":{"path":["v1","exemptions","search"],"host":["{{baseUrl}}"],"query":[],"variable":[]},"header":[{"description":{"content":"Added as a part of security scheme: apikey","type":"text/plain"},"key":"Authorization","value":"<API Key>"},{"disabled":false,"description":"(Required) Required. Enter the client id.","key":"x-fapi-financial-id","value":"<string>"},{"disabled":false,"description":"Enter the transaction/correlation id","key":"x-fapi-interaction-id","value":"<string>"},{"disabled":false,"description":"(Required) Enter 'Bearer ' followed by the access token. Please refer to documentation on bearer token. ","key":"Authorization","value":"est non"},{"key":"Accept","value":"application/json"}],"method":"POST","body":{"mode":"raw","raw":"{\n  \"cardholder\": {\n    \"pan\": \"2222979764340017\",\n    \"memberNumber\": \"0\",\n    \"firstName\": \"SUMITRA\",\n    \"lastName\": \"VEER\",\n    \"middleInitial\": \"S\",\n    \"zip\": \"20120\"\n  },\n  \"client\": {\n    \"applicationName\": \"OpenSystems\",\n    \"auditId\": \"84014831\",\n    \"id\": \"84014831\",\n    \"vendorName\": \"Mobiliti\"\n  }\n}","options":{"raw":{"language":"json"}}}},"status":"Bad Request","code":400,"header":[{"disabled":false,"description":"Represents a transaction ID created with each request","key":"x-fapi-interaction-id","value":"est non"},{"key":"Content-Type","value":"application/json"}],"body":"{\n  \"errors\": [\n    {\n      \"code\": \"WS100\",\n      \"description\": \"Information entered is invalid-please revise and try again.\"\n    }\n  ]\n}","cookie":[],"_postman_previewlanguage":"json"},{"id":"364d35b2-11ee-4dd2-8c56-0a798bf1d7b2","name":"Unauthorized access","originalRequest":{"url":{"path":["v1","exemptions","search"],"host":["{{baseUrl}}"],"query":[],"variable":[]},"header":[{"description":{"content":"Added as a part of security scheme: apikey","type":"text/plain"},"key":"Authorization","value":"<API Key>"},{"disabled":false,"description":"(Required) Required. Enter the client id.","key":"x-fapi-financial-id","value":"<string>"},{"disabled":false,"description":"Enter the transaction/correlation id","key":"x-fapi-interaction-id","value":"<string>"},{"disabled":false,"description":"(Required) Enter 'Bearer ' followed by the access token. Please refer to documentation on bearer token. ","key":"Authorization","value":"est non"},{"key":"Accept","value":"application/json"}],"method":"POST","body":{"mode":"raw","raw":"{\n  \"cardholder\": {\n    \"pan\": \"2222979764340017\",\n    \"memberNumber\": \"0\",\n    \"firstName\": \"SUMITRA\",\n    \"lastName\": \"VEER\",\n    \"middleInitial\": \"S\",\n    \"zip\": \"20120\"\n  },\n  \"client\": {\n    \"applicationName\": \"OpenSystems\",\n    \"auditId\": \"84014831\",\n    \"id\": \"84014831\",\n    \"vendorName\": \"Mobiliti\"\n  }\n}","options":{"raw":{"language":"json"}}}},"status":"Unauthorized","code":401,"header":[{"key":"Content-Type","value":"application/json"}],"body":"{\n  \"errors\": [\n    {\n      \"code\": 401,\n      \"description\": \"Invalid access token\"\n    }\n  ]\n}","cookie":[],"_postman_previewlanguage":"json"},{"id":"c5c8a14f-46f8-4d5d-a120-dea10bd03b5f","name":"Resource Not Found","originalRequest":{"url":{"path":["v1","exemptions","search"],"host":["{{baseUrl}}"],"query":[],"variable":[]},"header":[{"description":{"content":"Added as a part of security scheme: apikey","type":"text/plain"},"key":"Authorization","value":"<API Key>"},{"disabled":false,"description":"(Required) Required. Enter the client id.","key":"x-fapi-financial-id","value":"<string>"},{"disabled":false,"description":"Enter the transaction/correlation id","key":"x-fapi-interaction-id","value":"<string>"},{"disabled":false,"description":"(Required) Enter 'Bearer ' followed by the access token. Please refer to documentation on bearer token. ","key":"Authorization","value":"est non"}],"method":"POST","body":{"mode":"raw","raw":"{\n  \"cardholder\": {\n    \"pan\": \"2222979764340017\",\n    \"memberNumber\": \"0\",\n    \"firstName\": \"SUMITRA\",\n    \"lastName\": \"VEER\",\n    \"middleInitial\": \"S\",\n    \"zip\": \"20120\"\n  },\n  \"client\": {\n    \"applicationName\": \"OpenSystems\",\n    \"auditId\": \"84014831\",\n    \"id\": \"84014831\",\n    \"vendorName\": \"Mobiliti\"\n  }\n}","options":{"raw":{"language":"json"}}}},"status":"Not Found","code":404,"header":[{"key":"Content-Type","value":"text/plain"}],"body":"","cookie":[],"_postman_previewlanguage":"text"},{"id":"d71a01b3-7e14-445d-99f3-79fd2e930c40","name":"Unsupported Media Type","originalRequest":{"url":{"path":["v1","exemptions","search"],"host":["{{baseUrl}}"],"query":[],"variable":[]},"header":[{"description":{"content":"Added as a part of security scheme: apikey","type":"text/plain"},"key":"Authorization","value":"<API Key>"},{"disabled":false,"description":"(Required) Required. Enter the client id.","key":"x-fapi-financial-id","value":"<string>"},{"disabled":false,"description":"Enter the transaction/correlation id","key":"x-fapi-interaction-id","value":"<string>"},{"disabled":false,"description":"(Required) Enter 'Bearer ' followed by the access token. Please refer to documentation on bearer token. ","key":"Authorization","value":"est non"},{"key":"Accept","value":"application/json"}],"method":"POST","body":{"mode":"raw","raw":"{\n  \"cardholder\": {\n    \"pan\": \"2222979764340017\",\n    \"memberNumber\": \"0\",\n    \"firstName\": \"SUMITRA\",\n    \"lastName\": \"VEER\",\n    \"middleInitial\": \"S\",\n    \"zip\": \"20120\"\n  },\n  \"client\": {\n    \"applicationName\": \"OpenSystems\",\n    \"auditId\": \"84014831\",\n    \"id\": \"84014831\",\n    \"vendorName\": \"Mobiliti\"\n  }\n}","options":{"raw":{"language":"json"}}}},"status":"Unsupported Media Type","code":415,"header":[{"disabled":false,"description":"transaction ID created with each request","key":"x-fapi-interaction-id","value":"est non"},{"key":"Content-Type","value":"application/json"}],"body":"{\n  \"errors\": [\n    {\n      \"code\": 415,\n      \"description\": \"unsupported Media Type\"\n    }\n  ]\n}","cookie":[],"_postman_previewlanguage":"json"},{"id":"a45c39d4-1621-49c7-88a4-c1c23e0520cb","name":"Too Many Requests","originalRequest":{"url":{"path":["v1","exemptions","search"],"host":["{{baseUrl}}"],"query":[],"variable":[]},"header":[{"description":{"content":"Added as a part of security scheme: apikey","type":"text/plain"},"key":"Authorization","value":"<API Key>"},{"disabled":false,"description":"(Required) Required. Enter the client id.","key":"x-fapi-financial-id","value":"<string>"},{"disabled":false,"description":"Enter the transaction/correlation id","key":"x-fapi-interaction-id","value":"<string>"},{"disabled":false,"description":"(Required) Enter 'Bearer ' followed by the access token. Please refer to documentation on bearer token. ","key":"Authorization","value":"est non"},{"key":"Accept","value":"application/json"}],"method":"POST","body":{"mode":"raw","raw":"{\n  \"cardholder\": {\n    \"pan\": \"2222979764340017\",\n    \"memberNumber\": \"0\",\n    \"firstName\": \"SUMITRA\",\n    \"lastName\": \"VEER\",\n    \"middleInitial\": \"S\",\n    \"zip\": \"20120\"\n  },\n  \"client\": {\n    \"applicationName\": \"OpenSystems\",\n    \"auditId\": \"84014831\",\n    \"id\": \"84014831\",\n    \"vendorName\": \"Mobiliti\"\n  }\n}","options":{"raw":{"language":"json"}}}},"status":"Too Many Requests","code":429,"header":[{"disabled":false,"description":"transaction ID created with each request","key":"x-fapi-interaction-id","value":"est non"},{"key":"Content-Type","value":"application/json"}],"body":"{\n  \"errors\": [\n    {\n      \"code\": 429,\n      \"description\": \"Rate limit quota violation. Quota limit  exceeded.\"\n    }\n  ]\n}","cookie":[],"_postman_previewlanguage":"json"},{"id":"35f3ab7a-455c-4264-a5df-bb1c9a2244a7","name":"Server Error","originalRequest":{"url":{"path":["v1","exemptions","search"],"host":["{{baseUrl}}"],"query":[],"variable":[]},"header":[{"description":{"content":"Added as a part of security scheme: apikey","type":"text/plain"},"key":"Authorization","value":"<API Key>"},{"disabled":false,"description":"(Required) Required. Enter the client id.","key":"x-fapi-financial-id","value":"<string>"},{"disabled":false,"description":"Enter the transaction/correlation id","key":"x-fapi-interaction-id","value":"<string>"},{"disabled":false,"description":"(Required) Enter 'Bearer ' followed by the access token. Please refer to documentation on bearer token. ","key":"Authorization","value":"est non"},{"key":"Accept","value":"application/json"}],"method":"POST","body":{"mode":"raw","raw":"{\n  \"cardholder\": {\n    \"pan\": \"2222979764340017\",\n    \"memberNumber\": \"0\",\n    \"firstName\": \"SUMITRA\",\n    \"lastName\": \"VEER\",\n    \"middleInitial\": \"S\",\n    \"zip\": \"20120\"\n  },\n  \"client\": {\n    \"applicationName\": \"OpenSystems\",\n    \"auditId\": \"84014831\",\n    \"id\": \"84014831\",\n    \"vendorName\": \"Mobiliti\"\n  }\n}","options":{"raw":{"language":"json"}}}},"status":"Internal Server Error","code":500,"header":[{"disabled":false,"description":"transaction ID created with each request","key":"x-fapi-interaction-id","value":"est non"},{"key":"Content-Type","value":"application/json"}],"body":"{\n  \"errorResponse\": {\n    \"code\": \"500-01\",\n    \"message\": \"internal server error\",\n    \"developerInfo\": {\n      \"developerMessage\": \"internal server error\",\n      \"moreInfo\": \"There was a problem handling your request.  Please try again.  If the problem persists please contact Fiserv ETSD at 888-243-2543 (you unique messageID included below)\",\n      \"messageid\": \"25557-84290371-1\"\n    }\n  }\n}","cookie":[],"_postman_previewlanguage":"json"}],"event":[],"protocolProfileBehavior":{"disableBodyPruning":true}},{"id":"68bb992c-df15-43b0-8a86-c5f194bbd0fd","name":"Expire the travel exemptions for the requested card number.","request":{"name":"Expire the travel exemptions for the requested card number.","description":{},"url":{"path":["v1","exemptions","expire"],"host":["{{baseUrl}}"],"query":[],"variable":[]},"header":[{"disabled":false,"description":"(Required) Required. Enter the client id.","key":"x-fapi-financial-id","value":"<string>"},{"disabled":false,"description":"Enter the transaction/correlation id","key":"x-fapi-interaction-id","value":"<string>"},{"key":"Content-Type","value":"application/json"},{"key":"Accept","value":"application/json"}],"method":"PUT","auth":null,"body":{"mode":"raw","raw":"{\n  \"cardholder\": {\n    \"pan\": \"<string>\",\n    \"memberNumber\": \"<string>\",\n    \"firstName\": \"<string>\",\n    \"lastName\": \"<string>\",\n    \"middleInitial\": \"<string>\",\n    \"zip\": \"<string>\"\n  },\n  \"client\": {\n    \"applicationName\": \"<string>\",\n    \"auditId\": \"<string>\",\n    \"id\": \"<string>\",\n    \"vendorName\": \"<string>\"\n  },\n  \"exemptionNumber\": \"<number>\"\n}","options":{"raw":{"language":"json"}}}},"response":[{"id":"d6037449-8d4a-43c7-b5d2-5db3149544ac","name":"Success","originalRequest":{"url":{"path":["v1","exemptions","expire"],"host":["{{baseUrl}}"],"query":[],"variable":[]},"header":[{"description":{"content":"Added as a part of security scheme: apikey","type":"text/plain"},"key":"Authorization","value":"<API Key>"},{"disabled":false,"description":"(Required) Required. Enter the client id.","key":"x-fapi-financial-id","value":"<string>"},{"disabled":false,"description":"Enter the transaction/correlation id","key":"x-fapi-interaction-id","value":"<string>"},{"disabled":false,"description":"(Required) Enter 'Bearer ' followed by the access token. Please refer to documentation on bearer token. ","key":"Authorization","value":"est non"},{"key":"Accept","value":"application/json"}],"method":"PUT","body":{"mode":"raw","raw":"{\n  \"cardholder\": {\n    \"pan\": \"2222979764340017\",\n    \"memberNumber\": \"0\",\n    \"firstName\": \"SUMITRA\",\n    \"lastName\": \"VEER\",\n    \"middleInitial\": \"S\",\n    \"zip\": \"20120\"\n  },\n  \"client\": {\n    \"applicationName\": \"OpenSystems\",\n    \"auditId\": \"84014831\",\n    \"id\": \"84014831\",\n    \"vendorName\": \"Mobiliti\"\n  },\n  \"exemptionNumber\": \"<number>\"\n}","options":{"raw":{"language":"json"}}}},"status":"OK","code":200,"header":[{"disabled":false,"description":"Represents a transaction ID created with each request","key":"x-fapi-interaction-id","value":"est non"},{"key":"Content-Type","value":"application/json"}],"body":"{\n  \"travelExemptions\": [\n    {\n      \"endDateTime\": \"2020-07-31T03:59:00Z\",\n      \"exemptionNumber\": 71247715.34353793,\n      \"lastUpdatedDateTime\": \"2019-06-07T07:00:00Z\",\n      \"startDateTime\": \"2019-07-20T07:00:00Z\",\n      \"exemptionCodes\": {\n        \"stateCountryCodes\": [\n          \"AFG\",\n          \"AFG\"\n        ]\n      }\n    },\n    {\n      \"endDateTime\": \"2020-07-31T03:59:00Z\",\n      \"exemptionNumber\": -36398422.752172664,\n      \"lastUpdatedDateTime\": \"2019-06-07T07:00:00Z\",\n      \"startDateTime\": \"2019-07-20T07:00:00Z\",\n      \"exemptionCodes\": {\n        \"stateCountryCodes\": [\n          \"AFG\",\n          \"AFG\"\n        ]\n      }\n    }\n  ],\n  \"exclusions\": [\n    {\n      \"code\": \"AGO\",\n      \"type\": \"C\"\n    },\n    {\n      \"code\": \"AGO\",\n      \"type\": \"C\"\n    }\n  ]\n}","cookie":[],"_postman_previewlanguage":"json"},{"id":"b2240588-5a83-42ce-bbe0-3a44b9081165","name":"Bad Request","originalRequest":{"url":{"path":["v1","exemptions","expire"],"host":["{{baseUrl}}"],"query":[],"variable":[]},"header":[{"description":{"content":"Added as a part of security scheme: apikey","type":"text/plain"},"key":"Authorization","value":"<API Key>"},{"disabled":false,"description":"(Required) Required. Enter the client id.","key":"x-fapi-financial-id","value":"<string>"},{"disabled":false,"description":"Enter the transaction/correlation id","key":"x-fapi-interaction-id","value":"<string>"},{"disabled":false,"description":"(Required) Enter 'Bearer ' followed by the access token. Please refer to documentation on bearer token. ","key":"Authorization","value":"est non"},{"key":"Accept","value":"application/json"}],"method":"PUT","body":{"mode":"raw","raw":"{\n  \"cardholder\": {\n    \"pan\": \"2222979764340017\",\n    \"memberNumber\": \"0\",\n    \"firstName\": \"SUMITRA\",\n    \"lastName\": \"VEER\",\n    \"middleInitial\": \"S\",\n    \"zip\": \"20120\"\n  },\n  \"client\": {\n    \"applicationName\": \"OpenSystems\",\n    \"auditId\": \"84014831\",\n    \"id\": \"84014831\",\n    \"vendorName\": \"Mobiliti\"\n  },\n  \"exemptionNumber\": \"<number>\"\n}","options":{"raw":{"language":"json"}}}},"status":"Bad Request","code":400,"header":[{"disabled":false,"description":"Represents a transaction ID created with each request","key":"x-fapi-interaction-id","value":"est non"},{"key":"Content-Type","value":"application/json"}],"body":"{\n  \"errors\": [\n    {\n      \"code\": \"WS100\",\n      \"description\": \"Information entered is invalid-please revise and try again.\"\n    }\n  ]\n}","cookie":[],"_postman_previewlanguage":"json"},{"id":"61dbb729-63ed-4dd5-a86f-7012d1d31ce1","name":"Unauthorized access","originalRequest":{"url":{"path":["v1","exemptions","expire"],"host":["{{baseUrl}}"],"query":[],"variable":[]},"header":[{"description":{"content":"Added as a part of security scheme: apikey","type":"text/plain"},"key":"Authorization","value":"<API Key>"},{"disabled":false,"description":"(Required) Required. Enter the client id.","key":"x-fapi-financial-id","value":"<string>"},{"disabled":false,"description":"Enter the transaction/correlation id","key":"x-fapi-interaction-id","value":"<string>"},{"disabled":false,"description":"(Required) Enter 'Bearer ' followed by the access token. Please refer to documentation on bearer token. ","key":"Authorization","value":"est non"},{"key":"Accept","value":"application/json"}],"method":"PUT","body":{"mode":"raw","raw":"{\n  \"cardholder\": {\n    \"pan\": \"2222979764340017\",\n    \"memberNumber\": \"0\",\n    \"firstName\": \"SUMITRA\",\n    \"lastName\": \"VEER\",\n    \"middleInitial\": \"S\",\n    \"zip\": \"20120\"\n  },\n  \"client\": {\n    \"applicationName\": \"OpenSystems\",\n    \"auditId\": \"84014831\",\n    \"id\": \"84014831\",\n    \"vendorName\": \"Mobiliti\"\n  },\n  \"exemptionNumber\": \"<number>\"\n}","options":{"raw":{"language":"json"}}}},"status":"Unauthorized","code":401,"header":[{"key":"Content-Type","value":"application/json"}],"body":"{\n  \"errors\": [\n    {\n      \"code\": 401,\n      \"description\": \"Invalid access token\"\n    }\n  ]\n}","cookie":[],"_postman_previewlanguage":"json"},{"id":"76d250c4-e2e7-40b6-a870-19d3878b8bfc","name":"Resource Not Found","originalRequest":{"url":{"path":["v1","exemptions","expire"],"host":["{{baseUrl}}"],"query":[],"variable":[]},"header":[{"description":{"content":"Added as a part of security scheme: apikey","type":"text/plain"},"key":"Authorization","value":"<API Key>"},{"disabled":false,"description":"(Required) Required. Enter the client id.","key":"x-fapi-financial-id","value":"<string>"},{"disabled":false,"description":"Enter the transaction/correlation id","key":"x-fapi-interaction-id","value":"<string>"},{"disabled":false,"description":"(Required) Enter 'Bearer ' followed by the access token. Please refer to documentation on bearer token. ","key":"Authorization","value":"est non"}],"method":"PUT","body":{"mode":"raw","raw":"{\n  \"cardholder\": {\n    \"pan\": \"2222979764340017\",\n    \"memberNumber\": \"0\",\n    \"firstName\": \"SUMITRA\",\n    \"lastName\": \"VEER\",\n    \"middleInitial\": \"S\",\n    \"zip\": \"20120\"\n  },\n  \"client\": {\n    \"applicationName\": \"OpenSystems\",\n    \"auditId\": \"84014831\",\n    \"id\": \"84014831\",\n    \"vendorName\": \"Mobiliti\"\n  },\n  \"exemptionNumber\": \"<number>\"\n}","options":{"raw":{"language":"json"}}}},"status":"Not Found","code":404,"header":[{"key":"Content-Type","value":"text/plain"}],"body":"","cookie":[],"_postman_previewlanguage":"text"},{"id":"ea48f181-94be-4f92-b6a3-5bf5827fea8a","name":"Unsupported Media Type","originalRequest":{"url":{"path":["v1","exemptions","expire"],"host":["{{baseUrl}}"],"query":[],"variable":[]},"header":[{"description":{"content":"Added as a part of security scheme: apikey","type":"text/plain"},"key":"Authorization","value":"<API Key>"},{"disabled":false,"description":"(Required) Required. Enter the client id.","key":"x-fapi-financial-id","value":"<string>"},{"disabled":false,"description":"Enter the transaction/correlation id","key":"x-fapi-interaction-id","value":"<string>"},{"disabled":false,"description":"(Required) Enter 'Bearer ' followed by the access token. Please refer to documentation on bearer token. ","key":"Authorization","value":"est non"},{"key":"Accept","value":"application/json"}],"method":"PUT","body":{"mode":"raw","raw":"{\n  \"cardholder\": {\n    \"pan\": \"2222979764340017\",\n    \"memberNumber\": \"0\",\n    \"firstName\": \"SUMITRA\",\n    \"lastName\": \"VEER\",\n    \"middleInitial\": \"S\",\n    \"zip\": \"20120\"\n  },\n  \"client\": {\n    \"applicationName\": \"OpenSystems\",\n    \"auditId\": \"84014831\",\n    \"id\": \"84014831\",\n    \"vendorName\": \"Mobiliti\"\n  },\n  \"exemptionNumber\": \"<number>\"\n}","options":{"raw":{"language":"json"}}}},"status":"Unsupported Media Type","code":415,"header":[{"disabled":false,"description":"transaction ID created with each request","key":"x-fapi-interaction-id","value":"est non"},{"key":"Content-Type","value":"application/json"}],"body":"{\n  \"errors\": [\n    {\n      \"code\": 415,\n      \"description\": \"unsupported Media Type\"\n    }\n  ]\n}","cookie":[],"_postman_previewlanguage":"json"},{"id":"0ba36b04-b83e-4549-be13-d8dc52c33299","name":"Too Many Requests","originalRequest":{"url":{"path":["v1","exemptions","expire"],"host":["{{baseUrl}}"],"query":[],"variable":[]},"header":[{"description":{"content":"Added as a part of security scheme: apikey","type":"text/plain"},"key":"Authorization","value":"<API Key>"},{"disabled":false,"description":"(Required) Required. Enter the client id.","key":"x-fapi-financial-id","value":"<string>"},{"disabled":false,"description":"Enter the transaction/correlation id","key":"x-fapi-interaction-id","value":"<string>"},{"disabled":false,"description":"(Required) Enter 'Bearer ' followed by the access token. Please refer to documentation on bearer token. ","key":"Authorization","value":"est non"},{"key":"Accept","value":"application/json"}],"method":"PUT","body":{"mode":"raw","raw":"{\n  \"cardholder\": {\n    \"pan\": \"2222979764340017\",\n    \"memberNumber\": \"0\",\n    \"firstName\": \"SUMITRA\",\n    \"lastName\": \"VEER\",\n    \"middleInitial\": \"S\",\n    \"zip\": \"20120\"\n  },\n  \"client\": {\n    \"applicationName\": \"OpenSystems\",\n    \"auditId\": \"84014831\",\n    \"id\": \"84014831\",\n    \"vendorName\": \"Mobiliti\"\n  },\n  \"exemptionNumber\": \"<number>\"\n}","options":{"raw":{"language":"json"}}}},"status":"Too Many Requests","code":429,"header":[{"disabled":false,"description":"transaction ID created with each request","key":"x-fapi-interaction-id","value":"est non"},{"key":"Content-Type","value":"application/json"}],"body":"{\n  \"errors\": [\n    {\n      \"code\": 429,\n      \"description\": \"Rate limit quota violation. Quota limit  exceeded.\"\n    }\n  ]\n}","cookie":[],"_postman_previewlanguage":"json"},{"id":"d5e795cf-65df-4faa-a47d-d1999a5486c0","name":"Server Error","originalRequest":{"url":{"path":["v1","exemptions","expire"],"host":["{{baseUrl}}"],"query":[],"variable":[]},"header":[{"description":{"content":"Added as a part of security scheme: apikey","type":"text/plain"},"key":"Authorization","value":"<API Key>"},{"disabled":false,"description":"(Required) Required. Enter the client id.","key":"x-fapi-financial-id","value":"<string>"},{"disabled":false,"description":"Enter the transaction/correlation id","key":"x-fapi-interaction-id","value":"<string>"},{"disabled":false,"description":"(Required) Enter 'Bearer ' followed by the access token. Please refer to documentation on bearer token. ","key":"Authorization","value":"est non"},{"key":"Accept","value":"application/json"}],"method":"PUT","body":{"mode":"raw","raw":"{\n  \"cardholder\": {\n    \"pan\": \"2222979764340017\",\n    \"memberNumber\": \"0\",\n    \"firstName\": \"SUMITRA\",\n    \"lastName\": \"VEER\",\n    \"middleInitial\": \"S\",\n    \"zip\": \"20120\"\n  },\n  \"client\": {\n    \"applicationName\": \"OpenSystems\",\n    \"auditId\": \"84014831\",\n    \"id\": \"84014831\",\n    \"vendorName\": \"Mobiliti\"\n  },\n  \"exemptionNumber\": \"<number>\"\n}","options":{"raw":{"language":"json"}}}},"status":"Internal Server Error","code":500,"header":[{"disabled":false,"description":"transaction ID created with each request","key":"x-fapi-interaction-id","value":"est non"},{"key":"Content-Type","value":"application/json"}],"body":"{\n  \"errorResponse\": {\n    \"code\": \"500-01\",\n    \"message\": \"internal server error\",\n    \"developerInfo\": {\n      \"developerMessage\": \"internal server error\",\n      \"moreInfo\": \"There was a problem handling your request.  Please try again.  If the problem persists please contact Fiserv ETSD at 888-243-2543 (you unique messageID included below)\",\n      \"messageid\": \"25557-84290371-1\"\n    }\n  }\n}","cookie":[],"_postman_previewlanguage":"json"}],"event":[],"protocolProfileBehavior":{"disableBodyPruning":true}}],"event":[]}],"event":[],"variable":[{"type":"string","value":"https://card.api.fiservapps.com/cs/travel","key":"baseUrl"}],"auth":{"type":"apikey","apikey":[{"key":"key","value":"Authorization"},{"key":"value","value":"{{apiKey}}"},{"key":"in","value":"header"}]},"info":{"_postman_id":"12cffe66-b2c1-4a01-acee-97eec4c80f8a","name":"Travel Exemptions API","schema":"https://schema.getpostman.com/json/collection/v2.1.0/collection.json","description":{"content":"The Travel Exemptions RESTful API provides integration partners the ability to view, add/create, update, and expire travel exemptions for a specific card. All the date/time fields in this API are supported in UTC timezone. The time fields are relevant only up to minutes.","type":"text/plain"}}}