{"item":[{"id":"e039afed-518e-49ed-a915-e01bbcda2749","name":"Return the cardholder’s point balance.","request":{"name":"Return the cardholder’s point balance.","description":{},"url":{"path":["v1","points"],"host":["{{baseUrl}}"],"query":[],"variable":[]},"header":[{"disabled":false,"description":"(Required) Required. Enter the client id.","key":"x-fapi-financial-id","value":"<string>"},{"disabled":false,"description":"Enter the transaction/correlation id","key":"x-fapi-interaction-id","value":"<string>"},{"key":"Content-Type","value":"application/json"},{"key":"Accept","value":"application/json"}],"method":"POST","auth":null,"body":{"mode":"raw","raw":"{\n  \"client\": {\n    \"applicationName\": \"<string>\",\n    \"auditId\": \"<string>\",\n    \"id\": \"<string>\",\n    \"vendorName\": \"<string>\"\n  },\n  \"rewardsKeyInfo\": {\n    \"useMultiAuth\": \"<boolean>\",\n    \"cardNumber\": \"<string>\",\n    \"accountNumber\": \"<string>\"\n  }\n}","options":{"raw":{"language":"json"}}}},"response":[{"id":"84fb41bd-0689-4aa5-bafd-c088921ccc2f","name":"Successful","originalRequest":{"url":{"path":["v1","points"],"host":["{{baseUrl}}"],"query":[],"variable":[]},"header":[{"description":{"content":"Added as a part of security scheme: apikey","type":"text/plain"},"key":"Authorization","value":"<API Key>"},{"disabled":false,"description":"(Required) Required. Enter the client id.","key":"x-fapi-financial-id","value":"<string>"},{"disabled":false,"description":"Enter the transaction/correlation id","key":"x-fapi-interaction-id","value":"<string>"},{"disabled":false,"description":"(Required) Enter 'Bearer ' followed by the access token. Please refer to documentation on bearer token. ","key":"Authorization","value":"cupidatat aliqua veniam"},{"key":"Accept","value":"application/json"}],"method":"POST","body":{"mode":"raw","raw":"{\n  \"client\": {\n    \"applicationName\": \"CM\",\n    \"auditId\": \"123456\",\n    \"id\": \"11122203\",\n    \"vendorName\": \"ITI\"\n  },\n  \"rewardsKeyInfo\": {\n    \"useMultiAuth\": true,\n    \"cardNumber\": \"5004065676691\",\n    \"accountNumber\": \"3445454545\"\n  }\n}","options":{"raw":{"language":"json"}}}},"status":"OK","code":200,"header":[{"disabled":false,"description":"Represents a transaction ID created with each request.","key":"x-fapi-interaction-id","value":"cupidatat aliqua veniam"},{"key":"Content-Type","value":"application/json"}],"body":"{\n  \"pointsInfo\": {\n    \"pointsToDate\": 0,\n    \"availablePoints\": 0,\n    \"vestedPoints\": 0,\n    \"ccName\": \"A1\",\n    \"ccType\": \"MASTERCARD\",\n    \"ccStatus\": true,\n    \"earnStart\": \"2017-10-19\",\n    \"earnEnd\": \"2050-12-31\"\n  }\n}","cookie":[],"_postman_previewlanguage":"json"},{"id":"4c661a8f-b6b7-414e-90bf-68233cbbe005","name":"Bad Request","originalRequest":{"url":{"path":["v1","points"],"host":["{{baseUrl}}"],"query":[],"variable":[]},"header":[{"description":{"content":"Added as a part of security scheme: apikey","type":"text/plain"},"key":"Authorization","value":"<API Key>"},{"disabled":false,"description":"(Required) Required. Enter the client id.","key":"x-fapi-financial-id","value":"<string>"},{"disabled":false,"description":"Enter the transaction/correlation id","key":"x-fapi-interaction-id","value":"<string>"},{"disabled":false,"description":"(Required) Enter 'Bearer ' followed by the access token. Please refer to documentation on bearer token. ","key":"Authorization","value":"cupidatat aliqua veniam"},{"key":"Accept","value":"application/json"}],"method":"POST","body":{"mode":"raw","raw":"{\n  \"client\": {\n    \"applicationName\": \"CM\",\n    \"auditId\": \"123456\",\n    \"id\": \"11122203\",\n    \"vendorName\": \"ITI\"\n  },\n  \"rewardsKeyInfo\": {\n    \"useMultiAuth\": true,\n    \"cardNumber\": \"5004065676691\",\n    \"accountNumber\": \"3445454545\"\n  }\n}","options":{"raw":{"language":"json"}}}},"status":"Bad Request","code":400,"header":[{"disabled":false,"description":"transaction ID created with each request","key":"x-fapi-interaction-id","value":"cupidatat aliqua veniam"},{"key":"Content-Type","value":"application/json"}],"body":"{\n  \"errors\": [\n    {\n      \"code\": \"200/100\",\n      \"description\": \"User does not have the authority to view this data\"\n    }\n  ]\n}","cookie":[],"_postman_previewlanguage":"json"},{"id":"2ca7357e-bbaa-496a-b637-932341efa640","name":"Unauthorized access","originalRequest":{"url":{"path":["v1","points"],"host":["{{baseUrl}}"],"query":[],"variable":[]},"header":[{"description":{"content":"Added as a part of security scheme: apikey","type":"text/plain"},"key":"Authorization","value":"<API Key>"},{"disabled":false,"description":"(Required) Required. Enter the client id.","key":"x-fapi-financial-id","value":"<string>"},{"disabled":false,"description":"Enter the transaction/correlation id","key":"x-fapi-interaction-id","value":"<string>"},{"disabled":false,"description":"(Required) Enter 'Bearer ' followed by the access token. Please refer to documentation on bearer token. ","key":"Authorization","value":"cupidatat aliqua veniam"},{"key":"Accept","value":"application/json"}],"method":"POST","body":{"mode":"raw","raw":"{\n  \"client\": {\n    \"applicationName\": \"CM\",\n    \"auditId\": \"123456\",\n    \"id\": \"11122203\",\n    \"vendorName\": \"ITI\"\n  },\n  \"rewardsKeyInfo\": {\n    \"useMultiAuth\": true,\n    \"cardNumber\": \"5004065676691\",\n    \"accountNumber\": \"3445454545\"\n  }\n}","options":{"raw":{"language":"json"}}}},"status":"Unauthorized","code":401,"header":[{"key":"Content-Type","value":"application/json"}],"body":"{\n  \"errors\": [\n    {\n      \"code\": 401,\n      \"description\": \"Invalid access token\"\n    }\n  ]\n}","cookie":[],"_postman_previewlanguage":"json"},{"id":"c6938e49-cd14-4472-8d02-0cb90744b857","name":"Resource Not Found","originalRequest":{"url":{"path":["v1","points"],"host":["{{baseUrl}}"],"query":[],"variable":[]},"header":[{"description":{"content":"Added as a part of security scheme: apikey","type":"text/plain"},"key":"Authorization","value":"<API Key>"},{"disabled":false,"description":"(Required) Required. Enter the client id.","key":"x-fapi-financial-id","value":"<string>"},{"disabled":false,"description":"Enter the transaction/correlation id","key":"x-fapi-interaction-id","value":"<string>"},{"disabled":false,"description":"(Required) Enter 'Bearer ' followed by the access token. Please refer to documentation on bearer token. ","key":"Authorization","value":"cupidatat aliqua veniam"}],"method":"POST","body":{"mode":"raw","raw":"{\n  \"client\": {\n    \"applicationName\": \"CM\",\n    \"auditId\": \"123456\",\n    \"id\": \"11122203\",\n    \"vendorName\": \"ITI\"\n  },\n  \"rewardsKeyInfo\": {\n    \"useMultiAuth\": true,\n    \"cardNumber\": \"5004065676691\",\n    \"accountNumber\": \"3445454545\"\n  }\n}","options":{"raw":{"language":"json"}}}},"status":"Not Found","code":404,"header":[{"key":"Content-Type","value":"text/plain"}],"body":"","cookie":[],"_postman_previewlanguage":"text"},{"id":"6a9f4016-aa01-42c0-a040-44d84c238438","name":"Unsupported Media Type","originalRequest":{"url":{"path":["v1","points"],"host":["{{baseUrl}}"],"query":[],"variable":[]},"header":[{"description":{"content":"Added as a part of security scheme: apikey","type":"text/plain"},"key":"Authorization","value":"<API Key>"},{"disabled":false,"description":"(Required) Required. Enter the client id.","key":"x-fapi-financial-id","value":"<string>"},{"disabled":false,"description":"Enter the transaction/correlation id","key":"x-fapi-interaction-id","value":"<string>"},{"disabled":false,"description":"(Required) Enter 'Bearer ' followed by the access token. Please refer to documentation on bearer token. ","key":"Authorization","value":"cupidatat aliqua veniam"},{"key":"Accept","value":"application/json"}],"method":"POST","body":{"mode":"raw","raw":"{\n  \"client\": {\n    \"applicationName\": \"CM\",\n    \"auditId\": \"123456\",\n    \"id\": \"11122203\",\n    \"vendorName\": \"ITI\"\n  },\n  \"rewardsKeyInfo\": {\n    \"useMultiAuth\": true,\n    \"cardNumber\": \"5004065676691\",\n    \"accountNumber\": \"3445454545\"\n  }\n}","options":{"raw":{"language":"json"}}}},"status":"Unsupported Media Type","code":415,"header":[{"disabled":false,"description":"transaction ID created with each request","key":"x-fapi-interaction-id","value":"cupidatat aliqua veniam"},{"key":"Content-Type","value":"application/json"}],"body":"{\n  \"errors\": [\n    {\n      \"code\": 415,\n      \"description\": \"unsupported Media Type\"\n    }\n  ]\n}","cookie":[],"_postman_previewlanguage":"json"},{"id":"4be94065-5d31-4a20-a9b9-5e7a0bb1c229","name":"Too Many Requests","originalRequest":{"url":{"path":["v1","points"],"host":["{{baseUrl}}"],"query":[],"variable":[]},"header":[{"description":{"content":"Added as a part of security scheme: apikey","type":"text/plain"},"key":"Authorization","value":"<API Key>"},{"disabled":false,"description":"(Required) Required. Enter the client id.","key":"x-fapi-financial-id","value":"<string>"},{"disabled":false,"description":"Enter the transaction/correlation id","key":"x-fapi-interaction-id","value":"<string>"},{"disabled":false,"description":"(Required) Enter 'Bearer ' followed by the access token. Please refer to documentation on bearer token. ","key":"Authorization","value":"cupidatat aliqua veniam"},{"key":"Accept","value":"application/json"}],"method":"POST","body":{"mode":"raw","raw":"{\n  \"client\": {\n    \"applicationName\": \"CM\",\n    \"auditId\": \"123456\",\n    \"id\": \"11122203\",\n    \"vendorName\": \"ITI\"\n  },\n  \"rewardsKeyInfo\": {\n    \"useMultiAuth\": true,\n    \"cardNumber\": \"5004065676691\",\n    \"accountNumber\": \"3445454545\"\n  }\n}","options":{"raw":{"language":"json"}}}},"status":"Too Many Requests","code":429,"header":[{"disabled":false,"description":"transaction ID created with each request","key":"x-fapi-interaction-id","value":"cupidatat aliqua veniam"},{"key":"Content-Type","value":"application/json"}],"body":"{\n  \"errors\": [\n    {\n      \"code\": 429,\n      \"description\": \"Rate limit quota violation. Quota limit  exceeded.\"\n    }\n  ]\n}","cookie":[],"_postman_previewlanguage":"json"},{"id":"0dc10e72-f624-4294-8b26-09223710662e","name":"Server Error","originalRequest":{"url":{"path":["v1","points"],"host":["{{baseUrl}}"],"query":[],"variable":[]},"header":[{"description":{"content":"Added as a part of security scheme: apikey","type":"text/plain"},"key":"Authorization","value":"<API Key>"},{"disabled":false,"description":"(Required) Required. Enter the client id.","key":"x-fapi-financial-id","value":"<string>"},{"disabled":false,"description":"Enter the transaction/correlation id","key":"x-fapi-interaction-id","value":"<string>"},{"disabled":false,"description":"(Required) Enter 'Bearer ' followed by the access token. Please refer to documentation on bearer token. ","key":"Authorization","value":"cupidatat aliqua veniam"},{"key":"Accept","value":"application/json"}],"method":"POST","body":{"mode":"raw","raw":"{\n  \"client\": {\n    \"applicationName\": \"CM\",\n    \"auditId\": \"123456\",\n    \"id\": \"11122203\",\n    \"vendorName\": \"ITI\"\n  },\n  \"rewardsKeyInfo\": {\n    \"useMultiAuth\": true,\n    \"cardNumber\": \"5004065676691\",\n    \"accountNumber\": \"3445454545\"\n  }\n}","options":{"raw":{"language":"json"}}}},"status":"Internal Server Error","code":500,"header":[{"disabled":false,"description":"transaction ID created with each request","key":"x-fapi-interaction-id","value":"cupidatat aliqua veniam"},{"key":"Content-Type","value":"application/json"}],"body":"{\n  \"errorResponse\": {\n    \"code\": \"500-01\",\n    \"message\": \"internal server error\",\n    \"developerInfo\": {\n      \"developerMessage\": \"internal server error\",\n      \"moreInfo\": \"There was a problem handling your request.  Please try again.  If the problem persists please contact Fiserv ETSD at 888-243-2543 (you unique messageID included below)\",\n      \"messageid\": \"25557-84290371-1\"\n    }\n  }\n}","cookie":[],"_postman_previewlanguage":"json"}],"event":[],"protocolProfileBehavior":{"disableBodyPruning":true}}],"event":[],"variable":[{"type":"string","value":"https://card.api.fiservapps.com/cs/uChooseRewards","key":"baseUrl"}],"auth":{"type":"apikey","apikey":[{"key":"key","value":"Authorization"},{"key":"value","value":"{{apiKey}}"},{"key":"in","value":"header"}]},"info":{"_postman_id":"319a2f2c-d214-4b36-9c2f-29ce94b15f82","name":"uChoose Rewards View Points API","schema":"https://schema.getpostman.com/json/collection/v2.1.0/collection.json","description":{"content":"This API helps user/account holder to get the rewards points achieved for their account number.","type":"text/plain"}}}