{"item":[{"id":"32b45451-799e-4d59-a4d5-8eddbd1d37b3","name":"bwa/autorizacoesbw","item":[{"id":"3df1929c-de38-48dc-832e-3bbc3351c12f","name":"Query History of Authorized Transactions","request":{"name":"Query History of Authorized Transactions","description":{"content":"Query History of Authorized Transactions","type":"text/plain"},"url":{"path":["bwa","autorizacoesbw","v1","autorizacoesbw"],"host":["{{baseUrl}}"],"query":[{"disabled":false,"key":"dataInicio","value":"<string>","description":"(Required) Start Date. Format YYYYMMDD"},{"disabled":false,"key":"dataFim","value":"<string>","description":"(Required) End Date. Format YYYYMMDD"},{"disabled":false,"key":"terminal","value":"<string>","description":"terminal"},{"disabled":false,"key":"status","value":"<string>","description":"status"},{"disabled":false,"key":"page","value":"<integer>","description":"Search page number (Default 0)"},{"disabled":false,"key":"size","value":"<integer>","description":"Number of records to search on the page (Default 20)"}],"variable":[]},"header":[{"disabled":false,"description":"(Required) HMAC","key":"Message-Signature","value":"<string>"},{"disabled":false,"description":"(Required) APigee Key","key":"Api-Key","value":"<string>"},{"disabled":false,"description":"(Required) Oauth Key","key":"auth","value":"<string>"},{"disabled":false,"description":"(Required) Date - Epoch format","key":"Timestamp","value":"<string>"},{"disabled":false,"description":"(Required) Randomly generated by client","key":"Client-Request-Id","value":"<string>"},{"disabled":false,"description":"(Required) Merchant Institution Number","key":"instituicao","value":"<string>"},{"disabled":false,"description":"(Required) Merchant Code","key":"estabelecimento","value":"<string>"},{"key":"Accept","value":"application/json"}],"method":"GET","auth":null},"response":[{"id":"1abeb749-c0c7-457b-9684-e945737ca109","name":"Success","originalRequest":{"url":{"path":["bwa","autorizacoesbw","v1","autorizacoesbw"],"host":["{{baseUrl}}"],"query":[{"key":"dataInicio","value":"20210401"},{"key":"dataFim","value":"20210411"},{"key":"terminal","value":"TFX023E8"},{"key":"status","value":"Declined"},{"key":"page","value":"0"},{"key":"size","value":"33"}],"variable":[]},"header":[{"disabled":false,"description":"(Required) HMAC","key":"Message-Signature","value":"1tsmkG9Ip3k2rcO5cETButfP3D/RS6U8troFF+mUrno="},{"disabled":false,"description":"(Required) APigee Key","key":"Api-Key","value":"X0GW3QGOYFn4r7DHcVC8KuatUnNs6MGB"},{"disabled":false,"description":"(Required) Oauth Key","key":"auth","value":""},{"disabled":false,"description":"(Required) Date - Epoch format","key":"Timestamp","value":"1563309156733"},{"disabled":false,"description":"(Required) Randomly generated by client","key":"Client-Request-Id","value":"6NYHj9Pgyxc84rmafpwG4fjhLwFfJYFVmxJOcgziD0QN3q6mGC"},{"disabled":false,"description":"(Required) Merchant Institution Number","key":"instituicao","value":"00000003"},{"disabled":false,"description":"(Required) Merchant Code","key":"estabelecimento","value":"98703001"},{"key":"Accept","value":"application/json"}],"method":"GET","body":{}},"status":"OK","code":200,"header":[{"key":"Content-Type","value":"application/json"}],"body":"{\n  \"codigoRetorno\": 0,\n  \"mensagem\": \"0 - Sucesso.\",\n  \"conteudo\": [\n    {\n      \"data\": \"210401\",\n      \"status\": \"Declined\",\n      \"valor\": \"0000000000000030000\",\n      \"creditoOuDebito\": \"CR – Transação de crédito\",\n      \"numeroTerminal\": \"PGW02B32\",\n      \"numeroCartao\": \"422061******9978\",\n      \"numeroDocumento\": \"000000336301\",\n      \"autorizacao\": \"775166989\",\n      \"comprovante\": \"0000004700\",\n      \"hora\": \"122220\",\n      \"codigoCliente\": \"33333332\"\n    },\n    {\n      \"data\": \"210401\",\n      \"status\": \"Declined\",\n      \"valor\": \"0000000000000030000\",\n      \"creditoOuDebito\": \"CR – Transação de crédito\",\n      \"numeroTerminal\": \"PGW02B32\",\n      \"numeroCartao\": \"422061******9978\",\n      \"numeroDocumento\": \"000000336301\",\n      \"autorizacao\": \"775166989\",\n      \"comprovante\": \"0000004700\",\n      \"hora\": \"122220\",\n      \"codigoCliente\": \"33333332\"\n    }\n  ],\n  \"lastPage\": true,\n  \"totalPages\": 14,\n  \"totalItems\": 273,\n  \"currentPage\": 1,\n  \"totalCurrentItems\": 20\n}","cookie":[],"_postman_previewlanguage":"json"},{"id":"ca41a007-1c15-4686-8aeb-48f483e4de9b","name":"Partial Content","originalRequest":{"url":{"path":["bwa","autorizacoesbw","v1","autorizacoesbw"],"host":["{{baseUrl}}"],"query":[{"key":"dataInicio","value":"20210401"},{"key":"dataFim","value":"20210411"},{"key":"terminal","value":"TFX023E8"},{"key":"status","value":"Declined"},{"key":"page","value":"0"},{"key":"size","value":"33"}],"variable":[]},"header":[{"disabled":false,"description":"(Required) HMAC","key":"Message-Signature","value":"1tsmkG9Ip3k2rcO5cETButfP3D/RS6U8troFF+mUrno="},{"disabled":false,"description":"(Required) APigee Key","key":"Api-Key","value":"X0GW3QGOYFn4r7DHcVC8KuatUnNs6MGB"},{"disabled":false,"description":"(Required) Oauth Key","key":"auth","value":""},{"disabled":false,"description":"(Required) Date - Epoch format","key":"Timestamp","value":"1563309156733"},{"disabled":false,"description":"(Required) Randomly generated by client","key":"Client-Request-Id","value":"6NYHj9Pgyxc84rmafpwG4fjhLwFfJYFVmxJOcgziD0QN3q6mGC"},{"disabled":false,"description":"(Required) Merchant Institution Number","key":"instituicao","value":"00000003"},{"disabled":false,"description":"(Required) Merchant Code","key":"estabelecimento","value":"98703001"},{"key":"Accept","value":"application/json"}],"method":"GET","body":{}},"status":"Partial Content","code":206,"header":[{"key":"Content-Type","value":"application/json"}],"body":"{\n  \"codigoRetorno\": 9,\n  \"mensagem\": \"9 - Campos mandatorios - (meaning Mandatory Fields Missing)\"\n}","cookie":[],"_postman_previewlanguage":"json"},{"id":"09bb8603-b58c-4520-bd6b-74238a7a74d5","name":"Unauthorized","originalRequest":{"url":{"path":["bwa","autorizacoesbw","v1","autorizacoesbw"],"host":["{{baseUrl}}"],"query":[{"key":"dataInicio","value":"20210401"},{"key":"dataFim","value":"20210411"},{"key":"terminal","value":"TFX023E8"},{"key":"status","value":"Declined"},{"key":"page","value":"0"},{"key":"size","value":"33"}],"variable":[]},"header":[{"disabled":false,"description":"(Required) HMAC","key":"Message-Signature","value":"1tsmkG9Ip3k2rcO5cETButfP3D/RS6U8troFF+mUrno="},{"disabled":false,"description":"(Required) APigee Key","key":"Api-Key","value":"X0GW3QGOYFn4r7DHcVC8KuatUnNs6MGB"},{"disabled":false,"description":"(Required) Oauth Key","key":"auth","value":""},{"disabled":false,"description":"(Required) Date - Epoch format","key":"Timestamp","value":"1563309156733"},{"disabled":false,"description":"(Required) Randomly generated by client","key":"Client-Request-Id","value":"6NYHj9Pgyxc84rmafpwG4fjhLwFfJYFVmxJOcgziD0QN3q6mGC"},{"disabled":false,"description":"(Required) Merchant Institution Number","key":"instituicao","value":"00000003"},{"disabled":false,"description":"(Required) Merchant Code","key":"estabelecimento","value":"98703001"},{"key":"Accept","value":"application/json"}],"method":"GET","body":{}},"status":"Unauthorized","code":401,"header":[{"key":"Content-Type","value":"application/json"}],"body":"{\n  \"codigoRetorno\": 4,\n  \"mensagem\": \"Acesso nao autorizado ao conteudo pesquisado - (meaning Unauthorized Access)\"\n}","cookie":[],"_postman_previewlanguage":"json"},{"id":"a1a6ec9a-2ddd-450b-baed-2eebb3eb52dc","name":"Forbidden","originalRequest":{"url":{"path":["bwa","autorizacoesbw","v1","autorizacoesbw"],"host":["{{baseUrl}}"],"query":[{"key":"dataInicio","value":"20210401"},{"key":"dataFim","value":"20210411"},{"key":"terminal","value":"TFX023E8"},{"key":"status","value":"Declined"},{"key":"page","value":"0"},{"key":"size","value":"33"}],"variable":[]},"header":[{"disabled":false,"description":"(Required) HMAC","key":"Message-Signature","value":"1tsmkG9Ip3k2rcO5cETButfP3D/RS6U8troFF+mUrno="},{"disabled":false,"description":"(Required) APigee Key","key":"Api-Key","value":"X0GW3QGOYFn4r7DHcVC8KuatUnNs6MGB"},{"disabled":false,"description":"(Required) Oauth Key","key":"auth","value":""},{"disabled":false,"description":"(Required) Date - Epoch format","key":"Timestamp","value":"1563309156733"},{"disabled":false,"description":"(Required) Randomly generated by client","key":"Client-Request-Id","value":"6NYHj9Pgyxc84rmafpwG4fjhLwFfJYFVmxJOcgziD0QN3q6mGC"},{"disabled":false,"description":"(Required) Merchant Institution Number","key":"instituicao","value":"00000003"},{"disabled":false,"description":"(Required) Merchant Code","key":"estabelecimento","value":"98703001"},{"key":"Accept","value":"application/json"}],"method":"GET","body":{}},"status":"Forbidden","code":403,"header":[{"key":"Content-Type","value":"application/json"}],"body":"{\n  \"codigoRetorno\": 3,\n  \"mensagem\": \"3 - Acesso negado - (meaning Access Denied)\"\n}","cookie":[],"_postman_previewlanguage":"json"},{"id":"028fe07b-0557-4fa4-97de-662e2b280851","name":"Not Found","originalRequest":{"url":{"path":["bwa","autorizacoesbw","v1","autorizacoesbw"],"host":["{{baseUrl}}"],"query":[{"key":"dataInicio","value":"20210401"},{"key":"dataFim","value":"20210411"},{"key":"terminal","value":"TFX023E8"},{"key":"status","value":"Declined"},{"key":"page","value":"0"},{"key":"size","value":"33"}],"variable":[]},"header":[{"disabled":false,"description":"(Required) HMAC","key":"Message-Signature","value":"1tsmkG9Ip3k2rcO5cETButfP3D/RS6U8troFF+mUrno="},{"disabled":false,"description":"(Required) APigee Key","key":"Api-Key","value":"X0GW3QGOYFn4r7DHcVC8KuatUnNs6MGB"},{"disabled":false,"description":"(Required) Oauth Key","key":"auth","value":""},{"disabled":false,"description":"(Required) Date - Epoch format","key":"Timestamp","value":"1563309156733"},{"disabled":false,"description":"(Required) Randomly generated by client","key":"Client-Request-Id","value":"6NYHj9Pgyxc84rmafpwG4fjhLwFfJYFVmxJOcgziD0QN3q6mGC"},{"disabled":false,"description":"(Required) Merchant Institution Number","key":"instituicao","value":"00000003"},{"disabled":false,"description":"(Required) Merchant Code","key":"estabelecimento","value":"98703001"},{"key":"Accept","value":"application/json"}],"method":"GET","body":{}},"status":"Not Found","code":404,"header":[{"key":"Content-Type","value":"application/json"}],"body":"{\n  \"codigoRetorno\": 5,\n  \"mensagem\": \"Item nao encontrado - (meaning Item not Found)\"\n}","cookie":[],"_postman_previewlanguage":"json"},{"id":"123a99fe-630d-45b9-8665-f533acf042ca","name":"Conflict","originalRequest":{"url":{"path":["bwa","autorizacoesbw","v1","autorizacoesbw"],"host":["{{baseUrl}}"],"query":[{"key":"dataInicio","value":"20210401"},{"key":"dataFim","value":"20210411"},{"key":"terminal","value":"TFX023E8"},{"key":"status","value":"Declined"},{"key":"page","value":"0"},{"key":"size","value":"33"}],"variable":[]},"header":[{"disabled":false,"description":"(Required) HMAC","key":"Message-Signature","value":"1tsmkG9Ip3k2rcO5cETButfP3D/RS6U8troFF+mUrno="},{"disabled":false,"description":"(Required) APigee Key","key":"Api-Key","value":"X0GW3QGOYFn4r7DHcVC8KuatUnNs6MGB"},{"disabled":false,"description":"(Required) Oauth Key","key":"auth","value":""},{"disabled":false,"description":"(Required) Date - Epoch format","key":"Timestamp","value":"1563309156733"},{"disabled":false,"description":"(Required) Randomly generated by client","key":"Client-Request-Id","value":"6NYHj9Pgyxc84rmafpwG4fjhLwFfJYFVmxJOcgziD0QN3q6mGC"},{"disabled":false,"description":"(Required) Merchant Institution Number","key":"instituicao","value":"00000003"},{"disabled":false,"description":"(Required) Merchant Code","key":"estabelecimento","value":"98703001"},{"key":"Accept","value":"application/json"}],"method":"GET","body":{}},"status":"Conflict","code":409,"header":[{"key":"Content-Type","value":"application/json"}],"body":"{\n  \"codigoRetorno\": 8,\n  \"mensagem\": \"Item duplicado - (meaning Item Duplicated)\"\n}","cookie":[],"_postman_previewlanguage":"json"},{"id":"e932b679-591a-477c-8ba2-adfbe1a32ae9","name":"Internal Server Error","originalRequest":{"url":{"path":["bwa","autorizacoesbw","v1","autorizacoesbw"],"host":["{{baseUrl}}"],"query":[{"key":"dataInicio","value":"20210401"},{"key":"dataFim","value":"20210411"},{"key":"terminal","value":"TFX023E8"},{"key":"status","value":"Declined"},{"key":"page","value":"0"},{"key":"size","value":"33"}],"variable":[]},"header":[{"disabled":false,"description":"(Required) HMAC","key":"Message-Signature","value":"1tsmkG9Ip3k2rcO5cETButfP3D/RS6U8troFF+mUrno="},{"disabled":false,"description":"(Required) APigee Key","key":"Api-Key","value":"X0GW3QGOYFn4r7DHcVC8KuatUnNs6MGB"},{"disabled":false,"description":"(Required) Oauth Key","key":"auth","value":""},{"disabled":false,"description":"(Required) Date - Epoch format","key":"Timestamp","value":"1563309156733"},{"disabled":false,"description":"(Required) Randomly generated by client","key":"Client-Request-Id","value":"6NYHj9Pgyxc84rmafpwG4fjhLwFfJYFVmxJOcgziD0QN3q6mGC"},{"disabled":false,"description":"(Required) Merchant Institution Number","key":"instituicao","value":"00000003"},{"disabled":false,"description":"(Required) Merchant Code","key":"estabelecimento","value":"98703001"},{"key":"Accept","value":"application/json"}],"method":"GET","body":{}},"status":"Internal Server Error","code":500,"header":[{"key":"Content-Type","value":"application/json"}],"body":"{\n  \"codigoRetorno\": 2,\n  \"mensagem\": \"2 - Erro Interno - (meaning Internal Error)\"\n}","cookie":[],"_postman_previewlanguage":"json"}],"event":[],"protocolProfileBehavior":{"disableBodyPruning":true}},{"id":"9dbb3f6a-f603-4fb1-83fe-4e5f7828e31e","name":"Query History of Authorized Transactions V2","request":{"name":"Query History of Authorized Transactions V2","description":{"content":"Query History of Authorized Transactions V2","type":"text/plain"},"url":{"path":["bwa","autorizacoesbw","v2","autorizacoesbw"],"host":["{{baseUrl}}"],"query":[{"disabled":false,"key":"dataInicio","value":"<string>","description":"(Required) Start Date. Format YYYYMMDD"},{"disabled":false,"key":"dataFim","value":"<string>","description":"(Required) End Date. Format YYYYMMDD"},{"disabled":false,"key":"terminal","value":"<string>","description":"terminal"},{"disabled":false,"key":"status","value":"<string>","description":"status"},{"disabled":false,"key":"page","value":"<integer>","description":"Search page number (Default 0)"},{"disabled":false,"key":"size","value":"<integer>","description":"Number of records to search on the page (Default 20)"}],"variable":[]},"header":[{"disabled":false,"description":"(Required) HMAC","key":"Message-Signature","value":"<string>"},{"disabled":false,"description":"(Required) APigee Key","key":"Api-Key","value":"<string>"},{"disabled":false,"description":"(Required) Oauth Key","key":"auth","value":"<string>"},{"disabled":false,"description":"(Required) Date - Epoch format","key":"Timestamp","value":"<string>"},{"disabled":false,"description":"(Required) Randomly generated by client","key":"Client-Request-Id","value":"<string>"},{"disabled":false,"description":"(Required) Merchant Institution Number","key":"instituicao","value":"<string>"},{"disabled":false,"description":"(Required) Merchant Code","key":"estabelecimento","value":"<string>"},{"key":"Accept","value":"application/json"}],"method":"GET","auth":null},"response":[{"id":"c208bf12-d05c-4a21-bec8-b9d761ad1fe5","name":"Success","originalRequest":{"url":{"path":["bwa","autorizacoesbw","v2","autorizacoesbw"],"host":["{{baseUrl}}"],"query":[{"key":"dataInicio","value":"20210401"},{"key":"dataFim","value":"20210411"},{"key":"terminal","value":"TFX023E8"},{"key":"status","value":"Declined, Aproved"},{"key":"page","value":"0"},{"key":"size","value":"33"}],"variable":[]},"header":[{"disabled":false,"description":"(Required) HMAC","key":"Message-Signature","value":"1tsmkG9Ip3k2rcO5cETButfP3D/RS6U8troFF+mUrno="},{"disabled":false,"description":"(Required) APigee Key","key":"Api-Key","value":"X0GW3QGOYFn4r7DHcVC8KuatUnNs6MGB"},{"disabled":false,"description":"(Required) Oauth Key","key":"auth","value":""},{"disabled":false,"description":"(Required) Date - Epoch format","key":"Timestamp","value":"1563309156733"},{"disabled":false,"description":"(Required) Randomly generated by client","key":"Client-Request-Id","value":"6NYHj9Pgyxc84rmafpwG4fjhLwFfJYFVmxJOcgziD0QN3q6mGC"},{"disabled":false,"description":"(Required) Merchant Institution Number","key":"instituicao","value":"00000003"},{"disabled":false,"description":"(Required) Merchant Code","key":"estabelecimento","value":"98703001"},{"key":"Accept","value":"application/json"}],"method":"GET","body":{}},"status":"OK","code":200,"header":[{"key":"Content-Type","value":"application/json"}],"body":"{\n  \"codigoRetorno\": 0,\n  \"mensagem\": \"0 - Sucesso.\",\n  \"conteudo\": [\n    {\n      \"data\": \"210401\",\n      \"status\": \"Declined\",\n      \"valor\": \"0000000000000030000\",\n      \"creditoOuDebito\": \"CR – Transação de crédito\",\n      \"numeroTerminal\": \"PGW02B32\",\n      \"numeroCartao\": \"422061******9978\",\n      \"numeroDocumento\": \"000000336301\",\n      \"autorizacao\": \"775166989\",\n      \"comprovante\": \"0000004700\",\n      \"hora\": \"122220\",\n      \"codigoCliente\": \"33333332\"\n    },\n    {\n      \"data\": \"210401\",\n      \"status\": \"Declined\",\n      \"valor\": \"0000000000000030000\",\n      \"creditoOuDebito\": \"CR – Transação de crédito\",\n      \"numeroTerminal\": \"PGW02B32\",\n      \"numeroCartao\": \"422061******9978\",\n      \"numeroDocumento\": \"000000336301\",\n      \"autorizacao\": \"775166989\",\n      \"comprovante\": \"0000004700\",\n      \"hora\": \"122220\",\n      \"codigoCliente\": \"33333332\"\n    }\n  ],\n  \"lastPage\": true,\n  \"totalPages\": 14,\n  \"totalItems\": 273,\n  \"currentPage\": 1,\n  \"totalCurrentItems\": 20\n}","cookie":[],"_postman_previewlanguage":"json"},{"id":"19d1e43f-4b5e-4116-8003-ccb8d6bda763","name":"Partial Content","originalRequest":{"url":{"path":["bwa","autorizacoesbw","v2","autorizacoesbw"],"host":["{{baseUrl}}"],"query":[{"key":"dataInicio","value":"20210401"},{"key":"dataFim","value":"20210411"},{"key":"terminal","value":"TFX023E8"},{"key":"status","value":"Declined, Aproved"},{"key":"page","value":"0"},{"key":"size","value":"33"}],"variable":[]},"header":[{"disabled":false,"description":"(Required) HMAC","key":"Message-Signature","value":"1tsmkG9Ip3k2rcO5cETButfP3D/RS6U8troFF+mUrno="},{"disabled":false,"description":"(Required) APigee Key","key":"Api-Key","value":"X0GW3QGOYFn4r7DHcVC8KuatUnNs6MGB"},{"disabled":false,"description":"(Required) Oauth Key","key":"auth","value":""},{"disabled":false,"description":"(Required) Date - Epoch format","key":"Timestamp","value":"1563309156733"},{"disabled":false,"description":"(Required) Randomly generated by client","key":"Client-Request-Id","value":"6NYHj9Pgyxc84rmafpwG4fjhLwFfJYFVmxJOcgziD0QN3q6mGC"},{"disabled":false,"description":"(Required) Merchant Institution Number","key":"instituicao","value":"00000003"},{"disabled":false,"description":"(Required) Merchant Code","key":"estabelecimento","value":"98703001"},{"key":"Accept","value":"application/json"}],"method":"GET","body":{}},"status":"Partial Content","code":206,"header":[{"key":"Content-Type","value":"application/json"}],"body":"{\n  \"codigoRetorno\": 9,\n  \"mensagem\": \"9 - Campos mandatorios - (meaning Mandatory Fields Missing)\"\n}","cookie":[],"_postman_previewlanguage":"json"},{"id":"8099b7eb-d94b-4eb7-a8fa-bec752146ee2","name":"Unauthorized","originalRequest":{"url":{"path":["bwa","autorizacoesbw","v2","autorizacoesbw"],"host":["{{baseUrl}}"],"query":[{"key":"dataInicio","value":"20210401"},{"key":"dataFim","value":"20210411"},{"key":"terminal","value":"TFX023E8"},{"key":"status","value":"Declined, Aproved"},{"key":"page","value":"0"},{"key":"size","value":"33"}],"variable":[]},"header":[{"disabled":false,"description":"(Required) HMAC","key":"Message-Signature","value":"1tsmkG9Ip3k2rcO5cETButfP3D/RS6U8troFF+mUrno="},{"disabled":false,"description":"(Required) APigee Key","key":"Api-Key","value":"X0GW3QGOYFn4r7DHcVC8KuatUnNs6MGB"},{"disabled":false,"description":"(Required) Oauth Key","key":"auth","value":""},{"disabled":false,"description":"(Required) Date - Epoch format","key":"Timestamp","value":"1563309156733"},{"disabled":false,"description":"(Required) Randomly generated by client","key":"Client-Request-Id","value":"6NYHj9Pgyxc84rmafpwG4fjhLwFfJYFVmxJOcgziD0QN3q6mGC"},{"disabled":false,"description":"(Required) Merchant Institution Number","key":"instituicao","value":"00000003"},{"disabled":false,"description":"(Required) Merchant Code","key":"estabelecimento","value":"98703001"},{"key":"Accept","value":"application/json"}],"method":"GET","body":{}},"status":"Unauthorized","code":401,"header":[{"key":"Content-Type","value":"application/json"}],"body":"{\n  \"codigoRetorno\": 4,\n  \"mensagem\": \"Acesso nao autorizado ao conteudo pesquisado - (meaning Unauthorized Access)\"\n}","cookie":[],"_postman_previewlanguage":"json"},{"id":"5038e496-268f-416e-b786-66139fd13970","name":"Forbidden","originalRequest":{"url":{"path":["bwa","autorizacoesbw","v2","autorizacoesbw"],"host":["{{baseUrl}}"],"query":[{"key":"dataInicio","value":"20210401"},{"key":"dataFim","value":"20210411"},{"key":"terminal","value":"TFX023E8"},{"key":"status","value":"Declined, Aproved"},{"key":"page","value":"0"},{"key":"size","value":"33"}],"variable":[]},"header":[{"disabled":false,"description":"(Required) HMAC","key":"Message-Signature","value":"1tsmkG9Ip3k2rcO5cETButfP3D/RS6U8troFF+mUrno="},{"disabled":false,"description":"(Required) APigee Key","key":"Api-Key","value":"X0GW3QGOYFn4r7DHcVC8KuatUnNs6MGB"},{"disabled":false,"description":"(Required) Oauth Key","key":"auth","value":""},{"disabled":false,"description":"(Required) Date - Epoch format","key":"Timestamp","value":"1563309156733"},{"disabled":false,"description":"(Required) Randomly generated by client","key":"Client-Request-Id","value":"6NYHj9Pgyxc84rmafpwG4fjhLwFfJYFVmxJOcgziD0QN3q6mGC"},{"disabled":false,"description":"(Required) Merchant Institution Number","key":"instituicao","value":"00000003"},{"disabled":false,"description":"(Required) Merchant Code","key":"estabelecimento","value":"98703001"},{"key":"Accept","value":"application/json"}],"method":"GET","body":{}},"status":"Forbidden","code":403,"header":[{"key":"Content-Type","value":"application/json"}],"body":"{\n  \"codigoRetorno\": 3,\n  \"mensagem\": \"3 - Acesso negado - (meaning Access Denied)\"\n}","cookie":[],"_postman_previewlanguage":"json"},{"id":"63ad8743-8fc2-423b-a0b7-90f3f73b4c85","name":"Not Found","originalRequest":{"url":{"path":["bwa","autorizacoesbw","v2","autorizacoesbw"],"host":["{{baseUrl}}"],"query":[{"key":"dataInicio","value":"20210401"},{"key":"dataFim","value":"20210411"},{"key":"terminal","value":"TFX023E8"},{"key":"status","value":"Declined, Aproved"},{"key":"page","value":"0"},{"key":"size","value":"33"}],"variable":[]},"header":[{"disabled":false,"description":"(Required) HMAC","key":"Message-Signature","value":"1tsmkG9Ip3k2rcO5cETButfP3D/RS6U8troFF+mUrno="},{"disabled":false,"description":"(Required) APigee Key","key":"Api-Key","value":"X0GW3QGOYFn4r7DHcVC8KuatUnNs6MGB"},{"disabled":false,"description":"(Required) Oauth Key","key":"auth","value":""},{"disabled":false,"description":"(Required) Date - Epoch format","key":"Timestamp","value":"1563309156733"},{"disabled":false,"description":"(Required) Randomly generated by client","key":"Client-Request-Id","value":"6NYHj9Pgyxc84rmafpwG4fjhLwFfJYFVmxJOcgziD0QN3q6mGC"},{"disabled":false,"description":"(Required) Merchant Institution Number","key":"instituicao","value":"00000003"},{"disabled":false,"description":"(Required) Merchant Code","key":"estabelecimento","value":"98703001"},{"key":"Accept","value":"application/json"}],"method":"GET","body":{}},"status":"Not Found","code":404,"header":[{"key":"Content-Type","value":"application/json"}],"body":"{\n  \"codigoRetorno\": 5,\n  \"mensagem\": \"Item nao encontrado - (meaning Item not Found)\"\n}","cookie":[],"_postman_previewlanguage":"json"},{"id":"3c293cd1-aba1-4c81-b95a-4f8cf9a823c8","name":"Conflict","originalRequest":{"url":{"path":["bwa","autorizacoesbw","v2","autorizacoesbw"],"host":["{{baseUrl}}"],"query":[{"key":"dataInicio","value":"20210401"},{"key":"dataFim","value":"20210411"},{"key":"terminal","value":"TFX023E8"},{"key":"status","value":"Declined, Aproved"},{"key":"page","value":"0"},{"key":"size","value":"33"}],"variable":[]},"header":[{"disabled":false,"description":"(Required) HMAC","key":"Message-Signature","value":"1tsmkG9Ip3k2rcO5cETButfP3D/RS6U8troFF+mUrno="},{"disabled":false,"description":"(Required) APigee Key","key":"Api-Key","value":"X0GW3QGOYFn4r7DHcVC8KuatUnNs6MGB"},{"disabled":false,"description":"(Required) Oauth Key","key":"auth","value":""},{"disabled":false,"description":"(Required) Date - Epoch format","key":"Timestamp","value":"1563309156733"},{"disabled":false,"description":"(Required) Randomly generated by client","key":"Client-Request-Id","value":"6NYHj9Pgyxc84rmafpwG4fjhLwFfJYFVmxJOcgziD0QN3q6mGC"},{"disabled":false,"description":"(Required) Merchant Institution Number","key":"instituicao","value":"00000003"},{"disabled":false,"description":"(Required) Merchant Code","key":"estabelecimento","value":"98703001"},{"key":"Accept","value":"application/json"}],"method":"GET","body":{}},"status":"Conflict","code":409,"header":[{"key":"Content-Type","value":"application/json"}],"body":"{\n  \"codigoRetorno\": 8,\n  \"mensagem\": \"Item duplicado - (meaning Item Duplicated)\"\n}","cookie":[],"_postman_previewlanguage":"json"},{"id":"b422784c-f4db-4f12-9e33-99906a5672c8","name":"Internal Server Error","originalRequest":{"url":{"path":["bwa","autorizacoesbw","v2","autorizacoesbw"],"host":["{{baseUrl}}"],"query":[{"key":"dataInicio","value":"20210401"},{"key":"dataFim","value":"20210411"},{"key":"terminal","value":"TFX023E8"},{"key":"status","value":"Declined, Aproved"},{"key":"page","value":"0"},{"key":"size","value":"33"}],"variable":[]},"header":[{"disabled":false,"description":"(Required) HMAC","key":"Message-Signature","value":"1tsmkG9Ip3k2rcO5cETButfP3D/RS6U8troFF+mUrno="},{"disabled":false,"description":"(Required) APigee Key","key":"Api-Key","value":"X0GW3QGOYFn4r7DHcVC8KuatUnNs6MGB"},{"disabled":false,"description":"(Required) Oauth Key","key":"auth","value":""},{"disabled":false,"description":"(Required) Date - Epoch format","key":"Timestamp","value":"1563309156733"},{"disabled":false,"description":"(Required) Randomly generated by client","key":"Client-Request-Id","value":"6NYHj9Pgyxc84rmafpwG4fjhLwFfJYFVmxJOcgziD0QN3q6mGC"},{"disabled":false,"description":"(Required) Merchant Institution Number","key":"instituicao","value":"00000003"},{"disabled":false,"description":"(Required) Merchant Code","key":"estabelecimento","value":"98703001"},{"key":"Accept","value":"application/json"}],"method":"GET","body":{}},"status":"Internal Server Error","code":500,"header":[{"key":"Content-Type","value":"application/json"}],"body":"{\n  \"codigoRetorno\": 2,\n  \"mensagem\": \"2 - Erro Interno - (meaning Internal Error)\"\n}","cookie":[],"_postman_previewlanguage":"json"}],"event":[],"protocolProfileBehavior":{"disableBodyPruning":true}}],"event":[]}],"event":[],"variable":[{"type":"string","value":"https://cat.api.firstdata.com","key":"baseUrl"}],"info":{"_postman_id":"c3c78e8b-21d9-4438-9e91-133cb7b8a1c7","name":"Query History of Authorized Transactions","schema":"https://schema.getpostman.com/json/collection/v2.1.0/collection.json","description":{"content":"Query History of Authorized Transactions","type":"text/plain"}}}