{"item":[{"id":"76b0e5d0-d54b-4481-b857-2c76b7f21657","name":"busca Acompanhamento Vendas","request":{"name":"busca Acompanhamento Vendas","description":{"content":"Sales tracking","type":"text/plain"},"url":{"path":["bwa","acompanhamento-vendas","v1","acompanhamentoVendas"],"host":["{{baseUrl}}"],"query":[{"disabled":false,"key":"anomes","value":"<string>","description":"(Required) Fomart date. yyyyMM"},{"disabled":false,"key":"page","value":"<string>","description":"Search page number (Default 0)"},{"disabled":false,"key":"size","value":"<string>","description":"Number of records to search on the page (Default 20)"},{"disabled":false,"key":"sort","value":"<string>","description":"Sorting"}],"variable":[]},"header":[{"disabled":false,"description":"(Required) HMAC","key":"Message-Signature","value":"<string>"},{"disabled":false,"description":"(Required) APigee Key","key":"Api-Key","value":"<string>"},{"disabled":false,"description":"(Required) Authorization token. Oauth Key","key":"auth","value":"<string>"},{"disabled":false,"description":"(Required) Date - Epoch format","key":"Timestamp","value":"<string>"},{"disabled":false,"description":"(Required) Randomly generated by client","key":"Client-Request-Id","value":"<string>"},{"disabled":false,"description":"(Required) Merchant Institution Number","key":"instituicao","value":"<string>"},{"disabled":false,"description":"(Required) Merchant Code","key":"estabelecimento","value":"<string>"},{"key":"Accept","value":"application/json"}],"method":"GET","auth":{"type":"apikey","apikey":[{"key":"key","value":"Authorization"},{"key":"value","value":"{{apiKey}}"},{"key":"in","value":"header"}]}},"response":[{"id":"7a5f95b1-834e-46f6-906f-8b1b2f2e9199","name":"Successfully Done","originalRequest":{"url":{"path":["bwa","acompanhamento-vendas","v1","acompanhamentoVendas"],"host":["{{baseUrl}}"],"query":[{"key":"anomes","value":"202101"},{"key":"page","value":"0"},{"key":"size","value":"20"},{"key":"sort","value":"<string>"}],"variable":[]},"header":[{"description":{"content":"Added as a part of security scheme: apikey","type":"text/plain"},"key":"Authorization","value":"<API Key>"},{"disabled":false,"description":"(Required) HMAC","key":"Message-Signature","value":"1tsmkG9Ip3k2rcO5cETButfP3D/RS6U8troFF+mUrno="},{"disabled":false,"description":"(Required) APigee Key","key":"Api-Key","value":"X0GW3QGOYFn4r7DHcVC8KuatUnNs6MGB"},{"disabled":false,"description":"(Required) Authorization token. Oauth Key","key":"auth","value":"<string>"},{"disabled":false,"description":"(Required) Date - Epoch format","key":"Timestamp","value":"1563309156733"},{"disabled":false,"description":"(Required) Randomly generated by client","key":"Client-Request-Id","value":"6NYHj9Pgyxc84rmafpwG4fjhLwFfJYFVmxJOcgziD0QN3q6mGC"},{"disabled":false,"description":"(Required) Merchant Institution Number","key":"instituicao","value":"00000003"},{"disabled":false,"description":"(Required) Merchant Code","key":"estabelecimento","value":"33333331"},{"key":"Accept","value":"application/json"}],"method":"GET","body":{}},"status":"OK","code":200,"header":[{"key":"Content-Type","value":"application/json"}],"body":"{\n  \"codigoRetorno\": 0,\n  \"mensagem\": \"Sucesso.\",\n  \"conteudo\": [\n    {\n      \"nomeComercial\": \"Sicredi\",\n      \"numero\": \"787\",\n      \"instituicao\": \"00000001\",\n      \"cep\": \"11221150\",\n      \"cidade\": \"São Paulo\",\n      \"cnpjCpf\": \"CNPJ: 01.181.521/0001-60\",\n      \"endereco\": \"Avenida Aureliano de Figueiredo Pinto\",\n      \"comissaoPaga\": \"887403\",\n      \"comissaoFdb\": \"899637\",\n      \"vendas\": \"9196\",\n      \"bairro\": \"Vila madalena\",\n      \"estado\": \"SP\",\n      \"mesCaptura\": \"06\",\n      \"tipoServico\": \"DEBITO\",\n      \"comissaoIssBanco\": \"35598\",\n      \"cnpjCpfInstituicao\": \"CNPJ: 01.181.521/0001-60\",\n      \"nomeComercialInstituicao\": \"Sicredi\",\n      \"enderecoInstituicao\": \"Avenida Aureliano de Figueiredo Pinto\",\n      \"nomeInstituicao\": \"00000001\",\n      \"cidadeInstituicao\": \"São Paulo\",\n      \"incTaxaRealizado\": \"13494555\",\n      \"numeroInstituicao\": \"787\",\n      \"bairroInstituicao\": \"Vila Madalena\"\n    },\n    {\n      \"nomeComercial\": \"Sicredi\",\n      \"numero\": \"787\",\n      \"instituicao\": \"00000001\",\n      \"cep\": \"11221150\",\n      \"cidade\": \"São Paulo\",\n      \"cnpjCpf\": \"CNPJ: 01.181.521/0001-60\",\n      \"endereco\": \"Avenida Aureliano de Figueiredo Pinto\",\n      \"comissaoPaga\": \"887403\",\n      \"comissaoFdb\": \"899637\",\n      \"vendas\": \"9196\",\n      \"bairro\": \"Vila madalena\",\n      \"estado\": \"SP\",\n      \"mesCaptura\": \"06\",\n      \"tipoServico\": \"DEBITO\",\n      \"comissaoIssBanco\": \"35598\",\n      \"cnpjCpfInstituicao\": \"CNPJ: 01.181.521/0001-60\",\n      \"nomeComercialInstituicao\": \"Sicredi\",\n      \"enderecoInstituicao\": \"Avenida Aureliano de Figueiredo Pinto\",\n      \"nomeInstituicao\": \"00000001\",\n      \"cidadeInstituicao\": \"São Paulo\",\n      \"incTaxaRealizado\": \"13494555\",\n      \"numeroInstituicao\": \"787\",\n      \"bairroInstituicao\": \"Vila Madalena\"\n    }\n  ],\n  \"lastPage\": true,\n  \"totalPages\": 1,\n  \"totalItems\": 1,\n  \"currentPage\": 0,\n  \"totalCurrentItems\": 1\n}","cookie":[],"_postman_previewlanguage":"json"},{"id":"8f1f4b6b-1d0c-44f9-b9fb-0aa3a76aef36","name":"Partial Content","originalRequest":{"url":{"path":["bwa","acompanhamento-vendas","v1","acompanhamentoVendas"],"host":["{{baseUrl}}"],"query":[{"key":"anomes","value":"202101"},{"key":"page","value":"0"},{"key":"size","value":"20"},{"key":"sort","value":"<string>"}],"variable":[]},"header":[{"description":{"content":"Added as a part of security scheme: apikey","type":"text/plain"},"key":"Authorization","value":"<API Key>"},{"disabled":false,"description":"(Required) HMAC","key":"Message-Signature","value":"1tsmkG9Ip3k2rcO5cETButfP3D/RS6U8troFF+mUrno="},{"disabled":false,"description":"(Required) APigee Key","key":"Api-Key","value":"X0GW3QGOYFn4r7DHcVC8KuatUnNs6MGB"},{"disabled":false,"description":"(Required) Authorization token. Oauth Key","key":"auth","value":"<string>"},{"disabled":false,"description":"(Required) Date - Epoch format","key":"Timestamp","value":"1563309156733"},{"disabled":false,"description":"(Required) Randomly generated by client","key":"Client-Request-Id","value":"6NYHj9Pgyxc84rmafpwG4fjhLwFfJYFVmxJOcgziD0QN3q6mGC"},{"disabled":false,"description":"(Required) Merchant Institution Number","key":"instituicao","value":"00000003"},{"disabled":false,"description":"(Required) Merchant Code","key":"estabelecimento","value":"33333331"},{"key":"Accept","value":"application/json"}],"method":"GET","body":{}},"status":"Partial Content","code":206,"header":[{"key":"Content-Type","value":"application/json"}],"body":"{\n  \"codigoRetorno\": 9,\n  \"mensagem\": \"9 - Campos mandatorios: ... (meaning Mandatory Fields)\"\n}","cookie":[],"_postman_previewlanguage":"json"},{"id":"889d10ff-0b47-42f3-bd7f-c5097a6aace9","name":"Unauthorized","originalRequest":{"url":{"path":["bwa","acompanhamento-vendas","v1","acompanhamentoVendas"],"host":["{{baseUrl}}"],"query":[{"key":"anomes","value":"202101"},{"key":"page","value":"0"},{"key":"size","value":"20"},{"key":"sort","value":"<string>"}],"variable":[]},"header":[{"description":{"content":"Added as a part of security scheme: apikey","type":"text/plain"},"key":"Authorization","value":"<API Key>"},{"disabled":false,"description":"(Required) HMAC","key":"Message-Signature","value":"1tsmkG9Ip3k2rcO5cETButfP3D/RS6U8troFF+mUrno="},{"disabled":false,"description":"(Required) APigee Key","key":"Api-Key","value":"X0GW3QGOYFn4r7DHcVC8KuatUnNs6MGB"},{"disabled":false,"description":"(Required) Authorization token. Oauth Key","key":"auth","value":"<string>"},{"disabled":false,"description":"(Required) Date - Epoch format","key":"Timestamp","value":"1563309156733"},{"disabled":false,"description":"(Required) Randomly generated by client","key":"Client-Request-Id","value":"6NYHj9Pgyxc84rmafpwG4fjhLwFfJYFVmxJOcgziD0QN3q6mGC"},{"disabled":false,"description":"(Required) Merchant Institution Number","key":"instituicao","value":"00000003"},{"disabled":false,"description":"(Required) Merchant Code","key":"estabelecimento","value":"33333331"},{"key":"Accept","value":"application/json"}],"method":"GET","body":{}},"status":"Unauthorized","code":401,"header":[{"key":"Content-Type","value":"application/json"}],"body":"{\n  \"codigoRetorno\": 4,\n  \"mensagem\": \"Acesso nao autorizado ao conteudo pesquisado - Meaning Not Authorized Access\"\n}","cookie":[],"_postman_previewlanguage":"json"},{"id":"57e9d148-41dc-4c89-98de-a011be7f2e5d","name":"Forbidden","originalRequest":{"url":{"path":["bwa","acompanhamento-vendas","v1","acompanhamentoVendas"],"host":["{{baseUrl}}"],"query":[{"key":"anomes","value":"202101"},{"key":"page","value":"0"},{"key":"size","value":"20"},{"key":"sort","value":"<string>"}],"variable":[]},"header":[{"description":{"content":"Added as a part of security scheme: apikey","type":"text/plain"},"key":"Authorization","value":"<API Key>"},{"disabled":false,"description":"(Required) HMAC","key":"Message-Signature","value":"1tsmkG9Ip3k2rcO5cETButfP3D/RS6U8troFF+mUrno="},{"disabled":false,"description":"(Required) APigee Key","key":"Api-Key","value":"X0GW3QGOYFn4r7DHcVC8KuatUnNs6MGB"},{"disabled":false,"description":"(Required) Authorization token. Oauth Key","key":"auth","value":"<string>"},{"disabled":false,"description":"(Required) Date - Epoch format","key":"Timestamp","value":"1563309156733"},{"disabled":false,"description":"(Required) Randomly generated by client","key":"Client-Request-Id","value":"6NYHj9Pgyxc84rmafpwG4fjhLwFfJYFVmxJOcgziD0QN3q6mGC"},{"disabled":false,"description":"(Required) Merchant Institution Number","key":"instituicao","value":"00000003"},{"disabled":false,"description":"(Required) Merchant Code","key":"estabelecimento","value":"33333331"},{"key":"Accept","value":"application/json"}],"method":"GET","body":{}},"status":"Forbidden","code":403,"header":[{"key":"Content-Type","value":"application/json"}],"body":"{\n  \"codigoRetorno\": 3,\n  \"mensagem\": \"3 - Acesso negado - (Meaning Denied Access)\"\n}","cookie":[],"_postman_previewlanguage":"json"},{"id":"840a92b0-0af2-4413-b70b-9aad6f300cf6","name":"Not Found","originalRequest":{"url":{"path":["bwa","acompanhamento-vendas","v1","acompanhamentoVendas"],"host":["{{baseUrl}}"],"query":[{"key":"anomes","value":"202101"},{"key":"page","value":"0"},{"key":"size","value":"20"},{"key":"sort","value":"<string>"}],"variable":[]},"header":[{"description":{"content":"Added as a part of security scheme: apikey","type":"text/plain"},"key":"Authorization","value":"<API Key>"},{"disabled":false,"description":"(Required) HMAC","key":"Message-Signature","value":"1tsmkG9Ip3k2rcO5cETButfP3D/RS6U8troFF+mUrno="},{"disabled":false,"description":"(Required) APigee Key","key":"Api-Key","value":"X0GW3QGOYFn4r7DHcVC8KuatUnNs6MGB"},{"disabled":false,"description":"(Required) Authorization token. Oauth Key","key":"auth","value":"<string>"},{"disabled":false,"description":"(Required) Date - Epoch format","key":"Timestamp","value":"1563309156733"},{"disabled":false,"description":"(Required) Randomly generated by client","key":"Client-Request-Id","value":"6NYHj9Pgyxc84rmafpwG4fjhLwFfJYFVmxJOcgziD0QN3q6mGC"},{"disabled":false,"description":"(Required) Merchant Institution Number","key":"instituicao","value":"00000003"},{"disabled":false,"description":"(Required) Merchant Code","key":"estabelecimento","value":"33333331"},{"key":"Accept","value":"application/json"}],"method":"GET","body":{}},"status":"Not Found","code":404,"header":[{"key":"Content-Type","value":"application/json"}],"body":"{\n  \"codigoRetorno\": 5,\n  \"mensagem\": \"5 - Item nao encontrado (Meaning item not found)\"\n}","cookie":[],"_postman_previewlanguage":"json"},{"id":"89a57fa7-4194-4b81-b232-869220a0dd5c","name":"Conflict","originalRequest":{"url":{"path":["bwa","acompanhamento-vendas","v1","acompanhamentoVendas"],"host":["{{baseUrl}}"],"query":[{"key":"anomes","value":"202101"},{"key":"page","value":"0"},{"key":"size","value":"20"},{"key":"sort","value":"<string>"}],"variable":[]},"header":[{"description":{"content":"Added as a part of security scheme: apikey","type":"text/plain"},"key":"Authorization","value":"<API Key>"},{"disabled":false,"description":"(Required) HMAC","key":"Message-Signature","value":"1tsmkG9Ip3k2rcO5cETButfP3D/RS6U8troFF+mUrno="},{"disabled":false,"description":"(Required) APigee Key","key":"Api-Key","value":"X0GW3QGOYFn4r7DHcVC8KuatUnNs6MGB"},{"disabled":false,"description":"(Required) Authorization token. Oauth Key","key":"auth","value":"<string>"},{"disabled":false,"description":"(Required) Date - Epoch format","key":"Timestamp","value":"1563309156733"},{"disabled":false,"description":"(Required) Randomly generated by client","key":"Client-Request-Id","value":"6NYHj9Pgyxc84rmafpwG4fjhLwFfJYFVmxJOcgziD0QN3q6mGC"},{"disabled":false,"description":"(Required) Merchant Institution Number","key":"instituicao","value":"00000003"},{"disabled":false,"description":"(Required) Merchant Code","key":"estabelecimento","value":"33333331"},{"key":"Accept","value":"application/json"}],"method":"GET","body":{}},"status":"Conflict","code":409,"header":[{"key":"Content-Type","value":"application/json"}],"body":"{\n  \"codigoRetorno\": 8,\n  \"mensagem\": \"8 - Item duplicado (Meaning Duplicated Item)\"\n}","cookie":[],"_postman_previewlanguage":"json"},{"id":"cc6dd455-6a7c-4ecf-9580-263e819e4d01","name":"Internal Server Error","originalRequest":{"url":{"path":["bwa","acompanhamento-vendas","v1","acompanhamentoVendas"],"host":["{{baseUrl}}"],"query":[{"key":"anomes","value":"202101"},{"key":"page","value":"0"},{"key":"size","value":"20"},{"key":"sort","value":"<string>"}],"variable":[]},"header":[{"description":{"content":"Added as a part of security scheme: apikey","type":"text/plain"},"key":"Authorization","value":"<API Key>"},{"disabled":false,"description":"(Required) HMAC","key":"Message-Signature","value":"1tsmkG9Ip3k2rcO5cETButfP3D/RS6U8troFF+mUrno="},{"disabled":false,"description":"(Required) APigee Key","key":"Api-Key","value":"X0GW3QGOYFn4r7DHcVC8KuatUnNs6MGB"},{"disabled":false,"description":"(Required) Authorization token. Oauth Key","key":"auth","value":"<string>"},{"disabled":false,"description":"(Required) Date - Epoch format","key":"Timestamp","value":"1563309156733"},{"disabled":false,"description":"(Required) Randomly generated by client","key":"Client-Request-Id","value":"6NYHj9Pgyxc84rmafpwG4fjhLwFfJYFVmxJOcgziD0QN3q6mGC"},{"disabled":false,"description":"(Required) Merchant Institution Number","key":"instituicao","value":"00000003"},{"disabled":false,"description":"(Required) Merchant Code","key":"estabelecimento","value":"33333331"},{"key":"Accept","value":"application/json"}],"method":"GET","body":{}},"status":"Internal Server Error","code":500,"header":[{"key":"Content-Type","value":"application/json"}],"body":"{\n  \"codigoRetorno\": 2,\n  \"mensagem\": \"2 - Erro Interno (Meaning Internal Error)\"\n}","cookie":[],"_postman_previewlanguage":"json"}],"event":[],"protocolProfileBehavior":{"disableBodyPruning":true}}],"event":[],"variable":[{"type":"string","value":"https://cat.api.firstdata.com","key":"baseUrl"}],"auth":{"type":"apikey","apikey":[{"key":"key","value":"Authorization"},{"key":"value","value":"{{apiKey}}"},{"key":"in","value":"header"}]},"info":{"_postman_id":"1ad3cfb1-3a0f-4dee-90c5-414ba09440b6","name":"API Sales Tracking","schema":"https://schema.getpostman.com/json/collection/v2.1.0/collection.json","description":{"content":"API Sales Tracking\n\nContact Support:\n Name: Fiserv","type":"text/plain"}}}