{"item":[{"id":"531e4009-6f7e-40b1-b811-01fa036aad4d","name":"bwa/consulta-transacoes-suspensas/v1/consulta","item":[{"id":"80f3a5ea-a2c6-4b77-9324-2cdc6100a0af","name":"Search for suspended transactions by Merchant ID","request":{"name":"Search for suspended transactions by Merchant ID","description":{"content":"Search for suspended transactions by Merchant ID","type":"text/plain"},"url":{"path":["bwa","consulta-transacoes-suspensas","v1","consulta","transacaosuspensa"],"host":["{{baseUrl}}"],"query":[{"disabled":false,"key":"page","value":"<integer>","description":"Search page number (Default 0)"},{"disabled":false,"key":"size","value":"<integer>","description":"Number of records to search on the page (Default 20)"},{"disabled":false,"key":"sort","value":"<string>","description":"Ordering field can be any return field. It is possible to determine as ASC (ascending), DESC (descending) or none"}],"variable":[]},"header":[{"disabled":false,"description":"(Required) HMAC","key":"Message-Signature","value":"<string>"},{"disabled":false,"description":"(Required) APigee Key","key":"Api-Key","value":"<string>"},{"disabled":false,"description":"(Required) Oauth Key","key":"auth","value":"<string>"},{"disabled":false,"description":"(Required) Date - Epoch format","key":"Timestamp","value":"<string>"},{"disabled":false,"description":"(Required) Randomly generated by client","key":"Client-Request-Id","value":"<string>"},{"disabled":false,"description":"(Required) Merchant Institution Number","key":"instituicao","value":"<string>"},{"disabled":false,"description":"(Required) Merchant Code","key":"estabelecimento","value":"<string>"},{"key":"Content-Type","value":"application/json"},{"key":"Accept","value":"application/json"}],"method":"POST","auth":null,"body":{"mode":"raw","raw":"{\n  \"bandeira\": \"<string>\",\n  \"tipoServico\": \"<string>\",\n  \"dataInicial\": \"<string>\",\n  \"dataFinal\": \"<string>\",\n  \"valorLiquido\": \"<string>\",\n  \"statusDoPagamento\": \"<string>\",\n  \"bancoAgConta\": \"<string>\"\n}","options":{"raw":{"language":"json"}}}},"response":[{"id":"31c7ee9b-cb72-4b62-b510-e656ffa5915f","name":"Successfully Done","originalRequest":{"url":{"path":["bwa","consulta-transacoes-suspensas","v1","consulta","transacaosuspensa"],"host":["{{baseUrl}}"],"query":[{"key":"page","value":"0"},{"key":"size","value":"33"},{"key":"sort","value":"<string>"}],"variable":[]},"header":[{"disabled":false,"description":"(Required) HMAC","key":"Message-Signature","value":"1tsmkG9Ip3k2rcO5cETButfP3D/RS6U8troFF+mUrno="},{"disabled":false,"description":"(Required) APigee Key","key":"Api-Key","value":"X0GW3QGOYFn4r7DHcVC8KuatUnNs6MGB"},{"disabled":false,"description":"(Required) Oauth Key","key":"auth","value":""},{"disabled":false,"description":"(Required) Date - Epoch format","key":"Timestamp","value":"1563309156733"},{"disabled":false,"description":"(Required) Randomly generated by client","key":"Client-Request-Id","value":"6NYHj9Pgyxc84rmafpwG4fjhLwFfJYFVmxJOcgziD0QN3q6mGC"},{"disabled":false,"description":"(Required) Merchant Institution Number","key":"instituicao","value":"00000003"},{"disabled":false,"description":"(Required) Merchant Code","key":"estabelecimento","value":"12341964"},{"key":"Accept","value":"application/json"}],"method":"POST","body":{"mode":"raw","raw":"{\n  \"bandeira\": \"002 - Mastercard\",\n  \"tipoServico\": \"001 - Credit\",\n  \"dataInicial\": \"YYYY-MM-DD\",\n  \"dataFinal\": \"YYYY-MM-DD\",\n  \"valorLiquido\": \"52.16\",\n  \"statusDoPagamento\": \"Payment Rejected\",\n  \"bancoAgConta\": \"200/000215/3450000\"\n}","options":{"raw":{"language":"json"}}}},"status":"OK","code":200,"header":[{"key":"Content-Type","value":"application/json"}],"body":"{\n  \"codigoRetorno\": 0,\n  \"mensagem\": \"0 - Sucesso - (meaning Success)\",\n  \"conteudo\": [\n    {\n      \"dataOriginalPagamento\": \"20210503\",\n      \"dataPagamento\": \"20210430\",\n      \"clientNumber\": \"12345678\",\n      \"comprovanteTransacao\": \"02809425968\",\n      \"tipoTransacao\": \"VISA Credit\",\n      \"numeroParcela\": \"2\",\n      \"statusPagamento\": \"Pagamento recusado\",\n      \"dataSuspensao\": \"20210429\",\n      \"valorBrutoPagamentoRejeitado\": \"376.90\",\n      \"valorLiquidoPagamentoRejeitado\": \"372.93\",\n      \"bancoAgenciaConta\": \"341/000001/00123456789\",\n      \"totalParcelasTransacao\": \"5\",\n      \"totalBruto\": \"18928000\",\n      \"totalLiquido\": \"18549440\"\n    },\n    {\n      \"dataOriginalPagamento\": \"20210503\",\n      \"dataPagamento\": \"20210430\",\n      \"clientNumber\": \"12345678\",\n      \"comprovanteTransacao\": \"02809425968\",\n      \"tipoTransacao\": \"VISA Credit\",\n      \"numeroParcela\": \"2\",\n      \"statusPagamento\": \"Pagamento recusado\",\n      \"dataSuspensao\": \"20210429\",\n      \"valorBrutoPagamentoRejeitado\": \"376.90\",\n      \"valorLiquidoPagamentoRejeitado\": \"372.93\",\n      \"bancoAgenciaConta\": \"341/000001/00123456789\",\n      \"totalParcelasTransacao\": \"5\",\n      \"totalBruto\": \"18928000\",\n      \"totalLiquido\": \"18549440\"\n    }\n  ],\n  \"lastPage\": true,\n  \"totalPages\": 10,\n  \"totalItems\": 350,\n  \"currentPage\": 0,\n  \"totalCurrentItems\": 30\n}","cookie":[],"_postman_previewlanguage":"json"},{"id":"1b874ef0-215b-4817-880a-3dee54f97f92","name":"Partial Content","originalRequest":{"url":{"path":["bwa","consulta-transacoes-suspensas","v1","consulta","transacaosuspensa"],"host":["{{baseUrl}}"],"query":[{"key":"page","value":"0"},{"key":"size","value":"33"},{"key":"sort","value":"<string>"}],"variable":[]},"header":[{"disabled":false,"description":"(Required) HMAC","key":"Message-Signature","value":"1tsmkG9Ip3k2rcO5cETButfP3D/RS6U8troFF+mUrno="},{"disabled":false,"description":"(Required) APigee Key","key":"Api-Key","value":"X0GW3QGOYFn4r7DHcVC8KuatUnNs6MGB"},{"disabled":false,"description":"(Required) Oauth Key","key":"auth","value":""},{"disabled":false,"description":"(Required) Date - Epoch format","key":"Timestamp","value":"1563309156733"},{"disabled":false,"description":"(Required) Randomly generated by client","key":"Client-Request-Id","value":"6NYHj9Pgyxc84rmafpwG4fjhLwFfJYFVmxJOcgziD0QN3q6mGC"},{"disabled":false,"description":"(Required) Merchant Institution Number","key":"instituicao","value":"00000003"},{"disabled":false,"description":"(Required) Merchant Code","key":"estabelecimento","value":"12341964"},{"key":"Accept","value":"application/json"}],"method":"POST","body":{"mode":"raw","raw":"{\n  \"bandeira\": \"002 - Mastercard\",\n  \"tipoServico\": \"001 - Credit\",\n  \"dataInicial\": \"YYYY-MM-DD\",\n  \"dataFinal\": \"YYYY-MM-DD\",\n  \"valorLiquido\": \"52.16\",\n  \"statusDoPagamento\": \"Payment Rejected\",\n  \"bancoAgConta\": \"200/000215/3450000\"\n}","options":{"raw":{"language":"json"}}}},"status":"Partial Content","code":206,"header":[{"key":"Content-Type","value":"application/json"}],"body":"{\n  \"codigoRetorno\": 9,\n  \"mensagem\": \"9 - Campos mandatorios - (meaning Mandatory Fields Missing\"\n}","cookie":[],"_postman_previewlanguage":"json"},{"id":"81cd0f1d-1b61-4d15-b227-7a6c92ca6ad2","name":"Unauthorized","originalRequest":{"url":{"path":["bwa","consulta-transacoes-suspensas","v1","consulta","transacaosuspensa"],"host":["{{baseUrl}}"],"query":[{"key":"page","value":"0"},{"key":"size","value":"33"},{"key":"sort","value":"<string>"}],"variable":[]},"header":[{"disabled":false,"description":"(Required) HMAC","key":"Message-Signature","value":"1tsmkG9Ip3k2rcO5cETButfP3D/RS6U8troFF+mUrno="},{"disabled":false,"description":"(Required) APigee Key","key":"Api-Key","value":"X0GW3QGOYFn4r7DHcVC8KuatUnNs6MGB"},{"disabled":false,"description":"(Required) Oauth Key","key":"auth","value":""},{"disabled":false,"description":"(Required) Date - Epoch format","key":"Timestamp","value":"1563309156733"},{"disabled":false,"description":"(Required) Randomly generated by client","key":"Client-Request-Id","value":"6NYHj9Pgyxc84rmafpwG4fjhLwFfJYFVmxJOcgziD0QN3q6mGC"},{"disabled":false,"description":"(Required) Merchant Institution Number","key":"instituicao","value":"00000003"},{"disabled":false,"description":"(Required) Merchant Code","key":"estabelecimento","value":"12341964"},{"key":"Accept","value":"application/json"}],"method":"POST","body":{"mode":"raw","raw":"{\n  \"bandeira\": \"002 - Mastercard\",\n  \"tipoServico\": \"001 - Credit\",\n  \"dataInicial\": \"YYYY-MM-DD\",\n  \"dataFinal\": \"YYYY-MM-DD\",\n  \"valorLiquido\": \"52.16\",\n  \"statusDoPagamento\": \"Payment Rejected\",\n  \"bancoAgConta\": \"200/000215/3450000\"\n}","options":{"raw":{"language":"json"}}}},"status":"Unauthorized","code":401,"header":[{"key":"Content-Type","value":"application/json"}],"body":"{\n  \"codigoRetorno\": {},\n  \"mensagem\": \"Acesso nao autorizado ao conteudo pesquisado - (meaning Unauthorized Access)\"\n}","cookie":[],"_postman_previewlanguage":"json"},{"id":"3b5af5f1-fa77-4774-98d5-980610f3e61c","name":"Forbidden","originalRequest":{"url":{"path":["bwa","consulta-transacoes-suspensas","v1","consulta","transacaosuspensa"],"host":["{{baseUrl}}"],"query":[{"key":"page","value":"0"},{"key":"size","value":"33"},{"key":"sort","value":"<string>"}],"variable":[]},"header":[{"disabled":false,"description":"(Required) HMAC","key":"Message-Signature","value":"1tsmkG9Ip3k2rcO5cETButfP3D/RS6U8troFF+mUrno="},{"disabled":false,"description":"(Required) APigee Key","key":"Api-Key","value":"X0GW3QGOYFn4r7DHcVC8KuatUnNs6MGB"},{"disabled":false,"description":"(Required) Oauth Key","key":"auth","value":""},{"disabled":false,"description":"(Required) Date - Epoch format","key":"Timestamp","value":"1563309156733"},{"disabled":false,"description":"(Required) Randomly generated by client","key":"Client-Request-Id","value":"6NYHj9Pgyxc84rmafpwG4fjhLwFfJYFVmxJOcgziD0QN3q6mGC"},{"disabled":false,"description":"(Required) Merchant Institution Number","key":"instituicao","value":"00000003"},{"disabled":false,"description":"(Required) Merchant Code","key":"estabelecimento","value":"12341964"},{"key":"Accept","value":"application/json"}],"method":"POST","body":{"mode":"raw","raw":"{\n  \"bandeira\": \"002 - Mastercard\",\n  \"tipoServico\": \"001 - Credit\",\n  \"dataInicial\": \"YYYY-MM-DD\",\n  \"dataFinal\": \"YYYY-MM-DD\",\n  \"valorLiquido\": \"52.16\",\n  \"statusDoPagamento\": \"Payment Rejected\",\n  \"bancoAgConta\": \"200/000215/3450000\"\n}","options":{"raw":{"language":"json"}}}},"status":"Forbidden","code":403,"header":[{"key":"Content-Type","value":"application/json"}],"body":"{\n  \"codigoRetorno\": 3,\n  \"mensagem\": \"3 - Acesso negado - (meaning Access Denied)\"\n}","cookie":[],"_postman_previewlanguage":"json"},{"id":"32907f9e-1983-4192-8bbb-950e65e3f4e7","name":"Not Found","originalRequest":{"url":{"path":["bwa","consulta-transacoes-suspensas","v1","consulta","transacaosuspensa"],"host":["{{baseUrl}}"],"query":[{"key":"page","value":"0"},{"key":"size","value":"33"},{"key":"sort","value":"<string>"}],"variable":[]},"header":[{"disabled":false,"description":"(Required) HMAC","key":"Message-Signature","value":"1tsmkG9Ip3k2rcO5cETButfP3D/RS6U8troFF+mUrno="},{"disabled":false,"description":"(Required) APigee Key","key":"Api-Key","value":"X0GW3QGOYFn4r7DHcVC8KuatUnNs6MGB"},{"disabled":false,"description":"(Required) Oauth Key","key":"auth","value":""},{"disabled":false,"description":"(Required) Date - Epoch format","key":"Timestamp","value":"1563309156733"},{"disabled":false,"description":"(Required) Randomly generated by client","key":"Client-Request-Id","value":"6NYHj9Pgyxc84rmafpwG4fjhLwFfJYFVmxJOcgziD0QN3q6mGC"},{"disabled":false,"description":"(Required) Merchant Institution Number","key":"instituicao","value":"00000003"},{"disabled":false,"description":"(Required) Merchant Code","key":"estabelecimento","value":"12341964"},{"key":"Accept","value":"application/json"}],"method":"POST","body":{"mode":"raw","raw":"{\n  \"bandeira\": \"002 - Mastercard\",\n  \"tipoServico\": \"001 - Credit\",\n  \"dataInicial\": \"YYYY-MM-DD\",\n  \"dataFinal\": \"YYYY-MM-DD\",\n  \"valorLiquido\": \"52.16\",\n  \"statusDoPagamento\": \"Payment Rejected\",\n  \"bancoAgConta\": \"200/000215/3450000\"\n}","options":{"raw":{"language":"json"}}}},"status":"Not Found","code":404,"header":[{"key":"Content-Type","value":"application/json"}],"body":"{\n  \"codigoRetorno\": {},\n  \"mensagem\": \"Item nao encontrado - (meaning Item not Found)\"\n}","cookie":[],"_postman_previewlanguage":"json"},{"id":"d3f82f21-d2fc-472f-bfb9-f43b005addb5","name":"Conflict","originalRequest":{"url":{"path":["bwa","consulta-transacoes-suspensas","v1","consulta","transacaosuspensa"],"host":["{{baseUrl}}"],"query":[{"key":"page","value":"0"},{"key":"size","value":"33"},{"key":"sort","value":"<string>"}],"variable":[]},"header":[{"disabled":false,"description":"(Required) HMAC","key":"Message-Signature","value":"1tsmkG9Ip3k2rcO5cETButfP3D/RS6U8troFF+mUrno="},{"disabled":false,"description":"(Required) APigee Key","key":"Api-Key","value":"X0GW3QGOYFn4r7DHcVC8KuatUnNs6MGB"},{"disabled":false,"description":"(Required) Oauth Key","key":"auth","value":""},{"disabled":false,"description":"(Required) Date - Epoch format","key":"Timestamp","value":"1563309156733"},{"disabled":false,"description":"(Required) Randomly generated by client","key":"Client-Request-Id","value":"6NYHj9Pgyxc84rmafpwG4fjhLwFfJYFVmxJOcgziD0QN3q6mGC"},{"disabled":false,"description":"(Required) Merchant Institution Number","key":"instituicao","value":"00000003"},{"disabled":false,"description":"(Required) Merchant Code","key":"estabelecimento","value":"12341964"},{"key":"Accept","value":"application/json"}],"method":"POST","body":{"mode":"raw","raw":"{\n  \"bandeira\": \"002 - Mastercard\",\n  \"tipoServico\": \"001 - Credit\",\n  \"dataInicial\": \"YYYY-MM-DD\",\n  \"dataFinal\": \"YYYY-MM-DD\",\n  \"valorLiquido\": \"52.16\",\n  \"statusDoPagamento\": \"Payment Rejected\",\n  \"bancoAgConta\": \"200/000215/3450000\"\n}","options":{"raw":{"language":"json"}}}},"status":"Conflict","code":409,"header":[{"key":"Content-Type","value":"application/json"}],"body":"{\n  \"codigoRetorno\": {},\n  \"mensagem\": \"Item duplicado - (meaning Item Duplicated)\"\n}","cookie":[],"_postman_previewlanguage":"json"},{"id":"1681eccf-1374-438b-855c-fbded0ea714c","name":"Internal Server Error","originalRequest":{"url":{"path":["bwa","consulta-transacoes-suspensas","v1","consulta","transacaosuspensa"],"host":["{{baseUrl}}"],"query":[{"key":"page","value":"0"},{"key":"size","value":"33"},{"key":"sort","value":"<string>"}],"variable":[]},"header":[{"disabled":false,"description":"(Required) HMAC","key":"Message-Signature","value":"1tsmkG9Ip3k2rcO5cETButfP3D/RS6U8troFF+mUrno="},{"disabled":false,"description":"(Required) APigee Key","key":"Api-Key","value":"X0GW3QGOYFn4r7DHcVC8KuatUnNs6MGB"},{"disabled":false,"description":"(Required) Oauth Key","key":"auth","value":""},{"disabled":false,"description":"(Required) Date - Epoch format","key":"Timestamp","value":"1563309156733"},{"disabled":false,"description":"(Required) Randomly generated by client","key":"Client-Request-Id","value":"6NYHj9Pgyxc84rmafpwG4fjhLwFfJYFVmxJOcgziD0QN3q6mGC"},{"disabled":false,"description":"(Required) Merchant Institution Number","key":"instituicao","value":"00000003"},{"disabled":false,"description":"(Required) Merchant Code","key":"estabelecimento","value":"12341964"},{"key":"Accept","value":"application/json"}],"method":"POST","body":{"mode":"raw","raw":"{\n  \"bandeira\": \"002 - Mastercard\",\n  \"tipoServico\": \"001 - Credit\",\n  \"dataInicial\": \"YYYY-MM-DD\",\n  \"dataFinal\": \"YYYY-MM-DD\",\n  \"valorLiquido\": \"52.16\",\n  \"statusDoPagamento\": \"Payment Rejected\",\n  \"bancoAgConta\": \"200/000215/3450000\"\n}","options":{"raw":{"language":"json"}}}},"status":"Internal Server Error","code":500,"header":[{"key":"Content-Type","value":"application/json"}],"body":"{\n  \"codigoRetorno\": 2,\n  \"mensagem\": \"2 - Erro Interno - (meaning Internal Error)\"\n}","cookie":[],"_postman_previewlanguage":"json"}],"event":[],"protocolProfileBehavior":{"disableBodyPruning":true}},{"id":"0a335743-afbe-4248-96e5-2a10c6dcca2e","name":"Search for suspended summarized by Merchant ID","request":{"name":"Search for suspended summarized by Merchant ID","description":{"content":"Search for suspended summarized by Merchant ID","type":"text/plain"},"url":{"path":["bwa","consulta-transacoes-suspensas","v1","consulta","transacaosuspensaSumarizada"],"host":["{{baseUrl}}"],"query":[{"disabled":false,"key":"page","value":"<integer>","description":"Search page number (Default 0)"},{"disabled":false,"key":"size","value":"<integer>","description":"Number of records to search on the page (Default 20)"},{"disabled":false,"key":"sort","value":"<string>","description":"Ordering field can be any return field. It is possible to determine as ASC (ascending), DESC (descending) or none"}],"variable":[]},"header":[{"disabled":false,"description":"(Required) HMAC","key":"Message-Signature","value":"<string>"},{"disabled":false,"description":"(Required) APigee Key","key":"Api-Key","value":"<string>"},{"disabled":false,"description":"(Required) Oauth Key","key":"auth","value":"<string>"},{"disabled":false,"description":"(Required) Date - Epoch format","key":"Timestamp","value":"<string>"},{"disabled":false,"description":"(Required) Randomly generated by client","key":"Client-Request-Id","value":"<string>"},{"disabled":false,"description":"(Required) Merchant Institution Number","key":"instituicao","value":"<string>"},{"disabled":false,"description":"(Required) Merchant Code","key":"estabelecimento","value":"<string>"},{"key":"Content-Type","value":"application/json"},{"key":"Accept","value":"application/json"}],"method":"POST","auth":null,"body":{"mode":"raw","raw":"{\n  \"bandeira\": \"<string>\",\n  \"tipoServico\": \"<string>\",\n  \"dataInicial\": \"<string>\",\n  \"dataFinal\": \"<string>\",\n  \"valorLiquido\": \"<string>\",\n  \"statusDoPagamento\": \"<string>\",\n  \"bancoAgConta\": \"<string>\"\n}","options":{"raw":{"language":"json"}}}},"response":[{"id":"c9c95b14-7d78-4b76-979c-77910a4142f8","name":"Successfully Done","originalRequest":{"url":{"path":["bwa","consulta-transacoes-suspensas","v1","consulta","transacaosuspensaSumarizada"],"host":["{{baseUrl}}"],"query":[{"key":"page","value":"0"},{"key":"size","value":"33"},{"key":"sort","value":"<string>"}],"variable":[]},"header":[{"disabled":false,"description":"(Required) HMAC","key":"Message-Signature","value":"1tsmkG9Ip3k2rcO5cETButfP3D/RS6U8troFF+mUrno="},{"disabled":false,"description":"(Required) APigee Key","key":"Api-Key","value":"X0GW3QGOYFn4r7DHcVC8KuatUnNs6MGB"},{"disabled":false,"description":"(Required) Oauth Key","key":"auth","value":""},{"disabled":false,"description":"(Required) Date - Epoch format","key":"Timestamp","value":"1563309156733"},{"disabled":false,"description":"(Required) Randomly generated by client","key":"Client-Request-Id","value":"6NYHj9Pgyxc84rmafpwG4fjhLwFfJYFVmxJOcgziD0QN3q6mGC"},{"disabled":false,"description":"(Required) Merchant Institution Number","key":"instituicao","value":"00000003"},{"disabled":false,"description":"(Required) Merchant Code","key":"estabelecimento","value":"12341964"},{"key":"Accept","value":"application/json"}],"method":"POST","body":{"mode":"raw","raw":"{\n  \"bandeira\": \"002 - Mastercard\",\n  \"tipoServico\": \"001 - Credit\",\n  \"dataInicial\": \"YYYY-MM-DD\",\n  \"dataFinal\": \"YYYY-MM-DD\",\n  \"valorLiquido\": \"52.16\",\n  \"statusDoPagamento\": \"Payment Rejected\",\n  \"bancoAgConta\": \"200/000215/3450000\"\n}","options":{"raw":{"language":"json"}}}},"status":"OK","code":200,"header":[{"key":"Content-Type","value":"application/json"}],"body":"{\n  \"codigoRetorno\": 0,\n  \"mensagem\": \"0 - Sucesso - (meaning Success)\",\n  \"conteudo\": [\n    {\n      \"totalBruto\": \"18928060\",\n      \"totalLiquido\": \"18549498.8\",\n      \"tipoTransacao\": \"MC Debit\"\n    },\n    {\n      \"totalBruto\": \"18928060\",\n      \"totalLiquido\": \"18549498.8\",\n      \"tipoTransacao\": \"MC Debit\"\n    }\n  ],\n  \"lastPage\": true,\n  \"totalPages\": 10,\n  \"totalItems\": 350,\n  \"currentPage\": 0,\n  \"totalCurrentItems\": 30\n}","cookie":[],"_postman_previewlanguage":"json"},{"id":"a2f75cbd-bce5-42d9-b1fe-4e5d42f503e2","name":"Partial Content","originalRequest":{"url":{"path":["bwa","consulta-transacoes-suspensas","v1","consulta","transacaosuspensaSumarizada"],"host":["{{baseUrl}}"],"query":[{"key":"page","value":"0"},{"key":"size","value":"33"},{"key":"sort","value":"<string>"}],"variable":[]},"header":[{"disabled":false,"description":"(Required) HMAC","key":"Message-Signature","value":"1tsmkG9Ip3k2rcO5cETButfP3D/RS6U8troFF+mUrno="},{"disabled":false,"description":"(Required) APigee Key","key":"Api-Key","value":"X0GW3QGOYFn4r7DHcVC8KuatUnNs6MGB"},{"disabled":false,"description":"(Required) Oauth Key","key":"auth","value":""},{"disabled":false,"description":"(Required) Date - Epoch format","key":"Timestamp","value":"1563309156733"},{"disabled":false,"description":"(Required) Randomly generated by client","key":"Client-Request-Id","value":"6NYHj9Pgyxc84rmafpwG4fjhLwFfJYFVmxJOcgziD0QN3q6mGC"},{"disabled":false,"description":"(Required) Merchant Institution Number","key":"instituicao","value":"00000003"},{"disabled":false,"description":"(Required) Merchant Code","key":"estabelecimento","value":"12341964"},{"key":"Accept","value":"application/json"}],"method":"POST","body":{"mode":"raw","raw":"{\n  \"bandeira\": \"002 - Mastercard\",\n  \"tipoServico\": \"001 - Credit\",\n  \"dataInicial\": \"YYYY-MM-DD\",\n  \"dataFinal\": \"YYYY-MM-DD\",\n  \"valorLiquido\": \"52.16\",\n  \"statusDoPagamento\": \"Payment Rejected\",\n  \"bancoAgConta\": \"200/000215/3450000\"\n}","options":{"raw":{"language":"json"}}}},"status":"Partial Content","code":206,"header":[{"key":"Content-Type","value":"application/json"}],"body":"{\n  \"codigoRetorno\": 9,\n  \"mensagem\": \"9 - Campos mandatorios - (meaning Mandatory Fields Missing\"\n}","cookie":[],"_postman_previewlanguage":"json"},{"id":"7925d59c-e20e-40c3-9563-0ef4d980b6c9","name":"Unauthorized","originalRequest":{"url":{"path":["bwa","consulta-transacoes-suspensas","v1","consulta","transacaosuspensaSumarizada"],"host":["{{baseUrl}}"],"query":[{"key":"page","value":"0"},{"key":"size","value":"33"},{"key":"sort","value":"<string>"}],"variable":[]},"header":[{"disabled":false,"description":"(Required) HMAC","key":"Message-Signature","value":"1tsmkG9Ip3k2rcO5cETButfP3D/RS6U8troFF+mUrno="},{"disabled":false,"description":"(Required) APigee Key","key":"Api-Key","value":"X0GW3QGOYFn4r7DHcVC8KuatUnNs6MGB"},{"disabled":false,"description":"(Required) Oauth Key","key":"auth","value":""},{"disabled":false,"description":"(Required) Date - Epoch format","key":"Timestamp","value":"1563309156733"},{"disabled":false,"description":"(Required) Randomly generated by client","key":"Client-Request-Id","value":"6NYHj9Pgyxc84rmafpwG4fjhLwFfJYFVmxJOcgziD0QN3q6mGC"},{"disabled":false,"description":"(Required) Merchant Institution Number","key":"instituicao","value":"00000003"},{"disabled":false,"description":"(Required) Merchant Code","key":"estabelecimento","value":"12341964"},{"key":"Accept","value":"application/json"}],"method":"POST","body":{"mode":"raw","raw":"{\n  \"bandeira\": \"002 - Mastercard\",\n  \"tipoServico\": \"001 - Credit\",\n  \"dataInicial\": \"YYYY-MM-DD\",\n  \"dataFinal\": \"YYYY-MM-DD\",\n  \"valorLiquido\": \"52.16\",\n  \"statusDoPagamento\": \"Payment Rejected\",\n  \"bancoAgConta\": \"200/000215/3450000\"\n}","options":{"raw":{"language":"json"}}}},"status":"Unauthorized","code":401,"header":[{"key":"Content-Type","value":"application/json"}],"body":"{\n  \"codigoRetorno\": {},\n  \"mensagem\": \"Acesso nao autorizado ao conteudo pesquisado - (meaning Unauthorized Access)\"\n}","cookie":[],"_postman_previewlanguage":"json"},{"id":"02581bdb-8476-4b32-b0f0-35e04cba2a85","name":"Forbidden","originalRequest":{"url":{"path":["bwa","consulta-transacoes-suspensas","v1","consulta","transacaosuspensaSumarizada"],"host":["{{baseUrl}}"],"query":[{"key":"page","value":"0"},{"key":"size","value":"33"},{"key":"sort","value":"<string>"}],"variable":[]},"header":[{"disabled":false,"description":"(Required) HMAC","key":"Message-Signature","value":"1tsmkG9Ip3k2rcO5cETButfP3D/RS6U8troFF+mUrno="},{"disabled":false,"description":"(Required) APigee Key","key":"Api-Key","value":"X0GW3QGOYFn4r7DHcVC8KuatUnNs6MGB"},{"disabled":false,"description":"(Required) Oauth Key","key":"auth","value":""},{"disabled":false,"description":"(Required) Date - Epoch format","key":"Timestamp","value":"1563309156733"},{"disabled":false,"description":"(Required) Randomly generated by client","key":"Client-Request-Id","value":"6NYHj9Pgyxc84rmafpwG4fjhLwFfJYFVmxJOcgziD0QN3q6mGC"},{"disabled":false,"description":"(Required) Merchant Institution Number","key":"instituicao","value":"00000003"},{"disabled":false,"description":"(Required) Merchant Code","key":"estabelecimento","value":"12341964"},{"key":"Accept","value":"application/json"}],"method":"POST","body":{"mode":"raw","raw":"{\n  \"bandeira\": \"002 - Mastercard\",\n  \"tipoServico\": \"001 - Credit\",\n  \"dataInicial\": \"YYYY-MM-DD\",\n  \"dataFinal\": \"YYYY-MM-DD\",\n  \"valorLiquido\": \"52.16\",\n  \"statusDoPagamento\": \"Payment Rejected\",\n  \"bancoAgConta\": \"200/000215/3450000\"\n}","options":{"raw":{"language":"json"}}}},"status":"Forbidden","code":403,"header":[{"key":"Content-Type","value":"application/json"}],"body":"{\n  \"codigoRetorno\": 3,\n  \"mensagem\": \"3 - Acesso negado - (meaning Access Denied)\"\n}","cookie":[],"_postman_previewlanguage":"json"},{"id":"a024c019-7436-4151-8587-a060884493e7","name":"Not Found","originalRequest":{"url":{"path":["bwa","consulta-transacoes-suspensas","v1","consulta","transacaosuspensaSumarizada"],"host":["{{baseUrl}}"],"query":[{"key":"page","value":"0"},{"key":"size","value":"33"},{"key":"sort","value":"<string>"}],"variable":[]},"header":[{"disabled":false,"description":"(Required) HMAC","key":"Message-Signature","value":"1tsmkG9Ip3k2rcO5cETButfP3D/RS6U8troFF+mUrno="},{"disabled":false,"description":"(Required) APigee Key","key":"Api-Key","value":"X0GW3QGOYFn4r7DHcVC8KuatUnNs6MGB"},{"disabled":false,"description":"(Required) Oauth Key","key":"auth","value":""},{"disabled":false,"description":"(Required) Date - Epoch format","key":"Timestamp","value":"1563309156733"},{"disabled":false,"description":"(Required) Randomly generated by client","key":"Client-Request-Id","value":"6NYHj9Pgyxc84rmafpwG4fjhLwFfJYFVmxJOcgziD0QN3q6mGC"},{"disabled":false,"description":"(Required) Merchant Institution Number","key":"instituicao","value":"00000003"},{"disabled":false,"description":"(Required) Merchant Code","key":"estabelecimento","value":"12341964"},{"key":"Accept","value":"application/json"}],"method":"POST","body":{"mode":"raw","raw":"{\n  \"bandeira\": \"002 - Mastercard\",\n  \"tipoServico\": \"001 - Credit\",\n  \"dataInicial\": \"YYYY-MM-DD\",\n  \"dataFinal\": \"YYYY-MM-DD\",\n  \"valorLiquido\": \"52.16\",\n  \"statusDoPagamento\": \"Payment Rejected\",\n  \"bancoAgConta\": \"200/000215/3450000\"\n}","options":{"raw":{"language":"json"}}}},"status":"Not Found","code":404,"header":[{"key":"Content-Type","value":"application/json"}],"body":"{\n  \"codigoRetorno\": {},\n  \"mensagem\": \"Item nao encontrado - (meaning Item not Found)\"\n}","cookie":[],"_postman_previewlanguage":"json"},{"id":"7e149b3c-0b61-46b0-8e45-cdc4d55ec682","name":"Conflict","originalRequest":{"url":{"path":["bwa","consulta-transacoes-suspensas","v1","consulta","transacaosuspensaSumarizada"],"host":["{{baseUrl}}"],"query":[{"key":"page","value":"0"},{"key":"size","value":"33"},{"key":"sort","value":"<string>"}],"variable":[]},"header":[{"disabled":false,"description":"(Required) HMAC","key":"Message-Signature","value":"1tsmkG9Ip3k2rcO5cETButfP3D/RS6U8troFF+mUrno="},{"disabled":false,"description":"(Required) APigee Key","key":"Api-Key","value":"X0GW3QGOYFn4r7DHcVC8KuatUnNs6MGB"},{"disabled":false,"description":"(Required) Oauth Key","key":"auth","value":""},{"disabled":false,"description":"(Required) Date - Epoch format","key":"Timestamp","value":"1563309156733"},{"disabled":false,"description":"(Required) Randomly generated by client","key":"Client-Request-Id","value":"6NYHj9Pgyxc84rmafpwG4fjhLwFfJYFVmxJOcgziD0QN3q6mGC"},{"disabled":false,"description":"(Required) Merchant Institution Number","key":"instituicao","value":"00000003"},{"disabled":false,"description":"(Required) Merchant Code","key":"estabelecimento","value":"12341964"},{"key":"Accept","value":"application/json"}],"method":"POST","body":{"mode":"raw","raw":"{\n  \"bandeira\": \"002 - Mastercard\",\n  \"tipoServico\": \"001 - Credit\",\n  \"dataInicial\": \"YYYY-MM-DD\",\n  \"dataFinal\": \"YYYY-MM-DD\",\n  \"valorLiquido\": \"52.16\",\n  \"statusDoPagamento\": \"Payment Rejected\",\n  \"bancoAgConta\": \"200/000215/3450000\"\n}","options":{"raw":{"language":"json"}}}},"status":"Conflict","code":409,"header":[{"key":"Content-Type","value":"application/json"}],"body":"{\n  \"codigoRetorno\": {},\n  \"mensagem\": \"Item duplicado - (meaning Item Duplicated)\"\n}","cookie":[],"_postman_previewlanguage":"json"},{"id":"86f14939-d5d7-4e4b-ab05-c90e498e015f","name":"Internal Server Error","originalRequest":{"url":{"path":["bwa","consulta-transacoes-suspensas","v1","consulta","transacaosuspensaSumarizada"],"host":["{{baseUrl}}"],"query":[{"key":"page","value":"0"},{"key":"size","value":"33"},{"key":"sort","value":"<string>"}],"variable":[]},"header":[{"disabled":false,"description":"(Required) HMAC","key":"Message-Signature","value":"1tsmkG9Ip3k2rcO5cETButfP3D/RS6U8troFF+mUrno="},{"disabled":false,"description":"(Required) APigee Key","key":"Api-Key","value":"X0GW3QGOYFn4r7DHcVC8KuatUnNs6MGB"},{"disabled":false,"description":"(Required) Oauth Key","key":"auth","value":""},{"disabled":false,"description":"(Required) Date - Epoch format","key":"Timestamp","value":"1563309156733"},{"disabled":false,"description":"(Required) Randomly generated by client","key":"Client-Request-Id","value":"6NYHj9Pgyxc84rmafpwG4fjhLwFfJYFVmxJOcgziD0QN3q6mGC"},{"disabled":false,"description":"(Required) Merchant Institution Number","key":"instituicao","value":"00000003"},{"disabled":false,"description":"(Required) Merchant Code","key":"estabelecimento","value":"12341964"},{"key":"Accept","value":"application/json"}],"method":"POST","body":{"mode":"raw","raw":"{\n  \"bandeira\": \"002 - Mastercard\",\n  \"tipoServico\": \"001 - Credit\",\n  \"dataInicial\": \"YYYY-MM-DD\",\n  \"dataFinal\": \"YYYY-MM-DD\",\n  \"valorLiquido\": \"52.16\",\n  \"statusDoPagamento\": \"Payment Rejected\",\n  \"bancoAgConta\": \"200/000215/3450000\"\n}","options":{"raw":{"language":"json"}}}},"status":"Internal Server Error","code":500,"header":[{"key":"Content-Type","value":"application/json"}],"body":"{\n  \"codigoRetorno\": 2,\n  \"mensagem\": \"2 - Erro Interno - (meaning Internal Error)\"\n}","cookie":[],"_postman_previewlanguage":"json"}],"event":[],"protocolProfileBehavior":{"disableBodyPruning":true}}],"event":[]}],"event":[],"variable":[{"type":"string","value":"https://cat.api.firstdata.com","key":"baseUrl"}],"info":{"_postman_id":"5cb35651-7ea7-4d0f-8c55-72152279bd9f","name":"Consult suspended transactions","schema":"https://schema.getpostman.com/json/collection/v2.1.0/collection.json","description":{"content":"Consult suspended transactions by Merchant\n\nContact Support:\n Name: First Data","type":"text/plain"}}}