{"item":[{"id":"abaf0798-4038-4543-9054-59ac002e6dc3","name":"Tenant","description":{"content":"","type":"text/plain"},"item":[{"id":"4efe1d5c-7912-47f7-ac01-74ea4a0edc86","name":"Returns tenant provider API.","request":{"name":"Returns tenant provider API.","description":{},"url":{"path":["v1","products"],"host":["{{baseUrl}}"],"query":[],"variable":[]},"header":[{"key":"Accept","value":"application/json"}],"method":"GET","auth":null},"response":[{"id":"69846817-586c-4ea8-9e57-4d25889cfe68","name":"Tenant provider response. <a href=\"https://fiserv.com\" rel=\"noopener noreferrer\" target=\"_blank\">external link</a> <a href=\"../docs?path=docs/getting-started/setup-tenant/setup-tenant.md\">Setup Tenant</a>","originalRequest":{"url":{"path":["v1","products"],"host":["{{baseUrl}}"],"query":[],"variable":[]},"method":"GET","body":{}},"status":"OK","code":200,"header":[{"key":"Content-Type","value":"application/json"}],"body":"{\n  \"brand\": \"culpa sint laboris non\",\n  \"brandDescription\": \"enim dolor ipsum\",\n  \"brandLogoURL\": \"sed aute culpa\",\n  \"categories\": [\n    {\n      \"name\": \"cupidatat occaecat sed\",\n      \"subcategories\": [\n        {\n          \"name\": \"ullamco\",\n          \"value\": \"officia ex ea\"\n        },\n        {\n          \"name\": \"Duis proident\",\n          \"value\": \"reprehenderit sunt commodo dolore\"\n        }\n      ],\n      \"value\": \"in ad\"\n    },\n    {\n      \"name\": \"in\",\n      \"subcategories\": [\n        {\n          \"name\": \"sunt quis fugiat aliquip pariatur\",\n          \"value\": \"aliqua occaecat quis fugiat\"\n        },\n        {\n          \"name\": \"ea ullamco sed\",\n          \"value\": \"dolor quis sit\"\n        }\n      ],\n      \"value\": \"su\"\n    }\n  ],\n  \"name\": \"dolor ullamco sed\",\n  \"product\": {\n    \"apiSpecification\": \"pariatur id nulla\",\n    \"description\": \"fugiat in\",\n    \"documentation\": \"nulla et sunt\",\n    \"featured\": true,\n    \"layout\": \"est nostrud Excepteur\",\n    \"logoURL\": \"ea anim non\"\n  },\n  \"solution\": \"eiusmod tempor\",\n  \"title\": \"commodo Excepteur dolor amet\"\n}","cookie":[],"_postman_previewlanguage":"json"}],"event":[],"protocolProfileBehavior":{"disableBodyPruning":true}}],"event":[]},{"id":"34778a12-dc77-4f33-b3bb-f5020baf2e1e","name":"Specs","description":{"content":"","type":"text/plain"},"item":[{"id":"bd6c5457-87ab-4605-b75e-1f605c024dde","name":"Returns OpenAPI Spec.","request":{"name":"Returns OpenAPI Spec.","description":{},"url":{"path":["v1","apis"],"host":["{{baseUrl}}"],"query":[],"variable":[]},"header":[{"key":"Content-Type","value":"application/json"}],"method":"POST","auth":null,"body":{"mode":"raw","raw":"{\n  \"categories\": [\n    {\n      \"name\": \"ut\",\n      \"subcategories\": [\n        {\n          \"name\": \"aliqua eiusmod proident\"\n        },\n        {\n          \"name\": \"eu ea et\"\n        }\n      ]\n    },\n    {\n      \"name\": \"eu\",\n      \"subcategories\": [\n        {\n          \"name\": \"dolore ullamco do\"\n        },\n        {\n          \"name\": \"velit\"\n        }\n      ]\n    }\n  ]\n}","options":{"raw":{"language":"json"}}}},"response":[{"id":"00b14234-149e-46b8-976e-c745611d4d5d","originalRequest":{"url":{"path":["v1","apis"],"host":["{{baseUrl}}"],"query":[],"variable":[]},"method":"POST","body":{"mode":"raw","raw":"{\n  \"categories\": [\n    {\n      \"name\": \"sed ullamco\",\n      \"subcategories\": [\n        {\n          \"name\": \"non in elit dolore\"\n        },\n        {\n          \"name\": \"sit exercitation\"\n        }\n      ]\n    },\n    {\n      \"name\": \"pariatur\",\n      \"subcategories\": [\n        {\n          \"name\": \"cupidatat velit\"\n        },\n        {\n          \"name\": \"irure id\"\n        }\n      ]\n    }\n  ]\n}","options":{"raw":{"language":"json"}}}},"status":"OK","code":200,"header":[{"key":"Content-Type","value":"text/plain"}],"body":"","cookie":[],"_postman_previewlanguage":"text"}],"event":[],"protocolProfileBehavior":{"disableBodyPruning":true}}],"event":[]},{"id":"38a02a4a-184b-4fe4-bd45-ea60ed50232b","name":"Documents","description":{"content":"","type":"text/plain"},"item":[{"id":"94231a57-8ef0-4363-8cc7-27da5938c254","name":"Returns Docs in markdown format.","request":{"name":"Returns Docs in markdown format.","description":{},"url":{"path":["v1","docs"],"host":["{{baseUrl}}"],"query":[{"disabled":false,"key":"path","value":"commodo Lorem","description":"(Required) Markdown document path"}],"variable":[]},"method":"GET","auth":null},"response":[{"id":"f74f6e8b-42b1-44f8-8d4f-d2cc195efb53","originalRequest":{"url":{"path":["v1","docs"],"host":["{{baseUrl}}"],"query":[{"key":"path","value":"commodo Lorem"}],"variable":[]},"method":"GET","body":{}},"status":"OK","code":200,"header":[{"key":"Content-Type","value":"text/plain"}],"body":"","cookie":[],"_postman_previewlanguage":"text"}],"event":[],"protocolProfileBehavior":{"disableBodyPruning":true}}],"event":[]},{"id":"40f80be5-157b-4b56-b527-155cc753caa6","name":"Layout","description":{"content":"","type":"text/plain"},"item":[{"id":"650a219f-52ca-4f48-a40c-1a10a22a9518","name":"Returns the product page layout.","request":{"name":"Returns the product page layout.","description":{},"url":{"path":["v1","layouts"],"host":["{{baseUrl}}"],"query":[],"variable":[]},"header":[{"key":"Accept","value":"application/json"}],"method":"GET","auth":null},"response":[{"id":"72b5e9f3-a733-4fc2-adfe-ccf2604072e6","name":"This text will appear as description of your response body.","originalRequest":{"url":{"path":["v1","layouts"],"host":["{{baseUrl}}"],"query":[],"variable":[]},"method":"GET","body":{}},"status":"OK","code":200,"header":[{"key":"Content-Type","value":"application/json"}],"body":"[\n  {\n    \"hero\": [\n      {\n        \"descrption\": \"cillum\",\n        \"image\": \"in eu irure\"\n      },\n      {\n        \"descrption\": \"minim amet in officia\",\n        \"image\": \"nulla cup\"\n      }\n    ],\n    \"journey Cards\": [\n      {\n        \"journeyCard\": [\n          {\n            \"contextualNavigationCards\": [\n              {\n                \"contextualNavigationCard\": [\n                  {\n                    \"value\": \"<Error: Too many levels of nesting to fake this schema>\"\n                  },\n                  {\n                    \"value\": \"<Error: Too many levels of nesting to fake this schema>\"\n                  }\n                ]\n              },\n              {\n                \"contextualNavigationCard\": [\n                  {\n                    \"value\": \"<Error: Too many levels of nesting to fake this schema>\"\n                  },\n                  {\n                    \"value\": \"<Error: Too many levels of nesting to fake this schema>\"\n                  }\n                ]\n              }\n            ],\n            \"description\": \"occaecat\",\n            \"link\": [\n              {\n                \"type\": \"reprehenderit ullamco\",\n                \"uri\": \"aliquip est\"\n              },\n              {\n                \"type\": \"quis\",\n                \"uri\": \"amet\"\n              }\n            ],\n            \"title\": \"minim deserunt magna in\"\n          },\n          {\n            \"contextualNavigationCards\": [\n              {\n                \"contextualNavigationCard\": [\n                  {\n                    \"value\": \"<Error: Too many levels of nesting to fake this schema>\"\n                  },\n                  {\n                    \"value\": \"<Error: Too many levels of nesting to fake this schema>\"\n                  }\n                ]\n              },\n              {\n                \"contextualNavigationCard\": [\n                  {\n                    \"value\": \"<Error: Too many levels of nesting to fake this schema>\"\n                  },\n                  {\n                    \"value\": \"<Error: Too many levels of nesting to fake this schema>\"\n                  }\n                ]\n              }\n            ],\n            \"description\": \"dolore eu qui\",\n            \"link\": [\n              {\n                \"type\": \"do sit offic\",\n                \"uri\": \"elit incididunt\"\n              },\n              {\n                \"type\": \"ad\",\n                \"uri\": \"veniam culpa enim ad\"\n              }\n            ],\n            \"title\": \"aliqua laborum reprehenderit deserunt\"\n          }\n        ]\n      },\n      {\n        \"journeyCard\": [\n          {\n            \"contextualNavigationCards\": [\n              {\n                \"contextualNavigationCard\": [\n                  {\n                    \"value\": \"<Error: Too many levels of nesting to fake this schema>\"\n                  },\n                  {\n                    \"value\": \"<Error: Too many levels of nesting to fake this schema>\"\n                  }\n                ]\n              },\n              {\n                \"contextualNavigationCard\": [\n                  {\n                    \"value\": \"<Error: Too many levels of nesting to fake this schema>\"\n                  },\n                  {\n                    \"value\": \"<Error: Too many levels of nesting to fake this schema>\"\n                  }\n                ]\n              }\n            ],\n            \"description\": \"aliqua pariatur elit qui voluptate\",\n            \"link\": [\n              {\n                \"type\": \"l\",\n                \"uri\": \"Ut sit\"\n              },\n              {\n                \"type\": \"aliquip\",\n                \"uri\": \"nisi s\"\n              }\n            ],\n            \"title\": \"nisi qui sunt\"\n          },\n          {\n            \"contextualNavigationCards\": [\n              {\n                \"contextualNavigationCard\": [\n                  {\n                    \"value\": \"<Error: Too many levels of nesting to fake this schema>\"\n                  },\n                  {\n                    \"value\": \"<Error: Too many levels of nesting to fake this schema>\"\n                  }\n                ]\n              },\n              {\n                \"contextualNavigationCard\": [\n                  {\n                    \"value\": \"<Error: Too many levels of nesting to fake this schema>\"\n                  },\n                  {\n                    \"value\": \"<Error: Too many levels of nesting to fake this schema>\"\n                  }\n                ]\n              }\n            ],\n            \"description\": \"anim labore\",\n            \"link\": [\n              {\n                \"type\": \"sint eu\",\n                \"uri\": \"sed cupidatat Ut cillum laborum\"\n              },\n              {\n                \"type\": \"adipisicing aliqua in Duis\",\n                \"uri\": \"dolor et cupidatat voluptate\"\n              }\n            ],\n            \"title\": \"amet elit est\"\n          }\n        ]\n      }\n    ]\n  },\n  {\n    \"hero\": [\n      {\n        \"descrption\": \"Excepteur Ut\",\n        \"image\": \"sint consectetur Duis ex\"\n      },\n      {\n        \"descrption\": \"incididunt Lorem\",\n        \"image\": \"fugiat\"\n      }\n    ],\n    \"journey Cards\": [\n      {\n        \"journeyCard\": [\n          {\n            \"contextualNavigationCards\": [\n              {\n                \"contextualNavigationCard\": [\n                  {\n                    \"value\": \"<Error: Too many levels of nesting to fake this schema>\"\n                  },\n                  {\n                    \"value\": \"<Error: Too many levels of nesting to fake this schema>\"\n                  }\n                ]\n              },\n              {\n                \"contextualNavigationCard\": [\n                  {\n                    \"value\": \"<Error: Too many levels of nesting to fake this schema>\"\n                  },\n                  {\n                    \"value\": \"<Error: Too many levels of nesting to fake this schema>\"\n                  }\n                ]\n              }\n            ],\n            \"description\": \"velit voluptate amet culpa\",\n            \"link\": [\n              {\n                \"type\": \"aliqua dol\",\n                \"uri\": \"non ipsum adipisi\"\n              },\n              {\n                \"type\": \"minim laborum ea o\",\n                \"uri\": \"cillum consequat\"\n              }\n            ],\n            \"title\": \"sed\"\n          },\n          {\n            \"contextualNavigationCards\": [\n              {\n                \"contextualNavigationCard\": [\n                  {\n                    \"value\": \"<Error: Too many levels of nesting to fake this schema>\"\n                  },\n                  {\n                    \"value\": \"<Error: Too many levels of nesting to fake this schema>\"\n                  }\n                ]\n              },\n              {\n                \"contextualNavigationCard\": [\n                  {\n                    \"value\": \"<Error: Too many levels of nesting to fake this schema>\"\n                  },\n                  {\n                    \"value\": \"<Error: Too many levels of nesting to fake this schema>\"\n                  }\n                ]\n              }\n            ],\n            \"description\": \"ullamco cupidatat nostrud deserunt enim\",\n            \"link\": [\n              {\n                \"type\": \"ut Ut proident et labor\",\n                \"uri\": \"quis mollit\"\n              },\n              {\n                \"type\": \"sunt officia Ut\",\n                \"uri\": \"Ut magna est proident\"\n              }\n            ],\n            \"title\": \"ut ea est et\"\n          }\n        ]\n      },\n      {\n        \"journeyCard\": [\n          {\n            \"contextualNavigationCards\": [\n              {\n                \"contextualNavigationCard\": [\n                  {\n                    \"value\": \"<Error: Too many levels of nesting to fake this schema>\"\n                  },\n                  {\n                    \"value\": \"<Error: Too many levels of nesting to fake this schema>\"\n                  }\n                ]\n              },\n              {\n                \"contextualNavigationCard\": [\n                  {\n                    \"value\": \"<Error: Too many levels of nesting to fake this schema>\"\n                  },\n                  {\n                    \"value\": \"<Error: Too many levels of nesting to fake this schema>\"\n                  }\n                ]\n              }\n            ],\n            \"description\": \"incididunt ut non\",\n            \"link\": [\n              {\n                \"type\": \"esse labore ex \",\n                \"uri\": \"Ut in ipsum dolor pariatur\"\n              },\n              {\n                \"type\": \"sit in\",\n                \"uri\": \"do pariatur et irure\"\n              }\n            ],\n            \"title\": \"sit eiusmod sint\"\n          },\n          {\n            \"contextualNavigationCards\": [\n              {\n                \"contextualNavigationCard\": [\n                  {\n                    \"value\": \"<Error: Too many levels of nesting to fake this schema>\"\n                  },\n                  {\n                    \"value\": \"<Error: Too many levels of nesting to fake this schema>\"\n                  }\n                ]\n              },\n              {\n                \"contextualNavigationCard\": [\n                  {\n                    \"value\": \"<Error: Too many levels of nesting to fake this schema>\"\n                  },\n                  {\n                    \"value\": \"<Error: Too many levels of nesting to fake this schema>\"\n                  }\n                ]\n              }\n            ],\n            \"description\": \"et pariatur occaecat\",\n            \"link\": [\n              {\n                \"type\": \"sit sint et fugia\",\n                \"uri\": \"enim ad ut\"\n              },\n              {\n                \"type\": \"velit ut voluptate\",\n                \"uri\": \"Excepteur amet dolor\"\n              }\n            ],\n            \"title\": \"elit dolore nulla\"\n          }\n        ]\n      }\n    ]\n  }\n]","cookie":[],"_postman_previewlanguage":"json"}],"event":[],"protocolProfileBehavior":{"disableBodyPruning":true}}],"event":[]},{"id":"5e6ba4e3-9c11-4edf-8ecb-dcaf61723bfc","name":"HealthCheck","description":{"content":"","type":"text/plain"},"item":[{"id":"ebfe44e4-970e-40d1-902f-94345caaa938","name":"Health check probes.","request":{"name":"Health check probes.","description":{},"url":{"path":["live"],"host":["{{baseUrl}}"],"query":[],"variable":[]},"header":[{"key":"Accept","value":"application/json"}],"method":"GET","auth":null},"response":[{"id":"1464ab03-6827-4fef-91a6-46b29a88498f","name":"Health check.","originalRequest":{"url":{"path":["live"],"host":["{{baseUrl}}"],"query":[],"variable":[]},"method":"GET","body":{}},"status":"OK","code":200,"header":[{"key":"Content-Type","value":"application/json"}],"body":"{\n  \"message\": \"irure reprehenderit\"\n}","cookie":[],"_postman_previewlanguage":"json"}],"event":[],"protocolProfileBehavior":{"disableBodyPruning":true}}],"event":[]}],"event":[],"variable":[{"type":"string","value":"https://tenants.fiserv.com/","key":"baseUrl"}],"info":{"_postman_id":"49a56083-4622-4729-9b33-a45823f50ee5","name":"Dev Portal Tenant APIs.","schema":"https://schema.getpostman.com/json/collection/v2.1.0/collection.json","description":{"content":"To onboard properly into the Fiserv Developer Studio as a tenant each product must support these APIs so that we can retrieve product specific API specifications and documentation.","type":"text/plain"}}}