{"item":[{"id":"136ca090-5686-4a15-98a0-0fa1ab571343","name":"scheduler/v2","item":[{"id":"5dd8f961-9f0d-40de-96b9-e0cf2c851aa1","name":"Retrieve next execution time for each job","request":{"name":"Retrieve next execution time for each job","description":{"content":"Retrieve next execution time for each job.","type":"text/plain"},"url":{"path":["scheduler","v2","info"],"host":["{{baseUrl}}"],"query":[],"variable":[]},"header":[{"key":"Content-Type","value":"application/json"},{"key":"Accept","value":"*/*"}],"method":"POST","auth":null,"body":{"mode":"raw","raw":"{\n  \"common\": {\n    \"user\": \"<string>\",\n    \"agent\": \"<string>\",\n    \"cycle\": \"<string>\",\n    \"clientNumber\": \"<string>\",\n    \"system\": \"<string>\",\n    \"prin\": \"<string>\",\n    \"debug\": false,\n    \"org\": \"<string>\",\n    \"processor\": false,\n    \"contentType\": \"<string>\",\n    \"retry\": \"<long>\",\n    \"timeout\": \"<long>\",\n    \"siteId\": \"<string>\"\n  },\n  \"timeZone\": \"<string>\"\n}","options":{"raw":{"language":"json"}}}},"response":[{"id":"5f288eed-6a42-432a-8c7c-b0f0d79e0339","name":"successful operation","originalRequest":{"url":{"path":["scheduler","v2","info"],"host":["{{baseUrl}}"],"query":[],"variable":[]},"header":[{"key":"Accept","value":"*/*"}],"method":"POST","body":{"mode":"raw","raw":"{\n  \"common\": {\n    \"user\": \"<string>\",\n    \"agent\": \"4000\",\n    \"cycle\": \"T\",\n    \"clientNumber\": \"1000\",\n    \"system\": \"2000\",\n    \"prin\": \"3000\",\n    \"debug\": false,\n    \"org\": \"<string>\",\n    \"processor\": false,\n    \"contentType\": \"<string>\",\n    \"retry\": \"<long>\",\n    \"timeout\": \"<long>\",\n    \"siteId\": \"4201\"\n  },\n  \"timeZone\": \"<string>\"\n}","options":{"raw":{"language":"json"}}}},"status":"OK","code":200,"header":[{"key":"Content-Type","value":"*/*"}],"body":"{\n  \"common\": {\n    \"user\": \"<string>\",\n    \"agent\": \"4000\",\n    \"cycle\": \"T\",\n    \"clientNumber\": \"1000\",\n    \"system\": \"2000\",\n    \"prin\": \"3000\",\n    \"debug\": false,\n    \"org\": \"<string>\",\n    \"processor\": false,\n    \"contentType\": \"<string>\",\n    \"retry\": \"<long>\",\n    \"timeout\": \"<long>\",\n    \"siteId\": \"4201\"\n  },\n  \"version\": \"non deserunt minim ipsum nostrud\",\n  \"schedulerInfoByAppList\": [\n    {\n      \"app\": \"ea irure\",\n      \"executionByJob\": {\n        \"reprehenderit34\": {\n          \"lastExecutionDate\": \"quis dolor enim voluptate\",\n          \"lastExecutionMessage\": \"culpa eu dolor\",\n          \"nextExecutionDate\": \"ame\",\n          \"schedulerExpression\": \"labore ea sed\"\n        },\n        \"nulla_b\": {\n          \"lastExecutionDate\": \"irure\",\n          \"lastExecutionMessage\": \"magna esse consequat\",\n          \"nextExecutionDate\": \"deserunt dolor eu laboris aliquip\",\n          \"schedulerExpression\": \"elit proiden\"\n        }\n      }\n    },\n    {\n      \"app\": \"occaecat deserunt dolore non\",\n      \"executionByJob\": {\n        \"officia5a9\": {\n          \"lastExecutionDate\": \"sit quis Excepteur cillum\",\n          \"lastExecutionMessage\": \"voluptate in in nisi\",\n          \"nextExecutionDate\": \"id nulla fugiat\",\n          \"schedulerExpression\": \"aliqua nulla laboris\"\n        },\n        \"pariatur3\": {\n          \"lastExecutionDate\": \"commodo Lorem\",\n          \"lastExecutionMessage\": \"Ut ut\",\n          \"nextExecutionDate\": \"pariatur qui reprehenderit incididunt\",\n          \"schedulerExpression\": \"dolor Excepteur\"\n        }\n      }\n    }\n  ]\n}","cookie":[],"_postman_previewlanguage":"json"}],"event":[],"protocolProfileBehavior":{"disableBodyPruning":true}},{"id":"1fe740ae-595e-4955-ba7b-df1cda6f7bd2","name":"create an app in scheduler","request":{"name":"create an app in scheduler","description":{"content":"create an app in scheduler.","type":"text/plain"},"url":{"path":["scheduler","v2","migrateDc"],"host":["{{baseUrl}}"],"query":[],"variable":[]},"header":[{"key":"Accept","value":"*/*"}],"method":"POST","auth":null},"response":[{"id":"a151f1e8-d5da-4612-8022-48968bb4bd45","name":"successful operation","originalRequest":{"url":{"path":["scheduler","v2","migrateDc"],"host":["{{baseUrl}}"],"query":[],"variable":[]},"header":[{"key":"Accept","value":"*/*"}],"method":"POST","body":{}},"status":"OK","code":200,"header":[{"key":"Content-Type","value":"*/*"}],"body":"{\n  \"common\": {\n    \"user\": \"<string>\",\n    \"agent\": \"4000\",\n    \"cycle\": \"T\",\n    \"clientNumber\": \"1000\",\n    \"system\": \"2000\",\n    \"prin\": \"3000\",\n    \"debug\": false,\n    \"org\": \"<string>\",\n    \"processor\": false,\n    \"contentType\": \"<string>\",\n    \"retry\": \"<long>\",\n    \"timeout\": \"<long>\",\n    \"siteId\": \"4201\"\n  }\n}","cookie":[],"_postman_previewlanguage":"json"}],"event":[],"protocolProfileBehavior":{"disableBodyPruning":true}},{"id":"d02a566a-96f9-416a-bcc9-2adc2d41fdb2","name":"create an app in scheduler","request":{"name":"create an app in scheduler","description":{"content":"create an app in scheduler.","type":"text/plain"},"url":{"path":["scheduler","v2","refresh"],"host":["{{baseUrl}}"],"query":[],"variable":[]},"header":[{"key":"Content-Type","value":"application/json"},{"key":"Accept","value":"*/*"}],"method":"POST","auth":null,"body":{"mode":"raw","raw":"{\n  \"common\": {\n    \"user\": \"<string>\",\n    \"agent\": \"<string>\",\n    \"cycle\": \"<string>\",\n    \"clientNumber\": \"<string>\",\n    \"system\": \"<string>\",\n    \"prin\": \"<string>\",\n    \"debug\": false,\n    \"org\": \"<string>\",\n    \"processor\": false,\n    \"contentType\": \"<string>\",\n    \"retry\": \"<long>\",\n    \"timeout\": \"<long>\",\n    \"siteId\": \"<string>\"\n  }\n}","options":{"raw":{"language":"json"}}}},"response":[{"id":"872b5945-30cc-444f-99f8-1cc9a2af857c","name":"successful operation","originalRequest":{"url":{"path":["scheduler","v2","refresh"],"host":["{{baseUrl}}"],"query":[],"variable":[]},"header":[{"key":"Accept","value":"*/*"}],"method":"POST","body":{"mode":"raw","raw":"{\n  \"common\": {\n    \"user\": \"<string>\",\n    \"agent\": \"4000\",\n    \"cycle\": \"T\",\n    \"clientNumber\": \"1000\",\n    \"system\": \"2000\",\n    \"prin\": \"3000\",\n    \"debug\": false,\n    \"org\": \"<string>\",\n    \"processor\": false,\n    \"contentType\": \"<string>\",\n    \"retry\": \"<long>\",\n    \"timeout\": \"<long>\",\n    \"siteId\": \"4201\"\n  }\n}","options":{"raw":{"language":"json"}}}},"status":"OK","code":200,"header":[{"key":"Content-Type","value":"*/*"}],"body":"{\n  \"common\": {\n    \"user\": \"<string>\",\n    \"agent\": \"4000\",\n    \"cycle\": \"T\",\n    \"clientNumber\": \"1000\",\n    \"system\": \"2000\",\n    \"prin\": \"3000\",\n    \"debug\": false,\n    \"org\": \"<string>\",\n    \"processor\": false,\n    \"contentType\": \"<string>\",\n    \"retry\": \"<long>\",\n    \"timeout\": \"<long>\",\n    \"siteId\": \"4201\"\n  }\n}","cookie":[],"_postman_previewlanguage":"json"}],"event":[],"protocolProfileBehavior":{"disableBodyPruning":true}},{"id":"da3666ec-4278-47a6-99cf-644de14d79e3","name":"create an app in scheduler","request":{"name":"create an app in scheduler","description":{"content":"create an app in scheduler.","type":"text/plain"},"url":{"path":["scheduler","v2","registerApp"],"host":["{{baseUrl}}"],"query":[],"variable":[]},"header":[{"key":"Content-Type","value":"application/json"},{"key":"Accept","value":"*/*"}],"method":"POST","auth":null,"body":{"mode":"raw","raw":"{\n  \"common\": {\n    \"user\": \"<string>\",\n    \"agent\": \"<string>\",\n    \"cycle\": \"<string>\",\n    \"clientNumber\": \"<string>\",\n    \"system\": \"<string>\",\n    \"prin\": \"<string>\",\n    \"debug\": false,\n    \"org\": \"<string>\",\n    \"processor\": false,\n    \"contentType\": \"<string>\",\n    \"retry\": \"<long>\",\n    \"timeout\": \"<long>\",\n    \"siteId\": \"<string>\"\n  },\n  \"appQualifier\": \"<string>\",\n  \"clientType\": \"<string>\",\n  \"authenticationType\": \"<string>\"\n}","options":{"raw":{"language":"json"}}}},"response":[{"id":"f7fb4c42-811b-4fe6-adbb-fd1282c01b66","name":"successful operation","originalRequest":{"url":{"path":["scheduler","v2","registerApp"],"host":["{{baseUrl}}"],"query":[],"variable":[]},"header":[{"key":"Accept","value":"*/*"}],"method":"POST","body":{"mode":"raw","raw":"{\n  \"common\": {\n    \"user\": \"<string>\",\n    \"agent\": \"4000\",\n    \"cycle\": \"T\",\n    \"clientNumber\": \"1000\",\n    \"system\": \"2000\",\n    \"prin\": \"3000\",\n    \"debug\": false,\n    \"org\": \"<string>\",\n    \"processor\": false,\n    \"contentType\": \"<string>\",\n    \"retry\": \"<long>\",\n    \"timeout\": \"<long>\",\n    \"siteId\": \"4201\"\n  },\n  \"appQualifier\": \"<string>\",\n  \"clientType\": \"<string>\",\n  \"authenticationType\": \"<string>\"\n}","options":{"raw":{"language":"json"}}}},"status":"OK","code":200,"header":[{"key":"Content-Type","value":"*/*"}],"body":"{\n  \"common\": {\n    \"user\": \"<string>\",\n    \"agent\": \"4000\",\n    \"cycle\": \"T\",\n    \"clientNumber\": \"1000\",\n    \"system\": \"2000\",\n    \"prin\": \"3000\",\n    \"debug\": false,\n    \"org\": \"<string>\",\n    \"processor\": false,\n    \"contentType\": \"<string>\",\n    \"retry\": \"<long>\",\n    \"timeout\": \"<long>\",\n    \"siteId\": \"4201\"\n  }\n}","cookie":[],"_postman_previewlanguage":"json"}],"event":[],"protocolProfileBehavior":{"disableBodyPruning":true}},{"id":"05e947d9-9079-4b35-9911-1871344bd0a5","name":"remove an app in scheduler","request":{"name":"remove an app in scheduler","description":{"content":"remove an app in scheduler.","type":"text/plain"},"url":{"path":["scheduler","v2","removeApp"],"host":["{{baseUrl}}"],"query":[],"variable":[]},"header":[{"key":"Content-Type","value":"application/json"},{"key":"Accept","value":"*/*"}],"method":"POST","auth":null,"body":{"mode":"raw","raw":"{\n  \"common\": {\n    \"user\": \"<string>\",\n    \"agent\": \"<string>\",\n    \"cycle\": \"<string>\",\n    \"clientNumber\": \"<string>\",\n    \"system\": \"<string>\",\n    \"prin\": \"<string>\",\n    \"debug\": false,\n    \"org\": \"<string>\",\n    \"processor\": false,\n    \"contentType\": \"<string>\",\n    \"retry\": \"<long>\",\n    \"timeout\": \"<long>\",\n    \"siteId\": \"<string>\"\n  },\n  \"appQualifier\": \"<string>\"\n}","options":{"raw":{"language":"json"}}}},"response":[{"id":"5a03ee47-428c-413d-8b2f-c116f3e39099","name":"successful operation","originalRequest":{"url":{"path":["scheduler","v2","removeApp"],"host":["{{baseUrl}}"],"query":[],"variable":[]},"header":[{"key":"Accept","value":"*/*"}],"method":"POST","body":{"mode":"raw","raw":"{\n  \"common\": {\n    \"user\": \"<string>\",\n    \"agent\": \"4000\",\n    \"cycle\": \"T\",\n    \"clientNumber\": \"1000\",\n    \"system\": \"2000\",\n    \"prin\": \"3000\",\n    \"debug\": false,\n    \"org\": \"<string>\",\n    \"processor\": false,\n    \"contentType\": \"<string>\",\n    \"retry\": \"<long>\",\n    \"timeout\": \"<long>\",\n    \"siteId\": \"4201\"\n  },\n  \"appQualifier\": \"<string>\"\n}","options":{"raw":{"language":"json"}}}},"status":"OK","code":200,"header":[{"key":"Content-Type","value":"*/*"}],"body":"{\n  \"common\": {\n    \"user\": \"<string>\",\n    \"agent\": \"4000\",\n    \"cycle\": \"T\",\n    \"clientNumber\": \"1000\",\n    \"system\": \"2000\",\n    \"prin\": \"3000\",\n    \"debug\": false,\n    \"org\": \"<string>\",\n    \"processor\": false,\n    \"contentType\": \"<string>\",\n    \"retry\": \"<long>\",\n    \"timeout\": \"<long>\",\n    \"siteId\": \"4201\"\n  }\n}","cookie":[],"_postman_previewlanguage":"json"}],"event":[],"protocolProfileBehavior":{"disableBodyPruning":true}},{"id":"fab7394b-8d7e-4443-b1be-25f4972f8179","name":"remove an job in scheduler","request":{"name":"remove an job in scheduler","description":{"content":"remove an job in scheduler.","type":"text/plain"},"url":{"path":["scheduler","v2","removeJob"],"host":["{{baseUrl}}"],"query":[],"variable":[]},"header":[{"key":"Content-Type","value":"application/json"},{"key":"Accept","value":"*/*"}],"method":"POST","auth":null,"body":{"mode":"raw","raw":"{\n  \"common\": {\n    \"user\": \"<string>\",\n    \"agent\": \"<string>\",\n    \"cycle\": \"<string>\",\n    \"clientNumber\": \"<string>\",\n    \"system\": \"<string>\",\n    \"prin\": \"<string>\",\n    \"debug\": false,\n    \"org\": \"<string>\",\n    \"processor\": false,\n    \"contentType\": \"<string>\",\n    \"retry\": \"<long>\",\n    \"timeout\": \"<long>\",\n    \"siteId\": \"<string>\"\n  },\n  \"appQualifier\": \"<string>\",\n  \"key\": \"<string>\"\n}","options":{"raw":{"language":"json"}}}},"response":[{"id":"5d1327a4-4d1a-49b3-868f-e0c3620f489b","name":"successful operation","originalRequest":{"url":{"path":["scheduler","v2","removeJob"],"host":["{{baseUrl}}"],"query":[],"variable":[]},"header":[{"key":"Accept","value":"*/*"}],"method":"POST","body":{"mode":"raw","raw":"{\n  \"common\": {\n    \"user\": \"<string>\",\n    \"agent\": \"4000\",\n    \"cycle\": \"T\",\n    \"clientNumber\": \"1000\",\n    \"system\": \"2000\",\n    \"prin\": \"3000\",\n    \"debug\": false,\n    \"org\": \"<string>\",\n    \"processor\": false,\n    \"contentType\": \"<string>\",\n    \"retry\": \"<long>\",\n    \"timeout\": \"<long>\",\n    \"siteId\": \"4201\"\n  },\n  \"appQualifier\": \"<string>\",\n  \"key\": \"<string>\"\n}","options":{"raw":{"language":"json"}}}},"status":"OK","code":200,"header":[{"key":"Content-Type","value":"*/*"}],"body":"{\n  \"common\": {\n    \"user\": \"<string>\",\n    \"agent\": \"4000\",\n    \"cycle\": \"T\",\n    \"clientNumber\": \"1000\",\n    \"system\": \"2000\",\n    \"prin\": \"3000\",\n    \"debug\": false,\n    \"org\": \"<string>\",\n    \"processor\": false,\n    \"contentType\": \"<string>\",\n    \"retry\": \"<long>\",\n    \"timeout\": \"<long>\",\n    \"siteId\": \"4201\"\n  }\n}","cookie":[],"_postman_previewlanguage":"json"}],"event":[],"protocolProfileBehavior":{"disableBodyPruning":true}},{"id":"2c2cfad5-7d6e-443f-92a5-d0de46829324","name":"create an app in scheduler","request":{"name":"create an app in scheduler","description":{"content":"create an app in scheduler.","type":"text/plain"},"url":{"path":["scheduler","v2","schedulerConfigCreate"],"host":["{{baseUrl}}"],"query":[],"variable":[]},"header":[{"key":"Content-Type","value":"application/json"},{"key":"Accept","value":"*/*"}],"method":"POST","auth":null,"body":{"mode":"raw","raw":"{\n  \"id\": \"<string>\",\n  \"common\": {\n    \"user\": \"<string>\",\n    \"agent\": \"<string>\",\n    \"cycle\": \"<string>\",\n    \"clientNumber\": \"<string>\",\n    \"system\": \"<string>\",\n    \"prin\": \"<string>\",\n    \"debug\": false,\n    \"org\": \"<string>\",\n    \"processor\": false,\n    \"contentType\": \"<string>\",\n    \"retry\": \"<long>\",\n    \"timeout\": \"<long>\",\n    \"siteId\": \"<string>\"\n  },\n  \"appQualifier\": \"<string>\",\n  \"applicationName\": \"<string>\",\n  \"payload\": \"<object>\",\n  \"dataCenter\": \"<string>\",\n  \"minute\": \"<string>\",\n  \"hour\": \"<string>\",\n  \"dayOfMonth\": \"<string>\",\n  \"dayOfWeek\": \"<string>\",\n  \"url\": \"<string>\",\n  \"active\": false,\n  \"authenticationType\": \"<string>\",\n  \"method\": \"<string>\",\n  \"shouldRetry\": false,\n  \"initialInterval\": \"<long>\",\n  \"maxAttempts\": \"<integer>\",\n  \"clientType\": \"<string>\"\n}","options":{"raw":{"language":"json"}}}},"response":[{"id":"d1404df1-dfa3-4933-9d60-070517c59489","name":"successful operation","originalRequest":{"url":{"path":["scheduler","v2","schedulerConfigCreate"],"host":["{{baseUrl}}"],"query":[],"variable":[]},"header":[{"key":"Accept","value":"*/*"}],"method":"POST","body":{"mode":"raw","raw":"{\n  \"id\": \"<string>\",\n  \"common\": {\n    \"user\": \"<string>\",\n    \"agent\": \"4000\",\n    \"cycle\": \"T\",\n    \"clientNumber\": \"1000\",\n    \"system\": \"2000\",\n    \"prin\": \"3000\",\n    \"debug\": false,\n    \"org\": \"<string>\",\n    \"processor\": false,\n    \"contentType\": \"<string>\",\n    \"retry\": \"<long>\",\n    \"timeout\": \"<long>\",\n    \"siteId\": \"4201\"\n  },\n  \"appQualifier\": \"<string>\",\n  \"applicationName\": \"<string>\",\n  \"payload\": {},\n  \"dataCenter\": \"<string>\",\n  \"minute\": \"<string>\",\n  \"hour\": \"<string>\",\n  \"dayOfMonth\": \"<string>\",\n  \"dayOfWeek\": \"<string>\",\n  \"url\": \"<string>\",\n  \"active\": false,\n  \"authenticationType\": \"GFS_BASIC\",\n  \"method\": \"POST\",\n  \"shouldRetry\": false,\n  \"initialInterval\": 0,\n  \"maxAttempts\": 1,\n  \"clientType\": \"<string>\"\n}","options":{"raw":{"language":"json"}}}},"status":"OK","code":200,"header":[{"key":"Content-Type","value":"*/*"}],"body":"{\n  \"message\": \"do sunt\",\n  \"common\": {\n    \"user\": \"<string>\",\n    \"agent\": \"4000\",\n    \"cycle\": \"T\",\n    \"clientNumber\": \"1000\",\n    \"system\": \"2000\",\n    \"prin\": \"3000\",\n    \"debug\": false,\n    \"org\": \"<string>\",\n    \"processor\": false,\n    \"contentType\": \"<string>\",\n    \"retry\": \"<long>\",\n    \"timeout\": \"<long>\",\n    \"siteId\": \"4201\"\n  }\n}","cookie":[],"_postman_previewlanguage":"json"}],"event":[],"protocolProfileBehavior":{"disableBodyPruning":true}},{"id":"d1a2d5c5-cbd0-4cd8-a796-1bfb31721889","name":"Scheduler Secure Configuration Retriever","request":{"name":"Scheduler Secure Configuration Retriever","description":{"content":"Service to retrieve scheduler configurations out of secure config.","type":"text/plain"},"url":{"path":["scheduler","v2","schedulerConfigRetriever"],"host":["{{baseUrl}}"],"query":[],"variable":[]},"header":[{"key":"Content-Type","value":"application/json"},{"key":"Accept","value":"*/*"}],"method":"POST","auth":null,"body":{"mode":"raw","raw":"{\n  \"common\": {\n    \"user\": \"<string>\",\n    \"agent\": \"<string>\",\n    \"cycle\": \"<string>\",\n    \"clientNumber\": \"<string>\",\n    \"system\": \"<string>\",\n    \"prin\": \"<string>\",\n    \"debug\": false,\n    \"org\": \"<string>\",\n    \"processor\": false,\n    \"contentType\": \"<string>\",\n    \"retry\": \"<long>\",\n    \"timeout\": \"<long>\",\n    \"siteId\": \"<string>\"\n  }\n}","options":{"raw":{"language":"json"}}}},"response":[{"id":"55855deb-47a1-489b-b2a0-775dffeba834","name":"successful operation","originalRequest":{"url":{"path":["scheduler","v2","schedulerConfigRetriever"],"host":["{{baseUrl}}"],"query":[],"variable":[]},"header":[{"key":"Accept","value":"*/*"}],"method":"POST","body":{"mode":"raw","raw":"{\n  \"common\": {\n    \"user\": \"<string>\",\n    \"agent\": \"4000\",\n    \"cycle\": \"T\",\n    \"clientNumber\": \"1000\",\n    \"system\": \"2000\",\n    \"prin\": \"3000\",\n    \"debug\": false,\n    \"org\": \"<string>\",\n    \"processor\": false,\n    \"contentType\": \"<string>\",\n    \"retry\": \"<long>\",\n    \"timeout\": \"<long>\",\n    \"siteId\": \"4201\"\n  }\n}","options":{"raw":{"language":"json"}}}},"status":"OK","code":200,"header":[{"key":"Content-Type","value":"*/*"}],"body":"{\n  \"common\": {\n    \"user\": \"<string>\",\n    \"agent\": \"4000\",\n    \"cycle\": \"T\",\n    \"clientNumber\": \"1000\",\n    \"system\": \"2000\",\n    \"prin\": \"3000\",\n    \"debug\": false,\n    \"org\": \"<string>\",\n    \"processor\": false,\n    \"contentType\": \"<string>\",\n    \"retry\": \"<long>\",\n    \"timeout\": \"<long>\",\n    \"siteId\": \"4201\"\n  },\n  \"appConfigList\": [\n    {\n      \"appQualifier\": \"ea labore in pariatur ut\",\n      \"authenticationType\": \"UNDEFINED\",\n      \"clientType\": \"magna cillum Duis exercitation culpa\",\n      \"jobConfigRequests\": [\n        {\n          \"id\": \"<string>\",\n          \"common\": {\n            \"user\": \"<string>\",\n            \"agent\": \"4000\",\n            \"cycle\": \"T\",\n            \"clientNumber\": \"1000\",\n            \"system\": \"2000\",\n            \"prin\": \"3000\",\n            \"debug\": false,\n            \"org\": \"<string>\",\n            \"processor\": false,\n            \"contentType\": \"<string>\",\n            \"retry\": \"<long>\",\n            \"timeout\": \"<long>\",\n            \"siteId\": \"4201\"\n          },\n          \"appQualifier\": \"<string>\",\n          \"applicationName\": \"<string>\",\n          \"payload\": {},\n          \"dataCenter\": \"<string>\",\n          \"minute\": \"<string>\",\n          \"hour\": \"<string>\",\n          \"dayOfMonth\": \"<string>\",\n          \"dayOfWeek\": \"<string>\",\n          \"url\": \"<string>\",\n          \"active\": false,\n          \"authenticationType\": \"GFS_BASIC\",\n          \"method\": \"POST\",\n          \"shouldRetry\": false,\n          \"initialInterval\": 0,\n          \"maxAttempts\": 1,\n          \"clientType\": \"<string>\"\n        },\n        {\n          \"id\": \"<string>\",\n          \"common\": {\n            \"user\": \"<string>\",\n            \"agent\": \"4000\",\n            \"cycle\": \"T\",\n            \"clientNumber\": \"1000\",\n            \"system\": \"2000\",\n            \"prin\": \"3000\",\n            \"debug\": false,\n            \"org\": \"<string>\",\n            \"processor\": false,\n            \"contentType\": \"<string>\",\n            \"retry\": \"<long>\",\n            \"timeout\": \"<long>\",\n            \"siteId\": \"4201\"\n          },\n          \"appQualifier\": \"<string>\",\n          \"applicationName\": \"<string>\",\n          \"payload\": {},\n          \"dataCenter\": \"<string>\",\n          \"minute\": \"<string>\",\n          \"hour\": \"<string>\",\n          \"dayOfMonth\": \"<string>\",\n          \"dayOfWeek\": \"<string>\",\n          \"url\": \"<string>\",\n          \"active\": false,\n          \"authenticationType\": \"GFS_BASIC\",\n          \"method\": \"POST\",\n          \"shouldRetry\": false,\n          \"initialInterval\": 0,\n          \"maxAttempts\": 1,\n          \"clientType\": \"<string>\"\n        }\n      ]\n    },\n    {\n      \"appQualifier\": \"dolor dolore\",\n      \"authenticationType\": \"UNDEFINED\",\n      \"clientType\": \"ut irure dolor ea\",\n      \"jobConfigRequests\": [\n        {\n          \"id\": \"<string>\",\n          \"common\": {\n            \"user\": \"<string>\",\n            \"agent\": \"4000\",\n            \"cycle\": \"T\",\n            \"clientNumber\": \"1000\",\n            \"system\": \"2000\",\n            \"prin\": \"3000\",\n            \"debug\": false,\n            \"org\": \"<string>\",\n            \"processor\": false,\n            \"contentType\": \"<string>\",\n            \"retry\": \"<long>\",\n            \"timeout\": \"<long>\",\n            \"siteId\": \"4201\"\n          },\n          \"appQualifier\": \"<string>\",\n          \"applicationName\": \"<string>\",\n          \"payload\": {},\n          \"dataCenter\": \"<string>\",\n          \"minute\": \"<string>\",\n          \"hour\": \"<string>\",\n          \"dayOfMonth\": \"<string>\",\n          \"dayOfWeek\": \"<string>\",\n          \"url\": \"<string>\",\n          \"active\": false,\n          \"authenticationType\": \"GFS_BASIC\",\n          \"method\": \"POST\",\n          \"shouldRetry\": false,\n          \"initialInterval\": 0,\n          \"maxAttempts\": 1,\n          \"clientType\": \"<string>\"\n        },\n        {\n          \"id\": \"<string>\",\n          \"common\": {\n            \"user\": \"<string>\",\n            \"agent\": \"4000\",\n            \"cycle\": \"T\",\n            \"clientNumber\": \"1000\",\n            \"system\": \"2000\",\n            \"prin\": \"3000\",\n            \"debug\": false,\n            \"org\": \"<string>\",\n            \"processor\": false,\n            \"contentType\": \"<string>\",\n            \"retry\": \"<long>\",\n            \"timeout\": \"<long>\",\n            \"siteId\": \"4201\"\n          },\n          \"appQualifier\": \"<string>\",\n          \"applicationName\": \"<string>\",\n          \"payload\": {},\n          \"dataCenter\": \"<string>\",\n          \"minute\": \"<string>\",\n          \"hour\": \"<string>\",\n          \"dayOfMonth\": \"<string>\",\n          \"dayOfWeek\": \"<string>\",\n          \"url\": \"<string>\",\n          \"active\": false,\n          \"authenticationType\": \"GFS_BASIC\",\n          \"method\": \"POST\",\n          \"shouldRetry\": false,\n          \"initialInterval\": 0,\n          \"maxAttempts\": 1,\n          \"clientType\": \"<string>\"\n        }\n      ]\n    }\n  ]\n}","cookie":[],"_postman_previewlanguage":"json"}],"event":[],"protocolProfileBehavior":{"disableBodyPruning":true}}],"event":[]}],"event":[],"variable":[{"type":"string","value":"https://cat.api.firstdata.com/fs","key":"baseUrl"}],"info":{"_postman_id":"9b7054e5-5620-432f-86a0-7075592043c1","name":"fs-proxy-1","schema":"https://schema.getpostman.com/json/collection/v2.1.0/collection.json","description":{"content":"Welcome to the Financial Services API documentation","type":"text/plain"}}}