{"item":[{"id":"359ba1a7-1113-4bb6-bdeb-0abd5d460737","name":"Get Accounts","description":{"content":"","type":"text/plain"},"item":[{"id":"17700168-847e-4cda-9d2f-7377381800c8","name":"Get Accounts.","request":{"name":"Get Accounts.","description":{"content":"Retrieves account-related information of the existing Checking, Savings, CD or Loan account records.<br>\n        For more information about the Accounts domain, <a href=\"../docs/?path=docs/fintechs/accounts.md\" title=\"Click to open\">click here.</a><br><br>\n        <b>Relates to:</b>\n          <ul> \n            <li><a href=\"../docs/?path=docs/banks-and-CU/deposits.md\" title=\"Click to open\">Deposits</a></li>\n            <li><a href=\"../docs/?path=docs/banks-and-CU/loans.md\" title=\"Click to open\">Loans</a></li>\n            <li><a href=\"../docs/?path=docs/banks-and-CU/bank-servicing.md\" title=\"Click to open\">Bank Servicing</a></li>\n            <li><a href=\"../docs/?path=docs/banks-and-CU/cash-mgt.md\" title=\"Click to open\">Cash Management</a></li>\n            <li><a href=\"../docs/?path=docs/banks-and-CU/treasury-services.md\" title=\"Click to open\">Treasury Services</a></li>\n            <li><a href=\"../docs/?path=docs/banks-and-CU/riskMgt.md\" title=\"Click to open\">Risk and Performance Management</a></li>\n          </ul>","type":"text/plain"},"url":{"path":["acctservice","acctmgmt","accounts","secured"],"host":["{{baseUrl}}"],"query":[],"variable":[]},"header":[{"disabled":false,"description":"(Required) EFX Header is a common and required component for all API calls, it contains client-related parameters. Please note that the header parameters should be sent as a JSON object under the EFXHeader parameter. To view the list of header parameters, <a href=\"../docs?path=docs/api-ref-EFX-header.md\" title=\"Click to open\"> click here.</a>","key":"EFXHeader","value":"OrganizationId,culpa ea commodo amet velit,TrnId,sint aliquip,VendorId,pariatur sed,Context,[object Object]"},{"key":"Content-Type","value":"application/json"},{"key":"Accept","value":"application/json"}],"method":"POST","auth":null,"body":{"mode":"raw","raw":"{\n  \"AcctSel\": {\n    \"AcctKeys\": {\n      \"AcctId\": \"anim\",\n      \"AcctType\": \"CDA\"\n    }\n  }\n}","options":{"raw":{"language":"json"}}}},"response":[{"id":"449c142d-c2f9-4056-a722-807a0193071e","name":"Success","originalRequest":{"url":{"path":["acctservice","acctmgmt","accounts","secured"],"host":["{{baseUrl}}"],"query":[],"variable":[]},"header":[{"disabled":false,"description":"(Required) EFX Header is a common and required component for all API calls, it contains client-related parameters. Please note that the header parameters should be sent as a JSON object under the EFXHeader parameter. To view the list of header parameters, <a href=\"../docs?path=docs/api-ref-EFX-header.md\" title=\"Click to open\"> click here.</a>","key":"EFXHeader","value":"OrganizationId,<string>,TrnId,<string>,VendorId,<string>,Context,[object Object]"}],"method":"POST","body":{"mode":"raw","raw":"{\n  \"AcctSel\": {\n    \"AcctKeys\": {\n      \"AcctId\": \"anim\",\n      \"AcctType\": \"CDA\"\n    }\n  }\n}","options":{"raw":{"language":"json"}}}},"status":"Created","code":201,"header":[{"key":"Content-Type","value":"application/json"}],"body":"{\n  \"AcctRec\": {\n    \"AcctKeys\": {\n      \"AcctId\": \"Duis deserunt esse\",\n      \"AcctType\": \"CDA\"\n    },\n    \"AcctStatus\": {\n      \"AcctStatusCode\": \"Valid\",\n      \"EffDt\": \"7187-69-03T98:42:72+38:70\"\n    },\n    \"DepositAcctInfo\": {\n      \"GoodThruDt\": \"1958-06-26\",\n      \"AcctDtlStatus\": \"Active\",\n      \"ProductIdent\": \"reprehenderit in sunt\",\n      \"Desc\": \"ex adipisicing do tempor\",\n      \"AcctType\": \"CDA\",\n      \"TaxIncentiveType\": \"HSA\",\n      \"InitialAmount\": {\n        \"Amt\": -66835009.99390164,\n        \"CurCode\": {\n          \"CurCodeValue\": {\n            \"value\": \"<Error: Too many levels of nesting to fake this schema>\"\n          },\n          \"CurCodeType\": {\n            \"value\": \"<Error: Too many levels of nesting to fake this schema>\"\n          }\n        }\n      },\n      \"OpenDt\": \"1959-05-15\",\n      \"ClosedDt\": \"1985-05-15\",\n      \"Term\": {\n        \"TermUnits\": \"Indefinite\",\n        \"Count\": -29012240\n      },\n      \"MaturityDt\": \"1967-09-25\",\n      \"LastContactDt\": \"2173-84-90\",\n      \"DateData\": [\n        {\n          \"DateType\": \"LastPrc\",\n          \"DateValue\": \"1416-36-41\"\n        },\n        {\n          \"DateType\": \"LastTrn\",\n          \"DateValue\": \"6819-98-56\"\n        }\n      ],\n      \"RelationshipMgr\": [\n        {\n          \"RelationshipMgrIdent\": \"enim id eu\",\n          \"RelationshipRole\": \"SecondOfficer\"\n        },\n        {\n          \"RelationshipMgrIdent\": \"Duis dolor do Ut occ\",\n          \"RelationshipRole\": \"Officer\"\n        }\n      ],\n      \"OriginatingBranch\": \"minim\",\n      \"OEDCode\": \"Officer\",\n      \"AcctStmtData\": {\n        \"StmtTimeFrame\": [\n          {\n            \"value\": \"<Error: Too many levels of nesting to fake this schema>\"\n          },\n          {\n            \"value\": \"<Error: Too many levels of nesting to fake this schema>\"\n          }\n        ],\n        \"LastStmtDt\": \"1951-01-30\"\n      },\n      \"Rate\": 66949453.80684602,\n      \"AcctBal\": [\n        {\n          \"BalType\": \"Hold\",\n          \"CurAmt\": {\n            \"value\": \"<Error: Too many levels of nesting to fake this schema>\"\n          }\n        },\n        {\n          \"BalType\": \"InterestAccrued\",\n          \"CurAmt\": {\n            \"value\": \"<Error: Too many levels of nesting to fake this schema>\"\n          }\n        }\n      ],\n      \"AcctPeriodData\": [\n        {\n          \"AcctAmtType\": \"FederalWithhold\",\n          \"AcctPeriodType\": \"PriorYr\",\n          \"LastOccurInd\": false,\n          \"Amt\": -47807067.63355376,\n          \"LastOccuranceDt\": \"8500-36-54\"\n        },\n        {\n          \"AcctAmtType\": \"ForfeitureAmt\",\n          \"AcctPeriodType\": \"PriorCycle\",\n          \"LastOccurInd\": false,\n          \"Amt\": 50598730.77489853,\n          \"LastOccuranceDt\": \"2995-87-71\"\n        }\n      ],\n      \"AlternateAddrInd\": true,\n      \"PostAddr\": [\n        {\n          \"AddrType\": \"Primary\",\n          \"AddressIdent\": \"Account\",\n          \"AddrFormatType\": \"Label\",\n          \"FullName1\": \"Lorem dolor\",\n          \"Addr1\": \"sed est aliqua consequat\",\n          \"Addr2\": \"ut proident deserunt mollit\",\n          \"Addr3\": \"voluptate cillum pariatur Excepteur\",\n          \"Addr4\": \"esse\",\n          \"Addr5\": \"ea officia aliquip quis consectetur\"\n        },\n        {\n          \"AddrType\": \"Primary\",\n          \"AddressIdent\": \"Account\",\n          \"AddrFormatType\": \"Label\",\n          \"FullName1\": \"ut esse incididunt\",\n          \"Addr1\": \"officia non \",\n          \"Addr2\": \"proident\",\n          \"Addr3\": \"magna cupidatat\",\n          \"Addr4\": \"in ullamco\",\n          \"Addr5\": \"dolor aute Lorem\"\n        }\n      ],\n      \"TaxIdentType\": \"None\",\n      \"TaxIdent\": \"non\",\n      \"TaxExempt\": \"NotTaxExempt\",\n      \"USATaxIdCert\": {\n        \"USATaxIdCertCode\": \"CertifiedPending\"\n      },\n      \"DocDistributionOption\": \"adipisicing laboris officia nulla\",\n      \"RelationshipPricingInd\": true,\n      \"SweepBalRelationshipInd\": false,\n      \"CashMgmtRelData\": {\n        \"CashMgmtRelType\": \"ZBA\",\n        \"NumAcctsInRelationship\": \"\",\n        \"ZBAInd\": true,\n        \"SweepAcctKeys\": {\n          \"AcctId\": {\n            \"value\": \"<Error: Too many levels of nesting to fake this schema>\"\n          },\n          \"AcctType\": {\n            \"value\": \"<Error: Too many levels of nesting to fake this schema>\"\n          }\n        },\n        \"MasterAcctKeys\": {\n          \"AcctId\": {\n            \"value\": \"<Error: Too many levels of nesting to fake this schema>\"\n          },\n          \"AcctType\": {\n            \"value\": \"<Error: Too many levels of nesting to fake this schema>\"\n          }\n        },\n        \"LinkAcctKeys\": {\n          \"AcctId\": {\n            \"value\": \"<Error: Too many levels of nesting to fake this schema>\"\n          },\n          \"AcctType\": {\n            \"value\": \"<Error: Too many levels of nesting to fake this schema>\"\n          }\n        }\n      },\n      \"RestrictedInd\": true,\n      \"RenewalData\": {\n        \"RenewalOption\": \"Reinvest\",\n        \"LastRenewalDt\": \"1977-07-18\"\n      },\n      \"IntDispData\": {\n        \"DistributionAmt\": {\n          \"Amt\": {\n            \"value\": \"<Error: Too many levels of nesting to fake this schema>\"\n          },\n          \"CurCode\": {\n            \"value\": \"<Error: Too many levels of nesting to fake this schema>\"\n          }\n        },\n        \"WithholdingOption\": \"reprehenderit sit\",\n        \"IntPmtFrequency\": [\n          {\n            \"value\": \"<Error: Too many levels of nesting to fake this schema>\"\n          },\n          {\n            \"value\": \"<Error: Too many levels of nesting to fake this schema>\"\n          }\n        ],\n        \"NextIntPmtDt\": \"2017-10-14\",\n        \"NextIntPmtAmt\": {\n          \"Amt\": {\n            \"value\": \"<Error: Too many levels of nesting to fake this schema>\"\n          },\n          \"CurCode\": {\n            \"value\": \"<Error: Too many levels of nesting to fake this schema>\"\n          }\n        },\n        \"LastIntPmtDt\": \"7986-10-08T35:81\"\n      },\n      \"RetirementAcctData\": {\n        \"RetirementPlanIdent\": \"cillum veniam\",\n        \"RetirementPlanType\": \"magna aute occaecat\",\n        \"LastRolloverDt\": \"1950-03-30\"\n      },\n      \"FloatData\": [\n        {\n          \"FloatType\": \"Customer\",\n          \"FloatDetails\": [\n            {\n              \"value\": \"<Error: Too many levels of nesting to fake this schema>\"\n            },\n            {\n              \"value\": \"<Error: Too many levels of nesting to fake this schema>\"\n            }\n          ]\n        },\n        {\n          \"FloatType\": \"Customer\",\n          \"FloatDetails\": [\n            {\n              \"value\": \"<Error: Too many levels of nesting to fake this schema>\"\n            },\n            {\n              \"value\": \"<Error: Too many levels of nesting to fake this schema>\"\n            }\n          ]\n        }\n      ],\n      \"FDICOwnership\": \"non dolore elit officia\",\n      \"ChildSupportTrust\": \"UTMA/UGMA\",\n      \"BrokeredDeposit\": \"mollit Excepteur\",\n      \"GovernmentFunds\": \"ex \",\n      \"TrustDeposit\": \"nulla ut magna\"\n    }\n  },\n  \"Status\": {\n    \"Severity\": \"Warning\",\n    \"StatusCode\": \"exer\",\n    \"StatusDesc\": \"laboris qui adipisicing\",\n    \"SvcProviderName\": \"cillum tempor pariatur qui labore\",\n    \"Id\": \"proident in\",\n    \"ServerStatusCode\": \"deserunt aliqu\",\n    \"ServerStatusDesc\": \"quis veniam\",\n    \"OvrdExceptionInd\": false,\n    \"SubjectRole\": \"est qui aliqua ad\",\n    \"SubjectElement\": [\n      {\n        \"Path\": \"sint reprehenderit ipsum mollit\",\n        \"ServerPath\": \"ad adipisicing et\",\n        \"Value\": \"eiusmod irure enim mollit eu\"\n      },\n      {\n        \"Path\": \"dolo\",\n        \"ServerPath\": \"ut est\",\n        \"Value\": \"dolor aliqua\"\n      }\n    ],\n    \"ContentHTML\": \"labore sed est nulla cillum\",\n    \"AdditionalStatus\": [\n      {\n        \"StatusCode\": \"consequa\",\n        \"StatusDesc\": \"exercitation laboris dolor\",\n        \"Severity\": \"Info\",\n        \"SvcProviderName\": \"consectetur\",\n        \"ServerStatusCode\": \"cup\",\n        \"ServerStatusDesc\": \"mollit ad reprehenderit fugiat ut\",\n        \"OvrdExceptionInd\": false,\n        \"SubjectElement\": [\n          {\n            \"Path\": {\n              \"value\": \"<Error: Too many levels of nesting to fake this schema>\"\n            },\n            \"ServerPath\": {\n              \"value\": \"<Error: Too many levels of nesting to fake this schema>\"\n            },\n            \"Value\": {\n              \"value\": \"<Error: Too many levels of nesting to fake this schema>\"\n            }\n          },\n          {\n            \"Path\": {\n              \"value\": \"<Error: Too many levels of nesting to fake this schema>\"\n            },\n            \"ServerPath\": {\n              \"value\": \"<Error: Too many levels of nesting to fake this schema>\"\n            },\n            \"Value\": {\n              \"value\": \"<Error: Too many levels of nesting to fake this schema>\"\n            }\n          }\n        ]\n      },\n      {\n        \"StatusCode\": \"quis eiusmod\",\n        \"StatusDesc\": \"occaecat ex magna\",\n        \"Severity\": \"Error\",\n        \"SvcProviderName\": \"occaecat nulla cupidatat nostrud incididunt\",\n        \"ServerStatusCode\": \"eu deserunt si\",\n        \"ServerStatusDesc\": \"id aliqua\",\n        \"OvrdExceptionInd\": false,\n        \"SubjectElement\": [\n          {\n            \"Path\": {\n              \"value\": \"<Error: Too many levels of nesting to fake this schema>\"\n            },\n            \"ServerPath\": {\n              \"value\": \"<Error: Too many levels of nesting to fake this schema>\"\n            },\n            \"Value\": {\n              \"value\": \"<Error: Too many levels of nesting to fake this schema>\"\n            }\n          },\n          {\n            \"Path\": {\n              \"value\": \"<Error: Too many levels of nesting to fake this schema>\"\n            },\n            \"ServerPath\": {\n              \"value\": \"<Error: Too many levels of nesting to fake this schema>\"\n            },\n            \"Value\": {\n              \"value\": \"<Error: Too many levels of nesting to fake this schema>\"\n            }\n          }\n        ]\n      }\n    ]\n  }\n}","cookie":[],"_postman_previewlanguage":"json"},{"id":"6834edbc-88d5-47a9-8ecf-ac02ba0a03f0","name":"To view the complete list of response codes, <a href=\"../docs/?path=docs/response-codes.md\" title=\"Click to open\">click here.</a>","originalRequest":{"url":{"path":["acctservice","acctmgmt","accounts","secured"],"host":["{{baseUrl}}"],"query":[],"variable":[]},"header":[{"disabled":false,"description":"(Required) EFX Header is a common and required component for all API calls, it contains client-related parameters. Please note that the header parameters should be sent as a JSON object under the EFXHeader parameter. To view the list of header parameters, <a href=\"../docs?path=docs/api-ref-EFX-header.md\" title=\"Click to open\"> click here.</a>","key":"EFXHeader","value":"OrganizationId,<string>,TrnId,<string>,VendorId,<string>,Context,[object Object]"}],"method":"POST","body":{"mode":"raw","raw":"{\n  \"AcctSel\": {\n    \"AcctKeys\": {\n      \"AcctId\": \"anim\",\n      \"AcctType\": \"CDA\"\n    }\n  }\n}","options":{"raw":{"language":"json"}}}},"status":"Internal Server Error","code":500,"header":[{"key":"Content-Type","value":"application/json"}],"body":"{\n  \"AcctRec\": {\n    \"AcctKeys\": {\n      \"AcctId\": \"incididunt fugiat of\",\n      \"AcctType\": \"CDA\"\n    },\n    \"AcctStatus\": {\n      \"AcctStatusCode\": \"Valid\",\n      \"EffDt\": \"1728-82-26T69:49:57-22:61\"\n    },\n    \"DepositAcctInfo\": {\n      \"GoodThruDt\": \"1975-04-25\",\n      \"AcctDtlStatus\": \"Matured\",\n      \"ProductIdent\": \"conseq\",\n      \"Desc\": \"sit eu\",\n      \"AcctType\": \"CDA\",\n      \"TaxIncentiveType\": \"HSA\",\n      \"InitialAmount\": {\n        \"Amt\": -51883576.56497367,\n        \"CurCode\": {\n          \"CurCodeValue\": {\n            \"value\": \"<Error: Too many levels of nesting to fake this schema>\"\n          },\n          \"CurCodeType\": {\n            \"value\": \"<Error: Too many levels of nesting to fake this schema>\"\n          }\n        }\n      },\n      \"OpenDt\": \"2022-08-18\",\n      \"ClosedDt\": \"1967-07-20\",\n      \"Term\": {\n        \"TermUnits\": \"Indefinite\",\n        \"Count\": -9858578\n      },\n      \"MaturityDt\": \"1993-10-28\",\n      \"LastContactDt\": \"8137-38-10T44:15:03.759\",\n      \"DateData\": [\n        {\n          \"DateType\": \"LastPrc\",\n          \"DateValue\": \"8145-87-92T45:99\"\n        },\n        {\n          \"DateType\": \"LastTrn\",\n          \"DateValue\": \"8706-49-52\"\n        }\n      ],\n      \"RelationshipMgr\": [\n        {\n          \"RelationshipMgrIdent\": \"Excepteur consectetur labore occaeca\",\n          \"RelationshipRole\": \"SecondOfficer\"\n        },\n        {\n          \"RelationshipMgrIdent\": \"ex\",\n          \"RelationshipRole\": \"SecondOfficer\"\n        }\n      ],\n      \"OriginatingBranch\": \"irure\",\n      \"OEDCode\": \"OfficerOtherBank\",\n      \"AcctStmtData\": {\n        \"StmtTimeFrame\": [\n          {\n            \"value\": \"<Error: Too many levels of nesting to fake this schema>\"\n          },\n          {\n            \"value\": \"<Error: Too many levels of nesting to fake this schema>\"\n          }\n        ],\n        \"LastStmtDt\": \"1969-06-27\"\n      },\n      \"Rate\": -22033241.770340517,\n      \"AcctBal\": [\n        {\n          \"BalType\": \"Avail\",\n          \"CurAmt\": {\n            \"value\": \"<Error: Too many levels of nesting to fake this schema>\"\n          }\n        },\n        {\n          \"BalType\": \"Avail\",\n          \"CurAmt\": {\n            \"value\": \"<Error: Too many levels of nesting to fake this schema>\"\n          }\n        }\n      ],\n      \"AcctPeriodData\": [\n        {\n          \"AcctAmtType\": \"Deposit\",\n          \"AcctPeriodType\": \"YTD\",\n          \"LastOccurInd\": false,\n          \"Amt\": -3934624.4055408835,\n          \"LastOccuranceDt\": \"9158-67-14T08:46:21.687\"\n        },\n        {\n          \"AcctAmtType\": \"Deposit\",\n          \"AcctPeriodType\": \"YTD\",\n          \"LastOccurInd\": true,\n          \"Amt\": 62094546.16368309,\n          \"LastOccuranceDt\": \"9243-27-03T43:16:14\"\n        }\n      ],\n      \"AlternateAddrInd\": false,\n      \"PostAddr\": [\n        {\n          \"AddrType\": \"Primary\",\n          \"AddressIdent\": \"Account\",\n          \"AddrFormatType\": \"Label\",\n          \"FullName1\": \"elit sint\",\n          \"Addr1\": \"amet ad elit\",\n          \"Addr2\": \"dolore n\",\n          \"Addr3\": \"officia in esse incididun\",\n          \"Addr4\": \"consectetur in\",\n          \"Addr5\": \"non in commodo\"\n        },\n        {\n          \"AddrType\": \"Primary\",\n          \"AddressIdent\": \"Account\",\n          \"AddrFormatType\": \"Label\",\n          \"FullName1\": \"tempor do enim\",\n          \"Addr1\": \"Lorem\",\n          \"Addr2\": \"ut et dol\",\n          \"Addr3\": \"quis\",\n          \"Addr4\": \"veniam Duis incididunt proident\",\n          \"Addr5\": \"labo\"\n        }\n      ],\n      \"TaxIdentType\": \"None\",\n      \"TaxIdent\": \"cupidatat\",\n      \"TaxExempt\": \"TaxExempt\",\n      \"USATaxIdCert\": {\n        \"USATaxIdCertCode\": \"Certified\"\n      },\n      \"DocDistributionOption\": \"veniam ea\",\n      \"RelationshipPricingInd\": false,\n      \"SweepBalRelationshipInd\": false,\n      \"CashMgmtRelData\": {\n        \"CashMgmtRelType\": \"InvestmentFinalFunding\",\n        \"NumAcctsInRelationship\": \"d\",\n        \"ZBAInd\": false,\n        \"SweepAcctKeys\": {\n          \"AcctId\": {\n            \"value\": \"<Error: Too many levels of nesting to fake this schema>\"\n          },\n          \"AcctType\": {\n            \"value\": \"<Error: Too many levels of nesting to fake this schema>\"\n          }\n        },\n        \"MasterAcctKeys\": {\n          \"AcctId\": {\n            \"value\": \"<Error: Too many levels of nesting to fake this schema>\"\n          },\n          \"AcctType\": {\n            \"value\": \"<Error: Too many levels of nesting to fake this schema>\"\n          }\n        },\n        \"LinkAcctKeys\": {\n          \"AcctId\": {\n            \"value\": \"<Error: Too many levels of nesting to fake this schema>\"\n          },\n          \"AcctType\": {\n            \"value\": \"<Error: Too many levels of nesting to fake this schema>\"\n          }\n        }\n      },\n      \"RestrictedInd\": true,\n      \"RenewalData\": {\n        \"RenewalOption\": \"NoRenewalAllowed\",\n        \"LastRenewalDt\": \"2022-11-08\"\n      },\n      \"IntDispData\": {\n        \"DistributionAmt\": {\n          \"Amt\": {\n            \"value\": \"<Error: Too many levels of nesting to fake this schema>\"\n          },\n          \"CurCode\": {\n            \"value\": \"<Error: Too many levels of nesting to fake this schema>\"\n          }\n        },\n        \"WithholdingOption\": \"laboris proident quis aute aliqua\",\n        \"IntPmtFrequency\": [\n          {\n            \"value\": \"<Error: Too many levels of nesting to fake this schema>\"\n          },\n          {\n            \"value\": \"<Error: Too many levels of nesting to fake this schema>\"\n          }\n        ],\n        \"NextIntPmtDt\": \"1975-01-25\",\n        \"NextIntPmtAmt\": {\n          \"Amt\": {\n            \"value\": \"<Error: Too many levels of nesting to fake this schema>\"\n          },\n          \"CurCode\": {\n            \"value\": \"<Error: Too many levels of nesting to fake this schema>\"\n          }\n        },\n        \"LastIntPmtDt\": \"3033-34-00\"\n      },\n      \"RetirementAcctData\": {\n        \"RetirementPlanIdent\": \"in deserunt \",\n        \"RetirementPlanType\": \"adipisicing exercitation\",\n        \"LastRolloverDt\": \"2006-04-07\"\n      },\n      \"FloatData\": [\n        {\n          \"FloatType\": \"Customer\",\n          \"FloatDetails\": [\n            {\n              \"value\": \"<Error: Too many levels of nesting to fake this schema>\"\n            },\n            {\n              \"value\": \"<Error: Too many levels of nesting to fake this schema>\"\n            }\n          ]\n        },\n        {\n          \"FloatType\": \"Customer\",\n          \"FloatDetails\": [\n            {\n              \"value\": \"<Error: Too many levels of nesting to fake this schema>\"\n            },\n            {\n              \"value\": \"<Error: Too many levels of nesting to fake this schema>\"\n            }\n          ]\n        }\n      ],\n      \"FDICOwnership\": \"voluptate minim adipisicing\",\n      \"ChildSupportTrust\": \"Unknown\",\n      \"BrokeredDeposit\": \"et in\",\n      \"GovernmentFunds\": \"sit fugiat ullamco qui\",\n      \"TrustDeposit\": \"voluptate anim ullamco mollit\"\n    }\n  },\n  \"Status\": {\n    \"Severity\": \"Error\",\n    \"StatusCode\": \"nu\",\n    \"StatusDesc\": \"dolore\",\n    \"SvcProviderName\": \"Excepteur\",\n    \"Id\": \"in\",\n    \"ServerStatusCode\": \"Ut in Duis incidi\",\n    \"ServerStatusDesc\": \"ut elit\",\n    \"OvrdExceptionInd\": false,\n    \"SubjectRole\": \"nulla irure\",\n    \"SubjectElement\": [\n      {\n        \"Path\": \"in Excepteur Ut\",\n        \"ServerPath\": \"minim dolore magna\",\n        \"Value\": \"nulla esse\"\n      },\n      {\n        \"Path\": \"aliquip\",\n        \"ServerPath\": \"cillum\",\n        \"Value\": \"aliqua ullamco deserunt\"\n      }\n    ],\n    \"ContentHTML\": \"esse ut\",\n    \"AdditionalStatus\": [\n      {\n        \"StatusCode\": \"adipisicing offici\",\n        \"StatusDesc\": \"nisi\",\n        \"Severity\": \"Error\",\n        \"SvcProviderName\": \"officia consectetur\",\n        \"ServerStatusCode\": \"in aute exercitat\",\n        \"ServerStatusDesc\": \"quis sint\",\n        \"OvrdExceptionInd\": false,\n        \"SubjectElement\": [\n          {\n            \"Path\": {\n              \"value\": \"<Error: Too many levels of nesting to fake this schema>\"\n            },\n            \"ServerPath\": {\n              \"value\": \"<Error: Too many levels of nesting to fake this schema>\"\n            },\n            \"Value\": {\n              \"value\": \"<Error: Too many levels of nesting to fake this schema>\"\n            }\n          },\n          {\n            \"Path\": {\n              \"value\": \"<Error: Too many levels of nesting to fake this schema>\"\n            },\n            \"ServerPath\": {\n              \"value\": \"<Error: Too many levels of nesting to fake this schema>\"\n            },\n            \"Value\": {\n              \"value\": \"<Error: Too many levels of nesting to fake this schema>\"\n            }\n          }\n        ]\n      },\n      {\n        \"StatusCode\": \"ad nostrud\",\n        \"StatusDesc\": \"\",\n        \"Severity\": \"Error\",\n        \"SvcProviderName\": \"sunt sit elit dolor labore\",\n        \"ServerStatusCode\": \"eu ad culpa l\",\n        \"ServerStatusDesc\": \"ut dolor id\",\n        \"OvrdExceptionInd\": true,\n        \"SubjectElement\": [\n          {\n            \"Path\": {\n              \"value\": \"<Error: Too many levels of nesting to fake this schema>\"\n            },\n            \"ServerPath\": {\n              \"value\": \"<Error: Too many levels of nesting to fake this schema>\"\n            },\n            \"Value\": {\n              \"value\": \"<Error: Too many levels of nesting to fake this schema>\"\n            }\n          },\n          {\n            \"Path\": {\n              \"value\": \"<Error: Too many levels of nesting to fake this schema>\"\n            },\n            \"ServerPath\": {\n              \"value\": \"<Error: Too many levels of nesting to fake this schema>\"\n            },\n            \"Value\": {\n              \"value\": \"<Error: Too many levels of nesting to fake this schema>\"\n            }\n          }\n        ]\n      }\n    ]\n  }\n}","cookie":[],"_postman_previewlanguage":"json"}],"event":[],"protocolProfileBehavior":{"disableBodyPruning":true}}],"event":[]}],"event":[],"variable":[{"type":"string","value":"/","key":"baseUrl"}],"info":{"_postman_id":"f4a9bd31-ecb0-4887-bcf9-f47d8b8d1183","name":"Account Service","schema":"https://schema.getpostman.com/json/collection/v2.1.0/collection.json","description":{"content":"The account service helps to create and manage product accounts serviced by the financial institutions. It is also used to retrieve information about the existing accounts and maintain information of new accounts.","type":"text/plain"}}}