{"item":[{"id":"bbda1153-5b97-4805-b596-54cc63fc5968","name":"Get Accounts","description":{"content":"","type":"text/plain"},"item":[{"id":"05378e39-4586-49c0-9b41-74efe85a1efe","name":"Get Accounts.","request":{"name":"Get Accounts.","description":{"content":"Retrieves account-related information of the existing Checking, Savings, CD or Loan account records.<br>\n        For more information about the Accounts domain, <a href=\"../docs/?path=docs/fintechs/accounts.md\" title=\"Click to open\">click here.</a><br><br>\n        <b>Relates to:</b>\n          <ul> \n            <li><a href=\"../docs/?path=docs/banks-and-CU/deposits.md\" title=\"Click to open\">Deposits</a></li>\n            <li><a href=\"../docs/?path=docs/banks-and-CU/loans.md\" title=\"Click to open\">Loans</a></li>\n            <li><a href=\"../docs/?path=docs/banks-and-CU/bank-servicing.md\" title=\"Click to open\">Bank Servicing</a></li>\n            <li><a href=\"../docs/?path=docs/banks-and-CU/cash-mgt.md\" title=\"Click to open\">Cash Management</a></li>\n            <li><a href=\"../docs/?path=docs/banks-and-CU/treasury-services.md\" title=\"Click to open\">Treasury Services</a></li>\n            <li><a href=\"../docs/?path=docs/banks-and-CU/riskMgt.md\" title=\"Click to open\">Risk and Performance Management</a></li>\n          </ul>","type":"text/plain"},"url":{"path":["acctservice","acctmgmt","accounts","secured"],"host":["{{baseUrl}}"],"query":[],"variable":[]},"header":[{"disabled":false,"description":"(Required) EFX Header is a common and required component for all API calls, it contains client-related parameters. Please note that the header parameters should be sent as a JSON object under the EFXHeader parameter. To view the list of header parameters, <a href=\"../docs?path=docs/api-ref-EFX-header.md\" title=\"Click to open\"> click here.</a>","key":"EFXHeader","value":"OrganizationId,<string>,TrnId,<string>,VendorId,<string>,Context,[object Object]"},{"key":"Content-Type","value":"application/json"},{"key":"Accept","value":"application/json"}],"method":"POST","auth":null,"body":{"mode":"raw","raw":"{\n  \"AcctSel\": {\n    \"AcctKeys\": {\n      \"AcctId\": \"<string>\",\n      \"AcctType\": \"<string>\"\n    }\n  }\n}","options":{"raw":{"language":"json"}}}},"response":[{"id":"25f09aa9-3d34-4f12-a93a-0e651626fabb","name":"Success","originalRequest":{"url":{"path":["acctservice","acctmgmt","accounts","secured"],"host":["{{baseUrl}}"],"query":[],"variable":[]},"header":[{"disabled":false,"description":"(Required) EFX Header is a common and required component for all API calls, it contains client-related parameters. Please note that the header parameters should be sent as a JSON object under the EFXHeader parameter. To view the list of header parameters, <a href=\"../docs?path=docs/api-ref-EFX-header.md\" title=\"Click to open\"> click here.</a>","key":"EFXHeader","value":"OrganizationId,<string>,TrnId,<string>,VendorId,<string>,Context,[object Object]"}],"method":"POST","body":{"mode":"raw","raw":"{\n  \"AcctSel\": {\n    \"AcctKeys\": {\n      \"AcctId\": \"<string>\",\n      \"AcctType\": \"<string>\"\n    }\n  }\n}","options":{"raw":{"language":"json"}}}},"status":"OK","code":200,"header":[{"key":"Content-Type","value":"application/json"}],"body":"{\n  \"AcctRec\": {\n    \"AcctKeys\": {\n      \"AcctId\": \"officia magna\",\n      \"AcctType\": \"CDA\"\n    },\n    \"AcctStatus\": {\n      \"AcctStatusCode\": \"Valid\",\n      \"EffDt\": \"3052-50-96T74:17:37\"\n    },\n    \"DepositAcctInfo\": {\n      \"AcctDtlStatus\": \"NewThisMonth\",\n      \"AcctDtlStatusEnumDesc\": \"id labore adipisicing et minim\",\n      \"ProductIdent\": \"esse cillum mollit Ut\",\n      \"TaxIncentiveType\": \"None\",\n      \"TaxIncentiveTypeEnumDesc\": \"occaecat\",\n      \"AcctUse\": \"sed eu occaecat irure\",\n      \"AcctUseEnumDesc\": \"dolore nostrud elit\",\n      \"InitialAmount\": {\n        \"Amt\": 96568502.63709703\n      },\n      \"OpenDt\": \"1969-07-29\",\n      \"Term\": {\n        \"TermUnits\": \"Months\",\n        \"Count\": -8052041,\n        \"TermUnitsEnumDesc\": \"esse voluptate ea laborum\"\n      },\n      \"MaturityDt\": \"1952-06-11\",\n      \"DateData\": [\n        {\n          \"DateType\": \"OldestHold\",\n          \"DateTypeEnumDesc\": \"occaecat\",\n          \"DateValue\": \"2003-12-34T94:97\"\n        },\n        {\n          \"DateType\": \"LastTrn\",\n          \"DateTypeEnumDesc\": \"Lorem consectetur exercitation\",\n          \"DateValue\": \"9947-92-59\"\n        }\n      ],\n      \"RelationshipMgr\": [\n        {\n          \"RelationshipMgrIdent\": \"qui\",\n          \"RelationshipMgrIdentEnumDesc\": \"non anim\",\n          \"RelationshipRole\": \"Officer\",\n          \"RelationshipRoleEnumDesc\": \"dolor ipsum consectetur est\"\n        },\n        {\n          \"RelationshipMgrIdent\": \"ipsum et dolore\",\n          \"RelationshipMgrIdentEnumDesc\": \"ut mollit sunt eiusmod Lorem\",\n          \"RelationshipRole\": \"Officer\",\n          \"RelationshipRoleEnumDesc\": \"eu id do dolor Ut\"\n        }\n      ],\n      \"OriginatingBranch\": \"ad min\",\n      \"OriginatingBranchEnumDesc\": \"et sint\",\n      \"AcctTitleOption\": \"ali\",\n      \"EmployeeInd\": false,\n      \"Rate\": 265330.16999956965,\n      \"IntRateData\": {\n        \"RateMatrixTier\": [\n          {\n            \"value\": \"<Error: Too many levels of nesting to fake this schema>\"\n          },\n          {\n            \"value\": \"<Error: Too many levels of nesting to fake this schema>\"\n          }\n        ],\n        \"AccrualMethod\": \"Simple\",\n        \"AccrualMethodEnumDesc\": \"et eu ex\"\n      },\n      \"RateChangeData\": [\n        {\n          \"RateVariance\": -88552206.7695431,\n          \"FloorRate\": 82673690.60289437,\n          \"CeilingRate\": 19506056.465476274,\n          \"RateChangeRecurType\": \"Yearly\",\n          \"RateChangeRecurTypeEnumDesc\": \"in\",\n          \"RecurInterval\": -92811679,\n          \"NextRateChangeDt\": \"1987-06-11\"\n        },\n        {\n          \"RateVariance\": 48338117.35667184,\n          \"FloorRate\": 549390.1405966282,\n          \"CeilingRate\": 29032972.503443763,\n          \"RateChangeRecurType\": \"Yearly\",\n          \"RateChangeRecurTypeEnumDesc\": \"elit Ut\",\n          \"RecurInterval\": -44291503,\n          \"NextRateChangeDt\": \"1970-06-06\"\n        }\n      ],\n      \"AcctBal\": [\n        {\n          \"BalType\": \"Avail\",\n          \"CurAmt\": {\n            \"value\": \"<Error: Too many levels of nesting to fake this schema>\"\n          },\n          \"BalTypeEnumDesc\": \"qui do dolor velit\"\n        },\n        {\n          \"BalType\": \"Current\",\n          \"CurAmt\": {\n            \"value\": \"<Error: Too many levels of nesting to fake this schema>\"\n          },\n          \"BalTypeEnumDesc\": \"minim qu\"\n        }\n      ],\n      \"AcctPeriodData\": [\n        {\n          \"AcctAmtType\": \"MinBal - NEW\",\n          \"AcctAmtTypeEnumDesc\": \"nisi Lorem amet non\",\n          \"AcctPeriodType\": \"CTD\",\n          \"AcctPeriodTypeEnumDesc\": \"veniam deserunt\",\n          \"Amt\": 4402580.834925324,\n          \"Count\": 80778477\n        },\n        {\n          \"AcctAmtType\": \"Transactions\",\n          \"AcctAmtTypeEnumDesc\": \"cillum et sunt pariatur est\",\n          \"AcctPeriodType\": \"PriorYr\",\n          \"AcctPeriodTypeEnumDesc\": \"do ut nostrud\",\n          \"Amt\": 56629884.59360498,\n          \"Count\": 98866170\n        }\n      ],\n      \"WithholdingOption\": \"adipisicing sint\",\n      \"WithholdingOptionEnumDesc\": \"incididunt laboris culpa Ut occaecat\",\n      \"Fee\": [\n        {\n          \"FeeType\": \"ServiceFee\",\n          \"FeeOption\": \"Waive\"\n        },\n        {\n          \"FeeType\": \"ServiceFee\",\n          \"FeeOption\": \"Charge\"\n        }\n      ],\n      \"TrnRestriction\": \"Lorem\",\n      \"DocDistributionOption\": \"non veniam eiusmod cillum occaecat\",\n      \"DocDistributionOptionEnumDesc\": \"sit velit dolor\",\n      \"RenewalData\": {\n        \"RenewalOption\": \"aliquip consectetur\",\n        \"RenewalOptionEnumDesc\": \"ex dolor\"\n      },\n      \"AccessLevelData\": {\n        \"AccessLevelType\": \"labore non cillum tempor dolor\",\n        \"AccessLevelCode\": \"q\"\n      },\n      \"IntDispData\": {\n        \"IntDisposition\": \"TransferToAcct\",\n        \"IntDistAcctRef\": {\n          \"AcctKeys\": {\n            \"value\": \"<Error: Too many levels of nesting to fake this schema>\"\n          }\n        },\n        \"DistributionAmt\": {\n          \"Amt\": {\n            \"value\": \"<Error: Too many levels of nesting to fake this schema>\"\n          }\n        },\n        \"IntPmtFrequency\": [\n          {\n            \"value\": \"<Error: Too many levels of nesting to fake this schema>\"\n          },\n          {\n            \"value\": \"<Error: Too many levels of nesting to fake this schema>\"\n          }\n        ],\n        \"NextIntPmtDt\": \"1962-06-21\",\n        \"LastIntPmtDt\": \"3168-46-76T57:67:20-49:45\"\n      },\n      \"RetirementAcctData\": {\n        \"RetirementPlanIdent\": \"qui proident deserunt\",\n        \"RetirementPlanType\": \"ea reprehenderit\",\n        \"RetirementPlanTypeEnumDesc\": \"est\"\n      },\n      \"SvcChgData\": {\n        \"SvcChgMethod\": [\n          {\n            \"value\": \"<Error: Too many levels of nesting to fake this schema>\"\n          },\n          {\n            \"value\": \"<Error: Too many levels of nesting to fake this schema>\"\n          }\n        ]\n      }\n    }\n  },\n  \"Status\": {\n    \"Severity\": \"Warning\",\n    \"StatusCode\": \"s\",\n    \"StatusDesc\": \"minim incididunt labore non culpa\",\n    \"SvcProviderName\": \"elit minim in non\",\n    \"Id\": \"in est et magna cupidatat\",\n    \"ServerStatusCode\": \"ipsum do\",\n    \"ServerStatusDesc\": \"adipisicing proident irure\",\n    \"OvrdExceptionInd\": true,\n    \"SubjectRole\": \"Ut labore commodo\",\n    \"SubjectElement\": [\n      {\n        \"Path\": \"magna incididu\",\n        \"ServerPath\": \"elit labore ea laborum\",\n        \"Value\": \"qui cillum adipisicing reprehenderit\"\n      },\n      {\n        \"Path\": \"commodo aliqua sunt\",\n        \"ServerPath\": \"eu deserunt proident\",\n        \"Value\": \"dolore consequat Ut ipsum\"\n      }\n    ],\n    \"ContentHTML\": \"do\",\n    \"AdditionalStatus\": [\n      {\n        \"StatusCode\": \"d\",\n        \"StatusDesc\": \"ut ullamco enim fugiat\",\n        \"Severity\": \"Warning\",\n        \"SvcProviderName\": \"dolor Lorem incididunt deserunt\",\n        \"ServerStatusCode\": \"ipsum consectetur\",\n        \"ServerStatusDesc\": \"sed deserunt nulla aute\",\n        \"OvrdExceptionInd\": false,\n        \"SubjectElement\": [\n          {\n            \"Path\": {\n              \"value\": \"<Error: Too many levels of nesting to fake this schema>\"\n            },\n            \"ServerPath\": {\n              \"value\": \"<Error: Too many levels of nesting to fake this schema>\"\n            },\n            \"Value\": {\n              \"value\": \"<Error: Too many levels of nesting to fake this schema>\"\n            }\n          },\n          {\n            \"Path\": {\n              \"value\": \"<Error: Too many levels of nesting to fake this schema>\"\n            },\n            \"ServerPath\": {\n              \"value\": \"<Error: Too many levels of nesting to fake this schema>\"\n            },\n            \"Value\": {\n              \"value\": \"<Error: Too many levels of nesting to fake this schema>\"\n            }\n          }\n        ]\n      },\n      {\n        \"StatusCode\": \"consectetur \",\n        \"StatusDesc\": \"dolore anim Ut sit\",\n        \"Severity\": \"Info\",\n        \"SvcProviderName\": \"dolore incididunt do\",\n        \"ServerStatusCode\": \"laborum Ut se\",\n        \"ServerStatusDesc\": \"est laboris sit\",\n        \"OvrdExceptionInd\": true,\n        \"SubjectElement\": [\n          {\n            \"Path\": {\n              \"value\": \"<Error: Too many levels of nesting to fake this schema>\"\n            },\n            \"ServerPath\": {\n              \"value\": \"<Error: Too many levels of nesting to fake this schema>\"\n            },\n            \"Value\": {\n              \"value\": \"<Error: Too many levels of nesting to fake this schema>\"\n            }\n          },\n          {\n            \"Path\": {\n              \"value\": \"<Error: Too many levels of nesting to fake this schema>\"\n            },\n            \"ServerPath\": {\n              \"value\": \"<Error: Too many levels of nesting to fake this schema>\"\n            },\n            \"Value\": {\n              \"value\": \"<Error: Too many levels of nesting to fake this schema>\"\n            }\n          }\n        ]\n      }\n    ]\n  }\n}","cookie":[],"_postman_previewlanguage":"json"},{"id":"00efdcd9-210d-4a10-8137-ef9c0cd86419","name":"To view the complete list of response codes, <a href=\"../docs/?path=docs/response-codes.md\" title=\"Click to open\">click here.</a>","originalRequest":{"url":{"path":["acctservice","acctmgmt","accounts","secured"],"host":["{{baseUrl}}"],"query":[],"variable":[]},"header":[{"disabled":false,"description":"(Required) EFX Header is a common and required component for all API calls, it contains client-related parameters. Please note that the header parameters should be sent as a JSON object under the EFXHeader parameter. To view the list of header parameters, <a href=\"../docs?path=docs/api-ref-EFX-header.md\" title=\"Click to open\"> click here.</a>","key":"EFXHeader","value":"OrganizationId,<string>,TrnId,<string>,VendorId,<string>,Context,[object Object]"}],"method":"POST","body":{"mode":"raw","raw":"{\n  \"AcctSel\": {\n    \"AcctKeys\": {\n      \"AcctId\": \"<string>\",\n      \"AcctType\": \"<string>\"\n    }\n  }\n}","options":{"raw":{"language":"json"}}}},"status":"Internal Server Error","code":500,"header":[{"key":"Content-Type","value":"application/json"}],"body":"{\n  \"AcctRec\": {\n    \"AcctKeys\": {\n      \"AcctId\": \"fugiat\",\n      \"AcctType\": \"CDA\"\n    },\n    \"AcctStatus\": {\n      \"AcctStatusCode\": \"Valid\",\n      \"EffDt\": \"1141-30-45T11:96\"\n    },\n    \"DepositAcctInfo\": {\n      \"AcctDtlStatus\": \"Purge\",\n      \"AcctDtlStatusEnumDesc\": \"elit pariatur deserunt\",\n      \"ProductIdent\": \"occaecat incididunt eiusmod\",\n      \"TaxIncentiveType\": \"DeferComp - NEW\",\n      \"TaxIncentiveTypeEnumDesc\": \"ut anim\",\n      \"AcctUse\": \"est\",\n      \"AcctUseEnumDesc\": \"Ut est dolor\",\n      \"InitialAmount\": {\n        \"Amt\": 39356234.33498764\n      },\n      \"OpenDt\": \"1957-10-12\",\n      \"Term\": {\n        \"TermUnits\": \"Days\",\n        \"Count\": 25782026,\n        \"TermUnitsEnumDesc\": \"dolore ut amet cupidatat in\"\n      },\n      \"MaturityDt\": \"1960-05-07\",\n      \"DateData\": [\n        {\n          \"DateType\": \"OldestHold\",\n          \"DateTypeEnumDesc\": \"velit nostrud ipsum proident dolo\",\n          \"DateValue\": \"4639-24-51T08:39\"\n        },\n        {\n          \"DateType\": \"OldestHold\",\n          \"DateTypeEnumDesc\": \"sit ex ut\",\n          \"DateValue\": \"6625-48-79\"\n        }\n      ],\n      \"RelationshipMgr\": [\n        {\n          \"RelationshipMgrIdent\": \"incididunt\",\n          \"RelationshipMgrIdentEnumDesc\": \"in ullamco esse\",\n          \"RelationshipRole\": \"Officer\",\n          \"RelationshipRoleEnumDesc\": \"aliquip non\"\n        },\n        {\n          \"RelationshipMgrIdent\": \"sed magna amet offic\",\n          \"RelationshipMgrIdentEnumDesc\": \"sunt sit exe\",\n          \"RelationshipRole\": \"Officer\",\n          \"RelationshipRoleEnumDesc\": \"ut elit pariatur\"\n        }\n      ],\n      \"OriginatingBranch\": \"cup\",\n      \"OriginatingBranchEnumDesc\": \"irure do id ad\",\n      \"AcctTitleOption\": \"mollit deserunt id\",\n      \"EmployeeInd\": true,\n      \"Rate\": -74191749.20684916,\n      \"IntRateData\": {\n        \"RateMatrixTier\": [\n          {\n            \"value\": \"<Error: Too many levels of nesting to fake this schema>\"\n          },\n          {\n            \"value\": \"<Error: Too many levels of nesting to fake this schema>\"\n          }\n        ],\n        \"AccrualMethod\": \"TrueSimple - NEW\",\n        \"AccrualMethodEnumDesc\": \"irure qui dolore\"\n      },\n      \"RateChangeData\": [\n        {\n          \"RateVariance\": -9196758.138222933,\n          \"FloorRate\": -53773241.20568083,\n          \"CeilingRate\": 46472883.25890365,\n          \"RateChangeRecurType\": \"Monthly\",\n          \"RateChangeRecurTypeEnumDesc\": \"consequat do elit qui\",\n          \"RecurInterval\": 51126544,\n          \"NextRateChangeDt\": \"1970-03-19\"\n        },\n        {\n          \"RateVariance\": -87799857.57758096,\n          \"FloorRate\": 35700142.872768044,\n          \"CeilingRate\": 8734690.424321815,\n          \"RateChangeRecurType\": \"Yearly\",\n          \"RateChangeRecurTypeEnumDesc\": \"culpa cillum ut\",\n          \"RecurInterval\": -53701016,\n          \"NextRateChangeDt\": \"1948-06-30\"\n        }\n      ],\n      \"AcctBal\": [\n        {\n          \"BalType\": \"Current\",\n          \"CurAmt\": {\n            \"value\": \"<Error: Too many levels of nesting to fake this schema>\"\n          },\n          \"BalTypeEnumDesc\": \"veniam esse enim in\"\n        },\n        {\n          \"BalType\": \"Hold\",\n          \"CurAmt\": {\n            \"value\": \"<Error: Too many levels of nesting to fake this schema>\"\n          },\n          \"BalTypeEnumDesc\": \"dolore sint Duis\"\n        }\n      ],\n      \"AcctPeriodData\": [\n        {\n          \"AcctAmtType\": \"MinLedger\",\n          \"AcctAmtTypeEnumDesc\": \"nostrud labore\",\n          \"AcctPeriodType\": \"CTD\",\n          \"AcctPeriodTypeEnumDesc\": \"ut do dolor\",\n          \"Amt\": 14967066.077358648,\n          \"Count\": -19772057\n        },\n        {\n          \"AcctAmtType\": \"MinBal - NEW\",\n          \"AcctAmtTypeEnumDesc\": \"aute mollit adipisicing\",\n          \"AcctPeriodType\": \"LTD\",\n          \"AcctPeriodTypeEnumDesc\": \"labore laboris\",\n          \"Amt\": 98375811.51658887,\n          \"Count\": -14065594\n        }\n      ],\n      \"WithholdingOption\": \"in et\",\n      \"WithholdingOptionEnumDesc\": \"in aute cupid\",\n      \"Fee\": [\n        {\n          \"FeeType\": \"ServiceFee\",\n          \"FeeOption\": \"Waive\"\n        },\n        {\n          \"FeeType\": \"ServiceFee\",\n          \"FeeOption\": \"Charge\"\n        }\n      ],\n      \"TrnRestriction\": \"ullamco dolore cupidatat do\",\n      \"DocDistributionOption\": \"reprehenderit\",\n      \"DocDistributionOptionEnumDesc\": \"et sint \",\n      \"RenewalData\": {\n        \"RenewalOption\": \"in adipisicing incididunt nulla\",\n        \"RenewalOptionEnumDesc\": \"veniam\"\n      },\n      \"AccessLevelData\": {\n        \"AccessLevelType\": \"eiusmod amet sint deserunt\",\n        \"AccessLevelCode\": \"dolor cupidatat culpa magna laborum\"\n      },\n      \"IntDispData\": {\n        \"IntDisposition\": \"TransferToAcct\",\n        \"IntDistAcctRef\": {\n          \"AcctKeys\": {\n            \"value\": \"<Error: Too many levels of nesting to fake this schema>\"\n          }\n        },\n        \"DistributionAmt\": {\n          \"Amt\": {\n            \"value\": \"<Error: Too many levels of nesting to fake this schema>\"\n          }\n        },\n        \"IntPmtFrequency\": [\n          {\n            \"value\": \"<Error: Too many levels of nesting to fake this schema>\"\n          },\n          {\n            \"value\": \"<Error: Too many levels of nesting to fake this schema>\"\n          }\n        ],\n        \"NextIntPmtDt\": \"1987-01-18\",\n        \"LastIntPmtDt\": \"5758-15-84T45:58\"\n      },\n      \"RetirementAcctData\": {\n        \"RetirementPlanIdent\": \"aliqua cupidatat\",\n        \"RetirementPlanType\": \"est in ut Lorem\",\n        \"RetirementPlanTypeEnumDesc\": \"do\"\n      },\n      \"SvcChgData\": {\n        \"SvcChgMethod\": [\n          {\n            \"value\": \"<Error: Too many levels of nesting to fake this schema>\"\n          },\n          {\n            \"value\": \"<Error: Too many levels of nesting to fake this schema>\"\n          }\n        ]\n      }\n    }\n  },\n  \"Status\": {\n    \"Severity\": \"Info\",\n    \"StatusCode\": \"mollit eiusmo\",\n    \"StatusDesc\": \"id\",\n    \"SvcProviderName\": \"aliquip anim pariatur commodo\",\n    \"Id\": \"sit\",\n    \"ServerStatusCode\": \"dolor\",\n    \"ServerStatusDesc\": \"laborum dolore\",\n    \"OvrdExceptionInd\": true,\n    \"SubjectRole\": \"an\",\n    \"SubjectElement\": [\n      {\n        \"Path\": \"ullamco ad proident\",\n        \"ServerPath\": \"in adipisicing ut in nulla\",\n        \"Value\": \"Duis consequat nulla in anim\"\n      },\n      {\n        \"Path\": \"ullamco veniam\",\n        \"ServerPath\": \"deserunt exercitation eiusmod\",\n        \"Value\": \"anim ad labore incididunt\"\n      }\n    ],\n    \"ContentHTML\": \"culpa consequat nisi in in\",\n    \"AdditionalStatus\": [\n      {\n        \"StatusCode\": \"dolore\",\n        \"StatusDesc\": \"quis velit dolore\",\n        \"Severity\": \"Error\",\n        \"SvcProviderName\": \"minim nulla Lorem aute\",\n        \"ServerStatusCode\": \"ve\",\n        \"ServerStatusDesc\": \"adipisicing exercitation\",\n        \"OvrdExceptionInd\": true,\n        \"SubjectElement\": [\n          {\n            \"Path\": {\n              \"value\": \"<Error: Too many levels of nesting to fake this schema>\"\n            },\n            \"ServerPath\": {\n              \"value\": \"<Error: Too many levels of nesting to fake this schema>\"\n            },\n            \"Value\": {\n              \"value\": \"<Error: Too many levels of nesting to fake this schema>\"\n            }\n          },\n          {\n            \"Path\": {\n              \"value\": \"<Error: Too many levels of nesting to fake this schema>\"\n            },\n            \"ServerPath\": {\n              \"value\": \"<Error: Too many levels of nesting to fake this schema>\"\n            },\n            \"Value\": {\n              \"value\": \"<Error: Too many levels of nesting to fake this schema>\"\n            }\n          }\n        ]\n      },\n      {\n        \"StatusCode\": \"dolor \",\n        \"StatusDesc\": \"ad consequat\",\n        \"Severity\": \"Error\",\n        \"SvcProviderName\": \"nostrud eiusmod adipisicing quis\",\n        \"ServerStatusCode\": \"do Duis non \",\n        \"ServerStatusDesc\": \"Duis ea non\",\n        \"OvrdExceptionInd\": false,\n        \"SubjectElement\": [\n          {\n            \"Path\": {\n              \"value\": \"<Error: Too many levels of nesting to fake this schema>\"\n            },\n            \"ServerPath\": {\n              \"value\": \"<Error: Too many levels of nesting to fake this schema>\"\n            },\n            \"Value\": {\n              \"value\": \"<Error: Too many levels of nesting to fake this schema>\"\n            }\n          },\n          {\n            \"Path\": {\n              \"value\": \"<Error: Too many levels of nesting to fake this schema>\"\n            },\n            \"ServerPath\": {\n              \"value\": \"<Error: Too many levels of nesting to fake this schema>\"\n            },\n            \"Value\": {\n              \"value\": \"<Error: Too many levels of nesting to fake this schema>\"\n            }\n          }\n        ]\n      }\n    ]\n  }\n}","cookie":[],"_postman_previewlanguage":"json"}],"event":[],"protocolProfileBehavior":{"disableBodyPruning":true}}],"event":[]}],"event":[],"variable":[{"type":"string","value":"/","key":"baseUrl"}],"info":{"_postman_id":"f5c8221d-829f-4f3e-a3de-4271be26cc86","name":"Account Service","schema":"https://schema.getpostman.com/json/collection/v2.1.0/collection.json","description":{"content":"The account service helps to create and manage product accounts serviced by the financial institutions. It is also used to retrieve information about the existing accounts and maintain information of new accounts.","type":"text/plain"}}}