{"item":[{"id":"b12c00d9-f404-4dec-a3db-38c28531911a","name":"Get Accounts","description":{"content":"","type":"text/plain"},"item":[{"id":"5bce28b0-f9df-4888-86c2-26127d95cffb","name":"Get Accounts.","request":{"name":"Get Accounts.","description":{"content":"Get Account service retrieves the various details of Certificate of Deposit Account (CDA).<br>\n   For Premier, this service recovers the information on balances, open dates and the postal address associated with the account.<br>\n   This service is supported by the Multi-System Service.<br>\n       For more information about the Accounts domain, <a href=\"../docs/?path=docs/fintechs/accounts.md\" title=\"Click to open\">click here.</a><br><br>\n        <b>Relates to:</b>\n          <ul> \n            <li><a href=\"../docs/?path=docs/banks-and-CU/deposits.md\" title=\"Click to open\">Deposits</a></li>\n            <li><a href=\"../docs/?path=docs/banks-and-CU/loans.md\" title=\"Click to open\">Loans</a></li>\n            <li><a href=\"../docs/?path=docs/banks-and-CU/bank-servicing.md\" title=\"Click to open\">Bank Servicing</a></li>\n            <li><a href=\"../docs/?path=docs/banks-and-CU/cash-mgt.md\" title=\"Click to open\">Cash Management</a></li>\n            <li><a href=\"../docs/?path=docs/banks-and-CU/treasury-services.md\" title=\"Click to open\">Treasury Services</a></li>\n            <li><a href=\"../docs/?path=docs/banks-and-CU/riskMgt.md\" title=\"Click to open\">Risk and Performance Management</a></li>\n          </ul>","type":"text/plain"},"url":{"path":["acctservice","acctmgmt","accounts","secured"],"host":["{{baseUrl}}"],"query":[],"variable":[]},"header":[{"disabled":false,"description":"(Required) EFX Header is a common and required component for all API calls, it contains client-related parameters. Please note that the header parameters should be sent as a JSON object under the EFXHeader parameter. To view the list of header parameters, <a href=\"../docs?path=docs/api-ref-EFX-header.md\" title=\"Click to open\"> click here.</a>","key":"EFXHeader","value":"OrganizationId,<string>,TrnId,<string>,VendorId,<string>,Context,[object Object]"},{"key":"Content-Type","value":"application/json"},{"key":"Accept","value":"application/json"}],"method":"POST","auth":null,"body":{"mode":"raw","raw":"{\n  \"AcctSel\": {\n    \"AcctKeys\": {\n      \"AcctId\": \"<string>\",\n      \"AcctType\": \"<string>\"\n    }\n  }\n}","options":{"raw":{"language":"json"}}}},"response":[{"id":"9dae0475-6c62-48b8-ba74-c33d6d978d35","name":"Success","originalRequest":{"url":{"path":["acctservice","acctmgmt","accounts","secured"],"host":["{{baseUrl}}"],"query":[],"variable":[]},"header":[{"disabled":false,"description":"(Required) EFX Header is a common and required component for all API calls, it contains client-related parameters. Please note that the header parameters should be sent as a JSON object under the EFXHeader parameter. To view the list of header parameters, <a href=\"../docs?path=docs/api-ref-EFX-header.md\" title=\"Click to open\"> click here.</a>","key":"EFXHeader","value":"OrganizationId,<string>,TrnId,<string>,VendorId,<string>,Context,[object Object]"}],"method":"POST","body":{"mode":"raw","raw":"{\n  \"AcctSel\": {\n    \"AcctKeys\": {\n      \"AcctId\": \"<string>\",\n      \"AcctType\": \"<string>\"\n    }\n  }\n}","options":{"raw":{"language":"json"}}}},"status":"OK","code":200,"header":[{"key":"Content-Type","value":"application/json"}],"body":"{\n  \"AcctRec\": {\n    \"AcctKeys\": {\n      \"AcctId\": \"<string>\",\n      \"AcctType\": \"<string>\"\n    },\n    \"AcctStatus\": {\n      \"AcctStatusCode\": \"Valid\",\n      \"EffDt\": \"2693-03-63T80:68:34.255\"\n    },\n    \"DepositAcctInfo\": {\n      \"AcctDtlStatus\": \"officia aute veniam nulla\",\n      \"AcctDtlStatusEnumDesc\": \"in dolor adipisicing magna officia\",\n      \"AcctDtlStatusDt\": \"2011-10-06\",\n      \"AcctPref\": {\n        \"Language\": \"English\"\n      },\n      \"AcctIdent\": [\n        {\n          \"AcctIdentType\": \"PORT\",\n          \"AcctIdentValue\": \"conse\"\n        },\n        {\n          \"AcctIdentType\": \"PORT\",\n          \"AcctIdentValue\": \"culpa ullamco i\"\n        }\n      ],\n      \"ProductIdent\": \"ut qui mini\",\n      \"Desc\": \"occaecat magna nisi reprehenderit\",\n      \"TaxIncentiveType\": \"HSAFamily\",\n      \"TaxIncentiveTypeEnumDesc\": \"ea sed\",\n      \"InitialAmount\": {\n        \"Amt\": 63540758.05265209,\n        \"CurCode\": {\n          \"CurCodeValue\": {\n            \"value\": \"<Error: Too many levels of nesting to fake this schema>\"\n          },\n          \"CurCodeType\": {\n            \"value\": \"<Error: Too many levels of nesting to fake this schema>\"\n          }\n        }\n      },\n      \"OpenDt\": \"1963-06-11\",\n      \"ClosedDt\": \"2011-12-31\",\n      \"BalanceAtClosingAmt\": {\n        \"Amt\": -67450728.16787058,\n        \"CurCode\": {\n          \"CurCodeValue\": {\n            \"value\": \"<Error: Too many levels of nesting to fake this schema>\"\n          },\n          \"CurCodeType\": {\n            \"value\": \"<Error: Too many levels of nesting to fake this schema>\"\n          }\n        }\n      },\n      \"Term\": {\n        \"TermUnits\": \"Days\",\n        \"Count\": 68536830,\n        \"TermUnitsEnumDesc\": \"voluptate Ut velit in\"\n      },\n      \"TermToMaturity\": {\n        \"TermUnits\": \"Months\",\n        \"Count\": 18103224\n      },\n      \"MaturityDt\": \"1991-01-24\",\n      \"LastContactDt\": \"1694-75-32T73:00:81.146-61:54\",\n      \"DateData\": [\n        {\n          \"DateType\": \"Accrual\",\n          \"DateValue\": \"6859-55-36T76:36\"\n        },\n        {\n          \"DateType\": \"Accrual\",\n          \"DateValue\": \"9423-36-01T64:31:14.641+65:44\"\n        }\n      ],\n      \"RelationshipMgr\": [\n        {\n          \"RelationshipMgrIdent\": \"ut tempor Lor\",\n          \"RelationshipMgrIdentEnumDesc\": \"anim i\",\n          \"RelationshipRole\": \"SecondOfficer\"\n        },\n        {\n          \"RelationshipMgrIdent\": \"ut et\",\n          \"RelationshipMgrIdentEnumDesc\": \"cupidatat minim aute\",\n          \"RelationshipRole\": \"Officer\"\n        }\n      ],\n      \"OriginatingBranch\": \"magna irure\",\n      \"OriginatingBranchEnumDesc\": \"sunt elit sed Duis\",\n      \"ResponsibleBranch\": \"sint deserunt\",\n      \"NicknameOption\": \"Printed\",\n      \"Nickname\": \"aliquip\",\n      \"AcctTitleOption\": \"PrintBefore\",\n      \"AcctTitle\": \"nulla enim\",\n      \"HandlingCodeOption\": \"StatementsNoticesChecks\",\n      \"HandlingCode\": \"cillum id \",\n      \"OEDCode\": \"nisi eiusmod ea magna sunt\",\n      \"OEDCodeEnumDesc\": \"ut\",\n      \"AccountingMethod\": \"AcctType\",\n      \"AccountingValue\": \"et ad ess\",\n      \"ClassCode\": \"nulla Duis\",\n      \"AcctTypeCode\": \"est Excepteur cillum deserunt id\",\n      \"AcctOpenMethod\": \"Mail\",\n      \"ClientDefinedData\": [\n        {\n          \"DataIdent\": \"tempor non aliqua sint\",\n          \"DataType\": \"Rate\",\n          \"Value\": \"cu\",\n          \"DataLength\": 32825672,\n          \"ExpDt\": \"1973-06-09\",\n          \"Desc\": \"velit\",\n          \"RequiredFlag\": true\n        },\n        {\n          \"DataIdent\": \"consequat\",\n          \"DataType\": \"Alpha\",\n          \"Value\": \"elit sunt ad\",\n          \"DataLength\": -72075285,\n          \"ExpDt\": \"1969-07-01\",\n          \"Desc\": \"commodo Duis nisi incididunt\",\n          \"RequiredFlag\": true\n        }\n      ],\n      \"AcctStmtData\": {\n        \"StmtTimeFrame\": [\n          {\n            \"value\": \"<Error: Too many levels of nesting to fake this schema>\"\n          },\n          {\n            \"value\": \"<Error: Too many levels of nesting to fake this schema>\"\n          }\n        ],\n        \"LastStmtDt\": \"2007-10-29\",\n        \"CombinedStmtIdent\": \"dolore quis id est\",\n        \"CombinedStmtCode\": \"SecondaryDDA\",\n        \"SpecialStmtCode\": \"DropTransactions\",\n        \"StmtGroup\": \"elit nisi proident commodo id\"\n      },\n      \"NoticeData\": [\n        {\n          \"NoticeType\": \"BalanceOnReceipt\",\n          \"NoticeOption\": \"occaecat sint fugiat\",\n          \"GenLastUpDtInd\": true\n        },\n        {\n          \"NoticeType\": \"RateChangeNotice\",\n          \"NoticeOption\": \"deserunt ut ut ad\",\n          \"GenLastUpDtInd\": false\n        }\n      ],\n      \"ProdIntRateId\": \"est culpa l\",\n      \"ProdIntRateIdEnumDesc\": \"ullamco quis\",\n      \"Rate\": -83538462.89408278,\n      \"EffectiveRate\": 79655903.13934109,\n      \"IntRateData\": {\n        \"APYRecurType\": \"Weekly\",\n        \"AccrualMethod\": \"Continuous\",\n        \"AccrualMethodEnumDesc\": \"mollit aliqua consequat\",\n        \"DailyAccrual\": \"Equal360\",\n        \"DailyAccrualFactor\": 68485597.43661427\n      },\n      \"MaturityIntCalcData\": {\n        \"MaturityIntRateType\": \"MaturityIntRate\",\n        \"MaturityIntRate\": -77132063.19474089,\n        \"MaturityIntRecurType\": \"Daily\",\n        \"MaturityIntInterval\": 16558453\n      },\n      \"RateChangeData\": [\n        {\n          \"RateChangeControl\": \"Fixed\",\n          \"RateChangeControlEnumDesc\": \"in incididunt nulla\",\n          \"VarianceFactorType\": \"Variance\",\n          \"RateVariance\": 51756690.06042841,\n          \"PendingRate\": [\n            {\n              \"value\": \"<Error: Too many levels of nesting to fake this schema>\"\n            },\n            {\n              \"value\": \"<Error: Too many levels of nesting to fake this schema>\"\n            }\n          ],\n          \"IncreaseOnlyInd\": true,\n          \"FloorRate\": 94786424.0367727,\n          \"CeilingRate\": -10338479.56188181,\n          \"RateChangeRecurType\": \"Maturity\",\n          \"RateChangeRecurTypeEnumDesc\": \"sint vel\",\n          \"RecurInterval\": -34808545,\n          \"DayOfMonth\": \"1 thru 31\",\n          \"LeadDays\": -70256566,\n          \"NextRateChangeDt\": \"1957-07-09\"\n        },\n        {\n          \"RateChangeControl\": \"StepFreq\",\n          \"RateChangeControlEnumDesc\": \"in fugia\",\n          \"VarianceFactorType\": \"None\",\n          \"RateVariance\": -43054043.47932549,\n          \"PendingRate\": [\n            {\n              \"value\": \"<Error: Too many levels of nesting to fake this schema>\"\n            },\n            {\n              \"value\": \"<Error: Too many levels of nesting to fake this schema>\"\n            }\n          ],\n          \"IncreaseOnlyInd\": false,\n          \"FloorRate\": 1400516.0092584193,\n          \"CeilingRate\": -49942775.59343248,\n          \"RateChangeRecurType\": \"Yearly\",\n          \"RateChangeRecurTypeEnumDesc\": \"Lorem amet laborum\",\n          \"RecurInterval\": -23138681,\n          \"DayOfMonth\": \"1 thru 31\",\n          \"LeadDays\": 33886471,\n          \"NextRateChangeDt\": \"1961-10-24\"\n        }\n      ],\n      \"AcctBal\": [\n        {\n          \"BalType\": \"magna aliqua aliquip nisi in\",\n          \"CurAmt\": {\n            \"value\": \"<Error: Too many levels of nesting to fake this schema>\"\n          }\n        },\n        {\n          \"BalType\": \"veniam Lorem\",\n          \"CurAmt\": {\n            \"value\": \"<Error: Too many levels of nesting to fake this schema>\"\n          }\n        }\n      ],\n      \"AcctPeriodData\": [\n        {\n          \"AcctAmtType\": \"IntCarryOver\",\n          \"AcctPeriodType\": \"PriorYr\",\n          \"InPeriod\": {\n            \"value\": \"<Error: Too many levels of nesting to fake this schema>\"\n          },\n          \"LastOccurInd\": false,\n          \"Amt\": 90881898.9798033,\n          \"Count\": 39076593,\n          \"Rate\": 94346075.50876564,\n          \"LastOccuranceDt\": \"1664-79-78T18:04\"\n        },\n        {\n          \"AcctAmtType\": \"ForfeitureAmt\",\n          \"AcctPeriodType\": \"TotalInCycle\",\n          \"InPeriod\": {\n            \"value\": \"<Error: Too many levels of nesting to fake this schema>\"\n          },\n          \"LastOccurInd\": false,\n          \"Amt\": 90072036.7109682,\n          \"Count\": 85784238,\n          \"Rate\": 79804523.44304484,\n          \"LastOccuranceDt\": \"8830-33-55T20:88\"\n        }\n      ],\n      \"PostAddr\": [\n        {\n          \"AddrType\": \"Primary\",\n          \"NameIdent\": [\n            {\n              \"value\": \"<Error: Too many levels of nesting to fake this schema>\"\n            },\n            {\n              \"value\": \"<Error: Too many levels of nesting to fake this schema>\"\n            }\n          ],\n          \"AddressIdent\": \"cillum cupidatat \",\n          \"AddrUse\": \"Inquiry\",\n          \"AddrUseEnumDesc\": \"veniam commodo culpa ut\",\n          \"AddrFormatType\": \"Label\",\n          \"FullName1\": \"deserunt\",\n          \"FullName2\": \"in in aliqua dolore esse\",\n          \"FullName3\": \"commodo ex pariatur labore\",\n          \"Addr1\": \"do incidi\",\n          \"Addr2\": \"veniam dolore sit ipsu\",\n          \"City\": \"id consectetur anim aute\",\n          \"StateProv\": \"sint velit magna Lorem\",\n          \"PostalCode\": \"ex l\",\n          \"CountryCode\": {\n            \"value\": \"<Error: Too many levels of nesting to fake this schema>\"\n          },\n          \"TimeFrame\": {\n            \"value\": \"<Error: Too many levels of nesting to fake this schema>\"\n          },\n          \"CensusTract\": \"reprehenderit\",\n          \"CensusBlock\": \"amet id la\",\n          \"ForeignFlag\": false,\n          \"HandlingCode\": \"anim dolore esse\",\n          \"HandlingCodeOption\": \"NoticesChecks\",\n          \"MSACode\": 88307640\n        },\n        {\n          \"AddrType\": \"Seasonal\",\n          \"NameIdent\": [\n            {\n              \"value\": \"<Error: Too many levels of nesting to fake this schema>\"\n            },\n            {\n              \"value\": \"<Error: Too many levels of nesting to fake this schema>\"\n            }\n          ],\n          \"AddressIdent\": \"cupidatat in\",\n          \"AddrUse\": \"Mailing\",\n          \"AddrUseEnumDesc\": \"consectetur ullamco in id\",\n          \"AddrFormatType\": \"Label\",\n          \"FullName1\": \"esse laboris non\",\n          \"FullName2\": \"amet nostrud sit\",\n          \"FullName3\": \"mollit sunt nulla labore\",\n          \"Addr1\": \"Lorem\",\n          \"Addr2\": \"deserunt Duis sed\",\n          \"City\": \"in eiusmod ipsum offi\",\n          \"StateProv\": \"elit ea\",\n          \"PostalCode\": \"m\",\n          \"CountryCode\": {\n            \"value\": \"<Error: Too many levels of nesting to fake this schema>\"\n          },\n          \"TimeFrame\": {\n            \"value\": \"<Error: Too many levels of nesting to fake this schema>\"\n          },\n          \"CensusTract\": \"quis do\",\n          \"CensusBlock\": \"deserunt vol\",\n          \"ForeignFlag\": false,\n          \"HandlingCode\": \"qui Ut cillum\",\n          \"HandlingCodeOption\": \"Statements\",\n          \"MSACode\": -67589618\n        }\n      ],\n      \"TaxIdentType\": \"Foreign\",\n      \"TaxIdent\": \"ex\",\n      \"TaxExempt\": \"do proident\",\n      \"WithholdingOption\": \"None\",\n      \"WithholdingOptionEnumDesc\": \"veniam dolore\",\n      \"WithholdingData\": {\n        \"WithholdingType\": \"StateTax\",\n        \"WithholdingPercent\": -50419900.45533176\n      },\n      \"IntReportingCode\": \"1099_INT\",\n      \"IntReportingInd\": true,\n      \"CreditRisk\": [\n        {\n          \"RiskCategory\": \"RiskScore1\",\n          \"InternalScore\": \"in dolor adipisicing elit\"\n        },\n        {\n          \"RiskCategory\": \"RiskScore1\",\n          \"InternalScore\": \"minim est fugiat amet\"\n        }\n      ],\n      \"RiskRanking\": \"ad non ut eu\",\n      \"TrnRestriction\": \"qui dolor fugiat Lorem\",\n      \"TrnRestrictionOvrd\": \"dolore Lorem fugiat\",\n      \"ElectronicBankingOpt\": \"InquiryOnly\",\n      \"ReportGroupCode\": \"eu proident irure nostrud\",\n      \"DocDistributionOption\": \"velit adipisicing sint pariatur mollit\",\n      \"DocDistributionOptionEnumDesc\": \"dolore dolore non cupidatat\",\n      \"NAICS\": \"in\",\n      \"CostCenter\": \"cillum minim irure ullamco\",\n      \"AcctMemoData\": [\n        {\n          \"AcctMemoIdent\": \"2\",\n          \"AcctMemoType\": \"Warning\",\n          \"AcctMemoText\": \"irure nisi sint qui\"\n        },\n        {\n          \"AcctMemoIdent\": \"3\",\n          \"AcctMemoType\": \"Warning\",\n          \"AcctMemoText\": \"anim\"\n        }\n      ],\n      \"RenewalData\": {\n        \"RenewalOption\": \"None\",\n        \"OrigIssueDt\": \"9425-63-62T60:35\",\n        \"OrigMatDt\": \"1978-09-03\",\n        \"RenewalOptionEnumDesc\": \"veniam tempor\",\n        \"LastRenewalDt\": \"1992-10-08\"\n      },\n      \"NegotiableInstrumentInd\": true,\n      \"IntDispData\": {\n        \"IntDisposition\": \"Check\",\n        \"IntDistAcctRef\": {\n          \"AcctKeys\": {\n            \"value\": \"<Error: Too many levels of nesting to fake this schema>\"\n          }\n        },\n        \"DistributionAmt\": {\n          \"Amt\": {\n            \"value\": \"<Error: Too many levels of nesting to fake this schema>\"\n          },\n          \"CurCode\": {\n            \"value\": \"<Error: Too many levels of nesting to fake this schema>\"\n          }\n        },\n        \"WithholdingOption\": \"StateTax\",\n        \"IntPmtFrequency\": [\n          {\n            \"value\": \"<Error: Too many levels of nesting to fake this schema>\"\n          },\n          {\n            \"value\": \"<Error: Too many levels of nesting to fake this schema>\"\n          }\n        ],\n        \"NextIntPmtDt\": \"1949-02-25\",\n        \"LastIntPmtDt\": \"6723-97-50T74:52\"\n      },\n      \"RetirementAcctData\": {\n        \"RetirementPlanType\": \"mollit\",\n        \"RetirementPlanTypeEnumDesc\": \"sit in aute et\",\n        \"RetirementStatus\": \"DistributionDisability\",\n        \"RetirementStatusEnumDesc\": \"commodo in \",\n        \"LastRolloverDt\": \"2007-06-23\"\n      },\n      \"EscheatDt\": \"2017-12-25\",\n      \"CollateralPledgeCode\": \"Ut eu aliqua sit\",\n      \"HoldInd\": true,\n      \"StopInd\": false,\n      \"CheckNameOption\": \"JointAnd\",\n      \"ForfeitureCalcMethod\": \"esse ut\"\n    }\n  },\n  \"Status\": {\n    \"Severity\": \"Error\",\n    \"StatusCode\": \"labore anim eu\",\n    \"StatusDesc\": \"Ut in\",\n    \"SvcProviderName\": \"aliquip\",\n    \"Id\": \"enim culpa nostrud\",\n    \"ServerStatusCode\": \"a\",\n    \"ServerStatusDesc\": \"irure\",\n    \"OvrdExceptionInd\": false,\n    \"SubjectRole\": \"proident\",\n    \"SubjectElement\": [\n      {\n        \"Path\": \"laboris \",\n        \"ServerPath\": \"labore occaecat sed fugiat aute\",\n        \"Value\": \"officia voluptate nulla\"\n      },\n      {\n        \"Path\": \"ullamco dolor\",\n        \"ServerPath\": \"voluptate ipsum veniam\",\n        \"Value\": \"ullamco mollit\"\n      }\n    ],\n    \"ContentHTML\": \"cillum voluptate dolore dolore\",\n    \"AdditionalStatus\": [\n      {\n        \"StatusCode\": \"esse velit\",\n        \"StatusDesc\": \"quis eiusmod in\",\n        \"Severity\": \"Info\",\n        \"SvcProviderName\": \"et laborum elit amet nisi\",\n        \"ServerStatusCode\": \"ea labore enim qui\",\n        \"ServerStatusDesc\": \"enim ullam\",\n        \"OvrdExceptionInd\": false,\n        \"SubjectElement\": [\n          {\n            \"Path\": {\n              \"value\": \"<Error: Too many levels of nesting to fake this schema>\"\n            },\n            \"ServerPath\": {\n              \"value\": \"<Error: Too many levels of nesting to fake this schema>\"\n            },\n            \"Value\": {\n              \"value\": \"<Error: Too many levels of nesting to fake this schema>\"\n            }\n          },\n          {\n            \"Path\": {\n              \"value\": \"<Error: Too many levels of nesting to fake this schema>\"\n            },\n            \"ServerPath\": {\n              \"value\": \"<Error: Too many levels of nesting to fake this schema>\"\n            },\n            \"Value\": {\n              \"value\": \"<Error: Too many levels of nesting to fake this schema>\"\n            }\n          }\n        ]\n      },\n      {\n        \"StatusCode\": \"te\",\n        \"StatusDesc\": \"sed ullamco\",\n        \"Severity\": \"Warning\",\n        \"SvcProviderName\": \"exercitation sunt\",\n        \"ServerStatusCode\": \"velit anim\",\n        \"ServerStatusDesc\": \"ame\",\n        \"OvrdExceptionInd\": false,\n        \"SubjectElement\": [\n          {\n            \"Path\": {\n              \"value\": \"<Error: Too many levels of nesting to fake this schema>\"\n            },\n            \"ServerPath\": {\n              \"value\": \"<Error: Too many levels of nesting to fake this schema>\"\n            },\n            \"Value\": {\n              \"value\": \"<Error: Too many levels of nesting to fake this schema>\"\n            }\n          },\n          {\n            \"Path\": {\n              \"value\": \"<Error: Too many levels of nesting to fake this schema>\"\n            },\n            \"ServerPath\": {\n              \"value\": \"<Error: Too many levels of nesting to fake this schema>\"\n            },\n            \"Value\": {\n              \"value\": \"<Error: Too many levels of nesting to fake this schema>\"\n            }\n          }\n        ]\n      }\n    ]\n  }\n}","cookie":[],"_postman_previewlanguage":"json"},{"id":"a34169dc-1949-4d9a-9441-4a41e970860d","name":"To view the complete list of response codes, <a href=\"../docs/?path=docs/response-codes.md\" title=\"Click to open\">click here.</a>","originalRequest":{"url":{"path":["acctservice","acctmgmt","accounts","secured"],"host":["{{baseUrl}}"],"query":[],"variable":[]},"header":[{"disabled":false,"description":"(Required) EFX Header is a common and required component for all API calls, it contains client-related parameters. Please note that the header parameters should be sent as a JSON object under the EFXHeader parameter. To view the list of header parameters, <a href=\"../docs?path=docs/api-ref-EFX-header.md\" title=\"Click to open\"> click here.</a>","key":"EFXHeader","value":"OrganizationId,<string>,TrnId,<string>,VendorId,<string>,Context,[object Object]"}],"method":"POST","body":{"mode":"raw","raw":"{\n  \"AcctSel\": {\n    \"AcctKeys\": {\n      \"AcctId\": \"<string>\",\n      \"AcctType\": \"<string>\"\n    }\n  }\n}","options":{"raw":{"language":"json"}}}},"status":"Internal Server Error","code":500,"header":[{"key":"Content-Type","value":"application/json"}],"body":"{\n  \"AcctRec\": {\n    \"AcctKeys\": {\n      \"AcctId\": \"<string>\",\n      \"AcctType\": \"<string>\"\n    },\n    \"AcctStatus\": {\n      \"AcctStatusCode\": \"Valid\",\n      \"EffDt\": \"6295-69-05\"\n    },\n    \"DepositAcctInfo\": {\n      \"AcctDtlStatus\": \"nisi ea exercitation mollit\",\n      \"AcctDtlStatusEnumDesc\": \"occaecat nulla ex e\",\n      \"AcctDtlStatusDt\": \"1988-02-10\",\n      \"AcctPref\": {\n        \"Language\": \"UsePortfolio\"\n      },\n      \"AcctIdent\": [\n        {\n          \"AcctIdentType\": \"PORT\",\n          \"AcctIdentValue\": \"veni\"\n        },\n        {\n          \"AcctIdentType\": \"PORT\",\n          \"AcctIdentValue\": \"sunt laborum irure\"\n        }\n      ],\n      \"ProductIdent\": \"dolore\",\n      \"Desc\": \"enim deserunt velit dolor aliquip\",\n      \"TaxIncentiveType\": \"None\",\n      \"TaxIncentiveTypeEnumDesc\": \"do veniam nisi consequat\",\n      \"InitialAmount\": {\n        \"Amt\": -32633150.404197544,\n        \"CurCode\": {\n          \"CurCodeValue\": {\n            \"value\": \"<Error: Too many levels of nesting to fake this schema>\"\n          },\n          \"CurCodeType\": {\n            \"value\": \"<Error: Too many levels of nesting to fake this schema>\"\n          }\n        }\n      },\n      \"OpenDt\": \"2015-06-12\",\n      \"ClosedDt\": \"1945-09-20\",\n      \"BalanceAtClosingAmt\": {\n        \"Amt\": 99869213.40526274,\n        \"CurCode\": {\n          \"CurCodeValue\": {\n            \"value\": \"<Error: Too many levels of nesting to fake this schema>\"\n          },\n          \"CurCodeType\": {\n            \"value\": \"<Error: Too many levels of nesting to fake this schema>\"\n          }\n        }\n      },\n      \"Term\": {\n        \"TermUnits\": \"Months\",\n        \"Count\": -32424443,\n        \"TermUnitsEnumDesc\": \"fugiat Ut minim\"\n      },\n      \"TermToMaturity\": {\n        \"TermUnits\": \"Months\",\n        \"Count\": -55737287\n      },\n      \"MaturityDt\": \"2007-05-11\",\n      \"LastContactDt\": \"8880-85-13\",\n      \"DateData\": [\n        {\n          \"DateType\": \"LastPrc\",\n          \"DateValue\": \"2852-50-65\"\n        },\n        {\n          \"DateType\": \"IRALastStmt\",\n          \"DateValue\": \"4586-96-27\"\n        }\n      ],\n      \"RelationshipMgr\": [\n        {\n          \"RelationshipMgrIdent\": \"ut occaecat nostrud mollit\",\n          \"RelationshipMgrIdentEnumDesc\": \"nostrud officia\",\n          \"RelationshipRole\": \"ReferralOfficer\"\n        },\n        {\n          \"RelationshipMgrIdent\": \"dolor Duis\",\n          \"RelationshipMgrIdentEnumDesc\": \"dolor con\",\n          \"RelationshipRole\": \"SecondOfficer\"\n        }\n      ],\n      \"OriginatingBranch\": \"aute culpa ullamco eiu\",\n      \"OriginatingBranchEnumDesc\": \"adipisicing sed\",\n      \"ResponsibleBranch\": \"eiusmod ex\",\n      \"NicknameOption\": \"NotPrinted\",\n      \"Nickname\": \"est qui mollit\",\n      \"AcctTitleOption\": \"PrintBefore\",\n      \"AcctTitle\": \"ex elit nostrud\",\n      \"HandlingCodeOption\": \"StatementsNotices\",\n      \"HandlingCode\": \"eu quis dolor\",\n      \"OEDCode\": \"veniam aliqua velit\",\n      \"OEDCodeEnumDesc\": \"aliquip eiusmod magna sit\",\n      \"AccountingMethod\": \"Class\",\n      \"AccountingValue\": \"magna sunt qui \",\n      \"ClassCode\": \"aliquip elit irure\",\n      \"AcctTypeCode\": \"occaecat nisi ullamco eiusmod\",\n      \"AcctOpenMethod\": \"InPerson\",\n      \"ClientDefinedData\": [\n        {\n          \"DataIdent\": \"in \",\n          \"DataType\": \"Numeric\",\n          \"Value\": \"proident non molli\",\n          \"DataLength\": -5205013,\n          \"ExpDt\": \"1947-01-11\",\n          \"Desc\": \"ad culpa\",\n          \"RequiredFlag\": false\n        },\n        {\n          \"DataIdent\": \"sit dolore\",\n          \"DataType\": \"CurrencySymbol\",\n          \"Value\": \"fugiat aute\",\n          \"DataLength\": 58860702,\n          \"ExpDt\": \"1992-01-14\",\n          \"Desc\": \"do est consequat labore\",\n          \"RequiredFlag\": false\n        }\n      ],\n      \"AcctStmtData\": {\n        \"StmtTimeFrame\": [\n          {\n            \"value\": \"<Error: Too many levels of nesting to fake this schema>\"\n          },\n          {\n            \"value\": \"<Error: Too many levels of nesting to fake this schema>\"\n          }\n        ],\n        \"LastStmtDt\": \"2002-10-15\",\n        \"CombinedStmtIdent\": \"esse reprehen\",\n        \"CombinedStmtCode\": \"SecondaryDDA\",\n        \"SpecialStmtCode\": \"DropTransactions\",\n        \"StmtGroup\": \"dolore amet proident dolore\"\n      },\n      \"NoticeData\": [\n        {\n          \"NoticeType\": \"RegularNotice\",\n          \"NoticeOption\": \"labore Ut\",\n          \"GenLastUpDtInd\": true\n        },\n        {\n          \"NoticeType\": \"BalanceOnReceipt\",\n          \"NoticeOption\": \"nostrud ullamco\",\n          \"GenLastUpDtInd\": true\n        }\n      ],\n      \"ProdIntRateId\": \"nisi ut \",\n      \"ProdIntRateIdEnumDesc\": \"si\",\n      \"Rate\": 77143108.20941556,\n      \"EffectiveRate\": 125134.48331196606,\n      \"IntRateData\": {\n        \"APYRecurType\": \"Yearly\",\n        \"AccrualMethod\": \"Daily\",\n        \"AccrualMethodEnumDesc\": \"reprehenderit deserunt in Excepteur\",\n        \"DailyAccrual\": \"Daily365\",\n        \"DailyAccrualFactor\": 27462332.6964242\n      },\n      \"MaturityIntCalcData\": {\n        \"MaturityIntRateType\": \"MaturityIntRate\",\n        \"MaturityIntRate\": 93096109.11956611,\n        \"MaturityIntRecurType\": \"Daily\",\n        \"MaturityIntInterval\": -10366511\n      },\n      \"RateChangeData\": [\n        {\n          \"RateChangeControl\": \"IndexFreq\",\n          \"RateChangeControlEnumDesc\": \"sunt dolor magna cillum culpa\",\n          \"VarianceFactorType\": \"None\",\n          \"RateVariance\": 3023281.036969021,\n          \"PendingRate\": [\n            {\n              \"value\": \"<Error: Too many levels of nesting to fake this schema>\"\n            },\n            {\n              \"value\": \"<Error: Too many levels of nesting to fake this schema>\"\n            }\n          ],\n          \"IncreaseOnlyInd\": true,\n          \"FloorRate\": -26031990.44991818,\n          \"CeilingRate\": 49360385.59489998,\n          \"RateChangeRecurType\": \"BiWeekly\",\n          \"RateChangeRecurTypeEnumDesc\": \"Duis nostru\",\n          \"RecurInterval\": 50594300,\n          \"DayOfMonth\": \"1 thru 31\",\n          \"LeadDays\": -51856683,\n          \"NextRateChangeDt\": \"1947-07-08\"\n        },\n        {\n          \"RateChangeControl\": \"Fixed\",\n          \"RateChangeControlEnumDesc\": \"eni\",\n          \"VarianceFactorType\": \"None\",\n          \"RateVariance\": 77024270.81953639,\n          \"PendingRate\": [\n            {\n              \"value\": \"<Error: Too many levels of nesting to fake this schema>\"\n            },\n            {\n              \"value\": \"<Error: Too many levels of nesting to fake this schema>\"\n            }\n          ],\n          \"IncreaseOnlyInd\": true,\n          \"FloorRate\": 64288473.06101924,\n          \"CeilingRate\": -43355994.795730494,\n          \"RateChangeRecurType\": \"Yearly\",\n          \"RateChangeRecurTypeEnumDesc\": \"ea ex incididunt\",\n          \"RecurInterval\": -40570802,\n          \"DayOfMonth\": \"1 thru 31\",\n          \"LeadDays\": 65931382,\n          \"NextRateChangeDt\": \"2014-07-09\"\n        }\n      ],\n      \"AcctBal\": [\n        {\n          \"BalType\": \"ut nulla pariatur eu\",\n          \"CurAmt\": {\n            \"value\": \"<Error: Too many levels of nesting to fake this schema>\"\n          }\n        },\n        {\n          \"BalType\": \"voluptate\",\n          \"CurAmt\": {\n            \"value\": \"<Error: Too many levels of nesting to fake this schema>\"\n          }\n        }\n      ],\n      \"AcctPeriodData\": [\n        {\n          \"AcctAmtType\": \"IntReported\",\n          \"AcctPeriodType\": \"MTD\",\n          \"InPeriod\": {\n            \"value\": \"<Error: Too many levels of nesting to fake this schema>\"\n          },\n          \"LastOccurInd\": true,\n          \"Amt\": 54314345.96187806,\n          \"Count\": -59101227,\n          \"Rate\": -99765214.05224536,\n          \"LastOccuranceDt\": \"7596-29-60T16:88\"\n        },\n        {\n          \"AcctAmtType\": \"IntPaidOut\",\n          \"AcctPeriodType\": \"MTD\",\n          \"InPeriod\": {\n            \"value\": \"<Error: Too many levels of nesting to fake this schema>\"\n          },\n          \"LastOccurInd\": false,\n          \"Amt\": -34750058.63392022,\n          \"Count\": 82457352,\n          \"Rate\": 58658457.37561762,\n          \"LastOccuranceDt\": \"6864-40-70T51:54\"\n        }\n      ],\n      \"PostAddr\": [\n        {\n          \"AddrType\": \"Seasonal\",\n          \"NameIdent\": [\n            {\n              \"value\": \"<Error: Too many levels of nesting to fake this schema>\"\n            },\n            {\n              \"value\": \"<Error: Too many levels of nesting to fake this schema>\"\n            }\n          ],\n          \"AddressIdent\": \"ea et in quis\",\n          \"AddrUse\": \"Mailing\",\n          \"AddrUseEnumDesc\": \"dolor\",\n          \"AddrFormatType\": \"Label\",\n          \"FullName1\": \"mollit id\",\n          \"FullName2\": \"in in\",\n          \"FullName3\": \"fugiat amet\",\n          \"Addr1\": \"elit mollit consectetur\",\n          \"Addr2\": \"exercitation\",\n          \"City\": \"Lore\",\n          \"StateProv\": \"in labore ad fugiat consectetur\",\n          \"PostalCode\": \"sit dolor\",\n          \"CountryCode\": {\n            \"value\": \"<Error: Too many levels of nesting to fake this schema>\"\n          },\n          \"TimeFrame\": {\n            \"value\": \"<Error: Too many levels of nesting to fake this schema>\"\n          },\n          \"CensusTract\": \"ipsum exercitation\",\n          \"CensusBlock\": \"Duis r\",\n          \"ForeignFlag\": false,\n          \"HandlingCode\": \"esse commodo\",\n          \"HandlingCodeOption\": \"StatementsNotices\",\n          \"MSACode\": -41950608\n        },\n        {\n          \"AddrType\": \"Seasonal\",\n          \"NameIdent\": [\n            {\n              \"value\": \"<Error: Too many levels of nesting to fake this schema>\"\n            },\n            {\n              \"value\": \"<Error: Too many levels of nesting to fake this schema>\"\n            }\n          ],\n          \"AddressIdent\": \"non proident\",\n          \"AddrUse\": \"Inquiry\",\n          \"AddrUseEnumDesc\": \"ut consectetur Duis laboris\",\n          \"AddrFormatType\": \"Label\",\n          \"FullName1\": \"tempor fugiat\",\n          \"FullName2\": \"dolore magna ad commodo deserunt\",\n          \"FullName3\": \"nostrud laborum\",\n          \"Addr1\": \"ullamco Lorem con\",\n          \"Addr2\": \"reprehenderit ea\",\n          \"City\": \"ut dolore\",\n          \"StateProv\": \"est deserunt ullamco anim\",\n          \"PostalCode\": \"\",\n          \"CountryCode\": {\n            \"value\": \"<Error: Too many levels of nesting to fake this schema>\"\n          },\n          \"TimeFrame\": {\n            \"value\": \"<Error: Too many levels of nesting to fake this schema>\"\n          },\n          \"CensusTract\": \"nulla \",\n          \"CensusBlock\": \"quis \",\n          \"ForeignFlag\": false,\n          \"HandlingCode\": \"incididunt qui consectetur\",\n          \"HandlingCodeOption\": \"StatementsNotices\",\n          \"MSACode\": 20758847\n        }\n      ],\n      \"TaxIdentType\": \"None\",\n      \"TaxIdent\": \"veniam \",\n      \"TaxExempt\": \"dolore nostrud\",\n      \"WithholdingOption\": \"StateTax\",\n      \"WithholdingOptionEnumDesc\": \"est nostrud aliquip\",\n      \"WithholdingData\": {\n        \"WithholdingType\": \"StateTax\",\n        \"WithholdingPercent\": 75612709.69250503\n      },\n      \"IntReportingCode\": \"1099_OID\",\n      \"IntReportingInd\": false,\n      \"CreditRisk\": [\n        {\n          \"RiskCategory\": \"RiskScore2\",\n          \"InternalScore\": \"mollit\"\n        },\n        {\n          \"RiskCategory\": \"RiskScore2\",\n          \"InternalScore\": \"in elit\"\n        }\n      ],\n      \"RiskRanking\": \"nostrud ullamco dolor\",\n      \"TrnRestriction\": \"velit cillum sed mollit occaecat\",\n      \"TrnRestrictionOvrd\": \"dolore Ut irure\",\n      \"ElectronicBankingOpt\": \"InquiryOnly\",\n      \"ReportGroupCode\": \"anim Lorem non est\",\n      \"DocDistributionOption\": \"esse Duis eu\",\n      \"DocDistributionOptionEnumDesc\": \"nisi tempor dolor incidid\",\n      \"NAICS\": \"dolo\",\n      \"CostCenter\": \"quis dolore officia anim\",\n      \"AcctMemoData\": [\n        {\n          \"AcctMemoIdent\": \"2\",\n          \"AcctMemoType\": \"Warning\",\n          \"AcctMemoText\": \"qui pariatur adipisicing consequat\"\n        },\n        {\n          \"AcctMemoIdent\": \"1\",\n          \"AcctMemoType\": \"Teller\",\n          \"AcctMemoText\": \"sed do incididunt adipisicing nisi\"\n        }\n      ],\n      \"RenewalData\": {\n        \"RenewalOption\": \"AutomaticRenewal\",\n        \"OrigIssueDt\": \"5136-11-01\",\n        \"OrigMatDt\": \"1963-02-12\",\n        \"RenewalOptionEnumDesc\": \"officia non\",\n        \"LastRenewalDt\": \"2004-01-07\"\n      },\n      \"NegotiableInstrumentInd\": true,\n      \"IntDispData\": {\n        \"IntDisposition\": \"Capitalize\",\n        \"IntDistAcctRef\": {\n          \"AcctKeys\": {\n            \"value\": \"<Error: Too many levels of nesting to fake this schema>\"\n          }\n        },\n        \"DistributionAmt\": {\n          \"Amt\": {\n            \"value\": \"<Error: Too many levels of nesting to fake this schema>\"\n          },\n          \"CurCode\": {\n            \"value\": \"<Error: Too many levels of nesting to fake this schema>\"\n          }\n        },\n        \"WithholdingOption\": \"StateTax\",\n        \"IntPmtFrequency\": [\n          {\n            \"value\": \"<Error: Too many levels of nesting to fake this schema>\"\n          },\n          {\n            \"value\": \"<Error: Too many levels of nesting to fake this schema>\"\n          }\n        ],\n        \"NextIntPmtDt\": \"1962-07-14\",\n        \"LastIntPmtDt\": \"2815-30-60\"\n      },\n      \"RetirementAcctData\": {\n        \"RetirementPlanType\": \"officia nostrud adipisicing\",\n        \"RetirementPlanTypeEnumDesc\": \"in magna ea deserunt\",\n        \"RetirementStatus\": \"DistributionNormal\",\n        \"RetirementStatusEnumDesc\": \"ad enim esse deserunt\",\n        \"LastRolloverDt\": \"1969-04-16\"\n      },\n      \"EscheatDt\": \"1957-10-21\",\n      \"CollateralPledgeCode\": \"eu ipsum proident\",\n      \"HoldInd\": false,\n      \"StopInd\": true,\n      \"CheckNameOption\": \"None\",\n      \"ForfeitureCalcMethod\": \"reprehenderit sed qui\"\n    }\n  },\n  \"Status\": {\n    \"Severity\": \"Info\",\n    \"StatusCode\": \"consequat\",\n    \"StatusDesc\": \"Duis\",\n    \"SvcProviderName\": \"aute eiusmod tempor\",\n    \"Id\": \"cillum u\",\n    \"ServerStatusCode\": \"reprehenderit ull\",\n    \"ServerStatusDesc\": \"aute officia\",\n    \"OvrdExceptionInd\": true,\n    \"SubjectRole\": \"ut commodo\",\n    \"SubjectElement\": [\n      {\n        \"Path\": \"officia qui dolor deserunt ea\",\n        \"ServerPath\": \"ad\",\n        \"Value\": \"id c\"\n      },\n      {\n        \"Path\": \"enim ut ullamco\",\n        \"ServerPath\": \"Ut qui elit eu in\",\n        \"Value\": \"dolor Excepteur in officia\"\n      }\n    ],\n    \"ContentHTML\": \"pariatur dolore tempor id\",\n    \"AdditionalStatus\": [\n      {\n        \"StatusCode\": \"in dolore volupta\",\n        \"StatusDesc\": \"ipsum\",\n        \"Severity\": \"Warning\",\n        \"SvcProviderName\": \"labore quis\",\n        \"ServerStatusCode\": \"culpa proident no\",\n        \"ServerStatusDesc\": \"consequat eu Excepteur amet incididunt\",\n        \"OvrdExceptionInd\": true,\n        \"SubjectElement\": [\n          {\n            \"Path\": {\n              \"value\": \"<Error: Too many levels of nesting to fake this schema>\"\n            },\n            \"ServerPath\": {\n              \"value\": \"<Error: Too many levels of nesting to fake this schema>\"\n            },\n            \"Value\": {\n              \"value\": \"<Error: Too many levels of nesting to fake this schema>\"\n            }\n          },\n          {\n            \"Path\": {\n              \"value\": \"<Error: Too many levels of nesting to fake this schema>\"\n            },\n            \"ServerPath\": {\n              \"value\": \"<Error: Too many levels of nesting to fake this schema>\"\n            },\n            \"Value\": {\n              \"value\": \"<Error: Too many levels of nesting to fake this schema>\"\n            }\n          }\n        ]\n      },\n      {\n        \"StatusCode\": \"in \",\n        \"StatusDesc\": \"dolor aliqua\",\n        \"Severity\": \"Info\",\n        \"SvcProviderName\": \"ut Duis aliqua in\",\n        \"ServerStatusCode\": \"laborum ea enim\",\n        \"ServerStatusDesc\": \"dolore Excepteur ea\",\n        \"OvrdExceptionInd\": false,\n        \"SubjectElement\": [\n          {\n            \"Path\": {\n              \"value\": \"<Error: Too many levels of nesting to fake this schema>\"\n            },\n            \"ServerPath\": {\n              \"value\": \"<Error: Too many levels of nesting to fake this schema>\"\n            },\n            \"Value\": {\n              \"value\": \"<Error: Too many levels of nesting to fake this schema>\"\n            }\n          },\n          {\n            \"Path\": {\n              \"value\": \"<Error: Too many levels of nesting to fake this schema>\"\n            },\n            \"ServerPath\": {\n              \"value\": \"<Error: Too many levels of nesting to fake this schema>\"\n            },\n            \"Value\": {\n              \"value\": \"<Error: Too many levels of nesting to fake this schema>\"\n            }\n          }\n        ]\n      }\n    ]\n  }\n}","cookie":[],"_postman_previewlanguage":"json"}],"event":[],"protocolProfileBehavior":{"disableBodyPruning":true}}],"event":[]}],"event":[],"variable":[{"type":"string","value":"/","key":"baseUrl"}],"info":{"_postman_id":"e8bb3de3-b31a-41ae-b044-1750fc1e117c","name":"Account Service","schema":"https://schema.getpostman.com/json/collection/v2.1.0/collection.json","description":{"content":"The account service helps to create and manage product accounts serviced by the financial institutions. It is also used to retrieve information about the existing accounts and maintain information of new accounts.","type":"text/plain"}}}