{"item":[{"id":"43b2fae5-f87c-4145-9de1-8081ad437d19","name":"Get Accounts","description":{"content":"","type":"text/plain"},"item":[{"id":"b816b580-3dbc-4358-9fc0-300a34de27bd","name":"Get Accounts.","request":{"name":"Get Accounts.","description":{"content":"Get Account service retrieves the various details of Loan account (LOAN).<br>\n  For Premier, this service recovers the information on balances, open dates and the postal address associated with the account.<br>\n This service is supported by the Multi-System Service.<br>\n        For more information about the Accounts domain, <a href=\"../docs/?path=docs/fintechs/accounts.md\" title=\"Click to open\">click here.</a><br><br>\n        <b>Relates to:</b>\n          <ul> \n            <li><a href=\"../docs/?path=docs/banks-and-CU/deposits.md\" title=\"Click to open\">Deposits</a></li>\n            <li><a href=\"../docs/?path=docs/banks-and-CU/loans.md\" title=\"Click to open\">Loans</a></li>\n            <li><a href=\"../docs/?path=docs/banks-and-CU/bank-servicing.md\" title=\"Click to open\">Bank Servicing</a></li>\n            <li><a href=\"../docs/?path=docs/banks-and-CU/cash-mgt.md\" title=\"Click to open\">Cash Management</a></li>\n            <li><a href=\"../docs/?path=docs/banks-and-CU/treasury-services.md\" title=\"Click to open\">Treasury Services</a></li>\n            <li><a href=\"../docs/?path=docs/banks-and-CU/riskMgt.md\" title=\"Click to open\">Risk and Performance Management</a></li>\n          </ul>","type":"text/plain"},"url":{"path":["acctservice","acctmgmt","accounts","secured"],"host":["{{baseUrl}}"],"query":[],"variable":[]},"header":[{"disabled":false,"description":"(Required) EFX Header is a common and required component for all API calls, it contains client-related parameters. Please note that the header parameters should be sent as a JSON object under the EFXHeader parameter. To view the list of header parameters, <a href=\"../docs?path=docs/api-ref-EFX-header.md\" title=\"Click to open\"> click here.</a>","key":"EFXHeader","value":"OrganizationId,ad deserunt ut,TrnId,enim nisi ,VendorId,in dolor cillum ipsum,Context,[object Object]"},{"key":"Content-Type","value":"application/json"},{"key":"Accept","value":"application/json"}],"method":"POST","auth":null,"body":{"mode":"raw","raw":"{\n  \"AcctSel\": {\n    \"AcctKeys\": {\n      \"AcctId\": \"amet occaecat\",\n      \"AcctType\": \"LOAN\"\n    }\n  }\n}","options":{"raw":{"language":"json"}}}},"response":[{"id":"710758fb-e1dd-4623-a0a3-785085247c10","name":"Success","originalRequest":{"url":{"path":["acctservice","acctmgmt","accounts","secured"],"host":["{{baseUrl}}"],"query":[],"variable":[]},"header":[{"disabled":false,"description":"(Required) EFX Header is a common and required component for all API calls, it contains client-related parameters. Please note that the header parameters should be sent as a JSON object under the EFXHeader parameter. To view the list of header parameters, <a href=\"../docs?path=docs/api-ref-EFX-header.md\" title=\"Click to open\"> click here.</a>","key":"EFXHeader","value":"OrganizationId,<string>,TrnId,<string>,VendorId,<string>,Context,[object Object]"}],"method":"POST","body":{"mode":"raw","raw":"{\n  \"AcctSel\": {\n    \"AcctKeys\": {\n      \"AcctId\": \"amet occaecat\",\n      \"AcctType\": \"LOAN\"\n    }\n  }\n}","options":{"raw":{"language":"json"}}}},"status":"OK","code":200,"header":[{"key":"Content-Type","value":"application/json"}],"body":"{\n  \"AcctRec\": {\n    \"AcctKeys\": {\n      \"AcctId\": \"dolore amet non moll\",\n      \"AcctType\": \"LOAN\"\n    },\n    \"AcctStatus\": {\n      \"AcctStatusCode\": \"Valid\",\n      \"EffDt\": \"6416-04-83\"\n    },\n    \"LoanAcctInfo\": {\n      \"AcctDtlStatus\": \"EarlyCollection\",\n      \"AcctDtlStatusEnumDesc\": \"nulla eu consequat qui\",\n      \"AcctPref\": {\n        \"Language\": \"ipsum sint\"\n      },\n      \"AcctIdent\": [\n        {\n          \"AcctIdentType\": \"PORT\",\n          \"AcctIdentValue\": \"a\"\n        },\n        {\n          \"AcctIdentType\": \"PORT\",\n          \"AcctIdentValue\": \"quis\"\n        }\n      ],\n      \"ProductIdent\": \"adipisic\",\n      \"Desc\": \"do dolore dolore\",\n      \"InitialAmount\": {\n        \"Amt\": 76258761.65580004,\n        \"CurCode\": {\n          \"CurCodeValue\": {\n            \"value\": \"<Error: Too many levels of nesting to fake this schema>\"\n          },\n          \"CurCodeType\": {\n            \"value\": \"<Error: Too many levels of nesting to fake this schema>\"\n          }\n        }\n      },\n      \"OpenDt\": \"1963-02-25\",\n      \"ClosedDt\": \"1986-07-10\",\n      \"MaturityDt\": \"1971-04-13\",\n      \"DateData\": [\n        {\n          \"DateType\": \"ChargeOff\",\n          \"DateValue\": \"0743-57-58T04:82\"\n        },\n        {\n          \"DateType\": \"LastPrcThru\",\n          \"DateValue\": \"2151-40-52\"\n        }\n      ],\n      \"RelationshipMgr\": [\n        {\n          \"RelationshipMgrIdent\": \"dolore Excepteur ipsum\",\n          \"RelationshipMgrIdentEnumDesc\": \"quis in\",\n          \"RelationshipRole\": \"SecondOfficer\"\n        },\n        {\n          \"RelationshipMgrIdent\": \"esse ea adipisicin\",\n          \"RelationshipMgrIdentEnumDesc\": \"culpa sunt consequat nisi\",\n          \"RelationshipRole\": \"Officer\"\n        }\n      ],\n      \"OriginatingBranch\": \"minim reprehenderi\",\n      \"OriginatingBranchEnumDesc\": \"ullamco\",\n      \"ResponsibleBranch\": \"nostrud sit sint\",\n      \"ResponsibleBranchEnumDesc\": \"culpa quis qu\",\n      \"NicknameOption\": \"Printed\",\n      \"Nickname\": \"a\",\n      \"AcctTitleOption\": \"laboris irure adipisicing\",\n      \"AcctTitle\": \"veniam dolore ad magna\",\n      \"HandlingCodeOption\": \"NoticesChecks\",\n      \"HandlingCode\": \"mollit sed\",\n      \"OEDCode\": \"ut\",\n      \"OEDCodeEnumDesc\": \"in cupid\",\n      \"AccountingMethod\": \"SourcePlaced\",\n      \"AccountingValue\": \"dolor adip\",\n      \"ClassCode\": \"adipisicing cillum dolor\",\n      \"AcctOpenMethod\": \"InPerson\",\n      \"ClientDefinedData\": [\n        {\n          \"DataIdent\": \"deserunt Ut\",\n          \"DataType\": \"Numeric\",\n          \"Value\": \"dolore dolore\",\n          \"DataLength\": -76257552,\n          \"ExpDt\": \"2004-02-23\",\n          \"Desc\": \"irure dolore sed\",\n          \"RequiredFlag\": false\n        },\n        {\n          \"DataIdent\": \"occaecat dolore anim\",\n          \"DataType\": \"CurrencySymbol\",\n          \"Value\": \"adipisicing cillum\",\n          \"DataLength\": 54479651,\n          \"ExpDt\": \"2017-05-19\",\n          \"Desc\": \"Duis officia\",\n          \"RequiredFlag\": true\n        }\n      ],\n      \"AcctStmtData\": {\n        \"StmtTimeFrame\": [\n          {\n            \"value\": \"<Error: Too many levels of nesting to fake this schema>\"\n          },\n          {\n            \"value\": \"<Error: Too many levels of nesting to fake this schema>\"\n          }\n        ],\n        \"LastStmtDt\": \"1987-05-25\",\n        \"StmtPrepCode\": \"ex\",\n        \"CombinedStmtIdent\": \"eiusmod sit\",\n        \"CombinedStmtCode\": \"SecondarySDA\",\n        \"StmtFormat\": \"velit aliqua no\",\n        \"StmtGroup\": \"dolore ad Duis\"\n      },\n      \"NoticeData\": [\n        {\n          \"NoticeType\": \"PastDueNotice2\",\n          \"NoticeOption\": \"GenerateNotice\",\n          \"LeadDays\": -37629599,\n          \"NoticeRemarks\": \"aute consectetur do enim\"\n        },\n        {\n          \"NoticeType\": \"PastDueNoticeGuarantor\",\n          \"NoticeOption\": \"GenerateNotice\",\n          \"LeadDays\": -1782700,\n          \"NoticeRemarks\": \"ut\"\n        }\n      ],\n      \"ProdIntRateId\": \"tempor cillum ad\",\n      \"ProdIntRateIdEnumDesc\": \"Lorem ullamco p\",\n      \"Rate\": 86702028.641857,\n      \"IntRateData\": {\n        \"RateMatrixTier\": [\n          {\n            \"value\": \"<Error: Too many levels of nesting to fake this schema>\"\n          },\n          {\n            \"value\": \"<Error: Too many levels of nesting to fake this schema>\"\n          }\n        ],\n        \"AccrualMethod\": \"AddOn\",\n        \"AccrualCode\": \"commodo aliqua Duis\",\n        \"DailyAccrual\": \"Actual360\",\n        \"DailyAccrualFactor\": -33295911.12922907,\n        \"MinimumInterest\": 70224541.5683893,\n        \"SplitRateData\": {\n          \"SplitAmt\": {\n            \"value\": \"<Error: Too many levels of nesting to fake this schema>\"\n          },\n          \"OverRate\": {\n            \"value\": \"<Error: Too many levels of nesting to fake this schema>\"\n          },\n          \"UnderRate\": {\n            \"value\": \"<Error: Too many levels of nesting to fake this schema>\"\n          }\n        }\n      },\n      \"MaturityIntCalcData\": {\n        \"MaturityIntRateType\": \"RatePlusAdjusterPctOverrideFlorrCeiling\"\n      },\n      \"RateChangeData\": [\n        {\n          \"VarianceFactorType\": \"Factor\",\n          \"RateFactor\": -76228770.53823225,\n          \"RateVariance\": 17484956.221017838,\n          \"FloorRate\": 30732533.460552827,\n          \"CeilingRate\": -93980021.7548942,\n          \"RoundingOption\": \"None\",\n          \"RoundingFactor\": 41275025.19031367,\n          \"RateChangeRecurType\": \"Monthly\",\n          \"RecurInterval\": 35723818,\n          \"DayOfMonth\": \"proident eiusmod\",\n          \"NextRateChangeDt\": \"1985-03-07\"\n        },\n        {\n          \"VarianceFactorType\": \"Factor\",\n          \"RateFactor\": 42805624.53803182,\n          \"RateVariance\": -71280513.7104516,\n          \"FloorRate\": 27418319.940806672,\n          \"CeilingRate\": 63730810.74061218,\n          \"RoundingOption\": \"RoundNearest\",\n          \"RoundingFactor\": -26158021.168719217,\n          \"RateChangeRecurType\": \"SemiYearly\",\n          \"RecurInterval\": 99039902,\n          \"DayOfMonth\": \"l\",\n          \"NextRateChangeDt\": \"1988-02-07\"\n        }\n      ],\n      \"AcctBal\": [\n        {\n          \"BalType\": \"LoanExposure\",\n          \"CurAmt\": {\n            \"value\": \"<Error: Too many levels of nesting to fake this schema>\"\n          }\n        },\n        {\n          \"BalType\": \"Orig\",\n          \"CurAmt\": {\n            \"value\": \"<Error: Too many levels of nesting to fake this schema>\"\n          }\n        }\n      ],\n      \"AcctPeriodData\": [\n        {\n          \"AcctAmtType\": \"Contribution\",\n          \"AmtSeqId\": \"laboris \",\n          \"AcctPeriodType\": \"YTD\",\n          \"LastOccurInd\": true,\n          \"Amt\": -41525135.04749469,\n          \"LastOccuranceDt\": \"4918-19-11T30:29\"\n        },\n        {\n          \"AcctAmtType\": \"SvcChargePaid\",\n          \"AmtSeqId\": \"es\",\n          \"AcctPeriodType\": \"YTD\",\n          \"LastOccurInd\": false,\n          \"Amt\": -35378997.94177402,\n          \"LastOccuranceDt\": \"4672-98-08T72:79\"\n        }\n      ],\n      \"PostAddr\": [\n        {\n          \"AddrType\": \"Primary\",\n          \"NameIdent\": [\n            {\n              \"value\": \"<Error: Too many levels of nesting to fake this schema>\"\n            },\n            {\n              \"value\": \"<Error: Too many levels of nesting to fake this schema>\"\n            }\n          ],\n          \"AddressIdent\": \"dolor magna\",\n          \"AddrUse\": \"Mailing\",\n          \"AddrFormatType\": \"Label\",\n          \"FullName1\": \"nulla\",\n          \"FullName2\": \"deserunt aute voluptate dolor veniam\",\n          \"FullName3\": \"ut commodo ut non voluptate\",\n          \"Addr1\": \"eu in\",\n          \"Addr2\": \"mollit dolore\",\n          \"City\": \"velit in\",\n          \"StateProv\": \"enim aliquip\",\n          \"PostalCode\": \"officia \",\n          \"CountryCode\": {\n            \"value\": \"<Error: Too many levels of nesting to fake this schema>\"\n          },\n          \"TimeFrame\": {\n            \"value\": \"<Error: Too many levels of nesting to fake this schema>\"\n          },\n          \"Retention\": false,\n          \"CensusTract\": \"ut\",\n          \"CensusBlock\": \"enim su\",\n          \"ForeignFlag\": true,\n          \"HandlingCode\": \"nisi\",\n          \"HandlingCodeOption\": \"Statements\",\n          \"MSACode\": -44574030\n        },\n        {\n          \"AddrType\": \"Primary\",\n          \"NameIdent\": [\n            {\n              \"value\": \"<Error: Too many levels of nesting to fake this schema>\"\n            },\n            {\n              \"value\": \"<Error: Too many levels of nesting to fake this schema>\"\n            }\n          ],\n          \"AddressIdent\": \"moll\",\n          \"AddrUse\": \"Inquiry\",\n          \"AddrFormatType\": \"Label\",\n          \"FullName1\": \"eiusmod id in\",\n          \"FullName2\": \"sit commodo\",\n          \"FullName3\": \"nostrud sed aute\",\n          \"Addr1\": \"Excepteu\",\n          \"Addr2\": \"cillum\",\n          \"City\": \"irure in fugiat\",\n          \"StateProv\": \"culpa est tempor velit\",\n          \"PostalCode\": \"amet cillu\",\n          \"CountryCode\": {\n            \"value\": \"<Error: Too many levels of nesting to fake this schema>\"\n          },\n          \"TimeFrame\": {\n            \"value\": \"<Error: Too many levels of nesting to fake this schema>\"\n          },\n          \"Retention\": false,\n          \"CensusTract\": \"non sint\",\n          \"CensusBlock\": \"irure velit in\",\n          \"ForeignFlag\": false,\n          \"HandlingCode\": \"labore ad\",\n          \"HandlingCodeOption\": \"StatementsChecks\",\n          \"MSACode\": -39697308\n        }\n      ],\n      \"TaxIdentType\": \"SSN\",\n      \"TaxIdent\": \"de\",\n      \"TaxExempt\": \"NotTaxExempt\",\n      \"Fee\": [\n        {\n          \"FeeType\": \"Prepayment\",\n          \"FeeIdent\": \"deserunt nulla adipisicing \",\n          \"FeePlan\": \"pariatur ea fugiat sed in\",\n          \"Desc\": \"aute sit\",\n          \"FeeOption\": \"Rebatable\",\n          \"FeeCalcOption\": \"None\",\n          \"FeeCalcBal\": \"eu ullamco anim\",\n          \"FeeAggregationOption\": \"FeeBal\",\n          \"PrePayMaxAmt\": {\n            \"value\": \"<Error: Too many levels of nesting to fake this schema>\"\n          },\n          \"PrePayBalPercent\": 10035644.294472858,\n          \"FeeBillingOption\": \"Bill\",\n          \"CurAmt\": {\n            \"value\": \"<Error: Too many levels of nesting to fake this schema>\"\n          },\n          \"BalPercent\": -42442034.09293186,\n          \"MinCurAmt\": {\n            \"value\": \"<Error: Too many levels of nesting to fake this schema>\"\n          },\n          \"MaxCurAmt\": {\n            \"value\": \"<Error: Too many levels of nesting to fake this schema>\"\n          },\n          \"TimeFrame\": {\n            \"value\": \"<Error: Too many levels of nesting to fake this schema>\"\n          },\n          \"EarlyPayoffMonthOption\": \"velit eu amet in\",\n          \"EarlyPayoffMonths\": 30785399,\n          \"EarlyPayoffTable\": {\n            \"value\": \"<Error: Too many levels of nesting to fake this schema>\"\n          },\n          \"ReportingOptionCode\": \"laborum\"\n        },\n        {\n          \"FeeType\": \"UnusedLimit\",\n          \"FeeIdent\": \"ea amet consequat\",\n          \"FeePlan\": \"proi\",\n          \"Desc\": \"eu\",\n          \"FeeOption\": \"Rebatable\",\n          \"FeeCalcOption\": \"PctAvgAvailBal365\",\n          \"FeeCalcBal\": \"sit in\",\n          \"FeeAggregationOption\": \"FeeBal\",\n          \"PrePayMaxAmt\": {\n            \"value\": \"<Error: Too many levels of nesting to fake this schema>\"\n          },\n          \"PrePayBalPercent\": 37706983.97573921,\n          \"FeeBillingOption\": \"Bill\",\n          \"CurAmt\": {\n            \"value\": \"<Error: Too many levels of nesting to fake this schema>\"\n          },\n          \"BalPercent\": -65036934.787763864,\n          \"MinCurAmt\": {\n            \"value\": \"<Error: Too many levels of nesting to fake this schema>\"\n          },\n          \"MaxCurAmt\": {\n            \"value\": \"<Error: Too many levels of nesting to fake this schema>\"\n          },\n          \"TimeFrame\": {\n            \"value\": \"<Error: Too many levels of nesting to fake this schema>\"\n          },\n          \"EarlyPayoffMonthOption\": \"minim fugiat\",\n          \"EarlyPayoffMonths\": 83133115,\n          \"EarlyPayoffTable\": {\n            \"value\": \"<Error: Too many levels of nesting to fake this schema>\"\n          },\n          \"ReportingOptionCode\": \"aute quis proident fugiat ad\"\n        }\n      ],\n      \"CreditRisk\": [\n        {\n          \"RiskCategory\": \"RiskScore2\",\n          \"InternalScore\": \"exercitation se\"\n        },\n        {\n          \"RiskCategory\": \"RatingCode3\",\n          \"InternalScore\": \"irure in\"\n        }\n      ],\n      \"RiskRanking\": \"in ut null\",\n      \"ElectronicBankingOpt\": \"Disable\",\n      \"ReportGroupCode\": \"qui Duis\",\n      \"DocDistributionOption\": \"sed anim elit sint\",\n      \"DocDistributionOptionEnumDesc\": \"dolor ad\",\n      \"NAICS\": \"mi\",\n      \"CostCenter\": \"sed\",\n      \"AcctMemoData\": [\n        {\n          \"AcctMemoIdent\": \"la\",\n          \"AcctMemoType\": \"Warning\",\n          \"AcctMemoText\": \"occaec\"\n        },\n        {\n          \"AcctMemoIdent\": \"nulla id dolor\",\n          \"AcctMemoType\": \"Warning\",\n          \"AcctMemoText\": \"\"\n        }\n      ],\n      \"RenewalData\": {\n        \"TimesRenewedNum\": 63863693\n      },\n      \"DirectIndirectCode\": \"BoughtParticipation\",\n      \"TimesExtendedNum\": -40595565,\n      \"CreditBackIdent\": \"do in\",\n      \"CommitmentIdent\": \"dolor aliquip\",\n      \"SoldPercent\": 91102274.15806952,\n      \"OriginationDt\": \"1960-11-10\",\n      \"LastRenewalDt\": \"1960-06-23\",\n      \"Freq\": \"Weekly\",\n      \"ReportPurposeCode\": \"in sed\",\n      \"SecuredLoanInd\": false,\n      \"CollateralCode\": \"Exce\",\n      \"CollateralCodeEnumDesc\": \"aliquip Excepteur enim anim magna\",\n      \"LTVPct\": 43130608.18261802,\n      \"RevolvingLoanInd\": false,\n      \"RevolvingLoanCode\": \"elit sit\",\n      \"Insurance\": [\n        {\n          \"ProductIdent\": \"nostrud deserunt\",\n          \"InsuranceCompany\": \"quis exercitation magna commodo\",\n          \"InsuranceCalcOption\": \"PctAvgBalSimpleIns\",\n          \"SingleRate\": -69735801.72208594,\n          \"InsuranceStartDt\": \"1989-08-23\",\n          \"InsuranceExpDt\": \"1993-04-22\",\n          \"FixedPremiumAmt\": {\n            \"value\": \"<Error: Too many levels of nesting to fake this schema>\"\n          },\n          \"MaxCoverageAmt\": {\n            \"value\": \"<Error: Too many levels of nesting to fake this schema>\"\n          }\n        },\n        {\n          \"ProductIdent\": \"minim anim consectetur\",\n          \"InsuranceCompany\": \"exercitation anim\",\n          \"InsuranceCalcOption\": \"PctPrincipalBal\",\n          \"SingleRate\": 35008401.46570608,\n          \"InsuranceStartDt\": \"1967-04-26\",\n          \"InsuranceExpDt\": \"1957-03-16\",\n          \"FixedPremiumAmt\": {\n            \"value\": \"<Error: Too many levels of nesting to fake this schema>\"\n          },\n          \"MaxCoverageAmt\": {\n            \"value\": \"<Error: Too many levels of nesting to fake this schema>\"\n          }\n        }\n      ],\n      \"InterestBilling\": {\n        \"RecurModel\": {\n          \"RecurRule\": {\n            \"value\": \"<Error: Too many levels of nesting to fake this schema>\"\n          }\n        }\n      },\n      \"LoanBilling\": {\n        \"BillingMethod\": \"DirectDebitDDAStmt\",\n        \"BillingMethodEnumDesc\": \"cillum et\",\n        \"LastCouponDt\": \"1948-03-15\",\n        \"FromAcctKeys\": {\n          \"AcctId\": {\n            \"value\": \"<Error: Too many levels of nesting to fake this schema>\"\n          },\n          \"AcctType\": {\n            \"value\": \"<Error: Too many levels of nesting to fake this schema>\"\n          },\n          \"FIIdentType\": {\n            \"value\": \"<Error: Too many levels of nesting to fake this schema>\"\n          },\n          \"FIIdent\": {\n            \"value\": \"<Error: Too many levels of nesting to fake this schema>\"\n          }\n        },\n        \"Desc\": \"ullamco dolor aliqua id\"\n      },\n      \"RegPmt\": {\n        \"PmtCompositeAmt\": [\n          {\n            \"value\": \"<Error: Too many levels of nesting to fake this schema>\"\n          },\n          {\n            \"value\": \"<Error: Too many levels of nesting to fake this schema>\"\n          }\n        ]\n      },\n      \"PmtSchedTimesUsed\": -5712790,\n      \"PmtSched\": [\n        {\n          \"PmtSchedIdent\": \"id\",\n          \"RecurModel\": {\n            \"value\": \"<Error: Too many levels of nesting to fake this schema>\"\n          },\n          \"CurAmt\": {\n            \"value\": \"<Error: Too many levels of nesting to fake this schema>\"\n          },\n          \"BalPercent\": 19212037.18782425,\n          \"EscrowAmt\": {\n            \"value\": \"<Error: Too many levels of nesting to fake this schema>\"\n          },\n          \"OtherEscrowAmt\": {\n            \"value\": \"<Error: Too many levels of nesting to fake this schema>\"\n          }\n        },\n        {\n          \"PmtSchedIdent\": \"nisi esse cupidatat ex ad\",\n          \"RecurModel\": {\n            \"value\": \"<Error: Too many levels of nesting to fake this schema>\"\n          },\n          \"CurAmt\": {\n            \"value\": \"<Error: Too many levels of nesting to fake this schema>\"\n          },\n          \"BalPercent\": 72206299.67572486,\n          \"EscrowAmt\": {\n            \"value\": \"<Error: Too many levels of nesting to fake this schema>\"\n          },\n          \"OtherEscrowAmt\": {\n            \"value\": \"<Error: Too many levels of nesting to fake this schema>\"\n          }\n        }\n      ],\n      \"DelinquentRateData\": {\n        \"DelinquentRateType\": \"sit esse eiusmod\",\n        \"DelinquentIntRate\": -86772027.53271356,\n        \"DelinquentDays\": 51019819\n      },\n      \"LateFee\": {\n        \"FeeCalcOption\": \"PctPrincipalIntRecentPmtPastDue\",\n        \"BalPercent\": 43486146.6214703,\n        \"GraceDays\": 45145614,\n        \"MinCurAmt\": {\n          \"Amt\": {\n            \"value\": \"<Error: Too many levels of nesting to fake this schema>\"\n          },\n          \"CurCode\": {\n            \"value\": \"<Error: Too many levels of nesting to fake this schema>\"\n          }\n        },\n        \"MaxCurAmt\": {\n          \"Amt\": {\n            \"value\": \"<Error: Too many levels of nesting to fake this schema>\"\n          },\n          \"CurCode\": {\n            \"value\": \"<Error: Too many levels of nesting to fake this schema>\"\n          }\n        }\n      },\n      \"DuePmt\": {\n        \"PmtCompositeAmt\": [\n          {\n            \"value\": \"<Error: Too many levels of nesting to fake this schema>\"\n          },\n          {\n            \"value\": \"<Error: Too many levels of nesting to fake this schema>\"\n          }\n        ],\n        \"DueDt\": \"0926-95-25\"\n      },\n      \"BilledPmt\": [\n        {\n          \"PmtCompositeAmt\": [\n            {\n              \"value\": \"<Error: Too many levels of nesting to fake this schema>\"\n            },\n            {\n              \"value\": \"<Error: Too many levels of nesting to fake this schema>\"\n            }\n          ]\n        },\n        {\n          \"PmtCompositeAmt\": [\n            {\n              \"value\": \"<Error: Too many levels of nesting to fake this schema>\"\n            },\n            {\n              \"value\": \"<Error: Too many levels of nesting to fake this schema>\"\n            }\n          ]\n        }\n      ],\n      \"NextPmt\": {\n        \"PmtCompositeAmt\": [\n          {\n            \"value\": \"<Error: Too many levels of nesting to fake this schema>\"\n          },\n          {\n            \"value\": \"<Error: Too many levels of nesting to fake this schema>\"\n          }\n        ],\n        \"BillStatus\": {},\n        \"PmtDt\": \"1958-10-20\"\n      },\n      \"LastPmt\": {\n        \"PmtCompositeAmt\": [\n          {\n            \"value\": \"<Error: Too many levels of nesting to fake this schema>\"\n          },\n          {\n            \"value\": \"<Error: Too many levels of nesting to fake this schema>\"\n          }\n        ],\n        \"PmtDt\": \"1959-08-22\",\n        \"InterestPaidToDt\": \"2005-08-04\",\n        \"PrincipalPaidToDt\": \"3574-21-52\"\n      },\n      \"PmtTermReview\": [\n        {\n          \"MinPmtChange\": -19838173.475981697,\n          \"MaxPmtChange\": 67040860.27143052,\n          \"PmtTermRecurType\": \"PrincipalAdvance\",\n          \"RecurInterval\": -73410381,\n          \"LeadDays\": 7350832,\n          \"NextPmtTermReviewDt\": \"1964-09-13\"\n        },\n        {\n          \"MinPmtChange\": -39396987.43195539,\n          \"MaxPmtChange\": 66746674.23822993,\n          \"PmtTermRecurType\": \"None\",\n          \"RecurInterval\": -5767572,\n          \"LeadDays\": 19222222,\n          \"NextPmtTermReviewDt\": \"1956-10-03\"\n        }\n      ],\n      \"ChargeOffInd\": true,\n      \"ChargeOffCode\": \"quis Ut nostrud\",\n      \"NonAccrualInd\": false,\n      \"NonAccrualCode\": \"dolor commodo ipsum\",\n      \"NonAccrualCodeEnumDesc\": \"elit nostrud dolor Duis\",\n      \"WriteDownCode\": \"commodo fugiat consectetur mollit\",\n      \"PmtPostingRestrictions\": {\n        \"RestrictionReasonCode\": \"quis non mollit\",\n        \"RestrictionOvrdInd\": true\n      },\n      \"AdvPostingRestrictions\": {\n        \"RestrictionOvrdInd\": true,\n        \"RestrictionReasonCode\": \"commodo incididunt ad\",\n        \"RestrictionPastDueDays\": -73186026\n      },\n      \"EscrowCtrlData\": {\n        \"RecurRule\": {\n          \"RecurType\": {\n            \"value\": \"<Error: Too many levels of nesting to fake this schema>\"\n          },\n          \"RecurInterval\": {\n            \"value\": \"<Error: Too many levels of nesting to fake this schema>\"\n          },\n          \"LeadDays\": {\n            \"value\": \"<Error: Too many levels of nesting to fake this schema>\"\n          }\n        },\n        \"NextAnalysisDt\": \"2009-06-13\",\n        \"EscrowMinShortageAmt\": {\n          \"Amt\": {\n            \"value\": \"<Error: Too many levels of nesting to fake this schema>\"\n          },\n          \"CurCode\": {\n            \"value\": \"<Error: Too many levels of nesting to fake this schema>\"\n          }\n        }\n      },\n      \"Dealer\": [\n        {\n          \"DealerIdent\": \"Duis officia nulla reprehende\",\n          \"DealerReserveType\": \"minim sed tempor nulla exercitation\",\n          \"DealerReserveTypeEnumDesc\": \"et ullamco occaecat\",\n          \"DealerReserveRate\": 77103121.45436701,\n          \"DealerReserveAmt\": {\n            \"value\": \"<Error: Too many levels of nesting to fake this schema>\"\n          }\n        },\n        {\n          \"DealerIdent\": \"ad nisi \",\n          \"DealerReserveType\": \"id i\",\n          \"DealerReserveTypeEnumDesc\": \"ea cillum Lorem commodo\",\n          \"DealerReserveRate\": -44774443.4271347,\n          \"DealerReserveAmt\": {\n            \"value\": \"<Error: Too many levels of nesting to fake this schema>\"\n          }\n        }\n      ],\n      \"LOCAdvance\": {\n        \"WaiveAdvanceFeeInd\": false\n      },\n      \"FDICClassificationEntity\": \"laboris deserunt culpa\",\n      \"FDICCode\": \"am\",\n      \"FDICAmount\": [\n        {\n          \"FDICAmountType\": \"Substandard\",\n          \"Amount\": -76099942.23618832\n        },\n        {\n          \"FDICAmountType\": \"Loss\",\n          \"Amount\": 40736036.217407405\n        }\n      ],\n      \"IncYearEndReportCode\": \"1098NoticeOnly\",\n      \"PmtHistProfileCode\": \"PastDue180More\",\n      \"PmtHistProfileCodeEnumDesc\": \"\",\n      \"PastDueDays\": 96363909,\n      \"PastDueProfileData\": [\n        {\n          \"PastDueType\": \"PastDue1-29\",\n          \"TimesPastDueNum\": -60573602\n        },\n        {\n          \"PastDueType\": \"PastDue1-29\",\n          \"TimesPastDueNum\": 5965817\n        }\n      ],\n      \"RecourseCode\": \"ex Excepteur in\",\n      \"HomeMortgageDisclosure\": {\n        \"MortgageType\": \"FHA_FmHA_VAFamily1_4\",\n        \"PropertyType\": \"nostrud Excepteur in\",\n        \"ImprovementCode\": \"proident ullamco aliquip magna\",\n        \"FHLBPledgeType\": \"nisi cupidatat ipsum mollit id\",\n        \"HAMPData\": {\n          \"HAMPOption\": {\n            \"value\": \"<Error: Too many levels of nesting to fake this schema>\"\n          },\n          \"HAMPServicer\": {\n            \"value\": \"<Error: Too many levels of nesting to fake this schema>\"\n          },\n          \"ForbearanceAmt\": {\n            \"value\": \"<Error: Too many levels of nesting to fake this schema>\"\n          }\n        },\n        \"FHACaseNumber\": \"non laborum e\",\n        \"FHAADPCode\": \"elit nostrud eiusmod Duis\",\n        \"MortgageReportingData\": [\n          {\n            \"value\": \"<Error: Too many levels of nesting to fake this schema>\"\n          },\n          {\n            \"value\": \"<Error: Too many levels of nesting to fake this schema>\"\n          }\n        ],\n        \"FHAAcknowledgedDt\": \"1957-12-23\",\n        \"CRAData\": {\n          \"CRAReportingInd\": {\n            \"value\": \"<Error: Too many levels of nesting to fake this schema>\"\n          },\n          \"CRALoanType\": {\n            \"value\": \"<Error: Too many levels of nesting to fake this schema>\"\n          },\n          \"CRARevenueCode\": {\n            \"value\": \"<Error: Too many levels of nesting to fake this schema>\"\n          },\n          \"CRANewFunds\": {\n            \"value\": \"<Error: Too many levels of nesting to fake this schema>\"\n          }\n        }\n      },\n      \"StudentLoanData\": {\n        \"StudentTypeCode\": \"proident aute sit Ut esse\",\n        \"StudentTypeCodeEnumDesc\": \"culpa non aute incididunt\",\n        \"StudentLoanStatus\": \"deserunt incididunt Duis\",\n        \"StudentLoanStatusEnumDesc\": \"irure nisi\",\n        \"StudentActionCode\": \"sunt es\",\n        \"StudentActionCodeEnumDesc\": \"adipisicing laboris\",\n        \"OvrdRate\": 40190458.94530305\n      },\n      \"SBAData\": {\n        \"District\": \"in\",\n        \"SBAStatus\": \"PurchasedBySBA\",\n        \"GPNumber\": -58453789\n      }\n    }\n  },\n  \"Status\": {\n    \"Severity\": \"Info\",\n    \"StatusCode\": \"sint al\",\n    \"StatusDesc\": \"ad commodo sunt deserunt aute\",\n    \"SvcProviderName\": \"pariatur laborum sit velit\",\n    \"Id\": \"elit su\",\n    \"ServerStatusCode\": \"\",\n    \"ServerStatusDesc\": \"minim ad reprehenderit in\",\n    \"OvrdExceptionInd\": false,\n    \"SubjectRole\": \"laboris aliqua Lorem commodo\",\n    \"SubjectElement\": [\n      {\n        \"Path\": \"ea minim\",\n        \"ServerPath\": \"ullamco id et ea\",\n        \"Value\": \"veniam est et sunt\"\n      },\n      {\n        \"Path\": \"enim eu est tempor dolor\",\n        \"ServerPath\": \"consectetur Ut exercitation\",\n        \"Value\": \"deserunt sint dolore irure\"\n      }\n    ],\n    \"ContentHTML\": \"enim\",\n    \"AdditionalStatus\": [\n      {\n        \"StatusCode\": \"elit ipsum do\",\n        \"StatusDesc\": \"mollit eiusmod Excepteur sunt\",\n        \"Severity\": \"Info\",\n        \"SvcProviderName\": \"sed\",\n        \"ServerStatusCode\": \"eu consectetur ex s\",\n        \"ServerStatusDesc\": \"anim commodo laborum ut\",\n        \"OvrdExceptionInd\": true,\n        \"SubjectElement\": [\n          {\n            \"Path\": {\n              \"value\": \"<Error: Too many levels of nesting to fake this schema>\"\n            },\n            \"ServerPath\": {\n              \"value\": \"<Error: Too many levels of nesting to fake this schema>\"\n            },\n            \"Value\": {\n              \"value\": \"<Error: Too many levels of nesting to fake this schema>\"\n            }\n          },\n          {\n            \"Path\": {\n              \"value\": \"<Error: Too many levels of nesting to fake this schema>\"\n            },\n            \"ServerPath\": {\n              \"value\": \"<Error: Too many levels of nesting to fake this schema>\"\n            },\n            \"Value\": {\n              \"value\": \"<Error: Too many levels of nesting to fake this schema>\"\n            }\n          }\n        ]\n      },\n      {\n        \"StatusCode\": \"pariatur\",\n        \"StatusDesc\": \"enim deserunt voluptate esse\",\n        \"Severity\": \"Warning\",\n        \"SvcProviderName\": \"eu mollit nisi sint\",\n        \"ServerStatusCode\": \"minim paria\",\n        \"ServerStatusDesc\": \"commodo minim\",\n        \"OvrdExceptionInd\": true,\n        \"SubjectElement\": [\n          {\n            \"Path\": {\n              \"value\": \"<Error: Too many levels of nesting to fake this schema>\"\n            },\n            \"ServerPath\": {\n              \"value\": \"<Error: Too many levels of nesting to fake this schema>\"\n            },\n            \"Value\": {\n              \"value\": \"<Error: Too many levels of nesting to fake this schema>\"\n            }\n          },\n          {\n            \"Path\": {\n              \"value\": \"<Error: Too many levels of nesting to fake this schema>\"\n            },\n            \"ServerPath\": {\n              \"value\": \"<Error: Too many levels of nesting to fake this schema>\"\n            },\n            \"Value\": {\n              \"value\": \"<Error: Too many levels of nesting to fake this schema>\"\n            }\n          }\n        ]\n      }\n    ]\n  }\n}","cookie":[],"_postman_previewlanguage":"json"},{"id":"388e107c-37a4-4421-8324-c31b4aa20544","name":"To view the complete list of response codes, <a href=\"../docs/?path=docs/response-codes.md\" title=\"Click to open\">click here.</a>","originalRequest":{"url":{"path":["acctservice","acctmgmt","accounts","secured"],"host":["{{baseUrl}}"],"query":[],"variable":[]},"header":[{"disabled":false,"description":"(Required) EFX Header is a common and required component for all API calls, it contains client-related parameters. Please note that the header parameters should be sent as a JSON object under the EFXHeader parameter. To view the list of header parameters, <a href=\"../docs?path=docs/api-ref-EFX-header.md\" title=\"Click to open\"> click here.</a>","key":"EFXHeader","value":"OrganizationId,<string>,TrnId,<string>,VendorId,<string>,Context,[object Object]"}],"method":"POST","body":{"mode":"raw","raw":"{\n  \"AcctSel\": {\n    \"AcctKeys\": {\n      \"AcctId\": \"amet occaecat\",\n      \"AcctType\": \"LOAN\"\n    }\n  }\n}","options":{"raw":{"language":"json"}}}},"status":"Internal Server Error","code":500,"header":[{"key":"Content-Type","value":"application/json"}],"body":"{\n  \"AcctRec\": {\n    \"AcctKeys\": {\n      \"AcctId\": \"dolore\",\n      \"AcctType\": \"LOAN\"\n    },\n    \"AcctStatus\": {\n      \"AcctStatusCode\": \"Valid\",\n      \"EffDt\": \"5851-13-60T15:74\"\n    },\n    \"LoanAcctInfo\": {\n      \"AcctDtlStatus\": \"Bankrupcty\",\n      \"AcctDtlStatusEnumDesc\": \"esse cupidatat in magna\",\n      \"AcctPref\": {\n        \"Language\": \"magna in laborum\"\n      },\n      \"AcctIdent\": [\n        {\n          \"AcctIdentType\": \"PORT\",\n          \"AcctIdentValue\": \"Excepteur magna\"\n        },\n        {\n          \"AcctIdentType\": \"PORT\",\n          \"AcctIdentValue\": \"id dolor ipsum \"\n        }\n      ],\n      \"ProductIdent\": \"non do sunt ad\",\n      \"Desc\": \"e\",\n      \"InitialAmount\": {\n        \"Amt\": -53578702.655268185,\n        \"CurCode\": {\n          \"CurCodeValue\": {\n            \"value\": \"<Error: Too many levels of nesting to fake this schema>\"\n          },\n          \"CurCodeType\": {\n            \"value\": \"<Error: Too many levels of nesting to fake this schema>\"\n          }\n        }\n      },\n      \"OpenDt\": \"1961-11-25\",\n      \"ClosedDt\": \"2000-03-12\",\n      \"MaturityDt\": \"1968-01-02\",\n      \"DateData\": [\n        {\n          \"DateType\": \"EffectiveDt\",\n          \"DateValue\": \"6177-84-16T77:73\"\n        },\n        {\n          \"DateType\": \"LastTrn\",\n          \"DateValue\": \"2624-87-71T69:85\"\n        }\n      ],\n      \"RelationshipMgr\": [\n        {\n          \"RelationshipMgrIdent\": \"occaecat ad nostrud\",\n          \"RelationshipMgrIdentEnumDesc\": \"consectetur Excepteur\",\n          \"RelationshipRole\": \"SecondOfficer\"\n        },\n        {\n          \"RelationshipMgrIdent\": \"et officia\",\n          \"RelationshipMgrIdentEnumDesc\": \"in sit reprehenderit mollit eiusmod\",\n          \"RelationshipRole\": \"Officer\"\n        }\n      ],\n      \"OriginatingBranch\": \"aliquip\",\n      \"OriginatingBranchEnumDesc\": \"enim exercita\",\n      \"ResponsibleBranch\": \"fugiat labori\",\n      \"ResponsibleBranchEnumDesc\": \"non amet quis\",\n      \"NicknameOption\": \"Printed\",\n      \"Nickname\": \"ullamco deserunt\",\n      \"AcctTitleOption\": \"fugiat nisi commodo pariatur sit\",\n      \"AcctTitle\": \"occaecat \",\n      \"HandlingCodeOption\": \"StatementsNotices\",\n      \"HandlingCode\": \"sunt do ex\",\n      \"OEDCode\": \"elit aute veniam qui Ut\",\n      \"OEDCodeEnumDesc\": \"laborum in\",\n      \"AccountingMethod\": \"SourcePlaced\",\n      \"AccountingValue\": \"in la\",\n      \"ClassCode\": \"enim dolore adipisicing\",\n      \"AcctOpenMethod\": \"InPerson\",\n      \"ClientDefinedData\": [\n        {\n          \"DataIdent\": \"proident Excep\",\n          \"DataType\": \"RateSymbol\",\n          \"Value\": \"enim cillum elit\",\n          \"DataLength\": -46872204,\n          \"ExpDt\": \"2008-09-26\",\n          \"Desc\": \"nisi ex\",\n          \"RequiredFlag\": false\n        },\n        {\n          \"DataIdent\": \"do aliquip\",\n          \"DataType\": \"NumericSymbol\",\n          \"Value\": \"Excepteur\",\n          \"DataLength\": 6394832,\n          \"ExpDt\": \"1964-10-12\",\n          \"Desc\": \"id cupidatat\",\n          \"RequiredFlag\": true\n        }\n      ],\n      \"AcctStmtData\": {\n        \"StmtTimeFrame\": [\n          {\n            \"value\": \"<Error: Too many levels of nesting to fake this schema>\"\n          },\n          {\n            \"value\": \"<Error: Too many levels of nesting to fake this schema>\"\n          }\n        ],\n        \"LastStmtDt\": \"1957-05-30\",\n        \"StmtPrepCode\": \"laborum ad\",\n        \"CombinedStmtIdent\": \"nisi ut magna Lore\",\n        \"CombinedStmtCode\": \"SecondaryDDA\",\n        \"StmtFormat\": \"anim minim eiusmod vo\",\n        \"StmtGroup\": \"irure officia Ut quis\"\n      },\n      \"NoticeData\": [\n        {\n          \"NoticeType\": \"PmtChgNotice\",\n          \"NoticeOption\": \"GenerateNotice\",\n          \"LeadDays\": 2709095,\n          \"NoticeRemarks\": \"laboris velit reprehenderit\"\n        },\n        {\n          \"NoticeType\": \"AutoPmtNotice\",\n          \"NoticeOption\": \"NoNotice\",\n          \"LeadDays\": -26462045,\n          \"NoticeRemarks\": \"incididunt minim\"\n        }\n      ],\n      \"ProdIntRateId\": \"in\",\n      \"ProdIntRateIdEnumDesc\": \"elit\",\n      \"Rate\": 99185875.92783114,\n      \"IntRateData\": {\n        \"RateMatrixTier\": [\n          {\n            \"value\": \"<Error: Too many levels of nesting to fake this schema>\"\n          },\n          {\n            \"value\": \"<Error: Too many levels of nesting to fake this schema>\"\n          }\n        ],\n        \"AccrualMethod\": \"NegativeAmortization\",\n        \"AccrualCode\": \"quis culpa amet do\",\n        \"DailyAccrual\": \"Actual360\",\n        \"DailyAccrualFactor\": 91808646.01027307,\n        \"MinimumInterest\": 85762206.8172352,\n        \"SplitRateData\": {\n          \"SplitAmt\": {\n            \"value\": \"<Error: Too many levels of nesting to fake this schema>\"\n          },\n          \"OverRate\": {\n            \"value\": \"<Error: Too many levels of nesting to fake this schema>\"\n          },\n          \"UnderRate\": {\n            \"value\": \"<Error: Too many levels of nesting to fake this schema>\"\n          }\n        }\n      },\n      \"MaturityIntCalcData\": {\n        \"MaturityIntRateType\": \"RatePlusAdjusterPct\"\n      },\n      \"RateChangeData\": [\n        {\n          \"VarianceFactorType\": \"Factor\",\n          \"RateFactor\": -14956333.091704637,\n          \"RateVariance\": 86673226.60246822,\n          \"FloorRate\": -44682018.2515697,\n          \"CeilingRate\": 3771412.287559256,\n          \"RoundingOption\": \"None\",\n          \"RoundingFactor\": -67444440.85904431,\n          \"RateChangeRecurType\": \"BiWeekly\",\n          \"RecurInterval\": -40115969,\n          \"DayOfMonth\": \"cupidatat dolor\",\n          \"NextRateChangeDt\": \"1970-05-09\"\n        },\n        {\n          \"VarianceFactorType\": \"Factor\",\n          \"RateFactor\": -43059477.116141446,\n          \"RateVariance\": -82945757.42245805,\n          \"FloorRate\": 52641322.23067576,\n          \"CeilingRate\": 54506647.624599755,\n          \"RoundingOption\": \"RoundDown\",\n          \"RoundingFactor\": -72018652.45969747,\n          \"RateChangeRecurType\": \"SemiYearly\",\n          \"RecurInterval\": -52566583,\n          \"DayOfMonth\": \"\",\n          \"NextRateChangeDt\": \"1960-04-22\"\n        }\n      ],\n      \"AcctBal\": [\n        {\n          \"BalType\": \"DealerInterest\",\n          \"CurAmt\": {\n            \"value\": \"<Error: Too many levels of nesting to fake this schema>\"\n          }\n        },\n        {\n          \"BalType\": \"Fee\",\n          \"CurAmt\": {\n            \"value\": \"<Error: Too many levels of nesting to fake this schema>\"\n          }\n        }\n      ],\n      \"AcctPeriodData\": [\n        {\n          \"AcctAmtType\": \"EscrowTaxesPaid\",\n          \"AmtSeqId\": \"et dolore \",\n          \"AcctPeriodType\": \"PriorYr\",\n          \"LastOccurInd\": false,\n          \"Amt\": 23119972.200825244,\n          \"LastOccuranceDt\": \"0319-33-89T45:00:52.471+63:20\"\n        },\n        {\n          \"AcctAmtType\": \"LostInt\",\n          \"AmtSeqId\": \"s\",\n          \"AcctPeriodType\": \"YTD\",\n          \"LastOccurInd\": true,\n          \"Amt\": 64356491.85817143,\n          \"LastOccuranceDt\": \"7437-61-11T23:85\"\n        }\n      ],\n      \"PostAddr\": [\n        {\n          \"AddrType\": \"Primary\",\n          \"NameIdent\": [\n            {\n              \"value\": \"<Error: Too many levels of nesting to fake this schema>\"\n            },\n            {\n              \"value\": \"<Error: Too many levels of nesting to fake this schema>\"\n            }\n          ],\n          \"AddressIdent\": \"dolor\",\n          \"AddrUse\": \"Mailing\",\n          \"AddrFormatType\": \"Label\",\n          \"FullName1\": \"labore aliqua\",\n          \"FullName2\": \"culpa reprehenderit ea veniam eiusmod\",\n          \"FullName3\": \"occaeca\",\n          \"Addr1\": \"nulla fugiat eu vol\",\n          \"Addr2\": \"velit esse\",\n          \"City\": \"voluptate\",\n          \"StateProv\": \"consectetur Lorem non\",\n          \"PostalCode\": \"nu\",\n          \"CountryCode\": {\n            \"value\": \"<Error: Too many levels of nesting to fake this schema>\"\n          },\n          \"TimeFrame\": {\n            \"value\": \"<Error: Too many levels of nesting to fake this schema>\"\n          },\n          \"Retention\": true,\n          \"CensusTract\": \"c\",\n          \"CensusBlock\": \"ad veniam et\",\n          \"ForeignFlag\": false,\n          \"HandlingCode\": \"ad magna in Ut\",\n          \"HandlingCodeOption\": \"NoticesChecks\",\n          \"MSACode\": -13544276\n        },\n        {\n          \"AddrType\": \"Primary\",\n          \"NameIdent\": [\n            {\n              \"value\": \"<Error: Too many levels of nesting to fake this schema>\"\n            },\n            {\n              \"value\": \"<Error: Too many levels of nesting to fake this schema>\"\n            }\n          ],\n          \"AddressIdent\": \"dolor sint laborum Exc\",\n          \"AddrUse\": \"Inquiry\",\n          \"AddrFormatType\": \"Label\",\n          \"FullName1\": \"nulla cillum\",\n          \"FullName2\": \"velit ullamco sint qui\",\n          \"FullName3\": \"aliquip anim incididunt minim\",\n          \"Addr1\": \"ip\",\n          \"Addr2\": \"Duis anim amet officia\",\n          \"City\": \"minim ullamco id ips\",\n          \"StateProv\": \"veniam consectetur\",\n          \"PostalCode\": \"sint adipi\",\n          \"CountryCode\": {\n            \"value\": \"<Error: Too many levels of nesting to fake this schema>\"\n          },\n          \"TimeFrame\": {\n            \"value\": \"<Error: Too many levels of nesting to fake this schema>\"\n          },\n          \"Retention\": true,\n          \"CensusTract\": \"in cupidata\",\n          \"CensusBlock\": \"aute proident\",\n          \"ForeignFlag\": false,\n          \"HandlingCode\": \"consequat laboris\",\n          \"HandlingCodeOption\": \"Checks\",\n          \"MSACode\": 31967931\n        }\n      ],\n      \"TaxIdentType\": \"ITIN\",\n      \"TaxIdent\": \"in e\",\n      \"TaxExempt\": \"TaxExempt\",\n      \"Fee\": [\n        {\n          \"FeeType\": \"Prepayment\",\n          \"FeeIdent\": \"dolor sunt\",\n          \"FeePlan\": \"exercitation ad amet\",\n          \"Desc\": \"ut proident tempor\",\n          \"FeeOption\": \"Rebatable\",\n          \"FeeCalcOption\": \"SBACurtailment\",\n          \"FeeCalcBal\": \"Ut fugiat anim veniam\",\n          \"FeeAggregationOption\": \"FeeBal\",\n          \"PrePayMaxAmt\": {\n            \"value\": \"<Error: Too many levels of nesting to fake this schema>\"\n          },\n          \"PrePayBalPercent\": 81994338.16968066,\n          \"FeeBillingOption\": \"Bill\",\n          \"CurAmt\": {\n            \"value\": \"<Error: Too many levels of nesting to fake this schema>\"\n          },\n          \"BalPercent\": -73115765.28133515,\n          \"MinCurAmt\": {\n            \"value\": \"<Error: Too many levels of nesting to fake this schema>\"\n          },\n          \"MaxCurAmt\": {\n            \"value\": \"<Error: Too many levels of nesting to fake this schema>\"\n          },\n          \"TimeFrame\": {\n            \"value\": \"<Error: Too many levels of nesting to fake this schema>\"\n          },\n          \"EarlyPayoffMonthOption\": \"cillum do fugiat\",\n          \"EarlyPayoffMonths\": -67389667,\n          \"EarlyPayoffTable\": {\n            \"value\": \"<Error: Too many levels of nesting to fake this schema>\"\n          },\n          \"ReportingOptionCode\": \"in incididunt commodo mi\"\n        },\n        {\n          \"FeeType\": \"UnusedLimit\",\n          \"FeeIdent\": \"aliqua sit proident a\",\n          \"FeePlan\": \"elit in\",\n          \"Desc\": \"ex qui cillum\",\n          \"FeeOption\": \"Rebatable\",\n          \"FeeCalcOption\": \"PctAvgAvailBal365\",\n          \"FeeCalcBal\": \"ipsum aute do\",\n          \"FeeAggregationOption\": \"None\",\n          \"PrePayMaxAmt\": {\n            \"value\": \"<Error: Too many levels of nesting to fake this schema>\"\n          },\n          \"PrePayBalPercent\": -8072953.782825559,\n          \"FeeBillingOption\": \"Bill\",\n          \"CurAmt\": {\n            \"value\": \"<Error: Too many levels of nesting to fake this schema>\"\n          },\n          \"BalPercent\": -34702251.75923165,\n          \"MinCurAmt\": {\n            \"value\": \"<Error: Too many levels of nesting to fake this schema>\"\n          },\n          \"MaxCurAmt\": {\n            \"value\": \"<Error: Too many levels of nesting to fake this schema>\"\n          },\n          \"TimeFrame\": {\n            \"value\": \"<Error: Too many levels of nesting to fake this schema>\"\n          },\n          \"EarlyPayoffMonthOption\": \"consequat eni\",\n          \"EarlyPayoffMonths\": 10566381,\n          \"EarlyPayoffTable\": {\n            \"value\": \"<Error: Too many levels of nesting to fake this schema>\"\n          },\n          \"ReportingOptionCode\": \"sed esse\"\n        }\n      ],\n      \"CreditRisk\": [\n        {\n          \"RiskCategory\": \"CreditScore\",\n          \"InternalScore\": \"et ad quis d\"\n        },\n        {\n          \"RiskCategory\": \"CreditScore\",\n          \"InternalScore\": \"eu enim est nulla\"\n        }\n      ],\n      \"RiskRanking\": \"in sunt\",\n      \"ElectronicBankingOpt\": \"Enabled\",\n      \"ReportGroupCode\": \"ut sed in\",\n      \"DocDistributionOption\": \"reprehenderit in pariatur\",\n      \"DocDistributionOptionEnumDesc\": \"pariatur\",\n      \"NAICS\": \"venia\",\n      \"CostCenter\": \"aute et\",\n      \"AcctMemoData\": [\n        {\n          \"AcctMemoIdent\": \"voluptate aliquip \",\n          \"AcctMemoType\": \"Teller\",\n          \"AcctMemoText\": \"eiusmod non laborum laboris\"\n        },\n        {\n          \"AcctMemoIdent\": \"adipi\",\n          \"AcctMemoType\": \"Teller\",\n          \"AcctMemoText\": \"eu ex\"\n        }\n      ],\n      \"RenewalData\": {\n        \"TimesRenewedNum\": -81106437\n      },\n      \"DirectIndirectCode\": \"SoldParticipation\",\n      \"TimesExtendedNum\": -91195368,\n      \"CreditBackIdent\": \"anim do\",\n      \"CommitmentIdent\": \"Exc\",\n      \"SoldPercent\": -88847575.80206606,\n      \"OriginationDt\": \"2010-06-10\",\n      \"LastRenewalDt\": \"1988-01-09\",\n      \"Freq\": \"Quarterly\",\n      \"ReportPurposeCode\": \"ea\",\n      \"SecuredLoanInd\": true,\n      \"CollateralCode\": \"aute sint sit cupidatat commodo\",\n      \"CollateralCodeEnumDesc\": \"fugiat cillum Lorem\",\n      \"LTVPct\": -785596.3587265313,\n      \"RevolvingLoanInd\": false,\n      \"RevolvingLoanCode\": \"magna\",\n      \"Insurance\": [\n        {\n          \"ProductIdent\": \"al\",\n          \"InsuranceCompany\": \"eiusmod voluptate commodo ex\",\n          \"InsuranceCalcOption\": \"PctTotalPmtPlusEscrow\",\n          \"SingleRate\": 88208322.22286299,\n          \"InsuranceStartDt\": \"1966-04-06\",\n          \"InsuranceExpDt\": \"1983-07-08\",\n          \"FixedPremiumAmt\": {\n            \"value\": \"<Error: Too many levels of nesting to fake this schema>\"\n          },\n          \"MaxCoverageAmt\": {\n            \"value\": \"<Error: Too many levels of nesting to fake this schema>\"\n          }\n        },\n        {\n          \"ProductIdent\": \"officia minim l\",\n          \"InsuranceCompany\": \"aute\",\n          \"InsuranceCalcOption\": \"None\",\n          \"SingleRate\": 69072696.88530403,\n          \"InsuranceStartDt\": \"1986-07-16\",\n          \"InsuranceExpDt\": \"1987-10-02\",\n          \"FixedPremiumAmt\": {\n            \"value\": \"<Error: Too many levels of nesting to fake this schema>\"\n          },\n          \"MaxCoverageAmt\": {\n            \"value\": \"<Error: Too many levels of nesting to fake this schema>\"\n          }\n        }\n      ],\n      \"InterestBilling\": {\n        \"RecurModel\": {\n          \"RecurRule\": {\n            \"value\": \"<Error: Too many levels of nesting to fake this schema>\"\n          }\n        }\n      },\n      \"LoanBilling\": {\n        \"BillingMethod\": \"BillingNotice\",\n        \"BillingMethodEnumDesc\": \"laborum sed qui inci\",\n        \"LastCouponDt\": \"1990-04-17\",\n        \"FromAcctKeys\": {\n          \"AcctId\": {\n            \"value\": \"<Error: Too many levels of nesting to fake this schema>\"\n          },\n          \"AcctType\": {\n            \"value\": \"<Error: Too many levels of nesting to fake this schema>\"\n          },\n          \"FIIdentType\": {\n            \"value\": \"<Error: Too many levels of nesting to fake this schema>\"\n          },\n          \"FIIdent\": {\n            \"value\": \"<Error: Too many levels of nesting to fake this schema>\"\n          }\n        },\n        \"Desc\": \"pariatur exercitation Ut labore\"\n      },\n      \"RegPmt\": {\n        \"PmtCompositeAmt\": [\n          {\n            \"value\": \"<Error: Too many levels of nesting to fake this schema>\"\n          },\n          {\n            \"value\": \"<Error: Too many levels of nesting to fake this schema>\"\n          }\n        ]\n      },\n      \"PmtSchedTimesUsed\": 51111144,\n      \"PmtSched\": [\n        {\n          \"PmtSchedIdent\": \"aliquip\",\n          \"RecurModel\": {\n            \"value\": \"<Error: Too many levels of nesting to fake this schema>\"\n          },\n          \"CurAmt\": {\n            \"value\": \"<Error: Too many levels of nesting to fake this schema>\"\n          },\n          \"BalPercent\": -65650710.90696604,\n          \"EscrowAmt\": {\n            \"value\": \"<Error: Too many levels of nesting to fake this schema>\"\n          },\n          \"OtherEscrowAmt\": {\n            \"value\": \"<Error: Too many levels of nesting to fake this schema>\"\n          }\n        },\n        {\n          \"PmtSchedIdent\": \"\",\n          \"RecurModel\": {\n            \"value\": \"<Error: Too many levels of nesting to fake this schema>\"\n          },\n          \"CurAmt\": {\n            \"value\": \"<Error: Too many levels of nesting to fake this schema>\"\n          },\n          \"BalPercent\": -5609037.891129181,\n          \"EscrowAmt\": {\n            \"value\": \"<Error: Too many levels of nesting to fake this schema>\"\n          },\n          \"OtherEscrowAmt\": {\n            \"value\": \"<Error: Too many levels of nesting to fake this schema>\"\n          }\n        }\n      ],\n      \"DelinquentRateData\": {\n        \"DelinquentRateType\": \"officia magna\",\n        \"DelinquentIntRate\": 79982814.217671,\n        \"DelinquentDays\": 2786979\n      },\n      \"LateFee\": {\n        \"FeeCalcOption\": \"None\",\n        \"BalPercent\": -11054783.725426227,\n        \"GraceDays\": 36763867,\n        \"MinCurAmt\": {\n          \"Amt\": {\n            \"value\": \"<Error: Too many levels of nesting to fake this schema>\"\n          },\n          \"CurCode\": {\n            \"value\": \"<Error: Too many levels of nesting to fake this schema>\"\n          }\n        },\n        \"MaxCurAmt\": {\n          \"Amt\": {\n            \"value\": \"<Error: Too many levels of nesting to fake this schema>\"\n          },\n          \"CurCode\": {\n            \"value\": \"<Error: Too many levels of nesting to fake this schema>\"\n          }\n        }\n      },\n      \"DuePmt\": {\n        \"PmtCompositeAmt\": [\n          {\n            \"value\": \"<Error: Too many levels of nesting to fake this schema>\"\n          },\n          {\n            \"value\": \"<Error: Too many levels of nesting to fake this schema>\"\n          }\n        ],\n        \"DueDt\": \"6756-05-17T56:96\"\n      },\n      \"BilledPmt\": [\n        {\n          \"PmtCompositeAmt\": [\n            {\n              \"value\": \"<Error: Too many levels of nesting to fake this schema>\"\n            },\n            {\n              \"value\": \"<Error: Too many levels of nesting to fake this schema>\"\n            }\n          ]\n        },\n        {\n          \"PmtCompositeAmt\": [\n            {\n              \"value\": \"<Error: Too many levels of nesting to fake this schema>\"\n            },\n            {\n              \"value\": \"<Error: Too many levels of nesting to fake this schema>\"\n            }\n          ]\n        }\n      ],\n      \"NextPmt\": {\n        \"PmtCompositeAmt\": [\n          {\n            \"value\": \"<Error: Too many levels of nesting to fake this schema>\"\n          },\n          {\n            \"value\": \"<Error: Too many levels of nesting to fake this schema>\"\n          }\n        ],\n        \"BillStatus\": {},\n        \"PmtDt\": \"1946-02-13\"\n      },\n      \"LastPmt\": {\n        \"PmtCompositeAmt\": [\n          {\n            \"value\": \"<Error: Too many levels of nesting to fake this schema>\"\n          },\n          {\n            \"value\": \"<Error: Too many levels of nesting to fake this schema>\"\n          }\n        ],\n        \"PmtDt\": \"1996-12-30\",\n        \"InterestPaidToDt\": \"1948-02-18\",\n        \"PrincipalPaidToDt\": \"5329-75-52\"\n      },\n      \"PmtTermReview\": [\n        {\n          \"MinPmtChange\": -6882520.446907312,\n          \"MaxPmtChange\": -91222682.10666138,\n          \"PmtTermRecurType\": \"Monthly\",\n          \"RecurInterval\": 52806503,\n          \"LeadDays\": -63797733,\n          \"NextPmtTermReviewDt\": \"1952-08-03\"\n        },\n        {\n          \"MinPmtChange\": -13741335.732509226,\n          \"MaxPmtChange\": 23208898.346361056,\n          \"PmtTermRecurType\": \"PrincipalBal\",\n          \"RecurInterval\": 65766850,\n          \"LeadDays\": -18848350,\n          \"NextPmtTermReviewDt\": \"2011-07-22\"\n        }\n      ],\n      \"ChargeOffInd\": true,\n      \"ChargeOffCode\": \"laborum \",\n      \"NonAccrualInd\": true,\n      \"NonAccrualCode\": \"velit\",\n      \"NonAccrualCodeEnumDesc\": \"amet tempor deserunt\",\n      \"WriteDownCode\": \"in dolor\",\n      \"PmtPostingRestrictions\": {\n        \"RestrictionReasonCode\": \"pariatur ipsum\",\n        \"RestrictionOvrdInd\": false\n      },\n      \"AdvPostingRestrictions\": {\n        \"RestrictionOvrdInd\": true,\n        \"RestrictionReasonCode\": \"qui reprehenderit elit tempor\",\n        \"RestrictionPastDueDays\": 57655718\n      },\n      \"EscrowCtrlData\": {\n        \"RecurRule\": {\n          \"RecurType\": {\n            \"value\": \"<Error: Too many levels of nesting to fake this schema>\"\n          },\n          \"RecurInterval\": {\n            \"value\": \"<Error: Too many levels of nesting to fake this schema>\"\n          },\n          \"LeadDays\": {\n            \"value\": \"<Error: Too many levels of nesting to fake this schema>\"\n          }\n        },\n        \"NextAnalysisDt\": \"2016-08-26\",\n        \"EscrowMinShortageAmt\": {\n          \"Amt\": {\n            \"value\": \"<Error: Too many levels of nesting to fake this schema>\"\n          },\n          \"CurCode\": {\n            \"value\": \"<Error: Too many levels of nesting to fake this schema>\"\n          }\n        }\n      },\n      \"Dealer\": [\n        {\n          \"DealerIdent\": \"nostrud\",\n          \"DealerReserveType\": \"fugiat est\",\n          \"DealerReserveTypeEnumDesc\": \"commodo nulla\",\n          \"DealerReserveRate\": 16945174.07428205,\n          \"DealerReserveAmt\": {\n            \"value\": \"<Error: Too many levels of nesting to fake this schema>\"\n          }\n        },\n        {\n          \"DealerIdent\": \"do\",\n          \"DealerReserveType\": \"quis consectetur\",\n          \"DealerReserveTypeEnumDesc\": \"in ex\",\n          \"DealerReserveRate\": 28245183.939261407,\n          \"DealerReserveAmt\": {\n            \"value\": \"<Error: Too many levels of nesting to fake this schema>\"\n          }\n        }\n      ],\n      \"LOCAdvance\": {\n        \"WaiveAdvanceFeeInd\": false\n      },\n      \"FDICClassificationEntity\": \"aute cillum sit\",\n      \"FDICCode\": \"c\",\n      \"FDICAmount\": [\n        {\n          \"FDICAmountType\": \"Doubtful\",\n          \"Amount\": 3197072.875516847\n        },\n        {\n          \"FDICAmountType\": \"Loss\",\n          \"Amount\": 41077319.54228705\n        }\n      ],\n      \"IncYearEndReportCode\": \"1098NoticeOnly\",\n      \"PmtHistProfileCode\": \"ZeroBalance\",\n      \"PmtHistProfileCodeEnumDesc\": \"fugiat\",\n      \"PastDueDays\": -72429766,\n      \"PastDueProfileData\": [\n        {\n          \"PastDueType\": \"PastDue60-89\",\n          \"TimesPastDueNum\": 6404480\n        },\n        {\n          \"PastDueType\": \"PastDue1-29\",\n          \"TimesPastDueNum\": 94396002\n        }\n      ],\n      \"RecourseCode\": \"voluptate incididunt\",\n      \"HomeMortgageDisclosure\": {\n        \"MortgageType\": \"HomeImprovementFamily1_4\",\n        \"PropertyType\": \"quis Lorem\",\n        \"ImprovementCode\": \"occaecat officia Duis dolor\",\n        \"FHLBPledgeType\": \"do\",\n        \"HAMPData\": {\n          \"HAMPOption\": {\n            \"value\": \"<Error: Too many levels of nesting to fake this schema>\"\n          },\n          \"HAMPServicer\": {\n            \"value\": \"<Error: Too many levels of nesting to fake this schema>\"\n          },\n          \"ForbearanceAmt\": {\n            \"value\": \"<Error: Too many levels of nesting to fake this schema>\"\n          }\n        },\n        \"FHACaseNumber\": \"cu\",\n        \"FHAADPCode\": \"cupidatat id\",\n        \"MortgageReportingData\": [\n          {\n            \"value\": \"<Error: Too many levels of nesting to fake this schema>\"\n          },\n          {\n            \"value\": \"<Error: Too many levels of nesting to fake this schema>\"\n          }\n        ],\n        \"FHAAcknowledgedDt\": \"1944-09-18\",\n        \"CRAData\": {\n          \"CRAReportingInd\": {\n            \"value\": \"<Error: Too many levels of nesting to fake this schema>\"\n          },\n          \"CRALoanType\": {\n            \"value\": \"<Error: Too many levels of nesting to fake this schema>\"\n          },\n          \"CRARevenueCode\": {\n            \"value\": \"<Error: Too many levels of nesting to fake this schema>\"\n          },\n          \"CRANewFunds\": {\n            \"value\": \"<Error: Too many levels of nesting to fake this schema>\"\n          }\n        }\n      },\n      \"StudentLoanData\": {\n        \"StudentTypeCode\": \"mollit laborum sit cillum\",\n        \"StudentTypeCodeEnumDesc\": \"Ut ullamco\",\n        \"StudentLoanStatus\": \"exercitation labor\",\n        \"StudentLoanStatusEnumDesc\": \"Ut\",\n        \"StudentActionCode\": \"sed labore commodo magna aliqua\",\n        \"StudentActionCodeEnumDesc\": \"pariatur incididunt in est\",\n        \"OvrdRate\": 96291991.67183429\n      },\n      \"SBAData\": {\n        \"District\": \"min\",\n        \"SBAStatus\": \"PaidInFull\",\n        \"GPNumber\": 62730130\n      }\n    }\n  },\n  \"Status\": {\n    \"Severity\": \"Info\",\n    \"StatusCode\": \"aute elit conse\",\n    \"StatusDesc\": \"ex et\",\n    \"SvcProviderName\": \"adipisicing deserunt sed\",\n    \"Id\": \"adipisicing dolor aute elit\",\n    \"ServerStatusCode\": \"velit elit\",\n    \"ServerStatusDesc\": \"ex ut sunt\",\n    \"OvrdExceptionInd\": true,\n    \"SubjectRole\": \"amet exercitation ad\",\n    \"SubjectElement\": [\n      {\n        \"Path\": \"sint laborum veni\",\n        \"ServerPath\": \"aliquip aliqua minim\",\n        \"Value\": \"culpa aliquip sit dolore\"\n      },\n      {\n        \"Path\": \"ullamco id nostrud elit\",\n        \"ServerPath\": \"Duis dolor dolore magna\",\n        \"Value\": \"id veniam aliqua ea\"\n      }\n    ],\n    \"ContentHTML\": \"exercitation elit occaecat\",\n    \"AdditionalStatus\": [\n      {\n        \"StatusCode\": \"ea ut ad\",\n        \"StatusDesc\": \"in laborum occaecat consectetur\",\n        \"Severity\": \"Error\",\n        \"SvcProviderName\": \"non fugiat sunt\",\n        \"ServerStatusCode\": \"s\",\n        \"ServerStatusDesc\": \"fugiat\",\n        \"OvrdExceptionInd\": true,\n        \"SubjectElement\": [\n          {\n            \"Path\": {\n              \"value\": \"<Error: Too many levels of nesting to fake this schema>\"\n            },\n            \"ServerPath\": {\n              \"value\": \"<Error: Too many levels of nesting to fake this schema>\"\n            },\n            \"Value\": {\n              \"value\": \"<Error: Too many levels of nesting to fake this schema>\"\n            }\n          },\n          {\n            \"Path\": {\n              \"value\": \"<Error: Too many levels of nesting to fake this schema>\"\n            },\n            \"ServerPath\": {\n              \"value\": \"<Error: Too many levels of nesting to fake this schema>\"\n            },\n            \"Value\": {\n              \"value\": \"<Error: Too many levels of nesting to fake this schema>\"\n            }\n          }\n        ]\n      },\n      {\n        \"StatusCode\": \"a\",\n        \"StatusDesc\": \"aliquip occaecat proident\",\n        \"Severity\": \"Error\",\n        \"SvcProviderName\": \"est exercitation ex laboris\",\n        \"ServerStatusCode\": \"sunt\",\n        \"ServerStatusDesc\": \"amet elit sed ea\",\n        \"OvrdExceptionInd\": true,\n        \"SubjectElement\": [\n          {\n            \"Path\": {\n              \"value\": \"<Error: Too many levels of nesting to fake this schema>\"\n            },\n            \"ServerPath\": {\n              \"value\": \"<Error: Too many levels of nesting to fake this schema>\"\n            },\n            \"Value\": {\n              \"value\": \"<Error: Too many levels of nesting to fake this schema>\"\n            }\n          },\n          {\n            \"Path\": {\n              \"value\": \"<Error: Too many levels of nesting to fake this schema>\"\n            },\n            \"ServerPath\": {\n              \"value\": \"<Error: Too many levels of nesting to fake this schema>\"\n            },\n            \"Value\": {\n              \"value\": \"<Error: Too many levels of nesting to fake this schema>\"\n            }\n          }\n        ]\n      }\n    ]\n  }\n}","cookie":[],"_postman_previewlanguage":"json"}],"event":[],"protocolProfileBehavior":{"disableBodyPruning":true}}],"event":[]}],"event":[],"variable":[{"type":"string","value":"/","key":"baseUrl"}],"info":{"_postman_id":"ed3ae0f5-6b82-4439-ba15-c956fb6ea9b9","name":"Account Service","schema":"https://schema.getpostman.com/json/collection/v2.1.0/collection.json","description":{"content":"The account service helps to create and manage product accounts serviced by the financial institutions. It is also used to retrieve information about the existing accounts and maintain information of new accounts.","type":"text/plain"}}}