{"item":[{"id":"0a759973-1bf8-4ea3-8e76-70e81be3f92d","name":"Get Accounts","description":{"content":"","type":"text/plain"},"item":[{"id":"1a9a10f0-210e-4f95-8f50-7b7f50e37d08","name":"Get Accounts.","request":{"name":"Get Accounts.","description":{"content":"Get Account service retrieves the various details of Demand Deposit Account (DDA).<br>\n   For Premier, this service recovers the information on balances, open dates and the postal address associated with the account.<br>\n  This service is supported by the Multi-System Service.<br>\n        For more information about the Accounts domain, <a href=\"../docs/?path=docs/fintechs/accounts.md\" title=\"Click to open\">click here.</a><br><br>\n        <b>Relates to:</b>\n          <ul> \n            <li><a href=\"../docs/?path=docs/banks-and-CU/deposits.md\" title=\"Click to open\">Deposits</a></li>\n            <li><a href=\"../docs/?path=docs/banks-and-CU/loans.md\" title=\"Click to open\">Loans</a></li>\n            <li><a href=\"../docs/?path=docs/banks-and-CU/bank-servicing.md\" title=\"Click to open\">Bank Servicing</a></li>\n            <li><a href=\"../docs/?path=docs/banks-and-CU/cash-mgt.md\" title=\"Click to open\">Cash Management</a></li>\n            <li><a href=\"../docs/?path=docs/banks-and-CU/treasury-services.md\" title=\"Click to open\">Treasury Services</a></li>\n            <li><a href=\"../docs/?path=docs/banks-and-CU/riskMgt.md\" title=\"Click to open\">Risk and Performance Management</a></li>\n          </ul>","type":"text/plain"},"url":{"path":["acctservice","acctmgmt","accounts","secured"],"host":["{{baseUrl}}"],"query":[],"variable":[]},"header":[{"disabled":false,"description":"(Required) EFX Header is a common and required component for all API calls, it contains client-related parameters. Please note that the header parameters should be sent as a JSON object under the EFXHeader parameter. To view the list of header parameters, <a href=\"../docs?path=docs/api-ref-EFX-header.md\" title=\"Click to open\"> click here.</a>","key":"EFXHeader","value":"OrganizationId,enim in,TrnId,sint enim do,VendorId,aliqua Excepteur deserunt et,Context,[object Object]"},{"key":"Content-Type","value":"application/json"},{"key":"Accept","value":"application/json"}],"method":"POST","auth":null,"body":{"mode":"raw","raw":"{\n  \"AcctSel\": {\n    \"AcctKeys\": {\n      \"AcctId\": \"labore labori\",\n      \"AcctType\": \"DDA\"\n    }\n  }\n}","options":{"raw":{"language":"json"}}}},"response":[{"id":"46e2ad5b-31a5-42bc-ad19-52972d72f495","name":"Success","originalRequest":{"url":{"path":["acctservice","acctmgmt","accounts","secured"],"host":["{{baseUrl}}"],"query":[],"variable":[]},"header":[{"disabled":false,"description":"(Required) EFX Header is a common and required component for all API calls, it contains client-related parameters. Please note that the header parameters should be sent as a JSON object under the EFXHeader parameter. To view the list of header parameters, <a href=\"../docs?path=docs/api-ref-EFX-header.md\" title=\"Click to open\"> click here.</a>","key":"EFXHeader","value":"OrganizationId,<string>,TrnId,<string>,VendorId,<string>,Context,[object Object]"}],"method":"POST","body":{"mode":"raw","raw":"{\n  \"AcctSel\": {\n    \"AcctKeys\": {\n      \"AcctId\": \"labore labori\",\n      \"AcctType\": \"DDA\"\n    }\n  }\n}","options":{"raw":{"language":"json"}}}},"status":"OK","code":200,"header":[{"key":"Content-Type","value":"application/json"}],"body":"{\n  \"AcctRec\": {\n    \"AcctKeys\": {\n      \"AcctId\": \"et veniam sunt\",\n      \"AcctType\": \"DDA\"\n    },\n    \"AcctStatus\": {\n      \"AcctStatusCode\": \"Valid\",\n      \"EffDt\": \"8219-59-91T15:53:31.505+33:00\"\n    },\n    \"DepositAcctInfo\": {\n      \"AcctDtlStatus\": \"Dormant\",\n      \"AcctDtlStatusEnumDesc\": \"Excepteur Duis\",\n      \"AcctDtlStatusDt\": \"2008-05-12\",\n      \"AcctPref\": {\n        \"Language\": \"UsePortfolio\"\n      },\n      \"AcctIdent\": [\n        {\n          \"AcctIdentType\": \"PORT\",\n          \"AcctIdentValue\": \"consectetur ut pariatur\"\n        },\n        {\n          \"AcctIdentType\": \"PORT\",\n          \"AcctIdentValue\": \"nisi adipisicing laborum\"\n        }\n      ],\n      \"ProductIdent\": \"dolore minim ad quis\",\n      \"Desc\": \"aliquip commodo irure do\",\n      \"TaxIncentiveType\": \"HSAFamily\",\n      \"TaxIncentiveTypeEnumDesc\": \"fugiat amet exercitation non incididunt\",\n      \"InitialAmount\": {\n        \"Amt\": 89179407.85351387,\n        \"CurCode\": {\n          \"CurCodeValue\": {\n            \"value\": \"<Error: Too many levels of nesting to fake this schema>\"\n          },\n          \"CurCodeType\": {\n            \"value\": \"<Error: Too many levels of nesting to fake this schema>\"\n          }\n        }\n      },\n      \"OpenDt\": \"2021-09-29\",\n      \"ClosedDt\": \"1962-01-20\",\n      \"LastContactDt\": \"4192-77-21\",\n      \"DateData\": [\n        {\n          \"DateType\": \"LastTrn\",\n          \"DateValue\": \"1818-91-98\"\n        },\n        {\n          \"DateType\": \"LastHold\",\n          \"DateValue\": \"6438-65-10\"\n        }\n      ],\n      \"RelationshipMgr\": [\n        {\n          \"RelationshipMgrIdent\": \"sit deserunt mollit in\",\n          \"RelationshipMgrIdentEnumDesc\": \"occaecat in esse ex\",\n          \"RelationshipRole\": \"SecondOfficer\"\n        },\n        {\n          \"RelationshipMgrIdent\": \"veniam\",\n          \"RelationshipMgrIdentEnumDesc\": \"laboris consequat magna\",\n          \"RelationshipRole\": \"ReferralOfficer\"\n        }\n      ],\n      \"OriginatingBranch\": \"sit adipisicing\",\n      \"OriginatingBranchEnumDesc\": \"officia cillum nulla esse\",\n      \"ResponsibleBranch\": \"ipsum in nulla\",\n      \"ResponsibleBranchEnumDesc\": \"elit do in\",\n      \"NicknameOption\": \"NotPrinted\",\n      \"Nickname\": \"proident\",\n      \"AcctTitleOption\": \"laborum aliquip\",\n      \"AcctTitle\": \"dolore fugiat incididunt dolor\",\n      \"HandlingCodeOption\": \"UsePortfolio\",\n      \"HandlingCode\": \"exercitation dolor esse\",\n      \"OEDCode\": \"ipsum sed labore\",\n      \"OEDCodeEnumDesc\": \"proident voluptate eiusm\",\n      \"AccountingMethod\": \"CostCenter\",\n      \"AccountingValue\": \"mollit do \",\n      \"ClassCode\": \"deserunt officia minim\",\n      \"AcctTypeCode\": \"elit Duis non adipisicing\",\n      \"AcctOpenMethod\": \"InPerson\",\n      \"ClientDefinedData\": [\n        {\n          \"DataIdent\": \"ut ipsum minim\",\n          \"DataType\": \"Numeric\",\n          \"Value\": \"proident est\",\n          \"DataLength\": 64798369,\n          \"ExpDt\": \"1989-04-30\",\n          \"Desc\": \"dolor consectetur\",\n          \"RequiredFlag\": false\n        },\n        {\n          \"DataIdent\": \"id cillum qui\",\n          \"DataType\": \"Date\",\n          \"Value\": \"reprehenderit consectetur in\",\n          \"DataLength\": 28037365,\n          \"ExpDt\": \"2008-01-06\",\n          \"Desc\": \"do laboris ea Ut\",\n          \"RequiredFlag\": false\n        }\n      ],\n      \"AcctStmtData\": {\n        \"StmtTimeFrame\": [\n          {\n            \"value\": \"<Error: Too many levels of nesting to fake this schema>\"\n          },\n          {\n            \"value\": \"<Error: Too many levels of nesting to fake this schema>\"\n          }\n        ],\n        \"LastStmtDt\": \"2009-01-27\",\n        \"CombinedStmtIdent\": \"irure proide\",\n        \"CombinedStmtCode\": \"Primary\",\n        \"SpecialStmtCode\": \"DropTransactions\",\n        \"StmtFormat\": \"laboris\",\n        \"StmtTruncationOption\": \"Ut\",\n        \"StmtGroup\": \"cupidatat ullamco sint proident\"\n      },\n      \"NoticeData\": [\n        {\n          \"NoticeType\": \"ACHNotice\",\n          \"NoticeOption\": \"de\"\n        },\n        {\n          \"NoticeType\": \"RegularNotice\",\n          \"NoticeOption\": \"enim aliquip dolor\"\n        }\n      ],\n      \"ProdIntRateId\": \"Lorem qui pariatur\",\n      \"ProdIntRateIdEnumDesc\": \"dolor commodo exercitation non\",\n      \"Rate\": -12599220.72566688,\n      \"IntRateData\": {\n        \"RateMatrixTier\": [\n          {\n            \"value\": \"<Error: Too many levels of nesting to fake this schema>\"\n          },\n          {\n            \"value\": \"<Error: Too many levels of nesting to fake this schema>\"\n          }\n        ],\n        \"AccrualMethod\": \"Simple\",\n        \"AccrualOnBalance\": \"None\",\n        \"EffDt\": \"1733-74-44T11:81:24.079\",\n        \"TierType\": \"reprehenderit nulla anim enim tempor\",\n        \"TierAmtType\": \"Avail\",\n        \"BalCutOffData\": {\n          \"BalCutOffType\": {\n            \"value\": \"<Error: Too many levels of nesting to fake this schema>\"\n          },\n          \"BalCutOffAmt\": {\n            \"value\": \"<Error: Too many levels of nesting to fake this schema>\"\n          }\n        }\n      },\n      \"RateChangeData\": [\n        {\n          \"VarianceFactorType\": \"Factor\",\n          \"RateFactor\": -50168350.12237615,\n          \"RateVariance\": -7699913.08446829,\n          \"PendingRate\": [\n            {\n              \"value\": \"<Error: Too many levels of nesting to fake this schema>\"\n            },\n            {\n              \"value\": \"<Error: Too many levels of nesting to fake this schema>\"\n            }\n          ]\n        },\n        {\n          \"VarianceFactorType\": \"Variance\",\n          \"RateFactor\": -70114940.73939191,\n          \"RateVariance\": -4198805.279994205,\n          \"PendingRate\": [\n            {\n              \"value\": \"<Error: Too many levels of nesting to fake this schema>\"\n            },\n            {\n              \"value\": \"<Error: Too many levels of nesting to fake this schema>\"\n            }\n          ]\n        }\n      ],\n      \"AcctBal\": [\n        {\n          \"BalType\": \"OpeningOutstanding\",\n          \"CurAmt\": {\n            \"value\": \"<Error: Too many levels of nesting to fake this schema>\"\n          }\n        },\n        {\n          \"BalType\": \"Closing\",\n          \"CurAmt\": {\n            \"value\": \"<Error: Too many levels of nesting to fake this schema>\"\n          }\n        }\n      ],\n      \"AcctPeriodData\": [\n        {\n          \"AcctAmtType\": \"PostedTotal\",\n          \"AcctPeriodType\": \"PriorDay\",\n          \"LastOccurInd\": true,\n          \"Amt\": -24610834.363775954,\n          \"Count\": -57408799,\n          \"Rate\": 67996609.53125954,\n          \"LastOccuranceDt\": \"9346-51-12\"\n        },\n        {\n          \"AcctAmtType\": \"OtherMiscFee\",\n          \"AcctPeriodType\": \"PriorCycle\",\n          \"LastOccurInd\": true,\n          \"Amt\": 46487444.96515253,\n          \"Count\": -77584455,\n          \"Rate\": 40161476.90745261,\n          \"LastOccuranceDt\": \"2728-78-24\"\n        }\n      ],\n      \"TranCounter\": [\n        {\n          \"TranCounterType\": \"TranLastCurrStmt\",\n          \"Count\": -72316604\n        },\n        {\n          \"TranCounterType\": \"TranLastCurrStmt\",\n          \"Count\": 8622832\n        }\n      ],\n      \"PostAddr\": [\n        {\n          \"AddrType\": \"Primary\",\n          \"NameIdent\": [\n            {\n              \"value\": \"<Error: Too many levels of nesting to fake this schema>\"\n            },\n            {\n              \"value\": \"<Error: Too many levels of nesting to fake this schema>\"\n            }\n          ],\n          \"AddressIdent\": \"commodo exercitation adipi\",\n          \"AddrUse\": \"Mailing\",\n          \"AddrFormatType\": \"Label\",\n          \"FullName1\": \"aliquip cillum\",\n          \"FullName2\": \"ad Except\",\n          \"FullName3\": \"dolor ut ex\",\n          \"Addr1\": \"proident sunt in deser\",\n          \"Addr2\": \"nulla a\",\n          \"City\": \"nisi est in tempo\",\n          \"StateProv\": \"in amet\",\n          \"PostalCode\": \"sint \",\n          \"CountryCode\": {\n            \"value\": \"<Error: Too many levels of nesting to fake this schema>\"\n          },\n          \"TimeFrame\": {\n            \"value\": \"<Error: Too many levels of nesting to fake this schema>\"\n          },\n          \"CensusTract\": \"\",\n          \"CensusBlock\": \"labore aliqua\",\n          \"ForeignFlag\": false,\n          \"HandlingCode\": \"cupidatat\",\n          \"HandlingCodeOption\": \"StatementsChecks\",\n          \"MSACode\": -88394564\n        },\n        {\n          \"AddrType\": \"Seasonal\",\n          \"NameIdent\": [\n            {\n              \"value\": \"<Error: Too many levels of nesting to fake this schema>\"\n            },\n            {\n              \"value\": \"<Error: Too many levels of nesting to fake this schema>\"\n            }\n          ],\n          \"AddressIdent\": \"aliquip \",\n          \"AddrUse\": \"Inquiry\",\n          \"AddrFormatType\": \"Label\",\n          \"FullName1\": \"reprehenderit laborum\",\n          \"FullName2\": \"incididunt laboris in ipsum\",\n          \"FullName3\": \"officia consequat dolore velit tempor\",\n          \"Addr1\": \"Lorem voluptate \",\n          \"Addr2\": \"Excepteur laboris laborum\",\n          \"City\": \"proident Excepteur\",\n          \"StateProv\": \"ad tempor quis\",\n          \"PostalCode\": \"e\",\n          \"CountryCode\": {\n            \"value\": \"<Error: Too many levels of nesting to fake this schema>\"\n          },\n          \"TimeFrame\": {\n            \"value\": \"<Error: Too many levels of nesting to fake this schema>\"\n          },\n          \"CensusTract\": \"Lore\",\n          \"CensusBlock\": \"sed\",\n          \"ForeignFlag\": true,\n          \"HandlingCode\": \"eiusmod Lorem ullamco\",\n          \"HandlingCodeOption\": \"DoNotPrint\",\n          \"MSACode\": -67989782\n        }\n      ],\n      \"TaxIdentType\": \"SSN\",\n      \"TaxIdent\": \"no\",\n      \"TaxExempt\": \"offi\",\n      \"WithholdingOption\": \"FederalTax\",\n      \"WithholdingOptionEnumDesc\": \"Lorem\",\n      \"WithholdingData\": {\n        \"WithholdingType\": \"StateTax\",\n        \"WithholdingPercent\": 43965930.14423314\n      },\n      \"IntReportingInd\": true,\n      \"Fee\": [\n        {\n          \"FeeType\": \"DormantFee\",\n          \"FeeIdent\": \"elit in Excep\",\n          \"FeePlan\": \"et in voluptate ut\",\n          \"Desc\": \"dolore non\",\n          \"FeeOption\": \"Analysis\",\n          \"CurAmt\": {\n            \"value\": \"<Error: Too many levels of nesting to fake this schema>\"\n          },\n          \"TimeFrame\": {\n            \"value\": \"<Error: Too many levels of nesting to fake this schema>\"\n          },\n          \"FeeWaiver\": {\n            \"value\": \"<Error: Too many levels of nesting to fake this schema>\"\n          }\n        },\n        {\n          \"FeeType\": \"Other\",\n          \"FeeIdent\": \"con\",\n          \"FeePlan\": \"tempor nisi do veniam\",\n          \"Desc\": \"minim\",\n          \"FeeOption\": \"Waive\",\n          \"CurAmt\": {\n            \"value\": \"<Error: Too many levels of nesting to fake this schema>\"\n          },\n          \"TimeFrame\": {\n            \"value\": \"<Error: Too many levels of nesting to fake this schema>\"\n          },\n          \"FeeWaiver\": {\n            \"value\": \"<Error: Too many levels of nesting to fake this schema>\"\n          }\n        }\n      ],\n      \"CreditRisk\": [\n        {\n          \"RiskCategory\": \"RiskScore1\",\n          \"InternalScore\": \"tempor amet esse minim\"\n        },\n        {\n          \"RiskCategory\": \"RiskScore2\",\n          \"InternalScore\": \"commodo cupidatat mollit\"\n        }\n      ],\n      \"RiskRanking\": \"nostrud i\",\n      \"TrnRestriction\": \"officia deserunt\",\n      \"TrnRestrictionOvrd\": \"elit non deserunt aliquip consequat\",\n      \"MemoPostProcessOptOvrd\": \"Summary\",\n      \"ElectronicBankingOpt\": \"InquiryOnly\",\n      \"ReportGroupCode\": \"aute Lorem exercitation in\",\n      \"DocDistributionOption\": \"eiusmod\",\n      \"DocDistributionOptionEnumDesc\": \"ut dolor\",\n      \"NAICS\": \"do la\",\n      \"CostCenter\": \"commodo sed in\",\n      \"RetentionOption\": \"None\",\n      \"RestrictedInd\": false,\n      \"RestrictedDesc\": \"aute \",\n      \"AcctMemoData\": [\n        {\n          \"AcctMemoIdent\": \"qui\",\n          \"AcctMemoType\": \"Warning\",\n          \"AcctMemoText\": \"laboris nulla\"\n        },\n        {\n          \"AcctMemoIdent\": \"nis\",\n          \"AcctMemoType\": \"Warning\",\n          \"AcctMemoText\": \"ullamco est Ut proident esse\"\n        }\n      ],\n      \"IntDispData\": {\n        \"IntDisposition\": \"TransferToAcct\",\n        \"IntDistAcctRef\": {\n          \"AcctKeys\": {\n            \"value\": \"<Error: Too many levels of nesting to fake this schema>\"\n          }\n        },\n        \"IntPmtFrequency\": [\n          {\n            \"value\": \"<Error: Too many levels of nesting to fake this schema>\"\n          },\n          {\n            \"value\": \"<Error: Too many levels of nesting to fake this schema>\"\n          }\n        ]\n      },\n      \"OverdraftData\": {\n        \"OverdraftEnrollOpt\": \"InstutionOptOut\",\n        \"OverdraftAutoTrnInd\": false,\n        \"OverdraftLimitPriority\": \"PriorXfer\",\n        \"OverdraftLimitAmt\": {\n          \"Amt\": {\n            \"value\": \"<Error: Too many levels of nesting to fake this schema>\"\n          }\n        },\n        \"OverdraftReviewDt\": \"1950-12-19\",\n        \"OverdraftRatingCode\": \"elit\",\n        \"OverdraftTypeCode\": \"laboris eiusmod\",\n        \"OverdraftNotificationOpt\": \"GenerateException\",\n        \"ContactType\": \"sed Ut\",\n        \"AtmPosOverdraft\": {\n          \"AuthLimitOption\": {\n            \"value\": \"<Error: Too many levels of nesting to fake this schema>\"\n          },\n          \"AuthLimitOptionEnumDesc\": {\n            \"value\": \"<Error: Too many levels of nesting to fake this schema>\"\n          },\n          \"OptInOutDt\": {\n            \"value\": \"<Error: Too many levels of nesting to fake this schema>\"\n          },\n          \"AuthLimitAmt\": {\n            \"value\": \"<Error: Too many levels of nesting to fake this schema>\"\n          },\n          \"NoticeOption\": {\n            \"value\": \"<Error: Too many levels of nesting to fake this schema>\"\n          }\n        }\n      },\n      \"FloatData\": [\n        {\n          \"FloatType\": \"RegCC\",\n          \"FloatDetails\": [\n            {\n              \"value\": \"<Error: Too many levels of nesting to fake this schema>\"\n            },\n            {\n              \"value\": \"<Error: Too many levels of nesting to fake this schema>\"\n            }\n          ]\n        },\n        {\n          \"FloatType\": \"RegCC\",\n          \"FloatDetails\": [\n            {\n              \"value\": \"<Error: Too many levels of nesting to fake this schema>\"\n            },\n            {\n              \"value\": \"<Error: Too many levels of nesting to fake this schema>\"\n            }\n          ]\n        }\n      ],\n      \"SvcChgData\": {\n        \"SvcChgMethod\": [\n          {\n            \"value\": \"<Error: Too many levels of nesting to fake this schema>\"\n          },\n          {\n            \"value\": \"<Error: Too many levels of nesting to fake this schema>\"\n          }\n        ],\n        \"CreditBackMethod\": \"commodo tempor sit sed\",\n        \"CreditBackAcct\": [\n          {\n            \"value\": \"<Error: Too many levels of nesting to fake this schema>\"\n          },\n          {\n            \"value\": \"<Error: Too many levels of nesting to fake this schema>\"\n          }\n        ],\n        \"CreditBackGroupIdent\": \"1\",\n        \"SvcChgFlatFee\": [\n          {\n            \"value\": \"<Error: Too many levels of nesting to fake this schema>\"\n          },\n          {\n            \"value\": \"<Error: Too many levels of nesting to fake this schema>\"\n          }\n        ],\n        \"SvcChgAcctRef\": {\n          \"AcctKeys\": {\n            \"value\": \"<Error: Too many levels of nesting to fake this schema>\"\n          }\n        },\n        \"SvcChgWaiveCode\": 6370388,\n        \"SvcChgWaiveTaxInd\": false,\n        \"LastSvcChgDt\": \"1984-01-07\",\n        \"SvcChgTimeFrame\": [\n          {\n            \"value\": \"<Error: Too many levels of nesting to fake this schema>\"\n          },\n          {\n            \"value\": \"<Error: Too many levels of nesting to fake this schema>\"\n          }\n        ]\n      },\n      \"CommercialAnalysisData\": {\n        \"AnalysisCode\": \"voluptate aliquip sit veniam laborum\",\n        \"AnalysisGroup\": -2967782,\n        \"AnalysisChargeAcct\": {\n          \"AcctKeys\": {\n            \"value\": \"<Error: Too many levels of nesting to fake this schema>\"\n          }\n        }\n      },\n      \"EscheatDt\": \"1993-03-31\",\n      \"RegCCData\": {\n        \"RegCCStatus\": \"NewAccount\",\n        \"RegCCStatusDt\": \"1951-01-31\",\n        \"RegCCException\": \"anim Duis\",\n        \"RegCCExceptionExpDt\": \"1978-05-10\",\n        \"RegCC_NSF\": [\n          {\n            \"value\": \"<Error: Too many levels of nesting to fake this schema>\"\n          },\n          {\n            \"value\": \"<Error: Too many levels of nesting to fake this schema>\"\n          }\n        ]\n      },\n      \"CollateralPledgeCode\": \"ut in exercitation do\",\n      \"EIM_NSFInstruction\": \"Post\",\n      \"AutoNSFDecision\": \"laboris\",\n      \"NSFEntry\": [\n        {\n          \"NSFIdent\": \"qui in dolor\",\n          \"NSFDt\": \"1991-10-14\",\n          \"Count\": 9156515\n        },\n        {\n          \"NSFIdent\": \"eiusmod in laboris\",\n          \"NSFDt\": \"1994-11-13\",\n          \"Count\": -96493750\n        }\n      ],\n      \"HoldInd\": false,\n      \"StopInd\": true\n    }\n  },\n  \"Status\": {\n    \"Severity\": \"Info\",\n    \"StatusCode\": \"Excep\",\n    \"StatusDesc\": \"irure nisi\",\n    \"SvcProviderName\": \"esse\",\n    \"Id\": \"eu cupidatat in est\",\n    \"ServerStatusCode\": \"elit dolo\",\n    \"ServerStatusDesc\": \"dolor incididunt\",\n    \"OvrdExceptionInd\": false,\n    \"SubjectRole\": \"ex deser\",\n    \"SubjectElement\": [\n      {\n        \"Path\": \"Lorem ex\",\n        \"ServerPath\": \"ad\",\n        \"Value\": \"occaecat qui labore dolore\"\n      },\n      {\n        \"Path\": \"nostrud enim\",\n        \"ServerPath\": \"veniam sint aliquip\",\n        \"Value\": \"nulla laboris non nisi\"\n      }\n    ],\n    \"ContentHTML\": \"esse commodo fugiat ex\",\n    \"AdditionalStatus\": [\n      {\n        \"StatusCode\": \"mollit c\",\n        \"StatusDesc\": \"eiusmod\",\n        \"Severity\": \"Error\",\n        \"SvcProviderName\": \"dolor consequat\",\n        \"ServerStatusCode\": \"proi\",\n        \"ServerStatusDesc\": \"ad Ut velit\",\n        \"OvrdExceptionInd\": true,\n        \"SubjectElement\": [\n          {\n            \"Path\": {\n              \"value\": \"<Error: Too many levels of nesting to fake this schema>\"\n            },\n            \"ServerPath\": {\n              \"value\": \"<Error: Too many levels of nesting to fake this schema>\"\n            },\n            \"Value\": {\n              \"value\": \"<Error: Too many levels of nesting to fake this schema>\"\n            }\n          },\n          {\n            \"Path\": {\n              \"value\": \"<Error: Too many levels of nesting to fake this schema>\"\n            },\n            \"ServerPath\": {\n              \"value\": \"<Error: Too many levels of nesting to fake this schema>\"\n            },\n            \"Value\": {\n              \"value\": \"<Error: Too many levels of nesting to fake this schema>\"\n            }\n          }\n        ]\n      },\n      {\n        \"StatusCode\": \"ex proident\",\n        \"StatusDesc\": \"ipsum exercitation velit\",\n        \"Severity\": \"Error\",\n        \"SvcProviderName\": \"ea sit non\",\n        \"ServerStatusCode\": \"n\",\n        \"ServerStatusDesc\": \"sunt min\",\n        \"OvrdExceptionInd\": false,\n        \"SubjectElement\": [\n          {\n            \"Path\": {\n              \"value\": \"<Error: Too many levels of nesting to fake this schema>\"\n            },\n            \"ServerPath\": {\n              \"value\": \"<Error: Too many levels of nesting to fake this schema>\"\n            },\n            \"Value\": {\n              \"value\": \"<Error: Too many levels of nesting to fake this schema>\"\n            }\n          },\n          {\n            \"Path\": {\n              \"value\": \"<Error: Too many levels of nesting to fake this schema>\"\n            },\n            \"ServerPath\": {\n              \"value\": \"<Error: Too many levels of nesting to fake this schema>\"\n            },\n            \"Value\": {\n              \"value\": \"<Error: Too many levels of nesting to fake this schema>\"\n            }\n          }\n        ]\n      }\n    ]\n  }\n}","cookie":[],"_postman_previewlanguage":"json"},{"id":"dd649057-bd22-4d25-9e23-06cc63583fc8","name":"To view the complete list of response codes, <a href=\"../docs/?path=docs/response-codes.md\" title=\"Click to open\">click here.</a>","originalRequest":{"url":{"path":["acctservice","acctmgmt","accounts","secured"],"host":["{{baseUrl}}"],"query":[],"variable":[]},"header":[{"disabled":false,"description":"(Required) EFX Header is a common and required component for all API calls, it contains client-related parameters. Please note that the header parameters should be sent as a JSON object under the EFXHeader parameter. To view the list of header parameters, <a href=\"../docs?path=docs/api-ref-EFX-header.md\" title=\"Click to open\"> click here.</a>","key":"EFXHeader","value":"OrganizationId,<string>,TrnId,<string>,VendorId,<string>,Context,[object Object]"}],"method":"POST","body":{"mode":"raw","raw":"{\n  \"AcctSel\": {\n    \"AcctKeys\": {\n      \"AcctId\": \"labore labori\",\n      \"AcctType\": \"DDA\"\n    }\n  }\n}","options":{"raw":{"language":"json"}}}},"status":"Internal Server Error","code":500,"header":[{"key":"Content-Type","value":"application/json"}],"body":"{\n  \"AcctRec\": {\n    \"AcctKeys\": {\n      \"AcctId\": \"pariatur magna cupidatat\",\n      \"AcctType\": \"DDA\"\n    },\n    \"AcctStatus\": {\n      \"AcctStatusCode\": \"Valid\",\n      \"EffDt\": \"1523-40-79\"\n    },\n    \"DepositAcctInfo\": {\n      \"AcctDtlStatus\": \"ClientControlled\",\n      \"AcctDtlStatusEnumDesc\": \"laborum\",\n      \"AcctDtlStatusDt\": \"2009-01-31\",\n      \"AcctPref\": {\n        \"Language\": \"English\"\n      },\n      \"AcctIdent\": [\n        {\n          \"AcctIdentType\": \"PORT\",\n          \"AcctIdentValue\": \"exerci\"\n        },\n        {\n          \"AcctIdentType\": \"PORT\",\n          \"AcctIdentValue\": \"consectetur sunt esse\"\n        }\n      ],\n      \"ProductIdent\": \"consequat dolor velit ad elit\",\n      \"Desc\": \"adipisicing ipsum minim sed\",\n      \"TaxIncentiveType\": \"HSAFamily\",\n      \"TaxIncentiveTypeEnumDesc\": \"officia nulla non\",\n      \"InitialAmount\": {\n        \"Amt\": 21143293.748861015,\n        \"CurCode\": {\n          \"CurCodeValue\": {\n            \"value\": \"<Error: Too many levels of nesting to fake this schema>\"\n          },\n          \"CurCodeType\": {\n            \"value\": \"<Error: Too many levels of nesting to fake this schema>\"\n          }\n        }\n      },\n      \"OpenDt\": \"2019-01-17\",\n      \"ClosedDt\": \"2003-10-13\",\n      \"LastContactDt\": \"2382-99-20T51:62:36\",\n      \"DateData\": [\n        {\n          \"DateType\": \"OldestHold\",\n          \"DateValue\": \"2047-90-78T35:51:30+27:79\"\n        },\n        {\n          \"DateType\": \"LastPrc\",\n          \"DateValue\": \"7652-33-78\"\n        }\n      ],\n      \"RelationshipMgr\": [\n        {\n          \"RelationshipMgrIdent\": \"nostrud p\",\n          \"RelationshipMgrIdentEnumDesc\": \"Duis incididunt nulla\",\n          \"RelationshipRole\": \"Officer\"\n        },\n        {\n          \"RelationshipMgrIdent\": \"sit eu Ut\",\n          \"RelationshipMgrIdentEnumDesc\": \"dolor\",\n          \"RelationshipRole\": \"ReferralOfficer\"\n        }\n      ],\n      \"OriginatingBranch\": \"eu sunt\",\n      \"OriginatingBranchEnumDesc\": \"eiusmod in\",\n      \"ResponsibleBranch\": \"labore ei\",\n      \"ResponsibleBranchEnumDesc\": \"in elit Excepteur\",\n      \"NicknameOption\": \"NotPrinted\",\n      \"Nickname\": \"Excepteur aliqua\",\n      \"AcctTitleOption\": \"eiusmod exercitation et dolor ut\",\n      \"AcctTitle\": \"sed \",\n      \"HandlingCodeOption\": \"UsePortfolio\",\n      \"HandlingCode\": \"enim aute deserunt\",\n      \"OEDCode\": \"do sit\",\n      \"OEDCodeEnumDesc\": \"anim in\",\n      \"AccountingMethod\": \"Class\",\n      \"AccountingValue\": \"tempor\",\n      \"ClassCode\": \"incididunt dolor moll\",\n      \"AcctTypeCode\": \"mollit\",\n      \"AcctOpenMethod\": \"InPerson\",\n      \"ClientDefinedData\": [\n        {\n          \"DataIdent\": \"eiusmod enim repre\",\n          \"DataType\": \"Numeric\",\n          \"Value\": \"amet nulla id\",\n          \"DataLength\": -66348727,\n          \"ExpDt\": \"1945-04-18\",\n          \"Desc\": \"sed minim commodo irure\",\n          \"RequiredFlag\": false\n        },\n        {\n          \"DataIdent\": \"nulla dolor \",\n          \"DataType\": \"NumericSymbol\",\n          \"Value\": \"qui sint adipisicing ad\",\n          \"DataLength\": -96846543,\n          \"ExpDt\": \"2016-08-16\",\n          \"Desc\": \"Excepteur Ut\",\n          \"RequiredFlag\": false\n        }\n      ],\n      \"AcctStmtData\": {\n        \"StmtTimeFrame\": [\n          {\n            \"value\": \"<Error: Too many levels of nesting to fake this schema>\"\n          },\n          {\n            \"value\": \"<Error: Too many levels of nesting to fake this schema>\"\n          }\n        ],\n        \"LastStmtDt\": \"1948-12-13\",\n        \"CombinedStmtIdent\": \"exercitation d\",\n        \"CombinedStmtCode\": \"Primary\",\n        \"SpecialStmtCode\": \"None\",\n        \"StmtFormat\": \"consectetur sint ad\",\n        \"StmtTruncationOption\": \"ad\",\n        \"StmtGroup\": \"fugiat aute\"\n      },\n      \"NoticeData\": [\n        {\n          \"NoticeType\": \"ACHNotice\",\n          \"NoticeOption\": \"officia aliqua fugiat\"\n        },\n        {\n          \"NoticeType\": \"PayeeChanges\",\n          \"NoticeOption\": \"minim sunt Ut\"\n        }\n      ],\n      \"ProdIntRateId\": \"aute officia consequat\",\n      \"ProdIntRateIdEnumDesc\": \"minim\",\n      \"Rate\": 39980080.365516156,\n      \"IntRateData\": {\n        \"RateMatrixTier\": [\n          {\n            \"value\": \"<Error: Too many levels of nesting to fake this schema>\"\n          },\n          {\n            \"value\": \"<Error: Too many levels of nesting to fake this schema>\"\n          }\n        ],\n        \"AccrualMethod\": \"Daily\",\n        \"AccrualOnBalance\": \"MinAvail\",\n        \"EffDt\": \"9537-94-30\",\n        \"TierType\": \"cupidatat consectetur sed quis\",\n        \"TierAmtType\": \"MinLedger\",\n        \"BalCutOffData\": {\n          \"BalCutOffType\": {\n            \"value\": \"<Error: Too many levels of nesting to fake this schema>\"\n          },\n          \"BalCutOffAmt\": {\n            \"value\": \"<Error: Too many levels of nesting to fake this schema>\"\n          }\n        }\n      },\n      \"RateChangeData\": [\n        {\n          \"VarianceFactorType\": \"Variance\",\n          \"RateFactor\": -27719879.951111987,\n          \"RateVariance\": -62077036.23120526,\n          \"PendingRate\": [\n            {\n              \"value\": \"<Error: Too many levels of nesting to fake this schema>\"\n            },\n            {\n              \"value\": \"<Error: Too many levels of nesting to fake this schema>\"\n            }\n          ]\n        },\n        {\n          \"VarianceFactorType\": \"Factor\",\n          \"RateFactor\": 98563638.03116405,\n          \"RateVariance\": -52053213.18967164,\n          \"PendingRate\": [\n            {\n              \"value\": \"<Error: Too many levels of nesting to fake this schema>\"\n            },\n            {\n              \"value\": \"<Error: Too many levels of nesting to fake this schema>\"\n            }\n          ]\n        }\n      ],\n      \"AcctBal\": [\n        {\n          \"BalType\": \"Interest\",\n          \"CurAmt\": {\n            \"value\": \"<Error: Too many levels of nesting to fake this schema>\"\n          }\n        },\n        {\n          \"BalType\": \"AvailChk\",\n          \"CurAmt\": {\n            \"value\": \"<Error: Too many levels of nesting to fake this schema>\"\n          }\n        }\n      ],\n      \"AcctPeriodData\": [\n        {\n          \"AcctAmtType\": \"CashIn\",\n          \"AcctPeriodType\": \"PriorMonth\",\n          \"LastOccurInd\": true,\n          \"Amt\": -43064811.148941115,\n          \"Count\": -12683136,\n          \"Rate\": -18664360.4970254,\n          \"LastOccuranceDt\": \"8551-46-50T64:78:65.867+36:64\"\n        },\n        {\n          \"AcctAmtType\": \"NSFFeeRefunded\",\n          \"AcctPeriodType\": \"ThisCycle\",\n          \"LastOccurInd\": false,\n          \"Amt\": -42844006.44287083,\n          \"Count\": -7526519,\n          \"Rate\": 90418636.88798943,\n          \"LastOccuranceDt\": \"6981-99-19\"\n        }\n      ],\n      \"TranCounter\": [\n        {\n          \"TranCounterType\": \"TranLastCurrStmt\",\n          \"Count\": 83317733\n        },\n        {\n          \"TranCounterType\": \"TranLastCurrStmt\",\n          \"Count\": 95173829\n        }\n      ],\n      \"PostAddr\": [\n        {\n          \"AddrType\": \"Seasonal\",\n          \"NameIdent\": [\n            {\n              \"value\": \"<Error: Too many levels of nesting to fake this schema>\"\n            },\n            {\n              \"value\": \"<Error: Too many levels of nesting to fake this schema>\"\n            }\n          ],\n          \"AddressIdent\": \"ex v\",\n          \"AddrUse\": \"Mailing\",\n          \"AddrFormatType\": \"Label\",\n          \"FullName1\": \"elit\",\n          \"FullName2\": \"dolore cupidatat et\",\n          \"FullName3\": \"proident elit Duis dolor\",\n          \"Addr1\": \"esse in est\",\n          \"Addr2\": \"sed Duis pariatur\",\n          \"City\": \"et ad\",\n          \"StateProv\": \"anim ea velit elit\",\n          \"PostalCode\": \"ea l\",\n          \"CountryCode\": {\n            \"value\": \"<Error: Too many levels of nesting to fake this schema>\"\n          },\n          \"TimeFrame\": {\n            \"value\": \"<Error: Too many levels of nesting to fake this schema>\"\n          },\n          \"CensusTract\": \"si\",\n          \"CensusBlock\": \"in\",\n          \"ForeignFlag\": false,\n          \"HandlingCode\": \"fugiat dolore magna reprehenderit\",\n          \"HandlingCodeOption\": \"DoNotPrint\",\n          \"MSACode\": 12510129\n        },\n        {\n          \"AddrType\": \"Primary\",\n          \"NameIdent\": [\n            {\n              \"value\": \"<Error: Too many levels of nesting to fake this schema>\"\n            },\n            {\n              \"value\": \"<Error: Too many levels of nesting to fake this schema>\"\n            }\n          ],\n          \"AddressIdent\": \"do sit\",\n          \"AddrUse\": \"Inquiry\",\n          \"AddrFormatType\": \"Label\",\n          \"FullName1\": \"amet culpa\",\n          \"FullName2\": \"quis officia culpa velit\",\n          \"FullName3\": \"irure Lorem enim\",\n          \"Addr1\": \"aute in in adipisicing\",\n          \"Addr2\": \"vol\",\n          \"City\": \"mollit id\",\n          \"StateProv\": \"ea laborum ut\",\n          \"PostalCode\": \"ve\",\n          \"CountryCode\": {\n            \"value\": \"<Error: Too many levels of nesting to fake this schema>\"\n          },\n          \"TimeFrame\": {\n            \"value\": \"<Error: Too many levels of nesting to fake this schema>\"\n          },\n          \"CensusTract\": \"ipsum eu\",\n          \"CensusBlock\": \"eu esse\",\n          \"ForeignFlag\": false,\n          \"HandlingCode\": \"dolor velit commodo exercitation\",\n          \"HandlingCodeOption\": \"UsePortfolio\",\n          \"MSACode\": 486664\n        }\n      ],\n      \"TaxIdentType\": \"Foreign\",\n      \"TaxIdent\": \"ut do\",\n      \"TaxExempt\": \"officia proident do\",\n      \"WithholdingOption\": \"StateTax\",\n      \"WithholdingOptionEnumDesc\": \"repr\",\n      \"WithholdingData\": {\n        \"WithholdingType\": \"FederalTax\",\n        \"WithholdingPercent\": -98665194.13785349\n      },\n      \"IntReportingInd\": true,\n      \"Fee\": [\n        {\n          \"FeeType\": \"OverdraftInt\",\n          \"FeeIdent\": \"laborum consequat\",\n          \"FeePlan\": \"sit\",\n          \"Desc\": \"incidid\",\n          \"FeeOption\": \"Charge\",\n          \"CurAmt\": {\n            \"value\": \"<Error: Too many levels of nesting to fake this schema>\"\n          },\n          \"TimeFrame\": {\n            \"value\": \"<Error: Too many levels of nesting to fake this schema>\"\n          },\n          \"FeeWaiver\": {\n            \"value\": \"<Error: Too many levels of nesting to fake this schema>\"\n          }\n        },\n        {\n          \"FeeType\": \"OverdraftFee\",\n          \"FeeIdent\": \"tempor Lorem pari\",\n          \"FeePlan\": \"minim labore\",\n          \"Desc\": \"eiusmod fugiat d\",\n          \"FeeOption\": \"Waive\",\n          \"CurAmt\": {\n            \"value\": \"<Error: Too many levels of nesting to fake this schema>\"\n          },\n          \"TimeFrame\": {\n            \"value\": \"<Error: Too many levels of nesting to fake this schema>\"\n          },\n          \"FeeWaiver\": {\n            \"value\": \"<Error: Too many levels of nesting to fake this schema>\"\n          }\n        }\n      ],\n      \"CreditRisk\": [\n        {\n          \"RiskCategory\": \"RiskScore2\",\n          \"InternalScore\": \"dolor fugiat\"\n        },\n        {\n          \"RiskCategory\": \"RiskScore1\",\n          \"InternalScore\": \"amet do magna nulla non\"\n        }\n      ],\n      \"RiskRanking\": \"est volupta\",\n      \"TrnRestriction\": \"sit esse cillum est\",\n      \"TrnRestrictionOvrd\": \"velit adipisicing\",\n      \"MemoPostProcessOptOvrd\": \"None\",\n      \"ElectronicBankingOpt\": \"InquiryOnly\",\n      \"ReportGroupCode\": \"mollit incididunt\",\n      \"DocDistributionOption\": \"Duis aliqua in\",\n      \"DocDistributionOptionEnumDesc\": \"pariatur ipsum in non\",\n      \"NAICS\": \"enim\",\n      \"CostCenter\": \"enim adipisicing qui nulla\",\n      \"RetentionOption\": \"Retain\",\n      \"RestrictedInd\": false,\n      \"RestrictedDesc\": \"sint dolore\",\n      \"AcctMemoData\": [\n        {\n          \"AcctMemoIdent\": \"anim commodo\",\n          \"AcctMemoType\": \"Teller\",\n          \"AcctMemoText\": \"do ea nulla dolor\"\n        },\n        {\n          \"AcctMemoIdent\": \"non irure incididunt\",\n          \"AcctMemoType\": \"Warning\",\n          \"AcctMemoText\": \"ut et consequat\"\n        }\n      ],\n      \"IntDispData\": {\n        \"IntDisposition\": \"Capitalize\",\n        \"IntDistAcctRef\": {\n          \"AcctKeys\": {\n            \"value\": \"<Error: Too many levels of nesting to fake this schema>\"\n          }\n        },\n        \"IntPmtFrequency\": [\n          {\n            \"value\": \"<Error: Too many levels of nesting to fake this schema>\"\n          },\n          {\n            \"value\": \"<Error: Too many levels of nesting to fake this schema>\"\n          }\n        ]\n      },\n      \"OverdraftData\": {\n        \"OverdraftEnrollOpt\": \"OptIn\",\n        \"OverdraftAutoTrnInd\": true,\n        \"OverdraftLimitPriority\": \"PriorXfer\",\n        \"OverdraftLimitAmt\": {\n          \"Amt\": {\n            \"value\": \"<Error: Too many levels of nesting to fake this schema>\"\n          }\n        },\n        \"OverdraftReviewDt\": \"2021-12-19\",\n        \"OverdraftRatingCode\": \"irure aliquip Lorem\",\n        \"OverdraftTypeCode\": \"consequat\",\n        \"OverdraftNotificationOpt\": \"StmtAndException\",\n        \"ContactType\": \"occaecat fugiat\",\n        \"AtmPosOverdraft\": {\n          \"AuthLimitOption\": {\n            \"value\": \"<Error: Too many levels of nesting to fake this schema>\"\n          },\n          \"AuthLimitOptionEnumDesc\": {\n            \"value\": \"<Error: Too many levels of nesting to fake this schema>\"\n          },\n          \"OptInOutDt\": {\n            \"value\": \"<Error: Too many levels of nesting to fake this schema>\"\n          },\n          \"AuthLimitAmt\": {\n            \"value\": \"<Error: Too many levels of nesting to fake this schema>\"\n          },\n          \"NoticeOption\": {\n            \"value\": \"<Error: Too many levels of nesting to fake this schema>\"\n          }\n        }\n      },\n      \"FloatData\": [\n        {\n          \"FloatType\": \"RegCC\",\n          \"FloatDetails\": [\n            {\n              \"value\": \"<Error: Too many levels of nesting to fake this schema>\"\n            },\n            {\n              \"value\": \"<Error: Too many levels of nesting to fake this schema>\"\n            }\n          ]\n        },\n        {\n          \"FloatType\": \"RegCC\",\n          \"FloatDetails\": [\n            {\n              \"value\": \"<Error: Too many levels of nesting to fake this schema>\"\n            },\n            {\n              \"value\": \"<Error: Too many levels of nesting to fake this schema>\"\n            }\n          ]\n        }\n      ],\n      \"SvcChgData\": {\n        \"SvcChgMethod\": [\n          {\n            \"value\": \"<Error: Too many levels of nesting to fake this schema>\"\n          },\n          {\n            \"value\": \"<Error: Too many levels of nesting to fake this schema>\"\n          }\n        ],\n        \"CreditBackMethod\": \"veniam sint consequat proident\",\n        \"CreditBackAcct\": [\n          {\n            \"value\": \"<Error: Too many levels of nesting to fake this schema>\"\n          },\n          {\n            \"value\": \"<Error: Too many levels of nesting to fake this schema>\"\n          }\n        ],\n        \"CreditBackGroupIdent\": \"2\",\n        \"SvcChgFlatFee\": [\n          {\n            \"value\": \"<Error: Too many levels of nesting to fake this schema>\"\n          },\n          {\n            \"value\": \"<Error: Too many levels of nesting to fake this schema>\"\n          }\n        ],\n        \"SvcChgAcctRef\": {\n          \"AcctKeys\": {\n            \"value\": \"<Error: Too many levels of nesting to fake this schema>\"\n          }\n        },\n        \"SvcChgWaiveCode\": 59360759,\n        \"SvcChgWaiveTaxInd\": false,\n        \"LastSvcChgDt\": \"2005-03-04\",\n        \"SvcChgTimeFrame\": [\n          {\n            \"value\": \"<Error: Too many levels of nesting to fake this schema>\"\n          },\n          {\n            \"value\": \"<Error: Too many levels of nesting to fake this schema>\"\n          }\n        ]\n      },\n      \"CommercialAnalysisData\": {\n        \"AnalysisCode\": \"quis commodo\",\n        \"AnalysisGroup\": -42328419,\n        \"AnalysisChargeAcct\": {\n          \"AcctKeys\": {\n            \"value\": \"<Error: Too many levels of nesting to fake this schema>\"\n          }\n        }\n      },\n      \"EscheatDt\": \"1954-06-13\",\n      \"RegCCData\": {\n        \"RegCCStatus\": \"OverdrafterAuto\",\n        \"RegCCStatusDt\": \"1983-12-04\",\n        \"RegCCException\": \"laborum aliqua\",\n        \"RegCCExceptionExpDt\": \"1980-10-08\",\n        \"RegCC_NSF\": [\n          {\n            \"value\": \"<Error: Too many levels of nesting to fake this schema>\"\n          },\n          {\n            \"value\": \"<Error: Too many levels of nesting to fake this schema>\"\n          }\n        ]\n      },\n      \"CollateralPledgeCode\": \"exercitation anim adipisicing incididunt\",\n      \"EIM_NSFInstruction\": \"Return\",\n      \"AutoNSFDecision\": \"consequat de\",\n      \"NSFEntry\": [\n        {\n          \"NSFIdent\": \"minim cillum aliqua velit\",\n          \"NSFDt\": \"1955-07-25\",\n          \"Count\": 99137288\n        },\n        {\n          \"NSFIdent\": \"in est magna eiusmod\",\n          \"NSFDt\": \"1973-05-12\",\n          \"Count\": 92522104\n        }\n      ],\n      \"HoldInd\": false,\n      \"StopInd\": true\n    }\n  },\n  \"Status\": {\n    \"Severity\": \"Info\",\n    \"StatusCode\": \"elit velit \",\n    \"StatusDesc\": \"dolor Lorem dolore incididunt culpa\",\n    \"SvcProviderName\": \"laborum nulla\",\n    \"Id\": \"dolor\",\n    \"ServerStatusCode\": \"fugiat deserunt\",\n    \"ServerStatusDesc\": \"magna in ut\",\n    \"OvrdExceptionInd\": true,\n    \"SubjectRole\": \"Duis\",\n    \"SubjectElement\": [\n      {\n        \"Path\": \"cupidatat dolor in\",\n        \"ServerPath\": \"occaecat ut\",\n        \"Value\": \"ipsum\"\n      },\n      {\n        \"Path\": \"nisi ipsum laborum aliqua\",\n        \"ServerPath\": \"voluptate quis repreh\",\n        \"Value\": \"dolor ullamco eu sit\"\n      }\n    ],\n    \"ContentHTML\": \"officia culpa ipsum dolor do\",\n    \"AdditionalStatus\": [\n      {\n        \"StatusCode\": \"laborum sunt\",\n        \"StatusDesc\": \"qui ex mollit\",\n        \"Severity\": \"Info\",\n        \"SvcProviderName\": \"anim elit\",\n        \"ServerStatusCode\": \"magna Lorem oc\",\n        \"ServerStatusDesc\": \"cupidatat deserunt dolore dolor commodo\",\n        \"OvrdExceptionInd\": true,\n        \"SubjectElement\": [\n          {\n            \"Path\": {\n              \"value\": \"<Error: Too many levels of nesting to fake this schema>\"\n            },\n            \"ServerPath\": {\n              \"value\": \"<Error: Too many levels of nesting to fake this schema>\"\n            },\n            \"Value\": {\n              \"value\": \"<Error: Too many levels of nesting to fake this schema>\"\n            }\n          },\n          {\n            \"Path\": {\n              \"value\": \"<Error: Too many levels of nesting to fake this schema>\"\n            },\n            \"ServerPath\": {\n              \"value\": \"<Error: Too many levels of nesting to fake this schema>\"\n            },\n            \"Value\": {\n              \"value\": \"<Error: Too many levels of nesting to fake this schema>\"\n            }\n          }\n        ]\n      },\n      {\n        \"StatusCode\": \"ut officia amet\",\n        \"StatusDesc\": \"eu Lorem \",\n        \"Severity\": \"Error\",\n        \"SvcProviderName\": \"Excepteur velit exercitation\",\n        \"ServerStatusCode\": \"id ull\",\n        \"ServerStatusDesc\": \"ullamco n\",\n        \"OvrdExceptionInd\": false,\n        \"SubjectElement\": [\n          {\n            \"Path\": {\n              \"value\": \"<Error: Too many levels of nesting to fake this schema>\"\n            },\n            \"ServerPath\": {\n              \"value\": \"<Error: Too many levels of nesting to fake this schema>\"\n            },\n            \"Value\": {\n              \"value\": \"<Error: Too many levels of nesting to fake this schema>\"\n            }\n          },\n          {\n            \"Path\": {\n              \"value\": \"<Error: Too many levels of nesting to fake this schema>\"\n            },\n            \"ServerPath\": {\n              \"value\": \"<Error: Too many levels of nesting to fake this schema>\"\n            },\n            \"Value\": {\n              \"value\": \"<Error: Too many levels of nesting to fake this schema>\"\n            }\n          }\n        ]\n      }\n    ]\n  }\n}","cookie":[],"_postman_previewlanguage":"json"}],"event":[],"protocolProfileBehavior":{"disableBodyPruning":true}}],"event":[]}],"event":[],"variable":[{"type":"string","value":"/","key":"baseUrl"}],"info":{"_postman_id":"f2d32483-9e0d-44d8-86de-883c743eba70","name":"Account Service","schema":"https://schema.getpostman.com/json/collection/v2.1.0/collection.json","description":{"content":"The account service helps to create and manage product accounts serviced by the financial institutions. It is also used to retrieve information about the existing accounts and maintain information of new accounts.","type":"text/plain"}}}