{"item":[{"id":"5021b137-d7ac-463e-a942-df485e140455","name":"Get Multiple Accounts","description":{"content":"","type":"text/plain"},"item":[{"id":"0a3fc480-6af0-4603-af5f-9e82abcbce15","name":"Get Multiple Accounts.","request":{"name":"Get Multiple Accounts.","description":{"content":"Retrieves the account-related information of multiple accounts in one request call.<br> \n        Following are the supported account types:\n        <ul> \n          <li>Demand Deposit Account (DDA)</li>\n          <li>Savings Deposit Account (SDA)</li>\n          <li>Certificate of Deposit Account(CDA)</li>\n          <li>Loan Account (LOAN)</li>\n        </ul>\n        <br>\n        For more information about the Accounts domain, <a href=\"../docs/?path=docs/fintechs/accounts.md\" title=\"Click to open\">click here.</a><br><br>\n        <b>Relates to:</b>\n          <ul> \n            <li><a href=\"../docs/?path=docs/banks-and-CU/deposits.md\" title=\"Click to open\">Deposits</a></li>\n            <li><a href=\"../docs/?path=docs/banks-and-CU/loans.md\" title=\"Click to open\">Loans</a></li>\n          </ul>","type":"text/plain"},"url":{"path":["multiacctservice","acctmgmt","accounts","list","secured"],"host":["{{baseUrl}}"],"query":[],"variable":[]},"header":[{"disabled":false,"description":"(Required) EFX Header is a common and required component for all API calls, it contains client-related parameters. Please note that the header parameters should be sent as a JSON object under the EFXHeader parameter. To view the list of header parameters, <a href=\"../docs?path=docs/api-ref-EFX-header.md\" title=\"Click to open\"> click here.</a>","key":"EFXHeader","value":"OrganizationId,proid,TrnId,dolore nulla,VendorId,Lorem sunt amet dolore elit,Context,[object Object]"},{"key":"Content-Type","value":"application/json"},{"key":"Accept","value":"application/json"}],"method":"POST","auth":null,"body":{"mode":"raw","raw":"{\n  \"MultiAcctSel\": {\n    \"AcctKeys\": [\n      {\n        \"AcctId\": \"do\",\n        \"AcctType\": \"SDB\",\n        \"FIIdentType\": \"ABA\",\n        \"FIIdent\": \"ad fugiat\"\n      },\n      {\n        \"AcctId\": \"incididunt si\",\n        \"AcctType\": \"LOAN\",\n        \"FIIdentType\": \"ABA\",\n        \"FIIdent\": \"ipsum pa\"\n      }\n    ]\n  }\n}","options":{"raw":{"language":"json"}}}},"response":[{"id":"4dc4620f-7fa8-4843-9b57-ff497e24d5f0","name":"Success","originalRequest":{"url":{"path":["multiacctservice","acctmgmt","accounts","list","secured"],"host":["{{baseUrl}}"],"query":[],"variable":[]},"header":[{"disabled":false,"description":"(Required) EFX Header is a common and required component for all API calls, it contains client-related parameters. Please note that the header parameters should be sent as a JSON object under the EFXHeader parameter. To view the list of header parameters, <a href=\"../docs?path=docs/api-ref-EFX-header.md\" title=\"Click to open\"> click here.</a>","key":"EFXHeader","value":"OrganizationId,<string>,TrnId,<string>,VendorId,<string>,Context,[object Object]"}],"method":"POST","body":{"mode":"raw","raw":"{\n  \"MultiAcctSel\": {\n    \"AcctKeys\": [\n      {\n        \"AcctId\": \"Excepteur minim p\",\n        \"AcctType\": \"DDA\",\n        \"FIIdentType\": \"ABA\",\n        \"FIIdent\": \"est\"\n      },\n      {\n        \"AcctId\": \"\",\n        \"AcctType\": \"LOAN\",\n        \"FIIdentType\": \"ABA\",\n        \"FIIdent\": \"in\"\n      }\n    ]\n  }\n}","options":{"raw":{"language":"json"}}}},"status":"OK","code":200,"header":[{"key":"Content-Type","value":"application/json"}],"body":"{\n  \"MultiAcctRec\": [\n    {\n      \"AcctKeys\": {\n        \"AcctId\": \"qui Lorem co\",\n        \"AcctType\": \"CRD\",\n        \"CardKeys\": {\n          \"CardId\": \"esse non ad\"\n        }\n      },\n      \"AcctStatus\": {\n        \"AcctStatusCode\": \"Invalid\",\n        \"EffDt\": \"8115-73-92\"\n      },\n      \"MultiAcctInfo\": {\n        \"ProductIdent\": \"dolo\",\n        \"Desc\": \"culpa\",\n        \"AcctBal\": [\n          {\n            \"BalType\": {\n              \"value\": \"<Error: Too many levels of nesting to fake this schema>\"\n            },\n            \"CurAmt\": {\n              \"value\": \"<Error: Too many levels of nesting to fake this schema>\"\n            }\n          },\n          {\n            \"BalType\": {\n              \"value\": \"<Error: Too many levels of nesting to fake this schema>\"\n            },\n            \"CurAmt\": {\n              \"value\": \"<Error: Too many levels of nesting to fake this schema>\"\n            }\n          }\n        ],\n        \"AcctDtlStatus\": \"ActiveNoRenew\",\n        \"AcctDtlStatusEnumDesc\": \"Excepteur sun\"\n      }\n    },\n    {\n      \"AcctKeys\": {\n        \"AcctId\": \"velit dolor Excepteur commodo c\",\n        \"AcctType\": \"LOAN\",\n        \"CardKeys\": {\n          \"CardId\": \"in laborum ani\"\n        }\n      },\n      \"AcctStatus\": {\n        \"AcctStatusCode\": \"Valid\",\n        \"EffDt\": \"7650-41-89T17:70\"\n      },\n      \"MultiAcctInfo\": {\n        \"ProductIdent\": \"offici\",\n        \"Desc\": \"adipisicing sunt deserunt dolore\",\n        \"AcctBal\": [\n          {\n            \"BalType\": {\n              \"value\": \"<Error: Too many levels of nesting to fake this schema>\"\n            },\n            \"CurAmt\": {\n              \"value\": \"<Error: Too many levels of nesting to fake this schema>\"\n            }\n          },\n          {\n            \"BalType\": {\n              \"value\": \"<Error: Too many levels of nesting to fake this schema>\"\n            },\n            \"CurAmt\": {\n              \"value\": \"<Error: Too many levels of nesting to fake this schema>\"\n            }\n          }\n        ],\n        \"AcctDtlStatus\": \"Bankrupcty\",\n        \"AcctDtlStatusEnumDesc\": \"aliquip Excepteur\"\n      }\n    }\n  ],\n  \"Status\": {\n    \"Severity\": \"Info\",\n    \"StatusCode\": \"consequat incididun\",\n    \"StatusDesc\": \"nis\",\n    \"SvcProviderName\": \"velit amet aliquip\",\n    \"Id\": \"laborum tempor commodo ex\",\n    \"ServerStatusCode\": \"et\",\n    \"ServerStatusDesc\": \"exercitation\",\n    \"OvrdExceptionInd\": true,\n    \"SubjectRole\": \"anim officia aliqua\",\n    \"SubjectElement\": [\n      {\n        \"Path\": \"culpa quis Excepteur\",\n        \"ServerPath\": \"do\",\n        \"Value\": \"fugiat\"\n      },\n      {\n        \"Path\": \"exercitation fugiat\",\n        \"ServerPath\": \"minim enim ullamco\",\n        \"Value\": \"occaecat anim qui\"\n      }\n    ],\n    \"ContentHTML\": \"amet Lorem eu officia ut\",\n    \"AdditionalStatus\": [\n      {\n        \"StatusCode\": \"aliquip irur\",\n        \"StatusDesc\": \"sunt ipsum commodo in\",\n        \"Severity\": \"Warning\",\n        \"SvcProviderName\": \"aliqua tempor nostrud amet\",\n        \"ServerStatusCode\": \"irure U\",\n        \"ServerStatusDesc\": \"dolor\",\n        \"OvrdExceptionInd\": false,\n        \"SubjectElement\": [\n          {\n            \"Path\": {\n              \"value\": \"<Error: Too many levels of nesting to fake this schema>\"\n            },\n            \"ServerPath\": {\n              \"value\": \"<Error: Too many levels of nesting to fake this schema>\"\n            },\n            \"Value\": {\n              \"value\": \"<Error: Too many levels of nesting to fake this schema>\"\n            }\n          },\n          {\n            \"Path\": {\n              \"value\": \"<Error: Too many levels of nesting to fake this schema>\"\n            },\n            \"ServerPath\": {\n              \"value\": \"<Error: Too many levels of nesting to fake this schema>\"\n            },\n            \"Value\": {\n              \"value\": \"<Error: Too many levels of nesting to fake this schema>\"\n            }\n          }\n        ]\n      },\n      {\n        \"StatusCode\": \"venia\",\n        \"StatusDesc\": \"eu dolore est\",\n        \"Severity\": \"Error\",\n        \"SvcProviderName\": \"eiusmod irure\",\n        \"ServerStatusCode\": \"ea proident\",\n        \"ServerStatusDesc\": \"exercitation dolore Lorem\",\n        \"OvrdExceptionInd\": false,\n        \"SubjectElement\": [\n          {\n            \"Path\": {\n              \"value\": \"<Error: Too many levels of nesting to fake this schema>\"\n            },\n            \"ServerPath\": {\n              \"value\": \"<Error: Too many levels of nesting to fake this schema>\"\n            },\n            \"Value\": {\n              \"value\": \"<Error: Too many levels of nesting to fake this schema>\"\n            }\n          },\n          {\n            \"Path\": {\n              \"value\": \"<Error: Too many levels of nesting to fake this schema>\"\n            },\n            \"ServerPath\": {\n              \"value\": \"<Error: Too many levels of nesting to fake this schema>\"\n            },\n            \"Value\": {\n              \"value\": \"<Error: Too many levels of nesting to fake this schema>\"\n            }\n          }\n        ]\n      }\n    ]\n  }\n}","cookie":[],"_postman_previewlanguage":"json"},{"id":"a83a042b-6072-4596-90a9-71903dce0d90","name":"To view the complete list of response codes, <a href=\"../docs/?path=docs/response-codes.md\" title=\"Click to open\">click here.</a>","originalRequest":{"url":{"path":["multiacctservice","acctmgmt","accounts","list","secured"],"host":["{{baseUrl}}"],"query":[],"variable":[]},"header":[{"disabled":false,"description":"(Required) EFX Header is a common and required component for all API calls, it contains client-related parameters. Please note that the header parameters should be sent as a JSON object under the EFXHeader parameter. To view the list of header parameters, <a href=\"../docs?path=docs/api-ref-EFX-header.md\" title=\"Click to open\"> click here.</a>","key":"EFXHeader","value":"OrganizationId,<string>,TrnId,<string>,VendorId,<string>,Context,[object Object]"}],"method":"POST","body":{"mode":"raw","raw":"{\n  \"MultiAcctSel\": {\n    \"AcctKeys\": [\n      {\n        \"AcctId\": \"Excepteur minim p\",\n        \"AcctType\": \"DDA\",\n        \"FIIdentType\": \"ABA\",\n        \"FIIdent\": \"est\"\n      },\n      {\n        \"AcctId\": \"\",\n        \"AcctType\": \"LOAN\",\n        \"FIIdentType\": \"ABA\",\n        \"FIIdent\": \"in\"\n      }\n    ]\n  }\n}","options":{"raw":{"language":"json"}}}},"status":"Internal Server Error","code":500,"header":[{"key":"Content-Type","value":"application/json"}],"body":"{\n  \"MultiAcctRec\": [\n    {\n      \"AcctKeys\": {\n        \"AcctId\": \"elit reprehenderit eu\",\n        \"AcctType\": \"SDB\",\n        \"CardKeys\": {\n          \"CardId\": \"eu \"\n        }\n      },\n      \"AcctStatus\": {\n        \"AcctStatusCode\": \"Valid\",\n        \"EffDt\": \"2832-33-89\"\n      },\n      \"MultiAcctInfo\": {\n        \"ProductIdent\": \"incididunt nostrud\",\n        \"Desc\": \"mollit dolore\",\n        \"AcctBal\": [\n          {\n            \"BalType\": {\n              \"value\": \"<Error: Too many levels of nesting to fake this schema>\"\n            },\n            \"CurAmt\": {\n              \"value\": \"<Error: Too many levels of nesting to fake this schema>\"\n            }\n          },\n          {\n            \"BalType\": {\n              \"value\": \"<Error: Too many levels of nesting to fake this schema>\"\n            },\n            \"CurAmt\": {\n              \"value\": \"<Error: Too many levels of nesting to fake this schema>\"\n            }\n          }\n        ],\n        \"AcctDtlStatus\": \"Inactive\",\n        \"AcctDtlStatusEnumDesc\": \"proident velit aliquip\"\n      }\n    },\n    {\n      \"AcctKeys\": {\n        \"AcctId\": \"in elit et ullamco\",\n        \"AcctType\": \"DDA\",\n        \"CardKeys\": {\n          \"CardId\": \"ea\"\n        }\n      },\n      \"AcctStatus\": {\n        \"AcctStatusCode\": \"Invalid\",\n        \"EffDt\": \"0852-06-13\"\n      },\n      \"MultiAcctInfo\": {\n        \"ProductIdent\": \"adipisicing id\",\n        \"Desc\": \"minim anim deserunt mollit\",\n        \"AcctBal\": [\n          {\n            \"BalType\": {\n              \"value\": \"<Error: Too many levels of nesting to fake this schema>\"\n            },\n            \"CurAmt\": {\n              \"value\": \"<Error: Too many levels of nesting to fake this schema>\"\n            }\n          },\n          {\n            \"BalType\": {\n              \"value\": \"<Error: Too many levels of nesting to fake this schema>\"\n            },\n            \"CurAmt\": {\n              \"value\": \"<Error: Too many levels of nesting to fake this schema>\"\n            }\n          }\n        ],\n        \"AcctDtlStatus\": \"Dormant\",\n        \"AcctDtlStatusEnumDesc\": \"ut in\"\n      }\n    }\n  ],\n  \"Status\": {\n    \"Severity\": \"Info\",\n    \"StatusCode\": \"id quis esse proide\",\n    \"StatusDesc\": \"magna aliquip\",\n    \"SvcProviderName\": \"ut ipsum\",\n    \"Id\": \"id enim\",\n    \"ServerStatusCode\": \"mollit dolor\",\n    \"ServerStatusDesc\": \"enim consequat dolor\",\n    \"OvrdExceptionInd\": false,\n    \"SubjectRole\": \"consectetur eiusmod magna\",\n    \"SubjectElement\": [\n      {\n        \"Path\": \"amet ea\",\n        \"ServerPath\": \"et sunt laborum nulla quis\",\n        \"Value\": \"deserunt id ipsum Excepteur\"\n      },\n      {\n        \"Path\": \"ex\",\n        \"ServerPath\": \"ipsum tempor sit Duis\",\n        \"Value\": \"Duis reprehenderit Lorem ea\"\n      }\n    ],\n    \"ContentHTML\": \"dolor veniam i\",\n    \"AdditionalStatus\": [\n      {\n        \"StatusCode\": \"exercita\",\n        \"StatusDesc\": \"aliquip cillum pariatur exercitation occaecat\",\n        \"Severity\": \"Error\",\n        \"SvcProviderName\": \"ex nostrud commodo\",\n        \"ServerStatusCode\": \"qui ullamco enim su\",\n        \"ServerStatusDesc\": \"fugiat aliqua dolore\",\n        \"OvrdExceptionInd\": false,\n        \"SubjectElement\": [\n          {\n            \"Path\": {\n              \"value\": \"<Error: Too many levels of nesting to fake this schema>\"\n            },\n            \"ServerPath\": {\n              \"value\": \"<Error: Too many levels of nesting to fake this schema>\"\n            },\n            \"Value\": {\n              \"value\": \"<Error: Too many levels of nesting to fake this schema>\"\n            }\n          },\n          {\n            \"Path\": {\n              \"value\": \"<Error: Too many levels of nesting to fake this schema>\"\n            },\n            \"ServerPath\": {\n              \"value\": \"<Error: Too many levels of nesting to fake this schema>\"\n            },\n            \"Value\": {\n              \"value\": \"<Error: Too many levels of nesting to fake this schema>\"\n            }\n          }\n        ]\n      },\n      {\n        \"StatusCode\": \"laborum\",\n        \"StatusDesc\": \"enim ullamco qui anim\",\n        \"Severity\": \"Info\",\n        \"SvcProviderName\": \"in non quis ad Ut\",\n        \"ServerStatusCode\": \"reprehenderit c\",\n        \"ServerStatusDesc\": \"ea mollit in\",\n        \"OvrdExceptionInd\": true,\n        \"SubjectElement\": [\n          {\n            \"Path\": {\n              \"value\": \"<Error: Too many levels of nesting to fake this schema>\"\n            },\n            \"ServerPath\": {\n              \"value\": \"<Error: Too many levels of nesting to fake this schema>\"\n            },\n            \"Value\": {\n              \"value\": \"<Error: Too many levels of nesting to fake this schema>\"\n            }\n          },\n          {\n            \"Path\": {\n              \"value\": \"<Error: Too many levels of nesting to fake this schema>\"\n            },\n            \"ServerPath\": {\n              \"value\": \"<Error: Too many levels of nesting to fake this schema>\"\n            },\n            \"Value\": {\n              \"value\": \"<Error: Too many levels of nesting to fake this schema>\"\n            }\n          }\n        ]\n      }\n    ]\n  }\n}","cookie":[],"_postman_previewlanguage":"json"}],"event":[],"protocolProfileBehavior":{"disableBodyPruning":true}}],"event":[]}],"event":[],"variable":[{"type":"string","value":"/","key":"baseUrl"}],"info":{"_postman_id":"ad89ded5-1182-472f-993e-c5e69c21ca3d","name":"Multi Account Service","schema":"https://schema.getpostman.com/json/collection/v2.1.0/collection.json","description":{"content":"The multi account service supports an inquiry operation that allows retrieving information of multiple product accounts in a single consumer request.","type":"text/plain"}}}