{"item":[{"id":"baab2cab-f346-479f-b65e-529ae0f5873b","name":"Get Safe Deposit Box Inv","description":{"content":"","type":"text/plain"},"item":[{"id":"be6f1436-61c8-43ce-b102-e70bf5c1e448","name":"Retrieves a safe deposit box Inv","request":{"name":"Retrieves a safe deposit box Inv","description":{"content":"Retrieves information about the inventory of the safe deposit boxes available to a Financial Institution.<br>For more information about the Accounts domain, <a href=\"../docs/?path=docs/fintechs/accounts.md\" title=\"Click to open\">click here.</a><br>        <br>        <b>Relates to:</b>          <ul>             <li><a href=\"../docs/?path=docs/banks-and-CU/deposits.md\" title=\"Click to open\">Deposits</a></li>            <li><a href=\"../docs/?path=docs/banks-and-CU/loans.md\" title=\"Click to open\">Loans</a></li>            <li><a href=\"../docs/?path=docs/banks-and-CU/bank-servicing.md\" title=\"Click to open\">Bank Servicing</a></li>          </ul>","type":"text/plain"},"url":{"path":["safedepositboxinvservice","safedepositbox","safedepositboxinv","secured"],"host":["{{baseUrl}}"],"query":[],"variable":[]},"header":[{"disabled":false,"description":"(Required) EFX Header is a common and required component for all API calls, it contains client-related parameters. Please note that the header parameters should be sent as a JSON object under the EFXHeader parameter. To view the list of header parameters, <a href=\"../docs?path=docs/api-ref-EFX-header.md\" title=\"Click to open\"> click here.</a>","key":"EFXHeader","value":"OrganizationId,id esse aliqua,TrnId,cupidatat Duis,VendorId,do ut,Context,[object Object]"},{"key":"Content-Type","value":"application/json"},{"key":"Accept","value":"application/json"}],"method":"POST","auth":null,"body":{"mode":"raw","raw":"{\n  \"SafeDepositBoxInvSel\": {\n    \"ResponsibleBranch\": \"amet\",\n    \"BoxRentTypeCode\": \"veniam incididunt deserunt\",\n    \"BoxSizeCode\": \"dolor sed\",\n    \"BoxNumRange\": {\n      \"BoxNumStart\": \"labo\",\n      \"BoxNumEnd\": \"ullamco e\"\n    },\n    \"BoxDtlStatus\": \"Vacant\"\n  },\n  \"RecCtrlIn\": {\n    \"Cursor\": \"\"\n  }\n}","options":{"raw":{"language":"json"}}}},"response":[{"id":"c5469df5-dd74-47c1-a0cd-86b4a14a36cc","name":"Success","originalRequest":{"url":{"path":["safedepositboxinvservice","safedepositbox","safedepositboxinv","secured"],"host":["{{baseUrl}}"],"query":[],"variable":[]},"header":[{"disabled":false,"description":"(Required) EFX Header is a common and required component for all API calls, it contains client-related parameters. Please note that the header parameters should be sent as a JSON object under the EFXHeader parameter. To view the list of header parameters, <a href=\"../docs?path=docs/api-ref-EFX-header.md\" title=\"Click to open\"> click here.</a>","key":"EFXHeader","value":"OrganizationId,<string>,TrnId,<string>,VendorId,<string>,Context,[object Object]"}],"method":"POST","body":{"mode":"raw","raw":"{\n  \"SafeDepositBoxInvSel\": {\n    \"ResponsibleBranch\": \"amet\",\n    \"BoxRentTypeCode\": \"veniam incididunt deserunt\",\n    \"BoxSizeCode\": \"dolor sed\",\n    \"BoxNumRange\": {\n      \"BoxNumStart\": \"labo\",\n      \"BoxNumEnd\": \"ullamco e\"\n    },\n    \"BoxDtlStatus\": \"Vacant\"\n  },\n  \"RecCtrlIn\": {\n    \"Cursor\": \"\"\n  }\n}","options":{"raw":{"language":"json"}}}},"status":"OK","code":200,"header":[{"key":"Content-Type","value":"application/json"}],"body":"{\n  \"SafeDepositBoxInvRec\": [\n    {\n      \"SafeDepositBoxInvKeys\": {\n        \"BoxNum\": \"velit\"\n      },\n      \"SafeDepositBoxStatus\": {\n        \"SafeDepositBoxStatusCode\": \"Valid\",\n        \"EffDt\": \"9543-87-58\"\n      }\n    },\n    {\n      \"SafeDepositBoxInvKeys\": {\n        \"BoxNum\": \"aliqua dese\"\n      },\n      \"SafeDepositBoxStatus\": {\n        \"SafeDepositBoxStatusCode\": \"Valid\",\n        \"EffDt\": \"8548-57-54T54:75:19+24:32\"\n      }\n    }\n  ],\n  \"Status\": {\n    \"Severity\": \"Error\",\n    \"StatusCode\": \"occaecat labore cul\",\n    \"StatusDesc\": \"ipsum est ni\",\n    \"SvcProviderName\": \"occaecat deserunt\",\n    \"Id\": \"Lorem eu officia e\",\n    \"ServerStatusCode\": \"sunt\",\n    \"ServerStatusDesc\": \"elit sint qui ex voluptate\",\n    \"OvrdExceptionInd\": false,\n    \"SubjectRole\": \"officia ipsu\",\n    \"SubjectElement\": [\n      {\n        \"Path\": \"sit\",\n        \"ServerPath\": \"Excepteur eu Ut\",\n        \"Value\": \"eu ullamco cupidatat non minim\"\n      },\n      {\n        \"Path\": \"sit adipisicing\",\n        \"ServerPath\": \"aute consequat\",\n        \"Value\": \"cillum elit aliquip dolore\"\n      }\n    ],\n    \"ContentHTML\": \"ullamco id pariatur\",\n    \"AdditionalStatus\": [\n      {\n        \"StatusCode\": \"dolo\",\n        \"StatusDesc\": \"ullamco do minim\",\n        \"Severity\": \"Info\",\n        \"SvcProviderName\": \"sed consectetur\",\n        \"ServerStatusCode\": \"consectetur des\",\n        \"ServerStatusDesc\": \"non pariatur dolore Excepteur\",\n        \"OvrdExceptionInd\": true,\n        \"SubjectElement\": [\n          {\n            \"Path\": {\n              \"value\": \"<Error: Too many levels of nesting to fake this schema>\"\n            },\n            \"ServerPath\": {\n              \"value\": \"<Error: Too many levels of nesting to fake this schema>\"\n            },\n            \"Value\": {\n              \"value\": \"<Error: Too many levels of nesting to fake this schema>\"\n            }\n          },\n          {\n            \"Path\": {\n              \"value\": \"<Error: Too many levels of nesting to fake this schema>\"\n            },\n            \"ServerPath\": {\n              \"value\": \"<Error: Too many levels of nesting to fake this schema>\"\n            },\n            \"Value\": {\n              \"value\": \"<Error: Too many levels of nesting to fake this schema>\"\n            }\n          }\n        ]\n      },\n      {\n        \"StatusCode\": \"magna pr\",\n        \"StatusDesc\": \"nulla in\",\n        \"Severity\": \"Warning\",\n        \"SvcProviderName\": \"do nulla adipisicing deserunt\",\n        \"ServerStatusCode\": \"exercitation cillum\",\n        \"ServerStatusDesc\": \"Lorem officia laborum magna\",\n        \"OvrdExceptionInd\": true,\n        \"SubjectElement\": [\n          {\n            \"Path\": {\n              \"value\": \"<Error: Too many levels of nesting to fake this schema>\"\n            },\n            \"ServerPath\": {\n              \"value\": \"<Error: Too many levels of nesting to fake this schema>\"\n            },\n            \"Value\": {\n              \"value\": \"<Error: Too many levels of nesting to fake this schema>\"\n            }\n          },\n          {\n            \"Path\": {\n              \"value\": \"<Error: Too many levels of nesting to fake this schema>\"\n            },\n            \"ServerPath\": {\n              \"value\": \"<Error: Too many levels of nesting to fake this schema>\"\n            },\n            \"Value\": {\n              \"value\": \"<Error: Too many levels of nesting to fake this schema>\"\n            }\n          }\n        ]\n      }\n    ]\n  },\n  \"RecCtrlOut\": {\n    \"Cursor\": \"consequat enim sint\"\n  }\n}","cookie":[],"_postman_previewlanguage":"json"},{"id":"30908507-0be5-4ac2-aa13-91ec62a88011","name":"To view the complete list of response codes, <a href=\"../docs/?path=docs/response-codes.md\" title=\"Click to open\">click here.</a>","originalRequest":{"url":{"path":["safedepositboxinvservice","safedepositbox","safedepositboxinv","secured"],"host":["{{baseUrl}}"],"query":[],"variable":[]},"header":[{"disabled":false,"description":"(Required) EFX Header is a common and required component for all API calls, it contains client-related parameters. Please note that the header parameters should be sent as a JSON object under the EFXHeader parameter. To view the list of header parameters, <a href=\"../docs?path=docs/api-ref-EFX-header.md\" title=\"Click to open\"> click here.</a>","key":"EFXHeader","value":"OrganizationId,<string>,TrnId,<string>,VendorId,<string>,Context,[object Object]"}],"method":"POST","body":{"mode":"raw","raw":"{\n  \"SafeDepositBoxInvSel\": {\n    \"ResponsibleBranch\": \"amet\",\n    \"BoxRentTypeCode\": \"veniam incididunt deserunt\",\n    \"BoxSizeCode\": \"dolor sed\",\n    \"BoxNumRange\": {\n      \"BoxNumStart\": \"labo\",\n      \"BoxNumEnd\": \"ullamco e\"\n    },\n    \"BoxDtlStatus\": \"Vacant\"\n  },\n  \"RecCtrlIn\": {\n    \"Cursor\": \"\"\n  }\n}","options":{"raw":{"language":"json"}}}},"status":"Internal Server Error","code":500,"header":[{"key":"Content-Type","value":"application/json"}],"body":"{\n  \"SafeDepositBoxInvRec\": [\n    {\n      \"SafeDepositBoxInvKeys\": {\n        \"BoxNum\": \"in dolor minim\"\n      },\n      \"SafeDepositBoxStatus\": {\n        \"SafeDepositBoxStatusCode\": \"Valid\",\n        \"EffDt\": \"2013-17-36\"\n      }\n    },\n    {\n      \"SafeDepositBoxInvKeys\": {\n        \"BoxNum\": \"deserunt\"\n      },\n      \"SafeDepositBoxStatus\": {\n        \"SafeDepositBoxStatusCode\": \"Valid\",\n        \"EffDt\": \"5289-39-37\"\n      }\n    }\n  ],\n  \"Status\": {\n    \"Severity\": \"Error\",\n    \"StatusCode\": \"consect\",\n    \"StatusDesc\": \"ex\",\n    \"SvcProviderName\": \"reprehenderit\",\n    \"Id\": \"sed consequat est\",\n    \"ServerStatusCode\": \"a\",\n    \"ServerStatusDesc\": \"anim ut nulla in\",\n    \"OvrdExceptionInd\": false,\n    \"SubjectRole\": \"mollit sunt Lorem et\",\n    \"SubjectElement\": [\n      {\n        \"Path\": \"dolore minim aliqua dolor irure\",\n        \"ServerPath\": \"magna ipsum consectetur qui aliquip\",\n        \"Value\": \"Excepteur cupidatat minim\"\n      },\n      {\n        \"Path\": \"tempor sed dolore ipsum\",\n        \"ServerPath\": \"repre\",\n        \"Value\": \"exercitation dolor mollit\"\n      }\n    ],\n    \"ContentHTML\": \"officia exerci\",\n    \"AdditionalStatus\": [\n      {\n        \"StatusCode\": \"cupidatat ex occae\",\n        \"StatusDesc\": \"laboris magna\",\n        \"Severity\": \"Info\",\n        \"SvcProviderName\": \"sed in pariatur Lorem aute\",\n        \"ServerStatusCode\": \"in commodo\",\n        \"ServerStatusDesc\": \"occaecat laboris\",\n        \"OvrdExceptionInd\": true,\n        \"SubjectElement\": [\n          {\n            \"Path\": {\n              \"value\": \"<Error: Too many levels of nesting to fake this schema>\"\n            },\n            \"ServerPath\": {\n              \"value\": \"<Error: Too many levels of nesting to fake this schema>\"\n            },\n            \"Value\": {\n              \"value\": \"<Error: Too many levels of nesting to fake this schema>\"\n            }\n          },\n          {\n            \"Path\": {\n              \"value\": \"<Error: Too many levels of nesting to fake this schema>\"\n            },\n            \"ServerPath\": {\n              \"value\": \"<Error: Too many levels of nesting to fake this schema>\"\n            },\n            \"Value\": {\n              \"value\": \"<Error: Too many levels of nesting to fake this schema>\"\n            }\n          }\n        ]\n      },\n      {\n        \"StatusCode\": \"dolore nostr\",\n        \"StatusDesc\": \"ut aute minim\",\n        \"Severity\": \"Info\",\n        \"SvcProviderName\": \"incididunt do proident fugiat\",\n        \"ServerStatusCode\": \"enim minim\",\n        \"ServerStatusDesc\": \"dolor ex Lorem\",\n        \"OvrdExceptionInd\": true,\n        \"SubjectElement\": [\n          {\n            \"Path\": {\n              \"value\": \"<Error: Too many levels of nesting to fake this schema>\"\n            },\n            \"ServerPath\": {\n              \"value\": \"<Error: Too many levels of nesting to fake this schema>\"\n            },\n            \"Value\": {\n              \"value\": \"<Error: Too many levels of nesting to fake this schema>\"\n            }\n          },\n          {\n            \"Path\": {\n              \"value\": \"<Error: Too many levels of nesting to fake this schema>\"\n            },\n            \"ServerPath\": {\n              \"value\": \"<Error: Too many levels of nesting to fake this schema>\"\n            },\n            \"Value\": {\n              \"value\": \"<Error: Too many levels of nesting to fake this schema>\"\n            }\n          }\n        ]\n      }\n    ]\n  },\n  \"RecCtrlOut\": {\n    \"Cursor\": \"ea\"\n  }\n}","cookie":[],"_postman_previewlanguage":"json"}],"event":[],"protocolProfileBehavior":{"disableBodyPruning":true}}],"event":[]}],"event":[],"variable":[{"type":"string","value":"/","key":"baseUrl"}],"info":{"_postman_id":"18084a33-c472-4863-8088-f859c4b0dafa","name":"Safe Deposit Box Inventory Service","schema":"https://schema.getpostman.com/json/collection/v2.1.0/collection.json","description":{"content":"Safe Deposit Box Inventory Service supports operation to manage the inventory of safe deposit boxes at the financial institution.","type":"text/plain"}}}