{"item":[{"id":"65a9ff1d-ee87-4e5a-a511-b9c99785f68c","name":"Tenant","description":{"content":"","type":"text/plain"},"item":[{"id":"17cf3e14-725d-45e0-a42d-e2d4f42c2d04","name":"Returns tenant provider API.","request":{"name":"Returns tenant provider API.","description":{},"url":{"path":["v2","products"],"host":["{{baseUrl}}"],"query":[],"variable":[]},"header":[{"key":"Accept","value":"application/json"}],"method":"GET","auth":null},"response":[{"id":"95040c1f-8aeb-4501-80e4-18b5d4cedcbe","name":"Tenant provider response. <a href=\"https://fiserv.com\" rel=\"noopener noreferrer\" target=\"_blank\">external link</a> <a href=\"../docs?path=docs/getting-started/setup-tenant/setup-tenant.md\">Setup Tenant</a>","originalRequest":{"url":{"path":["v2","products"],"host":["{{baseUrl}}"],"query":[],"variable":[]},"method":"GET","body":{}},"status":"OK","code":200,"header":[{"key":"Content-Type","value":"application/json"}],"body":"{\n  \"brand\": \"consectetur in\",\n  \"brandDescription\": \"laboris nulla\",\n  \"brandLogoURL\": \"nostrud\",\n  \"categories\": [\n    {\n      \"name\": \"enim\",\n      \"subcategories\": [\n        {\n          \"name\": \"elit sunt irure\",\n          \"value\": \"ea ut Lorem cillum\"\n        },\n        {\n          \"name\": \"ut\",\n          \"value\": \"nisi nostrud labore esse\"\n        }\n      ],\n      \"value\": \"ad ea Lorem\"\n    },\n    {\n      \"name\": \"non officia esse eu\",\n      \"subcategories\": [\n        {\n          \"name\": \"do Exc\",\n          \"value\": \"aliqua esse\"\n        },\n        {\n          \"name\": \"occaecat\",\n          \"value\": \"eu in\"\n        }\n      ],\n      \"value\": \"ex commodo officia enim eiusmod\"\n    }\n  ],\n  \"name\": \"aliqua tempor in a\",\n  \"product\": {\n    \"apiSpecification\": \"irure adipisicing esse\",\n    \"description\": \"non\",\n    \"documentation\": \"cupidatat eu\",\n    \"featured\": false,\n    \"layout\": \"laborum tempor consectetur sint nostrud\",\n    \"logoURL\": \"Duis non fugiat\"\n  },\n  \"solution\": \"id officia irure et\",\n  \"title\": \"ut Ut\"\n}","cookie":[],"_postman_previewlanguage":"json"}],"event":[],"protocolProfileBehavior":{"disableBodyPruning":true}}],"event":[]},{"id":"3026ee39-5b07-4e1c-ac29-5d91f59b59b6","name":"Specs","description":{"content":"","type":"text/plain"},"item":[{"id":"198f6724-9956-4cd3-9496-3848335ee3ef","name":"Returns OpenAPI Spec.","request":{"name":"Returns OpenAPI Spec.","description":{},"url":{"path":["v2","apis"],"host":["{{baseUrl}}"],"query":[],"variable":[]},"header":[{"key":"Content-Type","value":"application/json"}],"method":"POST","auth":null,"body":{"mode":"raw","raw":"{\n  \"categories\": [\n    {\n      \"name\": \"nisi adipisicing\",\n      \"subcategories\": [\n        {\n          \"name\": \"pariatur Ut velit\"\n        },\n        {\n          \"name\": \"ullamco voluptate des\"\n        }\n      ]\n    },\n    {\n      \"name\": \"deserunt proid\",\n      \"subcategories\": [\n        {\n          \"name\": \"Ut in anim\"\n        },\n        {\n          \"name\": \"dolor voluptate\"\n        }\n      ]\n    }\n  ]\n}","options":{"raw":{"language":"json"}}}},"response":[{"id":"4de45574-8689-409d-8eb3-d786fb1e09ce","originalRequest":{"url":{"path":["v2","apis"],"host":["{{baseUrl}}"],"query":[],"variable":[]},"method":"POST","body":{"mode":"raw","raw":"{\n  \"categories\": [\n    {\n      \"name\": \"in adipisicing\",\n      \"subcategories\": [\n        {\n          \"name\": \"ipsum sit id\"\n        },\n        {\n          \"name\": \"in Ut non\"\n        }\n      ]\n    },\n    {\n      \"name\": \"dolor amet non\",\n      \"subcategories\": [\n        {\n          \"name\": \"sed\"\n        },\n        {\n          \"name\": \"id Ut ex\"\n        }\n      ]\n    }\n  ]\n}","options":{"raw":{"language":"json"}}}},"status":"OK","code":200,"header":[{"key":"Content-Type","value":"text/plain"}],"body":"","cookie":[],"_postman_previewlanguage":"text"}],"event":[],"protocolProfileBehavior":{"disableBodyPruning":true}}],"event":[]},{"id":"5173bacc-11de-4ef9-81e8-8db58901c97a","name":"Documents","description":{"content":"","type":"text/plain"},"item":[{"id":"0ad7c957-7874-4c4f-a540-60633fecc3fa","name":"Returns Docs in markdown format.","request":{"name":"Returns Docs in markdown format.","description":{},"url":{"path":["v2","docs"],"host":["{{baseUrl}}"],"query":[{"disabled":false,"key":"path","value":"voluptate culpa","description":"(Required) Markdown document path"}],"variable":[]},"method":"GET","auth":null},"response":[{"id":"a7e92700-c8be-4865-a8af-f2f38735bd66","originalRequest":{"url":{"path":["v2","docs"],"host":["{{baseUrl}}"],"query":[{"key":"path","value":"voluptate culpa"}],"variable":[]},"method":"GET","body":{}},"status":"OK","code":200,"header":[{"key":"Content-Type","value":"text/plain"}],"body":"","cookie":[],"_postman_previewlanguage":"text"}],"event":[],"protocolProfileBehavior":{"disableBodyPruning":true}}],"event":[]},{"id":"5c05d294-b06b-40e2-9f4b-cbc873ee686b","name":"Layout","description":{"content":"","type":"text/plain"},"item":[{"id":"d0f3e3a9-d2dd-4896-a505-e31ff51f6084","name":"Returns the product page layout.","request":{"name":"Returns the product page layout.","description":{},"url":{"path":["v2","layouts"],"host":["{{baseUrl}}"],"query":[],"variable":[]},"header":[{"key":"Accept","value":"application/json"}],"method":"GET","auth":null},"response":[{"id":"cfbf83d4-eb42-4848-9133-04bd177db529","name":"This text will appear as description of your response body.","originalRequest":{"url":{"path":["v2","layouts"],"host":["{{baseUrl}}"],"query":[],"variable":[]},"method":"GET","body":{}},"status":"OK","code":200,"header":[{"key":"Content-Type","value":"application/json"}],"body":"[\n  {\n    \"hero\": [\n      {\n        \"descrption\": \"sint ea\",\n        \"image\": \"est tempor reprehenderit esse\"\n      },\n      {\n        \"descrption\": \"cupidatat\",\n        \"image\": \"nisi enim in eu esse\"\n      }\n    ],\n    \"journey Cards\": [\n      {\n        \"journeyCard\": [\n          {\n            \"contextualNavigationCards\": [\n              {\n                \"contextualNavigationCard\": [\n                  {\n                    \"value\": \"<Error: Too many levels of nesting to fake this schema>\"\n                  },\n                  {\n                    \"value\": \"<Error: Too many levels of nesting to fake this schema>\"\n                  }\n                ]\n              },\n              {\n                \"contextualNavigationCard\": [\n                  {\n                    \"value\": \"<Error: Too many levels of nesting to fake this schema>\"\n                  },\n                  {\n                    \"value\": \"<Error: Too many levels of nesting to fake this schema>\"\n                  }\n                ]\n              }\n            ],\n            \"description\": \"in amet deserunt enim ut\",\n            \"link\": [\n              {\n                \"type\": \"labore proident ex\",\n                \"uri\": \"in adipisicing ut ad eu\"\n              },\n              {\n                \"type\": \"incididunt minim irure qui elit\",\n                \"uri\": \"sint ut in\"\n              }\n            ],\n            \"title\": \"ut irure aliquip nostrud\"\n          },\n          {\n            \"contextualNavigationCards\": [\n              {\n                \"contextualNavigationCard\": [\n                  {\n                    \"value\": \"<Error: Too many levels of nesting to fake this schema>\"\n                  },\n                  {\n                    \"value\": \"<Error: Too many levels of nesting to fake this schema>\"\n                  }\n                ]\n              },\n              {\n                \"contextualNavigationCard\": [\n                  {\n                    \"value\": \"<Error: Too many levels of nesting to fake this schema>\"\n                  },\n                  {\n                    \"value\": \"<Error: Too many levels of nesting to fake this schema>\"\n                  }\n                ]\n              }\n            ],\n            \"description\": \"ut sed\",\n            \"link\": [\n              {\n                \"type\": \"enim culpa dolore ullamco\",\n                \"uri\": \"laborum Ut\"\n              },\n              {\n                \"type\": \"qui laboris ex\",\n                \"uri\": \"irure eiusmod\"\n              }\n            ],\n            \"title\": \"sint est \"\n          }\n        ]\n      },\n      {\n        \"journeyCard\": [\n          {\n            \"contextualNavigationCards\": [\n              {\n                \"contextualNavigationCard\": [\n                  {\n                    \"value\": \"<Error: Too many levels of nesting to fake this schema>\"\n                  },\n                  {\n                    \"value\": \"<Error: Too many levels of nesting to fake this schema>\"\n                  }\n                ]\n              },\n              {\n                \"contextualNavigationCard\": [\n                  {\n                    \"value\": \"<Error: Too many levels of nesting to fake this schema>\"\n                  },\n                  {\n                    \"value\": \"<Error: Too many levels of nesting to fake this schema>\"\n                  }\n                ]\n              }\n            ],\n            \"description\": \"in Ut\",\n            \"link\": [\n              {\n                \"type\": \"ex quis in\",\n                \"uri\": \"nostrud ut ullamco\"\n              },\n              {\n                \"type\": \"est et officia\",\n                \"uri\": \"adipisicing Duis\"\n              }\n            ],\n            \"title\": \"nisi ad et elit\"\n          },\n          {\n            \"contextualNavigationCards\": [\n              {\n                \"contextualNavigationCard\": [\n                  {\n                    \"value\": \"<Error: Too many levels of nesting to fake this schema>\"\n                  },\n                  {\n                    \"value\": \"<Error: Too many levels of nesting to fake this schema>\"\n                  }\n                ]\n              },\n              {\n                \"contextualNavigationCard\": [\n                  {\n                    \"value\": \"<Error: Too many levels of nesting to fake this schema>\"\n                  },\n                  {\n                    \"value\": \"<Error: Too many levels of nesting to fake this schema>\"\n                  }\n                ]\n              }\n            ],\n            \"description\": \"tempor Duis laborum\",\n            \"link\": [\n              {\n                \"type\": \"sed tempor\",\n                \"uri\": \"qui sit Lorem\"\n              },\n              {\n                \"type\": \"ullamco anim ut\",\n                \"uri\": \"cupidatat pariatur inc\"\n              }\n            ],\n            \"title\": \"magna cupidatat amet\"\n          }\n        ]\n      }\n    ]\n  },\n  {\n    \"hero\": [\n      {\n        \"descrption\": \"eu cupidatat cillum consequat minim\",\n        \"image\": \"ex anim\"\n      },\n      {\n        \"descrption\": \"in sint\",\n        \"image\": \"sed Lorem\"\n      }\n    ],\n    \"journey Cards\": [\n      {\n        \"journeyCard\": [\n          {\n            \"contextualNavigationCards\": [\n              {\n                \"contextualNavigationCard\": [\n                  {\n                    \"value\": \"<Error: Too many levels of nesting to fake this schema>\"\n                  },\n                  {\n                    \"value\": \"<Error: Too many levels of nesting to fake this schema>\"\n                  }\n                ]\n              },\n              {\n                \"contextualNavigationCard\": [\n                  {\n                    \"value\": \"<Error: Too many levels of nesting to fake this schema>\"\n                  },\n                  {\n                    \"value\": \"<Error: Too many levels of nesting to fake this schema>\"\n                  }\n                ]\n              }\n            ],\n            \"description\": \"reprehenderit consectetur irure aliqua\",\n            \"link\": [\n              {\n                \"type\": \"sunt Excepteur\",\n                \"uri\": \"ut aute do\"\n              },\n              {\n                \"type\": \"in\",\n                \"uri\": \"aute ex nisi cillum\"\n              }\n            ],\n            \"title\": \"quis occaecat dolore pariatur nisi\"\n          },\n          {\n            \"contextualNavigationCards\": [\n              {\n                \"contextualNavigationCard\": [\n                  {\n                    \"value\": \"<Error: Too many levels of nesting to fake this schema>\"\n                  },\n                  {\n                    \"value\": \"<Error: Too many levels of nesting to fake this schema>\"\n                  }\n                ]\n              },\n              {\n                \"contextualNavigationCard\": [\n                  {\n                    \"value\": \"<Error: Too many levels of nesting to fake this schema>\"\n                  },\n                  {\n                    \"value\": \"<Error: Too many levels of nesting to fake this schema>\"\n                  }\n                ]\n              }\n            ],\n            \"description\": \"pariatur voluptate\",\n            \"link\": [\n              {\n                \"type\": \"in mollit officia\",\n                \"uri\": \"consect\"\n              },\n              {\n                \"type\": \"aliquip nisi nostrud\",\n                \"uri\": \"ullamco officia veniam eiusmod commodo\"\n              }\n            ],\n            \"title\": \"elit nisi\"\n          }\n        ]\n      },\n      {\n        \"journeyCard\": [\n          {\n            \"contextualNavigationCards\": [\n              {\n                \"contextualNavigationCard\": [\n                  {\n                    \"value\": \"<Error: Too many levels of nesting to fake this schema>\"\n                  },\n                  {\n                    \"value\": \"<Error: Too many levels of nesting to fake this schema>\"\n                  }\n                ]\n              },\n              {\n                \"contextualNavigationCard\": [\n                  {\n                    \"value\": \"<Error: Too many levels of nesting to fake this schema>\"\n                  },\n                  {\n                    \"value\": \"<Error: Too many levels of nesting to fake this schema>\"\n                  }\n                ]\n              }\n            ],\n            \"description\": \"quis ut sed\",\n            \"link\": [\n              {\n                \"type\": \"labore in deserunt\",\n                \"uri\": \"sunt anim pariatur\"\n              },\n              {\n                \"type\": \"incididunt repre\",\n                \"uri\": \"elit\"\n              }\n            ],\n            \"title\": \"dolor laborum dolo\"\n          },\n          {\n            \"contextualNavigationCards\": [\n              {\n                \"contextualNavigationCard\": [\n                  {\n                    \"value\": \"<Error: Too many levels of nesting to fake this schema>\"\n                  },\n                  {\n                    \"value\": \"<Error: Too many levels of nesting to fake this schema>\"\n                  }\n                ]\n              },\n              {\n                \"contextualNavigationCard\": [\n                  {\n                    \"value\": \"<Error: Too many levels of nesting to fake this schema>\"\n                  },\n                  {\n                    \"value\": \"<Error: Too many levels of nesting to fake this schema>\"\n                  }\n                ]\n              }\n            ],\n            \"description\": \"in laboris ex commodo\",\n            \"link\": [\n              {\n                \"type\": \"oc\",\n                \"uri\": \"eiusmod in cillum\"\n              },\n              {\n                \"type\": \"qui voluptate ut Ut\",\n                \"uri\": \"sed \"\n              }\n            ],\n            \"title\": \"sed in\"\n          }\n        ]\n      }\n    ]\n  }\n]","cookie":[],"_postman_previewlanguage":"json"}],"event":[],"protocolProfileBehavior":{"disableBodyPruning":true}}],"event":[]}],"event":[],"variable":[{"type":"string","value":"https://tenants.fiserv.com/","key":"baseUrl"}],"info":{"_postman_id":"7c2c95bd-52e0-441c-8783-aae83070d563","name":"Dev Portal Tenant APIs.","schema":"https://schema.getpostman.com/json/collection/v2.1.0/collection.json","description":{"content":"To onboard properly into the Fiserv Developer Studio as a tenant each product must support these APIs so that we can retrieve product specific API specifications and documentation.","type":"text/plain"}}}