{"item":[{"id":"2fb223fb-9aba-4d4e-9aba-58d5244f45ba","name":"salesprodagrmt","item":[{"id":"884e3d5f-c4fe-4832-86a5-09d89a2492e6","name":"inq Renewal Maturity Ctrl","request":{"name":"inq Renewal Maturity Ctrl","description":{"content":"Enquire on account renewal/maturity detail","type":"text/plain"},"url":{"path":["salesprodagrmt","renewalmaturityctrl","inq"],"host":["{{baseUrl}}"],"query":[],"variable":[]},"header":[{"disabled":false,"description":"(Required) Name of the application","key":"application-name","value":"Swagger"},{"disabled":false,"description":"(Required) ","key":"x-apikey","value":"2MWVAWF2xZz0eNQUK0NVhwpWYkr7gehG"},{"key":"Content-Type","value":"application/json"},{"key":"Accept","value":"application/json"}],"method":"POST","auth":null,"body":{"mode":"raw","raw":"{\n  \"rqUID\": {\n    \"rqUID\": \"<uuid>\"\n  },\n  \"aliasBankAcctId\": {\n    \"aliasAcctType\": \"<listTable - AliasAcctType>\",\n    \"aliasAcctId\": \"<NUMBER(35, 0)>\",\n    \"aliasAcctIdMasked\": \"<NUMBER(0, 0)>\"\n  },\n  \"bankAcctId\": {\n    \"acctId\": \"<NUMBER(12, 0)>\",\n    \"acctType\": \"<listTable - AcctType>\",\n    \"acctIdMasked\": \"<string>\"\n  }\n}","options":{"raw":{"language":"json"}}}},"response":[{"id":"273da669-45d0-46b6-997e-b2ef243e74e4","name":"Renewal maturity ctrl enquiry response","originalRequest":{"url":{"path":["salesprodagrmt","renewalmaturityctrl","inq"],"host":["{{baseUrl}}"],"query":[],"variable":[]},"header":[{"disabled":false,"description":"(Required) Name of the application","key":"application-name","value":"Swagger"},{"disabled":false,"description":"(Required) ","key":"x-apikey","value":"2MWVAWF2xZz0eNQUK0NVhwpWYkr7gehG"},{"key":"Accept","value":"application/json"}],"method":"POST","body":{"mode":"raw","raw":"{\n  \"rqUID\": {\n    \"rqUID\": \"3fa85f64-5717-4562-b3fc-2c963f66afa6\"\n  },\n  \"bankAcctId\": {\n    \"acctType\": \"TM\",\n    \"acctId\": \"8546\",\n    \"acctIdMasked\": \"\"\n  }\n}","options":{"raw":{"language":"json"}}}},"status":"OK","code":200,"header":[{"key":"Content-Type","value":"application/json"}],"body":"{\n  \"rqUID\": {\n    \"rqUID\": \"3fa85f64-5717-4562-b3fc-2c963f66afa6\"\n  },\n  \"status\": {\n    \"statusCode\": 0,\n    \"statusDesc\": \"Success\"\n  },\n  \"aliasBankAcctId\": {},\n  \"bankAcctId\": {\n    \"acctType\": \"TM\",\n    \"acctId\": \"QUVTOiAwVE5FVFdEMTloOW5ZODJkTzBpSkhRPT0=\",\n    \"acctIdMasked\": \"*********8546\"\n  },\n  \"shortName\": \"WILLIAMSON KANE\",\n  \"renewalMaturityCtrlInfo\": {\n    \"renewalOptionCode\": \"Automatic renewable\",\n    \"renewalPeriodCode\": \"Months\",\n    \"renewalFreq\": \"1\",\n    \"renewalSpecDayCode\": \"00\",\n    \"lastRenewalDt\": \"2021-11-08\",\n    \"renewalNum\": \"15\",\n    \"matDt\": \"2021-12-08\",\n    \"origMatDt\": \"2020-08-31\",\n    \"matNoticeLeadDays\": \"10\",\n    \"ratePricingMeth\": \"1\",\n    \"princDispCode\": \"Manual disposition\",\n    \"princTransferAcct\": {\n      \"acctId\": \"\",\n      \"acctType\": \"00\",\n      \"aliasBankAcctId\": {\n        \"aliasAcctType\": \"\",\n        \"aliasAcctId\": \"\"\n      },\n      \"bankInfo\": {\n        \"bankId\": \"0\"\n      },\n      \"referenceId\": \"\"\n    },\n    \"princTransmutedAcctId\": {\n      \"acctId\": \"\",\n      \"bankInfo\": {\n        \"bankId\": \"0\"\n      },\n      \"referenceId\": \"\",\n      \"outgoingChannelPmtId\": \"\",\n      \"acctIdMasked\": \"\"\n    },\n    \"trancheId\": \"0000000000\",\n    \"indexVarPct\": 0,\n    \"intPmtPeriodCode\": \"Days\",\n    \"intPmtFreqCode\": \"5\",\n    \"intPmtSpecDay\": \"00\",\n    \"overrideIntRate\": 0\n  }\n}","cookie":[],"_postman_previewlanguage":"json"},{"id":"427915c4-59a9-4e60-a67f-5c9674c43bb2","name":"Unauthorized","originalRequest":{"url":{"path":["salesprodagrmt","renewalmaturityctrl","inq"],"host":["{{baseUrl}}"],"query":[],"variable":[]},"header":[{"disabled":false,"description":"(Required) Name of the application","key":"application-name","value":"Swagger"},{"disabled":false,"description":"(Required) ","key":"x-apikey","value":"2MWVAWF2xZz0eNQUK0NVhwpWYkr7gehG"}],"method":"POST","body":{"mode":"raw","raw":"{\n  \"rqUID\": {\n    \"rqUID\": \"3fa85f64-5717-4562-b3fc-2c963f66afa6\"\n  },\n  \"bankAcctId\": {\n    \"acctType\": \"TM\",\n    \"acctId\": \"8546\",\n    \"acctIdMasked\": \"\"\n  }\n}","options":{"raw":{"language":"json"}}}},"status":"Unauthorized","code":401,"header":[{"key":"Content-Type","value":"text/plain"}],"body":"","cookie":[],"_postman_previewlanguage":"text"},{"id":"62257ad4-8771-4d97-9b12-9888386091fa","name":"Forbidden","originalRequest":{"url":{"path":["salesprodagrmt","renewalmaturityctrl","inq"],"host":["{{baseUrl}}"],"query":[],"variable":[]},"header":[{"disabled":false,"description":"(Required) Name of the application","key":"application-name","value":"Swagger"},{"disabled":false,"description":"(Required) ","key":"x-apikey","value":"2MWVAWF2xZz0eNQUK0NVhwpWYkr7gehG"}],"method":"POST","body":{"mode":"raw","raw":"{\n  \"rqUID\": {\n    \"rqUID\": \"3fa85f64-5717-4562-b3fc-2c963f66afa6\"\n  },\n  \"bankAcctId\": {\n    \"acctType\": \"TM\",\n    \"acctId\": \"8546\",\n    \"acctIdMasked\": \"\"\n  }\n}","options":{"raw":{"language":"json"}}}},"status":"Forbidden","code":403,"header":[{"key":"Content-Type","value":"text/plain"}],"body":"","cookie":[],"_postman_previewlanguage":"text"},{"id":"40676ad0-ebed-4678-b223-b2a9b91b941b","name":"Not Found","originalRequest":{"url":{"path":["salesprodagrmt","renewalmaturityctrl","inq"],"host":["{{baseUrl}}"],"query":[],"variable":[]},"header":[{"disabled":false,"description":"(Required) Name of the application","key":"application-name","value":"Swagger"},{"disabled":false,"description":"(Required) ","key":"x-apikey","value":"2MWVAWF2xZz0eNQUK0NVhwpWYkr7gehG"}],"method":"POST","body":{"mode":"raw","raw":"{\n  \"rqUID\": {\n    \"rqUID\": \"3fa85f64-5717-4562-b3fc-2c963f66afa6\"\n  },\n  \"bankAcctId\": {\n    \"acctType\": \"TM\",\n    \"acctId\": \"8546\",\n    \"acctIdMasked\": \"\"\n  }\n}","options":{"raw":{"language":"json"}}}},"status":"Not Found","code":404,"header":[{"key":"Content-Type","value":"text/plain"}],"body":"","cookie":[],"_postman_previewlanguage":"text"},{"id":"28d5e081-651a-4618-82ea-04806d681895","name":"Internal Server Error","originalRequest":{"url":{"path":["salesprodagrmt","renewalmaturityctrl","inq"],"host":["{{baseUrl}}"],"query":[],"variable":[]},"header":[{"disabled":false,"description":"(Required) Name of the application","key":"application-name","value":"Swagger"},{"disabled":false,"description":"(Required) ","key":"x-apikey","value":"2MWVAWF2xZz0eNQUK0NVhwpWYkr7gehG"},{"key":"Accept","value":"application/json"}],"method":"POST","body":{"mode":"raw","raw":"{\n  \"rqUID\": {\n    \"rqUID\": \"3fa85f64-5717-4562-b3fc-2c963f66afa6\"\n  },\n  \"bankAcctId\": {\n    \"acctType\": \"TM\",\n    \"acctId\": \"8546\",\n    \"acctIdMasked\": \"\"\n  }\n}","options":{"raw":{"language":"json"}}}},"status":"Internal Server Error","code":500,"header":[{"key":"Content-Type","value":"application/json"}],"body":"{\n  \"status\": {\n    \"statusCode\": 41562113,\n    \"statusDesc\": \"nostrud ea do\",\n    \"supportUID\": \"urn:uuid:7b036277-527d-e75d-600b-c0b4a0f53f21\",\n    \"supportDescription\": \"incididunt elit sint aliquip\",\n    \"errorCount\": 3888168,\n    \"warningCount\": 43719173,\n    \"errors\": [\n      {\n        \"source\": \"consectetur magna ea Duis\",\n        \"errNum\": \"nulla cillum ullamco\",\n        \"errDesc\": \"velit ea occ\",\n        \"errDtl\": \"mollit quis in Ut exercitation\",\n        \"errField\": \"sint dolor\",\n        \"errType\": \"f\",\n        \"errTagName\": \"nostrud Duis culpa\",\n        \"hostErrCode\": \"cill\",\n        \"useCode\": \"co\",\n        \"supportUID\": \"a52b6ab4-d0fd-022c-bdaa-d8f6a0ca515a\",\n        \"rows\": [\n          53395389,\n          23390834\n        ]\n      },\n      {\n        \"source\": \"veniam\",\n        \"errNum\": \"irure ea ex laboris veniam\",\n        \"errDesc\": \"dolore nisi minim veniam\",\n        \"errDtl\": \"sit adipisicing\",\n        \"errField\": \"\",\n        \"errType\": \"i\",\n        \"errTagName\": \"dol\",\n        \"hostErrCode\": \"exercit\",\n        \"useCode\": \"m\",\n        \"supportUID\": \"urn:uuid:75243862-51bb-07c4-4243-e36bed2513b7\",\n        \"rows\": [\n          -98670415,\n          -4001284\n        ]\n      }\n    ],\n    \"warnings\": [\n      {\n        \"source\": \"Excepteur sit dolore\",\n        \"errNum\": \"qui magna quis consequat\",\n        \"errDesc\": \"aliq\",\n        \"errDtl\": \"adipisicing et fugiat\",\n        \"errField\": \"aliquip consequat elit\",\n        \"errType\": \"u\",\n        \"errTagName\": \"dolor Excepteur deser\",\n        \"hostErrCode\": \"magna\",\n        \"useCode\": \"\",\n        \"supportUID\": \"urn:uuid:b392129b-6ab6-7c4a-3de6-bead8044aab7\",\n        \"rows\": [\n          -30260996,\n          54787\n        ]\n      },\n      {\n        \"source\": \"consectetur\",\n        \"errNum\": \"sint mollit laboris\",\n        \"errDesc\": \"reprehenderit exe\",\n        \"errDtl\": \"nostrud velit Lorem\",\n        \"errField\": \"aliqua ex exercitation\",\n        \"errType\": \"t\",\n        \"errTagName\": \"irure occaecat non cupida\",\n        \"hostErrCode\": \"mini\",\n        \"useCode\": \"a\",\n        \"supportUID\": \"urn:uuid:c716c9af-dca0-7a1f-ab7b-06d306cc7814\",\n        \"rows\": [\n          57021191,\n          -24590317\n        ]\n      }\n    ]\n  }\n}","cookie":[],"_postman_previewlanguage":"json"}],"event":[],"protocolProfileBehavior":{"disableBodyPruning":true}},{"id":"2d2a735b-35c3-487d-9d39-5a85fe1bb4ff","name":"inq Product Extended","request":{"name":"inq Product Extended","description":{"content":"Enquire on product extended information","type":"text/plain"},"url":{"path":["salesprodagrmt","productextended","inq"],"host":["{{baseUrl}}"],"query":[],"variable":[]},"header":[{"disabled":false,"description":"(Required) Name of the application","key":"application-name","value":"Swagger"},{"disabled":false,"description":"(Required) ","key":"x-apikey","value":"2MWVAWF2xZz0eNQUK0NVhwpWYkr7gehG"},{"key":"Content-Type","value":"application/json"},{"key":"Accept","value":"application/json"}],"method":"POST","auth":null,"body":{"mode":"raw","raw":"{\n  \"prodId\": \"<string>\",\n  \"rqUID\": {\n    \"rqUID\": \"<uuid>\"\n  },\n  \"appType\": \"<listTable - ProdAppType>\"\n}","options":{"raw":{"language":"json"}}}},"response":[{"id":"599bd02a-fd7d-4fb7-bee9-c84c7d1e47fb","name":"Product extended enquiry response","originalRequest":{"url":{"path":["salesprodagrmt","productextended","inq"],"host":["{{baseUrl}}"],"query":[],"variable":[]},"header":[{"disabled":false,"description":"(Required) Name of the application","key":"application-name","value":"Swagger"},{"disabled":false,"description":"(Required) ","key":"x-apikey","value":"2MWVAWF2xZz0eNQUK0NVhwpWYkr7gehG"},{"key":"Accept","value":"application/json"}],"method":"POST","body":{"mode":"raw","raw":"{\n  \"rqUID\": {\n    \"rqUID\": \"3fa85f64-5717-4562-b3fc-2c963f66afa6\"\n  },\n  \"appType\": \"\",\n  \"prodId\": \"09149\"\n}","options":{"raw":{"language":"json"}}}},"status":"OK","code":200,"header":[{"key":"Content-Type","value":"application/json"}],"body":"{\n  \"rqUID\": {\n    \"rqUID\": \"a0623179-7ed9-45c6-932a-ebf7c0a2cab8\"\n  },\n  \"status\": {\n    \"statusCode\": 0,\n    \"statusDesc\": \"Success\"\n  },\n  \"appType\": \"\",\n  \"prodId\": \"09149\",\n  \"productExtendedInfo\": {\n    \"appType\": \"TM\",\n    \"prodId\": \"09149\",\n    \"sortCode\": \"123456\",\n    \"serviceUserNbr\": \"123456\"\n  }\n}","cookie":[],"_postman_previewlanguage":"json"},{"id":"110b9dc0-95c1-4fb0-9159-1f37b4401e71","name":"Unauthorized","originalRequest":{"url":{"path":["salesprodagrmt","productextended","inq"],"host":["{{baseUrl}}"],"query":[],"variable":[]},"header":[{"disabled":false,"description":"(Required) Name of the application","key":"application-name","value":"Swagger"},{"disabled":false,"description":"(Required) ","key":"x-apikey","value":"2MWVAWF2xZz0eNQUK0NVhwpWYkr7gehG"}],"method":"POST","body":{"mode":"raw","raw":"{\n  \"rqUID\": {\n    \"rqUID\": \"3fa85f64-5717-4562-b3fc-2c963f66afa6\"\n  },\n  \"appType\": \"\",\n  \"prodId\": \"09149\"\n}","options":{"raw":{"language":"json"}}}},"status":"Unauthorized","code":401,"header":[{"key":"Content-Type","value":"text/plain"}],"body":"","cookie":[],"_postman_previewlanguage":"text"},{"id":"064502c0-eb43-480f-b4b3-cbf1e522c216","name":"Forbidden","originalRequest":{"url":{"path":["salesprodagrmt","productextended","inq"],"host":["{{baseUrl}}"],"query":[],"variable":[]},"header":[{"disabled":false,"description":"(Required) Name of the application","key":"application-name","value":"Swagger"},{"disabled":false,"description":"(Required) ","key":"x-apikey","value":"2MWVAWF2xZz0eNQUK0NVhwpWYkr7gehG"}],"method":"POST","body":{"mode":"raw","raw":"{\n  \"rqUID\": {\n    \"rqUID\": \"3fa85f64-5717-4562-b3fc-2c963f66afa6\"\n  },\n  \"appType\": \"\",\n  \"prodId\": \"09149\"\n}","options":{"raw":{"language":"json"}}}},"status":"Forbidden","code":403,"header":[{"key":"Content-Type","value":"text/plain"}],"body":"","cookie":[],"_postman_previewlanguage":"text"},{"id":"024269c2-39d8-4f65-8af5-6bfd619bb75d","name":"Not Found","originalRequest":{"url":{"path":["salesprodagrmt","productextended","inq"],"host":["{{baseUrl}}"],"query":[],"variable":[]},"header":[{"disabled":false,"description":"(Required) Name of the application","key":"application-name","value":"Swagger"},{"disabled":false,"description":"(Required) ","key":"x-apikey","value":"2MWVAWF2xZz0eNQUK0NVhwpWYkr7gehG"}],"method":"POST","body":{"mode":"raw","raw":"{\n  \"rqUID\": {\n    \"rqUID\": \"3fa85f64-5717-4562-b3fc-2c963f66afa6\"\n  },\n  \"appType\": \"\",\n  \"prodId\": \"09149\"\n}","options":{"raw":{"language":"json"}}}},"status":"Not Found","code":404,"header":[{"key":"Content-Type","value":"text/plain"}],"body":"","cookie":[],"_postman_previewlanguage":"text"},{"id":"66ce189d-8241-40dc-88c0-a66c34fa3fe7","name":"Internal Server Error","originalRequest":{"url":{"path":["salesprodagrmt","productextended","inq"],"host":["{{baseUrl}}"],"query":[],"variable":[]},"header":[{"disabled":false,"description":"(Required) Name of the application","key":"application-name","value":"Swagger"},{"disabled":false,"description":"(Required) ","key":"x-apikey","value":"2MWVAWF2xZz0eNQUK0NVhwpWYkr7gehG"},{"key":"Accept","value":"application/json"}],"method":"POST","body":{"mode":"raw","raw":"{\n  \"rqUID\": {\n    \"rqUID\": \"3fa85f64-5717-4562-b3fc-2c963f66afa6\"\n  },\n  \"appType\": \"\",\n  \"prodId\": \"09149\"\n}","options":{"raw":{"language":"json"}}}},"status":"Internal Server Error","code":500,"header":[{"key":"Content-Type","value":"application/json"}],"body":"{\n  \"status\": {\n    \"statusCode\": -83565355,\n    \"statusDesc\": \"velit voluptat\",\n    \"supportUID\": \"urn:uuid:49a3683d-a26c-529a-5101-9391229eabe5\",\n    \"supportDescription\": \"pariatur ea incididunt occaecat\",\n    \"errorCount\": 51688854,\n    \"warningCount\": -64206581,\n    \"errors\": [\n      {\n        \"source\": \"quis\",\n        \"errNum\": \"aute magna\",\n        \"errDesc\": \"pariatur\",\n        \"errDtl\": \"ut\",\n        \"errField\": \"nisi irure sit a\",\n        \"errType\": \"o\",\n        \"errTagName\": \"irure reprehenderit Ut\",\n        \"hostErrCode\": \"esse \",\n        \"useCode\": \"e\",\n        \"supportUID\": \"56c8d500-4e63-2f6c-65eb-680b0ddc934a\",\n        \"rows\": [\n          18470569,\n          -86612527\n        ]\n      },\n      {\n        \"source\": \"Duis labo\",\n        \"errNum\": \"do nostrud ea esse Lorem\",\n        \"errDesc\": \"proid\",\n        \"errDtl\": \"tempor \",\n        \"errField\": \"proident\",\n        \"errType\": \"e\",\n        \"errTagName\": \"qui quis c\",\n        \"hostErrCode\": \"nisi s\",\n        \"useCode\": \"\",\n        \"supportUID\": \"urn:uuid:f40ab0c6-a1df-2fc4-0c58-b76a06341cbc\",\n        \"rows\": [\n          93939873,\n          -15337525\n        ]\n      }\n    ],\n    \"warnings\": [\n      {\n        \"source\": \"ex\",\n        \"errNum\": \"sunt quis ex nisi\",\n        \"errDesc\": \"officia\",\n        \"errDtl\": \"elit Lorem ut fugiat\",\n        \"errField\": \"qui\",\n        \"errType\": \"r\",\n        \"errTagName\": \"quis reprehenderit a\",\n        \"hostErrCode\": \"sed sun\",\n        \"useCode\": \"D\",\n        \"supportUID\": \"1c4f53ba-9fff-22c4-ad99-9b1bd61245ff\",\n        \"rows\": [\n          67349324,\n          78514788\n        ]\n      },\n      {\n        \"source\": \"est ad nulla Excepteur\",\n        \"errNum\": \"dolore esse do ea\",\n        \"errDesc\": \"quis elit sed exercitation\",\n        \"errDtl\": \"nisi ad dolore \",\n        \"errField\": \"sunt exercitation al\",\n        \"errType\": \"l\",\n        \"errTagName\": \"cillum occaecat in est\",\n        \"hostErrCode\": \"sed l\",\n        \"useCode\": \"a\",\n        \"supportUID\": \"urn:uuid:aa2957ce-59c0-0e19-c864-e5bf02b84546\",\n        \"rows\": [\n          29296261,\n          7464246\n        ]\n      }\n    ]\n  }\n}","cookie":[],"_postman_previewlanguage":"json"}],"event":[],"protocolProfileBehavior":{"disableBodyPruning":true}},{"id":"77db55c4-6baf-41ad-b9e9-5c4415065720","name":"inq Notice Of Wd","request":{"name":"inq Notice Of Wd","description":{"content":"Enquire on notice of withdrawal","type":"text/plain"},"url":{"path":["salesprodagrmt","noticeofwd","inq"],"host":["{{baseUrl}}"],"query":[],"variable":[]},"header":[{"disabled":false,"description":"(Required) Name of the application","key":"application-name","value":"Swagger"},{"disabled":false,"description":"(Required) ","key":"x-apikey","value":"2MWVAWF2xZz0eNQUK0NVhwpWYkr7gehG"},{"key":"Content-Type","value":"application/json"},{"key":"Accept","value":"application/json"}],"method":"POST","auth":null,"body":{"mode":"raw","raw":"{\n  \"rqUID\": {\n    \"rqUID\": \"<uuid>\"\n  },\n  \"recCtrlIn\": {\n    \"maxRec\": \"<NUMBER(2, 0)>\",\n    \"cursor\": \"<string>\"\n  },\n  \"aliasBankAcctId\": {\n    \"aliasAcctType\": \"<listTable - AliasAcctType>\",\n    \"aliasAcctId\": \"<NUMBER(35, 0)>\",\n    \"aliasAcctIdMasked\": \"<NUMBER(0, 0)>\"\n  },\n  \"bankAcctId\": {\n    \"acctId\": \"<NUMBER(12, 0)>\",\n    \"acctType\": \"<listTable - AcctType>\",\n    \"acctIdMasked\": \"<string>\"\n  }\n}","options":{"raw":{"language":"json"}}}},"response":[{"id":"44a01809-7306-4a8d-a3cb-9cda0c51bf70","name":"Notice of wd enquiry response","originalRequest":{"url":{"path":["salesprodagrmt","noticeofwd","inq"],"host":["{{baseUrl}}"],"query":[],"variable":[]},"header":[{"disabled":false,"description":"(Required) Name of the application","key":"application-name","value":"Swagger"},{"disabled":false,"description":"(Required) ","key":"x-apikey","value":"2MWVAWF2xZz0eNQUK0NVhwpWYkr7gehG"},{"key":"Accept","value":"application/json"}],"method":"POST","body":{"mode":"raw","raw":"{\n  \"rqUID\": {\n    \"rqUID\": \"3fa85f64-5717-4562-b3fc-2c963f66afa6\"\n  },\n  \"recCtrlIn\": {\n    \"maxRec\": 0,\n    \"cursor\": \"\"\n  },\n  \"bankAcctId\": {\n    \"acctType\": \"TM\",\n    \"acctId\": \"8546\",\n    \"acctIdMasked\": \"\"\n  }\n}","options":{"raw":{"language":"json"}}}},"status":"OK","code":200,"header":[{"key":"Content-Type","value":"application/json"}],"body":"{\n  \"rqUID\": {\n    \"rqUID\": \"a0623179-7ed9-45c6-932a-ebf7c0a2cab8\"\n  },\n  \"status\": {\n    \"statusCode\": 0,\n    \"statusDesc\": \"Success\"\n  },\n  \"recCtrlOut\": {\n    \"matchedRec\": 0,\n    \"sentRec\": 2,\n    \"cursor\": \"00000000000\"\n  },\n  \"aliasBankAcctId\": {},\n  \"bankAcctId\": {\n    \"acctType\": \"TM\",\n    \"acctId\": \"QUVTOiA1YXhaTkhJOXBqcklMQ3NEd2JtUkNBPT0=\",\n    \"acctIdMasked\": \"*********8546\"\n  },\n  \"noticeOfWdInfo\": [\n    {\n      \"noticeGivenDt\": \"2021-11-10\",\n      \"graceExpDt\": \"2021-11-15\",\n      \"fundsAvailDt\": \"2021-11-15\",\n      \"noticeAmt\": {\n        \"amt\": 1000\n      },\n      \"passbookFlag\": true,\n      \"noticeSeqId\": \"1\",\n      \"unusedAmt\": {\n        \"amt\": 1000\n      },\n      \"noticeStatus\": \"Active\",\n      \"acctBal\": {\n        \"amt\": 2000\n      }\n    },\n    {\n      \"noticeGivenDt\": \"2021-11-10\",\n      \"graceExpDt\": \"2021-11-15\",\n      \"fundsAvailDt\": \"2021-11-15\",\n      \"noticeAmt\": {\n        \"amt\": 1000\n      },\n      \"passbookFlag\": true,\n      \"noticeSeqId\": \"2\",\n      \"unusedAmt\": {\n        \"amt\": 1000\n      },\n      \"noticeStatus\": \"Active\",\n      \"acctBal\": {\n        \"amt\": 2000\n      }\n    }\n  ]\n}","cookie":[],"_postman_previewlanguage":"json"},{"id":"a7b59892-5e76-450d-964e-07d6886b6c6f","name":"Unauthorized","originalRequest":{"url":{"path":["salesprodagrmt","noticeofwd","inq"],"host":["{{baseUrl}}"],"query":[],"variable":[]},"header":[{"disabled":false,"description":"(Required) Name of the application","key":"application-name","value":"Swagger"},{"disabled":false,"description":"(Required) ","key":"x-apikey","value":"2MWVAWF2xZz0eNQUK0NVhwpWYkr7gehG"}],"method":"POST","body":{"mode":"raw","raw":"{\n  \"rqUID\": {\n    \"rqUID\": \"3fa85f64-5717-4562-b3fc-2c963f66afa6\"\n  },\n  \"recCtrlIn\": {\n    \"maxRec\": 0,\n    \"cursor\": \"\"\n  },\n  \"bankAcctId\": {\n    \"acctType\": \"TM\",\n    \"acctId\": \"8546\",\n    \"acctIdMasked\": \"\"\n  }\n}","options":{"raw":{"language":"json"}}}},"status":"Unauthorized","code":401,"header":[{"key":"Content-Type","value":"text/plain"}],"body":"","cookie":[],"_postman_previewlanguage":"text"},{"id":"7fc65d1e-539e-4c9a-875d-75c7ed5c551a","name":"Forbidden","originalRequest":{"url":{"path":["salesprodagrmt","noticeofwd","inq"],"host":["{{baseUrl}}"],"query":[],"variable":[]},"header":[{"disabled":false,"description":"(Required) Name of the application","key":"application-name","value":"Swagger"},{"disabled":false,"description":"(Required) ","key":"x-apikey","value":"2MWVAWF2xZz0eNQUK0NVhwpWYkr7gehG"}],"method":"POST","body":{"mode":"raw","raw":"{\n  \"rqUID\": {\n    \"rqUID\": \"3fa85f64-5717-4562-b3fc-2c963f66afa6\"\n  },\n  \"recCtrlIn\": {\n    \"maxRec\": 0,\n    \"cursor\": \"\"\n  },\n  \"bankAcctId\": {\n    \"acctType\": \"TM\",\n    \"acctId\": \"8546\",\n    \"acctIdMasked\": \"\"\n  }\n}","options":{"raw":{"language":"json"}}}},"status":"Forbidden","code":403,"header":[{"key":"Content-Type","value":"text/plain"}],"body":"","cookie":[],"_postman_previewlanguage":"text"},{"id":"eb022d4f-70b8-41e1-b437-c4d478e931dc","name":"Not Found","originalRequest":{"url":{"path":["salesprodagrmt","noticeofwd","inq"],"host":["{{baseUrl}}"],"query":[],"variable":[]},"header":[{"disabled":false,"description":"(Required) Name of the application","key":"application-name","value":"Swagger"},{"disabled":false,"description":"(Required) ","key":"x-apikey","value":"2MWVAWF2xZz0eNQUK0NVhwpWYkr7gehG"}],"method":"POST","body":{"mode":"raw","raw":"{\n  \"rqUID\": {\n    \"rqUID\": \"3fa85f64-5717-4562-b3fc-2c963f66afa6\"\n  },\n  \"recCtrlIn\": {\n    \"maxRec\": 0,\n    \"cursor\": \"\"\n  },\n  \"bankAcctId\": {\n    \"acctType\": \"TM\",\n    \"acctId\": \"8546\",\n    \"acctIdMasked\": \"\"\n  }\n}","options":{"raw":{"language":"json"}}}},"status":"Not Found","code":404,"header":[{"key":"Content-Type","value":"text/plain"}],"body":"","cookie":[],"_postman_previewlanguage":"text"},{"id":"7c9d1a6d-778b-4200-b08d-6441c6c6edf5","name":"Internal Server Error","originalRequest":{"url":{"path":["salesprodagrmt","noticeofwd","inq"],"host":["{{baseUrl}}"],"query":[],"variable":[]},"header":[{"disabled":false,"description":"(Required) Name of the application","key":"application-name","value":"Swagger"},{"disabled":false,"description":"(Required) ","key":"x-apikey","value":"2MWVAWF2xZz0eNQUK0NVhwpWYkr7gehG"},{"key":"Accept","value":"application/json"}],"method":"POST","body":{"mode":"raw","raw":"{\n  \"rqUID\": {\n    \"rqUID\": \"3fa85f64-5717-4562-b3fc-2c963f66afa6\"\n  },\n  \"recCtrlIn\": {\n    \"maxRec\": 0,\n    \"cursor\": \"\"\n  },\n  \"bankAcctId\": {\n    \"acctType\": \"TM\",\n    \"acctId\": \"8546\",\n    \"acctIdMasked\": \"\"\n  }\n}","options":{"raw":{"language":"json"}}}},"status":"Internal Server Error","code":500,"header":[{"key":"Content-Type","value":"application/json"}],"body":"{\n  \"status\": {\n    \"statusCode\": -83565355,\n    \"statusDesc\": \"velit voluptat\",\n    \"supportUID\": \"urn:uuid:49a3683d-a26c-529a-5101-9391229eabe5\",\n    \"supportDescription\": \"pariatur ea incididunt occaecat\",\n    \"errorCount\": 51688854,\n    \"warningCount\": -64206581,\n    \"errors\": [\n      {\n        \"source\": \"quis\",\n        \"errNum\": \"aute magna\",\n        \"errDesc\": \"pariatur\",\n        \"errDtl\": \"ut\",\n        \"errField\": \"nisi irure sit a\",\n        \"errType\": \"o\",\n        \"errTagName\": \"irure reprehenderit Ut\",\n        \"hostErrCode\": \"esse \",\n        \"useCode\": \"e\",\n        \"supportUID\": \"56c8d500-4e63-2f6c-65eb-680b0ddc934a\",\n        \"rows\": [\n          18470569,\n          -86612527\n        ]\n      },\n      {\n        \"source\": \"Duis labo\",\n        \"errNum\": \"do nostrud ea esse Lorem\",\n        \"errDesc\": \"proid\",\n        \"errDtl\": \"tempor \",\n        \"errField\": \"proident\",\n        \"errType\": \"e\",\n        \"errTagName\": \"qui quis c\",\n        \"hostErrCode\": \"nisi s\",\n        \"useCode\": \"\",\n        \"supportUID\": \"urn:uuid:f40ab0c6-a1df-2fc4-0c58-b76a06341cbc\",\n        \"rows\": [\n          93939873,\n          -15337525\n        ]\n      }\n    ],\n    \"warnings\": [\n      {\n        \"source\": \"ex\",\n        \"errNum\": \"sunt quis ex nisi\",\n        \"errDesc\": \"officia\",\n        \"errDtl\": \"elit Lorem ut fugiat\",\n        \"errField\": \"qui\",\n        \"errType\": \"r\",\n        \"errTagName\": \"quis reprehenderit a\",\n        \"hostErrCode\": \"sed sun\",\n        \"useCode\": \"D\",\n        \"supportUID\": \"1c4f53ba-9fff-22c4-ad99-9b1bd61245ff\",\n        \"rows\": [\n          67349324,\n          78514788\n        ]\n      },\n      {\n        \"source\": \"est ad nulla Excepteur\",\n        \"errNum\": \"dolore esse do ea\",\n        \"errDesc\": \"quis elit sed exercitation\",\n        \"errDtl\": \"nisi ad dolore \",\n        \"errField\": \"sunt exercitation al\",\n        \"errType\": \"l\",\n        \"errTagName\": \"cillum occaecat in est\",\n        \"hostErrCode\": \"sed l\",\n        \"useCode\": \"a\",\n        \"supportUID\": \"urn:uuid:aa2957ce-59c0-0e19-c864-e5bf02b84546\",\n        \"rows\": [\n          29296261,\n          7464246\n        ]\n      }\n    ]\n  }\n}","cookie":[],"_postman_previewlanguage":"json"}],"event":[],"protocolProfileBehavior":{"disableBodyPruning":true}},{"id":"a7b502c7-fdbf-4093-9d33-c33e06f07a83","name":"inq Int Rate Ctrl","request":{"name":"inq Int Rate Ctrl","description":{"content":"Enquire on interest rate control","type":"text/plain"},"url":{"path":["salesprodagrmt","intratectrl","inq"],"host":["{{baseUrl}}"],"query":[],"variable":[]},"header":[{"disabled":false,"description":"(Required) Name of the application","key":"application-name","value":"Swagger"},{"disabled":false,"description":"(Required) ","key":"x-apikey","value":"2MWVAWF2xZz0eNQUK0NVhwpWYkr7gehG"},{"key":"Content-Type","value":"application/json"},{"key":"Accept","value":"application/json"}],"method":"POST","auth":null,"body":{"mode":"raw","raw":"{\n  \"rqUID\": {\n    \"rqUID\": \"<uuid>\"\n  },\n  \"aliasBankAcctId\": {\n    \"aliasAcctType\": \"<listTable - AliasAcctType>\",\n    \"aliasAcctId\": \"<NUMBER(35, 0)>\",\n    \"aliasAcctIdMasked\": \"<NUMBER(0, 0)>\"\n  },\n  \"bankAcctId\": {\n    \"acctId\": \"<NUMBER(12, 0)>\",\n    \"acctType\": \"<listTable - AcctType>\",\n    \"acctIdMasked\": \"<string>\"\n  }\n}","options":{"raw":{"language":"json"}}}},"response":[{"id":"86bb6601-d515-438b-a33d-b4e857c7c186","name":"Int rate ctrl enquiry response","originalRequest":{"url":{"path":["salesprodagrmt","intratectrl","inq"],"host":["{{baseUrl}}"],"query":[],"variable":[]},"header":[{"disabled":false,"description":"(Required) Name of the application","key":"application-name","value":"Swagger"},{"disabled":false,"description":"(Required) ","key":"x-apikey","value":"2MWVAWF2xZz0eNQUK0NVhwpWYkr7gehG"},{"key":"Accept","value":"application/json"}],"method":"POST","body":{"mode":"raw","raw":"{\n  \"rqUID\": {\n    \"rqUID\": \"3fa85f64-5717-4562-b3fc-2c963f66afa6\"\n  },\n  \"aliasBankAcctId\": {\n    \"aliasAcctType\": \"\",\n    \"aliasAcctId\": \"\"\n  },\n  \"bankAcctId\": {\n    \"acctType\": \"TM\",\n    \"acctId\": \"8546\",\n    \"acctIdMasked\": \"\"\n  }\n}","options":{"raw":{"language":"json"}}}},"status":"OK","code":200,"header":[{"key":"Content-Type","value":"application/json"}],"body":"{\n  \"rqUID\": {\n    \"rqUID\": \"3fa85f64-5717-4562-b3fc-2c963f66afa6\"\n  },\n  \"status\": {\n    \"statusCode\": 0,\n    \"statusDesc\": \"Success\"\n  },\n  \"aliasBankAcctId\": {\n    \"aliasAcctType\": \"\",\n    \"aliasAcctId\": \"\"\n  },\n  \"bankAcctId\": {\n    \"acctType\": \"TM\",\n    \"acctId\": \"QUVTOiBCMWJyWUdaLzZFUmFOekhVQkVweTVRPT0=\",\n    \"acctIdMasked\": \"*********8546\"\n  },\n  \"timeIntRateCtrlInfo\": {\n    \"intPlanCode\": \"00004\",\n    \"intRate\": 6.985,\n    \"intGuarantyCode\": \"Rate changes at renewal\",\n    \"rateRepricingActivityCode\": \"DoNotReprice\",\n    \"matrixPricingIndexCode\": \"01\",\n    \"indexId\": \"11\",\n    \"indexVarPct\": 0,\n    \"floorCeilingFlag\": false,\n    \"floorIntRatePct\": 1,\n    \"ceilingIntRatePct\": 50,\n    \"rateReviewPeriodCode\": \"No review period\",\n    \"rateReviewFreqCode\": \"0\",\n    \"rateReviewSpecDay\": \"00\",\n    \"renewalOptionCode\": \"Automatic renewable\"\n  }\n}","cookie":[],"_postman_previewlanguage":"json"},{"id":"4230bb1c-6d3f-45c4-8b64-92c0c2224c2b","name":"Unauthorized","originalRequest":{"url":{"path":["salesprodagrmt","intratectrl","inq"],"host":["{{baseUrl}}"],"query":[],"variable":[]},"header":[{"disabled":false,"description":"(Required) Name of the application","key":"application-name","value":"Swagger"},{"disabled":false,"description":"(Required) ","key":"x-apikey","value":"2MWVAWF2xZz0eNQUK0NVhwpWYkr7gehG"}],"method":"POST","body":{"mode":"raw","raw":"{\n  \"rqUID\": {\n    \"rqUID\": \"3fa85f64-5717-4562-b3fc-2c963f66afa6\"\n  },\n  \"aliasBankAcctId\": {\n    \"aliasAcctType\": \"\",\n    \"aliasAcctId\": \"\"\n  },\n  \"bankAcctId\": {\n    \"acctType\": \"TM\",\n    \"acctId\": \"8546\",\n    \"acctIdMasked\": \"\"\n  }\n}","options":{"raw":{"language":"json"}}}},"status":"Unauthorized","code":401,"header":[{"key":"Content-Type","value":"text/plain"}],"body":"","cookie":[],"_postman_previewlanguage":"text"},{"id":"2a075502-e8b9-41ee-8e7b-c2ac4b7d5047","name":"Forbidden","originalRequest":{"url":{"path":["salesprodagrmt","intratectrl","inq"],"host":["{{baseUrl}}"],"query":[],"variable":[]},"header":[{"disabled":false,"description":"(Required) Name of the application","key":"application-name","value":"Swagger"},{"disabled":false,"description":"(Required) ","key":"x-apikey","value":"2MWVAWF2xZz0eNQUK0NVhwpWYkr7gehG"}],"method":"POST","body":{"mode":"raw","raw":"{\n  \"rqUID\": {\n    \"rqUID\": \"3fa85f64-5717-4562-b3fc-2c963f66afa6\"\n  },\n  \"aliasBankAcctId\": {\n    \"aliasAcctType\": \"\",\n    \"aliasAcctId\": \"\"\n  },\n  \"bankAcctId\": {\n    \"acctType\": \"TM\",\n    \"acctId\": \"8546\",\n    \"acctIdMasked\": \"\"\n  }\n}","options":{"raw":{"language":"json"}}}},"status":"Forbidden","code":403,"header":[{"key":"Content-Type","value":"text/plain"}],"body":"","cookie":[],"_postman_previewlanguage":"text"},{"id":"07a7eb3b-e45d-4b7e-9348-3a4d920119d9","name":"Not Found","originalRequest":{"url":{"path":["salesprodagrmt","intratectrl","inq"],"host":["{{baseUrl}}"],"query":[],"variable":[]},"header":[{"disabled":false,"description":"(Required) Name of the application","key":"application-name","value":"Swagger"},{"disabled":false,"description":"(Required) ","key":"x-apikey","value":"2MWVAWF2xZz0eNQUK0NVhwpWYkr7gehG"}],"method":"POST","body":{"mode":"raw","raw":"{\n  \"rqUID\": {\n    \"rqUID\": \"3fa85f64-5717-4562-b3fc-2c963f66afa6\"\n  },\n  \"aliasBankAcctId\": {\n    \"aliasAcctType\": \"\",\n    \"aliasAcctId\": \"\"\n  },\n  \"bankAcctId\": {\n    \"acctType\": \"TM\",\n    \"acctId\": \"8546\",\n    \"acctIdMasked\": \"\"\n  }\n}","options":{"raw":{"language":"json"}}}},"status":"Not Found","code":404,"header":[{"key":"Content-Type","value":"text/plain"}],"body":"","cookie":[],"_postman_previewlanguage":"text"},{"id":"8651b854-f7af-4b04-b609-ce8ec7ebe413","name":"Internal Server Error","originalRequest":{"url":{"path":["salesprodagrmt","intratectrl","inq"],"host":["{{baseUrl}}"],"query":[],"variable":[]},"header":[{"disabled":false,"description":"(Required) Name of the application","key":"application-name","value":"Swagger"},{"disabled":false,"description":"(Required) ","key":"x-apikey","value":"2MWVAWF2xZz0eNQUK0NVhwpWYkr7gehG"},{"key":"Accept","value":"application/json"}],"method":"POST","body":{"mode":"raw","raw":"{\n  \"rqUID\": {\n    \"rqUID\": \"3fa85f64-5717-4562-b3fc-2c963f66afa6\"\n  },\n  \"aliasBankAcctId\": {\n    \"aliasAcctType\": \"\",\n    \"aliasAcctId\": \"\"\n  },\n  \"bankAcctId\": {\n    \"acctType\": \"TM\",\n    \"acctId\": \"8546\",\n    \"acctIdMasked\": \"\"\n  }\n}","options":{"raw":{"language":"json"}}}},"status":"Internal Server Error","code":500,"header":[{"key":"Content-Type","value":"application/json"}],"body":"{\n  \"status\": {\n    \"statusCode\": -83565355,\n    \"statusDesc\": \"velit voluptat\",\n    \"supportUID\": \"urn:uuid:49a3683d-a26c-529a-5101-9391229eabe5\",\n    \"supportDescription\": \"pariatur ea incididunt occaecat\",\n    \"errorCount\": 51688854,\n    \"warningCount\": -64206581,\n    \"errors\": [\n      {\n        \"source\": \"quis\",\n        \"errNum\": \"aute magna\",\n        \"errDesc\": \"pariatur\",\n        \"errDtl\": \"ut\",\n        \"errField\": \"nisi irure sit a\",\n        \"errType\": \"o\",\n        \"errTagName\": \"irure reprehenderit Ut\",\n        \"hostErrCode\": \"esse \",\n        \"useCode\": \"e\",\n        \"supportUID\": \"56c8d500-4e63-2f6c-65eb-680b0ddc934a\",\n        \"rows\": [\n          18470569,\n          -86612527\n        ]\n      },\n      {\n        \"source\": \"Duis labo\",\n        \"errNum\": \"do nostrud ea esse Lorem\",\n        \"errDesc\": \"proid\",\n        \"errDtl\": \"tempor \",\n        \"errField\": \"proident\",\n        \"errType\": \"e\",\n        \"errTagName\": \"qui quis c\",\n        \"hostErrCode\": \"nisi s\",\n        \"useCode\": \"\",\n        \"supportUID\": \"urn:uuid:f40ab0c6-a1df-2fc4-0c58-b76a06341cbc\",\n        \"rows\": [\n          93939873,\n          -15337525\n        ]\n      }\n    ],\n    \"warnings\": [\n      {\n        \"source\": \"ex\",\n        \"errNum\": \"sunt quis ex nisi\",\n        \"errDesc\": \"officia\",\n        \"errDtl\": \"elit Lorem ut fugiat\",\n        \"errField\": \"qui\",\n        \"errType\": \"r\",\n        \"errTagName\": \"quis reprehenderit a\",\n        \"hostErrCode\": \"sed sun\",\n        \"useCode\": \"D\",\n        \"supportUID\": \"1c4f53ba-9fff-22c4-ad99-9b1bd61245ff\",\n        \"rows\": [\n          67349324,\n          78514788\n        ]\n      },\n      {\n        \"source\": \"est ad nulla Excepteur\",\n        \"errNum\": \"dolore esse do ea\",\n        \"errDesc\": \"quis elit sed exercitation\",\n        \"errDtl\": \"nisi ad dolore \",\n        \"errField\": \"sunt exercitation al\",\n        \"errType\": \"l\",\n        \"errTagName\": \"cillum occaecat in est\",\n        \"hostErrCode\": \"sed l\",\n        \"useCode\": \"a\",\n        \"supportUID\": \"urn:uuid:aa2957ce-59c0-0e19-c864-e5bf02b84546\",\n        \"rows\": [\n          29296261,\n          7464246\n        ]\n      }\n    ]\n  }\n}","cookie":[],"_postman_previewlanguage":"json"}],"event":[],"protocolProfileBehavior":{"disableBodyPruning":true}},{"id":"205c0c85-c860-4cb3-9ec9-20cb746121d8","name":"inq Int Rate","request":{"name":"inq Int Rate","description":{"content":"Enquire on interest rate","type":"text/plain"},"url":{"path":["salesprodagrmt","intrate","inq"],"host":["{{baseUrl}}"],"query":[],"variable":[]},"header":[{"disabled":false,"description":"(Required) Name of the application","key":"application-name","value":"Swagger"},{"disabled":false,"description":"(Required) ","key":"x-apikey","value":"2MWVAWF2xZz0eNQUK0NVhwpWYkr7gehG"},{"key":"Content-Type","value":"application/json"},{"key":"Accept","value":"application/json"}],"method":"POST","auth":null,"body":{"mode":"raw","raw":"{\n  \"rqUID\": {\n    \"rqUID\": \"<uuid>\"\n  },\n  \"aliasBankAcctId\": {\n    \"aliasAcctType\": \"<listTable - AliasAcctType>\",\n    \"aliasAcctId\": \"<NUMBER(35, 0)>\",\n    \"aliasAcctIdMasked\": \"<NUMBER(0, 0)>\"\n  },\n  \"bankAcctId\": {\n    \"acctId\": \"<NUMBER(12, 0)>\",\n    \"acctType\": \"<listTable - AcctType>\",\n    \"acctIdMasked\": \"<string>\"\n  }\n}","options":{"raw":{"language":"json"}}}},"response":[{"id":"d69c33dd-c651-40c3-873b-718c43a1c22d","name":"Int rate enquiry response","originalRequest":{"url":{"path":["salesprodagrmt","intrate","inq"],"host":["{{baseUrl}}"],"query":[],"variable":[]},"header":[{"disabled":false,"description":"(Required) Name of the application","key":"application-name","value":"Swagger"},{"disabled":false,"description":"(Required) ","key":"x-apikey","value":"2MWVAWF2xZz0eNQUK0NVhwpWYkr7gehG"},{"key":"Accept","value":"application/json"}],"method":"POST","body":{"mode":"raw","raw":"{\n  \"rqUID\": {\n    \"rqUID\": \"3fa85f64-5717-4562-b3fc-2c963f66afa6\"\n  },\n  \"bankAcctId\": {\n    \"acctType\": \"TM\",\n    \"acctId\": \"8546\",\n    \"acctIdMasked\": \"\"\n  }\n}","options":{"raw":{"language":"json"}}}},"status":"OK","code":200,"header":[{"key":"Content-Type","value":"application/json"}],"body":"{\n  \"rqUID\": {\n    \"rqUID\": \"3fa85f64-5717-4562-b3fc-2c963f66afa6\"\n  },\n  \"status\": {\n    \"statusCode\": 0,\n    \"statusDesc\": \"Success\"\n  },\n  \"aliasBankAcctId\": {},\n  \"bankAcctId\": {\n    \"acctType\": \"TM\",\n    \"acctId\": \"QUVTOiBLY0JVand3dXRDSTB1bnhDQ0tnR3lnPT0=\",\n    \"acctIdMasked\": \"*********8546\"\n  },\n  \"intRateInfo\": {\n    \"intRate\": 5.75\n  }\n}","cookie":[],"_postman_previewlanguage":"json"},{"id":"ba41d3ab-df8a-4630-8b4a-a19cd7a85285","name":"Unauthorized","originalRequest":{"url":{"path":["salesprodagrmt","intrate","inq"],"host":["{{baseUrl}}"],"query":[],"variable":[]},"header":[{"disabled":false,"description":"(Required) Name of the application","key":"application-name","value":"Swagger"},{"disabled":false,"description":"(Required) ","key":"x-apikey","value":"2MWVAWF2xZz0eNQUK0NVhwpWYkr7gehG"}],"method":"POST","body":{"mode":"raw","raw":"{\n  \"rqUID\": {\n    \"rqUID\": \"3fa85f64-5717-4562-b3fc-2c963f66afa6\"\n  },\n  \"bankAcctId\": {\n    \"acctType\": \"TM\",\n    \"acctId\": \"8546\",\n    \"acctIdMasked\": \"\"\n  }\n}","options":{"raw":{"language":"json"}}}},"status":"Unauthorized","code":401,"header":[{"key":"Content-Type","value":"text/plain"}],"body":"","cookie":[],"_postman_previewlanguage":"text"},{"id":"61be8ace-0ccc-46ad-a5de-14db71e553a0","name":"Forbidden","originalRequest":{"url":{"path":["salesprodagrmt","intrate","inq"],"host":["{{baseUrl}}"],"query":[],"variable":[]},"header":[{"disabled":false,"description":"(Required) Name of the application","key":"application-name","value":"Swagger"},{"disabled":false,"description":"(Required) ","key":"x-apikey","value":"2MWVAWF2xZz0eNQUK0NVhwpWYkr7gehG"}],"method":"POST","body":{"mode":"raw","raw":"{\n  \"rqUID\": {\n    \"rqUID\": \"3fa85f64-5717-4562-b3fc-2c963f66afa6\"\n  },\n  \"bankAcctId\": {\n    \"acctType\": \"TM\",\n    \"acctId\": \"8546\",\n    \"acctIdMasked\": \"\"\n  }\n}","options":{"raw":{"language":"json"}}}},"status":"Forbidden","code":403,"header":[{"key":"Content-Type","value":"text/plain"}],"body":"","cookie":[],"_postman_previewlanguage":"text"},{"id":"1f49e378-a056-4c8b-850b-9f59dc1fc38f","name":"Not Found","originalRequest":{"url":{"path":["salesprodagrmt","intrate","inq"],"host":["{{baseUrl}}"],"query":[],"variable":[]},"header":[{"disabled":false,"description":"(Required) Name of the application","key":"application-name","value":"Swagger"},{"disabled":false,"description":"(Required) ","key":"x-apikey","value":"2MWVAWF2xZz0eNQUK0NVhwpWYkr7gehG"}],"method":"POST","body":{"mode":"raw","raw":"{\n  \"rqUID\": {\n    \"rqUID\": \"3fa85f64-5717-4562-b3fc-2c963f66afa6\"\n  },\n  \"bankAcctId\": {\n    \"acctType\": \"TM\",\n    \"acctId\": \"8546\",\n    \"acctIdMasked\": \"\"\n  }\n}","options":{"raw":{"language":"json"}}}},"status":"Not Found","code":404,"header":[{"key":"Content-Type","value":"text/plain"}],"body":"","cookie":[],"_postman_previewlanguage":"text"},{"id":"048a954c-5748-4c30-8267-bf03c6fac8a6","name":"Internal Server Error","originalRequest":{"url":{"path":["salesprodagrmt","intrate","inq"],"host":["{{baseUrl}}"],"query":[],"variable":[]},"header":[{"disabled":false,"description":"(Required) Name of the application","key":"application-name","value":"Swagger"},{"disabled":false,"description":"(Required) ","key":"x-apikey","value":"2MWVAWF2xZz0eNQUK0NVhwpWYkr7gehG"},{"key":"Accept","value":"application/json"}],"method":"POST","body":{"mode":"raw","raw":"{\n  \"rqUID\": {\n    \"rqUID\": \"3fa85f64-5717-4562-b3fc-2c963f66afa6\"\n  },\n  \"bankAcctId\": {\n    \"acctType\": \"TM\",\n    \"acctId\": \"8546\",\n    \"acctIdMasked\": \"\"\n  }\n}","options":{"raw":{"language":"json"}}}},"status":"Internal Server Error","code":500,"header":[{"key":"Content-Type","value":"application/json"}],"body":"{\n  \"status\": {\n    \"statusCode\": -83565355,\n    \"statusDesc\": \"velit voluptat\",\n    \"supportUID\": \"urn:uuid:49a3683d-a26c-529a-5101-9391229eabe5\",\n    \"supportDescription\": \"pariatur ea incididunt occaecat\",\n    \"errorCount\": 51688854,\n    \"warningCount\": -64206581,\n    \"errors\": [\n      {\n        \"source\": \"quis\",\n        \"errNum\": \"aute magna\",\n        \"errDesc\": \"pariatur\",\n        \"errDtl\": \"ut\",\n        \"errField\": \"nisi irure sit a\",\n        \"errType\": \"o\",\n        \"errTagName\": \"irure reprehenderit Ut\",\n        \"hostErrCode\": \"esse \",\n        \"useCode\": \"e\",\n        \"supportUID\": \"56c8d500-4e63-2f6c-65eb-680b0ddc934a\",\n        \"rows\": [\n          18470569,\n          -86612527\n        ]\n      },\n      {\n        \"source\": \"Duis labo\",\n        \"errNum\": \"do nostrud ea esse Lorem\",\n        \"errDesc\": \"proid\",\n        \"errDtl\": \"tempor \",\n        \"errField\": \"proident\",\n        \"errType\": \"e\",\n        \"errTagName\": \"qui quis c\",\n        \"hostErrCode\": \"nisi s\",\n        \"useCode\": \"\",\n        \"supportUID\": \"urn:uuid:f40ab0c6-a1df-2fc4-0c58-b76a06341cbc\",\n        \"rows\": [\n          93939873,\n          -15337525\n        ]\n      }\n    ],\n    \"warnings\": [\n      {\n        \"source\": \"ex\",\n        \"errNum\": \"sunt quis ex nisi\",\n        \"errDesc\": \"officia\",\n        \"errDtl\": \"elit Lorem ut fugiat\",\n        \"errField\": \"qui\",\n        \"errType\": \"r\",\n        \"errTagName\": \"quis reprehenderit a\",\n        \"hostErrCode\": \"sed sun\",\n        \"useCode\": \"D\",\n        \"supportUID\": \"1c4f53ba-9fff-22c4-ad99-9b1bd61245ff\",\n        \"rows\": [\n          67349324,\n          78514788\n        ]\n      },\n      {\n        \"source\": \"est ad nulla Excepteur\",\n        \"errNum\": \"dolore esse do ea\",\n        \"errDesc\": \"quis elit sed exercitation\",\n        \"errDtl\": \"nisi ad dolore \",\n        \"errField\": \"sunt exercitation al\",\n        \"errType\": \"l\",\n        \"errTagName\": \"cillum occaecat in est\",\n        \"hostErrCode\": \"sed l\",\n        \"useCode\": \"a\",\n        \"supportUID\": \"urn:uuid:aa2957ce-59c0-0e19-c864-e5bf02b84546\",\n        \"rows\": [\n          29296261,\n          7464246\n        ]\n      }\n    ]\n  }\n}","cookie":[],"_postman_previewlanguage":"json"}],"event":[],"protocolProfileBehavior":{"disableBodyPruning":true}},{"id":"9c76be54-92e5-40cb-b5d8-b24577bcddff","name":"inq Credit Int Ctrl","request":{"name":"inq Credit Int Ctrl","description":{"content":"Enquire on credit interest control","type":"text/plain"},"url":{"path":["salesprodagrmt","creditintctrl","inq"],"host":["{{baseUrl}}"],"query":[],"variable":[]},"header":[{"disabled":false,"description":"(Required) Name of the application","key":"application-name","value":"Swagger"},{"disabled":false,"description":"(Required) ","key":"x-apikey","value":"2MWVAWF2xZz0eNQUK0NVhwpWYkr7gehG"},{"key":"Content-Type","value":"application/json"},{"key":"Accept","value":"application/json"}],"method":"POST","auth":null,"body":{"mode":"raw","raw":"{\n  \"rqUID\": {\n    \"rqUID\": \"<uuid>\"\n  },\n  \"aliasBankAcctId\": {\n    \"aliasAcctType\": \"<listTable - AliasAcctType>\",\n    \"aliasAcctId\": \"<NUMBER(35, 0)>\",\n    \"aliasAcctIdMasked\": \"<NUMBER(0, 0)>\"\n  },\n  \"bankAcctId\": {\n    \"acctId\": \"<NUMBER(12, 0)>\",\n    \"acctType\": \"<listTable - AcctType>\",\n    \"acctIdMasked\": \"<string>\"\n  }\n}","options":{"raw":{"language":"json"}}}},"response":[{"id":"c180f105-4c35-4331-b622-a1cb4c8da7e3","name":"Credit int ctrl enquiry response","originalRequest":{"url":{"path":["salesprodagrmt","creditintctrl","inq"],"host":["{{baseUrl}}"],"query":[],"variable":[]},"header":[{"disabled":false,"description":"(Required) Name of the application","key":"application-name","value":"Swagger"},{"disabled":false,"description":"(Required) ","key":"x-apikey","value":"2MWVAWF2xZz0eNQUK0NVhwpWYkr7gehG"},{"key":"Accept","value":"application/json"}],"method":"POST","body":{"mode":"raw","raw":"{\n  \"rqUID\": {\n    \"rqUID\": \"3fa85f64-5717-4562-b3fc-2c963f66afa6\"\n  },\n  \"bankAcctId\": {\n    \"acctType\": \"TM\",\n    \"acctId\": \"3211\",\n    \"acctIdMasked\": \"\"\n  }\n}","options":{"raw":{"language":"json"}}}},"status":"OK","code":200,"header":[{"key":"Content-Type","value":"application/json"}],"body":"{\n  \"rqUID\": {\n    \"rqUID\": \"3fa85f64-5717-4562-b3fc-2c963f66afa6\"\n  },\n  \"status\": {\n    \"statusCode\": 0,\n    \"statusDesc\": \"Success\"\n  },\n  \"aliasBankAcctId\": {},\n  \"bankAcctId\": {\n    \"acctType\": \"TM\",\n    \"acctId\": \"QUVTOiBEVWltYmgxSGJiMmcrUk9zWWZmWXJnPT0=\",\n    \"acctIdMasked\": \"*********3211\"\n  },\n  \"creditInt\": {\n    \"intPmtPeriodCode\": \"Days\",\n    \"intPmtFreqCode\": \"6\",\n    \"intPmtSpecDay\": \"0\",\n    \"intPmtCurCode\": \"HKD\",\n    \"nextIntPmtAmt\": {\n      \"amt\": 55.96\n    },\n    \"intDispCode\": \"Capitalise\",\n    \"intPmtTransferAcct\": {\n      \"aliasBankAcctId\": {},\n      \"acctId\": \"\",\n      \"acctType\": \"00\",\n      \"bankInfo\": {\n        \"bankId\": \"0\"\n      },\n      \"referenceId\": \"\"\n    },\n    \"intPmtTransmutedAcctId\": {\n      \"bankInfo\": {\n        \"bankId\": \"0\"\n      }\n    },\n    \"levelIntPmtFlag\": \"\",\n    \"levelIntPmtAmt\": {\n      \"amt\": 0\n    },\n    \"lastIntPmtDt\": \"2006-03-21\",\n    \"lastIntPaidAmt\": {\n      \"amt\": 3.83\n    },\n    \"lastYrIntPaidAmt\": {\n      \"amt\": 0\n    },\n    \"ytdIntPaidAmt\": {\n      \"amt\": 0\n    }\n  }\n}","cookie":[],"_postman_previewlanguage":"json"},{"id":"8291911e-ca15-487c-81b5-5cc57216c06e","name":"Unauthorized","originalRequest":{"url":{"path":["salesprodagrmt","creditintctrl","inq"],"host":["{{baseUrl}}"],"query":[],"variable":[]},"header":[{"disabled":false,"description":"(Required) Name of the application","key":"application-name","value":"Swagger"},{"disabled":false,"description":"(Required) ","key":"x-apikey","value":"2MWVAWF2xZz0eNQUK0NVhwpWYkr7gehG"}],"method":"POST","body":{"mode":"raw","raw":"{\n  \"rqUID\": {\n    \"rqUID\": \"3fa85f64-5717-4562-b3fc-2c963f66afa6\"\n  },\n  \"bankAcctId\": {\n    \"acctType\": \"TM\",\n    \"acctId\": \"3211\",\n    \"acctIdMasked\": \"\"\n  }\n}","options":{"raw":{"language":"json"}}}},"status":"Unauthorized","code":401,"header":[{"key":"Content-Type","value":"text/plain"}],"body":"","cookie":[],"_postman_previewlanguage":"text"},{"id":"059cad95-5b4c-4096-8bf0-3dc1c8c6fa7f","name":"Forbidden","originalRequest":{"url":{"path":["salesprodagrmt","creditintctrl","inq"],"host":["{{baseUrl}}"],"query":[],"variable":[]},"header":[{"disabled":false,"description":"(Required) Name of the application","key":"application-name","value":"Swagger"},{"disabled":false,"description":"(Required) ","key":"x-apikey","value":"2MWVAWF2xZz0eNQUK0NVhwpWYkr7gehG"}],"method":"POST","body":{"mode":"raw","raw":"{\n  \"rqUID\": {\n    \"rqUID\": \"3fa85f64-5717-4562-b3fc-2c963f66afa6\"\n  },\n  \"bankAcctId\": {\n    \"acctType\": \"TM\",\n    \"acctId\": \"3211\",\n    \"acctIdMasked\": \"\"\n  }\n}","options":{"raw":{"language":"json"}}}},"status":"Forbidden","code":403,"header":[{"key":"Content-Type","value":"text/plain"}],"body":"","cookie":[],"_postman_previewlanguage":"text"},{"id":"89db3173-c755-45e0-8d36-b4d757c8e061","name":"Not Found","originalRequest":{"url":{"path":["salesprodagrmt","creditintctrl","inq"],"host":["{{baseUrl}}"],"query":[],"variable":[]},"header":[{"disabled":false,"description":"(Required) Name of the application","key":"application-name","value":"Swagger"},{"disabled":false,"description":"(Required) ","key":"x-apikey","value":"2MWVAWF2xZz0eNQUK0NVhwpWYkr7gehG"}],"method":"POST","body":{"mode":"raw","raw":"{\n  \"rqUID\": {\n    \"rqUID\": \"3fa85f64-5717-4562-b3fc-2c963f66afa6\"\n  },\n  \"bankAcctId\": {\n    \"acctType\": \"TM\",\n    \"acctId\": \"3211\",\n    \"acctIdMasked\": \"\"\n  }\n}","options":{"raw":{"language":"json"}}}},"status":"Not Found","code":404,"header":[{"key":"Content-Type","value":"text/plain"}],"body":"","cookie":[],"_postman_previewlanguage":"text"},{"id":"d1dac40c-1c06-4d23-9c62-4581d2e6432e","name":"Internal Server Error","originalRequest":{"url":{"path":["salesprodagrmt","creditintctrl","inq"],"host":["{{baseUrl}}"],"query":[],"variable":[]},"header":[{"disabled":false,"description":"(Required) Name of the application","key":"application-name","value":"Swagger"},{"disabled":false,"description":"(Required) ","key":"x-apikey","value":"2MWVAWF2xZz0eNQUK0NVhwpWYkr7gehG"},{"key":"Accept","value":"application/json"}],"method":"POST","body":{"mode":"raw","raw":"{\n  \"rqUID\": {\n    \"rqUID\": \"3fa85f64-5717-4562-b3fc-2c963f66afa6\"\n  },\n  \"bankAcctId\": {\n    \"acctType\": \"TM\",\n    \"acctId\": \"3211\",\n    \"acctIdMasked\": \"\"\n  }\n}","options":{"raw":{"language":"json"}}}},"status":"Internal Server Error","code":500,"header":[{"key":"Content-Type","value":"application/json"}],"body":"{\n  \"status\": {\n    \"statusCode\": -83565355,\n    \"statusDesc\": \"velit voluptat\",\n    \"supportUID\": \"urn:uuid:49a3683d-a26c-529a-5101-9391229eabe5\",\n    \"supportDescription\": \"pariatur ea incididunt occaecat\",\n    \"errorCount\": 51688854,\n    \"warningCount\": -64206581,\n    \"errors\": [\n      {\n        \"source\": \"quis\",\n        \"errNum\": \"aute magna\",\n        \"errDesc\": \"pariatur\",\n        \"errDtl\": \"ut\",\n        \"errField\": \"nisi irure sit a\",\n        \"errType\": \"o\",\n        \"errTagName\": \"irure reprehenderit Ut\",\n        \"hostErrCode\": \"esse \",\n        \"useCode\": \"e\",\n        \"supportUID\": \"56c8d500-4e63-2f6c-65eb-680b0ddc934a\",\n        \"rows\": [\n          18470569,\n          -86612527\n        ]\n      },\n      {\n        \"source\": \"Duis labo\",\n        \"errNum\": \"do nostrud ea esse Lorem\",\n        \"errDesc\": \"proid\",\n        \"errDtl\": \"tempor \",\n        \"errField\": \"proident\",\n        \"errType\": \"e\",\n        \"errTagName\": \"qui quis c\",\n        \"hostErrCode\": \"nisi s\",\n        \"useCode\": \"\",\n        \"supportUID\": \"urn:uuid:f40ab0c6-a1df-2fc4-0c58-b76a06341cbc\",\n        \"rows\": [\n          93939873,\n          -15337525\n        ]\n      }\n    ],\n    \"warnings\": [\n      {\n        \"source\": \"ex\",\n        \"errNum\": \"sunt quis ex nisi\",\n        \"errDesc\": \"officia\",\n        \"errDtl\": \"elit Lorem ut fugiat\",\n        \"errField\": \"qui\",\n        \"errType\": \"r\",\n        \"errTagName\": \"quis reprehenderit a\",\n        \"hostErrCode\": \"sed sun\",\n        \"useCode\": \"D\",\n        \"supportUID\": \"1c4f53ba-9fff-22c4-ad99-9b1bd61245ff\",\n        \"rows\": [\n          67349324,\n          78514788\n        ]\n      },\n      {\n        \"source\": \"est ad nulla Excepteur\",\n        \"errNum\": \"dolore esse do ea\",\n        \"errDesc\": \"quis elit sed exercitation\",\n        \"errDtl\": \"nisi ad dolore \",\n        \"errField\": \"sunt exercitation al\",\n        \"errType\": \"l\",\n        \"errTagName\": \"cillum occaecat in est\",\n        \"hostErrCode\": \"sed l\",\n        \"useCode\": \"a\",\n        \"supportUID\": \"urn:uuid:aa2957ce-59c0-0e19-c864-e5bf02b84546\",\n        \"rows\": [\n          29296261,\n          7464246\n        ]\n      }\n    ]\n  }\n}","cookie":[],"_postman_previewlanguage":"json"}],"event":[],"protocolProfileBehavior":{"disableBodyPruning":true}},{"id":"d06e10c4-d875-4bd0-8179-4e3e598f238f","name":"inq Cost Of Credit","request":{"name":"inq Cost Of Credit","description":{"content":"Enquire on cost of credit","type":"text/plain"},"url":{"path":["salesprodagrmt","costofcredit","inq"],"host":["{{baseUrl}}"],"query":[],"variable":[]},"header":[{"disabled":false,"description":"(Required) Name of the application","key":"application-name","value":"Swagger"},{"disabled":false,"description":"(Required) ","key":"x-apikey","value":"2MWVAWF2xZz0eNQUK0NVhwpWYkr7gehG"},{"key":"Content-Type","value":"application/json"},{"key":"Accept","value":"application/json"}],"method":"POST","auth":null,"body":{"mode":"raw","raw":"{\n  \"rqUID\": {\n    \"rqUID\": \"<uuid>\"\n  },\n  \"aliasBankAcctId\": {\n    \"aliasAcctType\": \"<listTable - AliasAcctType>\",\n    \"aliasAcctId\": \"<NUMBER(35, 0)>\",\n    \"aliasAcctIdMasked\": \"<NUMBER(0, 0)>\"\n  },\n  \"bankAcctId\": {\n    \"acctId\": \"<NUMBER(12, 0)>\",\n    \"acctType\": \"<listTable - AcctType>\",\n    \"acctIdMasked\": \"<string>\"\n  },\n  \"prodId\": \"<string>\",\n  \"costOfCreditInfo\": {\n    \"overdraftAmount\": {\n      \"curAmt\": {\n        \"amt\": \"<NUMBER(17, 2) - Represented as String>\"\n      }\n    },\n    \"bufferAmount\": {\n      \"curAmt\": {\n        \"amt\": \"<NUMBER(17, 2) - Represented as String>\"\n      }\n    },\n    \"interestRate\": \"<NUMBER(7, 4)>\",\n    \"totalCostOfCredit\": {\n      \"amt\": \"<NUMBER(17, 2) - Represented as String>\"\n    }\n  }\n}","options":{"raw":{"language":"json"}}}},"response":[{"id":"51963aed-279a-4cac-8d17-b5b2351ad99b","name":"Cost of credit enquiry response","originalRequest":{"url":{"path":["salesprodagrmt","costofcredit","inq"],"host":["{{baseUrl}}"],"query":[],"variable":[]},"header":[{"disabled":false,"description":"(Required) Name of the application","key":"application-name","value":"Swagger"},{"disabled":false,"description":"(Required) ","key":"x-apikey","value":"2MWVAWF2xZz0eNQUK0NVhwpWYkr7gehG"},{"key":"Accept","value":"application/json"}],"method":"POST","body":{"mode":"raw","raw":"{\n  \"rqUID\": {\n    \"rqUID\": \"3fa85f64-5717-4562-b3fc-2c963f66afa6\"\n  },\n  \"bankAcctId\": {\n    \"acctType\": \"DD\",\n    \"acctId\": \"5402\",\n    \"acctIdMasked\": \"\"\n  }\n}","options":{"raw":{"language":"json"}}}},"status":"OK","code":200,"header":[{"key":"Content-Type","value":"application/json"}],"body":"{\n  \"rqUID\": {\n    \"rqUID\": \"a0623179-7ed9-45c6-932a-ebf7c0a2cab8\"\n  },\n  \"status\": {\n    \"statusCode\": 0,\n    \"statusDesc\": \"Success\"\n  },\n  \"aliasBankAcctId\": {},\n  \"bankAcctId\": {\n    \"acctType\": \"DD\",\n    \"acctId\": \"QUVTOiB1WDgycEdEa2VrT1I4YmlDdzM5dFh3PT0=\",\n    \"acctIdMasked\": \"*********5402\"\n  },\n  \"costOfCreditInfo\": {\n    \"overdraftAmount\": {\n      \"curAmt\": {\n        \"amt\": 0\n      }\n    },\n    \"bufferAmount\": {\n      \"curAmt\": {\n        \"amt\": 0\n      }\n    },\n    \"interestRate\": 0,\n    \"totalCostOfCredit\": {\n      \"amt\": 0\n    }\n  }\n}","cookie":[],"_postman_previewlanguage":"json"},{"id":"3511716c-ea28-4ed4-914b-154517fe5762","name":"Unauthorized","originalRequest":{"url":{"path":["salesprodagrmt","costofcredit","inq"],"host":["{{baseUrl}}"],"query":[],"variable":[]},"header":[{"disabled":false,"description":"(Required) Name of the application","key":"application-name","value":"Swagger"},{"disabled":false,"description":"(Required) ","key":"x-apikey","value":"2MWVAWF2xZz0eNQUK0NVhwpWYkr7gehG"}],"method":"POST","body":{"mode":"raw","raw":"{\n  \"rqUID\": {\n    \"rqUID\": \"3fa85f64-5717-4562-b3fc-2c963f66afa6\"\n  },\n  \"bankAcctId\": {\n    \"acctType\": \"DD\",\n    \"acctId\": \"5402\",\n    \"acctIdMasked\": \"\"\n  }\n}","options":{"raw":{"language":"json"}}}},"status":"Unauthorized","code":401,"header":[{"key":"Content-Type","value":"text/plain"}],"body":"","cookie":[],"_postman_previewlanguage":"text"},{"id":"a77a1b4a-40b4-4ce0-a250-962d3921bbea","name":"Forbidden","originalRequest":{"url":{"path":["salesprodagrmt","costofcredit","inq"],"host":["{{baseUrl}}"],"query":[],"variable":[]},"header":[{"disabled":false,"description":"(Required) Name of the application","key":"application-name","value":"Swagger"},{"disabled":false,"description":"(Required) ","key":"x-apikey","value":"2MWVAWF2xZz0eNQUK0NVhwpWYkr7gehG"}],"method":"POST","body":{"mode":"raw","raw":"{\n  \"rqUID\": {\n    \"rqUID\": \"3fa85f64-5717-4562-b3fc-2c963f66afa6\"\n  },\n  \"bankAcctId\": {\n    \"acctType\": \"DD\",\n    \"acctId\": \"5402\",\n    \"acctIdMasked\": \"\"\n  }\n}","options":{"raw":{"language":"json"}}}},"status":"Forbidden","code":403,"header":[{"key":"Content-Type","value":"text/plain"}],"body":"","cookie":[],"_postman_previewlanguage":"text"},{"id":"c9cef563-1589-49e0-9c5a-7cd875d4d863","name":"Not Found","originalRequest":{"url":{"path":["salesprodagrmt","costofcredit","inq"],"host":["{{baseUrl}}"],"query":[],"variable":[]},"header":[{"disabled":false,"description":"(Required) Name of the application","key":"application-name","value":"Swagger"},{"disabled":false,"description":"(Required) ","key":"x-apikey","value":"2MWVAWF2xZz0eNQUK0NVhwpWYkr7gehG"}],"method":"POST","body":{"mode":"raw","raw":"{\n  \"rqUID\": {\n    \"rqUID\": \"3fa85f64-5717-4562-b3fc-2c963f66afa6\"\n  },\n  \"bankAcctId\": {\n    \"acctType\": \"DD\",\n    \"acctId\": \"5402\",\n    \"acctIdMasked\": \"\"\n  }\n}","options":{"raw":{"language":"json"}}}},"status":"Not Found","code":404,"header":[{"key":"Content-Type","value":"text/plain"}],"body":"","cookie":[],"_postman_previewlanguage":"text"},{"id":"0f81bd99-94b3-40e7-88e1-b60e0402ac44","name":"Internal Server Error","originalRequest":{"url":{"path":["salesprodagrmt","costofcredit","inq"],"host":["{{baseUrl}}"],"query":[],"variable":[]},"header":[{"disabled":false,"description":"(Required) Name of the application","key":"application-name","value":"Swagger"},{"disabled":false,"description":"(Required) ","key":"x-apikey","value":"2MWVAWF2xZz0eNQUK0NVhwpWYkr7gehG"},{"key":"Accept","value":"application/json"}],"method":"POST","body":{"mode":"raw","raw":"{\n  \"rqUID\": {\n    \"rqUID\": \"3fa85f64-5717-4562-b3fc-2c963f66afa6\"\n  },\n  \"bankAcctId\": {\n    \"acctType\": \"DD\",\n    \"acctId\": \"5402\",\n    \"acctIdMasked\": \"\"\n  }\n}","options":{"raw":{"language":"json"}}}},"status":"Internal Server Error","code":500,"header":[{"key":"Content-Type","value":"application/json"}],"body":"{\n  \"status\": {\n    \"statusCode\": -83565355,\n    \"statusDesc\": \"velit voluptat\",\n    \"supportUID\": \"urn:uuid:49a3683d-a26c-529a-5101-9391229eabe5\",\n    \"supportDescription\": \"pariatur ea incididunt occaecat\",\n    \"errorCount\": 51688854,\n    \"warningCount\": -64206581,\n    \"errors\": [\n      {\n        \"source\": \"quis\",\n        \"errNum\": \"aute magna\",\n        \"errDesc\": \"pariatur\",\n        \"errDtl\": \"ut\",\n        \"errField\": \"nisi irure sit a\",\n        \"errType\": \"o\",\n        \"errTagName\": \"irure reprehenderit Ut\",\n        \"hostErrCode\": \"esse \",\n        \"useCode\": \"e\",\n        \"supportUID\": \"56c8d500-4e63-2f6c-65eb-680b0ddc934a\",\n        \"rows\": [\n          18470569,\n          -86612527\n        ]\n      },\n      {\n        \"source\": \"Duis labo\",\n        \"errNum\": \"do nostrud ea esse Lorem\",\n        \"errDesc\": \"proid\",\n        \"errDtl\": \"tempor \",\n        \"errField\": \"proident\",\n        \"errType\": \"e\",\n        \"errTagName\": \"qui quis c\",\n        \"hostErrCode\": \"nisi s\",\n        \"useCode\": \"\",\n        \"supportUID\": \"urn:uuid:f40ab0c6-a1df-2fc4-0c58-b76a06341cbc\",\n        \"rows\": [\n          93939873,\n          -15337525\n        ]\n      }\n    ],\n    \"warnings\": [\n      {\n        \"source\": \"ex\",\n        \"errNum\": \"sunt quis ex nisi\",\n        \"errDesc\": \"officia\",\n        \"errDtl\": \"elit Lorem ut fugiat\",\n        \"errField\": \"qui\",\n        \"errType\": \"r\",\n        \"errTagName\": \"quis reprehenderit a\",\n        \"hostErrCode\": \"sed sun\",\n        \"useCode\": \"D\",\n        \"supportUID\": \"1c4f53ba-9fff-22c4-ad99-9b1bd61245ff\",\n        \"rows\": [\n          67349324,\n          78514788\n        ]\n      },\n      {\n        \"source\": \"est ad nulla Excepteur\",\n        \"errNum\": \"dolore esse do ea\",\n        \"errDesc\": \"quis elit sed exercitation\",\n        \"errDtl\": \"nisi ad dolore \",\n        \"errField\": \"sunt exercitation al\",\n        \"errType\": \"l\",\n        \"errTagName\": \"cillum occaecat in est\",\n        \"hostErrCode\": \"sed l\",\n        \"useCode\": \"a\",\n        \"supportUID\": \"urn:uuid:aa2957ce-59c0-0e19-c864-e5bf02b84546\",\n        \"rows\": [\n          29296261,\n          7464246\n        ]\n      }\n    ]\n  }\n}","cookie":[],"_postman_previewlanguage":"json"}],"event":[],"protocolProfileBehavior":{"disableBodyPruning":true}},{"id":"35c69a8e-be9f-422f-95cf-f142580c1dff","name":"inq Acct APR","request":{"name":"inq Acct APR","description":{"content":"Enquire on account APR","type":"text/plain"},"url":{"path":["salesprodagrmt","acctapr","inq"],"host":["{{baseUrl}}"],"query":[],"variable":[]},"header":[{"disabled":false,"description":"(Required) Name of the application","key":"application-name","value":"Swagger"},{"disabled":false,"description":"(Required) ","key":"x-apikey","value":"2MWVAWF2xZz0eNQUK0NVhwpWYkr7gehG"},{"key":"Content-Type","value":"application/json"},{"key":"Accept","value":"application/json"}],"method":"POST","auth":null,"body":{"mode":"raw","raw":"{\n  \"pmtBillFreq\": \"<string>\",\n  \"prodId\": \"<string>\",\n  \"rqUID\": {\n    \"rqUID\": \"<uuid>\"\n  },\n  \"limAmount\": {\n    \"amt\": \"<NUMBER(17, 2) - Represented as String>\"\n  },\n  \"fixAmount\": {\n    \"amt\": \"<NUMBER(17, 2) - Represented as String>\"\n  },\n  \"pmtPercent\": \"<NUMBER(7, 6)>\"\n}","options":{"raw":{"language":"json"}}}},"response":[{"id":"ac87bf0d-81c3-4981-9500-c935618a4269","name":"Account a p r enquiry response","originalRequest":{"url":{"path":["salesprodagrmt","acctapr","inq"],"host":["{{baseUrl}}"],"query":[],"variable":[]},"header":[{"disabled":false,"description":"(Required) Name of the application","key":"application-name","value":"Swagger"},{"disabled":false,"description":"(Required) ","key":"x-apikey","value":"2MWVAWF2xZz0eNQUK0NVhwpWYkr7gehG"},{"key":"Accept","value":"application/json"}],"method":"POST","body":{"mode":"raw","raw":"{\n  \"rqUID\": {\n    \"rqUID\": \"3fa85f64-5717-4562-b3fc-2c963f66afa6\"\n  },\n  \"prodId\": \"21\",\n  \"limAmount\": {\n    \"amt\": 0\n  },\n  \"pmtBillFreq\": \"M00100\",\n  \"fixAmount\": {\n    \"amt\": 0\n  },\n  \"pmtPercent\": 0\n}","options":{"raw":{"language":"json"}}}},"status":"OK","code":200,"header":[{"key":"Content-Type","value":"application/json"}],"body":"{\n  \"rqUID\": {\n    \"rqUID\": \"a0623179-7ed9-45c6-932a-ebf7c0a2cab8\"\n  },\n  \"status\": {\n    \"statusCode\": 0,\n    \"statusDesc\": \"Success\"\n  },\n  \"prodId\": \"21\",\n  \"apr\": 2.555\n}","cookie":[],"_postman_previewlanguage":"json"},{"id":"4262b7fa-a4e6-4098-bc5c-53da278e678a","name":"Unauthorized","originalRequest":{"url":{"path":["salesprodagrmt","acctapr","inq"],"host":["{{baseUrl}}"],"query":[],"variable":[]},"header":[{"disabled":false,"description":"(Required) Name of the application","key":"application-name","value":"Swagger"},{"disabled":false,"description":"(Required) ","key":"x-apikey","value":"2MWVAWF2xZz0eNQUK0NVhwpWYkr7gehG"}],"method":"POST","body":{"mode":"raw","raw":"{\n  \"rqUID\": {\n    \"rqUID\": \"3fa85f64-5717-4562-b3fc-2c963f66afa6\"\n  },\n  \"prodId\": \"21\",\n  \"limAmount\": {\n    \"amt\": 0\n  },\n  \"pmtBillFreq\": \"M00100\",\n  \"fixAmount\": {\n    \"amt\": 0\n  },\n  \"pmtPercent\": 0\n}","options":{"raw":{"language":"json"}}}},"status":"Unauthorized","code":401,"header":[{"key":"Content-Type","value":"text/plain"}],"body":"","cookie":[],"_postman_previewlanguage":"text"},{"id":"09a0ab20-3904-4462-9b30-3515f42efe75","name":"Forbidden","originalRequest":{"url":{"path":["salesprodagrmt","acctapr","inq"],"host":["{{baseUrl}}"],"query":[],"variable":[]},"header":[{"disabled":false,"description":"(Required) Name of the application","key":"application-name","value":"Swagger"},{"disabled":false,"description":"(Required) ","key":"x-apikey","value":"2MWVAWF2xZz0eNQUK0NVhwpWYkr7gehG"}],"method":"POST","body":{"mode":"raw","raw":"{\n  \"rqUID\": {\n    \"rqUID\": \"3fa85f64-5717-4562-b3fc-2c963f66afa6\"\n  },\n  \"prodId\": \"21\",\n  \"limAmount\": {\n    \"amt\": 0\n  },\n  \"pmtBillFreq\": \"M00100\",\n  \"fixAmount\": {\n    \"amt\": 0\n  },\n  \"pmtPercent\": 0\n}","options":{"raw":{"language":"json"}}}},"status":"Forbidden","code":403,"header":[{"key":"Content-Type","value":"text/plain"}],"body":"","cookie":[],"_postman_previewlanguage":"text"},{"id":"5e738740-b67b-4cc3-9d4e-96b71fdcc2bc","name":"Not Found","originalRequest":{"url":{"path":["salesprodagrmt","acctapr","inq"],"host":["{{baseUrl}}"],"query":[],"variable":[]},"header":[{"disabled":false,"description":"(Required) Name of the application","key":"application-name","value":"Swagger"},{"disabled":false,"description":"(Required) ","key":"x-apikey","value":"2MWVAWF2xZz0eNQUK0NVhwpWYkr7gehG"}],"method":"POST","body":{"mode":"raw","raw":"{\n  \"rqUID\": {\n    \"rqUID\": \"3fa85f64-5717-4562-b3fc-2c963f66afa6\"\n  },\n  \"prodId\": \"21\",\n  \"limAmount\": {\n    \"amt\": 0\n  },\n  \"pmtBillFreq\": \"M00100\",\n  \"fixAmount\": {\n    \"amt\": 0\n  },\n  \"pmtPercent\": 0\n}","options":{"raw":{"language":"json"}}}},"status":"Not Found","code":404,"header":[{"key":"Content-Type","value":"text/plain"}],"body":"","cookie":[],"_postman_previewlanguage":"text"},{"id":"199382dc-da54-4a85-b425-42d360a79845","name":"Internal Server Error","originalRequest":{"url":{"path":["salesprodagrmt","acctapr","inq"],"host":["{{baseUrl}}"],"query":[],"variable":[]},"header":[{"disabled":false,"description":"(Required) Name of the application","key":"application-name","value":"Swagger"},{"disabled":false,"description":"(Required) ","key":"x-apikey","value":"2MWVAWF2xZz0eNQUK0NVhwpWYkr7gehG"},{"key":"Accept","value":"application/json"}],"method":"POST","body":{"mode":"raw","raw":"{\n  \"rqUID\": {\n    \"rqUID\": \"3fa85f64-5717-4562-b3fc-2c963f66afa6\"\n  },\n  \"prodId\": \"21\",\n  \"limAmount\": {\n    \"amt\": 0\n  },\n  \"pmtBillFreq\": \"M00100\",\n  \"fixAmount\": {\n    \"amt\": 0\n  },\n  \"pmtPercent\": 0\n}","options":{"raw":{"language":"json"}}}},"status":"Internal Server Error","code":500,"header":[{"key":"Content-Type","value":"application/json"}],"body":"{\n  \"status\": {\n    \"statusCode\": -83565355,\n    \"statusDesc\": \"velit voluptat\",\n    \"supportUID\": \"urn:uuid:49a3683d-a26c-529a-5101-9391229eabe5\",\n    \"supportDescription\": \"pariatur ea incididunt occaecat\",\n    \"errorCount\": 51688854,\n    \"warningCount\": -64206581,\n    \"errors\": [\n      {\n        \"source\": \"quis\",\n        \"errNum\": \"aute magna\",\n        \"errDesc\": \"pariatur\",\n        \"errDtl\": \"ut\",\n        \"errField\": \"nisi irure sit a\",\n        \"errType\": \"o\",\n        \"errTagName\": \"irure reprehenderit Ut\",\n        \"hostErrCode\": \"esse \",\n        \"useCode\": \"e\",\n        \"supportUID\": \"56c8d500-4e63-2f6c-65eb-680b0ddc934a\",\n        \"rows\": [\n          18470569,\n          -86612527\n        ]\n      },\n      {\n        \"source\": \"Duis labo\",\n        \"errNum\": \"do nostrud ea esse Lorem\",\n        \"errDesc\": \"proid\",\n        \"errDtl\": \"tempor \",\n        \"errField\": \"proident\",\n        \"errType\": \"e\",\n        \"errTagName\": \"qui quis c\",\n        \"hostErrCode\": \"nisi s\",\n        \"useCode\": \"\",\n        \"supportUID\": \"urn:uuid:f40ab0c6-a1df-2fc4-0c58-b76a06341cbc\",\n        \"rows\": [\n          93939873,\n          -15337525\n        ]\n      }\n    ],\n    \"warnings\": [\n      {\n        \"source\": \"ex\",\n        \"errNum\": \"sunt quis ex nisi\",\n        \"errDesc\": \"officia\",\n        \"errDtl\": \"elit Lorem ut fugiat\",\n        \"errField\": \"qui\",\n        \"errType\": \"r\",\n        \"errTagName\": \"quis reprehenderit a\",\n        \"hostErrCode\": \"sed sun\",\n        \"useCode\": \"D\",\n        \"supportUID\": \"1c4f53ba-9fff-22c4-ad99-9b1bd61245ff\",\n        \"rows\": [\n          67349324,\n          78514788\n        ]\n      },\n      {\n        \"source\": \"est ad nulla Excepteur\",\n        \"errNum\": \"dolore esse do ea\",\n        \"errDesc\": \"quis elit sed exercitation\",\n        \"errDtl\": \"nisi ad dolore \",\n        \"errField\": \"sunt exercitation al\",\n        \"errType\": \"l\",\n        \"errTagName\": \"cillum occaecat in est\",\n        \"hostErrCode\": \"sed l\",\n        \"useCode\": \"a\",\n        \"supportUID\": \"urn:uuid:aa2957ce-59c0-0e19-c864-e5bf02b84546\",\n        \"rows\": [\n          29296261,\n          7464246\n        ]\n      }\n    ]\n  }\n}","cookie":[],"_postman_previewlanguage":"json"}],"event":[],"protocolProfileBehavior":{"disableBodyPruning":true}}],"event":[]}],"event":[],"variable":[{"type":"string","value":"https://int.latam.api.fiservapps.com/latam/sandbox/banking/v2","key":"baseUrl"}],"info":{"_postman_id":"01216a43-20d4-4e21-be31-576510b7db14","name":"Signature® Sales Prod Agreement Service - API Documentation","schema":"https://schema.getpostman.com/json/collection/v2.1.0/collection.json","description":{"content":"This documentation describes the REST APIs provided by the Sales Prod Agreement Service of Signature®, which provides specific resources and operations for Sales Prod Agreement\n\nContact Support:\n Name: API Support\n Email: Siva.Dasari@fiserv.com","type":"text/plain"}}}