{"item":[{"id":"ab873968-dcbc-4878-ab56-8809523c9327","name":"salesprodagrmt","item":[{"id":"14a81772-55e6-4168-a40c-fea591ca3bdd","name":"inq Renewal Maturity Ctrl","request":{"name":"inq Renewal Maturity Ctrl","description":{"content":"Enquire on account renewal/maturity detail","type":"text/plain"},"url":{"path":["salesprodagrmt","renewalmaturityctrl","inq"],"host":["{{baseUrl}}"],"query":[],"variable":[]},"header":[{"disabled":false,"description":"(Required) Name of the application","key":"application-name","value":"Swagger"},{"disabled":false,"description":"(Required) ","key":"x-apikey","value":"2MWVAWF2xZz0eNQUK0NVhwpWYkr7gehG"},{"key":"Content-Type","value":"application/json"},{"key":"Accept","value":"application/json"}],"method":"POST","auth":null,"body":{"mode":"raw","raw":"{\n  \"rqUID\": {\n    \"rqUID\": \"<uuid>\"\n  },\n  \"aliasBankAcctId\": {\n    \"aliasAcctType\": \"<listTable - AliasAcctType>\",\n    \"aliasAcctId\": \"<NUMBER(35, 0)>\",\n    \"aliasAcctIdMasked\": \"<NUMBER(0, 0)>\"\n  },\n  \"bankAcctId\": {\n    \"acctId\": \"<NUMBER(12, 0)>\",\n    \"acctType\": \"<listTable - AcctType>\",\n    \"acctIdMasked\": \"<string>\"\n  }\n}","options":{"raw":{"language":"json"}}}},"response":[{"id":"25486b6b-6a8b-4c0f-895c-2c148500ca09","name":"Renewal maturity ctrl enquiry response","originalRequest":{"url":{"path":["salesprodagrmt","renewalmaturityctrl","inq"],"host":["{{baseUrl}}"],"query":[],"variable":[]},"header":[{"disabled":false,"description":"(Required) Name of the application","key":"application-name","value":"Swagger"},{"disabled":false,"description":"(Required) ","key":"x-apikey","value":"2MWVAWF2xZz0eNQUK0NVhwpWYkr7gehG"},{"key":"Accept","value":"application/json"}],"method":"POST","body":{"mode":"raw","raw":"{\n  \"rqUID\": {\n    \"rqUID\": \"3fa85f64-5717-4562-b3fc-2c963f66afa6\"\n  },\n  \"bankAcctId\": {\n    \"acctType\": \"TM\",\n    \"acctId\": \"8546\",\n    \"acctIdMasked\": \"\"\n  }\n}","options":{"raw":{"language":"json"}}}},"status":"OK","code":200,"header":[{"key":"Content-Type","value":"application/json"}],"body":"{\n  \"rqUID\": {\n    \"rqUID\": \"3fa85f64-5717-4562-b3fc-2c963f66afa6\"\n  },\n  \"status\": {\n    \"statusCode\": 0,\n    \"statusDesc\": \"Success\"\n  },\n  \"aliasBankAcctId\": {},\n  \"bankAcctId\": {\n    \"acctType\": \"TM\",\n    \"acctId\": \"QUVTOiAwVE5FVFdEMTloOW5ZODJkTzBpSkhRPT0=\",\n    \"acctIdMasked\": \"*********8546\"\n  },\n  \"shortName\": \"WILLIAMSON KANE\",\n  \"renewalMaturityCtrlInfo\": {\n    \"renewalOptionCode\": \"Automatic renewable\",\n    \"renewalPeriodCode\": \"Months\",\n    \"renewalFreq\": \"1\",\n    \"renewalSpecDayCode\": \"00\",\n    \"lastRenewalDt\": \"2021-11-08\",\n    \"renewalNum\": \"15\",\n    \"matDt\": \"2021-12-08\",\n    \"origMatDt\": \"2020-08-31\",\n    \"matNoticeLeadDays\": \"10\",\n    \"ratePricingMeth\": \"1\",\n    \"princDispCode\": \"Manual disposition\",\n    \"princTransferAcct\": {\n      \"acctId\": \"\",\n      \"acctType\": \"00\",\n      \"aliasBankAcctId\": {\n        \"aliasAcctType\": \"\",\n        \"aliasAcctId\": \"\"\n      },\n      \"bankInfo\": {\n        \"bankId\": \"0\"\n      },\n      \"referenceId\": \"\"\n    },\n    \"princTransmutedAcctId\": {\n      \"acctId\": \"\",\n      \"bankInfo\": {\n        \"bankId\": \"0\"\n      },\n      \"referenceId\": \"\",\n      \"outgoingChannelPmtId\": \"\",\n      \"acctIdMasked\": \"\"\n    },\n    \"trancheId\": \"0000000000\",\n    \"indexVarPct\": 0,\n    \"intPmtPeriodCode\": \"Days\",\n    \"intPmtFreqCode\": \"5\",\n    \"intPmtSpecDay\": \"00\",\n    \"overrideIntRate\": 0\n  }\n}","cookie":[],"_postman_previewlanguage":"json"},{"id":"f3685c26-e084-49e1-b094-25b7a8305326","name":"Unauthorized","originalRequest":{"url":{"path":["salesprodagrmt","renewalmaturityctrl","inq"],"host":["{{baseUrl}}"],"query":[],"variable":[]},"header":[{"disabled":false,"description":"(Required) Name of the application","key":"application-name","value":"Swagger"},{"disabled":false,"description":"(Required) ","key":"x-apikey","value":"2MWVAWF2xZz0eNQUK0NVhwpWYkr7gehG"}],"method":"POST","body":{"mode":"raw","raw":"{\n  \"rqUID\": {\n    \"rqUID\": \"3fa85f64-5717-4562-b3fc-2c963f66afa6\"\n  },\n  \"bankAcctId\": {\n    \"acctType\": \"TM\",\n    \"acctId\": \"8546\",\n    \"acctIdMasked\": \"\"\n  }\n}","options":{"raw":{"language":"json"}}}},"status":"Unauthorized","code":401,"header":[{"key":"Content-Type","value":"text/plain"}],"body":"","cookie":[],"_postman_previewlanguage":"text"},{"id":"1d5b167a-72d3-45ca-a1ab-77cf8af0e7e7","name":"Forbidden","originalRequest":{"url":{"path":["salesprodagrmt","renewalmaturityctrl","inq"],"host":["{{baseUrl}}"],"query":[],"variable":[]},"header":[{"disabled":false,"description":"(Required) Name of the application","key":"application-name","value":"Swagger"},{"disabled":false,"description":"(Required) ","key":"x-apikey","value":"2MWVAWF2xZz0eNQUK0NVhwpWYkr7gehG"}],"method":"POST","body":{"mode":"raw","raw":"{\n  \"rqUID\": {\n    \"rqUID\": \"3fa85f64-5717-4562-b3fc-2c963f66afa6\"\n  },\n  \"bankAcctId\": {\n    \"acctType\": \"TM\",\n    \"acctId\": \"8546\",\n    \"acctIdMasked\": \"\"\n  }\n}","options":{"raw":{"language":"json"}}}},"status":"Forbidden","code":403,"header":[{"key":"Content-Type","value":"text/plain"}],"body":"","cookie":[],"_postman_previewlanguage":"text"},{"id":"4c264476-68e6-4d61-b1c4-1440502c032a","name":"Not Found","originalRequest":{"url":{"path":["salesprodagrmt","renewalmaturityctrl","inq"],"host":["{{baseUrl}}"],"query":[],"variable":[]},"header":[{"disabled":false,"description":"(Required) Name of the application","key":"application-name","value":"Swagger"},{"disabled":false,"description":"(Required) ","key":"x-apikey","value":"2MWVAWF2xZz0eNQUK0NVhwpWYkr7gehG"}],"method":"POST","body":{"mode":"raw","raw":"{\n  \"rqUID\": {\n    \"rqUID\": \"3fa85f64-5717-4562-b3fc-2c963f66afa6\"\n  },\n  \"bankAcctId\": {\n    \"acctType\": \"TM\",\n    \"acctId\": \"8546\",\n    \"acctIdMasked\": \"\"\n  }\n}","options":{"raw":{"language":"json"}}}},"status":"Not Found","code":404,"header":[{"key":"Content-Type","value":"text/plain"}],"body":"","cookie":[],"_postman_previewlanguage":"text"},{"id":"0acaeab9-0271-4d1c-ab00-099e98c05813","name":"Internal Server Error","originalRequest":{"url":{"path":["salesprodagrmt","renewalmaturityctrl","inq"],"host":["{{baseUrl}}"],"query":[],"variable":[]},"header":[{"disabled":false,"description":"(Required) Name of the application","key":"application-name","value":"Swagger"},{"disabled":false,"description":"(Required) ","key":"x-apikey","value":"2MWVAWF2xZz0eNQUK0NVhwpWYkr7gehG"},{"key":"Accept","value":"application/json"}],"method":"POST","body":{"mode":"raw","raw":"{\n  \"rqUID\": {\n    \"rqUID\": \"3fa85f64-5717-4562-b3fc-2c963f66afa6\"\n  },\n  \"bankAcctId\": {\n    \"acctType\": \"TM\",\n    \"acctId\": \"8546\",\n    \"acctIdMasked\": \"\"\n  }\n}","options":{"raw":{"language":"json"}}}},"status":"Internal Server Error","code":500,"header":[{"key":"Content-Type","value":"application/json"}],"body":"{\n  \"status\": {\n    \"statusCode\": -39660847,\n    \"statusDesc\": \"incididunt aliquip non amet\",\n    \"supportUID\": \"a2bf75ca-c208-b5ba-19f5-ad05cbce120c\",\n    \"supportDescription\": \"in Excepteu\",\n    \"errorCount\": -61950411,\n    \"warningCount\": -80039706,\n    \"errors\": [\n      {\n        \"source\": \"pariatur laboris exercitation enim dolore\",\n        \"errNum\": \"aute officia dolore\",\n        \"errDesc\": \"sint\",\n        \"errDtl\": \"fugiat ex nulla nisi dolor\",\n        \"errField\": \"amet minim \",\n        \"errType\": \"e\",\n        \"errTagName\": \"elit et consec\",\n        \"hostErrCode\": \"ipsu\",\n        \"useCode\": \"\",\n        \"supportUID\": \"urn:uuid:0d2347cc-6506-e034-07ce-b6f60951e257\",\n        \"rows\": [\n          -51895582,\n          95777387\n        ]\n      },\n      {\n        \"source\": \"ven\",\n        \"errNum\": \"pariatur ipsum\",\n        \"errDesc\": \"magna nulla quis co\",\n        \"errDtl\": \"ipsum esse\",\n        \"errField\": \"ut fugia\",\n        \"errType\": \"c\",\n        \"errTagName\": \"eiusmod aute\",\n        \"hostErrCode\": \"quis co\",\n        \"useCode\": \"\",\n        \"supportUID\": \"bdf5a154-1234-ddec-1205-f83778ff8571\",\n        \"rows\": [\n          -50158554,\n          24769541\n        ]\n      }\n    ],\n    \"warnings\": [\n      {\n        \"source\": \"e\",\n        \"errNum\": \"magna Lorem culpa est\",\n        \"errDesc\": \"mollit ea\",\n        \"errDtl\": \"in aliquip culpa velit\",\n        \"errField\": \"laboris et\",\n        \"errType\": \"s\",\n        \"errTagName\": \"dolor\",\n        \"hostErrCode\": \"offi\",\n        \"useCode\": \"ex\",\n        \"supportUID\": \"f6ae3657-53f4-562c-ad58-a9cc3c236c40\",\n        \"rows\": [\n          -19906944,\n          -11949207\n        ]\n      },\n      {\n        \"source\": \"eu\",\n        \"errNum\": \"adipisicin\",\n        \"errDesc\": \"cillum\",\n        \"errDtl\": \"dolore\",\n        \"errField\": \"amet ipsum ea\",\n        \"errType\": \"d\",\n        \"errTagName\": \"\",\n        \"hostErrCode\": \"sunt o\",\n        \"useCode\": \"a\",\n        \"supportUID\": \"30c31b06-a3d2-ee22-ca53-6bd750f14e7f\",\n        \"rows\": [\n          -33537989,\n          18925392\n        ]\n      }\n    ]\n  }\n}","cookie":[],"_postman_previewlanguage":"json"}],"event":[],"protocolProfileBehavior":{"disableBodyPruning":true}},{"id":"a6b65fe2-e2fa-418b-90a7-081f7142fcbc","name":"inq Product Extended","request":{"name":"inq Product Extended","description":{"content":"Enquire on product extended information","type":"text/plain"},"url":{"path":["salesprodagrmt","productextended","inq"],"host":["{{baseUrl}}"],"query":[],"variable":[]},"header":[{"disabled":false,"description":"(Required) Name of the application","key":"application-name","value":"Swagger"},{"disabled":false,"description":"(Required) ","key":"x-apikey","value":"2MWVAWF2xZz0eNQUK0NVhwpWYkr7gehG"},{"key":"Content-Type","value":"application/json"},{"key":"Accept","value":"application/json"}],"method":"POST","auth":null,"body":{"mode":"raw","raw":"{\n  \"prodId\": \"<string>\",\n  \"rqUID\": {\n    \"rqUID\": \"<uuid>\"\n  },\n  \"appType\": \"<listTable - ProdAppType>\"\n}","options":{"raw":{"language":"json"}}}},"response":[{"id":"ec33c878-a0e9-4401-aefd-76cd02413c94","name":"Product extended enquiry response","originalRequest":{"url":{"path":["salesprodagrmt","productextended","inq"],"host":["{{baseUrl}}"],"query":[],"variable":[]},"header":[{"disabled":false,"description":"(Required) Name of the application","key":"application-name","value":"Swagger"},{"disabled":false,"description":"(Required) ","key":"x-apikey","value":"2MWVAWF2xZz0eNQUK0NVhwpWYkr7gehG"},{"key":"Accept","value":"application/json"}],"method":"POST","body":{"mode":"raw","raw":"{\n  \"rqUID\": {\n    \"rqUID\": \"3fa85f64-5717-4562-b3fc-2c963f66afa6\"\n  },\n  \"appType\": \"\",\n  \"prodId\": \"09149\"\n}","options":{"raw":{"language":"json"}}}},"status":"OK","code":200,"header":[{"key":"Content-Type","value":"application/json"}],"body":"{\n  \"rqUID\": {\n    \"rqUID\": \"a0623179-7ed9-45c6-932a-ebf7c0a2cab8\"\n  },\n  \"status\": {\n    \"statusCode\": 0,\n    \"statusDesc\": \"Success\"\n  },\n  \"appType\": \"\",\n  \"prodId\": \"09149\",\n  \"productExtendedInfo\": {\n    \"appType\": \"TM\",\n    \"prodId\": \"09149\",\n    \"sortCode\": \"123456\",\n    \"serviceUserNbr\": \"123456\"\n  }\n}","cookie":[],"_postman_previewlanguage":"json"},{"id":"ba0a9369-e76c-4aa7-b023-b9d624ca02da","name":"Unauthorized","originalRequest":{"url":{"path":["salesprodagrmt","productextended","inq"],"host":["{{baseUrl}}"],"query":[],"variable":[]},"header":[{"disabled":false,"description":"(Required) Name of the application","key":"application-name","value":"Swagger"},{"disabled":false,"description":"(Required) ","key":"x-apikey","value":"2MWVAWF2xZz0eNQUK0NVhwpWYkr7gehG"}],"method":"POST","body":{"mode":"raw","raw":"{\n  \"rqUID\": {\n    \"rqUID\": \"3fa85f64-5717-4562-b3fc-2c963f66afa6\"\n  },\n  \"appType\": \"\",\n  \"prodId\": \"09149\"\n}","options":{"raw":{"language":"json"}}}},"status":"Unauthorized","code":401,"header":[{"key":"Content-Type","value":"text/plain"}],"body":"","cookie":[],"_postman_previewlanguage":"text"},{"id":"58a83fd0-b908-4243-aca5-2d2dd00ae68a","name":"Forbidden","originalRequest":{"url":{"path":["salesprodagrmt","productextended","inq"],"host":["{{baseUrl}}"],"query":[],"variable":[]},"header":[{"disabled":false,"description":"(Required) Name of the application","key":"application-name","value":"Swagger"},{"disabled":false,"description":"(Required) ","key":"x-apikey","value":"2MWVAWF2xZz0eNQUK0NVhwpWYkr7gehG"}],"method":"POST","body":{"mode":"raw","raw":"{\n  \"rqUID\": {\n    \"rqUID\": \"3fa85f64-5717-4562-b3fc-2c963f66afa6\"\n  },\n  \"appType\": \"\",\n  \"prodId\": \"09149\"\n}","options":{"raw":{"language":"json"}}}},"status":"Forbidden","code":403,"header":[{"key":"Content-Type","value":"text/plain"}],"body":"","cookie":[],"_postman_previewlanguage":"text"},{"id":"8919c58a-7002-420e-b02f-f0c4d20a6cbd","name":"Not Found","originalRequest":{"url":{"path":["salesprodagrmt","productextended","inq"],"host":["{{baseUrl}}"],"query":[],"variable":[]},"header":[{"disabled":false,"description":"(Required) Name of the application","key":"application-name","value":"Swagger"},{"disabled":false,"description":"(Required) ","key":"x-apikey","value":"2MWVAWF2xZz0eNQUK0NVhwpWYkr7gehG"}],"method":"POST","body":{"mode":"raw","raw":"{\n  \"rqUID\": {\n    \"rqUID\": \"3fa85f64-5717-4562-b3fc-2c963f66afa6\"\n  },\n  \"appType\": \"\",\n  \"prodId\": \"09149\"\n}","options":{"raw":{"language":"json"}}}},"status":"Not Found","code":404,"header":[{"key":"Content-Type","value":"text/plain"}],"body":"","cookie":[],"_postman_previewlanguage":"text"},{"id":"362ab041-3acd-41a2-8230-141a5df6338c","name":"Internal Server Error","originalRequest":{"url":{"path":["salesprodagrmt","productextended","inq"],"host":["{{baseUrl}}"],"query":[],"variable":[]},"header":[{"disabled":false,"description":"(Required) Name of the application","key":"application-name","value":"Swagger"},{"disabled":false,"description":"(Required) ","key":"x-apikey","value":"2MWVAWF2xZz0eNQUK0NVhwpWYkr7gehG"},{"key":"Accept","value":"application/json"}],"method":"POST","body":{"mode":"raw","raw":"{\n  \"rqUID\": {\n    \"rqUID\": \"3fa85f64-5717-4562-b3fc-2c963f66afa6\"\n  },\n  \"appType\": \"\",\n  \"prodId\": \"09149\"\n}","options":{"raw":{"language":"json"}}}},"status":"Internal Server Error","code":500,"header":[{"key":"Content-Type","value":"application/json"}],"body":"{\n  \"status\": {\n    \"statusCode\": 86096557,\n    \"statusDesc\": \"ir\",\n    \"supportUID\": \"61edc6d9-a6df-7bd7-b00e-64a89839254e\",\n    \"supportDescription\": \"sunt mollit elit\",\n    \"errorCount\": 66673811,\n    \"warningCount\": -47292380,\n    \"errors\": [\n      {\n        \"source\": \"amet Ut enim\",\n        \"errNum\": \"laborum cillum\",\n        \"errDesc\": \"ut ad\",\n        \"errDtl\": \"dolore exercitation mollit minim elit\",\n        \"errField\": \"n\",\n        \"errType\": \"i\",\n        \"errTagName\": \"ut id\",\n        \"hostErrCode\": \"nost\",\n        \"useCode\": \"\",\n        \"supportUID\": \"2ff956d9-1e59-5b47-5088-1164ba0180fd\",\n        \"rows\": [\n          73464759,\n          -47252838\n        ]\n      },\n      {\n        \"source\": \"aute cu\",\n        \"errNum\": \"exercitation laboris ipsum\",\n        \"errDesc\": \"ut aute cillum incididunt est\",\n        \"errDtl\": \"enim incididunt officia\",\n        \"errField\": \"aute sed\",\n        \"errType\": \"m\",\n        \"errTagName\": \"velit aliquip nulla cupidatat\",\n        \"hostErrCode\": \"in ex\",\n        \"useCode\": \"s\",\n        \"supportUID\": \"urn:uuid:a5290cb1-d3f0-a8f8-ab38-db08387e915d\",\n        \"rows\": [\n          95619388,\n          95895391\n        ]\n      }\n    ],\n    \"warnings\": [\n      {\n        \"source\": \"in cupidatat\",\n        \"errNum\": \"aliquip cillum deserunt\",\n        \"errDesc\": \"ex\",\n        \"errDtl\": \"occaecat dolor\",\n        \"errField\": \"quis in anim\",\n        \"errType\": \"u\",\n        \"errTagName\": \"sunt ex\",\n        \"hostErrCode\": \"\",\n        \"useCode\": \"i\",\n        \"supportUID\": \"c58fc184-8f40-d7ef-2cc3-0ef4f1b50a80\",\n        \"rows\": [\n          -53055151,\n          24878252\n        ]\n      },\n      {\n        \"source\": \"mi\",\n        \"errNum\": \"elit laboris ipsum laborum aliqua\",\n        \"errDesc\": \"est do\",\n        \"errDtl\": \"reprehenderit eiusmod velit\",\n        \"errField\": \"ul\",\n        \"errType\": \"m\",\n        \"errTagName\": \"commodo conseq\",\n        \"hostErrCode\": \"es\",\n        \"useCode\": \"qu\",\n        \"supportUID\": \"urn:uuid:09b4771a-aee3-2e72-f29a-69939258bd67\",\n        \"rows\": [\n          -78896850,\n          22731216\n        ]\n      }\n    ]\n  }\n}","cookie":[],"_postman_previewlanguage":"json"}],"event":[],"protocolProfileBehavior":{"disableBodyPruning":true}},{"id":"6a4c70a6-4dd3-4934-8cd6-385565bfc0ac","name":"inq Notice Of Wd","request":{"name":"inq Notice Of Wd","description":{"content":"Enquire on notice of withdrawal","type":"text/plain"},"url":{"path":["salesprodagrmt","noticeofwd","inq"],"host":["{{baseUrl}}"],"query":[],"variable":[]},"header":[{"disabled":false,"description":"(Required) Name of the application","key":"application-name","value":"Swagger"},{"disabled":false,"description":"(Required) ","key":"x-apikey","value":"2MWVAWF2xZz0eNQUK0NVhwpWYkr7gehG"},{"key":"Content-Type","value":"application/json"},{"key":"Accept","value":"application/json"}],"method":"POST","auth":null,"body":{"mode":"raw","raw":"{\n  \"rqUID\": {\n    \"rqUID\": \"<uuid>\"\n  },\n  \"recCtrlIn\": {\n    \"maxRec\": \"<NUMBER(2, 0)>\",\n    \"cursor\": \"<string>\"\n  },\n  \"aliasBankAcctId\": {\n    \"aliasAcctType\": \"<listTable - AliasAcctType>\",\n    \"aliasAcctId\": \"<NUMBER(35, 0)>\",\n    \"aliasAcctIdMasked\": \"<NUMBER(0, 0)>\"\n  },\n  \"bankAcctId\": {\n    \"acctId\": \"<NUMBER(12, 0)>\",\n    \"acctType\": \"<listTable - AcctType>\",\n    \"acctIdMasked\": \"<string>\"\n  }\n}","options":{"raw":{"language":"json"}}}},"response":[{"id":"6dd63b8e-425a-48c2-8c3b-260d634356f7","name":"Notice of wd enquiry response","originalRequest":{"url":{"path":["salesprodagrmt","noticeofwd","inq"],"host":["{{baseUrl}}"],"query":[],"variable":[]},"header":[{"disabled":false,"description":"(Required) Name of the application","key":"application-name","value":"Swagger"},{"disabled":false,"description":"(Required) ","key":"x-apikey","value":"2MWVAWF2xZz0eNQUK0NVhwpWYkr7gehG"},{"key":"Accept","value":"application/json"}],"method":"POST","body":{"mode":"raw","raw":"{\n  \"rqUID\": {\n    \"rqUID\": \"3fa85f64-5717-4562-b3fc-2c963f66afa6\"\n  },\n  \"recCtrlIn\": {\n    \"maxRec\": 0,\n    \"cursor\": \"\"\n  },\n  \"bankAcctId\": {\n    \"acctType\": \"TM\",\n    \"acctId\": \"8546\",\n    \"acctIdMasked\": \"\"\n  }\n}","options":{"raw":{"language":"json"}}}},"status":"OK","code":200,"header":[{"key":"Content-Type","value":"application/json"}],"body":"{\n  \"rqUID\": {\n    \"rqUID\": \"a0623179-7ed9-45c6-932a-ebf7c0a2cab8\"\n  },\n  \"status\": {\n    \"statusCode\": 0,\n    \"statusDesc\": \"Success\"\n  },\n  \"recCtrlOut\": {\n    \"matchedRec\": 0,\n    \"sentRec\": 2,\n    \"cursor\": \"00000000000\"\n  },\n  \"aliasBankAcctId\": {},\n  \"bankAcctId\": {\n    \"acctType\": \"TM\",\n    \"acctId\": \"QUVTOiA1YXhaTkhJOXBqcklMQ3NEd2JtUkNBPT0=\",\n    \"acctIdMasked\": \"*********8546\"\n  },\n  \"noticeOfWdInfo\": [\n    {\n      \"noticeGivenDt\": \"2021-11-10\",\n      \"graceExpDt\": \"2021-11-15\",\n      \"fundsAvailDt\": \"2021-11-15\",\n      \"noticeAmt\": {\n        \"amt\": 1000\n      },\n      \"passbookFlag\": true,\n      \"noticeSeqId\": \"1\",\n      \"unusedAmt\": {\n        \"amt\": 1000\n      },\n      \"noticeStatus\": \"Active\",\n      \"acctBal\": {\n        \"amt\": 2000\n      }\n    },\n    {\n      \"noticeGivenDt\": \"2021-11-10\",\n      \"graceExpDt\": \"2021-11-15\",\n      \"fundsAvailDt\": \"2021-11-15\",\n      \"noticeAmt\": {\n        \"amt\": 1000\n      },\n      \"passbookFlag\": true,\n      \"noticeSeqId\": \"2\",\n      \"unusedAmt\": {\n        \"amt\": 1000\n      },\n      \"noticeStatus\": \"Active\",\n      \"acctBal\": {\n        \"amt\": 2000\n      }\n    }\n  ]\n}","cookie":[],"_postman_previewlanguage":"json"},{"id":"9dcf2884-d1e1-49f0-8171-ac75ef882769","name":"Unauthorized","originalRequest":{"url":{"path":["salesprodagrmt","noticeofwd","inq"],"host":["{{baseUrl}}"],"query":[],"variable":[]},"header":[{"disabled":false,"description":"(Required) Name of the application","key":"application-name","value":"Swagger"},{"disabled":false,"description":"(Required) ","key":"x-apikey","value":"2MWVAWF2xZz0eNQUK0NVhwpWYkr7gehG"}],"method":"POST","body":{"mode":"raw","raw":"{\n  \"rqUID\": {\n    \"rqUID\": \"3fa85f64-5717-4562-b3fc-2c963f66afa6\"\n  },\n  \"recCtrlIn\": {\n    \"maxRec\": 0,\n    \"cursor\": \"\"\n  },\n  \"bankAcctId\": {\n    \"acctType\": \"TM\",\n    \"acctId\": \"8546\",\n    \"acctIdMasked\": \"\"\n  }\n}","options":{"raw":{"language":"json"}}}},"status":"Unauthorized","code":401,"header":[{"key":"Content-Type","value":"text/plain"}],"body":"","cookie":[],"_postman_previewlanguage":"text"},{"id":"5d8c1f2e-6e1d-41b4-99fd-df00d97bb3ea","name":"Forbidden","originalRequest":{"url":{"path":["salesprodagrmt","noticeofwd","inq"],"host":["{{baseUrl}}"],"query":[],"variable":[]},"header":[{"disabled":false,"description":"(Required) Name of the application","key":"application-name","value":"Swagger"},{"disabled":false,"description":"(Required) ","key":"x-apikey","value":"2MWVAWF2xZz0eNQUK0NVhwpWYkr7gehG"}],"method":"POST","body":{"mode":"raw","raw":"{\n  \"rqUID\": {\n    \"rqUID\": \"3fa85f64-5717-4562-b3fc-2c963f66afa6\"\n  },\n  \"recCtrlIn\": {\n    \"maxRec\": 0,\n    \"cursor\": \"\"\n  },\n  \"bankAcctId\": {\n    \"acctType\": \"TM\",\n    \"acctId\": \"8546\",\n    \"acctIdMasked\": \"\"\n  }\n}","options":{"raw":{"language":"json"}}}},"status":"Forbidden","code":403,"header":[{"key":"Content-Type","value":"text/plain"}],"body":"","cookie":[],"_postman_previewlanguage":"text"},{"id":"0180c601-8b29-4f23-a055-dd76ce78a6b3","name":"Not Found","originalRequest":{"url":{"path":["salesprodagrmt","noticeofwd","inq"],"host":["{{baseUrl}}"],"query":[],"variable":[]},"header":[{"disabled":false,"description":"(Required) Name of the application","key":"application-name","value":"Swagger"},{"disabled":false,"description":"(Required) ","key":"x-apikey","value":"2MWVAWF2xZz0eNQUK0NVhwpWYkr7gehG"}],"method":"POST","body":{"mode":"raw","raw":"{\n  \"rqUID\": {\n    \"rqUID\": \"3fa85f64-5717-4562-b3fc-2c963f66afa6\"\n  },\n  \"recCtrlIn\": {\n    \"maxRec\": 0,\n    \"cursor\": \"\"\n  },\n  \"bankAcctId\": {\n    \"acctType\": \"TM\",\n    \"acctId\": \"8546\",\n    \"acctIdMasked\": \"\"\n  }\n}","options":{"raw":{"language":"json"}}}},"status":"Not Found","code":404,"header":[{"key":"Content-Type","value":"text/plain"}],"body":"","cookie":[],"_postman_previewlanguage":"text"},{"id":"774168a3-de59-44e7-8ce9-d3a4259fc02c","name":"Internal Server Error","originalRequest":{"url":{"path":["salesprodagrmt","noticeofwd","inq"],"host":["{{baseUrl}}"],"query":[],"variable":[]},"header":[{"disabled":false,"description":"(Required) Name of the application","key":"application-name","value":"Swagger"},{"disabled":false,"description":"(Required) ","key":"x-apikey","value":"2MWVAWF2xZz0eNQUK0NVhwpWYkr7gehG"},{"key":"Accept","value":"application/json"}],"method":"POST","body":{"mode":"raw","raw":"{\n  \"rqUID\": {\n    \"rqUID\": \"3fa85f64-5717-4562-b3fc-2c963f66afa6\"\n  },\n  \"recCtrlIn\": {\n    \"maxRec\": 0,\n    \"cursor\": \"\"\n  },\n  \"bankAcctId\": {\n    \"acctType\": \"TM\",\n    \"acctId\": \"8546\",\n    \"acctIdMasked\": \"\"\n  }\n}","options":{"raw":{"language":"json"}}}},"status":"Internal Server Error","code":500,"header":[{"key":"Content-Type","value":"application/json"}],"body":"{\n  \"status\": {\n    \"statusCode\": 86096557,\n    \"statusDesc\": \"ir\",\n    \"supportUID\": \"61edc6d9-a6df-7bd7-b00e-64a89839254e\",\n    \"supportDescription\": \"sunt mollit elit\",\n    \"errorCount\": 66673811,\n    \"warningCount\": -47292380,\n    \"errors\": [\n      {\n        \"source\": \"amet Ut enim\",\n        \"errNum\": \"laborum cillum\",\n        \"errDesc\": \"ut ad\",\n        \"errDtl\": \"dolore exercitation mollit minim elit\",\n        \"errField\": \"n\",\n        \"errType\": \"i\",\n        \"errTagName\": \"ut id\",\n        \"hostErrCode\": \"nost\",\n        \"useCode\": \"\",\n        \"supportUID\": \"2ff956d9-1e59-5b47-5088-1164ba0180fd\",\n        \"rows\": [\n          73464759,\n          -47252838\n        ]\n      },\n      {\n        \"source\": \"aute cu\",\n        \"errNum\": \"exercitation laboris ipsum\",\n        \"errDesc\": \"ut aute cillum incididunt est\",\n        \"errDtl\": \"enim incididunt officia\",\n        \"errField\": \"aute sed\",\n        \"errType\": \"m\",\n        \"errTagName\": \"velit aliquip nulla cupidatat\",\n        \"hostErrCode\": \"in ex\",\n        \"useCode\": \"s\",\n        \"supportUID\": \"urn:uuid:a5290cb1-d3f0-a8f8-ab38-db08387e915d\",\n        \"rows\": [\n          95619388,\n          95895391\n        ]\n      }\n    ],\n    \"warnings\": [\n      {\n        \"source\": \"in cupidatat\",\n        \"errNum\": \"aliquip cillum deserunt\",\n        \"errDesc\": \"ex\",\n        \"errDtl\": \"occaecat dolor\",\n        \"errField\": \"quis in anim\",\n        \"errType\": \"u\",\n        \"errTagName\": \"sunt ex\",\n        \"hostErrCode\": \"\",\n        \"useCode\": \"i\",\n        \"supportUID\": \"c58fc184-8f40-d7ef-2cc3-0ef4f1b50a80\",\n        \"rows\": [\n          -53055151,\n          24878252\n        ]\n      },\n      {\n        \"source\": \"mi\",\n        \"errNum\": \"elit laboris ipsum laborum aliqua\",\n        \"errDesc\": \"est do\",\n        \"errDtl\": \"reprehenderit eiusmod velit\",\n        \"errField\": \"ul\",\n        \"errType\": \"m\",\n        \"errTagName\": \"commodo conseq\",\n        \"hostErrCode\": \"es\",\n        \"useCode\": \"qu\",\n        \"supportUID\": \"urn:uuid:09b4771a-aee3-2e72-f29a-69939258bd67\",\n        \"rows\": [\n          -78896850,\n          22731216\n        ]\n      }\n    ]\n  }\n}","cookie":[],"_postman_previewlanguage":"json"}],"event":[],"protocolProfileBehavior":{"disableBodyPruning":true}},{"id":"62c8bc35-57ab-4c7c-b651-ad8226b0d894","name":"inq Int Rate Ctrl","request":{"name":"inq Int Rate Ctrl","description":{"content":"Enquire on interest rate control","type":"text/plain"},"url":{"path":["salesprodagrmt","intratectrl","inq"],"host":["{{baseUrl}}"],"query":[],"variable":[]},"header":[{"disabled":false,"description":"(Required) Name of the application","key":"application-name","value":"Swagger"},{"disabled":false,"description":"(Required) ","key":"x-apikey","value":"2MWVAWF2xZz0eNQUK0NVhwpWYkr7gehG"},{"key":"Content-Type","value":"application/json"},{"key":"Accept","value":"application/json"}],"method":"POST","auth":null,"body":{"mode":"raw","raw":"{\n  \"rqUID\": {\n    \"rqUID\": \"<uuid>\"\n  },\n  \"aliasBankAcctId\": {\n    \"aliasAcctType\": \"<listTable - AliasAcctType>\",\n    \"aliasAcctId\": \"<NUMBER(35, 0)>\",\n    \"aliasAcctIdMasked\": \"<NUMBER(0, 0)>\"\n  },\n  \"bankAcctId\": {\n    \"acctId\": \"<NUMBER(12, 0)>\",\n    \"acctType\": \"<listTable - AcctType>\",\n    \"acctIdMasked\": \"<string>\"\n  }\n}","options":{"raw":{"language":"json"}}}},"response":[{"id":"09b1f29b-1557-429e-b767-b1058d82cd5c","name":"Int rate ctrl enquiry response","originalRequest":{"url":{"path":["salesprodagrmt","intratectrl","inq"],"host":["{{baseUrl}}"],"query":[],"variable":[]},"header":[{"disabled":false,"description":"(Required) Name of the application","key":"application-name","value":"Swagger"},{"disabled":false,"description":"(Required) ","key":"x-apikey","value":"2MWVAWF2xZz0eNQUK0NVhwpWYkr7gehG"},{"key":"Accept","value":"application/json"}],"method":"POST","body":{"mode":"raw","raw":"{\n  \"rqUID\": {\n    \"rqUID\": \"3fa85f64-5717-4562-b3fc-2c963f66afa6\"\n  },\n  \"aliasBankAcctId\": {\n    \"aliasAcctType\": \"\",\n    \"aliasAcctId\": \"\"\n  },\n  \"bankAcctId\": {\n    \"acctType\": \"TM\",\n    \"acctId\": \"8546\",\n    \"acctIdMasked\": \"\"\n  }\n}","options":{"raw":{"language":"json"}}}},"status":"OK","code":200,"header":[{"key":"Content-Type","value":"application/json"}],"body":"{\n  \"rqUID\": {\n    \"rqUID\": \"3fa85f64-5717-4562-b3fc-2c963f66afa6\"\n  },\n  \"status\": {\n    \"statusCode\": 0,\n    \"statusDesc\": \"Success\"\n  },\n  \"aliasBankAcctId\": {\n    \"aliasAcctType\": \"\",\n    \"aliasAcctId\": \"\"\n  },\n  \"bankAcctId\": {\n    \"acctType\": \"TM\",\n    \"acctId\": \"QUVTOiBCMWJyWUdaLzZFUmFOekhVQkVweTVRPT0=\",\n    \"acctIdMasked\": \"*********8546\"\n  },\n  \"timeIntRateCtrlInfo\": {\n    \"intPlanCode\": \"00004\",\n    \"intRate\": 6.985,\n    \"intGuarantyCode\": \"Rate changes at renewal\",\n    \"rateRepricingActivityCode\": \"DoNotReprice\",\n    \"matrixPricingIndexCode\": \"01\",\n    \"indexId\": \"11\",\n    \"indexVarPct\": 0,\n    \"floorCeilingFlag\": false,\n    \"floorIntRatePct\": 1,\n    \"ceilingIntRatePct\": 50,\n    \"rateReviewPeriodCode\": \"No review period\",\n    \"rateReviewFreqCode\": \"0\",\n    \"rateReviewSpecDay\": \"00\",\n    \"renewalOptionCode\": \"Automatic renewable\"\n  }\n}","cookie":[],"_postman_previewlanguage":"json"},{"id":"69352f12-a8c5-4bc3-96af-1d5037903720","name":"Unauthorized","originalRequest":{"url":{"path":["salesprodagrmt","intratectrl","inq"],"host":["{{baseUrl}}"],"query":[],"variable":[]},"header":[{"disabled":false,"description":"(Required) Name of the application","key":"application-name","value":"Swagger"},{"disabled":false,"description":"(Required) ","key":"x-apikey","value":"2MWVAWF2xZz0eNQUK0NVhwpWYkr7gehG"}],"method":"POST","body":{"mode":"raw","raw":"{\n  \"rqUID\": {\n    \"rqUID\": \"3fa85f64-5717-4562-b3fc-2c963f66afa6\"\n  },\n  \"aliasBankAcctId\": {\n    \"aliasAcctType\": \"\",\n    \"aliasAcctId\": \"\"\n  },\n  \"bankAcctId\": {\n    \"acctType\": \"TM\",\n    \"acctId\": \"8546\",\n    \"acctIdMasked\": \"\"\n  }\n}","options":{"raw":{"language":"json"}}}},"status":"Unauthorized","code":401,"header":[{"key":"Content-Type","value":"text/plain"}],"body":"","cookie":[],"_postman_previewlanguage":"text"},{"id":"37dd0172-0a5e-4556-ae9f-fe57fe4e40af","name":"Forbidden","originalRequest":{"url":{"path":["salesprodagrmt","intratectrl","inq"],"host":["{{baseUrl}}"],"query":[],"variable":[]},"header":[{"disabled":false,"description":"(Required) Name of the application","key":"application-name","value":"Swagger"},{"disabled":false,"description":"(Required) ","key":"x-apikey","value":"2MWVAWF2xZz0eNQUK0NVhwpWYkr7gehG"}],"method":"POST","body":{"mode":"raw","raw":"{\n  \"rqUID\": {\n    \"rqUID\": \"3fa85f64-5717-4562-b3fc-2c963f66afa6\"\n  },\n  \"aliasBankAcctId\": {\n    \"aliasAcctType\": \"\",\n    \"aliasAcctId\": \"\"\n  },\n  \"bankAcctId\": {\n    \"acctType\": \"TM\",\n    \"acctId\": \"8546\",\n    \"acctIdMasked\": \"\"\n  }\n}","options":{"raw":{"language":"json"}}}},"status":"Forbidden","code":403,"header":[{"key":"Content-Type","value":"text/plain"}],"body":"","cookie":[],"_postman_previewlanguage":"text"},{"id":"8fc21a5d-8bc9-49fa-aaa2-d29c14a2c0a7","name":"Not Found","originalRequest":{"url":{"path":["salesprodagrmt","intratectrl","inq"],"host":["{{baseUrl}}"],"query":[],"variable":[]},"header":[{"disabled":false,"description":"(Required) Name of the application","key":"application-name","value":"Swagger"},{"disabled":false,"description":"(Required) ","key":"x-apikey","value":"2MWVAWF2xZz0eNQUK0NVhwpWYkr7gehG"}],"method":"POST","body":{"mode":"raw","raw":"{\n  \"rqUID\": {\n    \"rqUID\": \"3fa85f64-5717-4562-b3fc-2c963f66afa6\"\n  },\n  \"aliasBankAcctId\": {\n    \"aliasAcctType\": \"\",\n    \"aliasAcctId\": \"\"\n  },\n  \"bankAcctId\": {\n    \"acctType\": \"TM\",\n    \"acctId\": \"8546\",\n    \"acctIdMasked\": \"\"\n  }\n}","options":{"raw":{"language":"json"}}}},"status":"Not Found","code":404,"header":[{"key":"Content-Type","value":"text/plain"}],"body":"","cookie":[],"_postman_previewlanguage":"text"},{"id":"4c4e9573-17df-4676-8465-9709ea2cdb4e","name":"Internal Server Error","originalRequest":{"url":{"path":["salesprodagrmt","intratectrl","inq"],"host":["{{baseUrl}}"],"query":[],"variable":[]},"header":[{"disabled":false,"description":"(Required) Name of the application","key":"application-name","value":"Swagger"},{"disabled":false,"description":"(Required) ","key":"x-apikey","value":"2MWVAWF2xZz0eNQUK0NVhwpWYkr7gehG"},{"key":"Accept","value":"application/json"}],"method":"POST","body":{"mode":"raw","raw":"{\n  \"rqUID\": {\n    \"rqUID\": \"3fa85f64-5717-4562-b3fc-2c963f66afa6\"\n  },\n  \"aliasBankAcctId\": {\n    \"aliasAcctType\": \"\",\n    \"aliasAcctId\": \"\"\n  },\n  \"bankAcctId\": {\n    \"acctType\": \"TM\",\n    \"acctId\": \"8546\",\n    \"acctIdMasked\": \"\"\n  }\n}","options":{"raw":{"language":"json"}}}},"status":"Internal Server Error","code":500,"header":[{"key":"Content-Type","value":"application/json"}],"body":"{\n  \"status\": {\n    \"statusCode\": 86096557,\n    \"statusDesc\": \"ir\",\n    \"supportUID\": \"61edc6d9-a6df-7bd7-b00e-64a89839254e\",\n    \"supportDescription\": \"sunt mollit elit\",\n    \"errorCount\": 66673811,\n    \"warningCount\": -47292380,\n    \"errors\": [\n      {\n        \"source\": \"amet Ut enim\",\n        \"errNum\": \"laborum cillum\",\n        \"errDesc\": \"ut ad\",\n        \"errDtl\": \"dolore exercitation mollit minim elit\",\n        \"errField\": \"n\",\n        \"errType\": \"i\",\n        \"errTagName\": \"ut id\",\n        \"hostErrCode\": \"nost\",\n        \"useCode\": \"\",\n        \"supportUID\": \"2ff956d9-1e59-5b47-5088-1164ba0180fd\",\n        \"rows\": [\n          73464759,\n          -47252838\n        ]\n      },\n      {\n        \"source\": \"aute cu\",\n        \"errNum\": \"exercitation laboris ipsum\",\n        \"errDesc\": \"ut aute cillum incididunt est\",\n        \"errDtl\": \"enim incididunt officia\",\n        \"errField\": \"aute sed\",\n        \"errType\": \"m\",\n        \"errTagName\": \"velit aliquip nulla cupidatat\",\n        \"hostErrCode\": \"in ex\",\n        \"useCode\": \"s\",\n        \"supportUID\": \"urn:uuid:a5290cb1-d3f0-a8f8-ab38-db08387e915d\",\n        \"rows\": [\n          95619388,\n          95895391\n        ]\n      }\n    ],\n    \"warnings\": [\n      {\n        \"source\": \"in cupidatat\",\n        \"errNum\": \"aliquip cillum deserunt\",\n        \"errDesc\": \"ex\",\n        \"errDtl\": \"occaecat dolor\",\n        \"errField\": \"quis in anim\",\n        \"errType\": \"u\",\n        \"errTagName\": \"sunt ex\",\n        \"hostErrCode\": \"\",\n        \"useCode\": \"i\",\n        \"supportUID\": \"c58fc184-8f40-d7ef-2cc3-0ef4f1b50a80\",\n        \"rows\": [\n          -53055151,\n          24878252\n        ]\n      },\n      {\n        \"source\": \"mi\",\n        \"errNum\": \"elit laboris ipsum laborum aliqua\",\n        \"errDesc\": \"est do\",\n        \"errDtl\": \"reprehenderit eiusmod velit\",\n        \"errField\": \"ul\",\n        \"errType\": \"m\",\n        \"errTagName\": \"commodo conseq\",\n        \"hostErrCode\": \"es\",\n        \"useCode\": \"qu\",\n        \"supportUID\": \"urn:uuid:09b4771a-aee3-2e72-f29a-69939258bd67\",\n        \"rows\": [\n          -78896850,\n          22731216\n        ]\n      }\n    ]\n  }\n}","cookie":[],"_postman_previewlanguage":"json"}],"event":[],"protocolProfileBehavior":{"disableBodyPruning":true}},{"id":"15522c50-7f10-47a0-8937-e3ad12409a1a","name":"inq Int Rate","request":{"name":"inq Int Rate","description":{"content":"Enquire on interest rate","type":"text/plain"},"url":{"path":["salesprodagrmt","intrate","inq"],"host":["{{baseUrl}}"],"query":[],"variable":[]},"header":[{"disabled":false,"description":"(Required) Name of the application","key":"application-name","value":"Swagger"},{"disabled":false,"description":"(Required) ","key":"x-apikey","value":"2MWVAWF2xZz0eNQUK0NVhwpWYkr7gehG"},{"key":"Content-Type","value":"application/json"},{"key":"Accept","value":"application/json"}],"method":"POST","auth":null,"body":{"mode":"raw","raw":"{\n  \"rqUID\": {\n    \"rqUID\": \"<uuid>\"\n  },\n  \"aliasBankAcctId\": {\n    \"aliasAcctType\": \"<listTable - AliasAcctType>\",\n    \"aliasAcctId\": \"<NUMBER(35, 0)>\",\n    \"aliasAcctIdMasked\": \"<NUMBER(0, 0)>\"\n  },\n  \"bankAcctId\": {\n    \"acctId\": \"<NUMBER(12, 0)>\",\n    \"acctType\": \"<listTable - AcctType>\",\n    \"acctIdMasked\": \"<string>\"\n  }\n}","options":{"raw":{"language":"json"}}}},"response":[{"id":"e7f09dda-1d13-40a2-9a75-1df1fe00a1e4","name":"Int rate enquiry response","originalRequest":{"url":{"path":["salesprodagrmt","intrate","inq"],"host":["{{baseUrl}}"],"query":[],"variable":[]},"header":[{"disabled":false,"description":"(Required) Name of the application","key":"application-name","value":"Swagger"},{"disabled":false,"description":"(Required) ","key":"x-apikey","value":"2MWVAWF2xZz0eNQUK0NVhwpWYkr7gehG"},{"key":"Accept","value":"application/json"}],"method":"POST","body":{"mode":"raw","raw":"{\n  \"rqUID\": {\n    \"rqUID\": \"3fa85f64-5717-4562-b3fc-2c963f66afa6\"\n  },\n  \"bankAcctId\": {\n    \"acctType\": \"TM\",\n    \"acctId\": \"8546\",\n    \"acctIdMasked\": \"\"\n  }\n}","options":{"raw":{"language":"json"}}}},"status":"OK","code":200,"header":[{"key":"Content-Type","value":"application/json"}],"body":"{\n  \"rqUID\": {\n    \"rqUID\": \"3fa85f64-5717-4562-b3fc-2c963f66afa6\"\n  },\n  \"status\": {\n    \"statusCode\": 0,\n    \"statusDesc\": \"Success\"\n  },\n  \"aliasBankAcctId\": {},\n  \"bankAcctId\": {\n    \"acctType\": \"TM\",\n    \"acctId\": \"QUVTOiBLY0JVand3dXRDSTB1bnhDQ0tnR3lnPT0=\",\n    \"acctIdMasked\": \"*********8546\"\n  },\n  \"intRateInfo\": {\n    \"intRate\": 5.75\n  }\n}","cookie":[],"_postman_previewlanguage":"json"},{"id":"da42970a-69b4-4b8c-8ca1-82dd5835bd9b","name":"Unauthorized","originalRequest":{"url":{"path":["salesprodagrmt","intrate","inq"],"host":["{{baseUrl}}"],"query":[],"variable":[]},"header":[{"disabled":false,"description":"(Required) Name of the application","key":"application-name","value":"Swagger"},{"disabled":false,"description":"(Required) ","key":"x-apikey","value":"2MWVAWF2xZz0eNQUK0NVhwpWYkr7gehG"}],"method":"POST","body":{"mode":"raw","raw":"{\n  \"rqUID\": {\n    \"rqUID\": \"3fa85f64-5717-4562-b3fc-2c963f66afa6\"\n  },\n  \"bankAcctId\": {\n    \"acctType\": \"TM\",\n    \"acctId\": \"8546\",\n    \"acctIdMasked\": \"\"\n  }\n}","options":{"raw":{"language":"json"}}}},"status":"Unauthorized","code":401,"header":[{"key":"Content-Type","value":"text/plain"}],"body":"","cookie":[],"_postman_previewlanguage":"text"},{"id":"c46ec75c-0e51-423e-98ae-be109bd52d83","name":"Forbidden","originalRequest":{"url":{"path":["salesprodagrmt","intrate","inq"],"host":["{{baseUrl}}"],"query":[],"variable":[]},"header":[{"disabled":false,"description":"(Required) Name of the application","key":"application-name","value":"Swagger"},{"disabled":false,"description":"(Required) ","key":"x-apikey","value":"2MWVAWF2xZz0eNQUK0NVhwpWYkr7gehG"}],"method":"POST","body":{"mode":"raw","raw":"{\n  \"rqUID\": {\n    \"rqUID\": \"3fa85f64-5717-4562-b3fc-2c963f66afa6\"\n  },\n  \"bankAcctId\": {\n    \"acctType\": \"TM\",\n    \"acctId\": \"8546\",\n    \"acctIdMasked\": \"\"\n  }\n}","options":{"raw":{"language":"json"}}}},"status":"Forbidden","code":403,"header":[{"key":"Content-Type","value":"text/plain"}],"body":"","cookie":[],"_postman_previewlanguage":"text"},{"id":"dd0564f5-07c9-4584-add1-f9b17563282d","name":"Not Found","originalRequest":{"url":{"path":["salesprodagrmt","intrate","inq"],"host":["{{baseUrl}}"],"query":[],"variable":[]},"header":[{"disabled":false,"description":"(Required) Name of the application","key":"application-name","value":"Swagger"},{"disabled":false,"description":"(Required) ","key":"x-apikey","value":"2MWVAWF2xZz0eNQUK0NVhwpWYkr7gehG"}],"method":"POST","body":{"mode":"raw","raw":"{\n  \"rqUID\": {\n    \"rqUID\": \"3fa85f64-5717-4562-b3fc-2c963f66afa6\"\n  },\n  \"bankAcctId\": {\n    \"acctType\": \"TM\",\n    \"acctId\": \"8546\",\n    \"acctIdMasked\": \"\"\n  }\n}","options":{"raw":{"language":"json"}}}},"status":"Not Found","code":404,"header":[{"key":"Content-Type","value":"text/plain"}],"body":"","cookie":[],"_postman_previewlanguage":"text"},{"id":"c944f393-a5b5-4a57-ad2e-36883f76f760","name":"Internal Server Error","originalRequest":{"url":{"path":["salesprodagrmt","intrate","inq"],"host":["{{baseUrl}}"],"query":[],"variable":[]},"header":[{"disabled":false,"description":"(Required) Name of the application","key":"application-name","value":"Swagger"},{"disabled":false,"description":"(Required) ","key":"x-apikey","value":"2MWVAWF2xZz0eNQUK0NVhwpWYkr7gehG"},{"key":"Accept","value":"application/json"}],"method":"POST","body":{"mode":"raw","raw":"{\n  \"rqUID\": {\n    \"rqUID\": \"3fa85f64-5717-4562-b3fc-2c963f66afa6\"\n  },\n  \"bankAcctId\": {\n    \"acctType\": \"TM\",\n    \"acctId\": \"8546\",\n    \"acctIdMasked\": \"\"\n  }\n}","options":{"raw":{"language":"json"}}}},"status":"Internal Server Error","code":500,"header":[{"key":"Content-Type","value":"application/json"}],"body":"{\n  \"status\": {\n    \"statusCode\": 86096557,\n    \"statusDesc\": \"ir\",\n    \"supportUID\": \"61edc6d9-a6df-7bd7-b00e-64a89839254e\",\n    \"supportDescription\": \"sunt mollit elit\",\n    \"errorCount\": 66673811,\n    \"warningCount\": -47292380,\n    \"errors\": [\n      {\n        \"source\": \"amet Ut enim\",\n        \"errNum\": \"laborum cillum\",\n        \"errDesc\": \"ut ad\",\n        \"errDtl\": \"dolore exercitation mollit minim elit\",\n        \"errField\": \"n\",\n        \"errType\": \"i\",\n        \"errTagName\": \"ut id\",\n        \"hostErrCode\": \"nost\",\n        \"useCode\": \"\",\n        \"supportUID\": \"2ff956d9-1e59-5b47-5088-1164ba0180fd\",\n        \"rows\": [\n          73464759,\n          -47252838\n        ]\n      },\n      {\n        \"source\": \"aute cu\",\n        \"errNum\": \"exercitation laboris ipsum\",\n        \"errDesc\": \"ut aute cillum incididunt est\",\n        \"errDtl\": \"enim incididunt officia\",\n        \"errField\": \"aute sed\",\n        \"errType\": \"m\",\n        \"errTagName\": \"velit aliquip nulla cupidatat\",\n        \"hostErrCode\": \"in ex\",\n        \"useCode\": \"s\",\n        \"supportUID\": \"urn:uuid:a5290cb1-d3f0-a8f8-ab38-db08387e915d\",\n        \"rows\": [\n          95619388,\n          95895391\n        ]\n      }\n    ],\n    \"warnings\": [\n      {\n        \"source\": \"in cupidatat\",\n        \"errNum\": \"aliquip cillum deserunt\",\n        \"errDesc\": \"ex\",\n        \"errDtl\": \"occaecat dolor\",\n        \"errField\": \"quis in anim\",\n        \"errType\": \"u\",\n        \"errTagName\": \"sunt ex\",\n        \"hostErrCode\": \"\",\n        \"useCode\": \"i\",\n        \"supportUID\": \"c58fc184-8f40-d7ef-2cc3-0ef4f1b50a80\",\n        \"rows\": [\n          -53055151,\n          24878252\n        ]\n      },\n      {\n        \"source\": \"mi\",\n        \"errNum\": \"elit laboris ipsum laborum aliqua\",\n        \"errDesc\": \"est do\",\n        \"errDtl\": \"reprehenderit eiusmod velit\",\n        \"errField\": \"ul\",\n        \"errType\": \"m\",\n        \"errTagName\": \"commodo conseq\",\n        \"hostErrCode\": \"es\",\n        \"useCode\": \"qu\",\n        \"supportUID\": \"urn:uuid:09b4771a-aee3-2e72-f29a-69939258bd67\",\n        \"rows\": [\n          -78896850,\n          22731216\n        ]\n      }\n    ]\n  }\n}","cookie":[],"_postman_previewlanguage":"json"}],"event":[],"protocolProfileBehavior":{"disableBodyPruning":true}},{"id":"7822b98a-a31b-400d-a9d8-8897a4805a8c","name":"inq Credit Int Ctrl","request":{"name":"inq Credit Int Ctrl","description":{"content":"Enquire on credit interest control","type":"text/plain"},"url":{"path":["salesprodagrmt","creditintctrl","inq"],"host":["{{baseUrl}}"],"query":[],"variable":[]},"header":[{"disabled":false,"description":"(Required) Name of the application","key":"application-name","value":"Swagger"},{"disabled":false,"description":"(Required) ","key":"x-apikey","value":"2MWVAWF2xZz0eNQUK0NVhwpWYkr7gehG"},{"key":"Content-Type","value":"application/json"},{"key":"Accept","value":"application/json"}],"method":"POST","auth":null,"body":{"mode":"raw","raw":"{\n  \"rqUID\": {\n    \"rqUID\": \"<uuid>\"\n  },\n  \"aliasBankAcctId\": {\n    \"aliasAcctType\": \"<listTable - AliasAcctType>\",\n    \"aliasAcctId\": \"<NUMBER(35, 0)>\",\n    \"aliasAcctIdMasked\": \"<NUMBER(0, 0)>\"\n  },\n  \"bankAcctId\": {\n    \"acctId\": \"<NUMBER(12, 0)>\",\n    \"acctType\": \"<listTable - AcctType>\",\n    \"acctIdMasked\": \"<string>\"\n  }\n}","options":{"raw":{"language":"json"}}}},"response":[{"id":"236f0956-823f-4f2d-9986-0d24dd999c4c","name":"Credit int ctrl enquiry response","originalRequest":{"url":{"path":["salesprodagrmt","creditintctrl","inq"],"host":["{{baseUrl}}"],"query":[],"variable":[]},"header":[{"disabled":false,"description":"(Required) Name of the application","key":"application-name","value":"Swagger"},{"disabled":false,"description":"(Required) ","key":"x-apikey","value":"2MWVAWF2xZz0eNQUK0NVhwpWYkr7gehG"},{"key":"Accept","value":"application/json"}],"method":"POST","body":{"mode":"raw","raw":"{\n  \"rqUID\": {\n    \"rqUID\": \"3fa85f64-5717-4562-b3fc-2c963f66afa6\"\n  },\n  \"bankAcctId\": {\n    \"acctType\": \"TM\",\n    \"acctId\": \"3211\",\n    \"acctIdMasked\": \"\"\n  }\n}","options":{"raw":{"language":"json"}}}},"status":"OK","code":200,"header":[{"key":"Content-Type","value":"application/json"}],"body":"{\n  \"rqUID\": {\n    \"rqUID\": \"3fa85f64-5717-4562-b3fc-2c963f66afa6\"\n  },\n  \"status\": {\n    \"statusCode\": 0,\n    \"statusDesc\": \"Success\"\n  },\n  \"aliasBankAcctId\": {},\n  \"bankAcctId\": {\n    \"acctType\": \"TM\",\n    \"acctId\": \"QUVTOiBEVWltYmgxSGJiMmcrUk9zWWZmWXJnPT0=\",\n    \"acctIdMasked\": \"*********3211\"\n  },\n  \"creditInt\": {\n    \"intPmtPeriodCode\": \"Days\",\n    \"intPmtFreqCode\": \"6\",\n    \"intPmtSpecDay\": \"0\",\n    \"intPmtCurCode\": \"HKD\",\n    \"nextIntPmtAmt\": {\n      \"amt\": 55.96\n    },\n    \"intDispCode\": \"Capitalise\",\n    \"intPmtTransferAcct\": {\n      \"aliasBankAcctId\": {},\n      \"acctId\": \"\",\n      \"acctType\": \"00\",\n      \"bankInfo\": {\n        \"bankId\": \"0\"\n      },\n      \"referenceId\": \"\"\n    },\n    \"intPmtTransmutedAcctId\": {\n      \"bankInfo\": {\n        \"bankId\": \"0\"\n      }\n    },\n    \"levelIntPmtFlag\": \"\",\n    \"levelIntPmtAmt\": {\n      \"amt\": 0\n    },\n    \"lastIntPmtDt\": \"2006-03-21\",\n    \"lastIntPaidAmt\": {\n      \"amt\": 3.83\n    },\n    \"lastYrIntPaidAmt\": {\n      \"amt\": 0\n    },\n    \"ytdIntPaidAmt\": {\n      \"amt\": 0\n    }\n  }\n}","cookie":[],"_postman_previewlanguage":"json"},{"id":"8e5d7ae8-3875-49c1-b3f0-c46d08c25fd9","name":"Unauthorized","originalRequest":{"url":{"path":["salesprodagrmt","creditintctrl","inq"],"host":["{{baseUrl}}"],"query":[],"variable":[]},"header":[{"disabled":false,"description":"(Required) Name of the application","key":"application-name","value":"Swagger"},{"disabled":false,"description":"(Required) ","key":"x-apikey","value":"2MWVAWF2xZz0eNQUK0NVhwpWYkr7gehG"}],"method":"POST","body":{"mode":"raw","raw":"{\n  \"rqUID\": {\n    \"rqUID\": \"3fa85f64-5717-4562-b3fc-2c963f66afa6\"\n  },\n  \"bankAcctId\": {\n    \"acctType\": \"TM\",\n    \"acctId\": \"3211\",\n    \"acctIdMasked\": \"\"\n  }\n}","options":{"raw":{"language":"json"}}}},"status":"Unauthorized","code":401,"header":[{"key":"Content-Type","value":"text/plain"}],"body":"","cookie":[],"_postman_previewlanguage":"text"},{"id":"c5151d9b-4b1d-4ff1-961d-7c2194fbdcb6","name":"Forbidden","originalRequest":{"url":{"path":["salesprodagrmt","creditintctrl","inq"],"host":["{{baseUrl}}"],"query":[],"variable":[]},"header":[{"disabled":false,"description":"(Required) Name of the application","key":"application-name","value":"Swagger"},{"disabled":false,"description":"(Required) ","key":"x-apikey","value":"2MWVAWF2xZz0eNQUK0NVhwpWYkr7gehG"}],"method":"POST","body":{"mode":"raw","raw":"{\n  \"rqUID\": {\n    \"rqUID\": \"3fa85f64-5717-4562-b3fc-2c963f66afa6\"\n  },\n  \"bankAcctId\": {\n    \"acctType\": \"TM\",\n    \"acctId\": \"3211\",\n    \"acctIdMasked\": \"\"\n  }\n}","options":{"raw":{"language":"json"}}}},"status":"Forbidden","code":403,"header":[{"key":"Content-Type","value":"text/plain"}],"body":"","cookie":[],"_postman_previewlanguage":"text"},{"id":"ee42b393-8e44-49a6-826f-6ec6c667bab4","name":"Not Found","originalRequest":{"url":{"path":["salesprodagrmt","creditintctrl","inq"],"host":["{{baseUrl}}"],"query":[],"variable":[]},"header":[{"disabled":false,"description":"(Required) Name of the application","key":"application-name","value":"Swagger"},{"disabled":false,"description":"(Required) ","key":"x-apikey","value":"2MWVAWF2xZz0eNQUK0NVhwpWYkr7gehG"}],"method":"POST","body":{"mode":"raw","raw":"{\n  \"rqUID\": {\n    \"rqUID\": \"3fa85f64-5717-4562-b3fc-2c963f66afa6\"\n  },\n  \"bankAcctId\": {\n    \"acctType\": \"TM\",\n    \"acctId\": \"3211\",\n    \"acctIdMasked\": \"\"\n  }\n}","options":{"raw":{"language":"json"}}}},"status":"Not Found","code":404,"header":[{"key":"Content-Type","value":"text/plain"}],"body":"","cookie":[],"_postman_previewlanguage":"text"},{"id":"bcd1dc36-8eee-4d7d-b0f1-3df553b5d3c6","name":"Internal Server Error","originalRequest":{"url":{"path":["salesprodagrmt","creditintctrl","inq"],"host":["{{baseUrl}}"],"query":[],"variable":[]},"header":[{"disabled":false,"description":"(Required) Name of the application","key":"application-name","value":"Swagger"},{"disabled":false,"description":"(Required) ","key":"x-apikey","value":"2MWVAWF2xZz0eNQUK0NVhwpWYkr7gehG"},{"key":"Accept","value":"application/json"}],"method":"POST","body":{"mode":"raw","raw":"{\n  \"rqUID\": {\n    \"rqUID\": \"3fa85f64-5717-4562-b3fc-2c963f66afa6\"\n  },\n  \"bankAcctId\": {\n    \"acctType\": \"TM\",\n    \"acctId\": \"3211\",\n    \"acctIdMasked\": \"\"\n  }\n}","options":{"raw":{"language":"json"}}}},"status":"Internal Server Error","code":500,"header":[{"key":"Content-Type","value":"application/json"}],"body":"{\n  \"status\": {\n    \"statusCode\": 86096557,\n    \"statusDesc\": \"ir\",\n    \"supportUID\": \"61edc6d9-a6df-7bd7-b00e-64a89839254e\",\n    \"supportDescription\": \"sunt mollit elit\",\n    \"errorCount\": 66673811,\n    \"warningCount\": -47292380,\n    \"errors\": [\n      {\n        \"source\": \"amet Ut enim\",\n        \"errNum\": \"laborum cillum\",\n        \"errDesc\": \"ut ad\",\n        \"errDtl\": \"dolore exercitation mollit minim elit\",\n        \"errField\": \"n\",\n        \"errType\": \"i\",\n        \"errTagName\": \"ut id\",\n        \"hostErrCode\": \"nost\",\n        \"useCode\": \"\",\n        \"supportUID\": \"2ff956d9-1e59-5b47-5088-1164ba0180fd\",\n        \"rows\": [\n          73464759,\n          -47252838\n        ]\n      },\n      {\n        \"source\": \"aute cu\",\n        \"errNum\": \"exercitation laboris ipsum\",\n        \"errDesc\": \"ut aute cillum incididunt est\",\n        \"errDtl\": \"enim incididunt officia\",\n        \"errField\": \"aute sed\",\n        \"errType\": \"m\",\n        \"errTagName\": \"velit aliquip nulla cupidatat\",\n        \"hostErrCode\": \"in ex\",\n        \"useCode\": \"s\",\n        \"supportUID\": \"urn:uuid:a5290cb1-d3f0-a8f8-ab38-db08387e915d\",\n        \"rows\": [\n          95619388,\n          95895391\n        ]\n      }\n    ],\n    \"warnings\": [\n      {\n        \"source\": \"in cupidatat\",\n        \"errNum\": \"aliquip cillum deserunt\",\n        \"errDesc\": \"ex\",\n        \"errDtl\": \"occaecat dolor\",\n        \"errField\": \"quis in anim\",\n        \"errType\": \"u\",\n        \"errTagName\": \"sunt ex\",\n        \"hostErrCode\": \"\",\n        \"useCode\": \"i\",\n        \"supportUID\": \"c58fc184-8f40-d7ef-2cc3-0ef4f1b50a80\",\n        \"rows\": [\n          -53055151,\n          24878252\n        ]\n      },\n      {\n        \"source\": \"mi\",\n        \"errNum\": \"elit laboris ipsum laborum aliqua\",\n        \"errDesc\": \"est do\",\n        \"errDtl\": \"reprehenderit eiusmod velit\",\n        \"errField\": \"ul\",\n        \"errType\": \"m\",\n        \"errTagName\": \"commodo conseq\",\n        \"hostErrCode\": \"es\",\n        \"useCode\": \"qu\",\n        \"supportUID\": \"urn:uuid:09b4771a-aee3-2e72-f29a-69939258bd67\",\n        \"rows\": [\n          -78896850,\n          22731216\n        ]\n      }\n    ]\n  }\n}","cookie":[],"_postman_previewlanguage":"json"}],"event":[],"protocolProfileBehavior":{"disableBodyPruning":true}},{"id":"124a17b1-b8f4-44c1-831e-b7d5f2741ad5","name":"inq Cost Of Credit","request":{"name":"inq Cost Of Credit","description":{"content":"Enquire on cost of credit","type":"text/plain"},"url":{"path":["salesprodagrmt","costofcredit","inq"],"host":["{{baseUrl}}"],"query":[],"variable":[]},"header":[{"disabled":false,"description":"(Required) Name of the application","key":"application-name","value":"Swagger"},{"disabled":false,"description":"(Required) ","key":"x-apikey","value":"2MWVAWF2xZz0eNQUK0NVhwpWYkr7gehG"},{"key":"Content-Type","value":"application/json"},{"key":"Accept","value":"application/json"}],"method":"POST","auth":null,"body":{"mode":"raw","raw":"{\n  \"rqUID\": {\n    \"rqUID\": \"<uuid>\"\n  },\n  \"aliasBankAcctId\": {\n    \"aliasAcctType\": \"<listTable - AliasAcctType>\",\n    \"aliasAcctId\": \"<NUMBER(35, 0)>\",\n    \"aliasAcctIdMasked\": \"<NUMBER(0, 0)>\"\n  },\n  \"bankAcctId\": {\n    \"acctId\": \"<NUMBER(12, 0)>\",\n    \"acctType\": \"<listTable - AcctType>\",\n    \"acctIdMasked\": \"<string>\"\n  },\n  \"prodId\": \"<string>\",\n  \"costOfCreditInfo\": {\n    \"overdraftAmount\": {\n      \"curAmt\": {\n        \"amt\": \"<NUMBER(17, 2) - Represented as String>\"\n      }\n    },\n    \"bufferAmount\": {\n      \"curAmt\": {\n        \"amt\": \"<NUMBER(17, 2) - Represented as String>\"\n      }\n    },\n    \"interestRate\": \"<NUMBER(7, 4)>\",\n    \"totalCostOfCredit\": {\n      \"amt\": \"<NUMBER(17, 2) - Represented as String>\"\n    }\n  }\n}","options":{"raw":{"language":"json"}}}},"response":[{"id":"6c84b2d1-a37e-4acd-8fc5-8fb425303f69","name":"Cost of credit enquiry response","originalRequest":{"url":{"path":["salesprodagrmt","costofcredit","inq"],"host":["{{baseUrl}}"],"query":[],"variable":[]},"header":[{"disabled":false,"description":"(Required) Name of the application","key":"application-name","value":"Swagger"},{"disabled":false,"description":"(Required) ","key":"x-apikey","value":"2MWVAWF2xZz0eNQUK0NVhwpWYkr7gehG"},{"key":"Accept","value":"application/json"}],"method":"POST","body":{"mode":"raw","raw":"{\n  \"rqUID\": {\n    \"rqUID\": \"3fa85f64-5717-4562-b3fc-2c963f66afa6\"\n  },\n  \"bankAcctId\": {\n    \"acctType\": \"DD\",\n    \"acctId\": \"5402\",\n    \"acctIdMasked\": \"\"\n  }\n}","options":{"raw":{"language":"json"}}}},"status":"OK","code":200,"header":[{"key":"Content-Type","value":"application/json"}],"body":"{\n  \"rqUID\": {\n    \"rqUID\": \"a0623179-7ed9-45c6-932a-ebf7c0a2cab8\"\n  },\n  \"status\": {\n    \"statusCode\": 0,\n    \"statusDesc\": \"Success\"\n  },\n  \"aliasBankAcctId\": {},\n  \"bankAcctId\": {\n    \"acctType\": \"DD\",\n    \"acctId\": \"QUVTOiB1WDgycEdEa2VrT1I4YmlDdzM5dFh3PT0=\",\n    \"acctIdMasked\": \"*********5402\"\n  },\n  \"costOfCreditInfo\": {\n    \"overdraftAmount\": {\n      \"curAmt\": {\n        \"amt\": 0\n      }\n    },\n    \"bufferAmount\": {\n      \"curAmt\": {\n        \"amt\": 0\n      }\n    },\n    \"interestRate\": 0,\n    \"totalCostOfCredit\": {\n      \"amt\": 0\n    }\n  }\n}","cookie":[],"_postman_previewlanguage":"json"},{"id":"d3edb491-2601-40fe-a019-215869bb74d2","name":"Unauthorized","originalRequest":{"url":{"path":["salesprodagrmt","costofcredit","inq"],"host":["{{baseUrl}}"],"query":[],"variable":[]},"header":[{"disabled":false,"description":"(Required) Name of the application","key":"application-name","value":"Swagger"},{"disabled":false,"description":"(Required) ","key":"x-apikey","value":"2MWVAWF2xZz0eNQUK0NVhwpWYkr7gehG"}],"method":"POST","body":{"mode":"raw","raw":"{\n  \"rqUID\": {\n    \"rqUID\": \"3fa85f64-5717-4562-b3fc-2c963f66afa6\"\n  },\n  \"bankAcctId\": {\n    \"acctType\": \"DD\",\n    \"acctId\": \"5402\",\n    \"acctIdMasked\": \"\"\n  }\n}","options":{"raw":{"language":"json"}}}},"status":"Unauthorized","code":401,"header":[{"key":"Content-Type","value":"text/plain"}],"body":"","cookie":[],"_postman_previewlanguage":"text"},{"id":"11afa4ac-e001-4776-ab59-5494f620a260","name":"Forbidden","originalRequest":{"url":{"path":["salesprodagrmt","costofcredit","inq"],"host":["{{baseUrl}}"],"query":[],"variable":[]},"header":[{"disabled":false,"description":"(Required) Name of the application","key":"application-name","value":"Swagger"},{"disabled":false,"description":"(Required) ","key":"x-apikey","value":"2MWVAWF2xZz0eNQUK0NVhwpWYkr7gehG"}],"method":"POST","body":{"mode":"raw","raw":"{\n  \"rqUID\": {\n    \"rqUID\": \"3fa85f64-5717-4562-b3fc-2c963f66afa6\"\n  },\n  \"bankAcctId\": {\n    \"acctType\": \"DD\",\n    \"acctId\": \"5402\",\n    \"acctIdMasked\": \"\"\n  }\n}","options":{"raw":{"language":"json"}}}},"status":"Forbidden","code":403,"header":[{"key":"Content-Type","value":"text/plain"}],"body":"","cookie":[],"_postman_previewlanguage":"text"},{"id":"3df91fc6-80a6-4ba4-8a3a-a5a41241494d","name":"Not Found","originalRequest":{"url":{"path":["salesprodagrmt","costofcredit","inq"],"host":["{{baseUrl}}"],"query":[],"variable":[]},"header":[{"disabled":false,"description":"(Required) Name of the application","key":"application-name","value":"Swagger"},{"disabled":false,"description":"(Required) ","key":"x-apikey","value":"2MWVAWF2xZz0eNQUK0NVhwpWYkr7gehG"}],"method":"POST","body":{"mode":"raw","raw":"{\n  \"rqUID\": {\n    \"rqUID\": \"3fa85f64-5717-4562-b3fc-2c963f66afa6\"\n  },\n  \"bankAcctId\": {\n    \"acctType\": \"DD\",\n    \"acctId\": \"5402\",\n    \"acctIdMasked\": \"\"\n  }\n}","options":{"raw":{"language":"json"}}}},"status":"Not Found","code":404,"header":[{"key":"Content-Type","value":"text/plain"}],"body":"","cookie":[],"_postman_previewlanguage":"text"},{"id":"22f5c3d4-a83e-453f-9b4d-7c7268f21a2c","name":"Internal Server Error","originalRequest":{"url":{"path":["salesprodagrmt","costofcredit","inq"],"host":["{{baseUrl}}"],"query":[],"variable":[]},"header":[{"disabled":false,"description":"(Required) Name of the application","key":"application-name","value":"Swagger"},{"disabled":false,"description":"(Required) ","key":"x-apikey","value":"2MWVAWF2xZz0eNQUK0NVhwpWYkr7gehG"},{"key":"Accept","value":"application/json"}],"method":"POST","body":{"mode":"raw","raw":"{\n  \"rqUID\": {\n    \"rqUID\": \"3fa85f64-5717-4562-b3fc-2c963f66afa6\"\n  },\n  \"bankAcctId\": {\n    \"acctType\": \"DD\",\n    \"acctId\": \"5402\",\n    \"acctIdMasked\": \"\"\n  }\n}","options":{"raw":{"language":"json"}}}},"status":"Internal Server Error","code":500,"header":[{"key":"Content-Type","value":"application/json"}],"body":"{\n  \"status\": {\n    \"statusCode\": 86096557,\n    \"statusDesc\": \"ir\",\n    \"supportUID\": \"61edc6d9-a6df-7bd7-b00e-64a89839254e\",\n    \"supportDescription\": \"sunt mollit elit\",\n    \"errorCount\": 66673811,\n    \"warningCount\": -47292380,\n    \"errors\": [\n      {\n        \"source\": \"amet Ut enim\",\n        \"errNum\": \"laborum cillum\",\n        \"errDesc\": \"ut ad\",\n        \"errDtl\": \"dolore exercitation mollit minim elit\",\n        \"errField\": \"n\",\n        \"errType\": \"i\",\n        \"errTagName\": \"ut id\",\n        \"hostErrCode\": \"nost\",\n        \"useCode\": \"\",\n        \"supportUID\": \"2ff956d9-1e59-5b47-5088-1164ba0180fd\",\n        \"rows\": [\n          73464759,\n          -47252838\n        ]\n      },\n      {\n        \"source\": \"aute cu\",\n        \"errNum\": \"exercitation laboris ipsum\",\n        \"errDesc\": \"ut aute cillum incididunt est\",\n        \"errDtl\": \"enim incididunt officia\",\n        \"errField\": \"aute sed\",\n        \"errType\": \"m\",\n        \"errTagName\": \"velit aliquip nulla cupidatat\",\n        \"hostErrCode\": \"in ex\",\n        \"useCode\": \"s\",\n        \"supportUID\": \"urn:uuid:a5290cb1-d3f0-a8f8-ab38-db08387e915d\",\n        \"rows\": [\n          95619388,\n          95895391\n        ]\n      }\n    ],\n    \"warnings\": [\n      {\n        \"source\": \"in cupidatat\",\n        \"errNum\": \"aliquip cillum deserunt\",\n        \"errDesc\": \"ex\",\n        \"errDtl\": \"occaecat dolor\",\n        \"errField\": \"quis in anim\",\n        \"errType\": \"u\",\n        \"errTagName\": \"sunt ex\",\n        \"hostErrCode\": \"\",\n        \"useCode\": \"i\",\n        \"supportUID\": \"c58fc184-8f40-d7ef-2cc3-0ef4f1b50a80\",\n        \"rows\": [\n          -53055151,\n          24878252\n        ]\n      },\n      {\n        \"source\": \"mi\",\n        \"errNum\": \"elit laboris ipsum laborum aliqua\",\n        \"errDesc\": \"est do\",\n        \"errDtl\": \"reprehenderit eiusmod velit\",\n        \"errField\": \"ul\",\n        \"errType\": \"m\",\n        \"errTagName\": \"commodo conseq\",\n        \"hostErrCode\": \"es\",\n        \"useCode\": \"qu\",\n        \"supportUID\": \"urn:uuid:09b4771a-aee3-2e72-f29a-69939258bd67\",\n        \"rows\": [\n          -78896850,\n          22731216\n        ]\n      }\n    ]\n  }\n}","cookie":[],"_postman_previewlanguage":"json"}],"event":[],"protocolProfileBehavior":{"disableBodyPruning":true}},{"id":"0d2cb289-5d70-4286-86ad-a2b074c5809f","name":"inq Acct APR","request":{"name":"inq Acct APR","description":{"content":"Enquire on account APR","type":"text/plain"},"url":{"path":["salesprodagrmt","acctapr","inq"],"host":["{{baseUrl}}"],"query":[],"variable":[]},"header":[{"disabled":false,"description":"(Required) Name of the application","key":"application-name","value":"Swagger"},{"disabled":false,"description":"(Required) ","key":"x-apikey","value":"2MWVAWF2xZz0eNQUK0NVhwpWYkr7gehG"},{"key":"Content-Type","value":"application/json"},{"key":"Accept","value":"application/json"}],"method":"POST","auth":null,"body":{"mode":"raw","raw":"{\n  \"pmtBillFreq\": \"<string>\",\n  \"prodId\": \"<string>\",\n  \"rqUID\": {\n    \"rqUID\": \"<uuid>\"\n  },\n  \"limAmount\": {\n    \"amt\": \"<NUMBER(17, 2) - Represented as String>\"\n  },\n  \"fixAmount\": {\n    \"amt\": \"<NUMBER(17, 2) - Represented as String>\"\n  },\n  \"pmtPercent\": \"<NUMBER(7, 6)>\"\n}","options":{"raw":{"language":"json"}}}},"response":[{"id":"df3d74c0-c6f7-4087-b4f6-b1026e861e32","name":"Account a p r enquiry response","originalRequest":{"url":{"path":["salesprodagrmt","acctapr","inq"],"host":["{{baseUrl}}"],"query":[],"variable":[]},"header":[{"disabled":false,"description":"(Required) Name of the application","key":"application-name","value":"Swagger"},{"disabled":false,"description":"(Required) ","key":"x-apikey","value":"2MWVAWF2xZz0eNQUK0NVhwpWYkr7gehG"},{"key":"Accept","value":"application/json"}],"method":"POST","body":{"mode":"raw","raw":"{\n  \"rqUID\": {\n    \"rqUID\": \"3fa85f64-5717-4562-b3fc-2c963f66afa6\"\n  },\n  \"prodId\": \"21\",\n  \"limAmount\": {\n    \"amt\": 0\n  },\n  \"pmtBillFreq\": \"M00100\",\n  \"fixAmount\": {\n    \"amt\": 0\n  },\n  \"pmtPercent\": 0\n}","options":{"raw":{"language":"json"}}}},"status":"OK","code":200,"header":[{"key":"Content-Type","value":"application/json"}],"body":"{\n  \"rqUID\": {\n    \"rqUID\": \"a0623179-7ed9-45c6-932a-ebf7c0a2cab8\"\n  },\n  \"status\": {\n    \"statusCode\": 0,\n    \"statusDesc\": \"Success\"\n  },\n  \"prodId\": \"21\",\n  \"apr\": 2.555\n}","cookie":[],"_postman_previewlanguage":"json"},{"id":"0335ce34-caa5-4552-8ad2-779a57c5a35b","name":"Unauthorized","originalRequest":{"url":{"path":["salesprodagrmt","acctapr","inq"],"host":["{{baseUrl}}"],"query":[],"variable":[]},"header":[{"disabled":false,"description":"(Required) Name of the application","key":"application-name","value":"Swagger"},{"disabled":false,"description":"(Required) ","key":"x-apikey","value":"2MWVAWF2xZz0eNQUK0NVhwpWYkr7gehG"}],"method":"POST","body":{"mode":"raw","raw":"{\n  \"rqUID\": {\n    \"rqUID\": \"3fa85f64-5717-4562-b3fc-2c963f66afa6\"\n  },\n  \"prodId\": \"21\",\n  \"limAmount\": {\n    \"amt\": 0\n  },\n  \"pmtBillFreq\": \"M00100\",\n  \"fixAmount\": {\n    \"amt\": 0\n  },\n  \"pmtPercent\": 0\n}","options":{"raw":{"language":"json"}}}},"status":"Unauthorized","code":401,"header":[{"key":"Content-Type","value":"text/plain"}],"body":"","cookie":[],"_postman_previewlanguage":"text"},{"id":"693ab162-64ca-4267-a332-f46beb0086f0","name":"Forbidden","originalRequest":{"url":{"path":["salesprodagrmt","acctapr","inq"],"host":["{{baseUrl}}"],"query":[],"variable":[]},"header":[{"disabled":false,"description":"(Required) Name of the application","key":"application-name","value":"Swagger"},{"disabled":false,"description":"(Required) ","key":"x-apikey","value":"2MWVAWF2xZz0eNQUK0NVhwpWYkr7gehG"}],"method":"POST","body":{"mode":"raw","raw":"{\n  \"rqUID\": {\n    \"rqUID\": \"3fa85f64-5717-4562-b3fc-2c963f66afa6\"\n  },\n  \"prodId\": \"21\",\n  \"limAmount\": {\n    \"amt\": 0\n  },\n  \"pmtBillFreq\": \"M00100\",\n  \"fixAmount\": {\n    \"amt\": 0\n  },\n  \"pmtPercent\": 0\n}","options":{"raw":{"language":"json"}}}},"status":"Forbidden","code":403,"header":[{"key":"Content-Type","value":"text/plain"}],"body":"","cookie":[],"_postman_previewlanguage":"text"},{"id":"a9b2200f-a600-4c95-be3e-4b96f98fd3d2","name":"Not Found","originalRequest":{"url":{"path":["salesprodagrmt","acctapr","inq"],"host":["{{baseUrl}}"],"query":[],"variable":[]},"header":[{"disabled":false,"description":"(Required) Name of the application","key":"application-name","value":"Swagger"},{"disabled":false,"description":"(Required) ","key":"x-apikey","value":"2MWVAWF2xZz0eNQUK0NVhwpWYkr7gehG"}],"method":"POST","body":{"mode":"raw","raw":"{\n  \"rqUID\": {\n    \"rqUID\": \"3fa85f64-5717-4562-b3fc-2c963f66afa6\"\n  },\n  \"prodId\": \"21\",\n  \"limAmount\": {\n    \"amt\": 0\n  },\n  \"pmtBillFreq\": \"M00100\",\n  \"fixAmount\": {\n    \"amt\": 0\n  },\n  \"pmtPercent\": 0\n}","options":{"raw":{"language":"json"}}}},"status":"Not Found","code":404,"header":[{"key":"Content-Type","value":"text/plain"}],"body":"","cookie":[],"_postman_previewlanguage":"text"},{"id":"e1df6a44-18d2-4c7d-88b4-2d92b26227da","name":"Internal Server Error","originalRequest":{"url":{"path":["salesprodagrmt","acctapr","inq"],"host":["{{baseUrl}}"],"query":[],"variable":[]},"header":[{"disabled":false,"description":"(Required) Name of the application","key":"application-name","value":"Swagger"},{"disabled":false,"description":"(Required) ","key":"x-apikey","value":"2MWVAWF2xZz0eNQUK0NVhwpWYkr7gehG"},{"key":"Accept","value":"application/json"}],"method":"POST","body":{"mode":"raw","raw":"{\n  \"rqUID\": {\n    \"rqUID\": \"3fa85f64-5717-4562-b3fc-2c963f66afa6\"\n  },\n  \"prodId\": \"21\",\n  \"limAmount\": {\n    \"amt\": 0\n  },\n  \"pmtBillFreq\": \"M00100\",\n  \"fixAmount\": {\n    \"amt\": 0\n  },\n  \"pmtPercent\": 0\n}","options":{"raw":{"language":"json"}}}},"status":"Internal Server Error","code":500,"header":[{"key":"Content-Type","value":"application/json"}],"body":"{\n  \"status\": {\n    \"statusCode\": 86096557,\n    \"statusDesc\": \"ir\",\n    \"supportUID\": \"61edc6d9-a6df-7bd7-b00e-64a89839254e\",\n    \"supportDescription\": \"sunt mollit elit\",\n    \"errorCount\": 66673811,\n    \"warningCount\": -47292380,\n    \"errors\": [\n      {\n        \"source\": \"amet Ut enim\",\n        \"errNum\": \"laborum cillum\",\n        \"errDesc\": \"ut ad\",\n        \"errDtl\": \"dolore exercitation mollit minim elit\",\n        \"errField\": \"n\",\n        \"errType\": \"i\",\n        \"errTagName\": \"ut id\",\n        \"hostErrCode\": \"nost\",\n        \"useCode\": \"\",\n        \"supportUID\": \"2ff956d9-1e59-5b47-5088-1164ba0180fd\",\n        \"rows\": [\n          73464759,\n          -47252838\n        ]\n      },\n      {\n        \"source\": \"aute cu\",\n        \"errNum\": \"exercitation laboris ipsum\",\n        \"errDesc\": \"ut aute cillum incididunt est\",\n        \"errDtl\": \"enim incididunt officia\",\n        \"errField\": \"aute sed\",\n        \"errType\": \"m\",\n        \"errTagName\": \"velit aliquip nulla cupidatat\",\n        \"hostErrCode\": \"in ex\",\n        \"useCode\": \"s\",\n        \"supportUID\": \"urn:uuid:a5290cb1-d3f0-a8f8-ab38-db08387e915d\",\n        \"rows\": [\n          95619388,\n          95895391\n        ]\n      }\n    ],\n    \"warnings\": [\n      {\n        \"source\": \"in cupidatat\",\n        \"errNum\": \"aliquip cillum deserunt\",\n        \"errDesc\": \"ex\",\n        \"errDtl\": \"occaecat dolor\",\n        \"errField\": \"quis in anim\",\n        \"errType\": \"u\",\n        \"errTagName\": \"sunt ex\",\n        \"hostErrCode\": \"\",\n        \"useCode\": \"i\",\n        \"supportUID\": \"c58fc184-8f40-d7ef-2cc3-0ef4f1b50a80\",\n        \"rows\": [\n          -53055151,\n          24878252\n        ]\n      },\n      {\n        \"source\": \"mi\",\n        \"errNum\": \"elit laboris ipsum laborum aliqua\",\n        \"errDesc\": \"est do\",\n        \"errDtl\": \"reprehenderit eiusmod velit\",\n        \"errField\": \"ul\",\n        \"errType\": \"m\",\n        \"errTagName\": \"commodo conseq\",\n        \"hostErrCode\": \"es\",\n        \"useCode\": \"qu\",\n        \"supportUID\": \"urn:uuid:09b4771a-aee3-2e72-f29a-69939258bd67\",\n        \"rows\": [\n          -78896850,\n          22731216\n        ]\n      }\n    ]\n  }\n}","cookie":[],"_postman_previewlanguage":"json"}],"event":[],"protocolProfileBehavior":{"disableBodyPruning":true}}],"event":[]}],"event":[],"variable":[{"type":"string","value":"https://int.latam.api.fiservapps.com/latam/sandbox/banking/v2","key":"baseUrl"}],"info":{"_postman_id":"95bca1b6-fed0-45dc-8aad-7dcba88fdd8c","name":"Signature® Sales Prod Agreement Service - API Documentation","schema":"https://schema.getpostman.com/json/collection/v2.1.0/collection.json","description":{"content":"This documentation describes the REST APIs provided by the Sales Prod Agreement Service of Signature®, which provides specific resources and operations for Sales Prod Agreement\n\nContact Support:\n Name: API Support\n Email: Siva.Dasari@fiserv.com","type":"text/plain"}}}