{"item":[{"id":"ce86e9bd-6942-4018-b113-09cd55f0a11e","name":"salesprodagrmt","item":[{"id":"20e23e7c-f727-4e3d-9123-c222ceb722d9","name":"inq Renewal Maturity Ctrl","request":{"name":"inq Renewal Maturity Ctrl","description":{"content":"Enquire on account renewal/maturity detail","type":"text/plain"},"url":{"path":["salesprodagrmt","renewalmaturityctrl","inq"],"host":["{{baseUrl}}"],"query":[],"variable":[]},"header":[{"disabled":false,"description":"(Required) Name of the application","key":"application-name","value":"Swagger"},{"disabled":false,"description":"(Required) ","key":"x-apikey","value":"2MWVAWF2xZz0eNQUK0NVhwpWYkr7gehG"},{"key":"Content-Type","value":"application/json"},{"key":"Accept","value":"application/json"}],"method":"POST","auth":null,"body":{"mode":"raw","raw":"{\n  \"rqUID\": {\n    \"rqUID\": \"<uuid>\"\n  },\n  \"aliasBankAcctId\": {\n    \"aliasAcctType\": \"<listTable - AliasAcctType>\",\n    \"aliasAcctId\": \"<NUMBER(35, 0)>\",\n    \"aliasAcctIdMasked\": \"<NUMBER(0, 0)>\"\n  },\n  \"bankAcctId\": {\n    \"acctId\": \"<NUMBER(12, 0)>\",\n    \"acctType\": \"<listTable - AcctType>\",\n    \"acctIdMasked\": \"<string>\"\n  }\n}","options":{"raw":{"language":"json"}}}},"response":[{"id":"5ce11a2c-05ed-4ffb-8739-a443246e741a","name":"Renewal maturity ctrl enquiry response","originalRequest":{"url":{"path":["salesprodagrmt","renewalmaturityctrl","inq"],"host":["{{baseUrl}}"],"query":[],"variable":[]},"header":[{"disabled":false,"description":"(Required) Name of the application","key":"application-name","value":"Swagger"},{"disabled":false,"description":"(Required) ","key":"x-apikey","value":"2MWVAWF2xZz0eNQUK0NVhwpWYkr7gehG"},{"key":"Accept","value":"application/json"}],"method":"POST","body":{"mode":"raw","raw":"{\n  \"rqUID\": {\n    \"rqUID\": \"3fa85f64-5717-4562-b3fc-2c963f66afa6\"\n  },\n  \"bankAcctId\": {\n    \"acctType\": \"TM\",\n    \"acctId\": \"8546\",\n    \"acctIdMasked\": \"\"\n  }\n}","options":{"raw":{"language":"json"}}}},"status":"OK","code":200,"header":[{"key":"Content-Type","value":"application/json"}],"body":"{\n  \"rqUID\": {\n    \"rqUID\": \"3fa85f64-5717-4562-b3fc-2c963f66afa6\"\n  },\n  \"status\": {\n    \"statusCode\": 0,\n    \"statusDesc\": \"Success\"\n  },\n  \"aliasBankAcctId\": {},\n  \"bankAcctId\": {\n    \"acctType\": \"TM\",\n    \"acctId\": \"QUVTOiAwVE5FVFdEMTloOW5ZODJkTzBpSkhRPT0=\",\n    \"acctIdMasked\": \"*********8546\"\n  },\n  \"shortName\": \"WILLIAMSON KANE\",\n  \"renewalMaturityCtrlInfo\": {\n    \"renewalOptionCode\": \"Automatic renewable\",\n    \"renewalPeriodCode\": \"Months\",\n    \"renewalFreq\": \"1\",\n    \"renewalSpecDayCode\": \"00\",\n    \"lastRenewalDt\": \"2021-11-08\",\n    \"renewalNum\": \"15\",\n    \"matDt\": \"2021-12-08\",\n    \"origMatDt\": \"2020-08-31\",\n    \"matNoticeLeadDays\": \"10\",\n    \"ratePricingMeth\": \"1\",\n    \"princDispCode\": \"Manual disposition\",\n    \"princTransferAcct\": {\n      \"acctId\": \"\",\n      \"acctType\": \"00\",\n      \"aliasBankAcctId\": {\n        \"aliasAcctType\": \"\",\n        \"aliasAcctId\": \"\"\n      },\n      \"bankInfo\": {\n        \"bankId\": \"0\"\n      },\n      \"referenceId\": \"\"\n    },\n    \"princTransmutedAcctId\": {\n      \"acctId\": \"\",\n      \"bankInfo\": {\n        \"bankId\": \"0\"\n      },\n      \"referenceId\": \"\",\n      \"outgoingChannelPmtId\": \"\",\n      \"acctIdMasked\": \"\"\n    },\n    \"trancheId\": \"0000000000\",\n    \"indexVarPct\": 0,\n    \"intPmtPeriodCode\": \"Days\",\n    \"intPmtFreqCode\": \"5\",\n    \"intPmtSpecDay\": \"00\",\n    \"overrideIntRate\": 0\n  }\n}","cookie":[],"_postman_previewlanguage":"json"},{"id":"d450d5bd-bd98-41e3-97ef-145b41218b83","name":"Unauthorized","originalRequest":{"url":{"path":["salesprodagrmt","renewalmaturityctrl","inq"],"host":["{{baseUrl}}"],"query":[],"variable":[]},"header":[{"disabled":false,"description":"(Required) Name of the application","key":"application-name","value":"Swagger"},{"disabled":false,"description":"(Required) ","key":"x-apikey","value":"2MWVAWF2xZz0eNQUK0NVhwpWYkr7gehG"}],"method":"POST","body":{"mode":"raw","raw":"{\n  \"rqUID\": {\n    \"rqUID\": \"3fa85f64-5717-4562-b3fc-2c963f66afa6\"\n  },\n  \"bankAcctId\": {\n    \"acctType\": \"TM\",\n    \"acctId\": \"8546\",\n    \"acctIdMasked\": \"\"\n  }\n}","options":{"raw":{"language":"json"}}}},"status":"Unauthorized","code":401,"header":[{"key":"Content-Type","value":"text/plain"}],"body":"","cookie":[],"_postman_previewlanguage":"text"},{"id":"f5d55127-b24e-49b7-8303-eecf3fb82d3c","name":"Forbidden","originalRequest":{"url":{"path":["salesprodagrmt","renewalmaturityctrl","inq"],"host":["{{baseUrl}}"],"query":[],"variable":[]},"header":[{"disabled":false,"description":"(Required) Name of the application","key":"application-name","value":"Swagger"},{"disabled":false,"description":"(Required) ","key":"x-apikey","value":"2MWVAWF2xZz0eNQUK0NVhwpWYkr7gehG"}],"method":"POST","body":{"mode":"raw","raw":"{\n  \"rqUID\": {\n    \"rqUID\": \"3fa85f64-5717-4562-b3fc-2c963f66afa6\"\n  },\n  \"bankAcctId\": {\n    \"acctType\": \"TM\",\n    \"acctId\": \"8546\",\n    \"acctIdMasked\": \"\"\n  }\n}","options":{"raw":{"language":"json"}}}},"status":"Forbidden","code":403,"header":[{"key":"Content-Type","value":"text/plain"}],"body":"","cookie":[],"_postman_previewlanguage":"text"},{"id":"e7c18cc7-065d-4a3f-8592-e983f19873c3","name":"Not Found","originalRequest":{"url":{"path":["salesprodagrmt","renewalmaturityctrl","inq"],"host":["{{baseUrl}}"],"query":[],"variable":[]},"header":[{"disabled":false,"description":"(Required) Name of the application","key":"application-name","value":"Swagger"},{"disabled":false,"description":"(Required) ","key":"x-apikey","value":"2MWVAWF2xZz0eNQUK0NVhwpWYkr7gehG"}],"method":"POST","body":{"mode":"raw","raw":"{\n  \"rqUID\": {\n    \"rqUID\": \"3fa85f64-5717-4562-b3fc-2c963f66afa6\"\n  },\n  \"bankAcctId\": {\n    \"acctType\": \"TM\",\n    \"acctId\": \"8546\",\n    \"acctIdMasked\": \"\"\n  }\n}","options":{"raw":{"language":"json"}}}},"status":"Not Found","code":404,"header":[{"key":"Content-Type","value":"text/plain"}],"body":"","cookie":[],"_postman_previewlanguage":"text"},{"id":"c04c1a5e-1cbf-4fda-8a08-66f191e66d90","name":"Internal Server Error","originalRequest":{"url":{"path":["salesprodagrmt","renewalmaturityctrl","inq"],"host":["{{baseUrl}}"],"query":[],"variable":[]},"header":[{"disabled":false,"description":"(Required) Name of the application","key":"application-name","value":"Swagger"},{"disabled":false,"description":"(Required) ","key":"x-apikey","value":"2MWVAWF2xZz0eNQUK0NVhwpWYkr7gehG"},{"key":"Accept","value":"application/json"}],"method":"POST","body":{"mode":"raw","raw":"{\n  \"rqUID\": {\n    \"rqUID\": \"3fa85f64-5717-4562-b3fc-2c963f66afa6\"\n  },\n  \"bankAcctId\": {\n    \"acctType\": \"TM\",\n    \"acctId\": \"8546\",\n    \"acctIdMasked\": \"\"\n  }\n}","options":{"raw":{"language":"json"}}}},"status":"Internal Server Error","code":500,"header":[{"key":"Content-Type","value":"application/json"}],"body":"{\n  \"status\": {\n    \"statusCode\": -77150617,\n    \"statusDesc\": \"minim dolor dolore pariatur\",\n    \"supportUID\": \"urn:uuid:b675238f-f5cd-a4ab-a985-9ab7935359ef\",\n    \"supportDescription\": \"dolor sed officia\",\n    \"errorCount\": 27832671,\n    \"warningCount\": 82008861,\n    \"errors\": [\n      {\n        \"source\": \"Ut consectetur mollit sunt labore\",\n        \"errNum\": \"dolor voluptate\",\n        \"errDesc\": \"est ut Ut ex qui\",\n        \"errDtl\": \"cupidatat laborum\",\n        \"errField\": \"labore ali\",\n        \"errType\": \"e\",\n        \"errTagName\": \"ad esse cupid\",\n        \"hostErrCode\": \"Lorem d\",\n        \"useCode\": \"l\",\n        \"supportUID\": \"00e64e44-4403-50b4-ddae-ab52e2f7c2e5\",\n        \"rows\": [\n          -83502691,\n          -61905251\n        ]\n      },\n      {\n        \"source\": \"in consectetur\",\n        \"errNum\": \"anim et consectetur cupidatat\",\n        \"errDesc\": \"nis\",\n        \"errDtl\": \"amet velit proident\",\n        \"errField\": \"dolor dolor incid\",\n        \"errType\": \"n\",\n        \"errTagName\": \"enim amet\",\n        \"hostErrCode\": \"l\",\n        \"useCode\": \"cu\",\n        \"supportUID\": \"urn:uuid:ca78d159-a54a-3d6c-9acf-10fdb837a7b9\",\n        \"rows\": [\n          -16803248,\n          26026108\n        ]\n      }\n    ],\n    \"warnings\": [\n      {\n        \"source\": \"aliqua aute tem\",\n        \"errNum\": \"ea\",\n        \"errDesc\": \"in pariatur labore\",\n        \"errDtl\": \"sint dolore\",\n        \"errField\": \"Lorem\",\n        \"errType\": \"v\",\n        \"errTagName\": \"reprehenderit\",\n        \"hostErrCode\": \"\",\n        \"useCode\": \"v\",\n        \"supportUID\": \"f81d0ffc-3efb-c6b2-b036-e5f8ac298d8f\",\n        \"rows\": [\n          -12270367,\n          -82624006\n        ]\n      },\n      {\n        \"source\": \"adipisicing\",\n        \"errNum\": \"ullamco enim\",\n        \"errDesc\": \"nisi esse\",\n        \"errDtl\": \"sed ad laboris\",\n        \"errField\": \"mollit aliquip in\",\n        \"errType\": \"d\",\n        \"errTagName\": \"in non\",\n        \"hostErrCode\": \"sint\",\n        \"useCode\": \"E\",\n        \"supportUID\": \"urn:uuid:e58dc44f-8c83-b4bc-4038-6cd75c7297af\",\n        \"rows\": [\n          71260985,\n          -15392164\n        ]\n      }\n    ]\n  }\n}","cookie":[],"_postman_previewlanguage":"json"}],"event":[],"protocolProfileBehavior":{"disableBodyPruning":true}},{"id":"d1257841-cf2f-49c7-adf0-eda63b49e0f1","name":"inq Product Extended","request":{"name":"inq Product Extended","description":{"content":"Enquire on product extended information","type":"text/plain"},"url":{"path":["salesprodagrmt","productextended","inq"],"host":["{{baseUrl}}"],"query":[],"variable":[]},"header":[{"disabled":false,"description":"(Required) Name of the application","key":"application-name","value":"Swagger"},{"disabled":false,"description":"(Required) ","key":"x-apikey","value":"2MWVAWF2xZz0eNQUK0NVhwpWYkr7gehG"},{"key":"Content-Type","value":"application/json"},{"key":"Accept","value":"application/json"}],"method":"POST","auth":null,"body":{"mode":"raw","raw":"{\n  \"prodId\": \"<string>\",\n  \"rqUID\": {\n    \"rqUID\": \"<uuid>\"\n  },\n  \"appType\": \"<listTable - ProdAppType>\"\n}","options":{"raw":{"language":"json"}}}},"response":[{"id":"aa812463-84b7-42a6-b9ee-d0a113a0537e","name":"Product extended enquiry response","originalRequest":{"url":{"path":["salesprodagrmt","productextended","inq"],"host":["{{baseUrl}}"],"query":[],"variable":[]},"header":[{"disabled":false,"description":"(Required) Name of the application","key":"application-name","value":"Swagger"},{"disabled":false,"description":"(Required) ","key":"x-apikey","value":"2MWVAWF2xZz0eNQUK0NVhwpWYkr7gehG"},{"key":"Accept","value":"application/json"}],"method":"POST","body":{"mode":"raw","raw":"{\n  \"rqUID\": {\n    \"rqUID\": \"3fa85f64-5717-4562-b3fc-2c963f66afa6\"\n  },\n  \"appType\": \"\",\n  \"prodId\": \"09149\"\n}","options":{"raw":{"language":"json"}}}},"status":"OK","code":200,"header":[{"key":"Content-Type","value":"application/json"}],"body":"{\n  \"rqUID\": {\n    \"rqUID\": \"a0623179-7ed9-45c6-932a-ebf7c0a2cab8\"\n  },\n  \"status\": {\n    \"statusCode\": 0,\n    \"statusDesc\": \"Success\"\n  },\n  \"appType\": \"\",\n  \"prodId\": \"09149\",\n  \"productExtendedInfo\": {\n    \"appType\": \"TM\",\n    \"prodId\": \"09149\",\n    \"sortCode\": \"123456\",\n    \"serviceUserNbr\": \"123456\"\n  }\n}","cookie":[],"_postman_previewlanguage":"json"},{"id":"828f0c73-21f4-4c24-90c9-dd0cc52a5329","name":"Unauthorized","originalRequest":{"url":{"path":["salesprodagrmt","productextended","inq"],"host":["{{baseUrl}}"],"query":[],"variable":[]},"header":[{"disabled":false,"description":"(Required) Name of the application","key":"application-name","value":"Swagger"},{"disabled":false,"description":"(Required) ","key":"x-apikey","value":"2MWVAWF2xZz0eNQUK0NVhwpWYkr7gehG"}],"method":"POST","body":{"mode":"raw","raw":"{\n  \"rqUID\": {\n    \"rqUID\": \"3fa85f64-5717-4562-b3fc-2c963f66afa6\"\n  },\n  \"appType\": \"\",\n  \"prodId\": \"09149\"\n}","options":{"raw":{"language":"json"}}}},"status":"Unauthorized","code":401,"header":[{"key":"Content-Type","value":"text/plain"}],"body":"","cookie":[],"_postman_previewlanguage":"text"},{"id":"af6c70a2-10b7-4187-92ca-4021cc7a2849","name":"Forbidden","originalRequest":{"url":{"path":["salesprodagrmt","productextended","inq"],"host":["{{baseUrl}}"],"query":[],"variable":[]},"header":[{"disabled":false,"description":"(Required) Name of the application","key":"application-name","value":"Swagger"},{"disabled":false,"description":"(Required) ","key":"x-apikey","value":"2MWVAWF2xZz0eNQUK0NVhwpWYkr7gehG"}],"method":"POST","body":{"mode":"raw","raw":"{\n  \"rqUID\": {\n    \"rqUID\": \"3fa85f64-5717-4562-b3fc-2c963f66afa6\"\n  },\n  \"appType\": \"\",\n  \"prodId\": \"09149\"\n}","options":{"raw":{"language":"json"}}}},"status":"Forbidden","code":403,"header":[{"key":"Content-Type","value":"text/plain"}],"body":"","cookie":[],"_postman_previewlanguage":"text"},{"id":"6053294b-0399-478f-8480-ad70036890bf","name":"Not Found","originalRequest":{"url":{"path":["salesprodagrmt","productextended","inq"],"host":["{{baseUrl}}"],"query":[],"variable":[]},"header":[{"disabled":false,"description":"(Required) Name of the application","key":"application-name","value":"Swagger"},{"disabled":false,"description":"(Required) ","key":"x-apikey","value":"2MWVAWF2xZz0eNQUK0NVhwpWYkr7gehG"}],"method":"POST","body":{"mode":"raw","raw":"{\n  \"rqUID\": {\n    \"rqUID\": \"3fa85f64-5717-4562-b3fc-2c963f66afa6\"\n  },\n  \"appType\": \"\",\n  \"prodId\": \"09149\"\n}","options":{"raw":{"language":"json"}}}},"status":"Not Found","code":404,"header":[{"key":"Content-Type","value":"text/plain"}],"body":"","cookie":[],"_postman_previewlanguage":"text"},{"id":"19f6e067-7b02-43f7-9e6d-35427ea4ed7b","name":"Internal Server Error","originalRequest":{"url":{"path":["salesprodagrmt","productextended","inq"],"host":["{{baseUrl}}"],"query":[],"variable":[]},"header":[{"disabled":false,"description":"(Required) Name of the application","key":"application-name","value":"Swagger"},{"disabled":false,"description":"(Required) ","key":"x-apikey","value":"2MWVAWF2xZz0eNQUK0NVhwpWYkr7gehG"},{"key":"Accept","value":"application/json"}],"method":"POST","body":{"mode":"raw","raw":"{\n  \"rqUID\": {\n    \"rqUID\": \"3fa85f64-5717-4562-b3fc-2c963f66afa6\"\n  },\n  \"appType\": \"\",\n  \"prodId\": \"09149\"\n}","options":{"raw":{"language":"json"}}}},"status":"Internal Server Error","code":500,"header":[{"key":"Content-Type","value":"application/json"}],"body":"{\n  \"status\": {\n    \"statusCode\": -20398121,\n    \"statusDesc\": \"tem\",\n    \"supportUID\": \"8f7f9552-85bc-dfe5-1065-e945c5984b09\",\n    \"supportDescription\": \"qui dolor adipisicing mollit\",\n    \"errorCount\": 12924324,\n    \"warningCount\": -81356362,\n    \"errors\": [\n      {\n        \"source\": \"laborum ut\",\n        \"errNum\": \"Excepteur irure ad eu occaecat\",\n        \"errDesc\": \"enim elit dolore\",\n        \"errDtl\": \"nulla ut eiusmod\",\n        \"errField\": \"proident consectetur aliqua\",\n        \"errType\": \"i\",\n        \"errTagName\": \"minim in id\",\n        \"hostErrCode\": \"la\",\n        \"useCode\": \"u\",\n        \"supportUID\": \"urn:uuid:5646c9d0-2463-05f9-9d2c-762a5ebf7b6b\",\n        \"rows\": [\n          -32270705,\n          26332158\n        ]\n      },\n      {\n        \"source\": \"tem\",\n        \"errNum\": \"voluptate Excepteur\",\n        \"errDesc\": \"Excepteur \",\n        \"errDtl\": \"sed\",\n        \"errField\": \"consectetur volu\",\n        \"errType\": \"r\",\n        \"errTagName\": \"consectetur laborum anim\",\n        \"hostErrCode\": \"sint a\",\n        \"useCode\": \"\",\n        \"supportUID\": \"urn:uuid:1fe7b86c-dc52-47ca-fd18-1a7496d057fa\",\n        \"rows\": [\n          2737170,\n          31220931\n        ]\n      }\n    ],\n    \"warnings\": [\n      {\n        \"source\": \"nisi cillum\",\n        \"errNum\": \"consequat minim proident cillum\",\n        \"errDesc\": \"ad dolor\",\n        \"errDtl\": \"qui in exercitation cupidatat\",\n        \"errField\": \"ad\",\n        \"errType\": \"c\",\n        \"errTagName\": \"laborum minim ad\",\n        \"hostErrCode\": \"l\",\n        \"useCode\": \"Lo\",\n        \"supportUID\": \"urn:uuid:5ec47e18-36d4-3730-2135-59c39cfc52b8\",\n        \"rows\": [\n          3425992,\n          -87960661\n        ]\n      },\n      {\n        \"source\": \"ut nisi eiusmo\",\n        \"errNum\": \"id cupidatat\",\n        \"errDesc\": \"cul\",\n        \"errDtl\": \"anim exercitation dolo\",\n        \"errField\": \"aute labore cupidatat\",\n        \"errType\": \"e\",\n        \"errTagName\": \"in i\",\n        \"hostErrCode\": \"Ut lab\",\n        \"useCode\": \"\",\n        \"supportUID\": \"7f0b2999-aae5-9962-1492-6a1f8ee890c7\",\n        \"rows\": [\n          -41774033,\n          -25873445\n        ]\n      }\n    ]\n  }\n}","cookie":[],"_postman_previewlanguage":"json"}],"event":[],"protocolProfileBehavior":{"disableBodyPruning":true}},{"id":"353e10be-272a-457a-9e9c-173032a96f51","name":"inq Notice Of Wd","request":{"name":"inq Notice Of Wd","description":{"content":"Enquire on notice of withdrawal","type":"text/plain"},"url":{"path":["salesprodagrmt","noticeofwd","inq"],"host":["{{baseUrl}}"],"query":[],"variable":[]},"header":[{"disabled":false,"description":"(Required) Name of the application","key":"application-name","value":"Swagger"},{"disabled":false,"description":"(Required) ","key":"x-apikey","value":"2MWVAWF2xZz0eNQUK0NVhwpWYkr7gehG"},{"key":"Content-Type","value":"application/json"},{"key":"Accept","value":"application/json"}],"method":"POST","auth":null,"body":{"mode":"raw","raw":"{\n  \"rqUID\": {\n    \"rqUID\": \"<uuid>\"\n  },\n  \"recCtrlIn\": {\n    \"maxRec\": \"<NUMBER(2, 0)>\",\n    \"cursor\": \"<string>\"\n  },\n  \"aliasBankAcctId\": {\n    \"aliasAcctType\": \"<listTable - AliasAcctType>\",\n    \"aliasAcctId\": \"<NUMBER(35, 0)>\",\n    \"aliasAcctIdMasked\": \"<NUMBER(0, 0)>\"\n  },\n  \"bankAcctId\": {\n    \"acctId\": \"<NUMBER(12, 0)>\",\n    \"acctType\": \"<listTable - AcctType>\",\n    \"acctIdMasked\": \"<string>\"\n  }\n}","options":{"raw":{"language":"json"}}}},"response":[{"id":"ebfc3238-39dd-4a71-8a41-751f0141cd4e","name":"Notice of wd enquiry response","originalRequest":{"url":{"path":["salesprodagrmt","noticeofwd","inq"],"host":["{{baseUrl}}"],"query":[],"variable":[]},"header":[{"disabled":false,"description":"(Required) Name of the application","key":"application-name","value":"Swagger"},{"disabled":false,"description":"(Required) ","key":"x-apikey","value":"2MWVAWF2xZz0eNQUK0NVhwpWYkr7gehG"},{"key":"Accept","value":"application/json"}],"method":"POST","body":{"mode":"raw","raw":"{\n  \"rqUID\": {\n    \"rqUID\": \"3fa85f64-5717-4562-b3fc-2c963f66afa6\"\n  },\n  \"recCtrlIn\": {\n    \"maxRec\": 0,\n    \"cursor\": \"\"\n  },\n  \"bankAcctId\": {\n    \"acctType\": \"TM\",\n    \"acctId\": \"8546\",\n    \"acctIdMasked\": \"\"\n  }\n}","options":{"raw":{"language":"json"}}}},"status":"OK","code":200,"header":[{"key":"Content-Type","value":"application/json"}],"body":"{\n  \"rqUID\": {\n    \"rqUID\": \"a0623179-7ed9-45c6-932a-ebf7c0a2cab8\"\n  },\n  \"status\": {\n    \"statusCode\": 0,\n    \"statusDesc\": \"Success\"\n  },\n  \"recCtrlOut\": {\n    \"matchedRec\": 0,\n    \"sentRec\": 2,\n    \"cursor\": \"00000000000\"\n  },\n  \"aliasBankAcctId\": {},\n  \"bankAcctId\": {\n    \"acctType\": \"TM\",\n    \"acctId\": \"QUVTOiA1YXhaTkhJOXBqcklMQ3NEd2JtUkNBPT0=\",\n    \"acctIdMasked\": \"*********8546\"\n  },\n  \"noticeOfWdInfo\": [\n    {\n      \"noticeGivenDt\": \"2021-11-10\",\n      \"graceExpDt\": \"2021-11-15\",\n      \"fundsAvailDt\": \"2021-11-15\",\n      \"noticeAmt\": {\n        \"amt\": 1000\n      },\n      \"passbookFlag\": true,\n      \"noticeSeqId\": \"1\",\n      \"unusedAmt\": {\n        \"amt\": 1000\n      },\n      \"noticeStatus\": \"Active\",\n      \"acctBal\": {\n        \"amt\": 2000\n      }\n    },\n    {\n      \"noticeGivenDt\": \"2021-11-10\",\n      \"graceExpDt\": \"2021-11-15\",\n      \"fundsAvailDt\": \"2021-11-15\",\n      \"noticeAmt\": {\n        \"amt\": 1000\n      },\n      \"passbookFlag\": true,\n      \"noticeSeqId\": \"2\",\n      \"unusedAmt\": {\n        \"amt\": 1000\n      },\n      \"noticeStatus\": \"Active\",\n      \"acctBal\": {\n        \"amt\": 2000\n      }\n    }\n  ]\n}","cookie":[],"_postman_previewlanguage":"json"},{"id":"0e4eccfc-bf81-4c39-9a77-56e225e9425c","name":"Unauthorized","originalRequest":{"url":{"path":["salesprodagrmt","noticeofwd","inq"],"host":["{{baseUrl}}"],"query":[],"variable":[]},"header":[{"disabled":false,"description":"(Required) Name of the application","key":"application-name","value":"Swagger"},{"disabled":false,"description":"(Required) ","key":"x-apikey","value":"2MWVAWF2xZz0eNQUK0NVhwpWYkr7gehG"}],"method":"POST","body":{"mode":"raw","raw":"{\n  \"rqUID\": {\n    \"rqUID\": \"3fa85f64-5717-4562-b3fc-2c963f66afa6\"\n  },\n  \"recCtrlIn\": {\n    \"maxRec\": 0,\n    \"cursor\": \"\"\n  },\n  \"bankAcctId\": {\n    \"acctType\": \"TM\",\n    \"acctId\": \"8546\",\n    \"acctIdMasked\": \"\"\n  }\n}","options":{"raw":{"language":"json"}}}},"status":"Unauthorized","code":401,"header":[{"key":"Content-Type","value":"text/plain"}],"body":"","cookie":[],"_postman_previewlanguage":"text"},{"id":"b9c869ea-4ae1-49cd-a802-1688942c301b","name":"Forbidden","originalRequest":{"url":{"path":["salesprodagrmt","noticeofwd","inq"],"host":["{{baseUrl}}"],"query":[],"variable":[]},"header":[{"disabled":false,"description":"(Required) Name of the application","key":"application-name","value":"Swagger"},{"disabled":false,"description":"(Required) ","key":"x-apikey","value":"2MWVAWF2xZz0eNQUK0NVhwpWYkr7gehG"}],"method":"POST","body":{"mode":"raw","raw":"{\n  \"rqUID\": {\n    \"rqUID\": \"3fa85f64-5717-4562-b3fc-2c963f66afa6\"\n  },\n  \"recCtrlIn\": {\n    \"maxRec\": 0,\n    \"cursor\": \"\"\n  },\n  \"bankAcctId\": {\n    \"acctType\": \"TM\",\n    \"acctId\": \"8546\",\n    \"acctIdMasked\": \"\"\n  }\n}","options":{"raw":{"language":"json"}}}},"status":"Forbidden","code":403,"header":[{"key":"Content-Type","value":"text/plain"}],"body":"","cookie":[],"_postman_previewlanguage":"text"},{"id":"5827a696-b427-4678-b671-456354475f47","name":"Not Found","originalRequest":{"url":{"path":["salesprodagrmt","noticeofwd","inq"],"host":["{{baseUrl}}"],"query":[],"variable":[]},"header":[{"disabled":false,"description":"(Required) Name of the application","key":"application-name","value":"Swagger"},{"disabled":false,"description":"(Required) ","key":"x-apikey","value":"2MWVAWF2xZz0eNQUK0NVhwpWYkr7gehG"}],"method":"POST","body":{"mode":"raw","raw":"{\n  \"rqUID\": {\n    \"rqUID\": \"3fa85f64-5717-4562-b3fc-2c963f66afa6\"\n  },\n  \"recCtrlIn\": {\n    \"maxRec\": 0,\n    \"cursor\": \"\"\n  },\n  \"bankAcctId\": {\n    \"acctType\": \"TM\",\n    \"acctId\": \"8546\",\n    \"acctIdMasked\": \"\"\n  }\n}","options":{"raw":{"language":"json"}}}},"status":"Not Found","code":404,"header":[{"key":"Content-Type","value":"text/plain"}],"body":"","cookie":[],"_postman_previewlanguage":"text"},{"id":"010088ea-9769-44ac-9109-1deaea73f456","name":"Internal Server Error","originalRequest":{"url":{"path":["salesprodagrmt","noticeofwd","inq"],"host":["{{baseUrl}}"],"query":[],"variable":[]},"header":[{"disabled":false,"description":"(Required) Name of the application","key":"application-name","value":"Swagger"},{"disabled":false,"description":"(Required) ","key":"x-apikey","value":"2MWVAWF2xZz0eNQUK0NVhwpWYkr7gehG"},{"key":"Accept","value":"application/json"}],"method":"POST","body":{"mode":"raw","raw":"{\n  \"rqUID\": {\n    \"rqUID\": \"3fa85f64-5717-4562-b3fc-2c963f66afa6\"\n  },\n  \"recCtrlIn\": {\n    \"maxRec\": 0,\n    \"cursor\": \"\"\n  },\n  \"bankAcctId\": {\n    \"acctType\": \"TM\",\n    \"acctId\": \"8546\",\n    \"acctIdMasked\": \"\"\n  }\n}","options":{"raw":{"language":"json"}}}},"status":"Internal Server Error","code":500,"header":[{"key":"Content-Type","value":"application/json"}],"body":"{\n  \"status\": {\n    \"statusCode\": -20398121,\n    \"statusDesc\": \"tem\",\n    \"supportUID\": \"8f7f9552-85bc-dfe5-1065-e945c5984b09\",\n    \"supportDescription\": \"qui dolor adipisicing mollit\",\n    \"errorCount\": 12924324,\n    \"warningCount\": -81356362,\n    \"errors\": [\n      {\n        \"source\": \"laborum ut\",\n        \"errNum\": \"Excepteur irure ad eu occaecat\",\n        \"errDesc\": \"enim elit dolore\",\n        \"errDtl\": \"nulla ut eiusmod\",\n        \"errField\": \"proident consectetur aliqua\",\n        \"errType\": \"i\",\n        \"errTagName\": \"minim in id\",\n        \"hostErrCode\": \"la\",\n        \"useCode\": \"u\",\n        \"supportUID\": \"urn:uuid:5646c9d0-2463-05f9-9d2c-762a5ebf7b6b\",\n        \"rows\": [\n          -32270705,\n          26332158\n        ]\n      },\n      {\n        \"source\": \"tem\",\n        \"errNum\": \"voluptate Excepteur\",\n        \"errDesc\": \"Excepteur \",\n        \"errDtl\": \"sed\",\n        \"errField\": \"consectetur volu\",\n        \"errType\": \"r\",\n        \"errTagName\": \"consectetur laborum anim\",\n        \"hostErrCode\": \"sint a\",\n        \"useCode\": \"\",\n        \"supportUID\": \"urn:uuid:1fe7b86c-dc52-47ca-fd18-1a7496d057fa\",\n        \"rows\": [\n          2737170,\n          31220931\n        ]\n      }\n    ],\n    \"warnings\": [\n      {\n        \"source\": \"nisi cillum\",\n        \"errNum\": \"consequat minim proident cillum\",\n        \"errDesc\": \"ad dolor\",\n        \"errDtl\": \"qui in exercitation cupidatat\",\n        \"errField\": \"ad\",\n        \"errType\": \"c\",\n        \"errTagName\": \"laborum minim ad\",\n        \"hostErrCode\": \"l\",\n        \"useCode\": \"Lo\",\n        \"supportUID\": \"urn:uuid:5ec47e18-36d4-3730-2135-59c39cfc52b8\",\n        \"rows\": [\n          3425992,\n          -87960661\n        ]\n      },\n      {\n        \"source\": \"ut nisi eiusmo\",\n        \"errNum\": \"id cupidatat\",\n        \"errDesc\": \"cul\",\n        \"errDtl\": \"anim exercitation dolo\",\n        \"errField\": \"aute labore cupidatat\",\n        \"errType\": \"e\",\n        \"errTagName\": \"in i\",\n        \"hostErrCode\": \"Ut lab\",\n        \"useCode\": \"\",\n        \"supportUID\": \"7f0b2999-aae5-9962-1492-6a1f8ee890c7\",\n        \"rows\": [\n          -41774033,\n          -25873445\n        ]\n      }\n    ]\n  }\n}","cookie":[],"_postman_previewlanguage":"json"}],"event":[],"protocolProfileBehavior":{"disableBodyPruning":true}},{"id":"ec0df5d9-84b4-479f-9e93-8afe8204aaf6","name":"inq Int Rate Ctrl","request":{"name":"inq Int Rate Ctrl","description":{"content":"Enquire on interest rate control","type":"text/plain"},"url":{"path":["salesprodagrmt","intratectrl","inq"],"host":["{{baseUrl}}"],"query":[],"variable":[]},"header":[{"disabled":false,"description":"(Required) Name of the application","key":"application-name","value":"Swagger"},{"disabled":false,"description":"(Required) ","key":"x-apikey","value":"2MWVAWF2xZz0eNQUK0NVhwpWYkr7gehG"},{"key":"Content-Type","value":"application/json"},{"key":"Accept","value":"application/json"}],"method":"POST","auth":null,"body":{"mode":"raw","raw":"{\n  \"rqUID\": {\n    \"rqUID\": \"<uuid>\"\n  },\n  \"aliasBankAcctId\": {\n    \"aliasAcctType\": \"<listTable - AliasAcctType>\",\n    \"aliasAcctId\": \"<NUMBER(35, 0)>\",\n    \"aliasAcctIdMasked\": \"<NUMBER(0, 0)>\"\n  },\n  \"bankAcctId\": {\n    \"acctId\": \"<NUMBER(12, 0)>\",\n    \"acctType\": \"<listTable - AcctType>\",\n    \"acctIdMasked\": \"<string>\"\n  }\n}","options":{"raw":{"language":"json"}}}},"response":[{"id":"631fd428-dbcd-4814-9549-4cf7eabeb515","name":"Int rate ctrl enquiry response","originalRequest":{"url":{"path":["salesprodagrmt","intratectrl","inq"],"host":["{{baseUrl}}"],"query":[],"variable":[]},"header":[{"disabled":false,"description":"(Required) Name of the application","key":"application-name","value":"Swagger"},{"disabled":false,"description":"(Required) ","key":"x-apikey","value":"2MWVAWF2xZz0eNQUK0NVhwpWYkr7gehG"},{"key":"Accept","value":"application/json"}],"method":"POST","body":{"mode":"raw","raw":"{\n  \"rqUID\": {\n    \"rqUID\": \"3fa85f64-5717-4562-b3fc-2c963f66afa6\"\n  },\n  \"aliasBankAcctId\": {\n    \"aliasAcctType\": \"\",\n    \"aliasAcctId\": \"\"\n  },\n  \"bankAcctId\": {\n    \"acctType\": \"TM\",\n    \"acctId\": \"8546\",\n    \"acctIdMasked\": \"\"\n  }\n}","options":{"raw":{"language":"json"}}}},"status":"OK","code":200,"header":[{"key":"Content-Type","value":"application/json"}],"body":"{\n  \"rqUID\": {\n    \"rqUID\": \"3fa85f64-5717-4562-b3fc-2c963f66afa6\"\n  },\n  \"status\": {\n    \"statusCode\": 0,\n    \"statusDesc\": \"Success\"\n  },\n  \"aliasBankAcctId\": {\n    \"aliasAcctType\": \"\",\n    \"aliasAcctId\": \"\"\n  },\n  \"bankAcctId\": {\n    \"acctType\": \"TM\",\n    \"acctId\": \"QUVTOiBCMWJyWUdaLzZFUmFOekhVQkVweTVRPT0=\",\n    \"acctIdMasked\": \"*********8546\"\n  },\n  \"timeIntRateCtrlInfo\": {\n    \"intPlanCode\": \"00004\",\n    \"intRate\": 6.985,\n    \"intGuarantyCode\": \"Rate changes at renewal\",\n    \"rateRepricingActivityCode\": \"DoNotReprice\",\n    \"matrixPricingIndexCode\": \"01\",\n    \"indexId\": \"11\",\n    \"indexVarPct\": 0,\n    \"floorCeilingFlag\": false,\n    \"floorIntRatePct\": 1,\n    \"ceilingIntRatePct\": 50,\n    \"rateReviewPeriodCode\": \"No review period\",\n    \"rateReviewFreqCode\": \"0\",\n    \"rateReviewSpecDay\": \"00\",\n    \"renewalOptionCode\": \"Automatic renewable\"\n  }\n}","cookie":[],"_postman_previewlanguage":"json"},{"id":"7b45b733-616c-4f00-a916-cc1b22f06810","name":"Unauthorized","originalRequest":{"url":{"path":["salesprodagrmt","intratectrl","inq"],"host":["{{baseUrl}}"],"query":[],"variable":[]},"header":[{"disabled":false,"description":"(Required) Name of the application","key":"application-name","value":"Swagger"},{"disabled":false,"description":"(Required) ","key":"x-apikey","value":"2MWVAWF2xZz0eNQUK0NVhwpWYkr7gehG"}],"method":"POST","body":{"mode":"raw","raw":"{\n  \"rqUID\": {\n    \"rqUID\": \"3fa85f64-5717-4562-b3fc-2c963f66afa6\"\n  },\n  \"aliasBankAcctId\": {\n    \"aliasAcctType\": \"\",\n    \"aliasAcctId\": \"\"\n  },\n  \"bankAcctId\": {\n    \"acctType\": \"TM\",\n    \"acctId\": \"8546\",\n    \"acctIdMasked\": \"\"\n  }\n}","options":{"raw":{"language":"json"}}}},"status":"Unauthorized","code":401,"header":[{"key":"Content-Type","value":"text/plain"}],"body":"","cookie":[],"_postman_previewlanguage":"text"},{"id":"0c5deed0-8fc0-4ecb-b059-2d5208b8f8d2","name":"Forbidden","originalRequest":{"url":{"path":["salesprodagrmt","intratectrl","inq"],"host":["{{baseUrl}}"],"query":[],"variable":[]},"header":[{"disabled":false,"description":"(Required) Name of the application","key":"application-name","value":"Swagger"},{"disabled":false,"description":"(Required) ","key":"x-apikey","value":"2MWVAWF2xZz0eNQUK0NVhwpWYkr7gehG"}],"method":"POST","body":{"mode":"raw","raw":"{\n  \"rqUID\": {\n    \"rqUID\": \"3fa85f64-5717-4562-b3fc-2c963f66afa6\"\n  },\n  \"aliasBankAcctId\": {\n    \"aliasAcctType\": \"\",\n    \"aliasAcctId\": \"\"\n  },\n  \"bankAcctId\": {\n    \"acctType\": \"TM\",\n    \"acctId\": \"8546\",\n    \"acctIdMasked\": \"\"\n  }\n}","options":{"raw":{"language":"json"}}}},"status":"Forbidden","code":403,"header":[{"key":"Content-Type","value":"text/plain"}],"body":"","cookie":[],"_postman_previewlanguage":"text"},{"id":"0a38b510-8a95-41b9-a07f-1f3028f6486a","name":"Not Found","originalRequest":{"url":{"path":["salesprodagrmt","intratectrl","inq"],"host":["{{baseUrl}}"],"query":[],"variable":[]},"header":[{"disabled":false,"description":"(Required) Name of the application","key":"application-name","value":"Swagger"},{"disabled":false,"description":"(Required) ","key":"x-apikey","value":"2MWVAWF2xZz0eNQUK0NVhwpWYkr7gehG"}],"method":"POST","body":{"mode":"raw","raw":"{\n  \"rqUID\": {\n    \"rqUID\": \"3fa85f64-5717-4562-b3fc-2c963f66afa6\"\n  },\n  \"aliasBankAcctId\": {\n    \"aliasAcctType\": \"\",\n    \"aliasAcctId\": \"\"\n  },\n  \"bankAcctId\": {\n    \"acctType\": \"TM\",\n    \"acctId\": \"8546\",\n    \"acctIdMasked\": \"\"\n  }\n}","options":{"raw":{"language":"json"}}}},"status":"Not Found","code":404,"header":[{"key":"Content-Type","value":"text/plain"}],"body":"","cookie":[],"_postman_previewlanguage":"text"},{"id":"9a94bddb-c1d5-4ffe-a10c-5a04e9f22c50","name":"Internal Server Error","originalRequest":{"url":{"path":["salesprodagrmt","intratectrl","inq"],"host":["{{baseUrl}}"],"query":[],"variable":[]},"header":[{"disabled":false,"description":"(Required) Name of the application","key":"application-name","value":"Swagger"},{"disabled":false,"description":"(Required) ","key":"x-apikey","value":"2MWVAWF2xZz0eNQUK0NVhwpWYkr7gehG"},{"key":"Accept","value":"application/json"}],"method":"POST","body":{"mode":"raw","raw":"{\n  \"rqUID\": {\n    \"rqUID\": \"3fa85f64-5717-4562-b3fc-2c963f66afa6\"\n  },\n  \"aliasBankAcctId\": {\n    \"aliasAcctType\": \"\",\n    \"aliasAcctId\": \"\"\n  },\n  \"bankAcctId\": {\n    \"acctType\": \"TM\",\n    \"acctId\": \"8546\",\n    \"acctIdMasked\": \"\"\n  }\n}","options":{"raw":{"language":"json"}}}},"status":"Internal Server Error","code":500,"header":[{"key":"Content-Type","value":"application/json"}],"body":"{\n  \"status\": {\n    \"statusCode\": -20398121,\n    \"statusDesc\": \"tem\",\n    \"supportUID\": \"8f7f9552-85bc-dfe5-1065-e945c5984b09\",\n    \"supportDescription\": \"qui dolor adipisicing mollit\",\n    \"errorCount\": 12924324,\n    \"warningCount\": -81356362,\n    \"errors\": [\n      {\n        \"source\": \"laborum ut\",\n        \"errNum\": \"Excepteur irure ad eu occaecat\",\n        \"errDesc\": \"enim elit dolore\",\n        \"errDtl\": \"nulla ut eiusmod\",\n        \"errField\": \"proident consectetur aliqua\",\n        \"errType\": \"i\",\n        \"errTagName\": \"minim in id\",\n        \"hostErrCode\": \"la\",\n        \"useCode\": \"u\",\n        \"supportUID\": \"urn:uuid:5646c9d0-2463-05f9-9d2c-762a5ebf7b6b\",\n        \"rows\": [\n          -32270705,\n          26332158\n        ]\n      },\n      {\n        \"source\": \"tem\",\n        \"errNum\": \"voluptate Excepteur\",\n        \"errDesc\": \"Excepteur \",\n        \"errDtl\": \"sed\",\n        \"errField\": \"consectetur volu\",\n        \"errType\": \"r\",\n        \"errTagName\": \"consectetur laborum anim\",\n        \"hostErrCode\": \"sint a\",\n        \"useCode\": \"\",\n        \"supportUID\": \"urn:uuid:1fe7b86c-dc52-47ca-fd18-1a7496d057fa\",\n        \"rows\": [\n          2737170,\n          31220931\n        ]\n      }\n    ],\n    \"warnings\": [\n      {\n        \"source\": \"nisi cillum\",\n        \"errNum\": \"consequat minim proident cillum\",\n        \"errDesc\": \"ad dolor\",\n        \"errDtl\": \"qui in exercitation cupidatat\",\n        \"errField\": \"ad\",\n        \"errType\": \"c\",\n        \"errTagName\": \"laborum minim ad\",\n        \"hostErrCode\": \"l\",\n        \"useCode\": \"Lo\",\n        \"supportUID\": \"urn:uuid:5ec47e18-36d4-3730-2135-59c39cfc52b8\",\n        \"rows\": [\n          3425992,\n          -87960661\n        ]\n      },\n      {\n        \"source\": \"ut nisi eiusmo\",\n        \"errNum\": \"id cupidatat\",\n        \"errDesc\": \"cul\",\n        \"errDtl\": \"anim exercitation dolo\",\n        \"errField\": \"aute labore cupidatat\",\n        \"errType\": \"e\",\n        \"errTagName\": \"in i\",\n        \"hostErrCode\": \"Ut lab\",\n        \"useCode\": \"\",\n        \"supportUID\": \"7f0b2999-aae5-9962-1492-6a1f8ee890c7\",\n        \"rows\": [\n          -41774033,\n          -25873445\n        ]\n      }\n    ]\n  }\n}","cookie":[],"_postman_previewlanguage":"json"}],"event":[],"protocolProfileBehavior":{"disableBodyPruning":true}},{"id":"62fe561c-ec00-45ac-a84a-805672d1a2eb","name":"inq Int Rate","request":{"name":"inq Int Rate","description":{"content":"Enquire on interest rate","type":"text/plain"},"url":{"path":["salesprodagrmt","intrate","inq"],"host":["{{baseUrl}}"],"query":[],"variable":[]},"header":[{"disabled":false,"description":"(Required) Name of the application","key":"application-name","value":"Swagger"},{"disabled":false,"description":"(Required) ","key":"x-apikey","value":"2MWVAWF2xZz0eNQUK0NVhwpWYkr7gehG"},{"key":"Content-Type","value":"application/json"},{"key":"Accept","value":"application/json"}],"method":"POST","auth":null,"body":{"mode":"raw","raw":"{\n  \"rqUID\": {\n    \"rqUID\": \"<uuid>\"\n  },\n  \"aliasBankAcctId\": {\n    \"aliasAcctType\": \"<listTable - AliasAcctType>\",\n    \"aliasAcctId\": \"<NUMBER(35, 0)>\",\n    \"aliasAcctIdMasked\": \"<NUMBER(0, 0)>\"\n  },\n  \"bankAcctId\": {\n    \"acctId\": \"<NUMBER(12, 0)>\",\n    \"acctType\": \"<listTable - AcctType>\",\n    \"acctIdMasked\": \"<string>\"\n  }\n}","options":{"raw":{"language":"json"}}}},"response":[{"id":"0164fc34-6d20-4929-89c2-e30ca86f1c5f","name":"Int rate enquiry response","originalRequest":{"url":{"path":["salesprodagrmt","intrate","inq"],"host":["{{baseUrl}}"],"query":[],"variable":[]},"header":[{"disabled":false,"description":"(Required) Name of the application","key":"application-name","value":"Swagger"},{"disabled":false,"description":"(Required) ","key":"x-apikey","value":"2MWVAWF2xZz0eNQUK0NVhwpWYkr7gehG"},{"key":"Accept","value":"application/json"}],"method":"POST","body":{"mode":"raw","raw":"{\n  \"rqUID\": {\n    \"rqUID\": \"3fa85f64-5717-4562-b3fc-2c963f66afa6\"\n  },\n  \"bankAcctId\": {\n    \"acctType\": \"TM\",\n    \"acctId\": \"8546\",\n    \"acctIdMasked\": \"\"\n  }\n}","options":{"raw":{"language":"json"}}}},"status":"OK","code":200,"header":[{"key":"Content-Type","value":"application/json"}],"body":"{\n  \"rqUID\": {\n    \"rqUID\": \"3fa85f64-5717-4562-b3fc-2c963f66afa6\"\n  },\n  \"status\": {\n    \"statusCode\": 0,\n    \"statusDesc\": \"Success\"\n  },\n  \"aliasBankAcctId\": {},\n  \"bankAcctId\": {\n    \"acctType\": \"TM\",\n    \"acctId\": \"QUVTOiBLY0JVand3dXRDSTB1bnhDQ0tnR3lnPT0=\",\n    \"acctIdMasked\": \"*********8546\"\n  },\n  \"intRateInfo\": {\n    \"intRate\": 5.75\n  }\n}","cookie":[],"_postman_previewlanguage":"json"},{"id":"d0812cb9-398b-45d7-b28d-2a00ca59a3d1","name":"Unauthorized","originalRequest":{"url":{"path":["salesprodagrmt","intrate","inq"],"host":["{{baseUrl}}"],"query":[],"variable":[]},"header":[{"disabled":false,"description":"(Required) Name of the application","key":"application-name","value":"Swagger"},{"disabled":false,"description":"(Required) ","key":"x-apikey","value":"2MWVAWF2xZz0eNQUK0NVhwpWYkr7gehG"}],"method":"POST","body":{"mode":"raw","raw":"{\n  \"rqUID\": {\n    \"rqUID\": \"3fa85f64-5717-4562-b3fc-2c963f66afa6\"\n  },\n  \"bankAcctId\": {\n    \"acctType\": \"TM\",\n    \"acctId\": \"8546\",\n    \"acctIdMasked\": \"\"\n  }\n}","options":{"raw":{"language":"json"}}}},"status":"Unauthorized","code":401,"header":[{"key":"Content-Type","value":"text/plain"}],"body":"","cookie":[],"_postman_previewlanguage":"text"},{"id":"7c08cd87-e38c-4b31-b9b5-c18b3ddf3717","name":"Forbidden","originalRequest":{"url":{"path":["salesprodagrmt","intrate","inq"],"host":["{{baseUrl}}"],"query":[],"variable":[]},"header":[{"disabled":false,"description":"(Required) Name of the application","key":"application-name","value":"Swagger"},{"disabled":false,"description":"(Required) ","key":"x-apikey","value":"2MWVAWF2xZz0eNQUK0NVhwpWYkr7gehG"}],"method":"POST","body":{"mode":"raw","raw":"{\n  \"rqUID\": {\n    \"rqUID\": \"3fa85f64-5717-4562-b3fc-2c963f66afa6\"\n  },\n  \"bankAcctId\": {\n    \"acctType\": \"TM\",\n    \"acctId\": \"8546\",\n    \"acctIdMasked\": \"\"\n  }\n}","options":{"raw":{"language":"json"}}}},"status":"Forbidden","code":403,"header":[{"key":"Content-Type","value":"text/plain"}],"body":"","cookie":[],"_postman_previewlanguage":"text"},{"id":"f928ef3d-6b5b-443e-b06e-9c88f34e35f2","name":"Not Found","originalRequest":{"url":{"path":["salesprodagrmt","intrate","inq"],"host":["{{baseUrl}}"],"query":[],"variable":[]},"header":[{"disabled":false,"description":"(Required) Name of the application","key":"application-name","value":"Swagger"},{"disabled":false,"description":"(Required) ","key":"x-apikey","value":"2MWVAWF2xZz0eNQUK0NVhwpWYkr7gehG"}],"method":"POST","body":{"mode":"raw","raw":"{\n  \"rqUID\": {\n    \"rqUID\": \"3fa85f64-5717-4562-b3fc-2c963f66afa6\"\n  },\n  \"bankAcctId\": {\n    \"acctType\": \"TM\",\n    \"acctId\": \"8546\",\n    \"acctIdMasked\": \"\"\n  }\n}","options":{"raw":{"language":"json"}}}},"status":"Not Found","code":404,"header":[{"key":"Content-Type","value":"text/plain"}],"body":"","cookie":[],"_postman_previewlanguage":"text"},{"id":"681b5c99-075c-4f64-ab68-4a808de34eeb","name":"Internal Server Error","originalRequest":{"url":{"path":["salesprodagrmt","intrate","inq"],"host":["{{baseUrl}}"],"query":[],"variable":[]},"header":[{"disabled":false,"description":"(Required) Name of the application","key":"application-name","value":"Swagger"},{"disabled":false,"description":"(Required) ","key":"x-apikey","value":"2MWVAWF2xZz0eNQUK0NVhwpWYkr7gehG"},{"key":"Accept","value":"application/json"}],"method":"POST","body":{"mode":"raw","raw":"{\n  \"rqUID\": {\n    \"rqUID\": \"3fa85f64-5717-4562-b3fc-2c963f66afa6\"\n  },\n  \"bankAcctId\": {\n    \"acctType\": \"TM\",\n    \"acctId\": \"8546\",\n    \"acctIdMasked\": \"\"\n  }\n}","options":{"raw":{"language":"json"}}}},"status":"Internal Server Error","code":500,"header":[{"key":"Content-Type","value":"application/json"}],"body":"{\n  \"status\": {\n    \"statusCode\": -20398121,\n    \"statusDesc\": \"tem\",\n    \"supportUID\": \"8f7f9552-85bc-dfe5-1065-e945c5984b09\",\n    \"supportDescription\": \"qui dolor adipisicing mollit\",\n    \"errorCount\": 12924324,\n    \"warningCount\": -81356362,\n    \"errors\": [\n      {\n        \"source\": \"laborum ut\",\n        \"errNum\": \"Excepteur irure ad eu occaecat\",\n        \"errDesc\": \"enim elit dolore\",\n        \"errDtl\": \"nulla ut eiusmod\",\n        \"errField\": \"proident consectetur aliqua\",\n        \"errType\": \"i\",\n        \"errTagName\": \"minim in id\",\n        \"hostErrCode\": \"la\",\n        \"useCode\": \"u\",\n        \"supportUID\": \"urn:uuid:5646c9d0-2463-05f9-9d2c-762a5ebf7b6b\",\n        \"rows\": [\n          -32270705,\n          26332158\n        ]\n      },\n      {\n        \"source\": \"tem\",\n        \"errNum\": \"voluptate Excepteur\",\n        \"errDesc\": \"Excepteur \",\n        \"errDtl\": \"sed\",\n        \"errField\": \"consectetur volu\",\n        \"errType\": \"r\",\n        \"errTagName\": \"consectetur laborum anim\",\n        \"hostErrCode\": \"sint a\",\n        \"useCode\": \"\",\n        \"supportUID\": \"urn:uuid:1fe7b86c-dc52-47ca-fd18-1a7496d057fa\",\n        \"rows\": [\n          2737170,\n          31220931\n        ]\n      }\n    ],\n    \"warnings\": [\n      {\n        \"source\": \"nisi cillum\",\n        \"errNum\": \"consequat minim proident cillum\",\n        \"errDesc\": \"ad dolor\",\n        \"errDtl\": \"qui in exercitation cupidatat\",\n        \"errField\": \"ad\",\n        \"errType\": \"c\",\n        \"errTagName\": \"laborum minim ad\",\n        \"hostErrCode\": \"l\",\n        \"useCode\": \"Lo\",\n        \"supportUID\": \"urn:uuid:5ec47e18-36d4-3730-2135-59c39cfc52b8\",\n        \"rows\": [\n          3425992,\n          -87960661\n        ]\n      },\n      {\n        \"source\": \"ut nisi eiusmo\",\n        \"errNum\": \"id cupidatat\",\n        \"errDesc\": \"cul\",\n        \"errDtl\": \"anim exercitation dolo\",\n        \"errField\": \"aute labore cupidatat\",\n        \"errType\": \"e\",\n        \"errTagName\": \"in i\",\n        \"hostErrCode\": \"Ut lab\",\n        \"useCode\": \"\",\n        \"supportUID\": \"7f0b2999-aae5-9962-1492-6a1f8ee890c7\",\n        \"rows\": [\n          -41774033,\n          -25873445\n        ]\n      }\n    ]\n  }\n}","cookie":[],"_postman_previewlanguage":"json"}],"event":[],"protocolProfileBehavior":{"disableBodyPruning":true}},{"id":"1d3d5989-ebc6-4695-b188-8cf47e722184","name":"inq Credit Int Ctrl","request":{"name":"inq Credit Int Ctrl","description":{"content":"Enquire on credit interest control","type":"text/plain"},"url":{"path":["salesprodagrmt","creditintctrl","inq"],"host":["{{baseUrl}}"],"query":[],"variable":[]},"header":[{"disabled":false,"description":"(Required) Name of the application","key":"application-name","value":"Swagger"},{"disabled":false,"description":"(Required) ","key":"x-apikey","value":"2MWVAWF2xZz0eNQUK0NVhwpWYkr7gehG"},{"key":"Content-Type","value":"application/json"},{"key":"Accept","value":"application/json"}],"method":"POST","auth":null,"body":{"mode":"raw","raw":"{\n  \"rqUID\": {\n    \"rqUID\": \"<uuid>\"\n  },\n  \"aliasBankAcctId\": {\n    \"aliasAcctType\": \"<listTable - AliasAcctType>\",\n    \"aliasAcctId\": \"<NUMBER(35, 0)>\",\n    \"aliasAcctIdMasked\": \"<NUMBER(0, 0)>\"\n  },\n  \"bankAcctId\": {\n    \"acctId\": \"<NUMBER(12, 0)>\",\n    \"acctType\": \"<listTable - AcctType>\",\n    \"acctIdMasked\": \"<string>\"\n  }\n}","options":{"raw":{"language":"json"}}}},"response":[{"id":"f014f8ca-6faa-4c19-8f61-7a09acebdda5","name":"Credit int ctrl enquiry response","originalRequest":{"url":{"path":["salesprodagrmt","creditintctrl","inq"],"host":["{{baseUrl}}"],"query":[],"variable":[]},"header":[{"disabled":false,"description":"(Required) Name of the application","key":"application-name","value":"Swagger"},{"disabled":false,"description":"(Required) ","key":"x-apikey","value":"2MWVAWF2xZz0eNQUK0NVhwpWYkr7gehG"},{"key":"Accept","value":"application/json"}],"method":"POST","body":{"mode":"raw","raw":"{\n  \"rqUID\": {\n    \"rqUID\": \"3fa85f64-5717-4562-b3fc-2c963f66afa6\"\n  },\n  \"bankAcctId\": {\n    \"acctType\": \"TM\",\n    \"acctId\": \"3211\",\n    \"acctIdMasked\": \"\"\n  }\n}","options":{"raw":{"language":"json"}}}},"status":"OK","code":200,"header":[{"key":"Content-Type","value":"application/json"}],"body":"{\n  \"rqUID\": {\n    \"rqUID\": \"3fa85f64-5717-4562-b3fc-2c963f66afa6\"\n  },\n  \"status\": {\n    \"statusCode\": 0,\n    \"statusDesc\": \"Success\"\n  },\n  \"aliasBankAcctId\": {},\n  \"bankAcctId\": {\n    \"acctType\": \"TM\",\n    \"acctId\": \"QUVTOiBEVWltYmgxSGJiMmcrUk9zWWZmWXJnPT0=\",\n    \"acctIdMasked\": \"*********3211\"\n  },\n  \"creditInt\": {\n    \"intPmtPeriodCode\": \"Days\",\n    \"intPmtFreqCode\": \"6\",\n    \"intPmtSpecDay\": \"0\",\n    \"intPmtCurCode\": \"HKD\",\n    \"nextIntPmtAmt\": {\n      \"amt\": 55.96\n    },\n    \"intDispCode\": \"Capitalise\",\n    \"intPmtTransferAcct\": {\n      \"aliasBankAcctId\": {},\n      \"acctId\": \"\",\n      \"acctType\": \"00\",\n      \"bankInfo\": {\n        \"bankId\": \"0\"\n      },\n      \"referenceId\": \"\"\n    },\n    \"intPmtTransmutedAcctId\": {\n      \"bankInfo\": {\n        \"bankId\": \"0\"\n      }\n    },\n    \"levelIntPmtFlag\": \"\",\n    \"levelIntPmtAmt\": {\n      \"amt\": 0\n    },\n    \"lastIntPmtDt\": \"2006-03-21\",\n    \"lastIntPaidAmt\": {\n      \"amt\": 3.83\n    },\n    \"lastYrIntPaidAmt\": {\n      \"amt\": 0\n    },\n    \"ytdIntPaidAmt\": {\n      \"amt\": 0\n    }\n  }\n}","cookie":[],"_postman_previewlanguage":"json"},{"id":"e60df2bc-89e4-439f-b389-7c2e2f7e85ae","name":"Unauthorized","originalRequest":{"url":{"path":["salesprodagrmt","creditintctrl","inq"],"host":["{{baseUrl}}"],"query":[],"variable":[]},"header":[{"disabled":false,"description":"(Required) Name of the application","key":"application-name","value":"Swagger"},{"disabled":false,"description":"(Required) ","key":"x-apikey","value":"2MWVAWF2xZz0eNQUK0NVhwpWYkr7gehG"}],"method":"POST","body":{"mode":"raw","raw":"{\n  \"rqUID\": {\n    \"rqUID\": \"3fa85f64-5717-4562-b3fc-2c963f66afa6\"\n  },\n  \"bankAcctId\": {\n    \"acctType\": \"TM\",\n    \"acctId\": \"3211\",\n    \"acctIdMasked\": \"\"\n  }\n}","options":{"raw":{"language":"json"}}}},"status":"Unauthorized","code":401,"header":[{"key":"Content-Type","value":"text/plain"}],"body":"","cookie":[],"_postman_previewlanguage":"text"},{"id":"a3708816-e12e-49d7-b099-a73308bdf629","name":"Forbidden","originalRequest":{"url":{"path":["salesprodagrmt","creditintctrl","inq"],"host":["{{baseUrl}}"],"query":[],"variable":[]},"header":[{"disabled":false,"description":"(Required) Name of the application","key":"application-name","value":"Swagger"},{"disabled":false,"description":"(Required) ","key":"x-apikey","value":"2MWVAWF2xZz0eNQUK0NVhwpWYkr7gehG"}],"method":"POST","body":{"mode":"raw","raw":"{\n  \"rqUID\": {\n    \"rqUID\": \"3fa85f64-5717-4562-b3fc-2c963f66afa6\"\n  },\n  \"bankAcctId\": {\n    \"acctType\": \"TM\",\n    \"acctId\": \"3211\",\n    \"acctIdMasked\": \"\"\n  }\n}","options":{"raw":{"language":"json"}}}},"status":"Forbidden","code":403,"header":[{"key":"Content-Type","value":"text/plain"}],"body":"","cookie":[],"_postman_previewlanguage":"text"},{"id":"dae9427b-9e12-4ac9-91f6-003691cf63b6","name":"Not Found","originalRequest":{"url":{"path":["salesprodagrmt","creditintctrl","inq"],"host":["{{baseUrl}}"],"query":[],"variable":[]},"header":[{"disabled":false,"description":"(Required) Name of the application","key":"application-name","value":"Swagger"},{"disabled":false,"description":"(Required) ","key":"x-apikey","value":"2MWVAWF2xZz0eNQUK0NVhwpWYkr7gehG"}],"method":"POST","body":{"mode":"raw","raw":"{\n  \"rqUID\": {\n    \"rqUID\": \"3fa85f64-5717-4562-b3fc-2c963f66afa6\"\n  },\n  \"bankAcctId\": {\n    \"acctType\": \"TM\",\n    \"acctId\": \"3211\",\n    \"acctIdMasked\": \"\"\n  }\n}","options":{"raw":{"language":"json"}}}},"status":"Not Found","code":404,"header":[{"key":"Content-Type","value":"text/plain"}],"body":"","cookie":[],"_postman_previewlanguage":"text"},{"id":"fcaf4309-8a1f-41be-b9ea-ea06a414c060","name":"Internal Server Error","originalRequest":{"url":{"path":["salesprodagrmt","creditintctrl","inq"],"host":["{{baseUrl}}"],"query":[],"variable":[]},"header":[{"disabled":false,"description":"(Required) Name of the application","key":"application-name","value":"Swagger"},{"disabled":false,"description":"(Required) ","key":"x-apikey","value":"2MWVAWF2xZz0eNQUK0NVhwpWYkr7gehG"},{"key":"Accept","value":"application/json"}],"method":"POST","body":{"mode":"raw","raw":"{\n  \"rqUID\": {\n    \"rqUID\": \"3fa85f64-5717-4562-b3fc-2c963f66afa6\"\n  },\n  \"bankAcctId\": {\n    \"acctType\": \"TM\",\n    \"acctId\": \"3211\",\n    \"acctIdMasked\": \"\"\n  }\n}","options":{"raw":{"language":"json"}}}},"status":"Internal Server Error","code":500,"header":[{"key":"Content-Type","value":"application/json"}],"body":"{\n  \"status\": {\n    \"statusCode\": -20398121,\n    \"statusDesc\": \"tem\",\n    \"supportUID\": \"8f7f9552-85bc-dfe5-1065-e945c5984b09\",\n    \"supportDescription\": \"qui dolor adipisicing mollit\",\n    \"errorCount\": 12924324,\n    \"warningCount\": -81356362,\n    \"errors\": [\n      {\n        \"source\": \"laborum ut\",\n        \"errNum\": \"Excepteur irure ad eu occaecat\",\n        \"errDesc\": \"enim elit dolore\",\n        \"errDtl\": \"nulla ut eiusmod\",\n        \"errField\": \"proident consectetur aliqua\",\n        \"errType\": \"i\",\n        \"errTagName\": \"minim in id\",\n        \"hostErrCode\": \"la\",\n        \"useCode\": \"u\",\n        \"supportUID\": \"urn:uuid:5646c9d0-2463-05f9-9d2c-762a5ebf7b6b\",\n        \"rows\": [\n          -32270705,\n          26332158\n        ]\n      },\n      {\n        \"source\": \"tem\",\n        \"errNum\": \"voluptate Excepteur\",\n        \"errDesc\": \"Excepteur \",\n        \"errDtl\": \"sed\",\n        \"errField\": \"consectetur volu\",\n        \"errType\": \"r\",\n        \"errTagName\": \"consectetur laborum anim\",\n        \"hostErrCode\": \"sint a\",\n        \"useCode\": \"\",\n        \"supportUID\": \"urn:uuid:1fe7b86c-dc52-47ca-fd18-1a7496d057fa\",\n        \"rows\": [\n          2737170,\n          31220931\n        ]\n      }\n    ],\n    \"warnings\": [\n      {\n        \"source\": \"nisi cillum\",\n        \"errNum\": \"consequat minim proident cillum\",\n        \"errDesc\": \"ad dolor\",\n        \"errDtl\": \"qui in exercitation cupidatat\",\n        \"errField\": \"ad\",\n        \"errType\": \"c\",\n        \"errTagName\": \"laborum minim ad\",\n        \"hostErrCode\": \"l\",\n        \"useCode\": \"Lo\",\n        \"supportUID\": \"urn:uuid:5ec47e18-36d4-3730-2135-59c39cfc52b8\",\n        \"rows\": [\n          3425992,\n          -87960661\n        ]\n      },\n      {\n        \"source\": \"ut nisi eiusmo\",\n        \"errNum\": \"id cupidatat\",\n        \"errDesc\": \"cul\",\n        \"errDtl\": \"anim exercitation dolo\",\n        \"errField\": \"aute labore cupidatat\",\n        \"errType\": \"e\",\n        \"errTagName\": \"in i\",\n        \"hostErrCode\": \"Ut lab\",\n        \"useCode\": \"\",\n        \"supportUID\": \"7f0b2999-aae5-9962-1492-6a1f8ee890c7\",\n        \"rows\": [\n          -41774033,\n          -25873445\n        ]\n      }\n    ]\n  }\n}","cookie":[],"_postman_previewlanguage":"json"}],"event":[],"protocolProfileBehavior":{"disableBodyPruning":true}},{"id":"5ffee247-e518-4090-bf52-b18fd3fdf7f1","name":"inq Cost Of Credit","request":{"name":"inq Cost Of Credit","description":{"content":"Enquire on cost of credit","type":"text/plain"},"url":{"path":["salesprodagrmt","costofcredit","inq"],"host":["{{baseUrl}}"],"query":[],"variable":[]},"header":[{"disabled":false,"description":"(Required) Name of the application","key":"application-name","value":"Swagger"},{"disabled":false,"description":"(Required) ","key":"x-apikey","value":"2MWVAWF2xZz0eNQUK0NVhwpWYkr7gehG"},{"key":"Content-Type","value":"application/json"},{"key":"Accept","value":"application/json"}],"method":"POST","auth":null,"body":{"mode":"raw","raw":"{\n  \"rqUID\": {\n    \"rqUID\": \"<uuid>\"\n  },\n  \"aliasBankAcctId\": {\n    \"aliasAcctType\": \"<listTable - AliasAcctType>\",\n    \"aliasAcctId\": \"<NUMBER(35, 0)>\",\n    \"aliasAcctIdMasked\": \"<NUMBER(0, 0)>\"\n  },\n  \"bankAcctId\": {\n    \"acctId\": \"<NUMBER(12, 0)>\",\n    \"acctType\": \"<listTable - AcctType>\",\n    \"acctIdMasked\": \"<string>\"\n  },\n  \"prodId\": \"<string>\",\n  \"costOfCreditInfo\": {\n    \"overdraftAmount\": {\n      \"curAmt\": {\n        \"amt\": \"<NUMBER(17, 2) - Represented as String>\"\n      }\n    },\n    \"bufferAmount\": {\n      \"curAmt\": {\n        \"amt\": \"<NUMBER(17, 2) - Represented as String>\"\n      }\n    },\n    \"interestRate\": \"<NUMBER(7, 4)>\",\n    \"totalCostOfCredit\": {\n      \"amt\": \"<NUMBER(17, 2) - Represented as String>\"\n    }\n  }\n}","options":{"raw":{"language":"json"}}}},"response":[{"id":"8db2572b-dc42-475c-a938-576b2e21a921","name":"Cost of credit enquiry response","originalRequest":{"url":{"path":["salesprodagrmt","costofcredit","inq"],"host":["{{baseUrl}}"],"query":[],"variable":[]},"header":[{"disabled":false,"description":"(Required) Name of the application","key":"application-name","value":"Swagger"},{"disabled":false,"description":"(Required) ","key":"x-apikey","value":"2MWVAWF2xZz0eNQUK0NVhwpWYkr7gehG"},{"key":"Accept","value":"application/json"}],"method":"POST","body":{"mode":"raw","raw":"{\n  \"rqUID\": {\n    \"rqUID\": \"3fa85f64-5717-4562-b3fc-2c963f66afa6\"\n  },\n  \"bankAcctId\": {\n    \"acctType\": \"DD\",\n    \"acctId\": \"5402\",\n    \"acctIdMasked\": \"\"\n  }\n}","options":{"raw":{"language":"json"}}}},"status":"OK","code":200,"header":[{"key":"Content-Type","value":"application/json"}],"body":"{\n  \"rqUID\": {\n    \"rqUID\": \"a0623179-7ed9-45c6-932a-ebf7c0a2cab8\"\n  },\n  \"status\": {\n    \"statusCode\": 0,\n    \"statusDesc\": \"Success\"\n  },\n  \"aliasBankAcctId\": {},\n  \"bankAcctId\": {\n    \"acctType\": \"DD\",\n    \"acctId\": \"QUVTOiB1WDgycEdEa2VrT1I4YmlDdzM5dFh3PT0=\",\n    \"acctIdMasked\": \"*********5402\"\n  },\n  \"costOfCreditInfo\": {\n    \"overdraftAmount\": {\n      \"curAmt\": {\n        \"amt\": 0\n      }\n    },\n    \"bufferAmount\": {\n      \"curAmt\": {\n        \"amt\": 0\n      }\n    },\n    \"interestRate\": 0,\n    \"totalCostOfCredit\": {\n      \"amt\": 0\n    }\n  }\n}","cookie":[],"_postman_previewlanguage":"json"},{"id":"5ad8f947-956c-455e-8098-80ec178ad676","name":"Unauthorized","originalRequest":{"url":{"path":["salesprodagrmt","costofcredit","inq"],"host":["{{baseUrl}}"],"query":[],"variable":[]},"header":[{"disabled":false,"description":"(Required) Name of the application","key":"application-name","value":"Swagger"},{"disabled":false,"description":"(Required) ","key":"x-apikey","value":"2MWVAWF2xZz0eNQUK0NVhwpWYkr7gehG"}],"method":"POST","body":{"mode":"raw","raw":"{\n  \"rqUID\": {\n    \"rqUID\": \"3fa85f64-5717-4562-b3fc-2c963f66afa6\"\n  },\n  \"bankAcctId\": {\n    \"acctType\": \"DD\",\n    \"acctId\": \"5402\",\n    \"acctIdMasked\": \"\"\n  }\n}","options":{"raw":{"language":"json"}}}},"status":"Unauthorized","code":401,"header":[{"key":"Content-Type","value":"text/plain"}],"body":"","cookie":[],"_postman_previewlanguage":"text"},{"id":"04b8419f-fe5d-4ab3-80d7-fa8843cbaaf1","name":"Forbidden","originalRequest":{"url":{"path":["salesprodagrmt","costofcredit","inq"],"host":["{{baseUrl}}"],"query":[],"variable":[]},"header":[{"disabled":false,"description":"(Required) Name of the application","key":"application-name","value":"Swagger"},{"disabled":false,"description":"(Required) ","key":"x-apikey","value":"2MWVAWF2xZz0eNQUK0NVhwpWYkr7gehG"}],"method":"POST","body":{"mode":"raw","raw":"{\n  \"rqUID\": {\n    \"rqUID\": \"3fa85f64-5717-4562-b3fc-2c963f66afa6\"\n  },\n  \"bankAcctId\": {\n    \"acctType\": \"DD\",\n    \"acctId\": \"5402\",\n    \"acctIdMasked\": \"\"\n  }\n}","options":{"raw":{"language":"json"}}}},"status":"Forbidden","code":403,"header":[{"key":"Content-Type","value":"text/plain"}],"body":"","cookie":[],"_postman_previewlanguage":"text"},{"id":"44a08182-3eea-428c-8db0-187a4ff09725","name":"Not Found","originalRequest":{"url":{"path":["salesprodagrmt","costofcredit","inq"],"host":["{{baseUrl}}"],"query":[],"variable":[]},"header":[{"disabled":false,"description":"(Required) Name of the application","key":"application-name","value":"Swagger"},{"disabled":false,"description":"(Required) ","key":"x-apikey","value":"2MWVAWF2xZz0eNQUK0NVhwpWYkr7gehG"}],"method":"POST","body":{"mode":"raw","raw":"{\n  \"rqUID\": {\n    \"rqUID\": \"3fa85f64-5717-4562-b3fc-2c963f66afa6\"\n  },\n  \"bankAcctId\": {\n    \"acctType\": \"DD\",\n    \"acctId\": \"5402\",\n    \"acctIdMasked\": \"\"\n  }\n}","options":{"raw":{"language":"json"}}}},"status":"Not Found","code":404,"header":[{"key":"Content-Type","value":"text/plain"}],"body":"","cookie":[],"_postman_previewlanguage":"text"},{"id":"5c9a41cc-cbd5-4393-9a47-9f55ded95305","name":"Internal Server Error","originalRequest":{"url":{"path":["salesprodagrmt","costofcredit","inq"],"host":["{{baseUrl}}"],"query":[],"variable":[]},"header":[{"disabled":false,"description":"(Required) Name of the application","key":"application-name","value":"Swagger"},{"disabled":false,"description":"(Required) ","key":"x-apikey","value":"2MWVAWF2xZz0eNQUK0NVhwpWYkr7gehG"},{"key":"Accept","value":"application/json"}],"method":"POST","body":{"mode":"raw","raw":"{\n  \"rqUID\": {\n    \"rqUID\": \"3fa85f64-5717-4562-b3fc-2c963f66afa6\"\n  },\n  \"bankAcctId\": {\n    \"acctType\": \"DD\",\n    \"acctId\": \"5402\",\n    \"acctIdMasked\": \"\"\n  }\n}","options":{"raw":{"language":"json"}}}},"status":"Internal Server Error","code":500,"header":[{"key":"Content-Type","value":"application/json"}],"body":"{\n  \"status\": {\n    \"statusCode\": -20398121,\n    \"statusDesc\": \"tem\",\n    \"supportUID\": \"8f7f9552-85bc-dfe5-1065-e945c5984b09\",\n    \"supportDescription\": \"qui dolor adipisicing mollit\",\n    \"errorCount\": 12924324,\n    \"warningCount\": -81356362,\n    \"errors\": [\n      {\n        \"source\": \"laborum ut\",\n        \"errNum\": \"Excepteur irure ad eu occaecat\",\n        \"errDesc\": \"enim elit dolore\",\n        \"errDtl\": \"nulla ut eiusmod\",\n        \"errField\": \"proident consectetur aliqua\",\n        \"errType\": \"i\",\n        \"errTagName\": \"minim in id\",\n        \"hostErrCode\": \"la\",\n        \"useCode\": \"u\",\n        \"supportUID\": \"urn:uuid:5646c9d0-2463-05f9-9d2c-762a5ebf7b6b\",\n        \"rows\": [\n          -32270705,\n          26332158\n        ]\n      },\n      {\n        \"source\": \"tem\",\n        \"errNum\": \"voluptate Excepteur\",\n        \"errDesc\": \"Excepteur \",\n        \"errDtl\": \"sed\",\n        \"errField\": \"consectetur volu\",\n        \"errType\": \"r\",\n        \"errTagName\": \"consectetur laborum anim\",\n        \"hostErrCode\": \"sint a\",\n        \"useCode\": \"\",\n        \"supportUID\": \"urn:uuid:1fe7b86c-dc52-47ca-fd18-1a7496d057fa\",\n        \"rows\": [\n          2737170,\n          31220931\n        ]\n      }\n    ],\n    \"warnings\": [\n      {\n        \"source\": \"nisi cillum\",\n        \"errNum\": \"consequat minim proident cillum\",\n        \"errDesc\": \"ad dolor\",\n        \"errDtl\": \"qui in exercitation cupidatat\",\n        \"errField\": \"ad\",\n        \"errType\": \"c\",\n        \"errTagName\": \"laborum minim ad\",\n        \"hostErrCode\": \"l\",\n        \"useCode\": \"Lo\",\n        \"supportUID\": \"urn:uuid:5ec47e18-36d4-3730-2135-59c39cfc52b8\",\n        \"rows\": [\n          3425992,\n          -87960661\n        ]\n      },\n      {\n        \"source\": \"ut nisi eiusmo\",\n        \"errNum\": \"id cupidatat\",\n        \"errDesc\": \"cul\",\n        \"errDtl\": \"anim exercitation dolo\",\n        \"errField\": \"aute labore cupidatat\",\n        \"errType\": \"e\",\n        \"errTagName\": \"in i\",\n        \"hostErrCode\": \"Ut lab\",\n        \"useCode\": \"\",\n        \"supportUID\": \"7f0b2999-aae5-9962-1492-6a1f8ee890c7\",\n        \"rows\": [\n          -41774033,\n          -25873445\n        ]\n      }\n    ]\n  }\n}","cookie":[],"_postman_previewlanguage":"json"}],"event":[],"protocolProfileBehavior":{"disableBodyPruning":true}},{"id":"4e298701-6a84-44a7-9cf1-7f8b311f561b","name":"inq Acct APR","request":{"name":"inq Acct APR","description":{"content":"Enquire on account APR","type":"text/plain"},"url":{"path":["salesprodagrmt","acctapr","inq"],"host":["{{baseUrl}}"],"query":[],"variable":[]},"header":[{"disabled":false,"description":"(Required) Name of the application","key":"application-name","value":"Swagger"},{"disabled":false,"description":"(Required) ","key":"x-apikey","value":"2MWVAWF2xZz0eNQUK0NVhwpWYkr7gehG"},{"key":"Content-Type","value":"application/json"},{"key":"Accept","value":"application/json"}],"method":"POST","auth":null,"body":{"mode":"raw","raw":"{\n  \"pmtBillFreq\": \"<string>\",\n  \"prodId\": \"<string>\",\n  \"rqUID\": {\n    \"rqUID\": \"<uuid>\"\n  },\n  \"limAmount\": {\n    \"amt\": \"<NUMBER(17, 2) - Represented as String>\"\n  },\n  \"fixAmount\": {\n    \"amt\": \"<NUMBER(17, 2) - Represented as String>\"\n  },\n  \"pmtPercent\": \"<NUMBER(7, 6)>\"\n}","options":{"raw":{"language":"json"}}}},"response":[{"id":"24d9a000-caaf-4865-aa16-c6466990b1b3","name":"Account a p r enquiry response","originalRequest":{"url":{"path":["salesprodagrmt","acctapr","inq"],"host":["{{baseUrl}}"],"query":[],"variable":[]},"header":[{"disabled":false,"description":"(Required) Name of the application","key":"application-name","value":"Swagger"},{"disabled":false,"description":"(Required) ","key":"x-apikey","value":"2MWVAWF2xZz0eNQUK0NVhwpWYkr7gehG"},{"key":"Accept","value":"application/json"}],"method":"POST","body":{"mode":"raw","raw":"{\n  \"rqUID\": {\n    \"rqUID\": \"3fa85f64-5717-4562-b3fc-2c963f66afa6\"\n  },\n  \"prodId\": \"21\",\n  \"limAmount\": {\n    \"amt\": 0\n  },\n  \"pmtBillFreq\": \"M00100\",\n  \"fixAmount\": {\n    \"amt\": 0\n  },\n  \"pmtPercent\": 0\n}","options":{"raw":{"language":"json"}}}},"status":"OK","code":200,"header":[{"key":"Content-Type","value":"application/json"}],"body":"{\n  \"rqUID\": {\n    \"rqUID\": \"a0623179-7ed9-45c6-932a-ebf7c0a2cab8\"\n  },\n  \"status\": {\n    \"statusCode\": 0,\n    \"statusDesc\": \"Success\"\n  },\n  \"prodId\": \"21\",\n  \"apr\": 2.555\n}","cookie":[],"_postman_previewlanguage":"json"},{"id":"3307cd51-1dcf-4859-ad5b-619ad20d4b5c","name":"Unauthorized","originalRequest":{"url":{"path":["salesprodagrmt","acctapr","inq"],"host":["{{baseUrl}}"],"query":[],"variable":[]},"header":[{"disabled":false,"description":"(Required) Name of the application","key":"application-name","value":"Swagger"},{"disabled":false,"description":"(Required) ","key":"x-apikey","value":"2MWVAWF2xZz0eNQUK0NVhwpWYkr7gehG"}],"method":"POST","body":{"mode":"raw","raw":"{\n  \"rqUID\": {\n    \"rqUID\": \"3fa85f64-5717-4562-b3fc-2c963f66afa6\"\n  },\n  \"prodId\": \"21\",\n  \"limAmount\": {\n    \"amt\": 0\n  },\n  \"pmtBillFreq\": \"M00100\",\n  \"fixAmount\": {\n    \"amt\": 0\n  },\n  \"pmtPercent\": 0\n}","options":{"raw":{"language":"json"}}}},"status":"Unauthorized","code":401,"header":[{"key":"Content-Type","value":"text/plain"}],"body":"","cookie":[],"_postman_previewlanguage":"text"},{"id":"2a86fd07-9723-4745-86ea-48252a0f53e4","name":"Forbidden","originalRequest":{"url":{"path":["salesprodagrmt","acctapr","inq"],"host":["{{baseUrl}}"],"query":[],"variable":[]},"header":[{"disabled":false,"description":"(Required) Name of the application","key":"application-name","value":"Swagger"},{"disabled":false,"description":"(Required) ","key":"x-apikey","value":"2MWVAWF2xZz0eNQUK0NVhwpWYkr7gehG"}],"method":"POST","body":{"mode":"raw","raw":"{\n  \"rqUID\": {\n    \"rqUID\": \"3fa85f64-5717-4562-b3fc-2c963f66afa6\"\n  },\n  \"prodId\": \"21\",\n  \"limAmount\": {\n    \"amt\": 0\n  },\n  \"pmtBillFreq\": \"M00100\",\n  \"fixAmount\": {\n    \"amt\": 0\n  },\n  \"pmtPercent\": 0\n}","options":{"raw":{"language":"json"}}}},"status":"Forbidden","code":403,"header":[{"key":"Content-Type","value":"text/plain"}],"body":"","cookie":[],"_postman_previewlanguage":"text"},{"id":"c2d4633c-6636-4638-9b61-45694abd7c5d","name":"Not Found","originalRequest":{"url":{"path":["salesprodagrmt","acctapr","inq"],"host":["{{baseUrl}}"],"query":[],"variable":[]},"header":[{"disabled":false,"description":"(Required) Name of the application","key":"application-name","value":"Swagger"},{"disabled":false,"description":"(Required) ","key":"x-apikey","value":"2MWVAWF2xZz0eNQUK0NVhwpWYkr7gehG"}],"method":"POST","body":{"mode":"raw","raw":"{\n  \"rqUID\": {\n    \"rqUID\": \"3fa85f64-5717-4562-b3fc-2c963f66afa6\"\n  },\n  \"prodId\": \"21\",\n  \"limAmount\": {\n    \"amt\": 0\n  },\n  \"pmtBillFreq\": \"M00100\",\n  \"fixAmount\": {\n    \"amt\": 0\n  },\n  \"pmtPercent\": 0\n}","options":{"raw":{"language":"json"}}}},"status":"Not Found","code":404,"header":[{"key":"Content-Type","value":"text/plain"}],"body":"","cookie":[],"_postman_previewlanguage":"text"},{"id":"4f9f9129-241e-418e-a6b3-cec4033565e3","name":"Internal Server Error","originalRequest":{"url":{"path":["salesprodagrmt","acctapr","inq"],"host":["{{baseUrl}}"],"query":[],"variable":[]},"header":[{"disabled":false,"description":"(Required) Name of the application","key":"application-name","value":"Swagger"},{"disabled":false,"description":"(Required) ","key":"x-apikey","value":"2MWVAWF2xZz0eNQUK0NVhwpWYkr7gehG"},{"key":"Accept","value":"application/json"}],"method":"POST","body":{"mode":"raw","raw":"{\n  \"rqUID\": {\n    \"rqUID\": \"3fa85f64-5717-4562-b3fc-2c963f66afa6\"\n  },\n  \"prodId\": \"21\",\n  \"limAmount\": {\n    \"amt\": 0\n  },\n  \"pmtBillFreq\": \"M00100\",\n  \"fixAmount\": {\n    \"amt\": 0\n  },\n  \"pmtPercent\": 0\n}","options":{"raw":{"language":"json"}}}},"status":"Internal Server Error","code":500,"header":[{"key":"Content-Type","value":"application/json"}],"body":"{\n  \"status\": {\n    \"statusCode\": -20398121,\n    \"statusDesc\": \"tem\",\n    \"supportUID\": \"8f7f9552-85bc-dfe5-1065-e945c5984b09\",\n    \"supportDescription\": \"qui dolor adipisicing mollit\",\n    \"errorCount\": 12924324,\n    \"warningCount\": -81356362,\n    \"errors\": [\n      {\n        \"source\": \"laborum ut\",\n        \"errNum\": \"Excepteur irure ad eu occaecat\",\n        \"errDesc\": \"enim elit dolore\",\n        \"errDtl\": \"nulla ut eiusmod\",\n        \"errField\": \"proident consectetur aliqua\",\n        \"errType\": \"i\",\n        \"errTagName\": \"minim in id\",\n        \"hostErrCode\": \"la\",\n        \"useCode\": \"u\",\n        \"supportUID\": \"urn:uuid:5646c9d0-2463-05f9-9d2c-762a5ebf7b6b\",\n        \"rows\": [\n          -32270705,\n          26332158\n        ]\n      },\n      {\n        \"source\": \"tem\",\n        \"errNum\": \"voluptate Excepteur\",\n        \"errDesc\": \"Excepteur \",\n        \"errDtl\": \"sed\",\n        \"errField\": \"consectetur volu\",\n        \"errType\": \"r\",\n        \"errTagName\": \"consectetur laborum anim\",\n        \"hostErrCode\": \"sint a\",\n        \"useCode\": \"\",\n        \"supportUID\": \"urn:uuid:1fe7b86c-dc52-47ca-fd18-1a7496d057fa\",\n        \"rows\": [\n          2737170,\n          31220931\n        ]\n      }\n    ],\n    \"warnings\": [\n      {\n        \"source\": \"nisi cillum\",\n        \"errNum\": \"consequat minim proident cillum\",\n        \"errDesc\": \"ad dolor\",\n        \"errDtl\": \"qui in exercitation cupidatat\",\n        \"errField\": \"ad\",\n        \"errType\": \"c\",\n        \"errTagName\": \"laborum minim ad\",\n        \"hostErrCode\": \"l\",\n        \"useCode\": \"Lo\",\n        \"supportUID\": \"urn:uuid:5ec47e18-36d4-3730-2135-59c39cfc52b8\",\n        \"rows\": [\n          3425992,\n          -87960661\n        ]\n      },\n      {\n        \"source\": \"ut nisi eiusmo\",\n        \"errNum\": \"id cupidatat\",\n        \"errDesc\": \"cul\",\n        \"errDtl\": \"anim exercitation dolo\",\n        \"errField\": \"aute labore cupidatat\",\n        \"errType\": \"e\",\n        \"errTagName\": \"in i\",\n        \"hostErrCode\": \"Ut lab\",\n        \"useCode\": \"\",\n        \"supportUID\": \"7f0b2999-aae5-9962-1492-6a1f8ee890c7\",\n        \"rows\": [\n          -41774033,\n          -25873445\n        ]\n      }\n    ]\n  }\n}","cookie":[],"_postman_previewlanguage":"json"}],"event":[],"protocolProfileBehavior":{"disableBodyPruning":true}}],"event":[]}],"event":[],"variable":[{"type":"string","value":"https://int.latam.api.fiservapps.com/latam/sandbox/banking/v2","key":"baseUrl"}],"info":{"_postman_id":"b119f0f3-420a-4513-80d4-c6856bd5c4d4","name":"Signature® Sales Prod Agreement Service - API Documentation","schema":"https://schema.getpostman.com/json/collection/v2.1.0/collection.json","description":{"content":"This documentation describes the REST APIs provided by the Sales Prod Agreement Service of Signature®, which provides specific resources and operations for Sales Prod Agreement\n\nContact Support:\n Name: API Support\n Email: Siva.Dasari@fiserv.com","type":"text/plain"}}}