{"item":[{"id":"8d03b801-0d8c-4290-8160-42e1075e1b7a","name":"acctcollateralrelservice/collateral","item":[{"id":"628493c2-6b00-4ba4-84e5-b6e197c0f3a0","name":"Add Account Collateral Relationship.","request":{"name":"Add Account Collateral Relationship.","description":{"content":"Add Account Collateral Relationship API links a collateral as a security to a Loan Account (LOAN).<br>For Signature, this loan account can be Signature-specific or an external loan account. The collateral under the loan account acts as a secondary security and have the details, such as type of collateral, market price, lien/pledge/charged amount, percentage of collateral and so on. <br> <br> To download the API Specifications and Postman Collection, click <a href=\"../docs/?path=docs/resources/resources.md\" title=\"Click to open\">Resources</a>.","type":"text/plain"},"url":{"path":["acctcollateralrelservice","collateral","acctcollateral"],"host":["{{baseUrl}}"],"query":[],"variable":[]},"header":[{"disabled":false,"description":"(Required) EFX Header is a common and required component for all API calls, it contains client-related parameters. Please note that the header parameters should be sent as a JSON object under the EFXHeader parameter. To view the list of header parameters, <a href=\"../docs?path=docs/api-ref-EFX-header.md\" title=\"Click to open\"> click here.</a>","key":"EFXHeader","value":"OrganizationId,<string>,TrnId,<string>,VendorId,<string>,Context,[object Object]"},{"key":"Content-Type","value":"application/json"},{"key":"Accept","value":"application/json"}],"method":"POST","auth":null,"body":{"mode":"raw","raw":"{\n  \"AcctCollateralRelInfo\": {\n    \"CollateralRef\": {\n      \"CollateralKeys\": {\n        \"CollateralId\": \"<string>\"\n      }\n    },\n    \"AcctRef\": {\n      \"AcctKeys\": {\n        \"AcctId\": \"<string>\",\n        \"AcctType\": \"<string>\",\n        \"AcctIdent\": {\n          \"AcctIdentType\": \"<string>\",\n          \"AcctIdentValue\": \"<string>\"\n        },\n        \"BranchIdent\": \"<string>\"\n      }\n    },\n    \"ExternalAcctData\": \"<string>\",\n    \"PledgeRule\": \"<string>\",\n    \"MaxPledgeAmt\": {\n      \"Amt\": \"<number>\",\n      \"CurCode\": {\n        \"CurCodeValue\": \"<string>\",\n        \"CurCodeType\": \"<string>\"\n      }\n    },\n    \"PledgePriority\": \"<string>\",\n    \"LienPosition\": \"<string>\",\n    \"RetentionDays\": \"<long>\"\n  },\n  \"OvrdExceptionData\": {\n    \"OvrdAutoAckInd\": \"<boolean>\"\n  }\n}","options":{"raw":{"language":"json"}}}},"response":[{"id":"eb523c10-4518-414a-ad19-0ca3010da859","name":"Created","originalRequest":{"url":{"path":["acctcollateralrelservice","collateral","acctcollateral"],"host":["{{baseUrl}}"],"query":[],"variable":[]},"header":[{"disabled":false,"description":"(Required) EFX Header is a common and required component for all API calls, it contains client-related parameters. Please note that the header parameters should be sent as a JSON object under the EFXHeader parameter. To view the list of header parameters, <a href=\"../docs?path=docs/api-ref-EFX-header.md\" title=\"Click to open\"> click here.</a>","key":"EFXHeader","value":"OrganizationId,<string>,TrnId,<string>,VendorId,<string>,Context,[object Object]"},{"key":"Accept","value":"application/json"}],"method":"POST","body":{"mode":"raw","raw":"{\n  \"AcctCollateralRelInfo\": {\n    \"CollateralRef\": {\n      \"CollateralKeys\": {\n        \"CollateralId\": \"<string>\"\n      }\n    },\n    \"AcctRef\": {\n      \"AcctKeys\": {\n        \"AcctId\": \"<string>\",\n        \"AcctType\": \"<string>\",\n        \"AcctIdent\": {\n          \"AcctIdentType\": \"<string>\",\n          \"AcctIdentValue\": \"<string>\"\n        },\n        \"BranchIdent\": \"<string>\"\n      }\n    },\n    \"ExternalAcctData\": \"<string>\",\n    \"PledgeRule\": \"<string>\",\n    \"MaxPledgeAmt\": {\n      \"Amt\": \"<number>\",\n      \"CurCode\": {\n        \"CurCodeValue\": \"<string>\",\n        \"CurCodeType\": \"<string>\"\n      }\n    },\n    \"PledgePriority\": \"<string>\",\n    \"LienPosition\": \"<string>\",\n    \"RetentionDays\": \"<long>\"\n  },\n  \"OvrdExceptionData\": {\n    \"OvrdAutoAckInd\": \"<boolean>\"\n  }\n}","options":{"raw":{"language":"json"}}}},"status":"Created","code":201,"header":[{"key":"Content-Type","value":"application/json"}],"body":"{\n  \"AcctCollateralRelStatusRec\": {\n    \"AcctCollateralRelKeys\": {\n      \"AcctCollateralRelIdent\": \"c\"\n    },\n    \"AcctCollateralRelStatus\": {\n      \"AcctCollateralRelStatusCode\": \"Valid\",\n      \"EffDt\": \"6158-37-28T45:36:48+28:00\"\n    }\n  },\n  \"Status\": {\n    \"Severity\": \"Error\",\n    \"StatusCode\": \"sint ut do\",\n    \"StatusDesc\": \"et\",\n    \"SvcProviderName\": \"velit sit dolore occaecat\",\n    \"Id\": \"elit ut sint irure\",\n    \"ServerStatusCode\": \"do nisi sit\",\n    \"ServerStatusDesc\": \"ut eu aute\",\n    \"OvrdExceptionInd\": false,\n    \"SubjectRole\": \"Duis sint ut esse id\",\n    \"SubjectElement\": [\n      {\n        \"Path\": \"consequat deserunt Duis\",\n        \"ServerPath\": \"eiusmod ea\",\n        \"Value\": \"cupidatat quis culpa exercitation sed\"\n      },\n      {\n        \"Path\": \"labore aute in\",\n        \"ServerPath\": \"et ea ad pariatur laborum\",\n        \"Value\": \"ullamco sunt do\"\n      }\n    ],\n    \"ContentHTML\": \"elit\",\n    \"AdditionalStatus\": [\n      {\n        \"StatusCode\": \"commodo amet\",\n        \"StatusDesc\": \"officia Duis qui irure\",\n        \"Severity\": \"Error\",\n        \"SvcProviderName\": \"et\",\n        \"ServerStatusCode\": \"dolo\",\n        \"ServerStatusDesc\": \"minim in anim\",\n        \"OvrdExceptionInd\": false,\n        \"SubjectElement\": [\n          {\n            \"Path\": \"in fugiat E\",\n            \"ServerPath\": \"qui dolore sint\",\n            \"Value\": \"eiusmod anim qui\"\n          },\n          {\n            \"Path\": \"id\",\n            \"ServerPath\": \"in dolor cupidatat qui\",\n            \"Value\": \"consectetur sunt quis\"\n          }\n        ]\n      },\n      {\n        \"StatusCode\": \"sint dolore\",\n        \"StatusDesc\": \"pariatur enim id in\",\n        \"Severity\": \"Warning\",\n        \"SvcProviderName\": \"aliquip dolore incididunt labore id\",\n        \"ServerStatusCode\": \"Ut\",\n        \"ServerStatusDesc\": \"in\",\n        \"OvrdExceptionInd\": false,\n        \"SubjectElement\": [\n          {\n            \"Path\": \"in\",\n            \"ServerPath\": \"nisi laborum adipisicing culpa est\",\n            \"Value\": \"nostrud in labore\"\n          },\n          {\n            \"Path\": \"qui voluptate\",\n            \"ServerPath\": \"esse ex non cupidatat Lorem\",\n            \"Value\": \"pariatur elit dolor\"\n          }\n        ]\n      }\n    ]\n  }\n}","cookie":[],"_postman_previewlanguage":"json"},{"id":"fc002b72-f7a0-49b2-a215-b3af9665d1c0","name":"To view the complete list of response codes, <a href=\"../docs/?path=docs/response-codes.md\" title=\"Click to open\">click here.</a>","originalRequest":{"url":{"path":["acctcollateralrelservice","collateral","acctcollateral"],"host":["{{baseUrl}}"],"query":[],"variable":[]},"header":[{"disabled":false,"description":"(Required) EFX Header is a common and required component for all API calls, it contains client-related parameters. Please note that the header parameters should be sent as a JSON object under the EFXHeader parameter. To view the list of header parameters, <a href=\"../docs?path=docs/api-ref-EFX-header.md\" title=\"Click to open\"> click here.</a>","key":"EFXHeader","value":"OrganizationId,<string>,TrnId,<string>,VendorId,<string>,Context,[object Object]"},{"key":"Accept","value":"application/json"}],"method":"POST","body":{"mode":"raw","raw":"{\n  \"AcctCollateralRelInfo\": {\n    \"CollateralRef\": {\n      \"CollateralKeys\": {\n        \"CollateralId\": \"<string>\"\n      }\n    },\n    \"AcctRef\": {\n      \"AcctKeys\": {\n        \"AcctId\": \"<string>\",\n        \"AcctType\": \"<string>\",\n        \"AcctIdent\": {\n          \"AcctIdentType\": \"<string>\",\n          \"AcctIdentValue\": \"<string>\"\n        },\n        \"BranchIdent\": \"<string>\"\n      }\n    },\n    \"ExternalAcctData\": \"<string>\",\n    \"PledgeRule\": \"<string>\",\n    \"MaxPledgeAmt\": {\n      \"Amt\": \"<number>\",\n      \"CurCode\": {\n        \"CurCodeValue\": \"<string>\",\n        \"CurCodeType\": \"<string>\"\n      }\n    },\n    \"PledgePriority\": \"<string>\",\n    \"LienPosition\": \"<string>\",\n    \"RetentionDays\": \"<long>\"\n  },\n  \"OvrdExceptionData\": {\n    \"OvrdAutoAckInd\": \"<boolean>\"\n  }\n}","options":{"raw":{"language":"json"}}}},"status":"Internal Server Error","code":500,"header":[{"key":"Content-Type","value":"application/json"}],"body":"{\n  \"AcctCollateralRelStatusRec\": {\n    \"AcctCollateralRelKeys\": {\n      \"AcctCollateralRelIdent\": \"dolor mollit co\"\n    },\n    \"AcctCollateralRelStatus\": {\n      \"AcctCollateralRelStatusCode\": \"Valid\",\n      \"EffDt\": \"5432-49-94T13:98:90.220\"\n    }\n  },\n  \"Status\": {\n    \"Severity\": \"Error\",\n    \"StatusCode\": \"est\",\n    \"StatusDesc\": \"nostrud aliquip Duis consectetur in\",\n    \"SvcProviderName\": \"ea in\",\n    \"Id\": \"nostrud quis ad\",\n    \"ServerStatusCode\": \"am\",\n    \"ServerStatusDesc\": \"mollit velit ipsum occaecat\",\n    \"OvrdExceptionInd\": false,\n    \"SubjectRole\": \"eu\",\n    \"SubjectElement\": [\n      {\n        \"Path\": \"voluptate laboris est culpa\",\n        \"ServerPath\": \"minim reprehenderit\",\n        \"Value\": \"enim veniam\"\n      },\n      {\n        \"Path\": \"nisi Ut\",\n        \"ServerPath\": \"enim non eiusmod\",\n        \"Value\": \"Duis\"\n      }\n    ],\n    \"ContentHTML\": \"eiusmod\",\n    \"AdditionalStatus\": [\n      {\n        \"StatusCode\": \"nisi minim aliqui\",\n        \"StatusDesc\": \"aute ut nisi culpa cupidatat\",\n        \"Severity\": \"Error\",\n        \"SvcProviderName\": \"tempor est minim magna\",\n        \"ServerStatusCode\": \"aute\",\n        \"ServerStatusDesc\": \"id aliquip dolor\",\n        \"OvrdExceptionInd\": true,\n        \"SubjectElement\": [\n          {\n            \"Path\": \"ea\",\n            \"ServerPath\": \"occaecat velit \",\n            \"Value\": \"quis\"\n          },\n          {\n            \"Path\": \"in sed minim veniam\",\n            \"ServerPath\": \"amet eiusmod\",\n            \"Value\": \"non eu anim\"\n          }\n        ]\n      },\n      {\n        \"StatusCode\": \"in\",\n        \"StatusDesc\": \"pariatur in qui non\",\n        \"Severity\": \"Warning\",\n        \"SvcProviderName\": \"anim fugiat pariatur nisi\",\n        \"ServerStatusCode\": \"exercitation tem\",\n        \"ServerStatusDesc\": \"veniam voluptate\",\n        \"OvrdExceptionInd\": false,\n        \"SubjectElement\": [\n          {\n            \"Path\": \"anim ut ut\",\n            \"ServerPath\": \"in et\",\n            \"Value\": \"ad\"\n          },\n          {\n            \"Path\": \"laboris laborum voluptate pariatur ea\",\n            \"ServerPath\": \"ea tempor\",\n            \"Value\": \"veniam occaecat laborum\"\n          }\n        ]\n      }\n    ]\n  }\n}","cookie":[],"_postman_previewlanguage":"json"}],"event":[],"protocolProfileBehavior":{"disableBodyPruning":true}},{"id":"9e9bd8e9-49d6-4a69-b9c4-30a996b32f1f","name":"accountCollaterals/secured","item":[{"id":"2e2d9ba3-8aca-4296-a501-061f7ae92326","name":"Delete Collateral Account Relationship.","request":{"name":"Delete Collateral Account Relationship.","description":{"content":"Delete Account Collateral Relationship API deletes the pledge between a collateral and a Loan Account (LOAN). <br> <br> To download the API Specifications and Postman Collection, click <a href=\"../docs/?path=docs/resources/resources.md\" title=\"Click to open\">Resources</a>.","type":"text/plain"},"url":{"path":["acctcollateralrelservice","collateral","accountCollaterals","secured"],"host":["{{baseUrl}}"],"query":[],"variable":[]},"header":[{"disabled":false,"description":"(Required) EFX Header is a common and required component for all API calls, it contains client-related parameters. Please note that the header parameters should be sent as a JSON object under the EFXHeader parameter. To view the list of header parameters, <a href=\"../docs?path=docs/api-ref-EFX-header.md\" title=\"Click to open\"> click here.</a>","key":"EFXHeader","value":"OrganizationId,<string>,TrnId,<string>,VendorId,<string>,Context,[object Object]"},{"key":"Content-Type","value":"application/json"},{"key":"Accept","value":"application/json"}],"method":"PUT","auth":null,"body":{"mode":"raw","raw":"{\n  \"AcctCollateralRelKeys\": {\n    \"AcctKeys\": {\n      \"AcctId\": \"<string>\",\n      \"AcctType\": \"<string>\"\n    },\n    \"CollateralKeys\": {\n      \"CollateralId\": \"<string>\"\n    },\n    \"AcctCollateralRelIdent\": \"<string>\"\n  },\n  \"OvrdExceptionData\": {\n    \"OvrdAutoAckInd\": \"<boolean>\"\n  }\n}","options":{"raw":{"language":"json"}}}},"response":[{"id":"fada1ea2-4e0a-4fd5-863a-2c0ae53b34b4","name":"Success","originalRequest":{"url":{"path":["acctcollateralrelservice","collateral","accountCollaterals","secured"],"host":["{{baseUrl}}"],"query":[],"variable":[]},"header":[{"disabled":false,"description":"(Required) EFX Header is a common and required component for all API calls, it contains client-related parameters. Please note that the header parameters should be sent as a JSON object under the EFXHeader parameter. To view the list of header parameters, <a href=\"../docs?path=docs/api-ref-EFX-header.md\" title=\"Click to open\"> click here.</a>","key":"EFXHeader","value":"OrganizationId,<string>,TrnId,<string>,VendorId,<string>,Context,[object Object]"},{"key":"Accept","value":"application/json"}],"method":"PUT","body":{"mode":"raw","raw":"{\n  \"AcctCollateralRelKeys\": {\n    \"AcctKeys\": {\n      \"AcctId\": \"<string>\",\n      \"AcctType\": \"<string>\"\n    },\n    \"CollateralKeys\": {\n      \"CollateralId\": \"<string>\"\n    },\n    \"AcctCollateralRelIdent\": \"<string>\"\n  },\n  \"OvrdExceptionData\": {\n    \"OvrdAutoAckInd\": \"<boolean>\"\n  }\n}","options":{"raw":{"language":"json"}}}},"status":"OK","code":200,"header":[{"key":"Content-Type","value":"application/json"}],"body":"{\n  \"AcctCollateralRelStatusRec\": {\n    \"AcctCollateralRelKeys\": {\n      \"AcctKeys\": {\n        \"AcctId\": \"<string>\",\n        \"AcctType\": \"<string>\"\n      },\n      \"CollateralKeys\": {\n        \"CollateralId\": \"<string>\"\n      },\n      \"AcctCollateralRelIdent\": \"in labore quis in\"\n    },\n    \"AcctCollateralRelStatus\": {\n      \"AcctCollateralRelStatusCode\": \"Deleted\",\n      \"EffDt\": \"6011-20-01\"\n    }\n  },\n  \"Status\": {\n    \"Severity\": \"Info\",\n    \"StatusCode\": \"dol\",\n    \"StatusDesc\": \"aliquip\",\n    \"SvcProviderName\": \"c\",\n    \"Id\": \"do proident\",\n    \"ServerStatusCode\": \"cillum mollit fug\",\n    \"ServerStatusDesc\": \"est in et ex veniam\",\n    \"OvrdExceptionInd\": true,\n    \"SubjectRole\": \"ut dolor cillum \",\n    \"SubjectElement\": [\n      {\n        \"Path\": \"enim incididunt ut\",\n        \"ServerPath\": \"ut eiusmod\",\n        \"Value\": \"aute voluptate\"\n      },\n      {\n        \"Path\": \"ut sunt ullamco dolor do\",\n        \"ServerPath\": \"ullamco mollit enim\",\n        \"Value\": \"voluptate dolore\"\n      }\n    ],\n    \"ContentHTML\": \"proident magna\",\n    \"AdditionalStatus\": [\n      {\n        \"StatusCode\": \"dolor ut\",\n        \"StatusDesc\": \"sint ad\",\n        \"Severity\": \"Warning\",\n        \"SvcProviderName\": \"Duis nostrud dolore sint\",\n        \"ServerStatusCode\": \"dolor\",\n        \"ServerStatusDesc\": \"in sint velit\",\n        \"OvrdExceptionInd\": false,\n        \"SubjectElement\": [\n          {\n            \"Path\": \"id do\",\n            \"ServerPath\": \"proident in in\",\n            \"Value\": \"cupidatat\"\n          },\n          {\n            \"Path\": \"ad qui\",\n            \"ServerPath\": \"magna\",\n            \"Value\": \"anim sit sed\"\n          }\n        ]\n      },\n      {\n        \"StatusCode\": \"eiusmod incidi\",\n        \"StatusDesc\": \"\",\n        \"Severity\": \"Info\",\n        \"SvcProviderName\": \"et ad mollit enim\",\n        \"ServerStatusCode\": \"esse non Excepteu\",\n        \"ServerStatusDesc\": \"qui elit consectetur amet\",\n        \"OvrdExceptionInd\": false,\n        \"SubjectElement\": [\n          {\n            \"Path\": \"in consectetur nostrud\",\n            \"ServerPath\": \"nulla do Excepteur quis sed\",\n            \"Value\": \"magna fugiat velit ad ipsum\"\n          },\n          {\n            \"Path\": \"ut in ea in sunt\",\n            \"ServerPath\": \"pariatur magna\",\n            \"Value\": \"deserunt\"\n          }\n        ]\n      }\n    ]\n  }\n}","cookie":[],"_postman_previewlanguage":"json"},{"id":"946fe172-db8d-4165-a2e2-671ac8e0c749","name":"To view the complete list of response codes, <a href=\"../docs/?path=docs/response-codes.md\" title=\"Click to open\">click here.</a>","originalRequest":{"url":{"path":["acctcollateralrelservice","collateral","accountCollaterals","secured"],"host":["{{baseUrl}}"],"query":[],"variable":[]},"header":[{"disabled":false,"description":"(Required) EFX Header is a common and required component for all API calls, it contains client-related parameters. Please note that the header parameters should be sent as a JSON object under the EFXHeader parameter. To view the list of header parameters, <a href=\"../docs?path=docs/api-ref-EFX-header.md\" title=\"Click to open\"> click here.</a>","key":"EFXHeader","value":"OrganizationId,<string>,TrnId,<string>,VendorId,<string>,Context,[object Object]"},{"key":"Accept","value":"application/json"}],"method":"PUT","body":{"mode":"raw","raw":"{\n  \"AcctCollateralRelKeys\": {\n    \"AcctKeys\": {\n      \"AcctId\": \"<string>\",\n      \"AcctType\": \"<string>\"\n    },\n    \"CollateralKeys\": {\n      \"CollateralId\": \"<string>\"\n    },\n    \"AcctCollateralRelIdent\": \"<string>\"\n  },\n  \"OvrdExceptionData\": {\n    \"OvrdAutoAckInd\": \"<boolean>\"\n  }\n}","options":{"raw":{"language":"json"}}}},"status":"Internal Server Error","code":500,"header":[{"key":"Content-Type","value":"application/json"}],"body":"{\n  \"AcctCollateralRelStatusRec\": {\n    \"AcctCollateralRelKeys\": {\n      \"AcctKeys\": {\n        \"AcctId\": \"<string>\",\n        \"AcctType\": \"<string>\"\n      },\n      \"CollateralKeys\": {\n        \"CollateralId\": \"<string>\"\n      },\n      \"AcctCollateralRelIdent\": \"in labore quis in\"\n    },\n    \"AcctCollateralRelStatus\": {\n      \"AcctCollateralRelStatusCode\": \"Deleted\",\n      \"EffDt\": \"6011-20-01\"\n    }\n  },\n  \"Status\": {\n    \"Severity\": \"Info\",\n    \"StatusCode\": \"dol\",\n    \"StatusDesc\": \"aliquip\",\n    \"SvcProviderName\": \"c\",\n    \"Id\": \"do proident\",\n    \"ServerStatusCode\": \"cillum mollit fug\",\n    \"ServerStatusDesc\": \"est in et ex veniam\",\n    \"OvrdExceptionInd\": true,\n    \"SubjectRole\": \"ut dolor cillum \",\n    \"SubjectElement\": [\n      {\n        \"Path\": \"enim incididunt ut\",\n        \"ServerPath\": \"ut eiusmod\",\n        \"Value\": \"aute voluptate\"\n      },\n      {\n        \"Path\": \"ut sunt ullamco dolor do\",\n        \"ServerPath\": \"ullamco mollit enim\",\n        \"Value\": \"voluptate dolore\"\n      }\n    ],\n    \"ContentHTML\": \"proident magna\",\n    \"AdditionalStatus\": [\n      {\n        \"StatusCode\": \"dolor ut\",\n        \"StatusDesc\": \"sint ad\",\n        \"Severity\": \"Warning\",\n        \"SvcProviderName\": \"Duis nostrud dolore sint\",\n        \"ServerStatusCode\": \"dolor\",\n        \"ServerStatusDesc\": \"in sint velit\",\n        \"OvrdExceptionInd\": false,\n        \"SubjectElement\": [\n          {\n            \"Path\": \"id do\",\n            \"ServerPath\": \"proident in in\",\n            \"Value\": \"cupidatat\"\n          },\n          {\n            \"Path\": \"ad qui\",\n            \"ServerPath\": \"magna\",\n            \"Value\": \"anim sit sed\"\n          }\n        ]\n      },\n      {\n        \"StatusCode\": \"eiusmod incidi\",\n        \"StatusDesc\": \"\",\n        \"Severity\": \"Info\",\n        \"SvcProviderName\": \"et ad mollit enim\",\n        \"ServerStatusCode\": \"esse non Excepteu\",\n        \"ServerStatusDesc\": \"qui elit consectetur amet\",\n        \"OvrdExceptionInd\": false,\n        \"SubjectElement\": [\n          {\n            \"Path\": \"in consectetur nostrud\",\n            \"ServerPath\": \"nulla do Excepteur quis sed\",\n            \"Value\": \"magna fugiat velit ad ipsum\"\n          },\n          {\n            \"Path\": \"ut in ea in sunt\",\n            \"ServerPath\": \"pariatur magna\",\n            \"Value\": \"deserunt\"\n          }\n        ]\n      }\n    ]\n  }\n}","cookie":[],"_postman_previewlanguage":"json"}],"event":[],"protocolProfileBehavior":{"disableBodyPruning":true}},{"id":"a42c7025-ed66-46b0-84dc-e646191bfabf","name":"Get Collateral Account Relationship.","request":{"name":"Get Collateral Account Relationship.","description":{"content":"Get Account Collateral Relationship API retrieves the pledge information for collateral that is linked to a Loan Account (LOAN). <br> <br> To download the API Specifications and Postman Collection, click <a href=\"../docs/?path=docs/resources/resources.md\" title=\"Click to open\">Resources</a>.","type":"text/plain"},"url":{"path":["acctcollateralrelservice","collateral","accountCollaterals","secured"],"host":["{{baseUrl}}"],"query":[],"variable":[]},"header":[{"disabled":false,"description":"(Required) EFX Header is a common and required component for all API calls, it contains client-related parameters. Please note that the header parameters should be sent as a JSON object under the EFXHeader parameter. To view the list of header parameters, <a href=\"../docs?path=docs/api-ref-EFX-header.md\" title=\"Click to open\"> click here.</a>","key":"EFXHeader","value":"OrganizationId,<string>,TrnId,<string>,VendorId,<string>,Context,[object Object]"},{"key":"Content-Type","value":"application/json"},{"key":"Accept","value":"application/json"}],"method":"POST","auth":null,"body":{"mode":"raw","raw":"{\n  \"AcctCollateralRelSel\": {\n    \"AcctCollateralRelKeys\": {\n      \"AcctKeys\": {\n        \"AcctId\": \"<string>\",\n        \"AcctType\": \"<string>\"\n      },\n      \"CollateralKeys\": {\n        \"CollateralId\": \"<string>\"\n      },\n      \"AcctCollateralRelIdent\": \"<string>\"\n    }\n  }\n}","options":{"raw":{"language":"json"}}}},"response":[{"id":"d1e4ab7c-bdaf-4350-b303-2c9e0b60786c","name":"Success","originalRequest":{"url":{"path":["acctcollateralrelservice","collateral","accountCollaterals","secured"],"host":["{{baseUrl}}"],"query":[],"variable":[]},"header":[{"disabled":false,"description":"(Required) EFX Header is a common and required component for all API calls, it contains client-related parameters. Please note that the header parameters should be sent as a JSON object under the EFXHeader parameter. To view the list of header parameters, <a href=\"../docs?path=docs/api-ref-EFX-header.md\" title=\"Click to open\"> click here.</a>","key":"EFXHeader","value":"OrganizationId,<string>,TrnId,<string>,VendorId,<string>,Context,[object Object]"},{"key":"Accept","value":"application/json"}],"method":"POST","body":{"mode":"raw","raw":"{\n  \"AcctCollateralRelSel\": {\n    \"AcctCollateralRelKeys\": {\n      \"AcctKeys\": {\n        \"AcctId\": \"<string>\",\n        \"AcctType\": \"<string>\"\n      },\n      \"CollateralKeys\": {\n        \"CollateralId\": \"<string>\"\n      },\n      \"AcctCollateralRelIdent\": \"<string>\"\n    }\n  }\n}","options":{"raw":{"language":"json"}}}},"status":"OK","code":200,"header":[{"key":"Content-Type","value":"application/json"}],"body":"{\n  \"AcctCollateralRelRec\": [\n    {\n      \"AcctCollateralRelInfo\": {\n        \"CollateralRef\": {\n          \"CollateralKeys\": {\n            \"CollateralId\": {\n              \"value\": \"<Error: Too many levels of nesting to fake this schema>\"\n            }\n          }\n        },\n        \"ExternalAcctData\": \"Excepteur \",\n        \"PledgeRule\": \"OSBalance\",\n        \"CollateralPledgeAmt\": {\n          \"Amt\": 73307842.03888655,\n          \"CurCode\": {\n            \"CurCodeValue\": {\n              \"value\": \"<Error: Too many levels of nesting to fake this schema>\"\n            },\n            \"CurCodeType\": {\n              \"value\": \"<Error: Too many levels of nesting to fake this schema>\"\n            }\n          }\n        },\n        \"MaxPledgeAmt\": {\n          \"Amt\": \"<number>\",\n          \"CurCode\": {\n            \"CurCodeValue\": {\n              \"value\": \"<Error: Too many levels of nesting to fake this schema>\"\n            },\n            \"CurCodeType\": {\n              \"value\": \"<Error: Too many levels of nesting to fake this schema>\"\n            }\n          }\n        },\n        \"PledgePriority\": \"qu\",\n        \"LienPosition\": \"nisi i\",\n        \"PledgeLoanToValuePercent\": -85038848.20714575,\n        \"RetentionDays\": 43078075,\n        \"PledgeRemovalDt\": \"1950-06-24\",\n        \"RestrictedInd\": true\n      },\n      \"AcctCollateralRelKeys\": {\n        \"AcctKeys\": {\n          \"AcctId\": \"<string>\",\n          \"AcctType\": \"<string>\"\n        },\n        \"CollateralKeys\": {\n          \"CollateralId\": \"<string>\"\n        },\n        \"AcctCollateralRelIdent\": \"commodo nisi \"\n      },\n      \"AcctCollateralRelStatus\": {\n        \"AcctCollateralRelStatusCode\": \"Valid\",\n        \"EffDt\": \"0153-22-07\"\n      }\n    },\n    {\n      \"AcctCollateralRelInfo\": {\n        \"CollateralRef\": {\n          \"CollateralKeys\": {\n            \"CollateralId\": {\n              \"value\": \"<Error: Too many levels of nesting to fake this schema>\"\n            }\n          }\n        },\n        \"ExternalAcctData\": \"consectetur culpa\",\n        \"PledgeRule\": \"CollateralValue\",\n        \"CollateralPledgeAmt\": {\n          \"Amt\": -61718701.17426517,\n          \"CurCode\": {\n            \"CurCodeValue\": {\n              \"value\": \"<Error: Too many levels of nesting to fake this schema>\"\n            },\n            \"CurCodeType\": {\n              \"value\": \"<Error: Too many levels of nesting to fake this schema>\"\n            }\n          }\n        },\n        \"MaxPledgeAmt\": {\n          \"Amt\": \"<number>\",\n          \"CurCode\": {\n            \"CurCodeValue\": {\n              \"value\": \"<Error: Too many levels of nesting to fake this schema>\"\n            },\n            \"CurCodeType\": {\n              \"value\": \"<Error: Too many levels of nesting to fake this schema>\"\n            }\n          }\n        },\n        \"PledgePriority\": \"\",\n        \"LienPosition\": \"do l\",\n        \"PledgeLoanToValuePercent\": 33088501.767192066,\n        \"RetentionDays\": 47399245,\n        \"PledgeRemovalDt\": \"1949-09-29\",\n        \"RestrictedInd\": true\n      },\n      \"AcctCollateralRelKeys\": {\n        \"AcctKeys\": {\n          \"AcctId\": \"<string>\",\n          \"AcctType\": \"<string>\"\n        },\n        \"CollateralKeys\": {\n          \"CollateralId\": \"<string>\"\n        },\n        \"AcctCollateralRelIdent\": \"cillum elit\"\n      },\n      \"AcctCollateralRelStatus\": {\n        \"AcctCollateralRelStatusCode\": \"Valid\",\n        \"EffDt\": \"9050-23-67T73:51\"\n      }\n    }\n  ],\n  \"Status\": {\n    \"Severity\": \"Error\",\n    \"StatusCode\": \"ad\",\n    \"StatusDesc\": \"consequat magna cupidatat qui\",\n    \"SvcProviderName\": \"sint enim ullamco sunt veniam\",\n    \"Id\": \"ut aliquip fugiat\",\n    \"ServerStatusCode\": \"sunt ea occaeca\",\n    \"ServerStatusDesc\": \"dolor nulla Lorem\",\n    \"OvrdExceptionInd\": false,\n    \"SubjectRole\": \"aute sed\",\n    \"SubjectElement\": [\n      {\n        \"Path\": \"labore officia reprehenderit\",\n        \"ServerPath\": \"Ut dolor\",\n        \"Value\": \"commodo dolor exercitation veniam\"\n      },\n      {\n        \"Path\": \"in cillum Lorem enim ipsum\",\n        \"ServerPath\": \"ipsum nulla ut id nisi\",\n        \"Value\": \"nostrud Excepteur deserunt proident\"\n      }\n    ],\n    \"ContentHTML\": \"esse elit nostrud\",\n    \"AdditionalStatus\": [\n      {\n        \"StatusCode\": \"eiusmod do\",\n        \"StatusDesc\": \"incididunt occaecat dolore amet\",\n        \"Severity\": \"Error\",\n        \"SvcProviderName\": \"enim proident\",\n        \"ServerStatusCode\": \"dolor eu sit\",\n        \"ServerStatusDesc\": \"magna ea pariatur voluptate do\",\n        \"OvrdExceptionInd\": true,\n        \"SubjectElement\": [\n          {\n            \"Path\": \"quis pariatur officia Excepteur\",\n            \"ServerPath\": \"id tempor\",\n            \"Value\": \"magna minim dolor\"\n          },\n          {\n            \"Path\": \"dolor\",\n            \"ServerPath\": \"ullamco aliqua veniam culpa nostrud\",\n            \"Value\": \"do aliquip officia\"\n          }\n        ]\n      },\n      {\n        \"StatusCode\": \"ad\",\n        \"StatusDesc\": \"cillum anim elit\",\n        \"Severity\": \"Warning\",\n        \"SvcProviderName\": \"nostrud incididunt velit officia sint\",\n        \"ServerStatusCode\": \"in commodo occaecat\",\n        \"ServerStatusDesc\": \"culpa\",\n        \"OvrdExceptionInd\": true,\n        \"SubjectElement\": [\n          {\n            \"Path\": \"velit\",\n            \"ServerPath\": \"nostrud\",\n            \"Value\": \"in consectetur consequat occaecat aute\"\n          },\n          {\n            \"Path\": \"Lorem dolore proiden\",\n            \"ServerPath\": \"nostrud eiusmod occaecat\",\n            \"Value\": \"laborum sint\"\n          }\n        ]\n      }\n    ]\n  },\n  \"OvrdExceptionData\": {\n    \"OvrdAutoAckInd\": \"<boolean>\"\n  }\n}","cookie":[],"_postman_previewlanguage":"json"},{"id":"6c08f1ec-77ec-4560-893c-eef92a00a218","name":"To view the complete list of response codes, <a href=\"../docs/?path=docs/response-codes.md\" title=\"Click to open\">click here.</a>","originalRequest":{"url":{"path":["acctcollateralrelservice","collateral","accountCollaterals","secured"],"host":["{{baseUrl}}"],"query":[],"variable":[]},"header":[{"disabled":false,"description":"(Required) EFX Header is a common and required component for all API calls, it contains client-related parameters. Please note that the header parameters should be sent as a JSON object under the EFXHeader parameter. To view the list of header parameters, <a href=\"../docs?path=docs/api-ref-EFX-header.md\" title=\"Click to open\"> click here.</a>","key":"EFXHeader","value":"OrganizationId,<string>,TrnId,<string>,VendorId,<string>,Context,[object Object]"},{"key":"Accept","value":"application/json"}],"method":"POST","body":{"mode":"raw","raw":"{\n  \"AcctCollateralRelSel\": {\n    \"AcctCollateralRelKeys\": {\n      \"AcctKeys\": {\n        \"AcctId\": \"<string>\",\n        \"AcctType\": \"<string>\"\n      },\n      \"CollateralKeys\": {\n        \"CollateralId\": \"<string>\"\n      },\n      \"AcctCollateralRelIdent\": \"<string>\"\n    }\n  }\n}","options":{"raw":{"language":"json"}}}},"status":"Internal Server Error","code":500,"header":[{"key":"Content-Type","value":"application/json"}],"body":"{\n  \"AcctCollateralRelRec\": [\n    {\n      \"AcctCollateralRelInfo\": {\n        \"CollateralRef\": {\n          \"CollateralKeys\": {\n            \"CollateralId\": {\n              \"value\": \"<Error: Too many levels of nesting to fake this schema>\"\n            }\n          }\n        },\n        \"ExternalAcctData\": \"e\",\n        \"PledgeRule\": \"CollateralValue\",\n        \"CollateralPledgeAmt\": {\n          \"Amt\": -24152742.61697218,\n          \"CurCode\": {\n            \"CurCodeValue\": {\n              \"value\": \"<Error: Too many levels of nesting to fake this schema>\"\n            },\n            \"CurCodeType\": {\n              \"value\": \"<Error: Too many levels of nesting to fake this schema>\"\n            }\n          }\n        },\n        \"MaxPledgeAmt\": {\n          \"Amt\": \"<number>\",\n          \"CurCode\": {\n            \"CurCodeValue\": {\n              \"value\": \"<Error: Too many levels of nesting to fake this schema>\"\n            },\n            \"CurCodeType\": {\n              \"value\": \"<Error: Too many levels of nesting to fake this schema>\"\n            }\n          }\n        },\n        \"PledgePriority\": \"occ\",\n        \"LienPosition\": \"consecte\",\n        \"PledgeLoanToValuePercent\": 97032420.40051427,\n        \"RetentionDays\": 35887909,\n        \"PledgeRemovalDt\": \"2015-08-29\",\n        \"RestrictedInd\": false\n      },\n      \"AcctCollateralRelKeys\": {\n        \"AcctKeys\": {\n          \"AcctId\": \"<string>\",\n          \"AcctType\": \"<string>\"\n        },\n        \"CollateralKeys\": {\n          \"CollateralId\": \"<string>\"\n        },\n        \"AcctCollateralRelIdent\": \"eiusm\"\n      },\n      \"AcctCollateralRelStatus\": {\n        \"AcctCollateralRelStatusCode\": \"Valid\",\n        \"EffDt\": \"8106-21-25\"\n      }\n    },\n    {\n      \"AcctCollateralRelInfo\": {\n        \"CollateralRef\": {\n          \"CollateralKeys\": {\n            \"CollateralId\": {\n              \"value\": \"<Error: Too many levels of nesting to fake this schema>\"\n            }\n          }\n        },\n        \"ExternalAcctData\": \"Lorem et nulla Excepteur proident\",\n        \"PledgeRule\": \"CollateralValue\",\n        \"CollateralPledgeAmt\": {\n          \"Amt\": -47750259.316425756,\n          \"CurCode\": {\n            \"CurCodeValue\": {\n              \"value\": \"<Error: Too many levels of nesting to fake this schema>\"\n            },\n            \"CurCodeType\": {\n              \"value\": \"<Error: Too many levels of nesting to fake this schema>\"\n            }\n          }\n        },\n        \"MaxPledgeAmt\": {\n          \"Amt\": \"<number>\",\n          \"CurCode\": {\n            \"CurCodeValue\": {\n              \"value\": \"<Error: Too many levels of nesting to fake this schema>\"\n            },\n            \"CurCodeType\": {\n              \"value\": \"<Error: Too many levels of nesting to fake this schema>\"\n            }\n          }\n        },\n        \"PledgePriority\": \"i\",\n        \"LienPosition\": \"\",\n        \"PledgeLoanToValuePercent\": -23198276.06004238,\n        \"RetentionDays\": -45934940,\n        \"PledgeRemovalDt\": \"1964-07-20\",\n        \"RestrictedInd\": false\n      },\n      \"AcctCollateralRelKeys\": {\n        \"AcctKeys\": {\n          \"AcctId\": \"<string>\",\n          \"AcctType\": \"<string>\"\n        },\n        \"CollateralKeys\": {\n          \"CollateralId\": \"<string>\"\n        },\n        \"AcctCollateralRelIdent\": \"culpa elit\"\n      },\n      \"AcctCollateralRelStatus\": {\n        \"AcctCollateralRelStatusCode\": \"Valid\",\n        \"EffDt\": \"3054-13-69\"\n      }\n    }\n  ],\n  \"Status\": {\n    \"Severity\": \"Info\",\n    \"StatusCode\": \"c\",\n    \"StatusDesc\": \"fugiat amet ullamco\",\n    \"SvcProviderName\": \"reprehenderit in\",\n    \"Id\": \"labore laborum\",\n    \"ServerStatusCode\": \"offic\",\n    \"ServerStatusDesc\": \"elit sint nisi\",\n    \"OvrdExceptionInd\": true,\n    \"SubjectRole\": \"amet elit cillum\",\n    \"SubjectElement\": [\n      {\n        \"Path\": \"aliquip id eu\",\n        \"ServerPath\": \"aute\",\n        \"Value\": \"aliqua ex ut\"\n      },\n      {\n        \"Path\": \"ea et Lorem esse\",\n        \"ServerPath\": \"elit adipisicing\",\n        \"Value\": \"dolore in do deserunt\"\n      }\n    ],\n    \"ContentHTML\": \"non\",\n    \"AdditionalStatus\": [\n      {\n        \"StatusCode\": \"Duis sed\",\n        \"StatusDesc\": \"in\",\n        \"Severity\": \"Error\",\n        \"SvcProviderName\": \"nulla veniam deserunt\",\n        \"ServerStatusCode\": \"ullamco \",\n        \"ServerStatusDesc\": \"aliquip deserunt voluptate fugiat\",\n        \"OvrdExceptionInd\": false,\n        \"SubjectElement\": [\n          {\n            \"Path\": \"incididunt voluptate tempor\",\n            \"ServerPath\": \"aute voluptate\",\n            \"Value\": \"irure aute\"\n          },\n          {\n            \"Path\": \"officia ad\",\n            \"ServerPath\": \"nisi enim aliqua incididunt\",\n            \"Value\": \"laboris amet in officia\"\n          }\n        ]\n      },\n      {\n        \"StatusCode\": \"incididun\",\n        \"StatusDesc\": \"enim tempor ea dolore sunt\",\n        \"Severity\": \"Warning\",\n        \"SvcProviderName\": \"nulla ut dolor fugiat\",\n        \"ServerStatusCode\": \"dolor incididunt\",\n        \"ServerStatusDesc\": \"veniam culpa\",\n        \"OvrdExceptionInd\": false,\n        \"SubjectElement\": [\n          {\n            \"Path\": \"esse officia consequ\",\n            \"ServerPath\": \"pariatur ex minim Lorem consequat\",\n            \"Value\": \"est\"\n          },\n          {\n            \"Path\": \"laboris pariatur proident elit\",\n            \"ServerPath\": \"ullamco aliqua\",\n            \"Value\": \"aute voluptate deserunt\"\n          }\n        ]\n      }\n    ]\n  },\n  \"OvrdExceptionData\": {\n    \"OvrdAutoAckInd\": \"<boolean>\"\n  }\n}","cookie":[],"_postman_previewlanguage":"json"}],"event":[],"protocolProfileBehavior":{"disableBodyPruning":true}}],"event":[]}],"event":[]}],"event":[],"variable":[{"type":"string","value":"/","key":"baseUrl"}],"info":{"_postman_id":"878a45bb-444a-43f8-ba84-61dcb2ba0640","name":"Account Collateral Service","schema":"https://schema.getpostman.com/json/collection/v2.1.0/collection.json","description":{"content":"Account collateral relationship service provides operation to manage the relationship between a loan account and collateral record.","type":"text/plain"}}}