{"item":[{"id":"d644e5af-4eff-465d-904b-bdaeb5598df4","name":"Update Account.","request":{"name":"Update Account.","description":{"content":"Update Account API modifies the account details, such as overdraft, float, service charge address and so on. <br> <br> To download the API Specifications and Postman Collection, click <a href=\"../docs/?path=docs/resources/resources.md\" title=\"Click to open\">Resources</a>.","type":"text/plain"},"url":{"path":["acctservice","acctmgmt","accounts"],"host":["{{baseUrl}}"],"query":[],"variable":[]},"header":[{"disabled":false,"description":"(Required) EFX Header is a common and required component for all API calls, it contains client-related parameters. Please note that the header parameters should be sent as a JSON object under the EFXHeader parameter. To view the list of header parameters, <a href=\"../docs?path=docs/api-ref-EFX-header.md\" title=\"Click to open\"> click here.</a>","key":"EFXHeader","value":"OrganizationId,<string>,TrnId,<string>,VendorId,<string>,Context,[object Object]"},{"key":"Content-Type","value":"application/json"},{"key":"Accept","value":"application/json"}],"method":"PUT","auth":null,"body":{"mode":"raw","raw":"{\n  \"AcctKeys\": {\n    \"AcctId\": \"<string>\",\n    \"AcctType\": \"<string>\"\n  },\n  \"OvrdExceptionData\": {\n    \"OvrdAutoAckInd\": \"<boolean>\"\n  }\n}","options":{"raw":{"language":"json"}}}},"response":[{"id":"18e2b22d-e0b0-4a50-bde1-4b3a7a3dfbb1","name":"Created","originalRequest":{"url":{"path":["acctservice","acctmgmt","accounts"],"host":["{{baseUrl}}"],"query":[],"variable":[]},"header":[{"disabled":false,"description":"(Required) EFX Header is a common and required component for all API calls, it contains client-related parameters. Please note that the header parameters should be sent as a JSON object under the EFXHeader parameter. To view the list of header parameters, <a href=\"../docs?path=docs/api-ref-EFX-header.md\" title=\"Click to open\"> click here.</a>","key":"EFXHeader","value":"OrganizationId,<string>,TrnId,<string>,VendorId,<string>,Context,[object Object]"},{"key":"Accept","value":"application/json"}],"method":"PUT","body":{"mode":"raw","raw":"{\n  \"AcctKeys\": {\n    \"AcctId\": \"<string>\",\n    \"AcctType\": \"<string>\"\n  },\n  \"OvrdExceptionData\": {\n    \"OvrdAutoAckInd\": \"<boolean>\"\n  }\n}","options":{"raw":{"language":"json"}}}},"status":"Created","code":201,"header":[{"key":"Content-Type","value":"application/json"}],"body":"{\n  \"AcctStatusRec\": {\n    \"AcctKeys\": {\n      \"AcctId\": \"amet\",\n      \"AcctType\": \"DDA\"\n    },\n    \"AcctStatus\": {\n      \"AcctStatusCode\": \"Valid\",\n      \"EffDt\": \"2007-38-70\"\n    }\n  },\n  \"Status\": {\n    \"Severity\": \"Error\",\n    \"StatusCode\": \"velit \",\n    \"StatusDesc\": \"sunt tempor laboris nulla\",\n    \"SvcProviderName\": \"Duis est ea voluptate ut\",\n    \"Id\": \"incididunt nostrud aute sint\",\n    \"ServerStatusCode\": \"Excepte\",\n    \"ServerStatusDesc\": \"nostrud\",\n    \"OvrdExceptionInd\": false,\n    \"SubjectRole\": \"id fugiat\",\n    \"SubjectElement\": [\n      {\n        \"Path\": \"fugiat velit eu adipisicing\",\n        \"ServerPath\": \"ad sed laboris aliquip proident\",\n        \"Value\": \"est deserunt\"\n      },\n      {\n        \"Path\": \"ullamco incididunt voluptate tempor est\",\n        \"ServerPath\": \"do dolore Lorem et\",\n        \"Value\": \"anim sunt\"\n      }\n    ],\n    \"ContentHTML\": \"laborum Excepteur esse voluptate\",\n    \"AdditionalStatus\": [\n      {\n        \"StatusCode\": \"ut consectet\",\n        \"StatusDesc\": \"Ut laboris Duis incididunt\",\n        \"Severity\": \"Warning\",\n        \"SvcProviderName\": \"aliquip Lorem nostrud nisi\",\n        \"ServerStatusCode\": \"enim\",\n        \"ServerStatusDesc\": \"esse aliquip\",\n        \"OvrdExceptionInd\": false,\n        \"SubjectElement\": [\n          {\n            \"Path\": \"anim Ut ut pariatur enim\",\n            \"ServerPath\": \"sit\",\n            \"Value\": \"aute ut\"\n          },\n          {\n            \"Path\": \"ipsum tempor sed in\",\n            \"ServerPath\": \"reprehenderit sint dolore ea\",\n            \"Value\": \"reprehenderit tempor do cupidatat\"\n          }\n        ]\n      },\n      {\n        \"StatusCode\": \"in ullamco\",\n        \"StatusDesc\": \"consectetur fugiat mollit aliqua consequat\",\n        \"Severity\": \"Error\",\n        \"SvcProviderName\": \"fugiat in id non\",\n        \"ServerStatusCode\": \"sed tempor do\",\n        \"ServerStatusDesc\": \"ex Lorem\",\n        \"OvrdExceptionInd\": true,\n        \"SubjectElement\": [\n          {\n            \"Path\": \"fugiat magna\",\n            \"ServerPath\": \"non\",\n            \"Value\": \"reprehenderit dolore et aliquip\"\n          },\n          {\n            \"Path\": \"nisi minim pariatur Excepteur aute\",\n            \"ServerPath\": \"ipsum qui\",\n            \"Value\": \"tempor in\"\n          }\n        ]\n      }\n    ]\n  }\n}","cookie":[],"_postman_previewlanguage":"json"},{"id":"766bf046-9f63-47aa-841c-c266d106a7d4","name":"To view the complete list of response codes, <a href=\"../docs/?path=docs/response-codes.md\" title=\"Click to open\">click here.</a>","originalRequest":{"url":{"path":["acctservice","acctmgmt","accounts"],"host":["{{baseUrl}}"],"query":[],"variable":[]},"header":[{"disabled":false,"description":"(Required) EFX Header is a common and required component for all API calls, it contains client-related parameters. Please note that the header parameters should be sent as a JSON object under the EFXHeader parameter. To view the list of header parameters, <a href=\"../docs?path=docs/api-ref-EFX-header.md\" title=\"Click to open\"> click here.</a>","key":"EFXHeader","value":"OrganizationId,<string>,TrnId,<string>,VendorId,<string>,Context,[object Object]"},{"key":"Accept","value":"application/json"}],"method":"PUT","body":{"mode":"raw","raw":"{\n  \"AcctKeys\": {\n    \"AcctId\": \"<string>\",\n    \"AcctType\": \"<string>\"\n  },\n  \"OvrdExceptionData\": {\n    \"OvrdAutoAckInd\": \"<boolean>\"\n  }\n}","options":{"raw":{"language":"json"}}}},"status":"Internal Server Error","code":500,"header":[{"key":"Content-Type","value":"application/json"}],"body":"{\n  \"AcctStatusRec\": {\n    \"AcctKeys\": {\n      \"AcctId\": \"amet a\",\n      \"AcctType\": \"DDA\"\n    },\n    \"AcctStatus\": {\n      \"AcctStatusCode\": \"Valid\",\n      \"EffDt\": \"3297-84-60T20:00:08\"\n    }\n  },\n  \"Status\": {\n    \"Severity\": \"Warning\",\n    \"StatusCode\": \"sed ad non\",\n    \"StatusDesc\": \"velit sed proident mag\",\n    \"SvcProviderName\": \"ad sint ipsum\",\n    \"Id\": \"nostrud nisi reprehenderit\",\n    \"ServerStatusCode\": \"culpa\",\n    \"ServerStatusDesc\": \"id\",\n    \"OvrdExceptionInd\": false,\n    \"SubjectRole\": \"occa\",\n    \"SubjectElement\": [\n      {\n        \"Path\": \"ut tempor ut laboris\",\n        \"ServerPath\": \"aliqua nulla\",\n        \"Value\": \"labore veniam\"\n      },\n      {\n        \"Path\": \"laboris\",\n        \"ServerPath\": \"labore esse minim sit\",\n        \"Value\": \"Lorem ad qui Ex\"\n      }\n    ],\n    \"ContentHTML\": \"officia et\",\n    \"AdditionalStatus\": [\n      {\n        \"StatusCode\": \"occaecat\",\n        \"StatusDesc\": \"ea in in\",\n        \"Severity\": \"Info\",\n        \"SvcProviderName\": \"magna irure enim eiusmod\",\n        \"ServerStatusCode\": \"laborum Duis ut cil\",\n        \"ServerStatusDesc\": \"deserunt in exercitation pariatur\",\n        \"OvrdExceptionInd\": false,\n        \"SubjectElement\": [\n          {\n            \"Path\": \"anim dolor veniam in\",\n            \"ServerPath\": \"in non Ut\",\n            \"Value\": \"ullamco eu minim ad\"\n          },\n          {\n            \"Path\": \"occaecat commodo ut\",\n            \"ServerPath\": \"in pariatur est nisi tempor\",\n            \"Value\": \"dolor sit\"\n          }\n        ]\n      },\n      {\n        \"StatusCode\": \"officia s\",\n        \"StatusDesc\": \"aut\",\n        \"Severity\": \"Warning\",\n        \"SvcProviderName\": \"tempor aliqua irure officia\",\n        \"ServerStatusCode\": \"moll\",\n        \"ServerStatusDesc\": \"culpa deserunt magna quis\",\n        \"OvrdExceptionInd\": false,\n        \"SubjectElement\": [\n          {\n            \"Path\": \"eu sed consectetur nulla ex\",\n            \"ServerPath\": \"dolore consectetur enim\",\n            \"Value\": \"magna\"\n          },\n          {\n            \"Path\": \"incididunt nulla \",\n            \"ServerPath\": \"irure fugiat ut incididunt\",\n            \"Value\": \"sed consectetur adipisicing\"\n          }\n        ]\n      }\n    ]\n  }\n}","cookie":[],"_postman_previewlanguage":"json"}],"event":[],"protocolProfileBehavior":{"disableBodyPruning":true}}],"event":[],"variable":[{"type":"string","value":"/","key":"baseUrl"}],"info":{"_postman_id":"4529ba4a-d209-4a3b-941d-9ea9fffa68f6","name":"Account Service","schema":"https://schema.getpostman.com/json/collection/v2.1.0/collection.json","description":{"content":"The account service helps to create and manage product accounts serviced by the financial institutions. It is also used to retrieve information about the existing accounts and maintain information of new accounts.","type":"text/plain"}}}