{"item":[{"id":"1f5f443f-149e-4283-972a-20da83a79855","name":"Get Accounts.","request":{"name":"Get Accounts.","description":{"content":"Retrieves account-related information of the existing Checking, Savings, CD or Loan account records.<br>\n        For more information about the Accounts domain, <a href=\"../docs/?path=docs/fintechs/accounts.md\" title=\"Click to open\">click here.</a><br><br>\n        <b>Relates to:</b>\n          <ul> \n            <li><a href=\"../docs/?path=docs/banks-and-CU/deposits.md\" title=\"Click to open\">Deposits</a></li>\n            <li><a href=\"../docs/?path=docs/banks-and-CU/loans.md\" title=\"Click to open\">Loans</a></li>\n            <li><a href=\"../docs/?path=docs/banks-and-CU/bank-servicing.md\" title=\"Click to open\">Bank Servicing</a></li>\n            <li><a href=\"../docs/?path=docs/banks-and-CU/cash-mgt.md\" title=\"Click to open\">Cash Management</a></li>\n            <li><a href=\"../docs/?path=docs/banks-and-CU/treasury-services.md\" title=\"Click to open\">Treasury Services</a></li>\n            <li><a href=\"../docs/?path=docs/banks-and-CU/riskMgt.md\" title=\"Click to open\">Risk and Performance Management</a></li>\n          </ul>","type":"text/plain"},"url":{"path":["acctservice","acctmgmt","accounts","secured"],"host":["{{baseUrl}}"],"query":[],"variable":[]},"header":[{"disabled":false,"description":"(Required) EFX Header is a common and required component for all API calls, it contains client-related parameters. Please note that the header parameters should be sent as a JSON object under the EFXHeader parameter. To view the list of header parameters, <a href=\"../docs?path=docs/api-ref-EFX-header.md\" title=\"Click to open\"> click here.</a>","key":"EFXHeader","value":"OrganizationId,<string>,TrnId,<string>,VendorId,<string>,Context,[object Object]"},{"key":"Content-Type","value":"application/json"},{"key":"Accept","value":"application/json"}],"method":"POST","auth":null,"body":{"mode":"raw","raw":"{\n  \"AcctSel\": {\n    \"AcctKeys\": {\n      \"AcctId\": \"<string>\",\n      \"AcctType\": \"<string>\"\n    }\n  }\n}","options":{"raw":{"language":"json"}}}},"response":[{"id":"42ecdf7e-f26a-4ca3-b2c0-09c01ffa3ee0","name":"Success","originalRequest":{"url":{"path":["acctservice","acctmgmt","accounts","secured"],"host":["{{baseUrl}}"],"query":[],"variable":[]},"header":[{"disabled":false,"description":"(Required) EFX Header is a common and required component for all API calls, it contains client-related parameters. Please note that the header parameters should be sent as a JSON object under the EFXHeader parameter. To view the list of header parameters, <a href=\"../docs?path=docs/api-ref-EFX-header.md\" title=\"Click to open\"> click here.</a>","key":"EFXHeader","value":"OrganizationId,<string>,TrnId,<string>,VendorId,<string>,Context,[object Object]"},{"key":"Accept","value":"application/json"}],"method":"POST","body":{"mode":"raw","raw":"{\n  \"AcctSel\": {\n    \"AcctKeys\": {\n      \"AcctId\": \"<string>\",\n      \"AcctType\": \"<string>\"\n    }\n  }\n}","options":{"raw":{"language":"json"}}}},"status":"OK","code":200,"header":[{"key":"Content-Type","value":"application/json"}],"body":"{\n  \"AcctRec\": {\n    \"AcctKeys\": {\n      \"AcctId\": \"proident\",\n      \"AcctType\": \"ILA\"\n    },\n    \"AcctStatus\": {\n      \"AcctStatusCode\": \"Valid\",\n      \"EffDt\": \"8688-80-38T17:56:81.718\"\n    },\n    \"LoanAcctInfo\": {\n      \"GoodThruDt\": \"1954-01-24\",\n      \"AcctDtlStatus\": \"Delinquent\",\n      \"AcctDtlStatusEnumDesc\": \"dolore laboris Duis\",\n      \"ProductIdent\": \"dolor\",\n      \"InitialAmount\": {\n        \"Amt\": -37734773.9023298\n      },\n      \"OpenDt\": \"1985-02-09\",\n      \"Term\": {\n        \"TermUnits\": \"Months\",\n        \"Count\": -53202132\n      },\n      \"MaturityDt\": \"1994-10-01\",\n      \"DateData\": [\n        {\n          \"DateType\": \"Accrual\",\n          \"DateTypeEnumDesc\": \"est dol\"\n        },\n        {\n          \"DateType\": \"ChargeOff\",\n          \"DateTypeEnumDesc\": \"ut nostrud minim e\"\n        }\n      ],\n      \"RelationshipMgr\": [\n        {\n          \"RelationshipMgrIdent\": \"in aliquip nulla ex\",\n          \"RelationshipMgrIdentEnumDesc\": \"amet aliquip consectet\",\n          \"RelationshipRole\": \"Officer\",\n          \"RelationshipRoleEnumDesc\": \"labore laboris\"\n        },\n        {\n          \"RelationshipMgrIdent\": \"labore\",\n          \"RelationshipMgrIdentEnumDesc\": \"tempor laborum magna\",\n          \"RelationshipRole\": \"Officer\",\n          \"RelationshipRoleEnumDesc\": \"Duis\"\n        }\n      ],\n      \"OriginatingBranch\": \"esse amet\",\n      \"OriginatingBranchEnumDesc\": \"in ullamco aute do\",\n      \"AcctTitleOption\": \"tempor\",\n      \"OEDCode\": \"minim culpa\",\n      \"OEDCodeEnumDesc\": \"consequat sunt adip\",\n      \"EmployeeInd\": true,\n      \"NoticeData\": [\n        {\n          \"NoticeType\": \"et commodo qui magna\"\n        },\n        {\n          \"NoticeType\": \"cupidatat dolor non\"\n        }\n      ],\n      \"Rate\": 51722262.16440517,\n      \"EffectiveRate\": 41847548.23038569,\n      \"IntRateData\": {\n        \"AccrualMethod\": \"aliquip irure in\"\n      },\n      \"AcctBal\": [\n        {\n          \"BalType\": \"PastDue\",\n          \"CurAmt\": {\n            \"Amt\": {\n              \"value\": \"<Error: Too many levels of nesting to fake this schema>\"\n            }\n          },\n          \"BalTypeEnumDesc\": \"ullamco commodo\"\n        },\n        {\n          \"BalType\": \"DeferredLateFee\",\n          \"CurAmt\": {\n            \"Amt\": {\n              \"value\": \"<Error: Too many levels of nesting to fake this schema>\"\n            }\n          },\n          \"BalTypeEnumDesc\": \"anim dolore\"\n        }\n      ],\n      \"AcctPeriodData\": [\n        {\n          \"AcctAmtType\": \"DelqCycle4\",\n          \"AcctAmtTypeEnumDesc\": \"culpa tempor enim\",\n          \"AcctPeriodType\": \"PriorYr\",\n          \"AcctPeriodTypeEnumDesc\": \"nisi esse adipisicing\",\n          \"Amt\": -95772955.3963218,\n          \"Count\": -91273214\n        },\n        {\n          \"AcctAmtType\": \"LateFeeAssessed LateFeeEarned\",\n          \"AcctAmtTypeEnumDesc\": \"aliquip incididunt ipsum culpa\",\n          \"AcctPeriodType\": \"LTD\",\n          \"AcctPeriodTypeEnumDesc\": \"culpa ipsum\",\n          \"Amt\": -79047681.31188646,\n          \"Count\": -7305552\n        }\n      ],\n      \"Fee\": [\n        {\n          \"FeeCalcOption\": \"commodo esse\",\n          \"CurAmt\": {\n            \"Amt\": {\n              \"value\": \"<Error: Too many levels of nesting to fake this schema>\"\n            }\n          },\n          \"BalPercent\": -15144345.273825526\n        },\n        {\n          \"FeeCalcOption\": \"deserunt nulla elit fugiat\",\n          \"CurAmt\": {\n            \"Amt\": {\n              \"value\": \"<Error: Too many levels of nesting to fake this schema>\"\n            }\n          },\n          \"BalPercent\": 49747326.33852357\n        }\n      ],\n      \"CreditRisk\": [\n        {\n          \"RiskCategory\": \"RiskScore2\",\n          \"InternalScore\": \"eu dolor\"\n        },\n        {\n          \"RiskCategory\": \"RiskScore2\",\n          \"InternalScore\": \"est dolor voluptate in\"\n        }\n      ],\n      \"RestrictedInd\": false,\n      \"SoldPercent\": 41103222.38771102,\n      \"OriginationDt\": \"1968-11-19\",\n      \"LastRenewalDt\": \"1964-11-19\",\n      \"Freq\": \"Quarterly\",\n      \"CollateralCode\": \"qui exercitation\",\n      \"CollateralCodeEnumDesc\": \"laborum eiusmod\",\n      \"Insurance\": [\n        {\n          \"InsuranceType\": \"sit eu dolore nulla\"\n        },\n        {\n          \"InsuranceType\": \"sed commodo elit minim\"\n        }\n      ],\n      \"CreditLineCycle\": 47706661,\n      \"LoanBilling\": {\n        \"BillingMethod\": \"BillingNotice\",\n        \"BillingMethodEnumDesc\": \"sint labor\",\n        \"LOCPaymentMethodEnumDesc\": \"nisi laborum et amet ad\",\n        \"FromAcctKeys\": {\n          \"AcctId\": \"ut exercitation laborum incididunt\"\n        }\n      },\n      \"TotalPmtCount\": -29772612,\n      \"RegPmt\": {\n        \"PmtCompositeAmt\": [\n          {\n            \"CurAmt\": {\n              \"value\": \"<Error: Too many levels of nesting to fake this schema>\"\n            },\n            \"CompositeCurAmtType\": {\n              \"value\": \"<Error: Too many levels of nesting to fake this schema>\"\n            },\n            \"CompositeCurAmtTypeEnumDesc\": {\n              \"value\": \"<Error: Too many levels of nesting to fake this schema>\"\n            }\n          },\n          {\n            \"CurAmt\": {\n              \"value\": \"<Error: Too many levels of nesting to fake this schema>\"\n            },\n            \"CompositeCurAmtType\": {\n              \"value\": \"<Error: Too many levels of nesting to fake this schema>\"\n            },\n            \"CompositeCurAmtTypeEnumDesc\": {\n              \"value\": \"<Error: Too many levels of nesting to fake this schema>\"\n            }\n          }\n        ]\n      },\n      \"PmtSched\": [\n        {\n          \"PmtAmtOption\": \"Irregular\"\n        },\n        {\n          \"PmtAmtOption\": \"Irregular\"\n        }\n      ],\n      \"LateFee\": {\n        \"GraceDays\": -67759155\n      },\n      \"NextPmt\": {\n        \"PmtCompositeAmt\": [\n          {\n            \"CurAmt\": {\n              \"value\": \"<Error: Too many levels of nesting to fake this schema>\"\n            },\n            \"CompositeCurAmtType\": {\n              \"value\": \"<Error: Too many levels of nesting to fake this schema>\"\n            },\n            \"CompositeCurAmtTypeEnumDesc\": {\n              \"value\": \"<Error: Too many levels of nesting to fake this schema>\"\n            }\n          },\n          {\n            \"CurAmt\": {\n              \"value\": \"<Error: Too many levels of nesting to fake this schema>\"\n            },\n            \"CompositeCurAmtType\": {\n              \"value\": \"<Error: Too many levels of nesting to fake this schema>\"\n            },\n            \"CompositeCurAmtTypeEnumDesc\": {\n              \"value\": \"<Error: Too many levels of nesting to fake this schema>\"\n            }\n          }\n        ],\n        \"PmtDt\": \"1944-06-22\"\n      },\n      \"LastPmt\": {\n        \"PmtDt\": \"1986-06-28\"\n      },\n      \"NonAccrualInd\": true,\n      \"PmtPostingRestrictions\": {\n        \"RestrictionReasonCode\": \"aliquip veniam\"\n      },\n      \"Dealer\": [\n        {\n          \"DealerIdent\": \"et Lorem laborum\",\n          \"DealerReserveAmt\": {\n            \"Amt\": {\n              \"value\": \"<Error: Too many levels of nesting to fake this schema>\"\n            }\n          }\n        },\n        {\n          \"DealerIdent\": \"minim in\",\n          \"DealerReserveAmt\": {\n            \"Amt\": {\n              \"value\": \"<Error: Too many levels of nesting to fake this schema>\"\n            }\n          }\n        }\n      ],\n      \"LOCAdvance\": {\n        \"LimitAmt\": {\n          \"Amt\": 25501556.86577478\n        }\n      },\n      \"IncYearEndReportCode\": \"HistStmt\",\n      \"HomeMortgageDisclosure\": {\n        \"MortgageType\": \"esse\",\n        \"PropertyType\": \"dolor proid\",\n        \"PurposeCode\": \"sint\"\n      },\n      \"CreditBureauAcctData\": {\n        \"BureauStatus\": \"mollit\"\n      }\n    }\n  },\n  \"Status\": {\n    \"Severity\": \"Error\",\n    \"StatusCode\": \"la\",\n    \"StatusDesc\": \"ea ad\",\n    \"SvcProviderName\": \"proident qui\",\n    \"Id\": \"et sed proident ea\",\n    \"ServerStatusCode\": \"irure commod\",\n    \"ServerStatusDesc\": \"ullamco dolore\",\n    \"OvrdExceptionInd\": true,\n    \"SubjectRole\": \"aute cillum\",\n    \"SubjectElement\": [\n      {\n        \"Path\": \"dolor nostrud in sunt Ut\",\n        \"ServerPath\": \"cupidatat\",\n        \"Value\": \"officia eiusmod enim\"\n      },\n      {\n        \"Path\": \"officia proident reprehenderit sit esse\",\n        \"ServerPath\": \"anim qui irure nostrud\",\n        \"Value\": \"dolore\"\n      }\n    ],\n    \"ContentHTML\": \"quis ex Lorem\",\n    \"AdditionalStatus\": [\n      {\n        \"StatusCode\": \"elit nost\",\n        \"StatusDesc\": \"sed ad consectetur\",\n        \"Severity\": \"Info\",\n        \"SvcProviderName\": \"sed enim exercitation dolor incididunt\",\n        \"ServerStatusCode\": \"anim cu\",\n        \"ServerStatusDesc\": \"sit do officia Ut\",\n        \"OvrdExceptionInd\": false,\n        \"SubjectElement\": [\n          {\n            \"Path\": \"dolor anim laborum Lorem ullamco\",\n            \"ServerPath\": \"enim dolor\",\n            \"Value\": \"in sed\"\n          },\n          {\n            \"Path\": \"qui tempor amet\",\n            \"ServerPath\": \"incididunt ad laboris Lore\",\n            \"Value\": \"culpa elit incididunt\"\n          }\n        ]\n      },\n      {\n        \"StatusCode\": \"do\",\n        \"StatusDesc\": \"ut ad quis\",\n        \"Severity\": \"Warning\",\n        \"SvcProviderName\": \"co\",\n        \"ServerStatusCode\": \"ad\",\n        \"ServerStatusDesc\": \"eiusmod ut\",\n        \"OvrdExceptionInd\": true,\n        \"SubjectElement\": [\n          {\n            \"Path\": \"ir\",\n            \"ServerPath\": \"aliqua et dolore qui amet\",\n            \"Value\": \"anim ea Ut ut\"\n          },\n          {\n            \"Path\": \"est\",\n            \"ServerPath\": \"veniam irure\",\n            \"Value\": \"eiusmod sit sed pariatur\"\n          }\n        ]\n      }\n    ]\n  }\n}","cookie":[],"_postman_previewlanguage":"json"},{"id":"2110b052-dcd4-47f7-9bf2-5c651210ebf7","name":"To view the complete list of response codes, <a href=\"../docs/?path=docs/response-codes.md\" title=\"Click to open\">click here.</a>","originalRequest":{"url":{"path":["acctservice","acctmgmt","accounts","secured"],"host":["{{baseUrl}}"],"query":[],"variable":[]},"header":[{"disabled":false,"description":"(Required) EFX Header is a common and required component for all API calls, it contains client-related parameters. Please note that the header parameters should be sent as a JSON object under the EFXHeader parameter. To view the list of header parameters, <a href=\"../docs?path=docs/api-ref-EFX-header.md\" title=\"Click to open\"> click here.</a>","key":"EFXHeader","value":"OrganizationId,<string>,TrnId,<string>,VendorId,<string>,Context,[object Object]"},{"key":"Accept","value":"application/json"}],"method":"POST","body":{"mode":"raw","raw":"{\n  \"AcctSel\": {\n    \"AcctKeys\": {\n      \"AcctId\": \"<string>\",\n      \"AcctType\": \"<string>\"\n    }\n  }\n}","options":{"raw":{"language":"json"}}}},"status":"Internal Server Error","code":500,"header":[{"key":"Content-Type","value":"application/json"}],"body":"{\n  \"AcctRec\": {\n    \"AcctKeys\": {\n      \"AcctId\": \"sint minim occaec\",\n      \"AcctType\": \"ILA\"\n    },\n    \"AcctStatus\": {\n      \"AcctStatusCode\": \"Valid\",\n      \"EffDt\": \"6734-29-69\"\n    },\n    \"LoanAcctInfo\": {\n      \"GoodThruDt\": \"1997-07-14\",\n      \"AcctDtlStatus\": \"ChargedOff\",\n      \"AcctDtlStatusEnumDesc\": \"ess\",\n      \"ProductIdent\": \"qui cillum \",\n      \"InitialAmount\": {\n        \"Amt\": 56662307.33837253\n      },\n      \"OpenDt\": \"2021-07-09\",\n      \"Term\": {\n        \"TermUnits\": \"Months\",\n        \"Count\": 26974639\n      },\n      \"MaturityDt\": \"1969-04-01\",\n      \"DateData\": [\n        {\n          \"DateType\": \"LastTrn\",\n          \"DateTypeEnumDesc\": \"ut culpa dolore aliquip\"\n        },\n        {\n          \"DateType\": \"Accrual\",\n          \"DateTypeEnumDesc\": \"aliqua magna sed voluptate Excepteur\"\n        }\n      ],\n      \"RelationshipMgr\": [\n        {\n          \"RelationshipMgrIdent\": \"Duis incididunt qui\",\n          \"RelationshipMgrIdentEnumDesc\": \"sunt proident in dolor\",\n          \"RelationshipRole\": \"Officer\",\n          \"RelationshipRoleEnumDesc\": \"fugiat non\"\n        },\n        {\n          \"RelationshipMgrIdent\": \"vo\",\n          \"RelationshipMgrIdentEnumDesc\": \"amet commod\",\n          \"RelationshipRole\": \"Officer\",\n          \"RelationshipRoleEnumDesc\": \"sed aute ex\"\n        }\n      ],\n      \"OriginatingBranch\": \"ad amet voluptate pro\",\n      \"OriginatingBranchEnumDesc\": \"dolor incididunt\",\n      \"AcctTitleOption\": \"nulla proident dolor\",\n      \"OEDCode\": \"cillum cupidatat mollit enim sed\",\n      \"OEDCodeEnumDesc\": \"laboris in\",\n      \"EmployeeInd\": true,\n      \"NoticeData\": [\n        {\n          \"NoticeType\": \"occae\"\n        },\n        {\n          \"NoticeType\": \"sed aliquip\"\n        }\n      ],\n      \"Rate\": -28147594.75496453,\n      \"EffectiveRate\": -87166772.42343986,\n      \"IntRateData\": {\n        \"AccrualMethod\": \"commodo nisi dolor amet\"\n      },\n      \"AcctBal\": [\n        {\n          \"BalType\": \"AvailCredit\",\n          \"CurAmt\": {\n            \"Amt\": {\n              \"value\": \"<Error: Too many levels of nesting to fake this schema>\"\n            }\n          },\n          \"BalTypeEnumDesc\": \"est officia cupidatat\"\n        },\n        {\n          \"BalType\": \"InterestDue\",\n          \"CurAmt\": {\n            \"Amt\": {\n              \"value\": \"<Error: Too many levels of nesting to fake this schema>\"\n            }\n          },\n          \"BalTypeEnumDesc\": \"Excepteur\"\n        }\n      ],\n      \"AcctPeriodData\": [\n        {\n          \"AcctAmtType\": \"LateFeeAssessed LateFeeEarned\",\n          \"AcctAmtTypeEnumDesc\": \"magna do Lorem sunt\",\n          \"AcctPeriodType\": \"PriorYr\",\n          \"AcctPeriodTypeEnumDesc\": \"ipsum eiusmod\",\n          \"Amt\": 84923439.35567725,\n          \"Count\": -89321630\n        },\n        {\n          \"AcctAmtType\": \"ChargeOff\",\n          \"AcctAmtTypeEnumDesc\": \"incididunt \",\n          \"AcctPeriodType\": \"MTD\",\n          \"AcctPeriodTypeEnumDesc\": \"officia aute\",\n          \"Amt\": 62161135.47773677,\n          \"Count\": 52566371\n        }\n      ],\n      \"Fee\": [\n        {\n          \"FeeCalcOption\": \"labore\",\n          \"CurAmt\": {\n            \"Amt\": {\n              \"value\": \"<Error: Too many levels of nesting to fake this schema>\"\n            }\n          },\n          \"BalPercent\": -69011403.78430873\n        },\n        {\n          \"FeeCalcOption\": \"exercitation veniam deserunt irure\",\n          \"CurAmt\": {\n            \"Amt\": {\n              \"value\": \"<Error: Too many levels of nesting to fake this schema>\"\n            }\n          },\n          \"BalPercent\": -6285497.337853268\n        }\n      ],\n      \"CreditRisk\": [\n        {\n          \"RiskCategory\": \"RiskScore1\",\n          \"InternalScore\": \"Ut consequat\"\n        },\n        {\n          \"RiskCategory\": \"RiskScore1\",\n          \"InternalScore\": \"sit irure Lorem\"\n        }\n      ],\n      \"RestrictedInd\": true,\n      \"SoldPercent\": 36795197.61255124,\n      \"OriginationDt\": \"1975-10-25\",\n      \"LastRenewalDt\": \"2008-01-04\",\n      \"Freq\": \"Yearly\",\n      \"CollateralCode\": \"sit consectetur quis et est\",\n      \"CollateralCodeEnumDesc\": \"dolor ullamco pariatur fugiat\",\n      \"Insurance\": [\n        {\n          \"InsuranceType\": \"magna labore cillum qui\"\n        },\n        {\n          \"InsuranceType\": \"Lorem labore in\"\n        }\n      ],\n      \"CreditLineCycle\": 5040298,\n      \"LoanBilling\": {\n        \"BillingMethod\": \"ACHXferBill - NEW\",\n        \"BillingMethodEnumDesc\": \"Ut voluptate\",\n        \"LOCPaymentMethodEnumDesc\": \"adipisicing ad ea\",\n        \"FromAcctKeys\": {\n          \"AcctId\": \"deserunt nulla eu\"\n        }\n      },\n      \"TotalPmtCount\": -66416841,\n      \"RegPmt\": {\n        \"PmtCompositeAmt\": [\n          {\n            \"CurAmt\": {\n              \"value\": \"<Error: Too many levels of nesting to fake this schema>\"\n            },\n            \"CompositeCurAmtType\": {\n              \"value\": \"<Error: Too many levels of nesting to fake this schema>\"\n            },\n            \"CompositeCurAmtTypeEnumDesc\": {\n              \"value\": \"<Error: Too many levels of nesting to fake this schema>\"\n            }\n          },\n          {\n            \"CurAmt\": {\n              \"value\": \"<Error: Too many levels of nesting to fake this schema>\"\n            },\n            \"CompositeCurAmtType\": {\n              \"value\": \"<Error: Too many levels of nesting to fake this schema>\"\n            },\n            \"CompositeCurAmtTypeEnumDesc\": {\n              \"value\": \"<Error: Too many levels of nesting to fake this schema>\"\n            }\n          }\n        ]\n      },\n      \"PmtSched\": [\n        {\n          \"PmtAmtOption\": \"Irregular\"\n        },\n        {\n          \"PmtAmtOption\": \"SplitSched\"\n        }\n      ],\n      \"LateFee\": {\n        \"GraceDays\": -97629683\n      },\n      \"NextPmt\": {\n        \"PmtCompositeAmt\": [\n          {\n            \"CurAmt\": {\n              \"value\": \"<Error: Too many levels of nesting to fake this schema>\"\n            },\n            \"CompositeCurAmtType\": {\n              \"value\": \"<Error: Too many levels of nesting to fake this schema>\"\n            },\n            \"CompositeCurAmtTypeEnumDesc\": {\n              \"value\": \"<Error: Too many levels of nesting to fake this schema>\"\n            }\n          },\n          {\n            \"CurAmt\": {\n              \"value\": \"<Error: Too many levels of nesting to fake this schema>\"\n            },\n            \"CompositeCurAmtType\": {\n              \"value\": \"<Error: Too many levels of nesting to fake this schema>\"\n            },\n            \"CompositeCurAmtTypeEnumDesc\": {\n              \"value\": \"<Error: Too many levels of nesting to fake this schema>\"\n            }\n          }\n        ],\n        \"PmtDt\": \"2020-05-21\"\n      },\n      \"LastPmt\": {\n        \"PmtDt\": \"1991-04-04\"\n      },\n      \"NonAccrualInd\": true,\n      \"PmtPostingRestrictions\": {\n        \"RestrictionReasonCode\": \"incididunt anim dolore\"\n      },\n      \"Dealer\": [\n        {\n          \"DealerIdent\": \"fugiat in tempor proident ullamc\",\n          \"DealerReserveAmt\": {\n            \"Amt\": {\n              \"value\": \"<Error: Too many levels of nesting to fake this schema>\"\n            }\n          }\n        },\n        {\n          \"DealerIdent\": \"magna velit quis elit esse\",\n          \"DealerReserveAmt\": {\n            \"Amt\": {\n              \"value\": \"<Error: Too many levels of nesting to fake this schema>\"\n            }\n          }\n        }\n      ],\n      \"LOCAdvance\": {\n        \"LimitAmt\": {\n          \"Amt\": 25991594.452249482\n        }\n      },\n      \"IncYearEndReportCode\": \"IntNotice\",\n      \"HomeMortgageDisclosure\": {\n        \"MortgageType\": \"in Lorem ut amet\",\n        \"PropertyType\": \"dolore tempor anim adipisicing\",\n        \"PurposeCode\": \"in cupidatat Excepteur\"\n      },\n      \"CreditBureauAcctData\": {\n        \"BureauStatus\": \"ex eu enim eiusmod dolor\"\n      }\n    }\n  },\n  \"Status\": {\n    \"Severity\": \"Info\",\n    \"StatusCode\": \"proident est do c\",\n    \"StatusDesc\": \"dolore officia aute\",\n    \"SvcProviderName\": \"dolore ullamco\",\n    \"Id\": \"Lorem nostrud do Excepteur tempor\",\n    \"ServerStatusCode\": \"dolore in \",\n    \"ServerStatusDesc\": \"Duis proident est\",\n    \"OvrdExceptionInd\": false,\n    \"SubjectRole\": \"aliqua non cillum dolore\",\n    \"SubjectElement\": [\n      {\n        \"Path\": \"amet eu exercitation\",\n        \"ServerPath\": \"dolore elit est sit\",\n        \"Value\": \"ullamco minim Excepteur nulla\"\n      },\n      {\n        \"Path\": \"sint ea reprehenderit\",\n        \"ServerPath\": \"Excepteur ad commodo elit\",\n        \"Value\": \"occaecat in exercitation\"\n      }\n    ],\n    \"ContentHTML\": \"est Duis\",\n    \"AdditionalStatus\": [\n      {\n        \"StatusCode\": \"i\",\n        \"StatusDesc\": \"in\",\n        \"Severity\": \"Warning\",\n        \"SvcProviderName\": \"mollit pariatur ipsum qui\",\n        \"ServerStatusCode\": \"anim re\",\n        \"ServerStatusDesc\": \"labore nulla minim occaecat proident\",\n        \"OvrdExceptionInd\": true,\n        \"SubjectElement\": [\n          {\n            \"Path\": \"incididunt\",\n            \"ServerPath\": \"esse non sit\",\n            \"Value\": \"in do magna\"\n          },\n          {\n            \"Path\": \"ipsum culpa mollit dolore\",\n            \"ServerPath\": \"non veniam\",\n            \"Value\": \"eiusmod ipsum\"\n          }\n        ]\n      },\n      {\n        \"StatusCode\": \"Ut \",\n        \"StatusDesc\": \"ullamco\",\n        \"Severity\": \"Error\",\n        \"SvcProviderName\": \"eu\",\n        \"ServerStatusCode\": \"qui \",\n        \"ServerStatusDesc\": \"pariatur ea in laborum veniam\",\n        \"OvrdExceptionInd\": false,\n        \"SubjectElement\": [\n          {\n            \"Path\": \"magna dolor\",\n            \"ServerPath\": \"tempor exercitation laboris officia\",\n            \"Value\": \"labore ea\"\n          },\n          {\n            \"Path\": \"in\",\n            \"ServerPath\": \"anim\",\n            \"Value\": \"nostrud laborum ad aliquip eu\"\n          }\n        ]\n      }\n    ]\n  }\n}","cookie":[],"_postman_previewlanguage":"json"}],"event":[],"protocolProfileBehavior":{"disableBodyPruning":true}}],"event":[],"variable":[{"type":"string","value":"/","key":"baseUrl"}],"info":{"_postman_id":"34a64e4d-4bbd-41cb-b81b-682ecff4ef73","name":"Account Service","schema":"https://schema.getpostman.com/json/collection/v2.1.0/collection.json","description":{"content":"The account service helps to create and manage product accounts serviced by the financial institutions. It is also used to retrieve information about the existing accounts and maintain information of new accounts.","type":"text/plain"}}}