{"item":[{"id":"2a9a1614-abc8-4974-a9ef-37217925fd89","name":"Get Accounts.","request":{"name":"Get Accounts.","description":{"content":"Get Account service retrieves the various details of Savings Deposit Account (SDA).\n   For Premier, this service recovers the information on balances, open dates and the postal address associated with the account.<br>\n   This service is supported by the Multi-System Service.<br>\n        For more information about the Accounts domain, <a href=\"../docs/?path=docs/fintechs/accounts.md\" title=\"Click to open\">click here.</a><br><br>\n        <b>Relates to:</b>\n          <ul> \n            <li><a href=\"../docs/?path=docs/banks-and-CU/deposits.md\" title=\"Click to open\">Deposits</a></li>\n            <li><a href=\"../docs/?path=docs/banks-and-CU/loans.md\" title=\"Click to open\">Loans</a></li>\n            <li><a href=\"../docs/?path=docs/banks-and-CU/bank-servicing.md\" title=\"Click to open\">Bank Servicing</a></li>\n            <li><a href=\"../docs/?path=docs/banks-and-CU/cash-mgt.md\" title=\"Click to open\">Cash Management</a></li>\n            <li><a href=\"../docs/?path=docs/banks-and-CU/treasury-services.md\" title=\"Click to open\">Treasury Services</a></li>\n            <li><a href=\"../docs/?path=docs/banks-and-CU/riskMgt.md\" title=\"Click to open\">Risk and Performance Management</a></li>\n          </ul>","type":"text/plain"},"url":{"path":["acctservice","acctmgmt","accounts","secured"],"host":["{{baseUrl}}"],"query":[],"variable":[]},"header":[{"disabled":false,"description":"(Required) EFX Header is a common and required component for all API calls, it contains client-related parameters. Please note that the header parameters should be sent as a JSON object under the EFXHeader parameter. To view the list of header parameters, <a href=\"../docs?path=docs/api-ref-EFX-header.md\" title=\"Click to open\"> click here.</a>","key":"EFXHeader","value":"OrganizationId,<string>,TrnId,<string>,VendorId,<string>,Context,[object Object]"},{"key":"Content-Type","value":"application/json"},{"key":"Accept","value":"application/json"}],"method":"POST","auth":null,"body":{"mode":"raw","raw":"{\n  \"AcctSel\": {\n    \"AcctKeys\": {\n      \"AcctId\": \"<string>\",\n      \"AcctType\": \"<string>\"\n    }\n  }\n}","options":{"raw":{"language":"json"}}}},"response":[{"id":"caa6dd55-c94e-4416-939c-1920471d6a90","name":"Success","originalRequest":{"url":{"path":["acctservice","acctmgmt","accounts","secured"],"host":["{{baseUrl}}"],"query":[],"variable":[]},"header":[{"disabled":false,"description":"(Required) EFX Header is a common and required component for all API calls, it contains client-related parameters. Please note that the header parameters should be sent as a JSON object under the EFXHeader parameter. To view the list of header parameters, <a href=\"../docs?path=docs/api-ref-EFX-header.md\" title=\"Click to open\"> click here.</a>","key":"EFXHeader","value":"OrganizationId,<string>,TrnId,<string>,VendorId,<string>,Context,[object Object]"},{"key":"Accept","value":"application/json"}],"method":"POST","body":{"mode":"raw","raw":"{\n  \"AcctSel\": {\n    \"AcctKeys\": {\n      \"AcctId\": \"<string>\",\n      \"AcctType\": \"<string>\"\n    }\n  }\n}","options":{"raw":{"language":"json"}}}},"status":"OK","code":200,"header":[{"key":"Content-Type","value":"application/json"}],"body":"{\n  \"AcctRec\": {\n    \"AcctKeys\": {\n      \"AcctId\": \"<string>\",\n      \"AcctType\": \"<string>\"\n    },\n    \"AcctStatus\": {\n      \"AcctStatusCode\": \"Valid\",\n      \"EffDt\": \"3231-75-38T49:86:35.499+41:74\"\n    },\n    \"DepositAcctInfo\": {\n      \"AcctDtlStatus\": \"Active\",\n      \"AcctDtlStatusEnumDesc\": \"sit voluptate\",\n      \"AcctDtlStatusDt\": \"1991-11-06\",\n      \"AcctPref\": {\n        \"Language\": \"English\"\n      },\n      \"AcctIdent\": [\n        {\n          \"AcctIdentType\": \"PORT\",\n          \"AcctIdentValue\": \"et tempor\"\n        },\n        {\n          \"AcctIdentType\": \"PORT\",\n          \"AcctIdentValue\": \"Lorem cupidatat pari\"\n        }\n      ],\n      \"ProductIdent\": \"cupidatat ut ipsum\",\n      \"Desc\": \"mollit Duis laborum\",\n      \"TaxIncentiveType\": \"HSAIndividual\",\n      \"InitialAmount\": {\n        \"Amt\": 17860137.53845541,\n        \"CurCode\": {\n          \"CurCodeValue\": \"officia pariatur anim\",\n          \"CurCodeType\": \"ISO4217-Alpha\"\n        }\n      },\n      \"OpenDt\": \"1945-07-26\",\n      \"ClosedDt\": \"1965-07-28\",\n      \"BalanceAtClosingAmt\": {\n        \"Amt\": 99640601.18587628\n      },\n      \"Term\": {\n        \"TermUnits\": \"Months\",\n        \"Count\": 84446018,\n        \"TermUnitsEnumDesc\": \"elit proident ipsum\"\n      },\n      \"MaturityDt\": \"1992-03-10\",\n      \"LastContactDt\": \"3305-36-96\",\n      \"DateData\": [\n        {\n          \"DateType\": \"LastTrn\",\n          \"DateValue\": \"4357-84-86\"\n        },\n        {\n          \"DateType\": \"LastPrcThru\",\n          \"DateValue\": \"0073-36-94T64:41:33-21:12\"\n        }\n      ],\n      \"RelationshipMgr\": [\n        {\n          \"RelationshipMgrIdent\": \"Ut incidi\",\n          \"RelationshipMgrIdentEnumDesc\": \"pariatur aute mollit\",\n          \"RelationshipRole\": \"SecondOfficer\"\n        },\n        {\n          \"RelationshipMgrIdent\": \"dolore pariatur id\",\n          \"RelationshipMgrIdentEnumDesc\": \"proident qui quis Duis\",\n          \"RelationshipRole\": \"Ofiicer\"\n        }\n      ],\n      \"OriginatingBranch\": \"veniam\",\n      \"OriginatingBranchEnumDesc\": \"laborum proident\",\n      \"ResponsibleBranch\": \"occaecat est en\",\n      \"ResponsibleBranchEnumDesc\": \"aute nisi\",\n      \"NicknameOption\": \"Printed\",\n      \"Nickname\": \"laborum id nisi aliquip\",\n      \"AcctTitleOption\": \"NotPrinted\",\n      \"AcctTitle\": \"ipsum deserunt\",\n      \"HandlingCodeOption\": \"StatementsChecks\",\n      \"HandlingCode\": \"nostrud ad\",\n      \"OEDCode\": \"cupidatat elit\",\n      \"OEDCodeEnumDesc\": \"laborum aute officia\",\n      \"AccountingMethod\": \"AcctType\",\n      \"AccountingValue\": \"culpa velit\",\n      \"ClassCode\": \"Excepteur reprehenderit\",\n      \"AcctTypeCode\": \"aliqua ut pariatur exercitation\",\n      \"AcctOpenMethod\": \"Internet\",\n      \"ClientDefinedData\": [\n        {\n          \"DataIdent\": \"elit Lorem sed eni\",\n          \"DataType\": \"Numeric\",\n          \"Value\": \"deserunt commodo laborum\",\n          \"DataLength\": -12104830,\n          \"ExpDt\": \"1944-11-25\",\n          \"Desc\": \"nulla mollit ullamco eiusmod veniam\",\n          \"RequiredFlag\": false\n        },\n        {\n          \"DataIdent\": \"amet aliquip\",\n          \"DataType\": \"Currency\",\n          \"Value\": \"officia et Ut dolore\",\n          \"DataLength\": -85109591,\n          \"ExpDt\": \"1999-02-13\",\n          \"Desc\": \"laboris ullamco\",\n          \"RequiredFlag\": true\n        }\n      ],\n      \"AcctStmtData\": {\n        \"StmtTimeFrame\": [\n          {\n            \"RecurType\": {\n              \"value\": \"<Error: Too many levels of nesting to fake this schema>\"\n            },\n            \"RecurTypeEnumDesc\": {\n              \"value\": \"<Error: Too many levels of nesting to fake this schema>\"\n            },\n            \"RecurInterval\": {\n              \"value\": \"<Error: Too many levels of nesting to fake this schema>\"\n            },\n            \"AlternateStmtInd\": {\n              \"value\": \"<Error: Too many levels of nesting to fake this schema>\"\n            },\n            \"AlternateStmtOption\": {\n              \"value\": \"<Error: Too many levels of nesting to fake this schema>\"\n            }\n          },\n          {\n            \"RecurType\": {\n              \"value\": \"<Error: Too many levels of nesting to fake this schema>\"\n            },\n            \"RecurTypeEnumDesc\": {\n              \"value\": \"<Error: Too many levels of nesting to fake this schema>\"\n            },\n            \"RecurInterval\": {\n              \"value\": \"<Error: Too many levels of nesting to fake this schema>\"\n            },\n            \"AlternateStmtInd\": {\n              \"value\": \"<Error: Too many levels of nesting to fake this schema>\"\n            },\n            \"AlternateStmtOption\": {\n              \"value\": \"<Error: Too many levels of nesting to fake this schema>\"\n            }\n          }\n        ],\n        \"LastStmtDt\": \"1949-07-11\",\n        \"CombinedStmtIdent\": \"nisi qu\",\n        \"CombinedStmtCode\": \"SecondaryDDA\",\n        \"SpecialStmtCode\": \"None\",\n        \"StmtGroup\": \"dolor quis sed pariatur\"\n      },\n      \"NoticeData\": [\n        {\n          \"NoticeType\": \"IntNotice\",\n          \"NoticeOption\": \"magna nisi\"\n        },\n        {\n          \"NoticeType\": \"PayeeChanges\",\n          \"NoticeOption\": \"consectetur\"\n        }\n      ],\n      \"ProdIntRateId\": \"minim enim elit\",\n      \"ProdIntRateIdEnumDesc\": \"dolor\",\n      \"Rate\": -80619922.7779369,\n      \"IntRateData\": {\n        \"RateMatrixTier\": [\n          {\n            \"Tier\": {\n              \"value\": \"<Error: Too many levels of nesting to fake this schema>\"\n            },\n            \"HighCurAmt\": {\n              \"value\": \"<Error: Too many levels of nesting to fake this schema>\"\n            },\n            \"Rate\": {\n              \"value\": \"<Error: Too many levels of nesting to fake this schema>\"\n            }\n          },\n          {\n            \"Tier\": {\n              \"value\": \"<Error: Too many levels of nesting to fake this schema>\"\n            },\n            \"HighCurAmt\": {\n              \"value\": \"<Error: Too many levels of nesting to fake this schema>\"\n            },\n            \"Rate\": {\n              \"value\": \"<Error: Too many levels of nesting to fake this schema>\"\n            }\n          }\n        ],\n        \"APYRecurType\": \"BiWeekly\",\n        \"AccrualMethod\": \"Daily\",\n        \"AccrualMethodEnumDesc\": \"aute\",\n        \"AccrualOnBalance\": \"AvgMinLedger\",\n        \"EffDt\": \"6909-44-04\",\n        \"TierType\": \"0-7\",\n        \"TierAmtType\": \"MinLedger\",\n        \"BalCutOffData\": {\n          \"BalCutOffType\": \"Duis consequat laboris\",\n          \"BalCutOffAmt\": -67365869.00616533\n        }\n      },\n      \"MaturityIntCalcData\": {\n        \"MaturityIntRateType\": \"CurrentRateInPeriod\",\n        \"MaturityIntRate\": -96332062.96583845,\n        \"MaturityIntRecurType\": \"Daily\",\n        \"MaturityIntInterval\": -81118160\n      },\n      \"RateChangeData\": [\n        {\n          \"RateChangeControl\": \"RateIndex\",\n          \"RateChangeControlEnumDesc\": \"proident comm\",\n          \"VarianceFactorType\": \"Factor\",\n          \"RateVariance\": 64317945.73398313,\n          \"PendingRate\": [\n            {\n              \"value\": \"<Error: Too many levels of nesting to fake this schema>\"\n            },\n            {\n              \"value\": \"<Error: Too many levels of nesting to fake this schema>\"\n            }\n          ],\n          \"IncreaseOnlyInd\": true,\n          \"FloorRate\": -92459627.93215434,\n          \"CeilingRate\": -19215647.65247661,\n          \"RateChangeRecurType\": \"Weekly\",\n          \"RateChangeRecurTypeEnumDesc\": \"incididunt consequat enim amet\",\n          \"RecurInterval\": 66935703,\n          \"DayOfMonth\": \"1 thru 31\",\n          \"LeadDays\": 64092671,\n          \"NextRateChangeDt\": \"1961-08-24\"\n        },\n        {\n          \"RateChangeControl\": \"Fixed\",\n          \"RateChangeControlEnumDesc\": \"dolore\",\n          \"VarianceFactorType\": \"Variance\",\n          \"RateVariance\": -38157783.14913838,\n          \"PendingRate\": [\n            {\n              \"value\": \"<Error: Too many levels of nesting to fake this schema>\"\n            },\n            {\n              \"value\": \"<Error: Too many levels of nesting to fake this schema>\"\n            }\n          ],\n          \"IncreaseOnlyInd\": false,\n          \"FloorRate\": -31957125.314889327,\n          \"CeilingRate\": -61733359.36699287,\n          \"RateChangeRecurType\": \"Quarterly\",\n          \"RateChangeRecurTypeEnumDesc\": \"cillu\",\n          \"RecurInterval\": 70835771,\n          \"DayOfMonth\": \"1 thru 31\",\n          \"LeadDays\": -11979664,\n          \"NextRateChangeDt\": \"1983-09-05\"\n        }\n      ],\n      \"AcctBal\": [\n        {\n          \"BalType\": \"OtherIns\",\n          \"CurAmt\": {\n            \"Amt\": {\n              \"value\": \"<Error: Too many levels of nesting to fake this schema>\"\n            },\n            \"CurCode\": {\n              \"value\": \"<Error: Too many levels of nesting to fake this schema>\"\n            }\n          }\n        },\n        {\n          \"BalType\": \"PrevAvailChk\",\n          \"CurAmt\": {\n            \"Amt\": {\n              \"value\": \"<Error: Too many levels of nesting to fake this schema>\"\n            },\n            \"CurCode\": {\n              \"value\": \"<Error: Too many levels of nesting to fake this schema>\"\n            }\n          }\n        }\n      ],\n      \"AcctPeriodData\": [\n        {\n          \"AcctAmtType\": \"Overdraft\",\n          \"AcctPeriodType\": \"PriorMonth\",\n          \"TotalInPeriod\": {\n            \"Units\": {\n              \"value\": \"<Error: Too many levels of nesting to fake this schema>\"\n            },\n            \"Count\": {\n              \"value\": \"<Error: Too many levels of nesting to fake this schema>\"\n            }\n          },\n          \"InPeriod\": {\n            \"Units\": {\n              \"value\": \"<Error: Too many levels of nesting to fake this schema>\"\n            },\n            \"Count\": {\n              \"value\": \"<Error: Too many levels of nesting to fake this schema>\"\n            }\n          },\n          \"LastOccurInd\": true,\n          \"Amt\": 22379869.2031572,\n          \"Count\": -2691494,\n          \"Rate\": -29345424.724782586,\n          \"LastOccuranceDt\": \"4582-36-61T06:94\"\n        },\n        {\n          \"AcctAmtType\": \"IntPaid\",\n          \"AcctPeriodType\": \"LTD\",\n          \"TotalInPeriod\": {\n            \"Units\": {\n              \"value\": \"<Error: Too many levels of nesting to fake this schema>\"\n            },\n            \"Count\": {\n              \"value\": \"<Error: Too many levels of nesting to fake this schema>\"\n            }\n          },\n          \"InPeriod\": {\n            \"Units\": {\n              \"value\": \"<Error: Too many levels of nesting to fake this schema>\"\n            },\n            \"Count\": {\n              \"value\": \"<Error: Too many levels of nesting to fake this schema>\"\n            }\n          },\n          \"LastOccurInd\": true,\n          \"Amt\": -84566858.00959814,\n          \"Count\": 61212505,\n          \"Rate\": -44792928.49140668,\n          \"LastOccuranceDt\": \"3853-50-38T60:23\"\n        }\n      ],\n      \"TranCounter\": [\n        {\n          \"TranCounterType\": \"RegD6\",\n          \"Count\": 22485545\n        },\n        {\n          \"TranCounterType\": \"RegD6\",\n          \"Count\": 39346970\n        }\n      ],\n      \"PostAddr\": [\n        {\n          \"AddrType\": \"Primary\",\n          \"AddressIdent\": \"cupid\",\n          \"AddrUse\": \"Mailing\",\n          \"AddrUseEnumDesc\": \"adipisicing non sed\",\n          \"AddrFormatType\": \"Label\",\n          \"FullName1\": \"aute ea amet\",\n          \"FullName2\": \"dolore sint non dolore\",\n          \"FullName3\": \"dolore sit\",\n          \"Addr1\": \"mollit ea Duis\",\n          \"Addr2\": \"nisi tempor\",\n          \"City\": \"dolore Lorem\",\n          \"StateProv\": \"incididunt velit magna labore\",\n          \"PostalCode\": \"do voluptat\",\n          \"CountryCode\": {\n            \"CountryCodeValue\": {\n              \"value\": \"<Error: Too many levels of nesting to fake this schema>\"\n            },\n            \"CountryCodeSource\": {\n              \"value\": \"<Error: Too many levels of nesting to fake this schema>\"\n            },\n            \"CountryCodeValueEnumDesc\": {\n              \"value\": \"<Error: Too many levels of nesting to fake this schema>\"\n            }\n          },\n          \"TimeFrame\": {\n            \"StartDt\": {\n              \"value\": \"<Error: Too many levels of nesting to fake this schema>\"\n            },\n            \"EndDt\": {\n              \"value\": \"<Error: Too many levels of nesting to fake this schema>\"\n            }\n          },\n          \"CensusTract\": \"ea\",\n          \"CensusBlock\": \"irure\",\n          \"ForeignFlag\": false,\n          \"HandlingCode\": \"ullamco dolor do in\",\n          \"HandlingCodeOption\": \"StatementsNotices\",\n          \"MSACode\": -69154160\n        },\n        {\n          \"AddrType\": \"Seasonal\",\n          \"AddressIdent\": \"et dolor dolor\",\n          \"AddrUse\": \"Mailing\",\n          \"AddrUseEnumDesc\": \"elit aute\",\n          \"AddrFormatType\": \"Label\",\n          \"FullName1\": \"Excepteur consectetur incididunt exercitation\",\n          \"FullName2\": \"occaecat\",\n          \"FullName3\": \"qui pariatur Lorem\",\n          \"Addr1\": \"incididunt voluptate elit consequat\",\n          \"Addr2\": \"vol\",\n          \"City\": \"nisi ea a\",\n          \"StateProv\": \"ullamco nulla cupidatat dolore\",\n          \"PostalCode\": \"qui\",\n          \"CountryCode\": {\n            \"CountryCodeValue\": {\n              \"value\": \"<Error: Too many levels of nesting to fake this schema>\"\n            },\n            \"CountryCodeSource\": {\n              \"value\": \"<Error: Too many levels of nesting to fake this schema>\"\n            },\n            \"CountryCodeValueEnumDesc\": {\n              \"value\": \"<Error: Too many levels of nesting to fake this schema>\"\n            }\n          },\n          \"TimeFrame\": {\n            \"StartDt\": {\n              \"value\": \"<Error: Too many levels of nesting to fake this schema>\"\n            },\n            \"EndDt\": {\n              \"value\": \"<Error: Too many levels of nesting to fake this schema>\"\n            }\n          },\n          \"CensusTract\": \"anim eu nulla \",\n          \"CensusBlock\": \"offi\",\n          \"ForeignFlag\": false,\n          \"HandlingCode\": \"aliquip ut culpa\",\n          \"HandlingCodeOption\": \"Notices\",\n          \"MSACode\": 21403143\n        }\n      ],\n      \"TaxIdentType\": \"Foreign\",\n      \"TaxIdent\": \"est in mi\",\n      \"TaxExempt\": \"minim reprehenderit\",\n      \"WithholdingOption\": \"StateFederalTax\",\n      \"WithholdingOptionEnumDesc\": \"dolor sit\",\n      \"WithholdingData\": {\n        \"WithholdingType\": \"StateTax\",\n        \"WithholdingPercent\": -92228948.90750463\n      },\n      \"IntReportingInd\": true,\n      \"Fee\": [\n        {\n          \"FeeType\": \"DormantFee\",\n          \"FeeIdent\": \"ut\",\n          \"FeePlan\": \"laboris eu dolor occae\",\n          \"Desc\": \"eu ullamco consequat\",\n          \"FeeOption\": \"Charge\",\n          \"CurAmt\": {\n            \"Amt\": {\n              \"value\": \"<Error: Too many levels of nesting to fake this schema>\"\n            },\n            \"CurCode\": {\n              \"value\": \"<Error: Too many levels of nesting to fake this schema>\"\n            }\n          },\n          \"TimeFrame\": {\n            \"StartDt\": {\n              \"value\": \"<Error: Too many levels of nesting to fake this schema>\"\n            },\n            \"RecurRule\": {\n              \"value\": \"<Error: Too many levels of nesting to fake this schema>\"\n            }\n          },\n          \"FeeWaiver\": {\n            \"WaiverCode\": {\n              \"value\": \"<Error: Too many levels of nesting to fake this schema>\"\n            }\n          }\n        },\n        {\n          \"FeeType\": \"EIM\",\n          \"FeeIdent\": \"nisi Duis eu\",\n          \"FeePlan\": \"velit Lorem et\",\n          \"Desc\": \"magna Lorem \",\n          \"FeeOption\": \"Charge\",\n          \"CurAmt\": {\n            \"Amt\": {\n              \"value\": \"<Error: Too many levels of nesting to fake this schema>\"\n            },\n            \"CurCode\": {\n              \"value\": \"<Error: Too many levels of nesting to fake this schema>\"\n            }\n          },\n          \"TimeFrame\": {\n            \"StartDt\": {\n              \"value\": \"<Error: Too many levels of nesting to fake this schema>\"\n            },\n            \"RecurRule\": {\n              \"value\": \"<Error: Too many levels of nesting to fake this schema>\"\n            }\n          },\n          \"FeeWaiver\": {\n            \"WaiverCode\": {\n              \"value\": \"<Error: Too many levels of nesting to fake this schema>\"\n            }\n          }\n        }\n      ],\n      \"CreditRisk\": [\n        {\n          \"RiskCategory\": \"RiskScore2\",\n          \"InternalScore\": \"Duis aliqua laborum do\"\n        },\n        {\n          \"RiskCategory\": \"RiskScore2\",\n          \"InternalScore\": \"cillum nostrud\"\n        }\n      ],\n      \"RiskRanking\": \"est do\",\n      \"TrnRestriction\": \"no\",\n      \"TrnRestrictionOvrd\": \"ea sint veniam\",\n      \"ElectronicBankingOpt\": \"Disable\",\n      \"ReportGroupCode\": \"reprehenderit\",\n      \"DocDistributionOption\": \"in nisi eiusmod\",\n      \"DocDistributionOptionEnumDesc\": \"est qui aliqua eiusmod enim\",\n      \"NAICS\": \"qu\",\n      \"CostCenter\": \"non Ut consectetur \",\n      \"RetentionOption\": \"DoNotRetain\",\n      \"AcctMemoData\": [\n        {\n          \"AcctMemoIdent\": \"voluptate pariatur\",\n          \"AcctMemoType\": \"Warning\",\n          \"AcctMemoText\": \"occaecat cupidatat in\"\n        },\n        {\n          \"AcctMemoIdent\": \"enim pariatur\",\n          \"AcctMemoType\": \"Teller\",\n          \"AcctMemoText\": \"officia et\"\n        }\n      ],\n      \"RenewalData\": {\n        \"RenewalOption\": \"AutomaticRenewal\",\n        \"RenewalOptionEnumDesc\": \"volupta\",\n        \"RenewalFrequency\": {\n          \"RecurType\": \"Daily\",\n          \"RecurInterval\": -73254976\n        },\n        \"LastRenewalDt\": \"1957-05-07\",\n        \"RenewalProductIdent\": \"irure commodo anim\"\n      },\n      \"IntDispData\": {\n        \"IntDisposition\": \"None\",\n        \"IntDistAcctRef\": {\n          \"AcctKeys\": {\n            \"value\": \"<Error: Too many levels of nesting to fake this schema>\"\n          }\n        },\n        \"DistributionAmt\": {\n          \"Amt\": -36545345.99959627,\n          \"CurCode\": {\n            \"value\": \"<Error: Too many levels of nesting to fake this schema>\"\n          }\n        },\n        \"WithholdingOption\": \"StateTax\",\n        \"IntPmtFrequency\": [\n          {\n            \"RecurType\": {\n              \"value\": \"<Error: Too many levels of nesting to fake this schema>\"\n            },\n            \"RecurTypeEnumDesc\": {\n              \"value\": \"<Error: Too many levels of nesting to fake this schema>\"\n            },\n            \"RecurInterval\": {\n              \"value\": \"<Error: Too many levels of nesting to fake this schema>\"\n            },\n            \"DayOfMonth\": {\n              \"value\": \"<Error: Too many levels of nesting to fake this schema>\"\n            }\n          },\n          {\n            \"RecurType\": {\n              \"value\": \"<Error: Too many levels of nesting to fake this schema>\"\n            },\n            \"RecurTypeEnumDesc\": {\n              \"value\": \"<Error: Too many levels of nesting to fake this schema>\"\n            },\n            \"RecurInterval\": {\n              \"value\": \"<Error: Too many levels of nesting to fake this schema>\"\n            },\n            \"DayOfMonth\": {\n              \"value\": \"<Error: Too many levels of nesting to fake this schema>\"\n            }\n          }\n        ],\n        \"NextIntPmtDt\": \"1996-05-04\",\n        \"LastIntPmtDt\": \"4976-72-16T64:42\"\n      },\n      \"RetirementAcctData\": {\n        \"RetirementPlanType\": \"non irure officia\",\n        \"RetirementPlanTypeEnumDesc\": \"est irure sit\",\n        \"RetirementStatus\": \"DistributionDisability\",\n        \"RetirementStatusEnumDesc\": \"in Ut\",\n        \"LastRolloverDt\": \"1975-08-19\"\n      },\n      \"ClubPayoffData\": {\n        \"ClubPayoffOption\": \"TransferToAcct\",\n        \"ClubPayoffAcctRef\": {\n          \"AcctKeys\": {\n            \"value\": \"<Error: Too many levels of nesting to fake this schema>\"\n          }\n        }\n      },\n      \"OverdraftData\": {},\n      \"FloatData\": [\n        {\n          \"FloatType\": \"RegCC\",\n          \"FloatDetails\": [\n            {\n              \"value\": \"<Error: Too many levels of nesting to fake this schema>\"\n            },\n            {\n              \"value\": \"<Error: Too many levels of nesting to fake this schema>\"\n            }\n          ]\n        },\n        {\n          \"FloatType\": \"RegCC\",\n          \"FloatDetails\": [\n            {\n              \"value\": \"<Error: Too many levels of nesting to fake this schema>\"\n            },\n            {\n              \"value\": \"<Error: Too many levels of nesting to fake this schema>\"\n            }\n          ]\n        }\n      ],\n      \"SvcChgData\": {\n        \"SvcChgMethod\": [\n          {\n            \"SvcChgMethodType\": {\n              \"value\": \"<Error: Too many levels of nesting to fake this schema>\"\n            },\n            \"SvcChgMethodOpt\": {\n              \"value\": \"<Error: Too many levels of nesting to fake this schema>\"\n            }\n          },\n          {\n            \"SvcChgMethodType\": {\n              \"value\": \"<Error: Too many levels of nesting to fake this schema>\"\n            },\n            \"SvcChgMethodOpt\": {\n              \"value\": \"<Error: Too many levels of nesting to fake this schema>\"\n            }\n          }\n        ],\n        \"CreditBackAcct\": [\n          {\n            \"CreditBackIdent\": {\n              \"value\": \"<Error: Too many levels of nesting to fake this schema>\"\n            }\n          },\n          {\n            \"CreditBackIdent\": {\n              \"value\": \"<Error: Too many levels of nesting to fake this schema>\"\n            }\n          }\n        ],\n        \"SvcChgAcctRef\": {\n          \"AcctKeys\": {\n            \"value\": \"<Error: Too many levels of nesting to fake this schema>\"\n          }\n        },\n        \"SvcChgWaiveCode\": 83059710,\n        \"SvcChgWaiveTaxInd\": false,\n        \"LastSvcChgDt\": \"1964-01-13\",\n        \"SvcChgTimeFrame\": [\n          {\n            \"RecurType\": {\n              \"value\": \"<Error: Too many levels of nesting to fake this schema>\"\n            },\n            \"RecurInterval\": {\n              \"value\": \"<Error: Too many levels of nesting to fake this schema>\"\n            }\n          },\n          {\n            \"RecurType\": {\n              \"value\": \"<Error: Too many levels of nesting to fake this schema>\"\n            },\n            \"RecurInterval\": {\n              \"value\": \"<Error: Too many levels of nesting to fake this schema>\"\n            }\n          }\n        ]\n      },\n      \"EscheatDt\": \"1946-03-14\",\n      \"RegCCData\": {\n        \"RegCCStatus\": \"NewAccount\",\n        \"RegCCStatusDt\": \"1986-09-22\",\n        \"RegCCException\": \"eu aliqua dolore adipisicing qui\",\n        \"RegCCExceptionExpDt\": \"1985-04-13\",\n        \"RegCC_NSF\": [\n          {\n            \"NSFIdent\": {\n              \"value\": \"<Error: Too many levels of nesting to fake this schema>\"\n            },\n            \"RegCC_NSFType\": {\n              \"value\": \"<Error: Too many levels of nesting to fake this schema>\"\n            },\n            \"Count\": {\n              \"value\": \"<Error: Too many levels of nesting to fake this schema>\"\n            }\n          },\n          {\n            \"NSFIdent\": {\n              \"value\": \"<Error: Too many levels of nesting to fake this schema>\"\n            },\n            \"RegCC_NSFType\": {\n              \"value\": \"<Error: Too many levels of nesting to fake this schema>\"\n            },\n            \"Count\": {\n              \"value\": \"<Error: Too many levels of nesting to fake this schema>\"\n            }\n          }\n        ]\n      },\n      \"CollateralPledgeCode\": \"dolore aliquip\",\n      \"EIM_NSFInstruction\": \"Return\",\n      \"NSFEntry\": [\n        {\n          \"NSFIdent\": \"dolor\",\n          \"NSFDt\": \"2004-10-15\",\n          \"Count\": -49162343\n        },\n        {\n          \"NSFIdent\": \"non\",\n          \"NSFDt\": \"1986-07-28\",\n          \"Count\": -27743982\n        }\n      ],\n      \"CheckNameOption\": \"None\",\n      \"ForfeitureCalcMethod\": \"officia ex labore\"\n    }\n  },\n  \"Status\": {\n    \"Severity\": \"Info\",\n    \"StatusCode\": \"mollit in\",\n    \"StatusDesc\": \"proident enim ea in est\",\n    \"SvcProviderName\": \"magna dolore eiusmod\",\n    \"Id\": \"esse laborum enim labore\",\n    \"ServerStatusCode\": \"labore sed\",\n    \"ServerStatusDesc\": \"incididunt dolore qui voluptate\",\n    \"OvrdExceptionInd\": false,\n    \"SubjectRole\": \"ut veniam proident\",\n    \"SubjectElement\": [\n      {\n        \"Path\": \"Excepteur esse id\",\n        \"ServerPath\": \"cupidatat in ex\",\n        \"Value\": \"ullamco\"\n      },\n      {\n        \"Path\": \"elit reprehe\",\n        \"ServerPath\": \"aliquip deserunt officia\",\n        \"Value\": \"sit sint\"\n      }\n    ],\n    \"ContentHTML\": \"officia dolor consequat\",\n    \"AdditionalStatus\": [\n      {\n        \"StatusCode\": \"elit culpa\",\n        \"StatusDesc\": \"veniam\",\n        \"Severity\": \"Warning\",\n        \"SvcProviderName\": \"Lorem exercitation\",\n        \"ServerStatusCode\": \"nost\",\n        \"ServerStatusDesc\": \"minim in ipsum in mollit\",\n        \"OvrdExceptionInd\": true,\n        \"SubjectElement\": [\n          {\n            \"Path\": \"cupidatat id velit anim et\",\n            \"ServerPath\": \"culpa quis\",\n            \"Value\": \"voluptate in\"\n          },\n          {\n            \"Path\": \"culpa proident \",\n            \"ServerPath\": \"commodo\",\n            \"Value\": \"amet reprehenderit enim sit\"\n          }\n        ]\n      },\n      {\n        \"StatusCode\": \"dolor\",\n        \"StatusDesc\": \"commodo consequat Lorem ut id\",\n        \"Severity\": \"Info\",\n        \"SvcProviderName\": \"nostrud aliquip\",\n        \"ServerStatusCode\": \"non mollit do aliq\",\n        \"ServerStatusDesc\": \"in dolor ipsum\",\n        \"OvrdExceptionInd\": true,\n        \"SubjectElement\": [\n          {\n            \"Path\": \"consectetur\",\n            \"ServerPath\": \"occaecat Lorem labore velit irure\",\n            \"Value\": \"ut qui cillum\"\n          },\n          {\n            \"Path\": \"\",\n            \"ServerPath\": \"ullamco\",\n            \"Value\": \"ea\"\n          }\n        ]\n      }\n    ]\n  }\n}","cookie":[],"_postman_previewlanguage":"json"},{"id":"325135d3-870c-444c-9e45-9fbb354fa5ac","name":"To view the complete list of response codes, <a href=\"../docs/?path=docs/response-codes.md\" title=\"Click to open\">click here.</a>","originalRequest":{"url":{"path":["acctservice","acctmgmt","accounts","secured"],"host":["{{baseUrl}}"],"query":[],"variable":[]},"header":[{"disabled":false,"description":"(Required) EFX Header is a common and required component for all API calls, it contains client-related parameters. Please note that the header parameters should be sent as a JSON object under the EFXHeader parameter. To view the list of header parameters, <a href=\"../docs?path=docs/api-ref-EFX-header.md\" title=\"Click to open\"> click here.</a>","key":"EFXHeader","value":"OrganizationId,<string>,TrnId,<string>,VendorId,<string>,Context,[object Object]"},{"key":"Accept","value":"application/json"}],"method":"POST","body":{"mode":"raw","raw":"{\n  \"AcctSel\": {\n    \"AcctKeys\": {\n      \"AcctId\": \"<string>\",\n      \"AcctType\": \"<string>\"\n    }\n  }\n}","options":{"raw":{"language":"json"}}}},"status":"Internal Server Error","code":500,"header":[{"key":"Content-Type","value":"application/json"}],"body":"{\n  \"AcctRec\": {\n    \"AcctKeys\": {\n      \"AcctId\": \"<string>\",\n      \"AcctType\": \"<string>\"\n    },\n    \"AcctStatus\": {\n      \"AcctStatusCode\": \"Valid\",\n      \"EffDt\": \"9432-33-01\"\n    },\n    \"DepositAcctInfo\": {\n      \"AcctDtlStatus\": \"Dormant\",\n      \"AcctDtlStatusEnumDesc\": \"Duis nisi veniam reprehenderit\",\n      \"AcctDtlStatusDt\": \"1948-11-14\",\n      \"AcctPref\": {\n        \"Language\": \"UsePortfolio\"\n      },\n      \"AcctIdent\": [\n        {\n          \"AcctIdentType\": \"PORT\",\n          \"AcctIdentValue\": \"cupi\"\n        },\n        {\n          \"AcctIdentType\": \"PORT\",\n          \"AcctIdentValue\": \"nulla dolore\"\n        }\n      ],\n      \"ProductIdent\": \"ipsum ut incididunt\",\n      \"Desc\": \"sint amet in\",\n      \"TaxIncentiveType\": \"HSAFamily\",\n      \"InitialAmount\": {\n        \"Amt\": 88615681.61245531,\n        \"CurCode\": {\n          \"CurCodeValue\": \"labore ullamco\",\n          \"CurCodeType\": \"ISO4217-Alpha\"\n        }\n      },\n      \"OpenDt\": \"1991-03-29\",\n      \"ClosedDt\": \"2015-09-19\",\n      \"BalanceAtClosingAmt\": {\n        \"Amt\": -33228354.48333641\n      },\n      \"Term\": {\n        \"TermUnits\": \"Months\",\n        \"Count\": -65484157,\n        \"TermUnitsEnumDesc\": \"Excepteur eu laboris am\"\n      },\n      \"MaturityDt\": \"1952-03-08\",\n      \"LastContactDt\": \"8042-61-33T35:59:08.979+76:86\",\n      \"DateData\": [\n        {\n          \"DateType\": \"IRALastStmt\",\n          \"DateValue\": \"9628-11-76\"\n        },\n        {\n          \"DateType\": \"IRALastStmt\",\n          \"DateValue\": \"8077-40-79\"\n        }\n      ],\n      \"RelationshipMgr\": [\n        {\n          \"RelationshipMgrIdent\": \"voluptate Exc\",\n          \"RelationshipMgrIdentEnumDesc\": \"veniam commodo tempor\",\n          \"RelationshipRole\": \"Ofiicer\"\n        },\n        {\n          \"RelationshipMgrIdent\": \"id\",\n          \"RelationshipMgrIdentEnumDesc\": \"et do laborum\",\n          \"RelationshipRole\": \"ReferralOfficer\"\n        }\n      ],\n      \"OriginatingBranch\": \"Ut dolor Duis commodo\",\n      \"OriginatingBranchEnumDesc\": \"consectetur\",\n      \"ResponsibleBranch\": \"a\",\n      \"ResponsibleBranchEnumDesc\": \"Lorem ex \",\n      \"NicknameOption\": \"NotPrinted\",\n      \"Nickname\": \"minim aliquip aliqua tempor\",\n      \"AcctTitleOption\": \"PrintBefore\",\n      \"AcctTitle\": \"sed consequat\",\n      \"HandlingCodeOption\": \"NoticesChecks\",\n      \"HandlingCode\": \"eiusmod velit\",\n      \"OEDCode\": \"ea sint sit irure\",\n      \"OEDCodeEnumDesc\": \"enim non nisi\",\n      \"AccountingMethod\": \"Class\",\n      \"AccountingValue\": \"Excep\",\n      \"ClassCode\": \"minim nostrud mollit sint\",\n      \"AcctTypeCode\": \"ut esse laboris irure\",\n      \"AcctOpenMethod\": \"Mail\",\n      \"ClientDefinedData\": [\n        {\n          \"DataIdent\": \"exercitation pariatur Excepteu\",\n          \"DataType\": \"NumericSymbol\",\n          \"Value\": \"irure aute nulla proident dolor\",\n          \"DataLength\": 2919538,\n          \"ExpDt\": \"1970-01-03\",\n          \"Desc\": \"Excepteur in irure\",\n          \"RequiredFlag\": true\n        },\n        {\n          \"DataIdent\": \"sint nostrud nulla deserunt reprehen\",\n          \"DataType\": \"Numeric\",\n          \"Value\": \"id Excepteur dolo\",\n          \"DataLength\": -58601159,\n          \"ExpDt\": \"1990-11-02\",\n          \"Desc\": \"m\",\n          \"RequiredFlag\": true\n        }\n      ],\n      \"AcctStmtData\": {\n        \"StmtTimeFrame\": [\n          {\n            \"RecurType\": {\n              \"value\": \"<Error: Too many levels of nesting to fake this schema>\"\n            },\n            \"RecurTypeEnumDesc\": {\n              \"value\": \"<Error: Too many levels of nesting to fake this schema>\"\n            },\n            \"RecurInterval\": {\n              \"value\": \"<Error: Too many levels of nesting to fake this schema>\"\n            },\n            \"AlternateStmtInd\": {\n              \"value\": \"<Error: Too many levels of nesting to fake this schema>\"\n            },\n            \"AlternateStmtOption\": {\n              \"value\": \"<Error: Too many levels of nesting to fake this schema>\"\n            }\n          },\n          {\n            \"RecurType\": {\n              \"value\": \"<Error: Too many levels of nesting to fake this schema>\"\n            },\n            \"RecurTypeEnumDesc\": {\n              \"value\": \"<Error: Too many levels of nesting to fake this schema>\"\n            },\n            \"RecurInterval\": {\n              \"value\": \"<Error: Too many levels of nesting to fake this schema>\"\n            },\n            \"AlternateStmtInd\": {\n              \"value\": \"<Error: Too many levels of nesting to fake this schema>\"\n            },\n            \"AlternateStmtOption\": {\n              \"value\": \"<Error: Too many levels of nesting to fake this schema>\"\n            }\n          }\n        ],\n        \"LastStmtDt\": \"1946-06-12\",\n        \"CombinedStmtIdent\": \"cupidatat\",\n        \"CombinedStmtCode\": \"SecondarySDA\",\n        \"SpecialStmtCode\": \"FinalStmt\",\n        \"StmtGroup\": \"aute incididunt in\"\n      },\n      \"NoticeData\": [\n        {\n          \"NoticeType\": \"RateChangeNotice\",\n          \"NoticeOption\": \"sint mollit officia dolore velit\"\n        },\n        {\n          \"NoticeType\": \"ChargeBack\",\n          \"NoticeOption\": \"adipisicing exe\"\n        }\n      ],\n      \"ProdIntRateId\": \"aliqua deserunt ad non\",\n      \"ProdIntRateIdEnumDesc\": \"ullamco qui\",\n      \"Rate\": -1614563.751151234,\n      \"IntRateData\": {\n        \"RateMatrixTier\": [\n          {\n            \"Tier\": {\n              \"value\": \"<Error: Too many levels of nesting to fake this schema>\"\n            },\n            \"HighCurAmt\": {\n              \"value\": \"<Error: Too many levels of nesting to fake this schema>\"\n            },\n            \"Rate\": {\n              \"value\": \"<Error: Too many levels of nesting to fake this schema>\"\n            }\n          },\n          {\n            \"Tier\": {\n              \"value\": \"<Error: Too many levels of nesting to fake this schema>\"\n            },\n            \"HighCurAmt\": {\n              \"value\": \"<Error: Too many levels of nesting to fake this schema>\"\n            },\n            \"Rate\": {\n              \"value\": \"<Error: Too many levels of nesting to fake this schema>\"\n            }\n          }\n        ],\n        \"APYRecurType\": \"SemiYearly\",\n        \"AccrualMethod\": \"Simple\",\n        \"AccrualMethodEnumDesc\": \"sint in officia \",\n        \"AccrualOnBalance\": \"Avail\",\n        \"EffDt\": \"7449-82-82T58:17\",\n        \"TierType\": \"0-7\",\n        \"TierAmtType\": \"MinLedger\",\n        \"BalCutOffData\": {\n          \"BalCutOffType\": \"consectetur Lorem labore dolor\",\n          \"BalCutOffAmt\": 59147110.776745826\n        }\n      },\n      \"MaturityIntCalcData\": {\n        \"MaturityIntRateType\": \"MaturityIntRate\",\n        \"MaturityIntRate\": 78803132.83366433,\n        \"MaturityIntRecurType\": \"Daily\",\n        \"MaturityIntInterval\": -60335535\n      },\n      \"RateChangeData\": [\n        {\n          \"RateChangeControl\": \"IndexFreq\",\n          \"RateChangeControlEnumDesc\": \"esse ad aliquip repre\",\n          \"VarianceFactorType\": \"Factor\",\n          \"RateVariance\": -73635397.37488857,\n          \"PendingRate\": [\n            {\n              \"value\": \"<Error: Too many levels of nesting to fake this schema>\"\n            },\n            {\n              \"value\": \"<Error: Too many levels of nesting to fake this schema>\"\n            }\n          ],\n          \"IncreaseOnlyInd\": false,\n          \"FloorRate\": 3310652.584323168,\n          \"CeilingRate\": -93448947.88319133,\n          \"RateChangeRecurType\": \"SemiYearly\",\n          \"RateChangeRecurTypeEnumDesc\": \"in tempor esse et Exc\",\n          \"RecurInterval\": -75813994,\n          \"DayOfMonth\": \"1 thru 31\",\n          \"LeadDays\": 43916370,\n          \"NextRateChangeDt\": \"2014-04-15\"\n        },\n        {\n          \"RateChangeControl\": \"StepFreq\",\n          \"RateChangeControlEnumDesc\": \"nostrud eu ipsum\",\n          \"VarianceFactorType\": \"Factor\",\n          \"RateVariance\": -62425013.714761324,\n          \"PendingRate\": [\n            {\n              \"value\": \"<Error: Too many levels of nesting to fake this schema>\"\n            },\n            {\n              \"value\": \"<Error: Too many levels of nesting to fake this schema>\"\n            }\n          ],\n          \"IncreaseOnlyInd\": false,\n          \"FloorRate\": 70120809.13920218,\n          \"CeilingRate\": -3874243.2755458653,\n          \"RateChangeRecurType\": \"Monthly\",\n          \"RateChangeRecurTypeEnumDesc\": \"occaecat\",\n          \"RecurInterval\": 58183251,\n          \"DayOfMonth\": \"1 thru 31\",\n          \"LeadDays\": -52877949,\n          \"NextRateChangeDt\": \"1949-06-09\"\n        }\n      ],\n      \"AcctBal\": [\n        {\n          \"BalType\": \"PrevAvailChk\",\n          \"CurAmt\": {\n            \"Amt\": {\n              \"value\": \"<Error: Too many levels of nesting to fake this schema>\"\n            },\n            \"CurCode\": {\n              \"value\": \"<Error: Too many levels of nesting to fake this schema>\"\n            }\n          }\n        },\n        {\n          \"BalType\": \"Ledger\",\n          \"CurAmt\": {\n            \"Amt\": {\n              \"value\": \"<Error: Too many levels of nesting to fake this schema>\"\n            },\n            \"CurCode\": {\n              \"value\": \"<Error: Too many levels of nesting to fake this schema>\"\n            }\n          }\n        }\n      ],\n      \"AcctPeriodData\": [\n        {\n          \"AcctAmtType\": \"ForfeitureAmt\",\n          \"AcctPeriodType\": \"PriorCycle\",\n          \"TotalInPeriod\": {\n            \"Units\": {\n              \"value\": \"<Error: Too many levels of nesting to fake this schema>\"\n            },\n            \"Count\": {\n              \"value\": \"<Error: Too many levels of nesting to fake this schema>\"\n            }\n          },\n          \"InPeriod\": {\n            \"Units\": {\n              \"value\": \"<Error: Too many levels of nesting to fake this schema>\"\n            },\n            \"Count\": {\n              \"value\": \"<Error: Too many levels of nesting to fake this schema>\"\n            }\n          },\n          \"LastOccurInd\": false,\n          \"Amt\": 26676399.75075917,\n          \"Count\": -86477278,\n          \"Rate\": -60444045.44671585,\n          \"LastOccuranceDt\": \"1019-80-47\"\n        },\n        {\n          \"AcctAmtType\": \"NSFPaid\",\n          \"AcctPeriodType\": \"YTD\",\n          \"TotalInPeriod\": {\n            \"Units\": {\n              \"value\": \"<Error: Too many levels of nesting to fake this schema>\"\n            },\n            \"Count\": {\n              \"value\": \"<Error: Too many levels of nesting to fake this schema>\"\n            }\n          },\n          \"InPeriod\": {\n            \"Units\": {\n              \"value\": \"<Error: Too many levels of nesting to fake this schema>\"\n            },\n            \"Count\": {\n              \"value\": \"<Error: Too many levels of nesting to fake this schema>\"\n            }\n          },\n          \"LastOccurInd\": true,\n          \"Amt\": -55535559.731426254,\n          \"Count\": 72853038,\n          \"Rate\": 90903253.17365342,\n          \"LastOccuranceDt\": \"6149-38-52\"\n        }\n      ],\n      \"TranCounter\": [\n        {\n          \"TranCounterType\": \"RegD6\",\n          \"Count\": -59296362\n        },\n        {\n          \"TranCounterType\": \"RegD6\",\n          \"Count\": -72079382\n        }\n      ],\n      \"PostAddr\": [\n        {\n          \"AddrType\": \"Primary\",\n          \"AddressIdent\": \"Duis d\",\n          \"AddrUse\": \"Mailing\",\n          \"AddrUseEnumDesc\": \"deserunt nisi officia\",\n          \"AddrFormatType\": \"Label\",\n          \"FullName1\": \"dolore Excepteur sed\",\n          \"FullName2\": \"est esse deserunt\",\n          \"FullName3\": \"Ut sit\",\n          \"Addr1\": \"consectetur amet sit do adipisicing\",\n          \"Addr2\": \"minim dolor et \",\n          \"City\": \"nisi adipisicing esse volupta\",\n          \"StateProv\": \"tempor veniam adipisicing ut incididunt\",\n          \"PostalCode\": \"in incidi\",\n          \"CountryCode\": {\n            \"CountryCodeValue\": {\n              \"value\": \"<Error: Too many levels of nesting to fake this schema>\"\n            },\n            \"CountryCodeSource\": {\n              \"value\": \"<Error: Too many levels of nesting to fake this schema>\"\n            },\n            \"CountryCodeValueEnumDesc\": {\n              \"value\": \"<Error: Too many levels of nesting to fake this schema>\"\n            }\n          },\n          \"TimeFrame\": {\n            \"StartDt\": {\n              \"value\": \"<Error: Too many levels of nesting to fake this schema>\"\n            },\n            \"EndDt\": {\n              \"value\": \"<Error: Too many levels of nesting to fake this schema>\"\n            }\n          },\n          \"CensusTract\": \"exerci\",\n          \"CensusBlock\": \"in anim\",\n          \"ForeignFlag\": false,\n          \"HandlingCode\": \"cillum Excepteur mollit\",\n          \"HandlingCodeOption\": \"Checks\",\n          \"MSACode\": 60705999\n        },\n        {\n          \"AddrType\": \"Primary\",\n          \"AddressIdent\": \"sint in quis\",\n          \"AddrUse\": \"Inquiry\",\n          \"AddrUseEnumDesc\": \"id magna nulla elit\",\n          \"AddrFormatType\": \"Label\",\n          \"FullName1\": \"id\",\n          \"FullName2\": \"offic\",\n          \"FullName3\": \"qui nisi\",\n          \"Addr1\": \"sunt amet\",\n          \"Addr2\": \"nostrud Lorem anim eiusmod Duis\",\n          \"City\": \"Ut adipisicing magna sit\",\n          \"StateProv\": \"aliquip dolore proident\",\n          \"PostalCode\": \"laborum\",\n          \"CountryCode\": {\n            \"CountryCodeValue\": {\n              \"value\": \"<Error: Too many levels of nesting to fake this schema>\"\n            },\n            \"CountryCodeSource\": {\n              \"value\": \"<Error: Too many levels of nesting to fake this schema>\"\n            },\n            \"CountryCodeValueEnumDesc\": {\n              \"value\": \"<Error: Too many levels of nesting to fake this schema>\"\n            }\n          },\n          \"TimeFrame\": {\n            \"StartDt\": {\n              \"value\": \"<Error: Too many levels of nesting to fake this schema>\"\n            },\n            \"EndDt\": {\n              \"value\": \"<Error: Too many levels of nesting to fake this schema>\"\n            }\n          },\n          \"CensusTract\": \"magn\",\n          \"CensusBlock\": \"laboris Ut non\",\n          \"ForeignFlag\": true,\n          \"HandlingCode\": \"magna velit Excepteur\",\n          \"HandlingCodeOption\": \"NoticesChecks\",\n          \"MSACode\": -60594666\n        }\n      ],\n      \"TaxIdentType\": \"None\",\n      \"TaxIdent\": \"amet \",\n      \"TaxExempt\": \"dolore labore\",\n      \"WithholdingOption\": \"StateTax\",\n      \"WithholdingOptionEnumDesc\": \"do et\",\n      \"WithholdingData\": {\n        \"WithholdingType\": \"FederalTax\",\n        \"WithholdingPercent\": -57792157.20334601\n      },\n      \"IntReportingInd\": false,\n      \"Fee\": [\n        {\n          \"FeeType\": \"Recurring\",\n          \"FeeIdent\": \"proident\",\n          \"FeePlan\": \"aute tempor\",\n          \"Desc\": \"officia\",\n          \"FeeOption\": \"Charge\",\n          \"CurAmt\": {\n            \"Amt\": {\n              \"value\": \"<Error: Too many levels of nesting to fake this schema>\"\n            },\n            \"CurCode\": {\n              \"value\": \"<Error: Too many levels of nesting to fake this schema>\"\n            }\n          },\n          \"TimeFrame\": {\n            \"StartDt\": {\n              \"value\": \"<Error: Too many levels of nesting to fake this schema>\"\n            },\n            \"RecurRule\": {\n              \"value\": \"<Error: Too many levels of nesting to fake this schema>\"\n            }\n          },\n          \"FeeWaiver\": {\n            \"WaiverCode\": {\n              \"value\": \"<Error: Too many levels of nesting to fake this schema>\"\n            }\n          }\n        },\n        {\n          \"FeeType\": \"FDIC\",\n          \"FeeIdent\": \"est qui tempor ullamco\",\n          \"FeePlan\": \"ipsum\",\n          \"Desc\": \"esse\",\n          \"FeeOption\": \"Charge\",\n          \"CurAmt\": {\n            \"Amt\": {\n              \"value\": \"<Error: Too many levels of nesting to fake this schema>\"\n            },\n            \"CurCode\": {\n              \"value\": \"<Error: Too many levels of nesting to fake this schema>\"\n            }\n          },\n          \"TimeFrame\": {\n            \"StartDt\": {\n              \"value\": \"<Error: Too many levels of nesting to fake this schema>\"\n            },\n            \"RecurRule\": {\n              \"value\": \"<Error: Too many levels of nesting to fake this schema>\"\n            }\n          },\n          \"FeeWaiver\": {\n            \"WaiverCode\": {\n              \"value\": \"<Error: Too many levels of nesting to fake this schema>\"\n            }\n          }\n        }\n      ],\n      \"CreditRisk\": [\n        {\n          \"RiskCategory\": \"RiskScore1\",\n          \"InternalScore\": \"adipisicing esse aliqua\"\n        },\n        {\n          \"RiskCategory\": \"RiskScore2\",\n          \"InternalScore\": \"est aute labore Ut\"\n        }\n      ],\n      \"RiskRanking\": \"aliquip pariatur\",\n      \"TrnRestriction\": \"dolor nisi sint\",\n      \"TrnRestrictionOvrd\": \"Excepteur tempor mollit ex\",\n      \"ElectronicBankingOpt\": \"Disable\",\n      \"ReportGroupCode\": \"irure veniam esse minim cillum\",\n      \"DocDistributionOption\": \"esse elit et sint est\",\n      \"DocDistributionOptionEnumDesc\": \"Excepteur ex\",\n      \"NAICS\": \"sunt\",\n      \"CostCenter\": \"nisi ut nulla irure\",\n      \"RetentionOption\": \"None\",\n      \"AcctMemoData\": [\n        {\n          \"AcctMemoIdent\": \"ad ut\",\n          \"AcctMemoType\": \"Warning\",\n          \"AcctMemoText\": \"id commodo voluptate\"\n        },\n        {\n          \"AcctMemoIdent\": \"sit non ut\",\n          \"AcctMemoType\": \"Warning\",\n          \"AcctMemoText\": \"elit\"\n        }\n      ],\n      \"RenewalData\": {\n        \"RenewalOption\": \"AutomaticRenewal\",\n        \"RenewalOptionEnumDesc\": \"amet sit\",\n        \"RenewalFrequency\": {\n          \"RecurType\": \"Monthly\",\n          \"RecurInterval\": 81037582\n        },\n        \"LastRenewalDt\": \"1988-02-22\",\n        \"RenewalProductIdent\": \"ex qui\"\n      },\n      \"IntDispData\": {\n        \"IntDisposition\": \"Capitalize\",\n        \"IntDistAcctRef\": {\n          \"AcctKeys\": {\n            \"value\": \"<Error: Too many levels of nesting to fake this schema>\"\n          }\n        },\n        \"DistributionAmt\": {\n          \"Amt\": -81869173.366746,\n          \"CurCode\": {\n            \"value\": \"<Error: Too many levels of nesting to fake this schema>\"\n          }\n        },\n        \"WithholdingOption\": \"StateFederalTax\",\n        \"IntPmtFrequency\": [\n          {\n            \"RecurType\": {\n              \"value\": \"<Error: Too many levels of nesting to fake this schema>\"\n            },\n            \"RecurTypeEnumDesc\": {\n              \"value\": \"<Error: Too many levels of nesting to fake this schema>\"\n            },\n            \"RecurInterval\": {\n              \"value\": \"<Error: Too many levels of nesting to fake this schema>\"\n            },\n            \"DayOfMonth\": {\n              \"value\": \"<Error: Too many levels of nesting to fake this schema>\"\n            }\n          },\n          {\n            \"RecurType\": {\n              \"value\": \"<Error: Too many levels of nesting to fake this schema>\"\n            },\n            \"RecurTypeEnumDesc\": {\n              \"value\": \"<Error: Too many levels of nesting to fake this schema>\"\n            },\n            \"RecurInterval\": {\n              \"value\": \"<Error: Too many levels of nesting to fake this schema>\"\n            },\n            \"DayOfMonth\": {\n              \"value\": \"<Error: Too many levels of nesting to fake this schema>\"\n            }\n          }\n        ],\n        \"NextIntPmtDt\": \"2009-10-19\",\n        \"LastIntPmtDt\": \"2005-85-53T03:50\"\n      },\n      \"RetirementAcctData\": {\n        \"RetirementPlanType\": \"consequat reprehenderit\",\n        \"RetirementPlanTypeEnumDesc\": \"ad Lorem ut culpa\",\n        \"RetirementStatus\": \"NotEligible\",\n        \"RetirementStatusEnumDesc\": \"aliqua consequat sunt consectetur\",\n        \"LastRolloverDt\": \"1992-06-06\"\n      },\n      \"ClubPayoffData\": {\n        \"ClubPayoffOption\": \"Check\",\n        \"ClubPayoffAcctRef\": {\n          \"AcctKeys\": {\n            \"value\": \"<Error: Too many levels of nesting to fake this schema>\"\n          }\n        }\n      },\n      \"OverdraftData\": {},\n      \"FloatData\": [\n        {\n          \"FloatType\": \"RegCC\",\n          \"FloatDetails\": [\n            {\n              \"value\": \"<Error: Too many levels of nesting to fake this schema>\"\n            },\n            {\n              \"value\": \"<Error: Too many levels of nesting to fake this schema>\"\n            }\n          ]\n        },\n        {\n          \"FloatType\": \"RegCC\",\n          \"FloatDetails\": [\n            {\n              \"value\": \"<Error: Too many levels of nesting to fake this schema>\"\n            },\n            {\n              \"value\": \"<Error: Too many levels of nesting to fake this schema>\"\n            }\n          ]\n        }\n      ],\n      \"SvcChgData\": {\n        \"SvcChgMethod\": [\n          {\n            \"SvcChgMethodType\": {\n              \"value\": \"<Error: Too many levels of nesting to fake this schema>\"\n            },\n            \"SvcChgMethodOpt\": {\n              \"value\": \"<Error: Too many levels of nesting to fake this schema>\"\n            }\n          },\n          {\n            \"SvcChgMethodType\": {\n              \"value\": \"<Error: Too many levels of nesting to fake this schema>\"\n            },\n            \"SvcChgMethodOpt\": {\n              \"value\": \"<Error: Too many levels of nesting to fake this schema>\"\n            }\n          }\n        ],\n        \"CreditBackAcct\": [\n          {\n            \"CreditBackIdent\": {\n              \"value\": \"<Error: Too many levels of nesting to fake this schema>\"\n            }\n          },\n          {\n            \"CreditBackIdent\": {\n              \"value\": \"<Error: Too many levels of nesting to fake this schema>\"\n            }\n          }\n        ],\n        \"SvcChgAcctRef\": {\n          \"AcctKeys\": {\n            \"value\": \"<Error: Too many levels of nesting to fake this schema>\"\n          }\n        },\n        \"SvcChgWaiveCode\": -33499632,\n        \"SvcChgWaiveTaxInd\": false,\n        \"LastSvcChgDt\": \"2012-03-10\",\n        \"SvcChgTimeFrame\": [\n          {\n            \"RecurType\": {\n              \"value\": \"<Error: Too many levels of nesting to fake this schema>\"\n            },\n            \"RecurInterval\": {\n              \"value\": \"<Error: Too many levels of nesting to fake this schema>\"\n            }\n          },\n          {\n            \"RecurType\": {\n              \"value\": \"<Error: Too many levels of nesting to fake this schema>\"\n            },\n            \"RecurInterval\": {\n              \"value\": \"<Error: Too many levels of nesting to fake this schema>\"\n            }\n          }\n        ]\n      },\n      \"EscheatDt\": \"1998-05-05\",\n      \"RegCCData\": {\n        \"RegCCStatus\": \"OverdrafterAuto\",\n        \"RegCCStatusDt\": \"1994-06-30\",\n        \"RegCCException\": \"in voluptate cillum ea\",\n        \"RegCCExceptionExpDt\": \"2014-07-15\",\n        \"RegCC_NSF\": [\n          {\n            \"NSFIdent\": {\n              \"value\": \"<Error: Too many levels of nesting to fake this schema>\"\n            },\n            \"RegCC_NSFType\": {\n              \"value\": \"<Error: Too many levels of nesting to fake this schema>\"\n            },\n            \"Count\": {\n              \"value\": \"<Error: Too many levels of nesting to fake this schema>\"\n            }\n          },\n          {\n            \"NSFIdent\": {\n              \"value\": \"<Error: Too many levels of nesting to fake this schema>\"\n            },\n            \"RegCC_NSFType\": {\n              \"value\": \"<Error: Too many levels of nesting to fake this schema>\"\n            },\n            \"Count\": {\n              \"value\": \"<Error: Too many levels of nesting to fake this schema>\"\n            }\n          }\n        ]\n      },\n      \"CollateralPledgeCode\": \"Lorem nostrud\",\n      \"EIM_NSFInstruction\": \"Post\",\n      \"NSFEntry\": [\n        {\n          \"NSFIdent\": \"dolore labore ex aute\",\n          \"NSFDt\": \"2000-11-08\",\n          \"Count\": -67624527\n        },\n        {\n          \"NSFIdent\": \"ut nostrud\",\n          \"NSFDt\": \"1949-11-22\",\n          \"Count\": 34480363\n        }\n      ],\n      \"CheckNameOption\": \"JointAnd\",\n      \"ForfeitureCalcMethod\": \"irure in ea qui\"\n    }\n  },\n  \"Status\": {\n    \"Severity\": \"Info\",\n    \"StatusCode\": \"ut incididunt et \",\n    \"StatusDesc\": \"est occaecat\",\n    \"SvcProviderName\": \"amet qui velit non\",\n    \"Id\": \"sunt magna ex consectetur\",\n    \"ServerStatusCode\": \"do\",\n    \"ServerStatusDesc\": \"sit qui laborum consectetur\",\n    \"OvrdExceptionInd\": true,\n    \"SubjectRole\": \"sint\",\n    \"SubjectElement\": [\n      {\n        \"Path\": \"dolor dolore\",\n        \"ServerPath\": \"in magna laborum\",\n        \"Value\": \"eu fugiat ut\"\n      },\n      {\n        \"Path\": \"consequat laboris\",\n        \"ServerPath\": \"occaecat ullamco\",\n        \"Value\": \"consectetur in minim\"\n      }\n    ],\n    \"ContentHTML\": \"tempor sunt\",\n    \"AdditionalStatus\": [\n      {\n        \"StatusCode\": \"dolor magna\",\n        \"StatusDesc\": \"labore\",\n        \"Severity\": \"Info\",\n        \"SvcProviderName\": \"in ipsum dolo\",\n        \"ServerStatusCode\": \"proident\",\n        \"ServerStatusDesc\": \"do\",\n        \"OvrdExceptionInd\": true,\n        \"SubjectElement\": [\n          {\n            \"Path\": \"et consequat\",\n            \"ServerPath\": \"fugiat qui aliquip velit\",\n            \"Value\": \"in aliquip cillum\"\n          },\n          {\n            \"Path\": \"pariatur dolor qui\",\n            \"ServerPath\": \"do voluptate culpa\",\n            \"Value\": \"in\"\n          }\n        ]\n      },\n      {\n        \"StatusCode\": \"id\",\n        \"StatusDesc\": \"qui labore consequat nulla\",\n        \"Severity\": \"Warning\",\n        \"SvcProviderName\": \"amet occaecat\",\n        \"ServerStatusCode\": \"do\",\n        \"ServerStatusDesc\": \"deserunt velit in\",\n        \"OvrdExceptionInd\": false,\n        \"SubjectElement\": [\n          {\n            \"Path\": \"voluptate nulla\",\n            \"ServerPath\": \"in\",\n            \"Value\": \"mollit occa\"\n          },\n          {\n            \"Path\": \"incididunt Lo\",\n            \"ServerPath\": \"voluptate esse\",\n            \"Value\": \"amet\"\n          }\n        ]\n      }\n    ]\n  }\n}","cookie":[],"_postman_previewlanguage":"json"}],"event":[],"protocolProfileBehavior":{"disableBodyPruning":true}}],"event":[],"variable":[{"type":"string","value":"/","key":"baseUrl"}],"info":{"_postman_id":"84a12e66-ad2c-49fa-ac94-ef4d802b7093","name":"Account Service","schema":"https://schema.getpostman.com/json/collection/v2.1.0/collection.json","description":{"content":"The account service helps to create and manage product accounts serviced by the financial institutions. It is also used to retrieve information about the existing accounts and maintain information of new accounts.","type":"text/plain"}}}