{"item":[{"id":"bf7c7ed0-6df6-4dcf-8daf-fec4dc6ef7c7","name":"Update Account.","request":{"name":"Update Account.","description":{"content":"Modifies account-related information, such as deposit account details, interest payment details, flex data details, and account address and name details for the following accounts:<br>\n        <ul>\n          <li>Certificate of Deposit (CDA)</li>\n          <li>Demand Deposit Account (DDA)</li>\n          <li>Savings Deposit Account (SDA)</li>\n        </ul>\n        For more information about the Accounts domain, <a href=\"../docs/?path=docs/fintechs/accounts.md\" title=\"Click to open\">click here.</a><br><br>\n        <b>Relates to:</b>\n          <ul> \n            <li><a href=\"../docs/?path=docs/banks-and-CU/deposits.md\" title=\"Click to open\">Deposits</a></li>\n            <li><a href=\"../docs/?path=docs/banks-and-CU/loans.md\" title=\"Click to open\">Loans</a></li>\n            <li><a href=\"../docs/?path=docs/banks-and-CU/bank-servicing.md\" title=\"Click to open\">Bank Servicing</a></li>\n          </ul>","type":"text/plain"},"url":{"path":["acctservice","acctmgmt","accounts"],"host":["{{baseUrl}}"],"query":[],"variable":[]},"header":[{"disabled":false,"description":"(Required) EFX Header is a common and required component for all API calls, it contains client-related parameters. Please note that the header parameters should be sent as a JSON object under the EFXHeader parameter. To view the list of header parameters, <a href=\"../docs?path=docs/api-ref-EFX-header.md\" title=\"Click to open\"> click here.</a>","key":"EFXHeader","value":"OrganizationId,<string>,TrnId,<string>,VendorId,<string>,Context,[object Object]"},{"key":"Content-Type","value":"application/json"},{"key":"Accept","value":"application/json"}],"method":"PUT","auth":null,"body":{"mode":"raw","raw":"{\n  \"AcctKeys\": {\n    \"AcctId\": \"<string>\",\n    \"AcctType\": \"<string>\"\n  },\n  \"OvrdExceptionData\": {\n    \"OvrdAutoAckInd\": \"<boolean>\"\n  },\n  \"DepositAcctInfo\": {\n    \"AcctDtlStatus\": \"<string>\",\n    \"ClientDefinedData\": [\n      {\n        \"DataIdent\": \"<string>\",\n        \"Value\": \"<string>\"\n      },\n      {\n        \"DataIdent\": \"<string>\",\n        \"Value\": \"<string>\"\n      }\n    ],\n    \"AcctStmtData\": {\n      \"StmtTimeFrame\": [\n        {\n          \"RecurType\": \"<string>\",\n          \"RecurInterval\": \"<long>\",\n          \"DayOfMonth\": \"<string>\"\n        },\n        {\n          \"RecurType\": \"<string>\",\n          \"RecurInterval\": \"<long>\",\n          \"DayOfMonth\": \"<string>\"\n        }\n      ],\n      \"NextStmtDt\": \"<date>\",\n      \"AdditionalStmtCount\": \"<long>\",\n      \"StmtFormat\": \"<string>\",\n      \"MailCode\": \"<string>\"\n    },\n    \"ProdIntRateId\": \"<string>\",\n    \"PromotionalRate\": {\n      \"StartDt\": \"<string>\",\n      \"EndDt\": \"<string>\",\n      \"MarginType\": \"<string>\",\n      \"Margin\": \"<number>\"\n    },\n    \"AlternateAddrInd\": \"<boolean>\",\n    \"IntDispData\": {\n      \"IntDisposition\": \"<string>\",\n      \"IntDistAcctRef\": {\n        \"AcctKeys\": {\n          \"AcctId\": \"<string>\",\n          \"AcctType\": \"<string>\",\n          \"FIIdentType\": \"<string>\",\n          \"FIIdent\": \"<string>\"\n        },\n        \"ACHReceivingCompany\": \"<string>\"\n      },\n      \"IntPmtFrequency\": [\n        {\n          \"RecurType\": \"<string>\",\n          \"RecurInterval\": \"<long>\",\n          \"DayOfMonth\": \"<string>\"\n        },\n        {\n          \"RecurType\": \"<string>\",\n          \"RecurInterval\": \"<long>\",\n          \"DayOfMonth\": \"<string>\"\n        }\n      ],\n      \"NextIntPmtDt\": \"<date>\",\n      \"ACHNoticeInd\": \"<boolean>\"\n    },\n    \"FloatData\": [\n      {\n        \"ImmediateCreditAmt\": {\n          \"Amt\": \"<number>\",\n          \"CurCode\": {\n            \"CurCodeValue\": {\n              \"value\": \"<Error: Too many levels of nesting to fake this schema>\"\n            },\n            \"CurCodeType\": {\n              \"value\": \"<Error: Too many levels of nesting to fake this schema>\"\n            }\n          }\n        }\n      },\n      {\n        \"ImmediateCreditAmt\": {\n          \"Amt\": \"<number>\",\n          \"CurCode\": {\n            \"CurCodeValue\": {\n              \"value\": \"<Error: Too many levels of nesting to fake this schema>\"\n            },\n            \"CurCodeType\": {\n              \"value\": \"<Error: Too many levels of nesting to fake this schema>\"\n            }\n          }\n        }\n      }\n    ],\n    \"SvcChgData\": {\n      \"SvcChgMethod\": [\n        {\n          \"SvcChgMethodType\": \"<string>\",\n          \"SvcChgMethodOpt\": \"<long>\"\n        },\n        {\n          \"SvcChgMethodType\": \"<string>\",\n          \"SvcChgMethodOpt\": \"<long>\"\n        }\n      ],\n      \"NextSvcChgDt\": \"<date>\",\n      \"SvcChgTimeFrame\": [\n        {\n          \"RecurType\": \"<string>\",\n          \"RecurInterval\": \"<long>\",\n          \"DayOfMonth\": \"<string>\",\n          \"RecurStartDate\": \"<date>\",\n          \"RecurEndDate\": \"<date>\"\n        },\n        {\n          \"RecurType\": \"<string>\",\n          \"RecurInterval\": \"<long>\",\n          \"DayOfMonth\": \"<string>\",\n          \"RecurStartDate\": \"<date>\",\n          \"RecurEndDate\": \"<date>\"\n        }\n      ],\n      \"SvcChgBillDayOfMonth\": \"<string>\",\n      \"SvcChgBillDeferDays\": \"<long>\"\n    },\n    \"BrokeredDeposit\": \"<string>\",\n    \"DepositListingSvc\": \"<string>\",\n    \"RegCCData\": {\n      \"RegCCStatus\": \"<string>\"\n    }\n  }\n}","options":{"raw":{"language":"json"}}}},"response":[{"id":"6f5fe863-6cbc-4bfb-8dbe-3880b8f2f7ae","name":"Created","originalRequest":{"url":{"path":["acctservice","acctmgmt","accounts"],"host":["{{baseUrl}}"],"query":[],"variable":[]},"header":[{"disabled":false,"description":"(Required) EFX Header is a common and required component for all API calls, it contains client-related parameters. Please note that the header parameters should be sent as a JSON object under the EFXHeader parameter. To view the list of header parameters, <a href=\"../docs?path=docs/api-ref-EFX-header.md\" title=\"Click to open\"> click here.</a>","key":"EFXHeader","value":"OrganizationId,<string>,TrnId,<string>,VendorId,<string>,Context,[object Object]"},{"key":"Accept","value":"application/json"}],"method":"PUT","body":{"mode":"raw","raw":"{\n  \"AcctKeys\": {\n    \"AcctId\": \"<string>\",\n    \"AcctType\": \"<string>\"\n  },\n  \"OvrdExceptionData\": {\n    \"OvrdAutoAckInd\": \"<boolean>\"\n  },\n  \"DepositAcctInfo\": {\n    \"AcctDtlStatus\": \"<string>\",\n    \"ClientDefinedData\": [\n      {\n        \"DataIdent\": \"<string>\",\n        \"Value\": \"<string>\"\n      },\n      {\n        \"DataIdent\": \"<string>\",\n        \"Value\": \"<string>\"\n      }\n    ],\n    \"AcctStmtData\": {\n      \"StmtTimeFrame\": [\n        {\n          \"RecurType\": \"<string>\",\n          \"RecurInterval\": \"<long>\",\n          \"DayOfMonth\": \"<string>\"\n        },\n        {\n          \"RecurType\": \"<string>\",\n          \"RecurInterval\": \"<long>\",\n          \"DayOfMonth\": \"<string>\"\n        }\n      ],\n      \"NextStmtDt\": \"<date>\",\n      \"AdditionalStmtCount\": \"<long>\",\n      \"StmtFormat\": \"<string>\",\n      \"MailCode\": \"<string>\"\n    },\n    \"ProdIntRateId\": \"<string>\",\n    \"PromotionalRate\": {\n      \"StartDt\": \"<string>\",\n      \"EndDt\": \"<string>\",\n      \"MarginType\": \"<string>\",\n      \"Margin\": \"<number>\"\n    },\n    \"AlternateAddrInd\": \"<boolean>\",\n    \"IntDispData\": {\n      \"IntDisposition\": \"<string>\",\n      \"IntDistAcctRef\": {\n        \"AcctKeys\": {\n          \"AcctId\": \"<string>\",\n          \"AcctType\": \"<string>\",\n          \"FIIdentType\": \"<string>\",\n          \"FIIdent\": \"<string>\"\n        },\n        \"ACHReceivingCompany\": \"<string>\"\n      },\n      \"IntPmtFrequency\": [\n        {\n          \"RecurType\": \"<string>\",\n          \"RecurInterval\": \"<long>\",\n          \"DayOfMonth\": \"<string>\"\n        },\n        {\n          \"RecurType\": \"<string>\",\n          \"RecurInterval\": \"<long>\",\n          \"DayOfMonth\": \"<string>\"\n        }\n      ],\n      \"NextIntPmtDt\": \"<date>\",\n      \"ACHNoticeInd\": \"<boolean>\"\n    },\n    \"FloatData\": [\n      {\n        \"ImmediateCreditAmt\": {\n          \"Amt\": \"<number>\",\n          \"CurCode\": {\n            \"CurCodeValue\": {\n              \"value\": \"<Error: Too many levels of nesting to fake this schema>\"\n            },\n            \"CurCodeType\": {\n              \"value\": \"<Error: Too many levels of nesting to fake this schema>\"\n            }\n          }\n        }\n      },\n      {\n        \"ImmediateCreditAmt\": {\n          \"Amt\": \"<number>\",\n          \"CurCode\": {\n            \"CurCodeValue\": {\n              \"value\": \"<Error: Too many levels of nesting to fake this schema>\"\n            },\n            \"CurCodeType\": {\n              \"value\": \"<Error: Too many levels of nesting to fake this schema>\"\n            }\n          }\n        }\n      }\n    ],\n    \"SvcChgData\": {\n      \"SvcChgMethod\": [\n        {\n          \"SvcChgMethodType\": \"<string>\",\n          \"SvcChgMethodOpt\": \"<long>\"\n        },\n        {\n          \"SvcChgMethodType\": \"<string>\",\n          \"SvcChgMethodOpt\": \"<long>\"\n        }\n      ],\n      \"NextSvcChgDt\": \"<date>\",\n      \"SvcChgTimeFrame\": [\n        {\n          \"RecurType\": \"<string>\",\n          \"RecurInterval\": \"<long>\",\n          \"DayOfMonth\": \"<string>\",\n          \"RecurStartDate\": \"<date>\",\n          \"RecurEndDate\": \"<date>\"\n        },\n        {\n          \"RecurType\": \"<string>\",\n          \"RecurInterval\": \"<long>\",\n          \"DayOfMonth\": \"<string>\",\n          \"RecurStartDate\": \"<date>\",\n          \"RecurEndDate\": \"<date>\"\n        }\n      ],\n      \"SvcChgBillDayOfMonth\": \"<string>\",\n      \"SvcChgBillDeferDays\": \"<long>\"\n    },\n    \"BrokeredDeposit\": \"<string>\",\n    \"DepositListingSvc\": \"<string>\",\n    \"RegCCData\": {\n      \"RegCCStatus\": \"<string>\"\n    }\n  }\n}","options":{"raw":{"language":"json"}}}},"status":"Created","code":201,"header":[{"key":"Content-Type","value":"application/json"}],"body":"{\n  \"AcctStatusRec\": {\n    \"AcctKeys\": {\n      \"AcctId\": \"commodo amet veniam\",\n      \"AcctType\": \"SDA\"\n    },\n    \"AcctStatus\": {\n      \"AcctStatusCode\": \"Valid\",\n      \"EffDt\": \"9644-81-10T92:48\"\n    }\n  },\n  \"Status\": {\n    \"Severity\": \"Error\",\n    \"StatusCode\": \"laborum labore\",\n    \"StatusDesc\": \"ad nulla\",\n    \"SvcProviderName\": \"officia in\",\n    \"Id\": \"ut proident dolore in\",\n    \"ServerStatusCode\": \"enim sin\",\n    \"ServerStatusDesc\": \"pariatur officia\",\n    \"OvrdExceptionInd\": false,\n    \"SubjectRole\": \"eu eiusmod\",\n    \"SubjectElement\": [\n      {\n        \"Path\": \"nulla quis occaecat commodo\",\n        \"ServerPath\": \"elit est sunt\",\n        \"Value\": \"aliquip in\"\n      },\n      {\n        \"Path\": \"anim velit magna laborum\",\n        \"ServerPath\": \"occaecat laborum\",\n        \"Value\": \"eu\"\n      }\n    ],\n    \"ContentHTML\": \"magna consectetur exercitation ea ex\",\n    \"AdditionalStatus\": [\n      {\n        \"StatusCode\": \"irure a\",\n        \"StatusDesc\": \"eiusmod\",\n        \"Severity\": \"Warning\",\n        \"SvcProviderName\": \"dolore et enim incididunt adipisicing\",\n        \"ServerStatusCode\": \"\",\n        \"ServerStatusDesc\": \"in incididunt\",\n        \"OvrdExceptionInd\": false,\n        \"SubjectElement\": [\n          {\n            \"Path\": \"velit voluptate occaecat fug\",\n            \"ServerPath\": \"v\",\n            \"Value\": \"est elit labore\"\n          },\n          {\n            \"Path\": \"sint\",\n            \"ServerPath\": \"nostrud laborum dolor\",\n            \"Value\": \"velit dolore quis\"\n          }\n        ]\n      },\n      {\n        \"StatusCode\": \"ut \",\n        \"StatusDesc\": \"ullamco fugiat cupidatat labore\",\n        \"Severity\": \"Error\",\n        \"SvcProviderName\": \"tempor eu nisi\",\n        \"ServerStatusCode\": \"fugiat te\",\n        \"ServerStatusDesc\": \"aute ut\",\n        \"OvrdExceptionInd\": false,\n        \"SubjectElement\": [\n          {\n            \"Path\": \"deserunt Ut sunt\",\n            \"ServerPath\": \"officia commodo amet ullamco\",\n            \"Value\": \"magna dolore ad consectetur aute\"\n          },\n          {\n            \"Path\": \"in ad\",\n            \"ServerPath\": \"in minim nulla\",\n            \"Value\": \"eu elit in nisi\"\n          }\n        ]\n      }\n    ]\n  }\n}","cookie":[],"_postman_previewlanguage":"json"},{"id":"ed5866bd-2042-4c43-ac3c-01b8d0fd4f78","name":"To view the complete list of response codes, <a href=\"../docs/?path=docs/response-codes.md\" title=\"Click to open\">click here.</a>","originalRequest":{"url":{"path":["acctservice","acctmgmt","accounts"],"host":["{{baseUrl}}"],"query":[],"variable":[]},"header":[{"disabled":false,"description":"(Required) EFX Header is a common and required component for all API calls, it contains client-related parameters. Please note that the header parameters should be sent as a JSON object under the EFXHeader parameter. To view the list of header parameters, <a href=\"../docs?path=docs/api-ref-EFX-header.md\" title=\"Click to open\"> click here.</a>","key":"EFXHeader","value":"OrganizationId,<string>,TrnId,<string>,VendorId,<string>,Context,[object Object]"},{"key":"Accept","value":"application/json"}],"method":"PUT","body":{"mode":"raw","raw":"{\n  \"AcctKeys\": {\n    \"AcctId\": \"<string>\",\n    \"AcctType\": \"<string>\"\n  },\n  \"OvrdExceptionData\": {\n    \"OvrdAutoAckInd\": \"<boolean>\"\n  },\n  \"DepositAcctInfo\": {\n    \"AcctDtlStatus\": \"<string>\",\n    \"ClientDefinedData\": [\n      {\n        \"DataIdent\": \"<string>\",\n        \"Value\": \"<string>\"\n      },\n      {\n        \"DataIdent\": \"<string>\",\n        \"Value\": \"<string>\"\n      }\n    ],\n    \"AcctStmtData\": {\n      \"StmtTimeFrame\": [\n        {\n          \"RecurType\": \"<string>\",\n          \"RecurInterval\": \"<long>\",\n          \"DayOfMonth\": \"<string>\"\n        },\n        {\n          \"RecurType\": \"<string>\",\n          \"RecurInterval\": \"<long>\",\n          \"DayOfMonth\": \"<string>\"\n        }\n      ],\n      \"NextStmtDt\": \"<date>\",\n      \"AdditionalStmtCount\": \"<long>\",\n      \"StmtFormat\": \"<string>\",\n      \"MailCode\": \"<string>\"\n    },\n    \"ProdIntRateId\": \"<string>\",\n    \"PromotionalRate\": {\n      \"StartDt\": \"<string>\",\n      \"EndDt\": \"<string>\",\n      \"MarginType\": \"<string>\",\n      \"Margin\": \"<number>\"\n    },\n    \"AlternateAddrInd\": \"<boolean>\",\n    \"IntDispData\": {\n      \"IntDisposition\": \"<string>\",\n      \"IntDistAcctRef\": {\n        \"AcctKeys\": {\n          \"AcctId\": \"<string>\",\n          \"AcctType\": \"<string>\",\n          \"FIIdentType\": \"<string>\",\n          \"FIIdent\": \"<string>\"\n        },\n        \"ACHReceivingCompany\": \"<string>\"\n      },\n      \"IntPmtFrequency\": [\n        {\n          \"RecurType\": \"<string>\",\n          \"RecurInterval\": \"<long>\",\n          \"DayOfMonth\": \"<string>\"\n        },\n        {\n          \"RecurType\": \"<string>\",\n          \"RecurInterval\": \"<long>\",\n          \"DayOfMonth\": \"<string>\"\n        }\n      ],\n      \"NextIntPmtDt\": \"<date>\",\n      \"ACHNoticeInd\": \"<boolean>\"\n    },\n    \"FloatData\": [\n      {\n        \"ImmediateCreditAmt\": {\n          \"Amt\": \"<number>\",\n          \"CurCode\": {\n            \"CurCodeValue\": {\n              \"value\": \"<Error: Too many levels of nesting to fake this schema>\"\n            },\n            \"CurCodeType\": {\n              \"value\": \"<Error: Too many levels of nesting to fake this schema>\"\n            }\n          }\n        }\n      },\n      {\n        \"ImmediateCreditAmt\": {\n          \"Amt\": \"<number>\",\n          \"CurCode\": {\n            \"CurCodeValue\": {\n              \"value\": \"<Error: Too many levels of nesting to fake this schema>\"\n            },\n            \"CurCodeType\": {\n              \"value\": \"<Error: Too many levels of nesting to fake this schema>\"\n            }\n          }\n        }\n      }\n    ],\n    \"SvcChgData\": {\n      \"SvcChgMethod\": [\n        {\n          \"SvcChgMethodType\": \"<string>\",\n          \"SvcChgMethodOpt\": \"<long>\"\n        },\n        {\n          \"SvcChgMethodType\": \"<string>\",\n          \"SvcChgMethodOpt\": \"<long>\"\n        }\n      ],\n      \"NextSvcChgDt\": \"<date>\",\n      \"SvcChgTimeFrame\": [\n        {\n          \"RecurType\": \"<string>\",\n          \"RecurInterval\": \"<long>\",\n          \"DayOfMonth\": \"<string>\",\n          \"RecurStartDate\": \"<date>\",\n          \"RecurEndDate\": \"<date>\"\n        },\n        {\n          \"RecurType\": \"<string>\",\n          \"RecurInterval\": \"<long>\",\n          \"DayOfMonth\": \"<string>\",\n          \"RecurStartDate\": \"<date>\",\n          \"RecurEndDate\": \"<date>\"\n        }\n      ],\n      \"SvcChgBillDayOfMonth\": \"<string>\",\n      \"SvcChgBillDeferDays\": \"<long>\"\n    },\n    \"BrokeredDeposit\": \"<string>\",\n    \"DepositListingSvc\": \"<string>\",\n    \"RegCCData\": {\n      \"RegCCStatus\": \"<string>\"\n    }\n  }\n}","options":{"raw":{"language":"json"}}}},"status":"Internal Server Error","code":500,"header":[{"key":"Content-Type","value":"application/json"}],"body":"{\n  \"AcctStatusRec\": {\n    \"AcctKeys\": {\n      \"AcctId\": \"ut \",\n      \"AcctType\": \"DDA\"\n    },\n    \"AcctStatus\": {\n      \"AcctStatusCode\": \"Valid\",\n      \"EffDt\": \"7462-74-31T10:50\"\n    }\n  },\n  \"Status\": {\n    \"Severity\": \"Info\",\n    \"StatusCode\": \"anim \",\n    \"StatusDesc\": \"magna adipisicing\",\n    \"SvcProviderName\": \"veniam cillum\",\n    \"Id\": \"consequat\",\n    \"ServerStatusCode\": \"amet ex\",\n    \"ServerStatusDesc\": \"pariatur\",\n    \"OvrdExceptionInd\": false,\n    \"SubjectRole\": \"esse mollit in\",\n    \"SubjectElement\": [\n      {\n        \"Path\": \"ipsum ullamco cillum labore sunt\",\n        \"ServerPath\": \"et aute re\",\n        \"Value\": \"ullamco ipsum Excepteur\"\n      },\n      {\n        \"Path\": \"nulla nostrud sit cillum\",\n        \"ServerPath\": \"anim Duis irure veniam nostrud\",\n        \"Value\": \"qui\"\n      }\n    ],\n    \"ContentHTML\": \"dolore\",\n    \"AdditionalStatus\": [\n      {\n        \"StatusCode\": \"ut con\",\n        \"StatusDesc\": \"in ut anim\",\n        \"Severity\": \"Warning\",\n        \"SvcProviderName\": \"cupidatat Ut Duis\",\n        \"ServerStatusCode\": \"id eu \",\n        \"ServerStatusDesc\": \"labore aute ut elit in\",\n        \"OvrdExceptionInd\": true,\n        \"SubjectElement\": [\n          {\n            \"Path\": \"voluptate exercitation id\",\n            \"ServerPath\": \"cupidatat cillum Duis\",\n            \"Value\": \"o\"\n          },\n          {\n            \"Path\": \"ex quis sunt irure\",\n            \"ServerPath\": \"in aliquip dolor sit\",\n            \"Value\": \"Excepteur\"\n          }\n        ]\n      },\n      {\n        \"StatusCode\": \"id re\",\n        \"StatusDesc\": \"officia dolor Duis\",\n        \"Severity\": \"Error\",\n        \"SvcProviderName\": \"anim Lorem\",\n        \"ServerStatusCode\": \"esse minim\",\n        \"ServerStatusDesc\": \"commodo occaecat nulla\",\n        \"OvrdExceptionInd\": false,\n        \"SubjectElement\": [\n          {\n            \"Path\": \"ad commodo Ut\",\n            \"ServerPath\": \"sunt amet\",\n            \"Value\": \"officia Duis nulla exercitation\"\n          },\n          {\n            \"Path\": \"adipisicing irure\",\n            \"ServerPath\": \"aute Ut ea do fugiat\",\n            \"Value\": \"amet exercitation reprehenderit qui\"\n          }\n        ]\n      }\n    ]\n  }\n}","cookie":[],"_postman_previewlanguage":"json"}],"event":[],"protocolProfileBehavior":{"disableBodyPruning":true}}],"event":[],"variable":[{"type":"string","value":"/","key":"baseUrl"}],"info":{"_postman_id":"3daee804-c5c8-4524-b224-e77e68c30a52","name":"Account Service","schema":"https://schema.getpostman.com/json/collection/v2.1.0/collection.json","description":{"content":"The account service helps to create and manage product accounts serviced by the financial institutions. It is also used to retrieve information about the existing accounts and maintain information of new accounts.","type":"text/plain"}}}