{"item":[{"id":"8100de4e-3ee2-46b5-93aa-f20ad4fa084e","name":"Add Account.","request":{"name":"Add Account.","description":{"content":"Add Account API creates a new Loan Account (LOAN).<br>For Signature, while creating an account this API can add up to five secondary or seasonal address records. <br>This API supports a standardized address format for parsed addresses. While using the standardized format, the Postal address aggregate is consolidated into two address line fields that are Address line 1 and Address line 2, instead of segregating them into multiple independent fields such as House number, Street, Apartment number and Apartment number type.<br>This API can also set up user-defined fields (ClientDefinedData) when creating a new account. Signature supports 66 fields out of which 60 are user-defined fields, four are user fields and two are user codes.<br><b>Note:</b> In Signature customers having Update Account API for Small Business Administration (SBA) loan account, this API provides the \"SBAData\" aggregate that contains fields such as SBA Status, Sold Status, GP Number, Basis Fee Percentage, Basis Fee Percentage and Guarantee Percentage to store information. However, this information is currently not retrieved in the response of the Get Account API. <br> <br> To download the API Specifications and Postman Collection, click <a href=\\\"../docs/?path=docs/resources/resources.md\\\" title=\\\"Click to open\\\">Resources</a>.","type":"text/plain"},"url":{"path":["acctservice","acctmgmt","accounts"],"host":["{{baseUrl}}"],"query":[],"variable":[]},"header":[{"disabled":false,"description":"(Required) EFX Header is a common and required component for all API calls, it contains authentication and client-related parameters. Please note that the header parameters should be sent as a JSON object under the EFXHeader parameter. To view the list of header parameters, <a href=\"../docs?path=docs/api-ref-EFX-header.md\" title=\"Click to open\"> click here.</a>","key":"EFXHeader","value":"OrganizationId,<string>,TrnId,<string>,VendorId,<string>,Context,[object Object]"},{"key":"Content-Type","value":"application/json"},{"key":"Accept","value":"application/json"}],"method":"POST","auth":null,"body":{"mode":"raw","raw":"{\n  \"PartyAcctRelInfo\": [\n    {\n      \"PartyRef\": {\n        \"PartyKeys\": {\n          \"PartyId\": \"<string>\"\n        }\n      },\n      \"PartyAcctRelData\": [\n        {\n          \"PartyAcctRelType\": \"<string>\",\n          \"PartyAcctRelOrder\": \"<string>\"\n        },\n        {\n          \"PartyAcctRelType\": \"<string>\",\n          \"PartyAcctRelOrder\": \"<string>\"\n        }\n      ]\n    },\n    {\n      \"PartyRef\": {\n        \"PartyKeys\": {\n          \"PartyId\": \"<string>\"\n        }\n      },\n      \"PartyAcctRelData\": [\n        {\n          \"PartyAcctRelType\": \"<string>\",\n          \"PartyAcctRelOrder\": \"<string>\"\n        },\n        {\n          \"PartyAcctRelType\": \"<string>\",\n          \"PartyAcctRelOrder\": \"<string>\"\n        }\n      ]\n    }\n  ],\n  \"LoanAcctInfo\": {\n    \"AcctIdent\": [\n      {\n        \"AcctIdentType\": \"<string>\",\n        \"AcctIdentValue\": \"<string>\"\n      },\n      {\n        \"AcctIdentType\": \"<string>\",\n        \"AcctIdentValue\": \"<string>\"\n      }\n    ],\n    \"ProductIdent\": \"<string>\",\n    \"AcctType\": \"<string>\",\n    \"InitialAmount\": {\n      \"Amt\": \"<number>\",\n      \"CurCode\": {\n        \"CurCodeValue\": \"<string>\",\n        \"CurCodeType\": \"<string>\"\n      }\n    },\n    \"MaturityDt\": \"<date>\",\n    \"RelationshipMgr\": [\n      {\n        \"RelationshipMgrIdent\": \"<string>\",\n        \"RelationshipRole\": \"<string>\"\n      },\n      {\n        \"RelationshipMgrIdent\": \"<string>\",\n        \"RelationshipRole\": \"<string>\"\n      }\n    ],\n    \"OriginatingBranch\": \"<string>\",\n    \"OEDCode\": \"<string>\",\n    \"ClientDefinedData\": [\n      {\n        \"DataIdent\": \"<string>\",\n        \"Value\": \"<string>\"\n      },\n      {\n        \"DataIdent\": \"<string>\",\n        \"Value\": \"<string>\"\n      }\n    ],\n    \"AcctStmtData\": {\n      \"MailCode\": \"<string>\",\n      \"StmtRemarks\": \"<string>\"\n    },\n    \"NoticeData\": [\n      {\n        \"NoticeType\": \"<string>\",\n        \"NoticeFormat\": \"<string>\"\n      },\n      {\n        \"NoticeType\": \"<string>\",\n        \"NoticeFormat\": \"<string>\"\n      }\n    ],\n    \"Rate\": \"<number>\",\n    \"IntRateData\": {\n      \"RateMatrixTier\": [\n        {\n          \"Tier\": \"<string>\",\n          \"LowCurAmt\": {\n            \"Amt\": {\n              \"value\": \"<Error: Too many levels of nesting to fake this schema>\"\n            },\n            \"CurCode\": {\n              \"value\": \"<Error: Too many levels of nesting to fake this schema>\"\n            }\n          },\n          \"MarginType\": \"<string>\",\n          \"Margin\": \"<number>\"\n        },\n        {\n          \"Tier\": \"<string>\",\n          \"LowCurAmt\": {\n            \"Amt\": {\n              \"value\": \"<Error: Too many levels of nesting to fake this schema>\"\n            },\n            \"CurCode\": {\n              \"value\": \"<Error: Too many levels of nesting to fake this schema>\"\n            }\n          },\n          \"MarginType\": \"<string>\",\n          \"Margin\": \"<number>\"\n        }\n      ],\n      \"BasedOnCode\": \"<string>\"\n    },\n    \"RateChangeData\": [\n      {\n        \"RateChangeControl\": \"<string>\",\n        \"RateCalcMethod\": \"<string>\",\n        \"VarianceFactorType\": \"<string>\",\n        \"RateFactor\": \"<number>\",\n        \"RateVariance\": \"<number>\",\n        \"UseFloorCeilingRateInd\": \"<boolean>\",\n        \"FloorRate\": \"<number>\",\n        \"CeilingRate\": \"<number>\",\n        \"FixedRateConversionDt\": \"<date>\",\n        \"FixedRateLeadDays\": \"<long>\",\n        \"RateChangeRecurType\": \"<string>\",\n        \"RecurInterval\": \"<long>\",\n        \"Month\": \"<string>\",\n        \"LeadDays\": \"<long>\",\n        \"NextRateChangeDt\": \"<date>\",\n        \"TeaserRateInd\": \"<boolean>\",\n        \"TeaserRateExpDt\": \"<date>\"\n      },\n      {\n        \"RateChangeControl\": \"<string>\",\n        \"RateCalcMethod\": \"<string>\",\n        \"VarianceFactorType\": \"<string>\",\n        \"RateFactor\": \"<number>\",\n        \"RateVariance\": \"<number>\",\n        \"UseFloorCeilingRateInd\": \"<boolean>\",\n        \"FloorRate\": \"<number>\",\n        \"CeilingRate\": \"<number>\",\n        \"FixedRateConversionDt\": \"<date>\",\n        \"FixedRateLeadDays\": \"<long>\",\n        \"RateChangeRecurType\": \"<string>\",\n        \"RecurInterval\": \"<long>\",\n        \"Month\": \"<string>\",\n        \"LeadDays\": \"<long>\",\n        \"NextRateChangeDt\": \"<date>\",\n        \"TeaserRateInd\": \"<boolean>\",\n        \"TeaserRateExpDt\": \"<date>\"\n      }\n    ],\n    \"PostAddr\": [\n      {\n        \"AddrType\": \"<string>\",\n        \"AddrUse\": \"<string>\",\n        \"AddrFormatType\": \"<string>\",\n        \"FullName1\": \"<string>\",\n        \"Addr1\": \"<string>\",\n        \"Addr2\": \"<string>\",\n        \"Addr3\": \"<string>\",\n        \"Addr4\": \"<string>\",\n        \"Addr5\": \"<string>\",\n        \"ApartmentNum\": \"<string>\",\n        \"ApartmentNumType\": \"<string>\",\n        \"HouseNum\": \"<string>\",\n        \"Street\": \"<string>\",\n        \"AddrDefinedData\": [\n          {\n            \"DataIdent\": \"<string>\",\n            \"Value\": \"<string>\"\n          },\n          {\n            \"DataIdent\": \"<string>\",\n            \"Value\": \"<string>\"\n          }\n        ],\n        \"City\": \"<string>\",\n        \"County\": \"<string>\",\n        \"District\": \"<string>\",\n        \"StateProv\": \"<string>\",\n        \"MilitaryRegion\": \"<string>\",\n        \"PostalCode\": \"<string>\",\n        \"CountryCode\": {\n          \"CountryCodeValue\": \"<string>\",\n          \"CountryCodeSource\": \"<string>\"\n        },\n        \"POBox\": \"<string>\",\n        \"TimeFrame\": {\n          \"StartDt\": \"<string>\",\n          \"EndDt\": \"<string>\"\n        },\n        \"Retention\": \"<boolean>\",\n        \"RevertToPartyAddr\": \"<boolean>\"\n      },\n      {\n        \"AddrType\": \"<string>\",\n        \"AddrUse\": \"<string>\",\n        \"AddrFormatType\": \"<string>\",\n        \"FullName1\": \"<string>\",\n        \"Addr1\": \"<string>\",\n        \"Addr2\": \"<string>\",\n        \"Addr3\": \"<string>\",\n        \"Addr4\": \"<string>\",\n        \"Addr5\": \"<string>\",\n        \"ApartmentNum\": \"<string>\",\n        \"ApartmentNumType\": \"<string>\",\n        \"HouseNum\": \"<string>\",\n        \"Street\": \"<string>\",\n        \"AddrDefinedData\": [\n          {\n            \"DataIdent\": \"<string>\",\n            \"Value\": \"<string>\"\n          },\n          {\n            \"DataIdent\": \"<string>\",\n            \"Value\": \"<string>\"\n          }\n        ],\n        \"City\": \"<string>\",\n        \"County\": \"<string>\",\n        \"District\": \"<string>\",\n        \"StateProv\": \"<string>\",\n        \"MilitaryRegion\": \"<string>\",\n        \"PostalCode\": \"<string>\",\n        \"CountryCode\": {\n          \"CountryCodeValue\": \"<string>\",\n          \"CountryCodeSource\": \"<string>\"\n        },\n        \"POBox\": \"<string>\",\n        \"TimeFrame\": {\n          \"StartDt\": \"<string>\",\n          \"EndDt\": \"<string>\"\n        },\n        \"Retention\": \"<boolean>\",\n        \"RevertToPartyAddr\": \"<boolean>\"\n      }\n    ],\n    \"Fee\": [\n      {\n        \"FeeType\": \"<string>\",\n        \"FeeIdent\": \"<string>\",\n        \"FeeCalcOption\": \"<string>\",\n        \"FeeBillingOption\": \"<string>\",\n        \"CurAmt\": {\n          \"Amt\": \"<number>\",\n          \"CurCode\": {\n            \"CurCodeValue\": {\n              \"value\": \"<Error: Too many levels of nesting to fake this schema>\"\n            },\n            \"CurCodeType\": {\n              \"value\": \"<Error: Too many levels of nesting to fake this schema>\"\n            }\n          }\n        },\n        \"BalPercent\": \"<number>\",\n        \"MinCurAmt\": {\n          \"Amt\": \"<number>\",\n          \"CurCode\": {\n            \"CurCodeValue\": {\n              \"value\": \"<Error: Too many levels of nesting to fake this schema>\"\n            },\n            \"CurCodeType\": {\n              \"value\": \"<Error: Too many levels of nesting to fake this schema>\"\n            }\n          }\n        },\n        \"MaxCurAmt\": {\n          \"Amt\": \"<number>\",\n          \"CurCode\": {\n            \"CurCodeValue\": {\n              \"value\": \"<Error: Too many levels of nesting to fake this schema>\"\n            },\n            \"CurCodeType\": {\n              \"value\": \"<Error: Too many levels of nesting to fake this schema>\"\n            }\n          }\n        },\n        \"DailyAccrual\": \"<string>\",\n        \"NoticeCode\": \"<string>\",\n        \"NextFeeDt\": \"<date>\",\n        \"TimeFrame\": {\n          \"RecurRule\": [\n            {\n              \"value\": \"<Error: Too many levels of nesting to fake this schema>\"\n            },\n            {\n              \"value\": \"<Error: Too many levels of nesting to fake this schema>\"\n            }\n          ]\n        },\n        \"FeeEarningData\": {\n          \"EarningMethod\": \"<string>\",\n          \"EffDt\": \"<string>\"\n        },\n        \"EarlyPayoffInd\": \"<boolean>\",\n        \"EarlyPayoffTable\": {\n          \"EarlyPayoffTierType\": \"<string>\",\n          \"EarlyPayoffTierNum\": \"<long>\",\n          \"EarlyPayoffTierData\": [\n            {\n              \"value\": \"<Error: Too many levels of nesting to fake this schema>\"\n            },\n            {\n              \"value\": \"<Error: Too many levels of nesting to fake this schema>\"\n            }\n          ]\n        }\n      },\n      {\n        \"FeeType\": \"<string>\",\n        \"FeeIdent\": \"<string>\",\n        \"FeeCalcOption\": \"<string>\",\n        \"FeeBillingOption\": \"<string>\",\n        \"CurAmt\": {\n          \"Amt\": \"<number>\",\n          \"CurCode\": {\n            \"CurCodeValue\": {\n              \"value\": \"<Error: Too many levels of nesting to fake this schema>\"\n            },\n            \"CurCodeType\": {\n              \"value\": \"<Error: Too many levels of nesting to fake this schema>\"\n            }\n          }\n        },\n        \"BalPercent\": \"<number>\",\n        \"MinCurAmt\": {\n          \"Amt\": \"<number>\",\n          \"CurCode\": {\n            \"CurCodeValue\": {\n              \"value\": \"<Error: Too many levels of nesting to fake this schema>\"\n            },\n            \"CurCodeType\": {\n              \"value\": \"<Error: Too many levels of nesting to fake this schema>\"\n            }\n          }\n        },\n        \"MaxCurAmt\": {\n          \"Amt\": \"<number>\",\n          \"CurCode\": {\n            \"CurCodeValue\": {\n              \"value\": \"<Error: Too many levels of nesting to fake this schema>\"\n            },\n            \"CurCodeType\": {\n              \"value\": \"<Error: Too many levels of nesting to fake this schema>\"\n            }\n          }\n        },\n        \"DailyAccrual\": \"<string>\",\n        \"NoticeCode\": \"<string>\",\n        \"NextFeeDt\": \"<date>\",\n        \"TimeFrame\": {\n          \"RecurRule\": [\n            {\n              \"value\": \"<Error: Too many levels of nesting to fake this schema>\"\n            },\n            {\n              \"value\": \"<Error: Too many levels of nesting to fake this schema>\"\n            }\n          ]\n        },\n        \"FeeEarningData\": {\n          \"EarningMethod\": \"<string>\",\n          \"EffDt\": \"<string>\"\n        },\n        \"EarlyPayoffInd\": \"<boolean>\",\n        \"EarlyPayoffTable\": {\n          \"EarlyPayoffTierType\": \"<string>\",\n          \"EarlyPayoffTierNum\": \"<long>\",\n          \"EarlyPayoffTierData\": [\n            {\n              \"value\": \"<Error: Too many levels of nesting to fake this schema>\"\n            },\n            {\n              \"value\": \"<Error: Too many levels of nesting to fake this schema>\"\n            }\n          ]\n        }\n      }\n    ],\n    \"CreditRisk\": [\n      {\n        \"RiskCategory\": \"<string>\",\n        \"InternalScore\": \"<string>\"\n      },\n      {\n        \"RiskCategory\": \"<string>\",\n        \"InternalScore\": \"<string>\"\n      }\n    ],\n    \"UpdateContactCode\": \"<string>\",\n    \"DeferredFee\": [\n      {\n        \"FeeIdent\": \"<string>\",\n        \"Desc\": \"<string>\",\n        \"EffDt\": \"<string>\",\n        \"EarningMethod\": \"<string>\",\n        \"ExpDt\": \"<date>\"\n      },\n      {\n        \"FeeIdent\": \"<string>\",\n        \"Desc\": \"<string>\",\n        \"EffDt\": \"<string>\",\n        \"EarningMethod\": \"<string>\",\n        \"ExpDt\": \"<date>\"\n      }\n    ],\n    \"OriginationDt\": \"<date>\",\n    \"ApprovalCode\": \"<string>\",\n    \"SecuredLoanInd\": \"<boolean>\",\n    \"CollateralCode\": \"<string>\",\n    \"CollateralBalCode\": \"<string>\",\n    \"LTVPct\": \"<number>\",\n    \"LoanNoteType\": \"<string>\",\n    \"CapitalizationOption\": \"<string>\",\n    \"RevolvingLoanInd\": \"<boolean>\",\n    \"Insurance\": [\n      {\n        \"InsuranceIdent\": \"<string>\",\n        \"InsuranceType\": \"<string>\",\n        \"InsuranceCompany\": \"<string>\",\n        \"InsuranceCalcOption\": \"<string>\",\n        \"InsurancePolicyType\": \"<string>\",\n        \"OvrdRateInd\": \"<boolean>\",\n        \"OvrdRate\": \"<number>\",\n        \"FixedPremiumAmt\": {\n          \"Amt\": \"<number>\",\n          \"CurCode\": {\n            \"CurCodeValue\": {\n              \"value\": \"<Error: Too many levels of nesting to fake this schema>\"\n            },\n            \"CurCodeType\": {\n              \"value\": \"<Error: Too many levels of nesting to fake this schema>\"\n            }\n          }\n        }\n      },\n      {\n        \"InsuranceIdent\": \"<string>\",\n        \"InsuranceType\": \"<string>\",\n        \"InsuranceCompany\": \"<string>\",\n        \"InsuranceCalcOption\": \"<string>\",\n        \"InsurancePolicyType\": \"<string>\",\n        \"OvrdRateInd\": \"<boolean>\",\n        \"OvrdRate\": \"<number>\",\n        \"FixedPremiumAmt\": {\n          \"Amt\": \"<number>\",\n          \"CurCode\": {\n            \"CurCodeValue\": {\n              \"value\": \"<Error: Too many levels of nesting to fake this schema>\"\n            },\n            \"CurCodeType\": {\n              \"value\": \"<Error: Too many levels of nesting to fake this schema>\"\n            }\n          }\n        }\n      }\n    ],\n    \"InterestBilling\": {\n      \"RecurModel\": {\n        \"RecurRule\": [\n          {\n            \"RecurType\": {\n              \"value\": \"<Error: Too many levels of nesting to fake this schema>\"\n            },\n            \"RecurInterval\": {\n              \"value\": \"<Error: Too many levels of nesting to fake this schema>\"\n            },\n            \"DayOfMonth\": {\n              \"value\": \"<Error: Too many levels of nesting to fake this schema>\"\n            },\n            \"RecurStartDate\": {\n              \"value\": \"<Error: Too many levels of nesting to fake this schema>\"\n            },\n            \"Occurrences\": {\n              \"value\": \"<Error: Too many levels of nesting to fake this schema>\"\n            }\n          },\n          {\n            \"RecurType\": {\n              \"value\": \"<Error: Too many levels of nesting to fake this schema>\"\n            },\n            \"RecurInterval\": {\n              \"value\": \"<Error: Too many levels of nesting to fake this schema>\"\n            },\n            \"DayOfMonth\": {\n              \"value\": \"<Error: Too many levels of nesting to fake this schema>\"\n            },\n            \"RecurStartDate\": {\n              \"value\": \"<Error: Too many levels of nesting to fake this schema>\"\n            },\n            \"Occurrences\": {\n              \"value\": \"<Error: Too many levels of nesting to fake this schema>\"\n            }\n          }\n        ]\n      }\n    },\n    \"LoanBilling\": {\n      \"BillingMethod\": \"<string>\",\n      \"FromAcctKeys\": {\n        \"AcctId\": \"<string>\",\n        \"AcctType\": \"<string>\",\n        \"FIIdentType\": \"<string>\",\n        \"FIIdent\": \"<string>\",\n        \"ACHReceivingCompany\": \"<string>\"\n      },\n      \"ACHNoticeInd\": \"<boolean>\",\n      \"BillLastPmtCode\": \"<string>\",\n      \"DaysDraftDelay\": \"<long>\",\n      \"BalloonPmtInd\": \"<boolean>\",\n      \"BillAfterMaturityInd\": \"<boolean>\"\n    },\n    \"IncInsurancePmtCalcInd\": \"<boolean>\",\n    \"PmtPostingRestrictions\": {\n      \"PostingStatus\": \"<string>\",\n      \"RestrictionReasonCode\": \"<string>\"\n    },\n    \"PmtSched\": [\n      {\n        \"PmtSchedIdent\": \"<string>\",\n        \"RecurModel\": {\n          \"RecurRule\": [\n            {\n              \"value\": \"<Error: Too many levels of nesting to fake this schema>\"\n            },\n            {\n              \"value\": \"<Error: Too many levels of nesting to fake this schema>\"\n            }\n          ]\n        },\n        \"PmtAmtOption\": \"<string>\",\n        \"CurAmt\": {\n          \"Amt\": \"<number>\",\n          \"CurCode\": {\n            \"CurCodeValue\": {\n              \"value\": \"<Error: Too many levels of nesting to fake this schema>\"\n            },\n            \"CurCodeType\": {\n              \"value\": \"<Error: Too many levels of nesting to fake this schema>\"\n            }\n          }\n        },\n        \"BalPercent\": \"<number>\",\n        \"EscrowAmt\": {\n          \"Amt\": \"<number>\",\n          \"CurCode\": {\n            \"CurCodeValue\": {\n              \"value\": \"<Error: Too many levels of nesting to fake this schema>\"\n            },\n            \"CurCodeType\": {\n              \"value\": \"<Error: Too many levels of nesting to fake this schema>\"\n            }\n          }\n        },\n        \"OtherEscrowAmt\": {\n          \"Amt\": \"<number>\",\n          \"CurCode\": {\n            \"CurCodeValue\": {\n              \"value\": \"<Error: Too many levels of nesting to fake this schema>\"\n            },\n            \"CurCodeType\": {\n              \"value\": \"<Error: Too many levels of nesting to fake this schema>\"\n            }\n          }\n        }\n      },\n      {\n        \"PmtSchedIdent\": \"<string>\",\n        \"RecurModel\": {\n          \"RecurRule\": [\n            {\n              \"value\": \"<Error: Too many levels of nesting to fake this schema>\"\n            },\n            {\n              \"value\": \"<Error: Too many levels of nesting to fake this schema>\"\n            }\n          ]\n        },\n        \"PmtAmtOption\": \"<string>\",\n        \"CurAmt\": {\n          \"Amt\": \"<number>\",\n          \"CurCode\": {\n            \"CurCodeValue\": {\n              \"value\": \"<Error: Too many levels of nesting to fake this schema>\"\n            },\n            \"CurCodeType\": {\n              \"value\": \"<Error: Too many levels of nesting to fake this schema>\"\n            }\n          }\n        },\n        \"BalPercent\": \"<number>\",\n        \"EscrowAmt\": {\n          \"Amt\": \"<number>\",\n          \"CurCode\": {\n            \"CurCodeValue\": {\n              \"value\": \"<Error: Too many levels of nesting to fake this schema>\"\n            },\n            \"CurCodeType\": {\n              \"value\": \"<Error: Too many levels of nesting to fake this schema>\"\n            }\n          }\n        },\n        \"OtherEscrowAmt\": {\n          \"Amt\": \"<number>\",\n          \"CurCode\": {\n            \"CurCodeValue\": {\n              \"value\": \"<Error: Too many levels of nesting to fake this schema>\"\n            },\n            \"CurCodeType\": {\n              \"value\": \"<Error: Too many levels of nesting to fake this schema>\"\n            }\n          }\n        }\n      }\n    ],\n    \"ScheduleNoteInd\": \"<boolean>\",\n    \"PmtTermReview\": [\n      {\n        \"PmtTermReviewOption\": \"<string>\",\n        \"ReamortizationCalcBal\": \"<string>\",\n        \"ExpectedPayoffDt\": \"<date>\",\n        \"MaxTermChange\": \"<long>\",\n        \"PmtTermRecurType\": \"<string>\",\n        \"RecurInterval\": \"<long>\",\n        \"DayOfMonth\": \"<string>\",\n        \"LeadDays\": \"<long>\",\n        \"NextPmtTermReviewDt\": \"<date>\",\n        \"TermReviewExpDt\": \"<date>\",\n        \"PmtReviewExpDt\": \"<date>\"\n      },\n      {\n        \"PmtTermReviewOption\": \"<string>\",\n        \"ReamortizationCalcBal\": \"<string>\",\n        \"ExpectedPayoffDt\": \"<date>\",\n        \"MaxTermChange\": \"<long>\",\n        \"PmtTermRecurType\": \"<string>\",\n        \"RecurInterval\": \"<long>\",\n        \"DayOfMonth\": \"<string>\",\n        \"LeadDays\": \"<long>\",\n        \"NextPmtTermReviewDt\": \"<date>\",\n        \"TermReviewExpDt\": \"<date>\",\n        \"PmtReviewExpDt\": \"<date>\"\n      }\n    ],\n    \"EscrowCtrlData\": {\n      \"OverdraftCode\": \"<string>\",\n      \"OverdraftLimitAmt\": {\n        \"Amt\": \"<number>\",\n        \"CurCode\": {\n          \"CurCodeValue\": \"<string>\",\n          \"CurCodeType\": \"<string>\"\n        }\n      },\n      \"EscrowAnalysisType\": \"<string>\",\n      \"EscrowAnalysisBalOption\": \"<string>\",\n      \"RecurRule\": {\n        \"RecurType\": \"<string>\",\n        \"RecurInterval\": \"<long>\",\n        \"DayOfMonth\": \"<string>\"\n      },\n      \"NextAnalysisDt\": \"<date>\",\n      \"EscrowDeficiencyOption\": \"<string>\",\n      \"DeficiencySpreadPeriods\": \"<long>\",\n      \"EscrowMinDeficiencyAmt\": {\n        \"Amt\": \"<number>\",\n        \"CurCode\": {\n          \"CurCodeValue\": \"<string>\",\n          \"CurCodeType\": \"<string>\"\n        }\n      },\n      \"EscrowShortageOption\": \"<string>\",\n      \"EscrowMinShortageAmt\": {\n        \"Amt\": \"<number>\",\n        \"CurCode\": {\n          \"CurCodeValue\": \"<string>\",\n          \"CurCodeType\": \"<string>\"\n        }\n      },\n      \"EscrowSurplusOption\": \"<string>\",\n      \"EscrowMinSurplusAmt\": {\n        \"Amt\": \"<number>\",\n        \"CurCode\": {\n          \"CurCodeValue\": \"<string>\",\n          \"CurCodeType\": \"<string>\"\n        }\n      },\n      \"RegulationXInd\": \"<boolean>\",\n      \"EscrowPmtSched\": {\n        \"EscrowAmt\": {\n          \"Amt\": \"<number>\",\n          \"CurCode\": {\n            \"value\": \"<Error: Too many levels of nesting to fake this schema>\"\n          }\n        },\n        \"OtherEscrowAmt\": {\n          \"Amt\": \"<number>\",\n          \"CurCode\": {\n            \"value\": \"<Error: Too many levels of nesting to fake this schema>\"\n          }\n        }\n      },\n      \"RoundingOption\": \"<string>\",\n      \"NewPmtPeriods\": \"<long>\"\n    },\n    \"IntBearingEscrow\": {\n      \"Rate\": \"<number>\",\n      \"AccrualMethod\": \"<string>\",\n      \"DailyAccrual\": \"<string>\",\n      \"IntDisposition\": \"<string>\",\n      \"IntPayoffOption\": \"<string>\",\n      \"AccrualFrequency\": {\n        \"RecurType\": \"<string>\",\n        \"RecurInterval\": \"<long>\",\n        \"DayOfMonth\": \"<string>\"\n      },\n      \"NextIntPmtDt\": \"<date>\"\n    },\n    \"Dealer\": [\n      {\n        \"DealerIdent\": \"<string>\",\n        \"IndirectLendingInd\": \"<boolean>\",\n        \"BankEarningRate\": \"<number>\",\n        \"DealerReserveAmt\": {\n          \"Amt\": \"<number>\",\n          \"CurCode\": {\n            \"CurCodeValue\": {\n              \"value\": \"<Error: Too many levels of nesting to fake this schema>\"\n            },\n            \"CurCodeType\": {\n              \"value\": \"<Error: Too many levels of nesting to fake this schema>\"\n            }\n          }\n        },\n        \"ScheduledIntAmt\": {\n          \"Amt\": \"<number>\",\n          \"CurCode\": {\n            \"CurCodeValue\": {\n              \"value\": \"<Error: Too many levels of nesting to fake this schema>\"\n            },\n            \"CurCodeType\": {\n              \"value\": \"<Error: Too many levels of nesting to fake this schema>\"\n            }\n          }\n        }\n      },\n      {\n        \"DealerIdent\": \"<string>\",\n        \"IndirectLendingInd\": \"<boolean>\",\n        \"BankEarningRate\": \"<number>\",\n        \"DealerReserveAmt\": {\n          \"Amt\": \"<number>\",\n          \"CurCode\": {\n            \"CurCodeValue\": {\n              \"value\": \"<Error: Too many levels of nesting to fake this schema>\"\n            },\n            \"CurCodeType\": {\n              \"value\": \"<Error: Too many levels of nesting to fake this schema>\"\n            }\n          }\n        },\n        \"ScheduledIntAmt\": {\n          \"Amt\": \"<number>\",\n          \"CurCode\": {\n            \"CurCodeValue\": {\n              \"value\": \"<Error: Too many levels of nesting to fake this schema>\"\n            },\n            \"CurCodeType\": {\n              \"value\": \"<Error: Too many levels of nesting to fake this schema>\"\n            }\n          }\n        }\n      }\n    ],\n    \"LOCAdvance\": {\n      \"MinAdvanceOption\": \"<string>\",\n      \"FreeAdvanceNum\": \"<long>\"\n    },\n    \"RelatedBalanceInd\": \"<boolean>\",\n    \"FDICCode\": \"<string>\",\n    \"FRBCode\": \"<string>\",\n    \"IncYearEndReportCode\": \"<string>\",\n    \"LastInstallmentDt\": \"<date>\",\n    \"RecourseCode\": \"<string>\",\n    \"HomeMortgageDisclosure\": {\n      \"MortgageType\": \"<string>\",\n      \"PropertyType\": \"<string>\",\n      \"OccupantCode\": \"<string>\",\n      \"MortgagePointsPmtCode\": \"<string>\",\n      \"MortgagePointsYTDAmt\": {\n        \"Amt\": \"<number>\",\n        \"CurCode\": {\n          \"CurCodeValue\": \"<string>\",\n          \"CurCodeType\": \"<string>\"\n        }\n      },\n      \"PostAddr\": {\n        \"CensusTract\": \"<string>\",\n        \"MSACode\": \"<long>\"\n      },\n      \"MortgageReportingData\": [\n        {\n          \"ReportingType\": \"<string>\",\n          \"ReportingCode\": \"<string>\"\n        },\n        {\n          \"ReportingType\": \"<string>\",\n          \"ReportingCode\": \"<string>\"\n        }\n      ]\n    },\n    \"SBAData\": {\n      \"SBAStatus\": \"<string>\",\n      \"SoldStatus\": \"<string>\",\n      \"GPNumber\": \"<long>\",\n      \"FeePct\": \"<number>\",\n      \"GuaranteePct\": \"<number>\"\n    },\n    \"ExpectedCreditLossData\": {\n      \"CurDebtCoverageRatio\": \"<number>\",\n      \"OrigDebtCoverageRatio\": \"<number>\",\n      \"CurCreditScore\": \"<string>\",\n      \"OrigCreditScore\": \"<string>\",\n      \"OrigFairMarketValue\": {\n        \"Amt\": \"<number>\",\n        \"CurCode\": {\n          \"CurCodeValue\": \"<string>\",\n          \"CurCodeType\": \"<string>\"\n        }\n      }\n    }\n  }\n}","options":{"raw":{"language":"json"}}}},"response":[{"id":"173119d8-0aa3-463e-9494-5f7bc83e0d58","name":"Created","originalRequest":{"url":{"path":["acctservice","acctmgmt","accounts"],"host":["{{baseUrl}}"],"query":[],"variable":[]},"header":[{"disabled":false,"description":"(Required) EFX Header is a common and required component for all API calls, it contains authentication and client-related parameters. Please note that the header parameters should be sent as a JSON object under the EFXHeader parameter. To view the list of header parameters, <a href=\"../docs?path=docs/api-ref-EFX-header.md\" title=\"Click to open\"> click here.</a>","key":"EFXHeader","value":"OrganizationId,<string>,TrnId,<string>,VendorId,<string>,Context,[object Object]"},{"key":"Accept","value":"application/json"}],"method":"POST","body":{"mode":"raw","raw":"{\n  \"PartyAcctRelInfo\": [\n    {\n      \"PartyRef\": {\n        \"PartyKeys\": {\n          \"PartyId\": \"<string>\"\n        }\n      },\n      \"PartyAcctRelData\": [\n        {\n          \"PartyAcctRelType\": \"<string>\",\n          \"PartyAcctRelOrder\": \"<string>\"\n        },\n        {\n          \"PartyAcctRelType\": \"<string>\",\n          \"PartyAcctRelOrder\": \"<string>\"\n        }\n      ]\n    },\n    {\n      \"PartyRef\": {\n        \"PartyKeys\": {\n          \"PartyId\": \"<string>\"\n        }\n      },\n      \"PartyAcctRelData\": [\n        {\n          \"PartyAcctRelType\": \"<string>\",\n          \"PartyAcctRelOrder\": \"<string>\"\n        },\n        {\n          \"PartyAcctRelType\": \"<string>\",\n          \"PartyAcctRelOrder\": \"<string>\"\n        }\n      ]\n    }\n  ],\n  \"LoanAcctInfo\": {\n    \"AcctIdent\": [\n      {\n        \"AcctIdentType\": \"<string>\",\n        \"AcctIdentValue\": \"<string>\"\n      },\n      {\n        \"AcctIdentType\": \"<string>\",\n        \"AcctIdentValue\": \"<string>\"\n      }\n    ],\n    \"ProductIdent\": \"<string>\",\n    \"AcctType\": \"<string>\",\n    \"InitialAmount\": {\n      \"Amt\": \"<number>\",\n      \"CurCode\": {\n        \"CurCodeValue\": \"<string>\",\n        \"CurCodeType\": \"<string>\"\n      }\n    },\n    \"MaturityDt\": \"<date>\",\n    \"RelationshipMgr\": [\n      {\n        \"RelationshipMgrIdent\": \"<string>\",\n        \"RelationshipRole\": \"<string>\"\n      },\n      {\n        \"RelationshipMgrIdent\": \"<string>\",\n        \"RelationshipRole\": \"<string>\"\n      }\n    ],\n    \"OriginatingBranch\": \"<string>\",\n    \"OEDCode\": \"<string>\",\n    \"ClientDefinedData\": [\n      {\n        \"DataIdent\": \"<string>\",\n        \"Value\": \"<string>\"\n      },\n      {\n        \"DataIdent\": \"<string>\",\n        \"Value\": \"<string>\"\n      }\n    ],\n    \"AcctStmtData\": {\n      \"MailCode\": \"<string>\",\n      \"StmtRemarks\": \"<string>\"\n    },\n    \"NoticeData\": [\n      {\n        \"NoticeType\": \"<string>\",\n        \"NoticeFormat\": \"<string>\"\n      },\n      {\n        \"NoticeType\": \"<string>\",\n        \"NoticeFormat\": \"<string>\"\n      }\n    ],\n    \"Rate\": \"<number>\",\n    \"IntRateData\": {\n      \"RateMatrixTier\": [\n        {\n          \"Tier\": \"<string>\",\n          \"LowCurAmt\": {\n            \"Amt\": {\n              \"value\": \"<Error: Too many levels of nesting to fake this schema>\"\n            },\n            \"CurCode\": {\n              \"value\": \"<Error: Too many levels of nesting to fake this schema>\"\n            }\n          },\n          \"MarginType\": \"<string>\",\n          \"Margin\": \"<number>\"\n        },\n        {\n          \"Tier\": \"<string>\",\n          \"LowCurAmt\": {\n            \"Amt\": {\n              \"value\": \"<Error: Too many levels of nesting to fake this schema>\"\n            },\n            \"CurCode\": {\n              \"value\": \"<Error: Too many levels of nesting to fake this schema>\"\n            }\n          },\n          \"MarginType\": \"<string>\",\n          \"Margin\": \"<number>\"\n        }\n      ],\n      \"BasedOnCode\": \"<string>\"\n    },\n    \"RateChangeData\": [\n      {\n        \"RateChangeControl\": \"<string>\",\n        \"RateCalcMethod\": \"<string>\",\n        \"VarianceFactorType\": \"<string>\",\n        \"RateFactor\": \"<number>\",\n        \"RateVariance\": \"<number>\",\n        \"UseFloorCeilingRateInd\": \"<boolean>\",\n        \"FloorRate\": \"<number>\",\n        \"CeilingRate\": \"<number>\",\n        \"FixedRateConversionDt\": \"<date>\",\n        \"FixedRateLeadDays\": \"<long>\",\n        \"RateChangeRecurType\": \"<string>\",\n        \"RecurInterval\": \"<long>\",\n        \"Month\": \"<string>\",\n        \"LeadDays\": \"<long>\",\n        \"NextRateChangeDt\": \"<date>\",\n        \"TeaserRateInd\": \"<boolean>\",\n        \"TeaserRateExpDt\": \"<date>\"\n      },\n      {\n        \"RateChangeControl\": \"<string>\",\n        \"RateCalcMethod\": \"<string>\",\n        \"VarianceFactorType\": \"<string>\",\n        \"RateFactor\": \"<number>\",\n        \"RateVariance\": \"<number>\",\n        \"UseFloorCeilingRateInd\": \"<boolean>\",\n        \"FloorRate\": \"<number>\",\n        \"CeilingRate\": \"<number>\",\n        \"FixedRateConversionDt\": \"<date>\",\n        \"FixedRateLeadDays\": \"<long>\",\n        \"RateChangeRecurType\": \"<string>\",\n        \"RecurInterval\": \"<long>\",\n        \"Month\": \"<string>\",\n        \"LeadDays\": \"<long>\",\n        \"NextRateChangeDt\": \"<date>\",\n        \"TeaserRateInd\": \"<boolean>\",\n        \"TeaserRateExpDt\": \"<date>\"\n      }\n    ],\n    \"PostAddr\": [\n      {\n        \"AddrType\": \"<string>\",\n        \"AddrUse\": \"<string>\",\n        \"AddrFormatType\": \"<string>\",\n        \"FullName1\": \"<string>\",\n        \"Addr1\": \"<string>\",\n        \"Addr2\": \"<string>\",\n        \"Addr3\": \"<string>\",\n        \"Addr4\": \"<string>\",\n        \"Addr5\": \"<string>\",\n        \"ApartmentNum\": \"<string>\",\n        \"ApartmentNumType\": \"<string>\",\n        \"HouseNum\": \"<string>\",\n        \"Street\": \"<string>\",\n        \"AddrDefinedData\": [\n          {\n            \"DataIdent\": \"<string>\",\n            \"Value\": \"<string>\"\n          },\n          {\n            \"DataIdent\": \"<string>\",\n            \"Value\": \"<string>\"\n          }\n        ],\n        \"City\": \"<string>\",\n        \"County\": \"<string>\",\n        \"District\": \"<string>\",\n        \"StateProv\": \"<string>\",\n        \"MilitaryRegion\": \"<string>\",\n        \"PostalCode\": \"<string>\",\n        \"CountryCode\": {\n          \"CountryCodeValue\": \"<string>\",\n          \"CountryCodeSource\": \"<string>\"\n        },\n        \"POBox\": \"<string>\",\n        \"TimeFrame\": {\n          \"StartDt\": \"<string>\",\n          \"EndDt\": \"<string>\"\n        },\n        \"Retention\": \"<boolean>\",\n        \"RevertToPartyAddr\": \"<boolean>\"\n      },\n      {\n        \"AddrType\": \"<string>\",\n        \"AddrUse\": \"<string>\",\n        \"AddrFormatType\": \"<string>\",\n        \"FullName1\": \"<string>\",\n        \"Addr1\": \"<string>\",\n        \"Addr2\": \"<string>\",\n        \"Addr3\": \"<string>\",\n        \"Addr4\": \"<string>\",\n        \"Addr5\": \"<string>\",\n        \"ApartmentNum\": \"<string>\",\n        \"ApartmentNumType\": \"<string>\",\n        \"HouseNum\": \"<string>\",\n        \"Street\": \"<string>\",\n        \"AddrDefinedData\": [\n          {\n            \"DataIdent\": \"<string>\",\n            \"Value\": \"<string>\"\n          },\n          {\n            \"DataIdent\": \"<string>\",\n            \"Value\": \"<string>\"\n          }\n        ],\n        \"City\": \"<string>\",\n        \"County\": \"<string>\",\n        \"District\": \"<string>\",\n        \"StateProv\": \"<string>\",\n        \"MilitaryRegion\": \"<string>\",\n        \"PostalCode\": \"<string>\",\n        \"CountryCode\": {\n          \"CountryCodeValue\": \"<string>\",\n          \"CountryCodeSource\": \"<string>\"\n        },\n        \"POBox\": \"<string>\",\n        \"TimeFrame\": {\n          \"StartDt\": \"<string>\",\n          \"EndDt\": \"<string>\"\n        },\n        \"Retention\": \"<boolean>\",\n        \"RevertToPartyAddr\": \"<boolean>\"\n      }\n    ],\n    \"Fee\": [\n      {\n        \"FeeType\": \"<string>\",\n        \"FeeIdent\": \"<string>\",\n        \"FeeCalcOption\": \"<string>\",\n        \"FeeBillingOption\": \"<string>\",\n        \"CurAmt\": {\n          \"Amt\": \"<number>\",\n          \"CurCode\": {\n            \"CurCodeValue\": {\n              \"value\": \"<Error: Too many levels of nesting to fake this schema>\"\n            },\n            \"CurCodeType\": {\n              \"value\": \"<Error: Too many levels of nesting to fake this schema>\"\n            }\n          }\n        },\n        \"BalPercent\": \"<number>\",\n        \"MinCurAmt\": {\n          \"Amt\": \"<number>\",\n          \"CurCode\": {\n            \"CurCodeValue\": {\n              \"value\": \"<Error: Too many levels of nesting to fake this schema>\"\n            },\n            \"CurCodeType\": {\n              \"value\": \"<Error: Too many levels of nesting to fake this schema>\"\n            }\n          }\n        },\n        \"MaxCurAmt\": {\n          \"Amt\": \"<number>\",\n          \"CurCode\": {\n            \"CurCodeValue\": {\n              \"value\": \"<Error: Too many levels of nesting to fake this schema>\"\n            },\n            \"CurCodeType\": {\n              \"value\": \"<Error: Too many levels of nesting to fake this schema>\"\n            }\n          }\n        },\n        \"DailyAccrual\": \"<string>\",\n        \"NoticeCode\": \"<string>\",\n        \"NextFeeDt\": \"<date>\",\n        \"TimeFrame\": {\n          \"RecurRule\": [\n            {\n              \"value\": \"<Error: Too many levels of nesting to fake this schema>\"\n            },\n            {\n              \"value\": \"<Error: Too many levels of nesting to fake this schema>\"\n            }\n          ]\n        },\n        \"FeeEarningData\": {\n          \"EarningMethod\": \"<string>\",\n          \"EffDt\": \"<string>\"\n        },\n        \"EarlyPayoffInd\": \"<boolean>\",\n        \"EarlyPayoffTable\": {\n          \"EarlyPayoffTierType\": \"<string>\",\n          \"EarlyPayoffTierNum\": \"<long>\",\n          \"EarlyPayoffTierData\": [\n            {\n              \"value\": \"<Error: Too many levels of nesting to fake this schema>\"\n            },\n            {\n              \"value\": \"<Error: Too many levels of nesting to fake this schema>\"\n            }\n          ]\n        }\n      },\n      {\n        \"FeeType\": \"<string>\",\n        \"FeeIdent\": \"<string>\",\n        \"FeeCalcOption\": \"<string>\",\n        \"FeeBillingOption\": \"<string>\",\n        \"CurAmt\": {\n          \"Amt\": \"<number>\",\n          \"CurCode\": {\n            \"CurCodeValue\": {\n              \"value\": \"<Error: Too many levels of nesting to fake this schema>\"\n            },\n            \"CurCodeType\": {\n              \"value\": \"<Error: Too many levels of nesting to fake this schema>\"\n            }\n          }\n        },\n        \"BalPercent\": \"<number>\",\n        \"MinCurAmt\": {\n          \"Amt\": \"<number>\",\n          \"CurCode\": {\n            \"CurCodeValue\": {\n              \"value\": \"<Error: Too many levels of nesting to fake this schema>\"\n            },\n            \"CurCodeType\": {\n              \"value\": \"<Error: Too many levels of nesting to fake this schema>\"\n            }\n          }\n        },\n        \"MaxCurAmt\": {\n          \"Amt\": \"<number>\",\n          \"CurCode\": {\n            \"CurCodeValue\": {\n              \"value\": \"<Error: Too many levels of nesting to fake this schema>\"\n            },\n            \"CurCodeType\": {\n              \"value\": \"<Error: Too many levels of nesting to fake this schema>\"\n            }\n          }\n        },\n        \"DailyAccrual\": \"<string>\",\n        \"NoticeCode\": \"<string>\",\n        \"NextFeeDt\": \"<date>\",\n        \"TimeFrame\": {\n          \"RecurRule\": [\n            {\n              \"value\": \"<Error: Too many levels of nesting to fake this schema>\"\n            },\n            {\n              \"value\": \"<Error: Too many levels of nesting to fake this schema>\"\n            }\n          ]\n        },\n        \"FeeEarningData\": {\n          \"EarningMethod\": \"<string>\",\n          \"EffDt\": \"<string>\"\n        },\n        \"EarlyPayoffInd\": \"<boolean>\",\n        \"EarlyPayoffTable\": {\n          \"EarlyPayoffTierType\": \"<string>\",\n          \"EarlyPayoffTierNum\": \"<long>\",\n          \"EarlyPayoffTierData\": [\n            {\n              \"value\": \"<Error: Too many levels of nesting to fake this schema>\"\n            },\n            {\n              \"value\": \"<Error: Too many levels of nesting to fake this schema>\"\n            }\n          ]\n        }\n      }\n    ],\n    \"CreditRisk\": [\n      {\n        \"RiskCategory\": \"<string>\",\n        \"InternalScore\": \"<string>\"\n      },\n      {\n        \"RiskCategory\": \"<string>\",\n        \"InternalScore\": \"<string>\"\n      }\n    ],\n    \"UpdateContactCode\": \"<string>\",\n    \"DeferredFee\": [\n      {\n        \"FeeIdent\": \"<string>\",\n        \"Desc\": \"<string>\",\n        \"EffDt\": \"<string>\",\n        \"EarningMethod\": \"<string>\",\n        \"ExpDt\": \"<date>\"\n      },\n      {\n        \"FeeIdent\": \"<string>\",\n        \"Desc\": \"<string>\",\n        \"EffDt\": \"<string>\",\n        \"EarningMethod\": \"<string>\",\n        \"ExpDt\": \"<date>\"\n      }\n    ],\n    \"OriginationDt\": \"<date>\",\n    \"ApprovalCode\": \"<string>\",\n    \"SecuredLoanInd\": \"<boolean>\",\n    \"CollateralCode\": \"<string>\",\n    \"CollateralBalCode\": \"<string>\",\n    \"LTVPct\": \"<number>\",\n    \"LoanNoteType\": \"<string>\",\n    \"CapitalizationOption\": \"<string>\",\n    \"RevolvingLoanInd\": \"<boolean>\",\n    \"Insurance\": [\n      {\n        \"InsuranceIdent\": \"<string>\",\n        \"InsuranceType\": \"<string>\",\n        \"InsuranceCompany\": \"<string>\",\n        \"InsuranceCalcOption\": \"<string>\",\n        \"InsurancePolicyType\": \"<string>\",\n        \"OvrdRateInd\": \"<boolean>\",\n        \"OvrdRate\": \"<number>\",\n        \"FixedPremiumAmt\": {\n          \"Amt\": \"<number>\",\n          \"CurCode\": {\n            \"CurCodeValue\": {\n              \"value\": \"<Error: Too many levels of nesting to fake this schema>\"\n            },\n            \"CurCodeType\": {\n              \"value\": \"<Error: Too many levels of nesting to fake this schema>\"\n            }\n          }\n        }\n      },\n      {\n        \"InsuranceIdent\": \"<string>\",\n        \"InsuranceType\": \"<string>\",\n        \"InsuranceCompany\": \"<string>\",\n        \"InsuranceCalcOption\": \"<string>\",\n        \"InsurancePolicyType\": \"<string>\",\n        \"OvrdRateInd\": \"<boolean>\",\n        \"OvrdRate\": \"<number>\",\n        \"FixedPremiumAmt\": {\n          \"Amt\": \"<number>\",\n          \"CurCode\": {\n            \"CurCodeValue\": {\n              \"value\": \"<Error: Too many levels of nesting to fake this schema>\"\n            },\n            \"CurCodeType\": {\n              \"value\": \"<Error: Too many levels of nesting to fake this schema>\"\n            }\n          }\n        }\n      }\n    ],\n    \"InterestBilling\": {\n      \"RecurModel\": {\n        \"RecurRule\": [\n          {\n            \"RecurType\": {\n              \"value\": \"<Error: Too many levels of nesting to fake this schema>\"\n            },\n            \"RecurInterval\": {\n              \"value\": \"<Error: Too many levels of nesting to fake this schema>\"\n            },\n            \"DayOfMonth\": {\n              \"value\": \"<Error: Too many levels of nesting to fake this schema>\"\n            },\n            \"RecurStartDate\": {\n              \"value\": \"<Error: Too many levels of nesting to fake this schema>\"\n            },\n            \"Occurrences\": {\n              \"value\": \"<Error: Too many levels of nesting to fake this schema>\"\n            }\n          },\n          {\n            \"RecurType\": {\n              \"value\": \"<Error: Too many levels of nesting to fake this schema>\"\n            },\n            \"RecurInterval\": {\n              \"value\": \"<Error: Too many levels of nesting to fake this schema>\"\n            },\n            \"DayOfMonth\": {\n              \"value\": \"<Error: Too many levels of nesting to fake this schema>\"\n            },\n            \"RecurStartDate\": {\n              \"value\": \"<Error: Too many levels of nesting to fake this schema>\"\n            },\n            \"Occurrences\": {\n              \"value\": \"<Error: Too many levels of nesting to fake this schema>\"\n            }\n          }\n        ]\n      }\n    },\n    \"LoanBilling\": {\n      \"BillingMethod\": \"<string>\",\n      \"FromAcctKeys\": {\n        \"AcctId\": \"<string>\",\n        \"AcctType\": \"<string>\",\n        \"FIIdentType\": \"<string>\",\n        \"FIIdent\": \"<string>\",\n        \"ACHReceivingCompany\": \"<string>\"\n      },\n      \"ACHNoticeInd\": \"<boolean>\",\n      \"BillLastPmtCode\": \"<string>\",\n      \"DaysDraftDelay\": \"<long>\",\n      \"BalloonPmtInd\": \"<boolean>\",\n      \"BillAfterMaturityInd\": \"<boolean>\"\n    },\n    \"IncInsurancePmtCalcInd\": \"<boolean>\",\n    \"PmtPostingRestrictions\": {\n      \"PostingStatus\": \"<string>\",\n      \"RestrictionReasonCode\": \"<string>\"\n    },\n    \"PmtSched\": [\n      {\n        \"PmtSchedIdent\": \"<string>\",\n        \"RecurModel\": {\n          \"RecurRule\": [\n            {\n              \"value\": \"<Error: Too many levels of nesting to fake this schema>\"\n            },\n            {\n              \"value\": \"<Error: Too many levels of nesting to fake this schema>\"\n            }\n          ]\n        },\n        \"PmtAmtOption\": \"<string>\",\n        \"CurAmt\": {\n          \"Amt\": \"<number>\",\n          \"CurCode\": {\n            \"CurCodeValue\": {\n              \"value\": \"<Error: Too many levels of nesting to fake this schema>\"\n            },\n            \"CurCodeType\": {\n              \"value\": \"<Error: Too many levels of nesting to fake this schema>\"\n            }\n          }\n        },\n        \"BalPercent\": \"<number>\",\n        \"EscrowAmt\": {\n          \"Amt\": \"<number>\",\n          \"CurCode\": {\n            \"CurCodeValue\": {\n              \"value\": \"<Error: Too many levels of nesting to fake this schema>\"\n            },\n            \"CurCodeType\": {\n              \"value\": \"<Error: Too many levels of nesting to fake this schema>\"\n            }\n          }\n        },\n        \"OtherEscrowAmt\": {\n          \"Amt\": \"<number>\",\n          \"CurCode\": {\n            \"CurCodeValue\": {\n              \"value\": \"<Error: Too many levels of nesting to fake this schema>\"\n            },\n            \"CurCodeType\": {\n              \"value\": \"<Error: Too many levels of nesting to fake this schema>\"\n            }\n          }\n        }\n      },\n      {\n        \"PmtSchedIdent\": \"<string>\",\n        \"RecurModel\": {\n          \"RecurRule\": [\n            {\n              \"value\": \"<Error: Too many levels of nesting to fake this schema>\"\n            },\n            {\n              \"value\": \"<Error: Too many levels of nesting to fake this schema>\"\n            }\n          ]\n        },\n        \"PmtAmtOption\": \"<string>\",\n        \"CurAmt\": {\n          \"Amt\": \"<number>\",\n          \"CurCode\": {\n            \"CurCodeValue\": {\n              \"value\": \"<Error: Too many levels of nesting to fake this schema>\"\n            },\n            \"CurCodeType\": {\n              \"value\": \"<Error: Too many levels of nesting to fake this schema>\"\n            }\n          }\n        },\n        \"BalPercent\": \"<number>\",\n        \"EscrowAmt\": {\n          \"Amt\": \"<number>\",\n          \"CurCode\": {\n            \"CurCodeValue\": {\n              \"value\": \"<Error: Too many levels of nesting to fake this schema>\"\n            },\n            \"CurCodeType\": {\n              \"value\": \"<Error: Too many levels of nesting to fake this schema>\"\n            }\n          }\n        },\n        \"OtherEscrowAmt\": {\n          \"Amt\": \"<number>\",\n          \"CurCode\": {\n            \"CurCodeValue\": {\n              \"value\": \"<Error: Too many levels of nesting to fake this schema>\"\n            },\n            \"CurCodeType\": {\n              \"value\": \"<Error: Too many levels of nesting to fake this schema>\"\n            }\n          }\n        }\n      }\n    ],\n    \"ScheduleNoteInd\": \"<boolean>\",\n    \"PmtTermReview\": [\n      {\n        \"PmtTermReviewOption\": \"<string>\",\n        \"ReamortizationCalcBal\": \"<string>\",\n        \"ExpectedPayoffDt\": \"<date>\",\n        \"MaxTermChange\": \"<long>\",\n        \"PmtTermRecurType\": \"<string>\",\n        \"RecurInterval\": \"<long>\",\n        \"DayOfMonth\": \"<string>\",\n        \"LeadDays\": \"<long>\",\n        \"NextPmtTermReviewDt\": \"<date>\",\n        \"TermReviewExpDt\": \"<date>\",\n        \"PmtReviewExpDt\": \"<date>\"\n      },\n      {\n        \"PmtTermReviewOption\": \"<string>\",\n        \"ReamortizationCalcBal\": \"<string>\",\n        \"ExpectedPayoffDt\": \"<date>\",\n        \"MaxTermChange\": \"<long>\",\n        \"PmtTermRecurType\": \"<string>\",\n        \"RecurInterval\": \"<long>\",\n        \"DayOfMonth\": \"<string>\",\n        \"LeadDays\": \"<long>\",\n        \"NextPmtTermReviewDt\": \"<date>\",\n        \"TermReviewExpDt\": \"<date>\",\n        \"PmtReviewExpDt\": \"<date>\"\n      }\n    ],\n    \"EscrowCtrlData\": {\n      \"OverdraftCode\": \"<string>\",\n      \"OverdraftLimitAmt\": {\n        \"Amt\": \"<number>\",\n        \"CurCode\": {\n          \"CurCodeValue\": \"<string>\",\n          \"CurCodeType\": \"<string>\"\n        }\n      },\n      \"EscrowAnalysisType\": \"<string>\",\n      \"EscrowAnalysisBalOption\": \"<string>\",\n      \"RecurRule\": {\n        \"RecurType\": \"<string>\",\n        \"RecurInterval\": \"<long>\",\n        \"DayOfMonth\": \"<string>\"\n      },\n      \"NextAnalysisDt\": \"<date>\",\n      \"EscrowDeficiencyOption\": \"<string>\",\n      \"DeficiencySpreadPeriods\": \"<long>\",\n      \"EscrowMinDeficiencyAmt\": {\n        \"Amt\": \"<number>\",\n        \"CurCode\": {\n          \"CurCodeValue\": \"<string>\",\n          \"CurCodeType\": \"<string>\"\n        }\n      },\n      \"EscrowShortageOption\": \"<string>\",\n      \"EscrowMinShortageAmt\": {\n        \"Amt\": \"<number>\",\n        \"CurCode\": {\n          \"CurCodeValue\": \"<string>\",\n          \"CurCodeType\": \"<string>\"\n        }\n      },\n      \"EscrowSurplusOption\": \"<string>\",\n      \"EscrowMinSurplusAmt\": {\n        \"Amt\": \"<number>\",\n        \"CurCode\": {\n          \"CurCodeValue\": \"<string>\",\n          \"CurCodeType\": \"<string>\"\n        }\n      },\n      \"RegulationXInd\": \"<boolean>\",\n      \"EscrowPmtSched\": {\n        \"EscrowAmt\": {\n          \"Amt\": \"<number>\",\n          \"CurCode\": {\n            \"value\": \"<Error: Too many levels of nesting to fake this schema>\"\n          }\n        },\n        \"OtherEscrowAmt\": {\n          \"Amt\": \"<number>\",\n          \"CurCode\": {\n            \"value\": \"<Error: Too many levels of nesting to fake this schema>\"\n          }\n        }\n      },\n      \"RoundingOption\": \"<string>\",\n      \"NewPmtPeriods\": \"<long>\"\n    },\n    \"IntBearingEscrow\": {\n      \"Rate\": \"<number>\",\n      \"AccrualMethod\": \"<string>\",\n      \"DailyAccrual\": \"<string>\",\n      \"IntDisposition\": \"<string>\",\n      \"IntPayoffOption\": \"<string>\",\n      \"AccrualFrequency\": {\n        \"RecurType\": \"<string>\",\n        \"RecurInterval\": \"<long>\",\n        \"DayOfMonth\": \"<string>\"\n      },\n      \"NextIntPmtDt\": \"<date>\"\n    },\n    \"Dealer\": [\n      {\n        \"DealerIdent\": \"<string>\",\n        \"IndirectLendingInd\": \"<boolean>\",\n        \"BankEarningRate\": \"<number>\",\n        \"DealerReserveAmt\": {\n          \"Amt\": \"<number>\",\n          \"CurCode\": {\n            \"CurCodeValue\": {\n              \"value\": \"<Error: Too many levels of nesting to fake this schema>\"\n            },\n            \"CurCodeType\": {\n              \"value\": \"<Error: Too many levels of nesting to fake this schema>\"\n            }\n          }\n        },\n        \"ScheduledIntAmt\": {\n          \"Amt\": \"<number>\",\n          \"CurCode\": {\n            \"CurCodeValue\": {\n              \"value\": \"<Error: Too many levels of nesting to fake this schema>\"\n            },\n            \"CurCodeType\": {\n              \"value\": \"<Error: Too many levels of nesting to fake this schema>\"\n            }\n          }\n        }\n      },\n      {\n        \"DealerIdent\": \"<string>\",\n        \"IndirectLendingInd\": \"<boolean>\",\n        \"BankEarningRate\": \"<number>\",\n        \"DealerReserveAmt\": {\n          \"Amt\": \"<number>\",\n          \"CurCode\": {\n            \"CurCodeValue\": {\n              \"value\": \"<Error: Too many levels of nesting to fake this schema>\"\n            },\n            \"CurCodeType\": {\n              \"value\": \"<Error: Too many levels of nesting to fake this schema>\"\n            }\n          }\n        },\n        \"ScheduledIntAmt\": {\n          \"Amt\": \"<number>\",\n          \"CurCode\": {\n            \"CurCodeValue\": {\n              \"value\": \"<Error: Too many levels of nesting to fake this schema>\"\n            },\n            \"CurCodeType\": {\n              \"value\": \"<Error: Too many levels of nesting to fake this schema>\"\n            }\n          }\n        }\n      }\n    ],\n    \"LOCAdvance\": {\n      \"MinAdvanceOption\": \"<string>\",\n      \"FreeAdvanceNum\": \"<long>\"\n    },\n    \"RelatedBalanceInd\": \"<boolean>\",\n    \"FDICCode\": \"<string>\",\n    \"FRBCode\": \"<string>\",\n    \"IncYearEndReportCode\": \"<string>\",\n    \"LastInstallmentDt\": \"<date>\",\n    \"RecourseCode\": \"<string>\",\n    \"HomeMortgageDisclosure\": {\n      \"MortgageType\": \"<string>\",\n      \"PropertyType\": \"<string>\",\n      \"OccupantCode\": \"<string>\",\n      \"MortgagePointsPmtCode\": \"<string>\",\n      \"MortgagePointsYTDAmt\": {\n        \"Amt\": \"<number>\",\n        \"CurCode\": {\n          \"CurCodeValue\": \"<string>\",\n          \"CurCodeType\": \"<string>\"\n        }\n      },\n      \"PostAddr\": {\n        \"CensusTract\": \"<string>\",\n        \"MSACode\": \"<long>\"\n      },\n      \"MortgageReportingData\": [\n        {\n          \"ReportingType\": \"<string>\",\n          \"ReportingCode\": \"<string>\"\n        },\n        {\n          \"ReportingType\": \"<string>\",\n          \"ReportingCode\": \"<string>\"\n        }\n      ]\n    },\n    \"SBAData\": {\n      \"SBAStatus\": \"<string>\",\n      \"SoldStatus\": \"<string>\",\n      \"GPNumber\": \"<long>\",\n      \"FeePct\": \"<number>\",\n      \"GuaranteePct\": \"<number>\"\n    },\n    \"ExpectedCreditLossData\": {\n      \"CurDebtCoverageRatio\": \"<number>\",\n      \"OrigDebtCoverageRatio\": \"<number>\",\n      \"CurCreditScore\": \"<string>\",\n      \"OrigCreditScore\": \"<string>\",\n      \"OrigFairMarketValue\": {\n        \"Amt\": \"<number>\",\n        \"CurCode\": {\n          \"CurCodeValue\": \"<string>\",\n          \"CurCodeType\": \"<string>\"\n        }\n      }\n    }\n  }\n}","options":{"raw":{"language":"json"}}}},"status":"Accepted","code":202,"header":[{"key":"Content-Type","value":"application/json"}],"body":"{\n  \"AcctStatusRec\": {\n    \"AcctKeys\": {\n      \"AcctId\": \"qui amet Ut\",\n      \"AcctType\": \"LOAN\"\n    },\n    \"AcctStatus\": {\n      \"AcctStatusCode\": \"Valid\",\n      \"EffDt\": \"3756-63-84\"\n    }\n  },\n  \"Status\": {\n    \"Severity\": \"Info\",\n    \"StatusCode\": \"ipsum \",\n    \"StatusDesc\": \"est amet in\",\n    \"SvcProviderName\": \"fugiat est amet cillum dolore\",\n    \"Id\": \"mollit elit proident culpa\",\n    \"ServerStatusCode\": \"ut conse\",\n    \"ServerStatusDesc\": \"dolor incididunt occaecat ullamco aute\",\n    \"OvrdExceptionInd\": true,\n    \"SubjectRole\": \"fugiat sit ad\",\n    \"SubjectElement\": [\n      {\n        \"Path\": \"exercitation velit\",\n        \"ServerPath\": \"elit ex magna\",\n        \"Value\": \"sed deserunt irure\"\n      },\n      {\n        \"Path\": \"labore culpa\",\n        \"ServerPath\": \"non dolor nostrud\",\n        \"Value\": \"in elit laboris dolor et\"\n      }\n    ],\n    \"ContentHTML\": \"incididunt\",\n    \"AdditionalStatus\": [\n      {\n        \"StatusCode\": \"in \",\n        \"StatusDesc\": \"nostrud d\",\n        \"Severity\": \"Warning\",\n        \"SvcProviderName\": \"aliqua Excepteur sit fugiat\",\n        \"ServerStatusCode\": \"\",\n        \"ServerStatusDesc\": \"proident pariatur in fugiat\",\n        \"OvrdExceptionInd\": true,\n        \"SubjectElement\": [\n          {\n            \"Path\": \"in cillum consectetur anim\",\n            \"ServerPath\": \"ad adipisicing\",\n            \"Value\": \"ipsum reprehenderit aliqua\"\n          },\n          {\n            \"Path\": \"sed anim laboris voluptate\",\n            \"ServerPath\": \"Ut dolor eiusmod et\",\n            \"Value\": \"proident et consequat enim\"\n          }\n        ]\n      },\n      {\n        \"StatusCode\": \"fugiat eu qui\",\n        \"StatusDesc\": \"nulla esse commodo sunt aliqua\",\n        \"Severity\": \"Warning\",\n        \"SvcProviderName\": \"eu est elit\",\n        \"ServerStatusCode\": \"proident in\",\n        \"ServerStatusDesc\": \"ea deserunt aliquip elit officia\",\n        \"OvrdExceptionInd\": false,\n        \"SubjectElement\": [\n          {\n            \"Path\": \"incididunt magna id\",\n            \"ServerPath\": \"conse\",\n            \"Value\": \"amet\"\n          },\n          {\n            \"Path\": \"labore in commodo\",\n            \"ServerPath\": \"ad voluptate Duis tempor\",\n            \"Value\": \"tempor voluptate nostrud labore\"\n          }\n        ]\n      }\n    ]\n  }\n}","cookie":[],"_postman_previewlanguage":"json"},{"id":"f06a31c9-80dd-4ce0-87a9-3a4b77f2800d","name":"To view the complete list of response codes, <a href=\"../docs/?path=docs/response-codes.md\" title=\"Click to open\">click here.</a>","originalRequest":{"url":{"path":["acctservice","acctmgmt","accounts"],"host":["{{baseUrl}}"],"query":[],"variable":[]},"header":[{"disabled":false,"description":"(Required) EFX Header is a common and required component for all API calls, it contains authentication and client-related parameters. Please note that the header parameters should be sent as a JSON object under the EFXHeader parameter. To view the list of header parameters, <a href=\"../docs?path=docs/api-ref-EFX-header.md\" title=\"Click to open\"> click here.</a>","key":"EFXHeader","value":"OrganizationId,<string>,TrnId,<string>,VendorId,<string>,Context,[object Object]"},{"key":"Accept","value":"application/json"}],"method":"POST","body":{"mode":"raw","raw":"{\n  \"PartyAcctRelInfo\": [\n    {\n      \"PartyRef\": {\n        \"PartyKeys\": {\n          \"PartyId\": \"<string>\"\n        }\n      },\n      \"PartyAcctRelData\": [\n        {\n          \"PartyAcctRelType\": \"<string>\",\n          \"PartyAcctRelOrder\": \"<string>\"\n        },\n        {\n          \"PartyAcctRelType\": \"<string>\",\n          \"PartyAcctRelOrder\": \"<string>\"\n        }\n      ]\n    },\n    {\n      \"PartyRef\": {\n        \"PartyKeys\": {\n          \"PartyId\": \"<string>\"\n        }\n      },\n      \"PartyAcctRelData\": [\n        {\n          \"PartyAcctRelType\": \"<string>\",\n          \"PartyAcctRelOrder\": \"<string>\"\n        },\n        {\n          \"PartyAcctRelType\": \"<string>\",\n          \"PartyAcctRelOrder\": \"<string>\"\n        }\n      ]\n    }\n  ],\n  \"LoanAcctInfo\": {\n    \"AcctIdent\": [\n      {\n        \"AcctIdentType\": \"<string>\",\n        \"AcctIdentValue\": \"<string>\"\n      },\n      {\n        \"AcctIdentType\": \"<string>\",\n        \"AcctIdentValue\": \"<string>\"\n      }\n    ],\n    \"ProductIdent\": \"<string>\",\n    \"AcctType\": \"<string>\",\n    \"InitialAmount\": {\n      \"Amt\": \"<number>\",\n      \"CurCode\": {\n        \"CurCodeValue\": \"<string>\",\n        \"CurCodeType\": \"<string>\"\n      }\n    },\n    \"MaturityDt\": \"<date>\",\n    \"RelationshipMgr\": [\n      {\n        \"RelationshipMgrIdent\": \"<string>\",\n        \"RelationshipRole\": \"<string>\"\n      },\n      {\n        \"RelationshipMgrIdent\": \"<string>\",\n        \"RelationshipRole\": \"<string>\"\n      }\n    ],\n    \"OriginatingBranch\": \"<string>\",\n    \"OEDCode\": \"<string>\",\n    \"ClientDefinedData\": [\n      {\n        \"DataIdent\": \"<string>\",\n        \"Value\": \"<string>\"\n      },\n      {\n        \"DataIdent\": \"<string>\",\n        \"Value\": \"<string>\"\n      }\n    ],\n    \"AcctStmtData\": {\n      \"MailCode\": \"<string>\",\n      \"StmtRemarks\": \"<string>\"\n    },\n    \"NoticeData\": [\n      {\n        \"NoticeType\": \"<string>\",\n        \"NoticeFormat\": \"<string>\"\n      },\n      {\n        \"NoticeType\": \"<string>\",\n        \"NoticeFormat\": \"<string>\"\n      }\n    ],\n    \"Rate\": \"<number>\",\n    \"IntRateData\": {\n      \"RateMatrixTier\": [\n        {\n          \"Tier\": \"<string>\",\n          \"LowCurAmt\": {\n            \"Amt\": {\n              \"value\": \"<Error: Too many levels of nesting to fake this schema>\"\n            },\n            \"CurCode\": {\n              \"value\": \"<Error: Too many levels of nesting to fake this schema>\"\n            }\n          },\n          \"MarginType\": \"<string>\",\n          \"Margin\": \"<number>\"\n        },\n        {\n          \"Tier\": \"<string>\",\n          \"LowCurAmt\": {\n            \"Amt\": {\n              \"value\": \"<Error: Too many levels of nesting to fake this schema>\"\n            },\n            \"CurCode\": {\n              \"value\": \"<Error: Too many levels of nesting to fake this schema>\"\n            }\n          },\n          \"MarginType\": \"<string>\",\n          \"Margin\": \"<number>\"\n        }\n      ],\n      \"BasedOnCode\": \"<string>\"\n    },\n    \"RateChangeData\": [\n      {\n        \"RateChangeControl\": \"<string>\",\n        \"RateCalcMethod\": \"<string>\",\n        \"VarianceFactorType\": \"<string>\",\n        \"RateFactor\": \"<number>\",\n        \"RateVariance\": \"<number>\",\n        \"UseFloorCeilingRateInd\": \"<boolean>\",\n        \"FloorRate\": \"<number>\",\n        \"CeilingRate\": \"<number>\",\n        \"FixedRateConversionDt\": \"<date>\",\n        \"FixedRateLeadDays\": \"<long>\",\n        \"RateChangeRecurType\": \"<string>\",\n        \"RecurInterval\": \"<long>\",\n        \"Month\": \"<string>\",\n        \"LeadDays\": \"<long>\",\n        \"NextRateChangeDt\": \"<date>\",\n        \"TeaserRateInd\": \"<boolean>\",\n        \"TeaserRateExpDt\": \"<date>\"\n      },\n      {\n        \"RateChangeControl\": \"<string>\",\n        \"RateCalcMethod\": \"<string>\",\n        \"VarianceFactorType\": \"<string>\",\n        \"RateFactor\": \"<number>\",\n        \"RateVariance\": \"<number>\",\n        \"UseFloorCeilingRateInd\": \"<boolean>\",\n        \"FloorRate\": \"<number>\",\n        \"CeilingRate\": \"<number>\",\n        \"FixedRateConversionDt\": \"<date>\",\n        \"FixedRateLeadDays\": \"<long>\",\n        \"RateChangeRecurType\": \"<string>\",\n        \"RecurInterval\": \"<long>\",\n        \"Month\": \"<string>\",\n        \"LeadDays\": \"<long>\",\n        \"NextRateChangeDt\": \"<date>\",\n        \"TeaserRateInd\": \"<boolean>\",\n        \"TeaserRateExpDt\": \"<date>\"\n      }\n    ],\n    \"PostAddr\": [\n      {\n        \"AddrType\": \"<string>\",\n        \"AddrUse\": \"<string>\",\n        \"AddrFormatType\": \"<string>\",\n        \"FullName1\": \"<string>\",\n        \"Addr1\": \"<string>\",\n        \"Addr2\": \"<string>\",\n        \"Addr3\": \"<string>\",\n        \"Addr4\": \"<string>\",\n        \"Addr5\": \"<string>\",\n        \"ApartmentNum\": \"<string>\",\n        \"ApartmentNumType\": \"<string>\",\n        \"HouseNum\": \"<string>\",\n        \"Street\": \"<string>\",\n        \"AddrDefinedData\": [\n          {\n            \"DataIdent\": \"<string>\",\n            \"Value\": \"<string>\"\n          },\n          {\n            \"DataIdent\": \"<string>\",\n            \"Value\": \"<string>\"\n          }\n        ],\n        \"City\": \"<string>\",\n        \"County\": \"<string>\",\n        \"District\": \"<string>\",\n        \"StateProv\": \"<string>\",\n        \"MilitaryRegion\": \"<string>\",\n        \"PostalCode\": \"<string>\",\n        \"CountryCode\": {\n          \"CountryCodeValue\": \"<string>\",\n          \"CountryCodeSource\": \"<string>\"\n        },\n        \"POBox\": \"<string>\",\n        \"TimeFrame\": {\n          \"StartDt\": \"<string>\",\n          \"EndDt\": \"<string>\"\n        },\n        \"Retention\": \"<boolean>\",\n        \"RevertToPartyAddr\": \"<boolean>\"\n      },\n      {\n        \"AddrType\": \"<string>\",\n        \"AddrUse\": \"<string>\",\n        \"AddrFormatType\": \"<string>\",\n        \"FullName1\": \"<string>\",\n        \"Addr1\": \"<string>\",\n        \"Addr2\": \"<string>\",\n        \"Addr3\": \"<string>\",\n        \"Addr4\": \"<string>\",\n        \"Addr5\": \"<string>\",\n        \"ApartmentNum\": \"<string>\",\n        \"ApartmentNumType\": \"<string>\",\n        \"HouseNum\": \"<string>\",\n        \"Street\": \"<string>\",\n        \"AddrDefinedData\": [\n          {\n            \"DataIdent\": \"<string>\",\n            \"Value\": \"<string>\"\n          },\n          {\n            \"DataIdent\": \"<string>\",\n            \"Value\": \"<string>\"\n          }\n        ],\n        \"City\": \"<string>\",\n        \"County\": \"<string>\",\n        \"District\": \"<string>\",\n        \"StateProv\": \"<string>\",\n        \"MilitaryRegion\": \"<string>\",\n        \"PostalCode\": \"<string>\",\n        \"CountryCode\": {\n          \"CountryCodeValue\": \"<string>\",\n          \"CountryCodeSource\": \"<string>\"\n        },\n        \"POBox\": \"<string>\",\n        \"TimeFrame\": {\n          \"StartDt\": \"<string>\",\n          \"EndDt\": \"<string>\"\n        },\n        \"Retention\": \"<boolean>\",\n        \"RevertToPartyAddr\": \"<boolean>\"\n      }\n    ],\n    \"Fee\": [\n      {\n        \"FeeType\": \"<string>\",\n        \"FeeIdent\": \"<string>\",\n        \"FeeCalcOption\": \"<string>\",\n        \"FeeBillingOption\": \"<string>\",\n        \"CurAmt\": {\n          \"Amt\": \"<number>\",\n          \"CurCode\": {\n            \"CurCodeValue\": {\n              \"value\": \"<Error: Too many levels of nesting to fake this schema>\"\n            },\n            \"CurCodeType\": {\n              \"value\": \"<Error: Too many levels of nesting to fake this schema>\"\n            }\n          }\n        },\n        \"BalPercent\": \"<number>\",\n        \"MinCurAmt\": {\n          \"Amt\": \"<number>\",\n          \"CurCode\": {\n            \"CurCodeValue\": {\n              \"value\": \"<Error: Too many levels of nesting to fake this schema>\"\n            },\n            \"CurCodeType\": {\n              \"value\": \"<Error: Too many levels of nesting to fake this schema>\"\n            }\n          }\n        },\n        \"MaxCurAmt\": {\n          \"Amt\": \"<number>\",\n          \"CurCode\": {\n            \"CurCodeValue\": {\n              \"value\": \"<Error: Too many levels of nesting to fake this schema>\"\n            },\n            \"CurCodeType\": {\n              \"value\": \"<Error: Too many levels of nesting to fake this schema>\"\n            }\n          }\n        },\n        \"DailyAccrual\": \"<string>\",\n        \"NoticeCode\": \"<string>\",\n        \"NextFeeDt\": \"<date>\",\n        \"TimeFrame\": {\n          \"RecurRule\": [\n            {\n              \"value\": \"<Error: Too many levels of nesting to fake this schema>\"\n            },\n            {\n              \"value\": \"<Error: Too many levels of nesting to fake this schema>\"\n            }\n          ]\n        },\n        \"FeeEarningData\": {\n          \"EarningMethod\": \"<string>\",\n          \"EffDt\": \"<string>\"\n        },\n        \"EarlyPayoffInd\": \"<boolean>\",\n        \"EarlyPayoffTable\": {\n          \"EarlyPayoffTierType\": \"<string>\",\n          \"EarlyPayoffTierNum\": \"<long>\",\n          \"EarlyPayoffTierData\": [\n            {\n              \"value\": \"<Error: Too many levels of nesting to fake this schema>\"\n            },\n            {\n              \"value\": \"<Error: Too many levels of nesting to fake this schema>\"\n            }\n          ]\n        }\n      },\n      {\n        \"FeeType\": \"<string>\",\n        \"FeeIdent\": \"<string>\",\n        \"FeeCalcOption\": \"<string>\",\n        \"FeeBillingOption\": \"<string>\",\n        \"CurAmt\": {\n          \"Amt\": \"<number>\",\n          \"CurCode\": {\n            \"CurCodeValue\": {\n              \"value\": \"<Error: Too many levels of nesting to fake this schema>\"\n            },\n            \"CurCodeType\": {\n              \"value\": \"<Error: Too many levels of nesting to fake this schema>\"\n            }\n          }\n        },\n        \"BalPercent\": \"<number>\",\n        \"MinCurAmt\": {\n          \"Amt\": \"<number>\",\n          \"CurCode\": {\n            \"CurCodeValue\": {\n              \"value\": \"<Error: Too many levels of nesting to fake this schema>\"\n            },\n            \"CurCodeType\": {\n              \"value\": \"<Error: Too many levels of nesting to fake this schema>\"\n            }\n          }\n        },\n        \"MaxCurAmt\": {\n          \"Amt\": \"<number>\",\n          \"CurCode\": {\n            \"CurCodeValue\": {\n              \"value\": \"<Error: Too many levels of nesting to fake this schema>\"\n            },\n            \"CurCodeType\": {\n              \"value\": \"<Error: Too many levels of nesting to fake this schema>\"\n            }\n          }\n        },\n        \"DailyAccrual\": \"<string>\",\n        \"NoticeCode\": \"<string>\",\n        \"NextFeeDt\": \"<date>\",\n        \"TimeFrame\": {\n          \"RecurRule\": [\n            {\n              \"value\": \"<Error: Too many levels of nesting to fake this schema>\"\n            },\n            {\n              \"value\": \"<Error: Too many levels of nesting to fake this schema>\"\n            }\n          ]\n        },\n        \"FeeEarningData\": {\n          \"EarningMethod\": \"<string>\",\n          \"EffDt\": \"<string>\"\n        },\n        \"EarlyPayoffInd\": \"<boolean>\",\n        \"EarlyPayoffTable\": {\n          \"EarlyPayoffTierType\": \"<string>\",\n          \"EarlyPayoffTierNum\": \"<long>\",\n          \"EarlyPayoffTierData\": [\n            {\n              \"value\": \"<Error: Too many levels of nesting to fake this schema>\"\n            },\n            {\n              \"value\": \"<Error: Too many levels of nesting to fake this schema>\"\n            }\n          ]\n        }\n      }\n    ],\n    \"CreditRisk\": [\n      {\n        \"RiskCategory\": \"<string>\",\n        \"InternalScore\": \"<string>\"\n      },\n      {\n        \"RiskCategory\": \"<string>\",\n        \"InternalScore\": \"<string>\"\n      }\n    ],\n    \"UpdateContactCode\": \"<string>\",\n    \"DeferredFee\": [\n      {\n        \"FeeIdent\": \"<string>\",\n        \"Desc\": \"<string>\",\n        \"EffDt\": \"<string>\",\n        \"EarningMethod\": \"<string>\",\n        \"ExpDt\": \"<date>\"\n      },\n      {\n        \"FeeIdent\": \"<string>\",\n        \"Desc\": \"<string>\",\n        \"EffDt\": \"<string>\",\n        \"EarningMethod\": \"<string>\",\n        \"ExpDt\": \"<date>\"\n      }\n    ],\n    \"OriginationDt\": \"<date>\",\n    \"ApprovalCode\": \"<string>\",\n    \"SecuredLoanInd\": \"<boolean>\",\n    \"CollateralCode\": \"<string>\",\n    \"CollateralBalCode\": \"<string>\",\n    \"LTVPct\": \"<number>\",\n    \"LoanNoteType\": \"<string>\",\n    \"CapitalizationOption\": \"<string>\",\n    \"RevolvingLoanInd\": \"<boolean>\",\n    \"Insurance\": [\n      {\n        \"InsuranceIdent\": \"<string>\",\n        \"InsuranceType\": \"<string>\",\n        \"InsuranceCompany\": \"<string>\",\n        \"InsuranceCalcOption\": \"<string>\",\n        \"InsurancePolicyType\": \"<string>\",\n        \"OvrdRateInd\": \"<boolean>\",\n        \"OvrdRate\": \"<number>\",\n        \"FixedPremiumAmt\": {\n          \"Amt\": \"<number>\",\n          \"CurCode\": {\n            \"CurCodeValue\": {\n              \"value\": \"<Error: Too many levels of nesting to fake this schema>\"\n            },\n            \"CurCodeType\": {\n              \"value\": \"<Error: Too many levels of nesting to fake this schema>\"\n            }\n          }\n        }\n      },\n      {\n        \"InsuranceIdent\": \"<string>\",\n        \"InsuranceType\": \"<string>\",\n        \"InsuranceCompany\": \"<string>\",\n        \"InsuranceCalcOption\": \"<string>\",\n        \"InsurancePolicyType\": \"<string>\",\n        \"OvrdRateInd\": \"<boolean>\",\n        \"OvrdRate\": \"<number>\",\n        \"FixedPremiumAmt\": {\n          \"Amt\": \"<number>\",\n          \"CurCode\": {\n            \"CurCodeValue\": {\n              \"value\": \"<Error: Too many levels of nesting to fake this schema>\"\n            },\n            \"CurCodeType\": {\n              \"value\": \"<Error: Too many levels of nesting to fake this schema>\"\n            }\n          }\n        }\n      }\n    ],\n    \"InterestBilling\": {\n      \"RecurModel\": {\n        \"RecurRule\": [\n          {\n            \"RecurType\": {\n              \"value\": \"<Error: Too many levels of nesting to fake this schema>\"\n            },\n            \"RecurInterval\": {\n              \"value\": \"<Error: Too many levels of nesting to fake this schema>\"\n            },\n            \"DayOfMonth\": {\n              \"value\": \"<Error: Too many levels of nesting to fake this schema>\"\n            },\n            \"RecurStartDate\": {\n              \"value\": \"<Error: Too many levels of nesting to fake this schema>\"\n            },\n            \"Occurrences\": {\n              \"value\": \"<Error: Too many levels of nesting to fake this schema>\"\n            }\n          },\n          {\n            \"RecurType\": {\n              \"value\": \"<Error: Too many levels of nesting to fake this schema>\"\n            },\n            \"RecurInterval\": {\n              \"value\": \"<Error: Too many levels of nesting to fake this schema>\"\n            },\n            \"DayOfMonth\": {\n              \"value\": \"<Error: Too many levels of nesting to fake this schema>\"\n            },\n            \"RecurStartDate\": {\n              \"value\": \"<Error: Too many levels of nesting to fake this schema>\"\n            },\n            \"Occurrences\": {\n              \"value\": \"<Error: Too many levels of nesting to fake this schema>\"\n            }\n          }\n        ]\n      }\n    },\n    \"LoanBilling\": {\n      \"BillingMethod\": \"<string>\",\n      \"FromAcctKeys\": {\n        \"AcctId\": \"<string>\",\n        \"AcctType\": \"<string>\",\n        \"FIIdentType\": \"<string>\",\n        \"FIIdent\": \"<string>\",\n        \"ACHReceivingCompany\": \"<string>\"\n      },\n      \"ACHNoticeInd\": \"<boolean>\",\n      \"BillLastPmtCode\": \"<string>\",\n      \"DaysDraftDelay\": \"<long>\",\n      \"BalloonPmtInd\": \"<boolean>\",\n      \"BillAfterMaturityInd\": \"<boolean>\"\n    },\n    \"IncInsurancePmtCalcInd\": \"<boolean>\",\n    \"PmtPostingRestrictions\": {\n      \"PostingStatus\": \"<string>\",\n      \"RestrictionReasonCode\": \"<string>\"\n    },\n    \"PmtSched\": [\n      {\n        \"PmtSchedIdent\": \"<string>\",\n        \"RecurModel\": {\n          \"RecurRule\": [\n            {\n              \"value\": \"<Error: Too many levels of nesting to fake this schema>\"\n            },\n            {\n              \"value\": \"<Error: Too many levels of nesting to fake this schema>\"\n            }\n          ]\n        },\n        \"PmtAmtOption\": \"<string>\",\n        \"CurAmt\": {\n          \"Amt\": \"<number>\",\n          \"CurCode\": {\n            \"CurCodeValue\": {\n              \"value\": \"<Error: Too many levels of nesting to fake this schema>\"\n            },\n            \"CurCodeType\": {\n              \"value\": \"<Error: Too many levels of nesting to fake this schema>\"\n            }\n          }\n        },\n        \"BalPercent\": \"<number>\",\n        \"EscrowAmt\": {\n          \"Amt\": \"<number>\",\n          \"CurCode\": {\n            \"CurCodeValue\": {\n              \"value\": \"<Error: Too many levels of nesting to fake this schema>\"\n            },\n            \"CurCodeType\": {\n              \"value\": \"<Error: Too many levels of nesting to fake this schema>\"\n            }\n          }\n        },\n        \"OtherEscrowAmt\": {\n          \"Amt\": \"<number>\",\n          \"CurCode\": {\n            \"CurCodeValue\": {\n              \"value\": \"<Error: Too many levels of nesting to fake this schema>\"\n            },\n            \"CurCodeType\": {\n              \"value\": \"<Error: Too many levels of nesting to fake this schema>\"\n            }\n          }\n        }\n      },\n      {\n        \"PmtSchedIdent\": \"<string>\",\n        \"RecurModel\": {\n          \"RecurRule\": [\n            {\n              \"value\": \"<Error: Too many levels of nesting to fake this schema>\"\n            },\n            {\n              \"value\": \"<Error: Too many levels of nesting to fake this schema>\"\n            }\n          ]\n        },\n        \"PmtAmtOption\": \"<string>\",\n        \"CurAmt\": {\n          \"Amt\": \"<number>\",\n          \"CurCode\": {\n            \"CurCodeValue\": {\n              \"value\": \"<Error: Too many levels of nesting to fake this schema>\"\n            },\n            \"CurCodeType\": {\n              \"value\": \"<Error: Too many levels of nesting to fake this schema>\"\n            }\n          }\n        },\n        \"BalPercent\": \"<number>\",\n        \"EscrowAmt\": {\n          \"Amt\": \"<number>\",\n          \"CurCode\": {\n            \"CurCodeValue\": {\n              \"value\": \"<Error: Too many levels of nesting to fake this schema>\"\n            },\n            \"CurCodeType\": {\n              \"value\": \"<Error: Too many levels of nesting to fake this schema>\"\n            }\n          }\n        },\n        \"OtherEscrowAmt\": {\n          \"Amt\": \"<number>\",\n          \"CurCode\": {\n            \"CurCodeValue\": {\n              \"value\": \"<Error: Too many levels of nesting to fake this schema>\"\n            },\n            \"CurCodeType\": {\n              \"value\": \"<Error: Too many levels of nesting to fake this schema>\"\n            }\n          }\n        }\n      }\n    ],\n    \"ScheduleNoteInd\": \"<boolean>\",\n    \"PmtTermReview\": [\n      {\n        \"PmtTermReviewOption\": \"<string>\",\n        \"ReamortizationCalcBal\": \"<string>\",\n        \"ExpectedPayoffDt\": \"<date>\",\n        \"MaxTermChange\": \"<long>\",\n        \"PmtTermRecurType\": \"<string>\",\n        \"RecurInterval\": \"<long>\",\n        \"DayOfMonth\": \"<string>\",\n        \"LeadDays\": \"<long>\",\n        \"NextPmtTermReviewDt\": \"<date>\",\n        \"TermReviewExpDt\": \"<date>\",\n        \"PmtReviewExpDt\": \"<date>\"\n      },\n      {\n        \"PmtTermReviewOption\": \"<string>\",\n        \"ReamortizationCalcBal\": \"<string>\",\n        \"ExpectedPayoffDt\": \"<date>\",\n        \"MaxTermChange\": \"<long>\",\n        \"PmtTermRecurType\": \"<string>\",\n        \"RecurInterval\": \"<long>\",\n        \"DayOfMonth\": \"<string>\",\n        \"LeadDays\": \"<long>\",\n        \"NextPmtTermReviewDt\": \"<date>\",\n        \"TermReviewExpDt\": \"<date>\",\n        \"PmtReviewExpDt\": \"<date>\"\n      }\n    ],\n    \"EscrowCtrlData\": {\n      \"OverdraftCode\": \"<string>\",\n      \"OverdraftLimitAmt\": {\n        \"Amt\": \"<number>\",\n        \"CurCode\": {\n          \"CurCodeValue\": \"<string>\",\n          \"CurCodeType\": \"<string>\"\n        }\n      },\n      \"EscrowAnalysisType\": \"<string>\",\n      \"EscrowAnalysisBalOption\": \"<string>\",\n      \"RecurRule\": {\n        \"RecurType\": \"<string>\",\n        \"RecurInterval\": \"<long>\",\n        \"DayOfMonth\": \"<string>\"\n      },\n      \"NextAnalysisDt\": \"<date>\",\n      \"EscrowDeficiencyOption\": \"<string>\",\n      \"DeficiencySpreadPeriods\": \"<long>\",\n      \"EscrowMinDeficiencyAmt\": {\n        \"Amt\": \"<number>\",\n        \"CurCode\": {\n          \"CurCodeValue\": \"<string>\",\n          \"CurCodeType\": \"<string>\"\n        }\n      },\n      \"EscrowShortageOption\": \"<string>\",\n      \"EscrowMinShortageAmt\": {\n        \"Amt\": \"<number>\",\n        \"CurCode\": {\n          \"CurCodeValue\": \"<string>\",\n          \"CurCodeType\": \"<string>\"\n        }\n      },\n      \"EscrowSurplusOption\": \"<string>\",\n      \"EscrowMinSurplusAmt\": {\n        \"Amt\": \"<number>\",\n        \"CurCode\": {\n          \"CurCodeValue\": \"<string>\",\n          \"CurCodeType\": \"<string>\"\n        }\n      },\n      \"RegulationXInd\": \"<boolean>\",\n      \"EscrowPmtSched\": {\n        \"EscrowAmt\": {\n          \"Amt\": \"<number>\",\n          \"CurCode\": {\n            \"value\": \"<Error: Too many levels of nesting to fake this schema>\"\n          }\n        },\n        \"OtherEscrowAmt\": {\n          \"Amt\": \"<number>\",\n          \"CurCode\": {\n            \"value\": \"<Error: Too many levels of nesting to fake this schema>\"\n          }\n        }\n      },\n      \"RoundingOption\": \"<string>\",\n      \"NewPmtPeriods\": \"<long>\"\n    },\n    \"IntBearingEscrow\": {\n      \"Rate\": \"<number>\",\n      \"AccrualMethod\": \"<string>\",\n      \"DailyAccrual\": \"<string>\",\n      \"IntDisposition\": \"<string>\",\n      \"IntPayoffOption\": \"<string>\",\n      \"AccrualFrequency\": {\n        \"RecurType\": \"<string>\",\n        \"RecurInterval\": \"<long>\",\n        \"DayOfMonth\": \"<string>\"\n      },\n      \"NextIntPmtDt\": \"<date>\"\n    },\n    \"Dealer\": [\n      {\n        \"DealerIdent\": \"<string>\",\n        \"IndirectLendingInd\": \"<boolean>\",\n        \"BankEarningRate\": \"<number>\",\n        \"DealerReserveAmt\": {\n          \"Amt\": \"<number>\",\n          \"CurCode\": {\n            \"CurCodeValue\": {\n              \"value\": \"<Error: Too many levels of nesting to fake this schema>\"\n            },\n            \"CurCodeType\": {\n              \"value\": \"<Error: Too many levels of nesting to fake this schema>\"\n            }\n          }\n        },\n        \"ScheduledIntAmt\": {\n          \"Amt\": \"<number>\",\n          \"CurCode\": {\n            \"CurCodeValue\": {\n              \"value\": \"<Error: Too many levels of nesting to fake this schema>\"\n            },\n            \"CurCodeType\": {\n              \"value\": \"<Error: Too many levels of nesting to fake this schema>\"\n            }\n          }\n        }\n      },\n      {\n        \"DealerIdent\": \"<string>\",\n        \"IndirectLendingInd\": \"<boolean>\",\n        \"BankEarningRate\": \"<number>\",\n        \"DealerReserveAmt\": {\n          \"Amt\": \"<number>\",\n          \"CurCode\": {\n            \"CurCodeValue\": {\n              \"value\": \"<Error: Too many levels of nesting to fake this schema>\"\n            },\n            \"CurCodeType\": {\n              \"value\": \"<Error: Too many levels of nesting to fake this schema>\"\n            }\n          }\n        },\n        \"ScheduledIntAmt\": {\n          \"Amt\": \"<number>\",\n          \"CurCode\": {\n            \"CurCodeValue\": {\n              \"value\": \"<Error: Too many levels of nesting to fake this schema>\"\n            },\n            \"CurCodeType\": {\n              \"value\": \"<Error: Too many levels of nesting to fake this schema>\"\n            }\n          }\n        }\n      }\n    ],\n    \"LOCAdvance\": {\n      \"MinAdvanceOption\": \"<string>\",\n      \"FreeAdvanceNum\": \"<long>\"\n    },\n    \"RelatedBalanceInd\": \"<boolean>\",\n    \"FDICCode\": \"<string>\",\n    \"FRBCode\": \"<string>\",\n    \"IncYearEndReportCode\": \"<string>\",\n    \"LastInstallmentDt\": \"<date>\",\n    \"RecourseCode\": \"<string>\",\n    \"HomeMortgageDisclosure\": {\n      \"MortgageType\": \"<string>\",\n      \"PropertyType\": \"<string>\",\n      \"OccupantCode\": \"<string>\",\n      \"MortgagePointsPmtCode\": \"<string>\",\n      \"MortgagePointsYTDAmt\": {\n        \"Amt\": \"<number>\",\n        \"CurCode\": {\n          \"CurCodeValue\": \"<string>\",\n          \"CurCodeType\": \"<string>\"\n        }\n      },\n      \"PostAddr\": {\n        \"CensusTract\": \"<string>\",\n        \"MSACode\": \"<long>\"\n      },\n      \"MortgageReportingData\": [\n        {\n          \"ReportingType\": \"<string>\",\n          \"ReportingCode\": \"<string>\"\n        },\n        {\n          \"ReportingType\": \"<string>\",\n          \"ReportingCode\": \"<string>\"\n        }\n      ]\n    },\n    \"SBAData\": {\n      \"SBAStatus\": \"<string>\",\n      \"SoldStatus\": \"<string>\",\n      \"GPNumber\": \"<long>\",\n      \"FeePct\": \"<number>\",\n      \"GuaranteePct\": \"<number>\"\n    },\n    \"ExpectedCreditLossData\": {\n      \"CurDebtCoverageRatio\": \"<number>\",\n      \"OrigDebtCoverageRatio\": \"<number>\",\n      \"CurCreditScore\": \"<string>\",\n      \"OrigCreditScore\": \"<string>\",\n      \"OrigFairMarketValue\": {\n        \"Amt\": \"<number>\",\n        \"CurCode\": {\n          \"CurCodeValue\": \"<string>\",\n          \"CurCodeType\": \"<string>\"\n        }\n      }\n    }\n  }\n}","options":{"raw":{"language":"json"}}}},"status":"Internal Server Error","code":500,"header":[{"key":"Content-Type","value":"application/json"}],"body":"{\n  \"AcctStatusRec\": {\n    \"AcctKeys\": {\n      \"AcctId\": \"fugiat occaecat culpa\",\n      \"AcctType\": \"LOAN\"\n    },\n    \"AcctStatus\": {\n      \"AcctStatusCode\": \"Valid\",\n      \"EffDt\": \"9916-58-19T69:58:71+68:36\"\n    }\n  },\n  \"Status\": {\n    \"Severity\": \"Error\",\n    \"StatusCode\": \"cupidatat eiusmod\",\n    \"StatusDesc\": \"fugiat\",\n    \"SvcProviderName\": \"aliqua aute sit consectetur\",\n    \"Id\": \"aute aliquip sed quis\",\n    \"ServerStatusCode\": \"Excepteur non veli\",\n    \"ServerStatusDesc\": \"est veniam\",\n    \"OvrdExceptionInd\": true,\n    \"SubjectRole\": \"non dolor Lorem\",\n    \"SubjectElement\": [\n      {\n        \"Path\": \"velit nostrud ut ea culpa\",\n        \"ServerPath\": \"ex\",\n        \"Value\": \"eiusmod consectetur\"\n      },\n      {\n        \"Path\": \"quis ipsum\",\n        \"ServerPath\": \"est ea nisi\",\n        \"Value\": \"sit pariatur\"\n      }\n    ],\n    \"ContentHTML\": \"ipsum non qui ut\",\n    \"AdditionalStatus\": [\n      {\n        \"StatusCode\": \"incididun\",\n        \"StatusDesc\": \"e\",\n        \"Severity\": \"Info\",\n        \"SvcProviderName\": \"elit irure eu in\",\n        \"ServerStatusCode\": \"officia\",\n        \"ServerStatusDesc\": \"dolore minim\",\n        \"OvrdExceptionInd\": false,\n        \"SubjectElement\": [\n          {\n            \"Path\": \"quis sunt elit eiusmod\",\n            \"ServerPath\": \"est nisi sed\",\n            \"Value\": \"ut\"\n          },\n          {\n            \"Path\": \"nulla nostrud in\",\n            \"ServerPath\": \"cillum sed culpa eu\",\n            \"Value\": \"officia velit anim pariatur\"\n          }\n        ]\n      },\n      {\n        \"StatusCode\": \"en\",\n        \"StatusDesc\": \"veniam pariatur\",\n        \"Severity\": \"Info\",\n        \"SvcProviderName\": \"do Lorem ea\",\n        \"ServerStatusCode\": \"pa\",\n        \"ServerStatusDesc\": \"in eu non\",\n        \"OvrdExceptionInd\": false,\n        \"SubjectElement\": [\n          {\n            \"Path\": \"ullamco incididunt eiusmod ad\",\n            \"ServerPath\": \"dolor\",\n            \"Value\": \"non consequat deserunt\"\n          },\n          {\n            \"Path\": \"est quis\",\n            \"ServerPath\": \"fugiat exercitation ipsum\",\n            \"Value\": \"commodo incididunt\"\n          }\n        ]\n      }\n    ]\n  }\n}","cookie":[],"_postman_previewlanguage":"json"}],"event":[],"protocolProfileBehavior":{"disableBodyPruning":true}}],"event":[],"variable":[{"type":"string","value":"/","key":"baseUrl"}],"info":{"_postman_id":"31637065-e334-45a8-bfc4-6a6721a8f579","name":"Account Service","schema":"https://schema.getpostman.com/json/collection/v2.1.0/collection.json","description":{"content":"The account service helps to create and manage product accounts serviced by the financial institutions. It is also used to retrieve information about the existing accounts and maintain information of new accounts.","type":"text/plain"}}}