{"item":[{"id":"020368b3-b718-4e83-966f-1ffcb083bd41","name":"Get Accounts.","request":{"name":"Get Accounts.","description":{"content":"Get Account API retrieves the various details of Loan Account (LOAN) through Internet Banking. <br>For Premier, the retrieved information includes balances, open dates and the postal address associated with the account. <br> <br> To download the API Specifications and Postman Collection, click <a href=\"../docs/?path=docs/resources/resources.md\" title=\"Click to open\">Resources</a>.","type":"text/plain"},"url":{"path":["acctservice","acctmgmt","accounts","secured"],"host":["{{baseUrl}}"],"query":[],"variable":[]},"header":[{"disabled":false,"description":"(Required) EFX Header is a common and required component for all API calls, it contains client-related parameters. Please note that the header parameters should be sent as a JSON object under the EFXHeader parameter. To view the list of header parameters, <a href=\"../docs?path=docs/api-ref-EFX-header.md\" title=\"Click to open\"> click here.</a>","key":"EFXHeader","value":"OrganizationId,<string>,TrnId,<string>,VendorId,<string>,Context,[object Object]"},{"key":"Content-Type","value":"application/json"},{"key":"Accept","value":"application/json"}],"method":"POST","auth":null,"body":{"mode":"raw","raw":"{\n  \"AcctSel\": {\n    \"AcctKeys\": {\n      \"AcctId\": \"<string>\",\n      \"AcctType\": \"<string>\"\n    }\n  }\n}","options":{"raw":{"language":"json"}}}},"response":[{"id":"fb950629-33d4-48f2-a936-c852d73f9cdb","name":"Success","originalRequest":{"url":{"path":["acctservice","acctmgmt","accounts","secured"],"host":["{{baseUrl}}"],"query":[],"variable":[]},"header":[{"disabled":false,"description":"(Required) EFX Header is a common and required component for all API calls, it contains client-related parameters. Please note that the header parameters should be sent as a JSON object under the EFXHeader parameter. To view the list of header parameters, <a href=\"../docs?path=docs/api-ref-EFX-header.md\" title=\"Click to open\"> click here.</a>","key":"EFXHeader","value":"OrganizationId,<string>,TrnId,<string>,VendorId,<string>,Context,[object Object]"},{"key":"Accept","value":"application/json"}],"method":"POST","body":{"mode":"raw","raw":"{\n  \"AcctSel\": {\n    \"AcctKeys\": {\n      \"AcctId\": \"<string>\",\n      \"AcctType\": \"<string>\"\n    }\n  }\n}","options":{"raw":{"language":"json"}}}},"status":"OK","code":200,"header":[{"key":"Content-Type","value":"application/json"}],"body":"{\n  \"AcctRec\": {\n    \"AcctKeys\": {\n      \"AcctId\": \"<string>\",\n      \"AcctType\": \"<string>\"\n    },\n    \"AcctStatus\": {\n      \"AcctStatusCode\": \"Valid\",\n      \"EffDt\": \"5009-92-97T09:06\"\n    },\n    \"LoanAcctInfo\": {\n      \"AcctDtlStatus\": \"EarlyCollection\",\n      \"AcctPref\": {\n        \"Language\": \"ea ex\"\n      },\n      \"ProductIdent\": \"reprehenderit do\",\n      \"OpenDt\": \"1988-10-21\",\n      \"ClosedDt\": \"2020-06-11\",\n      \"MaturityDt\": \"1996-08-10\",\n      \"DateData\": [\n        {\n          \"DateType\": \"Accrual\",\n          \"DateValue\": \"3091-93-32T23:29\"\n        },\n        {\n          \"DateType\": \"LastFileMaint\",\n          \"DateValue\": \"6132-90-40T60:23\"\n        }\n      ],\n      \"RelationshipMgr\": [\n        {\n          \"RelationshipMgrIdent\": \"proident aute ad deser\",\n          \"RelationshipRole\": \"Officer\"\n        },\n        {\n          \"RelationshipMgrIdent\": \"elit Duis deserunt labor\",\n          \"RelationshipRole\": \"SecondOfficer\"\n        }\n      ],\n      \"OriginatingBranch\": \"non \",\n      \"ResponsibleBranch\": \"pariatur\",\n      \"NicknameOption\": \"Printed\",\n      \"Nickname\": \"sit minim do\",\n      \"OEDCode\": \"minim proident\",\n      \"AccountingMethod\": \"CostCenter\",\n      \"AccountingValue\": \"in\",\n      \"ClassCode\": \"Excepteur in pariatur ullamco\",\n      \"Rate\": -44441204.99371986,\n      \"IntRateData\": {\n        \"RateMatrixTier\": [\n          {\n            \"Tier\": {\n              \"value\": \"<Error: Too many levels of nesting to fake this schema>\"\n            },\n            \"RateIndex\": {\n              \"value\": \"<Error: Too many levels of nesting to fake this schema>\"\n            },\n            \"IntAPR\": {\n              \"value\": \"<Error: Too many levels of nesting to fake this schema>\"\n            }\n          },\n          {\n            \"Tier\": {\n              \"value\": \"<Error: Too many levels of nesting to fake this schema>\"\n            },\n            \"RateIndex\": {\n              \"value\": \"<Error: Too many levels of nesting to fake this schema>\"\n            },\n            \"IntAPR\": {\n              \"value\": \"<Error: Too many levels of nesting to fake this schema>\"\n            }\n          }\n        ],\n        \"AccrualFrequency\": {\n          \"RecurType\": \"Once\",\n          \"RecurInterval\": 94172064,\n          \"DayOfMonth\": \"sed ea dolore labore culpa\",\n          \"RecurStartDate\": \"1962-05-05\"\n        },\n        \"AccrualMethod\": \"PrincipalPlusInterest\",\n        \"AccrualCode\": \"ut eiusmod amet deserunt enim\",\n        \"DailyAccrual\": \"Actual360\",\n        \"DailyAccrualFactor\": -47968640.144809395,\n        \"MinimumInterest\": 56385076.78807625,\n        \"SplitRateData\": {\n          \"SplitAmt\": 66812367,\n          \"OverRate\": -56765227.39246059,\n          \"UnderRate\": 80975199.60583302\n        }\n      },\n      \"AcctBal\": [\n        {\n          \"BalType\": \"DeferredFee\",\n          \"CurAmt\": {\n            \"Amt\": {\n              \"value\": \"<Error: Too many levels of nesting to fake this schema>\"\n            },\n            \"CurCode\": {\n              \"value\": \"<Error: Too many levels of nesting to fake this schema>\"\n            }\n          }\n        },\n        {\n          \"BalType\": \"LoanExposure\",\n          \"CurAmt\": {\n            \"Amt\": {\n              \"value\": \"<Error: Too many levels of nesting to fake this schema>\"\n            },\n            \"CurCode\": {\n              \"value\": \"<Error: Too many levels of nesting to fake this schema>\"\n            }\n          }\n        }\n      ],\n      \"AcctPeriodData\": [\n        {\n          \"AcctAmtType\": \"IntPaid\",\n          \"AmtSeqId\": \"aliq\",\n          \"AcctPeriodType\": \"CTD\",\n          \"LastOccurInd\": false,\n          \"Amt\": 36864907.813310355,\n          \"LastOccuranceDt\": \"7057-45-66\"\n        },\n        {\n          \"AcctAmtType\": \"SvcChargePaid\",\n          \"AmtSeqId\": \"aute ei\",\n          \"AcctPeriodType\": \"LTD\",\n          \"LastOccurInd\": false,\n          \"Amt\": 88871417.92954734,\n          \"LastOccuranceDt\": \"7415-61-74T65:53:23\"\n        }\n      ],\n      \"PostAddr\": [\n        {\n          \"AddrType\": \"Seasonal\",\n          \"AddressIdent\": \"minim\",\n          \"AddrUse\": \"Mailing\",\n          \"AddrFormatType\": \"Label\",\n          \"FullName1\": \"est in\",\n          \"FullName2\": \"veniam proident\",\n          \"FullName3\": \"anim ad ex esse\",\n          \"Addr1\": \"aliqua ea Lorem ut dolore\",\n          \"Addr2\": \"mollit amet adipisicing culpa labore\",\n          \"City\": \"tempor labore ali\",\n          \"StateProv\": \"non reprehenderit labore\",\n          \"PostalCode\": \"esse cul\",\n          \"CountryCode\": {\n            \"CountryCodeValue\": {\n              \"value\": \"<Error: Too many levels of nesting to fake this schema>\"\n            },\n            \"CountryCodeSource\": {\n              \"value\": \"<Error: Too many levels of nesting to fake this schema>\"\n            },\n            \"CountryCodeValueEnumDesc\": {\n              \"value\": \"<Error: Too many levels of nesting to fake this schema>\"\n            }\n          },\n          \"TimeFrame\": {\n            \"StartDt\": {\n              \"value\": \"<Error: Too many levels of nesting to fake this schema>\"\n            },\n            \"EndDt\": {\n              \"value\": \"<Error: Too many levels of nesting to fake this schema>\"\n            }\n          },\n          \"Retention\": true,\n          \"CensusTract\": \"magna iru\",\n          \"CensusBlock\": \"laboris\",\n          \"ForeignFlag\": true,\n          \"HandlingCode\": \"anim Duis\",\n          \"HandlingCodeOption\": \"UsePortfolio\",\n          \"MSACode\": 652232\n        },\n        {\n          \"AddrType\": \"Primary\",\n          \"AddressIdent\": \"deserunt ex\",\n          \"AddrUse\": \"Inquiry\",\n          \"AddrFormatType\": \"Label\",\n          \"FullName1\": \"in id\",\n          \"FullName2\": \"deserunt aliquip enim Ut\",\n          \"FullName3\": \"enim\",\n          \"Addr1\": \"officia \",\n          \"Addr2\": \"incididunt in enim reprehenderit\",\n          \"City\": \"ut nostrud in consequa\",\n          \"StateProv\": \"et deserunt id laboris\",\n          \"PostalCode\": \"nisi\",\n          \"CountryCode\": {\n            \"CountryCodeValue\": {\n              \"value\": \"<Error: Too many levels of nesting to fake this schema>\"\n            },\n            \"CountryCodeSource\": {\n              \"value\": \"<Error: Too many levels of nesting to fake this schema>\"\n            },\n            \"CountryCodeValueEnumDesc\": {\n              \"value\": \"<Error: Too many levels of nesting to fake this schema>\"\n            }\n          },\n          \"TimeFrame\": {\n            \"StartDt\": {\n              \"value\": \"<Error: Too many levels of nesting to fake this schema>\"\n            },\n            \"EndDt\": {\n              \"value\": \"<Error: Too many levels of nesting to fake this schema>\"\n            }\n          },\n          \"Retention\": false,\n          \"CensusTract\": \"Ut\",\n          \"CensusBlock\": \"l\",\n          \"ForeignFlag\": false,\n          \"HandlingCode\": \"mollit velit non exercitation in\",\n          \"HandlingCodeOption\": \"Checks\",\n          \"MSACode\": 90661821\n        }\n      ],\n      \"TaxIdentType\": \"Foreign\",\n      \"TaxIdent\": \"\",\n      \"TaxExempt\": \"Government\",\n      \"ElectronicBankingOpt\": \"Disable\",\n      \"DocDistributionOption\": \"sit eu\",\n      \"AcctMemoData\": [\n        {\n          \"AcctMemoIdent\": \"nu\",\n          \"AcctMemoType\": \"Warning\",\n          \"AcctMemoText\": \"deserunt amet incididu\"\n        },\n        {\n          \"AcctMemoIdent\": \"nulla ut enim \",\n          \"AcctMemoType\": \"Warning\",\n          \"AcctMemoText\": \"Duis do commodo\"\n        }\n      ],\n      \"OriginationDt\": \"1967-08-07\",\n      \"LastRenewalDt\": \"1965-08-13\",\n      \"Freq\": \"BiMonthly\",\n      \"RevolvingLoanInd\": true,\n      \"InterestBilling\": {\n        \"RecurModel\": {\n          \"RecurRule\": [\n            {\n              \"value\": \"<Error: Too many levels of nesting to fake this schema>\"\n            },\n            {\n              \"value\": \"<Error: Too many levels of nesting to fake this schema>\"\n            }\n          ]\n        },\n        \"NextPmtDt\": \"1966-06-12\",\n        \"CurAmt\": {\n          \"Amt\": 36173599.827736735,\n          \"CurCode\": {\n            \"value\": \"<Error: Too many levels of nesting to fake this schema>\"\n          }\n        }\n      },\n      \"DuePmt\": {\n        \"PmtCompositeAmt\": [\n          {\n            \"CurAmt\": {\n              \"value\": \"<Error: Too many levels of nesting to fake this schema>\"\n            },\n            \"CompositeCurAmtType\": {\n              \"value\": \"<Error: Too many levels of nesting to fake this schema>\"\n            }\n          },\n          {\n            \"CurAmt\": {\n              \"value\": \"<Error: Too many levels of nesting to fake this schema>\"\n            },\n            \"CompositeCurAmtType\": {\n              \"value\": \"<Error: Too many levels of nesting to fake this schema>\"\n            }\n          }\n        ],\n        \"DueDt\": \"7503-87-96\"\n      },\n      \"BilledPmt\": [\n        {\n          \"PmtCompositeAmt\": [\n            {\n              \"value\": \"<Error: Too many levels of nesting to fake this schema>\"\n            },\n            {\n              \"value\": \"<Error: Too many levels of nesting to fake this schema>\"\n            }\n          ]\n        },\n        {\n          \"PmtCompositeAmt\": [\n            {\n              \"value\": \"<Error: Too many levels of nesting to fake this schema>\"\n            },\n            {\n              \"value\": \"<Error: Too many levels of nesting to fake this schema>\"\n            }\n          ]\n        }\n      ],\n      \"NextPmt\": {\n        \"PmtCompositeAmt\": [\n          {\n            \"CurAmt\": {\n              \"value\": \"<Error: Too many levels of nesting to fake this schema>\"\n            },\n            \"CompositeCurAmtType\": {\n              \"value\": \"<Error: Too many levels of nesting to fake this schema>\"\n            },\n            \"CompositeCurAmtTypeEnumDesc\": {\n              \"value\": \"<Error: Too many levels of nesting to fake this schema>\"\n            }\n          },\n          {\n            \"CurAmt\": {\n              \"value\": \"<Error: Too many levels of nesting to fake this schema>\"\n            },\n            \"CompositeCurAmtType\": {\n              \"value\": \"<Error: Too many levels of nesting to fake this schema>\"\n            },\n            \"CompositeCurAmtTypeEnumDesc\": {\n              \"value\": \"<Error: Too many levels of nesting to fake this schema>\"\n            }\n          }\n        ],\n        \"BillStatus\": {\n          \"BillStatusCodeEnumDesc\": \"cillum anim\"\n        },\n        \"PmtDt\": \"1990-04-12\"\n      },\n      \"LastPmt\": {\n        \"PmtCompositeAmt\": [\n          {\n            \"CurAmt\": {\n              \"value\": \"<Error: Too many levels of nesting to fake this schema>\"\n            },\n            \"CompositeCurAmtType\": {\n              \"value\": \"<Error: Too many levels of nesting to fake this schema>\"\n            },\n            \"CompositeCurAmtTypeEnumDesc\": {\n              \"value\": \"<Error: Too many levels of nesting to fake this schema>\"\n            }\n          },\n          {\n            \"CurAmt\": {\n              \"value\": \"<Error: Too many levels of nesting to fake this schema>\"\n            },\n            \"CompositeCurAmtType\": {\n              \"value\": \"<Error: Too many levels of nesting to fake this schema>\"\n            },\n            \"CompositeCurAmtTypeEnumDesc\": {\n              \"value\": \"<Error: Too many levels of nesting to fake this schema>\"\n            }\n          }\n        ],\n        \"PmtDt\": \"1992-07-05\"\n      },\n      \"NonAccrualInd\": false,\n      \"NonAccrualCode\": \"in veniam dolor\"\n    }\n  },\n  \"Status\": {\n    \"Severity\": \"Info\",\n    \"StatusCode\": \"incididunt labo\",\n    \"StatusDesc\": \"ea sint\",\n    \"SvcProviderName\": \"elit nostrud adipisicing\",\n    \"Id\": \"consequat reprehenderit\",\n    \"ServerStatusCode\": \"do\",\n    \"ServerStatusDesc\": \"culpa ullamco\",\n    \"OvrdExceptionInd\": true,\n    \"SubjectRole\": \"dolor\",\n    \"SubjectElement\": [\n      {\n        \"Path\": \"voluptate aliquip ea sed nulla\",\n        \"ServerPath\": \"velit veniam\",\n        \"Value\": \"adipisicing irure aliqua\"\n      },\n      {\n        \"Path\": \"occaecat consectetur\",\n        \"ServerPath\": \"amet\",\n        \"Value\": \"Duis velit in qui adipisicing\"\n      }\n    ],\n    \"ContentHTML\": \"ad aliqua\",\n    \"AdditionalStatus\": [\n      {\n        \"StatusCode\": \"elit in cill\",\n        \"StatusDesc\": \"Lorem non dolor\",\n        \"Severity\": \"Error\",\n        \"SvcProviderName\": \"tempor in cupidatat\",\n        \"ServerStatusCode\": \"mollit veniam \",\n        \"ServerStatusDesc\": \"ullamco\",\n        \"OvrdExceptionInd\": false,\n        \"SubjectElement\": [\n          {\n            \"Path\": \"do non\",\n            \"ServerPath\": \"adipisicing do\",\n            \"Value\": \"magna ut adipisicing\"\n          },\n          {\n            \"Path\": \"in\",\n            \"ServerPath\": \"mollit aliquip reprehenderit\",\n            \"Value\": \"ex veniam\"\n          }\n        ]\n      },\n      {\n        \"StatusCode\": \"Ut sit ex\",\n        \"StatusDesc\": \"nulla Excepteur in ut\",\n        \"Severity\": \"Error\",\n        \"SvcProviderName\": \"Ut et\",\n        \"ServerStatusCode\": \"ull\",\n        \"ServerStatusDesc\": \"aliqua ex cillum in\",\n        \"OvrdExceptionInd\": false,\n        \"SubjectElement\": [\n          {\n            \"Path\": \"Excepteur\",\n            \"ServerPath\": \"culpa fugiat Duis\",\n            \"Value\": \"dolor\"\n          },\n          {\n            \"Path\": \"elit reprehenderit consectetur in\",\n            \"ServerPath\": \"cillum ut ea\",\n            \"Value\": \"eius\"\n          }\n        ]\n      }\n    ]\n  }\n}","cookie":[],"_postman_previewlanguage":"json"},{"id":"4fa7b86f-b440-485c-a3c9-ebcc02676e4c","name":"To view the complete list of response codes, <a href=\"../docs/?path=docs/response-codes.md\" title=\"Click to open\">click here.</a>","originalRequest":{"url":{"path":["acctservice","acctmgmt","accounts","secured"],"host":["{{baseUrl}}"],"query":[],"variable":[]},"header":[{"disabled":false,"description":"(Required) EFX Header is a common and required component for all API calls, it contains client-related parameters. Please note that the header parameters should be sent as a JSON object under the EFXHeader parameter. To view the list of header parameters, <a href=\"../docs?path=docs/api-ref-EFX-header.md\" title=\"Click to open\"> click here.</a>","key":"EFXHeader","value":"OrganizationId,<string>,TrnId,<string>,VendorId,<string>,Context,[object Object]"},{"key":"Accept","value":"application/json"}],"method":"POST","body":{"mode":"raw","raw":"{\n  \"AcctSel\": {\n    \"AcctKeys\": {\n      \"AcctId\": \"<string>\",\n      \"AcctType\": \"<string>\"\n    }\n  }\n}","options":{"raw":{"language":"json"}}}},"status":"Internal Server Error","code":500,"header":[{"key":"Content-Type","value":"application/json"}],"body":"{\n  \"AcctRec\": {\n    \"AcctKeys\": {\n      \"AcctId\": \"<string>\",\n      \"AcctType\": \"<string>\"\n    },\n    \"AcctStatus\": {\n      \"AcctStatusCode\": \"Valid\",\n      \"EffDt\": \"1695-36-47T38:78\"\n    },\n    \"LoanAcctInfo\": {\n      \"AcctDtlStatus\": \"Active\",\n      \"AcctPref\": {\n        \"Language\": \"ut dol\"\n      },\n      \"ProductIdent\": \"labore tempor aute officia\",\n      \"OpenDt\": \"1996-05-13\",\n      \"ClosedDt\": \"2022-09-02\",\n      \"MaturityDt\": \"1954-07-06\",\n      \"DateData\": [\n        {\n          \"DateType\": \"NonAccrual\",\n          \"DateValue\": \"9158-49-89T05:38:80.429-02:40\"\n        },\n        {\n          \"DateType\": \"LastTrn\",\n          \"DateValue\": \"8215-07-20\"\n        }\n      ],\n      \"RelationshipMgr\": [\n        {\n          \"RelationshipMgrIdent\": \"elit \",\n          \"RelationshipRole\": \"Officer\"\n        },\n        {\n          \"RelationshipMgrIdent\": \"non consectetur culpa anim\",\n          \"RelationshipRole\": \"SecondOfficer\"\n        }\n      ],\n      \"OriginatingBranch\": \"in ci\",\n      \"ResponsibleBranch\": \"lab\",\n      \"NicknameOption\": \"Printed\",\n      \"Nickname\": \"occaecat in qui\",\n      \"OEDCode\": \"tempor cillum pariatur nulla\",\n      \"AccountingMethod\": \"CostCenter\",\n      \"AccountingValue\": \"q\",\n      \"ClassCode\": \"sunt occaecat\",\n      \"Rate\": -7499291.93522045,\n      \"IntRateData\": {\n        \"RateMatrixTier\": [\n          {\n            \"Tier\": {\n              \"value\": \"<Error: Too many levels of nesting to fake this schema>\"\n            },\n            \"RateIndex\": {\n              \"value\": \"<Error: Too many levels of nesting to fake this schema>\"\n            },\n            \"IntAPR\": {\n              \"value\": \"<Error: Too many levels of nesting to fake this schema>\"\n            }\n          },\n          {\n            \"Tier\": {\n              \"value\": \"<Error: Too many levels of nesting to fake this schema>\"\n            },\n            \"RateIndex\": {\n              \"value\": \"<Error: Too many levels of nesting to fake this schema>\"\n            },\n            \"IntAPR\": {\n              \"value\": \"<Error: Too many levels of nesting to fake this schema>\"\n            }\n          }\n        ],\n        \"AccrualFrequency\": {\n          \"RecurType\": \"BiWeekly\",\n          \"RecurInterval\": 20178807,\n          \"DayOfMonth\": \"ut et\",\n          \"RecurStartDate\": \"1996-01-25\"\n        },\n        \"AccrualMethod\": \"Simple\",\n        \"AccrualCode\": \"non qui Excepteur nostrud\",\n        \"DailyAccrual\": \"Standard360\",\n        \"DailyAccrualFactor\": 87663150.53458095,\n        \"MinimumInterest\": -85076201.69527015,\n        \"SplitRateData\": {\n          \"SplitAmt\": 30791184,\n          \"OverRate\": 22978220.04161203,\n          \"UnderRate\": 21145661.825010538\n        }\n      },\n      \"AcctBal\": [\n        {\n          \"BalType\": \"LateFee\",\n          \"CurAmt\": {\n            \"Amt\": {\n              \"value\": \"<Error: Too many levels of nesting to fake this schema>\"\n            },\n            \"CurCode\": {\n              \"value\": \"<Error: Too many levels of nesting to fake this schema>\"\n            }\n          }\n        },\n        {\n          \"BalType\": \"InterestDue\",\n          \"CurAmt\": {\n            \"Amt\": {\n              \"value\": \"<Error: Too many levels of nesting to fake this schema>\"\n            },\n            \"CurCode\": {\n              \"value\": \"<Error: Too many levels of nesting to fake this schema>\"\n            }\n          }\n        }\n      ],\n      \"AcctPeriodData\": [\n        {\n          \"AcctAmtType\": \"FeeEarned\",\n          \"AmtSeqId\": \"\",\n          \"AcctPeriodType\": \"LTD\",\n          \"LastOccurInd\": false,\n          \"Amt\": 83146223.13161886,\n          \"LastOccuranceDt\": \"9800-43-55\"\n        },\n        {\n          \"AcctAmtType\": \"InsurancePaid\",\n          \"AmtSeqId\": \"sed ea\",\n          \"AcctPeriodType\": \"PriorYr\",\n          \"LastOccurInd\": true,\n          \"Amt\": -26664329.080000743,\n          \"LastOccuranceDt\": \"8512-40-34T00:17\"\n        }\n      ],\n      \"PostAddr\": [\n        {\n          \"AddrType\": \"Seasonal\",\n          \"AddressIdent\": \"voluptate \",\n          \"AddrUse\": \"Inquiry\",\n          \"AddrFormatType\": \"Label\",\n          \"FullName1\": \"mollit\",\n          \"FullName2\": \"aliquip sit in\",\n          \"FullName3\": \"quis sit non\",\n          \"Addr1\": \"sed \",\n          \"Addr2\": \"amet aute i\",\n          \"City\": \"laboru\",\n          \"StateProv\": \"dolore\",\n          \"PostalCode\": \"in\",\n          \"CountryCode\": {\n            \"CountryCodeValue\": {\n              \"value\": \"<Error: Too many levels of nesting to fake this schema>\"\n            },\n            \"CountryCodeSource\": {\n              \"value\": \"<Error: Too many levels of nesting to fake this schema>\"\n            },\n            \"CountryCodeValueEnumDesc\": {\n              \"value\": \"<Error: Too many levels of nesting to fake this schema>\"\n            }\n          },\n          \"TimeFrame\": {\n            \"StartDt\": {\n              \"value\": \"<Error: Too many levels of nesting to fake this schema>\"\n            },\n            \"EndDt\": {\n              \"value\": \"<Error: Too many levels of nesting to fake this schema>\"\n            }\n          },\n          \"Retention\": true,\n          \"CensusTract\": \"in sit \",\n          \"CensusBlock\": \"Lorem\",\n          \"ForeignFlag\": true,\n          \"HandlingCode\": \"in fugiat deserunt\",\n          \"HandlingCodeOption\": \"Notices\",\n          \"MSACode\": 93235214\n        },\n        {\n          \"AddrType\": \"Seasonal\",\n          \"AddressIdent\": \"adipis\",\n          \"AddrUse\": \"Inquiry\",\n          \"AddrFormatType\": \"Label\",\n          \"FullName1\": \"enim magna sit labore\",\n          \"FullName2\": \"ex eiusmod\",\n          \"FullName3\": \"laboris ex labore veniam\",\n          \"Addr1\": \"irure\",\n          \"Addr2\": \"Duis veniam\",\n          \"City\": \"veniam consequat magna\",\n          \"StateProv\": \"adipisicing sit esse\",\n          \"PostalCode\": \"\",\n          \"CountryCode\": {\n            \"CountryCodeValue\": {\n              \"value\": \"<Error: Too many levels of nesting to fake this schema>\"\n            },\n            \"CountryCodeSource\": {\n              \"value\": \"<Error: Too many levels of nesting to fake this schema>\"\n            },\n            \"CountryCodeValueEnumDesc\": {\n              \"value\": \"<Error: Too many levels of nesting to fake this schema>\"\n            }\n          },\n          \"TimeFrame\": {\n            \"StartDt\": {\n              \"value\": \"<Error: Too many levels of nesting to fake this schema>\"\n            },\n            \"EndDt\": {\n              \"value\": \"<Error: Too many levels of nesting to fake this schema>\"\n            }\n          },\n          \"Retention\": false,\n          \"CensusTract\": \"dolor mollit cupidat\",\n          \"CensusBlock\": \"tempor enim\",\n          \"ForeignFlag\": false,\n          \"HandlingCode\": \"nisi do in velit\",\n          \"HandlingCodeOption\": \"Notices\",\n          \"MSACode\": 30848560\n        }\n      ],\n      \"TaxIdentType\": \"None\",\n      \"TaxIdent\": \"incidid\",\n      \"TaxExempt\": \"Government\",\n      \"ElectronicBankingOpt\": \"Enabled\",\n      \"DocDistributionOption\": \"in reprehenderit laborum\",\n      \"AcctMemoData\": [\n        {\n          \"AcctMemoIdent\": \"sit dolor sunt in\",\n          \"AcctMemoType\": \"Teller\",\n          \"AcctMemoText\": \"esse sed tempor\"\n        },\n        {\n          \"AcctMemoIdent\": \"cupidatat con\",\n          \"AcctMemoType\": \"Teller\",\n          \"AcctMemoText\": \"et reprehenderit Duis elit\"\n        }\n      ],\n      \"OriginationDt\": \"1965-01-27\",\n      \"LastRenewalDt\": \"2017-01-01\",\n      \"Freq\": \"BiMonthly\",\n      \"RevolvingLoanInd\": false,\n      \"InterestBilling\": {\n        \"RecurModel\": {\n          \"RecurRule\": [\n            {\n              \"value\": \"<Error: Too many levels of nesting to fake this schema>\"\n            },\n            {\n              \"value\": \"<Error: Too many levels of nesting to fake this schema>\"\n            }\n          ]\n        },\n        \"NextPmtDt\": \"1972-11-28\",\n        \"CurAmt\": {\n          \"Amt\": -38395285.67129134,\n          \"CurCode\": {\n            \"value\": \"<Error: Too many levels of nesting to fake this schema>\"\n          }\n        }\n      },\n      \"DuePmt\": {\n        \"PmtCompositeAmt\": [\n          {\n            \"CurAmt\": {\n              \"value\": \"<Error: Too many levels of nesting to fake this schema>\"\n            },\n            \"CompositeCurAmtType\": {\n              \"value\": \"<Error: Too many levels of nesting to fake this schema>\"\n            }\n          },\n          {\n            \"CurAmt\": {\n              \"value\": \"<Error: Too many levels of nesting to fake this schema>\"\n            },\n            \"CompositeCurAmtType\": {\n              \"value\": \"<Error: Too many levels of nesting to fake this schema>\"\n            }\n          }\n        ],\n        \"DueDt\": \"7662-76-36\"\n      },\n      \"BilledPmt\": [\n        {\n          \"PmtCompositeAmt\": [\n            {\n              \"value\": \"<Error: Too many levels of nesting to fake this schema>\"\n            },\n            {\n              \"value\": \"<Error: Too many levels of nesting to fake this schema>\"\n            }\n          ]\n        },\n        {\n          \"PmtCompositeAmt\": [\n            {\n              \"value\": \"<Error: Too many levels of nesting to fake this schema>\"\n            },\n            {\n              \"value\": \"<Error: Too many levels of nesting to fake this schema>\"\n            }\n          ]\n        }\n      ],\n      \"NextPmt\": {\n        \"PmtCompositeAmt\": [\n          {\n            \"CurAmt\": {\n              \"value\": \"<Error: Too many levels of nesting to fake this schema>\"\n            },\n            \"CompositeCurAmtType\": {\n              \"value\": \"<Error: Too many levels of nesting to fake this schema>\"\n            },\n            \"CompositeCurAmtTypeEnumDesc\": {\n              \"value\": \"<Error: Too many levels of nesting to fake this schema>\"\n            }\n          },\n          {\n            \"CurAmt\": {\n              \"value\": \"<Error: Too many levels of nesting to fake this schema>\"\n            },\n            \"CompositeCurAmtType\": {\n              \"value\": \"<Error: Too many levels of nesting to fake this schema>\"\n            },\n            \"CompositeCurAmtTypeEnumDesc\": {\n              \"value\": \"<Error: Too many levels of nesting to fake this schema>\"\n            }\n          }\n        ],\n        \"BillStatus\": {\n          \"BillStatusCodeEnumDesc\": \"veniam enim anim ea commodo\"\n        },\n        \"PmtDt\": \"1946-12-09\"\n      },\n      \"LastPmt\": {\n        \"PmtCompositeAmt\": [\n          {\n            \"CurAmt\": {\n              \"value\": \"<Error: Too many levels of nesting to fake this schema>\"\n            },\n            \"CompositeCurAmtType\": {\n              \"value\": \"<Error: Too many levels of nesting to fake this schema>\"\n            },\n            \"CompositeCurAmtTypeEnumDesc\": {\n              \"value\": \"<Error: Too many levels of nesting to fake this schema>\"\n            }\n          },\n          {\n            \"CurAmt\": {\n              \"value\": \"<Error: Too many levels of nesting to fake this schema>\"\n            },\n            \"CompositeCurAmtType\": {\n              \"value\": \"<Error: Too many levels of nesting to fake this schema>\"\n            },\n            \"CompositeCurAmtTypeEnumDesc\": {\n              \"value\": \"<Error: Too many levels of nesting to fake this schema>\"\n            }\n          }\n        ],\n        \"PmtDt\": \"2007-02-15\"\n      },\n      \"NonAccrualInd\": true,\n      \"NonAccrualCode\": \"in eu\"\n    }\n  },\n  \"Status\": {\n    \"Severity\": \"Warning\",\n    \"StatusCode\": \"fu\",\n    \"StatusDesc\": \"ut oc\",\n    \"SvcProviderName\": \"ut elit commodo tempor\",\n    \"Id\": \"adipisicing\",\n    \"ServerStatusCode\": \"ad Lorem\",\n    \"ServerStatusDesc\": \"magna et cupidatat incididunt\",\n    \"OvrdExceptionInd\": false,\n    \"SubjectRole\": \"in ea\",\n    \"SubjectElement\": [\n      {\n        \"Path\": \"elit culpa\",\n        \"ServerPath\": \"labore magna ut velit aliquip\",\n        \"Value\": \"proident ut\"\n      },\n      {\n        \"Path\": \"quis\",\n        \"ServerPath\": \"nulla est consequat culpa\",\n        \"Value\": \"ut deserunt nulla pariatur\"\n      }\n    ],\n    \"ContentHTML\": \"incididunt Duis\",\n    \"AdditionalStatus\": [\n      {\n        \"StatusCode\": \"qui \",\n        \"StatusDesc\": \"elit cillum labore anim\",\n        \"Severity\": \"Warning\",\n        \"SvcProviderName\": \"commodo\",\n        \"ServerStatusCode\": \"ad magna\",\n        \"ServerStatusDesc\": \"dolore occaecat esse voluptate\",\n        \"OvrdExceptionInd\": true,\n        \"SubjectElement\": [\n          {\n            \"Path\": \"laboris aliquip in fugiat\",\n            \"ServerPath\": \"dolor Duis\",\n            \"Value\": \"fugiat exercitation\"\n          },\n          {\n            \"Path\": \"irure do proident\",\n            \"ServerPath\": \"incididunt ex esse ut\",\n            \"Value\": \"esse nisi non\"\n          }\n        ]\n      },\n      {\n        \"StatusCode\": \"volupta\",\n        \"StatusDesc\": \"ex veniam\",\n        \"Severity\": \"Info\",\n        \"SvcProviderName\": \"consectetur ex\",\n        \"ServerStatusCode\": \"velit dolore \",\n        \"ServerStatusDesc\": \"deserunt laboris commodo ut\",\n        \"OvrdExceptionInd\": true,\n        \"SubjectElement\": [\n          {\n            \"Path\": \"ipsum commodo mollit\",\n            \"ServerPath\": \"ullamco\",\n            \"Value\": \"veniam dolor\"\n          },\n          {\n            \"Path\": \"nisi incididunt\",\n            \"ServerPath\": \"deserunt amet\",\n            \"Value\": \"dolor nostrud incididunt\"\n          }\n        ]\n      }\n    ]\n  }\n}","cookie":[],"_postman_previewlanguage":"json"}],"event":[],"protocolProfileBehavior":{"disableBodyPruning":true}}],"event":[],"variable":[{"type":"string","value":"/","key":"baseUrl"}],"info":{"_postman_id":"fbe3f214-3f2a-4308-b00b-fe2b7346b2c5","name":"Account Service","schema":"https://schema.getpostman.com/json/collection/v2.1.0/collection.json","description":{"content":"The account service helps to create and manage product accounts serviced by the financial institutions. It is also used to retrieve information about the existing accounts and maintain information of new accounts.","type":"text/plain"}}}