{"item":[{"id":"8cb6e15f-953e-42f6-8d29-328330949371","name":"Add Account.","request":{"name":"Add Account.","description":{"content":"Creates a new Checking, Savings, CD or Loan Account for one or multiple parties. Account is a product serviced by a financial institution (FI) that carries a credit or debit balance in a particular currency.<br>\n        Following are the supported accounts:\n        <ul>\n          <li>Certificate of Deposit (CDA)</li>\n          <li>Demand Deposit Account (DDA)</li>\n          <li>Savings Deposit Account (SDA)</li>\n          <li>Loan Account (LOAN)</li>\n        </ul>\n        \n        For more information about the Accounts domain, <a href=\"../docs/?path=docs/fintechs/accounts.md\" title=\"Click to open\">click here.</a><br>\n        <br>\n        <b>Relates to:</b>\n          <ul> \n            <li><a href=\"../docs/?path=docs/banks-and-CU/deposits.md\" title=\"Click to open\">Deposits</a></li>\n            <li><a href=\"../docs/?path=docs/banks-and-CU/loans.md\" title=\"Click to open\">Loans</a></li>\n            <li><a href=\"../docs/?path=docs/banks-and-CU/bank-servicing.md\" title=\"Click to open\">Bank Servicing</a></li>\n          </ul>","type":"text/plain"},"url":{"path":["acctservice","acctmgmt","accounts"],"host":["{{baseUrl}}"],"query":[],"variable":[]},"header":[{"disabled":false,"description":"(Required) EFX Header is a common and required component for all API calls, it contains authentication and client-related parameters. Please note that the header parameters should be sent as a JSON object under the EFXHeader parameter. To view the list of header parameters, <a href=\"../docs?path=docs/api-ref-EFX-header.md\" title=\"Click to open\"> click here.</a>","key":"EFXHeader","value":"OrganizationId,<string>,TrnId,<string>,VendorId,<string>,Context,[object Object]"},{"key":"Content-Type","value":"application/json"},{"key":"Accept","value":"application/json"}],"method":"POST","auth":null,"body":{"mode":"raw","raw":"{\n  \"PartyAcctRelInfo\": [\n    {\n      \"PartyRef\": {\n        \"PartyKeys\": {\n          \"PartyId\": \"<string>\"\n        }\n      },\n      \"PartyAcctRelData\": [\n        {\n          \"PartyAcctRelType\": \"<string>\",\n          \"PartyAcctRelDesc\": \"<string>\",\n          \"PartyAcctRelOrder\": \"<string>\"\n        },\n        {\n          \"PartyAcctRelType\": \"<string>\",\n          \"PartyAcctRelDesc\": \"<string>\",\n          \"PartyAcctRelOrder\": \"<string>\"\n        }\n      ],\n      \"OwnerPercent\": \"<number>\",\n      \"TaxReportingOwnerInd\": \"<boolean>\",\n      \"FDICOwnership\": \"<string>\"\n    },\n    {\n      \"PartyRef\": {\n        \"PartyKeys\": {\n          \"PartyId\": \"<string>\"\n        }\n      },\n      \"PartyAcctRelData\": [\n        {\n          \"PartyAcctRelType\": \"<string>\",\n          \"PartyAcctRelDesc\": \"<string>\",\n          \"PartyAcctRelOrder\": \"<string>\"\n        },\n        {\n          \"PartyAcctRelType\": \"<string>\",\n          \"PartyAcctRelDesc\": \"<string>\",\n          \"PartyAcctRelOrder\": \"<string>\"\n        }\n      ],\n      \"OwnerPercent\": \"<number>\",\n      \"TaxReportingOwnerInd\": \"<boolean>\",\n      \"FDICOwnership\": \"<string>\"\n    }\n  ],\n  \"DepositAcctInfo\": {\n    \"AcctPref\": {\n      \"CurCode\": {\n        \"CurCodeValue\": \"<string>\",\n        \"CurCodeType\": \"<string>\"\n      }\n    },\n    \"Ownership\": \"<string>\",\n    \"AcctIdent\": [\n      {\n        \"AcctIdentType\": \"<string>\",\n        \"AcctIdentValue\": \"<string>\"\n      },\n      {\n        \"AcctIdentType\": \"<string>\",\n        \"AcctIdentValue\": \"<string>\"\n      }\n    ],\n    \"ProductIdent\": \"<string>\",\n    \"AcctType\": \"<string>\",\n    \"ResponsibleBranch\": \"<string>\",\n    \"Nickname\": \"<string>\",\n    \"AcctTitle\": \"<string>\",\n    \"AccountingValue\": \"<string>\",\n    \"ClassCode\": \"<string>\",\n    \"AcctTypeCode\": \"<string>\",\n    \"ReportGroupCode\": \"<string>\",\n    \"DocDistributionOption\": \"<string>\",\n    \"CostCenter\": \"<string>\"\n  }\n}","options":{"raw":{"language":"json"}}}},"response":[{"id":"24a920ec-970f-4797-b7b1-99422a5510bc","name":"Created","originalRequest":{"url":{"path":["acctservice","acctmgmt","accounts"],"host":["{{baseUrl}}"],"query":[],"variable":[]},"header":[{"disabled":false,"description":"(Required) EFX Header is a common and required component for all API calls, it contains authentication and client-related parameters. Please note that the header parameters should be sent as a JSON object under the EFXHeader parameter. To view the list of header parameters, <a href=\"../docs?path=docs/api-ref-EFX-header.md\" title=\"Click to open\"> click here.</a>","key":"EFXHeader","value":"OrganizationId,<string>,TrnId,<string>,VendorId,<string>,Context,[object Object]"},{"key":"Accept","value":"application/json"}],"method":"POST","body":{"mode":"raw","raw":"{\n  \"PartyAcctRelInfo\": [\n    {\n      \"PartyRef\": {\n        \"PartyKeys\": {\n          \"PartyId\": \"<string>\"\n        }\n      },\n      \"PartyAcctRelData\": [\n        {\n          \"PartyAcctRelType\": \"<string>\",\n          \"PartyAcctRelDesc\": \"<string>\",\n          \"PartyAcctRelOrder\": \"<string>\"\n        },\n        {\n          \"PartyAcctRelType\": \"<string>\",\n          \"PartyAcctRelDesc\": \"<string>\",\n          \"PartyAcctRelOrder\": \"<string>\"\n        }\n      ],\n      \"OwnerPercent\": \"<number>\",\n      \"TaxReportingOwnerInd\": \"<boolean>\",\n      \"FDICOwnership\": \"<string>\"\n    },\n    {\n      \"PartyRef\": {\n        \"PartyKeys\": {\n          \"PartyId\": \"<string>\"\n        }\n      },\n      \"PartyAcctRelData\": [\n        {\n          \"PartyAcctRelType\": \"<string>\",\n          \"PartyAcctRelDesc\": \"<string>\",\n          \"PartyAcctRelOrder\": \"<string>\"\n        },\n        {\n          \"PartyAcctRelType\": \"<string>\",\n          \"PartyAcctRelDesc\": \"<string>\",\n          \"PartyAcctRelOrder\": \"<string>\"\n        }\n      ],\n      \"OwnerPercent\": \"<number>\",\n      \"TaxReportingOwnerInd\": \"<boolean>\",\n      \"FDICOwnership\": \"<string>\"\n    }\n  ],\n  \"DepositAcctInfo\": {\n    \"AcctPref\": {\n      \"CurCode\": {\n        \"CurCodeValue\": \"<string>\",\n        \"CurCodeType\": \"<string>\"\n      }\n    },\n    \"Ownership\": \"<string>\",\n    \"AcctIdent\": [\n      {\n        \"AcctIdentType\": \"<string>\",\n        \"AcctIdentValue\": \"<string>\"\n      },\n      {\n        \"AcctIdentType\": \"<string>\",\n        \"AcctIdentValue\": \"<string>\"\n      }\n    ],\n    \"ProductIdent\": \"<string>\",\n    \"AcctType\": \"<string>\",\n    \"ResponsibleBranch\": \"<string>\",\n    \"Nickname\": \"<string>\",\n    \"AcctTitle\": \"<string>\",\n    \"AccountingValue\": \"<string>\",\n    \"ClassCode\": \"<string>\",\n    \"AcctTypeCode\": \"<string>\",\n    \"ReportGroupCode\": \"<string>\",\n    \"DocDistributionOption\": \"<string>\",\n    \"CostCenter\": \"<string>\"\n  }\n}","options":{"raw":{"language":"json"}}}},"status":"Created","code":201,"header":[{"key":"Content-Type","value":"application/json"}],"body":"{\n  \"AcctStatusRec\": {\n    \"AcctKeys\": {\n      \"AcctId\": \"Ut\",\n      \"AcctType\": \"MMA\"\n    },\n    \"AcctStatus\": {\n      \"AcctStatusCode\": \"Valid\",\n      \"EffDt\": \"6375-01-47T78:72\"\n    }\n  },\n  \"Status\": {\n    \"Severity\": \"Error\",\n    \"StatusCode\": \"ut sint\",\n    \"StatusDesc\": \"laboris dolore deserunt dolore\",\n    \"SvcProviderName\": \"non ut id\",\n    \"Id\": \"cupidatat esse sed ad dolore\",\n    \"ServerStatusCode\": \"est do id\",\n    \"ServerStatusDesc\": \"occaecat \",\n    \"OvrdExceptionInd\": true,\n    \"SubjectRole\": \"Ut commodo\",\n    \"SubjectElement\": [\n      {\n        \"Path\": \"in dolore incididunt eiu\",\n        \"ServerPath\": \"aute\",\n        \"Value\": \"enim fugiat elit commodo\"\n      },\n      {\n        \"Path\": \"quis dolor aute\",\n        \"ServerPath\": \"sunt sint officia\",\n        \"Value\": \"pariatur quis est ipsum voluptate\"\n      }\n    ],\n    \"ContentHTML\": \"exercitation aute et\",\n    \"AdditionalStatus\": [\n      {\n        \"StatusCode\": \"ut occaecat \",\n        \"StatusDesc\": \"cupidatat anim e\",\n        \"Severity\": \"Warning\",\n        \"SvcProviderName\": \"eu anim\",\n        \"ServerStatusCode\": \"veniam\",\n        \"ServerStatusDesc\": \"proident et cupidatat dolore\",\n        \"OvrdExceptionInd\": true,\n        \"SubjectElement\": [\n          {\n            \"Path\": \"amet dolore\",\n            \"ServerPath\": \"consequat in quis ea\",\n            \"Value\": \"aliquip dolore officia laboris\"\n          },\n          {\n            \"Path\": \"dolor nisi\",\n            \"ServerPath\": \"ut eu est deserunt\",\n            \"Value\": \"cupidatat est\"\n          }\n        ]\n      },\n      {\n        \"StatusCode\": \"amet id irure\",\n        \"StatusDesc\": \"pariatur fugiat\",\n        \"Severity\": \"Info\",\n        \"SvcProviderName\": \"consequat nisi qui et\",\n        \"ServerStatusCode\": \"sed pari\",\n        \"ServerStatusDesc\": \"in\",\n        \"OvrdExceptionInd\": true,\n        \"SubjectElement\": [\n          {\n            \"Path\": \"ad quis proident\",\n            \"ServerPath\": \"sed reprehenderit\",\n            \"Value\": \"ut ea et\"\n          },\n          {\n            \"Path\": \"tempor\",\n            \"ServerPath\": \"ex anim\",\n            \"Value\": \"consectetur velit officia\"\n          }\n        ]\n      }\n    ]\n  }\n}","cookie":[],"_postman_previewlanguage":"json"},{"id":"264cfc52-bfdd-4162-8460-b1dca84e42b5","name":"To view the complete list of response codes, <a href=\"../docs/?path=docs/response-codes.md\" title=\"Click to open\">click here.</a>","originalRequest":{"url":{"path":["acctservice","acctmgmt","accounts"],"host":["{{baseUrl}}"],"query":[],"variable":[]},"header":[{"disabled":false,"description":"(Required) EFX Header is a common and required component for all API calls, it contains authentication and client-related parameters. Please note that the header parameters should be sent as a JSON object under the EFXHeader parameter. To view the list of header parameters, <a href=\"../docs?path=docs/api-ref-EFX-header.md\" title=\"Click to open\"> click here.</a>","key":"EFXHeader","value":"OrganizationId,<string>,TrnId,<string>,VendorId,<string>,Context,[object Object]"},{"key":"Accept","value":"application/json"}],"method":"POST","body":{"mode":"raw","raw":"{\n  \"PartyAcctRelInfo\": [\n    {\n      \"PartyRef\": {\n        \"PartyKeys\": {\n          \"PartyId\": \"<string>\"\n        }\n      },\n      \"PartyAcctRelData\": [\n        {\n          \"PartyAcctRelType\": \"<string>\",\n          \"PartyAcctRelDesc\": \"<string>\",\n          \"PartyAcctRelOrder\": \"<string>\"\n        },\n        {\n          \"PartyAcctRelType\": \"<string>\",\n          \"PartyAcctRelDesc\": \"<string>\",\n          \"PartyAcctRelOrder\": \"<string>\"\n        }\n      ],\n      \"OwnerPercent\": \"<number>\",\n      \"TaxReportingOwnerInd\": \"<boolean>\",\n      \"FDICOwnership\": \"<string>\"\n    },\n    {\n      \"PartyRef\": {\n        \"PartyKeys\": {\n          \"PartyId\": \"<string>\"\n        }\n      },\n      \"PartyAcctRelData\": [\n        {\n          \"PartyAcctRelType\": \"<string>\",\n          \"PartyAcctRelDesc\": \"<string>\",\n          \"PartyAcctRelOrder\": \"<string>\"\n        },\n        {\n          \"PartyAcctRelType\": \"<string>\",\n          \"PartyAcctRelDesc\": \"<string>\",\n          \"PartyAcctRelOrder\": \"<string>\"\n        }\n      ],\n      \"OwnerPercent\": \"<number>\",\n      \"TaxReportingOwnerInd\": \"<boolean>\",\n      \"FDICOwnership\": \"<string>\"\n    }\n  ],\n  \"DepositAcctInfo\": {\n    \"AcctPref\": {\n      \"CurCode\": {\n        \"CurCodeValue\": \"<string>\",\n        \"CurCodeType\": \"<string>\"\n      }\n    },\n    \"Ownership\": \"<string>\",\n    \"AcctIdent\": [\n      {\n        \"AcctIdentType\": \"<string>\",\n        \"AcctIdentValue\": \"<string>\"\n      },\n      {\n        \"AcctIdentType\": \"<string>\",\n        \"AcctIdentValue\": \"<string>\"\n      }\n    ],\n    \"ProductIdent\": \"<string>\",\n    \"AcctType\": \"<string>\",\n    \"ResponsibleBranch\": \"<string>\",\n    \"Nickname\": \"<string>\",\n    \"AcctTitle\": \"<string>\",\n    \"AccountingValue\": \"<string>\",\n    \"ClassCode\": \"<string>\",\n    \"AcctTypeCode\": \"<string>\",\n    \"ReportGroupCode\": \"<string>\",\n    \"DocDistributionOption\": \"<string>\",\n    \"CostCenter\": \"<string>\"\n  }\n}","options":{"raw":{"language":"json"}}}},"status":"Internal Server Error","code":500,"header":[{"key":"Content-Type","value":"application/json"}],"body":"{\n  \"AcctStatusRec\": {\n    \"AcctKeys\": {\n      \"AcctId\": \"sed dolore do\",\n      \"AcctType\": \"CDA\"\n    },\n    \"AcctStatus\": {\n      \"AcctStatusCode\": \"Valid\",\n      \"EffDt\": \"3404-22-44\"\n    }\n  },\n  \"Status\": {\n    \"Severity\": \"Error\",\n    \"StatusCode\": \"proiden\",\n    \"StatusDesc\": \"nisi ut commodo\",\n    \"SvcProviderName\": \"non cupidatat\",\n    \"Id\": \"exercitation sint cupidatat\",\n    \"ServerStatusCode\": \"id sit labore\",\n    \"ServerStatusDesc\": \"sunt dolore fugiat\",\n    \"OvrdExceptionInd\": true,\n    \"SubjectRole\": \"Excepteur\",\n    \"SubjectElement\": [\n      {\n        \"Path\": \"sunt voluptate in\",\n        \"ServerPath\": \"laborum aliquip occaecat elit\",\n        \"Value\": \"dolore aliquip sed Excepteur\"\n      },\n      {\n        \"Path\": \"culpa consectetur\",\n        \"ServerPath\": \"velit laborum in\",\n        \"Value\": \"ex eu aliqua\"\n      }\n    ],\n    \"ContentHTML\": \"ipsum laboris sint ut\",\n    \"AdditionalStatus\": [\n      {\n        \"StatusCode\": \"irure enim mollit\",\n        \"StatusDesc\": \"Duis aliqua cillum\",\n        \"Severity\": \"Error\",\n        \"SvcProviderName\": \"in\",\n        \"ServerStatusCode\": \"incididunt\",\n        \"ServerStatusDesc\": \"proident aliqua commodo\",\n        \"OvrdExceptionInd\": true,\n        \"SubjectElement\": [\n          {\n            \"Path\": \"aute in\",\n            \"ServerPath\": \"irure commodo\",\n            \"Value\": \"consectetur aute\"\n          },\n          {\n            \"Path\": \"ut sit do\",\n            \"ServerPath\": \"adipisicing elit cupidatat\",\n            \"Value\": \"laborum irure\"\n          }\n        ]\n      },\n      {\n        \"StatusCode\": \"reprehen\",\n        \"StatusDesc\": \"in mollit\",\n        \"Severity\": \"Info\",\n        \"SvcProviderName\": \"adipisicing enim\",\n        \"ServerStatusCode\": \"qui Lorem Duis\",\n        \"ServerStatusDesc\": \"consequat nostrud tempor fugiat laboris\",\n        \"OvrdExceptionInd\": false,\n        \"SubjectElement\": [\n          {\n            \"Path\": \"do aliquip sed\",\n            \"ServerPath\": \"in ea aute veniam\",\n            \"Value\": \"sunt occaecat\"\n          },\n          {\n            \"Path\": \"consectetur nulla dolore ut\",\n            \"ServerPath\": \"tempor laboris\",\n            \"Value\": \"dolor\"\n          }\n        ]\n      }\n    ]\n  }\n}","cookie":[],"_postman_previewlanguage":"json"}],"event":[],"protocolProfileBehavior":{"disableBodyPruning":true}}],"event":[],"variable":[{"type":"string","value":"/","key":"baseUrl"}],"info":{"_postman_id":"2303b514-380c-4da8-a76b-9075675a3d7d","name":"Account Service","schema":"https://schema.getpostman.com/json/collection/v2.1.0/collection.json","description":{"content":"The account service helps to create and manage product accounts serviced by the financial institutions. It is also used to retrieve information about the existing accounts and maintain information of new accounts.","type":"text/plain"}}}