{"item":[{"id":"06fbc557-c2c8-4b84-8a50-5753892a4c4a","name":"Add Account.","request":{"name":"Add Account.","description":{"content":"Add Account API creates a new Line of Credit Account (LOC). <br>For Cleartouch, this API adds the primary or seasonal addresses to the account during the account set up of the new account only. Cleartouch does not update the address anywhere in the system or at the customer record.<br> <br> To download the API Specifications and Postman Collection, click <a href=\"../docs/?path=docs/resources/resources.md\" title=\"Click to open\">Resources</a>.","type":"text/plain"},"url":{"path":["acctservice","acctmgmt","accounts"],"host":["{{baseUrl}}"],"query":[],"variable":[]},"header":[{"disabled":false,"description":"(Required) EFX Header is a common and required component for all API calls, it contains client-related parameters. Please note that the header parameters should be sent as a JSON object under the EFXHeader parameter. To view the list of header parameters, <a href=\"../docs?path=docs/api-ref-EFX-header.md\" title=\"Click to open\"> click here.</a>","key":"EFXHeader","value":"OrganizationId,<string>,TrnId,<string>,VendorId,<string>,Context,[object Object]"},{"key":"Content-Type","value":"application/json"},{"key":"Accept","value":"application/json"}],"method":"POST","auth":null,"body":{"mode":"raw","raw":"{\n  \"PartyAcctRelInfo\": [\n    {\n      \"PartyRef\": {\n        \"PartyKeys\": {\n          \"PartyId\": \"<string>\"\n        }\n      },\n      \"PartyAcctRelData\": [\n        {\n          \"PartyAcctRelType\": \"<string>\",\n          \"OwnershipType\": \"<string>\"\n        },\n        {\n          \"PartyAcctRelType\": \"<string>\",\n          \"OwnershipType\": \"<string>\"\n        }\n      ],\n      \"PrimaryOwnerInd\": \"<boolean>\"\n    },\n    {\n      \"PartyRef\": {\n        \"PartyKeys\": {\n          \"PartyId\": \"<string>\"\n        }\n      },\n      \"PartyAcctRelData\": [\n        {\n          \"PartyAcctRelType\": \"<string>\",\n          \"OwnershipType\": \"<string>\"\n        },\n        {\n          \"PartyAcctRelType\": \"<string>\",\n          \"OwnershipType\": \"<string>\"\n        }\n      ],\n      \"PrimaryOwnerInd\": \"<boolean>\"\n    }\n  ],\n  \"LoanAcctInfo\": {\n    \"CurCode\": {\n      \"CurCodeValue\": \"<string>\",\n      \"CurCodeType\": \"<string>\"\n    },\n    \"AcctIdent\": [\n      {\n        \"AcctIdentType\": \"<string>\",\n        \"AcctIdentValue\": \"<string>\"\n      },\n      {\n        \"AcctIdentType\": \"<string>\",\n        \"AcctIdentValue\": \"<string>\"\n      }\n    ],\n    \"ProductIdent\": \"<string>\",\n    \"AcctType\": \"<string>\",\n    \"AcctUse\": \"<string>\",\n    \"InitialAmount\": {\n      \"Amt\": \"<number>\",\n      \"CurCode\": {\n        \"CurCodeValue\": \"<string>\",\n        \"CurCodeType\": \"<string>\"\n      }\n    },\n    \"OpenDt\": \"<date>\",\n    \"MaturityDt\": \"<date>\",\n    \"RelationshipMgr\": [\n      {\n        \"RelationshipMgrIdent\": \"<string>\",\n        \"RelationshipRole\": \"<string>\",\n        \"RelationshipRoleEnumDesc\": \"<string>\"\n      },\n      {\n        \"RelationshipMgrIdent\": \"<string>\",\n        \"RelationshipRole\": \"<string>\",\n        \"RelationshipRoleEnumDesc\": \"<string>\"\n      }\n    ],\n    \"OriginatingBranch\": \"<string>\",\n    \"Nickname\": \"<string>\",\n    \"AddtlTitles\": [\n      {\n        \"AcctTitleType\": \"<string>\",\n        \"AcctTitle\": \"<string>\"\n      },\n      {\n        \"AcctTitleType\": \"<string>\",\n        \"AcctTitle\": \"<string>\"\n      }\n    ],\n    \"Rate\": \"<number>\",\n    \"EffectiveRate\": \"<number>\",\n    \"PostAddr\": [\n      {\n        \"AddrType\": \"<string>\",\n        \"AddrUse\": \"<string>\",\n        \"Addr1\": \"<string>\",\n        \"Addr2\": \"<string>\",\n        \"City\": \"<string>\",\n        \"StateProv\": \"<string>\",\n        \"PostalCode\": \"<string>\",\n        \"CountryCode\": {\n          \"CountryCodeValue\": \"<string>\",\n          \"CountryCodeSource\": \"<string>\"\n        },\n        \"TimeFrame\": {\n          \"StartDt\": \"<string>\",\n          \"EndDt\": \"<string>\"\n        }\n      },\n      {\n        \"AddrType\": \"<string>\",\n        \"AddrUse\": \"<string>\",\n        \"Addr1\": \"<string>\",\n        \"Addr2\": \"<string>\",\n        \"City\": \"<string>\",\n        \"StateProv\": \"<string>\",\n        \"PostalCode\": \"<string>\",\n        \"CountryCode\": {\n          \"CountryCodeValue\": \"<string>\",\n          \"CountryCodeSource\": \"<string>\"\n        },\n        \"TimeFrame\": {\n          \"StartDt\": \"<string>\",\n          \"EndDt\": \"<string>\"\n        }\n      }\n    ],\n    \"DuePmt\": {\n      \"DueDt\": \"<string>\"\n    }\n  }\n}","options":{"raw":{"language":"json"}}}},"response":[{"id":"d6121309-a074-48ea-a309-6e176c9c6177","name":"Created","originalRequest":{"url":{"path":["acctservice","acctmgmt","accounts"],"host":["{{baseUrl}}"],"query":[],"variable":[]},"header":[{"disabled":false,"description":"(Required) EFX Header is a common and required component for all API calls, it contains client-related parameters. Please note that the header parameters should be sent as a JSON object under the EFXHeader parameter. To view the list of header parameters, <a href=\"../docs?path=docs/api-ref-EFX-header.md\" title=\"Click to open\"> click here.</a>","key":"EFXHeader","value":"OrganizationId,<string>,TrnId,<string>,VendorId,<string>,Context,[object Object]"},{"key":"Accept","value":"application/json"}],"method":"POST","body":{"mode":"raw","raw":"{\n  \"PartyAcctRelInfo\": [\n    {\n      \"PartyRef\": {\n        \"PartyKeys\": {\n          \"PartyId\": \"<string>\"\n        }\n      },\n      \"PartyAcctRelData\": [\n        {\n          \"PartyAcctRelType\": \"<string>\",\n          \"OwnershipType\": \"<string>\"\n        },\n        {\n          \"PartyAcctRelType\": \"<string>\",\n          \"OwnershipType\": \"<string>\"\n        }\n      ],\n      \"PrimaryOwnerInd\": \"<boolean>\"\n    },\n    {\n      \"PartyRef\": {\n        \"PartyKeys\": {\n          \"PartyId\": \"<string>\"\n        }\n      },\n      \"PartyAcctRelData\": [\n        {\n          \"PartyAcctRelType\": \"<string>\",\n          \"OwnershipType\": \"<string>\"\n        },\n        {\n          \"PartyAcctRelType\": \"<string>\",\n          \"OwnershipType\": \"<string>\"\n        }\n      ],\n      \"PrimaryOwnerInd\": \"<boolean>\"\n    }\n  ],\n  \"LoanAcctInfo\": {\n    \"CurCode\": {\n      \"CurCodeValue\": \"<string>\",\n      \"CurCodeType\": \"<string>\"\n    },\n    \"AcctIdent\": [\n      {\n        \"AcctIdentType\": \"<string>\",\n        \"AcctIdentValue\": \"<string>\"\n      },\n      {\n        \"AcctIdentType\": \"<string>\",\n        \"AcctIdentValue\": \"<string>\"\n      }\n    ],\n    \"ProductIdent\": \"<string>\",\n    \"AcctType\": \"<string>\",\n    \"AcctUse\": \"<string>\",\n    \"InitialAmount\": {\n      \"Amt\": \"<number>\",\n      \"CurCode\": {\n        \"CurCodeValue\": \"<string>\",\n        \"CurCodeType\": \"<string>\"\n      }\n    },\n    \"OpenDt\": \"<date>\",\n    \"MaturityDt\": \"<date>\",\n    \"RelationshipMgr\": [\n      {\n        \"RelationshipMgrIdent\": \"<string>\",\n        \"RelationshipRole\": \"<string>\",\n        \"RelationshipRoleEnumDesc\": \"<string>\"\n      },\n      {\n        \"RelationshipMgrIdent\": \"<string>\",\n        \"RelationshipRole\": \"<string>\",\n        \"RelationshipRoleEnumDesc\": \"<string>\"\n      }\n    ],\n    \"OriginatingBranch\": \"<string>\",\n    \"Nickname\": \"<string>\",\n    \"AddtlTitles\": [\n      {\n        \"AcctTitleType\": \"<string>\",\n        \"AcctTitle\": \"<string>\"\n      },\n      {\n        \"AcctTitleType\": \"<string>\",\n        \"AcctTitle\": \"<string>\"\n      }\n    ],\n    \"Rate\": \"<number>\",\n    \"EffectiveRate\": \"<number>\",\n    \"PostAddr\": [\n      {\n        \"AddrType\": \"<string>\",\n        \"AddrUse\": \"<string>\",\n        \"Addr1\": \"<string>\",\n        \"Addr2\": \"<string>\",\n        \"City\": \"<string>\",\n        \"StateProv\": \"<string>\",\n        \"PostalCode\": \"<string>\",\n        \"CountryCode\": {\n          \"CountryCodeValue\": \"<string>\",\n          \"CountryCodeSource\": \"<string>\"\n        },\n        \"TimeFrame\": {\n          \"StartDt\": \"<string>\",\n          \"EndDt\": \"<string>\"\n        }\n      },\n      {\n        \"AddrType\": \"<string>\",\n        \"AddrUse\": \"<string>\",\n        \"Addr1\": \"<string>\",\n        \"Addr2\": \"<string>\",\n        \"City\": \"<string>\",\n        \"StateProv\": \"<string>\",\n        \"PostalCode\": \"<string>\",\n        \"CountryCode\": {\n          \"CountryCodeValue\": \"<string>\",\n          \"CountryCodeSource\": \"<string>\"\n        },\n        \"TimeFrame\": {\n          \"StartDt\": \"<string>\",\n          \"EndDt\": \"<string>\"\n        }\n      }\n    ],\n    \"DuePmt\": {\n      \"DueDt\": \"<string>\"\n    }\n  }\n}","options":{"raw":{"language":"json"}}}},"status":"Created","code":201,"header":[{"key":"Content-Type","value":"application/json"}],"body":"{\n  \"AcctStatusRec\": {\n    \"AcctKeys\": {\n      \"AcctId\": \"amet sed eiusmod\",\n      \"AcctType\": \"LOC\"\n    },\n    \"AcctStatus\": {\n      \"AcctStatusCode\": \"Valid\",\n      \"EffDt\": \"0776-94-59\"\n    }\n  },\n  \"Status\": {\n    \"Severity\": \"Error\",\n    \"StatusCode\": \"velit magna in\",\n    \"StatusDesc\": \"sed\",\n    \"SvcProviderName\": \"sit culpa non\",\n    \"Id\": \"occaecat deserunt\",\n    \"ServerStatusCode\": \"nulla\",\n    \"ServerStatusDesc\": \"amet labore\",\n    \"OvrdExceptionInd\": true,\n    \"SubjectRole\": \"proident ut\",\n    \"SubjectElement\": [\n      {\n        \"Path\": \"sed adipisicing commodo\",\n        \"ServerPath\": \"do esse cillum\",\n        \"Value\": \"exercita\"\n      },\n      {\n        \"Path\": \"fugiat pariatur laborum esse\",\n        \"ServerPath\": \"elit id veniam\",\n        \"Value\": \"Lorem sint Duis adipisicing\"\n      }\n    ],\n    \"ContentHTML\": \"enim sint\",\n    \"AdditionalStatus\": [\n      {\n        \"StatusCode\": \"est sed\",\n        \"StatusDesc\": \"sed enim et\",\n        \"Severity\": \"Error\",\n        \"SvcProviderName\": \"non commodo\",\n        \"ServerStatusCode\": \"\",\n        \"ServerStatusDesc\": \"cillum ad ea\",\n        \"OvrdExceptionInd\": true,\n        \"SubjectElement\": [\n          {\n            \"Path\": \"occaecat consectetur elit ullamco\",\n            \"ServerPath\": \"ex\",\n            \"Value\": \"exercitation non tempor qui\"\n          },\n          {\n            \"Path\": \"in\",\n            \"ServerPath\": \"qui\",\n            \"Value\": \"consectetur eiusmod\"\n          }\n        ]\n      },\n      {\n        \"StatusCode\": \"nostrud elit officia\",\n        \"StatusDesc\": \"Excepteur\",\n        \"Severity\": \"Error\",\n        \"SvcProviderName\": \"ut sunt anim Duis\",\n        \"ServerStatusCode\": \"occaecat et\",\n        \"ServerStatusDesc\": \"adipisicing tempor in\",\n        \"OvrdExceptionInd\": true,\n        \"SubjectElement\": [\n          {\n            \"Path\": \"quis est sed Ut\",\n            \"ServerPath\": \"aute qui est ipsum\",\n            \"Value\": \"ex fugiat eiusmod\"\n          },\n          {\n            \"Path\": \"et qui dolor\",\n            \"ServerPath\": \"consequat fugiat magna\",\n            \"Value\": \"in\"\n          }\n        ]\n      }\n    ]\n  }\n}","cookie":[],"_postman_previewlanguage":"json"},{"id":"9fac2564-e62d-444d-9757-add68aacbcd1","name":"To view the complete list of response codes, <a href=\"../docs/?path=docs/response-codes.md\" title=\"Click to open\">click here.</a>","originalRequest":{"url":{"path":["acctservice","acctmgmt","accounts"],"host":["{{baseUrl}}"],"query":[],"variable":[]},"header":[{"disabled":false,"description":"(Required) EFX Header is a common and required component for all API calls, it contains client-related parameters. Please note that the header parameters should be sent as a JSON object under the EFXHeader parameter. To view the list of header parameters, <a href=\"../docs?path=docs/api-ref-EFX-header.md\" title=\"Click to open\"> click here.</a>","key":"EFXHeader","value":"OrganizationId,<string>,TrnId,<string>,VendorId,<string>,Context,[object Object]"},{"key":"Accept","value":"application/json"}],"method":"POST","body":{"mode":"raw","raw":"{\n  \"PartyAcctRelInfo\": [\n    {\n      \"PartyRef\": {\n        \"PartyKeys\": {\n          \"PartyId\": \"<string>\"\n        }\n      },\n      \"PartyAcctRelData\": [\n        {\n          \"PartyAcctRelType\": \"<string>\",\n          \"OwnershipType\": \"<string>\"\n        },\n        {\n          \"PartyAcctRelType\": \"<string>\",\n          \"OwnershipType\": \"<string>\"\n        }\n      ],\n      \"PrimaryOwnerInd\": \"<boolean>\"\n    },\n    {\n      \"PartyRef\": {\n        \"PartyKeys\": {\n          \"PartyId\": \"<string>\"\n        }\n      },\n      \"PartyAcctRelData\": [\n        {\n          \"PartyAcctRelType\": \"<string>\",\n          \"OwnershipType\": \"<string>\"\n        },\n        {\n          \"PartyAcctRelType\": \"<string>\",\n          \"OwnershipType\": \"<string>\"\n        }\n      ],\n      \"PrimaryOwnerInd\": \"<boolean>\"\n    }\n  ],\n  \"LoanAcctInfo\": {\n    \"CurCode\": {\n      \"CurCodeValue\": \"<string>\",\n      \"CurCodeType\": \"<string>\"\n    },\n    \"AcctIdent\": [\n      {\n        \"AcctIdentType\": \"<string>\",\n        \"AcctIdentValue\": \"<string>\"\n      },\n      {\n        \"AcctIdentType\": \"<string>\",\n        \"AcctIdentValue\": \"<string>\"\n      }\n    ],\n    \"ProductIdent\": \"<string>\",\n    \"AcctType\": \"<string>\",\n    \"AcctUse\": \"<string>\",\n    \"InitialAmount\": {\n      \"Amt\": \"<number>\",\n      \"CurCode\": {\n        \"CurCodeValue\": \"<string>\",\n        \"CurCodeType\": \"<string>\"\n      }\n    },\n    \"OpenDt\": \"<date>\",\n    \"MaturityDt\": \"<date>\",\n    \"RelationshipMgr\": [\n      {\n        \"RelationshipMgrIdent\": \"<string>\",\n        \"RelationshipRole\": \"<string>\",\n        \"RelationshipRoleEnumDesc\": \"<string>\"\n      },\n      {\n        \"RelationshipMgrIdent\": \"<string>\",\n        \"RelationshipRole\": \"<string>\",\n        \"RelationshipRoleEnumDesc\": \"<string>\"\n      }\n    ],\n    \"OriginatingBranch\": \"<string>\",\n    \"Nickname\": \"<string>\",\n    \"AddtlTitles\": [\n      {\n        \"AcctTitleType\": \"<string>\",\n        \"AcctTitle\": \"<string>\"\n      },\n      {\n        \"AcctTitleType\": \"<string>\",\n        \"AcctTitle\": \"<string>\"\n      }\n    ],\n    \"Rate\": \"<number>\",\n    \"EffectiveRate\": \"<number>\",\n    \"PostAddr\": [\n      {\n        \"AddrType\": \"<string>\",\n        \"AddrUse\": \"<string>\",\n        \"Addr1\": \"<string>\",\n        \"Addr2\": \"<string>\",\n        \"City\": \"<string>\",\n        \"StateProv\": \"<string>\",\n        \"PostalCode\": \"<string>\",\n        \"CountryCode\": {\n          \"CountryCodeValue\": \"<string>\",\n          \"CountryCodeSource\": \"<string>\"\n        },\n        \"TimeFrame\": {\n          \"StartDt\": \"<string>\",\n          \"EndDt\": \"<string>\"\n        }\n      },\n      {\n        \"AddrType\": \"<string>\",\n        \"AddrUse\": \"<string>\",\n        \"Addr1\": \"<string>\",\n        \"Addr2\": \"<string>\",\n        \"City\": \"<string>\",\n        \"StateProv\": \"<string>\",\n        \"PostalCode\": \"<string>\",\n        \"CountryCode\": {\n          \"CountryCodeValue\": \"<string>\",\n          \"CountryCodeSource\": \"<string>\"\n        },\n        \"TimeFrame\": {\n          \"StartDt\": \"<string>\",\n          \"EndDt\": \"<string>\"\n        }\n      }\n    ],\n    \"DuePmt\": {\n      \"DueDt\": \"<string>\"\n    }\n  }\n}","options":{"raw":{"language":"json"}}}},"status":"Internal Server Error","code":500,"header":[{"key":"Content-Type","value":"application/json"}],"body":"{\n  \"AcctStatusRec\": {\n    \"AcctKeys\": {\n      \"AcctId\": \"ullamco\",\n      \"AcctType\": \"LOC\"\n    },\n    \"AcctStatus\": {\n      \"AcctStatusCode\": \"Valid\",\n      \"EffDt\": \"1421-51-14T12:26:10.592\"\n    }\n  },\n  \"Status\": {\n    \"Severity\": \"Warning\",\n    \"StatusCode\": \"ipsum sunt\",\n    \"StatusDesc\": \"dolore id velit sed\",\n    \"SvcProviderName\": \"ut\",\n    \"Id\": \"labore cillum in in elit\",\n    \"ServerStatusCode\": \"dol\",\n    \"ServerStatusDesc\": \"consequat dolor ipsum\",\n    \"OvrdExceptionInd\": false,\n    \"SubjectRole\": \"sed sunt\",\n    \"SubjectElement\": [\n      {\n        \"Path\": \"ad in dolor Duis\",\n        \"ServerPath\": \"pariat\",\n        \"Value\": \"Excepteur velit\"\n      },\n      {\n        \"Path\": \"eiusmod sit\",\n        \"ServerPath\": \"laboris\",\n        \"Value\": \"dolore commodo\"\n      }\n    ],\n    \"ContentHTML\": \"dolor adipisicing sit labo\",\n    \"AdditionalStatus\": [\n      {\n        \"StatusCode\": \"labore\",\n        \"StatusDesc\": \"ipsum in\",\n        \"Severity\": \"Info\",\n        \"SvcProviderName\": \"proident officia magna incididunt\",\n        \"ServerStatusCode\": \"Duis Ut c\",\n        \"ServerStatusDesc\": \"ut aliquip \",\n        \"OvrdExceptionInd\": false,\n        \"SubjectElement\": [\n          {\n            \"Path\": \"ipsum quis Excepteur eu\",\n            \"ServerPath\": \"veniam aliqua\",\n            \"Value\": \"quis elit\"\n          },\n          {\n            \"Path\": \"id\",\n            \"ServerPath\": \"proident\",\n            \"Value\": \"in velit\"\n          }\n        ]\n      },\n      {\n        \"StatusCode\": \"esse tempor in\",\n        \"StatusDesc\": \"eiusmod Excepteur voluptate\",\n        \"Severity\": \"Info\",\n        \"SvcProviderName\": \"amet qui ipsum ullamco dolore\",\n        \"ServerStatusCode\": \"ut qui magna do\",\n        \"ServerStatusDesc\": \"eiusmod velit\",\n        \"OvrdExceptionInd\": false,\n        \"SubjectElement\": [\n          {\n            \"Path\": \"tempor dolore\",\n            \"ServerPath\": \"Lorem est cillum aliquip\",\n            \"Value\": \"esse consectetur pariatur\"\n          },\n          {\n            \"Path\": \"Duis qui aliqua ex elit\",\n            \"ServerPath\": \"mollit id laboru\",\n            \"Value\": \"dolor dolor\"\n          }\n        ]\n      }\n    ]\n  }\n}","cookie":[],"_postman_previewlanguage":"json"}],"event":[],"protocolProfileBehavior":{"disableBodyPruning":true}}],"event":[],"variable":[{"type":"string","value":"/","key":"baseUrl"}],"info":{"_postman_id":"c6f2719a-6693-4452-9cab-a519f72339d4","name":"Account Service","schema":"https://schema.getpostman.com/json/collection/v2.1.0/collection.json","description":{"content":"The account service helps to create and manage product accounts serviced by the financial institutions. It is also used to retrieve information about the existing accounts and maintain information of new accounts.","type":"text/plain"}}}