{"item":[{"id":"cf770b06-3583-4594-912f-8133912ee69d","name":"Get Accounts.","request":{"name":"Get Accounts.","description":{"content":"Get Account API retrieves the information about a Loan Account (LOAN).<br>For Signature, this API returns all the user-defined fields, user fields and the user codes associated with the selected transaction account in the response. <br> <br> To download the API Specifications and Postman Collection, click <a href=\"../docs/?path=docs/resources/resources.md\" title=\"Click to open\">Resources</a>.","type":"text/plain"},"url":{"path":["acctservice","acctmgmt","accounts","secured"],"host":["{{baseUrl}}"],"query":[],"variable":[]},"header":[{"disabled":false,"description":"(Required) EFX Header is a common and required component for all API calls, it contains client-related parameters. Please note that the header parameters should be sent as a JSON object under the EFXHeader parameter. To view the list of header parameters, <a href=\"../docs?path=docs/api-ref-EFX-header.md\" title=\"Click to open\"> click here.</a>","key":"EFXHeader","value":"OrganizationId,<string>,TrnId,<string>,VendorId,<string>,Context,[object Object]"},{"key":"Content-Type","value":"application/json"},{"key":"Accept","value":"application/json"}],"method":"POST","auth":null,"body":{"mode":"raw","raw":"{\n  \"AcctSel\": {\n    \"AcctKeys\": {\n      \"AcctId\": \"<string>\",\n      \"SubAcctId\": \"<string>\",\n      \"AcctType\": \"<string>\",\n      \"FIIdentType\": \"<string>\",\n      \"FIIdent\": \"<string>\"\n    }\n  }\n}","options":{"raw":{"language":"json"}}}},"response":[{"id":"e850d70d-3341-478f-9740-b7aa92f16bdf","name":"Success","originalRequest":{"url":{"path":["acctservice","acctmgmt","accounts","secured"],"host":["{{baseUrl}}"],"query":[],"variable":[]},"header":[{"disabled":false,"description":"(Required) EFX Header is a common and required component for all API calls, it contains client-related parameters. Please note that the header parameters should be sent as a JSON object under the EFXHeader parameter. To view the list of header parameters, <a href=\"../docs?path=docs/api-ref-EFX-header.md\" title=\"Click to open\"> click here.</a>","key":"EFXHeader","value":"OrganizationId,<string>,TrnId,<string>,VendorId,<string>,Context,[object Object]"},{"key":"Accept","value":"application/json"}],"method":"POST","body":{"mode":"raw","raw":"{\n  \"AcctSel\": {\n    \"AcctKeys\": {\n      \"AcctId\": \"<string>\",\n      \"SubAcctId\": \"<string>\",\n      \"AcctType\": \"<string>\",\n      \"FIIdentType\": \"<string>\",\n      \"FIIdent\": \"<string>\"\n    }\n  }\n}","options":{"raw":{"language":"json"}}}},"status":"Created","code":201,"header":[{"key":"Content-Type","value":"application/json"}],"body":"{\n  \"AcctRec\": {\n    \"AcctKeys\": {\n      \"AcctId\": \"i\",\n      \"SubAcctId\": \"ut\",\n      \"AcctType\": \"LOAN\"\n    },\n    \"AcctStatus\": {\n      \"AcctStatusCode\": \"Valid\",\n      \"EffDt\": \"8392-44-57T61:40:21+33:36\"\n    },\n    \"LoanAcctInfo\": {\n      \"GoodThruDt\": \"2019-12-12\",\n      \"AcctDtlStatus\": \"Active\",\n      \"AcctDtlStatusEnumDesc\": \"cons\",\n      \"ProductIdent\": \"dolore occaecat dolore\",\n      \"Desc\": \"laborum officia esse\",\n      \"OpenDt\": \"1986-02-01\",\n      \"Term\": {\n        \"TermUnits\": \"Months\",\n        \"Count\": 13625960\n      },\n      \"MaturityDt\": \"1997-08-10\",\n      \"DateData\": [\n        {\n          \"DateType\": \"NonAccrual\",\n          \"DateValue\": \"3393-84-00T66:12\"\n        },\n        {\n          \"DateType\": \"NonAccrual\",\n          \"DateValue\": \"5981-87-86T29:92:78+22:31\"\n        }\n      ],\n      \"RelationshipMgr\": [\n        {\n          \"RelationshipMgrIdent\": \"qui irure\",\n          \"RelationshipMgrIdentEnumDesc\": \"ut occaeca\",\n          \"RelationshipRole\": \"ThirdOfficer\"\n        },\n        {\n          \"RelationshipMgrIdent\": \"in s\",\n          \"RelationshipMgrIdentEnumDesc\": \"Ut\",\n          \"RelationshipRole\": \"SecondOfficer\"\n        }\n      ],\n      \"OriginatingBranch\": \"deserunt\",\n      \"OriginatingBranchEnumDesc\": \"aliqua amet in\",\n      \"OEDCode\": \"NoRelationship\",\n      \"OEDCodeEnumDesc\": \"adipisicing irure cillum elit eiusmod\",\n      \"ClientDefinedData\": [\n        {\n          \"DataIdent\": \"consectetur sit\",\n          \"DataType\": \"Alpha\",\n          \"Value\": \"Duis Ut\",\n          \"DataLength\": -6591296,\n          \"Desc\": \"laborum ullamco esse dolore\"\n        },\n        {\n          \"DataIdent\": \"irure fugiat\",\n          \"DataType\": \"Numeric\",\n          \"Value\": \"occaecat est elit et adipisicing\",\n          \"DataLength\": 24584413,\n          \"Desc\": \"est\"\n        }\n      ],\n      \"Rate\": -57959512.729381666,\n      \"RateChangeData\": [\n        {\n          \"RateVariance\": 75445431.63719398\n        },\n        {\n          \"RateVariance\": 3775067.0490942746\n        }\n      ],\n      \"AcctBal\": [\n        {\n          \"BalType\": \"LateFee\",\n          \"CurAmt\": {\n            \"Amt\": {\n              \"value\": \"<Error: Too many levels of nesting to fake this schema>\"\n            },\n            \"CurCode\": {\n              \"value\": \"<Error: Too many levels of nesting to fake this schema>\"\n            }\n          }\n        },\n        {\n          \"BalType\": \"PmtDue\",\n          \"CurAmt\": {\n            \"Amt\": {\n              \"value\": \"<Error: Too many levels of nesting to fake this schema>\"\n            },\n            \"CurCode\": {\n              \"value\": \"<Error: Too many levels of nesting to fake this schema>\"\n            }\n          }\n        }\n      ],\n      \"AcctPeriodData\": [\n        {\n          \"AcctAmtType\": \"FeeUnearned\",\n          \"AcctPeriodType\": \"MTD\",\n          \"LastOccurInd\": true,\n          \"Amt\": 77745276.18369475\n        },\n        {\n          \"AcctAmtType\": \"LifePaid\",\n          \"AcctPeriodType\": \"LTD\",\n          \"LastOccurInd\": true,\n          \"Amt\": -54492753.74377347\n        }\n      ],\n      \"AlternateAddrInd\": false,\n      \"PostAddr\": [\n        {\n          \"AddrType\": \"Primary\",\n          \"AddressIdent\": \"Account\",\n          \"AddrFormatType\": \"Label\",\n          \"FullName1\": \"reprehenderit adipisicing non ullamco\",\n          \"Addr1\": \"veniam ut Duis\",\n          \"Addr2\": \"mollit adipisicing\",\n          \"Addr3\": \"qui pariatur\",\n          \"Addr4\": \"sit esse\",\n          \"Addr5\": \"Excepteur sed pariatur occaecat\",\n          \"PostalCode\": \"veniam in\"\n        },\n        {\n          \"AddrType\": \"Primary\",\n          \"AddressIdent\": \"Account\",\n          \"AddrFormatType\": \"Label\",\n          \"FullName1\": \"cupidatat Excepteur\",\n          \"Addr1\": \"eiusmod dese\",\n          \"Addr2\": \"exercit\",\n          \"Addr3\": \"in ex est sed\",\n          \"Addr4\": \"dolore commodo irure ad\",\n          \"Addr5\": \"ipsum dolor\",\n          \"PostalCode\": \"consect\"\n        }\n      ],\n      \"TaxIdentType\": \"Foreign\",\n      \"TaxIdent\": \"Lore\",\n      \"TaxExempt\": \"NotTaxExempt\",\n      \"USATaxIdCert\": {\n        \"USATaxIdCertCode\": \"Uncertified\"\n      },\n      \"DocDistributionOption\": \"irure esse ut aliquip\",\n      \"RestrictedInd\": false,\n      \"SoldAmt\": {\n        \"Amt\": 11056772.089316487,\n        \"CurCode\": {\n          \"CurCodeValue\": \"magna\",\n          \"CurCodeType\": \"ISO4217-Alpha\"\n        }\n      },\n      \"SoldPercent\": 30862126.33054401,\n      \"OriginationDt\": \"1958-12-24\",\n      \"LastRenewalDt\": \"1974-09-08\",\n      \"Freq\": \"Weekly\",\n      \"SecuredLoanInd\": true,\n      \"CollateralCode\": \"ex\",\n      \"CollateralDesc\": \"exercitation pariatur sint magna elit\",\n      \"LoanBilling\": {\n        \"BillingMethod\": \"DirectDebit\",\n        \"FromAcctKeys\": {\n          \"AcctId\": \"et\",\n          \"AcctType\": \"DDA\",\n          \"FIIdentType\": \"RoutingNum\",\n          \"FIIdent\": \"Ut est ex veniam \",\n          \"ACHReceivingCompany\": \"adipisicing\",\n          \"ACHStartDt\": \"1973-02-18\"\n        },\n        \"ACHNoticeInd\": false,\n        \"BillLastPmtCode\": \"NoBillDraftTotalDue\"\n      },\n      \"CurrentPmtSchedIdent\": \"dolor sit dolore laboris U\",\n      \"PmtSchedNextDueDt\": \"2023-10-22\",\n      \"PmtSchedTimesUsed\": -63173856,\n      \"PmtSched\": [\n        {\n          \"PmtSchedIdent\": \"1-99\",\n          \"RecurModel\": {\n            \"RecurRule\": {\n              \"value\": \"<Error: Too many levels of nesting to fake this schema>\"\n            }\n          },\n          \"PmtAmtOption\": \"PctPrincipalPlusInterest\",\n          \"CurAmt\": {\n            \"Amt\": {\n              \"value\": \"<Error: Too many levels of nesting to fake this schema>\"\n            },\n            \"CurCode\": {\n              \"value\": \"<Error: Too many levels of nesting to fake this schema>\"\n            }\n          },\n          \"BalPercent\": 34362587.55348405,\n          \"EscrowAmt\": {\n            \"Amt\": {\n              \"value\": \"<Error: Too many levels of nesting to fake this schema>\"\n            },\n            \"CurCode\": {\n              \"value\": \"<Error: Too many levels of nesting to fake this schema>\"\n            }\n          },\n          \"OtherEscrowAmt\": {\n            \"Amt\": {\n              \"value\": \"<Error: Too many levels of nesting to fake this schema>\"\n            },\n            \"CurCode\": {\n              \"value\": \"<Error: Too many levels of nesting to fake this schema>\"\n            }\n          }\n        },\n        {\n          \"PmtSchedIdent\": \"1-99\",\n          \"RecurModel\": {\n            \"RecurRule\": {\n              \"value\": \"<Error: Too many levels of nesting to fake this schema>\"\n            }\n          },\n          \"PmtAmtOption\": \"PrincipalPlusInterest\",\n          \"CurAmt\": {\n            \"Amt\": {\n              \"value\": \"<Error: Too many levels of nesting to fake this schema>\"\n            },\n            \"CurCode\": {\n              \"value\": \"<Error: Too many levels of nesting to fake this schema>\"\n            }\n          },\n          \"BalPercent\": -62420799.10690541,\n          \"EscrowAmt\": {\n            \"Amt\": {\n              \"value\": \"<Error: Too many levels of nesting to fake this schema>\"\n            },\n            \"CurCode\": {\n              \"value\": \"<Error: Too many levels of nesting to fake this schema>\"\n            }\n          },\n          \"OtherEscrowAmt\": {\n            \"Amt\": {\n              \"value\": \"<Error: Too many levels of nesting to fake this schema>\"\n            },\n            \"CurCode\": {\n              \"value\": \"<Error: Too many levels of nesting to fake this schema>\"\n            }\n          }\n        }\n      ],\n      \"DuePmt\": {\n        \"PmtCompositeAmt\": [\n          {\n            \"CurAmt\": {\n              \"value\": \"<Error: Too many levels of nesting to fake this schema>\"\n            },\n            \"CompositeCurAmtType\": {\n              \"value\": \"<Error: Too many levels of nesting to fake this schema>\"\n            }\n          },\n          {\n            \"CurAmt\": {\n              \"value\": \"<Error: Too many levels of nesting to fake this schema>\"\n            },\n            \"CompositeCurAmtType\": {\n              \"value\": \"<Error: Too many levels of nesting to fake this schema>\"\n            }\n          }\n        ],\n        \"DueDt\": \"3794-50-71\"\n      },\n      \"NextPmt\": {\n        \"PmtCompositeAmt\": [\n          {\n            \"CurAmt\": {\n              \"value\": \"<Error: Too many levels of nesting to fake this schema>\"\n            },\n            \"CompositeCurAmtType\": {\n              \"value\": \"<Error: Too many levels of nesting to fake this schema>\"\n            },\n            \"CompositeSeqId\": {\n              \"value\": \"<Error: Too many levels of nesting to fake this schema>\"\n            }\n          },\n          {\n            \"CurAmt\": {\n              \"value\": \"<Error: Too many levels of nesting to fake this schema>\"\n            },\n            \"CompositeCurAmtType\": {\n              \"value\": \"<Error: Too many levels of nesting to fake this schema>\"\n            },\n            \"CompositeSeqId\": {\n              \"value\": \"<Error: Too many levels of nesting to fake this schema>\"\n            }\n          }\n        ],\n        \"BillStatus\": {\n          \"BillStatusCode\": \"Projected\"\n        },\n        \"PmtDt\": \"1965-10-01\"\n      },\n      \"LastPmt\": {\n        \"PmtCompositeAmt\": [\n          {\n            \"CurAmt\": {\n              \"value\": \"<Error: Too many levels of nesting to fake this schema>\"\n            },\n            \"CompositeCurAmtType\": {\n              \"value\": \"<Error: Too many levels of nesting to fake this schema>\"\n            }\n          },\n          {\n            \"CurAmt\": {\n              \"value\": \"<Error: Too many levels of nesting to fake this schema>\"\n            },\n            \"CompositeCurAmtType\": {\n              \"value\": \"<Error: Too many levels of nesting to fake this schema>\"\n            }\n          }\n        ],\n        \"PmtDt\": \"2006-10-06\",\n        \"InterestPaidToDt\": \"1985-06-15\"\n      },\n      \"NonAccrualInd\": true,\n      \"PmtPostingRestrictions\": {\n        \"PostingStatus\": \"NoPmtNoAdvance\"\n      },\n      \"PastDueDays\": -48880461,\n      \"ReinstatementAndAccelData\": {\n        \"AccelerationAmt\": {\n          \"Amt\": 5168697.092622578,\n          \"CurCode\": {\n            \"value\": \"<Error: Too many levels of nesting to fake this schema>\"\n          }\n        },\n        \"ReinstatementAmt\": {\n          \"Amt\": 38640461.29556823,\n          \"CurCode\": {\n            \"value\": \"<Error: Too many levels of nesting to fake this schema>\"\n          }\n        },\n        \"ReinstatementDt\": \"1963-10-05\"\n      },\n      \"BankruptcyData\": {\n        \"PrePetitionCurrentBalAmt\": {\n          \"Amt\": 61136612.846147686,\n          \"CurCode\": {\n            \"value\": \"<Error: Too many levels of nesting to fake this schema>\"\n          }\n        },\n        \"PrePetitionPaidPriorMonthAmt\": {\n          \"Amt\": 48281173.16906005,\n          \"CurCode\": {\n            \"value\": \"<Error: Too many levels of nesting to fake this schema>\"\n          }\n        },\n        \"TotalPaidBankruptcyAmt\": {\n          \"Amt\": -25223483.43764302,\n          \"CurCode\": {\n            \"value\": \"<Error: Too many levels of nesting to fake this schema>\"\n          }\n        },\n        \"PastDueDays\": -9136301\n      },\n      \"DeferredBalData\": {\n        \"DeferredBalAmt\": {\n          \"Amt\": -20817540.054943964,\n          \"CurCode\": {\n            \"value\": \"<Error: Too many levels of nesting to fake this schema>\"\n          }\n        },\n        \"DeferredBalMatDt\": \"1984-03-18\"\n      }\n    }\n  },\n  \"Status\": {\n    \"Severity\": \"Warning\",\n    \"StatusCode\": \"id rep\",\n    \"StatusDesc\": \"aute aliqua\",\n    \"SvcProviderName\": \"dolore in occaecat sit\",\n    \"Id\": \"anim occaecat\",\n    \"ServerStatusCode\": \"enim min\",\n    \"ServerStatusDesc\": \"labore dolore\",\n    \"OvrdExceptionInd\": true,\n    \"SubjectRole\": \"sit ut ullamco\",\n    \"SubjectElement\": [\n      {\n        \"Path\": \"irure\",\n        \"ServerPath\": \"reprehenderit q\",\n        \"Value\": \"aute cupidatat pariatur\"\n      },\n      {\n        \"Path\": \"qui nisi Lorem ea nulla\",\n        \"ServerPath\": \"Lorem sed est labore\",\n        \"Value\": \"voluptate occaecat cupidatat ut\"\n      }\n    ],\n    \"ContentHTML\": \"labore irure\",\n    \"AdditionalStatus\": [\n      {\n        \"StatusCode\": \"dolor sed\",\n        \"StatusDesc\": \"officia\",\n        \"Severity\": \"Warning\",\n        \"SvcProviderName\": \"dolor velit elit adipisicing\",\n        \"ServerStatusCode\": \"sint \",\n        \"ServerStatusDesc\": \"dolor\",\n        \"OvrdExceptionInd\": false,\n        \"SubjectElement\": [\n          {\n            \"Path\": \"laboris ad\",\n            \"ServerPath\": \"minim ullamco\",\n            \"Value\": \"Lorem ut occaecat sed proident\"\n          },\n          {\n            \"Path\": \"voluptate ea cupidatat aute\",\n            \"ServerPath\": \"nisi ad\",\n            \"Value\": \"occaecat ut veniam\"\n          }\n        ]\n      },\n      {\n        \"StatusCode\": \"proident Lorem\",\n        \"StatusDesc\": \"ipsum voluptate consectetur et in\",\n        \"Severity\": \"Info\",\n        \"SvcProviderName\": \"dolor laborum dolor non culpa\",\n        \"ServerStatusCode\": \"incididunt\",\n        \"ServerStatusDesc\": \"velit et\",\n        \"OvrdExceptionInd\": false,\n        \"SubjectElement\": [\n          {\n            \"Path\": \"enim veniam\",\n            \"ServerPath\": \"cupidatat in reprehenderit\",\n            \"Value\": \"amet Duis\"\n          },\n          {\n            \"Path\": \"eu enim\",\n            \"ServerPath\": \"irure magna\",\n            \"Value\": \"ut et commodo laborum\"\n          }\n        ]\n      }\n    ]\n  }\n}","cookie":[],"_postman_previewlanguage":"json"},{"id":"8e1a8eeb-1a3f-4f7e-9fd3-967c52439659","name":"To view the complete list of response codes, <a href=\"../docs/?path=docs/response-codes.md\" title=\"Click to open\">click here.</a>","originalRequest":{"url":{"path":["acctservice","acctmgmt","accounts","secured"],"host":["{{baseUrl}}"],"query":[],"variable":[]},"header":[{"disabled":false,"description":"(Required) EFX Header is a common and required component for all API calls, it contains client-related parameters. Please note that the header parameters should be sent as a JSON object under the EFXHeader parameter. To view the list of header parameters, <a href=\"../docs?path=docs/api-ref-EFX-header.md\" title=\"Click to open\"> click here.</a>","key":"EFXHeader","value":"OrganizationId,<string>,TrnId,<string>,VendorId,<string>,Context,[object Object]"},{"key":"Accept","value":"application/json"}],"method":"POST","body":{"mode":"raw","raw":"{\n  \"AcctSel\": {\n    \"AcctKeys\": {\n      \"AcctId\": \"<string>\",\n      \"SubAcctId\": \"<string>\",\n      \"AcctType\": \"<string>\",\n      \"FIIdentType\": \"<string>\",\n      \"FIIdent\": \"<string>\"\n    }\n  }\n}","options":{"raw":{"language":"json"}}}},"status":"Internal Server Error","code":500,"header":[{"key":"Content-Type","value":"application/json"}],"body":"{\n  \"AcctRec\": {\n    \"AcctKeys\": {\n      \"AcctId\": \"adipisicing occaeca\",\n      \"SubAcctId\": \"laborum\",\n      \"AcctType\": \"LOAN\"\n    },\n    \"AcctStatus\": {\n      \"AcctStatusCode\": \"Valid\",\n      \"EffDt\": \"6742-74-74\"\n    },\n    \"LoanAcctInfo\": {\n      \"GoodThruDt\": \"1960-02-06\",\n      \"AcctDtlStatus\": \"Active\",\n      \"AcctDtlStatusEnumDesc\": \"ad sint ut\",\n      \"ProductIdent\": \"ad ipsum ut\",\n      \"Desc\": \"Lorem amet consequat exercitation\",\n      \"OpenDt\": \"2020-11-08\",\n      \"Term\": {\n        \"TermUnits\": \"Months\",\n        \"Count\": -72866680\n      },\n      \"MaturityDt\": \"2003-12-24\",\n      \"DateData\": [\n        {\n          \"DateType\": \"NonAccrual\",\n          \"DateValue\": \"5927-59-41\"\n        },\n        {\n          \"DateType\": \"ChargeOff\",\n          \"DateValue\": \"7891-71-06T64:63:03\"\n        }\n      ],\n      \"RelationshipMgr\": [\n        {\n          \"RelationshipMgrIdent\": \"fugiat nisi c\",\n          \"RelationshipMgrIdentEnumDesc\": \"esse non\",\n          \"RelationshipRole\": \"Officer\"\n        },\n        {\n          \"RelationshipMgrIdent\": \"deserunt Duis dolore\",\n          \"RelationshipMgrIdentEnumDesc\": \"dolore amet in nisi\",\n          \"RelationshipRole\": \"SecondOfficer\"\n        }\n      ],\n      \"OriginatingBranch\": \"qui ex in aliqua\",\n      \"OriginatingBranchEnumDesc\": \"magna anim\",\n      \"OEDCode\": \"Director\",\n      \"OEDCodeEnumDesc\": \"ad ut\",\n      \"ClientDefinedData\": [\n        {\n          \"DataIdent\": \"laborum\",\n          \"DataType\": \"Numeric\",\n          \"Value\": \"ipsum amet dolore Ut\",\n          \"DataLength\": -23723881,\n          \"Desc\": \"esse cillum\"\n        },\n        {\n          \"DataIdent\": \"ex proident est\",\n          \"DataType\": \"Numeric\",\n          \"Value\": \"pariatur nisi\",\n          \"DataLength\": -41591509,\n          \"Desc\": \"id in aliquip enim\"\n        }\n      ],\n      \"Rate\": -13865315.173722655,\n      \"RateChangeData\": [\n        {\n          \"RateVariance\": 2698555.610582739\n        },\n        {\n          \"RateVariance\": -62817502.307143115\n        }\n      ],\n      \"AcctBal\": [\n        {\n          \"BalType\": \"Accident\",\n          \"CurAmt\": {\n            \"Amt\": {\n              \"value\": \"<Error: Too many levels of nesting to fake this schema>\"\n            },\n            \"CurCode\": {\n              \"value\": \"<Error: Too many levels of nesting to fake this schema>\"\n            }\n          }\n        },\n        {\n          \"BalType\": \"PayOffAmt\",\n          \"CurAmt\": {\n            \"Amt\": {\n              \"value\": \"<Error: Too many levels of nesting to fake this schema>\"\n            },\n            \"CurCode\": {\n              \"value\": \"<Error: Too many levels of nesting to fake this schema>\"\n            }\n          }\n        }\n      ],\n      \"AcctPeriodData\": [\n        {\n          \"AcctAmtType\": \"FeeWaived\",\n          \"AcctPeriodType\": \"YTD\",\n          \"LastOccurInd\": false,\n          \"Amt\": -49371830.05542534\n        },\n        {\n          \"AcctAmtType\": \"EscrowInterest\",\n          \"AcctPeriodType\": \"PriorYr\",\n          \"LastOccurInd\": false,\n          \"Amt\": -75531873.86851725\n        }\n      ],\n      \"AlternateAddrInd\": false,\n      \"PostAddr\": [\n        {\n          \"AddrType\": \"Primary\",\n          \"AddressIdent\": \"Account\",\n          \"AddrFormatType\": \"Label\",\n          \"FullName1\": \"Ut sunt\",\n          \"Addr1\": \"magna aliquip occaecat cillum tempor\",\n          \"Addr2\": \"aliqua\",\n          \"Addr3\": \"mollit deserunt temp\",\n          \"Addr4\": \"ex labore fugiat ut\",\n          \"Addr5\": \"aute\",\n          \"PostalCode\": \"ul\"\n        },\n        {\n          \"AddrType\": \"Primary\",\n          \"AddressIdent\": \"Account\",\n          \"AddrFormatType\": \"Label\",\n          \"FullName1\": \"dolore\",\n          \"Addr1\": \"ex aute voluptate lab\",\n          \"Addr2\": \"cupidatat pariatur in labore esse\",\n          \"Addr3\": \"in dolor pariatur adipisicing\",\n          \"Addr4\": \"lab\",\n          \"Addr5\": \"deserunt \",\n          \"PostalCode\": \"minim moll\"\n        }\n      ],\n      \"TaxIdentType\": \"SSN\",\n      \"TaxIdent\": \"t\",\n      \"TaxExempt\": \"TaxExempt\",\n      \"USATaxIdCert\": {\n        \"USATaxIdCertCode\": \"CertifiedPending\"\n      },\n      \"DocDistributionOption\": \"Excepteur aute velit in laborum\",\n      \"RestrictedInd\": true,\n      \"SoldAmt\": {\n        \"Amt\": 14473062.592516646,\n        \"CurCode\": {\n          \"CurCodeValue\": \"ut id\",\n          \"CurCodeType\": \"ISO4217-Alpha\"\n        }\n      },\n      \"SoldPercent\": -15693259.11328639,\n      \"OriginationDt\": \"2010-03-20\",\n      \"LastRenewalDt\": \"1969-05-23\",\n      \"Freq\": \"Weekly\",\n      \"SecuredLoanInd\": false,\n      \"CollateralCode\": \"incididunt deserunt ut\",\n      \"CollateralDesc\": \"commod\",\n      \"LoanBilling\": {\n        \"BillingMethod\": \"BillingNotice\",\n        \"FromAcctKeys\": {\n          \"AcctId\": \"cupidata\",\n          \"AcctType\": \"SDA\",\n          \"FIIdentType\": \"RoutingNum\",\n          \"FIIdent\": \"nulla magna\",\n          \"ACHReceivingCompany\": \"aliqua dolore do\",\n          \"ACHStartDt\": \"1991-07-11\"\n        },\n        \"ACHNoticeInd\": false,\n        \"BillLastPmtCode\": \"Bill\"\n      },\n      \"CurrentPmtSchedIdent\": \"deserunt\",\n      \"PmtSchedNextDueDt\": \"2007-12-30\",\n      \"PmtSchedTimesUsed\": 47495630,\n      \"PmtSched\": [\n        {\n          \"PmtSchedIdent\": \"1-99\",\n          \"RecurModel\": {\n            \"RecurRule\": {\n              \"value\": \"<Error: Too many levels of nesting to fake this schema>\"\n            }\n          },\n          \"PmtAmtOption\": \"InterestOnly\",\n          \"CurAmt\": {\n            \"Amt\": {\n              \"value\": \"<Error: Too many levels of nesting to fake this schema>\"\n            },\n            \"CurCode\": {\n              \"value\": \"<Error: Too many levels of nesting to fake this schema>\"\n            }\n          },\n          \"BalPercent\": 98648171.35283208,\n          \"EscrowAmt\": {\n            \"Amt\": {\n              \"value\": \"<Error: Too many levels of nesting to fake this schema>\"\n            },\n            \"CurCode\": {\n              \"value\": \"<Error: Too many levels of nesting to fake this schema>\"\n            }\n          },\n          \"OtherEscrowAmt\": {\n            \"Amt\": {\n              \"value\": \"<Error: Too many levels of nesting to fake this schema>\"\n            },\n            \"CurCode\": {\n              \"value\": \"<Error: Too many levels of nesting to fake this schema>\"\n            }\n          }\n        },\n        {\n          \"PmtSchedIdent\": \"1-99\",\n          \"RecurModel\": {\n            \"RecurRule\": {\n              \"value\": \"<Error: Too many levels of nesting to fake this schema>\"\n            }\n          },\n          \"PmtAmtOption\": \"PrincipalOnly\",\n          \"CurAmt\": {\n            \"Amt\": {\n              \"value\": \"<Error: Too many levels of nesting to fake this schema>\"\n            },\n            \"CurCode\": {\n              \"value\": \"<Error: Too many levels of nesting to fake this schema>\"\n            }\n          },\n          \"BalPercent\": -19887633.065806836,\n          \"EscrowAmt\": {\n            \"Amt\": {\n              \"value\": \"<Error: Too many levels of nesting to fake this schema>\"\n            },\n            \"CurCode\": {\n              \"value\": \"<Error: Too many levels of nesting to fake this schema>\"\n            }\n          },\n          \"OtherEscrowAmt\": {\n            \"Amt\": {\n              \"value\": \"<Error: Too many levels of nesting to fake this schema>\"\n            },\n            \"CurCode\": {\n              \"value\": \"<Error: Too many levels of nesting to fake this schema>\"\n            }\n          }\n        }\n      ],\n      \"DuePmt\": {\n        \"PmtCompositeAmt\": [\n          {\n            \"CurAmt\": {\n              \"value\": \"<Error: Too many levels of nesting to fake this schema>\"\n            },\n            \"CompositeCurAmtType\": {\n              \"value\": \"<Error: Too many levels of nesting to fake this schema>\"\n            }\n          },\n          {\n            \"CurAmt\": {\n              \"value\": \"<Error: Too many levels of nesting to fake this schema>\"\n            },\n            \"CompositeCurAmtType\": {\n              \"value\": \"<Error: Too many levels of nesting to fake this schema>\"\n            }\n          }\n        ],\n        \"DueDt\": \"8399-73-53T17:30\"\n      },\n      \"NextPmt\": {\n        \"PmtCompositeAmt\": [\n          {\n            \"CurAmt\": {\n              \"value\": \"<Error: Too many levels of nesting to fake this schema>\"\n            },\n            \"CompositeCurAmtType\": {\n              \"value\": \"<Error: Too many levels of nesting to fake this schema>\"\n            },\n            \"CompositeSeqId\": {\n              \"value\": \"<Error: Too many levels of nesting to fake this schema>\"\n            }\n          },\n          {\n            \"CurAmt\": {\n              \"value\": \"<Error: Too many levels of nesting to fake this schema>\"\n            },\n            \"CompositeCurAmtType\": {\n              \"value\": \"<Error: Too many levels of nesting to fake this schema>\"\n            },\n            \"CompositeSeqId\": {\n              \"value\": \"<Error: Too many levels of nesting to fake this schema>\"\n            }\n          }\n        ],\n        \"BillStatus\": {\n          \"BillStatusCode\": \"Billed\"\n        },\n        \"PmtDt\": \"2020-10-05\"\n      },\n      \"LastPmt\": {\n        \"PmtCompositeAmt\": [\n          {\n            \"CurAmt\": {\n              \"value\": \"<Error: Too many levels of nesting to fake this schema>\"\n            },\n            \"CompositeCurAmtType\": {\n              \"value\": \"<Error: Too many levels of nesting to fake this schema>\"\n            }\n          },\n          {\n            \"CurAmt\": {\n              \"value\": \"<Error: Too many levels of nesting to fake this schema>\"\n            },\n            \"CompositeCurAmtType\": {\n              \"value\": \"<Error: Too many levels of nesting to fake this schema>\"\n            }\n          }\n        ],\n        \"PmtDt\": \"1971-10-16\",\n        \"InterestPaidToDt\": \"2019-11-29\"\n      },\n      \"NonAccrualInd\": false,\n      \"PmtPostingRestrictions\": {\n        \"PostingStatus\": \"AcceptNoPmt\"\n      },\n      \"PastDueDays\": -48603752,\n      \"ReinstatementAndAccelData\": {\n        \"AccelerationAmt\": {\n          \"Amt\": 16292790.288870633,\n          \"CurCode\": {\n            \"value\": \"<Error: Too many levels of nesting to fake this schema>\"\n          }\n        },\n        \"ReinstatementAmt\": {\n          \"Amt\": -73352410.18736807,\n          \"CurCode\": {\n            \"value\": \"<Error: Too many levels of nesting to fake this schema>\"\n          }\n        },\n        \"ReinstatementDt\": \"1981-05-11\"\n      },\n      \"BankruptcyData\": {\n        \"PrePetitionCurrentBalAmt\": {\n          \"Amt\": 79035444.46022251,\n          \"CurCode\": {\n            \"value\": \"<Error: Too many levels of nesting to fake this schema>\"\n          }\n        },\n        \"PrePetitionPaidPriorMonthAmt\": {\n          \"Amt\": -69129932.07564977,\n          \"CurCode\": {\n            \"value\": \"<Error: Too many levels of nesting to fake this schema>\"\n          }\n        },\n        \"TotalPaidBankruptcyAmt\": {\n          \"Amt\": 35997735.56597468,\n          \"CurCode\": {\n            \"value\": \"<Error: Too many levels of nesting to fake this schema>\"\n          }\n        },\n        \"PastDueDays\": -87747721\n      },\n      \"DeferredBalData\": {\n        \"DeferredBalAmt\": {\n          \"Amt\": 3910383.106535554,\n          \"CurCode\": {\n            \"value\": \"<Error: Too many levels of nesting to fake this schema>\"\n          }\n        },\n        \"DeferredBalMatDt\": \"1961-02-21\"\n      }\n    }\n  },\n  \"Status\": {\n    \"Severity\": \"Info\",\n    \"StatusCode\": \"in fugiat i\",\n    \"StatusDesc\": \"enim\",\n    \"SvcProviderName\": \"Excepteur ipsum sed\",\n    \"Id\": \"Ut aliquip\",\n    \"ServerStatusCode\": \"ad venia\",\n    \"ServerStatusDesc\": \"irure ea\",\n    \"OvrdExceptionInd\": true,\n    \"SubjectRole\": \"esse cupidatat in\",\n    \"SubjectElement\": [\n      {\n        \"Path\": \"exercitation eiusmod\",\n        \"ServerPath\": \"labore in laboris elit\",\n        \"Value\": \"sed tempor aliqua in\"\n      },\n      {\n        \"Path\": \"tempor id in mollit\",\n        \"ServerPath\": \"reprehenderit\",\n        \"Value\": \"enim\"\n      }\n    ],\n    \"ContentHTML\": \"incididunt\",\n    \"AdditionalStatus\": [\n      {\n        \"StatusCode\": \"sit con\",\n        \"StatusDesc\": \"deserunt exercitation\",\n        \"Severity\": \"Error\",\n        \"SvcProviderName\": \"sed consectetur est\",\n        \"ServerStatusCode\": \"veli\",\n        \"ServerStatusDesc\": \"occaecat nisi laborum\",\n        \"OvrdExceptionInd\": false,\n        \"SubjectElement\": [\n          {\n            \"Path\": \"et anim\",\n            \"ServerPath\": \"ipsum pariatur\",\n            \"Value\": \"tempor officia voluptate\"\n          },\n          {\n            \"Path\": \"esse ea et qui\",\n            \"ServerPath\": \"et sit enim nostrud\",\n            \"Value\": \"ipsum\"\n          }\n        ]\n      },\n      {\n        \"StatusCode\": \"in\",\n        \"StatusDesc\": \"velit id amet adipisicing\",\n        \"Severity\": \"Warning\",\n        \"SvcProviderName\": \"ea non eiusmod qui\",\n        \"ServerStatusCode\": \"\",\n        \"ServerStatusDesc\": \"ad quis\",\n        \"OvrdExceptionInd\": true,\n        \"SubjectElement\": [\n          {\n            \"Path\": \"nulla ex in\",\n            \"ServerPath\": \"id cupidatat in\",\n            \"Value\": \"id elit amet eiusmod\"\n          },\n          {\n            \"Path\": \"sin\",\n            \"ServerPath\": \"eiusmod culpa nisi commodo\",\n            \"Value\": \"sed nulla Excepteur Lorem\"\n          }\n        ]\n      }\n    ]\n  }\n}","cookie":[],"_postman_previewlanguage":"json"}],"event":[],"protocolProfileBehavior":{"disableBodyPruning":true}}],"event":[],"variable":[{"type":"string","value":"/","key":"baseUrl"}],"info":{"_postman_id":"767e3e2a-65b4-4765-b64d-ebe496822220","name":"Account Service","schema":"https://schema.getpostman.com/json/collection/v2.1.0/collection.json","description":{"content":"The account service helps to create and manage product accounts serviced by the financial institutions. It is also used to retrieve information about the existing accounts and maintain information of new accounts.","type":"text/plain"}}}