{"item":[{"id":"5598afa0-590f-4619-99e6-0e73c45f2502","name":"documentservice/document/document","item":[{"id":"b951235c-346e-43c3-8c5f-0d32f70fc1a0","name":"Update Document.","request":{"name":"Update Document.","description":{"content":"Update Document API updates keywords on an existing document in the document management system, Director or Nautilus, as applicable using the Document Identifier (DocumentId).","type":"text/plain"},"url":{"path":["documentservice","document","document"],"host":["{{baseUrl}}"],"query":[],"variable":[]},"header":[{"disabled":false,"description":"(Required) EFX Header is a common and required component for all API calls, it contains client-related parameters. Please note that the header parameters should be sent as a JSON object under the EFXHeader parameter. To view the list of header parameters, <a href=\"../docs?path=docs/api-ref-EFX-header.md\" title=\"Click to open\"> click here.</a>","key":"EFXHeader","value":"OrganizationId,<string>,TrnId,<string>,VendorId,<string>,Context,[object Object]"},{"key":"Content-Type","value":"application/json"},{"key":"Accept","value":"application/json"}],"method":"PUT","auth":null,"body":{"mode":"raw","raw":"{\n  \"DocumentInfo\": {\n    \"KeywordData\": [\n      {\n        \"Keyword\": \"<string>\",\n        \"KeywordValue\": \"<string>\"\n      },\n      {\n        \"Keyword\": \"<string>\",\n        \"KeywordValue\": \"<string>\"\n      }\n    ]\n  },\n  \"DocumentKeys\": {\n    \"DocumentId\": \"<string>\"\n  }\n}","options":{"raw":{"language":"json"}}}},"response":[{"id":"2369114c-9315-4af2-9a1b-7c205674b395","name":"Success","originalRequest":{"url":{"path":["documentservice","document","document"],"host":["{{baseUrl}}"],"query":[],"variable":[]},"header":[{"disabled":false,"description":"(Required) EFX Header is a common and required component for all API calls, it contains client-related parameters. Please note that the header parameters should be sent as a JSON object under the EFXHeader parameter. To view the list of header parameters, <a href=\"../docs?path=docs/api-ref-EFX-header.md\" title=\"Click to open\"> click here.</a>","key":"EFXHeader","value":"OrganizationId,<string>,TrnId,<string>,VendorId,<string>,Context,[object Object]"},{"key":"Accept","value":"application/json"}],"method":"PUT","body":{"mode":"raw","raw":"{\n  \"DocumentInfo\": {\n    \"KeywordData\": [\n      {\n        \"Keyword\": \"<string>\",\n        \"KeywordValue\": \"<string>\"\n      },\n      {\n        \"Keyword\": \"<string>\",\n        \"KeywordValue\": \"<string>\"\n      }\n    ]\n  },\n  \"DocumentKeys\": {\n    \"DocumentId\": \"<string>\"\n  }\n}","options":{"raw":{"language":"json"}}}},"status":"OK","code":200,"header":[{"key":"Content-Type","value":"application/json"}],"body":"{\n  \"DocumentStatusRec\": {\n    \"DocumentKeys\": {\n      \"DocumentId\": \"<string>\"\n    },\n    \"DocumentStatus\": {\n      \"DocumentStatusCode\": \"Valid\",\n      \"EffDt\": \"3508-06-08\"\n    }\n  },\n  \"Status\": {\n    \"Severity\": \"Info\",\n    \"StatusCode\": \"laborum elit\",\n    \"StatusDesc\": \"voluptate nisi Lorem incididunt\",\n    \"SvcProviderName\": \"sit id\",\n    \"Id\": \"officia minim cillum\",\n    \"ServerStatusCode\": \"consec\",\n    \"ServerStatusDesc\": \"id anim fugiat veniam\",\n    \"OvrdExceptionInd\": true,\n    \"SubjectRole\": \"irure ipsum et commodo\",\n    \"SubjectElement\": [\n      {\n        \"Path\": \"aliqua id\",\n        \"ServerPath\": \"velit sunt in\",\n        \"Value\": \"laboris sunt elit\"\n      },\n      {\n        \"Path\": \"do esse sed ullamco\",\n        \"ServerPath\": \"voluptate magna enim\",\n        \"Value\": \"in Duis amet ex\"\n      }\n    ],\n    \"ContentHTML\": \"amet veniam\",\n    \"AdditionalStatus\": [\n      {\n        \"StatusCode\": \"dolore cupidata\",\n        \"StatusDesc\": \"ad id velit\",\n        \"Severity\": \"Warning\",\n        \"SvcProviderName\": \"aliquip voluptate dolore\",\n        \"ServerStatusCode\": \"consequat sin\",\n        \"ServerStatusDesc\": \"occaecat officia do in magna\",\n        \"OvrdExceptionInd\": true,\n        \"SubjectElement\": [\n          {\n            \"Path\": \"ad culpa\",\n            \"ServerPath\": \"cillum enim commodo minim\",\n            \"Value\": \"velit in\"\n          },\n          {\n            \"Path\": \"e\",\n            \"ServerPath\": \"quis dolor occaecat mollit\",\n            \"Value\": \"consequat\"\n          }\n        ]\n      },\n      {\n        \"StatusCode\": \"elit\",\n        \"StatusDesc\": \"eu mollit elit consequat enim\",\n        \"Severity\": \"Warning\",\n        \"SvcProviderName\": \"velit eu ut nostrud\",\n        \"ServerStatusCode\": \"enim c\",\n        \"ServerStatusDesc\": \"ut occaecat ex\",\n        \"OvrdExceptionInd\": true,\n        \"SubjectElement\": [\n          {\n            \"Path\": \"eu ad sint\",\n            \"ServerPath\": \"aliqua qui voluptate\",\n            \"Value\": \"id culpa\"\n          },\n          {\n            \"Path\": \"consequat voluptate nisi qui\",\n            \"ServerPath\": \"quis veniam deserunt vo\",\n            \"Value\": \"fugiat in\"\n          }\n        ]\n      }\n    ]\n  }\n}","cookie":[],"_postman_previewlanguage":"json"},{"id":"c6e9fceb-7942-473a-bb52-fc639e8c2ed8","name":"To view the complete list of response codes, <a href=\"../docs/?path=docs/response-codes.md\" title=\"Click to open\">click here.</a>","originalRequest":{"url":{"path":["documentservice","document","document"],"host":["{{baseUrl}}"],"query":[],"variable":[]},"header":[{"disabled":false,"description":"(Required) EFX Header is a common and required component for all API calls, it contains client-related parameters. Please note that the header parameters should be sent as a JSON object under the EFXHeader parameter. To view the list of header parameters, <a href=\"../docs?path=docs/api-ref-EFX-header.md\" title=\"Click to open\"> click here.</a>","key":"EFXHeader","value":"OrganizationId,<string>,TrnId,<string>,VendorId,<string>,Context,[object Object]"},{"key":"Accept","value":"application/json"}],"method":"PUT","body":{"mode":"raw","raw":"{\n  \"DocumentInfo\": {\n    \"KeywordData\": [\n      {\n        \"Keyword\": \"<string>\",\n        \"KeywordValue\": \"<string>\"\n      },\n      {\n        \"Keyword\": \"<string>\",\n        \"KeywordValue\": \"<string>\"\n      }\n    ]\n  },\n  \"DocumentKeys\": {\n    \"DocumentId\": \"<string>\"\n  }\n}","options":{"raw":{"language":"json"}}}},"status":"Internal Server Error","code":500,"header":[{"key":"Content-Type","value":"application/json"}],"body":"{\n  \"DocumentStatusRec\": {\n    \"DocumentKeys\": {\n      \"DocumentId\": \"<string>\"\n    },\n    \"DocumentStatus\": {\n      \"DocumentStatusCode\": \"Valid\",\n      \"EffDt\": \"3651-86-84T20:22\"\n    }\n  },\n  \"Status\": {\n    \"Severity\": \"Error\",\n    \"StatusCode\": \"quis nulla\",\n    \"StatusDesc\": \"id veniam exercitation\",\n    \"SvcProviderName\": \"nostrud in\",\n    \"Id\": \"consectetur officia elit anim\",\n    \"ServerStatusCode\": \"mollit fug\",\n    \"ServerStatusDesc\": \"aliquip in laborum\",\n    \"OvrdExceptionInd\": true,\n    \"SubjectRole\": \"nisi in quis\",\n    \"SubjectElement\": [\n      {\n        \"Path\": \"esse quis veniam aliq\",\n        \"ServerPath\": \"aute\",\n        \"Value\": \"minim magna Ut non\"\n      },\n      {\n        \"Path\": \"magna do qui sit\",\n        \"ServerPath\": \"laborum veniam\",\n        \"Value\": \"tempor\"\n      }\n    ],\n    \"ContentHTML\": \"quis qui\",\n    \"AdditionalStatus\": [\n      {\n        \"StatusCode\": \"deserunt irure culpa\",\n        \"StatusDesc\": \"veniam dolor\",\n        \"Severity\": \"Error\",\n        \"SvcProviderName\": \"quis nisi anim ea\",\n        \"ServerStatusCode\": \"\",\n        \"ServerStatusDesc\": \"ad esse\",\n        \"OvrdExceptionInd\": true,\n        \"SubjectElement\": [\n          {\n            \"Path\": \"ut dolor\",\n            \"ServerPath\": \"proident \",\n            \"Value\": \"nostrud mollit Duis quis\"\n          },\n          {\n            \"Path\": \"incididunt\",\n            \"ServerPath\": \"sunt ullamco culpa amet\",\n            \"Value\": \"Duis labore\"\n          }\n        ]\n      },\n      {\n        \"StatusCode\": \"ea ex\",\n        \"StatusDesc\": \"deserunt Lorem fugiat commodo ad\",\n        \"Severity\": \"Info\",\n        \"SvcProviderName\": \"in deserunt nulla minim\",\n        \"ServerStatusCode\": \"consecte\",\n        \"ServerStatusDesc\": \"dolore pariatur eu esse laboris\",\n        \"OvrdExceptionInd\": false,\n        \"SubjectElement\": [\n          {\n            \"Path\": \"officia\",\n            \"ServerPath\": \"ut cupidatat fugiat quis culpa\",\n            \"Value\": \"occaecat cillum pariat\"\n          },\n          {\n            \"Path\": \"anim consequat in culpa\",\n            \"ServerPath\": \"ullamco sint\",\n            \"Value\": \"deserunt consectetur officia\"\n          }\n        ]\n      }\n    ]\n  }\n}","cookie":[],"_postman_previewlanguage":"json"}],"event":[],"protocolProfileBehavior":{"disableBodyPruning":true}},{"id":"c297c564-3777-4e2c-a717-10f980162b88","name":"Add Document.","request":{"name":"Add Document.","description":{"content":"Add Document API uploads various formats of documents to the document management systems, Director or Nautilus, as applicable. <br> For this API, it is important to specify the right document group, document type, appropriate keywords and the Base64 encoded document data.","type":"text/plain"},"url":{"path":["documentservice","document","document"],"host":["{{baseUrl}}"],"query":[],"variable":[]},"header":[{"disabled":false,"description":"(Required) EFX Header is a common and required component for all API calls, it contains client-related parameters. Please note that the header parameters should be sent as a JSON object under the EFXHeader parameter. To view the list of header parameters, <a href=\"../docs?path=docs/api-ref-EFX-header.md\" title=\"Click to open\"> click here.</a>","key":"EFXHeader","value":"OrganizationId,<string>,TrnId,<string>,VendorId,<string>,Context,[object Object]"},{"key":"Content-Type","value":"application/json"},{"key":"Accept","value":"application/json"}],"method":"POST","auth":null,"body":{"mode":"raw","raw":"{\n  \"DocumentInfo\": {\n    \"DiskGroup\": \"<long>\",\n    \"DocType\": \"<long>\",\n    \"DocTypeName\": \"<string>\",\n    \"KeywordData\": [\n      {\n        \"Keyword\": \"<string>\",\n        \"KeywordValue\": \"<string>\"\n      },\n      {\n        \"Keyword\": \"<string>\",\n        \"KeywordValue\": \"<string>\"\n      }\n    ],\n    \"PageData\": [\n      {\n        \"PageNum\": \"<long>\",\n        \"PageFormat\": \"<string>\",\n        \"PageValue\": {\n          \"BinData\": \"<object>\"\n        }\n      },\n      {\n        \"PageNum\": \"<long>\",\n        \"PageFormat\": \"<string>\",\n        \"PageValue\": {\n          \"BinData\": \"<object>\"\n        }\n      }\n    ]\n  }\n}","options":{"raw":{"language":"json"}}}},"response":[{"id":"fd953664-ec7b-415c-8650-4176c92b5eca","name":"Success","originalRequest":{"url":{"path":["documentservice","document","document"],"host":["{{baseUrl}}"],"query":[],"variable":[]},"header":[{"disabled":false,"description":"(Required) EFX Header is a common and required component for all API calls, it contains client-related parameters. Please note that the header parameters should be sent as a JSON object under the EFXHeader parameter. To view the list of header parameters, <a href=\"../docs?path=docs/api-ref-EFX-header.md\" title=\"Click to open\"> click here.</a>","key":"EFXHeader","value":"OrganizationId,<string>,TrnId,<string>,VendorId,<string>,Context,[object Object]"},{"key":"Accept","value":"application/json"}],"method":"POST","body":{"mode":"raw","raw":"{\n  \"DocumentInfo\": {\n    \"DiskGroup\": \"<long>\",\n    \"DocType\": \"<long>\",\n    \"DocTypeName\": \"<string>\",\n    \"KeywordData\": [\n      {\n        \"Keyword\": \"<string>\",\n        \"KeywordValue\": \"<string>\"\n      },\n      {\n        \"Keyword\": \"<string>\",\n        \"KeywordValue\": \"<string>\"\n      }\n    ],\n    \"PageData\": [\n      {\n        \"PageNum\": \"<long>\",\n        \"PageFormat\": \"<string>\",\n        \"PageValue\": {\n          \"BinData\": \"<object>\"\n        }\n      },\n      {\n        \"PageNum\": \"<long>\",\n        \"PageFormat\": \"<string>\",\n        \"PageValue\": {\n          \"BinData\": \"<object>\"\n        }\n      }\n    ]\n  }\n}","options":{"raw":{"language":"json"}}}},"status":"OK","code":200,"header":[{"key":"Content-Type","value":"application/json"}],"body":"{\n  \"DocumentStatusRec\": {\n    \"DocumentKeys\": {\n      \"DocumentId\": \"<string>\"\n    },\n    \"DocumentStatus\": {\n      \"DocumentStatusCode\": \"Valid\",\n      \"EffDt\": \"2983-17-97T99:36\"\n    }\n  },\n  \"Status\": {\n    \"Severity\": \"Info\",\n    \"StatusCode\": \"magn\",\n    \"StatusDesc\": \"vol\",\n    \"SvcProviderName\": \"Duis minim\",\n    \"Id\": \"amet Lorem\",\n    \"ServerStatusCode\": \"id e\",\n    \"ServerStatusDesc\": \"fugiat laborum magna adipisicing\",\n    \"OvrdExceptionInd\": false,\n    \"SubjectRole\": \"exercitation nulla ea pariatur proident\",\n    \"SubjectElement\": [\n      {\n        \"Path\": \"enim labore laboris\",\n        \"ServerPath\": \"in\",\n        \"Value\": \"commodo nostrud\"\n      },\n      {\n        \"Path\": \"co\",\n        \"ServerPath\": \"do quis mollit cillum eiusmod\",\n        \"Value\": \"aliqua velit officia Lorem\"\n      }\n    ],\n    \"ContentHTML\": \"in Excepteur eu irure\",\n    \"AdditionalStatus\": [\n      {\n        \"StatusCode\": \"aliquip\",\n        \"StatusDesc\": \"elit laborum labore adipisicing\",\n        \"Severity\": \"Error\",\n        \"SvcProviderName\": \"dolore enim qui tempor id\",\n        \"ServerStatusCode\": \"\",\n        \"ServerStatusDesc\": \"consectetur\",\n        \"OvrdExceptionInd\": false,\n        \"SubjectElement\": [\n          {\n            \"Path\": \"enim qui ipsum reprehenderit\",\n            \"ServerPath\": \"irure eu quis\",\n            \"Value\": \"laborum ullamco culpa conse\"\n          },\n          {\n            \"Path\": \"id occaecat consectetur deserunt\",\n            \"ServerPath\": \"nulla commodo ea amet\",\n            \"Value\": \"laborum\"\n          }\n        ]\n      },\n      {\n        \"StatusCode\": \"Lorem in \",\n        \"StatusDesc\": \"nostrud nisi\",\n        \"Severity\": \"Error\",\n        \"SvcProviderName\": \"enim sunt minim\",\n        \"ServerStatusCode\": \"incididunt ad in est\",\n        \"ServerStatusDesc\": \"reprehenderit\",\n        \"OvrdExceptionInd\": false,\n        \"SubjectElement\": [\n          {\n            \"Path\": \"elit non culpa irure\",\n            \"ServerPath\": \"laboris qui\",\n            \"Value\": \"proident est officia\"\n          },\n          {\n            \"Path\": \"exercitation ad anim magna\",\n            \"ServerPath\": \"aliqua laborum tempor\",\n            \"Value\": \"dolor\"\n          }\n        ]\n      }\n    ]\n  }\n}","cookie":[],"_postman_previewlanguage":"json"},{"id":"666ec163-4399-4a64-81a7-eab46d81c3a2","name":"To view the complete list of response codes, <a href=\"../docs/?path=docs/response-codes.md\" title=\"Click to open\">click here.</a>","originalRequest":{"url":{"path":["documentservice","document","document"],"host":["{{baseUrl}}"],"query":[],"variable":[]},"header":[{"disabled":false,"description":"(Required) EFX Header is a common and required component for all API calls, it contains client-related parameters. Please note that the header parameters should be sent as a JSON object under the EFXHeader parameter. To view the list of header parameters, <a href=\"../docs?path=docs/api-ref-EFX-header.md\" title=\"Click to open\"> click here.</a>","key":"EFXHeader","value":"OrganizationId,<string>,TrnId,<string>,VendorId,<string>,Context,[object Object]"},{"key":"Accept","value":"application/json"}],"method":"POST","body":{"mode":"raw","raw":"{\n  \"DocumentInfo\": {\n    \"DiskGroup\": \"<long>\",\n    \"DocType\": \"<long>\",\n    \"DocTypeName\": \"<string>\",\n    \"KeywordData\": [\n      {\n        \"Keyword\": \"<string>\",\n        \"KeywordValue\": \"<string>\"\n      },\n      {\n        \"Keyword\": \"<string>\",\n        \"KeywordValue\": \"<string>\"\n      }\n    ],\n    \"PageData\": [\n      {\n        \"PageNum\": \"<long>\",\n        \"PageFormat\": \"<string>\",\n        \"PageValue\": {\n          \"BinData\": \"<object>\"\n        }\n      },\n      {\n        \"PageNum\": \"<long>\",\n        \"PageFormat\": \"<string>\",\n        \"PageValue\": {\n          \"BinData\": \"<object>\"\n        }\n      }\n    ]\n  }\n}","options":{"raw":{"language":"json"}}}},"status":"Internal Server Error","code":500,"header":[{"key":"Content-Type","value":"application/json"}],"body":"{\n  \"DocumentStatusRec\": {\n    \"DocumentKeys\": {\n      \"DocumentId\": \"<string>\"\n    },\n    \"DocumentStatus\": {\n      \"DocumentStatusCode\": \"Valid\",\n      \"EffDt\": \"2983-17-97T99:36\"\n    }\n  },\n  \"Status\": {\n    \"Severity\": \"Info\",\n    \"StatusCode\": \"magn\",\n    \"StatusDesc\": \"vol\",\n    \"SvcProviderName\": \"Duis minim\",\n    \"Id\": \"amet Lorem\",\n    \"ServerStatusCode\": \"id e\",\n    \"ServerStatusDesc\": \"fugiat laborum magna adipisicing\",\n    \"OvrdExceptionInd\": false,\n    \"SubjectRole\": \"exercitation nulla ea pariatur proident\",\n    \"SubjectElement\": [\n      {\n        \"Path\": \"enim labore laboris\",\n        \"ServerPath\": \"in\",\n        \"Value\": \"commodo nostrud\"\n      },\n      {\n        \"Path\": \"co\",\n        \"ServerPath\": \"do quis mollit cillum eiusmod\",\n        \"Value\": \"aliqua velit officia Lorem\"\n      }\n    ],\n    \"ContentHTML\": \"in Excepteur eu irure\",\n    \"AdditionalStatus\": [\n      {\n        \"StatusCode\": \"aliquip\",\n        \"StatusDesc\": \"elit laborum labore adipisicing\",\n        \"Severity\": \"Error\",\n        \"SvcProviderName\": \"dolore enim qui tempor id\",\n        \"ServerStatusCode\": \"\",\n        \"ServerStatusDesc\": \"consectetur\",\n        \"OvrdExceptionInd\": false,\n        \"SubjectElement\": [\n          {\n            \"Path\": \"enim qui ipsum reprehenderit\",\n            \"ServerPath\": \"irure eu quis\",\n            \"Value\": \"laborum ullamco culpa conse\"\n          },\n          {\n            \"Path\": \"id occaecat consectetur deserunt\",\n            \"ServerPath\": \"nulla commodo ea amet\",\n            \"Value\": \"laborum\"\n          }\n        ]\n      },\n      {\n        \"StatusCode\": \"Lorem in \",\n        \"StatusDesc\": \"nostrud nisi\",\n        \"Severity\": \"Error\",\n        \"SvcProviderName\": \"enim sunt minim\",\n        \"ServerStatusCode\": \"incididunt ad in est\",\n        \"ServerStatusDesc\": \"reprehenderit\",\n        \"OvrdExceptionInd\": false,\n        \"SubjectElement\": [\n          {\n            \"Path\": \"elit non culpa irure\",\n            \"ServerPath\": \"laboris qui\",\n            \"Value\": \"proident est officia\"\n          },\n          {\n            \"Path\": \"exercitation ad anim magna\",\n            \"ServerPath\": \"aliqua laborum tempor\",\n            \"Value\": \"dolor\"\n          }\n        ]\n      }\n    ]\n  }\n}","cookie":[],"_postman_previewlanguage":"json"}],"event":[],"protocolProfileBehavior":{"disableBodyPruning":true}},{"id":"55944a4d-89d5-46b5-84af-659cf98abc6f","name":"secured","item":[{"id":"36060836-acf3-492f-9f4e-7de3d0c4bc79","name":"Delete Document.","request":{"name":"Delete Document.","description":{"content":"Delete Document API deletes an existing document from the document management system, Director or Nautilus, as applicable using the Document Identifier (DocumentId).","type":"text/plain"},"url":{"path":["documentservice","document","document","secured"],"host":["{{baseUrl}}"],"query":[],"variable":[]},"header":[{"disabled":false,"description":"(Required) EFX Header is a common and required component for all API calls, it contains client-related parameters. Please note that the header parameters should be sent as a JSON object under the EFXHeader parameter. To view the list of header parameters, <a href=\"../docs?path=docs/api-ref-EFX-header.md\" title=\"Click to open\"> click here.</a>","key":"EFXHeader","value":"OrganizationId,<string>,TrnId,<string>,VendorId,<string>,Context,[object Object]"},{"key":"Content-Type","value":"application/json"},{"key":"Accept","value":"application/json"}],"method":"PUT","auth":null,"body":{"mode":"raw","raw":"{\n  \"DocumentKeys\": {\n    \"DocumentId\": \"<string>\"\n  }\n}","options":{"raw":{"language":"json"}}}},"response":[{"id":"504f2058-ad58-427b-9969-ad64bc2ff033","name":"Success","originalRequest":{"url":{"path":["documentservice","document","document","secured"],"host":["{{baseUrl}}"],"query":[],"variable":[]},"header":[{"disabled":false,"description":"(Required) EFX Header is a common and required component for all API calls, it contains client-related parameters. Please note that the header parameters should be sent as a JSON object under the EFXHeader parameter. To view the list of header parameters, <a href=\"../docs?path=docs/api-ref-EFX-header.md\" title=\"Click to open\"> click here.</a>","key":"EFXHeader","value":"OrganizationId,<string>,TrnId,<string>,VendorId,<string>,Context,[object Object]"},{"key":"Accept","value":"application/json"}],"method":"PUT","body":{"mode":"raw","raw":"{\n  \"DocumentKeys\": {\n    \"DocumentId\": \"<string>\"\n  }\n}","options":{"raw":{"language":"json"}}}},"status":"OK","code":200,"header":[{"key":"Content-Type","value":"application/json"}],"body":"{\n  \"DocumentStatusRec\": {\n    \"DocumentKeys\": {\n      \"DocumentId\": \"<string>\"\n    },\n    \"DocumentStatus\": {\n      \"DocumentStatusCode\": \"Deleted\",\n      \"EffDt\": \"6086-97-95T10:94:10.778\"\n    }\n  },\n  \"Status\": {\n    \"Severity\": \"Error\",\n    \"StatusCode\": \"dolore\",\n    \"StatusDesc\": \"amet et\",\n    \"SvcProviderName\": \"adipisicing laborum\",\n    \"Id\": \"laboris in\",\n    \"ServerStatusCode\": \"enim aliqua\",\n    \"ServerStatusDesc\": \"mollit commodo\",\n    \"OvrdExceptionInd\": true,\n    \"SubjectRole\": \"ea ullamco aute do\",\n    \"SubjectElement\": [\n      {\n        \"Path\": \"nulla laborum sed\",\n        \"ServerPath\": \"magna veli\",\n        \"Value\": \"adipisicing exercitation ea\"\n      },\n      {\n        \"Path\": \"culpa eiusmod\",\n        \"ServerPath\": \"in qui\",\n        \"Value\": \"commodo elit magna aliqua\"\n      }\n    ],\n    \"ContentHTML\": \"voluptate occaecat ut\",\n    \"AdditionalStatus\": [\n      {\n        \"StatusCode\": \"qui eu\",\n        \"StatusDesc\": \"Duis voluptate\",\n        \"Severity\": \"Error\",\n        \"SvcProviderName\": \"irure dolore in Excepteur reprehenderit\",\n        \"ServerStatusCode\": \"eiusmod deserunt lab\",\n        \"ServerStatusDesc\": \"sint esse et\",\n        \"OvrdExceptionInd\": false,\n        \"SubjectElement\": [\n          {\n            \"Path\": \"sed esse\",\n            \"ServerPath\": \"tempor irure\",\n            \"Value\": \"velit\"\n          },\n          {\n            \"Path\": \"cupidatat sit\",\n            \"ServerPath\": \"anim aliqua\",\n            \"Value\": \"Lorem deserunt in nisi\"\n          }\n        ]\n      },\n      {\n        \"StatusCode\": \"in sit elit ad veli\",\n        \"StatusDesc\": \"nostrud voluptate in elit\",\n        \"Severity\": \"Info\",\n        \"SvcProviderName\": \"non\",\n        \"ServerStatusCode\": \"ut aute incididunt\",\n        \"ServerStatusDesc\": \"voluptate mi\",\n        \"OvrdExceptionInd\": true,\n        \"SubjectElement\": [\n          {\n            \"Path\": \"anim veniam reprehenderit aliqua\",\n            \"ServerPath\": \"et Lorem nulla minim quis\",\n            \"Value\": \"aliquip\"\n          },\n          {\n            \"Path\": \"proident qui\",\n            \"ServerPath\": \"cupidatat aliquip in\",\n            \"Value\": \"ullamco laboris occaecat\"\n          }\n        ]\n      }\n    ]\n  }\n}","cookie":[],"_postman_previewlanguage":"json"},{"id":"f40f18b9-4f47-45d1-a03c-b6e930cd6501","name":"To view the complete list of response codes, <a href=\"../docs/?path=docs/response-codes.md\" title=\"Click to open\">click here.</a>","originalRequest":{"url":{"path":["documentservice","document","document","secured"],"host":["{{baseUrl}}"],"query":[],"variable":[]},"header":[{"disabled":false,"description":"(Required) EFX Header is a common and required component for all API calls, it contains client-related parameters. Please note that the header parameters should be sent as a JSON object under the EFXHeader parameter. To view the list of header parameters, <a href=\"../docs?path=docs/api-ref-EFX-header.md\" title=\"Click to open\"> click here.</a>","key":"EFXHeader","value":"OrganizationId,<string>,TrnId,<string>,VendorId,<string>,Context,[object Object]"},{"key":"Accept","value":"application/json"}],"method":"PUT","body":{"mode":"raw","raw":"{\n  \"DocumentKeys\": {\n    \"DocumentId\": \"<string>\"\n  }\n}","options":{"raw":{"language":"json"}}}},"status":"Internal Server Error","code":500,"header":[{"key":"Content-Type","value":"application/json"}],"body":"{\n  \"DocumentStatusRec\": {\n    \"DocumentKeys\": {\n      \"DocumentId\": \"<string>\"\n    },\n    \"DocumentStatus\": {\n      \"DocumentStatusCode\": \"Deleted\",\n      \"EffDt\": \"6086-97-95T10:94:10.778\"\n    }\n  },\n  \"Status\": {\n    \"Severity\": \"Error\",\n    \"StatusCode\": \"dolore\",\n    \"StatusDesc\": \"amet et\",\n    \"SvcProviderName\": \"adipisicing laborum\",\n    \"Id\": \"laboris in\",\n    \"ServerStatusCode\": \"enim aliqua\",\n    \"ServerStatusDesc\": \"mollit commodo\",\n    \"OvrdExceptionInd\": true,\n    \"SubjectRole\": \"ea ullamco aute do\",\n    \"SubjectElement\": [\n      {\n        \"Path\": \"nulla laborum sed\",\n        \"ServerPath\": \"magna veli\",\n        \"Value\": \"adipisicing exercitation ea\"\n      },\n      {\n        \"Path\": \"culpa eiusmod\",\n        \"ServerPath\": \"in qui\",\n        \"Value\": \"commodo elit magna aliqua\"\n      }\n    ],\n    \"ContentHTML\": \"voluptate occaecat ut\",\n    \"AdditionalStatus\": [\n      {\n        \"StatusCode\": \"qui eu\",\n        \"StatusDesc\": \"Duis voluptate\",\n        \"Severity\": \"Error\",\n        \"SvcProviderName\": \"irure dolore in Excepteur reprehenderit\",\n        \"ServerStatusCode\": \"eiusmod deserunt lab\",\n        \"ServerStatusDesc\": \"sint esse et\",\n        \"OvrdExceptionInd\": false,\n        \"SubjectElement\": [\n          {\n            \"Path\": \"sed esse\",\n            \"ServerPath\": \"tempor irure\",\n            \"Value\": \"velit\"\n          },\n          {\n            \"Path\": \"cupidatat sit\",\n            \"ServerPath\": \"anim aliqua\",\n            \"Value\": \"Lorem deserunt in nisi\"\n          }\n        ]\n      },\n      {\n        \"StatusCode\": \"in sit elit ad veli\",\n        \"StatusDesc\": \"nostrud voluptate in elit\",\n        \"Severity\": \"Info\",\n        \"SvcProviderName\": \"non\",\n        \"ServerStatusCode\": \"ut aute incididunt\",\n        \"ServerStatusDesc\": \"voluptate mi\",\n        \"OvrdExceptionInd\": true,\n        \"SubjectElement\": [\n          {\n            \"Path\": \"anim veniam reprehenderit aliqua\",\n            \"ServerPath\": \"et Lorem nulla minim quis\",\n            \"Value\": \"aliquip\"\n          },\n          {\n            \"Path\": \"proident qui\",\n            \"ServerPath\": \"cupidatat aliquip in\",\n            \"Value\": \"ullamco laboris occaecat\"\n          }\n        ]\n      }\n    ]\n  }\n}","cookie":[],"_postman_previewlanguage":"json"}],"event":[],"protocolProfileBehavior":{"disableBodyPruning":true}},{"id":"6d3ddbb3-e8d5-4cde-8c21-85abbabc4c91","name":"Get Document.","request":{"name":"Get Document.","description":{"content":"Get Document API retrieves a single document from the document management system, Director or Nautilus, as applicable using the Document Identifier (DocumentId).<br> This API returns various properties of the document including the format and the Base64 encoded document data.","type":"text/plain"},"url":{"path":["documentservice","document","document","secured"],"host":["{{baseUrl}}"],"query":[],"variable":[]},"header":[{"disabled":false,"description":"(Required) EFX Header is a common and required component for all API calls, it contains client-related parameters. Please note that the header parameters should be sent as a JSON object under the EFXHeader parameter. To view the list of header parameters, <a href=\"../docs?path=docs/api-ref-EFX-header.md\" title=\"Click to open\"> click here.</a>","key":"EFXHeader","value":"OrganizationId,<string>,TrnId,<string>,VendorId,<string>,Context,[object Object]"},{"key":"Content-Type","value":"application/json"},{"key":"Accept","value":"application/json"}],"method":"POST","auth":null,"body":{"mode":"raw","raw":"{\n  \"DocumentSel\": {\n    \"DocumentKeys\": {\n      \"DocumentId\": \"<string>\"\n    },\n    \"DocSelCriteria\": [\n      {\n        \"DocSelType\": \"<string>\",\n        \"DocSelValue\": \"<string>\"\n      },\n      {\n        \"DocSelType\": \"<string>\",\n        \"DocSelValue\": \"<string>\"\n      }\n    ],\n    \"DtRange\": {\n      \"StartDt\": \"<string>\",\n      \"EndDt\": \"<string>\"\n    },\n    \"UseXferKeywordInd\": \"<boolean>\",\n    \"KeywordSel\": [\n      {\n        \"Keyword\": \"<string>\",\n        \"KeywordValue\": \"<string>\",\n        \"Operand\": \"<string>\",\n        \"AndorOr\": \"<string>\"\n      },\n      {\n        \"Keyword\": \"<string>\",\n        \"KeywordValue\": \"<string>\",\n        \"Operand\": \"<string>\",\n        \"AndorOr\": \"<string>\"\n      }\n    ],\n    \"DocProperties\": [\n      {\n        \"IncDocPropertyInd\": \"<boolean>\",\n        \"DocPropertyType\": \"<string>\"\n      },\n      {\n        \"IncDocPropertyInd\": \"<boolean>\",\n        \"DocPropertyType\": \"<string>\"\n      }\n    ],\n    \"KeywordMultireplace\": \"<string>\",\n    \"KeywordsRequested\": [\n      {\n        \"Keyword\": \"<string>\"\n      },\n      {\n        \"Keyword\": \"<string>\"\n      }\n    ],\n    \"PageFormat\": \"<string>\",\n    \"PageNumRange\": {\n      \"StartPageNum\": \"<long>\",\n      \"EndPageNum\": \"<long>\"\n    },\n    \"PageNum\": \"<long>\",\n    \"IncAllPagesInd\": \"<boolean>\",\n    \"MetaData\": [\n      {\n        \"Value\": \"<string>\",\n        \"IncValueInd\": \"<boolean>\"\n      },\n      {\n        \"Value\": \"<string>\",\n        \"IncValueInd\": \"<boolean>\"\n      }\n    ]\n  },\n  \"RecCtrlIn\": {\n    \"MaxRecLimit\": \"<long>\"\n  }\n}","options":{"raw":{"language":"json"}}}},"response":[{"id":"0440d1bc-87e9-408b-8490-0811fe2e6e79","name":"Success","originalRequest":{"url":{"path":["documentservice","document","document","secured"],"host":["{{baseUrl}}"],"query":[],"variable":[]},"header":[{"disabled":false,"description":"(Required) EFX Header is a common and required component for all API calls, it contains client-related parameters. Please note that the header parameters should be sent as a JSON object under the EFXHeader parameter. To view the list of header parameters, <a href=\"../docs?path=docs/api-ref-EFX-header.md\" title=\"Click to open\"> click here.</a>","key":"EFXHeader","value":"OrganizationId,<string>,TrnId,<string>,VendorId,<string>,Context,[object Object]"},{"key":"Accept","value":"application/json"}],"method":"POST","body":{"mode":"raw","raw":"{\n  \"DocumentSel\": {\n    \"DocumentKeys\": {\n      \"DocumentId\": \"<string>\"\n    },\n    \"DocSelCriteria\": [\n      {\n        \"DocSelType\": \"<string>\",\n        \"DocSelValue\": \"<string>\"\n      },\n      {\n        \"DocSelType\": \"<string>\",\n        \"DocSelValue\": \"<string>\"\n      }\n    ],\n    \"DtRange\": {\n      \"StartDt\": \"<string>\",\n      \"EndDt\": \"<string>\"\n    },\n    \"UseXferKeywordInd\": \"<boolean>\",\n    \"KeywordSel\": [\n      {\n        \"Keyword\": \"<string>\",\n        \"KeywordValue\": \"<string>\",\n        \"Operand\": \"<string>\",\n        \"AndorOr\": \"<string>\"\n      },\n      {\n        \"Keyword\": \"<string>\",\n        \"KeywordValue\": \"<string>\",\n        \"Operand\": \"<string>\",\n        \"AndorOr\": \"<string>\"\n      }\n    ],\n    \"DocProperties\": [\n      {\n        \"IncDocPropertyInd\": \"<boolean>\",\n        \"DocPropertyType\": \"<string>\"\n      },\n      {\n        \"IncDocPropertyInd\": \"<boolean>\",\n        \"DocPropertyType\": \"<string>\"\n      }\n    ],\n    \"KeywordMultireplace\": \"<string>\",\n    \"KeywordsRequested\": [\n      {\n        \"Keyword\": \"<string>\"\n      },\n      {\n        \"Keyword\": \"<string>\"\n      }\n    ],\n    \"PageFormat\": \"<string>\",\n    \"PageNumRange\": {\n      \"StartPageNum\": \"<long>\",\n      \"EndPageNum\": \"<long>\"\n    },\n    \"PageNum\": \"<long>\",\n    \"IncAllPagesInd\": \"<boolean>\",\n    \"MetaData\": [\n      {\n        \"Value\": \"<string>\",\n        \"IncValueInd\": \"<boolean>\"\n      },\n      {\n        \"Value\": \"<string>\",\n        \"IncValueInd\": \"<boolean>\"\n      }\n    ]\n  },\n  \"RecCtrlIn\": {\n    \"MaxRecLimit\": \"<long>\"\n  }\n}","options":{"raw":{"language":"json"}}}},"status":"OK","code":200,"header":[{"key":"Content-Type","value":"application/json"}],"body":"{\n  \"DocumentRec\": [\n    {\n      \"DocumentInfo\": {\n        \"DocName\": \"ex minim\",\n        \"CreatedDt\": \"4743-11-80T82:77\",\n        \"RevisionDt\": \"1963-03-30\",\n        \"RevisionId\": -77235060,\n        \"MaxRevisionId\": -30252536,\n        \"OriginalStoredDt\": \"2017-01-20\",\n        \"DocGroupTypeName\": \"adipisicing\",\n        \"DocTypeName\": \"eiusmod\",\n        \"KeywordData\": [\n          {\n            \"Keyword\": \"consectetur culpa\",\n            \"KeywordValue\": \"pariatur Excepteur consectetur nostrud\",\n            \"KeywordId\": \"dolor ex deserunt\",\n            \"KeywordGroup\": \"ex cul\",\n            \"KeywordGroupName\": \"consectetur dolor velit adipisicing\"\n          },\n          {\n            \"Keyword\": \"aliqua\",\n            \"KeywordValue\": \"culpa\",\n            \"KeywordId\": \"nulla exe\",\n            \"KeywordGroup\": \"ea\",\n            \"KeywordGroupName\": \"officia\"\n          }\n        ],\n        \"SearchableKeyword\": [\n          {\n            \"Keyword\": \"dolor proident\",\n            \"SearchFlag\": false\n          },\n          {\n            \"Keyword\": \"labore dolo\",\n            \"SearchFlag\": true\n          }\n        ],\n        \"BatchNum\": \"cillum ipsum\",\n        \"TotalPageNum\": 5270345,\n        \"PageData\": [\n          {\n            \"PageNum\": 86493930,\n            \"PageFormat\": \"JPG\",\n            \"PageValue\": {\n              \"value\": \"<Error: Too many levels of nesting to fake this schema>\"\n            }\n          },\n          {\n            \"PageNum\": -52331020,\n            \"PageFormat\": \"BMP\",\n            \"PageValue\": {\n              \"value\": \"<Error: Too many levels of nesting to fake this schema>\"\n            }\n          }\n        ]\n      },\n      \"DocumentKeys\": {\n        \"DocumentId\": \"ad ullamco ut\"\n      },\n      \"DocumentStatus\": {\n        \"DocumentStatusCode\": \"Valid\",\n        \"EffDt\": \"3635-82-21\"\n      }\n    },\n    {\n      \"DocumentInfo\": {\n        \"DocName\": \"tempor Lorem c\",\n        \"CreatedDt\": \"0626-59-25T85:91:41+21:36\",\n        \"RevisionDt\": \"1990-01-17\",\n        \"RevisionId\": 95331709,\n        \"MaxRevisionId\": -71888744,\n        \"OriginalStoredDt\": \"1965-06-25\",\n        \"DocGroupTypeName\": \"et sit Ut eu magn\",\n        \"DocTypeName\": \"qui incididunt eu exercitation\",\n        \"KeywordData\": [\n          {\n            \"Keyword\": \"in aliquip nulla\",\n            \"KeywordValue\": \"Ut cillum\",\n            \"KeywordId\": \"id est dolor\",\n            \"KeywordGroup\": \"in\",\n            \"KeywordGroupName\": \"sint voluptate\"\n          },\n          {\n            \"Keyword\": \"anim\",\n            \"KeywordValue\": \"aliqua\",\n            \"KeywordId\": \"in labori\",\n            \"KeywordGroup\": \"officia elit proident deserunt\",\n            \"KeywordGroupName\": \"velit in\"\n          }\n        ],\n        \"SearchableKeyword\": [\n          {\n            \"Keyword\": \"eiusmod est Lorem exercitation\",\n            \"SearchFlag\": true\n          },\n          {\n            \"Keyword\": \"in ipsum\",\n            \"SearchFlag\": true\n          }\n        ],\n        \"BatchNum\": \"exercitation dolor veniam\",\n        \"TotalPageNum\": 84067216,\n        \"PageData\": [\n          {\n            \"PageNum\": 54710233,\n            \"PageFormat\": \"PDF\",\n            \"PageValue\": {\n              \"value\": \"<Error: Too many levels of nesting to fake this schema>\"\n            }\n          },\n          {\n            \"PageNum\": 3540929,\n            \"PageFormat\": \"PNG\",\n            \"PageValue\": {\n              \"value\": \"<Error: Too many levels of nesting to fake this schema>\"\n            }\n          }\n        ]\n      },\n      \"DocumentKeys\": {\n        \"DocumentId\": \"amet minim sed c\"\n      },\n      \"DocumentStatus\": {\n        \"DocumentStatusCode\": \"Valid\",\n        \"EffDt\": \"4849-62-60\"\n      }\n    }\n  ],\n  \"Status\": {\n    \"Severity\": \"Error\",\n    \"StatusCode\": \"ea\",\n    \"StatusDesc\": \"officia est irure commodo\",\n    \"SvcProviderName\": \"amet sit\",\n    \"Id\": \"voluptate nisi eiusmod dolor\",\n    \"ServerStatusCode\": \"pa\",\n    \"ServerStatusDesc\": \"in non\",\n    \"OvrdExceptionInd\": true,\n    \"SubjectRole\": \"labore ut laboris id\",\n    \"SubjectElement\": [\n      {\n        \"Path\": \"non\",\n        \"ServerPath\": \"amet in aliqua\",\n        \"Value\": \"eu in sint dolore\"\n      },\n      {\n        \"Path\": \"veniam mollit dolor in aliqua\",\n        \"ServerPath\": \"aliquip dolor\",\n        \"Value\": \"deserunt non in minim sit\"\n      }\n    ],\n    \"ContentHTML\": \"et consectetur ipsum magna deserunt\",\n    \"AdditionalStatus\": [\n      {\n        \"StatusCode\": \"fugiat \",\n        \"StatusDesc\": \"tempor velit nisi\",\n        \"Severity\": \"Info\",\n        \"SvcProviderName\": \"veniam ex dolor in\",\n        \"ServerStatusCode\": \"sit\",\n        \"ServerStatusDesc\": \"in et exercitation veniam\",\n        \"OvrdExceptionInd\": true,\n        \"SubjectElement\": [\n          {\n            \"Path\": \"do eiusmod dolor magna\",\n            \"ServerPath\": \"nulla eu\",\n            \"Value\": \"est qui voluptate pariatur\"\n          },\n          {\n            \"Path\": \"minim cillum aliqua\",\n            \"ServerPath\": \"sit Excepteur\",\n            \"Value\": \"irure ea dolor\"\n          }\n        ]\n      },\n      {\n        \"StatusCode\": \"Ut\",\n        \"StatusDesc\": \"esse\",\n        \"Severity\": \"Info\",\n        \"SvcProviderName\": \"laborum\",\n        \"ServerStatusCode\": \"aute dol\",\n        \"ServerStatusDesc\": \"ex ipsum nisi\",\n        \"OvrdExceptionInd\": false,\n        \"SubjectElement\": [\n          {\n            \"Path\": \"irure cupidatat fugiat eiusmod\",\n            \"ServerPath\": \"qui fugiat do cillum dolor\",\n            \"Value\": \"anim Ut ex ullamco\"\n          },\n          {\n            \"Path\": \"aliqua ad cupidatat reprehenderit dolor\",\n            \"ServerPath\": \"ut in velit\",\n            \"Value\": \"est dolore id in\"\n          }\n        ]\n      }\n    ]\n  },\n  \"RecCtrlOut\": {\n    \"SentRecCount\": 63158064,\n    \"RemainRecCount\": -43469347,\n    \"Cursor\": \"eiusmod elit exercitation\"\n  }\n}","cookie":[],"_postman_previewlanguage":"json"},{"id":"3675916e-52b4-44a1-b13e-d4442ccc85f9","name":"To view the complete list of response codes, <a href=\"../docs/?path=docs/response-codes.md\" title=\"Click to open\">click here.</a>","originalRequest":{"url":{"path":["documentservice","document","document","secured"],"host":["{{baseUrl}}"],"query":[],"variable":[]},"header":[{"disabled":false,"description":"(Required) EFX Header is a common and required component for all API calls, it contains client-related parameters. Please note that the header parameters should be sent as a JSON object under the EFXHeader parameter. To view the list of header parameters, <a href=\"../docs?path=docs/api-ref-EFX-header.md\" title=\"Click to open\"> click here.</a>","key":"EFXHeader","value":"OrganizationId,<string>,TrnId,<string>,VendorId,<string>,Context,[object Object]"},{"key":"Accept","value":"application/json"}],"method":"POST","body":{"mode":"raw","raw":"{\n  \"DocumentSel\": {\n    \"DocumentKeys\": {\n      \"DocumentId\": \"<string>\"\n    },\n    \"DocSelCriteria\": [\n      {\n        \"DocSelType\": \"<string>\",\n        \"DocSelValue\": \"<string>\"\n      },\n      {\n        \"DocSelType\": \"<string>\",\n        \"DocSelValue\": \"<string>\"\n      }\n    ],\n    \"DtRange\": {\n      \"StartDt\": \"<string>\",\n      \"EndDt\": \"<string>\"\n    },\n    \"UseXferKeywordInd\": \"<boolean>\",\n    \"KeywordSel\": [\n      {\n        \"Keyword\": \"<string>\",\n        \"KeywordValue\": \"<string>\",\n        \"Operand\": \"<string>\",\n        \"AndorOr\": \"<string>\"\n      },\n      {\n        \"Keyword\": \"<string>\",\n        \"KeywordValue\": \"<string>\",\n        \"Operand\": \"<string>\",\n        \"AndorOr\": \"<string>\"\n      }\n    ],\n    \"DocProperties\": [\n      {\n        \"IncDocPropertyInd\": \"<boolean>\",\n        \"DocPropertyType\": \"<string>\"\n      },\n      {\n        \"IncDocPropertyInd\": \"<boolean>\",\n        \"DocPropertyType\": \"<string>\"\n      }\n    ],\n    \"KeywordMultireplace\": \"<string>\",\n    \"KeywordsRequested\": [\n      {\n        \"Keyword\": \"<string>\"\n      },\n      {\n        \"Keyword\": \"<string>\"\n      }\n    ],\n    \"PageFormat\": \"<string>\",\n    \"PageNumRange\": {\n      \"StartPageNum\": \"<long>\",\n      \"EndPageNum\": \"<long>\"\n    },\n    \"PageNum\": \"<long>\",\n    \"IncAllPagesInd\": \"<boolean>\",\n    \"MetaData\": [\n      {\n        \"Value\": \"<string>\",\n        \"IncValueInd\": \"<boolean>\"\n      },\n      {\n        \"Value\": \"<string>\",\n        \"IncValueInd\": \"<boolean>\"\n      }\n    ]\n  },\n  \"RecCtrlIn\": {\n    \"MaxRecLimit\": \"<long>\"\n  }\n}","options":{"raw":{"language":"json"}}}},"status":"Internal Server Error","code":500,"header":[{"key":"Content-Type","value":"application/json"}],"body":"{\n  \"DocumentRec\": [\n    {\n      \"DocumentInfo\": {\n        \"DocName\": \"aliquip\",\n        \"CreatedDt\": \"0196-43-00\",\n        \"RevisionDt\": \"2010-01-20\",\n        \"RevisionId\": -81390862,\n        \"MaxRevisionId\": 32765884,\n        \"OriginalStoredDt\": \"1993-12-01\",\n        \"DocGroupTypeName\": \"incididunt ipsum quis aute\",\n        \"DocTypeName\": \"aute dolore anim cillum\",\n        \"KeywordData\": [\n          {\n            \"Keyword\": \"in nu\",\n            \"KeywordValue\": \"velit proident dolor ipsum\",\n            \"KeywordId\": \"dolor id eu\",\n            \"KeywordGroup\": \"sed elit eu\",\n            \"KeywordGroupName\": \"laboris aliquip elit in ulla\"\n          },\n          {\n            \"Keyword\": \"consectetur proident in\",\n            \"KeywordValue\": \"id dolore Ut aliqua\",\n            \"KeywordId\": \"Ut Lo\",\n            \"KeywordGroup\": \"cillum dolor \",\n            \"KeywordGroupName\": \"quis consequat fugiat\"\n          }\n        ],\n        \"SearchableKeyword\": [\n          {\n            \"Keyword\": \"cupidatat enim sit\",\n            \"SearchFlag\": false\n          },\n          {\n            \"Keyword\": \"elit Ut tempor\",\n            \"SearchFlag\": true\n          }\n        ],\n        \"BatchNum\": \"occaecat dolor non\",\n        \"TotalPageNum\": 45796061,\n        \"PageData\": [\n          {\n            \"PageNum\": 30676311,\n            \"PageFormat\": \"PDF\",\n            \"PageValue\": {\n              \"value\": \"<Error: Too many levels of nesting to fake this schema>\"\n            }\n          },\n          {\n            \"PageNum\": 57821917,\n            \"PageFormat\": \"JPG\",\n            \"PageValue\": {\n              \"value\": \"<Error: Too many levels of nesting to fake this schema>\"\n            }\n          }\n        ]\n      },\n      \"DocumentKeys\": {\n        \"DocumentId\": \"officia anim\"\n      },\n      \"DocumentStatus\": {\n        \"DocumentStatusCode\": \"Valid\",\n        \"EffDt\": \"7826-01-60T64:55\"\n      }\n    },\n    {\n      \"DocumentInfo\": {\n        \"DocName\": \"nulla reprehenderit irure commodo laborum\",\n        \"CreatedDt\": \"3307-80-33\",\n        \"RevisionDt\": \"1992-05-04\",\n        \"RevisionId\": -17250412,\n        \"MaxRevisionId\": 52373261,\n        \"OriginalStoredDt\": \"2011-04-08\",\n        \"DocGroupTypeName\": \"dolore labore\",\n        \"DocTypeName\": \"reprehenderit dolor eiusmod\",\n        \"KeywordData\": [\n          {\n            \"Keyword\": \"do sed aliquip nulla amet\",\n            \"KeywordValue\": \"deserunt dolor labore dolor\",\n            \"KeywordId\": \"id ve\",\n            \"KeywordGroup\": \"eiusmod dolor irure nulla sit\",\n            \"KeywordGroupName\": \"consequat Lorem in anim\"\n          },\n          {\n            \"Keyword\": \"occaecat deserunt nisi\",\n            \"KeywordValue\": \"voluptate consequat Duis et sunt\",\n            \"KeywordId\": \"nostrud mollit eu ea in\",\n            \"KeywordGroup\": \"magna in cupidatat dolore Excepteur\",\n            \"KeywordGroupName\": \"mollit voluptate a\"\n          }\n        ],\n        \"SearchableKeyword\": [\n          {\n            \"Keyword\": \"nulla\",\n            \"SearchFlag\": false\n          },\n          {\n            \"Keyword\": \"dolor\",\n            \"SearchFlag\": false\n          }\n        ],\n        \"BatchNum\": \"non\",\n        \"TotalPageNum\": -27461092,\n        \"PageData\": [\n          {\n            \"PageNum\": 50404232,\n            \"PageFormat\": \"PDF\",\n            \"PageValue\": {\n              \"value\": \"<Error: Too many levels of nesting to fake this schema>\"\n            }\n          },\n          {\n            \"PageNum\": 57348234,\n            \"PageFormat\": \"PNG\",\n            \"PageValue\": {\n              \"value\": \"<Error: Too many levels of nesting to fake this schema>\"\n            }\n          }\n        ]\n      },\n      \"DocumentKeys\": {\n        \"DocumentId\": \"dolore aute\"\n      },\n      \"DocumentStatus\": {\n        \"DocumentStatusCode\": \"Valid\",\n        \"EffDt\": \"9844-32-99\"\n      }\n    }\n  ],\n  \"Status\": {\n    \"Severity\": \"Error\",\n    \"StatusCode\": \"in eli\",\n    \"StatusDesc\": \"quis ad veniam\",\n    \"SvcProviderName\": \"sunt\",\n    \"Id\": \"non sint\",\n    \"ServerStatusCode\": \"cul\",\n    \"ServerStatusDesc\": \"dolor Excepteur aute\",\n    \"OvrdExceptionInd\": true,\n    \"SubjectRole\": \"cupida\",\n    \"SubjectElement\": [\n      {\n        \"Path\": \"et ea esse ut\",\n        \"ServerPath\": \"mollit ea\",\n        \"Value\": \"dolor in ea laborum\"\n      },\n      {\n        \"Path\": \"nulla reprehenderit\",\n        \"ServerPath\": \"elit pariatur ad laborum\",\n        \"Value\": \"sed reprehenderit occaecat eiusmod\"\n      }\n    ],\n    \"ContentHTML\": \"culpa consectetur id\",\n    \"AdditionalStatus\": [\n      {\n        \"StatusCode\": \"Ut laborum fugia\",\n        \"StatusDesc\": \"laborum aute esse ut\",\n        \"Severity\": \"Warning\",\n        \"SvcProviderName\": \"laborum cillum eu\",\n        \"ServerStatusCode\": \"exe\",\n        \"ServerStatusDesc\": \"ex fugiat culpa\",\n        \"OvrdExceptionInd\": true,\n        \"SubjectElement\": [\n          {\n            \"Path\": \"nostrud consectetur\",\n            \"ServerPath\": \"ad enim id\",\n            \"Value\": \"c\"\n          },\n          {\n            \"Path\": \"sed nisi\",\n            \"ServerPath\": \"cupidatat incididunt dolore sit\",\n            \"Value\": \"amet\"\n          }\n        ]\n      },\n      {\n        \"StatusCode\": \"nulla nostrud\",\n        \"StatusDesc\": \"officia ad\",\n        \"Severity\": \"Warning\",\n        \"SvcProviderName\": \"Ut ut\",\n        \"ServerStatusCode\": \"te\",\n        \"ServerStatusDesc\": \"ut fugiat mollit\",\n        \"OvrdExceptionInd\": true,\n        \"SubjectElement\": [\n          {\n            \"Path\": \"sit occaecat adipisicing esse et\",\n            \"ServerPath\": \"ipsum est dolo\",\n            \"Value\": \"reprehenderit culpa quis veniam\"\n          },\n          {\n            \"Path\": \"occaecat nulla\",\n            \"ServerPath\": \"laborum mollit labore laboris\",\n            \"Value\": \"magna commodo aliquip\"\n          }\n        ]\n      }\n    ]\n  },\n  \"RecCtrlOut\": {\n    \"SentRecCount\": -93083791,\n    \"RemainRecCount\": -39121127,\n    \"Cursor\": \"Duis est elit\"\n  }\n}","cookie":[],"_postman_previewlanguage":"json"}],"event":[],"protocolProfileBehavior":{"disableBodyPruning":true}},{"id":"f810bbec-08a7-4314-b4c7-d8b715e9336c","name":"Get Document List.","request":{"name":"Get Document List.","description":{"content":"Get Document List API retrieves a single or list of document identifiers from the document management system, Director or Nautilus, as applicable using various properties of the document including group name or id, date range, keywords. <br>Once the response is received, it can be narrowed down or the document identifier used to retrieve the actual document using Get Document API.","type":"text/plain"},"url":{"path":["documentservice","document","document","secured","list"],"host":["{{baseUrl}}"],"query":[],"variable":[]},"header":[{"disabled":false,"description":"(Required) EFX Header is a common and required component for all API calls, it contains client-related parameters. Please note that the header parameters should be sent as a JSON object under the EFXHeader parameter. To view the list of header parameters, <a href=\"../docs?path=docs/api-ref-EFX-header.md\" title=\"Click to open\"> click here.</a>","key":"EFXHeader","value":"OrganizationId,<string>,TrnId,<string>,VendorId,<string>,Context,[object Object]"},{"key":"Content-Type","value":"application/json"},{"key":"Accept","value":"application/json"}],"method":"POST","auth":null,"body":{"mode":"raw","raw":"{\n  \"DocumentListSel\": {\n    \"DocSelCriteria\": {\n      \"DocSelType\": \"<string>\",\n      \"DocSelValue\": \"<string>\"\n    },\n    \"DtRange\": {\n      \"StartDt\": \"<string>\",\n      \"EndDt\": \"<string>\"\n    },\n    \"KeywordSel\": [\n      {\n        \"Keyword\": \"<string>\",\n        \"KeywordValue\": \"<string>\",\n        \"Operand\": \"<string>\",\n        \"AndorOr\": \"<string>\"\n      },\n      {\n        \"Keyword\": \"<string>\",\n        \"KeywordValue\": \"<string>\",\n        \"Operand\": \"<string>\",\n        \"AndorOr\": \"<string>\"\n      }\n    ],\n    \"DocProperties\": [\n      {\n        \"IncDocPropertyInd\": \"<boolean>\",\n        \"DocPropertyType\": \"<string>\"\n      },\n      {\n        \"IncDocPropertyInd\": \"<boolean>\",\n        \"DocPropertyType\": \"<string>\"\n      }\n    ]\n  }\n}","options":{"raw":{"language":"json"}}}},"response":[{"id":"fd3ec129-c2f6-4827-8469-472f7880e7f4","name":"Success","originalRequest":{"url":{"path":["documentservice","document","document","secured","list"],"host":["{{baseUrl}}"],"query":[],"variable":[]},"header":[{"disabled":false,"description":"(Required) EFX Header is a common and required component for all API calls, it contains client-related parameters. Please note that the header parameters should be sent as a JSON object under the EFXHeader parameter. To view the list of header parameters, <a href=\"../docs?path=docs/api-ref-EFX-header.md\" title=\"Click to open\"> click here.</a>","key":"EFXHeader","value":"OrganizationId,<string>,TrnId,<string>,VendorId,<string>,Context,[object Object]"},{"key":"Accept","value":"application/json"}],"method":"POST","body":{"mode":"raw","raw":"{\n  \"DocumentListSel\": {\n    \"DocSelCriteria\": {\n      \"DocSelType\": \"<string>\",\n      \"DocSelValue\": \"<string>\"\n    },\n    \"DtRange\": {\n      \"StartDt\": \"<string>\",\n      \"EndDt\": \"<string>\"\n    },\n    \"KeywordSel\": [\n      {\n        \"Keyword\": \"<string>\",\n        \"KeywordValue\": \"<string>\",\n        \"Operand\": \"<string>\",\n        \"AndorOr\": \"<string>\"\n      },\n      {\n        \"Keyword\": \"<string>\",\n        \"KeywordValue\": \"<string>\",\n        \"Operand\": \"<string>\",\n        \"AndorOr\": \"<string>\"\n      }\n    ],\n    \"DocProperties\": [\n      {\n        \"IncDocPropertyInd\": \"<boolean>\",\n        \"DocPropertyType\": \"<string>\"\n      },\n      {\n        \"IncDocPropertyInd\": \"<boolean>\",\n        \"DocPropertyType\": \"<string>\"\n      }\n    ]\n  }\n}","options":{"raw":{"language":"json"}}}},"status":"OK","code":200,"header":[{"key":"Content-Type","value":"application/json"}],"body":"{\n  \"DocumentListRec\": [\n    {\n      \"DocumentKeys\": {\n        \"DocumentId\": \"sint\",\n        \"SvcIdent\": {}\n      },\n      \"DocumentListInfo\": {\n        \"DocName\": \"minim exercitation\",\n        \"CreatedDt\": \"0507-49-90\",\n        \"RevisionDt\": \"1979-05-05\",\n        \"RevisionId\": -19372798,\n        \"MaxRevisionId\": -34152385,\n        \"OriginalStoredDt\": \"1999-07-17\",\n        \"DocGroupTypeName\": -16647994,\n        \"DocTypeName\": -43898017,\n        \"KeywordData\": [\n          {\n            \"Keyword\": \"incididunt irure aute sint ullamco\",\n            \"KeywordValue\": \"aute in et\",\n            \"KeywordId\": \"consequa\",\n            \"KeywordGroup\": \"ex pariatur deserunt culpa\",\n            \"KeywordGroupName\": \"adipisicing\"\n          },\n          {\n            \"Keyword\": \"minim dolor culpa magna\",\n            \"KeywordValue\": \"magna proident\",\n            \"KeywordId\": \"aute sint ut\",\n            \"KeywordGroup\": \"irure in Excepteur occaecat\",\n            \"KeywordGroupName\": \"dolor veniam magna exe\"\n          }\n        ],\n        \"SearchableKeyword\": [\n          {\n            \"Keyword\": \"ea Duis\",\n            \"SearchFlag\": true\n          },\n          {\n            \"Keyword\": \"dolor cillum nostrud magna sunt\",\n            \"SearchFlag\": true\n          }\n        ],\n        \"BatchNum\": \"occ\",\n        \"TotalPageNum\": 76908071\n      },\n      \"DocumentStatus\": {\n        \"DocumentStatusCode\": \"Valid\",\n        \"EffDt\": \"7461-88-97\"\n      }\n    },\n    {\n      \"DocumentKeys\": {\n        \"DocumentId\": \"qui non est \",\n        \"SvcIdent\": {}\n      },\n      \"DocumentListInfo\": {\n        \"DocName\": \"est aliqua\",\n        \"CreatedDt\": \"8316-41-68\",\n        \"RevisionDt\": \"1955-08-08\",\n        \"RevisionId\": -44652433,\n        \"MaxRevisionId\": -4599512,\n        \"OriginalStoredDt\": \"2006-02-26\",\n        \"DocGroupTypeName\": -27295623,\n        \"DocTypeName\": 24634893,\n        \"KeywordData\": [\n          {\n            \"Keyword\": \"ad tempor\",\n            \"KeywordValue\": \"adipisicing officia ullamco\",\n            \"KeywordId\": \"eiusmod ad\",\n            \"KeywordGroup\": \"Excepteur veniam minim ad\",\n            \"KeywordGroupName\": \"minim\"\n          },\n          {\n            \"Keyword\": \"aute culpa\",\n            \"KeywordValue\": \"fugiat\",\n            \"KeywordId\": \"quis laboris\",\n            \"KeywordGroup\": \"minim Ut exercitation veniam\",\n            \"KeywordGroupName\": \"esse sint\"\n          }\n        ],\n        \"SearchableKeyword\": [\n          {\n            \"Keyword\": \"proident eiusmod d\",\n            \"SearchFlag\": true\n          },\n          {\n            \"Keyword\": \"amet laboris dolore\",\n            \"SearchFlag\": true\n          }\n        ],\n        \"BatchNum\": \"labore Excepteur v\",\n        \"TotalPageNum\": 38380702\n      },\n      \"DocumentStatus\": {\n        \"DocumentStatusCode\": \"Valid\",\n        \"EffDt\": \"4385-59-38\"\n      }\n    }\n  ],\n  \"Status\": {\n    \"Severity\": \"Warning\",\n    \"StatusCode\": \"commodo proident mo\",\n    \"StatusDesc\": \"anim fugiat laboris\",\n    \"SvcProviderName\": \"nostrud sed labore\",\n    \"Id\": \"proident\",\n    \"ServerStatusCode\": \"ipsum in\",\n    \"ServerStatusDesc\": \"laboris sunt eiusmod\",\n    \"OvrdExceptionInd\": true,\n    \"SubjectRole\": \"cillum ut\",\n    \"SubjectElement\": [\n      {\n        \"Path\": \"et veniam ut\",\n        \"ServerPath\": \"enim ut dolor\",\n        \"Value\": \"incididunt enim\"\n      },\n      {\n        \"Path\": \"\",\n        \"ServerPath\": \"tempor dolor dolor pariatur veniam\",\n        \"Value\": \"non v\"\n      }\n    ],\n    \"ContentHTML\": \"et officia nisi\",\n    \"AdditionalStatus\": [\n      {\n        \"StatusCode\": \"Excepteur\",\n        \"StatusDesc\": \"incididunt\",\n        \"Severity\": \"Info\",\n        \"SvcProviderName\": \"ea consectetur\",\n        \"ServerStatusCode\": \"in quis\",\n        \"ServerStatusDesc\": \"qui Excepteur consectetur consequat incididunt\",\n        \"OvrdExceptionInd\": false,\n        \"SubjectElement\": [\n          {\n            \"Path\": \"laboris\",\n            \"ServerPath\": \"ipsum Duis voluptate sint\",\n            \"Value\": \"proident ut cill\"\n          },\n          {\n            \"Path\": \"fugiat elit Excepteur dolor\",\n            \"ServerPath\": \"qui aliquip\",\n            \"Value\": \"elit Excepteur nulla aliquip\"\n          }\n        ]\n      },\n      {\n        \"StatusCode\": \"qui consec\",\n        \"StatusDesc\": \"non dolore adipisicing de\",\n        \"Severity\": \"Warning\",\n        \"SvcProviderName\": \"ea pariatur ut ex proident\",\n        \"ServerStatusCode\": \"id nisi\",\n        \"ServerStatusDesc\": \"Lorem cupidatat consectetur in\",\n        \"OvrdExceptionInd\": true,\n        \"SubjectElement\": [\n          {\n            \"Path\": \"reprehenderit veniam mollit id\",\n            \"ServerPath\": \"do pariatur\",\n            \"Value\": \"sint adipisicing co\"\n          },\n          {\n            \"Path\": \"velit qui culpa nostrud\",\n            \"ServerPath\": \"eiusmod culpa est mollit\",\n            \"Value\": \"non amet\"\n          }\n        ]\n      }\n    ]\n  },\n  \"RecCtrlOut\": {\n    \"SentRecCount\": -49697532,\n    \"RemainRecCount\": 93124525\n  }\n}","cookie":[],"_postman_previewlanguage":"json"},{"id":"7584cd5d-1aa5-4b5d-b209-02397da9ba41","name":"To view the complete list of response codes, <a href=\"../docs/?path=docs/response-codes.md\" title=\"Click to open\">click here.</a>","originalRequest":{"url":{"path":["documentservice","document","document","secured","list"],"host":["{{baseUrl}}"],"query":[],"variable":[]},"header":[{"disabled":false,"description":"(Required) EFX Header is a common and required component for all API calls, it contains client-related parameters. Please note that the header parameters should be sent as a JSON object under the EFXHeader parameter. To view the list of header parameters, <a href=\"../docs?path=docs/api-ref-EFX-header.md\" title=\"Click to open\"> click here.</a>","key":"EFXHeader","value":"OrganizationId,<string>,TrnId,<string>,VendorId,<string>,Context,[object Object]"},{"key":"Accept","value":"application/json"}],"method":"POST","body":{"mode":"raw","raw":"{\n  \"DocumentListSel\": {\n    \"DocSelCriteria\": {\n      \"DocSelType\": \"<string>\",\n      \"DocSelValue\": \"<string>\"\n    },\n    \"DtRange\": {\n      \"StartDt\": \"<string>\",\n      \"EndDt\": \"<string>\"\n    },\n    \"KeywordSel\": [\n      {\n        \"Keyword\": \"<string>\",\n        \"KeywordValue\": \"<string>\",\n        \"Operand\": \"<string>\",\n        \"AndorOr\": \"<string>\"\n      },\n      {\n        \"Keyword\": \"<string>\",\n        \"KeywordValue\": \"<string>\",\n        \"Operand\": \"<string>\",\n        \"AndorOr\": \"<string>\"\n      }\n    ],\n    \"DocProperties\": [\n      {\n        \"IncDocPropertyInd\": \"<boolean>\",\n        \"DocPropertyType\": \"<string>\"\n      },\n      {\n        \"IncDocPropertyInd\": \"<boolean>\",\n        \"DocPropertyType\": \"<string>\"\n      }\n    ]\n  }\n}","options":{"raw":{"language":"json"}}}},"status":"Internal Server Error","code":500,"header":[{"key":"Content-Type","value":"application/json"}],"body":"{\n  \"DocumentListRec\": [\n    {\n      \"DocumentKeys\": {\n        \"DocumentId\": \"officia\",\n        \"SvcIdent\": {}\n      },\n      \"DocumentListInfo\": {\n        \"DocName\": \"laboris\",\n        \"CreatedDt\": \"1349-19-34\",\n        \"RevisionDt\": \"2008-09-19\",\n        \"RevisionId\": -92716012,\n        \"MaxRevisionId\": 88221517,\n        \"OriginalStoredDt\": \"2000-03-23\",\n        \"DocGroupTypeName\": 23794684,\n        \"DocTypeName\": 40314200,\n        \"KeywordData\": [\n          {\n            \"Keyword\": \"ex\",\n            \"KeywordValue\": \"aliquip do laborum\",\n            \"KeywordId\": \"\",\n            \"KeywordGroup\": \"consectetur proident ut nulla\",\n            \"KeywordGroupName\": \"esse quis sit adipisicing aliquip\"\n          },\n          {\n            \"Keyword\": \"esse nisi ea ut\",\n            \"KeywordValue\": \"nulla ipsum\",\n            \"KeywordId\": \"in consequat\",\n            \"KeywordGroup\": \"adipisicing ut voluptate\",\n            \"KeywordGroupName\": \"mi\"\n          }\n        ],\n        \"SearchableKeyword\": [\n          {\n            \"Keyword\": \"occaecat dolore aliquip minim reprehenderit\",\n            \"SearchFlag\": false\n          },\n          {\n            \"Keyword\": \"dolore velit anim\",\n            \"SearchFlag\": false\n          }\n        ],\n        \"BatchNum\": \"aliquip velit\",\n        \"TotalPageNum\": 60668196\n      },\n      \"DocumentStatus\": {\n        \"DocumentStatusCode\": \"Valid\",\n        \"EffDt\": \"7747-97-36\"\n      }\n    },\n    {\n      \"DocumentKeys\": {\n        \"DocumentId\": \"aut\",\n        \"SvcIdent\": {}\n      },\n      \"DocumentListInfo\": {\n        \"DocName\": \"culpa fug\",\n        \"CreatedDt\": \"2519-98-00\",\n        \"RevisionDt\": \"1973-07-14\",\n        \"RevisionId\": 77734777,\n        \"MaxRevisionId\": 2328647,\n        \"OriginalStoredDt\": \"1984-10-25\",\n        \"DocGroupTypeName\": -76848541,\n        \"DocTypeName\": 17081321,\n        \"KeywordData\": [\n          {\n            \"Keyword\": \"anim est sint\",\n            \"KeywordValue\": \"reprehenderit proident nostrud\",\n            \"KeywordId\": \"id velit ea\",\n            \"KeywordGroup\": \"proident dolore\",\n            \"KeywordGroupName\": \"consectetur in\"\n          },\n          {\n            \"Keyword\": \"aute est id\",\n            \"KeywordValue\": \"in consectetur eu dolore officia\",\n            \"KeywordId\": \"dolor i\",\n            \"KeywordGroup\": \"laborum fugiat minim nulla sit\",\n            \"KeywordGroupName\": \"labore pro\"\n          }\n        ],\n        \"SearchableKeyword\": [\n          {\n            \"Keyword\": \"in sunt et\",\n            \"SearchFlag\": true\n          },\n          {\n            \"Keyword\": \"Excepteur ut ipsum consequat\",\n            \"SearchFlag\": false\n          }\n        ],\n        \"BatchNum\": \"do velit\",\n        \"TotalPageNum\": 93345328\n      },\n      \"DocumentStatus\": {\n        \"DocumentStatusCode\": \"Valid\",\n        \"EffDt\": \"3430-52-00T79:14\"\n      }\n    }\n  ],\n  \"Status\": {\n    \"Severity\": \"Info\",\n    \"StatusCode\": \"labori\",\n    \"StatusDesc\": \"id tempor\",\n    \"SvcProviderName\": \"sed ad consectetur mollit\",\n    \"Id\": \"incididunt nulla enim dolore\",\n    \"ServerStatusCode\": \"laboris dolor enim\",\n    \"ServerStatusDesc\": \"nisi\",\n    \"OvrdExceptionInd\": false,\n    \"SubjectRole\": \"in commodo adipisicing nulla\",\n    \"SubjectElement\": [\n      {\n        \"Path\": \"incididunt enim\",\n        \"ServerPath\": \"nulla\",\n        \"Value\": \"paria\"\n      },\n      {\n        \"Path\": \"ea eu dolor\",\n        \"ServerPath\": \"dolore consequat\",\n        \"Value\": \"sint labore\"\n      }\n    ],\n    \"ContentHTML\": \"sint\",\n    \"AdditionalStatus\": [\n      {\n        \"StatusCode\": \"nostrud dolor o\",\n        \"StatusDesc\": \"irure laborum laboris elit\",\n        \"Severity\": \"Warning\",\n        \"SvcProviderName\": \"dolor adipisicing\",\n        \"ServerStatusCode\": \"repre\",\n        \"ServerStatusDesc\": \"et Ut officia\",\n        \"OvrdExceptionInd\": false,\n        \"SubjectElement\": [\n          {\n            \"Path\": \"et nulla\",\n            \"ServerPath\": \"proident cupidatat\",\n            \"Value\": \"cillum ullamco veniam\"\n          },\n          {\n            \"Path\": \"Ut ea laborum\",\n            \"ServerPath\": \"aliquip Duis\",\n            \"Value\": \"aute minim\"\n          }\n        ]\n      },\n      {\n        \"StatusCode\": \"in\",\n        \"StatusDesc\": \"adipisicing dolor consequat nulla\",\n        \"Severity\": \"Error\",\n        \"SvcProviderName\": \"velit consequat in elit\",\n        \"ServerStatusCode\": \"sed ani\",\n        \"ServerStatusDesc\": \"eiusmod laboris nisi\",\n        \"OvrdExceptionInd\": true,\n        \"SubjectElement\": [\n          {\n            \"Path\": \"consectetur\",\n            \"ServerPath\": \"consectetur deserunt adipisicing dolore\",\n            \"Value\": \"esse occaecat veniam\"\n          },\n          {\n            \"Path\": \"nostrud minim consequat mollit\",\n            \"ServerPath\": \"occaecat dolore sit\",\n            \"Value\": \"consectetur tempor \"\n          }\n        ]\n      }\n    ]\n  },\n  \"RecCtrlOut\": {\n    \"SentRecCount\": 62209944,\n    \"RemainRecCount\": 60710923\n  }\n}","cookie":[],"_postman_previewlanguage":"json"}],"event":[],"protocolProfileBehavior":{"disableBodyPruning":true}}],"event":[]}],"event":[]}],"event":[],"variable":[{"type":"string","value":"/","key":"baseUrl"}],"info":{"_postman_id":"fcf3fe59-1137-4855-ad95-98a7317253b0","name":"DocumentService","schema":"https://schema.getpostman.com/json/collection/v2.1.0/collection.json","description":{"content":"Document service contains opertaion that are related to document management. <br>\nFinancial Institution can have number of documents saved in the database which can include Account Statements, Verification Documents, Internal Bank Documents, Interest Certificates, Statutory (Audit Certificates, Tax Certificates, Payment Receipts)Documents, Staff Documents and so on. This service helps in maintaing these documents.","type":"text/plain"}}}