{"item":[{"id":"cd11ae50-8402-4179-a294-c12b18811342","name":"epreferenceservice/epreference/ePreferences","item":[{"id":"f20ce3ab-ea30-4657-99b4-aa3115ddf3e2","name":"Update ePreference.","request":{"name":"Update ePreference.","description":{"content":"Update ePreference API modifies the electronic preferences for statements and notice distributions for the selected account.","type":"text/plain"},"url":{"path":["epreferenceservice","epreference","ePreferences"],"host":["{{baseUrl}}"],"query":[],"variable":[]},"header":[{"disabled":false,"description":"(Required) EFX Header is a common and required component for all API calls, it contains client-related parameters. Please note that the header parameters should be sent as a JSON object under the EFXHeader parameter. To view the list of header parameters, <a href=\"../docs?path=docs/api-ref-EFX-header.md\" title=\"Click to open\"> click here.</a>","key":"EFXHeader","value":"OrganizationId,<string>,TrnId,<string>,VendorId,<string>,Context,[object Object]"},{"key":"Content-Type","value":"application/json"},{"key":"Accept","value":"application/json"}],"method":"PUT","auth":null,"body":{"mode":"raw","raw":"{\n  \"ePreferenceInfo\": {\n    \"PartyKeys\": {\n      \"PartyId\": \"<string>\"\n    },\n    \"DocGroupName\": \"<string>\",\n    \"Pswd\": \"<string>\",\n    \"StmtPrepCode\": \"<string>\",\n    \"StmtTruncationOption\": \"<string>\",\n    \"NoticeData\": [\n      {\n        \"NoticeType\": \"<string>\",\n        \"NoticeOption\": \"<string>\"\n      },\n      {\n        \"NoticeType\": \"<string>\",\n        \"NoticeOption\": \"<string>\"\n      }\n    ],\n    \"EmailLink\": [\n      {\n        \"Email\": {\n          \"EmailType\": \"<string>\",\n          \"EmailAddr\": \"<string>\"\n        }\n      },\n      {\n        \"Email\": {\n          \"EmailType\": \"<string>\",\n          \"EmailAddr\": \"<string>\"\n        }\n      }\n    ]\n  },\n  \"ePreferenceKeys\": {\n    \"AcctKeys\": {\n      \"AcctId\": \"<string>\",\n      \"AcctType\": \"<string>\"\n    },\n    \"ePreferenceIdent\": \"<string>\"\n  },\n  \"OvrdEXceptionData\": {\n    \"OvrdAutoAckInd\": \"<boolean>\"\n  }\n}","options":{"raw":{"language":"json"}}}},"response":[{"id":"64972a84-63d7-48a3-82f6-7a364d7cd476","name":"Success","originalRequest":{"url":{"path":["epreferenceservice","epreference","ePreferences"],"host":["{{baseUrl}}"],"query":[],"variable":[]},"header":[{"disabled":false,"description":"(Required) EFX Header is a common and required component for all API calls, it contains client-related parameters. Please note that the header parameters should be sent as a JSON object under the EFXHeader parameter. To view the list of header parameters, <a href=\"../docs?path=docs/api-ref-EFX-header.md\" title=\"Click to open\"> click here.</a>","key":"EFXHeader","value":"OrganizationId,<string>,TrnId,<string>,VendorId,<string>,Context,[object Object]"},{"key":"Accept","value":"application/json"}],"method":"PUT","body":{"mode":"raw","raw":"{\n  \"ePreferenceInfo\": {\n    \"PartyKeys\": {\n      \"PartyId\": \"<string>\"\n    },\n    \"DocGroupName\": \"<string>\",\n    \"Pswd\": \"<string>\",\n    \"StmtPrepCode\": \"<string>\",\n    \"StmtTruncationOption\": \"<string>\",\n    \"NoticeData\": [\n      {\n        \"NoticeType\": \"<string>\",\n        \"NoticeOption\": \"<string>\"\n      },\n      {\n        \"NoticeType\": \"<string>\",\n        \"NoticeOption\": \"<string>\"\n      }\n    ],\n    \"EmailLink\": [\n      {\n        \"Email\": {\n          \"EmailType\": \"<string>\",\n          \"EmailAddr\": \"<string>\"\n        }\n      },\n      {\n        \"Email\": {\n          \"EmailType\": \"<string>\",\n          \"EmailAddr\": \"<string>\"\n        }\n      }\n    ]\n  },\n  \"ePreferenceKeys\": {\n    \"AcctKeys\": {\n      \"AcctId\": \"<string>\",\n      \"AcctType\": \"<string>\"\n    },\n    \"ePreferenceIdent\": \"<string>\"\n  },\n  \"OvrdEXceptionData\": {\n    \"OvrdAutoAckInd\": \"<boolean>\"\n  }\n}","options":{"raw":{"language":"json"}}}},"status":"OK","code":200,"header":[{"key":"Content-Type","value":"application/json"}],"body":"{\n  \"ePreferenceStatusRec\": {\n    \"ePreferenceKeys\": [\n      {\n        \"AcctKeys\": {\n          \"AcctId\": \"officia Lorem esse\",\n          \"AcctType\": \"mollit eiusmod commodo velit n\"\n        },\n        \"ePreferenceIdent\": \"\"\n      },\n      {\n        \"AcctKeys\": {\n          \"AcctId\": \"Lorem aute quis velit\",\n          \"AcctType\": \"ea\"\n        },\n        \"ePreferenceIdent\": \"incididunt\"\n      }\n    ],\n    \"ePreferenceStatus\": {\n      \"ePreferenceStatusCode\": \"Valid\",\n      \"EffDt\": \"6584-31-05\"\n    }\n  },\n  \"Status\": {\n    \"Severity\": \"Error\",\n    \"StatusCode\": \"enim ut\",\n    \"StatusDesc\": \"veniam eu officia eiusmod ut\",\n    \"SvcProviderName\": \"nulla magna minim incididunt\",\n    \"Id\": \"quis adipisicing commodo\",\n    \"ServerStatusCode\": \"mi\",\n    \"ServerStatusDesc\": \"dolor exercitation aliqua\",\n    \"OvrdExceptionInd\": false,\n    \"SubjectRole\": \"laboris amet aute aliqua\",\n    \"SubjectElement\": [\n      {\n        \"Path\": \"occaecat quis deserunt\",\n        \"ServerPath\": \"quis aute consectetur anim\",\n        \"Value\": \"nostrud\"\n      },\n      {\n        \"Path\": \"cillum Excepteur\",\n        \"ServerPath\": \"consectetur voluptate magna exercitation\",\n        \"Value\": \"fugiat\"\n      }\n    ],\n    \"ContentHTML\": \"commodo veniam\",\n    \"AdditionalStatus\": [\n      {\n        \"StatusCode\": \"aliquip deserunt\",\n        \"StatusDesc\": \"ad Ut commodo velit\",\n        \"Severity\": \"Error\",\n        \"SvcProviderName\": \"deserunt laboris enim\",\n        \"ServerStatusCode\": \"labori\",\n        \"ServerStatusDesc\": \"eiusmod ad aliquip culpa\",\n        \"OvrdExceptionInd\": false,\n        \"SubjectElement\": [\n          {\n            \"Path\": \"incididunt laboris elit Excepteur\",\n            \"ServerPath\": \"cillum proident\",\n            \"Value\": \"consequat mollit reprehenderit minim aliquip\"\n          },\n          {\n            \"Path\": \"adipisicing elit\",\n            \"ServerPath\": \"magna sunt minim\",\n            \"Value\": \"mollit\"\n          }\n        ]\n      },\n      {\n        \"StatusCode\": \"dolo\",\n        \"StatusDesc\": \"mollit commodo amet pariatur\",\n        \"Severity\": \"Error\",\n        \"SvcProviderName\": \"ad sed sint sit\",\n        \"ServerStatusCode\": \"anim adipisicin\",\n        \"ServerStatusDesc\": \"qui quis in labore\",\n        \"OvrdExceptionInd\": true,\n        \"SubjectElement\": [\n          {\n            \"Path\": \"veniam ut occaecat sint\",\n            \"ServerPath\": \"a\",\n            \"Value\": \"ipsum\"\n          },\n          {\n            \"Path\": \"ut dolore occaecat velit\",\n            \"ServerPath\": \"reprehenderit enim voluptate dolore anim\",\n            \"Value\": \"dolore deserunt mollit pariatur\"\n          }\n        ]\n      }\n    ]\n  }\n}","cookie":[],"_postman_previewlanguage":"json"},{"id":"dc4296a6-a3ae-4002-bedf-f8db12e97116","name":"To view the complete list of response codes, <a href=\"../docs/?path=docs/response-codes.md\" title=\"Click to open\">click here.</a>","originalRequest":{"url":{"path":["epreferenceservice","epreference","ePreferences"],"host":["{{baseUrl}}"],"query":[],"variable":[]},"header":[{"disabled":false,"description":"(Required) EFX Header is a common and required component for all API calls, it contains client-related parameters. Please note that the header parameters should be sent as a JSON object under the EFXHeader parameter. To view the list of header parameters, <a href=\"../docs?path=docs/api-ref-EFX-header.md\" title=\"Click to open\"> click here.</a>","key":"EFXHeader","value":"OrganizationId,<string>,TrnId,<string>,VendorId,<string>,Context,[object Object]"},{"key":"Accept","value":"application/json"}],"method":"PUT","body":{"mode":"raw","raw":"{\n  \"ePreferenceInfo\": {\n    \"PartyKeys\": {\n      \"PartyId\": \"<string>\"\n    },\n    \"DocGroupName\": \"<string>\",\n    \"Pswd\": \"<string>\",\n    \"StmtPrepCode\": \"<string>\",\n    \"StmtTruncationOption\": \"<string>\",\n    \"NoticeData\": [\n      {\n        \"NoticeType\": \"<string>\",\n        \"NoticeOption\": \"<string>\"\n      },\n      {\n        \"NoticeType\": \"<string>\",\n        \"NoticeOption\": \"<string>\"\n      }\n    ],\n    \"EmailLink\": [\n      {\n        \"Email\": {\n          \"EmailType\": \"<string>\",\n          \"EmailAddr\": \"<string>\"\n        }\n      },\n      {\n        \"Email\": {\n          \"EmailType\": \"<string>\",\n          \"EmailAddr\": \"<string>\"\n        }\n      }\n    ]\n  },\n  \"ePreferenceKeys\": {\n    \"AcctKeys\": {\n      \"AcctId\": \"<string>\",\n      \"AcctType\": \"<string>\"\n    },\n    \"ePreferenceIdent\": \"<string>\"\n  },\n  \"OvrdEXceptionData\": {\n    \"OvrdAutoAckInd\": \"<boolean>\"\n  }\n}","options":{"raw":{"language":"json"}}}},"status":"Internal Server Error","code":500,"header":[{"key":"Content-Type","value":"application/json"}],"body":"{\n  \"ePreferenceStatusRec\": {\n    \"ePreferenceKeys\": [\n      {\n        \"AcctKeys\": {\n          \"AcctId\": \"eiu\",\n          \"AcctType\": \"nostrud Duis proident mollit irure\"\n        },\n        \"ePreferenceIdent\": \"fugiat amet\"\n      },\n      {\n        \"AcctKeys\": {\n          \"AcctId\": \"esse sit ni\",\n          \"AcctType\": \"dolor ut occaecat\"\n        },\n        \"ePreferenceIdent\": \"anim consectet\"\n      }\n    ],\n    \"ePreferenceStatus\": {\n      \"ePreferenceStatusCode\": \"Valid\",\n      \"EffDt\": \"1847-01-27\"\n    }\n  },\n  \"Status\": {\n    \"Severity\": \"Info\",\n    \"StatusCode\": \"ut sunt\",\n    \"StatusDesc\": \"enim\",\n    \"SvcProviderName\": \"esse veniam voluptate deserunt\",\n    \"Id\": \"esse deserunt do tempor\",\n    \"ServerStatusCode\": \"incididunt \",\n    \"ServerStatusDesc\": \"Excepteur\",\n    \"OvrdExceptionInd\": true,\n    \"SubjectRole\": \"officia sint qui culpa dolore\",\n    \"SubjectElement\": [\n      {\n        \"Path\": \"dolore sed exercitation\",\n        \"ServerPath\": \"consectetur\",\n        \"Value\": \"nisi aliqua consectetur ut Duis\"\n      },\n      {\n        \"Path\": \"in esse culpa commodo\",\n        \"ServerPath\": \"deserunt nisi pariatur veniam\",\n        \"Value\": \"in culpa\"\n      }\n    ],\n    \"ContentHTML\": \"ullamco cillum\",\n    \"AdditionalStatus\": [\n      {\n        \"StatusCode\": \"tempor \",\n        \"StatusDesc\": \"Excepteur\",\n        \"Severity\": \"Warning\",\n        \"SvcProviderName\": \"sint consequat esse dolor\",\n        \"ServerStatusCode\": \"ad nostr\",\n        \"ServerStatusDesc\": \"anim exercitation in\",\n        \"OvrdExceptionInd\": true,\n        \"SubjectElement\": [\n          {\n            \"Path\": \"cillum in Excepteur\",\n            \"ServerPath\": \"ullamco occaecat qui Lorem\",\n            \"Value\": \"sunt aute\"\n          },\n          {\n            \"Path\": \"nostrud qui laborum in\",\n            \"ServerPath\": \"non sed commodo ipsum officia\",\n            \"Value\": \"ad eu aliquip\"\n          }\n        ]\n      },\n      {\n        \"StatusCode\": \"ullamc\",\n        \"StatusDesc\": \"aliquip consequat\",\n        \"Severity\": \"Warning\",\n        \"SvcProviderName\": \"proident cupidatat velit dolore\",\n        \"ServerStatusCode\": \"e\",\n        \"ServerStatusDesc\": \"irure exercitatio\",\n        \"OvrdExceptionInd\": false,\n        \"SubjectElement\": [\n          {\n            \"Path\": \"id sit\",\n            \"ServerPath\": \"consequat consectetur est\",\n            \"Value\": \"minim veniam dolor exercitation\"\n          },\n          {\n            \"Path\": \"proident\",\n            \"ServerPath\": \"proident veniam fugiat aliquip\",\n            \"Value\": \"nostrud eiusmod\"\n          }\n        ]\n      }\n    ]\n  }\n}","cookie":[],"_postman_previewlanguage":"json"}],"event":[],"protocolProfileBehavior":{"disableBodyPruning":true}},{"id":"34364402-6c7d-4278-8075-d54887f14f47","name":"Add ePreference.","request":{"name":"Add ePreference.","description":{"content":"Add ePreference API creates an ePreference record. <br> This API allows to set up electronic preferences for statements and notice distributions for the selected account.","type":"text/plain"},"url":{"path":["epreferenceservice","epreference","ePreferences"],"host":["{{baseUrl}}"],"query":[],"variable":[]},"header":[{"disabled":false,"description":"(Required) EFX Header is a common and required component for all API calls, it contains client-related parameters. Please note that the header parameters should be sent as a JSON object under the EFXHeader parameter. To view the list of header parameters, <a href=\"../docs?path=docs/api-ref-EFX-header.md\" title=\"Click to open\"> click here.</a>","key":"EFXHeader","value":"OrganizationId,<string>,TrnId,<string>,VendorId,<string>,Context,[object Object]"},{"key":"Content-Type","value":"application/json"},{"key":"Accept","value":"application/json"}],"method":"POST","auth":null,"body":{"mode":"raw","raw":"{\n  \"ePreferenceInfo\": {\n    \"PartyKeys\": {\n      \"PartyId\": \"<string>\"\n    },\n    \"AcctKeys\": {\n      \"AcctId\": \"<string>\",\n      \"AcctType\": \"<string>\"\n    },\n    \"DocGroupName\": \"<string>\",\n    \"Pswd\": \"<string>\",\n    \"StmtPrepCode\": \"<string>\",\n    \"StmtTruncationOption\": \"<string>\",\n    \"NoticeData\": [\n      {\n        \"NoticeType\": \"<string>\",\n        \"NoticeOption\": \"<string>\"\n      },\n      {\n        \"NoticeType\": \"<string>\",\n        \"NoticeOption\": \"<string>\"\n      }\n    ],\n    \"EmailLink\": [\n      {\n        \"Email\": {\n          \"EmailType\": \"<string>\",\n          \"EmailAddr\": \"<string>\"\n        }\n      },\n      {\n        \"Email\": {\n          \"EmailType\": \"<string>\",\n          \"EmailAddr\": \"<string>\"\n        }\n      }\n    ]\n  },\n  \"OvrdExceptionData\": {\n    \"OvrdAutoAckInd\": \"<boolean>\"\n  }\n}","options":{"raw":{"language":"json"}}}},"response":[{"id":"bf7f9eee-eb61-45de-aa69-edf94fc4f24c","name":"Created","originalRequest":{"url":{"path":["epreferenceservice","epreference","ePreferences"],"host":["{{baseUrl}}"],"query":[],"variable":[]},"header":[{"disabled":false,"description":"(Required) EFX Header is a common and required component for all API calls, it contains client-related parameters. Please note that the header parameters should be sent as a JSON object under the EFXHeader parameter. To view the list of header parameters, <a href=\"../docs?path=docs/api-ref-EFX-header.md\" title=\"Click to open\"> click here.</a>","key":"EFXHeader","value":"OrganizationId,<string>,TrnId,<string>,VendorId,<string>,Context,[object Object]"},{"key":"Accept","value":"application/json"}],"method":"POST","body":{"mode":"raw","raw":"{\n  \"ePreferenceInfo\": {\n    \"PartyKeys\": {\n      \"PartyId\": \"<string>\"\n    },\n    \"AcctKeys\": {\n      \"AcctId\": \"<string>\",\n      \"AcctType\": \"<string>\"\n    },\n    \"DocGroupName\": \"<string>\",\n    \"Pswd\": \"<string>\",\n    \"StmtPrepCode\": \"<string>\",\n    \"StmtTruncationOption\": \"<string>\",\n    \"NoticeData\": [\n      {\n        \"NoticeType\": \"<string>\",\n        \"NoticeOption\": \"<string>\"\n      },\n      {\n        \"NoticeType\": \"<string>\",\n        \"NoticeOption\": \"<string>\"\n      }\n    ],\n    \"EmailLink\": [\n      {\n        \"Email\": {\n          \"EmailType\": \"<string>\",\n          \"EmailAddr\": \"<string>\"\n        }\n      },\n      {\n        \"Email\": {\n          \"EmailType\": \"<string>\",\n          \"EmailAddr\": \"<string>\"\n        }\n      }\n    ]\n  },\n  \"OvrdExceptionData\": {\n    \"OvrdAutoAckInd\": \"<boolean>\"\n  }\n}","options":{"raw":{"language":"json"}}}},"status":"Created","code":201,"header":[{"key":"Content-Type","value":"application/json"}],"body":"{\n  \"ePreferenceStatusRec\": {\n    \"ePreferenceKeys\": [\n      {\n        \"AcctKeys\": {\n          \"AcctId\": \"cons\",\n          \"AcctType\": \"minim ad eu quis\"\n        },\n        \"ePreferenceIdent\": \"eiusmod ipsum \"\n      },\n      {\n        \"AcctKeys\": {\n          \"AcctId\": \"qu\",\n          \"AcctType\": \"eu\"\n        },\n        \"ePreferenceIdent\": \"labore in\"\n      }\n    ],\n    \"ePreferenceStatus\": {\n      \"ePreferenceStatusCode\": \"Valid\",\n      \"EffDt\": \"2439-17-06\"\n    }\n  },\n  \"Status\": {\n    \"Severity\": \"Error\",\n    \"StatusCode\": \"sed aliquip commod\",\n    \"StatusDesc\": \"id occaecat minim dolor\",\n    \"SvcProviderName\": \"do velit minim\",\n    \"Id\": \"enim quis\",\n    \"ServerStatusCode\": \"repre\",\n    \"ServerStatusDesc\": \"veniam magna fugiat eiusmod dolore\",\n    \"OvrdExceptionInd\": true,\n    \"SubjectRole\": \"non sint mollit\",\n    \"SubjectElement\": [\n      {\n        \"Path\": \"ad commodo ex mollit proident\",\n        \"ServerPath\": \"esse tempor magna\",\n        \"Value\": \"in consectetur ad culpa\"\n      },\n      {\n        \"Path\": \"occaecat eu minim ut\",\n        \"ServerPath\": \"officia occaecat incididunt aute pariatur\",\n        \"Value\": \"Ut do\"\n      }\n    ],\n    \"ContentHTML\": \"ex laboris esse in labore\",\n    \"AdditionalStatus\": [\n      {\n        \"StatusCode\": \"dolor\",\n        \"StatusDesc\": \"ea\",\n        \"Severity\": \"Info\",\n        \"SvcProviderName\": \"amet qui id\",\n        \"ServerStatusCode\": \"voluptate ven\",\n        \"ServerStatusDesc\": \"officia culpa aliquip ad sint\",\n        \"OvrdExceptionInd\": false,\n        \"SubjectElement\": [\n          {\n            \"Path\": \"est enim id reprehenderit officia\",\n            \"ServerPath\": \"sit\",\n            \"Value\": \"mollit non sint enim\"\n          },\n          {\n            \"Path\": \"nostrud voluptate\",\n            \"ServerPath\": \"voluptate irure ut\",\n            \"Value\": \"consequat aliqua\"\n          }\n        ]\n      },\n      {\n        \"StatusCode\": \"nostrud\",\n        \"StatusDesc\": \"ipsum non Lorem dolor consequat\",\n        \"Severity\": \"Info\",\n        \"SvcProviderName\": \"nostrud labore nulla\",\n        \"ServerStatusCode\": \"e\",\n        \"ServerStatusDesc\": \"magna anim Duis ut\",\n        \"OvrdExceptionInd\": false,\n        \"SubjectElement\": [\n          {\n            \"Path\": \"non et in ad\",\n            \"ServerPath\": \"est do exercitation in e\",\n            \"Value\": \"dolor ipsum min\"\n          },\n          {\n            \"Path\": \"proident dolore eu ut irure\",\n            \"ServerPath\": \"ipsum ea\",\n            \"Value\": \"in ad adipisicing ea velit\"\n          }\n        ]\n      }\n    ]\n  }\n}","cookie":[],"_postman_previewlanguage":"json"},{"id":"4e111b39-d8de-42f7-809a-882654530c9e","name":"To view the complete list of response codes, <a href=\"../docs/?path=docs/response-codes.md\" title=\"Click to open\">click here.</a>","originalRequest":{"url":{"path":["epreferenceservice","epreference","ePreferences"],"host":["{{baseUrl}}"],"query":[],"variable":[]},"header":[{"disabled":false,"description":"(Required) EFX Header is a common and required component for all API calls, it contains client-related parameters. Please note that the header parameters should be sent as a JSON object under the EFXHeader parameter. To view the list of header parameters, <a href=\"../docs?path=docs/api-ref-EFX-header.md\" title=\"Click to open\"> click here.</a>","key":"EFXHeader","value":"OrganizationId,<string>,TrnId,<string>,VendorId,<string>,Context,[object Object]"},{"key":"Accept","value":"application/json"}],"method":"POST","body":{"mode":"raw","raw":"{\n  \"ePreferenceInfo\": {\n    \"PartyKeys\": {\n      \"PartyId\": \"<string>\"\n    },\n    \"AcctKeys\": {\n      \"AcctId\": \"<string>\",\n      \"AcctType\": \"<string>\"\n    },\n    \"DocGroupName\": \"<string>\",\n    \"Pswd\": \"<string>\",\n    \"StmtPrepCode\": \"<string>\",\n    \"StmtTruncationOption\": \"<string>\",\n    \"NoticeData\": [\n      {\n        \"NoticeType\": \"<string>\",\n        \"NoticeOption\": \"<string>\"\n      },\n      {\n        \"NoticeType\": \"<string>\",\n        \"NoticeOption\": \"<string>\"\n      }\n    ],\n    \"EmailLink\": [\n      {\n        \"Email\": {\n          \"EmailType\": \"<string>\",\n          \"EmailAddr\": \"<string>\"\n        }\n      },\n      {\n        \"Email\": {\n          \"EmailType\": \"<string>\",\n          \"EmailAddr\": \"<string>\"\n        }\n      }\n    ]\n  },\n  \"OvrdExceptionData\": {\n    \"OvrdAutoAckInd\": \"<boolean>\"\n  }\n}","options":{"raw":{"language":"json"}}}},"status":"Internal Server Error","code":500,"header":[{"key":"Content-Type","value":"application/json"}],"body":"{\n  \"ePreferenceStatusRec\": {\n    \"ePreferenceKeys\": [\n      {\n        \"AcctKeys\": {\n          \"AcctId\": \"non adipisicing\",\n          \"AcctType\": \"aliqua aliquip elit exercitation est\"\n        },\n        \"ePreferenceIdent\": \"elit do\"\n      },\n      {\n        \"AcctKeys\": {\n          \"AcctId\": \"do laboris\",\n          \"AcctType\": \"officia\"\n        },\n        \"ePreferenceIdent\": \"est nulla \"\n      }\n    ],\n    \"ePreferenceStatus\": {\n      \"ePreferenceStatusCode\": \"Valid\",\n      \"EffDt\": \"0282-84-76T97:66:81\"\n    }\n  },\n  \"Status\": {\n    \"Severity\": \"Info\",\n    \"StatusCode\": \"esse est incididun\",\n    \"StatusDesc\": \"occaecat dolore veniam ut\",\n    \"SvcProviderName\": \"sed aliqua veniam\",\n    \"Id\": \"in Lorem ipsum laborum\",\n    \"ServerStatusCode\": \"vel\",\n    \"ServerStatusDesc\": \"esse\",\n    \"OvrdExceptionInd\": false,\n    \"SubjectRole\": \"et sunt\",\n    \"SubjectElement\": [\n      {\n        \"Path\": \"est Lorem Ut id\",\n        \"ServerPath\": \"occaecat ut officia irure consequat\",\n        \"Value\": \"culpa sit Ut consectetur\"\n      },\n      {\n        \"Path\": \"ad\",\n        \"ServerPath\": \"consequat enim\",\n        \"Value\": \"ut aliquip culpa\"\n      }\n    ],\n    \"ContentHTML\": \"amet labore anim\",\n    \"AdditionalStatus\": [\n      {\n        \"StatusCode\": \"id elit reprehende\",\n        \"StatusDesc\": \"esse officia ut pariatur\",\n        \"Severity\": \"Error\",\n        \"SvcProviderName\": \"irure in\",\n        \"ServerStatusCode\": \"in\",\n        \"ServerStatusDesc\": \"sed do\",\n        \"OvrdExceptionInd\": true,\n        \"SubjectElement\": [\n          {\n            \"Path\": \"ullamco sunt\",\n            \"ServerPath\": \"occaecat\",\n            \"Value\": \"nostrud Ut deserunt\"\n          },\n          {\n            \"Path\": \"veniam cillum nostrud tempor\",\n            \"ServerPath\": \"deserunt adipisicing consectetur veniam\",\n            \"Value\": \"officia\"\n          }\n        ]\n      },\n      {\n        \"StatusCode\": \"eu su\",\n        \"StatusDesc\": \"reprehenderit nulla\",\n        \"Severity\": \"Warning\",\n        \"SvcProviderName\": \"adipisicing ad dolore\",\n        \"ServerStatusCode\": \"cupidatat \",\n        \"ServerStatusDesc\": \"minim velit\",\n        \"OvrdExceptionInd\": false,\n        \"SubjectElement\": [\n          {\n            \"Path\": \"voluptate Duis fugiat in\",\n            \"ServerPath\": \"dolore cupidatat\",\n            \"Value\": \"esse culpa voluptate\"\n          },\n          {\n            \"Path\": \"ea sint \",\n            \"ServerPath\": \"pariatur commodo\",\n            \"Value\": \"irure nostrud\"\n          }\n        ]\n      }\n    ]\n  }\n}","cookie":[],"_postman_previewlanguage":"json"}],"event":[],"protocolProfileBehavior":{"disableBodyPruning":true}},{"id":"32f4fc21-2f7c-4186-a2f1-8d8a82eee082","name":"secured","item":[{"id":"f760d37c-0807-402c-a827-4caa62598395","name":"Delete ePreference.","request":{"name":"Delete ePreference.","description":{"content":"Delete ePreference API deletes the electronic preferences for statements and notice distributions for the selected account.","type":"text/plain"},"url":{"path":["epreferenceservice","epreference","ePreferences","secured"],"host":["{{baseUrl}}"],"query":[],"variable":[]},"header":[{"disabled":false,"description":"(Required) EFX Header is a common and required component for all API calls, it contains client-related parameters. Please note that the header parameters should be sent as a JSON object under the EFXHeader parameter. To view the list of header parameters, <a href=\"../docs?path=docs/api-ref-EFX-header.md\" title=\"Click to open\"> click here.</a>","key":"EFXHeader","value":"OrganizationId,<string>,TrnId,<string>,VendorId,<string>,Context,[object Object]"},{"key":"Content-Type","value":"application/json"},{"key":"Accept","value":"application/json"}],"method":"PUT","auth":null,"body":{"mode":"raw","raw":"{\n  \"ePreferenceKeys\": {\n    \"AcctKeys\": {\n      \"AcctId\": \"<string>\",\n      \"AcctType\": \"<string>\"\n    },\n    \"ePreferenceIdent\": \"<string>\"\n  }\n}","options":{"raw":{"language":"json"}}}},"response":[{"id":"2fa3445f-ff8e-4109-b29e-228c6fd86948","name":"Success","originalRequest":{"url":{"path":["epreferenceservice","epreference","ePreferences","secured"],"host":["{{baseUrl}}"],"query":[],"variable":[]},"header":[{"disabled":false,"description":"(Required) EFX Header is a common and required component for all API calls, it contains client-related parameters. Please note that the header parameters should be sent as a JSON object under the EFXHeader parameter. To view the list of header parameters, <a href=\"../docs?path=docs/api-ref-EFX-header.md\" title=\"Click to open\"> click here.</a>","key":"EFXHeader","value":"OrganizationId,<string>,TrnId,<string>,VendorId,<string>,Context,[object Object]"},{"key":"Accept","value":"application/json"}],"method":"PUT","body":{"mode":"raw","raw":"{\n  \"ePreferenceKeys\": {\n    \"AcctKeys\": {\n      \"AcctId\": \"<string>\",\n      \"AcctType\": \"<string>\"\n    },\n    \"ePreferenceIdent\": \"<string>\"\n  }\n}","options":{"raw":{"language":"json"}}}},"status":"OK","code":200,"header":[{"key":"Content-Type","value":"application/json"}],"body":"{\n  \"ePreferenceStatusRec\": {\n    \"ePreferenceKeys\": [\n      {\n        \"AcctKeys\": {\n          \"AcctId\": \"enim nulla co\",\n          \"AcctType\": \"eu reprehenderit\"\n        },\n        \"ePreferenceIdent\": \"dolor nisi est\"\n      },\n      {\n        \"AcctKeys\": {\n          \"AcctId\": \"adipisicing ut cupidatat Ut culp\",\n          \"AcctType\": \"laboris quis ea\"\n        },\n        \"ePreferenceIdent\": \"aute qui\"\n      }\n    ],\n    \"ePreferenceStatus\": {\n      \"ePreferenceStatusCode\": \"Valid\",\n      \"EffDt\": \"2011-78-91\"\n    }\n  },\n  \"Status\": {\n    \"Severity\": \"Error\",\n    \"StatusCode\": \"mollit\",\n    \"StatusDesc\": \"aliqua Duis\",\n    \"SvcProviderName\": \"ut in\",\n    \"Id\": \"aute qui m\",\n    \"ServerStatusCode\": \"veniam\",\n    \"ServerStatusDesc\": \"aliqua do eiusmod mollit\",\n    \"OvrdExceptionInd\": true,\n    \"SubjectRole\": \"nulla in ad\",\n    \"SubjectElement\": [\n      {\n        \"Path\": \"ad nisi nostrud pariatur\",\n        \"ServerPath\": \"laborum ull\",\n        \"Value\": \"aliqua occaecat in nulla\"\n      },\n      {\n        \"Path\": \"Lorem tempor ut\",\n        \"ServerPath\": \"pariatur eiusmod nisi nostrud\",\n        \"Value\": \"sunt esse ex\"\n      }\n    ],\n    \"ContentHTML\": \"labore est dolor\",\n    \"AdditionalStatus\": [\n      {\n        \"StatusCode\": \"in\",\n        \"StatusDesc\": \"in\",\n        \"Severity\": \"Info\",\n        \"SvcProviderName\": \"nostrud\",\n        \"ServerStatusCode\": \"\",\n        \"ServerStatusDesc\": \"ex proident veniam D\",\n        \"OvrdExceptionInd\": true,\n        \"SubjectElement\": [\n          {\n            \"Path\": \"culpa qui do consequat\",\n            \"ServerPath\": \"Lorem magna cul\",\n            \"Value\": \"proident consequat id nisi\"\n          },\n          {\n            \"Path\": \"adipisicing et sed\",\n            \"ServerPath\": \"dolore ad eiusmod tempor\",\n            \"Value\": \"voluptate quis nisi ex\"\n          }\n        ]\n      },\n      {\n        \"StatusCode\": \"aliquip do\",\n        \"StatusDesc\": \"fugiat tempor\",\n        \"Severity\": \"Error\",\n        \"SvcProviderName\": \"magna irure sint adipisicing\",\n        \"ServerStatusCode\": \"ut consecte\",\n        \"ServerStatusDesc\": \"dolor enim sed do\",\n        \"OvrdExceptionInd\": true,\n        \"SubjectElement\": [\n          {\n            \"Path\": \"cupidatat\",\n            \"ServerPath\": \"est sit sunt officia\",\n            \"Value\": \"amet occaecat nulla\"\n          },\n          {\n            \"Path\": \"incididunt commodo\",\n            \"ServerPath\": \"cupidatat sit deserunt adipisici\",\n            \"Value\": \"velit \"\n          }\n        ]\n      }\n    ]\n  }\n}","cookie":[],"_postman_previewlanguage":"json"},{"id":"c381a7ef-1c2d-4a5b-8c02-b7173b001572","name":"To view the complete list of response codes, <a href=\"../docs/?path=docs/response-codes.md\" title=\"Click to open\">click here.</a>","originalRequest":{"url":{"path":["epreferenceservice","epreference","ePreferences","secured"],"host":["{{baseUrl}}"],"query":[],"variable":[]},"header":[{"disabled":false,"description":"(Required) EFX Header is a common and required component for all API calls, it contains client-related parameters. Please note that the header parameters should be sent as a JSON object under the EFXHeader parameter. To view the list of header parameters, <a href=\"../docs?path=docs/api-ref-EFX-header.md\" title=\"Click to open\"> click here.</a>","key":"EFXHeader","value":"OrganizationId,<string>,TrnId,<string>,VendorId,<string>,Context,[object Object]"},{"key":"Accept","value":"application/json"}],"method":"PUT","body":{"mode":"raw","raw":"{\n  \"ePreferenceKeys\": {\n    \"AcctKeys\": {\n      \"AcctId\": \"<string>\",\n      \"AcctType\": \"<string>\"\n    },\n    \"ePreferenceIdent\": \"<string>\"\n  }\n}","options":{"raw":{"language":"json"}}}},"status":"Internal Server Error","code":500,"header":[{"key":"Content-Type","value":"application/json"}],"body":"{\n  \"ePreferenceStatusRec\": {\n    \"ePreferenceKeys\": [\n      {\n        \"AcctKeys\": {\n          \"AcctId\": \"sed officia q\",\n          \"AcctType\": \"non Ut fugiat consequat\"\n        },\n        \"ePreferenceIdent\": \"sunt ipsum nulla\"\n      },\n      {\n        \"AcctKeys\": {\n          \"AcctId\": \"in amet qui\",\n          \"AcctType\": \"magna\"\n        },\n        \"ePreferenceIdent\": \"nulla\"\n      }\n    ],\n    \"ePreferenceStatus\": {\n      \"ePreferenceStatusCode\": \"Valid\",\n      \"EffDt\": \"1011-08-99\"\n    }\n  },\n  \"Status\": {\n    \"Severity\": \"Error\",\n    \"StatusCode\": \"i\",\n    \"StatusDesc\": \"fugiat\",\n    \"SvcProviderName\": \"consectetur commodo cillum nulla\",\n    \"Id\": \"dolor ut occaecat\",\n    \"ServerStatusCode\": \"mol\",\n    \"ServerStatusDesc\": \"Lorem ex\",\n    \"OvrdExceptionInd\": true,\n    \"SubjectRole\": \"et id\",\n    \"SubjectElement\": [\n      {\n        \"Path\": \"laboris elit veniam proident\",\n        \"ServerPath\": \"Lorem cillum\",\n        \"Value\": \"exercitation et cillum aute\"\n      },\n      {\n        \"Path\": \"reprehenderit sed\",\n        \"ServerPath\": \"elit nisi dolor\",\n        \"Value\": \"do mag\"\n      }\n    ],\n    \"ContentHTML\": \"dolor et\",\n    \"AdditionalStatus\": [\n      {\n        \"StatusCode\": \"quis deserunt ipsu\",\n        \"StatusDesc\": \"non sint\",\n        \"Severity\": \"Error\",\n        \"SvcProviderName\": \"anim\",\n        \"ServerStatusCode\": \"lab\",\n        \"ServerStatusDesc\": \"quis sed occaecat\",\n        \"OvrdExceptionInd\": true,\n        \"SubjectElement\": [\n          {\n            \"Path\": \"aliquip minim dolore ad\",\n            \"ServerPath\": \"cupidatat in\",\n            \"Value\": \"amet commodo ut nisi\"\n          },\n          {\n            \"Path\": \"officia ex ea ut\",\n            \"ServerPath\": \"irure in ipsum\",\n            \"Value\": \"amet\"\n          }\n        ]\n      },\n      {\n        \"StatusCode\": \"Du\",\n        \"StatusDesc\": \"irure amet proident occaecat\",\n        \"Severity\": \"Info\",\n        \"SvcProviderName\": \"cupidatat dolor veniam esse commodo\",\n        \"ServerStatusCode\": \"dolore dolore\",\n        \"ServerStatusDesc\": \"elit nostrud est aliqua sint\",\n        \"OvrdExceptionInd\": true,\n        \"SubjectElement\": [\n          {\n            \"Path\": \"laborum aliquip\",\n            \"ServerPath\": \"pariatur et ex\",\n            \"Value\": \"adipisicing culpa velit sed\"\n          },\n          {\n            \"Path\": \"Duis elit nulla dolore\",\n            \"ServerPath\": \"proident sint irure quis\",\n            \"Value\": \"ut dolor voluptate dolor\"\n          }\n        ]\n      }\n    ]\n  }\n}","cookie":[],"_postman_previewlanguage":"json"}],"event":[],"protocolProfileBehavior":{"disableBodyPruning":true}},{"id":"69bed7a6-6e3c-464b-a6eb-f545bc78c7f2","name":"Get ePreference.","request":{"name":"Get ePreference.","description":{"content":"Get ePreference API retrieves the electronic preferences for statements and notice distributions for the selected account. <br> For Premier, to select a single ePreference record, the identifier ePreferenceKeys is sent in the request and to get a complete list of ePreference records, the identifier AcctKeys is sent in the request.","type":"text/plain"},"url":{"path":["epreferenceservice","epreference","ePreferences","secured"],"host":["{{baseUrl}}"],"query":[],"variable":[]},"header":[{"disabled":false,"description":"(Required) EFX Header is a common and required component for all API calls, it contains client-related parameters. Please note that the header parameters should be sent as a JSON object under the EFXHeader parameter. To view the list of header parameters, <a href=\"../docs?path=docs/api-ref-EFX-header.md\" title=\"Click to open\"> click here.</a>","key":"EFXHeader","value":"OrganizationId,<string>,TrnId,<string>,VendorId,<string>,Context,[object Object]"},{"key":"Content-Type","value":"application/json"},{"key":"Accept","value":"application/json"}],"method":"POST","auth":null,"body":{"mode":"raw","raw":"{\n  \"ePreferenceSel\": {\n    \"ePreferenceKeys\": {\n      \"AcctKeys\": {\n        \"AcctId\": \"<string>\",\n        \"AcctType\": \"<string>\"\n      },\n      \"ePreferenceIdent\": \"<string>\"\n    },\n    \"AcctKeys\": {\n      \"AcctId\": \"<string>\",\n      \"AcctType\": \"<string>\"\n    }\n  },\n  \"OvrdExceptionData\": {\n    \"OvrdAutoAckInd\": \"<boolean>\"\n  }\n}","options":{"raw":{"language":"json"}}}},"response":[{"id":"0782f20f-4347-48cc-a639-a764de3e1321","name":"Success","originalRequest":{"url":{"path":["epreferenceservice","epreference","ePreferences","secured"],"host":["{{baseUrl}}"],"query":[],"variable":[]},"header":[{"disabled":false,"description":"(Required) EFX Header is a common and required component for all API calls, it contains client-related parameters. Please note that the header parameters should be sent as a JSON object under the EFXHeader parameter. To view the list of header parameters, <a href=\"../docs?path=docs/api-ref-EFX-header.md\" title=\"Click to open\"> click here.</a>","key":"EFXHeader","value":"OrganizationId,<string>,TrnId,<string>,VendorId,<string>,Context,[object Object]"},{"key":"Accept","value":"application/json"}],"method":"POST","body":{"mode":"raw","raw":"{\n  \"ePreferenceSel\": {\n    \"ePreferenceKeys\": {\n      \"AcctKeys\": {\n        \"AcctId\": \"<string>\",\n        \"AcctType\": \"<string>\"\n      },\n      \"ePreferenceIdent\": \"<string>\"\n    },\n    \"AcctKeys\": {\n      \"AcctId\": \"<string>\",\n      \"AcctType\": \"<string>\"\n    }\n  },\n  \"OvrdExceptionData\": {\n    \"OvrdAutoAckInd\": \"<boolean>\"\n  }\n}","options":{"raw":{"language":"json"}}}},"status":"OK","code":200,"header":[{"key":"Content-Type","value":"application/json"}],"body":"{\n  \"ePreferenceRec\": [\n    {\n      \"ePreferenceInfo\": {\n        \"DocGroupName\": \"eu Excepteur la\",\n        \"CombinedStmtInd\": true,\n        \"Pswd\": \"ut oc\",\n        \"StmtPrepCode\": \"et eiusmod velit irure ali\",\n        \"StmtTruncationOption\": \"non do Duis\",\n        \"NoticeData\": [\n          {\n            \"NoticeType\": \"ChargeBack\",\n            \"NoticeOption\": \"NoNotice\"\n          },\n          {\n            \"NoticeType\": \"ChargeBack\",\n            \"NoticeOption\": \"NoNotice\"\n          }\n        ],\n        \"EmailLink\": [\n          {\n            \"Email\": {\n              \"value\": \"<Error: Too many levels of nesting to fake this schema>\"\n            },\n            \"UserKey\": \"in\"\n          },\n          {\n            \"Email\": {\n              \"value\": \"<Error: Too many levels of nesting to fake this schema>\"\n            },\n            \"UserKey\": \"sint mollit\"\n          }\n        ]\n      },\n      \"ePreferenceKeys\": {\n        \"AcctKeys\": {\n          \"AcctId\": \"<string>\",\n          \"AcctType\": \"<string>\"\n        },\n        \"ePreferenceIdent\": \"<string>\"\n      },\n      \"ePreferenceStatus\": {\n        \"ePreferenceStatusCode\": \"Valid\",\n        \"EffDt\": \"4038-89-61T13:98:10.311+75:13\"\n      }\n    },\n    {\n      \"ePreferenceInfo\": {\n        \"DocGroupName\": \"dolor do\",\n        \"CombinedStmtInd\": true,\n        \"Pswd\": \"aliqua cillum non voluptate\",\n        \"StmtPrepCode\": \"aliquip mollit\",\n        \"StmtTruncationOption\": \"nulla\",\n        \"NoticeData\": [\n          {\n            \"NoticeType\": \"ChargeBack\",\n            \"NoticeOption\": \"NoNotice\"\n          },\n          {\n            \"NoticeType\": \"RegularNotice\",\n            \"NoticeOption\": \"NoNotice\"\n          }\n        ],\n        \"EmailLink\": [\n          {\n            \"Email\": {\n              \"value\": \"<Error: Too many levels of nesting to fake this schema>\"\n            },\n            \"UserKey\": \"do\"\n          },\n          {\n            \"Email\": {\n              \"value\": \"<Error: Too many levels of nesting to fake this schema>\"\n            },\n            \"UserKey\": \"aute ex dolor\"\n          }\n        ]\n      },\n      \"ePreferenceKeys\": {\n        \"AcctKeys\": {\n          \"AcctId\": \"<string>\",\n          \"AcctType\": \"<string>\"\n        },\n        \"ePreferenceIdent\": \"<string>\"\n      },\n      \"ePreferenceStatus\": {\n        \"ePreferenceStatusCode\": \"Valid\",\n        \"EffDt\": \"0590-24-12T87:31\"\n      }\n    }\n  ],\n  \"Status\": {\n    \"Severity\": \"Info\",\n    \"StatusCode\": \"aliqua\",\n    \"StatusDesc\": \"pariatur\",\n    \"SvcProviderName\": \"aliqua id \",\n    \"Id\": \"qui\",\n    \"ServerStatusCode\": \"ipsum occaecat null\",\n    \"ServerStatusDesc\": \"voluptate in laboris et qui\",\n    \"OvrdExceptionInd\": false,\n    \"SubjectRole\": \"consequat sint laborum\",\n    \"SubjectElement\": [\n      {\n        \"Path\": \"sed ipsum eu labore\",\n        \"ServerPath\": \"laboris deserunt\",\n        \"Value\": \"aute nulla esse quis\"\n      },\n      {\n        \"Path\": \"id reprehenderit sint pariatur Excepteur\",\n        \"ServerPath\": \"magna\",\n        \"Value\": \"dolore enim\"\n      }\n    ],\n    \"ContentHTML\": \"in labore\",\n    \"AdditionalStatus\": [\n      {\n        \"StatusCode\": \"am\",\n        \"StatusDesc\": \"ut esse qui Duis magna\",\n        \"Severity\": \"Warning\",\n        \"SvcProviderName\": \"aute in\",\n        \"ServerStatusCode\": \"cu\",\n        \"ServerStatusDesc\": \"magna ullamco\",\n        \"OvrdExceptionInd\": false,\n        \"SubjectElement\": [\n          {\n            \"Path\": \"veniam ea reprehenderit\",\n            \"ServerPath\": \"occaecat adipisicing in\",\n            \"Value\": \"officia in nisi\"\n          },\n          {\n            \"Path\": \"elit dolor ipsum null\",\n            \"ServerPath\": \"labore ipsum mollit Lore\",\n            \"Value\": \"\"\n          }\n        ]\n      },\n      {\n        \"StatusCode\": \"qui quis\",\n        \"StatusDesc\": \"do consequat\",\n        \"Severity\": \"Warning\",\n        \"SvcProviderName\": \"dolore eiusmod magna consequat\",\n        \"ServerStatusCode\": \"labo\",\n        \"ServerStatusDesc\": \"est consectetur do ad\",\n        \"OvrdExceptionInd\": true,\n        \"SubjectElement\": [\n          {\n            \"Path\": \"in dolore\",\n            \"ServerPath\": \"fugiat Ut\",\n            \"Value\": \"eiusmod et Duis esse dolore\"\n          },\n          {\n            \"Path\": \"fugiat laborum dolor Duis eu\",\n            \"ServerPath\": \"do proident aute reprehenderit veniam\",\n            \"Value\": \"ut nostrud ad\"\n          }\n        ]\n      }\n    ]\n  },\n  \"RecCtrlOut\": {\n    \"SentRecCount\": -80302896\n  }\n}","cookie":[],"_postman_previewlanguage":"json"},{"id":"8fb8361b-987b-45ab-baf1-9d8c69264b1e","name":"To view the complete list of response codes, <a href=\"../docs/?path=docs/response-codes.md\" title=\"Click to open\">click here.</a>","originalRequest":{"url":{"path":["epreferenceservice","epreference","ePreferences","secured"],"host":["{{baseUrl}}"],"query":[],"variable":[]},"header":[{"disabled":false,"description":"(Required) EFX Header is a common and required component for all API calls, it contains client-related parameters. Please note that the header parameters should be sent as a JSON object under the EFXHeader parameter. To view the list of header parameters, <a href=\"../docs?path=docs/api-ref-EFX-header.md\" title=\"Click to open\"> click here.</a>","key":"EFXHeader","value":"OrganizationId,<string>,TrnId,<string>,VendorId,<string>,Context,[object Object]"},{"key":"Accept","value":"application/json"}],"method":"POST","body":{"mode":"raw","raw":"{\n  \"ePreferenceSel\": {\n    \"ePreferenceKeys\": {\n      \"AcctKeys\": {\n        \"AcctId\": \"<string>\",\n        \"AcctType\": \"<string>\"\n      },\n      \"ePreferenceIdent\": \"<string>\"\n    },\n    \"AcctKeys\": {\n      \"AcctId\": \"<string>\",\n      \"AcctType\": \"<string>\"\n    }\n  },\n  \"OvrdExceptionData\": {\n    \"OvrdAutoAckInd\": \"<boolean>\"\n  }\n}","options":{"raw":{"language":"json"}}}},"status":"Internal Server Error","code":500,"header":[{"key":"Content-Type","value":"application/json"}],"body":"{\n  \"ePreferenceRec\": [\n    {\n      \"ePreferenceInfo\": {\n        \"DocGroupName\": \"Duis enim\",\n        \"CombinedStmtInd\": false,\n        \"Pswd\": \"\",\n        \"StmtPrepCode\": \"irure sunt non nisi\",\n        \"StmtTruncationOption\": \"dolore veniam id\",\n        \"NoticeData\": [\n          {\n            \"NoticeType\": \"RegularNotice\",\n            \"NoticeOption\": \"NoNotice\"\n          },\n          {\n            \"NoticeType\": \"ChargeBack\",\n            \"NoticeOption\": \"NoNotice\"\n          }\n        ],\n        \"EmailLink\": [\n          {\n            \"Email\": {\n              \"value\": \"<Error: Too many levels of nesting to fake this schema>\"\n            },\n            \"UserKey\": \"Lorem commodo amet\"\n          },\n          {\n            \"Email\": {\n              \"value\": \"<Error: Too many levels of nesting to fake this schema>\"\n            },\n            \"UserKey\": \"laborum voluptate pariatur ex\"\n          }\n        ]\n      },\n      \"ePreferenceKeys\": {\n        \"AcctKeys\": {\n          \"AcctId\": \"<string>\",\n          \"AcctType\": \"<string>\"\n        },\n        \"ePreferenceIdent\": \"<string>\"\n      },\n      \"ePreferenceStatus\": {\n        \"ePreferenceStatusCode\": \"Valid\",\n        \"EffDt\": \"0075-70-27\"\n      }\n    },\n    {\n      \"ePreferenceInfo\": {\n        \"DocGroupName\": \"ea\",\n        \"CombinedStmtInd\": true,\n        \"Pswd\": \"magna\",\n        \"StmtPrepCode\": \"sit irure eu esse\",\n        \"StmtTruncationOption\": \"culpa elit in\",\n        \"NoticeData\": [\n          {\n            \"NoticeType\": \"ChargeBack\",\n            \"NoticeOption\": \"NoNotice\"\n          },\n          {\n            \"NoticeType\": \"RegularNotice\",\n            \"NoticeOption\": \"NoNotice\"\n          }\n        ],\n        \"EmailLink\": [\n          {\n            \"Email\": {\n              \"value\": \"<Error: Too many levels of nesting to fake this schema>\"\n            },\n            \"UserKey\": \"dolor cupidatat in proident\"\n          },\n          {\n            \"Email\": {\n              \"value\": \"<Error: Too many levels of nesting to fake this schema>\"\n            },\n            \"UserKey\": \"dolor id sed occaecat qui\"\n          }\n        ]\n      },\n      \"ePreferenceKeys\": {\n        \"AcctKeys\": {\n          \"AcctId\": \"<string>\",\n          \"AcctType\": \"<string>\"\n        },\n        \"ePreferenceIdent\": \"<string>\"\n      },\n      \"ePreferenceStatus\": {\n        \"ePreferenceStatusCode\": \"Valid\",\n        \"EffDt\": \"0517-81-51T67:09\"\n      }\n    }\n  ],\n  \"Status\": {\n    \"Severity\": \"Warning\",\n    \"StatusCode\": \"Ut in\",\n    \"StatusDesc\": \"ir\",\n    \"SvcProviderName\": \"et eu consectetur\",\n    \"Id\": \"voluptate adipisicing tempor in amet\",\n    \"ServerStatusCode\": \"sunt\",\n    \"ServerStatusDesc\": \"dolor\",\n    \"OvrdExceptionInd\": true,\n    \"SubjectRole\": \"fugiat magna do\",\n    \"SubjectElement\": [\n      {\n        \"Path\": \"velit culpa sunt exercitation Duis\",\n        \"ServerPath\": \"laborum do id\",\n        \"Value\": \"nostrud incididunt deserunt esse\"\n      },\n      {\n        \"Path\": \"voluptate\",\n        \"ServerPath\": \"voluptate ex\",\n        \"Value\": \"enim minim\"\n      }\n    ],\n    \"ContentHTML\": \"culpa\",\n    \"AdditionalStatus\": [\n      {\n        \"StatusCode\": \"dolore qui\",\n        \"StatusDesc\": \"Lorem in elit\",\n        \"Severity\": \"Warning\",\n        \"SvcProviderName\": \"et minim adipisicing ut\",\n        \"ServerStatusCode\": \"sed ull\",\n        \"ServerStatusDesc\": \"ut\",\n        \"OvrdExceptionInd\": false,\n        \"SubjectElement\": [\n          {\n            \"Path\": \"qui commodo fugiat sunt cupidatat\",\n            \"ServerPath\": \"minim\",\n            \"Value\": \"consequat aute eu id commodo\"\n          },\n          {\n            \"Path\": \"aliquip\",\n            \"ServerPath\": \"Ut veniam\",\n            \"Value\": \"mollit Duis\"\n          }\n        ]\n      },\n      {\n        \"StatusCode\": \"v\",\n        \"StatusDesc\": \"Ut laboris est\",\n        \"Severity\": \"Warning\",\n        \"SvcProviderName\": \"officia aliqua laboris enim proident\",\n        \"ServerStatusCode\": \"dolore quis deseru\",\n        \"ServerStatusDesc\": \"in sed\",\n        \"OvrdExceptionInd\": true,\n        \"SubjectElement\": [\n          {\n            \"Path\": \"occaecat ipsum minim nulla\",\n            \"ServerPath\": \"sed incididunt dolore\",\n            \"Value\": \"elit veniam\"\n          },\n          {\n            \"Path\": \"reprehenderit non est eiusmod officia\",\n            \"ServerPath\": \"in\",\n            \"Value\": \"ullamco ea anim\"\n          }\n        ]\n      }\n    ]\n  },\n  \"RecCtrlOut\": {\n    \"SentRecCount\": 33842436\n  }\n}","cookie":[],"_postman_previewlanguage":"json"}],"event":[],"protocolProfileBehavior":{"disableBodyPruning":true}}],"event":[]}],"event":[]}],"event":[],"variable":[{"type":"string","value":"/","key":"baseUrl"}],"info":{"_postman_id":"3d8b8d86-7d00-4aa1-92b1-36078ed9de13","name":"ePreference Service","schema":"https://schema.getpostman.com/json/collection/v2.1.0/collection.json","description":{"content":"ePreference service contains methods that allow consumers to set up instructions for electronic document delivery distribution.","type":"text/plain"}}}