{"item":[{"id":"6388f2a6-b9f2-49e5-a96d-145ab4399bba","name":"epreferenceservice/epreference/ePreferences","item":[{"id":"c121363f-33fc-4980-ad0f-b4683b7b1f42","name":"Update ePreference.","request":{"name":"Update ePreference.","description":{"content":"Update ePreference API modifies the electronic preferences for statements and notice distributions for the selected account.","type":"text/plain"},"url":{"path":["epreferenceservice","epreference","ePreferences"],"host":["{{baseUrl}}"],"query":[],"variable":[]},"header":[{"disabled":false,"description":"(Required) EFX Header is a common and required component for all API calls, it contains client-related parameters. Please note that the header parameters should be sent as a JSON object under the EFXHeader parameter. To view the list of header parameters, <a href=\"../docs?path=docs/api-ref-EFX-header.md\" title=\"Click to open\"> click here.</a>","key":"EFXHeader","value":"OrganizationId,<string>,TrnId,<string>,VendorId,<string>,Context,[object Object]"},{"key":"Content-Type","value":"application/json"},{"key":"Accept","value":"application/json"}],"method":"PUT","auth":null,"body":{"mode":"raw","raw":"{\n  \"ePreferenceInfo\": {\n    \"PartyKeys\": {\n      \"PartyId\": \"<string>\"\n    },\n    \"DocGroupName\": \"<string>\",\n    \"Pswd\": \"<string>\",\n    \"StmtPrepCode\": \"<string>\",\n    \"StmtTruncationOption\": \"<string>\",\n    \"NoticeData\": [\n      {\n        \"NoticeType\": \"<string>\",\n        \"NoticeOption\": \"<string>\"\n      },\n      {\n        \"NoticeType\": \"<string>\",\n        \"NoticeOption\": \"<string>\"\n      }\n    ],\n    \"EmailLink\": [\n      {\n        \"Email\": {\n          \"EmailType\": \"<string>\",\n          \"EmailAddr\": \"<string>\"\n        }\n      },\n      {\n        \"Email\": {\n          \"EmailType\": \"<string>\",\n          \"EmailAddr\": \"<string>\"\n        }\n      }\n    ]\n  },\n  \"ePreferenceKeys\": {\n    \"AcctKeys\": {\n      \"AcctId\": \"<string>\",\n      \"AcctType\": \"<string>\"\n    },\n    \"ePreferenceIdent\": \"<string>\"\n  },\n  \"OvrdEXceptionData\": {\n    \"OvrdAutoAckInd\": \"<boolean>\"\n  }\n}","options":{"raw":{"language":"json"}}}},"response":[{"id":"4061f664-f1a0-4de3-99ab-29d688147c2c","name":"Success","originalRequest":{"url":{"path":["epreferenceservice","epreference","ePreferences"],"host":["{{baseUrl}}"],"query":[],"variable":[]},"header":[{"disabled":false,"description":"(Required) EFX Header is a common and required component for all API calls, it contains client-related parameters. Please note that the header parameters should be sent as a JSON object under the EFXHeader parameter. To view the list of header parameters, <a href=\"../docs?path=docs/api-ref-EFX-header.md\" title=\"Click to open\"> click here.</a>","key":"EFXHeader","value":"OrganizationId,<string>,TrnId,<string>,VendorId,<string>,Context,[object Object]"},{"key":"Accept","value":"application/json"}],"method":"PUT","body":{"mode":"raw","raw":"{\n  \"ePreferenceInfo\": {\n    \"PartyKeys\": {\n      \"PartyId\": \"<string>\"\n    },\n    \"DocGroupName\": \"<string>\",\n    \"Pswd\": \"<string>\",\n    \"StmtPrepCode\": \"<string>\",\n    \"StmtTruncationOption\": \"<string>\",\n    \"NoticeData\": [\n      {\n        \"NoticeType\": \"<string>\",\n        \"NoticeOption\": \"<string>\"\n      },\n      {\n        \"NoticeType\": \"<string>\",\n        \"NoticeOption\": \"<string>\"\n      }\n    ],\n    \"EmailLink\": [\n      {\n        \"Email\": {\n          \"EmailType\": \"<string>\",\n          \"EmailAddr\": \"<string>\"\n        }\n      },\n      {\n        \"Email\": {\n          \"EmailType\": \"<string>\",\n          \"EmailAddr\": \"<string>\"\n        }\n      }\n    ]\n  },\n  \"ePreferenceKeys\": {\n    \"AcctKeys\": {\n      \"AcctId\": \"<string>\",\n      \"AcctType\": \"<string>\"\n    },\n    \"ePreferenceIdent\": \"<string>\"\n  },\n  \"OvrdEXceptionData\": {\n    \"OvrdAutoAckInd\": \"<boolean>\"\n  }\n}","options":{"raw":{"language":"json"}}}},"status":"OK","code":200,"header":[{"key":"Content-Type","value":"application/json"}],"body":"{\n  \"ePreferenceStatusRec\": {\n    \"ePreferenceKeys\": [\n      {\n        \"AcctKeys\": {\n          \"AcctId\": \"dolor Duis quis ut\",\n          \"AcctType\": \"sit Duis\"\n        },\n        \"ePreferenceIdent\": \"Lorem culpa anim\"\n      },\n      {\n        \"AcctKeys\": {\n          \"AcctId\": \"Excepteur quis nisi cupidatat\",\n          \"AcctType\": \"est officia Duis\"\n        },\n        \"ePreferenceIdent\": \"ipsu\"\n      }\n    ],\n    \"ePreferenceStatus\": {\n      \"ePreferenceStatusCode\": \"Valid\",\n      \"EffDt\": \"6709-16-74T70:48\"\n    }\n  },\n  \"Status\": {\n    \"Severity\": \"Error\",\n    \"StatusCode\": \"dolore amet c\",\n    \"StatusDesc\": \"Ut\",\n    \"SvcProviderName\": \"amet aute laborum\",\n    \"Id\": \"sed\",\n    \"ServerStatusCode\": \"mi\",\n    \"ServerStatusDesc\": \"consequat velit voluptate est\",\n    \"OvrdExceptionInd\": true,\n    \"SubjectRole\": \"et\",\n    \"SubjectElement\": [\n      {\n        \"Path\": \"veniam labore sunt Excepteur Lorem\",\n        \"ServerPath\": \"voluptate qui in\",\n        \"Value\": \"in ut ullamco ad do\"\n      },\n      {\n        \"Path\": \"pariatur\",\n        \"ServerPath\": \"mollit culpa\",\n        \"Value\": \"dolore exercitation laboris Lorem sed\"\n      }\n    ],\n    \"ContentHTML\": \"aute qui et\",\n    \"AdditionalStatus\": [\n      {\n        \"StatusCode\": \"quis sunt in \",\n        \"StatusDesc\": \"ut officia ea\",\n        \"Severity\": \"Error\",\n        \"SvcProviderName\": \"dolor aliqua Excepteur\",\n        \"ServerStatusCode\": \"anim do\",\n        \"ServerStatusDesc\": \"esse velit\",\n        \"OvrdExceptionInd\": true,\n        \"SubjectElement\": [\n          {\n            \"Path\": \"ea ut nisi minim\",\n            \"ServerPath\": \"Lorem amet\",\n            \"Value\": \"amet nulla\"\n          },\n          {\n            \"Path\": \"nulla Ut\",\n            \"ServerPath\": \"ut irure Lorem\",\n            \"Value\": \"in incididunt cupidatat Excepteur\"\n          }\n        ]\n      },\n      {\n        \"StatusCode\": \"esse\",\n        \"StatusDesc\": \"est cupidatat dolore\",\n        \"Severity\": \"Warning\",\n        \"SvcProviderName\": \"id deserunt cillum sunt\",\n        \"ServerStatusCode\": \"cillum\",\n        \"ServerStatusDesc\": \"Lorem deserunt\",\n        \"OvrdExceptionInd\": true,\n        \"SubjectElement\": [\n          {\n            \"Path\": \"id est anim enim Lorem\",\n            \"ServerPath\": \"consectetur\",\n            \"Value\": \"ex sint ullamco nostrud\"\n          },\n          {\n            \"Path\": \"fugiat labore non\",\n            \"ServerPath\": \"eiusmod et cillum consectetur\",\n            \"Value\": \"commodo sit Excepteur\"\n          }\n        ]\n      }\n    ]\n  }\n}","cookie":[],"_postman_previewlanguage":"json"},{"id":"007af296-1a29-498e-a9bc-ae2e6cb871d5","name":"To view the complete list of response codes, <a href=\"../docs/?path=docs/response-codes.md\" title=\"Click to open\">click here.</a>","originalRequest":{"url":{"path":["epreferenceservice","epreference","ePreferences"],"host":["{{baseUrl}}"],"query":[],"variable":[]},"header":[{"disabled":false,"description":"(Required) EFX Header is a common and required component for all API calls, it contains client-related parameters. Please note that the header parameters should be sent as a JSON object under the EFXHeader parameter. To view the list of header parameters, <a href=\"../docs?path=docs/api-ref-EFX-header.md\" title=\"Click to open\"> click here.</a>","key":"EFXHeader","value":"OrganizationId,<string>,TrnId,<string>,VendorId,<string>,Context,[object Object]"},{"key":"Accept","value":"application/json"}],"method":"PUT","body":{"mode":"raw","raw":"{\n  \"ePreferenceInfo\": {\n    \"PartyKeys\": {\n      \"PartyId\": \"<string>\"\n    },\n    \"DocGroupName\": \"<string>\",\n    \"Pswd\": \"<string>\",\n    \"StmtPrepCode\": \"<string>\",\n    \"StmtTruncationOption\": \"<string>\",\n    \"NoticeData\": [\n      {\n        \"NoticeType\": \"<string>\",\n        \"NoticeOption\": \"<string>\"\n      },\n      {\n        \"NoticeType\": \"<string>\",\n        \"NoticeOption\": \"<string>\"\n      }\n    ],\n    \"EmailLink\": [\n      {\n        \"Email\": {\n          \"EmailType\": \"<string>\",\n          \"EmailAddr\": \"<string>\"\n        }\n      },\n      {\n        \"Email\": {\n          \"EmailType\": \"<string>\",\n          \"EmailAddr\": \"<string>\"\n        }\n      }\n    ]\n  },\n  \"ePreferenceKeys\": {\n    \"AcctKeys\": {\n      \"AcctId\": \"<string>\",\n      \"AcctType\": \"<string>\"\n    },\n    \"ePreferenceIdent\": \"<string>\"\n  },\n  \"OvrdEXceptionData\": {\n    \"OvrdAutoAckInd\": \"<boolean>\"\n  }\n}","options":{"raw":{"language":"json"}}}},"status":"Internal Server Error","code":500,"header":[{"key":"Content-Type","value":"application/json"}],"body":"{\n  \"ePreferenceStatusRec\": {\n    \"ePreferenceKeys\": [\n      {\n        \"AcctKeys\": {\n          \"AcctId\": \"proi\",\n          \"AcctType\": \"in\"\n        },\n        \"ePreferenceIdent\": \"Ut eiusmod\"\n      },\n      {\n        \"AcctKeys\": {\n          \"AcctId\": \"sed commodo velit\",\n          \"AcctType\": \"tempor cupidatat\"\n        },\n        \"ePreferenceIdent\": \"incidid\"\n      }\n    ],\n    \"ePreferenceStatus\": {\n      \"ePreferenceStatusCode\": \"Valid\",\n      \"EffDt\": \"6985-10-51T59:48:45+17:34\"\n    }\n  },\n  \"Status\": {\n    \"Severity\": \"Error\",\n    \"StatusCode\": \"eu\",\n    \"StatusDesc\": \"sed ut labore\",\n    \"SvcProviderName\": \"eu nisi\",\n    \"Id\": \"dolor\",\n    \"ServerStatusCode\": \"minim qu\",\n    \"ServerStatusDesc\": \"officia et ut\",\n    \"OvrdExceptionInd\": true,\n    \"SubjectRole\": \"enim ipsum velit\",\n    \"SubjectElement\": [\n      {\n        \"Path\": \"Ut ut officia veniam\",\n        \"ServerPath\": \"enim id ullamco\",\n        \"Value\": \"esse in labore\"\n      },\n      {\n        \"Path\": \"dolore amet occaecat sunt quis\",\n        \"ServerPath\": \"pariatur consectetur in adipis\",\n        \"Value\": \"sed reprehenderit adipisicing\"\n      }\n    ],\n    \"ContentHTML\": \"sit nostrud\",\n    \"AdditionalStatus\": [\n      {\n        \"StatusCode\": \"aliqua ullam\",\n        \"StatusDesc\": \"esse dolore in anim\",\n        \"Severity\": \"Info\",\n        \"SvcProviderName\": \"adipisicing sit\",\n        \"ServerStatusCode\": \"e\",\n        \"ServerStatusDesc\": \"Lorem nul\",\n        \"OvrdExceptionInd\": true,\n        \"SubjectElement\": [\n          {\n            \"Path\": \"ullamco qui adipisicing deserunt cillum\",\n            \"ServerPath\": \"enim sunt\",\n            \"Value\": \"Ut dolore in\"\n          },\n          {\n            \"Path\": \"enim dolor commodo\",\n            \"ServerPath\": \"qui dolore deserunt non\",\n            \"Value\": \"sed\"\n          }\n        ]\n      },\n      {\n        \"StatusCode\": \"ea laboris in in\",\n        \"StatusDesc\": \"occaecat\",\n        \"Severity\": \"Warning\",\n        \"SvcProviderName\": \"sunt\",\n        \"ServerStatusCode\": \"sint \",\n        \"ServerStatusDesc\": \"\",\n        \"OvrdExceptionInd\": false,\n        \"SubjectElement\": [\n          {\n            \"Path\": \"id deserunt consectetur\",\n            \"ServerPath\": \"in tempor magna\",\n            \"Value\": \"magna quis\"\n          },\n          {\n            \"Path\": \"nulla tempor\",\n            \"ServerPath\": \"mollit ex\",\n            \"Value\": \"veniam culpa dolore\"\n          }\n        ]\n      }\n    ]\n  }\n}","cookie":[],"_postman_previewlanguage":"json"}],"event":[],"protocolProfileBehavior":{"disableBodyPruning":true}},{"id":"b559a1d5-d00f-497d-9f59-1dd9d9b9b7cd","name":"Add ePreference.","request":{"name":"Add ePreference.","description":{"content":"Add ePreference API creates an ePreference record. <br> This API allows to set up electronic preferences for statements and notice distributions for the selected account.","type":"text/plain"},"url":{"path":["epreferenceservice","epreference","ePreferences"],"host":["{{baseUrl}}"],"query":[],"variable":[]},"header":[{"disabled":false,"description":"(Required) EFX Header is a common and required component for all API calls, it contains client-related parameters. Please note that the header parameters should be sent as a JSON object under the EFXHeader parameter. To view the list of header parameters, <a href=\"../docs?path=docs/api-ref-EFX-header.md\" title=\"Click to open\"> click here.</a>","key":"EFXHeader","value":"OrganizationId,<string>,TrnId,<string>,VendorId,<string>,Context,[object Object]"},{"key":"Content-Type","value":"application/json"},{"key":"Accept","value":"application/json"}],"method":"POST","auth":null,"body":{"mode":"raw","raw":"{\n  \"ePreferenceInfo\": {\n    \"PartyKeys\": {\n      \"PartyId\": \"<string>\"\n    },\n    \"AcctKeys\": {\n      \"AcctId\": \"<string>\",\n      \"AcctType\": \"<string>\"\n    },\n    \"DocGroupName\": \"<string>\",\n    \"Pswd\": \"<string>\",\n    \"StmtPrepCode\": \"<string>\",\n    \"StmtTruncationOption\": \"<string>\",\n    \"NoticeData\": [\n      {\n        \"NoticeType\": \"<string>\",\n        \"NoticeOption\": \"<string>\"\n      },\n      {\n        \"NoticeType\": \"<string>\",\n        \"NoticeOption\": \"<string>\"\n      }\n    ],\n    \"EmailLink\": [\n      {\n        \"Email\": {\n          \"EmailType\": \"<string>\",\n          \"EmailAddr\": \"<string>\"\n        }\n      },\n      {\n        \"Email\": {\n          \"EmailType\": \"<string>\",\n          \"EmailAddr\": \"<string>\"\n        }\n      }\n    ]\n  },\n  \"OvrdExceptionData\": {\n    \"OvrdAutoAckInd\": \"<boolean>\"\n  }\n}","options":{"raw":{"language":"json"}}}},"response":[{"id":"fe89d0ad-8401-4a25-bea1-4a6d99827e41","name":"Created","originalRequest":{"url":{"path":["epreferenceservice","epreference","ePreferences"],"host":["{{baseUrl}}"],"query":[],"variable":[]},"header":[{"disabled":false,"description":"(Required) EFX Header is a common and required component for all API calls, it contains client-related parameters. Please note that the header parameters should be sent as a JSON object under the EFXHeader parameter. To view the list of header parameters, <a href=\"../docs?path=docs/api-ref-EFX-header.md\" title=\"Click to open\"> click here.</a>","key":"EFXHeader","value":"OrganizationId,<string>,TrnId,<string>,VendorId,<string>,Context,[object Object]"},{"key":"Accept","value":"application/json"}],"method":"POST","body":{"mode":"raw","raw":"{\n  \"ePreferenceInfo\": {\n    \"PartyKeys\": {\n      \"PartyId\": \"<string>\"\n    },\n    \"AcctKeys\": {\n      \"AcctId\": \"<string>\",\n      \"AcctType\": \"<string>\"\n    },\n    \"DocGroupName\": \"<string>\",\n    \"Pswd\": \"<string>\",\n    \"StmtPrepCode\": \"<string>\",\n    \"StmtTruncationOption\": \"<string>\",\n    \"NoticeData\": [\n      {\n        \"NoticeType\": \"<string>\",\n        \"NoticeOption\": \"<string>\"\n      },\n      {\n        \"NoticeType\": \"<string>\",\n        \"NoticeOption\": \"<string>\"\n      }\n    ],\n    \"EmailLink\": [\n      {\n        \"Email\": {\n          \"EmailType\": \"<string>\",\n          \"EmailAddr\": \"<string>\"\n        }\n      },\n      {\n        \"Email\": {\n          \"EmailType\": \"<string>\",\n          \"EmailAddr\": \"<string>\"\n        }\n      }\n    ]\n  },\n  \"OvrdExceptionData\": {\n    \"OvrdAutoAckInd\": \"<boolean>\"\n  }\n}","options":{"raw":{"language":"json"}}}},"status":"Created","code":201,"header":[{"key":"Content-Type","value":"application/json"}],"body":"{\n  \"ePreferenceStatusRec\": {\n    \"ePreferenceKeys\": [\n      {\n        \"AcctKeys\": {\n          \"AcctId\": \"qu\",\n          \"AcctType\": \"mollit veniam ull\"\n        },\n        \"ePreferenceIdent\": \"in proident occaecat\"\n      },\n      {\n        \"AcctKeys\": {\n          \"AcctId\": \"velit sit\",\n          \"AcctType\": \"ea labore Lorem commodo\"\n        },\n        \"ePreferenceIdent\": \"incidid\"\n      }\n    ],\n    \"ePreferenceStatus\": {\n      \"ePreferenceStatusCode\": \"Valid\",\n      \"EffDt\": \"0799-13-36\"\n    }\n  },\n  \"Status\": {\n    \"Severity\": \"Info\",\n    \"StatusCode\": \"tempo\",\n    \"StatusDesc\": \"in adipisicing dolore voluptate Ut\",\n    \"SvcProviderName\": \"ut deserunt\",\n    \"Id\": \"id ut qui\",\n    \"ServerStatusCode\": \"Excepte\",\n    \"ServerStatusDesc\": \"deserunt id sit velit esse\",\n    \"OvrdExceptionInd\": true,\n    \"SubjectRole\": \"pariatur dolor\",\n    \"SubjectElement\": [\n      {\n        \"Path\": \"pariatur nisi\",\n        \"ServerPath\": \"ad deserun\",\n        \"Value\": \"mollit sunt\"\n      },\n      {\n        \"Path\": \"voluptate aliqua\",\n        \"ServerPath\": \"sit reprehenderit officia\",\n        \"Value\": \"ipsum eu\"\n      }\n    ],\n    \"ContentHTML\": \"nulla enim ipsum\",\n    \"AdditionalStatus\": [\n      {\n        \"StatusCode\": \"dolore mollit\",\n        \"StatusDesc\": \"enim incididunt eu nostrud\",\n        \"Severity\": \"Info\",\n        \"SvcProviderName\": \"ipsum Duis fugiat\",\n        \"ServerStatusCode\": \"ipsum sed dolor lab\",\n        \"ServerStatusDesc\": \"magna labore anim Ut sed\",\n        \"OvrdExceptionInd\": true,\n        \"SubjectElement\": [\n          {\n            \"Path\": \"aliquip\",\n            \"ServerPath\": \"aute\",\n            \"Value\": \"nostrud\"\n          },\n          {\n            \"Path\": \"sint dolor in proident aliqua\",\n            \"ServerPath\": \"magna Ut nisi tempor\",\n            \"Value\": \"reprehenderit Lorem dolor labore\"\n          }\n        ]\n      },\n      {\n        \"StatusCode\": \"labo\",\n        \"StatusDesc\": \"id consectetur\",\n        \"Severity\": \"Info\",\n        \"SvcProviderName\": \"est nisi et adipisicing\",\n        \"ServerStatusCode\": \"nisi voluptate\",\n        \"ServerStatusDesc\": \"fugiat laborum ea\",\n        \"OvrdExceptionInd\": true,\n        \"SubjectElement\": [\n          {\n            \"Path\": \"eu cupidatat\",\n            \"ServerPath\": \"est id\",\n            \"Value\": \"fugiat nisi\"\n          },\n          {\n            \"Path\": \"Excepteur\",\n            \"ServerPath\": \"nisi est proident tempor\",\n            \"Value\": \"cupidatat et veniam enim exercitatio\"\n          }\n        ]\n      }\n    ]\n  }\n}","cookie":[],"_postman_previewlanguage":"json"},{"id":"001a7082-3a95-49fd-8b44-7cd0a1479f50","name":"To view the complete list of response codes, <a href=\"../docs/?path=docs/response-codes.md\" title=\"Click to open\">click here.</a>","originalRequest":{"url":{"path":["epreferenceservice","epreference","ePreferences"],"host":["{{baseUrl}}"],"query":[],"variable":[]},"header":[{"disabled":false,"description":"(Required) EFX Header is a common and required component for all API calls, it contains client-related parameters. Please note that the header parameters should be sent as a JSON object under the EFXHeader parameter. To view the list of header parameters, <a href=\"../docs?path=docs/api-ref-EFX-header.md\" title=\"Click to open\"> click here.</a>","key":"EFXHeader","value":"OrganizationId,<string>,TrnId,<string>,VendorId,<string>,Context,[object Object]"},{"key":"Accept","value":"application/json"}],"method":"POST","body":{"mode":"raw","raw":"{\n  \"ePreferenceInfo\": {\n    \"PartyKeys\": {\n      \"PartyId\": \"<string>\"\n    },\n    \"AcctKeys\": {\n      \"AcctId\": \"<string>\",\n      \"AcctType\": \"<string>\"\n    },\n    \"DocGroupName\": \"<string>\",\n    \"Pswd\": \"<string>\",\n    \"StmtPrepCode\": \"<string>\",\n    \"StmtTruncationOption\": \"<string>\",\n    \"NoticeData\": [\n      {\n        \"NoticeType\": \"<string>\",\n        \"NoticeOption\": \"<string>\"\n      },\n      {\n        \"NoticeType\": \"<string>\",\n        \"NoticeOption\": \"<string>\"\n      }\n    ],\n    \"EmailLink\": [\n      {\n        \"Email\": {\n          \"EmailType\": \"<string>\",\n          \"EmailAddr\": \"<string>\"\n        }\n      },\n      {\n        \"Email\": {\n          \"EmailType\": \"<string>\",\n          \"EmailAddr\": \"<string>\"\n        }\n      }\n    ]\n  },\n  \"OvrdExceptionData\": {\n    \"OvrdAutoAckInd\": \"<boolean>\"\n  }\n}","options":{"raw":{"language":"json"}}}},"status":"Internal Server Error","code":500,"header":[{"key":"Content-Type","value":"application/json"}],"body":"{\n  \"ePreferenceStatusRec\": {\n    \"ePreferenceKeys\": [\n      {\n        \"AcctKeys\": {\n          \"AcctId\": \"fugiat eiusmod u\",\n          \"AcctType\": \"ut deserunt exercitation\"\n        },\n        \"ePreferenceIdent\": \"veniam laboris\"\n      },\n      {\n        \"AcctKeys\": {\n          \"AcctId\": \"d\",\n          \"AcctType\": \"dolor anim pariatur deserunt ipsum\"\n        },\n        \"ePreferenceIdent\": \"consequat ut consectetur\"\n      }\n    ],\n    \"ePreferenceStatus\": {\n      \"ePreferenceStatusCode\": \"Valid\",\n      \"EffDt\": \"4121-10-93\"\n    }\n  },\n  \"Status\": {\n    \"Severity\": \"Info\",\n    \"StatusCode\": \"tempor dolo\",\n    \"StatusDesc\": \"ea sunt occaecat\",\n    \"SvcProviderName\": \"anim magna fugiat\",\n    \"Id\": \"sed aliqua\",\n    \"ServerStatusCode\": \"cillum exercitat\",\n    \"ServerStatusDesc\": \"ut aliquip quis\",\n    \"OvrdExceptionInd\": true,\n    \"SubjectRole\": \"velit\",\n    \"SubjectElement\": [\n      {\n        \"Path\": \"officia sit in irure\",\n        \"ServerPath\": \"cupidatat\",\n        \"Value\": \"nostrud aute voluptate aliquip\"\n      },\n      {\n        \"Path\": \"aliqua ullamco\",\n        \"ServerPath\": \"laboris\",\n        \"Value\": \"sint cillum\"\n      }\n    ],\n    \"ContentHTML\": \"cillum Ut ullamco Lorem est\",\n    \"AdditionalStatus\": [\n      {\n        \"StatusCode\": \"in\",\n        \"StatusDesc\": \"ad ut\",\n        \"Severity\": \"Warning\",\n        \"SvcProviderName\": \"aliquip nostrud commodo elit te\",\n        \"ServerStatusCode\": \"ullamco quis\",\n        \"ServerStatusDesc\": \"et ad non\",\n        \"OvrdExceptionInd\": true,\n        \"SubjectElement\": [\n          {\n            \"Path\": \"Excepteur ad quis\",\n            \"ServerPath\": \"molli\",\n            \"Value\": \"incididunt occaecat deserunt ipsum irure\"\n          },\n          {\n            \"Path\": \"velit nulla consequat\",\n            \"ServerPath\": \"commodo Ut qui incididunt\",\n            \"Value\": \"cillum velit consequat deserunt eiusmod\"\n          }\n        ]\n      },\n      {\n        \"StatusCode\": \"Duis\",\n        \"StatusDesc\": \"magna ut qui irure\",\n        \"Severity\": \"Error\",\n        \"SvcProviderName\": \"id est laborum\",\n        \"ServerStatusCode\": \"ex aute enim\",\n        \"ServerStatusDesc\": \"aliquip ex et nostrud\",\n        \"OvrdExceptionInd\": true,\n        \"SubjectElement\": [\n          {\n            \"Path\": \"adipisicing dolore eu\",\n            \"ServerPath\": \"dolore occaecat eu in Lorem\",\n            \"Value\": \"nisi eiusmod exercitation Duis\"\n          },\n          {\n            \"Path\": \"consectetur in\",\n            \"ServerPath\": \"voluptate mollit sed\",\n            \"Value\": \"dolore veniam sint\"\n          }\n        ]\n      }\n    ]\n  }\n}","cookie":[],"_postman_previewlanguage":"json"}],"event":[],"protocolProfileBehavior":{"disableBodyPruning":true}},{"id":"f7a62526-0b2c-4d68-9752-f59272190d0c","name":"secured","item":[{"id":"6709f3d0-4396-4f10-bcaf-20812a50a409","name":"Delete ePreference.","request":{"name":"Delete ePreference.","description":{"content":"Delete ePreference API deletes the electronic preferences for statements and notice distributions for the selected account.","type":"text/plain"},"url":{"path":["epreferenceservice","epreference","ePreferences","secured"],"host":["{{baseUrl}}"],"query":[],"variable":[]},"header":[{"disabled":false,"description":"(Required) EFX Header is a common and required component for all API calls, it contains client-related parameters. Please note that the header parameters should be sent as a JSON object under the EFXHeader parameter. To view the list of header parameters, <a href=\"../docs?path=docs/api-ref-EFX-header.md\" title=\"Click to open\"> click here.</a>","key":"EFXHeader","value":"OrganizationId,<string>,TrnId,<string>,VendorId,<string>,Context,[object Object]"},{"key":"Content-Type","value":"application/json"},{"key":"Accept","value":"application/json"}],"method":"PUT","auth":null,"body":{"mode":"raw","raw":"{\n  \"ePreferenceKeys\": {\n    \"AcctKeys\": {\n      \"AcctId\": \"<string>\",\n      \"AcctType\": \"<string>\"\n    },\n    \"ePreferenceIdent\": \"<string>\"\n  }\n}","options":{"raw":{"language":"json"}}}},"response":[{"id":"1194dda9-7836-49ec-a3e6-2660547f914e","name":"Success","originalRequest":{"url":{"path":["epreferenceservice","epreference","ePreferences","secured"],"host":["{{baseUrl}}"],"query":[],"variable":[]},"header":[{"disabled":false,"description":"(Required) EFX Header is a common and required component for all API calls, it contains client-related parameters. Please note that the header parameters should be sent as a JSON object under the EFXHeader parameter. To view the list of header parameters, <a href=\"../docs?path=docs/api-ref-EFX-header.md\" title=\"Click to open\"> click here.</a>","key":"EFXHeader","value":"OrganizationId,<string>,TrnId,<string>,VendorId,<string>,Context,[object Object]"},{"key":"Accept","value":"application/json"}],"method":"PUT","body":{"mode":"raw","raw":"{\n  \"ePreferenceKeys\": {\n    \"AcctKeys\": {\n      \"AcctId\": \"<string>\",\n      \"AcctType\": \"<string>\"\n    },\n    \"ePreferenceIdent\": \"<string>\"\n  }\n}","options":{"raw":{"language":"json"}}}},"status":"OK","code":200,"header":[{"key":"Content-Type","value":"application/json"}],"body":"{\n  \"ePreferenceStatusRec\": {\n    \"ePreferenceKeys\": [\n      {\n        \"AcctKeys\": {\n          \"AcctId\": \"proide\",\n          \"AcctType\": \"ullamco in cillum consectetur\"\n        },\n        \"ePreferenceIdent\": \"Ut\"\n      },\n      {\n        \"AcctKeys\": {\n          \"AcctId\": \"U\",\n          \"AcctType\": \"pariatur Ut et\"\n        },\n        \"ePreferenceIdent\": \"nos\"\n      }\n    ],\n    \"ePreferenceStatus\": {\n      \"ePreferenceStatusCode\": \"Valid\",\n      \"EffDt\": \"3620-32-35T85:57\"\n    }\n  },\n  \"Status\": {\n    \"Severity\": \"Warning\",\n    \"StatusCode\": \"non\",\n    \"StatusDesc\": \"\",\n    \"SvcProviderName\": \"sunt in cupidatat in\",\n    \"Id\": \"occaecat consectetur\",\n    \"ServerStatusCode\": \"sint\",\n    \"ServerStatusDesc\": \"ex cupidatat aliquip et\",\n    \"OvrdExceptionInd\": false,\n    \"SubjectRole\": \"aliquip\",\n    \"SubjectElement\": [\n      {\n        \"Path\": \"aute\",\n        \"ServerPath\": \"sed magna elit laborum\",\n        \"Value\": \"eu dolor tempor\"\n      },\n      {\n        \"Path\": \"dolore ipsum sint qui nostrud\",\n        \"ServerPath\": \"eiusmod minim ipsum\",\n        \"Value\": \"ut magna ex\"\n      }\n    ],\n    \"ContentHTML\": \"in voluptate proident occaecat\",\n    \"AdditionalStatus\": [\n      {\n        \"StatusCode\": \"incididunt e\",\n        \"StatusDesc\": \"est mollit\",\n        \"Severity\": \"Info\",\n        \"SvcProviderName\": \"magna cillum voluptate\",\n        \"ServerStatusCode\": \"minim\",\n        \"ServerStatusDesc\": \"velit\",\n        \"OvrdExceptionInd\": true,\n        \"SubjectElement\": [\n          {\n            \"Path\": \"nulla proident non pariatur adipisicing\",\n            \"ServerPath\": \"sed laboris\",\n            \"Value\": \"in non\"\n          },\n          {\n            \"Path\": \"adipisicing anim ut\",\n            \"ServerPath\": \"veniam nisi mollit\",\n            \"Value\": \"Ut exercitation\"\n          }\n        ]\n      },\n      {\n        \"StatusCode\": \"Lorem proi\",\n        \"StatusDesc\": \"minim magna ex aliquip\",\n        \"Severity\": \"Error\",\n        \"SvcProviderName\": \"deserunt commodo aliqua\",\n        \"ServerStatusCode\": \"in aliq\",\n        \"ServerStatusDesc\": \"magna\",\n        \"OvrdExceptionInd\": false,\n        \"SubjectElement\": [\n          {\n            \"Path\": \"laborum culpa Duis sunt\",\n            \"ServerPath\": \"cillum labore\",\n            \"Value\": \"velit enim adipisicing do\"\n          },\n          {\n            \"Path\": \"amet adipisicing\",\n            \"ServerPath\": \"in mollit ut\",\n            \"Value\": \"aute aliquip\"\n          }\n        ]\n      }\n    ]\n  }\n}","cookie":[],"_postman_previewlanguage":"json"},{"id":"3a153b1f-a0ab-4c5e-aa50-6c1211937e8c","name":"To view the complete list of response codes, <a href=\"../docs/?path=docs/response-codes.md\" title=\"Click to open\">click here.</a>","originalRequest":{"url":{"path":["epreferenceservice","epreference","ePreferences","secured"],"host":["{{baseUrl}}"],"query":[],"variable":[]},"header":[{"disabled":false,"description":"(Required) EFX Header is a common and required component for all API calls, it contains client-related parameters. Please note that the header parameters should be sent as a JSON object under the EFXHeader parameter. To view the list of header parameters, <a href=\"../docs?path=docs/api-ref-EFX-header.md\" title=\"Click to open\"> click here.</a>","key":"EFXHeader","value":"OrganizationId,<string>,TrnId,<string>,VendorId,<string>,Context,[object Object]"},{"key":"Accept","value":"application/json"}],"method":"PUT","body":{"mode":"raw","raw":"{\n  \"ePreferenceKeys\": {\n    \"AcctKeys\": {\n      \"AcctId\": \"<string>\",\n      \"AcctType\": \"<string>\"\n    },\n    \"ePreferenceIdent\": \"<string>\"\n  }\n}","options":{"raw":{"language":"json"}}}},"status":"Internal Server Error","code":500,"header":[{"key":"Content-Type","value":"application/json"}],"body":"{\n  \"ePreferenceStatusRec\": {\n    \"ePreferenceKeys\": [\n      {\n        \"AcctKeys\": {\n          \"AcctId\": \"consequat reprehenderit\",\n          \"AcctType\": \"fugiat proident\"\n        },\n        \"ePreferenceIdent\": \"dolore ex \"\n      },\n      {\n        \"AcctKeys\": {\n          \"AcctId\": \"eu nulla sit r\",\n          \"AcctType\": \"enim non cupidatat in\"\n        },\n        \"ePreferenceIdent\": \"ex ut\"\n      }\n    ],\n    \"ePreferenceStatus\": {\n      \"ePreferenceStatusCode\": \"Valid\",\n      \"EffDt\": \"8820-37-74\"\n    }\n  },\n  \"Status\": {\n    \"Severity\": \"Error\",\n    \"StatusCode\": \"consequat\",\n    \"StatusDesc\": \"eu esse Lorem non ex\",\n    \"SvcProviderName\": \"reprehenderit occaecat\",\n    \"Id\": \"ut dolor amet\",\n    \"ServerStatusCode\": \"in occaecat irure mo\",\n    \"ServerStatusDesc\": \"enim in\",\n    \"OvrdExceptionInd\": false,\n    \"SubjectRole\": \"dolore officia in dolor\",\n    \"SubjectElement\": [\n      {\n        \"Path\": \"qui\",\n        \"ServerPath\": \"dolore laboris consequat\",\n        \"Value\": \"consectetur Duis\"\n      },\n      {\n        \"Path\": \"in proident ea\",\n        \"ServerPath\": \"enim\",\n        \"Value\": \"culpa commodo est eu\"\n      }\n    ],\n    \"ContentHTML\": \"ex consectetur\",\n    \"AdditionalStatus\": [\n      {\n        \"StatusCode\": \"proident d\",\n        \"StatusDesc\": \"elit dolor nostrud\",\n        \"Severity\": \"Error\",\n        \"SvcProviderName\": \"anim consequat\",\n        \"ServerStatusCode\": \"eu\",\n        \"ServerStatusDesc\": \"fugiat aliquip anim\",\n        \"OvrdExceptionInd\": true,\n        \"SubjectElement\": [\n          {\n            \"Path\": \"est exercitation occaecat Excepteur\",\n            \"ServerPath\": \"voluptate occaecat sint\",\n            \"Value\": \"id sit\"\n          },\n          {\n            \"Path\": \"sint et\",\n            \"ServerPath\": \"officia sint dolore reprehenderit labore\",\n            \"Value\": \"sit\"\n          }\n        ]\n      },\n      {\n        \"StatusCode\": \"ea\",\n        \"StatusDesc\": \"dolor amet\",\n        \"Severity\": \"Error\",\n        \"SvcProviderName\": \"culpa ipsum fugiat in ut\",\n        \"ServerStatusCode\": \"qui in quis\",\n        \"ServerStatusDesc\": \"voluptate cillum commodo officia\",\n        \"OvrdExceptionInd\": false,\n        \"SubjectElement\": [\n          {\n            \"Path\": \"dolore labore\",\n            \"ServerPath\": \"est \",\n            \"Value\": \"laborum veniam\"\n          },\n          {\n            \"Path\": \"ex nostrud ea\",\n            \"ServerPath\": \"cillum ex\",\n            \"Value\": \"enim tempor elit adipisicing\"\n          }\n        ]\n      }\n    ]\n  }\n}","cookie":[],"_postman_previewlanguage":"json"}],"event":[],"protocolProfileBehavior":{"disableBodyPruning":true}},{"id":"4216497c-ae40-48e8-bf32-2dd1c4d489a2","name":"Get ePreference.","request":{"name":"Get ePreference.","description":{"content":"Get ePreference API retrieves the electronic preferences for statements and notice distributions for the selected account. <br> For Premier, to select a single ePreference record, the identifier ePreferenceKeys is sent in the request and to get a complete list of ePreference records, the identifier AcctKeys is sent in the request.","type":"text/plain"},"url":{"path":["epreferenceservice","epreference","ePreferences","secured"],"host":["{{baseUrl}}"],"query":[],"variable":[]},"header":[{"disabled":false,"description":"(Required) EFX Header is a common and required component for all API calls, it contains client-related parameters. Please note that the header parameters should be sent as a JSON object under the EFXHeader parameter. To view the list of header parameters, <a href=\"../docs?path=docs/api-ref-EFX-header.md\" title=\"Click to open\"> click here.</a>","key":"EFXHeader","value":"OrganizationId,<string>,TrnId,<string>,VendorId,<string>,Context,[object Object]"},{"key":"Content-Type","value":"application/json"},{"key":"Accept","value":"application/json"}],"method":"POST","auth":null,"body":{"mode":"raw","raw":"{\n  \"ePreferenceSel\": {\n    \"ePreferenceKeys\": {\n      \"AcctKeys\": {\n        \"AcctId\": \"<string>\",\n        \"AcctType\": \"<string>\"\n      },\n      \"ePreferenceIdent\": \"<string>\"\n    },\n    \"AcctKeys\": {\n      \"AcctId\": \"<string>\",\n      \"AcctType\": \"<string>\"\n    }\n  },\n  \"OvrdExceptionData\": {\n    \"OvrdAutoAckInd\": \"<boolean>\"\n  }\n}","options":{"raw":{"language":"json"}}}},"response":[{"id":"6ff98969-d005-4c1c-b575-8270a674c334","name":"Success","originalRequest":{"url":{"path":["epreferenceservice","epreference","ePreferences","secured"],"host":["{{baseUrl}}"],"query":[],"variable":[]},"header":[{"disabled":false,"description":"(Required) EFX Header is a common and required component for all API calls, it contains client-related parameters. Please note that the header parameters should be sent as a JSON object under the EFXHeader parameter. To view the list of header parameters, <a href=\"../docs?path=docs/api-ref-EFX-header.md\" title=\"Click to open\"> click here.</a>","key":"EFXHeader","value":"OrganizationId,<string>,TrnId,<string>,VendorId,<string>,Context,[object Object]"},{"key":"Accept","value":"application/json"}],"method":"POST","body":{"mode":"raw","raw":"{\n  \"ePreferenceSel\": {\n    \"ePreferenceKeys\": {\n      \"AcctKeys\": {\n        \"AcctId\": \"<string>\",\n        \"AcctType\": \"<string>\"\n      },\n      \"ePreferenceIdent\": \"<string>\"\n    },\n    \"AcctKeys\": {\n      \"AcctId\": \"<string>\",\n      \"AcctType\": \"<string>\"\n    }\n  },\n  \"OvrdExceptionData\": {\n    \"OvrdAutoAckInd\": \"<boolean>\"\n  }\n}","options":{"raw":{"language":"json"}}}},"status":"OK","code":200,"header":[{"key":"Content-Type","value":"application/json"}],"body":"{\n  \"ePreferenceRec\": [\n    {\n      \"ePreferenceInfo\": {\n        \"DocGroupName\": \"do ut i\",\n        \"CombinedStmtInd\": true,\n        \"Pswd\": \"ei\",\n        \"StmtPrepCode\": \"aute ullamco magna do inc\",\n        \"StmtTruncationOption\": \"nulla in nisi ut officia\",\n        \"NoticeData\": [\n          {\n            \"NoticeType\": \"ChargeBack\",\n            \"NoticeOption\": \"NoNotice\"\n          },\n          {\n            \"NoticeType\": \"ChargeBack\",\n            \"NoticeOption\": \"NoNotice\"\n          }\n        ],\n        \"EmailLink\": [\n          {\n            \"Email\": {\n              \"value\": \"<Error: Too many levels of nesting to fake this schema>\"\n            },\n            \"UserKey\": \"do\"\n          },\n          {\n            \"Email\": {\n              \"value\": \"<Error: Too many levels of nesting to fake this schema>\"\n            },\n            \"UserKey\": \"laboris in qui sit\"\n          }\n        ]\n      },\n      \"ePreferenceKeys\": {\n        \"AcctKeys\": {\n          \"AcctId\": \"<string>\",\n          \"AcctType\": \"<string>\"\n        },\n        \"ePreferenceIdent\": \"<string>\"\n      },\n      \"ePreferenceStatus\": {\n        \"ePreferenceStatusCode\": \"Valid\",\n        \"EffDt\": \"4582-68-57T03:14:36\"\n      }\n    },\n    {\n      \"ePreferenceInfo\": {\n        \"DocGroupName\": \"nulla\",\n        \"CombinedStmtInd\": false,\n        \"Pswd\": \"in minim sint amet te\",\n        \"StmtPrepCode\": \"et cupidatat\",\n        \"StmtTruncationOption\": \"occaecat est\",\n        \"NoticeData\": [\n          {\n            \"NoticeType\": \"RegularNotice\",\n            \"NoticeOption\": \"NoNotice\"\n          },\n          {\n            \"NoticeType\": \"ChargeBack\",\n            \"NoticeOption\": \"NoNotice\"\n          }\n        ],\n        \"EmailLink\": [\n          {\n            \"Email\": {\n              \"value\": \"<Error: Too many levels of nesting to fake this schema>\"\n            },\n            \"UserKey\": \"ut Lorem cillum\"\n          },\n          {\n            \"Email\": {\n              \"value\": \"<Error: Too many levels of nesting to fake this schema>\"\n            },\n            \"UserKey\": \"enim fugiat\"\n          }\n        ]\n      },\n      \"ePreferenceKeys\": {\n        \"AcctKeys\": {\n          \"AcctId\": \"<string>\",\n          \"AcctType\": \"<string>\"\n        },\n        \"ePreferenceIdent\": \"<string>\"\n      },\n      \"ePreferenceStatus\": {\n        \"ePreferenceStatusCode\": \"Valid\",\n        \"EffDt\": \"4323-15-14\"\n      }\n    }\n  ],\n  \"Status\": {\n    \"Severity\": \"Info\",\n    \"StatusCode\": \"sit\",\n    \"StatusDesc\": \"dolor velit\",\n    \"SvcProviderName\": \"nisi amet id ut\",\n    \"Id\": \"officia in dolor est aliqua\",\n    \"ServerStatusCode\": \"sit \",\n    \"ServerStatusDesc\": \"consectetur nostrud\",\n    \"OvrdExceptionInd\": false,\n    \"SubjectRole\": \"occaecat est ipsum ut\",\n    \"SubjectElement\": [\n      {\n        \"Path\": \"quis ipsum ullamco\",\n        \"ServerPath\": \"nulla officia dolore eiusmod\",\n        \"Value\": \"in occaecat cupidatat\"\n      },\n      {\n        \"Path\": \"magna Excepteur fug\",\n        \"ServerPath\": \"aliquip ipsum Duis est\",\n        \"Value\": \"officia exercitati\"\n      }\n    ],\n    \"ContentHTML\": \"eiusmod aute nulla\",\n    \"AdditionalStatus\": [\n      {\n        \"StatusCode\": \"r\",\n        \"StatusDesc\": \"officia\",\n        \"Severity\": \"Info\",\n        \"SvcProviderName\": \"Duis ea dolor magna\",\n        \"ServerStatusCode\": \"aliqua repreh\",\n        \"ServerStatusDesc\": \"sunt irure Excepteur\",\n        \"OvrdExceptionInd\": false,\n        \"SubjectElement\": [\n          {\n            \"Path\": \"commodo nostrud\",\n            \"ServerPath\": \"quis in irure anim\",\n            \"Value\": \"dolore\"\n          },\n          {\n            \"Path\": \"proident officia velit laboris\",\n            \"ServerPath\": \"et cupidatat qui Excepteur\",\n            \"Value\": \"veniam ad cillum Duis sit\"\n          }\n        ]\n      },\n      {\n        \"StatusCode\": \"dolore pro\",\n        \"StatusDesc\": \"enim aute laborum\",\n        \"Severity\": \"Info\",\n        \"SvcProviderName\": \"officia irure quis\",\n        \"ServerStatusCode\": \"exercita\",\n        \"ServerStatusDesc\": \"dolore commodo consectetur Excepteur\",\n        \"OvrdExceptionInd\": false,\n        \"SubjectElement\": [\n          {\n            \"Path\": \"aute adipisicing sit dolor\",\n            \"ServerPath\": \"aliqua non\",\n            \"Value\": \"eiusmod proident sit laboris\"\n          },\n          {\n            \"Path\": \"adipisicing veniam proident\",\n            \"ServerPath\": \"esse dolor\",\n            \"Value\": \"cupidatat reprehenderit labore non\"\n          }\n        ]\n      }\n    ]\n  },\n  \"RecCtrlOut\": {\n    \"SentRecCount\": -85342216\n  }\n}","cookie":[],"_postman_previewlanguage":"json"},{"id":"a167c48d-df56-45a4-b665-4bd25b0cc1d7","name":"To view the complete list of response codes, <a href=\"../docs/?path=docs/response-codes.md\" title=\"Click to open\">click here.</a>","originalRequest":{"url":{"path":["epreferenceservice","epreference","ePreferences","secured"],"host":["{{baseUrl}}"],"query":[],"variable":[]},"header":[{"disabled":false,"description":"(Required) EFX Header is a common and required component for all API calls, it contains client-related parameters. Please note that the header parameters should be sent as a JSON object under the EFXHeader parameter. To view the list of header parameters, <a href=\"../docs?path=docs/api-ref-EFX-header.md\" title=\"Click to open\"> click here.</a>","key":"EFXHeader","value":"OrganizationId,<string>,TrnId,<string>,VendorId,<string>,Context,[object Object]"},{"key":"Accept","value":"application/json"}],"method":"POST","body":{"mode":"raw","raw":"{\n  \"ePreferenceSel\": {\n    \"ePreferenceKeys\": {\n      \"AcctKeys\": {\n        \"AcctId\": \"<string>\",\n        \"AcctType\": \"<string>\"\n      },\n      \"ePreferenceIdent\": \"<string>\"\n    },\n    \"AcctKeys\": {\n      \"AcctId\": \"<string>\",\n      \"AcctType\": \"<string>\"\n    }\n  },\n  \"OvrdExceptionData\": {\n    \"OvrdAutoAckInd\": \"<boolean>\"\n  }\n}","options":{"raw":{"language":"json"}}}},"status":"Internal Server Error","code":500,"header":[{"key":"Content-Type","value":"application/json"}],"body":"{\n  \"ePreferenceRec\": [\n    {\n      \"ePreferenceInfo\": {\n        \"DocGroupName\": \"eu consectetur ea sed\",\n        \"CombinedStmtInd\": true,\n        \"Pswd\": \"dolore ad qui\",\n        \"StmtPrepCode\": \"sunt tempor aliquip eiusmod laboris\",\n        \"StmtTruncationOption\": \"in consequat dolore proident\",\n        \"NoticeData\": [\n          {\n            \"NoticeType\": \"ChargeBack\",\n            \"NoticeOption\": \"NoNotice\"\n          },\n          {\n            \"NoticeType\": \"RegularNotice\",\n            \"NoticeOption\": \"NoNotice\"\n          }\n        ],\n        \"EmailLink\": [\n          {\n            \"Email\": {\n              \"value\": \"<Error: Too many levels of nesting to fake this schema>\"\n            },\n            \"UserKey\": \"in\"\n          },\n          {\n            \"Email\": {\n              \"value\": \"<Error: Too many levels of nesting to fake this schema>\"\n            },\n            \"UserKey\": \"sit\"\n          }\n        ]\n      },\n      \"ePreferenceKeys\": {\n        \"AcctKeys\": {\n          \"AcctId\": \"<string>\",\n          \"AcctType\": \"<string>\"\n        },\n        \"ePreferenceIdent\": \"<string>\"\n      },\n      \"ePreferenceStatus\": {\n        \"ePreferenceStatusCode\": \"Valid\",\n        \"EffDt\": \"0648-41-87\"\n      }\n    },\n    {\n      \"ePreferenceInfo\": {\n        \"DocGroupName\": \"amet laboru\",\n        \"CombinedStmtInd\": true,\n        \"Pswd\": \"in\",\n        \"StmtPrepCode\": \"Ut cillum id sit\",\n        \"StmtTruncationOption\": \"fugiat\",\n        \"NoticeData\": [\n          {\n            \"NoticeType\": \"RegularNotice\",\n            \"NoticeOption\": \"NoNotice\"\n          },\n          {\n            \"NoticeType\": \"ChargeBack\",\n            \"NoticeOption\": \"NoNotice\"\n          }\n        ],\n        \"EmailLink\": [\n          {\n            \"Email\": {\n              \"value\": \"<Error: Too many levels of nesting to fake this schema>\"\n            },\n            \"UserKey\": \"in sed ut\"\n          },\n          {\n            \"Email\": {\n              \"value\": \"<Error: Too many levels of nesting to fake this schema>\"\n            },\n            \"UserKey\": \"est\"\n          }\n        ]\n      },\n      \"ePreferenceKeys\": {\n        \"AcctKeys\": {\n          \"AcctId\": \"<string>\",\n          \"AcctType\": \"<string>\"\n        },\n        \"ePreferenceIdent\": \"<string>\"\n      },\n      \"ePreferenceStatus\": {\n        \"ePreferenceStatusCode\": \"Valid\",\n        \"EffDt\": \"2799-77-45T83:29:55+66:87\"\n      }\n    }\n  ],\n  \"Status\": {\n    \"Severity\": \"Warning\",\n    \"StatusCode\": \"deserunt\",\n    \"StatusDesc\": \"sed cillum qui\",\n    \"SvcProviderName\": \"laboris fugiat dolore quis\",\n    \"Id\": \"do\",\n    \"ServerStatusCode\": \"enim dolore \",\n    \"ServerStatusDesc\": \"nulla sed do\",\n    \"OvrdExceptionInd\": true,\n    \"SubjectRole\": \"ex ame\",\n    \"SubjectElement\": [\n      {\n        \"Path\": \"do Duis sit\",\n        \"ServerPath\": \"labore\",\n        \"Value\": \"ea et\"\n      },\n      {\n        \"Path\": \"Duis laboris\",\n        \"ServerPath\": \"officia est nisi quis\",\n        \"Value\": \"adip\"\n      }\n    ],\n    \"ContentHTML\": \"et elit\",\n    \"AdditionalStatus\": [\n      {\n        \"StatusCode\": \"elit exercitati\",\n        \"StatusDesc\": \"in et\",\n        \"Severity\": \"Warning\",\n        \"SvcProviderName\": \"officia Excepteur ex\",\n        \"ServerStatusCode\": \"par\",\n        \"ServerStatusDesc\": \"in ut\",\n        \"OvrdExceptionInd\": false,\n        \"SubjectElement\": [\n          {\n            \"Path\": \"proident exercitation dolor deserunt eiusmod\",\n            \"ServerPath\": \"ut occaec\",\n            \"Value\": \"officia non voluptate\"\n          },\n          {\n            \"Path\": \"deserunt officia Lorem\",\n            \"ServerPath\": \"adipisicing proident id pariatur\",\n            \"Value\": \"qui\"\n          }\n        ]\n      },\n      {\n        \"StatusCode\": \"ullamco cillum\",\n        \"StatusDesc\": \"proident esse veniam\",\n        \"Severity\": \"Info\",\n        \"SvcProviderName\": \"exercitation\",\n        \"ServerStatusCode\": \"\",\n        \"ServerStatusDesc\": \"irure id adipisicing veniam\",\n        \"OvrdExceptionInd\": false,\n        \"SubjectElement\": [\n          {\n            \"Path\": \"laborum nulla\",\n            \"ServerPath\": \"deserunt reprehenderit\",\n            \"Value\": \"non officia pariatur\"\n          },\n          {\n            \"Path\": \"officia\",\n            \"ServerPath\": \"dolore cupidatat\",\n            \"Value\": \"velit incididunt in dolore sunt\"\n          }\n        ]\n      }\n    ]\n  },\n  \"RecCtrlOut\": {\n    \"SentRecCount\": -26542652\n  }\n}","cookie":[],"_postman_previewlanguage":"json"}],"event":[],"protocolProfileBehavior":{"disableBodyPruning":true}}],"event":[]}],"event":[]}],"event":[],"variable":[{"type":"string","value":"/","key":"baseUrl"}],"info":{"_postman_id":"ed460416-0fca-4de1-8713-90f4f8a8187e","name":"ePreference Service","schema":"https://schema.getpostman.com/json/collection/v2.1.0/collection.json","description":{"content":"ePreference service contains methods that allow consumers to set up instructions for electronic document delivery distribution.","type":"text/plain"}}}