{"item":[{"id":"845f8bd6-bde5-4eb0-8e2c-4312d9ced254","name":"Add Escrow.","request":{"name":"Add Escrow.","description":{"content":"Add Escrow API creates an escrow record for an existing loan account. <br> To create the escrow record it is required to provide the escrow category that indicates type of escrow such as Escrow Tax, Escrow Insurance or Other. Most of the escrow data is comman between different escrow categories. Only tax and insurance records have additional data specific to these type of escrow.","type":"text/plain"},"url":{"path":["escrowservice","lending","escrow"],"host":["{{baseUrl}}"],"query":[],"variable":[]},"header":[{"disabled":false,"description":"(Required) EFX Header is a common and required component for all API calls, it contains client-related parameters. Please note that the header parameters should be sent as a JSON object under the EFXHeader parameter. To view the list of header parameters, <a href=\"../docs?path=docs/api-ref-EFX-header.md\" title=\"Click to open\"> click here.</a>","key":"EFXHeader","value":"OrganizationId,<string>,TrnId,<string>,VendorId,<string>,Context,[object Object]"},{"key":"Content-Type","value":"application/json"},{"key":"Accept","value":"application/json"}],"method":"POST","auth":null,"body":{"mode":"raw","raw":"{\n  \"EscrowInfo\": {\n    \"AcctKeys\": {\n      \"AcctId\": \"<string>\",\n      \"AcctType\": \"<string>\"\n    },\n    \"EscrowType\": \"<string>\",\n    \"Desc\": \"<string>\",\n    \"EscrowCategory\": \"<string>\",\n    \"IncEscrowAnalysisInd\": \"<boolean>\",\n    \"CushionPmtNum\": \"<long>\",\n    \"EscrowCoverageAmt\": {\n      \"Amt\": \"<number>\",\n      \"CurCode\": {\n        \"CurCodeValue\": \"<string>\",\n        \"CurCodeType\": \"<string>\"\n      }\n    },\n    \"EscrowExpDt\": \"<date>\",\n    \"ExpDt\": \"<date>\",\n    \"DisburseData\": {\n      \"DisburseTo\": \"<string>\",\n      \"AgentId\": \"<string>\",\n      \"DisburseRefNum\": \"<string>\",\n      \"DisburseMethod\": \"<string>\",\n      \"DisburseAmt\": {\n        \"Amt\": \"<number>\",\n        \"CurCode\": {\n          \"CurCodeValue\": \"<string>\",\n          \"CurCodeType\": \"<string>\"\n        }\n      },\n      \"NextDisburseDt\": \"<date>\",\n      \"DisburseSched\": [\n        {\n          \"DisburseSchedIdent\": \"<string>\",\n          \"DisburseDt\": \"<date>\",\n          \"DisburseAmt\": {\n            \"Amt\": {\n              \"value\": \"<Error: Too many levels of nesting to fake this schema>\"\n            },\n            \"CurCode\": {\n              \"value\": \"<Error: Too many levels of nesting to fake this schema>\"\n            }\n          },\n          \"DisburseStatus\": \"<string>\"\n        },\n        {\n          \"DisburseSchedIdent\": \"<string>\",\n          \"DisburseDt\": \"<date>\",\n          \"DisburseAmt\": {\n            \"Amt\": {\n              \"value\": \"<Error: Too many levels of nesting to fake this schema>\"\n            },\n            \"CurCode\": {\n              \"value\": \"<Error: Too many levels of nesting to fake this schema>\"\n            }\n          },\n          \"DisburseStatus\": \"<string>\"\n        }\n      ],\n      \"DateUpdateOption\": \"<string>\",\n      \"DisburseAmtUpdateOption\": \"<string>\"\n    },\n    \"EscrowInsuranceData\": {\n      \"Term\": {\n        \"TermUnits\": \"<string>\",\n        \"Count\": \"<long>\"\n      },\n      \"PremiumPct\": \"<number>\"\n    },\n    \"PropertyValueAmt\": {\n      \"Amt\": \"<number>\",\n      \"CurCode\": {\n        \"CurCodeValue\": \"<string>\",\n        \"CurCodeType\": \"<string>\"\n      }\n    },\n    \"EscrowTaxData\": {\n      \"TownshipCode\": \"<string>\",\n      \"County\": \"<string>\",\n      \"StateProv\": \"<string>\",\n      \"TaxServiceData\": {\n        \"ServiceContract\": \"<string>\",\n        \"ServiceContractSuffix\": \"<string>\"\n      }\n    },\n    \"RelationshipMgr\": {\n      \"RelationshipMgrIdent\": \"<string>\",\n      \"RelationshipRole\": \"<string>\"\n    },\n    \"ReportGroupCode\": \"<string>\",\n    \"PostAddr\": {\n      \"AddrType\": \"<string>\",\n      \"AddressIdent\": \"<string>\"\n    },\n    \"ReviewData\": {\n      \"ReviewFrequency\": {\n        \"RecurType\": \"<string>\",\n        \"RecurInterval\": \"<string>\"\n      },\n      \"NextReviewDt\": \"<date>\"\n    },\n    \"ClientDefinedData\": [\n      {\n        \"DataIdent\": \"<string>\",\n        \"Value\": \"<string>\",\n        \"ExpDt\": \"<date>\"\n      },\n      {\n        \"DataIdent\": \"<string>\",\n        \"Value\": \"<string>\",\n        \"ExpDt\": \"<date>\"\n      }\n    ]\n  },\n  \"OvrdExceptionData\": {\n    \"OvrdAutoAckInd\": \"<boolean>\"\n  }\n}","options":{"raw":{"language":"json"}}}},"response":[{"id":"c0424d02-b459-4a89-a40f-1dddff197599","name":"Created","originalRequest":{"url":{"path":["escrowservice","lending","escrow"],"host":["{{baseUrl}}"],"query":[],"variable":[]},"header":[{"disabled":false,"description":"(Required) EFX Header is a common and required component for all API calls, it contains client-related parameters. Please note that the header parameters should be sent as a JSON object under the EFXHeader parameter. To view the list of header parameters, <a href=\"../docs?path=docs/api-ref-EFX-header.md\" title=\"Click to open\"> click here.</a>","key":"EFXHeader","value":"OrganizationId,<string>,TrnId,<string>,VendorId,<string>,Context,[object Object]"},{"key":"Accept","value":"application/json"}],"method":"POST","body":{"mode":"raw","raw":"{\n  \"EscrowInfo\": {\n    \"AcctKeys\": {\n      \"AcctId\": \"<string>\",\n      \"AcctType\": \"<string>\"\n    },\n    \"EscrowType\": \"<string>\",\n    \"Desc\": \"<string>\",\n    \"EscrowCategory\": \"<string>\",\n    \"IncEscrowAnalysisInd\": \"<boolean>\",\n    \"CushionPmtNum\": \"<long>\",\n    \"EscrowCoverageAmt\": {\n      \"Amt\": \"<number>\",\n      \"CurCode\": {\n        \"CurCodeValue\": \"<string>\",\n        \"CurCodeType\": \"<string>\"\n      }\n    },\n    \"EscrowExpDt\": \"<date>\",\n    \"ExpDt\": \"<date>\",\n    \"DisburseData\": {\n      \"DisburseTo\": \"<string>\",\n      \"AgentId\": \"<string>\",\n      \"DisburseRefNum\": \"<string>\",\n      \"DisburseMethod\": \"<string>\",\n      \"DisburseAmt\": {\n        \"Amt\": \"<number>\",\n        \"CurCode\": {\n          \"CurCodeValue\": \"<string>\",\n          \"CurCodeType\": \"<string>\"\n        }\n      },\n      \"NextDisburseDt\": \"<date>\",\n      \"DisburseSched\": [\n        {\n          \"DisburseSchedIdent\": \"<string>\",\n          \"DisburseDt\": \"<date>\",\n          \"DisburseAmt\": {\n            \"Amt\": {\n              \"value\": \"<Error: Too many levels of nesting to fake this schema>\"\n            },\n            \"CurCode\": {\n              \"value\": \"<Error: Too many levels of nesting to fake this schema>\"\n            }\n          },\n          \"DisburseStatus\": \"<string>\"\n        },\n        {\n          \"DisburseSchedIdent\": \"<string>\",\n          \"DisburseDt\": \"<date>\",\n          \"DisburseAmt\": {\n            \"Amt\": {\n              \"value\": \"<Error: Too many levels of nesting to fake this schema>\"\n            },\n            \"CurCode\": {\n              \"value\": \"<Error: Too many levels of nesting to fake this schema>\"\n            }\n          },\n          \"DisburseStatus\": \"<string>\"\n        }\n      ],\n      \"DateUpdateOption\": \"<string>\",\n      \"DisburseAmtUpdateOption\": \"<string>\"\n    },\n    \"EscrowInsuranceData\": {\n      \"Term\": {\n        \"TermUnits\": \"<string>\",\n        \"Count\": \"<long>\"\n      },\n      \"PremiumPct\": \"<number>\"\n    },\n    \"PropertyValueAmt\": {\n      \"Amt\": \"<number>\",\n      \"CurCode\": {\n        \"CurCodeValue\": \"<string>\",\n        \"CurCodeType\": \"<string>\"\n      }\n    },\n    \"EscrowTaxData\": {\n      \"TownshipCode\": \"<string>\",\n      \"County\": \"<string>\",\n      \"StateProv\": \"<string>\",\n      \"TaxServiceData\": {\n        \"ServiceContract\": \"<string>\",\n        \"ServiceContractSuffix\": \"<string>\"\n      }\n    },\n    \"RelationshipMgr\": {\n      \"RelationshipMgrIdent\": \"<string>\",\n      \"RelationshipRole\": \"<string>\"\n    },\n    \"ReportGroupCode\": \"<string>\",\n    \"PostAddr\": {\n      \"AddrType\": \"<string>\",\n      \"AddressIdent\": \"<string>\"\n    },\n    \"ReviewData\": {\n      \"ReviewFrequency\": {\n        \"RecurType\": \"<string>\",\n        \"RecurInterval\": \"<string>\"\n      },\n      \"NextReviewDt\": \"<date>\"\n    },\n    \"ClientDefinedData\": [\n      {\n        \"DataIdent\": \"<string>\",\n        \"Value\": \"<string>\",\n        \"ExpDt\": \"<date>\"\n      },\n      {\n        \"DataIdent\": \"<string>\",\n        \"Value\": \"<string>\",\n        \"ExpDt\": \"<date>\"\n      }\n    ]\n  },\n  \"OvrdExceptionData\": {\n    \"OvrdAutoAckInd\": \"<boolean>\"\n  }\n}","options":{"raw":{"language":"json"}}}},"status":"Created","code":201,"header":[{"key":"Content-Type","value":"application/json"}],"body":"{\n  \"EscrowStatusRec\": {\n    \"EscrowKeys\": {\n      \"AcctKeys\": {\n        \"AcctId\": \"<string>\",\n        \"AcctType\": \"<string>\"\n      },\n      \"EscrowCategory\": \"Other\",\n      \"EscrowIdent\": \"eiusmod\"\n    },\n    \"EscrowStatus\": {\n      \"EscrowStatusCode\": \"id nostrud\",\n      \"EffDt\": \"1479-74-00\"\n    }\n  },\n  \"Status\": {\n    \"Severity\": \"Warning\",\n    \"StatusCode\": \"fugiat ad\",\n    \"StatusDesc\": \"consectetur sunt in ad\",\n    \"SvcProviderName\": \"magna de\",\n    \"Id\": \"cillum tempor\",\n    \"ServerStatusCode\": \"amet\",\n    \"ServerStatusDesc\": \"reprehenderit id ipsum ea\",\n    \"OvrdExceptionInd\": false,\n    \"SubjectRole\": \"aliqua veniam\",\n    \"SubjectElement\": [\n      {\n        \"Path\": \"qui nostrud\",\n        \"ServerPath\": \"non\",\n        \"Value\": \"moll\"\n      },\n      {\n        \"Path\": \"est\",\n        \"ServerPath\": \"laboris Lorem ex\",\n        \"Value\": \"do in ut exercitation voluptate\"\n      }\n    ],\n    \"ContentHTML\": \"amet\",\n    \"AdditionalStatus\": [\n      {\n        \"StatusCode\": \"ex ad conse\",\n        \"StatusDesc\": \"id irure aute\",\n        \"Severity\": \"Info\",\n        \"SvcProviderName\": \"irure sin\",\n        \"ServerStatusCode\": \"non nisi est aliq\",\n        \"ServerStatusDesc\": \"proident veniam quis esse velit\",\n        \"OvrdExceptionInd\": true,\n        \"SubjectElement\": [\n          {\n            \"Path\": \"ad culpa dolor ex\",\n            \"ServerPath\": \"officia amet culpa\",\n            \"Value\": \"aliqua cupidatat proident consectetur\"\n          },\n          {\n            \"Path\": \"sunt nisi dolor ut\",\n            \"ServerPath\": \"eu commodo sed\",\n            \"Value\": \"nostrud in Duis\"\n          }\n        ]\n      },\n      {\n        \"StatusCode\": \"deser\",\n        \"StatusDesc\": \"mollit labore officia\",\n        \"Severity\": \"Warning\",\n        \"SvcProviderName\": \"proident\",\n        \"ServerStatusCode\": \"exercitation vol\",\n        \"ServerStatusDesc\": \"reprehenderit fugiat magna ea esse\",\n        \"OvrdExceptionInd\": true,\n        \"SubjectElement\": [\n          {\n            \"Path\": \"velit fugiat incididunt\",\n            \"ServerPath\": \"mollit ullamco cillum sed\",\n            \"Value\": \"mollit nostrud non\"\n          },\n          {\n            \"Path\": \"ut elit\",\n            \"ServerPath\": \"irure\",\n            \"Value\": \"proident eiusmod minim sed velit\"\n          }\n        ]\n      }\n    ]\n  }\n}","cookie":[],"_postman_previewlanguage":"json"},{"id":"410e4d56-a1f7-4b08-b66f-3779a260022b","name":"To view the complete list of response codes, <a href=\"../docs/?path=docs/response-codes.md\" title=\"Click to open\">click here.</a>","originalRequest":{"url":{"path":["escrowservice","lending","escrow"],"host":["{{baseUrl}}"],"query":[],"variable":[]},"header":[{"disabled":false,"description":"(Required) EFX Header is a common and required component for all API calls, it contains client-related parameters. Please note that the header parameters should be sent as a JSON object under the EFXHeader parameter. To view the list of header parameters, <a href=\"../docs?path=docs/api-ref-EFX-header.md\" title=\"Click to open\"> click here.</a>","key":"EFXHeader","value":"OrganizationId,<string>,TrnId,<string>,VendorId,<string>,Context,[object Object]"},{"key":"Accept","value":"application/json"}],"method":"POST","body":{"mode":"raw","raw":"{\n  \"EscrowInfo\": {\n    \"AcctKeys\": {\n      \"AcctId\": \"<string>\",\n      \"AcctType\": \"<string>\"\n    },\n    \"EscrowType\": \"<string>\",\n    \"Desc\": \"<string>\",\n    \"EscrowCategory\": \"<string>\",\n    \"IncEscrowAnalysisInd\": \"<boolean>\",\n    \"CushionPmtNum\": \"<long>\",\n    \"EscrowCoverageAmt\": {\n      \"Amt\": \"<number>\",\n      \"CurCode\": {\n        \"CurCodeValue\": \"<string>\",\n        \"CurCodeType\": \"<string>\"\n      }\n    },\n    \"EscrowExpDt\": \"<date>\",\n    \"ExpDt\": \"<date>\",\n    \"DisburseData\": {\n      \"DisburseTo\": \"<string>\",\n      \"AgentId\": \"<string>\",\n      \"DisburseRefNum\": \"<string>\",\n      \"DisburseMethod\": \"<string>\",\n      \"DisburseAmt\": {\n        \"Amt\": \"<number>\",\n        \"CurCode\": {\n          \"CurCodeValue\": \"<string>\",\n          \"CurCodeType\": \"<string>\"\n        }\n      },\n      \"NextDisburseDt\": \"<date>\",\n      \"DisburseSched\": [\n        {\n          \"DisburseSchedIdent\": \"<string>\",\n          \"DisburseDt\": \"<date>\",\n          \"DisburseAmt\": {\n            \"Amt\": {\n              \"value\": \"<Error: Too many levels of nesting to fake this schema>\"\n            },\n            \"CurCode\": {\n              \"value\": \"<Error: Too many levels of nesting to fake this schema>\"\n            }\n          },\n          \"DisburseStatus\": \"<string>\"\n        },\n        {\n          \"DisburseSchedIdent\": \"<string>\",\n          \"DisburseDt\": \"<date>\",\n          \"DisburseAmt\": {\n            \"Amt\": {\n              \"value\": \"<Error: Too many levels of nesting to fake this schema>\"\n            },\n            \"CurCode\": {\n              \"value\": \"<Error: Too many levels of nesting to fake this schema>\"\n            }\n          },\n          \"DisburseStatus\": \"<string>\"\n        }\n      ],\n      \"DateUpdateOption\": \"<string>\",\n      \"DisburseAmtUpdateOption\": \"<string>\"\n    },\n    \"EscrowInsuranceData\": {\n      \"Term\": {\n        \"TermUnits\": \"<string>\",\n        \"Count\": \"<long>\"\n      },\n      \"PremiumPct\": \"<number>\"\n    },\n    \"PropertyValueAmt\": {\n      \"Amt\": \"<number>\",\n      \"CurCode\": {\n        \"CurCodeValue\": \"<string>\",\n        \"CurCodeType\": \"<string>\"\n      }\n    },\n    \"EscrowTaxData\": {\n      \"TownshipCode\": \"<string>\",\n      \"County\": \"<string>\",\n      \"StateProv\": \"<string>\",\n      \"TaxServiceData\": {\n        \"ServiceContract\": \"<string>\",\n        \"ServiceContractSuffix\": \"<string>\"\n      }\n    },\n    \"RelationshipMgr\": {\n      \"RelationshipMgrIdent\": \"<string>\",\n      \"RelationshipRole\": \"<string>\"\n    },\n    \"ReportGroupCode\": \"<string>\",\n    \"PostAddr\": {\n      \"AddrType\": \"<string>\",\n      \"AddressIdent\": \"<string>\"\n    },\n    \"ReviewData\": {\n      \"ReviewFrequency\": {\n        \"RecurType\": \"<string>\",\n        \"RecurInterval\": \"<string>\"\n      },\n      \"NextReviewDt\": \"<date>\"\n    },\n    \"ClientDefinedData\": [\n      {\n        \"DataIdent\": \"<string>\",\n        \"Value\": \"<string>\",\n        \"ExpDt\": \"<date>\"\n      },\n      {\n        \"DataIdent\": \"<string>\",\n        \"Value\": \"<string>\",\n        \"ExpDt\": \"<date>\"\n      }\n    ]\n  },\n  \"OvrdExceptionData\": {\n    \"OvrdAutoAckInd\": \"<boolean>\"\n  }\n}","options":{"raw":{"language":"json"}}}},"status":"Internal Server Error","code":500,"header":[{"key":"Content-Type","value":"application/json"}],"body":"{\n  \"EscrowStatusRec\": {\n    \"EscrowKeys\": {\n      \"AcctKeys\": {\n        \"AcctId\": \"<string>\",\n        \"AcctType\": \"<string>\"\n      },\n      \"EscrowCategory\": \"Other\",\n      \"EscrowIdent\": \"Excepteur velit mollit Duis eiusmod\"\n    },\n    \"EscrowStatus\": {\n      \"EscrowStatusCode\": \"nostrud\",\n      \"EffDt\": \"2040-80-25T01:26:08-93:54\"\n    }\n  },\n  \"Status\": {\n    \"Severity\": \"Info\",\n    \"StatusCode\": \"qui com\",\n    \"StatusDesc\": \"eu commodo veniam\",\n    \"SvcProviderName\": \"tempor ad anim in\",\n    \"Id\": \"ad deserunt aliquip\",\n    \"ServerStatusCode\": \"v\",\n    \"ServerStatusDesc\": \"amet aliquip enim quis\",\n    \"OvrdExceptionInd\": true,\n    \"SubjectRole\": \"in sit laborum dolor\",\n    \"SubjectElement\": [\n      {\n        \"Path\": \"dolore cillum\",\n        \"ServerPath\": \"incididunt dolor ipsum\",\n        \"Value\": \"commodo sint\"\n      },\n      {\n        \"Path\": \"eu aute non laboris\",\n        \"ServerPath\": \"magna\",\n        \"Value\": \"in veniam non sed\"\n      }\n    ],\n    \"ContentHTML\": \"laborum dolor\",\n    \"AdditionalStatus\": [\n      {\n        \"StatusCode\": \"sit adipi\",\n        \"StatusDesc\": \"in sit non proident\",\n        \"Severity\": \"Error\",\n        \"SvcProviderName\": \"Excepteur Lorem ad ut\",\n        \"ServerStatusCode\": \"proident Lorem do\",\n        \"ServerStatusDesc\": \"enim adip\",\n        \"OvrdExceptionInd\": false,\n        \"SubjectElement\": [\n          {\n            \"Path\": \"nulla magna mollit\",\n            \"ServerPath\": \"proident veniam magna pariatur nisi\",\n            \"Value\": \"veniam id\"\n          },\n          {\n            \"Path\": \"minim sit\",\n            \"ServerPath\": \"magna veniam culpa occaecat ullamco\",\n            \"Value\": \"commodo do consectetur labore\"\n          }\n        ]\n      },\n      {\n        \"StatusCode\": \"tempor qu\",\n        \"StatusDesc\": \"enim nulla ea\",\n        \"Severity\": \"Error\",\n        \"SvcProviderName\": \"esse commodo sit\",\n        \"ServerStatusCode\": \"p\",\n        \"ServerStatusDesc\": \"aliquip nulla\",\n        \"OvrdExceptionInd\": true,\n        \"SubjectElement\": [\n          {\n            \"Path\": \"laborum\",\n            \"ServerPath\": \"ea labore in quis voluptate\",\n            \"Value\": \"p\"\n          },\n          {\n            \"Path\": \"tempor eiusmod\",\n            \"ServerPath\": \"sunt sed pariatur\",\n            \"Value\": \"laborum ut culpa e\"\n          }\n        ]\n      }\n    ]\n  }\n}","cookie":[],"_postman_previewlanguage":"json"}],"event":[],"protocolProfileBehavior":{"disableBodyPruning":true}}],"event":[],"variable":[{"type":"string","value":"/","key":"baseUrl"}],"info":{"_postman_id":"43b735f2-4475-440a-ab64-b01a83c82bfa","name":"Escrow Service","schema":"https://schema.getpostman.com/json/collection/v2.1.0/collection.json","description":{"content":"Escrow service supports the operations to manage escrow accounts for an existing loan.","type":"text/plain"}}}