{"item":[{"id":"44948487-6115-43f7-832a-f7d18234d7a6","name":"Add Escrow.","request":{"name":"Add Escrow.","description":{"content":"Add Escrow API creates an escrow record for an existing loan account. <br> To create the escrow record it is required to provide the escrow category that indicates type of escrow such as Escrow Tax, Escrow Insurance or Other. Most of the escrow data is comman between different escrow categories. Only tax and insurance records have additional data specific to these type of escrow.","type":"text/plain"},"url":{"path":["escrowservice","lending","escrow"],"host":["{{baseUrl}}"],"query":[],"variable":[]},"header":[{"disabled":false,"description":"(Required) EFX Header is a common and required component for all API calls, it contains client-related parameters. Please note that the header parameters should be sent as a JSON object under the EFXHeader parameter. To view the list of header parameters, <a href=\"../docs?path=docs/api-ref-EFX-header.md\" title=\"Click to open\"> click here.</a>","key":"EFXHeader","value":"OrganizationId,<string>,TrnId,<string>,VendorId,<string>,Context,[object Object]"},{"key":"Content-Type","value":"application/json"},{"key":"Accept","value":"application/json"}],"method":"POST","auth":null,"body":{"mode":"raw","raw":"{\n  \"EscrowInfo\": {\n    \"AcctKeys\": {\n      \"AcctId\": \"<string>\",\n      \"AcctType\": \"<string>\"\n    },\n    \"EscrowType\": \"<string>\",\n    \"Desc\": \"<string>\",\n    \"EscrowCategory\": \"<string>\",\n    \"IncEscrowAnalysisInd\": \"<boolean>\",\n    \"CushionPmtNum\": \"<long>\",\n    \"EscrowCoverageAmt\": {\n      \"Amt\": \"<number>\",\n      \"CurCode\": {\n        \"CurCodeValue\": \"<string>\",\n        \"CurCodeType\": \"<string>\"\n      }\n    },\n    \"EscrowExpDt\": \"<date>\",\n    \"ExpDt\": \"<date>\",\n    \"DisburseData\": {\n      \"DisburseTo\": \"<string>\",\n      \"AgentId\": \"<string>\",\n      \"DisburseRefNum\": \"<string>\",\n      \"DisburseMethod\": \"<string>\",\n      \"DisburseAmt\": {\n        \"Amt\": \"<number>\",\n        \"CurCode\": {\n          \"CurCodeValue\": \"<string>\",\n          \"CurCodeType\": \"<string>\"\n        }\n      },\n      \"NextDisburseDt\": \"<date>\",\n      \"DisburseSched\": [\n        {\n          \"DisburseSchedIdent\": \"<string>\",\n          \"DisburseDt\": \"<date>\",\n          \"DisburseAmt\": {\n            \"Amt\": {\n              \"value\": \"<Error: Too many levels of nesting to fake this schema>\"\n            },\n            \"CurCode\": {\n              \"value\": \"<Error: Too many levels of nesting to fake this schema>\"\n            }\n          },\n          \"DisburseStatus\": \"<string>\"\n        },\n        {\n          \"DisburseSchedIdent\": \"<string>\",\n          \"DisburseDt\": \"<date>\",\n          \"DisburseAmt\": {\n            \"Amt\": {\n              \"value\": \"<Error: Too many levels of nesting to fake this schema>\"\n            },\n            \"CurCode\": {\n              \"value\": \"<Error: Too many levels of nesting to fake this schema>\"\n            }\n          },\n          \"DisburseStatus\": \"<string>\"\n        }\n      ],\n      \"DateUpdateOption\": \"<string>\",\n      \"DisburseAmtUpdateOption\": \"<string>\"\n    },\n    \"EscrowInsuranceData\": {\n      \"Term\": {\n        \"TermUnits\": \"<string>\",\n        \"Count\": \"<long>\"\n      },\n      \"PremiumPct\": \"<number>\"\n    },\n    \"PropertyValueAmt\": {\n      \"Amt\": \"<number>\",\n      \"CurCode\": {\n        \"CurCodeValue\": \"<string>\",\n        \"CurCodeType\": \"<string>\"\n      }\n    },\n    \"EscrowTaxData\": {\n      \"TownshipCode\": \"<string>\",\n      \"County\": \"<string>\",\n      \"StateProv\": \"<string>\",\n      \"TaxServiceData\": {\n        \"ServiceContract\": \"<string>\",\n        \"ServiceContractSuffix\": \"<string>\"\n      }\n    },\n    \"RelationshipMgr\": {\n      \"RelationshipMgrIdent\": \"<string>\",\n      \"RelationshipRole\": \"<string>\"\n    },\n    \"ReportGroupCode\": \"<string>\",\n    \"PostAddr\": {\n      \"AddrType\": \"<string>\",\n      \"AddressIdent\": \"<string>\"\n    },\n    \"ReviewData\": {\n      \"ReviewFrequency\": {\n        \"RecurType\": \"<string>\",\n        \"RecurInterval\": \"<string>\"\n      },\n      \"NextReviewDt\": \"<date>\"\n    },\n    \"ClientDefinedData\": [\n      {\n        \"DataIdent\": \"<string>\",\n        \"Value\": \"<string>\",\n        \"ExpDt\": \"<date>\"\n      },\n      {\n        \"DataIdent\": \"<string>\",\n        \"Value\": \"<string>\",\n        \"ExpDt\": \"<date>\"\n      }\n    ]\n  },\n  \"OvrdExceptionData\": {\n    \"OvrdAutoAckInd\": \"<boolean>\"\n  }\n}","options":{"raw":{"language":"json"}}}},"response":[{"id":"439f4fd6-8cc6-4896-a04c-ef31a2a28834","name":"Created","originalRequest":{"url":{"path":["escrowservice","lending","escrow"],"host":["{{baseUrl}}"],"query":[],"variable":[]},"header":[{"disabled":false,"description":"(Required) EFX Header is a common and required component for all API calls, it contains client-related parameters. Please note that the header parameters should be sent as a JSON object under the EFXHeader parameter. To view the list of header parameters, <a href=\"../docs?path=docs/api-ref-EFX-header.md\" title=\"Click to open\"> click here.</a>","key":"EFXHeader","value":"OrganizationId,<string>,TrnId,<string>,VendorId,<string>,Context,[object Object]"},{"key":"Accept","value":"application/json"}],"method":"POST","body":{"mode":"raw","raw":"{\n  \"EscrowInfo\": {\n    \"AcctKeys\": {\n      \"AcctId\": \"<string>\",\n      \"AcctType\": \"<string>\"\n    },\n    \"EscrowType\": \"<string>\",\n    \"Desc\": \"<string>\",\n    \"EscrowCategory\": \"<string>\",\n    \"IncEscrowAnalysisInd\": \"<boolean>\",\n    \"CushionPmtNum\": \"<long>\",\n    \"EscrowCoverageAmt\": {\n      \"Amt\": \"<number>\",\n      \"CurCode\": {\n        \"CurCodeValue\": \"<string>\",\n        \"CurCodeType\": \"<string>\"\n      }\n    },\n    \"EscrowExpDt\": \"<date>\",\n    \"ExpDt\": \"<date>\",\n    \"DisburseData\": {\n      \"DisburseTo\": \"<string>\",\n      \"AgentId\": \"<string>\",\n      \"DisburseRefNum\": \"<string>\",\n      \"DisburseMethod\": \"<string>\",\n      \"DisburseAmt\": {\n        \"Amt\": \"<number>\",\n        \"CurCode\": {\n          \"CurCodeValue\": \"<string>\",\n          \"CurCodeType\": \"<string>\"\n        }\n      },\n      \"NextDisburseDt\": \"<date>\",\n      \"DisburseSched\": [\n        {\n          \"DisburseSchedIdent\": \"<string>\",\n          \"DisburseDt\": \"<date>\",\n          \"DisburseAmt\": {\n            \"Amt\": {\n              \"value\": \"<Error: Too many levels of nesting to fake this schema>\"\n            },\n            \"CurCode\": {\n              \"value\": \"<Error: Too many levels of nesting to fake this schema>\"\n            }\n          },\n          \"DisburseStatus\": \"<string>\"\n        },\n        {\n          \"DisburseSchedIdent\": \"<string>\",\n          \"DisburseDt\": \"<date>\",\n          \"DisburseAmt\": {\n            \"Amt\": {\n              \"value\": \"<Error: Too many levels of nesting to fake this schema>\"\n            },\n            \"CurCode\": {\n              \"value\": \"<Error: Too many levels of nesting to fake this schema>\"\n            }\n          },\n          \"DisburseStatus\": \"<string>\"\n        }\n      ],\n      \"DateUpdateOption\": \"<string>\",\n      \"DisburseAmtUpdateOption\": \"<string>\"\n    },\n    \"EscrowInsuranceData\": {\n      \"Term\": {\n        \"TermUnits\": \"<string>\",\n        \"Count\": \"<long>\"\n      },\n      \"PremiumPct\": \"<number>\"\n    },\n    \"PropertyValueAmt\": {\n      \"Amt\": \"<number>\",\n      \"CurCode\": {\n        \"CurCodeValue\": \"<string>\",\n        \"CurCodeType\": \"<string>\"\n      }\n    },\n    \"EscrowTaxData\": {\n      \"TownshipCode\": \"<string>\",\n      \"County\": \"<string>\",\n      \"StateProv\": \"<string>\",\n      \"TaxServiceData\": {\n        \"ServiceContract\": \"<string>\",\n        \"ServiceContractSuffix\": \"<string>\"\n      }\n    },\n    \"RelationshipMgr\": {\n      \"RelationshipMgrIdent\": \"<string>\",\n      \"RelationshipRole\": \"<string>\"\n    },\n    \"ReportGroupCode\": \"<string>\",\n    \"PostAddr\": {\n      \"AddrType\": \"<string>\",\n      \"AddressIdent\": \"<string>\"\n    },\n    \"ReviewData\": {\n      \"ReviewFrequency\": {\n        \"RecurType\": \"<string>\",\n        \"RecurInterval\": \"<string>\"\n      },\n      \"NextReviewDt\": \"<date>\"\n    },\n    \"ClientDefinedData\": [\n      {\n        \"DataIdent\": \"<string>\",\n        \"Value\": \"<string>\",\n        \"ExpDt\": \"<date>\"\n      },\n      {\n        \"DataIdent\": \"<string>\",\n        \"Value\": \"<string>\",\n        \"ExpDt\": \"<date>\"\n      }\n    ]\n  },\n  \"OvrdExceptionData\": {\n    \"OvrdAutoAckInd\": \"<boolean>\"\n  }\n}","options":{"raw":{"language":"json"}}}},"status":"Created","code":201,"header":[{"key":"Content-Type","value":"application/json"}],"body":"{\n  \"EscrowStatusRec\": {\n    \"EscrowKeys\": {\n      \"AcctKeys\": {\n        \"AcctId\": \"<string>\",\n        \"AcctType\": \"<string>\"\n      },\n      \"EscrowCategory\": \"Other\",\n      \"EscrowIdent\": \"Lorem ullamco\"\n    },\n    \"EscrowStatus\": {\n      \"EscrowStatusCode\": \"labore cupidatat consequat in\",\n      \"EffDt\": \"7635-18-58\"\n    }\n  },\n  \"Status\": {\n    \"Severity\": \"Info\",\n    \"StatusCode\": \"\",\n    \"StatusDesc\": \"voluptate\",\n    \"SvcProviderName\": \"amet dolor aute commodo dolor\",\n    \"Id\": \"sed officia nostrud\",\n    \"ServerStatusCode\": \"adipisicing\",\n    \"ServerStatusDesc\": \"pariatur\",\n    \"OvrdExceptionInd\": false,\n    \"SubjectRole\": \"ut\",\n    \"SubjectElement\": [\n      {\n        \"Path\": \"commodo quis in\",\n        \"ServerPath\": \"est et\",\n        \"Value\": \"voluptate nulla nisi\"\n      },\n      {\n        \"Path\": \"enim labore\",\n        \"ServerPath\": \"ex aute\",\n        \"Value\": \"non et aliquip in\"\n      }\n    ],\n    \"ContentHTML\": \"Lorem veniam exercitation\",\n    \"AdditionalStatus\": [\n      {\n        \"StatusCode\": \"dolore comm\",\n        \"StatusDesc\": \"\",\n        \"Severity\": \"Info\",\n        \"SvcProviderName\": \"pariatur adipisicing in sit aute\",\n        \"ServerStatusCode\": \"veniam\",\n        \"ServerStatusDesc\": \"mollit sint dolore laborum\",\n        \"OvrdExceptionInd\": true,\n        \"SubjectElement\": [\n          {\n            \"Path\": \"ipsum cillum\",\n            \"ServerPath\": \"ex incididunt consequat Ut\",\n            \"Value\": \"pariatur occaecat\"\n          },\n          {\n            \"Path\": \"ut fugiat ullamco\",\n            \"ServerPath\": \"elit anim occaecat in\",\n            \"Value\": \"consectetur\"\n          }\n        ]\n      },\n      {\n        \"StatusCode\": \"veniam dolore moll\",\n        \"StatusDesc\": \"an\",\n        \"Severity\": \"Info\",\n        \"SvcProviderName\": \"dolor ut Lorem labore commodo\",\n        \"ServerStatusCode\": \"Lorem \",\n        \"ServerStatusDesc\": \"velit ex Duis labore\",\n        \"OvrdExceptionInd\": false,\n        \"SubjectElement\": [\n          {\n            \"Path\": \"irure nulla deserunt laborum\",\n            \"ServerPath\": \"Lor\",\n            \"Value\": \"eiusmod\"\n          },\n          {\n            \"Path\": \"velit non\",\n            \"ServerPath\": \"eu labore tempor\",\n            \"Value\": \"labore incididunt ad est\"\n          }\n        ]\n      }\n    ]\n  }\n}","cookie":[],"_postman_previewlanguage":"json"},{"id":"2dd7ab40-99ef-4eed-b1b0-0c7a18418c7f","name":"To view the complete list of response codes, <a href=\"../docs/?path=docs/response-codes.md\" title=\"Click to open\">click here.</a>","originalRequest":{"url":{"path":["escrowservice","lending","escrow"],"host":["{{baseUrl}}"],"query":[],"variable":[]},"header":[{"disabled":false,"description":"(Required) EFX Header is a common and required component for all API calls, it contains client-related parameters. Please note that the header parameters should be sent as a JSON object under the EFXHeader parameter. To view the list of header parameters, <a href=\"../docs?path=docs/api-ref-EFX-header.md\" title=\"Click to open\"> click here.</a>","key":"EFXHeader","value":"OrganizationId,<string>,TrnId,<string>,VendorId,<string>,Context,[object Object]"},{"key":"Accept","value":"application/json"}],"method":"POST","body":{"mode":"raw","raw":"{\n  \"EscrowInfo\": {\n    \"AcctKeys\": {\n      \"AcctId\": \"<string>\",\n      \"AcctType\": \"<string>\"\n    },\n    \"EscrowType\": \"<string>\",\n    \"Desc\": \"<string>\",\n    \"EscrowCategory\": \"<string>\",\n    \"IncEscrowAnalysisInd\": \"<boolean>\",\n    \"CushionPmtNum\": \"<long>\",\n    \"EscrowCoverageAmt\": {\n      \"Amt\": \"<number>\",\n      \"CurCode\": {\n        \"CurCodeValue\": \"<string>\",\n        \"CurCodeType\": \"<string>\"\n      }\n    },\n    \"EscrowExpDt\": \"<date>\",\n    \"ExpDt\": \"<date>\",\n    \"DisburseData\": {\n      \"DisburseTo\": \"<string>\",\n      \"AgentId\": \"<string>\",\n      \"DisburseRefNum\": \"<string>\",\n      \"DisburseMethod\": \"<string>\",\n      \"DisburseAmt\": {\n        \"Amt\": \"<number>\",\n        \"CurCode\": {\n          \"CurCodeValue\": \"<string>\",\n          \"CurCodeType\": \"<string>\"\n        }\n      },\n      \"NextDisburseDt\": \"<date>\",\n      \"DisburseSched\": [\n        {\n          \"DisburseSchedIdent\": \"<string>\",\n          \"DisburseDt\": \"<date>\",\n          \"DisburseAmt\": {\n            \"Amt\": {\n              \"value\": \"<Error: Too many levels of nesting to fake this schema>\"\n            },\n            \"CurCode\": {\n              \"value\": \"<Error: Too many levels of nesting to fake this schema>\"\n            }\n          },\n          \"DisburseStatus\": \"<string>\"\n        },\n        {\n          \"DisburseSchedIdent\": \"<string>\",\n          \"DisburseDt\": \"<date>\",\n          \"DisburseAmt\": {\n            \"Amt\": {\n              \"value\": \"<Error: Too many levels of nesting to fake this schema>\"\n            },\n            \"CurCode\": {\n              \"value\": \"<Error: Too many levels of nesting to fake this schema>\"\n            }\n          },\n          \"DisburseStatus\": \"<string>\"\n        }\n      ],\n      \"DateUpdateOption\": \"<string>\",\n      \"DisburseAmtUpdateOption\": \"<string>\"\n    },\n    \"EscrowInsuranceData\": {\n      \"Term\": {\n        \"TermUnits\": \"<string>\",\n        \"Count\": \"<long>\"\n      },\n      \"PremiumPct\": \"<number>\"\n    },\n    \"PropertyValueAmt\": {\n      \"Amt\": \"<number>\",\n      \"CurCode\": {\n        \"CurCodeValue\": \"<string>\",\n        \"CurCodeType\": \"<string>\"\n      }\n    },\n    \"EscrowTaxData\": {\n      \"TownshipCode\": \"<string>\",\n      \"County\": \"<string>\",\n      \"StateProv\": \"<string>\",\n      \"TaxServiceData\": {\n        \"ServiceContract\": \"<string>\",\n        \"ServiceContractSuffix\": \"<string>\"\n      }\n    },\n    \"RelationshipMgr\": {\n      \"RelationshipMgrIdent\": \"<string>\",\n      \"RelationshipRole\": \"<string>\"\n    },\n    \"ReportGroupCode\": \"<string>\",\n    \"PostAddr\": {\n      \"AddrType\": \"<string>\",\n      \"AddressIdent\": \"<string>\"\n    },\n    \"ReviewData\": {\n      \"ReviewFrequency\": {\n        \"RecurType\": \"<string>\",\n        \"RecurInterval\": \"<string>\"\n      },\n      \"NextReviewDt\": \"<date>\"\n    },\n    \"ClientDefinedData\": [\n      {\n        \"DataIdent\": \"<string>\",\n        \"Value\": \"<string>\",\n        \"ExpDt\": \"<date>\"\n      },\n      {\n        \"DataIdent\": \"<string>\",\n        \"Value\": \"<string>\",\n        \"ExpDt\": \"<date>\"\n      }\n    ]\n  },\n  \"OvrdExceptionData\": {\n    \"OvrdAutoAckInd\": \"<boolean>\"\n  }\n}","options":{"raw":{"language":"json"}}}},"status":"Internal Server Error","code":500,"header":[{"key":"Content-Type","value":"application/json"}],"body":"{\n  \"EscrowStatusRec\": {\n    \"EscrowKeys\": {\n      \"AcctKeys\": {\n        \"AcctId\": \"<string>\",\n        \"AcctType\": \"<string>\"\n      },\n      \"EscrowCategory\": \"Insurance\",\n      \"EscrowIdent\": \"eiusm\"\n    },\n    \"EscrowStatus\": {\n      \"EscrowStatusCode\": \"vel\",\n      \"EffDt\": \"5971-76-84T24:96\"\n    }\n  },\n  \"Status\": {\n    \"Severity\": \"Error\",\n    \"StatusCode\": \"adip\",\n    \"StatusDesc\": \"quis ex irure ut\",\n    \"SvcProviderName\": \"in irure\",\n    \"Id\": \"nulla ad sint aliquip sunt\",\n    \"ServerStatusCode\": \"qui\",\n    \"ServerStatusDesc\": \"esse proident aliqua in deserunt\",\n    \"OvrdExceptionInd\": false,\n    \"SubjectRole\": \"consequat non proident\",\n    \"SubjectElement\": [\n      {\n        \"Path\": \"tempor commodo adipisicing deserunt non\",\n        \"ServerPath\": \"ex laborum dolore\",\n        \"Value\": \"in aliqua Duis consectetur\"\n      },\n      {\n        \"Path\": \"sint in dolor\",\n        \"ServerPath\": \"proident in dolore\",\n        \"Value\": \"labore ea\"\n      }\n    ],\n    \"ContentHTML\": \"ut ea exercitation\",\n    \"AdditionalStatus\": [\n      {\n        \"StatusCode\": \"nulla co\",\n        \"StatusDesc\": \"reprehenderit sunt\",\n        \"Severity\": \"Warning\",\n        \"SvcProviderName\": \"labore e\",\n        \"ServerStatusCode\": \"de\",\n        \"ServerStatusDesc\": \"exercitation proident velit consequat dolor\",\n        \"OvrdExceptionInd\": true,\n        \"SubjectElement\": [\n          {\n            \"Path\": \"sunt voluptate Excepteur\",\n            \"ServerPath\": \"irure laboris ad\",\n            \"Value\": \"occaecat dolore\"\n          },\n          {\n            \"Path\": \"laboris id\",\n            \"ServerPath\": \"est quis\",\n            \"Value\": \"do magna ut nisi\"\n          }\n        ]\n      },\n      {\n        \"StatusCode\": \"occaecat sed in\",\n        \"StatusDesc\": \"tempor ea\",\n        \"Severity\": \"Error\",\n        \"SvcProviderName\": \"in nulla esse aliquip\",\n        \"ServerStatusCode\": \"sunt\",\n        \"ServerStatusDesc\": \"ad mollit\",\n        \"OvrdExceptionInd\": true,\n        \"SubjectElement\": [\n          {\n            \"Path\": \"nisi fugiat dolor minim\",\n            \"ServerPath\": \"amet\",\n            \"Value\": \"fugiat anim adipisicing aute minim\"\n          },\n          {\n            \"Path\": \"velit\",\n            \"ServerPath\": \"cupidatat officia\",\n            \"Value\": \"ea elit enim\"\n          }\n        ]\n      }\n    ]\n  }\n}","cookie":[],"_postman_previewlanguage":"json"}],"event":[],"protocolProfileBehavior":{"disableBodyPruning":true}}],"event":[],"variable":[{"type":"string","value":"/","key":"baseUrl"}],"info":{"_postman_id":"0fa51069-6146-4d36-be06-a20a955d3f70","name":"Escrow Service","schema":"https://schema.getpostman.com/json/collection/v2.1.0/collection.json","description":{"content":"Escrow service supports the operations to manage escrow accounts for an existing loan.","type":"text/plain"}}}