{"item":[{"id":"f9cbb1b4-a83d-4744-b7ca-89e87bf75faf","name":"Get Safe Deposit Box","request":{"name":"Get Safe Deposit Box","description":{"content":"Retrieves the details of a safe deposit box account. A safe deposit box (or safety deposit box) is an individually secured container that stays in the safe or vault of a federally insured bank or credit union. <br>        \n        <br>\n        For more information about the Accounts domain, <a href=\"../docs/?path=docs/fintechs/accounts.md\" title=\"Click to open\">click here.</a>\n        <br><br>\n        <b>Relates to:</b>\n          <ul> \n            <li><a href=\"../docs/?path=docs/banks-and-CU/deposits.md\" title=\"Click to open\">Deposits</a></li>\n            <li><a href=\"../docs/?path=docs/banks-and-CU/bank-servicing.md\" title=\"Click to open\">Bank Servicing</a></li>\n          </ul>","type":"text/plain"},"url":{"path":["safedepositboxservice","safedepositbox","safedepositbox","secured"],"host":["{{baseUrl}}"],"query":[],"variable":[]},"header":[{"disabled":false,"description":"(Required) EFX Header is a common and required component for all API calls, it contains client-related parameters. Please note that the header parameters should be sent as a JSON object under the EFXHeader parameter. To view the list of header parameters, <a href=\"../docs?path=docs/api-ref-EFX-header.md\" title=\"Click to open\"> click here.</a>","key":"EFXHeader","value":"OrganizationId,<string>,TrnId,<string>,VendorId,<string>,Context,[object Object]"},{"key":"Content-Type","value":"application/json"},{"key":"Accept","value":"application/json"}],"method":"POST","auth":null,"body":{"mode":"raw","raw":"{\n  \"SafeDepositBoxSel\": {\n    \"SafeDepositBoxKeys\": {\n      \"AcctId\": \"<string>\"\n    }\n  }\n}","options":{"raw":{"language":"json"}}}},"response":[{"id":"90770fea-407f-4a10-84e8-25678cda80a0","name":"Success","originalRequest":{"url":{"path":["safedepositboxservice","safedepositbox","safedepositbox","secured"],"host":["{{baseUrl}}"],"query":[],"variable":[]},"header":[{"disabled":false,"description":"(Required) EFX Header is a common and required component for all API calls, it contains client-related parameters. Please note that the header parameters should be sent as a JSON object under the EFXHeader parameter. To view the list of header parameters, <a href=\"../docs?path=docs/api-ref-EFX-header.md\" title=\"Click to open\"> click here.</a>","key":"EFXHeader","value":"OrganizationId,<string>,TrnId,<string>,VendorId,<string>,Context,[object Object]"},{"key":"Accept","value":"application/json"}],"method":"POST","body":{"mode":"raw","raw":"{\n  \"SafeDepositBoxSel\": {\n    \"SafeDepositBoxKeys\": {\n      \"AcctId\": \"<string>\"\n    }\n  }\n}","options":{"raw":{"language":"json"}}}},"status":"OK","code":200,"header":[{"key":"Content-Type","value":"application/json"}],"body":"{\n  \"SafeDepositBoxRec\": [\n    {\n      \"SafeDepositBoxInfo\": {\n        \"BoxDtlStatus\": \"Unusable\",\n        \"BoxDtlStatusEnumDesc\": \"in velit amet deserunt non\",\n        \"BoxDtlStatusDt\": \"2012-05-11\",\n        \"BoxNum\": \"cu\",\n        \"BoxSizeCode\": \"esse\",\n        \"OpenDt\": \"1988-06-17\",\n        \"BoxRentAmt\": {\n          \"Amt\": 10\n        },\n        \"BoxDiscountType\": \"Amount\",\n        \"BoxDiscountAmt\": {\n          \"Amt\": 10\n        },\n        \"BillingInstruction\": {\n          \"BillingMethod\": \"None\",\n          \"BillingFrequency\": {\n            \"RecurType\": {\n              \"value\": \"<Error: Too many levels of nesting to fake this schema>\"\n            },\n            \"DayOfMonth\": {\n              \"value\": \"<Error: Too many levels of nesting to fake this schema>\"\n            },\n            \"Month\": {\n              \"value\": \"<Error: Too many levels of nesting to fake this schema>\"\n            }\n          }\n        },\n        \"ClosedDt\": \"1986-07-04\",\n        \"DateData\": [\n          {\n            \"DateType\": \"LastTrn\",\n            \"DateValue\": \"4446-60-47T71:58:53.153\"\n          },\n          {\n            \"DateType\": \"LastTrn\",\n            \"DateValue\": \"9713-57-73\"\n          }\n        ],\n        \"OriginatingBranch\": \"aute\",\n        \"OriginatingBranchEnumDesc\": \"nostrud proident mollit\",\n        \"BilledPmt\": [\n          {\n            \"PmtCompositeAmt\": [\n              {\n                \"value\": \"<Error: Too many levels of nesting to fake this schema>\"\n              },\n              {\n                \"value\": \"<Error: Too many levels of nesting to fake this schema>\"\n              }\n            ],\n            \"DueDt\": \"3016-10-49\"\n          },\n          {\n            \"PmtCompositeAmt\": [\n              {\n                \"value\": \"<Error: Too many levels of nesting to fake this schema>\"\n              },\n              {\n                \"value\": \"<Error: Too many levels of nesting to fake this schema>\"\n              }\n            ],\n            \"DueDt\": \"6753-62-55T60:41:36.401-71:31\"\n          }\n        ]\n      },\n      \"SafeDepositBoxKeys\": {\n        \"AcctId\": \"enim laboris\",\n        \"AcctType\": \"SDB\"\n      },\n      \"SafeDepositBoxStatus\": {\n        \"SafeDepositBoxStatusCode\": \"Valid\",\n        \"EffDt\": \"4423-67-71T81:30\"\n      }\n    },\n    {\n      \"SafeDepositBoxInfo\": {\n        \"BoxDtlStatus\": \"Rented\",\n        \"BoxDtlStatusEnumDesc\": \"et pariatur\",\n        \"BoxDtlStatusDt\": \"1974-01-18\",\n        \"BoxNum\": \"in ut dolor \",\n        \"BoxSizeCode\": \"nisi id\",\n        \"OpenDt\": \"2009-04-20\",\n        \"BoxRentAmt\": {\n          \"Amt\": 10\n        },\n        \"BoxDiscountType\": \"Amount\",\n        \"BoxDiscountAmt\": {\n          \"Amt\": 10\n        },\n        \"BillingInstruction\": {\n          \"BillingMethod\": \"None\",\n          \"BillingFrequency\": {\n            \"RecurType\": {\n              \"value\": \"<Error: Too many levels of nesting to fake this schema>\"\n            },\n            \"DayOfMonth\": {\n              \"value\": \"<Error: Too many levels of nesting to fake this schema>\"\n            },\n            \"Month\": {\n              \"value\": \"<Error: Too many levels of nesting to fake this schema>\"\n            }\n          }\n        },\n        \"ClosedDt\": \"1971-09-26\",\n        \"DateData\": [\n          {\n            \"DateType\": \"LastTrn\",\n            \"DateValue\": \"7202-31-09\"\n          },\n          {\n            \"DateType\": \"LastTrn\",\n            \"DateValue\": \"0383-15-12\"\n          }\n        ],\n        \"OriginatingBranch\": \"dolore nulla ex\",\n        \"OriginatingBranchEnumDesc\": \"commodo ut nulla cupidatat\",\n        \"BilledPmt\": [\n          {\n            \"PmtCompositeAmt\": [\n              {\n                \"value\": \"<Error: Too many levels of nesting to fake this schema>\"\n              },\n              {\n                \"value\": \"<Error: Too many levels of nesting to fake this schema>\"\n              }\n            ],\n            \"DueDt\": \"4734-23-19\"\n          },\n          {\n            \"PmtCompositeAmt\": [\n              {\n                \"value\": \"<Error: Too many levels of nesting to fake this schema>\"\n              },\n              {\n                \"value\": \"<Error: Too many levels of nesting to fake this schema>\"\n              }\n            ],\n            \"DueDt\": \"5389-04-18T92:78:91.705+29:11\"\n          }\n        ]\n      },\n      \"SafeDepositBoxKeys\": {\n        \"AcctId\": \"esse deserunt non aute\",\n        \"AcctType\": \"SDB\"\n      },\n      \"SafeDepositBoxStatus\": {\n        \"SafeDepositBoxStatusCode\": \"Valid\",\n        \"EffDt\": \"1459-45-21T28:55:70-99:68\"\n      }\n    }\n  ],\n  \"Status\": {\n    \"Severity\": \"Info\",\n    \"StatusCode\": \"eiusmod te\",\n    \"StatusDesc\": \"consectetur Lorem\",\n    \"SvcProviderName\": \"dolore\",\n    \"Id\": \"et reprehenderit in\",\n    \"ServerStatusCode\": \"nisi\",\n    \"ServerStatusDesc\": \"enim\",\n    \"OvrdExceptionInd\": true,\n    \"SubjectRole\": \"labore\",\n    \"SubjectElement\": [\n      {\n        \"Path\": \"id dolore\",\n        \"ServerPath\": \"laboris in cillum\",\n        \"Value\": \"id sint minim ut\"\n      },\n      {\n        \"Path\": \"et officia Duis\",\n        \"ServerPath\": \"veniam velit mollit sit\",\n        \"Value\": \"reprehenderit dolor ullamco qui\"\n      }\n    ],\n    \"ContentHTML\": \"esse Excepteur cillum quis\",\n    \"AdditionalStatus\": [\n      {\n        \"StatusCode\": \"el\",\n        \"StatusDesc\": \"nulla ullamco\",\n        \"Severity\": \"Info\",\n        \"SvcProviderName\": \"dolor nisi sed proident\",\n        \"ServerStatusCode\": \"deserunt nulla\",\n        \"ServerStatusDesc\": \"enim est non sint ut\",\n        \"OvrdExceptionInd\": false,\n        \"SubjectElement\": [\n          {\n            \"Path\": \"Ut voluptate ut incididunt\",\n            \"ServerPath\": \"anim deserunt\",\n            \"Value\": \"aliqua cupidatat commodo\"\n          },\n          {\n            \"Path\": \"officia eli\",\n            \"ServerPath\": \"laboris Duis\",\n            \"Value\": \"ex dolore\"\n          }\n        ]\n      },\n      {\n        \"StatusCode\": \"ut ess\",\n        \"StatusDesc\": \"irure dolor\",\n        \"Severity\": \"Info\",\n        \"SvcProviderName\": \"exercitation ut nostrud ipsum consectetur\",\n        \"ServerStatusCode\": \"irure ullamco\",\n        \"ServerStatusDesc\": \"in ullamco\",\n        \"OvrdExceptionInd\": false,\n        \"SubjectElement\": [\n          {\n            \"Path\": \"est Ut anim\",\n            \"ServerPath\": \"ut reprehenderit magna dolore\",\n            \"Value\": \"ad\"\n          },\n          {\n            \"Path\": \"dolor ea commodo\",\n            \"ServerPath\": \"pariatur irure laborum ipsum\",\n            \"Value\": \"dolor occaecat\"\n          }\n        ]\n      }\n    ]\n  }\n}","cookie":[],"_postman_previewlanguage":"json"},{"id":"d043574c-a69a-4f97-bc27-e916eb18aec8","name":"To view the complete list of response codes, <a href=\"../docs/?path=docs/response-codes.md\" title=\"Click to open\">click here.</a>","originalRequest":{"url":{"path":["safedepositboxservice","safedepositbox","safedepositbox","secured"],"host":["{{baseUrl}}"],"query":[],"variable":[]},"header":[{"disabled":false,"description":"(Required) EFX Header is a common and required component for all API calls, it contains client-related parameters. Please note that the header parameters should be sent as a JSON object under the EFXHeader parameter. To view the list of header parameters, <a href=\"../docs?path=docs/api-ref-EFX-header.md\" title=\"Click to open\"> click here.</a>","key":"EFXHeader","value":"OrganizationId,<string>,TrnId,<string>,VendorId,<string>,Context,[object Object]"},{"key":"Accept","value":"application/json"}],"method":"POST","body":{"mode":"raw","raw":"{\n  \"SafeDepositBoxSel\": {\n    \"SafeDepositBoxKeys\": {\n      \"AcctId\": \"<string>\"\n    }\n  }\n}","options":{"raw":{"language":"json"}}}},"status":"Internal Server Error","code":500,"header":[{"key":"Content-Type","value":"application/json"}],"body":"{\n  \"SafeDepositBoxRec\": [\n    {\n      \"SafeDepositBoxInfo\": {\n        \"BoxDtlStatus\": \"Vacant\",\n        \"BoxDtlStatusEnumDesc\": \"laborum et\",\n        \"BoxDtlStatusDt\": \"1953-05-12\",\n        \"BoxNum\": \"est se\",\n        \"BoxSizeCode\": \"ex dolore in sit\",\n        \"OpenDt\": \"1986-07-17\",\n        \"BoxRentAmt\": {\n          \"Amt\": 10\n        },\n        \"BoxDiscountType\": \"Amount\",\n        \"BoxDiscountAmt\": {\n          \"Amt\": 10\n        },\n        \"BillingInstruction\": {\n          \"BillingMethod\": \"None\",\n          \"BillingFrequency\": {\n            \"RecurType\": {\n              \"value\": \"<Error: Too many levels of nesting to fake this schema>\"\n            },\n            \"DayOfMonth\": {\n              \"value\": \"<Error: Too many levels of nesting to fake this schema>\"\n            },\n            \"Month\": {\n              \"value\": \"<Error: Too many levels of nesting to fake this schema>\"\n            }\n          }\n        },\n        \"ClosedDt\": \"1993-12-15\",\n        \"DateData\": [\n          {\n            \"DateType\": \"LastTrn\",\n            \"DateValue\": \"9983-86-86T19:52\"\n          },\n          {\n            \"DateType\": \"LastTrn\",\n            \"DateValue\": \"2411-37-31T12:95:72.120+14:54\"\n          }\n        ],\n        \"OriginatingBranch\": \"voluptate veniam \",\n        \"OriginatingBranchEnumDesc\": \"nulla ullamco\",\n        \"BilledPmt\": [\n          {\n            \"PmtCompositeAmt\": [\n              {\n                \"value\": \"<Error: Too many levels of nesting to fake this schema>\"\n              },\n              {\n                \"value\": \"<Error: Too many levels of nesting to fake this schema>\"\n              }\n            ],\n            \"DueDt\": \"3116-34-46T13:04\"\n          },\n          {\n            \"PmtCompositeAmt\": [\n              {\n                \"value\": \"<Error: Too many levels of nesting to fake this schema>\"\n              },\n              {\n                \"value\": \"<Error: Too many levels of nesting to fake this schema>\"\n              }\n            ],\n            \"DueDt\": \"2706-45-41\"\n          }\n        ]\n      },\n      \"SafeDepositBoxKeys\": {\n        \"AcctId\": \"id ut\",\n        \"AcctType\": \"SDB\"\n      },\n      \"SafeDepositBoxStatus\": {\n        \"SafeDepositBoxStatusCode\": \"Valid\",\n        \"EffDt\": \"6435-55-37T43:91:21.217\"\n      }\n    },\n    {\n      \"SafeDepositBoxInfo\": {\n        \"BoxDtlStatus\": \"Rented\",\n        \"BoxDtlStatusEnumDesc\": \"ut in laboris amet\",\n        \"BoxDtlStatusDt\": \"1969-12-11\",\n        \"BoxNum\": \"exercitation \",\n        \"BoxSizeCode\": \"non exercitation pariatur\",\n        \"OpenDt\": \"1950-04-08\",\n        \"BoxRentAmt\": {\n          \"Amt\": 10\n        },\n        \"BoxDiscountType\": \"Amount\",\n        \"BoxDiscountAmt\": {\n          \"Amt\": 10\n        },\n        \"BillingInstruction\": {\n          \"BillingMethod\": \"None\",\n          \"BillingFrequency\": {\n            \"RecurType\": {\n              \"value\": \"<Error: Too many levels of nesting to fake this schema>\"\n            },\n            \"DayOfMonth\": {\n              \"value\": \"<Error: Too many levels of nesting to fake this schema>\"\n            },\n            \"Month\": {\n              \"value\": \"<Error: Too many levels of nesting to fake this schema>\"\n            }\n          }\n        },\n        \"ClosedDt\": \"2007-07-31\",\n        \"DateData\": [\n          {\n            \"DateType\": \"LastTrn\",\n            \"DateValue\": \"1745-87-74\"\n          },\n          {\n            \"DateType\": \"LastTrn\",\n            \"DateValue\": \"5347-02-97\"\n          }\n        ],\n        \"OriginatingBranch\": \"oc\",\n        \"OriginatingBranchEnumDesc\": \"anim magna \",\n        \"BilledPmt\": [\n          {\n            \"PmtCompositeAmt\": [\n              {\n                \"value\": \"<Error: Too many levels of nesting to fake this schema>\"\n              },\n              {\n                \"value\": \"<Error: Too many levels of nesting to fake this schema>\"\n              }\n            ],\n            \"DueDt\": \"0299-34-66\"\n          },\n          {\n            \"PmtCompositeAmt\": [\n              {\n                \"value\": \"<Error: Too many levels of nesting to fake this schema>\"\n              },\n              {\n                \"value\": \"<Error: Too many levels of nesting to fake this schema>\"\n              }\n            ],\n            \"DueDt\": \"5970-64-50T49:81:04.355-75:30\"\n          }\n        ]\n      },\n      \"SafeDepositBoxKeys\": {\n        \"AcctId\": \"eiusmod\",\n        \"AcctType\": \"SDB\"\n      },\n      \"SafeDepositBoxStatus\": {\n        \"SafeDepositBoxStatusCode\": \"Valid\",\n        \"EffDt\": \"8222-10-37\"\n      }\n    }\n  ],\n  \"Status\": {\n    \"Severity\": \"Error\",\n    \"StatusCode\": \"dolo\",\n    \"StatusDesc\": \"nostrud elit exercitation consectetur\",\n    \"SvcProviderName\": \"dolore dolor laboris proident\",\n    \"Id\": \"officia nisi laboris pariatur labore\",\n    \"ServerStatusCode\": \"\",\n    \"ServerStatusDesc\": \"incidid\",\n    \"OvrdExceptionInd\": true,\n    \"SubjectRole\": \"ex dolore\",\n    \"SubjectElement\": [\n      {\n        \"Path\": \"ad magna\",\n        \"ServerPath\": \"velit quis\",\n        \"Value\": \"id dolore est magna\"\n      },\n      {\n        \"Path\": \"dolore tempor et exercitation\",\n        \"ServerPath\": \"eu do\",\n        \"Value\": \"exercitation dolor\"\n      }\n    ],\n    \"ContentHTML\": \"culpa laboris\",\n    \"AdditionalStatus\": [\n      {\n        \"StatusCode\": \"sint do inc\",\n        \"StatusDesc\": \"laborum ullamco aliqua\",\n        \"Severity\": \"Warning\",\n        \"SvcProviderName\": \"ut nisi aute ea\",\n        \"ServerStatusCode\": \"et in\",\n        \"ServerStatusDesc\": \"in aute voluptate consequat\",\n        \"OvrdExceptionInd\": false,\n        \"SubjectElement\": [\n          {\n            \"Path\": \"est aute\",\n            \"ServerPath\": \"enim ipsum ullamco\",\n            \"Value\": \"consequat exercitation in ut Lorem\"\n          },\n          {\n            \"Path\": \"nostrud ea\",\n            \"ServerPath\": \"pariatur in fugiat officia\",\n            \"Value\": \"labore dolore anim dolor magna\"\n          }\n        ]\n      },\n      {\n        \"StatusCode\": \"sed d\",\n        \"StatusDesc\": \"consequat quis cupidatat\",\n        \"Severity\": \"Warning\",\n        \"SvcProviderName\": \"sed incididunt irure aliqua\",\n        \"ServerStatusCode\": \"amet nulla\",\n        \"ServerStatusDesc\": \"et aliquip\",\n        \"OvrdExceptionInd\": false,\n        \"SubjectElement\": [\n          {\n            \"Path\": \"labore\",\n            \"ServerPath\": \"deserunt ei\",\n            \"Value\": \"amet aliqua sed Ut\"\n          },\n          {\n            \"Path\": \"labore Lorem commodo aute\",\n            \"ServerPath\": \"sit ex culpa\",\n            \"Value\": \"dolore anim\"\n          }\n        ]\n      }\n    ]\n  }\n}","cookie":[],"_postman_previewlanguage":"json"}],"event":[],"protocolProfileBehavior":{"disableBodyPruning":true}}],"event":[],"variable":[{"type":"string","value":"https://swaggerhub.onefiserv.net/virts/Bank_Sol_Org/SafeDepositBoxService/11.0.0_CT","key":"baseUrl"}],"info":{"_postman_id":"4aa4d279-22c3-4adf-a0e5-f5c5b1823852","name":"Safe Deposit Box Service","schema":"https://schema.getpostman.com/json/collection/v2.1.0/collection.json","description":{"content":"The safe deposit box service manages creation, modification and inquiry requests for a safe deposit box.","type":"text/plain"}}}