{"item":[{"id":"2f29cd3f-7ea0-4812-b260-2cf9b7a8f566","name":"safedepositboxservice/safedepositbox/safedepositbox","item":[{"id":"dfd54ac9-eeef-4fd5-b0b3-7d1d5fdda7c7","name":"Add Safe Deposit Box","request":{"name":"Add Safe Deposit Box","description":{"content":"Add Safe Deposit Box API creates a new Safe Deposit Box (SDB) account and relates it to one or more parties. Party can be person party (retail) or organization party (business). <br>This API adds a secondary or seasonal address to the account during the account set-up. Only one secondary or seasonal address can be added for a safe deposit box account. <br>This API uses the standardized address format for parsed addresses. When using the standardized format, instead of segregated into multiple independent fields such as House number, Street, Apartment number and Apartment number type, the Postal Address aggregate uses two address line fields that are Address line 1 and Address line 2. <br> <br> To download the API Specifications and Postman Collection, click <a href=\"../docs/?path=docs/resources/resources.md\" title=\"Click to open\">Resources</a>.","type":"text/plain"},"url":{"path":["safedepositboxservice","safedepositbox","safedepositbox"],"host":["{{baseUrl}}"],"query":[],"variable":[]},"header":[{"disabled":false,"description":"(Required) EFX Header is a common and required component for all API calls, it contains client-related parameters. Please note that the header parameters should be sent as a JSON object under the EFXHeader parameter. To view the list of header parameters, <a href=\"../docs?path=docs/api-ref-EFX-header.md\" title=\"Click to open\"> click here.</a>","key":"EFXHeader","value":"OrganizationId,<string>,TrnId,<string>,VendorId,<string>,Context,[object Object]"},{"key":"Content-Type","value":"application/json"},{"key":"Accept","value":"application/json"}],"method":"POST","auth":null,"body":{"mode":"raw","raw":"{\n  \"SafeDepositBoxInfo\": {\n    \"AcctType\": \"<string>\",\n    \"BoxNum\": \"<string>\",\n    \"BoxDiscountType\": \"<string>\",\n    \"BoxDiscountCode\": \"<string>\",\n    \"BillingInstruction\": {\n      \"BillingMethod\": \"<string>\",\n      \"FromAcctKeys\": {\n        \"AcctId\": \"<string>\",\n        \"AcctType\": \"<string>\"\n      },\n      \"BillingFrequency\": {\n        \"RecurType\": \"<string>\",\n        \"RecurInterval\": \"<long>\"\n      },\n      \"NextBillingDt\": \"<date>\"\n    },\n    \"ResponsibleBranch\": \"<string>\",\n    \"ClientDefinedData\": [\n      {\n        \"DataIdent\": \"<string>\",\n        \"Value\": \"<string>\"\n      },\n      {\n        \"DataIdent\": \"<string>\",\n        \"Value\": \"<string>\"\n      }\n    ],\n    \"PostAddr\": [\n      {\n        \"AddrType\": \"<string>\",\n        \"AddrUse\": \"<string>\",\n        \"AddrFormatType\": \"<string>\",\n        \"FullName1\": \"<string>\",\n        \"Addr1\": \"<string>\",\n        \"Addr2\": \"<string>\",\n        \"Addr3\": \"<string>\",\n        \"Addr4\": \"<string>\",\n        \"Addr5\": \"<string>\",\n        \"ApartmentNum\": \"<string>\",\n        \"ApartmentNumType\": \"<string>\",\n        \"HouseNum\": \"<string>\",\n        \"Street\": \"<string>\",\n        \"AddrDefinedData\": [\n          {\n            \"DataIdent\": \"<string>\",\n            \"Value\": \"<string>\"\n          },\n          {\n            \"DataIdent\": \"<string>\",\n            \"Value\": \"<string>\"\n          }\n        ],\n        \"City\": \"<string>\",\n        \"County\": \"<string>\",\n        \"District\": \"<string>\",\n        \"StateProv\": \"<string>\",\n        \"MilitaryRegion\": \"<string>\",\n        \"PostalCode\": \"<string>\",\n        \"CountryCode\": {\n          \"CountryCodeValue\": \"<string>\",\n          \"CountryCodeSource\": \"<string>\"\n        },\n        \"POBox\": \"<string>\",\n        \"TimeFrame\": {\n          \"StartDt\": \"<string>\",\n          \"EndDt\": \"<string>\"\n        },\n        \"Retention\": \"<boolean>\",\n        \"RevertToPartyAddr\": \"<boolean>\"\n      },\n      {\n        \"AddrType\": \"<string>\",\n        \"AddrUse\": \"<string>\",\n        \"AddrFormatType\": \"<string>\",\n        \"FullName1\": \"<string>\",\n        \"Addr1\": \"<string>\",\n        \"Addr2\": \"<string>\",\n        \"Addr3\": \"<string>\",\n        \"Addr4\": \"<string>\",\n        \"Addr5\": \"<string>\",\n        \"ApartmentNum\": \"<string>\",\n        \"ApartmentNumType\": \"<string>\",\n        \"HouseNum\": \"<string>\",\n        \"Street\": \"<string>\",\n        \"AddrDefinedData\": [\n          {\n            \"DataIdent\": \"<string>\",\n            \"Value\": \"<string>\"\n          },\n          {\n            \"DataIdent\": \"<string>\",\n            \"Value\": \"<string>\"\n          }\n        ],\n        \"City\": \"<string>\",\n        \"County\": \"<string>\",\n        \"District\": \"<string>\",\n        \"StateProv\": \"<string>\",\n        \"MilitaryRegion\": \"<string>\",\n        \"PostalCode\": \"<string>\",\n        \"CountryCode\": {\n          \"CountryCodeValue\": \"<string>\",\n          \"CountryCodeSource\": \"<string>\"\n        },\n        \"POBox\": \"<string>\",\n        \"TimeFrame\": {\n          \"StartDt\": \"<string>\",\n          \"EndDt\": \"<string>\"\n        },\n        \"Retention\": \"<boolean>\",\n        \"RevertToPartyAddr\": \"<boolean>\"\n      }\n    ],\n    \"Fee\": [\n      {\n        \"FeeType\": \"<string>\",\n        \"ChargeFeeInd\": \"<boolean>\"\n      },\n      {\n        \"FeeType\": \"<string>\",\n        \"ChargeFeeInd\": \"<boolean>\"\n      }\n    ],\n    \"AcctTaxData\": {\n      \"TaxType\": \"<string>\"\n    }\n  },\n  \"PartyAcctRelInfo\": [\n    {\n      \"PartyRef\": {\n        \"PartyKeys\": {\n          \"PartyId\": \"<string>\"\n        }\n      },\n      \"PartyAcctRelData\": [\n        {\n          \"PartyAcctRelType\": \"<string>\",\n          \"PartyAcctRelOrder\": \"<string>\"\n        },\n        {\n          \"PartyAcctRelType\": \"<string>\",\n          \"PartyAcctRelOrder\": \"<string>\"\n        }\n      ]\n    },\n    {\n      \"PartyRef\": {\n        \"PartyKeys\": {\n          \"PartyId\": \"<string>\"\n        }\n      },\n      \"PartyAcctRelData\": [\n        {\n          \"PartyAcctRelType\": \"<string>\",\n          \"PartyAcctRelOrder\": \"<string>\"\n        },\n        {\n          \"PartyAcctRelType\": \"<string>\",\n          \"PartyAcctRelOrder\": \"<string>\"\n        }\n      ]\n    }\n  ]\n}","options":{"raw":{"language":"json"}}}},"response":[{"id":"d751d752-189d-4731-8a5f-34f14d15b1a7","name":"Success","originalRequest":{"url":{"path":["safedepositboxservice","safedepositbox","safedepositbox"],"host":["{{baseUrl}}"],"query":[],"variable":[]},"header":[{"disabled":false,"description":"(Required) EFX Header is a common and required component for all API calls, it contains client-related parameters. Please note that the header parameters should be sent as a JSON object under the EFXHeader parameter. To view the list of header parameters, <a href=\"../docs?path=docs/api-ref-EFX-header.md\" title=\"Click to open\"> click here.</a>","key":"EFXHeader","value":"OrganizationId,<string>,TrnId,<string>,VendorId,<string>,Context,[object Object]"},{"key":"Accept","value":"application/json"}],"method":"POST","body":{"mode":"raw","raw":"{\n  \"SafeDepositBoxInfo\": {\n    \"AcctType\": \"<string>\",\n    \"BoxNum\": \"<string>\",\n    \"BoxDiscountType\": \"<string>\",\n    \"BoxDiscountCode\": \"<string>\",\n    \"BillingInstruction\": {\n      \"BillingMethod\": \"<string>\",\n      \"FromAcctKeys\": {\n        \"AcctId\": \"<string>\",\n        \"AcctType\": \"<string>\"\n      },\n      \"BillingFrequency\": {\n        \"RecurType\": \"<string>\",\n        \"RecurInterval\": \"<long>\"\n      },\n      \"NextBillingDt\": \"<date>\"\n    },\n    \"ResponsibleBranch\": \"<string>\",\n    \"ClientDefinedData\": [\n      {\n        \"DataIdent\": \"<string>\",\n        \"Value\": \"<string>\"\n      },\n      {\n        \"DataIdent\": \"<string>\",\n        \"Value\": \"<string>\"\n      }\n    ],\n    \"PostAddr\": [\n      {\n        \"AddrType\": \"<string>\",\n        \"AddrUse\": \"<string>\",\n        \"AddrFormatType\": \"<string>\",\n        \"FullName1\": \"<string>\",\n        \"Addr1\": \"<string>\",\n        \"Addr2\": \"<string>\",\n        \"Addr3\": \"<string>\",\n        \"Addr4\": \"<string>\",\n        \"Addr5\": \"<string>\",\n        \"ApartmentNum\": \"<string>\",\n        \"ApartmentNumType\": \"<string>\",\n        \"HouseNum\": \"<string>\",\n        \"Street\": \"<string>\",\n        \"AddrDefinedData\": [\n          {\n            \"DataIdent\": \"<string>\",\n            \"Value\": \"<string>\"\n          },\n          {\n            \"DataIdent\": \"<string>\",\n            \"Value\": \"<string>\"\n          }\n        ],\n        \"City\": \"<string>\",\n        \"County\": \"<string>\",\n        \"District\": \"<string>\",\n        \"StateProv\": \"<string>\",\n        \"MilitaryRegion\": \"<string>\",\n        \"PostalCode\": \"<string>\",\n        \"CountryCode\": {\n          \"CountryCodeValue\": \"<string>\",\n          \"CountryCodeSource\": \"<string>\"\n        },\n        \"POBox\": \"<string>\",\n        \"TimeFrame\": {\n          \"StartDt\": \"<string>\",\n          \"EndDt\": \"<string>\"\n        },\n        \"Retention\": \"<boolean>\",\n        \"RevertToPartyAddr\": \"<boolean>\"\n      },\n      {\n        \"AddrType\": \"<string>\",\n        \"AddrUse\": \"<string>\",\n        \"AddrFormatType\": \"<string>\",\n        \"FullName1\": \"<string>\",\n        \"Addr1\": \"<string>\",\n        \"Addr2\": \"<string>\",\n        \"Addr3\": \"<string>\",\n        \"Addr4\": \"<string>\",\n        \"Addr5\": \"<string>\",\n        \"ApartmentNum\": \"<string>\",\n        \"ApartmentNumType\": \"<string>\",\n        \"HouseNum\": \"<string>\",\n        \"Street\": \"<string>\",\n        \"AddrDefinedData\": [\n          {\n            \"DataIdent\": \"<string>\",\n            \"Value\": \"<string>\"\n          },\n          {\n            \"DataIdent\": \"<string>\",\n            \"Value\": \"<string>\"\n          }\n        ],\n        \"City\": \"<string>\",\n        \"County\": \"<string>\",\n        \"District\": \"<string>\",\n        \"StateProv\": \"<string>\",\n        \"MilitaryRegion\": \"<string>\",\n        \"PostalCode\": \"<string>\",\n        \"CountryCode\": {\n          \"CountryCodeValue\": \"<string>\",\n          \"CountryCodeSource\": \"<string>\"\n        },\n        \"POBox\": \"<string>\",\n        \"TimeFrame\": {\n          \"StartDt\": \"<string>\",\n          \"EndDt\": \"<string>\"\n        },\n        \"Retention\": \"<boolean>\",\n        \"RevertToPartyAddr\": \"<boolean>\"\n      }\n    ],\n    \"Fee\": [\n      {\n        \"FeeType\": \"<string>\",\n        \"ChargeFeeInd\": \"<boolean>\"\n      },\n      {\n        \"FeeType\": \"<string>\",\n        \"ChargeFeeInd\": \"<boolean>\"\n      }\n    ],\n    \"AcctTaxData\": {\n      \"TaxType\": \"<string>\"\n    }\n  },\n  \"PartyAcctRelInfo\": [\n    {\n      \"PartyRef\": {\n        \"PartyKeys\": {\n          \"PartyId\": \"<string>\"\n        }\n      },\n      \"PartyAcctRelData\": [\n        {\n          \"PartyAcctRelType\": \"<string>\",\n          \"PartyAcctRelOrder\": \"<string>\"\n        },\n        {\n          \"PartyAcctRelType\": \"<string>\",\n          \"PartyAcctRelOrder\": \"<string>\"\n        }\n      ]\n    },\n    {\n      \"PartyRef\": {\n        \"PartyKeys\": {\n          \"PartyId\": \"<string>\"\n        }\n      },\n      \"PartyAcctRelData\": [\n        {\n          \"PartyAcctRelType\": \"<string>\",\n          \"PartyAcctRelOrder\": \"<string>\"\n        },\n        {\n          \"PartyAcctRelType\": \"<string>\",\n          \"PartyAcctRelOrder\": \"<string>\"\n        }\n      ]\n    }\n  ]\n}","options":{"raw":{"language":"json"}}}},"status":"OK","code":200,"header":[{"key":"Content-Type","value":"application/json"}],"body":"{\n  \"SafeDepositBoxStatusRec\": {\n    \"SafeDepositBoxKeys\": {\n      \"AcctId\": \"laborum dol\",\n      \"AcctType\": \"SDB\"\n    },\n    \"SafeDepositBoxStatus\": {\n      \"SafeDepositBoxStatusCode\": \"Valid\",\n      \"EffDt\": \"8454-60-99T33:78\"\n    }\n  },\n  \"Status\": {\n    \"Severity\": \"Info\",\n    \"StatusCode\": \"adipisicing\",\n    \"StatusDesc\": \"elit Excepteur\",\n    \"SvcProviderName\": \"dolore\",\n    \"Id\": \"sunt Lorem mollit laboris\",\n    \"ServerStatusCode\": \"u\",\n    \"ServerStatusDesc\": \"dolore minim proident\",\n    \"OvrdExceptionInd\": false,\n    \"SubjectRole\": \"officia enim exercitation\",\n    \"SubjectElement\": [\n      {\n        \"Path\": \"minim do laboris ullamco\",\n        \"ServerPath\": \"sit consectetur\",\n        \"Value\": \"incididunt id\"\n      },\n      {\n        \"Path\": \"officia voluptate sint\",\n        \"ServerPath\": \"anim commodo\",\n        \"Value\": \"pariatur\"\n      }\n    ],\n    \"ContentHTML\": \"mollit esse ipsum\",\n    \"AdditionalStatus\": [\n      {\n        \"StatusCode\": \"consequat nisi ir\",\n        \"StatusDesc\": \"proident laborum nostrud\",\n        \"Severity\": \"Warning\",\n        \"SvcProviderName\": \"enim nisi in eiusmod\",\n        \"ServerStatusCode\": \"qui cupi\",\n        \"ServerStatusDesc\": \"laboris\",\n        \"OvrdExceptionInd\": true,\n        \"SubjectElement\": [\n          {\n            \"Path\": \"fugiat ex \",\n            \"ServerPath\": \"in officia\",\n            \"Value\": \"velit incididunt Lorem officia\"\n          },\n          {\n            \"Path\": \"consectetur esse est\",\n            \"ServerPath\": \"non\",\n            \"Value\": \"laborum ipsum\"\n          }\n        ]\n      },\n      {\n        \"StatusCode\": \"ut\",\n        \"StatusDesc\": \"magna veniam reprehenderit sint eu\",\n        \"Severity\": \"Info\",\n        \"SvcProviderName\": \"ullamco\",\n        \"ServerStatusCode\": \"en\",\n        \"ServerStatusDesc\": \"sunt reprehenderit\",\n        \"OvrdExceptionInd\": true,\n        \"SubjectElement\": [\n          {\n            \"Path\": \"incididunt labore\",\n            \"ServerPath\": \"ullamco enim mollit\",\n            \"Value\": \"id anim magna incididunt\"\n          },\n          {\n            \"Path\": \"est et ipsum sunt pariatur\",\n            \"ServerPath\": \"qui eiusmod culpa\",\n            \"Value\": \"dolor aliqua incididunt\"\n          }\n        ]\n      }\n    ]\n  }\n}","cookie":[],"_postman_previewlanguage":"json"},{"id":"b28e655a-0009-4749-bf3f-c75c81613464","name":"To view the complete list of response codes, <a href=\"../docs/?path=docs/response-codes.md\" title=\"Click to open\">click here.</a>","originalRequest":{"url":{"path":["safedepositboxservice","safedepositbox","safedepositbox"],"host":["{{baseUrl}}"],"query":[],"variable":[]},"header":[{"disabled":false,"description":"(Required) EFX Header is a common and required component for all API calls, it contains client-related parameters. Please note that the header parameters should be sent as a JSON object under the EFXHeader parameter. To view the list of header parameters, <a href=\"../docs?path=docs/api-ref-EFX-header.md\" title=\"Click to open\"> click here.</a>","key":"EFXHeader","value":"OrganizationId,<string>,TrnId,<string>,VendorId,<string>,Context,[object Object]"},{"key":"Accept","value":"application/json"}],"method":"POST","body":{"mode":"raw","raw":"{\n  \"SafeDepositBoxInfo\": {\n    \"AcctType\": \"<string>\",\n    \"BoxNum\": \"<string>\",\n    \"BoxDiscountType\": \"<string>\",\n    \"BoxDiscountCode\": \"<string>\",\n    \"BillingInstruction\": {\n      \"BillingMethod\": \"<string>\",\n      \"FromAcctKeys\": {\n        \"AcctId\": \"<string>\",\n        \"AcctType\": \"<string>\"\n      },\n      \"BillingFrequency\": {\n        \"RecurType\": \"<string>\",\n        \"RecurInterval\": \"<long>\"\n      },\n      \"NextBillingDt\": \"<date>\"\n    },\n    \"ResponsibleBranch\": \"<string>\",\n    \"ClientDefinedData\": [\n      {\n        \"DataIdent\": \"<string>\",\n        \"Value\": \"<string>\"\n      },\n      {\n        \"DataIdent\": \"<string>\",\n        \"Value\": \"<string>\"\n      }\n    ],\n    \"PostAddr\": [\n      {\n        \"AddrType\": \"<string>\",\n        \"AddrUse\": \"<string>\",\n        \"AddrFormatType\": \"<string>\",\n        \"FullName1\": \"<string>\",\n        \"Addr1\": \"<string>\",\n        \"Addr2\": \"<string>\",\n        \"Addr3\": \"<string>\",\n        \"Addr4\": \"<string>\",\n        \"Addr5\": \"<string>\",\n        \"ApartmentNum\": \"<string>\",\n        \"ApartmentNumType\": \"<string>\",\n        \"HouseNum\": \"<string>\",\n        \"Street\": \"<string>\",\n        \"AddrDefinedData\": [\n          {\n            \"DataIdent\": \"<string>\",\n            \"Value\": \"<string>\"\n          },\n          {\n            \"DataIdent\": \"<string>\",\n            \"Value\": \"<string>\"\n          }\n        ],\n        \"City\": \"<string>\",\n        \"County\": \"<string>\",\n        \"District\": \"<string>\",\n        \"StateProv\": \"<string>\",\n        \"MilitaryRegion\": \"<string>\",\n        \"PostalCode\": \"<string>\",\n        \"CountryCode\": {\n          \"CountryCodeValue\": \"<string>\",\n          \"CountryCodeSource\": \"<string>\"\n        },\n        \"POBox\": \"<string>\",\n        \"TimeFrame\": {\n          \"StartDt\": \"<string>\",\n          \"EndDt\": \"<string>\"\n        },\n        \"Retention\": \"<boolean>\",\n        \"RevertToPartyAddr\": \"<boolean>\"\n      },\n      {\n        \"AddrType\": \"<string>\",\n        \"AddrUse\": \"<string>\",\n        \"AddrFormatType\": \"<string>\",\n        \"FullName1\": \"<string>\",\n        \"Addr1\": \"<string>\",\n        \"Addr2\": \"<string>\",\n        \"Addr3\": \"<string>\",\n        \"Addr4\": \"<string>\",\n        \"Addr5\": \"<string>\",\n        \"ApartmentNum\": \"<string>\",\n        \"ApartmentNumType\": \"<string>\",\n        \"HouseNum\": \"<string>\",\n        \"Street\": \"<string>\",\n        \"AddrDefinedData\": [\n          {\n            \"DataIdent\": \"<string>\",\n            \"Value\": \"<string>\"\n          },\n          {\n            \"DataIdent\": \"<string>\",\n            \"Value\": \"<string>\"\n          }\n        ],\n        \"City\": \"<string>\",\n        \"County\": \"<string>\",\n        \"District\": \"<string>\",\n        \"StateProv\": \"<string>\",\n        \"MilitaryRegion\": \"<string>\",\n        \"PostalCode\": \"<string>\",\n        \"CountryCode\": {\n          \"CountryCodeValue\": \"<string>\",\n          \"CountryCodeSource\": \"<string>\"\n        },\n        \"POBox\": \"<string>\",\n        \"TimeFrame\": {\n          \"StartDt\": \"<string>\",\n          \"EndDt\": \"<string>\"\n        },\n        \"Retention\": \"<boolean>\",\n        \"RevertToPartyAddr\": \"<boolean>\"\n      }\n    ],\n    \"Fee\": [\n      {\n        \"FeeType\": \"<string>\",\n        \"ChargeFeeInd\": \"<boolean>\"\n      },\n      {\n        \"FeeType\": \"<string>\",\n        \"ChargeFeeInd\": \"<boolean>\"\n      }\n    ],\n    \"AcctTaxData\": {\n      \"TaxType\": \"<string>\"\n    }\n  },\n  \"PartyAcctRelInfo\": [\n    {\n      \"PartyRef\": {\n        \"PartyKeys\": {\n          \"PartyId\": \"<string>\"\n        }\n      },\n      \"PartyAcctRelData\": [\n        {\n          \"PartyAcctRelType\": \"<string>\",\n          \"PartyAcctRelOrder\": \"<string>\"\n        },\n        {\n          \"PartyAcctRelType\": \"<string>\",\n          \"PartyAcctRelOrder\": \"<string>\"\n        }\n      ]\n    },\n    {\n      \"PartyRef\": {\n        \"PartyKeys\": {\n          \"PartyId\": \"<string>\"\n        }\n      },\n      \"PartyAcctRelData\": [\n        {\n          \"PartyAcctRelType\": \"<string>\",\n          \"PartyAcctRelOrder\": \"<string>\"\n        },\n        {\n          \"PartyAcctRelType\": \"<string>\",\n          \"PartyAcctRelOrder\": \"<string>\"\n        }\n      ]\n    }\n  ]\n}","options":{"raw":{"language":"json"}}}},"status":"Internal Server Error","code":500,"header":[{"key":"Content-Type","value":"application/json"}],"body":"{\n  \"SafeDepositBoxStatusRec\": {\n    \"SafeDepositBoxKeys\": {\n      \"AcctId\": \"minim ipsum ex\",\n      \"AcctType\": \"SDB\"\n    },\n    \"SafeDepositBoxStatus\": {\n      \"SafeDepositBoxStatusCode\": \"Valid\",\n      \"EffDt\": \"9393-04-14\"\n    }\n  },\n  \"Status\": {\n    \"Severity\": \"Warning\",\n    \"StatusCode\": \"sed si\",\n    \"StatusDesc\": \"qui ad incididunt\",\n    \"SvcProviderName\": \"et ad ut deserunt\",\n    \"Id\": \"ipsum cillum anim dolor\",\n    \"ServerStatusCode\": \"irure exercitatio\",\n    \"ServerStatusDesc\": \"eiusmod\",\n    \"OvrdExceptionInd\": true,\n    \"SubjectRole\": \"nisi\",\n    \"SubjectElement\": [\n      {\n        \"Path\": \"veniam ex sunt ut minim\",\n        \"ServerPath\": \"cillum ullamco sunt\",\n        \"Value\": \"labore ullamco ex cupidatat\"\n      },\n      {\n        \"Path\": \"ad\",\n        \"ServerPath\": \"laborum dolor\",\n        \"Value\": \"dolore consequat aute proident\"\n      }\n    ],\n    \"ContentHTML\": \"nisi deserunt quis\",\n    \"AdditionalStatus\": [\n      {\n        \"StatusCode\": \"amet minim\",\n        \"StatusDesc\": \"ea velit officia ut\",\n        \"Severity\": \"Error\",\n        \"SvcProviderName\": \"aute reprehenderit\",\n        \"ServerStatusCode\": \"ex veni\",\n        \"ServerStatusDesc\": \"ipsum qui in exercitation\",\n        \"OvrdExceptionInd\": false,\n        \"SubjectElement\": [\n          {\n            \"Path\": \"amet pariatur sit minim\",\n            \"ServerPath\": \"veniam enim anim\",\n            \"Value\": \"anim et id ut\"\n          },\n          {\n            \"Path\": \"cupidatat Excepteur\",\n            \"ServerPath\": \"dolore elit\",\n            \"Value\": \"amet labore sed nulla sunt\"\n          }\n        ]\n      },\n      {\n        \"StatusCode\": \"non\",\n        \"StatusDesc\": \"dolore aute in reprehenderit\",\n        \"Severity\": \"Info\",\n        \"SvcProviderName\": \"nulla commod\",\n        \"ServerStatusCode\": \"laborum adipisicin\",\n        \"ServerStatusDesc\": \"nostrud consectetur\",\n        \"OvrdExceptionInd\": true,\n        \"SubjectElement\": [\n          {\n            \"Path\": \"dolore\",\n            \"ServerPath\": \"Excepteur\",\n            \"Value\": \"adipisicing laborum\"\n          },\n          {\n            \"Path\": \"ea consectetur\",\n            \"ServerPath\": \"ullamco in deserunt\",\n            \"Value\": \"aliqua voluptate Lorem\"\n          }\n        ]\n      }\n    ]\n  }\n}","cookie":[],"_postman_previewlanguage":"json"}],"event":[],"protocolProfileBehavior":{"disableBodyPruning":true}},{"id":"d9f405fc-b3c6-4e87-8236-a35d23e81689","name":"Get Safe Deposit Box","request":{"name":"Get Safe Deposit Box","description":{"content":"Get Safe Deposit Box API retrieves details of a Safe Deposit Box (SDB) account. <br> <br> To download the API Specifications and Postman Collection, click <a href=\"../docs/?path=docs/resources/resources.md\" title=\"Click to open\">Resources</a>.","type":"text/plain"},"url":{"path":["safedepositboxservice","safedepositbox","safedepositbox","secured"],"host":["{{baseUrl}}"],"query":[],"variable":[]},"header":[{"disabled":false,"description":"(Required) EFX Header is a common and required component for all API calls, it contains client-related parameters. Please note that the header parameters should be sent as a JSON object under the EFXHeader parameter. To view the list of header parameters, <a href=\"../docs?path=docs/api-ref-EFX-header.md\" title=\"Click to open\"> click here.</a>","key":"EFXHeader","value":"OrganizationId,<string>,TrnId,<string>,VendorId,<string>,Context,[object Object]"},{"key":"Content-Type","value":"application/json"},{"key":"Accept","value":"application/json"}],"method":"POST","auth":null,"body":{"mode":"raw","raw":"{\n  \"SafeDepositBoxSel\": {\n    \"SafeDepositBoxKeys\": {\n      \"AcctId\": \"<string>\",\n      \"AcctType\": \"<string>\"\n    }\n  }\n}","options":{"raw":{"language":"json"}}}},"response":[{"id":"3acd734f-16ec-433a-a52c-6649d2611d82","name":"Success","originalRequest":{"url":{"path":["safedepositboxservice","safedepositbox","safedepositbox","secured"],"host":["{{baseUrl}}"],"query":[],"variable":[]},"header":[{"disabled":false,"description":"(Required) EFX Header is a common and required component for all API calls, it contains client-related parameters. Please note that the header parameters should be sent as a JSON object under the EFXHeader parameter. To view the list of header parameters, <a href=\"../docs?path=docs/api-ref-EFX-header.md\" title=\"Click to open\"> click here.</a>","key":"EFXHeader","value":"OrganizationId,<string>,TrnId,<string>,VendorId,<string>,Context,[object Object]"},{"key":"Accept","value":"application/json"}],"method":"POST","body":{"mode":"raw","raw":"{\n  \"SafeDepositBoxSel\": {\n    \"SafeDepositBoxKeys\": {\n      \"AcctId\": \"<string>\",\n      \"AcctType\": \"<string>\"\n    }\n  }\n}","options":{"raw":{"language":"json"}}}},"status":"OK","code":200,"header":[{"key":"Content-Type","value":"application/json"}],"body":"{\n  \"SafeDepositBoxRec\": [\n    {\n      \"SafeDepositBoxInfo\": {\n        \"BoxDtlStatus\": \"Unusable\",\n        \"BoxDtlStatusEnumDesc\": \"commodo\",\n        \"AcctIdent\": [\n          {\n            \"AcctIdentType\": \"PartyId\",\n            \"AcctIdentValue\": \"c\"\n          },\n          {\n            \"AcctIdentType\": \"PartyId\",\n            \"AcctIdentValue\": \"veniam incididunt veli\"\n          }\n        ],\n        \"BoxNum\": \"qu\",\n        \"BoxSizeCode\": \"ullamco tempor\",\n        \"OpenDt\": \"1997-10-22\",\n        \"DepositKeyAmt\": {\n          \"Amt\": 35511578.307266235,\n          \"CurCode\": {\n            \"CurCodeValue\": {\n              \"value\": \"<Error: Too many levels of nesting to fake this schema>\"\n            },\n            \"CurCodeType\": {\n              \"value\": \"<Error: Too many levels of nesting to fake this schema>\"\n            }\n          }\n        },\n        \"BoxDiscountType\": \"Amount\",\n        \"BoxDiscountCode\": \"cillum in\",\n        \"BillingInstruction\": {\n          \"BillingMethod\": \"DebitToAccount\",\n          \"FromAcctKeys\": {\n            \"AcctId\": {\n              \"value\": \"<Error: Too many levels of nesting to fake this schema>\"\n            },\n            \"AcctType\": {\n              \"value\": \"<Error: Too many levels of nesting to fake this schema>\"\n            }\n          },\n          \"BillingFrequency\": {\n            \"RecurType\": {\n              \"value\": \"<Error: Too many levels of nesting to fake this schema>\"\n            }\n          },\n          \"NextBillingDt\": \"2012-10-29\"\n        },\n        \"DateData\": [\n          {\n            \"DateType\": \"SafeDepositKeyPaid\",\n            \"DateValue\": \"2024-53-70\"\n          },\n          {\n            \"DateType\": \"SafeDepositKeyPaid\",\n            \"DateValue\": \"7597-20-91T86:03:29-81:87\"\n          }\n        ],\n        \"OriginatingBranch\": \"laboris ali\",\n        \"OriginatingBranchEnumDesc\": \"amet nostrud magna\",\n        \"ClientDefinedData\": [\n          {\n            \"DataIdent\": \"UserField1\",\n            \"Value\": \"non qui\"\n          },\n          {\n            \"DataIdent\": \"UserField1\",\n            \"Value\": \"officia anim magna\"\n          }\n        ],\n        \"AcctBal\": [\n          {\n            \"BalType\": \"PmtDue\",\n            \"CurAmt\": {\n              \"value\": \"<Error: Too many levels of nesting to fake this schema>\"\n            }\n          },\n          {\n            \"BalType\": \"PmtDue\",\n            \"CurAmt\": {\n              \"value\": \"<Error: Too many levels of nesting to fake this schema>\"\n            }\n          }\n        ],\n        \"AcctPeriodData\": [\n          {\n            \"AcctAmtType\": \"RentPaid\",\n            \"Amt\": -97886873.78317742\n          },\n          {\n            \"AcctAmtType\": \"RentPaid\",\n            \"Amt\": -19297664.52778177\n          }\n        ],\n        \"AlternateAddrInd\": false,\n        \"Fee\": [\n          {\n            \"ChargeFeeInd\": true\n          },\n          {\n            \"ChargeFeeInd\": true\n          }\n        ],\n        \"LastPmt\": {\n          \"PmtCompositeAmt\": [\n            {\n              \"value\": \"<Error: Too many levels of nesting to fake this schema>\"\n            },\n            {\n              \"value\": \"<Error: Too many levels of nesting to fake this schema>\"\n            }\n          ],\n          \"PmtDt\": \"1962-06-09\"\n        },\n        \"PastDueDays\": 61160224,\n        \"AcctTaxData\": {\n          \"TaxCode\": \"minim ad occaecat elit\"\n        },\n        \"MemoText\": \"dolor sint\"\n      },\n      \"SafeDepositBoxKeys\": {\n        \"AcctId\": \"anim fugiat \",\n        \"AcctType\": \"SDB\"\n      },\n      \"SafeDepositBoxStatus\": {\n        \"SafeDepositBoxStatusCode\": \"Valid\",\n        \"EffDt\": \"1811-34-41\"\n      }\n    },\n    {\n      \"SafeDepositBoxInfo\": {\n        \"BoxDtlStatus\": \"Drill\",\n        \"BoxDtlStatusEnumDesc\": \"tempor ex in dolore\",\n        \"AcctIdent\": [\n          {\n            \"AcctIdentType\": \"PartyId\",\n            \"AcctIdentValue\": \"volup\"\n          },\n          {\n            \"AcctIdentType\": \"PartyId\",\n            \"AcctIdentValue\": \"est velit el\"\n          }\n        ],\n        \"BoxNum\": \"d\",\n        \"BoxSizeCode\": \"minim cillum incididunt\",\n        \"OpenDt\": \"2016-05-08\",\n        \"DepositKeyAmt\": {\n          \"Amt\": 14528424.603697017,\n          \"CurCode\": {\n            \"CurCodeValue\": {\n              \"value\": \"<Error: Too many levels of nesting to fake this schema>\"\n            },\n            \"CurCodeType\": {\n              \"value\": \"<Error: Too many levels of nesting to fake this schema>\"\n            }\n          }\n        },\n        \"BoxDiscountType\": \"Percentage\",\n        \"BoxDiscountCode\": \"ut dolore do\",\n        \"BillingInstruction\": {\n          \"BillingMethod\": \"DebitToAccount\",\n          \"FromAcctKeys\": {\n            \"AcctId\": {\n              \"value\": \"<Error: Too many levels of nesting to fake this schema>\"\n            },\n            \"AcctType\": {\n              \"value\": \"<Error: Too many levels of nesting to fake this schema>\"\n            }\n          },\n          \"BillingFrequency\": {\n            \"RecurType\": {\n              \"value\": \"<Error: Too many levels of nesting to fake this schema>\"\n            }\n          },\n          \"NextBillingDt\": \"1986-02-22\"\n        },\n        \"DateData\": [\n          {\n            \"DateType\": \"SafeDepositKeyPaid\",\n            \"DateValue\": \"4925-71-61T70:28:64\"\n          },\n          {\n            \"DateType\": \"SafeDepositKeyPaid\",\n            \"DateValue\": \"9965-94-38T28:70\"\n          }\n        ],\n        \"OriginatingBranch\": \"consectetur\",\n        \"OriginatingBranchEnumDesc\": \"in ad Lorem ut\",\n        \"ClientDefinedData\": [\n          {\n            \"DataIdent\": \"UserField2\",\n            \"Value\": \"dolor ad\"\n          },\n          {\n            \"DataIdent\": \"UserField1\",\n            \"Value\": \"quis nostrud commodo eiusmod sint\"\n          }\n        ],\n        \"AcctBal\": [\n          {\n            \"BalType\": \"PastDue\",\n            \"CurAmt\": {\n              \"value\": \"<Error: Too many levels of nesting to fake this schema>\"\n            }\n          },\n          {\n            \"BalType\": \"PastDue\",\n            \"CurAmt\": {\n              \"value\": \"<Error: Too many levels of nesting to fake this schema>\"\n            }\n          }\n        ],\n        \"AcctPeriodData\": [\n          {\n            \"AcctAmtType\": \"RentPaid\",\n            \"Amt\": -39134233.43883058\n          },\n          {\n            \"AcctAmtType\": \"RentPaid\",\n            \"Amt\": 24168251.7178794\n          }\n        ],\n        \"AlternateAddrInd\": true,\n        \"Fee\": [\n          {\n            \"ChargeFeeInd\": false\n          },\n          {\n            \"ChargeFeeInd\": true\n          }\n        ],\n        \"LastPmt\": {\n          \"PmtCompositeAmt\": [\n            {\n              \"value\": \"<Error: Too many levels of nesting to fake this schema>\"\n            },\n            {\n              \"value\": \"<Error: Too many levels of nesting to fake this schema>\"\n            }\n          ],\n          \"PmtDt\": \"2017-08-07\"\n        },\n        \"PastDueDays\": -25453982,\n        \"AcctTaxData\": {\n          \"TaxCode\": \"reprehenderit\"\n        },\n        \"MemoText\": \"in\"\n      },\n      \"SafeDepositBoxKeys\": {\n        \"AcctId\": \"Lorem laborum consectetur officia\",\n        \"AcctType\": \"SDB\"\n      },\n      \"SafeDepositBoxStatus\": {\n        \"SafeDepositBoxStatusCode\": \"Valid\",\n        \"EffDt\": \"6392-12-35T68:71\"\n      }\n    }\n  ],\n  \"Status\": {\n    \"Severity\": \"Warning\",\n    \"StatusCode\": \"aliqua\",\n    \"StatusDesc\": \"consectetur consequat\",\n    \"SvcProviderName\": \"cupid\",\n    \"Id\": \"Duis\",\n    \"ServerStatusCode\": \"mollit ea non\",\n    \"ServerStatusDesc\": \"eu\",\n    \"OvrdExceptionInd\": false,\n    \"SubjectRole\": \"enim exercitation mollit tempor\",\n    \"SubjectElement\": [\n      {\n        \"Path\": \"anim do in\",\n        \"ServerPath\": \"labore Excepteur\",\n        \"Value\": \"consectetur mollit et voluptate\"\n      },\n      {\n        \"Path\": \"sint\",\n        \"ServerPath\": \"eu pariatur aliquip Ut ut\",\n        \"Value\": \"cillum Excepteur eu\"\n      }\n    ],\n    \"ContentHTML\": \"eu Duis irure\",\n    \"AdditionalStatus\": [\n      {\n        \"StatusCode\": \"laborum Ut sint ei\",\n        \"StatusDesc\": \"sit cillum nulla anim in\",\n        \"Severity\": \"Error\",\n        \"SvcProviderName\": \"nulla dolor\",\n        \"ServerStatusCode\": \"proident\",\n        \"ServerStatusDesc\": \"aute dolore mollit anim eiusmod\",\n        \"OvrdExceptionInd\": true,\n        \"SubjectElement\": [\n          {\n            \"Path\": \"mollit su\",\n            \"ServerPath\": \"ex\",\n            \"Value\": \"in Excepteur\"\n          },\n          {\n            \"Path\": \"nostrud tempor ut cupidatat\",\n            \"ServerPath\": \"ad occaecat voluptate elit\",\n            \"Value\": \"et dolore est\"\n          }\n        ]\n      },\n      {\n        \"StatusCode\": \"irure a\",\n        \"StatusDesc\": \"sunt\",\n        \"Severity\": \"Info\",\n        \"SvcProviderName\": \"a\",\n        \"ServerStatusCode\": \"a\",\n        \"ServerStatusDesc\": \"irure qui ex\",\n        \"OvrdExceptionInd\": true,\n        \"SubjectElement\": [\n          {\n            \"Path\": \"est non exercitation mollit consequat\",\n            \"ServerPath\": \"aliqua in\",\n            \"Value\": \"non sunt sint consectetur\"\n          },\n          {\n            \"Path\": \"do dolor ut\",\n            \"ServerPath\": \"dolore deserunt ut labore amet\",\n            \"Value\": \"incididunt cillum magna ad aliquip\"\n          }\n        ]\n      }\n    ]\n  }\n}","cookie":[],"_postman_previewlanguage":"json"},{"id":"a014a985-d1a1-418d-8ca1-1746c656fee2","name":"To view the complete list of response codes, <a href=\"../docs/?path=docs/response-codes.md\" title=\"Click to open\">click here.</a>","originalRequest":{"url":{"path":["safedepositboxservice","safedepositbox","safedepositbox","secured"],"host":["{{baseUrl}}"],"query":[],"variable":[]},"header":[{"disabled":false,"description":"(Required) EFX Header is a common and required component for all API calls, it contains client-related parameters. Please note that the header parameters should be sent as a JSON object under the EFXHeader parameter. To view the list of header parameters, <a href=\"../docs?path=docs/api-ref-EFX-header.md\" title=\"Click to open\"> click here.</a>","key":"EFXHeader","value":"OrganizationId,<string>,TrnId,<string>,VendorId,<string>,Context,[object Object]"},{"key":"Accept","value":"application/json"}],"method":"POST","body":{"mode":"raw","raw":"{\n  \"SafeDepositBoxSel\": {\n    \"SafeDepositBoxKeys\": {\n      \"AcctId\": \"<string>\",\n      \"AcctType\": \"<string>\"\n    }\n  }\n}","options":{"raw":{"language":"json"}}}},"status":"Internal Server Error","code":500,"header":[{"key":"Content-Type","value":"application/json"}],"body":"{\n  \"SafeDepositBoxRec\": [\n    {\n      \"SafeDepositBoxInfo\": {\n        \"BoxDtlStatus\": \"Decease\",\n        \"BoxDtlStatusEnumDesc\": \"ea dolore\",\n        \"AcctIdent\": [\n          {\n            \"AcctIdentType\": \"PartyId\",\n            \"AcctIdentValue\": \"quis id\"\n          },\n          {\n            \"AcctIdentType\": \"PartyId\",\n            \"AcctIdentValue\": \"culpa dolore\"\n          }\n        ],\n        \"BoxNum\": \"labore Ut ul\",\n        \"BoxSizeCode\": \"reprehenderit consectetur\",\n        \"OpenDt\": \"1946-06-22\",\n        \"DepositKeyAmt\": {\n          \"Amt\": 19333020.398536637,\n          \"CurCode\": {\n            \"CurCodeValue\": {\n              \"value\": \"<Error: Too many levels of nesting to fake this schema>\"\n            },\n            \"CurCodeType\": {\n              \"value\": \"<Error: Too many levels of nesting to fake this schema>\"\n            }\n          }\n        },\n        \"BoxDiscountType\": \"Amount\",\n        \"BoxDiscountCode\": \"aliqua pariatur minim\",\n        \"BillingInstruction\": {\n          \"BillingMethod\": \"DebitToAccount\",\n          \"FromAcctKeys\": {\n            \"AcctId\": {\n              \"value\": \"<Error: Too many levels of nesting to fake this schema>\"\n            },\n            \"AcctType\": {\n              \"value\": \"<Error: Too many levels of nesting to fake this schema>\"\n            }\n          },\n          \"BillingFrequency\": {\n            \"RecurType\": {\n              \"value\": \"<Error: Too many levels of nesting to fake this schema>\"\n            }\n          },\n          \"NextBillingDt\": \"1981-11-02\"\n        },\n        \"DateData\": [\n          {\n            \"DateType\": \"SafeDepositKeyPaid\",\n            \"DateValue\": \"7426-87-50\"\n          },\n          {\n            \"DateType\": \"SafeDepositKeyPaid\",\n            \"DateValue\": \"2356-75-76T06:19:88.261-60:98\"\n          }\n        ],\n        \"OriginatingBranch\": \"tempor n\",\n        \"OriginatingBranchEnumDesc\": \"de\",\n        \"ClientDefinedData\": [\n          {\n            \"DataIdent\": \"UserField2\",\n            \"Value\": \"mollit elit anim id s\"\n          },\n          {\n            \"DataIdent\": \"UserField2\",\n            \"Value\": \"occaecat ullamco\"\n          }\n        ],\n        \"AcctBal\": [\n          {\n            \"BalType\": \"LateFee\",\n            \"CurAmt\": {\n              \"value\": \"<Error: Too many levels of nesting to fake this schema>\"\n            }\n          },\n          {\n            \"BalType\": \"PmtDue\",\n            \"CurAmt\": {\n              \"value\": \"<Error: Too many levels of nesting to fake this schema>\"\n            }\n          }\n        ],\n        \"AcctPeriodData\": [\n          {\n            \"AcctAmtType\": \"RentPaid\",\n            \"Amt\": -60974934.96822181\n          },\n          {\n            \"AcctAmtType\": \"RentPaid\",\n            \"Amt\": 63594821.63533765\n          }\n        ],\n        \"AlternateAddrInd\": false,\n        \"Fee\": [\n          {\n            \"ChargeFeeInd\": false\n          },\n          {\n            \"ChargeFeeInd\": false\n          }\n        ],\n        \"LastPmt\": {\n          \"PmtCompositeAmt\": [\n            {\n              \"value\": \"<Error: Too many levels of nesting to fake this schema>\"\n            },\n            {\n              \"value\": \"<Error: Too many levels of nesting to fake this schema>\"\n            }\n          ],\n          \"PmtDt\": \"1957-05-16\"\n        },\n        \"PastDueDays\": 18416686,\n        \"AcctTaxData\": {\n          \"TaxCode\": \"nulla ipsum Duis\"\n        },\n        \"MemoText\": \"commodo magna fugiat\"\n      },\n      \"SafeDepositBoxKeys\": {\n        \"AcctId\": \"irure Ut\",\n        \"AcctType\": \"SDB\"\n      },\n      \"SafeDepositBoxStatus\": {\n        \"SafeDepositBoxStatusCode\": \"Valid\",\n        \"EffDt\": \"4201-76-53T03:23\"\n      }\n    },\n    {\n      \"SafeDepositBoxInfo\": {\n        \"BoxDtlStatus\": \"Vacant\",\n        \"BoxDtlStatusEnumDesc\": \"do sit\",\n        \"AcctIdent\": [\n          {\n            \"AcctIdentType\": \"PartyId\",\n            \"AcctIdentValue\": \"in in nulla Duis\"\n          },\n          {\n            \"AcctIdentType\": \"PartyId\",\n            \"AcctIdentValue\": \"quis\"\n          }\n        ],\n        \"BoxNum\": \"ut exercitatio\",\n        \"BoxSizeCode\": \"magna proident consequat ut nisi\",\n        \"OpenDt\": \"1970-10-06\",\n        \"DepositKeyAmt\": {\n          \"Amt\": 25654139.99170585,\n          \"CurCode\": {\n            \"CurCodeValue\": {\n              \"value\": \"<Error: Too many levels of nesting to fake this schema>\"\n            },\n            \"CurCodeType\": {\n              \"value\": \"<Error: Too many levels of nesting to fake this schema>\"\n            }\n          }\n        },\n        \"BoxDiscountType\": \"Percentage\",\n        \"BoxDiscountCode\": \"magna mollit\",\n        \"BillingInstruction\": {\n          \"BillingMethod\": \"DebitToAccount\",\n          \"FromAcctKeys\": {\n            \"AcctId\": {\n              \"value\": \"<Error: Too many levels of nesting to fake this schema>\"\n            },\n            \"AcctType\": {\n              \"value\": \"<Error: Too many levels of nesting to fake this schema>\"\n            }\n          },\n          \"BillingFrequency\": {\n            \"RecurType\": {\n              \"value\": \"<Error: Too many levels of nesting to fake this schema>\"\n            }\n          },\n          \"NextBillingDt\": \"1974-09-07\"\n        },\n        \"DateData\": [\n          {\n            \"DateType\": \"SafeDepositKeyPaid\",\n            \"DateValue\": \"3571-22-36T79:72\"\n          },\n          {\n            \"DateType\": \"SafeDepositKeyPaid\",\n            \"DateValue\": \"8845-61-62T20:05\"\n          }\n        ],\n        \"OriginatingBranch\": \"su\",\n        \"OriginatingBranchEnumDesc\": \"ipsum sit dolore nisi\",\n        \"ClientDefinedData\": [\n          {\n            \"DataIdent\": \"UserField1\",\n            \"Value\": \"mollit dolor ad deserunt esse\"\n          },\n          {\n            \"DataIdent\": \"UserField1\",\n            \"Value\": \"in aute dolor Ut\"\n          }\n        ],\n        \"AcctBal\": [\n          {\n            \"BalType\": \"LateFee\",\n            \"CurAmt\": {\n              \"value\": \"<Error: Too many levels of nesting to fake this schema>\"\n            }\n          },\n          {\n            \"BalType\": \"PmtDue\",\n            \"CurAmt\": {\n              \"value\": \"<Error: Too many levels of nesting to fake this schema>\"\n            }\n          }\n        ],\n        \"AcctPeriodData\": [\n          {\n            \"AcctAmtType\": \"RentPaid\",\n            \"Amt\": 97427267.19493079\n          },\n          {\n            \"AcctAmtType\": \"RentPaid\",\n            \"Amt\": -26502047.712514326\n          }\n        ],\n        \"AlternateAddrInd\": false,\n        \"Fee\": [\n          {\n            \"ChargeFeeInd\": true\n          },\n          {\n            \"ChargeFeeInd\": true\n          }\n        ],\n        \"LastPmt\": {\n          \"PmtCompositeAmt\": [\n            {\n              \"value\": \"<Error: Too many levels of nesting to fake this schema>\"\n            },\n            {\n              \"value\": \"<Error: Too many levels of nesting to fake this schema>\"\n            }\n          ],\n          \"PmtDt\": \"1996-05-15\"\n        },\n        \"PastDueDays\": 41702784,\n        \"AcctTaxData\": {\n          \"TaxCode\": \"t\"\n        },\n        \"MemoText\": \"consequat\"\n      },\n      \"SafeDepositBoxKeys\": {\n        \"AcctId\": \"anim cillum sint deserunt\",\n        \"AcctType\": \"SDB\"\n      },\n      \"SafeDepositBoxStatus\": {\n        \"SafeDepositBoxStatusCode\": \"Valid\",\n        \"EffDt\": \"2534-44-19\"\n      }\n    }\n  ],\n  \"Status\": {\n    \"Severity\": \"Warning\",\n    \"StatusCode\": \"ullamco amet\",\n    \"StatusDesc\": \"in deserunt\",\n    \"SvcProviderName\": \"anim dolore sit\",\n    \"Id\": \"labore dolor sed mollit\",\n    \"ServerStatusCode\": \"ipsum commodo\",\n    \"ServerStatusDesc\": \"do in mollit id ipsum\",\n    \"OvrdExceptionInd\": false,\n    \"SubjectRole\": \"pariatur commodo\",\n    \"SubjectElement\": [\n      {\n        \"Path\": \"aliquip deserunt\",\n        \"ServerPath\": \"Lorem enim eiusmod\",\n        \"Value\": \"dolore\"\n      },\n      {\n        \"Path\": \"quis eu do dolore elit\",\n        \"ServerPath\": \"elit\",\n        \"Value\": \"laborum fugiat magna\"\n      }\n    ],\n    \"ContentHTML\": \"ad qui nulla\",\n    \"AdditionalStatus\": [\n      {\n        \"StatusCode\": \"e\",\n        \"StatusDesc\": \"pariatur\",\n        \"Severity\": \"Info\",\n        \"SvcProviderName\": \"esse officia minim\",\n        \"ServerStatusCode\": \"culpa aliqua\",\n        \"ServerStatusDesc\": \"ex enim esse\",\n        \"OvrdExceptionInd\": true,\n        \"SubjectElement\": [\n          {\n            \"Path\": \"Dui\",\n            \"ServerPath\": \"ipsum sit\",\n            \"Value\": \"laboris ex\"\n          },\n          {\n            \"Path\": \"aliqua ex\",\n            \"ServerPath\": \"incididunt labore ex voluptate\",\n            \"Value\": \"proident\"\n          }\n        ]\n      },\n      {\n        \"StatusCode\": \"eu nostrud\",\n        \"StatusDesc\": \"minim reprehenderit\",\n        \"Severity\": \"Warning\",\n        \"SvcProviderName\": \"mollit aliquip irure Ut\",\n        \"ServerStatusCode\": \"exercita\",\n        \"ServerStatusDesc\": \"non\",\n        \"OvrdExceptionInd\": true,\n        \"SubjectElement\": [\n          {\n            \"Path\": \"Lorem fugiat dolore\",\n            \"ServerPath\": \"enim dolor fugiat ut\",\n            \"Value\": \"consequat in adipisicing\"\n          },\n          {\n            \"Path\": \"cupidatat\",\n            \"ServerPath\": \"ullamco dolor adipisicing\",\n            \"Value\": \"nostrud qui aliqua voluptate\"\n          }\n        ]\n      }\n    ]\n  }\n}","cookie":[],"_postman_previewlanguage":"json"}],"event":[],"protocolProfileBehavior":{"disableBodyPruning":true}}],"event":[]}],"event":[],"variable":[{"type":"string","value":"https://swaggerhub.onefiserv.net/virts/Bank_Sol_Org/SafeDepositBoxService/11.0.0_SIG","key":"baseUrl"}],"info":{"_postman_id":"1fcad7e7-f2ab-44cf-839c-c19d5a14ff43","name":"Safe Deposit Box Service","schema":"https://schema.getpostman.com/json/collection/v2.1.0/collection.json","description":{"content":"The safe deposit box service manages creation, modification and inquiry requests for a safe deposit box.","type":"text/plain"}}}