{"item":[{"id":"748f25ee-a2ff-4659-8164-25057c6b4871","name":"transactions/v2","item":[{"id":"8c69fd83-5d9b-465e-9d5d-11f370a9d42f","name":"BALANCE_CONSOLIDATION_DETAIL ODS View","request":{"name":"BALANCE_CONSOLIDATION_DETAIL ODS View","description":{"content":"This service is used to retrieve the the pending balance consolidations which are due to the client setting BC Transaction Delay Option parameter to a 1 in PCF. Required Fields: common.accountId or common.presentationId, and selectFields. <br><br> <b>Relates to:</b>\n  \n  <blockquote style=\"border-left: 0.375em solid #40a9ff; background-color: #e6f7ff; border-radius: 3px; padding: 1em;\" ><div>BALANCE_CONSOLIDATION_DETAIL View, <a target=\"_blank\" title=\"Click to open in a new tab\" href=\"https://documentation.fiserv.com/bundle/Open-Data-Streams/page/00A_ODS_HC/RPCs/05ODS_ACCT_MGMTrpcs/05ODS_ACCT_MGMTrpcs.xhtml#IX_BALANCE_CONSOLIDATION_RPC\"> click here</a>.</div></blockquote>","type":"text/plain"},"url":{"path":["transactions","v2","balanceConsolidationDetail"],"host":["{{baseUrl}}"],"query":[],"variable":[]},"header":[{"key":"Content-Type","value":"application/json"},{"key":"Accept","value":"application/json"}],"method":"POST","auth":null,"body":{"mode":"raw","raw":"{\n  \"selectFields\": [\n    \"<string>\"\n  ],\n  \"common\": {\n    \"user\": \"<string>\",\n    \"agent\": \"<string>\",\n    \"cycle\": \"<string>\",\n    \"clientNumber\": \"<string>\",\n    \"system\": \"<string>\",\n    \"prin\": \"<string>\",\n    \"debug\": \"<boolean>\",\n    \"org\": \"<string>\",\n    \"processor\": \"<boolean>\",\n    \"contentType\": \"<string>\",\n    \"retry\": \"<long>\",\n    \"timeout\": \"<long>\",\n    \"siteId\": \"<string>\",\n    \"internalOrigin\": \"<boolean>\",\n    \"externalCustomerId\": \"<string>\",\n    \"accountId\": \"<string>\",\n    \"presentationId\": \"<string>\",\n    \"rts\": \"<dateTime>\"\n  },\n  \"odsNaming\": \"<boolean>\"\n}","options":{"raw":{"language":"json"}}}},"response":[{"id":"654ffb23-2506-4fc0-a504-3e93f493a2b8","name":"successful operation","originalRequest":{"url":{"path":["transactions","v2","balanceConsolidationDetail"],"host":["{{baseUrl}}"],"query":[],"variable":[]},"header":[{"key":"Accept","value":"application/json"}],"method":"POST","body":{"mode":"raw","raw":"{\n  \"selectFields\": [\n    \"m3AOMC4jPp\",\n    \"tY8XwB1p0v\",\n    \"ZnDe5sVlJ3\",\n    \"KKi158kToE\",\n    \"sVS43qE7Id\",\n    \"45zWgavNPM\",\n    \"9oFseGJ3LA\"\n  ],\n  \"common\": {\n    \"user\": \"<string>\",\n    \"agent\": \"4000\",\n    \"cycle\": \"T\",\n    \"clientNumber\": \"1000\",\n    \"system\": \"2000\",\n    \"prin\": \"3000\",\n    \"debug\": \"<boolean>\",\n    \"org\": \"<string>\",\n    \"processor\": \"<boolean>\",\n    \"contentType\": \"<string>\",\n    \"retry\": 0,\n    \"timeout\": 45000,\n    \"siteId\": \"4201\",\n    \"internalOrigin\": \"<boolean>\",\n    \"externalCustomerId\": \"<string>\",\n    \"accountId\": \"8888888888888888\",\n    \"presentationId\": \"<string>\",\n    \"rts\": \"2024-01-05T15:54:15Z\"\n  },\n  \"odsNaming\": \"<boolean>\"\n}","options":{"raw":{"language":"json"}}}},"status":"OK","code":200,"header":[{"key":"Content-Type","value":"application/json"}],"body":"{\n  \"processorInfo\": {\n    \"system\": \"dolor dolor incididunt\",\n    \"cycle\": \"enim veniam ipsum\",\n    \"tor\": \"qui nisi\",\n    \"mode\": \"occaecat veniam nisi pariatur enim\"\n  },\n  \"balanceConsolidationDetailFields\": [\n    {\n      \"selectedFields\": {},\n      \"agentIdentifier\": \"Duis\",\n      \"authorizationNumber\": \"in sunt ad proide\",\n      \"cancelCode\": \"Lorem\",\n      \"customerLenderCode\": \"qui anim mollit\",\n      \"enteredIdentifier\": \"ad commodo magna dolore\",\n      \"expirationDaysNumber\": \"pariatur ea\",\n      \"fullPartialCode\": \"quis consectetur deserunt id\",\n      \"inputDate\": \"fugiat\",\n      \"lenderAccountName\": \"enim\",\n      \"lenderAddressText\": \"nostrud et Ut occaecat\",\n      \"lenderCityName\": \"officia nostrud Lorem\",\n      \"lenderNewCreditAmount\": \"deserunt nostrud c\",\n      \"lenderName\": \"cupidatat eiusmod sit\",\n      \"lenderPrefixLengthCount\": \"proident aliquip aute\",\n      \"lenderPaymentAmount\": \"labore nisi\",\n      \"lenderStateCode\": \"et deserunt proident nostrud aliquip\",\n      \"lenderZipPostalCode\": \"eiusmod dolore labore elit\",\n      \"principalIdentifier\": \"dolor ipsum aute\",\n      \"sequenceIdentifier\": \"dolore ea\",\n      \"systemIdentifier\": \"nostrud proident\",\n      \"ticketTermsCode\": \"consequat dolor aute qui\"\n    },\n    {\n      \"selectedFields\": {},\n      \"agentIdentifier\": \"fugiat\",\n      \"authorizationNumber\": \"commodo sed ex cupidatat\",\n      \"cancelCode\": \"elit esse ut ut\",\n      \"customerLenderCode\": \"sint\",\n      \"enteredIdentifier\": \"in dolor commodo proident\",\n      \"expirationDaysNumber\": \"ea aliquip nostrud laboris\",\n      \"fullPartialCode\": \"aliquip est\",\n      \"inputDate\": \"cupidatat minim ut nulla sed\",\n      \"lenderAccountName\": \"irure\",\n      \"lenderAddressText\": \"adipisicing labore\",\n      \"lenderCityName\": \"officia in veniam\",\n      \"lenderNewCreditAmount\": \"e\",\n      \"lenderName\": \"cupidat\",\n      \"lenderPrefixLengthCount\": \"deser\",\n      \"lenderPaymentAmount\": \"sit cupidatat ut voluptate\",\n      \"lenderStateCode\": \"mini\",\n      \"lenderZipPostalCode\": \"consectetur id nulla\",\n      \"principalIdentifier\": \"ullamco officia ex occaecat consequat\",\n      \"sequenceIdentifier\": \"cillum\",\n      \"systemIdentifier\": \"et Excepteur laboris\",\n      \"ticketTermsCode\": \"nostrud dolor magna\"\n    }\n  ]\n}","cookie":[],"_postman_previewlanguage":"json"}],"event":[],"protocolProfileBehavior":{"disableBodyPruning":true}},{"id":"57c7a4df-1002-4c85-a4c0-99affb7cbb39","name":"TICKET_MC_DATA ODS View","request":{"name":"TICKET_MC_DATA ODS View","description":{"content":"The TICKET_MC_DATA view provides access to information about MasterCard(R) transactions stored in the Ticket Database. Required Fields: transactionIdentifier, selectFields. <br><br> <b>Relates to:</b>\n  \n  <blockquote style=\"border-left: 0.375em solid #40a9ff; background-color: #e6f7ff; border-radius: 3px; padding: 1em;\" ><div>TICKET_MC_DATA View, <a target=\"_blank\" title=\"Click to open in a new tab\" href=\"https://documentation.fiserv.com/bundle/Open-Data-Streams/page/00A_ODS_HC/Views/04ODS_INDviews/04ODS_INDviews.xhtml#IX_TICKET_MC_DATA_view\"> click here</a>.</div></blockquote>","type":"text/plain"},"url":{"path":["transactions","v2","ticketMastercardData"],"host":["{{baseUrl}}"],"query":[],"variable":[]},"header":[{"key":"Content-Type","value":"application/json"},{"key":"Accept","value":"application/json"}],"method":"POST","auth":null,"body":{"mode":"raw","raw":"{\n  \"selectFields\": [\n    \"<string>\"\n  ],\n  \"transactionIdentifier\": \"<string>\",\n  \"common\": {\n    \"user\": \"<string>\",\n    \"agent\": \"<string>\",\n    \"cycle\": \"<string>\",\n    \"clientNumber\": \"<string>\",\n    \"system\": \"<string>\",\n    \"prin\": \"<string>\",\n    \"debug\": \"<boolean>\",\n    \"org\": \"<string>\",\n    \"processor\": \"<boolean>\",\n    \"contentType\": \"<string>\",\n    \"retry\": \"<long>\",\n    \"timeout\": \"<long>\",\n    \"siteId\": \"<string>\",\n    \"internalOrigin\": \"<boolean>\",\n    \"externalCustomerId\": \"<string>\",\n    \"accountId\": \"<string>\",\n    \"presentationId\": \"<string>\",\n    \"rts\": \"<dateTime>\"\n  },\n  \"odsNaming\": \"<boolean>\"\n}","options":{"raw":{"language":"json"}}}},"response":[{"id":"c2ac3721-8267-4139-920c-cf735b0fc748","name":"successful operation","originalRequest":{"url":{"path":["transactions","v2","ticketMastercardData"],"host":["{{baseUrl}}"],"query":[],"variable":[]},"header":[{"key":"Accept","value":"application/json"}],"method":"POST","body":{"mode":"raw","raw":"{\n  \"selectFields\": [\n    \"KmUwuT6lJS\",\n    \"OwLGfr8QMe\"\n  ],\n  \"transactionIdentifier\": \"702412790576146\",\n  \"common\": {\n    \"user\": \"<string>\",\n    \"agent\": \"4000\",\n    \"cycle\": \"T\",\n    \"clientNumber\": \"1000\",\n    \"system\": \"2000\",\n    \"prin\": \"3000\",\n    \"debug\": \"<boolean>\",\n    \"org\": \"<string>\",\n    \"processor\": \"<boolean>\",\n    \"contentType\": \"<string>\",\n    \"retry\": 0,\n    \"timeout\": 45000,\n    \"siteId\": \"4201\",\n    \"internalOrigin\": \"<boolean>\",\n    \"externalCustomerId\": \"<string>\",\n    \"accountId\": \"8888888888888888\",\n    \"presentationId\": \"<string>\",\n    \"rts\": \"2024-01-05T15:54:15Z\"\n  },\n  \"odsNaming\": \"<boolean>\"\n}","options":{"raw":{"language":"json"}}}},"status":"OK","code":200,"header":[{"key":"Content-Type","value":"application/json"}],"body":"{\n  \"processorInfo\": {\n    \"system\": \"sed in fugiat consequat\",\n    \"cycle\": \"aliqua labore quis\",\n    \"tor\": \"voluptate Ut anim cillum\",\n    \"mode\": \"dolor veniam mollit\"\n  },\n  \"reconciliationFeeAmountExponentText\": \"adipisicing anim\",\n  \"reconciliationFeeAmountText\": \"id eiusmod ut sed\",\n  \"reconciliationFeeCurrencyCode\": \"do enim\",\n  \"reconciliationFeeProcessingCode\": \"tempor velit ea do\",\n  \"reconciliationFeeSettlementCode\": \"id laboris\",\n  \"reconciliationFeeTypeCode\": \"non culpa ullamco\",\n  \"reconciliationCycleNumberText\": \"fugiat nulla elit tempor in\",\n  \"reconciliationDateText\": \"velit reprehenderit adipisicing id\",\n  \"reconciliationSettlementCycleNumberText\": \"pariatur Duis\",\n  \"reconciliationSettlementDateText\": \"laborum sed\",\n  \"reconciliationSettlementForeignExchangeCode\": \"tempor ipsum\",\n  \"reconciliationSettlementServiceIdentifier\": \"aliqua velit\",\n  \"reconciliationSettlementServiceLevelCode\": \"do deserunt et ex veniam\",\n  \"reconciliationTransferAgentAccountIdentifier\": \"laborum reprehenderit enim\",\n  \"reconciliationTransferAgentIdentifier\": \"et dolore\",\n  \"recurringPaymentCode\": \"labore Ut mollit ullamco eiusmod\",\n  \"receivingIcaNumber\": \"ipsum officia magna\",\n  \"receivingProcessorIdentifier\": \"magna nulla anim\",\n  \"remotePaymentsProgramCode\": \"consequat cupidatat deserunt\",\n  \"riskManagementApprovalText\": \"cillum non\",\n  \"retrievalReferenceIdentifier\": \"sed\",\n  \"subscriberIdentifier\": \"occaecat quis\",\n  \"subscriberIdentifierTranslationIndicator\": \"of\",\n  \"shippingAdditionalTaxIndicator\": \"dolor inc\",\n  \"shippingAmountEffectCode\": \"eiusmod\",\n  \"shippingAmountExponentText\": \"adipisicing esse labore\",\n  \"shippingAmountText\": \"nisi enim proident mollit\",\n  \"shippingCommodityIdentifier\": \"nostrud nisi Duis\",\n  \"shippingContactInformationIndicator\": \"laborum ipsum\",\n  \"shippingCustomerCode\": \"in ullamco ad quis\",\n  \"shippingDetailTaxAmountEffectCode\": \"aliqua laborum\",\n  \"shippingDetailTaxAmountExponentText\": \"Lorem voluptate Ut\",\n  \"shippingDetailTaxAmountText\": \"occaecat dolore qui\",\n  \"shippingDeliveryDate\": \"culpa magna exercitation\",\n  \"shippingDestinationAddressLineOneText\": \"ad qui dolore Lorem Duis\",\n  \"shippingDestinationAddressLineTwoText\": \"nisi pariatur tempor\",\n  \"shippingDestinationAddressLineThreeText\": \"ut\",\n  \"shippingDestinationAddressLineFourText\": \"dolore pariatur tem\",\n  \"shippingDestinationAddressLineFiveText\": \"esse pariatur occaecat velit sint\",\n  \"shippingDestinationAddressLineSixText\": \"in sunt incididunt\",\n  \"shippingDestinationCityName\": \"commodo cupidatat magna\",\n  \"shippingDestinationContactOneCode\": \"dolor eu\",\n  \"shippingDestinationContactOneText\": \"amet eu occaecat minim\",\n  \"shippingDestinationContactTwoCode\": \"Duis non in sunt\",\n  \"shippingDestinationContactTwoText\": \"culpa anim nulla cillum\",\n  \"shippingDestinationContactThreeCode\": \"adipisicing sunt dolore\",\n  \"shippingDestinationContactThreeText\": \"id sunt do consectetur\",\n  \"shippingDestinationContactFourCode\": \"dolor proident\",\n  \"shippingDestinationContactFourText\": \"dolore eu qui aute\",\n  \"shippingDestinationContactFiveCode\": \"u\",\n  \"shippingDestinationContactFiveText\": \"anim nisi\",\n  \"shippingDestinationCountryCode\": \"ut elit id in sunt\",\n  \"shippingDestinationOneName\": \"tempor cillum\",\n  \"shippingDestinationTwoName\": \"deserunt veniam al\",\n  \"shippingDestinationThreeName\": \"Excep\",\n  \"shippingDestinationPostalCode\": \"non minim laborum nulla pariatur\",\n  \"shippingDestinationSubdivisionCode\": \"ad ex\",\n  \"shippingIncentiveAmountEffectCode\": \"qui esse velit eiusmod ullamco\",\n  \"shippingIncentiveAmountExponentText\": \"mollit commodo Excepteu\",\n  \"shippingIncentiveAmountText\": \"pariatur cillum\",\n  \"shippingInformationIndicator\": \"labore Excepteur aliqua\",\n  \"shippingLocationInformationIndicator\": \"officia\",\n  \"shippingMiscellaneousExpensesDescriptionOneText\": \"labore esse dolore\",\n  \"shippingMiscellaneousExpensesDescriptionTwoText\": \"in eu Lorem\",\n  \"shippingMiscellaneousExpensesDescriptionThreeText\": \"qui aliqua ut consectetur\",\n  \"shippingMiscellaneousExpensesDescriptionFourText\": \"cupidatat nisi Lorem aliqua sed\",\n  \"shippingMiscellaneousExpensesOneEffectCode\": \"incididunt sit\",\n  \"shippingMiscellaneousExpensesOneExponentText\": \"commodo in irure ea\",\n  \"shippingMiscellaneousExpensesOneText\": \"in\",\n  \"shippingMiscellaneousExpensesTwoEffectCode\": \"pr\",\n  \"shippingMiscellaneousExpensesTwoExponentText\": \"do nulla sit ullamco\",\n  \"shippingMiscellaneousExpensesTwoText\": \"commodo in laborum\",\n  \"shippingMiscellaneousExpensesThreeEffectCode\": \"anim\",\n  \"shippingMiscellaneousExpensesThreeExponentText\": \"ullamco id exercitation\",\n  \"shippingMiscellaneousExpensesThreeText\": \"velit\",\n  \"shippingMiscellaneousExpensesFourEffectCode\": \"amet eiusmod consequat an\",\n  \"shippingMiscellaneousExpensesFourExponentText\": \"dolore incididunt sint\",\n  \"shippingMiscellaneousExpensesFourText\": \"minim\",\n  \"shippingMiscellaneousIndicator\": \"Ut occ\",\n  \"shippingOriginationAddressLineOneText\": \"incididunt tempor ut do\",\n  \"shippingOriginationAddressLineTwoText\": \"mollit Lorem ut\",\n  \"shippingOriginationAddressLineThreeText\": \"deserunt eu\",\n  \"shippingOriginationAddressLineFourText\": \"laboris dolor irure dolore\",\n  \"shippingOriginationAddressLineFiveText\": \"molli\",\n  \"shippingOriginationAddressLineSixText\": \"in\",\n  \"shippingOriginationCityName\": \"o\",\n  \"shippingOriginationContactOneCode\": \"veniam officia\",\n  \"shippingOriginationContactOneText\": \"irure in\",\n  \"shippingOriginationContactTwoCode\": \"ex enim ea\",\n  \"shippingOriginationContactTwoText\": \"laborum est do\",\n  \"shippingOriginationContactThreeCode\": \"dolor ut eiusmod\",\n  \"shippingOriginationContactThreeText\": \"aliqua dolor ullamco\",\n  \"shippingOriginationContactFourCode\": \"dolore Excepteur\",\n  \"shippingOriginationContactFourText\": \"quis non\",\n  \"shippingOriginationContactFiveCode\": \"Excepteur velit mollit incididunt\",\n  \"shippingOriginationContactFiveText\": \"irure in\",\n  \"shippingOriginationCountryCode\": \"et\",\n  \"shippingOriginationOneName\": \"consequat aute nost\",\n  \"shippingOriginationTwoName\": \"ea conse\",\n  \"shippingOriginationThreeName\": \"id sint cupidatat amet consectetur\",\n  \"shippingOriginationPostalCode\": \"reprehenderit officia est\",\n  \"shippingOriginationSubdivisionCode\": \"incididunt magna\",\n  \"shippingPackageCount\": \"nostrud velit reprehenderit consequat Excepteur\",\n  \"shippingPackageWeightNumberText\": \"sunt\",\n  \"shippingPickupDate\": \"deserunt eu consectetur Duis\",\n  \"shippingServiceDescriptionText\": \"dolore\",\n  \"shippingTaxCollectionCode\": \"mollit enim fugiat irure veniam\",\n  \"shippingTaxExemptCode\": \"nostrud\",\n  \"shippingTrackingIdentifier\": \"i\",\n  \"shippingWeightUnitMeasureCode\": \"laborum occaecat\",\n  \"sendingIcaNumber\": \"ullamco\",\n  \"serviceAdditionalTaxIndicator\": \"eiusmod ex aute exercitation\",\n  \"serviceCommodityIdentifier\": \"velit tempor laboris est aliqua\",\n  \"serviceCustomerCode\": \"non nulla laborum eiusmod\",\n  \"serviceDetailTaxAmountEffectCode\": \"ea enim\",\n  \"serviceDetailTaxAmountExponentCode\": \"dolor esse cillum culpa\",\n  \"serviceDetailTaxAmountText\": \"Excepteur mollit\",\n  \"serviceDiscountAmountEffectText\": \"officia commodo pariatur nulla\",\n  \"serviceDiscountAmountExponentText\": \"ipsum in incididunt et\",\n  \"serviceDiscountAmountText\": \"enim elit consectetur\",\n  \"serviceDiscountAmountTypeCode\": \"non fugiat officia\",\n  \"serviceEmployeeIdentifier\": \"consequat Excepteur esse anim\",\n  \"serviceEmployeeName\": \"lab\",\n  \"serviceFlatRateIndicator\": \"minim\",\n  \"serviceInformationIndicator\": \"fugiat in pariatur\",\n  \"serviceJobDescriptionText\": \"est\",\n  \"serviceJobIdentifier\": \"eiusmod occaecat labore laboris\",\n  \"serviceMiscellaneousExpensesDescriptionOneText\": \"deserunt\",\n  \"serviceMiscellaneousExpensesOneEffectCode\": \"Except\",\n  \"serviceMiscellaneousExpensesOneExponentText\": \"do adipisicing officia ipsum esse\",\n  \"serviceMiscellaneousExpensesOneText\": \"laborum exercitation Ut\",\n  \"serviceMiscellaneousExpensesDescriptionTwoText\": \"sunt ex enim aliquip aliqua\",\n  \"serviceMiscellaneousExpensesTwoEffectCode\": \"consequat nostrud\",\n  \"serviceMiscellaneousExpensesTwoExponentText\": \"\",\n  \"serviceMiscellaneousExpensesTwoText\": \"Duis\",\n  \"serviceMiscellaneousExpensesDescriptionThreeText\": \"aliquip eiusmod\",\n  \"serviceMiscellaneousExpensesThreeEffectCode\": \"Lorem et fugiat qui magna\",\n  \"serviceMiscellaneousExpensesThreeExponentText\": \"tempor proident\",\n  \"serviceMiscellaneousExpensesThreeText\": \"mollit anim cupidatat incididunt\",\n  \"serviceMiscellaneousExpensesDescriptionFourText\": \"cupidatat amet irure ea\",\n  \"serviceMiscellaneousExpensesFourEffectCode\": \"laborum ullamco sed sit minim\",\n  \"serviceMiscellaneousExpensesFourExponentText\": \"minim\",\n  \"serviceMiscellaneousExpensesFourText\": \"Duis velit\",\n  \"serviceMiscellaneousExpensesIndicator\": \"mollit sit tempor\",\n  \"serviceOvertimeHoursCountExponentText\": \"ex dolor laborum non\",\n  \"serviceOvertimeHoursCountText\": \"eiusmod\",\n  \"serviceOvertimeHoursRateExponentText\": \"ullamco consectetur\",\n  \"serviceOvertimeHoursRateText\": \"tempor consequat qui eu\",\n  \"serviceRegularHoursCountExponentText\": \"esse in Lorem\",\n  \"serviceRegularHoursCountText\": \"in aliquip\",\n  \"serviceRegularHoursRateExponentText\": \"dolor\",\n  \"serviceRegularHoursRateText\": \"cupidatat\",\n  \"serviceRequestedName\": \"non enim proident\",\n  \"serviceSubtotalAmountEffectCode\": \"consectetur Ut\",\n  \"serviceSubtotalAmountExponentText\": \"dolor est proident minim\",\n  \"serviceSubtotalAmountText\": \"fugiat commodo amet sint\",\n  \"serviceSupervisorsName\": \"proident incididunt reprehenderit a\",\n  \"serviceStartDate\": \"ex ipsum minim\",\n  \"serviceTaxCollectionCode\": \"Ut amet exercitation\",\n  \"serviceTaxExemptCode\": \"nostrud eiusmod\",\n  \"serviceTimesheetIdentifier\": \"cupidatat tempor sint sed\",\n  \"serviceWeekEndDate\": \"do minim ex eu Duis\",\n  \"settlementMethodCode\": \"consequat quis sunt\",\n  \"subMerchantIdentifier\": \"nulla exercitation ut Ut qui\",\n  \"systemIdentifier\": \"sunt sint do\",\n  \"tieredAmountIndicator01\": \"voluptate\",\n  \"tieredAmountIndicator02\": \"sunt do\",\n  \"tieredAmountIndicator03\": \"fugiat ea incididunt\",\n  \"tieredAmountIndicator04\": \"quis voluptate\",\n  \"tieredAmountIndicator05\": \"adipisicing voluptate incididunt\",\n  \"tieredAmountIndicator06\": \"ut consectetur\",\n  \"tieredAmountIndicator07\": \"mollit\",\n  \"tieredAmountIndicator08\": \"labore ea\",\n  \"tieredMerchantIdentifier\": \"id Lorem quis pariatur\",\n  \"transitTransportationModeCode\": \"ei\",\n  \"transitTransactionTypeCode\": \"Duis tempor consequat\",\n  \"tokenAssuranceCode\": \"incididunt\",\n  \"tokenRequestorIdentifier\": \"in cupid\",\n  \"transactionAdditionalAmountIndicator\": \"laborum veniam nostrud\",\n  \"transactionAcquirerConversionAmountText\": \"in dolor\",\n  \"transactionAcquirerConversionCurrencyCode\": \"ea\",\n  \"transactionAcquirerConversionExponentText\": \"nostrud ut incididunt mollit\",\n  \"transactionAcquirerConversionRateText\": \"dolor amet\",\n  \"transactionCurrencyCode\": \"irure nisi sed\",\n  \"transactionDate\": \"do\",\n  \"transactionIdentifierFirstData\": \"minim voluptate laboris ipsum\",\n  \"transactionIntegrityClassCode\": \"elit fugiat ut culpa\",\n  \"transactionIssuerAmount\": \"Duis aliquip\",\n  \"transactionIssuerExponentText\": \"cupidatat in nisi\",\n  \"transactionMerchantAmount\": \"dolor\",\n  \"transactionMerchantCurrencyCode\": \"fugiat magna\",\n  \"transactionReconciliationAmount\": \"voluptate\",\n  \"transactionReconciliationCurrencyCode\": \"non ut est ut\",\n  \"transactionReconciliationExponentText\": \"id Duis reprehenderit consectetur\",\n  \"transactionReferenceNumber\": \"ut veniam\",\n  \"transactionTime\": \"est in exercitation\",\n  \"trackOneDataText\": \"fugiat\",\n  \"trackTwoDataText\": \"est non laborum magna aute\",\n  \"terminalComplianceIndicator\": \"sunt velit fugiat cupidatat sed\",\n  \"transferFeeAmountExponentText\": \"aliquip in amet deserunt\",\n  \"transferFeeAmountText\": \"aliqua minim des\",\n  \"transferFeeCurrencyCode\": \"elit consectetur \",\n  \"transferFeeProcessingCode\": \"magna ex ipsum deserunt\",\n  \"transferFeeSettlementCode\": \"quis aute anim\",\n  \"transferFeeTypeCode\": \"ullamco dolore ex\",\n  \"transactedPresentationInstrumentIdentifier\": \"ut v\",\n  \"transferReconciliationCycleNumberText\": \"et mollit laboris ea fugiat\",\n  \"transferReconciliationDateText\": \"id velit nostrud minim\",\n  \"transferSettlementCycleNumberText\": \"in elit Ut pariatur\",\n  \"transferSettlementDateText\": \"dolore est\",\n  \"transferSettlementForeignExchangeCode\": \"elit eiusmod aliquip eu\",\n  \"transferSettlementServiceIdentifier\": \"exercitation minim dolore ullamco\",\n  \"transferSettlementServiceLevelCode\": \"voluptate cillum aute irure ex\",\n  \"transfersTransferAgentAccountIdentifier\": \"Ut id\",\n  \"transfersTransferAgentIdentifier\": \"dolo\",\n  \"travelAgencyInformationIndicator\": \"occaecat incididunt\",\n  \"vehicleInformationIndicator\": \"culpa commodo\",\n  \"mastercardTransactionInterchangeLifeCycleValidationIdentifier\": \"occaecat Duis\",\n  \"variableFeeAmount01\": \"quis\",\n  \"variableFeeAmount02\": \"pariatur\",\n  \"variableFeeAmount03\": \"consectetur ex \",\n  \"variableFeeAmount04\": \"laboris officia dolor\",\n  \"variableFeeAmount05\": \"eiusmod\",\n  \"variableFeeAmount06\": \"non officia ad aute labore\",\n  \"variableFeeAmount07\": \"magna in esse est\",\n  \"variableFeeAmount08\": \"non ipsum laborum\",\n  \"variableFeeDirectionCode01\": \"s\",\n  \"variableFeeDirectionCode02\": \"sunt qui\",\n  \"variableFeeDirectionCode03\": \"exercitation enim ullamco id\",\n  \"variableFeeDirectionCode04\": \"aliqua eu cillum ut\",\n  \"variableFeeDirectionCode05\": \"commodo nulla ullamco id\",\n  \"variableFeeDirectionCode06\": \"ad cillum eiusmod dolor\",\n  \"variableFeeDirectionCode07\": \"eu elit\",\n  \"variableFeeDirectionCode08\": \"proident ea dolor\",\n  \"walletIdentifier\": \"adipisicing enim fugiat id\",\n  \"minMaxLimitIndicator01\": \"irure veniam laboris minim\",\n  \"minMaxLimitIndicator02\": \"eu occaecat\",\n  \"minMaxLimitIndicator03\": \"ex deserunt\",\n  \"minMaxLimitIndicator04\": \"minim in\",\n  \"minMaxLimitIndicator05\": \"nulla sunt labore ex\",\n  \"minMaxLimitIndicator06\": \"dolor sed laborum magna\",\n  \"minMaxLimitIndicator07\": \"consequat in elit velit nisi\",\n  \"minMaxLimitIndicator08\": \"mollit id\",\n  \"miscellaneousInformationIndicator\": \"nulla ea Except\",\n  \"multipleClearingSequenceCount\": \"aute elit\",\n  \"multipleClearingSequenceNumber\": \"in fugiat aliquip\",\n  \"merchantAccountIdentifier\": \"ipsum non minim\",\n  \"merchantBackOfficeProcessCode\": \"aliqua Lorem exercitation\",\n  \"merchantCityName\": \"laborum veniam occaecat ea cupidatat\",\n  \"merchantClientIdentifier\": \"occaecat cillum officia voluptate\",\n  \"merchantCategoryCode\": \"dolore officia do\",\n  \"merchantCountrySubdivisionCode\": \"laborum\",\n  \"merchantDunBradstreetNumber\": \"et laborum deserunt qui consequat\",\n  \"merchantIdentifier\": \"laboris exercitation esse aute cillum\",\n  \"merchantLocationPostalCode\": \"sint eu in ad\",\n  \"merchantLegalCorporationName\": \"Ut\",\n  \"merchantName\": \"Duis quis nulla eiusmod proident\",\n  \"merchantSoleProprietorName\": \"ut exercitation officia laborum\",\n  \"merchantStreetAddressText\": \"consequat ipsum velit\",\n  \"merchantAgentIdentifier\": \"ex\",\n  \"merchantPrincipalIdentifier\": \"id adipisicing culpa\",\n  \"merchantSystemIdentifier\": \"anim in\",\n  \"merchantTelephoneNumber\": \"amet dolor dolore\",\n  \"messageFormatCode\": \"ipsum consectetur\",\n  \"messageReasonNumber\": \"sunt do aliqua anim\",\n  \"odometerReadingText\": \"veniam aliqua nisi\",\n  \"originalMessageFormatText\": \"mollit qui tempor esse\",\n  \"overridePriorityCode01\": \"anim\",\n  \"overridePriorityCode02\": \"fugiat elit nulla\",\n  \"overridePriorityCode03\": \"nisi aliqua elit et cillum\",\n  \"overridePriorityCode04\": \"dolor anim reprehenderit magna Lorem\",\n  \"overridePriorityCode05\": \"consequat dolore qui nulla culpa\",\n  \"overridePriorityCode06\": \"Ut proident\",\n  \"overridePriorityCode07\": \"inc\",\n  \"overridePriorityCode08\": \"adipisicing veniam aliqua pariatur dolor\",\n  \"rateTypeCode01\": \"sint\",\n  \"rateTypeCode02\": \"commodo fugiat Duis qui\",\n  \"rateTypeCode03\": \"cupidatat veniam id dolor\",\n  \"rateTypeCode04\": \"sit cupidatat officia est\",\n  \"rateTypeCode05\": \"labor\",\n  \"rateTypeCode06\": \"Lorem sit ipsum fugiat incididunt\",\n  \"rateTypeCode07\": \"incididunt eu\",\n  \"rateTypeCode08\": \"veniam\",\n  \"privateLabelAddendaAdditionalCardAcceptorText\": \"sint ex in id\",\n  \"privateLabelAddendaAdditionalTaxIndicator\": \"nulla voluptate proident\",\n  \"privateLabelAddendaAdditionalTraceIdentifier\": \"officia\",\n  \"privateLabelAddendaAlternateCustom1DetailText\": \"fugiat aliqua\",\n  \"privateLabelAddendaAlternateCustom1Identifier\": \"irure enim\",\n  \"privateLabelAddendaAlternateCustom2DetailText\": \"sed quis et\",\n  \"privateLabelAddendaAlternateCustom2Identifier\": \"u\",\n  \"privateLabelAddendaAlternateCustom3DetailText\": \"dolore qui culpa labore\",\n  \"privateLabelAddendaAlternateCustom3Identifier\": \"consequat Ut nostrud ea\",\n  \"privateLabelAddendaAlternateCustom4DetailText\": \"do\",\n  \"privateLabelAddendaAlternateCustom4Identifier\": \"culpa est nostrud tempor et\",\n  \"privateLabelAddendaAlternateCustom5DetailText\": \"irure\",\n  \"privateLabelDetailAlternateCustom5Identifier\": \"in est aute\",\n  \"privateLabelAddendaCardAcceptorReferenceNumber\": \"voluptate Duis\",\n  \"privateLabelAddendaAuthorizationPurchaseContactText\": \"velit esse ullamco ut\",\n  \"privateLabelAddendaCostCenterDescriptionText\": \"ullamco Excepteur voluptate\",\n  \"privateLabelAddendaCostCenterNumber\": \"amet nostrud\",\n  \"privateLabelAddendaCustomerCode\": \"commodo do\",\n  \"privateLabelAddendaDepartmentCode\": \"sed magna deserunt\",\n  \"privateLabelAddendaDriverSLicenseIdentifier\": \"moll\",\n  \"privateLabelAddendaDriversLicenseRegionText\": \"nulla\",\n  \"privateLabelAddendaDriverNumberCode\": \"qui aute elit\",\n  \"privateLabelAddendaFuelProductCode\": \"qui et est id\",\n  \"privateLabelAddendaFuelQuantityCountText\": \"qui\",\n  \"privateLabelAddendaFuelQuantityExponentCode\": \"deserunt veniam tempor aute\",\n  \"privateLabelAddendaFuelSaleAmountText\": \"Lorem es\",\n  \"privateLabelAddendaFuelUnitAmountText\": \"id enim commodo nisi\",\n  \"privateLabelAddendaFuelUnitOfMeasureCode\": \"enim occaecat non\",\n  \"privateLabelAddendaJobDescriptionText\": \"cill\",\n  \"privateLabelAddendaOrderDate\": \"occaecat in aliqua\",\n  \"privateLabelAddendaPrivateLabelDataInformationIndicator\": \"qui sed\",\n  \"privateLabelAddendaPurgeControlDate\": \"anim Lorem\",\n  \"privateLabelAddendaPayment1Amount\": \"deserunt sit \",\n  \"privateLabelAddendaPayment1MethodText\": \"pariatur sunt\",\n  \"privateLabelAddendaPayment2Amount\": \"anim\",\n  \"privateLabelAddendaPayment2MethodText\": \"culpa eu ex reprehenderit\",\n  \"privateLabelAddendaPayment3Amount\": \"anim magna\",\n  \"privateLabelAddendaPayment3MethodText\": \"irure exercitation do dolore\",\n  \"privateLabelAddendaPayment4Amount\": \"voluptate eiusmod nisi minim\",\n  \"privateLabelAddendaPayment4MethodText\": \"Excepteur labore consequat\",\n  \"privateLabelAddendaPayment5Amount\": \"Lorem\",\n  \"privateLabelAddendaPayment5MethodText\": \"dolore dolor\",\n  \"privateLabelAddendaPayment6Amount\": \"laboris labore esse id dolor\",\n  \"privateLabelAddendaPayment6MethodText\": \"tempor\",\n  \"privateLabelAddendaPayment7Amount\": \"dolor commodo id magna\",\n  \"privateLabelAddendaPayment7MethodText\": \"aliqua dolore est Lorem\",\n  \"privateLabelAddendaPayment8Amount\": \"nulla consequat consectetur\",\n  \"privateLabelAddendaPayment8MethodText\": \"si\",\n  \"privateLabelAddendaPayment9Amount\": \"magna sint dolor\",\n  \"privateLabelAddendaPayment9MethodText\": \"sit anim amet Lorem\",\n  \"privateLabelAddendaPayment10Amount\": \"anim tempor magna commodo do\",\n  \"privateLabelAddendaPayment10MethodText\": \"enim velit\",\n  \"privateLabelAddendaSalesRepresentativeFaxIdentifier\": \"deserunt est id\",\n  \"privateLabelAddendaSalesRepresentativeName\": \"laborum i\",\n  \"privateLabelAddendaSalesRepresentativePhoneIdentifier\": \"ut dolor est ullamco\",\n  \"privateLabelAddendaTax1AmountText\": \"sit irure\",\n  \"privateLabelAddendaTax2AmountText\": \"reprehenderit et incididunt\",\n  \"privateLabelAddendaTechnicalSalesRepresentativePhoneIdentifier\": \"anim est in\",\n  \"privateLabelAddendaTotalTaxAmountText\": \"qui nisi\",\n  \"privateLabelAddendaTotalTaxExponentCode\": \"consectetur\",\n  \"privateLabelAddendaTotalTaxSignCode\": \"dolor eu veniam proident\",\n  \"privateLabelAddendaUniqueInvoiceNumberIdentifier\": \"pariatur exercitation dolor in nisi\",\n  \"pointOfInteractionPhoneDataText\": \"ipsum\",\n  \"pointOfSaleDataText\": \"nulla laborum qui aute cupidatat\",\n  \"purchaseCardAcceptorAustinTetraIdentifier\": \"aliqua eu voluptate\",\n  \"purchaseCardAcceptorContactEmailText\": \"eiusmod enim dolor quis\",\n  \"purchaseCardAdditionalPiAcceptorText\": \"non voluptate do proident\",\n  \"purchaseCardAdditionalTaxIndicator\": \"ex voluptate consequat ad\",\n  \"purchaseCardAuthorizedContactName\": \"elit \",\n  \"purchaseCardAuthorizedContactTelephoneIdentifier\": \"sit\",\n  \"purchaseCommodityIdentifier\": \"elit anim\",\n  \"purchaseCardCorporateValueAddedTaxIdentifier\": \"adipisicing eu laboris esse dolore\",\n  \"purchasingCustomerCode\": \"Excepteur nostrud eiusmod et quis\",\n  \"purchaseCardCustomerValueAddedTaxIdentifier\": \"consequat laboris\",\n  \"purchaseCardDetailTaxAmountEffectCode\": \"et fugiat irure magna\",\n  \"purchaseCardDetailTaxAmountExponentText\": \"velit dolore in nulla\",\n  \"purchaseCardDetailTaxAmountText\": \"sunt adipisicing\",\n  \"purchaseCardDiscountAmountEffectCode\": \"dolor Excepteur\",\n  \"purchaseCardDiscountAmountExponentText\": \"officia adipisi\",\n  \"purchaseCardDiscountAmountText\": \"deserunt aute sunt cupidatat\",\n  \"purchaseCardDiscountTypeCode\": \"consequat\",\n  \"purchasingDestinationCountryCode\": \"velit Excepteur anim ut\",\n  \"purchasingDestinationPostalZipCode\": \"fugiat\",\n  \"purchaseCardDestinationSubdivisionCode\": \"eu mollit laboris\",\n  \"purchaseCardDutyAmountEffectCode\": \"ullamco\",\n  \"purchaseCardDutyAmountExponentText\": \"et Excepteur labore\",\n  \"purchaseCardDutyAmountText\": \"velit e\",\n  \"purchaseCardFreightAmountEffectCode\": \"proident cupidatat\",\n  \"purchaseCardFreightAmountExponentText\": \"veniam Lorem\",\n  \"purchaseCardFreightAmountText\": \"aliqua dolore in\",\n  \"purchaseCardInformationIndicator\": \"id deserunt aliquip reprehenderit\",\n  \"purchaseCardItemInformationIndicator\": \"nulla nostrud ad\",\n  \"purchasingMerchantOrderNumber\": \"qui laboris esse aliqua\",\n  \"purchasingMerchantTaxIdentifier\": \"Ut in cupidatat\",\n  \"purchaseCardMerchantTaxProvidedCode\": \"aliqua est nisi in esse\",\n  \"purchaseCardMerchantTypeCode\": \"non qui deserunt dolor\",\n  \"purchaseCardMerchantValueAddedTaxIdentifier\": \"quis dolore nisi dolor\",\n  \"purchaseCardNorthAmericanIndustryClassificationIdentifier\": \"non exercitation in cupidatat tempor\",\n  \"purchasingOrderDateText\": \"sunt exercitation laboris\",\n  \"purchasingSalesTaxCode\": \"pariatur \",\n  \"purchasingShippingPostalZipCode\": \"minim ut Ut\",\n  \"purchaseTaxExemptionCode\": \"in\",\n  \"purchaseCardUniqueInvoiceIdentifier\": \"eiusmod pariatur voluptate\",\n  \"processCode\": \"consequat cillum quis eu\",\n  \"productIdentifier\": \"e\",\n  \"productOverrideIndicator\": \"ullamco elit magna\",\n  \"programRegistrationIdentifier\": \"dolore\",\n  \"principalIdentifier\": \"ullamco adipisicing\",\n  \"proprietaryInControlText\": \"amet cillum nulla\",\n  \"privateLabelDetailInformationIndicator\": \"nulla nostrud\",\n  \"privateLabelInformationIndicator\": \"sunt commodo do veniam\",\n  \"passengerAdditionalTaxIndicator\": \"proident est\",\n  \"passengerCommodityIdentifier\": \"labore voluptate\",\n  \"passengerCustomerCode\": \"tempor laborum ut pariatur\",\n  \"passengerDetailTaxAmountEffectCode\": \"aliquip sit Excepteur\",\n  \"passengerDetailTaxAmountExponentText\": \"laborum consequat occaecat veniam\",\n  \"passengerDetailTaxAmountText\": \"velit dolore officia\",\n  \"passengerExchangeFeeAmountText\": \"fugiat ut\",\n  \"passengerExchangeTicketAmountText\": \"labore enim dolor fugiat ea\",\n  \"passengerInternationalAirlineTravelersAssociationIataClientIdentifier\": \"et est nostrud reprehenderit\",\n  \"passengerInformationIndicator\": \"deserunt Excepteur minim\",\n  \"passengerIssuingCarrierCode\": \"laborum dolor\",\n  \"passengerIssueDate\": \"Ut magna occaecat\",\n  \"passengerLegInformationIndicator\": \"laborum Excepteur amet\",\n  \"passengerName\": \"e\",\n  \"passengerRestrictedTicketCode\": \"labore id\",\n  \"passengerTaxCollectionCode\": \"nisi ex voluptate\",\n  \"passengerTaxExemptionCode\": \"enim qui laboris\",\n  \"passengerTicketNumber\": \"pariatur\",\n  \"passengerTotalFareAmountText\": \"ut \",\n  \"passengerTotalFeeAmountText\": \"aute eu consequat in\",\n  \"passengerTotalTaxAmountText\": \"in incididunt ut\",\n  \"passengerTripLegInformationIndicator\": \"in id tempor\",\n  \"passengerTravelAgencyCode\": \"mollit sit\",\n  \"passengerTravelAgencyName\": \"mollit dolore amet\",\n  \"passengerTravelAuthorizationIdentifier\": \"qui est ad\",\n  \"paymentAdditionalDescriptionText\": \"nisi\",\n  \"paymentAdditionalReferenceIdentifier\": \"reprehenderit labore laborum sint\",\n  \"paymentAnticipatedReceiptDate\": \"ex aliquip ullamco exercitation fugiat\",\n  \"paymentFacilitatorIdentifier\": \"nulla \",\n  \"paymentFundsReceiptDate\": \"eu esse cillum incididunt est\",\n  \"paymentIndicator\": \"amet cillum laboris nisi\",\n  \"paymentPayerAddressText\": \"cillum elit in ad quis\",\n  \"paymentPayerCityName\": \"exercitat\",\n  \"paymentPayerCountryCode\": \"est ea dolor fugiat\",\n  \"paymentPayerCountrySubdivisionCode\": \"nisi aliqua ea irure\",\n  \"paymentPayerName\": \"sint qui consectetur ipsum nisi\",\n  \"paymentPayerPostalCode\": \"Duis qui\",\n  \"paymentRecipientName\": \"tempo\",\n  \"paymentTransactionInitiationCode\": \"qui sed deserunt Excepteur\",\n  \"paypassMappingAccountCode\": \"aliqua ut cupidatat\",\n  \"paypassMappingAccountIdentifier\": \"laborum aute dolor volu\",\n  \"qpsPaypassCode\": \"adipisicing\",\n  \"railroadInformationIndicator\": \"adipisicing qui veniam\",\n  \"selectedFields\": {},\n  \"acceptanceBusinessCodeOverrideIndicator\": \"consectetur nisi anim ipsum\",\n  \"accountIdentifier\": \"esse laborum ea aute Duis\",\n  \"acquirerInstitutionIdentifier\": \"deserunt laborum officia dolore aute\",\n  \"acquirerPreferredEndpointIdentifier\": \"in consectetur aliq\",\n  \"additionalAmount\": \"ad aliqua\",\n  \"additionalTwoAmount\": \"commodo nisi p\",\n  \"additionalThreeAmount\": \"mollit do\",\n  \"additionalFourAmount\": \"veniam Ut cillum deserunt dolore\",\n  \"additionalFiveAmount\": \"exercitation eiusmod\",\n  \"additionalSixAmount\": \"sint quis elit\",\n  \"additionalAmountAccountCode\": \"anim magna \",\n  \"additionalAmountAccountTwoCode\": \"cillum qui\",\n  \"additionalAmountAccountThreeCode\": \"sit tempor ut\",\n  \"additionalAmountAccountFourCode\": \"eli\",\n  \"additionalAmountAccountFiveCode\": \"irure do nisi veniam\",\n  \"additionalAmountAccountSixCode\": \"eu\",\n  \"additionalAmountCurrencyCode\": \"in proident fugiat sit\",\n  \"additionalAmountCurrencyTwoCode\": \"elit sint labore dolore\",\n  \"additionalAmountCurrencyThreeCode\": \"aliquip eu ex\",\n  \"additionalAmountCurrencyFourCode\": \"ea cupidatat occaecat\",\n  \"additionalAmountCurrencyFiveCode\": \"in officia enim\",\n  \"additionalAmountCurrencySixCode\": \"sunt dolor voluptate\",\n  \"additionalAmountEffectCode\": \"sunt id anim\",\n  \"additionalAmountEffectTwoCode\": \"adipisicing eiusmod exercitation\",\n  \"additionalAmountEffectThreeCode\": \"an\",\n  \"additionalAmountEffectFourCode\": \"quis\",\n  \"additionalAmountEffectFiveCode\": \"dolor labore ut ullamco\",\n  \"additionalAmountEffectSixCode\": \"do id nostrud ad\",\n  \"additionalAmountExponentCode\": \"cillum et\",\n  \"additionalAmountExponentTwoCode\": \"mollit ut\",\n  \"additionalAmountExponentThreeCode\": \"sit sint\",\n  \"additionalAmountExponentFourCode\": \"consectetur dolor\",\n  \"additionalAmountExponentFiveCode\": \"laboris aliqua proident esse amet\",\n  \"additionalAmountExponentSixCode\": \"quis culpa Duis\",\n  \"additionalAmountTypeCode\": \"in amet\",\n  \"additionalAmountTypeTwoCode\": \"officia elit\",\n  \"additionalAmountTypeThreeCode\": \"Lorem labore laborum\",\n  \"additionalAmountTypeFourCode\": \"est velit cillum\",\n  \"additionalAmountTypeFiveCode\": \"fu\",\n  \"additionalAmountTypeSixCode\": \"adipisicing do\",\n  \"additionalContactInformationText\": \"elit laborum eiusmod\",\n  \"additionalSettlementDataText\": \"velit\",\n  \"additionalTaxIndicator\": \"sint magna se\",\n  \"agentIdentifier\": \"voluptate anim sit ea\",\n  \"accountLevelMngtDataSource\": \"mollit magna\",\n  \"accountLevelMngtProductCode\": \"sit\",\n  \"accountLevelMngtProductClass\": \"est incididunt\",\n  \"accountLevelMngtRateType\": \"mollit nisi fugiat sit\",\n  \"accountLevelMngtServiceCode\": \"deserunt ullamco Excepteur in\",\n  \"alternateCharacterSetCode\": \"dolore ipsum in\",\n  \"alternateMerchantDescriptionImage\": \"mollit dolore et in\",\n  \"atmFundingTransactionInformationText\": \"ullamco reprehenderit ut\",\n  \"atmLatePresentmentFeeIndicator\": \"dolore eiusmod do\",\n  \"authorizationCode\": \"id ad esse anim\",\n  \"banknetProcessingDate\": \"et est\",\n  \"banknetReferenceNumber\": \"dolor tempo\",\n  \"businessBrandIdentifier\": \"laboris occaecat velit cupidatat\",\n  \"businessCycleNumber\": \"consequat irure id\",\n  \"businessDateNumber\": \"aliqua eiusmod\",\n  \"businessServiceIdentifier\": \"adipisicing ullamco ut officia\",\n  \"businessServiceLevelCode\": \"velit ut ex incididunt\",\n  \"cardAcceptorUrlText\": \"sed Ut ad\",\n  \"cardSequenceNumberText\": \"ullamco ex conseq\",\n  \"cardholderActivatedTerminalCode\": \"est veniam consequat\",\n  \"cardholderActivatedTerminalIdentificationCode\": \"in \",\n  \"chipCode\": \"ut aliqui\",\n  \"clientIdentifier\": \"d\",\n  \"communicationServiceAdditionalTaxIndicator\": \"commodo quis et sit\",\n  \"communicationServiceBillingEndDateText\": \"id dolor sit non\",\n  \"communicationServiceBillingEventInformationIndicator\": \"consectetur fugiat nostrud culpa\",\n  \"communicationServiceBillingStartDateText\": \"nisi enim\",\n  \"communicationServiceDetailTaxAmountEffectCode\": \"ad\",\n  \"communicationServiceDetailTaxAmountExponentText\": \"sint veniam et ullamco deserun\",\n  \"communicationServiceDetailTaxAmountText\": \"ut sunt Lorem\",\n  \"communicationServiceInformationIndicator\": \"est officia ea dolore\",\n  \"communicationServiceItemInformationIndicator\": \"tempor Excepteur fugiat officia\",\n  \"communicationServiceUserAccountIdentifier\": \"incididunt aute\",\n  \"communicationServiceUserName\": \"cupidatat magna sed\",\n  \"communicationServiceUserTelephoneIdentifier\": \"pariatur do nulla\",\n  \"communicationServiceTaxCollectedCode\": \"sint aliquip\",\n  \"communicationServiceTotalAmountEffectCode\": \"quis voluptate consequat\",\n  \"communicationServiceTotalAmountExponentText\": \"incididunt commodo\",\n  \"communicationServiceTotalAmountText\": \"sed qui\",\n  \"companyLodgingInformationIndicator\": \"tempor eiusmod incididunt Duis\",\n  \"centralProcessingDateText\": \"in voluptate sint\",\n  \"corporateIncentiveRateIndicator\": \"labore officia\",\n  \"crossBorderIndicator\": \"occaecat labore in\",\n  \"customInformationCode\": \"tempor aliqua non Excepteur\",\n  \"customInformationText\": \"exercitation ut sint\",\n  \"categoryCode\": \"proident est sint sunt\",\n  \"countryCode\": \"deserunt consectetur id\",\n  \"customerReferenceInformationIndicator\": \"incididunt Excepteur nostrud do\",\n  \"customerServiceTelephoneIdentifier\": \"enim id cupidatat\",\n  \"cvc2ValidationProgramCode\": \"sint occaecat\",\n  \"detailTypeCode\": \"commodo eiusmod labore\",\n  \"deviceTypeCode\": \"sit ut tempor nisi enim\",\n  \"domesticCardAcceptorTaxIdentifier\": \"anim ipsum quis tempor\",\n  \"electronicCommerceSecurityLevelCode\": \"Duis qui\",\n  \"edpIndicator01\": \"tempor proident eu aliquip\",\n  \"edpIndicator02\": \"est e\",\n  \"edpIndicator03\": \"elit in sit esse\",\n  \"edpIndicator04\": \"eu in anim\",\n  \"edpIndicator05\": \"cillum irure ad\",\n  \"edpIndicator06\": \"proident\",\n  \"edpIndicator07\": \"Excepteur dolor sit\",\n  \"edpIndicator08\": \"ullamco\",\n  \"electronicParticipantCode\": \"laboris consectetur ut\",\n  \"electronicInvoiceInformationIndicator\": \"reprehenderit\",\n  \"electronicInvoicePartyAddressInformationIndicator\": \"mollit minim elit est sint\",\n  \"electronicInvoicePartyContactInformationIndicator\": \"in sed\",\n  \"electronicInvoicePartyInformationIndicator\": \"nostrud voluptate reprehenderit\",\n  \"electronicInvoicePartySupplementalIndicator\": \"culpa nulla consequat magna\",\n  \"electronicInvoiceSupplementalIndicator\": \"Excepteur\",\n  \"exponentCode\": \"ut in sit reprehenderit aliquip\",\n  \"expirationDateText\": \"amet Lorem esse qui\",\n  \"extendedServiceCode\": \"qui eiusmod\",\n  \"firstDataFeeAttributeCode\": \"Ut adipisicing\",\n  \"firstDataPartitionIdentifier\": \"laboris Lorem sunt consectetur\",\n  \"firstDataTransactionCode\": \"nostrud aute dolore quis sed\",\n  \"fixedFeeAmount01\": \"ad sint consequat et ut\",\n  \"fixedFeeAmount02\": \"exercitation dolor esse\",\n  \"fixedFeeAmount03\": \"nostrud esse\",\n  \"fixedFeeAmount04\": \"esse\",\n  \"fixedFeeAmount05\": \"tempor\",\n  \"fixedFeeAmount06\": \"aliqua\",\n  \"fixedFeeAmount07\": \"exercitation dolore aliqua ut\",\n  \"fixedFeeAmount08\": \"ea incididunt minim sed\",\n  \"fixedFeeDirection01\": \"eu adipisicing consectetur\",\n  \"fixedFeeDirection02\": \"velit id tempor nulla\",\n  \"fixedFeeDirection03\": \"irure\",\n  \"fixedFeeDirection04\": \"irure Ut cillum\",\n  \"fixedFeeDirection05\": \"e\",\n  \"fixedFeeDirection06\": \"deserunt\",\n  \"fixedFeeDirection07\": \"deserunt pariatur aliqua consectetur dolore\",\n  \"fixedFeeDirection08\": \"qui\",\n  \"fleetAdditionalTaxIndicator\": \"cupidatat sit qui occaecat\",\n  \"fleetCommodityIdentifier\": \"velit\",\n  \"fleetDetailTaxAmountEffectCode\": \"minim dolore exercitation Ut\",\n  \"fleetDetailTaxAmountExponentText\": \"exercitation dolor non sit cupidatat\",\n  \"fleetDetailTaxAmountText\": \"fugiat cillum sunt sit eu\",\n  \"fleetDriverIdentifier\": \"magna fugiat\",\n  \"fleetDiscountAmountText\": \"deserunt ut\",\n  \"fleetFirstTaxAmount\": \"aute \",\n  \"fleetFuelPurchaseAmount\": \"incididunt eiusmod dolore magna\",\n  \"fleetFuelProductCode\": \"exercitation sunt et consequat esse\",\n  \"fleetFuelPriceAmountExponentText\": \"id ex qui\",\n  \"fleetFuelPriceAmountText\": \"veniam qui reprehenderit\",\n  \"fleetFuelQuantityExponentText\": \"occaecat et eiusmod\",\n  \"fleetFuelQuantityText\": \"do ut officia\",\n  \"fleetFuelServiceTypeCode\": \"sit dolor irure\",\n  \"fleetFuelUnitMeasureCode\": \"nisi irure id\",\n  \"fleetFuelUnitPriceAmount\": \"Lorem consequat voluptate Duis\",\n  \"fleetItemInformationIndicator\": \"ipsum eiusmod consectetur sunt\",\n  \"fleetLocation18WheelerAccessIndicator\": \"non\",\n  \"fleetLocation24HourIndicator\": \"deserunt ut labore Ut\",\n  \"fleetLocationAlternateFuelIndicator\": \"officia\",\n  \"fleetLocationAviationIndicator\": \"esse eu est in\",\n  \"fleetLocationCarWashIndicator\": \"ipsum et nostrud dolore\",\n  \"fleetLocationConvenienceStoreIndicator\": \"aute laboris laborum\",\n  \"fleetLocationDieselFuelIndicator\": \"culpa veniam aliquip dolor\",\n  \"fleetLocationHotelIndicator\": \"eiusmod exercitation ex sint\",\n  \"fleetLocationInterstateAccessIndicator\": \"in non\",\n  \"fleetLocationMarinaIndicator\": \"nisi minim est dolor\",\n  \"fleetLocationPumpPaymentIndicator\": \"non ea ullamco\",\n  \"fleetLocationRestaurantIndicator\": \"nisi cillum occaecat ut\",\n  \"fleetLocationShowerIndicator\": \"do an\",\n  \"fleetLocationVehicleMaintenanceIndicator\": \"dolor ullamco est\",\n  \"fleetOdometerCount\": \"ipsum cillum sed\",\n  \"fleetOilCompanyBrandCode\": \"aliqua\",\n  \"fleetPurchaseTime\": \"officia\",\n  \"fleetProductTypeCode\": \"culpa nisi laborum\",\n  \"fleetSecondTaxAmount\": \"in aute\",\n  \"fleetTaxCollectedCode\": \"ut sunt sed do aliqua\",\n  \"fleetTaxExemptCode\": \"qui fugiat deserunt ad\",\n  \"fleetVehicleIdentifier\": \"aliqua\",\n  \"forwardingProcessorIdentifier\": \"eu eiusmod dolor\",\n  \"genericInformationIndicator\": \"cupidatat nostrud eu\",\n  \"healthcareInformationIndicator\": \"aliquip co\",\n  \"interchangeCurrencyConversionRateEffectiveDateText\": \"quis est\",\n  \"interchangeCurrencyConversionRateFeeAmountText\": \"et voluptate am\",\n  \"interchangeCurrencyConversionRateText\": \"elit ut\",\n  \"interchangeRateDesignationCode\": \"Ut Lorem consequat magna\",\n  \"feeAmountExponentText\": \"anim est Duis reprehenderit in\",\n  \"feeAmountText\": \"adipisicing\",\n  \"feeCurrencyCode\": \"commodo cupidatat exercitation aute\",\n  \"incomingPromotionCode\": \"laborum Excepteur amet et\",\n  \"incomingRecordTypeCode\": \"sed occaecat ut\",\n  \"independentSalesOrganizationIdentifier\": \"sit ea Exce\",\n  \"issuerCurrencyCode\": \"commodo\",\n  \"licensedProductIdentifier\": \"aliquip esse quis\",\n  \"lodgingInformationIndicator\": \"l\",\n  \"lifeCycleSupportCode\": \"id deserunt\",\n  \"lifeCycleSequenceText\": \"laborum ut nisi cupidatat\",\n  \"lifeCycleTransactionText\": \"non id fugiat\",\n  \"lifeCycleValidationCode\": \"ut culpa aliquip\",\n  \"localCurrencyIndicator\": \"enim veniam exercitation\",\n  \"memberReconciliationIdentifier\": \"nostrud ullamco\",\n  \"currencyConversionAssessmentAdjustmentAmount\": \"qui ullamco ipsum et\",\n  \"mastercardAssignedIdentifierOverrideIndicator\": \"veniam\",\n  \"magneticStripeConversionIndicator\": \"pariatur mollit ut nis\"\n}","cookie":[],"_postman_previewlanguage":"json"}],"event":[],"protocolProfileBehavior":{"disableBodyPruning":true}},{"id":"cbe1c27b-19e9-4463-9947-cd3659d33a64","name":"TICKET_VISA_DATA ODS View","request":{"name":"TICKET_VISA_DATA ODS View","description":{"content":"The TICKET_VISA_DATA view allows you to display information about a Visa(R) transaction stored in the ticket information database. Required Fields: transactionIdentifier, selectFields. <br><br> <b>Relates to:</b>\n  \n  <blockquote style=\"border-left: 0.375em solid #40a9ff; background-color: #e6f7ff; border-radius: 3px; padding: 1em;\" ><div>TICKET_VISA_DATA View, <a target=\"_blank\" title=\"Click to open in a new tab\" href=\"https://documentation.fiserv.com/bundle/Open-Data-Streams/page/00A_ODS_HC/Views/04ODS_INDviews/04ODS_INDviews.xhtml#IX_TICKET_VISA_DATA_view\"> click here</a>.</div></blockquote>","type":"text/plain"},"url":{"path":["transactions","v2","ticketVisaData"],"host":["{{baseUrl}}"],"query":[],"variable":[]},"header":[{"key":"Content-Type","value":"application/json"},{"key":"Accept","value":"application/json"}],"method":"POST","auth":null,"body":{"mode":"raw","raw":"{\n  \"selectFields\": [\n    \"<string>\"\n  ],\n  \"transactionIdentifier\": \"<string>\",\n  \"common\": {\n    \"user\": \"<string>\",\n    \"agent\": \"<string>\",\n    \"cycle\": \"<string>\",\n    \"clientNumber\": \"<string>\",\n    \"system\": \"<string>\",\n    \"prin\": \"<string>\",\n    \"debug\": \"<boolean>\",\n    \"org\": \"<string>\",\n    \"processor\": \"<boolean>\",\n    \"contentType\": \"<string>\",\n    \"retry\": \"<long>\",\n    \"timeout\": \"<long>\",\n    \"siteId\": \"<string>\",\n    \"internalOrigin\": \"<boolean>\",\n    \"externalCustomerId\": \"<string>\",\n    \"accountId\": \"<string>\",\n    \"presentationId\": \"<string>\",\n    \"rts\": \"<dateTime>\"\n  },\n  \"odsNaming\": \"<boolean>\"\n}","options":{"raw":{"language":"json"}}}},"response":[{"id":"9010a316-537a-4d01-9288-db8f97ef70b2","name":"successful operation","originalRequest":{"url":{"path":["transactions","v2","ticketVisaData"],"host":["{{baseUrl}}"],"query":[],"variable":[]},"header":[{"key":"Accept","value":"application/json"}],"method":"POST","body":{"mode":"raw","raw":"{\n  \"selectFields\": [\n    \"anyvalidfieldname1\",\n    \"anyvalidfieldname2\",\n    \"anyvalidfieldname3\",\n    \"anyvalidfieldname…\",\n    \"anyvalidfieldname…n\"\n  ],\n  \"transactionIdentifier\": \"126838199744123\",\n  \"common\": {\n    \"user\": \"<string>\",\n    \"agent\": \"4000\",\n    \"cycle\": \"T\",\n    \"clientNumber\": \"1000\",\n    \"system\": \"2000\",\n    \"prin\": \"3000\",\n    \"debug\": \"<boolean>\",\n    \"org\": \"<string>\",\n    \"processor\": \"<boolean>\",\n    \"contentType\": \"<string>\",\n    \"retry\": 0,\n    \"timeout\": 45000,\n    \"siteId\": \"4201\",\n    \"internalOrigin\": \"<boolean>\",\n    \"externalCustomerId\": \"<string>\",\n    \"accountId\": \"8888888888888888\",\n    \"presentationId\": \"<string>\",\n    \"rts\": \"2024-01-05T15:54:15Z\"\n  },\n  \"odsNaming\": \"<boolean>\"\n}","options":{"raw":{"language":"json"}}}},"status":"OK","code":200,"header":[{"key":"Content-Type","value":"application/json"}],"body":"{\n  \"processorInfo\": {\n    \"system\": \"enim mollit commodo \",\n    \"cycle\": \"ut ipsum sint minim\",\n    \"tor\": \"est nostrud incididunt anim\",\n    \"mode\": \"aute Duis adipisicing fugiat nulla\"\n  },\n  \"selectedFields\": {},\n  \"accountTypeIdentifier\": \"sunt elit veniam in est\",\n  \"acquiringBusinessIdentifier\": \"anim\",\n  \"acquiringClientIdentifier\": \"sunt minim in\",\n  \"acquiringClientNumber\": \"ex Ut culpa\",\n  \"addressVerificationServiceResponseCode\": \"sit pariatur nisi\",\n  \"adjustmentProcessingCode\": \"amet commodo\",\n  \"agentIdentifier\": \"dolor adipisicing\",\n  \"agentNumber\": \"veniam velit\",\n  \"ancillaryCreditReasonCode\": \"consectetur ad\",\n  \"ancillaryPassengerName\": \"aliqua sit\",\n  \"ancillaryServiceCategoryOneCode\": \"ex\",\n  \"ancillaryServiceCategoryTwoCode\": \"lab\",\n  \"ancillaryServiceCategoryThreeCode\": \"pariatur ipsum\",\n  \"ancillaryServiceCategoryFourCode\": \"irure et\",\n  \"ancillaryServiceSubCategoryFourCode\": \"voluptate qui consequat mollit\",\n  \"ancillaryServiceSubCategoryOneCode\": \"Lorem exercitation\",\n  \"ancillaryServiceSubCategoryTwoCode\": \"ad aute dolor amet cillum\",\n  \"ancillaryServiceSubCategoryThreeCode\": \"nostrud\",\n  \"ancillaryTicketDocumentNumber\": \"ut velit in laborum\",\n  \"originationCityAirportCode\": \"esse in\",\n  \"airlineDepartureCityName\": \"quis sit\",\n  \"airlineMessageIdentifier\": \"deserunt est ex ve\",\n  \"automatedTellerMachineAtmCode\": \"do consequat voluptate nisi in\",\n  \"atmDebitProductCode\": \"nulla eiusmod sit fugiat\",\n  \"automatedTellerMachineAtmPlusAdjustmentProcessingIndicator\": \"Excepteur incididunt et\",\n  \"automatedTellerMachineAtmSurchargeAmount\": \"ut culpa\",\n  \"surchargeCreditDebitIndicatorAtm\": \"non dolore\",\n  \"authorizationAmount\": \"eiusmod dolor\",\n  \"authorizationCode\": \"ut est officia\",\n  \"authorizationCharacteristicsIndicator\": \"ad\",\n  \"authorizationCurrencyCode\": \"exercitation culpa\",\n  \"authorizationResponseCode\": \"mol\",\n  \"authorizationSourceCode\": \"eu\",\n  \"businessApplicationIdentifier\": \"incididunt in\",\n  \"businessFormatCode\": \"eiusmod tempo\",\n  \"visaPromotionBusinessFormatCode\": \"sed adipisicing ipsum deserunt ullamco\",\n  \"cardType\": \"incididunt sed sint consequat\",\n  \"carClassCode\": \"aliquip\",\n  \"chargebackRightsIndicator\": \"ipsum incididunt pariatur amet\",\n  \"cardholderAccountNumber\": \"eu d\",\n  \"cardholderActivatedTerminalCode\": \"id consectetur sint\",\n  \"cardholderBillingCurrencyText\": \"eu incididunt elit amet laboris\",\n  \"cardholderIdentificationMethod\": \"Ut occaecat mollit\",\n  \"chipCode\": \"incididunt eiusmod mollit\",\n  \"chipConditionCode\": \"e\",\n  \"computerizedReservationSystemCode\": \"qui cupidatat proident\",\n  \"contactInformationText\": \"anim fugiat\",\n  \"creditReasonCode\": \"in veniam\",\n  \"countryCode\": \"volup\",\n  \"detailTypeCode\": \"laboris velit\",\n  \"digitalEntityIdentifier\": \"quis Ut aliqu\",\n  \"departureDate\": \"ex aute\",\n  \"discountAmountSignageCode\": \"minim ut\",\n  \"destinationAmount\": \"ea\",\n  \"destinationCurrencyCode\": \"aliquip\",\n  \"destinationCurrencyExchangeExponentNumber\": \"dolore cupidatat qui proident exercitation\",\n  \"destinationCurrencyExchangeRate\": \"pariatur veniam in Excepteur consequat\",\n  \"dutyAmountSignageCode\": \"officia ut do\",\n  \"dynamicCurrencyIndicator\": \"pariatur mollit dolore consequat\",\n  \"electronicCommerceGoodsIndicator\": \"laborum pariatur\",\n  \"enteredCardholderAccountNumber\": \"mollit amet\",\n  \"expandedFuelTypeCode\": \"eiusmod consequat magna occaecat\",\n  \"firstDataFeeAttributeCode\": \"esse\",\n  \"firstDataTransactionCode\": \"Ut do ad\",\n  \"firstDataTransactionIdentifier\": \"ad\",\n  \"feeProgramIndicatorCode\": \"exercitation do proident velit\",\n  \"visaFleetCustomerIdentifier\": \"velit occaecat\",\n  \"visaFleetFuelTypeCode\": \"et elit est\",\n  \"visaFleetGrossFuelPriceAmount\": \"Duis cupidatat\",\n  \"visaFleetGrossNonFuelPriceAmount\": \"laborum ad\",\n  \"visaFleetMiscellaneousFuelTaxAmount\": \"ea non elit\",\n  \"visaFleetMiscellaneousFuelTaxExemptionCode\": \"cupidatat veniam ut\",\n  \"visaFleetMiscellaneousNonfuelTaxAmount\": \"exercitation adipisicing dolore\",\n  \"visaFleetMiscellaneousNonfuelTaxExemptionCode\": \"ullamco adipisicing qui consequat irure\",\n  \"visaFleetNetFuelPriceAmount\": \"in do enim Excepteur\",\n  \"visaFleetNetNonFuelPriceAmount\": \"veniam quis minim dolor in\",\n  \"fleetOdometerCount\": \"ut veniam dolore consequa\",\n  \"fleetPurchaseTime\": \"cillum deserunt nisi\",\n  \"visaFleetPurchaseTypeCode\": \"minim qui id et\",\n  \"visaFleetProductOneCode\": \"nulla dolor labore non eu\",\n  \"visaFleetProductTwoCode\": \"non fugiat\",\n  \"visaFleetProductThreeCode\": \"labore ex\",\n  \"visaFleetProductFourCode\": \"pariatur reprehenderit\",\n  \"visaFleetProductFiveCode\": \"qui ad cul\",\n  \"visaFleetProductSixCode\": \"dolo\",\n  \"visaFleetProductSevenCode\": \"voluptate Lorem\",\n  \"visaFleetProductEightCode\": \"aliquip in veniam\",\n  \"visaFleetQuantityCount\": \"culpa consectetur consequat fugiat aliqua\",\n  \"visaFleetServiceTypeCode\": \"et enim aliquip eu commodo\",\n  \"visaFleetUnitCostAmount\": \"veniam consequat magna\",\n  \"visaFleetUnitMeasureCode\": \"sed\",\n  \"visaFleetValueAddedTaxRate\": \"eius\",\n  \"freightShippingAmountSignageCode\": \"cupidatat dolor Excepteur\",\n  \"incomingAdditionalDataIndicatorCode\": \"laboris anim consectetur veniam nostrud\",\n  \"incomingAutomatedTellerMachineAccountSelectionCode\": \"velit \",\n  \"incomingCardAcceptorIdentifier\": \"non\",\n  \"incomingCashBackAmount\": \"incididunt minim\",\n  \"incomingSettlementCurrencyConversionDate\": \"in ullamco irure Excepteur\",\n  \"incomingSettlementCurrencyConversionRate\": \"et sit do\",\n  \"combinedWarningBulletinCardRecoveryBulletinIndicator\": \"reprehenderit consecte\",\n  \"incomingFloorLimitIndicator\": \"dolor enim elit dolore ut\",\n  \"visaIncomingInterchangeTicketInternationalServiceAssessmentCode\": \"in Lorem quis\",\n  \"incomingPositiveCardholderAuthorizationServiceCode\": \"aliquip fugiat\",\n  \"incomingSettlementCode\": \"est id molli\",\n  \"incomingSettlementCurrencyCode\": \"ut dolore ut\",\n  \"incomingTicketProductCode\": \"fugiat voluptate\",\n  \"incomingVisanetInterchangeCenterProcessingDate\": \"officia velit exercitation aliqua culpa\",\n  \"incomingVisaTransactionIdentifier\": \"nisi dolor qu\",\n  \"incomingValidationCode\": \"reprehenderit sunt magna\",\n  \"installmentPaymentCode\": \"non magna\",\n  \"invoiceLevelDiscountTreatmentCode\": \"ipsum\",\n  \"issuedInConnectionWithTicketNumber\": \"tempor dolor\",\n  \"issuerClientNumber\": \"ut pariatur\",\n  \"lodgingCheckInDate\": \"e\",\n  \"lodgingDailyRate\": \"Duis eiusmod elit sint\",\n  \"lodgingExtraChargesCode\": \"ad elit\",\n  \"lodgingFolioCashAdvanceAmount\": \"qui voluptate\",\n  \"lodgingFoodAndBeveragesAmount\": \"enim velit culpa id quis\",\n  \"lodgingMarketSpecificAuthorizationCode\": \"pariatur cillum fugiat ea\",\n  \"lodgingNightsNumber\": \"sunt labore aute in\",\n  \"lodgingNoShowCode\": \"nulla qui sed\",\n  \"lodgingPrepaidExpenseAmount\": \"cillum nostrud\",\n  \"totalRoomTaxAmount\": \"reprehenderit dolor ad ipsum\",\n  \"lodgingTotalTaxAmount\": \"ut qui tempor\",\n  \"lodgingMessageIdentifier\": \"nostrud\",\n  \"mailTelephoneOrderCode\": \"mollit aliqua do est\",\n  \"multipleClearingSequenceCount\": \"dolore\",\n  \"multipleClearingSequenceNumber\": \"eius\",\n  \"merchantAccountIdentifier\": \"qui occaecat eiusmod nostrud incididunt\",\n  \"merchantAccountNumber\": \"amet pariatur\",\n  \"merchantAgentIdentifier\": \"ut eiusmod dolore eu\",\n  \"merchantAgentNumber\": \"proident irure nostrud\",\n  \"merchantBackOfficeProcessCode\": \"amet labore esse\",\n  \"merchantCity\": \"dolore cill\",\n  \"merchantCustomerServiceTelephoneNumber\": \"ea culpa\",\n  \"merchantFeeProgramIndicator\": \"sit sed nostrud quis dolore\",\n  \"merchantName\": \"nostrud Ut\",\n  \"merchantPrincipalIdentifier\": \"non\",\n  \"merchantPrincipalNumber\": \"esse consectetur anim\",\n  \"standardIndustrialClassificationCategoryCode\": \"sunt\",\n  \"merchantStateProvinceCode\": \"qui\",\n  \"merchantSystemIdentifier\": \"sunt Ut Lorem\",\n  \"merchantSystemNumber\": \"officia Ut sit\",\n  \"merchantTelephoneNumberReleaseCode\": \"in ut\",\n  \"merchantVolumeIndicator\": \"nisi dolore laboris\",\n  \"merchantVerificationValue\": \"eiusmod\",\n  \"merchantZipCode\": \"minim\",\n  \"marketSpecificAuthorizationDataCode\": \"proident laborum nisi conse\",\n  \"messageReasonCode\": \"consequat sunt cillum in\",\n  \"numberPaymentFormsCode\": \"veniam quis\",\n  \"networkIdentificationCode\": \"est Ut incididunt deserunt\",\n  \"originalPostingAccountIdentifier\": \"fugiat mollit ex\",\n  \"outgoingAutomatedTellerMachineAccountSelectionCode\": \"dolor labore ci\",\n  \"outgoingCardAcceptorIdentification\": \"velit voluptate nulla\",\n  \"outgoingCashBackAmount\": \"voluptate\",\n  \"outgoingMerchantCurrencyConversionRate\": \"sint qu\",\n  \"outgoingIssuerCurrencyCode\": \"eiusmod laborum\",\n  \"outgoingIssuerAmount\": \"consectetur et\",\n  \"outgoingSettlementCode\": \"veniam ad ut deserunt\",\n  \"outgoingVisaTransactionIdentifier\": \"sunt sed in sint\",\n  \"outgoingValidationCode\": \"nulla nostrud\",\n  \"plusContactInformationText\": \"non elit\",\n  \"plusForeignExchangeFeeAmount\": \"fugiat\",\n  \"posEntryModeCode\": \"ullamco adipisicing Lorem\",\n  \"pointOfSaleEnvironmentCode\": \"voluptate sed ullamco ut ipsum\",\n  \"pointOfSaleCapabilityCode\": \"consectetur mollit laboris\",\n  \"additionalDataIndicator\": \"voluptate cillum\",\n  \"businessFormatDetailCode\": \"sint et\",\n  \"commodityCode\": \"consectetur et\",\n  \"purchasingCustomerReferenceIdentifier\": \"laboris in irure cupidatat fugiat\",\n  \"customerValueAddedTaxRateNumber\": \"culpa Ut\",\n  \"purchasingDiscountAmount\": \"culpa Excepteur occaecat dolore\",\n  \"purchasingDestinationCountryCode\": \"magna non elit mollit sunt\",\n  \"destinationPostalZipCode\": \"in Lorem esse occaecat\",\n  \"dutyShippingAmount\": \"adipisicing dolor\",\n  \"freightShippingAmount\": \"cupidatat ullamco Lorem ex\",\n  \"purchasingIndicator\": \"elit ut Duis dolore\",\n  \"purchaseIdentifierCode\": \"aute veniam exercitation culpa\",\n  \"purchaseIdentifierFormatCode\": \"nostrud commodo\",\n  \"itemDataIndicator\": \"tempor \",\n  \"merchantValueAddedTaxRateNumber\": \"eu officia\",\n  \"messageIdentifier\": \"cupidatat commodo\",\n  \"nationalTaxAmount\": \"elit tempor in culpa\",\n  \"purchasingOrderDate\": \"magna\",\n  \"purchaseOrderNumber\": \"mollit est occaecat\",\n  \"otherTaxAmount\": \"aliquip reprehend\",\n  \"shippingFromPostalZipCode\": \"dolor aliqua dolore\",\n  \"serviceIdentifier\": \"aute in eiusmod tempor veniam\",\n  \"valueAddedTaxInvoiceReferenceIdentifier\": \"dolore nisi consequat Excepteur\",\n  \"valueAddedTaxAmount\": \"eiusmod consectetur fugiat\",\n  \"valueAddedTaxRate\": \"ea in nulla ad\",\n  \"productQualifierIdentifier\": \"ut in in\",\n  \"principalIdentifier\": \"Ut su\",\n  \"principalNumber\": \"enim culpa\",\n  \"promotionName\": \"qui\",\n  \"prepaidCardIndicator\": \"aliquip occaecat id\",\n  \"passengerName\": \"sed culpa ipsum ut magna\",\n  \"paymentReversalReasonCode\": \"sint qu\",\n  \"reimbursementAttributeCode\": \"commodo culpa cupidatat\",\n  \"requestedPaymentServiceCode\": \"incididunt\",\n  \"restrictedTicketIndicator\": \"est do\",\n  \"salesTaxAmount\": \"nostrud aliquip dolore labore\",\n  \"salesTaxIncludedCode\": \"exercitation et non fugiat eu\",\n  \"surchargeAccountingEffectCode\": \"minim Except\",\n  \"surchargeAmountCurrencyText\": \"in aute commodo minim\",\n  \"surchargeAmountText\": \"sunt Excepteur veniam occaecat est\",\n  \"sourceCurrencyExchangeExponentNumber\": \"fugiat sunt sit reprehenderit et\",\n  \"sourceCurrencyExchangeRate\": \"minim\",\n  \"sourceOfFundsCode\": \"cupidatat\",\n  \"specialChargebackConditionsCode\": \"Excepteur velit proident \",\n  \"spendQualifierIndicator\": \"occaecat in non\",\n  \"serviceDevelopmentCode\": \"est ut\",\n  \"serviceNumber\": \"tempor eu\",\n  \"systemIdentifier\": \"culpa et\",\n  \"systemNumber\": \"consectetur\",\n  \"taxTreatmentCode\": \"minim Lorem aliquip\",\n  \"ticketChangeCode\": \"fugiat ullamco\",\n  \"ticketNumber\": \"cupidatat aliqua\",\n  \"tokenAssuranceLevelCode\": \"aute non consequat adipisicing\",\n  \"totalAuthorizationAmount\": \"dolor\",\n  \"transactionAmount\": \"labore cupidatat\",\n  \"transactionCurrencyCode\": \"Excepteur exercitation\",\n  \"transactionCodeQualifierIdentifier\": \"sint minim ea\",\n  \"transactionDate\": \"velit\",\n  \"transactionReferenceNumber\": \"amet exercitation Lorem aute\",\n  \"tripLegCode\": \"\",\n  \"terminalIdentifier\": \"mollit\",\n  \"transactedPresentationInstrumentIdentifier\": \"ullamco Excepteur minim\",\n  \"travelAgencyCode\": \"Ut proident\",\n  \"travelAgencyName\": \"velit irure aute\",\n  \"typeCode\": \"reprehenderit ad in\",\n  \"vatTaxAmountSignageCode\": \"proident incididunt\",\n  \"vehicleCheckoutDate\": \"velit nisi esse in\",\n  \"vehicleDailyRentalRateAmount\": \"reprehenderit eiusmod\",\n  \"vehicleExtraChargesCode\": \"aliquip ut\",\n  \"vehicleFuelAmount\": \"in reprehenderit anim id\",\n  \"vehicleInsuranceAmount\": \"sunt culpa sint\",\n  \"vehicleMarketSpecificAuthorizationDataCode\": \"non cupidatat nostrud\",\n  \"vehicleMessageIdentification\": \"Lorem mollit et Excepteur Ut\",\n  \"vehicleNoShowCode\": \"sint incididunt consequat\",\n  \"vehicleOneWayAmount\": \"veniam sit id\",\n  \"vehicleRentalDaysNumber\": \"veniam esse laboris offic\",\n  \"vehicleRenterName\": \"do\",\n  \"vehicleOneWayCharge\": \"nisi in laborum fugiat\",\n  \"visaPromotionForeignExchangeFeeAmount\": \"laborum nulla\",\n  \"visaPromotionIndicator\": \"labore consectetur officia\",\n  \"transactionIdentifier\": \"ad officia sint\",\n  \"vldgBusinessAppliedIdentifier\": \"dolor cillum Excepteur\",\n  \"vpitBusinessAppliedIdentifier\": \"Ut minim aliquip dolo\",\n  \"vcarBusinessAppliedIdentifier\": \"anim velit enim consequat ipsum\",\n  \"vfltBusinessAppliedIdentifier\": \"ullamco in sunt laboris\",\n  \"andaBusinessAppliedIdentifier\": \"nisi sunt\",\n  \"andaIndicator\": \"ex Duis sint laborum\",\n  \"vinpBusinessFormatCode\": \"sed a\",\n  \"vinpIndicator\": \"ut magna sunt nisi dolore\",\n  \"interchangeFeeEffectiveCode\": \"quis consequat\",\n  \"installmentPaymentAmount\": \"voluptate in minim enim\",\n  \"installmentPaymentCurrencyCode\": \"sed aute labore sint est\",\n  \"installmentPaymentCount\": \"qui dolor\",\n  \"installmentPaymentFrequencyCode\": \"occaecat proident Duis adipisicing in\",\n  \"installmentPaymentTotalAmount\": \"sint dolore laboris culpa\",\n  \"lodgingFolioCode\": \"laboris\",\n  \"merchantPostalCode\": \"eu in eiusmod deserunt\",\n  \"numberInstallmentPaymentCount\": \"incididunt i\",\n  \"tokenRequestId\": \"id dolore anim culpa\",\n  \"merchantRisCode\": \"ullamco ex nulla Duis\"\n}","cookie":[],"_postman_previewlanguage":"json"}],"event":[],"protocolProfileBehavior":{"disableBodyPruning":true}}],"event":[]}],"event":[],"variable":[{"type":"string","value":"https://cat.api.firstdata.com/fs","key":"baseUrl"}],"info":{"_postman_id":"27be4da9-3b19-47e1-823c-fb29339b0eaa","name":"fs-devportal-services-1","schema":"https://schema.getpostman.com/json/collection/v2.1.0/collection.json","description":{"content":"Welcome to the Financial Services API documentation","type":"text/plain"}}}