{"item":[{"id":"415e8118-952a-46c3-abf9-f77d14250291","name":"Accept Bundle Offer Service","request":{"name":"Accept Bundle Offer Service","description":{"content":"This API will be used to accept a bundle offers that was retrieved using the retrieveOffers API.\nRequired Fields: common.accountId or common.presentationId or  common.externalCustomerId, and offersUuid.  batchAlphaCode and acceptedBundleOfferInformation are required for offerType iLOCC","type":"text/plain"},"url":{"path":["offers","v1","acceptBundleOffer"],"host":["{{baseUrl}}"],"query":[],"variable":[]},"header":[{"key":"Content-Type","value":"application/json"},{"key":"Accept","value":"application/json"}],"method":"POST","auth":null,"body":{"mode":"raw","raw":"{\n  \"offersUuid\": \"<string>\",\n  \"common\": {\n    \"user\": \"<string>\",\n    \"agent\": \"<string>\",\n    \"cycle\": \"<string>\",\n    \"clientNumber\": \"<string>\",\n    \"system\": \"<string>\",\n    \"prin\": \"<string>\",\n    \"debug\": \"<boolean>\",\n    \"org\": \"<string>\",\n    \"processor\": \"<boolean>\",\n    \"contentType\": \"<string>\",\n    \"retry\": \"<long>\",\n    \"timeout\": \"<long>\",\n    \"siteId\": \"<string>\",\n    \"internalOrigin\": \"<boolean>\",\n    \"externalCustomerId\": \"<string>\",\n    \"accountId\": \"<string>\",\n    \"presentationId\": \"<string>\",\n    \"rts\": \"<dateTime>\"\n  },\n  \"transactionBundle\": [\n    {\n      \"originalOffersUuid\": \"<string>\",\n      \"transactionUuid\": \"<string>\",\n      \"transactionAmount\": \"<string>\",\n      \"transactionDate\": \"<string>\"\n    },\n    {\n      \"originalOffersUuid\": \"<string>\",\n      \"transactionUuid\": \"<string>\",\n      \"transactionAmount\": \"<string>\",\n      \"transactionDate\": \"<string>\"\n    }\n  ],\n  \"promotion\": [\n    {\n      \"promotionIdentifier\": \"<string>\",\n      \"promotionTermLength\": \"<string>\",\n      \"planTextDescription\": \"<string>\",\n      \"annualInterestRate\": \"<string>\",\n      \"monthlyPaymentAmount\": \"<string>\",\n      \"monthlyRecurringFeeAmount\": \"<string>\",\n      \"totalMpd\": \"<string>\",\n      \"feeAmount\": \"<string>\"\n    },\n    {\n      \"promotionIdentifier\": \"<string>\",\n      \"promotionTermLength\": \"<string>\",\n      \"planTextDescription\": \"<string>\",\n      \"annualInterestRate\": \"<string>\",\n      \"monthlyPaymentAmount\": \"<string>\",\n      \"monthlyRecurringFeeAmount\": \"<string>\",\n      \"totalMpd\": \"<string>\",\n      \"feeAmount\": \"<string>\"\n    }\n  ],\n  \"batchAlphaCode\": \"<string>\",\n  \"acceptedOfferInformation\": \"<string>\",\n  \"numberOfAcceptedOffers\": \"<string>\",\n  \"promotionPrefix\": \"<string>\",\n  \"promotionLoanName\": \"<string>\",\n  \"maxDollarThreshold\": \"<string>\",\n  \"percentOfCurrentExposure\": \"<string>\",\n  \"monthlyRecurringFeeAmount\": \"<string>\",\n  \"promotionalInterestAnnualRate\": \"<string>\"\n}","options":{"raw":{"language":"json"}}}},"response":[{"id":"df627d9f-6e75-4ab1-b465-96789d64dc90","name":"successful operation","originalRequest":{"url":{"path":["offers","v1","acceptBundleOffer"],"host":["{{baseUrl}}"],"query":[],"variable":[]},"header":[{"key":"Accept","value":"application/json"}],"method":"POST","body":{"mode":"raw","raw":"{\n  \"offersUuid\": \"024671c6-7b3f-4d08-a25e-70ccd5a6dcb8\",\n  \"common\": {\n    \"user\": \"<string>\",\n    \"agent\": \"4000\",\n    \"cycle\": \"T\",\n    \"clientNumber\": \"1000\",\n    \"system\": \"2000\",\n    \"prin\": \"3000\",\n    \"debug\": \"<boolean>\",\n    \"org\": \"<string>\",\n    \"processor\": \"<boolean>\",\n    \"contentType\": \"<string>\",\n    \"retry\": 0,\n    \"timeout\": 45000,\n    \"siteId\": \"4201\",\n    \"internalOrigin\": \"<boolean>\",\n    \"externalCustomerId\": \"<string>\",\n    \"accountId\": \"8888888888888888\",\n    \"presentationId\": \"<string>\",\n    \"rts\": \"2024-06-21T10:20:56Z\"\n  },\n  \"transactionBundle\": [\n    {\n      \"originalOffersUuid\": \"024671c6-7b3f-4d08-a25e-70ccd5a6dcb8\",\n      \"transactionUuid\": \"tran1234567891\",\n      \"transactionAmount\": \"500.00\",\n      \"transactionDate\": \"200702\"\n    },\n    {\n      \"originalOffersUuid\": \"024671c6-7b3f-4d08-a25e-70ccd5a6dcb8\",\n      \"transactionUuid\": \"tran1234567891\",\n      \"transactionAmount\": \"500.00\",\n      \"transactionDate\": \"200702\"\n    }\n  ],\n  \"promotion\": [\n    {\n      \"promotionIdentifier\": \"12345678\",\n      \"promotionTermLength\": \"015\",\n      \"planTextDescription\": \"Plan selected by client\",\n      \"annualInterestRate\": \"1.250\",\n      \"monthlyPaymentAmount\": \"30.25\",\n      \"monthlyRecurringFeeAmount\": \"30.25\",\n      \"totalMpd\": \"30.25\",\n      \"feeAmount\": \"<string>\"\n    },\n    {\n      \"promotionIdentifier\": \"12345678\",\n      \"promotionTermLength\": \"015\",\n      \"planTextDescription\": \"Plan selected by client\",\n      \"annualInterestRate\": \"1.250\",\n      \"monthlyPaymentAmount\": \"30.25\",\n      \"monthlyRecurringFeeAmount\": \"30.25\",\n      \"totalMpd\": \"30.25\",\n      \"feeAmount\": \"<string>\"\n    }\n  ],\n  \"batchAlphaCode\": \"XV\",\n  \"acceptedOfferInformation\": \"IL2.199A\",\n  \"numberOfAcceptedOffers\": \"10\",\n  \"promotionPrefix\": \"IL\",\n  \"promotionLoanName\": \"College Expenses\",\n  \"maxDollarThreshold\": \"30.25\",\n  \"percentOfCurrentExposure\": \"<string>\",\n  \"monthlyRecurringFeeAmount\": \"100.00\",\n  \"promotionalInterestAnnualRate\": \"<string>\"\n}","options":{"raw":{"language":"json"}}}},"status":"OK","code":200,"header":[{"key":"Content-Type","value":"application/json"}],"body":"{\n  \"processorInfo\": {\n    \"system\": \"do\",\n    \"cycle\": \"aliquip dolore\",\n    \"tor\": \"ex tempor dolor\",\n    \"mode\": \"irure mollit esse\"\n  },\n  \"messages\": [\n    {\n      \"resultCode\": \"sunt esse in dolor\",\n      \"messageText\": \"nisi officia magna\",\n      \"transactionStatus\": \"proident esse pariatur cupidatat\"\n    },\n    {\n      \"resultCode\": \"ipsum et minim\",\n      \"messageText\": \"occaecat sed eiusmod officia\",\n      \"transactionStatus\": \"dolor est dolore irure\"\n    }\n  ]\n}","cookie":[],"_postman_previewlanguage":"json"}],"event":[],"protocolProfileBehavior":{"disableBodyPruning":true}}],"event":[],"variable":[{"type":"string","value":"https://cat.api.firstdata.com/fs","key":"baseUrl"}],"info":{"_postman_id":"9cf3e304-9a49-4291-886e-65f9a9b9237d","name":"fs-devportal-services-1","schema":"https://schema.getpostman.com/json/collection/v2.1.0/collection.json","description":{"content":"Welcome to the Financial Services API documentation","type":"text/plain"}}}