{"item":[{"id":"93a8fea8-de2f-4c53-927a-1ed78ad7e2eb","name":"AdvancedDefenseResource","request":{"name":"AdvancedDefenseResource","description":{"content":"This resource is to process an incoming event and route to multiple AdvanceDefense APIs","type":"text/plain"},"url":{"path":["advancedDefense","v1","processEvent"],"host":["{{baseUrl}}"],"query":[],"variable":[]},"header":[{"key":"Accept","value":"application/json"}],"method":"POST","auth":null},"response":[{"id":"1aea82b3-9153-485a-af3c-38e5aeaeeed6","name":"successful operation","originalRequest":{"url":{"path":["advancedDefense","v1","processEvent"],"host":["{{baseUrl}}"],"query":[],"variable":[]},"header":[{"key":"Accept","value":"application/json"}],"method":"POST","body":{}},"status":"OK","code":200,"header":[{"key":"Content-Type","value":"application/json"}],"body":"{\n  \"eventTime\": \"2024-01-04T15:27:51Z\",\n  \"common\": {\n    \"user\": \"ullamco Lorem enim minim\",\n    \"agent\": \"4000\",\n    \"cycle\": \"T\",\n    \"clientNumber\": \"1000\",\n    \"system\": \"2000\",\n    \"prin\": \"3000\",\n    \"debug\": false,\n    \"org\": \"exercitation\",\n    \"processor\": false,\n    \"contentType\": \"esse\",\n    \"retry\": 0,\n    \"timeout\": 45000,\n    \"siteId\": \"4201\",\n    \"internalOrigin\": true\n  },\n  \"error\": {\n    \"responseCode\": -54211117,\n    \"errorCode\": \"FS000001\",\n    \"resultCode\": \"veniam magna esse\",\n    \"message\": \"adipisicing in nostrud est irure\",\n    \"cause\": \"commodo nulla proident et\"\n  },\n  \"service\": \"ad aliquip dolore dolor\",\n  \"serviceInfo\": {\n    \"group\": \"sint quis minim amet\",\n    \"name\": \"in sint eu\",\n    \"api\": \"ut nostrud culpa aliquip\",\n    \"apiVersion\": 15646875,\n    \"fullVersion\": \"veniam\",\n    \"destination\": \"Lorem veniam quis do\"\n  },\n  \"transaction\": {\n    \"tranCode\": \"fugiat dolor\",\n    \"tranDesc\": \"dolor sed in id\",\n    \"responseCode\": \"qui in irure\",\n    \"amount\": 500,\n    \"type\": \"veniam ad\",\n    \"standIn\": \"cupidatat magna anim incididunt\",\n    \"currencyCode\": \"laborum sit culpa\",\n    \"traceNumber\": \"minim in\",\n    \"fileCode\": \"Valid Codes:1 = Primary, 2 = Backup\",\n    \"location\": {\n      \"street\": \"laboris sint consectetur proident voluptate\",\n      \"city\": \"commodo irure\",\n      \"state\": \"sed\",\n      \"province\": \"pariatur et\",\n      \"county\": \"sint Ut in\",\n      \"country\": {\n        \"isoCode\": 57106528,\n        \"name\": \"fugiat incididunt veniam\",\n        \"isoAlpha2\": \"id reprehen\",\n        \"isoAlpha3\": \"consequat aute\"\n      },\n      \"geo\": {\n        \"latitude\": 48590504.47917423,\n        \"longitude\": -55647064.88811466,\n        \"accuracy\": -49422670\n      }\n    },\n    \"merchantCategoryCode\": \"3000\",\n    \"mccDescription\": \"laborum ea nisi\",\n    \"posEntryMode\": \"ad pariatur ut dolor\",\n    \"posEntryModeCode\": \"qui nostrud exercitation nisi\",\n    \"cardPresence\": \"dolore \",\n    \"cardPresenceDesc\": \"in tempor\",\n    \"fraud\": {\n      \"score\": \"Valid codes: \\n1 = Success, \\n2 = Failed\",\n      \"oldScore\": \"deserunt consectetur amet Lorem dolore\",\n      \"type\": \"Q\",\n      \"typeDesc\": \"Valid types: \\nQ = Quasi Real time, \\nR = Real time, \\nN = No Scoring, \\nS = Strategy, \\n1 = SAS, \\n2 = SAS\",\n      \"suspect\": \"1|0\",\n      \"processed\": \"Y|N\",\n      \"strategyCode\": \"Valid codes: \\n0 = NONE, \\n2 = Falcon, \\n6 = DefenseEdge\",\n      \"strategy\": \"NONE|Falcon|DefenseEdge\",\n      \"sasErrReasonCode\": \"enim\",\n      \"destId\": \"laboris minim\",\n      \"stratUsed\": \"minim\",\n      \"elapsedTime\": \"reprehe\",\n      \"actionInd\": \"ea anim fugiat\",\n      \"ecomOutcomeCd\": \"ullamco et pariatur ut\",\n      \"ficoSixErrCd\": \"amet irure\",\n      \"openDate\": \"consequat ut labore dolore\",\n      \"customerZip\": \"incididunt aliquip ex fugiat\",\n      \"sasCmxTransId\": \"nostrud dolore deserunt\",\n      \"piExtStatCd\": \"aliqua ullamco\",\n      \"subAcntExtStatCd\": \"sunt Excepteur ut\",\n      \"authFlag\": \"eu et cillum enim sed\",\n      \"bhvrCd\": \"cupidatat\",\n      \"chrgoffRsnCd\": \"sint velit id ullamco\",\n      \"reissueCtrlFlg\": \"cillum\",\n      \"critNonmonOtcmCd\": \"proident do incididunt sunt officia\",\n      \"employeeAccntCd\": \"amet enim tempor eiusmod do\",\n      \"stratId\": \"consequat ex\",\n      \"randDigit\": \"tempor ut\",\n      \"cdk01Cd\": \"et irure Lorem\",\n      \"authFnlDec\": \"sint Ut minim elit\",\n      \"ltrCd1\": \"ad dolore esse\",\n      \"ltrCd2\": \"in Lorem ea non laboris\",\n      \"polNodeName\": \"nostrud commodo irure pariatur\",\n      \"miscThirteen\": \"sint ullamco eiusmod pariatu\",\n      \"defEdgeFrdQueueRsn\": \"consequat dolor mollit\",\n      \"pcf\": \"mollit amet\",\n      \"priority\": \"Valid codes: \\n1 - High Priority Queue, \\n0 - High Priority Queue\",\n      \"defEdgeOvrrdInd\": \"et ex incididunt magna\",\n      \"n24HrCnt\": \"dolore Excepteur\",\n      \"crdHldrPrcssngCntry\": \"voluptate in veniam officia non\",\n      \"clientDefCatCd\": \"magna dolor\",\n      \"cvvOutcomeCd\": \"in veniam\",\n      \"crdExpDateMtchCd\": \"quis u\",\n      \"queueRsnCd\": \"in qui\",\n      \"intrnlVltns\": \"et ullamco commodo l\",\n      \"piFrdBhvrCd\": \"ut ex commodo nulla\",\n      \"subStrat\": \"reprehenderit\",\n      \"totalVel\": \"elit\",\n      \"totalCashVelocity\": \"est in\",\n      \"authVelocityAmount\": 60054242.82160759,\n      \"authBalanceVelocityAmount\": 11811819.186812177,\n      \"stratLine\": \"nostrud pariatur esse voluptate\",\n      \"nonReceiptStratLine\": \"irure Duis enim\",\n      \"lostStolenStratLine\": \"Duis in dolor sunt\",\n      \"counterfeitStratLine\": \"anim consect\",\n      \"twc\": \"Excepteur incididunt voluptate\",\n      \"siteId\": \"dolor minim dolor\",\n      \"workInd\": \"occaecat ullamco nulla\",\n      \"pcCreditLineDecInd\": \"labore enim\",\n      \"mcFraudRiskScore\": \"aute id\",\n      \"piLevelScoringInd\": \"reprehenderit minim\",\n      \"reportTime\": \"non ullamco consequat est velit\",\n      \"areaCode\": \"quis Lore\",\n      \"transactionId\": \"laborum dolore\",\n      \"sourceCode\": \"CF\",\n      \"dataLinks\": [\n        \"minim do sint\",\n        \"in Ut\"\n      ],\n      \"behavior3Code\": \"nulla culpa\",\n      \"starFraudScore\": \"enim\",\n      \"starFraudScoreReasonCode\": \"reprehenderit\",\n      \"suspendFraudStrategyGrpId\": \"culpa\",\n      \"sasScore2\": \"laborum sit consectetur\",\n      \"sasScore3\": \"proident fugiat nostrud sed minim\",\n      \"sasScore4\": \"labore Lorem sit fugiat\",\n      \"fraudFlag\": \"Ut culpa\",\n      \"starPrefixId\": \"voluptate eli\",\n      \"championActionStrategyCode\": \"cillum\",\n      \"championActionStatementIdentifier\": \"in minim elit\",\n      \"starParId\": \"voluptate est in\",\n      \"starSubscriberCode\": \"voluptate anim laboris\",\n      \"starTransactionType\": \"in in\",\n      \"starConfirmedFraudText\": \"in id dolore quis\",\n      \"starRapidFlashTransactionCode\": \"cons\"\n    },\n    \"partnerId\": \"448261\",\n    \"authRegion\": \"ut do sunt in\",\n    \"env\": \"la\",\n    \"pcf\": 44963447,\n    \"cardNumber\": \"1234567890123456789\",\n    \"fdrAccountNumber\": \"1234567890123456\",\n    \"terminalId\": \"aliqua anim dolore sunt\",\n    \"terminalGroup\": \"in incididunt Ut Duis\",\n    \"newReissueFlag\": \"Valid codes are N (New account); \\nR (Reissued account); \\n9 (Identification verified); \\nV (Verified cardholder identification); \\nD (Declined cardholder identification).\",\n    \"replacementAmount\": -82677245.11472383,\n    \"authCode\": \"018570\",\n    \"nonReceiptAuthCode\": \"c\",\n    \"kitingAuthCode\": \"ipsum aliquip dolore\",\n    \"lostStolenAuthCode\": \"in\",\n    \"merchantName\": \"UNITED AIRLINES\",\n    \"merchantId\": \"qui dolore sunt\",\n    \"merchantCity\": \"HOUSTON\",\n    \"merchantStateCountryCode\": \"TX\",\n    \"merchantCountryCode\": \"consequat non\",\n    \"originCountryCode\": \"incididunt\",\n    \"merchantZipCode\": \"Ut\",\n    \"merchantPostalCode\": \"laboris ad in veniam\",\n    \"internalStatusCode\": \"est incididunt proident cillum\",\n    \"externalStatusCode\": \"sunt Lorem\",\n    \"availableCreditAmount\": 71073266.21581805,\n    \"creditLimitAmount\": 92148725.3866227,\n    \"vaaRiskScoreNumber\": \"nostrud quis incididunt\",\n    \"fraudScore\": 82443839,\n    \"cvvAttemptedSwitch\": \"enim nisi deserunt\",\n    \"cvv2ValidationResult\": \"laborum al\",\n    \"arqcVerificationResult\": \"incididunt\",\n    \"pinUseFlag\": \"qui proident eu ut\",\n    \"additionalActionIndicator\": \"sint\",\n    \"inputSource\": \"laborum deserunt ipsum occaecat velit\",\n    \"fraudError\": \"esse \",\n    \"authSequenceNumber\": \"sed cupidatat \",\n    \"authCntrInd\": \"quis dolor ut eiusmod sint\",\n    \"stipSwtchRsnCd\": \"exercitation occaecat Lorem cupidatat\",\n    \"srcOfFundsForBalCd\": \"in cupidatat et\",\n    \"balSrcId\": \"ad\",\n    \"fdrNormalizedWallet\": \"Excepteur occaecat sint\",\n    \"piTypeCode\": \"00\",\n    \"date\": \"2024-01-04T15:27:51Z\",\n    \"dateNumber\": \"sit pariatur dolore occaecat\",\n    \"timeNumber\": \"\",\n    \"timestamp\": \"2024-01-04T15:27:51Z\",\n    \"expandedDeclineReasonCode\": \"veniam Ut laborum id commodo\",\n    \"entryModeCode\": \"aliquip Excepteur deserunt incididunt\",\n    \"ad\": \"sed cupidatat reprehenderit officia irure\",\n    \"systemAction\": \"ex\",\n    \"finalAction\": \"commodo est magna consectetur\",\n    \"finalActionDesc\": \"pariatur ex eiusmod incididu\",\n    \"fileSet\": \"ipsum velit\",\n    \"adReasonCode1\": \"incididunt\",\n    \"adReasonCode2\": \"adipisicing aliquip sit\",\n    \"adReasonCode3\": \"aliqu\",\n    \"adReasonCode4\": \"nulla adipisicing deserunt\",\n    \"adReasonCode5\": \"cupidatat dolore m\",\n    \"adReasonCode6\": \"Ut do u\",\n    \"authControlId\": \"minim in laboris\",\n    \"cardExpDate\": \"est\",\n    \"eciInd\": \"eu Duis irure\",\n    \"nonMonCode\": \"velit sint ipsum voluptate aute\",\n    \"threeDsMatchInd\": \"id enim\",\n    \"pcElapsedTime\": \"adipisicing esse irure magna\",\n    \"sasElapsedTime\": \"sit commodo\",\n    \"chdExpiryDate\": \"anim eius\",\n    \"ecomInput\": \"fugiat\",\n    \"twoByteRsnDeclineCode\": \"consequat mollit\",\n    \"vendorParticipation\": \"anim\",\n    \"processingCode\": \"do in minim\",\n    \"tempStorageId\": \"qui dolor laboris\",\n    \"orgRgnSysId\": \"fugiat dolor amet\",\n    \"acctCountryCd\": \"dolor tempor qui\",\n    \"acctSttsCd\": \"officia eu\",\n    \"piSttsCd\": \"do anim veniam Ut dolor\",\n    \"openToBuyAm\": \"est ad dolore incididunt\",\n    \"declineRsnTxt\": \"consequat do laboris\",\n    \"deviceTypeCode\": \"non eiusmod\",\n    \"mailOrderflag\": \"aliquip ad\",\n    \"recurringInd\": \"consequat laborum\",\n    \"esimatedAuthInd\": \"in Excepteur cillum labore\",\n    \"incrementalAuthInd\": \"amet aliquip sit\",\n    \"cashBackAm\": \"dolore non quis\",\n    \"acquiringInstitutionId\": \"officia nulla nostrud sunt\",\n    \"merchantTerminalId\": \"amet nisi nostrud ut\",\n    \"industryTranId\": \"incididunt sed dolor Duis\",\n    \"labelType\": \"cupidatat reprehenderit sunt eiusmod\",\n    \"debitSwitch\": \"anim est Ut reprehenderit\",\n    \"clientLogoId\": \"adipisicing et culpa velit Lorem\",\n    \"surchargeAmount\": \"irure incididunt veniam qui\",\n    \"systemTraceNumber\": \"adipisicing sint labore in\",\n    \"posServiceDataCodeRiskGateway\": \"in\",\n    \"posConditionCodeRiskGateway\": \"deserunt cupidatat elit \",\n    \"cardSequenceNumber\": \"aliquip\",\n    \"retrievalReferenceNumber\": \"commodo laborum\",\n    \"messageReasonCode\": \"aute ut eu ea\",\n    \"trackDataInd\": \"est in\",\n    \"originalMessageTye\": \"deserunt aute esse aliquip\",\n    \"originalSystemTraceNumber\": \"cillum consectetur reprehenderit\",\n    \"originalTransmissionDateTime\": \"dolor in off\",\n    \"travelAndEntertainmentRetailFlag\": \"velit ex culpa\",\n    \"posNetworkConditionCode\": \"consequat tempor deserunt\",\n    \"avsIndicator\": \"eiusmod qui\",\n    \"visaNetworkIdCode\": \"culpa veniam eu\",\n    \"mcNetworkIdCode\": \"exercitation id Excepteur ea\",\n    \"acqResponseCode\": \"culpa proident consequat\",\n    \"addResponseData\": \"fugia\",\n    \"catLevel\": \"ut ipsum\",\n    \"addPosInformation\": \"nisi\",\n    \"addDataVisa\": \"magna Lorem anim\",\n    \"addDataMasterCard\": \"eiusmod in nulla\",\n    \"cvcCvv2Cvc2\": \"amet\",\n    \"cvv2PresenceInd\": \"cons\",\n    \"cvv2Result\": \"consectetur sit ut\",\n    \"transmissionDateGmt\": \"elit\",\n    \"transmissionTimeGmt\": \"proiden\",\n    \"transactionExpiryDate\": \"Excepteur irure\",\n    \"networkSourceCode\": \"qui cupidatat amet nostrud\",\n    \"tranTypeCode\": \"sit dolor pariatur\",\n    \"riskGatewayAuthResponseCode\": \"consectetur cillum consequat esse ad\",\n    \"riskAssessmentReason\": \"amet id deserunt\",\n    \"settlementAmount\": \"elit veniam fugiat Lorem culpa\",\n    \"settlementCurrencyCode\": \"nisi occaecat minim\",\n    \"settlementConversionRate\": \"mollit eiusmod sunt non\",\n    \"secureCodeAavCavvResults\": \"sunt sed Lorem\",\n    \"visaBaiData\": \"Lorem deserunt\",\n    \"terminalVerificationResult\": \"amet sint nostrud sunt\",\n    \"emvAtc\": \"in nulla dolore\",\n    \"emvAip\": \"tempor sit\",\n    \"tokenRequestorInd\": \"Ut reprehenderit ea sint\",\n    \"cvv3dcvvResult\": \"veniam mollit\",\n    \"ecommerceTranFlag\": \"in nostrud consectetur dol\",\n    \"messageType\": \"dolore in laborum\",\n    \"mcEcomData\": \"quis ut dolore enim ea\",\n    \"processStartTime\": \"laborum adipisicing non anim laboris\",\n    \"onDotRecommendedVector\": \"deserunt consectetur\",\n    \"fraudMethod\": \"ea veniam qui nisi\",\n    \"onDotServerGroup\": \"aliqua est\",\n    \"riskGatewayStatusFlag\": \"Lorem\",\n    \"riskGatewaySubResponseCode\": \"cillum cupidatat sint adipisicing Excepteur\",\n    \"riskGatewayDecision\": \"Lorem dolore fugiat\",\n    \"onDotStatusFlag\": \"aute mollit culpa nisi non\",\n    \"cardValetStatusFlag\": \"in i\",\n    \"riskGatewayProcessingCode\": \"elit dolor\",\n    \"visaRiskReasonCode\": \"consectetur ut\",\n    \"transactionCurrencyCode\": \"commodo reprehenderit dolore minim ad\",\n    \"serviceCode\": \"veniam sint nulla occaecat\",\n    \"customerType\": \"I - Individual, B - Business\",\n    \"billingAmount\": 10,\n    \"clientAmount\": 10,\n    \"clientCurrencyCode\": \"840\",\n    \"modelingAmount\": 10,\n    \"clientCashAmount\": 10,\n    \"modelingCashAmount\": 10,\n    \"scheduleReferenceId\": \"sunt ut\",\n    \"scheduleReferenceNumber\": \"labore Excepteur non deserunt exercitation\",\n    \"selfAccountIndicator\": \"pariatur esse\",\n    \"minimumPaymentDue\": 2000,\n    \"referenceNumber\": \"G9383002D00ZSA0C\",\n    \"reversalId\": \"N\",\n    \"reversalReason\": \"ex adipisicing in labor\",\n    \"batchIndicator\": \"B\",\n    \"batchCount\": \"anim occaecat officia\",\n    \"batchId\": \"in\",\n    \"transactionGroupId\": \"ut commodo non mollit\",\n    \"clientType\": \"0012\",\n    \"postedDate\": \"2024-01-04T15:27:51Z\",\n    \"creditAcceptorTerminalId\": \"Lorem nisi velit\",\n    \"authorizationAmount\": 100,\n    \"networkChangingAmount\": 100,\n    \"networkChangingAmountSign\": \"velit sint cupidatat\",\n    \"visaTransactionId\": \"enim\",\n    \"bankNetworkReferenceNumber\": \"ut ipsum in eu dolore\",\n    \"autopayFlag\": \"sint sed do laborum\",\n    \"enterpriseAccountNumber\": \"sint veniam culpa\",\n    \"cardholderName\": \"qui sunt aliquip eu\",\n    \"departureDate\": \"2024-01-04T15:27:51Z\",\n    \"originalCity\": \"consequat sunt ex\",\n    \"carrierCode\": \"AA\",\n    \"classCode\": \"C\",\n    \"stopoverCode\": \"X\",\n    \"destinationDescription\": \"ATLANTA ATLANTA\",\n    \"destinationCode\": \"ATL\",\n    \"travelAgentCode\": \"id in Ut pariatur\",\n    \"travelAgentName\": \"labore\",\n    \"federalTraceNumber\": \"laborum sint aute irure\",\n    \"threeDSecureInd\": \"magna ut\",\n    \"acctStatus24HrCount\": \"Excepteur mollit non\",\n    \"acquirerNetworkId\": \"cillum velit\",\n    \"acquiringProcId\": \"dolor aute nostrud\",\n    \"acsPortfolioId\": \"officia aliquip ul\",\n    \"addressVerificationCode\": \"amet voluptate laboris minim sunt\",\n    \"alwaysReferCode\": \"volup\",\n    \"amexFraudScore\": \"dolor dolor magna eu\",\n    \"amexRecommendRule\": \"eu qui\",\n    \"assignedFrdStgGrpId\": \"elit Excepteur veniam qui\",\n    \"atcDelta\": \"cillum Duis\",\n    \"atcEmvHostCount\": \"nisi Excepteur\",\n    \"cardInUse\": \"sit in dolor\",\n    \"cardInUse2\": \"laborum\",\n    \"cardholderLocation\": {\n      \"street\": \"et\",\n      \"city\": \"tempor veniam ut magna\",\n      \"state\": \"adipisicing\",\n      \"province\": \"voluptate magna\",\n      \"county\": \"fugiat\",\n      \"country\": {\n        \"isoCode\": -39220276,\n        \"name\": \"ipsum enim fugiat\",\n        \"isoAlpha2\": \"pariatur\",\n        \"isoAlpha3\": \"deserunt occaecat cupidatat\"\n      },\n      \"geo\": {\n        \"latitude\": -95526708.44544262,\n        \"longitude\": 43682902.14112967,\n        \"accuracy\": -90816380\n      }\n    },\n    \"cardholderVerificationMethods\": [\n      \"eu dolor pariatur\",\n      \"ullamco in occaecat\"\n    ],\n    \"cardholderCustFlags\": [\n      \"elit Ut aliqua Excepteur\",\n      \"dolor \"\n    ],\n    \"covAuthStrategyId\": \"co\",\n    \"creditBureauScore\": \"anim\",\n    \"currentBalance\": -19523268.44543965,\n    \"currentBalanceIncPending\": -21247370.191874325,\n    \"daysOnBook\": \"reprehenderit officia\",\n    \"departmentClassCode\": \"quis laboris si\",\n    \"departmentCode\": \"nostrud\",\n    \"departmentSubClassCode\": \"Excepteur\",\n    \"deviceSourceIpAddressRiskCode\": \"sit consequat\",\n    \"directoryServerTranId\": \"pariatur\",\n    \"distBtwnMerchantAndCardZip\": \"velit ex deserunt ut\",\n    \"ecommVerifResultRsCode\": \"exercitation dolore commodo elit\",\n    \"emvChipDataPresentCode\": \"aute exercitation adipisicing\",\n    \"emvOfflineAuthCode\": \"laboris sed\",\n    \"emvPrvAuthCode\": \"anim laborum cupidatat reprehenderit\",\n    \"emvTerminalValidationResultCode\": \"Lorem aliquip esse irure\",\n    \"adEventType\": \"ipsum culpa proident\",\n    \"behavioralScore\": \"ut\",\n    \"geoCode\": \"culpa consequat cillum\",\n    \"hierarchyVcasScore\": \"adipisicing anim incididunt\",\n    \"lastPlasticDate\": \"nisi non\",\n    \"lifeStyleIndicator\": \"enim elit\",\n    \"lukCumulativeTransAmt\": 98664800.23019603,\n    \"lukElapsedTimeToLive\": \"do non enim proident\",\n    \"lukNumberOfTrans\": \"incididunt in mollit quis nisi\",\n    \"masterCard\": {\n      \"aavControlCode\": \"nulla irure exercitation\",\n      \"acctDataCompAcctCount\": \"consequat in\",\n      \"acctDataCompCvc2Count\": \"amet\",\n      \"acctDataCompExpDateCount\": \"ad magna sunt\",\n      \"acctDataCompMagStripeCount\": \"incididunt aliquip officia velit\",\n      \"acctDataCompPersonalCount\": \"est consequat exercitation\",\n      \"acctDataCompPinCount\": \"magna veniam\",\n      \"acctDataCompInfoThreatScore\": \"nulla nostrud fugiat\",\n      \"adcCaseCodes\": [\n        \"eiusmod Excepteur nulla\",\n        \"aute dolor aliquip in ipsum\"\n      ],\n      \"authAdviceCode\": \"est veniam incididunt non\",\n      \"authIqFreqChanSpendInsight\": \"amet Lorem in eiusmod\",\n      \"authIqFreqOverSpendInsight\": \"eu consequat incididunt minim nulla\",\n      \"authIqFreqTransSpendInsight\": \"Excepteur enim\",\n      \"authIqGdvChanSpendInsight\": \"do\",\n      \"authIqGdvOverSpendInsight\": \"cupidatat laboris\",\n      \"authIqGdvTransSpendInsight\": \"Lorem pariatur voluptate\",\n      \"authIqSegmentQualifierInsight\": \"cillum in sint enim\",\n      \"spendAlertIndInsights\": \"voluptate in deserunt\",\n      \"digitalTranInsightLevel\": \"exercitation et elit\",\n      \"digitalTranInsightReasonCodes\": [\n        \"commodo Ut magna\",\n        \"dolor sunt tempor amet nostrud\"\n      ],\n      \"emsFraudScoreReason\": \"commodo do\",\n      \"obServiceType\": \"irure\",\n      \"obResult\": \"Duis ad consequat\",\n      \"revAdviceCode\": \"nulla ipsum Lorem cillum\",\n      \"rulesReasonCodes\": [\n        \"id exercitation fugiat labore Lorem\",\n        \"nisi\"\n      ],\n      \"rulesScore\": \"in non sed\",\n      \"paymentTransTypeInd\": \"in Excepteur Ut in\",\n      \"rawPosFeatureData\": \"id nulla sed\",\n      \"oboResult2\": \"Lorem do dolor\",\n      \"authenticationRiskAnalysisInsights\": \"ea ut deserunt\",\n      \"emsFraudScore\": \"deserunt cillum\",\n      \"onBehalfOfResults\": [\n        \"Duis\",\n        \"proident dolore ad amet\"\n      ],\n      \"cardholderMerchantInitiatedIndicator\": \"nostrud\",\n      \"digitalIdentityRiskCodes\": \"pariatur Duis\"\n    },\n    \"merchantTermCapabilityCode\": \"dolor et dolor tempor esse\",\n    \"merchantVerificationValue\": \"ut voluptate\",\n    \"miscFields\": {},\n    \"monthsSinceDebitActivity\": \"cupidatat nulla\",\n    \"adMessageTypeIdentifier\": \"do aute\",\n    \"nameMatchOutcomeCode\": \"officia in\",\n    \"numberOfDaysDelinquent\": \"laborum ipsum commodo id\",\n    \"outStandingAuthAmt\": -99614445.91399622,\n    \"piPlasticType\": \"reprehenderit occaecat \",\n    \"pinTransInd\": \"officia nulla ut\",\n    \"plasticExpDate\": \"do l\",\n    \"productTypeCode\": \"sed\",\n    \"profitabilityInd\": \"est elit et\",\n    \"regionRiskIndicator\": \"consequat Excepteur sunt labore sed\",\n    \"relationshipCode\": \"esse amet eu officia\",\n    \"secureRemoteCommerceInd\": \"exercitation quis elit incididunt\",\n    \"geteCommerceInd\": \"irure\",\n    \"singleGiftAmount\": -97969419.042429,\n    \"sourceCode\": \"officia eiusmod\",\n    \"specialConditionInd\": \"ea deserunt sunt ut ipsum\",\n    \"specialFlag6\": \"do\",\n    \"starAuthProgramId\": \"ut in tempor ipsum\",\n    \"starProductId\": \"labore\",\n    \"tokenStorageTechnology\": \"exercitation sit\",\n    \"suspendStrategyNumberOfDays\": \"ad deserunt\",\n    \"adFinalOutcomeCode\": \"officia do sint\",\n    \"ticketTermCode\": \"occaecat non\",\n    \"tokenAssuranceLevel\": \"deserunt veniam\",\n    \"tokenNumber\": \"pro\",\n    \"tokenVerificationResultCode\": \"ut\",\n    \"totalAmtOfPaymentLast30Days\": 70772732.56173155,\n    \"transactionTypeCode\": \"dolor dolor ea esse\",\n    \"translatedAccountInd\": \"est laborum do Duis\",\n    \"travelTagInd\": \"consequat voluptate\",\n    \"travelTag02Info\": \"enim nisi\",\n    \"travelTagInd2\": {\n      \"postalCode\": \"deserunt anim cillum non\",\n      \"cityCode\": \"qui voluptate\",\n      \"stateCode\": \"cillum c\",\n      \"countryCode\": \"ex id veniam ut\"\n    },\n    \"upcFields\": {},\n    \"validMccInd\": \"aliqua\",\n    \"visaAdvancedAuthCondCode\": \"nulla\",\n    \"visaAdvancedAuthCondTwoCode\": \"magna aute est reprehenderit\",\n    \"visaAdvancedAuthCondThreeCode\": \"incididunt amet esse non\",\n    \"travelMyLocation\": \"sit fugiat\",\n    \"travelRegion\": \"elit exercitation magna\",\n    \"travelInternational\": \"sed Duis nostrud\",\n    \"usDollarAmount\": -10902944.65806903,\n    \"conversionRate\": \"in\",\n    \"authTransactionType\": \"Ut deserunt\",\n    \"orchestratorElapsedTime\": 1007799,\n    \"riskGatewayElapsedTime\": -32507798,\n    \"ondotElapsedTime\": -97645826,\n    \"cardValetElapsedTime\": 41097224,\n    \"advanceDefenseElapsedTime\": -73015166,\n    \"cicsOrchestratorElapsedTime\": -59145058,\n    \"orchestratorRegion\": \"commodo veniam deserunt et\",\n    \"sasAuthMethod\": \"nulla enim Excepteur\",\n    \"multiOrgNodeName\": \"Lorem laboris\",\n    \"tranUtcDate\": \"officia dolore\",\n    \"tranUtcTime\": \"cupidatat pariatur nisi in et\",\n    \"ssnNumber\": \"sed\",\n    \"customerPhone\": \"sed quis in enim\",\n    \"cardholderBillingConversionRate\": \"ad voluptate\",\n    \"cashLimitAmount\": 33926907.113339365,\n    \"cashAdvanceBalance\": 55980682.49933642,\n    \"terminalCategoryCode\": \"mollit in qui cupidatat\",\n    \"terminalCapabilityCode\": \"deserunt reprehenderit Lorem\",\n    \"terminalPinCapabilityInd\": \"veniam ut amet culpa\",\n    \"sasPosEntryMode\": \"dolore ex eiusmod\",\n    \"avsResponseCode\": \"ut esse\",\n    \"avsRequestZipCode\": \"do qu\",\n    \"ecomAuthInd\": \"ex\",\n    \"emvChipStatusCode\": \"deserunt labore sed commodo\",\n    \"emvChipSchemeType\": \"nisi eu laborum\",\n    \"offlineUpperLimit\": \"deserunt amet ut est anim\",\n    \"emvCvr\": \"nostrud \",\n    \"terminalCapabilities\": \"incididunt cillum exercitation\",\n    \"visaChipConditionCode\": \"officia\",\n    \"fiservPiId\": \"tempor in nulla laboris\",\n    \"authMessageTypeInd\": \"incididunt dolore nulla sint\",\n    \"memberSeqNumber\": \"esse velit exercit\",\n    \"authCardMediaCode\": \"deserunt cupidatat voluptate\",\n    \"cardholderRoleNumber\": \"voluptate sint pariatur reprehenderit\",\n    \"onUsFlag\": \"do nulla\",\n    \"divisionCode\": \"quis aute adipisicing\",\n    \"tranAmountMerchantCurrency\": -50736703.58686044,\n    \"sasTransTypeCode\": \"in consequat\",\n    \"citiTranTypeCode\": \"id cillum veniam mollit ex\",\n    \"sasAuthDecisionCode\": \"irure enim\",\n    \"sasAuthDeclineReasonCode\": \"consequat amet aute\",\n    \"reversalInd\": \"consectetur\",\n    \"sasStandinInd\": \"exercitation sit mollit laborum eu\",\n    \"lastPaymentDate\": \"elit Duis ut\",\n    \"plasticMailedDate\": \"est quis cupidatat sed\",\n    \"piCount\": \"voluptate\",\n    \"daysSinceLastOtp\": \"eiusmod aliquip esse deserunt\",\n    \"daysSinceFirstOtp\": \"ipsum incididunt\",\n    \"authsWithOtpLast30DaysCount\": \"sed proident\",\n    \"authsWithOtpLast30DaysAmount\": 54810638.412851185,\n    \"saixHighRiskInd\": \"sit in et\",\n    \"fiservCvv2OutcomeCode\": \"exercitation Lorem nost\",\n    \"cavvAavvResultCode\": \"incididunt quis\",\n    \"deviceConnectionType\": \"Duis elit adipisicing et\",\n    \"deviceIpAddress\": \"eu sed\",\n    \"customerDeviceModelType\": \"incididunt id elit commodo\",\n    \"terminalOperatorId\": \"et est anim\",\n    \"piPriorExpDate\": \"in dolor\",\n    \"creditLineChangeDate\": \"Duis\",\n    \"daysSinceCardReissued\": \"in minim\",\n    \"traumaInd\": \"ut adipisicing nostrud Excepteur\",\n    \"adStatusCode\": \"dolor laborum\",\n    \"adLatency\": \"tempor adipisicing veniam sed Ut\",\n    \"adErrorCode\": \"irure laborum\",\n    \"adActionOutcome\": \"culpa non sit\",\n    \"avsPresenceInd\": \"reprehenderit adipisicing labore proident\",\n    \"sasStatusCode\": \"ut ad sunt\",\n    \"sasSmhReturnCode\": \"Excepte\",\n    \"sasRrrActionCode\": \"sit aliqua sint tempor reprehenderit\",\n    \"sasRrrActionInfo\": \"Excepteur exercitation\",\n    \"sasRrrSystemReturnCode\": \"laborum id nostrud\",\n    \"sasRrrSystemErrorCode\": \"cillum enim ullamco eu velit\",\n    \"sasIndicator\": \"cupidatat do adipisicing\",\n    \"adServerInstanceId\": \"quis nisi laboris\",\n    \"adRetryCount\": \"pariatur in\",\n    \"sasServerInstanceId\": \"pariatur ad sint labor\",\n    \"sasRetryCount\": \"nulla sunt incididunt aliqua\",\n    \"cicsEncryptedFields\": {},\n    \"merchantLocalDate\": \"quis proident\",\n    \"merchantLocalTime\": \"ut ipsum an\",\n    \"dynamicCurrencyConversionInd\": \"ut nulla officia\",\n    \"starAccessTransId\": \"aliqua elit in\",\n    \"threeDSecureVersion\": \"dolor\",\n    \"adFinalOutcomeSource\": \"quis aliquip dolor\",\n    \"rgResponseCode\": \"reprehenderit qui culpa deserunt\",\n    \"adFieldErrorCount\": \"proident ex exercitation consectetur amet\",\n    \"originalPartnerId\": \"N000000N000000\",\n    \"rawPosFeatureData\": \"exercitation mollit culpa est in\",\n    \"tokenTypeCode\": \"reprehenderit culpa non\",\n    \"multipleUniqueMultipleLikeCode\": \"in qui labore\",\n    \"accountFundingTypeCode\": \"laboris Ut eu in\",\n    \"countryOfOrigin\": \"elit proident ea in do\",\n    \"pulseAcquirerFraudScore\": \"irure labore Duis\",\n    \"storeOfOriginOutcomeCode\": \"irure consectetur in ea\",\n    \"tspDeclineReasonCode\": \"cillum laboris Excepteur elit\",\n    \"cardNotOnFileIndicator\": \"cillum pariatur \",\n    \"cvvHardCodeUsedIndicator\": \"amet veniam\",\n    \"clientDefinedDeclineText\": \"dolore\",\n    \"debitStandInReasonCode\": \"c\",\n    \"authLinkElapsedTime\": -16581283,\n    \"authLinkClientElapsedTime\": 4623461,\n    \"visaAdvancedAuthReason\": \"exer\",\n    \"piHostUseCount\": -50453213,\n    \"piChipUseCount\": 25457016,\n    \"sasData\": {\n      \"modelTrace\": \"minim non id\",\n      \"actionCode\": \"qui non\",\n      \"returnCode\": \"elit magna eiusmod culpa\",\n      \"errorInfo\": \"anim officia\",\n      \"processIndicator\": \"Excepteur est quis commodo occaecat\",\n      \"sasTransactionId\": \"adipisicing ut velit Lorem dolore\",\n      \"sasModel\": [\n        {\n          \"modelId\": \"do\",\n          \"modelVersion\": \"proident reprehenderit sed\",\n          \"score\": \"anim elit ad\",\n          \"riskReason1\": \"incididunt in adipisicing\",\n          \"riskReason2\": \"in mollit\",\n          \"riskReason3\": \"in qui\",\n          \"sasScoreChangeNumber\": \"consequat ad laboris cupidatat sunt\"\n        },\n        {\n          \"modelId\": \"occaecat\",\n          \"modelVersion\": \"Duis adipisicing voluptate in\",\n          \"score\": \"consectetur dolore ad quis adipisicing\",\n          \"riskReason1\": \"nulla qui incididunt\",\n          \"riskReason2\": \"dolore eu ex\",\n          \"riskReason3\": \"pariatur Excepteur\",\n          \"sasScoreChangeNumber\": \"dolore minim\"\n        }\n      ]\n    },\n    \"voltageElapsedTime\": 65097146,\n    \"sasSocketCommunicationElapsedTime\": -69814567,\n    \"openToBuyCashAmount\": -44437465.453783706,\n    \"velocityConcernIndicator\": \"fugiat velit ut\",\n    \"kitingConcernIndicator\": \"quis proident\",\n    \"paymentLast7DaysCount\": -21833694,\n    \"paymentLast7DaysAmount\": -93391906.33062078,\n    \"paymentLast7DaysToCreditLineRatio\": -5026145.815901503,\n    \"monthsOnBookCount\": 486302,\n    \"currentDayCashTransactionCount\": 65835190,\n    \"currentDayCashTransactionAmount\": 14480694.799921334,\n    \"currentDayMerchandiseTransactionCount\": -78556809,\n    \"currentDayMerchandiseTransactionAmount\": -64974858.86210979,\n    \"cyclesDelinquentCount\": -79765122,\n    \"derivedMerchantNumber\": \"ea ipsum tempor velit do\",\n    \"keySwipeIndicator\": \"tempor cillum\",\n    \"powerCurveStatusCode\": \"ipsum cillum esse amet\",\n    \"powerCurveAcsElapsedTime\": -41790091,\n    \"powerCurveFinalDecision\": \"culpa laboris aute Duis anim\",\n    \"powerCurveFinalDecisionReason\": \"Excepteur dolore enim\",\n    \"adsPowerCurveRulesOutcomeCode\": \"qui adipisicing reprehenderit\",\n    \"powerCurveRealTimeProcessCode\": \"dolore ut dolore ex\",\n    \"previousPiExpirationDate\": \"laboris\",\n    \"previousAccountExpirationDate\": \"incididunt in\",\n    \"foreignUnitAmount\": -18914141.171569332,\n    \"foreignConversionRate\": 78126047.47464702,\n    \"virtualAccountOpenToBuyAmount\": -28062197.429799825,\n    \"virtualAccountRemainingTranLimit\": -69501437,\n    \"virtualAccountIndicator\": \"est\",\n    \"ucmScheme\": \"exercitation anim tempor\",\n    \"debitStrategyGroupIdentifier\": \"sint fugiat\",\n    \"adsPosTypeCode\": \"est enim irure\",\n    \"partialAuthCapabilityIndicator\": \"laborum\",\n    \"originalTokenRequestorIdentifier\": \"laborum aliquip labore\",\n    \"tokenServiceProviderIdentifier\": \"Excepteur do\",\n    \"authorizationTypeCode\": \"Excepteur nulla\",\n    \"transactionCodes\": [\n      \"Lorem pariatur nulla\",\n      \"velit exercitation occaecat\"\n    ],\n    \"amountOfTrasactionPad\": 73116980.35467887,\n    \"adConsortiumInstanceId\": \"irure dolor mollit voluptate\",\n    \"adClientInstanceId\": \"Lorem enim\",\n    \"adClientLatency\": \"laboris\",\n    \"adClientActionOutcome\": \"ut in officia\",\n    \"adClientErrorCode\": \"irure deserunt\",\n    \"adUniqueRecordId\": 33083428.966675445,\n    \"adClientUniqueRecordId\": 80747590.62366974,\n    \"adClientDecisionIndicator\": \"veniam\",\n    \"serviceLocationCityName\": \"magna qui est\",\n    \"serviceLocationCountrySubdivisionCode\": \"sint nostrud\",\n    \"serviceLocationCountryCode\": \"eiusmod\",\n    \"acceptorStreetAddress\": \"nostrud laboris adipisicing aliquip id\",\n    \"acceptorUrlAddress\": \"irure sint\",\n    \"acceptorCustomerServicePhoneNumber\": \"Excepteur e\",\n    \"acceptorPhoneNumber\": \"exercitation irure eu dolore\",\n    \"acceptorAdditionalContactInformation\": \"commodo consectetur veniam mollit\",\n    \"serviceLocationPostalCode\": \"et cillum labore pariatur ut\",\n    \"digitalAuthenticationFrameWorkIndicator\": \"commodo ullamco ex\",\n    \"nameMatchAdditionalOutcomeCodes\": \"non consequat quis tempor ci\",\n    \"clientSpecificData\": {\n      \"transactionType\": \"tempor do mollit\",\n      \"velocityCashLast48Hours\": -79459197.22394885,\n      \"subAccountReissueControlFlag\": \"ipsum aliquip officia\",\n      \"giftCardVelocityCount144Hr\": -25472615.064953,\n      \"giftCardVelocityAmount144Hr\": -12758061.354211092,\n      \"syfDaysToExpiration\": 40448566.091830105,\n      \"syfPlasticExpDate\": 82244034.79648751,\n      \"approvedCount24Hr\": 92067599.50013268,\n      \"approvedAmount24Hr\": 47845423.77254167,\n      \"rightTimePaymentAmount24Hr\": 3571249.7427578866,\n      \"mccUseCount\": 80699536.35995391,\n      \"mccUseAmount\": 97521145.5082644,\n      \"sas1RiskReasonCodes\": [\n        \"dolore nulla et Lorem cupidatat\",\n        \"eu\"\n      ],\n      \"sas2RiskReasonCodes\": [\n        \"exercitation incididunt ad\",\n        \"dolore laboris ut minim\"\n      ],\n      \"sas3RiskReasonCodes\": [\n        \"ipsum cillum ut\",\n        \"dolore magna veniam ex\"\n      ],\n      \"sas4RiskReasonCodes\": [\n        \"non enim\",\n        \"aute ut\"\n      ]\n    },\n    \"speedPassProductCode\": \"in aliqua commodo u\",\n    \"accountLevelRandomDigit\": \"velit aute\",\n    \"massReissueIndicator\": \"deserunt dolor non in\",\n    \"shoppingPassDistanceFromOrigin\": -25368987.580730498,\n    \"acquirerCountryCode\": \"magna deserunt labore cillum\",\n    \"digitalCommerceDomainIdentifier\": \"Ut adipisicing eiusmod aute\",\n    \"ecommerceInd\": \"incididunt veniam c\"\n  },\n  \"fico\": {\n    \"apiErrorCode\": \"ut enim in in\",\n    \"applIdError\": \"proident labore nisi\",\n    \"authNumber\": \"culpa sunt consectetur\",\n    \"authType\": \"valid types: A = ADDRESS VERIFICATION ONLY \\nB = PURCHASE WITH CASH BACK \\nC = CASH \\nE = INITIAL AUTHENTICATION (ATM) \\nF = RESERVED \\nI = ATM AVAILABLE FUNDS INQUIRY \\nM = PURCHASE \\nO = OTHER \\nP = PRE-AUTHORIZATION \\nR = CREDITING FUNDS TO THE ACCOUNT \\nU = AUTOMATED RECURRING CHARGE \\nX = REVERSAL \\nZ = COMPLETION OF PREV PRE-AUTH TRAN \\nSpace = UNKNOWN.\",\n    \"cashbackAmount\": 0,\n    \"checkDigit\": \"2\",\n    \"errorSeq\": \"00\",\n    \"fico6ReturnCode\": \"0000\",\n    \"ficoRegions\": \"05\",\n    \"ficoScore\": \"0036\",\n    \"holidayCal\": \"2=On ,blank = OFF\",\n    \"labelType\": \"1\",\n    \"logRegionId\": \"26C\",\n    \"modelId\": \"FPSP\",\n    \"multiCliId\": \"0000PUSDBT\",\n    \"obInd\": \" O = Online \\nB = Batch.\",\n    \"origMultiCliId\": \"0000840DFPP\",\n    \"pinVerCd\": \" V = Valid , I = Invalid.\",\n    \"preAuthInd\": \"sint dolor id non Ut\",\n    \"profileFound\": \" Y = Profile found \\nD = Default Profile used \\nE = Profile Error.\",\n    \"posEntryMode\": \"est sunt quis dolor\",\n    \"regionStatus\": \"EDEFE :: \\nE = enabled \\nD = disabled \\nF = force disabled.\",\n    \"score1Name\": \"FP.FRD.CARD\",\n    \"score1Error\": \"0000\",\n    \"score1ReasonCode1\": \"1\",\n    \"score1ReasonCode2\": \"1\",\n    \"score1ReasonCode3\": \"1\",\n    \"scoreCount\": \"1\",\n    \"scoreDate\": \"2024-01-04T15:27:51Z\",\n    \"scoreModelId\": \"usd23017\",\n    \"scoreRegionId\": \"47D\",\n    \"scoreResponse\": \"4\",\n    \"scoreTime\": \"2024-01-04T15:27:51Z\",\n    \"scoreTypeInd\": \"R - Realtime \\nQ- Quasi \\nT - TDQ \\nC - Catchup.\",\n    \"scoreTranType\": \"DBTRAN25\",\n    \"storeClock\": \"D9AA0FE961AD0891\",\n    \"tranCat\": \"P - Card Present \\nA - AUTOMATIC/RECURRING \\nI - INTERNET \\nM - MAIL \\nT - Telephone \\nO - Others.\",\n    \"workflow\": \"PUSC26\",\n    \"version\": \"2.6\",\n    \"piFicoPcfFlag\": \"1\"\n  },\n  \"compliance\": {\n    \"user\": \"dolor deserunt consectetur cillum et\",\n    \"application\": \"minim dolor ipsum mollit\",\n    \"screenId\": \"anim aliqua c\",\n    \"count\": \"Duis eu\",\n    \"userRole\": \"Lorem\",\n    \"supportInfo\": \"ea dolor\",\n    \"message\": \"laboris tempor eiusmod amet\",\n    \"appShortName\": \"veniam magna sit elit\",\n    \"msgId\": \"velit\",\n    \"facility\": \"mollit sunt nisi labore\",\n    \"severity\": \"ullamco pariatur\",\n    \"eventTime\": \"2024-01-04T15:27:51Z\"\n  },\n  \"detail\": \"aliqua ex Ut ut\",\n  \"duration\": 29922288,\n  \"account\": {\n    \"decisionAreaStrategyIdentification\": \"sit pariatur veniam dolore commodo\",\n    \"dateOfCheckReturn\": \"laborum ea aute veniam volupta\",\n    \"dateOfCreditBureauScore\": \"non culpa tempor in\",\n    \"dateOfFirstActive\": \"non irure\",\n    \"chargeDdaCode\": \"in consequa\",\n    \"cardholderCustomFlags\": [\n      \"aute exercitation Duis voluptate in\",\n      \"ut reprehenderit nisi in irure\"\n    ],\n    \"correspondenceProhibitedCode\": \"deserunt cupidatat Lorem exerci\",\n    \"creditBureauReportAccountCode\": \"elit occaecat Ut ad\",\n    \"creditLineChangeType\": \"et ut\",\n    \"homePhoneFlag\": \"mollit sit ipsum\",\n    \"maximumNumberOfDelinquencyFor6Cycles\": \"qui consectetur reprehenderit tempor\",\n    \"paymentFloatCode\": \"cupidatat voluptate reprehenderit\",\n    \"recordFormatCode\": \"minim ex eiusmod sint\",\n    \"reissueControlFlag\": \"voluptate ut\",\n    \"specialCode5\": \"in voluptate aliqua\",\n    \"specialCode6\": \"deserunt ut est\",\n    \"specialCode7\": \"culpa labore\",\n    \"statementHoldCode\": \"enim magna ut consectetur velit\",\n    \"subAccountIndicator\": \"esse id tempor\",\n    \"billingCycleCode\": -95681288,\n    \"chargeOffStatusReasonCode\": 64231057,\n    \"checkReturnLastMonthCount\": -53876568,\n    \"attritionIndexIdentifier\": -12085675,\n    \"highLevelDelinquencyInLast12Cycles\": -12665347,\n    \"highLevelDelinquencyInLast24Months\": -93194421,\n    \"numberOfCyclesSinceCreditLimitChange\": -31349884,\n    \"numberOfCyclesSinceCreditLimitInc\": 50717382,\n    \"numberOfCyclesSinceLastCashAdvance\": -40247249,\n    \"numberOfDaysSinceCreditBureauScore\": 18187885,\n    \"numberOfDaysSinceCreditLimitChange\": 95239875,\n    \"numberOfDaysPaymentDue\": 57403687,\n    \"numberOfMonthsSinceCreditLimitDecline\": 8442435,\n    \"numberOfCyclesDelinquency\": 35282152,\n    \"numberOfCyclesDelinquencyAtLastStatement\": 60475156,\n    \"numberOfCycleToDateReverse\": 93947076,\n    \"numberOfCyclsOverlimtLast24Cycles\": 12150825,\n    \"numberOfCycleSinceDelinquenct\": 12059927,\n    \"numberOfCycleSinceMonetary\": 75694522,\n    \"numberOfCycleSinceReage\": 6629887,\n    \"numberOfDaysDelinquency\": 89140275,\n    \"numberOfDaysInCollections\": 28316778,\n    \"numberOfDaysSinceCreditLimitIncrement\": 39642109,\n    \"numberOfDaysSinceLastPayment\": 56769373,\n    \"numberOfDaysSinceLastSale\": -13644902,\n    \"numberOfDaysSinceOpenDate\": 83560067,\n    \"numberOfDaysTillCreditLineReview\": -24068482,\n    \"numberOfDaysSinceLastMonetary\": 8842329,\n    \"numberOfTimes1CycleDelinquency\": -17142787,\n    \"numberOfTimesDelinquencyLast6Cycles\": 11704977,\n    \"numberOfPaymentReverselsLastStamentCycle\": 48436320,\n    \"numberOfPaymentsForTheLast15Days\": 5501672,\n    \"numberOfPaymentsForTheLast7Days\": -97126796,\n    \"numberOfReturnPaymentsLast3StatementCycles\": -89256676,\n    \"numberOfTime2CycIn24Cycles\": 37565145,\n    \"numberOfTimes1PcDelinquencyLast12Cycles\": -36255293,\n    \"numberOfTimes2PcDelinquencyLast12Cycles\": -86505610,\n    \"numberOfTotalCheckReturns\": -68944702,\n    \"numberOfDaysPaymentIsLate\": 37960905,\n    \"pctCashOfCreditLimit\": -95937361,\n    \"pctOfCreditUtilLastStatement\": -50539920,\n    \"pctOfCreditLimitUtilization\": 73031295,\n    \"pctOfCurPaymentOfLastPayment\": 26398891,\n    \"pctOfPaymentOfPreviousStatementBalance\": 52652047,\n    \"pctOfPaymentsOfCreditLineCtd\": 44650794,\n    \"pctUtilized\": -96816175,\n    \"randomDigits\": [\n      -79239312,\n      95317655\n    ],\n    \"riskScoreCode\": -25062089,\n    \"exceptionScoreCode\": 47877163,\n    \"originalCreditScoreCode\": \"ut magna proident\",\n    \"authCategoryCode\": \"commodo occaecat\",\n    \"userDefinedReport2Code\": \"Duis \",\n    \"userDefinedReport4Code\": \"incididunt \",\n    \"edsScore\": [\n      79926536,\n      -58197413\n    ],\n    \"currentPricingStrategyCode\": \"officia ex\",\n    \"lastStatementPricingStartIdentification\": \"in ex aliqua qui\",\n    \"amountCreditLimitChange\": -89268170.05834895,\n    \"amountCurrentBalanceExeedsCreditLimit\": -51237682.49284288,\n    \"amountDelinquent\": 17004172.485525653,\n    \"amountLastPayment\": -78718242.91524145,\n    \"availableCreditAmount\": -27742304.840666905,\n    \"amountOfBalanceLastStatementBalance\": 84796369.19653007,\n    \"amountOfCashAdvanceCycleToDate\": -7146263.058736846,\n    \"amountOfCycleToDatePayments\": -42744964.476858094,\n    \"amountOfMerchantBalance\": 13275211.052236944,\n    \"amountOfMerchantCycleToDate\": 25683808.089445442,\n    \"amountOfCashLine\": 23016372.30350502,\n    \"dataLinkElements\": [\n      \"consectetur amet ut labor\",\n      \"ex do Ut laboris consequat\"\n    ],\n    \"companyAccountId\": \"consequat irure id eiusmod cillum\",\n    \"superCompanyAccountId\": \"velit\",\n    \"controlSsnNumber\": \"eu ut mollit et\",\n    \"controlCustomerPostalCode\": \"cillum labore enim ex cupidatat\",\n    \"controlAccountCountryCode\": \"cupidatat voluptate culpa amet in\",\n    \"controlCustomerCity\": \"Lorem nisi\",\n    \"controlCustomerPhone\": \"labore Excepteur\",\n    \"controlCustomerAddress\": \"esse sunt culpa\",\n    \"controlAccountId\": \"id eiusmod\",\n    \"controlAccountUsageIndicator\": \"anim veniam\"\n  },\n  \"eventType\": \"BCHJB\",\n  \"srcIp\": \"incididunt irure reprehenderit Lorem in\",\n  \"originHost\": \"amet Duis exercitation\",\n  \"nodeId\": \"dolor\",\n  \"contentType\": \"consectetur enim laboris occaecat\",\n  \"tag\": \"dolor\",\n  \"slaPassed\": false,\n  \"clientInfo\": {\n    \"bankName\": \"voluptate Excepteur tempor\",\n    \"escapedBankName\": \"ut incididun\",\n    \"x500id\": \"sint incididunt ex nulla aliqua\",\n    \"group\": \"veniam minim voluptate in\",\n    \"system\": \"culpa esse\",\n    \"prin\": \"ullamco cupidatat\",\n    \"cycle\": \"esse irure dolor Ut\",\n    \"number\": \"dolor reprehenderit voluptate in id\"\n  },\n  \"token\": {\n    \"accountId\": \"reprehenderit magna ea\",\n    \"presentmentId\": \"et aliqua dolore ipsum est\",\n    \"tokenNumber\": \"ex pariatur amet\",\n    \"tsp\": \"Excepteur do\",\n    \"tspCode\": \"Valid Codes:1 = Mastercard3 = Amex4 = VisaF = Provision and authorization6 = Discover9 = Citi proprietary\",\n    \"reasonCode\": \"proident\",\n    \"lifeCycle\": \"reprehenderit\",\n    \"accountIdEnc\": \"proident eiusmod minim ut\",\n    \"tokenTransactionTime\": 60480302,\n    \"releaseVersionNumber\": \"aliq\",\n    \"declineReasonCode\": \"consequat irure\",\n    \"additionalReasonCode\": \"sed laboris\",\n    \"authorizationCenterIndicator\": \"eu\",\n    \"debitCode\": \"aute deserunt Duis sint nisi\",\n    \"tokenTransactionId\": \"dolore et ali\",\n    \"tokenPanExpirationDate\": \"Excepteur\",\n    \"authLineId\": \"occaecat laborum Excepteu\",\n    \"operatorCd\": \"elit eu\",\n    \"internalResponseText\": \"elit\",\n    \"cvv2SecurityPresenceCode\": \"reprehenderit sunt amet\",\n    \"cvv2SecurityResultCode\": \"quis et\",\n    \"addressVerifyResponseCode\": \"dolor incididunt Duis\",\n    \"zipCodeAddressVerifyCode\": \"aute\",\n    \"nnmnRcAddrCd\": \"occaecat tempor non magna\",\n    \"oneTimePasswordDataPresenceCode\": \"id ipsum in\",\n    \"oneTimePasswordDataSelectionMethodCode\": \"Valid Codes:C = Call centerE = Phone not tenured or phone not validF = Call to the data access layer failedN = Data not presentY = Valid email or phone dataSpace = Does not qualify as OTP transaction\",\n    \"oneTimePasswordExpirationDate\": \"2024-01-04T15:27:51Z\",\n    \"oneTimePasswordActivationCode\": \"dolor fugiat\",\n    \"provisionActionResponseCode\": \"officia enim laborum mollit ad\",\n    \"businessRuleLineNumber\": \"tempor Duis fugiat\",\n    \"actionSetId\": \"dolore labore officia\",\n    \"eventActionSetId\": \"ex deserunt pariatur velit\",\n    \"newPanId\": \"ut amet non magna\",\n    \"newPanExprDt\": \"est cupidatat\",\n    \"newPanSeq\": 80394644,\n    \"firstDataWalletId\": \"do esse ex veniam\",\n    \"provisionQueueInd\": \"fugiat deserunt consectetur anim\",\n    \"customerDefinedFourCode\": \"qui magna\",\n    \"tokenParticipationInd\": \"10000000 - STI, 01000000 - Ondot, 00100000 - CardArt, 00010000 - CardValet\",\n    \"cardImageId\": \"Ut\",\n    \"massReissueIndicator\": \"labore do quis\",\n    \"customerStateCode\": \"sit aliqua reprehenderit magna dolor\",\n    \"serverGroupId\": \"in magna voluptate cillum\"\n  },\n  \"utf8ByteSize\": -76527419,\n  \"size\": 56013475,\n  \"mq\": {\n    \"request\": \"nulla\",\n    \"reply\": \"sunt sit magna quis et\",\n    \"qm\": \"labore qui ali\",\n    \"mid\": \"ullamco esse\",\n    \"cid\": \"occaecat Excepteur anim\",\n    \"type\": \"in anim\",\n    \"mqPutAppName\": \"dolore pariatur\",\n    \"mqPutDateGmt\": \"voluptate ullamco laboris aute\",\n    \"mqPutTimeGmt\": \"deserunt pariatur veniam cupidatat\",\n    \"retryCount\": -84137315,\n    \"retryTimeout\": 21471102,\n    \"listener\": \"cupidatat eiusmod occaecat ullamco\"\n  },\n  \"audit\": {\n    \"target\": \"Excepteur cupidatat\",\n    \"method\": \"ea cillum\",\n    \"group\": \"irure pariatur\"\n  },\n  \"httpsDetails\": {\n    \"url\": \"Excepteur proident ipsum labore\",\n    \"tcb\": \"amet\"\n  },\n  \"applog\": true,\n  \"activity\": \"aliqua id Lorem officia nisi\",\n  \"nonMon\": {\n    \"eventRoute\": {\n      \"platformId\": \"FSOMAHA\",\n      \"eventArea\": \"NONMON\",\n      \"serviceType\": \"Duis laboris voluptate est\",\n      \"cycleId\": \"O\"\n    },\n    \"releaseId\": \"irure est\",\n    \"recType\": \"et magna in\",\n    \"memberSeqNum\": \"001\",\n    \"piReplaceSeqNo\": \"1234\",\n    \"custEtrnlId\": \"123456789012345678901234\",\n    \"operatorId\": \"123\",\n    \"correlationId\": \"in qui ut eu\",\n    \"piReplacementSeqNum\": \"1234\",\n    \"ondotPlyCd\": \"Y\",\n    \"serverGroupId\": \"1\",\n    \"riskGateWayPlyCd\": \"1\",\n    \"cardValetPlyCd\": \"1\",\n    \"sasPlyCd\": \"6\",\n    \"saferPayPlyCd\": \"7\",\n    \"trackId\": \"1234567\",\n    \"cardClassInfo\": \"VS0000\",\n    \"cardClass\": \"VS\",\n    \"numericLogo\": \"0000\",\n    \"clerkId\": \"exercitation do Excepteur\",\n    \"memoSeq\": \"Lorem quis\",\n    \"chargeBackDate\": \"2024-01-04T15:27:51Z\",\n    \"ocbAmount\": \"eu qui nisi\",\n    \"disputeType\": \"est nulla\",\n    \"chargeBackReasonCode\": \"deserunt Ut nulla\",\n    \"oprCode\": \"ea nostrud in nulla\",\n    \"memoReferenceNumber\": \"tempor\",\n    \"favorCode\": \"Valid Codes: \\nM = merchant resolution \\nC = cash resolution \\nF = full amount.\",\n    \"disputeMessage\": \"officia\",\n    \"tokenPlyCd\": \"1\",\n    \"instantDigitalIssuancePlyCd\": \"1\",\n    \"spendTrendPlyCd\": \"1\",\n    \"recordLength\": \"elit enim\",\n    \"oldSepId\": \"reprehenderit voluptate cillum\",\n    \"newSepId\": \"et magna ullamco\",\n    \"action\": \"minim\",\n    \"actionType\": \"A=add, C=change, D=delete, R=replace\",\n    \"triggerEvent\": \"NAME, ADDR, PHONE, EMAIL, PIN, SSN, CUSTADD, PIUPDATE, ACCTRANSFR, PISTATUS \",\n    \"changes\": [\n      {\n        \"field\": \"PHONE\",\n        \"oldValue\": \"000-000-0000\",\n        \"newValue\": \"000-000-0001\"\n      },\n      {\n        \"field\": \"PHONE\",\n        \"oldValue\": \"000-000-0000\",\n        \"newValue\": \"000-000-0001\"\n      }\n    ]\n  },\n  \"cycle\": {\n    \"eventRoute\": {\n      \"platformId\": \"FSOMAHA\",\n      \"eventArea\": \"NONMON\",\n      \"serviceType\": \"Excepteur ut irure cupidatat\",\n      \"cycleId\": \"O\"\n    },\n    \"releaseId\": \"anim in aute fug\",\n    \"recType\": \"esse dolor\",\n    \"memberSeqNum\": \"001\",\n    \"piReplaceSeqNo\": \"1234\",\n    \"custEtrnlId\": \"123456789012345678901234\",\n    \"operatorId\": \"123\",\n    \"correlationId\": \"mollit irure\",\n    \"piReplacementSeqNum\": \"1234\",\n    \"ondotPlyCd\": \"Y\",\n    \"serverGroupId\": \"1\",\n    \"riskGateWayPlyCd\": \"1\",\n    \"cardValetPlyCd\": \"1\",\n    \"sasPlyCd\": \"6\",\n    \"saferPayPlyCd\": \"7\",\n    \"trackId\": \"1234567\",\n    \"cardClassInfo\": \"VS0000\",\n    \"cardClass\": \"VS\",\n    \"numericLogo\": \"0000\",\n    \"clerkId\": \"pariatur ut sunt exercitati\",\n    \"memoSeq\": \"nostrud do in dol\",\n    \"chargeBackDate\": \"2024-01-04T15:27:51Z\",\n    \"ocbAmount\": \"in\",\n    \"disputeType\": \"sint Duis ullamco est Ut\",\n    \"chargeBackReasonCode\": \"in officia nostrud\",\n    \"oprCode\": \"do laboris Duis mollit pariatur\",\n    \"memoReferenceNumber\": \"voluptate adipisicing\",\n    \"favorCode\": \"Valid Codes: \\nM = merchant resolution \\nC = cash resolution \\nF = full amount.\",\n    \"disputeMessage\": \"mollit sed culpa sint\",\n    \"tokenPlyCd\": \"1\",\n    \"instantDigitalIssuancePlyCd\": \"1\",\n    \"spendTrendPlyCd\": \"1\",\n    \"paymentDueDate\": \"anim dolor cupidatat\",\n    \"minPayDueAmt\": \"ut dolor Excepteur\",\n    \"cardAccountBal\": \"laborum sunt\",\n    \"ebillPayPresentCd\": \"Valid Codes:B = Hardcopy and electronic statementD = Reserved for internal use onlyE = Electronic onlyL = Hardcopy and electronic statement alwaysSpace = Does not participate in EBP, this is the default value\",\n    \"exStatusCode\": \"Valid Codes:A = Authorization prohibitedB = BankruptC = ClosedE = RevokedF = FrozenI = Interest accrual prohibitedL = LostU = StolenZ = Charged-off (system-assigned when a charge-off adjustment is made)Blank - Normal status\",\n    \"intStatusCode\": \"Valid Codes:D = DelinquentN = Credit balanceO = OverlimitX = Delinquent and overlimitBlank = Normal or credit balance\",\n    \"processDate\": \"cillum occaecat ut irure\",\n    \"emLastPymtAm\": \"anim ut minim veniam Lorem\",\n    \"emLsBlldPayDueAm\": \"ullamco nostrud fugiat irure minim\",\n    \"emPymtHistCd\": \"Flag Values:0 – 7 = No postings during the cycle (the number indicates the number of cycles delinquent)A – H = Debit postings only during the cycleI – P = Credit postings only during the cycleZ = Account not statemented because of zero balance and no activityValid Codes:A= Account not delinquentB = Account 1 cycle delinquentC = Account 2 cycles delinquentD = Account 3 cycles delinquentE = Account 4 cycles delinquentF = Account 5 cycles delinquentG = Account 6 cycles delinquentH = Account 7 cycles delinquentI = Account not delinquentJ = Account 1 cycle delinquentK = Account 2 cycles delinquentL = Account 3 cycles delinquentM = Account 4 cycles delinquentN = Account 5 cycles delinquentO = Account 6 cycles delinquentP = Account 7 cycles delinquentQ = Account not delinquentR = Account 1 cycle delinquentS = Account 2 cycles delinquentT = Account 3 cycles delinquentU = Account 4 cycles delinquentV = Account 5 cycles delinquentW = Account 6 cycles delinquentX = Account 7 cycles delinquent% = Credit balance with no activity# = Credit balance with debit and credit activity+ = Credit balance with debit activity only- - = Credit\",\n    \"chdDateStatusChg\": \"2024-01-04T15:27:51Z\",\n    \"chdDel1CycAmt\": \"voluptate quis reprehen\",\n    \"chdDel2CycAmt\": \"enim minim magna elit\",\n    \"chdDel3CycAmt\": \"ea nisi exercit\",\n    \"chdDel4CycAmt\": \"labore laboris nulla\",\n    \"chdhdChgOffAmt\": \"est sint mollit sunt\",\n    \"chdhdChgOffDate\": \"2024-01-04T15:27:51Z\",\n    \"chdhdPocDt\": \"2024-01-04T15:27:51Z\",\n    \"chdLsAmtReturn\": \"nisi\",\n    \"chdlsCashInt\": \"proident in\",\n    \"chdlsCashMuf\": \"irure elit ut\",\n    \"chdlsCashMufInt\": \"aliqua Duis mollit in\",\n    \"chdlsCrLifeChg\": \"adipisicing in fugiat anim\",\n    \"chdlsCycCash\": \"irure ad anim\",\n    \"chdlsCycMrch\": \"ad magna aute\",\n    \"chdlsEndCash\": \"esse nisi\",\n    \"chdlsEndMrchBint\": \"cillum cupidatat esse Duis\",\n    \"chdlsEndMrchNbint\": \"ipsum Lorem sunt elit ad\",\n    \"chdlsFlapBalance\": \"exercitation\",\n    \"chdlsFlapInt\": \"reprehenderit commodo adipisicing esse\",\n    \"chdlsItemChg\": \"tempor minim irure Duis\",\n    \"chdlsLateChg\": \"eu Excepteur dolore Ut\",\n    \"chdlsMinChg\": \"elit minim\",\n    \"chdlsMiscChgs\": \"incididunt non minim in\",\n    \"chdlsMiscellaneous\": \"Lorem\",\n    \"chdlsMrchInt\": \"id amet sit\",\n    \"chdlsMrchMuf\": \"dolor cupidatat consequat\",\n    \"chdlsMrchMufInt\": \"dolor nulla sint\",\n    \"chdlsMufCashIntsc\": \"cupidatat adipisicing\",\n    \"chdlsMufCrdtLifeAm\": \"enim est dolor\",\n    \"chdlsMufCtdAnnlChrgAm\": \"ipsum ullamco incididunt ex in\",\n    \"chdlsMufCtdItemChrgAm\": \"dolor non enim in\",\n    \"chdlsMufCtdMsclChrgAm\": \"mollit officia aute\",\n    \"chdlsMufCtdSrchAm\": \"in dolore Lorem incididunt\",\n    \"chdlsMufLateChrgAm\": \"aute labore Duis cillum ullamco\",\n    \"chdlsMufMinFinChrgeAm\": \"L\",\n    \"chdlsMufMrchIntsc\": \"in sint elit aliqua consectetur\",\n    \"chdlsMufOvrlChrgAm\": \"nisi nulla\",\n    \"chdlsMufUnpdAnnlChrgA\": \"eiusmod\",\n    \"chdlsMufUnpdCrdtLifeA\": \"laborum tempor\",\n    \"chdlsMufUnpdItemChrgA\": \"esse ad\",\n    \"chdlsMufUnpdLateChrgA\": \"tempor id\",\n    \"chdlsMufUnpdMsclChrgA\": \"eu cupidatat\",\n    \"chdlsMufUnpdOvrlChrgA\": \"amet Ut commodo eu anim\",\n    \"chdlsMufUnpdSrchAm\": \"in eu reprehenderit\",\n    \"chdLsNoCash\": \"laboris sint\",\n    \"chdLsNoPayment\": \"sed anim mollit esse\",\n    \"chdLsNoReturn\": \"irure\",\n    \"chdLsNoSale\": \"proident do magna fugiat ullamco\",\n    \"chdlsOverlimitChg\": \"dolor quis officia aliqua ad\",\n    \"chdlsOverpaymentAmt\": \"ex eu occaecat do Lorem\",\n    \"chdlsSaleItemChgs\": \"adipisicing labore ad\",\n    \"chdlsSrchgAm1\": \"culpa incididunt\",\n    \"chdlsSrchgAm2\": \"amet cillum consectetur qui\",\n    \"chdlsSrchgAm3\": \"ess\",\n    \"chdlsSrchgAm4\": \"in ut dolor\",\n    \"chdlsSrchgAm5\": \"Excepteur aliquip dolor\",\n    \"chdlsUnpaidCashIntsc\": \"reprehenderit cupidatat s\",\n    \"chdlsUnpaidIntsc\": \"elit cupidatat in\",\n    \"chdlsUnpdAnnlChrgAm\": \"dolore quis proident\",\n    \"chdlsUnpdCashItemAm\": \"dolor ipsum proident officia esse\",\n    \"chdlsUnpdCrdlfPrmmAm\": \"cupidatat\",\n    \"chdlsUnpdLateChrgAm\": \"id esse exercitation consequat do\",\n    \"chdlsUnpdOvrlChrgAm\": \"in ex voluptate\",\n    \"chdlsUnpdSaleItemAm\": \"eiusmod sed\",\n    \"chdlsUnpdSrchgAm\": \"velit cupidatat\",\n    \"chdPrevExtStatus\": \"Valid Codes:A = Authorization prohibitedB = BankruptC = ClosedE = RevokedF = FrozenI = Interest accrual prohibitedL = LostU = StolenZ = Charged-off (system-assigned when a charge-off adjustment is made)Blank = Normal status\",\n    \"chdRtrnChckLsCt\": \"incididunt aute\",\n    \"acctStatusResnCode\": \"nisi ut eiusmod magna\"\n  },\n  \"shipping\": {\n    \"eventRoute\": {\n      \"platformId\": \"FSOMAHA\",\n      \"eventArea\": \"NONMON\",\n      \"serviceType\": \"enim est esse\",\n      \"cycleId\": \"O\"\n    },\n    \"releaseId\": \"sunt sed ipsum adipisicing\",\n    \"recType\": \"dolor consectetur velit occaecat\",\n    \"memberSeqNum\": \"001\",\n    \"piReplaceSeqNo\": \"1234\",\n    \"custEtrnlId\": \"123456789012345678901234\",\n    \"operatorId\": \"123\",\n    \"correlationId\": \"aute esse\",\n    \"piReplacementSeqNum\": \"1234\",\n    \"ondotPlyCd\": \"Y\",\n    \"serverGroupId\": \"1\",\n    \"riskGateWayPlyCd\": \"1\",\n    \"cardValetPlyCd\": \"1\",\n    \"sasPlyCd\": \"6\",\n    \"saferPayPlyCd\": \"7\",\n    \"trackId\": \"1234567\",\n    \"cardClassInfo\": \"VS0000\",\n    \"cardClass\": \"VS\",\n    \"numericLogo\": \"0000\",\n    \"clerkId\": \"aliquip ex anim sed ut\",\n    \"memoSeq\": \"pariatur enim Ut culpa\",\n    \"chargeBackDate\": \"2024-01-04T15:27:51Z\",\n    \"ocbAmount\": \"esse Duis Lorem\",\n    \"disputeType\": \"velit adipisicing sed Ut eiusmod\",\n    \"chargeBackReasonCode\": \"Lorem est eu\",\n    \"oprCode\": \"incididunt dolor sed in\",\n    \"memoReferenceNumber\": \"dolore mollit\",\n    \"favorCode\": \"Valid Codes: \\nM = merchant resolution \\nC = cash resolution \\nF = full amount.\",\n    \"disputeMessage\": \"in esse nulla\",\n    \"tokenPlyCd\": \"1\",\n    \"instantDigitalIssuancePlyCd\": \"1\",\n    \"spendTrendPlyCd\": \"1\",\n    \"embossTranCd\": \"Valid Codes: \\nNA - New Account \\nFI - Force emboss with NA inserts \\nFE - Force Emboss \\nSD - Plastic Same Day \\nAT - Account Transfer \\nLS - Mass Reissue \\nUT - Upgrade Transfer \\nRI - Monthly Reissue \\nRN - Reinstate \\nRS - Secondary Reinstate \\nDM - Mass Reissue \\nDR - Mass Reissue \\nDC - Mass Reissue - no mailer \\nDS - Mass Reissue - no mailer.\",\n    \"date\": \"2024-01-04T15:27:51Z\",\n    \"rushCd\": \"enim eu\",\n    \"piTypeCd\": \"aliquip magna\",\n    \"altAddr1Tx\": \"aliqua laboris\",\n    \"altAddr2Tx\": \"adipisicing ea ut elit\",\n    \"altAddr3Tx\": \"anim sunt t\",\n    \"altAddr4Tx\": \"reprehender\",\n    \"altAddr5Tx\": \"sit Ut dolore officia Excepteur\",\n    \"mthdId\": \"ipsum est\",\n    \"imbTrkTx\": \"aliqua velit\",\n    \"appxDlvrToDt\": \"2024-01-04T15:27:51Z\",\n    \"appxDlvrDate2Dt\": \"2024-01-04T15:27:51Z\",\n    \"deliveryDate\": \"in consectetur nisi\",\n    \"deliveryTime\": \"eu ea sit\",\n    \"deliveryStatusCode\": \"ex tempor dolor\",\n    \"deliveryStatus\": \"sed eiusmod exercitation culpa\",\n    \"deliveryTimeZoneWithOffset\": \"sint esse est\",\n    \"scanFacilityZip\": \"ipsum elit\"\n  },\n  \"sasDecisions\": {\n    \"aqoBillCurrConvRt\": \"sed anim\",\n    \"tmcIssDate\": \"2024-01-04T15:27:51Z\",\n    \"mobilePhone\": \"in eiusmod officia\",\n    \"homeEmail\": \"pariatur\",\n    \"expirationDate\": \"2024-01-04T15:27:51Z\",\n    \"controlAccountNumber\": \"est sit mollit pariatur\",\n    \"companyId\": \"deserunt voluptate\",\n    \"superCompanyId\": \"dol\"\n  },\n  \"batchMsgKey\": \"quis\",\n  \"msgNo\": 96142855,\n  \"security\": {\n    \"eventRoute\": {\n      \"platformId\": \"FSOMAHA\",\n      \"eventArea\": \"NONMON\",\n      \"serviceType\": \"dolor in anim dolor\",\n      \"cycleId\": \"O\"\n    },\n    \"releaseId\": \"ex mollit in enim\",\n    \"recType\": \"deserunt proident\",\n    \"memberSeqNum\": \"001\",\n    \"piReplaceSeqNo\": \"1234\",\n    \"custEtrnlId\": \"123456789012345678901234\",\n    \"operatorId\": \"123\",\n    \"correlationId\": \"id culpa enim non\",\n    \"piReplacementSeqNum\": \"1234\",\n    \"ondotPlyCd\": \"Y\",\n    \"serverGroupId\": \"1\",\n    \"riskGateWayPlyCd\": \"1\",\n    \"cardValetPlyCd\": \"1\",\n    \"sasPlyCd\": \"6\",\n    \"saferPayPlyCd\": \"7\",\n    \"trackId\": \"1234567\",\n    \"cardClassInfo\": \"VS0000\",\n    \"cardClass\": \"VS\",\n    \"numericLogo\": \"0000\",\n    \"clerkId\": \"\",\n    \"memoSeq\": \"ad occaecat enim\",\n    \"chargeBackDate\": \"2024-01-04T15:27:51Z\",\n    \"ocbAmount\": \"nostrud sunt in\",\n    \"disputeType\": \"ipsum eu\",\n    \"chargeBackReasonCode\": \"irure sunt Lorem\",\n    \"oprCode\": \"do dolor\",\n    \"memoReferenceNumber\": \"Ut quis\",\n    \"favorCode\": \"Valid Codes: \\nM = merchant resolution \\nC = cash resolution \\nF = full amount.\",\n    \"disputeMessage\": \"id ipsum pari\",\n    \"tokenPlyCd\": \"1\",\n    \"instantDigitalIssuancePlyCd\": \"1\",\n    \"spendTrendPlyCd\": \"1\"\n  },\n  \"loyalty\": {\n    \"anniversaryDate\": \"2024-01-04T15:27:51Z\",\n    \"anniversaryYears\": 9484571,\n    \"birthDate\": \"2024-01-04T15:27:51Z\",\n    \"enrollmentDate\": \"2024-01-04T15:27:51Z\",\n    \"lastTranDate\": \"2024-01-04T15:27:51Z\",\n    \"priority\": -53805413,\n    \"programName\": \"non labore\",\n    \"rewardAmountNeeded\": -72633160.73071037,\n    \"rewardBalance\": -25082319.703839585,\n    \"rewardExpirationDate\": \"2024-01-04T15:27:51Z\",\n    \"rewardIssueAmount\": 14939397.353728667,\n    \"rewardUpdgradeOldTier\": \"Ut eiusmod\",\n    \"rewardUpdgradeNewTier\": \"commodo pariatur\",\n    \"rewardThreshold\": -45567054.58833741,\n    \"spendAmount\": 81078028.05750576,\n    \"triggerEvent\": \"eu dolor id fugiat\",\n    \"distributionBucketName\": \"sit non amet in\"\n  },\n  \"billing\": {\n    \"clientIdentity\": \"esse ipsum mollit ut\",\n    \"clientNumber\": \"cillum pariatur in officia\",\n    \"bankName\": \"sit ad dolor sint\",\n    \"clientTcb\": \"dolor qui ullamco nulla\",\n    \"system\": \"quis ullamco\",\n    \"prin\": \"velit consectetur ullamco sint sit\",\n    \"appUaid\": \"aliqua veniam deserunt amet\",\n    \"channelElement\": \"fugiat nisi\",\n    \"channelElementName\": \"sint ut Lore\",\n    \"market\": \"sint occaecat commodo consequat\",\n    \"categoryServiceInfoName\": \"amet nulla dolor tempor labore\",\n    \"apiVersion\": 55890630,\n    \"apiName\": \"laboris nostrud\",\n    \"rc\": -16169764,\n    \"counter\": 63419733\n  },\n  \"originType\": \"ea sint nostrud veniam ipsum\",\n  \"tokenData\": {\n    \"cardholderName\": \"John Doe\",\n    \"conversationTx\": \"occaecat\",\n    \"deviceId\": \"elit nisi ad dolor\",\n    \"devcIntrPrtcAddrTx\": \"officia nostrud dolor\",\n    \"deviceLanguageCd\": \"Lorem\",\n    \"devicePhoneNumber\": \"magna\",\n    \"deviceTypeCode\": \"incididunt aliqua\",\n    \"evntResnCd\": \"et consectetur adipisicing\",\n    \"frstPanSorcCd\": \"cillum mollit\",\n    \"rcgnDevcNm\": \"amet quis nulla esse aliqua\",\n    \"toknAssetId\": \"est aliquip\",\n    \"toknCt\": 90561677,\n    \"toknEffcDateTx\": \"consequat nisi ut nostrud\",\n    \"tokenExpirationDate\": \"commodo nulla\",\n    \"tokenRequesterId\": \"incidi\",\n    \"tokenReferenceId\": \"tempor in\",\n    \"tokenRequestId\": \"in Lorem Duis\",\n    \"tokenResultCode\": \"laborum\",\n    \"tokenStatusCd\": \"dolore\",\n    \"trmsAndCndtTs\": \"2024-01-04T15:27:51Z\",\n    \"trmsAndCndtVrsnTx\": \"Ut Duis nulla\",\n    \"trmsAndCndtAccpCd\": \"cupidatat dolore est\",\n    \"wlltPrvdAcctTrstLevlCd\": \"anim consectetur ad\",\n    \"wlltPrvdDevcTrstLevlCd\": \"ad velit\",\n    \"wlltPrvdId\": \"esse ad\",\n    \"wlltPrvdPrvsPathResnCd\": \"veniam velit sed no\",\n    \"wlltPrvdRcmmPrvsPathCd\": \"anim pariatur\",\n    \"wlltPrvdRcmmPrvsVrsnCd\": \"magna sunt velit\",\n    \"wlltUserId\": \"cupidatat sed laborum aliqua\",\n    \"deviceWalletIdentifier\": \"ad cillum\",\n    \"accountNumberIndicator\": \"officia est magna\",\n    \"expirationDate\": \"sit ut sint laboris reprehenderit\",\n    \"productCode\": \"ea nostrud officia\",\n    \"pointOfSaleTransactionStatus\": \"labore in et irure\",\n    \"messageTypeCode\": \"laborum mi\",\n    \"correlationIdentifier\": \"tem\",\n    \"primaryAccountNumberSourceCode\": \"ex officia tempor Ut laborum\",\n    \"secureElementText\": \"officia dolor eu aliquip\",\n    \"issuerProductConfigurationIdentifier\": \"cupidatat nulla\",\n    \"activeTokensNumber\": -39955214,\n    \"consumerLanguageCode\": \"reprehenderit pariatur\",\n    \"walletServiceProviderAccountHash\": \"ex aute in veniam\",\n    \"deviceName\": \"culpa ipsum labore nulla\",\n    \"finalTokenizationDecisionCode\": \"irure eiusmod reprehenderit\",\n    \"walletServiceProviderTokenizationRecommendationCode\": \"nostrud minim\",\n    \"finalTokenDecisionIndicator\": \"m\",\n    \"wlltSrvcPrvdToknRcmmCd829\": \"quis proident\",\n    \"termsAndConditionsText\": \"ea nostrud id\",\n    \"wlltSrvcPrvdDevcScorCd\": \"reprehenderit consequat laborum\",\n    \"walletTermsAndConditionsDateTime\": \"2024-01-04T15:27:51Z\",\n    \"wlltSrvcPrvdAcctScorCd\": \"nulla anim ullamco\",\n    \"activationAttemptNumber\": -65639523,\n    \"tokenReferenceNumber\": \"et consectet\",\n    \"wlltSrvcPrvdRcmmResnCd\": \"commodo magna proident\",\n    \"panReferenceNumber\": \"do consequat est\",\n    \"deviceLocationCd\": \"magna\",\n    \"mntnDclnResnCd\": \"tempor laboris reprehenderit\",\n    \"mobileLastFour\": \"labore incididunt consectetur culpa\",\n    \"mssgActnResnCd\": \"enim proident dolor\",\n    \"toknAssrLevlIn\": \"ni\",\n    \"toknCardOnFileEcomUsagCd\": \"reprehenderit cupidatat in\",\n    \"toknCntcUsagCd\": \"commodo sed dolore\",\n    \"tokenEventCode\": \"cons\",\n    \"tokenEventResponseCode\": \"nisi\",\n    \"tokenEventRequestInput\": \"proident Duis pariatur\",\n    \"toknMoblWlltEcomUsagCd\": \"ea adipisicing ut consequat\",\n    \"toknStrgTechCd\": \"id Lorem ex qu\",\n    \"tokenTypeCode\": \"fugiat culpa\",\n    \"errorCode\": \"labore enim ad quis\",\n    \"switchReasonCode\": \"nostrud ut velit\",\n    \"fileUpdateCode\": \"fugiat elit\",\n    \"activationVerificationResultCode\": \"sed\",\n    \"tokenAssuranceLevelIndicator\": \"laboris sed ipsum non veli\",\n    \"primaryAccountNumberReferenceIdentifier\": \"commodo minim Ut elit\",\n    \"tokenScoreCode\": \"cul\",\n    \"tokenDecisionCode\": \"aliqua eiusmod ad ipsum\",\n    \"activeTokenNumber\": -84834949,\n    \"inactiveTokenNumber\": 17111135,\n    \"suspendedTokenNumber\": 19620271,\n    \"deviceSecureElementIdentifier\": \"adipisicing exercitation in\",\n    \"deviceLocationId\": \"Excep\",\n    \"cardholderWalletAccountIdentifier\": \"nostrud\",\n    \"walletProviderRiskAssessment\": \"do Excepteur occaecat dolore\",\n    \"walletProviderRiskAssessmentVersionText\": \"minim irure enim\",\n    \"walletDeviceScore\": \"ut occaecat eu\",\n    \"walletAccountScore\": \"nulla eiusmod Ut\",\n    \"walletReasonCode\": \"qu\",\n    \"termsConditionsVerificationText\": \"minim ea pariatur\",\n    \"toknMntnDscrTx\": \"in in eiusmod nulla\",\n    \"activeVerifyResultCode\": \"nostrud mollit\",\n    \"assrLevlCd\": \"ad incididunt id consequat\",\n    \"crrlId\": \"in\",\n    \"emailLifeCode\": \"aliqua consectetur id velit\",\n    \"issuerResponseCode\": \"labore enim\",\n    \"nameOnCard\": \"cillum Excepteur Duis quis ut\",\n    \"panCptrMthdCd\": \"ut in ut sint\",\n    \"parId\": \"aliqua\",\n    \"phonScorCd\": \"quis laborum\",\n    \"prvsSttsCd\": \"voluptate laboris minim nulla\",\n    \"resultCode\": \"irure mollit ea\",\n    \"secrElmnId\": \"nulla mollit\",\n    \"toknDcsnCd\": \"laborum incididunt\",\n    \"tokenRequestTypeCode\": \"null\",\n    \"trmsAndCndtVldtCd\": \"aliqua velit\",\n    \"wlltPrvdAcctScorCd\": \"in sit cupidatat culpa id\",\n    \"wlltPrvdDevcScorCd\": \"laboris mollit adipisicing c\",\n    \"wlltPrvdResnCd\": \"sed deserunt\",\n    \"wlltPrvdRiskAsmtCd\": \"non sint elit occaecat est\",\n    \"wlltPrvdRiskVrsnCd\": \"consectetur Lorem culpa veniam\",\n    \"sspnToknCd\": 3377917,\n    \"toknAssrLevlCd\": \"Excepteur laborum aliqua\",\n    \"toknRqstdTypeCd\": \"magna id\",\n    \"toknRqstrId\": \"sunt occaecat\",\n    \"wlltId\": \"veniam qui\",\n    \"accountCardActiveSettingsCode\": \"irure reprehenderit\",\n    \"accountIdHashRiskCode\": \"consequat cillum\",\n    \"amexDynamicRuleCode\": \"laboris id ea\",\n    \"amexFradScoreNumber\": \"adipisicing\",\n    \"amexWlltPrvdId\": \"irure sunt pariatur Lorem\",\n    \"avsOtcmRsltCd\": \"aliqua dolor sunt\",\n    \"businessRuleNumber\": \"adipisicing\",\n    \"callCntrActnCd\": \"veniam reprehenderit anim cillum mollit\",\n    \"cardAccpId\": \"Duis laboris consequat\",\n    \"cardAccpNameLctnId\": \"voluptate Ut\",\n    \"cardNameMatchInput\": \"dolore mollit\",\n    \"crtcNnmnIn\": \"qui magna cupidatat reprehenderit\",\n    \"cv2OtcmRsltCd\": \"occaeca\",\n    \"daysOnBoksCt\": -48498402,\n    \"daysSincAddrChngCt\": -34869746,\n    \"daysSincEmalChngCt\": 39028021,\n    \"daysSincPhonChngCt\": -68609456,\n    \"devicePhoneRiskCode\": \"ipsum est\",\n    \"devcSorcIpAddrRiskCd\": \"Excepteur fugiat laborum nulla\",\n    \"eventRuleLineNumber\": \"occaecat\",\n    \"expirationDateMismatchCode\": \"eu officia qui laboris\",\n    \"falconMrchStateCd\": \"aliquip dolore reprehenderit nostrud id\",\n    \"forcedQueueName\": \"Duis in\",\n    \"fraudBehaviorFlag1Code\": \"sit\",\n    \"fraudBehaviorFlag2Code\": \"Excepteur\",\n    \"otpActnCd\": \"enim sed pariatur tempor\",\n    \"panRiskCd\": \"sint dolor voluptate\",\n    \"risk2DevcAcctIdHashCd\": \"do irure ex culpa\",\n    \"risk2DevcIntrPrtcAddrCd\": \"i\",\n    \"risk2DevcPanCd\": \"mollit velit\",\n    \"risk2DevicePhoneCode\": \"qui consequat\",\n    \"risk2DevcSecrElmnIdCd\": \"dolore aute do\",\n    \"secrElmnRiskCd\": \"occaecat en\",\n    \"tenrDaysCt\": -55174033,\n    \"timeOnBoksCt\": -20883712,\n    \"tknsPerPiCt\": -49389736,\n    \"toknCdeSorcValu01Tx\": \"sed nostrud in\",\n    \"toknCdeSorcValu02Tx\": \"labore commodo\",\n    \"toknCdeSorcValu03Tx\": \"officia est occaecat sed\",\n    \"toknCdeSorcValu04Tx\": \"dolor sit ut\",\n    \"toknCdeSorcValu05Tx\": \"enim Lorem aute velit esse\",\n    \"toknCdeSorcValu06Tx\": \"qui ad id incididunt\",\n    \"toknCdeSorcValu07Tx\": \"consectetur irure Excepteur\",\n    \"toknCdeSorcValu08Tx\": \"magna Lorem mollit Excepteur\",\n    \"toknCdeSorcValu09Tx\": \"dolor officia eiusmod\",\n    \"toknCdeSorcValu10Tx\": \"aute voluptate\",\n    \"toknCdeSorcValu11Tx\": \"laboris cupidatat exercitation adipisicing\",\n    \"toknCdeSorcValu12Tx\": \"magna pariatur ut\",\n    \"toknCdeSorcValu13Tx\": \"amet occaecat Excepteur d\",\n    \"toknCdeSorcValu14Tx\": \"ipsum Duis\",\n    \"toknCdeSorcValu15Tx\": \"Excepteur sed ad\",\n    \"toknCdeSorcValu16Tx\": \"ullamco cupidatat proident Lorem\",\n    \"toknCdeSorcValu17Tx\": \"deserunt exercitation ipsum dolore\",\n    \"toknCdeSorcValu18Tx\": \"commodo ullamco occaecat et quis\",\n    \"toknCdeSorcValu19Tx\": \"eu Ut dolore\",\n    \"toknCdeSorcValu20Tx\": \"dolor tempor\",\n    \"toknCdeValu01Tx\": \"sed anim sint\",\n    \"toknCdeValu02Tx\": \"dolore ullamco\",\n    \"toknCdeValu03Tx\": \"ut dol\",\n    \"toknCdeValu04Tx\": \"commodo volupt\",\n    \"toknCdeValu05Tx\": \"nulla amet\",\n    \"toknCdeValu06Tx\": \"in enim tempor in\",\n    \"toknCdeValu07Tx\": \"laboris\",\n    \"toknCdeValu08Tx\": \"officia cupidatat pariatur\",\n    \"toknCdeValu09Tx\": \"Lorem dolor id\",\n    \"toknCdeValu10Tx\": \"fugiat voluptate ullamco enim eiusmod\",\n    \"toknCdeValu11Tx\": \"quis\",\n    \"toknCdeValu12Tx\": \"Duis mollit sed aliquip dolor\",\n    \"toknCdeValu13Tx\": \"aliquip quis\",\n    \"toknCdeValu14Tx\": \"amet\",\n    \"toknCdeValu15Tx\": \"laborum\",\n    \"toknCdeValu16Tx\": \"non dolore \",\n    \"toknCdeValu17Tx\": \"ut aute labore\",\n    \"toknCdeValu18Tx\": \"laboris velit\",\n    \"toknCdeValu19Tx\": \"laboris sed\",\n    \"toknCdeValu20Tx\": \"labore do in sint in\",\n    \"toknPerPiCofCt\": 84335675,\n    \"deviceSourceIp\": \"mollit\",\n    \"walletAccountEmailAgeDayCount\": -89555311.94673637,\n    \"walletProviderPhoneScore\": \"1\",\n    \"originalAssociationTokenNumber\": \"8888888888888888888\",\n    \"originalTokenAssuranceLevel\": \"12\",\n    \"originalTokenRequestorId\": \"ut cillum laboris \",\n    \"originalTokenReferenceId\": \"sint\",\n    \"deviceImeiId\": \"deserunt\",\n    \"osId\": \"elit exercitation\",\n    \"provisioningAttemptCount\": 76403130.45817214,\n    \"accountBondingAgeDayCount\": 62616089.15782279,\n    \"deviceCountryCd\": \"US\",\n    \"tokenProtectionMethodCd\": \"01\",\n    \"presentationTypeCd\": \"01\",\n    \"deviceSerialNumberId\": \"cupidatat labore dolore adipisicing\",\n    \"locationSourceCd\": \"01\",\n    \"deviceTimeZoneCd\": \"dolor Ut cillum\",\n    \"deviceTimeZoneSettingCd\": \"01\",\n    \"deviceBluetoothMacAddressId\": \"consectetur minim consequat nisi\",\n    \"osTypeCd\": \"01\",\n    \"walletProviderPanAgeDayCount\": 55337509.80406436,\n    \"userAccountAgeDayCount\": 58796256.48729259,\n    \"walletAccountAgeDayCount\": -44621270.882092826,\n    \"lastActivityDayCount\": 30703024.600687727,\n    \"lastTwelveMonthTranCount\": 6614738.598548219,\n    \"lastAccountChangeDayCount\": 77097832.35919109,\n    \"suspendedCardCount\": 41350567.93717921,\n    \"walletAccountCountryCd\": \"US\",\n    \"accountActiveTokenCount\": 0,\n    \"activeTokenDeviceCount\": -80751411.63882749,\n    \"userActiveTokenCount\": 44632654.54268041,\n    \"consumerEntryModeCd\": \"01\",\n    \"panIssueDate\": \"sit \",\n    \"panActivationDate\": \"in adipisicing\",\n    \"boundDeviceIndex\": 72045149.33563733,\n    \"userId\": \"ut ullamc\",\n    \"userApplicationType\": -82502928.19837429,\n    \"tokenCardArtVisaImage\": \"et anim reprehenderit velit\",\n    \"originalTokenType\": \"magna tempor nisi qui id\",\n    \"originalDeviceType\": \"cupidatat aute\",\n    \"originalDeviceId\": \"ut magna voluptate\",\n    \"tokenCardArtMasterCardImage\": \"Duis sed sint dolore voluptate\",\n    \"tokenCardArtFiservImage\": \"aliquip laboris pariatur\",\n    \"messagePushed\": \"Duis exercitation a\"\n  },\n  \"notificationValues\": {\n    \"user\": \"tempor id dolore occaecat Ut\",\n    \"agent\": \"4000\",\n    \"cycle\": \"T\",\n    \"clientNumber\": \"1000\",\n    \"system\": \"2000\",\n    \"prin\": \"3000\",\n    \"debug\": true,\n    \"org\": \"quis \",\n    \"processor\": false,\n    \"contentType\": \"deserunt\",\n    \"retry\": 0,\n    \"timeout\": 45000,\n    \"siteId\": \"4201\",\n    \"internalOrigin\": false,\n    \"panLast4\": \"1646\",\n    \"firstDataWalletName\": \"APPLE PAY\",\n    \"customerCareNumber\": \"800****626\",\n    \"notificationType\": \"cell_phone\",\n    \"notificationValue\": \"+1949****55\",\n    \"selectedPhoneNumber\": \"800****626\",\n    \"tokenOtpValue\": \"376442\",\n    \"tokenOtpExpiration\": \"2024-01-04T15:27:51Z\"\n  },\n  \"payment\": {\n    \"paymentDate\": \"12/11/2021\",\n    \"customRef\": \"ex aliquip sit velit\",\n    \"amount\": 81904514.00894699,\n    \"refundAmount\": 95279335.37179631,\n    \"confirmation\": \"ut nisi dese\",\n    \"convFeeAmount\": -13789281.118137524,\n    \"appId\": \"eiusmod sunt incididunt\",\n    \"channel\": \"consequat pariatur incididunt\",\n    \"medium\": \"in tempor ullamco velit\",\n    \"registrationId\": \"qui laborum ali\",\n    \"firstName\": \"labore in\",\n    \"lastName\": \"consequat cupidatat ullamco nostrud\",\n    \"accountType\": \"ea ipsum\",\n    \"mopBankRouting\": \"dolor ad cillum \",\n    \"mopAccountL4\": \"reprehenderit aliqua\",\n    \"tranResult\": \"nulla deserunt ipsum eiusmod\",\n    \"email\": \"dolore eu aliquip\",\n    \"action\": \"Schedule\"\n  },\n  \"fraudScore\": {\n    \"additionalStrategyData\": [\n      {\n        \"identifier\": \"anim proident do\",\n        \"actionCode\": \"voluptate\",\n        \"queueCode\": \"voluptate dolor\",\n        \"lineNumber\": \"sint labore sit nulla\"\n      },\n      {\n        \"identifier\": \"enim nisi laborum esse fugiat\",\n        \"actionCode\": \"id dolore proident\",\n        \"queueCode\": \"eiusmod eu in anim et\",\n        \"lineNumber\": \"la\"\n      }\n    ],\n    \"clientDefined\": {\n      \"key01\": \"est ad\",\n      \"key02\": \"eu sint consectetur id\",\n      \"key03\": \"aute id\",\n      \"key04\": \"fugiat veniam\",\n      \"key05\": \"qui\",\n      \"key06\": \"nisi\",\n      \"key07\": \"officia deserunt\",\n      \"key08\": \"commodo des\",\n      \"key09\": \"labore eiusmod est exercitation fugiat\",\n      \"key10\": \"consectetur sit\",\n      \"key11\": \"dolore velit quis sint\",\n      \"key12\": \"exercitation sit do labore Excepteur\",\n      \"key13\": \"sunt incididunt consectetur\",\n      \"key14\": \"magna adipisicing nostrud eu ex\",\n      \"key15\": \"nostrud cillum laboris est Duis\",\n      \"key16\": \"non Ut\",\n      \"key17\": \"ut qui elit\",\n      \"key18\": \"veniam\",\n      \"key19\": \"aliquip m\",\n      \"key20\": \"dol\",\n      \"elementData\": [\n        \"fugiat\",\n        \"et occaecat nostrud laboris cupidatat\"\n      ],\n      \"avgMonitorStartDate\": \"2024-01-04T15:27:51Z\",\n      \"avgWeekHistory\": 24465157,\n      \"avgActualMerchantCategoryCount\": -51107907,\n      \"avgActualMerchantCategoryAmount\": -83415510.479057,\n      \"avgActualCardPresentInternationalCount\": 12217643,\n      \"avgActualCardPresentInternationalAmount\": 34089123.88629219,\n      \"avgActualCardNotPresentInternationalCount\": 76279910,\n      \"avgActualCardNotPresentInternationalAmount\": 57123848.401721925,\n      \"avgActualECommerceCount\": 38078044,\n      \"avgActualECommerceAmount\": 18866485.540054694,\n      \"avgActualSelectCount\": -66602529,\n      \"avgActualSelectAmount\": -58601205.18988747,\n      \"avgHistoricalMerchantCount\": 49272310,\n      \"avgHistoricalMerchantAmount\": 53650721.905053765,\n      \"avgHistoricalCardPresentInternationalCount\": 17711108,\n      \"avgHistoricalCardPresentInternationalAmount\": 91501607.86955059,\n      \"avgHistoricalCardNotPresentInternationalCount\": -98848418,\n      \"avgHistoricalCardNotPresentInternationalAmount\": 16274106.44177343,\n      \"avgHistoricalECommerceCount\": -26122643,\n      \"avgHistoricalECommerceAmount\": 68011891.16524974,\n      \"avgHistoricalSelectCount\": 62483136,\n      \"avgHistoricalSelectAmount\": -28515581.96877262,\n      \"avgPercentMerchantData\": [\n        {\n          \"avgPercentMerchantCount\": 54743228,\n          \"avgPercentMerchantAmount\": -74085391.31638077\n        },\n        {\n          \"avgPercentMerchantCount\": 9466010,\n          \"avgPercentMerchantAmount\": 9365293.41977179\n        }\n      ],\n      \"avgPercentCardPresentInternationalCount\": 83261189,\n      \"avgPercentCardPresentInternationalAmount\": 57730121.31704047,\n      \"avgPercentCardNotPresentInternationalCount\": -52906303,\n      \"avgPercentCardNotPresentInternationalAmount\": 7110900.6499444395,\n      \"avgPercentECommerceCount\": -17730314,\n      \"avgPercentECommerceAmount\": 14455985.544959709,\n      \"avgPercentSelectCount\": -11971148,\n      \"avgPercentSelectAmount\": 72469909.87615076,\n      \"codesAssignedToAccount\": \"consequat velit magna dolore\",\n      \"fraudBehavior2Code\": \"dolor\",\n      \"fraudLineText\": \"nulla culpa ea\",\n      \"clientData\": [\n        \"cillum irure occaecat\",\n        \"eiusmod enim quis dolor\"\n      ]\n    },\n    \"creditLine\": {\n      \"amount\": -73917611.86212862,\n      \"ratePercent\": \"ut velit\",\n      \"daysSinceIncreased\": 12250535,\n      \"percentCreditLimitUtilized\": \"dolor cupidatat\"\n    },\n    \"scoreType\": \"consectetur nulla consequat Excepteur veniam\",\n    \"paymentCreditLineRate\": \"enim officia\",\n    \"paymentLastAmount\": \"ea enim elit\",\n    \"clientRegion\": \"aliqua ad dolore cillum\",\n    \"timeOnBooksCount\": 23189564,\n    \"dayOnBooksCount\": -3060890,\n    \"dayCountLastPlastic\": -22990028,\n    \"dayCountPlasticActivation\": 5017727,\n    \"authExpirationDate\": \"consectetur ad\",\n    \"expirationDateOnRecord\": \"eu aliqua sint esse laborum\",\n    \"cardEntryCode\": \"ullamco Ut cillum eu\",\n    \"queueCode\": \"nisi id Lorem velit\",\n    \"nonReceiptQueueCode\": \"labore non quis officia elit\",\n    \"counterfeitAuthQueueCode\": \"aute voluptate\",\n    \"kitingAuthQueueCode\": \"in Excepteur\",\n    \"lostStolenQueueCode\": \"tempor est consequat\",\n    \"expirationDateMatchCode\": \"pariatur amet cillum\",\n    \"portfolioId\": \"culpa\",\n    \"operationCode\": \"aute deserunt esse\",\n    \"returnCode\": \"nulla ipsum sint\",\n    \"authRegionId\": \"enim anim exercitation aliquip veli\",\n    \"previousRegionId\": \"eiusmod in laboris aute\",\n    \"queueFlag\": \"tempor incididunt\",\n    \"counterfeitAuthActionCode\": \"Excepteur incididunt\",\n    \"behaviorScoreNumber\": \"in laborum magna\",\n    \"creditScoreNumber\": \"au\",\n    \"profitabilityIndexNumber\": \"cillum\",\n    \"cashPercentageCreditAmount\": -46881004.60822624,\n    \"delinquentAmount\": 72487109.12365991,\n    \"northSouthCode\": \"cupidatat labore\",\n    \"activeDebitMonthCount\": -97129932,\n    \"percentUtilized\": -92730301.53096049,\n    \"exceptionScoreNumber\": \"cupidatat enim reprehenderit\",\n    \"overLimitAmount\": -97374325.81600265,\n    \"hncFalconModelId\": \"et pariatur\",\n    \"previousMerchant\": {\n      \"categoryCode\": \"proident magna\",\n      \"countryCode\": \"Duis in\",\n      \"identifier\": \"magna aute laboris\",\n      \"name\": \"aliqua ullamco amet pariatur sed\"\n    },\n    \"previousRegionRiskCode\": \"do sit cillum\",\n    \"customerPostalCode\": \"reprehenderit ea quis\",\n    \"authTransactionCpuCode\": \"ullamco amet Dui\",\n    \"previousEntryModeCode\": \"lab\",\n    \"previousAuthAmount\": 32270624.863182902,\n    \"scoreChangeNumber\": \"ullamco\",\n    \"lastAuthTime\": \"elit Lorem culpa quis\",\n    \"twentyFourHourEntryModeCount\": \"moll\",\n    \"twentyFourHourMerchantCategoryCodeCount\": \"cupidatat ad\",\n    \"twentyFourHourMerchantCategoryCodeAmount\": \"adipisicing dolore\",\n    \"accountOpenDate\": \"2024-01-04T15:27:51Z\",\n    \"postalCodeDistantCount\": \"pariatur in\",\n    \"debitSignaturePinIndicator\": \"reprehenderit nulla\",\n    \"queryToolUserCode\": \"labore\",\n    \"issuingNumber\": \"ex reprehenderit commodo cill\",\n    \"actionStrategyPicked\": \"est nisi Lorem fugiat\",\n    \"queueStrategyPicked\": \"sit sint enim consequat\",\n    \"accountType\": \"Ut qui labore adipisicing\",\n    \"wildcardDecisionKeys\": [\n      \"ea\",\n      \"fugiat sit velit pariatur\"\n    ],\n    \"dataLinkElementsBytes\": [\n      \"amet minim magna enim\",\n      \"in do\"\n    ],\n    \"advertisingMessageCode\": \"reprehenderit offi\",\n    \"useFlag\": \"Excepteur mo\",\n    \"absoluteTime\": \"esse velit\",\n    \"piStrategyId\": \"magna fugi\",\n    \"mobileZipDistanceCount\": 1840866,\n    \"mobileMinutesSinceCount\": 49682300,\n    \"terminalId\": \"nulla Lorem esse culpa\",\n    \"addressVerificationCode\": \"id deserunt\",\n    \"cardholderBinNumber\": \"laborum quis tempor\",\n    \"daysSincePaymentCount\": 13110924,\n    \"first3DigitZipDifferenceNumber\": -86705185,\n    \"twentyFourHourVelocityAmount\": -88627964.75909929,\n    \"specialCustomerAccountCondition\": \"culpa sint\",\n    \"dayOfWeekCode\": \"id nisi\",\n    \"validMerchantCategoryCode\": \"officia quis\",\n    \"avgSpeedNumber\": 18412349.109795347,\n    \"avgSpeedCode\": \"magna voluptate\",\n    \"avgSpeedReasonCode\": \"sed dolor Excepteur\",\n    \"actionQueueReason\": [\n      \"incid\",\n      \"non officia\"\n    ],\n    \"daysSinceLastMobileUserAdded\": 17461017,\n    \"visaStipSwitchReasonCode\": \"amet eiusmod ad\",\n    \"limitedUseKeyElapsedLiveTime\": -11901950,\n    \"limitedUseKeyTransactionCount\": 72771850.60830337,\n    \"limitedUseKeyTransactionAmount\": -1223712.0141539723,\n    \"miscellaneousAmount\": -80929397.92271343,\n    \"speedPassTransponderProductCode\": \"quis irure eu\",\n    \"giftCardVelocity144HrCount\": 49158725,\n    \"giftCardVelocity144HrAmount\": -435840.6531473249,\n    \"daysToExpirationCount\": -42681785,\n    \"subAccountReissueId\": \"deserunt\",\n    \"velocityCashLast48Hr\": 16661696.380274728,\n    \"velocityTotalLast48Hr\": 67014976,\n    \"approvedCount24Hr\": 61009380,\n    \"approvedAmount24Hr\": 68824761.29938203,\n    \"rightTimePaymentAmount24Hr\": 14620164.82694599,\n    \"merchantCategoryCodeUseCount\": -88809491,\n    \"merchantCategoryCodeUseAmount\": 96777743.6117267,\n    \"powerCurveFraudReasonCode1\": \"nostrud magna\",\n    \"returnedChecksCycleToDateCount\": 18150145,\n    \"returnedChecksLastCount\": -97880945,\n    \"reasonCode\": \"in dolore\",\n    \"fraudDetection\": {\n      \"externalStatusCode\": \"et dol\",\n      \"externalStatusReasonCode\": \"voluptate in laborum\",\n      \"externalStatusDecisionCode\": \"sed nulla proident esse\"\n    },\n    \"bankNetworkRefNumber\": \"in ipsum consectetur\",\n    \"defenseEdgeOutcomeCode\": \"dolor dolore laboris\",\n    \"fraudQueueOutcomeCode\": \"consequat\",\n    \"deviceAddressRiskCode\": \"dolor ad\",\n    \"buyerId\": \"officia do amet cillum\",\n    \"actionStatementTrackId\": \"anim occaecat ullamco amet\",\n    \"queueStatementTrackId\": \"aliquip magna Lorem sit\",\n    \"scoringLevelCode\": \"in\",\n    \"remoteCommAcceptorIdResultCode\": \"occaecat fugiat dolore Excepteur\",\n    \"customerFlag\": \"consequat ipsum quis enim do\",\n    \"passDistanceFromOrigin\": \"consectetur voluptate irure\",\n    \"massReissueId\": \"in aliquip commodo\",\n    \"ecommSecurityLevelCode\": \"Duis \"\n  },\n  \"delta\": {\n    \"changes\": [\n      {\n        \"field\": \"PHONE\",\n        \"oldValue\": \"000-000-0000\",\n        \"newValue\": \"000-000-0001\"\n      },\n      {\n        \"field\": \"PHONE\",\n        \"oldValue\": \"000-000-0000\",\n        \"newValue\": \"000-000-0001\"\n      }\n    ]\n  },\n  \"batchJob\": {\n    \"cycleDate\": \"est ea sed\",\n    \"jobName\": \"\",\n    \"jobMessageId\": \"anim elit dolore\",\n    \"jobMessageText\": \"non deserunt Excepteur\"\n  },\n  \"messageVersion\": \"offi\",\n  \"destinationIp\": \"dolor enim incidi\",\n  \"action\": \"deserunt dolo\",\n  \"app\": \"quis\",\n  \"signature\": \"sunt qui sed\",\n  \"uaid\": \"in ut\",\n  \"messageType\": \"non in\",\n  \"loadDate\": \"ad laboris \",\n  \"publishDate\": -34376848\n}","cookie":[],"_postman_previewlanguage":"json"}],"event":[],"protocolProfileBehavior":{"disableBodyPruning":true}}],"event":[],"variable":[{"type":"string","value":"https://cat.api.firstdata.com/fs","key":"baseUrl"}],"info":{"_postman_id":"da558e16-1244-45a5-9c74-61a47f284cb1","name":"fs-devportal-services-1","schema":"https://schema.getpostman.com/json/collection/v2.1.0/collection.json","description":{"content":"Welcome to the Financial Services API documentation","type":"text/plain"}}}