{"item":[{"id":"6fba6c8f-95f4-4f42-b84e-efba259c24c9","name":"archive/v3","item":[{"id":"4e4205e6-6303-413f-8ed9-59d01a771d8f","name":"Create Archive Service - sync","request":{"name":"Create Archive Service - sync","description":{"content":"A service that stores audit records from service calls or custom binary data. This service will return a response. ","type":"text/plain"},"url":{"path":["archive","v3","asynccreate"],"host":["{{baseUrl}}"],"query":[],"variable":[]},"header":[{"key":"Accept","value":"application/json, application/xml"}],"method":"POST","auth":null},"response":[{"id":"2bf5a150-bb51-4cb7-955b-91cd13a09c41","name":"successful operation","originalRequest":{"url":{"path":["archive","v3","asynccreate"],"host":["{{baseUrl}}"],"query":[],"variable":[]},"header":[{"key":"Accept","value":"application/json, application/xml"}],"method":"POST","body":{}},"status":"OK","code":200,"header":[{"key":"Content-Type","value":"application/json, application/xml"}],"body":"","cookie":[],"_postman_previewlanguage":"text"}],"event":[],"protocolProfileBehavior":{"disableBodyPruning":true}},{"id":"19fe4027-dec1-4a17-8b8b-fe05cfbe1a43","name":"Create Archive Service","request":{"name":"Create Archive Service","description":{"content":"A service that stores audit records from service calls or custom binary data.","type":"text/plain"},"url":{"path":["archive","v3","create"],"host":["{{baseUrl}}"],"query":[],"variable":[]},"header":[{"key":"Content-Type","value":"application/json"},{"key":"Accept","value":"application/json, application/xml"}],"method":"POST","auth":null,"body":{"mode":"raw","raw":"{\n  \"payload\": [\n    \"<byte>\",\n    \"<byte>\"\n  ],\n  \"timeToLive\": \"<long>\",\n  \"common\": {\n    \"user\": \"<string>\",\n    \"agent\": \"<string>\",\n    \"cycle\": \"<string>\",\n    \"clientNumber\": \"<string>\",\n    \"system\": \"<string>\",\n    \"prin\": \"<string>\",\n    \"debug\": \"<boolean>\",\n    \"org\": \"<string>\",\n    \"processor\": \"<boolean>\",\n    \"contentType\": \"<string>\",\n    \"retry\": \"<long>\",\n    \"timeout\": \"<long>\",\n    \"siteId\": \"<string>\"\n  },\n  \"metaData\": {\n    \"consecteturd\": \"<string>\"\n  },\n  \"uuid\": \"<string>\"\n}","options":{"raw":{"language":"json"}}}},"response":[{"id":"cc141821-5462-431c-bebd-72682fd29d04","name":"successful operation","originalRequest":{"url":{"path":["archive","v3","create"],"host":["{{baseUrl}}"],"query":[],"variable":[]},"header":[{"key":"Accept","value":"application/json, application/xml"}],"method":"POST","body":{"mode":"raw","raw":"{\n  \"payload\": [\n    \"<byte>\",\n    \"<byte>\"\n  ],\n  \"timeToLive\": 1,\n  \"common\": {\n    \"user\": \"<string>\",\n    \"agent\": \"4000\",\n    \"cycle\": \"T\",\n    \"clientNumber\": \"1000\",\n    \"system\": \"2000\",\n    \"prin\": \"3000\",\n    \"debug\": \"<boolean>\",\n    \"org\": \"<string>\",\n    \"processor\": \"<boolean>\",\n    \"contentType\": \"<string>\",\n    \"retry\": 0,\n    \"timeout\": 45000,\n    \"siteId\": \"4201\"\n  },\n  \"metaData\": {},\n  \"uuid\": \"7abefff7-48f4-4506-9e20-9e3516f99f75\"\n}","options":{"raw":{"language":"json"}}}},"status":"OK","code":200,"header":[{"key":"Content-Type","value":"application/json, application/xml"}],"body":"","cookie":[],"_postman_previewlanguage":"text"}],"event":[],"protocolProfileBehavior":{"disableBodyPruning":true}},{"id":"101edc2c-0e57-41e9-a30c-11dd637e3ebf","name":"Find Archive Service","request":{"name":"Find Archive Service","description":{"content":"A service that finds audit storage from input values: universally unique identifier or metadata.","type":"text/plain"},"url":{"path":["archive","v3","find"],"host":["{{baseUrl}}"],"query":[],"variable":[]},"header":[{"key":"Content-Type","value":"application/json"},{"key":"Accept","value":"application/json"}],"method":"POST","auth":null,"body":{"mode":"raw","raw":"{\n  \"common\": {\n    \"user\": \"<string>\",\n    \"agent\": \"<string>\",\n    \"cycle\": \"<string>\",\n    \"clientNumber\": \"<string>\",\n    \"system\": \"<string>\",\n    \"prin\": \"<string>\",\n    \"debug\": \"<boolean>\",\n    \"org\": \"<string>\",\n    \"processor\": \"<boolean>\",\n    \"contentType\": \"<string>\",\n    \"retry\": \"<long>\",\n    \"timeout\": \"<long>\",\n    \"siteId\": \"<string>\"\n  },\n  \"metaData\": {\n    \"magna4\": \"<string>\",\n    \"ex_8\": \"<string>\"\n  },\n  \"uuid\": \"<string>\",\n  \"partialMatch\": \"<boolean>\"\n}","options":{"raw":{"language":"json"}}}},"response":[{"id":"d35b1583-1a6e-4b54-8a53-d93118d331da","name":"successful operation","originalRequest":{"url":{"path":["archive","v3","find"],"host":["{{baseUrl}}"],"query":[],"variable":[]},"header":[{"key":"Accept","value":"application/json"}],"method":"POST","body":{"mode":"raw","raw":"{\n  \"common\": {\n    \"user\": \"<string>\",\n    \"agent\": \"4000\",\n    \"cycle\": \"T\",\n    \"clientNumber\": \"1000\",\n    \"system\": \"2000\",\n    \"prin\": \"3000\",\n    \"debug\": \"<boolean>\",\n    \"org\": \"<string>\",\n    \"processor\": \"<boolean>\",\n    \"contentType\": \"<string>\",\n    \"retry\": 0,\n    \"timeout\": 45000,\n    \"siteId\": \"4201\"\n  },\n  \"metaData\": {},\n  \"uuid\": \"<string>\",\n  \"partialMatch\": \"<boolean>\"\n}","options":{"raw":{"language":"json"}}}},"status":"OK","code":200,"header":[{"key":"Content-Type","value":"application/json"}],"body":"{\n  \"common\": {\n    \"user\": \"<string>\",\n    \"agent\": \"4000\",\n    \"cycle\": \"T\",\n    \"clientNumber\": \"1000\",\n    \"system\": \"2000\",\n    \"prin\": \"3000\",\n    \"debug\": \"<boolean>\",\n    \"org\": \"<string>\",\n    \"processor\": \"<boolean>\",\n    \"contentType\": \"<string>\",\n    \"retry\": 0,\n    \"timeout\": 45000,\n    \"siteId\": \"4201\"\n  },\n  \"uuidMap\": {}\n}","cookie":[],"_postman_previewlanguage":"json"}],"event":[],"protocolProfileBehavior":{"disableBodyPruning":true}},{"id":"88f3011c-5814-4de6-a04e-ea0edb4149f1","name":"Load Archive Service","request":{"name":"Load Archive Service","description":{"content":"A service that loads a blob searched for by a universally unique identifier.","type":"text/plain"},"url":{"path":["archive","v3","load"],"host":["{{baseUrl}}"],"query":[],"variable":[]},"header":[{"key":"Content-Type","value":"application/json"},{"key":"Accept","value":"application/json"}],"method":"POST","auth":null,"body":{"mode":"raw","raw":"{\n  \"uuid\": \"<string>\",\n  \"common\": {\n    \"user\": \"<string>\",\n    \"agent\": \"<string>\",\n    \"cycle\": \"<string>\",\n    \"clientNumber\": \"<string>\",\n    \"system\": \"<string>\",\n    \"prin\": \"<string>\",\n    \"debug\": \"<boolean>\",\n    \"org\": \"<string>\",\n    \"processor\": \"<boolean>\",\n    \"contentType\": \"<string>\",\n    \"retry\": \"<long>\",\n    \"timeout\": \"<long>\",\n    \"siteId\": \"<string>\"\n  }\n}","options":{"raw":{"language":"json"}}}},"response":[{"id":"ee854c54-d3ea-4e4b-a428-d7f19ab9abd5","name":"successful operation","originalRequest":{"url":{"path":["archive","v3","load"],"host":["{{baseUrl}}"],"query":[],"variable":[]},"header":[{"key":"Accept","value":"application/json"}],"method":"POST","body":{"mode":"raw","raw":"{\n  \"uuid\": \"<string>\",\n  \"common\": {\n    \"user\": \"<string>\",\n    \"agent\": \"4000\",\n    \"cycle\": \"T\",\n    \"clientNumber\": \"1000\",\n    \"system\": \"2000\",\n    \"prin\": \"3000\",\n    \"debug\": \"<boolean>\",\n    \"org\": \"<string>\",\n    \"processor\": \"<boolean>\",\n    \"contentType\": \"<string>\",\n    \"retry\": 0,\n    \"timeout\": 45000,\n    \"siteId\": \"4201\"\n  }\n}","options":{"raw":{"language":"json"}}}},"status":"OK","code":200,"header":[{"key":"Content-Type","value":"application/json"}],"body":"{\n  \"common\": {\n    \"user\": \"<string>\",\n    \"agent\": \"4000\",\n    \"cycle\": \"T\",\n    \"clientNumber\": \"1000\",\n    \"system\": \"2000\",\n    \"prin\": \"3000\",\n    \"debug\": \"<boolean>\",\n    \"org\": \"<string>\",\n    \"processor\": \"<boolean>\",\n    \"contentType\": \"<string>\",\n    \"retry\": 0,\n    \"timeout\": 45000,\n    \"siteId\": \"4201\"\n  },\n  \"payload\": [\n    \"ai/91kN8ylvv\",\n    \"+vxS6UM+xViQXYSyAiXp\"\n  ],\n  \"uuid\": \"in ut\"\n}","cookie":[],"_postman_previewlanguage":"json"}],"event":[],"protocolProfileBehavior":{"disableBodyPruning":true}},{"id":"b95e8712-431f-44a6-afba-eb29d120d480","name":"Load List Archive Service","request":{"name":"Load List Archive Service","description":{"content":"A service that loads a blob searched for by a universally unique identifier.","type":"text/plain"},"url":{"path":["archive","v3","loadList"],"host":["{{baseUrl}}"],"query":[],"variable":[]},"header":[{"key":"Content-Type","value":"application/json"},{"key":"Accept","value":"application/json"}],"method":"POST","auth":null,"body":{"mode":"raw","raw":"{\n  \"uuidList\": [\n    \"<string>\",\n    \"<string>\"\n  ],\n  \"common\": {\n    \"user\": \"<string>\",\n    \"agent\": \"<string>\",\n    \"cycle\": \"<string>\",\n    \"clientNumber\": \"<string>\",\n    \"system\": \"<string>\",\n    \"prin\": \"<string>\",\n    \"debug\": \"<boolean>\",\n    \"org\": \"<string>\",\n    \"processor\": \"<boolean>\",\n    \"contentType\": \"<string>\",\n    \"retry\": \"<long>\",\n    \"timeout\": \"<long>\",\n    \"siteId\": \"<string>\"\n  }\n}","options":{"raw":{"language":"json"}}}},"response":[{"id":"4fed7659-dfc5-4ab5-b44e-56e8457ef8c6","name":"successful operation","originalRequest":{"url":{"path":["archive","v3","loadList"],"host":["{{baseUrl}}"],"query":[],"variable":[]},"header":[{"key":"Accept","value":"application/json"}],"method":"POST","body":{"mode":"raw","raw":"{\n  \"uuidList\": [\n    \"<string>\",\n    \"<string>\"\n  ],\n  \"common\": {\n    \"user\": \"<string>\",\n    \"agent\": \"4000\",\n    \"cycle\": \"T\",\n    \"clientNumber\": \"1000\",\n    \"system\": \"2000\",\n    \"prin\": \"3000\",\n    \"debug\": \"<boolean>\",\n    \"org\": \"<string>\",\n    \"processor\": \"<boolean>\",\n    \"contentType\": \"<string>\",\n    \"retry\": 0,\n    \"timeout\": 45000,\n    \"siteId\": \"4201\"\n  }\n}","options":{"raw":{"language":"json"}}}},"status":"OK","code":200,"header":[{"key":"Content-Type","value":"application/json"}],"body":"{\n  \"processorInfo\": {\n    \"system\": \"voluptate\",\n    \"cycle\": \"Lorem Duis\",\n    \"tor\": \"ipsum dolore\",\n    \"mode\": \"officia dolore ea\"\n  },\n  \"archiveLoadResponseList\": [\n    {\n      \"common\": {\n        \"user\": \"<string>\",\n        \"agent\": \"4000\",\n        \"cycle\": \"T\",\n        \"clientNumber\": \"1000\",\n        \"system\": \"2000\",\n        \"prin\": \"3000\",\n        \"debug\": \"<boolean>\",\n        \"org\": \"<string>\",\n        \"processor\": \"<boolean>\",\n        \"contentType\": \"<string>\",\n        \"retry\": 0,\n        \"timeout\": 45000,\n        \"siteId\": \"4201\"\n      },\n      \"payload\": [\n        \"j0oa0uvZ\",\n        \"x6sCx4O8AYr=\"\n      ],\n      \"uuid\": \"Ut\",\n      \"errors\": \"sed consequat\"\n    },\n    {\n      \"common\": {\n        \"user\": \"<string>\",\n        \"agent\": \"4000\",\n        \"cycle\": \"T\",\n        \"clientNumber\": \"1000\",\n        \"system\": \"2000\",\n        \"prin\": \"3000\",\n        \"debug\": \"<boolean>\",\n        \"org\": \"<string>\",\n        \"processor\": \"<boolean>\",\n        \"contentType\": \"<string>\",\n        \"retry\": 0,\n        \"timeout\": 45000,\n        \"siteId\": \"4201\"\n      },\n      \"payload\": [\n        \"dIqHCg==\",\n        \"/b9YqjL77Y3kBGAMhMgvYfdCa2==\"\n      ],\n      \"uuid\": \"qui et\",\n      \"errors\": \"aute sint\"\n    }\n  ]\n}","cookie":[],"_postman_previewlanguage":"json"}],"event":[],"protocolProfileBehavior":{"disableBodyPruning":true}}],"event":[]}],"event":[],"variable":[{"type":"string","value":"https://cat.api.firstdata.com/fs","key":"baseUrl"}],"info":{"_postman_id":"f64c6c7a-78b7-4b6c-8ced-5de1e010bc24","name":"fs-devportal-services-1","schema":"https://schema.getpostman.com/json/collection/v2.1.0/collection.json","description":{"content":"Welcome to the Financial Services API documentation","type":"text/plain"}}}