{"item":[{"id":"ccb2de83-ee13-4051-a72a-8c941742e46d","name":"archive/v3","item":[{"id":"9319fd97-e557-4fd6-89c2-9edfec775088","name":"Create Archive Service - sync","request":{"name":"Create Archive Service - sync","description":{"content":"A service that stores audit records from service calls or custom binary data. This service will return a response. ","type":"text/plain"},"url":{"path":["archive","v3","asynccreate"],"host":["{{baseUrl}}"],"query":[],"variable":[]},"header":[{"key":"Accept","value":"application/json, application/xml"}],"method":"POST","auth":null},"response":[{"id":"9aca1df2-8780-4f9d-8fce-2d980972ccd9","name":"successful operation","originalRequest":{"url":{"path":["archive","v3","asynccreate"],"host":["{{baseUrl}}"],"query":[],"variable":[]},"header":[{"key":"Accept","value":"application/json, application/xml"}],"method":"POST","body":{}},"status":"OK","code":200,"header":[{"key":"Content-Type","value":"application/json, application/xml"}],"body":"","cookie":[],"_postman_previewlanguage":"text"}],"event":[],"protocolProfileBehavior":{"disableBodyPruning":true}},{"id":"774c7b64-3c0c-425e-8a70-ab1f1a6b2eef","name":"Create Archive Service","request":{"name":"Create Archive Service","description":{"content":"A service that stores audit records from service calls or custom binary data.","type":"text/plain"},"url":{"path":["archive","v3","create"],"host":["{{baseUrl}}"],"query":[],"variable":[]},"header":[{"key":"Content-Type","value":"application/json"},{"key":"Accept","value":"application/json, application/xml"}],"method":"POST","auth":null,"body":{"mode":"raw","raw":"{\n  \"payload\": [\n    \"<byte>\",\n    \"<byte>\"\n  ],\n  \"timeToLive\": \"<long>\",\n  \"common\": {\n    \"user\": \"<string>\",\n    \"agent\": \"<string>\",\n    \"cycle\": \"<string>\",\n    \"clientNumber\": \"<string>\",\n    \"system\": \"<string>\",\n    \"prin\": \"<string>\",\n    \"debug\": \"<boolean>\",\n    \"org\": \"<string>\",\n    \"processor\": \"<boolean>\",\n    \"contentType\": \"<string>\",\n    \"retry\": \"<long>\",\n    \"timeout\": \"<long>\",\n    \"siteId\": \"<string>\",\n    \"internalOrigin\": \"<boolean>\",\n    \"uuid\": \"<string>\"\n  },\n  \"metaData\": {\n    \"officia_\": \"<string>\",\n    \"reprehenderit6fe\": \"<string>\"\n  },\n  \"uuid\": \"<string>\"\n}","options":{"raw":{"language":"json"}}}},"response":[{"id":"b262ba16-abea-4a58-a168-5168e993d3e8","name":"successful operation","originalRequest":{"url":{"path":["archive","v3","create"],"host":["{{baseUrl}}"],"query":[],"variable":[]},"header":[{"key":"Accept","value":"application/json, application/xml"}],"method":"POST","body":{"mode":"raw","raw":"{\n  \"payload\": [\n    \"<byte>\",\n    \"<byte>\"\n  ],\n  \"timeToLive\": 1,\n  \"common\": {\n    \"user\": \"<string>\",\n    \"agent\": \"4000\",\n    \"cycle\": \"T\",\n    \"clientNumber\": \"1000\",\n    \"system\": \"2000\",\n    \"prin\": \"3000\",\n    \"debug\": \"<boolean>\",\n    \"org\": \"<string>\",\n    \"processor\": \"<boolean>\",\n    \"contentType\": \"<string>\",\n    \"retry\": 0,\n    \"timeout\": 45000,\n    \"siteId\": \"4201\",\n    \"internalOrigin\": \"<boolean>\",\n    \"uuid\": \"a5eac27d-cd89-4096-a331-306480bfee76\"\n  },\n  \"metaData\": {},\n  \"uuid\": \"4bdd42c9-a2dc-3e4d-b88f-71a73de2c317\"\n}","options":{"raw":{"language":"json"}}}},"status":"OK","code":200,"header":[{"key":"Content-Type","value":"application/json, application/xml"}],"body":"","cookie":[],"_postman_previewlanguage":"text"}],"event":[],"protocolProfileBehavior":{"disableBodyPruning":true}},{"id":"5ab39208-3537-49fd-96a3-be1b426231de","name":"Find Archive Service","request":{"name":"Find Archive Service","description":{"content":"A service that finds audit storage from input values: universally unique identifier or metadata.","type":"text/plain"},"url":{"path":["archive","v3","find"],"host":["{{baseUrl}}"],"query":[],"variable":[]},"header":[{"key":"Content-Type","value":"application/json"},{"key":"Accept","value":"application/json"}],"method":"POST","auth":null,"body":{"mode":"raw","raw":"{\n  \"common\": {\n    \"user\": \"<string>\",\n    \"agent\": \"<string>\",\n    \"cycle\": \"<string>\",\n    \"clientNumber\": \"<string>\",\n    \"system\": \"<string>\",\n    \"prin\": \"<string>\",\n    \"debug\": \"<boolean>\",\n    \"org\": \"<string>\",\n    \"processor\": \"<boolean>\",\n    \"contentType\": \"<string>\",\n    \"retry\": \"<long>\",\n    \"timeout\": \"<long>\",\n    \"siteId\": \"<string>\",\n    \"internalOrigin\": \"<boolean>\",\n    \"uuid\": \"<string>\"\n  },\n  \"metaData\": {\n    \"aute4\": \"<string>\",\n    \"in56\": \"<string>\"\n  },\n  \"uuid\": \"<string>\",\n  \"partialMatch\": \"<boolean>\"\n}","options":{"raw":{"language":"json"}}}},"response":[{"id":"e88024e0-1fa1-49af-af84-931b0026125b","name":"successful operation","originalRequest":{"url":{"path":["archive","v3","find"],"host":["{{baseUrl}}"],"query":[],"variable":[]},"header":[{"key":"Accept","value":"application/json"}],"method":"POST","body":{"mode":"raw","raw":"{\n  \"common\": {\n    \"user\": \"<string>\",\n    \"agent\": \"4000\",\n    \"cycle\": \"T\",\n    \"clientNumber\": \"1000\",\n    \"system\": \"2000\",\n    \"prin\": \"3000\",\n    \"debug\": \"<boolean>\",\n    \"org\": \"<string>\",\n    \"processor\": \"<boolean>\",\n    \"contentType\": \"<string>\",\n    \"retry\": 0,\n    \"timeout\": 45000,\n    \"siteId\": \"4201\",\n    \"internalOrigin\": \"<boolean>\",\n    \"uuid\": \"a5eac27d-cd89-4096-a331-306480bfee76\"\n  },\n  \"metaData\": {},\n  \"uuid\": \"<string>\",\n  \"partialMatch\": \"<boolean>\"\n}","options":{"raw":{"language":"json"}}}},"status":"OK","code":200,"header":[{"key":"Content-Type","value":"application/json"}],"body":"{\n  \"common\": {\n    \"user\": \"<string>\",\n    \"agent\": \"4000\",\n    \"cycle\": \"T\",\n    \"clientNumber\": \"1000\",\n    \"system\": \"2000\",\n    \"prin\": \"3000\",\n    \"debug\": \"<boolean>\",\n    \"org\": \"<string>\",\n    \"processor\": \"<boolean>\",\n    \"contentType\": \"<string>\",\n    \"retry\": 0,\n    \"timeout\": 45000,\n    \"siteId\": \"4201\",\n    \"internalOrigin\": \"<boolean>\",\n    \"uuid\": \"a5eac27d-cd89-4096-a331-306480bfee76\"\n  },\n  \"uuidMap\": {}\n}","cookie":[],"_postman_previewlanguage":"json"}],"event":[],"protocolProfileBehavior":{"disableBodyPruning":true}},{"id":"4e7d6282-8ec7-4e21-b700-66490123b24c","name":"Load Archive Service","request":{"name":"Load Archive Service","description":{"content":"A service that loads a blob searched for by a universally unique identifier.","type":"text/plain"},"url":{"path":["archive","v3","load"],"host":["{{baseUrl}}"],"query":[],"variable":[]},"header":[{"key":"Content-Type","value":"application/json"},{"key":"Accept","value":"application/json"}],"method":"POST","auth":null,"body":{"mode":"raw","raw":"{\n  \"uuid\": \"<string>\",\n  \"common\": {\n    \"user\": \"<string>\",\n    \"agent\": \"<string>\",\n    \"cycle\": \"<string>\",\n    \"clientNumber\": \"<string>\",\n    \"system\": \"<string>\",\n    \"prin\": \"<string>\",\n    \"debug\": \"<boolean>\",\n    \"org\": \"<string>\",\n    \"processor\": \"<boolean>\",\n    \"contentType\": \"<string>\",\n    \"retry\": \"<long>\",\n    \"timeout\": \"<long>\",\n    \"siteId\": \"<string>\",\n    \"internalOrigin\": \"<boolean>\",\n    \"uuid\": \"<string>\"\n  }\n}","options":{"raw":{"language":"json"}}}},"response":[{"id":"51bda851-bc8c-47af-b05b-4dc0e7004006","name":"successful operation","originalRequest":{"url":{"path":["archive","v3","load"],"host":["{{baseUrl}}"],"query":[],"variable":[]},"header":[{"key":"Accept","value":"application/json"}],"method":"POST","body":{"mode":"raw","raw":"{\n  \"uuid\": \"<string>\",\n  \"common\": {\n    \"user\": \"<string>\",\n    \"agent\": \"4000\",\n    \"cycle\": \"T\",\n    \"clientNumber\": \"1000\",\n    \"system\": \"2000\",\n    \"prin\": \"3000\",\n    \"debug\": \"<boolean>\",\n    \"org\": \"<string>\",\n    \"processor\": \"<boolean>\",\n    \"contentType\": \"<string>\",\n    \"retry\": 0,\n    \"timeout\": 45000,\n    \"siteId\": \"4201\",\n    \"internalOrigin\": \"<boolean>\",\n    \"uuid\": \"a5eac27d-cd89-4096-a331-306480bfee76\"\n  }\n}","options":{"raw":{"language":"json"}}}},"status":"OK","code":200,"header":[{"key":"Content-Type","value":"application/json"}],"body":"{\n  \"common\": {\n    \"user\": \"<string>\",\n    \"agent\": \"4000\",\n    \"cycle\": \"T\",\n    \"clientNumber\": \"1000\",\n    \"system\": \"2000\",\n    \"prin\": \"3000\",\n    \"debug\": \"<boolean>\",\n    \"org\": \"<string>\",\n    \"processor\": \"<boolean>\",\n    \"contentType\": \"<string>\",\n    \"retry\": 0,\n    \"timeout\": 45000,\n    \"siteId\": \"4201\",\n    \"internalOrigin\": \"<boolean>\",\n    \"uuid\": \"a5eac27d-cd89-4096-a331-306480bfee76\"\n  },\n  \"payload\": [\n    \"MygAierMG72bs1AE\",\n    \"MjMXAeOyO9071CvG\"\n  ],\n  \"uuid\": \"Lorem cupidatat ut ut\"\n}","cookie":[],"_postman_previewlanguage":"json"}],"event":[],"protocolProfileBehavior":{"disableBodyPruning":true}},{"id":"a8003f36-ba9d-41d8-a4d3-0d0a07d12629","name":"Load List Archive Service","request":{"name":"Load List Archive Service","description":{"content":"A service that loads a blob searched for by a universally unique identifier.","type":"text/plain"},"url":{"path":["archive","v3","loadList"],"host":["{{baseUrl}}"],"query":[],"variable":[]},"header":[{"key":"Content-Type","value":"application/json"},{"key":"Accept","value":"application/json"}],"method":"POST","auth":null,"body":{"mode":"raw","raw":"{\n  \"uuidList\": [\n    \"<string>\",\n    \"<string>\"\n  ],\n  \"common\": {\n    \"user\": \"<string>\",\n    \"agent\": \"<string>\",\n    \"cycle\": \"<string>\",\n    \"clientNumber\": \"<string>\",\n    \"system\": \"<string>\",\n    \"prin\": \"<string>\",\n    \"debug\": \"<boolean>\",\n    \"org\": \"<string>\",\n    \"processor\": \"<boolean>\",\n    \"contentType\": \"<string>\",\n    \"retry\": \"<long>\",\n    \"timeout\": \"<long>\",\n    \"siteId\": \"<string>\",\n    \"internalOrigin\": \"<boolean>\",\n    \"uuid\": \"<string>\"\n  }\n}","options":{"raw":{"language":"json"}}}},"response":[{"id":"469b0ddb-4d9f-4a40-96f1-c540bde8062c","name":"successful operation","originalRequest":{"url":{"path":["archive","v3","loadList"],"host":["{{baseUrl}}"],"query":[],"variable":[]},"header":[{"key":"Accept","value":"application/json"}],"method":"POST","body":{"mode":"raw","raw":"{\n  \"uuidList\": [\n    \"<string>\",\n    \"<string>\"\n  ],\n  \"common\": {\n    \"user\": \"<string>\",\n    \"agent\": \"4000\",\n    \"cycle\": \"T\",\n    \"clientNumber\": \"1000\",\n    \"system\": \"2000\",\n    \"prin\": \"3000\",\n    \"debug\": \"<boolean>\",\n    \"org\": \"<string>\",\n    \"processor\": \"<boolean>\",\n    \"contentType\": \"<string>\",\n    \"retry\": 0,\n    \"timeout\": 45000,\n    \"siteId\": \"4201\",\n    \"internalOrigin\": \"<boolean>\",\n    \"uuid\": \"a5eac27d-cd89-4096-a331-306480bfee76\"\n  }\n}","options":{"raw":{"language":"json"}}}},"status":"OK","code":200,"header":[{"key":"Content-Type","value":"application/json"}],"body":"{\n  \"processorInfo\": {\n    \"system\": \"pariatur reprehenderit nisi proident\",\n    \"cycle\": \"nulla dolore\",\n    \"tor\": \"Ut laboris proident voluptate non\",\n    \"mode\": \"anim fugiat ullamco\"\n  },\n  \"archiveLoadResponseList\": [\n    {\n      \"common\": {\n        \"user\": \"<string>\",\n        \"agent\": \"4000\",\n        \"cycle\": \"T\",\n        \"clientNumber\": \"1000\",\n        \"system\": \"2000\",\n        \"prin\": \"3000\",\n        \"debug\": \"<boolean>\",\n        \"org\": \"<string>\",\n        \"processor\": \"<boolean>\",\n        \"contentType\": \"<string>\",\n        \"retry\": 0,\n        \"timeout\": 45000,\n        \"siteId\": \"4201\",\n        \"internalOrigin\": \"<boolean>\",\n        \"uuid\": \"a5eac27d-cd89-4096-a331-306480bfee76\"\n      },\n      \"payload\": [\n        \"u1u3Ts7CCe7E\",\n        \"EcNGCr0ZH1jffcmzzP==\"\n      ],\n      \"uuid\": \"deserunt cupidatat aliquip\",\n      \"errors\": \"fugiat\"\n    },\n    {\n      \"common\": {\n        \"user\": \"<string>\",\n        \"agent\": \"4000\",\n        \"cycle\": \"T\",\n        \"clientNumber\": \"1000\",\n        \"system\": \"2000\",\n        \"prin\": \"3000\",\n        \"debug\": \"<boolean>\",\n        \"org\": \"<string>\",\n        \"processor\": \"<boolean>\",\n        \"contentType\": \"<string>\",\n        \"retry\": 0,\n        \"timeout\": 45000,\n        \"siteId\": \"4201\",\n        \"internalOrigin\": \"<boolean>\",\n        \"uuid\": \"a5eac27d-cd89-4096-a331-306480bfee76\"\n      },\n      \"payload\": [\n        \"Uyap\",\n        \"KIGGGnr=\"\n      ],\n      \"uuid\": \"elit Ut\",\n      \"errors\": \"nulla enim\"\n    }\n  ]\n}","cookie":[],"_postman_previewlanguage":"json"}],"event":[],"protocolProfileBehavior":{"disableBodyPruning":true}}],"event":[]}],"event":[],"variable":[{"type":"string","value":"https://cat.api.firstdata.com/fs","key":"baseUrl"}],"info":{"_postman_id":"759a6587-1d3c-4565-852d-ae5e5afcaa60","name":"fs-devportal-services-1","schema":"https://schema.getpostman.com/json/collection/v2.1.0/collection.json","description":{"content":"Welcome to the Financial Services API documentation","type":"text/plain"}}}