{"item":[{"id":"684f0410-bbc8-46bf-b48a-f83dc3b0f36c","name":"This api allows to process the iso response message from clients","request":{"name":"This api allows to process the iso response message from clients","description":{},"url":{"path":["fs","auth","v1","iso-async-response"],"host":["{{baseUrl}}"],"query":[],"variable":[]},"header":[{"key":"Content-Type","value":"*/*"},{"key":"Accept","value":"application/json"}],"method":"POST","auth":null,"body":{"mode":"raw","raw":"{\n  \"transactionType\": \"<string>\",\n  \"originalTransactionType\": \"<string>\",\n  \"dataProtectTokenNumber\": \"<string>\",\n  \"messageTypeIndicator\": \"<string>\",\n  \"primaryAccountNumber\": \"<string>\",\n  \"processingCode\": \"<string>\",\n  \"transactionAmount\": \"<string>\",\n  \"settlementAmount\": \"<string>\",\n  \"cardholderBillingAmount\": \"<string>\",\n  \"transmissionDateAndTime\": \"<string>\",\n  \"cardholderBillingFeeAmount\": \"<string>\",\n  \"settlementConversionRate\": \"<string>\",\n  \"cardholderBillingConversionRate\": \"<string>\",\n  \"systemTraceAuditNumber\": \"<string>\",\n  \"localTransactionTime\": \"<string>\",\n  \"localTransactionDate\": \"<string>\",\n  \"expirationDate\": \"<string>\",\n  \"settlementDate\": \"<string>\",\n  \"conversionDate\": \"<string>\",\n  \"captureDate\": \"<string>\",\n  \"merchantType\": \"<string>\",\n  \"acquiringInstitutionCountryCode\": \"<string>\",\n  \"panExtendedCountryCode\": \"<string>\",\n  \"forwardingInstitutionCountryCode\": \"<string>\",\n  \"posEntryMode\": \"<string>\",\n  \"cardSequenceNumber\": \"<string>\",\n  \"networkInternationalIdentifier\": \"<string>\",\n  \"posConditionCode\": \"<string>\",\n  \"posPinCaptureCode\": \"<string>\",\n  \"transactionFeeAmount\": \"<string>\",\n  \"settlementFeeAmount\": \"<string>\",\n  \"processingFeeAmount\": \"<string>\",\n  \"settlementProcessingFeeAmount\": \"<string>\",\n  \"acquiringInstitutionIdentificationCode\": \"<string>\",\n  \"forwardingInstitutionIdentificationCode\": \"<string>\",\n  \"extendedPan\": \"<string>\",\n  \"track2Data\": \"<string>\",\n  \"track3Data\": \"<string>\",\n  \"retrievalReferenceNumber\": \"<string>\",\n  \"authorizationIdentificationResponse\": \"<string>\",\n  \"responseCode\": \"<string>\",\n  \"serviceRestrictionCode\": \"<string>\",\n  \"cardAcceptorTerminalIdentification\": \"<string>\",\n  \"cardAcceptorIdentificationCode\": \"<string>\",\n  \"cardAcceptorLocation\": \"<string>\",\n  \"additionalResponseData\": \"<string>\",\n  \"track1Data\": \"<string>\",\n  \"additionalData\": \"<string>\",\n  \"nationalAdditionalData\": \"<string>\",\n  \"merchantName\": \"<string>\",\n  \"transactionCurrencyCode\": \"<string>\",\n  \"settlementCurrencyCode\": \"<string>\",\n  \"cardholderBillingCurrencyCode\": \"<string>\",\n  \"personalIdentificationNumber\": \"<string>\",\n  \"additionalAmounts\": {\n    \"additionalAmount1\": {\n      \"accountType\": \"<string>\",\n      \"amountType\": \"<string>\",\n      \"currencyCode\": \"<string>\",\n      \"amount\": \"<string>\"\n    },\n    \"additionalAmount2\": {\n      \"accountType\": \"<string>\",\n      \"amountType\": \"<string>\",\n      \"currencyCode\": \"<string>\",\n      \"amount\": \"<string>\"\n    },\n    \"additionalAmount3\": {\n      \"accountType\": \"<string>\",\n      \"amountType\": \"<string>\",\n      \"currencyCode\": \"<string>\",\n      \"amount\": \"<string>\"\n    },\n    \"additionalAmount4\": {\n      \"accountType\": \"<string>\",\n      \"amountType\": \"<string>\",\n      \"currencyCode\": \"<string>\",\n      \"amount\": \"<string>\"\n    },\n    \"additionalAmount5\": {\n      \"accountType\": \"<string>\",\n      \"amountType\": \"<string>\",\n      \"currencyCode\": \"<string>\",\n      \"amount\": \"<string>\"\n    },\n    \"additionalAmount6\": {\n      \"accountType\": \"<string>\",\n      \"amountType\": \"<string>\",\n      \"currencyCode\": \"<string>\",\n      \"amount\": \"<string>\"\n    }\n  },\n  \"additionalFees\": {\n    \"additionalFees1\": {\n      \"feeType\": \"<string>\",\n      \"settleMemoIndicator\": \"<string>\",\n      \"decimalizationIndicator\": \"<string>\",\n      \"feeAmount\": \"<string>\",\n      \"settleFeeAmount\": \"<string>\"\n    },\n    \"additionalFees2\": {\n      \"feeType\": \"<string>\",\n      \"settleMemoIndicator\": \"<string>\",\n      \"decimalizationIndicator\": \"<string>\",\n      \"feeAmount\": \"<string>\",\n      \"settleFeeAmount\": \"<string>\"\n    },\n    \"additionalFees3\": {\n      \"feeType\": \"<string>\",\n      \"settleMemoIndicator\": \"<string>\",\n      \"decimalizationIndicator\": \"<string>\",\n      \"feeAmount\": \"<string>\",\n      \"settleFeeAmount\": \"<string>\"\n    },\n    \"additionalFees4\": {\n      \"feeType\": \"<string>\",\n      \"settleMemoIndicator\": \"<string>\",\n      \"decimalizationIndicator\": \"<string>\",\n      \"feeAmount\": \"<string>\",\n      \"settleFeeAmount\": \"<string>\"\n    }\n  },\n  \"replacementAdditionalFees\": {\n    \"replacementAdditionalFees1\": {\n      \"feeType\": \"<string>\",\n      \"settleMemoIndicator\": \"<string>\",\n      \"decimalizationIndicator\": \"<string>\",\n      \"feeAmount\": \"<string>\",\n      \"settleFeeAmount\": \"<string>\"\n    },\n    \"replacementAdditionalFees2\": {\n      \"feeType\": \"<string>\",\n      \"settleMemoIndicator\": \"<string>\",\n      \"decimalizationIndicator\": \"<string>\",\n      \"feeAmount\": \"<string>\",\n      \"settleFeeAmount\": \"<string>\"\n    },\n    \"replacementAdditionalFees3\": {\n      \"feeType\": \"<string>\",\n      \"settleMemoIndicator\": \"<string>\",\n      \"decimalizationIndicator\": \"<string>\",\n      \"feeAmount\": \"<string>\",\n      \"settleFeeAmount\": \"<string>\"\n    },\n    \"replacementAdditionalFees4\": {\n      \"feeType\": \"<string>\",\n      \"settleMemoIndicator\": \"<string>\",\n      \"decimalizationIndicator\": \"<string>\",\n      \"feeAmount\": \"<string>\",\n      \"settleFeeAmount\": \"<string>\"\n    }\n  },\n  \"authorizationLifeCycle\": \"<string>\",\n  \"nationalPosConditionCode\": \"<string>\",\n  \"nationalPosGeographicData\": \"<string>\",\n  \"reasonCode\": \"<string>\",\n  \"fdData\": \"<string>\",\n  \"reservedPrivate\": \"<string>\",\n  \"subField63\": {\n    \"interceptTerminal\": \"<string>\",\n    \"cardProcessorNetworkId\": \"<string>\",\n    \"terminalProcessorNetworkId\": \"<string>\",\n    \"processorId\": \"<string>\",\n    \"authorizationTimeout\": \"<string>\",\n    \"hostOarData\": \"<string>\",\n    \"processingFlags\": \"<string>\"\n  },\n  \"extendedPaymentCode\": \"<string>\",\n  \"receivingInstitutionCountryCode\": \"<string>\",\n  \"settlementInstitutionCountryCode\": \"<string>\",\n  \"networkManagementInformationCode\": \"<string>\",\n  \"messageNumber\": \"<string>\",\n  \"messageNumberLast\": \"<string>\",\n  \"dateAction\": \"<string>\",\n  \"originalDataElements\": \"<string>\",\n  \"fileUpdateCode\": \"<string>\",\n  \"replacementAmounts\": \"<string>\",\n  \"messageSecurityCode\": \"<string>\",\n  \"payee\": \"<string>\",\n  \"receivingInstitutionId\": \"<string>\",\n  \"fileName\": \"<string>\",\n  \"accountIdentification1\": \"<string>\",\n  \"accountIdentification2\": \"<string>\",\n  \"transactionDescription\": \"<string>\",\n  \"largePrivateData\": \"<string>\",\n  \"integratedCircuitCardData\": \"<string>\",\n  \"reservedIsoUse1\": \"<string>\",\n  \"additionalDataStarNetwork\": \"<string>\",\n  \"privateAcquirerAdditionalData\": \"<string>\",\n  \"authorizationAgentInstitutionIdCode\": \"<string>\",\n  \"authorizingAgentCountryCode\": \"<string>\",\n  \"accountQualifiers1And2\": \"<string>\",\n  \"privateIssuerAdditionalData\": \"<string>\",\n  \"sponsorBankId\": \"<string>\",\n  \"cvv2\": \"<string>\",\n  \"textInformation\": \"<string>\",\n  \"networkManagementInformation\": \"<string>\",\n  \"issuerTraceData\": \"<string>\",\n  \"privateAcquirerTraceData\": \"<string>\",\n  \"common\": {\n    \"user\": \"<string>\",\n    \"agent\": \"<string>\",\n    \"cycle\": \"<string>\",\n    \"clientNumber\": \"<string>\",\n    \"system\": \"<string>\",\n    \"prin\": \"<string>\",\n    \"debug\": \"<boolean>\",\n    \"org\": \"<string>\",\n    \"processor\": \"<boolean>\",\n    \"contentType\": \"<string>\",\n    \"retry\": \"<long>\",\n    \"timeout\": \"<long>\",\n    \"siteId\": \"<string>\",\n    \"internalOrigin\": \"<boolean>\",\n    \"uuid\": \"<string>\"\n  },\n  \"appProcessStartedTime\": \"<long>\"\n}"}},"response":[{"id":"a2928104-7862-457f-9fd1-3f438d017a84","name":"successful operation","originalRequest":{"url":{"path":["fs","auth","v1","iso-async-response"],"host":["{{baseUrl}}"],"query":[],"variable":[]},"header":[{"key":"Accept","value":"application/json"}],"method":"POST","body":{"mode":"raw","raw":"{\n  \"transactionType\": \"\\\"Sale Advice\\\"\",\n  \"originalTransactionType\": \"\\\"Sale\\\"\",\n  \"dataProtectTokenNumber\": \"C1A12ABCGZ123400\",\n  \"messageTypeIndicator\": \"\\\"0100\\\"\",\n  \"primaryAccountNumber\": \"\\\"xxxxxxx007383520\\\"\",\n  \"processingCode\": \"\\\"402009\\\"\",\n  \"transactionAmount\": \"\\\"000000005927\\\"\",\n  \"settlementAmount\": \"\\\"000000005927\\\"\",\n  \"cardholderBillingAmount\": \"\\\"000000005927\\\"\",\n  \"transmissionDateAndTime\": \"\\\"1025102211\\\"\",\n  \"cardholderBillingFeeAmount\": \"\\\"00000234\\\"\",\n  \"settlementConversionRate\": \"\\\"00000150\\\"\",\n  \"cardholderBillingConversionRate\": \"\\\"69972522\\\"\",\n  \"systemTraceAuditNumber\": \"\\\"127791\\\"\",\n  \"localTransactionTime\": \"\\\"113725\\\"\",\n  \"localTransactionDate\": \"\\\"0923\\\"\",\n  \"expirationDate\": \"\\\"0605\\\"\",\n  \"settlementDate\": \"\\\"0521\\\"\",\n  \"conversionDate\": \"\\\"0712\\\"\",\n  \"captureDate\": \"\\\"0712\\\"\",\n  \"merchantType\": \"\\\"5818\\\"\",\n  \"acquiringInstitutionCountryCode\": \"\\\"840\\\"\",\n  \"panExtendedCountryCode\": \"\\\"840\\\"\",\n  \"forwardingInstitutionCountryCode\": \"\\\"840\\\"\",\n  \"posEntryMode\": \"\\\"020\\\"\",\n  \"cardSequenceNumber\": \"\\\"003\\\"\",\n  \"networkInternationalIdentifier\": \"\\\"A10\\\"\",\n  \"posConditionCode\": \"\\\"03\\\"\",\n  \"posPinCaptureCode\": \"\\\"12\\\"\",\n  \"transactionFeeAmount\": \"\\\"C00000235\\\"\",\n  \"settlementFeeAmount\": \"\\\"C00000265\\\"\",\n  \"processingFeeAmount\": \"\\\"C00001275\\\"\",\n  \"settlementProcessingFeeAmount\": \"\\\"C00000185\\\"\",\n  \"acquiringInstitutionIdentificationCode\": \"\\\"1999188017\\\"\",\n  \"forwardingInstitutionIdentificationCode\": \"\\\"1999188017\\\"\",\n  \"extendedPan\": \"\\\"1234567890987654321012345678\\\"\",\n  \"track2Data\": \"\\\"321234560023123456990520220000493\\\"\",\n  \"track3Data\": \"\\\"NONE\\\"\",\n  \"retrievalReferenceNumber\": \"\\\"1203E-011237\\\"\",\n  \"authorizationIdentificationResponse\": \"\\\"000123\\\"\",\n  \"responseCode\": \"\\\"00\\\"\",\n  \"serviceRestrictionCode\": \"\\\"XXX\\\"\",\n  \"cardAcceptorTerminalIdentification\": \"\\\"AMD3\\\"\",\n  \"cardAcceptorIdentificationCode\": \"\\\"521164\\\"\",\n  \"cardAcceptorLocation\": \"\\\"4XX7 PRXXXIE LANE\\\"\",\n  \"additionalResponseData\": \"\\\"4022229999EEAYA\\\"\",\n  \"track1Data\": \"\\\"B511XXXXXX2265034^840RAXXXLL/PAXXXXXXXXA^9902201100000001000000000000\\\"\",\n  \"additionalData\": \"\\\"C000000.00000\\\"\",\n  \"nationalAdditionalData\": \"\\\"NONE\\\"\",\n  \"merchantName\": \"\\\"OXXE MERCANT\\\"\",\n  \"transactionCurrencyCode\": \"\\\"840\\\"\",\n  \"settlementCurrencyCode\": \"\\\"840\\\"\",\n  \"cardholderBillingCurrencyCode\": \"\\\"840\\\"\",\n  \"personalIdentificationNumber\": \"\\\"123456789ABCDEF0\\\"\",\n  \"additionalAmounts\": {\n    \"additionalAmount1\": {\n      \"accountType\": \"\\\"20\\\"\",\n      \"amountType\": \"\\\"92\\\"\",\n      \"currencyCode\": \"\\\"840\\\"\",\n      \"amount\": \"\\\"C000000012750\\\"\"\n    },\n    \"additionalAmount2\": {\n      \"accountType\": \"\\\"20\\\"\",\n      \"amountType\": \"\\\"92\\\"\",\n      \"currencyCode\": \"\\\"840\\\"\",\n      \"amount\": \"\\\"C000000012750\\\"\"\n    },\n    \"additionalAmount3\": {\n      \"accountType\": \"\\\"20\\\"\",\n      \"amountType\": \"\\\"92\\\"\",\n      \"currencyCode\": \"\\\"840\\\"\",\n      \"amount\": \"\\\"C000000012750\\\"\"\n    },\n    \"additionalAmount4\": {\n      \"accountType\": \"\\\"20\\\"\",\n      \"amountType\": \"\\\"92\\\"\",\n      \"currencyCode\": \"\\\"840\\\"\",\n      \"amount\": \"\\\"C000000012750\\\"\"\n    },\n    \"additionalAmount5\": {\n      \"accountType\": \"\\\"20\\\"\",\n      \"amountType\": \"\\\"92\\\"\",\n      \"currencyCode\": \"\\\"840\\\"\",\n      \"amount\": \"\\\"C000000012750\\\"\"\n    },\n    \"additionalAmount6\": {\n      \"accountType\": \"\\\"20\\\"\",\n      \"amountType\": \"\\\"92\\\"\",\n      \"currencyCode\": \"\\\"840\\\"\",\n      \"amount\": \"\\\"C000000012750\\\"\"\n    }\n  },\n  \"additionalFees\": {\n    \"additionalFees1\": {\n      \"feeType\": \"\\\"15\\\"\",\n      \"settleMemoIndicator\": \"\\\"1\\\"\",\n      \"decimalizationIndicator\": \"\\\"0\\\"\",\n      \"feeAmount\": \"\\\"C00000235\\\"\",\n      \"settleFeeAmount\": \"\\\"C00000235\\\"\"\n    },\n    \"additionalFees2\": {\n      \"feeType\": \"\\\"15\\\"\",\n      \"settleMemoIndicator\": \"\\\"1\\\"\",\n      \"decimalizationIndicator\": \"\\\"0\\\"\",\n      \"feeAmount\": \"\\\"C00000235\\\"\",\n      \"settleFeeAmount\": \"\\\"C00000235\\\"\"\n    },\n    \"additionalFees3\": {\n      \"feeType\": \"\\\"15\\\"\",\n      \"settleMemoIndicator\": \"\\\"1\\\"\",\n      \"decimalizationIndicator\": \"\\\"0\\\"\",\n      \"feeAmount\": \"\\\"C00000235\\\"\",\n      \"settleFeeAmount\": \"\\\"C00000235\\\"\"\n    },\n    \"additionalFees4\": {\n      \"feeType\": \"\\\"15\\\"\",\n      \"settleMemoIndicator\": \"\\\"1\\\"\",\n      \"decimalizationIndicator\": \"\\\"0\\\"\",\n      \"feeAmount\": \"\\\"C00000235\\\"\",\n      \"settleFeeAmount\": \"\\\"C00000235\\\"\"\n    }\n  },\n  \"replacementAdditionalFees\": {\n    \"replacementAdditionalFees1\": {\n      \"feeType\": \"\\\"15\\\"\",\n      \"settleMemoIndicator\": \"\\\"1\\\"\",\n      \"decimalizationIndicator\": \"\\\"0\\\"\",\n      \"feeAmount\": \"\\\"C00000235\\\"\",\n      \"settleFeeAmount\": \"\\\"C00000235\\\"\"\n    },\n    \"replacementAdditionalFees2\": {\n      \"feeType\": \"\\\"15\\\"\",\n      \"settleMemoIndicator\": \"\\\"1\\\"\",\n      \"decimalizationIndicator\": \"\\\"0\\\"\",\n      \"feeAmount\": \"\\\"C00000235\\\"\",\n      \"settleFeeAmount\": \"\\\"C00000235\\\"\"\n    },\n    \"replacementAdditionalFees3\": {\n      \"feeType\": \"\\\"15\\\"\",\n      \"settleMemoIndicator\": \"\\\"1\\\"\",\n      \"decimalizationIndicator\": \"\\\"0\\\"\",\n      \"feeAmount\": \"\\\"C00000235\\\"\",\n      \"settleFeeAmount\": \"\\\"C00000235\\\"\"\n    },\n    \"replacementAdditionalFees4\": {\n      \"feeType\": \"\\\"15\\\"\",\n      \"settleMemoIndicator\": \"\\\"1\\\"\",\n      \"decimalizationIndicator\": \"\\\"0\\\"\",\n      \"feeAmount\": \"\\\"C00000235\\\"\",\n      \"settleFeeAmount\": \"\\\"C00000235\\\"\"\n    }\n  },\n  \"authorizationLifeCycle\": \"\\\"320\\\"\",\n  \"nationalPosConditionCode\": \"\\\"40000000000001\\\"\",\n  \"nationalPosGeographicData\": \"\\\"12123 840\\\"\",\n  \"reasonCode\": \"\\\"C01424\\\"\",\n  \"fdData\": \"\\\"77691482180520174751 001414101124750991\\\"\",\n  \"reservedPrivate\": \"\\\"NONE\\\"\",\n  \"subField63\": {\n    \"interceptTerminal\": \"\\\"INW501\\\"\",\n    \"cardProcessorNetworkId\": \"\\\"NYC\\\"\",\n    \"terminalProcessorNetworkId\": \"\\\"MCI\\\"\",\n    \"processorId\": \"\\\"INT325\\\"\",\n    \"authorizationTimeout\": \"\\\"08\\\"\",\n    \"hostOarData\": \"\\\"NONE\\\"\",\n    \"processingFlags\": \"\\\"NONE\\\"\"\n  },\n  \"extendedPaymentCode\": \"\\\"09\\\"\",\n  \"receivingInstitutionCountryCode\": \"\\\"840\\\"\",\n  \"settlementInstitutionCountryCode\": \"\\\"840\\\"\",\n  \"networkManagementInformationCode\": \"\\\"001\\\"\",\n  \"messageNumber\": \"\\\"0101\\\"\",\n  \"messageNumberLast\": \"\\\"0101\\\"\",\n  \"dateAction\": \"\\\"102510\\\"\",\n  \"originalDataElements\": \"\\\"020000000011207212311423201112310000000000\\\"\",\n  \"fileUpdateCode\": \"\\\"1\\\"\",\n  \"replacementAmounts\": \"\\\"000000015347000000000000000000000000000000\\\"\",\n  \"messageSecurityCode\": \"\\\"xxxxxxxx\\\"\",\n  \"payee\": \"\\\"NONE\\\"\",\n  \"receivingInstitutionId\": \"\\\"12345678901\\\"\",\n  \"fileName\": \"\\\"Status Change\\\"\",\n  \"accountIdentification1\": \"\\\"163375123412340000\\\"\",\n  \"accountIdentification2\": \"\\\"163375123412340000\\\"\",\n  \"transactionDescription\": \"\\\"NONE\\\"\",\n  \"largePrivateData\": \"\\\"2090840C0000001800002091840C000000155000\\\"\",\n  \"integratedCircuitCardData\": \"\\\"XF1F0F182023900950580800400009A031504019C01015F2A0202149F020600\\n00000500009F03060000000000009F10120110A00001240000000000000000\\n000000FF9F1A0202149F2608EEE850F288B3C62E9F2701809F34034203009F3\\n60200049F370446073956\\\"\",\n  \"reservedIsoUse1\": \"\\\"NONE\\\"\",\n  \"additionalDataStarNetwork\": \"\\\"AX047C1000000123456789120002 ACQUIRERREFERENCENUMBERSF013C100000099911\\\"\",\n  \"privateAcquirerAdditionalData\": \"\\\"TDMD00940000000Y\\\"\",\n  \"authorizationAgentInstitutionIdCode\": \"\\\"11041401401\\\"\",\n  \"authorizingAgentCountryCode\": \"\\\"840\\\"\",\n  \"accountQualifiers1And2\": \"\\\"101203\\\"\",\n  \"privateIssuerAdditionalData\": \"\\\"1011234567890123456789LAST10 AEN\\\"\",\n  \"sponsorBankId\": \"\\\"10010010011\\\"\",\n  \"cvv2\": \"\\\"TDAV2954751000091410 CV0710199 M\\\"\",\n  \"textInformation\": \"\\\"0016C\\\"\",\n  \"networkManagementInformation\": \"\\\"NONE\\\"\",\n  \"issuerTraceData\": \"\\\"0aaaaaaaaaaaaaaaaaaaaaaaaaaaaaaaaa\\\"\",\n  \"privateAcquirerTraceData\": \"\\\"41277910123456789051203E-011237 002051\\\"\",\n  \"common\": {\n    \"user\": \"<string>\",\n    \"agent\": \"4000\",\n    \"cycle\": \"T\",\n    \"clientNumber\": \"1000\",\n    \"system\": \"2000\",\n    \"prin\": \"3000\",\n    \"debug\": \"<boolean>\",\n    \"org\": \"<string>\",\n    \"processor\": \"<boolean>\",\n    \"contentType\": \"<string>\",\n    \"retry\": 0,\n    \"timeout\": 45000,\n    \"siteId\": \"4201\",\n    \"internalOrigin\": \"<boolean>\",\n    \"uuid\": \"a5eac27d-cd89-4096-a331-306480bfee76\"\n  },\n  \"appProcessStartedTime\": \"<long>\"\n}"}},"status":"OK","code":200,"header":[{"key":"Content-Type","value":"application/json"}],"body":"{\n  \"common\": {\n    \"user\": \"<string>\",\n    \"agent\": \"4000\",\n    \"cycle\": \"T\",\n    \"clientNumber\": \"1000\",\n    \"system\": \"2000\",\n    \"prin\": \"3000\",\n    \"debug\": \"<boolean>\",\n    \"org\": \"<string>\",\n    \"processor\": \"<boolean>\",\n    \"contentType\": \"<string>\",\n    \"retry\": 0,\n    \"timeout\": 45000,\n    \"siteId\": \"4201\",\n    \"internalOrigin\": \"<boolean>\",\n    \"uuid\": \"a5eac27d-cd89-4096-a331-306480bfee76\"\n  },\n  \"responseCode\": \"200\",\n  \"errorCode\": \"FS001\",\n  \"message\": \"Success\",\n  \"cause\": \"Error reason if any error occurred.\"\n}","cookie":[],"_postman_previewlanguage":"json"},{"id":"750febb5-6b5b-46f3-9181-c4855bb08446","name":"Unauthorized: Authorization failed due to missing or invalid credentials","originalRequest":{"url":{"path":["fs","auth","v1","iso-async-response"],"host":["{{baseUrl}}"],"query":[],"variable":[]},"method":"POST","body":{"mode":"raw","raw":"{\n  \"transactionType\": \"\\\"Sale Advice\\\"\",\n  \"originalTransactionType\": \"\\\"Sale\\\"\",\n  \"dataProtectTokenNumber\": \"C1A12ABCGZ123400\",\n  \"messageTypeIndicator\": \"\\\"0100\\\"\",\n  \"primaryAccountNumber\": \"\\\"xxxxxxx007383520\\\"\",\n  \"processingCode\": \"\\\"402009\\\"\",\n  \"transactionAmount\": \"\\\"000000005927\\\"\",\n  \"settlementAmount\": \"\\\"000000005927\\\"\",\n  \"cardholderBillingAmount\": \"\\\"000000005927\\\"\",\n  \"transmissionDateAndTime\": \"\\\"1025102211\\\"\",\n  \"cardholderBillingFeeAmount\": \"\\\"00000234\\\"\",\n  \"settlementConversionRate\": \"\\\"00000150\\\"\",\n  \"cardholderBillingConversionRate\": \"\\\"69972522\\\"\",\n  \"systemTraceAuditNumber\": \"\\\"127791\\\"\",\n  \"localTransactionTime\": \"\\\"113725\\\"\",\n  \"localTransactionDate\": \"\\\"0923\\\"\",\n  \"expirationDate\": \"\\\"0605\\\"\",\n  \"settlementDate\": \"\\\"0521\\\"\",\n  \"conversionDate\": \"\\\"0712\\\"\",\n  \"captureDate\": \"\\\"0712\\\"\",\n  \"merchantType\": \"\\\"5818\\\"\",\n  \"acquiringInstitutionCountryCode\": \"\\\"840\\\"\",\n  \"panExtendedCountryCode\": \"\\\"840\\\"\",\n  \"forwardingInstitutionCountryCode\": \"\\\"840\\\"\",\n  \"posEntryMode\": \"\\\"020\\\"\",\n  \"cardSequenceNumber\": \"\\\"003\\\"\",\n  \"networkInternationalIdentifier\": \"\\\"A10\\\"\",\n  \"posConditionCode\": \"\\\"03\\\"\",\n  \"posPinCaptureCode\": \"\\\"12\\\"\",\n  \"transactionFeeAmount\": \"\\\"C00000235\\\"\",\n  \"settlementFeeAmount\": \"\\\"C00000265\\\"\",\n  \"processingFeeAmount\": \"\\\"C00001275\\\"\",\n  \"settlementProcessingFeeAmount\": \"\\\"C00000185\\\"\",\n  \"acquiringInstitutionIdentificationCode\": \"\\\"1999188017\\\"\",\n  \"forwardingInstitutionIdentificationCode\": \"\\\"1999188017\\\"\",\n  \"extendedPan\": \"\\\"1234567890987654321012345678\\\"\",\n  \"track2Data\": \"\\\"321234560023123456990520220000493\\\"\",\n  \"track3Data\": \"\\\"NONE\\\"\",\n  \"retrievalReferenceNumber\": \"\\\"1203E-011237\\\"\",\n  \"authorizationIdentificationResponse\": \"\\\"000123\\\"\",\n  \"responseCode\": \"\\\"00\\\"\",\n  \"serviceRestrictionCode\": \"\\\"XXX\\\"\",\n  \"cardAcceptorTerminalIdentification\": \"\\\"AMD3\\\"\",\n  \"cardAcceptorIdentificationCode\": \"\\\"521164\\\"\",\n  \"cardAcceptorLocation\": \"\\\"4XX7 PRXXXIE LANE\\\"\",\n  \"additionalResponseData\": \"\\\"4022229999EEAYA\\\"\",\n  \"track1Data\": \"\\\"B511XXXXXX2265034^840RAXXXLL/PAXXXXXXXXA^9902201100000001000000000000\\\"\",\n  \"additionalData\": \"\\\"C000000.00000\\\"\",\n  \"nationalAdditionalData\": \"\\\"NONE\\\"\",\n  \"merchantName\": \"\\\"OXXE MERCANT\\\"\",\n  \"transactionCurrencyCode\": \"\\\"840\\\"\",\n  \"settlementCurrencyCode\": \"\\\"840\\\"\",\n  \"cardholderBillingCurrencyCode\": \"\\\"840\\\"\",\n  \"personalIdentificationNumber\": \"\\\"123456789ABCDEF0\\\"\",\n  \"additionalAmounts\": {\n    \"additionalAmount1\": {\n      \"accountType\": \"\\\"20\\\"\",\n      \"amountType\": \"\\\"92\\\"\",\n      \"currencyCode\": \"\\\"840\\\"\",\n      \"amount\": \"\\\"C000000012750\\\"\"\n    },\n    \"additionalAmount2\": {\n      \"accountType\": \"\\\"20\\\"\",\n      \"amountType\": \"\\\"92\\\"\",\n      \"currencyCode\": \"\\\"840\\\"\",\n      \"amount\": \"\\\"C000000012750\\\"\"\n    },\n    \"additionalAmount3\": {\n      \"accountType\": \"\\\"20\\\"\",\n      \"amountType\": \"\\\"92\\\"\",\n      \"currencyCode\": \"\\\"840\\\"\",\n      \"amount\": \"\\\"C000000012750\\\"\"\n    },\n    \"additionalAmount4\": {\n      \"accountType\": \"\\\"20\\\"\",\n      \"amountType\": \"\\\"92\\\"\",\n      \"currencyCode\": \"\\\"840\\\"\",\n      \"amount\": \"\\\"C000000012750\\\"\"\n    },\n    \"additionalAmount5\": {\n      \"accountType\": \"\\\"20\\\"\",\n      \"amountType\": \"\\\"92\\\"\",\n      \"currencyCode\": \"\\\"840\\\"\",\n      \"amount\": \"\\\"C000000012750\\\"\"\n    },\n    \"additionalAmount6\": {\n      \"accountType\": \"\\\"20\\\"\",\n      \"amountType\": \"\\\"92\\\"\",\n      \"currencyCode\": \"\\\"840\\\"\",\n      \"amount\": \"\\\"C000000012750\\\"\"\n    }\n  },\n  \"additionalFees\": {\n    \"additionalFees1\": {\n      \"feeType\": \"\\\"15\\\"\",\n      \"settleMemoIndicator\": \"\\\"1\\\"\",\n      \"decimalizationIndicator\": \"\\\"0\\\"\",\n      \"feeAmount\": \"\\\"C00000235\\\"\",\n      \"settleFeeAmount\": \"\\\"C00000235\\\"\"\n    },\n    \"additionalFees2\": {\n      \"feeType\": \"\\\"15\\\"\",\n      \"settleMemoIndicator\": \"\\\"1\\\"\",\n      \"decimalizationIndicator\": \"\\\"0\\\"\",\n      \"feeAmount\": \"\\\"C00000235\\\"\",\n      \"settleFeeAmount\": \"\\\"C00000235\\\"\"\n    },\n    \"additionalFees3\": {\n      \"feeType\": \"\\\"15\\\"\",\n      \"settleMemoIndicator\": \"\\\"1\\\"\",\n      \"decimalizationIndicator\": \"\\\"0\\\"\",\n      \"feeAmount\": \"\\\"C00000235\\\"\",\n      \"settleFeeAmount\": \"\\\"C00000235\\\"\"\n    },\n    \"additionalFees4\": {\n      \"feeType\": \"\\\"15\\\"\",\n      \"settleMemoIndicator\": \"\\\"1\\\"\",\n      \"decimalizationIndicator\": \"\\\"0\\\"\",\n      \"feeAmount\": \"\\\"C00000235\\\"\",\n      \"settleFeeAmount\": \"\\\"C00000235\\\"\"\n    }\n  },\n  \"replacementAdditionalFees\": {\n    \"replacementAdditionalFees1\": {\n      \"feeType\": \"\\\"15\\\"\",\n      \"settleMemoIndicator\": \"\\\"1\\\"\",\n      \"decimalizationIndicator\": \"\\\"0\\\"\",\n      \"feeAmount\": \"\\\"C00000235\\\"\",\n      \"settleFeeAmount\": \"\\\"C00000235\\\"\"\n    },\n    \"replacementAdditionalFees2\": {\n      \"feeType\": \"\\\"15\\\"\",\n      \"settleMemoIndicator\": \"\\\"1\\\"\",\n      \"decimalizationIndicator\": \"\\\"0\\\"\",\n      \"feeAmount\": \"\\\"C00000235\\\"\",\n      \"settleFeeAmount\": \"\\\"C00000235\\\"\"\n    },\n    \"replacementAdditionalFees3\": {\n      \"feeType\": \"\\\"15\\\"\",\n      \"settleMemoIndicator\": \"\\\"1\\\"\",\n      \"decimalizationIndicator\": \"\\\"0\\\"\",\n      \"feeAmount\": \"\\\"C00000235\\\"\",\n      \"settleFeeAmount\": \"\\\"C00000235\\\"\"\n    },\n    \"replacementAdditionalFees4\": {\n      \"feeType\": \"\\\"15\\\"\",\n      \"settleMemoIndicator\": \"\\\"1\\\"\",\n      \"decimalizationIndicator\": \"\\\"0\\\"\",\n      \"feeAmount\": \"\\\"C00000235\\\"\",\n      \"settleFeeAmount\": \"\\\"C00000235\\\"\"\n    }\n  },\n  \"authorizationLifeCycle\": \"\\\"320\\\"\",\n  \"nationalPosConditionCode\": \"\\\"40000000000001\\\"\",\n  \"nationalPosGeographicData\": \"\\\"12123 840\\\"\",\n  \"reasonCode\": \"\\\"C01424\\\"\",\n  \"fdData\": \"\\\"77691482180520174751 001414101124750991\\\"\",\n  \"reservedPrivate\": \"\\\"NONE\\\"\",\n  \"subField63\": {\n    \"interceptTerminal\": \"\\\"INW501\\\"\",\n    \"cardProcessorNetworkId\": \"\\\"NYC\\\"\",\n    \"terminalProcessorNetworkId\": \"\\\"MCI\\\"\",\n    \"processorId\": \"\\\"INT325\\\"\",\n    \"authorizationTimeout\": \"\\\"08\\\"\",\n    \"hostOarData\": \"\\\"NONE\\\"\",\n    \"processingFlags\": \"\\\"NONE\\\"\"\n  },\n  \"extendedPaymentCode\": \"\\\"09\\\"\",\n  \"receivingInstitutionCountryCode\": \"\\\"840\\\"\",\n  \"settlementInstitutionCountryCode\": \"\\\"840\\\"\",\n  \"networkManagementInformationCode\": \"\\\"001\\\"\",\n  \"messageNumber\": \"\\\"0101\\\"\",\n  \"messageNumberLast\": \"\\\"0101\\\"\",\n  \"dateAction\": \"\\\"102510\\\"\",\n  \"originalDataElements\": \"\\\"020000000011207212311423201112310000000000\\\"\",\n  \"fileUpdateCode\": \"\\\"1\\\"\",\n  \"replacementAmounts\": \"\\\"000000015347000000000000000000000000000000\\\"\",\n  \"messageSecurityCode\": \"\\\"xxxxxxxx\\\"\",\n  \"payee\": \"\\\"NONE\\\"\",\n  \"receivingInstitutionId\": \"\\\"12345678901\\\"\",\n  \"fileName\": \"\\\"Status Change\\\"\",\n  \"accountIdentification1\": \"\\\"163375123412340000\\\"\",\n  \"accountIdentification2\": \"\\\"163375123412340000\\\"\",\n  \"transactionDescription\": \"\\\"NONE\\\"\",\n  \"largePrivateData\": \"\\\"2090840C0000001800002091840C000000155000\\\"\",\n  \"integratedCircuitCardData\": \"\\\"XF1F0F182023900950580800400009A031504019C01015F2A0202149F020600\\n00000500009F03060000000000009F10120110A00001240000000000000000\\n000000FF9F1A0202149F2608EEE850F288B3C62E9F2701809F34034203009F3\\n60200049F370446073956\\\"\",\n  \"reservedIsoUse1\": \"\\\"NONE\\\"\",\n  \"additionalDataStarNetwork\": \"\\\"AX047C1000000123456789120002 ACQUIRERREFERENCENUMBERSF013C100000099911\\\"\",\n  \"privateAcquirerAdditionalData\": \"\\\"TDMD00940000000Y\\\"\",\n  \"authorizationAgentInstitutionIdCode\": \"\\\"11041401401\\\"\",\n  \"authorizingAgentCountryCode\": \"\\\"840\\\"\",\n  \"accountQualifiers1And2\": \"\\\"101203\\\"\",\n  \"privateIssuerAdditionalData\": \"\\\"1011234567890123456789LAST10 AEN\\\"\",\n  \"sponsorBankId\": \"\\\"10010010011\\\"\",\n  \"cvv2\": \"\\\"TDAV2954751000091410 CV0710199 M\\\"\",\n  \"textInformation\": \"\\\"0016C\\\"\",\n  \"networkManagementInformation\": \"\\\"NONE\\\"\",\n  \"issuerTraceData\": \"\\\"0aaaaaaaaaaaaaaaaaaaaaaaaaaaaaaaaa\\\"\",\n  \"privateAcquirerTraceData\": \"\\\"41277910123456789051203E-011237 002051\\\"\",\n  \"common\": {\n    \"user\": \"<string>\",\n    \"agent\": \"4000\",\n    \"cycle\": \"T\",\n    \"clientNumber\": \"1000\",\n    \"system\": \"2000\",\n    \"prin\": \"3000\",\n    \"debug\": \"<boolean>\",\n    \"org\": \"<string>\",\n    \"processor\": \"<boolean>\",\n    \"contentType\": \"<string>\",\n    \"retry\": 0,\n    \"timeout\": 45000,\n    \"siteId\": \"4201\",\n    \"internalOrigin\": \"<boolean>\",\n    \"uuid\": \"a5eac27d-cd89-4096-a331-306480bfee76\"\n  },\n  \"appProcessStartedTime\": \"<long>\"\n}"}},"status":"Unauthorized","code":401,"header":[{"key":"Content-Type","value":"text/plain"}],"body":"","cookie":[],"_postman_previewlanguage":"text"},{"id":"589777c4-7f63-4eb9-bc3b-511e7b438b77","name":"Forbidden: Insufficient access for requested operation","originalRequest":{"url":{"path":["fs","auth","v1","iso-async-response"],"host":["{{baseUrl}}"],"query":[],"variable":[]},"method":"POST","body":{"mode":"raw","raw":"{\n  \"transactionType\": \"\\\"Sale Advice\\\"\",\n  \"originalTransactionType\": \"\\\"Sale\\\"\",\n  \"dataProtectTokenNumber\": \"C1A12ABCGZ123400\",\n  \"messageTypeIndicator\": \"\\\"0100\\\"\",\n  \"primaryAccountNumber\": \"\\\"xxxxxxx007383520\\\"\",\n  \"processingCode\": \"\\\"402009\\\"\",\n  \"transactionAmount\": \"\\\"000000005927\\\"\",\n  \"settlementAmount\": \"\\\"000000005927\\\"\",\n  \"cardholderBillingAmount\": \"\\\"000000005927\\\"\",\n  \"transmissionDateAndTime\": \"\\\"1025102211\\\"\",\n  \"cardholderBillingFeeAmount\": \"\\\"00000234\\\"\",\n  \"settlementConversionRate\": \"\\\"00000150\\\"\",\n  \"cardholderBillingConversionRate\": \"\\\"69972522\\\"\",\n  \"systemTraceAuditNumber\": \"\\\"127791\\\"\",\n  \"localTransactionTime\": \"\\\"113725\\\"\",\n  \"localTransactionDate\": \"\\\"0923\\\"\",\n  \"expirationDate\": \"\\\"0605\\\"\",\n  \"settlementDate\": \"\\\"0521\\\"\",\n  \"conversionDate\": \"\\\"0712\\\"\",\n  \"captureDate\": \"\\\"0712\\\"\",\n  \"merchantType\": \"\\\"5818\\\"\",\n  \"acquiringInstitutionCountryCode\": \"\\\"840\\\"\",\n  \"panExtendedCountryCode\": \"\\\"840\\\"\",\n  \"forwardingInstitutionCountryCode\": \"\\\"840\\\"\",\n  \"posEntryMode\": \"\\\"020\\\"\",\n  \"cardSequenceNumber\": \"\\\"003\\\"\",\n  \"networkInternationalIdentifier\": \"\\\"A10\\\"\",\n  \"posConditionCode\": \"\\\"03\\\"\",\n  \"posPinCaptureCode\": \"\\\"12\\\"\",\n  \"transactionFeeAmount\": \"\\\"C00000235\\\"\",\n  \"settlementFeeAmount\": \"\\\"C00000265\\\"\",\n  \"processingFeeAmount\": \"\\\"C00001275\\\"\",\n  \"settlementProcessingFeeAmount\": \"\\\"C00000185\\\"\",\n  \"acquiringInstitutionIdentificationCode\": \"\\\"1999188017\\\"\",\n  \"forwardingInstitutionIdentificationCode\": \"\\\"1999188017\\\"\",\n  \"extendedPan\": \"\\\"1234567890987654321012345678\\\"\",\n  \"track2Data\": \"\\\"321234560023123456990520220000493\\\"\",\n  \"track3Data\": \"\\\"NONE\\\"\",\n  \"retrievalReferenceNumber\": \"\\\"1203E-011237\\\"\",\n  \"authorizationIdentificationResponse\": \"\\\"000123\\\"\",\n  \"responseCode\": \"\\\"00\\\"\",\n  \"serviceRestrictionCode\": \"\\\"XXX\\\"\",\n  \"cardAcceptorTerminalIdentification\": \"\\\"AMD3\\\"\",\n  \"cardAcceptorIdentificationCode\": \"\\\"521164\\\"\",\n  \"cardAcceptorLocation\": \"\\\"4XX7 PRXXXIE LANE\\\"\",\n  \"additionalResponseData\": \"\\\"4022229999EEAYA\\\"\",\n  \"track1Data\": \"\\\"B511XXXXXX2265034^840RAXXXLL/PAXXXXXXXXA^9902201100000001000000000000\\\"\",\n  \"additionalData\": \"\\\"C000000.00000\\\"\",\n  \"nationalAdditionalData\": \"\\\"NONE\\\"\",\n  \"merchantName\": \"\\\"OXXE MERCANT\\\"\",\n  \"transactionCurrencyCode\": \"\\\"840\\\"\",\n  \"settlementCurrencyCode\": \"\\\"840\\\"\",\n  \"cardholderBillingCurrencyCode\": \"\\\"840\\\"\",\n  \"personalIdentificationNumber\": \"\\\"123456789ABCDEF0\\\"\",\n  \"additionalAmounts\": {\n    \"additionalAmount1\": {\n      \"accountType\": \"\\\"20\\\"\",\n      \"amountType\": \"\\\"92\\\"\",\n      \"currencyCode\": \"\\\"840\\\"\",\n      \"amount\": \"\\\"C000000012750\\\"\"\n    },\n    \"additionalAmount2\": {\n      \"accountType\": \"\\\"20\\\"\",\n      \"amountType\": \"\\\"92\\\"\",\n      \"currencyCode\": \"\\\"840\\\"\",\n      \"amount\": \"\\\"C000000012750\\\"\"\n    },\n    \"additionalAmount3\": {\n      \"accountType\": \"\\\"20\\\"\",\n      \"amountType\": \"\\\"92\\\"\",\n      \"currencyCode\": \"\\\"840\\\"\",\n      \"amount\": \"\\\"C000000012750\\\"\"\n    },\n    \"additionalAmount4\": {\n      \"accountType\": \"\\\"20\\\"\",\n      \"amountType\": \"\\\"92\\\"\",\n      \"currencyCode\": \"\\\"840\\\"\",\n      \"amount\": \"\\\"C000000012750\\\"\"\n    },\n    \"additionalAmount5\": {\n      \"accountType\": \"\\\"20\\\"\",\n      \"amountType\": \"\\\"92\\\"\",\n      \"currencyCode\": \"\\\"840\\\"\",\n      \"amount\": \"\\\"C000000012750\\\"\"\n    },\n    \"additionalAmount6\": {\n      \"accountType\": \"\\\"20\\\"\",\n      \"amountType\": \"\\\"92\\\"\",\n      \"currencyCode\": \"\\\"840\\\"\",\n      \"amount\": \"\\\"C000000012750\\\"\"\n    }\n  },\n  \"additionalFees\": {\n    \"additionalFees1\": {\n      \"feeType\": \"\\\"15\\\"\",\n      \"settleMemoIndicator\": \"\\\"1\\\"\",\n      \"decimalizationIndicator\": \"\\\"0\\\"\",\n      \"feeAmount\": \"\\\"C00000235\\\"\",\n      \"settleFeeAmount\": \"\\\"C00000235\\\"\"\n    },\n    \"additionalFees2\": {\n      \"feeType\": \"\\\"15\\\"\",\n      \"settleMemoIndicator\": \"\\\"1\\\"\",\n      \"decimalizationIndicator\": \"\\\"0\\\"\",\n      \"feeAmount\": \"\\\"C00000235\\\"\",\n      \"settleFeeAmount\": \"\\\"C00000235\\\"\"\n    },\n    \"additionalFees3\": {\n      \"feeType\": \"\\\"15\\\"\",\n      \"settleMemoIndicator\": \"\\\"1\\\"\",\n      \"decimalizationIndicator\": \"\\\"0\\\"\",\n      \"feeAmount\": \"\\\"C00000235\\\"\",\n      \"settleFeeAmount\": \"\\\"C00000235\\\"\"\n    },\n    \"additionalFees4\": {\n      \"feeType\": \"\\\"15\\\"\",\n      \"settleMemoIndicator\": \"\\\"1\\\"\",\n      \"decimalizationIndicator\": \"\\\"0\\\"\",\n      \"feeAmount\": \"\\\"C00000235\\\"\",\n      \"settleFeeAmount\": \"\\\"C00000235\\\"\"\n    }\n  },\n  \"replacementAdditionalFees\": {\n    \"replacementAdditionalFees1\": {\n      \"feeType\": \"\\\"15\\\"\",\n      \"settleMemoIndicator\": \"\\\"1\\\"\",\n      \"decimalizationIndicator\": \"\\\"0\\\"\",\n      \"feeAmount\": \"\\\"C00000235\\\"\",\n      \"settleFeeAmount\": \"\\\"C00000235\\\"\"\n    },\n    \"replacementAdditionalFees2\": {\n      \"feeType\": \"\\\"15\\\"\",\n      \"settleMemoIndicator\": \"\\\"1\\\"\",\n      \"decimalizationIndicator\": \"\\\"0\\\"\",\n      \"feeAmount\": \"\\\"C00000235\\\"\",\n      \"settleFeeAmount\": \"\\\"C00000235\\\"\"\n    },\n    \"replacementAdditionalFees3\": {\n      \"feeType\": \"\\\"15\\\"\",\n      \"settleMemoIndicator\": \"\\\"1\\\"\",\n      \"decimalizationIndicator\": \"\\\"0\\\"\",\n      \"feeAmount\": \"\\\"C00000235\\\"\",\n      \"settleFeeAmount\": \"\\\"C00000235\\\"\"\n    },\n    \"replacementAdditionalFees4\": {\n      \"feeType\": \"\\\"15\\\"\",\n      \"settleMemoIndicator\": \"\\\"1\\\"\",\n      \"decimalizationIndicator\": \"\\\"0\\\"\",\n      \"feeAmount\": \"\\\"C00000235\\\"\",\n      \"settleFeeAmount\": \"\\\"C00000235\\\"\"\n    }\n  },\n  \"authorizationLifeCycle\": \"\\\"320\\\"\",\n  \"nationalPosConditionCode\": \"\\\"40000000000001\\\"\",\n  \"nationalPosGeographicData\": \"\\\"12123 840\\\"\",\n  \"reasonCode\": \"\\\"C01424\\\"\",\n  \"fdData\": \"\\\"77691482180520174751 001414101124750991\\\"\",\n  \"reservedPrivate\": \"\\\"NONE\\\"\",\n  \"subField63\": {\n    \"interceptTerminal\": \"\\\"INW501\\\"\",\n    \"cardProcessorNetworkId\": \"\\\"NYC\\\"\",\n    \"terminalProcessorNetworkId\": \"\\\"MCI\\\"\",\n    \"processorId\": \"\\\"INT325\\\"\",\n    \"authorizationTimeout\": \"\\\"08\\\"\",\n    \"hostOarData\": \"\\\"NONE\\\"\",\n    \"processingFlags\": \"\\\"NONE\\\"\"\n  },\n  \"extendedPaymentCode\": \"\\\"09\\\"\",\n  \"receivingInstitutionCountryCode\": \"\\\"840\\\"\",\n  \"settlementInstitutionCountryCode\": \"\\\"840\\\"\",\n  \"networkManagementInformationCode\": \"\\\"001\\\"\",\n  \"messageNumber\": \"\\\"0101\\\"\",\n  \"messageNumberLast\": \"\\\"0101\\\"\",\n  \"dateAction\": \"\\\"102510\\\"\",\n  \"originalDataElements\": \"\\\"020000000011207212311423201112310000000000\\\"\",\n  \"fileUpdateCode\": \"\\\"1\\\"\",\n  \"replacementAmounts\": \"\\\"000000015347000000000000000000000000000000\\\"\",\n  \"messageSecurityCode\": \"\\\"xxxxxxxx\\\"\",\n  \"payee\": \"\\\"NONE\\\"\",\n  \"receivingInstitutionId\": \"\\\"12345678901\\\"\",\n  \"fileName\": \"\\\"Status Change\\\"\",\n  \"accountIdentification1\": \"\\\"163375123412340000\\\"\",\n  \"accountIdentification2\": \"\\\"163375123412340000\\\"\",\n  \"transactionDescription\": \"\\\"NONE\\\"\",\n  \"largePrivateData\": \"\\\"2090840C0000001800002091840C000000155000\\\"\",\n  \"integratedCircuitCardData\": \"\\\"XF1F0F182023900950580800400009A031504019C01015F2A0202149F020600\\n00000500009F03060000000000009F10120110A00001240000000000000000\\n000000FF9F1A0202149F2608EEE850F288B3C62E9F2701809F34034203009F3\\n60200049F370446073956\\\"\",\n  \"reservedIsoUse1\": \"\\\"NONE\\\"\",\n  \"additionalDataStarNetwork\": \"\\\"AX047C1000000123456789120002 ACQUIRERREFERENCENUMBERSF013C100000099911\\\"\",\n  \"privateAcquirerAdditionalData\": \"\\\"TDMD00940000000Y\\\"\",\n  \"authorizationAgentInstitutionIdCode\": \"\\\"11041401401\\\"\",\n  \"authorizingAgentCountryCode\": \"\\\"840\\\"\",\n  \"accountQualifiers1And2\": \"\\\"101203\\\"\",\n  \"privateIssuerAdditionalData\": \"\\\"1011234567890123456789LAST10 AEN\\\"\",\n  \"sponsorBankId\": \"\\\"10010010011\\\"\",\n  \"cvv2\": \"\\\"TDAV2954751000091410 CV0710199 M\\\"\",\n  \"textInformation\": \"\\\"0016C\\\"\",\n  \"networkManagementInformation\": \"\\\"NONE\\\"\",\n  \"issuerTraceData\": \"\\\"0aaaaaaaaaaaaaaaaaaaaaaaaaaaaaaaaa\\\"\",\n  \"privateAcquirerTraceData\": \"\\\"41277910123456789051203E-011237 002051\\\"\",\n  \"common\": {\n    \"user\": \"<string>\",\n    \"agent\": \"4000\",\n    \"cycle\": \"T\",\n    \"clientNumber\": \"1000\",\n    \"system\": \"2000\",\n    \"prin\": \"3000\",\n    \"debug\": \"<boolean>\",\n    \"org\": \"<string>\",\n    \"processor\": \"<boolean>\",\n    \"contentType\": \"<string>\",\n    \"retry\": 0,\n    \"timeout\": 45000,\n    \"siteId\": \"4201\",\n    \"internalOrigin\": \"<boolean>\",\n    \"uuid\": \"a5eac27d-cd89-4096-a331-306480bfee76\"\n  },\n  \"appProcessStartedTime\": \"<long>\"\n}"}},"status":"Forbidden","code":403,"header":[{"key":"Content-Type","value":"text/plain"}],"body":"","cookie":[],"_postman_previewlanguage":"text"},{"id":"94e12a71-ffc6-4beb-8297-a14d497c4a94","name":"System Exception: Internal processes not related to client interaction with application are the cause of the failure","originalRequest":{"url":{"path":["fs","auth","v1","iso-async-response"],"host":["{{baseUrl}}"],"query":[],"variable":[]},"method":"POST","body":{"mode":"raw","raw":"{\n  \"transactionType\": \"\\\"Sale Advice\\\"\",\n  \"originalTransactionType\": \"\\\"Sale\\\"\",\n  \"dataProtectTokenNumber\": \"C1A12ABCGZ123400\",\n  \"messageTypeIndicator\": \"\\\"0100\\\"\",\n  \"primaryAccountNumber\": \"\\\"xxxxxxx007383520\\\"\",\n  \"processingCode\": \"\\\"402009\\\"\",\n  \"transactionAmount\": \"\\\"000000005927\\\"\",\n  \"settlementAmount\": \"\\\"000000005927\\\"\",\n  \"cardholderBillingAmount\": \"\\\"000000005927\\\"\",\n  \"transmissionDateAndTime\": \"\\\"1025102211\\\"\",\n  \"cardholderBillingFeeAmount\": \"\\\"00000234\\\"\",\n  \"settlementConversionRate\": \"\\\"00000150\\\"\",\n  \"cardholderBillingConversionRate\": \"\\\"69972522\\\"\",\n  \"systemTraceAuditNumber\": \"\\\"127791\\\"\",\n  \"localTransactionTime\": \"\\\"113725\\\"\",\n  \"localTransactionDate\": \"\\\"0923\\\"\",\n  \"expirationDate\": \"\\\"0605\\\"\",\n  \"settlementDate\": \"\\\"0521\\\"\",\n  \"conversionDate\": \"\\\"0712\\\"\",\n  \"captureDate\": \"\\\"0712\\\"\",\n  \"merchantType\": \"\\\"5818\\\"\",\n  \"acquiringInstitutionCountryCode\": \"\\\"840\\\"\",\n  \"panExtendedCountryCode\": \"\\\"840\\\"\",\n  \"forwardingInstitutionCountryCode\": \"\\\"840\\\"\",\n  \"posEntryMode\": \"\\\"020\\\"\",\n  \"cardSequenceNumber\": \"\\\"003\\\"\",\n  \"networkInternationalIdentifier\": \"\\\"A10\\\"\",\n  \"posConditionCode\": \"\\\"03\\\"\",\n  \"posPinCaptureCode\": \"\\\"12\\\"\",\n  \"transactionFeeAmount\": \"\\\"C00000235\\\"\",\n  \"settlementFeeAmount\": \"\\\"C00000265\\\"\",\n  \"processingFeeAmount\": \"\\\"C00001275\\\"\",\n  \"settlementProcessingFeeAmount\": \"\\\"C00000185\\\"\",\n  \"acquiringInstitutionIdentificationCode\": \"\\\"1999188017\\\"\",\n  \"forwardingInstitutionIdentificationCode\": \"\\\"1999188017\\\"\",\n  \"extendedPan\": \"\\\"1234567890987654321012345678\\\"\",\n  \"track2Data\": \"\\\"321234560023123456990520220000493\\\"\",\n  \"track3Data\": \"\\\"NONE\\\"\",\n  \"retrievalReferenceNumber\": \"\\\"1203E-011237\\\"\",\n  \"authorizationIdentificationResponse\": \"\\\"000123\\\"\",\n  \"responseCode\": \"\\\"00\\\"\",\n  \"serviceRestrictionCode\": \"\\\"XXX\\\"\",\n  \"cardAcceptorTerminalIdentification\": \"\\\"AMD3\\\"\",\n  \"cardAcceptorIdentificationCode\": \"\\\"521164\\\"\",\n  \"cardAcceptorLocation\": \"\\\"4XX7 PRXXXIE LANE\\\"\",\n  \"additionalResponseData\": \"\\\"4022229999EEAYA\\\"\",\n  \"track1Data\": \"\\\"B511XXXXXX2265034^840RAXXXLL/PAXXXXXXXXA^9902201100000001000000000000\\\"\",\n  \"additionalData\": \"\\\"C000000.00000\\\"\",\n  \"nationalAdditionalData\": \"\\\"NONE\\\"\",\n  \"merchantName\": \"\\\"OXXE MERCANT\\\"\",\n  \"transactionCurrencyCode\": \"\\\"840\\\"\",\n  \"settlementCurrencyCode\": \"\\\"840\\\"\",\n  \"cardholderBillingCurrencyCode\": \"\\\"840\\\"\",\n  \"personalIdentificationNumber\": \"\\\"123456789ABCDEF0\\\"\",\n  \"additionalAmounts\": {\n    \"additionalAmount1\": {\n      \"accountType\": \"\\\"20\\\"\",\n      \"amountType\": \"\\\"92\\\"\",\n      \"currencyCode\": \"\\\"840\\\"\",\n      \"amount\": \"\\\"C000000012750\\\"\"\n    },\n    \"additionalAmount2\": {\n      \"accountType\": \"\\\"20\\\"\",\n      \"amountType\": \"\\\"92\\\"\",\n      \"currencyCode\": \"\\\"840\\\"\",\n      \"amount\": \"\\\"C000000012750\\\"\"\n    },\n    \"additionalAmount3\": {\n      \"accountType\": \"\\\"20\\\"\",\n      \"amountType\": \"\\\"92\\\"\",\n      \"currencyCode\": \"\\\"840\\\"\",\n      \"amount\": \"\\\"C000000012750\\\"\"\n    },\n    \"additionalAmount4\": {\n      \"accountType\": \"\\\"20\\\"\",\n      \"amountType\": \"\\\"92\\\"\",\n      \"currencyCode\": \"\\\"840\\\"\",\n      \"amount\": \"\\\"C000000012750\\\"\"\n    },\n    \"additionalAmount5\": {\n      \"accountType\": \"\\\"20\\\"\",\n      \"amountType\": \"\\\"92\\\"\",\n      \"currencyCode\": \"\\\"840\\\"\",\n      \"amount\": \"\\\"C000000012750\\\"\"\n    },\n    \"additionalAmount6\": {\n      \"accountType\": \"\\\"20\\\"\",\n      \"amountType\": \"\\\"92\\\"\",\n      \"currencyCode\": \"\\\"840\\\"\",\n      \"amount\": \"\\\"C000000012750\\\"\"\n    }\n  },\n  \"additionalFees\": {\n    \"additionalFees1\": {\n      \"feeType\": \"\\\"15\\\"\",\n      \"settleMemoIndicator\": \"\\\"1\\\"\",\n      \"decimalizationIndicator\": \"\\\"0\\\"\",\n      \"feeAmount\": \"\\\"C00000235\\\"\",\n      \"settleFeeAmount\": \"\\\"C00000235\\\"\"\n    },\n    \"additionalFees2\": {\n      \"feeType\": \"\\\"15\\\"\",\n      \"settleMemoIndicator\": \"\\\"1\\\"\",\n      \"decimalizationIndicator\": \"\\\"0\\\"\",\n      \"feeAmount\": \"\\\"C00000235\\\"\",\n      \"settleFeeAmount\": \"\\\"C00000235\\\"\"\n    },\n    \"additionalFees3\": {\n      \"feeType\": \"\\\"15\\\"\",\n      \"settleMemoIndicator\": \"\\\"1\\\"\",\n      \"decimalizationIndicator\": \"\\\"0\\\"\",\n      \"feeAmount\": \"\\\"C00000235\\\"\",\n      \"settleFeeAmount\": \"\\\"C00000235\\\"\"\n    },\n    \"additionalFees4\": {\n      \"feeType\": \"\\\"15\\\"\",\n      \"settleMemoIndicator\": \"\\\"1\\\"\",\n      \"decimalizationIndicator\": \"\\\"0\\\"\",\n      \"feeAmount\": \"\\\"C00000235\\\"\",\n      \"settleFeeAmount\": \"\\\"C00000235\\\"\"\n    }\n  },\n  \"replacementAdditionalFees\": {\n    \"replacementAdditionalFees1\": {\n      \"feeType\": \"\\\"15\\\"\",\n      \"settleMemoIndicator\": \"\\\"1\\\"\",\n      \"decimalizationIndicator\": \"\\\"0\\\"\",\n      \"feeAmount\": \"\\\"C00000235\\\"\",\n      \"settleFeeAmount\": \"\\\"C00000235\\\"\"\n    },\n    \"replacementAdditionalFees2\": {\n      \"feeType\": \"\\\"15\\\"\",\n      \"settleMemoIndicator\": \"\\\"1\\\"\",\n      \"decimalizationIndicator\": \"\\\"0\\\"\",\n      \"feeAmount\": \"\\\"C00000235\\\"\",\n      \"settleFeeAmount\": \"\\\"C00000235\\\"\"\n    },\n    \"replacementAdditionalFees3\": {\n      \"feeType\": \"\\\"15\\\"\",\n      \"settleMemoIndicator\": \"\\\"1\\\"\",\n      \"decimalizationIndicator\": \"\\\"0\\\"\",\n      \"feeAmount\": \"\\\"C00000235\\\"\",\n      \"settleFeeAmount\": \"\\\"C00000235\\\"\"\n    },\n    \"replacementAdditionalFees4\": {\n      \"feeType\": \"\\\"15\\\"\",\n      \"settleMemoIndicator\": \"\\\"1\\\"\",\n      \"decimalizationIndicator\": \"\\\"0\\\"\",\n      \"feeAmount\": \"\\\"C00000235\\\"\",\n      \"settleFeeAmount\": \"\\\"C00000235\\\"\"\n    }\n  },\n  \"authorizationLifeCycle\": \"\\\"320\\\"\",\n  \"nationalPosConditionCode\": \"\\\"40000000000001\\\"\",\n  \"nationalPosGeographicData\": \"\\\"12123 840\\\"\",\n  \"reasonCode\": \"\\\"C01424\\\"\",\n  \"fdData\": \"\\\"77691482180520174751 001414101124750991\\\"\",\n  \"reservedPrivate\": \"\\\"NONE\\\"\",\n  \"subField63\": {\n    \"interceptTerminal\": \"\\\"INW501\\\"\",\n    \"cardProcessorNetworkId\": \"\\\"NYC\\\"\",\n    \"terminalProcessorNetworkId\": \"\\\"MCI\\\"\",\n    \"processorId\": \"\\\"INT325\\\"\",\n    \"authorizationTimeout\": \"\\\"08\\\"\",\n    \"hostOarData\": \"\\\"NONE\\\"\",\n    \"processingFlags\": \"\\\"NONE\\\"\"\n  },\n  \"extendedPaymentCode\": \"\\\"09\\\"\",\n  \"receivingInstitutionCountryCode\": \"\\\"840\\\"\",\n  \"settlementInstitutionCountryCode\": \"\\\"840\\\"\",\n  \"networkManagementInformationCode\": \"\\\"001\\\"\",\n  \"messageNumber\": \"\\\"0101\\\"\",\n  \"messageNumberLast\": \"\\\"0101\\\"\",\n  \"dateAction\": \"\\\"102510\\\"\",\n  \"originalDataElements\": \"\\\"020000000011207212311423201112310000000000\\\"\",\n  \"fileUpdateCode\": \"\\\"1\\\"\",\n  \"replacementAmounts\": \"\\\"000000015347000000000000000000000000000000\\\"\",\n  \"messageSecurityCode\": \"\\\"xxxxxxxx\\\"\",\n  \"payee\": \"\\\"NONE\\\"\",\n  \"receivingInstitutionId\": \"\\\"12345678901\\\"\",\n  \"fileName\": \"\\\"Status Change\\\"\",\n  \"accountIdentification1\": \"\\\"163375123412340000\\\"\",\n  \"accountIdentification2\": \"\\\"163375123412340000\\\"\",\n  \"transactionDescription\": \"\\\"NONE\\\"\",\n  \"largePrivateData\": \"\\\"2090840C0000001800002091840C000000155000\\\"\",\n  \"integratedCircuitCardData\": \"\\\"XF1F0F182023900950580800400009A031504019C01015F2A0202149F020600\\n00000500009F03060000000000009F10120110A00001240000000000000000\\n000000FF9F1A0202149F2608EEE850F288B3C62E9F2701809F34034203009F3\\n60200049F370446073956\\\"\",\n  \"reservedIsoUse1\": \"\\\"NONE\\\"\",\n  \"additionalDataStarNetwork\": \"\\\"AX047C1000000123456789120002 ACQUIRERREFERENCENUMBERSF013C100000099911\\\"\",\n  \"privateAcquirerAdditionalData\": \"\\\"TDMD00940000000Y\\\"\",\n  \"authorizationAgentInstitutionIdCode\": \"\\\"11041401401\\\"\",\n  \"authorizingAgentCountryCode\": \"\\\"840\\\"\",\n  \"accountQualifiers1And2\": \"\\\"101203\\\"\",\n  \"privateIssuerAdditionalData\": \"\\\"1011234567890123456789LAST10 AEN\\\"\",\n  \"sponsorBankId\": \"\\\"10010010011\\\"\",\n  \"cvv2\": \"\\\"TDAV2954751000091410 CV0710199 M\\\"\",\n  \"textInformation\": \"\\\"0016C\\\"\",\n  \"networkManagementInformation\": \"\\\"NONE\\\"\",\n  \"issuerTraceData\": \"\\\"0aaaaaaaaaaaaaaaaaaaaaaaaaaaaaaaaa\\\"\",\n  \"privateAcquirerTraceData\": \"\\\"41277910123456789051203E-011237 002051\\\"\",\n  \"common\": {\n    \"user\": \"<string>\",\n    \"agent\": \"4000\",\n    \"cycle\": \"T\",\n    \"clientNumber\": \"1000\",\n    \"system\": \"2000\",\n    \"prin\": \"3000\",\n    \"debug\": \"<boolean>\",\n    \"org\": \"<string>\",\n    \"processor\": \"<boolean>\",\n    \"contentType\": \"<string>\",\n    \"retry\": 0,\n    \"timeout\": 45000,\n    \"siteId\": \"4201\",\n    \"internalOrigin\": \"<boolean>\",\n    \"uuid\": \"a5eac27d-cd89-4096-a331-306480bfee76\"\n  },\n  \"appProcessStartedTime\": \"<long>\"\n}"}},"code":452,"header":[{"key":"Content-Type","value":"text/plain"}],"body":"","cookie":[],"_postman_previewlanguage":"text"},{"id":"d880de1b-1343-4b66-a220-e4faad843083","name":"Validation Exception: The request failed validation, modify the request and resubmit","originalRequest":{"url":{"path":["fs","auth","v1","iso-async-response"],"host":["{{baseUrl}}"],"query":[],"variable":[]},"method":"POST","body":{"mode":"raw","raw":"{\n  \"transactionType\": \"\\\"Sale Advice\\\"\",\n  \"originalTransactionType\": \"\\\"Sale\\\"\",\n  \"dataProtectTokenNumber\": \"C1A12ABCGZ123400\",\n  \"messageTypeIndicator\": \"\\\"0100\\\"\",\n  \"primaryAccountNumber\": \"\\\"xxxxxxx007383520\\\"\",\n  \"processingCode\": \"\\\"402009\\\"\",\n  \"transactionAmount\": \"\\\"000000005927\\\"\",\n  \"settlementAmount\": \"\\\"000000005927\\\"\",\n  \"cardholderBillingAmount\": \"\\\"000000005927\\\"\",\n  \"transmissionDateAndTime\": \"\\\"1025102211\\\"\",\n  \"cardholderBillingFeeAmount\": \"\\\"00000234\\\"\",\n  \"settlementConversionRate\": \"\\\"00000150\\\"\",\n  \"cardholderBillingConversionRate\": \"\\\"69972522\\\"\",\n  \"systemTraceAuditNumber\": \"\\\"127791\\\"\",\n  \"localTransactionTime\": \"\\\"113725\\\"\",\n  \"localTransactionDate\": \"\\\"0923\\\"\",\n  \"expirationDate\": \"\\\"0605\\\"\",\n  \"settlementDate\": \"\\\"0521\\\"\",\n  \"conversionDate\": \"\\\"0712\\\"\",\n  \"captureDate\": \"\\\"0712\\\"\",\n  \"merchantType\": \"\\\"5818\\\"\",\n  \"acquiringInstitutionCountryCode\": \"\\\"840\\\"\",\n  \"panExtendedCountryCode\": \"\\\"840\\\"\",\n  \"forwardingInstitutionCountryCode\": \"\\\"840\\\"\",\n  \"posEntryMode\": \"\\\"020\\\"\",\n  \"cardSequenceNumber\": \"\\\"003\\\"\",\n  \"networkInternationalIdentifier\": \"\\\"A10\\\"\",\n  \"posConditionCode\": \"\\\"03\\\"\",\n  \"posPinCaptureCode\": \"\\\"12\\\"\",\n  \"transactionFeeAmount\": \"\\\"C00000235\\\"\",\n  \"settlementFeeAmount\": \"\\\"C00000265\\\"\",\n  \"processingFeeAmount\": \"\\\"C00001275\\\"\",\n  \"settlementProcessingFeeAmount\": \"\\\"C00000185\\\"\",\n  \"acquiringInstitutionIdentificationCode\": \"\\\"1999188017\\\"\",\n  \"forwardingInstitutionIdentificationCode\": \"\\\"1999188017\\\"\",\n  \"extendedPan\": \"\\\"1234567890987654321012345678\\\"\",\n  \"track2Data\": \"\\\"321234560023123456990520220000493\\\"\",\n  \"track3Data\": \"\\\"NONE\\\"\",\n  \"retrievalReferenceNumber\": \"\\\"1203E-011237\\\"\",\n  \"authorizationIdentificationResponse\": \"\\\"000123\\\"\",\n  \"responseCode\": \"\\\"00\\\"\",\n  \"serviceRestrictionCode\": \"\\\"XXX\\\"\",\n  \"cardAcceptorTerminalIdentification\": \"\\\"AMD3\\\"\",\n  \"cardAcceptorIdentificationCode\": \"\\\"521164\\\"\",\n  \"cardAcceptorLocation\": \"\\\"4XX7 PRXXXIE LANE\\\"\",\n  \"additionalResponseData\": \"\\\"4022229999EEAYA\\\"\",\n  \"track1Data\": \"\\\"B511XXXXXX2265034^840RAXXXLL/PAXXXXXXXXA^9902201100000001000000000000\\\"\",\n  \"additionalData\": \"\\\"C000000.00000\\\"\",\n  \"nationalAdditionalData\": \"\\\"NONE\\\"\",\n  \"merchantName\": \"\\\"OXXE MERCANT\\\"\",\n  \"transactionCurrencyCode\": \"\\\"840\\\"\",\n  \"settlementCurrencyCode\": \"\\\"840\\\"\",\n  \"cardholderBillingCurrencyCode\": \"\\\"840\\\"\",\n  \"personalIdentificationNumber\": \"\\\"123456789ABCDEF0\\\"\",\n  \"additionalAmounts\": {\n    \"additionalAmount1\": {\n      \"accountType\": \"\\\"20\\\"\",\n      \"amountType\": \"\\\"92\\\"\",\n      \"currencyCode\": \"\\\"840\\\"\",\n      \"amount\": \"\\\"C000000012750\\\"\"\n    },\n    \"additionalAmount2\": {\n      \"accountType\": \"\\\"20\\\"\",\n      \"amountType\": \"\\\"92\\\"\",\n      \"currencyCode\": \"\\\"840\\\"\",\n      \"amount\": \"\\\"C000000012750\\\"\"\n    },\n    \"additionalAmount3\": {\n      \"accountType\": \"\\\"20\\\"\",\n      \"amountType\": \"\\\"92\\\"\",\n      \"currencyCode\": \"\\\"840\\\"\",\n      \"amount\": \"\\\"C000000012750\\\"\"\n    },\n    \"additionalAmount4\": {\n      \"accountType\": \"\\\"20\\\"\",\n      \"amountType\": \"\\\"92\\\"\",\n      \"currencyCode\": \"\\\"840\\\"\",\n      \"amount\": \"\\\"C000000012750\\\"\"\n    },\n    \"additionalAmount5\": {\n      \"accountType\": \"\\\"20\\\"\",\n      \"amountType\": \"\\\"92\\\"\",\n      \"currencyCode\": \"\\\"840\\\"\",\n      \"amount\": \"\\\"C000000012750\\\"\"\n    },\n    \"additionalAmount6\": {\n      \"accountType\": \"\\\"20\\\"\",\n      \"amountType\": \"\\\"92\\\"\",\n      \"currencyCode\": \"\\\"840\\\"\",\n      \"amount\": \"\\\"C000000012750\\\"\"\n    }\n  },\n  \"additionalFees\": {\n    \"additionalFees1\": {\n      \"feeType\": \"\\\"15\\\"\",\n      \"settleMemoIndicator\": \"\\\"1\\\"\",\n      \"decimalizationIndicator\": \"\\\"0\\\"\",\n      \"feeAmount\": \"\\\"C00000235\\\"\",\n      \"settleFeeAmount\": \"\\\"C00000235\\\"\"\n    },\n    \"additionalFees2\": {\n      \"feeType\": \"\\\"15\\\"\",\n      \"settleMemoIndicator\": \"\\\"1\\\"\",\n      \"decimalizationIndicator\": \"\\\"0\\\"\",\n      \"feeAmount\": \"\\\"C00000235\\\"\",\n      \"settleFeeAmount\": \"\\\"C00000235\\\"\"\n    },\n    \"additionalFees3\": {\n      \"feeType\": \"\\\"15\\\"\",\n      \"settleMemoIndicator\": \"\\\"1\\\"\",\n      \"decimalizationIndicator\": \"\\\"0\\\"\",\n      \"feeAmount\": \"\\\"C00000235\\\"\",\n      \"settleFeeAmount\": \"\\\"C00000235\\\"\"\n    },\n    \"additionalFees4\": {\n      \"feeType\": \"\\\"15\\\"\",\n      \"settleMemoIndicator\": \"\\\"1\\\"\",\n      \"decimalizationIndicator\": \"\\\"0\\\"\",\n      \"feeAmount\": \"\\\"C00000235\\\"\",\n      \"settleFeeAmount\": \"\\\"C00000235\\\"\"\n    }\n  },\n  \"replacementAdditionalFees\": {\n    \"replacementAdditionalFees1\": {\n      \"feeType\": \"\\\"15\\\"\",\n      \"settleMemoIndicator\": \"\\\"1\\\"\",\n      \"decimalizationIndicator\": \"\\\"0\\\"\",\n      \"feeAmount\": \"\\\"C00000235\\\"\",\n      \"settleFeeAmount\": \"\\\"C00000235\\\"\"\n    },\n    \"replacementAdditionalFees2\": {\n      \"feeType\": \"\\\"15\\\"\",\n      \"settleMemoIndicator\": \"\\\"1\\\"\",\n      \"decimalizationIndicator\": \"\\\"0\\\"\",\n      \"feeAmount\": \"\\\"C00000235\\\"\",\n      \"settleFeeAmount\": \"\\\"C00000235\\\"\"\n    },\n    \"replacementAdditionalFees3\": {\n      \"feeType\": \"\\\"15\\\"\",\n      \"settleMemoIndicator\": \"\\\"1\\\"\",\n      \"decimalizationIndicator\": \"\\\"0\\\"\",\n      \"feeAmount\": \"\\\"C00000235\\\"\",\n      \"settleFeeAmount\": \"\\\"C00000235\\\"\"\n    },\n    \"replacementAdditionalFees4\": {\n      \"feeType\": \"\\\"15\\\"\",\n      \"settleMemoIndicator\": \"\\\"1\\\"\",\n      \"decimalizationIndicator\": \"\\\"0\\\"\",\n      \"feeAmount\": \"\\\"C00000235\\\"\",\n      \"settleFeeAmount\": \"\\\"C00000235\\\"\"\n    }\n  },\n  \"authorizationLifeCycle\": \"\\\"320\\\"\",\n  \"nationalPosConditionCode\": \"\\\"40000000000001\\\"\",\n  \"nationalPosGeographicData\": \"\\\"12123 840\\\"\",\n  \"reasonCode\": \"\\\"C01424\\\"\",\n  \"fdData\": \"\\\"77691482180520174751 001414101124750991\\\"\",\n  \"reservedPrivate\": \"\\\"NONE\\\"\",\n  \"subField63\": {\n    \"interceptTerminal\": \"\\\"INW501\\\"\",\n    \"cardProcessorNetworkId\": \"\\\"NYC\\\"\",\n    \"terminalProcessorNetworkId\": \"\\\"MCI\\\"\",\n    \"processorId\": \"\\\"INT325\\\"\",\n    \"authorizationTimeout\": \"\\\"08\\\"\",\n    \"hostOarData\": \"\\\"NONE\\\"\",\n    \"processingFlags\": \"\\\"NONE\\\"\"\n  },\n  \"extendedPaymentCode\": \"\\\"09\\\"\",\n  \"receivingInstitutionCountryCode\": \"\\\"840\\\"\",\n  \"settlementInstitutionCountryCode\": \"\\\"840\\\"\",\n  \"networkManagementInformationCode\": \"\\\"001\\\"\",\n  \"messageNumber\": \"\\\"0101\\\"\",\n  \"messageNumberLast\": \"\\\"0101\\\"\",\n  \"dateAction\": \"\\\"102510\\\"\",\n  \"originalDataElements\": \"\\\"020000000011207212311423201112310000000000\\\"\",\n  \"fileUpdateCode\": \"\\\"1\\\"\",\n  \"replacementAmounts\": \"\\\"000000015347000000000000000000000000000000\\\"\",\n  \"messageSecurityCode\": \"\\\"xxxxxxxx\\\"\",\n  \"payee\": \"\\\"NONE\\\"\",\n  \"receivingInstitutionId\": \"\\\"12345678901\\\"\",\n  \"fileName\": \"\\\"Status Change\\\"\",\n  \"accountIdentification1\": \"\\\"163375123412340000\\\"\",\n  \"accountIdentification2\": \"\\\"163375123412340000\\\"\",\n  \"transactionDescription\": \"\\\"NONE\\\"\",\n  \"largePrivateData\": \"\\\"2090840C0000001800002091840C000000155000\\\"\",\n  \"integratedCircuitCardData\": \"\\\"XF1F0F182023900950580800400009A031504019C01015F2A0202149F020600\\n00000500009F03060000000000009F10120110A00001240000000000000000\\n000000FF9F1A0202149F2608EEE850F288B3C62E9F2701809F34034203009F3\\n60200049F370446073956\\\"\",\n  \"reservedIsoUse1\": \"\\\"NONE\\\"\",\n  \"additionalDataStarNetwork\": \"\\\"AX047C1000000123456789120002 ACQUIRERREFERENCENUMBERSF013C100000099911\\\"\",\n  \"privateAcquirerAdditionalData\": \"\\\"TDMD00940000000Y\\\"\",\n  \"authorizationAgentInstitutionIdCode\": \"\\\"11041401401\\\"\",\n  \"authorizingAgentCountryCode\": \"\\\"840\\\"\",\n  \"accountQualifiers1And2\": \"\\\"101203\\\"\",\n  \"privateIssuerAdditionalData\": \"\\\"1011234567890123456789LAST10 AEN\\\"\",\n  \"sponsorBankId\": \"\\\"10010010011\\\"\",\n  \"cvv2\": \"\\\"TDAV2954751000091410 CV0710199 M\\\"\",\n  \"textInformation\": \"\\\"0016C\\\"\",\n  \"networkManagementInformation\": \"\\\"NONE\\\"\",\n  \"issuerTraceData\": \"\\\"0aaaaaaaaaaaaaaaaaaaaaaaaaaaaaaaaa\\\"\",\n  \"privateAcquirerTraceData\": \"\\\"41277910123456789051203E-011237 002051\\\"\",\n  \"common\": {\n    \"user\": \"<string>\",\n    \"agent\": \"4000\",\n    \"cycle\": \"T\",\n    \"clientNumber\": \"1000\",\n    \"system\": \"2000\",\n    \"prin\": \"3000\",\n    \"debug\": \"<boolean>\",\n    \"org\": \"<string>\",\n    \"processor\": \"<boolean>\",\n    \"contentType\": \"<string>\",\n    \"retry\": 0,\n    \"timeout\": 45000,\n    \"siteId\": \"4201\",\n    \"internalOrigin\": \"<boolean>\",\n    \"uuid\": \"a5eac27d-cd89-4096-a331-306480bfee76\"\n  },\n  \"appProcessStartedTime\": \"<long>\"\n}"}},"code":453,"header":[{"key":"Content-Type","value":"text/plain"}],"body":"","cookie":[],"_postman_previewlanguage":"text"},{"id":"d264ea7f-01fc-413e-b509-c468611dafc0","name":"ODS Error Exception: ODS returned a message with transaction status ERROR","originalRequest":{"url":{"path":["fs","auth","v1","iso-async-response"],"host":["{{baseUrl}}"],"query":[],"variable":[]},"method":"POST","body":{"mode":"raw","raw":"{\n  \"transactionType\": \"\\\"Sale Advice\\\"\",\n  \"originalTransactionType\": \"\\\"Sale\\\"\",\n  \"dataProtectTokenNumber\": \"C1A12ABCGZ123400\",\n  \"messageTypeIndicator\": \"\\\"0100\\\"\",\n  \"primaryAccountNumber\": \"\\\"xxxxxxx007383520\\\"\",\n  \"processingCode\": \"\\\"402009\\\"\",\n  \"transactionAmount\": \"\\\"000000005927\\\"\",\n  \"settlementAmount\": \"\\\"000000005927\\\"\",\n  \"cardholderBillingAmount\": \"\\\"000000005927\\\"\",\n  \"transmissionDateAndTime\": \"\\\"1025102211\\\"\",\n  \"cardholderBillingFeeAmount\": \"\\\"00000234\\\"\",\n  \"settlementConversionRate\": \"\\\"00000150\\\"\",\n  \"cardholderBillingConversionRate\": \"\\\"69972522\\\"\",\n  \"systemTraceAuditNumber\": \"\\\"127791\\\"\",\n  \"localTransactionTime\": \"\\\"113725\\\"\",\n  \"localTransactionDate\": \"\\\"0923\\\"\",\n  \"expirationDate\": \"\\\"0605\\\"\",\n  \"settlementDate\": \"\\\"0521\\\"\",\n  \"conversionDate\": \"\\\"0712\\\"\",\n  \"captureDate\": \"\\\"0712\\\"\",\n  \"merchantType\": \"\\\"5818\\\"\",\n  \"acquiringInstitutionCountryCode\": \"\\\"840\\\"\",\n  \"panExtendedCountryCode\": \"\\\"840\\\"\",\n  \"forwardingInstitutionCountryCode\": \"\\\"840\\\"\",\n  \"posEntryMode\": \"\\\"020\\\"\",\n  \"cardSequenceNumber\": \"\\\"003\\\"\",\n  \"networkInternationalIdentifier\": \"\\\"A10\\\"\",\n  \"posConditionCode\": \"\\\"03\\\"\",\n  \"posPinCaptureCode\": \"\\\"12\\\"\",\n  \"transactionFeeAmount\": \"\\\"C00000235\\\"\",\n  \"settlementFeeAmount\": \"\\\"C00000265\\\"\",\n  \"processingFeeAmount\": \"\\\"C00001275\\\"\",\n  \"settlementProcessingFeeAmount\": \"\\\"C00000185\\\"\",\n  \"acquiringInstitutionIdentificationCode\": \"\\\"1999188017\\\"\",\n  \"forwardingInstitutionIdentificationCode\": \"\\\"1999188017\\\"\",\n  \"extendedPan\": \"\\\"1234567890987654321012345678\\\"\",\n  \"track2Data\": \"\\\"321234560023123456990520220000493\\\"\",\n  \"track3Data\": \"\\\"NONE\\\"\",\n  \"retrievalReferenceNumber\": \"\\\"1203E-011237\\\"\",\n  \"authorizationIdentificationResponse\": \"\\\"000123\\\"\",\n  \"responseCode\": \"\\\"00\\\"\",\n  \"serviceRestrictionCode\": \"\\\"XXX\\\"\",\n  \"cardAcceptorTerminalIdentification\": \"\\\"AMD3\\\"\",\n  \"cardAcceptorIdentificationCode\": \"\\\"521164\\\"\",\n  \"cardAcceptorLocation\": \"\\\"4XX7 PRXXXIE LANE\\\"\",\n  \"additionalResponseData\": \"\\\"4022229999EEAYA\\\"\",\n  \"track1Data\": \"\\\"B511XXXXXX2265034^840RAXXXLL/PAXXXXXXXXA^9902201100000001000000000000\\\"\",\n  \"additionalData\": \"\\\"C000000.00000\\\"\",\n  \"nationalAdditionalData\": \"\\\"NONE\\\"\",\n  \"merchantName\": \"\\\"OXXE MERCANT\\\"\",\n  \"transactionCurrencyCode\": \"\\\"840\\\"\",\n  \"settlementCurrencyCode\": \"\\\"840\\\"\",\n  \"cardholderBillingCurrencyCode\": \"\\\"840\\\"\",\n  \"personalIdentificationNumber\": \"\\\"123456789ABCDEF0\\\"\",\n  \"additionalAmounts\": {\n    \"additionalAmount1\": {\n      \"accountType\": \"\\\"20\\\"\",\n      \"amountType\": \"\\\"92\\\"\",\n      \"currencyCode\": \"\\\"840\\\"\",\n      \"amount\": \"\\\"C000000012750\\\"\"\n    },\n    \"additionalAmount2\": {\n      \"accountType\": \"\\\"20\\\"\",\n      \"amountType\": \"\\\"92\\\"\",\n      \"currencyCode\": \"\\\"840\\\"\",\n      \"amount\": \"\\\"C000000012750\\\"\"\n    },\n    \"additionalAmount3\": {\n      \"accountType\": \"\\\"20\\\"\",\n      \"amountType\": \"\\\"92\\\"\",\n      \"currencyCode\": \"\\\"840\\\"\",\n      \"amount\": \"\\\"C000000012750\\\"\"\n    },\n    \"additionalAmount4\": {\n      \"accountType\": \"\\\"20\\\"\",\n      \"amountType\": \"\\\"92\\\"\",\n      \"currencyCode\": \"\\\"840\\\"\",\n      \"amount\": \"\\\"C000000012750\\\"\"\n    },\n    \"additionalAmount5\": {\n      \"accountType\": \"\\\"20\\\"\",\n      \"amountType\": \"\\\"92\\\"\",\n      \"currencyCode\": \"\\\"840\\\"\",\n      \"amount\": \"\\\"C000000012750\\\"\"\n    },\n    \"additionalAmount6\": {\n      \"accountType\": \"\\\"20\\\"\",\n      \"amountType\": \"\\\"92\\\"\",\n      \"currencyCode\": \"\\\"840\\\"\",\n      \"amount\": \"\\\"C000000012750\\\"\"\n    }\n  },\n  \"additionalFees\": {\n    \"additionalFees1\": {\n      \"feeType\": \"\\\"15\\\"\",\n      \"settleMemoIndicator\": \"\\\"1\\\"\",\n      \"decimalizationIndicator\": \"\\\"0\\\"\",\n      \"feeAmount\": \"\\\"C00000235\\\"\",\n      \"settleFeeAmount\": \"\\\"C00000235\\\"\"\n    },\n    \"additionalFees2\": {\n      \"feeType\": \"\\\"15\\\"\",\n      \"settleMemoIndicator\": \"\\\"1\\\"\",\n      \"decimalizationIndicator\": \"\\\"0\\\"\",\n      \"feeAmount\": \"\\\"C00000235\\\"\",\n      \"settleFeeAmount\": \"\\\"C00000235\\\"\"\n    },\n    \"additionalFees3\": {\n      \"feeType\": \"\\\"15\\\"\",\n      \"settleMemoIndicator\": \"\\\"1\\\"\",\n      \"decimalizationIndicator\": \"\\\"0\\\"\",\n      \"feeAmount\": \"\\\"C00000235\\\"\",\n      \"settleFeeAmount\": \"\\\"C00000235\\\"\"\n    },\n    \"additionalFees4\": {\n      \"feeType\": \"\\\"15\\\"\",\n      \"settleMemoIndicator\": \"\\\"1\\\"\",\n      \"decimalizationIndicator\": \"\\\"0\\\"\",\n      \"feeAmount\": \"\\\"C00000235\\\"\",\n      \"settleFeeAmount\": \"\\\"C00000235\\\"\"\n    }\n  },\n  \"replacementAdditionalFees\": {\n    \"replacementAdditionalFees1\": {\n      \"feeType\": \"\\\"15\\\"\",\n      \"settleMemoIndicator\": \"\\\"1\\\"\",\n      \"decimalizationIndicator\": \"\\\"0\\\"\",\n      \"feeAmount\": \"\\\"C00000235\\\"\",\n      \"settleFeeAmount\": \"\\\"C00000235\\\"\"\n    },\n    \"replacementAdditionalFees2\": {\n      \"feeType\": \"\\\"15\\\"\",\n      \"settleMemoIndicator\": \"\\\"1\\\"\",\n      \"decimalizationIndicator\": \"\\\"0\\\"\",\n      \"feeAmount\": \"\\\"C00000235\\\"\",\n      \"settleFeeAmount\": \"\\\"C00000235\\\"\"\n    },\n    \"replacementAdditionalFees3\": {\n      \"feeType\": \"\\\"15\\\"\",\n      \"settleMemoIndicator\": \"\\\"1\\\"\",\n      \"decimalizationIndicator\": \"\\\"0\\\"\",\n      \"feeAmount\": \"\\\"C00000235\\\"\",\n      \"settleFeeAmount\": \"\\\"C00000235\\\"\"\n    },\n    \"replacementAdditionalFees4\": {\n      \"feeType\": \"\\\"15\\\"\",\n      \"settleMemoIndicator\": \"\\\"1\\\"\",\n      \"decimalizationIndicator\": \"\\\"0\\\"\",\n      \"feeAmount\": \"\\\"C00000235\\\"\",\n      \"settleFeeAmount\": \"\\\"C00000235\\\"\"\n    }\n  },\n  \"authorizationLifeCycle\": \"\\\"320\\\"\",\n  \"nationalPosConditionCode\": \"\\\"40000000000001\\\"\",\n  \"nationalPosGeographicData\": \"\\\"12123 840\\\"\",\n  \"reasonCode\": \"\\\"C01424\\\"\",\n  \"fdData\": \"\\\"77691482180520174751 001414101124750991\\\"\",\n  \"reservedPrivate\": \"\\\"NONE\\\"\",\n  \"subField63\": {\n    \"interceptTerminal\": \"\\\"INW501\\\"\",\n    \"cardProcessorNetworkId\": \"\\\"NYC\\\"\",\n    \"terminalProcessorNetworkId\": \"\\\"MCI\\\"\",\n    \"processorId\": \"\\\"INT325\\\"\",\n    \"authorizationTimeout\": \"\\\"08\\\"\",\n    \"hostOarData\": \"\\\"NONE\\\"\",\n    \"processingFlags\": \"\\\"NONE\\\"\"\n  },\n  \"extendedPaymentCode\": \"\\\"09\\\"\",\n  \"receivingInstitutionCountryCode\": \"\\\"840\\\"\",\n  \"settlementInstitutionCountryCode\": \"\\\"840\\\"\",\n  \"networkManagementInformationCode\": \"\\\"001\\\"\",\n  \"messageNumber\": \"\\\"0101\\\"\",\n  \"messageNumberLast\": \"\\\"0101\\\"\",\n  \"dateAction\": \"\\\"102510\\\"\",\n  \"originalDataElements\": \"\\\"020000000011207212311423201112310000000000\\\"\",\n  \"fileUpdateCode\": \"\\\"1\\\"\",\n  \"replacementAmounts\": \"\\\"000000015347000000000000000000000000000000\\\"\",\n  \"messageSecurityCode\": \"\\\"xxxxxxxx\\\"\",\n  \"payee\": \"\\\"NONE\\\"\",\n  \"receivingInstitutionId\": \"\\\"12345678901\\\"\",\n  \"fileName\": \"\\\"Status Change\\\"\",\n  \"accountIdentification1\": \"\\\"163375123412340000\\\"\",\n  \"accountIdentification2\": \"\\\"163375123412340000\\\"\",\n  \"transactionDescription\": \"\\\"NONE\\\"\",\n  \"largePrivateData\": \"\\\"2090840C0000001800002091840C000000155000\\\"\",\n  \"integratedCircuitCardData\": \"\\\"XF1F0F182023900950580800400009A031504019C01015F2A0202149F020600\\n00000500009F03060000000000009F10120110A00001240000000000000000\\n000000FF9F1A0202149F2608EEE850F288B3C62E9F2701809F34034203009F3\\n60200049F370446073956\\\"\",\n  \"reservedIsoUse1\": \"\\\"NONE\\\"\",\n  \"additionalDataStarNetwork\": \"\\\"AX047C1000000123456789120002 ACQUIRERREFERENCENUMBERSF013C100000099911\\\"\",\n  \"privateAcquirerAdditionalData\": \"\\\"TDMD00940000000Y\\\"\",\n  \"authorizationAgentInstitutionIdCode\": \"\\\"11041401401\\\"\",\n  \"authorizingAgentCountryCode\": \"\\\"840\\\"\",\n  \"accountQualifiers1And2\": \"\\\"101203\\\"\",\n  \"privateIssuerAdditionalData\": \"\\\"1011234567890123456789LAST10 AEN\\\"\",\n  \"sponsorBankId\": \"\\\"10010010011\\\"\",\n  \"cvv2\": \"\\\"TDAV2954751000091410 CV0710199 M\\\"\",\n  \"textInformation\": \"\\\"0016C\\\"\",\n  \"networkManagementInformation\": \"\\\"NONE\\\"\",\n  \"issuerTraceData\": \"\\\"0aaaaaaaaaaaaaaaaaaaaaaaaaaaaaaaaa\\\"\",\n  \"privateAcquirerTraceData\": \"\\\"41277910123456789051203E-011237 002051\\\"\",\n  \"common\": {\n    \"user\": \"<string>\",\n    \"agent\": \"4000\",\n    \"cycle\": \"T\",\n    \"clientNumber\": \"1000\",\n    \"system\": \"2000\",\n    \"prin\": \"3000\",\n    \"debug\": \"<boolean>\",\n    \"org\": \"<string>\",\n    \"processor\": \"<boolean>\",\n    \"contentType\": \"<string>\",\n    \"retry\": 0,\n    \"timeout\": 45000,\n    \"siteId\": \"4201\",\n    \"internalOrigin\": \"<boolean>\",\n    \"uuid\": \"a5eac27d-cd89-4096-a331-306480bfee76\"\n  },\n  \"appProcessStartedTime\": \"<long>\"\n}"}},"code":455,"header":[{"key":"Content-Type","value":"text/plain"}],"body":"","cookie":[],"_postman_previewlanguage":"text"}],"event":[],"protocolProfileBehavior":{"disableBodyPruning":true}}],"event":[],"variable":[{"type":"string","value":"https://cat.api.firstdata.com/fs","key":"baseUrl"}],"info":{"_postman_id":"0bab04ed-4297-44ea-a6f6-22a821f4df92","name":"fs-devportal-services-1","schema":"https://schema.getpostman.com/json/collection/v2.1.0/collection.json","description":{"content":"Welcome to the Financial Services API documentation","type":"text/plain"}}}