{"item":[{"id":"2e2c98d3-20e8-4a6a-9377-e1175fc2a5b1","name":"Retrieve Bundle offers service","request":{"name":"Retrieve Bundle offers service","description":{"content":"This API will retrieve the bundled offers from based on the request object provided \nThis Api would connect with lookup service to retrieve information on accounts and uses that along with totalTransactionAmount \nto make a decision and generates offer(s) for the same\nRequired Fields: common.accountId","type":"text/plain"},"url":{"path":["offers","v1","submitBundleForOffers"],"host":["{{baseUrl}}"],"query":[],"variable":[]},"header":[{"key":"Content-Type","value":"application/json"},{"key":"Accept","value":"application/json"}],"method":"POST","auth":null,"body":{"mode":"raw","raw":"{\n  \"common\": {\n    \"user\": \"<string>\",\n    \"agent\": \"<string>\",\n    \"cycle\": \"<string>\",\n    \"clientNumber\": \"<string>\",\n    \"system\": \"<string>\",\n    \"prin\": \"<string>\",\n    \"debug\": \"<boolean>\",\n    \"org\": \"<string>\",\n    \"processor\": \"<boolean>\",\n    \"contentType\": \"<string>\",\n    \"retry\": \"<long>\",\n    \"timeout\": \"<long>\",\n    \"siteId\": \"<string>\",\n    \"internalOrigin\": \"<boolean>\",\n    \"externalCustomerId\": \"<string>\",\n    \"accountId\": \"<string>\",\n    \"presentationId\": \"<string>\",\n    \"rts\": \"<dateTime>\"\n  },\n  \"clientIdentifier\": \"<string>\",\n  \"systemIdentifier\": \"<string>\",\n  \"prinIdentifier\": \"<string>\",\n  \"agentIdentifier\": \"<string>\",\n  \"totalTransactionAmount\": \"<string>\",\n  \"numberOfTransactions\": \"<string>\"\n}","options":{"raw":{"language":"json"}}}},"response":[{"id":"a85bb78e-c2f7-4063-bba0-cc632cb83eba","name":"successful operation","originalRequest":{"url":{"path":["offers","v1","submitBundleForOffers"],"host":["{{baseUrl}}"],"query":[],"variable":[]},"header":[{"key":"Accept","value":"application/json"}],"method":"POST","body":{"mode":"raw","raw":"{\n  \"common\": {\n    \"user\": \"<string>\",\n    \"agent\": \"4000\",\n    \"cycle\": \"T\",\n    \"clientNumber\": \"1000\",\n    \"system\": \"2000\",\n    \"prin\": \"3000\",\n    \"debug\": \"<boolean>\",\n    \"org\": \"<string>\",\n    \"processor\": \"<boolean>\",\n    \"contentType\": \"<string>\",\n    \"retry\": 0,\n    \"timeout\": 45000,\n    \"siteId\": \"4201\",\n    \"internalOrigin\": \"<boolean>\",\n    \"externalCustomerId\": \"<string>\",\n    \"accountId\": \"8888888888888888\",\n    \"presentationId\": \"<string>\",\n    \"rts\": \"2024-01-02T20:28:23Z\"\n  },\n  \"clientIdentifier\": \"<string>\",\n  \"systemIdentifier\": \"<string>\",\n  \"prinIdentifier\": \"<string>\",\n  \"agentIdentifier\": \"<string>\",\n  \"totalTransactionAmount\": \"<string>\",\n  \"numberOfTransactions\": \"<string>\"\n}","options":{"raw":{"language":"json"}}}},"status":"OK","code":200,"header":[{"key":"Content-Type","value":"application/json"}],"body":"{\n  \"processorInfo\": {\n    \"system\": \"occaecat voluptate dolore ipsum\",\n    \"cycle\": \"occaecat id sunt nostrud\",\n    \"tor\": \"amet id\",\n    \"mode\": \"sint do adipisicing amet ea\"\n  },\n  \"offers\": [\n    {\n      \"offersUuid\": \"abcdefgh123456789012345678901234567890123456789013\",\n      \"clientIdentifier\": \"0000\",\n      \"systemIdentifier\": \"0000\",\n      \"prinIdentifier\": \"0000\",\n      \"agentIdentifier\": \"0000\",\n      \"accountIdentifier\": \"A:12345678901234567890:7f456e3a-4ca7-46ec-856e-3a4ca776ecea\",\n      \"presentationInstrumentIdentifier\": \"P:12345678901234567890:492299ff-537c-43ce-8a34-0d097de2eb1b\",\n      \"offerType\": \"iLOCC\",\n      \"createdDateAndTime\": \"05-02-2020 10:33:05.000\",\n      \"acceptedDateAndTime\": \"05-02-2020 10:33:05.000\",\n      \"balanceId\": \"CCJJJSS\",\n      \"declinedDateAndTime\": \"eiusmod dolore\",\n      \"expiredDate\": \"12-26-1980 17:00:00.000-0500\",\n      \"offerDetails\": {\n        \"transaction\": {\n          \"transactionUuid\": \"tran1234567891\",\n          \"transactionCode\": \"253\",\n          \"transactionAmount\": \"500.00\",\n          \"transactionDate\": \"200702\",\n          \"transactionPostDate\": \"200702\",\n          \"transactionSettled\": false,\n          \"merchantName\": \"ABC Merchant1\",\n          \"merchantCategoryCode\": \"1235\",\n          \"cardAcceptorTerminalId\": \"12345678\",\n          \"industryTranId\": \"123456789012345\"\n        },\n        \"promotion\": [\n          {\n            \"promotionIdentifier\": \"12345678\",\n            \"promotionTermLength\": \"015\",\n            \"planTextDescription\": \"Plan selected by client\",\n            \"annualInterestRate\": \"1.250\",\n            \"monthlyPaymentAmount\": \"30.25\",\n            \"monthlyRecurringFeeAmount\": \"30.25\",\n            \"totalMpd\": \"30.25\",\n            \"feeAmount\": \"consequat anim\"\n          },\n          {\n            \"promotionIdentifier\": \"12345678\",\n            \"promotionTermLength\": \"015\",\n            \"planTextDescription\": \"Plan selected by client\",\n            \"annualInterestRate\": \"1.250\",\n            \"monthlyPaymentAmount\": \"30.25\",\n            \"monthlyRecurringFeeAmount\": \"30.25\",\n            \"totalMpd\": \"30.25\",\n            \"feeAmount\": \"Duis eu amet id\"\n          }\n        ]\n      },\n      \"acceptedOfferInformation\": \"BHX1234\",\n      \"monthlyRecurringFeeAmount\": \"100.00\"\n    },\n    {\n      \"offersUuid\": \"abcdefgh123456789012345678901234567890123456789013\",\n      \"clientIdentifier\": \"0000\",\n      \"systemIdentifier\": \"0000\",\n      \"prinIdentifier\": \"0000\",\n      \"agentIdentifier\": \"0000\",\n      \"accountIdentifier\": \"A:12345678901234567890:7f456e3a-4ca7-46ec-856e-3a4ca776ecea\",\n      \"presentationInstrumentIdentifier\": \"P:12345678901234567890:492299ff-537c-43ce-8a34-0d097de2eb1b\",\n      \"offerType\": \"iLOCC\",\n      \"createdDateAndTime\": \"05-02-2020 10:33:05.000\",\n      \"acceptedDateAndTime\": \"05-02-2020 10:33:05.000\",\n      \"balanceId\": \"CCJJJSS\",\n      \"declinedDateAndTime\": \"Ut qui\",\n      \"expiredDate\": \"12-26-1980 17:00:00.000-0500\",\n      \"offerDetails\": {\n        \"transaction\": {\n          \"transactionUuid\": \"tran1234567891\",\n          \"transactionCode\": \"253\",\n          \"transactionAmount\": \"500.00\",\n          \"transactionDate\": \"200702\",\n          \"transactionPostDate\": \"200702\",\n          \"transactionSettled\": false,\n          \"merchantName\": \"ABC Merchant1\",\n          \"merchantCategoryCode\": \"1235\",\n          \"cardAcceptorTerminalId\": \"12345678\",\n          \"industryTranId\": \"123456789012345\"\n        },\n        \"promotion\": [\n          {\n            \"promotionIdentifier\": \"12345678\",\n            \"promotionTermLength\": \"015\",\n            \"planTextDescription\": \"Plan selected by client\",\n            \"annualInterestRate\": \"1.250\",\n            \"monthlyPaymentAmount\": \"30.25\",\n            \"monthlyRecurringFeeAmount\": \"30.25\",\n            \"totalMpd\": \"30.25\",\n            \"feeAmount\": \"eiusmod elit in anim\"\n          },\n          {\n            \"promotionIdentifier\": \"12345678\",\n            \"promotionTermLength\": \"015\",\n            \"planTextDescription\": \"Plan selected by client\",\n            \"annualInterestRate\": \"1.250\",\n            \"monthlyPaymentAmount\": \"30.25\",\n            \"monthlyRecurringFeeAmount\": \"30.25\",\n            \"totalMpd\": \"30.25\",\n            \"feeAmount\": \"elit cupidatat irure dolor\"\n          }\n        ]\n      },\n      \"acceptedOfferInformation\": \"BHX1234\",\n      \"monthlyRecurringFeeAmount\": \"100.00\"\n    }\n  ]\n}","cookie":[],"_postman_previewlanguage":"json"}],"event":[],"protocolProfileBehavior":{"disableBodyPruning":true}}],"event":[],"variable":[{"type":"string","value":"https://cat.api.firstdata.com/fs","key":"baseUrl"}],"info":{"_postman_id":"8e2dbeb0-2459-4bdd-8ff8-3f166b9d36c9","name":"fs-devportal-services-1","schema":"https://schema.getpostman.com/json/collection/v2.1.0/collection.json","description":{"content":"Welcome to the Financial Services API documentation","type":"text/plain"}}}