{"item":[{"id":"661d0171-7df8-45a9-b81e-412d1a259fcd","name":"activate Card v1 cardactivation","request":{"name":"activate Card v1 cardactivation","description":{},"url":{"path":["cardactivation","v1","activateCard"],"host":["{{baseUrl}}"],"query":[],"variable":[]},"header":[{"key":"Content-Type","value":"application/json"},{"key":"Accept","value":"application/json"}],"method":"POST","auth":null,"body":{"mode":"raw","raw":"{\n  \"cardActivation\": {\n    \"verificationCode\": \"<string>\",\n    \"verificationStatus\": \"<string>\"\n  },\n  \"common\": {\n    \"user\": \"<string>\",\n    \"agent\": \"<string>\",\n    \"cycle\": \"<string>\",\n    \"clientNumber\": \"<string>\",\n    \"system\": \"<string>\",\n    \"prin\": \"<string>\",\n    \"debug\": \"<boolean>\",\n    \"org\": \"<string>\",\n    \"processor\": \"<boolean>\",\n    \"contentType\": \"<string>\",\n    \"retry\": \"<long>\",\n    \"timeout\": \"<long>\",\n    \"siteId\": \"<string>\",\n    \"internalOrigin\": \"<boolean>\",\n    \"uuid\": \"<string>\",\n    \"externalCustomerId\": \"<string>\",\n    \"accountId\": \"<string>\",\n    \"presentationId\": \"<string>\",\n    \"rts\": \"<dateTime>\"\n  },\n  \"bypassVerification\": \"<boolean>\",\n  \"cisAdd\": {\n    \"accountCollectorIdentifier\": \"<string>\",\n    \"memoText\": \"<string>\",\n    \"common\": {\n      \"user\": \"<string>\",\n      \"agent\": \"<string>\",\n      \"cycle\": \"<string>\",\n      \"clientNumber\": \"<string>\",\n      \"system\": \"<string>\",\n      \"prin\": \"<string>\",\n      \"debug\": \"<boolean>\",\n      \"org\": \"<string>\",\n      \"processor\": \"<boolean>\",\n      \"contentType\": \"<string>\",\n      \"retry\": \"<long>\",\n      \"timeout\": \"<long>\",\n      \"siteId\": \"<string>\",\n      \"internalOrigin\": \"<boolean>\",\n      \"uuid\": \"<string>\",\n      \"externalCustomerId\": \"<string>\",\n      \"accountId\": \"<string>\",\n      \"presentationId\": \"<string>\",\n      \"rts\": \"<dateTime>\"\n    }\n  },\n  \"chronicleAdd\": {\n    \"behaviorIdentifier\": \"<string>\",\n    \"processorInfo\": {\n      \"system\": \"<string>\",\n      \"cycle\": \"<string>\",\n      \"tor\": \"<string>\",\n      \"mode\": \"<string>\"\n    },\n    \"memoText\": \"<string>\",\n    \"clerkIdentifier\": \"<string>\",\n    \"overrideRetentionDate\": \"<string>\",\n    \"presentationInstrumentMemo\": \"<boolean>\",\n    \"cycle\": \"<string>\"\n  },\n  \"pinChangeReferenceId\": \"<string>\",\n  \"newPinId\": \"<string>\",\n  \"oldPinId\": \"<string>\",\n  \"cardSequenceIdentifier\": \"<string>\",\n  \"cardExpirationDate\": \"<string>\",\n  \"cardSecurityCode\": \"<string>\"\n}","options":{"raw":{"language":"json"}}}},"response":[{"id":"cdddff96-7acc-475b-9ebc-5c72e1e05db6","name":"successful operation","originalRequest":{"url":{"path":["cardactivation","v1","activateCard"],"host":["{{baseUrl}}"],"query":[],"variable":[]},"header":[{"key":"Accept","value":"application/json"}],"method":"POST","body":{"mode":"raw","raw":"{\n  \"cardActivation\": {\n    \"verificationCode\": \"<string>\",\n    \"verificationStatus\": \"<string>\"\n  },\n  \"common\": {\n    \"user\": \"<string>\",\n    \"agent\": \"4000\",\n    \"cycle\": \"T\",\n    \"clientNumber\": \"1000\",\n    \"system\": \"2000\",\n    \"prin\": \"3000\",\n    \"debug\": \"<boolean>\",\n    \"org\": \"<string>\",\n    \"processor\": \"<boolean>\",\n    \"contentType\": \"<string>\",\n    \"retry\": 0,\n    \"timeout\": 45000,\n    \"siteId\": \"4201\",\n    \"internalOrigin\": \"<boolean>\",\n    \"uuid\": \"a5eac27d-cd89-4096-a331-306480bfee76\",\n    \"externalCustomerId\": \"<string>\",\n    \"accountId\": \"8888888888888888\",\n    \"presentationId\": \"<string>\",\n    \"rts\": \"2024-08-20T11:27:17Z\"\n  },\n  \"bypassVerification\": \"<boolean>\",\n  \"cisAdd\": {\n    \"accountCollectorIdentifier\": \"JPI\",\n    \"memoText\": \"v\",\n    \"common\": {\n      \"user\": \"<string>\",\n      \"agent\": \"4000\",\n      \"cycle\": \"T\",\n      \"clientNumber\": \"1000\",\n      \"system\": \"2000\",\n      \"prin\": \"3000\",\n      \"debug\": \"<boolean>\",\n      \"org\": \"<string>\",\n      \"processor\": \"<boolean>\",\n      \"contentType\": \"<string>\",\n      \"retry\": 0,\n      \"timeout\": 45000,\n      \"siteId\": \"4201\",\n      \"internalOrigin\": \"<boolean>\",\n      \"uuid\": \"a5eac27d-cd89-4096-a331-306480bfee76\",\n      \"externalCustomerId\": \"<string>\",\n      \"accountId\": \"8888888888888888\",\n      \"presentationId\": \"<string>\",\n      \"rts\": \"2024-08-20T11:27:17Z\"\n    }\n  },\n  \"chronicleAdd\": {\n    \"behaviorIdentifier\": \"<string>\",\n    \"processorInfo\": {\n      \"system\": \"<string>\",\n      \"cycle\": \"<string>\",\n      \"tor\": \"<string>\",\n      \"mode\": \"<string>\"\n    },\n    \"memoText\": \"\",\n    \"clerkIdentifier\": \"<string>\",\n    \"overrideRetentionDate\": \"<string>\",\n    \"presentationInstrumentMemo\": \"<boolean>\",\n    \"cycle\": \"<string>\"\n  },\n  \"pinChangeReferenceId\": \"<string>\",\n  \"newPinId\": \"<string>\",\n  \"oldPinId\": \"<string>\",\n  \"cardSequenceIdentifier\": \"<string>\",\n  \"cardExpirationDate\": \"<string>\",\n  \"cardSecurityCode\": \"<string>\"\n}","options":{"raw":{"language":"json"}}}},"status":"OK","code":200,"header":[{"key":"Content-Type","value":"application/json"}],"body":"{\n  \"processorInfo\": {\n    \"system\": \"<string>\",\n    \"cycle\": \"<string>\",\n    \"tor\": \"<string>\",\n    \"mode\": \"<string>\"\n  },\n  \"cardActivationResponse\": {},\n  \"amexCardSecurityResponse\": {\n    \"amexCardSecurityDetailResponse\": {\n      \"processorInfo\": {\n        \"system\": \"<string>\",\n        \"cycle\": \"<string>\",\n        \"tor\": \"<string>\",\n        \"mode\": \"<string>\"\n      },\n      \"cardExpirationDate\": \"ut\",\n      \"cardSecurityCode3Id\": \"ut ipsum\",\n      \"cardSecurityCode4Id\": \"velit\",\n      \"cardSecurityCode5Id\": \"adipisicing dolore\",\n      \"convertedEnteredId\": \"Excepteur enim incididunt occaecat\",\n      \"enteredPresentationInstrumentId\": \"ex pariatur nisi\"\n    },\n    \"processingInformationMessage\": {\n      \"httpStatusCode\": \"tempor deserunt occaecat nulla dolo\",\n      \"httpStatusMessageText\": \"do quis\",\n      \"errorCode\": \"FS000001\",\n      \"errorMessageText\": \"Excepteur elit enim magna adipisicing\"\n    }\n  },\n  \"cardVerificationResponse\": {\n    \"cardSecurityVerificationResponse\": {\n      \"processorInfo\": {\n        \"system\": \"<string>\",\n        \"cycle\": \"<string>\",\n        \"tor\": \"<string>\",\n        \"mode\": \"<string>\"\n      },\n      \"valid\": false,\n      \"cardSecurityVerificationList\": [\n        {\n          \"cardExpirationDate\": \"cillum labore est ad\",\n          \"cardSecurityReturnNumber\": \"in\",\n          \"cardSecurityReturnText\": \"\",\n          \"convertedEnteredId\": \"eu minim\",\n          \"enteredPiId\": \"laboris qui ex\"\n        },\n        {\n          \"cardExpirationDate\": \"id\",\n          \"cardSecurityReturnNumber\": \"ipsum labore\",\n          \"cardSecurityReturnText\": \"irure laborum\",\n          \"convertedEnteredId\": \"quis sunt non\",\n          \"enteredPiId\": \"aute\"\n        }\n      ]\n    },\n    \"processingInformationMessage\": {\n      \"httpStatusCode\": \"adipisicing fugiat\",\n      \"httpStatusMessageText\": \"do in\",\n      \"errorCode\": \"FS000001\",\n      \"errorMessageText\": \"sunt Duis \"\n    }\n  },\n  \"chronicleAddResponse\": {\n    \"processorInfo\": {\n      \"system\": \"<string>\",\n      \"cycle\": \"<string>\",\n      \"tor\": \"<string>\",\n      \"mode\": \"<string>\"\n    },\n    \"message\": {\n      \"resultCode\": \"ipsum deserunt\",\n      \"messageText\": \"qui\",\n      \"transactionStatus\": \"dolore dolore Ut cupidatat\"\n    },\n    \"memoIdentifier\": \"aute dol\",\n    \"chronicleMemoAddResponse\": {\n      \"processorInfo\": {\n        \"system\": \"<string>\",\n        \"cycle\": \"<string>\",\n        \"tor\": \"<string>\",\n        \"mode\": \"<string>\"\n      },\n      \"message\": {\n        \"resultCode\": \"sunt ad in consectetur\",\n        \"messageText\": \"minim officia veniam ut\",\n        \"transactionStatus\": \"velit adipisicing sunt quis\"\n      },\n      \"memoIdentifier\": \"ex proident\"\n    },\n    \"processingInformationMessage\": {\n      \"httpStatusCode\": \"officia elit eu\",\n      \"httpStatusMessageText\": \"consectetur\",\n      \"errorCode\": \"FS000001\",\n      \"errorMessageText\": \"cupidatat commodo\"\n    }\n  },\n  \"cisAddResponse\": {\n    \"cisMemoAddResponse\": {\n      \"processorInfo\": {\n        \"system\": \"<string>\",\n        \"cycle\": \"<string>\",\n        \"tor\": \"<string>\",\n        \"mode\": \"<string>\"\n      },\n      \"message\": {\n        \"resultCode\": \"ullamco proident Excepteur officia\",\n        \"messageText\": \"ut nulla\",\n        \"transactionStatus\": \"adipisicing nulla\"\n      },\n      \"sequenceNumber\": \"dolore ut\"\n    },\n    \"processingInformationMessage\": {\n      \"httpStatusCode\": \"laboris nostrud in\",\n      \"httpStatusMessageText\": \"exercita\",\n      \"errorCode\": \"FS000001\",\n      \"errorMessageText\": \"exercitation ex minim in\"\n    }\n  },\n  \"customerIdResponse\": {\n    \"customerIdentificationResponse\": {\n      \"processorInfo\": {\n        \"system\": \"<string>\",\n        \"cycle\": \"<string>\",\n        \"tor\": \"<string>\",\n        \"mode\": \"<string>\"\n      },\n      \"customerIdentificationFields\": [\n        {\n          \"selectedFields\": {},\n          \"accountIdentifier\": \"occaecat nostrud nisi\",\n          \"convertedEnteredIdentifier\": \"dolore aliqua ullamco culpa\",\n          \"customerExternalIdentifier\": \"tempor aliquip eu\",\n          \"customerIdentificationCountryCode\": \"mollit qui tempor\",\n          \"customerIdentificationDescriptionText\": \"id adipisicing\",\n          \"customerIdentificationExpirationDate\": \"magna anim elit et\",\n          \"customerIdentificationIdentifier\": \"reprehenderit quis\",\n          \"customerIdentificationIssuedDate\": \"adipisicing l\",\n          \"customerIdentificationIssuedToFirstName\": \"Duis velit des\",\n          \"customerIdentificationIssuedToLastNameOne\": \"mollit labore minim\",\n          \"customerIdentificationIssuedToLastNameTwo\": \"adipisicing cillum mollit\",\n          \"customerIdentificationIssuedToMiddleName\": \"nulla eiusmod\",\n          \"customerIdentificationPresentmentCode\": \"culpa ut\",\n          \"customerIdentificationSubdivisionText\": \"commodo culpa sint\",\n          \"customerIdentificationTypeCode\": \"elit nulla\",\n          \"customerIdentificationTypeDescriptionText\": \"voluptate dolor consectetur laboris\",\n          \"customerIdentificationUniquenessIdentifier\": \"Excepteur dolor tempor\",\n          \"customerName\": \"\",\n          \"customerRoleCode\": \"voluptate labore laborum do est\",\n          \"memberSequenceIdentifier\": \"velit elit adipisicing\"\n        },\n        {\n          \"selectedFields\": {},\n          \"accountIdentifier\": \"sit quis anim\",\n          \"convertedEnteredIdentifier\": \"incididunt ipsum\",\n          \"customerExternalIdentifier\": \"proident sit ad\",\n          \"customerIdentificationCountryCode\": \"in aute amet\",\n          \"customerIdentificationDescriptionText\": \"id in\",\n          \"customerIdentificationExpirationDate\": \"aute deserunt aliqua irure id\",\n          \"customerIdentificationIdentifier\": \"in est\",\n          \"customerIdentificationIssuedDate\": \"veniam id voluptate deserunt proident\",\n          \"customerIdentificationIssuedToFirstName\": \"magna nulla\",\n          \"customerIdentificationIssuedToLastNameOne\": \"pariatur laborum qui aute\",\n          \"customerIdentificationIssuedToLastNameTwo\": \"id consequat non irure cillum\",\n          \"customerIdentificationIssuedToMiddleName\": \"veniam ipsum\",\n          \"customerIdentificationPresentmentCode\": \"laboris\",\n          \"customerIdentificationSubdivisionText\": \"ut mollit fugiat\",\n          \"customerIdentificationTypeCode\": \"labore do est\",\n          \"customerIdentificationTypeDescriptionText\": \"esse do ea in\",\n          \"customerIdentificationUniquenessIdentifier\": \"adipisicing do do\",\n          \"customerName\": \"in nulla laborum\",\n          \"customerRoleCode\": \"ea v\",\n          \"memberSequenceIdentifier\": \"occaecat\"\n        }\n      ]\n    },\n    \"processingInformationMessage\": {\n      \"httpStatusCode\": \"Lorem proident sit ut\",\n      \"httpStatusMessageText\": \"in ullamco sed consequat\",\n      \"errorCode\": \"FS000001\",\n      \"errorMessageText\": \"est culpa\"\n    }\n  },\n  \"generatePinChangeRefIdResponse\": {\n    \"generatePinChangeResponse\": {},\n    \"processingInformationMessage\": {\n      \"httpStatusCode\": \"cupidatat\",\n      \"httpStatusMessageText\": \"\",\n      \"errorCode\": \"FS000001\",\n      \"errorMessageText\": \"consectetur amet\"\n    }\n  },\n  \"setPinIdResponse\": {\n    \"processorInfo\": {\n      \"system\": \"<string>\",\n      \"cycle\": \"<string>\",\n      \"tor\": \"<string>\",\n      \"mode\": \"<string>\"\n    },\n    \"messageMap\": {},\n    \"processingInformationMessage\": {\n      \"httpStatusCode\": \"quis ut in\",\n      \"httpStatusMessageText\": \"fugiat ut nulla\",\n      \"errorCode\": \"FS000001\",\n      \"errorMessageText\": \"quis consequat exercitation\"\n    },\n    \"responseMessage\": [\n      {\n        \"resultCode\": \"occaecat pariatur\",\n        \"messageText\": \"eu enim\",\n        \"transactionStatus\": \"adipisicing nostrud nulla magna exer\"\n      },\n      {\n        \"resultCode\": \"et eu\",\n        \"messageText\": \"nulla ullamco Duis consectetur nisi\",\n        \"transactionStatus\": \"magn\"\n      }\n    ],\n    \"setPinIdResponse\": {}\n  }\n}","cookie":[],"_postman_previewlanguage":"json"}],"event":[],"protocolProfileBehavior":{"disableBodyPruning":true}}],"event":[],"variable":[{"type":"string","value":"https://cat.api.firstdata.com/fs","key":"baseUrl"}],"info":{"_postman_id":"cde4b9ac-386f-4d6d-b695-a8d6ef002327","name":"fs-devportal-services-1","schema":"https://schema.getpostman.com/json/collection/v2.1.0/collection.json","description":{"content":"Welcome to the Financial Services API documentation","type":"text/plain"}}}