{"item":[{"id":"0167ae90-a5f6-4d6b-8183-f473d70b9880","name":"citizens/v1","item":[{"id":"4abe36ae-309d-4f3c-b01e-28f7b248dbf5","name":"ListClientOnboardingQueueResource","request":{"name":"ListClientOnboardingQueueResource","description":{"content":"Service to list onboarding queue","type":"text/plain"},"url":{"path":["citizens","v1","listClientOnboardingQueue"],"host":["{{baseUrl}}"],"query":[],"variable":[]},"header":[{"key":"Accept","value":"*/*"}],"method":"POST","auth":null},"response":[{"id":"93621acf-0e46-48f3-a084-4aa7aa108347","name":"successful operation","originalRequest":{"url":{"path":["citizens","v1","listClientOnboardingQueue"],"host":["{{baseUrl}}"],"query":[],"variable":[]},"header":[{"key":"Accept","value":"*/*"}],"method":"POST","body":{}},"status":"OK","code":200,"header":[{"key":"Content-Type","value":"*/*"}],"body":"{\n  \"onboardingQueue\": [\n    {\n      \"billingPrin\": \"7063\",\n      \"relayId\": \"b\",\n      \"clientName\": \"bmoaaplmv\",\n      \"implementationDate\": \"1995-04-01\"\n    },\n    {\n      \"billingPrin\": \"7653\",\n      \"relayId\": \"HsXep\",\n      \"clientName\": \"ngdhlj\",\n      \"implementationDate\": \"1985-04-01\"\n    }\n  ]\n}","cookie":[],"_postman_previewlanguage":"json"},{"id":"c055f764-65b6-4e14-aaf3-0eb0959bd40a","name":"Unauthorized: Authorization failed due to missing or invalid credentials","originalRequest":{"url":{"path":["citizens","v1","listClientOnboardingQueue"],"host":["{{baseUrl}}"],"query":[],"variable":[]},"method":"POST","body":{}},"status":"Unauthorized","code":401,"header":[{"key":"Content-Type","value":"text/plain"}],"body":"","cookie":[],"_postman_previewlanguage":"text"},{"id":"5a044015-2f07-46e1-b528-030a9ab5f192","name":"Forbidden: Insufficient access for requested operation","originalRequest":{"url":{"path":["citizens","v1","listClientOnboardingQueue"],"host":["{{baseUrl}}"],"query":[],"variable":[]},"method":"POST","body":{}},"status":"Forbidden","code":403,"header":[{"key":"Content-Type","value":"text/plain"}],"body":"","cookie":[],"_postman_previewlanguage":"text"},{"id":"5223ec6b-7119-4679-876b-daeacb3139a6","name":"System Exception: Internal processes not related to client interaction with application are the cause of the failure","originalRequest":{"url":{"path":["citizens","v1","listClientOnboardingQueue"],"host":["{{baseUrl}}"],"query":[],"variable":[]},"method":"POST","body":{}},"code":452,"header":[{"key":"Content-Type","value":"text/plain"}],"body":"","cookie":[],"_postman_previewlanguage":"text"},{"id":"3a82eb9f-ad3a-4e37-834f-3e7117382488","name":"Validation Exception: The request failed validation, modify the request and resubmit","originalRequest":{"url":{"path":["citizens","v1","listClientOnboardingQueue"],"host":["{{baseUrl}}"],"query":[],"variable":[]},"method":"POST","body":{}},"code":453,"header":[{"key":"Content-Type","value":"text/plain"}],"body":"","cookie":[],"_postman_previewlanguage":"text"},{"id":"d20f8e23-1f4e-48ec-a008-2c1386b4f5a2","name":"ODS Error Exception: ODS returned a message with transaction status ERROR","originalRequest":{"url":{"path":["citizens","v1","listClientOnboardingQueue"],"host":["{{baseUrl}}"],"query":[],"variable":[]},"method":"POST","body":{}},"code":455,"header":[{"key":"Content-Type","value":"text/plain"}],"body":"","cookie":[],"_postman_previewlanguage":"text"}],"event":[],"protocolProfileBehavior":{"disableBodyPruning":true}},{"id":"0474da0d-be6c-4dbb-9b08-3d86cccf41f8","name":"AddUpdateClientResource","request":{"name":"AddUpdateClientResource","description":{"content":"Service to add/update client in onboarding queue","type":"text/plain"},"url":{"path":["citizens","v1","updateClientOnboardingQueue"],"host":["{{baseUrl}}"],"query":[],"variable":[]},"header":[{"key":"Content-Type","value":"*/*"},{"key":"Accept","value":"*/*"}],"method":"POST","auth":null,"body":{"mode":"raw","raw":"{\n  \"common\": {\n    \"user\": \"<string>\",\n    \"agent\": \"<string>\",\n    \"cycle\": \"<string>\",\n    \"clientNumber\": \"<string>\",\n    \"system\": \"<string>\",\n    \"prin\": \"<string>\",\n    \"debug\": \"<boolean>\",\n    \"org\": \"<string>\",\n    \"processor\": \"<boolean>\",\n    \"contentType\": \"<string>\",\n    \"retry\": \"<long>\",\n    \"timeout\": \"<long>\",\n    \"siteId\": \"<string>\",\n    \"internalOrigin\": \"<boolean>\",\n    \"uuid\": \"<string>\",\n    \"rts\": \"<dateTime>\"\n  },\n  \"onboardingRequestList\": [\n    {\n      \"billingPrin\": \"<string>\",\n      \"relayId\": \"<string>\",\n      \"clientName\": \"<string>\",\n      \"implementationDate\": \"<date>\"\n    },\n    {\n      \"billingPrin\": \"<string>\",\n      \"relayId\": \"<string>\",\n      \"clientName\": \"<string>\",\n      \"implementationDate\": \"<date>\"\n    }\n  ]\n}"}},"response":[{"id":"895c6967-c66d-4858-bdef-8fd30749fcee","name":"successful operation","originalRequest":{"url":{"path":["citizens","v1","updateClientOnboardingQueue"],"host":["{{baseUrl}}"],"query":[],"variable":[]},"header":[{"key":"Accept","value":"*/*"}],"method":"POST","body":{"mode":"raw","raw":"{\n  \"common\": {\n    \"user\": \"<string>\",\n    \"agent\": \"4000\",\n    \"cycle\": \"T\",\n    \"clientNumber\": \"1000\",\n    \"system\": \"2000\",\n    \"prin\": \"3000\",\n    \"debug\": \"<boolean>\",\n    \"org\": \"<string>\",\n    \"processor\": \"<boolean>\",\n    \"contentType\": \"<string>\",\n    \"retry\": 0,\n    \"timeout\": 45000,\n    \"siteId\": \"4201\",\n    \"internalOrigin\": \"<boolean>\",\n    \"uuid\": \"a5eac27d-cd89-4096-a331-306480bfee76\",\n    \"rts\": \"<dateTime>\"\n  },\n  \"onboardingRequestList\": [\n    {\n      \"billingPrin\": \"<string>\",\n      \"relayId\": \"<string>\",\n      \"clientName\": \"<string>\",\n      \"implementationDate\": \"<date>\"\n    },\n    {\n      \"billingPrin\": \"<string>\",\n      \"relayId\": \"<string>\",\n      \"clientName\": \"<string>\",\n      \"implementationDate\": \"<date>\"\n    }\n  ]\n}"}},"status":"OK","code":200,"header":[{"key":"Content-Type","value":"*/*"}],"body":"{}","cookie":[],"_postman_previewlanguage":"json"},{"id":"6e18669b-5572-4c21-89ae-676babdbe1bf","name":"Unauthorized: Authorization failed due to missing or invalid credentials","originalRequest":{"url":{"path":["citizens","v1","updateClientOnboardingQueue"],"host":["{{baseUrl}}"],"query":[],"variable":[]},"method":"POST","body":{"mode":"raw","raw":"{\n  \"common\": {\n    \"user\": \"<string>\",\n    \"agent\": \"4000\",\n    \"cycle\": \"T\",\n    \"clientNumber\": \"1000\",\n    \"system\": \"2000\",\n    \"prin\": \"3000\",\n    \"debug\": \"<boolean>\",\n    \"org\": \"<string>\",\n    \"processor\": \"<boolean>\",\n    \"contentType\": \"<string>\",\n    \"retry\": 0,\n    \"timeout\": 45000,\n    \"siteId\": \"4201\",\n    \"internalOrigin\": \"<boolean>\",\n    \"uuid\": \"a5eac27d-cd89-4096-a331-306480bfee76\",\n    \"rts\": \"<dateTime>\"\n  },\n  \"onboardingRequestList\": [\n    {\n      \"billingPrin\": \"<string>\",\n      \"relayId\": \"<string>\",\n      \"clientName\": \"<string>\",\n      \"implementationDate\": \"<date>\"\n    },\n    {\n      \"billingPrin\": \"<string>\",\n      \"relayId\": \"<string>\",\n      \"clientName\": \"<string>\",\n      \"implementationDate\": \"<date>\"\n    }\n  ]\n}"}},"status":"Unauthorized","code":401,"header":[{"key":"Content-Type","value":"text/plain"}],"body":"","cookie":[],"_postman_previewlanguage":"text"},{"id":"7bcc434e-b2f5-4fa2-b392-322717549e53","name":"Forbidden: Insufficient access for requested operation","originalRequest":{"url":{"path":["citizens","v1","updateClientOnboardingQueue"],"host":["{{baseUrl}}"],"query":[],"variable":[]},"method":"POST","body":{"mode":"raw","raw":"{\n  \"common\": {\n    \"user\": \"<string>\",\n    \"agent\": \"4000\",\n    \"cycle\": \"T\",\n    \"clientNumber\": \"1000\",\n    \"system\": \"2000\",\n    \"prin\": \"3000\",\n    \"debug\": \"<boolean>\",\n    \"org\": \"<string>\",\n    \"processor\": \"<boolean>\",\n    \"contentType\": \"<string>\",\n    \"retry\": 0,\n    \"timeout\": 45000,\n    \"siteId\": \"4201\",\n    \"internalOrigin\": \"<boolean>\",\n    \"uuid\": \"a5eac27d-cd89-4096-a331-306480bfee76\",\n    \"rts\": \"<dateTime>\"\n  },\n  \"onboardingRequestList\": [\n    {\n      \"billingPrin\": \"<string>\",\n      \"relayId\": \"<string>\",\n      \"clientName\": \"<string>\",\n      \"implementationDate\": \"<date>\"\n    },\n    {\n      \"billingPrin\": \"<string>\",\n      \"relayId\": \"<string>\",\n      \"clientName\": \"<string>\",\n      \"implementationDate\": \"<date>\"\n    }\n  ]\n}"}},"status":"Forbidden","code":403,"header":[{"key":"Content-Type","value":"text/plain"}],"body":"","cookie":[],"_postman_previewlanguage":"text"},{"id":"38b1f2db-9eee-4dc8-9135-f203a099615b","name":"System Exception: Internal processes not related to client interaction with application are the cause of the failure","originalRequest":{"url":{"path":["citizens","v1","updateClientOnboardingQueue"],"host":["{{baseUrl}}"],"query":[],"variable":[]},"method":"POST","body":{"mode":"raw","raw":"{\n  \"common\": {\n    \"user\": \"<string>\",\n    \"agent\": \"4000\",\n    \"cycle\": \"T\",\n    \"clientNumber\": \"1000\",\n    \"system\": \"2000\",\n    \"prin\": \"3000\",\n    \"debug\": \"<boolean>\",\n    \"org\": \"<string>\",\n    \"processor\": \"<boolean>\",\n    \"contentType\": \"<string>\",\n    \"retry\": 0,\n    \"timeout\": 45000,\n    \"siteId\": \"4201\",\n    \"internalOrigin\": \"<boolean>\",\n    \"uuid\": \"a5eac27d-cd89-4096-a331-306480bfee76\",\n    \"rts\": \"<dateTime>\"\n  },\n  \"onboardingRequestList\": [\n    {\n      \"billingPrin\": \"<string>\",\n      \"relayId\": \"<string>\",\n      \"clientName\": \"<string>\",\n      \"implementationDate\": \"<date>\"\n    },\n    {\n      \"billingPrin\": \"<string>\",\n      \"relayId\": \"<string>\",\n      \"clientName\": \"<string>\",\n      \"implementationDate\": \"<date>\"\n    }\n  ]\n}"}},"code":452,"header":[{"key":"Content-Type","value":"text/plain"}],"body":"","cookie":[],"_postman_previewlanguage":"text"},{"id":"4127791b-ab5a-4a70-86f9-a3701ebac136","name":"Validation Exception: The request failed validation, modify the request and resubmit","originalRequest":{"url":{"path":["citizens","v1","updateClientOnboardingQueue"],"host":["{{baseUrl}}"],"query":[],"variable":[]},"method":"POST","body":{"mode":"raw","raw":"{\n  \"common\": {\n    \"user\": \"<string>\",\n    \"agent\": \"4000\",\n    \"cycle\": \"T\",\n    \"clientNumber\": \"1000\",\n    \"system\": \"2000\",\n    \"prin\": \"3000\",\n    \"debug\": \"<boolean>\",\n    \"org\": \"<string>\",\n    \"processor\": \"<boolean>\",\n    \"contentType\": \"<string>\",\n    \"retry\": 0,\n    \"timeout\": 45000,\n    \"siteId\": \"4201\",\n    \"internalOrigin\": \"<boolean>\",\n    \"uuid\": \"a5eac27d-cd89-4096-a331-306480bfee76\",\n    \"rts\": \"<dateTime>\"\n  },\n  \"onboardingRequestList\": [\n    {\n      \"billingPrin\": \"<string>\",\n      \"relayId\": \"<string>\",\n      \"clientName\": \"<string>\",\n      \"implementationDate\": \"<date>\"\n    },\n    {\n      \"billingPrin\": \"<string>\",\n      \"relayId\": \"<string>\",\n      \"clientName\": \"<string>\",\n      \"implementationDate\": \"<date>\"\n    }\n  ]\n}"}},"code":453,"header":[{"key":"Content-Type","value":"text/plain"}],"body":"","cookie":[],"_postman_previewlanguage":"text"},{"id":"ecb126e6-2399-4062-98d0-ceff7607ed18","name":"ODS Error Exception: ODS returned a message with transaction status ERROR","originalRequest":{"url":{"path":["citizens","v1","updateClientOnboardingQueue"],"host":["{{baseUrl}}"],"query":[],"variable":[]},"method":"POST","body":{"mode":"raw","raw":"{\n  \"common\": {\n    \"user\": \"<string>\",\n    \"agent\": \"4000\",\n    \"cycle\": \"T\",\n    \"clientNumber\": \"1000\",\n    \"system\": \"2000\",\n    \"prin\": \"3000\",\n    \"debug\": \"<boolean>\",\n    \"org\": \"<string>\",\n    \"processor\": \"<boolean>\",\n    \"contentType\": \"<string>\",\n    \"retry\": 0,\n    \"timeout\": 45000,\n    \"siteId\": \"4201\",\n    \"internalOrigin\": \"<boolean>\",\n    \"uuid\": \"a5eac27d-cd89-4096-a331-306480bfee76\",\n    \"rts\": \"<dateTime>\"\n  },\n  \"onboardingRequestList\": [\n    {\n      \"billingPrin\": \"<string>\",\n      \"relayId\": \"<string>\",\n      \"clientName\": \"<string>\",\n      \"implementationDate\": \"<date>\"\n    },\n    {\n      \"billingPrin\": \"<string>\",\n      \"relayId\": \"<string>\",\n      \"clientName\": \"<string>\",\n      \"implementationDate\": \"<date>\"\n    }\n  ]\n}"}},"code":455,"header":[{"key":"Content-Type","value":"text/plain"}],"body":"","cookie":[],"_postman_previewlanguage":"text"}],"event":[],"protocolProfileBehavior":{"disableBodyPruning":true}}],"event":[]}],"event":[],"variable":[{"type":"string","value":"https://cat.api.firstdata.com/fs","key":"baseUrl"}],"info":{"_postman_id":"d2bf9fdb-193c-436d-a388-466771b423db","name":"fs-devportal-services-1","schema":"https://schema.getpostman.com/json/collection/v2.1.0/collection.json","description":{"content":"Welcome to the Financial Services API documentation","type":"text/plain"}}}