{"item":[{"id":"66e1ff75-ef72-4905-b24d-6ec24cfa7431","name":"collectionsIncarceration/v1","item":[{"id":"ffabe809-96fd-4c06-b728-0ece30d084a6","name":"Execute Incarceration Task Flow","request":{"name":"Execute Incarceration Task Flow","description":{"content":"Execute Incarceration Task Flow","type":"text/plain"},"url":{"path":["collectionsIncarceration","v1","executeTaskFlow"],"host":["{{baseUrl}}"],"query":[],"variable":[]},"header":[{"key":"Content-Type","value":"application/json"},{"key":"Accept","value":"application/json"}],"method":"POST","auth":null,"body":{"mode":"raw","raw":"{\n  \"caseId\": \"<string>\",\n  \"common\": {\n    \"user\": \"<string>\",\n    \"agent\": \"<string>\",\n    \"cycle\": \"<string>\",\n    \"clientNumber\": \"<string>\",\n    \"system\": \"<string>\",\n    \"prin\": \"<string>\",\n    \"debug\": \"<boolean>\",\n    \"org\": \"<string>\",\n    \"processor\": \"<boolean>\",\n    \"contentType\": \"<string>\",\n    \"retry\": \"<long>\",\n    \"timeout\": \"<long>\",\n    \"siteId\": \"<string>\"\n  },\n  \"count\": \"<integer>\",\n  \"callingApplication\": \"<string>\",\n  \"retry\": \"<boolean>\",\n  \"requestType\": \"<string>\",\n  \"requestSecureStorageId\": \"<string>\",\n  \"processUsingData\": {}\n}","options":{"raw":{"language":"json"}}}},"response":[{"id":"8a02b012-1729-4aef-9bb8-ba536c4c9b5f","name":"successful operation","originalRequest":{"url":{"path":["collectionsIncarceration","v1","executeTaskFlow"],"host":["{{baseUrl}}"],"query":[],"variable":[]},"header":[{"key":"Accept","value":"application/json"}],"method":"POST","body":{"mode":"raw","raw":"{\n  \"caseId\": \"<string>\",\n  \"common\": {\n    \"user\": \"<string>\",\n    \"agent\": \"4000\",\n    \"cycle\": \"T\",\n    \"clientNumber\": \"1000\",\n    \"system\": \"2000\",\n    \"prin\": \"3000\",\n    \"debug\": \"<boolean>\",\n    \"org\": \"<string>\",\n    \"processor\": \"<boolean>\",\n    \"contentType\": \"<string>\",\n    \"retry\": 0,\n    \"timeout\": 45000,\n    \"siteId\": \"4201\"\n  },\n  \"count\": \"<integer>\",\n  \"callingApplication\": \"<string>\",\n  \"retry\": \"<boolean>\",\n  \"requestType\": \"<string>\",\n  \"requestSecureStorageId\": \"<string>\",\n  \"processUsingData\": {}\n}","options":{"raw":{"language":"json"}}}},"status":"OK","code":200,"header":[{"key":"Content-Type","value":"application/json"}],"body":"{\n  \"common\": {\n    \"user\": \"<string>\",\n    \"agent\": \"4000\",\n    \"cycle\": \"T\",\n    \"clientNumber\": \"1000\",\n    \"system\": \"2000\",\n    \"prin\": \"3000\",\n    \"debug\": \"<boolean>\",\n    \"org\": \"<string>\",\n    \"processor\": \"<boolean>\",\n    \"contentType\": \"<string>\",\n    \"retry\": 0,\n    \"timeout\": 45000,\n    \"siteId\": \"4201\"\n  },\n  \"errors\": [\n    {\n      \"httpStatus\": \"commodo sint aute enim\",\n      \"requestId\": \"Excepteur id irure\",\n      \"message\": \"cupidatat\",\n      \"fieldName\": \"dolor id\",\n      \"recoverable\": true,\n      \"code\": \"consequat veniam enim\",\n      \"error\": \"ex pariatur in\"\n    },\n    {\n      \"httpStatus\": \"ut occaecat\",\n      \"requestId\": \"enim irure\",\n      \"message\": \"quis reprehenderit\",\n      \"fieldName\": \"dolore proident\",\n      \"recoverable\": true,\n      \"code\": \"aute et magna\",\n      \"error\": \"aliqua\"\n    }\n  ],\n  \"responseStatus\": \"nulla cupidatat eu\",\n  \"shouldRetry\": true\n}","cookie":[],"_postman_previewlanguage":"json"}],"event":[],"protocolProfileBehavior":{"disableBodyPruning":true}},{"id":"ca2fd3b8-db2d-4608-af81-247350a783bd","name":"incarcerationCreateWorkflow","request":{"name":"incarcerationCreateWorkflow","description":{"content":"Create basic Incarceration Add/Update Workflow Service","type":"text/plain"},"url":{"path":["collectionsIncarceration","v1","incarcerationAddUpdateWorkflow"],"host":["{{baseUrl}}"],"query":[],"variable":[]},"header":[{"key":"Content-Type","value":"application/json"},{"key":"Accept","value":"application/json"}],"method":"POST","auth":null,"body":{"mode":"raw","raw":"{\n  \"incarcerationEndDate\": \"<string>\",\n  \"incarcerationStartDate\": \"<string>\",\n  \"locationOfIncarceration\": \"<string>\",\n  \"common\": {\n    \"user\": \"<string>\",\n    \"agent\": \"<string>\",\n    \"cycle\": \"<string>\",\n    \"clientNumber\": \"<string>\",\n    \"system\": \"<string>\",\n    \"prin\": \"<string>\",\n    \"debug\": \"<boolean>\",\n    \"org\": \"<string>\",\n    \"processor\": \"<boolean>\",\n    \"contentType\": \"<string>\",\n    \"retry\": \"<long>\",\n    \"timeout\": \"<long>\",\n    \"siteId\": \"<string>\",\n    \"externalCustomerId\": \"<string>\",\n    \"accountId\": \"<string>\",\n    \"presentationId\": \"<string>\"\n  },\n  \"callingApplication\": \"<string>\",\n  \"operatorCode\": \"<string>\",\n  \"cardholderContactedPhoneNumber\": \"<string>\",\n  \"contactName\": \"<string>\"\n}","options":{"raw":{"language":"json"}}}},"response":[{"id":"dd7445a2-8e01-4768-bced-f410f6e62dfa","name":"successful operation","originalRequest":{"url":{"path":["collectionsIncarceration","v1","incarcerationAddUpdateWorkflow"],"host":["{{baseUrl}}"],"query":[],"variable":[]},"header":[{"key":"Accept","value":"application/json"}],"method":"POST","body":{"mode":"raw","raw":"{\n  \"incarcerationEndDate\": \"<string>\",\n  \"incarcerationStartDate\": \"<string>\",\n  \"locationOfIncarceration\": \"<string>\",\n  \"common\": {\n    \"user\": \"<string>\",\n    \"agent\": \"4000\",\n    \"cycle\": \"T\",\n    \"clientNumber\": \"1000\",\n    \"system\": \"2000\",\n    \"prin\": \"3000\",\n    \"debug\": \"<boolean>\",\n    \"org\": \"<string>\",\n    \"processor\": \"<boolean>\",\n    \"contentType\": \"<string>\",\n    \"retry\": 0,\n    \"timeout\": 45000,\n    \"siteId\": \"4201\",\n    \"externalCustomerId\": \"<string>\",\n    \"accountId\": \"8888888888888888\",\n    \"presentationId\": \"<string>\"\n  },\n  \"callingApplication\": \"O5E\",\n  \"operatorCode\": \"o6r\",\n  \"cardholderContactedPhoneNumber\": \"<string>\",\n  \"contactName\": \"<string>\"\n}","options":{"raw":{"language":"json"}}}},"status":"OK","code":200,"header":[{"key":"Content-Type","value":"application/json"}],"body":"{\n  \"processorInfo\": {\n    \"system\": \"qui\",\n    \"cycle\": \"Excepteur irure commodo ex\",\n    \"tor\": \"occaecat aliquip\",\n    \"mode\": \"nulla\"\n  },\n  \"status\": \"magna Excepteur\",\n  \"statusCode\": \"velit exerci\",\n  \"statusMessage\": \"magna elit consequat culpa\",\n  \"caseId\": \"qui consectetur magna cillum\"\n}","cookie":[],"_postman_previewlanguage":"json"}],"event":[],"protocolProfileBehavior":{"disableBodyPruning":true}},{"id":"8ba83379-8f07-47f0-90e3-870ee54ab69a","name":"incarcerationDeleteWorkflow","request":{"name":"incarcerationDeleteWorkflow","description":{"content":"incarceration Delete Workflow service","type":"text/plain"},"url":{"path":["collectionsIncarceration","v1","incarcerationDeleteWorkflow"],"host":["{{baseUrl}}"],"query":[],"variable":[]},"header":[{"key":"Content-Type","value":"application/json"},{"key":"Accept","value":"application/json"}],"method":"POST","auth":null,"body":{"mode":"raw","raw":"{\n  \"common\": {\n    \"user\": \"<string>\",\n    \"agent\": \"<string>\",\n    \"cycle\": \"<string>\",\n    \"clientNumber\": \"<string>\",\n    \"system\": \"<string>\",\n    \"prin\": \"<string>\",\n    \"debug\": \"<boolean>\",\n    \"org\": \"<string>\",\n    \"processor\": \"<boolean>\",\n    \"contentType\": \"<string>\",\n    \"retry\": \"<long>\",\n    \"timeout\": \"<long>\",\n    \"siteId\": \"<string>\",\n    \"externalCustomerId\": \"<string>\",\n    \"accountId\": \"<string>\",\n    \"presentationId\": \"<string>\"\n  },\n  \"callingApplication\": \"<string>\",\n  \"operatorCode\": \"<string>\",\n  \"cardholderContactedPhoneNumber\": \"<string>\",\n  \"contactName\": \"<string>\"\n}","options":{"raw":{"language":"json"}}}},"response":[{"id":"ce36d521-bbf3-416c-8ff8-4978c8b56090","name":"successful operation","originalRequest":{"url":{"path":["collectionsIncarceration","v1","incarcerationDeleteWorkflow"],"host":["{{baseUrl}}"],"query":[],"variable":[]},"header":[{"key":"Accept","value":"application/json"}],"method":"POST","body":{"mode":"raw","raw":"{\n  \"common\": {\n    \"user\": \"<string>\",\n    \"agent\": \"4000\",\n    \"cycle\": \"T\",\n    \"clientNumber\": \"1000\",\n    \"system\": \"2000\",\n    \"prin\": \"3000\",\n    \"debug\": \"<boolean>\",\n    \"org\": \"<string>\",\n    \"processor\": \"<boolean>\",\n    \"contentType\": \"<string>\",\n    \"retry\": 0,\n    \"timeout\": 45000,\n    \"siteId\": \"4201\",\n    \"externalCustomerId\": \"<string>\",\n    \"accountId\": \"8888888888888888\",\n    \"presentationId\": \"<string>\"\n  },\n  \"callingApplication\": \"N\",\n  \"operatorCode\": \"ga\",\n  \"cardholderContactedPhoneNumber\": \"<string>\",\n  \"contactName\": \"<string>\"\n}","options":{"raw":{"language":"json"}}}},"status":"OK","code":200,"header":[{"key":"Content-Type","value":"application/json"}],"body":"{\n  \"processorInfo\": {\n    \"system\": \"qui\",\n    \"cycle\": \"Excepteur irure commodo ex\",\n    \"tor\": \"occaecat aliquip\",\n    \"mode\": \"nulla\"\n  },\n  \"status\": \"magna Excepteur\",\n  \"statusCode\": \"velit exerci\",\n  \"statusMessage\": \"magna elit consequat culpa\",\n  \"caseId\": \"qui consectetur magna cillum\"\n}","cookie":[],"_postman_previewlanguage":"json"}],"event":[],"protocolProfileBehavior":{"disableBodyPruning":true}},{"id":"c791f2d0-cce3-43a6-be98-23145fdb8703","name":"Returns Collections incarceration Status and details","request":{"name":"Returns Collections incarceration Status and details","description":{},"url":{"path":["collectionsIncarceration","v1","incarcerationDetails"],"host":["{{baseUrl}}"],"query":[],"variable":[]},"header":[{"key":"Content-Type","value":"application/json"},{"key":"Accept","value":"application/json"}],"method":"POST","auth":null,"body":{"mode":"raw","raw":"{\n  \"common\": {\n    \"user\": \"<string>\",\n    \"agent\": \"<string>\",\n    \"cycle\": \"<string>\",\n    \"clientNumber\": \"<string>\",\n    \"system\": \"<string>\",\n    \"prin\": \"<string>\",\n    \"debug\": \"<boolean>\",\n    \"org\": \"<string>\",\n    \"processor\": \"<boolean>\",\n    \"contentType\": \"<string>\",\n    \"retry\": \"<long>\",\n    \"timeout\": \"<long>\",\n    \"siteId\": \"<string>\",\n    \"externalCustomerId\": \"<string>\",\n    \"accountId\": \"<string>\",\n    \"presentationId\": \"<string>\"\n  },\n  \"callingApplication\": \"<string>\",\n  \"operatorCode\": \"<string>\"\n}","options":{"raw":{"language":"json"}}}},"response":[{"id":"28e9388a-4454-4ba0-838e-78956fe5600f","name":"successful operation","originalRequest":{"url":{"path":["collectionsIncarceration","v1","incarcerationDetails"],"host":["{{baseUrl}}"],"query":[],"variable":[]},"header":[{"key":"Accept","value":"application/json"}],"method":"POST","body":{"mode":"raw","raw":"{\n  \"common\": {\n    \"user\": \"<string>\",\n    \"agent\": \"4000\",\n    \"cycle\": \"T\",\n    \"clientNumber\": \"1000\",\n    \"system\": \"2000\",\n    \"prin\": \"3000\",\n    \"debug\": \"<boolean>\",\n    \"org\": \"<string>\",\n    \"processor\": \"<boolean>\",\n    \"contentType\": \"<string>\",\n    \"retry\": 0,\n    \"timeout\": 45000,\n    \"siteId\": \"4201\",\n    \"externalCustomerId\": \"<string>\",\n    \"accountId\": \"8888888888888888\",\n    \"presentationId\": \"<string>\"\n  },\n  \"callingApplication\": \"\",\n  \"operatorCode\": \"J\"\n}","options":{"raw":{"language":"json"}}}},"status":"OK","code":200,"header":[{"key":"Content-Type","value":"application/json"}],"body":"{\n  \"processorInfo\": {\n    \"system\": \"consectetur sint cupidatat\",\n    \"cycle\": \"Ut aliquip esse\",\n    \"tor\": \"cillum\",\n    \"mode\": \"voluptate occaecat velit sit\"\n  },\n  \"status\": \"irure\",\n  \"statusCode\": \"sunt sed laboris\",\n  \"statusMessage\": \"magna velit ad\",\n  \"caseId\": \"Duis sit esse nisi\",\n  \"latestIncarcerationStatus\": \"nostrud non Ut eu\",\n  \"latestIncarcerationDetail\": {\n    \"id\": -29456502,\n    \"active\": false,\n    \"incarcerationChangeHistoryList\": [\n      {\n        \"actionDateTime\": \"2023-12-11T11:31:42Z\",\n        \"actionStatus\": \"magna amet nisi\",\n        \"actionType\": \"dolor incididunt\",\n        \"contactName\": \"ut et esse aliqua\",\n        \"incarcerationStartDate\": \"aute dolore commodo et l\",\n        \"incarcerationEndDate\": \"reprehenderit deserunt nisi dolore\",\n        \"locationOfIncarceration\": \"pariatur culpa\"\n      },\n      {\n        \"actionDateTime\": \"2023-12-11T11:31:42Z\",\n        \"actionStatus\": \"reprehenderi\",\n        \"actionType\": \"laboris est pari\",\n        \"contactName\": \"mollit occaecat qui\",\n        \"incarcerationStartDate\": \"dolor magna pariatur nisi\",\n        \"incarcerationEndDate\": \"et amet\",\n        \"locationOfIncarceration\": \"tempor magna in aliquip adipisicing\"\n      }\n    ]\n  }\n}","cookie":[],"_postman_previewlanguage":"json"}],"event":[],"protocolProfileBehavior":{"disableBodyPruning":true}}],"event":[]}],"event":[],"variable":[{"type":"string","value":"https://cat.api.firstdata.com/fs","key":"baseUrl"}],"info":{"_postman_id":"2b25f401-32ab-4f80-b789-fb7055f46fe9","name":"fs-devportal-services-1","schema":"https://schema.getpostman.com/json/collection/v2.1.0/collection.json","description":{"content":"Welcome to the Financial Services API documentation","type":"text/plain"}}}