{"item":[{"id":"e9b7599e-6136-43d0-8705-1cb3a7777588","name":"getDataTokens","request":{"name":"getDataTokens","description":{"content":"To get the data token record for the inputsRequired Fields: Sys ID, Prin ID, Agent ID","type":"text/plain"},"url":{"path":["dataToken","v1","getDataTokens"],"host":["{{baseUrl}}"],"query":[],"variable":[]},"header":[{"key":"Accept","value":"application/json"}],"method":"POST","auth":null},"response":[{"id":"a2bc772f-acf8-4ae9-8a9d-3a6683a1c41f","name":"successful operation","originalRequest":{"url":{"path":["dataToken","v1","getDataTokens"],"host":["{{baseUrl}}"],"query":[],"variable":[]},"header":[{"key":"Accept","value":"application/json"}],"method":"POST","body":{}},"status":"OK","code":200,"header":[{"key":"Content-Type","value":"application/json"}],"body":"{\n  \"agntId\": \"qui dolor\",\n  \"keyId\": \"incididunt anim\",\n  \"keyIdntTypeCd\": \"veniam amet cupidatat\",\n  \"mntnTs\": \"2024-04-24T12:50:26Z\",\n  \"prinId\": \"adipisicing sed\",\n  \"sysId\": \"laborum amet in\",\n  \"toknId\": \"in ad consequat minim proident\",\n  \"clientId\": \"commodo consequat\"\n}","cookie":[],"_postman_previewlanguage":"json"}],"event":[],"protocolProfileBehavior":{"disableBodyPruning":true}}],"event":[],"variable":[{"type":"string","value":"https://cat.api.firstdata.com/fs","key":"baseUrl"}],"info":{"_postman_id":"b8e2b724-521e-4107-8fe5-17096e6aae34","name":"fs-devportal-services-1","schema":"https://schema.getpostman.com/json/collection/v2.1.0/collection.json","description":{"content":"Welcome to the Financial Services API documentation","type":"text/plain"}}}