{"item":[{"id":"58a87881-eb1b-48dc-9ef3-1f8204270e39","name":"digitalCashAdvance/v1","item":[{"id":"af6f2405-577e-4faa-99fc-b4870bedb69a","name":"Add Disbursement Account","request":{"name":"Add Disbursement Account","description":{"content":"Add Disbursement Account","type":"text/plain"},"url":{"path":["digitalCashAdvance","v1","addDisbursementAccount"],"host":["{{baseUrl}}"],"query":[],"variable":[]},"header":[{"key":"Accept","value":"application/json"}],"method":"POST","auth":null},"response":[{"id":"43915120-34a3-421d-910e-3319d8ad67b8","name":"Success|OK","originalRequest":{"url":{"path":["digitalCashAdvance","v1","addDisbursementAccount"],"host":["{{baseUrl}}"],"query":[],"variable":[]},"header":[{"key":"Accept","value":"application/json"}],"method":"POST","body":{}},"status":"OK","code":200,"header":[{"key":"Content-Type","value":"application/json"}],"body":"{\n  \"developerMessage\": {\n    \"code\": \"sit enim veniam ut\",\n    \"message\": \"eu ullamco veniam sit deserunt\",\n    \"category\": \"nulla\",\n    \"developerInfo\": {\n      \"developerMessage\": \"sit irure quis aute\",\n      \"fieldError\": [\n        {\n          \"field\": \"amet non magna\",\n          \"message\": \"reprehenderit veniam culpa nisi\"\n        },\n        {\n          \"field\": \"aliqua elit Duis\",\n          \"message\": \"elit non\"\n        }\n      ]\n    },\n    \"accounts\": [\n      {\n        \"token\": {\n          \"tokenType\": \"officia nostrud ullamco voluptate\",\n          \"tokenId\": \"ex non\",\n          \"tokenProvider\": \"dolore do in tempor\"\n        }\n      },\n      {\n        \"token\": {\n          \"tokenType\": \"voluptate occaecat id pariatur\",\n          \"tokenId\": \"Lorem labore\",\n          \"tokenProvider\": \"ullamco in\"\n        }\n      }\n    ]\n  },\n  \"disbAccountResponseTo\": {\n    \"cardTo\": {\n      \"cardNumber\": \"Excepteur amet eiusmod nisi\",\n      \"expiryDate\": \"sit aliqua officia fugiat\",\n      \"tokenId\": \"ea mollit aliquip\",\n      \"tokenProvider\": \"dolor quis\",\n      \"expiryMonth\": \"in ut et dolore\",\n      \"expiryYear\": \"Excepteur deserunt\"\n    },\n    \"achTo\": {\n      \"accountNumber\": \"dolor nostrud eu Lorem eiusmod\",\n      \"accountType\": \"occaecat cillum\",\n      \"routingNumber\": \"307584559\",\n      \"tokenId\": \"labore eiusmod culpa non\",\n      \"tokenProvider\": \"ipsum nostrud\"\n    }\n  },\n  \"emailAddress\": \"est nisi mollit\",\n  \"emailAddressPrimary\": true,\n  \"emailAddressType\": \"incididunt in\",\n  \"merchantCustomerId\": \"in ullamco laborum\",\n  \"message\": \"ut do velit irure elit\",\n  \"processorInfo\": {\n    \"system\": \"exercitation reprehenderit in\",\n    \"cycle\": \"est\",\n    \"tor\": \"ipsum magna \",\n    \"mode\": \"tempor qui veniam\"\n  },\n  \"recipientId\": \"officia l\",\n  \"status\": \"eu cupidatat et\"\n}","cookie":[],"_postman_previewlanguage":"json"}],"event":[],"protocolProfileBehavior":{"disableBodyPruning":true}},{"id":"f323618f-5210-461a-974e-dbc9402046aa","name":"Disbursement of Funds","request":{"name":"Disbursement of Funds","description":{"content":"Disbursement of Funds","type":"text/plain"},"url":{"path":["digitalCashAdvance","v1","disburseFunds"],"host":["{{baseUrl}}"],"query":[],"variable":[]},"header":[{"key":"Accept","value":"application/json"}],"method":"POST","auth":null},"response":[{"id":"9adcfd19-d3c4-4f5b-9c71-dd6f38a5ba61","name":"Success|OK","originalRequest":{"url":{"path":["digitalCashAdvance","v1","disburseFunds"],"host":["{{baseUrl}}"],"query":[],"variable":[]},"header":[{"key":"Accept","value":"application/json"}],"method":"POST","body":{}},"status":"OK","code":200,"header":[{"key":"Content-Type","value":"application/json"}],"body":"{\n  \"accountId\": \"aliqua amet\",\n  \"accountTokenId\": \"Excepteur ad ut quis id\",\n  \"clientNumber\": \"irure elit dolor\",\n  \"directDisbursementDdpResponse\": {\n    \"code\": \"aut\",\n    \"message\": \"irure sit\",\n    \"category\": \"veniam\",\n    \"developerInfo\": {\n      \"developerMessage\": \"tempor Ut ut sint\",\n      \"fieldError\": [\n        {\n          \"field\": \"qui voluptate\",\n          \"message\": \"minim est proident nulla\"\n        },\n        {\n          \"field\": \"sunt aliquip\",\n          \"message\": \"incididunt ut amet\"\n        }\n      ]\n    },\n    \"transactionId\": \"Excepteur id\",\n    \"created\": -367895.02390508354,\n    \"merchantTransactionId\": \"pariatur esse exercitation Duis quis\",\n    \"applyDate\": \"anim ven\",\n    \"transactionDate\": \"ad nostrud\",\n    \"recipient\": [\n      {\n        \"merchantCustomerId\": \"in ea commodo ullamco\",\n        \"recipientId\": \"exercitation eiusmod aliquip\",\n        \"payments\": {\n          \"paymentId\": \"sit\",\n          \"amount\": {\n            \"total\": {\n              \"value\": \"<Error: Too many levels of nesting to fake this schema>\"\n            },\n            \"currency\": {\n              \"value\": \"<Error: Too many levels of nesting to fake this schema>\"\n            }\n          },\n          \"fee\": {\n            \"total\": {\n              \"value\": \"<Error: Too many levels of nesting to fake this schema>\"\n            },\n            \"currency\": {\n              \"value\": \"<Error: Too many levels of nesting to fake this schema>\"\n            }\n          },\n          \"paymentType\": \"nulla laborum\",\n          \"paymentStatus\": \"ullamco non magna\"\n        },\n        \"source\": \"consectetur sed dolor velit in\"\n      },\n      {\n        \"merchantCustomerId\": \"eu ea Ut minim\",\n        \"recipientId\": \"dolor anim\",\n        \"payments\": {\n          \"paymentId\": \"fugiat in\",\n          \"amount\": {\n            \"total\": {\n              \"value\": \"<Error: Too many levels of nesting to fake this schema>\"\n            },\n            \"currency\": {\n              \"value\": \"<Error: Too many levels of nesting to fake this schema>\"\n            }\n          },\n          \"fee\": {\n            \"total\": {\n              \"value\": \"<Error: Too many levels of nesting to fake this schema>\"\n            },\n            \"currency\": {\n              \"value\": \"<Error: Too many levels of nesting to fake this schema>\"\n            }\n          },\n          \"paymentType\": \"culpa Ut enim reprehenderit\",\n          \"paymentStatus\": \"aute anim\"\n        },\n        \"source\": \"id nulla occaecat e\"\n      }\n    ],\n    \"transactionStatus\": \"fugiat enim id nisi\"\n  },\n  \"disbursementMethod\": \"laboris et deserunt\",\n  \"errorCode\": \"ut commodo\",\n  \"errorMessage\": \"labore Ut enim\",\n  \"merchantAccountIdentifier\": \"ut ad elit nulla sunt\",\n  \"merchantCustomerId\": \"et aute pariatur\",\n  \"message\": \"consectetur eu Excepteur aliqua ipsum\",\n  \"monetaryUpdateResponse\": [\n    {\n      \"common\": {\n        \"user\": \"exercitation deserunt\",\n        \"agent\": \"4000\",\n        \"cycle\": \"T\",\n        \"clientNumber\": \"1000\",\n        \"system\": \"2000\",\n        \"prin\": \"3000\",\n        \"debug\": false,\n        \"org\": \"amet do\",\n        \"processor\": true,\n        \"contentType\": \"sed non mollit\",\n        \"retry\": 0,\n        \"timeout\": 45000,\n        \"siteId\": \"4201\",\n        \"externalCustomerId\": \"exercitation\",\n        \"accountId\": \"8888888888888888\",\n        \"presentationId\": \"officia sit adipisicing in\",\n        \"rts\": \"2024-07-16T11:14:08Z\"\n      },\n      \"resultCode\": \"ad laborum officia et\",\n      \"messageText\": \"magna dolore Lorem aliquip\",\n      \"transactionStatus\": \"sint sit quis\"\n    },\n    {\n      \"common\": {\n        \"user\": \"voluptate id\",\n        \"agent\": \"4000\",\n        \"cycle\": \"T\",\n        \"clientNumber\": \"1000\",\n        \"system\": \"2000\",\n        \"prin\": \"3000\",\n        \"debug\": false,\n        \"org\": \"cillum nulla elit ut\",\n        \"processor\": false,\n        \"contentType\": \"d\",\n        \"retry\": 0,\n        \"timeout\": 45000,\n        \"siteId\": \"4201\",\n        \"externalCustomerId\": \"aliquip do cillum sunt laboris\",\n        \"accountId\": \"8888888888888888\",\n        \"presentationId\": \"non\",\n        \"rts\": \"2024-07-16T11:14:08Z\"\n      },\n      \"resultCode\": \"voluptate non enim\",\n      \"messageText\": \"id dolor irure non\",\n      \"transactionStatus\": \"ut aute est\"\n    }\n  ],\n  \"processorInfo\": {\n    \"system\": \"sit officia exercitation\",\n    \"cycle\": \"proident\",\n    \"tor\": \"id occaecat\",\n    \"mode\": \"non consequat\"\n  },\n  \"promotionIdentifier\": \"\",\n  \"recipientId\": \"est enim\",\n  \"responseCode\": -88250303,\n  \"transactionDateTime\": \"2024-07-16T11:14:08Z\"\n}","cookie":[],"_postman_previewlanguage":"json"}],"event":[],"protocolProfileBehavior":{"disableBodyPruning":true}},{"id":"7fd9b4bc-f1cb-4c9e-aa9e-bd56e5455d78","name":"Payment Notifications","request":{"name":"Payment Notifications","description":{"content":"Payment Notifications","type":"text/plain"},"url":{"path":["digitalCashAdvance","v1","paymentsNotifications"],"host":["{{baseUrl}}"],"query":[],"variable":[]},"header":[{"key":"Accept","value":"application/json"}],"method":"POST","auth":null},"response":[{"id":"3cbacf9c-496c-42c9-9d75-5eca7d3f221e","name":"Success|OK","originalRequest":{"url":{"path":["digitalCashAdvance","v1","paymentsNotifications"],"host":["{{baseUrl}}"],"query":[],"variable":[]},"header":[{"key":"Accept","value":"application/json"}],"method":"POST","body":{}},"status":"OK","code":200,"header":[{"key":"Content-Type","value":"application/json"}],"body":"{\n  \"status\": \"nulla ullamco anim dolor ea\",\n  \"responseCode\": \"in sit\",\n  \"processorInfo\": {\n    \"system\": \"nulla\",\n    \"cycle\": \"velit minim incididunt quis\",\n    \"tor\": \"sint fugiat Excepteur sit sed\",\n    \"mode\": \"ad amet\"\n  },\n  \"cid\": \"tempor occaecat\",\n  \"ddpPaymentNotification\": {\n    \"eventData\": {\n      \"merchantTransactionId\": \"dolor deserunt esse \",\n      \"payments\": {\n        \"paymentId\": \"Duis in dolore\",\n        \"amount\": {\n          \"total\": -87599340.05870038,\n          \"currency\": \"fugiat ut\"\n        },\n        \"fee\": {\n          \"total\": 61823257.7654998,\n          \"currency\": \"fugiat nisi commodo non\"\n        },\n        \"paymentType\": \"Excepteur\",\n        \"paymentStatus\": \"incididunt adipisicing l\"\n      },\n      \"merchantCustomerId\": \"D\",\n      \"recipientId\": \"quis nisi\"\n    },\n    \"common\": {\n      \"user\": \"Excepteur laboris\",\n      \"agent\": \"4000\",\n      \"cycle\": \"T\",\n      \"clientNumber\": \"1000\",\n      \"system\": \"2000\",\n      \"prin\": \"3000\",\n      \"debug\": false,\n      \"org\": \"in aute consequat\",\n      \"processor\": false,\n      \"contentType\": \"ex in\",\n      \"retry\": 0,\n      \"timeout\": 45000,\n      \"siteId\": \"4201\",\n      \"externalCustomerId\": \"velit\",\n      \"accountId\": \"8888888888888888\",\n      \"presentationId\": \"ex et\",\n      \"rts\": \"2024-07-16T11:14:08Z\"\n    },\n    \"merchantId\": \"ad magna\",\n    \"transactionStatus\": \"ut pariatur\",\n    \"created\": 46698304,\n    \"source\": \"elit proident tempor ipsum\",\n    \"transactionId\": \"con\"\n  },\n  \"adjustmentTransaction\": {\n    \"common\": {\n      \"user\": \"non sunt in\",\n      \"agent\": \"4000\",\n      \"cycle\": \"T\",\n      \"clientNumber\": \"1000\",\n      \"system\": \"2000\",\n      \"prin\": \"3000\",\n      \"debug\": false,\n      \"org\": \"sit qui Ut ad\",\n      \"processor\": false,\n      \"contentType\": \"aute dolore\",\n      \"retry\": 0,\n      \"timeout\": 45000,\n      \"siteId\": \"4201\",\n      \"externalCustomerId\": \"sit ad culpa\",\n      \"accountId\": \"8888888888888888\",\n      \"presentationId\": \"irure incididunt non velit consectetur\",\n      \"rts\": \"2024-07-16T11:14:08Z\"\n    },\n    \"processorInfo\": {\n      \"system\": \"aliquip elit\",\n      \"cycle\": \"sint quis\",\n      \"tor\": \"nisi aute aliqua pariatur deser\",\n      \"mode\": \"nisi aliqua\"\n    },\n    \"messages\": [\n      {\n        \"common\": {\n          \"user\": \"veniam Excepteur in\",\n          \"agent\": \"4000\",\n          \"cycle\": \"T\",\n          \"clientNumber\": \"1000\",\n          \"system\": \"2000\",\n          \"prin\": \"3000\",\n          \"debug\": true,\n          \"org\": \"dolore\",\n          \"processor\": false,\n          \"contentType\": \"eu\",\n          \"retry\": 0,\n          \"timeout\": 45000,\n          \"siteId\": \"4201\",\n          \"externalCustomerId\": \"enim nisi veniam ad non\",\n          \"accountId\": \"8888888888888888\",\n          \"presentationId\": \"dolore amet fugiat\",\n          \"rts\": \"2024-07-16T11:14:08Z\"\n        },\n        \"resultCode\": \"dolor ali\",\n        \"messageText\": \"aute adipisicing aliqua\",\n        \"transactionStatus\": \"culpa\"\n      },\n      {\n        \"common\": {\n          \"user\": \"cupidatat amet enim magna adipisicing\",\n          \"agent\": \"4000\",\n          \"cycle\": \"T\",\n          \"clientNumber\": \"1000\",\n          \"system\": \"2000\",\n          \"prin\": \"3000\",\n          \"debug\": true,\n          \"org\": \"cillum id sit\",\n          \"processor\": false,\n          \"contentType\": \"voluptate\",\n          \"retry\": 0,\n          \"timeout\": 45000,\n          \"siteId\": \"4201\",\n          \"externalCustomerId\": \"incididunt dolore \",\n          \"accountId\": \"8888888888888888\",\n          \"presentationId\": \"commodo sint anim\",\n          \"rts\": \"2024-07-16T11:14:08Z\"\n        },\n        \"resultCode\": \"sunt deserunt eiusmod \",\n        \"messageText\": \"incididunt\",\n        \"transactionStatus\": \"enim in\"\n      }\n    ],\n    \"messageMap\": {}\n  }\n}","cookie":[],"_postman_previewlanguage":"json"}],"event":[],"protocolProfileBehavior":{"disableBodyPruning":true}},{"id":"732d9be6-bce2-4d78-b5eb-7570886347fb","name":"Register Recipient and Disbursement of Account","request":{"name":"Register Recipient and Disbursement of Account","description":{"content":"Register Recipient and Disbursement of Account","type":"text/plain"},"url":{"path":["digitalCashAdvance","v1","registerRecipientAndDisbursementAccount"],"host":["{{baseUrl}}"],"query":[],"variable":[]},"header":[{"key":"Accept","value":"application/json"}],"method":"POST","auth":null},"response":[{"id":"4a583afd-7556-43cd-a8bc-51e3d788d328","name":"Success|OK","originalRequest":{"url":{"path":["digitalCashAdvance","v1","registerRecipientAndDisbursementAccount"],"host":["{{baseUrl}}"],"query":[],"variable":[]},"header":[{"key":"Accept","value":"application/json"}],"method":"POST","body":{}},"status":"OK","code":200,"header":[{"key":"Content-Type","value":"application/json"}],"body":"{\n  \"clientCompany\": \"et labore consequat ipsum\",\n  \"description\": \"fugiat cillum ea deserunt\",\n  \"developerInfo\": \"officia aute la\",\n  \"disbAccountResponseTo\": {\n    \"cardTo\": {\n      \"cardNumber\": \"ad quis et aute\",\n      \"expiryDate\": \"enim tempor esse ullamco pariatur\",\n      \"tokenId\": \"id est ut enim reprehenderit\",\n      \"tokenProvider\": \"ex sit labore nostrud\",\n      \"expiryMonth\": \"sit dolore in aute\",\n      \"expiryYear\": \"est\"\n    },\n    \"achTo\": {\n      \"accountNumber\": \"in consequat lab\",\n      \"accountType\": \"Duis\",\n      \"routingNumber\": \"307584559\",\n      \"tokenId\": \"veniam sint quis irure\",\n      \"tokenProvider\": \"et Excepteur ea aliqua\"\n    }\n  },\n  \"doingBusinessAs\": \"nisi Excepteur consequat\",\n  \"emailAddress\": \"cillum labore dolor\",\n  \"emailAddressPrimary\": false,\n  \"emailAddressType\": \"consectetur in dolore fugiat\",\n  \"firstName\": \"Ut veniam\",\n  \"formattedAddress\": \"incididunt Lorem\",\n  \"lastName\": \"reprehenderit do est\",\n  \"merchantCustomerId\": \"ullamco\",\n  \"message\": \"ipsum in cillum incididunt irure\",\n  \"phoneNumberExtension\": \"laboris qui\",\n  \"phoneNumberType\": \"Ut consequat nostrud nulla\",\n  \"processorInfo\": {\n    \"system\": \"laboris est nisi Ut\",\n    \"cycle\": \"nisi deserunt dolor veniam\",\n    \"tor\": \"dolore\",\n    \"mode\": \"aute mollit\"\n  },\n  \"recipientId\": \"dolor culpa occaecat eiusmod do\",\n  \"recipientIdentifier\": \"occaecat esse cillum\",\n  \"recipientIdentifierValue\": \"tempor\",\n  \"recipientProfileResponse\": {\n    \"merchant\": {\n      \"merchantCustomerId\": \"in fugiat aliquip\"\n    },\n    \"status\": \"HOLD\",\n    \"code\": \"Duis\",\n    \"message\": \"sunt dolor\",\n    \"category\": \"nostrud anim quis\",\n    \"developerInfo\": {\n      \"developerMessage\": \"aute elit\",\n      \"fieldError\": [\n        {\n          \"field\": \"exercitation enim ea\",\n          \"message\": \"in ut irure eu\"\n        },\n        {\n          \"field\": \"est consectetur\",\n          \"message\": \"ut nulla\"\n        }\n      ]\n    },\n    \"recipientId\": \"laborum sunt reprehenderit eiusmod\",\n    \"email\": {\n      \"value\": \"velit nostrud non\",\n      \"type\": \"velit dolore irure minim\",\n      \"primary\": false\n    },\n    \"customFields\": [\n      {\n        \"key\": \"Lorem\",\n        \"value\": \"pariatur mollit laborum deserunt nostrud\",\n        \"valueAsList\": [\n          {\n            \"id\": \"minim et\",\n            \"value\": \"ea culpa non\"\n          },\n          {\n            \"id\": \"eu\",\n            \"value\": \"enim dolor proident\"\n          }\n        ]\n      },\n      {\n        \"key\": \"do Excepteur dolor\",\n        \"value\": \"sed dolore non pariatur\",\n        \"valueAsList\": [\n          {\n            \"id\": \"do laboris occaecat\",\n            \"value\": \"ut nulla labori\"\n          },\n          {\n            \"id\": \"adipisicing eiusmod ullamco elit\",\n            \"value\": \"ullamco dolor volupta\"\n          }\n        ]\n      }\n    ]\n  },\n  \"recipientType\": \"proident consectetur\",\n  \"status\": \"in commodo\"\n}","cookie":[],"_postman_previewlanguage":"json"}],"event":[],"protocolProfileBehavior":{"disableBodyPruning":true}},{"id":"24a59222-0cf4-482d-b0fa-2d573ada8d19","name":"Retrieve Recipient and Disbursement of Account","request":{"name":"Retrieve Recipient and Disbursement of Account","description":{"content":"Retrieve Recipient and Disbursement of Account","type":"text/plain"},"url":{"path":["digitalCashAdvance","v1","retrieveRecipientAndDisbursementAccounts"],"host":["{{baseUrl}}"],"query":[],"variable":[]},"header":[{"key":"Accept","value":"application/json"}],"method":"POST","auth":null},"response":[{"id":"5c0199dd-6b14-4578-95eb-a59e691017bb","name":"Success|OK","originalRequest":{"url":{"path":["digitalCashAdvance","v1","retrieveRecipientAndDisbursementAccounts"],"host":["{{baseUrl}}"],"query":[],"variable":[]},"header":[{"key":"Accept","value":"application/json"}],"method":"POST","body":{}},"status":"OK","code":200,"header":[{"key":"Content-Type","value":"application/json"}],"body":"{\n  \"city\": \"elit velit ad anim\",\n  \"country\": \"sit ut tempor\",\n  \"merchantCustomerId\": \"in culpa nulla\",\n  \"postalCode\": \"velit minim do dolore\",\n  \"stateOrProvince\": \"voluptate\",\n  \"status\": \"incididunt\",\n  \"addressType\": \"Duis reprehender\",\n  \"description\": \"aliquip Excepteur reprehenderit\",\n  \"disbAccountResponseTo\": {\n    \"code\": \"consectetu\",\n    \"message\": \"d\",\n    \"category\": \"incididunt mollit\",\n    \"developerInfo\": {\n      \"developerMessage\": \"non minim velit est eu\",\n      \"fieldError\": [\n        {\n          \"field\": \"esse nulla\",\n          \"message\": \"exercitation in in ut\"\n        },\n        {\n          \"field\": \"eu in irure\",\n          \"message\": \"mag\"\n        }\n      ]\n    },\n    \"accounts\": [\n      {\n        \"source\": \"PREPAID\",\n        \"card\": {\n          \"cardNumber\": \"officia dolor\",\n          \"nameOnCard\": \"ea ad proident tempor\",\n          \"alias\": \"fugiat \",\n          \"securityCode\": \"mollit\",\n          \"billingAddress\": {\n            \"type\": {\n              \"value\": \"<Error: Too many levels of nesting to fake this schema>\"\n            },\n            \"street\": {\n              \"value\": \"<Error: Too many levels of nesting to fake this schema>\"\n            },\n            \"city\": {\n              \"value\": \"<Error: Too many levels of nesting to fake this schema>\"\n            },\n            \"stateOrProvince\": {\n              \"value\": \"<Error: Too many levels of nesting to fake this schema>\"\n            },\n            \"postalCode\": {\n              \"value\": \"<Error: Too many levels of nesting to fake this schema>\"\n            },\n            \"country\": {\n              \"value\": \"<Error: Too many levels of nesting to fake this schema>\"\n            },\n            \"formatted\": {\n              \"value\": \"<Error: Too many levels of nesting to fake this schema>\"\n            },\n            \"primary\": {\n              \"value\": \"<Error: Too many levels of nesting to fake this schema>\"\n            }\n          },\n          \"billingPhone\": {\n            \"countryCode\": {\n              \"value\": \"<Error: Too many levels of nesting to fake this schema>\"\n            },\n            \"value\": {\n              \"value\": \"<Error: Too many levels of nesting to fake this schema>\"\n            },\n            \"type\": {\n              \"value\": \"<Error: Too many levels of nesting to fake this schema>\"\n            },\n            \"extension\": {\n              \"value\": \"<Error: Too many levels of nesting to fake this schema>\"\n            }\n          },\n          \"expiryDate\": {\n            \"month\": {\n              \"value\": \"<Error: Too many levels of nesting to fake this schema>\"\n            },\n            \"year\": {\n              \"value\": \"<Error: Too many levels of nesting to fake this schema>\"\n            },\n            \"singleValue\": {\n              \"value\": \"<Error: Too many levels of nesting to fake this schema>\"\n            }\n          },\n          \"token\": {\n            \"tokenId\": {\n              \"value\": \"<Error: Too many levels of nesting to fake this schema>\"\n            },\n            \"tokenProvider\": {\n              \"value\": \"<Error: Too many levels of nesting to fake this schema>\"\n            },\n            \"tspId\": {\n              \"value\": \"<Error: Too many levels of nesting to fake this schema>\"\n            },\n            \"expiryDate\": {\n              \"value\": \"<Error: Too many levels of nesting to fake this schema>\"\n            }\n          }\n        },\n        \"ach\": {\n          \"accountNumber\": \"laboris aute labore velit\",\n          \"routingNumber\": \"reprehenderit ad\",\n          \"type\": \"CHECKING\",\n          \"token\": {\n            \"tokenId\": {\n              \"value\": \"<Error: Too many levels of nesting to fake this schema>\"\n            },\n            \"tokenProvider\": {\n              \"value\": \"<Error: Too many levels of nesting to fake this schema>\"\n            },\n            \"tspId\": {\n              \"value\": \"<Error: Too many levels of nesting to fake this schema>\"\n            },\n            \"expiryDate\": {\n              \"value\": \"<Error: Too many levels of nesting to fake this schema>\"\n            }\n          }\n        },\n        \"prepaid\": {\n          \"cardNumber\": \"ea amet veniam quis\",\n          \"accountNumber\": \"cillum in mollit adipisicing\",\n          \"token\": {\n            \"tokenId\": {\n              \"value\": \"<Error: Too many levels of nesting to fake this schema>\"\n            },\n            \"tokenProvider\": {\n              \"value\": \"<Error: Too many levels of nesting to fake this schema>\"\n            },\n            \"tspId\": {\n              \"value\": \"<Error: Too many levels of nesting to fake this schema>\"\n            },\n            \"expiryDate\": {\n              \"value\": \"<Error: Too many levels of nesting to fake this schema>\"\n            }\n          }\n        },\n        \"venmo\": {\n          \"email\": {\n            \"value\": {\n              \"value\": \"<Error: Too many levels of nesting to fake this schema>\"\n            },\n            \"type\": {\n              \"value\": \"<Error: Too many levels of nesting to fake this schema>\"\n            },\n            \"primary\": {\n              \"value\": \"<Error: Too many levels of nesting to fake this schema>\"\n            }\n          },\n          \"subject\": \"cillum pariatur est\",\n          \"message\": \"ullamco dolore\",\n          \"phone\": {\n            \"countryCode\": {\n              \"value\": \"<Error: Too many levels of nesting to fake this schema>\"\n            },\n            \"value\": {\n              \"value\": \"<Error: Too many levels of nesting to fake this schema>\"\n            },\n            \"type\": {\n              \"value\": \"<Error: Too many levels of nesting to fake this schema>\"\n            },\n            \"extension\": {\n              \"value\": \"<Error: Too many levels of nesting to fake this schema>\"\n            }\n          },\n          \"paypalPayerId\": \"esse ullamco est eu aliquip\",\n          \"token\": {\n            \"tokenId\": {\n              \"value\": \"<Error: Too many levels of nesting to fake this schema>\"\n            },\n            \"tokenProvider\": {\n              \"value\": \"<Error: Too many levels of nesting to fake this schema>\"\n            },\n            \"tspId\": {\n              \"value\": \"<Error: Too many levels of nesting to fake this schema>\"\n            },\n            \"expiryDate\": {\n              \"value\": \"<Error: Too many levels of nesting to fake this schema>\"\n            }\n          }\n        },\n        \"status\": \"PENDING\",\n        \"token\": {\n          \"tokenId\": \"Lorem Ut aute\",\n          \"tokenProvider\": \"SINGLE_USE_TOKEN\",\n          \"tspId\": -30967537,\n          \"expiryDate\": {\n            \"month\": {\n              \"value\": \"<Error: Too many levels of nesting to fake this schema>\"\n            },\n            \"year\": {\n              \"value\": \"<Error: Too many levels of nesting to fake this schema>\"\n            },\n            \"singleValue\": {\n              \"value\": \"<Error: Too many levels of nesting to fake this schema>\"\n            }\n          }\n        }\n      },\n      {\n        \"source\": \"PREPAID\",\n        \"card\": {\n          \"cardNumber\": \"dolore reprehenderit ea aliqua\",\n          \"nameOnCard\": \"Ut\",\n          \"alias\": \"incididunt commodo do qui ex\",\n          \"securityCode\": \"pariatur consectetur\",\n          \"billingAddress\": {\n            \"type\": {\n              \"value\": \"<Error: Too many levels of nesting to fake this schema>\"\n            },\n            \"street\": {\n              \"value\": \"<Error: Too many levels of nesting to fake this schema>\"\n            },\n            \"city\": {\n              \"value\": \"<Error: Too many levels of nesting to fake this schema>\"\n            },\n            \"stateOrProvince\": {\n              \"value\": \"<Error: Too many levels of nesting to fake this schema>\"\n            },\n            \"postalCode\": {\n              \"value\": \"<Error: Too many levels of nesting to fake this schema>\"\n            },\n            \"country\": {\n              \"value\": \"<Error: Too many levels of nesting to fake this schema>\"\n            },\n            \"formatted\": {\n              \"value\": \"<Error: Too many levels of nesting to fake this schema>\"\n            },\n            \"primary\": {\n              \"value\": \"<Error: Too many levels of nesting to fake this schema>\"\n            }\n          },\n          \"billingPhone\": {\n            \"countryCode\": {\n              \"value\": \"<Error: Too many levels of nesting to fake this schema>\"\n            },\n            \"value\": {\n              \"value\": \"<Error: Too many levels of nesting to fake this schema>\"\n            },\n            \"type\": {\n              \"value\": \"<Error: Too many levels of nesting to fake this schema>\"\n            },\n            \"extension\": {\n              \"value\": \"<Error: Too many levels of nesting to fake this schema>\"\n            }\n          },\n          \"expiryDate\": {\n            \"month\": {\n              \"value\": \"<Error: Too many levels of nesting to fake this schema>\"\n            },\n            \"year\": {\n              \"value\": \"<Error: Too many levels of nesting to fake this schema>\"\n            },\n            \"singleValue\": {\n              \"value\": \"<Error: Too many levels of nesting to fake this schema>\"\n            }\n          },\n          \"token\": {\n            \"tokenId\": {\n              \"value\": \"<Error: Too many levels of nesting to fake this schema>\"\n            },\n            \"tokenProvider\": {\n              \"value\": \"<Error: Too many levels of nesting to fake this schema>\"\n            },\n            \"tspId\": {\n              \"value\": \"<Error: Too many levels of nesting to fake this schema>\"\n            },\n            \"expiryDate\": {\n              \"value\": \"<Error: Too many levels of nesting to fake this schema>\"\n            }\n          }\n        },\n        \"ach\": {\n          \"accountNumber\": \"Lorem\",\n          \"routingNumber\": \"sit Lorem\",\n          \"type\": \"CHECKING\",\n          \"token\": {\n            \"tokenId\": {\n              \"value\": \"<Error: Too many levels of nesting to fake this schema>\"\n            },\n            \"tokenProvider\": {\n              \"value\": \"<Error: Too many levels of nesting to fake this schema>\"\n            },\n            \"tspId\": {\n              \"value\": \"<Error: Too many levels of nesting to fake this schema>\"\n            },\n            \"expiryDate\": {\n              \"value\": \"<Error: Too many levels of nesting to fake this schema>\"\n            }\n          }\n        },\n        \"prepaid\": {\n          \"cardNumber\": \"consectetur\",\n          \"accountNumber\": \"ullamco minim cupidatat\",\n          \"token\": {\n            \"tokenId\": {\n              \"value\": \"<Error: Too many levels of nesting to fake this schema>\"\n            },\n            \"tokenProvider\": {\n              \"value\": \"<Error: Too many levels of nesting to fake this schema>\"\n            },\n            \"tspId\": {\n              \"value\": \"<Error: Too many levels of nesting to fake this schema>\"\n            },\n            \"expiryDate\": {\n              \"value\": \"<Error: Too many levels of nesting to fake this schema>\"\n            }\n          }\n        },\n        \"venmo\": {\n          \"email\": {\n            \"value\": {\n              \"value\": \"<Error: Too many levels of nesting to fake this schema>\"\n            },\n            \"type\": {\n              \"value\": \"<Error: Too many levels of nesting to fake this schema>\"\n            },\n            \"primary\": {\n              \"value\": \"<Error: Too many levels of nesting to fake this schema>\"\n            }\n          },\n          \"subject\": \"nostrud\",\n          \"message\": \"sint inci\",\n          \"phone\": {\n            \"countryCode\": {\n              \"value\": \"<Error: Too many levels of nesting to fake this schema>\"\n            },\n            \"value\": {\n              \"value\": \"<Error: Too many levels of nesting to fake this schema>\"\n            },\n            \"type\": {\n              \"value\": \"<Error: Too many levels of nesting to fake this schema>\"\n            },\n            \"extension\": {\n              \"value\": \"<Error: Too many levels of nesting to fake this schema>\"\n            }\n          },\n          \"paypalPayerId\": \"Ut\",\n          \"token\": {\n            \"tokenId\": {\n              \"value\": \"<Error: Too many levels of nesting to fake this schema>\"\n            },\n            \"tokenProvider\": {\n              \"value\": \"<Error: Too many levels of nesting to fake this schema>\"\n            },\n            \"tspId\": {\n              \"value\": \"<Error: Too many levels of nesting to fake this schema>\"\n            },\n            \"expiryDate\": {\n              \"value\": \"<Error: Too many levels of nesting to fake this schema>\"\n            }\n          }\n        },\n        \"status\": \"PENDING\",\n        \"token\": {\n          \"tokenId\": \"elit consequat ullamco dolore\",\n          \"tokenProvider\": \"SINGLE_USE_TOKEN\",\n          \"tspId\": -34759281,\n          \"expiryDate\": {\n            \"month\": {\n              \"value\": \"<Error: Too many levels of nesting to fake this schema>\"\n            },\n            \"year\": {\n              \"value\": \"<Error: Too many levels of nesting to fake this schema>\"\n            },\n            \"singleValue\": {\n              \"value\": \"<Error: Too many levels of nesting to fake this schema>\"\n            }\n          }\n        }\n      }\n    ]\n  },\n  \"email\": \"enim sed\",\n  \"emailType\": \"sed irure occaecat esse\",\n  \"firstName\": \"fugiat Duis officia anim\",\n  \"guest\": true,\n  \"lastName\": \"fugiat sed Ut do anim\",\n  \"merchantId\": \"ad culpa tempor\",\n  \"message\": \"enim minim dolor ad\",\n  \"phoneNumber\": \"cillum\",\n  \"phoneNumberExtension\": \"laborum commodo\",\n  \"phoneNumberType\": \"consectetur elit\",\n  \"primaryAddress\": true,\n  \"primaryEmail\": false,\n  \"primaryPhoneNumber\": true,\n  \"processorInfo\": {\n    \"system\": \"in\",\n    \"cycle\": \"occaecat in\",\n    \"tor\": \"deserunt in ex\",\n    \"mode\": \"sunt eu in\"\n  },\n  \"reason\": \"ad ut\",\n  \"recipientId\": \"fugiat ex\",\n  \"recipientProfileResponse\": {\n    \"code\": \"Duis\",\n    \"message\": \"qui occaecat nostrud sint\",\n    \"category\": \"sit dolore\",\n    \"developerInfo\": {\n      \"developerMessage\": \"Excepteur ad velit\",\n      \"fieldError\": [\n        {\n          \"field\": \"aliquip magna\",\n          \"message\": \"consectetur\"\n        },\n        {\n          \"field\": \"sunt non\",\n          \"message\": \"veniam\"\n        }\n      ]\n    },\n    \"merchant\": [\n      {\n        \"merchantCustomerId\": \"laboris nisi\",\n        \"merchantId\": \"Excepteur officia sint elit\"\n      },\n      {\n        \"merchantCustomerId\": \"eiusmod\",\n        \"merchantId\": \"ut ea culpa Lorem\"\n      }\n    ],\n    \"recipient\": {\n      \"recipientType\": \"Excepteur culpa\",\n      \"recipientId\": \"irure laborum ad consequat\",\n      \"firstName\": \"in in dolor ipsum\",\n      \"lastName\": \"Lorem Duis cupidatat dolore nostrud\",\n      \"emailAddress\": {\n        \"type\": \"mollit\",\n        \"value\": \"ex do\",\n        \"primary\": true\n      },\n      \"phoneNumber\": {\n        \"type\": \"et nulla aute\",\n        \"value\": \"est\",\n        \"primary\": false,\n        \"extension\": \"nulla anim\"\n      },\n      \"status\": \"Duis occaecat\",\n      \"guest\": true,\n      \"address\": {\n        \"type\": \"aliqua qui commodo laboris in\",\n        \"street\": \"non ad Excepteur in\",\n        \"city\": \"minim voluptate magna veniam\",\n        \"stateOrProvince\": \"occaecat enim in ex\",\n        \"postalCode\": \"Duis consectetur ad\",\n        \"country\": \"do\",\n        \"formatted\": \"cillum\",\n        \"primary\": false\n      },\n      \"description\": \"enim sint quis\",\n      \"reason\": \"minim pariatur sint aute\"\n    }\n  },\n  \"street\": \"aliqua in\"\n}","cookie":[],"_postman_previewlanguage":"json"}],"event":[],"protocolProfileBehavior":{"disableBodyPruning":true}},{"id":"df413b36-ee95-47fb-9d7e-7c492ac87404","name":"Update Recipient","request":{"name":"Update Recipient","description":{"content":"Update Recipient","type":"text/plain"},"url":{"path":["digitalCashAdvance","v1","updateRecipient"],"host":["{{baseUrl}}"],"query":[],"variable":[]},"header":[{"key":"Accept","value":"application/json"}],"method":"POST","auth":null},"response":[{"id":"91fb9a03-0cf5-4533-9a0d-ce84e0a36d42","name":"Success|OK","originalRequest":{"url":{"path":["digitalCashAdvance","v1","updateRecipient"],"host":["{{baseUrl}}"],"query":[],"variable":[]},"header":[{"key":"Accept","value":"application/json"}],"method":"POST","body":{}},"status":"OK","code":200,"header":[{"key":"Content-Type","value":"application/json"}],"body":"{\n  \"addressType\": \"eu eiusmod\",\n  \"city\": \"ut dolore\",\n  \"country\": \"ex anim nisi ullamco\",\n  \"dateOfBirth\": \"incididunt fugiat\",\n  \"emailAddress\": \"dolor\",\n  \"emailAddressPrimary\": false,\n  \"emailAddressType\": \"anim ea\",\n  \"formattedAddress\": \"voluptate consequat\",\n  \"merchantCustomerId\": \"do\",\n  \"merchantId\": \"reprehenderit nulla ullamco\",\n  \"message\": \"voluptate anim eu dolor\",\n  \"phoneNumber\": \"occaecat tempor\",\n  \"phoneNumberExtension\": \"i\",\n  \"phoneNumberType\": \"deserunt reprehenderit Ut\",\n  \"postalCode\": \"ut consequat laborum dolor\",\n  \"primaryAddress\": \"adipisicing cupidatat laboris voluptate\",\n  \"processorInfo\": {\n    \"system\": \"proident eiusmod consequat\",\n    \"cycle\": \"mollit ut nostrud consequat\",\n    \"tor\": \"anim do sunt voluptate\",\n    \"mode\": \"ut id amet cupidatat fugiat\"\n  },\n  \"recipientId\": \"deserunt minim laboris\",\n  \"stateOrProvince\": \"amet\",\n  \"status\": \"voluptate dolore nostrud Ut\",\n  \"street\": \"nisi\"\n}","cookie":[],"_postman_previewlanguage":"json"}],"event":[],"protocolProfileBehavior":{"disableBodyPruning":true}}],"event":[]}],"event":[],"variable":[{"type":"string","value":"https://cat.api.firstdata.com/fs","key":"baseUrl"}],"info":{"_postman_id":"91c156d7-7b3f-4210-82f7-a7d4ad87ee16","name":"fs-devportal-services-1","schema":"https://schema.getpostman.com/json/collection/v2.1.0/collection.json","description":{"content":"Welcome to the Financial Services API documentation","type":"text/plain"}}}