{"item":[{"id":"b89dc5ae-dd7a-4bbf-8073-f379bd779d8c","name":"dupcheck/v1","item":[{"id":"3896ffe1-73b8-467b-80da-1c110978ca2f","name":"Check duplicate to know if some data was already processed.","request":{"name":"Check duplicate to know if some data was already processed.","description":{"content":"Check duplicate to know if some data was already processed.","type":"text/plain"},"url":{"path":["dupcheck","v1","check"],"host":["{{baseUrl}}"],"query":[],"variable":[]},"header":[{"key":"Accept","value":"application/json"}],"method":"POST","auth":null},"response":[{"id":"1ba71008-23d2-44ee-84a8-51a9e3c7e592","name":"successful operation","originalRequest":{"url":{"path":["dupcheck","v1","check"],"host":["{{baseUrl}}"],"query":[],"variable":[]},"header":[{"key":"Accept","value":"application/json"}],"method":"POST","body":{}},"status":"OK","code":200,"header":[{"key":"Content-Type","value":"application/json"}],"body":"{\n  \"common\": {\n    \"user\": \"ipsum \",\n    \"agent\": \"4000\",\n    \"cycle\": \"T\",\n    \"clientNumber\": \"1000\",\n    \"system\": \"2000\",\n    \"prin\": \"3000\",\n    \"debug\": true,\n    \"org\": \"aliqua Ut\",\n    \"processor\": false,\n    \"contentType\": \"aliquip cupidatat esse mollit in\",\n    \"retry\": 0,\n    \"timeout\": 45000,\n    \"siteId\": \"4201\",\n    \"internalOrigin\": true,\n    \"uuid\": \"a5eac27d-cd89-4096-a331-306480bfee76\"\n  },\n  \"recordExist\": false\n}","cookie":[],"_postman_previewlanguage":"json"}],"event":[],"protocolProfileBehavior":{"disableBodyPruning":true}},{"id":"3ffad7f7-5061-4230-a2a1-f9262196af3a","name":"Store records to check for duplicates down the road.","request":{"name":"Store records to check for duplicates down the road.","description":{"content":"Store records to check for duplicates down the road.","type":"text/plain"},"url":{"path":["dupcheck","v1","store"],"host":["{{baseUrl}}"],"query":[],"variable":[]},"header":[{"key":"Accept","value":"application/json"}],"method":"POST","auth":null},"response":[{"id":"157cb441-4c13-4b17-a24d-a6ab401e4cb1","name":"successful operation","originalRequest":{"url":{"path":["dupcheck","v1","store"],"host":["{{baseUrl}}"],"query":[],"variable":[]},"header":[{"key":"Accept","value":"application/json"}],"method":"POST","body":{}},"status":"OK","code":200,"header":[{"key":"Content-Type","value":"application/json"}],"body":"{\n  \"common\": {\n    \"user\": \"laboris consequat aliquip i\",\n    \"agent\": \"4000\",\n    \"cycle\": \"T\",\n    \"clientNumber\": \"1000\",\n    \"system\": \"2000\",\n    \"prin\": \"3000\",\n    \"debug\": true,\n    \"org\": \"sit do\",\n    \"processor\": false,\n    \"contentType\": \"ipsum ullamco velit tempor\",\n    \"retry\": 0,\n    \"timeout\": 45000,\n    \"siteId\": \"4201\",\n    \"internalOrigin\": true,\n    \"uuid\": \"a5eac27d-cd89-4096-a331-306480bfee76\"\n  },\n  \"status\": \"inci\"\n}","cookie":[],"_postman_previewlanguage":"json"}],"event":[],"protocolProfileBehavior":{"disableBodyPruning":true}},{"id":"aa977e43-295f-4bc6-9896-3b30b03b301b","name":"Store an item in the DB, with the idea to check for duplicates records in the future.","request":{"name":"Store an item in the DB, with the idea to check for duplicates records in the future.","description":{"content":"Store an item in the BD, with the idea to check for duplicates records in the future.","type":"text/plain"},"url":{"path":["dupcheck","v1","storeasync"],"host":["{{baseUrl}}"],"query":[],"variable":[]},"header":[{"key":"Accept","value":"application/json"}],"method":"POST","auth":null},"response":[{"id":"1da2fe13-46cb-490a-958c-ccbc3f01edbd","name":"successful operation","originalRequest":{"url":{"path":["dupcheck","v1","storeasync"],"host":["{{baseUrl}}"],"query":[],"variable":[]},"header":[{"key":"Accept","value":"application/json"}],"method":"POST","body":{}},"status":"OK","code":200,"header":[{"key":"Content-Type","value":"application/json"}],"body":"{\n  \"common\": {\n    \"user\": \"dolor laboris pariatur aliqua esse\",\n    \"agent\": \"4000\",\n    \"cycle\": \"T\",\n    \"clientNumber\": \"1000\",\n    \"system\": \"2000\",\n    \"prin\": \"3000\",\n    \"debug\": true,\n    \"org\": \"quis cupidatat nulla\",\n    \"processor\": false,\n    \"contentType\": \"eu labore commodo Excepteur\",\n    \"retry\": 0,\n    \"timeout\": 45000,\n    \"siteId\": \"4201\",\n    \"internalOrigin\": false,\n    \"uuid\": \"a5eac27d-cd89-4096-a331-306480bfee76\"\n  }\n}","cookie":[],"_postman_previewlanguage":"json"}],"event":[],"protocolProfileBehavior":{"disableBodyPruning":true}}],"event":[]}],"event":[],"variable":[{"type":"string","value":"https://cat.api.firstdata.com/fs","key":"baseUrl"}],"info":{"_postman_id":"6b921168-8a67-4e1f-9e81-2da74f3ad1d9","name":"fs-devportal-services-1","schema":"https://schema.getpostman.com/json/collection/v2.1.0/collection.json","description":{"content":"Welcome to the Financial Services API documentation","type":"text/plain"}}}