{"item":[{"id":"00029e7c-0818-4d34-a0fe-f2d26dfb9a8b","name":"easeDocumentStore/v1","item":[{"id":"4cc223ae-5cee-4401-883c-2ebe93a8c8f4","name":"Add custom label","request":{"name":"Add custom label","description":{"content":"Adds a custom label","type":"text/plain"},"url":{"path":["easeDocumentStore","v1","addCustomLabel"],"host":["{{baseUrl}}"],"query":[],"variable":[]},"header":[{"key":"Content-Type","value":"application/json"},{"key":"Accept","value":"application/json"}],"method":"POST","auth":null,"body":{"mode":"raw","raw":"{\n  \"label\": \"<string>\",\n  \"securityGroup\": \"<string>\",\n  \"common\": {\n    \"user\": \"<string>\",\n    \"agent\": \"<string>\",\n    \"cycle\": \"<string>\",\n    \"clientNumber\": \"<string>\",\n    \"system\": \"<string>\",\n    \"prin\": \"<string>\",\n    \"debug\": \"<boolean>\",\n    \"org\": \"<string>\",\n    \"processor\": \"<boolean>\",\n    \"contentType\": \"<string>\",\n    \"retry\": \"<long>\",\n    \"timeout\": \"<long>\",\n    \"siteId\": \"<string>\",\n    \"internalOrigin\": \"<boolean>\",\n    \"uuid\": \"<string>\"\n  }\n}","options":{"raw":{"language":"json"}}}},"response":[{"id":"cbf47516-55a2-4f07-9595-596b10d83550","name":"successful operation","originalRequest":{"url":{"path":["easeDocumentStore","v1","addCustomLabel"],"host":["{{baseUrl}}"],"query":[],"variable":[]},"header":[{"key":"Accept","value":"application/json"}],"method":"POST","body":{"mode":"raw","raw":"{\n  \"label\": \"PiIjgAzGKTMxRVILSK9d9oQQUx3FixXlxZxAV2tQDewBjfT3kd\",\n  \"securityGroup\": \"LPrzuLGhEaa1qYMVfX7OMu9GLYzfyN2gdGfwltOXZ7mYttqfUj\",\n  \"common\": {\n    \"user\": \"<string>\",\n    \"agent\": \"4000\",\n    \"cycle\": \"T\",\n    \"clientNumber\": \"1000\",\n    \"system\": \"2000\",\n    \"prin\": \"3000\",\n    \"debug\": \"<boolean>\",\n    \"org\": \"<string>\",\n    \"processor\": \"<boolean>\",\n    \"contentType\": \"<string>\",\n    \"retry\": 0,\n    \"timeout\": 45000,\n    \"siteId\": \"4201\",\n    \"internalOrigin\": \"<boolean>\",\n    \"uuid\": \"a5eac27d-cd89-4096-a331-306480bfee76\"\n  }\n}","options":{"raw":{"language":"json"}}}},"status":"OK","code":200,"header":[{"key":"Content-Type","value":"application/json"}],"body":"{\n  \"common\": {\n    \"user\": \"<string>\",\n    \"agent\": \"4000\",\n    \"cycle\": \"T\",\n    \"clientNumber\": \"1000\",\n    \"system\": \"2000\",\n    \"prin\": \"3000\",\n    \"debug\": \"<boolean>\",\n    \"org\": \"<string>\",\n    \"processor\": \"<boolean>\",\n    \"contentType\": \"<string>\",\n    \"retry\": 0,\n    \"timeout\": 45000,\n    \"siteId\": \"4201\",\n    \"internalOrigin\": \"<boolean>\",\n    \"uuid\": \"a5eac27d-cd89-4096-a331-306480bfee76\"\n  },\n  \"status\": \"mollit\",\n  \"message\": \"d\"\n}","cookie":[],"_postman_previewlanguage":"json"}],"event":[],"protocolProfileBehavior":{"disableBodyPruning":true}},{"id":"5bf73a2e-086c-496a-b66a-b84073119940","name":"Fetch Document By ImageId","request":{"name":"Fetch Document By ImageId","description":{"content":"Fetches Document By ImageId","type":"text/plain"},"url":{"path":["easeDocumentStore","v1","getDocumentByImageId"],"host":["{{baseUrl}}"],"query":[],"variable":[]},"header":[{"key":"Accept","value":"application/json"}],"method":"POST","auth":null},"response":[{"id":"0e682f6a-8680-46fd-8f3f-521d9ff5193d","name":"successful operation","originalRequest":{"url":{"path":["easeDocumentStore","v1","getDocumentByImageId"],"host":["{{baseUrl}}"],"query":[],"variable":[]},"header":[{"key":"Accept","value":"application/json"}],"method":"POST","body":{}},"status":"OK","code":200,"header":[{"key":"Content-Type","value":"application/json"}],"body":"{\n  \"common\": {\n    \"user\": \"<string>\",\n    \"agent\": \"4000\",\n    \"cycle\": \"T\",\n    \"clientNumber\": \"1000\",\n    \"system\": \"2000\",\n    \"prin\": \"3000\",\n    \"debug\": \"<boolean>\",\n    \"org\": \"<string>\",\n    \"processor\": \"<boolean>\",\n    \"contentType\": \"<string>\",\n    \"retry\": 0,\n    \"timeout\": 45000,\n    \"siteId\": \"4201\",\n    \"internalOrigin\": \"<boolean>\",\n    \"uuid\": \"a5eac27d-cd89-4096-a331-306480bfee76\"\n  },\n  \"status\": \"mollit\",\n  \"message\": \"d\"\n}","cookie":[],"_postman_previewlanguage":"json"}],"event":[],"protocolProfileBehavior":{"disableBodyPruning":true}},{"id":"74f445f7-d527-4caa-80a3-18ae2f76818c","name":"Fetch Document Details","request":{"name":"Fetch Document Details","description":{"content":"Fetches Document Details","type":"text/plain"},"url":{"path":["easeDocumentStore","v1","getDocumentDetails"],"host":["{{baseUrl}}"],"query":[],"variable":[]},"header":[{"key":"Accept","value":"application/json"}],"method":"POST","auth":null},"response":[{"id":"60754cc7-57e6-483a-b2fd-6d170b091677","name":"successful operation","originalRequest":{"url":{"path":["easeDocumentStore","v1","getDocumentDetails"],"host":["{{baseUrl}}"],"query":[],"variable":[]},"header":[{"key":"Accept","value":"application/json"}],"method":"POST","body":{}},"status":"OK","code":200,"header":[{"key":"Content-Type","value":"application/json"}],"body":"{\n  \"common\": {\n    \"user\": \"<string>\",\n    \"agent\": \"4000\",\n    \"cycle\": \"T\",\n    \"clientNumber\": \"1000\",\n    \"system\": \"2000\",\n    \"prin\": \"3000\",\n    \"debug\": \"<boolean>\",\n    \"org\": \"<string>\",\n    \"processor\": \"<boolean>\",\n    \"contentType\": \"<string>\",\n    \"retry\": 0,\n    \"timeout\": 45000,\n    \"siteId\": \"4201\",\n    \"internalOrigin\": \"<boolean>\",\n    \"uuid\": \"a5eac27d-cd89-4096-a331-306480bfee76\"\n  },\n  \"status\": \"mollit\",\n  \"message\": \"d\"\n}","cookie":[],"_postman_previewlanguage":"json"}],"event":[],"protocolProfileBehavior":{"disableBodyPruning":true}},{"id":"12d08003-feab-48f3-916f-2a40fa1ba291","name":"Fetch Document Details By ImageId","request":{"name":"Fetch Document Details By ImageId","description":{"content":"Fetches Document Details By ImageId","type":"text/plain"},"url":{"path":["easeDocumentStore","v1","getDocumentDetailsByImageId"],"host":["{{baseUrl}}"],"query":[],"variable":[]},"header":[{"key":"Accept","value":"application/json"}],"method":"POST","auth":null},"response":[{"id":"92dfb851-06f9-4cb8-b9ef-68831a6c2ecd","name":"successful operation","originalRequest":{"url":{"path":["easeDocumentStore","v1","getDocumentDetailsByImageId"],"host":["{{baseUrl}}"],"query":[],"variable":[]},"header":[{"key":"Accept","value":"application/json"}],"method":"POST","body":{}},"status":"OK","code":200,"header":[{"key":"Content-Type","value":"application/json"}],"body":"{\n  \"common\": {\n    \"user\": \"<string>\",\n    \"agent\": \"4000\",\n    \"cycle\": \"T\",\n    \"clientNumber\": \"1000\",\n    \"system\": \"2000\",\n    \"prin\": \"3000\",\n    \"debug\": \"<boolean>\",\n    \"org\": \"<string>\",\n    \"processor\": \"<boolean>\",\n    \"contentType\": \"<string>\",\n    \"retry\": 0,\n    \"timeout\": 45000,\n    \"siteId\": \"4201\",\n    \"internalOrigin\": \"<boolean>\",\n    \"uuid\": \"a5eac27d-cd89-4096-a331-306480bfee76\"\n  },\n  \"status\": \"mollit\",\n  \"message\": \"d\"\n}","cookie":[],"_postman_previewlanguage":"json"}],"event":[],"protocolProfileBehavior":{"disableBodyPruning":true}},{"id":"c030fa3e-ae60-45a6-b9f3-b43c62bdc64b","name":"Add custom label","request":{"name":"Add custom label","description":{"content":"Adds a custom label","type":"text/plain"},"url":{"path":["easeDocumentStore","v1","getLabelsBySecurityGroup"],"host":["{{baseUrl}}"],"query":[],"variable":[]},"header":[{"key":"Accept","value":"application/json"}],"method":"POST","auth":null},"response":[{"id":"0eb73fd5-ab15-4592-9847-ff33634bee05","name":"successful operation","originalRequest":{"url":{"path":["easeDocumentStore","v1","getLabelsBySecurityGroup"],"host":["{{baseUrl}}"],"query":[],"variable":[]},"header":[{"key":"Accept","value":"application/json"}],"method":"POST","body":{}},"status":"OK","code":200,"header":[{"key":"Content-Type","value":"application/json"}],"body":"{\n  \"common\": {\n    \"user\": \"<string>\",\n    \"agent\": \"4000\",\n    \"cycle\": \"T\",\n    \"clientNumber\": \"1000\",\n    \"system\": \"2000\",\n    \"prin\": \"3000\",\n    \"debug\": \"<boolean>\",\n    \"org\": \"<string>\",\n    \"processor\": \"<boolean>\",\n    \"contentType\": \"<string>\",\n    \"retry\": 0,\n    \"timeout\": 45000,\n    \"siteId\": \"4201\",\n    \"internalOrigin\": \"<boolean>\",\n    \"uuid\": \"a5eac27d-cd89-4096-a331-306480bfee76\"\n  },\n  \"status\": \"mollit\",\n  \"message\": \"d\"\n}","cookie":[],"_postman_previewlanguage":"json"}],"event":[],"protocolProfileBehavior":{"disableBodyPruning":true}},{"id":"004cfef0-5746-463a-8793-c8a3fc3e58ef","name":"Store the document","request":{"name":"Store the document","description":{"content":"Store the document","type":"text/plain"},"url":{"path":["easeDocumentStore","v1","storeDocument"],"host":["{{baseUrl}}"],"query":[],"variable":[]},"header":[{"key":"Content-Type","value":"application/json"},{"key":"Accept","value":"application/json"}],"method":"POST","auth":null,"body":{"mode":"raw","raw":"{\n  \"callingApplication\": \"<string>\",\n  \"cardNumber\": \"<string>\",\n  \"documentAccessType\": \"<string>\",\n  \"documents\": [\n    {\n      \"documentCategory\": \"<string>\",\n      \"documentName\": \"<string>\",\n      \"documentPages\": [\n        \"<string>\",\n        \"<string>\"\n      ],\n      \"documentFormat\": \"<string>\",\n      \"metaData\": {\n        \"anima\": \"<string>\",\n        \"fugiatf\": \"<string>\"\n      },\n      \"decodedDocumentPages\": [\n        [\n          \"<byte>\",\n          \"<byte>\"\n        ],\n        [\n          \"<byte>\",\n          \"<byte>\"\n        ]\n      ]\n    },\n    {\n      \"documentCategory\": \"<string>\",\n      \"documentName\": \"<string>\",\n      \"documentPages\": [\n        \"<string>\",\n        \"<string>\"\n      ],\n      \"documentFormat\": \"<string>\",\n      \"metaData\": {\n        \"eu_a_\": \"<string>\",\n        \"ina75\": \"<string>\",\n        \"Excepteurda\": \"<string>\"\n      },\n      \"decodedDocumentPages\": [\n        [\n          \"<byte>\",\n          \"<byte>\"\n        ],\n        [\n          \"<byte>\",\n          \"<byte>\"\n        ]\n      ]\n    }\n  ],\n  \"requestType\": \"<string>\",\n  \"securityGroup\": \"<string>\",\n  \"userType\": \"<string>\",\n  \"common\": {\n    \"user\": \"<string>\",\n    \"agent\": \"<string>\",\n    \"cycle\": \"<string>\",\n    \"clientNumber\": \"<string>\",\n    \"system\": \"<string>\",\n    \"prin\": \"<string>\",\n    \"debug\": \"<boolean>\",\n    \"org\": \"<string>\",\n    \"processor\": \"<boolean>\",\n    \"contentType\": \"<string>\",\n    \"retry\": \"<long>\",\n    \"timeout\": \"<long>\",\n    \"siteId\": \"<string>\",\n    \"internalOrigin\": \"<boolean>\",\n    \"uuid\": \"<string>\"\n  },\n  \"disputeCaseNumber\": \"<string>\",\n  \"transactionId\": \"<string>\"\n}","options":{"raw":{"language":"json"}}}},"response":[{"id":"d546840b-b73b-4e0f-9b00-05d3b75d0111","name":"successful operation","originalRequest":{"url":{"path":["easeDocumentStore","v1","storeDocument"],"host":["{{baseUrl}}"],"query":[],"variable":[]},"header":[{"key":"Accept","value":"application/json"}],"method":"POST","body":{"mode":"raw","raw":"{\n  \"callingApplication\": \"<string>\",\n  \"cardNumber\": \"<string>\",\n  \"documentAccessType\": \"CARDHOLDER_FACING\",\n  \"documents\": [\n    {\n      \"documentCategory\": \"Affidavit\",\n      \"documentName\": \"MyDocument.pdf\",\n      \"documentPages\": [\n        \"<string>\",\n        \"<string>\"\n      ],\n      \"documentFormat\": \"pdf or tif or tiff or png or jpeg\",\n      \"metaData\": {},\n      \"decodedDocumentPages\": [\n        [\n          \"<byte>\",\n          \"<byte>\"\n        ],\n        [\n          \"<byte>\",\n          \"<byte>\"\n        ]\n      ]\n    },\n    {\n      \"documentCategory\": \"Affidavit\",\n      \"documentName\": \"MyDocument.pdf\",\n      \"documentPages\": [\n        \"<string>\",\n        \"<string>\"\n      ],\n      \"documentFormat\": \"pdf or tif or tiff or png or jpeg\",\n      \"metaData\": {},\n      \"decodedDocumentPages\": [\n        [\n          \"<byte>\",\n          \"<byte>\"\n        ],\n        [\n          \"<byte>\",\n          \"<byte>\"\n        ]\n      ]\n    }\n  ],\n  \"requestType\": \"<string>\",\n  \"securityGroup\": \"<string>\",\n  \"userType\": \"<string>\",\n  \"common\": {\n    \"user\": \"<string>\",\n    \"agent\": \"4000\",\n    \"cycle\": \"T\",\n    \"clientNumber\": \"1000\",\n    \"system\": \"2000\",\n    \"prin\": \"3000\",\n    \"debug\": \"<boolean>\",\n    \"org\": \"<string>\",\n    \"processor\": \"<boolean>\",\n    \"contentType\": \"<string>\",\n    \"retry\": 0,\n    \"timeout\": 45000,\n    \"siteId\": \"4201\",\n    \"internalOrigin\": \"<boolean>\",\n    \"uuid\": \"a5eac27d-cd89-4096-a331-306480bfee76\"\n  },\n  \"disputeCaseNumber\": \"<string>\",\n  \"transactionId\": \"<string>\"\n}","options":{"raw":{"language":"json"}}}},"status":"OK","code":200,"header":[{"key":"Content-Type","value":"application/json"}],"body":"{\n  \"common\": {\n    \"user\": \"<string>\",\n    \"agent\": \"4000\",\n    \"cycle\": \"T\",\n    \"clientNumber\": \"1000\",\n    \"system\": \"2000\",\n    \"prin\": \"3000\",\n    \"debug\": \"<boolean>\",\n    \"org\": \"<string>\",\n    \"processor\": \"<boolean>\",\n    \"contentType\": \"<string>\",\n    \"retry\": 0,\n    \"timeout\": 45000,\n    \"siteId\": \"4201\",\n    \"internalOrigin\": \"<boolean>\",\n    \"uuid\": \"a5eac27d-cd89-4096-a331-306480bfee76\"\n  },\n  \"status\": \"mollit\",\n  \"message\": \"d\"\n}","cookie":[],"_postman_previewlanguage":"json"}],"event":[],"protocolProfileBehavior":{"disableBodyPruning":true}}],"event":[]}],"event":[],"variable":[{"type":"string","value":"https://cat.api.firstdata.com/fs","key":"baseUrl"}],"info":{"_postman_id":"eb8c2605-81d7-446c-bca6-8bf1f3e709e1","name":"fs-devportal-services-1","schema":"https://schema.getpostman.com/json/collection/v2.1.0/collection.json","description":{"content":"Welcome to the Financial Services API documentation","type":"text/plain"}}}