{"item":[{"id":"7484502c-0e3f-405a-96c0-7dc1b8a05b11","name":"easeDocumentStore/v1","item":[{"id":"2c08f393-a00a-455c-8aae-6783f6de54a9","name":"Add custom label","request":{"name":"Add custom label","description":{"content":"Adds a custom label","type":"text/plain"},"url":{"path":["easeDocumentStore","v1","addCustomLabel"],"host":["{{baseUrl}}"],"query":[],"variable":[]},"header":[{"key":"Content-Type","value":"application/json"},{"key":"Accept","value":"application/json"}],"method":"POST","auth":null,"body":{"mode":"raw","raw":"{\n  \"label\": \"<string>\",\n  \"securityGroup\": \"<string>\",\n  \"common\": {\n    \"user\": \"<string>\",\n    \"agent\": \"<string>\",\n    \"cycle\": \"<string>\",\n    \"clientNumber\": \"<string>\",\n    \"system\": \"<string>\",\n    \"prin\": \"<string>\",\n    \"debug\": \"<boolean>\",\n    \"org\": \"<string>\",\n    \"processor\": \"<boolean>\",\n    \"contentType\": \"<string>\",\n    \"retry\": \"<long>\",\n    \"timeout\": \"<long>\",\n    \"siteId\": \"<string>\",\n    \"internalOrigin\": \"<boolean>\"\n  }\n}","options":{"raw":{"language":"json"}}}},"response":[{"id":"84ac9e21-eee6-45b5-9266-fc8d760afe79","name":"successful operation","originalRequest":{"url":{"path":["easeDocumentStore","v1","addCustomLabel"],"host":["{{baseUrl}}"],"query":[],"variable":[]},"header":[{"key":"Accept","value":"application/json"}],"method":"POST","body":{"mode":"raw","raw":"{\n  \"label\": \"deupTeY2T8UR8aUZxhpIFczkTVNBX3TSStF7GCFQp3l6WwTXit\",\n  \"securityGroup\": \"dw2r3Y1THSUJ2RuqEq0KgRpQA0kN0Fe8AweCbdb8dUccwTywqi\",\n  \"common\": {\n    \"user\": \"<string>\",\n    \"agent\": \"4000\",\n    \"cycle\": \"T\",\n    \"clientNumber\": \"1000\",\n    \"system\": \"2000\",\n    \"prin\": \"3000\",\n    \"debug\": \"<boolean>\",\n    \"org\": \"<string>\",\n    \"processor\": \"<boolean>\",\n    \"contentType\": \"<string>\",\n    \"retry\": 0,\n    \"timeout\": 45000,\n    \"siteId\": \"4201\",\n    \"internalOrigin\": \"<boolean>\"\n  }\n}","options":{"raw":{"language":"json"}}}},"status":"OK","code":200,"header":[{"key":"Content-Type","value":"application/json"}],"body":"{\n  \"common\": {\n    \"user\": \"<string>\",\n    \"agent\": \"4000\",\n    \"cycle\": \"T\",\n    \"clientNumber\": \"1000\",\n    \"system\": \"2000\",\n    \"prin\": \"3000\",\n    \"debug\": \"<boolean>\",\n    \"org\": \"<string>\",\n    \"processor\": \"<boolean>\",\n    \"contentType\": \"<string>\",\n    \"retry\": 0,\n    \"timeout\": 45000,\n    \"siteId\": \"4201\",\n    \"internalOrigin\": \"<boolean>\"\n  },\n  \"status\": \"reprehenderit anim nostrud\",\n  \"message\": \"ut non enim dolor\"\n}","cookie":[],"_postman_previewlanguage":"json"}],"event":[],"protocolProfileBehavior":{"disableBodyPruning":true}},{"id":"3d3ab75d-e0ca-402d-b101-938752baae93","name":"Add custom label","request":{"name":"Add custom label","description":{"content":"Adds a custom label","type":"text/plain"},"url":{"path":["easeDocumentStore","v1","getLabelsBySecurityGroup"],"host":["{{baseUrl}}"],"query":[],"variable":[]},"header":[{"key":"Accept","value":"application/json"}],"method":"POST","auth":null},"response":[{"id":"53477dd4-0b5f-4f0b-89e4-f9f93b40dadb","name":"successful operation","originalRequest":{"url":{"path":["easeDocumentStore","v1","getLabelsBySecurityGroup"],"host":["{{baseUrl}}"],"query":[],"variable":[]},"header":[{"key":"Accept","value":"application/json"}],"method":"POST","body":{}},"status":"OK","code":200,"header":[{"key":"Content-Type","value":"application/json"}],"body":"{\n  \"common\": {\n    \"user\": \"<string>\",\n    \"agent\": \"4000\",\n    \"cycle\": \"T\",\n    \"clientNumber\": \"1000\",\n    \"system\": \"2000\",\n    \"prin\": \"3000\",\n    \"debug\": \"<boolean>\",\n    \"org\": \"<string>\",\n    \"processor\": \"<boolean>\",\n    \"contentType\": \"<string>\",\n    \"retry\": 0,\n    \"timeout\": 45000,\n    \"siteId\": \"4201\",\n    \"internalOrigin\": \"<boolean>\"\n  },\n  \"status\": \"reprehenderit anim nostrud\",\n  \"message\": \"ut non enim dolor\"\n}","cookie":[],"_postman_previewlanguage":"json"}],"event":[],"protocolProfileBehavior":{"disableBodyPruning":true}},{"id":"5b9bddc1-9381-44d2-b08f-0919734b6015","name":"Store the document","request":{"name":"Store the document","description":{"content":"Store the document","type":"text/plain"},"url":{"path":["easeDocumentStore","v1","storeDocument"],"host":["{{baseUrl}}"],"query":[],"variable":[]},"header":[{"key":"Content-Type","value":"application/json"},{"key":"Accept","value":"application/json"}],"method":"POST","auth":null,"body":{"mode":"raw","raw":"{\n  \"callingApplication\": \"<string>\",\n  \"cardNumber\": \"<string>\",\n  \"documents\": [\n    {\n      \"documentCategory\": \"<string>\",\n      \"documentName\": \"<string>\",\n      \"documentPages\": [\n        [\n          \"<byte>\",\n          \"<byte>\"\n        ],\n        [\n          \"<byte>\",\n          \"<byte>\"\n        ]\n      ],\n      \"documentFormat\": \"<string>\",\n      \"metaData\": {\n        \"dolor_9\": \"<string>\",\n        \"autef0_\": \"<string>\"\n      }\n    },\n    {\n      \"documentCategory\": \"<string>\",\n      \"documentName\": \"<string>\",\n      \"documentPages\": [\n        [\n          \"<byte>\",\n          \"<byte>\"\n        ],\n        [\n          \"<byte>\",\n          \"<byte>\"\n        ]\n      ],\n      \"documentFormat\": \"<string>\",\n      \"metaData\": {\n        \"in40d\": \"<string>\",\n        \"ut_9\": \"<string>\",\n        \"minim_971\": \"<string>\",\n        \"laboris5\": \"<string>\"\n      }\n    }\n  ],\n  \"requestType\": \"<string>\",\n  \"common\": {\n    \"user\": \"<string>\",\n    \"agent\": \"<string>\",\n    \"cycle\": \"<string>\",\n    \"clientNumber\": \"<string>\",\n    \"system\": \"<string>\",\n    \"prin\": \"<string>\",\n    \"debug\": \"<boolean>\",\n    \"org\": \"<string>\",\n    \"processor\": \"<boolean>\",\n    \"contentType\": \"<string>\",\n    \"retry\": \"<long>\",\n    \"timeout\": \"<long>\",\n    \"siteId\": \"<string>\",\n    \"internalOrigin\": \"<boolean>\"\n  },\n  \"disputeCaseNumber\": \"<string>\",\n  \"transactionId\": \"<string>\"\n}","options":{"raw":{"language":"json"}}}},"response":[{"id":"74807f51-2bab-416a-9645-e9b644d35d13","name":"successful operation","originalRequest":{"url":{"path":["easeDocumentStore","v1","storeDocument"],"host":["{{baseUrl}}"],"query":[],"variable":[]},"header":[{"key":"Accept","value":"application/json"}],"method":"POST","body":{"mode":"raw","raw":"{\n  \"callingApplication\": \"<string>\",\n  \"cardNumber\": \"<string>\",\n  \"documents\": [\n    {\n      \"documentCategory\": \"Affidavit\",\n      \"documentName\": \"MyDocument.pdf\",\n      \"documentPages\": [\n        [\n          \"<byte>\",\n          \"<byte>\"\n        ],\n        [\n          \"<byte>\",\n          \"<byte>\"\n        ]\n      ],\n      \"documentFormat\": \"pdf or tif or tiff or png or jpeg\",\n      \"metaData\": {}\n    },\n    {\n      \"documentCategory\": \"Affidavit\",\n      \"documentName\": \"MyDocument.pdf\",\n      \"documentPages\": [\n        [\n          \"<byte>\",\n          \"<byte>\"\n        ],\n        [\n          \"<byte>\",\n          \"<byte>\"\n        ]\n      ],\n      \"documentFormat\": \"pdf or tif or tiff or png or jpeg\",\n      \"metaData\": {}\n    }\n  ],\n  \"requestType\": \"<string>\",\n  \"common\": {\n    \"user\": \"<string>\",\n    \"agent\": \"4000\",\n    \"cycle\": \"T\",\n    \"clientNumber\": \"1000\",\n    \"system\": \"2000\",\n    \"prin\": \"3000\",\n    \"debug\": \"<boolean>\",\n    \"org\": \"<string>\",\n    \"processor\": \"<boolean>\",\n    \"contentType\": \"<string>\",\n    \"retry\": 0,\n    \"timeout\": 45000,\n    \"siteId\": \"4201\",\n    \"internalOrigin\": \"<boolean>\"\n  },\n  \"disputeCaseNumber\": \"<string>\",\n  \"transactionId\": \"<string>\"\n}","options":{"raw":{"language":"json"}}}},"status":"OK","code":200,"header":[{"key":"Content-Type","value":"application/json"}],"body":"{\n  \"common\": {\n    \"user\": \"<string>\",\n    \"agent\": \"4000\",\n    \"cycle\": \"T\",\n    \"clientNumber\": \"1000\",\n    \"system\": \"2000\",\n    \"prin\": \"3000\",\n    \"debug\": \"<boolean>\",\n    \"org\": \"<string>\",\n    \"processor\": \"<boolean>\",\n    \"contentType\": \"<string>\",\n    \"retry\": 0,\n    \"timeout\": 45000,\n    \"siteId\": \"4201\",\n    \"internalOrigin\": \"<boolean>\"\n  },\n  \"status\": \"reprehenderit anim nostrud\",\n  \"message\": \"ut non enim dolor\"\n}","cookie":[],"_postman_previewlanguage":"json"}],"event":[],"protocolProfileBehavior":{"disableBodyPruning":true}}],"event":[]}],"event":[],"variable":[{"type":"string","value":"https://cat.api.firstdata.com/fs","key":"baseUrl"}],"info":{"_postman_id":"b272ed70-9df7-463d-aa5b-9207028a8d06","name":"fs-devportal-services-1","schema":"https://schema.getpostman.com/json/collection/v2.1.0/collection.json","description":{"content":"Welcome to the Financial Services API documentation","type":"text/plain"}}}