{"item":[{"id":"ef4b5131-2fde-4870-b7b0-2b5400767b19","name":"email/v1","item":[{"id":"af119e2a-de7b-4beb-8c88-03e4d5c92217","name":"Basic health check response","request":{"name":"Basic health check response","description":{},"url":{"path":["email","v1","healthcheck"],"host":["{{baseUrl}}"],"query":[],"variable":[]},"header":[{"key":"Content-Type","value":"application/json"},{"key":"Accept","value":"application/json"}],"method":"POST","auth":null,"body":{"mode":"raw","raw":"{\n  \"common\": {\n    \"user\": \"<string>\",\n    \"agent\": \"<string>\",\n    \"cycle\": \"<string>\",\n    \"clientNumber\": \"<string>\",\n    \"system\": \"<string>\",\n    \"prin\": \"<string>\",\n    \"debug\": \"<boolean>\",\n    \"org\": \"<string>\",\n    \"processor\": \"<boolean>\",\n    \"contentType\": \"<string>\",\n    \"retry\": \"<long>\",\n    \"timeout\": \"<long>\",\n    \"siteId\": \"<string>\",\n    \"internalOrigin\": \"<boolean>\",\n    \"uuid\": \"<string>\",\n    \"rts\": \"<dateTime>\"\n  }\n}","options":{"raw":{"language":"json"}}}},"response":[{"id":"88e36db4-391c-4fca-8a32-5b5adca05d54","name":"successful operation","originalRequest":{"url":{"path":["email","v1","healthcheck"],"host":["{{baseUrl}}"],"query":[],"variable":[]},"header":[{"key":"Accept","value":"application/json"}],"method":"POST","body":{"mode":"raw","raw":"{\n  \"common\": {\n    \"user\": \"<string>\",\n    \"agent\": \"4000\",\n    \"cycle\": \"T\",\n    \"clientNumber\": \"1000\",\n    \"system\": \"2000\",\n    \"prin\": \"3000\",\n    \"debug\": \"<boolean>\",\n    \"org\": \"<string>\",\n    \"processor\": \"<boolean>\",\n    \"contentType\": \"<string>\",\n    \"retry\": 0,\n    \"timeout\": 45000,\n    \"siteId\": \"4201\",\n    \"internalOrigin\": \"<boolean>\",\n    \"uuid\": \"a5eac27d-cd89-4096-a331-306480bfee76\",\n    \"rts\": \"2024-05-01T15:05:55Z\"\n  }\n}","options":{"raw":{"language":"json"}}}},"status":"OK","code":200,"header":[{"key":"Content-Type","value":"application/json"}],"body":"{}","cookie":[],"_postman_previewlanguage":"json"}],"event":[],"protocolProfileBehavior":{"disableBodyPruning":true}},{"id":"ce50f26a-6f57-4141-983b-efe5b7e9c6ec","name":"Sends an email using the given parameters and parameterized template","request":{"name":"Sends an email using the given parameters and parameterized template","description":{},"url":{"path":["email","v1","send"],"host":["{{baseUrl}}"],"query":[],"variable":[]},"header":[{"key":"Content-Type","value":"application/json"},{"key":"Accept","value":"application/json"}],"method":"POST","auth":null,"body":{"mode":"raw","raw":"{\n  \"common\": {\n    \"user\": \"<string>\",\n    \"agent\": \"<string>\",\n    \"cycle\": \"<string>\",\n    \"clientNumber\": \"<string>\",\n    \"system\": \"<string>\",\n    \"prin\": \"<string>\",\n    \"debug\": \"<boolean>\",\n    \"org\": \"<string>\",\n    \"processor\": \"<boolean>\",\n    \"contentType\": \"<string>\",\n    \"retry\": \"<long>\",\n    \"timeout\": \"<long>\",\n    \"siteId\": \"<string>\",\n    \"internalOrigin\": \"<boolean>\",\n    \"uuid\": \"<string>\",\n    \"externalCustomerId\": \"<string>\",\n    \"accountId\": \"<string>\",\n    \"presentationId\": \"<string>\",\n    \"rts\": \"<dateTime>\"\n  },\n  \"templateType\": \"<string>\",\n  \"parameters\": {\n    \"ut3d1\": \"<string>\",\n    \"cupidatatf1\": \"<string>\",\n    \"ut25c\": \"<string>\"\n  },\n  \"recipients\": [\n    \"<string>\",\n    \"<string>\"\n  ]\n}","options":{"raw":{"language":"json"}}}},"response":[{"id":"74e2935f-cac7-47ab-b907-0fe5050c6abb","name":"successful operation","originalRequest":{"url":{"path":["email","v1","send"],"host":["{{baseUrl}}"],"query":[],"variable":[]},"header":[{"key":"Accept","value":"application/json"}],"method":"POST","body":{"mode":"raw","raw":"{\n  \"common\": {\n    \"user\": \"<string>\",\n    \"agent\": \"4000\",\n    \"cycle\": \"T\",\n    \"clientNumber\": \"1000\",\n    \"system\": \"2000\",\n    \"prin\": \"3000\",\n    \"debug\": \"<boolean>\",\n    \"org\": \"<string>\",\n    \"processor\": \"<boolean>\",\n    \"contentType\": \"<string>\",\n    \"retry\": 0,\n    \"timeout\": 45000,\n    \"siteId\": \"4201\",\n    \"internalOrigin\": \"<boolean>\",\n    \"uuid\": \"a5eac27d-cd89-4096-a331-306480bfee76\",\n    \"externalCustomerId\": \"<string>\",\n    \"accountId\": \"8888888888888888\",\n    \"presentationId\": \"<string>\",\n    \"rts\": \"2024-05-01T15:05:55Z\"\n  },\n  \"templateType\": \"<string>\",\n  \"parameters\": {},\n  \"recipients\": [\n    \"<string>\",\n    \"<string>\"\n  ]\n}","options":{"raw":{"language":"json"}}}},"status":"OK","code":200,"header":[{"key":"Content-Type","value":"application/json"}],"body":"{\n  \"processorInfo\": {\n    \"system\": \"eu laboris elit\",\n    \"cycle\": \"in aliquip laboris Ut\",\n    \"tor\": \"dolore quis\",\n    \"mode\": \"reprehenderit Ut consequat\"\n  }\n}","cookie":[],"_postman_previewlanguage":"json"}],"event":[],"protocolProfileBehavior":{"disableBodyPruning":true}},{"id":"30552bfb-fdb3-4dab-932e-56d4af0c55f5","name":"Builds and sends an email request to Emessenger using the given parameters ","request":{"name":"Builds and sends an email request to Emessenger using the given parameters ","description":{},"url":{"path":["email","v1","sendEmessenger"],"host":["{{baseUrl}}"],"query":[],"variable":[]},"header":[{"key":"Content-Type","value":"application/json"},{"key":"Accept","value":"application/json"}],"method":"POST","auth":null,"body":{"mode":"raw","raw":"{\n  \"common\": {\n    \"user\": \"<string>\",\n    \"agent\": \"<string>\",\n    \"cycle\": \"<string>\",\n    \"clientNumber\": \"<string>\",\n    \"system\": \"<string>\",\n    \"prin\": \"<string>\",\n    \"debug\": \"<boolean>\",\n    \"org\": \"<string>\",\n    \"processor\": \"<boolean>\",\n    \"contentType\": \"<string>\",\n    \"retry\": \"<long>\",\n    \"timeout\": \"<long>\",\n    \"siteId\": \"<string>\",\n    \"internalOrigin\": \"<boolean>\",\n    \"uuid\": \"<string>\",\n    \"externalCustomerId\": \"<string>\",\n    \"accountId\": \"<string>\",\n    \"presentationId\": \"<string>\",\n    \"rts\": \"<dateTime>\"\n  },\n  \"clientIdentifier\": \"<string>\",\n  \"alertType\": \"<string>\",\n  \"applicationId\": \"<string>\",\n  \"emessengerFields\": [\n    {\n      \"xmlElement\": \"<string>\",\n      \"xmlValue\": \"<string>\"\n    },\n    {\n      \"xmlElement\": \"<string>\",\n      \"xmlValue\": \"<string>\"\n    }\n  ],\n  \"memoText\": \"<string>\",\n  \"memoBehaviorIdentifier\": \"<string>\",\n  \"autoEscapingXmlOverridden\": \"<boolean>\"\n}","options":{"raw":{"language":"json"}}}},"response":[{"id":"01f5173a-1e21-4e2a-bd82-9f5eb2d534e2","name":"successful operation","originalRequest":{"url":{"path":["email","v1","sendEmessenger"],"host":["{{baseUrl}}"],"query":[],"variable":[]},"header":[{"key":"Accept","value":"application/json"}],"method":"POST","body":{"mode":"raw","raw":"{\n  \"common\": {\n    \"user\": \"<string>\",\n    \"agent\": \"4000\",\n    \"cycle\": \"T\",\n    \"clientNumber\": \"1000\",\n    \"system\": \"2000\",\n    \"prin\": \"3000\",\n    \"debug\": \"<boolean>\",\n    \"org\": \"<string>\",\n    \"processor\": \"<boolean>\",\n    \"contentType\": \"<string>\",\n    \"retry\": 0,\n    \"timeout\": 45000,\n    \"siteId\": \"4201\",\n    \"internalOrigin\": \"<boolean>\",\n    \"uuid\": \"a5eac27d-cd89-4096-a331-306480bfee76\",\n    \"externalCustomerId\": \"<string>\",\n    \"accountId\": \"8888888888888888\",\n    \"presentationId\": \"<string>\",\n    \"rts\": \"2024-05-01T15:05:55Z\"\n  },\n  \"clientIdentifier\": \"<string>\",\n  \"alertType\": \"<string>\",\n  \"applicationId\": \"<string>\",\n  \"emessengerFields\": [\n    {\n      \"xmlElement\": \"<string>\",\n      \"xmlValue\": \"<string>\"\n    },\n    {\n      \"xmlElement\": \"<string>\",\n      \"xmlValue\": \"<string>\"\n    }\n  ],\n  \"memoText\": \"<string>\",\n  \"memoBehaviorIdentifier\": \"<string>\",\n  \"autoEscapingXmlOverridden\": \"<boolean>\"\n}","options":{"raw":{"language":"json"}}}},"status":"OK","code":200,"header":[{"key":"Content-Type","value":"application/json"}],"body":"{\n  \"processorInfo\": {\n    \"system\": \"tempor in\",\n    \"cycle\": \"deserunt est do\",\n    \"tor\": \"aliqua amet cillum adipisicing\",\n    \"mode\": \"Ut labore aliqua cupidatat\"\n  },\n  \"messages\": [\n    {\n      \"resultCode\": \"sed eu\",\n      \"messageText\": \"nisi dolore cupidatat incididunt\",\n      \"transactionStatus\": \"eu ex reprehenderit id\"\n    },\n    {\n      \"resultCode\": \"eiusmod incididunt labore ad nostrud\",\n      \"messageText\": \"Excepteur\",\n      \"transactionStatus\": \"aute\"\n    }\n  ]\n}","cookie":[],"_postman_previewlanguage":"json"}],"event":[],"protocolProfileBehavior":{"disableBodyPruning":true}}],"event":[]}],"event":[],"variable":[{"type":"string","value":"https://cat.api.firstdata.com/fs","key":"baseUrl"}],"info":{"_postman_id":"987763b8-2117-4860-b423-cbfbc5fce74f","name":"fs-devportal-services-1","schema":"https://schema.getpostman.com/json/collection/v2.1.0/collection.json","description":{"content":"Welcome to the Financial Services API documentation","type":"text/plain"}}}