{"item":[{"id":"a5467f21-4e29-4295-84f1-49eeb2ebe3f1","name":"fdtoken/v1","item":[{"id":"100a0db1-bcab-4433-bef6-4d940f992469","name":"Token Activate API","request":{"name":"Token Activate API","description":{"content":"A call will be made either to Visa, MasterCard or First Data TSP activate API based on tokenServiceProviderCode value\n Required Fields: tokenServiceProviderCode","type":"text/plain"},"url":{"path":["fdtoken","v1","tokenActivate"],"host":["{{baseUrl}}"],"query":[],"variable":[]},"header":[{"key":"Content-Type","value":"application/json"},{"key":"Accept","value":"application/json"}],"method":"POST","auth":null,"body":{"mode":"raw","raw":"{\n  \"tokenServiceProviderCode\": \"<string>\",\n  \"common\": {\n    \"user\": \"<string>\",\n    \"agent\": \"<string>\",\n    \"cycle\": \"<string>\",\n    \"clientNumber\": \"<string>\",\n    \"system\": \"<string>\",\n    \"prin\": \"<string>\",\n    \"debug\": \"<boolean>\",\n    \"org\": \"<string>\",\n    \"processor\": \"<boolean>\",\n    \"contentType\": \"<string>\",\n    \"retry\": \"<long>\",\n    \"timeout\": \"<long>\",\n    \"siteId\": \"<string>\",\n    \"internalOrigin\": \"<boolean>\",\n    \"uuid\": \"<string>\",\n    \"rts\": \"<dateTime>\"\n  },\n  \"tokenReference\": \"<string>\",\n  \"token\": \"<string>\",\n  \"tokenRequestorId\": \"<string>\",\n  \"activationCode\": \"<string>\",\n  \"accountPan\": \"<string>\",\n  \"paymentAppInstanceId\": \"<string>\",\n  \"commentText\": \"<string>\",\n  \"reasonCode\": \"<string>\",\n  \"reason\": \"<string>\",\n  \"dataProtect\": \"<boolean>\"\n}","options":{"raw":{"language":"json"}}}},"response":[{"id":"0effa910-263e-4d5e-a404-84822dfb07aa","name":"successful operation","originalRequest":{"url":{"path":["fdtoken","v1","tokenActivate"],"host":["{{baseUrl}}"],"query":[],"variable":[]},"header":[{"key":"Accept","value":"application/json"}],"method":"POST","body":{"mode":"raw","raw":"{\n  \"tokenServiceProviderCode\": \"2\",\n  \"common\": {\n    \"user\": \"<string>\",\n    \"agent\": \"4000\",\n    \"cycle\": \"T\",\n    \"clientNumber\": \"1000\",\n    \"system\": \"2000\",\n    \"prin\": \"3000\",\n    \"debug\": \"<boolean>\",\n    \"org\": \"<string>\",\n    \"processor\": \"<boolean>\",\n    \"contentType\": \"<string>\",\n    \"retry\": 0,\n    \"timeout\": 45000,\n    \"siteId\": \"4201\",\n    \"internalOrigin\": \"<boolean>\",\n    \"uuid\": \"a5eac27d-cd89-4096-a331-306480bfee76\",\n    \"rts\": \"2024-07-16T11:14:14Z\"\n  },\n  \"tokenReference\": \"<string>\",\n  \"token\": \"<string>\",\n  \"tokenRequestorId\": \"\",\n  \"activationCode\": \"tbrf0WVD\",\n  \"accountPan\": \"4730998038590\",\n  \"paymentAppInstanceId\": \"3168TyyeU5vlkRwGGuyRXwyXVhQKavRAfv1aOSQsR07zeA5K\",\n  \"commentText\": \"<string>\",\n  \"reasonCode\": \"<string>\",\n  \"reason\": \"FGbsWr4pa3T8qfnrtdVSBWW5cVBO4TGoxvrDjEalyChGjJXpKv\",\n  \"dataProtect\": \"<boolean>\"\n}","options":{"raw":{"language":"json"}}}},"status":"OK","code":200,"header":[{"key":"Content-Type","value":"application/json"}],"body":"{\n  \"token\": {\n    \"TokenUniqueReference\": \"ex non aliqua\",\n    \"TokenSuffix\": \"minim\",\n    \"ExpirationDate\": \"consequat Duis\",\n    \"DigitizationRequestDateTime\": \"ipsum\",\n    \"TokenActivatedDateTime\": \"incididunt minim\",\n    \"FinalTokenizationDecision\": \"in in consectetur\",\n    \"ActivationCodeExpirationDateTime\": \"nisi deserunt consectetur dolore\",\n    \"CurrentStatusCode\": \"est ad fugiat irure\",\n    \"CurrentStatusDateTime\": \"ut exercitation veniam amet\",\n    \"ProvisioningStatusCode\": \"enim ut\",\n    \"TokenRequestorId\": \"in sed\",\n    \"TokenRequestorName\": \"non aute veniam\",\n    \"TokenType\": \"labore cupidatat sed\",\n    \"WalletId\": \"consequat nisi quis ipsum\",\n    \"Device\": {\n      \"DeviceId\": \"aliq\",\n      \"DeviceName\": \"consequat\",\n      \"DeviceType\": \"mollit esse\",\n      \"SecureElementId\": \"ut reprehenderit tempor eu\"\n    },\n    \"StorageTechnology\": \"lab\",\n    \"CommentId\": \"Lorem aliqua adipisicing aliquip\"\n  },\n  \"responseStatus\": {\n    \"correlationId\": \"qui minim ullamco in\",\n    \"statusCode\": \"consequat officia exercitation magna eu\",\n    \"statusDescription\": \"in ea\"\n  }\n}","cookie":[],"_postman_previewlanguage":"json"}],"event":[],"protocolProfileBehavior":{"disableBodyPruning":true}},{"id":"cfae8e81-f3c3-4561-8f1b-42a1fb925059","name":"Token Delete API","request":{"name":"Token Delete API","description":{"content":"A call will be made either to Visa, MasterCard or First Data TSP delete API based on tspProvider value\n Required Fields: tokenServiceProviderCode","type":"text/plain"},"url":{"path":["fdtoken","v1","tokenDelete"],"host":["{{baseUrl}}"],"query":[],"variable":[]},"header":[{"key":"Content-Type","value":"application/json"},{"key":"Accept","value":"application/json"}],"method":"POST","auth":null,"body":{"mode":"raw","raw":"{\n  \"tokenServiceProviderCode\": \"<string>\",\n  \"common\": {\n    \"user\": \"<string>\",\n    \"agent\": \"<string>\",\n    \"cycle\": \"<string>\",\n    \"clientNumber\": \"<string>\",\n    \"system\": \"<string>\",\n    \"prin\": \"<string>\",\n    \"debug\": \"<boolean>\",\n    \"org\": \"<string>\",\n    \"processor\": \"<boolean>\",\n    \"contentType\": \"<string>\",\n    \"retry\": \"<long>\",\n    \"timeout\": \"<long>\",\n    \"siteId\": \"<string>\",\n    \"internalOrigin\": \"<boolean>\",\n    \"uuid\": \"<string>\",\n    \"rts\": \"<dateTime>\"\n  },\n  \"tokenReference\": \"<string>\",\n  \"token\": \"<string>\",\n  \"tokenRequestorId\": \"<string>\",\n  \"activationCode\": \"<string>\",\n  \"accountPan\": \"<string>\",\n  \"paymentAppInstanceId\": \"<string>\",\n  \"commentText\": \"<string>\",\n  \"reasonCode\": \"<string>\",\n  \"reason\": \"<string>\",\n  \"dataProtect\": \"<boolean>\"\n}","options":{"raw":{"language":"json"}}}},"response":[{"id":"19f7fe35-e9e8-4225-80a9-fbf3b27ad691","name":"successful operation","originalRequest":{"url":{"path":["fdtoken","v1","tokenDelete"],"host":["{{baseUrl}}"],"query":[],"variable":[]},"header":[{"key":"Accept","value":"application/json"}],"method":"POST","body":{"mode":"raw","raw":"{\n  \"tokenServiceProviderCode\": \"2\",\n  \"common\": {\n    \"user\": \"<string>\",\n    \"agent\": \"4000\",\n    \"cycle\": \"T\",\n    \"clientNumber\": \"1000\",\n    \"system\": \"2000\",\n    \"prin\": \"3000\",\n    \"debug\": \"<boolean>\",\n    \"org\": \"<string>\",\n    \"processor\": \"<boolean>\",\n    \"contentType\": \"<string>\",\n    \"retry\": 0,\n    \"timeout\": 45000,\n    \"siteId\": \"4201\",\n    \"internalOrigin\": \"<boolean>\",\n    \"uuid\": \"a5eac27d-cd89-4096-a331-306480bfee76\",\n    \"rts\": \"2024-07-16T11:14:14Z\"\n  },\n  \"tokenReference\": \"<string>\",\n  \"token\": \"<string>\",\n  \"tokenRequestorId\": \"\",\n  \"activationCode\": \"tbrf0WVD\",\n  \"accountPan\": \"4730998038590\",\n  \"paymentAppInstanceId\": \"3168TyyeU5vlkRwGGuyRXwyXVhQKavRAfv1aOSQsR07zeA5K\",\n  \"commentText\": \"<string>\",\n  \"reasonCode\": \"<string>\",\n  \"reason\": \"FGbsWr4pa3T8qfnrtdVSBWW5cVBO4TGoxvrDjEalyChGjJXpKv\",\n  \"dataProtect\": \"<boolean>\"\n}","options":{"raw":{"language":"json"}}}},"status":"OK","code":200,"header":[{"key":"Content-Type","value":"application/json"}],"body":"{\n  \"token\": {\n    \"TokenUniqueReference\": \"ex non aliqua\",\n    \"TokenSuffix\": \"minim\",\n    \"ExpirationDate\": \"consequat Duis\",\n    \"DigitizationRequestDateTime\": \"ipsum\",\n    \"TokenActivatedDateTime\": \"incididunt minim\",\n    \"FinalTokenizationDecision\": \"in in consectetur\",\n    \"ActivationCodeExpirationDateTime\": \"nisi deserunt consectetur dolore\",\n    \"CurrentStatusCode\": \"est ad fugiat irure\",\n    \"CurrentStatusDateTime\": \"ut exercitation veniam amet\",\n    \"ProvisioningStatusCode\": \"enim ut\",\n    \"TokenRequestorId\": \"in sed\",\n    \"TokenRequestorName\": \"non aute veniam\",\n    \"TokenType\": \"labore cupidatat sed\",\n    \"WalletId\": \"consequat nisi quis ipsum\",\n    \"Device\": {\n      \"DeviceId\": \"aliq\",\n      \"DeviceName\": \"consequat\",\n      \"DeviceType\": \"mollit esse\",\n      \"SecureElementId\": \"ut reprehenderit tempor eu\"\n    },\n    \"StorageTechnology\": \"lab\",\n    \"CommentId\": \"Lorem aliqua adipisicing aliquip\"\n  },\n  \"responseStatus\": {\n    \"correlationId\": \"qui minim ullamco in\",\n    \"statusCode\": \"consequat officia exercitation magna eu\",\n    \"statusDescription\": \"in ea\"\n  }\n}","cookie":[],"_postman_previewlanguage":"json"}],"event":[],"protocolProfileBehavior":{"disableBodyPruning":true}},{"id":"f3dc13b6-2163-43e8-b456-81ca0deaa2bf","name":"Token Search API","request":{"name":"Token Search API","description":{"content":"Used to retrieve tokens associated with a provided account PAN by making calls to Token Service Providers .","type":"text/plain"},"url":{"path":["fdtoken","v1","tokenSearch"],"host":["{{baseUrl}}"],"query":[],"variable":[]},"header":[{"key":"Content-Type","value":"application/json"},{"key":"Accept","value":"application/json"}],"method":"POST","auth":null,"body":{"mode":"raw","raw":"{\n  \"common\": {\n    \"user\": \"<string>\",\n    \"agent\": \"<string>\",\n    \"cycle\": \"<string>\",\n    \"clientNumber\": \"<string>\",\n    \"system\": \"<string>\",\n    \"prin\": \"<string>\",\n    \"debug\": \"<boolean>\",\n    \"org\": \"<string>\",\n    \"processor\": \"<boolean>\",\n    \"contentType\": \"<string>\",\n    \"retry\": \"<long>\",\n    \"timeout\": \"<long>\",\n    \"siteId\": \"<string>\",\n    \"internalOrigin\": \"<boolean>\",\n    \"uuid\": \"<string>\",\n    \"externalCustomerId\": \"<string>\",\n    \"accountId\": \"<string>\",\n    \"presentationId\": \"<string>\",\n    \"rts\": \"<dateTime>\"\n  },\n  \"dataProtect\": \"<boolean>\"\n}","options":{"raw":{"language":"json"}}}},"response":[{"id":"d957edcc-a7fe-4846-8e61-1c0ca45a3e16","name":"successful operation","originalRequest":{"url":{"path":["fdtoken","v1","tokenSearch"],"host":["{{baseUrl}}"],"query":[],"variable":[]},"header":[{"key":"Accept","value":"application/json"}],"method":"POST","body":{"mode":"raw","raw":"{\n  \"common\": {\n    \"user\": \"<string>\",\n    \"agent\": \"4000\",\n    \"cycle\": \"T\",\n    \"clientNumber\": \"1000\",\n    \"system\": \"2000\",\n    \"prin\": \"3000\",\n    \"debug\": \"<boolean>\",\n    \"org\": \"<string>\",\n    \"processor\": \"<boolean>\",\n    \"contentType\": \"<string>\",\n    \"retry\": 0,\n    \"timeout\": 45000,\n    \"siteId\": \"4201\",\n    \"internalOrigin\": \"<boolean>\",\n    \"uuid\": \"a5eac27d-cd89-4096-a331-306480bfee76\",\n    \"externalCustomerId\": \"<string>\",\n    \"accountId\": \"8888888888888888\",\n    \"presentationId\": \"<string>\",\n    \"rts\": \"2024-07-16T11:14:14Z\"\n  },\n  \"dataProtect\": \"<boolean>\"\n}","options":{"raw":{"language":"json"}}}},"status":"OK","code":200,"header":[{"key":"Content-Type","value":"application/json"}],"body":"{\n  \"processorInfo\": {\n    \"system\": \"ex\",\n    \"cycle\": \"laborum sed\",\n    \"tor\": \"aliqua laboris in in\",\n    \"mode\": \"Lorem cupidatat Ut irure\"\n  },\n  \"visaTokenSearchResponse\": {\n    \"enteredId\": \"eiusmod culpa commodo ulla\",\n    \"tokens\": [\n      {\n        \"TokenUniqueReference\": \"sunt fugiat tempor\",\n        \"TokenSuffix\": \"ut ex reprehenderit dolor eiusmod\",\n        \"ExpirationDate\": \"et in voluptate\",\n        \"DigitizationRequestDateTime\": \"ea ut culpa amet\",\n        \"TokenActivatedDateTime\": \"pariatur in veniam\",\n        \"FinalTokenizationDecision\": \"reprehenderit eu\",\n        \"ActivationCodeExpirationDateTime\": \"elit laboris ei\",\n        \"CurrentStatusCode\": \"id\",\n        \"CurrentStatusDateTime\": \"sed adipisicing amet sint voluptate\",\n        \"ProvisioningStatusCode\": \"eiusmod aliqua\",\n        \"TokenRequestorId\": \"tempor id minim adipisicing aute\",\n        \"TokenRequestorName\": \"officia occaecat tempor in eiusmod\",\n        \"TokenType\": \"labore qui eiusmod\",\n        \"WalletId\": \"dolore laborum\",\n        \"Device\": {\n          \"DeviceId\": \"minim reprehenderit dolor aliqua\",\n          \"DeviceName\": \"ut deserunt\",\n          \"DeviceType\": \"aliquip do\",\n          \"SecureElementId\": \"ut dolor culpa\"\n        },\n        \"StorageTechnology\": \"pariatur\",\n        \"CommentId\": \"dolore qui tempor cupidatat est\"\n      },\n      {\n        \"TokenUniqueReference\": \"nulla non labore laboris\",\n        \"TokenSuffix\": \"sin\",\n        \"ExpirationDate\": \"enim\",\n        \"DigitizationRequestDateTime\": \"irure consequat occaecat ut\",\n        \"TokenActivatedDateTime\": \"et amet dolor nulla\",\n        \"FinalTokenizationDecision\": \"id irure\",\n        \"ActivationCodeExpirationDateTime\": \"nostrud\",\n        \"CurrentStatusCode\": \"enim culpa in quis cillum\",\n        \"CurrentStatusDateTime\": \"ipsum mollit occaecat ut\",\n        \"ProvisioningStatusCode\": \"elit id aliquip ad\",\n        \"TokenRequestorId\": \"ut aute culpa est\",\n        \"TokenRequestorName\": \"amet occaecat fugiat\",\n        \"TokenType\": \"adipisicing in elit do\",\n        \"WalletId\": \"ullamco proident elit\",\n        \"Device\": {\n          \"DeviceId\": \"eu Ut\",\n          \"DeviceName\": \"in veniam non\",\n          \"DeviceType\": \"nulla\",\n          \"SecureElementId\": \"tempor sunt dolor Ut sed\"\n        },\n        \"StorageTechnology\": \"incididunt quis veniam\",\n        \"CommentId\": \"ullamco eu\"\n      }\n    ]\n  },\n  \"masterCardTokenSearchResponse\": {\n    \"enteredId\": \"et Excepteur dolore\",\n    \"Accounts\": {\n      \"Account\": [\n        {\n          \"AccountPanSuffix\": \"exercitation elit\",\n          \"ExpirationDate\": \"qui Excepteur in fugiat\",\n          \"Tokens\": {\n            \"Token\": {\n              \"value\": \"<Error: Too many levels of nesting to fake this schema>\"\n            }\n          }\n        },\n        {\n          \"AccountPanSuffix\": \"cillum proident anim est\",\n          \"ExpirationDate\": \"et Excepteur ut\",\n          \"Tokens\": {\n            \"Token\": {\n              \"value\": \"<Error: Too many levels of nesting to fake this schema>\"\n            }\n          }\n        }\n      ]\n    }\n  },\n  \"fiservTokenSearchResponse\": {\n    \"responseStatus\": {\n      \"correlationId\": \"r\",\n      \"statusCode\": \"ut\",\n      \"statusDescription\": \"fugiat deserunt\"\n    },\n    \"issuerPanData\": {\n      \"pan\": \"labore cupidatat ipsum\",\n      \"panExp\": \"et\",\n      \"panReferenceId\": \"voluptat\",\n      \"fpanId\": \"exercitation nisi labo\",\n      \"previousPan\": \"ipsum et\",\n      \"previousPanExp\": \"occaecat culpa\"\n    },\n    \"panPrefix\": \"quis amet\",\n    \"panSuffix\": \"in in\",\n    \"tokenDetail\": [\n      {\n        \"token\": \"ad quis exercitation enim \",\n        \"requestorId\": \"Ut\",\n        \"requestorName\": \"tempor occaecat\",\n        \"tokenStatusCode\": \"veniam ad est\",\n        \"tokenStatusDescription\": \"laborum commodo cillum cupida\",\n        \"tokenType\": \"sed qui\",\n        \"tokenTypeDescription\": \"cupidatat culpa consequat in\",\n        \"tokenExp\": \"culpa Duis dolor incididunt\",\n        \"tokenReferenceId\": \"Ut\",\n        \"dpanId\": \"sed magna\",\n        \"tokenPrefix\": \"esse aute sunt nisi\",\n        \"tokenSuffix\": \"elit eiusmod Duis\",\n        \"tokenAssuranceLevel\": \"dolor\",\n        \"createdBy\": \"ut aute culpa quis cillum\",\n        \"createdDate\": \"esse exercitation amet\",\n        \"updatedBy\": \"et Excepteur ullamco\",\n        \"updatedDate\": \"eu occaecat mollit tempor\",\n        \"tokenProvisionDate\": \"est\",\n        \"lastLcmUpdatedDate\": \"qui pariatur\",\n        \"lastLcmUpdatedBy\": \"mollit minim\",\n        \"lcmUpdatedReason\": \"non Duis minim exercitation quis\",\n        \"issuerResponseCode\": \"officia dolore mini\",\n        \"provPlusResponse\": {\n          \"responseCode\": \"aliquip eiusmod non est\",\n          \"responseDecision\": \"laborum adipisicing mollit aliqua sint\",\n          \"eventActionSet\": \"ullamco cillum\",\n          \"businessRuleLineNum\": \"cillum deserunt reprehenderit in\",\n          \"actionSetId\": \"amet sint ad elit\",\n          \"otpActionCode\": \"dolore\",\n          \"callCenterNum\": \"commodo eiusmod fugiat\"\n        },\n        \"conversationId\": \"qui\",\n        \"domainId\": \"magna nisi\",\n        \"panCaptureMethod\": \"culpa id proident\",\n        \"panSource\": \"do enim quis reprehenderit\",\n        \"accountIdHash\": \"proident\",\n        \"ipAddress\": \"in deserunt id ut velit\",\n        \"deviceId\": \"qui\",\n        \"deviceLocation\": \"fugiat mollit cupidatat labore\",\n        \"accountTenure\": \"dolor eu irure ei\",\n        \"accountScore\": \"minim non\",\n        \"merchantTokenDetail\": {\n          \"ttl\": \"commodo id\",\n          \"transactionAmount\": \"velit reprehenderit\",\n          \"duration\": \"dolore nisi\",\n          \"isSingleUse\": \"consectetur dolor\"\n        },\n        \"seTokenDetail\": {\n          \"tokenDeviceType\": \"in labore Lorem\",\n          \"deviceName\": \"in cillum nostrud dolore\",\n          \"devicePhoneNumber\": \"in sint\",\n          \"tokenSubStatus\": \"velit nisi\",\n          \"daysMobilePhChange\": \"ut nostrud dolore\",\n          \"daysEmailChange\": \"eu in non\",\n          \"accountTimeOnBooks\": \"quis minim labore\",\n          \"accountDayOnBooks\": \"occ\",\n          \"daysAddressChange\": \"ipsum occaecat Excepteur\",\n          \"termsAndConditionAcceptedDate\": \"eiusmod dolor ut labore incididunt\",\n          \"riskAssessment\": \"aliqua labore occaecat laboris\",\n          \"reasonCodes\": \"dolor elit occaecat esse\",\n          \"deviceScore\": \"velit cupidatat ea\",\n          \"phoneNumberScore\": \"dolor dolore labore in\",\n          \"monthsItuneEmailChange\": \"irure Duis anim\",\n          \"deviceAcceptedLanguage\": \"minim dolor velit\"\n        }\n      },\n      {\n        \"token\": \"in irure exercitation mollit\",\n        \"requestorId\": \"in cillum labore ea voluptate\",\n        \"requestorName\": \"quis consequat mollit sint\",\n        \"tokenStatusCode\": \"eiusmod deserunt Ut cupidatat\",\n        \"tokenStatusDescription\": \"cillum magna exercitation nostrud tempor\",\n        \"tokenType\": \"et\",\n        \"tokenTypeDescription\": \"veniam\",\n        \"tokenExp\": \"culpa adipisicing incididunt velit in\",\n        \"tokenReferenceId\": \"magna\",\n        \"dpanId\": \"voluptate\",\n        \"tokenPrefix\": \"dolor proident esse ex\",\n        \"tokenSuffix\": \"Duis esse\",\n        \"tokenAssuranceLevel\": \"amet\",\n        \"createdBy\": \"aliquip Excepteur\",\n        \"createdDate\": \"dolor in officia veniam\",\n        \"updatedBy\": \"dolore ipsum commodo\",\n        \"updatedDate\": \"sint ipsum elit non\",\n        \"tokenProvisionDate\": \"Excepteur esse\",\n        \"lastLcmUpdatedDate\": \"magna nulla ipsum non\",\n        \"lastLcmUpdatedBy\": \"reprehenderit adipisicing\",\n        \"lcmUpdatedReason\": \"commodo sint Duis veniam\",\n        \"issuerResponseCode\": \"Duis exercitation\",\n        \"provPlusResponse\": {\n          \"responseCode\": \"anim do ut\",\n          \"responseDecision\": \"fugiat enim minim\",\n          \"eventActionSet\": \"ut proident Lorem non\",\n          \"businessRuleLineNum\": \"est in non laborum Lorem\",\n          \"actionSetId\": \"non ut commodo dolor\",\n          \"otpActionCode\": \"Duis esse\",\n          \"callCenterNum\": \"ullamco eu culpa aute veniam\"\n        },\n        \"conversationId\": \"deserunt nisi\",\n        \"domainId\": \"esse\",\n        \"panCaptureMethod\": \"proident eiusmod\",\n        \"panSource\": \"cillum Excepteur Ut\",\n        \"accountIdHash\": \"laboris magna aliqua elit\",\n        \"ipAddress\": \"co\",\n        \"deviceId\": \"Duis sit consequat\",\n        \"deviceLocation\": \"nisi cupidatat id laborum\",\n        \"accountTenure\": \"proident magna\",\n        \"accountScore\": \"et Lorem consectetur\",\n        \"merchantTokenDetail\": {\n          \"ttl\": \"aliqua dolor\",\n          \"transactionAmount\": \"Duis nostrud\",\n          \"duration\": \"nisi\",\n          \"isSingleUse\": \"commodo\"\n        },\n        \"seTokenDetail\": {\n          \"tokenDeviceType\": \"tempor culpa exercitation aute\",\n          \"deviceName\": \"minim eiusmod nul\",\n          \"devicePhoneNumber\": \"eu aliqua veniam laboru\",\n          \"tokenSubStatus\": \"elit\",\n          \"daysMobilePhChange\": \"culpa labore sunt\",\n          \"daysEmailChange\": \"veniam Ut deserunt in\",\n          \"accountTimeOnBooks\": \"veni\",\n          \"accountDayOnBooks\": \"nostrud\",\n          \"daysAddressChange\": \"eiusmod u\",\n          \"termsAndConditionAcceptedDate\": \"pariatur anim quis nisi\",\n          \"riskAssessment\": \"veniam dolore eiusmod\",\n          \"reasonCodes\": \"adipisicing ea sunt proident\",\n          \"deviceScore\": \"lab\",\n          \"phoneNumberScore\": \"sint labore proident\",\n          \"monthsItuneEmailChange\": \"anim deserunt in aute\",\n          \"deviceAcceptedLanguage\": \"ipsum amet laboris id\"\n        }\n      }\n    ]\n  }\n}","cookie":[],"_postman_previewlanguage":"json"}],"event":[],"protocolProfileBehavior":{"disableBodyPruning":true}},{"id":"adccf64a-58fc-4a5f-bfb8-7ae06afe9903","name":"Token Suspend API","request":{"name":"Token Suspend API","description":{"content":"A call will be made either to Visa, MasterCard or First Data TSP suspend API based on tokenServiceProviderCode value\n Required Fields: tokenServiceProviderCode","type":"text/plain"},"url":{"path":["fdtoken","v1","tokenSuspend"],"host":["{{baseUrl}}"],"query":[],"variable":[]},"header":[{"key":"Content-Type","value":"application/json"},{"key":"Accept","value":"application/json"}],"method":"POST","auth":null,"body":{"mode":"raw","raw":"{\n  \"tokenServiceProviderCode\": \"<string>\",\n  \"common\": {\n    \"user\": \"<string>\",\n    \"agent\": \"<string>\",\n    \"cycle\": \"<string>\",\n    \"clientNumber\": \"<string>\",\n    \"system\": \"<string>\",\n    \"prin\": \"<string>\",\n    \"debug\": \"<boolean>\",\n    \"org\": \"<string>\",\n    \"processor\": \"<boolean>\",\n    \"contentType\": \"<string>\",\n    \"retry\": \"<long>\",\n    \"timeout\": \"<long>\",\n    \"siteId\": \"<string>\",\n    \"internalOrigin\": \"<boolean>\",\n    \"uuid\": \"<string>\",\n    \"rts\": \"<dateTime>\"\n  },\n  \"tokenReference\": \"<string>\",\n  \"token\": \"<string>\",\n  \"tokenRequestorId\": \"<string>\",\n  \"activationCode\": \"<string>\",\n  \"accountPan\": \"<string>\",\n  \"paymentAppInstanceId\": \"<string>\",\n  \"commentText\": \"<string>\",\n  \"reasonCode\": \"<string>\",\n  \"reason\": \"<string>\",\n  \"dataProtect\": \"<boolean>\"\n}","options":{"raw":{"language":"json"}}}},"response":[{"id":"c5ba544d-4ff4-4d9c-a4cf-a9232a682288","name":"successful operation","originalRequest":{"url":{"path":["fdtoken","v1","tokenSuspend"],"host":["{{baseUrl}}"],"query":[],"variable":[]},"header":[{"key":"Accept","value":"application/json"}],"method":"POST","body":{"mode":"raw","raw":"{\n  \"tokenServiceProviderCode\": \"2\",\n  \"common\": {\n    \"user\": \"<string>\",\n    \"agent\": \"4000\",\n    \"cycle\": \"T\",\n    \"clientNumber\": \"1000\",\n    \"system\": \"2000\",\n    \"prin\": \"3000\",\n    \"debug\": \"<boolean>\",\n    \"org\": \"<string>\",\n    \"processor\": \"<boolean>\",\n    \"contentType\": \"<string>\",\n    \"retry\": 0,\n    \"timeout\": 45000,\n    \"siteId\": \"4201\",\n    \"internalOrigin\": \"<boolean>\",\n    \"uuid\": \"a5eac27d-cd89-4096-a331-306480bfee76\",\n    \"rts\": \"2024-07-16T11:14:14Z\"\n  },\n  \"tokenReference\": \"<string>\",\n  \"token\": \"<string>\",\n  \"tokenRequestorId\": \"\",\n  \"activationCode\": \"tbrf0WVD\",\n  \"accountPan\": \"4730998038590\",\n  \"paymentAppInstanceId\": \"3168TyyeU5vlkRwGGuyRXwyXVhQKavRAfv1aOSQsR07zeA5K\",\n  \"commentText\": \"<string>\",\n  \"reasonCode\": \"<string>\",\n  \"reason\": \"FGbsWr4pa3T8qfnrtdVSBWW5cVBO4TGoxvrDjEalyChGjJXpKv\",\n  \"dataProtect\": \"<boolean>\"\n}","options":{"raw":{"language":"json"}}}},"status":"OK","code":200,"header":[{"key":"Content-Type","value":"application/json"}],"body":"{\n  \"token\": {\n    \"TokenUniqueReference\": \"ex non aliqua\",\n    \"TokenSuffix\": \"minim\",\n    \"ExpirationDate\": \"consequat Duis\",\n    \"DigitizationRequestDateTime\": \"ipsum\",\n    \"TokenActivatedDateTime\": \"incididunt minim\",\n    \"FinalTokenizationDecision\": \"in in consectetur\",\n    \"ActivationCodeExpirationDateTime\": \"nisi deserunt consectetur dolore\",\n    \"CurrentStatusCode\": \"est ad fugiat irure\",\n    \"CurrentStatusDateTime\": \"ut exercitation veniam amet\",\n    \"ProvisioningStatusCode\": \"enim ut\",\n    \"TokenRequestorId\": \"in sed\",\n    \"TokenRequestorName\": \"non aute veniam\",\n    \"TokenType\": \"labore cupidatat sed\",\n    \"WalletId\": \"consequat nisi quis ipsum\",\n    \"Device\": {\n      \"DeviceId\": \"aliq\",\n      \"DeviceName\": \"consequat\",\n      \"DeviceType\": \"mollit esse\",\n      \"SecureElementId\": \"ut reprehenderit tempor eu\"\n    },\n    \"StorageTechnology\": \"lab\",\n    \"CommentId\": \"Lorem aliqua adipisicing aliquip\"\n  },\n  \"responseStatus\": {\n    \"correlationId\": \"qui minim ullamco in\",\n    \"statusCode\": \"consequat officia exercitation magna eu\",\n    \"statusDescription\": \"in ea\"\n  }\n}","cookie":[],"_postman_previewlanguage":"json"}],"event":[],"protocolProfileBehavior":{"disableBodyPruning":true}},{"id":"6f14ccf4-98fe-4a1f-8bce-6cfd42d6aa04","name":"Token Unsuspend API","request":{"name":"Token Unsuspend API","description":{"content":"A call will be made either to Visa, MasterCard or First Data TSP Unsuspend API based on tspProvider value\n Required Fields: tokenServiceProviderCode","type":"text/plain"},"url":{"path":["fdtoken","v1","tokenUnsuspend"],"host":["{{baseUrl}}"],"query":[],"variable":[]},"header":[{"key":"Content-Type","value":"application/json"},{"key":"Accept","value":"application/json"}],"method":"POST","auth":null,"body":{"mode":"raw","raw":"{\n  \"tokenServiceProviderCode\": \"<string>\",\n  \"common\": {\n    \"user\": \"<string>\",\n    \"agent\": \"<string>\",\n    \"cycle\": \"<string>\",\n    \"clientNumber\": \"<string>\",\n    \"system\": \"<string>\",\n    \"prin\": \"<string>\",\n    \"debug\": \"<boolean>\",\n    \"org\": \"<string>\",\n    \"processor\": \"<boolean>\",\n    \"contentType\": \"<string>\",\n    \"retry\": \"<long>\",\n    \"timeout\": \"<long>\",\n    \"siteId\": \"<string>\",\n    \"internalOrigin\": \"<boolean>\",\n    \"uuid\": \"<string>\",\n    \"rts\": \"<dateTime>\"\n  },\n  \"tokenReference\": \"<string>\",\n  \"token\": \"<string>\",\n  \"tokenRequestorId\": \"<string>\",\n  \"activationCode\": \"<string>\",\n  \"accountPan\": \"<string>\",\n  \"paymentAppInstanceId\": \"<string>\",\n  \"commentText\": \"<string>\",\n  \"reasonCode\": \"<string>\",\n  \"reason\": \"<string>\",\n  \"dataProtect\": \"<boolean>\"\n}","options":{"raw":{"language":"json"}}}},"response":[{"id":"e5028142-926b-46af-89dc-093f47375364","name":"successful operation","originalRequest":{"url":{"path":["fdtoken","v1","tokenUnsuspend"],"host":["{{baseUrl}}"],"query":[],"variable":[]},"header":[{"key":"Accept","value":"application/json"}],"method":"POST","body":{"mode":"raw","raw":"{\n  \"tokenServiceProviderCode\": \"2\",\n  \"common\": {\n    \"user\": \"<string>\",\n    \"agent\": \"4000\",\n    \"cycle\": \"T\",\n    \"clientNumber\": \"1000\",\n    \"system\": \"2000\",\n    \"prin\": \"3000\",\n    \"debug\": \"<boolean>\",\n    \"org\": \"<string>\",\n    \"processor\": \"<boolean>\",\n    \"contentType\": \"<string>\",\n    \"retry\": 0,\n    \"timeout\": 45000,\n    \"siteId\": \"4201\",\n    \"internalOrigin\": \"<boolean>\",\n    \"uuid\": \"a5eac27d-cd89-4096-a331-306480bfee76\",\n    \"rts\": \"2024-07-16T11:14:14Z\"\n  },\n  \"tokenReference\": \"<string>\",\n  \"token\": \"<string>\",\n  \"tokenRequestorId\": \"\",\n  \"activationCode\": \"tbrf0WVD\",\n  \"accountPan\": \"4730998038590\",\n  \"paymentAppInstanceId\": \"3168TyyeU5vlkRwGGuyRXwyXVhQKavRAfv1aOSQsR07zeA5K\",\n  \"commentText\": \"<string>\",\n  \"reasonCode\": \"<string>\",\n  \"reason\": \"FGbsWr4pa3T8qfnrtdVSBWW5cVBO4TGoxvrDjEalyChGjJXpKv\",\n  \"dataProtect\": \"<boolean>\"\n}","options":{"raw":{"language":"json"}}}},"status":"OK","code":200,"header":[{"key":"Content-Type","value":"application/json"}],"body":"{\n  \"token\": {\n    \"TokenUniqueReference\": \"ex non aliqua\",\n    \"TokenSuffix\": \"minim\",\n    \"ExpirationDate\": \"consequat Duis\",\n    \"DigitizationRequestDateTime\": \"ipsum\",\n    \"TokenActivatedDateTime\": \"incididunt minim\",\n    \"FinalTokenizationDecision\": \"in in consectetur\",\n    \"ActivationCodeExpirationDateTime\": \"nisi deserunt consectetur dolore\",\n    \"CurrentStatusCode\": \"est ad fugiat irure\",\n    \"CurrentStatusDateTime\": \"ut exercitation veniam amet\",\n    \"ProvisioningStatusCode\": \"enim ut\",\n    \"TokenRequestorId\": \"in sed\",\n    \"TokenRequestorName\": \"non aute veniam\",\n    \"TokenType\": \"labore cupidatat sed\",\n    \"WalletId\": \"consequat nisi quis ipsum\",\n    \"Device\": {\n      \"DeviceId\": \"aliq\",\n      \"DeviceName\": \"consequat\",\n      \"DeviceType\": \"mollit esse\",\n      \"SecureElementId\": \"ut reprehenderit tempor eu\"\n    },\n    \"StorageTechnology\": \"lab\",\n    \"CommentId\": \"Lorem aliqua adipisicing aliquip\"\n  },\n  \"responseStatus\": {\n    \"correlationId\": \"qui minim ullamco in\",\n    \"statusCode\": \"consequat officia exercitation magna eu\",\n    \"statusDescription\": \"in ea\"\n  }\n}","cookie":[],"_postman_previewlanguage":"json"}],"event":[],"protocolProfileBehavior":{"disableBodyPruning":true}}],"event":[]}],"event":[],"variable":[{"type":"string","value":"https://cat.api.firstdata.com/fs","key":"baseUrl"}],"info":{"_postman_id":"8597d8f1-d8a7-4d4e-a910-7d799b4abb00","name":"fs-devportal-services-1","schema":"https://schema.getpostman.com/json/collection/v2.1.0/collection.json","description":{"content":"Welcome to the Financial Services API documentation","type":"text/plain"}}}