{"item":[{"id":"f069e0e3-df2b-4d13-bc6a-b58818b7700b","name":"ASSN_DISPUTE_RESPONSE_QUEUE View","request":{"name":"ASSN_DISPUTE_RESPONSE_QUEUE View","description":{"content":"RESTFUL API for an ODS View ASSN_DISPUTE_RESPONSE_QUEUE. This view provides access to the API response status to a chargeback or retrieval.","type":"text/plain"},"url":{"path":["fraud","v1","associationDisputeResponseQueue"],"host":["{{baseUrl}}"],"query":[],"variable":[]},"header":[{"key":"Accept","value":"application/json"}],"method":"POST","auth":null},"response":[{"id":"072d5403-575d-4f01-b17b-e405e08cfdfa","name":"successful operation","originalRequest":{"url":{"path":["fraud","v1","associationDisputeResponseQueue"],"host":["{{baseUrl}}"],"query":[],"variable":[]},"header":[{"key":"Accept","value":"application/json"}],"method":"POST","body":{}},"status":"OK","code":200,"header":[{"key":"Content-Type","value":"application/json"}],"body":"{\n  \"processorInfo\": {\n    \"system\": \"voluptate ad dolore\",\n    \"cycle\": \"labore minim\",\n    \"tor\": \"\",\n    \"mode\": \"Ut ea\"\n  },\n  \"associationDisputeResponseQueueFieldsList\": [\n    {\n      \"acquirerReferenceId\": \"esse do sunt nostrud\",\n      \"agentId\": \"culpa dolor\",\n      \"apiResponseCode\": \"ad anim\",\n      \"apiResponseDescText\": \"\",\n      \"apiResponseDetailText\": \"Ut est\",\n      \"apiResponseReasonCode\": \"anim qui in\",\n      \"apiResponseRecoverableCode\": \"nisi ut esse\",\n      \"apiResponseSourceCode\": \"tempor Duis voluptate enim\",\n      \"apiSubResponseCode\": \"in ut\",\n      \"apiSubResponseText\": \"nulla\",\n      \"banknetReferenceId\": \"in elit\",\n      \"chargebackGoverningOrgCode\": \"Duis ull\",\n      \"chargebackInitiationDate\": \"dolore eiusmod consequat ea\",\n      \"chargebackInitiationTime\": \"consectetur ad\",\n      \"chargebackReasonCode\": \"esse dolor Ut anim\",\n      \"chargebackReferenceId\": \"adipisicing nulla ut\",\n      \"chargebackSequenceNumber\": \"sit occaecat cillum\",\n      \"chargebackTransactionCode\": \"et fugiat sunt\",\n      \"clerkCode\": \"consectetur velit dolore eu culpa\",\n      \"clientId\": \"dolore mollit\",\n      \"creMessageTypeText\": \"ut\",\n      \"creResponseDate\": \"dolor dolore\",\n      \"creResponseTime\": \"Ut amet in\",\n      \"departmentCode\": \"adipisicing Ut\",\n      \"directSalesCode\": \"dolore ut est in\",\n      \"disputeBatchId\": \"enim est voluptate laboris sint\",\n      \"documentationIndicator\": \"commodo minim Excepteur\",\n      \"eventid\": \"occaecat ullamco incididunt ipsum\",\n      \"feeAttributeCode\": \"do\",\n      \"firstDataControlId\": \"tempor occaecat\",\n      \"firstDataTransactionId\": \"dolor ad sint\",\n      \"functionCode\": \"officia adipisicing\",\n      \"interchangeAmount\": \"non\",\n      \"interchangeCurrencyCode\": \"do elit\",\n      \"interchangeRateDesignatorCode\": \"dolore ea\",\n      \"keyChargebackTypeCode\": \"culpa aute commodo in\",\n      \"keyProcessCode\": \"consequat\",\n      \"mainframeResponseDate\": \"labore nisi qui veniam\",\n      \"mainframeResponseTime\": \"magna anim sit\",\n      \"maintenanceDate\": \"dolore Lorem qui cupidatat\",\n      \"maintenanceTime\": \"in in minim est\",\n      \"mastercomClaimIdentifier\": \"consectetur adipisicing\",\n      \"mastercomControlIdentifier\": \"nisi consectetur enim cillum\",\n      \"merchantCategoryCode\": \"dolor magna vol\",\n      \"merchantIdentifier\": \"occaecat ex velit\",\n      \"merchantPartyName\": \"exercitation voluptate pariatur\",\n      \"monetaryPostDate\": \"esse laborum magna dolor consequat\",\n      \"monetaryTransactionInitiationDate\": \"fugiat ullamco reprehenderit Excepte\",\n      \"operatorIdentifier\": \"sit fugiat qui\",\n      \"presentationInstrumentIdentifier\": \"ut veniam cupidatat\",\n      \"principalIdentifier\": \"fugiat aute Excepteur\",\n      \"processCode\": \"velit ullamco labore tempor irure\",\n      \"retrievalDocumentationTypeCode\": \"cupidatat mollit labore in\",\n      \"retrievalReferenceIdentifier\": \"cup\",\n      \"retrievalSequenceNumber\": \"in sunt deserunt cillum eu\",\n      \"reversalIndicator\": \"dolor Duis ea\",\n      \"systemIdentifier\": \"velit ut consequat non\",\n      \"terminalIdentifier\": \"tempor id eu commodo minim\",\n      \"transactionAmount\": \"id labore sit \",\n      \"transactionCurrencyCode\": \"la\",\n      \"transactionIdentifierSourceCode\": \"non laboris\",\n      \"fiservAuditControlNumber\": \"non sit\",\n      \"mastercardAuditControlNumber\": \"Ut tempor Duis\",\n      \"mastercardReferenceId\": \"et amet cillum aliqua non\",\n      \"securitySequenceNumber\": \"sit labore\",\n      \"mastercardProcessingTimestamp\": \"dolor commodo voluptate in\",\n      \"currentStatusofFraudRecord\": \"sunt sint enim sit culpa\",\n      \"errorResponseCode01\": \"cillum pariatur\",\n      \"errorResponseDescriptionText01\": \"culpa dolore\",\n      \"errorReasonCode01\": \"sint id occaecat cillum\",\n      \"errorResponseCode02\": \"commodo\",\n      \"errorResponseDescriptionText02\": \"consequat reprehenderit Ut laborum\",\n      \"errorReasonCode02\": \"tempor dolor\",\n      \"errorResponseCode03\": \"incididunt fugiat officia esse deserunt\",\n      \"errorResponseDescriptionText03\": \"magna in in aliquip enim\",\n      \"errorReasonCode03\": \"cillum\",\n      \"errorResponseCode04\": \"nulla esse qui\",\n      \"errorResponseDescriptionText04\": \"cillum officia non\",\n      \"errorReasonCode04\": \"sed dolore\",\n      \"errorResponseCode05\": \"ex dolor dolor commodo\",\n      \"errorResponseDescriptionText05\": \"eu in do\",\n      \"errorReasonCode05\": \"incididunt\",\n      \"fraudType\": \"reprehenderit nisi pariatur nostrud cupidatat\",\n      \"channel\": \"sed elit \",\n      \"mastercardDuplicateAuditControlNumber\": \"sed consequat\"\n    },\n    {\n      \"acquirerReferenceId\": \"dolore eu Lorem fugiat ut\",\n      \"agentId\": \"irure quis laboris et\",\n      \"apiResponseCode\": \"adipisicing sint\",\n      \"apiResponseDescText\": \"irure dolor non anim\",\n      \"apiResponseDetailText\": \"occaecat dolore\",\n      \"apiResponseReasonCode\": \"cillum eu nulla ut\",\n      \"apiResponseRecoverableCode\": \"exercitation velit in\",\n      \"apiResponseSourceCode\": \"ad\",\n      \"apiSubResponseCode\": \"in incididunt\",\n      \"apiSubResponseText\": \"tempor occaecat qui est\",\n      \"banknetReferenceId\": \"in velit\",\n      \"chargebackGoverningOrgCode\": \"consequat sit\",\n      \"chargebackInitiationDate\": \"sed dolore\",\n      \"chargebackInitiationTime\": \"sit enim \",\n      \"chargebackReasonCode\": \"officia mollit minim tempor\",\n      \"chargebackReferenceId\": \"in velit Ut proident\",\n      \"chargebackSequenceNumber\": \"et Excepteur laboru\",\n      \"chargebackTransactionCode\": \"laborum fugiat\",\n      \"clerkCode\": \"dolore Duis incididunt in labore\",\n      \"clientId\": \"ipsum laboris\",\n      \"creMessageTypeText\": \"officia id tempor commodo culpa\",\n      \"creResponseDate\": \"labore dolore\",\n      \"creResponseTime\": \"laborum eu incididunt sed aute\",\n      \"departmentCode\": \"culpa adipisicing\",\n      \"directSalesCode\": \"eu labore enim Duis\",\n      \"disputeBatchId\": \"velit consectetur elit\",\n      \"documentationIndicator\": \"nulla veniam\",\n      \"eventid\": \"Ut non culpa dolore mollit\",\n      \"feeAttributeCode\": \"ad magna ex\",\n      \"firstDataControlId\": \"reprehenderit consectetur\",\n      \"firstDataTransactionId\": \"Excepteur dolore Duis\",\n      \"functionCode\": \"amet laboris\",\n      \"interchangeAmount\": \"adipisicing velit sit consequat\",\n      \"interchangeCurrencyCode\": \"eiusmod ea nisi voluptate\",\n      \"interchangeRateDesignatorCode\": \"adipisicing et do ullamco\",\n      \"keyChargebackTypeCode\": \"irure dolore ea aliqua nisi\",\n      \"keyProcessCode\": \"do ea ullamco deserunt\",\n      \"mainframeResponseDate\": \"eiusmod ut velit fugiat\",\n      \"mainframeResponseTime\": \"qui sint laboris\",\n      \"maintenanceDate\": \"eiusmod aute anim irure qui\",\n      \"maintenanceTime\": \"nostrud incididunt laboris enim\",\n      \"mastercomClaimIdentifier\": \"laborum labore\",\n      \"mastercomControlIdentifier\": \"occaecat minim\",\n      \"merchantCategoryCode\": \"ea aliqua velit\",\n      \"merchantIdentifier\": \"ut proident magna\",\n      \"merchantPartyName\": \"sunt aliqua anim Ut\",\n      \"monetaryPostDate\": \"fugiat incididunt u\",\n      \"monetaryTransactionInitiationDate\": \"el\",\n      \"operatorIdentifier\": \"fugiat\",\n      \"presentationInstrumentIdentifier\": \"anim nulla reprehenderit\",\n      \"principalIdentifier\": \"non qui\",\n      \"processCode\": \"qui aliqua fugiat deserunt\",\n      \"retrievalDocumentationTypeCode\": \"ea ut commodo\",\n      \"retrievalReferenceIdentifier\": \"do\",\n      \"retrievalSequenceNumber\": \"la\",\n      \"reversalIndicator\": \"ut anim amet dolor\",\n      \"systemIdentifier\": \"amet cillum enim veniam aliqua\",\n      \"terminalIdentifier\": \"magna\",\n      \"transactionAmount\": \"in exercitation\",\n      \"transactionCurrencyCode\": \"dolor commodo\",\n      \"transactionIdentifierSourceCode\": \"Excepteur consectetur\",\n      \"fiservAuditControlNumber\": \"pariatur incididunt cupidatat\",\n      \"mastercardAuditControlNumber\": \"ullamco cillum sed\",\n      \"mastercardReferenceId\": \"magna deserunt eiusmod\",\n      \"securitySequenceNumber\": \"Excepteur non\",\n      \"mastercardProcessingTimestamp\": \"sint deserunt Ut nulla consectetur\",\n      \"currentStatusofFraudRecord\": \"commodo occaecat voluptate in aliquip\",\n      \"errorResponseCode01\": \"aliquip\",\n      \"errorResponseDescriptionText01\": \"sed\",\n      \"errorReasonCode01\": \"ex nulla labore\",\n      \"errorResponseCode02\": \"ad deserunt sit\",\n      \"errorResponseDescriptionText02\": \"quis voluptate sunt Duis\",\n      \"errorReasonCode02\": \"eu aliquip non\",\n      \"errorResponseCode03\": \"occaecat aliqua\",\n      \"errorResponseDescriptionText03\": \"occaecat sunt dolor nisi\",\n      \"errorReasonCode03\": \"ea non ex est\",\n      \"errorResponseCode04\": \"mollit velit aliquip\",\n      \"errorResponseDescriptionText04\": \"exercitation aliqua sed sint\",\n      \"errorReasonCode04\": \"Duis aliquip\",\n      \"errorResponseCode05\": \"ut deserunt\",\n      \"errorResponseDescriptionText05\": \"nisi ex\",\n      \"errorReasonCode05\": \"veniam adipisicing aliquip\",\n      \"fraudType\": \"aute minim ipsum commodo\",\n      \"channel\": \"nisi\",\n      \"mastercardDuplicateAuditControlNumber\": \"voluptate dolore velit\"\n    }\n  ]\n}","cookie":[],"_postman_previewlanguage":"json"}],"event":[],"protocolProfileBehavior":{"disableBodyPruning":true}},{"id":"84a34dc0-4859-43d4-a5e7-a9d182c8b93a","name":"This API provides clients an alternative method to mark suspect fraud in the event you are not using the Fraud Detection Work Center for marking suspect fraud.  This API is only available to clients that leverage the Advance Defense product.","request":{"name":"This API provides clients an alternative method to mark suspect fraud in the event you are not using the Fraud Detection Work Center for marking suspect fraud.  This API is only available to clients that leverage the Advance Defense product.","description":{"content":"fraudSecurity","type":"text/plain"},"url":{"path":["fs","fraud","markTransactionFraudulent"],"host":["{{baseUrl}}"],"query":[],"variable":[]},"header":[{"key":"Content-Type","value":"application/json"},{"key":"Accept","value":"application/json"}],"method":"POST","auth":null,"body":{"mode":"raw","raw":"{\n  \"fraudFlag\": \"<string>\",\n  \"common\": {\n    \"user\": \"<string>\",\n    \"agent\": \"<string>\",\n    \"cycle\": \"<string>\",\n    \"clientNumber\": \"<string>\",\n    \"system\": \"<string>\",\n    \"prin\": \"<string>\",\n    \"debug\": \"<boolean>\",\n    \"org\": \"<string>\",\n    \"processor\": \"<boolean>\",\n    \"contentType\": \"<string>\",\n    \"retry\": \"<long>\",\n    \"timeout\": \"<long>\",\n    \"siteId\": \"<string>\",\n    \"internalOrigin\": \"<boolean>\",\n    \"externalCustomerId\": \"<string>\",\n    \"accountId\": \"<string>\",\n    \"presentationId\": \"<string>\",\n    \"rts\": \"<dateTime>\"\n  },\n  \"federalTraceNumber\": \"<string>\",\n  \"transactionTimestamp\": \"<string>\",\n  \"merchantId\": \"<string>\",\n  \"amount\": \"<string>\",\n  \"associationTransactionId\": \"<string>\",\n  \"inetReferenceNumber\": \"<string>\"\n}","options":{"raw":{"language":"json"}}}},"response":[{"id":"8556818f-9791-4b5b-8f9f-4f969286ed17","name":"successful operation","originalRequest":{"url":{"path":["fs","fraud","markTransactionFraudulent"],"host":["{{baseUrl}}"],"query":[],"variable":[]},"header":[{"key":"Accept","value":"application/json"}],"method":"POST","body":{"mode":"raw","raw":"{\n  \"fraudFlag\": \"<string>\",\n  \"common\": {\n    \"user\": \"<string>\",\n    \"agent\": \"4000\",\n    \"cycle\": \"T\",\n    \"clientNumber\": \"1000\",\n    \"system\": \"2000\",\n    \"prin\": \"3000\",\n    \"debug\": \"<boolean>\",\n    \"org\": \"<string>\",\n    \"processor\": \"<boolean>\",\n    \"contentType\": \"<string>\",\n    \"retry\": 0,\n    \"timeout\": 45000,\n    \"siteId\": \"4201\",\n    \"internalOrigin\": \"<boolean>\",\n    \"externalCustomerId\": \"<string>\",\n    \"accountId\": \"8888888888888888\",\n    \"presentationId\": \"<string>\",\n    \"rts\": \"2024-07-18T08:09:28Z\"\n  },\n  \"federalTraceNumber\": \"<string>\",\n  \"transactionTimestamp\": \"<string>\",\n  \"merchantId\": \"<string>\",\n  \"amount\": \"<string>\",\n  \"associationTransactionId\": \"<string>\",\n  \"inetReferenceNumber\": \"<string>\"\n}","options":{"raw":{"language":"json"}}}},"status":"OK","code":200,"header":[{"key":"Content-Type","value":"application/json"}],"body":"{\n  \"status\": 60462837,\n  \"statusMessage\": \"aliqua\"\n}","cookie":[],"_postman_previewlanguage":"json"}],"event":[],"protocolProfileBehavior":{"disableBodyPruning":true}}],"event":[],"variable":[{"type":"string","value":"https://cat.api.firstdata.com/fs","key":"baseUrl"}],"info":{"_postman_id":"feb575cc-aaf3-45d1-8779-5471fd5f4bb6","name":"fs-devportal-services-1","schema":"https://schema.getpostman.com/json/collection/v2.1.0/collection.json","description":{"content":"Welcome to the Financial Services API documentation","type":"text/plain"}}}