{"item":[{"id":"e59dc0ff-6715-42a8-b5a1-2ba71ec32eef","name":"industry/v1","item":[{"id":"8b64ee63-b317-41ef-bcde-f12d32d90c52","name":"MC_ISSUER_ACCOUNT_UPDATE RPC","request":{"name":"MC_ISSUER_ACCOUNT_UPDATE RPC","description":{"content":"The MC_ISSUER_ACCOUNT_UPDATE function enables issuers to update account information such as account \nidentifiers and expiration dates if they use the Mastercard® Automatic Billing Updater (ABU) application\nIf you enter valid code N in the Reason Code parameter, you must enter the same value in the OLD_ACCT_ID\nand NEW ACCT_ID parameters.\n","type":"text/plain"},"url":{"path":["industry","v1","updateIssuerMcAccountInformation"],"host":["{{baseUrl}}"],"query":[],"variable":[]},"header":[{"key":"Content-Type","value":"application/json"},{"key":"Accept","value":"application/json"}],"method":"POST","auth":null,"body":{"mode":"raw","raw":"{\n  \"oldAccountId\": \"<string>\",\n  \"reasonCode\": \"<string>\",\n  \"common\": {\n    \"user\": \"<string>\",\n    \"agent\": \"<string>\",\n    \"cycle\": \"<string>\",\n    \"clientNumber\": \"<string>\",\n    \"system\": \"<string>\",\n    \"prin\": \"<string>\",\n    \"debug\": \"<boolean>\",\n    \"org\": \"<string>\",\n    \"processor\": \"<boolean>\",\n    \"contentType\": \"<string>\",\n    \"retry\": \"<long>\",\n    \"timeout\": \"<long>\",\n    \"siteId\": \"<string>\",\n    \"internalOrigin\": \"<boolean>\",\n    \"uuid\": \"<string>\",\n    \"externalCustomerId\": \"<string>\",\n    \"accountId\": \"<string>\",\n    \"presentationId\": \"<string>\"\n  },\n  \"oldExpirationDate\": \"<string>\",\n  \"newAccountId\": \"<string>\",\n  \"newExpirationDate\": \"<string>\"\n}","options":{"raw":{"language":"json"}}}},"response":[{"id":"cebca92e-9eb4-4cf9-9e6f-fe4796a57317","name":"successful operation","originalRequest":{"url":{"path":["industry","v1","updateIssuerMcAccountInformation"],"host":["{{baseUrl}}"],"query":[],"variable":[]},"header":[{"key":"Accept","value":"application/json"}],"method":"POST","body":{"mode":"raw","raw":"{\n  \"oldAccountId\": \"WQmwdrc7beHIo1KYCMq\",\n  \"reasonCode\": \"3\",\n  \"common\": {\n    \"user\": \"<string>\",\n    \"agent\": \"4000\",\n    \"cycle\": \"T\",\n    \"clientNumber\": \"1000\",\n    \"system\": \"2000\",\n    \"prin\": \"3000\",\n    \"debug\": \"<boolean>\",\n    \"org\": \"<string>\",\n    \"processor\": \"<boolean>\",\n    \"contentType\": \"<string>\",\n    \"retry\": 0,\n    \"timeout\": 45000,\n    \"siteId\": \"4201\",\n    \"internalOrigin\": \"<boolean>\",\n    \"uuid\": \"a5eac27d-cd89-4096-a331-306480bfee76\",\n    \"externalCustomerId\": \"<string>\",\n    \"accountId\": \"8888888888888888\",\n    \"presentationId\": \"<string>\"\n  },\n  \"oldExpirationDate\": \"XCtp\",\n  \"newAccountId\": \"8SruFcf5pXmA98GiCFs\",\n  \"newExpirationDate\": \"L2Cs\"\n}","options":{"raw":{"language":"json"}}}},"status":"OK","code":200,"header":[{"key":"Content-Type","value":"application/json"}],"body":"{\n  \"processorInfo\": {\n    \"system\": \"veniam\",\n    \"cycle\": \"veniam non incididunt ut ea\",\n    \"tor\": \"voluptate proident\",\n    \"mode\": \"fugiat ut\"\n  },\n  \"messages\": [\n    {\n      \"resultCode\": \"et velit deserunt quis\",\n      \"messageText\": \"Ut qui non fugiat\",\n      \"transactionStatus\": \"Ut fugiat eiusmod\"\n    },\n    {\n      \"resultCode\": \"reprehenderit aliqua ut\",\n      \"messageText\": \"cillum sed\",\n      \"transactionStatus\": \"elit consectetur\"\n    }\n  ]\n}","cookie":[],"_postman_previewlanguage":"json"}],"event":[],"protocolProfileBehavior":{"disableBodyPruning":true}},{"id":"67eac91f-4e07-45c0-a448-23426538deab","name":"VISA_ISSUER_ACCOUNT_UPDATER RPC","request":{"name":"VISA_ISSUER_ACCOUNT_UPDATER RPC","description":{"content":"The VISA_ISSUER_ACCOUNT_UPDATER function enables issuers to update account\ninformation such as account identifiers and expiration dates if they use\nVisa Account Updater\n","type":"text/plain"},"url":{"path":["industry","v1","updateIssuerVisaAccountInformation"],"host":["{{baseUrl}}"],"query":[],"variable":[]},"header":[{"key":"Content-Type","value":"application/json"},{"key":"Accept","value":"application/json"}],"method":"POST","auth":null,"body":{"mode":"raw","raw":"{\n  \"oldAccountId\": \"<string>\",\n  \"segmentNumber\": \"<string>\",\n  \"serviceId\": \"<string>\",\n  \"common\": {\n    \"user\": \"<string>\",\n    \"agent\": \"<string>\",\n    \"cycle\": \"<string>\",\n    \"clientNumber\": \"<string>\",\n    \"system\": \"<string>\",\n    \"prin\": \"<string>\",\n    \"debug\": \"<boolean>\",\n    \"org\": \"<string>\",\n    \"processor\": \"<boolean>\",\n    \"contentType\": \"<string>\",\n    \"retry\": \"<long>\",\n    \"timeout\": \"<long>\",\n    \"siteId\": \"<string>\",\n    \"internalOrigin\": \"<boolean>\",\n    \"uuid\": \"<string>\",\n    \"externalCustomerId\": \"<string>\",\n    \"accountId\": \"<string>\",\n    \"presentationId\": \"<string>\"\n  },\n  \"oldExpirationDate\": \"<string>\",\n  \"newAccountId\": \"<string>\",\n  \"newExpirationDate\": \"<string>\",\n  \"reversalCode\": \"<string>\",\n  \"conversionCode\": \"<string>\",\n  \"optionOutCode\": \"<string>\"\n}","options":{"raw":{"language":"json"}}}},"response":[{"id":"5e537b2b-b87b-4095-b136-386ed20adbd2","name":"successful operation","originalRequest":{"url":{"path":["industry","v1","updateIssuerVisaAccountInformation"],"host":["{{baseUrl}}"],"query":[],"variable":[]},"header":[{"key":"Accept","value":"application/json"}],"method":"POST","body":{"mode":"raw","raw":"{\n  \"oldAccountId\": \"xrOHFOmN0PaUiJHKM6q\",\n  \"segmentNumber\": \"b7RoZ\",\n  \"serviceId\": \"X\",\n  \"common\": {\n    \"user\": \"<string>\",\n    \"agent\": \"4000\",\n    \"cycle\": \"T\",\n    \"clientNumber\": \"1000\",\n    \"system\": \"2000\",\n    \"prin\": \"3000\",\n    \"debug\": \"<boolean>\",\n    \"org\": \"<string>\",\n    \"processor\": \"<boolean>\",\n    \"contentType\": \"<string>\",\n    \"retry\": 0,\n    \"timeout\": 45000,\n    \"siteId\": \"4201\",\n    \"internalOrigin\": \"<boolean>\",\n    \"uuid\": \"a5eac27d-cd89-4096-a331-306480bfee76\",\n    \"externalCustomerId\": \"<string>\",\n    \"accountId\": \"8888888888888888\",\n    \"presentationId\": \"<string>\"\n  },\n  \"oldExpirationDate\": \"jM9F\",\n  \"newAccountId\": \"Zgt8bHMsJJSlItoi1v0\",\n  \"newExpirationDate\": \"z95n\",\n  \"reversalCode\": \"o\",\n  \"conversionCode\": \"z\",\n  \"optionOutCode\": \"h\"\n}","options":{"raw":{"language":"json"}}}},"status":"OK","code":200,"header":[{"key":"Content-Type","value":"application/json"}],"body":"{\n  \"processorInfo\": {\n    \"system\": \"ut\",\n    \"cycle\": \"in Duis quis officia\",\n    \"tor\": \"nostrud fugiat sed reprehenderit\",\n    \"mode\": \"nisi dolor nostrud\"\n  },\n  \"messages\": [\n    {\n      \"resultCode\": \"aliquip mollit Excepteur\",\n      \"messageText\": \"Duis reprehenderit eiusmod labore adipisicing\",\n      \"transactionStatus\": \"ex\"\n    },\n    {\n      \"resultCode\": \"est laboris dolor esse velit\",\n      \"messageText\": \"nisi elit anim sit\",\n      \"transactionStatus\": \"in ullamco\"\n    }\n  ]\n}","cookie":[],"_postman_previewlanguage":"json"}],"event":[],"protocolProfileBehavior":{"disableBodyPruning":true}}],"event":[]}],"event":[],"variable":[{"type":"string","value":"https://cat.api.firstdata.com/fs","key":"baseUrl"}],"info":{"_postman_id":"da31e29f-6309-4a7b-b084-9d374e5b3a0a","name":"fs-devportal-services-1","schema":"https://schema.getpostman.com/json/collection/v2.1.0/collection.json","description":{"content":"Welcome to the Financial Services API documentation","type":"text/plain"}}}