{"item":[{"id":"ecb8a137-e2e2-4845-bc0c-235124de4788","name":"EncryptionResource","request":{"name":"EncryptionResource","description":{"content":"This is used to test encryption/decryption of the request message fields.","type":"text/plain"},"url":{"path":["kotb","v1","encrypt"],"host":["{{baseUrl}}"],"query":[],"variable":[]},"header":[{"key":"Content-Type","value":"application/json"},{"key":"Accept","value":"application/json"}],"method":"POST","auth":null,"body":{"mode":"raw","raw":"{\n  \"messageDate\": \"<string>\",\n  \"messageTypeCode\": \"<string>\",\n  \"publishHeader\": {\n    \"publishApplicationName\": \"<string>\",\n    \"transactionIdentifier\": \"<string>\",\n    \"voltageEncryptedDataIndicator\": \"<boolean>\",\n    \"originalTransactionIdentifier\": \"<string>\",\n    \"originalApplicationName\": \"<string>\",\n    \"cardNumber\": \"<string>\",\n    \"cardDataProtectTokenIdentifier\": \"<string>\",\n    \"accountIdentifier\": \"<string>\",\n    \"accountDataProtectTokenIdentifier\": \"<string>\",\n    \"clientIdentifier\": \"<string>\",\n    \"systemIdentifier\": \"<string>\",\n    \"principalIdentifier\": \"<string>\",\n    \"agentIdentifier\": \"<string>\",\n    \"bankIdentificationNumber\": \"<string>\"\n  },\n  \"publishTopicIdentifier\": \"<string>\",\n  \"common\": {\n    \"user\": \"<string>\",\n    \"agent\": \"<string>\",\n    \"cycle\": \"<string>\",\n    \"clientNumber\": \"<string>\",\n    \"system\": \"<string>\",\n    \"prin\": \"<string>\",\n    \"debug\": \"<boolean>\",\n    \"org\": \"<string>\",\n    \"processor\": \"<boolean>\",\n    \"contentType\": \"<string>\",\n    \"retry\": \"<long>\",\n    \"timeout\": \"<long>\",\n    \"siteId\": \"<string>\",\n    \"internalOrigin\": \"<boolean>\",\n    \"rts\": \"<dateTime>\"\n  },\n  \"receivedDate\": \"<string>\",\n  \"callbackTopicIdentifier\": \"<string>\",\n  \"callbackOnError\": \"<boolean>\",\n  \"filterText\": [\n    \"<string>\",\n    \"<string>\"\n  ],\n  \"payloadText\": \"<string>\"\n}","options":{"raw":{"language":"json"}}}},"response":[{"id":"7fabf86e-a5e6-4b15-a8f4-5c1aca676247","name":"successful operation","originalRequest":{"url":{"path":["kotb","v1","encrypt"],"host":["{{baseUrl}}"],"query":[],"variable":[]},"header":[{"key":"Accept","value":"application/json"}],"method":"POST","body":{"mode":"raw","raw":"{\n  \"messageDate\": \"<string>\",\n  \"messageTypeCode\": \"<string>\",\n  \"publishHeader\": {\n    \"publishApplicationName\": \"Disputes\",\n    \"transactionIdentifier\": \"<string>\",\n    \"voltageEncryptedDataIndicator\": \"<boolean>\",\n    \"originalTransactionIdentifier\": \"<string>\",\n    \"originalApplicationName\": \"Alerts & Controls\",\n    \"cardNumber\": \"<string>\",\n    \"cardDataProtectTokenIdentifier\": \"<string>\",\n    \"accountIdentifier\": \"<string>\",\n    \"accountDataProtectTokenIdentifier\": \"<string>\",\n    \"clientIdentifier\": \"<string>\",\n    \"systemIdentifier\": \"<string>\",\n    \"principalIdentifier\": \"<string>\",\n    \"agentIdentifier\": \"<string>\",\n    \"bankIdentificationNumber\": \"<string>\"\n  },\n  \"publishTopicIdentifier\": \"<string>\",\n  \"common\": {\n    \"user\": \"<string>\",\n    \"agent\": \"4000\",\n    \"cycle\": \"T\",\n    \"clientNumber\": \"1000\",\n    \"system\": \"2000\",\n    \"prin\": \"3000\",\n    \"debug\": \"<boolean>\",\n    \"org\": \"<string>\",\n    \"processor\": \"<boolean>\",\n    \"contentType\": \"<string>\",\n    \"retry\": 0,\n    \"timeout\": 45000,\n    \"siteId\": \"4201\",\n    \"internalOrigin\": \"<boolean>\",\n    \"rts\": \"2024-03-19T13:56:09Z\"\n  },\n  \"receivedDate\": \"<string>\",\n  \"callbackTopicIdentifier\": \"<string>\",\n  \"callbackOnError\": \"<boolean>\",\n  \"filterText\": [\n    \"<string>\",\n    \"<string>\"\n  ],\n  \"payloadText\": \"<string>\"\n}","options":{"raw":{"language":"json"}}}},"status":"OK","code":200,"header":[{"key":"Content-Type","value":"application/json"}],"body":"{\n  \"requestMessageInput\": {\n    \"messageDate\": \"<string>\",\n    \"messageTypeCode\": \"<string>\",\n    \"publishHeader\": {\n      \"publishApplicationName\": \"Disputes\",\n      \"transactionIdentifier\": \"<string>\",\n      \"voltageEncryptedDataIndicator\": \"<boolean>\",\n      \"originalTransactionIdentifier\": \"<string>\",\n      \"originalApplicationName\": \"Alerts & Controls\",\n      \"cardNumber\": \"<string>\",\n      \"cardDataProtectTokenIdentifier\": \"<string>\",\n      \"accountIdentifier\": \"<string>\",\n      \"accountDataProtectTokenIdentifier\": \"<string>\",\n      \"clientIdentifier\": \"<string>\",\n      \"systemIdentifier\": \"<string>\",\n      \"principalIdentifier\": \"<string>\",\n      \"agentIdentifier\": \"<string>\",\n      \"bankIdentificationNumber\": \"<string>\"\n    },\n    \"publishTopicIdentifier\": \"<string>\",\n    \"common\": {\n      \"user\": \"<string>\",\n      \"agent\": \"4000\",\n      \"cycle\": \"T\",\n      \"clientNumber\": \"1000\",\n      \"system\": \"2000\",\n      \"prin\": \"3000\",\n      \"debug\": \"<boolean>\",\n      \"org\": \"<string>\",\n      \"processor\": \"<boolean>\",\n      \"contentType\": \"<string>\",\n      \"retry\": 0,\n      \"timeout\": 45000,\n      \"siteId\": \"4201\",\n      \"internalOrigin\": \"<boolean>\",\n      \"rts\": \"2024-03-19T13:56:09Z\"\n    },\n    \"receivedDate\": \"<string>\",\n    \"callbackTopicIdentifier\": \"<string>\",\n    \"callbackOnError\": \"<boolean>\",\n    \"filterText\": [\n      \"<string>\",\n      \"<string>\"\n    ],\n    \"payloadText\": \"<string>\"\n  },\n  \"requestMessageEncrypted\": {\n    \"messageDate\": \"<string>\",\n    \"messageTypeCode\": \"<string>\",\n    \"publishHeader\": {\n      \"publishApplicationName\": \"Disputes\",\n      \"transactionIdentifier\": \"<string>\",\n      \"voltageEncryptedDataIndicator\": \"<boolean>\",\n      \"originalTransactionIdentifier\": \"<string>\",\n      \"originalApplicationName\": \"Alerts & Controls\",\n      \"cardNumber\": \"<string>\",\n      \"cardDataProtectTokenIdentifier\": \"<string>\",\n      \"accountIdentifier\": \"<string>\",\n      \"accountDataProtectTokenIdentifier\": \"<string>\",\n      \"clientIdentifier\": \"<string>\",\n      \"systemIdentifier\": \"<string>\",\n      \"principalIdentifier\": \"<string>\",\n      \"agentIdentifier\": \"<string>\",\n      \"bankIdentificationNumber\": \"<string>\"\n    },\n    \"publishTopicIdentifier\": \"<string>\",\n    \"common\": {\n      \"user\": \"<string>\",\n      \"agent\": \"4000\",\n      \"cycle\": \"T\",\n      \"clientNumber\": \"1000\",\n      \"system\": \"2000\",\n      \"prin\": \"3000\",\n      \"debug\": \"<boolean>\",\n      \"org\": \"<string>\",\n      \"processor\": \"<boolean>\",\n      \"contentType\": \"<string>\",\n      \"retry\": 0,\n      \"timeout\": 45000,\n      \"siteId\": \"4201\",\n      \"internalOrigin\": \"<boolean>\",\n      \"rts\": \"2024-03-19T13:56:09Z\"\n    },\n    \"receivedDate\": \"<string>\",\n    \"callbackTopicIdentifier\": \"<string>\",\n    \"callbackOnError\": \"<boolean>\",\n    \"filterText\": [\n      \"<string>\",\n      \"<string>\"\n    ],\n    \"payloadText\": \"<string>\"\n  },\n  \"requestMessageDecrypted\": {\n    \"messageDate\": \"<string>\",\n    \"messageTypeCode\": \"<string>\",\n    \"publishHeader\": {\n      \"publishApplicationName\": \"Disputes\",\n      \"transactionIdentifier\": \"<string>\",\n      \"voltageEncryptedDataIndicator\": \"<boolean>\",\n      \"originalTransactionIdentifier\": \"<string>\",\n      \"originalApplicationName\": \"Alerts & Controls\",\n      \"cardNumber\": \"<string>\",\n      \"cardDataProtectTokenIdentifier\": \"<string>\",\n      \"accountIdentifier\": \"<string>\",\n      \"accountDataProtectTokenIdentifier\": \"<string>\",\n      \"clientIdentifier\": \"<string>\",\n      \"systemIdentifier\": \"<string>\",\n      \"principalIdentifier\": \"<string>\",\n      \"agentIdentifier\": \"<string>\",\n      \"bankIdentificationNumber\": \"<string>\"\n    },\n    \"publishTopicIdentifier\": \"<string>\",\n    \"common\": {\n      \"user\": \"<string>\",\n      \"agent\": \"4000\",\n      \"cycle\": \"T\",\n      \"clientNumber\": \"1000\",\n      \"system\": \"2000\",\n      \"prin\": \"3000\",\n      \"debug\": \"<boolean>\",\n      \"org\": \"<string>\",\n      \"processor\": \"<boolean>\",\n      \"contentType\": \"<string>\",\n      \"retry\": 0,\n      \"timeout\": 45000,\n      \"siteId\": \"4201\",\n      \"internalOrigin\": \"<boolean>\",\n      \"rts\": \"2024-03-19T13:56:09Z\"\n    },\n    \"receivedDate\": \"<string>\",\n    \"callbackTopicIdentifier\": \"<string>\",\n    \"callbackOnError\": \"<boolean>\",\n    \"filterText\": [\n      \"<string>\",\n      \"<string>\"\n    ],\n    \"payloadText\": \"<string>\"\n  }\n}","cookie":[],"_postman_previewlanguage":"json"}],"event":[],"protocolProfileBehavior":{"disableBodyPruning":true}}],"event":[],"variable":[{"type":"string","value":"https://cat.api.firstdata.com/fs","key":"baseUrl"}],"info":{"_postman_id":"80e09c40-066b-4d5b-87b0-79dcb038b87a","name":"fs-devportal-services-1","schema":"https://schema.getpostman.com/json/collection/v2.1.0/collection.json","description":{"content":"Welcome to the Financial Services API documentation","type":"text/plain"}}}