{"item":[{"id":"3667494c-7c53-40f0-b043-8a2f8ef4ba67","name":"businessSupport/v1","item":[{"id":"1f24c5e2-b712-4612-82bd-1fc89945ac0c","name":"AES","request":{"name":"AES","description":{"content":"Loads a new AES key for a client into DB.","type":"text/plain"},"url":{"path":["businessSupport","v1","loadAesKey"],"host":["{{baseUrl}}"],"query":[],"variable":[]},"header":[{"key":"Content-Type","value":"application/json"},{"key":"Accept","value":"application/json"}],"method":"POST","auth":null,"body":{"mode":"raw","raw":"{\n  \"clientAESKeyExpirationDate\": \"<string>\",\n  \"encryptedClientAESKeyIdentifier\": \"<string>\",\n  \"common\": {\n    \"user\": \"<string>\",\n    \"agent\": \"<string>\",\n    \"cycle\": \"<string>\",\n    \"clientNumber\": \"<string>\",\n    \"system\": \"<string>\",\n    \"prin\": \"<string>\",\n    \"debug\": \"<boolean>\",\n    \"org\": \"<string>\",\n    \"processor\": \"<boolean>\",\n    \"retry\": \"<long>\",\n    \"timeout\": \"<long>\",\n    \"uuid\": \"<string>\",\n    \"accountId\": \"<string>\"\n  }\n}","options":{"raw":{"language":"json"}}}},"response":[{"id":"219a1aed-6a88-45a3-8f4c-e16073b04c1f","name":"successful operation","originalRequest":{"url":{"path":["businessSupport","v1","loadAesKey"],"host":["{{baseUrl}}"],"query":[],"variable":[]},"header":[{"key":"Accept","value":"application/json"}],"method":"POST","body":{"mode":"raw","raw":"{\n  \"clientAESKeyExpirationDate\": \"<string>\",\n  \"encryptedClientAESKeyIdentifier\": \"<string>\",\n  \"common\": {\n    \"user\": \"<string>\",\n    \"agent\": \"4000\",\n    \"cycle\": \"T\",\n    \"clientNumber\": \"1000\",\n    \"system\": \"2000\",\n    \"prin\": \"3000\",\n    \"debug\": \"<boolean>\",\n    \"org\": \"<string>\",\n    \"processor\": \"<boolean>\",\n    \"retry\": 0,\n    \"timeout\": 45000,\n    \"uuid\": \"a5eac27d-cd89-4096-a331-306480bfee76\",\n    \"accountId\": \"8888888888888888\"\n  }\n}","options":{"raw":{"language":"json"}}}},"status":"OK","code":200,"header":[{"key":"Content-Type","value":"application/json"}],"body":"{\n  \"common\": {\n    \"user\": \"<string>\",\n    \"agent\": \"4000\",\n    \"cycle\": \"T\",\n    \"clientNumber\": \"1000\",\n    \"system\": \"2000\",\n    \"prin\": \"3000\",\n    \"debug\": \"<boolean>\",\n    \"org\": \"<string>\",\n    \"processor\": \"<boolean>\",\n    \"retry\": 0,\n    \"timeout\": 45000,\n    \"uuid\": \"a5eac27d-cd89-4096-a331-306480bfee76\",\n    \"accountId\": \"8888888888888888\"\n  },\n  \"keyExchangeProcessingStatusCode\": \"laboris cupidatat velit Ut sint\",\n  \"processingTimestamp\": \"ullamco\",\n  \"responseStatusCode\": \"quis sint cupidatat nostrud nisi\",\n  \"responseMessageText\": \"ut minim ex\",\n  \"responseErrorCode\": \"ut\",\n  \"responseErrorMessageText\": \"in\",\n  \"keyIdentifier\": \"exercitation\",\n  \"keyVersionIdentifier\": \"consectetur Duis\",\n  \"clientAESKeyExpirationDate\": \"cillum irure consequat in\"\n}","cookie":[],"_postman_previewlanguage":"json"}],"event":[],"protocolProfileBehavior":{"disableBodyPruning":true}},{"id":"236fa9e4-ad7d-4c9d-9132-785899665fb0","name":"PGP","request":{"name":"PGP","description":{"content":"Loads a new PGP public key for a client into DB.","type":"text/plain"},"url":{"path":["businessSupport","v1","loadPgpKey"],"host":["{{baseUrl}}"],"query":[],"variable":[]},"header":[{"key":"Content-Type","value":"application/json"},{"key":"Accept","value":"application/json"}],"method":"POST","auth":null,"body":{"mode":"raw","raw":"{\n  \"clientPGPPublicKeyExpirationDate\": \"<string>\",\n  \"clientPGPPublicKeyIdentifier\": \"<string>\",\n  \"common\": {\n    \"user\": \"<string>\",\n    \"agent\": \"<string>\",\n    \"cycle\": \"<string>\",\n    \"clientNumber\": \"<string>\",\n    \"system\": \"<string>\",\n    \"prin\": \"<string>\",\n    \"debug\": \"<boolean>\",\n    \"org\": \"<string>\",\n    \"processor\": \"<boolean>\",\n    \"retry\": \"<long>\",\n    \"timeout\": \"<long>\",\n    \"uuid\": \"<string>\",\n    \"accountId\": \"<string>\"\n  },\n  \"pgpKeyEncodingFormatCode\": \"<string>\"\n}","options":{"raw":{"language":"json"}}}},"response":[{"id":"9effb807-cc76-4400-8d2c-fb5f1ddcef2b","name":"successful operation","originalRequest":{"url":{"path":["businessSupport","v1","loadPgpKey"],"host":["{{baseUrl}}"],"query":[],"variable":[]},"header":[{"key":"Accept","value":"application/json"}],"method":"POST","body":{"mode":"raw","raw":"{\n  \"clientPGPPublicKeyExpirationDate\": \"<string>\",\n  \"clientPGPPublicKeyIdentifier\": \"<string>\",\n  \"common\": {\n    \"user\": \"<string>\",\n    \"agent\": \"4000\",\n    \"cycle\": \"T\",\n    \"clientNumber\": \"1000\",\n    \"system\": \"2000\",\n    \"prin\": \"3000\",\n    \"debug\": \"<boolean>\",\n    \"org\": \"<string>\",\n    \"processor\": \"<boolean>\",\n    \"retry\": 0,\n    \"timeout\": 45000,\n    \"uuid\": \"a5eac27d-cd89-4096-a331-306480bfee76\",\n    \"accountId\": \"8888888888888888\"\n  },\n  \"pgpKeyEncodingFormatCode\": \"Base64\"\n}","options":{"raw":{"language":"json"}}}},"status":"OK","code":200,"header":[{"key":"Content-Type","value":"application/json"}],"body":"{\n  \"common\": {\n    \"user\": \"<string>\",\n    \"agent\": \"4000\",\n    \"cycle\": \"T\",\n    \"clientNumber\": \"1000\",\n    \"system\": \"2000\",\n    \"prin\": \"3000\",\n    \"debug\": \"<boolean>\",\n    \"org\": \"<string>\",\n    \"processor\": \"<boolean>\",\n    \"retry\": 0,\n    \"timeout\": 45000,\n    \"uuid\": \"a5eac27d-cd89-4096-a331-306480bfee76\",\n    \"accountId\": \"8888888888888888\"\n  },\n  \"keyExchangeProcessingStatusCode\": \"aute sed irure\",\n  \"processingTimestamp\": \"aliquip off\",\n  \"responseStatusCode\": \"in mollit exercitation voluptate\",\n  \"responseMessageText\": \"consequat proident\",\n  \"responseErrorCode\": \"et culpa\",\n  \"responseErrorMessageText\": \"consectetur\",\n  \"keyIdentifier\": \"id sint deserunt ut esse\",\n  \"keyVersionIdentifier\": \"eu laborum aliqua esse\",\n  \"fiservPGPPublicKeyIdentifier\": \"id in veniam ullamco\",\n  \"fiservPGPPublicKeyExpirationDate\": \"sunt in dolor\",\n  \"clientPGPPublicKeyExpirationDate\": \"quis\"\n}","cookie":[],"_postman_previewlanguage":"json"}],"event":[],"protocolProfileBehavior":{"disableBodyPruning":true}}],"event":[]}],"event":[],"variable":[{"type":"string","value":"https://cat.api.firstdata.com/fs","key":"baseUrl"}],"info":{"_postman_id":"a29133ef-55bd-4bf2-b42e-1ce38db5244c","name":"fs-devportal-services-1","schema":"https://schema.getpostman.com/json/collection/v2.1.0/collection.json","description":{"content":"Welcome to the Financial Services API documentation","type":"text/plain"}}}