{"item":[{"id":"3b302b65-4776-40d1-bf0f-1e3131f3f9e5","name":"businessSupport/v1","item":[{"id":"589df0c8-910b-416c-9be7-f7314bab9271","name":"AES","request":{"name":"AES","description":{"content":"Loads a new AES key for a client into DB.","type":"text/plain"},"url":{"path":["businessSupport","v1","aesKey"],"host":["{{baseUrl}}"],"query":[],"variable":[]},"header":[{"key":"Content-Type","value":"application/json"},{"key":"Accept","value":"application/json"}],"method":"POST","auth":null,"body":{"mode":"raw","raw":"{\n  \"clientAESKeyExpirationDate\": \"<string>\",\n  \"encryptedClientAESKeyIdentifier\": \"<string>\",\n  \"common\": {\n    \"user\": \"<string>\",\n    \"agent\": \"<string>\",\n    \"cycle\": \"<string>\",\n    \"clientNumber\": \"<string>\",\n    \"system\": \"<string>\",\n    \"prin\": \"<string>\",\n    \"debug\": \"<boolean>\",\n    \"org\": \"<string>\",\n    \"processor\": \"<boolean>\",\n    \"retry\": \"<long>\",\n    \"timeout\": \"<long>\",\n    \"uuid\": \"<string>\",\n    \"accountId\": \"<string>\"\n  }\n}","options":{"raw":{"language":"json"}}}},"response":[{"id":"59dade4e-76a2-4d5a-a352-db0dbb1f8bc7","name":"successful operation","originalRequest":{"url":{"path":["businessSupport","v1","aesKey"],"host":["{{baseUrl}}"],"query":[],"variable":[]},"header":[{"key":"Accept","value":"application/json"}],"method":"POST","body":{"mode":"raw","raw":"{\n  \"clientAESKeyExpirationDate\": \"<string>\",\n  \"encryptedClientAESKeyIdentifier\": \"<string>\",\n  \"common\": {\n    \"user\": \"<string>\",\n    \"agent\": \"4000\",\n    \"cycle\": \"T\",\n    \"clientNumber\": \"1000\",\n    \"system\": \"2000\",\n    \"prin\": \"3000\",\n    \"debug\": \"<boolean>\",\n    \"org\": \"<string>\",\n    \"processor\": \"<boolean>\",\n    \"retry\": 0,\n    \"timeout\": 45000,\n    \"uuid\": \"a5eac27d-cd89-4096-a331-306480bfee76\",\n    \"accountId\": \"8888888888888888\"\n  }\n}","options":{"raw":{"language":"json"}}}},"status":"OK","code":200,"header":[{"key":"Content-Type","value":"application/json"}],"body":"{\n  \"common\": {\n    \"user\": \"<string>\",\n    \"agent\": \"4000\",\n    \"cycle\": \"T\",\n    \"clientNumber\": \"1000\",\n    \"system\": \"2000\",\n    \"prin\": \"3000\",\n    \"debug\": \"<boolean>\",\n    \"org\": \"<string>\",\n    \"processor\": \"<boolean>\",\n    \"retry\": 0,\n    \"timeout\": 45000,\n    \"uuid\": \"a5eac27d-cd89-4096-a331-306480bfee76\",\n    \"accountId\": \"8888888888888888\"\n  },\n  \"keyExchangeProcessingStatusCode\": \"dolor Dui\",\n  \"processingTimestamp\": \"occaecat consectetur\",\n  \"responseStatusCode\": \"magna ad\",\n  \"responseMessageText\": \"laborum ullamco est\",\n  \"responseErrorCode\": \"velit magna\",\n  \"responseErrorMessageText\": \"mollit officia\",\n  \"keyIdentifier\": \"Excepteur cupidatat\",\n  \"keyVersionIdentifier\": \"aliquip mollit laborum adipisicing incididunt\",\n  \"clientAESKeyExpirationDate\": \"ut id\"\n}","cookie":[],"_postman_previewlanguage":"json"}],"event":[],"protocolProfileBehavior":{"disableBodyPruning":true}},{"id":"31a1513f-1ee0-4783-8871-064d941cbce6","name":"AES","request":{"name":"AES","description":{"content":"Loads a new AES key for a client into DB.","type":"text/plain"},"url":{"path":["businessSupport","v1","loadAesKey"],"host":["{{baseUrl}}"],"query":[],"variable":[]},"header":[{"key":"Content-Type","value":"application/json"},{"key":"Accept","value":"application/json"}],"method":"POST","auth":null,"body":{"mode":"raw","raw":"{\n  \"clientAESKeyExpirationDate\": \"<string>\",\n  \"encryptedClientAESKeyIdentifier\": \"<string>\",\n  \"common\": {\n    \"user\": \"<string>\",\n    \"agent\": \"<string>\",\n    \"cycle\": \"<string>\",\n    \"clientNumber\": \"<string>\",\n    \"system\": \"<string>\",\n    \"prin\": \"<string>\",\n    \"debug\": \"<boolean>\",\n    \"org\": \"<string>\",\n    \"processor\": \"<boolean>\",\n    \"retry\": \"<long>\",\n    \"timeout\": \"<long>\",\n    \"uuid\": \"<string>\",\n    \"accountId\": \"<string>\"\n  }\n}","options":{"raw":{"language":"json"}}}},"response":[{"id":"3f438799-e760-4b0c-9f45-351dfebf4c10","name":"successful operation","originalRequest":{"url":{"path":["businessSupport","v1","loadAesKey"],"host":["{{baseUrl}}"],"query":[],"variable":[]},"header":[{"key":"Accept","value":"application/json"}],"method":"POST","body":{"mode":"raw","raw":"{\n  \"clientAESKeyExpirationDate\": \"<string>\",\n  \"encryptedClientAESKeyIdentifier\": \"<string>\",\n  \"common\": {\n    \"user\": \"<string>\",\n    \"agent\": \"4000\",\n    \"cycle\": \"T\",\n    \"clientNumber\": \"1000\",\n    \"system\": \"2000\",\n    \"prin\": \"3000\",\n    \"debug\": \"<boolean>\",\n    \"org\": \"<string>\",\n    \"processor\": \"<boolean>\",\n    \"retry\": 0,\n    \"timeout\": 45000,\n    \"uuid\": \"a5eac27d-cd89-4096-a331-306480bfee76\",\n    \"accountId\": \"8888888888888888\"\n  }\n}","options":{"raw":{"language":"json"}}}},"status":"OK","code":200,"header":[{"key":"Content-Type","value":"application/json"}],"body":"{\n  \"common\": {\n    \"user\": \"<string>\",\n    \"agent\": \"4000\",\n    \"cycle\": \"T\",\n    \"clientNumber\": \"1000\",\n    \"system\": \"2000\",\n    \"prin\": \"3000\",\n    \"debug\": \"<boolean>\",\n    \"org\": \"<string>\",\n    \"processor\": \"<boolean>\",\n    \"retry\": 0,\n    \"timeout\": 45000,\n    \"uuid\": \"a5eac27d-cd89-4096-a331-306480bfee76\",\n    \"accountId\": \"8888888888888888\"\n  },\n  \"keyExchangeProcessingStatusCode\": \"dolor Dui\",\n  \"processingTimestamp\": \"occaecat consectetur\",\n  \"responseStatusCode\": \"magna ad\",\n  \"responseMessageText\": \"laborum ullamco est\",\n  \"responseErrorCode\": \"velit magna\",\n  \"responseErrorMessageText\": \"mollit officia\",\n  \"keyIdentifier\": \"Excepteur cupidatat\",\n  \"keyVersionIdentifier\": \"aliquip mollit laborum adipisicing incididunt\",\n  \"clientAESKeyExpirationDate\": \"ut id\"\n}","cookie":[],"_postman_previewlanguage":"json"}],"event":[],"protocolProfileBehavior":{"disableBodyPruning":true}},{"id":"359dc211-ee3b-4471-a9fc-464835bf1eac","name":"PGP","request":{"name":"PGP","description":{"content":"Loads a new PGP public key for a client into DB.","type":"text/plain"},"url":{"path":["businessSupport","v1","loadPgpKey"],"host":["{{baseUrl}}"],"query":[],"variable":[]},"header":[{"key":"Content-Type","value":"application/json"},{"key":"Accept","value":"application/json"}],"method":"POST","auth":null,"body":{"mode":"raw","raw":"{\n  \"clientPGPPublicKeyExpirationDate\": \"<string>\",\n  \"clientPGPPublicKeyIdentifier\": \"<string>\",\n  \"common\": {\n    \"user\": \"<string>\",\n    \"agent\": \"<string>\",\n    \"cycle\": \"<string>\",\n    \"clientNumber\": \"<string>\",\n    \"system\": \"<string>\",\n    \"prin\": \"<string>\",\n    \"debug\": \"<boolean>\",\n    \"org\": \"<string>\",\n    \"processor\": \"<boolean>\",\n    \"retry\": \"<long>\",\n    \"timeout\": \"<long>\",\n    \"uuid\": \"<string>\",\n    \"accountId\": \"<string>\"\n  },\n  \"pgpKeyEncodingFormatCode\": \"<string>\"\n}","options":{"raw":{"language":"json"}}}},"response":[{"id":"21fdfd68-44fb-4a70-a708-4549daa63db5","name":"successful operation","originalRequest":{"url":{"path":["businessSupport","v1","loadPgpKey"],"host":["{{baseUrl}}"],"query":[],"variable":[]},"header":[{"key":"Accept","value":"application/json"}],"method":"POST","body":{"mode":"raw","raw":"{\n  \"clientPGPPublicKeyExpirationDate\": \"<string>\",\n  \"clientPGPPublicKeyIdentifier\": \"<string>\",\n  \"common\": {\n    \"user\": \"<string>\",\n    \"agent\": \"4000\",\n    \"cycle\": \"T\",\n    \"clientNumber\": \"1000\",\n    \"system\": \"2000\",\n    \"prin\": \"3000\",\n    \"debug\": \"<boolean>\",\n    \"org\": \"<string>\",\n    \"processor\": \"<boolean>\",\n    \"retry\": 0,\n    \"timeout\": 45000,\n    \"uuid\": \"a5eac27d-cd89-4096-a331-306480bfee76\",\n    \"accountId\": \"8888888888888888\"\n  },\n  \"pgpKeyEncodingFormatCode\": \"No Encoding\"\n}","options":{"raw":{"language":"json"}}}},"status":"OK","code":200,"header":[{"key":"Content-Type","value":"application/json"}],"body":"{\n  \"common\": {\n    \"user\": \"<string>\",\n    \"agent\": \"4000\",\n    \"cycle\": \"T\",\n    \"clientNumber\": \"1000\",\n    \"system\": \"2000\",\n    \"prin\": \"3000\",\n    \"debug\": \"<boolean>\",\n    \"org\": \"<string>\",\n    \"processor\": \"<boolean>\",\n    \"retry\": 0,\n    \"timeout\": 45000,\n    \"uuid\": \"a5eac27d-cd89-4096-a331-306480bfee76\",\n    \"accountId\": \"8888888888888888\"\n  },\n  \"keyExchangeProcessingStatusCode\": \"fugiat est commodo\",\n  \"processingTimestamp\": \"laboris elit deserunt ea velit\",\n  \"responseStatusCode\": \"cupidatat Excepteur\",\n  \"responseMessageText\": \"magna\",\n  \"responseErrorCode\": \"fugiat ad in magna\",\n  \"responseErrorMessageText\": \"dolor\",\n  \"keyIdentifier\": \"Excepteur pariatur sit ipsum laboris\",\n  \"keyVersionIdentifier\": \"sint dolore fugiat consequat occaecat\",\n  \"fiservPGPPublicKeyIdentifier\": \"sunt magna\",\n  \"fiservPGPPublicKeyExpirationDate\": \"nisi c\",\n  \"clientPGPPublicKeyExpirationDate\": \"do irure eiusmod aliquip nostrud\"\n}","cookie":[],"_postman_previewlanguage":"json"}],"event":[],"protocolProfileBehavior":{"disableBodyPruning":true}},{"id":"e08d42c7-b6ea-4431-905f-f41931fe4837","name":"PGP","request":{"name":"PGP","description":{"content":"Loads a new PGP public key for a client into DB.","type":"text/plain"},"url":{"path":["businessSupport","v1","pgpKey"],"host":["{{baseUrl}}"],"query":[],"variable":[]},"header":[{"key":"Content-Type","value":"application/json"},{"key":"Accept","value":"application/json"}],"method":"POST","auth":null,"body":{"mode":"raw","raw":"{\n  \"clientPGPPublicKeyExpirationDate\": \"<string>\",\n  \"clientPGPPublicKeyIdentifier\": \"<string>\",\n  \"common\": {\n    \"user\": \"<string>\",\n    \"agent\": \"<string>\",\n    \"cycle\": \"<string>\",\n    \"clientNumber\": \"<string>\",\n    \"system\": \"<string>\",\n    \"prin\": \"<string>\",\n    \"debug\": \"<boolean>\",\n    \"org\": \"<string>\",\n    \"processor\": \"<boolean>\",\n    \"retry\": \"<long>\",\n    \"timeout\": \"<long>\",\n    \"uuid\": \"<string>\",\n    \"accountId\": \"<string>\"\n  },\n  \"pgpKeyEncodingFormatCode\": \"<string>\"\n}","options":{"raw":{"language":"json"}}}},"response":[{"id":"b4168d63-1469-4e44-b987-3419042bafc2","name":"successful operation","originalRequest":{"url":{"path":["businessSupport","v1","pgpKey"],"host":["{{baseUrl}}"],"query":[],"variable":[]},"header":[{"key":"Accept","value":"application/json"}],"method":"POST","body":{"mode":"raw","raw":"{\n  \"clientPGPPublicKeyExpirationDate\": \"<string>\",\n  \"clientPGPPublicKeyIdentifier\": \"<string>\",\n  \"common\": {\n    \"user\": \"<string>\",\n    \"agent\": \"4000\",\n    \"cycle\": \"T\",\n    \"clientNumber\": \"1000\",\n    \"system\": \"2000\",\n    \"prin\": \"3000\",\n    \"debug\": \"<boolean>\",\n    \"org\": \"<string>\",\n    \"processor\": \"<boolean>\",\n    \"retry\": 0,\n    \"timeout\": 45000,\n    \"uuid\": \"a5eac27d-cd89-4096-a331-306480bfee76\",\n    \"accountId\": \"8888888888888888\"\n  },\n  \"pgpKeyEncodingFormatCode\": \"No Encoding\"\n}","options":{"raw":{"language":"json"}}}},"status":"OK","code":200,"header":[{"key":"Content-Type","value":"application/json"}],"body":"{\n  \"common\": {\n    \"user\": \"<string>\",\n    \"agent\": \"4000\",\n    \"cycle\": \"T\",\n    \"clientNumber\": \"1000\",\n    \"system\": \"2000\",\n    \"prin\": \"3000\",\n    \"debug\": \"<boolean>\",\n    \"org\": \"<string>\",\n    \"processor\": \"<boolean>\",\n    \"retry\": 0,\n    \"timeout\": 45000,\n    \"uuid\": \"a5eac27d-cd89-4096-a331-306480bfee76\",\n    \"accountId\": \"8888888888888888\"\n  },\n  \"keyExchangeProcessingStatusCode\": \"fugiat est commodo\",\n  \"processingTimestamp\": \"laboris elit deserunt ea velit\",\n  \"responseStatusCode\": \"cupidatat Excepteur\",\n  \"responseMessageText\": \"magna\",\n  \"responseErrorCode\": \"fugiat ad in magna\",\n  \"responseErrorMessageText\": \"dolor\",\n  \"keyIdentifier\": \"Excepteur pariatur sit ipsum laboris\",\n  \"keyVersionIdentifier\": \"sint dolore fugiat consequat occaecat\",\n  \"fiservPGPPublicKeyIdentifier\": \"sunt magna\",\n  \"fiservPGPPublicKeyExpirationDate\": \"nisi c\",\n  \"clientPGPPublicKeyExpirationDate\": \"do irure eiusmod aliquip nostrud\"\n}","cookie":[],"_postman_previewlanguage":"json"}],"event":[],"protocolProfileBehavior":{"disableBodyPruning":true}}],"event":[]}],"event":[],"variable":[{"type":"string","value":"https://cat.api.firstdata.com/fs","key":"baseUrl"}],"info":{"_postman_id":"8aafc957-a2d8-4f33-8dcf-45f37965d43e","name":"fs-devportal-services-1","schema":"https://schema.getpostman.com/json/collection/v2.1.0/collection.json","description":{"content":"Welcome to the Financial Services API documentation","type":"text/plain"}}}