{"item":[{"id":"af2e65ef-ec5e-42fd-ad77-eb1cb8642b5b","name":"kotb/v1","item":[{"id":"cb71c1a5-c0de-4920-aeda-d2686cfde5b9","name":"Kafka Producer configurations","request":{"name":"Kafka Producer configurations","description":{"content":"The kafka Producer config service provides access to load and modify configurations for the Kafka Producer","type":"text/plain"},"url":{"path":["kotb","v1","kafkaProducerConfig"],"host":["{{baseUrl}}"],"query":[],"variable":[]},"header":[{"key":"Content-Type","value":"application/json"},{"key":"Accept","value":"application/json"}],"method":"POST","auth":null,"body":{"mode":"raw","raw":"{\n  \"common\": {\n    \"user\": \"<string>\",\n    \"agent\": \"<string>\",\n    \"cycle\": \"<string>\",\n    \"clientNumber\": \"<string>\",\n    \"system\": \"<string>\",\n    \"prin\": \"<string>\",\n    \"debug\": \"<boolean>\",\n    \"org\": \"<string>\",\n    \"processor\": \"<boolean>\",\n    \"contentType\": \"<string>\",\n    \"retry\": \"<long>\",\n    \"timeout\": \"<long>\",\n    \"siteId\": \"<string>\",\n    \"internalOrigin\": \"<boolean>\",\n    \"uuid\": \"<string>\",\n    \"rts\": \"<dateTime>\"\n  }\n}","options":{"raw":{"language":"json"}}}},"response":[{"id":"7d4c3480-2987-4eac-9ebf-9d98640377e8","name":"successful operation","originalRequest":{"url":{"path":["kotb","v1","kafkaProducerConfig"],"host":["{{baseUrl}}"],"query":[],"variable":[]},"header":[{"key":"Accept","value":"application/json"}],"method":"POST","body":{"mode":"raw","raw":"{\n  \"common\": {\n    \"user\": \"<string>\",\n    \"agent\": \"4000\",\n    \"cycle\": \"T\",\n    \"clientNumber\": \"1000\",\n    \"system\": \"2000\",\n    \"prin\": \"3000\",\n    \"debug\": \"<boolean>\",\n    \"org\": \"<string>\",\n    \"processor\": \"<boolean>\",\n    \"contentType\": \"<string>\",\n    \"retry\": 0,\n    \"timeout\": 45000,\n    \"siteId\": \"4201\",\n    \"internalOrigin\": \"<boolean>\",\n    \"uuid\": \"a5eac27d-cd89-4096-a331-306480bfee76\",\n    \"rts\": \"2024-07-24T11:43:38Z\"\n  }\n}","options":{"raw":{"language":"json"}}}},"status":"OK","code":200,"header":[{"key":"Content-Type","value":"application/json"}],"body":"{\n  \"kafkaProducerConfiguration\": {}\n}","cookie":[],"_postman_previewlanguage":"json"}],"event":[],"protocolProfileBehavior":{"disableBodyPruning":true}},{"id":"2d3b75ed-bd7d-40ba-a113-c19d1f62185f","name":"ProcessorResource","request":{"name":"ProcessorResource","description":{"content":"This resource is to process an incoming request-messages and route to kafka queue","type":"text/plain"},"url":{"path":["kotb","v1","publishMessage"],"host":["{{baseUrl}}"],"query":[],"variable":[]},"header":[{"key":"Content-Type","value":"application/json"},{"key":"Accept","value":"application/json"}],"method":"POST","auth":null,"body":{"mode":"raw","raw":"{\n  \"messageDate\": \"<string>\",\n  \"messageTypeCode\": \"<string>\",\n  \"publishHeader\": {\n    \"publishApplicationName\": \"<string>\",\n    \"transactionIdentifier\": \"<string>\",\n    \"voltageEncryptedDataIndicator\": \"<boolean>\",\n    \"originalTransactionIdentifier\": \"<string>\",\n    \"originalApplicationName\": \"<string>\",\n    \"cardNumber\": \"<string>\",\n    \"cardDataProtectTokenIdentifier\": \"<string>\",\n    \"accountIdentifier\": \"<string>\",\n    \"accountDataProtectTokenIdentifier\": \"<string>\",\n    \"clientIdentifier\": \"<string>\",\n    \"systemIdentifier\": \"<string>\",\n    \"principalIdentifier\": \"<string>\",\n    \"agentIdentifier\": \"<string>\",\n    \"bankIdentificationNumber\": \"<string>\"\n  },\n  \"publishTopicIdentifier\": \"<string>\",\n  \"common\": {\n    \"user\": \"<string>\",\n    \"agent\": \"<string>\",\n    \"cycle\": \"<string>\",\n    \"clientNumber\": \"<string>\",\n    \"system\": \"<string>\",\n    \"prin\": \"<string>\",\n    \"debug\": \"<boolean>\",\n    \"org\": \"<string>\",\n    \"processor\": \"<boolean>\",\n    \"contentType\": \"<string>\",\n    \"retry\": \"<long>\",\n    \"timeout\": \"<long>\",\n    \"siteId\": \"<string>\",\n    \"internalOrigin\": \"<boolean>\",\n    \"uuid\": \"<string>\",\n    \"rts\": \"<dateTime>\"\n  },\n  \"receivedDate\": \"<string>\",\n  \"callbackTopicIdentifier\": \"<string>\",\n  \"callbackOnError\": \"<boolean>\",\n  \"filterText\": [\n    \"<string>\",\n    \"<string>\"\n  ],\n  \"payloadText\": \"<string>\"\n}","options":{"raw":{"language":"json"}}}},"response":[{"id":"ce93f0f3-70e2-406c-a400-63b8f9c86384","name":"successful operation","originalRequest":{"url":{"path":["kotb","v1","publishMessage"],"host":["{{baseUrl}}"],"query":[],"variable":[]},"header":[{"key":"Accept","value":"application/json"}],"method":"POST","body":{"mode":"raw","raw":"{\n  \"messageDate\": \"<string>\",\n  \"messageTypeCode\": \"<string>\",\n  \"publishHeader\": {\n    \"publishApplicationName\": \"Disputes\",\n    \"transactionIdentifier\": \"<string>\",\n    \"voltageEncryptedDataIndicator\": \"<boolean>\",\n    \"originalTransactionIdentifier\": \"<string>\",\n    \"originalApplicationName\": \"Alerts & Controls\",\n    \"cardNumber\": \"<string>\",\n    \"cardDataProtectTokenIdentifier\": \"<string>\",\n    \"accountIdentifier\": \"<string>\",\n    \"accountDataProtectTokenIdentifier\": \"<string>\",\n    \"clientIdentifier\": \"<string>\",\n    \"systemIdentifier\": \"<string>\",\n    \"principalIdentifier\": \"<string>\",\n    \"agentIdentifier\": \"<string>\",\n    \"bankIdentificationNumber\": \"<string>\"\n  },\n  \"publishTopicIdentifier\": \"<string>\",\n  \"common\": {\n    \"user\": \"<string>\",\n    \"agent\": \"4000\",\n    \"cycle\": \"T\",\n    \"clientNumber\": \"1000\",\n    \"system\": \"2000\",\n    \"prin\": \"3000\",\n    \"debug\": \"<boolean>\",\n    \"org\": \"<string>\",\n    \"processor\": \"<boolean>\",\n    \"contentType\": \"<string>\",\n    \"retry\": 0,\n    \"timeout\": 45000,\n    \"siteId\": \"4201\",\n    \"internalOrigin\": \"<boolean>\",\n    \"uuid\": \"a5eac27d-cd89-4096-a331-306480bfee76\",\n    \"rts\": \"2024-07-24T11:43:38Z\"\n  },\n  \"receivedDate\": \"<string>\",\n  \"callbackTopicIdentifier\": \"<string>\",\n  \"callbackOnError\": \"<boolean>\",\n  \"filterText\": [\n    \"<string>\",\n    \"<string>\"\n  ],\n  \"payloadText\": \"<string>\"\n}","options":{"raw":{"language":"json"}}}},"status":"OK","code":200,"header":[{"key":"Content-Type","value":"application/json"}],"body":"{\n  \"message\": \"do anim\",\n  \"responseCode\": -95112595,\n  \"transactionIdentifier\": \"consectetur cillum ut\",\n  \"publishedDate\": \"2024-07-24T11:43:38Z\",\n  \"clusterName\": \"incididunt\",\n  \"durationCount\": 84052701\n}","cookie":[],"_postman_previewlanguage":"json"}],"event":[],"protocolProfileBehavior":{"disableBodyPruning":true}}],"event":[]}],"event":[],"variable":[{"type":"string","value":"https://cat.api.firstdata.com/fs","key":"baseUrl"}],"info":{"_postman_id":"4e9f3864-2907-417a-a909-3c126a31c15c","name":"fs-devportal-services-1","schema":"https://schema.getpostman.com/json/collection/v2.1.0/collection.json","description":{"content":"Welcome to the Financial Services API documentation","type":"text/plain"}}}