{"item":[{"id":"923e8103-1de7-4853-805a-11293254ae4d","name":"kotb/v1","item":[{"id":"2106e78b-4ff2-4903-a264-7caf50cefa57","name":"Kafka Producer configurations","request":{"name":"Kafka Producer configurations","description":{"content":"The kafka Producer config service provides access to load and modify configurations for the Kafka Producer","type":"text/plain"},"url":{"path":["kotb","v1","kafkaProducerConfig"],"host":["{{baseUrl}}"],"query":[],"variable":[]},"header":[{"key":"Content-Type","value":"*/*"},{"key":"Accept","value":"application/json"}],"method":"POST","auth":null,"body":{"mode":"raw","raw":"{\n  \"common\": {\n    \"user\": \"<string>\",\n    \"agent\": \"<string>\",\n    \"cycle\": \"<string>\",\n    \"clientNumber\": \"<string>\",\n    \"system\": \"<string>\",\n    \"prin\": \"<string>\",\n    \"debug\": \"<boolean>\",\n    \"org\": \"<string>\",\n    \"processor\": \"<boolean>\",\n    \"contentType\": \"<string>\",\n    \"retry\": \"<long>\",\n    \"timeout\": \"<long>\",\n    \"siteId\": \"<string>\",\n    \"internalOrigin\": \"<boolean>\",\n    \"uuid\": \"<string>\",\n    \"rts\": \"<dateTime>\"\n  }\n}"}},"response":[{"id":"b0544596-140f-439e-b315-ee7b449a2a57","name":"successful operation","originalRequest":{"url":{"path":["kotb","v1","kafkaProducerConfig"],"host":["{{baseUrl}}"],"query":[],"variable":[]},"header":[{"key":"Accept","value":"application/json"}],"method":"POST","body":{"mode":"raw","raw":"{\n  \"common\": {\n    \"user\": \"<string>\",\n    \"agent\": \"4000\",\n    \"cycle\": \"T\",\n    \"clientNumber\": \"1000\",\n    \"system\": \"2000\",\n    \"prin\": \"3000\",\n    \"debug\": \"<boolean>\",\n    \"org\": \"<string>\",\n    \"processor\": \"<boolean>\",\n    \"contentType\": \"<string>\",\n    \"retry\": 0,\n    \"timeout\": 45000,\n    \"siteId\": \"4201\",\n    \"internalOrigin\": \"<boolean>\",\n    \"uuid\": \"a5eac27d-cd89-4096-a331-306480bfee76\",\n    \"rts\": \"<dateTime>\"\n  }\n}"}},"status":"OK","code":200,"header":[{"key":"Content-Type","value":"application/json"}],"body":"{\n  \"kafkaProducerConfiguration\": {}\n}","cookie":[],"_postman_previewlanguage":"json"},{"id":"f14e283e-4cd5-4970-b8ff-d56f1e5d5845","name":"Unauthorized: Authorization failed due to missing or invalid credentials","originalRequest":{"url":{"path":["kotb","v1","kafkaProducerConfig"],"host":["{{baseUrl}}"],"query":[],"variable":[]},"method":"POST","body":{"mode":"raw","raw":"{\n  \"common\": {\n    \"user\": \"<string>\",\n    \"agent\": \"4000\",\n    \"cycle\": \"T\",\n    \"clientNumber\": \"1000\",\n    \"system\": \"2000\",\n    \"prin\": \"3000\",\n    \"debug\": \"<boolean>\",\n    \"org\": \"<string>\",\n    \"processor\": \"<boolean>\",\n    \"contentType\": \"<string>\",\n    \"retry\": 0,\n    \"timeout\": 45000,\n    \"siteId\": \"4201\",\n    \"internalOrigin\": \"<boolean>\",\n    \"uuid\": \"a5eac27d-cd89-4096-a331-306480bfee76\",\n    \"rts\": \"<dateTime>\"\n  }\n}"}},"status":"Unauthorized","code":401,"header":[{"key":"Content-Type","value":"text/plain"}],"body":"","cookie":[],"_postman_previewlanguage":"text"},{"id":"bb2ee027-81b9-4c7b-a893-ba91ab6d4cf8","name":"Forbidden: Insufficient access for requested operation","originalRequest":{"url":{"path":["kotb","v1","kafkaProducerConfig"],"host":["{{baseUrl}}"],"query":[],"variable":[]},"method":"POST","body":{"mode":"raw","raw":"{\n  \"common\": {\n    \"user\": \"<string>\",\n    \"agent\": \"4000\",\n    \"cycle\": \"T\",\n    \"clientNumber\": \"1000\",\n    \"system\": \"2000\",\n    \"prin\": \"3000\",\n    \"debug\": \"<boolean>\",\n    \"org\": \"<string>\",\n    \"processor\": \"<boolean>\",\n    \"contentType\": \"<string>\",\n    \"retry\": 0,\n    \"timeout\": 45000,\n    \"siteId\": \"4201\",\n    \"internalOrigin\": \"<boolean>\",\n    \"uuid\": \"a5eac27d-cd89-4096-a331-306480bfee76\",\n    \"rts\": \"<dateTime>\"\n  }\n}"}},"status":"Forbidden","code":403,"header":[{"key":"Content-Type","value":"text/plain"}],"body":"","cookie":[],"_postman_previewlanguage":"text"},{"id":"377da7a6-8aaa-4bdb-9158-8f64d8cada1d","name":"System Exception: Internal processes not related to client interaction with application are the cause of the failure","originalRequest":{"url":{"path":["kotb","v1","kafkaProducerConfig"],"host":["{{baseUrl}}"],"query":[],"variable":[]},"method":"POST","body":{"mode":"raw","raw":"{\n  \"common\": {\n    \"user\": \"<string>\",\n    \"agent\": \"4000\",\n    \"cycle\": \"T\",\n    \"clientNumber\": \"1000\",\n    \"system\": \"2000\",\n    \"prin\": \"3000\",\n    \"debug\": \"<boolean>\",\n    \"org\": \"<string>\",\n    \"processor\": \"<boolean>\",\n    \"contentType\": \"<string>\",\n    \"retry\": 0,\n    \"timeout\": 45000,\n    \"siteId\": \"4201\",\n    \"internalOrigin\": \"<boolean>\",\n    \"uuid\": \"a5eac27d-cd89-4096-a331-306480bfee76\",\n    \"rts\": \"<dateTime>\"\n  }\n}"}},"code":452,"header":[{"key":"Content-Type","value":"text/plain"}],"body":"","cookie":[],"_postman_previewlanguage":"text"},{"id":"1d042d40-8506-4489-97cc-28bc619fb4fa","name":"Validation Exception: The request failed validation, modify the request and resubmit","originalRequest":{"url":{"path":["kotb","v1","kafkaProducerConfig"],"host":["{{baseUrl}}"],"query":[],"variable":[]},"method":"POST","body":{"mode":"raw","raw":"{\n  \"common\": {\n    \"user\": \"<string>\",\n    \"agent\": \"4000\",\n    \"cycle\": \"T\",\n    \"clientNumber\": \"1000\",\n    \"system\": \"2000\",\n    \"prin\": \"3000\",\n    \"debug\": \"<boolean>\",\n    \"org\": \"<string>\",\n    \"processor\": \"<boolean>\",\n    \"contentType\": \"<string>\",\n    \"retry\": 0,\n    \"timeout\": 45000,\n    \"siteId\": \"4201\",\n    \"internalOrigin\": \"<boolean>\",\n    \"uuid\": \"a5eac27d-cd89-4096-a331-306480bfee76\",\n    \"rts\": \"<dateTime>\"\n  }\n}"}},"code":453,"header":[{"key":"Content-Type","value":"text/plain"}],"body":"","cookie":[],"_postman_previewlanguage":"text"},{"id":"9376e6f7-099c-409e-84d3-6bb8a2330fad","name":"ODS Error Exception: ODS returned a message with transaction status ERROR","originalRequest":{"url":{"path":["kotb","v1","kafkaProducerConfig"],"host":["{{baseUrl}}"],"query":[],"variable":[]},"method":"POST","body":{"mode":"raw","raw":"{\n  \"common\": {\n    \"user\": \"<string>\",\n    \"agent\": \"4000\",\n    \"cycle\": \"T\",\n    \"clientNumber\": \"1000\",\n    \"system\": \"2000\",\n    \"prin\": \"3000\",\n    \"debug\": \"<boolean>\",\n    \"org\": \"<string>\",\n    \"processor\": \"<boolean>\",\n    \"contentType\": \"<string>\",\n    \"retry\": 0,\n    \"timeout\": 45000,\n    \"siteId\": \"4201\",\n    \"internalOrigin\": \"<boolean>\",\n    \"uuid\": \"a5eac27d-cd89-4096-a331-306480bfee76\",\n    \"rts\": \"<dateTime>\"\n  }\n}"}},"code":455,"header":[{"key":"Content-Type","value":"text/plain"}],"body":"","cookie":[],"_postman_previewlanguage":"text"}],"event":[],"protocolProfileBehavior":{"disableBodyPruning":true}},{"id":"a392cab8-e64d-4fb3-a91e-1b498b99905f","name":"ProcessorResource","request":{"name":"ProcessorResource","description":{"content":"This resource is to process an incoming request-messages and route to kafka queue","type":"text/plain"},"url":{"path":["kotb","v1","publishMessage"],"host":["{{baseUrl}}"],"query":[],"variable":[]},"header":[{"key":"Content-Type","value":"*/*"},{"key":"Accept","value":"application/json"}],"method":"POST","auth":null,"body":{"mode":"raw","raw":"{\n  \"messageDate\": \"<string>\",\n  \"messageTypeCode\": \"<string>\",\n  \"publishHeader\": {\n    \"publishApplicationName\": \"<string>\",\n    \"transactionIdentifier\": \"<string>\",\n    \"voltageEncryptedDataIndicator\": \"<boolean>\",\n    \"originalTransactionIdentifier\": \"<string>\",\n    \"originalApplicationName\": \"<string>\",\n    \"cardNumber\": \"<string>\",\n    \"cardDataProtectTokenIdentifier\": \"<string>\",\n    \"accountIdentifier\": \"<string>\",\n    \"accountDataProtectTokenIdentifier\": \"<string>\",\n    \"clientIdentifier\": \"<string>\",\n    \"systemIdentifier\": \"<string>\",\n    \"principalIdentifier\": \"<string>\",\n    \"agentIdentifier\": \"<string>\",\n    \"bankIdentificationNumber\": \"<string>\"\n  },\n  \"publishTopicIdentifier\": \"<string>\",\n  \"common\": {\n    \"user\": \"<string>\",\n    \"agent\": \"<string>\",\n    \"cycle\": \"<string>\",\n    \"clientNumber\": \"<string>\",\n    \"system\": \"<string>\",\n    \"prin\": \"<string>\",\n    \"debug\": \"<boolean>\",\n    \"org\": \"<string>\",\n    \"processor\": \"<boolean>\",\n    \"contentType\": \"<string>\",\n    \"retry\": \"<long>\",\n    \"timeout\": \"<long>\",\n    \"siteId\": \"<string>\",\n    \"internalOrigin\": \"<boolean>\",\n    \"uuid\": \"<string>\",\n    \"rts\": \"<dateTime>\"\n  },\n  \"receivedDate\": \"<string>\",\n  \"callbackTopicIdentifier\": \"<string>\",\n  \"callbackOnError\": \"<boolean>\",\n  \"filterText\": [\n    \"<string>\",\n    \"<string>\"\n  ],\n  \"payloadText\": \"<string>\"\n}"}},"response":[{"id":"f24e40ba-5333-4718-9065-e36392124672","name":"successful operation","originalRequest":{"url":{"path":["kotb","v1","publishMessage"],"host":["{{baseUrl}}"],"query":[],"variable":[]},"header":[{"key":"Accept","value":"application/json"}],"method":"POST","body":{"mode":"raw","raw":"{\n  \"messageDate\": \"<string>\",\n  \"messageTypeCode\": \"<string>\",\n  \"publishHeader\": {\n    \"publishApplicationName\": \"Disputes\",\n    \"transactionIdentifier\": \"<string>\",\n    \"voltageEncryptedDataIndicator\": \"<boolean>\",\n    \"originalTransactionIdentifier\": \"<string>\",\n    \"originalApplicationName\": \"Alerts & Controls\",\n    \"cardNumber\": \"<string>\",\n    \"cardDataProtectTokenIdentifier\": \"<string>\",\n    \"accountIdentifier\": \"<string>\",\n    \"accountDataProtectTokenIdentifier\": \"<string>\",\n    \"clientIdentifier\": \"<string>\",\n    \"systemIdentifier\": \"<string>\",\n    \"principalIdentifier\": \"<string>\",\n    \"agentIdentifier\": \"<string>\",\n    \"bankIdentificationNumber\": \"<string>\"\n  },\n  \"publishTopicIdentifier\": \"<string>\",\n  \"common\": {\n    \"user\": \"<string>\",\n    \"agent\": \"4000\",\n    \"cycle\": \"T\",\n    \"clientNumber\": \"1000\",\n    \"system\": \"2000\",\n    \"prin\": \"3000\",\n    \"debug\": \"<boolean>\",\n    \"org\": \"<string>\",\n    \"processor\": \"<boolean>\",\n    \"contentType\": \"<string>\",\n    \"retry\": 0,\n    \"timeout\": 45000,\n    \"siteId\": \"4201\",\n    \"internalOrigin\": \"<boolean>\",\n    \"uuid\": \"a5eac27d-cd89-4096-a331-306480bfee76\",\n    \"rts\": \"<dateTime>\"\n  },\n  \"receivedDate\": \"<string>\",\n  \"callbackTopicIdentifier\": \"<string>\",\n  \"callbackOnError\": \"<boolean>\",\n  \"filterText\": [\n    \"<string>\",\n    \"<string>\"\n  ],\n  \"payloadText\": \"<string>\"\n}"}},"status":"OK","code":200,"header":[{"key":"Content-Type","value":"application/json"}],"body":"{\n  \"message\": \"nisi cillum aliqua irure\",\n  \"responseCode\": 86960818,\n  \"transactionIdentifier\": \"dolor laboris\",\n  \"publishedDate\": \"2021-08-25T09:52:39.941Z\",\n  \"clusterName\": \"Ut laborum ipsum magna officia\",\n  \"durationCount\": 20845687\n}","cookie":[],"_postman_previewlanguage":"json"},{"id":"5c6a2545-d7a9-4649-a0e2-8918c16a01d9","name":"Unauthorized: Authorization failed due to missing or invalid credentials","originalRequest":{"url":{"path":["kotb","v1","publishMessage"],"host":["{{baseUrl}}"],"query":[],"variable":[]},"method":"POST","body":{"mode":"raw","raw":"{\n  \"messageDate\": \"<string>\",\n  \"messageTypeCode\": \"<string>\",\n  \"publishHeader\": {\n    \"publishApplicationName\": \"Disputes\",\n    \"transactionIdentifier\": \"<string>\",\n    \"voltageEncryptedDataIndicator\": \"<boolean>\",\n    \"originalTransactionIdentifier\": \"<string>\",\n    \"originalApplicationName\": \"Alerts & Controls\",\n    \"cardNumber\": \"<string>\",\n    \"cardDataProtectTokenIdentifier\": \"<string>\",\n    \"accountIdentifier\": \"<string>\",\n    \"accountDataProtectTokenIdentifier\": \"<string>\",\n    \"clientIdentifier\": \"<string>\",\n    \"systemIdentifier\": \"<string>\",\n    \"principalIdentifier\": \"<string>\",\n    \"agentIdentifier\": \"<string>\",\n    \"bankIdentificationNumber\": \"<string>\"\n  },\n  \"publishTopicIdentifier\": \"<string>\",\n  \"common\": {\n    \"user\": \"<string>\",\n    \"agent\": \"4000\",\n    \"cycle\": \"T\",\n    \"clientNumber\": \"1000\",\n    \"system\": \"2000\",\n    \"prin\": \"3000\",\n    \"debug\": \"<boolean>\",\n    \"org\": \"<string>\",\n    \"processor\": \"<boolean>\",\n    \"contentType\": \"<string>\",\n    \"retry\": 0,\n    \"timeout\": 45000,\n    \"siteId\": \"4201\",\n    \"internalOrigin\": \"<boolean>\",\n    \"uuid\": \"a5eac27d-cd89-4096-a331-306480bfee76\",\n    \"rts\": \"<dateTime>\"\n  },\n  \"receivedDate\": \"<string>\",\n  \"callbackTopicIdentifier\": \"<string>\",\n  \"callbackOnError\": \"<boolean>\",\n  \"filterText\": [\n    \"<string>\",\n    \"<string>\"\n  ],\n  \"payloadText\": \"<string>\"\n}"}},"status":"Unauthorized","code":401,"header":[{"key":"Content-Type","value":"text/plain"}],"body":"","cookie":[],"_postman_previewlanguage":"text"},{"id":"9fa42f28-3e9a-4ffc-88be-ee467c665ae0","name":"Forbidden: Insufficient access for requested operation","originalRequest":{"url":{"path":["kotb","v1","publishMessage"],"host":["{{baseUrl}}"],"query":[],"variable":[]},"method":"POST","body":{"mode":"raw","raw":"{\n  \"messageDate\": \"<string>\",\n  \"messageTypeCode\": \"<string>\",\n  \"publishHeader\": {\n    \"publishApplicationName\": \"Disputes\",\n    \"transactionIdentifier\": \"<string>\",\n    \"voltageEncryptedDataIndicator\": \"<boolean>\",\n    \"originalTransactionIdentifier\": \"<string>\",\n    \"originalApplicationName\": \"Alerts & Controls\",\n    \"cardNumber\": \"<string>\",\n    \"cardDataProtectTokenIdentifier\": \"<string>\",\n    \"accountIdentifier\": \"<string>\",\n    \"accountDataProtectTokenIdentifier\": \"<string>\",\n    \"clientIdentifier\": \"<string>\",\n    \"systemIdentifier\": \"<string>\",\n    \"principalIdentifier\": \"<string>\",\n    \"agentIdentifier\": \"<string>\",\n    \"bankIdentificationNumber\": \"<string>\"\n  },\n  \"publishTopicIdentifier\": \"<string>\",\n  \"common\": {\n    \"user\": \"<string>\",\n    \"agent\": \"4000\",\n    \"cycle\": \"T\",\n    \"clientNumber\": \"1000\",\n    \"system\": \"2000\",\n    \"prin\": \"3000\",\n    \"debug\": \"<boolean>\",\n    \"org\": \"<string>\",\n    \"processor\": \"<boolean>\",\n    \"contentType\": \"<string>\",\n    \"retry\": 0,\n    \"timeout\": 45000,\n    \"siteId\": \"4201\",\n    \"internalOrigin\": \"<boolean>\",\n    \"uuid\": \"a5eac27d-cd89-4096-a331-306480bfee76\",\n    \"rts\": \"<dateTime>\"\n  },\n  \"receivedDate\": \"<string>\",\n  \"callbackTopicIdentifier\": \"<string>\",\n  \"callbackOnError\": \"<boolean>\",\n  \"filterText\": [\n    \"<string>\",\n    \"<string>\"\n  ],\n  \"payloadText\": \"<string>\"\n}"}},"status":"Forbidden","code":403,"header":[{"key":"Content-Type","value":"text/plain"}],"body":"","cookie":[],"_postman_previewlanguage":"text"},{"id":"36d59e72-9216-4726-9195-d759a3b72d11","name":"System Exception: Internal processes not related to client interaction with application are the cause of the failure","originalRequest":{"url":{"path":["kotb","v1","publishMessage"],"host":["{{baseUrl}}"],"query":[],"variable":[]},"method":"POST","body":{"mode":"raw","raw":"{\n  \"messageDate\": \"<string>\",\n  \"messageTypeCode\": \"<string>\",\n  \"publishHeader\": {\n    \"publishApplicationName\": \"Disputes\",\n    \"transactionIdentifier\": \"<string>\",\n    \"voltageEncryptedDataIndicator\": \"<boolean>\",\n    \"originalTransactionIdentifier\": \"<string>\",\n    \"originalApplicationName\": \"Alerts & Controls\",\n    \"cardNumber\": \"<string>\",\n    \"cardDataProtectTokenIdentifier\": \"<string>\",\n    \"accountIdentifier\": \"<string>\",\n    \"accountDataProtectTokenIdentifier\": \"<string>\",\n    \"clientIdentifier\": \"<string>\",\n    \"systemIdentifier\": \"<string>\",\n    \"principalIdentifier\": \"<string>\",\n    \"agentIdentifier\": \"<string>\",\n    \"bankIdentificationNumber\": \"<string>\"\n  },\n  \"publishTopicIdentifier\": \"<string>\",\n  \"common\": {\n    \"user\": \"<string>\",\n    \"agent\": \"4000\",\n    \"cycle\": \"T\",\n    \"clientNumber\": \"1000\",\n    \"system\": \"2000\",\n    \"prin\": \"3000\",\n    \"debug\": \"<boolean>\",\n    \"org\": \"<string>\",\n    \"processor\": \"<boolean>\",\n    \"contentType\": \"<string>\",\n    \"retry\": 0,\n    \"timeout\": 45000,\n    \"siteId\": \"4201\",\n    \"internalOrigin\": \"<boolean>\",\n    \"uuid\": \"a5eac27d-cd89-4096-a331-306480bfee76\",\n    \"rts\": \"<dateTime>\"\n  },\n  \"receivedDate\": \"<string>\",\n  \"callbackTopicIdentifier\": \"<string>\",\n  \"callbackOnError\": \"<boolean>\",\n  \"filterText\": [\n    \"<string>\",\n    \"<string>\"\n  ],\n  \"payloadText\": \"<string>\"\n}"}},"code":452,"header":[{"key":"Content-Type","value":"text/plain"}],"body":"","cookie":[],"_postman_previewlanguage":"text"},{"id":"03b1fb20-208a-46bb-96cf-c7b865ea5e33","name":"Validation Exception: The request failed validation, modify the request and resubmit","originalRequest":{"url":{"path":["kotb","v1","publishMessage"],"host":["{{baseUrl}}"],"query":[],"variable":[]},"method":"POST","body":{"mode":"raw","raw":"{\n  \"messageDate\": \"<string>\",\n  \"messageTypeCode\": \"<string>\",\n  \"publishHeader\": {\n    \"publishApplicationName\": \"Disputes\",\n    \"transactionIdentifier\": \"<string>\",\n    \"voltageEncryptedDataIndicator\": \"<boolean>\",\n    \"originalTransactionIdentifier\": \"<string>\",\n    \"originalApplicationName\": \"Alerts & Controls\",\n    \"cardNumber\": \"<string>\",\n    \"cardDataProtectTokenIdentifier\": \"<string>\",\n    \"accountIdentifier\": \"<string>\",\n    \"accountDataProtectTokenIdentifier\": \"<string>\",\n    \"clientIdentifier\": \"<string>\",\n    \"systemIdentifier\": \"<string>\",\n    \"principalIdentifier\": \"<string>\",\n    \"agentIdentifier\": \"<string>\",\n    \"bankIdentificationNumber\": \"<string>\"\n  },\n  \"publishTopicIdentifier\": \"<string>\",\n  \"common\": {\n    \"user\": \"<string>\",\n    \"agent\": \"4000\",\n    \"cycle\": \"T\",\n    \"clientNumber\": \"1000\",\n    \"system\": \"2000\",\n    \"prin\": \"3000\",\n    \"debug\": \"<boolean>\",\n    \"org\": \"<string>\",\n    \"processor\": \"<boolean>\",\n    \"contentType\": \"<string>\",\n    \"retry\": 0,\n    \"timeout\": 45000,\n    \"siteId\": \"4201\",\n    \"internalOrigin\": \"<boolean>\",\n    \"uuid\": \"a5eac27d-cd89-4096-a331-306480bfee76\",\n    \"rts\": \"<dateTime>\"\n  },\n  \"receivedDate\": \"<string>\",\n  \"callbackTopicIdentifier\": \"<string>\",\n  \"callbackOnError\": \"<boolean>\",\n  \"filterText\": [\n    \"<string>\",\n    \"<string>\"\n  ],\n  \"payloadText\": \"<string>\"\n}"}},"code":453,"header":[{"key":"Content-Type","value":"text/plain"}],"body":"","cookie":[],"_postman_previewlanguage":"text"},{"id":"7a94be0e-79b9-4c6e-aeae-67f8a839122d","name":"ODS Error Exception: ODS returned a message with transaction status ERROR","originalRequest":{"url":{"path":["kotb","v1","publishMessage"],"host":["{{baseUrl}}"],"query":[],"variable":[]},"method":"POST","body":{"mode":"raw","raw":"{\n  \"messageDate\": \"<string>\",\n  \"messageTypeCode\": \"<string>\",\n  \"publishHeader\": {\n    \"publishApplicationName\": \"Disputes\",\n    \"transactionIdentifier\": \"<string>\",\n    \"voltageEncryptedDataIndicator\": \"<boolean>\",\n    \"originalTransactionIdentifier\": \"<string>\",\n    \"originalApplicationName\": \"Alerts & Controls\",\n    \"cardNumber\": \"<string>\",\n    \"cardDataProtectTokenIdentifier\": \"<string>\",\n    \"accountIdentifier\": \"<string>\",\n    \"accountDataProtectTokenIdentifier\": \"<string>\",\n    \"clientIdentifier\": \"<string>\",\n    \"systemIdentifier\": \"<string>\",\n    \"principalIdentifier\": \"<string>\",\n    \"agentIdentifier\": \"<string>\",\n    \"bankIdentificationNumber\": \"<string>\"\n  },\n  \"publishTopicIdentifier\": \"<string>\",\n  \"common\": {\n    \"user\": \"<string>\",\n    \"agent\": \"4000\",\n    \"cycle\": \"T\",\n    \"clientNumber\": \"1000\",\n    \"system\": \"2000\",\n    \"prin\": \"3000\",\n    \"debug\": \"<boolean>\",\n    \"org\": \"<string>\",\n    \"processor\": \"<boolean>\",\n    \"contentType\": \"<string>\",\n    \"retry\": 0,\n    \"timeout\": 45000,\n    \"siteId\": \"4201\",\n    \"internalOrigin\": \"<boolean>\",\n    \"uuid\": \"a5eac27d-cd89-4096-a331-306480bfee76\",\n    \"rts\": \"<dateTime>\"\n  },\n  \"receivedDate\": \"<string>\",\n  \"callbackTopicIdentifier\": \"<string>\",\n  \"callbackOnError\": \"<boolean>\",\n  \"filterText\": [\n    \"<string>\",\n    \"<string>\"\n  ],\n  \"payloadText\": \"<string>\"\n}"}},"code":455,"header":[{"key":"Content-Type","value":"text/plain"}],"body":"","cookie":[],"_postman_previewlanguage":"text"}],"event":[],"protocolProfileBehavior":{"disableBodyPruning":true}}],"event":[]}],"event":[],"variable":[{"type":"string","value":"https://cat.api.firstdata.com/fs","key":"baseUrl"}],"info":{"_postman_id":"95fdd56c-08f7-45da-8faf-f89d6de14381","name":"fs-devportal-services-1","schema":"https://schema.getpostman.com/json/collection/v2.1.0/collection.json","description":{"content":"Welcome to the Financial Services API documentation","type":"text/plain"}}}