{"item":[{"id":"be5d2aec-128c-4af2-9a09-33959e41f0fa","name":"mctoken/v1","item":[{"id":"db869a90-e9d5-4a72-811a-50fae37b8678","name":"Activate a token for a digitization.","request":{"name":"Activate a token for a digitization.","description":{"content":"Used to activate a token for a digitization that has been approved and provisioned, but requires additional cardholder authentication prior to activation. It is expected that a cardholder will complete the authentication process using an issuer's call center or using an issuer-supplied mobile application, and only then should the issuer use this API to activate the token.","type":"text/plain"},"url":{"path":["mctoken","v1","activate"],"host":["{{baseUrl}}"],"query":[],"variable":[]},"header":[{"key":"Content-Type","value":"application/json"},{"key":"Accept","value":"application/json"}],"method":"POST","auth":null,"body":{"mode":"raw","raw":"{\n  \"common\": {\n    \"user\": \"<string>\",\n    \"agent\": \"<string>\",\n    \"cycle\": \"<string>\",\n    \"clientNumber\": \"<string>\",\n    \"system\": \"<string>\",\n    \"prin\": \"<string>\",\n    \"debug\": \"<boolean>\",\n    \"org\": \"<string>\",\n    \"processor\": \"<boolean>\",\n    \"contentType\": \"<string>\",\n    \"retry\": \"<long>\",\n    \"timeout\": \"<long>\",\n    \"siteId\": \"<string>\",\n    \"internalOrigin\": \"<boolean>\",\n    \"rts\": \"<dateTime>\"\n  },\n  \"TokenUniqueReference\": \"<string>\",\n  \"AuditInfo\": {\n    \"Organization\": \"<string>\",\n    \"UserId\": \"<string>\",\n    \"UserName\": \"<string>\",\n    \"Phone\": \"<string>\"\n  },\n  \"AccountPan\": \"<string>\",\n  \"PaymentAppInstanceId\": \"<string>\",\n  \"CommentText\": \"<string>\",\n  \"ReasonCode\": \"<string>\"\n}","options":{"raw":{"language":"json"}}}},"response":[{"id":"078385c9-6b13-4dc5-9299-9b6a27c31ba8","name":"successful operation","originalRequest":{"url":{"path":["mctoken","v1","activate"],"host":["{{baseUrl}}"],"query":[],"variable":[]},"header":[{"key":"Accept","value":"application/json"}],"method":"POST","body":{"mode":"raw","raw":"{\n  \"common\": {\n    \"user\": \"<string>\",\n    \"agent\": \"4000\",\n    \"cycle\": \"T\",\n    \"clientNumber\": \"1000\",\n    \"system\": \"2000\",\n    \"prin\": \"3000\",\n    \"debug\": \"<boolean>\",\n    \"org\": \"<string>\",\n    \"processor\": \"<boolean>\",\n    \"contentType\": \"<string>\",\n    \"retry\": 0,\n    \"timeout\": 45000,\n    \"siteId\": \"4201\",\n    \"internalOrigin\": \"<boolean>\",\n    \"rts\": \"2024-04-15T09:53:49Z\"\n  },\n  \"TokenUniqueReference\": \"DlB3gyq0hHkZuZECROTi8NNiWyodx6xCzQc2riHBCs7UDIvk\",\n  \"AuditInfo\": {\n    \"Organization\": \"\",\n    \"UserId\": \"zZdk1ujUyzBG7e48XoEswQe59wnZhYWGg9XWc7MIbdx5rkZMGD\",\n    \"UserName\": \"\",\n    \"Phone\": \"DJzo3K9QZAWrCnzLkC7J\"\n  },\n  \"AccountPan\": \"862881789467455\",\n  \"PaymentAppInstanceId\": \"k1j6cy0x9SnMCo7UI97D5ldNigRiAXq8j6FJ2ERtpDSevT9o\",\n  \"CommentText\": \"\",\n  \"ReasonCode\": \"<string>\"\n}","options":{"raw":{"language":"json"}}}},"status":"OK","code":200,"header":[{"key":"Content-Type","value":"application/json"}],"body":"{\n  \"Token\": {\n    \"TokenUniqueReference\": \"ad occaecat\",\n    \"TokenSuffix\": \"exercitation enim\",\n    \"ExpirationDate\": \"adipisicing consequat\",\n    \"DigitizationRequestDateTime\": \"nostrud ipsum sint irure\",\n    \"TokenActivatedDateTime\": \"cupidatat nulla\",\n    \"FinalTokenizationDecision\": \"dolore qui dolore\",\n    \"ActivationCodeExpirationDateTime\": \"id Lorem\",\n    \"CurrentStatusCode\": \"adipisicing nostrud deserunt\",\n    \"CurrentStatusDateTime\": \"esse dolore \",\n    \"ProvisioningStatusCode\": \"Ut fugiat sed\",\n    \"TokenRequestorId\": \"occaecat\",\n    \"TokenRequestorName\": \"ut do sint proident reprehenderit\",\n    \"TokenType\": \"anim ea tempor\",\n    \"WalletId\": \"ut mollit proident\",\n    \"Device\": {\n      \"DeviceId\": \"occaecat laboris\",\n      \"DeviceName\": \"reprehenderit ut\",\n      \"DeviceType\": \"Ut dolor aute non\",\n      \"SecureElementId\": \"incididunt tempor quis\"\n    },\n    \"StorageTechnology\": \"eu quis\",\n    \"CommentId\": \"consequat\",\n    \"CorrelationId\": \"tempor enim ad dolor\"\n  }\n}","cookie":[],"_postman_previewlanguage":"json"}],"event":[],"protocolProfileBehavior":{"disableBodyPruning":true}},{"id":"d56ab72d-5a3d-4981-a5a3-bb490de93ca3","name":"Update Card Art by Product Configuration ID associated to an already provisioned token.","request":{"name":"Update Card Art by Product Configuration ID associated to an already provisioned token.","description":{"content":"To update a specific individual token, the API should be requested using the Token Unique Reference. To update all tokens mapped to a specific Account PAN, the API should be requested using the Account PAN. In either case, updates will only be applied to tokens in ACTIVE or SUSPENDED state, not those in IN PROGRESS or DELETED state. When updating Account PAN Mapping Information, the Account PAN, Expiration Date and Sequence Number, may be updated individually or in any combination. Only information provided will be updated. The account mapping will only update an Account PAN for a new Account PAN when they are both in the same Account Range.","type":"text/plain"},"url":{"path":["mctoken","v1","cardart"],"host":["{{baseUrl}}"],"query":[],"variable":[]},"header":[{"key":"Content-Type","value":"application/json"},{"key":"Accept","value":"application/json"}],"method":"POST","auth":null,"body":{"mode":"raw","raw":"{\n  \"common\": {\n    \"user\": \"<string>\",\n    \"agent\": \"<string>\",\n    \"cycle\": \"<string>\",\n    \"clientNumber\": \"<string>\",\n    \"system\": \"<string>\",\n    \"prin\": \"<string>\",\n    \"debug\": \"<boolean>\",\n    \"org\": \"<string>\",\n    \"processor\": \"<boolean>\",\n    \"contentType\": \"<string>\",\n    \"retry\": \"<long>\",\n    \"timeout\": \"<long>\",\n    \"siteId\": \"<string>\",\n    \"internalOrigin\": \"<boolean>\",\n    \"rts\": \"<dateTime>\"\n  },\n  \"TokenUniqueReference\": \"<string>\",\n  \"AuditInfo\": {\n    \"Organization\": \"<string>\",\n    \"UserId\": \"<string>\",\n    \"UserName\": \"<string>\",\n    \"Phone\": \"<string>\"\n  },\n  \"CurrentAccountPan\": \"<string>\",\n  \"NewAccountPan\": \"<string>\",\n  \"ExpirationDate\": \"<string>\",\n  \"AccountPanSequenceNumber\": \"<string>\",\n  \"IssuerProductConfigurationId\": \"<string>\",\n  \"UpdateWalletProviderIndicator\": \"<string>\",\n  \"CommentText\": \"<string>\"\n}","options":{"raw":{"language":"json"}}}},"response":[{"id":"29ec917c-3ce9-4108-8b5f-b8f9e5f5cbde","name":"successful operation","originalRequest":{"url":{"path":["mctoken","v1","cardart"],"host":["{{baseUrl}}"],"query":[],"variable":[]},"header":[{"key":"Accept","value":"application/json"}],"method":"POST","body":{"mode":"raw","raw":"{\n  \"common\": {\n    \"user\": \"<string>\",\n    \"agent\": \"4000\",\n    \"cycle\": \"T\",\n    \"clientNumber\": \"1000\",\n    \"system\": \"2000\",\n    \"prin\": \"3000\",\n    \"debug\": \"<boolean>\",\n    \"org\": \"<string>\",\n    \"processor\": \"<boolean>\",\n    \"contentType\": \"<string>\",\n    \"retry\": 0,\n    \"timeout\": 45000,\n    \"siteId\": \"4201\",\n    \"internalOrigin\": \"<boolean>\",\n    \"rts\": \"2024-04-15T09:53:49Z\"\n  },\n  \"TokenUniqueReference\": \"c9fIokfzRsR4vYJ7KwhTlAVwwJjSuVpE0goXD6Oki9KJyPOE\",\n  \"AuditInfo\": {\n    \"Organization\": \"\",\n    \"UserId\": \"zZdk1ujUyzBG7e48XoEswQe59wnZhYWGg9XWc7MIbdx5rkZMGD\",\n    \"UserName\": \"\",\n    \"Phone\": \"DJzo3K9QZAWrCnzLkC7J\"\n  },\n  \"CurrentAccountPan\": \"1310980233845\",\n  \"NewAccountPan\": \"934008966\",\n  \"ExpirationDate\": \"1017\",\n  \"AccountPanSequenceNumber\": \"35\",\n  \"IssuerProductConfigurationId\": \"8Q3ia0DERZ\",\n  \"UpdateWalletProviderIndicator\": \"<string>\",\n  \"CommentText\": \"<string>\"\n}","options":{"raw":{"language":"json"}}}},"status":"OK","code":200,"header":[{"key":"Content-Type","value":"application/json"}],"body":"{\n  \"Tokens\": {\n    \"Token\": [\n      {\n        \"TokenUniqueReference\": \"magna quis reprehenderit\",\n        \"TokenSuffix\": \"sunt fugiat\",\n        \"ExpirationDate\": \"reprehenderit dolore pariatur\",\n        \"DigitizationRequestDateTime\": \"quis proident ut qui\",\n        \"TokenActivatedDateTime\": \"amet dolor\",\n        \"FinalTokenizationDecision\": \"reprehenderit occaecat Duis cupidatat ullamco\",\n        \"ActivationCodeExpirationDateTime\": \"deserunt do dolor\",\n        \"CurrentStatusCode\": \"incididunt Excepteur mollit\",\n        \"CurrentStatusDateTime\": \"ad\",\n        \"ProvisioningStatusCode\": \"pariatur ipsum sunt\",\n        \"TokenRequestorId\": \"nostrud Duis aliquip\",\n        \"TokenRequestorName\": \"reprehenderit pariatur ex\",\n        \"TokenType\": \"deserunt\",\n        \"WalletId\": \"culpa amet laborum\",\n        \"Device\": {\n          \"DeviceId\": \"dolor\",\n          \"DeviceName\": \"ea veniam sunt voluptate\",\n          \"DeviceType\": \"velit est veniam\",\n          \"SecureElementId\": \"consequat proident aliquip enim\"\n        },\n        \"StorageTechnology\": \"voluptate veniam\",\n        \"CommentId\": \"est Excepteur deserunt commodo\",\n        \"CorrelationId\": \"ea et quis\"\n      },\n      {\n        \"TokenUniqueReference\": \"nisi\",\n        \"TokenSuffix\": \"ex in in occaecat reprehenderit\",\n        \"ExpirationDate\": \"incididun\",\n        \"DigitizationRequestDateTime\": \"pariatur culpa in\",\n        \"TokenActivatedDateTime\": \"laborum et\",\n        \"FinalTokenizationDecision\": \"Excepteur exercitation fugiat aute\",\n        \"ActivationCodeExpirationDateTime\": \"commodo\",\n        \"CurrentStatusCode\": \"eiusmod cupidatat qui ex\",\n        \"CurrentStatusDateTime\": \"ad dolore ut magna non\",\n        \"ProvisioningStatusCode\": \"sint Ut fugiat\",\n        \"TokenRequestorId\": \"cupidatat enim\",\n        \"TokenRequestorName\": \"ut\",\n        \"TokenType\": \"Ut deserunt dolor\",\n        \"WalletId\": \"nulla proident in velit\",\n        \"Device\": {\n          \"DeviceId\": \"quis eiusmod consectetur ipsum\",\n          \"DeviceName\": \"Excepteur\",\n          \"DeviceType\": \"aliquip sit\",\n          \"SecureElementId\": \"dolor cillum ut\"\n        },\n        \"StorageTechnology\": \"in\",\n        \"CommentId\": \"Duis\",\n        \"CorrelationId\": \"occaecat minim eiusmod\"\n      }\n    ]\n  }\n}","cookie":[],"_postman_previewlanguage":"json"}],"event":[],"protocolProfileBehavior":{"disableBodyPruning":true}},{"id":"01cb5483-6152-4c22-bce8-c2277d758aa6","name":"Delete a token.","request":{"name":"Delete a token.","description":{"content":"Used to delete a token so that it may not initiate any new transactions. All authorizations for a deleted token will be declined. A deleted token may not be returned to an active state.","type":"text/plain"},"url":{"path":["mctoken","v1","delete"],"host":["{{baseUrl}}"],"query":[],"variable":[]},"header":[{"key":"Content-Type","value":"application/json"},{"key":"Accept","value":"application/json"}],"method":"POST","auth":null,"body":{"mode":"raw","raw":"{\n  \"common\": {\n    \"user\": \"<string>\",\n    \"agent\": \"<string>\",\n    \"cycle\": \"<string>\",\n    \"clientNumber\": \"<string>\",\n    \"system\": \"<string>\",\n    \"prin\": \"<string>\",\n    \"debug\": \"<boolean>\",\n    \"org\": \"<string>\",\n    \"processor\": \"<boolean>\",\n    \"contentType\": \"<string>\",\n    \"retry\": \"<long>\",\n    \"timeout\": \"<long>\",\n    \"siteId\": \"<string>\",\n    \"internalOrigin\": \"<boolean>\",\n    \"rts\": \"<dateTime>\"\n  },\n  \"TokenUniqueReference\": \"<string>\",\n  \"AuditInfo\": {\n    \"Organization\": \"<string>\",\n    \"UserId\": \"<string>\",\n    \"UserName\": \"<string>\",\n    \"Phone\": \"<string>\"\n  },\n  \"CommentText\": \"<string>\",\n  \"ReasonCode\": \"<string>\"\n}","options":{"raw":{"language":"json"}}}},"response":[{"id":"93c67023-60dd-43ef-9d9b-9d8ccd40a03d","name":"successful operation","originalRequest":{"url":{"path":["mctoken","v1","delete"],"host":["{{baseUrl}}"],"query":[],"variable":[]},"header":[{"key":"Accept","value":"application/json"}],"method":"POST","body":{"mode":"raw","raw":"{\n  \"common\": {\n    \"user\": \"<string>\",\n    \"agent\": \"4000\",\n    \"cycle\": \"T\",\n    \"clientNumber\": \"1000\",\n    \"system\": \"2000\",\n    \"prin\": \"3000\",\n    \"debug\": \"<boolean>\",\n    \"org\": \"<string>\",\n    \"processor\": \"<boolean>\",\n    \"contentType\": \"<string>\",\n    \"retry\": 0,\n    \"timeout\": 45000,\n    \"siteId\": \"4201\",\n    \"internalOrigin\": \"<boolean>\",\n    \"rts\": \"2024-04-15T09:53:49Z\"\n  },\n  \"TokenUniqueReference\": \"AhJ6BiFNg0RZVAmnolSUeROIvZOM1GPdR6yKVs0VNgZordO3\",\n  \"AuditInfo\": {\n    \"Organization\": \"\",\n    \"UserId\": \"zZdk1ujUyzBG7e48XoEswQe59wnZhYWGg9XWc7MIbdx5rkZMGD\",\n    \"UserName\": \"\",\n    \"Phone\": \"DJzo3K9QZAWrCnzLkC7J\"\n  },\n  \"CommentText\": \"<string>\",\n  \"ReasonCode\": \"<string>\"\n}","options":{"raw":{"language":"json"}}}},"status":"OK","code":200,"header":[{"key":"Content-Type","value":"application/json"}],"body":"{\n  \"Token\": {\n    \"TokenUniqueReference\": \"ad occaecat\",\n    \"TokenSuffix\": \"exercitation enim\",\n    \"ExpirationDate\": \"adipisicing consequat\",\n    \"DigitizationRequestDateTime\": \"nostrud ipsum sint irure\",\n    \"TokenActivatedDateTime\": \"cupidatat nulla\",\n    \"FinalTokenizationDecision\": \"dolore qui dolore\",\n    \"ActivationCodeExpirationDateTime\": \"id Lorem\",\n    \"CurrentStatusCode\": \"adipisicing nostrud deserunt\",\n    \"CurrentStatusDateTime\": \"esse dolore \",\n    \"ProvisioningStatusCode\": \"Ut fugiat sed\",\n    \"TokenRequestorId\": \"occaecat\",\n    \"TokenRequestorName\": \"ut do sint proident reprehenderit\",\n    \"TokenType\": \"anim ea tempor\",\n    \"WalletId\": \"ut mollit proident\",\n    \"Device\": {\n      \"DeviceId\": \"occaecat laboris\",\n      \"DeviceName\": \"reprehenderit ut\",\n      \"DeviceType\": \"Ut dolor aute non\",\n      \"SecureElementId\": \"incididunt tempor quis\"\n    },\n    \"StorageTechnology\": \"eu quis\",\n    \"CommentId\": \"consequat\",\n    \"CorrelationId\": \"tempor enim ad dolor\"\n  }\n}","cookie":[],"_postman_previewlanguage":"json"}],"event":[],"protocolProfileBehavior":{"disableBodyPruning":true}},{"id":"13cb4a28-1d68-44bc-96f8-f00edc91baf6","name":"Search for tokens based on Account PAN and Token Unique Reference.","request":{"name":"Search for tokens based on Account PAN and Token Unique Reference.","description":{"content":"Returns all of the tokens associated with an account according to the scope of the indicated search request criteria. The response includes key state and informational data for each token, including the Token Unique Reference which is needed for subsequent token lifecycle management activities.","type":"text/plain"},"url":{"path":["mctoken","v1","search"],"host":["{{baseUrl}}"],"query":[],"variable":[]},"header":[{"key":"Content-Type","value":"application/json"},{"key":"Accept","value":"application/json"}],"method":"POST","auth":null,"body":{"mode":"raw","raw":"{\n  \"common\": {\n    \"user\": \"<string>\",\n    \"agent\": \"<string>\",\n    \"cycle\": \"<string>\",\n    \"clientNumber\": \"<string>\",\n    \"system\": \"<string>\",\n    \"prin\": \"<string>\",\n    \"debug\": \"<boolean>\",\n    \"org\": \"<string>\",\n    \"processor\": \"<boolean>\",\n    \"contentType\": \"<string>\",\n    \"retry\": \"<long>\",\n    \"timeout\": \"<long>\",\n    \"siteId\": \"<string>\",\n    \"internalOrigin\": \"<boolean>\",\n    \"rts\": \"<dateTime>\"\n  },\n  \"TokenUniqueReference\": \"<string>\",\n  \"AuditInfo\": {\n    \"Organization\": \"<string>\",\n    \"UserId\": \"<string>\",\n    \"UserName\": \"<string>\",\n    \"Phone\": \"<string>\"\n  },\n  \"AccountPan\": \"<string>\",\n  \"ExcludeDeletedIndicator\": \"<boolean>\"\n}","options":{"raw":{"language":"json"}}}},"response":[{"id":"ca81175d-b6db-47fe-901a-4a70f38ec8f1","name":"successful operation","originalRequest":{"url":{"path":["mctoken","v1","search"],"host":["{{baseUrl}}"],"query":[],"variable":[]},"header":[{"key":"Accept","value":"application/json"}],"method":"POST","body":{"mode":"raw","raw":"{\n  \"common\": {\n    \"user\": \"<string>\",\n    \"agent\": \"4000\",\n    \"cycle\": \"T\",\n    \"clientNumber\": \"1000\",\n    \"system\": \"2000\",\n    \"prin\": \"3000\",\n    \"debug\": \"<boolean>\",\n    \"org\": \"<string>\",\n    \"processor\": \"<boolean>\",\n    \"contentType\": \"<string>\",\n    \"retry\": 0,\n    \"timeout\": 45000,\n    \"siteId\": \"4201\",\n    \"internalOrigin\": \"<boolean>\",\n    \"rts\": \"2024-04-15T09:53:49Z\"\n  },\n  \"TokenUniqueReference\": \"YMIm9M6I2OMwLSIVGrYfu8AJporrH9nENHpz8KkQU6Hs0bQW\",\n  \"AuditInfo\": {\n    \"Organization\": \"\",\n    \"UserId\": \"zZdk1ujUyzBG7e48XoEswQe59wnZhYWGg9XWc7MIbdx5rkZMGD\",\n    \"UserName\": \"\",\n    \"Phone\": \"DJzo3K9QZAWrCnzLkC7J\"\n  },\n  \"AccountPan\": \"308965875730746\",\n  \"ExcludeDeletedIndicator\": \"<boolean>\"\n}","options":{"raw":{"language":"json"}}}},"status":"OK","code":200,"header":[{"key":"Content-Type","value":"application/json"}],"body":"{\n  \"enteredId\": \"ea elit ullamco est\",\n  \"Accounts\": {\n    \"Account\": [\n      {\n        \"AccountPanSuffix\": \"in labore\",\n        \"ExpirationDate\": \"et magna elit\",\n        \"Tokens\": {\n          \"Token\": [\n            {\n              \"value\": \"<Error: Too many levels of nesting to fake this schema>\"\n            },\n            {\n              \"value\": \"<Error: Too many levels of nesting to fake this schema>\"\n            }\n          ]\n        }\n      },\n      {\n        \"AccountPanSuffix\": \"in\",\n        \"ExpirationDate\": \"Ut ipsum in minim\",\n        \"Tokens\": {\n          \"Token\": [\n            {\n              \"value\": \"<Error: Too many levels of nesting to fake this schema>\"\n            },\n            {\n              \"value\": \"<Error: Too many levels of nesting to fake this schema>\"\n            }\n          ]\n        }\n      }\n    ]\n  }\n}","cookie":[],"_postman_previewlanguage":"json"}],"event":[],"protocolProfileBehavior":{"disableBodyPruning":true}},{"id":"11e59e98-5d25-4a28-a807-7b230cc8190a","name":"Suspend an active token.","request":{"name":"Suspend an active token.","description":{"content":"Used to suspend an active token so that it may not initiate any new transactions. All authorizations for a suspended token will be declined.","type":"text/plain"},"url":{"path":["mctoken","v1","suspend"],"host":["{{baseUrl}}"],"query":[],"variable":[]},"header":[{"key":"Content-Type","value":"application/json"},{"key":"Accept","value":"application/json"}],"method":"POST","auth":null,"body":{"mode":"raw","raw":"{\n  \"common\": {\n    \"user\": \"<string>\",\n    \"agent\": \"<string>\",\n    \"cycle\": \"<string>\",\n    \"clientNumber\": \"<string>\",\n    \"system\": \"<string>\",\n    \"prin\": \"<string>\",\n    \"debug\": \"<boolean>\",\n    \"org\": \"<string>\",\n    \"processor\": \"<boolean>\",\n    \"contentType\": \"<string>\",\n    \"retry\": \"<long>\",\n    \"timeout\": \"<long>\",\n    \"siteId\": \"<string>\",\n    \"internalOrigin\": \"<boolean>\",\n    \"rts\": \"<dateTime>\"\n  },\n  \"TokenUniqueReference\": \"<string>\",\n  \"AuditInfo\": {\n    \"Organization\": \"<string>\",\n    \"UserId\": \"<string>\",\n    \"UserName\": \"<string>\",\n    \"Phone\": \"<string>\"\n  },\n  \"CommentText\": \"<string>\",\n  \"ReasonCode\": \"<string>\"\n}","options":{"raw":{"language":"json"}}}},"response":[{"id":"fbb633cf-4adb-4417-8de6-09cba9ffc809","name":"successful operation","originalRequest":{"url":{"path":["mctoken","v1","suspend"],"host":["{{baseUrl}}"],"query":[],"variable":[]},"header":[{"key":"Accept","value":"application/json"}],"method":"POST","body":{"mode":"raw","raw":"{\n  \"common\": {\n    \"user\": \"<string>\",\n    \"agent\": \"4000\",\n    \"cycle\": \"T\",\n    \"clientNumber\": \"1000\",\n    \"system\": \"2000\",\n    \"prin\": \"3000\",\n    \"debug\": \"<boolean>\",\n    \"org\": \"<string>\",\n    \"processor\": \"<boolean>\",\n    \"contentType\": \"<string>\",\n    \"retry\": 0,\n    \"timeout\": 45000,\n    \"siteId\": \"4201\",\n    \"internalOrigin\": \"<boolean>\",\n    \"rts\": \"2024-04-15T09:53:49Z\"\n  },\n  \"TokenUniqueReference\": \"AhJ6BiFNg0RZVAmnolSUeROIvZOM1GPdR6yKVs0VNgZordO3\",\n  \"AuditInfo\": {\n    \"Organization\": \"\",\n    \"UserId\": \"zZdk1ujUyzBG7e48XoEswQe59wnZhYWGg9XWc7MIbdx5rkZMGD\",\n    \"UserName\": \"\",\n    \"Phone\": \"DJzo3K9QZAWrCnzLkC7J\"\n  },\n  \"CommentText\": \"<string>\",\n  \"ReasonCode\": \"<string>\"\n}","options":{"raw":{"language":"json"}}}},"status":"OK","code":200,"header":[{"key":"Content-Type","value":"application/json"}],"body":"{\n  \"Token\": {\n    \"TokenUniqueReference\": \"ad occaecat\",\n    \"TokenSuffix\": \"exercitation enim\",\n    \"ExpirationDate\": \"adipisicing consequat\",\n    \"DigitizationRequestDateTime\": \"nostrud ipsum sint irure\",\n    \"TokenActivatedDateTime\": \"cupidatat nulla\",\n    \"FinalTokenizationDecision\": \"dolore qui dolore\",\n    \"ActivationCodeExpirationDateTime\": \"id Lorem\",\n    \"CurrentStatusCode\": \"adipisicing nostrud deserunt\",\n    \"CurrentStatusDateTime\": \"esse dolore \",\n    \"ProvisioningStatusCode\": \"Ut fugiat sed\",\n    \"TokenRequestorId\": \"occaecat\",\n    \"TokenRequestorName\": \"ut do sint proident reprehenderit\",\n    \"TokenType\": \"anim ea tempor\",\n    \"WalletId\": \"ut mollit proident\",\n    \"Device\": {\n      \"DeviceId\": \"occaecat laboris\",\n      \"DeviceName\": \"reprehenderit ut\",\n      \"DeviceType\": \"Ut dolor aute non\",\n      \"SecureElementId\": \"incididunt tempor quis\"\n    },\n    \"StorageTechnology\": \"eu quis\",\n    \"CommentId\": \"consequat\",\n    \"CorrelationId\": \"tempor enim ad dolor\"\n  }\n}","cookie":[],"_postman_previewlanguage":"json"}],"event":[],"protocolProfileBehavior":{"disableBodyPruning":true}},{"id":"84e2ecf2-5401-433d-96aa-b897826384fc","name":"Unsuspend or resume a suspended token.","request":{"name":"Unsuspend or resume a suspended token.","description":{"content":"Used to unsuspend or resume a suspended token and return it to the active state where it may initiate new transactions.","type":"text/plain"},"url":{"path":["mctoken","v1","unsuspend"],"host":["{{baseUrl}}"],"query":[],"variable":[]},"header":[{"key":"Content-Type","value":"application/json"},{"key":"Accept","value":"application/json"}],"method":"POST","auth":null,"body":{"mode":"raw","raw":"{\n  \"common\": {\n    \"user\": \"<string>\",\n    \"agent\": \"<string>\",\n    \"cycle\": \"<string>\",\n    \"clientNumber\": \"<string>\",\n    \"system\": \"<string>\",\n    \"prin\": \"<string>\",\n    \"debug\": \"<boolean>\",\n    \"org\": \"<string>\",\n    \"processor\": \"<boolean>\",\n    \"contentType\": \"<string>\",\n    \"retry\": \"<long>\",\n    \"timeout\": \"<long>\",\n    \"siteId\": \"<string>\",\n    \"internalOrigin\": \"<boolean>\",\n    \"rts\": \"<dateTime>\"\n  },\n  \"TokenUniqueReference\": \"<string>\",\n  \"AuditInfo\": {\n    \"Organization\": \"<string>\",\n    \"UserId\": \"<string>\",\n    \"UserName\": \"<string>\",\n    \"Phone\": \"<string>\"\n  },\n  \"CommentText\": \"<string>\",\n  \"ReasonCode\": \"<string>\"\n}","options":{"raw":{"language":"json"}}}},"response":[{"id":"def80385-7eba-412f-9eb0-b7b90a375f1a","name":"successful operation","originalRequest":{"url":{"path":["mctoken","v1","unsuspend"],"host":["{{baseUrl}}"],"query":[],"variable":[]},"header":[{"key":"Accept","value":"application/json"}],"method":"POST","body":{"mode":"raw","raw":"{\n  \"common\": {\n    \"user\": \"<string>\",\n    \"agent\": \"4000\",\n    \"cycle\": \"T\",\n    \"clientNumber\": \"1000\",\n    \"system\": \"2000\",\n    \"prin\": \"3000\",\n    \"debug\": \"<boolean>\",\n    \"org\": \"<string>\",\n    \"processor\": \"<boolean>\",\n    \"contentType\": \"<string>\",\n    \"retry\": 0,\n    \"timeout\": 45000,\n    \"siteId\": \"4201\",\n    \"internalOrigin\": \"<boolean>\",\n    \"rts\": \"2024-04-15T09:53:49Z\"\n  },\n  \"TokenUniqueReference\": \"AhJ6BiFNg0RZVAmnolSUeROIvZOM1GPdR6yKVs0VNgZordO3\",\n  \"AuditInfo\": {\n    \"Organization\": \"\",\n    \"UserId\": \"zZdk1ujUyzBG7e48XoEswQe59wnZhYWGg9XWc7MIbdx5rkZMGD\",\n    \"UserName\": \"\",\n    \"Phone\": \"DJzo3K9QZAWrCnzLkC7J\"\n  },\n  \"CommentText\": \"<string>\",\n  \"ReasonCode\": \"<string>\"\n}","options":{"raw":{"language":"json"}}}},"status":"OK","code":200,"header":[{"key":"Content-Type","value":"application/json"}],"body":"{\n  \"Token\": {\n    \"TokenUniqueReference\": \"ad occaecat\",\n    \"TokenSuffix\": \"exercitation enim\",\n    \"ExpirationDate\": \"adipisicing consequat\",\n    \"DigitizationRequestDateTime\": \"nostrud ipsum sint irure\",\n    \"TokenActivatedDateTime\": \"cupidatat nulla\",\n    \"FinalTokenizationDecision\": \"dolore qui dolore\",\n    \"ActivationCodeExpirationDateTime\": \"id Lorem\",\n    \"CurrentStatusCode\": \"adipisicing nostrud deserunt\",\n    \"CurrentStatusDateTime\": \"esse dolore \",\n    \"ProvisioningStatusCode\": \"Ut fugiat sed\",\n    \"TokenRequestorId\": \"occaecat\",\n    \"TokenRequestorName\": \"ut do sint proident reprehenderit\",\n    \"TokenType\": \"anim ea tempor\",\n    \"WalletId\": \"ut mollit proident\",\n    \"Device\": {\n      \"DeviceId\": \"occaecat laboris\",\n      \"DeviceName\": \"reprehenderit ut\",\n      \"DeviceType\": \"Ut dolor aute non\",\n      \"SecureElementId\": \"incididunt tempor quis\"\n    },\n    \"StorageTechnology\": \"eu quis\",\n    \"CommentId\": \"consequat\",\n    \"CorrelationId\": \"tempor enim ad dolor\"\n  }\n}","cookie":[],"_postman_previewlanguage":"json"}],"event":[],"protocolProfileBehavior":{"disableBodyPruning":true}},{"id":"c506e186-f14b-4bdf-a2ac-29d212d9548c","name":"Update Account PAN mapping information or Issuer Product Configuration ID associated to an already provisioned token.","request":{"name":"Update Account PAN mapping information or Issuer Product Configuration ID associated to an already provisioned token.","description":{"content":"To update a specific individual token, the API should be requested using the Token Unique Reference. To update all tokens mapped to a specific Account PAN, the API should be requested using the Account PAN. In either case, updates will only be applied to tokens in ACTIVE or SUSPENDED state, not those in IN PROGRESS or DELETED state. When updating Account PAN Mapping Information, the Account PAN, Expiration Date and Sequence Number, may be updated individually or in any combination. Only information provided will be updated. The account mapping will only update an Account PAN for a new Account PAN when they are both in the same Account Range.","type":"text/plain"},"url":{"path":["mctoken","v1","update"],"host":["{{baseUrl}}"],"query":[],"variable":[]},"header":[{"key":"Content-Type","value":"application/json"},{"key":"Accept","value":"application/json"}],"method":"POST","auth":null,"body":{"mode":"raw","raw":"{\n  \"common\": {\n    \"user\": \"<string>\",\n    \"agent\": \"<string>\",\n    \"cycle\": \"<string>\",\n    \"clientNumber\": \"<string>\",\n    \"system\": \"<string>\",\n    \"prin\": \"<string>\",\n    \"debug\": \"<boolean>\",\n    \"org\": \"<string>\",\n    \"processor\": \"<boolean>\",\n    \"contentType\": \"<string>\",\n    \"retry\": \"<long>\",\n    \"timeout\": \"<long>\",\n    \"siteId\": \"<string>\",\n    \"internalOrigin\": \"<boolean>\",\n    \"rts\": \"<dateTime>\"\n  },\n  \"TokenUniqueReference\": \"<string>\",\n  \"AuditInfo\": {\n    \"Organization\": \"<string>\",\n    \"UserId\": \"<string>\",\n    \"UserName\": \"<string>\",\n    \"Phone\": \"<string>\"\n  },\n  \"CurrentAccountPan\": \"<string>\",\n  \"NewAccountPan\": \"<string>\",\n  \"ExpirationDate\": \"<string>\",\n  \"AccountPanSequenceNumber\": \"<string>\",\n  \"IssuerProductConfigurationId\": \"<string>\",\n  \"UpdateWalletProviderIndicator\": \"<string>\",\n  \"CommentText\": \"<string>\"\n}","options":{"raw":{"language":"json"}}}},"response":[{"id":"71f1494a-52dd-4e5d-b2fb-cbf8efb571b4","name":"successful operation","originalRequest":{"url":{"path":["mctoken","v1","update"],"host":["{{baseUrl}}"],"query":[],"variable":[]},"header":[{"key":"Accept","value":"application/json"}],"method":"POST","body":{"mode":"raw","raw":"{\n  \"common\": {\n    \"user\": \"<string>\",\n    \"agent\": \"4000\",\n    \"cycle\": \"T\",\n    \"clientNumber\": \"1000\",\n    \"system\": \"2000\",\n    \"prin\": \"3000\",\n    \"debug\": \"<boolean>\",\n    \"org\": \"<string>\",\n    \"processor\": \"<boolean>\",\n    \"contentType\": \"<string>\",\n    \"retry\": 0,\n    \"timeout\": 45000,\n    \"siteId\": \"4201\",\n    \"internalOrigin\": \"<boolean>\",\n    \"rts\": \"2024-04-15T09:53:49Z\"\n  },\n  \"TokenUniqueReference\": \"c9fIokfzRsR4vYJ7KwhTlAVwwJjSuVpE0goXD6Oki9KJyPOE\",\n  \"AuditInfo\": {\n    \"Organization\": \"\",\n    \"UserId\": \"zZdk1ujUyzBG7e48XoEswQe59wnZhYWGg9XWc7MIbdx5rkZMGD\",\n    \"UserName\": \"\",\n    \"Phone\": \"DJzo3K9QZAWrCnzLkC7J\"\n  },\n  \"CurrentAccountPan\": \"1310980233845\",\n  \"NewAccountPan\": \"934008966\",\n  \"ExpirationDate\": \"1017\",\n  \"AccountPanSequenceNumber\": \"35\",\n  \"IssuerProductConfigurationId\": \"8Q3ia0DERZ\",\n  \"UpdateWalletProviderIndicator\": \"<string>\",\n  \"CommentText\": \"<string>\"\n}","options":{"raw":{"language":"json"}}}},"status":"OK","code":200,"header":[{"key":"Content-Type","value":"application/json"}],"body":"{\n  \"Tokens\": {\n    \"Token\": [\n      {\n        \"TokenUniqueReference\": \"et eu id\",\n        \"TokenSuffix\": \"aute aliquip consectetur\",\n        \"ExpirationDate\": \"aute mollit veniam occaecat\",\n        \"DigitizationRequestDateTime\": \"et sed culpa\",\n        \"TokenActivatedDateTime\": \"aliqua ea amet\",\n        \"FinalTokenizationDecision\": \"nisi non\",\n        \"ActivationCodeExpirationDateTime\": \"ullamco ut mollit\",\n        \"CurrentStatusCode\": \"Duis ut\",\n        \"CurrentStatusDateTime\": \"qui incididunt dol\",\n        \"ProvisioningStatusCode\": \"est\",\n        \"TokenRequestorId\": \"cupidatat cillum sint\",\n        \"TokenRequestorName\": \"magna enim Ut\",\n        \"TokenType\": \"in\",\n        \"WalletId\": \"consectetur aliqua\",\n        \"Device\": {\n          \"DeviceId\": \"Ut laboris ut\",\n          \"DeviceName\": \"deserunt dolore in pariatur\",\n          \"DeviceType\": \"non dolor in sunt ex\",\n          \"SecureElementId\": \"pr\"\n        },\n        \"StorageTechnology\": \"voluptate sed\",\n        \"CommentId\": \"dolore eiusmod non laboris\",\n        \"CorrelationId\": \"ut occaecat\"\n      },\n      {\n        \"TokenUniqueReference\": \"tempor\",\n        \"TokenSuffix\": \"in\",\n        \"ExpirationDate\": \"laboris sint ex tempor\",\n        \"DigitizationRequestDateTime\": \"ut\",\n        \"TokenActivatedDateTime\": \"amet cillum qui aliqua\",\n        \"FinalTokenizationDecision\": \"ipsum veniam\",\n        \"ActivationCodeExpirationDateTime\": \"sint mollit dolor\",\n        \"CurrentStatusCode\": \"ex dolor officia qui non\",\n        \"CurrentStatusDateTime\": \"magna sit\",\n        \"ProvisioningStatusCode\": \"dolor magna\",\n        \"TokenRequestorId\": \"reprehenderit offici\",\n        \"TokenRequestorName\": \"proident nisi exercitation adipisicing\",\n        \"TokenType\": \"laboris amet enim consequat sed\",\n        \"WalletId\": \"nisi minim elit\",\n        \"Device\": {\n          \"DeviceId\": \"do\",\n          \"DeviceName\": \"minim laborum\",\n          \"DeviceType\": \"reprehenderit\",\n          \"SecureElementId\": \"ea in elit nisi\"\n        },\n        \"StorageTechnology\": \"nostrud Ut proid\",\n        \"CommentId\": \"amet nisi magna tempor officia\",\n        \"CorrelationId\": \"nostrud irure veniam\"\n      }\n    ]\n  }\n}","cookie":[],"_postman_previewlanguage":"json"}],"event":[],"protocolProfileBehavior":{"disableBodyPruning":true}}],"event":[]}],"event":[],"variable":[{"type":"string","value":"https://cat.api.firstdata.com/fs","key":"baseUrl"}],"info":{"_postman_id":"7325d03b-8fb2-43b3-b806-0338bd185b4c","name":"fs-devportal-services-1","schema":"https://schema.getpostman.com/json/collection/v2.1.0/collection.json","description":{"content":"Welcome to the Financial Services API documentation","type":"text/plain"}}}