{"item":[{"id":"8ed39551-49b7-4771-9748-09f5fbfc99bd","name":"ORTBMONT DB2","request":{"name":"ORTBMONT DB2","description":{"content":"This API will be used for posting sales, returns and cash advance monetary transactions to an account. In order for the monetary to be posted to the account during nightly cycle, it must be received by 3:45 PM CT. All sales, returns and cash advances submitted via this API will be turned into a TAPTRANS and sent to nightly processing. Data will be inserted into different databases based on the cycle in the request. Required Fields: cycle, clientId and other fields.","type":"text/plain"},"url":{"path":["monetaryservices","v1","monetaryUpdate"],"host":["{{baseUrl}}"],"query":[],"variable":[]},"header":[{"key":"Content-Type","value":"application/json"},{"key":"Accept","value":"application/json"}],"method":"POST","auth":null,"body":{"mode":"raw","raw":"{\n  \"accountNumber\": \"<string>\",\n  \"clientNumber\": \"<string>\",\n  \"merchantId\": \"<string>\",\n  \"principalNumber\": \"<string>\",\n  \"systemNumber\": \"<string>\",\n  \"transactionDetail\": {\n    \"postingDate\": \"<string>\",\n    \"totalAmount\": \"<string>\",\n    \"transactionType\": \"<string>\",\n    \"orderNumber\": \"<string>\",\n    \"invoiceCode\": \"<string>\",\n    \"storeNumber\": \"<string>\",\n    \"registerNumber\": \"<string>\",\n    \"transactionNumber\": \"<string>\",\n    \"subTotalAmount\": \"<string>\",\n    \"taxAmount\": \"<string>\",\n    \"taxRate\": \"<string>\",\n    \"shipmentComplete\": \"<string>\",\n    \"upgrade\": \"<string>\",\n    \"promoId\": \"<string>\",\n    \"balanceId\": \"<string>\",\n    \"transactionGroupId\": \"<string>\",\n    \"termsCode\": \"<string>\",\n    \"authorizationCode\": \"<string>\"\n  },\n  \"common\": {\n    \"user\": \"<string>\",\n    \"agent\": \"<string>\",\n    \"cycle\": \"<string>\",\n    \"clientNumber\": \"<string>\",\n    \"system\": \"<string>\",\n    \"prin\": \"<string>\",\n    \"debug\": \"<boolean>\",\n    \"org\": \"<string>\",\n    \"processor\": \"<boolean>\",\n    \"contentType\": \"<string>\",\n    \"retry\": \"<long>\",\n    \"timeout\": \"<long>\",\n    \"siteId\": \"<string>\",\n    \"externalCustomerId\": \"<string>\",\n    \"accountId\": \"<string>\",\n    \"presentationId\": \"<string>\"\n  },\n  \"rjeIdentifier\": \"<string>\",\n  \"itemDetailList\": [\n    {\n      \"shippingDetail\": {\n        \"customerName\": \"<string>\",\n        \"addressLine1\": \"<string>\",\n        \"addressLine2\": \"<string>\",\n        \"addressLine3\": \"<string>\",\n        \"city\": \"<string>\",\n        \"state\": \"<string>\",\n        \"postalCode\": \"<string>\"\n      },\n      \"customerOrderIdentifier\": \"<string>\",\n      \"quantity\": \"<string>\",\n      \"sku\": \"<string>\",\n      \"skuDescription\": \"<string>\",\n      \"upcCode\": \"<string>\",\n      \"partNumber\": \"<string>\",\n      \"department\": \"<string>\",\n      \"classification\": \"<string>\",\n      \"unitPrice\": \"<string>\",\n      \"extendedAmount\": \"<string>\",\n      \"itemTaxAmount\": \"<string>\",\n      \"itemTotalAmount\": \"<string>\"\n    },\n    {\n      \"shippingDetail\": {\n        \"customerName\": \"<string>\",\n        \"addressLine1\": \"<string>\",\n        \"addressLine2\": \"<string>\",\n        \"addressLine3\": \"<string>\",\n        \"city\": \"<string>\",\n        \"state\": \"<string>\",\n        \"postalCode\": \"<string>\"\n      },\n      \"customerOrderIdentifier\": \"<string>\",\n      \"quantity\": \"<string>\",\n      \"sku\": \"<string>\",\n      \"skuDescription\": \"<string>\",\n      \"upcCode\": \"<string>\",\n      \"partNumber\": \"<string>\",\n      \"department\": \"<string>\",\n      \"classification\": \"<string>\",\n      \"unitPrice\": \"<string>\",\n      \"extendedAmount\": \"<string>\",\n      \"itemTaxAmount\": \"<string>\",\n      \"itemTotalAmount\": \"<string>\"\n    }\n  ]\n}","options":{"raw":{"language":"json"}}}},"response":[{"id":"6eeba137-8afc-459c-9e79-7f8c3b1f34ce","name":"successful operation","originalRequest":{"url":{"path":["monetaryservices","v1","monetaryUpdate"],"host":["{{baseUrl}}"],"query":[],"variable":[]},"header":[{"key":"Accept","value":"application/json"}],"method":"POST","body":{"mode":"raw","raw":"{\n  \"accountNumber\": \"61\",\n  \"clientNumber\": \"5370\",\n  \"merchantId\": \"3080\",\n  \"principalNumber\": \"1080\",\n  \"systemNumber\": \"1607\",\n  \"transactionDetail\": {\n    \"postingDate\": \"405697\",\n    \"totalAmount\": \"3171889.74\",\n    \"transactionType\": \"R\",\n    \"orderNumber\": \"MBTKRXtr9OtpqXp779mN\",\n    \"invoiceCode\": \"SKdcirxzdCURdp8YM\",\n    \"storeNumber\": \"0\",\n    \"registerNumber\": \"68\",\n    \"transactionNumber\": \"\",\n    \"subTotalAmount\": \"6327.85\",\n    \"taxAmount\": \"42.02\",\n    \"taxRate\": \"25.19\",\n    \"shipmentComplete\": \"N\",\n    \"upgrade\": \"N\",\n    \"promoId\": \"hu8UZVs6\",\n    \"balanceId\": \"459464\",\n    \"transactionGroupId\": \"nATpszz4\",\n    \"termsCode\": \"abUr\",\n    \"authorizationCode\": \"48IzTqhSlduqpkW0KknmY0R4ewDX111tI7xtMJ4Xc6Rbw\"\n  },\n  \"common\": {\n    \"user\": \"<string>\",\n    \"agent\": \"4000\",\n    \"cycle\": \"T\",\n    \"clientNumber\": \"1000\",\n    \"system\": \"2000\",\n    \"prin\": \"3000\",\n    \"debug\": \"<boolean>\",\n    \"org\": \"<string>\",\n    \"processor\": \"<boolean>\",\n    \"contentType\": \"<string>\",\n    \"retry\": 0,\n    \"timeout\": 45000,\n    \"siteId\": \"4201\",\n    \"externalCustomerId\": \"<string>\",\n    \"accountId\": \"8888888888888888\",\n    \"presentationId\": \"<string>\"\n  },\n  \"rjeIdentifier\": \"jbRuybnIP2YGZi\",\n  \"itemDetailList\": [\n    {\n      \"shippingDetail\": {\n        \"customerName\": \"XPUikoMmLjxL9PSYzXp2ZzdEh\",\n        \"addressLine1\": \"bsWlvY0haaqAIuuZvSRpt7j8ph0PN2kqWcwR\",\n        \"addressLine2\": \"xWwWpHk5cyTQZiUeR00lWg5XOAN8n5JCuSgB\",\n        \"addressLine3\": \"fbxuBSwPCc\",\n        \"city\": \"6h36uRxtWoxiuQlooQHyUnLsZ\",\n        \"state\": \"IN\",\n        \"postalCode\": \"zlWcFh2IG\"\n      },\n      \"customerOrderIdentifier\": \"0\",\n      \"quantity\": \"233293.40\",\n      \"sku\": \"NXSirE4ONLqqor4jqiBWlnmGM\",\n      \"skuDescription\": \"GqrQksgf4vhoblxiyICwMyuS59jLUh\",\n      \"upcCode\": \"kUhO9kAo09mKUpyYVOJt\",\n      \"partNumber\": \"N95b6EQmOdJfvhD0JlEi\",\n      \"department\": \"79jX\",\n      \"classification\": \"iHbA\",\n      \"unitPrice\": \"0523.77\",\n      \"extendedAmount\": \"997.01\",\n      \"itemTaxAmount\": \"315.60\",\n      \"itemTotalAmount\": \"481818888.98\"\n    },\n    {\n      \"shippingDetail\": {\n        \"customerName\": \"XPUikoMmLjxL9PSYzXp2ZzdEh\",\n        \"addressLine1\": \"bsWlvY0haaqAIuuZvSRpt7j8ph0PN2kqWcwR\",\n        \"addressLine2\": \"xWwWpHk5cyTQZiUeR00lWg5XOAN8n5JCuSgB\",\n        \"addressLine3\": \"fbxuBSwPCc\",\n        \"city\": \"6h36uRxtWoxiuQlooQHyUnLsZ\",\n        \"state\": \"IN\",\n        \"postalCode\": \"zlWcFh2IG\"\n      },\n      \"customerOrderIdentifier\": \"0\",\n      \"quantity\": \"233293.40\",\n      \"sku\": \"NXSirE4ONLqqor4jqiBWlnmGM\",\n      \"skuDescription\": \"GqrQksgf4vhoblxiyICwMyuS59jLUh\",\n      \"upcCode\": \"kUhO9kAo09mKUpyYVOJt\",\n      \"partNumber\": \"N95b6EQmOdJfvhD0JlEi\",\n      \"department\": \"79jX\",\n      \"classification\": \"iHbA\",\n      \"unitPrice\": \"0523.77\",\n      \"extendedAmount\": \"997.01\",\n      \"itemTaxAmount\": \"315.60\",\n      \"itemTotalAmount\": \"481818888.98\"\n    }\n  ]\n}","options":{"raw":{"language":"json"}}}},"status":"OK","code":200,"header":[{"key":"Content-Type","value":"application/json"}],"body":"{\n  \"processorInfo\": {\n    \"system\": \"et comm\",\n    \"cycle\": \"et exercitation mollit quis ea\",\n    \"tor\": \"Ut\",\n    \"mode\": \"exercitation commodo nisi labore dolor\"\n  },\n  \"messages\": [\n    {\n      \"resultCode\": \"sed\",\n      \"messageText\": \"dolore Ut ad\",\n      \"transactionStatus\": \"do est\"\n    },\n    {\n      \"resultCode\": \"dolor sint magna\",\n      \"messageText\": \"aliqua Ut tempor ex\",\n      \"transactionStatus\": \"Lorem consectetur enim ut magna\"\n    }\n  ]\n}","cookie":[],"_postman_previewlanguage":"json"}],"event":[],"protocolProfileBehavior":{"disableBodyPruning":true}}],"event":[],"variable":[{"type":"string","value":"https://cat.api.firstdata.com/fs","key":"baseUrl"}],"info":{"_postman_id":"da5245e2-391e-4e1b-a89e-1f188b06c2db","name":"fs-devportal-services-1","schema":"https://schema.getpostman.com/json/collection/v2.1.0/collection.json","description":{"content":"Welcome to the Financial Services API documentation","type":"text/plain"}}}