{"item":[{"id":"46238ed3-9f99-48ea-b475-3658e3a234be","name":"ORTBMONT DB2","request":{"name":"ORTBMONT DB2","description":{"content":"This API will be used for posting sales, returns and cash advance monetary transactions to an account. In order for the monetary to be posted to the account during nightly cycle, it must be received by 3:45 PM CT. All sales, returns and cash advances submitted via this API will be turned into a TAPTRANS and sent to nightly processing. Data will be inserted into different databases based on the cycle in the request. Required Fields: cycle, clientId and other fields.","type":"text/plain"},"url":{"path":["monetaryservices","v1","monetaryUpdate"],"host":["{{baseUrl}}"],"query":[],"variable":[]},"header":[{"key":"Content-Type","value":"application/json"},{"key":"Accept","value":"application/json"}],"method":"POST","auth":null,"body":{"mode":"raw","raw":"{\n  \"accountNumber\": \"<string>\",\n  \"clientNumber\": \"<string>\",\n  \"merchantId\": \"<string>\",\n  \"principalNumber\": \"<string>\",\n  \"systemNumber\": \"<string>\",\n  \"transactionDetail\": {\n    \"postingDate\": \"<string>\",\n    \"totalAmount\": \"<string>\",\n    \"transactionType\": \"<string>\",\n    \"orderNumber\": \"<string>\",\n    \"invoiceCode\": \"<string>\",\n    \"storeNumber\": \"<string>\",\n    \"registerNumber\": \"<string>\",\n    \"transactionNumber\": \"<string>\",\n    \"subTotalAmount\": \"<string>\",\n    \"taxAmount\": \"<string>\",\n    \"taxRate\": \"<string>\",\n    \"shipmentComplete\": \"<string>\",\n    \"upgrade\": \"<string>\",\n    \"promoId\": \"<string>\",\n    \"balanceId\": \"<string>\",\n    \"transactionGroupId\": \"<string>\",\n    \"termsCode\": \"<string>\",\n    \"authorizationCode\": \"<string>\"\n  },\n  \"common\": {\n    \"user\": \"<string>\",\n    \"agent\": \"<string>\",\n    \"cycle\": \"<string>\",\n    \"clientNumber\": \"<string>\",\n    \"system\": \"<string>\",\n    \"prin\": \"<string>\",\n    \"debug\": \"<boolean>\",\n    \"org\": \"<string>\",\n    \"processor\": \"<boolean>\",\n    \"contentType\": \"<string>\",\n    \"retry\": \"<long>\",\n    \"timeout\": \"<long>\",\n    \"siteId\": \"<string>\",\n    \"externalCustomerId\": \"<string>\",\n    \"accountId\": \"<string>\",\n    \"presentationId\": \"<string>\"\n  },\n  \"rjeIdentifier\": \"<string>\",\n  \"itemDetailList\": [\n    {\n      \"shippingDetail\": {\n        \"customerName\": \"<string>\",\n        \"addressLine1\": \"<string>\",\n        \"addressLine2\": \"<string>\",\n        \"addressLine3\": \"<string>\",\n        \"city\": \"<string>\",\n        \"state\": \"<string>\",\n        \"postalCode\": \"<string>\"\n      },\n      \"customerOrderIdentifier\": \"<string>\",\n      \"quantity\": \"<string>\",\n      \"sku\": \"<string>\",\n      \"skuDescription\": \"<string>\",\n      \"upcCode\": \"<string>\",\n      \"partNumber\": \"<string>\",\n      \"department\": \"<string>\",\n      \"classification\": \"<string>\",\n      \"unitPrice\": \"<string>\",\n      \"extendedAmount\": \"<string>\",\n      \"itemTaxAmount\": \"<string>\",\n      \"itemTotalAmount\": \"<string>\"\n    },\n    {\n      \"shippingDetail\": {\n        \"customerName\": \"<string>\",\n        \"addressLine1\": \"<string>\",\n        \"addressLine2\": \"<string>\",\n        \"addressLine3\": \"<string>\",\n        \"city\": \"<string>\",\n        \"state\": \"<string>\",\n        \"postalCode\": \"<string>\"\n      },\n      \"customerOrderIdentifier\": \"<string>\",\n      \"quantity\": \"<string>\",\n      \"sku\": \"<string>\",\n      \"skuDescription\": \"<string>\",\n      \"upcCode\": \"<string>\",\n      \"partNumber\": \"<string>\",\n      \"department\": \"<string>\",\n      \"classification\": \"<string>\",\n      \"unitPrice\": \"<string>\",\n      \"extendedAmount\": \"<string>\",\n      \"itemTaxAmount\": \"<string>\",\n      \"itemTotalAmount\": \"<string>\"\n    }\n  ]\n}","options":{"raw":{"language":"json"}}}},"response":[{"id":"4a71ca2f-8d8b-48a2-a903-7a9513f893c9","name":"successful operation","originalRequest":{"url":{"path":["monetaryservices","v1","monetaryUpdate"],"host":["{{baseUrl}}"],"query":[],"variable":[]},"header":[{"key":"Accept","value":"application/json"}],"method":"POST","body":{"mode":"raw","raw":"{\n  \"accountNumber\": \"60100033382395545028459\",\n  \"clientNumber\": \"6186\",\n  \"merchantId\": \"163302\",\n  \"principalNumber\": \"8098\",\n  \"systemNumber\": \"8719\",\n  \"transactionDetail\": {\n    \"postingDate\": \"655417\",\n    \"totalAmount\": \"45752684.93\",\n    \"transactionType\": \"R\",\n    \"orderNumber\": \"6sdDvwznRfwexGi9AU6G\",\n    \"invoiceCode\": \"eflCyAQNjO0kgr8c0\",\n    \"storeNumber\": \"267\",\n    \"registerNumber\": \"8\",\n    \"transactionNumber\": \"7848\",\n    \"subTotalAmount\": \"71148374520.00\",\n    \"taxAmount\": \"5.57\",\n    \"taxRate\": \"52.91\",\n    \"shipmentComplete\": \"Y\",\n    \"upgrade\": \"Y\",\n    \"promoId\": \"CZ3PKTEZ\",\n    \"balanceId\": \"7754\",\n    \"transactionGroupId\": \"YyyUcOTp\",\n    \"termsCode\": \"oW8a\",\n    \"authorizationCode\": \"K2uJzEMKyKo7KH6fTKK44y1tH6S2P3pjZ16o7MO40hxuRdhTijyukilRCtfszpxMeixIxpwU2rDCVDjbL0GADjNfz2MiYUrB\"\n  },\n  \"common\": {\n    \"user\": \"<string>\",\n    \"agent\": \"4000\",\n    \"cycle\": \"T\",\n    \"clientNumber\": \"1000\",\n    \"system\": \"2000\",\n    \"prin\": \"3000\",\n    \"debug\": \"<boolean>\",\n    \"org\": \"<string>\",\n    \"processor\": \"<boolean>\",\n    \"contentType\": \"<string>\",\n    \"retry\": 0,\n    \"timeout\": 45000,\n    \"siteId\": \"4201\",\n    \"externalCustomerId\": \"<string>\",\n    \"accountId\": \"8888888888888888\",\n    \"presentationId\": \"<string>\"\n  },\n  \"rjeIdentifier\": \"wXC8gFuHmGEXwV1cOD9etQJ8h0rMq61WQaI5r9by4rYeUhX6yXRt7hunctQs4NWk\",\n  \"itemDetailList\": [\n    {\n      \"shippingDetail\": {\n        \"customerName\": \"Rb3jGTyKET5Jo6quGjk9oFoiS\",\n        \"addressLine1\": \"ywHQ0EdZMswwX28I8X4f9B5WpcQJxVHnqpGY\",\n        \"addressLine2\": \"XSWZwPLEW64WToeNmSHrLfdDsZuJDdLho1uW\",\n        \"addressLine3\": \"ydnPEELLsA\",\n        \"city\": \"wJ6HzC4r2j2Ym6UywvTJE5rU5\",\n        \"state\": \"te\",\n        \"postalCode\": \"NGwZxWDPW\"\n      },\n      \"customerOrderIdentifier\": \"5318913\",\n      \"quantity\": \"6042463.72\",\n      \"sku\": \"kosAuZMxTDj9r9Hq8qmJw2Ov9\",\n      \"skuDescription\": \"8mj5QFfCWqZ2MIyZuWzZW2uMMiqK0Q\",\n      \"upcCode\": \"MOf6GJZrDISEmwBeldj9\",\n      \"partNumber\": \"W9xUsRk6VCcFWOZNocCb\",\n      \"department\": \"ZuE8\",\n      \"classification\": \"rZLC\",\n      \"unitPrice\": \"268.60\",\n      \"extendedAmount\": \"74796.02\",\n      \"itemTaxAmount\": \"779.08\",\n      \"itemTotalAmount\": \"546.68\"\n    },\n    {\n      \"shippingDetail\": {\n        \"customerName\": \"Rb3jGTyKET5Jo6quGjk9oFoiS\",\n        \"addressLine1\": \"ywHQ0EdZMswwX28I8X4f9B5WpcQJxVHnqpGY\",\n        \"addressLine2\": \"XSWZwPLEW64WToeNmSHrLfdDsZuJDdLho1uW\",\n        \"addressLine3\": \"ydnPEELLsA\",\n        \"city\": \"wJ6HzC4r2j2Ym6UywvTJE5rU5\",\n        \"state\": \"te\",\n        \"postalCode\": \"NGwZxWDPW\"\n      },\n      \"customerOrderIdentifier\": \"5318913\",\n      \"quantity\": \"6042463.72\",\n      \"sku\": \"kosAuZMxTDj9r9Hq8qmJw2Ov9\",\n      \"skuDescription\": \"8mj5QFfCWqZ2MIyZuWzZW2uMMiqK0Q\",\n      \"upcCode\": \"MOf6GJZrDISEmwBeldj9\",\n      \"partNumber\": \"W9xUsRk6VCcFWOZNocCb\",\n      \"department\": \"ZuE8\",\n      \"classification\": \"rZLC\",\n      \"unitPrice\": \"268.60\",\n      \"extendedAmount\": \"74796.02\",\n      \"itemTaxAmount\": \"779.08\",\n      \"itemTotalAmount\": \"546.68\"\n    }\n  ]\n}","options":{"raw":{"language":"json"}}}},"status":"OK","code":200,"header":[{"key":"Content-Type","value":"application/json"}],"body":"{\n  \"processorInfo\": {\n    \"system\": \"id nisi\",\n    \"cycle\": \"ipsum dolor a\",\n    \"tor\": \"dolor dolor sint adipisicing occaecat\",\n    \"mode\": \"consequat dolore adipisicing irure qui\"\n  },\n  \"messages\": [\n    {\n      \"resultCode\": \"dolor minim commodo mollit\",\n      \"messageText\": \"nulla elit ir\",\n      \"transactionStatus\": \"eu\"\n    },\n    {\n      \"resultCode\": \"non id et\",\n      \"messageText\": \"nisi magna elit laborum\",\n      \"transactionStatus\": \"in in\"\n    }\n  ]\n}","cookie":[],"_postman_previewlanguage":"json"}],"event":[],"protocolProfileBehavior":{"disableBodyPruning":true}}],"event":[],"variable":[{"type":"string","value":"https://cat.api.firstdata.com/fs","key":"baseUrl"}],"info":{"_postman_id":"df59d0be-3de3-47cf-afb0-265cc5a7c590","name":"fs-devportal-services-1","schema":"https://schema.getpostman.com/json/collection/v2.1.0/collection.json","description":{"content":"Welcome to the Financial Services API documentation","type":"text/plain"}}}