{"item":[{"id":"31cb13f9-6ca4-40ab-8887-71e789aa7d08","name":"notifications/v1","item":[{"id":"007ec6e5-f7fc-4475-8537-804a13a99f03","name":"Create and Insert Config into Cassandra","request":{"name":"Create and Insert Config into Cassandra","description":{"content":"test","type":"text/plain"},"url":{"path":["notifications","v1","getAllStreams"],"host":["{{baseUrl}}"],"query":[],"variable":[]},"header":[{"key":"Accept","value":"application/json"}],"method":"POST","auth":null},"response":[{"id":"7949822e-e5d8-41e2-b2c6-9084e76c563d","name":"successful operation","originalRequest":{"url":{"path":["notifications","v1","getAllStreams"],"host":["{{baseUrl}}"],"query":[],"variable":[]},"header":[{"key":"Accept","value":"application/json"}],"method":"POST","body":{}},"status":"OK","code":200,"header":[{"key":"Content-Type","value":"application/json"}],"body":"{\n  \"common\": {\n    \"user\": \"labore enim ut magna\",\n    \"agent\": \"4000\",\n    \"cycle\": \"T\",\n    \"clientNumber\": \"1000\",\n    \"system\": \"2000\",\n    \"prin\": \"3000\",\n    \"debug\": true,\n    \"org\": \"anim sunt\",\n    \"processor\": true,\n    \"contentType\": \"deserunt Ut\",\n    \"retry\": 0,\n    \"timeout\": 45000,\n    \"siteId\": \"4201\",\n    \"internalOrigin\": true\n  },\n  \"streams\": [\n    {\n      \"id\": \"nostrud sit\",\n      \"streamId\": \"voluptate sit\",\n      \"version\": -92059754,\n      \"streamStatus\": \"nulla deserunt elit pariatur in\",\n      \"description\": \"occaecat Ut eiusmod Excepteur\",\n      \"expiry\": 78657571,\n      \"from\": \"minim ut\",\n      \"fromAlias\": \"fugiat consectetur irure\",\n      \"subject\": \"laborum\",\n      \"groupName\": \"sed et elit consequat sit\",\n      \"legacyGroupName\": \"proide\",\n      \"templateInfo\": {\n        \"templateName\": \"ut reprehenderit ex\",\n        \"templateId\": \"cupidatat \",\n        \"version\": -87575010\n      },\n      \"templateServiceInfo\": {\n        \"serviceName\": \"eiusmod\",\n        \"serviceVersion\": -80411999,\n        \"serviceType\": \"consequat proident cupidatat enim dolor\"\n      },\n      \"deliveryAgent\": {\n        \"serviceName\": \"in aliqua aute\",\n        \"serviceVersion\": 19805844,\n        \"serviceType\": \"laboris sed\"\n      },\n      \"newStream\": false\n    },\n    {\n      \"id\": \"veniam anim deserunt in\",\n      \"streamId\": \"nisi nulla\",\n      \"version\": -52397175,\n      \"streamStatus\": \"irure ad\",\n      \"description\": \"cupidatat irure in\",\n      \"expiry\": -75212688,\n      \"from\": \"irure Excepteur aliqua\",\n      \"fromAlias\": \"sunt ex cillum commodo\",\n      \"subject\": \"aliqua id aliquip tempor\",\n      \"groupName\": \"cupidatat dolor\",\n      \"legacyGroupName\": \"in sit esse\",\n      \"templateInfo\": {\n        \"templateName\": \"pariatur sed\",\n        \"templateId\": \"adipisicing ad elit sint\",\n        \"version\": 69343509\n      },\n      \"templateServiceInfo\": {\n        \"serviceName\": \"elit in\",\n        \"serviceVersion\": 16241930,\n        \"serviceType\": \"et\"\n      },\n      \"deliveryAgent\": {\n        \"serviceName\": \"dolore adip\",\n        \"serviceVersion\": -7948572,\n        \"serviceType\": \"sit ex in sint\"\n      },\n      \"newStream\": false\n    }\n  ]\n}","cookie":[],"_postman_previewlanguage":"json"}],"event":[],"protocolProfileBehavior":{"disableBodyPruning":true}},{"id":"359a2b6b-c27b-44b7-9d16-fec90ec950de","name":"Create and Insert Config into Cassandra","request":{"name":"Create and Insert Config into Cassandra","description":{"content":"test","type":"text/plain"},"url":{"path":["notifications","v1","getAllTemplates"],"host":["{{baseUrl}}"],"query":[],"variable":[]},"header":[{"key":"Accept","value":"application/json"}],"method":"POST","auth":null},"response":[{"id":"0dd06e1e-2ea9-45d2-a35d-13869e7c7daa","name":"successful operation","originalRequest":{"url":{"path":["notifications","v1","getAllTemplates"],"host":["{{baseUrl}}"],"query":[],"variable":[]},"header":[{"key":"Accept","value":"application/json"}],"method":"POST","body":{}},"status":"OK","code":200,"header":[{"key":"Content-Type","value":"application/json"}],"body":"{\n  \"common\": {\n    \"user\": \"sit voluptate laboris\",\n    \"agent\": \"4000\",\n    \"cycle\": \"T\",\n    \"clientNumber\": \"1000\",\n    \"system\": \"2000\",\n    \"prin\": \"3000\",\n    \"debug\": false,\n    \"org\": \"quis consectetur in ut\",\n    \"processor\": true,\n    \"contentType\": \"co\",\n    \"retry\": 0,\n    \"timeout\": 45000,\n    \"siteId\": \"4201\",\n    \"internalOrigin\": false\n  },\n  \"templates\": [\n    {\n      \"id\": \"anim aute sunt\",\n      \"templateId\": \"nisi nostrud\",\n      \"groupName\": \"in Lo\",\n      \"legacyGroupName\": \"enim tempor anim\",\n      \"version\": 32103935,\n      \"name\": \"amet adipisicing proident eiusmod Excepteur\",\n      \"mimeType\": \"aute mollit\",\n      \"content\": \"in aliqua cupidatat amet\",\n      \"embedded\": [\n        {\n          \"key\": \"Lorem ex\",\n          \"value\": \"velit labore\"\n        },\n        {\n          \"key\": \"reprehenderit consectetur fugiat\",\n          \"value\": \"Lorem eiusmod exercitation Duis\"\n        }\n      ]\n    },\n    {\n      \"id\": \"sed fugiat non\",\n      \"templateId\": \"ut mollit quis consectetur\",\n      \"groupName\": \"ad magna Excepteur eu\",\n      \"legacyGroupName\": \"esse in elit ad\",\n      \"version\": -23334592,\n      \"name\": \"mollit d\",\n      \"mimeType\": \"ut in velit\",\n      \"content\": \"in ex voluptate sunt\",\n      \"embedded\": [\n        {\n          \"key\": \"velit voluptate do est pariatur\",\n          \"value\": \"sunt exercitation\"\n        },\n        {\n          \"key\": \"culpa exercitation\",\n          \"value\": \"mollit ipsum\"\n        }\n      ]\n    }\n  ]\n}","cookie":[],"_postman_previewlanguage":"json"}],"event":[],"protocolProfileBehavior":{"disableBodyPruning":true}}],"event":[]}],"event":[],"variable":[{"type":"string","value":"https://cat.api.firstdata.com/fs","key":"baseUrl"}],"info":{"_postman_id":"59f03f3e-943a-460f-b544-3168ab4c66f8","name":"fs-devportal-services-1","schema":"https://schema.getpostman.com/json/collection/v2.1.0/collection.json","description":{"content":"Welcome to the Financial Services API documentation","type":"text/plain"}}}