{"item":[{"id":"6f4cc5ed-d5af-4a10-818b-28ffd631c130","name":"ocs/v1","item":[{"id":"4ca2b066-1fd3-4002-8f69-469c96af4bc2","name":"Access JFSA View to retrieve Field-Level Security Information","request":{"name":"Access JFSA View to retrieve Field-Level Security Information","description":{"content":"The JFSA view allows you to view the field-level security information that occurs only once per\nshell name and group identification.Required Fields: shellName<br><br> <b>Relates to:</b>\n  \n  <blockquote style=\"border-left: 0.375em solid #40a9ff; background-color: #e6f7ff; border-radius: 3px; padding: 1em;\" ><div>JFSA View, <a target=\"_blank\" title=\"Click to open in a new tab\" href=\"https://documentation.fiserv.com/bundle/Open-Data-Streams/page/00A_ODS_HC/04ODS_ADJ_AUTOviews/04ODS_ADJ_AUTOviews.xhtml#index_28673\"> click here</a>.</div></blockquote>","type":"text/plain"},"url":{"path":["ocs","v1","automatedAdjustmentProfile"],"host":["{{baseUrl}}"],"query":[],"variable":[]},"header":[{"key":"Content-Type","value":"application/json"},{"key":"Accept","value":"application/json"}],"method":"POST","auth":null,"body":{"mode":"raw","raw":"{\n  \"endSequence\": \"<string>\",\n  \"selectFields\": [\n    \"<string>\"\n  ],\n  \"shellName\": \"<string>\",\n  \"startSequence\": \"<string>\",\n  \"common\": {\n    \"user\": \"<string>\",\n    \"agent\": \"<string>\",\n    \"cycle\": \"<string>\",\n    \"clientNumber\": \"<string>\",\n    \"system\": \"<string>\",\n    \"prin\": \"<string>\",\n    \"debug\": \"<boolean>\",\n    \"org\": \"<string>\",\n    \"processor\": \"<boolean>\",\n    \"contentType\": \"<string>\",\n    \"retry\": \"<long>\",\n    \"timeout\": \"<long>\",\n    \"siteId\": \"<string>\",\n    \"internalOrigin\": \"<boolean>\",\n    \"uuid\": \"<string>\",\n    \"externalCustomerId\": \"<string>\",\n    \"accountId\": \"<string>\",\n    \"presentationId\": \"<string>\"\n  },\n  \"odsNaming\": \"<boolean>\",\n  \"groupIdentifier\": \"<string>\"\n}","options":{"raw":{"language":"json"}}}},"response":[{"id":"a42b5db9-5e64-4155-8e40-37e60072a376","name":"successful operation","originalRequest":{"url":{"path":["ocs","v1","automatedAdjustmentProfile"],"host":["{{baseUrl}}"],"query":[],"variable":[]},"header":[{"key":"Accept","value":"application/json"}],"method":"POST","body":{"mode":"raw","raw":"{\n  \"endSequence\": \"25\",\n  \"selectFields\": [\n    \"anyvalidfieldname1\",\n    \"anyvalidfieldname2\",\n    \"anyvalidfieldname3\",\n    \"anyvalidfieldname…\",\n    \"anyvalidfieldname…n\"\n  ],\n  \"shellName\": \"xpecuTT9\",\n  \"startSequence\": \"1\",\n  \"common\": {\n    \"user\": \"<string>\",\n    \"agent\": \"4000\",\n    \"cycle\": \"T\",\n    \"clientNumber\": \"1000\",\n    \"system\": \"2000\",\n    \"prin\": \"3000\",\n    \"debug\": \"<boolean>\",\n    \"org\": \"<string>\",\n    \"processor\": \"<boolean>\",\n    \"contentType\": \"<string>\",\n    \"retry\": 0,\n    \"timeout\": 45000,\n    \"siteId\": \"4201\",\n    \"internalOrigin\": \"<boolean>\",\n    \"uuid\": \"a5eac27d-cd89-4096-a331-306480bfee76\",\n    \"externalCustomerId\": \"<string>\",\n    \"accountId\": \"8888888888888888\",\n    \"presentationId\": \"<string>\"\n  },\n  \"odsNaming\": \"<boolean>\",\n  \"groupIdentifier\": \"\"\n}","options":{"raw":{"language":"json"}}}},"status":"OK","code":200,"header":[{"key":"Content-Type","value":"application/json"}],"body":"{\n  \"processorInfo\": {\n    \"system\": \"nostrud enim aute\",\n    \"cycle\": \"in\",\n    \"tor\": \"dolor a\",\n    \"mode\": \"sed aliquip cillum est\"\n  },\n  \"departmentCode\": \"deserunt pariatur consequat reprehenderit est\",\n  \"managerIdentifier\": \"est quis labore\",\n  \"operatorCode\": \"dolor do\",\n  \"profile\": \"Ut ullamco velit\",\n  \"supervisorIdentifier\": \"eu\"\n}","cookie":[],"_postman_previewlanguage":"json"}],"event":[],"protocolProfileBehavior":{"disableBodyPruning":true}},{"id":"75a85840-3f53-4d49-aa18-83e606119a21","name":"CREDIT_LIMT_CNTR_SHELL_ADD RPC","request":{"name":"CREDIT_LIMT_CNTR_SHELL_ADD RPC","description":{"content":"The CREDIT_LIMT_CNTR_SHELL_ADD RPC emulates the ES1 screen PF2 Add functionality.  This is used to add a credit limit control shell with 1 or more associated control profiles.Required Fields: creditLimitControlShellId, creditLimitControlProfileId<br><br> <b>Relates to:</b>\n  \n  <blockquote style=\"border-left: 0.375em solid #40a9ff; background-color: #e6f7ff; border-radius: 3px; padding: 1em;\" ><div>CREDIT_LIMT_CNTR_SHELL_ADD RPC, <a target=\"_blank\" title=\"Click to open in a new tab\" href=\"https://documentation.fiserv.com/bundle/Open-Data-Streams/page/00A_ODS_HC/05ODS_OCSrpcs/05ODS_OCSrpcs.xhtml#index_69313\"> click here</a>.</div></blockquote>","type":"text/plain"},"url":{"path":["ocs","v1","creditLimitControlShellAdd"],"host":["{{baseUrl}}"],"query":[],"variable":[]},"header":[{"key":"Content-Type","value":"application/json"},{"key":"Accept","value":"application/json"}],"method":"POST","auth":null,"body":{"mode":"raw","raw":"{\n  \"creditLimitControlProfileId\": [\n    \"<string>\",\n    \"<string>\"\n  ],\n  \"creditLimitControlShellId\": \"<string>\",\n  \"common\": {\n    \"user\": \"<string>\",\n    \"agent\": \"<string>\",\n    \"cycle\": \"<string>\",\n    \"clientNumber\": \"<string>\",\n    \"system\": \"<string>\",\n    \"prin\": \"<string>\",\n    \"debug\": \"<boolean>\",\n    \"org\": \"<string>\",\n    \"processor\": \"<boolean>\",\n    \"contentType\": \"<string>\",\n    \"retry\": \"<long>\",\n    \"timeout\": \"<long>\",\n    \"siteId\": \"<string>\",\n    \"internalOrigin\": \"<boolean>\",\n    \"uuid\": \"<string>\"\n  },\n  \"groupIdentifier\": \"<string>\"\n}","options":{"raw":{"language":"json"}}}},"response":[{"id":"f1ddddd3-7da1-4781-946a-747a19e2834d","name":"successful operation","originalRequest":{"url":{"path":["ocs","v1","creditLimitControlShellAdd"],"host":["{{baseUrl}}"],"query":[],"variable":[]},"header":[{"key":"Accept","value":"application/json"}],"method":"POST","body":{"mode":"raw","raw":"{\n  \"creditLimitControlProfileId\": [\n    \"<string>\",\n    \"<string>\"\n  ],\n  \"creditLimitControlShellId\": \"Dl93JvXm\",\n  \"common\": {\n    \"user\": \"<string>\",\n    \"agent\": \"4000\",\n    \"cycle\": \"T\",\n    \"clientNumber\": \"1000\",\n    \"system\": \"2000\",\n    \"prin\": \"3000\",\n    \"debug\": \"<boolean>\",\n    \"org\": \"<string>\",\n    \"processor\": \"<boolean>\",\n    \"contentType\": \"<string>\",\n    \"retry\": 0,\n    \"timeout\": 45000,\n    \"siteId\": \"4201\",\n    \"internalOrigin\": \"<boolean>\",\n    \"uuid\": \"a5eac27d-cd89-4096-a331-306480bfee76\"\n  },\n  \"groupIdentifier\": \"\"\n}","options":{"raw":{"language":"json"}}}},"status":"OK","code":200,"header":[{"key":"Content-Type","value":"application/json"}],"body":"{\n  \"processorInfo\": {\n    \"system\": \"deserunt non qui\",\n    \"cycle\": \"voluptate cillum do ex\",\n    \"tor\": \"consectetur magna enim amet sunt\",\n    \"mode\": \"Lorem\"\n  },\n  \"messages\": [\n    {\n      \"resultCode\": \"dolor aliquip tempor et ad\",\n      \"messageText\": \"aute Lo\",\n      \"transactionStatus\": \"Lorem est elit\"\n    },\n    {\n      \"resultCode\": \"esse\",\n      \"messageText\": \"sint non\",\n      \"transactionStatus\": \"exercitation sit\"\n    }\n  ]\n}","cookie":[],"_postman_previewlanguage":"json"}],"event":[],"protocolProfileBehavior":{"disableBodyPruning":true}},{"id":"b2487f45-661f-4644-87c7-48624b8982ef","name":"CREDIT_LIMT_CNTR_SHELL_COPY","request":{"name":"CREDIT_LIMT_CNTR_SHELL_COPY","description":{"content":"This RPC emulates the ES1 or ES2 screen PF5 Copy functionality.  This will allow the user to copy the control profiles assiociated with an existing credit limit control shell to a new credit limit control shell. Required Fields: creditLimitControlShellIdOld & creditLimitControlShellIdNew.<br><br> <b>Relates to:</b>\n  \n  <blockquote style=\"border-left: 0.375em solid #40a9ff; background-color: #e6f7ff; border-radius: 3px; padding: 1em;\" ><div>CREDIT_LIMT_CNTR_SHELL_COPY RPC, <a target=\"_blank\" title=\"Click to open in a new tab\" href=\"https://documentation.fiserv.com/bundle/Open-Data-Streams/page/00A_ODS_HC/05ODS_OCSrpcs/05ODS_OCSrpcs.xhtml#index_69320\"> click here</a>.</div></blockquote>","type":"text/plain"},"url":{"path":["ocs","v1","creditLimitControlShellCopy"],"host":["{{baseUrl}}"],"query":[],"variable":[]},"header":[{"key":"Content-Type","value":"application/json"},{"key":"Accept","value":"application/json"}],"method":"POST","auth":null,"body":{"mode":"raw","raw":"{\n  \"creditLimitControlShellIdNew\": \"<string>\",\n  \"creditLimitControlShellIdOld\": \"<string>\",\n  \"common\": {\n    \"user\": \"<string>\",\n    \"agent\": \"<string>\",\n    \"cycle\": \"<string>\",\n    \"clientNumber\": \"<string>\",\n    \"system\": \"<string>\",\n    \"prin\": \"<string>\",\n    \"debug\": \"<boolean>\",\n    \"org\": \"<string>\",\n    \"processor\": \"<boolean>\",\n    \"contentType\": \"<string>\",\n    \"retry\": \"<long>\",\n    \"timeout\": \"<long>\",\n    \"siteId\": \"<string>\",\n    \"internalOrigin\": \"<boolean>\",\n    \"uuid\": \"<string>\"\n  },\n  \"groupIdentifier\": \"<string>\"\n}","options":{"raw":{"language":"json"}}}},"response":[{"id":"ed846037-0150-4ca2-b7b3-7e363f93059e","name":"successful operation","originalRequest":{"url":{"path":["ocs","v1","creditLimitControlShellCopy"],"host":["{{baseUrl}}"],"query":[],"variable":[]},"header":[{"key":"Accept","value":"application/json"}],"method":"POST","body":{"mode":"raw","raw":"{\n  \"creditLimitControlShellIdNew\": \"29sq0lyf\",\n  \"creditLimitControlShellIdOld\": \"ebrvwP5H\",\n  \"common\": {\n    \"user\": \"<string>\",\n    \"agent\": \"4000\",\n    \"cycle\": \"T\",\n    \"clientNumber\": \"1000\",\n    \"system\": \"2000\",\n    \"prin\": \"3000\",\n    \"debug\": \"<boolean>\",\n    \"org\": \"<string>\",\n    \"processor\": \"<boolean>\",\n    \"contentType\": \"<string>\",\n    \"retry\": 0,\n    \"timeout\": 45000,\n    \"siteId\": \"4201\",\n    \"internalOrigin\": \"<boolean>\",\n    \"uuid\": \"a5eac27d-cd89-4096-a331-306480bfee76\"\n  },\n  \"groupIdentifier\": \"\"\n}","options":{"raw":{"language":"json"}}}},"status":"OK","code":200,"header":[{"key":"Content-Type","value":"application/json"}],"body":"{\n  \"processorInfo\": {\n    \"system\": \"officia esse nostrud\",\n    \"cycle\": \"laborum elit\",\n    \"tor\": \"laborum\",\n    \"mode\": \"dolore Lorem sed officia\"\n  },\n  \"messages\": [\n    {\n      \"resultCode\": \"Duis nisi dolore officia\",\n      \"messageText\": \"culpa consequat\",\n      \"transactionStatus\": \"quis\"\n    },\n    {\n      \"resultCode\": \"sed ut\",\n      \"messageText\": \"amet minim\",\n      \"transactionStatus\": \"in dolor Ut\"\n    }\n  ]\n}","cookie":[],"_postman_previewlanguage":"json"}],"event":[],"protocolProfileBehavior":{"disableBodyPruning":true}},{"id":"7cb374c6-919b-42ee-b251-8480e0662763","name":"CREDIT_LIMT_CNTR_SHELL_DELETE","request":{"name":"CREDIT_LIMT_CNTR_SHELL_DELETE","description":{"content":"This RPC emulates the ES1 screen PF4 Delete functionality.  This will allow the user to delete a credit limit contoll shell. Required Fields: creditLimitControlShellId.<br><br> <b>Relates to:</b>\n  \n  <blockquote style=\"border-left: 0.375em solid #40a9ff; background-color: #e6f7ff; border-radius: 3px; padding: 1em;\" ><div>CREDIT_LIMT_CNTR_SHELL_DELETE RPC, <a target=\"_blank\" title=\"Click to open in a new tab\" href=\"https://documentation.fiserv.com/bundle/Open-Data-Streams/page/00A_ODS_HC/05ODS_OCSrpcs/05ODS_OCSrpcs.xhtml#index_69327\"> click here</a>.</div></blockquote>","type":"text/plain"},"url":{"path":["ocs","v1","creditLimitControlShellDelete"],"host":["{{baseUrl}}"],"query":[],"variable":[]},"header":[{"key":"Content-Type","value":"application/json"},{"key":"Accept","value":"application/json"}],"method":"POST","auth":null,"body":{"mode":"raw","raw":"{\n  \"creditLimitControlShellId\": \"<string>\",\n  \"common\": {\n    \"user\": \"<string>\",\n    \"agent\": \"<string>\",\n    \"cycle\": \"<string>\",\n    \"clientNumber\": \"<string>\",\n    \"system\": \"<string>\",\n    \"prin\": \"<string>\",\n    \"debug\": \"<boolean>\",\n    \"org\": \"<string>\",\n    \"processor\": \"<boolean>\",\n    \"contentType\": \"<string>\",\n    \"retry\": \"<long>\",\n    \"timeout\": \"<long>\",\n    \"siteId\": \"<string>\",\n    \"internalOrigin\": \"<boolean>\",\n    \"uuid\": \"<string>\"\n  },\n  \"groupIdentifier\": \"<string>\"\n}","options":{"raw":{"language":"json"}}}},"response":[{"id":"a005315f-fdc6-485b-84f8-4138c951d7d0","name":"successful operation","originalRequest":{"url":{"path":["ocs","v1","creditLimitControlShellDelete"],"host":["{{baseUrl}}"],"query":[],"variable":[]},"header":[{"key":"Accept","value":"application/json"}],"method":"POST","body":{"mode":"raw","raw":"{\n  \"creditLimitControlShellId\": \"8dgruhMT\",\n  \"common\": {\n    \"user\": \"<string>\",\n    \"agent\": \"4000\",\n    \"cycle\": \"T\",\n    \"clientNumber\": \"1000\",\n    \"system\": \"2000\",\n    \"prin\": \"3000\",\n    \"debug\": \"<boolean>\",\n    \"org\": \"<string>\",\n    \"processor\": \"<boolean>\",\n    \"contentType\": \"<string>\",\n    \"retry\": 0,\n    \"timeout\": 45000,\n    \"siteId\": \"4201\",\n    \"internalOrigin\": \"<boolean>\",\n    \"uuid\": \"a5eac27d-cd89-4096-a331-306480bfee76\"\n  },\n  \"groupIdentifier\": \"Z8V9\"\n}","options":{"raw":{"language":"json"}}}},"status":"OK","code":200,"header":[{"key":"Content-Type","value":"application/json"}],"body":"{\n  \"processorInfo\": {\n    \"system\": \"officia esse nostrud\",\n    \"cycle\": \"laborum elit\",\n    \"tor\": \"laborum\",\n    \"mode\": \"dolore Lorem sed officia\"\n  },\n  \"messages\": [\n    {\n      \"resultCode\": \"Duis nisi dolore officia\",\n      \"messageText\": \"culpa consequat\",\n      \"transactionStatus\": \"quis\"\n    },\n    {\n      \"resultCode\": \"sed ut\",\n      \"messageText\": \"amet minim\",\n      \"transactionStatus\": \"in dolor Ut\"\n    }\n  ]\n}","cookie":[],"_postman_previewlanguage":"json"}],"event":[],"protocolProfileBehavior":{"disableBodyPruning":true}},{"id":"5fe70b8a-c52c-418a-abfa-c1551e6a930e","name":"CREDIT_LIMT_CNTR_SHELL_DETAIL View","request":{"name":"CREDIT_LIMT_CNTR_SHELL_DETAIL View","description":{"content":"The CREDIT_LIMT_CNTR_SHELL_DETAIL view will return the fields that are displayed on the ES2 screen.  The data returned is based on the OCS group that the user terminal is assigned to, along with the entered CRDT_LIMT_CNTL_SHLL_ID. Required Fields: creditLimitControlShellId & selectFields . <br><br> <b>Relates to:</b>\n  \n  <blockquote style=\"border-left: 0.375em solid #40a9ff; background-color: #e6f7ff; border-radius: 3px; padding: 1em;\" ><div>CREDIT_LIMT_CNTR_SHELL_DETAIL View, <a target=\"_blank\" title=\"Click to open in a new tab\" href=\"https://documentation.fiserv.com/bundle/Open-Data-Streams/page/00A_ODS_HC/04ODS_OCSviews/04ODS_OCSviews.xhtml#index_66206\"> click here</a>.</div></blockquote>","type":"text/plain"},"url":{"path":["ocs","v1","creditLimitControlShellDetail"],"host":["{{baseUrl}}"],"query":[],"variable":[]},"header":[{"key":"Content-Type","value":"application/json"},{"key":"Accept","value":"application/json"}],"method":"POST","auth":null,"body":{"mode":"raw","raw":"{\n  \"creditLimitControlShellId\": \"<string>\",\n  \"endSequence\": \"<string>\",\n  \"selectFields\": [\n    \"<string>\"\n  ],\n  \"startSequence\": \"<string>\",\n  \"common\": {\n    \"user\": \"<string>\",\n    \"agent\": \"<string>\",\n    \"cycle\": \"<string>\",\n    \"clientNumber\": \"<string>\",\n    \"system\": \"<string>\",\n    \"prin\": \"<string>\",\n    \"debug\": \"<boolean>\",\n    \"org\": \"<string>\",\n    \"processor\": \"<boolean>\",\n    \"contentType\": \"<string>\",\n    \"retry\": \"<long>\",\n    \"timeout\": \"<long>\",\n    \"siteId\": \"<string>\",\n    \"internalOrigin\": \"<boolean>\",\n    \"uuid\": \"<string>\",\n    \"externalCustomerId\": \"<string>\",\n    \"accountId\": \"<string>\",\n    \"presentationId\": \"<string>\"\n  },\n  \"odsNaming\": \"<boolean>\",\n  \"groupIdentifier\": \"<string>\"\n}","options":{"raw":{"language":"json"}}}},"response":[{"id":"f8d534fe-24b2-4d34-8e33-525f948a40c0","name":"successful operation","originalRequest":{"url":{"path":["ocs","v1","creditLimitControlShellDetail"],"host":["{{baseUrl}}"],"query":[],"variable":[]},"header":[{"key":"Accept","value":"application/json"}],"method":"POST","body":{"mode":"raw","raw":"{\n  \"creditLimitControlShellId\": \"8JrilA5c\",\n  \"endSequence\": \"25\",\n  \"selectFields\": [\n    \"anyvalidfieldname1\",\n    \"anyvalidfieldname2\",\n    \"anyvalidfieldname3\",\n    \"anyvalidfieldname…\",\n    \"anyvalidfieldname…n\"\n  ],\n  \"startSequence\": \"1\",\n  \"common\": {\n    \"user\": \"<string>\",\n    \"agent\": \"4000\",\n    \"cycle\": \"T\",\n    \"clientNumber\": \"1000\",\n    \"system\": \"2000\",\n    \"prin\": \"3000\",\n    \"debug\": \"<boolean>\",\n    \"org\": \"<string>\",\n    \"processor\": \"<boolean>\",\n    \"contentType\": \"<string>\",\n    \"retry\": 0,\n    \"timeout\": 45000,\n    \"siteId\": \"4201\",\n    \"internalOrigin\": \"<boolean>\",\n    \"uuid\": \"a5eac27d-cd89-4096-a331-306480bfee76\",\n    \"externalCustomerId\": \"<string>\",\n    \"accountId\": \"8888888888888888\",\n    \"presentationId\": \"<string>\"\n  },\n  \"odsNaming\": \"<boolean>\",\n  \"groupIdentifier\": \"Py96\"\n}","options":{"raw":{"language":"json"}}}},"status":"OK","code":200,"header":[{"key":"Content-Type","value":"application/json"}],"body":"{\n  \"common\": {\n    \"user\": \"<string>\",\n    \"agent\": \"4000\",\n    \"cycle\": \"T\",\n    \"clientNumber\": \"1000\",\n    \"system\": \"2000\",\n    \"prin\": \"3000\",\n    \"debug\": \"<boolean>\",\n    \"org\": \"<string>\",\n    \"processor\": \"<boolean>\",\n    \"contentType\": \"<string>\",\n    \"retry\": 0,\n    \"timeout\": 45000,\n    \"siteId\": \"4201\",\n    \"internalOrigin\": \"<boolean>\",\n    \"uuid\": \"a5eac27d-cd89-4096-a331-306480bfee76\"\n  },\n  \"creditLimitControlShellDetailList\": [\n    {\n      \"selectedFields\": {},\n      \"groupIdentifier\": \"aute commodo\",\n      \"creditLimitControlShellId\": \"ul\",\n      \"creditLimitControlShellLastChangeDt\": \"ut\",\n      \"creditLimitControlShellLastChangeTime\": \"ipsum deserunt\",\n      \"lastChangeTerminalId\": \"ipsum\",\n      \"lastChangeOperatorId\": \"veniam anim dolor\",\n      \"tableEntriesCount\": \"Lorem elit\",\n      \"controlShellProfileId\": \"deserunt in dolor sed\"\n    },\n    {\n      \"selectedFields\": {},\n      \"groupIdentifier\": \"eu id consequat\",\n      \"creditLimitControlShellId\": \"cillum amet\",\n      \"creditLimitControlShellLastChangeDt\": \"nostrud dolore\",\n      \"creditLimitControlShellLastChangeTime\": \"labore fugiat\",\n      \"lastChangeTerminalId\": \"adipisicing dolore sint\",\n      \"lastChangeOperatorId\": \"tempor in\",\n      \"tableEntriesCount\": \"sit amet\",\n      \"controlShellProfileId\": \"in\"\n    }\n  ]\n}","cookie":[],"_postman_previewlanguage":"json"}],"event":[],"protocolProfileBehavior":{"disableBodyPruning":true}},{"id":"be42b6a9-9579-4d4d-97b0-b56e55514c8e","name":"CREDIT_LIMT_CNTR_SHELL_LIST View","request":{"name":"CREDIT_LIMT_CNTR_SHELL_LIST View","description":{"content":"The CREDIT_LIMT_CNTR_SHELL_LIST view will return the fields that are displayed on the ES1 screen.  Note: Just as with the ES1 transaction there are no keywords required for the CREDIT_LIMT_CNTR_SHELL_LIST for external users. The data returned is based on the OCS group that the user terminal is assigned to.  The GROP_ID is can not be used in the where clause for external users.Required Fields: selectFields<br><br> <b>Relates to:</b>\n  \n  <blockquote style=\"border-left: 0.375em solid #40a9ff; background-color: #e6f7ff; border-radius: 3px; padding: 1em;\" ><div>CREDIT_LIMT_CNTR_SHELL_LIST View, <a target=\"_blank\" title=\"Click to open in a new tab\" href=\"https://documentation.fiserv.com/bundle/Open-Data-Streams/page/00A_ODS_HC/04ODS_OCSviews/04ODS_OCSviews.xhtml#index_66522\"> click here</a>.</div></blockquote>","type":"text/plain"},"url":{"path":["ocs","v1","creditLimitControlShellList"],"host":["{{baseUrl}}"],"query":[],"variable":[]},"header":[{"key":"Content-Type","value":"application/json"},{"key":"Accept","value":"application/json"}],"method":"POST","auth":null,"body":{"mode":"raw","raw":"{\n  \"endSequence\": \"<string>\",\n  \"selectFields\": [\n    \"<string>\"\n  ],\n  \"startSequence\": \"<string>\",\n  \"common\": {\n    \"user\": \"<string>\",\n    \"agent\": \"<string>\",\n    \"cycle\": \"<string>\",\n    \"clientNumber\": \"<string>\",\n    \"system\": \"<string>\",\n    \"prin\": \"<string>\",\n    \"debug\": \"<boolean>\",\n    \"org\": \"<string>\",\n    \"processor\": \"<boolean>\",\n    \"contentType\": \"<string>\",\n    \"retry\": \"<long>\",\n    \"timeout\": \"<long>\",\n    \"siteId\": \"<string>\",\n    \"internalOrigin\": \"<boolean>\",\n    \"uuid\": \"<string>\",\n    \"externalCustomerId\": \"<string>\",\n    \"accountId\": \"<string>\",\n    \"presentationId\": \"<string>\"\n  },\n  \"odsNaming\": \"<boolean>\",\n  \"creditLimitControlShellId\": \"<string>\",\n  \"creditLimitControlShellLastChangeDt\": \"<string>\",\n  \"groupIdentifier\": \"<string>\"\n}","options":{"raw":{"language":"json"}}}},"response":[{"id":"442ccc65-ce4b-4747-8131-e55066373e71","name":"successful operation","originalRequest":{"url":{"path":["ocs","v1","creditLimitControlShellList"],"host":["{{baseUrl}}"],"query":[],"variable":[]},"header":[{"key":"Accept","value":"application/json"}],"method":"POST","body":{"mode":"raw","raw":"{\n  \"endSequence\": \"25\",\n  \"selectFields\": [\n    \"anyvalidfieldname1\",\n    \"anyvalidfieldname2\",\n    \"anyvalidfieldname3\",\n    \"anyvalidfieldname…\",\n    \"anyvalidfieldname…n\"\n  ],\n  \"startSequence\": \"1\",\n  \"common\": {\n    \"user\": \"<string>\",\n    \"agent\": \"4000\",\n    \"cycle\": \"T\",\n    \"clientNumber\": \"1000\",\n    \"system\": \"2000\",\n    \"prin\": \"3000\",\n    \"debug\": \"<boolean>\",\n    \"org\": \"<string>\",\n    \"processor\": \"<boolean>\",\n    \"contentType\": \"<string>\",\n    \"retry\": 0,\n    \"timeout\": 45000,\n    \"siteId\": \"4201\",\n    \"internalOrigin\": \"<boolean>\",\n    \"uuid\": \"a5eac27d-cd89-4096-a331-306480bfee76\",\n    \"externalCustomerId\": \"<string>\",\n    \"accountId\": \"8888888888888888\",\n    \"presentationId\": \"<string>\"\n  },\n  \"odsNaming\": \"<boolean>\",\n  \"creditLimitControlShellId\": \"2h4Mo13m\",\n  \"creditLimitControlShellLastChangeDt\": \"<string>\",\n  \"groupIdentifier\": \"NRPX\"\n}","options":{"raw":{"language":"json"}}}},"status":"OK","code":200,"header":[{"key":"Content-Type","value":"application/json"}],"body":"{\n  \"processorInfo\": {\n    \"system\": \"velit cupidatat voluptate est\",\n    \"cycle\": \"et dolore ea mollit\",\n    \"tor\": \"et\",\n    \"mode\": \"dolor reprehenderit est eiusmod proident\"\n  },\n  \"creditLimitControlShellList\": [\n    {\n      \"groupIdentifier\": \"magna qui commodo consequat cillum\",\n      \"creditLimitControlShellId\": \"ut\",\n      \"creditLimitControlShellLastChangeDt\": \"sit occaecat elit\"\n    },\n    {\n      \"groupIdentifier\": \"qui Excepteur\",\n      \"creditLimitControlShellId\": \"ea\",\n      \"creditLimitControlShellLastChangeDt\": \"mollit sed\"\n    }\n  ]\n}","cookie":[],"_postman_previewlanguage":"json"}],"event":[],"protocolProfileBehavior":{"disableBodyPruning":true}},{"id":"c08b98a9-71b4-467b-b4cf-b9b99e8ea364","name":"CREDIT_LIMT_CNTR_SH_PR_ADD RPC","request":{"name":"CREDIT_LIMT_CNTR_SH_PR_ADD RPC","description":{"content":"This RPC will emulate the ES2 screen PF2 Add functionality.This will allow the user to add from one to fifty credit limit control profile(s) to an existing credit limit control shell.Required Fields: creditLimitControlShellId, creditLimitControlProfileId.<br><br> <b>Relates to:</b>\n  \n  <blockquote style=\"border-left: 0.375em solid #40a9ff; background-color: #e6f7ff; border-radius: 3px; padding: 1em;\" ><div>CREDIT_LIMT_CNTR_SH_PR_ADD RPC, <a target=\"_blank\" title=\"Click to open in a new tab\" href=\"https://documentation.fiserv.com/bundle/Open-Data-Streams/page/00A_ODS_HC/05ODS_OCSrpcs/05ODS_OCSrpcs.xhtml#index_69340\"> click here</a>.</div></blockquote>","type":"text/plain"},"url":{"path":["ocs","v1","creditLimitControlShellProfileAdd"],"host":["{{baseUrl}}"],"query":[],"variable":[]},"header":[{"key":"Content-Type","value":"application/json"},{"key":"Accept","value":"application/json"}],"method":"POST","auth":null,"body":{"mode":"raw","raw":"{\n  \"creditLimitControlProfileId\": [\n    \"<string>\",\n    \"<string>\"\n  ],\n  \"creditLimitControlShellId\": \"<string>\",\n  \"common\": {\n    \"user\": \"<string>\",\n    \"agent\": \"<string>\",\n    \"cycle\": \"<string>\",\n    \"clientNumber\": \"<string>\",\n    \"system\": \"<string>\",\n    \"prin\": \"<string>\",\n    \"debug\": \"<boolean>\",\n    \"org\": \"<string>\",\n    \"processor\": \"<boolean>\",\n    \"contentType\": \"<string>\",\n    \"retry\": \"<long>\",\n    \"timeout\": \"<long>\",\n    \"siteId\": \"<string>\",\n    \"internalOrigin\": \"<boolean>\",\n    \"uuid\": \"<string>\"\n  },\n  \"groupIdentifier\": \"<string>\"\n}","options":{"raw":{"language":"json"}}}},"response":[{"id":"f9c44363-952d-4119-938e-2c2fe0ff8bbe","name":"successful operation","originalRequest":{"url":{"path":["ocs","v1","creditLimitControlShellProfileAdd"],"host":["{{baseUrl}}"],"query":[],"variable":[]},"header":[{"key":"Accept","value":"application/json"}],"method":"POST","body":{"mode":"raw","raw":"{\n  \"creditLimitControlProfileId\": [\n    \"<string>\",\n    \"<string>\"\n  ],\n  \"creditLimitControlShellId\": \"Dl93JvXm\",\n  \"common\": {\n    \"user\": \"<string>\",\n    \"agent\": \"4000\",\n    \"cycle\": \"T\",\n    \"clientNumber\": \"1000\",\n    \"system\": \"2000\",\n    \"prin\": \"3000\",\n    \"debug\": \"<boolean>\",\n    \"org\": \"<string>\",\n    \"processor\": \"<boolean>\",\n    \"contentType\": \"<string>\",\n    \"retry\": 0,\n    \"timeout\": 45000,\n    \"siteId\": \"4201\",\n    \"internalOrigin\": \"<boolean>\",\n    \"uuid\": \"a5eac27d-cd89-4096-a331-306480bfee76\"\n  },\n  \"groupIdentifier\": \"\"\n}","options":{"raw":{"language":"json"}}}},"status":"OK","code":200,"header":[{"key":"Content-Type","value":"application/json"}],"body":"{\n  \"processorInfo\": {\n    \"system\": \"officia esse nostrud\",\n    \"cycle\": \"laborum elit\",\n    \"tor\": \"laborum\",\n    \"mode\": \"dolore Lorem sed officia\"\n  },\n  \"messages\": [\n    {\n      \"resultCode\": \"Duis nisi dolore officia\",\n      \"messageText\": \"culpa consequat\",\n      \"transactionStatus\": \"quis\"\n    },\n    {\n      \"resultCode\": \"sed ut\",\n      \"messageText\": \"amet minim\",\n      \"transactionStatus\": \"in dolor Ut\"\n    }\n  ]\n}","cookie":[],"_postman_previewlanguage":"json"}],"event":[],"protocolProfileBehavior":{"disableBodyPruning":true}},{"id":"6b5f5c04-2e5a-4825-92d0-0069c650eda3","name":"CREDIT_LIMT_CNTR_SH_PR_DELETE RPC","request":{"name":"CREDIT_LIMT_CNTR_SH_PR_DELETE RPC","description":{"content":"This RPC will emulate the ES2 screen PF4 delete functionality.  This will allow the user to delete a credit limit control shell profile from a credit limit controll shell.Required Fields: creditLimitControlShellId, creditLimitControlProfileId.<br><br> <b>Relates to:</b>\n  \n  <blockquote style=\"border-left: 0.375em solid #40a9ff; background-color: #e6f7ff; border-radius: 3px; padding: 1em;\" ><div>CREDIT_LIMT_CNTR_SH_PR_DELETE RPC, <a target=\"_blank\" title=\"Click to open in a new tab\" href=\"https://documentation.fiserv.com/bundle/Open-Data-Streams/page/00A_ODS_HC/05ODS_OCSrpcs/05ODS_OCSrpcs.xhtml#index_69364\"> click here</a>.</div></blockquote>","type":"text/plain"},"url":{"path":["ocs","v1","creditLimitControlShellProfileDelete"],"host":["{{baseUrl}}"],"query":[],"variable":[]},"header":[{"key":"Content-Type","value":"application/json"},{"key":"Accept","value":"application/json"}],"method":"POST","auth":null,"body":{"mode":"raw","raw":"{\n  \"creditLimitControlProfileId\": [\n    \"<string>\",\n    \"<string>\"\n  ],\n  \"creditLimitControlShellId\": \"<string>\",\n  \"common\": {\n    \"user\": \"<string>\",\n    \"agent\": \"<string>\",\n    \"cycle\": \"<string>\",\n    \"clientNumber\": \"<string>\",\n    \"system\": \"<string>\",\n    \"prin\": \"<string>\",\n    \"debug\": \"<boolean>\",\n    \"org\": \"<string>\",\n    \"processor\": \"<boolean>\",\n    \"contentType\": \"<string>\",\n    \"retry\": \"<long>\",\n    \"timeout\": \"<long>\",\n    \"siteId\": \"<string>\",\n    \"internalOrigin\": \"<boolean>\",\n    \"uuid\": \"<string>\"\n  },\n  \"groupIdentifier\": \"<string>\"\n}","options":{"raw":{"language":"json"}}}},"response":[{"id":"0b7a5363-7d83-4eb2-85e6-e184fd000d4d","name":"successful operation","originalRequest":{"url":{"path":["ocs","v1","creditLimitControlShellProfileDelete"],"host":["{{baseUrl}}"],"query":[],"variable":[]},"header":[{"key":"Accept","value":"application/json"}],"method":"POST","body":{"mode":"raw","raw":"{\n  \"creditLimitControlProfileId\": [\n    \"<string>\",\n    \"<string>\"\n  ],\n  \"creditLimitControlShellId\": \"Dl93JvXm\",\n  \"common\": {\n    \"user\": \"<string>\",\n    \"agent\": \"4000\",\n    \"cycle\": \"T\",\n    \"clientNumber\": \"1000\",\n    \"system\": \"2000\",\n    \"prin\": \"3000\",\n    \"debug\": \"<boolean>\",\n    \"org\": \"<string>\",\n    \"processor\": \"<boolean>\",\n    \"contentType\": \"<string>\",\n    \"retry\": 0,\n    \"timeout\": 45000,\n    \"siteId\": \"4201\",\n    \"internalOrigin\": \"<boolean>\",\n    \"uuid\": \"a5eac27d-cd89-4096-a331-306480bfee76\"\n  },\n  \"groupIdentifier\": \"\"\n}","options":{"raw":{"language":"json"}}}},"status":"OK","code":200,"header":[{"key":"Content-Type","value":"application/json"}],"body":"{\n  \"processorInfo\": {\n    \"system\": \"officia esse nostrud\",\n    \"cycle\": \"laborum elit\",\n    \"tor\": \"laborum\",\n    \"mode\": \"dolore Lorem sed officia\"\n  },\n  \"messages\": [\n    {\n      \"resultCode\": \"Duis nisi dolore officia\",\n      \"messageText\": \"culpa consequat\",\n      \"transactionStatus\": \"quis\"\n    },\n    {\n      \"resultCode\": \"sed ut\",\n      \"messageText\": \"amet minim\",\n      \"transactionStatus\": \"in dolor Ut\"\n    }\n  ]\n}","cookie":[],"_postman_previewlanguage":"json"}],"event":[],"protocolProfileBehavior":{"disableBodyPruning":true}},{"id":"c0d40350-caba-4437-85ca-8700626ed847","name":"CREDIT_LIMT_CNTR_SH_PR_UPDATE RPC","request":{"name":"CREDIT_LIMT_CNTR_SH_PR_UPDATE RPC","description":{"content":"This RPC will emulate the ES2 transaction PF3 change functionality. This will allow the user to change 1 to 50 existing credit limit profile ids to different cretit limit profile ids.\nSimilar to the ES2 screen this functionality will not allow a credit limit profile ID to be changed to spaces (deleted), and this will also not allow a credit limit profile identifier to be changed from spaces to a new credit limit profile identifier (added).\nRequired Fields: creditLimitControlShellId , creditLimitControlProfileIdOld and creditLimitControlProfileIdNew<br><br> <b>Relates to:</b>\n  \n  <blockquote style=\"border-left: 0.375em solid #40a9ff; background-color: #e6f7ff; border-radius: 3px; padding: 1em;\" ><div>CREDIT_LIMT_CNTR_SH_PR_UPDATE RPC, <a target=\"_blank\" title=\"Click to open in a new tab\" href=\"https://documentation.fiserv.com/bundle/Open-Data-Streams/page/00A_ODS_HC/05ODS_OCSrpcs/05ODS_OCSrpcs.xhtml#index_69356\"> click here</a>.</div></blockquote>","type":"text/plain"},"url":{"path":["ocs","v1","creditLimitControlShellProfileUpdate"],"host":["{{baseUrl}}"],"query":[],"variable":[]},"header":[{"key":"Content-Type","value":"application/json"},{"key":"Accept","value":"application/json"}],"method":"POST","auth":null,"body":{"mode":"raw","raw":"{\n  \"creditLimitControlProfileIdNew\": [\n    \"<string>\",\n    \"<string>\"\n  ],\n  \"creditLimitControlProfileIdOld\": [\n    \"<string>\",\n    \"<string>\"\n  ],\n  \"creditLimitControlShellId\": \"<string>\",\n  \"common\": {\n    \"user\": \"<string>\",\n    \"agent\": \"<string>\",\n    \"cycle\": \"<string>\",\n    \"clientNumber\": \"<string>\",\n    \"system\": \"<string>\",\n    \"prin\": \"<string>\",\n    \"debug\": \"<boolean>\",\n    \"org\": \"<string>\",\n    \"processor\": \"<boolean>\",\n    \"contentType\": \"<string>\",\n    \"retry\": \"<long>\",\n    \"timeout\": \"<long>\",\n    \"siteId\": \"<string>\",\n    \"internalOrigin\": \"<boolean>\",\n    \"uuid\": \"<string>\"\n  },\n  \"groupIdentifier\": \"<string>\"\n}","options":{"raw":{"language":"json"}}}},"response":[{"id":"51e94639-d2e8-42c2-9f60-4ba4d9b6587f","name":"successful operation","originalRequest":{"url":{"path":["ocs","v1","creditLimitControlShellProfileUpdate"],"host":["{{baseUrl}}"],"query":[],"variable":[]},"header":[{"key":"Accept","value":"application/json"}],"method":"POST","body":{"mode":"raw","raw":"{\n  \"creditLimitControlProfileIdNew\": [\n    \"<string>\",\n    \"<string>\"\n  ],\n  \"creditLimitControlProfileIdOld\": [\n    \"<string>\",\n    \"<string>\"\n  ],\n  \"creditLimitControlShellId\": \"ZZXW8ABC\",\n  \"common\": {\n    \"user\": \"<string>\",\n    \"agent\": \"4000\",\n    \"cycle\": \"T\",\n    \"clientNumber\": \"1000\",\n    \"system\": \"2000\",\n    \"prin\": \"3000\",\n    \"debug\": \"<boolean>\",\n    \"org\": \"<string>\",\n    \"processor\": \"<boolean>\",\n    \"contentType\": \"<string>\",\n    \"retry\": 0,\n    \"timeout\": 45000,\n    \"siteId\": \"4201\",\n    \"internalOrigin\": \"<boolean>\",\n    \"uuid\": \"a5eac27d-cd89-4096-a331-306480bfee76\"\n  },\n  \"groupIdentifier\": \"aWYr\"\n}","options":{"raw":{"language":"json"}}}},"status":"OK","code":200,"header":[{"key":"Content-Type","value":"application/json"}],"body":"{\n  \"processorInfo\": {\n    \"system\": \"officia esse nostrud\",\n    \"cycle\": \"laborum elit\",\n    \"tor\": \"laborum\",\n    \"mode\": \"dolore Lorem sed officia\"\n  },\n  \"messages\": [\n    {\n      \"resultCode\": \"Duis nisi dolore officia\",\n      \"messageText\": \"culpa consequat\",\n      \"transactionStatus\": \"quis\"\n    },\n    {\n      \"resultCode\": \"sed ut\",\n      \"messageText\": \"amet minim\",\n      \"transactionStatus\": \"in dolor Ut\"\n    }\n  ]\n}","cookie":[],"_postman_previewlanguage":"json"}],"event":[],"protocolProfileBehavior":{"disableBodyPruning":true}},{"id":"0889ccf5-c95d-47c0-bb5e-06216a7d881b","name":"CREP_OPERATOR_CODE_DISPLAY View","request":{"name":"CREP_OPERATOR_CODE_DISPLAY View","description":{"content":"The CREP_OPERATOR_CODE_DISPLAY allows verify whether an Operator Code is in use or obtain a list of all of the op id's currently active.Required Fields: selectFields .<br><br> <b>Relates to:</b>\n  \n  <blockquote style=\"border-left: 0.375em solid #40a9ff; background-color: #e6f7ff; border-radius: 3px; padding: 1em;\" ><div>CREP_OPERATOR_CODE_DISPLAY View, <a target=\"_blank\" title=\"Click to open in a new tab\" href=\"https://documentation.fiserv.com/bundle/Open-Data-Streams/page/00A_ODS_HC/04ODS_OCSviews/04ODS_OCSviews.xhtml#index_66535\"> click here</a>.</div></blockquote>","type":"text/plain"},"url":{"path":["ocs","v1","creditOperatorCodeDisplay"],"host":["{{baseUrl}}"],"query":[],"variable":[]},"header":[{"key":"Content-Type","value":"application/json"},{"key":"Accept","value":"application/json"}],"method":"POST","auth":null,"body":{"mode":"raw","raw":"{\n  \"endSequence\": \"<string>\",\n  \"selectFields\": [\n    \"<string>\"\n  ],\n  \"startSequence\": \"<string>\",\n  \"common\": {\n    \"user\": \"<string>\",\n    \"agent\": \"<string>\",\n    \"cycle\": \"<string>\",\n    \"clientNumber\": \"<string>\",\n    \"system\": \"<string>\",\n    \"prin\": \"<string>\",\n    \"debug\": \"<boolean>\",\n    \"org\": \"<string>\",\n    \"processor\": \"<boolean>\",\n    \"contentType\": \"<string>\",\n    \"retry\": \"<long>\",\n    \"timeout\": \"<long>\",\n    \"siteId\": \"<string>\",\n    \"internalOrigin\": \"<boolean>\",\n    \"uuid\": \"<string>\",\n    \"externalCustomerId\": \"<string>\",\n    \"accountId\": \"<string>\",\n    \"presentationId\": \"<string>\"\n  },\n  \"odsNaming\": \"<boolean>\",\n  \"groupIdentifier\": \"<string>\",\n  \"operatorCode\": \"<string>\",\n  \"shellId\": \"<string>\",\n  \"shellDescriptionText\": \"<string>\",\n  \"shellProfileId\": \"<string>\"\n}","options":{"raw":{"language":"json"}}}},"response":[{"id":"585b28c2-9731-4c25-93a2-9e6632fdf697","name":"successful operation","originalRequest":{"url":{"path":["ocs","v1","creditOperatorCodeDisplay"],"host":["{{baseUrl}}"],"query":[],"variable":[]},"header":[{"key":"Accept","value":"application/json"}],"method":"POST","body":{"mode":"raw","raw":"{\n  \"endSequence\": \"25\",\n  \"selectFields\": [\n    \"anyvalidfieldname1\",\n    \"anyvalidfieldname2\",\n    \"anyvalidfieldname3\",\n    \"anyvalidfieldname…\",\n    \"anyvalidfieldname…n\"\n  ],\n  \"startSequence\": \"1\",\n  \"common\": {\n    \"user\": \"<string>\",\n    \"agent\": \"4000\",\n    \"cycle\": \"T\",\n    \"clientNumber\": \"1000\",\n    \"system\": \"2000\",\n    \"prin\": \"3000\",\n    \"debug\": \"<boolean>\",\n    \"org\": \"<string>\",\n    \"processor\": \"<boolean>\",\n    \"contentType\": \"<string>\",\n    \"retry\": 0,\n    \"timeout\": 45000,\n    \"siteId\": \"4201\",\n    \"internalOrigin\": \"<boolean>\",\n    \"uuid\": \"a5eac27d-cd89-4096-a331-306480bfee76\",\n    \"externalCustomerId\": \"<string>\",\n    \"accountId\": \"8888888888888888\",\n    \"presentationId\": \"<string>\"\n  },\n  \"odsNaming\": \"<boolean>\",\n  \"groupIdentifier\": \"Mi6g\",\n  \"operatorCode\": \"tJH\",\n  \"shellId\": \"rtKdkGbL\",\n  \"shellDescriptionText\": \"54p0yrY\",\n  \"shellProfileId\": \"6Q1ER0EA\"\n}","options":{"raw":{"language":"json"}}}},"status":"OK","code":200,"header":[{"key":"Content-Type","value":"application/json"}],"body":"{\n  \"processorInfo\": {\n    \"system\": \"minim quis sit laborum aute\",\n    \"cycle\": \"commod\",\n    \"tor\": \"id reprehenderit irure labore\",\n    \"mode\": \"sunt ut Ut non\"\n  },\n  \"creditOperatorCodeDisplayList\": [\n    {\n      \"selectedFields\": {},\n      \"groupIdentifier\": \"B3x7\",\n      \"shellIdentifier\": \"eccKwtrI\",\n      \"operatorCode\": \"33I\",\n      \"shellDescriptionText\": \"msUoNPhAhCxFQxSQF3aLbIdv7CmknyffRWFyRp1Q\",\n      \"shellProfileId\": \"Rdpn3hQb\"\n    },\n    {\n      \"selectedFields\": {},\n      \"groupIdentifier\": \"B3x7\",\n      \"shellIdentifier\": \"eccKwtrI\",\n      \"operatorCode\": \"33I\",\n      \"shellDescriptionText\": \"msUoNPhAhCxFQxSQF3aLbIdv7CmknyffRWFyRp1Q\",\n      \"shellProfileId\": \"Rdpn3hQb\"\n    }\n  ]\n}","cookie":[],"_postman_previewlanguage":"json"}],"event":[],"protocolProfileBehavior":{"disableBodyPruning":true}},{"id":"a3880154-f494-4225-9644-ac36357d1bc8","name":"OCSWS Call For Tran Codes","request":{"name":"OCSWS Call For Tran Codes","description":{"content":"This service calls the OCSWS Service AuthenticateMultiTranTargetUser with the values you pass in. It will search the entitlements map located in secureconfig, and return back a list of all trancodes that the ocs shell passed in has. You must also pass in a master ocs shell account, with its password and x500id to use to make the call. This master ocs shell must be configured correctly in order to make the call.\nRequired Fields: common.x500id, ocsShell, masterOcsShell, masterPassword, and masterX500Id. ","type":"text/plain"},"url":{"path":["ocs","v1","getTranCodes"],"host":["{{baseUrl}}"],"query":[],"variable":[]},"header":[{"key":"Content-Type","value":"application/json"},{"key":"Accept","value":"application/json"}],"method":"POST","auth":null,"body":{"mode":"raw","raw":"{\n  \"common\": {\n    \"user\": \"<string>\",\n    \"agent\": \"<string>\",\n    \"cycle\": \"<string>\",\n    \"clientNumber\": \"<string>\",\n    \"system\": \"<string>\",\n    \"prin\": \"<string>\",\n    \"debug\": \"<boolean>\",\n    \"org\": \"<string>\",\n    \"processor\": \"<boolean>\",\n    \"contentType\": \"<string>\",\n    \"retry\": \"<long>\",\n    \"timeout\": \"<long>\",\n    \"siteId\": \"<string>\",\n    \"internalOrigin\": \"<boolean>\",\n    \"uuid\": \"<string>\",\n    \"externalCustomerId\": \"<string>\",\n    \"accountId\": \"<string>\",\n    \"presentationId\": \"<string>\"\n  },\n  \"ocsShell\": \"<string>\",\n  \"masterOcsShell\": \"<string>\",\n  \"masterPassword\": \"<string>\",\n  \"masterX500Id\": \"<string>\"\n}","options":{"raw":{"language":"json"}}}},"response":[{"id":"f85e697e-d4cd-4f24-b9e9-26e40ce105e3","name":"successful operation","originalRequest":{"url":{"path":["ocs","v1","getTranCodes"],"host":["{{baseUrl}}"],"query":[],"variable":[]},"header":[{"key":"Accept","value":"application/json"}],"method":"POST","body":{"mode":"raw","raw":"{\n  \"common\": {\n    \"user\": \"<string>\",\n    \"agent\": \"4000\",\n    \"cycle\": \"T\",\n    \"clientNumber\": \"1000\",\n    \"system\": \"2000\",\n    \"prin\": \"3000\",\n    \"debug\": \"<boolean>\",\n    \"org\": \"<string>\",\n    \"processor\": \"<boolean>\",\n    \"contentType\": \"<string>\",\n    \"retry\": 0,\n    \"timeout\": 45000,\n    \"siteId\": \"4201\",\n    \"internalOrigin\": \"<boolean>\",\n    \"uuid\": \"a5eac27d-cd89-4096-a331-306480bfee76\",\n    \"externalCustomerId\": \"<string>\",\n    \"accountId\": \"8888888888888888\",\n    \"presentationId\": \"<string>\"\n  },\n  \"ocsShell\": \"<string>\",\n  \"masterOcsShell\": \"<string>\",\n  \"masterPassword\": \"<string>\",\n  \"masterX500Id\": \"<string>\"\n}","options":{"raw":{"language":"json"}}}},"status":"OK","code":200,"header":[{"key":"Content-Type","value":"application/json"}],"body":"{\n  \"processorInfo\": {\n    \"system\": \"enim irure laborum\",\n    \"cycle\": \"fugiat cupidatat anim Excepteur\",\n    \"tor\": \"adipisicing magna\",\n    \"mode\": \"Excepteur aliqua\"\n  },\n  \"tranCodes\": [\n    \"adipisi\",\n    \"do enim in ex\"\n  ]\n}","cookie":[],"_postman_previewlanguage":"json"}],"event":[],"protocolProfileBehavior":{"disableBodyPruning":true}},{"id":"4f35515d-bfb2-46ae-adc0-e2aa03119acb","name":"This function allows you to pull the OCS Prin Profile for your associated OCS User ID. ","request":{"name":"This function allows you to pull the OCS Prin Profile for your associated OCS User ID. ","description":{},"url":{"path":["ocs","v1","prinProfile"],"host":["{{baseUrl}}"],"query":[],"variable":[]},"header":[{"key":"Content-Type","value":"application/json"},{"key":"Accept","value":"application/json"}],"method":"POST","auth":null,"body":{"mode":"raw","raw":"{\n  \"common\": {\n    \"user\": \"<string>\",\n    \"agent\": \"<string>\",\n    \"cycle\": \"<string>\",\n    \"clientNumber\": \"<string>\",\n    \"system\": \"<string>\",\n    \"prin\": \"<string>\",\n    \"debug\": \"<boolean>\",\n    \"org\": \"<string>\",\n    \"processor\": \"<boolean>\",\n    \"contentType\": \"<string>\",\n    \"retry\": \"<long>\",\n    \"timeout\": \"<long>\",\n    \"siteId\": \"<string>\",\n    \"internalOrigin\": \"<boolean>\",\n    \"uuid\": \"<string>\"\n  }\n}","options":{"raw":{"language":"json"}}}},"response":[{"id":"fa26fcdb-a611-4056-b7fe-33a8f6fb4853","name":"successful operation","originalRequest":{"url":{"path":["ocs","v1","prinProfile"],"host":["{{baseUrl}}"],"query":[],"variable":[]},"header":[{"key":"Accept","value":"application/json"}],"method":"POST","body":{"mode":"raw","raw":"{\n  \"common\": {\n    \"user\": \"<string>\",\n    \"agent\": \"4000\",\n    \"cycle\": \"T\",\n    \"clientNumber\": \"1000\",\n    \"system\": \"2000\",\n    \"prin\": \"3000\",\n    \"debug\": \"<boolean>\",\n    \"org\": \"<string>\",\n    \"processor\": \"<boolean>\",\n    \"contentType\": \"<string>\",\n    \"retry\": 0,\n    \"timeout\": 45000,\n    \"siteId\": \"4201\",\n    \"internalOrigin\": \"<boolean>\",\n    \"uuid\": \"a5eac27d-cd89-4096-a331-306480bfee76\"\n  }\n}","options":{"raw":{"language":"json"}}}},"status":"OK","code":200,"header":[{"key":"Content-Type","value":"application/json"}],"body":"{\n  \"common\": {\n    \"user\": \"<string>\",\n    \"agent\": \"4000\",\n    \"cycle\": \"T\",\n    \"clientNumber\": \"1000\",\n    \"system\": \"2000\",\n    \"prin\": \"3000\",\n    \"debug\": \"<boolean>\",\n    \"org\": \"<string>\",\n    \"processor\": \"<boolean>\",\n    \"contentType\": \"<string>\",\n    \"retry\": 0,\n    \"timeout\": 45000,\n    \"siteId\": \"4201\",\n    \"internalOrigin\": \"<boolean>\",\n    \"uuid\": \"a5eac27d-cd89-4096-a331-306480bfee76\"\n  },\n  \"prinProfiles\": [\n    \"e\",\n    \"dolore ut dolore\"\n  ]\n}","cookie":[],"_postman_previewlanguage":"json"}],"event":[],"protocolProfileBehavior":{"disableBodyPruning":true}},{"id":"4821f94f-d49e-42d2-b556-ddefa712c058","name":"OcsAuthentication","request":{"name":"OcsAuthentication","description":{"content":"This function returns the modulus and exponent values of the RSA Encyrption key used by OCS Web Services.","type":"text/plain"},"url":{"path":["ocs","v1","rsaKeyInfo"],"host":["{{baseUrl}}"],"query":[],"variable":[]},"header":[{"key":"Content-Type","value":"application/json"},{"key":"Accept","value":"application/json"}],"method":"POST","auth":null,"body":{"mode":"raw","raw":"{\n  \"common\": {\n    \"user\": \"<string>\",\n    \"agent\": \"<string>\",\n    \"cycle\": \"<string>\",\n    \"clientNumber\": \"<string>\",\n    \"system\": \"<string>\",\n    \"prin\": \"<string>\",\n    \"debug\": \"<boolean>\",\n    \"org\": \"<string>\",\n    \"processor\": \"<boolean>\",\n    \"contentType\": \"<string>\",\n    \"retry\": \"<long>\",\n    \"timeout\": \"<long>\",\n    \"siteId\": \"<string>\",\n    \"internalOrigin\": \"<boolean>\",\n    \"uuid\": \"<string>\"\n  }\n}","options":{"raw":{"language":"json"}}}},"response":[{"id":"a41a3e24-eb41-468f-ac4e-8ce0974e0583","name":"successful operation","originalRequest":{"url":{"path":["ocs","v1","rsaKeyInfo"],"host":["{{baseUrl}}"],"query":[],"variable":[]},"header":[{"key":"Accept","value":"application/json"}],"method":"POST","body":{"mode":"raw","raw":"{\n  \"common\": {\n    \"user\": \"<string>\",\n    \"agent\": \"4000\",\n    \"cycle\": \"T\",\n    \"clientNumber\": \"1000\",\n    \"system\": \"2000\",\n    \"prin\": \"3000\",\n    \"debug\": \"<boolean>\",\n    \"org\": \"<string>\",\n    \"processor\": \"<boolean>\",\n    \"contentType\": \"<string>\",\n    \"retry\": 0,\n    \"timeout\": 45000,\n    \"siteId\": \"4201\",\n    \"internalOrigin\": \"<boolean>\",\n    \"uuid\": \"a5eac27d-cd89-4096-a331-306480bfee76\"\n  }\n}","options":{"raw":{"language":"json"}}}},"status":"OK","code":200,"header":[{"key":"Content-Type","value":"application/json"}],"body":"{\n  \"common\": {\n    \"user\": \"<string>\",\n    \"agent\": \"4000\",\n    \"cycle\": \"T\",\n    \"clientNumber\": \"1000\",\n    \"system\": \"2000\",\n    \"prin\": \"3000\",\n    \"debug\": \"<boolean>\",\n    \"org\": \"<string>\",\n    \"processor\": \"<boolean>\",\n    \"contentType\": \"<string>\",\n    \"retry\": 0,\n    \"timeout\": 45000,\n    \"siteId\": \"4201\",\n    \"internalOrigin\": \"<boolean>\",\n    \"uuid\": \"a5eac27d-cd89-4096-a331-306480bfee76\"\n  },\n  \"modulus\": \"ex ullamco amet Duis\",\n  \"exponent\": \"reprehenderit adipisicing in exercitation\"\n}","cookie":[],"_postman_previewlanguage":"json"}],"event":[],"protocolProfileBehavior":{"disableBodyPruning":true}},{"id":"bdbd74c2-dfba-4c81-bca7-88c4f3aa6227","name":"OCS_SHELL_ADD RPC","request":{"name":"OCS_SHELL_ADD RPC","description":{"content":"This function allows you add new operator shells to OCS. This function is only accessible by security administrators. This remote procedural call utilizes the OCS_SHELL_ADD function. This function emulates option A of the FDSA transaction.<br><br> <b>Relates to:</b>\n  \n  <blockquote style=\"border-left: 0.375em solid #40a9ff; background-color: #e6f7ff; border-radius: 3px; padding: 1em;\" ><div>OCS_SHELL_ADD RPC, <a target=\"_blank\" title=\"Click to open in a new tab\" href=\"https://documentation.fiserv.com/bundle/Open-Data-Streams/page/00A_ODS_HC/05ODS_OCSrpcs/05ODS_OCSrpcs.xhtml#index_41707\"> click here</a>.</div></blockquote>","type":"text/plain"},"url":{"path":["ocs","v1","shellAdd"],"host":["{{baseUrl}}"],"query":[],"variable":[]},"header":[{"key":"Content-Type","value":"application/json"},{"key":"Accept","value":"application/json"}],"method":"POST","auth":null,"body":{"mode":"raw","raw":"{\n  \"groupIdentifier\": \"<string>\",\n  \"operatorIdentifier\": \"<string>\",\n  \"principalProfileIdentifier\": \"<string>\",\n  \"shellIdentifier\": \"<string>\",\n  \"transactionProfileIdentifier\": \"<string>\",\n  \"accountProfileIdentifier\": \"<string>\",\n  \"hierarchyOneCode\": \"<string>\",\n  \"hierarchyTwoCode\": \"<string>\",\n  \"hierarchyThreeCode\": \"<string>\",\n  \"hierarchyFourCode\": \"<string>\",\n  \"fieldProfileIdentifier\": \"<string>\",\n  \"description\": \"<string>\",\n  \"singleSessionIndicator\": \"<string>\",\n  \"employeeIdentifier\": \"<string>\",\n  \"supervisorShellIdentifier\": \"<string>\",\n  \"reportUserIdentifier\": \"<string>\",\n  \"areaIdentifier\": \"<string>\",\n  \"levelCode\": \"<string>\",\n  \"collectorCode\": \"<string>\",\n  \"passwordNeverExpiresIndicator\": \"<string>\",\n  \"expirationDate\": \"<string>\",\n  \"neverDisableIndicator\": \"<string>\",\n  \"comment\": \"<string>\",\n  \"dayAccessControlCode\": \"<string>\",\n  \"timeAccessControlCode\": \"<string>\",\n  \"specialAccessControlCode\": \"<string>\",\n  \"requestToken\": \"<string>\",\n  \"password\": \"<string>\"\n}","options":{"raw":{"language":"json"}}}},"response":[{"id":"761d927a-d51e-4a94-a349-d397193afef4","name":"successful operation","originalRequest":{"url":{"path":["ocs","v1","shellAdd"],"host":["{{baseUrl}}"],"query":[],"variable":[]},"header":[{"key":"Accept","value":"application/json"}],"method":"POST","body":{"mode":"raw","raw":"{\n  \"groupIdentifier\": \"zaYQ\",\n  \"operatorIdentifier\": \"Y_N\",\n  \"principalProfileIdentifier\": \"1jA3WOeW\",\n  \"shellIdentifier\": \"5raH0Eei\",\n  \"transactionProfileIdentifier\": \"hc8igJND\",\n  \"accountProfileIdentifier\": \"F3mShpEo\",\n  \"hierarchyOneCode\": \"ezsc\",\n  \"hierarchyTwoCode\": \"rhUj\",\n  \"hierarchyThreeCode\": \"GDX6\",\n  \"hierarchyFourCode\": \"CVek\",\n  \"fieldProfileIdentifier\": \"2aa4OaGF\",\n  \"description\": \"hY1dwjqdAdJbd0TrC5fjLgb4XptkKV\",\n  \"singleSessionIndicator\": \"N\",\n  \"employeeIdentifier\": \"a5EyRGDTS\",\n  \"supervisorShellIdentifier\": \"q40X1W1F\",\n  \"reportUserIdentifier\": \"pkMN\",\n  \"areaIdentifier\": \"BM0ObNq1\",\n  \"levelCode\": \"00\",\n  \"collectorCode\": \"<string>\",\n  \"passwordNeverExpiresIndicator\": \"N\",\n  \"expirationDate\": \"<string>\",\n  \"neverDisableIndicator\": \"N\",\n  \"comment\": \"eQsQyJeQaLhjacGXb4hmh0dgBkHXLM\",\n  \"dayAccessControlCode\": \"NNYNYYY\",\n  \"timeAccessControlCode\": \"YNYNYYYYNNYYYNNYYNYYNYYYYNYNYYNNYNNYNNYYYNYYNYYN\",\n  \"specialAccessControlCode\": \"<string>\",\n  \"requestToken\": \"qetbP3AA7XHVozJ4\",\n  \"password\": \"DzYwu8el\"\n}","options":{"raw":{"language":"json"}}}},"status":"OK","code":200,"header":[{"key":"Content-Type","value":"application/json"}],"body":"{\n  \"processorInfo\": {\n    \"system\": \"officia esse nostrud\",\n    \"cycle\": \"laborum elit\",\n    \"tor\": \"laborum\",\n    \"mode\": \"dolore Lorem sed officia\"\n  },\n  \"messages\": [\n    {\n      \"resultCode\": \"Duis nisi dolore officia\",\n      \"messageText\": \"culpa consequat\",\n      \"transactionStatus\": \"quis\"\n    },\n    {\n      \"resultCode\": \"sed ut\",\n      \"messageText\": \"amet minim\",\n      \"transactionStatus\": \"in dolor Ut\"\n    }\n  ]\n}","cookie":[],"_postman_previewlanguage":"json"}],"event":[],"protocolProfileBehavior":{"disableBodyPruning":true}},{"id":"84e9f24b-d576-45b6-aeb6-a0b9e9ddcf6d","name":"OCS_SHELL_DELETE RPC","request":{"name":"OCS_SHELL_DELETE RPC","description":{"content":"This function allows you to remove operator shells from OCS. Security administrators are the only ones that can use this execution. This function emulates option G of the FDSA transaction. This remote procedural call utilizes the OCS_SHELL_DELETE function.<br><br> <b>Relates to:</b>\n  \n  <blockquote style=\"border-left: 0.375em solid #40a9ff; background-color: #e6f7ff; border-radius: 3px; padding: 1em;\" ><div>OCS_SHELL_DELETE RPC, <a target=\"_blank\" title=\"Click to open in a new tab\" href=\"https://documentation.fiserv.com/bundle/Open-Data-Streams/page/00A_ODS_HC/05ODS_OCSrpcs/05ODS_OCSrpcs.xhtml#index_36704\"> click here</a>.</div></blockquote>","type":"text/plain"},"url":{"path":["ocs","v1","shellDelete"],"host":["{{baseUrl}}"],"query":[],"variable":[]},"header":[{"key":"Content-Type","value":"application/json"},{"key":"Accept","value":"application/json"}],"method":"POST","auth":null,"body":{"mode":"raw","raw":"{\n  \"groupIdentifier\": \"<string>\",\n  \"shellIdentifier\": \"<string>\"\n}","options":{"raw":{"language":"json"}}}},"response":[{"id":"80906632-f00c-4e58-b212-0aaa611162c1","name":"successful operation","originalRequest":{"url":{"path":["ocs","v1","shellDelete"],"host":["{{baseUrl}}"],"query":[],"variable":[]},"header":[{"key":"Accept","value":"application/json"}],"method":"POST","body":{"mode":"raw","raw":"{\n  \"groupIdentifier\": \"J7DZ\",\n  \"shellIdentifier\": \"wj9S7NLp\"\n}","options":{"raw":{"language":"json"}}}},"status":"OK","code":200,"header":[{"key":"Content-Type","value":"application/json"}],"body":"{\n  \"processorInfo\": {\n    \"system\": \"officia esse nostrud\",\n    \"cycle\": \"laborum elit\",\n    \"tor\": \"laborum\",\n    \"mode\": \"dolore Lorem sed officia\"\n  },\n  \"messages\": [\n    {\n      \"resultCode\": \"Duis nisi dolore officia\",\n      \"messageText\": \"culpa consequat\",\n      \"transactionStatus\": \"quis\"\n    },\n    {\n      \"resultCode\": \"sed ut\",\n      \"messageText\": \"amet minim\",\n      \"transactionStatus\": \"in dolor Ut\"\n    }\n  ]\n}","cookie":[],"_postman_previewlanguage":"json"}],"event":[],"protocolProfileBehavior":{"disableBodyPruning":true}},{"id":"9e504c6d-9268-4053-8612-739d83ff93f9","name":"OCS_SHELL_ENABLE RPC","request":{"name":"OCS_SHELL_ENABLE RPC","description":{"content":"This function executes allows you to enable an operator shell that was disabled because of invalid sign-on attempts. This function emulates option A of the FDSA transaction. This remote procedural call utilizes the OCS_SHELL_ENABLE function.<br><br> <b>Relates to:</b>\n  \n  <blockquote style=\"border-left: 0.375em solid #40a9ff; background-color: #e6f7ff; border-radius: 3px; padding: 1em;\" ><div>OCS_SHELL_ENABLE RPC, <a target=\"_blank\" title=\"Click to open in a new tab\" href=\"https://documentation.fiserv.com/bundle/Open-Data-Streams/page/00A_ODS_HC/05ODS_OCSrpcs/05ODS_OCSrpcs.xhtml#index_36691\"> click here</a>.</div></blockquote>","type":"text/plain"},"url":{"path":["ocs","v1","shellEnable"],"host":["{{baseUrl}}"],"query":[],"variable":[]},"header":[{"key":"Content-Type","value":"application/json"},{"key":"Accept","value":"application/json"}],"method":"POST","auth":null,"body":{"mode":"raw","raw":"{\n  \"groupIdentifier\": \"<string>\",\n  \"shellIdentifier\": \"<string>\"\n}","options":{"raw":{"language":"json"}}}},"response":[{"id":"2c73d041-878b-428d-b2f5-b17653a4ff18","name":"successful operation","originalRequest":{"url":{"path":["ocs","v1","shellEnable"],"host":["{{baseUrl}}"],"query":[],"variable":[]},"header":[{"key":"Accept","value":"application/json"}],"method":"POST","body":{"mode":"raw","raw":"{\n  \"groupIdentifier\": \"J7DZ\",\n  \"shellIdentifier\": \"wj9S7NLp\"\n}","options":{"raw":{"language":"json"}}}},"status":"OK","code":200,"header":[{"key":"Content-Type","value":"application/json"}],"body":"{\n  \"processorInfo\": {\n    \"system\": \"officia esse nostrud\",\n    \"cycle\": \"laborum elit\",\n    \"tor\": \"laborum\",\n    \"mode\": \"dolore Lorem sed officia\"\n  },\n  \"messages\": [\n    {\n      \"resultCode\": \"Duis nisi dolore officia\",\n      \"messageText\": \"culpa consequat\",\n      \"transactionStatus\": \"quis\"\n    },\n    {\n      \"resultCode\": \"sed ut\",\n      \"messageText\": \"amet minim\",\n      \"transactionStatus\": \"in dolor Ut\"\n    }\n  ]\n}","cookie":[],"_postman_previewlanguage":"json"}],"event":[],"protocolProfileBehavior":{"disableBodyPruning":true}},{"id":"d845b8c8-218e-4a53-9894-ea15963a6d91","name":"OCS_SHELL_PASSWORD_RESET RPC","request":{"name":"OCS_SHELL_PASSWORD_RESET RPC","description":{"content":"This function allows you to reset an operator's password. The RPC is controlled by the Current System Options screen in OCS. If the require initial password field on that screen is set to Y, indicating that the System requires an initial password, then the call requires a password. A password can be provided via the PSSW_TX element. A password can be reset to null by leaving the PSSW_TX element blank. This remote procedural call utilizes the OCS_SHELL_PASSWORD_RESET function. This function emulates option G of the FDSA transaction.<br><br> <b>Relates to:</b>\n  \n  <blockquote style=\"border-left: 0.375em solid #40a9ff; background-color: #e6f7ff; border-radius: 3px; padding: 1em;\" ><div>OCS_SHELL_PASSWORD_RESET RPC, <a target=\"_blank\" title=\"Click to open in a new tab\" href=\"https://documentation.fiserv.com/bundle/Open-Data-Streams/page/00A_ODS_HC/05ODS_OCSrpcs/05ODS_OCSrpcs.xhtml#index_36692\"> click here</a>.</div></blockquote>","type":"text/plain"},"url":{"path":["ocs","v1","shellPasswordReset"],"host":["{{baseUrl}}"],"query":[],"variable":[]},"header":[{"key":"Content-Type","value":"application/json"},{"key":"Accept","value":"application/json"}],"method":"POST","auth":null,"body":{"mode":"raw","raw":"{\n  \"groupIdentifier\": \"<string>\",\n  \"shellIdentifier\": \"<string>\",\n  \"requestToken\": \"<string>\",\n  \"password\": \"<string>\"\n}","options":{"raw":{"language":"json"}}}},"response":[{"id":"8e1b7178-afb8-49e6-a9cb-31ee28f8110c","name":"successful operation","originalRequest":{"url":{"path":["ocs","v1","shellPasswordReset"],"host":["{{baseUrl}}"],"query":[],"variable":[]},"header":[{"key":"Accept","value":"application/json"}],"method":"POST","body":{"mode":"raw","raw":"{\n  \"groupIdentifier\": \"nBoQ\",\n  \"shellIdentifier\": \"P7Ic4Nax\",\n  \"requestToken\": \"duQ38hxVvUiJZJxy\",\n  \"password\": \"sAFwz8TQ\"\n}","options":{"raw":{"language":"json"}}}},"status":"OK","code":200,"header":[{"key":"Content-Type","value":"application/json"}],"body":"{\n  \"processorInfo\": {\n    \"system\": \"officia esse nostrud\",\n    \"cycle\": \"laborum elit\",\n    \"tor\": \"laborum\",\n    \"mode\": \"dolore Lorem sed officia\"\n  },\n  \"messages\": [\n    {\n      \"resultCode\": \"Duis nisi dolore officia\",\n      \"messageText\": \"culpa consequat\",\n      \"transactionStatus\": \"quis\"\n    },\n    {\n      \"resultCode\": \"sed ut\",\n      \"messageText\": \"amet minim\",\n      \"transactionStatus\": \"in dolor Ut\"\n    }\n  ]\n}","cookie":[],"_postman_previewlanguage":"json"}],"event":[],"protocolProfileBehavior":{"disableBodyPruning":true}},{"id":"fd3a89d7-119b-4ef6-90f5-9791e434df15","name":"OCS_SHELL_UPDATE RPC","request":{"name":"OCS_SHELL_UPDATE RPC","description":{"content":"This function allows you update operator shells in OCS. This function is only accessible by security administrators. This remote procedural call utilizes the OCS_SHELL_UPDATE function. This function emulates option A of the FDSA transaction.<br><br> <b>Relates to:</b>\n  \n  <blockquote style=\"border-left: 0.375em solid #40a9ff; background-color: #e6f7ff; border-radius: 3px; padding: 1em;\" ><div>OCS_SHELL_UPDATE RPC, <a target=\"_blank\" title=\"Click to open in a new tab\" href=\"https://documentation.fiserv.com/bundle/Open-Data-Streams/page/00A_ODS_HC/05ODS_OCSrpcs/05ODS_OCSrpcs.xhtml#index_36695\"> click here</a>.</div></blockquote>","type":"text/plain"},"url":{"path":["ocs","v1","shellUpdate"],"host":["{{baseUrl}}"],"query":[],"variable":[]},"header":[{"key":"Content-Type","value":"application/json"},{"key":"Accept","value":"application/json"}],"method":"POST","auth":null,"body":{"mode":"raw","raw":"{\n  \"groupIdentifier\": \"<string>\",\n  \"operatorIdentifier\": \"<string>\",\n  \"principalProfileIdentifier\": \"<string>\",\n  \"shellIdentifier\": \"<string>\",\n  \"transactionProfileIdentifier\": \"<string>\",\n  \"accountProfileIdentifier\": \"<string>\",\n  \"hierarchyOneCode\": \"<string>\",\n  \"hierarchyTwoCode\": \"<string>\",\n  \"hierarchyThreeCode\": \"<string>\",\n  \"hierarchyFourCode\": \"<string>\",\n  \"fieldProfileIdentifier\": \"<string>\",\n  \"description\": \"<string>\",\n  \"singleSessionIndicator\": \"<string>\",\n  \"employeeIdentifier\": \"<string>\",\n  \"supervisorShellIdentifier\": \"<string>\",\n  \"reportUserIdentifier\": \"<string>\",\n  \"areaIdentifier\": \"<string>\",\n  \"levelCode\": \"<string>\",\n  \"collectorCode\": \"<string>\",\n  \"passwordNeverExpiresIndicator\": \"<string>\",\n  \"expirationDate\": \"<string>\",\n  \"neverDisableIndicator\": \"<string>\",\n  \"comment\": \"<string>\",\n  \"dayAccessControlCode\": \"<string>\",\n  \"timeAccessControlCode\": \"<string>\",\n  \"specialAccessControlCode\": \"<string>\",\n  \"statusCode\": \"<string>\"\n}","options":{"raw":{"language":"json"}}}},"response":[{"id":"a3165c4e-e1f5-489c-836a-9033b5fbb142","name":"successful operation","originalRequest":{"url":{"path":["ocs","v1","shellUpdate"],"host":["{{baseUrl}}"],"query":[],"variable":[]},"header":[{"key":"Accept","value":"application/json"}],"method":"POST","body":{"mode":"raw","raw":"{\n  \"groupIdentifier\": \"rsJl\",\n  \"operatorIdentifier\": \"Xd@\",\n  \"principalProfileIdentifier\": \"YjDImuII\",\n  \"shellIdentifier\": \"uJ8LTYgz\",\n  \"transactionProfileIdentifier\": \"1ZeFu5yP\",\n  \"accountProfileIdentifier\": \"TZzGxLQf\",\n  \"hierarchyOneCode\": \"5dC9\",\n  \"hierarchyTwoCode\": \"5HOY\",\n  \"hierarchyThreeCode\": \"FXEU\",\n  \"hierarchyFourCode\": \"KzPu\",\n  \"fieldProfileIdentifier\": \"CoGCnscF\",\n  \"description\": \"XL9NJI8KL6y3YwW8voH9T1X9djVcpB\",\n  \"singleSessionIndicator\": \"Y\",\n  \"employeeIdentifier\": \"oQvUZb0QM\",\n  \"supervisorShellIdentifier\": \"cp0rbxf5\",\n  \"reportUserIdentifier\": \"d4Xk\",\n  \"areaIdentifier\": \"FMEJcV2d\",\n  \"levelCode\": \"01\",\n  \"collectorCode\": \"<string>\",\n  \"passwordNeverExpiresIndicator\": \"N\",\n  \"expirationDate\": \"<string>\",\n  \"neverDisableIndicator\": \"N\",\n  \"comment\": \"S5ZLMn8xMDC9gBudpsJTitsTeiy2wi\",\n  \"dayAccessControlCode\": \"NNYYNYY\",\n  \"timeAccessControlCode\": \"YYYNYNYYYNNNYNYNNNNYNYNNYNNNNNYNYYNYYNYYNYYNNYNN\",\n  \"specialAccessControlCode\": \"<string>\",\n  \"statusCode\": \"D\"\n}","options":{"raw":{"language":"json"}}}},"status":"OK","code":200,"header":[{"key":"Content-Type","value":"application/json"}],"body":"{\n  \"processorInfo\": {\n    \"system\": \"officia esse nostrud\",\n    \"cycle\": \"laborum elit\",\n    \"tor\": \"laborum\",\n    \"mode\": \"dolore Lorem sed officia\"\n  },\n  \"messages\": [\n    {\n      \"resultCode\": \"Duis nisi dolore officia\",\n      \"messageText\": \"culpa consequat\",\n      \"transactionStatus\": \"quis\"\n    },\n    {\n      \"resultCode\": \"sed ut\",\n      \"messageText\": \"amet minim\",\n      \"transactionStatus\": \"in dolor Ut\"\n    }\n  ]\n}","cookie":[],"_postman_previewlanguage":"json"}],"event":[],"protocolProfileBehavior":{"disableBodyPruning":true}},{"id":"79b9e943-623b-4e56-854f-29ac5de544fa","name":"OCS_SHELL ODS View","request":{"name":"OCS_SHELL ODS View","description":{"content":"The OCS_SHELL view allows you to view an employee's access controls to the First Data System.<br><br> <b>Relates to:</b>\n  \n  <blockquote style=\"border-left: 0.375em solid #40a9ff; background-color: #e6f7ff; border-radius: 3px; padding: 1em;\" ><div>OCS_SHELL View, <a target=\"_blank\" title=\"Click to open in a new tab\" href=\"https://documentation.fiserv.com/bundle/Open-Data-Streams/page/00A_ODS_HC/04ODS_OCSviews/04ODS_OCSviews.xhtml#index_64037\"> click here</a>.</div></blockquote>","type":"text/plain"},"url":{"path":["ocs","v1","shellView"],"host":["{{baseUrl}}"],"query":[],"variable":[]},"header":[{"key":"Content-Type","value":"application/json"},{"key":"Accept","value":"application/json"}],"method":"POST","auth":null,"body":{"mode":"raw","raw":"{\n  \"selectFields\": [\n    \"<string>\"\n  ],\n  \"shellIdentifier\": \"<string>\",\n  \"odsNaming\": \"<boolean>\"\n}","options":{"raw":{"language":"json"}}}},"response":[{"id":"2c89ff69-7288-472a-90c0-b6989003ac49","name":"successful operation","originalRequest":{"url":{"path":["ocs","v1","shellView"],"host":["{{baseUrl}}"],"query":[],"variable":[]},"header":[{"key":"Accept","value":"application/json"}],"method":"POST","body":{"mode":"raw","raw":"{\n  \"selectFields\": [\n    \"wW0sGr16mk\",\n    \"EfzqNA3XkU\",\n    \"mHgwKg6Drz\",\n    \"PihdT2Q6Q8\",\n    \"oV0E1CgRWX\",\n    \"ZDFdkpGHq0\",\n    \"amrlMv2eZK\",\n    \"ATE8VuTY8O\",\n    \"X74paDpWY1\",\n    \"0BYEKqFnCw\"\n  ],\n  \"shellIdentifier\": \"WIjJWoro\",\n  \"odsNaming\": \"<boolean>\"\n}","options":{"raw":{"language":"json"}}}},"status":"OK","code":200,"header":[{"key":"Content-Type","value":"application/json"}],"body":"{\n  \"processorInfo\": {\n    \"system\": \"pariatur reprehenderit ullamco incididunt cupidatat\",\n    \"cycle\": \"reprehenderit velit in\",\n    \"tor\": \"aute consequat Ut\",\n    \"mode\": \"aliquip ex in\"\n  },\n  \"selectedFields\": {},\n  \"accountProfileIdentifier\": \"laborum sit\",\n  \"addedDate\": \"minim voluptate ipsum proident\",\n  \"areaIdentifier\": \"deserunt minim anim\",\n  \"collectorCode\": \"laboris qui nisi in\",\n  \"comment\": \"laborum dolor\",\n  \"dayAccessControlCode\": \"sunt\",\n  \"description\": \"laborum eu ei\",\n  \"employeeIdentifier\": \"Duis nisi\",\n  \"expirationDate\": \"ullamco ni\",\n  \"fieldProfileIdentifier\": \"nisi voluptate nulla irure\",\n  \"groupIdentifier\": \"cillum\",\n  \"hierarchyFourCode\": \"ex veniam non voluptate\",\n  \"hierarchyOneCode\": \"dolore anim Excepteur\",\n  \"hierarchyThreeCode\": \"consequat do\",\n  \"hierarchyTwoCode\": \"ullamco\",\n  \"lastUpdateDate\": \"anim commodo laboris\",\n  \"lastUsedDate\": \"ea Excepteur inci\",\n  \"levelCode\": \"sed anim\",\n  \"neverDisableIndicator\": \"sint ex nisi cillum exercitation\",\n  \"operatorIdentifier\": \"sit dolore nisi\",\n  \"passwordChangeDate\": \"eiusmod sunt commodo irure Ut\",\n  \"passwordNeverExpiresIndicator\": \"adipisicing non ipsum Lorem\",\n  \"principalProfileIdentifier\": \"in dolore\",\n  \"reportUserIdentifier\": \"commodo sed sint laborum\",\n  \"shellIdentifier\": \"consectetur laboris Ut\",\n  \"singleSessionIndicator\": \"sit\",\n  \"specialAccessControlCode\": \"in consequat\",\n  \"statusCode\": \"cupidatat do voluptate\",\n  \"subMasterIndicator\": \"no\",\n  \"supervisorShellIdentifier\": \"elit fugiat\",\n  \"timeAccessControlCode\": \"ea cupidatat mollit veniam\",\n  \"transactionProfileIdentifier\": \"id minim\"\n}","cookie":[],"_postman_previewlanguage":"json"}],"event":[],"protocolProfileBehavior":{"disableBodyPruning":true}},{"id":"3c35416e-040b-49ad-867e-f8260677f6fc","name":"OCS Validate Service","request":{"name":"OCS Validate Service","description":{"content":"This method will take in a username, password, x500id, and optionally an applicationId, and will return a list of all transaction codes that the specified credentials have access to.\nIf you do not provide an applicationId in the request, it will default the value to 'default'.\nThe list of possibleTranCodes is retrieved from Secure Config, under the qualifier 'com.firstdata.fs.entitlements' with key set to 'entitlementsMap'. If the transaction code is not provided in the Secure Config record returned with the above qualifier / key, it will not be validated and returned in the response. ","type":"text/plain"},"url":{"path":["ocs","v1","validate"],"host":["{{baseUrl}}"],"query":[],"variable":[]},"header":[{"key":"Accept","value":"application/json"}],"method":"POST","auth":null},"response":[{"id":"2fe1be26-44fd-48ec-b54e-ca545bcb29e6","name":"successful operation","originalRequest":{"url":{"path":["ocs","v1","validate"],"host":["{{baseUrl}}"],"query":[],"variable":[]},"header":[{"key":"Accept","value":"application/json"}],"method":"POST","body":{}},"status":"OK","code":200,"header":[{"key":"Content-Type","value":"application/json"}],"body":"{\n  \"processorInfo\": {\n    \"system\": \"commodo eu irure\",\n    \"cycle\": \"dolor\",\n    \"tor\": \"ut Duis\",\n    \"mode\": \"in deserunt incididunt\"\n  },\n  \"tranCodes\": [\n    \"qui enim non in\",\n    \"id in\"\n  ],\n  \"ocsPrinProfiles\": [\n    \"proident fugiat in magna commodo\",\n    \"anim minim\"\n  ]\n}","cookie":[],"_postman_previewlanguage":"json"}],"event":[],"protocolProfileBehavior":{"disableBodyPruning":true}}],"event":[]}],"event":[],"variable":[{"type":"string","value":"https://cat.api.firstdata.com/fs","key":"baseUrl"}],"info":{"_postman_id":"490482e2-19cf-4d31-ba84-40fb2baad592","name":"fs-devportal-services-1","schema":"https://schema.getpostman.com/json/collection/v2.1.0/collection.json","description":{"content":"Welcome to the Financial Services API documentation","type":"text/plain"}}}