{"item":[{"id":"26bc83ad-e80c-4fb7-a119-a926926d04f7","name":"Retrieve Reporting Offers","request":{"name":"Retrieve Reporting Offers","description":{"content":"API would process cosmosDB and retrieve the list of New offers (Inserts).","type":"text/plain"},"url":{"path":["offersbatch","v1","offersReportingBatch"],"host":["{{baseUrl}}"],"query":[],"variable":[]},"header":[{"key":"Content-Type","value":"application/json"},{"key":"Accept","value":"application/json"}],"method":"POST","auth":null,"body":{"mode":"raw","raw":"{\n  \"clientIdentifier\": \"<string>\",\n  \"reportType\": \"<string>\",\n  \"common\": {\n    \"user\": \"<string>\",\n    \"agent\": \"<string>\",\n    \"cycle\": \"<string>\",\n    \"clientNumber\": \"<string>\",\n    \"system\": \"<string>\",\n    \"prin\": \"<string>\",\n    \"debug\": \"<boolean>\",\n    \"org\": \"<string>\",\n    \"processor\": \"<boolean>\",\n    \"contentType\": \"<string>\",\n    \"retry\": \"<long>\",\n    \"timeout\": \"<long>\",\n    \"siteId\": \"<string>\",\n    \"internalOrigin\": \"<boolean>\",\n    \"externalCustomerId\": \"<string>\",\n    \"accountId\": \"<string>\",\n    \"presentationId\": \"<string>\",\n    \"rts\": \"<dateTime>\"\n  }\n}","options":{"raw":{"language":"json"}}}},"response":[{"id":"cd3ee569-947b-4046-bfa4-b7661e262cad","name":"successful operation","originalRequest":{"url":{"path":["offersbatch","v1","offersReportingBatch"],"host":["{{baseUrl}}"],"query":[],"variable":[]},"header":[{"key":"Accept","value":"application/json"}],"method":"POST","body":{"mode":"raw","raw":"{\n  \"clientIdentifier\": \"0000\",\n  \"reportType\": \"AVAILABLE\",\n  \"common\": {\n    \"user\": \"<string>\",\n    \"agent\": \"4000\",\n    \"cycle\": \"T\",\n    \"clientNumber\": \"1000\",\n    \"system\": \"2000\",\n    \"prin\": \"3000\",\n    \"debug\": \"<boolean>\",\n    \"org\": \"<string>\",\n    \"processor\": \"<boolean>\",\n    \"contentType\": \"<string>\",\n    \"retry\": 0,\n    \"timeout\": 45000,\n    \"siteId\": \"4201\",\n    \"internalOrigin\": \"<boolean>\",\n    \"externalCustomerId\": \"<string>\",\n    \"accountId\": \"8888888888888888\",\n    \"presentationId\": \"<string>\",\n    \"rts\": \"2024-06-10T10:40:26Z\"\n  }\n}","options":{"raw":{"language":"json"}}}},"status":"OK","code":200,"header":[{"key":"Content-Type","value":"application/json"}],"body":"{\n  \"processorInfo\": {\n    \"system\": \"\",\n    \"cycle\": \"labore sit ex\",\n    \"tor\": \"Duis laboris aliquip minim\",\n    \"mode\": \"reprehenderit\"\n  },\n  \"offers\": [\n    {\n      \"id\": \"eu pariatur dolore\",\n      \"offersUuid\": \"abcdefgh123456789012345678901234567890123456789013\",\n      \"clientIdentifier\": \"0000\",\n      \"systemIdentifier\": \"0000\",\n      \"prinIdentifier\": \"0000\",\n      \"agentIdentifier\": \"0000\",\n      \"accountIdentifier\": \"A:12345678901234567890:7f456e3a-4ca7-46ec-856e-3a4ca776ecea\",\n      \"presentationInstrumentIdentifier\": \"P:12345678901234567890:492299ff-537c-43ce-8a34-0d097de2eb1b\",\n      \"offerType\": \"iLOCC\",\n      \"createdDateAndTime\": \"05-02-2020 10:33:05.000\",\n      \"acceptedDateAndTime\": \"05-02-2020 10:33:05.000\",\n      \"declinedDateAndTime\": \"culpa reprehenderit\",\n      \"expiredDate\": \"20210323 or 03-23-2021 16:49:53.311-0400\",\n      \"offerDetails\": {\n        \"transaction\": {\n          \"transactionUuid\": \"tran1234567891\",\n          \"transactionCode\": \"253\",\n          \"transactionAmount\": \"500.00\",\n          \"transactionDate\": \"210226\",\n          \"transactionPostDate\": \"210226\",\n          \"transactionSettled\": false,\n          \"merchantName\": \"ABC Merchant1\",\n          \"merchantCategoryCode\": \"1235\",\n          \"cardAcceptorTerminalId\": \"12345678\",\n          \"industryTranId\": \"123456789012345\",\n          \"code\": \"12\"\n        },\n        \"promotion\": [\n          {\n            \"promotionIdentifier\": \"12345678\",\n            \"promotionTermLength\": \"015\",\n            \"planTextDescription\": \"Plan selected by client\",\n            \"annualInterestRate\": \"1.250\",\n            \"monthlyPaymentAmount\": \"30.25\",\n            \"monthlyRecurringFeeAmount\": \"2.00\",\n            \"totalMpd\": \"mollit non sint dolore\",\n            \"feeAmount\": \"adipisicing proident ea\"\n          },\n          {\n            \"promotionIdentifier\": \"12345678\",\n            \"promotionTermLength\": \"015\",\n            \"planTextDescription\": \"Plan selected by client\",\n            \"annualInterestRate\": \"1.250\",\n            \"monthlyPaymentAmount\": \"30.25\",\n            \"monthlyRecurringFeeAmount\": \"2.00\",\n            \"totalMpd\": \"velit sit anim\",\n            \"feeAmount\": \"veniam exercitat\"\n          }\n        ]\n      },\n      \"acceptedOfferInformation\": \"BHX1234\",\n      \"transaction\": {\n        \"transactionUuid\": \"tran1234567891\",\n        \"transactionCode\": \"253\",\n        \"transactionAmount\": \"500.00\",\n        \"transactionDate\": \"210226\",\n        \"transactionPostDate\": \"210226\",\n        \"transactionSettled\": false,\n        \"merchantName\": \"ABC Merchant1\",\n        \"merchantCategoryCode\": \"1235\",\n        \"cardAcceptorTerminalId\": \"12345678\",\n        \"industryTranId\": \"123456789012345\",\n        \"code\": \"12\"\n      },\n      \"promotion\": [\n        {\n          \"promotionIdentifier\": \"12345678\",\n          \"promotionTermLength\": \"015\",\n          \"planTextDescription\": \"Plan selected by client\",\n          \"annualInterestRate\": \"1.250\",\n          \"monthlyPaymentAmount\": \"30.25\",\n          \"monthlyRecurringFeeAmount\": \"2.00\",\n          \"totalMpd\": \"culpa\",\n          \"feeAmount\": \"proident\"\n        },\n        {\n          \"promotionIdentifier\": \"12345678\",\n          \"promotionTermLength\": \"015\",\n          \"planTextDescription\": \"Plan selected by client\",\n          \"annualInterestRate\": \"1.250\",\n          \"monthlyPaymentAmount\": \"30.25\",\n          \"monthlyRecurringFeeAmount\": \"2.00\",\n          \"totalMpd\": \"ea ullamco consectetur\",\n          \"feeAmount\": \"culpa dolore ullamc\"\n        }\n      ]\n    },\n    {\n      \"id\": \"enim\",\n      \"offersUuid\": \"abcdefgh123456789012345678901234567890123456789013\",\n      \"clientIdentifier\": \"0000\",\n      \"systemIdentifier\": \"0000\",\n      \"prinIdentifier\": \"0000\",\n      \"agentIdentifier\": \"0000\",\n      \"accountIdentifier\": \"A:12345678901234567890:7f456e3a-4ca7-46ec-856e-3a4ca776ecea\",\n      \"presentationInstrumentIdentifier\": \"P:12345678901234567890:492299ff-537c-43ce-8a34-0d097de2eb1b\",\n      \"offerType\": \"iLOCC\",\n      \"createdDateAndTime\": \"05-02-2020 10:33:05.000\",\n      \"acceptedDateAndTime\": \"05-02-2020 10:33:05.000\",\n      \"declinedDateAndTime\": \"dolore enim anim Duis\",\n      \"expiredDate\": \"20210323 or 03-23-2021 16:49:53.311-0400\",\n      \"offerDetails\": {\n        \"transaction\": {\n          \"transactionUuid\": \"tran1234567891\",\n          \"transactionCode\": \"253\",\n          \"transactionAmount\": \"500.00\",\n          \"transactionDate\": \"210226\",\n          \"transactionPostDate\": \"210226\",\n          \"transactionSettled\": false,\n          \"merchantName\": \"ABC Merchant1\",\n          \"merchantCategoryCode\": \"1235\",\n          \"cardAcceptorTerminalId\": \"12345678\",\n          \"industryTranId\": \"123456789012345\",\n          \"code\": \"12\"\n        },\n        \"promotion\": [\n          {\n            \"promotionIdentifier\": \"12345678\",\n            \"promotionTermLength\": \"015\",\n            \"planTextDescription\": \"Plan selected by client\",\n            \"annualInterestRate\": \"1.250\",\n            \"monthlyPaymentAmount\": \"30.25\",\n            \"monthlyRecurringFeeAmount\": \"2.00\",\n            \"totalMpd\": \"sunt do Ut\",\n            \"feeAmount\": \"Ut nulla venia\"\n          },\n          {\n            \"promotionIdentifier\": \"12345678\",\n            \"promotionTermLength\": \"015\",\n            \"planTextDescription\": \"Plan selected by client\",\n            \"annualInterestRate\": \"1.250\",\n            \"monthlyPaymentAmount\": \"30.25\",\n            \"monthlyRecurringFeeAmount\": \"2.00\",\n            \"totalMpd\": \"nostrud mollit\",\n            \"feeAmount\": \"laboris ea\"\n          }\n        ]\n      },\n      \"acceptedOfferInformation\": \"BHX1234\",\n      \"transaction\": {\n        \"transactionUuid\": \"tran1234567891\",\n        \"transactionCode\": \"253\",\n        \"transactionAmount\": \"500.00\",\n        \"transactionDate\": \"210226\",\n        \"transactionPostDate\": \"210226\",\n        \"transactionSettled\": false,\n        \"merchantName\": \"ABC Merchant1\",\n        \"merchantCategoryCode\": \"1235\",\n        \"cardAcceptorTerminalId\": \"12345678\",\n        \"industryTranId\": \"123456789012345\",\n        \"code\": \"12\"\n      },\n      \"promotion\": [\n        {\n          \"promotionIdentifier\": \"12345678\",\n          \"promotionTermLength\": \"015\",\n          \"planTextDescription\": \"Plan selected by client\",\n          \"annualInterestRate\": \"1.250\",\n          \"monthlyPaymentAmount\": \"30.25\",\n          \"monthlyRecurringFeeAmount\": \"2.00\",\n          \"totalMpd\": \"ut nulla\",\n          \"feeAmount\": \"est elit\"\n        },\n        {\n          \"promotionIdentifier\": \"12345678\",\n          \"promotionTermLength\": \"015\",\n          \"planTextDescription\": \"Plan selected by client\",\n          \"annualInterestRate\": \"1.250\",\n          \"monthlyPaymentAmount\": \"30.25\",\n          \"monthlyRecurringFeeAmount\": \"2.00\",\n          \"totalMpd\": \"magna velit elit mi\",\n          \"feeAmount\": \"sunt voluptate adipisicing non\"\n        }\n      ]\n    }\n  ]\n}","cookie":[],"_postman_previewlanguage":"json"}],"event":[],"protocolProfileBehavior":{"disableBodyPruning":true}}],"event":[],"variable":[{"type":"string","value":"https://cat.api.firstdata.com/fs","key":"baseUrl"}],"info":{"_postman_id":"162a6596-a9a4-4a4e-9b47-6bb31d2df654","name":"fs-devportal-services-1","schema":"https://schema.getpostman.com/json/collection/v2.1.0/collection.json","description":{"content":"Welcome to the Financial Services API documentation","type":"text/plain"}}}