{"item":[{"id":"380b6949-1d2a-481c-a036-aa1de439bed6","name":"Convert Feaid & Fepid to Voltage ","request":{"name":"Convert Feaid & Fepid to Voltage ","description":{},"url":{"path":["offersbatch","v1","convertFeidToVoltage"],"host":["{{baseUrl}}"],"query":[],"variable":[]},"header":[{"key":"Accept","value":"application/json"}],"method":"POST","auth":null},"response":[{"id":"b261d9e5-caf9-4c33-b607-73f58df63b2d","name":"successful operation","originalRequest":{"url":{"path":["offersbatch","v1","convertFeidToVoltage"],"host":["{{baseUrl}}"],"query":[],"variable":[]},"header":[{"key":"Accept","value":"application/json"}],"method":"POST","body":{}},"status":"OK","code":200,"header":[{"key":"Content-Type","value":"application/json"}],"body":"{\n  \"processorInfo\": {\n    \"system\": \"officia\",\n    \"cycle\": \"ad ut\",\n    \"tor\": \"sint cupidatat\",\n    \"mode\": \"est minim\"\n  },\n  \"messages\": [\n    {\n      \"resultCode\": \"voluptate\",\n      \"messageText\": \"exercitation\",\n      \"transactionStatus\": \"qui reprehenderit incididunt\"\n    },\n    {\n      \"resultCode\": \"non est\",\n      \"messageText\": \"ullamco\",\n      \"transactionStatus\": \"minim incididunt u\"\n    }\n  ]\n}","cookie":[],"_postman_previewlanguage":"json"}],"event":[],"protocolProfileBehavior":{"disableBodyPruning":true}}],"event":[],"variable":[{"type":"string","value":"https://cat.api.firstdata.com/fs","key":"baseUrl"}],"info":{"_postman_id":"13241f49-c4bc-4199-bc02-14427fea8794","name":"fs-devportal-services-1","schema":"https://schema.getpostman.com/json/collection/v2.1.0/collection.json","description":{"content":"Welcome to the Financial Services API documentation","type":"text/plain"}}}