{"item":[{"id":"8c048fec-63e0-41c7-b834-f07bc8ce45c6","name":"sacCardissuance/v1","item":[{"id":"0d164118-934b-41f0-b6be-abc5c19fde87","name":"This Rest API will support the status update at Group and Individual levels for cards which are compromised.\n The API should be able to handle actions like Block, Reissue, Block & Reissue, Letters only etc. It also updates the DB with the action performed on card status.","request":{"name":"This Rest API will support the status update at Group and Individual levels for cards which are compromised.\n The API should be able to handle actions like Block, Reissue, Block & Reissue, Letters only etc. It also updates the DB with the action performed on card status.","description":{"content":"This Rest API will support the status update at Group and Individual levels for cards which are compromised.\nThe API should be able to handle actions like Block, Reissue, Block & Reissue, Letters only etc. It also updates the DB with the action performed on card status. required fields cards.presentationId, cards.action, multiCardActionLevel","type":"text/plain"},"url":{"path":["sacCardissuance","v1","cardStatusUpdate"],"host":["{{baseUrl}}"],"query":[],"variable":[]},"header":[{"key":"Content-Type","value":"application/json"},{"key":"Accept","value":"application/json"}],"method":"POST","auth":null,"body":{"mode":"raw","raw":"{\n  \"common\": {\n    \"user\": \"<string>\",\n    \"agent\": \"<string>\",\n    \"cycle\": \"<string>\",\n    \"clientNumber\": \"<string>\",\n    \"system\": \"<string>\",\n    \"prin\": \"<string>\",\n    \"debug\": \"<boolean>\",\n    \"org\": \"<string>\",\n    \"processor\": \"<boolean>\",\n    \"contentType\": \"<string>\",\n    \"retry\": \"<long>\",\n    \"timeout\": \"<long>\",\n    \"siteId\": \"<string>\",\n    \"internalOrigin\": \"<boolean>\",\n    \"externalCustomerId\": \"<string>\",\n    \"accountId\": \"<string>\",\n    \"presentationId\": \"<string>\",\n    \"rts\": \"<dateTime>\"\n  },\n  \"multiCardActionLevel\": \"<boolean>\",\n  \"cards\": [\n    {\n      \"action\": \"<string>\",\n      \"presentationId\": \"<string>\"\n    },\n    {\n      \"action\": \"<string>\",\n      \"presentationId\": \"<string>\"\n    }\n  ]\n}","options":{"raw":{"language":"json"}}}},"response":[{"id":"c67ab7f0-7fc3-4c8c-bd0f-573a42a10277","name":"successful operation","originalRequest":{"url":{"path":["sacCardissuance","v1","cardStatusUpdate"],"host":["{{baseUrl}}"],"query":[],"variable":[]},"header":[{"key":"Accept","value":"application/json"}],"method":"POST","body":{"mode":"raw","raw":"{\n  \"common\": {\n    \"user\": \"<string>\",\n    \"agent\": \"4000\",\n    \"cycle\": \"T\",\n    \"clientNumber\": \"1000\",\n    \"system\": \"2000\",\n    \"prin\": \"3000\",\n    \"debug\": \"<boolean>\",\n    \"org\": \"<string>\",\n    \"processor\": \"<boolean>\",\n    \"contentType\": \"<string>\",\n    \"retry\": 0,\n    \"timeout\": 45000,\n    \"siteId\": \"4201\",\n    \"internalOrigin\": \"<boolean>\",\n    \"externalCustomerId\": \"<string>\",\n    \"accountId\": \"8888888888888888\",\n    \"presentationId\": \"<string>\",\n    \"rts\": \"2024-02-28T14:47:13Z\"\n  },\n  \"multiCardActionLevel\": \"<boolean>\",\n  \"cards\": [\n    {\n      \"action\": \"B\",\n      \"presentationId\": \"<string>\"\n    },\n    {\n      \"action\": \"B\",\n      \"presentationId\": \"<string>\"\n    }\n  ]\n}","options":{"raw":{"language":"json"}}}},"status":"OK","code":200,"header":[{"key":"Content-Type","value":"application/json"}],"body":"{\n  \"processorInfo\": {\n    \"system\": \"ipsum\",\n    \"cycle\": \"mollit in a\",\n    \"tor\": \"est incididun\",\n    \"mode\": \"laborum anim sit elit\"\n  },\n  \"messageMap\": {}\n}","cookie":[],"_postman_previewlanguage":"json"}],"event":[],"protocolProfileBehavior":{"disableBodyPruning":true}},{"id":"286f7393-9cdf-41b4-bde7-1e0ab74495a6","name":"FCVWCMPR DB2 View.","request":{"name":"FCVWCMPR DB2 View.","description":{"content":"This API will be used for retrieving the compromised card(s) details from DB.DB is loaded by the compromised card files received from Risk Team.Required Fields: system,prin,agent,statusCode,networkAlertNumber,fileReceivedDate | Must at least one of the fields should present","type":"text/plain"},"url":{"path":["sacCardissuance","v1","getAccount"],"host":["{{baseUrl}}"],"query":[],"variable":[]},"header":[{"key":"Content-Type","value":"application/json"},{"key":"Accept","value":"application/json"}],"method":"POST","auth":null,"body":{"mode":"raw","raw":"{\n  \"common\": {\n    \"user\": \"<string>\",\n    \"agent\": \"<string>\",\n    \"cycle\": \"<string>\",\n    \"clientNumber\": \"<string>\",\n    \"system\": \"<string>\",\n    \"prin\": \"<string>\",\n    \"debug\": \"<boolean>\",\n    \"org\": \"<string>\",\n    \"processor\": \"<boolean>\",\n    \"contentType\": \"<string>\",\n    \"retry\": \"<long>\",\n    \"timeout\": \"<long>\",\n    \"siteId\": \"<string>\",\n    \"internalOrigin\": \"<boolean>\",\n    \"externalCustomerId\": \"<string>\",\n    \"accountId\": \"<string>\",\n    \"presentationId\": \"<string>\",\n    \"rts\": \"<dateTime>\"\n  },\n  \"system\": \"<string>\",\n  \"prin\": \"<string>\",\n  \"agent\": \"<string>\",\n  \"statusCode\": \"<string>\",\n  \"networkAlertNumber\": \"<string>\",\n  \"fileReceivedDate\": \"<string>\",\n  \"fileReceivedDateRageFrom\": \"<string>\",\n  \"fileReceivedDateRageTo\": \"<string>\"\n}","options":{"raw":{"language":"json"}}}},"response":[{"id":"2d052029-7805-4163-b5aa-6ec3068562bb","name":"successful operation","originalRequest":{"url":{"path":["sacCardissuance","v1","getAccount"],"host":["{{baseUrl}}"],"query":[],"variable":[]},"header":[{"key":"Accept","value":"application/json"}],"method":"POST","body":{"mode":"raw","raw":"{\n  \"common\": {\n    \"user\": \"<string>\",\n    \"agent\": \"4000\",\n    \"cycle\": \"T\",\n    \"clientNumber\": \"1000\",\n    \"system\": \"2000\",\n    \"prin\": \"3000\",\n    \"debug\": \"<boolean>\",\n    \"org\": \"<string>\",\n    \"processor\": \"<boolean>\",\n    \"contentType\": \"<string>\",\n    \"retry\": 0,\n    \"timeout\": 45000,\n    \"siteId\": \"4201\",\n    \"internalOrigin\": \"<boolean>\",\n    \"externalCustomerId\": \"<string>\",\n    \"accountId\": \"8888888888888888\",\n    \"presentationId\": \"<string>\",\n    \"rts\": \"2024-02-28T14:47:13Z\"\n  },\n  \"system\": \"<string>\",\n  \"prin\": \"<string>\",\n  \"agent\": \"<string>\",\n  \"statusCode\": \"<string>\",\n  \"networkAlertNumber\": \"<string>\",\n  \"fileReceivedDate\": \"<string>\",\n  \"fileReceivedDateRageFrom\": \"<string>\",\n  \"fileReceivedDateRageTo\": \"<string>\"\n}","options":{"raw":{"language":"json"}}}},"status":"OK","code":200,"header":[{"key":"Content-Type","value":"application/json"}],"body":"{\n  \"processorInfo\": {\n    \"system\": \"nulla d\",\n    \"cycle\": \"nisi reprehenderit in aliquip\",\n    \"tor\": \"Lorem dolor tempor\",\n    \"mode\": \"eiusmod magna\"\n  },\n  \"getAccountsResponse\": [\n    {\n      \"presentationId\": \"cillum mollit\",\n      \"system\": \"Excepteur ullamco ut consequat\",\n      \"prin\": \"ullamco incididunt anim qui esse\",\n      \"agent\": \"laborum esse\",\n      \"dateReceived\": \"sunt eu\",\n      \"timeReceived\": \"labore\",\n      \"priorActionCode\": \"velit Ut nulla consectetur\",\n      \"lastMainteanceDate\": \"ipsum Lorem laborum non\",\n      \"statusCode\": \"nostrud in\",\n      \"networkAlertNumber\": \"non consecte\",\n      \"fileReceivedDate\": \"elit \",\n      \"fileReceivedDateRageFrom\": \"irure laboris dolor reprehenderit\",\n      \"fileReceivedDateRageTo\": \"adipis\",\n      \"statusReasonCode\": \"veniam sint Ut consectetur\"\n    },\n    {\n      \"presentationId\": \"est velit commodo aliqua\",\n      \"system\": \"deserunt Lorem\",\n      \"prin\": \"et reprehenderit deserunt esse\",\n      \"agent\": \"deserunt occaecat\",\n      \"dateReceived\": \"Duis\",\n      \"timeReceived\": \"dolore\",\n      \"priorActionCode\": \"velit Lorem anim consectetur\",\n      \"lastMainteanceDate\": \"sunt officia\",\n      \"statusCode\": \"cupidatat Excepteur\",\n      \"networkAlertNumber\": \"cillum in\",\n      \"fileReceivedDate\": \"esse ve\",\n      \"fileReceivedDateRageFrom\": \"Ut\",\n      \"fileReceivedDateRageTo\": \"ut tempor labore aliqua consectetur\",\n      \"statusReasonCode\": \"dolore nostrud\"\n    }\n  ]\n}","cookie":[],"_postman_previewlanguage":"json"}],"event":[],"protocolProfileBehavior":{"disableBodyPruning":true}}],"event":[]}],"event":[],"variable":[{"type":"string","value":"https://cat.api.firstdata.com/fs","key":"baseUrl"}],"info":{"_postman_id":"a481584d-4549-4909-97f9-fb6640cf5a7c","name":"fs-devportal-services-1","schema":"https://schema.getpostman.com/json/collection/v2.1.0/collection.json","description":{"content":"Welcome to the Financial Services API documentation","type":"text/plain"}}}