{"item":[{"id":"16bc91b3-9119-4196-b9eb-f590a2c87c62","name":"token/v6","item":[{"id":"a16a4207-8ffb-44ab-ae53-eba36d1f5e7a","name":"Change OCS Password","request":{"name":"Change OCS Password","description":{"content":"This service allows for the user to change their password on OCS.","type":"text/plain"},"url":{"path":["token","v6","changePassword"],"host":["{{baseUrl}}"],"query":[],"variable":[]},"header":[{"key":"Content-Type","value":"application/json"},{"key":"Accept","value":"application/json"}],"method":"POST","auth":null,"body":{"mode":"raw","raw":"{\n  \"common\": {\n    \"user\": \"<string>\",\n    \"agent\": \"<string>\",\n    \"cycle\": \"<string>\",\n    \"clientNumber\": \"<string>\",\n    \"system\": \"<string>\",\n    \"prin\": \"<string>\",\n    \"debug\": \"<boolean>\",\n    \"org\": \"<string>\",\n    \"processor\": \"<boolean>\",\n    \"contentType\": \"<string>\",\n    \"retry\": \"<long>\",\n    \"timeout\": \"<long>\",\n    \"siteId\": \"<string>\",\n    \"internalOrigin\": \"<boolean>\",\n    \"uuid\": \"<string>\"\n  },\n  \"username\": \"<string>\",\n  \"password\": \"<string>\",\n  \"x500Id\": \"<string>\",\n  \"newPassword\": \"<string>\"\n}","options":{"raw":{"language":"json"}}}},"response":[{"id":"88b72c6d-cbf3-4551-bd48-0909194a6734","name":"successful operation","originalRequest":{"url":{"path":["token","v6","changePassword"],"host":["{{baseUrl}}"],"query":[],"variable":[]},"header":[{"disabled":false,"description":"(Required) OAuth2.0 access token (Bearer token) that you get from security API","key":"Authorization","value":"Bearer <token>"},{"disabled":false,"description":"Request content type","key":"Content-Type","value":"application/json"},{"key":"Accept","value":"application/json"}],"method":"POST","body":{"mode":"raw","raw":"{\n  \"common\": {\n    \"user\": \"<string>\",\n    \"agent\": \"4000\",\n    \"cycle\": \"T\",\n    \"clientNumber\": \"1000\",\n    \"system\": \"2000\",\n    \"prin\": \"3000\",\n    \"debug\": \"<boolean>\",\n    \"org\": \"<string>\",\n    \"processor\": \"<boolean>\",\n    \"contentType\": \"<string>\",\n    \"retry\": 0,\n    \"timeout\": 45000,\n    \"siteId\": \"4201\",\n    \"internalOrigin\": \"<boolean>\",\n    \"uuid\": \"a5eac27d-cd89-4096-a331-306480bfee76\"\n  },\n  \"username\": \"<string>\",\n  \"password\": \"<string>\",\n  \"x500Id\": \"<string>\",\n  \"newPassword\": \"rpDk7Mkd\"\n}","options":{"raw":{"language":"json"}}}},"status":"OK","code":200,"header":[{"key":"Content-Type","value":"application/json"}],"body":"{\n  \"common\": {\n    \"user\": \"<string>\",\n    \"agent\": \"4000\",\n    \"cycle\": \"T\",\n    \"clientNumber\": \"1000\",\n    \"system\": \"2000\",\n    \"prin\": \"3000\",\n    \"debug\": \"<boolean>\",\n    \"org\": \"<string>\",\n    \"processor\": \"<boolean>\",\n    \"contentType\": \"<string>\",\n    \"retry\": 0,\n    \"timeout\": 45000,\n    \"siteId\": \"4201\",\n    \"internalOrigin\": \"<boolean>\",\n    \"uuid\": \"a5eac27d-cd89-4096-a331-306480bfee76\"\n  },\n  \"result\": \"nostrud et id ullamco\"\n}","cookie":[],"_postman_previewlanguage":"json"}],"event":[],"protocolProfileBehavior":{"disableBodyPruning":true}},{"id":"a49c5688-3ceb-4f77-bd49-96df9977226d","name":"Create JWT","request":{"name":"Create JWT","description":{"content":"This service authenticates a user against OCS and returns a JSON Web Token(JWT).  The JWT is used to authenticate API requests.  Authentication involves attaching an Authorization header to each request with a value of the JWT.","type":"text/plain"},"url":{"path":["token","v6","create"],"host":["{{baseUrl}}"],"query":[],"variable":[]},"header":[{"key":"Content-Type","value":"application/json"},{"key":"Accept","value":"application/json"}],"method":"POST","auth":null,"body":{"mode":"raw","raw":"{\n  \"common\": {\n    \"user\": \"<string>\",\n    \"agent\": \"<string>\",\n    \"cycle\": \"<string>\",\n    \"clientNumber\": \"<string>\",\n    \"system\": \"<string>\",\n    \"prin\": \"<string>\",\n    \"debug\": \"<boolean>\",\n    \"org\": \"<string>\",\n    \"processor\": \"<boolean>\",\n    \"contentType\": \"<string>\",\n    \"retry\": \"<long>\",\n    \"timeout\": \"<long>\",\n    \"siteId\": \"<string>\",\n    \"internalOrigin\": \"<boolean>\",\n    \"uuid\": \"<string>\"\n  },\n  \"username\": \"<string>\",\n  \"password\": \"<string>\",\n  \"x500Id\": \"<string>\",\n  \"applicationId\": \"<string>\"\n}","options":{"raw":{"language":"json"}}}},"response":[{"id":"46ae8781-0c53-4a88-a6ab-14699037665b","name":"successful operation","originalRequest":{"url":{"path":["token","v6","create"],"host":["{{baseUrl}}"],"query":[],"variable":[]},"header":[{"disabled":false,"description":"(Required) OAuth2.0 access token (Bearer token) that you get from security API","key":"Authorization","value":"Bearer <token>"},{"disabled":false,"description":"Request content type","key":"Content-Type","value":"application/json"},{"key":"Accept","value":"application/json"}],"method":"POST","body":{"mode":"raw","raw":"{\n  \"common\": {\n    \"user\": \"<string>\",\n    \"agent\": \"4000\",\n    \"cycle\": \"T\",\n    \"clientNumber\": \"1000\",\n    \"system\": \"2000\",\n    \"prin\": \"3000\",\n    \"debug\": \"<boolean>\",\n    \"org\": \"<string>\",\n    \"processor\": \"<boolean>\",\n    \"contentType\": \"<string>\",\n    \"retry\": 0,\n    \"timeout\": 45000,\n    \"siteId\": \"4201\",\n    \"internalOrigin\": \"<boolean>\",\n    \"uuid\": \"a5eac27d-cd89-4096-a331-306480bfee76\"\n  },\n  \"username\": \"7pjW7PiG\",\n  \"password\": \"<string>\",\n  \"x500Id\": \"97Zbg0sz\",\n  \"applicationId\": \"<string>\"\n}","options":{"raw":{"language":"json"}}}},"status":"OK","code":200,"header":[{"key":"Content-Type","value":"application/json"}],"body":"{\n  \"common\": {\n    \"user\": \"<string>\",\n    \"agent\": \"4000\",\n    \"cycle\": \"T\",\n    \"clientNumber\": \"1000\",\n    \"system\": \"2000\",\n    \"prin\": \"3000\",\n    \"debug\": \"<boolean>\",\n    \"org\": \"<string>\",\n    \"processor\": \"<boolean>\",\n    \"contentType\": \"<string>\",\n    \"retry\": 0,\n    \"timeout\": 45000,\n    \"siteId\": \"4201\",\n    \"internalOrigin\": \"<boolean>\",\n    \"uuid\": \"a5eac27d-cd89-4096-a331-306480bfee76\"\n  },\n  \"jwt\": \"laboris Ut enim dolore\",\n  \"activeSessions\": [\n    \"consectetur ex fugiat ut lab\",\n    \"deserunt proident eiusmod ni\"\n  ]\n}","cookie":[],"_postman_previewlanguage":"json"}],"event":[],"protocolProfileBehavior":{"disableBodyPruning":true}},{"id":"df607664-9675-46d1-b9e8-05495eb8a452","name":"End Active Session","request":{"name":"End Active Session","description":{"content":"This service will end an active session based off of the JWT passed in. ","type":"text/plain"},"url":{"path":["token","v6","endSession"],"host":["{{baseUrl}}"],"query":[],"variable":[]},"header":[{"key":"Content-Type","value":"application/json"},{"key":"Accept","value":"application/json"}],"method":"POST","auth":null,"body":{"mode":"raw","raw":"{\n  \"common\": {\n    \"user\": \"<string>\",\n    \"agent\": \"<string>\",\n    \"cycle\": \"<string>\",\n    \"clientNumber\": \"<string>\",\n    \"system\": \"<string>\",\n    \"prin\": \"<string>\",\n    \"debug\": \"<boolean>\",\n    \"org\": \"<string>\",\n    \"processor\": \"<boolean>\",\n    \"contentType\": \"<string>\",\n    \"retry\": \"<long>\",\n    \"timeout\": \"<long>\",\n    \"siteId\": \"<string>\",\n    \"internalOrigin\": \"<boolean>\",\n    \"uuid\": \"<string>\",\n    \"externalCustomerId\": \"<string>\",\n    \"accountId\": \"<string>\",\n    \"presentationId\": \"<string>\"\n  },\n  \"jwt\": \"<string>\",\n  \"username\": \"<string>\",\n  \"applicationId\": \"<string>\",\n  \"clientId\": \"<string>\"\n}","options":{"raw":{"language":"json"}}}},"response":[{"id":"7cedad71-1ad8-4a91-983c-42eaff49af5e","name":"successful operation","originalRequest":{"url":{"path":["token","v6","endSession"],"host":["{{baseUrl}}"],"query":[],"variable":[]},"header":[{"disabled":false,"description":"(Required) OAuth2.0 access token (Bearer token) that you get from security API","key":"Authorization","value":"Bearer <token>"},{"disabled":false,"description":"Request content type","key":"Content-Type","value":"application/json"},{"key":"Accept","value":"application/json"}],"method":"POST","body":{"mode":"raw","raw":"{\n  \"common\": {\n    \"user\": \"<string>\",\n    \"agent\": \"4000\",\n    \"cycle\": \"T\",\n    \"clientNumber\": \"1000\",\n    \"system\": \"2000\",\n    \"prin\": \"3000\",\n    \"debug\": \"<boolean>\",\n    \"org\": \"<string>\",\n    \"processor\": \"<boolean>\",\n    \"contentType\": \"<string>\",\n    \"retry\": 0,\n    \"timeout\": 45000,\n    \"siteId\": \"4201\",\n    \"internalOrigin\": \"<boolean>\",\n    \"uuid\": \"a5eac27d-cd89-4096-a331-306480bfee76\",\n    \"externalCustomerId\": \"<string>\",\n    \"accountId\": \"8888888888888888\",\n    \"presentationId\": \"<string>\"\n  },\n  \"jwt\": \"<string>\",\n  \"username\": \"<string>\",\n  \"applicationId\": \"<string>\",\n  \"clientId\": \"<string>\"\n}","options":{"raw":{"language":"json"}}}},"status":"OK","code":200,"header":[{"key":"Content-Type","value":"application/json"}],"body":"{\n  \"processorInfo\": {\n    \"system\": \"consectetur velit sunt incididunt amet\",\n    \"cycle\": \"aliqua\",\n    \"tor\": \"commodo velit cillum\",\n    \"mode\": \"sint adipisicing tempor voluptat\"\n  },\n  \"sessionEnded\": true\n}","cookie":[],"_postman_previewlanguage":"json"}],"event":[],"protocolProfileBehavior":{"disableBodyPruning":true}},{"id":"e138deef-b41c-41b5-b435-cf7824fd9906","name":"Renew JWT","request":{"name":"Renew JWT","description":{"content":"This service will extend the life of a valid JWT allowing an active user to continue making API requests without needing to re-authenticate with OCS.","type":"text/plain"},"url":{"path":["token","v6","renew"],"host":["{{baseUrl}}"],"query":[],"variable":[]},"header":[{"key":"Content-Type","value":"application/json"},{"key":"Accept","value":"application/json"}],"method":"POST","auth":null,"body":{"mode":"raw","raw":"{\n  \"common\": {\n    \"user\": \"<string>\",\n    \"agent\": \"<string>\",\n    \"cycle\": \"<string>\",\n    \"clientNumber\": \"<string>\",\n    \"system\": \"<string>\",\n    \"prin\": \"<string>\",\n    \"debug\": \"<boolean>\",\n    \"org\": \"<string>\",\n    \"processor\": \"<boolean>\",\n    \"contentType\": \"<string>\",\n    \"retry\": \"<long>\",\n    \"timeout\": \"<long>\",\n    \"siteId\": \"<string>\",\n    \"internalOrigin\": \"<boolean>\",\n    \"uuid\": \"<string>\",\n    \"externalCustomerId\": \"<string>\",\n    \"accountId\": \"<string>\",\n    \"presentationId\": \"<string>\"\n  },\n  \"jwt\": \"<string>\",\n  \"applicationId\": \"<string>\",\n  \"retainAccountInfo\": \"<boolean>\",\n  \"includeFeidClaims\": \"<boolean>\"\n}","options":{"raw":{"language":"json"}}}},"response":[{"id":"4cda0053-dbfa-4551-9e10-7ecac57c9eda","name":"successful operation","originalRequest":{"url":{"path":["token","v6","renew"],"host":["{{baseUrl}}"],"query":[],"variable":[]},"header":[{"disabled":false,"description":"(Required) OAuth2.0 access token (Bearer token) that you get from security API","key":"Authorization","value":"Bearer <token>"},{"disabled":false,"description":"Request content type","key":"Content-Type","value":"application/json"},{"key":"Accept","value":"application/json"}],"method":"POST","body":{"mode":"raw","raw":"{\n  \"common\": {\n    \"user\": \"<string>\",\n    \"agent\": \"4000\",\n    \"cycle\": \"T\",\n    \"clientNumber\": \"1000\",\n    \"system\": \"2000\",\n    \"prin\": \"3000\",\n    \"debug\": \"<boolean>\",\n    \"org\": \"<string>\",\n    \"processor\": \"<boolean>\",\n    \"contentType\": \"<string>\",\n    \"retry\": 0,\n    \"timeout\": 45000,\n    \"siteId\": \"4201\",\n    \"internalOrigin\": \"<boolean>\",\n    \"uuid\": \"a5eac27d-cd89-4096-a331-306480bfee76\",\n    \"externalCustomerId\": \"<string>\",\n    \"accountId\": \"8888888888888888\",\n    \"presentationId\": \"<string>\"\n  },\n  \"jwt\": \"<string>\",\n  \"applicationId\": \"<string>\",\n  \"retainAccountInfo\": \"<boolean>\",\n  \"includeFeidClaims\": \"<boolean>\"\n}","options":{"raw":{"language":"json"}}}},"status":"OK","code":200,"header":[{"key":"Content-Type","value":"application/json"}],"body":"{\n  \"common\": {\n    \"user\": \"<string>\",\n    \"agent\": \"4000\",\n    \"cycle\": \"T\",\n    \"clientNumber\": \"1000\",\n    \"system\": \"2000\",\n    \"prin\": \"3000\",\n    \"debug\": \"<boolean>\",\n    \"org\": \"<string>\",\n    \"processor\": \"<boolean>\",\n    \"contentType\": \"<string>\",\n    \"retry\": 0,\n    \"timeout\": 45000,\n    \"siteId\": \"4201\",\n    \"internalOrigin\": \"<boolean>\",\n    \"uuid\": \"a5eac27d-cd89-4096-a331-306480bfee76\"\n  },\n  \"jwt\": \"occaecat anim\",\n  \"activeSessions\": [\n    \"aliquip aliqua\",\n    \"do sed Duis ipsum\"\n  ]\n}","cookie":[],"_postman_previewlanguage":"json"}],"event":[],"protocolProfileBehavior":{"disableBodyPruning":true}},{"id":"fd796452-2d47-4c05-8843-1102952d58e6","name":"Retrieve Active Session","request":{"name":"Retrieve Active Session","description":{"content":"This service will search for an active session based off of the sessionId, user, application, or JWT. ","type":"text/plain"},"url":{"path":["token","v6","retrieveSession"],"host":["{{baseUrl}}"],"query":[],"variable":[]},"header":[{"key":"Content-Type","value":"application/json"},{"key":"Accept","value":"application/json"}],"method":"POST","auth":null,"body":{"mode":"raw","raw":"{\n  \"common\": {\n    \"user\": \"<string>\",\n    \"agent\": \"<string>\",\n    \"cycle\": \"<string>\",\n    \"clientNumber\": \"<string>\",\n    \"system\": \"<string>\",\n    \"prin\": \"<string>\",\n    \"debug\": \"<boolean>\",\n    \"org\": \"<string>\",\n    \"processor\": \"<boolean>\",\n    \"contentType\": \"<string>\",\n    \"retry\": \"<long>\",\n    \"timeout\": \"<long>\",\n    \"siteId\": \"<string>\",\n    \"internalOrigin\": \"<boolean>\",\n    \"uuid\": \"<string>\",\n    \"externalCustomerId\": \"<string>\",\n    \"accountId\": \"<string>\",\n    \"presentationId\": \"<string>\"\n  },\n  \"sessionId\": \"<string>\",\n  \"userId\": \"<string>\",\n  \"application\": \"<string>\",\n  \"clientId\": \"<string>\",\n  \"jwt\": \"<string>\"\n}","options":{"raw":{"language":"json"}}}},"response":[{"id":"f209799e-9fd1-48c4-81a6-f6f7b9fd101f","name":"successful operation","originalRequest":{"url":{"path":["token","v6","retrieveSession"],"host":["{{baseUrl}}"],"query":[],"variable":[]},"header":[{"disabled":false,"description":"(Required) OAuth2.0 access token (Bearer token) that you get from security API","key":"Authorization","value":"Bearer <token>"},{"disabled":false,"description":"Request content type","key":"Content-Type","value":"application/json"},{"key":"Accept","value":"application/json"}],"method":"POST","body":{"mode":"raw","raw":"{\n  \"common\": {\n    \"user\": \"<string>\",\n    \"agent\": \"4000\",\n    \"cycle\": \"T\",\n    \"clientNumber\": \"1000\",\n    \"system\": \"2000\",\n    \"prin\": \"3000\",\n    \"debug\": \"<boolean>\",\n    \"org\": \"<string>\",\n    \"processor\": \"<boolean>\",\n    \"contentType\": \"<string>\",\n    \"retry\": 0,\n    \"timeout\": 45000,\n    \"siteId\": \"4201\",\n    \"internalOrigin\": \"<boolean>\",\n    \"uuid\": \"a5eac27d-cd89-4096-a331-306480bfee76\",\n    \"externalCustomerId\": \"<string>\",\n    \"accountId\": \"8888888888888888\",\n    \"presentationId\": \"<string>\"\n  },\n  \"sessionId\": \"<string>\",\n  \"userId\": \"<string>\",\n  \"application\": \"<string>\",\n  \"clientId\": \"<string>\",\n  \"jwt\": \"<string>\"\n}","options":{"raw":{"language":"json"}}}},"status":"OK","code":200,"header":[{"key":"Content-Type","value":"application/json"}],"body":"{\n  \"processorInfo\": {\n    \"system\": \"ea\",\n    \"cycle\": \"nulla aliquip\",\n    \"tor\": \"proident labore dolor\",\n    \"mode\": \"est sint\"\n  },\n  \"sessionDetails\": [\n    {\n      \"userId\": \"laborum occaecat velit cillum\",\n      \"clientId\": \"fugiat esse pariatur\",\n      \"application\": \"Ut nisi voluptate\",\n      \"sessionId\": \"eu\",\n      \"refreshTime\": 23321755,\n      \"originIp\": \"non\"\n    },\n    {\n      \"userId\": \"anim deserunt amet\",\n      \"clientId\": \"Excepteur est culpa\",\n      \"application\": \"commodo esse ad culpa\",\n      \"sessionId\": \"sed velit aute\",\n      \"refreshTime\": 48123490,\n      \"originIp\": \"proident cupidatat eu aute\"\n    }\n  ]\n}","cookie":[],"_postman_previewlanguage":"json"}],"event":[],"protocolProfileBehavior":{"disableBodyPruning":true}}],"event":[]}],"event":[],"variable":[{"type":"string","value":"https://cat.api.firstdata.com/fs","key":"baseUrl"}],"info":{"_postman_id":"3831b93a-1bd2-4796-ae81-e0fe30065e3a","name":"fs-devportal-services-1","schema":"https://schema.getpostman.com/json/collection/v2.1.0/collection.json","description":{"content":"Welcome to the Financial Services API documentation","type":"text/plain"}}}