{"item":[{"id":"690fd504-09aa-4ebc-904b-0c2ffa946a35","name":"token/v6","item":[{"id":"9fab1671-0964-4dc2-bc85-a0c1d30fe79f","name":"Change OCS Password","request":{"name":"Change OCS Password","description":{"content":"This service allows for the user to change their password on OCS.","type":"text/plain"},"url":{"path":["token","v6","changePassword"],"host":["{{baseUrl}}"],"query":[],"variable":[]},"header":[{"key":"Content-Type","value":"application/json"},{"key":"Accept","value":"application/json"}],"method":"POST","auth":null,"body":{"mode":"raw","raw":"{\n  \"common\": {\n    \"user\": \"<string>\",\n    \"agent\": \"<string>\",\n    \"cycle\": \"<string>\",\n    \"clientNumber\": \"<string>\",\n    \"system\": \"<string>\",\n    \"prin\": \"<string>\",\n    \"debug\": \"<boolean>\",\n    \"org\": \"<string>\",\n    \"processor\": \"<boolean>\",\n    \"contentType\": \"<string>\",\n    \"retry\": \"<long>\",\n    \"timeout\": \"<long>\",\n    \"siteId\": \"<string>\",\n    \"internalOrigin\": \"<boolean>\",\n    \"uuid\": \"<string>\"\n  },\n  \"username\": \"<string>\",\n  \"password\": \"<string>\",\n  \"x500Id\": \"<string>\",\n  \"newPassword\": \"<string>\"\n}","options":{"raw":{"language":"json"}}}},"response":[{"id":"18044317-650b-468a-858a-bdf0471a5038","name":"successful operation","originalRequest":{"url":{"path":["token","v6","changePassword"],"host":["{{baseUrl}}"],"query":[],"variable":[]},"header":[{"disabled":false,"description":"(Required) OAuth2.0 access token (Bearer token) that you get from security API","key":"Authorization","value":"Bearer <token>"},{"disabled":false,"description":"Request content type","key":"Content-Type","value":"application/json"},{"key":"Accept","value":"application/json"}],"method":"POST","body":{"mode":"raw","raw":"{\n  \"common\": {\n    \"user\": \"<string>\",\n    \"agent\": \"4000\",\n    \"cycle\": \"T\",\n    \"clientNumber\": \"1000\",\n    \"system\": \"2000\",\n    \"prin\": \"3000\",\n    \"debug\": \"<boolean>\",\n    \"org\": \"<string>\",\n    \"processor\": \"<boolean>\",\n    \"contentType\": \"<string>\",\n    \"retry\": 0,\n    \"timeout\": 45000,\n    \"siteId\": \"4201\",\n    \"internalOrigin\": \"<boolean>\",\n    \"uuid\": \"a5eac27d-cd89-4096-a331-306480bfee76\"\n  },\n  \"username\": \"<string>\",\n  \"password\": \"<string>\",\n  \"x500Id\": \"<string>\",\n  \"newPassword\": \"MQcOn38A\"\n}","options":{"raw":{"language":"json"}}}},"status":"OK","code":200,"header":[{"key":"Content-Type","value":"application/json"}],"body":"{\n  \"common\": {\n    \"user\": \"<string>\",\n    \"agent\": \"4000\",\n    \"cycle\": \"T\",\n    \"clientNumber\": \"1000\",\n    \"system\": \"2000\",\n    \"prin\": \"3000\",\n    \"debug\": \"<boolean>\",\n    \"org\": \"<string>\",\n    \"processor\": \"<boolean>\",\n    \"contentType\": \"<string>\",\n    \"retry\": 0,\n    \"timeout\": 45000,\n    \"siteId\": \"4201\",\n    \"internalOrigin\": \"<boolean>\",\n    \"uuid\": \"a5eac27d-cd89-4096-a331-306480bfee76\"\n  },\n  \"result\": \"occaecat pariatur minim\"\n}","cookie":[],"_postman_previewlanguage":"json"}],"event":[],"protocolProfileBehavior":{"disableBodyPruning":true}},{"id":"3a678b7d-48d3-459a-abbd-3d7f317b90c4","name":"Create JWT","request":{"name":"Create JWT","description":{"content":"This service authenticates a user against OCS and returns a JSON Web Token(JWT).  The JWT is used to authenticate API requests.  Authentication involves attaching an Authorization header to each request with a value of the JWT.","type":"text/plain"},"url":{"path":["token","v6","create"],"host":["{{baseUrl}}"],"query":[],"variable":[]},"header":[{"key":"Content-Type","value":"application/json"},{"key":"Accept","value":"application/json"}],"method":"POST","auth":null,"body":{"mode":"raw","raw":"{\n  \"common\": {\n    \"user\": \"<string>\",\n    \"agent\": \"<string>\",\n    \"cycle\": \"<string>\",\n    \"clientNumber\": \"<string>\",\n    \"system\": \"<string>\",\n    \"prin\": \"<string>\",\n    \"debug\": \"<boolean>\",\n    \"org\": \"<string>\",\n    \"processor\": \"<boolean>\",\n    \"contentType\": \"<string>\",\n    \"retry\": \"<long>\",\n    \"timeout\": \"<long>\",\n    \"siteId\": \"<string>\",\n    \"internalOrigin\": \"<boolean>\",\n    \"uuid\": \"<string>\"\n  },\n  \"username\": \"<string>\",\n  \"password\": \"<string>\",\n  \"x500Id\": \"<string>\",\n  \"applicationId\": \"<string>\"\n}","options":{"raw":{"language":"json"}}}},"response":[{"id":"059fbd84-f9c8-438d-b495-cacbd054ed83","name":"successful operation","originalRequest":{"url":{"path":["token","v6","create"],"host":["{{baseUrl}}"],"query":[],"variable":[]},"header":[{"disabled":false,"description":"(Required) OAuth2.0 access token (Bearer token) that you get from security API","key":"Authorization","value":"Bearer <token>"},{"disabled":false,"description":"Request content type","key":"Content-Type","value":"application/json"},{"key":"Accept","value":"application/json"}],"method":"POST","body":{"mode":"raw","raw":"{\n  \"common\": {\n    \"user\": \"<string>\",\n    \"agent\": \"4000\",\n    \"cycle\": \"T\",\n    \"clientNumber\": \"1000\",\n    \"system\": \"2000\",\n    \"prin\": \"3000\",\n    \"debug\": \"<boolean>\",\n    \"org\": \"<string>\",\n    \"processor\": \"<boolean>\",\n    \"contentType\": \"<string>\",\n    \"retry\": 0,\n    \"timeout\": 45000,\n    \"siteId\": \"4201\",\n    \"internalOrigin\": \"<boolean>\",\n    \"uuid\": \"a5eac27d-cd89-4096-a331-306480bfee76\"\n  },\n  \"username\": \"xKDWyBiU\",\n  \"password\": \"<string>\",\n  \"x500Id\": \"W85ndrNO\",\n  \"applicationId\": \"<string>\"\n}","options":{"raw":{"language":"json"}}}},"status":"OK","code":200,"header":[{"key":"Content-Type","value":"application/json"}],"body":"{\n  \"common\": {\n    \"user\": \"<string>\",\n    \"agent\": \"4000\",\n    \"cycle\": \"T\",\n    \"clientNumber\": \"1000\",\n    \"system\": \"2000\",\n    \"prin\": \"3000\",\n    \"debug\": \"<boolean>\",\n    \"org\": \"<string>\",\n    \"processor\": \"<boolean>\",\n    \"contentType\": \"<string>\",\n    \"retry\": 0,\n    \"timeout\": 45000,\n    \"siteId\": \"4201\",\n    \"internalOrigin\": \"<boolean>\",\n    \"uuid\": \"a5eac27d-cd89-4096-a331-306480bfee76\"\n  },\n  \"jwt\": \"ipsum aliqua sint Excepteur ut\",\n  \"activeSessions\": [\n    \"Excepteur sunt\",\n    \"culpa consectetur\"\n  ]\n}","cookie":[],"_postman_previewlanguage":"json"}],"event":[],"protocolProfileBehavior":{"disableBodyPruning":true}},{"id":"75c08910-8a6c-4711-8579-082d17ff87fc","name":"End Active Session","request":{"name":"End Active Session","description":{"content":"This service will end an active session based off of the JWT passed in. ","type":"text/plain"},"url":{"path":["token","v6","endSession"],"host":["{{baseUrl}}"],"query":[],"variable":[]},"header":[{"key":"Content-Type","value":"application/json"},{"key":"Accept","value":"application/json"}],"method":"POST","auth":null,"body":{"mode":"raw","raw":"{\n  \"common\": {\n    \"user\": \"<string>\",\n    \"agent\": \"<string>\",\n    \"cycle\": \"<string>\",\n    \"clientNumber\": \"<string>\",\n    \"system\": \"<string>\",\n    \"prin\": \"<string>\",\n    \"debug\": \"<boolean>\",\n    \"org\": \"<string>\",\n    \"processor\": \"<boolean>\",\n    \"contentType\": \"<string>\",\n    \"retry\": \"<long>\",\n    \"timeout\": \"<long>\",\n    \"siteId\": \"<string>\",\n    \"internalOrigin\": \"<boolean>\",\n    \"uuid\": \"<string>\",\n    \"externalCustomerId\": \"<string>\",\n    \"accountId\": \"<string>\",\n    \"presentationId\": \"<string>\"\n  },\n  \"jwt\": \"<string>\",\n  \"username\": \"<string>\",\n  \"applicationId\": \"<string>\",\n  \"clientId\": \"<string>\"\n}","options":{"raw":{"language":"json"}}}},"response":[{"id":"b12e91e3-11e6-4c39-82ca-7650955c0708","name":"successful operation","originalRequest":{"url":{"path":["token","v6","endSession"],"host":["{{baseUrl}}"],"query":[],"variable":[]},"header":[{"disabled":false,"description":"(Required) OAuth2.0 access token (Bearer token) that you get from security API","key":"Authorization","value":"Bearer <token>"},{"disabled":false,"description":"Request content type","key":"Content-Type","value":"application/json"},{"key":"Accept","value":"application/json"}],"method":"POST","body":{"mode":"raw","raw":"{\n  \"common\": {\n    \"user\": \"<string>\",\n    \"agent\": \"4000\",\n    \"cycle\": \"T\",\n    \"clientNumber\": \"1000\",\n    \"system\": \"2000\",\n    \"prin\": \"3000\",\n    \"debug\": \"<boolean>\",\n    \"org\": \"<string>\",\n    \"processor\": \"<boolean>\",\n    \"contentType\": \"<string>\",\n    \"retry\": 0,\n    \"timeout\": 45000,\n    \"siteId\": \"4201\",\n    \"internalOrigin\": \"<boolean>\",\n    \"uuid\": \"a5eac27d-cd89-4096-a331-306480bfee76\",\n    \"externalCustomerId\": \"<string>\",\n    \"accountId\": \"8888888888888888\",\n    \"presentationId\": \"<string>\"\n  },\n  \"jwt\": \"<string>\",\n  \"username\": \"<string>\",\n  \"applicationId\": \"<string>\",\n  \"clientId\": \"<string>\"\n}","options":{"raw":{"language":"json"}}}},"status":"OK","code":200,"header":[{"key":"Content-Type","value":"application/json"}],"body":"{\n  \"processorInfo\": {\n    \"system\": \"do laborum\",\n    \"cycle\": \"sed\",\n    \"tor\": \"Ut amet dolor sunt\",\n    \"mode\": \"adipisicing\"\n  },\n  \"sessionEnded\": false\n}","cookie":[],"_postman_previewlanguage":"json"}],"event":[],"protocolProfileBehavior":{"disableBodyPruning":true}},{"id":"651d496e-59a9-4230-9729-a345b16f95c1","name":"Renew JWT","request":{"name":"Renew JWT","description":{"content":"This service will extend the life of a valid JWT allowing an active user to continue making API requests without needing to re-authenticate with OCS.","type":"text/plain"},"url":{"path":["token","v6","renew"],"host":["{{baseUrl}}"],"query":[],"variable":[]},"header":[{"key":"Content-Type","value":"application/json"},{"key":"Accept","value":"application/json"}],"method":"POST","auth":null,"body":{"mode":"raw","raw":"{\n  \"common\": {\n    \"user\": \"<string>\",\n    \"agent\": \"<string>\",\n    \"cycle\": \"<string>\",\n    \"clientNumber\": \"<string>\",\n    \"system\": \"<string>\",\n    \"prin\": \"<string>\",\n    \"debug\": \"<boolean>\",\n    \"org\": \"<string>\",\n    \"processor\": \"<boolean>\",\n    \"contentType\": \"<string>\",\n    \"retry\": \"<long>\",\n    \"timeout\": \"<long>\",\n    \"siteId\": \"<string>\",\n    \"internalOrigin\": \"<boolean>\",\n    \"uuid\": \"<string>\",\n    \"externalCustomerId\": \"<string>\",\n    \"accountId\": \"<string>\",\n    \"presentationId\": \"<string>\"\n  },\n  \"jwt\": \"<string>\",\n  \"applicationId\": \"<string>\",\n  \"retainAccountInfo\": \"<boolean>\",\n  \"includeFeidClaims\": \"<boolean>\"\n}","options":{"raw":{"language":"json"}}}},"response":[{"id":"d3cca63d-76ae-4c25-8b41-391179f46be0","name":"successful operation","originalRequest":{"url":{"path":["token","v6","renew"],"host":["{{baseUrl}}"],"query":[],"variable":[]},"header":[{"disabled":false,"description":"(Required) OAuth2.0 access token (Bearer token) that you get from security API","key":"Authorization","value":"Bearer <token>"},{"disabled":false,"description":"Request content type","key":"Content-Type","value":"application/json"},{"key":"Accept","value":"application/json"}],"method":"POST","body":{"mode":"raw","raw":"{\n  \"common\": {\n    \"user\": \"<string>\",\n    \"agent\": \"4000\",\n    \"cycle\": \"T\",\n    \"clientNumber\": \"1000\",\n    \"system\": \"2000\",\n    \"prin\": \"3000\",\n    \"debug\": \"<boolean>\",\n    \"org\": \"<string>\",\n    \"processor\": \"<boolean>\",\n    \"contentType\": \"<string>\",\n    \"retry\": 0,\n    \"timeout\": 45000,\n    \"siteId\": \"4201\",\n    \"internalOrigin\": \"<boolean>\",\n    \"uuid\": \"a5eac27d-cd89-4096-a331-306480bfee76\",\n    \"externalCustomerId\": \"<string>\",\n    \"accountId\": \"8888888888888888\",\n    \"presentationId\": \"<string>\"\n  },\n  \"jwt\": \"<string>\",\n  \"applicationId\": \"<string>\",\n  \"retainAccountInfo\": \"<boolean>\",\n  \"includeFeidClaims\": \"<boolean>\"\n}","options":{"raw":{"language":"json"}}}},"status":"OK","code":200,"header":[{"key":"Content-Type","value":"application/json"}],"body":"{\n  \"common\": {\n    \"user\": \"<string>\",\n    \"agent\": \"4000\",\n    \"cycle\": \"T\",\n    \"clientNumber\": \"1000\",\n    \"system\": \"2000\",\n    \"prin\": \"3000\",\n    \"debug\": \"<boolean>\",\n    \"org\": \"<string>\",\n    \"processor\": \"<boolean>\",\n    \"contentType\": \"<string>\",\n    \"retry\": 0,\n    \"timeout\": 45000,\n    \"siteId\": \"4201\",\n    \"internalOrigin\": \"<boolean>\",\n    \"uuid\": \"a5eac27d-cd89-4096-a331-306480bfee76\"\n  },\n  \"jwt\": \"reprehenderit quis Duis\",\n  \"activeSessions\": [\n    \"eiusmod aliqua occaecat in tempor\",\n    \"consequat elit\"\n  ]\n}","cookie":[],"_postman_previewlanguage":"json"}],"event":[],"protocolProfileBehavior":{"disableBodyPruning":true}},{"id":"a482a1c7-a219-4432-a47a-d86670c5b283","name":"Retrieve Active Session","request":{"name":"Retrieve Active Session","description":{"content":"This service will search for an active session based off of the sessionId, user, application, or JWT. ","type":"text/plain"},"url":{"path":["token","v6","retrieveSession"],"host":["{{baseUrl}}"],"query":[],"variable":[]},"header":[{"key":"Content-Type","value":"application/json"},{"key":"Accept","value":"application/json"}],"method":"POST","auth":null,"body":{"mode":"raw","raw":"{\n  \"common\": {\n    \"user\": \"<string>\",\n    \"agent\": \"<string>\",\n    \"cycle\": \"<string>\",\n    \"clientNumber\": \"<string>\",\n    \"system\": \"<string>\",\n    \"prin\": \"<string>\",\n    \"debug\": \"<boolean>\",\n    \"org\": \"<string>\",\n    \"processor\": \"<boolean>\",\n    \"contentType\": \"<string>\",\n    \"retry\": \"<long>\",\n    \"timeout\": \"<long>\",\n    \"siteId\": \"<string>\",\n    \"internalOrigin\": \"<boolean>\",\n    \"uuid\": \"<string>\",\n    \"externalCustomerId\": \"<string>\",\n    \"accountId\": \"<string>\",\n    \"presentationId\": \"<string>\"\n  },\n  \"sessionId\": \"<string>\",\n  \"userId\": \"<string>\",\n  \"application\": \"<string>\",\n  \"clientId\": \"<string>\",\n  \"jwt\": \"<string>\"\n}","options":{"raw":{"language":"json"}}}},"response":[{"id":"e8b97d38-737c-4413-887b-f1aa99d14599","name":"successful operation","originalRequest":{"url":{"path":["token","v6","retrieveSession"],"host":["{{baseUrl}}"],"query":[],"variable":[]},"header":[{"disabled":false,"description":"(Required) OAuth2.0 access token (Bearer token) that you get from security API","key":"Authorization","value":"Bearer <token>"},{"disabled":false,"description":"Request content type","key":"Content-Type","value":"application/json"},{"key":"Accept","value":"application/json"}],"method":"POST","body":{"mode":"raw","raw":"{\n  \"common\": {\n    \"user\": \"<string>\",\n    \"agent\": \"4000\",\n    \"cycle\": \"T\",\n    \"clientNumber\": \"1000\",\n    \"system\": \"2000\",\n    \"prin\": \"3000\",\n    \"debug\": \"<boolean>\",\n    \"org\": \"<string>\",\n    \"processor\": \"<boolean>\",\n    \"contentType\": \"<string>\",\n    \"retry\": 0,\n    \"timeout\": 45000,\n    \"siteId\": \"4201\",\n    \"internalOrigin\": \"<boolean>\",\n    \"uuid\": \"a5eac27d-cd89-4096-a331-306480bfee76\",\n    \"externalCustomerId\": \"<string>\",\n    \"accountId\": \"8888888888888888\",\n    \"presentationId\": \"<string>\"\n  },\n  \"sessionId\": \"<string>\",\n  \"userId\": \"<string>\",\n  \"application\": \"<string>\",\n  \"clientId\": \"<string>\",\n  \"jwt\": \"<string>\"\n}","options":{"raw":{"language":"json"}}}},"status":"OK","code":200,"header":[{"key":"Content-Type","value":"application/json"}],"body":"{\n  \"processorInfo\": {\n    \"system\": \"in minim commodo cupidatat\",\n    \"cycle\": \"mollit veniam\",\n    \"tor\": \"do\",\n    \"mode\": \"incididunt ut\"\n  },\n  \"sessionDetails\": [\n    {\n      \"userId\": \"occaecat nulla commodo id\",\n      \"clientId\": \"deserunt occaecat nisi\",\n      \"application\": \"id eiusmod laboris ut veniam\",\n      \"sessionId\": \"dolore cupidatat est\",\n      \"refreshTime\": -85518652,\n      \"originIp\": \"ex mollit\"\n    },\n    {\n      \"userId\": \"ipsum occaecat esse dolor\",\n      \"clientId\": \"in id exercitation\",\n      \"application\": \"elit\",\n      \"sessionId\": \"ex amet nisi eiusmod\",\n      \"refreshTime\": -50166779,\n      \"originIp\": \"in\"\n    }\n  ]\n}","cookie":[],"_postman_previewlanguage":"json"}],"event":[],"protocolProfileBehavior":{"disableBodyPruning":true}}],"event":[]}],"event":[],"variable":[{"type":"string","value":"https://cat.api.firstdata.com/fs","key":"baseUrl"}],"info":{"_postman_id":"690c0c72-2e5b-4a9e-9b0a-efa9a4ca0608","name":"fs-devportal-services-1","schema":"https://schema.getpostman.com/json/collection/v2.1.0/collection.json","description":{"content":"Welcome to the Financial Services API documentation","type":"text/plain"}}}