{"item":[{"id":"35f20aef-b055-431b-8ad3-124991ba831a","name":"transactionmanagementSettlement/v1","item":[{"id":"fa76a048-0baf-4bd3-ab1c-49c2bf0a4354","name":"DECLINE_ICS_APPLICATION RPC","request":{"name":"DECLINE_ICS_APPLICATION RPC","description":{"content":"The DECLINE_ICS_APPLICATION function enables you to enter declined applications to the Issuers Clearinghouse (ICS) without using an application\nnumber. This function emulates the ICD transaction.\n Required Fields: systemId, principalId, primaryCustomerName, socialSecurityNumber, addressLineOneText, cityName, stateCode, postalCode<br><br> <b>Relates to:</b>\n  \n  <blockquote style=\"border-left: 0.375em solid #40a9ff; background-color: #e6f7ff; border-radius: 3px; padding: 1em;\" ><div>DECLINE_ICS_APPLICATION RPC, <a target=\"_blank\" title=\"Click to open in a new tab\" href=\"https://documentation.fiserv.com/bundle/ODS/resource/ODS.pdf\"> click here</a>.</div></blockquote>","type":"text/plain"},"url":{"path":["transactionmanagementSettlement","v1","declineIcsApp"],"host":["{{baseUrl}}"],"query":[],"variable":[]},"header":[{"key":"Content-Type","value":"application/json"},{"key":"Accept","value":"application/json"}],"method":"POST","auth":null,"body":{"mode":"raw","raw":"{\n  \"addressLineOneText\": \"<string>\",\n  \"cityName\": \"<string>\",\n  \"postalCode\": \"<string>\",\n  \"primaryCustomerName\": \"<string>\",\n  \"principalId\": \"<string>\",\n  \"socialSecurityNumber\": \"<string>\",\n  \"stateCode\": \"<string>\",\n  \"systemId\": \"<string>\",\n  \"common\": {\n    \"user\": \"<string>\",\n    \"agent\": \"<string>\",\n    \"cycle\": \"<string>\",\n    \"clientNumber\": \"<string>\",\n    \"system\": \"<string>\",\n    \"prin\": \"<string>\",\n    \"debug\": \"<boolean>\",\n    \"org\": \"<string>\",\n    \"processor\": \"<boolean>\",\n    \"contentType\": \"<string>\",\n    \"retry\": \"<long>\",\n    \"timeout\": \"<long>\",\n    \"siteId\": \"<string>\",\n    \"internalOrigin\": \"<boolean>\",\n    \"externalCustomerId\": \"<string>\",\n    \"accountId\": \"<string>\",\n    \"presentationId\": \"<string>\",\n    \"rts\": \"<dateTime>\"\n  },\n  \"addressLineTwoText\": \"<string>\",\n  \"homeTelephoneNumber\": \"<string>\",\n  \"fraudTypeCode\": \"<string>\",\n  \"binId\": \"<string>\"\n}","options":{"raw":{"language":"json"}}}},"response":[{"id":"0619f888-2bb2-4121-afb8-93cb16122512","name":"successful operation","originalRequest":{"url":{"path":["transactionmanagementSettlement","v1","declineIcsApp"],"host":["{{baseUrl}}"],"query":[],"variable":[]},"header":[{"key":"Accept","value":"application/json"}],"method":"POST","body":{"mode":"raw","raw":"{\n  \"addressLineOneText\": \"<string>\",\n  \"cityName\": \"<string>\",\n  \"postalCode\": \"<string>\",\n  \"primaryCustomerName\": \"<string>\",\n  \"principalId\": \"9717\",\n  \"socialSecurityNumber\": \"<string>\",\n  \"stateCode\": \"<string>\",\n  \"systemId\": \"5703\",\n  \"common\": {\n    \"user\": \"<string>\",\n    \"agent\": \"4000\",\n    \"cycle\": \"T\",\n    \"clientNumber\": \"1000\",\n    \"system\": \"2000\",\n    \"prin\": \"3000\",\n    \"debug\": \"<boolean>\",\n    \"org\": \"<string>\",\n    \"processor\": \"<boolean>\",\n    \"contentType\": \"<string>\",\n    \"retry\": 0,\n    \"timeout\": 45000,\n    \"siteId\": \"4201\",\n    \"internalOrigin\": \"<boolean>\",\n    \"externalCustomerId\": \"<string>\",\n    \"accountId\": \"8888888888888888\",\n    \"presentationId\": \"<string>\",\n    \"rts\": \"2024-08-20T16:15:49Z\"\n  },\n  \"addressLineTwoText\": \"<string>\",\n  \"homeTelephoneNumber\": \"<string>\",\n  \"fraudTypeCode\": \"<string>\",\n  \"binId\": \"<string>\"\n}","options":{"raw":{"language":"json"}}}},"status":"OK","code":200,"header":[{"key":"Content-Type","value":"application/json"}],"body":"{\n  \"processorInfo\": {\n    \"system\": \"do Duis officia irure id\",\n    \"cycle\": \"enim et Ut dolore incididunt\",\n    \"tor\": \"incididunt dolor cupidatat consequat\",\n    \"mode\": \"eiusmod voluptate aute \"\n  },\n  \"messages\": [\n    {\n      \"resultCode\": \"Excepteur ipsum minim cupidatat\",\n      \"messageText\": \"Duis in voluptate laboris\",\n      \"transactionStatus\": \"in\"\n    },\n    {\n      \"resultCode\": \"deserunt proident\",\n      \"messageText\": \"dolor officia quis\",\n      \"transactionStatus\": \"cillum amet aliquip officia\"\n    }\n  ]\n}","cookie":[],"_postman_previewlanguage":"json"}],"event":[],"protocolProfileBehavior":{"disableBodyPruning":true}},{"id":"1a2b87c8-dcaa-41af-93c5-afee3318640f","name":"ISSUER_CLEARING_HOUSE_ACTIONS","request":{"name":"ISSUER_CLEARING_HOUSE_ACTIONS","description":{"content":"Use the ISSUER_CLEARING_HOUSE_ACTIONS view to display a pending list of errors, questionable data, and alert responses from Issuers? Clearinghouse Service (ICS).<br><br> <b>Relates to:</b>\n  \n  <blockquote style=\"border-left: 0.375em solid #40a9ff; background-color: #e6f7ff; border-radius: 3px; padding: 1em;\" ><div>ISSUER_CLEARING_HOUSE_ACTIONS View, <a target=\"_blank\" title=\"Click to open in a new tab\" href=\"https://documentation.fiserv.com/bundle/ODS/resource/ODS.pdf\"> click here</a>.</div></blockquote>","type":"text/plain"},"url":{"path":["transactionmanagementSettlement","v1","issuerClearingHouseAction"],"host":["{{baseUrl}}"],"query":[],"variable":[]},"header":[{"key":"Content-Type","value":"application/json"},{"key":"Accept","value":"application/json"}],"method":"POST","auth":null,"body":{"mode":"raw","raw":"{\n  \"selectFields\": [\n    \"<string>\"\n  ],\n  \"common\": {\n    \"user\": \"<string>\",\n    \"agent\": \"<string>\",\n    \"cycle\": \"<string>\",\n    \"clientNumber\": \"<string>\",\n    \"system\": \"<string>\",\n    \"prin\": \"<string>\",\n    \"debug\": \"<boolean>\",\n    \"org\": \"<string>\",\n    \"processor\": \"<boolean>\",\n    \"contentType\": \"<string>\",\n    \"retry\": \"<long>\",\n    \"timeout\": \"<long>\",\n    \"siteId\": \"<string>\",\n    \"internalOrigin\": \"<boolean>\",\n    \"externalCustomerId\": \"<string>\",\n    \"accountId\": \"<string>\",\n    \"presentationId\": \"<string>\",\n    \"rts\": \"<dateTime>\"\n  },\n  \"odsNaming\": \"<boolean>\",\n  \"systemIdentifier\": \"<string>\",\n  \"principalIdentifier\": \"<string>\",\n  \"entryDate\": \"<string>\"\n}","options":{"raw":{"language":"json"}}}},"response":[{"id":"135118ec-7179-4673-b50e-be0dc27c7134","name":"successful operation","originalRequest":{"url":{"path":["transactionmanagementSettlement","v1","issuerClearingHouseAction"],"host":["{{baseUrl}}"],"query":[],"variable":[]},"header":[{"key":"Accept","value":"application/json"}],"method":"POST","body":{"mode":"raw","raw":"{\n  \"selectFields\": [\n    \"anyvalidfieldname1\",\n    \"anyvalidfieldname2\",\n    \"anyvalidfieldname3\",\n    \"anyvalidfieldname?\",\n    \"anyvalidfieldname?n\"\n  ],\n  \"common\": {\n    \"user\": \"<string>\",\n    \"agent\": \"4000\",\n    \"cycle\": \"T\",\n    \"clientNumber\": \"1000\",\n    \"system\": \"2000\",\n    \"prin\": \"3000\",\n    \"debug\": \"<boolean>\",\n    \"org\": \"<string>\",\n    \"processor\": \"<boolean>\",\n    \"contentType\": \"<string>\",\n    \"retry\": 0,\n    \"timeout\": 45000,\n    \"siteId\": \"4201\",\n    \"internalOrigin\": \"<boolean>\",\n    \"externalCustomerId\": \"<string>\",\n    \"accountId\": \"8888888888888888\",\n    \"presentationId\": \"<string>\",\n    \"rts\": \"2024-08-20T16:15:49Z\"\n  },\n  \"odsNaming\": \"<boolean>\",\n  \"systemIdentifier\": \"0318\",\n  \"principalIdentifier\": \"0898\",\n  \"entryDate\": \"<string>\"\n}","options":{"raw":{"language":"json"}}}},"status":"OK","code":200,"header":[{"key":"Content-Type","value":"application/json"}],"body":"{\n  \"processorInfo\": {\n    \"system\": \"occaecat in\",\n    \"cycle\": \"ipsum adipisicing dolor\",\n    \"tor\": \"eli\",\n    \"mode\": \"incididunt consequat labore\"\n  },\n  \"accountIdentifier\": \"laboris sed in do\",\n  \"accountStatusCode\": \"do\",\n  \"accountTypeCode\": \"sit exercitation\",\n  \"accountWorkedCode\": \"ea Lorem\",\n  \"addressLineOneText\": \"culpa labore nisi\",\n  \"addressLineTwoText\": \"non\",\n  \"addressTextErrorCode\": \"esse sunt enim eu\",\n  \"agentIdentifier\": \"tempor Duis dolore in velit\",\n  \"businessTelephoneNumber\": \"Excepteur cupi\",\n  \"cityName\": \"est sit\",\n  \"entryDate\": \"consectetur cillum\",\n  \"entryDateErrorCode\": \"dolore\",\n  \"fraudArrestCode\": \"irure reprehenderit\",\n  \"fraudArrestCodeErrorCode\": \"commodo velit et culpa elit\",\n  \"fraudCaseNumber\": \"veniam nisi consectetur aliquip\",\n  \"fraudTypeCode\": \"aliquip nisi\",\n  \"fraudTypeCodeErrorCode\": \"et Excepteur\",\n  \"issuersClearinghouseServiceEntryDate\": \"voluptate dolor id in\",\n  \"issuersClearinghouseServiceErrorCode\": \"sunt fugiat\",\n  \"issuersClearinghouseServiceSequenceNumber\": \"commodo magna\",\n  \"locatorIdentifier\": \"pariatur irure enim minim ad\",\n  \"locatorIdentifierErrorCode\": \"Lorem deserunt magna sed eu\",\n  \"locatorIndicatorCode\": \"ipsum cons\",\n  \"locatorPrincipalIdentifier\": \"dolor id veniam\",\n  \"locatorSequenceNumber\": \"proident ea in anim\",\n  \"newActionCode\": \"dolore Ut dolor velit\",\n  \"originalActionCode\": \"incididunt nisi ex\",\n  \"originalEntryDate\": \"cillum\",\n  \"originalEntryDateErrorCode\": \"in esse laboris amet pariatur\",\n  \"originalLocationNumber\": \"consequat adipisici\",\n  \"originalLocationNumberErrorCode\": \"deserunt dolor elit commodo\",\n  \"postalCode\": \"consectetur pariatur\",\n  \"primaryCardholderAccountIdentifier\": \"sit ut culpa enim\",\n  \"primaryCardholderAccountIdentifierErrorCode\": \"sunt\",\n  \"primaryCardholderAcctIdentifierExNmbr\": \"id veniam dolore\",\n  \"primaryCardholderName\": \"dolore\",\n  \"primaryNameErrorCode\": \"sunt Ut ea\",\n  \"principalIdentifier\": \"pariatur ipsum sit\",\n  \"reissueCode\": \"laborum et culpa\",\n  \"responseDate\": \"sit\",\n  \"returnActionCode\": \"adipisicing laborum\",\n  \"sendingEntityPostalCode\": \"sunt est\",\n  \"sendingEntityPostalCodeErrorCode\": \"cupidatat ad ut ex\",\n  \"socialSecurityIdentifier\": \"elit tempor est anim\",\n  \"socialSecurityIdentifierErrorCode\": \"cillum eiusm\",\n  \"stateCode\": \"consectetur deserunt cillum\",\n  \"systemIdentifier\": \"est\",\n  \"telephoneNumberErrorCode\": \"officia est labore in\"\n}","cookie":[],"_postman_previewlanguage":"json"}],"event":[],"protocolProfileBehavior":{"disableBodyPruning":true}},{"id":"fb175af7-e8b0-4479-943f-9267dfdc4ddb","name":"ISSUER_CLRN_HOUSE_ACTION_UPDT","request":{"name":"ISSUER_CLRN_HOUSE_ACTION_UPDT","description":{"content":"Use the ISSUER_CLRN_HOUSE_ACTION_UPDT function enables you to make the necessary changes and corrections to Issuers? Clearinghouse (ICS) action items and send the information back to ICS. Allow updates to 12 records at one time using repeating parameters.  This RPC enables you to update up to 12 records at one time using repeating parameters. This function does emulates 3270 * transaction ICA.\nRequired Fields: systemIdentifier, principalIdentifier, agentIdentifier, accountIdentifier, issuersClearinghouseServiceEntryDate, locationIdentifier, issuersClearinghouseServiceSeqNmbr, accountWorkedCode, newActionCode<br><br> <b>Relates to:</b>\n  \n  <blockquote style=\"border-left: 0.375em solid #40a9ff; background-color: #e6f7ff; border-radius: 3px; padding: 1em;\" ><div>ISSUER_CLRN_HOUSE_ACTION_UPDT RPC, <a target=\"_blank\" title=\"Click to open in a new tab\" href=\"https://documentation.fiserv.com/bundle/ODS/resource/ODS.pdf\"> click here</a>.</div></blockquote>","type":"text/plain"},"url":{"path":["transactionmanagementSettlement","v1","issuerClearingHouseActionUpdate"],"host":["{{baseUrl}}"],"query":[],"variable":[]},"header":[{"key":"Content-Type","value":"application/json"},{"key":"Accept","value":"application/json"}],"method":"POST","auth":null,"body":{"mode":"raw","raw":"{\n  \"accountIdentifier\": \"<string>\",\n  \"accountWorkedCode\": \"<string>\",\n  \"agentIdentifier\": \"<string>\",\n  \"issuersClearinghouseServiceEntryDate\": \"<string>\",\n  \"issuersClearinghouseServiceSeqNmbr\": \"<string>\",\n  \"locationIdentifier\": \"<string>\",\n  \"newActionCode\": \"<string>\",\n  \"principalIdentifier\": \"<string>\",\n  \"systemIdentifier\": \"<string>\",\n  \"common\": {\n    \"user\": \"<string>\",\n    \"agent\": \"<string>\",\n    \"cycle\": \"<string>\",\n    \"clientNumber\": \"<string>\",\n    \"system\": \"<string>\",\n    \"prin\": \"<string>\",\n    \"debug\": \"<boolean>\",\n    \"org\": \"<string>\",\n    \"processor\": \"<boolean>\",\n    \"contentType\": \"<string>\",\n    \"retry\": \"<long>\",\n    \"timeout\": \"<long>\",\n    \"siteId\": \"<string>\",\n    \"internalOrigin\": \"<boolean>\",\n    \"rts\": \"<dateTime>\"\n  },\n  \"itemCorrectionCode\": \"<string>\",\n  \"itemCorrectionText\": \"<string>\",\n  \"itemChangeCode\": \"<string>\"\n}","options":{"raw":{"language":"json"}}}},"response":[{"id":"5bb42cb3-8cda-473b-b581-6ccff41a29f4","name":"successful operation","originalRequest":{"url":{"path":["transactionmanagementSettlement","v1","issuerClearingHouseActionUpdate"],"host":["{{baseUrl}}"],"query":[],"variable":[]},"header":[{"key":"Accept","value":"application/json"}],"method":"POST","body":{"mode":"raw","raw":"{\n  \"accountIdentifier\": \"m8dMHjCKAHGJb8dW\",\n  \"accountWorkedCode\": \"b\",\n  \"agentIdentifier\": \"3896\",\n  \"issuersClearinghouseServiceEntryDate\": \"<string>\",\n  \"issuersClearinghouseServiceSeqNmbr\": \"IiVj\",\n  \"locationIdentifier\": \"XCZep07wx5t\",\n  \"newActionCode\": \"RRP\",\n  \"principalIdentifier\": \"1522\",\n  \"systemIdentifier\": \"2747\",\n  \"common\": {\n    \"user\": \"<string>\",\n    \"agent\": \"4000\",\n    \"cycle\": \"T\",\n    \"clientNumber\": \"1000\",\n    \"system\": \"2000\",\n    \"prin\": \"3000\",\n    \"debug\": \"<boolean>\",\n    \"org\": \"<string>\",\n    \"processor\": \"<boolean>\",\n    \"contentType\": \"<string>\",\n    \"retry\": 0,\n    \"timeout\": 45000,\n    \"siteId\": \"4201\",\n    \"internalOrigin\": \"<boolean>\",\n    \"rts\": \"2024-08-20T16:15:49Z\"\n  },\n  \"itemCorrectionCode\": \"KX3d\",\n  \"itemCorrectionText\": \"ndFCf1L9I7DEasTY1hAeUuFM\",\n  \"itemChangeCode\": \"u\"\n}","options":{"raw":{"language":"json"}}}},"status":"OK","code":200,"header":[{"key":"Content-Type","value":"application/json"}],"body":"{\n  \"processorInfo\": {\n    \"system\": \"veniam officia anim\",\n    \"cycle\": \"commodo culpa\",\n    \"tor\": \"nostrud eu aliqua id\",\n    \"mode\": \"labore aliqua eiusmod\"\n  },\n  \"messages\": [\n    {\n      \"resultCode\": \"cupidatat consequat labo\",\n      \"messageText\": \"officia nisi Lorem\",\n      \"transactionStatus\": \"in consectetur elit an\"\n    },\n    {\n      \"resultCode\": \"in sed dolore dolor\",\n      \"messageText\": \"sint ea voluptate do\",\n      \"transactionStatus\": \"fugiat Duis\"\n    }\n  ]\n}","cookie":[],"_postman_previewlanguage":"json"}],"event":[],"protocolProfileBehavior":{"disableBodyPruning":true}}],"event":[]}],"event":[],"variable":[{"type":"string","value":"https://cat.api.firstdata.com/fs","key":"baseUrl"}],"info":{"_postman_id":"a5cb061a-02c1-46d6-ae37-274f474a82db","name":"fs-devportal-services-1","schema":"https://schema.getpostman.com/json/collection/v2.1.0/collection.json","description":{"content":"Welcome to the Financial Services API documentation","type":"text/plain"}}}