{"item":[{"id":"d29937a2-b427-4083-ba3d-bfa93efe5672","name":"visatoken/v1","item":[{"id":"371d5092-3342-44ee-b20e-158ba4d6dc1a","name":"Activate a token for a digitization.","request":{"name":"Activate a token for a digitization.","description":{"content":"Used to activate a token for a digitization that has been approved and provisioned, but requires additional cardholder authentication prior to activation. It is expected that a cardholder will complete the authentication process using an issuer's call center or using an issuer-supplied mobile application, and only then should the issuer use this API to activate the token.","type":"text/plain"},"url":{"path":["visatoken","v1","activate"],"host":["{{baseUrl}}"],"query":[],"variable":[]},"header":[{"key":"Content-Type","value":"application/json"},{"key":"Accept","value":"application/json"}],"method":"POST","auth":null,"body":{"mode":"raw","raw":"{\n  \"common\": {\n    \"user\": \"<string>\",\n    \"agent\": \"<string>\",\n    \"cycle\": \"<string>\",\n    \"clientNumber\": \"<string>\",\n    \"system\": \"<string>\",\n    \"prin\": \"<string>\",\n    \"debug\": \"<boolean>\",\n    \"org\": \"<string>\",\n    \"processor\": \"<boolean>\",\n    \"contentType\": \"<string>\",\n    \"retry\": \"<long>\",\n    \"timeout\": \"<long>\",\n    \"siteId\": \"<string>\",\n    \"internalOrigin\": \"<boolean>\",\n    \"uuid\": \"<string>\"\n  },\n  \"tokenReferenceId\": \"<string>\",\n  \"token\": \"<string>\",\n  \"tokenRequestorId\": \"<string>\",\n  \"requestReason\": \"<string>\",\n  \"activationCode\": \"<string>\"\n}","options":{"raw":{"language":"json"}}}},"response":[{"id":"bf1a3d57-6a15-4a6b-b64a-74c0b8e311d2","name":"successful operation","originalRequest":{"url":{"path":["visatoken","v1","activate"],"host":["{{baseUrl}}"],"query":[],"variable":[]},"header":[{"key":"Accept","value":"application/json"}],"method":"POST","body":{"mode":"raw","raw":"{\n  \"common\": {\n    \"user\": \"<string>\",\n    \"agent\": \"4000\",\n    \"cycle\": \"T\",\n    \"clientNumber\": \"1000\",\n    \"system\": \"2000\",\n    \"prin\": \"3000\",\n    \"debug\": \"<boolean>\",\n    \"org\": \"<string>\",\n    \"processor\": \"<boolean>\",\n    \"contentType\": \"<string>\",\n    \"retry\": 0,\n    \"timeout\": 45000,\n    \"siteId\": \"4201\",\n    \"internalOrigin\": \"<boolean>\",\n    \"uuid\": \"a5eac27d-cd89-4096-a331-306480bfee76\"\n  },\n  \"tokenReferenceId\": \"saBs5VxlZTsWkupBosokUiiiBdNyDt76\",\n  \"token\": \"180409415449643\",\n  \"tokenRequestorId\": \"3006\",\n  \"requestReason\": \"\",\n  \"activationCode\": \"0bRHGJHe\"\n}","options":{"raw":{"language":"json"}}}},"status":"OK","code":200,"header":[{"key":"Content-Type","value":"application/json"}],"body":"{\n  \"common\": {\n    \"user\": \"<string>\",\n    \"agent\": \"4000\",\n    \"cycle\": \"T\",\n    \"clientNumber\": \"1000\",\n    \"system\": \"2000\",\n    \"prin\": \"3000\",\n    \"debug\": \"<boolean>\",\n    \"org\": \"<string>\",\n    \"processor\": \"<boolean>\",\n    \"contentType\": \"<string>\",\n    \"retry\": 0,\n    \"timeout\": 45000,\n    \"siteId\": \"4201\",\n    \"internalOrigin\": \"<boolean>\",\n    \"uuid\": \"a5eac27d-cd89-4096-a331-306480bfee76\"\n  }\n}","cookie":[],"_postman_previewlanguage":"json"}],"event":[],"protocolProfileBehavior":{"disableBodyPruning":true}},{"id":"9e84a7aa-7402-4af8-96e6-9836badfd523","name":"Update Card Art","request":{"name":"Update Card Art","description":{},"url":{"path":["visatoken","v1","cardart"],"host":["{{baseUrl}}"],"query":[],"variable":[]},"header":[{"key":"Content-Type","value":"application/json"},{"key":"Accept","value":"application/json"}],"method":"POST","auth":null,"body":{"mode":"raw","raw":"{\n  \"common\": {\n    \"user\": \"<string>\",\n    \"agent\": \"<string>\",\n    \"cycle\": \"<string>\",\n    \"clientNumber\": \"<string>\",\n    \"system\": \"<string>\",\n    \"prin\": \"<string>\",\n    \"debug\": \"<boolean>\",\n    \"org\": \"<string>\",\n    \"processor\": \"<boolean>\",\n    \"contentType\": \"<string>\",\n    \"retry\": \"<long>\",\n    \"timeout\": \"<long>\",\n    \"siteId\": \"<string>\",\n    \"internalOrigin\": \"<boolean>\",\n    \"uuid\": \"<string>\"\n  },\n  \"responseUrl\": \"<string>\",\n  \"operationReason\": \"<string>\",\n  \"tokenReferenceId\": \"<string>\",\n  \"tokenRequestorId\": \"<string>\",\n  \"token\": \"<string>\",\n  \"panReferenceId\": \"<string>\",\n  \"pan\": \"<string>\",\n  \"cardholderInfo\": {\n    \"version\": \"<string>\",\n    \"keyIndex\": \"<string>\",\n    \"encryptedData\": \"<string>\"\n  },\n  \"cardMetadata\": {\n    \"labelColor\": \"<string>\",\n    \"shortDescription\": \"<string>\",\n    \"issuerCardArtRefId\": [\n      \"<string>\",\n      \"<string>\",\n      \"<string>\",\n      \"<string>\",\n      \"<string>\"\n    ],\n    \"longDescription\": \"<string>\",\n    \"contactWebsite\": \"<string>\",\n    \"contactEmail\": \"<string>\",\n    \"contactNumber\": \"<string>\",\n    \"contactName\": \"<string>\",\n    \"associatedStoreIdentifiers\": [\n      \"<string>\",\n      \"<string>\"\n    ],\n    \"associatedApplicationIdentifiers\": [\n      \"<string>\",\n      \"<string>\"\n    ],\n    \"appLaunchUrl\": \"<string>\",\n    \"appLaunchUrlScheme\": \"<string>\",\n    \"supportsTokenNotifications\": \"<boolean>\",\n    \"supportsFpanNotifications\": \"<boolean>\",\n    \"transactionServiceUrl\": \"<string>\",\n    \"transactionPushTopic\": \"<string>\",\n    \"privacyPolicyUrl\": \"<string>\",\n    \"termsAndConditionsUrl\": \"<string>\",\n    \"messageServiceUrl\": \"<string>\",\n    \"messagePushTopic\": \"<string>\",\n    \"cardMetadataProfileId\": \"<string>\"\n  }\n}","options":{"raw":{"language":"json"}}}},"response":[{"id":"06dcee46-b43a-408f-b6ef-8aa6108e7758","name":"successful operation","originalRequest":{"url":{"path":["visatoken","v1","cardart"],"host":["{{baseUrl}}"],"query":[],"variable":[]},"header":[{"key":"Accept","value":"application/json"}],"method":"POST","body":{"mode":"raw","raw":"{\n  \"common\": {\n    \"user\": \"<string>\",\n    \"agent\": \"4000\",\n    \"cycle\": \"T\",\n    \"clientNumber\": \"1000\",\n    \"system\": \"2000\",\n    \"prin\": \"3000\",\n    \"debug\": \"<boolean>\",\n    \"org\": \"<string>\",\n    \"processor\": \"<boolean>\",\n    \"contentType\": \"<string>\",\n    \"retry\": 0,\n    \"timeout\": 45000,\n    \"siteId\": \"4201\",\n    \"internalOrigin\": \"<boolean>\",\n    \"uuid\": \"a5eac27d-cd89-4096-a331-306480bfee76\"\n  },\n  \"responseUrl\": \"E\",\n  \"operationReason\": \"W\",\n  \"tokenReferenceId\": \"<string>\",\n  \"tokenRequestorId\": \"<string>\",\n  \"token\": \"<string>\",\n  \"panReferenceId\": \"<string>\",\n  \"pan\": \"<string>\",\n  \"cardholderInfo\": {\n    \"version\": \"m2f00VUZasy4MGzxo3p4bd6GHSehaeDW\",\n    \"keyIndex\": \"eB1ymMqs\",\n    \"encryptedData\": \"\"\n  },\n  \"cardMetadata\": {\n    \"labelColor\": \"zCXEPjtltb33BAKtMEZgX4YckCVs3FQB\",\n    \"shortDescription\": \"DWQiMpDOr9qqgP9bXyjgEBNq2HlDKQUg\",\n    \"issuerCardArtRefId\": [\n      \"rQRrmcFTKo\",\n      \"ViFIT7Kx9J\",\n      \"28bsLdEIp1\",\n      \"UoNnak2Dfx\"\n    ],\n    \"longDescription\": \"\",\n    \"contactWebsite\": \"\",\n    \"contactEmail\": \"gxMRMgPOVfUgXH2xLANf2pH9l8Nia5S0\",\n    \"contactNumber\": \"cH898HsBMm9Dkw9uvhh5gn12BZZVaU0Q\",\n    \"contactName\": \"foKnxQNgpyyKi8kn9coHrgHTPzIa9O9w\",\n    \"associatedStoreIdentifiers\": [\n      \"<string>\",\n      \"<string>\"\n    ],\n    \"associatedApplicationIdentifiers\": [\n      \"<string>\",\n      \"<string>\"\n    ],\n    \"appLaunchUrl\": \"\",\n    \"appLaunchUrlScheme\": \"SgdqjD3JzC9njZE6wvCpStwybhu1JMcw\",\n    \"supportsTokenNotifications\": \"<boolean>\",\n    \"supportsFpanNotifications\": \"<boolean>\",\n    \"transactionServiceUrl\": \"\",\n    \"transactionPushTopic\": \"\",\n    \"privacyPolicyUrl\": \"\",\n    \"termsAndConditionsUrl\": \"\",\n    \"messageServiceUrl\": \"\",\n    \"messagePushTopic\": \"\",\n    \"cardMetadataProfileId\": \"iRn0DQZqJFQMNCYMcyTA5GqmbWXlYPT7\"\n  }\n}","options":{"raw":{"language":"json"}}}},"status":"OK","code":200,"header":[{"key":"Content-Type","value":"application/json"}],"body":"{\n  \"common\": {\n    \"user\": \"<string>\",\n    \"agent\": \"4000\",\n    \"cycle\": \"T\",\n    \"clientNumber\": \"1000\",\n    \"system\": \"2000\",\n    \"prin\": \"3000\",\n    \"debug\": \"<boolean>\",\n    \"org\": \"<string>\",\n    \"processor\": \"<boolean>\",\n    \"contentType\": \"<string>\",\n    \"retry\": 0,\n    \"timeout\": 45000,\n    \"siteId\": \"4201\",\n    \"internalOrigin\": \"<boolean>\",\n    \"uuid\": \"a5eac27d-cd89-4096-a331-306480bfee76\"\n  },\n  \"reqId\": \"amet\",\n  \"tokenDetails\": {\n    \"token\": \"ea\",\n    \"panReferenceId\": \"voluptate magna\",\n    \"tokenReferenceId\": \"sit dolore ut minim\",\n    \"tokenRequestorId\": \"irure officia Duis\",\n    \"tokenRequestorName\": \"do sit exercitation dolor ipsum\",\n    \"walletAccountId\": \"exercitation u\",\n    \"walletAccountEmail\": [\n      \"CjoFqlBID3VAbSHXvh9Eb7Hl1qv03O+wptjk\",\n      \"h9L/sWayOHhRVV+T\"\n    ],\n    \"tokenAssuranceLevel\": \"id velit adipisicing\",\n    \"tokenExpiration\": \"aliqua id\",\n    \"tokenState\": \"dolore est id aliquip\",\n    \"tokenType\": \"veniam sint minim sed ut\",\n    \"deactivationDate\": \"elit ut\",\n    \"lastTokenStatusUpdatedTime\": \"proident dolor ullamco incididunt\",\n    \"entityOfLastAction\": \"Ut voluptate ullamco sit\",\n    \"operatorId\": \"ullamco\",\n    \"deviceInformation\": {\n      \"deviceType\": \"Duis amet\",\n      \"deviceNumber\": \"ali\",\n      \"deviceName\": \"culpa\",\n      \"serialNumber\": \"proident incididunt minim ut\",\n      \"secureElementId\": \"nulla ipsum Lorem ad\"\n    },\n    \"lastFourOfPan\": \"mollit irure sint aute enim\",\n    \"lastFourOfPreviousPan\": \"fugiat dolore\",\n    \"taskId\": \"ut exercitation Ut dolore enim\",\n    \"otpCodeIndicator\": \"occaecat in exercitation sint\",\n    \"otpCodeExpiration\": \"dolor quis velit qui\",\n    \"otpVerifcationAttempts\": \"ullamco incididunt Excepteur\",\n    \"otpVericationRetryCounts\": \"sit\",\n    \"actionCode\": \"dolor in\",\n    \"errorCode\": \"ipsum eu ma\"\n  }\n}","cookie":[],"_postman_previewlanguage":"json"}],"event":[],"protocolProfileBehavior":{"disableBodyPruning":true}},{"id":"a4b50fbf-f7b0-444f-ba53-6f9228aaf5dc","name":"Delete a token.","request":{"name":"Delete a token.","description":{"content":"Used to delete a token so that it may not initiate any new transactions. All authorizations for a deleted token will be declined. A deleted token may not be returned to an active state.","type":"text/plain"},"url":{"path":["visatoken","v1","delete"],"host":["{{baseUrl}}"],"query":[],"variable":[]},"header":[{"key":"Content-Type","value":"application/json"},{"key":"Accept","value":"application/json"}],"method":"POST","auth":null,"body":{"mode":"raw","raw":"{\n  \"common\": {\n    \"user\": \"<string>\",\n    \"agent\": \"<string>\",\n    \"cycle\": \"<string>\",\n    \"clientNumber\": \"<string>\",\n    \"system\": \"<string>\",\n    \"prin\": \"<string>\",\n    \"debug\": \"<boolean>\",\n    \"org\": \"<string>\",\n    \"processor\": \"<boolean>\",\n    \"contentType\": \"<string>\",\n    \"retry\": \"<long>\",\n    \"timeout\": \"<long>\",\n    \"siteId\": \"<string>\",\n    \"internalOrigin\": \"<boolean>\",\n    \"uuid\": \"<string>\"\n  },\n  \"tokenReferenceId\": \"<string>\",\n  \"token\": \"<string>\",\n  \"tokenRequestorId\": \"<string>\",\n  \"requestReason\": \"<string>\"\n}","options":{"raw":{"language":"json"}}}},"response":[{"id":"66f54cba-a916-4523-9740-4e7d69a6cc8f","name":"successful operation","originalRequest":{"url":{"path":["visatoken","v1","delete"],"host":["{{baseUrl}}"],"query":[],"variable":[]},"header":[{"key":"Accept","value":"application/json"}],"method":"POST","body":{"mode":"raw","raw":"{\n  \"common\": {\n    \"user\": \"<string>\",\n    \"agent\": \"4000\",\n    \"cycle\": \"T\",\n    \"clientNumber\": \"1000\",\n    \"system\": \"2000\",\n    \"prin\": \"3000\",\n    \"debug\": \"<boolean>\",\n    \"org\": \"<string>\",\n    \"processor\": \"<boolean>\",\n    \"contentType\": \"<string>\",\n    \"retry\": 0,\n    \"timeout\": 45000,\n    \"siteId\": \"4201\",\n    \"internalOrigin\": \"<boolean>\",\n    \"uuid\": \"a5eac27d-cd89-4096-a331-306480bfee76\"\n  },\n  \"tokenReferenceId\": \"a00PHtyFpc41YAHWupHCY4lDK5cfYiuk\",\n  \"token\": \"087\",\n  \"tokenRequestorId\": \"68114766\",\n  \"requestReason\": \"\"\n}","options":{"raw":{"language":"json"}}}},"status":"OK","code":200,"header":[{"key":"Content-Type","value":"application/json"}],"body":"{\n  \"common\": {\n    \"user\": \"<string>\",\n    \"agent\": \"4000\",\n    \"cycle\": \"T\",\n    \"clientNumber\": \"1000\",\n    \"system\": \"2000\",\n    \"prin\": \"3000\",\n    \"debug\": \"<boolean>\",\n    \"org\": \"<string>\",\n    \"processor\": \"<boolean>\",\n    \"contentType\": \"<string>\",\n    \"retry\": 0,\n    \"timeout\": 45000,\n    \"siteId\": \"4201\",\n    \"internalOrigin\": \"<boolean>\",\n    \"uuid\": \"a5eac27d-cd89-4096-a331-306480bfee76\"\n  }\n}","cookie":[],"_postman_previewlanguage":"json"}],"event":[],"protocolProfileBehavior":{"disableBodyPruning":true}},{"id":"e1efdb47-e8c8-4b5c-b3f6-fb77fb3130ae","name":"Resume or unsupend a suspended token.","request":{"name":"Resume or unsupend a suspended token.","description":{"content":"Used to resume or unsupend a suspended token and return it to the active state where it may initiate new transactions.","type":"text/plain"},"url":{"path":["visatoken","v1","resume"],"host":["{{baseUrl}}"],"query":[],"variable":[]},"header":[{"key":"Content-Type","value":"application/json"},{"key":"Accept","value":"application/json"}],"method":"POST","auth":null,"body":{"mode":"raw","raw":"{\n  \"common\": {\n    \"user\": \"<string>\",\n    \"agent\": \"<string>\",\n    \"cycle\": \"<string>\",\n    \"clientNumber\": \"<string>\",\n    \"system\": \"<string>\",\n    \"prin\": \"<string>\",\n    \"debug\": \"<boolean>\",\n    \"org\": \"<string>\",\n    \"processor\": \"<boolean>\",\n    \"contentType\": \"<string>\",\n    \"retry\": \"<long>\",\n    \"timeout\": \"<long>\",\n    \"siteId\": \"<string>\",\n    \"internalOrigin\": \"<boolean>\",\n    \"uuid\": \"<string>\"\n  },\n  \"tokenReferenceId\": \"<string>\",\n  \"token\": \"<string>\",\n  \"tokenRequestorId\": \"<string>\",\n  \"requestReason\": \"<string>\"\n}","options":{"raw":{"language":"json"}}}},"response":[{"id":"ee536399-0e68-464c-81c5-4d00d50178c5","name":"successful operation","originalRequest":{"url":{"path":["visatoken","v1","resume"],"host":["{{baseUrl}}"],"query":[],"variable":[]},"header":[{"key":"Accept","value":"application/json"}],"method":"POST","body":{"mode":"raw","raw":"{\n  \"common\": {\n    \"user\": \"<string>\",\n    \"agent\": \"4000\",\n    \"cycle\": \"T\",\n    \"clientNumber\": \"1000\",\n    \"system\": \"2000\",\n    \"prin\": \"3000\",\n    \"debug\": \"<boolean>\",\n    \"org\": \"<string>\",\n    \"processor\": \"<boolean>\",\n    \"contentType\": \"<string>\",\n    \"retry\": 0,\n    \"timeout\": 45000,\n    \"siteId\": \"4201\",\n    \"internalOrigin\": \"<boolean>\",\n    \"uuid\": \"a5eac27d-cd89-4096-a331-306480bfee76\"\n  },\n  \"tokenReferenceId\": \"a00PHtyFpc41YAHWupHCY4lDK5cfYiuk\",\n  \"token\": \"087\",\n  \"tokenRequestorId\": \"68114766\",\n  \"requestReason\": \"\"\n}","options":{"raw":{"language":"json"}}}},"status":"OK","code":200,"header":[{"key":"Content-Type","value":"application/json"}],"body":"{\n  \"common\": {\n    \"user\": \"<string>\",\n    \"agent\": \"4000\",\n    \"cycle\": \"T\",\n    \"clientNumber\": \"1000\",\n    \"system\": \"2000\",\n    \"prin\": \"3000\",\n    \"debug\": \"<boolean>\",\n    \"org\": \"<string>\",\n    \"processor\": \"<boolean>\",\n    \"contentType\": \"<string>\",\n    \"retry\": 0,\n    \"timeout\": 45000,\n    \"siteId\": \"4201\",\n    \"internalOrigin\": \"<boolean>\",\n    \"uuid\": \"a5eac27d-cd89-4096-a331-306480bfee76\"\n  }\n}","cookie":[],"_postman_previewlanguage":"json"}],"event":[],"protocolProfileBehavior":{"disableBodyPruning":true}},{"id":"6031e534-49c8-42e6-bd32-ac2de15990a4","name":"Search for tokens based on Account PAN and Token Unique Reference.","request":{"name":"Search for tokens based on Account PAN and Token Unique Reference.","description":{"content":"Returns all of the tokens associated with an account according to the scope of the indicated search request criteria. The response includes key state and informational data for each token, including the Token Unique Reference which is needed for subsequent token lifecycle management activities.","type":"text/plain"},"url":{"path":["visatoken","v1","search"],"host":["{{baseUrl}}"],"query":[],"variable":[]},"header":[{"key":"Content-Type","value":"application/json"},{"key":"Accept","value":"application/json"}],"method":"POST","auth":null,"body":{"mode":"raw","raw":"{\n  \"common\": {\n    \"user\": \"<string>\",\n    \"agent\": \"<string>\",\n    \"cycle\": \"<string>\",\n    \"clientNumber\": \"<string>\",\n    \"system\": \"<string>\",\n    \"prin\": \"<string>\",\n    \"debug\": \"<boolean>\",\n    \"org\": \"<string>\",\n    \"processor\": \"<boolean>\",\n    \"contentType\": \"<string>\",\n    \"retry\": \"<long>\",\n    \"timeout\": \"<long>\",\n    \"siteId\": \"<string>\",\n    \"internalOrigin\": \"<boolean>\",\n    \"uuid\": \"<string>\"\n  },\n  \"token\": \"<string>\",\n  \"accountPan\": \"<string>\",\n  \"accountPanReference\": \"<string>\"\n}","options":{"raw":{"language":"json"}}}},"response":[{"id":"3ec9a875-a038-410e-aace-3ae11ee62862","name":"successful operation","originalRequest":{"url":{"path":["visatoken","v1","search"],"host":["{{baseUrl}}"],"query":[],"variable":[]},"header":[{"key":"Accept","value":"application/json"}],"method":"POST","body":{"mode":"raw","raw":"{\n  \"common\": {\n    \"user\": \"<string>\",\n    \"agent\": \"4000\",\n    \"cycle\": \"T\",\n    \"clientNumber\": \"1000\",\n    \"system\": \"2000\",\n    \"prin\": \"3000\",\n    \"debug\": \"<boolean>\",\n    \"org\": \"<string>\",\n    \"processor\": \"<boolean>\",\n    \"contentType\": \"<string>\",\n    \"retry\": 0,\n    \"timeout\": 45000,\n    \"siteId\": \"4201\",\n    \"internalOrigin\": \"<boolean>\",\n    \"uuid\": \"a5eac27d-cd89-4096-a331-306480bfee76\"\n  },\n  \"token\": \"7\",\n  \"accountPan\": \"0762706\",\n  \"accountPanReference\": \"dRxiUjZF3UaxAKjX5AAvpYLlLDTwlEyY\"\n}","options":{"raw":{"language":"json"}}}},"status":"OK","code":200,"header":[{"key":"Content-Type","value":"application/json"}],"body":"{\n  \"common\": {\n    \"user\": \"<string>\",\n    \"agent\": \"4000\",\n    \"cycle\": \"T\",\n    \"clientNumber\": \"1000\",\n    \"system\": \"2000\",\n    \"prin\": \"3000\",\n    \"debug\": \"<boolean>\",\n    \"org\": \"<string>\",\n    \"processor\": \"<boolean>\",\n    \"contentType\": \"<string>\",\n    \"retry\": 0,\n    \"timeout\": 45000,\n    \"siteId\": \"4201\",\n    \"internalOrigin\": \"<boolean>\",\n    \"uuid\": \"a5eac27d-cd89-4096-a331-306480bfee76\"\n  },\n  \"enteredId\": \"tempor velit Excepteur in\",\n  \"tokens\": [\n    {\n      \"token\": \"sunt in nostrud in\",\n      \"panReferenceId\": \"laboris culpa sunt\",\n      \"tokenReferenceId\": \"et sint\",\n      \"tokenRequestorId\": \"est nulla dolor\",\n      \"tokenRequestorName\": \"reprehenderit sit sunt culpa\",\n      \"walletAccountId\": \"in\",\n      \"walletAccountEmail\": [\n        \"ckEsfNVdPq26X4Y=\",\n        \"\"\n      ],\n      \"tokenAssuranceLevel\": \"sed reprehenderit aliquip laborum tempor\",\n      \"tokenExpiration\": \"consequat non irure fugiat\",\n      \"tokenState\": \"sed aliquip\",\n      \"tokenType\": \"laborum minim ex\",\n      \"deactivationDate\": \"minim ut\",\n      \"lastTokenStatusUpdatedTime\": \"fugiat magna\",\n      \"entityOfLastAction\": \"sit est\",\n      \"operatorId\": \"culpa adipisicing nulla Lorem\",\n      \"deviceInformation\": {\n        \"deviceType\": \"sit incididunt consectetur in\",\n        \"deviceNumber\": \"irure eiusmod laborum nostrud quis\",\n        \"deviceName\": \"Excepteur proident\",\n        \"serialNumber\": \"qui in\",\n        \"secureElementId\": \"occaecat velit quis mollit laboris\"\n      },\n      \"lastFourOfPan\": \"sint qui in\",\n      \"lastFourOfPreviousPan\": \"veniam Lorem do dolor\"\n    },\n    {\n      \"token\": \"sint dolore Lorem\",\n      \"panReferenceId\": \"sunt\",\n      \"tokenReferenceId\": \"ea proident aute\",\n      \"tokenRequestorId\": \"dolore anim ipsum mollit et\",\n      \"tokenRequestorName\": \"irure Excepteur amet\",\n      \"walletAccountId\": \"aute cillum id in incididunt\",\n      \"walletAccountEmail\": [\n        \"\",\n        \"uT4Izb0p5YCUdryGFArpyaEyY3==\"\n      ],\n      \"tokenAssuranceLevel\": \"sit deserunt\",\n      \"tokenExpiration\": \"est reprehenderit\",\n      \"tokenState\": \"dolor nulla\",\n      \"tokenType\": \"pariatur anim aliqua\",\n      \"deactivationDate\": \"adipisicing eiusmod\",\n      \"lastTokenStatusUpdatedTime\": \"consequat cupidatat ex et\",\n      \"entityOfLastAction\": \"aliqua incididunt elit\",\n      \"operatorId\": \"laboris ad eu proident\",\n      \"deviceInformation\": {\n        \"deviceType\": \"sit in\",\n        \"deviceNumber\": \"nostrud ad mollit Duis\",\n        \"deviceName\": \"culpa aliqua dolor in\",\n        \"serialNumber\": \"Lor\",\n        \"secureElementId\": \"eu veniam ut aute\"\n      },\n      \"lastFourOfPan\": \"dolor magna in minim\",\n      \"lastFourOfPreviousPan\": \"aliquip labore cillum aute\"\n    }\n  ]\n}","cookie":[],"_postman_previewlanguage":"json"}],"event":[],"protocolProfileBehavior":{"disableBodyPruning":true}},{"id":"df808036-0626-4d92-ab66-cf6008f30993","name":"Suspend an active token.","request":{"name":"Suspend an active token.","description":{"content":"Used to suspend an active token so that it may not initiate any new transactions. All authorizations for a suspended token will be declined.","type":"text/plain"},"url":{"path":["visatoken","v1","suspend"],"host":["{{baseUrl}}"],"query":[],"variable":[]},"header":[{"key":"Content-Type","value":"application/json"},{"key":"Accept","value":"application/json"}],"method":"POST","auth":null,"body":{"mode":"raw","raw":"{\n  \"common\": {\n    \"user\": \"<string>\",\n    \"agent\": \"<string>\",\n    \"cycle\": \"<string>\",\n    \"clientNumber\": \"<string>\",\n    \"system\": \"<string>\",\n    \"prin\": \"<string>\",\n    \"debug\": \"<boolean>\",\n    \"org\": \"<string>\",\n    \"processor\": \"<boolean>\",\n    \"contentType\": \"<string>\",\n    \"retry\": \"<long>\",\n    \"timeout\": \"<long>\",\n    \"siteId\": \"<string>\",\n    \"internalOrigin\": \"<boolean>\",\n    \"uuid\": \"<string>\"\n  },\n  \"tokenReferenceId\": \"<string>\",\n  \"token\": \"<string>\",\n  \"tokenRequestorId\": \"<string>\",\n  \"requestReason\": \"<string>\"\n}","options":{"raw":{"language":"json"}}}},"response":[{"id":"fb0f9aa1-8687-40e9-8232-3810f3df1977","name":"successful operation","originalRequest":{"url":{"path":["visatoken","v1","suspend"],"host":["{{baseUrl}}"],"query":[],"variable":[]},"header":[{"key":"Accept","value":"application/json"}],"method":"POST","body":{"mode":"raw","raw":"{\n  \"common\": {\n    \"user\": \"<string>\",\n    \"agent\": \"4000\",\n    \"cycle\": \"T\",\n    \"clientNumber\": \"1000\",\n    \"system\": \"2000\",\n    \"prin\": \"3000\",\n    \"debug\": \"<boolean>\",\n    \"org\": \"<string>\",\n    \"processor\": \"<boolean>\",\n    \"contentType\": \"<string>\",\n    \"retry\": 0,\n    \"timeout\": 45000,\n    \"siteId\": \"4201\",\n    \"internalOrigin\": \"<boolean>\",\n    \"uuid\": \"a5eac27d-cd89-4096-a331-306480bfee76\"\n  },\n  \"tokenReferenceId\": \"a00PHtyFpc41YAHWupHCY4lDK5cfYiuk\",\n  \"token\": \"087\",\n  \"tokenRequestorId\": \"68114766\",\n  \"requestReason\": \"\"\n}","options":{"raw":{"language":"json"}}}},"status":"OK","code":200,"header":[{"key":"Content-Type","value":"application/json"}],"body":"{\n  \"common\": {\n    \"user\": \"<string>\",\n    \"agent\": \"4000\",\n    \"cycle\": \"T\",\n    \"clientNumber\": \"1000\",\n    \"system\": \"2000\",\n    \"prin\": \"3000\",\n    \"debug\": \"<boolean>\",\n    \"org\": \"<string>\",\n    \"processor\": \"<boolean>\",\n    \"contentType\": \"<string>\",\n    \"retry\": 0,\n    \"timeout\": 45000,\n    \"siteId\": \"4201\",\n    \"internalOrigin\": \"<boolean>\",\n    \"uuid\": \"a5eac27d-cd89-4096-a331-306480bfee76\"\n  }\n}","cookie":[],"_postman_previewlanguage":"json"}],"event":[],"protocolProfileBehavior":{"disableBodyPruning":true}},{"id":"0d5d8860-cd5a-4237-9b7a-72ad032739d0","name":"Unsuspend or resume a suspended token.","request":{"name":"Unsuspend or resume a suspended token.","description":{"content":"Used to unsuspend or resume a suspended token and return it to the active state where it may initiate new transactions.","type":"text/plain"},"url":{"path":["visatoken","v1","unsuspend"],"host":["{{baseUrl}}"],"query":[],"variable":[]},"header":[{"key":"Content-Type","value":"application/json"},{"key":"Accept","value":"application/json"}],"method":"POST","auth":null,"body":{"mode":"raw","raw":"{\n  \"common\": {\n    \"user\": \"<string>\",\n    \"agent\": \"<string>\",\n    \"cycle\": \"<string>\",\n    \"clientNumber\": \"<string>\",\n    \"system\": \"<string>\",\n    \"prin\": \"<string>\",\n    \"debug\": \"<boolean>\",\n    \"org\": \"<string>\",\n    \"processor\": \"<boolean>\",\n    \"contentType\": \"<string>\",\n    \"retry\": \"<long>\",\n    \"timeout\": \"<long>\",\n    \"siteId\": \"<string>\",\n    \"internalOrigin\": \"<boolean>\",\n    \"uuid\": \"<string>\"\n  },\n  \"tokenReferenceId\": \"<string>\",\n  \"token\": \"<string>\",\n  \"tokenRequestorId\": \"<string>\",\n  \"requestReason\": \"<string>\"\n}","options":{"raw":{"language":"json"}}}},"response":[{"id":"82871b41-c2d3-46b6-b4f6-ac8a468fd6ad","name":"successful operation","originalRequest":{"url":{"path":["visatoken","v1","unsuspend"],"host":["{{baseUrl}}"],"query":[],"variable":[]},"header":[{"key":"Accept","value":"application/json"}],"method":"POST","body":{"mode":"raw","raw":"{\n  \"common\": {\n    \"user\": \"<string>\",\n    \"agent\": \"4000\",\n    \"cycle\": \"T\",\n    \"clientNumber\": \"1000\",\n    \"system\": \"2000\",\n    \"prin\": \"3000\",\n    \"debug\": \"<boolean>\",\n    \"org\": \"<string>\",\n    \"processor\": \"<boolean>\",\n    \"contentType\": \"<string>\",\n    \"retry\": 0,\n    \"timeout\": 45000,\n    \"siteId\": \"4201\",\n    \"internalOrigin\": \"<boolean>\",\n    \"uuid\": \"a5eac27d-cd89-4096-a331-306480bfee76\"\n  },\n  \"tokenReferenceId\": \"a00PHtyFpc41YAHWupHCY4lDK5cfYiuk\",\n  \"token\": \"087\",\n  \"tokenRequestorId\": \"68114766\",\n  \"requestReason\": \"\"\n}","options":{"raw":{"language":"json"}}}},"status":"OK","code":200,"header":[{"key":"Content-Type","value":"application/json"}],"body":"{\n  \"common\": {\n    \"user\": \"<string>\",\n    \"agent\": \"4000\",\n    \"cycle\": \"T\",\n    \"clientNumber\": \"1000\",\n    \"system\": \"2000\",\n    \"prin\": \"3000\",\n    \"debug\": \"<boolean>\",\n    \"org\": \"<string>\",\n    \"processor\": \"<boolean>\",\n    \"contentType\": \"<string>\",\n    \"retry\": 0,\n    \"timeout\": 45000,\n    \"siteId\": \"4201\",\n    \"internalOrigin\": \"<boolean>\",\n    \"uuid\": \"a5eac27d-cd89-4096-a331-306480bfee76\"\n  }\n}","cookie":[],"_postman_previewlanguage":"json"}],"event":[],"protocolProfileBehavior":{"disableBodyPruning":true}},{"id":"319f07cb-bf49-4197-b37c-deab4096e0e9","name":"Update Account PAN mapping information or Issuer Product Configuration ID associated to an already provisioned token.","request":{"name":"Update Account PAN mapping information or Issuer Product Configuration ID associated to an already provisioned token.","description":{"content":"To update a specific individual token, the API should be requested using the Token Unique Reference. To update all tokens mapped to a specific Account PAN, the API should be requested using the Account PAN. In either case, updates will only be applied to tokens in ACTIVE or SUSPENDED state, not those in IN PROGRESS or DELETED state. When updating Account PAN Mapping Information, the Account PAN, Expiration Date and Sequence Number, may be updated individually or in any combination. Only information provided will be updated. The account mapping will only update an Account PAN for a new Account PAN when they are both in the same Account Range.","type":"text/plain"},"url":{"path":["visatoken","v1","update"],"host":["{{baseUrl}}"],"query":[],"variable":[]},"header":[{"key":"Content-Type","value":"application/json"},{"key":"Accept","value":"application/json"}],"method":"POST","auth":null,"body":{"mode":"raw","raw":"{\n  \"common\": {\n    \"user\": \"<string>\",\n    \"agent\": \"<string>\",\n    \"cycle\": \"<string>\",\n    \"clientNumber\": \"<string>\",\n    \"system\": \"<string>\",\n    \"prin\": \"<string>\",\n    \"debug\": \"<boolean>\",\n    \"org\": \"<string>\",\n    \"processor\": \"<boolean>\",\n    \"contentType\": \"<string>\",\n    \"retry\": \"<long>\",\n    \"timeout\": \"<long>\",\n    \"siteId\": \"<string>\",\n    \"internalOrigin\": \"<boolean>\",\n    \"uuid\": \"<string>\"\n  },\n  \"currentAccountPan\": \"<string>\",\n  \"newAccountPan\": \"<string>\",\n  \"currentExpirationDate\": \"<string>\",\n  \"newExpirationDate\": \"<string>\",\n  \"requestReason\": \"<string>\"\n}","options":{"raw":{"language":"json"}}}},"response":[{"id":"867f7f8a-1895-4b27-8382-067285e9fe59","name":"successful operation","originalRequest":{"url":{"path":["visatoken","v1","update"],"host":["{{baseUrl}}"],"query":[],"variable":[]},"header":[{"key":"Accept","value":"application/json"}],"method":"POST","body":{"mode":"raw","raw":"{\n  \"common\": {\n    \"user\": \"<string>\",\n    \"agent\": \"4000\",\n    \"cycle\": \"T\",\n    \"clientNumber\": \"1000\",\n    \"system\": \"2000\",\n    \"prin\": \"3000\",\n    \"debug\": \"<boolean>\",\n    \"org\": \"<string>\",\n    \"processor\": \"<boolean>\",\n    \"contentType\": \"<string>\",\n    \"retry\": 0,\n    \"timeout\": 45000,\n    \"siteId\": \"4201\",\n    \"internalOrigin\": \"<boolean>\",\n    \"uuid\": \"a5eac27d-cd89-4096-a331-306480bfee76\"\n  },\n  \"currentAccountPan\": \"1750886\",\n  \"newAccountPan\": \"88109709274551726\",\n  \"currentExpirationDate\": \"3303\",\n  \"newExpirationDate\": \"0803\",\n  \"requestReason\": \"\"\n}","options":{"raw":{"language":"json"}}}},"status":"OK","code":200,"header":[{"key":"Content-Type","value":"application/json"}],"body":"{\n  \"common\": {\n    \"user\": \"<string>\",\n    \"agent\": \"4000\",\n    \"cycle\": \"T\",\n    \"clientNumber\": \"1000\",\n    \"system\": \"2000\",\n    \"prin\": \"3000\",\n    \"debug\": \"<boolean>\",\n    \"org\": \"<string>\",\n    \"processor\": \"<boolean>\",\n    \"contentType\": \"<string>\",\n    \"retry\": 0,\n    \"timeout\": 45000,\n    \"siteId\": \"4201\",\n    \"internalOrigin\": \"<boolean>\",\n    \"uuid\": \"a5eac27d-cd89-4096-a331-306480bfee76\"\n  }\n}","cookie":[],"_postman_previewlanguage":"json"}],"event":[],"protocolProfileBehavior":{"disableBodyPruning":true}}],"event":[]}],"event":[],"variable":[{"type":"string","value":"https://cat.api.firstdata.com/fs","key":"baseUrl"}],"info":{"_postman_id":"3b04f25c-6aaf-4a91-b419-37b43ff8c5c6","name":"fs-devportal-services-1","schema":"https://schema.getpostman.com/json/collection/v2.1.0/collection.json","description":{"content":"Welcome to the Financial Services API documentation","type":"text/plain"}}}