{"item":[{"id":"a894b7c3-af24-4f6e-9cbc-2b4c3af755a8","name":"visatoken/v1","item":[{"id":"da2336b8-00f7-4d7b-bc6d-0b4b8e61d9f8","name":"Activate a token for a digitization.","request":{"name":"Activate a token for a digitization.","description":{"content":"Used to activate a token for a digitization that has been approved and provisioned, but requires additional cardholder authentication prior to activation. It is expected that a cardholder will complete the authentication process using an issuer's call center or using an issuer-supplied mobile application, and only then should the issuer use this API to activate the token.","type":"text/plain"},"url":{"path":["visatoken","v1","activate"],"host":["{{baseUrl}}"],"query":[],"variable":[]},"header":[{"key":"Content-Type","value":"*/*"},{"key":"Accept","value":"application/json"}],"method":"POST","auth":null,"body":{"mode":"raw","raw":"{\n  \"common\": {\n    \"user\": \"<string>\",\n    \"agent\": \"<string>\",\n    \"cycle\": \"<string>\",\n    \"clientNumber\": \"<string>\",\n    \"system\": \"<string>\",\n    \"prin\": \"<string>\",\n    \"debug\": \"<boolean>\",\n    \"org\": \"<string>\",\n    \"processor\": \"<boolean>\",\n    \"contentType\": \"<string>\",\n    \"retry\": \"<long>\",\n    \"timeout\": \"<long>\",\n    \"siteId\": \"<string>\",\n    \"internalOrigin\": \"<boolean>\",\n    \"uuid\": \"<string>\",\n    \"rts\": \"<dateTime>\"\n  },\n  \"tokenReferenceId\": \"<string>\",\n  \"token\": \"<string>\",\n  \"tokenRequestorId\": \"<string>\",\n  \"requestReason\": \"<string>\",\n  \"activationCode\": \"<string>\"\n}"}},"response":[{"id":"d533f5ea-5e98-409d-9862-380eafd6b3e4","name":"successful operation","originalRequest":{"url":{"path":["visatoken","v1","activate"],"host":["{{baseUrl}}"],"query":[],"variable":[]},"header":[{"key":"Accept","value":"application/json"}],"method":"POST","body":{"mode":"raw","raw":"{\n  \"common\": {\n    \"user\": \"<string>\",\n    \"agent\": \"4000\",\n    \"cycle\": \"T\",\n    \"clientNumber\": \"1000\",\n    \"system\": \"2000\",\n    \"prin\": \"3000\",\n    \"debug\": \"<boolean>\",\n    \"org\": \"<string>\",\n    \"processor\": \"<boolean>\",\n    \"contentType\": \"<string>\",\n    \"retry\": 0,\n    \"timeout\": 45000,\n    \"siteId\": \"4201\",\n    \"internalOrigin\": \"<boolean>\",\n    \"uuid\": \"a5eac27d-cd89-4096-a331-306480bfee76\",\n    \"rts\": \"<dateTime>\"\n  },\n  \"tokenReferenceId\": \"<string>\",\n  \"token\": \"<string>\",\n  \"tokenRequestorId\": \"<string>\",\n  \"requestReason\": \"<string>\",\n  \"activationCode\": \"<string>\"\n}"}},"status":"OK","code":200,"header":[{"key":"Content-Type","value":"application/json"}],"body":"{}","cookie":[],"_postman_previewlanguage":"json"},{"id":"259af9e6-c151-4583-8278-8eec2f44d54e","name":"Unauthorized: Authorization failed due to missing or invalid credentials","originalRequest":{"url":{"path":["visatoken","v1","activate"],"host":["{{baseUrl}}"],"query":[],"variable":[]},"method":"POST","body":{"mode":"raw","raw":"{\n  \"common\": {\n    \"user\": \"<string>\",\n    \"agent\": \"4000\",\n    \"cycle\": \"T\",\n    \"clientNumber\": \"1000\",\n    \"system\": \"2000\",\n    \"prin\": \"3000\",\n    \"debug\": \"<boolean>\",\n    \"org\": \"<string>\",\n    \"processor\": \"<boolean>\",\n    \"contentType\": \"<string>\",\n    \"retry\": 0,\n    \"timeout\": 45000,\n    \"siteId\": \"4201\",\n    \"internalOrigin\": \"<boolean>\",\n    \"uuid\": \"a5eac27d-cd89-4096-a331-306480bfee76\",\n    \"rts\": \"<dateTime>\"\n  },\n  \"tokenReferenceId\": \"<string>\",\n  \"token\": \"<string>\",\n  \"tokenRequestorId\": \"<string>\",\n  \"requestReason\": \"<string>\",\n  \"activationCode\": \"<string>\"\n}"}},"status":"Unauthorized","code":401,"header":[{"key":"Content-Type","value":"text/plain"}],"body":"","cookie":[],"_postman_previewlanguage":"text"},{"id":"730b635b-6fd7-439c-8d46-e41ca5258df1","name":"Forbidden: Insufficient access for requested operation","originalRequest":{"url":{"path":["visatoken","v1","activate"],"host":["{{baseUrl}}"],"query":[],"variable":[]},"method":"POST","body":{"mode":"raw","raw":"{\n  \"common\": {\n    \"user\": \"<string>\",\n    \"agent\": \"4000\",\n    \"cycle\": \"T\",\n    \"clientNumber\": \"1000\",\n    \"system\": \"2000\",\n    \"prin\": \"3000\",\n    \"debug\": \"<boolean>\",\n    \"org\": \"<string>\",\n    \"processor\": \"<boolean>\",\n    \"contentType\": \"<string>\",\n    \"retry\": 0,\n    \"timeout\": 45000,\n    \"siteId\": \"4201\",\n    \"internalOrigin\": \"<boolean>\",\n    \"uuid\": \"a5eac27d-cd89-4096-a331-306480bfee76\",\n    \"rts\": \"<dateTime>\"\n  },\n  \"tokenReferenceId\": \"<string>\",\n  \"token\": \"<string>\",\n  \"tokenRequestorId\": \"<string>\",\n  \"requestReason\": \"<string>\",\n  \"activationCode\": \"<string>\"\n}"}},"status":"Forbidden","code":403,"header":[{"key":"Content-Type","value":"text/plain"}],"body":"","cookie":[],"_postman_previewlanguage":"text"},{"id":"862b9071-580b-4431-ad71-e664485c3e03","name":"System Exception: Internal processes not related to client interaction with application are the cause of the failure","originalRequest":{"url":{"path":["visatoken","v1","activate"],"host":["{{baseUrl}}"],"query":[],"variable":[]},"method":"POST","body":{"mode":"raw","raw":"{\n  \"common\": {\n    \"user\": \"<string>\",\n    \"agent\": \"4000\",\n    \"cycle\": \"T\",\n    \"clientNumber\": \"1000\",\n    \"system\": \"2000\",\n    \"prin\": \"3000\",\n    \"debug\": \"<boolean>\",\n    \"org\": \"<string>\",\n    \"processor\": \"<boolean>\",\n    \"contentType\": \"<string>\",\n    \"retry\": 0,\n    \"timeout\": 45000,\n    \"siteId\": \"4201\",\n    \"internalOrigin\": \"<boolean>\",\n    \"uuid\": \"a5eac27d-cd89-4096-a331-306480bfee76\",\n    \"rts\": \"<dateTime>\"\n  },\n  \"tokenReferenceId\": \"<string>\",\n  \"token\": \"<string>\",\n  \"tokenRequestorId\": \"<string>\",\n  \"requestReason\": \"<string>\",\n  \"activationCode\": \"<string>\"\n}"}},"code":452,"header":[{"key":"Content-Type","value":"text/plain"}],"body":"","cookie":[],"_postman_previewlanguage":"text"},{"id":"0b088d28-c3f5-495a-a7bb-994b06d7878f","name":"Validation Exception: The request failed validation, modify the request and resubmit","originalRequest":{"url":{"path":["visatoken","v1","activate"],"host":["{{baseUrl}}"],"query":[],"variable":[]},"method":"POST","body":{"mode":"raw","raw":"{\n  \"common\": {\n    \"user\": \"<string>\",\n    \"agent\": \"4000\",\n    \"cycle\": \"T\",\n    \"clientNumber\": \"1000\",\n    \"system\": \"2000\",\n    \"prin\": \"3000\",\n    \"debug\": \"<boolean>\",\n    \"org\": \"<string>\",\n    \"processor\": \"<boolean>\",\n    \"contentType\": \"<string>\",\n    \"retry\": 0,\n    \"timeout\": 45000,\n    \"siteId\": \"4201\",\n    \"internalOrigin\": \"<boolean>\",\n    \"uuid\": \"a5eac27d-cd89-4096-a331-306480bfee76\",\n    \"rts\": \"<dateTime>\"\n  },\n  \"tokenReferenceId\": \"<string>\",\n  \"token\": \"<string>\",\n  \"tokenRequestorId\": \"<string>\",\n  \"requestReason\": \"<string>\",\n  \"activationCode\": \"<string>\"\n}"}},"code":453,"header":[{"key":"Content-Type","value":"text/plain"}],"body":"","cookie":[],"_postman_previewlanguage":"text"},{"id":"07e94802-ef5d-4dda-9e33-5e4aa40d496a","name":"ODS Error Exception: ODS returned a message with transaction status ERROR","originalRequest":{"url":{"path":["visatoken","v1","activate"],"host":["{{baseUrl}}"],"query":[],"variable":[]},"method":"POST","body":{"mode":"raw","raw":"{\n  \"common\": {\n    \"user\": \"<string>\",\n    \"agent\": \"4000\",\n    \"cycle\": \"T\",\n    \"clientNumber\": \"1000\",\n    \"system\": \"2000\",\n    \"prin\": \"3000\",\n    \"debug\": \"<boolean>\",\n    \"org\": \"<string>\",\n    \"processor\": \"<boolean>\",\n    \"contentType\": \"<string>\",\n    \"retry\": 0,\n    \"timeout\": 45000,\n    \"siteId\": \"4201\",\n    \"internalOrigin\": \"<boolean>\",\n    \"uuid\": \"a5eac27d-cd89-4096-a331-306480bfee76\",\n    \"rts\": \"<dateTime>\"\n  },\n  \"tokenReferenceId\": \"<string>\",\n  \"token\": \"<string>\",\n  \"tokenRequestorId\": \"<string>\",\n  \"requestReason\": \"<string>\",\n  \"activationCode\": \"<string>\"\n}"}},"code":455,"header":[{"key":"Content-Type","value":"text/plain"}],"body":"","cookie":[],"_postman_previewlanguage":"text"}],"event":[],"protocolProfileBehavior":{"disableBodyPruning":true}},{"id":"d55ffda1-5c86-4ebb-88f2-dd76d4ea33aa","name":"Update Card Art","request":{"name":"Update Card Art","description":{},"url":{"path":["visatoken","v1","cardart"],"host":["{{baseUrl}}"],"query":[],"variable":[]},"header":[{"key":"Content-Type","value":"*/*"},{"key":"Accept","value":"application/json"}],"method":"POST","auth":null,"body":{"mode":"raw","raw":"{\n  \"common\": {\n    \"user\": \"<string>\",\n    \"agent\": \"<string>\",\n    \"cycle\": \"<string>\",\n    \"clientNumber\": \"<string>\",\n    \"system\": \"<string>\",\n    \"prin\": \"<string>\",\n    \"debug\": \"<boolean>\",\n    \"org\": \"<string>\",\n    \"processor\": \"<boolean>\",\n    \"contentType\": \"<string>\",\n    \"retry\": \"<long>\",\n    \"timeout\": \"<long>\",\n    \"siteId\": \"<string>\",\n    \"internalOrigin\": \"<boolean>\",\n    \"uuid\": \"<string>\",\n    \"rts\": \"<dateTime>\"\n  },\n  \"responseUrl\": \"<string>\",\n  \"operationReason\": \"<string>\",\n  \"tokenReferenceId\": \"<string>\",\n  \"tokenRequestorId\": \"<string>\",\n  \"token\": \"<string>\",\n  \"panReferenceId\": \"<string>\",\n  \"pan\": \"<string>\",\n  \"cardholderInfo\": {\n    \"version\": \"<string>\",\n    \"encryptedData\": \"<string>\",\n    \"encryptionKeyIndex\": \"<string>\"\n  },\n  \"cardMetadata\": {\n    \"labelColor\": \"<string>\",\n    \"shortDescription\": \"<string>\",\n    \"longDescription\": \"<string>\",\n    \"contactWebsite\": \"<string>\",\n    \"contactEmail\": \"<string>\",\n    \"contactNumber\": \"<string>\",\n    \"contactName\": \"<string>\",\n    \"associatedStoreIdentifiers\": [\n      \"<string>\",\n      \"<string>\"\n    ],\n    \"associatedApplicationIdentifiers\": [\n      \"<string>\",\n      \"<string>\"\n    ],\n    \"appLaunchUrlScheme\": \"<string>\",\n    \"supportsTokenNotifications\": \"<boolean>\",\n    \"supportsFpanNotifications\": \"<boolean>\",\n    \"transactionPushTopic\": \"<string>\",\n    \"messagePushTopic\": \"<string>\",\n    \"cardMetadataProfileId\": \"<string>\",\n    \"issuerCardArtRefID\": [\n      \"<string>\",\n      \"<string>\",\n      \"<string>\",\n      \"<string>\",\n      \"<string>\"\n    ],\n    \"appLaunchURL\": \"<string>\",\n    \"transactionServiceURL\": \"<string>\",\n    \"privacyPolicyURL\": \"<string>\",\n    \"termsAndConditionsURL\": \"<string>\",\n    \"messageServiceURL\": \"<string>\"\n  }\n}"}},"response":[{"id":"6f2de4f3-327d-4022-878f-793cced45c65","name":"successful operation","originalRequest":{"url":{"path":["visatoken","v1","cardart"],"host":["{{baseUrl}}"],"query":[],"variable":[]},"header":[{"key":"Accept","value":"application/json"}],"method":"POST","body":{"mode":"raw","raw":"{\n  \"common\": {\n    \"user\": \"<string>\",\n    \"agent\": \"4000\",\n    \"cycle\": \"T\",\n    \"clientNumber\": \"1000\",\n    \"system\": \"2000\",\n    \"prin\": \"3000\",\n    \"debug\": \"<boolean>\",\n    \"org\": \"<string>\",\n    \"processor\": \"<boolean>\",\n    \"contentType\": \"<string>\",\n    \"retry\": 0,\n    \"timeout\": 45000,\n    \"siteId\": \"4201\",\n    \"internalOrigin\": \"<boolean>\",\n    \"uuid\": \"a5eac27d-cd89-4096-a331-306480bfee76\",\n    \"rts\": \"<dateTime>\"\n  },\n  \"responseUrl\": \"<string>\",\n  \"operationReason\": \"<string>\",\n  \"tokenReferenceId\": \"<string>\",\n  \"tokenRequestorId\": \"<string>\",\n  \"token\": \"<string>\",\n  \"panReferenceId\": \"<string>\",\n  \"pan\": \"<string>\",\n  \"cardholderInfo\": {\n    \"version\": \"<string>\",\n    \"encryptedData\": \"<string>\",\n    \"encryptionKeyIndex\": \"<string>\"\n  },\n  \"cardMetadata\": {\n    \"labelColor\": \"<string>\",\n    \"shortDescription\": \"<string>\",\n    \"longDescription\": \"<string>\",\n    \"contactWebsite\": \"<string>\",\n    \"contactEmail\": \"<string>\",\n    \"contactNumber\": \"<string>\",\n    \"contactName\": \"<string>\",\n    \"associatedStoreIdentifiers\": [\n      \"<string>\",\n      \"<string>\"\n    ],\n    \"associatedApplicationIdentifiers\": [\n      \"<string>\",\n      \"<string>\"\n    ],\n    \"appLaunchUrlScheme\": \"<string>\",\n    \"supportsTokenNotifications\": \"<boolean>\",\n    \"supportsFpanNotifications\": \"<boolean>\",\n    \"transactionPushTopic\": \"<string>\",\n    \"messagePushTopic\": \"<string>\",\n    \"cardMetadataProfileId\": \"<string>\",\n    \"issuerCardArtRefID\": [\n      \"<string>\",\n      \"<string>\",\n      \"<string>\",\n      \"<string>\",\n      \"<string>\"\n    ],\n    \"appLaunchURL\": \"<string>\",\n    \"transactionServiceURL\": \"<string>\",\n    \"privacyPolicyURL\": \"<string>\",\n    \"termsAndConditionsURL\": \"<string>\",\n    \"messageServiceURL\": \"<string>\"\n  }\n}"}},"status":"OK","code":200,"header":[{"key":"Content-Type","value":"application/json"}],"body":"{\n  \"reqId\": \"ullamco cupidatat\",\n  \"tokenDetails\": {\n    \"token\": \"et cillum nostru\",\n    \"tokenRequestorName\": \"ut dolor nulla magna\",\n    \"walletAccountEmail\": [\n      \"4nyITF3y7yf623hlMEl=\",\n      \"Ew/yflicemwDPFQkjwPY/3gdbxpS\"\n    ],\n    \"tokenAssuranceLevel\": \"Lorem ex aute quis\",\n    \"tokenExpiration\": \"anim sed\",\n    \"tokenState\": \"qui minim et\",\n    \"tokenType\": \"ex\",\n    \"deactivationDate\": \"voluptate laborum est cillum\",\n    \"lastTokenStatusUpdatedTime\": \"dolor minim et ex nostrud\",\n    \"entityOfLastAction\": \"ad officia tempor enim irure\",\n    \"deviceInformation\": {\n      \"deviceType\": \"eu anim consectetur sint\",\n      \"deviceNumber\": \"consec\",\n      \"deviceName\": \"sed Duis mollit voluptate\",\n      \"serialNumber\": \"velit ut magna nulla sint\",\n      \"secureElementID\": \"nulla voluptate in dol\"\n    },\n    \"taskId\": \"aute sed ea sit eiusmod\",\n    \"otpCodeIndicator\": \"aliquip quis\",\n    \"otpCodeExpiration\": \"officia\",\n    \"otpVerifcationAttempts\": \"velit\",\n    \"otpVericationRetryCounts\": \"adipisicing id incididunt amet\",\n    \"actionCode\": \"do l\",\n    \"errorCode\": \"cillum in Excepteur id\",\n    \"panReferenceID\": \"laboris\",\n    \"tokenReferenceID\": \"enim ipsum nulla aliqua\",\n    \"tokenRequestorID\": \"Lorem id\",\n    \"walletAccountID\": \"ex in tempor do commodo\",\n    \"operatorID\": \"dolore nostrud\",\n    \"lastFourOfPAN\": \"occaecat laboris\",\n    \"lastFourOfPreviousPAN\": \"sint ea officia ad enim\"\n  }\n}","cookie":[],"_postman_previewlanguage":"json"},{"id":"d0e62156-08e3-4ee9-9a37-0a92fcdfddad","name":"Unauthorized: Authorization failed due to missing or invalid credentials","originalRequest":{"url":{"path":["visatoken","v1","cardart"],"host":["{{baseUrl}}"],"query":[],"variable":[]},"method":"POST","body":{"mode":"raw","raw":"{\n  \"common\": {\n    \"user\": \"<string>\",\n    \"agent\": \"4000\",\n    \"cycle\": \"T\",\n    \"clientNumber\": \"1000\",\n    \"system\": \"2000\",\n    \"prin\": \"3000\",\n    \"debug\": \"<boolean>\",\n    \"org\": \"<string>\",\n    \"processor\": \"<boolean>\",\n    \"contentType\": \"<string>\",\n    \"retry\": 0,\n    \"timeout\": 45000,\n    \"siteId\": \"4201\",\n    \"internalOrigin\": \"<boolean>\",\n    \"uuid\": \"a5eac27d-cd89-4096-a331-306480bfee76\",\n    \"rts\": \"<dateTime>\"\n  },\n  \"responseUrl\": \"<string>\",\n  \"operationReason\": \"<string>\",\n  \"tokenReferenceId\": \"<string>\",\n  \"tokenRequestorId\": \"<string>\",\n  \"token\": \"<string>\",\n  \"panReferenceId\": \"<string>\",\n  \"pan\": \"<string>\",\n  \"cardholderInfo\": {\n    \"version\": \"<string>\",\n    \"encryptedData\": \"<string>\",\n    \"encryptionKeyIndex\": \"<string>\"\n  },\n  \"cardMetadata\": {\n    \"labelColor\": \"<string>\",\n    \"shortDescription\": \"<string>\",\n    \"longDescription\": \"<string>\",\n    \"contactWebsite\": \"<string>\",\n    \"contactEmail\": \"<string>\",\n    \"contactNumber\": \"<string>\",\n    \"contactName\": \"<string>\",\n    \"associatedStoreIdentifiers\": [\n      \"<string>\",\n      \"<string>\"\n    ],\n    \"associatedApplicationIdentifiers\": [\n      \"<string>\",\n      \"<string>\"\n    ],\n    \"appLaunchUrlScheme\": \"<string>\",\n    \"supportsTokenNotifications\": \"<boolean>\",\n    \"supportsFpanNotifications\": \"<boolean>\",\n    \"transactionPushTopic\": \"<string>\",\n    \"messagePushTopic\": \"<string>\",\n    \"cardMetadataProfileId\": \"<string>\",\n    \"issuerCardArtRefID\": [\n      \"<string>\",\n      \"<string>\",\n      \"<string>\",\n      \"<string>\",\n      \"<string>\"\n    ],\n    \"appLaunchURL\": \"<string>\",\n    \"transactionServiceURL\": \"<string>\",\n    \"privacyPolicyURL\": \"<string>\",\n    \"termsAndConditionsURL\": \"<string>\",\n    \"messageServiceURL\": \"<string>\"\n  }\n}"}},"status":"Unauthorized","code":401,"header":[{"key":"Content-Type","value":"text/plain"}],"body":"","cookie":[],"_postman_previewlanguage":"text"},{"id":"8fe05428-dacf-44d1-bd92-ef4a557433e2","name":"Forbidden: Insufficient access for requested operation","originalRequest":{"url":{"path":["visatoken","v1","cardart"],"host":["{{baseUrl}}"],"query":[],"variable":[]},"method":"POST","body":{"mode":"raw","raw":"{\n  \"common\": {\n    \"user\": \"<string>\",\n    \"agent\": \"4000\",\n    \"cycle\": \"T\",\n    \"clientNumber\": \"1000\",\n    \"system\": \"2000\",\n    \"prin\": \"3000\",\n    \"debug\": \"<boolean>\",\n    \"org\": \"<string>\",\n    \"processor\": \"<boolean>\",\n    \"contentType\": \"<string>\",\n    \"retry\": 0,\n    \"timeout\": 45000,\n    \"siteId\": \"4201\",\n    \"internalOrigin\": \"<boolean>\",\n    \"uuid\": \"a5eac27d-cd89-4096-a331-306480bfee76\",\n    \"rts\": \"<dateTime>\"\n  },\n  \"responseUrl\": \"<string>\",\n  \"operationReason\": \"<string>\",\n  \"tokenReferenceId\": \"<string>\",\n  \"tokenRequestorId\": \"<string>\",\n  \"token\": \"<string>\",\n  \"panReferenceId\": \"<string>\",\n  \"pan\": \"<string>\",\n  \"cardholderInfo\": {\n    \"version\": \"<string>\",\n    \"encryptedData\": \"<string>\",\n    \"encryptionKeyIndex\": \"<string>\"\n  },\n  \"cardMetadata\": {\n    \"labelColor\": \"<string>\",\n    \"shortDescription\": \"<string>\",\n    \"longDescription\": \"<string>\",\n    \"contactWebsite\": \"<string>\",\n    \"contactEmail\": \"<string>\",\n    \"contactNumber\": \"<string>\",\n    \"contactName\": \"<string>\",\n    \"associatedStoreIdentifiers\": [\n      \"<string>\",\n      \"<string>\"\n    ],\n    \"associatedApplicationIdentifiers\": [\n      \"<string>\",\n      \"<string>\"\n    ],\n    \"appLaunchUrlScheme\": \"<string>\",\n    \"supportsTokenNotifications\": \"<boolean>\",\n    \"supportsFpanNotifications\": \"<boolean>\",\n    \"transactionPushTopic\": \"<string>\",\n    \"messagePushTopic\": \"<string>\",\n    \"cardMetadataProfileId\": \"<string>\",\n    \"issuerCardArtRefID\": [\n      \"<string>\",\n      \"<string>\",\n      \"<string>\",\n      \"<string>\",\n      \"<string>\"\n    ],\n    \"appLaunchURL\": \"<string>\",\n    \"transactionServiceURL\": \"<string>\",\n    \"privacyPolicyURL\": \"<string>\",\n    \"termsAndConditionsURL\": \"<string>\",\n    \"messageServiceURL\": \"<string>\"\n  }\n}"}},"status":"Forbidden","code":403,"header":[{"key":"Content-Type","value":"text/plain"}],"body":"","cookie":[],"_postman_previewlanguage":"text"},{"id":"5479a2df-bde0-456d-ad2f-72535359c4ac","name":"System Exception: Internal processes not related to client interaction with application are the cause of the failure","originalRequest":{"url":{"path":["visatoken","v1","cardart"],"host":["{{baseUrl}}"],"query":[],"variable":[]},"method":"POST","body":{"mode":"raw","raw":"{\n  \"common\": {\n    \"user\": \"<string>\",\n    \"agent\": \"4000\",\n    \"cycle\": \"T\",\n    \"clientNumber\": \"1000\",\n    \"system\": \"2000\",\n    \"prin\": \"3000\",\n    \"debug\": \"<boolean>\",\n    \"org\": \"<string>\",\n    \"processor\": \"<boolean>\",\n    \"contentType\": \"<string>\",\n    \"retry\": 0,\n    \"timeout\": 45000,\n    \"siteId\": \"4201\",\n    \"internalOrigin\": \"<boolean>\",\n    \"uuid\": \"a5eac27d-cd89-4096-a331-306480bfee76\",\n    \"rts\": \"<dateTime>\"\n  },\n  \"responseUrl\": \"<string>\",\n  \"operationReason\": \"<string>\",\n  \"tokenReferenceId\": \"<string>\",\n  \"tokenRequestorId\": \"<string>\",\n  \"token\": \"<string>\",\n  \"panReferenceId\": \"<string>\",\n  \"pan\": \"<string>\",\n  \"cardholderInfo\": {\n    \"version\": \"<string>\",\n    \"encryptedData\": \"<string>\",\n    \"encryptionKeyIndex\": \"<string>\"\n  },\n  \"cardMetadata\": {\n    \"labelColor\": \"<string>\",\n    \"shortDescription\": \"<string>\",\n    \"longDescription\": \"<string>\",\n    \"contactWebsite\": \"<string>\",\n    \"contactEmail\": \"<string>\",\n    \"contactNumber\": \"<string>\",\n    \"contactName\": \"<string>\",\n    \"associatedStoreIdentifiers\": [\n      \"<string>\",\n      \"<string>\"\n    ],\n    \"associatedApplicationIdentifiers\": [\n      \"<string>\",\n      \"<string>\"\n    ],\n    \"appLaunchUrlScheme\": \"<string>\",\n    \"supportsTokenNotifications\": \"<boolean>\",\n    \"supportsFpanNotifications\": \"<boolean>\",\n    \"transactionPushTopic\": \"<string>\",\n    \"messagePushTopic\": \"<string>\",\n    \"cardMetadataProfileId\": \"<string>\",\n    \"issuerCardArtRefID\": [\n      \"<string>\",\n      \"<string>\",\n      \"<string>\",\n      \"<string>\",\n      \"<string>\"\n    ],\n    \"appLaunchURL\": \"<string>\",\n    \"transactionServiceURL\": \"<string>\",\n    \"privacyPolicyURL\": \"<string>\",\n    \"termsAndConditionsURL\": \"<string>\",\n    \"messageServiceURL\": \"<string>\"\n  }\n}"}},"code":452,"header":[{"key":"Content-Type","value":"text/plain"}],"body":"","cookie":[],"_postman_previewlanguage":"text"},{"id":"513a7f27-5413-48a0-8dcb-1132cccd4ab1","name":"Validation Exception: The request failed validation, modify the request and resubmit","originalRequest":{"url":{"path":["visatoken","v1","cardart"],"host":["{{baseUrl}}"],"query":[],"variable":[]},"method":"POST","body":{"mode":"raw","raw":"{\n  \"common\": {\n    \"user\": \"<string>\",\n    \"agent\": \"4000\",\n    \"cycle\": \"T\",\n    \"clientNumber\": \"1000\",\n    \"system\": \"2000\",\n    \"prin\": \"3000\",\n    \"debug\": \"<boolean>\",\n    \"org\": \"<string>\",\n    \"processor\": \"<boolean>\",\n    \"contentType\": \"<string>\",\n    \"retry\": 0,\n    \"timeout\": 45000,\n    \"siteId\": \"4201\",\n    \"internalOrigin\": \"<boolean>\",\n    \"uuid\": \"a5eac27d-cd89-4096-a331-306480bfee76\",\n    \"rts\": \"<dateTime>\"\n  },\n  \"responseUrl\": \"<string>\",\n  \"operationReason\": \"<string>\",\n  \"tokenReferenceId\": \"<string>\",\n  \"tokenRequestorId\": \"<string>\",\n  \"token\": \"<string>\",\n  \"panReferenceId\": \"<string>\",\n  \"pan\": \"<string>\",\n  \"cardholderInfo\": {\n    \"version\": \"<string>\",\n    \"encryptedData\": \"<string>\",\n    \"encryptionKeyIndex\": \"<string>\"\n  },\n  \"cardMetadata\": {\n    \"labelColor\": \"<string>\",\n    \"shortDescription\": \"<string>\",\n    \"longDescription\": \"<string>\",\n    \"contactWebsite\": \"<string>\",\n    \"contactEmail\": \"<string>\",\n    \"contactNumber\": \"<string>\",\n    \"contactName\": \"<string>\",\n    \"associatedStoreIdentifiers\": [\n      \"<string>\",\n      \"<string>\"\n    ],\n    \"associatedApplicationIdentifiers\": [\n      \"<string>\",\n      \"<string>\"\n    ],\n    \"appLaunchUrlScheme\": \"<string>\",\n    \"supportsTokenNotifications\": \"<boolean>\",\n    \"supportsFpanNotifications\": \"<boolean>\",\n    \"transactionPushTopic\": \"<string>\",\n    \"messagePushTopic\": \"<string>\",\n    \"cardMetadataProfileId\": \"<string>\",\n    \"issuerCardArtRefID\": [\n      \"<string>\",\n      \"<string>\",\n      \"<string>\",\n      \"<string>\",\n      \"<string>\"\n    ],\n    \"appLaunchURL\": \"<string>\",\n    \"transactionServiceURL\": \"<string>\",\n    \"privacyPolicyURL\": \"<string>\",\n    \"termsAndConditionsURL\": \"<string>\",\n    \"messageServiceURL\": \"<string>\"\n  }\n}"}},"code":453,"header":[{"key":"Content-Type","value":"text/plain"}],"body":"","cookie":[],"_postman_previewlanguage":"text"},{"id":"033f736a-6db6-4614-addc-f41498db06a2","name":"ODS Error Exception: ODS returned a message with transaction status ERROR","originalRequest":{"url":{"path":["visatoken","v1","cardart"],"host":["{{baseUrl}}"],"query":[],"variable":[]},"method":"POST","body":{"mode":"raw","raw":"{\n  \"common\": {\n    \"user\": \"<string>\",\n    \"agent\": \"4000\",\n    \"cycle\": \"T\",\n    \"clientNumber\": \"1000\",\n    \"system\": \"2000\",\n    \"prin\": \"3000\",\n    \"debug\": \"<boolean>\",\n    \"org\": \"<string>\",\n    \"processor\": \"<boolean>\",\n    \"contentType\": \"<string>\",\n    \"retry\": 0,\n    \"timeout\": 45000,\n    \"siteId\": \"4201\",\n    \"internalOrigin\": \"<boolean>\",\n    \"uuid\": \"a5eac27d-cd89-4096-a331-306480bfee76\",\n    \"rts\": \"<dateTime>\"\n  },\n  \"responseUrl\": \"<string>\",\n  \"operationReason\": \"<string>\",\n  \"tokenReferenceId\": \"<string>\",\n  \"tokenRequestorId\": \"<string>\",\n  \"token\": \"<string>\",\n  \"panReferenceId\": \"<string>\",\n  \"pan\": \"<string>\",\n  \"cardholderInfo\": {\n    \"version\": \"<string>\",\n    \"encryptedData\": \"<string>\",\n    \"encryptionKeyIndex\": \"<string>\"\n  },\n  \"cardMetadata\": {\n    \"labelColor\": \"<string>\",\n    \"shortDescription\": \"<string>\",\n    \"longDescription\": \"<string>\",\n    \"contactWebsite\": \"<string>\",\n    \"contactEmail\": \"<string>\",\n    \"contactNumber\": \"<string>\",\n    \"contactName\": \"<string>\",\n    \"associatedStoreIdentifiers\": [\n      \"<string>\",\n      \"<string>\"\n    ],\n    \"associatedApplicationIdentifiers\": [\n      \"<string>\",\n      \"<string>\"\n    ],\n    \"appLaunchUrlScheme\": \"<string>\",\n    \"supportsTokenNotifications\": \"<boolean>\",\n    \"supportsFpanNotifications\": \"<boolean>\",\n    \"transactionPushTopic\": \"<string>\",\n    \"messagePushTopic\": \"<string>\",\n    \"cardMetadataProfileId\": \"<string>\",\n    \"issuerCardArtRefID\": [\n      \"<string>\",\n      \"<string>\",\n      \"<string>\",\n      \"<string>\",\n      \"<string>\"\n    ],\n    \"appLaunchURL\": \"<string>\",\n    \"transactionServiceURL\": \"<string>\",\n    \"privacyPolicyURL\": \"<string>\",\n    \"termsAndConditionsURL\": \"<string>\",\n    \"messageServiceURL\": \"<string>\"\n  }\n}"}},"code":455,"header":[{"key":"Content-Type","value":"text/plain"}],"body":"","cookie":[],"_postman_previewlanguage":"text"}],"event":[],"protocolProfileBehavior":{"disableBodyPruning":true}},{"id":"70755e82-1e98-4f1e-aa73-f0c3ae539b68","name":"Delete a token.","request":{"name":"Delete a token.","description":{"content":"Used to delete a token so that it may not initiate any new transactions. All authorizations for a deleted token will be declined. A deleted token may not be returned to an active state.","type":"text/plain"},"url":{"path":["visatoken","v1","delete"],"host":["{{baseUrl}}"],"query":[],"variable":[]},"header":[{"key":"Content-Type","value":"*/*"},{"key":"Accept","value":"application/json"}],"method":"POST","auth":null,"body":{"mode":"raw","raw":"{\n  \"common\": {\n    \"user\": \"<string>\",\n    \"agent\": \"<string>\",\n    \"cycle\": \"<string>\",\n    \"clientNumber\": \"<string>\",\n    \"system\": \"<string>\",\n    \"prin\": \"<string>\",\n    \"debug\": \"<boolean>\",\n    \"org\": \"<string>\",\n    \"processor\": \"<boolean>\",\n    \"contentType\": \"<string>\",\n    \"retry\": \"<long>\",\n    \"timeout\": \"<long>\",\n    \"siteId\": \"<string>\",\n    \"internalOrigin\": \"<boolean>\",\n    \"uuid\": \"<string>\",\n    \"rts\": \"<dateTime>\"\n  },\n  \"tokenReferenceId\": \"<string>\",\n  \"token\": \"<string>\",\n  \"tokenRequestorId\": \"<string>\",\n  \"requestReason\": \"<string>\"\n}"}},"response":[{"id":"ee5ce2bf-7825-4110-9d03-3ab700c99415","name":"successful operation","originalRequest":{"url":{"path":["visatoken","v1","delete"],"host":["{{baseUrl}}"],"query":[],"variable":[]},"header":[{"key":"Accept","value":"application/json"}],"method":"POST","body":{"mode":"raw","raw":"{\n  \"common\": {\n    \"user\": \"<string>\",\n    \"agent\": \"4000\",\n    \"cycle\": \"T\",\n    \"clientNumber\": \"1000\",\n    \"system\": \"2000\",\n    \"prin\": \"3000\",\n    \"debug\": \"<boolean>\",\n    \"org\": \"<string>\",\n    \"processor\": \"<boolean>\",\n    \"contentType\": \"<string>\",\n    \"retry\": 0,\n    \"timeout\": 45000,\n    \"siteId\": \"4201\",\n    \"internalOrigin\": \"<boolean>\",\n    \"uuid\": \"a5eac27d-cd89-4096-a331-306480bfee76\",\n    \"rts\": \"<dateTime>\"\n  },\n  \"tokenReferenceId\": \"<string>\",\n  \"token\": \"<string>\",\n  \"tokenRequestorId\": \"<string>\",\n  \"requestReason\": \"<string>\"\n}"}},"status":"OK","code":200,"header":[{"key":"Content-Type","value":"application/json"}],"body":"{}","cookie":[],"_postman_previewlanguage":"json"},{"id":"28d3eda2-aac6-4cbc-bb45-79089db9dd66","name":"Unauthorized: Authorization failed due to missing or invalid credentials","originalRequest":{"url":{"path":["visatoken","v1","delete"],"host":["{{baseUrl}}"],"query":[],"variable":[]},"method":"POST","body":{"mode":"raw","raw":"{\n  \"common\": {\n    \"user\": \"<string>\",\n    \"agent\": \"4000\",\n    \"cycle\": \"T\",\n    \"clientNumber\": \"1000\",\n    \"system\": \"2000\",\n    \"prin\": \"3000\",\n    \"debug\": \"<boolean>\",\n    \"org\": \"<string>\",\n    \"processor\": \"<boolean>\",\n    \"contentType\": \"<string>\",\n    \"retry\": 0,\n    \"timeout\": 45000,\n    \"siteId\": \"4201\",\n    \"internalOrigin\": \"<boolean>\",\n    \"uuid\": \"a5eac27d-cd89-4096-a331-306480bfee76\",\n    \"rts\": \"<dateTime>\"\n  },\n  \"tokenReferenceId\": \"<string>\",\n  \"token\": \"<string>\",\n  \"tokenRequestorId\": \"<string>\",\n  \"requestReason\": \"<string>\"\n}"}},"status":"Unauthorized","code":401,"header":[{"key":"Content-Type","value":"text/plain"}],"body":"","cookie":[],"_postman_previewlanguage":"text"},{"id":"109c1e18-17e5-4fa5-b26a-884aae5d05be","name":"Forbidden: Insufficient access for requested operation","originalRequest":{"url":{"path":["visatoken","v1","delete"],"host":["{{baseUrl}}"],"query":[],"variable":[]},"method":"POST","body":{"mode":"raw","raw":"{\n  \"common\": {\n    \"user\": \"<string>\",\n    \"agent\": \"4000\",\n    \"cycle\": \"T\",\n    \"clientNumber\": \"1000\",\n    \"system\": \"2000\",\n    \"prin\": \"3000\",\n    \"debug\": \"<boolean>\",\n    \"org\": \"<string>\",\n    \"processor\": \"<boolean>\",\n    \"contentType\": \"<string>\",\n    \"retry\": 0,\n    \"timeout\": 45000,\n    \"siteId\": \"4201\",\n    \"internalOrigin\": \"<boolean>\",\n    \"uuid\": \"a5eac27d-cd89-4096-a331-306480bfee76\",\n    \"rts\": \"<dateTime>\"\n  },\n  \"tokenReferenceId\": \"<string>\",\n  \"token\": \"<string>\",\n  \"tokenRequestorId\": \"<string>\",\n  \"requestReason\": \"<string>\"\n}"}},"status":"Forbidden","code":403,"header":[{"key":"Content-Type","value":"text/plain"}],"body":"","cookie":[],"_postman_previewlanguage":"text"},{"id":"e58c9679-a0db-4722-abaf-5d3a49efaaee","name":"System Exception: Internal processes not related to client interaction with application are the cause of the failure","originalRequest":{"url":{"path":["visatoken","v1","delete"],"host":["{{baseUrl}}"],"query":[],"variable":[]},"method":"POST","body":{"mode":"raw","raw":"{\n  \"common\": {\n    \"user\": \"<string>\",\n    \"agent\": \"4000\",\n    \"cycle\": \"T\",\n    \"clientNumber\": \"1000\",\n    \"system\": \"2000\",\n    \"prin\": \"3000\",\n    \"debug\": \"<boolean>\",\n    \"org\": \"<string>\",\n    \"processor\": \"<boolean>\",\n    \"contentType\": \"<string>\",\n    \"retry\": 0,\n    \"timeout\": 45000,\n    \"siteId\": \"4201\",\n    \"internalOrigin\": \"<boolean>\",\n    \"uuid\": \"a5eac27d-cd89-4096-a331-306480bfee76\",\n    \"rts\": \"<dateTime>\"\n  },\n  \"tokenReferenceId\": \"<string>\",\n  \"token\": \"<string>\",\n  \"tokenRequestorId\": \"<string>\",\n  \"requestReason\": \"<string>\"\n}"}},"code":452,"header":[{"key":"Content-Type","value":"text/plain"}],"body":"","cookie":[],"_postman_previewlanguage":"text"},{"id":"2aa4c49d-e984-402e-859f-4797fbdff1ac","name":"Validation Exception: The request failed validation, modify the request and resubmit","originalRequest":{"url":{"path":["visatoken","v1","delete"],"host":["{{baseUrl}}"],"query":[],"variable":[]},"method":"POST","body":{"mode":"raw","raw":"{\n  \"common\": {\n    \"user\": \"<string>\",\n    \"agent\": \"4000\",\n    \"cycle\": \"T\",\n    \"clientNumber\": \"1000\",\n    \"system\": \"2000\",\n    \"prin\": \"3000\",\n    \"debug\": \"<boolean>\",\n    \"org\": \"<string>\",\n    \"processor\": \"<boolean>\",\n    \"contentType\": \"<string>\",\n    \"retry\": 0,\n    \"timeout\": 45000,\n    \"siteId\": \"4201\",\n    \"internalOrigin\": \"<boolean>\",\n    \"uuid\": \"a5eac27d-cd89-4096-a331-306480bfee76\",\n    \"rts\": \"<dateTime>\"\n  },\n  \"tokenReferenceId\": \"<string>\",\n  \"token\": \"<string>\",\n  \"tokenRequestorId\": \"<string>\",\n  \"requestReason\": \"<string>\"\n}"}},"code":453,"header":[{"key":"Content-Type","value":"text/plain"}],"body":"","cookie":[],"_postman_previewlanguage":"text"},{"id":"1d669253-bb2a-4366-98bc-828f3d0589d2","name":"ODS Error Exception: ODS returned a message with transaction status ERROR","originalRequest":{"url":{"path":["visatoken","v1","delete"],"host":["{{baseUrl}}"],"query":[],"variable":[]},"method":"POST","body":{"mode":"raw","raw":"{\n  \"common\": {\n    \"user\": \"<string>\",\n    \"agent\": \"4000\",\n    \"cycle\": \"T\",\n    \"clientNumber\": \"1000\",\n    \"system\": \"2000\",\n    \"prin\": \"3000\",\n    \"debug\": \"<boolean>\",\n    \"org\": \"<string>\",\n    \"processor\": \"<boolean>\",\n    \"contentType\": \"<string>\",\n    \"retry\": 0,\n    \"timeout\": 45000,\n    \"siteId\": \"4201\",\n    \"internalOrigin\": \"<boolean>\",\n    \"uuid\": \"a5eac27d-cd89-4096-a331-306480bfee76\",\n    \"rts\": \"<dateTime>\"\n  },\n  \"tokenReferenceId\": \"<string>\",\n  \"token\": \"<string>\",\n  \"tokenRequestorId\": \"<string>\",\n  \"requestReason\": \"<string>\"\n}"}},"code":455,"header":[{"key":"Content-Type","value":"text/plain"}],"body":"","cookie":[],"_postman_previewlanguage":"text"}],"event":[],"protocolProfileBehavior":{"disableBodyPruning":true}},{"id":"e852af2f-e41e-4148-88f5-36db2cfcf659","name":"Resume or unsupend a suspended token.","request":{"name":"Resume or unsupend a suspended token.","description":{"content":"Used to resume or unsupend a suspended token and return it to the active state where it may initiate new transactions.","type":"text/plain"},"url":{"path":["visatoken","v1","resume"],"host":["{{baseUrl}}"],"query":[],"variable":[]},"header":[{"key":"Content-Type","value":"*/*"},{"key":"Accept","value":"application/json"}],"method":"POST","auth":null,"body":{"mode":"raw","raw":"{\n  \"common\": {\n    \"user\": \"<string>\",\n    \"agent\": \"<string>\",\n    \"cycle\": \"<string>\",\n    \"clientNumber\": \"<string>\",\n    \"system\": \"<string>\",\n    \"prin\": \"<string>\",\n    \"debug\": \"<boolean>\",\n    \"org\": \"<string>\",\n    \"processor\": \"<boolean>\",\n    \"contentType\": \"<string>\",\n    \"retry\": \"<long>\",\n    \"timeout\": \"<long>\",\n    \"siteId\": \"<string>\",\n    \"internalOrigin\": \"<boolean>\",\n    \"uuid\": \"<string>\",\n    \"rts\": \"<dateTime>\"\n  },\n  \"tokenReferenceId\": \"<string>\",\n  \"token\": \"<string>\",\n  \"tokenRequestorId\": \"<string>\",\n  \"requestReason\": \"<string>\"\n}"}},"response":[{"id":"97e1a897-98a7-43eb-8e11-ee752d999a3d","name":"successful operation","originalRequest":{"url":{"path":["visatoken","v1","resume"],"host":["{{baseUrl}}"],"query":[],"variable":[]},"header":[{"key":"Accept","value":"application/json"}],"method":"POST","body":{"mode":"raw","raw":"{\n  \"common\": {\n    \"user\": \"<string>\",\n    \"agent\": \"4000\",\n    \"cycle\": \"T\",\n    \"clientNumber\": \"1000\",\n    \"system\": \"2000\",\n    \"prin\": \"3000\",\n    \"debug\": \"<boolean>\",\n    \"org\": \"<string>\",\n    \"processor\": \"<boolean>\",\n    \"contentType\": \"<string>\",\n    \"retry\": 0,\n    \"timeout\": 45000,\n    \"siteId\": \"4201\",\n    \"internalOrigin\": \"<boolean>\",\n    \"uuid\": \"a5eac27d-cd89-4096-a331-306480bfee76\",\n    \"rts\": \"<dateTime>\"\n  },\n  \"tokenReferenceId\": \"<string>\",\n  \"token\": \"<string>\",\n  \"tokenRequestorId\": \"<string>\",\n  \"requestReason\": \"<string>\"\n}"}},"status":"OK","code":200,"header":[{"key":"Content-Type","value":"application/json"}],"body":"{}","cookie":[],"_postman_previewlanguage":"json"},{"id":"fc1f3037-6933-4b1c-aadb-b07199ff9eb0","name":"Unauthorized: Authorization failed due to missing or invalid credentials","originalRequest":{"url":{"path":["visatoken","v1","resume"],"host":["{{baseUrl}}"],"query":[],"variable":[]},"method":"POST","body":{"mode":"raw","raw":"{\n  \"common\": {\n    \"user\": \"<string>\",\n    \"agent\": \"4000\",\n    \"cycle\": \"T\",\n    \"clientNumber\": \"1000\",\n    \"system\": \"2000\",\n    \"prin\": \"3000\",\n    \"debug\": \"<boolean>\",\n    \"org\": \"<string>\",\n    \"processor\": \"<boolean>\",\n    \"contentType\": \"<string>\",\n    \"retry\": 0,\n    \"timeout\": 45000,\n    \"siteId\": \"4201\",\n    \"internalOrigin\": \"<boolean>\",\n    \"uuid\": \"a5eac27d-cd89-4096-a331-306480bfee76\",\n    \"rts\": \"<dateTime>\"\n  },\n  \"tokenReferenceId\": \"<string>\",\n  \"token\": \"<string>\",\n  \"tokenRequestorId\": \"<string>\",\n  \"requestReason\": \"<string>\"\n}"}},"status":"Unauthorized","code":401,"header":[{"key":"Content-Type","value":"text/plain"}],"body":"","cookie":[],"_postman_previewlanguage":"text"},{"id":"56ff27c7-8ee1-4744-83a6-8918abad7d5a","name":"Forbidden: Insufficient access for requested operation","originalRequest":{"url":{"path":["visatoken","v1","resume"],"host":["{{baseUrl}}"],"query":[],"variable":[]},"method":"POST","body":{"mode":"raw","raw":"{\n  \"common\": {\n    \"user\": \"<string>\",\n    \"agent\": \"4000\",\n    \"cycle\": \"T\",\n    \"clientNumber\": \"1000\",\n    \"system\": \"2000\",\n    \"prin\": \"3000\",\n    \"debug\": \"<boolean>\",\n    \"org\": \"<string>\",\n    \"processor\": \"<boolean>\",\n    \"contentType\": \"<string>\",\n    \"retry\": 0,\n    \"timeout\": 45000,\n    \"siteId\": \"4201\",\n    \"internalOrigin\": \"<boolean>\",\n    \"uuid\": \"a5eac27d-cd89-4096-a331-306480bfee76\",\n    \"rts\": \"<dateTime>\"\n  },\n  \"tokenReferenceId\": \"<string>\",\n  \"token\": \"<string>\",\n  \"tokenRequestorId\": \"<string>\",\n  \"requestReason\": \"<string>\"\n}"}},"status":"Forbidden","code":403,"header":[{"key":"Content-Type","value":"text/plain"}],"body":"","cookie":[],"_postman_previewlanguage":"text"},{"id":"94b09529-8753-44cb-ab02-5ddf1c3373eb","name":"System Exception: Internal processes not related to client interaction with application are the cause of the failure","originalRequest":{"url":{"path":["visatoken","v1","resume"],"host":["{{baseUrl}}"],"query":[],"variable":[]},"method":"POST","body":{"mode":"raw","raw":"{\n  \"common\": {\n    \"user\": \"<string>\",\n    \"agent\": \"4000\",\n    \"cycle\": \"T\",\n    \"clientNumber\": \"1000\",\n    \"system\": \"2000\",\n    \"prin\": \"3000\",\n    \"debug\": \"<boolean>\",\n    \"org\": \"<string>\",\n    \"processor\": \"<boolean>\",\n    \"contentType\": \"<string>\",\n    \"retry\": 0,\n    \"timeout\": 45000,\n    \"siteId\": \"4201\",\n    \"internalOrigin\": \"<boolean>\",\n    \"uuid\": \"a5eac27d-cd89-4096-a331-306480bfee76\",\n    \"rts\": \"<dateTime>\"\n  },\n  \"tokenReferenceId\": \"<string>\",\n  \"token\": \"<string>\",\n  \"tokenRequestorId\": \"<string>\",\n  \"requestReason\": \"<string>\"\n}"}},"code":452,"header":[{"key":"Content-Type","value":"text/plain"}],"body":"","cookie":[],"_postman_previewlanguage":"text"},{"id":"b4ad569f-1a83-4172-a307-193cd8a83001","name":"Validation Exception: The request failed validation, modify the request and resubmit","originalRequest":{"url":{"path":["visatoken","v1","resume"],"host":["{{baseUrl}}"],"query":[],"variable":[]},"method":"POST","body":{"mode":"raw","raw":"{\n  \"common\": {\n    \"user\": \"<string>\",\n    \"agent\": \"4000\",\n    \"cycle\": \"T\",\n    \"clientNumber\": \"1000\",\n    \"system\": \"2000\",\n    \"prin\": \"3000\",\n    \"debug\": \"<boolean>\",\n    \"org\": \"<string>\",\n    \"processor\": \"<boolean>\",\n    \"contentType\": \"<string>\",\n    \"retry\": 0,\n    \"timeout\": 45000,\n    \"siteId\": \"4201\",\n    \"internalOrigin\": \"<boolean>\",\n    \"uuid\": \"a5eac27d-cd89-4096-a331-306480bfee76\",\n    \"rts\": \"<dateTime>\"\n  },\n  \"tokenReferenceId\": \"<string>\",\n  \"token\": \"<string>\",\n  \"tokenRequestorId\": \"<string>\",\n  \"requestReason\": \"<string>\"\n}"}},"code":453,"header":[{"key":"Content-Type","value":"text/plain"}],"body":"","cookie":[],"_postman_previewlanguage":"text"},{"id":"8ff4434f-a36b-4aa3-955e-6ba7691d0d7c","name":"ODS Error Exception: ODS returned a message with transaction status ERROR","originalRequest":{"url":{"path":["visatoken","v1","resume"],"host":["{{baseUrl}}"],"query":[],"variable":[]},"method":"POST","body":{"mode":"raw","raw":"{\n  \"common\": {\n    \"user\": \"<string>\",\n    \"agent\": \"4000\",\n    \"cycle\": \"T\",\n    \"clientNumber\": \"1000\",\n    \"system\": \"2000\",\n    \"prin\": \"3000\",\n    \"debug\": \"<boolean>\",\n    \"org\": \"<string>\",\n    \"processor\": \"<boolean>\",\n    \"contentType\": \"<string>\",\n    \"retry\": 0,\n    \"timeout\": 45000,\n    \"siteId\": \"4201\",\n    \"internalOrigin\": \"<boolean>\",\n    \"uuid\": \"a5eac27d-cd89-4096-a331-306480bfee76\",\n    \"rts\": \"<dateTime>\"\n  },\n  \"tokenReferenceId\": \"<string>\",\n  \"token\": \"<string>\",\n  \"tokenRequestorId\": \"<string>\",\n  \"requestReason\": \"<string>\"\n}"}},"code":455,"header":[{"key":"Content-Type","value":"text/plain"}],"body":"","cookie":[],"_postman_previewlanguage":"text"}],"event":[],"protocolProfileBehavior":{"disableBodyPruning":true}},{"id":"1c03d76c-f919-4800-8fe6-a6706d96d624","name":"Search for tokens based on Account PAN and Token Unique Reference.","request":{"name":"Search for tokens based on Account PAN and Token Unique Reference.","description":{"content":"Returns all of the tokens associated with an account according to the scope of the indicated search request criteria. The response includes key state and informational data for each token, including the Token Unique Reference which is needed for subsequent token lifecycle management activities.","type":"text/plain"},"url":{"path":["visatoken","v1","search"],"host":["{{baseUrl}}"],"query":[],"variable":[]},"header":[{"key":"Content-Type","value":"*/*"},{"key":"Accept","value":"application/json"}],"method":"POST","auth":null,"body":{"mode":"raw","raw":"{\n  \"common\": {\n    \"user\": \"<string>\",\n    \"agent\": \"<string>\",\n    \"cycle\": \"<string>\",\n    \"clientNumber\": \"<string>\",\n    \"system\": \"<string>\",\n    \"prin\": \"<string>\",\n    \"debug\": \"<boolean>\",\n    \"org\": \"<string>\",\n    \"processor\": \"<boolean>\",\n    \"contentType\": \"<string>\",\n    \"retry\": \"<long>\",\n    \"timeout\": \"<long>\",\n    \"siteId\": \"<string>\",\n    \"internalOrigin\": \"<boolean>\",\n    \"uuid\": \"<string>\",\n    \"rts\": \"<dateTime>\"\n  },\n  \"token\": \"<string>\",\n  \"accountPan\": \"<string>\",\n  \"accountPanReference\": \"<string>\"\n}"}},"response":[{"id":"c955d06b-8f38-4474-8ed3-99b5d1cab762","name":"successful operation","originalRequest":{"url":{"path":["visatoken","v1","search"],"host":["{{baseUrl}}"],"query":[],"variable":[]},"header":[{"key":"Accept","value":"application/json"}],"method":"POST","body":{"mode":"raw","raw":"{\n  \"common\": {\n    \"user\": \"<string>\",\n    \"agent\": \"4000\",\n    \"cycle\": \"T\",\n    \"clientNumber\": \"1000\",\n    \"system\": \"2000\",\n    \"prin\": \"3000\",\n    \"debug\": \"<boolean>\",\n    \"org\": \"<string>\",\n    \"processor\": \"<boolean>\",\n    \"contentType\": \"<string>\",\n    \"retry\": 0,\n    \"timeout\": 45000,\n    \"siteId\": \"4201\",\n    \"internalOrigin\": \"<boolean>\",\n    \"uuid\": \"a5eac27d-cd89-4096-a331-306480bfee76\",\n    \"rts\": \"<dateTime>\"\n  },\n  \"token\": \"<string>\",\n  \"accountPan\": \"<string>\",\n  \"accountPanReference\": \"<string>\"\n}"}},"status":"OK","code":200,"header":[{"key":"Content-Type","value":"application/json"}],"body":"{\n  \"enteredId\": \"et Lorem elit\",\n  \"tokens\": [\n    {\n      \"token\": \"Lorem eu\",\n      \"tokenRequestorName\": \"ipsum occaecat\",\n      \"walletAccountEmail\": [\n        \"qEzn9cGLdW4oL8H6KGM+uB0N0PB4kTAWFwOI\",\n        \"zmYvPmalZUFHCAmyol332A50k96=\"\n      ],\n      \"tokenAssuranceLevel\": \"Duis irure esse dolor\",\n      \"tokenExpiration\": \"elit et aliqua Duis\",\n      \"tokenState\": \"elit ullamco tempor Duis id\",\n      \"tokenType\": \"de\",\n      \"deactivationDate\": \"Lorem veniam\",\n      \"lastTokenStatusUpdatedTime\": \"nulla cillum eiusmod\",\n      \"entityOfLastAction\": \"voluptate ea pariatur\",\n      \"deviceInformation\": {\n        \"deviceType\": \"Lorem ipsum\",\n        \"deviceNumber\": \"veniam amet\",\n        \"deviceName\": \"adipisicing ad\",\n        \"serialNumber\": \"veniam ut quis Excepteur esse\",\n        \"secureElementID\": \"in est\"\n      },\n      \"panReferenceID\": \"incididunt nostrud Duis anim\",\n      \"tokenReferenceID\": \"sunt\",\n      \"tokenRequestorID\": \"dolore in id occaecat mollit\",\n      \"walletAccountID\": \"dolor ut\",\n      \"operatorID\": \"officia\",\n      \"lastFourOfPAN\": \"cillum sunt\",\n      \"lastFourOfPreviousPAN\": \"Duis\"\n    },\n    {\n      \"token\": \"a\",\n      \"tokenRequestorName\": \"volu\",\n      \"walletAccountEmail\": [\n        \"rNC9SF0T+8hnNuwGpgRtUMHq\",\n        \"7Gx1I6omQ3kp8kaZ/KE/BR2kQdBCD7BPkU==\"\n      ],\n      \"tokenAssuranceLevel\": \"incididunt cupidatat\",\n      \"tokenExpiration\": \"Excepteur ipsum dolor elit aliquip\",\n      \"tokenState\": \"consectetur veniam\",\n      \"tokenType\": \"laboris ut\",\n      \"deactivationDate\": \"est commodo id ad\",\n      \"lastTokenStatusUpdatedTime\": \"dolor incididunt consectetur\",\n      \"entityOfLastAction\": \"magna pariatur exercitation\",\n      \"deviceInformation\": {\n        \"deviceType\": \"Ut consequat mollit et\",\n        \"deviceNumber\": \"proident sed ut\",\n        \"deviceName\": \"voluptate sed id incididunt do\",\n        \"serialNumber\": \"et commodo\",\n        \"secureElementID\": \"sed\"\n      },\n      \"panReferenceID\": \"anim in sint in reprehenderit\",\n      \"tokenReferenceID\": \"\",\n      \"tokenRequestorID\": \"sint ea velit est\",\n      \"walletAccountID\": \"exercitation qui Duis dolore adipisicing\",\n      \"operatorID\": \"sunt eiusmod eu nisi culpa\",\n      \"lastFourOfPAN\": \"tempor\",\n      \"lastFourOfPreviousPAN\": \"dolor amet sed\"\n    }\n  ]\n}","cookie":[],"_postman_previewlanguage":"json"},{"id":"fc755c94-d95e-4160-9609-10de725069b7","name":"Unauthorized: Authorization failed due to missing or invalid credentials","originalRequest":{"url":{"path":["visatoken","v1","search"],"host":["{{baseUrl}}"],"query":[],"variable":[]},"method":"POST","body":{"mode":"raw","raw":"{\n  \"common\": {\n    \"user\": \"<string>\",\n    \"agent\": \"4000\",\n    \"cycle\": \"T\",\n    \"clientNumber\": \"1000\",\n    \"system\": \"2000\",\n    \"prin\": \"3000\",\n    \"debug\": \"<boolean>\",\n    \"org\": \"<string>\",\n    \"processor\": \"<boolean>\",\n    \"contentType\": \"<string>\",\n    \"retry\": 0,\n    \"timeout\": 45000,\n    \"siteId\": \"4201\",\n    \"internalOrigin\": \"<boolean>\",\n    \"uuid\": \"a5eac27d-cd89-4096-a331-306480bfee76\",\n    \"rts\": \"<dateTime>\"\n  },\n  \"token\": \"<string>\",\n  \"accountPan\": \"<string>\",\n  \"accountPanReference\": \"<string>\"\n}"}},"status":"Unauthorized","code":401,"header":[{"key":"Content-Type","value":"text/plain"}],"body":"","cookie":[],"_postman_previewlanguage":"text"},{"id":"f7c161ff-64d7-4d92-a7d5-71fab745a6da","name":"Forbidden: Insufficient access for requested operation","originalRequest":{"url":{"path":["visatoken","v1","search"],"host":["{{baseUrl}}"],"query":[],"variable":[]},"method":"POST","body":{"mode":"raw","raw":"{\n  \"common\": {\n    \"user\": \"<string>\",\n    \"agent\": \"4000\",\n    \"cycle\": \"T\",\n    \"clientNumber\": \"1000\",\n    \"system\": \"2000\",\n    \"prin\": \"3000\",\n    \"debug\": \"<boolean>\",\n    \"org\": \"<string>\",\n    \"processor\": \"<boolean>\",\n    \"contentType\": \"<string>\",\n    \"retry\": 0,\n    \"timeout\": 45000,\n    \"siteId\": \"4201\",\n    \"internalOrigin\": \"<boolean>\",\n    \"uuid\": \"a5eac27d-cd89-4096-a331-306480bfee76\",\n    \"rts\": \"<dateTime>\"\n  },\n  \"token\": \"<string>\",\n  \"accountPan\": \"<string>\",\n  \"accountPanReference\": \"<string>\"\n}"}},"status":"Forbidden","code":403,"header":[{"key":"Content-Type","value":"text/plain"}],"body":"","cookie":[],"_postman_previewlanguage":"text"},{"id":"26729e45-8891-4c6c-aeac-cc96cdc20ca4","name":"System Exception: Internal processes not related to client interaction with application are the cause of the failure","originalRequest":{"url":{"path":["visatoken","v1","search"],"host":["{{baseUrl}}"],"query":[],"variable":[]},"method":"POST","body":{"mode":"raw","raw":"{\n  \"common\": {\n    \"user\": \"<string>\",\n    \"agent\": \"4000\",\n    \"cycle\": \"T\",\n    \"clientNumber\": \"1000\",\n    \"system\": \"2000\",\n    \"prin\": \"3000\",\n    \"debug\": \"<boolean>\",\n    \"org\": \"<string>\",\n    \"processor\": \"<boolean>\",\n    \"contentType\": \"<string>\",\n    \"retry\": 0,\n    \"timeout\": 45000,\n    \"siteId\": \"4201\",\n    \"internalOrigin\": \"<boolean>\",\n    \"uuid\": \"a5eac27d-cd89-4096-a331-306480bfee76\",\n    \"rts\": \"<dateTime>\"\n  },\n  \"token\": \"<string>\",\n  \"accountPan\": \"<string>\",\n  \"accountPanReference\": \"<string>\"\n}"}},"code":452,"header":[{"key":"Content-Type","value":"text/plain"}],"body":"","cookie":[],"_postman_previewlanguage":"text"},{"id":"8bc588f6-3bdc-467c-a80c-d5d7a56650d5","name":"Validation Exception: The request failed validation, modify the request and resubmit","originalRequest":{"url":{"path":["visatoken","v1","search"],"host":["{{baseUrl}}"],"query":[],"variable":[]},"method":"POST","body":{"mode":"raw","raw":"{\n  \"common\": {\n    \"user\": \"<string>\",\n    \"agent\": \"4000\",\n    \"cycle\": \"T\",\n    \"clientNumber\": \"1000\",\n    \"system\": \"2000\",\n    \"prin\": \"3000\",\n    \"debug\": \"<boolean>\",\n    \"org\": \"<string>\",\n    \"processor\": \"<boolean>\",\n    \"contentType\": \"<string>\",\n    \"retry\": 0,\n    \"timeout\": 45000,\n    \"siteId\": \"4201\",\n    \"internalOrigin\": \"<boolean>\",\n    \"uuid\": \"a5eac27d-cd89-4096-a331-306480bfee76\",\n    \"rts\": \"<dateTime>\"\n  },\n  \"token\": \"<string>\",\n  \"accountPan\": \"<string>\",\n  \"accountPanReference\": \"<string>\"\n}"}},"code":453,"header":[{"key":"Content-Type","value":"text/plain"}],"body":"","cookie":[],"_postman_previewlanguage":"text"},{"id":"9129ccc0-cf7b-4365-8316-1fed116a0dbe","name":"ODS Error Exception: ODS returned a message with transaction status ERROR","originalRequest":{"url":{"path":["visatoken","v1","search"],"host":["{{baseUrl}}"],"query":[],"variable":[]},"method":"POST","body":{"mode":"raw","raw":"{\n  \"common\": {\n    \"user\": \"<string>\",\n    \"agent\": \"4000\",\n    \"cycle\": \"T\",\n    \"clientNumber\": \"1000\",\n    \"system\": \"2000\",\n    \"prin\": \"3000\",\n    \"debug\": \"<boolean>\",\n    \"org\": \"<string>\",\n    \"processor\": \"<boolean>\",\n    \"contentType\": \"<string>\",\n    \"retry\": 0,\n    \"timeout\": 45000,\n    \"siteId\": \"4201\",\n    \"internalOrigin\": \"<boolean>\",\n    \"uuid\": \"a5eac27d-cd89-4096-a331-306480bfee76\",\n    \"rts\": \"<dateTime>\"\n  },\n  \"token\": \"<string>\",\n  \"accountPan\": \"<string>\",\n  \"accountPanReference\": \"<string>\"\n}"}},"code":455,"header":[{"key":"Content-Type","value":"text/plain"}],"body":"","cookie":[],"_postman_previewlanguage":"text"}],"event":[],"protocolProfileBehavior":{"disableBodyPruning":true}},{"id":"3d9f7708-c2dd-4c8e-b6eb-05cd876be1a5","name":"Suspend an active token.","request":{"name":"Suspend an active token.","description":{"content":"Used to suspend an active token so that it may not initiate any new transactions. All authorizations for a suspended token will be declined.","type":"text/plain"},"url":{"path":["visatoken","v1","suspend"],"host":["{{baseUrl}}"],"query":[],"variable":[]},"header":[{"key":"Content-Type","value":"*/*"},{"key":"Accept","value":"application/json"}],"method":"POST","auth":null,"body":{"mode":"raw","raw":"{\n  \"common\": {\n    \"user\": \"<string>\",\n    \"agent\": \"<string>\",\n    \"cycle\": \"<string>\",\n    \"clientNumber\": \"<string>\",\n    \"system\": \"<string>\",\n    \"prin\": \"<string>\",\n    \"debug\": \"<boolean>\",\n    \"org\": \"<string>\",\n    \"processor\": \"<boolean>\",\n    \"contentType\": \"<string>\",\n    \"retry\": \"<long>\",\n    \"timeout\": \"<long>\",\n    \"siteId\": \"<string>\",\n    \"internalOrigin\": \"<boolean>\",\n    \"uuid\": \"<string>\",\n    \"rts\": \"<dateTime>\"\n  },\n  \"tokenReferenceId\": \"<string>\",\n  \"token\": \"<string>\",\n  \"tokenRequestorId\": \"<string>\",\n  \"requestReason\": \"<string>\"\n}"}},"response":[{"id":"c9f26e39-6907-4da9-bae4-42accbeff53a","name":"successful operation","originalRequest":{"url":{"path":["visatoken","v1","suspend"],"host":["{{baseUrl}}"],"query":[],"variable":[]},"header":[{"key":"Accept","value":"application/json"}],"method":"POST","body":{"mode":"raw","raw":"{\n  \"common\": {\n    \"user\": \"<string>\",\n    \"agent\": \"4000\",\n    \"cycle\": \"T\",\n    \"clientNumber\": \"1000\",\n    \"system\": \"2000\",\n    \"prin\": \"3000\",\n    \"debug\": \"<boolean>\",\n    \"org\": \"<string>\",\n    \"processor\": \"<boolean>\",\n    \"contentType\": \"<string>\",\n    \"retry\": 0,\n    \"timeout\": 45000,\n    \"siteId\": \"4201\",\n    \"internalOrigin\": \"<boolean>\",\n    \"uuid\": \"a5eac27d-cd89-4096-a331-306480bfee76\",\n    \"rts\": \"<dateTime>\"\n  },\n  \"tokenReferenceId\": \"<string>\",\n  \"token\": \"<string>\",\n  \"tokenRequestorId\": \"<string>\",\n  \"requestReason\": \"<string>\"\n}"}},"status":"OK","code":200,"header":[{"key":"Content-Type","value":"application/json"}],"body":"{}","cookie":[],"_postman_previewlanguage":"json"},{"id":"ac550a3e-bc13-4a01-9bc1-8fc699feccdf","name":"Unauthorized: Authorization failed due to missing or invalid credentials","originalRequest":{"url":{"path":["visatoken","v1","suspend"],"host":["{{baseUrl}}"],"query":[],"variable":[]},"method":"POST","body":{"mode":"raw","raw":"{\n  \"common\": {\n    \"user\": \"<string>\",\n    \"agent\": \"4000\",\n    \"cycle\": \"T\",\n    \"clientNumber\": \"1000\",\n    \"system\": \"2000\",\n    \"prin\": \"3000\",\n    \"debug\": \"<boolean>\",\n    \"org\": \"<string>\",\n    \"processor\": \"<boolean>\",\n    \"contentType\": \"<string>\",\n    \"retry\": 0,\n    \"timeout\": 45000,\n    \"siteId\": \"4201\",\n    \"internalOrigin\": \"<boolean>\",\n    \"uuid\": \"a5eac27d-cd89-4096-a331-306480bfee76\",\n    \"rts\": \"<dateTime>\"\n  },\n  \"tokenReferenceId\": \"<string>\",\n  \"token\": \"<string>\",\n  \"tokenRequestorId\": \"<string>\",\n  \"requestReason\": \"<string>\"\n}"}},"status":"Unauthorized","code":401,"header":[{"key":"Content-Type","value":"text/plain"}],"body":"","cookie":[],"_postman_previewlanguage":"text"},{"id":"515039d3-f6d8-4d6b-aea6-46deff38a0dc","name":"Forbidden: Insufficient access for requested operation","originalRequest":{"url":{"path":["visatoken","v1","suspend"],"host":["{{baseUrl}}"],"query":[],"variable":[]},"method":"POST","body":{"mode":"raw","raw":"{\n  \"common\": {\n    \"user\": \"<string>\",\n    \"agent\": \"4000\",\n    \"cycle\": \"T\",\n    \"clientNumber\": \"1000\",\n    \"system\": \"2000\",\n    \"prin\": \"3000\",\n    \"debug\": \"<boolean>\",\n    \"org\": \"<string>\",\n    \"processor\": \"<boolean>\",\n    \"contentType\": \"<string>\",\n    \"retry\": 0,\n    \"timeout\": 45000,\n    \"siteId\": \"4201\",\n    \"internalOrigin\": \"<boolean>\",\n    \"uuid\": \"a5eac27d-cd89-4096-a331-306480bfee76\",\n    \"rts\": \"<dateTime>\"\n  },\n  \"tokenReferenceId\": \"<string>\",\n  \"token\": \"<string>\",\n  \"tokenRequestorId\": \"<string>\",\n  \"requestReason\": \"<string>\"\n}"}},"status":"Forbidden","code":403,"header":[{"key":"Content-Type","value":"text/plain"}],"body":"","cookie":[],"_postman_previewlanguage":"text"},{"id":"6b799b03-5124-4ce4-8394-44f4a2f500f9","name":"System Exception: Internal processes not related to client interaction with application are the cause of the failure","originalRequest":{"url":{"path":["visatoken","v1","suspend"],"host":["{{baseUrl}}"],"query":[],"variable":[]},"method":"POST","body":{"mode":"raw","raw":"{\n  \"common\": {\n    \"user\": \"<string>\",\n    \"agent\": \"4000\",\n    \"cycle\": \"T\",\n    \"clientNumber\": \"1000\",\n    \"system\": \"2000\",\n    \"prin\": \"3000\",\n    \"debug\": \"<boolean>\",\n    \"org\": \"<string>\",\n    \"processor\": \"<boolean>\",\n    \"contentType\": \"<string>\",\n    \"retry\": 0,\n    \"timeout\": 45000,\n    \"siteId\": \"4201\",\n    \"internalOrigin\": \"<boolean>\",\n    \"uuid\": \"a5eac27d-cd89-4096-a331-306480bfee76\",\n    \"rts\": \"<dateTime>\"\n  },\n  \"tokenReferenceId\": \"<string>\",\n  \"token\": \"<string>\",\n  \"tokenRequestorId\": \"<string>\",\n  \"requestReason\": \"<string>\"\n}"}},"code":452,"header":[{"key":"Content-Type","value":"text/plain"}],"body":"","cookie":[],"_postman_previewlanguage":"text"},{"id":"fc137666-9424-43f1-bfdc-69245db5aa00","name":"Validation Exception: The request failed validation, modify the request and resubmit","originalRequest":{"url":{"path":["visatoken","v1","suspend"],"host":["{{baseUrl}}"],"query":[],"variable":[]},"method":"POST","body":{"mode":"raw","raw":"{\n  \"common\": {\n    \"user\": \"<string>\",\n    \"agent\": \"4000\",\n    \"cycle\": \"T\",\n    \"clientNumber\": \"1000\",\n    \"system\": \"2000\",\n    \"prin\": \"3000\",\n    \"debug\": \"<boolean>\",\n    \"org\": \"<string>\",\n    \"processor\": \"<boolean>\",\n    \"contentType\": \"<string>\",\n    \"retry\": 0,\n    \"timeout\": 45000,\n    \"siteId\": \"4201\",\n    \"internalOrigin\": \"<boolean>\",\n    \"uuid\": \"a5eac27d-cd89-4096-a331-306480bfee76\",\n    \"rts\": \"<dateTime>\"\n  },\n  \"tokenReferenceId\": \"<string>\",\n  \"token\": \"<string>\",\n  \"tokenRequestorId\": \"<string>\",\n  \"requestReason\": \"<string>\"\n}"}},"code":453,"header":[{"key":"Content-Type","value":"text/plain"}],"body":"","cookie":[],"_postman_previewlanguage":"text"},{"id":"620070ea-03c1-4c64-8dbb-ebf7c97b3bfe","name":"ODS Error Exception: ODS returned a message with transaction status ERROR","originalRequest":{"url":{"path":["visatoken","v1","suspend"],"host":["{{baseUrl}}"],"query":[],"variable":[]},"method":"POST","body":{"mode":"raw","raw":"{\n  \"common\": {\n    \"user\": \"<string>\",\n    \"agent\": \"4000\",\n    \"cycle\": \"T\",\n    \"clientNumber\": \"1000\",\n    \"system\": \"2000\",\n    \"prin\": \"3000\",\n    \"debug\": \"<boolean>\",\n    \"org\": \"<string>\",\n    \"processor\": \"<boolean>\",\n    \"contentType\": \"<string>\",\n    \"retry\": 0,\n    \"timeout\": 45000,\n    \"siteId\": \"4201\",\n    \"internalOrigin\": \"<boolean>\",\n    \"uuid\": \"a5eac27d-cd89-4096-a331-306480bfee76\",\n    \"rts\": \"<dateTime>\"\n  },\n  \"tokenReferenceId\": \"<string>\",\n  \"token\": \"<string>\",\n  \"tokenRequestorId\": \"<string>\",\n  \"requestReason\": \"<string>\"\n}"}},"code":455,"header":[{"key":"Content-Type","value":"text/plain"}],"body":"","cookie":[],"_postman_previewlanguage":"text"}],"event":[],"protocolProfileBehavior":{"disableBodyPruning":true}},{"id":"fd476c36-e99f-43d2-bc59-4a446dbf01a8","name":"Unsuspend or resume a suspended token.","request":{"name":"Unsuspend or resume a suspended token.","description":{"content":"Used to unsuspend or resume a suspended token and return it to the active state where it may initiate new transactions.","type":"text/plain"},"url":{"path":["visatoken","v1","unsuspend"],"host":["{{baseUrl}}"],"query":[],"variable":[]},"header":[{"key":"Content-Type","value":"*/*"},{"key":"Accept","value":"application/json"}],"method":"POST","auth":null,"body":{"mode":"raw","raw":"{\n  \"common\": {\n    \"user\": \"<string>\",\n    \"agent\": \"<string>\",\n    \"cycle\": \"<string>\",\n    \"clientNumber\": \"<string>\",\n    \"system\": \"<string>\",\n    \"prin\": \"<string>\",\n    \"debug\": \"<boolean>\",\n    \"org\": \"<string>\",\n    \"processor\": \"<boolean>\",\n    \"contentType\": \"<string>\",\n    \"retry\": \"<long>\",\n    \"timeout\": \"<long>\",\n    \"siteId\": \"<string>\",\n    \"internalOrigin\": \"<boolean>\",\n    \"uuid\": \"<string>\",\n    \"rts\": \"<dateTime>\"\n  },\n  \"tokenReferenceId\": \"<string>\",\n  \"token\": \"<string>\",\n  \"tokenRequestorId\": \"<string>\",\n  \"requestReason\": \"<string>\"\n}"}},"response":[{"id":"fdfa51eb-fc15-40fd-844f-26db83ee91ce","name":"successful operation","originalRequest":{"url":{"path":["visatoken","v1","unsuspend"],"host":["{{baseUrl}}"],"query":[],"variable":[]},"header":[{"key":"Accept","value":"application/json"}],"method":"POST","body":{"mode":"raw","raw":"{\n  \"common\": {\n    \"user\": \"<string>\",\n    \"agent\": \"4000\",\n    \"cycle\": \"T\",\n    \"clientNumber\": \"1000\",\n    \"system\": \"2000\",\n    \"prin\": \"3000\",\n    \"debug\": \"<boolean>\",\n    \"org\": \"<string>\",\n    \"processor\": \"<boolean>\",\n    \"contentType\": \"<string>\",\n    \"retry\": 0,\n    \"timeout\": 45000,\n    \"siteId\": \"4201\",\n    \"internalOrigin\": \"<boolean>\",\n    \"uuid\": \"a5eac27d-cd89-4096-a331-306480bfee76\",\n    \"rts\": \"<dateTime>\"\n  },\n  \"tokenReferenceId\": \"<string>\",\n  \"token\": \"<string>\",\n  \"tokenRequestorId\": \"<string>\",\n  \"requestReason\": \"<string>\"\n}"}},"status":"OK","code":200,"header":[{"key":"Content-Type","value":"application/json"}],"body":"{}","cookie":[],"_postman_previewlanguage":"json"},{"id":"b4f4bdc8-0d0b-4216-a5a7-36590c7d9ba7","name":"Unauthorized: Authorization failed due to missing or invalid credentials","originalRequest":{"url":{"path":["visatoken","v1","unsuspend"],"host":["{{baseUrl}}"],"query":[],"variable":[]},"method":"POST","body":{"mode":"raw","raw":"{\n  \"common\": {\n    \"user\": \"<string>\",\n    \"agent\": \"4000\",\n    \"cycle\": \"T\",\n    \"clientNumber\": \"1000\",\n    \"system\": \"2000\",\n    \"prin\": \"3000\",\n    \"debug\": \"<boolean>\",\n    \"org\": \"<string>\",\n    \"processor\": \"<boolean>\",\n    \"contentType\": \"<string>\",\n    \"retry\": 0,\n    \"timeout\": 45000,\n    \"siteId\": \"4201\",\n    \"internalOrigin\": \"<boolean>\",\n    \"uuid\": \"a5eac27d-cd89-4096-a331-306480bfee76\",\n    \"rts\": \"<dateTime>\"\n  },\n  \"tokenReferenceId\": \"<string>\",\n  \"token\": \"<string>\",\n  \"tokenRequestorId\": \"<string>\",\n  \"requestReason\": \"<string>\"\n}"}},"status":"Unauthorized","code":401,"header":[{"key":"Content-Type","value":"text/plain"}],"body":"","cookie":[],"_postman_previewlanguage":"text"},{"id":"9b132a82-f033-445e-bb69-55663e60ae8a","name":"Forbidden: Insufficient access for requested operation","originalRequest":{"url":{"path":["visatoken","v1","unsuspend"],"host":["{{baseUrl}}"],"query":[],"variable":[]},"method":"POST","body":{"mode":"raw","raw":"{\n  \"common\": {\n    \"user\": \"<string>\",\n    \"agent\": \"4000\",\n    \"cycle\": \"T\",\n    \"clientNumber\": \"1000\",\n    \"system\": \"2000\",\n    \"prin\": \"3000\",\n    \"debug\": \"<boolean>\",\n    \"org\": \"<string>\",\n    \"processor\": \"<boolean>\",\n    \"contentType\": \"<string>\",\n    \"retry\": 0,\n    \"timeout\": 45000,\n    \"siteId\": \"4201\",\n    \"internalOrigin\": \"<boolean>\",\n    \"uuid\": \"a5eac27d-cd89-4096-a331-306480bfee76\",\n    \"rts\": \"<dateTime>\"\n  },\n  \"tokenReferenceId\": \"<string>\",\n  \"token\": \"<string>\",\n  \"tokenRequestorId\": \"<string>\",\n  \"requestReason\": \"<string>\"\n}"}},"status":"Forbidden","code":403,"header":[{"key":"Content-Type","value":"text/plain"}],"body":"","cookie":[],"_postman_previewlanguage":"text"},{"id":"f86222ae-3fc8-45fc-8ab2-8707118f92fb","name":"System Exception: Internal processes not related to client interaction with application are the cause of the failure","originalRequest":{"url":{"path":["visatoken","v1","unsuspend"],"host":["{{baseUrl}}"],"query":[],"variable":[]},"method":"POST","body":{"mode":"raw","raw":"{\n  \"common\": {\n    \"user\": \"<string>\",\n    \"agent\": \"4000\",\n    \"cycle\": \"T\",\n    \"clientNumber\": \"1000\",\n    \"system\": \"2000\",\n    \"prin\": \"3000\",\n    \"debug\": \"<boolean>\",\n    \"org\": \"<string>\",\n    \"processor\": \"<boolean>\",\n    \"contentType\": \"<string>\",\n    \"retry\": 0,\n    \"timeout\": 45000,\n    \"siteId\": \"4201\",\n    \"internalOrigin\": \"<boolean>\",\n    \"uuid\": \"a5eac27d-cd89-4096-a331-306480bfee76\",\n    \"rts\": \"<dateTime>\"\n  },\n  \"tokenReferenceId\": \"<string>\",\n  \"token\": \"<string>\",\n  \"tokenRequestorId\": \"<string>\",\n  \"requestReason\": \"<string>\"\n}"}},"code":452,"header":[{"key":"Content-Type","value":"text/plain"}],"body":"","cookie":[],"_postman_previewlanguage":"text"},{"id":"d0748716-8b55-4308-a596-5e179131700f","name":"Validation Exception: The request failed validation, modify the request and resubmit","originalRequest":{"url":{"path":["visatoken","v1","unsuspend"],"host":["{{baseUrl}}"],"query":[],"variable":[]},"method":"POST","body":{"mode":"raw","raw":"{\n  \"common\": {\n    \"user\": \"<string>\",\n    \"agent\": \"4000\",\n    \"cycle\": \"T\",\n    \"clientNumber\": \"1000\",\n    \"system\": \"2000\",\n    \"prin\": \"3000\",\n    \"debug\": \"<boolean>\",\n    \"org\": \"<string>\",\n    \"processor\": \"<boolean>\",\n    \"contentType\": \"<string>\",\n    \"retry\": 0,\n    \"timeout\": 45000,\n    \"siteId\": \"4201\",\n    \"internalOrigin\": \"<boolean>\",\n    \"uuid\": \"a5eac27d-cd89-4096-a331-306480bfee76\",\n    \"rts\": \"<dateTime>\"\n  },\n  \"tokenReferenceId\": \"<string>\",\n  \"token\": \"<string>\",\n  \"tokenRequestorId\": \"<string>\",\n  \"requestReason\": \"<string>\"\n}"}},"code":453,"header":[{"key":"Content-Type","value":"text/plain"}],"body":"","cookie":[],"_postman_previewlanguage":"text"},{"id":"1aecfe12-4e84-4f2a-9ec9-dcbf552b1243","name":"ODS Error Exception: ODS returned a message with transaction status ERROR","originalRequest":{"url":{"path":["visatoken","v1","unsuspend"],"host":["{{baseUrl}}"],"query":[],"variable":[]},"method":"POST","body":{"mode":"raw","raw":"{\n  \"common\": {\n    \"user\": \"<string>\",\n    \"agent\": \"4000\",\n    \"cycle\": \"T\",\n    \"clientNumber\": \"1000\",\n    \"system\": \"2000\",\n    \"prin\": \"3000\",\n    \"debug\": \"<boolean>\",\n    \"org\": \"<string>\",\n    \"processor\": \"<boolean>\",\n    \"contentType\": \"<string>\",\n    \"retry\": 0,\n    \"timeout\": 45000,\n    \"siteId\": \"4201\",\n    \"internalOrigin\": \"<boolean>\",\n    \"uuid\": \"a5eac27d-cd89-4096-a331-306480bfee76\",\n    \"rts\": \"<dateTime>\"\n  },\n  \"tokenReferenceId\": \"<string>\",\n  \"token\": \"<string>\",\n  \"tokenRequestorId\": \"<string>\",\n  \"requestReason\": \"<string>\"\n}"}},"code":455,"header":[{"key":"Content-Type","value":"text/plain"}],"body":"","cookie":[],"_postman_previewlanguage":"text"}],"event":[],"protocolProfileBehavior":{"disableBodyPruning":true}},{"id":"21a60b4d-444d-40b4-9561-e95d5f268453","name":"Update Account PAN mapping information or Issuer Product Configuration ID associated to an already provisioned token.","request":{"name":"Update Account PAN mapping information or Issuer Product Configuration ID associated to an already provisioned token.","description":{"content":"To update a specific individual token, the API should be requested using the Token Unique Reference. To update all tokens mapped to a specific Account PAN, the API should be requested using the Account PAN. In either case, updates will only be applied to tokens in ACTIVE or SUSPENDED state, not those in IN PROGRESS or DELETED state. When updating Account PAN Mapping Information, the Account PAN, Expiration Date and Sequence Number, may be updated individually or in any combination. Only information provided will be updated. The account mapping will only update an Account PAN for a new Account PAN when they are both in the same Account Range.","type":"text/plain"},"url":{"path":["visatoken","v1","update"],"host":["{{baseUrl}}"],"query":[],"variable":[]},"header":[{"key":"Content-Type","value":"*/*"},{"key":"Accept","value":"application/json"}],"method":"POST","auth":null,"body":{"mode":"raw","raw":"{\n  \"common\": {\n    \"user\": \"<string>\",\n    \"agent\": \"<string>\",\n    \"cycle\": \"<string>\",\n    \"clientNumber\": \"<string>\",\n    \"system\": \"<string>\",\n    \"prin\": \"<string>\",\n    \"debug\": \"<boolean>\",\n    \"org\": \"<string>\",\n    \"processor\": \"<boolean>\",\n    \"contentType\": \"<string>\",\n    \"retry\": \"<long>\",\n    \"timeout\": \"<long>\",\n    \"siteId\": \"<string>\",\n    \"internalOrigin\": \"<boolean>\",\n    \"uuid\": \"<string>\",\n    \"rts\": \"<dateTime>\"\n  },\n  \"currentAccountPan\": \"<string>\",\n  \"newAccountPan\": \"<string>\",\n  \"currentExpirationDate\": \"<string>\",\n  \"newExpirationDate\": \"<string>\",\n  \"requestReason\": \"<string>\"\n}"}},"response":[{"id":"947d0727-f0de-4017-a451-0a6d172448e3","name":"successful operation","originalRequest":{"url":{"path":["visatoken","v1","update"],"host":["{{baseUrl}}"],"query":[],"variable":[]},"header":[{"key":"Accept","value":"application/json"}],"method":"POST","body":{"mode":"raw","raw":"{\n  \"common\": {\n    \"user\": \"<string>\",\n    \"agent\": \"4000\",\n    \"cycle\": \"T\",\n    \"clientNumber\": \"1000\",\n    \"system\": \"2000\",\n    \"prin\": \"3000\",\n    \"debug\": \"<boolean>\",\n    \"org\": \"<string>\",\n    \"processor\": \"<boolean>\",\n    \"contentType\": \"<string>\",\n    \"retry\": 0,\n    \"timeout\": 45000,\n    \"siteId\": \"4201\",\n    \"internalOrigin\": \"<boolean>\",\n    \"uuid\": \"a5eac27d-cd89-4096-a331-306480bfee76\",\n    \"rts\": \"<dateTime>\"\n  },\n  \"currentAccountPan\": \"<string>\",\n  \"newAccountPan\": \"<string>\",\n  \"currentExpirationDate\": \"<string>\",\n  \"newExpirationDate\": \"<string>\",\n  \"requestReason\": \"<string>\"\n}"}},"status":"OK","code":200,"header":[{"key":"Content-Type","value":"application/json"}],"body":"{}","cookie":[],"_postman_previewlanguage":"json"},{"id":"98cf16a9-ba81-45cf-81a8-64fdfe427ac3","name":"Unauthorized: Authorization failed due to missing or invalid credentials","originalRequest":{"url":{"path":["visatoken","v1","update"],"host":["{{baseUrl}}"],"query":[],"variable":[]},"method":"POST","body":{"mode":"raw","raw":"{\n  \"common\": {\n    \"user\": \"<string>\",\n    \"agent\": \"4000\",\n    \"cycle\": \"T\",\n    \"clientNumber\": \"1000\",\n    \"system\": \"2000\",\n    \"prin\": \"3000\",\n    \"debug\": \"<boolean>\",\n    \"org\": \"<string>\",\n    \"processor\": \"<boolean>\",\n    \"contentType\": \"<string>\",\n    \"retry\": 0,\n    \"timeout\": 45000,\n    \"siteId\": \"4201\",\n    \"internalOrigin\": \"<boolean>\",\n    \"uuid\": \"a5eac27d-cd89-4096-a331-306480bfee76\",\n    \"rts\": \"<dateTime>\"\n  },\n  \"currentAccountPan\": \"<string>\",\n  \"newAccountPan\": \"<string>\",\n  \"currentExpirationDate\": \"<string>\",\n  \"newExpirationDate\": \"<string>\",\n  \"requestReason\": \"<string>\"\n}"}},"status":"Unauthorized","code":401,"header":[{"key":"Content-Type","value":"text/plain"}],"body":"","cookie":[],"_postman_previewlanguage":"text"},{"id":"89199db1-fb66-4f0a-94ce-85c6bead0979","name":"Forbidden: Insufficient access for requested operation","originalRequest":{"url":{"path":["visatoken","v1","update"],"host":["{{baseUrl}}"],"query":[],"variable":[]},"method":"POST","body":{"mode":"raw","raw":"{\n  \"common\": {\n    \"user\": \"<string>\",\n    \"agent\": \"4000\",\n    \"cycle\": \"T\",\n    \"clientNumber\": \"1000\",\n    \"system\": \"2000\",\n    \"prin\": \"3000\",\n    \"debug\": \"<boolean>\",\n    \"org\": \"<string>\",\n    \"processor\": \"<boolean>\",\n    \"contentType\": \"<string>\",\n    \"retry\": 0,\n    \"timeout\": 45000,\n    \"siteId\": \"4201\",\n    \"internalOrigin\": \"<boolean>\",\n    \"uuid\": \"a5eac27d-cd89-4096-a331-306480bfee76\",\n    \"rts\": \"<dateTime>\"\n  },\n  \"currentAccountPan\": \"<string>\",\n  \"newAccountPan\": \"<string>\",\n  \"currentExpirationDate\": \"<string>\",\n  \"newExpirationDate\": \"<string>\",\n  \"requestReason\": \"<string>\"\n}"}},"status":"Forbidden","code":403,"header":[{"key":"Content-Type","value":"text/plain"}],"body":"","cookie":[],"_postman_previewlanguage":"text"},{"id":"4d2a9dd8-b572-4e71-a266-08de87b393ad","name":"System Exception: Internal processes not related to client interaction with application are the cause of the failure","originalRequest":{"url":{"path":["visatoken","v1","update"],"host":["{{baseUrl}}"],"query":[],"variable":[]},"method":"POST","body":{"mode":"raw","raw":"{\n  \"common\": {\n    \"user\": \"<string>\",\n    \"agent\": \"4000\",\n    \"cycle\": \"T\",\n    \"clientNumber\": \"1000\",\n    \"system\": \"2000\",\n    \"prin\": \"3000\",\n    \"debug\": \"<boolean>\",\n    \"org\": \"<string>\",\n    \"processor\": \"<boolean>\",\n    \"contentType\": \"<string>\",\n    \"retry\": 0,\n    \"timeout\": 45000,\n    \"siteId\": \"4201\",\n    \"internalOrigin\": \"<boolean>\",\n    \"uuid\": \"a5eac27d-cd89-4096-a331-306480bfee76\",\n    \"rts\": \"<dateTime>\"\n  },\n  \"currentAccountPan\": \"<string>\",\n  \"newAccountPan\": \"<string>\",\n  \"currentExpirationDate\": \"<string>\",\n  \"newExpirationDate\": \"<string>\",\n  \"requestReason\": \"<string>\"\n}"}},"code":452,"header":[{"key":"Content-Type","value":"text/plain"}],"body":"","cookie":[],"_postman_previewlanguage":"text"},{"id":"ee312708-d34c-4fa8-922a-8bb9123a368d","name":"Validation Exception: The request failed validation, modify the request and resubmit","originalRequest":{"url":{"path":["visatoken","v1","update"],"host":["{{baseUrl}}"],"query":[],"variable":[]},"method":"POST","body":{"mode":"raw","raw":"{\n  \"common\": {\n    \"user\": \"<string>\",\n    \"agent\": \"4000\",\n    \"cycle\": \"T\",\n    \"clientNumber\": \"1000\",\n    \"system\": \"2000\",\n    \"prin\": \"3000\",\n    \"debug\": \"<boolean>\",\n    \"org\": \"<string>\",\n    \"processor\": \"<boolean>\",\n    \"contentType\": \"<string>\",\n    \"retry\": 0,\n    \"timeout\": 45000,\n    \"siteId\": \"4201\",\n    \"internalOrigin\": \"<boolean>\",\n    \"uuid\": \"a5eac27d-cd89-4096-a331-306480bfee76\",\n    \"rts\": \"<dateTime>\"\n  },\n  \"currentAccountPan\": \"<string>\",\n  \"newAccountPan\": \"<string>\",\n  \"currentExpirationDate\": \"<string>\",\n  \"newExpirationDate\": \"<string>\",\n  \"requestReason\": \"<string>\"\n}"}},"code":453,"header":[{"key":"Content-Type","value":"text/plain"}],"body":"","cookie":[],"_postman_previewlanguage":"text"},{"id":"eb73d598-c2be-4157-ac6b-5e369adb125d","name":"ODS Error Exception: ODS returned a message with transaction status ERROR","originalRequest":{"url":{"path":["visatoken","v1","update"],"host":["{{baseUrl}}"],"query":[],"variable":[]},"method":"POST","body":{"mode":"raw","raw":"{\n  \"common\": {\n    \"user\": \"<string>\",\n    \"agent\": \"4000\",\n    \"cycle\": \"T\",\n    \"clientNumber\": \"1000\",\n    \"system\": \"2000\",\n    \"prin\": \"3000\",\n    \"debug\": \"<boolean>\",\n    \"org\": \"<string>\",\n    \"processor\": \"<boolean>\",\n    \"contentType\": \"<string>\",\n    \"retry\": 0,\n    \"timeout\": 45000,\n    \"siteId\": \"4201\",\n    \"internalOrigin\": \"<boolean>\",\n    \"uuid\": \"a5eac27d-cd89-4096-a331-306480bfee76\",\n    \"rts\": \"<dateTime>\"\n  },\n  \"currentAccountPan\": \"<string>\",\n  \"newAccountPan\": \"<string>\",\n  \"currentExpirationDate\": \"<string>\",\n  \"newExpirationDate\": \"<string>\",\n  \"requestReason\": \"<string>\"\n}"}},"code":455,"header":[{"key":"Content-Type","value":"text/plain"}],"body":"","cookie":[],"_postman_previewlanguage":"text"}],"event":[],"protocolProfileBehavior":{"disableBodyPruning":true}}],"event":[]}],"event":[],"variable":[{"type":"string","value":"https://cat.api.firstdata.com/fs","key":"baseUrl"}],"info":{"_postman_id":"168e6270-652c-4a1c-becc-de2ba617b5f0","name":"fs-devportal-services-1","schema":"https://schema.getpostman.com/json/collection/v2.1.0/collection.json","description":{"content":"Welcome to the Financial Services API documentation","type":"text/plain"}}}