{"item":[{"id":"e93224b7-7d13-4d8a-b752-67e3b55a5269","name":"visatoken/v1","item":[{"id":"2e407314-06da-4f53-aa35-60e3e5db0f99","name":"Activate a token for a digitization.","request":{"name":"Activate a token for a digitization.","description":{"content":"Used to activate a token for a digitization that has been approved and provisioned, but requires additional cardholder authentication prior to activation. It is expected that a cardholder will complete the authentication process using an issuer's call center or using an issuer-supplied mobile application, and only then should the issuer use this API to activate the token.","type":"text/plain"},"url":{"path":["visatoken","v1","activate"],"host":["{{baseUrl}}"],"query":[],"variable":[]},"header":[{"key":"Content-Type","value":"application/json"},{"key":"Accept","value":"application/json"}],"method":"POST","auth":null,"body":{"mode":"raw","raw":"{\n  \"common\": {\n    \"user\": \"<string>\",\n    \"agent\": \"<string>\",\n    \"cycle\": \"<string>\",\n    \"clientNumber\": \"<string>\",\n    \"system\": \"<string>\",\n    \"prin\": \"<string>\",\n    \"debug\": \"<boolean>\",\n    \"org\": \"<string>\",\n    \"processor\": \"<boolean>\",\n    \"contentType\": \"<string>\",\n    \"retry\": \"<long>\",\n    \"timeout\": \"<long>\",\n    \"siteId\": \"<string>\",\n    \"internalOrigin\": \"<boolean>\",\n    \"uuid\": \"<string>\"\n  },\n  \"tokenReferenceId\": \"<string>\",\n  \"token\": \"<string>\",\n  \"tokenRequestorId\": \"<string>\",\n  \"requestReason\": \"<string>\",\n  \"activationCode\": \"<string>\"\n}","options":{"raw":{"language":"json"}}}},"response":[{"id":"5800ba34-1a35-4bb7-bf65-26b90ed0db60","name":"successful operation","originalRequest":{"url":{"path":["visatoken","v1","activate"],"host":["{{baseUrl}}"],"query":[],"variable":[]},"header":[{"key":"Accept","value":"application/json"}],"method":"POST","body":{"mode":"raw","raw":"{\n  \"common\": {\n    \"user\": \"<string>\",\n    \"agent\": \"4000\",\n    \"cycle\": \"T\",\n    \"clientNumber\": \"1000\",\n    \"system\": \"2000\",\n    \"prin\": \"3000\",\n    \"debug\": \"<boolean>\",\n    \"org\": \"<string>\",\n    \"processor\": \"<boolean>\",\n    \"contentType\": \"<string>\",\n    \"retry\": 0,\n    \"timeout\": 45000,\n    \"siteId\": \"4201\",\n    \"internalOrigin\": \"<boolean>\",\n    \"uuid\": \"a5eac27d-cd89-4096-a331-306480bfee76\"\n  },\n  \"tokenReferenceId\": \"dX9v4xqYMXNjVIAWc8LhbkxRunbnQcPR\",\n  \"token\": \"647690\",\n  \"tokenRequestorId\": \"9\",\n  \"requestReason\": \"\",\n  \"activationCode\": \"sjRQJF01\"\n}","options":{"raw":{"language":"json"}}}},"status":"OK","code":200,"header":[{"key":"Content-Type","value":"application/json"}],"body":"{\n  \"common\": {\n    \"user\": \"<string>\",\n    \"agent\": \"4000\",\n    \"cycle\": \"T\",\n    \"clientNumber\": \"1000\",\n    \"system\": \"2000\",\n    \"prin\": \"3000\",\n    \"debug\": \"<boolean>\",\n    \"org\": \"<string>\",\n    \"processor\": \"<boolean>\",\n    \"contentType\": \"<string>\",\n    \"retry\": 0,\n    \"timeout\": 45000,\n    \"siteId\": \"4201\",\n    \"internalOrigin\": \"<boolean>\",\n    \"uuid\": \"a5eac27d-cd89-4096-a331-306480bfee76\"\n  }\n}","cookie":[],"_postman_previewlanguage":"json"}],"event":[],"protocolProfileBehavior":{"disableBodyPruning":true}},{"id":"b8f4df9d-538b-4410-81ac-225a49cee79d","name":"Update Card Art","request":{"name":"Update Card Art","description":{},"url":{"path":["visatoken","v1","cardart"],"host":["{{baseUrl}}"],"query":[],"variable":[]},"header":[{"key":"Content-Type","value":"application/json"},{"key":"Accept","value":"application/json"}],"method":"POST","auth":null,"body":{"mode":"raw","raw":"{\n  \"common\": {\n    \"user\": \"<string>\",\n    \"agent\": \"<string>\",\n    \"cycle\": \"<string>\",\n    \"clientNumber\": \"<string>\",\n    \"system\": \"<string>\",\n    \"prin\": \"<string>\",\n    \"debug\": \"<boolean>\",\n    \"org\": \"<string>\",\n    \"processor\": \"<boolean>\",\n    \"contentType\": \"<string>\",\n    \"retry\": \"<long>\",\n    \"timeout\": \"<long>\",\n    \"siteId\": \"<string>\",\n    \"internalOrigin\": \"<boolean>\",\n    \"uuid\": \"<string>\"\n  },\n  \"responseUrl\": \"<string>\",\n  \"operationReason\": \"<string>\",\n  \"tokenReferenceId\": \"<string>\",\n  \"tokenRequestorId\": \"<string>\",\n  \"token\": \"<string>\",\n  \"panReferenceId\": \"<string>\",\n  \"pan\": \"<string>\",\n  \"cardholderInfo\": {\n    \"version\": \"<string>\",\n    \"keyIndex\": \"<string>\",\n    \"encryptedData\": \"<string>\"\n  },\n  \"cardMetadata\": {\n    \"labelColor\": \"<string>\",\n    \"shortDescription\": \"<string>\",\n    \"issuerCardArtRefId\": [\n      \"<string>\",\n      \"<string>\",\n      \"<string>\",\n      \"<string>\",\n      \"<string>\"\n    ],\n    \"longDescription\": \"<string>\",\n    \"contactWebsite\": \"<string>\",\n    \"contactEmail\": \"<string>\",\n    \"contactNumber\": \"<string>\",\n    \"contactName\": \"<string>\",\n    \"associatedStoreIdentifiers\": [\n      \"<string>\",\n      \"<string>\"\n    ],\n    \"associatedApplicationIdentifiers\": [\n      \"<string>\",\n      \"<string>\"\n    ],\n    \"appLaunchUrl\": \"<string>\",\n    \"appLaunchUrlScheme\": \"<string>\",\n    \"supportsTokenNotifications\": \"<boolean>\",\n    \"supportsFpanNotifications\": \"<boolean>\",\n    \"transactionServiceUrl\": \"<string>\",\n    \"transactionPushTopic\": \"<string>\",\n    \"privacyPolicyUrl\": \"<string>\",\n    \"termsAndConditionsUrl\": \"<string>\",\n    \"messageServiceUrl\": \"<string>\",\n    \"messagePushTopic\": \"<string>\",\n    \"cardMetadataProfileId\": \"<string>\"\n  }\n}","options":{"raw":{"language":"json"}}}},"response":[{"id":"2a20b6b7-88ba-496b-aa33-c96726b4dbb3","name":"successful operation","originalRequest":{"url":{"path":["visatoken","v1","cardart"],"host":["{{baseUrl}}"],"query":[],"variable":[]},"header":[{"key":"Accept","value":"application/json"}],"method":"POST","body":{"mode":"raw","raw":"{\n  \"common\": {\n    \"user\": \"<string>\",\n    \"agent\": \"4000\",\n    \"cycle\": \"T\",\n    \"clientNumber\": \"1000\",\n    \"system\": \"2000\",\n    \"prin\": \"3000\",\n    \"debug\": \"<boolean>\",\n    \"org\": \"<string>\",\n    \"processor\": \"<boolean>\",\n    \"contentType\": \"<string>\",\n    \"retry\": 0,\n    \"timeout\": 45000,\n    \"siteId\": \"4201\",\n    \"internalOrigin\": \"<boolean>\",\n    \"uuid\": \"a5eac27d-cd89-4096-a331-306480bfee76\"\n  },\n  \"responseUrl\": \"1\",\n  \"operationReason\": \"Z\",\n  \"tokenReferenceId\": \"<string>\",\n  \"tokenRequestorId\": \"<string>\",\n  \"token\": \"<string>\",\n  \"panReferenceId\": \"<string>\",\n  \"pan\": \"<string>\",\n  \"cardholderInfo\": {\n    \"version\": \"khjiKdvucbdXjb8CQIuBSwixPC2cQe1B\",\n    \"keyIndex\": \"WPugPHHE\",\n    \"encryptedData\": \"\"\n  },\n  \"cardMetadata\": {\n    \"labelColor\": \"vvxVPLONwbsbO2OwpPTt5cvrDI15FARX\",\n    \"shortDescription\": \"f6jSJQyzvIvqgBEiaxu0jKT8Eddd6DRX\",\n    \"issuerCardArtRefId\": [\n      \"pWg0OYQtVG\",\n      \"ssKPL4vY5j\",\n      \"fLVIGlJBch\",\n      \"TyAkkOuC8G\",\n      \"LpIiTJFyR3\"\n    ],\n    \"longDescription\": \"\",\n    \"contactWebsite\": \"\",\n    \"contactEmail\": \"udU3grb8z4E2Wh5vlJus2UbPuHdH1iMI\",\n    \"contactNumber\": \"YlAxhUr23RcqNBwWc6nz7E9q5mpicfPr\",\n    \"contactName\": \"4T88NpQODJLFKGeu8Hw88wMttndLsgQZ\",\n    \"associatedStoreIdentifiers\": [\n      \"<string>\",\n      \"<string>\"\n    ],\n    \"associatedApplicationIdentifiers\": [\n      \"<string>\",\n      \"<string>\"\n    ],\n    \"appLaunchUrl\": \"\",\n    \"appLaunchUrlScheme\": \"GBfJqbzBvAPHceQYrfH95Z7lyw12eCHE\",\n    \"supportsTokenNotifications\": \"<boolean>\",\n    \"supportsFpanNotifications\": \"<boolean>\",\n    \"transactionServiceUrl\": \"\",\n    \"transactionPushTopic\": \"\",\n    \"privacyPolicyUrl\": \"\",\n    \"termsAndConditionsUrl\": \"\",\n    \"messageServiceUrl\": \"\",\n    \"messagePushTopic\": \"\",\n    \"cardMetadataProfileId\": \"rY2odAPEJMVTzKa1GYLdjdpT512eoSGo\"\n  }\n}","options":{"raw":{"language":"json"}}}},"status":"OK","code":200,"header":[{"key":"Content-Type","value":"application/json"}],"body":"{\n  \"common\": {\n    \"user\": \"<string>\",\n    \"agent\": \"4000\",\n    \"cycle\": \"T\",\n    \"clientNumber\": \"1000\",\n    \"system\": \"2000\",\n    \"prin\": \"3000\",\n    \"debug\": \"<boolean>\",\n    \"org\": \"<string>\",\n    \"processor\": \"<boolean>\",\n    \"contentType\": \"<string>\",\n    \"retry\": 0,\n    \"timeout\": 45000,\n    \"siteId\": \"4201\",\n    \"internalOrigin\": \"<boolean>\",\n    \"uuid\": \"a5eac27d-cd89-4096-a331-306480bfee76\"\n  },\n  \"reqId\": \"Lorem amet id\",\n  \"tokenDetails\": {\n    \"token\": \"culpa irure ea minim\",\n    \"panReferenceId\": \"et irure anim\",\n    \"tokenReferenceId\": \"qui\",\n    \"tokenRequestorId\": \"qui mollit nostrud\",\n    \"tokenRequestorName\": \"fugiat nulla sed non velit\",\n    \"walletAccountId\": \"cupidatat amet ullamco\",\n    \"walletAccountEmail\": [\n      \"EtVhjR8TWOCNm+NyY7LRsU3CejZxJZE8jyg=\",\n      \"xtmR+vwaRwiTXc2MtTublSqUM6yNwQpGiGB4\"\n    ],\n    \"tokenAssuranceLevel\": \"nulla aute dolore\",\n    \"tokenExpiration\": \"sint deserunt ea\",\n    \"tokenState\": \"exercitation amet\",\n    \"tokenType\": \"nulla veniam adipisicing\",\n    \"deactivationDate\": \"ipsum qui est id\",\n    \"lastTokenStatusUpdatedTime\": \"Lorem incid\",\n    \"entityOfLastAction\": \"Excepteur ullamco nisi velit\",\n    \"operatorId\": \"cupidatat laborum\",\n    \"deviceInformation\": {\n      \"deviceType\": \"fugiat aliquip magna\",\n      \"deviceNumber\": \"adipisicing aute id\",\n      \"deviceName\": \"consectetur reprehenderit aute dolore\",\n      \"serialNumber\": \"veniam nulla\",\n      \"secureElementId\": \"quis eu nostrud Duis anim\"\n    },\n    \"lastFourOfPan\": \"exerci\",\n    \"lastFourOfPreviousPan\": \"culpa Duis officia\",\n    \"taskId\": \"cupidatat Ut nulla\",\n    \"otpCodeIndicator\": \"dolor est et commodo eu\",\n    \"otpCodeExpiration\": \"dolor\",\n    \"otpVerifcationAttempts\": \"Ut nostrud Lorem amet aliqua\",\n    \"otpVericationRetryCounts\": \"qui velit sunt\",\n    \"actionCode\": \"magna ad\",\n    \"errorCode\": \"ex dolore\"\n  }\n}","cookie":[],"_postman_previewlanguage":"json"}],"event":[],"protocolProfileBehavior":{"disableBodyPruning":true}},{"id":"c1bf1307-12ba-4368-9812-a512913ba773","name":"Delete a token.","request":{"name":"Delete a token.","description":{"content":"Used to delete a token so that it may not initiate any new transactions. All authorizations for a deleted token will be declined. A deleted token may not be returned to an active state.","type":"text/plain"},"url":{"path":["visatoken","v1","delete"],"host":["{{baseUrl}}"],"query":[],"variable":[]},"header":[{"key":"Content-Type","value":"application/json"},{"key":"Accept","value":"application/json"}],"method":"POST","auth":null,"body":{"mode":"raw","raw":"{\n  \"common\": {\n    \"user\": \"<string>\",\n    \"agent\": \"<string>\",\n    \"cycle\": \"<string>\",\n    \"clientNumber\": \"<string>\",\n    \"system\": \"<string>\",\n    \"prin\": \"<string>\",\n    \"debug\": \"<boolean>\",\n    \"org\": \"<string>\",\n    \"processor\": \"<boolean>\",\n    \"contentType\": \"<string>\",\n    \"retry\": \"<long>\",\n    \"timeout\": \"<long>\",\n    \"siteId\": \"<string>\",\n    \"internalOrigin\": \"<boolean>\",\n    \"uuid\": \"<string>\"\n  },\n  \"tokenReferenceId\": \"<string>\",\n  \"token\": \"<string>\",\n  \"tokenRequestorId\": \"<string>\",\n  \"requestReason\": \"<string>\"\n}","options":{"raw":{"language":"json"}}}},"response":[{"id":"497bc78c-c822-4578-96bf-2c210e93c359","name":"successful operation","originalRequest":{"url":{"path":["visatoken","v1","delete"],"host":["{{baseUrl}}"],"query":[],"variable":[]},"header":[{"key":"Accept","value":"application/json"}],"method":"POST","body":{"mode":"raw","raw":"{\n  \"common\": {\n    \"user\": \"<string>\",\n    \"agent\": \"4000\",\n    \"cycle\": \"T\",\n    \"clientNumber\": \"1000\",\n    \"system\": \"2000\",\n    \"prin\": \"3000\",\n    \"debug\": \"<boolean>\",\n    \"org\": \"<string>\",\n    \"processor\": \"<boolean>\",\n    \"contentType\": \"<string>\",\n    \"retry\": 0,\n    \"timeout\": 45000,\n    \"siteId\": \"4201\",\n    \"internalOrigin\": \"<boolean>\",\n    \"uuid\": \"a5eac27d-cd89-4096-a331-306480bfee76\"\n  },\n  \"tokenReferenceId\": \"dmHlZOszB48bN8EJSL9PdSQZhAylw5o9\",\n  \"token\": \"651747423\",\n  \"tokenRequestorId\": \"06024674\",\n  \"requestReason\": \"\"\n}","options":{"raw":{"language":"json"}}}},"status":"OK","code":200,"header":[{"key":"Content-Type","value":"application/json"}],"body":"{\n  \"common\": {\n    \"user\": \"<string>\",\n    \"agent\": \"4000\",\n    \"cycle\": \"T\",\n    \"clientNumber\": \"1000\",\n    \"system\": \"2000\",\n    \"prin\": \"3000\",\n    \"debug\": \"<boolean>\",\n    \"org\": \"<string>\",\n    \"processor\": \"<boolean>\",\n    \"contentType\": \"<string>\",\n    \"retry\": 0,\n    \"timeout\": 45000,\n    \"siteId\": \"4201\",\n    \"internalOrigin\": \"<boolean>\",\n    \"uuid\": \"a5eac27d-cd89-4096-a331-306480bfee76\"\n  }\n}","cookie":[],"_postman_previewlanguage":"json"}],"event":[],"protocolProfileBehavior":{"disableBodyPruning":true}},{"id":"f0edaf63-a843-4d3e-a7f2-06de133343fc","name":"Search for tokens based on Account PAN and Token Unique Reference.","request":{"name":"Search for tokens based on Account PAN and Token Unique Reference.","description":{"content":"Returns all of the tokens associated with an account according to the scope of the indicated search request criteria. The response includes key state and informational data for each token, including the Token Unique Reference which is needed for subsequent token lifecycle management activities.","type":"text/plain"},"url":{"path":["visatoken","v1","search"],"host":["{{baseUrl}}"],"query":[],"variable":[]},"header":[{"key":"Content-Type","value":"application/json"},{"key":"Accept","value":"application/json"}],"method":"POST","auth":null,"body":{"mode":"raw","raw":"{\n  \"common\": {\n    \"user\": \"<string>\",\n    \"agent\": \"<string>\",\n    \"cycle\": \"<string>\",\n    \"clientNumber\": \"<string>\",\n    \"system\": \"<string>\",\n    \"prin\": \"<string>\",\n    \"debug\": \"<boolean>\",\n    \"org\": \"<string>\",\n    \"processor\": \"<boolean>\",\n    \"contentType\": \"<string>\",\n    \"retry\": \"<long>\",\n    \"timeout\": \"<long>\",\n    \"siteId\": \"<string>\",\n    \"internalOrigin\": \"<boolean>\",\n    \"uuid\": \"<string>\"\n  },\n  \"token\": \"<string>\",\n  \"accountPan\": \"<string>\",\n  \"accountPanReference\": \"<string>\"\n}","options":{"raw":{"language":"json"}}}},"response":[{"id":"d8b8da31-e4c1-43ec-90a3-733f6dc24449","name":"successful operation","originalRequest":{"url":{"path":["visatoken","v1","search"],"host":["{{baseUrl}}"],"query":[],"variable":[]},"header":[{"key":"Accept","value":"application/json"}],"method":"POST","body":{"mode":"raw","raw":"{\n  \"common\": {\n    \"user\": \"<string>\",\n    \"agent\": \"4000\",\n    \"cycle\": \"T\",\n    \"clientNumber\": \"1000\",\n    \"system\": \"2000\",\n    \"prin\": \"3000\",\n    \"debug\": \"<boolean>\",\n    \"org\": \"<string>\",\n    \"processor\": \"<boolean>\",\n    \"contentType\": \"<string>\",\n    \"retry\": 0,\n    \"timeout\": 45000,\n    \"siteId\": \"4201\",\n    \"internalOrigin\": \"<boolean>\",\n    \"uuid\": \"a5eac27d-cd89-4096-a331-306480bfee76\"\n  },\n  \"token\": \"43236\",\n  \"accountPan\": \"57801062657691085\",\n  \"accountPanReference\": \"uKtsPYhBhgtp1CWhIjlaPRInwH5LxJUb\"\n}","options":{"raw":{"language":"json"}}}},"status":"OK","code":200,"header":[{"key":"Content-Type","value":"application/json"}],"body":"{\n  \"common\": {\n    \"user\": \"<string>\",\n    \"agent\": \"4000\",\n    \"cycle\": \"T\",\n    \"clientNumber\": \"1000\",\n    \"system\": \"2000\",\n    \"prin\": \"3000\",\n    \"debug\": \"<boolean>\",\n    \"org\": \"<string>\",\n    \"processor\": \"<boolean>\",\n    \"contentType\": \"<string>\",\n    \"retry\": 0,\n    \"timeout\": 45000,\n    \"siteId\": \"4201\",\n    \"internalOrigin\": \"<boolean>\",\n    \"uuid\": \"a5eac27d-cd89-4096-a331-306480bfee76\"\n  },\n  \"enteredId\": \"culpa aliqua ex adipisicing anim\",\n  \"tokens\": [\n    {\n      \"token\": \"proident fugiat deserunt\",\n      \"panReferenceId\": \"in voluptate laborum est\",\n      \"tokenReferenceId\": \"proident\",\n      \"tokenRequestorId\": \"cillum adipisicing culpa nostrud\",\n      \"tokenRequestorName\": \"minim\",\n      \"walletAccountId\": \"id\",\n      \"walletAccountEmail\": [\n        \"S/bS18nx\",\n        \"AW0eDHWszrwbKQTpDXCLrS9IGb8=\"\n      ],\n      \"tokenAssuranceLevel\": \"sint aute\",\n      \"tokenExpiration\": \"dolor nulla ipsum id\",\n      \"tokenState\": \"amet est fugiat veniam cillum\",\n      \"tokenType\": \"mollit ipsum cupidatat veniam\",\n      \"deactivationDate\": \"sit\",\n      \"lastTokenStatusUpdatedTime\": \"mollit sed\",\n      \"entityOfLastAction\": \"in dolore\",\n      \"operatorId\": \"laboris u\",\n      \"deviceInformation\": {\n        \"deviceType\": \"id ea Ut eu\",\n        \"deviceNumber\": \"inci\",\n        \"deviceName\": \"amet voluptate\",\n        \"serialNumber\": \"Ut nulla adipisicing pariatur in\",\n        \"secureElementId\": \"aliqua eu\"\n      },\n      \"lastFourOfPan\": \"qui aliquip\",\n      \"lastFourOfPreviousPan\": \"in labore\"\n    },\n    {\n      \"token\": \"Lorem aliquip\",\n      \"panReferenceId\": \"dolore labore veniam\",\n      \"tokenReferenceId\": \"in mollit voluptate ea\",\n      \"tokenRequestorId\": \"eiusmod la\",\n      \"tokenRequestorName\": \"cupidatat ullamco aute ex\",\n      \"walletAccountId\": \"aute sed\",\n      \"walletAccountEmail\": [\n        \"cmEN0IqRs5kRtFIt\",\n        \"y3PAHYsKVb2ixY1=\"\n      ],\n      \"tokenAssuranceLevel\": \"non culpa ullamco commodo\",\n      \"tokenExpiration\": \"ad ut\",\n      \"tokenState\": \"consequat commodo Lorem\",\n      \"tokenType\": \"ea officia mollit in et\",\n      \"deactivationDate\": \"reprehenderit et dolore \",\n      \"lastTokenStatusUpdatedTime\": \"Lorem proident cupida\",\n      \"entityOfLastAction\": \"qui\",\n      \"operatorId\": \"quis fugiat\",\n      \"deviceInformation\": {\n        \"deviceType\": \"sed aute cupidatat\",\n        \"deviceNumber\": \"ea aliquip consequat Lorem\",\n        \"deviceName\": \"adipisicing consectetur esse\",\n        \"serialNumber\": \"Lorem\",\n        \"secureElementId\": \"culpa exercitation\"\n      },\n      \"lastFourOfPan\": \"velit\",\n      \"lastFourOfPreviousPan\": \"aliqua sint eu\"\n    }\n  ]\n}","cookie":[],"_postman_previewlanguage":"json"}],"event":[],"protocolProfileBehavior":{"disableBodyPruning":true}},{"id":"185cea19-9629-4036-ac64-faabcbf96a53","name":"Suspend an active token.","request":{"name":"Suspend an active token.","description":{"content":"Used to suspend an active token so that it may not initiate any new transactions. All authorizations for a suspended token will be declined.","type":"text/plain"},"url":{"path":["visatoken","v1","suspend"],"host":["{{baseUrl}}"],"query":[],"variable":[]},"header":[{"key":"Content-Type","value":"application/json"},{"key":"Accept","value":"application/json"}],"method":"POST","auth":null,"body":{"mode":"raw","raw":"{\n  \"common\": {\n    \"user\": \"<string>\",\n    \"agent\": \"<string>\",\n    \"cycle\": \"<string>\",\n    \"clientNumber\": \"<string>\",\n    \"system\": \"<string>\",\n    \"prin\": \"<string>\",\n    \"debug\": \"<boolean>\",\n    \"org\": \"<string>\",\n    \"processor\": \"<boolean>\",\n    \"contentType\": \"<string>\",\n    \"retry\": \"<long>\",\n    \"timeout\": \"<long>\",\n    \"siteId\": \"<string>\",\n    \"internalOrigin\": \"<boolean>\",\n    \"uuid\": \"<string>\"\n  },\n  \"tokenReferenceId\": \"<string>\",\n  \"token\": \"<string>\",\n  \"tokenRequestorId\": \"<string>\",\n  \"requestReason\": \"<string>\"\n}","options":{"raw":{"language":"json"}}}},"response":[{"id":"833d323e-877f-4f8b-a3b3-0fa7d72b667a","name":"successful operation","originalRequest":{"url":{"path":["visatoken","v1","suspend"],"host":["{{baseUrl}}"],"query":[],"variable":[]},"header":[{"key":"Accept","value":"application/json"}],"method":"POST","body":{"mode":"raw","raw":"{\n  \"common\": {\n    \"user\": \"<string>\",\n    \"agent\": \"4000\",\n    \"cycle\": \"T\",\n    \"clientNumber\": \"1000\",\n    \"system\": \"2000\",\n    \"prin\": \"3000\",\n    \"debug\": \"<boolean>\",\n    \"org\": \"<string>\",\n    \"processor\": \"<boolean>\",\n    \"contentType\": \"<string>\",\n    \"retry\": 0,\n    \"timeout\": 45000,\n    \"siteId\": \"4201\",\n    \"internalOrigin\": \"<boolean>\",\n    \"uuid\": \"a5eac27d-cd89-4096-a331-306480bfee76\"\n  },\n  \"tokenReferenceId\": \"dmHlZOszB48bN8EJSL9PdSQZhAylw5o9\",\n  \"token\": \"651747423\",\n  \"tokenRequestorId\": \"06024674\",\n  \"requestReason\": \"\"\n}","options":{"raw":{"language":"json"}}}},"status":"OK","code":200,"header":[{"key":"Content-Type","value":"application/json"}],"body":"{\n  \"common\": {\n    \"user\": \"<string>\",\n    \"agent\": \"4000\",\n    \"cycle\": \"T\",\n    \"clientNumber\": \"1000\",\n    \"system\": \"2000\",\n    \"prin\": \"3000\",\n    \"debug\": \"<boolean>\",\n    \"org\": \"<string>\",\n    \"processor\": \"<boolean>\",\n    \"contentType\": \"<string>\",\n    \"retry\": 0,\n    \"timeout\": 45000,\n    \"siteId\": \"4201\",\n    \"internalOrigin\": \"<boolean>\",\n    \"uuid\": \"a5eac27d-cd89-4096-a331-306480bfee76\"\n  }\n}","cookie":[],"_postman_previewlanguage":"json"}],"event":[],"protocolProfileBehavior":{"disableBodyPruning":true}},{"id":"a387748e-2818-4555-9a87-fa7a9b3848c1","name":"Unsuspend or resume a suspended token.","request":{"name":"Unsuspend or resume a suspended token.","description":{"content":"Used to unsuspend or resume a suspended token and return it to the active state where it may initiate new transactions.","type":"text/plain"},"url":{"path":["visatoken","v1","unsuspend"],"host":["{{baseUrl}}"],"query":[],"variable":[]},"header":[{"key":"Content-Type","value":"application/json"},{"key":"Accept","value":"application/json"}],"method":"POST","auth":null,"body":{"mode":"raw","raw":"{\n  \"common\": {\n    \"user\": \"<string>\",\n    \"agent\": \"<string>\",\n    \"cycle\": \"<string>\",\n    \"clientNumber\": \"<string>\",\n    \"system\": \"<string>\",\n    \"prin\": \"<string>\",\n    \"debug\": \"<boolean>\",\n    \"org\": \"<string>\",\n    \"processor\": \"<boolean>\",\n    \"contentType\": \"<string>\",\n    \"retry\": \"<long>\",\n    \"timeout\": \"<long>\",\n    \"siteId\": \"<string>\",\n    \"internalOrigin\": \"<boolean>\",\n    \"uuid\": \"<string>\"\n  },\n  \"tokenReferenceId\": \"<string>\",\n  \"token\": \"<string>\",\n  \"tokenRequestorId\": \"<string>\",\n  \"requestReason\": \"<string>\"\n}","options":{"raw":{"language":"json"}}}},"response":[{"id":"f9c1919b-cb59-4ac3-8aed-72073d83a905","name":"successful operation","originalRequest":{"url":{"path":["visatoken","v1","unsuspend"],"host":["{{baseUrl}}"],"query":[],"variable":[]},"header":[{"key":"Accept","value":"application/json"}],"method":"POST","body":{"mode":"raw","raw":"{\n  \"common\": {\n    \"user\": \"<string>\",\n    \"agent\": \"4000\",\n    \"cycle\": \"T\",\n    \"clientNumber\": \"1000\",\n    \"system\": \"2000\",\n    \"prin\": \"3000\",\n    \"debug\": \"<boolean>\",\n    \"org\": \"<string>\",\n    \"processor\": \"<boolean>\",\n    \"contentType\": \"<string>\",\n    \"retry\": 0,\n    \"timeout\": 45000,\n    \"siteId\": \"4201\",\n    \"internalOrigin\": \"<boolean>\",\n    \"uuid\": \"a5eac27d-cd89-4096-a331-306480bfee76\"\n  },\n  \"tokenReferenceId\": \"dmHlZOszB48bN8EJSL9PdSQZhAylw5o9\",\n  \"token\": \"651747423\",\n  \"tokenRequestorId\": \"06024674\",\n  \"requestReason\": \"\"\n}","options":{"raw":{"language":"json"}}}},"status":"OK","code":200,"header":[{"key":"Content-Type","value":"application/json"}],"body":"{\n  \"common\": {\n    \"user\": \"<string>\",\n    \"agent\": \"4000\",\n    \"cycle\": \"T\",\n    \"clientNumber\": \"1000\",\n    \"system\": \"2000\",\n    \"prin\": \"3000\",\n    \"debug\": \"<boolean>\",\n    \"org\": \"<string>\",\n    \"processor\": \"<boolean>\",\n    \"contentType\": \"<string>\",\n    \"retry\": 0,\n    \"timeout\": 45000,\n    \"siteId\": \"4201\",\n    \"internalOrigin\": \"<boolean>\",\n    \"uuid\": \"a5eac27d-cd89-4096-a331-306480bfee76\"\n  }\n}","cookie":[],"_postman_previewlanguage":"json"}],"event":[],"protocolProfileBehavior":{"disableBodyPruning":true}},{"id":"3061fc83-7a28-44b4-93de-de0c63067000","name":"Update Account PAN mapping information or Issuer Product Configuration ID associated to an already provisioned token.","request":{"name":"Update Account PAN mapping information or Issuer Product Configuration ID associated to an already provisioned token.","description":{"content":"To update a specific individual token, the API should be requested using the Token Unique Reference. To update all tokens mapped to a specific Account PAN, the API should be requested using the Account PAN. In either case, updates will only be applied to tokens in ACTIVE or SUSPENDED state, not those in IN PROGRESS or DELETED state. When updating Account PAN Mapping Information, the Account PAN, Expiration Date and Sequence Number, may be updated individually or in any combination. Only information provided will be updated. The account mapping will only update an Account PAN for a new Account PAN when they are both in the same Account Range.","type":"text/plain"},"url":{"path":["visatoken","v1","update"],"host":["{{baseUrl}}"],"query":[],"variable":[]},"header":[{"key":"Content-Type","value":"application/json"},{"key":"Accept","value":"application/json"}],"method":"POST","auth":null,"body":{"mode":"raw","raw":"{\n  \"common\": {\n    \"user\": \"<string>\",\n    \"agent\": \"<string>\",\n    \"cycle\": \"<string>\",\n    \"clientNumber\": \"<string>\",\n    \"system\": \"<string>\",\n    \"prin\": \"<string>\",\n    \"debug\": \"<boolean>\",\n    \"org\": \"<string>\",\n    \"processor\": \"<boolean>\",\n    \"contentType\": \"<string>\",\n    \"retry\": \"<long>\",\n    \"timeout\": \"<long>\",\n    \"siteId\": \"<string>\",\n    \"internalOrigin\": \"<boolean>\",\n    \"uuid\": \"<string>\"\n  },\n  \"currentAccountPan\": \"<string>\",\n  \"newAccountPan\": \"<string>\",\n  \"currentExpirationDate\": \"<string>\",\n  \"newExpirationDate\": \"<string>\",\n  \"requestReason\": \"<string>\"\n}","options":{"raw":{"language":"json"}}}},"response":[{"id":"3ec98caa-6390-4dd7-83ab-404ae57fe890","name":"successful operation","originalRequest":{"url":{"path":["visatoken","v1","update"],"host":["{{baseUrl}}"],"query":[],"variable":[]},"header":[{"key":"Accept","value":"application/json"}],"method":"POST","body":{"mode":"raw","raw":"{\n  \"common\": {\n    \"user\": \"<string>\",\n    \"agent\": \"4000\",\n    \"cycle\": \"T\",\n    \"clientNumber\": \"1000\",\n    \"system\": \"2000\",\n    \"prin\": \"3000\",\n    \"debug\": \"<boolean>\",\n    \"org\": \"<string>\",\n    \"processor\": \"<boolean>\",\n    \"contentType\": \"<string>\",\n    \"retry\": 0,\n    \"timeout\": 45000,\n    \"siteId\": \"4201\",\n    \"internalOrigin\": \"<boolean>\",\n    \"uuid\": \"a5eac27d-cd89-4096-a331-306480bfee76\"\n  },\n  \"currentAccountPan\": \"913150\",\n  \"newAccountPan\": \"9728716\",\n  \"currentExpirationDate\": \"3010\",\n  \"newExpirationDate\": \"6407\",\n  \"requestReason\": \"\"\n}","options":{"raw":{"language":"json"}}}},"status":"OK","code":200,"header":[{"key":"Content-Type","value":"application/json"}],"body":"{\n  \"common\": {\n    \"user\": \"<string>\",\n    \"agent\": \"4000\",\n    \"cycle\": \"T\",\n    \"clientNumber\": \"1000\",\n    \"system\": \"2000\",\n    \"prin\": \"3000\",\n    \"debug\": \"<boolean>\",\n    \"org\": \"<string>\",\n    \"processor\": \"<boolean>\",\n    \"contentType\": \"<string>\",\n    \"retry\": 0,\n    \"timeout\": 45000,\n    \"siteId\": \"4201\",\n    \"internalOrigin\": \"<boolean>\",\n    \"uuid\": \"a5eac27d-cd89-4096-a331-306480bfee76\"\n  }\n}","cookie":[],"_postman_previewlanguage":"json"}],"event":[],"protocolProfileBehavior":{"disableBodyPruning":true}}],"event":[]}],"event":[],"variable":[{"type":"string","value":"https://cat.api.firstdata.com/fs","key":"baseUrl"}],"info":{"_postman_id":"3989e4a8-bfa5-4e2f-a410-02013c2bca93","name":"fs-devportal-services-1","schema":"https://schema.getpostman.com/json/collection/v2.1.0/collection.json","description":{"content":"Welcome to the Financial Services API documentation","type":"text/plain"}}}