{"item":[{"id":"b3bf2217-5aec-4451-b3bc-085a155a5d2d","name":"otp/v1","item":[{"id":"4e546e64-0c30-4610-a3e3-59a0101226be","name":"Send OTP","request":{"name":"Send OTP","description":{"content":"Endpoint exposed by the issuer to receive the OTP sent by Fiserv. The issuer will deliver the OTP to the cardholder.","type":"text/plain"},"url":{"path":["otp","v1","","otp","v1","send-otp"],"host":["{{issuer.enpoint}}"],"query":[],"variable":[{"description":{"content":"","type":"text/plain"},"type":"any","value":"","key":"issuer Enpoint"}]},"header":[{"disabled":false,"description":"This header will be populated only if the issuer has selected apikey as authorization method, it will be populated with the apikey shared by the issuer. Apikey authorization method can be selected only for issuers with private connection.","key":"apikey","value":"<string>"},{"disabled":false,"description":"(Required) The unique identifier for the API request.","key":"x-request-id","value":"<string>"},{"disabled":false,"description":"(Required) Allowed values: AMEX - MDES - VTIS","key":"x-scheme","value":"<string>"},{"key":"Content-Type","value":"application/json"},{"key":"Accept","value":"application/json"}],"method":"POST","auth":null,"body":{"mode":"raw","raw":"{\n  \"otp\": {\n    \"value\": \"<string>\",\n    \"expirationDate\": \"<string>\",\n    \"reason\": \"<string>\",\n    \"contactMethod\": {\n      \"type\": \"<string>\",\n      \"value\": \"<string>\"\n    }\n  }\n}","options":{"raw":{"language":"json"}}}},"response":[{"id":"4d3eb920-7a99-4c30-b876-694b8c6303f2","name":"OK","originalRequest":{"url":{"path":["otp","v1","","otp","v1","send-otp"],"host":["{{issuer.enpoint}}"],"query":[],"variable":[{"description":{"content":"","type":"text/plain"},"type":"any","value":"","key":"issuer Enpoint"}]},"header":[{"disabled":false,"description":"This header will be populated only if the issuer has selected apikey as authorization method, it will be populated with the apikey shared by the issuer. Apikey authorization method can be selected only for issuers with private connection.","key":"apikey","value":"<string>"},{"disabled":false,"description":"Authorization Bearer token. This header will be populated only if issuer has selected OAuth as authorization method. OAuth authentication method is required for internet connection, optional for private connection.","key":"Authorization","value":"quis laborum reprehenderit do sunt"},{"disabled":false,"description":"(Required) The unique identifier for the API request.","key":"x-request-id","value":"<string>"},{"disabled":false,"description":"(Required) Allowed values: AMEX - MDES - VTIS","key":"x-scheme","value":"<string>"}],"method":"POST","body":{"mode":"raw","raw":"{\n  \"otp\": {\n    \"value\": \"dsds\",\n    \"reason\": \"PAYMENT\",\n    \"expirationDate\": \"2016-06-23T09:07:21.205-07:00\",\n    \"contactMethod\": {\n      \"type\": \"SMS\",\n      \"value\": \"OiJKV1QiLCJhbGciOiJIUzUxMi\"\n    }\n  }\n}","options":{"raw":{"language":"json"}}}},"status":"OK","code":200,"header":[{"key":"Content-Type","value":"text/plain"}],"body":"","cookie":[],"_postman_previewlanguage":"text"},{"id":"e4d67643-7b78-45ea-8930-ee6c4a4907d1","originalRequest":{"url":{"path":["otp","v1","","otp","v1","send-otp"],"host":["{{issuer.enpoint}}"],"query":[],"variable":[{"description":{"content":"","type":"text/plain"},"type":"any","value":"","key":"issuer Enpoint"}]},"header":[{"disabled":false,"description":"This header will be populated only if the issuer has selected apikey as authorization method, it will be populated with the apikey shared by the issuer. Apikey authorization method can be selected only for issuers with private connection.","key":"apikey","value":"<string>"},{"disabled":false,"description":"Authorization Bearer token. This header will be populated only if issuer has selected OAuth as authorization method. OAuth authentication method is required for internet connection, optional for private connection.","key":"Authorization","value":"quis laborum reprehenderit do sunt"},{"disabled":false,"description":"(Required) The unique identifier for the API request.","key":"x-request-id","value":"<string>"},{"disabled":false,"description":"(Required) Allowed values: AMEX - MDES - VTIS","key":"x-scheme","value":"<string>"},{"key":"Accept","value":"application/json"}],"method":"POST","body":{"mode":"raw","raw":"{\n  \"otp\": {\n    \"value\": \"dsds\",\n    \"reason\": \"PAYMENT\",\n    \"expirationDate\": \"2016-06-23T09:07:21.205-07:00\",\n    \"contactMethod\": {\n      \"type\": \"SMS\",\n      \"value\": \"OiJKV1QiLCJhbGciOiJIUzUxMi\"\n    }\n  }\n}","options":{"raw":{"language":"json"}}}},"status":"Bad Request","code":400,"header":[{"key":"Content-Type","value":"application/json"}],"body":"{\n  \"responseCode\": \"veniam\",\n  \"responseDescription\": \"anim officia ut Excepteur\"\n}","cookie":[],"_postman_previewlanguage":"json"},{"id":"77e5be18-54cf-473c-ac8a-5437f63c7b28","name":"Unauthorized","originalRequest":{"url":{"path":["otp","v1","","otp","v1","send-otp"],"host":["{{issuer.enpoint}}"],"query":[],"variable":[{"description":{"content":"","type":"text/plain"},"type":"any","value":"","key":"issuer Enpoint"}]},"header":[{"disabled":false,"description":"This header will be populated only if the issuer has selected apikey as authorization method, it will be populated with the apikey shared by the issuer. Apikey authorization method can be selected only for issuers with private connection.","key":"apikey","value":"<string>"},{"disabled":false,"description":"Authorization Bearer token. This header will be populated only if issuer has selected OAuth as authorization method. OAuth authentication method is required for internet connection, optional for private connection.","key":"Authorization","value":"quis laborum reprehenderit do sunt"},{"disabled":false,"description":"(Required) The unique identifier for the API request.","key":"x-request-id","value":"<string>"},{"disabled":false,"description":"(Required) Allowed values: AMEX - MDES - VTIS","key":"x-scheme","value":"<string>"}],"method":"POST","body":{"mode":"raw","raw":"{\n  \"otp\": {\n    \"value\": \"dsds\",\n    \"reason\": \"PAYMENT\",\n    \"expirationDate\": \"2016-06-23T09:07:21.205-07:00\",\n    \"contactMethod\": {\n      \"type\": \"SMS\",\n      \"value\": \"OiJKV1QiLCJhbGciOiJIUzUxMi\"\n    }\n  }\n}","options":{"raw":{"language":"json"}}}},"status":"Unauthorized","code":401,"header":[{"key":"Content-Type","value":"text/plain"}],"body":"","cookie":[],"_postman_previewlanguage":"text"},{"id":"2d571c33-2a58-44e1-bfd7-d21a39f148f7","name":"Internal Server Error","originalRequest":{"url":{"path":["otp","v1","","otp","v1","send-otp"],"host":["{{issuer.enpoint}}"],"query":[],"variable":[{"description":{"content":"","type":"text/plain"},"type":"any","value":"","key":"issuer Enpoint"}]},"header":[{"disabled":false,"description":"This header will be populated only if the issuer has selected apikey as authorization method, it will be populated with the apikey shared by the issuer. Apikey authorization method can be selected only for issuers with private connection.","key":"apikey","value":"<string>"},{"disabled":false,"description":"Authorization Bearer token. This header will be populated only if issuer has selected OAuth as authorization method. OAuth authentication method is required for internet connection, optional for private connection.","key":"Authorization","value":"quis laborum reprehenderit do sunt"},{"disabled":false,"description":"(Required) The unique identifier for the API request.","key":"x-request-id","value":"<string>"},{"disabled":false,"description":"(Required) Allowed values: AMEX - MDES - VTIS","key":"x-scheme","value":"<string>"},{"key":"Accept","value":"application/json"}],"method":"POST","body":{"mode":"raw","raw":"{\n  \"otp\": {\n    \"value\": \"dsds\",\n    \"reason\": \"PAYMENT\",\n    \"expirationDate\": \"2016-06-23T09:07:21.205-07:00\",\n    \"contactMethod\": {\n      \"type\": \"SMS\",\n      \"value\": \"OiJKV1QiLCJhbGciOiJIUzUxMi\"\n    }\n  }\n}","options":{"raw":{"language":"json"}}}},"status":"Internal Server Error","code":500,"header":[{"key":"Content-Type","value":"application/json"}],"body":"{\n  \"responseCode\": \"ut \",\n  \"responseDescription\": \"quis in nostrud\"\n}","cookie":[],"_postman_previewlanguage":"json"},{"id":"bc133c4c-4307-448e-ab62-1febdc56462f","name":"Service Unavailable","originalRequest":{"url":{"path":["otp","v1","","otp","v1","send-otp"],"host":["{{issuer.enpoint}}"],"query":[],"variable":[{"description":{"content":"","type":"text/plain"},"type":"any","value":"","key":"issuer Enpoint"}]},"header":[{"disabled":false,"description":"This header will be populated only if the issuer has selected apikey as authorization method, it will be populated with the apikey shared by the issuer. Apikey authorization method can be selected only for issuers with private connection.","key":"apikey","value":"<string>"},{"disabled":false,"description":"Authorization Bearer token. This header will be populated only if issuer has selected OAuth as authorization method. OAuth authentication method is required for internet connection, optional for private connection.","key":"Authorization","value":"quis laborum reprehenderit do sunt"},{"disabled":false,"description":"(Required) The unique identifier for the API request.","key":"x-request-id","value":"<string>"},{"disabled":false,"description":"(Required) Allowed values: AMEX - MDES - VTIS","key":"x-scheme","value":"<string>"}],"method":"POST","body":{"mode":"raw","raw":"{\n  \"otp\": {\n    \"value\": \"dsds\",\n    \"reason\": \"PAYMENT\",\n    \"expirationDate\": \"2016-06-23T09:07:21.205-07:00\",\n    \"contactMethod\": {\n      \"type\": \"SMS\",\n      \"value\": \"OiJKV1QiLCJhbGciOiJIUzUxMi\"\n    }\n  }\n}","options":{"raw":{"language":"json"}}}},"status":"Service Unavailable","code":503,"header":[{"key":"Content-Type","value":"text/plain"}],"body":"","cookie":[],"_postman_previewlanguage":"text"}],"event":[],"protocolProfileBehavior":{"disableBodyPruning":true}},{"id":"606e5601-4611-48ec-be6f-f9d3a9ebf2d4","name":"Token Access","request":{"name":"Token Access","description":{"content":"Endpoint exposed by the issuer to generate an access token. OAuth is required when establishing a connection with the issuer's endpoint via internet.","type":"text/plain"},"url":{"path":["otp","v1","","otp","v1","token"],"host":["{{issuer.enpoint}}"],"query":[],"variable":[{"description":{"content":"","type":"text/plain"},"type":"any","value":"","key":"issuer Enpoint"}]},"header":[{"disabled":false,"description":"(Required) The unique identifier for the API request.","key":"x-request-id","value":"<string>"},{"disabled":false,"description":"(Required) Allowed values: AMEX - MDES - VTIS","key":"x-scheme","value":"<string>"},{"key":"Content-Type","value":""},{"key":"Accept","value":"application/json"}],"method":"POST","auth":null,"body":{"mode":"raw","raw":""}},"response":[{"id":"8371f569-805f-4ec3-8060-2968c9a0b383","name":"OK","originalRequest":{"url":{"path":["otp","v1","","otp","v1","token"],"host":["{{issuer.enpoint}}"],"query":[],"variable":[{"description":{"content":"","type":"text/plain"},"type":"any","value":"","key":"issuer Enpoint"}]},"header":[{"disabled":false,"description":"(Required) Basic Authorization base 64 encoded. Issuer will share user and password. ","key":"Authorization","value":"quis laborum reprehenderit do sunt"},{"disabled":false,"description":"(Required) The unique identifier for the API request.","key":"x-request-id","value":"<string>"},{"disabled":false,"description":"(Required) Allowed values: AMEX - MDES - VTIS","key":"x-scheme","value":"<string>"},{"key":"Accept","value":"application/json"}],"method":"POST","body":{"mode":"raw","raw":""}},"status":"OK","code":200,"header":[{"key":"Content-Type","value":"application/json"}],"body":"{\n  \"accessToken\": \"MTQ0NjJkZmQ5OTM2NDE1ZTZjNGZmZjI3\",\n  \"tokenType\": \"Bearer\",\n  \"issuedAt\": \"1708360445853\",\n  \"expiresIn\": \"3600\"\n}","cookie":[],"_postman_previewlanguage":"json"},{"id":"8f8cbc2e-0853-4e52-b484-5cb5bb6654ad","name":"Unauthorized","originalRequest":{"url":{"path":["otp","v1","","otp","v1","token"],"host":["{{issuer.enpoint}}"],"query":[],"variable":[{"description":{"content":"","type":"text/plain"},"type":"any","value":"","key":"issuer Enpoint"}]},"header":[{"disabled":false,"description":"(Required) Basic Authorization base 64 encoded. Issuer will share user and password. ","key":"Authorization","value":"quis laborum reprehenderit do sunt"},{"disabled":false,"description":"(Required) The unique identifier for the API request.","key":"x-request-id","value":"<string>"},{"disabled":false,"description":"(Required) Allowed values: AMEX - MDES - VTIS","key":"x-scheme","value":"<string>"}],"method":"POST","body":{"mode":"raw","raw":""}},"status":"Unauthorized","code":401,"header":[{"key":"Content-Type","value":"text/plain"}],"body":"","cookie":[],"_postman_previewlanguage":"text"},{"id":"390a3aff-9271-47bd-a3ba-5601564b32df","name":"Internal Server Error","originalRequest":{"url":{"path":["otp","v1","","otp","v1","token"],"host":["{{issuer.enpoint}}"],"query":[],"variable":[{"description":{"content":"","type":"text/plain"},"type":"any","value":"","key":"issuer Enpoint"}]},"header":[{"disabled":false,"description":"(Required) Basic Authorization base 64 encoded. Issuer will share user and password. ","key":"Authorization","value":"quis laborum reprehenderit do sunt"},{"disabled":false,"description":"(Required) The unique identifier for the API request.","key":"x-request-id","value":"<string>"},{"disabled":false,"description":"(Required) Allowed values: AMEX - MDES - VTIS","key":"x-scheme","value":"<string>"},{"key":"Accept","value":"application/json"}],"method":"POST","body":{"mode":"raw","raw":""}},"status":"Internal Server Error","code":500,"header":[{"key":"Content-Type","value":"application/json"}],"body":"{\n  \"responseCode\": \"ut \",\n  \"responseDescription\": \"quis in nostrud\"\n}","cookie":[],"_postman_previewlanguage":"json"},{"id":"1cafb663-cb1e-4a00-88cd-7e779faa686f","name":"Service Unavailable","originalRequest":{"url":{"path":["otp","v1","","otp","v1","token"],"host":["{{issuer.enpoint}}"],"query":[],"variable":[{"description":{"content":"","type":"text/plain"},"type":"any","value":"","key":"issuer Enpoint"}]},"header":[{"disabled":false,"description":"(Required) Basic Authorization base 64 encoded. Issuer will share user and password. ","key":"Authorization","value":"quis laborum reprehenderit do sunt"},{"disabled":false,"description":"(Required) The unique identifier for the API request.","key":"x-request-id","value":"<string>"},{"disabled":false,"description":"(Required) Allowed values: AMEX - MDES - VTIS","key":"x-scheme","value":"<string>"}],"method":"POST","body":{"mode":"raw","raw":""}},"status":"Service Unavailable","code":503,"header":[{"key":"Content-Type","value":"text/plain"}],"body":"","cookie":[],"_postman_previewlanguage":"text"}],"event":[],"protocolProfileBehavior":{"disableBodyPruning":true}}],"event":[]}],"event":[],"variable":[{"description":{"content":"","type":"text/plain"},"type":"any","value":"","key":"issuer Enpoint"},{"type":"string","value":"{{issuer.enpoint}}/otp/v1/","key":"baseUrl"}],"info":{"_postman_id":"15023e86-1696-43a2-8da5-a5d0b781a0f9","name":"Tokens","schema":"https://schema.getpostman.com/json/collection/v2.1.0/collection.json","description":{"content":"API exposed by the issuer to receive an OTP. The issuer will manage the OTP delivery to the final user.","type":"text/plain"}}}