{"item":[{"id":"59c787f1-c742-42fb-9bb1-5872ecc9bfe5","name":"Add new Customer. VMX Service: M.CMS.CUSTOMER.ADD, R8V4","request":{"name":"Add new Customer. VMX Service: M.CMS.CUSTOMER.ADD, R8V4","description":{"content":"Creates a Customer number and adds demographical information to the Customer record. \n\nVMX Service: M.CMS.CUSTOMER.ADD, R8V4","type":"text/plain"},"url":{"path":["customer",""],"host":["{{baseUrl}}"],"query":[],"variable":[]},"header":[{"disabled":false,"description":"(Required) API Key","key":"apikey","value":"<string>"},{"disabled":false,"description":"(Required) Client ID","key":"X-ClientID","value":"<string>"},{"key":"Content-Type","value":"application/json"},{"key":"Accept","value":"application/json"}],"method":"POST","auth":null,"body":{"mode":"raw","raw":"{\n  \"customerData\": {\n    \"customerKeyData\": {\n      \"accountNumber\": \"<string>\",\n      \"customerNumber\": \"<string>\",\n      \"organizationNumber\": \"<integer>\",\n      \"coOwnerIndicator\": \"<integer>\",\n      \"dualFlag\": \"<string>\"\n    },\n    \"customerMiscellaneousData\": {\n      \"vipStatus\": \"<integer>\",\n      \"sicCode\": \"<integer>\",\n      \"status\": \"<string>\"\n    },\n    \"ownerCoOwnerData\": {\n      \"ownerData\": {\n        \"postalCode\": \"<string>\",\n        \"maritalStatus\": \"<string>\",\n        \"nameLine1\": \"<string>\",\n        \"nameTypeIndicator1\": \"<integer>\",\n        \"nameLine2\": \"<string>\",\n        \"nameTypeIndicator2\": \"<integer>\",\n        \"nameLine3\": \"<string>\",\n        \"nameTypeIndicator3\": \"<integer>\",\n        \"houseNumber\": \"<string>\",\n        \"houseName\": \"<string>\",\n        \"houseAddress1\": \"<string>\",\n        \"houseAddress2\": \"<string>\",\n        \"houseAddress3\": \"<string>\",\n        \"houseAddress4\": \"<string>\",\n        \"city\": \"<string>\",\n        \"state\": \"<string>\",\n        \"countryCode\": \"<string>\",\n        \"ownOrRentResidenceFlag\": \"<integer>\",\n        \"foreignIndicator\": \"<string>\",\n        \"languageIndicator\": \"<string>\",\n        \"mailingList\": \"<string>\",\n        \"contactIndicator\": \"<integer>\",\n        \"genderCode\": \"<integer>\",\n        \"carrierRoute1and2\": \"<string>\",\n        \"carrierRoute3and4\": \"<integer>\",\n        \"homePhoneNumber\": \"<string>\",\n        \"homeFaxPhoneNumber\": \"<string>\",\n        \"mobilePhoneNumber\": \"<string>\",\n        \"dateOfBirth\": \"<date>\",\n        \"driverLicenseNumber\": \"<string>\",\n        \"driverLicenseState\": \"<string>\",\n        \"driverLicenseCountry\": \"<string>\",\n        \"identificationNumberFlag\": \"<integer>\",\n        \"identificationNumber\": \"<string>\",\n        \"dateOfFile\": \"<date>\",\n        \"statementMessageIndicator\": \"<integer>\",\n        \"employerName\": \"<string>\",\n        \"employerAddress1\": \"<string>\",\n        \"employerAddress2\": \"<string>\",\n        \"employerPhoneNumber\": \"<string>\",\n        \"employerExtensionPhoneNumber\": \"<string>\",\n        \"employerPhoneFlag\": \"<integer>\",\n        \"position\": \"<string>\",\n        \"relativeName\": \"<string>\",\n        \"numberOfDependents\": \"<integer>\",\n        \"email\": \"<string>\",\n        \"memo1\": \"<string>\",\n        \"memo2\": \"<string>\",\n        \"user1\": \"<string>\",\n        \"user2\": \"<string>\",\n        \"user3\": \"<string>\",\n        \"user4\": \"<string>\",\n        \"user5\": \"<string>\",\n        \"user6\": \"<string>\",\n        \"user7\": \"<string>\",\n        \"user8\": \"<string>\",\n        \"user9\": \"<string>\",\n        \"user10\": \"<string>\",\n        \"user11\": \"<string>\",\n        \"user12\": \"<string>\",\n        \"user13\": \"<string>\",\n        \"user14\": \"<string>\",\n        \"user15\": \"<string>\",\n        \"demographic1\": \"<string>\",\n        \"demographic2\": \"<string>\",\n        \"demographic3\": \"<string>\",\n        \"homePhoneFlag\": \"<integer>\",\n        \"faxPhoneFlag\": \"<integer>\",\n        \"mobilePhoneFlag\": \"<integer>\",\n        \"emailFlag\": \"<integer>\",\n        \"smsFlag\": \"<integer>\",\n        \"lastName\": \"<string>\",\n        \"middleName\": \"<string>\",\n        \"firstName\": \"<string>\",\n        \"suffix\": \"<string>\",\n        \"county\": \"<string>\"\n      },\n      \"coOwnerData\": {\n        \"postalCode\": \"<string>\",\n        \"maritalStatus\": \"<string>\",\n        \"nameLine1\": \"<string>\",\n        \"nameTypeIndicator1\": \"<integer>\",\n        \"nameLine2\": \"<string>\",\n        \"nameTypeIndicator2\": \"<integer>\",\n        \"nameLine3\": \"<string>\",\n        \"nameTypeIndicator3\": \"<integer>\",\n        \"houseNumber\": \"<string>\",\n        \"houseName\": \"<string>\",\n        \"houseAddress1\": \"<string>\",\n        \"houseAddress2\": \"<string>\",\n        \"houseAddress3\": \"<string>\",\n        \"houseAddress4\": \"<string>\",\n        \"city\": \"<string>\",\n        \"state\": \"<string>\",\n        \"countryCode\": \"<string>\",\n        \"ownOrRentResidenceFlag\": \"<integer>\",\n        \"foreignIndicator\": \"<string>\",\n        \"languageIndicator\": \"<string>\",\n        \"mailingList\": \"<string>\",\n        \"contactIndicator\": \"<integer>\",\n        \"genderCode\": \"<integer>\",\n        \"carrierRoute1and2\": \"<string>\",\n        \"carrierRoute3and4\": \"<integer>\",\n        \"homePhoneNumber\": \"<string>\",\n        \"homeFaxPhoneNumber\": \"<string>\",\n        \"mobilePhoneNumber\": \"<string>\",\n        \"dateOfBirth\": \"<date>\",\n        \"driverLicenseNumber\": \"<string>\",\n        \"driverLicenseState\": \"<string>\",\n        \"driverLicenseCountry\": \"<string>\",\n        \"identificationNumberFlag\": \"<integer>\",\n        \"identificationNumber\": \"<string>\",\n        \"dateOfFile\": \"<date>\",\n        \"statementMessageIndicator\": \"<integer>\",\n        \"employerName\": \"<string>\",\n        \"employerAddress1\": \"<string>\",\n        \"employerAddress2\": \"<string>\",\n        \"employerPhoneNumber\": \"<string>\",\n        \"employerExtensionPhoneNumber\": \"<string>\",\n        \"employerPhoneFlag\": \"<integer>\",\n        \"position\": \"<string>\",\n        \"relativeName\": \"<string>\",\n        \"numberOfDependents\": \"<integer>\",\n        \"email\": \"<string>\",\n        \"memo1\": \"<string>\",\n        \"memo2\": \"<string>\",\n        \"user1\": \"<string>\",\n        \"user2\": \"<string>\",\n        \"user3\": \"<string>\",\n        \"user4\": \"<string>\",\n        \"user5\": \"<string>\",\n        \"user6\": \"<string>\",\n        \"user7\": \"<string>\",\n        \"user8\": \"<string>\",\n        \"user9\": \"<string>\",\n        \"user10\": \"<string>\",\n        \"user11\": \"<string>\",\n        \"user12\": \"<string>\",\n        \"user13\": \"<string>\",\n        \"user14\": \"<string>\",\n        \"user15\": \"<string>\",\n        \"demographic1\": \"<string>\",\n        \"demographic2\": \"<string>\",\n        \"demographic3\": \"<string>\",\n        \"homePhoneFlag\": \"<integer>\",\n        \"faxPhoneFlag\": \"<integer>\",\n        \"mobilePhoneFlag\": \"<integer>\",\n        \"emailFlag\": \"<integer>\",\n        \"smsFlag\": \"<integer>\",\n        \"lastName\": \"<string>\",\n        \"middleName\": \"<string>\",\n        \"firstName\": \"<string>\",\n        \"suffix\": \"<string>\",\n        \"county\": \"<string>\"\n      }\n    }\n  },\n  \"resvData\": {\n    \"reservedCode1\": \"<string>\",\n    \"reservedCode2\": \"<string>\",\n    \"reservedCode3\": \"<string>\",\n    \"reservedCode4\": \"<string>\",\n    \"reservedCode5\": \"<string>\",\n    \"reservedDate1\": \"<date>\",\n    \"reservedDate2\": \"<date>\",\n    \"reservedDate3\": \"<date>\",\n    \"reservedDate4\": \"<date>\",\n    \"reservedDate5\": \"<date>\",\n    \"reservedAmt1\": \"<number>\",\n    \"reservedAmt2\": \"<number>\",\n    \"reservedAmt3\": \"<number>\",\n    \"reservedAmt4\": \"<number>\",\n    \"reservedAmt5\": \"<number>\"\n  }\n}","options":{"raw":{"language":"json"}}}},"response":[{"id":"218b156d-03c5-4e0f-b38f-a9025d9e507b","name":"Success","originalRequest":{"url":{"path":["customer",""],"host":["{{baseUrl}}"],"query":[],"variable":[]},"header":[{"disabled":false,"description":"(Required) API Key","key":"apikey","value":"<string>"},{"disabled":false,"description":"(Required) Client ID","key":"X-ClientID","value":"00970"},{"key":"Accept","value":"application/json"}],"method":"POST","body":{"mode":"raw","raw":"{\n  \"customerData\": {\n    \"customerKeyData\": {\n      \"accountNumber\": \"9999995020000600000\",\n      \"customerNumber\": \"4513074002573466111\",\n      \"organizationNumber\": 807,\n      \"coOwnerIndicator\": 1,\n      \"dualFlag\": \"0\"\n    },\n    \"customerMiscellaneousData\": {\n      \"vipStatus\": 1,\n      \"sicCode\": 123456,\n      \"status\": \"9\"\n    },\n    \"ownerCoOwnerData\": {\n      \"ownerData\": {\n        \"postalCode\": \"12345679\",\n        \"maritalStatus\": \"1\",\n        \"nameLine1\": \"<string>\",\n        \"nameTypeIndicator1\": 0,\n        \"nameLine2\": \"OWN NAME L2 TEST9\",\n        \"nameTypeIndicator2\": 1,\n        \"nameLine3\": \"OWN NAME L3\",\n        \"nameTypeIndicator3\": 1,\n        \"houseNumber\": \"12349\",\n        \"houseName\": \"Could be apartment's name\",\n        \"houseAddress1\": \"OWN ADDR L19\",\n        \"houseAddress2\": \"OWN ADDR L29\",\n        \"houseAddress3\": \"OWN ADDR L39\",\n        \"houseAddress4\": \"OWN ADDR L49\",\n        \"city\": \"Sunshine\",\n        \"state\": \"FL\",\n        \"countryCode\": \"USA\",\n        \"ownOrRentResidenceFlag\": 2,\n        \"foreignIndicator\": \"A\",\n        \"languageIndicator\": \"ENG\",\n        \"mailingList\": \"1\",\n        \"contactIndicator\": \"<integer>\",\n        \"genderCode\": 1,\n        \"carrierRoute1and2\": \"C1\",\n        \"carrierRoute3and4\": \"<integer>\",\n        \"homePhoneNumber\": \"123-456-9990\",\n        \"homeFaxPhoneNumber\": \"223-456-7890\",\n        \"mobilePhoneNumber\": \"323-456-7890\",\n        \"dateOfBirth\": \"<date>\",\n        \"driverLicenseNumber\": \"123421\",\n        \"driverLicenseState\": \"<string>\",\n        \"driverLicenseCountry\": \"<string>\",\n        \"identificationNumberFlag\": 2,\n        \"identificationNumber\": \"123456789\",\n        \"dateOfFile\": \"<date>\",\n        \"statementMessageIndicator\": 1,\n        \"employerName\": \"Milton\",\n        \"employerAddress1\": \"EMP ADDR L1\",\n        \"employerAddress2\": \"EMP ADDR L2\",\n        \"employerPhoneNumber\": \"123-456-7890\",\n        \"employerExtensionPhoneNumber\": \"123456\",\n        \"employerPhoneFlag\": 1,\n        \"position\": \"CEO\",\n        \"relativeName\": \"Relative Name\",\n        \"numberOfDependents\": \"<integer>\",\n        \"email\": \"ABC.DEF@yahoo.com\",\n        \"memo1\": \"Memo 1\",\n        \"memo2\": \"Memo 2\",\n        \"user1\": \"U1\",\n        \"user2\": \"U2\",\n        \"user3\": \"U323323\",\n        \"user4\": \"U\",\n        \"user5\": \"U\",\n        \"user6\": \"U6\",\n        \"user7\": \"U7\",\n        \"user8\": \"U8\",\n        \"user9\": \"U9\",\n        \"user10\": \"2011031\",\n        \"user11\": \"2011032\",\n        \"user12\": \"U12\",\n        \"user13\": \"U13\",\n        \"user14\": \"U14\",\n        \"user15\": \"U15\",\n        \"demographic1\": \"USER DEMO 1\",\n        \"demographic2\": \"USER DEMO 2\",\n        \"demographic3\": \"USER DEMO 3\",\n        \"homePhoneFlag\": 1,\n        \"faxPhoneFlag\": 1,\n        \"mobilePhoneFlag\": 1,\n        \"emailFlag\": 1,\n        \"smsFlag\": 1,\n        \"lastName\": \"Gonzalez\",\n        \"middleName\": \"Pedro\",\n        \"firstName\": \"Juan\",\n        \"suffix\": \"Sr\",\n        \"county\": \"Orange\"\n      },\n      \"coOwnerData\": {\n        \"postalCode\": \"12345679\",\n        \"maritalStatus\": \"1\",\n        \"nameLine1\": \"OWN NAME L2 TEST9\",\n        \"nameTypeIndicator1\": 0,\n        \"nameLine2\": \"OWN NAME L2 TEST9\",\n        \"nameTypeIndicator2\": 0,\n        \"nameLine3\": \"OWN NAME L3\",\n        \"nameTypeIndicator3\": 0,\n        \"houseNumber\": \"12349\",\n        \"houseName\": \"LILY RESIDENCE\",\n        \"houseAddress1\": \"OWN ADDR L19\",\n        \"houseAddress2\": \"OWN ADDR L19\",\n        \"houseAddress3\": \"OWN ADDR L19\",\n        \"houseAddress4\": \"OWN ADDR L19\",\n        \"city\": \"Sunshine\",\n        \"state\": \"FL\",\n        \"countryCode\": \"USA\",\n        \"ownOrRentResidenceFlag\": 2,\n        \"foreignIndicator\": \"A\",\n        \"languageIndicator\": \"ENG\",\n        \"mailingList\": \"1\",\n        \"contactIndicator\": 2,\n        \"genderCode\": 1,\n        \"carrierRoute1and2\": \"C1\",\n        \"carrierRoute3and4\": \"<integer>\",\n        \"homePhoneNumber\": \"123-456-9990\",\n        \"homeFaxPhoneNumber\": \"223-456-7890\",\n        \"mobilePhoneNumber\": \"323-456-7890\",\n        \"dateOfBirth\": \"<date>\",\n        \"driverLicenseNumber\": \"<string>\",\n        \"driverLicenseState\": \"<string>\",\n        \"driverLicenseCountry\": \"<string>\",\n        \"identificationNumberFlag\": 2,\n        \"identificationNumber\": \"123456789\",\n        \"dateOfFile\": \"<date>\",\n        \"statementMessageIndicator\": 0,\n        \"employerName\": \"Milton\",\n        \"employerAddress1\": \"EMP ADDR L1\",\n        \"employerAddress2\": \"EMP ADDR L1\",\n        \"employerPhoneNumber\": \"123-456-7890\",\n        \"employerExtensionPhoneNumber\": \"123456\",\n        \"employerPhoneFlag\": 1,\n        \"position\": \"CEO\",\n        \"relativeName\": \"Relative Name\",\n        \"numberOfDependents\": \"<integer>\",\n        \"email\": \"ABC.DEF@yahoo.com\",\n        \"memo1\": \"Memo 1\",\n        \"memo2\": \"Memo 2\",\n        \"user1\": \"U1\",\n        \"user2\": \"U2\",\n        \"user3\": \"U323323\",\n        \"user4\": \"U\",\n        \"user5\": \"U\",\n        \"user6\": \"U6\",\n        \"user7\": \"U7\",\n        \"user8\": \"U8\",\n        \"user9\": \"U9\",\n        \"user10\": \"2011031\",\n        \"user11\": \"2011031\",\n        \"user12\": \"U12\",\n        \"user13\": \"U13\",\n        \"user14\": \"U14\",\n        \"user15\": \"U15\",\n        \"demographic1\": \"USER DEMO 1\",\n        \"demographic2\": \"USER DEMO 2\",\n        \"demographic3\": \"USER DEMO 3\",\n        \"homePhoneFlag\": 1,\n        \"faxPhoneFlag\": 1,\n        \"mobilePhoneFlag\": 1,\n        \"emailFlag\": 1,\n        \"smsFlag\": 1,\n        \"lastName\": \"Gonzalez\",\n        \"middleName\": \"Pedro\",\n        \"firstName\": \"Juan\",\n        \"suffix\": \"Sr\",\n        \"county\": \"Orange\"\n      }\n    }\n  },\n  \"resvData\": {\n    \"reservedCode1\": \"<string>\",\n    \"reservedCode2\": \"<string>\",\n    \"reservedCode3\": \"<string>\",\n    \"reservedCode4\": \"<string>\",\n    \"reservedCode5\": \"<string>\",\n    \"reservedDate1\": \"<date>\",\n    \"reservedDate2\": \"<date>\",\n    \"reservedDate3\": \"<date>\",\n    \"reservedDate4\": \"<date>\",\n    \"reservedDate5\": \"<date>\",\n    \"reservedAmt1\": \"<number>\",\n    \"reservedAmt2\": \"<number>\",\n    \"reservedAmt3\": \"<number>\",\n    \"reservedAmt4\": \"<number>\",\n    \"reservedAmt5\": \"<number>\"\n  }\n}","options":{"raw":{"language":"json"}}}},"status":"OK","code":200,"header":[{"key":"Content-Type","value":"application/json"}],"body":"{\n  \"organizationNumber\": -97688275,\n  \"organizationAssociatedToForeignAccount\": -21722843,\n  \"foreignCustomerOrganization\": -62755347,\n  \"accountNumber\": \"nulla eiusmod sunt ipsum\",\n  \"customerNumber\": \"laborum labore cupidatat eiusmod laboris\",\n  \"reservedCode1\": -8117607,\n  \"reservedCode2\": 1279039,\n  \"reservedCode3\": 88530520,\n  \"reservedCode4\": -5682875,\n  \"reservedCode5\": 63722093,\n  \"reservedDate1\": \"1967-09-26\",\n  \"reservedDate2\": \"1983-07-30\",\n  \"reservedDate3\": \"2001-02-11\",\n  \"reservedDate4\": \"1985-04-05\",\n  \"reservedDate5\": \"2009-02-09\",\n  \"reservedAmt1\": -79945505.74221875,\n  \"reservedAmt2\": 31940899.54095292,\n  \"reservedAmt3\": -13922610.392782569,\n  \"reservedAmt4\": 67494788.0596298,\n  \"reservedAmt5\": -17772589.15323113\n}","cookie":[],"_postman_previewlanguage":"json"},{"id":"2312e7b9-82b7-4d14-ae65-4602a6477c3f","name":"Redirection","originalRequest":{"url":{"path":["customer",""],"host":["{{baseUrl}}"],"query":[],"variable":[]},"header":[{"disabled":false,"description":"(Required) API Key","key":"apikey","value":"<string>"},{"disabled":false,"description":"(Required) Client ID","key":"X-ClientID","value":"00970"},{"key":"Accept","value":"application/json"}],"method":"POST","body":{"mode":"raw","raw":"{\n  \"customerData\": {\n    \"customerKeyData\": {\n      \"accountNumber\": \"9999995020000600000\",\n      \"customerNumber\": \"4513074002573466111\",\n      \"organizationNumber\": 807,\n      \"coOwnerIndicator\": 1,\n      \"dualFlag\": \"0\"\n    },\n    \"customerMiscellaneousData\": {\n      \"vipStatus\": 1,\n      \"sicCode\": 123456,\n      \"status\": \"9\"\n    },\n    \"ownerCoOwnerData\": {\n      \"ownerData\": {\n        \"postalCode\": \"12345679\",\n        \"maritalStatus\": \"1\",\n        \"nameLine1\": \"<string>\",\n        \"nameTypeIndicator1\": 0,\n        \"nameLine2\": \"OWN NAME L2 TEST9\",\n        \"nameTypeIndicator2\": 1,\n        \"nameLine3\": \"OWN NAME L3\",\n        \"nameTypeIndicator3\": 1,\n        \"houseNumber\": \"12349\",\n        \"houseName\": \"Could be apartment's name\",\n        \"houseAddress1\": \"OWN ADDR L19\",\n        \"houseAddress2\": \"OWN ADDR L29\",\n        \"houseAddress3\": \"OWN ADDR L39\",\n        \"houseAddress4\": \"OWN ADDR L49\",\n        \"city\": \"Sunshine\",\n        \"state\": \"FL\",\n        \"countryCode\": \"USA\",\n        \"ownOrRentResidenceFlag\": 2,\n        \"foreignIndicator\": \"A\",\n        \"languageIndicator\": \"ENG\",\n        \"mailingList\": \"1\",\n        \"contactIndicator\": \"<integer>\",\n        \"genderCode\": 1,\n        \"carrierRoute1and2\": \"C1\",\n        \"carrierRoute3and4\": \"<integer>\",\n        \"homePhoneNumber\": \"123-456-9990\",\n        \"homeFaxPhoneNumber\": \"223-456-7890\",\n        \"mobilePhoneNumber\": \"323-456-7890\",\n        \"dateOfBirth\": \"<date>\",\n        \"driverLicenseNumber\": \"123421\",\n        \"driverLicenseState\": \"<string>\",\n        \"driverLicenseCountry\": \"<string>\",\n        \"identificationNumberFlag\": 2,\n        \"identificationNumber\": \"123456789\",\n        \"dateOfFile\": \"<date>\",\n        \"statementMessageIndicator\": 1,\n        \"employerName\": \"Milton\",\n        \"employerAddress1\": \"EMP ADDR L1\",\n        \"employerAddress2\": \"EMP ADDR L2\",\n        \"employerPhoneNumber\": \"123-456-7890\",\n        \"employerExtensionPhoneNumber\": \"123456\",\n        \"employerPhoneFlag\": 1,\n        \"position\": \"CEO\",\n        \"relativeName\": \"Relative Name\",\n        \"numberOfDependents\": \"<integer>\",\n        \"email\": \"ABC.DEF@yahoo.com\",\n        \"memo1\": \"Memo 1\",\n        \"memo2\": \"Memo 2\",\n        \"user1\": \"U1\",\n        \"user2\": \"U2\",\n        \"user3\": \"U323323\",\n        \"user4\": \"U\",\n        \"user5\": \"U\",\n        \"user6\": \"U6\",\n        \"user7\": \"U7\",\n        \"user8\": \"U8\",\n        \"user9\": \"U9\",\n        \"user10\": \"2011031\",\n        \"user11\": \"2011032\",\n        \"user12\": \"U12\",\n        \"user13\": \"U13\",\n        \"user14\": \"U14\",\n        \"user15\": \"U15\",\n        \"demographic1\": \"USER DEMO 1\",\n        \"demographic2\": \"USER DEMO 2\",\n        \"demographic3\": \"USER DEMO 3\",\n        \"homePhoneFlag\": 1,\n        \"faxPhoneFlag\": 1,\n        \"mobilePhoneFlag\": 1,\n        \"emailFlag\": 1,\n        \"smsFlag\": 1,\n        \"lastName\": \"Gonzalez\",\n        \"middleName\": \"Pedro\",\n        \"firstName\": \"Juan\",\n        \"suffix\": \"Sr\",\n        \"county\": \"Orange\"\n      },\n      \"coOwnerData\": {\n        \"postalCode\": \"12345679\",\n        \"maritalStatus\": \"1\",\n        \"nameLine1\": \"OWN NAME L2 TEST9\",\n        \"nameTypeIndicator1\": 0,\n        \"nameLine2\": \"OWN NAME L2 TEST9\",\n        \"nameTypeIndicator2\": 0,\n        \"nameLine3\": \"OWN NAME L3\",\n        \"nameTypeIndicator3\": 0,\n        \"houseNumber\": \"12349\",\n        \"houseName\": \"LILY RESIDENCE\",\n        \"houseAddress1\": \"OWN ADDR L19\",\n        \"houseAddress2\": \"OWN ADDR L19\",\n        \"houseAddress3\": \"OWN ADDR L19\",\n        \"houseAddress4\": \"OWN ADDR L19\",\n        \"city\": \"Sunshine\",\n        \"state\": \"FL\",\n        \"countryCode\": \"USA\",\n        \"ownOrRentResidenceFlag\": 2,\n        \"foreignIndicator\": \"A\",\n        \"languageIndicator\": \"ENG\",\n        \"mailingList\": \"1\",\n        \"contactIndicator\": 2,\n        \"genderCode\": 1,\n        \"carrierRoute1and2\": \"C1\",\n        \"carrierRoute3and4\": \"<integer>\",\n        \"homePhoneNumber\": \"123-456-9990\",\n        \"homeFaxPhoneNumber\": \"223-456-7890\",\n        \"mobilePhoneNumber\": \"323-456-7890\",\n        \"dateOfBirth\": \"<date>\",\n        \"driverLicenseNumber\": \"<string>\",\n        \"driverLicenseState\": \"<string>\",\n        \"driverLicenseCountry\": \"<string>\",\n        \"identificationNumberFlag\": 2,\n        \"identificationNumber\": \"123456789\",\n        \"dateOfFile\": \"<date>\",\n        \"statementMessageIndicator\": 0,\n        \"employerName\": \"Milton\",\n        \"employerAddress1\": \"EMP ADDR L1\",\n        \"employerAddress2\": \"EMP ADDR L1\",\n        \"employerPhoneNumber\": \"123-456-7890\",\n        \"employerExtensionPhoneNumber\": \"123456\",\n        \"employerPhoneFlag\": 1,\n        \"position\": \"CEO\",\n        \"relativeName\": \"Relative Name\",\n        \"numberOfDependents\": \"<integer>\",\n        \"email\": \"ABC.DEF@yahoo.com\",\n        \"memo1\": \"Memo 1\",\n        \"memo2\": \"Memo 2\",\n        \"user1\": \"U1\",\n        \"user2\": \"U2\",\n        \"user3\": \"U323323\",\n        \"user4\": \"U\",\n        \"user5\": \"U\",\n        \"user6\": \"U6\",\n        \"user7\": \"U7\",\n        \"user8\": \"U8\",\n        \"user9\": \"U9\",\n        \"user10\": \"2011031\",\n        \"user11\": \"2011031\",\n        \"user12\": \"U12\",\n        \"user13\": \"U13\",\n        \"user14\": \"U14\",\n        \"user15\": \"U15\",\n        \"demographic1\": \"USER DEMO 1\",\n        \"demographic2\": \"USER DEMO 2\",\n        \"demographic3\": \"USER DEMO 3\",\n        \"homePhoneFlag\": 1,\n        \"faxPhoneFlag\": 1,\n        \"mobilePhoneFlag\": 1,\n        \"emailFlag\": 1,\n        \"smsFlag\": 1,\n        \"lastName\": \"Gonzalez\",\n        \"middleName\": \"Pedro\",\n        \"firstName\": \"Juan\",\n        \"suffix\": \"Sr\",\n        \"county\": \"Orange\"\n      }\n    }\n  },\n  \"resvData\": {\n    \"reservedCode1\": \"<string>\",\n    \"reservedCode2\": \"<string>\",\n    \"reservedCode3\": \"<string>\",\n    \"reservedCode4\": \"<string>\",\n    \"reservedCode5\": \"<string>\",\n    \"reservedDate1\": \"<date>\",\n    \"reservedDate2\": \"<date>\",\n    \"reservedDate3\": \"<date>\",\n    \"reservedDate4\": \"<date>\",\n    \"reservedDate5\": \"<date>\",\n    \"reservedAmt1\": \"<number>\",\n    \"reservedAmt2\": \"<number>\",\n    \"reservedAmt3\": \"<number>\",\n    \"reservedAmt4\": \"<number>\",\n    \"reservedAmt5\": \"<number>\"\n  }\n}","options":{"raw":{"language":"json"}}}},"status":"Multiple Choices","code":300,"header":[{"key":"Content-Type","value":"application/json"}],"body":"{\n  \"hasError\": false,\n  \"errors\": [\n    {\n      \"code\": \"ullamco ipsum tempor\",\n      \"description\": \"laboris deserunt\"\n    },\n    {\n      \"code\": \"laborum id magna deserunt mollit\",\n      \"description\": \"sunt\"\n    }\n  ],\n  \"data\": {}\n}","cookie":[],"_postman_previewlanguage":"json"},{"id":"3b6a768f-9ded-4646-9b19-8b5742666291","name":"Bad Request","originalRequest":{"url":{"path":["customer",""],"host":["{{baseUrl}}"],"query":[],"variable":[]},"header":[{"disabled":false,"description":"(Required) API Key","key":"apikey","value":"<string>"},{"disabled":false,"description":"(Required) Client ID","key":"X-ClientID","value":"00970"}],"method":"POST","body":{"mode":"raw","raw":"{\n  \"customerData\": {\n    \"customerKeyData\": {\n      \"accountNumber\": \"9999995020000600000\",\n      \"customerNumber\": \"4513074002573466111\",\n      \"organizationNumber\": 807,\n      \"coOwnerIndicator\": 1,\n      \"dualFlag\": \"0\"\n    },\n    \"customerMiscellaneousData\": {\n      \"vipStatus\": 1,\n      \"sicCode\": 123456,\n      \"status\": \"9\"\n    },\n    \"ownerCoOwnerData\": {\n      \"ownerData\": {\n        \"postalCode\": \"12345679\",\n        \"maritalStatus\": \"1\",\n        \"nameLine1\": \"<string>\",\n        \"nameTypeIndicator1\": 0,\n        \"nameLine2\": \"OWN NAME L2 TEST9\",\n        \"nameTypeIndicator2\": 1,\n        \"nameLine3\": \"OWN NAME L3\",\n        \"nameTypeIndicator3\": 1,\n        \"houseNumber\": \"12349\",\n        \"houseName\": \"Could be apartment's name\",\n        \"houseAddress1\": \"OWN ADDR L19\",\n        \"houseAddress2\": \"OWN ADDR L29\",\n        \"houseAddress3\": \"OWN ADDR L39\",\n        \"houseAddress4\": \"OWN ADDR L49\",\n        \"city\": \"Sunshine\",\n        \"state\": \"FL\",\n        \"countryCode\": \"USA\",\n        \"ownOrRentResidenceFlag\": 2,\n        \"foreignIndicator\": \"A\",\n        \"languageIndicator\": \"ENG\",\n        \"mailingList\": \"1\",\n        \"contactIndicator\": \"<integer>\",\n        \"genderCode\": 1,\n        \"carrierRoute1and2\": \"C1\",\n        \"carrierRoute3and4\": \"<integer>\",\n        \"homePhoneNumber\": \"123-456-9990\",\n        \"homeFaxPhoneNumber\": \"223-456-7890\",\n        \"mobilePhoneNumber\": \"323-456-7890\",\n        \"dateOfBirth\": \"<date>\",\n        \"driverLicenseNumber\": \"123421\",\n        \"driverLicenseState\": \"<string>\",\n        \"driverLicenseCountry\": \"<string>\",\n        \"identificationNumberFlag\": 2,\n        \"identificationNumber\": \"123456789\",\n        \"dateOfFile\": \"<date>\",\n        \"statementMessageIndicator\": 1,\n        \"employerName\": \"Milton\",\n        \"employerAddress1\": \"EMP ADDR L1\",\n        \"employerAddress2\": \"EMP ADDR L2\",\n        \"employerPhoneNumber\": \"123-456-7890\",\n        \"employerExtensionPhoneNumber\": \"123456\",\n        \"employerPhoneFlag\": 1,\n        \"position\": \"CEO\",\n        \"relativeName\": \"Relative Name\",\n        \"numberOfDependents\": \"<integer>\",\n        \"email\": \"ABC.DEF@yahoo.com\",\n        \"memo1\": \"Memo 1\",\n        \"memo2\": \"Memo 2\",\n        \"user1\": \"U1\",\n        \"user2\": \"U2\",\n        \"user3\": \"U323323\",\n        \"user4\": \"U\",\n        \"user5\": \"U\",\n        \"user6\": \"U6\",\n        \"user7\": \"U7\",\n        \"user8\": \"U8\",\n        \"user9\": \"U9\",\n        \"user10\": \"2011031\",\n        \"user11\": \"2011032\",\n        \"user12\": \"U12\",\n        \"user13\": \"U13\",\n        \"user14\": \"U14\",\n        \"user15\": \"U15\",\n        \"demographic1\": \"USER DEMO 1\",\n        \"demographic2\": \"USER DEMO 2\",\n        \"demographic3\": \"USER DEMO 3\",\n        \"homePhoneFlag\": 1,\n        \"faxPhoneFlag\": 1,\n        \"mobilePhoneFlag\": 1,\n        \"emailFlag\": 1,\n        \"smsFlag\": 1,\n        \"lastName\": \"Gonzalez\",\n        \"middleName\": \"Pedro\",\n        \"firstName\": \"Juan\",\n        \"suffix\": \"Sr\",\n        \"county\": \"Orange\"\n      },\n      \"coOwnerData\": {\n        \"postalCode\": \"12345679\",\n        \"maritalStatus\": \"1\",\n        \"nameLine1\": \"OWN NAME L2 TEST9\",\n        \"nameTypeIndicator1\": 0,\n        \"nameLine2\": \"OWN NAME L2 TEST9\",\n        \"nameTypeIndicator2\": 0,\n        \"nameLine3\": \"OWN NAME L3\",\n        \"nameTypeIndicator3\": 0,\n        \"houseNumber\": \"12349\",\n        \"houseName\": \"LILY RESIDENCE\",\n        \"houseAddress1\": \"OWN ADDR L19\",\n        \"houseAddress2\": \"OWN ADDR L19\",\n        \"houseAddress3\": \"OWN ADDR L19\",\n        \"houseAddress4\": \"OWN ADDR L19\",\n        \"city\": \"Sunshine\",\n        \"state\": \"FL\",\n        \"countryCode\": \"USA\",\n        \"ownOrRentResidenceFlag\": 2,\n        \"foreignIndicator\": \"A\",\n        \"languageIndicator\": \"ENG\",\n        \"mailingList\": \"1\",\n        \"contactIndicator\": 2,\n        \"genderCode\": 1,\n        \"carrierRoute1and2\": \"C1\",\n        \"carrierRoute3and4\": \"<integer>\",\n        \"homePhoneNumber\": \"123-456-9990\",\n        \"homeFaxPhoneNumber\": \"223-456-7890\",\n        \"mobilePhoneNumber\": \"323-456-7890\",\n        \"dateOfBirth\": \"<date>\",\n        \"driverLicenseNumber\": \"<string>\",\n        \"driverLicenseState\": \"<string>\",\n        \"driverLicenseCountry\": \"<string>\",\n        \"identificationNumberFlag\": 2,\n        \"identificationNumber\": \"123456789\",\n        \"dateOfFile\": \"<date>\",\n        \"statementMessageIndicator\": 0,\n        \"employerName\": \"Milton\",\n        \"employerAddress1\": \"EMP ADDR L1\",\n        \"employerAddress2\": \"EMP ADDR L1\",\n        \"employerPhoneNumber\": \"123-456-7890\",\n        \"employerExtensionPhoneNumber\": \"123456\",\n        \"employerPhoneFlag\": 1,\n        \"position\": \"CEO\",\n        \"relativeName\": \"Relative Name\",\n        \"numberOfDependents\": \"<integer>\",\n        \"email\": \"ABC.DEF@yahoo.com\",\n        \"memo1\": \"Memo 1\",\n        \"memo2\": \"Memo 2\",\n        \"user1\": \"U1\",\n        \"user2\": \"U2\",\n        \"user3\": \"U323323\",\n        \"user4\": \"U\",\n        \"user5\": \"U\",\n        \"user6\": \"U6\",\n        \"user7\": \"U7\",\n        \"user8\": \"U8\",\n        \"user9\": \"U9\",\n        \"user10\": \"2011031\",\n        \"user11\": \"2011031\",\n        \"user12\": \"U12\",\n        \"user13\": \"U13\",\n        \"user14\": \"U14\",\n        \"user15\": \"U15\",\n        \"demographic1\": \"USER DEMO 1\",\n        \"demographic2\": \"USER DEMO 2\",\n        \"demographic3\": \"USER DEMO 3\",\n        \"homePhoneFlag\": 1,\n        \"faxPhoneFlag\": 1,\n        \"mobilePhoneFlag\": 1,\n        \"emailFlag\": 1,\n        \"smsFlag\": 1,\n        \"lastName\": \"Gonzalez\",\n        \"middleName\": \"Pedro\",\n        \"firstName\": \"Juan\",\n        \"suffix\": \"Sr\",\n        \"county\": \"Orange\"\n      }\n    }\n  },\n  \"resvData\": {\n    \"reservedCode1\": \"<string>\",\n    \"reservedCode2\": \"<string>\",\n    \"reservedCode3\": \"<string>\",\n    \"reservedCode4\": \"<string>\",\n    \"reservedCode5\": \"<string>\",\n    \"reservedDate1\": \"<date>\",\n    \"reservedDate2\": \"<date>\",\n    \"reservedDate3\": \"<date>\",\n    \"reservedDate4\": \"<date>\",\n    \"reservedDate5\": \"<date>\",\n    \"reservedAmt1\": \"<number>\",\n    \"reservedAmt2\": \"<number>\",\n    \"reservedAmt3\": \"<number>\",\n    \"reservedAmt4\": \"<number>\",\n    \"reservedAmt5\": \"<number>\"\n  }\n}","options":{"raw":{"language":"json"}}}},"status":"Bad Request","code":400,"header":[{"key":"Content-Type","value":"text/plain"}],"body":"","cookie":[],"_postman_previewlanguage":"text"},{"id":"8e7b68f7-804d-4733-bef5-892693390d03","name":"Unauthorized","originalRequest":{"url":{"path":["customer",""],"host":["{{baseUrl}}"],"query":[],"variable":[]},"header":[{"disabled":false,"description":"(Required) API Key","key":"apikey","value":"<string>"},{"disabled":false,"description":"(Required) Client ID","key":"X-ClientID","value":"00970"}],"method":"POST","body":{"mode":"raw","raw":"{\n  \"customerData\": {\n    \"customerKeyData\": {\n      \"accountNumber\": \"9999995020000600000\",\n      \"customerNumber\": \"4513074002573466111\",\n      \"organizationNumber\": 807,\n      \"coOwnerIndicator\": 1,\n      \"dualFlag\": \"0\"\n    },\n    \"customerMiscellaneousData\": {\n      \"vipStatus\": 1,\n      \"sicCode\": 123456,\n      \"status\": \"9\"\n    },\n    \"ownerCoOwnerData\": {\n      \"ownerData\": {\n        \"postalCode\": \"12345679\",\n        \"maritalStatus\": \"1\",\n        \"nameLine1\": \"<string>\",\n        \"nameTypeIndicator1\": 0,\n        \"nameLine2\": \"OWN NAME L2 TEST9\",\n        \"nameTypeIndicator2\": 1,\n        \"nameLine3\": \"OWN NAME L3\",\n        \"nameTypeIndicator3\": 1,\n        \"houseNumber\": \"12349\",\n        \"houseName\": \"Could be apartment's name\",\n        \"houseAddress1\": \"OWN ADDR L19\",\n        \"houseAddress2\": \"OWN ADDR L29\",\n        \"houseAddress3\": \"OWN ADDR L39\",\n        \"houseAddress4\": \"OWN ADDR L49\",\n        \"city\": \"Sunshine\",\n        \"state\": \"FL\",\n        \"countryCode\": \"USA\",\n        \"ownOrRentResidenceFlag\": 2,\n        \"foreignIndicator\": \"A\",\n        \"languageIndicator\": \"ENG\",\n        \"mailingList\": \"1\",\n        \"contactIndicator\": \"<integer>\",\n        \"genderCode\": 1,\n        \"carrierRoute1and2\": \"C1\",\n        \"carrierRoute3and4\": \"<integer>\",\n        \"homePhoneNumber\": \"123-456-9990\",\n        \"homeFaxPhoneNumber\": \"223-456-7890\",\n        \"mobilePhoneNumber\": \"323-456-7890\",\n        \"dateOfBirth\": \"<date>\",\n        \"driverLicenseNumber\": \"123421\",\n        \"driverLicenseState\": \"<string>\",\n        \"driverLicenseCountry\": \"<string>\",\n        \"identificationNumberFlag\": 2,\n        \"identificationNumber\": \"123456789\",\n        \"dateOfFile\": \"<date>\",\n        \"statementMessageIndicator\": 1,\n        \"employerName\": \"Milton\",\n        \"employerAddress1\": \"EMP ADDR L1\",\n        \"employerAddress2\": \"EMP ADDR L2\",\n        \"employerPhoneNumber\": \"123-456-7890\",\n        \"employerExtensionPhoneNumber\": \"123456\",\n        \"employerPhoneFlag\": 1,\n        \"position\": \"CEO\",\n        \"relativeName\": \"Relative Name\",\n        \"numberOfDependents\": \"<integer>\",\n        \"email\": \"ABC.DEF@yahoo.com\",\n        \"memo1\": \"Memo 1\",\n        \"memo2\": \"Memo 2\",\n        \"user1\": \"U1\",\n        \"user2\": \"U2\",\n        \"user3\": \"U323323\",\n        \"user4\": \"U\",\n        \"user5\": \"U\",\n        \"user6\": \"U6\",\n        \"user7\": \"U7\",\n        \"user8\": \"U8\",\n        \"user9\": \"U9\",\n        \"user10\": \"2011031\",\n        \"user11\": \"2011032\",\n        \"user12\": \"U12\",\n        \"user13\": \"U13\",\n        \"user14\": \"U14\",\n        \"user15\": \"U15\",\n        \"demographic1\": \"USER DEMO 1\",\n        \"demographic2\": \"USER DEMO 2\",\n        \"demographic3\": \"USER DEMO 3\",\n        \"homePhoneFlag\": 1,\n        \"faxPhoneFlag\": 1,\n        \"mobilePhoneFlag\": 1,\n        \"emailFlag\": 1,\n        \"smsFlag\": 1,\n        \"lastName\": \"Gonzalez\",\n        \"middleName\": \"Pedro\",\n        \"firstName\": \"Juan\",\n        \"suffix\": \"Sr\",\n        \"county\": \"Orange\"\n      },\n      \"coOwnerData\": {\n        \"postalCode\": \"12345679\",\n        \"maritalStatus\": \"1\",\n        \"nameLine1\": \"OWN NAME L2 TEST9\",\n        \"nameTypeIndicator1\": 0,\n        \"nameLine2\": \"OWN NAME L2 TEST9\",\n        \"nameTypeIndicator2\": 0,\n        \"nameLine3\": \"OWN NAME L3\",\n        \"nameTypeIndicator3\": 0,\n        \"houseNumber\": \"12349\",\n        \"houseName\": \"LILY RESIDENCE\",\n        \"houseAddress1\": \"OWN ADDR L19\",\n        \"houseAddress2\": \"OWN ADDR L19\",\n        \"houseAddress3\": \"OWN ADDR L19\",\n        \"houseAddress4\": \"OWN ADDR L19\",\n        \"city\": \"Sunshine\",\n        \"state\": \"FL\",\n        \"countryCode\": \"USA\",\n        \"ownOrRentResidenceFlag\": 2,\n        \"foreignIndicator\": \"A\",\n        \"languageIndicator\": \"ENG\",\n        \"mailingList\": \"1\",\n        \"contactIndicator\": 2,\n        \"genderCode\": 1,\n        \"carrierRoute1and2\": \"C1\",\n        \"carrierRoute3and4\": \"<integer>\",\n        \"homePhoneNumber\": \"123-456-9990\",\n        \"homeFaxPhoneNumber\": \"223-456-7890\",\n        \"mobilePhoneNumber\": \"323-456-7890\",\n        \"dateOfBirth\": \"<date>\",\n        \"driverLicenseNumber\": \"<string>\",\n        \"driverLicenseState\": \"<string>\",\n        \"driverLicenseCountry\": \"<string>\",\n        \"identificationNumberFlag\": 2,\n        \"identificationNumber\": \"123456789\",\n        \"dateOfFile\": \"<date>\",\n        \"statementMessageIndicator\": 0,\n        \"employerName\": \"Milton\",\n        \"employerAddress1\": \"EMP ADDR L1\",\n        \"employerAddress2\": \"EMP ADDR L1\",\n        \"employerPhoneNumber\": \"123-456-7890\",\n        \"employerExtensionPhoneNumber\": \"123456\",\n        \"employerPhoneFlag\": 1,\n        \"position\": \"CEO\",\n        \"relativeName\": \"Relative Name\",\n        \"numberOfDependents\": \"<integer>\",\n        \"email\": \"ABC.DEF@yahoo.com\",\n        \"memo1\": \"Memo 1\",\n        \"memo2\": \"Memo 2\",\n        \"user1\": \"U1\",\n        \"user2\": \"U2\",\n        \"user3\": \"U323323\",\n        \"user4\": \"U\",\n        \"user5\": \"U\",\n        \"user6\": \"U6\",\n        \"user7\": \"U7\",\n        \"user8\": \"U8\",\n        \"user9\": \"U9\",\n        \"user10\": \"2011031\",\n        \"user11\": \"2011031\",\n        \"user12\": \"U12\",\n        \"user13\": \"U13\",\n        \"user14\": \"U14\",\n        \"user15\": \"U15\",\n        \"demographic1\": \"USER DEMO 1\",\n        \"demographic2\": \"USER DEMO 2\",\n        \"demographic3\": \"USER DEMO 3\",\n        \"homePhoneFlag\": 1,\n        \"faxPhoneFlag\": 1,\n        \"mobilePhoneFlag\": 1,\n        \"emailFlag\": 1,\n        \"smsFlag\": 1,\n        \"lastName\": \"Gonzalez\",\n        \"middleName\": \"Pedro\",\n        \"firstName\": \"Juan\",\n        \"suffix\": \"Sr\",\n        \"county\": \"Orange\"\n      }\n    }\n  },\n  \"resvData\": {\n    \"reservedCode1\": \"<string>\",\n    \"reservedCode2\": \"<string>\",\n    \"reservedCode3\": \"<string>\",\n    \"reservedCode4\": \"<string>\",\n    \"reservedCode5\": \"<string>\",\n    \"reservedDate1\": \"<date>\",\n    \"reservedDate2\": \"<date>\",\n    \"reservedDate3\": \"<date>\",\n    \"reservedDate4\": \"<date>\",\n    \"reservedDate5\": \"<date>\",\n    \"reservedAmt1\": \"<number>\",\n    \"reservedAmt2\": \"<number>\",\n    \"reservedAmt3\": \"<number>\",\n    \"reservedAmt4\": \"<number>\",\n    \"reservedAmt5\": \"<number>\"\n  }\n}","options":{"raw":{"language":"json"}}}},"status":"Unauthorized","code":401,"header":[{"key":"Content-Type","value":"text/plain"}],"body":"","cookie":[],"_postman_previewlanguage":"text"},{"id":"a1815712-9712-4f19-a272-b73fa38d1078","name":"Forbidden","originalRequest":{"url":{"path":["customer",""],"host":["{{baseUrl}}"],"query":[],"variable":[]},"header":[{"disabled":false,"description":"(Required) API Key","key":"apikey","value":"<string>"},{"disabled":false,"description":"(Required) Client ID","key":"X-ClientID","value":"00970"}],"method":"POST","body":{"mode":"raw","raw":"{\n  \"customerData\": {\n    \"customerKeyData\": {\n      \"accountNumber\": \"9999995020000600000\",\n      \"customerNumber\": \"4513074002573466111\",\n      \"organizationNumber\": 807,\n      \"coOwnerIndicator\": 1,\n      \"dualFlag\": \"0\"\n    },\n    \"customerMiscellaneousData\": {\n      \"vipStatus\": 1,\n      \"sicCode\": 123456,\n      \"status\": \"9\"\n    },\n    \"ownerCoOwnerData\": {\n      \"ownerData\": {\n        \"postalCode\": \"12345679\",\n        \"maritalStatus\": \"1\",\n        \"nameLine1\": \"<string>\",\n        \"nameTypeIndicator1\": 0,\n        \"nameLine2\": \"OWN NAME L2 TEST9\",\n        \"nameTypeIndicator2\": 1,\n        \"nameLine3\": \"OWN NAME L3\",\n        \"nameTypeIndicator3\": 1,\n        \"houseNumber\": \"12349\",\n        \"houseName\": \"Could be apartment's name\",\n        \"houseAddress1\": \"OWN ADDR L19\",\n        \"houseAddress2\": \"OWN ADDR L29\",\n        \"houseAddress3\": \"OWN ADDR L39\",\n        \"houseAddress4\": \"OWN ADDR L49\",\n        \"city\": \"Sunshine\",\n        \"state\": \"FL\",\n        \"countryCode\": \"USA\",\n        \"ownOrRentResidenceFlag\": 2,\n        \"foreignIndicator\": \"A\",\n        \"languageIndicator\": \"ENG\",\n        \"mailingList\": \"1\",\n        \"contactIndicator\": \"<integer>\",\n        \"genderCode\": 1,\n        \"carrierRoute1and2\": \"C1\",\n        \"carrierRoute3and4\": \"<integer>\",\n        \"homePhoneNumber\": \"123-456-9990\",\n        \"homeFaxPhoneNumber\": \"223-456-7890\",\n        \"mobilePhoneNumber\": \"323-456-7890\",\n        \"dateOfBirth\": \"<date>\",\n        \"driverLicenseNumber\": \"123421\",\n        \"driverLicenseState\": \"<string>\",\n        \"driverLicenseCountry\": \"<string>\",\n        \"identificationNumberFlag\": 2,\n        \"identificationNumber\": \"123456789\",\n        \"dateOfFile\": \"<date>\",\n        \"statementMessageIndicator\": 1,\n        \"employerName\": \"Milton\",\n        \"employerAddress1\": \"EMP ADDR L1\",\n        \"employerAddress2\": \"EMP ADDR L2\",\n        \"employerPhoneNumber\": \"123-456-7890\",\n        \"employerExtensionPhoneNumber\": \"123456\",\n        \"employerPhoneFlag\": 1,\n        \"position\": \"CEO\",\n        \"relativeName\": \"Relative Name\",\n        \"numberOfDependents\": \"<integer>\",\n        \"email\": \"ABC.DEF@yahoo.com\",\n        \"memo1\": \"Memo 1\",\n        \"memo2\": \"Memo 2\",\n        \"user1\": \"U1\",\n        \"user2\": \"U2\",\n        \"user3\": \"U323323\",\n        \"user4\": \"U\",\n        \"user5\": \"U\",\n        \"user6\": \"U6\",\n        \"user7\": \"U7\",\n        \"user8\": \"U8\",\n        \"user9\": \"U9\",\n        \"user10\": \"2011031\",\n        \"user11\": \"2011032\",\n        \"user12\": \"U12\",\n        \"user13\": \"U13\",\n        \"user14\": \"U14\",\n        \"user15\": \"U15\",\n        \"demographic1\": \"USER DEMO 1\",\n        \"demographic2\": \"USER DEMO 2\",\n        \"demographic3\": \"USER DEMO 3\",\n        \"homePhoneFlag\": 1,\n        \"faxPhoneFlag\": 1,\n        \"mobilePhoneFlag\": 1,\n        \"emailFlag\": 1,\n        \"smsFlag\": 1,\n        \"lastName\": \"Gonzalez\",\n        \"middleName\": \"Pedro\",\n        \"firstName\": \"Juan\",\n        \"suffix\": \"Sr\",\n        \"county\": \"Orange\"\n      },\n      \"coOwnerData\": {\n        \"postalCode\": \"12345679\",\n        \"maritalStatus\": \"1\",\n        \"nameLine1\": \"OWN NAME L2 TEST9\",\n        \"nameTypeIndicator1\": 0,\n        \"nameLine2\": \"OWN NAME L2 TEST9\",\n        \"nameTypeIndicator2\": 0,\n        \"nameLine3\": \"OWN NAME L3\",\n        \"nameTypeIndicator3\": 0,\n        \"houseNumber\": \"12349\",\n        \"houseName\": \"LILY RESIDENCE\",\n        \"houseAddress1\": \"OWN ADDR L19\",\n        \"houseAddress2\": \"OWN ADDR L19\",\n        \"houseAddress3\": \"OWN ADDR L19\",\n        \"houseAddress4\": \"OWN ADDR L19\",\n        \"city\": \"Sunshine\",\n        \"state\": \"FL\",\n        \"countryCode\": \"USA\",\n        \"ownOrRentResidenceFlag\": 2,\n        \"foreignIndicator\": \"A\",\n        \"languageIndicator\": \"ENG\",\n        \"mailingList\": \"1\",\n        \"contactIndicator\": 2,\n        \"genderCode\": 1,\n        \"carrierRoute1and2\": \"C1\",\n        \"carrierRoute3and4\": \"<integer>\",\n        \"homePhoneNumber\": \"123-456-9990\",\n        \"homeFaxPhoneNumber\": \"223-456-7890\",\n        \"mobilePhoneNumber\": \"323-456-7890\",\n        \"dateOfBirth\": \"<date>\",\n        \"driverLicenseNumber\": \"<string>\",\n        \"driverLicenseState\": \"<string>\",\n        \"driverLicenseCountry\": \"<string>\",\n        \"identificationNumberFlag\": 2,\n        \"identificationNumber\": \"123456789\",\n        \"dateOfFile\": \"<date>\",\n        \"statementMessageIndicator\": 0,\n        \"employerName\": \"Milton\",\n        \"employerAddress1\": \"EMP ADDR L1\",\n        \"employerAddress2\": \"EMP ADDR L1\",\n        \"employerPhoneNumber\": \"123-456-7890\",\n        \"employerExtensionPhoneNumber\": \"123456\",\n        \"employerPhoneFlag\": 1,\n        \"position\": \"CEO\",\n        \"relativeName\": \"Relative Name\",\n        \"numberOfDependents\": \"<integer>\",\n        \"email\": \"ABC.DEF@yahoo.com\",\n        \"memo1\": \"Memo 1\",\n        \"memo2\": \"Memo 2\",\n        \"user1\": \"U1\",\n        \"user2\": \"U2\",\n        \"user3\": \"U323323\",\n        \"user4\": \"U\",\n        \"user5\": \"U\",\n        \"user6\": \"U6\",\n        \"user7\": \"U7\",\n        \"user8\": \"U8\",\n        \"user9\": \"U9\",\n        \"user10\": \"2011031\",\n        \"user11\": \"2011031\",\n        \"user12\": \"U12\",\n        \"user13\": \"U13\",\n        \"user14\": \"U14\",\n        \"user15\": \"U15\",\n        \"demographic1\": \"USER DEMO 1\",\n        \"demographic2\": \"USER DEMO 2\",\n        \"demographic3\": \"USER DEMO 3\",\n        \"homePhoneFlag\": 1,\n        \"faxPhoneFlag\": 1,\n        \"mobilePhoneFlag\": 1,\n        \"emailFlag\": 1,\n        \"smsFlag\": 1,\n        \"lastName\": \"Gonzalez\",\n        \"middleName\": \"Pedro\",\n        \"firstName\": \"Juan\",\n        \"suffix\": \"Sr\",\n        \"county\": \"Orange\"\n      }\n    }\n  },\n  \"resvData\": {\n    \"reservedCode1\": \"<string>\",\n    \"reservedCode2\": \"<string>\",\n    \"reservedCode3\": \"<string>\",\n    \"reservedCode4\": \"<string>\",\n    \"reservedCode5\": \"<string>\",\n    \"reservedDate1\": \"<date>\",\n    \"reservedDate2\": \"<date>\",\n    \"reservedDate3\": \"<date>\",\n    \"reservedDate4\": \"<date>\",\n    \"reservedDate5\": \"<date>\",\n    \"reservedAmt1\": \"<number>\",\n    \"reservedAmt2\": \"<number>\",\n    \"reservedAmt3\": \"<number>\",\n    \"reservedAmt4\": \"<number>\",\n    \"reservedAmt5\": \"<number>\"\n  }\n}","options":{"raw":{"language":"json"}}}},"status":"Forbidden","code":403,"header":[{"key":"Content-Type","value":"text/plain"}],"body":"","cookie":[],"_postman_previewlanguage":"text"},{"id":"a548c8ea-1095-421f-9bd5-653259296b8f","name":"Not Found","originalRequest":{"url":{"path":["customer",""],"host":["{{baseUrl}}"],"query":[],"variable":[]},"header":[{"disabled":false,"description":"(Required) API Key","key":"apikey","value":"<string>"},{"disabled":false,"description":"(Required) Client ID","key":"X-ClientID","value":"00970"}],"method":"POST","body":{"mode":"raw","raw":"{\n  \"customerData\": {\n    \"customerKeyData\": {\n      \"accountNumber\": \"9999995020000600000\",\n      \"customerNumber\": \"4513074002573466111\",\n      \"organizationNumber\": 807,\n      \"coOwnerIndicator\": 1,\n      \"dualFlag\": \"0\"\n    },\n    \"customerMiscellaneousData\": {\n      \"vipStatus\": 1,\n      \"sicCode\": 123456,\n      \"status\": \"9\"\n    },\n    \"ownerCoOwnerData\": {\n      \"ownerData\": {\n        \"postalCode\": \"12345679\",\n        \"maritalStatus\": \"1\",\n        \"nameLine1\": \"<string>\",\n        \"nameTypeIndicator1\": 0,\n        \"nameLine2\": \"OWN NAME L2 TEST9\",\n        \"nameTypeIndicator2\": 1,\n        \"nameLine3\": \"OWN NAME L3\",\n        \"nameTypeIndicator3\": 1,\n        \"houseNumber\": \"12349\",\n        \"houseName\": \"Could be apartment's name\",\n        \"houseAddress1\": \"OWN ADDR L19\",\n        \"houseAddress2\": \"OWN ADDR L29\",\n        \"houseAddress3\": \"OWN ADDR L39\",\n        \"houseAddress4\": \"OWN ADDR L49\",\n        \"city\": \"Sunshine\",\n        \"state\": \"FL\",\n        \"countryCode\": \"USA\",\n        \"ownOrRentResidenceFlag\": 2,\n        \"foreignIndicator\": \"A\",\n        \"languageIndicator\": \"ENG\",\n        \"mailingList\": \"1\",\n        \"contactIndicator\": \"<integer>\",\n        \"genderCode\": 1,\n        \"carrierRoute1and2\": \"C1\",\n        \"carrierRoute3and4\": \"<integer>\",\n        \"homePhoneNumber\": \"123-456-9990\",\n        \"homeFaxPhoneNumber\": \"223-456-7890\",\n        \"mobilePhoneNumber\": \"323-456-7890\",\n        \"dateOfBirth\": \"<date>\",\n        \"driverLicenseNumber\": \"123421\",\n        \"driverLicenseState\": \"<string>\",\n        \"driverLicenseCountry\": \"<string>\",\n        \"identificationNumberFlag\": 2,\n        \"identificationNumber\": \"123456789\",\n        \"dateOfFile\": \"<date>\",\n        \"statementMessageIndicator\": 1,\n        \"employerName\": \"Milton\",\n        \"employerAddress1\": \"EMP ADDR L1\",\n        \"employerAddress2\": \"EMP ADDR L2\",\n        \"employerPhoneNumber\": \"123-456-7890\",\n        \"employerExtensionPhoneNumber\": \"123456\",\n        \"employerPhoneFlag\": 1,\n        \"position\": \"CEO\",\n        \"relativeName\": \"Relative Name\",\n        \"numberOfDependents\": \"<integer>\",\n        \"email\": \"ABC.DEF@yahoo.com\",\n        \"memo1\": \"Memo 1\",\n        \"memo2\": \"Memo 2\",\n        \"user1\": \"U1\",\n        \"user2\": \"U2\",\n        \"user3\": \"U323323\",\n        \"user4\": \"U\",\n        \"user5\": \"U\",\n        \"user6\": \"U6\",\n        \"user7\": \"U7\",\n        \"user8\": \"U8\",\n        \"user9\": \"U9\",\n        \"user10\": \"2011031\",\n        \"user11\": \"2011032\",\n        \"user12\": \"U12\",\n        \"user13\": \"U13\",\n        \"user14\": \"U14\",\n        \"user15\": \"U15\",\n        \"demographic1\": \"USER DEMO 1\",\n        \"demographic2\": \"USER DEMO 2\",\n        \"demographic3\": \"USER DEMO 3\",\n        \"homePhoneFlag\": 1,\n        \"faxPhoneFlag\": 1,\n        \"mobilePhoneFlag\": 1,\n        \"emailFlag\": 1,\n        \"smsFlag\": 1,\n        \"lastName\": \"Gonzalez\",\n        \"middleName\": \"Pedro\",\n        \"firstName\": \"Juan\",\n        \"suffix\": \"Sr\",\n        \"county\": \"Orange\"\n      },\n      \"coOwnerData\": {\n        \"postalCode\": \"12345679\",\n        \"maritalStatus\": \"1\",\n        \"nameLine1\": \"OWN NAME L2 TEST9\",\n        \"nameTypeIndicator1\": 0,\n        \"nameLine2\": \"OWN NAME L2 TEST9\",\n        \"nameTypeIndicator2\": 0,\n        \"nameLine3\": \"OWN NAME L3\",\n        \"nameTypeIndicator3\": 0,\n        \"houseNumber\": \"12349\",\n        \"houseName\": \"LILY RESIDENCE\",\n        \"houseAddress1\": \"OWN ADDR L19\",\n        \"houseAddress2\": \"OWN ADDR L19\",\n        \"houseAddress3\": \"OWN ADDR L19\",\n        \"houseAddress4\": \"OWN ADDR L19\",\n        \"city\": \"Sunshine\",\n        \"state\": \"FL\",\n        \"countryCode\": \"USA\",\n        \"ownOrRentResidenceFlag\": 2,\n        \"foreignIndicator\": \"A\",\n        \"languageIndicator\": \"ENG\",\n        \"mailingList\": \"1\",\n        \"contactIndicator\": 2,\n        \"genderCode\": 1,\n        \"carrierRoute1and2\": \"C1\",\n        \"carrierRoute3and4\": \"<integer>\",\n        \"homePhoneNumber\": \"123-456-9990\",\n        \"homeFaxPhoneNumber\": \"223-456-7890\",\n        \"mobilePhoneNumber\": \"323-456-7890\",\n        \"dateOfBirth\": \"<date>\",\n        \"driverLicenseNumber\": \"<string>\",\n        \"driverLicenseState\": \"<string>\",\n        \"driverLicenseCountry\": \"<string>\",\n        \"identificationNumberFlag\": 2,\n        \"identificationNumber\": \"123456789\",\n        \"dateOfFile\": \"<date>\",\n        \"statementMessageIndicator\": 0,\n        \"employerName\": \"Milton\",\n        \"employerAddress1\": \"EMP ADDR L1\",\n        \"employerAddress2\": \"EMP ADDR L1\",\n        \"employerPhoneNumber\": \"123-456-7890\",\n        \"employerExtensionPhoneNumber\": \"123456\",\n        \"employerPhoneFlag\": 1,\n        \"position\": \"CEO\",\n        \"relativeName\": \"Relative Name\",\n        \"numberOfDependents\": \"<integer>\",\n        \"email\": \"ABC.DEF@yahoo.com\",\n        \"memo1\": \"Memo 1\",\n        \"memo2\": \"Memo 2\",\n        \"user1\": \"U1\",\n        \"user2\": \"U2\",\n        \"user3\": \"U323323\",\n        \"user4\": \"U\",\n        \"user5\": \"U\",\n        \"user6\": \"U6\",\n        \"user7\": \"U7\",\n        \"user8\": \"U8\",\n        \"user9\": \"U9\",\n        \"user10\": \"2011031\",\n        \"user11\": \"2011031\",\n        \"user12\": \"U12\",\n        \"user13\": \"U13\",\n        \"user14\": \"U14\",\n        \"user15\": \"U15\",\n        \"demographic1\": \"USER DEMO 1\",\n        \"demographic2\": \"USER DEMO 2\",\n        \"demographic3\": \"USER DEMO 3\",\n        \"homePhoneFlag\": 1,\n        \"faxPhoneFlag\": 1,\n        \"mobilePhoneFlag\": 1,\n        \"emailFlag\": 1,\n        \"smsFlag\": 1,\n        \"lastName\": \"Gonzalez\",\n        \"middleName\": \"Pedro\",\n        \"firstName\": \"Juan\",\n        \"suffix\": \"Sr\",\n        \"county\": \"Orange\"\n      }\n    }\n  },\n  \"resvData\": {\n    \"reservedCode1\": \"<string>\",\n    \"reservedCode2\": \"<string>\",\n    \"reservedCode3\": \"<string>\",\n    \"reservedCode4\": \"<string>\",\n    \"reservedCode5\": \"<string>\",\n    \"reservedDate1\": \"<date>\",\n    \"reservedDate2\": \"<date>\",\n    \"reservedDate3\": \"<date>\",\n    \"reservedDate4\": \"<date>\",\n    \"reservedDate5\": \"<date>\",\n    \"reservedAmt1\": \"<number>\",\n    \"reservedAmt2\": \"<number>\",\n    \"reservedAmt3\": \"<number>\",\n    \"reservedAmt4\": \"<number>\",\n    \"reservedAmt5\": \"<number>\"\n  }\n}","options":{"raw":{"language":"json"}}}},"status":"Not Found","code":404,"header":[{"key":"Content-Type","value":"text/plain"}],"body":"","cookie":[],"_postman_previewlanguage":"text"},{"id":"0f2a6769-b9c6-46db-9b13-a00d7f90e732","name":"Method Not Allowed","originalRequest":{"url":{"path":["customer",""],"host":["{{baseUrl}}"],"query":[],"variable":[]},"header":[{"disabled":false,"description":"(Required) API Key","key":"apikey","value":"<string>"},{"disabled":false,"description":"(Required) Client ID","key":"X-ClientID","value":"00970"}],"method":"POST","body":{"mode":"raw","raw":"{\n  \"customerData\": {\n    \"customerKeyData\": {\n      \"accountNumber\": \"9999995020000600000\",\n      \"customerNumber\": \"4513074002573466111\",\n      \"organizationNumber\": 807,\n      \"coOwnerIndicator\": 1,\n      \"dualFlag\": \"0\"\n    },\n    \"customerMiscellaneousData\": {\n      \"vipStatus\": 1,\n      \"sicCode\": 123456,\n      \"status\": \"9\"\n    },\n    \"ownerCoOwnerData\": {\n      \"ownerData\": {\n        \"postalCode\": \"12345679\",\n        \"maritalStatus\": \"1\",\n        \"nameLine1\": \"<string>\",\n        \"nameTypeIndicator1\": 0,\n        \"nameLine2\": \"OWN NAME L2 TEST9\",\n        \"nameTypeIndicator2\": 1,\n        \"nameLine3\": \"OWN NAME L3\",\n        \"nameTypeIndicator3\": 1,\n        \"houseNumber\": \"12349\",\n        \"houseName\": \"Could be apartment's name\",\n        \"houseAddress1\": \"OWN ADDR L19\",\n        \"houseAddress2\": \"OWN ADDR L29\",\n        \"houseAddress3\": \"OWN ADDR L39\",\n        \"houseAddress4\": \"OWN ADDR L49\",\n        \"city\": \"Sunshine\",\n        \"state\": \"FL\",\n        \"countryCode\": \"USA\",\n        \"ownOrRentResidenceFlag\": 2,\n        \"foreignIndicator\": \"A\",\n        \"languageIndicator\": \"ENG\",\n        \"mailingList\": \"1\",\n        \"contactIndicator\": \"<integer>\",\n        \"genderCode\": 1,\n        \"carrierRoute1and2\": \"C1\",\n        \"carrierRoute3and4\": \"<integer>\",\n        \"homePhoneNumber\": \"123-456-9990\",\n        \"homeFaxPhoneNumber\": \"223-456-7890\",\n        \"mobilePhoneNumber\": \"323-456-7890\",\n        \"dateOfBirth\": \"<date>\",\n        \"driverLicenseNumber\": \"123421\",\n        \"driverLicenseState\": \"<string>\",\n        \"driverLicenseCountry\": \"<string>\",\n        \"identificationNumberFlag\": 2,\n        \"identificationNumber\": \"123456789\",\n        \"dateOfFile\": \"<date>\",\n        \"statementMessageIndicator\": 1,\n        \"employerName\": \"Milton\",\n        \"employerAddress1\": \"EMP ADDR L1\",\n        \"employerAddress2\": \"EMP ADDR L2\",\n        \"employerPhoneNumber\": \"123-456-7890\",\n        \"employerExtensionPhoneNumber\": \"123456\",\n        \"employerPhoneFlag\": 1,\n        \"position\": \"CEO\",\n        \"relativeName\": \"Relative Name\",\n        \"numberOfDependents\": \"<integer>\",\n        \"email\": \"ABC.DEF@yahoo.com\",\n        \"memo1\": \"Memo 1\",\n        \"memo2\": \"Memo 2\",\n        \"user1\": \"U1\",\n        \"user2\": \"U2\",\n        \"user3\": \"U323323\",\n        \"user4\": \"U\",\n        \"user5\": \"U\",\n        \"user6\": \"U6\",\n        \"user7\": \"U7\",\n        \"user8\": \"U8\",\n        \"user9\": \"U9\",\n        \"user10\": \"2011031\",\n        \"user11\": \"2011032\",\n        \"user12\": \"U12\",\n        \"user13\": \"U13\",\n        \"user14\": \"U14\",\n        \"user15\": \"U15\",\n        \"demographic1\": \"USER DEMO 1\",\n        \"demographic2\": \"USER DEMO 2\",\n        \"demographic3\": \"USER DEMO 3\",\n        \"homePhoneFlag\": 1,\n        \"faxPhoneFlag\": 1,\n        \"mobilePhoneFlag\": 1,\n        \"emailFlag\": 1,\n        \"smsFlag\": 1,\n        \"lastName\": \"Gonzalez\",\n        \"middleName\": \"Pedro\",\n        \"firstName\": \"Juan\",\n        \"suffix\": \"Sr\",\n        \"county\": \"Orange\"\n      },\n      \"coOwnerData\": {\n        \"postalCode\": \"12345679\",\n        \"maritalStatus\": \"1\",\n        \"nameLine1\": \"OWN NAME L2 TEST9\",\n        \"nameTypeIndicator1\": 0,\n        \"nameLine2\": \"OWN NAME L2 TEST9\",\n        \"nameTypeIndicator2\": 0,\n        \"nameLine3\": \"OWN NAME L3\",\n        \"nameTypeIndicator3\": 0,\n        \"houseNumber\": \"12349\",\n        \"houseName\": \"LILY RESIDENCE\",\n        \"houseAddress1\": \"OWN ADDR L19\",\n        \"houseAddress2\": \"OWN ADDR L19\",\n        \"houseAddress3\": \"OWN ADDR L19\",\n        \"houseAddress4\": \"OWN ADDR L19\",\n        \"city\": \"Sunshine\",\n        \"state\": \"FL\",\n        \"countryCode\": \"USA\",\n        \"ownOrRentResidenceFlag\": 2,\n        \"foreignIndicator\": \"A\",\n        \"languageIndicator\": \"ENG\",\n        \"mailingList\": \"1\",\n        \"contactIndicator\": 2,\n        \"genderCode\": 1,\n        \"carrierRoute1and2\": \"C1\",\n        \"carrierRoute3and4\": \"<integer>\",\n        \"homePhoneNumber\": \"123-456-9990\",\n        \"homeFaxPhoneNumber\": \"223-456-7890\",\n        \"mobilePhoneNumber\": \"323-456-7890\",\n        \"dateOfBirth\": \"<date>\",\n        \"driverLicenseNumber\": \"<string>\",\n        \"driverLicenseState\": \"<string>\",\n        \"driverLicenseCountry\": \"<string>\",\n        \"identificationNumberFlag\": 2,\n        \"identificationNumber\": \"123456789\",\n        \"dateOfFile\": \"<date>\",\n        \"statementMessageIndicator\": 0,\n        \"employerName\": \"Milton\",\n        \"employerAddress1\": \"EMP ADDR L1\",\n        \"employerAddress2\": \"EMP ADDR L1\",\n        \"employerPhoneNumber\": \"123-456-7890\",\n        \"employerExtensionPhoneNumber\": \"123456\",\n        \"employerPhoneFlag\": 1,\n        \"position\": \"CEO\",\n        \"relativeName\": \"Relative Name\",\n        \"numberOfDependents\": \"<integer>\",\n        \"email\": \"ABC.DEF@yahoo.com\",\n        \"memo1\": \"Memo 1\",\n        \"memo2\": \"Memo 2\",\n        \"user1\": \"U1\",\n        \"user2\": \"U2\",\n        \"user3\": \"U323323\",\n        \"user4\": \"U\",\n        \"user5\": \"U\",\n        \"user6\": \"U6\",\n        \"user7\": \"U7\",\n        \"user8\": \"U8\",\n        \"user9\": \"U9\",\n        \"user10\": \"2011031\",\n        \"user11\": \"2011031\",\n        \"user12\": \"U12\",\n        \"user13\": \"U13\",\n        \"user14\": \"U14\",\n        \"user15\": \"U15\",\n        \"demographic1\": \"USER DEMO 1\",\n        \"demographic2\": \"USER DEMO 2\",\n        \"demographic3\": \"USER DEMO 3\",\n        \"homePhoneFlag\": 1,\n        \"faxPhoneFlag\": 1,\n        \"mobilePhoneFlag\": 1,\n        \"emailFlag\": 1,\n        \"smsFlag\": 1,\n        \"lastName\": \"Gonzalez\",\n        \"middleName\": \"Pedro\",\n        \"firstName\": \"Juan\",\n        \"suffix\": \"Sr\",\n        \"county\": \"Orange\"\n      }\n    }\n  },\n  \"resvData\": {\n    \"reservedCode1\": \"<string>\",\n    \"reservedCode2\": \"<string>\",\n    \"reservedCode3\": \"<string>\",\n    \"reservedCode4\": \"<string>\",\n    \"reservedCode5\": \"<string>\",\n    \"reservedDate1\": \"<date>\",\n    \"reservedDate2\": \"<date>\",\n    \"reservedDate3\": \"<date>\",\n    \"reservedDate4\": \"<date>\",\n    \"reservedDate5\": \"<date>\",\n    \"reservedAmt1\": \"<number>\",\n    \"reservedAmt2\": \"<number>\",\n    \"reservedAmt3\": \"<number>\",\n    \"reservedAmt4\": \"<number>\",\n    \"reservedAmt5\": \"<number>\"\n  }\n}","options":{"raw":{"language":"json"}}}},"status":"Method Not Allowed","code":405,"header":[{"key":"Content-Type","value":"text/plain"}],"body":"","cookie":[],"_postman_previewlanguage":"text"},{"id":"af19e397-4947-47b9-a0cc-637082f62b51","name":"VPL5SNA03S – N/A SERVICE INPUT AREA IS NOT OF CORRECT SIZE\nVPL5SNA04S – OWNER/CO-OWNER INDICATOR MUST BE 1 OR 2\nVPL5SNA06S – INVALID FOREIGN USE INDICATOR - MUST BE 0 OR 1 ONLY\nVPL5SNA07S – CONFLICTING ORG AND ACCOUNT DATA WAS PASSED TO THE SERVICE\nVPL5SNA08S – CONFLICTING ORG, ACCOUNT, AND CUSTOMER DATA PASSED TO THE SERVICE\nVPL5SNA09S – NO ORG, ACCOUNT, OR CUSTOMER DATA WAS PASSED TO THE SERVICE\nVPL5SNA10S – DUAL NOT ALLOWED FOR THIS ORG\nVPL5SNA11S – THE NUMBER GENERATION SERVICE FAILED\nVPL5SNA12S – LOCAL CUSTOMER NUMBER ALREADY EXISTS\nVPL5SNA13S – FOREIGN CUSTOMER NUMBER EXISTS\nVPL5SNA14S – ACCOUNT/EMBOSSER ORG NOT FOUND\nVPL5SNA15S – FOREIGN ORG NUMBER NOT FOUND\nVPL5SNA16S – CUSTOMER ORG NOT FOUND\nVPL5SNA17S – CUSTOMER ORG NOT FOUND\nVPL5SNA18S – CUSTOMER NUMBER PROVIDED NOT VALID FOR CUSTOMER ORG\nVPL5SNA19S – ORG NUMBER MUST BE NUMERIC AND VALID VALUES ARE 001-998\nVPL5SNA20S – CUSTOMER ORG NOT FOUND\nVPL5SNA21S – FOREIGN ORG NUMBER NOT FOUND\nVPL5SNA22S – CUSTOMER ORG NOT FOUND\nVPL5SNA23S – CUSTOMER NUMBER PROVIDED NOT VALID FOR CUSTOMER ORG\nVPL5SNA24S – LOCAL CUSTOMER NUMBER ALREADY EXISTS\nVPL5SNA25S – FOREIGN CUSTOMER NUMBER EXISTS\nVPL5SNA26S – CUSTOMER NUMBER ALREADY EXISTS ON RELATIONSHIP FILE\nVPL5SNA27S – CUSTOMER NUMBER ALREADY EXISTS ON DUAL RELATIONSHIP FILE\nVPL5SNA28S – VIP STATUS INVALID - VALUES 0 OR 1 ONLY\nVPL5SNA29S – SIC CODE MUST BE NUMERIC\nVPL5SNA30S – TAX IDENTIFICATION FLAG INVALID - 0, 1 OR 2 ONLY\nVPL5SNA31S – TAX-ID NBR POSITIONS 1-9 MUST BE NUMERIC WHEN TAX-ID FLAG IS 0\nVPL5SNA32S - PHONE FLAG INVALID - 0, 1 OR 2 ONLY\nVPL5SNA33S – COUNTRY CODE INVALID\nVPL5SNA34S – POSTAL CODE FORMAT INVALID\nVPL5SNA35S – MARITAL STATUS INVALID - MUST BE 0 THROUGH 4 ONLY\nVPL5SNA36S – RESIDENCE FLAG INVALID - 0, 1, 2 OR 3 ONLY\nVPL5SNA37S – CARRIER ROUTE INVALID FORMAT - LAST 2 CHARACTERS MUST BE NUMERIC\nVPL5SNA38S – DATE-OF-BIRTH CANNOT BE A FUTURE DATE\nVPL5SNA39S – DATE-OF-BIRTH IS INVALID\nVPL5SNA40S – 1099C DATE FILED CANNOT BE A FUTURE DATE\nVPL5SNA41S – 1099C DATE FILED IS INVALID\nVPL5SNA42S – NUMBER OF DEPENDENTS NOT NUMERIC\nVPL5SNA43S – STATEMENT MESSAGE INDICATOR NOT NUMERIC\nVPL5SNA44S – USER-10 DATE IS INVALID\nVPL5SNA45S – USER-11 DATE IS INVALID\nVPL5SNA46S – NAME TYPE INDICATOR 1 INVALID - 0, 1, OR 3 ONLY\nVPL5SNA47S – NAME TYPE INDICATOR 2 INVALID - 0, 1, OR 3 ONLY\nVPL5SNA48S – NAME TYPE INDICATOR 3 INVALID - 0, 1, OR 3 ONLY\nVPL5SNA49S – CONTACT INDICATOR MUST BE NUMERIC\nVPL5SNA50S – DUAL ORG NUMBER NOT FOUND\nVPL5SNA51S – DUAL INDICATOR - CHECK-DIGIT CUST NUMBER REQUIRED FOR FOREIGN ORG\nVPL5SNA52S – ORG COULD NOT BE DERIVED FROM EITHER CUST OR ACCT NBR PROVIDED\nVPL5SNA53S – ORG NUMBER NOT FOUND\nVPL5SNA56S – CUSTOMER NUMBER CHECK-DIGIT IS INVALID\nVPL5SNA57S – GENDER CODE INVALID - 0, 1 OR 2 ONLY\nVPL5SNA58S – FAX PHONE FLAG INVALID - 0, 1 OR 2 ONLY\nVPL5SNA59S – HOME PHONE FLAG INVALID - 0, 1 OR 2 ONLY\nVPL5SNA60S – MOBILE PHONE FLAG INVALID - 0, 1 OR 2 ONLY\nVPL5SNA61S – EMAIL FLAG INVALID - 0, 1 OR 2 ONLY\nVPL5SNA62S – SMS FLAG INVALID - 0 OR 1 ONLY","originalRequest":{"url":{"path":["customer",""],"host":["{{baseUrl}}"],"query":[],"variable":[]},"header":[{"disabled":false,"description":"(Required) API Key","key":"apikey","value":"<string>"},{"disabled":false,"description":"(Required) Client ID","key":"X-ClientID","value":"00970"},{"key":"Accept","value":"application/json"}],"method":"POST","body":{"mode":"raw","raw":"{\n  \"customerData\": {\n    \"customerKeyData\": {\n      \"accountNumber\": \"9999995020000600000\",\n      \"customerNumber\": \"4513074002573466111\",\n      \"organizationNumber\": 807,\n      \"coOwnerIndicator\": 1,\n      \"dualFlag\": \"0\"\n    },\n    \"customerMiscellaneousData\": {\n      \"vipStatus\": 1,\n      \"sicCode\": 123456,\n      \"status\": \"9\"\n    },\n    \"ownerCoOwnerData\": {\n      \"ownerData\": {\n        \"postalCode\": \"12345679\",\n        \"maritalStatus\": \"1\",\n        \"nameLine1\": \"<string>\",\n        \"nameTypeIndicator1\": 0,\n        \"nameLine2\": \"OWN NAME L2 TEST9\",\n        \"nameTypeIndicator2\": 1,\n        \"nameLine3\": \"OWN NAME L3\",\n        \"nameTypeIndicator3\": 1,\n        \"houseNumber\": \"12349\",\n        \"houseName\": \"Could be apartment's name\",\n        \"houseAddress1\": \"OWN ADDR L19\",\n        \"houseAddress2\": \"OWN ADDR L29\",\n        \"houseAddress3\": \"OWN ADDR L39\",\n        \"houseAddress4\": \"OWN ADDR L49\",\n        \"city\": \"Sunshine\",\n        \"state\": \"FL\",\n        \"countryCode\": \"USA\",\n        \"ownOrRentResidenceFlag\": 2,\n        \"foreignIndicator\": \"A\",\n        \"languageIndicator\": \"ENG\",\n        \"mailingList\": \"1\",\n        \"contactIndicator\": \"<integer>\",\n        \"genderCode\": 1,\n        \"carrierRoute1and2\": \"C1\",\n        \"carrierRoute3and4\": \"<integer>\",\n        \"homePhoneNumber\": \"123-456-9990\",\n        \"homeFaxPhoneNumber\": \"223-456-7890\",\n        \"mobilePhoneNumber\": \"323-456-7890\",\n        \"dateOfBirth\": \"<date>\",\n        \"driverLicenseNumber\": \"123421\",\n        \"driverLicenseState\": \"<string>\",\n        \"driverLicenseCountry\": \"<string>\",\n        \"identificationNumberFlag\": 2,\n        \"identificationNumber\": \"123456789\",\n        \"dateOfFile\": \"<date>\",\n        \"statementMessageIndicator\": 1,\n        \"employerName\": \"Milton\",\n        \"employerAddress1\": \"EMP ADDR L1\",\n        \"employerAddress2\": \"EMP ADDR L2\",\n        \"employerPhoneNumber\": \"123-456-7890\",\n        \"employerExtensionPhoneNumber\": \"123456\",\n        \"employerPhoneFlag\": 1,\n        \"position\": \"CEO\",\n        \"relativeName\": \"Relative Name\",\n        \"numberOfDependents\": \"<integer>\",\n        \"email\": \"ABC.DEF@yahoo.com\",\n        \"memo1\": \"Memo 1\",\n        \"memo2\": \"Memo 2\",\n        \"user1\": \"U1\",\n        \"user2\": \"U2\",\n        \"user3\": \"U323323\",\n        \"user4\": \"U\",\n        \"user5\": \"U\",\n        \"user6\": \"U6\",\n        \"user7\": \"U7\",\n        \"user8\": \"U8\",\n        \"user9\": \"U9\",\n        \"user10\": \"2011031\",\n        \"user11\": \"2011032\",\n        \"user12\": \"U12\",\n        \"user13\": \"U13\",\n        \"user14\": \"U14\",\n        \"user15\": \"U15\",\n        \"demographic1\": \"USER DEMO 1\",\n        \"demographic2\": \"USER DEMO 2\",\n        \"demographic3\": \"USER DEMO 3\",\n        \"homePhoneFlag\": 1,\n        \"faxPhoneFlag\": 1,\n        \"mobilePhoneFlag\": 1,\n        \"emailFlag\": 1,\n        \"smsFlag\": 1,\n        \"lastName\": \"Gonzalez\",\n        \"middleName\": \"Pedro\",\n        \"firstName\": \"Juan\",\n        \"suffix\": \"Sr\",\n        \"county\": \"Orange\"\n      },\n      \"coOwnerData\": {\n        \"postalCode\": \"12345679\",\n        \"maritalStatus\": \"1\",\n        \"nameLine1\": \"OWN NAME L2 TEST9\",\n        \"nameTypeIndicator1\": 0,\n        \"nameLine2\": \"OWN NAME L2 TEST9\",\n        \"nameTypeIndicator2\": 0,\n        \"nameLine3\": \"OWN NAME L3\",\n        \"nameTypeIndicator3\": 0,\n        \"houseNumber\": \"12349\",\n        \"houseName\": \"LILY RESIDENCE\",\n        \"houseAddress1\": \"OWN ADDR L19\",\n        \"houseAddress2\": \"OWN ADDR L19\",\n        \"houseAddress3\": \"OWN ADDR L19\",\n        \"houseAddress4\": \"OWN ADDR L19\",\n        \"city\": \"Sunshine\",\n        \"state\": \"FL\",\n        \"countryCode\": \"USA\",\n        \"ownOrRentResidenceFlag\": 2,\n        \"foreignIndicator\": \"A\",\n        \"languageIndicator\": \"ENG\",\n        \"mailingList\": \"1\",\n        \"contactIndicator\": 2,\n        \"genderCode\": 1,\n        \"carrierRoute1and2\": \"C1\",\n        \"carrierRoute3and4\": \"<integer>\",\n        \"homePhoneNumber\": \"123-456-9990\",\n        \"homeFaxPhoneNumber\": \"223-456-7890\",\n        \"mobilePhoneNumber\": \"323-456-7890\",\n        \"dateOfBirth\": \"<date>\",\n        \"driverLicenseNumber\": \"<string>\",\n        \"driverLicenseState\": \"<string>\",\n        \"driverLicenseCountry\": \"<string>\",\n        \"identificationNumberFlag\": 2,\n        \"identificationNumber\": \"123456789\",\n        \"dateOfFile\": \"<date>\",\n        \"statementMessageIndicator\": 0,\n        \"employerName\": \"Milton\",\n        \"employerAddress1\": \"EMP ADDR L1\",\n        \"employerAddress2\": \"EMP ADDR L1\",\n        \"employerPhoneNumber\": \"123-456-7890\",\n        \"employerExtensionPhoneNumber\": \"123456\",\n        \"employerPhoneFlag\": 1,\n        \"position\": \"CEO\",\n        \"relativeName\": \"Relative Name\",\n        \"numberOfDependents\": \"<integer>\",\n        \"email\": \"ABC.DEF@yahoo.com\",\n        \"memo1\": \"Memo 1\",\n        \"memo2\": \"Memo 2\",\n        \"user1\": \"U1\",\n        \"user2\": \"U2\",\n        \"user3\": \"U323323\",\n        \"user4\": \"U\",\n        \"user5\": \"U\",\n        \"user6\": \"U6\",\n        \"user7\": \"U7\",\n        \"user8\": \"U8\",\n        \"user9\": \"U9\",\n        \"user10\": \"2011031\",\n        \"user11\": \"2011031\",\n        \"user12\": \"U12\",\n        \"user13\": \"U13\",\n        \"user14\": \"U14\",\n        \"user15\": \"U15\",\n        \"demographic1\": \"USER DEMO 1\",\n        \"demographic2\": \"USER DEMO 2\",\n        \"demographic3\": \"USER DEMO 3\",\n        \"homePhoneFlag\": 1,\n        \"faxPhoneFlag\": 1,\n        \"mobilePhoneFlag\": 1,\n        \"emailFlag\": 1,\n        \"smsFlag\": 1,\n        \"lastName\": \"Gonzalez\",\n        \"middleName\": \"Pedro\",\n        \"firstName\": \"Juan\",\n        \"suffix\": \"Sr\",\n        \"county\": \"Orange\"\n      }\n    }\n  },\n  \"resvData\": {\n    \"reservedCode1\": \"<string>\",\n    \"reservedCode2\": \"<string>\",\n    \"reservedCode3\": \"<string>\",\n    \"reservedCode4\": \"<string>\",\n    \"reservedCode5\": \"<string>\",\n    \"reservedDate1\": \"<date>\",\n    \"reservedDate2\": \"<date>\",\n    \"reservedDate3\": \"<date>\",\n    \"reservedDate4\": \"<date>\",\n    \"reservedDate5\": \"<date>\",\n    \"reservedAmt1\": \"<number>\",\n    \"reservedAmt2\": \"<number>\",\n    \"reservedAmt3\": \"<number>\",\n    \"reservedAmt4\": \"<number>\",\n    \"reservedAmt5\": \"<number>\"\n  }\n}","options":{"raw":{"language":"json"}}}},"status":"Unprocessable Entity (WebDAV) (RFC 4918)","code":422,"header":[{"key":"Content-Type","value":"application/json"}],"body":"{\n  \"hasError\": true,\n  \"errors\": [\n    {\n      \"code\": \"occaecat veniam sit ut minim\",\n      \"description\": \"voluptate consequat\"\n    },\n    {\n      \"code\": \"dolore laborum\",\n      \"description\": \"nostrud\"\n    }\n  ],\n  \"data\": {}\n}","cookie":[],"_postman_previewlanguage":"json"},{"id":"e18dc63c-efd5-4f64-862e-6a1401d0971d","name":"Backend Error","originalRequest":{"url":{"path":["customer",""],"host":["{{baseUrl}}"],"query":[],"variable":[]},"header":[{"disabled":false,"description":"(Required) API Key","key":"apikey","value":"<string>"},{"disabled":false,"description":"(Required) Client ID","key":"X-ClientID","value":"00970"},{"key":"Accept","value":"application/json"}],"method":"POST","body":{"mode":"raw","raw":"{\n  \"customerData\": {\n    \"customerKeyData\": {\n      \"accountNumber\": \"9999995020000600000\",\n      \"customerNumber\": \"4513074002573466111\",\n      \"organizationNumber\": 807,\n      \"coOwnerIndicator\": 1,\n      \"dualFlag\": \"0\"\n    },\n    \"customerMiscellaneousData\": {\n      \"vipStatus\": 1,\n      \"sicCode\": 123456,\n      \"status\": \"9\"\n    },\n    \"ownerCoOwnerData\": {\n      \"ownerData\": {\n        \"postalCode\": \"12345679\",\n        \"maritalStatus\": \"1\",\n        \"nameLine1\": \"<string>\",\n        \"nameTypeIndicator1\": 0,\n        \"nameLine2\": \"OWN NAME L2 TEST9\",\n        \"nameTypeIndicator2\": 1,\n        \"nameLine3\": \"OWN NAME L3\",\n        \"nameTypeIndicator3\": 1,\n        \"houseNumber\": \"12349\",\n        \"houseName\": \"Could be apartment's name\",\n        \"houseAddress1\": \"OWN ADDR L19\",\n        \"houseAddress2\": \"OWN ADDR L29\",\n        \"houseAddress3\": \"OWN ADDR L39\",\n        \"houseAddress4\": \"OWN ADDR L49\",\n        \"city\": \"Sunshine\",\n        \"state\": \"FL\",\n        \"countryCode\": \"USA\",\n        \"ownOrRentResidenceFlag\": 2,\n        \"foreignIndicator\": \"A\",\n        \"languageIndicator\": \"ENG\",\n        \"mailingList\": \"1\",\n        \"contactIndicator\": \"<integer>\",\n        \"genderCode\": 1,\n        \"carrierRoute1and2\": \"C1\",\n        \"carrierRoute3and4\": \"<integer>\",\n        \"homePhoneNumber\": \"123-456-9990\",\n        \"homeFaxPhoneNumber\": \"223-456-7890\",\n        \"mobilePhoneNumber\": \"323-456-7890\",\n        \"dateOfBirth\": \"<date>\",\n        \"driverLicenseNumber\": \"123421\",\n        \"driverLicenseState\": \"<string>\",\n        \"driverLicenseCountry\": \"<string>\",\n        \"identificationNumberFlag\": 2,\n        \"identificationNumber\": \"123456789\",\n        \"dateOfFile\": \"<date>\",\n        \"statementMessageIndicator\": 1,\n        \"employerName\": \"Milton\",\n        \"employerAddress1\": \"EMP ADDR L1\",\n        \"employerAddress2\": \"EMP ADDR L2\",\n        \"employerPhoneNumber\": \"123-456-7890\",\n        \"employerExtensionPhoneNumber\": \"123456\",\n        \"employerPhoneFlag\": 1,\n        \"position\": \"CEO\",\n        \"relativeName\": \"Relative Name\",\n        \"numberOfDependents\": \"<integer>\",\n        \"email\": \"ABC.DEF@yahoo.com\",\n        \"memo1\": \"Memo 1\",\n        \"memo2\": \"Memo 2\",\n        \"user1\": \"U1\",\n        \"user2\": \"U2\",\n        \"user3\": \"U323323\",\n        \"user4\": \"U\",\n        \"user5\": \"U\",\n        \"user6\": \"U6\",\n        \"user7\": \"U7\",\n        \"user8\": \"U8\",\n        \"user9\": \"U9\",\n        \"user10\": \"2011031\",\n        \"user11\": \"2011032\",\n        \"user12\": \"U12\",\n        \"user13\": \"U13\",\n        \"user14\": \"U14\",\n        \"user15\": \"U15\",\n        \"demographic1\": \"USER DEMO 1\",\n        \"demographic2\": \"USER DEMO 2\",\n        \"demographic3\": \"USER DEMO 3\",\n        \"homePhoneFlag\": 1,\n        \"faxPhoneFlag\": 1,\n        \"mobilePhoneFlag\": 1,\n        \"emailFlag\": 1,\n        \"smsFlag\": 1,\n        \"lastName\": \"Gonzalez\",\n        \"middleName\": \"Pedro\",\n        \"firstName\": \"Juan\",\n        \"suffix\": \"Sr\",\n        \"county\": \"Orange\"\n      },\n      \"coOwnerData\": {\n        \"postalCode\": \"12345679\",\n        \"maritalStatus\": \"1\",\n        \"nameLine1\": \"OWN NAME L2 TEST9\",\n        \"nameTypeIndicator1\": 0,\n        \"nameLine2\": \"OWN NAME L2 TEST9\",\n        \"nameTypeIndicator2\": 0,\n        \"nameLine3\": \"OWN NAME L3\",\n        \"nameTypeIndicator3\": 0,\n        \"houseNumber\": \"12349\",\n        \"houseName\": \"LILY RESIDENCE\",\n        \"houseAddress1\": \"OWN ADDR L19\",\n        \"houseAddress2\": \"OWN ADDR L19\",\n        \"houseAddress3\": \"OWN ADDR L19\",\n        \"houseAddress4\": \"OWN ADDR L19\",\n        \"city\": \"Sunshine\",\n        \"state\": \"FL\",\n        \"countryCode\": \"USA\",\n        \"ownOrRentResidenceFlag\": 2,\n        \"foreignIndicator\": \"A\",\n        \"languageIndicator\": \"ENG\",\n        \"mailingList\": \"1\",\n        \"contactIndicator\": 2,\n        \"genderCode\": 1,\n        \"carrierRoute1and2\": \"C1\",\n        \"carrierRoute3and4\": \"<integer>\",\n        \"homePhoneNumber\": \"123-456-9990\",\n        \"homeFaxPhoneNumber\": \"223-456-7890\",\n        \"mobilePhoneNumber\": \"323-456-7890\",\n        \"dateOfBirth\": \"<date>\",\n        \"driverLicenseNumber\": \"<string>\",\n        \"driverLicenseState\": \"<string>\",\n        \"driverLicenseCountry\": \"<string>\",\n        \"identificationNumberFlag\": 2,\n        \"identificationNumber\": \"123456789\",\n        \"dateOfFile\": \"<date>\",\n        \"statementMessageIndicator\": 0,\n        \"employerName\": \"Milton\",\n        \"employerAddress1\": \"EMP ADDR L1\",\n        \"employerAddress2\": \"EMP ADDR L1\",\n        \"employerPhoneNumber\": \"123-456-7890\",\n        \"employerExtensionPhoneNumber\": \"123456\",\n        \"employerPhoneFlag\": 1,\n        \"position\": \"CEO\",\n        \"relativeName\": \"Relative Name\",\n        \"numberOfDependents\": \"<integer>\",\n        \"email\": \"ABC.DEF@yahoo.com\",\n        \"memo1\": \"Memo 1\",\n        \"memo2\": \"Memo 2\",\n        \"user1\": \"U1\",\n        \"user2\": \"U2\",\n        \"user3\": \"U323323\",\n        \"user4\": \"U\",\n        \"user5\": \"U\",\n        \"user6\": \"U6\",\n        \"user7\": \"U7\",\n        \"user8\": \"U8\",\n        \"user9\": \"U9\",\n        \"user10\": \"2011031\",\n        \"user11\": \"2011031\",\n        \"user12\": \"U12\",\n        \"user13\": \"U13\",\n        \"user14\": \"U14\",\n        \"user15\": \"U15\",\n        \"demographic1\": \"USER DEMO 1\",\n        \"demographic2\": \"USER DEMO 2\",\n        \"demographic3\": \"USER DEMO 3\",\n        \"homePhoneFlag\": 1,\n        \"faxPhoneFlag\": 1,\n        \"mobilePhoneFlag\": 1,\n        \"emailFlag\": 1,\n        \"smsFlag\": 1,\n        \"lastName\": \"Gonzalez\",\n        \"middleName\": \"Pedro\",\n        \"firstName\": \"Juan\",\n        \"suffix\": \"Sr\",\n        \"county\": \"Orange\"\n      }\n    }\n  },\n  \"resvData\": {\n    \"reservedCode1\": \"<string>\",\n    \"reservedCode2\": \"<string>\",\n    \"reservedCode3\": \"<string>\",\n    \"reservedCode4\": \"<string>\",\n    \"reservedCode5\": \"<string>\",\n    \"reservedDate1\": \"<date>\",\n    \"reservedDate2\": \"<date>\",\n    \"reservedDate3\": \"<date>\",\n    \"reservedDate4\": \"<date>\",\n    \"reservedDate5\": \"<date>\",\n    \"reservedAmt1\": \"<number>\",\n    \"reservedAmt2\": \"<number>\",\n    \"reservedAmt3\": \"<number>\",\n    \"reservedAmt4\": \"<number>\",\n    \"reservedAmt5\": \"<number>\"\n  }\n}","options":{"raw":{"language":"json"}}}},"status":"Internal Server Error","code":500,"header":[{"key":"Content-Type","value":"application/json"}],"body":"{\n  \"hasError\": true,\n  \"errors\": [\n    {\n      \"code\": \"occaecat veniam sit ut minim\",\n      \"description\": \"voluptate consequat\"\n    },\n    {\n      \"code\": \"dolore laborum\",\n      \"description\": \"nostrud\"\n    }\n  ],\n  \"data\": {}\n}","cookie":[],"_postman_previewlanguage":"json"}],"event":[],"protocolProfileBehavior":{"disableBodyPruning":true}}],"event":[],"variable":[{"type":"string","value":"https://int.api.firstdata.com/latam-gfs-apis/portal","key":"baseUrl"}],"info":{"_postman_id":"3fbacc78-bb89-4a94-b0fa-56bed4f8b550","name":"FirstVision™ Customer Service - API Documentation","schema":"https://schema.getpostman.com/json/collection/v2.1.0/collection.json","description":{"content":"This documentation describes the REST APIs provided by the FirstVision™ Customer Microservice for Ualá.","type":"text/plain"}}}