{"item":[{"id":"1a90b22d-0232-4f9f-87e9-e33b05aacff4","name":"customer","item":[{"id":"ea6997b9-922a-4f6f-a361-7da76697c031","name":"Add new Customer. VMX Service: M.CMS.CUSTOMER.ADD, R8V4","request":{"name":"Add new Customer. VMX Service: M.CMS.CUSTOMER.ADD, R8V4","description":{"content":"Creates a Customer number and adds demographical information to the Customer record. \nVMX Service: M.CMS.CUSTOMER.ADD, R8V4","type":"text/plain"},"url":{"path":["customer",""],"host":["{{baseUrl}}"],"query":[],"variable":[]},"header":[{"disabled":false,"description":"(Required) API Key","key":"apikey","value":"<string>"},{"disabled":false,"description":"(Required) Client ID","key":"X-ClientID","value":"<string>"},{"key":"Content-Type","value":"application/json"},{"key":"Accept","value":"application/json"}],"method":"POST","auth":null,"body":{"mode":"raw","raw":"{\n  \"customerData\": {\n    \"customerKeyData\": {\n      \"accountNumber\": \"<string>\",\n      \"customerNumber\": \"<string>\",\n      \"organizationNumber\": \"<integer>\",\n      \"coOwnerIndicator\": \"<integer>\",\n      \"dualFlag\": \"<string>\"\n    },\n    \"customerMiscellaneousData\": {\n      \"vipStatus\": \"<integer>\",\n      \"sicCode\": \"<integer>\",\n      \"status\": \"<string>\"\n    },\n    \"ownerCoOwnerData\": {\n      \"ownerData\": {\n        \"postalCode\": \"<string>\",\n        \"maritalStatus\": \"<string>\",\n        \"nameLine1\": \"<string>\",\n        \"nameTypeIndicator1\": \"<integer>\",\n        \"nameLine2\": \"<string>\",\n        \"nameTypeIndicator2\": \"<integer>\",\n        \"nameLine3\": \"<string>\",\n        \"nameTypeIndicator3\": \"<integer>\",\n        \"houseNumber\": \"<string>\",\n        \"houseName\": \"<string>\",\n        \"houseAddress1\": \"<string>\",\n        \"houseAddress2\": \"<string>\",\n        \"houseAddress3\": \"<string>\",\n        \"houseAddress4\": \"<string>\",\n        \"city\": \"<string>\",\n        \"state\": \"<string>\",\n        \"countryCode\": \"<string>\",\n        \"ownOrRentResidenceFlag\": \"<integer>\",\n        \"foreignIndicator\": \"<string>\",\n        \"languageIndicator\": \"<string>\",\n        \"mailingList\": \"<string>\",\n        \"contactIndicator\": \"<integer>\",\n        \"genderCode\": \"<integer>\",\n        \"carrierRoute1and2\": \"<string>\",\n        \"carrierRoute3and4\": \"<integer>\",\n        \"homePhoneNumber\": \"<string>\",\n        \"homeFaxPhoneNumber\": \"<string>\",\n        \"mobilePhoneNumber\": \"<string>\",\n        \"dateOfBirth\": \"<date>\",\n        \"driverLicenseNumber\": \"<string>\",\n        \"driverLicenseState\": \"<string>\",\n        \"driverLicenseCountry\": \"<string>\",\n        \"identificationNumberFlag\": \"<integer>\",\n        \"identificationNumber\": \"<string>\",\n        \"dateOfFile\": \"<date>\",\n        \"statementMessageIndicator\": \"<integer>\",\n        \"employerName\": \"<string>\",\n        \"employerAddress1\": \"<string>\",\n        \"employerAddress2\": \"<string>\",\n        \"employerPhoneNumber\": \"<string>\",\n        \"employerExtensionPhoneNumber\": \"<string>\",\n        \"employerPhoneFlag\": \"<integer>\",\n        \"position\": \"<string>\",\n        \"relativeName\": \"<string>\",\n        \"numberOfDependents\": \"<integer>\",\n        \"email\": \"<string>\",\n        \"memo1\": \"<string>\",\n        \"memo2\": \"<string>\",\n        \"user1\": \"<string>\",\n        \"user2\": \"<string>\",\n        \"user3\": \"<string>\",\n        \"user4\": \"<string>\",\n        \"user5\": \"<string>\",\n        \"user6\": \"<string>\",\n        \"user7\": \"<string>\",\n        \"user8\": \"<string>\",\n        \"user9\": \"<string>\",\n        \"user10\": \"<string>\",\n        \"user11\": \"<string>\",\n        \"user12\": \"<string>\",\n        \"user13\": \"<string>\",\n        \"user14\": \"<string>\",\n        \"user15\": \"<string>\",\n        \"demographic1\": \"<string>\",\n        \"demographic2\": \"<string>\",\n        \"demographic3\": \"<string>\",\n        \"homePhoneFlag\": \"<integer>\",\n        \"faxPhoneFlag\": \"<integer>\",\n        \"mobilePhoneFlag\": \"<integer>\",\n        \"emailFlag\": \"<integer>\",\n        \"smsFlag\": \"<integer>\",\n        \"lastName\": \"<string>\",\n        \"middleName\": \"<string>\",\n        \"firstName\": \"<string>\",\n        \"suffix\": \"<string>\",\n        \"county\": \"<string>\"\n      },\n      \"coOwnerData\": {\n        \"postalCode\": \"<string>\",\n        \"maritalStatus\": \"<string>\",\n        \"nameLine1\": \"<string>\",\n        \"nameTypeIndicator1\": \"<integer>\",\n        \"nameLine2\": \"<string>\",\n        \"nameTypeIndicator2\": \"<integer>\",\n        \"nameLine3\": \"<string>\",\n        \"nameTypeIndicator3\": \"<integer>\",\n        \"houseNumber\": \"<string>\",\n        \"houseName\": \"<string>\",\n        \"houseAddress1\": \"<string>\",\n        \"houseAddress2\": \"<string>\",\n        \"houseAddress3\": \"<string>\",\n        \"houseAddress4\": \"<string>\",\n        \"city\": \"<string>\",\n        \"state\": \"<string>\",\n        \"countryCode\": \"<string>\",\n        \"ownOrRentResidenceFlag\": \"<integer>\",\n        \"foreignIndicator\": \"<string>\",\n        \"languageIndicator\": \"<string>\",\n        \"mailingList\": \"<string>\",\n        \"contactIndicator\": \"<integer>\",\n        \"genderCode\": \"<integer>\",\n        \"carrierRoute1and2\": \"<string>\",\n        \"carrierRoute3and4\": \"<integer>\",\n        \"homePhoneNumber\": \"<string>\",\n        \"homeFaxPhoneNumber\": \"<string>\",\n        \"mobilePhoneNumber\": \"<string>\",\n        \"dateOfBirth\": \"<date>\",\n        \"driverLicenseNumber\": \"<string>\",\n        \"driverLicenseState\": \"<string>\",\n        \"driverLicenseCountry\": \"<string>\",\n        \"identificationNumberFlag\": \"<integer>\",\n        \"identificationNumber\": \"<string>\",\n        \"dateOfFile\": \"<date>\",\n        \"statementMessageIndicator\": \"<integer>\",\n        \"employerName\": \"<string>\",\n        \"employerAddress1\": \"<string>\",\n        \"employerAddress2\": \"<string>\",\n        \"employerPhoneNumber\": \"<string>\",\n        \"employerExtensionPhoneNumber\": \"<string>\",\n        \"employerPhoneFlag\": \"<integer>\",\n        \"position\": \"<string>\",\n        \"relativeName\": \"<string>\",\n        \"numberOfDependents\": \"<integer>\",\n        \"email\": \"<string>\",\n        \"memo1\": \"<string>\",\n        \"memo2\": \"<string>\",\n        \"user1\": \"<string>\",\n        \"user2\": \"<string>\",\n        \"user3\": \"<string>\",\n        \"user4\": \"<string>\",\n        \"user5\": \"<string>\",\n        \"user6\": \"<string>\",\n        \"user7\": \"<string>\",\n        \"user8\": \"<string>\",\n        \"user9\": \"<string>\",\n        \"user10\": \"<string>\",\n        \"user11\": \"<string>\",\n        \"user12\": \"<string>\",\n        \"user13\": \"<string>\",\n        \"user14\": \"<string>\",\n        \"user15\": \"<string>\",\n        \"demographic1\": \"<string>\",\n        \"demographic2\": \"<string>\",\n        \"demographic3\": \"<string>\",\n        \"homePhoneFlag\": \"<integer>\",\n        \"faxPhoneFlag\": \"<integer>\",\n        \"mobilePhoneFlag\": \"<integer>\",\n        \"emailFlag\": \"<integer>\",\n        \"smsFlag\": \"<integer>\",\n        \"lastName\": \"<string>\",\n        \"middleName\": \"<string>\",\n        \"firstName\": \"<string>\",\n        \"suffix\": \"<string>\",\n        \"county\": \"<string>\"\n      }\n    }\n  },\n  \"resvData\": {\n    \"reservedCode1\": \"<string>\",\n    \"reservedCode2\": \"<string>\",\n    \"reservedCode3\": \"<string>\",\n    \"reservedCode4\": \"<string>\",\n    \"reservedCode5\": \"<string>\",\n    \"reservedDate1\": \"<date>\",\n    \"reservedDate2\": \"<date>\",\n    \"reservedDate3\": \"<date>\",\n    \"reservedDate4\": \"<date>\",\n    \"reservedDate5\": \"<date>\",\n    \"reservedAmt1\": \"<number>\",\n    \"reservedAmt2\": \"<number>\",\n    \"reservedAmt3\": \"<number>\",\n    \"reservedAmt4\": \"<number>\",\n    \"reservedAmt5\": \"<number>\"\n  }\n}","options":{"raw":{"language":"json"}}}},"response":[{"id":"b5515bee-56d1-4df0-abfb-85f9ee956943","name":"Success","originalRequest":{"url":{"path":["customer",""],"host":["{{baseUrl}}"],"query":[],"variable":[]},"header":[{"disabled":false,"description":"(Required) API Key","key":"apikey","value":"<string>"},{"disabled":false,"description":"(Required) Client ID","key":"X-ClientID","value":"<string>"},{"key":"Accept","value":"application/json"}],"method":"POST","body":{"mode":"raw","raw":"{\n  \"customerData\": {\n    \"customerKeyData\": {\n      \"accountNumber\": \"9999995020000600000\",\n      \"customerNumber\": \"4513074002573466111\",\n      \"organizationNumber\": 807,\n      \"coOwnerIndicator\": 1,\n      \"dualFlag\": \"0\"\n    },\n    \"customerMiscellaneousData\": {\n      \"vipStatus\": 1,\n      \"sicCode\": 123456,\n      \"status\": \"9\"\n    },\n    \"ownerCoOwnerData\": {\n      \"ownerData\": {\n        \"postalCode\": \"12345679\",\n        \"maritalStatus\": \"1\",\n        \"nameLine1\": \"<string>\",\n        \"nameTypeIndicator1\": 0,\n        \"nameLine2\": \"OWN NAME L2 TEST9\",\n        \"nameTypeIndicator2\": 1,\n        \"nameLine3\": \"OWN NAME L3\",\n        \"nameTypeIndicator3\": 1,\n        \"houseNumber\": \"12349\",\n        \"houseName\": \"Could be apartment's name\",\n        \"houseAddress1\": \"OWN ADDR L19\",\n        \"houseAddress2\": \"OWN ADDR L29\",\n        \"houseAddress3\": \"OWN ADDR L39\",\n        \"houseAddress4\": \"OWN ADDR L49\",\n        \"city\": \"Sunshine\",\n        \"state\": \"FL\",\n        \"countryCode\": \"USA\",\n        \"ownOrRentResidenceFlag\": 2,\n        \"foreignIndicator\": \"A\",\n        \"languageIndicator\": \"ENG\",\n        \"mailingList\": \"1\",\n        \"contactIndicator\": 12,\n        \"genderCode\": 1,\n        \"carrierRoute1and2\": \"C1\",\n        \"carrierRoute3and4\": 11,\n        \"homePhoneNumber\": \"123-456-9990\",\n        \"homeFaxPhoneNumber\": \"223-456-7890\",\n        \"mobilePhoneNumber\": \"323-456-7890\",\n        \"dateOfBirth\": \"<date>\",\n        \"driverLicenseNumber\": \"123421\",\n        \"driverLicenseState\": \"<string>\",\n        \"driverLicenseCountry\": \"<string>\",\n        \"identificationNumberFlag\": 2,\n        \"identificationNumber\": \"123456789\",\n        \"dateOfFile\": \"<date>\",\n        \"statementMessageIndicator\": 1,\n        \"employerName\": \"Milton\",\n        \"employerAddress1\": \"EMP ADDR L1\",\n        \"employerAddress2\": \"EMP ADDR L2\",\n        \"employerPhoneNumber\": \"123-456-7890\",\n        \"employerExtensionPhoneNumber\": \"123456\",\n        \"employerPhoneFlag\": 1,\n        \"position\": \"CEO\",\n        \"relativeName\": \"Relative Name\",\n        \"numberOfDependents\": 999,\n        \"email\": \"ABC.DEF@yahoo.com\",\n        \"memo1\": \"Memo 1\",\n        \"memo2\": \"Memo 2\",\n        \"user1\": \"U1\",\n        \"user2\": \"U2\",\n        \"user3\": \"U323323\",\n        \"user4\": \"U\",\n        \"user5\": \"U\",\n        \"user6\": \"U6\",\n        \"user7\": \"U7\",\n        \"user8\": \"U8\",\n        \"user9\": \"U9\",\n        \"user10\": \"2011031\",\n        \"user11\": \"2011032\",\n        \"user12\": \"U12\",\n        \"user13\": \"U13\",\n        \"user14\": \"U14\",\n        \"user15\": \"U15\",\n        \"demographic1\": \"USER DEMO 1\",\n        \"demographic2\": \"USER DEMO 2\",\n        \"demographic3\": \"USER DEMO 3\",\n        \"homePhoneFlag\": 1,\n        \"faxPhoneFlag\": 1,\n        \"mobilePhoneFlag\": 1,\n        \"emailFlag\": 1,\n        \"smsFlag\": 1,\n        \"lastName\": \"Gonzalez\",\n        \"middleName\": \"Pedro\",\n        \"firstName\": \"Juan\",\n        \"suffix\": \"Sr\",\n        \"county\": \"Orange\"\n      },\n      \"coOwnerData\": {\n        \"postalCode\": \"12345679\",\n        \"maritalStatus\": \"1\",\n        \"nameLine1\": \"OWN NAME L2 TEST9\",\n        \"nameTypeIndicator1\": 0,\n        \"nameLine2\": \"OWN NAME L2 TEST9\",\n        \"nameTypeIndicator2\": 0,\n        \"nameLine3\": \"OWN NAME L3\",\n        \"nameTypeIndicator3\": 0,\n        \"houseNumber\": \"12349\",\n        \"houseName\": \"LILY RESIDENCE\",\n        \"houseAddress1\": \"OWN ADDR L19\",\n        \"houseAddress2\": \"OWN ADDR L19\",\n        \"houseAddress3\": \"OWN ADDR L19\",\n        \"houseAddress4\": \"OWN ADDR L19\",\n        \"city\": \"Sunshine\",\n        \"state\": \"FL\",\n        \"countryCode\": \"USA\",\n        \"ownOrRentResidenceFlag\": 2,\n        \"foreignIndicator\": \"A\",\n        \"languageIndicator\": \"ENG\",\n        \"mailingList\": \"1\",\n        \"contactIndicator\": 2,\n        \"genderCode\": 1,\n        \"carrierRoute1and2\": \"C1\",\n        \"carrierRoute3and4\": 11,\n        \"homePhoneNumber\": \"123-456-9990\",\n        \"homeFaxPhoneNumber\": \"223-456-7890\",\n        \"mobilePhoneNumber\": \"323-456-7890\",\n        \"dateOfBirth\": \"<date>\",\n        \"driverLicenseNumber\": \"<string>\",\n        \"driverLicenseState\": \"<string>\",\n        \"driverLicenseCountry\": \"<string>\",\n        \"identificationNumberFlag\": 2,\n        \"identificationNumber\": \"123456789\",\n        \"dateOfFile\": \"<date>\",\n        \"statementMessageIndicator\": 0,\n        \"employerName\": \"Milton\",\n        \"employerAddress1\": \"EMP ADDR L1\",\n        \"employerAddress2\": \"EMP ADDR L1\",\n        \"employerPhoneNumber\": \"123-456-7890\",\n        \"employerExtensionPhoneNumber\": \"123456\",\n        \"employerPhoneFlag\": 1,\n        \"position\": \"CEO\",\n        \"relativeName\": \"Relative Name\",\n        \"numberOfDependents\": 999,\n        \"email\": \"ABC.DEF@yahoo.com\",\n        \"memo1\": \"Memo 1\",\n        \"memo2\": \"Memo 2\",\n        \"user1\": \"U1\",\n        \"user2\": \"U2\",\n        \"user3\": \"U323323\",\n        \"user4\": \"U\",\n        \"user5\": \"U\",\n        \"user6\": \"U6\",\n        \"user7\": \"U7\",\n        \"user8\": \"U8\",\n        \"user9\": \"U9\",\n        \"user10\": \"2011031\",\n        \"user11\": \"2011031\",\n        \"user12\": \"U12\",\n        \"user13\": \"U13\",\n        \"user14\": \"U14\",\n        \"user15\": \"U15\",\n        \"demographic1\": \"USER DEMO 1\",\n        \"demographic2\": \"USER DEMO 2\",\n        \"demographic3\": \"USER DEMO 3\",\n        \"homePhoneFlag\": 1,\n        \"faxPhoneFlag\": 1,\n        \"mobilePhoneFlag\": 1,\n        \"emailFlag\": 1,\n        \"smsFlag\": 1,\n        \"lastName\": \"Gonzalez\",\n        \"middleName\": \"Pedro\",\n        \"firstName\": \"Juan\",\n        \"suffix\": \"Sr\",\n        \"county\": \"Orange\"\n      }\n    }\n  },\n  \"resvData\": {\n    \"reservedCode1\": \"<string>\",\n    \"reservedCode2\": \"<string>\",\n    \"reservedCode3\": \"<string>\",\n    \"reservedCode4\": \"<string>\",\n    \"reservedCode5\": \"<string>\",\n    \"reservedDate1\": \"<date>\",\n    \"reservedDate2\": \"<date>\",\n    \"reservedDate3\": \"<date>\",\n    \"reservedDate4\": \"<date>\",\n    \"reservedDate5\": \"<date>\",\n    \"reservedAmt1\": \"<number>\",\n    \"reservedAmt2\": \"<number>\",\n    \"reservedAmt3\": \"<number>\",\n    \"reservedAmt4\": \"<number>\",\n    \"reservedAmt5\": \"<number>\"\n  }\n}","options":{"raw":{"language":"json"}}}},"status":"OK","code":200,"header":[{"key":"Content-Type","value":"application/json"}],"body":"{\n  \"organizationNumber\": -67412986,\n  \"organizationAssociatedToForeignAccount\": -46340883,\n  \"foreignCustomerOrganization\": 11082635,\n  \"accountNumber\": \"aliqua nulla consectetur magna\",\n  \"customerNumber\": \"dolore fugiat\",\n  \"reservedCode1\": 96663630,\n  \"reservedCode2\": 27460677,\n  \"reservedCode3\": 59838821,\n  \"reservedCode4\": 54404180,\n  \"reservedCode5\": 75118487,\n  \"reservedDate1\": \"2023-11-28\",\n  \"reservedDate2\": \"1997-11-18\",\n  \"reservedDate3\": \"1985-12-16\",\n  \"reservedDate4\": \"1954-01-04\",\n  \"reservedDate5\": \"2010-07-07\",\n  \"reservedAmt1\": -22828742.12462245,\n  \"reservedAmt2\": -97708431.97480054,\n  \"reservedAmt3\": -17055333.73262936,\n  \"reservedAmt4\": 59722526.28914809,\n  \"reservedAmt5\": -63740623.40993904\n}","cookie":[],"_postman_previewlanguage":"json"},{"id":"c0fe2726-3ec6-4a72-8b88-41b87adae1e6","name":"Redirection","originalRequest":{"url":{"path":["customer",""],"host":["{{baseUrl}}"],"query":[],"variable":[]},"header":[{"disabled":false,"description":"(Required) API Key","key":"apikey","value":"<string>"},{"disabled":false,"description":"(Required) Client ID","key":"X-ClientID","value":"<string>"},{"key":"Accept","value":"application/json"}],"method":"POST","body":{"mode":"raw","raw":"{\n  \"customerData\": {\n    \"customerKeyData\": {\n      \"accountNumber\": \"9999995020000600000\",\n      \"customerNumber\": \"4513074002573466111\",\n      \"organizationNumber\": 807,\n      \"coOwnerIndicator\": 1,\n      \"dualFlag\": \"0\"\n    },\n    \"customerMiscellaneousData\": {\n      \"vipStatus\": 1,\n      \"sicCode\": 123456,\n      \"status\": \"9\"\n    },\n    \"ownerCoOwnerData\": {\n      \"ownerData\": {\n        \"postalCode\": \"12345679\",\n        \"maritalStatus\": \"1\",\n        \"nameLine1\": \"<string>\",\n        \"nameTypeIndicator1\": 0,\n        \"nameLine2\": \"OWN NAME L2 TEST9\",\n        \"nameTypeIndicator2\": 1,\n        \"nameLine3\": \"OWN NAME L3\",\n        \"nameTypeIndicator3\": 1,\n        \"houseNumber\": \"12349\",\n        \"houseName\": \"Could be apartment's name\",\n        \"houseAddress1\": \"OWN ADDR L19\",\n        \"houseAddress2\": \"OWN ADDR L29\",\n        \"houseAddress3\": \"OWN ADDR L39\",\n        \"houseAddress4\": \"OWN ADDR L49\",\n        \"city\": \"Sunshine\",\n        \"state\": \"FL\",\n        \"countryCode\": \"USA\",\n        \"ownOrRentResidenceFlag\": 2,\n        \"foreignIndicator\": \"A\",\n        \"languageIndicator\": \"ENG\",\n        \"mailingList\": \"1\",\n        \"contactIndicator\": 12,\n        \"genderCode\": 1,\n        \"carrierRoute1and2\": \"C1\",\n        \"carrierRoute3and4\": 11,\n        \"homePhoneNumber\": \"123-456-9990\",\n        \"homeFaxPhoneNumber\": \"223-456-7890\",\n        \"mobilePhoneNumber\": \"323-456-7890\",\n        \"dateOfBirth\": \"<date>\",\n        \"driverLicenseNumber\": \"123421\",\n        \"driverLicenseState\": \"<string>\",\n        \"driverLicenseCountry\": \"<string>\",\n        \"identificationNumberFlag\": 2,\n        \"identificationNumber\": \"123456789\",\n        \"dateOfFile\": \"<date>\",\n        \"statementMessageIndicator\": 1,\n        \"employerName\": \"Milton\",\n        \"employerAddress1\": \"EMP ADDR L1\",\n        \"employerAddress2\": \"EMP ADDR L2\",\n        \"employerPhoneNumber\": \"123-456-7890\",\n        \"employerExtensionPhoneNumber\": \"123456\",\n        \"employerPhoneFlag\": 1,\n        \"position\": \"CEO\",\n        \"relativeName\": \"Relative Name\",\n        \"numberOfDependents\": 999,\n        \"email\": \"ABC.DEF@yahoo.com\",\n        \"memo1\": \"Memo 1\",\n        \"memo2\": \"Memo 2\",\n        \"user1\": \"U1\",\n        \"user2\": \"U2\",\n        \"user3\": \"U323323\",\n        \"user4\": \"U\",\n        \"user5\": \"U\",\n        \"user6\": \"U6\",\n        \"user7\": \"U7\",\n        \"user8\": \"U8\",\n        \"user9\": \"U9\",\n        \"user10\": \"2011031\",\n        \"user11\": \"2011032\",\n        \"user12\": \"U12\",\n        \"user13\": \"U13\",\n        \"user14\": \"U14\",\n        \"user15\": \"U15\",\n        \"demographic1\": \"USER DEMO 1\",\n        \"demographic2\": \"USER DEMO 2\",\n        \"demographic3\": \"USER DEMO 3\",\n        \"homePhoneFlag\": 1,\n        \"faxPhoneFlag\": 1,\n        \"mobilePhoneFlag\": 1,\n        \"emailFlag\": 1,\n        \"smsFlag\": 1,\n        \"lastName\": \"Gonzalez\",\n        \"middleName\": \"Pedro\",\n        \"firstName\": \"Juan\",\n        \"suffix\": \"Sr\",\n        \"county\": \"Orange\"\n      },\n      \"coOwnerData\": {\n        \"postalCode\": \"12345679\",\n        \"maritalStatus\": \"1\",\n        \"nameLine1\": \"OWN NAME L2 TEST9\",\n        \"nameTypeIndicator1\": 0,\n        \"nameLine2\": \"OWN NAME L2 TEST9\",\n        \"nameTypeIndicator2\": 0,\n        \"nameLine3\": \"OWN NAME L3\",\n        \"nameTypeIndicator3\": 0,\n        \"houseNumber\": \"12349\",\n        \"houseName\": \"LILY RESIDENCE\",\n        \"houseAddress1\": \"OWN ADDR L19\",\n        \"houseAddress2\": \"OWN ADDR L19\",\n        \"houseAddress3\": \"OWN ADDR L19\",\n        \"houseAddress4\": \"OWN ADDR L19\",\n        \"city\": \"Sunshine\",\n        \"state\": \"FL\",\n        \"countryCode\": \"USA\",\n        \"ownOrRentResidenceFlag\": 2,\n        \"foreignIndicator\": \"A\",\n        \"languageIndicator\": \"ENG\",\n        \"mailingList\": \"1\",\n        \"contactIndicator\": 2,\n        \"genderCode\": 1,\n        \"carrierRoute1and2\": \"C1\",\n        \"carrierRoute3and4\": 11,\n        \"homePhoneNumber\": \"123-456-9990\",\n        \"homeFaxPhoneNumber\": \"223-456-7890\",\n        \"mobilePhoneNumber\": \"323-456-7890\",\n        \"dateOfBirth\": \"<date>\",\n        \"driverLicenseNumber\": \"<string>\",\n        \"driverLicenseState\": \"<string>\",\n        \"driverLicenseCountry\": \"<string>\",\n        \"identificationNumberFlag\": 2,\n        \"identificationNumber\": \"123456789\",\n        \"dateOfFile\": \"<date>\",\n        \"statementMessageIndicator\": 0,\n        \"employerName\": \"Milton\",\n        \"employerAddress1\": \"EMP ADDR L1\",\n        \"employerAddress2\": \"EMP ADDR L1\",\n        \"employerPhoneNumber\": \"123-456-7890\",\n        \"employerExtensionPhoneNumber\": \"123456\",\n        \"employerPhoneFlag\": 1,\n        \"position\": \"CEO\",\n        \"relativeName\": \"Relative Name\",\n        \"numberOfDependents\": 999,\n        \"email\": \"ABC.DEF@yahoo.com\",\n        \"memo1\": \"Memo 1\",\n        \"memo2\": \"Memo 2\",\n        \"user1\": \"U1\",\n        \"user2\": \"U2\",\n        \"user3\": \"U323323\",\n        \"user4\": \"U\",\n        \"user5\": \"U\",\n        \"user6\": \"U6\",\n        \"user7\": \"U7\",\n        \"user8\": \"U8\",\n        \"user9\": \"U9\",\n        \"user10\": \"2011031\",\n        \"user11\": \"2011031\",\n        \"user12\": \"U12\",\n        \"user13\": \"U13\",\n        \"user14\": \"U14\",\n        \"user15\": \"U15\",\n        \"demographic1\": \"USER DEMO 1\",\n        \"demographic2\": \"USER DEMO 2\",\n        \"demographic3\": \"USER DEMO 3\",\n        \"homePhoneFlag\": 1,\n        \"faxPhoneFlag\": 1,\n        \"mobilePhoneFlag\": 1,\n        \"emailFlag\": 1,\n        \"smsFlag\": 1,\n        \"lastName\": \"Gonzalez\",\n        \"middleName\": \"Pedro\",\n        \"firstName\": \"Juan\",\n        \"suffix\": \"Sr\",\n        \"county\": \"Orange\"\n      }\n    }\n  },\n  \"resvData\": {\n    \"reservedCode1\": \"<string>\",\n    \"reservedCode2\": \"<string>\",\n    \"reservedCode3\": \"<string>\",\n    \"reservedCode4\": \"<string>\",\n    \"reservedCode5\": \"<string>\",\n    \"reservedDate1\": \"<date>\",\n    \"reservedDate2\": \"<date>\",\n    \"reservedDate3\": \"<date>\",\n    \"reservedDate4\": \"<date>\",\n    \"reservedDate5\": \"<date>\",\n    \"reservedAmt1\": \"<number>\",\n    \"reservedAmt2\": \"<number>\",\n    \"reservedAmt3\": \"<number>\",\n    \"reservedAmt4\": \"<number>\",\n    \"reservedAmt5\": \"<number>\"\n  }\n}","options":{"raw":{"language":"json"}}}},"status":"Multiple Choices","code":300,"header":[{"key":"Content-Type","value":"application/json"}],"body":"{\n  \"hasError\": true,\n  \"errors\": [\n    {\n      \"code\": \"voluptate adipisicing minim occaecat\",\n      \"description\": \"proident Lorem\"\n    },\n    {\n      \"code\": \"sit consequat proident\",\n      \"description\": \"nisi veniam cupidatat\"\n    }\n  ],\n  \"data\": {}\n}","cookie":[],"_postman_previewlanguage":"json"},{"id":"0def16e2-3b68-464a-86e9-fd2a3927c18a","name":"Bad Request","originalRequest":{"url":{"path":["customer",""],"host":["{{baseUrl}}"],"query":[],"variable":[]},"header":[{"disabled":false,"description":"(Required) API Key","key":"apikey","value":"<string>"},{"disabled":false,"description":"(Required) Client ID","key":"X-ClientID","value":"<string>"}],"method":"POST","body":{"mode":"raw","raw":"{\n  \"customerData\": {\n    \"customerKeyData\": {\n      \"accountNumber\": \"9999995020000600000\",\n      \"customerNumber\": \"4513074002573466111\",\n      \"organizationNumber\": 807,\n      \"coOwnerIndicator\": 1,\n      \"dualFlag\": \"0\"\n    },\n    \"customerMiscellaneousData\": {\n      \"vipStatus\": 1,\n      \"sicCode\": 123456,\n      \"status\": \"9\"\n    },\n    \"ownerCoOwnerData\": {\n      \"ownerData\": {\n        \"postalCode\": \"12345679\",\n        \"maritalStatus\": \"1\",\n        \"nameLine1\": \"<string>\",\n        \"nameTypeIndicator1\": 0,\n        \"nameLine2\": \"OWN NAME L2 TEST9\",\n        \"nameTypeIndicator2\": 1,\n        \"nameLine3\": \"OWN NAME L3\",\n        \"nameTypeIndicator3\": 1,\n        \"houseNumber\": \"12349\",\n        \"houseName\": \"Could be apartment's name\",\n        \"houseAddress1\": \"OWN ADDR L19\",\n        \"houseAddress2\": \"OWN ADDR L29\",\n        \"houseAddress3\": \"OWN ADDR L39\",\n        \"houseAddress4\": \"OWN ADDR L49\",\n        \"city\": \"Sunshine\",\n        \"state\": \"FL\",\n        \"countryCode\": \"USA\",\n        \"ownOrRentResidenceFlag\": 2,\n        \"foreignIndicator\": \"A\",\n        \"languageIndicator\": \"ENG\",\n        \"mailingList\": \"1\",\n        \"contactIndicator\": 12,\n        \"genderCode\": 1,\n        \"carrierRoute1and2\": \"C1\",\n        \"carrierRoute3and4\": 11,\n        \"homePhoneNumber\": \"123-456-9990\",\n        \"homeFaxPhoneNumber\": \"223-456-7890\",\n        \"mobilePhoneNumber\": \"323-456-7890\",\n        \"dateOfBirth\": \"<date>\",\n        \"driverLicenseNumber\": \"123421\",\n        \"driverLicenseState\": \"<string>\",\n        \"driverLicenseCountry\": \"<string>\",\n        \"identificationNumberFlag\": 2,\n        \"identificationNumber\": \"123456789\",\n        \"dateOfFile\": \"<date>\",\n        \"statementMessageIndicator\": 1,\n        \"employerName\": \"Milton\",\n        \"employerAddress1\": \"EMP ADDR L1\",\n        \"employerAddress2\": \"EMP ADDR L2\",\n        \"employerPhoneNumber\": \"123-456-7890\",\n        \"employerExtensionPhoneNumber\": \"123456\",\n        \"employerPhoneFlag\": 1,\n        \"position\": \"CEO\",\n        \"relativeName\": \"Relative Name\",\n        \"numberOfDependents\": 999,\n        \"email\": \"ABC.DEF@yahoo.com\",\n        \"memo1\": \"Memo 1\",\n        \"memo2\": \"Memo 2\",\n        \"user1\": \"U1\",\n        \"user2\": \"U2\",\n        \"user3\": \"U323323\",\n        \"user4\": \"U\",\n        \"user5\": \"U\",\n        \"user6\": \"U6\",\n        \"user7\": \"U7\",\n        \"user8\": \"U8\",\n        \"user9\": \"U9\",\n        \"user10\": \"2011031\",\n        \"user11\": \"2011032\",\n        \"user12\": \"U12\",\n        \"user13\": \"U13\",\n        \"user14\": \"U14\",\n        \"user15\": \"U15\",\n        \"demographic1\": \"USER DEMO 1\",\n        \"demographic2\": \"USER DEMO 2\",\n        \"demographic3\": \"USER DEMO 3\",\n        \"homePhoneFlag\": 1,\n        \"faxPhoneFlag\": 1,\n        \"mobilePhoneFlag\": 1,\n        \"emailFlag\": 1,\n        \"smsFlag\": 1,\n        \"lastName\": \"Gonzalez\",\n        \"middleName\": \"Pedro\",\n        \"firstName\": \"Juan\",\n        \"suffix\": \"Sr\",\n        \"county\": \"Orange\"\n      },\n      \"coOwnerData\": {\n        \"postalCode\": \"12345679\",\n        \"maritalStatus\": \"1\",\n        \"nameLine1\": \"OWN NAME L2 TEST9\",\n        \"nameTypeIndicator1\": 0,\n        \"nameLine2\": \"OWN NAME L2 TEST9\",\n        \"nameTypeIndicator2\": 0,\n        \"nameLine3\": \"OWN NAME L3\",\n        \"nameTypeIndicator3\": 0,\n        \"houseNumber\": \"12349\",\n        \"houseName\": \"LILY RESIDENCE\",\n        \"houseAddress1\": \"OWN ADDR L19\",\n        \"houseAddress2\": \"OWN ADDR L19\",\n        \"houseAddress3\": \"OWN ADDR L19\",\n        \"houseAddress4\": \"OWN ADDR L19\",\n        \"city\": \"Sunshine\",\n        \"state\": \"FL\",\n        \"countryCode\": \"USA\",\n        \"ownOrRentResidenceFlag\": 2,\n        \"foreignIndicator\": \"A\",\n        \"languageIndicator\": \"ENG\",\n        \"mailingList\": \"1\",\n        \"contactIndicator\": 2,\n        \"genderCode\": 1,\n        \"carrierRoute1and2\": \"C1\",\n        \"carrierRoute3and4\": 11,\n        \"homePhoneNumber\": \"123-456-9990\",\n        \"homeFaxPhoneNumber\": \"223-456-7890\",\n        \"mobilePhoneNumber\": \"323-456-7890\",\n        \"dateOfBirth\": \"<date>\",\n        \"driverLicenseNumber\": \"<string>\",\n        \"driverLicenseState\": \"<string>\",\n        \"driverLicenseCountry\": \"<string>\",\n        \"identificationNumberFlag\": 2,\n        \"identificationNumber\": \"123456789\",\n        \"dateOfFile\": \"<date>\",\n        \"statementMessageIndicator\": 0,\n        \"employerName\": \"Milton\",\n        \"employerAddress1\": \"EMP ADDR L1\",\n        \"employerAddress2\": \"EMP ADDR L1\",\n        \"employerPhoneNumber\": \"123-456-7890\",\n        \"employerExtensionPhoneNumber\": \"123456\",\n        \"employerPhoneFlag\": 1,\n        \"position\": \"CEO\",\n        \"relativeName\": \"Relative Name\",\n        \"numberOfDependents\": 999,\n        \"email\": \"ABC.DEF@yahoo.com\",\n        \"memo1\": \"Memo 1\",\n        \"memo2\": \"Memo 2\",\n        \"user1\": \"U1\",\n        \"user2\": \"U2\",\n        \"user3\": \"U323323\",\n        \"user4\": \"U\",\n        \"user5\": \"U\",\n        \"user6\": \"U6\",\n        \"user7\": \"U7\",\n        \"user8\": \"U8\",\n        \"user9\": \"U9\",\n        \"user10\": \"2011031\",\n        \"user11\": \"2011031\",\n        \"user12\": \"U12\",\n        \"user13\": \"U13\",\n        \"user14\": \"U14\",\n        \"user15\": \"U15\",\n        \"demographic1\": \"USER DEMO 1\",\n        \"demographic2\": \"USER DEMO 2\",\n        \"demographic3\": \"USER DEMO 3\",\n        \"homePhoneFlag\": 1,\n        \"faxPhoneFlag\": 1,\n        \"mobilePhoneFlag\": 1,\n        \"emailFlag\": 1,\n        \"smsFlag\": 1,\n        \"lastName\": \"Gonzalez\",\n        \"middleName\": \"Pedro\",\n        \"firstName\": \"Juan\",\n        \"suffix\": \"Sr\",\n        \"county\": \"Orange\"\n      }\n    }\n  },\n  \"resvData\": {\n    \"reservedCode1\": \"<string>\",\n    \"reservedCode2\": \"<string>\",\n    \"reservedCode3\": \"<string>\",\n    \"reservedCode4\": \"<string>\",\n    \"reservedCode5\": \"<string>\",\n    \"reservedDate1\": \"<date>\",\n    \"reservedDate2\": \"<date>\",\n    \"reservedDate3\": \"<date>\",\n    \"reservedDate4\": \"<date>\",\n    \"reservedDate5\": \"<date>\",\n    \"reservedAmt1\": \"<number>\",\n    \"reservedAmt2\": \"<number>\",\n    \"reservedAmt3\": \"<number>\",\n    \"reservedAmt4\": \"<number>\",\n    \"reservedAmt5\": \"<number>\"\n  }\n}","options":{"raw":{"language":"json"}}}},"status":"Bad Request","code":400,"header":[{"key":"Content-Type","value":"text/plain"}],"body":"","cookie":[],"_postman_previewlanguage":"text"},{"id":"a2e46d95-94a0-4400-9567-2988bcc94c3d","name":"Unauthorized","originalRequest":{"url":{"path":["customer",""],"host":["{{baseUrl}}"],"query":[],"variable":[]},"header":[{"disabled":false,"description":"(Required) API Key","key":"apikey","value":"<string>"},{"disabled":false,"description":"(Required) Client ID","key":"X-ClientID","value":"<string>"}],"method":"POST","body":{"mode":"raw","raw":"{\n  \"customerData\": {\n    \"customerKeyData\": {\n      \"accountNumber\": \"9999995020000600000\",\n      \"customerNumber\": \"4513074002573466111\",\n      \"organizationNumber\": 807,\n      \"coOwnerIndicator\": 1,\n      \"dualFlag\": \"0\"\n    },\n    \"customerMiscellaneousData\": {\n      \"vipStatus\": 1,\n      \"sicCode\": 123456,\n      \"status\": \"9\"\n    },\n    \"ownerCoOwnerData\": {\n      \"ownerData\": {\n        \"postalCode\": \"12345679\",\n        \"maritalStatus\": \"1\",\n        \"nameLine1\": \"<string>\",\n        \"nameTypeIndicator1\": 0,\n        \"nameLine2\": \"OWN NAME L2 TEST9\",\n        \"nameTypeIndicator2\": 1,\n        \"nameLine3\": \"OWN NAME L3\",\n        \"nameTypeIndicator3\": 1,\n        \"houseNumber\": \"12349\",\n        \"houseName\": \"Could be apartment's name\",\n        \"houseAddress1\": \"OWN ADDR L19\",\n        \"houseAddress2\": \"OWN ADDR L29\",\n        \"houseAddress3\": \"OWN ADDR L39\",\n        \"houseAddress4\": \"OWN ADDR L49\",\n        \"city\": \"Sunshine\",\n        \"state\": \"FL\",\n        \"countryCode\": \"USA\",\n        \"ownOrRentResidenceFlag\": 2,\n        \"foreignIndicator\": \"A\",\n        \"languageIndicator\": \"ENG\",\n        \"mailingList\": \"1\",\n        \"contactIndicator\": 12,\n        \"genderCode\": 1,\n        \"carrierRoute1and2\": \"C1\",\n        \"carrierRoute3and4\": 11,\n        \"homePhoneNumber\": \"123-456-9990\",\n        \"homeFaxPhoneNumber\": \"223-456-7890\",\n        \"mobilePhoneNumber\": \"323-456-7890\",\n        \"dateOfBirth\": \"<date>\",\n        \"driverLicenseNumber\": \"123421\",\n        \"driverLicenseState\": \"<string>\",\n        \"driverLicenseCountry\": \"<string>\",\n        \"identificationNumberFlag\": 2,\n        \"identificationNumber\": \"123456789\",\n        \"dateOfFile\": \"<date>\",\n        \"statementMessageIndicator\": 1,\n        \"employerName\": \"Milton\",\n        \"employerAddress1\": \"EMP ADDR L1\",\n        \"employerAddress2\": \"EMP ADDR L2\",\n        \"employerPhoneNumber\": \"123-456-7890\",\n        \"employerExtensionPhoneNumber\": \"123456\",\n        \"employerPhoneFlag\": 1,\n        \"position\": \"CEO\",\n        \"relativeName\": \"Relative Name\",\n        \"numberOfDependents\": 999,\n        \"email\": \"ABC.DEF@yahoo.com\",\n        \"memo1\": \"Memo 1\",\n        \"memo2\": \"Memo 2\",\n        \"user1\": \"U1\",\n        \"user2\": \"U2\",\n        \"user3\": \"U323323\",\n        \"user4\": \"U\",\n        \"user5\": \"U\",\n        \"user6\": \"U6\",\n        \"user7\": \"U7\",\n        \"user8\": \"U8\",\n        \"user9\": \"U9\",\n        \"user10\": \"2011031\",\n        \"user11\": \"2011032\",\n        \"user12\": \"U12\",\n        \"user13\": \"U13\",\n        \"user14\": \"U14\",\n        \"user15\": \"U15\",\n        \"demographic1\": \"USER DEMO 1\",\n        \"demographic2\": \"USER DEMO 2\",\n        \"demographic3\": \"USER DEMO 3\",\n        \"homePhoneFlag\": 1,\n        \"faxPhoneFlag\": 1,\n        \"mobilePhoneFlag\": 1,\n        \"emailFlag\": 1,\n        \"smsFlag\": 1,\n        \"lastName\": \"Gonzalez\",\n        \"middleName\": \"Pedro\",\n        \"firstName\": \"Juan\",\n        \"suffix\": \"Sr\",\n        \"county\": \"Orange\"\n      },\n      \"coOwnerData\": {\n        \"postalCode\": \"12345679\",\n        \"maritalStatus\": \"1\",\n        \"nameLine1\": \"OWN NAME L2 TEST9\",\n        \"nameTypeIndicator1\": 0,\n        \"nameLine2\": \"OWN NAME L2 TEST9\",\n        \"nameTypeIndicator2\": 0,\n        \"nameLine3\": \"OWN NAME L3\",\n        \"nameTypeIndicator3\": 0,\n        \"houseNumber\": \"12349\",\n        \"houseName\": \"LILY RESIDENCE\",\n        \"houseAddress1\": \"OWN ADDR L19\",\n        \"houseAddress2\": \"OWN ADDR L19\",\n        \"houseAddress3\": \"OWN ADDR L19\",\n        \"houseAddress4\": \"OWN ADDR L19\",\n        \"city\": \"Sunshine\",\n        \"state\": \"FL\",\n        \"countryCode\": \"USA\",\n        \"ownOrRentResidenceFlag\": 2,\n        \"foreignIndicator\": \"A\",\n        \"languageIndicator\": \"ENG\",\n        \"mailingList\": \"1\",\n        \"contactIndicator\": 2,\n        \"genderCode\": 1,\n        \"carrierRoute1and2\": \"C1\",\n        \"carrierRoute3and4\": 11,\n        \"homePhoneNumber\": \"123-456-9990\",\n        \"homeFaxPhoneNumber\": \"223-456-7890\",\n        \"mobilePhoneNumber\": \"323-456-7890\",\n        \"dateOfBirth\": \"<date>\",\n        \"driverLicenseNumber\": \"<string>\",\n        \"driverLicenseState\": \"<string>\",\n        \"driverLicenseCountry\": \"<string>\",\n        \"identificationNumberFlag\": 2,\n        \"identificationNumber\": \"123456789\",\n        \"dateOfFile\": \"<date>\",\n        \"statementMessageIndicator\": 0,\n        \"employerName\": \"Milton\",\n        \"employerAddress1\": \"EMP ADDR L1\",\n        \"employerAddress2\": \"EMP ADDR L1\",\n        \"employerPhoneNumber\": \"123-456-7890\",\n        \"employerExtensionPhoneNumber\": \"123456\",\n        \"employerPhoneFlag\": 1,\n        \"position\": \"CEO\",\n        \"relativeName\": \"Relative Name\",\n        \"numberOfDependents\": 999,\n        \"email\": \"ABC.DEF@yahoo.com\",\n        \"memo1\": \"Memo 1\",\n        \"memo2\": \"Memo 2\",\n        \"user1\": \"U1\",\n        \"user2\": \"U2\",\n        \"user3\": \"U323323\",\n        \"user4\": \"U\",\n        \"user5\": \"U\",\n        \"user6\": \"U6\",\n        \"user7\": \"U7\",\n        \"user8\": \"U8\",\n        \"user9\": \"U9\",\n        \"user10\": \"2011031\",\n        \"user11\": \"2011031\",\n        \"user12\": \"U12\",\n        \"user13\": \"U13\",\n        \"user14\": \"U14\",\n        \"user15\": \"U15\",\n        \"demographic1\": \"USER DEMO 1\",\n        \"demographic2\": \"USER DEMO 2\",\n        \"demographic3\": \"USER DEMO 3\",\n        \"homePhoneFlag\": 1,\n        \"faxPhoneFlag\": 1,\n        \"mobilePhoneFlag\": 1,\n        \"emailFlag\": 1,\n        \"smsFlag\": 1,\n        \"lastName\": \"Gonzalez\",\n        \"middleName\": \"Pedro\",\n        \"firstName\": \"Juan\",\n        \"suffix\": \"Sr\",\n        \"county\": \"Orange\"\n      }\n    }\n  },\n  \"resvData\": {\n    \"reservedCode1\": \"<string>\",\n    \"reservedCode2\": \"<string>\",\n    \"reservedCode3\": \"<string>\",\n    \"reservedCode4\": \"<string>\",\n    \"reservedCode5\": \"<string>\",\n    \"reservedDate1\": \"<date>\",\n    \"reservedDate2\": \"<date>\",\n    \"reservedDate3\": \"<date>\",\n    \"reservedDate4\": \"<date>\",\n    \"reservedDate5\": \"<date>\",\n    \"reservedAmt1\": \"<number>\",\n    \"reservedAmt2\": \"<number>\",\n    \"reservedAmt3\": \"<number>\",\n    \"reservedAmt4\": \"<number>\",\n    \"reservedAmt5\": \"<number>\"\n  }\n}","options":{"raw":{"language":"json"}}}},"status":"Unauthorized","code":401,"header":[{"key":"Content-Type","value":"text/plain"}],"body":"","cookie":[],"_postman_previewlanguage":"text"},{"id":"2aa9aa98-4d56-4e35-95fd-190f558483d6","name":"Forbidden","originalRequest":{"url":{"path":["customer",""],"host":["{{baseUrl}}"],"query":[],"variable":[]},"header":[{"disabled":false,"description":"(Required) API Key","key":"apikey","value":"<string>"},{"disabled":false,"description":"(Required) Client ID","key":"X-ClientID","value":"<string>"}],"method":"POST","body":{"mode":"raw","raw":"{\n  \"customerData\": {\n    \"customerKeyData\": {\n      \"accountNumber\": \"9999995020000600000\",\n      \"customerNumber\": \"4513074002573466111\",\n      \"organizationNumber\": 807,\n      \"coOwnerIndicator\": 1,\n      \"dualFlag\": \"0\"\n    },\n    \"customerMiscellaneousData\": {\n      \"vipStatus\": 1,\n      \"sicCode\": 123456,\n      \"status\": \"9\"\n    },\n    \"ownerCoOwnerData\": {\n      \"ownerData\": {\n        \"postalCode\": \"12345679\",\n        \"maritalStatus\": \"1\",\n        \"nameLine1\": \"<string>\",\n        \"nameTypeIndicator1\": 0,\n        \"nameLine2\": \"OWN NAME L2 TEST9\",\n        \"nameTypeIndicator2\": 1,\n        \"nameLine3\": \"OWN NAME L3\",\n        \"nameTypeIndicator3\": 1,\n        \"houseNumber\": \"12349\",\n        \"houseName\": \"Could be apartment's name\",\n        \"houseAddress1\": \"OWN ADDR L19\",\n        \"houseAddress2\": \"OWN ADDR L29\",\n        \"houseAddress3\": \"OWN ADDR L39\",\n        \"houseAddress4\": \"OWN ADDR L49\",\n        \"city\": \"Sunshine\",\n        \"state\": \"FL\",\n        \"countryCode\": \"USA\",\n        \"ownOrRentResidenceFlag\": 2,\n        \"foreignIndicator\": \"A\",\n        \"languageIndicator\": \"ENG\",\n        \"mailingList\": \"1\",\n        \"contactIndicator\": 12,\n        \"genderCode\": 1,\n        \"carrierRoute1and2\": \"C1\",\n        \"carrierRoute3and4\": 11,\n        \"homePhoneNumber\": \"123-456-9990\",\n        \"homeFaxPhoneNumber\": \"223-456-7890\",\n        \"mobilePhoneNumber\": \"323-456-7890\",\n        \"dateOfBirth\": \"<date>\",\n        \"driverLicenseNumber\": \"123421\",\n        \"driverLicenseState\": \"<string>\",\n        \"driverLicenseCountry\": \"<string>\",\n        \"identificationNumberFlag\": 2,\n        \"identificationNumber\": \"123456789\",\n        \"dateOfFile\": \"<date>\",\n        \"statementMessageIndicator\": 1,\n        \"employerName\": \"Milton\",\n        \"employerAddress1\": \"EMP ADDR L1\",\n        \"employerAddress2\": \"EMP ADDR L2\",\n        \"employerPhoneNumber\": \"123-456-7890\",\n        \"employerExtensionPhoneNumber\": \"123456\",\n        \"employerPhoneFlag\": 1,\n        \"position\": \"CEO\",\n        \"relativeName\": \"Relative Name\",\n        \"numberOfDependents\": 999,\n        \"email\": \"ABC.DEF@yahoo.com\",\n        \"memo1\": \"Memo 1\",\n        \"memo2\": \"Memo 2\",\n        \"user1\": \"U1\",\n        \"user2\": \"U2\",\n        \"user3\": \"U323323\",\n        \"user4\": \"U\",\n        \"user5\": \"U\",\n        \"user6\": \"U6\",\n        \"user7\": \"U7\",\n        \"user8\": \"U8\",\n        \"user9\": \"U9\",\n        \"user10\": \"2011031\",\n        \"user11\": \"2011032\",\n        \"user12\": \"U12\",\n        \"user13\": \"U13\",\n        \"user14\": \"U14\",\n        \"user15\": \"U15\",\n        \"demographic1\": \"USER DEMO 1\",\n        \"demographic2\": \"USER DEMO 2\",\n        \"demographic3\": \"USER DEMO 3\",\n        \"homePhoneFlag\": 1,\n        \"faxPhoneFlag\": 1,\n        \"mobilePhoneFlag\": 1,\n        \"emailFlag\": 1,\n        \"smsFlag\": 1,\n        \"lastName\": \"Gonzalez\",\n        \"middleName\": \"Pedro\",\n        \"firstName\": \"Juan\",\n        \"suffix\": \"Sr\",\n        \"county\": \"Orange\"\n      },\n      \"coOwnerData\": {\n        \"postalCode\": \"12345679\",\n        \"maritalStatus\": \"1\",\n        \"nameLine1\": \"OWN NAME L2 TEST9\",\n        \"nameTypeIndicator1\": 0,\n        \"nameLine2\": \"OWN NAME L2 TEST9\",\n        \"nameTypeIndicator2\": 0,\n        \"nameLine3\": \"OWN NAME L3\",\n        \"nameTypeIndicator3\": 0,\n        \"houseNumber\": \"12349\",\n        \"houseName\": \"LILY RESIDENCE\",\n        \"houseAddress1\": \"OWN ADDR L19\",\n        \"houseAddress2\": \"OWN ADDR L19\",\n        \"houseAddress3\": \"OWN ADDR L19\",\n        \"houseAddress4\": \"OWN ADDR L19\",\n        \"city\": \"Sunshine\",\n        \"state\": \"FL\",\n        \"countryCode\": \"USA\",\n        \"ownOrRentResidenceFlag\": 2,\n        \"foreignIndicator\": \"A\",\n        \"languageIndicator\": \"ENG\",\n        \"mailingList\": \"1\",\n        \"contactIndicator\": 2,\n        \"genderCode\": 1,\n        \"carrierRoute1and2\": \"C1\",\n        \"carrierRoute3and4\": 11,\n        \"homePhoneNumber\": \"123-456-9990\",\n        \"homeFaxPhoneNumber\": \"223-456-7890\",\n        \"mobilePhoneNumber\": \"323-456-7890\",\n        \"dateOfBirth\": \"<date>\",\n        \"driverLicenseNumber\": \"<string>\",\n        \"driverLicenseState\": \"<string>\",\n        \"driverLicenseCountry\": \"<string>\",\n        \"identificationNumberFlag\": 2,\n        \"identificationNumber\": \"123456789\",\n        \"dateOfFile\": \"<date>\",\n        \"statementMessageIndicator\": 0,\n        \"employerName\": \"Milton\",\n        \"employerAddress1\": \"EMP ADDR L1\",\n        \"employerAddress2\": \"EMP ADDR L1\",\n        \"employerPhoneNumber\": \"123-456-7890\",\n        \"employerExtensionPhoneNumber\": \"123456\",\n        \"employerPhoneFlag\": 1,\n        \"position\": \"CEO\",\n        \"relativeName\": \"Relative Name\",\n        \"numberOfDependents\": 999,\n        \"email\": \"ABC.DEF@yahoo.com\",\n        \"memo1\": \"Memo 1\",\n        \"memo2\": \"Memo 2\",\n        \"user1\": \"U1\",\n        \"user2\": \"U2\",\n        \"user3\": \"U323323\",\n        \"user4\": \"U\",\n        \"user5\": \"U\",\n        \"user6\": \"U6\",\n        \"user7\": \"U7\",\n        \"user8\": \"U8\",\n        \"user9\": \"U9\",\n        \"user10\": \"2011031\",\n        \"user11\": \"2011031\",\n        \"user12\": \"U12\",\n        \"user13\": \"U13\",\n        \"user14\": \"U14\",\n        \"user15\": \"U15\",\n        \"demographic1\": \"USER DEMO 1\",\n        \"demographic2\": \"USER DEMO 2\",\n        \"demographic3\": \"USER DEMO 3\",\n        \"homePhoneFlag\": 1,\n        \"faxPhoneFlag\": 1,\n        \"mobilePhoneFlag\": 1,\n        \"emailFlag\": 1,\n        \"smsFlag\": 1,\n        \"lastName\": \"Gonzalez\",\n        \"middleName\": \"Pedro\",\n        \"firstName\": \"Juan\",\n        \"suffix\": \"Sr\",\n        \"county\": \"Orange\"\n      }\n    }\n  },\n  \"resvData\": {\n    \"reservedCode1\": \"<string>\",\n    \"reservedCode2\": \"<string>\",\n    \"reservedCode3\": \"<string>\",\n    \"reservedCode4\": \"<string>\",\n    \"reservedCode5\": \"<string>\",\n    \"reservedDate1\": \"<date>\",\n    \"reservedDate2\": \"<date>\",\n    \"reservedDate3\": \"<date>\",\n    \"reservedDate4\": \"<date>\",\n    \"reservedDate5\": \"<date>\",\n    \"reservedAmt1\": \"<number>\",\n    \"reservedAmt2\": \"<number>\",\n    \"reservedAmt3\": \"<number>\",\n    \"reservedAmt4\": \"<number>\",\n    \"reservedAmt5\": \"<number>\"\n  }\n}","options":{"raw":{"language":"json"}}}},"status":"Forbidden","code":403,"header":[{"key":"Content-Type","value":"text/plain"}],"body":"","cookie":[],"_postman_previewlanguage":"text"},{"id":"79fcbaa4-1cdf-4302-9512-457a75cb75f6","name":"Not Found","originalRequest":{"url":{"path":["customer",""],"host":["{{baseUrl}}"],"query":[],"variable":[]},"header":[{"disabled":false,"description":"(Required) API Key","key":"apikey","value":"<string>"},{"disabled":false,"description":"(Required) Client ID","key":"X-ClientID","value":"<string>"}],"method":"POST","body":{"mode":"raw","raw":"{\n  \"customerData\": {\n    \"customerKeyData\": {\n      \"accountNumber\": \"9999995020000600000\",\n      \"customerNumber\": \"4513074002573466111\",\n      \"organizationNumber\": 807,\n      \"coOwnerIndicator\": 1,\n      \"dualFlag\": \"0\"\n    },\n    \"customerMiscellaneousData\": {\n      \"vipStatus\": 1,\n      \"sicCode\": 123456,\n      \"status\": \"9\"\n    },\n    \"ownerCoOwnerData\": {\n      \"ownerData\": {\n        \"postalCode\": \"12345679\",\n        \"maritalStatus\": \"1\",\n        \"nameLine1\": \"<string>\",\n        \"nameTypeIndicator1\": 0,\n        \"nameLine2\": \"OWN NAME L2 TEST9\",\n        \"nameTypeIndicator2\": 1,\n        \"nameLine3\": \"OWN NAME L3\",\n        \"nameTypeIndicator3\": 1,\n        \"houseNumber\": \"12349\",\n        \"houseName\": \"Could be apartment's name\",\n        \"houseAddress1\": \"OWN ADDR L19\",\n        \"houseAddress2\": \"OWN ADDR L29\",\n        \"houseAddress3\": \"OWN ADDR L39\",\n        \"houseAddress4\": \"OWN ADDR L49\",\n        \"city\": \"Sunshine\",\n        \"state\": \"FL\",\n        \"countryCode\": \"USA\",\n        \"ownOrRentResidenceFlag\": 2,\n        \"foreignIndicator\": \"A\",\n        \"languageIndicator\": \"ENG\",\n        \"mailingList\": \"1\",\n        \"contactIndicator\": 12,\n        \"genderCode\": 1,\n        \"carrierRoute1and2\": \"C1\",\n        \"carrierRoute3and4\": 11,\n        \"homePhoneNumber\": \"123-456-9990\",\n        \"homeFaxPhoneNumber\": \"223-456-7890\",\n        \"mobilePhoneNumber\": \"323-456-7890\",\n        \"dateOfBirth\": \"<date>\",\n        \"driverLicenseNumber\": \"123421\",\n        \"driverLicenseState\": \"<string>\",\n        \"driverLicenseCountry\": \"<string>\",\n        \"identificationNumberFlag\": 2,\n        \"identificationNumber\": \"123456789\",\n        \"dateOfFile\": \"<date>\",\n        \"statementMessageIndicator\": 1,\n        \"employerName\": \"Milton\",\n        \"employerAddress1\": \"EMP ADDR L1\",\n        \"employerAddress2\": \"EMP ADDR L2\",\n        \"employerPhoneNumber\": \"123-456-7890\",\n        \"employerExtensionPhoneNumber\": \"123456\",\n        \"employerPhoneFlag\": 1,\n        \"position\": \"CEO\",\n        \"relativeName\": \"Relative Name\",\n        \"numberOfDependents\": 999,\n        \"email\": \"ABC.DEF@yahoo.com\",\n        \"memo1\": \"Memo 1\",\n        \"memo2\": \"Memo 2\",\n        \"user1\": \"U1\",\n        \"user2\": \"U2\",\n        \"user3\": \"U323323\",\n        \"user4\": \"U\",\n        \"user5\": \"U\",\n        \"user6\": \"U6\",\n        \"user7\": \"U7\",\n        \"user8\": \"U8\",\n        \"user9\": \"U9\",\n        \"user10\": \"2011031\",\n        \"user11\": \"2011032\",\n        \"user12\": \"U12\",\n        \"user13\": \"U13\",\n        \"user14\": \"U14\",\n        \"user15\": \"U15\",\n        \"demographic1\": \"USER DEMO 1\",\n        \"demographic2\": \"USER DEMO 2\",\n        \"demographic3\": \"USER DEMO 3\",\n        \"homePhoneFlag\": 1,\n        \"faxPhoneFlag\": 1,\n        \"mobilePhoneFlag\": 1,\n        \"emailFlag\": 1,\n        \"smsFlag\": 1,\n        \"lastName\": \"Gonzalez\",\n        \"middleName\": \"Pedro\",\n        \"firstName\": \"Juan\",\n        \"suffix\": \"Sr\",\n        \"county\": \"Orange\"\n      },\n      \"coOwnerData\": {\n        \"postalCode\": \"12345679\",\n        \"maritalStatus\": \"1\",\n        \"nameLine1\": \"OWN NAME L2 TEST9\",\n        \"nameTypeIndicator1\": 0,\n        \"nameLine2\": \"OWN NAME L2 TEST9\",\n        \"nameTypeIndicator2\": 0,\n        \"nameLine3\": \"OWN NAME L3\",\n        \"nameTypeIndicator3\": 0,\n        \"houseNumber\": \"12349\",\n        \"houseName\": \"LILY RESIDENCE\",\n        \"houseAddress1\": \"OWN ADDR L19\",\n        \"houseAddress2\": \"OWN ADDR L19\",\n        \"houseAddress3\": \"OWN ADDR L19\",\n        \"houseAddress4\": \"OWN ADDR L19\",\n        \"city\": \"Sunshine\",\n        \"state\": \"FL\",\n        \"countryCode\": \"USA\",\n        \"ownOrRentResidenceFlag\": 2,\n        \"foreignIndicator\": \"A\",\n        \"languageIndicator\": \"ENG\",\n        \"mailingList\": \"1\",\n        \"contactIndicator\": 2,\n        \"genderCode\": 1,\n        \"carrierRoute1and2\": \"C1\",\n        \"carrierRoute3and4\": 11,\n        \"homePhoneNumber\": \"123-456-9990\",\n        \"homeFaxPhoneNumber\": \"223-456-7890\",\n        \"mobilePhoneNumber\": \"323-456-7890\",\n        \"dateOfBirth\": \"<date>\",\n        \"driverLicenseNumber\": \"<string>\",\n        \"driverLicenseState\": \"<string>\",\n        \"driverLicenseCountry\": \"<string>\",\n        \"identificationNumberFlag\": 2,\n        \"identificationNumber\": \"123456789\",\n        \"dateOfFile\": \"<date>\",\n        \"statementMessageIndicator\": 0,\n        \"employerName\": \"Milton\",\n        \"employerAddress1\": \"EMP ADDR L1\",\n        \"employerAddress2\": \"EMP ADDR L1\",\n        \"employerPhoneNumber\": \"123-456-7890\",\n        \"employerExtensionPhoneNumber\": \"123456\",\n        \"employerPhoneFlag\": 1,\n        \"position\": \"CEO\",\n        \"relativeName\": \"Relative Name\",\n        \"numberOfDependents\": 999,\n        \"email\": \"ABC.DEF@yahoo.com\",\n        \"memo1\": \"Memo 1\",\n        \"memo2\": \"Memo 2\",\n        \"user1\": \"U1\",\n        \"user2\": \"U2\",\n        \"user3\": \"U323323\",\n        \"user4\": \"U\",\n        \"user5\": \"U\",\n        \"user6\": \"U6\",\n        \"user7\": \"U7\",\n        \"user8\": \"U8\",\n        \"user9\": \"U9\",\n        \"user10\": \"2011031\",\n        \"user11\": \"2011031\",\n        \"user12\": \"U12\",\n        \"user13\": \"U13\",\n        \"user14\": \"U14\",\n        \"user15\": \"U15\",\n        \"demographic1\": \"USER DEMO 1\",\n        \"demographic2\": \"USER DEMO 2\",\n        \"demographic3\": \"USER DEMO 3\",\n        \"homePhoneFlag\": 1,\n        \"faxPhoneFlag\": 1,\n        \"mobilePhoneFlag\": 1,\n        \"emailFlag\": 1,\n        \"smsFlag\": 1,\n        \"lastName\": \"Gonzalez\",\n        \"middleName\": \"Pedro\",\n        \"firstName\": \"Juan\",\n        \"suffix\": \"Sr\",\n        \"county\": \"Orange\"\n      }\n    }\n  },\n  \"resvData\": {\n    \"reservedCode1\": \"<string>\",\n    \"reservedCode2\": \"<string>\",\n    \"reservedCode3\": \"<string>\",\n    \"reservedCode4\": \"<string>\",\n    \"reservedCode5\": \"<string>\",\n    \"reservedDate1\": \"<date>\",\n    \"reservedDate2\": \"<date>\",\n    \"reservedDate3\": \"<date>\",\n    \"reservedDate4\": \"<date>\",\n    \"reservedDate5\": \"<date>\",\n    \"reservedAmt1\": \"<number>\",\n    \"reservedAmt2\": \"<number>\",\n    \"reservedAmt3\": \"<number>\",\n    \"reservedAmt4\": \"<number>\",\n    \"reservedAmt5\": \"<number>\"\n  }\n}","options":{"raw":{"language":"json"}}}},"status":"Not Found","code":404,"header":[{"key":"Content-Type","value":"text/plain"}],"body":"","cookie":[],"_postman_previewlanguage":"text"},{"id":"bfef3bd4-4b4c-4568-b6b7-0a565df8ca17","name":"Method Not Allowed","originalRequest":{"url":{"path":["customer",""],"host":["{{baseUrl}}"],"query":[],"variable":[]},"header":[{"disabled":false,"description":"(Required) API Key","key":"apikey","value":"<string>"},{"disabled":false,"description":"(Required) Client ID","key":"X-ClientID","value":"<string>"}],"method":"POST","body":{"mode":"raw","raw":"{\n  \"customerData\": {\n    \"customerKeyData\": {\n      \"accountNumber\": \"9999995020000600000\",\n      \"customerNumber\": \"4513074002573466111\",\n      \"organizationNumber\": 807,\n      \"coOwnerIndicator\": 1,\n      \"dualFlag\": \"0\"\n    },\n    \"customerMiscellaneousData\": {\n      \"vipStatus\": 1,\n      \"sicCode\": 123456,\n      \"status\": \"9\"\n    },\n    \"ownerCoOwnerData\": {\n      \"ownerData\": {\n        \"postalCode\": \"12345679\",\n        \"maritalStatus\": \"1\",\n        \"nameLine1\": \"<string>\",\n        \"nameTypeIndicator1\": 0,\n        \"nameLine2\": \"OWN NAME L2 TEST9\",\n        \"nameTypeIndicator2\": 1,\n        \"nameLine3\": \"OWN NAME L3\",\n        \"nameTypeIndicator3\": 1,\n        \"houseNumber\": \"12349\",\n        \"houseName\": \"Could be apartment's name\",\n        \"houseAddress1\": \"OWN ADDR L19\",\n        \"houseAddress2\": \"OWN ADDR L29\",\n        \"houseAddress3\": \"OWN ADDR L39\",\n        \"houseAddress4\": \"OWN ADDR L49\",\n        \"city\": \"Sunshine\",\n        \"state\": \"FL\",\n        \"countryCode\": \"USA\",\n        \"ownOrRentResidenceFlag\": 2,\n        \"foreignIndicator\": \"A\",\n        \"languageIndicator\": \"ENG\",\n        \"mailingList\": \"1\",\n        \"contactIndicator\": 12,\n        \"genderCode\": 1,\n        \"carrierRoute1and2\": \"C1\",\n        \"carrierRoute3and4\": 11,\n        \"homePhoneNumber\": \"123-456-9990\",\n        \"homeFaxPhoneNumber\": \"223-456-7890\",\n        \"mobilePhoneNumber\": \"323-456-7890\",\n        \"dateOfBirth\": \"<date>\",\n        \"driverLicenseNumber\": \"123421\",\n        \"driverLicenseState\": \"<string>\",\n        \"driverLicenseCountry\": \"<string>\",\n        \"identificationNumberFlag\": 2,\n        \"identificationNumber\": \"123456789\",\n        \"dateOfFile\": \"<date>\",\n        \"statementMessageIndicator\": 1,\n        \"employerName\": \"Milton\",\n        \"employerAddress1\": \"EMP ADDR L1\",\n        \"employerAddress2\": \"EMP ADDR L2\",\n        \"employerPhoneNumber\": \"123-456-7890\",\n        \"employerExtensionPhoneNumber\": \"123456\",\n        \"employerPhoneFlag\": 1,\n        \"position\": \"CEO\",\n        \"relativeName\": \"Relative Name\",\n        \"numberOfDependents\": 999,\n        \"email\": \"ABC.DEF@yahoo.com\",\n        \"memo1\": \"Memo 1\",\n        \"memo2\": \"Memo 2\",\n        \"user1\": \"U1\",\n        \"user2\": \"U2\",\n        \"user3\": \"U323323\",\n        \"user4\": \"U\",\n        \"user5\": \"U\",\n        \"user6\": \"U6\",\n        \"user7\": \"U7\",\n        \"user8\": \"U8\",\n        \"user9\": \"U9\",\n        \"user10\": \"2011031\",\n        \"user11\": \"2011032\",\n        \"user12\": \"U12\",\n        \"user13\": \"U13\",\n        \"user14\": \"U14\",\n        \"user15\": \"U15\",\n        \"demographic1\": \"USER DEMO 1\",\n        \"demographic2\": \"USER DEMO 2\",\n        \"demographic3\": \"USER DEMO 3\",\n        \"homePhoneFlag\": 1,\n        \"faxPhoneFlag\": 1,\n        \"mobilePhoneFlag\": 1,\n        \"emailFlag\": 1,\n        \"smsFlag\": 1,\n        \"lastName\": \"Gonzalez\",\n        \"middleName\": \"Pedro\",\n        \"firstName\": \"Juan\",\n        \"suffix\": \"Sr\",\n        \"county\": \"Orange\"\n      },\n      \"coOwnerData\": {\n        \"postalCode\": \"12345679\",\n        \"maritalStatus\": \"1\",\n        \"nameLine1\": \"OWN NAME L2 TEST9\",\n        \"nameTypeIndicator1\": 0,\n        \"nameLine2\": \"OWN NAME L2 TEST9\",\n        \"nameTypeIndicator2\": 0,\n        \"nameLine3\": \"OWN NAME L3\",\n        \"nameTypeIndicator3\": 0,\n        \"houseNumber\": \"12349\",\n        \"houseName\": \"LILY RESIDENCE\",\n        \"houseAddress1\": \"OWN ADDR L19\",\n        \"houseAddress2\": \"OWN ADDR L19\",\n        \"houseAddress3\": \"OWN ADDR L19\",\n        \"houseAddress4\": \"OWN ADDR L19\",\n        \"city\": \"Sunshine\",\n        \"state\": \"FL\",\n        \"countryCode\": \"USA\",\n        \"ownOrRentResidenceFlag\": 2,\n        \"foreignIndicator\": \"A\",\n        \"languageIndicator\": \"ENG\",\n        \"mailingList\": \"1\",\n        \"contactIndicator\": 2,\n        \"genderCode\": 1,\n        \"carrierRoute1and2\": \"C1\",\n        \"carrierRoute3and4\": 11,\n        \"homePhoneNumber\": \"123-456-9990\",\n        \"homeFaxPhoneNumber\": \"223-456-7890\",\n        \"mobilePhoneNumber\": \"323-456-7890\",\n        \"dateOfBirth\": \"<date>\",\n        \"driverLicenseNumber\": \"<string>\",\n        \"driverLicenseState\": \"<string>\",\n        \"driverLicenseCountry\": \"<string>\",\n        \"identificationNumberFlag\": 2,\n        \"identificationNumber\": \"123456789\",\n        \"dateOfFile\": \"<date>\",\n        \"statementMessageIndicator\": 0,\n        \"employerName\": \"Milton\",\n        \"employerAddress1\": \"EMP ADDR L1\",\n        \"employerAddress2\": \"EMP ADDR L1\",\n        \"employerPhoneNumber\": \"123-456-7890\",\n        \"employerExtensionPhoneNumber\": \"123456\",\n        \"employerPhoneFlag\": 1,\n        \"position\": \"CEO\",\n        \"relativeName\": \"Relative Name\",\n        \"numberOfDependents\": 999,\n        \"email\": \"ABC.DEF@yahoo.com\",\n        \"memo1\": \"Memo 1\",\n        \"memo2\": \"Memo 2\",\n        \"user1\": \"U1\",\n        \"user2\": \"U2\",\n        \"user3\": \"U323323\",\n        \"user4\": \"U\",\n        \"user5\": \"U\",\n        \"user6\": \"U6\",\n        \"user7\": \"U7\",\n        \"user8\": \"U8\",\n        \"user9\": \"U9\",\n        \"user10\": \"2011031\",\n        \"user11\": \"2011031\",\n        \"user12\": \"U12\",\n        \"user13\": \"U13\",\n        \"user14\": \"U14\",\n        \"user15\": \"U15\",\n        \"demographic1\": \"USER DEMO 1\",\n        \"demographic2\": \"USER DEMO 2\",\n        \"demographic3\": \"USER DEMO 3\",\n        \"homePhoneFlag\": 1,\n        \"faxPhoneFlag\": 1,\n        \"mobilePhoneFlag\": 1,\n        \"emailFlag\": 1,\n        \"smsFlag\": 1,\n        \"lastName\": \"Gonzalez\",\n        \"middleName\": \"Pedro\",\n        \"firstName\": \"Juan\",\n        \"suffix\": \"Sr\",\n        \"county\": \"Orange\"\n      }\n    }\n  },\n  \"resvData\": {\n    \"reservedCode1\": \"<string>\",\n    \"reservedCode2\": \"<string>\",\n    \"reservedCode3\": \"<string>\",\n    \"reservedCode4\": \"<string>\",\n    \"reservedCode5\": \"<string>\",\n    \"reservedDate1\": \"<date>\",\n    \"reservedDate2\": \"<date>\",\n    \"reservedDate3\": \"<date>\",\n    \"reservedDate4\": \"<date>\",\n    \"reservedDate5\": \"<date>\",\n    \"reservedAmt1\": \"<number>\",\n    \"reservedAmt2\": \"<number>\",\n    \"reservedAmt3\": \"<number>\",\n    \"reservedAmt4\": \"<number>\",\n    \"reservedAmt5\": \"<number>\"\n  }\n}","options":{"raw":{"language":"json"}}}},"status":"Method Not Allowed","code":405,"header":[{"key":"Content-Type","value":"text/plain"}],"body":"","cookie":[],"_postman_previewlanguage":"text"},{"id":"d53c9236-b3ef-4316-a4f4-9ff99f1d22e4","name":"Backend Error","originalRequest":{"url":{"path":["customer",""],"host":["{{baseUrl}}"],"query":[],"variable":[]},"header":[{"disabled":false,"description":"(Required) API Key","key":"apikey","value":"<string>"},{"disabled":false,"description":"(Required) Client ID","key":"X-ClientID","value":"<string>"},{"key":"Accept","value":"application/json"}],"method":"POST","body":{"mode":"raw","raw":"{\n  \"customerData\": {\n    \"customerKeyData\": {\n      \"accountNumber\": \"9999995020000600000\",\n      \"customerNumber\": \"4513074002573466111\",\n      \"organizationNumber\": 807,\n      \"coOwnerIndicator\": 1,\n      \"dualFlag\": \"0\"\n    },\n    \"customerMiscellaneousData\": {\n      \"vipStatus\": 1,\n      \"sicCode\": 123456,\n      \"status\": \"9\"\n    },\n    \"ownerCoOwnerData\": {\n      \"ownerData\": {\n        \"postalCode\": \"12345679\",\n        \"maritalStatus\": \"1\",\n        \"nameLine1\": \"<string>\",\n        \"nameTypeIndicator1\": 0,\n        \"nameLine2\": \"OWN NAME L2 TEST9\",\n        \"nameTypeIndicator2\": 1,\n        \"nameLine3\": \"OWN NAME L3\",\n        \"nameTypeIndicator3\": 1,\n        \"houseNumber\": \"12349\",\n        \"houseName\": \"Could be apartment's name\",\n        \"houseAddress1\": \"OWN ADDR L19\",\n        \"houseAddress2\": \"OWN ADDR L29\",\n        \"houseAddress3\": \"OWN ADDR L39\",\n        \"houseAddress4\": \"OWN ADDR L49\",\n        \"city\": \"Sunshine\",\n        \"state\": \"FL\",\n        \"countryCode\": \"USA\",\n        \"ownOrRentResidenceFlag\": 2,\n        \"foreignIndicator\": \"A\",\n        \"languageIndicator\": \"ENG\",\n        \"mailingList\": \"1\",\n        \"contactIndicator\": 12,\n        \"genderCode\": 1,\n        \"carrierRoute1and2\": \"C1\",\n        \"carrierRoute3and4\": 11,\n        \"homePhoneNumber\": \"123-456-9990\",\n        \"homeFaxPhoneNumber\": \"223-456-7890\",\n        \"mobilePhoneNumber\": \"323-456-7890\",\n        \"dateOfBirth\": \"<date>\",\n        \"driverLicenseNumber\": \"123421\",\n        \"driverLicenseState\": \"<string>\",\n        \"driverLicenseCountry\": \"<string>\",\n        \"identificationNumberFlag\": 2,\n        \"identificationNumber\": \"123456789\",\n        \"dateOfFile\": \"<date>\",\n        \"statementMessageIndicator\": 1,\n        \"employerName\": \"Milton\",\n        \"employerAddress1\": \"EMP ADDR L1\",\n        \"employerAddress2\": \"EMP ADDR L2\",\n        \"employerPhoneNumber\": \"123-456-7890\",\n        \"employerExtensionPhoneNumber\": \"123456\",\n        \"employerPhoneFlag\": 1,\n        \"position\": \"CEO\",\n        \"relativeName\": \"Relative Name\",\n        \"numberOfDependents\": 999,\n        \"email\": \"ABC.DEF@yahoo.com\",\n        \"memo1\": \"Memo 1\",\n        \"memo2\": \"Memo 2\",\n        \"user1\": \"U1\",\n        \"user2\": \"U2\",\n        \"user3\": \"U323323\",\n        \"user4\": \"U\",\n        \"user5\": \"U\",\n        \"user6\": \"U6\",\n        \"user7\": \"U7\",\n        \"user8\": \"U8\",\n        \"user9\": \"U9\",\n        \"user10\": \"2011031\",\n        \"user11\": \"2011032\",\n        \"user12\": \"U12\",\n        \"user13\": \"U13\",\n        \"user14\": \"U14\",\n        \"user15\": \"U15\",\n        \"demographic1\": \"USER DEMO 1\",\n        \"demographic2\": \"USER DEMO 2\",\n        \"demographic3\": \"USER DEMO 3\",\n        \"homePhoneFlag\": 1,\n        \"faxPhoneFlag\": 1,\n        \"mobilePhoneFlag\": 1,\n        \"emailFlag\": 1,\n        \"smsFlag\": 1,\n        \"lastName\": \"Gonzalez\",\n        \"middleName\": \"Pedro\",\n        \"firstName\": \"Juan\",\n        \"suffix\": \"Sr\",\n        \"county\": \"Orange\"\n      },\n      \"coOwnerData\": {\n        \"postalCode\": \"12345679\",\n        \"maritalStatus\": \"1\",\n        \"nameLine1\": \"OWN NAME L2 TEST9\",\n        \"nameTypeIndicator1\": 0,\n        \"nameLine2\": \"OWN NAME L2 TEST9\",\n        \"nameTypeIndicator2\": 0,\n        \"nameLine3\": \"OWN NAME L3\",\n        \"nameTypeIndicator3\": 0,\n        \"houseNumber\": \"12349\",\n        \"houseName\": \"LILY RESIDENCE\",\n        \"houseAddress1\": \"OWN ADDR L19\",\n        \"houseAddress2\": \"OWN ADDR L19\",\n        \"houseAddress3\": \"OWN ADDR L19\",\n        \"houseAddress4\": \"OWN ADDR L19\",\n        \"city\": \"Sunshine\",\n        \"state\": \"FL\",\n        \"countryCode\": \"USA\",\n        \"ownOrRentResidenceFlag\": 2,\n        \"foreignIndicator\": \"A\",\n        \"languageIndicator\": \"ENG\",\n        \"mailingList\": \"1\",\n        \"contactIndicator\": 2,\n        \"genderCode\": 1,\n        \"carrierRoute1and2\": \"C1\",\n        \"carrierRoute3and4\": 11,\n        \"homePhoneNumber\": \"123-456-9990\",\n        \"homeFaxPhoneNumber\": \"223-456-7890\",\n        \"mobilePhoneNumber\": \"323-456-7890\",\n        \"dateOfBirth\": \"<date>\",\n        \"driverLicenseNumber\": \"<string>\",\n        \"driverLicenseState\": \"<string>\",\n        \"driverLicenseCountry\": \"<string>\",\n        \"identificationNumberFlag\": 2,\n        \"identificationNumber\": \"123456789\",\n        \"dateOfFile\": \"<date>\",\n        \"statementMessageIndicator\": 0,\n        \"employerName\": \"Milton\",\n        \"employerAddress1\": \"EMP ADDR L1\",\n        \"employerAddress2\": \"EMP ADDR L1\",\n        \"employerPhoneNumber\": \"123-456-7890\",\n        \"employerExtensionPhoneNumber\": \"123456\",\n        \"employerPhoneFlag\": 1,\n        \"position\": \"CEO\",\n        \"relativeName\": \"Relative Name\",\n        \"numberOfDependents\": 999,\n        \"email\": \"ABC.DEF@yahoo.com\",\n        \"memo1\": \"Memo 1\",\n        \"memo2\": \"Memo 2\",\n        \"user1\": \"U1\",\n        \"user2\": \"U2\",\n        \"user3\": \"U323323\",\n        \"user4\": \"U\",\n        \"user5\": \"U\",\n        \"user6\": \"U6\",\n        \"user7\": \"U7\",\n        \"user8\": \"U8\",\n        \"user9\": \"U9\",\n        \"user10\": \"2011031\",\n        \"user11\": \"2011031\",\n        \"user12\": \"U12\",\n        \"user13\": \"U13\",\n        \"user14\": \"U14\",\n        \"user15\": \"U15\",\n        \"demographic1\": \"USER DEMO 1\",\n        \"demographic2\": \"USER DEMO 2\",\n        \"demographic3\": \"USER DEMO 3\",\n        \"homePhoneFlag\": 1,\n        \"faxPhoneFlag\": 1,\n        \"mobilePhoneFlag\": 1,\n        \"emailFlag\": 1,\n        \"smsFlag\": 1,\n        \"lastName\": \"Gonzalez\",\n        \"middleName\": \"Pedro\",\n        \"firstName\": \"Juan\",\n        \"suffix\": \"Sr\",\n        \"county\": \"Orange\"\n      }\n    }\n  },\n  \"resvData\": {\n    \"reservedCode1\": \"<string>\",\n    \"reservedCode2\": \"<string>\",\n    \"reservedCode3\": \"<string>\",\n    \"reservedCode4\": \"<string>\",\n    \"reservedCode5\": \"<string>\",\n    \"reservedDate1\": \"<date>\",\n    \"reservedDate2\": \"<date>\",\n    \"reservedDate3\": \"<date>\",\n    \"reservedDate4\": \"<date>\",\n    \"reservedDate5\": \"<date>\",\n    \"reservedAmt1\": \"<number>\",\n    \"reservedAmt2\": \"<number>\",\n    \"reservedAmt3\": \"<number>\",\n    \"reservedAmt4\": \"<number>\",\n    \"reservedAmt5\": \"<number>\"\n  }\n}","options":{"raw":{"language":"json"}}}},"status":"Internal Server Error","code":500,"header":[{"key":"Content-Type","value":"application/json"}],"body":"{\n  \"hasError\": false,\n  \"errors\": [\n    {\n      \"code\": \"sunt aliqua\",\n      \"description\": \"reprehenderit officia nulla velit\"\n    },\n    {\n      \"code\": \"et sint ea dolor irure\",\n      \"description\": \"mollit dolore ullamco irure\"\n    }\n  ],\n  \"data\": {}\n}","cookie":[],"_postman_previewlanguage":"json"}],"event":[],"protocolProfileBehavior":{"disableBodyPruning":true}},{"id":"0689d572-59f7-4af4-bddd-53fd19f9e6a9","name":"Get Cards Details l8v4. VMX Service: M.CMS.CUSTCHANNEL.INQ, L8V4","request":{"name":"Get Cards Details l8v4. VMX Service: M.CMS.CUSTCHANNEL.INQ, L8V4","description":{"content":"Get Customer Cards Details version 4. \nVMX Service: M.CMS.CUSTCHANNEL.INQ, L8V4","type":"text/plain"},"url":{"path":["customer","details-l8v4"],"host":["{{baseUrl}}"],"query":[],"variable":[]},"header":[{"disabled":false,"description":"(Required) API Key","key":"apikey","value":"<string>"},{"disabled":false,"description":"(Required) Client ID","key":"X-ClientID","value":"<string>"},{"key":"Content-Type","value":"application/json"},{"key":"Accept","value":"application/json"}],"method":"POST","auth":null,"body":{"mode":"raw","raw":"{\n  \"customerNumber\": \"<string>\",\n  \"organizationNumber\": \"<integer>\",\n  \"functionCode\": \"<string>\",\n  \"startItem\": {\n    \"startOrganization\": \"<string>\",\n    \"startAccount\": \"<string>\"\n  }\n}","options":{"raw":{"language":"json"}}}},"response":[{"id":"4a11ff38-630a-48af-88d7-ba2c3ffe15fd","name":"Success","originalRequest":{"url":{"path":["customer","details-l8v4"],"host":["{{baseUrl}}"],"query":[],"variable":[]},"header":[{"disabled":false,"description":"(Required) API Key","key":"apikey","value":"<string>"},{"disabled":false,"description":"(Required) Client ID","key":"X-ClientID","value":"<string>"},{"key":"Accept","value":"application/json"}],"method":"POST","body":{"mode":"raw","raw":"{\n  \"customerNumber\": \"4513074002573466583\",\n  \"organizationNumber\": 807,\n  \"functionCode\": \"<string>\",\n  \"startItem\": {\n    \"startOrganization\": \"<string>\",\n    \"startAccount\": \"<string>\"\n  }\n}","options":{"raw":{"language":"json"}}}},"status":"OK","code":200,"header":[{"key":"Content-Type","value":"application/json"}],"body":"{\n  \"itemsReturned\": \"dolor \",\n  \"more\": \"velit\",\n  \"customerNumber\": \"do ullamco\",\n  \"accountTable\": [\n    {\n      \"sequence\": 40687881,\n      \"cardNumber\": \"000540208ID5IXX3865\",\n      \"cardSequence\": -71041393,\n      \"cardBlockCode\": \"dolor minim\",\n      \"cardExpireDate\": \"1999-07-03\",\n      \"logo\": \"sint ex eu reprehenderit\",\n      \"productType\": \"officia\",\n      \"productDescription\": \"occaecat et ad do\",\n      \"accountNumber\": \"anim dolor culpa minim\",\n      \"accountStatus\": \"laboris ex ut incididunt\",\n      \"accountBlockCode1\": \"voluptate laboris\",\n      \"accountBlockCode2\": \"mollit elit adipisicing\",\n      \"billingCycle\": -56853520,\n      \"accountShortName\": \"sunt voluptate\",\n      \"accountDateLastCycle\": \"1994-11-06\",\n      \"pesosMinimumPayment\": 50358709.21690786,\n      \"dollarMinimumPayment\": -46868433.99571292,\n      \"pesosTotalPayment\": -7024623.076318458,\n      \"dollarTotalPayment\": -28241778.906594515,\n      \"pesosCurrentBalance\": -96572444.66493769,\n      \"dollarCurrentBalance\": 20198519.295106456,\n      \"totalCreditLimit\": -45389071.11661876,\n      \"pesosOpenToBuy\": 58602768.97452912,\n      \"pesosCashAvailable\": -30054923.709650844,\n      \"paymentDueDate\": \"1978-12-03\",\n      \"pesosMemoCredits\": 35926367.55809203,\n      \"pesosMemoDebits\": 63250128.615632296,\n      \"dollarMemoCredits\": -8497728.444727138,\n      \"dollarMemoDebits\": 18476909.444810733,\n      \"sobreCupo\": -68822434.20497543,\n      \"extraCupo\": -86748597.2177096,\n      \"previousCreditLimit\": 49764815.51643434,\n      \"beginDateTemporaryCreditLimit\": \"1984-08-05\",\n      \"expiryDateTemporaryCreditLimit\": \"2002-07-01\",\n      \"customerNumber\": \"laborum magna\",\n      \"relationshipNumber\": \"irure sed minim\",\n      \"exchangeRate\": -99593104.71731913\n    },\n    {\n      \"sequence\": -41918945,\n      \"cardNumber\": \"000540208ID5IXX3865\",\n      \"cardSequence\": 39062143,\n      \"cardBlockCode\": \"sint\",\n      \"cardExpireDate\": \"1960-10-23\",\n      \"logo\": \"qui consequat cillum magna ad\",\n      \"productType\": \"cillum\",\n      \"productDescription\": \"est fugiat dolor magna ad\",\n      \"accountNumber\": \"non quis\",\n      \"accountStatus\": \"do cupidatat quis\",\n      \"accountBlockCode1\": \"anim\",\n      \"accountBlockCode2\": \"magna in elit occaecat\",\n      \"billingCycle\": -14044038,\n      \"accountShortName\": \"proident dolore\",\n      \"accountDateLastCycle\": \"1983-01-13\",\n      \"pesosMinimumPayment\": 35646824.36285782,\n      \"dollarMinimumPayment\": -18203739.300511673,\n      \"pesosTotalPayment\": 34569123.50206557,\n      \"dollarTotalPayment\": -5591171.001511648,\n      \"pesosCurrentBalance\": 8407826.772576585,\n      \"dollarCurrentBalance\": 42846591.09198916,\n      \"totalCreditLimit\": -47653525.95385966,\n      \"pesosOpenToBuy\": 27139354.889950782,\n      \"pesosCashAvailable\": 57412512.339062214,\n      \"paymentDueDate\": \"1979-04-16\",\n      \"pesosMemoCredits\": -99683017.36226803,\n      \"pesosMemoDebits\": -83628153.7319946,\n      \"dollarMemoCredits\": 13495835.658233628,\n      \"dollarMemoDebits\": -23719971.59849988,\n      \"sobreCupo\": 97817013.26965278,\n      \"extraCupo\": 72925102.87153795,\n      \"previousCreditLimit\": 76383978.52636749,\n      \"beginDateTemporaryCreditLimit\": \"2007-02-24\",\n      \"expiryDateTemporaryCreditLimit\": \"1966-05-21\",\n      \"customerNumber\": \"ea eiusmod Ut non consequat\",\n      \"relationshipNumber\": \"sint do irure cillum\",\n      \"exchangeRate\": -21785915.4859605\n    }\n  ]\n}","cookie":[],"_postman_previewlanguage":"json"},{"id":"7f726f63-6587-4483-ae9f-439ba693690b","name":"Redirection","originalRequest":{"url":{"path":["customer","details-l8v4"],"host":["{{baseUrl}}"],"query":[],"variable":[]},"header":[{"disabled":false,"description":"(Required) API Key","key":"apikey","value":"<string>"},{"disabled":false,"description":"(Required) Client ID","key":"X-ClientID","value":"<string>"},{"key":"Accept","value":"application/json"}],"method":"POST","body":{"mode":"raw","raw":"{\n  \"customerNumber\": \"4513074002573466583\",\n  \"organizationNumber\": 807,\n  \"functionCode\": \"<string>\",\n  \"startItem\": {\n    \"startOrganization\": \"<string>\",\n    \"startAccount\": \"<string>\"\n  }\n}","options":{"raw":{"language":"json"}}}},"status":"Multiple Choices","code":300,"header":[{"key":"Content-Type","value":"application/json"}],"body":"{\n  \"hasError\": false,\n  \"errors\": [\n    {\n      \"code\": \"sunt aliqua\",\n      \"description\": \"reprehenderit officia nulla velit\"\n    },\n    {\n      \"code\": \"et sint ea dolor irure\",\n      \"description\": \"mollit dolore ullamco irure\"\n    }\n  ],\n  \"data\": {}\n}","cookie":[],"_postman_previewlanguage":"json"},{"id":"fc497ed9-df8b-4ad3-bdf1-b257422d8c5c","name":"Bad Request","originalRequest":{"url":{"path":["customer","details-l8v4"],"host":["{{baseUrl}}"],"query":[],"variable":[]},"header":[{"disabled":false,"description":"(Required) API Key","key":"apikey","value":"<string>"},{"disabled":false,"description":"(Required) Client ID","key":"X-ClientID","value":"<string>"}],"method":"POST","body":{"mode":"raw","raw":"{\n  \"customerNumber\": \"4513074002573466583\",\n  \"organizationNumber\": 807,\n  \"functionCode\": \"<string>\",\n  \"startItem\": {\n    \"startOrganization\": \"<string>\",\n    \"startAccount\": \"<string>\"\n  }\n}","options":{"raw":{"language":"json"}}}},"status":"Bad Request","code":400,"header":[{"key":"Content-Type","value":"text/plain"}],"body":"","cookie":[],"_postman_previewlanguage":"text"},{"id":"a401c4b4-2db8-4a60-a8c0-674ee66672b7","name":"Unauthorized","originalRequest":{"url":{"path":["customer","details-l8v4"],"host":["{{baseUrl}}"],"query":[],"variable":[]},"header":[{"disabled":false,"description":"(Required) API Key","key":"apikey","value":"<string>"},{"disabled":false,"description":"(Required) Client ID","key":"X-ClientID","value":"<string>"}],"method":"POST","body":{"mode":"raw","raw":"{\n  \"customerNumber\": \"4513074002573466583\",\n  \"organizationNumber\": 807,\n  \"functionCode\": \"<string>\",\n  \"startItem\": {\n    \"startOrganization\": \"<string>\",\n    \"startAccount\": \"<string>\"\n  }\n}","options":{"raw":{"language":"json"}}}},"status":"Unauthorized","code":401,"header":[{"key":"Content-Type","value":"text/plain"}],"body":"","cookie":[],"_postman_previewlanguage":"text"},{"id":"f781dfed-c94a-4187-a3a2-85538e131103","name":"Forbidden","originalRequest":{"url":{"path":["customer","details-l8v4"],"host":["{{baseUrl}}"],"query":[],"variable":[]},"header":[{"disabled":false,"description":"(Required) API Key","key":"apikey","value":"<string>"},{"disabled":false,"description":"(Required) Client ID","key":"X-ClientID","value":"<string>"}],"method":"POST","body":{"mode":"raw","raw":"{\n  \"customerNumber\": \"4513074002573466583\",\n  \"organizationNumber\": 807,\n  \"functionCode\": \"<string>\",\n  \"startItem\": {\n    \"startOrganization\": \"<string>\",\n    \"startAccount\": \"<string>\"\n  }\n}","options":{"raw":{"language":"json"}}}},"status":"Forbidden","code":403,"header":[{"key":"Content-Type","value":"text/plain"}],"body":"","cookie":[],"_postman_previewlanguage":"text"},{"id":"dd6c3a58-d376-465b-b128-4ff7738ed069","name":"Not Found","originalRequest":{"url":{"path":["customer","details-l8v4"],"host":["{{baseUrl}}"],"query":[],"variable":[]},"header":[{"disabled":false,"description":"(Required) API Key","key":"apikey","value":"<string>"},{"disabled":false,"description":"(Required) Client ID","key":"X-ClientID","value":"<string>"}],"method":"POST","body":{"mode":"raw","raw":"{\n  \"customerNumber\": \"4513074002573466583\",\n  \"organizationNumber\": 807,\n  \"functionCode\": \"<string>\",\n  \"startItem\": {\n    \"startOrganization\": \"<string>\",\n    \"startAccount\": \"<string>\"\n  }\n}","options":{"raw":{"language":"json"}}}},"status":"Not Found","code":404,"header":[{"key":"Content-Type","value":"text/plain"}],"body":"","cookie":[],"_postman_previewlanguage":"text"},{"id":"12086658-e597-492f-9e90-f81d7e55a412","name":"Method Not Allowed","originalRequest":{"url":{"path":["customer","details-l8v4"],"host":["{{baseUrl}}"],"query":[],"variable":[]},"header":[{"disabled":false,"description":"(Required) API Key","key":"apikey","value":"<string>"},{"disabled":false,"description":"(Required) Client ID","key":"X-ClientID","value":"<string>"}],"method":"POST","body":{"mode":"raw","raw":"{\n  \"customerNumber\": \"4513074002573466583\",\n  \"organizationNumber\": 807,\n  \"functionCode\": \"<string>\",\n  \"startItem\": {\n    \"startOrganization\": \"<string>\",\n    \"startAccount\": \"<string>\"\n  }\n}","options":{"raw":{"language":"json"}}}},"status":"Method Not Allowed","code":405,"header":[{"key":"Content-Type","value":"text/plain"}],"body":"","cookie":[],"_postman_previewlanguage":"text"},{"id":"407e01ca-22cd-4155-b23d-21656f86cb5f","name":"Backend Error","originalRequest":{"url":{"path":["customer","details-l8v4"],"host":["{{baseUrl}}"],"query":[],"variable":[]},"header":[{"disabled":false,"description":"(Required) API Key","key":"apikey","value":"<string>"},{"disabled":false,"description":"(Required) Client ID","key":"X-ClientID","value":"<string>"},{"key":"Accept","value":"application/json"}],"method":"POST","body":{"mode":"raw","raw":"{\n  \"customerNumber\": \"4513074002573466583\",\n  \"organizationNumber\": 807,\n  \"functionCode\": \"<string>\",\n  \"startItem\": {\n    \"startOrganization\": \"<string>\",\n    \"startAccount\": \"<string>\"\n  }\n}","options":{"raw":{"language":"json"}}}},"status":"Internal Server Error","code":500,"header":[{"key":"Content-Type","value":"application/json"}],"body":"{\n  \"hasError\": false,\n  \"errors\": [\n    {\n      \"code\": \"sunt aliqua\",\n      \"description\": \"reprehenderit officia nulla velit\"\n    },\n    {\n      \"code\": \"et sint ea dolor irure\",\n      \"description\": \"mollit dolore ullamco irure\"\n    }\n  ],\n  \"data\": {}\n}","cookie":[],"_postman_previewlanguage":"json"}],"event":[],"protocolProfileBehavior":{"disableBodyPruning":true}},{"id":"fa8d2d5c-280b-49b5-ba3a-fce2fbe8576f","name":"Inquire demographic data. VMX Service: M.CMS.DEMOGRAPHIC.INQ, R8V4","request":{"name":"Inquire demographic data. VMX Service: M.CMS.DEMOGRAPHIC.INQ, R8V4","description":{"content":"Requests demographic data from a Customer number. \nVMX Service: M.CMS.DEMOGRAPHIC.INQ, R8V4","type":"text/plain"},"url":{"path":["customer","demographicData"],"host":["{{baseUrl}}"],"query":[],"variable":[]},"header":[{"disabled":false,"description":"(Required) API Key","key":"apikey","value":"<string>"},{"disabled":false,"description":"(Required) Client ID","key":"X-ClientID","value":"<string>"},{"key":"Content-Type","value":"application/json"},{"key":"Accept","value":"application/json"}],"method":"POST","auth":null,"body":{"mode":"raw","raw":"{\n  \"customerAccountCardNumber\": \"<string>\",\n  \"numberType\": \"<string>\",\n  \"organizationNumber\": \"<integer>\",\n  \"foreignUseIndicator\": \"<string>\"\n}","options":{"raw":{"language":"json"}}}},"response":[{"id":"51b1556d-b66b-4e2e-b710-9141abf82762","name":"Success","originalRequest":{"url":{"path":["customer","demographicData"],"host":["{{baseUrl}}"],"query":[],"variable":[]},"header":[{"disabled":false,"description":"(Required) API Key","key":"apikey","value":"<string>"},{"disabled":false,"description":"(Required) Client ID","key":"X-ClientID","value":"<string>"},{"key":"Accept","value":"application/json"}],"method":"POST","body":{"mode":"raw","raw":"{\n  \"customerAccountCardNumber\": \"<string>\",\n  \"numberType\": \"0\",\n  \"organizationNumber\": 807,\n  \"foreignUseIndicator\": \"1\"\n}","options":{"raw":{"language":"json"}}}},"status":"OK","code":200,"header":[{"key":"Content-Type","value":"application/json"}],"body":"{\n  \"organizationNumber\": 807,\n  \"customerNumber\": \"culpa\",\n  \"addStatus\": -29894868,\n  \"status\": -77054340,\n  \"source\": \"sit Excepteur in\",\n  \"dateLastMaintenance\": \"2017-07-19\",\n  \"dateLastAddressChange\": \"1959-05-24\",\n  \"vipStatus\": \"1\",\n  \"sicCode\": 123456,\n  \"duplicateCurrency\": -36515639,\n  \"makerCoMakerIndicator\": \"sit sed\",\n  \"nameAddrData\": [\n    {\n      \"sequence\": 62418859,\n      \"relativeName\": \"Relative Name\",\n      \"title\": \"Monsieur\",\n      \"identificationNumberFlag\": \"1\",\n      \"identificationNumber\": \"25\",\n      \"homePhoneNumber\": \"123-456-9990\",\n      \"employerName\": \"Milton\",\n      \"employerAddress1\": \"EMP ADDR L1\",\n      \"employerAddress2\": \"EMP ADDR L2\",\n      \"employerPhoneFlag\": \"1\",\n      \"employerPhoneNumber\": \"123-456-7890\",\n      \"employerExtensionPhoneNumber\": \"123456\",\n      \"homeFaxPhoneNumber\": \"223-456-7890\",\n      \"mobilePhoneNumber\": \"323-456-7890\",\n      \"countryCode\": \"USA\",\n      \"postalCode\": \"12345679\",\n      \"position\": \"CEO\",\n      \"maritalStatus\": \"1\",\n      \"ownOrRentResidenceFlag\": \"2\",\n      \"languageIndicator\": \"ENG\",\n      \"carrierRoute\": {\n        \"carrierRoute1and2\": \"C1\",\n        \"carrierRoute3and4\": -2395581\n      },\n      \"mailingList\": \"1\",\n      \"dateOfBirth\": \"1990-09-12\",\n      \"foreignIndicator\": \"A\",\n      \"driverLicense\": {\n        \"driverLicenseCountry\": \"laborum adipis\",\n        \"driverLicenseState\": \"officia sit minim\",\n        \"driverLicenseNumber\": \"ea consectetur\"\n      },\n      \"w9Indicator\": -28942590,\n      \"w9DateSent\": \"1969-06-29\",\n      \"w9DateFiled\": \"1975-02-27\",\n      \"numberOfDependents\": -20389636,\n      \"statementMessageIndicator\": -65472957,\n      \"email\": \"ABC.DEF@yahoo.com\",\n      \"user1\": \"U1\",\n      \"user2\": \"U2\",\n      \"user3\": \"U323323\",\n      \"user4\": \"U\",\n      \"user5\": \"U\",\n      \"user6\": \"U6\",\n      \"user7\": \"U7\",\n      \"user8\": \"U8\",\n      \"user9\": \"U9\",\n      \"user10\": \"1973-02-27\",\n      \"user11\": \"1953-02-17\",\n      \"user12\": \"U12\",\n      \"user13\": \"U13\",\n      \"user14\": \"U14\",\n      \"user15\": \"U15\",\n      \"demographic1\": \"USER DEMO 1\",\n      \"demographic2\": \"USER DEMO 2\",\n      \"demographic3\": \"USER DEMO 3\",\n      \"nameTypeIndicator\": {\n        \"nameTypeIndicator1\": \"0\",\n        \"nameTypeIndicator2\": \"0\",\n        \"nameTypeIndicator3\": \"0\"\n      },\n      \"nameAddressData\": {\n        \"nameLine1\": \"sint enim ut ut\",\n        \"nameLine2\": \"OWN NAME L2 TEST9\",\n        \"nameLine3\": \"OWN NAME L3\",\n        \"houseNumber\": \"12349\",\n        \"houseName\": \"Could be apartment's name\",\n        \"houseAddress1\": \"OWN ADDR L19\",\n        \"houseAddress2\": \"OWN ADDR L29\",\n        \"houseAddress3\": \"OWN ADDR L39\",\n        \"houseAddress4\": \"OWN ADDR L49\",\n        \"cityAndState\": \"cillum aliqua\",\n        \"memo1\": \"Memo 1\",\n        \"memo2\": \"Memo 2\",\n        \"contactIndicator\": 39675929,\n        \"genderCode\": 1\n      },\n      \"homePhoneFlag\": \"sint consectetur dolore\",\n      \"faxPhoneFlag\": \"1\",\n      \"mobilePhoneFlag\": \"1\",\n      \"emailFlag\": \"1\",\n      \"smsFlag\": \"1\",\n      \"lastName\": \"Sivale\",\n      \"middleName\": \"Pedro\",\n      \"firstName\": \"Pavan\",\n      \"suffix\": \"Sr\",\n      \"county\": \"Orange\",\n      \"accountCardNumber\": \"451234567000000000\"\n    },\n    {\n      \"sequence\": -51268885,\n      \"relativeName\": \"Relative Name\",\n      \"title\": \"Monsieur\",\n      \"identificationNumberFlag\": \"1\",\n      \"identificationNumber\": \"25\",\n      \"homePhoneNumber\": \"123-456-9990\",\n      \"employerName\": \"Milton\",\n      \"employerAddress1\": \"EMP ADDR L1\",\n      \"employerAddress2\": \"EMP ADDR L2\",\n      \"employerPhoneFlag\": \"1\",\n      \"employerPhoneNumber\": \"123-456-7890\",\n      \"employerExtensionPhoneNumber\": \"123456\",\n      \"homeFaxPhoneNumber\": \"223-456-7890\",\n      \"mobilePhoneNumber\": \"323-456-7890\",\n      \"countryCode\": \"USA\",\n      \"postalCode\": \"12345679\",\n      \"position\": \"CEO\",\n      \"maritalStatus\": \"1\",\n      \"ownOrRentResidenceFlag\": \"2\",\n      \"languageIndicator\": \"ENG\",\n      \"carrierRoute\": {\n        \"carrierRoute1and2\": \"C1\",\n        \"carrierRoute3and4\": -82197991\n      },\n      \"mailingList\": \"1\",\n      \"dateOfBirth\": \"1988-06-13\",\n      \"foreignIndicator\": \"A\",\n      \"driverLicense\": {\n        \"driverLicenseCountry\": \"commodo amet tempor\",\n        \"driverLicenseState\": \"sit et\",\n        \"driverLicenseNumber\": \"aute sit\"\n      },\n      \"w9Indicator\": 53371745,\n      \"w9DateSent\": \"1981-03-18\",\n      \"w9DateFiled\": \"1976-12-14\",\n      \"numberOfDependents\": 86809163,\n      \"statementMessageIndicator\": 66768966,\n      \"email\": \"ABC.DEF@yahoo.com\",\n      \"user1\": \"U1\",\n      \"user2\": \"U2\",\n      \"user3\": \"U323323\",\n      \"user4\": \"U\",\n      \"user5\": \"U\",\n      \"user6\": \"U6\",\n      \"user7\": \"U7\",\n      \"user8\": \"U8\",\n      \"user9\": \"U9\",\n      \"user10\": \"1949-12-08\",\n      \"user11\": \"2014-04-05\",\n      \"user12\": \"U12\",\n      \"user13\": \"U13\",\n      \"user14\": \"U14\",\n      \"user15\": \"U15\",\n      \"demographic1\": \"USER DEMO 1\",\n      \"demographic2\": \"USER DEMO 2\",\n      \"demographic3\": \"USER DEMO 3\",\n      \"nameTypeIndicator\": {\n        \"nameTypeIndicator1\": \"0\",\n        \"nameTypeIndicator2\": \"0\",\n        \"nameTypeIndicator3\": \"0\"\n      },\n      \"nameAddressData\": {\n        \"nameLine1\": \"voluptate mollit esse ut et\",\n        \"nameLine2\": \"OWN NAME L2 TEST9\",\n        \"nameLine3\": \"OWN NAME L3\",\n        \"houseNumber\": \"12349\",\n        \"houseName\": \"Could be apartment's name\",\n        \"houseAddress1\": \"OWN ADDR L19\",\n        \"houseAddress2\": \"OWN ADDR L29\",\n        \"houseAddress3\": \"OWN ADDR L39\",\n        \"houseAddress4\": \"OWN ADDR L49\",\n        \"cityAndState\": \"elit\",\n        \"memo1\": \"Memo 1\",\n        \"memo2\": \"Memo 2\",\n        \"contactIndicator\": 90379372,\n        \"genderCode\": 1\n      },\n      \"homePhoneFlag\": \"Ut incididunt\",\n      \"faxPhoneFlag\": \"1\",\n      \"mobilePhoneFlag\": \"1\",\n      \"emailFlag\": \"1\",\n      \"smsFlag\": \"1\",\n      \"lastName\": \"Sivale\",\n      \"middleName\": \"Pedro\",\n      \"firstName\": \"Pavan\",\n      \"suffix\": \"Sr\",\n      \"county\": \"Orange\",\n      \"accountCardNumber\": \"451234567000000000\"\n    }\n  ]\n}","cookie":[],"_postman_previewlanguage":"json"},{"id":"e39a86c9-fc78-4ae2-9224-d45273b03490","name":"Redirection","originalRequest":{"url":{"path":["customer","demographicData"],"host":["{{baseUrl}}"],"query":[],"variable":[]},"header":[{"disabled":false,"description":"(Required) API Key","key":"apikey","value":"<string>"},{"disabled":false,"description":"(Required) Client ID","key":"X-ClientID","value":"<string>"},{"key":"Accept","value":"application/json"}],"method":"POST","body":{"mode":"raw","raw":"{\n  \"customerAccountCardNumber\": \"<string>\",\n  \"numberType\": \"0\",\n  \"organizationNumber\": 807,\n  \"foreignUseIndicator\": \"1\"\n}","options":{"raw":{"language":"json"}}}},"status":"Multiple Choices","code":300,"header":[{"key":"Content-Type","value":"application/json"}],"body":"{\n  \"hasError\": false,\n  \"errors\": [\n    {\n      \"code\": \"sunt aliqua\",\n      \"description\": \"reprehenderit officia nulla velit\"\n    },\n    {\n      \"code\": \"et sint ea dolor irure\",\n      \"description\": \"mollit dolore ullamco irure\"\n    }\n  ],\n  \"data\": {}\n}","cookie":[],"_postman_previewlanguage":"json"},{"id":"d5501871-874b-46a4-8e02-04b082a559fd","name":"Bad Request","originalRequest":{"url":{"path":["customer","demographicData"],"host":["{{baseUrl}}"],"query":[],"variable":[]},"header":[{"disabled":false,"description":"(Required) API Key","key":"apikey","value":"<string>"},{"disabled":false,"description":"(Required) Client ID","key":"X-ClientID","value":"<string>"}],"method":"POST","body":{"mode":"raw","raw":"{\n  \"customerAccountCardNumber\": \"<string>\",\n  \"numberType\": \"0\",\n  \"organizationNumber\": 807,\n  \"foreignUseIndicator\": \"1\"\n}","options":{"raw":{"language":"json"}}}},"status":"Bad Request","code":400,"header":[{"key":"Content-Type","value":"text/plain"}],"body":"","cookie":[],"_postman_previewlanguage":"text"},{"id":"0e8b73b0-e145-458c-a4c6-002d02d7912c","name":"Unauthorized","originalRequest":{"url":{"path":["customer","demographicData"],"host":["{{baseUrl}}"],"query":[],"variable":[]},"header":[{"disabled":false,"description":"(Required) API Key","key":"apikey","value":"<string>"},{"disabled":false,"description":"(Required) Client ID","key":"X-ClientID","value":"<string>"}],"method":"POST","body":{"mode":"raw","raw":"{\n  \"customerAccountCardNumber\": \"<string>\",\n  \"numberType\": \"0\",\n  \"organizationNumber\": 807,\n  \"foreignUseIndicator\": \"1\"\n}","options":{"raw":{"language":"json"}}}},"status":"Unauthorized","code":401,"header":[{"key":"Content-Type","value":"text/plain"}],"body":"","cookie":[],"_postman_previewlanguage":"text"},{"id":"bd2e610e-891e-4f03-86f5-65ef96d92632","name":"Forbidden","originalRequest":{"url":{"path":["customer","demographicData"],"host":["{{baseUrl}}"],"query":[],"variable":[]},"header":[{"disabled":false,"description":"(Required) API Key","key":"apikey","value":"<string>"},{"disabled":false,"description":"(Required) Client ID","key":"X-ClientID","value":"<string>"}],"method":"POST","body":{"mode":"raw","raw":"{\n  \"customerAccountCardNumber\": \"<string>\",\n  \"numberType\": \"0\",\n  \"organizationNumber\": 807,\n  \"foreignUseIndicator\": \"1\"\n}","options":{"raw":{"language":"json"}}}},"status":"Forbidden","code":403,"header":[{"key":"Content-Type","value":"text/plain"}],"body":"","cookie":[],"_postman_previewlanguage":"text"},{"id":"d81e3a5c-76fa-4351-a36f-91bf74b26c1d","name":"Not Found","originalRequest":{"url":{"path":["customer","demographicData"],"host":["{{baseUrl}}"],"query":[],"variable":[]},"header":[{"disabled":false,"description":"(Required) API Key","key":"apikey","value":"<string>"},{"disabled":false,"description":"(Required) Client ID","key":"X-ClientID","value":"<string>"}],"method":"POST","body":{"mode":"raw","raw":"{\n  \"customerAccountCardNumber\": \"<string>\",\n  \"numberType\": \"0\",\n  \"organizationNumber\": 807,\n  \"foreignUseIndicator\": \"1\"\n}","options":{"raw":{"language":"json"}}}},"status":"Not Found","code":404,"header":[{"key":"Content-Type","value":"text/plain"}],"body":"","cookie":[],"_postman_previewlanguage":"text"},{"id":"80144f65-ea19-44c3-bccf-40f1810c7b5a","name":"Method Not Allowed","originalRequest":{"url":{"path":["customer","demographicData"],"host":["{{baseUrl}}"],"query":[],"variable":[]},"header":[{"disabled":false,"description":"(Required) API Key","key":"apikey","value":"<string>"},{"disabled":false,"description":"(Required) Client ID","key":"X-ClientID","value":"<string>"}],"method":"POST","body":{"mode":"raw","raw":"{\n  \"customerAccountCardNumber\": \"<string>\",\n  \"numberType\": \"0\",\n  \"organizationNumber\": 807,\n  \"foreignUseIndicator\": \"1\"\n}","options":{"raw":{"language":"json"}}}},"status":"Method Not Allowed","code":405,"header":[{"key":"Content-Type","value":"text/plain"}],"body":"","cookie":[],"_postman_previewlanguage":"text"},{"id":"865f857c-45d5-4fcf-95bf-83f8b1aa73d7","name":"Backend Error","originalRequest":{"url":{"path":["customer","demographicData"],"host":["{{baseUrl}}"],"query":[],"variable":[]},"header":[{"disabled":false,"description":"(Required) API Key","key":"apikey","value":"<string>"},{"disabled":false,"description":"(Required) Client ID","key":"X-ClientID","value":"<string>"},{"key":"Accept","value":"application/json"}],"method":"POST","body":{"mode":"raw","raw":"{\n  \"customerAccountCardNumber\": \"<string>\",\n  \"numberType\": \"0\",\n  \"organizationNumber\": 807,\n  \"foreignUseIndicator\": \"1\"\n}","options":{"raw":{"language":"json"}}}},"status":"Internal Server Error","code":500,"header":[{"key":"Content-Type","value":"application/json"}],"body":"{\n  \"hasError\": false,\n  \"errors\": [\n    {\n      \"code\": \"sunt aliqua\",\n      \"description\": \"reprehenderit officia nulla velit\"\n    },\n    {\n      \"code\": \"et sint ea dolor irure\",\n      \"description\": \"mollit dolore ullamco irure\"\n    }\n  ],\n  \"data\": {}\n}","cookie":[],"_postman_previewlanguage":"json"}],"event":[],"protocolProfileBehavior":{"disableBodyPruning":true}}],"event":[]}],"event":[],"variable":[{"type":"string","value":"https://int.api.firstdata.com/latam-gfs-apis/portal","key":"baseUrl"}],"info":{"_postman_id":"aa8fe3b3-a3df-4a64-a4d6-eac11902f489","name":"FirstVision™ Customer Service - API Documentation","schema":"https://schema.getpostman.com/json/collection/v2.1.0/collection.json","description":{"content":"This documentation describes the REST APIs provided by the FirstVision™ Customer Microservice for Ualá.","type":"text/plain"}}}