{"item":[{"id":"c0ff0426-7b25-4a4b-a06a-cda8aea79c2e","name":"Add new Customer. VMX Service: M.CMS.CUSTOMER.ADD, R8V4","request":{"name":"Add new Customer. VMX Service: M.CMS.CUSTOMER.ADD, R8V4","description":{"content":"Creates a Customer number and adds demographical information to the Customer record. \nVMX Service: M.CMS.CUSTOMER.ADD, R8V4","type":"text/plain"},"url":{"path":["customer",""],"host":["{{baseUrl}}"],"query":[],"variable":[]},"header":[{"disabled":false,"description":"(Required) Client ID","key":"X-ClientID","value":"<string>"},{"disabled":false,"description":"HMAC signature used to verify the authenticity and integrity of data transmitted","key":"Signature","value":"<string>"},{"disabled":false,"description":"(Required) Unique identifier used to authorize the API request","key":"apikey","value":"<string>"},{"key":"Content-Type","value":"application/json"},{"key":"Accept","value":"application/json"}],"method":"POST","auth":null,"body":{"mode":"raw","raw":"{\n  \"customerData\": {\n    \"customerKeyData\": {\n      \"accountNumber\": \"<string>\",\n      \"customerNumber\": \"<string>\",\n      \"organizationNumber\": \"<integer>\",\n      \"coOwnerIndicator\": \"<integer>\",\n      \"dualFlag\": \"<string>\"\n    },\n    \"customerMiscellaneousData\": {\n      \"vipStatus\": \"<integer>\",\n      \"sicCode\": \"<integer>\",\n      \"status\": \"<string>\"\n    },\n    \"ownerCoOwnerData\": {\n      \"ownerData\": {\n        \"postalCode\": \"<string>\",\n        \"maritalStatus\": \"<string>\",\n        \"nameLine1\": \"<string>\",\n        \"nameTypeIndicator1\": \"<integer>\",\n        \"nameLine2\": \"<string>\",\n        \"nameTypeIndicator2\": \"<integer>\",\n        \"nameLine3\": \"<string>\",\n        \"nameTypeIndicator3\": \"<integer>\",\n        \"houseNumber\": \"<string>\",\n        \"houseName\": \"<string>\",\n        \"houseAddress1\": \"<string>\",\n        \"houseAddress2\": \"<string>\",\n        \"houseAddress3\": \"<string>\",\n        \"houseAddress4\": \"<string>\",\n        \"city\": \"<string>\",\n        \"state\": \"<string>\",\n        \"countryCode\": \"<string>\",\n        \"ownOrRentResidenceFlag\": \"<integer>\",\n        \"foreignIndicator\": \"<string>\",\n        \"languageIndicator\": \"<string>\",\n        \"mailingList\": \"<string>\",\n        \"contactIndicator\": \"<integer>\",\n        \"genderCode\": \"<integer>\",\n        \"carrierRoute1and2\": \"<string>\",\n        \"carrierRoute3and4\": \"<integer>\",\n        \"homePhoneNumber\": \"<string>\",\n        \"homeFaxPhoneNumber\": \"<string>\",\n        \"mobilePhoneNumber\": \"<string>\",\n        \"dateOfBirth\": \"<date>\",\n        \"driverLicenseNumber\": \"<string>\",\n        \"driverLicenseState\": \"<string>\",\n        \"driverLicenseCountry\": \"<string>\",\n        \"identificationNumberFlag\": \"<integer>\",\n        \"identificationNumber\": \"<string>\",\n        \"dateOfFile\": \"<date>\",\n        \"statementMessageIndicator\": \"<integer>\",\n        \"employerName\": \"<string>\",\n        \"employerAddress1\": \"<string>\",\n        \"employerAddress2\": \"<string>\",\n        \"employerPhoneNumber\": \"<string>\",\n        \"employerExtensionPhoneNumber\": \"<string>\",\n        \"employerPhoneFlag\": \"<integer>\",\n        \"position\": \"<string>\",\n        \"relativeName\": \"<string>\",\n        \"numberOfDependents\": \"<integer>\",\n        \"email\": \"<string>\",\n        \"memo1\": \"<string>\",\n        \"memo2\": \"<string>\",\n        \"user1\": \"<string>\",\n        \"user2\": \"<string>\",\n        \"user3\": \"<string>\",\n        \"user4\": \"<string>\",\n        \"user5\": \"<string>\",\n        \"user6\": \"<string>\",\n        \"user7\": \"<string>\",\n        \"user8\": \"<string>\",\n        \"user9\": \"<string>\",\n        \"user10\": \"<string>\",\n        \"user11\": \"<string>\",\n        \"user12\": \"<string>\",\n        \"user13\": \"<string>\",\n        \"user14\": \"<string>\",\n        \"user15\": \"<string>\",\n        \"demographic1\": \"<string>\",\n        \"demographic2\": \"<string>\",\n        \"demographic3\": \"<string>\",\n        \"homePhoneFlag\": \"<integer>\",\n        \"faxPhoneFlag\": \"<integer>\",\n        \"mobilePhoneFlag\": \"<integer>\",\n        \"emailFlag\": \"<integer>\",\n        \"smsFlag\": \"<integer>\",\n        \"lastName\": \"<string>\",\n        \"middleName\": \"<string>\",\n        \"firstName\": \"<string>\",\n        \"suffix\": \"<string>\",\n        \"county\": \"<string>\"\n      },\n      \"coOwnerData\": {\n        \"postalCode\": \"<string>\",\n        \"maritalStatus\": \"<string>\",\n        \"nameLine1\": \"<string>\",\n        \"nameTypeIndicator1\": \"<integer>\",\n        \"nameLine2\": \"<string>\",\n        \"nameTypeIndicator2\": \"<integer>\",\n        \"nameLine3\": \"<string>\",\n        \"nameTypeIndicator3\": \"<integer>\",\n        \"houseNumber\": \"<string>\",\n        \"houseName\": \"<string>\",\n        \"houseAddress1\": \"<string>\",\n        \"houseAddress2\": \"<string>\",\n        \"houseAddress3\": \"<string>\",\n        \"houseAddress4\": \"<string>\",\n        \"city\": \"<string>\",\n        \"state\": \"<string>\",\n        \"countryCode\": \"<string>\",\n        \"ownOrRentResidenceFlag\": \"<integer>\",\n        \"foreignIndicator\": \"<string>\",\n        \"languageIndicator\": \"<string>\",\n        \"mailingList\": \"<string>\",\n        \"contactIndicator\": \"<integer>\",\n        \"genderCode\": \"<integer>\",\n        \"carrierRoute1and2\": \"<string>\",\n        \"carrierRoute3and4\": \"<integer>\",\n        \"homePhoneNumber\": \"<string>\",\n        \"homeFaxPhoneNumber\": \"<string>\",\n        \"mobilePhoneNumber\": \"<string>\",\n        \"dateOfBirth\": \"<date>\",\n        \"driverLicenseNumber\": \"<string>\",\n        \"driverLicenseState\": \"<string>\",\n        \"driverLicenseCountry\": \"<string>\",\n        \"identificationNumberFlag\": \"<integer>\",\n        \"identificationNumber\": \"<string>\",\n        \"dateOfFile\": \"<date>\",\n        \"statementMessageIndicator\": \"<integer>\",\n        \"employerName\": \"<string>\",\n        \"employerAddress1\": \"<string>\",\n        \"employerAddress2\": \"<string>\",\n        \"employerPhoneNumber\": \"<string>\",\n        \"employerExtensionPhoneNumber\": \"<string>\",\n        \"employerPhoneFlag\": \"<integer>\",\n        \"position\": \"<string>\",\n        \"relativeName\": \"<string>\",\n        \"numberOfDependents\": \"<integer>\",\n        \"email\": \"<string>\",\n        \"memo1\": \"<string>\",\n        \"memo2\": \"<string>\",\n        \"user1\": \"<string>\",\n        \"user2\": \"<string>\",\n        \"user3\": \"<string>\",\n        \"user4\": \"<string>\",\n        \"user5\": \"<string>\",\n        \"user6\": \"<string>\",\n        \"user7\": \"<string>\",\n        \"user8\": \"<string>\",\n        \"user9\": \"<string>\",\n        \"user10\": \"<string>\",\n        \"user11\": \"<string>\",\n        \"user12\": \"<string>\",\n        \"user13\": \"<string>\",\n        \"user14\": \"<string>\",\n        \"user15\": \"<string>\",\n        \"demographic1\": \"<string>\",\n        \"demographic2\": \"<string>\",\n        \"demographic3\": \"<string>\",\n        \"homePhoneFlag\": \"<integer>\",\n        \"faxPhoneFlag\": \"<integer>\",\n        \"mobilePhoneFlag\": \"<integer>\",\n        \"emailFlag\": \"<integer>\",\n        \"smsFlag\": \"<integer>\",\n        \"lastName\": \"<string>\",\n        \"middleName\": \"<string>\",\n        \"firstName\": \"<string>\",\n        \"suffix\": \"<string>\",\n        \"county\": \"<string>\"\n      }\n    }\n  },\n  \"resvData\": {\n    \"reservedCode1\": \"<string>\",\n    \"reservedCode2\": \"<string>\",\n    \"reservedCode3\": \"<string>\",\n    \"reservedCode4\": \"<string>\",\n    \"reservedCode5\": \"<string>\",\n    \"reservedDate1\": \"<date>\",\n    \"reservedDate2\": \"<date>\",\n    \"reservedDate3\": \"<date>\",\n    \"reservedDate4\": \"<date>\",\n    \"reservedDate5\": \"<date>\",\n    \"reservedAmt1\": \"<number>\",\n    \"reservedAmt2\": \"<number>\",\n    \"reservedAmt3\": \"<number>\",\n    \"reservedAmt4\": \"<number>\",\n    \"reservedAmt5\": \"<number>\"\n  }\n}","options":{"raw":{"language":"json"}}}},"response":[{"id":"2dbe151c-27af-4cf5-8380-b3da93651158","name":"Success","originalRequest":{"url":{"path":["customer",""],"host":["{{baseUrl}}"],"query":[],"variable":[]},"header":[{"disabled":false,"description":"(Required) Client ID","key":"X-ClientID","value":"<string>"},{"disabled":false,"description":"HMAC signature used to verify the authenticity and integrity of data transmitted","key":"Signature","value":"qsLUH5gnBB5GBpbe9VX+byaTu7LR98pv4H/3g+6h2uk="},{"disabled":false,"description":"(Required) Authorization Bearer Token","key":"Authorization","value":"Bearer vAbsh53JHFSTR23esEtrUI864tt"},{"disabled":false,"description":"(Required) Unique identifier used to authorize the API request","key":"apikey","value":"<string>"},{"key":"Accept","value":"application/json"}],"method":"POST","body":{"mode":"raw","raw":"{\n  \"customerData\": {\n    \"customerKeyData\": {\n      \"accountNumber\": \"9999995020000600000\",\n      \"customerNumber\": \"4513074002573466111\",\n      \"organizationNumber\": 807,\n      \"coOwnerIndicator\": 1,\n      \"dualFlag\": \"0\"\n    },\n    \"customerMiscellaneousData\": {\n      \"vipStatus\": 1,\n      \"sicCode\": 123456,\n      \"status\": \"9\"\n    },\n    \"ownerCoOwnerData\": {\n      \"ownerData\": {\n        \"postalCode\": \"12345679\",\n        \"maritalStatus\": \"1\",\n        \"nameLine1\": \"<string>\",\n        \"nameTypeIndicator1\": 0,\n        \"nameLine2\": \"OWN NAME L2 TEST9\",\n        \"nameTypeIndicator2\": 1,\n        \"nameLine3\": \"OWN NAME L3\",\n        \"nameTypeIndicator3\": 1,\n        \"houseNumber\": \"12349\",\n        \"houseName\": \"Could be apartment's name\",\n        \"houseAddress1\": \"OWN ADDR L19\",\n        \"houseAddress2\": \"OWN ADDR L29\",\n        \"houseAddress3\": \"OWN ADDR L39\",\n        \"houseAddress4\": \"OWN ADDR L49\",\n        \"city\": \"Sunshine\",\n        \"state\": \"FL\",\n        \"countryCode\": \"USA\",\n        \"ownOrRentResidenceFlag\": 2,\n        \"foreignIndicator\": \"A\",\n        \"languageIndicator\": \"ENG\",\n        \"mailingList\": \"1\",\n        \"contactIndicator\": 12,\n        \"genderCode\": 1,\n        \"carrierRoute1and2\": \"C1\",\n        \"carrierRoute3and4\": 11,\n        \"homePhoneNumber\": \"123-456-9990\",\n        \"homeFaxPhoneNumber\": \"223-456-7890\",\n        \"mobilePhoneNumber\": \"323-456-7890\",\n        \"dateOfBirth\": \"<date>\",\n        \"driverLicenseNumber\": \"123421\",\n        \"driverLicenseState\": \"<string>\",\n        \"driverLicenseCountry\": \"<string>\",\n        \"identificationNumberFlag\": 2,\n        \"identificationNumber\": \"123456789\",\n        \"dateOfFile\": \"<date>\",\n        \"statementMessageIndicator\": 1,\n        \"employerName\": \"Milton\",\n        \"employerAddress1\": \"EMP ADDR L1\",\n        \"employerAddress2\": \"EMP ADDR L2\",\n        \"employerPhoneNumber\": \"123-456-7890\",\n        \"employerExtensionPhoneNumber\": \"123456\",\n        \"employerPhoneFlag\": 1,\n        \"position\": \"CEO\",\n        \"relativeName\": \"Relative Name\",\n        \"numberOfDependents\": 999,\n        \"email\": \"ABC.DEF@yahoo.com\",\n        \"memo1\": \"Memo 1\",\n        \"memo2\": \"Memo 2\",\n        \"user1\": \"U1\",\n        \"user2\": \"U2\",\n        \"user3\": \"U323323\",\n        \"user4\": \"U\",\n        \"user5\": \"U\",\n        \"user6\": \"U6\",\n        \"user7\": \"U7\",\n        \"user8\": \"U8\",\n        \"user9\": \"U9\",\n        \"user10\": \"2011031\",\n        \"user11\": \"2011032\",\n        \"user12\": \"U12\",\n        \"user13\": \"U13\",\n        \"user14\": \"U14\",\n        \"user15\": \"U15\",\n        \"demographic1\": \"USER DEMO 1\",\n        \"demographic2\": \"USER DEMO 2\",\n        \"demographic3\": \"USER DEMO 3\",\n        \"homePhoneFlag\": 1,\n        \"faxPhoneFlag\": 1,\n        \"mobilePhoneFlag\": 1,\n        \"emailFlag\": 1,\n        \"smsFlag\": 1,\n        \"lastName\": \"Gonzalez\",\n        \"middleName\": \"Pedro\",\n        \"firstName\": \"Juan\",\n        \"suffix\": \"Sr\",\n        \"county\": \"Orange\"\n      },\n      \"coOwnerData\": {\n        \"postalCode\": \"12345679\",\n        \"maritalStatus\": \"1\",\n        \"nameLine1\": \"OWN NAME L2 TEST9\",\n        \"nameTypeIndicator1\": 0,\n        \"nameLine2\": \"OWN NAME L2 TEST9\",\n        \"nameTypeIndicator2\": 0,\n        \"nameLine3\": \"OWN NAME L3\",\n        \"nameTypeIndicator3\": 0,\n        \"houseNumber\": \"12349\",\n        \"houseName\": \"LILY RESIDENCE\",\n        \"houseAddress1\": \"OWN ADDR L19\",\n        \"houseAddress2\": \"OWN ADDR L19\",\n        \"houseAddress3\": \"OWN ADDR L19\",\n        \"houseAddress4\": \"OWN ADDR L19\",\n        \"city\": \"Sunshine\",\n        \"state\": \"FL\",\n        \"countryCode\": \"USA\",\n        \"ownOrRentResidenceFlag\": 2,\n        \"foreignIndicator\": \"A\",\n        \"languageIndicator\": \"ENG\",\n        \"mailingList\": \"1\",\n        \"contactIndicator\": 2,\n        \"genderCode\": 1,\n        \"carrierRoute1and2\": \"C1\",\n        \"carrierRoute3and4\": 11,\n        \"homePhoneNumber\": \"123-456-9990\",\n        \"homeFaxPhoneNumber\": \"223-456-7890\",\n        \"mobilePhoneNumber\": \"323-456-7890\",\n        \"dateOfBirth\": \"<date>\",\n        \"driverLicenseNumber\": \"<string>\",\n        \"driverLicenseState\": \"<string>\",\n        \"driverLicenseCountry\": \"<string>\",\n        \"identificationNumberFlag\": 2,\n        \"identificationNumber\": \"123456789\",\n        \"dateOfFile\": \"<date>\",\n        \"statementMessageIndicator\": 0,\n        \"employerName\": \"Milton\",\n        \"employerAddress1\": \"EMP ADDR L1\",\n        \"employerAddress2\": \"EMP ADDR L1\",\n        \"employerPhoneNumber\": \"123-456-7890\",\n        \"employerExtensionPhoneNumber\": \"123456\",\n        \"employerPhoneFlag\": 1,\n        \"position\": \"CEO\",\n        \"relativeName\": \"Relative Name\",\n        \"numberOfDependents\": 999,\n        \"email\": \"ABC.DEF@yahoo.com\",\n        \"memo1\": \"Memo 1\",\n        \"memo2\": \"Memo 2\",\n        \"user1\": \"U1\",\n        \"user2\": \"U2\",\n        \"user3\": \"U323323\",\n        \"user4\": \"U\",\n        \"user5\": \"U\",\n        \"user6\": \"U6\",\n        \"user7\": \"U7\",\n        \"user8\": \"U8\",\n        \"user9\": \"U9\",\n        \"user10\": \"2011031\",\n        \"user11\": \"2011031\",\n        \"user12\": \"U12\",\n        \"user13\": \"U13\",\n        \"user14\": \"U14\",\n        \"user15\": \"U15\",\n        \"demographic1\": \"USER DEMO 1\",\n        \"demographic2\": \"USER DEMO 2\",\n        \"demographic3\": \"USER DEMO 3\",\n        \"homePhoneFlag\": 1,\n        \"faxPhoneFlag\": 1,\n        \"mobilePhoneFlag\": 1,\n        \"emailFlag\": 1,\n        \"smsFlag\": 1,\n        \"lastName\": \"Gonzalez\",\n        \"middleName\": \"Pedro\",\n        \"firstName\": \"Juan\",\n        \"suffix\": \"Sr\",\n        \"county\": \"Orange\"\n      }\n    }\n  },\n  \"resvData\": {\n    \"reservedCode1\": \"<string>\",\n    \"reservedCode2\": \"<string>\",\n    \"reservedCode3\": \"<string>\",\n    \"reservedCode4\": \"<string>\",\n    \"reservedCode5\": \"<string>\",\n    \"reservedDate1\": \"<date>\",\n    \"reservedDate2\": \"<date>\",\n    \"reservedDate3\": \"<date>\",\n    \"reservedDate4\": \"<date>\",\n    \"reservedDate5\": \"<date>\",\n    \"reservedAmt1\": \"<number>\",\n    \"reservedAmt2\": \"<number>\",\n    \"reservedAmt3\": \"<number>\",\n    \"reservedAmt4\": \"<number>\",\n    \"reservedAmt5\": \"<number>\"\n  }\n}","options":{"raw":{"language":"json"}}}},"status":"OK","code":200,"header":[{"key":"Content-Type","value":"application/json"}],"body":"{\n  \"organizationNumber\": 30081576,\n  \"organizationAssociatedToForeignAccount\": 83954498,\n  \"foreignCustomerOrganization\": -23889040,\n  \"accountNumber\": \"i\",\n  \"customerNumber\": \"sit cillum\",\n  \"reservedCode1\": 33260062,\n  \"reservedCode2\": -85629552,\n  \"reservedCode3\": -94535892,\n  \"reservedCode4\": 2345117,\n  \"reservedCode5\": -21228552,\n  \"reservedDate1\": \"1956-05-31\",\n  \"reservedDate2\": \"1980-10-13\",\n  \"reservedDate3\": \"1990-04-28\",\n  \"reservedDate4\": \"1971-12-05\",\n  \"reservedDate5\": \"2013-08-20\",\n  \"reservedAmt1\": -54475256.971162885,\n  \"reservedAmt2\": -757962.4614046961,\n  \"reservedAmt3\": -62951062.561974116,\n  \"reservedAmt4\": -77925214.98958957,\n  \"reservedAmt5\": -21550643.258970097\n}","cookie":[],"_postman_previewlanguage":"json"},{"id":"9c8af5bd-35f2-4536-b1dc-0719fc472cea","name":"Redirection","originalRequest":{"url":{"path":["customer",""],"host":["{{baseUrl}}"],"query":[],"variable":[]},"header":[{"disabled":false,"description":"(Required) Client ID","key":"X-ClientID","value":"<string>"},{"disabled":false,"description":"HMAC signature used to verify the authenticity and integrity of data transmitted","key":"Signature","value":"qsLUH5gnBB5GBpbe9VX+byaTu7LR98pv4H/3g+6h2uk="},{"disabled":false,"description":"(Required) Authorization Bearer Token","key":"Authorization","value":"Bearer vAbsh53JHFSTR23esEtrUI864tt"},{"disabled":false,"description":"(Required) Unique identifier used to authorize the API request","key":"apikey","value":"<string>"},{"key":"Accept","value":"application/json"}],"method":"POST","body":{"mode":"raw","raw":"{\n  \"customerData\": {\n    \"customerKeyData\": {\n      \"accountNumber\": \"9999995020000600000\",\n      \"customerNumber\": \"4513074002573466111\",\n      \"organizationNumber\": 807,\n      \"coOwnerIndicator\": 1,\n      \"dualFlag\": \"0\"\n    },\n    \"customerMiscellaneousData\": {\n      \"vipStatus\": 1,\n      \"sicCode\": 123456,\n      \"status\": \"9\"\n    },\n    \"ownerCoOwnerData\": {\n      \"ownerData\": {\n        \"postalCode\": \"12345679\",\n        \"maritalStatus\": \"1\",\n        \"nameLine1\": \"<string>\",\n        \"nameTypeIndicator1\": 0,\n        \"nameLine2\": \"OWN NAME L2 TEST9\",\n        \"nameTypeIndicator2\": 1,\n        \"nameLine3\": \"OWN NAME L3\",\n        \"nameTypeIndicator3\": 1,\n        \"houseNumber\": \"12349\",\n        \"houseName\": \"Could be apartment's name\",\n        \"houseAddress1\": \"OWN ADDR L19\",\n        \"houseAddress2\": \"OWN ADDR L29\",\n        \"houseAddress3\": \"OWN ADDR L39\",\n        \"houseAddress4\": \"OWN ADDR L49\",\n        \"city\": \"Sunshine\",\n        \"state\": \"FL\",\n        \"countryCode\": \"USA\",\n        \"ownOrRentResidenceFlag\": 2,\n        \"foreignIndicator\": \"A\",\n        \"languageIndicator\": \"ENG\",\n        \"mailingList\": \"1\",\n        \"contactIndicator\": 12,\n        \"genderCode\": 1,\n        \"carrierRoute1and2\": \"C1\",\n        \"carrierRoute3and4\": 11,\n        \"homePhoneNumber\": \"123-456-9990\",\n        \"homeFaxPhoneNumber\": \"223-456-7890\",\n        \"mobilePhoneNumber\": \"323-456-7890\",\n        \"dateOfBirth\": \"<date>\",\n        \"driverLicenseNumber\": \"123421\",\n        \"driverLicenseState\": \"<string>\",\n        \"driverLicenseCountry\": \"<string>\",\n        \"identificationNumberFlag\": 2,\n        \"identificationNumber\": \"123456789\",\n        \"dateOfFile\": \"<date>\",\n        \"statementMessageIndicator\": 1,\n        \"employerName\": \"Milton\",\n        \"employerAddress1\": \"EMP ADDR L1\",\n        \"employerAddress2\": \"EMP ADDR L2\",\n        \"employerPhoneNumber\": \"123-456-7890\",\n        \"employerExtensionPhoneNumber\": \"123456\",\n        \"employerPhoneFlag\": 1,\n        \"position\": \"CEO\",\n        \"relativeName\": \"Relative Name\",\n        \"numberOfDependents\": 999,\n        \"email\": \"ABC.DEF@yahoo.com\",\n        \"memo1\": \"Memo 1\",\n        \"memo2\": \"Memo 2\",\n        \"user1\": \"U1\",\n        \"user2\": \"U2\",\n        \"user3\": \"U323323\",\n        \"user4\": \"U\",\n        \"user5\": \"U\",\n        \"user6\": \"U6\",\n        \"user7\": \"U7\",\n        \"user8\": \"U8\",\n        \"user9\": \"U9\",\n        \"user10\": \"2011031\",\n        \"user11\": \"2011032\",\n        \"user12\": \"U12\",\n        \"user13\": \"U13\",\n        \"user14\": \"U14\",\n        \"user15\": \"U15\",\n        \"demographic1\": \"USER DEMO 1\",\n        \"demographic2\": \"USER DEMO 2\",\n        \"demographic3\": \"USER DEMO 3\",\n        \"homePhoneFlag\": 1,\n        \"faxPhoneFlag\": 1,\n        \"mobilePhoneFlag\": 1,\n        \"emailFlag\": 1,\n        \"smsFlag\": 1,\n        \"lastName\": \"Gonzalez\",\n        \"middleName\": \"Pedro\",\n        \"firstName\": \"Juan\",\n        \"suffix\": \"Sr\",\n        \"county\": \"Orange\"\n      },\n      \"coOwnerData\": {\n        \"postalCode\": \"12345679\",\n        \"maritalStatus\": \"1\",\n        \"nameLine1\": \"OWN NAME L2 TEST9\",\n        \"nameTypeIndicator1\": 0,\n        \"nameLine2\": \"OWN NAME L2 TEST9\",\n        \"nameTypeIndicator2\": 0,\n        \"nameLine3\": \"OWN NAME L3\",\n        \"nameTypeIndicator3\": 0,\n        \"houseNumber\": \"12349\",\n        \"houseName\": \"LILY RESIDENCE\",\n        \"houseAddress1\": \"OWN ADDR L19\",\n        \"houseAddress2\": \"OWN ADDR L19\",\n        \"houseAddress3\": \"OWN ADDR L19\",\n        \"houseAddress4\": \"OWN ADDR L19\",\n        \"city\": \"Sunshine\",\n        \"state\": \"FL\",\n        \"countryCode\": \"USA\",\n        \"ownOrRentResidenceFlag\": 2,\n        \"foreignIndicator\": \"A\",\n        \"languageIndicator\": \"ENG\",\n        \"mailingList\": \"1\",\n        \"contactIndicator\": 2,\n        \"genderCode\": 1,\n        \"carrierRoute1and2\": \"C1\",\n        \"carrierRoute3and4\": 11,\n        \"homePhoneNumber\": \"123-456-9990\",\n        \"homeFaxPhoneNumber\": \"223-456-7890\",\n        \"mobilePhoneNumber\": \"323-456-7890\",\n        \"dateOfBirth\": \"<date>\",\n        \"driverLicenseNumber\": \"<string>\",\n        \"driverLicenseState\": \"<string>\",\n        \"driverLicenseCountry\": \"<string>\",\n        \"identificationNumberFlag\": 2,\n        \"identificationNumber\": \"123456789\",\n        \"dateOfFile\": \"<date>\",\n        \"statementMessageIndicator\": 0,\n        \"employerName\": \"Milton\",\n        \"employerAddress1\": \"EMP ADDR L1\",\n        \"employerAddress2\": \"EMP ADDR L1\",\n        \"employerPhoneNumber\": \"123-456-7890\",\n        \"employerExtensionPhoneNumber\": \"123456\",\n        \"employerPhoneFlag\": 1,\n        \"position\": \"CEO\",\n        \"relativeName\": \"Relative Name\",\n        \"numberOfDependents\": 999,\n        \"email\": \"ABC.DEF@yahoo.com\",\n        \"memo1\": \"Memo 1\",\n        \"memo2\": \"Memo 2\",\n        \"user1\": \"U1\",\n        \"user2\": \"U2\",\n        \"user3\": \"U323323\",\n        \"user4\": \"U\",\n        \"user5\": \"U\",\n        \"user6\": \"U6\",\n        \"user7\": \"U7\",\n        \"user8\": \"U8\",\n        \"user9\": \"U9\",\n        \"user10\": \"2011031\",\n        \"user11\": \"2011031\",\n        \"user12\": \"U12\",\n        \"user13\": \"U13\",\n        \"user14\": \"U14\",\n        \"user15\": \"U15\",\n        \"demographic1\": \"USER DEMO 1\",\n        \"demographic2\": \"USER DEMO 2\",\n        \"demographic3\": \"USER DEMO 3\",\n        \"homePhoneFlag\": 1,\n        \"faxPhoneFlag\": 1,\n        \"mobilePhoneFlag\": 1,\n        \"emailFlag\": 1,\n        \"smsFlag\": 1,\n        \"lastName\": \"Gonzalez\",\n        \"middleName\": \"Pedro\",\n        \"firstName\": \"Juan\",\n        \"suffix\": \"Sr\",\n        \"county\": \"Orange\"\n      }\n    }\n  },\n  \"resvData\": {\n    \"reservedCode1\": \"<string>\",\n    \"reservedCode2\": \"<string>\",\n    \"reservedCode3\": \"<string>\",\n    \"reservedCode4\": \"<string>\",\n    \"reservedCode5\": \"<string>\",\n    \"reservedDate1\": \"<date>\",\n    \"reservedDate2\": \"<date>\",\n    \"reservedDate3\": \"<date>\",\n    \"reservedDate4\": \"<date>\",\n    \"reservedDate5\": \"<date>\",\n    \"reservedAmt1\": \"<number>\",\n    \"reservedAmt2\": \"<number>\",\n    \"reservedAmt3\": \"<number>\",\n    \"reservedAmt4\": \"<number>\",\n    \"reservedAmt5\": \"<number>\"\n  }\n}","options":{"raw":{"language":"json"}}}},"status":"Multiple Choices","code":300,"header":[{"key":"Content-Type","value":"application/json"}],"body":"{\n  \"hasError\": true,\n  \"errors\": [\n    {\n      \"code\": \"dolor fugiat est incididunt\",\n      \"description\": \"occaecat Lorem commodo eu\"\n    },\n    {\n      \"code\": \"ex\",\n      \"description\": \"incididunt\"\n    }\n  ],\n  \"data\": {}\n}","cookie":[],"_postman_previewlanguage":"json"},{"id":"bb145dda-9b7e-45a4-bc07-ca1c30b43975","name":"Bad Request","originalRequest":{"url":{"path":["customer",""],"host":["{{baseUrl}}"],"query":[],"variable":[]},"header":[{"disabled":false,"description":"(Required) Client ID","key":"X-ClientID","value":"<string>"},{"disabled":false,"description":"HMAC signature used to verify the authenticity and integrity of data transmitted","key":"Signature","value":"qsLUH5gnBB5GBpbe9VX+byaTu7LR98pv4H/3g+6h2uk="},{"disabled":false,"description":"(Required) Authorization Bearer Token","key":"Authorization","value":"Bearer vAbsh53JHFSTR23esEtrUI864tt"},{"disabled":false,"description":"(Required) Unique identifier used to authorize the API request","key":"apikey","value":"<string>"}],"method":"POST","body":{"mode":"raw","raw":"{\n  \"customerData\": {\n    \"customerKeyData\": {\n      \"accountNumber\": \"9999995020000600000\",\n      \"customerNumber\": \"4513074002573466111\",\n      \"organizationNumber\": 807,\n      \"coOwnerIndicator\": 1,\n      \"dualFlag\": \"0\"\n    },\n    \"customerMiscellaneousData\": {\n      \"vipStatus\": 1,\n      \"sicCode\": 123456,\n      \"status\": \"9\"\n    },\n    \"ownerCoOwnerData\": {\n      \"ownerData\": {\n        \"postalCode\": \"12345679\",\n        \"maritalStatus\": \"1\",\n        \"nameLine1\": \"<string>\",\n        \"nameTypeIndicator1\": 0,\n        \"nameLine2\": \"OWN NAME L2 TEST9\",\n        \"nameTypeIndicator2\": 1,\n        \"nameLine3\": \"OWN NAME L3\",\n        \"nameTypeIndicator3\": 1,\n        \"houseNumber\": \"12349\",\n        \"houseName\": \"Could be apartment's name\",\n        \"houseAddress1\": \"OWN ADDR L19\",\n        \"houseAddress2\": \"OWN ADDR L29\",\n        \"houseAddress3\": \"OWN ADDR L39\",\n        \"houseAddress4\": \"OWN ADDR L49\",\n        \"city\": \"Sunshine\",\n        \"state\": \"FL\",\n        \"countryCode\": \"USA\",\n        \"ownOrRentResidenceFlag\": 2,\n        \"foreignIndicator\": \"A\",\n        \"languageIndicator\": \"ENG\",\n        \"mailingList\": \"1\",\n        \"contactIndicator\": 12,\n        \"genderCode\": 1,\n        \"carrierRoute1and2\": \"C1\",\n        \"carrierRoute3and4\": 11,\n        \"homePhoneNumber\": \"123-456-9990\",\n        \"homeFaxPhoneNumber\": \"223-456-7890\",\n        \"mobilePhoneNumber\": \"323-456-7890\",\n        \"dateOfBirth\": \"<date>\",\n        \"driverLicenseNumber\": \"123421\",\n        \"driverLicenseState\": \"<string>\",\n        \"driverLicenseCountry\": \"<string>\",\n        \"identificationNumberFlag\": 2,\n        \"identificationNumber\": \"123456789\",\n        \"dateOfFile\": \"<date>\",\n        \"statementMessageIndicator\": 1,\n        \"employerName\": \"Milton\",\n        \"employerAddress1\": \"EMP ADDR L1\",\n        \"employerAddress2\": \"EMP ADDR L2\",\n        \"employerPhoneNumber\": \"123-456-7890\",\n        \"employerExtensionPhoneNumber\": \"123456\",\n        \"employerPhoneFlag\": 1,\n        \"position\": \"CEO\",\n        \"relativeName\": \"Relative Name\",\n        \"numberOfDependents\": 999,\n        \"email\": \"ABC.DEF@yahoo.com\",\n        \"memo1\": \"Memo 1\",\n        \"memo2\": \"Memo 2\",\n        \"user1\": \"U1\",\n        \"user2\": \"U2\",\n        \"user3\": \"U323323\",\n        \"user4\": \"U\",\n        \"user5\": \"U\",\n        \"user6\": \"U6\",\n        \"user7\": \"U7\",\n        \"user8\": \"U8\",\n        \"user9\": \"U9\",\n        \"user10\": \"2011031\",\n        \"user11\": \"2011032\",\n        \"user12\": \"U12\",\n        \"user13\": \"U13\",\n        \"user14\": \"U14\",\n        \"user15\": \"U15\",\n        \"demographic1\": \"USER DEMO 1\",\n        \"demographic2\": \"USER DEMO 2\",\n        \"demographic3\": \"USER DEMO 3\",\n        \"homePhoneFlag\": 1,\n        \"faxPhoneFlag\": 1,\n        \"mobilePhoneFlag\": 1,\n        \"emailFlag\": 1,\n        \"smsFlag\": 1,\n        \"lastName\": \"Gonzalez\",\n        \"middleName\": \"Pedro\",\n        \"firstName\": \"Juan\",\n        \"suffix\": \"Sr\",\n        \"county\": \"Orange\"\n      },\n      \"coOwnerData\": {\n        \"postalCode\": \"12345679\",\n        \"maritalStatus\": \"1\",\n        \"nameLine1\": \"OWN NAME L2 TEST9\",\n        \"nameTypeIndicator1\": 0,\n        \"nameLine2\": \"OWN NAME L2 TEST9\",\n        \"nameTypeIndicator2\": 0,\n        \"nameLine3\": \"OWN NAME L3\",\n        \"nameTypeIndicator3\": 0,\n        \"houseNumber\": \"12349\",\n        \"houseName\": \"LILY RESIDENCE\",\n        \"houseAddress1\": \"OWN ADDR L19\",\n        \"houseAddress2\": \"OWN ADDR L19\",\n        \"houseAddress3\": \"OWN ADDR L19\",\n        \"houseAddress4\": \"OWN ADDR L19\",\n        \"city\": \"Sunshine\",\n        \"state\": \"FL\",\n        \"countryCode\": \"USA\",\n        \"ownOrRentResidenceFlag\": 2,\n        \"foreignIndicator\": \"A\",\n        \"languageIndicator\": \"ENG\",\n        \"mailingList\": \"1\",\n        \"contactIndicator\": 2,\n        \"genderCode\": 1,\n        \"carrierRoute1and2\": \"C1\",\n        \"carrierRoute3and4\": 11,\n        \"homePhoneNumber\": \"123-456-9990\",\n        \"homeFaxPhoneNumber\": \"223-456-7890\",\n        \"mobilePhoneNumber\": \"323-456-7890\",\n        \"dateOfBirth\": \"<date>\",\n        \"driverLicenseNumber\": \"<string>\",\n        \"driverLicenseState\": \"<string>\",\n        \"driverLicenseCountry\": \"<string>\",\n        \"identificationNumberFlag\": 2,\n        \"identificationNumber\": \"123456789\",\n        \"dateOfFile\": \"<date>\",\n        \"statementMessageIndicator\": 0,\n        \"employerName\": \"Milton\",\n        \"employerAddress1\": \"EMP ADDR L1\",\n        \"employerAddress2\": \"EMP ADDR L1\",\n        \"employerPhoneNumber\": \"123-456-7890\",\n        \"employerExtensionPhoneNumber\": \"123456\",\n        \"employerPhoneFlag\": 1,\n        \"position\": \"CEO\",\n        \"relativeName\": \"Relative Name\",\n        \"numberOfDependents\": 999,\n        \"email\": \"ABC.DEF@yahoo.com\",\n        \"memo1\": \"Memo 1\",\n        \"memo2\": \"Memo 2\",\n        \"user1\": \"U1\",\n        \"user2\": \"U2\",\n        \"user3\": \"U323323\",\n        \"user4\": \"U\",\n        \"user5\": \"U\",\n        \"user6\": \"U6\",\n        \"user7\": \"U7\",\n        \"user8\": \"U8\",\n        \"user9\": \"U9\",\n        \"user10\": \"2011031\",\n        \"user11\": \"2011031\",\n        \"user12\": \"U12\",\n        \"user13\": \"U13\",\n        \"user14\": \"U14\",\n        \"user15\": \"U15\",\n        \"demographic1\": \"USER DEMO 1\",\n        \"demographic2\": \"USER DEMO 2\",\n        \"demographic3\": \"USER DEMO 3\",\n        \"homePhoneFlag\": 1,\n        \"faxPhoneFlag\": 1,\n        \"mobilePhoneFlag\": 1,\n        \"emailFlag\": 1,\n        \"smsFlag\": 1,\n        \"lastName\": \"Gonzalez\",\n        \"middleName\": \"Pedro\",\n        \"firstName\": \"Juan\",\n        \"suffix\": \"Sr\",\n        \"county\": \"Orange\"\n      }\n    }\n  },\n  \"resvData\": {\n    \"reservedCode1\": \"<string>\",\n    \"reservedCode2\": \"<string>\",\n    \"reservedCode3\": \"<string>\",\n    \"reservedCode4\": \"<string>\",\n    \"reservedCode5\": \"<string>\",\n    \"reservedDate1\": \"<date>\",\n    \"reservedDate2\": \"<date>\",\n    \"reservedDate3\": \"<date>\",\n    \"reservedDate4\": \"<date>\",\n    \"reservedDate5\": \"<date>\",\n    \"reservedAmt1\": \"<number>\",\n    \"reservedAmt2\": \"<number>\",\n    \"reservedAmt3\": \"<number>\",\n    \"reservedAmt4\": \"<number>\",\n    \"reservedAmt5\": \"<number>\"\n  }\n}","options":{"raw":{"language":"json"}}}},"status":"Bad Request","code":400,"header":[{"key":"Content-Type","value":"text/plain"}],"body":"","cookie":[],"_postman_previewlanguage":"text"},{"id":"e98a94ea-267c-4214-a86f-0bb3a2ea4c86","name":"Unauthorized","originalRequest":{"url":{"path":["customer",""],"host":["{{baseUrl}}"],"query":[],"variable":[]},"header":[{"disabled":false,"description":"(Required) Client ID","key":"X-ClientID","value":"<string>"},{"disabled":false,"description":"HMAC signature used to verify the authenticity and integrity of data transmitted","key":"Signature","value":"qsLUH5gnBB5GBpbe9VX+byaTu7LR98pv4H/3g+6h2uk="},{"disabled":false,"description":"(Required) Authorization Bearer Token","key":"Authorization","value":"Bearer vAbsh53JHFSTR23esEtrUI864tt"},{"disabled":false,"description":"(Required) Unique identifier used to authorize the API request","key":"apikey","value":"<string>"}],"method":"POST","body":{"mode":"raw","raw":"{\n  \"customerData\": {\n    \"customerKeyData\": {\n      \"accountNumber\": \"9999995020000600000\",\n      \"customerNumber\": \"4513074002573466111\",\n      \"organizationNumber\": 807,\n      \"coOwnerIndicator\": 1,\n      \"dualFlag\": \"0\"\n    },\n    \"customerMiscellaneousData\": {\n      \"vipStatus\": 1,\n      \"sicCode\": 123456,\n      \"status\": \"9\"\n    },\n    \"ownerCoOwnerData\": {\n      \"ownerData\": {\n        \"postalCode\": \"12345679\",\n        \"maritalStatus\": \"1\",\n        \"nameLine1\": \"<string>\",\n        \"nameTypeIndicator1\": 0,\n        \"nameLine2\": \"OWN NAME L2 TEST9\",\n        \"nameTypeIndicator2\": 1,\n        \"nameLine3\": \"OWN NAME L3\",\n        \"nameTypeIndicator3\": 1,\n        \"houseNumber\": \"12349\",\n        \"houseName\": \"Could be apartment's name\",\n        \"houseAddress1\": \"OWN ADDR L19\",\n        \"houseAddress2\": \"OWN ADDR L29\",\n        \"houseAddress3\": \"OWN ADDR L39\",\n        \"houseAddress4\": \"OWN ADDR L49\",\n        \"city\": \"Sunshine\",\n        \"state\": \"FL\",\n        \"countryCode\": \"USA\",\n        \"ownOrRentResidenceFlag\": 2,\n        \"foreignIndicator\": \"A\",\n        \"languageIndicator\": \"ENG\",\n        \"mailingList\": \"1\",\n        \"contactIndicator\": 12,\n        \"genderCode\": 1,\n        \"carrierRoute1and2\": \"C1\",\n        \"carrierRoute3and4\": 11,\n        \"homePhoneNumber\": \"123-456-9990\",\n        \"homeFaxPhoneNumber\": \"223-456-7890\",\n        \"mobilePhoneNumber\": \"323-456-7890\",\n        \"dateOfBirth\": \"<date>\",\n        \"driverLicenseNumber\": \"123421\",\n        \"driverLicenseState\": \"<string>\",\n        \"driverLicenseCountry\": \"<string>\",\n        \"identificationNumberFlag\": 2,\n        \"identificationNumber\": \"123456789\",\n        \"dateOfFile\": \"<date>\",\n        \"statementMessageIndicator\": 1,\n        \"employerName\": \"Milton\",\n        \"employerAddress1\": \"EMP ADDR L1\",\n        \"employerAddress2\": \"EMP ADDR L2\",\n        \"employerPhoneNumber\": \"123-456-7890\",\n        \"employerExtensionPhoneNumber\": \"123456\",\n        \"employerPhoneFlag\": 1,\n        \"position\": \"CEO\",\n        \"relativeName\": \"Relative Name\",\n        \"numberOfDependents\": 999,\n        \"email\": \"ABC.DEF@yahoo.com\",\n        \"memo1\": \"Memo 1\",\n        \"memo2\": \"Memo 2\",\n        \"user1\": \"U1\",\n        \"user2\": \"U2\",\n        \"user3\": \"U323323\",\n        \"user4\": \"U\",\n        \"user5\": \"U\",\n        \"user6\": \"U6\",\n        \"user7\": \"U7\",\n        \"user8\": \"U8\",\n        \"user9\": \"U9\",\n        \"user10\": \"2011031\",\n        \"user11\": \"2011032\",\n        \"user12\": \"U12\",\n        \"user13\": \"U13\",\n        \"user14\": \"U14\",\n        \"user15\": \"U15\",\n        \"demographic1\": \"USER DEMO 1\",\n        \"demographic2\": \"USER DEMO 2\",\n        \"demographic3\": \"USER DEMO 3\",\n        \"homePhoneFlag\": 1,\n        \"faxPhoneFlag\": 1,\n        \"mobilePhoneFlag\": 1,\n        \"emailFlag\": 1,\n        \"smsFlag\": 1,\n        \"lastName\": \"Gonzalez\",\n        \"middleName\": \"Pedro\",\n        \"firstName\": \"Juan\",\n        \"suffix\": \"Sr\",\n        \"county\": \"Orange\"\n      },\n      \"coOwnerData\": {\n        \"postalCode\": \"12345679\",\n        \"maritalStatus\": \"1\",\n        \"nameLine1\": \"OWN NAME L2 TEST9\",\n        \"nameTypeIndicator1\": 0,\n        \"nameLine2\": \"OWN NAME L2 TEST9\",\n        \"nameTypeIndicator2\": 0,\n        \"nameLine3\": \"OWN NAME L3\",\n        \"nameTypeIndicator3\": 0,\n        \"houseNumber\": \"12349\",\n        \"houseName\": \"LILY RESIDENCE\",\n        \"houseAddress1\": \"OWN ADDR L19\",\n        \"houseAddress2\": \"OWN ADDR L19\",\n        \"houseAddress3\": \"OWN ADDR L19\",\n        \"houseAddress4\": \"OWN ADDR L19\",\n        \"city\": \"Sunshine\",\n        \"state\": \"FL\",\n        \"countryCode\": \"USA\",\n        \"ownOrRentResidenceFlag\": 2,\n        \"foreignIndicator\": \"A\",\n        \"languageIndicator\": \"ENG\",\n        \"mailingList\": \"1\",\n        \"contactIndicator\": 2,\n        \"genderCode\": 1,\n        \"carrierRoute1and2\": \"C1\",\n        \"carrierRoute3and4\": 11,\n        \"homePhoneNumber\": \"123-456-9990\",\n        \"homeFaxPhoneNumber\": \"223-456-7890\",\n        \"mobilePhoneNumber\": \"323-456-7890\",\n        \"dateOfBirth\": \"<date>\",\n        \"driverLicenseNumber\": \"<string>\",\n        \"driverLicenseState\": \"<string>\",\n        \"driverLicenseCountry\": \"<string>\",\n        \"identificationNumberFlag\": 2,\n        \"identificationNumber\": \"123456789\",\n        \"dateOfFile\": \"<date>\",\n        \"statementMessageIndicator\": 0,\n        \"employerName\": \"Milton\",\n        \"employerAddress1\": \"EMP ADDR L1\",\n        \"employerAddress2\": \"EMP ADDR L1\",\n        \"employerPhoneNumber\": \"123-456-7890\",\n        \"employerExtensionPhoneNumber\": \"123456\",\n        \"employerPhoneFlag\": 1,\n        \"position\": \"CEO\",\n        \"relativeName\": \"Relative Name\",\n        \"numberOfDependents\": 999,\n        \"email\": \"ABC.DEF@yahoo.com\",\n        \"memo1\": \"Memo 1\",\n        \"memo2\": \"Memo 2\",\n        \"user1\": \"U1\",\n        \"user2\": \"U2\",\n        \"user3\": \"U323323\",\n        \"user4\": \"U\",\n        \"user5\": \"U\",\n        \"user6\": \"U6\",\n        \"user7\": \"U7\",\n        \"user8\": \"U8\",\n        \"user9\": \"U9\",\n        \"user10\": \"2011031\",\n        \"user11\": \"2011031\",\n        \"user12\": \"U12\",\n        \"user13\": \"U13\",\n        \"user14\": \"U14\",\n        \"user15\": \"U15\",\n        \"demographic1\": \"USER DEMO 1\",\n        \"demographic2\": \"USER DEMO 2\",\n        \"demographic3\": \"USER DEMO 3\",\n        \"homePhoneFlag\": 1,\n        \"faxPhoneFlag\": 1,\n        \"mobilePhoneFlag\": 1,\n        \"emailFlag\": 1,\n        \"smsFlag\": 1,\n        \"lastName\": \"Gonzalez\",\n        \"middleName\": \"Pedro\",\n        \"firstName\": \"Juan\",\n        \"suffix\": \"Sr\",\n        \"county\": \"Orange\"\n      }\n    }\n  },\n  \"resvData\": {\n    \"reservedCode1\": \"<string>\",\n    \"reservedCode2\": \"<string>\",\n    \"reservedCode3\": \"<string>\",\n    \"reservedCode4\": \"<string>\",\n    \"reservedCode5\": \"<string>\",\n    \"reservedDate1\": \"<date>\",\n    \"reservedDate2\": \"<date>\",\n    \"reservedDate3\": \"<date>\",\n    \"reservedDate4\": \"<date>\",\n    \"reservedDate5\": \"<date>\",\n    \"reservedAmt1\": \"<number>\",\n    \"reservedAmt2\": \"<number>\",\n    \"reservedAmt3\": \"<number>\",\n    \"reservedAmt4\": \"<number>\",\n    \"reservedAmt5\": \"<number>\"\n  }\n}","options":{"raw":{"language":"json"}}}},"status":"Unauthorized","code":401,"header":[{"key":"Content-Type","value":"text/plain"}],"body":"","cookie":[],"_postman_previewlanguage":"text"},{"id":"6b573235-bfeb-4573-8298-513e752895b3","name":"Forbidden","originalRequest":{"url":{"path":["customer",""],"host":["{{baseUrl}}"],"query":[],"variable":[]},"header":[{"disabled":false,"description":"(Required) Client ID","key":"X-ClientID","value":"<string>"},{"disabled":false,"description":"HMAC signature used to verify the authenticity and integrity of data transmitted","key":"Signature","value":"qsLUH5gnBB5GBpbe9VX+byaTu7LR98pv4H/3g+6h2uk="},{"disabled":false,"description":"(Required) Authorization Bearer Token","key":"Authorization","value":"Bearer vAbsh53JHFSTR23esEtrUI864tt"},{"disabled":false,"description":"(Required) Unique identifier used to authorize the API request","key":"apikey","value":"<string>"}],"method":"POST","body":{"mode":"raw","raw":"{\n  \"customerData\": {\n    \"customerKeyData\": {\n      \"accountNumber\": \"9999995020000600000\",\n      \"customerNumber\": \"4513074002573466111\",\n      \"organizationNumber\": 807,\n      \"coOwnerIndicator\": 1,\n      \"dualFlag\": \"0\"\n    },\n    \"customerMiscellaneousData\": {\n      \"vipStatus\": 1,\n      \"sicCode\": 123456,\n      \"status\": \"9\"\n    },\n    \"ownerCoOwnerData\": {\n      \"ownerData\": {\n        \"postalCode\": \"12345679\",\n        \"maritalStatus\": \"1\",\n        \"nameLine1\": \"<string>\",\n        \"nameTypeIndicator1\": 0,\n        \"nameLine2\": \"OWN NAME L2 TEST9\",\n        \"nameTypeIndicator2\": 1,\n        \"nameLine3\": \"OWN NAME L3\",\n        \"nameTypeIndicator3\": 1,\n        \"houseNumber\": \"12349\",\n        \"houseName\": \"Could be apartment's name\",\n        \"houseAddress1\": \"OWN ADDR L19\",\n        \"houseAddress2\": \"OWN ADDR L29\",\n        \"houseAddress3\": \"OWN ADDR L39\",\n        \"houseAddress4\": \"OWN ADDR L49\",\n        \"city\": \"Sunshine\",\n        \"state\": \"FL\",\n        \"countryCode\": \"USA\",\n        \"ownOrRentResidenceFlag\": 2,\n        \"foreignIndicator\": \"A\",\n        \"languageIndicator\": \"ENG\",\n        \"mailingList\": \"1\",\n        \"contactIndicator\": 12,\n        \"genderCode\": 1,\n        \"carrierRoute1and2\": \"C1\",\n        \"carrierRoute3and4\": 11,\n        \"homePhoneNumber\": \"123-456-9990\",\n        \"homeFaxPhoneNumber\": \"223-456-7890\",\n        \"mobilePhoneNumber\": \"323-456-7890\",\n        \"dateOfBirth\": \"<date>\",\n        \"driverLicenseNumber\": \"123421\",\n        \"driverLicenseState\": \"<string>\",\n        \"driverLicenseCountry\": \"<string>\",\n        \"identificationNumberFlag\": 2,\n        \"identificationNumber\": \"123456789\",\n        \"dateOfFile\": \"<date>\",\n        \"statementMessageIndicator\": 1,\n        \"employerName\": \"Milton\",\n        \"employerAddress1\": \"EMP ADDR L1\",\n        \"employerAddress2\": \"EMP ADDR L2\",\n        \"employerPhoneNumber\": \"123-456-7890\",\n        \"employerExtensionPhoneNumber\": \"123456\",\n        \"employerPhoneFlag\": 1,\n        \"position\": \"CEO\",\n        \"relativeName\": \"Relative Name\",\n        \"numberOfDependents\": 999,\n        \"email\": \"ABC.DEF@yahoo.com\",\n        \"memo1\": \"Memo 1\",\n        \"memo2\": \"Memo 2\",\n        \"user1\": \"U1\",\n        \"user2\": \"U2\",\n        \"user3\": \"U323323\",\n        \"user4\": \"U\",\n        \"user5\": \"U\",\n        \"user6\": \"U6\",\n        \"user7\": \"U7\",\n        \"user8\": \"U8\",\n        \"user9\": \"U9\",\n        \"user10\": \"2011031\",\n        \"user11\": \"2011032\",\n        \"user12\": \"U12\",\n        \"user13\": \"U13\",\n        \"user14\": \"U14\",\n        \"user15\": \"U15\",\n        \"demographic1\": \"USER DEMO 1\",\n        \"demographic2\": \"USER DEMO 2\",\n        \"demographic3\": \"USER DEMO 3\",\n        \"homePhoneFlag\": 1,\n        \"faxPhoneFlag\": 1,\n        \"mobilePhoneFlag\": 1,\n        \"emailFlag\": 1,\n        \"smsFlag\": 1,\n        \"lastName\": \"Gonzalez\",\n        \"middleName\": \"Pedro\",\n        \"firstName\": \"Juan\",\n        \"suffix\": \"Sr\",\n        \"county\": \"Orange\"\n      },\n      \"coOwnerData\": {\n        \"postalCode\": \"12345679\",\n        \"maritalStatus\": \"1\",\n        \"nameLine1\": \"OWN NAME L2 TEST9\",\n        \"nameTypeIndicator1\": 0,\n        \"nameLine2\": \"OWN NAME L2 TEST9\",\n        \"nameTypeIndicator2\": 0,\n        \"nameLine3\": \"OWN NAME L3\",\n        \"nameTypeIndicator3\": 0,\n        \"houseNumber\": \"12349\",\n        \"houseName\": \"LILY RESIDENCE\",\n        \"houseAddress1\": \"OWN ADDR L19\",\n        \"houseAddress2\": \"OWN ADDR L19\",\n        \"houseAddress3\": \"OWN ADDR L19\",\n        \"houseAddress4\": \"OWN ADDR L19\",\n        \"city\": \"Sunshine\",\n        \"state\": \"FL\",\n        \"countryCode\": \"USA\",\n        \"ownOrRentResidenceFlag\": 2,\n        \"foreignIndicator\": \"A\",\n        \"languageIndicator\": \"ENG\",\n        \"mailingList\": \"1\",\n        \"contactIndicator\": 2,\n        \"genderCode\": 1,\n        \"carrierRoute1and2\": \"C1\",\n        \"carrierRoute3and4\": 11,\n        \"homePhoneNumber\": \"123-456-9990\",\n        \"homeFaxPhoneNumber\": \"223-456-7890\",\n        \"mobilePhoneNumber\": \"323-456-7890\",\n        \"dateOfBirth\": \"<date>\",\n        \"driverLicenseNumber\": \"<string>\",\n        \"driverLicenseState\": \"<string>\",\n        \"driverLicenseCountry\": \"<string>\",\n        \"identificationNumberFlag\": 2,\n        \"identificationNumber\": \"123456789\",\n        \"dateOfFile\": \"<date>\",\n        \"statementMessageIndicator\": 0,\n        \"employerName\": \"Milton\",\n        \"employerAddress1\": \"EMP ADDR L1\",\n        \"employerAddress2\": \"EMP ADDR L1\",\n        \"employerPhoneNumber\": \"123-456-7890\",\n        \"employerExtensionPhoneNumber\": \"123456\",\n        \"employerPhoneFlag\": 1,\n        \"position\": \"CEO\",\n        \"relativeName\": \"Relative Name\",\n        \"numberOfDependents\": 999,\n        \"email\": \"ABC.DEF@yahoo.com\",\n        \"memo1\": \"Memo 1\",\n        \"memo2\": \"Memo 2\",\n        \"user1\": \"U1\",\n        \"user2\": \"U2\",\n        \"user3\": \"U323323\",\n        \"user4\": \"U\",\n        \"user5\": \"U\",\n        \"user6\": \"U6\",\n        \"user7\": \"U7\",\n        \"user8\": \"U8\",\n        \"user9\": \"U9\",\n        \"user10\": \"2011031\",\n        \"user11\": \"2011031\",\n        \"user12\": \"U12\",\n        \"user13\": \"U13\",\n        \"user14\": \"U14\",\n        \"user15\": \"U15\",\n        \"demographic1\": \"USER DEMO 1\",\n        \"demographic2\": \"USER DEMO 2\",\n        \"demographic3\": \"USER DEMO 3\",\n        \"homePhoneFlag\": 1,\n        \"faxPhoneFlag\": 1,\n        \"mobilePhoneFlag\": 1,\n        \"emailFlag\": 1,\n        \"smsFlag\": 1,\n        \"lastName\": \"Gonzalez\",\n        \"middleName\": \"Pedro\",\n        \"firstName\": \"Juan\",\n        \"suffix\": \"Sr\",\n        \"county\": \"Orange\"\n      }\n    }\n  },\n  \"resvData\": {\n    \"reservedCode1\": \"<string>\",\n    \"reservedCode2\": \"<string>\",\n    \"reservedCode3\": \"<string>\",\n    \"reservedCode4\": \"<string>\",\n    \"reservedCode5\": \"<string>\",\n    \"reservedDate1\": \"<date>\",\n    \"reservedDate2\": \"<date>\",\n    \"reservedDate3\": \"<date>\",\n    \"reservedDate4\": \"<date>\",\n    \"reservedDate5\": \"<date>\",\n    \"reservedAmt1\": \"<number>\",\n    \"reservedAmt2\": \"<number>\",\n    \"reservedAmt3\": \"<number>\",\n    \"reservedAmt4\": \"<number>\",\n    \"reservedAmt5\": \"<number>\"\n  }\n}","options":{"raw":{"language":"json"}}}},"status":"Forbidden","code":403,"header":[{"key":"Content-Type","value":"text/plain"}],"body":"","cookie":[],"_postman_previewlanguage":"text"},{"id":"a93bf4ef-9907-45b6-81f9-7895fa70ff59","name":"Not Found","originalRequest":{"url":{"path":["customer",""],"host":["{{baseUrl}}"],"query":[],"variable":[]},"header":[{"disabled":false,"description":"(Required) Client ID","key":"X-ClientID","value":"<string>"},{"disabled":false,"description":"HMAC signature used to verify the authenticity and integrity of data transmitted","key":"Signature","value":"qsLUH5gnBB5GBpbe9VX+byaTu7LR98pv4H/3g+6h2uk="},{"disabled":false,"description":"(Required) Authorization Bearer Token","key":"Authorization","value":"Bearer vAbsh53JHFSTR23esEtrUI864tt"},{"disabled":false,"description":"(Required) Unique identifier used to authorize the API request","key":"apikey","value":"<string>"}],"method":"POST","body":{"mode":"raw","raw":"{\n  \"customerData\": {\n    \"customerKeyData\": {\n      \"accountNumber\": \"9999995020000600000\",\n      \"customerNumber\": \"4513074002573466111\",\n      \"organizationNumber\": 807,\n      \"coOwnerIndicator\": 1,\n      \"dualFlag\": \"0\"\n    },\n    \"customerMiscellaneousData\": {\n      \"vipStatus\": 1,\n      \"sicCode\": 123456,\n      \"status\": \"9\"\n    },\n    \"ownerCoOwnerData\": {\n      \"ownerData\": {\n        \"postalCode\": \"12345679\",\n        \"maritalStatus\": \"1\",\n        \"nameLine1\": \"<string>\",\n        \"nameTypeIndicator1\": 0,\n        \"nameLine2\": \"OWN NAME L2 TEST9\",\n        \"nameTypeIndicator2\": 1,\n        \"nameLine3\": \"OWN NAME L3\",\n        \"nameTypeIndicator3\": 1,\n        \"houseNumber\": \"12349\",\n        \"houseName\": \"Could be apartment's name\",\n        \"houseAddress1\": \"OWN ADDR L19\",\n        \"houseAddress2\": \"OWN ADDR L29\",\n        \"houseAddress3\": \"OWN ADDR L39\",\n        \"houseAddress4\": \"OWN ADDR L49\",\n        \"city\": \"Sunshine\",\n        \"state\": \"FL\",\n        \"countryCode\": \"USA\",\n        \"ownOrRentResidenceFlag\": 2,\n        \"foreignIndicator\": \"A\",\n        \"languageIndicator\": \"ENG\",\n        \"mailingList\": \"1\",\n        \"contactIndicator\": 12,\n        \"genderCode\": 1,\n        \"carrierRoute1and2\": \"C1\",\n        \"carrierRoute3and4\": 11,\n        \"homePhoneNumber\": \"123-456-9990\",\n        \"homeFaxPhoneNumber\": \"223-456-7890\",\n        \"mobilePhoneNumber\": \"323-456-7890\",\n        \"dateOfBirth\": \"<date>\",\n        \"driverLicenseNumber\": \"123421\",\n        \"driverLicenseState\": \"<string>\",\n        \"driverLicenseCountry\": \"<string>\",\n        \"identificationNumberFlag\": 2,\n        \"identificationNumber\": \"123456789\",\n        \"dateOfFile\": \"<date>\",\n        \"statementMessageIndicator\": 1,\n        \"employerName\": \"Milton\",\n        \"employerAddress1\": \"EMP ADDR L1\",\n        \"employerAddress2\": \"EMP ADDR L2\",\n        \"employerPhoneNumber\": \"123-456-7890\",\n        \"employerExtensionPhoneNumber\": \"123456\",\n        \"employerPhoneFlag\": 1,\n        \"position\": \"CEO\",\n        \"relativeName\": \"Relative Name\",\n        \"numberOfDependents\": 999,\n        \"email\": \"ABC.DEF@yahoo.com\",\n        \"memo1\": \"Memo 1\",\n        \"memo2\": \"Memo 2\",\n        \"user1\": \"U1\",\n        \"user2\": \"U2\",\n        \"user3\": \"U323323\",\n        \"user4\": \"U\",\n        \"user5\": \"U\",\n        \"user6\": \"U6\",\n        \"user7\": \"U7\",\n        \"user8\": \"U8\",\n        \"user9\": \"U9\",\n        \"user10\": \"2011031\",\n        \"user11\": \"2011032\",\n        \"user12\": \"U12\",\n        \"user13\": \"U13\",\n        \"user14\": \"U14\",\n        \"user15\": \"U15\",\n        \"demographic1\": \"USER DEMO 1\",\n        \"demographic2\": \"USER DEMO 2\",\n        \"demographic3\": \"USER DEMO 3\",\n        \"homePhoneFlag\": 1,\n        \"faxPhoneFlag\": 1,\n        \"mobilePhoneFlag\": 1,\n        \"emailFlag\": 1,\n        \"smsFlag\": 1,\n        \"lastName\": \"Gonzalez\",\n        \"middleName\": \"Pedro\",\n        \"firstName\": \"Juan\",\n        \"suffix\": \"Sr\",\n        \"county\": \"Orange\"\n      },\n      \"coOwnerData\": {\n        \"postalCode\": \"12345679\",\n        \"maritalStatus\": \"1\",\n        \"nameLine1\": \"OWN NAME L2 TEST9\",\n        \"nameTypeIndicator1\": 0,\n        \"nameLine2\": \"OWN NAME L2 TEST9\",\n        \"nameTypeIndicator2\": 0,\n        \"nameLine3\": \"OWN NAME L3\",\n        \"nameTypeIndicator3\": 0,\n        \"houseNumber\": \"12349\",\n        \"houseName\": \"LILY RESIDENCE\",\n        \"houseAddress1\": \"OWN ADDR L19\",\n        \"houseAddress2\": \"OWN ADDR L19\",\n        \"houseAddress3\": \"OWN ADDR L19\",\n        \"houseAddress4\": \"OWN ADDR L19\",\n        \"city\": \"Sunshine\",\n        \"state\": \"FL\",\n        \"countryCode\": \"USA\",\n        \"ownOrRentResidenceFlag\": 2,\n        \"foreignIndicator\": \"A\",\n        \"languageIndicator\": \"ENG\",\n        \"mailingList\": \"1\",\n        \"contactIndicator\": 2,\n        \"genderCode\": 1,\n        \"carrierRoute1and2\": \"C1\",\n        \"carrierRoute3and4\": 11,\n        \"homePhoneNumber\": \"123-456-9990\",\n        \"homeFaxPhoneNumber\": \"223-456-7890\",\n        \"mobilePhoneNumber\": \"323-456-7890\",\n        \"dateOfBirth\": \"<date>\",\n        \"driverLicenseNumber\": \"<string>\",\n        \"driverLicenseState\": \"<string>\",\n        \"driverLicenseCountry\": \"<string>\",\n        \"identificationNumberFlag\": 2,\n        \"identificationNumber\": \"123456789\",\n        \"dateOfFile\": \"<date>\",\n        \"statementMessageIndicator\": 0,\n        \"employerName\": \"Milton\",\n        \"employerAddress1\": \"EMP ADDR L1\",\n        \"employerAddress2\": \"EMP ADDR L1\",\n        \"employerPhoneNumber\": \"123-456-7890\",\n        \"employerExtensionPhoneNumber\": \"123456\",\n        \"employerPhoneFlag\": 1,\n        \"position\": \"CEO\",\n        \"relativeName\": \"Relative Name\",\n        \"numberOfDependents\": 999,\n        \"email\": \"ABC.DEF@yahoo.com\",\n        \"memo1\": \"Memo 1\",\n        \"memo2\": \"Memo 2\",\n        \"user1\": \"U1\",\n        \"user2\": \"U2\",\n        \"user3\": \"U323323\",\n        \"user4\": \"U\",\n        \"user5\": \"U\",\n        \"user6\": \"U6\",\n        \"user7\": \"U7\",\n        \"user8\": \"U8\",\n        \"user9\": \"U9\",\n        \"user10\": \"2011031\",\n        \"user11\": \"2011031\",\n        \"user12\": \"U12\",\n        \"user13\": \"U13\",\n        \"user14\": \"U14\",\n        \"user15\": \"U15\",\n        \"demographic1\": \"USER DEMO 1\",\n        \"demographic2\": \"USER DEMO 2\",\n        \"demographic3\": \"USER DEMO 3\",\n        \"homePhoneFlag\": 1,\n        \"faxPhoneFlag\": 1,\n        \"mobilePhoneFlag\": 1,\n        \"emailFlag\": 1,\n        \"smsFlag\": 1,\n        \"lastName\": \"Gonzalez\",\n        \"middleName\": \"Pedro\",\n        \"firstName\": \"Juan\",\n        \"suffix\": \"Sr\",\n        \"county\": \"Orange\"\n      }\n    }\n  },\n  \"resvData\": {\n    \"reservedCode1\": \"<string>\",\n    \"reservedCode2\": \"<string>\",\n    \"reservedCode3\": \"<string>\",\n    \"reservedCode4\": \"<string>\",\n    \"reservedCode5\": \"<string>\",\n    \"reservedDate1\": \"<date>\",\n    \"reservedDate2\": \"<date>\",\n    \"reservedDate3\": \"<date>\",\n    \"reservedDate4\": \"<date>\",\n    \"reservedDate5\": \"<date>\",\n    \"reservedAmt1\": \"<number>\",\n    \"reservedAmt2\": \"<number>\",\n    \"reservedAmt3\": \"<number>\",\n    \"reservedAmt4\": \"<number>\",\n    \"reservedAmt5\": \"<number>\"\n  }\n}","options":{"raw":{"language":"json"}}}},"status":"Not Found","code":404,"header":[{"key":"Content-Type","value":"text/plain"}],"body":"","cookie":[],"_postman_previewlanguage":"text"},{"id":"a7853afa-80bf-4dc0-a38a-f8dd1c74ef39","name":"Method Not Allowed","originalRequest":{"url":{"path":["customer",""],"host":["{{baseUrl}}"],"query":[],"variable":[]},"header":[{"disabled":false,"description":"(Required) Client ID","key":"X-ClientID","value":"<string>"},{"disabled":false,"description":"HMAC signature used to verify the authenticity and integrity of data transmitted","key":"Signature","value":"qsLUH5gnBB5GBpbe9VX+byaTu7LR98pv4H/3g+6h2uk="},{"disabled":false,"description":"(Required) Authorization Bearer Token","key":"Authorization","value":"Bearer vAbsh53JHFSTR23esEtrUI864tt"},{"disabled":false,"description":"(Required) Unique identifier used to authorize the API request","key":"apikey","value":"<string>"}],"method":"POST","body":{"mode":"raw","raw":"{\n  \"customerData\": {\n    \"customerKeyData\": {\n      \"accountNumber\": \"9999995020000600000\",\n      \"customerNumber\": \"4513074002573466111\",\n      \"organizationNumber\": 807,\n      \"coOwnerIndicator\": 1,\n      \"dualFlag\": \"0\"\n    },\n    \"customerMiscellaneousData\": {\n      \"vipStatus\": 1,\n      \"sicCode\": 123456,\n      \"status\": \"9\"\n    },\n    \"ownerCoOwnerData\": {\n      \"ownerData\": {\n        \"postalCode\": \"12345679\",\n        \"maritalStatus\": \"1\",\n        \"nameLine1\": \"<string>\",\n        \"nameTypeIndicator1\": 0,\n        \"nameLine2\": \"OWN NAME L2 TEST9\",\n        \"nameTypeIndicator2\": 1,\n        \"nameLine3\": \"OWN NAME L3\",\n        \"nameTypeIndicator3\": 1,\n        \"houseNumber\": \"12349\",\n        \"houseName\": \"Could be apartment's name\",\n        \"houseAddress1\": \"OWN ADDR L19\",\n        \"houseAddress2\": \"OWN ADDR L29\",\n        \"houseAddress3\": \"OWN ADDR L39\",\n        \"houseAddress4\": \"OWN ADDR L49\",\n        \"city\": \"Sunshine\",\n        \"state\": \"FL\",\n        \"countryCode\": \"USA\",\n        \"ownOrRentResidenceFlag\": 2,\n        \"foreignIndicator\": \"A\",\n        \"languageIndicator\": \"ENG\",\n        \"mailingList\": \"1\",\n        \"contactIndicator\": 12,\n        \"genderCode\": 1,\n        \"carrierRoute1and2\": \"C1\",\n        \"carrierRoute3and4\": 11,\n        \"homePhoneNumber\": \"123-456-9990\",\n        \"homeFaxPhoneNumber\": \"223-456-7890\",\n        \"mobilePhoneNumber\": \"323-456-7890\",\n        \"dateOfBirth\": \"<date>\",\n        \"driverLicenseNumber\": \"123421\",\n        \"driverLicenseState\": \"<string>\",\n        \"driverLicenseCountry\": \"<string>\",\n        \"identificationNumberFlag\": 2,\n        \"identificationNumber\": \"123456789\",\n        \"dateOfFile\": \"<date>\",\n        \"statementMessageIndicator\": 1,\n        \"employerName\": \"Milton\",\n        \"employerAddress1\": \"EMP ADDR L1\",\n        \"employerAddress2\": \"EMP ADDR L2\",\n        \"employerPhoneNumber\": \"123-456-7890\",\n        \"employerExtensionPhoneNumber\": \"123456\",\n        \"employerPhoneFlag\": 1,\n        \"position\": \"CEO\",\n        \"relativeName\": \"Relative Name\",\n        \"numberOfDependents\": 999,\n        \"email\": \"ABC.DEF@yahoo.com\",\n        \"memo1\": \"Memo 1\",\n        \"memo2\": \"Memo 2\",\n        \"user1\": \"U1\",\n        \"user2\": \"U2\",\n        \"user3\": \"U323323\",\n        \"user4\": \"U\",\n        \"user5\": \"U\",\n        \"user6\": \"U6\",\n        \"user7\": \"U7\",\n        \"user8\": \"U8\",\n        \"user9\": \"U9\",\n        \"user10\": \"2011031\",\n        \"user11\": \"2011032\",\n        \"user12\": \"U12\",\n        \"user13\": \"U13\",\n        \"user14\": \"U14\",\n        \"user15\": \"U15\",\n        \"demographic1\": \"USER DEMO 1\",\n        \"demographic2\": \"USER DEMO 2\",\n        \"demographic3\": \"USER DEMO 3\",\n        \"homePhoneFlag\": 1,\n        \"faxPhoneFlag\": 1,\n        \"mobilePhoneFlag\": 1,\n        \"emailFlag\": 1,\n        \"smsFlag\": 1,\n        \"lastName\": \"Gonzalez\",\n        \"middleName\": \"Pedro\",\n        \"firstName\": \"Juan\",\n        \"suffix\": \"Sr\",\n        \"county\": \"Orange\"\n      },\n      \"coOwnerData\": {\n        \"postalCode\": \"12345679\",\n        \"maritalStatus\": \"1\",\n        \"nameLine1\": \"OWN NAME L2 TEST9\",\n        \"nameTypeIndicator1\": 0,\n        \"nameLine2\": \"OWN NAME L2 TEST9\",\n        \"nameTypeIndicator2\": 0,\n        \"nameLine3\": \"OWN NAME L3\",\n        \"nameTypeIndicator3\": 0,\n        \"houseNumber\": \"12349\",\n        \"houseName\": \"LILY RESIDENCE\",\n        \"houseAddress1\": \"OWN ADDR L19\",\n        \"houseAddress2\": \"OWN ADDR L19\",\n        \"houseAddress3\": \"OWN ADDR L19\",\n        \"houseAddress4\": \"OWN ADDR L19\",\n        \"city\": \"Sunshine\",\n        \"state\": \"FL\",\n        \"countryCode\": \"USA\",\n        \"ownOrRentResidenceFlag\": 2,\n        \"foreignIndicator\": \"A\",\n        \"languageIndicator\": \"ENG\",\n        \"mailingList\": \"1\",\n        \"contactIndicator\": 2,\n        \"genderCode\": 1,\n        \"carrierRoute1and2\": \"C1\",\n        \"carrierRoute3and4\": 11,\n        \"homePhoneNumber\": \"123-456-9990\",\n        \"homeFaxPhoneNumber\": \"223-456-7890\",\n        \"mobilePhoneNumber\": \"323-456-7890\",\n        \"dateOfBirth\": \"<date>\",\n        \"driverLicenseNumber\": \"<string>\",\n        \"driverLicenseState\": \"<string>\",\n        \"driverLicenseCountry\": \"<string>\",\n        \"identificationNumberFlag\": 2,\n        \"identificationNumber\": \"123456789\",\n        \"dateOfFile\": \"<date>\",\n        \"statementMessageIndicator\": 0,\n        \"employerName\": \"Milton\",\n        \"employerAddress1\": \"EMP ADDR L1\",\n        \"employerAddress2\": \"EMP ADDR L1\",\n        \"employerPhoneNumber\": \"123-456-7890\",\n        \"employerExtensionPhoneNumber\": \"123456\",\n        \"employerPhoneFlag\": 1,\n        \"position\": \"CEO\",\n        \"relativeName\": \"Relative Name\",\n        \"numberOfDependents\": 999,\n        \"email\": \"ABC.DEF@yahoo.com\",\n        \"memo1\": \"Memo 1\",\n        \"memo2\": \"Memo 2\",\n        \"user1\": \"U1\",\n        \"user2\": \"U2\",\n        \"user3\": \"U323323\",\n        \"user4\": \"U\",\n        \"user5\": \"U\",\n        \"user6\": \"U6\",\n        \"user7\": \"U7\",\n        \"user8\": \"U8\",\n        \"user9\": \"U9\",\n        \"user10\": \"2011031\",\n        \"user11\": \"2011031\",\n        \"user12\": \"U12\",\n        \"user13\": \"U13\",\n        \"user14\": \"U14\",\n        \"user15\": \"U15\",\n        \"demographic1\": \"USER DEMO 1\",\n        \"demographic2\": \"USER DEMO 2\",\n        \"demographic3\": \"USER DEMO 3\",\n        \"homePhoneFlag\": 1,\n        \"faxPhoneFlag\": 1,\n        \"mobilePhoneFlag\": 1,\n        \"emailFlag\": 1,\n        \"smsFlag\": 1,\n        \"lastName\": \"Gonzalez\",\n        \"middleName\": \"Pedro\",\n        \"firstName\": \"Juan\",\n        \"suffix\": \"Sr\",\n        \"county\": \"Orange\"\n      }\n    }\n  },\n  \"resvData\": {\n    \"reservedCode1\": \"<string>\",\n    \"reservedCode2\": \"<string>\",\n    \"reservedCode3\": \"<string>\",\n    \"reservedCode4\": \"<string>\",\n    \"reservedCode5\": \"<string>\",\n    \"reservedDate1\": \"<date>\",\n    \"reservedDate2\": \"<date>\",\n    \"reservedDate3\": \"<date>\",\n    \"reservedDate4\": \"<date>\",\n    \"reservedDate5\": \"<date>\",\n    \"reservedAmt1\": \"<number>\",\n    \"reservedAmt2\": \"<number>\",\n    \"reservedAmt3\": \"<number>\",\n    \"reservedAmt4\": \"<number>\",\n    \"reservedAmt5\": \"<number>\"\n  }\n}","options":{"raw":{"language":"json"}}}},"status":"Method Not Allowed","code":405,"header":[{"key":"Content-Type","value":"text/plain"}],"body":"","cookie":[],"_postman_previewlanguage":"text"},{"id":"d2e5e39e-2260-4166-9dc0-9aff1fed5499","name":"Unprocessable Entity\n\nVPL5SNA03S – N/A SERVICE INPUT AREA IS NOT OF CORRECT SIZE\nVPL5SNA04S – OWNER/CO-OWNER INDICATOR MUST BE 1 OR 2\nVPL5SNA06S – INVALID FOREIGN USE INDICATOR - MUST BE 0 OR 1 ONLY\nVPL5SNA07S – CONFLICTING ORG AND ACCOUNT DATA WAS PASSED TO THE SERVICE\nVPL5SNA08S – CONFLICTING ORG, ACCOUNT, AND CUSTOMER DATA PASSED TO THE SERVICE\nVPL5SNA09S – NO ORG, ACCOUNT, OR CUSTOMER DATA WAS PASSED TO THE SERVICE\nVPL5SNA10S – DUAL NOT ALLOWED FOR THIS ORG\nVPL5SNA11S – THE NUMBER GENERATION SERVICE FAILED\nVPL5SNA12S – LOCAL CUSTOMER NUMBER ALREADY EXISTS\nVPL5SNA13S – FOREIGN CUSTOMER NUMBER EXISTS\nVPL5SNA14S – ACCOUNT/EMBOSSER ORG NOT FOUND\nVPL5SNA15S – FOREIGN ORG NUMBER NOT FOUND\nVPL5SNA16S – CUSTOMER ORG NOT FOUND\nVPL5SNA17S – CUSTOMER ORG NOT FOUND\nVPL5SNA18S – CUSTOMER NUMBER PROVIDED NOT VALID FOR CUSTOMER ORG\nVPL5SNA19S – ORG NUMBER MUST BE NUMERIC AND VALID VALUES ARE 001-998\nVPL5SNA20S – CUSTOMER ORG NOT FOUND\nVPL5SNA21S – FOREIGN ORG NUMBER NOT FOUND\nVPL5SNA22S – CUSTOMER ORG NOT FOUND\nVPL5SNA23S – CUSTOMER NUMBER PROVIDED NOT VALID FOR CUSTOMER ORG\nVPL5SNA24S – LOCAL CUSTOMER NUMBER ALREADY EXISTS\nVPL5SNA25S – FOREIGN CUSTOMER NUMBER EXISTS\nVPL5SNA26S – CUSTOMER NUMBER ALREADY EXISTS ON RELATIONSHIP FILE\nVPL5SNA27S – CUSTOMER NUMBER ALREADY EXISTS ON DUAL RELATIONSHIP FILE\nVPL5SNA28S – VIP STATUS INVALID - VALUES 0 OR 1 ONLY\nVPL5SNA29S – SIC CODE MUST BE NUMERIC\nVPL5SNA30S – TAX IDENTIFICATION FLAG INVALID - 0, 1 OR 2 ONLY\nVPL5SNA31S – TAX-ID NBR POSITIONS 1-9 MUST BE NUMERIC WHEN TAX-ID FLAG IS 0\nVPL5SNA32S - PHONE FLAG INVALID - 0, 1 OR 2 ONLY\nVPL5SNA33S – COUNTRY CODE INVALID\nVPL5SNA34S – POSTAL CODE FORMAT INVALID\nVPL5SNA35S – MARITAL STATUS INVALID - MUST BE 0 THROUGH 4 ONLY\nVPL5SNA36S – RESIDENCE FLAG INVALID - 0, 1, 2 OR 3 ONLY\nVPL5SNA37S – CARRIER ROUTE INVALID FORMAT - LAST 2 CHARACTERS MUST BE NUMERIC\nVPL5SNA38S – DATE-OF-BIRTH CANNOT BE A FUTURE DATE\nVPL5SNA39S – DATE-OF-BIRTH IS INVALID\nVPL5SNA40S – 1099C DATE FILED CANNOT BE A FUTURE DATE\nVPL5SNA41S – 1099C DATE FILED IS INVALID\nVPL5SNA42S – NUMBER OF DEPENDENTS NOT NUMERIC\nVPL5SNA43S – STATEMENT MESSAGE INDICATOR NOT NUMERIC\nVPL5SNA44S – USER-10 DATE IS INVALID\nVPL5SNA45S – USER-11 DATE IS INVALID\nVPL5SNA46S – NAME TYPE INDICATOR 1 INVALID - 0, 1, OR 3 ONLY\nVPL5SNA47S – NAME TYPE INDICATOR 2 INVALID - 0, 1, OR 3 ONLY\nVPL5SNA48S – NAME TYPE INDICATOR 3 INVALID - 0, 1, OR 3 ONLY\nVPL5SNA49S – CONTACT INDICATOR MUST BE NUMERIC\nVPL5SNA50S – DUAL ORG NUMBER NOT FOUND\nVPL5SNA51S – DUAL INDICATOR - CHECK-DIGIT CUST NUMBER REQUIRED FOR FOREIGN ORG\nVPL5SNA52S – ORG COULD NOT BE DERIVED FROM EITHER CUST OR ACCT NBR PROVIDED\nVPL5SNA53S – ORG NUMBER NOT FOUND\nVPL5SNA56S – CUSTOMER NUMBER CHECK-DIGIT IS INVALID\nVPL5SNA57S – GENDER CODE INVALID - 0, 1 OR 2 ONLY\nVPL5SNA58S – FAX PHONE FLAG INVALID - 0, 1 OR 2 ONLY\nVPL5SNA59S – HOME PHONE FLAG INVALID - 0, 1 OR 2 ONLY\nVPL5SNA60S – MOBILE PHONE FLAG INVALID - 0, 1 OR 2 ONLY\nVPL5SNA61S – EMAIL FLAG INVALID - 0, 1 OR 2 ONLY\nVPL5SNA62S – SMS FLAG INVALID - 0 OR 1 ONLY","originalRequest":{"url":{"path":["customer",""],"host":["{{baseUrl}}"],"query":[],"variable":[]},"header":[{"disabled":false,"description":"(Required) Client ID","key":"X-ClientID","value":"<string>"},{"disabled":false,"description":"HMAC signature used to verify the authenticity and integrity of data transmitted","key":"Signature","value":"qsLUH5gnBB5GBpbe9VX+byaTu7LR98pv4H/3g+6h2uk="},{"disabled":false,"description":"(Required) Authorization Bearer Token","key":"Authorization","value":"Bearer vAbsh53JHFSTR23esEtrUI864tt"},{"disabled":false,"description":"(Required) Unique identifier used to authorize the API request","key":"apikey","value":"<string>"},{"key":"Accept","value":"application/json"}],"method":"POST","body":{"mode":"raw","raw":"{\n  \"customerData\": {\n    \"customerKeyData\": {\n      \"accountNumber\": \"9999995020000600000\",\n      \"customerNumber\": \"4513074002573466111\",\n      \"organizationNumber\": 807,\n      \"coOwnerIndicator\": 1,\n      \"dualFlag\": \"0\"\n    },\n    \"customerMiscellaneousData\": {\n      \"vipStatus\": 1,\n      \"sicCode\": 123456,\n      \"status\": \"9\"\n    },\n    \"ownerCoOwnerData\": {\n      \"ownerData\": {\n        \"postalCode\": \"12345679\",\n        \"maritalStatus\": \"1\",\n        \"nameLine1\": \"<string>\",\n        \"nameTypeIndicator1\": 0,\n        \"nameLine2\": \"OWN NAME L2 TEST9\",\n        \"nameTypeIndicator2\": 1,\n        \"nameLine3\": \"OWN NAME L3\",\n        \"nameTypeIndicator3\": 1,\n        \"houseNumber\": \"12349\",\n        \"houseName\": \"Could be apartment's name\",\n        \"houseAddress1\": \"OWN ADDR L19\",\n        \"houseAddress2\": \"OWN ADDR L29\",\n        \"houseAddress3\": \"OWN ADDR L39\",\n        \"houseAddress4\": \"OWN ADDR L49\",\n        \"city\": \"Sunshine\",\n        \"state\": \"FL\",\n        \"countryCode\": \"USA\",\n        \"ownOrRentResidenceFlag\": 2,\n        \"foreignIndicator\": \"A\",\n        \"languageIndicator\": \"ENG\",\n        \"mailingList\": \"1\",\n        \"contactIndicator\": 12,\n        \"genderCode\": 1,\n        \"carrierRoute1and2\": \"C1\",\n        \"carrierRoute3and4\": 11,\n        \"homePhoneNumber\": \"123-456-9990\",\n        \"homeFaxPhoneNumber\": \"223-456-7890\",\n        \"mobilePhoneNumber\": \"323-456-7890\",\n        \"dateOfBirth\": \"<date>\",\n        \"driverLicenseNumber\": \"123421\",\n        \"driverLicenseState\": \"<string>\",\n        \"driverLicenseCountry\": \"<string>\",\n        \"identificationNumberFlag\": 2,\n        \"identificationNumber\": \"123456789\",\n        \"dateOfFile\": \"<date>\",\n        \"statementMessageIndicator\": 1,\n        \"employerName\": \"Milton\",\n        \"employerAddress1\": \"EMP ADDR L1\",\n        \"employerAddress2\": \"EMP ADDR L2\",\n        \"employerPhoneNumber\": \"123-456-7890\",\n        \"employerExtensionPhoneNumber\": \"123456\",\n        \"employerPhoneFlag\": 1,\n        \"position\": \"CEO\",\n        \"relativeName\": \"Relative Name\",\n        \"numberOfDependents\": 999,\n        \"email\": \"ABC.DEF@yahoo.com\",\n        \"memo1\": \"Memo 1\",\n        \"memo2\": \"Memo 2\",\n        \"user1\": \"U1\",\n        \"user2\": \"U2\",\n        \"user3\": \"U323323\",\n        \"user4\": \"U\",\n        \"user5\": \"U\",\n        \"user6\": \"U6\",\n        \"user7\": \"U7\",\n        \"user8\": \"U8\",\n        \"user9\": \"U9\",\n        \"user10\": \"2011031\",\n        \"user11\": \"2011032\",\n        \"user12\": \"U12\",\n        \"user13\": \"U13\",\n        \"user14\": \"U14\",\n        \"user15\": \"U15\",\n        \"demographic1\": \"USER DEMO 1\",\n        \"demographic2\": \"USER DEMO 2\",\n        \"demographic3\": \"USER DEMO 3\",\n        \"homePhoneFlag\": 1,\n        \"faxPhoneFlag\": 1,\n        \"mobilePhoneFlag\": 1,\n        \"emailFlag\": 1,\n        \"smsFlag\": 1,\n        \"lastName\": \"Gonzalez\",\n        \"middleName\": \"Pedro\",\n        \"firstName\": \"Juan\",\n        \"suffix\": \"Sr\",\n        \"county\": \"Orange\"\n      },\n      \"coOwnerData\": {\n        \"postalCode\": \"12345679\",\n        \"maritalStatus\": \"1\",\n        \"nameLine1\": \"OWN NAME L2 TEST9\",\n        \"nameTypeIndicator1\": 0,\n        \"nameLine2\": \"OWN NAME L2 TEST9\",\n        \"nameTypeIndicator2\": 0,\n        \"nameLine3\": \"OWN NAME L3\",\n        \"nameTypeIndicator3\": 0,\n        \"houseNumber\": \"12349\",\n        \"houseName\": \"LILY RESIDENCE\",\n        \"houseAddress1\": \"OWN ADDR L19\",\n        \"houseAddress2\": \"OWN ADDR L19\",\n        \"houseAddress3\": \"OWN ADDR L19\",\n        \"houseAddress4\": \"OWN ADDR L19\",\n        \"city\": \"Sunshine\",\n        \"state\": \"FL\",\n        \"countryCode\": \"USA\",\n        \"ownOrRentResidenceFlag\": 2,\n        \"foreignIndicator\": \"A\",\n        \"languageIndicator\": \"ENG\",\n        \"mailingList\": \"1\",\n        \"contactIndicator\": 2,\n        \"genderCode\": 1,\n        \"carrierRoute1and2\": \"C1\",\n        \"carrierRoute3and4\": 11,\n        \"homePhoneNumber\": \"123-456-9990\",\n        \"homeFaxPhoneNumber\": \"223-456-7890\",\n        \"mobilePhoneNumber\": \"323-456-7890\",\n        \"dateOfBirth\": \"<date>\",\n        \"driverLicenseNumber\": \"<string>\",\n        \"driverLicenseState\": \"<string>\",\n        \"driverLicenseCountry\": \"<string>\",\n        \"identificationNumberFlag\": 2,\n        \"identificationNumber\": \"123456789\",\n        \"dateOfFile\": \"<date>\",\n        \"statementMessageIndicator\": 0,\n        \"employerName\": \"Milton\",\n        \"employerAddress1\": \"EMP ADDR L1\",\n        \"employerAddress2\": \"EMP ADDR L1\",\n        \"employerPhoneNumber\": \"123-456-7890\",\n        \"employerExtensionPhoneNumber\": \"123456\",\n        \"employerPhoneFlag\": 1,\n        \"position\": \"CEO\",\n        \"relativeName\": \"Relative Name\",\n        \"numberOfDependents\": 999,\n        \"email\": \"ABC.DEF@yahoo.com\",\n        \"memo1\": \"Memo 1\",\n        \"memo2\": \"Memo 2\",\n        \"user1\": \"U1\",\n        \"user2\": \"U2\",\n        \"user3\": \"U323323\",\n        \"user4\": \"U\",\n        \"user5\": \"U\",\n        \"user6\": \"U6\",\n        \"user7\": \"U7\",\n        \"user8\": \"U8\",\n        \"user9\": \"U9\",\n        \"user10\": \"2011031\",\n        \"user11\": \"2011031\",\n        \"user12\": \"U12\",\n        \"user13\": \"U13\",\n        \"user14\": \"U14\",\n        \"user15\": \"U15\",\n        \"demographic1\": \"USER DEMO 1\",\n        \"demographic2\": \"USER DEMO 2\",\n        \"demographic3\": \"USER DEMO 3\",\n        \"homePhoneFlag\": 1,\n        \"faxPhoneFlag\": 1,\n        \"mobilePhoneFlag\": 1,\n        \"emailFlag\": 1,\n        \"smsFlag\": 1,\n        \"lastName\": \"Gonzalez\",\n        \"middleName\": \"Pedro\",\n        \"firstName\": \"Juan\",\n        \"suffix\": \"Sr\",\n        \"county\": \"Orange\"\n      }\n    }\n  },\n  \"resvData\": {\n    \"reservedCode1\": \"<string>\",\n    \"reservedCode2\": \"<string>\",\n    \"reservedCode3\": \"<string>\",\n    \"reservedCode4\": \"<string>\",\n    \"reservedCode5\": \"<string>\",\n    \"reservedDate1\": \"<date>\",\n    \"reservedDate2\": \"<date>\",\n    \"reservedDate3\": \"<date>\",\n    \"reservedDate4\": \"<date>\",\n    \"reservedDate5\": \"<date>\",\n    \"reservedAmt1\": \"<number>\",\n    \"reservedAmt2\": \"<number>\",\n    \"reservedAmt3\": \"<number>\",\n    \"reservedAmt4\": \"<number>\",\n    \"reservedAmt5\": \"<number>\"\n  }\n}","options":{"raw":{"language":"json"}}}},"status":"Unprocessable Entity (WebDAV) (RFC 4918)","code":422,"header":[{"key":"Content-Type","value":"application/json"}],"body":"{\n  \"hasError\": true,\n  \"errors\": [\n    {\n      \"code\": \"ut dolore aliquip\",\n      \"description\": \"non velit Lorem labore\"\n    },\n    {\n      \"code\": \"ipsum dolore occaecat\",\n      \"description\": \"nisi ad\"\n    }\n  ],\n  \"data\": {}\n}","cookie":[],"_postman_previewlanguage":"json"},{"id":"2a6646e1-c99a-463e-87bb-06ee74d0a00d","name":"Backend Error","originalRequest":{"url":{"path":["customer",""],"host":["{{baseUrl}}"],"query":[],"variable":[]},"header":[{"disabled":false,"description":"(Required) Client ID","key":"X-ClientID","value":"<string>"},{"disabled":false,"description":"HMAC signature used to verify the authenticity and integrity of data transmitted","key":"Signature","value":"qsLUH5gnBB5GBpbe9VX+byaTu7LR98pv4H/3g+6h2uk="},{"disabled":false,"description":"(Required) Authorization Bearer Token","key":"Authorization","value":"Bearer vAbsh53JHFSTR23esEtrUI864tt"},{"disabled":false,"description":"(Required) Unique identifier used to authorize the API request","key":"apikey","value":"<string>"},{"key":"Accept","value":"application/json"}],"method":"POST","body":{"mode":"raw","raw":"{\n  \"customerData\": {\n    \"customerKeyData\": {\n      \"accountNumber\": \"9999995020000600000\",\n      \"customerNumber\": \"4513074002573466111\",\n      \"organizationNumber\": 807,\n      \"coOwnerIndicator\": 1,\n      \"dualFlag\": \"0\"\n    },\n    \"customerMiscellaneousData\": {\n      \"vipStatus\": 1,\n      \"sicCode\": 123456,\n      \"status\": \"9\"\n    },\n    \"ownerCoOwnerData\": {\n      \"ownerData\": {\n        \"postalCode\": \"12345679\",\n        \"maritalStatus\": \"1\",\n        \"nameLine1\": \"<string>\",\n        \"nameTypeIndicator1\": 0,\n        \"nameLine2\": \"OWN NAME L2 TEST9\",\n        \"nameTypeIndicator2\": 1,\n        \"nameLine3\": \"OWN NAME L3\",\n        \"nameTypeIndicator3\": 1,\n        \"houseNumber\": \"12349\",\n        \"houseName\": \"Could be apartment's name\",\n        \"houseAddress1\": \"OWN ADDR L19\",\n        \"houseAddress2\": \"OWN ADDR L29\",\n        \"houseAddress3\": \"OWN ADDR L39\",\n        \"houseAddress4\": \"OWN ADDR L49\",\n        \"city\": \"Sunshine\",\n        \"state\": \"FL\",\n        \"countryCode\": \"USA\",\n        \"ownOrRentResidenceFlag\": 2,\n        \"foreignIndicator\": \"A\",\n        \"languageIndicator\": \"ENG\",\n        \"mailingList\": \"1\",\n        \"contactIndicator\": 12,\n        \"genderCode\": 1,\n        \"carrierRoute1and2\": \"C1\",\n        \"carrierRoute3and4\": 11,\n        \"homePhoneNumber\": \"123-456-9990\",\n        \"homeFaxPhoneNumber\": \"223-456-7890\",\n        \"mobilePhoneNumber\": \"323-456-7890\",\n        \"dateOfBirth\": \"<date>\",\n        \"driverLicenseNumber\": \"123421\",\n        \"driverLicenseState\": \"<string>\",\n        \"driverLicenseCountry\": \"<string>\",\n        \"identificationNumberFlag\": 2,\n        \"identificationNumber\": \"123456789\",\n        \"dateOfFile\": \"<date>\",\n        \"statementMessageIndicator\": 1,\n        \"employerName\": \"Milton\",\n        \"employerAddress1\": \"EMP ADDR L1\",\n        \"employerAddress2\": \"EMP ADDR L2\",\n        \"employerPhoneNumber\": \"123-456-7890\",\n        \"employerExtensionPhoneNumber\": \"123456\",\n        \"employerPhoneFlag\": 1,\n        \"position\": \"CEO\",\n        \"relativeName\": \"Relative Name\",\n        \"numberOfDependents\": 999,\n        \"email\": \"ABC.DEF@yahoo.com\",\n        \"memo1\": \"Memo 1\",\n        \"memo2\": \"Memo 2\",\n        \"user1\": \"U1\",\n        \"user2\": \"U2\",\n        \"user3\": \"U323323\",\n        \"user4\": \"U\",\n        \"user5\": \"U\",\n        \"user6\": \"U6\",\n        \"user7\": \"U7\",\n        \"user8\": \"U8\",\n        \"user9\": \"U9\",\n        \"user10\": \"2011031\",\n        \"user11\": \"2011032\",\n        \"user12\": \"U12\",\n        \"user13\": \"U13\",\n        \"user14\": \"U14\",\n        \"user15\": \"U15\",\n        \"demographic1\": \"USER DEMO 1\",\n        \"demographic2\": \"USER DEMO 2\",\n        \"demographic3\": \"USER DEMO 3\",\n        \"homePhoneFlag\": 1,\n        \"faxPhoneFlag\": 1,\n        \"mobilePhoneFlag\": 1,\n        \"emailFlag\": 1,\n        \"smsFlag\": 1,\n        \"lastName\": \"Gonzalez\",\n        \"middleName\": \"Pedro\",\n        \"firstName\": \"Juan\",\n        \"suffix\": \"Sr\",\n        \"county\": \"Orange\"\n      },\n      \"coOwnerData\": {\n        \"postalCode\": \"12345679\",\n        \"maritalStatus\": \"1\",\n        \"nameLine1\": \"OWN NAME L2 TEST9\",\n        \"nameTypeIndicator1\": 0,\n        \"nameLine2\": \"OWN NAME L2 TEST9\",\n        \"nameTypeIndicator2\": 0,\n        \"nameLine3\": \"OWN NAME L3\",\n        \"nameTypeIndicator3\": 0,\n        \"houseNumber\": \"12349\",\n        \"houseName\": \"LILY RESIDENCE\",\n        \"houseAddress1\": \"OWN ADDR L19\",\n        \"houseAddress2\": \"OWN ADDR L19\",\n        \"houseAddress3\": \"OWN ADDR L19\",\n        \"houseAddress4\": \"OWN ADDR L19\",\n        \"city\": \"Sunshine\",\n        \"state\": \"FL\",\n        \"countryCode\": \"USA\",\n        \"ownOrRentResidenceFlag\": 2,\n        \"foreignIndicator\": \"A\",\n        \"languageIndicator\": \"ENG\",\n        \"mailingList\": \"1\",\n        \"contactIndicator\": 2,\n        \"genderCode\": 1,\n        \"carrierRoute1and2\": \"C1\",\n        \"carrierRoute3and4\": 11,\n        \"homePhoneNumber\": \"123-456-9990\",\n        \"homeFaxPhoneNumber\": \"223-456-7890\",\n        \"mobilePhoneNumber\": \"323-456-7890\",\n        \"dateOfBirth\": \"<date>\",\n        \"driverLicenseNumber\": \"<string>\",\n        \"driverLicenseState\": \"<string>\",\n        \"driverLicenseCountry\": \"<string>\",\n        \"identificationNumberFlag\": 2,\n        \"identificationNumber\": \"123456789\",\n        \"dateOfFile\": \"<date>\",\n        \"statementMessageIndicator\": 0,\n        \"employerName\": \"Milton\",\n        \"employerAddress1\": \"EMP ADDR L1\",\n        \"employerAddress2\": \"EMP ADDR L1\",\n        \"employerPhoneNumber\": \"123-456-7890\",\n        \"employerExtensionPhoneNumber\": \"123456\",\n        \"employerPhoneFlag\": 1,\n        \"position\": \"CEO\",\n        \"relativeName\": \"Relative Name\",\n        \"numberOfDependents\": 999,\n        \"email\": \"ABC.DEF@yahoo.com\",\n        \"memo1\": \"Memo 1\",\n        \"memo2\": \"Memo 2\",\n        \"user1\": \"U1\",\n        \"user2\": \"U2\",\n        \"user3\": \"U323323\",\n        \"user4\": \"U\",\n        \"user5\": \"U\",\n        \"user6\": \"U6\",\n        \"user7\": \"U7\",\n        \"user8\": \"U8\",\n        \"user9\": \"U9\",\n        \"user10\": \"2011031\",\n        \"user11\": \"2011031\",\n        \"user12\": \"U12\",\n        \"user13\": \"U13\",\n        \"user14\": \"U14\",\n        \"user15\": \"U15\",\n        \"demographic1\": \"USER DEMO 1\",\n        \"demographic2\": \"USER DEMO 2\",\n        \"demographic3\": \"USER DEMO 3\",\n        \"homePhoneFlag\": 1,\n        \"faxPhoneFlag\": 1,\n        \"mobilePhoneFlag\": 1,\n        \"emailFlag\": 1,\n        \"smsFlag\": 1,\n        \"lastName\": \"Gonzalez\",\n        \"middleName\": \"Pedro\",\n        \"firstName\": \"Juan\",\n        \"suffix\": \"Sr\",\n        \"county\": \"Orange\"\n      }\n    }\n  },\n  \"resvData\": {\n    \"reservedCode1\": \"<string>\",\n    \"reservedCode2\": \"<string>\",\n    \"reservedCode3\": \"<string>\",\n    \"reservedCode4\": \"<string>\",\n    \"reservedCode5\": \"<string>\",\n    \"reservedDate1\": \"<date>\",\n    \"reservedDate2\": \"<date>\",\n    \"reservedDate3\": \"<date>\",\n    \"reservedDate4\": \"<date>\",\n    \"reservedDate5\": \"<date>\",\n    \"reservedAmt1\": \"<number>\",\n    \"reservedAmt2\": \"<number>\",\n    \"reservedAmt3\": \"<number>\",\n    \"reservedAmt4\": \"<number>\",\n    \"reservedAmt5\": \"<number>\"\n  }\n}","options":{"raw":{"language":"json"}}}},"status":"Internal Server Error","code":500,"header":[{"key":"Content-Type","value":"application/json"}],"body":"{\n  \"hasError\": true,\n  \"errors\": [\n    {\n      \"code\": \"ut dolore aliquip\",\n      \"description\": \"non velit Lorem labore\"\n    },\n    {\n      \"code\": \"ipsum dolore occaecat\",\n      \"description\": \"nisi ad\"\n    }\n  ],\n  \"data\": {}\n}","cookie":[],"_postman_previewlanguage":"json"}],"event":[],"protocolProfileBehavior":{"disableBodyPruning":true}}],"event":[],"variable":[{"type":"string","value":"https://int.api.firstdata.com/latam-gfs-apis/portal","key":"baseUrl"}],"info":{"_postman_id":"89938166-2200-4c61-a60c-7e8b83966d7f","name":"FirstVision™ Customer Service - API Documentation","schema":"https://schema.getpostman.com/json/collection/v2.1.0/collection.json","description":{"content":"This documentation describes the REST APIs provided by the FirstVision™ Cards Microservice, which provides functionality for the issuing, management and processing of credit cards, including bank, co-branded, private label, debit, commercial, and prepaid","type":"text/plain"}}}