{"item":[{"id":"3ffead99-c31c-4ebb-b226-27f86ded60ca","name":"transactions","item":[{"id":"abd9c71e-2a62-4339-9c4a-2488e4caf451","name":"Fetches data of both old and new transactions(including today's) which are settled to an account.\n\nVMX Service: M.FAS.OUTSTANDING.AUTH.INQ, L8V3","request":{"name":"Fetches data of both old and new transactions(including today's) which are settled to an account.\n\nVMX Service: M.FAS.OUTSTANDING.AUTH.INQ, L8V3","description":{"content":"Fetches data of both old and new transactions(including today's) which are settled to an account.\n\nVMX Service: M.FAS.OUTSTANDING.AUTH.INQ, L8V3","type":"text/plain"},"url":{"path":["transactions","outstanding-authorizations-L8V3","details"],"host":["{{baseUrl}}"],"query":[],"variable":[]},"header":[{"disabled":false,"description":"(Required) API Key","key":"apikey","value":"<string>"},{"disabled":false,"description":"(Required) Client ID","key":"X-ClientID","value":"<string>"},{"key":"Content-Type","value":"application/json"},{"key":"Accept","value":"application/json"}],"method":"POST","auth":null,"body":{"mode":"raw","raw":"{\n  \"organizationNumber\": \"<integer>\",\n  \"effectiveAuthorizationDate\": \"<date>\",\n  \"effectiveAuthorizationTime\": \"<integer>\",\n  \"accountNumber\": \"<string>\",\n  \"foreignUseIndicator\": \"<string>\",\n  \"functionCode\": \"<string>\",\n  \"filter\": \"<string>\",\n  \"numberOfAuthorizationsRequested\": \"<integer>\",\n  \"authorizationNumber\": \"<string>\",\n  \"logRecordTypeOfTheTransaction\": \"<integer>\",\n  \"extentOfTheLogFile\": \"<integer>\",\n  \"relativeByteAddress\": \"<integer>\",\n  \"authorizationDateFrom\": \"<date>\",\n  \"authorizationDateTo\": \"<date>\",\n  \"cardNumber\": \"<string>\"\n}","options":{"raw":{"language":"json"}}}},"response":[{"id":"6eae2abf-4bc2-45e1-bd88-062871b42af0","name":"Success","originalRequest":{"url":{"path":["transactions","outstanding-authorizations-L8V3","details"],"host":["{{baseUrl}}"],"query":[],"variable":[]},"header":[{"disabled":false,"description":"(Required) API Key","key":"apikey","value":"<string>"},{"disabled":false,"description":"(Required) Client ID","key":"X-ClientID","value":"00970"},{"key":"Accept","value":"application/json"}],"method":"POST","body":{"mode":"raw","raw":"{\n  \"organizationNumber\": 998,\n  \"effectiveAuthorizationDate\": \"2023-06-26\",\n  \"effectiveAuthorizationTime\": 112233,\n  \"accountNumber\": \"000123456XXXXX12345\",\n  \"foreignUseIndicator\": \"0\",\n  \"functionCode\": \"P\",\n  \"filter\": \"A\",\n  \"numberOfAuthorizationsRequested\": 100,\n  \"authorizationNumber\": \"111111\",\n  \"logRecordTypeOfTheTransaction\": 6,\n  \"extentOfTheLogFile\": 0,\n  \"relativeByteAddress\": 1,\n  \"authorizationDateFrom\": \"2023-06-26\",\n  \"authorizationDateTo\": \"2023-06-26\",\n  \"cardNumber\": \"000123456XXXXX12345\"\n}","options":{"raw":{"language":"json"}}}},"status":"OK","code":200,"header":[{"key":"Content-Type","value":"application/json"}],"body":"{\n  \"currencyNumberOfDecimals\": 100,\n  \"currencyCode\": 200,\n  \"foreignUseIndicator\": \"0\",\n  \"organizationNumber\": 998,\n  \"accountNumber\": \"000012345XXXXX12345\",\n  \"nextToken\": {\n    \"effectiveDate\": \"2023-08-18\",\n    \"time\": \"00001111\",\n    \"logRecordTypeOfTheTransaction\": 0,\n    \"extentOfTheLogFile\": 1,\n    \"relativeByteAddress\": 111111111,\n    \"cardNumberNext\": \"000012345XXXXX12345\"\n  },\n  \"prevToken\": {\n    \"effectiveDate\": \"2023-08-18\",\n    \"time\": \"00001111\",\n    \"logRecordTypeOfTheTransaction\": 1,\n    \"extentOfTheLogFile\": 1,\n    \"relativeByteAddress\": 11111111,\n    \"cardNumberPrev\": \"000012345XXXXX12345\"\n  },\n  \"more\": \"A\",\n  \"numberOfAuthorizationsReturned\": 111,\n  \"authorizationsData\": [\n    {\n      \"sequence\": 66052383,\n      \"effectiveDate\": \"2023-08-18\",\n      \"time\": \"01111111\",\n      \"requestType\": \"F\",\n      \"action\": \"A\",\n      \"actionReason\": 111,\n      \"postingDate\": \"2023-08-18\",\n      \"creditPlan\": 11111,\n      \"authorizationAmount\": \"01000000000000000\",\n      \"authorizationCode\": \"AAAAAA\",\n      \"authorizationType\": \"A\",\n      \"cardNumber\": \"000012345XXXX12345\",\n      \"cardSequence\": 1111,\n      \"merchantCategoryCode\": 11111,\n      \"merchantCategoryCodeDescription\": \"AAAAAAAAAAAAAAAAAAAAAAAAAAAA\",\n      \"transactionRecordType\": 1,\n      \"logExtent\": 1,\n      \"relativeByteAddress\": 111111111,\n      \"reasonDescription\": \"Reserved\",\n      \"cardAcceptorNameAndLocation\": \"Username and location field 1\",\n      \"transactionDescription\": \"Category Description\",\n      \"transactionEntryMode\": 10,\n      \"transactionEntryModeDescription\": \"Pan Description\",\n      \"merchantNumber\": \"01111111\",\n      \"authorizationResponseCode\": \"AAA\",\n      \"creditAvailable\": \"ut non\",\n      \"creditAvailableForCashAdvances\": \"pariatur dolore anim ea enim\",\n      \"accountCurrencyCode\": \"100\",\n      \"stateOrCountry\": \"AAA\",\n      \"transactionSourceTerminal\": \"A\",\n      \"merchantCode\": \"AAAAAAAA\",\n      \"processingCode\": 100000,\n      \"transactionAmount\": \"1000000000000\",\n      \"settlementAmount\": \"1000000000000\",\n      \"cardholderBillingAmount\": \"1000000000000\",\n      \"systemAuditTraceNumber\": \"1111111\",\n      \"localTimeOfTheTransaction\": \"00001000\",\n      \"localDateOfTheTransaction\": \"2023-06-12\",\n      \"retrievalReferenceNumber\": 100000000000,\n      \"transactionCurrencyCode\": 100,\n      \"settlementCurrencyCode\": 100,\n      \"billingCurrencyCode\": 100,\n      \"terminalNetworkName\": \"Terminal name\",\n      \"offeredDownPayment\": 1000000000000,\n      \"walletFeeAmount\": \"010000000\",\n      \"embosserName\": \"User Name\",\n      \"cashBackAmount\": \"010000000\",\n      \"exchangeRate\": 100000000,\n      \"exchangeRateNode\": 1,\n      \"remainingDays\": 100,\n      \"cardAcceptorName\": \"Card acceptor name\",\n      \"merchantPhone\": \"+1 111 222 333\",\n      \"countryCode\": 111,\n      \"multiWalletPrepaid\": {\n        \"currencyId\": 100,\n        \"authWalletAmount\": 1000000000000,\n        \"baseCurrencyAmount\": 1000000000000,\n        \"authWalletMarkupAmount\": 100000000,\n        \"conversionFeeAmount\": 100000000,\n        \"crossWalletXfrFlag\": 1,\n        \"walletPrstFlag\": 1,\n        \"walletToDwltConversionRate\": 1,\n        \"xfrToCurrency\": 100,\n        \"fundXfrFld\": {\n          \"xfrFromCurrency\": 100,\n          \"xfrFromAmount\": 1000000000000,\n          \"xfrToAmount\": 1000000000000,\n          \"xfrFeeAmount\": 100000000\n        },\n        \"atmWdrlFeeAmount\": 1000000000000,\n        \"crosBrdrFeeAmount\": 1000000000000,\n        \"ccaFeeAmount\": 1000000000000,\n        \"ivaTaxAmount\": 1000000000000\n      }\n    },\n    {\n      \"sequence\": -75750441,\n      \"effectiveDate\": \"2023-08-18\",\n      \"time\": \"01111111\",\n      \"requestType\": \"F\",\n      \"action\": \"A\",\n      \"actionReason\": 111,\n      \"postingDate\": \"2023-08-18\",\n      \"creditPlan\": 11111,\n      \"authorizationAmount\": \"01000000000000000\",\n      \"authorizationCode\": \"AAAAAA\",\n      \"authorizationType\": \"A\",\n      \"cardNumber\": \"000012345XXXX12345\",\n      \"cardSequence\": 1111,\n      \"merchantCategoryCode\": 11111,\n      \"merchantCategoryCodeDescription\": \"AAAAAAAAAAAAAAAAAAAAAAAAAAAA\",\n      \"transactionRecordType\": 1,\n      \"logExtent\": 1,\n      \"relativeByteAddress\": 111111111,\n      \"reasonDescription\": \"Reserved\",\n      \"cardAcceptorNameAndLocation\": \"Username and location field 1\",\n      \"transactionDescription\": \"Category Description\",\n      \"transactionEntryMode\": 10,\n      \"transactionEntryModeDescription\": \"Pan Description\",\n      \"merchantNumber\": \"01111111\",\n      \"authorizationResponseCode\": \"AAA\",\n      \"creditAvailable\": \"aliqua\",\n      \"creditAvailableForCashAdvances\": \"c\",\n      \"accountCurrencyCode\": \"100\",\n      \"stateOrCountry\": \"AAA\",\n      \"transactionSourceTerminal\": \"A\",\n      \"merchantCode\": \"AAAAAAAA\",\n      \"processingCode\": 100000,\n      \"transactionAmount\": \"1000000000000\",\n      \"settlementAmount\": \"1000000000000\",\n      \"cardholderBillingAmount\": \"1000000000000\",\n      \"systemAuditTraceNumber\": \"1111111\",\n      \"localTimeOfTheTransaction\": \"00001000\",\n      \"localDateOfTheTransaction\": \"2023-06-12\",\n      \"retrievalReferenceNumber\": 100000000000,\n      \"transactionCurrencyCode\": 100,\n      \"settlementCurrencyCode\": 100,\n      \"billingCurrencyCode\": 100,\n      \"terminalNetworkName\": \"Terminal name\",\n      \"offeredDownPayment\": 1000000000000,\n      \"walletFeeAmount\": \"010000000\",\n      \"embosserName\": \"User Name\",\n      \"cashBackAmount\": \"010000000\",\n      \"exchangeRate\": 100000000,\n      \"exchangeRateNode\": 1,\n      \"remainingDays\": 100,\n      \"cardAcceptorName\": \"Card acceptor name\",\n      \"merchantPhone\": \"+1 111 222 333\",\n      \"countryCode\": 111,\n      \"multiWalletPrepaid\": {\n        \"currencyId\": 100,\n        \"authWalletAmount\": 1000000000000,\n        \"baseCurrencyAmount\": 1000000000000,\n        \"authWalletMarkupAmount\": 100000000,\n        \"conversionFeeAmount\": 100000000,\n        \"crossWalletXfrFlag\": 1,\n        \"walletPrstFlag\": 1,\n        \"walletToDwltConversionRate\": 1,\n        \"xfrToCurrency\": 100,\n        \"fundXfrFld\": {\n          \"xfrFromCurrency\": 100,\n          \"xfrFromAmount\": 1000000000000,\n          \"xfrToAmount\": 1000000000000,\n          \"xfrFeeAmount\": 100000000\n        },\n        \"atmWdrlFeeAmount\": 1000000000000,\n        \"crosBrdrFeeAmount\": 1000000000000,\n        \"ccaFeeAmount\": 1000000000000,\n        \"ivaTaxAmount\": 1000000000000\n      }\n    }\n  ]\n}","cookie":[],"_postman_previewlanguage":"json"},{"id":"6940d551-d884-40a0-ad21-6cd03b8f77a1","name":"Redirection","originalRequest":{"url":{"path":["transactions","outstanding-authorizations-L8V3","details"],"host":["{{baseUrl}}"],"query":[],"variable":[]},"header":[{"disabled":false,"description":"(Required) API Key","key":"apikey","value":"<string>"},{"disabled":false,"description":"(Required) Client ID","key":"X-ClientID","value":"00970"},{"key":"Accept","value":"application/json"}],"method":"POST","body":{"mode":"raw","raw":"{\n  \"organizationNumber\": 998,\n  \"effectiveAuthorizationDate\": \"2023-06-26\",\n  \"effectiveAuthorizationTime\": 112233,\n  \"accountNumber\": \"000123456XXXXX12345\",\n  \"foreignUseIndicator\": \"0\",\n  \"functionCode\": \"P\",\n  \"filter\": \"A\",\n  \"numberOfAuthorizationsRequested\": 100,\n  \"authorizationNumber\": \"111111\",\n  \"logRecordTypeOfTheTransaction\": 6,\n  \"extentOfTheLogFile\": 0,\n  \"relativeByteAddress\": 1,\n  \"authorizationDateFrom\": \"2023-06-26\",\n  \"authorizationDateTo\": \"2023-06-26\",\n  \"cardNumber\": \"000123456XXXXX12345\"\n}","options":{"raw":{"language":"json"}}}},"status":"Multiple Choices","code":300,"header":[{"key":"Content-Type","value":"application/json"}],"body":"{\n  \"hasError\": false,\n  \"errors\": [\n    {\n      \"code\": \"minim v\",\n      \"description\": \"pariatur Ut adipisicing veniam sit\"\n    },\n    {\n      \"code\": \"ad non\",\n      \"description\": \"venia\"\n    }\n  ],\n  \"data\": {}\n}","cookie":[],"_postman_previewlanguage":"json"},{"id":"dd32bcbb-3f69-478c-9001-3d3ab1be2dd9","name":"Bad Request","originalRequest":{"url":{"path":["transactions","outstanding-authorizations-L8V3","details"],"host":["{{baseUrl}}"],"query":[],"variable":[]},"header":[{"disabled":false,"description":"(Required) API Key","key":"apikey","value":"<string>"},{"disabled":false,"description":"(Required) Client ID","key":"X-ClientID","value":"00970"}],"method":"POST","body":{"mode":"raw","raw":"{\n  \"organizationNumber\": 998,\n  \"effectiveAuthorizationDate\": \"2023-06-26\",\n  \"effectiveAuthorizationTime\": 112233,\n  \"accountNumber\": \"000123456XXXXX12345\",\n  \"foreignUseIndicator\": \"0\",\n  \"functionCode\": \"P\",\n  \"filter\": \"A\",\n  \"numberOfAuthorizationsRequested\": 100,\n  \"authorizationNumber\": \"111111\",\n  \"logRecordTypeOfTheTransaction\": 6,\n  \"extentOfTheLogFile\": 0,\n  \"relativeByteAddress\": 1,\n  \"authorizationDateFrom\": \"2023-06-26\",\n  \"authorizationDateTo\": \"2023-06-26\",\n  \"cardNumber\": \"000123456XXXXX12345\"\n}","options":{"raw":{"language":"json"}}}},"status":"Bad Request","code":400,"header":[{"key":"Content-Type","value":"text/plain"}],"body":"","cookie":[],"_postman_previewlanguage":"text"},{"id":"741f5e9e-7bbe-4994-a1b7-2a8c893702f4","name":"Unauthorized","originalRequest":{"url":{"path":["transactions","outstanding-authorizations-L8V3","details"],"host":["{{baseUrl}}"],"query":[],"variable":[]},"header":[{"disabled":false,"description":"(Required) API Key","key":"apikey","value":"<string>"},{"disabled":false,"description":"(Required) Client ID","key":"X-ClientID","value":"00970"}],"method":"POST","body":{"mode":"raw","raw":"{\n  \"organizationNumber\": 998,\n  \"effectiveAuthorizationDate\": \"2023-06-26\",\n  \"effectiveAuthorizationTime\": 112233,\n  \"accountNumber\": \"000123456XXXXX12345\",\n  \"foreignUseIndicator\": \"0\",\n  \"functionCode\": \"P\",\n  \"filter\": \"A\",\n  \"numberOfAuthorizationsRequested\": 100,\n  \"authorizationNumber\": \"111111\",\n  \"logRecordTypeOfTheTransaction\": 6,\n  \"extentOfTheLogFile\": 0,\n  \"relativeByteAddress\": 1,\n  \"authorizationDateFrom\": \"2023-06-26\",\n  \"authorizationDateTo\": \"2023-06-26\",\n  \"cardNumber\": \"000123456XXXXX12345\"\n}","options":{"raw":{"language":"json"}}}},"status":"Unauthorized","code":401,"header":[{"key":"Content-Type","value":"text/plain"}],"body":"","cookie":[],"_postman_previewlanguage":"text"},{"id":"80554744-0def-4875-8614-f810ca8bdea8","name":"Forbidden","originalRequest":{"url":{"path":["transactions","outstanding-authorizations-L8V3","details"],"host":["{{baseUrl}}"],"query":[],"variable":[]},"header":[{"disabled":false,"description":"(Required) API Key","key":"apikey","value":"<string>"},{"disabled":false,"description":"(Required) Client ID","key":"X-ClientID","value":"00970"}],"method":"POST","body":{"mode":"raw","raw":"{\n  \"organizationNumber\": 998,\n  \"effectiveAuthorizationDate\": \"2023-06-26\",\n  \"effectiveAuthorizationTime\": 112233,\n  \"accountNumber\": \"000123456XXXXX12345\",\n  \"foreignUseIndicator\": \"0\",\n  \"functionCode\": \"P\",\n  \"filter\": \"A\",\n  \"numberOfAuthorizationsRequested\": 100,\n  \"authorizationNumber\": \"111111\",\n  \"logRecordTypeOfTheTransaction\": 6,\n  \"extentOfTheLogFile\": 0,\n  \"relativeByteAddress\": 1,\n  \"authorizationDateFrom\": \"2023-06-26\",\n  \"authorizationDateTo\": \"2023-06-26\",\n  \"cardNumber\": \"000123456XXXXX12345\"\n}","options":{"raw":{"language":"json"}}}},"status":"Forbidden","code":403,"header":[{"key":"Content-Type","value":"text/plain"}],"body":"","cookie":[],"_postman_previewlanguage":"text"},{"id":"e273cc81-3956-4baa-a2bd-6731b115504f","name":"Not Found","originalRequest":{"url":{"path":["transactions","outstanding-authorizations-L8V3","details"],"host":["{{baseUrl}}"],"query":[],"variable":[]},"header":[{"disabled":false,"description":"(Required) API Key","key":"apikey","value":"<string>"},{"disabled":false,"description":"(Required) Client ID","key":"X-ClientID","value":"00970"}],"method":"POST","body":{"mode":"raw","raw":"{\n  \"organizationNumber\": 998,\n  \"effectiveAuthorizationDate\": \"2023-06-26\",\n  \"effectiveAuthorizationTime\": 112233,\n  \"accountNumber\": \"000123456XXXXX12345\",\n  \"foreignUseIndicator\": \"0\",\n  \"functionCode\": \"P\",\n  \"filter\": \"A\",\n  \"numberOfAuthorizationsRequested\": 100,\n  \"authorizationNumber\": \"111111\",\n  \"logRecordTypeOfTheTransaction\": 6,\n  \"extentOfTheLogFile\": 0,\n  \"relativeByteAddress\": 1,\n  \"authorizationDateFrom\": \"2023-06-26\",\n  \"authorizationDateTo\": \"2023-06-26\",\n  \"cardNumber\": \"000123456XXXXX12345\"\n}","options":{"raw":{"language":"json"}}}},"status":"Not Found","code":404,"header":[{"key":"Content-Type","value":"text/plain"}],"body":"","cookie":[],"_postman_previewlanguage":"text"},{"id":"1ff8186f-7df5-46b9-9b87-bacd60ce0cbb","name":"Method Not Allowed","originalRequest":{"url":{"path":["transactions","outstanding-authorizations-L8V3","details"],"host":["{{baseUrl}}"],"query":[],"variable":[]},"header":[{"disabled":false,"description":"(Required) API Key","key":"apikey","value":"<string>"},{"disabled":false,"description":"(Required) Client ID","key":"X-ClientID","value":"00970"}],"method":"POST","body":{"mode":"raw","raw":"{\n  \"organizationNumber\": 998,\n  \"effectiveAuthorizationDate\": \"2023-06-26\",\n  \"effectiveAuthorizationTime\": 112233,\n  \"accountNumber\": \"000123456XXXXX12345\",\n  \"foreignUseIndicator\": \"0\",\n  \"functionCode\": \"P\",\n  \"filter\": \"A\",\n  \"numberOfAuthorizationsRequested\": 100,\n  \"authorizationNumber\": \"111111\",\n  \"logRecordTypeOfTheTransaction\": 6,\n  \"extentOfTheLogFile\": 0,\n  \"relativeByteAddress\": 1,\n  \"authorizationDateFrom\": \"2023-06-26\",\n  \"authorizationDateTo\": \"2023-06-26\",\n  \"cardNumber\": \"000123456XXXXX12345\"\n}","options":{"raw":{"language":"json"}}}},"status":"Method Not Allowed","code":405,"header":[{"key":"Content-Type","value":"text/plain"}],"body":"","cookie":[],"_postman_previewlanguage":"text"},{"id":"e4a17c12-8a56-4ee0-841f-e0c1203b18e8","name":"VPL5SOA06E - ORGANIZATION IS NOT NUMERIC OR MUST BE VALUE BETWEEN 000 AND 998\n\nVPL5SOA07E - ACCOUNT NUMBER IS INVALID\n\nVPL5SOA08E - START TOKEN EFFECTIVE DATE REQUIRED WHEN FUNCTION IS NEXT/PREV\n\nVPL5SOA09E - START TOKEN EFFECTIVE DATE IS INVALID\n\nVPL5SOA10E - START TOKEN TIME REQUIRED WHEN FUNCTION IS NEXT/PREV\n\nVPL5SOA11E - START TOKEN TIME IS INVALID\n\nVPL5SOA12E - FOREIGN USE FLAG IS INVALID\n\nVPL5SOA13E - SERVICE FUNCTION CODE IS INVALID\n\nVPL5SOA14E - ACTION FILTER CODE IS INVALID\n\nVPL5SOA15S - REQUESTED ORGANIZATION COULD NOT BE DETERMINED\n\nVPL5SOA16S - REQUESTED ORGANIZATION NOT FOUND\n\nVPL5SOA19S - ORGANIZATION NOT FOUND ON FILE\n\nVPL5SOA20I - FOREIGN USE ORG UNAVAILABLE PROCESSED LOCAL ORG ACCOUNT DATA\n\nVPL5SOA20I - FOREIGN USE ORG UNAVAILABLE PROCESSED LOCAL ORG ACCOUNT DATA\n\nVPL5SOA21S - FOREIGN ORGANIZATION NOT FOUND ON FILE \n\nVPL5SOA22S - ACCOUNT NUMBER NOT FOUND\n\nVPL5SOA24S - LOGO NOT FOUND ON FILE","originalRequest":{"url":{"path":["transactions","outstanding-authorizations-L8V3","details"],"host":["{{baseUrl}}"],"query":[],"variable":[]},"header":[{"disabled":false,"description":"(Required) API Key","key":"apikey","value":"<string>"},{"disabled":false,"description":"(Required) Client ID","key":"X-ClientID","value":"00970"},{"key":"Accept","value":"application/json"}],"method":"POST","body":{"mode":"raw","raw":"{\n  \"organizationNumber\": 998,\n  \"effectiveAuthorizationDate\": \"2023-06-26\",\n  \"effectiveAuthorizationTime\": 112233,\n  \"accountNumber\": \"000123456XXXXX12345\",\n  \"foreignUseIndicator\": \"0\",\n  \"functionCode\": \"P\",\n  \"filter\": \"A\",\n  \"numberOfAuthorizationsRequested\": 100,\n  \"authorizationNumber\": \"111111\",\n  \"logRecordTypeOfTheTransaction\": 6,\n  \"extentOfTheLogFile\": 0,\n  \"relativeByteAddress\": 1,\n  \"authorizationDateFrom\": \"2023-06-26\",\n  \"authorizationDateTo\": \"2023-06-26\",\n  \"cardNumber\": \"000123456XXXXX12345\"\n}","options":{"raw":{"language":"json"}}}},"status":"Unprocessable Entity (WebDAV) (RFC 4918)","code":422,"header":[{"key":"Content-Type","value":"application/json"}],"body":"{\n  \"hasError\": false,\n  \"errors\": [\n    {\n      \"code\": \"ad Duis ut\",\n      \"description\": \"nulla Lorem es\"\n    },\n    {\n      \"code\": \"amet magna ut velit\",\n      \"description\": \"consectetur proident non\"\n    }\n  ],\n  \"data\": {}\n}","cookie":[],"_postman_previewlanguage":"json"},{"id":"ef724272-054d-4aea-b822-46ae28d90e8a","name":"Backend Error","originalRequest":{"url":{"path":["transactions","outstanding-authorizations-L8V3","details"],"host":["{{baseUrl}}"],"query":[],"variable":[]},"header":[{"disabled":false,"description":"(Required) API Key","key":"apikey","value":"<string>"},{"disabled":false,"description":"(Required) Client ID","key":"X-ClientID","value":"00970"},{"key":"Accept","value":"application/json"}],"method":"POST","body":{"mode":"raw","raw":"{\n  \"organizationNumber\": 998,\n  \"effectiveAuthorizationDate\": \"2023-06-26\",\n  \"effectiveAuthorizationTime\": 112233,\n  \"accountNumber\": \"000123456XXXXX12345\",\n  \"foreignUseIndicator\": \"0\",\n  \"functionCode\": \"P\",\n  \"filter\": \"A\",\n  \"numberOfAuthorizationsRequested\": 100,\n  \"authorizationNumber\": \"111111\",\n  \"logRecordTypeOfTheTransaction\": 6,\n  \"extentOfTheLogFile\": 0,\n  \"relativeByteAddress\": 1,\n  \"authorizationDateFrom\": \"2023-06-26\",\n  \"authorizationDateTo\": \"2023-06-26\",\n  \"cardNumber\": \"000123456XXXXX12345\"\n}","options":{"raw":{"language":"json"}}}},"status":"Internal Server Error","code":500,"header":[{"key":"Content-Type","value":"application/json"}],"body":"{\n  \"hasError\": false,\n  \"errors\": [\n    {\n      \"code\": \"ad Duis ut\",\n      \"description\": \"nulla Lorem es\"\n    },\n    {\n      \"code\": \"amet magna ut velit\",\n      \"description\": \"consectetur proident non\"\n    }\n  ],\n  \"data\": {}\n}","cookie":[],"_postman_previewlanguage":"json"}],"event":[],"protocolProfileBehavior":{"disableBodyPruning":true}},{"id":"f46203cb-89a6-41d5-8035-2bcf36617f35","name":"Provides transaction detail information for the current billing cycle or statement transactions within a date range.\n\nVMX Service: M.CMS.TRANSACTIONDETAIL.INQ, R8V6","request":{"name":"Provides transaction detail information for the current billing cycle or statement transactions within a date range.\n\nVMX Service: M.CMS.TRANSACTIONDETAIL.INQ, R8V6","description":{"content":"Provides transaction detail information for the current billing cycle or statement transactions within a date range.\n\nVMX Service: M.CMS.TRANSACTIONDETAIL.INQ, R8V6","type":"text/plain"},"url":{"path":["transactions","details"],"host":["{{baseUrl}}"],"query":[],"variable":[]},"header":[{"disabled":false,"description":"(Required) API Key","key":"apikey","value":"<string>"},{"disabled":false,"description":"(Required) Client ID","key":"X-ClientID","value":"<string>"},{"key":"Content-Type","value":"application/json"},{"key":"Accept","value":"application/json"}],"method":"POST","auth":null,"body":{"mode":"raw","raw":"{\n  \"accountNumber\": \"<string>\",\n  \"organizationNumber\": \"<integer>\",\n  \"functionCode\": \"<string>\",\n  \"transactionDateRange\": {\n    \"from\": \"<date>\",\n    \"to\": \"<date>\"\n  },\n  \"numberOfTransactions\": \"<integer>\",\n  \"foreignUserIndicator\": \"<string>\",\n  \"startItem\": {\n    \"sequenceNumber\": \"<integer>\",\n    \"statementDate\": \"<date>\",\n    \"type\": \"<string>\"\n  },\n  \"transactionNumberMonths\": \"<string>\",\n  \"transactionAmountRange\": {\n    \"from\": \"<number>\",\n    \"to\": \"<number>\"\n  },\n  \"keyword\": \"<string>\",\n  \"transactionType\": \"<integer>\",\n  \"merchantInformationIndicator\": \"<string>\"\n}","options":{"raw":{"language":"json"}}}},"response":[{"id":"e7fedf3b-494f-4448-b8e9-3faccc45fc27","name":"Success","originalRequest":{"url":{"path":["transactions","details"],"host":["{{baseUrl}}"],"query":[],"variable":[]},"header":[{"disabled":false,"description":"(Required) API Key","key":"apikey","value":"<string>"},{"disabled":false,"description":"(Required) Client ID","key":"X-ClientID","value":"00970"},{"key":"Accept","value":"application/json"}],"method":"POST","body":{"mode":"raw","raw":"{\n  \"accountNumber\": \"4513074002573466583\",\n  \"organizationNumber\": 807,\n  \"functionCode\": \"B\",\n  \"transactionDateRange\": {\n    \"from\": \"<date>\",\n    \"to\": \"<date>\"\n  },\n  \"numberOfTransactions\": 10,\n  \"foreignUserIndicator\": \"0\",\n  \"startItem\": {\n    \"sequenceNumber\": 7,\n    \"statementDate\": \"<date>\",\n    \"type\": \"C\"\n  },\n  \"transactionNumberMonths\": \"<string>\",\n  \"transactionAmountRange\": {\n    \"from\": 0,\n    \"to\": 100000\n  },\n  \"keyword\": \"<string>\",\n  \"transactionType\": \"<integer>\",\n  \"merchantInformationIndicator\": \"<string>\"\n}","options":{"raw":{"language":"json"}}}},"status":"OK","code":200,"header":[{"key":"Content-Type","value":"application/json"}],"body":"{\n  \"currencyData\": {\n    \"code\": -25725276,\n    \"numberOfDecimal\": 93414475\n  },\n  \"organizationNumber\": -11541174,\n  \"logo\": 59744106,\n  \"foreignUseIndicator\": \"commodo ullamco nostrud in ea\",\n  \"numberOfMonths\": \"consequat ut cillum aliquip\",\n  \"numberOfTransactionRecords\": -18139115,\n  \"transactionData\": [\n    {\n      \"sequence\": 83180188,\n      \"accountOrganizationNumber\": -21021475,\n      \"accountLogo\": -55225968,\n      \"accountNumber\": \"ipsum ea in\",\n      \"recordNumber\": -13249018,\n      \"cardNumber\": \"000540208ID5IXX3865\",\n      \"cardSequence\": 32048854,\n      \"cardBlockCode\": \"sunt in voluptate esse quis\",\n      \"cardAcceptorId\": \"in tempor deserunt dolor ipsum\",\n      \"effectiveDate\": \"1969-11-14\",\n      \"postDate\": \"2022-02-03\",\n      \"type\": \"cillum id Duis\",\n      \"transactionCode\": -4069499,\n      \"batchDate\": \"1970-03-24\",\n      \"amount\": 10471204.99210012,\n      \"relationshipPaymentAmount\": -49429074.945791475,\n      \"originalPaymentAmount\": 88274866.22854403,\n      \"unitPrice\": -79471039.33434495,\n      \"quantity\": -48651678,\n      \"authorizationCode\": \"elit\",\n      \"planNumber\": 81170881,\n      \"planSequenceNumber\": 82111910,\n      \"planOpenDate\": \"1961-12-04\",\n      \"salesClerk\": \"ipsum mollit\",\n      \"ticketNumber\": \"id sunt adipisicing\",\n      \"purchaseOrder\": \"eu in\",\n      \"paymentReferenceNumber\": -72045207.21081549,\n      \"itemNumber\": 70587979.22475275,\n      \"referenceNumber\": \"cupidatat id Lorem ex laborum\",\n      \"description\": \"laboru\",\n      \"points\": 70919393.36193874,\n      \"programNumber\": \"minim labore est dolor\",\n      \"categoryCode\": 24750854,\n      \"skuNumber\": -52299283,\n      \"department\": \"ullamco nisi esse\",\n      \"source\": \"nisi i\",\n      \"visaTransactionId\": 96694557,\n      \"interchangeFee\": 30035382.646305785,\n      \"qualificationIndicator\": \"ex ma\",\n      \"merchantCountryCode\": \"nisi cillum\",\n      \"insuranceProduct\": \"cupidatat sit aliqua\",\n      \"ddaAccountIndicator\": \"proident in consectetur\",\n      \"transferredFraudTransactionStatus\": \"fugiat ex\",\n      \"posEntryMode\": \"sunt\",\n      \"originalTransactionAmount\": -95051135.56864208,\n      \"originalTransactionAmountFormatted\": \"laboris cillum\",\n      \"originalTransactionCurrency\": \"ex labore consectetur\",\n      \"originalTransactionCurrencyDescription\": \"pariatur consectetur sit\",\n      \"transactionConversionRate\": -11756939.721448496,\n      \"transactionConversionRateFormatted\": \"nostrud irure\",\n      \"merchantCity\": \"officia dese\",\n      \"merchantState\": \"officia consequat amet exercitation ut\",\n      \"merchantPostalCode\": \"in\",\n      \"merchantPhoneNumber\": \"Ut ad\",\n      \"categoryDescription\": \"commodo do\",\n      \"feeAdjustmentIndicator\": \"nostrud sit fugiat in\",\n      \"interestAdjustmentIndicator\": \"velit Duis\",\n      \"chargebackIndicator\": \"magna elit sint exercitation\",\n      \"disputeIndicator\": \"nisi\",\n      \"fraudIndicator\": \"laborum in eu amet ut\",\n      \"copyRequestIndicator\": \"enim\",\n      \"reversalIndicator\": \"sint minim\",\n      \"misappliedIndicator\": \"nostrud in\",\n      \"ichIndicator\": \"esse\",\n      \"disputeAuxiliaryFileIndicator\": \"dolor Excepteur mollit ut quis\",\n      \"stopOrResumeIndicator\": \"aliqua Ut aliquip\",\n      \"fraudTransferIndicator\": \"deserunt labore ut voluptate\",\n      \"storeNumber\": -89721784,\n      \"logicModuleNumber\": 13236756\n    },\n    {\n      \"sequence\": -91458782,\n      \"accountOrganizationNumber\": -11189326,\n      \"accountLogo\": -7704598,\n      \"accountNumber\": \"consectetur in velit veniam amet\",\n      \"recordNumber\": 35495500,\n      \"cardNumber\": \"000540208ID5IXX3865\",\n      \"cardSequence\": 64339620,\n      \"cardBlockCode\": \"eu veniam labore id\",\n      \"cardAcceptorId\": \"do nulla\",\n      \"effectiveDate\": \"1959-12-05\",\n      \"postDate\": \"1978-03-28\",\n      \"type\": \"tempor laboris consectetur\",\n      \"transactionCode\": -70814999,\n      \"batchDate\": \"1975-01-02\",\n      \"amount\": 76214788.49930593,\n      \"relationshipPaymentAmount\": -50636192.07155488,\n      \"originalPaymentAmount\": -41937678.41494012,\n      \"unitPrice\": -41168071.647982664,\n      \"quantity\": 75963039,\n      \"authorizationCode\": \"aute aliquip\",\n      \"planNumber\": -14571065,\n      \"planSequenceNumber\": 60901262,\n      \"planOpenDate\": \"1971-11-24\",\n      \"salesClerk\": \"incididunt anim ipsum\",\n      \"ticketNumber\": \"non Ut laborum elit\",\n      \"purchaseOrder\": \"ut Duis\",\n      \"paymentReferenceNumber\": 12555803.384451687,\n      \"itemNumber\": -21545903.68458882,\n      \"referenceNumber\": \"velit incididunt\",\n      \"description\": \"dolore laboris ad\",\n      \"points\": -39776297.24527016,\n      \"programNumber\": \"dolore eiusmod\",\n      \"categoryCode\": 55895817,\n      \"skuNumber\": 41545110,\n      \"department\": \"sunt\",\n      \"source\": \"Excepteur\",\n      \"visaTransactionId\": 39328453,\n      \"interchangeFee\": 34280950.658864886,\n      \"qualificationIndicator\": \"mollit pariatur ut\",\n      \"merchantCountryCode\": \"dolor adipisicing\",\n      \"insuranceProduct\": \"mollit ullamco consectetu\",\n      \"ddaAccountIndicator\": \"ad aliqua laboris\",\n      \"transferredFraudTransactionStatus\": \"cillum adipisicing\",\n      \"posEntryMode\": \"ex magna anim nulla\",\n      \"originalTransactionAmount\": 75557338.01403314,\n      \"originalTransactionAmountFormatted\": \"ut esse dolore eiusmod\",\n      \"originalTransactionCurrency\": \"in\",\n      \"originalTransactionCurrencyDescription\": \"ipsum dolore in velit\",\n      \"transactionConversionRate\": 20397710.21063079,\n      \"transactionConversionRateFormatted\": \"velit in deserunt laborum officia\",\n      \"merchantCity\": \"voluptate cillum anim ullam\",\n      \"merchantState\": \"adipisicing aute ess\",\n      \"merchantPostalCode\": \"nostrud laboris laborum\",\n      \"merchantPhoneNumber\": \"proident ex nulla voluptate\",\n      \"categoryDescription\": \"minim fugiat proident Lorem\",\n      \"feeAdjustmentIndicator\": \"dolore offi\",\n      \"interestAdjustmentIndicator\": \"Excepteur\",\n      \"chargebackIndicator\": \"dolor aliqua nisi ea\",\n      \"disputeIndicator\": \"ullamco exercitatio\",\n      \"fraudIndicator\": \"esse et reprehenderit voluptate laborum\",\n      \"copyRequestIndicator\": \"ipsum sed\",\n      \"reversalIndicator\": \"deserunt amet nostrud fugiat\",\n      \"misappliedIndicator\": \"pariatur\",\n      \"ichIndicator\": \"laboris Excepteur enim proident\",\n      \"disputeAuxiliaryFileIndicator\": \"anim qui sit\",\n      \"stopOrResumeIndicator\": \"incididunt in do velit\",\n      \"fraudTransferIndicator\": \"sint dolor sed minim\",\n      \"storeNumber\": 20200497,\n      \"logicModuleNumber\": -78816232\n    }\n  ],\n  \"more\": \"N,Y\",\n  \"startItem\": {\n    \"sequenceNumber\": -19192076,\n    \"statementDate\": \"1979-05-03\",\n    \"type\": \"proident id dolor esse\"\n  }\n}","cookie":[],"_postman_previewlanguage":"json"},{"id":"db8eacd8-0517-4127-975a-2cc7b2c9cc85","name":"Redirection","originalRequest":{"url":{"path":["transactions","details"],"host":["{{baseUrl}}"],"query":[],"variable":[]},"header":[{"disabled":false,"description":"(Required) API Key","key":"apikey","value":"<string>"},{"disabled":false,"description":"(Required) Client ID","key":"X-ClientID","value":"00970"},{"key":"Accept","value":"application/json"}],"method":"POST","body":{"mode":"raw","raw":"{\n  \"accountNumber\": \"4513074002573466583\",\n  \"organizationNumber\": 807,\n  \"functionCode\": \"B\",\n  \"transactionDateRange\": {\n    \"from\": \"<date>\",\n    \"to\": \"<date>\"\n  },\n  \"numberOfTransactions\": 10,\n  \"foreignUserIndicator\": \"0\",\n  \"startItem\": {\n    \"sequenceNumber\": 7,\n    \"statementDate\": \"<date>\",\n    \"type\": \"C\"\n  },\n  \"transactionNumberMonths\": \"<string>\",\n  \"transactionAmountRange\": {\n    \"from\": 0,\n    \"to\": 100000\n  },\n  \"keyword\": \"<string>\",\n  \"transactionType\": \"<integer>\",\n  \"merchantInformationIndicator\": \"<string>\"\n}","options":{"raw":{"language":"json"}}}},"status":"Multiple Choices","code":300,"header":[{"key":"Content-Type","value":"application/json"}],"body":"{\n  \"hasError\": false,\n  \"errors\": [\n    {\n      \"code\": \"ad Duis ut\",\n      \"description\": \"nulla Lorem es\"\n    },\n    {\n      \"code\": \"amet magna ut velit\",\n      \"description\": \"consectetur proident non\"\n    }\n  ],\n  \"data\": {}\n}","cookie":[],"_postman_previewlanguage":"json"},{"id":"5d3cf0cc-5735-46e3-a626-81ebebc378e0","name":"Bad Request","originalRequest":{"url":{"path":["transactions","details"],"host":["{{baseUrl}}"],"query":[],"variable":[]},"header":[{"disabled":false,"description":"(Required) API Key","key":"apikey","value":"<string>"},{"disabled":false,"description":"(Required) Client ID","key":"X-ClientID","value":"00970"}],"method":"POST","body":{"mode":"raw","raw":"{\n  \"accountNumber\": \"4513074002573466583\",\n  \"organizationNumber\": 807,\n  \"functionCode\": \"B\",\n  \"transactionDateRange\": {\n    \"from\": \"<date>\",\n    \"to\": \"<date>\"\n  },\n  \"numberOfTransactions\": 10,\n  \"foreignUserIndicator\": \"0\",\n  \"startItem\": {\n    \"sequenceNumber\": 7,\n    \"statementDate\": \"<date>\",\n    \"type\": \"C\"\n  },\n  \"transactionNumberMonths\": \"<string>\",\n  \"transactionAmountRange\": {\n    \"from\": 0,\n    \"to\": 100000\n  },\n  \"keyword\": \"<string>\",\n  \"transactionType\": \"<integer>\",\n  \"merchantInformationIndicator\": \"<string>\"\n}","options":{"raw":{"language":"json"}}}},"status":"Bad Request","code":400,"header":[{"key":"Content-Type","value":"text/plain"}],"body":"","cookie":[],"_postman_previewlanguage":"text"},{"id":"09c0e5d6-24d5-43f9-83c4-560fbd6873c0","name":"Unauthorized","originalRequest":{"url":{"path":["transactions","details"],"host":["{{baseUrl}}"],"query":[],"variable":[]},"header":[{"disabled":false,"description":"(Required) API Key","key":"apikey","value":"<string>"},{"disabled":false,"description":"(Required) Client ID","key":"X-ClientID","value":"00970"}],"method":"POST","body":{"mode":"raw","raw":"{\n  \"accountNumber\": \"4513074002573466583\",\n  \"organizationNumber\": 807,\n  \"functionCode\": \"B\",\n  \"transactionDateRange\": {\n    \"from\": \"<date>\",\n    \"to\": \"<date>\"\n  },\n  \"numberOfTransactions\": 10,\n  \"foreignUserIndicator\": \"0\",\n  \"startItem\": {\n    \"sequenceNumber\": 7,\n    \"statementDate\": \"<date>\",\n    \"type\": \"C\"\n  },\n  \"transactionNumberMonths\": \"<string>\",\n  \"transactionAmountRange\": {\n    \"from\": 0,\n    \"to\": 100000\n  },\n  \"keyword\": \"<string>\",\n  \"transactionType\": \"<integer>\",\n  \"merchantInformationIndicator\": \"<string>\"\n}","options":{"raw":{"language":"json"}}}},"status":"Unauthorized","code":401,"header":[{"key":"Content-Type","value":"text/plain"}],"body":"","cookie":[],"_postman_previewlanguage":"text"},{"id":"baba2f61-adb2-4552-b72c-1a4ecfc45161","name":"Forbidden","originalRequest":{"url":{"path":["transactions","details"],"host":["{{baseUrl}}"],"query":[],"variable":[]},"header":[{"disabled":false,"description":"(Required) API Key","key":"apikey","value":"<string>"},{"disabled":false,"description":"(Required) Client ID","key":"X-ClientID","value":"00970"}],"method":"POST","body":{"mode":"raw","raw":"{\n  \"accountNumber\": \"4513074002573466583\",\n  \"organizationNumber\": 807,\n  \"functionCode\": \"B\",\n  \"transactionDateRange\": {\n    \"from\": \"<date>\",\n    \"to\": \"<date>\"\n  },\n  \"numberOfTransactions\": 10,\n  \"foreignUserIndicator\": \"0\",\n  \"startItem\": {\n    \"sequenceNumber\": 7,\n    \"statementDate\": \"<date>\",\n    \"type\": \"C\"\n  },\n  \"transactionNumberMonths\": \"<string>\",\n  \"transactionAmountRange\": {\n    \"from\": 0,\n    \"to\": 100000\n  },\n  \"keyword\": \"<string>\",\n  \"transactionType\": \"<integer>\",\n  \"merchantInformationIndicator\": \"<string>\"\n}","options":{"raw":{"language":"json"}}}},"status":"Forbidden","code":403,"header":[{"key":"Content-Type","value":"text/plain"}],"body":"","cookie":[],"_postman_previewlanguage":"text"},{"id":"35031a29-1da0-437e-b9c3-28a56f60bd6f","name":"Not Found","originalRequest":{"url":{"path":["transactions","details"],"host":["{{baseUrl}}"],"query":[],"variable":[]},"header":[{"disabled":false,"description":"(Required) API Key","key":"apikey","value":"<string>"},{"disabled":false,"description":"(Required) Client ID","key":"X-ClientID","value":"00970"}],"method":"POST","body":{"mode":"raw","raw":"{\n  \"accountNumber\": \"4513074002573466583\",\n  \"organizationNumber\": 807,\n  \"functionCode\": \"B\",\n  \"transactionDateRange\": {\n    \"from\": \"<date>\",\n    \"to\": \"<date>\"\n  },\n  \"numberOfTransactions\": 10,\n  \"foreignUserIndicator\": \"0\",\n  \"startItem\": {\n    \"sequenceNumber\": 7,\n    \"statementDate\": \"<date>\",\n    \"type\": \"C\"\n  },\n  \"transactionNumberMonths\": \"<string>\",\n  \"transactionAmountRange\": {\n    \"from\": 0,\n    \"to\": 100000\n  },\n  \"keyword\": \"<string>\",\n  \"transactionType\": \"<integer>\",\n  \"merchantInformationIndicator\": \"<string>\"\n}","options":{"raw":{"language":"json"}}}},"status":"Not Found","code":404,"header":[{"key":"Content-Type","value":"text/plain"}],"body":"","cookie":[],"_postman_previewlanguage":"text"},{"id":"50a29e8f-7334-4e7c-b235-daccb2e16523","name":"Method Not Allowed","originalRequest":{"url":{"path":["transactions","details"],"host":["{{baseUrl}}"],"query":[],"variable":[]},"header":[{"disabled":false,"description":"(Required) API Key","key":"apikey","value":"<string>"},{"disabled":false,"description":"(Required) Client ID","key":"X-ClientID","value":"00970"}],"method":"POST","body":{"mode":"raw","raw":"{\n  \"accountNumber\": \"4513074002573466583\",\n  \"organizationNumber\": 807,\n  \"functionCode\": \"B\",\n  \"transactionDateRange\": {\n    \"from\": \"<date>\",\n    \"to\": \"<date>\"\n  },\n  \"numberOfTransactions\": 10,\n  \"foreignUserIndicator\": \"0\",\n  \"startItem\": {\n    \"sequenceNumber\": 7,\n    \"statementDate\": \"<date>\",\n    \"type\": \"C\"\n  },\n  \"transactionNumberMonths\": \"<string>\",\n  \"transactionAmountRange\": {\n    \"from\": 0,\n    \"to\": 100000\n  },\n  \"keyword\": \"<string>\",\n  \"transactionType\": \"<integer>\",\n  \"merchantInformationIndicator\": \"<string>\"\n}","options":{"raw":{"language":"json"}}}},"status":"Method Not Allowed","code":405,"header":[{"key":"Content-Type","value":"text/plain"}],"body":"","cookie":[],"_postman_previewlanguage":"text"},{"id":"7f17287e-9c3a-4e41-974f-2b2e494503f8","name":"VPL5STD01I - NO TRANSACTIONS FOUND FOR REQUEST\n\nVPL5STD04E - ORGANIZATION NUMBER MUST BE NUMERIC AND VALID VALUES ARE 000-998\n\nVPL5STD05E - ACCOUNT NUMBER IS NOT NUMERIC OR EQUALS SPACES\n\nVPL5STD06E - FUNCTION TYPE VALID VALUES ARE SPACE, C, R, M OR B\n\nVPL5STD07E - NUMBER OF TRANSACTIONS CANNOT BE GREATER THAN 50\n\nVPL5STD08E - INVALID FOREIGN USE INDICATOR - VALID VALUES ARE SPACE, 0 OR 1\n\nVPL5STD09E - NUMBER OF MONTHS IS REQUIRED WHEN REQUEST IS BY MONTH\n\nVPL5STD10E - TRANSACTION START DATE IS NOT A VALID DATE\n\nVPL5STD11E - TRANSACTION START DATE IS NOT NUMERIC\n\nVPL5STD12E - TRANSACTION START DATE IS NOT VALID WHEN REQUEST IS BY MONTH\n\nVPL5STD13E - TRANSACTION END DATE FORMAT IS NOT A VALID DATE\n\nVPL5STD14E - TRANSACTION END DATE IS NOT NUMERIC\n\nVPL5STD15E - TRANSACTION END DATE IS NOT VALID WHEN REQUEST IS BY MONTH\n\nVPL5STD16E - TRANSACTION END DATE MUST BE GREATER THAN TRANSACTION BEGIN DATE\n\nVPL5STD17E - STATEMENT OCCURRENCE NUMBER IS NOT NUMERIC\n\nVPL5STD20S - ORGANIZATION NUMBER NOT FOUND ON FILE\n\nVPL5STD21S - FOREIGN ORGANIZATION NUMBER IS NOT FOUND ON FILE\n\nVPL5STD22S - ACCOUNT NOT FOUND ON FILE\n\nVPL5STD23I - FOREIGN USE ORG UNAVAILABLE PROCESSED LOCAL ORG ACCOUNT DATA\n\nVPL5STD23S - NO TRANSACTIONS FOUND - STATEMENTS\n\nVPL5STD24S - NO TRANSACTIONS FOUND - STATEMENTS\n\nVPL5STD25I - FOREIGN USE ORG UNAVAILABLE PROCESSED LOCAL ORG ACCOUNT DATA\n\nVPL5STD26E - MINIMUM TRANSACTION AMOUNT MUST BE NUMERIC\n\nVPL5STD27E - MAXIMUM TRANSACTION AMOUNT MUST BE NUMERIC\n\nVPL5STD28E - MIN AND MAX TRANSACTION AMOUNTS MUST BE NUMERIC\n\nVPL5STD29E - MINIMUM AMOUNT CANNOT BE GREATER THAN MAXIMUM AMOUNT\n\nVPL5STD30E - FUNCTION CODE MUST BE EQUAL TO SPACE, N OR P\n\nVPL5STD31E - START TOKEN SEQUENCE NUMBER MUST BE NUMERIC\n\nVPL5STD32E - START TOKEN STATEMENT DATE MUST BE NUMERIC\n\nVPL5STD33E - STATEMENT DATE IS INVALID\n\nVPL5STD34E - START TOKEN FILE TYPE IS INVALID. VALID VALUES ARE C S AND L\n\nVPL5STD35E - CURRENCY CODE NOT ON FILE\n\nVPL5STD36E - INVALID TRANSACTION TYPE\n\nVPL5STDZ4S - REQUESTED ORGANIZATION COULD NOT BE DETERMINED\n\nVPL5STDZ5S - REQUESTED ORGANIZATION NOT FOUND\n\n","originalRequest":{"url":{"path":["transactions","details"],"host":["{{baseUrl}}"],"query":[],"variable":[]},"header":[{"disabled":false,"description":"(Required) API Key","key":"apikey","value":"<string>"},{"disabled":false,"description":"(Required) Client ID","key":"X-ClientID","value":"00970"},{"key":"Accept","value":"application/json"}],"method":"POST","body":{"mode":"raw","raw":"{\n  \"accountNumber\": \"4513074002573466583\",\n  \"organizationNumber\": 807,\n  \"functionCode\": \"B\",\n  \"transactionDateRange\": {\n    \"from\": \"<date>\",\n    \"to\": \"<date>\"\n  },\n  \"numberOfTransactions\": 10,\n  \"foreignUserIndicator\": \"0\",\n  \"startItem\": {\n    \"sequenceNumber\": 7,\n    \"statementDate\": \"<date>\",\n    \"type\": \"C\"\n  },\n  \"transactionNumberMonths\": \"<string>\",\n  \"transactionAmountRange\": {\n    \"from\": 0,\n    \"to\": 100000\n  },\n  \"keyword\": \"<string>\",\n  \"transactionType\": \"<integer>\",\n  \"merchantInformationIndicator\": \"<string>\"\n}","options":{"raw":{"language":"json"}}}},"status":"Unprocessable Entity (WebDAV) (RFC 4918)","code":422,"header":[{"key":"Content-Type","value":"application/json"}],"body":"{\n  \"hasError\": false,\n  \"errors\": [\n    {\n      \"code\": \"ad Duis ut\",\n      \"description\": \"nulla Lorem es\"\n    },\n    {\n      \"code\": \"amet magna ut velit\",\n      \"description\": \"consectetur proident non\"\n    }\n  ],\n  \"data\": {}\n}","cookie":[],"_postman_previewlanguage":"json"},{"id":"061c9de0-9559-4bd6-b6e7-e51279d980a8","name":"Backend Error","originalRequest":{"url":{"path":["transactions","details"],"host":["{{baseUrl}}"],"query":[],"variable":[]},"header":[{"disabled":false,"description":"(Required) API Key","key":"apikey","value":"<string>"},{"disabled":false,"description":"(Required) Client ID","key":"X-ClientID","value":"00970"},{"key":"Accept","value":"application/json"}],"method":"POST","body":{"mode":"raw","raw":"{\n  \"accountNumber\": \"4513074002573466583\",\n  \"organizationNumber\": 807,\n  \"functionCode\": \"B\",\n  \"transactionDateRange\": {\n    \"from\": \"<date>\",\n    \"to\": \"<date>\"\n  },\n  \"numberOfTransactions\": 10,\n  \"foreignUserIndicator\": \"0\",\n  \"startItem\": {\n    \"sequenceNumber\": 7,\n    \"statementDate\": \"<date>\",\n    \"type\": \"C\"\n  },\n  \"transactionNumberMonths\": \"<string>\",\n  \"transactionAmountRange\": {\n    \"from\": 0,\n    \"to\": 100000\n  },\n  \"keyword\": \"<string>\",\n  \"transactionType\": \"<integer>\",\n  \"merchantInformationIndicator\": \"<string>\"\n}","options":{"raw":{"language":"json"}}}},"status":"Internal Server Error","code":500,"header":[{"key":"Content-Type","value":"application/json"}],"body":"{\n  \"hasError\": false,\n  \"errors\": [\n    {\n      \"code\": \"ad Duis ut\",\n      \"description\": \"nulla Lorem es\"\n    },\n    {\n      \"code\": \"amet magna ut velit\",\n      \"description\": \"consectetur proident non\"\n    }\n  ],\n  \"data\": {}\n}","cookie":[],"_postman_previewlanguage":"json"}],"event":[],"protocolProfileBehavior":{"disableBodyPruning":true}}],"event":[]}],"event":[],"variable":[{"type":"string","value":"https://int.api.firstdata.com/latam-gfs-apis/portal","key":"baseUrl"}],"info":{"_postman_id":"bbb004c8-ba2b-41c5-a047-7b1ef37ab5ef","name":"FirstVision™ Transactions Service - API Documentation","schema":"https://schema.getpostman.com/json/collection/v2.1.0/collection.json","description":{"content":"This documentation describes the REST APIs provided by the FirstVision™ Transactions Microservice for Ualá.","type":"text/plain"}}}