{"item":[{"id":"be0d6696-a2e1-46c1-a056-fbcc4a7fb667","name":"marketplace","description":{"content":"Operations for getting details around mapping of retailer/publishing partner details","type":"text/plain"},"item":[{"id":"e7b78800-c640-45e7-b5a0-948699972785","name":"Retrieves partner details mapping","request":{"name":"Retrieves partner details mapping","description":{"content":"Retrieves the mapping of retailer or publishing partner details based on partner type","type":"text/plain"},"url":{"path":["v1","marketplace"],"host":["{{baseUrl}}"],"query":[{"disabled":false,"key":"partnerType","value":"enim nul","description":"(Required) Type of partner to query the mapping partner details, e.g. PUBLISHER/RETAILER"}],"variable":[]},"header":[{"disabled":false,"description":"(Required) An API key is a string value passed by a client app to the API proxies. The key uniquely identifies the client app.","key":"Api-Key","value":"enim nul"},{"disabled":false,"description":"(Required) Epoch timestamp in the request initiating system","key":"Timestamp","value":"enim nul"},{"disabled":false,"description":"Used to pass the original client OAuth token information given in a client-credentials flow.  This field is only used when the server is making the request and needs to link the transaction to a specific client.  Format- `Bearer {access_token}`","key":"Client-Token","value":"enim nul"},{"disabled":false,"description":"The Accept-Language header contains information about the language preference of a user. This HTTP header is useful to multilingual sites for deciding the best language to serve to the client. i.e en-US,fr-CA","key":"Accept-Language","value":"enim nul"},{"disabled":false,"description":"Sub Merchant Id contains information about the merchant identifier","key":"Sub-Merchant-Id","value":"enim nul"},{"key":"Accept","value":"application/json"}],"method":"GET","auth":null},"response":[{"id":"382d4486-14bc-4579-beb2-84b6abbdfc33","name":"Success","originalRequest":{"url":{"path":["v1","marketplace"],"host":["{{baseUrl}}"],"query":[{"key":"partnerType","value":"enim nul"}],"variable":[]},"header":[{"disabled":false,"description":"(Required) An API key is a string value passed by a client app to the API proxies. The key uniquely identifies the client app.","key":"Api-Key","value":"enim nul"},{"disabled":false,"description":"(Required) Epoch timestamp in the request initiating system","key":"Timestamp","value":"enim nul"},{"disabled":false,"description":"(Required) Authorization information for the request. Format- `HMAC {hmacToken}`","key":"Authorization","value":"enim nul"},{"disabled":false,"description":"Used to pass the original client OAuth token information given in a client-credentials flow.  This field is only used when the server is making the request and needs to link the transaction to a specific client.  Format- `Bearer {access_token}`","key":"Client-Token","value":"enim nul"},{"disabled":false,"description":"The Accept-Language header contains information about the language preference of a user. This HTTP header is useful to multilingual sites for deciding the best language to serve to the client. i.e en-US,fr-CA","key":"Accept-Language","value":"enim nul"},{"disabled":false,"description":"Sub Merchant Id contains information about the merchant identifier","key":"Sub-Merchant-Id","value":"enim nul"}],"method":"GET","body":{}},"status":"OK","code":200,"header":[{"key":"Content-Type","value":"application/json"}],"body":"{\n  \"marketplaceName\": \"Publisher Enabled Market Place\",\n  \"partners\": [\n    {\n      \"partnerId\": \"RETAILER_WALLET\",\n      \"partnerName\": \" RETAILER PARTNER NAME\",\n      \"supportedServices\": [\n        \"PETRO\"\n      ],\n      \"supportedFundingSource\": {\n        \"creditTypes\": [\n          {\n            \"cardType\": \"VISA\"\n          },\n          {\n            \"cardType\": \"MASTERCARD\"\n          },\n          {\n            \"cardType\": \"DISCOVER\"\n          },\n          {\n            \"cardType\": \"AMEX\"\n          },\n          {\n            \"cardType\": \"PLCC\",\n            \"cardSubType\": [\n              \"NA\"\n            ]\n          }\n        ],\n        \"googlePayEnabled\": false,\n        \"applePayEnabled\": true,\n        \"samsungPayEnabled\": false,\n        \"amazonPayEnabled\": false,\n        \"payPalEnabled\": false,\n        \"venmoEnabled\": false,\n        \"visaCheckoutEnabled\": false,\n        \"masterPassEnabled\": false,\n        \"achEnabled\": false\n      }\n    }\n  ]\n}","cookie":[],"_postman_previewlanguage":"json"},{"id":"1dfd53ee-01a6-4036-a6e4-b757d7e4587e","name":"Bad request","originalRequest":{"url":{"path":["v1","marketplace"],"host":["{{baseUrl}}"],"query":[{"key":"partnerType","value":"enim nul"}],"variable":[]},"header":[{"disabled":false,"description":"(Required) An API key is a string value passed by a client app to the API proxies. The key uniquely identifies the client app.","key":"Api-Key","value":"enim nul"},{"disabled":false,"description":"(Required) Epoch timestamp in the request initiating system","key":"Timestamp","value":"enim nul"},{"disabled":false,"description":"(Required) Authorization information for the request. Format- `HMAC {hmacToken}`","key":"Authorization","value":"enim nul"},{"disabled":false,"description":"Used to pass the original client OAuth token information given in a client-credentials flow.  This field is only used when the server is making the request and needs to link the transaction to a specific client.  Format- `Bearer {access_token}`","key":"Client-Token","value":"enim nul"},{"disabled":false,"description":"The Accept-Language header contains information about the language preference of a user. This HTTP header is useful to multilingual sites for deciding the best language to serve to the client. i.e en-US,fr-CA","key":"Accept-Language","value":"enim nul"},{"disabled":false,"description":"Sub Merchant Id contains information about the merchant identifier","key":"Sub-Merchant-Id","value":"enim nul"}],"method":"GET","body":{}},"status":"Bad Request","code":400,"header":[{"key":"Content-Type","value":"application/json"}],"body":"{\n  \"code\": \"40000\",\n  \"message\": \"Example Error\",\n  \"category\": \"example\",\n  \"developerInfo\": {\n    \"developerMessage\": \"Invalid Message format in request payload\",\n    \"moreInfo\": \"https://www.example.com/errors/40000\",\n    \"fieldError\": [\n      {\n        \"field\": \"example id\",\n        \"message\": \"exampleId is mandatory\"\n      }\n    ]\n  }\n}","cookie":[],"_postman_previewlanguage":"json"},{"id":"7233ff32-5d5d-4a95-bf58-fd74e0b8e36b","name":"Unauthorized","originalRequest":{"url":{"path":["v1","marketplace"],"host":["{{baseUrl}}"],"query":[{"key":"partnerType","value":"enim nul"}],"variable":[]},"header":[{"disabled":false,"description":"(Required) An API key is a string value passed by a client app to the API proxies. The key uniquely identifies the client app.","key":"Api-Key","value":"enim nul"},{"disabled":false,"description":"(Required) Epoch timestamp in the request initiating system","key":"Timestamp","value":"enim nul"},{"disabled":false,"description":"(Required) Authorization information for the request. Format- `HMAC {hmacToken}`","key":"Authorization","value":"enim nul"},{"disabled":false,"description":"Used to pass the original client OAuth token information given in a client-credentials flow.  This field is only used when the server is making the request and needs to link the transaction to a specific client.  Format- `Bearer {access_token}`","key":"Client-Token","value":"enim nul"},{"disabled":false,"description":"The Accept-Language header contains information about the language preference of a user. This HTTP header is useful to multilingual sites for deciding the best language to serve to the client. i.e en-US,fr-CA","key":"Accept-Language","value":"enim nul"},{"disabled":false,"description":"Sub Merchant Id contains information about the merchant identifier","key":"Sub-Merchant-Id","value":"enim nul"}],"method":"GET","body":{}},"status":"Unauthorized","code":401,"header":[{"key":"Content-Type","value":"text/plain"}],"body":"","cookie":[],"_postman_previewlanguage":"text"},{"id":"48dc7e0d-970b-4502-9427-03515b17807d","name":"Not Found - The requested resource doesn't exist.","originalRequest":{"url":{"path":["v1","marketplace"],"host":["{{baseUrl}}"],"query":[{"key":"partnerType","value":"enim nul"}],"variable":[]},"header":[{"disabled":false,"description":"(Required) An API key is a string value passed by a client app to the API proxies. The key uniquely identifies the client app.","key":"Api-Key","value":"enim nul"},{"disabled":false,"description":"(Required) Epoch timestamp in the request initiating system","key":"Timestamp","value":"enim nul"},{"disabled":false,"description":"(Required) Authorization information for the request. Format- `HMAC {hmacToken}`","key":"Authorization","value":"enim nul"},{"disabled":false,"description":"Used to pass the original client OAuth token information given in a client-credentials flow.  This field is only used when the server is making the request and needs to link the transaction to a specific client.  Format- `Bearer {access_token}`","key":"Client-Token","value":"enim nul"},{"disabled":false,"description":"The Accept-Language header contains information about the language preference of a user. This HTTP header is useful to multilingual sites for deciding the best language to serve to the client. i.e en-US,fr-CA","key":"Accept-Language","value":"enim nul"},{"disabled":false,"description":"Sub Merchant Id contains information about the merchant identifier","key":"Sub-Merchant-Id","value":"enim nul"}],"method":"GET","body":{}},"status":"Not Found","code":404,"header":[{"key":"Content-Type","value":"application/json"}],"body":"{\n  \"code\": \"consequat ad est\",\n  \"message\": \"irure adipisicing eu deserunt\",\n  \"category\": \"ex ea\",\n  \"developerInfo\": {\n    \"developerMessage\": \"proident occaecat exercitation ex\",\n    \"moreInfo\": \"exercitation irure voluptate pariatur\",\n    \"fieldError\": [\n      {\n        \"field\": \"nostrud ad mollit irure dolore\",\n        \"message\": \"fugiat eiusmod laboris velit magna\"\n      },\n      {\n        \"field\": \"aliqua enim magna laboris\",\n        \"message\": \"aliquip adip\"\n      }\n    ]\n  },\n  \"hostExtraInfo\": [\n    {\n      \"name\": \"pariatur dolore officia et\",\n      \"value\": \"quis aliquip aliqua dolore\",\n      \"valueAsList\": [\n        \"sed dolor\",\n        \"est proident co\"\n      ]\n    },\n    {\n      \"name\": \"U\",\n      \"value\": \"minim reprehenderit non nisi\",\n      \"valueAsList\": [\n        \"velit dolor sed nisi\",\n        \"id\"\n      ]\n    }\n  ],\n  \"threeDSecureInfo\": {\n    \"transactionId\": \"292bb6b886fc4446894f878b7e32bd5e\",\n    \"transactionStatus\": \"C\",\n    \"transactionStatusReason\": \"proident\",\n    \"challengeResponse\": \"ewogIC\",\n    \"challengeIndicator\": \"01 = No preference 02 = No challenge requested 03 = Challenge requested: 3DS Requestor Preference 04 = Challenge requested: Mandate\",\n    \"dsTransactionId\": \"292bb6b886fc4446894f878b7e32bd5e\",\n    \"acsTransactionId\": \"292bb6b886fc4446894f878b7e32bd5e\",\n    \"serverTransactionId\": \"292bb6b886fc4446894f878b7e32bd5e\",\n    \"acsReferenceNumber\": \"292bb6b886fc4446894f878b7e32bd5e\",\n    \"acsSignedContent\": \"292bb6b88....6fc4446894f878b7e32bd5e\",\n    \"cardType\": \"AMEX\",\n    \"challengeRequest\": \"ewogICAiYW.......MjJjMGVjIgp9\",\n    \"acsUrl\": \"https://test.modirum.com/dstests/ACSEmu2\",\n    \"iframeContent\": \"<iframe></iframe>\",\n    \"termUrl\": \"https://mydomain/3dstest?transactionId=292bb6b886fc4446894f878b7e32bd5e\",\n    \"isThreeDSMethodCompleted\": true,\n    \"isAuthenticationCompleted\": true,\n    \"cavv\": \"consequat pariatur\",\n    \"threeDSVersion\": \"pariatur sunt minim aliquip fugiat\",\n    \"expiryDateTime\": \"2020-01-01T16:06:05Z\",\n    \"eci\": \"proident Duis \"\n  },\n  \"_links\": [\n    {\n      \"href\": \"http://CEzpQkumyqFtrleoxdzhwNrJ.wzmt,Ekp\",\n      \"rel\": \"self\",\n      \"method\": \"GET\",\n      \"id\": \"415e5cf6bfdb11e8a355529269fb1459\"\n    },\n    {\n      \"href\": \"http://NE.zluxU+M\",\n      \"rel\": \"self\",\n      \"method\": \"GET\",\n      \"id\": \"415e5cf6bfdb11e8a355529269fb1459\"\n    }\n  ]\n}","cookie":[],"_postman_previewlanguage":"json"},{"id":"1b9a0d84-ab99-4824-9663-81b57f2473cd","name":"An unexpected server error occurred.","originalRequest":{"url":{"path":["v1","marketplace"],"host":["{{baseUrl}}"],"query":[{"key":"partnerType","value":"enim nul"}],"variable":[]},"header":[{"disabled":false,"description":"(Required) An API key is a string value passed by a client app to the API proxies. The key uniquely identifies the client app.","key":"Api-Key","value":"enim nul"},{"disabled":false,"description":"(Required) Epoch timestamp in the request initiating system","key":"Timestamp","value":"enim nul"},{"disabled":false,"description":"(Required) Authorization information for the request. Format- `HMAC {hmacToken}`","key":"Authorization","value":"enim nul"},{"disabled":false,"description":"Used to pass the original client OAuth token information given in a client-credentials flow.  This field is only used when the server is making the request and needs to link the transaction to a specific client.  Format- `Bearer {access_token}`","key":"Client-Token","value":"enim nul"},{"disabled":false,"description":"The Accept-Language header contains information about the language preference of a user. This HTTP header is useful to multilingual sites for deciding the best language to serve to the client. i.e en-US,fr-CA","key":"Accept-Language","value":"enim nul"},{"disabled":false,"description":"Sub Merchant Id contains information about the merchant identifier","key":"Sub-Merchant-Id","value":"enim nul"}],"method":"GET","body":{}},"status":"Internal Server Error","code":500,"header":[{"key":"Content-Type","value":"application/json"}],"body":"{\n  \"code\": \"consequat ad est\",\n  \"message\": \"irure adipisicing eu deserunt\",\n  \"category\": \"ex ea\",\n  \"developerInfo\": {\n    \"developerMessage\": \"proident occaecat exercitation ex\",\n    \"moreInfo\": \"exercitation irure voluptate pariatur\",\n    \"fieldError\": [\n      {\n        \"field\": \"nostrud ad mollit irure dolore\",\n        \"message\": \"fugiat eiusmod laboris velit magna\"\n      },\n      {\n        \"field\": \"aliqua enim magna laboris\",\n        \"message\": \"aliquip adip\"\n      }\n    ]\n  },\n  \"hostExtraInfo\": [\n    {\n      \"name\": \"pariatur dolore officia et\",\n      \"value\": \"quis aliquip aliqua dolore\",\n      \"valueAsList\": [\n        \"sed dolor\",\n        \"est proident co\"\n      ]\n    },\n    {\n      \"name\": \"U\",\n      \"value\": \"minim reprehenderit non nisi\",\n      \"valueAsList\": [\n        \"velit dolor sed nisi\",\n        \"id\"\n      ]\n    }\n  ],\n  \"threeDSecureInfo\": {\n    \"transactionId\": \"292bb6b886fc4446894f878b7e32bd5e\",\n    \"transactionStatus\": \"C\",\n    \"transactionStatusReason\": \"proident\",\n    \"challengeResponse\": \"ewogIC\",\n    \"challengeIndicator\": \"01 = No preference 02 = No challenge requested 03 = Challenge requested: 3DS Requestor Preference 04 = Challenge requested: Mandate\",\n    \"dsTransactionId\": \"292bb6b886fc4446894f878b7e32bd5e\",\n    \"acsTransactionId\": \"292bb6b886fc4446894f878b7e32bd5e\",\n    \"serverTransactionId\": \"292bb6b886fc4446894f878b7e32bd5e\",\n    \"acsReferenceNumber\": \"292bb6b886fc4446894f878b7e32bd5e\",\n    \"acsSignedContent\": \"292bb6b88....6fc4446894f878b7e32bd5e\",\n    \"cardType\": \"AMEX\",\n    \"challengeRequest\": \"ewogICAiYW.......MjJjMGVjIgp9\",\n    \"acsUrl\": \"https://test.modirum.com/dstests/ACSEmu2\",\n    \"iframeContent\": \"<iframe></iframe>\",\n    \"termUrl\": \"https://mydomain/3dstest?transactionId=292bb6b886fc4446894f878b7e32bd5e\",\n    \"isThreeDSMethodCompleted\": true,\n    \"isAuthenticationCompleted\": true,\n    \"cavv\": \"consequat pariatur\",\n    \"threeDSVersion\": \"pariatur sunt minim aliquip fugiat\",\n    \"expiryDateTime\": \"2020-01-01T16:06:05Z\",\n    \"eci\": \"proident Duis \"\n  },\n  \"_links\": [\n    {\n      \"href\": \"http://CEzpQkumyqFtrleoxdzhwNrJ.wzmt,Ekp\",\n      \"rel\": \"self\",\n      \"method\": \"GET\",\n      \"id\": \"415e5cf6bfdb11e8a355529269fb1459\"\n    },\n    {\n      \"href\": \"http://NE.zluxU+M\",\n      \"rel\": \"self\",\n      \"method\": \"GET\",\n      \"id\": \"415e5cf6bfdb11e8a355529269fb1459\"\n    }\n  ]\n}","cookie":[],"_postman_previewlanguage":"json"}],"event":[],"protocolProfileBehavior":{"disableBodyPruning":true}}],"event":[]}],"event":[],"variable":[{"type":"string","value":"https://int.api.firstdata.com/ucom","key":"baseUrl"}],"info":{"_postman_id":"4cfe2b2a-7a36-4f91-a80a-7aff8e6546c2","name":"uCom Discovery Services","schema":"https://schema.getpostman.com/json/collection/v2.1.0/collection.json","description":{"content":"Services related to publishing details about the marketplace","type":"text/plain"}}}