{"item":[{"id":"214e8886-49b9-4b74-acfc-89fba82af5c5","name":"marketplace","description":{"content":"Operations for getting details around mapping of retailer/publishing partner details","type":"text/plain"},"item":[{"id":"2933affe-9c95-4542-bd9e-e9c18cd26b09","name":"Retrieves partner details mapping","request":{"name":"Retrieves partner details mapping","description":{"content":"Retrieves the mapping of retailer or publishing partner details based on partner type","type":"text/plain"},"url":{"path":["v1","marketplace"],"host":["{{baseUrl}}"],"query":[{"disabled":false,"key":"partnerType","value":"labore in cupidatat sint ","description":"(Required) Type of partner to query the mapping partner details, e.g. PUBLISHER/RETAILER"}],"variable":[]},"header":[{"disabled":false,"description":"(Required) An API key is a string value passed by a client app to the API proxies. The key uniquely identifies the client app.","key":"Api-Key","value":"labore in cupidatat sint "},{"disabled":false,"description":"(Required) Epoch timestamp in the request initiating system","key":"Timestamp","value":"labore in cupidatat sint "},{"disabled":false,"description":"Used to pass the original client OAuth token information given in a client-credentials flow.  This field is only used when the server is making the request and needs to link the transaction to a specific client.  Format- `Bearer {access_token}`","key":"Client-Token","value":"labore in cupidatat sint "},{"disabled":false,"description":"The Accept-Language header contains information about the language preference of a user. This HTTP header is useful to multilingual sites for deciding the best language to serve to the client. i.e en-US,fr-CA","key":"Accept-Language","value":"labore in cupidatat sint "},{"disabled":false,"description":"Sub Merchant Id contains information about the merchant identifier","key":"Sub-Merchant-Id","value":"labore in cupidatat sint "},{"key":"Accept","value":"application/json"}],"method":"GET","auth":null},"response":[{"id":"241740a0-4d4f-4471-8c1c-00d9561f065f","name":"Success","originalRequest":{"url":{"path":["v1","marketplace"],"host":["{{baseUrl}}"],"query":[{"key":"partnerType","value":"labore in cupidatat sint "}],"variable":[]},"header":[{"disabled":false,"description":"(Required) An API key is a string value passed by a client app to the API proxies. The key uniquely identifies the client app.","key":"Api-Key","value":"labore in cupidatat sint "},{"disabled":false,"description":"(Required) Epoch timestamp in the request initiating system","key":"Timestamp","value":"labore in cupidatat sint "},{"disabled":false,"description":"(Required) Authorization information for the request. Format- `HMAC {hmacToken}`","key":"Authorization","value":"labore in cupidatat sint "},{"disabled":false,"description":"Used to pass the original client OAuth token information given in a client-credentials flow.  This field is only used when the server is making the request and needs to link the transaction to a specific client.  Format- `Bearer {access_token}`","key":"Client-Token","value":"labore in cupidatat sint "},{"disabled":false,"description":"The Accept-Language header contains information about the language preference of a user. This HTTP header is useful to multilingual sites for deciding the best language to serve to the client. i.e en-US,fr-CA","key":"Accept-Language","value":"labore in cupidatat sint "},{"disabled":false,"description":"Sub Merchant Id contains information about the merchant identifier","key":"Sub-Merchant-Id","value":"labore in cupidatat sint "}],"method":"GET","body":{}},"status":"OK","code":200,"header":[{"key":"Content-Type","value":"application/json"}],"body":"{\n  \"marketplaceName\": \"Publisher Enabled Market Place\",\n  \"partners\": [\n    {\n      \"partnerId\": \"RETAILER_WALLET\",\n      \"partnerName\": \" RETAILER PARTNER NAME\",\n      \"supportedServices\": [\n        \"PETRO\"\n      ],\n      \"supportedFundingSource\": {\n        \"creditTypes\": [\n          {\n            \"cardType\": \"VISA\"\n          },\n          {\n            \"cardType\": \"MASTERCARD\"\n          },\n          {\n            \"cardType\": \"DISCOVER\"\n          },\n          {\n            \"cardType\": \"AMEX\"\n          },\n          {\n            \"cardType\": \"PLCC\",\n            \"cardSubType\": [\n              \"NA\"\n            ]\n          }\n        ],\n        \"googlePayEnabled\": false,\n        \"applePayEnabled\": true,\n        \"samsungPayEnabled\": false,\n        \"amazonPayEnabled\": false,\n        \"payPalEnabled\": false,\n        \"venmoEnabled\": false,\n        \"visaCheckoutEnabled\": false,\n        \"masterPassEnabled\": false,\n        \"achEnabled\": false\n      }\n    }\n  ]\n}","cookie":[],"_postman_previewlanguage":"json"},{"id":"a963d7af-8cd2-4d47-b85f-c3816e27f084","name":"Bad request","originalRequest":{"url":{"path":["v1","marketplace"],"host":["{{baseUrl}}"],"query":[{"key":"partnerType","value":"labore in cupidatat sint "}],"variable":[]},"header":[{"disabled":false,"description":"(Required) An API key is a string value passed by a client app to the API proxies. The key uniquely identifies the client app.","key":"Api-Key","value":"labore in cupidatat sint "},{"disabled":false,"description":"(Required) Epoch timestamp in the request initiating system","key":"Timestamp","value":"labore in cupidatat sint "},{"disabled":false,"description":"(Required) Authorization information for the request. Format- `HMAC {hmacToken}`","key":"Authorization","value":"labore in cupidatat sint "},{"disabled":false,"description":"Used to pass the original client OAuth token information given in a client-credentials flow.  This field is only used when the server is making the request and needs to link the transaction to a specific client.  Format- `Bearer {access_token}`","key":"Client-Token","value":"labore in cupidatat sint "},{"disabled":false,"description":"The Accept-Language header contains information about the language preference of a user. This HTTP header is useful to multilingual sites for deciding the best language to serve to the client. i.e en-US,fr-CA","key":"Accept-Language","value":"labore in cupidatat sint "},{"disabled":false,"description":"Sub Merchant Id contains information about the merchant identifier","key":"Sub-Merchant-Id","value":"labore in cupidatat sint "}],"method":"GET","body":{}},"status":"Bad Request","code":400,"header":[{"key":"Content-Type","value":"application/json"}],"body":"{\n  \"code\": \"40000\",\n  \"message\": \"Example Error\",\n  \"category\": \"example\",\n  \"developerInfo\": {\n    \"developerMessage\": \"Invalid Message format in request payload\",\n    \"moreInfo\": \"https://www.example.com/errors/40000\",\n    \"fieldError\": [\n      {\n        \"field\": \"example id\",\n        \"message\": \"exampleId is mandatory\"\n      }\n    ]\n  }\n}","cookie":[],"_postman_previewlanguage":"json"},{"id":"0a8249b5-7b1b-4d28-86e6-9f1b53607d0c","name":"Unauthorized","originalRequest":{"url":{"path":["v1","marketplace"],"host":["{{baseUrl}}"],"query":[{"key":"partnerType","value":"labore in cupidatat sint "}],"variable":[]},"header":[{"disabled":false,"description":"(Required) An API key is a string value passed by a client app to the API proxies. The key uniquely identifies the client app.","key":"Api-Key","value":"labore in cupidatat sint "},{"disabled":false,"description":"(Required) Epoch timestamp in the request initiating system","key":"Timestamp","value":"labore in cupidatat sint "},{"disabled":false,"description":"(Required) Authorization information for the request. Format- `HMAC {hmacToken}`","key":"Authorization","value":"labore in cupidatat sint "},{"disabled":false,"description":"Used to pass the original client OAuth token information given in a client-credentials flow.  This field is only used when the server is making the request and needs to link the transaction to a specific client.  Format- `Bearer {access_token}`","key":"Client-Token","value":"labore in cupidatat sint "},{"disabled":false,"description":"The Accept-Language header contains information about the language preference of a user. This HTTP header is useful to multilingual sites for deciding the best language to serve to the client. i.e en-US,fr-CA","key":"Accept-Language","value":"labore in cupidatat sint "},{"disabled":false,"description":"Sub Merchant Id contains information about the merchant identifier","key":"Sub-Merchant-Id","value":"labore in cupidatat sint "}],"method":"GET","body":{}},"status":"Unauthorized","code":401,"header":[{"key":"Content-Type","value":"text/plain"}],"body":"","cookie":[],"_postman_previewlanguage":"text"},{"id":"f82f2ced-9017-4caf-affd-9e9164285045","name":"Not Found - The requested resource doesn't exist.","originalRequest":{"url":{"path":["v1","marketplace"],"host":["{{baseUrl}}"],"query":[{"key":"partnerType","value":"labore in cupidatat sint "}],"variable":[]},"header":[{"disabled":false,"description":"(Required) An API key is a string value passed by a client app to the API proxies. The key uniquely identifies the client app.","key":"Api-Key","value":"labore in cupidatat sint "},{"disabled":false,"description":"(Required) Epoch timestamp in the request initiating system","key":"Timestamp","value":"labore in cupidatat sint "},{"disabled":false,"description":"(Required) Authorization information for the request. Format- `HMAC {hmacToken}`","key":"Authorization","value":"labore in cupidatat sint "},{"disabled":false,"description":"Used to pass the original client OAuth token information given in a client-credentials flow.  This field is only used when the server is making the request and needs to link the transaction to a specific client.  Format- `Bearer {access_token}`","key":"Client-Token","value":"labore in cupidatat sint "},{"disabled":false,"description":"The Accept-Language header contains information about the language preference of a user. This HTTP header is useful to multilingual sites for deciding the best language to serve to the client. i.e en-US,fr-CA","key":"Accept-Language","value":"labore in cupidatat sint "},{"disabled":false,"description":"Sub Merchant Id contains information about the merchant identifier","key":"Sub-Merchant-Id","value":"labore in cupidatat sint "}],"method":"GET","body":{}},"status":"Not Found","code":404,"header":[{"key":"Content-Type","value":"application/json"}],"body":"{\n  \"code\": \"et consectetur dolor\",\n  \"message\": \"deserunt in\",\n  \"category\": \"magna tempor culpa\",\n  \"developerInfo\": {\n    \"developerMessage\": \"esse ipsum tempor in labore\",\n    \"moreInfo\": \"enim id velit\",\n    \"fieldError\": [\n      {\n        \"field\": \"in consectetur Duis in\",\n        \"message\": \"nisi in magna sint Excepteur\"\n      },\n      {\n        \"field\": \"est ipsum deserunt Duis\",\n        \"message\": \"in quis\"\n      }\n    ]\n  },\n  \"hostExtraInfo\": [\n    {\n      \"name\": \"labore eu\",\n      \"value\": \"sit ad\",\n      \"valueAsList\": [\n        \"officia exercitation eiusmod sunt\",\n        \"nulla dolor veniam labore qui\"\n      ]\n    },\n    {\n      \"name\": \"ut id voluptate occaecat veniam\",\n      \"value\": \"deserunt pariatur\",\n      \"valueAsList\": [\n        \"esse enim officia\",\n        \"esse cupidatat Lorem non\"\n      ]\n    }\n  ],\n  \"threeDSecureInfo\": {\n    \"transactionId\": \"292bb6b886fc4446894f878b7e32bd5e\",\n    \"transactionStatus\": \"C\",\n    \"transactionStatusReason\": \"commodo culpa esse incididunt exercitation\",\n    \"challengeResponse\": \"ewogIC\",\n    \"challengeIndicator\": \"01 = No preference 02 = No challenge requested 03 = Challenge requested: 3DS Requestor Preference 04 = Challenge requested: Mandate\",\n    \"dsTransactionId\": \"292bb6b886fc4446894f878b7e32bd5e\",\n    \"acsTransactionId\": \"292bb6b886fc4446894f878b7e32bd5e\",\n    \"serverTransactionId\": \"292bb6b886fc4446894f878b7e32bd5e\",\n    \"acsReferenceNumber\": \"292bb6b886fc4446894f878b7e32bd5e\",\n    \"acsSignedContent\": \"292bb6b88....6fc4446894f878b7e32bd5e\",\n    \"cardType\": \"OTHER\",\n    \"challengeRequest\": \"ewogICAiYW.......MjJjMGVjIgp9\",\n    \"acsUrl\": \"https://test.modirum.com/dstests/ACSEmu2\",\n    \"iframeContent\": \"<iframe></iframe>\",\n    \"termUrl\": \"https://mydomain/3dstest?transactionId=292bb6b886fc4446894f878b7e32bd5e\",\n    \"isThreeDSMethodCompleted\": true,\n    \"isAuthenticationCompleted\": true,\n    \"cavv\": \"commodo nisi\",\n    \"threeDSVersion\": \"consectetur fugiat\",\n    \"expiryDateTime\": \"2020-01-01T16:06:05Z\",\n    \"eci\": \"eu commodo pariatur\"\n  },\n  \"_links\": [\n    {\n      \"href\": \"http://wTpFyrKQ.vug6sFI63QIZjeaBn0B3Zbhd\",\n      \"rel\": \"self\",\n      \"method\": \"GET\",\n      \"id\": \"415e5cf6bfdb11e8a355529269fb1459\"\n    },\n    {\n      \"href\": \"http://GOSxvgaKimFBdnSGqrTuhVBLumMEsySfp.zjyvr5AN9kNe1rffCfb0udBGvHkCPi0w.KZG2R+v3C0Q\",\n      \"rel\": \"self\",\n      \"method\": \"GET\",\n      \"id\": \"415e5cf6bfdb11e8a355529269fb1459\"\n    }\n  ]\n}","cookie":[],"_postman_previewlanguage":"json"},{"id":"39cb5164-db02-4dff-a5e2-f162dde65d35","name":"An unexpected server error occurred.","originalRequest":{"url":{"path":["v1","marketplace"],"host":["{{baseUrl}}"],"query":[{"key":"partnerType","value":"labore in cupidatat sint "}],"variable":[]},"header":[{"disabled":false,"description":"(Required) An API key is a string value passed by a client app to the API proxies. The key uniquely identifies the client app.","key":"Api-Key","value":"labore in cupidatat sint "},{"disabled":false,"description":"(Required) Epoch timestamp in the request initiating system","key":"Timestamp","value":"labore in cupidatat sint "},{"disabled":false,"description":"(Required) Authorization information for the request. Format- `HMAC {hmacToken}`","key":"Authorization","value":"labore in cupidatat sint "},{"disabled":false,"description":"Used to pass the original client OAuth token information given in a client-credentials flow.  This field is only used when the server is making the request and needs to link the transaction to a specific client.  Format- `Bearer {access_token}`","key":"Client-Token","value":"labore in cupidatat sint "},{"disabled":false,"description":"The Accept-Language header contains information about the language preference of a user. This HTTP header is useful to multilingual sites for deciding the best language to serve to the client. i.e en-US,fr-CA","key":"Accept-Language","value":"labore in cupidatat sint "},{"disabled":false,"description":"Sub Merchant Id contains information about the merchant identifier","key":"Sub-Merchant-Id","value":"labore in cupidatat sint "}],"method":"GET","body":{}},"status":"Internal Server Error","code":500,"header":[{"key":"Content-Type","value":"application/json"}],"body":"{\n  \"code\": \"et consectetur dolor\",\n  \"message\": \"deserunt in\",\n  \"category\": \"magna tempor culpa\",\n  \"developerInfo\": {\n    \"developerMessage\": \"esse ipsum tempor in labore\",\n    \"moreInfo\": \"enim id velit\",\n    \"fieldError\": [\n      {\n        \"field\": \"in consectetur Duis in\",\n        \"message\": \"nisi in magna sint Excepteur\"\n      },\n      {\n        \"field\": \"est ipsum deserunt Duis\",\n        \"message\": \"in quis\"\n      }\n    ]\n  },\n  \"hostExtraInfo\": [\n    {\n      \"name\": \"labore eu\",\n      \"value\": \"sit ad\",\n      \"valueAsList\": [\n        \"officia exercitation eiusmod sunt\",\n        \"nulla dolor veniam labore qui\"\n      ]\n    },\n    {\n      \"name\": \"ut id voluptate occaecat veniam\",\n      \"value\": \"deserunt pariatur\",\n      \"valueAsList\": [\n        \"esse enim officia\",\n        \"esse cupidatat Lorem non\"\n      ]\n    }\n  ],\n  \"threeDSecureInfo\": {\n    \"transactionId\": \"292bb6b886fc4446894f878b7e32bd5e\",\n    \"transactionStatus\": \"C\",\n    \"transactionStatusReason\": \"commodo culpa esse incididunt exercitation\",\n    \"challengeResponse\": \"ewogIC\",\n    \"challengeIndicator\": \"01 = No preference 02 = No challenge requested 03 = Challenge requested: 3DS Requestor Preference 04 = Challenge requested: Mandate\",\n    \"dsTransactionId\": \"292bb6b886fc4446894f878b7e32bd5e\",\n    \"acsTransactionId\": \"292bb6b886fc4446894f878b7e32bd5e\",\n    \"serverTransactionId\": \"292bb6b886fc4446894f878b7e32bd5e\",\n    \"acsReferenceNumber\": \"292bb6b886fc4446894f878b7e32bd5e\",\n    \"acsSignedContent\": \"292bb6b88....6fc4446894f878b7e32bd5e\",\n    \"cardType\": \"OTHER\",\n    \"challengeRequest\": \"ewogICAiYW.......MjJjMGVjIgp9\",\n    \"acsUrl\": \"https://test.modirum.com/dstests/ACSEmu2\",\n    \"iframeContent\": \"<iframe></iframe>\",\n    \"termUrl\": \"https://mydomain/3dstest?transactionId=292bb6b886fc4446894f878b7e32bd5e\",\n    \"isThreeDSMethodCompleted\": true,\n    \"isAuthenticationCompleted\": true,\n    \"cavv\": \"commodo nisi\",\n    \"threeDSVersion\": \"consectetur fugiat\",\n    \"expiryDateTime\": \"2020-01-01T16:06:05Z\",\n    \"eci\": \"eu commodo pariatur\"\n  },\n  \"_links\": [\n    {\n      \"href\": \"http://wTpFyrKQ.vug6sFI63QIZjeaBn0B3Zbhd\",\n      \"rel\": \"self\",\n      \"method\": \"GET\",\n      \"id\": \"415e5cf6bfdb11e8a355529269fb1459\"\n    },\n    {\n      \"href\": \"http://GOSxvgaKimFBdnSGqrTuhVBLumMEsySfp.zjyvr5AN9kNe1rffCfb0udBGvHkCPi0w.KZG2R+v3C0Q\",\n      \"rel\": \"self\",\n      \"method\": \"GET\",\n      \"id\": \"415e5cf6bfdb11e8a355529269fb1459\"\n    }\n  ]\n}","cookie":[],"_postman_previewlanguage":"json"}],"event":[],"protocolProfileBehavior":{"disableBodyPruning":true}}],"event":[]}],"event":[],"variable":[{"type":"string","value":"https://int.api.firstdata.com/ucom","key":"baseUrl"}],"info":{"_postman_id":"dc856677-a155-4a1d-92b7-51f752a85db8","name":"uCom Discovery Services","schema":"https://schema.getpostman.com/json/collection/v2.1.0/collection.json","description":{"content":"Services related to publishing details about the marketplace","type":"text/plain"}}}