{"item":[{"id":"8fd6fb5d-bb05-4f80-98d2-1c6f977c4d14","name":"Update Transfer","request":{"name":"Update Transfer","description":{"content":"Modifies the fund transfer instruction record.\n        <br><br>\n        For more information about the Transfers domain, <a href=\"../docs/?path=docs/fintechs/transfers.md\" title=\"Click to open\">click here.</a> <br><br>\n        <b>Relates to:</b>\n          <ul> \n            <li><a href=\"../docs/?path=docs/banks-and-CU/deposits.md\" title=\"Click to open\">Deposits</a></li>\n            <li><a href=\"../docs/?path=docs/banks-and-CU/loans.md\" title=\"Click to open\">Loans</a></li>\n            <li><a href=\"../docs/?path=docs/banks-and-CU/bank-servicing.md\" title=\"Click to open\">Bank Servicing</a></li>\n            <li><a href=\"../docs/?path=docs/banks-and-CU/cash-mgt.md\" title=\"Click to open\">Cash Management</a></li>\n            <li><a href=\"../docs/?path=docs/banks-and-CU/treasury-services.md\" title=\"Click to open\">Treasury Services</a></li>\n          </ul>","type":"text/plain"},"url":{"path":["xferservice","payments","transfers"],"host":["{{baseUrl}}"],"query":[],"variable":[]},"header":[{"disabled":false,"description":"(Required) EFX Header is a common and required component for all API calls, it contains client-related parameters. Please note that the header parameters should be sent as a JSON object under the EFXHeader parameter. To view the list of header parameters, <a href=\"../docs?path=docs/api-ref-EFX-header.md\" title=\"Click to open\"> click here.</a>","key":"EFXHeader","value":"OrganizationId,<string>,TrnId,<string>,VendorId,<string>,Context,[object Object]"},{"key":"Content-Type","value":"application/json"},{"key":"Accept","value":"application/json"}],"method":"PUT","auth":null,"body":{"mode":"raw","raw":"{\n  \"XferInfo\": {\n    \"TransferType\": \"<string>\",\n    \"FromAcctRef\": {\n      \"AcctKeys\": {\n        \"AcctId\": \"<string>\",\n        \"AcctType\": \"<string>\",\n        \"AcctIdent\": {\n          \"AcctIdentType\": \"<string>\",\n          \"AcctIdentValue\": \"<string>\"\n        },\n        \"FIIdentType\": \"<string>\",\n        \"FIIdent\": \"<string>\"\n      },\n      \"TrnCode\": \"<string>\"\n    },\n    \"ToAcctRef\": {\n      \"AcctKeys\": {\n        \"AcctId\": \"<string>\",\n        \"AcctType\": \"<string>\",\n        \"AcctIdent\": {\n          \"AcctIdentType\": \"<string>\",\n          \"AcctIdentValue\": \"<string>\"\n        },\n        \"FIIdentType\": \"<string>\",\n        \"FIIdent\": \"<string>\"\n      },\n      \"TrnCode\": \"<string>\"\n    },\n    \"CurAmt\": {\n      \"Amt\": \"<number>\",\n      \"CurCode\": {\n        \"CurCodeValue\": \"<string>\",\n        \"CurCodeType\": \"<string>\"\n      }\n    },\n    \"BalPercent\": \"<number>\",\n    \"PriorityMethod\": \"<string>\",\n    \"RecurModel\": {\n      \"RecurRule\": [\n        {\n          \"RecurType\": \"<string>\",\n          \"RecurInterval\": \"<long>\",\n          \"RecurInstance\": \"<long>\",\n          \"DayOfWeek\": \"<string>\",\n          \"DayOfMonth\": \"<string>\",\n          \"RecurStartDate\": \"<date>\",\n          \"RecurEndDate\": \"<date>\",\n          \"AdjDays\": \"<long>\"\n        },\n        {\n          \"RecurType\": \"<string>\",\n          \"RecurInterval\": \"<long>\",\n          \"RecurInstance\": \"<long>\",\n          \"DayOfWeek\": \"<string>\",\n          \"DayOfMonth\": \"<string>\",\n          \"RecurStartDate\": \"<date>\",\n          \"RecurEndDate\": \"<date>\",\n          \"AdjDays\": \"<long>\"\n        }\n      ]\n    },\n    \"Retention\": \"<boolean>\",\n    \"ExpediteInd\": \"<boolean>\",\n    \"ExtendedXferData\": {\n      \"SameDayInd\": \"<boolean>\",\n      \"ACHCompanyEntryDesc\": \"<string>\",\n      \"ACHReceivingType\": \"<string>\",\n      \"NoticeData\": [\n        {\n          \"NoticeType\": \"<string>\",\n          \"NoticeOption\": \"<string>\"\n        },\n        {\n          \"NoticeType\": \"<string>\",\n          \"NoticeOption\": \"<string>\"\n        }\n      ]\n    },\n    \"RefData\": [\n      {\n        \"RefType\": \"<string>\",\n        \"RefDesc\": \"<string>\"\n      },\n      {\n        \"RefType\": \"<string>\",\n        \"RefDesc\": \"<string>\"\n      }\n    ],\n    \"NextXferDt\": \"<date>\"\n  },\n  \"XferKeys\": {\n    \"AcctKeys\": {\n      \"AcctId\": \"<string>\",\n      \"AcctType\": \"<string>\",\n      \"BranchIdent\": \"<string>\"\n    },\n    \"XferIdent\": \"<string>\"\n  },\n  \"OvrdExceptionData\": {\n    \"OvrdAutoAckInd\": \"<boolean>\"\n  }\n}","options":{"raw":{"language":"json"}}}},"response":[{"id":"abf08bd5-194a-4494-9ac6-f461629120b3","name":"Success","originalRequest":{"url":{"path":["xferservice","payments","transfers"],"host":["{{baseUrl}}"],"query":[],"variable":[]},"header":[{"disabled":false,"description":"(Required) EFX Header is a common and required component for all API calls, it contains client-related parameters. Please note that the header parameters should be sent as a JSON object under the EFXHeader parameter. To view the list of header parameters, <a href=\"../docs?path=docs/api-ref-EFX-header.md\" title=\"Click to open\"> click here.</a>","key":"EFXHeader","value":"OrganizationId,<string>,TrnId,<string>,VendorId,<string>,Context,[object Object]"},{"key":"Accept","value":"application/json"}],"method":"PUT","body":{"mode":"raw","raw":"{\n  \"XferInfo\": {\n    \"TransferType\": \"<string>\",\n    \"FromAcctRef\": {\n      \"AcctKeys\": {\n        \"AcctId\": \"<string>\",\n        \"AcctType\": \"<string>\",\n        \"AcctIdent\": {\n          \"AcctIdentType\": \"<string>\",\n          \"AcctIdentValue\": \"<string>\"\n        },\n        \"FIIdentType\": \"<string>\",\n        \"FIIdent\": \"<string>\"\n      },\n      \"TrnCode\": \"<string>\"\n    },\n    \"ToAcctRef\": {\n      \"AcctKeys\": {\n        \"AcctId\": \"<string>\",\n        \"AcctType\": \"<string>\",\n        \"AcctIdent\": {\n          \"AcctIdentType\": \"<string>\",\n          \"AcctIdentValue\": \"<string>\"\n        },\n        \"FIIdentType\": \"<string>\",\n        \"FIIdent\": \"<string>\"\n      },\n      \"TrnCode\": \"<string>\"\n    },\n    \"CurAmt\": {\n      \"Amt\": \"<number>\",\n      \"CurCode\": {\n        \"CurCodeValue\": \"<string>\",\n        \"CurCodeType\": \"<string>\"\n      }\n    },\n    \"BalPercent\": \"<number>\",\n    \"PriorityMethod\": \"<string>\",\n    \"RecurModel\": {\n      \"RecurRule\": [\n        {\n          \"RecurType\": \"<string>\",\n          \"RecurInterval\": \"<long>\",\n          \"RecurInstance\": \"<long>\",\n          \"DayOfWeek\": \"<string>\",\n          \"DayOfMonth\": \"<string>\",\n          \"RecurStartDate\": \"<date>\",\n          \"RecurEndDate\": \"<date>\",\n          \"AdjDays\": \"<long>\"\n        },\n        {\n          \"RecurType\": \"<string>\",\n          \"RecurInterval\": \"<long>\",\n          \"RecurInstance\": \"<long>\",\n          \"DayOfWeek\": \"<string>\",\n          \"DayOfMonth\": \"<string>\",\n          \"RecurStartDate\": \"<date>\",\n          \"RecurEndDate\": \"<date>\",\n          \"AdjDays\": \"<long>\"\n        }\n      ]\n    },\n    \"Retention\": \"<boolean>\",\n    \"ExpediteInd\": \"<boolean>\",\n    \"ExtendedXferData\": {\n      \"SameDayInd\": \"<boolean>\",\n      \"ACHCompanyEntryDesc\": \"<string>\",\n      \"ACHReceivingType\": \"<string>\",\n      \"NoticeData\": [\n        {\n          \"NoticeType\": \"<string>\",\n          \"NoticeOption\": \"<string>\"\n        },\n        {\n          \"NoticeType\": \"<string>\",\n          \"NoticeOption\": \"<string>\"\n        }\n      ]\n    },\n    \"RefData\": [\n      {\n        \"RefType\": \"<string>\",\n        \"RefDesc\": \"<string>\"\n      },\n      {\n        \"RefType\": \"<string>\",\n        \"RefDesc\": \"<string>\"\n      }\n    ],\n    \"NextXferDt\": \"<date>\"\n  },\n  \"XferKeys\": {\n    \"AcctKeys\": {\n      \"AcctId\": \"<string>\",\n      \"AcctType\": \"<string>\",\n      \"BranchIdent\": \"<string>\"\n    },\n    \"XferIdent\": \"<string>\"\n  },\n  \"OvrdExceptionData\": {\n    \"OvrdAutoAckInd\": \"<boolean>\"\n  }\n}","options":{"raw":{"language":"json"}}}},"status":"OK","code":200,"header":[{"key":"Content-Type","value":"application/json"}],"body":"{\n  \"XferStatusRec\": {\n    \"XferKeys\": {\n      \"AcctKeys\": {\n        \"AcctId\": \"aliquip\",\n        \"AcctType\": \"SDA\",\n        \"AcctIdent\": {},\n        \"BranchIdent\": \"e\"\n      },\n      \"XferIdent\": \"est culpa\"\n    },\n    \"XferStatus\": {\n      \"XferStatusCode\": \"dolor\",\n      \"EffDt\": \"0726-71-37T65:69\"\n    }\n  },\n  \"Status\": {\n    \"Severity\": \"Error\",\n    \"StatusCode\": \"sit do ut\",\n    \"StatusDesc\": \"laboris velit in incididunt ad\",\n    \"SvcProviderName\": \"mollit sit elit amet\",\n    \"Id\": \"do anim\",\n    \"ServerStatusCode\": \"dolor ipsum sit\",\n    \"ServerStatusDesc\": \"sed in ex\",\n    \"OvrdExceptionInd\": true,\n    \"SubjectRole\": \"eiusmod ad sed veniam\",\n    \"SubjectElement\": [\n      {\n        \"Path\": \"enim occaecat\",\n        \"ServerPath\": \"minim laboris\",\n        \"Value\": \"irure pariatur esse laboris\"\n      },\n      {\n        \"Path\": \"dolore irure et ipsum commodo\",\n        \"ServerPath\": \"ipsum esse\",\n        \"Value\": \"laborum ul\"\n      }\n    ],\n    \"ContentHTML\": \"culpa\",\n    \"AdditionalStatus\": [\n      {\n        \"StatusCode\": \"ipsum co\",\n        \"StatusDesc\": \"fugiat magna do enim Excepteur\",\n        \"Severity\": \"Info\",\n        \"SvcProviderName\": \"laborum consectetur elit dolore\",\n        \"ServerStatusCode\": \"eiusmod i\",\n        \"ServerStatusDesc\": \"dolor id\",\n        \"OvrdExceptionInd\": true,\n        \"SubjectElement\": [\n          {\n            \"Path\": \"commodo pariatur in\",\n            \"ServerPath\": \"mollit ad\",\n            \"Value\": \"ea in sed irur\"\n          },\n          {\n            \"Path\": \"pariatur non ut\",\n            \"ServerPath\": \"ea ut\",\n            \"Value\": \"amet mollit\"\n          }\n        ]\n      },\n      {\n        \"StatusCode\": \"sint et tempo\",\n        \"StatusDesc\": \"exercitation fugiat in aute eiusmod\",\n        \"Severity\": \"Error\",\n        \"SvcProviderName\": \"adipisicing deserunt\",\n        \"ServerStatusCode\": \"ipsum nulla\",\n        \"ServerStatusDesc\": \"in fugiat\",\n        \"OvrdExceptionInd\": false,\n        \"SubjectElement\": [\n          {\n            \"Path\": \"minim\",\n            \"ServerPath\": \"laboris reprehenderit\",\n            \"Value\": \"laboris enim ex\"\n          },\n          {\n            \"Path\": \"in magna labore\",\n            \"ServerPath\": \"pariatur sint sit nostrud\",\n            \"Value\": \"qui Lorem\"\n          }\n        ]\n      }\n    ]\n  }\n}","cookie":[],"_postman_previewlanguage":"json"},{"id":"b4f54c04-5d2c-4f14-8d47-3cc1830f24c8","name":"To view the complete list of response codes, <a href=\"../docs/?path=docs/response-codes.md\" title=\"Click to open\">click here.</a>","originalRequest":{"url":{"path":["xferservice","payments","transfers"],"host":["{{baseUrl}}"],"query":[],"variable":[]},"header":[{"disabled":false,"description":"(Required) EFX Header is a common and required component for all API calls, it contains client-related parameters. Please note that the header parameters should be sent as a JSON object under the EFXHeader parameter. To view the list of header parameters, <a href=\"../docs?path=docs/api-ref-EFX-header.md\" title=\"Click to open\"> click here.</a>","key":"EFXHeader","value":"OrganizationId,<string>,TrnId,<string>,VendorId,<string>,Context,[object Object]"},{"key":"Accept","value":"application/json"}],"method":"PUT","body":{"mode":"raw","raw":"{\n  \"XferInfo\": {\n    \"TransferType\": \"<string>\",\n    \"FromAcctRef\": {\n      \"AcctKeys\": {\n        \"AcctId\": \"<string>\",\n        \"AcctType\": \"<string>\",\n        \"AcctIdent\": {\n          \"AcctIdentType\": \"<string>\",\n          \"AcctIdentValue\": \"<string>\"\n        },\n        \"FIIdentType\": \"<string>\",\n        \"FIIdent\": \"<string>\"\n      },\n      \"TrnCode\": \"<string>\"\n    },\n    \"ToAcctRef\": {\n      \"AcctKeys\": {\n        \"AcctId\": \"<string>\",\n        \"AcctType\": \"<string>\",\n        \"AcctIdent\": {\n          \"AcctIdentType\": \"<string>\",\n          \"AcctIdentValue\": \"<string>\"\n        },\n        \"FIIdentType\": \"<string>\",\n        \"FIIdent\": \"<string>\"\n      },\n      \"TrnCode\": \"<string>\"\n    },\n    \"CurAmt\": {\n      \"Amt\": \"<number>\",\n      \"CurCode\": {\n        \"CurCodeValue\": \"<string>\",\n        \"CurCodeType\": \"<string>\"\n      }\n    },\n    \"BalPercent\": \"<number>\",\n    \"PriorityMethod\": \"<string>\",\n    \"RecurModel\": {\n      \"RecurRule\": [\n        {\n          \"RecurType\": \"<string>\",\n          \"RecurInterval\": \"<long>\",\n          \"RecurInstance\": \"<long>\",\n          \"DayOfWeek\": \"<string>\",\n          \"DayOfMonth\": \"<string>\",\n          \"RecurStartDate\": \"<date>\",\n          \"RecurEndDate\": \"<date>\",\n          \"AdjDays\": \"<long>\"\n        },\n        {\n          \"RecurType\": \"<string>\",\n          \"RecurInterval\": \"<long>\",\n          \"RecurInstance\": \"<long>\",\n          \"DayOfWeek\": \"<string>\",\n          \"DayOfMonth\": \"<string>\",\n          \"RecurStartDate\": \"<date>\",\n          \"RecurEndDate\": \"<date>\",\n          \"AdjDays\": \"<long>\"\n        }\n      ]\n    },\n    \"Retention\": \"<boolean>\",\n    \"ExpediteInd\": \"<boolean>\",\n    \"ExtendedXferData\": {\n      \"SameDayInd\": \"<boolean>\",\n      \"ACHCompanyEntryDesc\": \"<string>\",\n      \"ACHReceivingType\": \"<string>\",\n      \"NoticeData\": [\n        {\n          \"NoticeType\": \"<string>\",\n          \"NoticeOption\": \"<string>\"\n        },\n        {\n          \"NoticeType\": \"<string>\",\n          \"NoticeOption\": \"<string>\"\n        }\n      ]\n    },\n    \"RefData\": [\n      {\n        \"RefType\": \"<string>\",\n        \"RefDesc\": \"<string>\"\n      },\n      {\n        \"RefType\": \"<string>\",\n        \"RefDesc\": \"<string>\"\n      }\n    ],\n    \"NextXferDt\": \"<date>\"\n  },\n  \"XferKeys\": {\n    \"AcctKeys\": {\n      \"AcctId\": \"<string>\",\n      \"AcctType\": \"<string>\",\n      \"BranchIdent\": \"<string>\"\n    },\n    \"XferIdent\": \"<string>\"\n  },\n  \"OvrdExceptionData\": {\n    \"OvrdAutoAckInd\": \"<boolean>\"\n  }\n}","options":{"raw":{"language":"json"}}}},"status":"Internal Server Error","code":500,"header":[{"key":"Content-Type","value":"application/json"}],"body":"{\n  \"XferStatusRec\": {\n    \"XferKeys\": {\n      \"AcctKeys\": {\n        \"AcctId\": \"ut qui dolor cupidatat c\",\n        \"AcctType\": \"LOAN\",\n        \"AcctIdent\": {},\n        \"BranchIdent\": \"esse ipsum\"\n      },\n      \"XferIdent\": \"veniam aliqua qui dol\"\n    },\n    \"XferStatus\": {\n      \"XferStatusCode\": \"Ut commodo sint consectetur eu\",\n      \"EffDt\": \"9970-44-52\"\n    }\n  },\n  \"Status\": {\n    \"Severity\": \"Error\",\n    \"StatusCode\": \"tempor dol\",\n    \"StatusDesc\": \"Duis id exercitation quis\",\n    \"SvcProviderName\": \"dolore esse\",\n    \"Id\": \"dolor ex\",\n    \"ServerStatusCode\": \"nulla cons\",\n    \"ServerStatusDesc\": \"culpa est deserunt fugiat\",\n    \"OvrdExceptionInd\": false,\n    \"SubjectRole\": \"Excepteur Duis commodo ea\",\n    \"SubjectElement\": [\n      {\n        \"Path\": \"consectetur mollit cupidatat\",\n        \"ServerPath\": \"fugiat laborum dolore veniam labore\",\n        \"Value\": \"dolore quis pariatur\"\n      },\n      {\n        \"Path\": \"dolor sunt do ad\",\n        \"ServerPath\": \"velit labore\",\n        \"Value\": \"labore deserunt Duis\"\n      }\n    ],\n    \"ContentHTML\": \"anim ex nulla ullamco velit\",\n    \"AdditionalStatus\": [\n      {\n        \"StatusCode\": \"ex q\",\n        \"StatusDesc\": \"aliquip elit sint dolore qui\",\n        \"Severity\": \"Info\",\n        \"SvcProviderName\": \"sit sed et\",\n        \"ServerStatusCode\": \"dolor\",\n        \"ServerStatusDesc\": \"in enim\",\n        \"OvrdExceptionInd\": true,\n        \"SubjectElement\": [\n          {\n            \"Path\": \"dolor deserunt id\",\n            \"ServerPath\": \"veniam sit ad aute\",\n            \"Value\": \"Lorem officia\"\n          },\n          {\n            \"Path\": \"non culpa\",\n            \"ServerPath\": \"velit ex pariatur\",\n            \"Value\": \"fugiat laborum Excepteur\"\n          }\n        ]\n      },\n      {\n        \"StatusCode\": \"e\",\n        \"StatusDesc\": \"nulla Excepteur ipsum\",\n        \"Severity\": \"Info\",\n        \"SvcProviderName\": \"consectetur fugiat in enim\",\n        \"ServerStatusCode\": \"ir\",\n        \"ServerStatusDesc\": \"consequat culpa elit magna tempor\",\n        \"OvrdExceptionInd\": true,\n        \"SubjectElement\": [\n          {\n            \"Path\": \"sit ea deserunt reprehend\",\n            \"ServerPath\": \"exercitation sint sit do\",\n            \"Value\": \"fu\"\n          },\n          {\n            \"Path\": \"elit minim\",\n            \"ServerPath\": \"eu\",\n            \"Value\": \"velit reprehenderit sunt do\"\n          }\n        ]\n      }\n    ]\n  }\n}","cookie":[],"_postman_previewlanguage":"json"}],"event":[],"protocolProfileBehavior":{"disableBodyPruning":true}}],"event":[],"variable":[{"type":"string","value":"/","key":"baseUrl"}],"info":{"_postman_id":"ffcef747-d9d3-4655-b8c2-375c9d192479","name":"Transfer Service","schema":"https://schema.getpostman.com/json/collection/v2.1.0/collection.json","description":{"content":"The Transfer service supports operations related to managing the transfer of money between accounts. The service includes the description of the FROM and TO accounts, amount of the transfer, transfer fees and frequency of the transfer as it can be a one-time transfer or a recurring transfer.","type":"text/plain"}}}