{"item":[{"id":"08eddf32-61bf-459b-b8ee-73b1eeffc083","name":"Add Transfer","request":{"name":"Add Transfer","description":{"content":"Adds a one-time or recurrence transfer of funds instruction. The details of FROM and TO accounts, transfer amount, transfer fees and frequency of transfer are required to be provided.<br>\n        <br>\n        For more information about the Transfers domain, <a href=\"../docs/?path=docs/fintechs/transfers.md\" title=\"Click to open\">click here.</a> <br><br>\n        <b>Relates to:</b>\n          <ul> \n            <li><a href=\"../docs/?path=docs/banks-and-CU/deposits.md\" title=\"Click to open\">Deposits</a></li>\n            <li><a href=\"../docs/?path=docs/banks-and-CU/loans.md\" title=\"Click to open\">Loans</a></li>\n            <li><a href=\"../docs/?path=docs/banks-and-CU/bank-servicing.md\" title=\"Click to open\">Bank Servicing</a></li>\n            <li><a href=\"../docs/?path=docs/banks-and-CU/cash-mgt.md\" title=\"Click to open\">Cash Management</a></li>\n            <li><a href=\"../docs/?path=docs/banks-and-CU/treasury-services.md\" title=\"Click to open\">Treasury Services</a></li>\n          </ul>","type":"text/plain"},"url":{"path":["xferservice","payments","transfers"],"host":["{{baseUrl}}"],"query":[],"variable":[]},"header":[{"disabled":false,"description":"(Required) EFX Header is a common and required component for all API calls, it contains client-related parameters. Please note that the header parameters should be sent as a JSON object under the EFXHeader parameter. To view the list of header parameters, <a href=\"../docs?path=docs/api-ref-EFX-header.md\" title=\"Click to open\"> click here.</a>","key":"EFXHeader","value":"OrganizationId,<string>,TrnId,<string>,VendorId,<string>,Context,[object Object]"},{"key":"Content-Type","value":"application/json"},{"key":"Accept","value":"application/json"}],"method":"POST","auth":null,"body":{"mode":"raw","raw":"{\n  \"XferInfo\": {\n    \"TransferType\": \"<string>\",\n    \"FromAcctRef\": {\n      \"TrnCode\": \"<string>\"\n    },\n    \"ToAcctRef\": {\n      \"AcctKeys\": {\n        \"AcctId\": \"<string>\",\n        \"AcctType\": \"<string>\"\n      },\n      \"TrnCode\": \"<string>\"\n    },\n    \"CurAmt\": {\n      \"Amt\": \"<number>\",\n      \"CurCode\": {\n        \"CurCodeValue\": \"<string>\",\n        \"CurCodeType\": \"<string>\"\n      }\n    },\n    \"CompositeCurAmt\": [\n      {\n        \"CurAmt\": {\n          \"Amt\": \"<number>\",\n          \"CurCode\": {\n            \"CurCodeValue\": {\n              \"value\": \"<Error: Too many levels of nesting to fake this schema>\"\n            },\n            \"CurCodeType\": {\n              \"value\": \"<Error: Too many levels of nesting to fake this schema>\"\n            }\n          }\n        },\n        \"CompositeCurAmtType\": \"<string>\"\n      },\n      {\n        \"CurAmt\": {\n          \"Amt\": \"<number>\",\n          \"CurCode\": {\n            \"CurCodeValue\": {\n              \"value\": \"<Error: Too many levels of nesting to fake this schema>\"\n            },\n            \"CurCodeType\": {\n              \"value\": \"<Error: Too many levels of nesting to fake this schema>\"\n            }\n          }\n        },\n        \"CompositeCurAmtType\": \"<string>\"\n      }\n    ],\n    \"ExpediteInd\": \"<boolean>\"\n  }\n}","options":{"raw":{"language":"json"}}}},"response":[{"id":"1c3bc719-07d7-473c-8444-a7ead40917d4","name":"Created","originalRequest":{"url":{"path":["xferservice","payments","transfers"],"host":["{{baseUrl}}"],"query":[],"variable":[]},"header":[{"disabled":false,"description":"(Required) EFX Header is a common and required component for all API calls, it contains client-related parameters. Please note that the header parameters should be sent as a JSON object under the EFXHeader parameter. To view the list of header parameters, <a href=\"../docs?path=docs/api-ref-EFX-header.md\" title=\"Click to open\"> click here.</a>","key":"EFXHeader","value":"OrganizationId,<string>,TrnId,<string>,VendorId,<string>,Context,[object Object]"},{"key":"Accept","value":"application/json"}],"method":"POST","body":{"mode":"raw","raw":"{\n  \"XferInfo\": {\n    \"TransferType\": \"<string>\",\n    \"FromAcctRef\": {\n      \"TrnCode\": \"<string>\"\n    },\n    \"ToAcctRef\": {\n      \"AcctKeys\": {\n        \"AcctId\": \"<string>\",\n        \"AcctType\": \"<string>\"\n      },\n      \"TrnCode\": \"<string>\"\n    },\n    \"CurAmt\": {\n      \"Amt\": \"<number>\",\n      \"CurCode\": {\n        \"CurCodeValue\": \"<string>\",\n        \"CurCodeType\": \"<string>\"\n      }\n    },\n    \"CompositeCurAmt\": [\n      {\n        \"CurAmt\": {\n          \"Amt\": \"<number>\",\n          \"CurCode\": {\n            \"CurCodeValue\": {\n              \"value\": \"<Error: Too many levels of nesting to fake this schema>\"\n            },\n            \"CurCodeType\": {\n              \"value\": \"<Error: Too many levels of nesting to fake this schema>\"\n            }\n          }\n        },\n        \"CompositeCurAmtType\": \"<string>\"\n      },\n      {\n        \"CurAmt\": {\n          \"Amt\": \"<number>\",\n          \"CurCode\": {\n            \"CurCodeValue\": {\n              \"value\": \"<Error: Too many levels of nesting to fake this schema>\"\n            },\n            \"CurCodeType\": {\n              \"value\": \"<Error: Too many levels of nesting to fake this schema>\"\n            }\n          }\n        },\n        \"CompositeCurAmtType\": \"<string>\"\n      }\n    ],\n    \"ExpediteInd\": \"<boolean>\"\n  }\n}","options":{"raw":{"language":"json"}}}},"status":"Created","code":201,"header":[{"key":"Content-Type","value":"application/json"}],"body":"{\n  \"XferStatusRec\": {\n    \"XferKeys\": {\n      \"AcctKeys\": {\n        \"AcctId\": \"ipsum\",\n        \"AcctType\": \"aliqua anim exercitation\"\n      }\n    },\n    \"XferStatus\": {\n      \"XferStatusCode\": \"Valid\",\n      \"EffDt\": \"9904-96-46T68:09\"\n    }\n  },\n  \"Status\": {\n    \"Severity\": \"Error\",\n    \"StatusCode\": \"veniam sint\",\n    \"StatusDesc\": \"incididunt ea ex sed\",\n    \"SvcProviderName\": \"fugiat moll\",\n    \"Id\": \"do labore\",\n    \"ServerStatusCode\": \"amet cill\",\n    \"ServerStatusDesc\": \"consectetur id et ipsum amet\",\n    \"OvrdExceptionInd\": true,\n    \"SubjectRole\": \"id adipisicing exercitation\",\n    \"SubjectElement\": [\n      {\n        \"Path\": \"ea ullamco nisi\",\n        \"ServerPath\": \"velit ea tempor commodo\",\n        \"Value\": \"id amet\"\n      },\n      {\n        \"Path\": \"Excepteur\",\n        \"ServerPath\": \"qui adipisicing velit labore\",\n        \"Value\": \"Duis ipsum\"\n      }\n    ],\n    \"ContentHTML\": \"culpa nostrud do\",\n    \"AdditionalStatus\": [\n      {\n        \"StatusCode\": \"occ\",\n        \"StatusDesc\": \"sint elit\",\n        \"Severity\": \"Error\",\n        \"SvcProviderName\": \"cillum adipisicing in proident exercitation\",\n        \"ServerStatusCode\": \"in fugiat dolor\",\n        \"ServerStatusDesc\": \"nulla\",\n        \"OvrdExceptionInd\": true,\n        \"SubjectElement\": [\n          {\n            \"Path\": \"qui sit\",\n            \"ServerPath\": \"ad est\",\n            \"Value\": \"dolore sint enim\"\n          },\n          {\n            \"Path\": \"nostrud exercitation laborum velit\",\n            \"ServerPath\": \"amet mollit\",\n            \"Value\": \"velit quis\"\n          }\n        ]\n      },\n      {\n        \"StatusCode\": \"ve\",\n        \"StatusDesc\": \"occaecat aliquip aute\",\n        \"Severity\": \"Info\",\n        \"SvcProviderName\": \"incididunt consectetur dolore in\",\n        \"ServerStatusCode\": \"\",\n        \"ServerStatusDesc\": \"exercitation nisi\",\n        \"OvrdExceptionInd\": true,\n        \"SubjectElement\": [\n          {\n            \"Path\": \"ipsum et ea sint\",\n            \"ServerPath\": \"ut officia\",\n            \"Value\": \"nulla veniam amet\"\n          },\n          {\n            \"Path\": \"est sit dolore culpa\",\n            \"ServerPath\": \"et\",\n            \"Value\": \"ex consequat quis culpa\"\n          }\n        ]\n      }\n    ]\n  }\n}","cookie":[],"_postman_previewlanguage":"json"},{"id":"9cf7fa42-b192-4fc4-9e77-d6273c482369","name":"To view the complete list of response codes, <a href=\"../docs/?path=docs/response-codes.md\" title=\"Click to open\">click here.</a>","originalRequest":{"url":{"path":["xferservice","payments","transfers"],"host":["{{baseUrl}}"],"query":[],"variable":[]},"header":[{"disabled":false,"description":"(Required) EFX Header is a common and required component for all API calls, it contains client-related parameters. Please note that the header parameters should be sent as a JSON object under the EFXHeader parameter. To view the list of header parameters, <a href=\"../docs?path=docs/api-ref-EFX-header.md\" title=\"Click to open\"> click here.</a>","key":"EFXHeader","value":"OrganizationId,<string>,TrnId,<string>,VendorId,<string>,Context,[object Object]"},{"key":"Accept","value":"application/json"}],"method":"POST","body":{"mode":"raw","raw":"{\n  \"XferInfo\": {\n    \"TransferType\": \"<string>\",\n    \"FromAcctRef\": {\n      \"TrnCode\": \"<string>\"\n    },\n    \"ToAcctRef\": {\n      \"AcctKeys\": {\n        \"AcctId\": \"<string>\",\n        \"AcctType\": \"<string>\"\n      },\n      \"TrnCode\": \"<string>\"\n    },\n    \"CurAmt\": {\n      \"Amt\": \"<number>\",\n      \"CurCode\": {\n        \"CurCodeValue\": \"<string>\",\n        \"CurCodeType\": \"<string>\"\n      }\n    },\n    \"CompositeCurAmt\": [\n      {\n        \"CurAmt\": {\n          \"Amt\": \"<number>\",\n          \"CurCode\": {\n            \"CurCodeValue\": {\n              \"value\": \"<Error: Too many levels of nesting to fake this schema>\"\n            },\n            \"CurCodeType\": {\n              \"value\": \"<Error: Too many levels of nesting to fake this schema>\"\n            }\n          }\n        },\n        \"CompositeCurAmtType\": \"<string>\"\n      },\n      {\n        \"CurAmt\": {\n          \"Amt\": \"<number>\",\n          \"CurCode\": {\n            \"CurCodeValue\": {\n              \"value\": \"<Error: Too many levels of nesting to fake this schema>\"\n            },\n            \"CurCodeType\": {\n              \"value\": \"<Error: Too many levels of nesting to fake this schema>\"\n            }\n          }\n        },\n        \"CompositeCurAmtType\": \"<string>\"\n      }\n    ],\n    \"ExpediteInd\": \"<boolean>\"\n  }\n}","options":{"raw":{"language":"json"}}}},"status":"Internal Server Error","code":500,"header":[{"key":"Content-Type","value":"application/json"}],"body":"{\n  \"XferStatusRec\": {\n    \"XferKeys\": {\n      \"AcctKeys\": {\n        \"AcctId\": \"dolor irure tem\",\n        \"AcctType\": \"ullamco sit ea\"\n      }\n    },\n    \"XferStatus\": {\n      \"XferStatusCode\": \"Valid\",\n      \"EffDt\": \"5400-14-83\"\n    }\n  },\n  \"Status\": {\n    \"Severity\": \"Error\",\n    \"StatusCode\": \"in laborum occaec\",\n    \"StatusDesc\": \"ut fugiat veniam cupidatat\",\n    \"SvcProviderName\": \"ipsum proident enim culpa\",\n    \"Id\": \"cillum ut\",\n    \"ServerStatusCode\": \"commodo est\",\n    \"ServerStatusDesc\": \"occaecat nostrud exercitation officia\",\n    \"OvrdExceptionInd\": false,\n    \"SubjectRole\": \"nostrud dolor aliqua anim\",\n    \"SubjectElement\": [\n      {\n        \"Path\": \"ut in\",\n        \"ServerPath\": \"in occaecat eiusmod\",\n        \"Value\": \"dolor in veniam\"\n      },\n      {\n        \"Path\": \"consequat commodo culpa\",\n        \"ServerPath\": \"anim\",\n        \"Value\": \"c\"\n      }\n    ],\n    \"ContentHTML\": \"tempor Duis\",\n    \"AdditionalStatus\": [\n      {\n        \"StatusCode\": \"eiusmod Duis\",\n        \"StatusDesc\": \"esse consecte\",\n        \"Severity\": \"Warning\",\n        \"SvcProviderName\": \"veniam dolore Ut aute\",\n        \"ServerStatusCode\": \"in eu\",\n        \"ServerStatusDesc\": \"sunt\",\n        \"OvrdExceptionInd\": false,\n        \"SubjectElement\": [\n          {\n            \"Path\": \"sunt nisi pariatur fugiat\",\n            \"ServerPath\": \"sit et do\",\n            \"Value\": \"in sint velit id\"\n          },\n          {\n            \"Path\": \"mollit\",\n            \"ServerPath\": \"in cillum anim\",\n            \"Value\": \"et aliquip\"\n          }\n        ]\n      },\n      {\n        \"StatusCode\": \"ea conse\",\n        \"StatusDesc\": \"et\",\n        \"Severity\": \"Warning\",\n        \"SvcProviderName\": \"proident dolor\",\n        \"ServerStatusCode\": \"sunt in venia\",\n        \"ServerStatusDesc\": \"dolor fugiat adipisicing\",\n        \"OvrdExceptionInd\": true,\n        \"SubjectElement\": [\n          {\n            \"Path\": \"et mollit\",\n            \"ServerPath\": \"in ad occaecat\",\n            \"Value\": \"fugiat dolore amet ut culpa\"\n          },\n          {\n            \"Path\": \"dolore ut occaecat\",\n            \"ServerPath\": \"et in deserunt sit\",\n            \"Value\": \"aliquip deserunt\"\n          }\n        ]\n      }\n    ]\n  }\n}","cookie":[],"_postman_previewlanguage":"json"}],"event":[],"protocolProfileBehavior":{"disableBodyPruning":true}}],"event":[],"variable":[{"type":"string","value":"/","key":"baseUrl"}],"info":{"_postman_id":"4998a39d-353a-4d22-abee-4c3de7d048f2","name":"Transfer Service","schema":"https://schema.getpostman.com/json/collection/v2.1.0/collection.json","description":{"content":"The Transfer service supports operations related to managing the transfer of money between accounts. The service includes the description of the FROM and TO accounts, amount of the transfer, transfer fees and frequency of the transfer as it can be a one-time transfer or a recurring transfer.","type":"text/plain"}}}