{"item":[{"id":"451c95b0-5ab6-4b01-aca3-2eaa5147702e","name":"acctholdservice/stophold/accountHolds","item":[{"id":"4801fcf6-41dc-4930-8aeb-26350536a3d9","name":"Add Account Hold.","request":{"name":"Add Account Hold.","description":{"content":"Adds a restriction on an accountholder’s ability to transfer or withdraw funds from their account. Generally, a bank or similar authority places hold to transfer or withdraw funds form the account when:\n          <ul> <li>  Account balance act as a guarantee or collateral</li>\n          <li>Tax authorities or court places hold on such balance</li>\n          <li>Cheque amount is substantial and suspicious </li></ul>\n          <br>\n          For more information about the Transactions domain, <a href=\"../docs/?path=docs/fintechs/transactions.md\" title=\"Click to open\">click here.</a> <br><br>\n        <b>Relates to:</b>\n            <ul> \n              <li><a href=\"./docs/?path=docs/banks-and-CU/deposits.md\" title=\"Click to open\">Deposits</a></li>\n              <li><a href=\"../docs/?path=docs/banks-and-CU/bank-servicing.md\" title=\"Click to open\">Bank Servicing</a></li>\n            </ul>","type":"text/plain"},"url":{"path":["acctholdservice","stophold","accountHolds"],"host":["{{baseUrl}}"],"query":[],"variable":[]},"header":[{"disabled":false,"description":"(Required) EFX Header is a common and required component for all API calls, it contains client-related parameters. Please note that the header parameters should be sent as a JSON object under the EFXHeader parameter. To view the list of header parameters, <a href=\"../docs?path=docs/api-ref-EFX-header.md\" title=\"Click to open\"> click here.</a>","key":"EFXHeader","value":"OrganizationId,<string>,TrnId,<string>,VendorId,<string>,Context,[object Object]"},{"key":"Content-Type","value":"application/json"},{"key":"Accept","value":"application/json"}],"method":"POST","auth":null,"body":{"mode":"raw","raw":"{\n  \"AcctHoldInfo\": {\n    \"AcctRef\": {\n      \"AcctKeys\": {\n        \"AcctId\": \"<string>\",\n        \"AcctType\": \"<string>\"\n      }\n    },\n    \"CurAmt\": {\n      \"Amt\": \"<number>\",\n      \"CurCode\": {\n        \"CurCodeValue\": \"<string>\",\n        \"CurCodeType\": \"<string>\"\n      }\n    },\n    \"HoldReasonCode\": \"<string>\",\n    \"ExpDt\": \"<date>\"\n  }\n}","options":{"raw":{"language":"json"}}}},"response":[{"id":"67716867-4d4b-448f-8796-4c5092b0323d","name":"Created","originalRequest":{"url":{"path":["acctholdservice","stophold","accountHolds"],"host":["{{baseUrl}}"],"query":[],"variable":[]},"header":[{"disabled":false,"description":"(Required) EFX Header is a common and required component for all API calls, it contains client-related parameters. Please note that the header parameters should be sent as a JSON object under the EFXHeader parameter. To view the list of header parameters, <a href=\"../docs?path=docs/api-ref-EFX-header.md\" title=\"Click to open\"> click here.</a>","key":"EFXHeader","value":"OrganizationId,<string>,TrnId,<string>,VendorId,<string>,Context,[object Object]"},{"key":"Accept","value":"application/json"}],"method":"POST","body":{"mode":"raw","raw":"{\n  \"AcctHoldInfo\": {\n    \"AcctRef\": {\n      \"AcctKeys\": {\n        \"AcctId\": \"<string>\",\n        \"AcctType\": \"<string>\"\n      }\n    },\n    \"CurAmt\": {\n      \"Amt\": \"<number>\",\n      \"CurCode\": {\n        \"CurCodeValue\": \"<string>\",\n        \"CurCodeType\": \"<string>\"\n      }\n    },\n    \"HoldReasonCode\": \"<string>\",\n    \"ExpDt\": \"<date>\"\n  }\n}","options":{"raw":{"language":"json"}}}},"status":"Created","code":201,"header":[{"key":"Content-Type","value":"application/json"}],"body":"{\n  \"AcctHoldStatusRec\": {\n    \"AcctHoldKeys\": {\n      \"AcctKeys\": {\n        \"AcctId\": \"dolor tempor\",\n        \"AcctType\": \"nostrud Duis incididunt\"\n      }\n    },\n    \"AcctHoldStatus\": {\n      \"AcctHoldStatusCode\": \"Valid\",\n      \"EffDt\": \"9100-41-71\"\n    }\n  },\n  \"Status\": {\n    \"Severity\": \"Info\",\n    \"StatusCode\": \"in laborum\",\n    \"StatusDesc\": \"est\",\n    \"SvcProviderName\": \"ex fugiat\",\n    \"Id\": \"minim sint voluptate\",\n    \"ServerStatusCode\": \"ipsu\",\n    \"ServerStatusDesc\": \"ea sunt dolore ex\",\n    \"OvrdExceptionInd\": false,\n    \"SubjectRole\": \"culpa dolor do\",\n    \"SubjectElement\": [\n      {\n        \"Path\": \"magna laborum ex\",\n        \"ServerPath\": \"eiusmod\",\n        \"Value\": \"exercitation aliqua reprehenderit officia\"\n      },\n      {\n        \"Path\": \"in pariatur ea irure dolor\",\n        \"ServerPath\": \"deserunt ipsum consectetur cillum\",\n        \"Value\": \"est mollit\"\n      }\n    ],\n    \"ContentHTML\": \"aute ad quis iru\",\n    \"AdditionalStatus\": [\n      {\n        \"StatusCode\": \"tempor occ\",\n        \"StatusDesc\": \"amet nisi ea\",\n        \"Severity\": \"Error\",\n        \"SvcProviderName\": \"culpa deserunt\",\n        \"ServerStatusCode\": \"laboris\",\n        \"ServerStatusDesc\": \"do ullamco aliqua\",\n        \"OvrdExceptionInd\": false,\n        \"SubjectElement\": [\n          {\n            \"Path\": \"Duis in consectetur occaecat ipsum\",\n            \"ServerPath\": \"elit amet in\",\n            \"Value\": \"velit adipisicing aute id\"\n          },\n          {\n            \"Path\": \"id aliqu\",\n            \"ServerPath\": \"quis irure occaecat dolor ut\",\n            \"Value\": \"sed quis\"\n          }\n        ]\n      },\n      {\n        \"StatusCode\": \"ut adipisicing m\",\n        \"StatusDesc\": \"cupidatat\",\n        \"Severity\": \"Info\",\n        \"SvcProviderName\": \"dolor consequat culpa cupidatat\",\n        \"ServerStatusCode\": \"e\",\n        \"ServerStatusDesc\": \"Excepte\",\n        \"OvrdExceptionInd\": false,\n        \"SubjectElement\": [\n          {\n            \"Path\": \"in incididunt dolor\",\n            \"ServerPath\": \"consectetur\",\n            \"Value\": \"adipisicing commodo eiusmod\"\n          },\n          {\n            \"Path\": \"pariatur\",\n            \"ServerPath\": \"laboris elit amet non\",\n            \"Value\": \"Duis et ullamco cillum\"\n          }\n        ]\n      }\n    ]\n  }\n}","cookie":[],"_postman_previewlanguage":"json"},{"id":"a0b5cfc6-5245-4c4b-8fa0-13a5fad60b49","name":"To view the complete list of response codes, <a href=\"../docs/?path=docs/response-codes.md\" title=\"Click to open\">click here.</a>","originalRequest":{"url":{"path":["acctholdservice","stophold","accountHolds"],"host":["{{baseUrl}}"],"query":[],"variable":[]},"header":[{"disabled":false,"description":"(Required) EFX Header is a common and required component for all API calls, it contains client-related parameters. Please note that the header parameters should be sent as a JSON object under the EFXHeader parameter. To view the list of header parameters, <a href=\"../docs?path=docs/api-ref-EFX-header.md\" title=\"Click to open\"> click here.</a>","key":"EFXHeader","value":"OrganizationId,<string>,TrnId,<string>,VendorId,<string>,Context,[object Object]"},{"key":"Accept","value":"application/json"}],"method":"POST","body":{"mode":"raw","raw":"{\n  \"AcctHoldInfo\": {\n    \"AcctRef\": {\n      \"AcctKeys\": {\n        \"AcctId\": \"<string>\",\n        \"AcctType\": \"<string>\"\n      }\n    },\n    \"CurAmt\": {\n      \"Amt\": \"<number>\",\n      \"CurCode\": {\n        \"CurCodeValue\": \"<string>\",\n        \"CurCodeType\": \"<string>\"\n      }\n    },\n    \"HoldReasonCode\": \"<string>\",\n    \"ExpDt\": \"<date>\"\n  }\n}","options":{"raw":{"language":"json"}}}},"status":"Internal Server Error","code":500,"header":[{"key":"Content-Type","value":"application/json"}],"body":"{\n  \"AcctHoldStatusRec\": {\n    \"AcctHoldKeys\": {\n      \"AcctKeys\": {\n        \"AcctId\": \"ut minim \",\n        \"AcctType\": \"proident dolore\"\n      }\n    },\n    \"AcctHoldStatus\": {\n      \"AcctHoldStatusCode\": \"Valid\",\n      \"EffDt\": \"3147-09-55T32:01:74.068\"\n    }\n  },\n  \"Status\": {\n    \"Severity\": \"Info\",\n    \"StatusCode\": \"Duis reprehende\",\n    \"StatusDesc\": \"voluptate Ut\",\n    \"SvcProviderName\": \"ipsum eu do ut\",\n    \"Id\": \"ullamco reprehender\",\n    \"ServerStatusCode\": \"Duis nulla\",\n    \"ServerStatusDesc\": \"dolore eu\",\n    \"OvrdExceptionInd\": false,\n    \"SubjectRole\": \"ani\",\n    \"SubjectElement\": [\n      {\n        \"Path\": \"\",\n        \"ServerPath\": \"reprehenderit aliquip fugiat magna aliqua\",\n        \"Value\": \"in ut Lorem fugiat\"\n      },\n      {\n        \"Path\": \"anim et al\",\n        \"ServerPath\": \"exercitation ut\",\n        \"Value\": \"officia occaecat enim exercitation\"\n      }\n    ],\n    \"ContentHTML\": \"occae\",\n    \"AdditionalStatus\": [\n      {\n        \"StatusCode\": \"aliqua consequa\",\n        \"StatusDesc\": \"sint ea in\",\n        \"Severity\": \"Error\",\n        \"SvcProviderName\": \"Lorem\",\n        \"ServerStatusCode\": \"fugiat \",\n        \"ServerStatusDesc\": \"anim consequat\",\n        \"OvrdExceptionInd\": true,\n        \"SubjectElement\": [\n          {\n            \"Path\": \"mi\",\n            \"ServerPath\": \"sunt ullamco irure pariatur incididunt\",\n            \"Value\": \"et laboris officia ex\"\n          },\n          {\n            \"Path\": \"ex ut Lorem\",\n            \"ServerPath\": \"ad aliqua Ut sint Excepteur\",\n            \"Value\": \"reprehenderit velit et eiusmod\"\n          }\n        ]\n      },\n      {\n        \"StatusCode\": \"consequat\",\n        \"StatusDesc\": \"exercitati\",\n        \"Severity\": \"Error\",\n        \"SvcProviderName\": \"veniam\",\n        \"ServerStatusCode\": \"proident in incidi\",\n        \"ServerStatusDesc\": \"qui voluptate laboris in\",\n        \"OvrdExceptionInd\": false,\n        \"SubjectElement\": [\n          {\n            \"Path\": \"aute aliqua\",\n            \"ServerPath\": \"culpa cillum\",\n            \"Value\": \"aute aliqua sed amet\"\n          },\n          {\n            \"Path\": \"magna do fugiat\",\n            \"ServerPath\": \"consequat ipsum commodo\",\n            \"Value\": \"exercitation id enim i\"\n          }\n        ]\n      }\n    ]\n  }\n}","cookie":[],"_postman_previewlanguage":"json"}],"event":[],"protocolProfileBehavior":{"disableBodyPruning":true}},{"id":"22bf909b-9f8d-4c43-8c75-41cad0c960bf","name":"secured","item":[{"id":"fe204f06-bdf9-425f-b02c-9129cb5a4060","name":"Delete Account Hold.","request":{"name":"Delete Account Hold.","description":{"content":"Deletes the hold placed on an account.\n        <br>\n        For more information about the Transactions domain, <a href=\"../docs/?path=docs/fintechs/transactions.md\" title=\"Click to open\">click here.</a> <br><br>\n        <b>Relates to:</b>\n            <ul> \n              <li><a href=\"../docs/?path=docs/banks-and-CU/deposits.md\" title=\"Click to open\">Deposits</a></li>\n              <li><a href=\"../docs/?path=docs/banks-and-CU/bank-servicing.md\" title=\"Click to open\">Bank Servicing</a></li>\n            </ul>","type":"text/plain"},"url":{"path":["acctholdservice","stophold","accountHolds","secured"],"host":["{{baseUrl}}"],"query":[],"variable":[]},"header":[{"disabled":false,"description":"(Required) EFX Header is a common and required component for all API calls, it contains client-related parameters. Please note that the header parameters should be sent as a JSON object under the EFXHeader parameter. To view the list of header parameters, <a href=\"../docs?path=docs/api-ref-EFX-header.md\" title=\"Click to open\"> click here.</a>","key":"EFXHeader","value":"OrganizationId,<string>,TrnId,<string>,VendorId,<string>,Context,[object Object]"},{"key":"Content-Type","value":"application/json"},{"key":"Accept","value":"application/json"}],"method":"PUT","auth":null,"body":{"mode":"raw","raw":"{\n  \"AcctHoldKeys\": {\n    \"AcctKeys\": {\n      \"AcctId\": \"<string>\",\n      \"AcctType\": \"<string>\"\n    },\n    \"CurAmt\": {\n      \"Amt\": \"<number>\",\n      \"CurCode\": {\n        \"CurCodeValue\": \"<string>\",\n        \"CurCodeType\": \"<string>\"\n      }\n    },\n    \"ExpDt\": \"<date>\",\n    \"ReasonCode\": \"<long>\"\n  }\n}","options":{"raw":{"language":"json"}}}},"response":[{"id":"dfa670d7-48d1-4149-afe5-9247968405f5","name":"Success","originalRequest":{"url":{"path":["acctholdservice","stophold","accountHolds","secured"],"host":["{{baseUrl}}"],"query":[],"variable":[]},"header":[{"disabled":false,"description":"(Required) EFX Header is a common and required component for all API calls, it contains client-related parameters. Please note that the header parameters should be sent as a JSON object under the EFXHeader parameter. To view the list of header parameters, <a href=\"../docs?path=docs/api-ref-EFX-header.md\" title=\"Click to open\"> click here.</a>","key":"EFXHeader","value":"OrganizationId,<string>,TrnId,<string>,VendorId,<string>,Context,[object Object]"},{"key":"Accept","value":"application/json"}],"method":"PUT","body":{"mode":"raw","raw":"{\n  \"AcctHoldKeys\": {\n    \"AcctKeys\": {\n      \"AcctId\": \"<string>\",\n      \"AcctType\": \"<string>\"\n    },\n    \"CurAmt\": {\n      \"Amt\": \"<number>\",\n      \"CurCode\": {\n        \"CurCodeValue\": \"<string>\",\n        \"CurCodeType\": \"<string>\"\n      }\n    },\n    \"ExpDt\": \"<date>\",\n    \"ReasonCode\": \"<long>\"\n  }\n}","options":{"raw":{"language":"json"}}}},"status":"OK","code":200,"header":[{"key":"Content-Type","value":"application/json"}],"body":"{\n  \"AcctHoldStatusRec\": {\n    \"AcctHoldStatus\": {\n      \"AcctHoldStatusCode\": \"Deleted\",\n      \"EffDt\": \"4412-49-54\"\n    }\n  },\n  \"Status\": {\n    \"Severity\": \"Info\",\n    \"StatusCode\": \"in dolor ea i\",\n    \"StatusDesc\": \"labore aliquip in quis\",\n    \"SvcProviderName\": \"cupidatat elit Excep\",\n    \"Id\": \"aliqua sed\",\n    \"ServerStatusCode\": \"aliquip fu\",\n    \"ServerStatusDesc\": \"dolor\",\n    \"OvrdExceptionInd\": true,\n    \"SubjectRole\": \"dolore elit dolore sed in\",\n    \"SubjectElement\": [\n      {\n        \"Path\": \"tempor Duis ullamco enim\",\n        \"ServerPath\": \"amet dolore sint\",\n        \"Value\": \"dolor dolor\"\n      },\n      {\n        \"Path\": \"deserunt\",\n        \"ServerPath\": \"laborum\",\n        \"Value\": \"sit\"\n      }\n    ],\n    \"ContentHTML\": \"veniam do\",\n    \"AdditionalStatus\": [\n      {\n        \"StatusCode\": \"nostru\",\n        \"StatusDesc\": \"laboris amet\",\n        \"Severity\": \"Info\",\n        \"SvcProviderName\": \"ut in\",\n        \"ServerStatusCode\": \"qui in culpa\",\n        \"ServerStatusDesc\": \"ipsum amet\",\n        \"OvrdExceptionInd\": false,\n        \"SubjectElement\": [\n          {\n            \"Path\": \"dolor nisi eu incididunt\",\n            \"ServerPath\": \"culpa Excepteur nulla labore\",\n            \"Value\": \"commodo ipsum\"\n          },\n          {\n            \"Path\": \"sit proident\",\n            \"ServerPath\": \"sit eu\",\n            \"Value\": \"exercitation incididunt\"\n          }\n        ]\n      },\n      {\n        \"StatusCode\": \"tempor ali\",\n        \"StatusDesc\": \"ut e\",\n        \"Severity\": \"Info\",\n        \"SvcProviderName\": \"ullamco deserunt proident veniam\",\n        \"ServerStatusCode\": \"non\",\n        \"ServerStatusDesc\": \"ut ex do\",\n        \"OvrdExceptionInd\": true,\n        \"SubjectElement\": [\n          {\n            \"Path\": \"quis id sunt\",\n            \"ServerPath\": \"qui enim sit\",\n            \"Value\": \"aliqua aute\"\n          },\n          {\n            \"Path\": \"dolor nostrud id eiusmod\",\n            \"ServerPath\": \"laboris esse pariatur sed\",\n            \"Value\": \"voluptate ut\"\n          }\n        ]\n      }\n    ]\n  }\n}","cookie":[],"_postman_previewlanguage":"json"},{"id":"fff8dd16-b4cc-4246-9b2d-318977fd2fe8","name":"To view the complete list of response codes, <a href=\"../docs/?path=docs/response-codes.md\" title=\"Click to open\">click here.</a>","originalRequest":{"url":{"path":["acctholdservice","stophold","accountHolds","secured"],"host":["{{baseUrl}}"],"query":[],"variable":[]},"header":[{"disabled":false,"description":"(Required) EFX Header is a common and required component for all API calls, it contains client-related parameters. Please note that the header parameters should be sent as a JSON object under the EFXHeader parameter. To view the list of header parameters, <a href=\"../docs?path=docs/api-ref-EFX-header.md\" title=\"Click to open\"> click here.</a>","key":"EFXHeader","value":"OrganizationId,<string>,TrnId,<string>,VendorId,<string>,Context,[object Object]"},{"key":"Accept","value":"application/json"}],"method":"PUT","body":{"mode":"raw","raw":"{\n  \"AcctHoldKeys\": {\n    \"AcctKeys\": {\n      \"AcctId\": \"<string>\",\n      \"AcctType\": \"<string>\"\n    },\n    \"CurAmt\": {\n      \"Amt\": \"<number>\",\n      \"CurCode\": {\n        \"CurCodeValue\": \"<string>\",\n        \"CurCodeType\": \"<string>\"\n      }\n    },\n    \"ExpDt\": \"<date>\",\n    \"ReasonCode\": \"<long>\"\n  }\n}","options":{"raw":{"language":"json"}}}},"status":"Internal Server Error","code":500,"header":[{"key":"Content-Type","value":"application/json"}],"body":"{\n  \"AcctHoldStatusRec\": {\n    \"AcctHoldStatus\": {\n      \"AcctHoldStatusCode\": \"Deleted\",\n      \"EffDt\": \"4412-49-54\"\n    }\n  },\n  \"Status\": {\n    \"Severity\": \"Info\",\n    \"StatusCode\": \"in dolor ea i\",\n    \"StatusDesc\": \"labore aliquip in quis\",\n    \"SvcProviderName\": \"cupidatat elit Excep\",\n    \"Id\": \"aliqua sed\",\n    \"ServerStatusCode\": \"aliquip fu\",\n    \"ServerStatusDesc\": \"dolor\",\n    \"OvrdExceptionInd\": true,\n    \"SubjectRole\": \"dolore elit dolore sed in\",\n    \"SubjectElement\": [\n      {\n        \"Path\": \"tempor Duis ullamco enim\",\n        \"ServerPath\": \"amet dolore sint\",\n        \"Value\": \"dolor dolor\"\n      },\n      {\n        \"Path\": \"deserunt\",\n        \"ServerPath\": \"laborum\",\n        \"Value\": \"sit\"\n      }\n    ],\n    \"ContentHTML\": \"veniam do\",\n    \"AdditionalStatus\": [\n      {\n        \"StatusCode\": \"nostru\",\n        \"StatusDesc\": \"laboris amet\",\n        \"Severity\": \"Info\",\n        \"SvcProviderName\": \"ut in\",\n        \"ServerStatusCode\": \"qui in culpa\",\n        \"ServerStatusDesc\": \"ipsum amet\",\n        \"OvrdExceptionInd\": false,\n        \"SubjectElement\": [\n          {\n            \"Path\": \"dolor nisi eu incididunt\",\n            \"ServerPath\": \"culpa Excepteur nulla labore\",\n            \"Value\": \"commodo ipsum\"\n          },\n          {\n            \"Path\": \"sit proident\",\n            \"ServerPath\": \"sit eu\",\n            \"Value\": \"exercitation incididunt\"\n          }\n        ]\n      },\n      {\n        \"StatusCode\": \"tempor ali\",\n        \"StatusDesc\": \"ut e\",\n        \"Severity\": \"Info\",\n        \"SvcProviderName\": \"ullamco deserunt proident veniam\",\n        \"ServerStatusCode\": \"non\",\n        \"ServerStatusDesc\": \"ut ex do\",\n        \"OvrdExceptionInd\": true,\n        \"SubjectElement\": [\n          {\n            \"Path\": \"quis id sunt\",\n            \"ServerPath\": \"qui enim sit\",\n            \"Value\": \"aliqua aute\"\n          },\n          {\n            \"Path\": \"dolor nostrud id eiusmod\",\n            \"ServerPath\": \"laboris esse pariatur sed\",\n            \"Value\": \"voluptate ut\"\n          }\n        ]\n      }\n    ]\n  }\n}","cookie":[],"_postman_previewlanguage":"json"}],"event":[],"protocolProfileBehavior":{"disableBodyPruning":true}},{"id":"438e370d-760b-4d84-9716-c0a33ad3f9f5","name":"Get Account Hold.","request":{"name":"Get Account Hold.","description":{"content":"Retrieves detailed information of holds that are placed on Checking, Savings or CD Account. <br><br>\n        For more information about the Transactions domain, <a href=\"../docs/?path=docs/fintechs/transactions.md\" title=\"Click to open\">click here.</a> <br><br>\n        <b>Relates to:</b>\n          <ul> \n            <li><a href=\"../docs/?path=docs/banks-and-CU/deposits.md\" title=\"Click to open\">Deposits</a></li>\n            <li><a href=\"../docs/?path=docs/banks-and-CU/bank-servicing.md\" title=\"Click to open\">Bank Servicing</a></li>\n            <li><a href=\"../docs/?path=docs/banks-and-CU/riskMgt.md\" title=\"Click to open\">Risk and Performance Management</a></li>\n          </ul>","type":"text/plain"},"url":{"path":["acctholdservice","stophold","accountHolds","secured"],"host":["{{baseUrl}}"],"query":[],"variable":[]},"header":[{"disabled":false,"description":"(Required) EFX Header is a common and required component for all API calls, it contains client-related parameters. Please note that the header parameters should be sent as a JSON object under the EFXHeader parameter. To view the list of header parameters, <a href=\"../docs?path=docs/api-ref-EFX-header.md\" title=\"Click to open\"> click here.</a>","key":"EFXHeader","value":"OrganizationId,<string>,TrnId,<string>,VendorId,<string>,Context,[object Object]"},{"key":"Content-Type","value":"application/json"},{"key":"Accept","value":"application/json"}],"method":"POST","auth":null,"body":{"mode":"raw","raw":"{\n  \"AcctHoldSel\": {\n    \"AcctHoldKeys\": {\n      \"AcctKeys\": {\n        \"AcctId\": \"<string>\",\n        \"AcctType\": \"<string>\"\n      }\n    },\n    \"AcctKeys\": {\n      \"AcctId\": \"<string>\",\n      \"AcctType\": \"<string>\"\n    }\n  }\n}","options":{"raw":{"language":"json"}}}},"response":[{"id":"5d50a285-ae7b-4606-96cb-ad19bba85859","name":"Success","originalRequest":{"url":{"path":["acctholdservice","stophold","accountHolds","secured"],"host":["{{baseUrl}}"],"query":[],"variable":[]},"header":[{"disabled":false,"description":"(Required) EFX Header is a common and required component for all API calls, it contains client-related parameters. Please note that the header parameters should be sent as a JSON object under the EFXHeader parameter. To view the list of header parameters, <a href=\"../docs?path=docs/api-ref-EFX-header.md\" title=\"Click to open\"> click here.</a>","key":"EFXHeader","value":"OrganizationId,<string>,TrnId,<string>,VendorId,<string>,Context,[object Object]"},{"key":"Accept","value":"application/json"}],"method":"POST","body":{"mode":"raw","raw":"{\n  \"AcctHoldSel\": {\n    \"AcctHoldKeys\": {\n      \"AcctKeys\": {\n        \"AcctId\": \"<string>\",\n        \"AcctType\": \"<string>\"\n      }\n    },\n    \"AcctKeys\": {\n      \"AcctId\": \"<string>\",\n      \"AcctType\": \"<string>\"\n    }\n  }\n}","options":{"raw":{"language":"json"}}}},"status":"OK","code":200,"header":[{"key":"Content-Type","value":"application/json"}],"body":"{\n  \"AcctHoldRec\": [\n    {\n      \"AcctHoldInfo\": {\n        \"HoldType\": \"Management\",\n        \"CurAmt\": {\n          \"Amt\": -78425952.2393934,\n          \"CurCode\": {\n            \"CurCodeValue\": {\n              \"value\": \"<Error: Too many levels of nesting to fake this schema>\"\n            },\n            \"CurCodeType\": {\n              \"value\": \"<Error: Too many levels of nesting to fake this schema>\"\n            }\n          }\n        },\n        \"HoldReasonCode\": \"adipisicing ut reprehenderit\",\n        \"ExpDt\": \"1971-08-29\"\n      },\n      \"AcctHoldKeys\": {\n        \"AcctKeys\": {\n          \"AcctId\": \"minim ullamco\",\n          \"AcctType\": \"Saving\"\n        }\n      },\n      \"AcctHoldStatus\": {\n        \"AcctHoldStatusCode\": \"Valid\",\n        \"EffDt\": \"5783-59-65\"\n      }\n    },\n    {\n      \"AcctHoldInfo\": {\n        \"HoldType\": \"Management\",\n        \"CurAmt\": {\n          \"Amt\": 61512573.52103934,\n          \"CurCode\": {\n            \"CurCodeValue\": {\n              \"value\": \"<Error: Too many levels of nesting to fake this schema>\"\n            },\n            \"CurCodeType\": {\n              \"value\": \"<Error: Too many levels of nesting to fake this schema>\"\n            }\n          }\n        },\n        \"HoldReasonCode\": \"pariatur \",\n        \"ExpDt\": \"1999-11-23\"\n      },\n      \"AcctHoldKeys\": {\n        \"AcctKeys\": {\n          \"AcctId\": \"dolore irure\",\n          \"AcctType\": \"Saving\"\n        }\n      },\n      \"AcctHoldStatus\": {\n        \"AcctHoldStatusCode\": \"Valid\",\n        \"EffDt\": \"3370-65-28T97:75:65.042\"\n      }\n    }\n  ],\n  \"RecCtrlOut\": {\n    \"SentRecCount\": 5509926\n  }\n}","cookie":[],"_postman_previewlanguage":"json"},{"id":"d624c829-60dd-4062-b481-470d7e6a7421","name":"To view the complete list of response codes, <a href=\"../docs/?path=docs/response-codes.md\" title=\"Click to open\">click here.</a>","originalRequest":{"url":{"path":["acctholdservice","stophold","accountHolds","secured"],"host":["{{baseUrl}}"],"query":[],"variable":[]},"header":[{"disabled":false,"description":"(Required) EFX Header is a common and required component for all API calls, it contains client-related parameters. Please note that the header parameters should be sent as a JSON object under the EFXHeader parameter. To view the list of header parameters, <a href=\"../docs?path=docs/api-ref-EFX-header.md\" title=\"Click to open\"> click here.</a>","key":"EFXHeader","value":"OrganizationId,<string>,TrnId,<string>,VendorId,<string>,Context,[object Object]"},{"key":"Accept","value":"application/json"}],"method":"POST","body":{"mode":"raw","raw":"{\n  \"AcctHoldSel\": {\n    \"AcctHoldKeys\": {\n      \"AcctKeys\": {\n        \"AcctId\": \"<string>\",\n        \"AcctType\": \"<string>\"\n      }\n    },\n    \"AcctKeys\": {\n      \"AcctId\": \"<string>\",\n      \"AcctType\": \"<string>\"\n    }\n  }\n}","options":{"raw":{"language":"json"}}}},"status":"Internal Server Error","code":500,"header":[{"key":"Content-Type","value":"application/json"}],"body":"{\n  \"AcctHoldRec\": [\n    {\n      \"AcctHoldInfo\": {\n        \"HoldType\": \"Management\",\n        \"CurAmt\": {\n          \"Amt\": -14942694.94155538,\n          \"CurCode\": {\n            \"CurCodeValue\": {\n              \"value\": \"<Error: Too many levels of nesting to fake this schema>\"\n            },\n            \"CurCodeType\": {\n              \"value\": \"<Error: Too many levels of nesting to fake this schema>\"\n            }\n          }\n        },\n        \"HoldReasonCode\": \"sed paria\",\n        \"ExpDt\": \"2000-04-13\"\n      },\n      \"AcctHoldKeys\": {\n        \"AcctKeys\": {\n          \"AcctId\": \"voluptate Excepteur id \",\n          \"AcctType\": \"Checking\"\n        }\n      },\n      \"AcctHoldStatus\": {\n        \"AcctHoldStatusCode\": \"Valid\",\n        \"EffDt\": \"5085-80-94\"\n      }\n    },\n    {\n      \"AcctHoldInfo\": {\n        \"HoldType\": \"Extended\",\n        \"CurAmt\": {\n          \"Amt\": 83676901.83413902,\n          \"CurCode\": {\n            \"CurCodeValue\": {\n              \"value\": \"<Error: Too many levels of nesting to fake this schema>\"\n            },\n            \"CurCodeType\": {\n              \"value\": \"<Error: Too many levels of nesting to fake this schema>\"\n            }\n          }\n        },\n        \"HoldReasonCode\": \"fugiat mollit magna nostrud\",\n        \"ExpDt\": \"1966-09-06\"\n      },\n      \"AcctHoldKeys\": {\n        \"AcctKeys\": {\n          \"AcctId\": \"occaec\",\n          \"AcctType\": \"Checking\"\n        }\n      },\n      \"AcctHoldStatus\": {\n        \"AcctHoldStatusCode\": \"Valid\",\n        \"EffDt\": \"4080-95-56T52:12:07.904+92:21\"\n      }\n    }\n  ],\n  \"RecCtrlOut\": {\n    \"SentRecCount\": 12015961\n  }\n}","cookie":[],"_postman_previewlanguage":"json"}],"event":[],"protocolProfileBehavior":{"disableBodyPruning":true}}],"event":[]}],"event":[]}],"event":[],"variable":[{"type":"string","value":"https://swaggerhub.onefiserv.net/virts/Bank_Sol_Org/AcctHoldService/11.0.0_CT","key":"baseUrl"}],"info":{"_postman_id":"2157c1d9-570e-4e9b-9583-766d84224100","name":"Account Hold Service","schema":"https://schema.getpostman.com/json/collection/v2.1.0/collection.json","description":{"content":"The account hold service helps to manage and support operations that are related to the holding of funds for a product account. It also restricts the accountholder’s ability to withdraw funds.","type":"text/plain"}}}