{"item":[{"id":"0f1e5b14-3d8e-4b2e-b3bc-1346dd581319","name":"Add Account Hold.","request":{"name":"Add Account Hold.","description":{"content":"Add Account Hold API creates a hold (restriction) on an account holder’s ability to transfer or withdraw held funds from their account. <br>This API is used when the user is using the Teller identifier to generate the request and is included in the ESF header. <br> <br> To download the API Specifications and Postman Collection, click <a href=\"../docs/?path=docs/resources/resources.md\" title=\"Click to open\">Resources</a>.","type":"text/plain"},"url":{"path":["acctholdservice","stophold","accountHolds"],"host":["{{baseUrl}}"],"query":[],"variable":[]},"header":[{"disabled":false,"description":"(Required) EFX Header is a common and required component for all API calls, it contains client-related parameters. Please note that the header parameters should be sent as a JSON object under the EFXHeader parameter. To view the list of header parameters, <a href=\"../docs?path=docs/api-ref-EFX-header.md\" title=\"Click to open\"> click here.</a>","key":"EFXHeader","value":"OrganizationId,<string>,TrnId,<string>,VendorId,<string>,Context,[object Object]"},{"key":"Content-Type","value":"application/json"},{"key":"Accept","value":"application/json"}],"method":"POST","auth":null,"body":{"mode":"raw","raw":"{\n  \"AcctHoldInfo\": {\n    \"AcctRef\": {\n      \"AcctKeys\": {\n        \"AcctId\": \"<string>\",\n        \"AcctType\": \"<string>\"\n      }\n    },\n    \"HoldType\": \"<string>\",\n    \"CurAmt\": {\n      \"Amt\": \"<number>\",\n      \"CurCode\": {\n        \"CurCodeValue\": \"<string>\",\n        \"CurCodeType\": \"<string>\"\n      }\n    },\n    \"ExpDt\": \"<date>\"\n  },\n  \"OvrdExceptionData\": {\n    \"OvrdAutoAckInd\": \"<boolean>\"\n  }\n}","options":{"raw":{"language":"json"}}}},"response":[{"id":"0d98ef8e-d546-41f5-8cd1-e4271ad05ece","name":"Created","originalRequest":{"url":{"path":["acctholdservice","stophold","accountHolds"],"host":["{{baseUrl}}"],"query":[],"variable":[]},"header":[{"disabled":false,"description":"(Required) EFX Header is a common and required component for all API calls, it contains client-related parameters. Please note that the header parameters should be sent as a JSON object under the EFXHeader parameter. To view the list of header parameters, <a href=\"../docs?path=docs/api-ref-EFX-header.md\" title=\"Click to open\"> click here.</a>","key":"EFXHeader","value":"OrganizationId,<string>,TrnId,<string>,VendorId,<string>,Context,[object Object]"},{"key":"Accept","value":"application/json"}],"method":"POST","body":{"mode":"raw","raw":"{\n  \"AcctHoldInfo\": {\n    \"AcctRef\": {\n      \"AcctKeys\": {\n        \"AcctId\": \"<string>\",\n        \"AcctType\": \"<string>\"\n      }\n    },\n    \"HoldType\": \"<string>\",\n    \"CurAmt\": {\n      \"Amt\": \"<number>\",\n      \"CurCode\": {\n        \"CurCodeValue\": \"<string>\",\n        \"CurCodeType\": \"<string>\"\n      }\n    },\n    \"ExpDt\": \"<date>\"\n  },\n  \"OvrdExceptionData\": {\n    \"OvrdAutoAckInd\": \"<boolean>\"\n  }\n}","options":{"raw":{"language":"json"}}}},"status":"Created","code":201,"header":[{"key":"Content-Type","value":"application/json"}],"body":"{\n  \"AcctHoldStatusRec\": {\n    \"AcctHoldKeys\": {\n      \"AcctKeys\": {\n        \"AcctId\": \"minim consectetur proident\",\n        \"AcctType\": \"DDA\"\n      },\n      \"HoldType\": \"Hold\"\n    },\n    \"AcctHoldStatus\": {\n      \"AcctHoldStatusCode\": \"Valid\",\n      \"EffDt\": \"7464-96-07\"\n    }\n  },\n  \"Status\": {\n    \"Severity\": \"Info\",\n    \"StatusCode\": \"aliquip s\",\n    \"StatusDesc\": \"fugiat aute labore in mollit\",\n    \"SvcProviderName\": \"esse\",\n    \"Id\": \"minim proident quis Ut\",\n    \"ServerStatusCode\": \"commodo U\",\n    \"ServerStatusDesc\": \"Lorem\",\n    \"OvrdExceptionInd\": false,\n    \"SubjectRole\": \"ea fugiat\",\n    \"SubjectElement\": [\n      {\n        \"Path\": \"Excepteur d\",\n        \"ServerPath\": \"elit nostrud\",\n        \"Value\": \"id\"\n      },\n      {\n        \"Path\": \"veniam dolor proident\",\n        \"ServerPath\": \"magna proident\",\n        \"Value\": \"ut culpa\"\n      }\n    ],\n    \"ContentHTML\": \"sit est reprehenderit\",\n    \"AdditionalStatus\": [\n      {\n        \"StatusCode\": \"mollit e\",\n        \"StatusDesc\": \"incidi\",\n        \"Severity\": \"Error\",\n        \"SvcProviderName\": \"sint Lorem qui sit\",\n        \"ServerStatusCode\": \"culpa sed\",\n        \"ServerStatusDesc\": \"est eu ea\",\n        \"OvrdExceptionInd\": false,\n        \"SubjectElement\": [\n          {\n            \"Path\": \"reprehenderit adipisicing\",\n            \"ServerPath\": \"tempor enim dolore\",\n            \"Value\": \"occaecat anim\"\n          },\n          {\n            \"Path\": \"enim\",\n            \"ServerPath\": \"incididunt veniam aliquip\",\n            \"Value\": \"aliquip reprehenderit\"\n          }\n        ]\n      },\n      {\n        \"StatusCode\": \"Ut irure e\",\n        \"StatusDesc\": \"sed reprehenderit culpa\",\n        \"Severity\": \"Info\",\n        \"SvcProviderName\": \"eu sed in id\",\n        \"ServerStatusCode\": \"incididunt si\",\n        \"ServerStatusDesc\": \"nostrud sed dolor\",\n        \"OvrdExceptionInd\": true,\n        \"SubjectElement\": [\n          {\n            \"Path\": \"Lorem incididunt in ut id\",\n            \"ServerPath\": \"elit pariatur\",\n            \"Value\": \"cupidatat fugiat in sint\"\n          },\n          {\n            \"Path\": \"minim in\",\n            \"ServerPath\": \"Excepteur reprehenderit mollit\",\n            \"Value\": \"esse in\"\n          }\n        ]\n      }\n    ]\n  },\n  \"Receipt\": {\n    \"Name\": \"minim mollit qui\",\n    \"OpenDt\": \"1950-01-10\",\n    \"AcctBal\": [\n      {\n        \"BalType\": \"Avail\",\n        \"CurAmt\": {\n          \"Amt\": 62733338.82658875\n        }\n      },\n      {\n        \"BalType\": \"Memo\",\n        \"CurAmt\": {\n          \"Amt\": -56920164.632909745\n        }\n      }\n    ]\n  }\n}","cookie":[],"_postman_previewlanguage":"json"},{"id":"98634735-f303-4cff-a358-2e5ad00bbcf5","name":"To view the complete list of response codes, <a href=\"../docs/?path=docs/response-codes.md\" title=\"Click to open\">click here.</a>","originalRequest":{"url":{"path":["acctholdservice","stophold","accountHolds"],"host":["{{baseUrl}}"],"query":[],"variable":[]},"header":[{"disabled":false,"description":"(Required) EFX Header is a common and required component for all API calls, it contains client-related parameters. Please note that the header parameters should be sent as a JSON object under the EFXHeader parameter. To view the list of header parameters, <a href=\"../docs?path=docs/api-ref-EFX-header.md\" title=\"Click to open\"> click here.</a>","key":"EFXHeader","value":"OrganizationId,<string>,TrnId,<string>,VendorId,<string>,Context,[object Object]"},{"key":"Accept","value":"application/json"}],"method":"POST","body":{"mode":"raw","raw":"{\n  \"AcctHoldInfo\": {\n    \"AcctRef\": {\n      \"AcctKeys\": {\n        \"AcctId\": \"<string>\",\n        \"AcctType\": \"<string>\"\n      }\n    },\n    \"HoldType\": \"<string>\",\n    \"CurAmt\": {\n      \"Amt\": \"<number>\",\n      \"CurCode\": {\n        \"CurCodeValue\": \"<string>\",\n        \"CurCodeType\": \"<string>\"\n      }\n    },\n    \"ExpDt\": \"<date>\"\n  },\n  \"OvrdExceptionData\": {\n    \"OvrdAutoAckInd\": \"<boolean>\"\n  }\n}","options":{"raw":{"language":"json"}}}},"status":"Internal Server Error","code":500,"header":[{"key":"Content-Type","value":"application/json"}],"body":"{\n  \"AcctHoldStatusRec\": {\n    \"AcctHoldKeys\": {\n      \"AcctKeys\": {\n        \"AcctId\": \"nisi\",\n        \"AcctType\": \"SDA\"\n      },\n      \"HoldType\": \"Hold\"\n    },\n    \"AcctHoldStatus\": {\n      \"AcctHoldStatusCode\": \"Valid\",\n      \"EffDt\": \"8858-30-14T19:94\"\n    }\n  },\n  \"Status\": {\n    \"Severity\": \"Warning\",\n    \"StatusCode\": \"do\",\n    \"StatusDesc\": \"consectetur et nostrud\",\n    \"SvcProviderName\": \"in aliqua nisi eiusmod est\",\n    \"Id\": \"aliqua\",\n    \"ServerStatusCode\": \"Duis lab\",\n    \"ServerStatusDesc\": \"aliquip ullamco dolor\",\n    \"OvrdExceptionInd\": false,\n    \"SubjectRole\": \"anim quis sed\",\n    \"SubjectElement\": [\n      {\n        \"Path\": \"nisi mollit\",\n        \"ServerPath\": \"consequat quis ex laborum id\",\n        \"Value\": \"dolor veniam labore culpa\"\n      },\n      {\n        \"Path\": \"elit cillum quis\",\n        \"ServerPath\": \"mollit adipisicing\",\n        \"Value\": \"id dolore non\"\n      }\n    ],\n    \"ContentHTML\": \"in deserunt nulla nisi Ut\",\n    \"AdditionalStatus\": [\n      {\n        \"StatusCode\": \"nis\",\n        \"StatusDesc\": \"ut officia\",\n        \"Severity\": \"Info\",\n        \"SvcProviderName\": \"fugiat veniam et eu\",\n        \"ServerStatusCode\": \"aute dolor ulla\",\n        \"ServerStatusDesc\": \"eiusmod dolore exercitation qui pariatur\",\n        \"OvrdExceptionInd\": false,\n        \"SubjectElement\": [\n          {\n            \"Path\": \"consequat exercitation\",\n            \"ServerPath\": \"tempor nisi esse\",\n            \"Value\": \"minim \"\n          },\n          {\n            \"Path\": \"tempor cupidatat ut magna\",\n            \"ServerPath\": \"laborum labore\",\n            \"Value\": \"ex laboris consectetur dolor\"\n          }\n        ]\n      },\n      {\n        \"StatusCode\": \"velit Ut e\",\n        \"StatusDesc\": \"ipsum\",\n        \"Severity\": \"Info\",\n        \"SvcProviderName\": \"ut enim dolore consectetur\",\n        \"ServerStatusCode\": \"deserunt i\",\n        \"ServerStatusDesc\": \"Duis irure qui\",\n        \"OvrdExceptionInd\": false,\n        \"SubjectElement\": [\n          {\n            \"Path\": \"ad Excepteur ut occaecat\",\n            \"ServerPath\": \"tempor anim\",\n            \"Value\": \"adipisicing sunt ipsum\"\n          },\n          {\n            \"Path\": \"ut Duis\",\n            \"ServerPath\": \"tempor\",\n            \"Value\": \"eiusmod Excepteur sunt ipsum Ut\"\n          }\n        ]\n      }\n    ]\n  },\n  \"Receipt\": {\n    \"Name\": \"ut velit et enim\",\n    \"OpenDt\": \"1966-11-27\",\n    \"AcctBal\": [\n      {\n        \"BalType\": \"Memo\",\n        \"CurAmt\": {\n          \"Amt\": -68071787.73244593\n        }\n      },\n      {\n        \"BalType\": \"Memo\",\n        \"CurAmt\": {\n          \"Amt\": 13482316.183984235\n        }\n      }\n    ]\n  }\n}","cookie":[],"_postman_previewlanguage":"json"}],"event":[],"protocolProfileBehavior":{"disableBodyPruning":true}}],"event":[],"variable":[{"type":"string","value":"https://swaggerhub.onefiserv.net/virts/Bank_Sol_Org/AcctHoldService/11.0.0_SIG-Add_Teller","key":"baseUrl"}],"info":{"_postman_id":"6ed885eb-1f9d-4430-8767-27d4caf39455","name":"Account Hold Service","schema":"https://schema.getpostman.com/json/collection/v2.1.0/collection.json","description":{"content":"The account hold service helps to manage and support operations that are related to the holding of funds for a product account. It also restricts the accountholder’s ability to withdraw funds.","type":"text/plain"}}}