{"item":[{"id":"64382cb1-3b24-4399-9623-6a6172c51509","name":"GET Account Transaction History.","request":{"name":"GET Account Transaction History.","description":{"content":"Get Account Transaction History API retrieves the transaction history for Loan account (LOAN) based on the number of days.<br>For Premier, this API returns transactions and transaction comments for both memo post (pending) transactions and hard post transactions on the Premier Loan Accounting System (LAS).  It also returns the reversed transaction. It provides the ability to request for only pending, only posted or both type of transactions. If requested, running balance is available for posted transactions when the original sort order is not altered. Transactions loaded in LAS are not deleted even if statements are run. This API is available for the clients who have purchased Premier Loan Accounting System (LAS). No parameter configuration is needed for this API. <br> <br> To download the API Specifications and Postman Collection, click <a href=\"../docs/?path=docs/resources/resources.md\" title=\"Click to open\">Resources</a>.","type":"text/plain"},"url":{"path":["accttranservice","acctmgmt","acctTrn","secured"],"host":["{{baseUrl}}"],"query":[],"variable":[]},"header":[{"disabled":false,"description":"(Required) EFX Header is a common and required component for all API calls, it contains client-related parameters. Please note that the header parameters should be sent as a JSON object under the EFXHeader parameter. To view the list of header parameters, <a href=\"../docs?path=docs/api-ref-EFX-header.md\" title=\"Click to open\"> click here.</a>","key":"EFXHeader","value":"OrganizationId,<string>,TrnId,<string>,VendorId,<string>,Context,[object Object]"},{"key":"Content-Type","value":"application/json"},{"key":"Accept","value":"application/json"}],"method":"POST","auth":null,"body":{"mode":"raw","raw":"{\n  \"AcctTrnSel\": {\n    \"AcctKeys\": {\n      \"AcctId\": \"<string>\",\n      \"AcctType\": \"<string>\"\n    },\n    \"TrnPostType\": \"<string>\",\n    \"IncRunningBalanceInd\": \"<boolean>\",\n    \"PeriodType\": \"<string>\",\n    \"IncReversalTrnInd\": \"<boolean>\",\n    \"Sort\": [\n      {\n        \"SortCriterionType\": \"<string>\",\n        \"SortOrder\": \"<string>\"\n      },\n      {\n        \"SortCriterionType\": \"<string>\",\n        \"SortOrder\": \"<string>\"\n      }\n    ]\n  },\n  \"RecCtrlIn\": {\n    \"MaxRecLimit\": \"<long>\",\n    \"Cursor\": \"<string>\"\n  }\n}","options":{"raw":{"language":"json"}}}},"response":[{"id":"285f363a-9578-4bc4-a4bc-7f4e923f999a","name":"Success","originalRequest":{"url":{"path":["accttranservice","acctmgmt","acctTrn","secured"],"host":["{{baseUrl}}"],"query":[],"variable":[]},"header":[{"disabled":false,"description":"(Required) EFX Header is a common and required component for all API calls, it contains client-related parameters. Please note that the header parameters should be sent as a JSON object under the EFXHeader parameter. To view the list of header parameters, <a href=\"../docs?path=docs/api-ref-EFX-header.md\" title=\"Click to open\"> click here.</a>","key":"EFXHeader","value":"OrganizationId,<string>,TrnId,<string>,VendorId,<string>,Context,[object Object]"},{"key":"Accept","value":"application/json"}],"method":"POST","body":{"mode":"raw","raw":"{\n  \"AcctTrnSel\": {\n    \"AcctKeys\": {\n      \"AcctId\": \"<string>\",\n      \"AcctType\": \"<string>\"\n    },\n    \"TrnPostType\": \"<string>\",\n    \"IncRunningBalanceInd\": \"<boolean>\",\n    \"PeriodType\": \"<string>\",\n    \"IncReversalTrnInd\": \"<boolean>\",\n    \"Sort\": [\n      {\n        \"SortCriterionType\": \"<string>\",\n        \"SortOrder\": \"<string>\"\n      },\n      {\n        \"SortCriterionType\": \"<string>\",\n        \"SortOrder\": \"<string>\"\n      }\n    ]\n  },\n  \"RecCtrlIn\": {\n    \"MaxRecLimit\": \"<long>\",\n    \"Cursor\": \"<string>\"\n  }\n}","options":{"raw":{"language":"json"}}}},"status":"OK","code":200,"header":[{"key":"Content-Type","value":"application/json"}],"body":"{\n  \"AcctTrnRec\": [\n    {\n      \"AcctTrnInfo\": {\n        \"TrnCode\": \"elit officia ipsum voluptate\",\n        \"DrCrType\": \"tempor irure Excepteur exercitation\",\n        \"DrCrTypeEnumDesc\": \"qui culpa eu\",\n        \"TrnRevType\": \"MatchedTransaction\",\n        \"TrnRevTypeEnumDesc\": \"mollit enim\",\n        \"MemoPostInd\": false,\n        \"PostedDt\": \"9863-57-75T04:63\",\n        \"EffDt\": \"5468-11-65\",\n        \"PrincipalPaidToDt\": \"8219-53-56T18:50\",\n        \"IntPaidToDt\": \"1508-12-07T27:31:29\",\n        \"TrnDt\": \"5582-42-71\",\n        \"TrnAmt\": {\n          \"Amt\": 36257748.27477196,\n          \"CurCode\": {\n            \"CurCodeValue\": {\n              \"value\": \"<Error: Too many levels of nesting to fake this schema>\"\n            },\n            \"CurCodeType\": {\n              \"value\": \"<Error: Too many levels of nesting to fake this schema>\"\n            }\n          }\n        },\n        \"CompositeCurAmt\": [\n          {\n            \"CurAmt\": {\n              \"value\": \"<Error: Too many levels of nesting to fake this schema>\"\n            },\n            \"CompositeCurAmtType\": \"LateFee\",\n            \"SpecialHandling\": [\n              {\n                \"value\": \"<Error: Too many levels of nesting to fake this schema>\"\n              },\n              {\n                \"value\": \"<Error: Too many levels of nesting to fake this schema>\"\n              }\n            ]\n          },\n          {\n            \"CurAmt\": {\n              \"value\": \"<Error: Too many levels of nesting to fake this schema>\"\n            },\n            \"CompositeCurAmtType\": \"Fees\",\n            \"SpecialHandling\": [\n              {\n                \"value\": \"<Error: Too many levels of nesting to fake this schema>\"\n              },\n              {\n                \"value\": \"<Error: Too many levels of nesting to fake this schema>\"\n              }\n            ]\n          }\n        ],\n        \"StmtRunningBal\": [\n          {\n            \"Amt\": -39485054.538085505,\n            \"CurCode\": {\n              \"value\": \"<Error: Too many levels of nesting to fake this schema>\"\n            },\n            \"StmtRunningBalType\": \"Running\"\n          },\n          {\n            \"Amt\": -95176363.03143266,\n            \"CurCode\": {\n              \"value\": \"<Error: Too many levels of nesting to fake this schema>\"\n            },\n            \"StmtRunningBalType\": \"Unapplied\"\n          }\n        ],\n        \"ChkNum\": \"adipisicing in\",\n        \"RateOverSplit\": 65946833.64260131,\n        \"RateUnderSplit\": -20022065.281489402,\n        \"SplitRateAmt\": {\n          \"Amt\": -21576058.53420806,\n          \"CurCode\": {\n            \"CurCodeValue\": {\n              \"value\": \"<Error: Too many levels of nesting to fake this schema>\"\n            },\n            \"CurCodeType\": {\n              \"value\": \"<Error: Too many levels of nesting to fake this schema>\"\n            }\n          }\n        },\n        \"ExternalTrnCode\": \"ea qui aliqua\",\n        \"ImageInd\": false,\n        \"TrnImageId\": \"amet dolor ma\"\n      },\n      \"AcctTrnKeys\": {\n        \"AcctKeys\": {\n          \"AcctId\": \"<string>\",\n          \"AcctType\": \"<string>\"\n        },\n        \"AcctTrnIdent\": \"consequat nisi amet\"\n      },\n      \"AcctTrnStatus\": {\n        \"AcctTrnStatusCode\": \"Valid\",\n        \"EffDt\": \"8146-98-39T13:14\"\n      }\n    },\n    {\n      \"AcctTrnInfo\": {\n        \"TrnCode\": \"cupidatat proident in\",\n        \"DrCrType\": \"occaecat eu aliquip\",\n        \"DrCrTypeEnumDesc\": \"mi\",\n        \"TrnRevType\": \"Reversal\",\n        \"TrnRevTypeEnumDesc\": \"deserunt esse\",\n        \"MemoPostInd\": true,\n        \"PostedDt\": \"4129-24-39\",\n        \"EffDt\": \"3600-00-38\",\n        \"PrincipalPaidToDt\": \"9484-20-73\",\n        \"IntPaidToDt\": \"2970-16-75T48:15\",\n        \"TrnDt\": \"6904-20-49\",\n        \"TrnAmt\": {\n          \"Amt\": 27357008.322511688,\n          \"CurCode\": {\n            \"CurCodeValue\": {\n              \"value\": \"<Error: Too many levels of nesting to fake this schema>\"\n            },\n            \"CurCodeType\": {\n              \"value\": \"<Error: Too many levels of nesting to fake this schema>\"\n            }\n          }\n        },\n        \"CompositeCurAmt\": [\n          {\n            \"CurAmt\": {\n              \"value\": \"<Error: Too many levels of nesting to fake this schema>\"\n            },\n            \"CompositeCurAmtType\": \"Interest\",\n            \"SpecialHandling\": [\n              {\n                \"value\": \"<Error: Too many levels of nesting to fake this schema>\"\n              },\n              {\n                \"value\": \"<Error: Too many levels of nesting to fake this schema>\"\n              }\n            ]\n          },\n          {\n            \"CurAmt\": {\n              \"value\": \"<Error: Too many levels of nesting to fake this schema>\"\n            },\n            \"CompositeCurAmtType\": \"Escrow\",\n            \"SpecialHandling\": [\n              {\n                \"value\": \"<Error: Too many levels of nesting to fake this schema>\"\n              },\n              {\n                \"value\": \"<Error: Too many levels of nesting to fake this schema>\"\n              }\n            ]\n          }\n        ],\n        \"StmtRunningBal\": [\n          {\n            \"Amt\": 74649347.82811636,\n            \"CurCode\": {\n              \"value\": \"<Error: Too many levels of nesting to fake this schema>\"\n            },\n            \"StmtRunningBalType\": \"Principal\"\n          },\n          {\n            \"Amt\": 99559445.57415646,\n            \"CurCode\": {\n              \"value\": \"<Error: Too many levels of nesting to fake this schema>\"\n            },\n            \"StmtRunningBalType\": \"Principal\"\n          }\n        ],\n        \"ChkNum\": \"irure c\",\n        \"RateOverSplit\": -97331549.8487374,\n        \"RateUnderSplit\": 83417431.68125051,\n        \"SplitRateAmt\": {\n          \"Amt\": 28912177.823873892,\n          \"CurCode\": {\n            \"CurCodeValue\": {\n              \"value\": \"<Error: Too many levels of nesting to fake this schema>\"\n            },\n            \"CurCodeType\": {\n              \"value\": \"<Error: Too many levels of nesting to fake this schema>\"\n            }\n          }\n        },\n        \"ExternalTrnCode\": \"minim laboris in incididunt\",\n        \"ImageInd\": true,\n        \"TrnImageId\": \"non laboris co\"\n      },\n      \"AcctTrnKeys\": {\n        \"AcctKeys\": {\n          \"AcctId\": \"<string>\",\n          \"AcctType\": \"<string>\"\n        },\n        \"AcctTrnIdent\": \"consequat fugiat anim\"\n      },\n      \"AcctTrnStatus\": {\n        \"AcctTrnStatusCode\": \"Valid\",\n        \"EffDt\": \"1984-92-99T57:81:19\"\n      }\n    }\n  ],\n  \"Status\": {\n    \"Severity\": \"Warning\",\n    \"StatusCode\": \"laborum quis\",\n    \"StatusDesc\": \"elit\",\n    \"SvcProviderName\": \"amet\",\n    \"Id\": \"nulla\",\n    \"ServerStatusCode\": \"laboris esse s\",\n    \"ServerStatusDesc\": \"cillum esse\",\n    \"OvrdExceptionInd\": true,\n    \"SubjectRole\": \"tempor\",\n    \"SubjectElement\": [\n      {\n        \"Path\": \"e\",\n        \"ServerPath\": \"nostrud eu\",\n        \"Value\": \"dolore ea veniam\"\n      },\n      {\n        \"Path\": \"ex sunt\",\n        \"ServerPath\": \"ipsum\",\n        \"Value\": \"aute do\"\n      }\n    ],\n    \"ContentHTML\": \"aute cupidatat\",\n    \"AdditionalStatus\": [\n      {\n        \"StatusCode\": \"ex\",\n        \"StatusDesc\": \"ex aute laboris\",\n        \"Severity\": \"Warning\",\n        \"SvcProviderName\": \"Ut eu proident dolore\",\n        \"ServerStatusCode\": \"elit cupid\",\n        \"ServerStatusDesc\": \"incididunt\",\n        \"OvrdExceptionInd\": false,\n        \"SubjectElement\": [\n          {\n            \"Path\": \"quis amet Excepteur deserunt do\",\n            \"ServerPath\": \"ut cupidatat\",\n            \"Value\": \"minim Excepteur\"\n          },\n          {\n            \"Path\": \"dolore\",\n            \"ServerPath\": \"ipsum veniam dolore id in\",\n            \"Value\": \"laborum\"\n          }\n        ]\n      },\n      {\n        \"StatusCode\": \"elit adipisicing \",\n        \"StatusDesc\": \"Duis incididunt est exercitation\",\n        \"Severity\": \"Info\",\n        \"SvcProviderName\": \"Lorem\",\n        \"ServerStatusCode\": \"ea occaecat\",\n        \"ServerStatusDesc\": \"veniam incididunt culpa\",\n        \"OvrdExceptionInd\": true,\n        \"SubjectElement\": [\n          {\n            \"Path\": \"mollit officia\",\n            \"ServerPath\": \"dolor magna\",\n            \"Value\": \"aute anim\"\n          },\n          {\n            \"Path\": \"sunt in in\",\n            \"ServerPath\": \"cupidatat labore tempor culpa\",\n            \"Value\": \"sint fugiat proident est Excepteur\"\n          }\n        ]\n      }\n    ]\n  },\n  \"RecCtrlOut\": {\n    \"SentRecCount\": 42453021,\n    \"MatchedRecCount\": -24524183,\n    \"Cursor\": \"elit enim\"\n  }\n}","cookie":[],"_postman_previewlanguage":"json"},{"id":"537bf590-840c-4049-8321-2482cfe1fc6a","name":"To view the complete list of response codes, <a href=\"../docs/?path=docs/response-codes.md\" title=\"Click to open\">click here.</a>","originalRequest":{"url":{"path":["accttranservice","acctmgmt","acctTrn","secured"],"host":["{{baseUrl}}"],"query":[],"variable":[]},"header":[{"disabled":false,"description":"(Required) EFX Header is a common and required component for all API calls, it contains client-related parameters. Please note that the header parameters should be sent as a JSON object under the EFXHeader parameter. To view the list of header parameters, <a href=\"../docs?path=docs/api-ref-EFX-header.md\" title=\"Click to open\"> click here.</a>","key":"EFXHeader","value":"OrganizationId,<string>,TrnId,<string>,VendorId,<string>,Context,[object Object]"},{"key":"Accept","value":"application/json"}],"method":"POST","body":{"mode":"raw","raw":"{\n  \"AcctTrnSel\": {\n    \"AcctKeys\": {\n      \"AcctId\": \"<string>\",\n      \"AcctType\": \"<string>\"\n    },\n    \"TrnPostType\": \"<string>\",\n    \"IncRunningBalanceInd\": \"<boolean>\",\n    \"PeriodType\": \"<string>\",\n    \"IncReversalTrnInd\": \"<boolean>\",\n    \"Sort\": [\n      {\n        \"SortCriterionType\": \"<string>\",\n        \"SortOrder\": \"<string>\"\n      },\n      {\n        \"SortCriterionType\": \"<string>\",\n        \"SortOrder\": \"<string>\"\n      }\n    ]\n  },\n  \"RecCtrlIn\": {\n    \"MaxRecLimit\": \"<long>\",\n    \"Cursor\": \"<string>\"\n  }\n}","options":{"raw":{"language":"json"}}}},"status":"Internal Server Error","code":500,"header":[{"key":"Content-Type","value":"application/json"}],"body":"{\n  \"AcctTrnRec\": [\n    {\n      \"AcctTrnInfo\": {\n        \"TrnCode\": \"sunt Ut ni\",\n        \"DrCrType\": \"culpa proident dolor labore\",\n        \"DrCrTypeEnumDesc\": \"irure Ut Lorem sint\",\n        \"TrnRevType\": \"MatchedTransaction\",\n        \"TrnRevTypeEnumDesc\": \"dolore dolore fugiat\",\n        \"MemoPostInd\": true,\n        \"PostedDt\": \"3126-99-92T92:32:43-29:91\",\n        \"EffDt\": \"6831-77-50T25:80\",\n        \"PrincipalPaidToDt\": \"3558-22-49T28:90:59.307-06:26\",\n        \"IntPaidToDt\": \"2808-93-76T99:54:93+54:67\",\n        \"TrnDt\": \"0979-32-24T57:11\",\n        \"TrnAmt\": {\n          \"Amt\": -85557293.99754694,\n          \"CurCode\": {\n            \"CurCodeValue\": {\n              \"value\": \"<Error: Too many levels of nesting to fake this schema>\"\n            },\n            \"CurCodeType\": {\n              \"value\": \"<Error: Too many levels of nesting to fake this schema>\"\n            }\n          }\n        },\n        \"CompositeCurAmt\": [\n          {\n            \"CurAmt\": {\n              \"value\": \"<Error: Too many levels of nesting to fake this schema>\"\n            },\n            \"CompositeCurAmtType\": \"OtherEscrow\",\n            \"SpecialHandling\": [\n              {\n                \"value\": \"<Error: Too many levels of nesting to fake this schema>\"\n              },\n              {\n                \"value\": \"<Error: Too many levels of nesting to fake this schema>\"\n              }\n            ]\n          },\n          {\n            \"CurAmt\": {\n              \"value\": \"<Error: Too many levels of nesting to fake this schema>\"\n            },\n            \"CompositeCurAmtType\": \"OtherEscrow\",\n            \"SpecialHandling\": [\n              {\n                \"value\": \"<Error: Too many levels of nesting to fake this schema>\"\n              },\n              {\n                \"value\": \"<Error: Too many levels of nesting to fake this schema>\"\n              }\n            ]\n          }\n        ],\n        \"StmtRunningBal\": [\n          {\n            \"Amt\": 41044210.75435373,\n            \"CurCode\": {\n              \"value\": \"<Error: Too many levels of nesting to fake this schema>\"\n            },\n            \"StmtRunningBalType\": \"Running\"\n          },\n          {\n            \"Amt\": 28832172.953307867,\n            \"CurCode\": {\n              \"value\": \"<Error: Too many levels of nesting to fake this schema>\"\n            },\n            \"StmtRunningBalType\": \"Running\"\n          }\n        ],\n        \"ChkNum\": \"dese\",\n        \"RateOverSplit\": 15986222.222230539,\n        \"RateUnderSplit\": -66600445.71030009,\n        \"SplitRateAmt\": {\n          \"Amt\": -26690916.282731175,\n          \"CurCode\": {\n            \"CurCodeValue\": {\n              \"value\": \"<Error: Too many levels of nesting to fake this schema>\"\n            },\n            \"CurCodeType\": {\n              \"value\": \"<Error: Too many levels of nesting to fake this schema>\"\n            }\n          }\n        },\n        \"ExternalTrnCode\": \"veniam dolor\",\n        \"ImageInd\": false,\n        \"TrnImageId\": \"enim nostrud nulla in\"\n      },\n      \"AcctTrnKeys\": {\n        \"AcctKeys\": {\n          \"AcctId\": \"<string>\",\n          \"AcctType\": \"<string>\"\n        },\n        \"AcctTrnIdent\": \"nos\"\n      },\n      \"AcctTrnStatus\": {\n        \"AcctTrnStatusCode\": \"Valid\",\n        \"EffDt\": \"4596-07-45T26:23\"\n      }\n    },\n    {\n      \"AcctTrnInfo\": {\n        \"TrnCode\": \"aliquip culpa\",\n        \"DrCrType\": \"dolore magna ut\",\n        \"DrCrTypeEnumDesc\": \"officia\",\n        \"TrnRevType\": \"MatchedTransaction\",\n        \"TrnRevTypeEnumDesc\": \"Duis\",\n        \"MemoPostInd\": true,\n        \"PostedDt\": \"6463-79-47\",\n        \"EffDt\": \"8142-38-99T99:33:65-51:03\",\n        \"PrincipalPaidToDt\": \"2148-24-60\",\n        \"IntPaidToDt\": \"8606-49-95T64:30\",\n        \"TrnDt\": \"6541-74-51T14:16:42+43:78\",\n        \"TrnAmt\": {\n          \"Amt\": -90588516.98920223,\n          \"CurCode\": {\n            \"CurCodeValue\": {\n              \"value\": \"<Error: Too many levels of nesting to fake this schema>\"\n            },\n            \"CurCodeType\": {\n              \"value\": \"<Error: Too many levels of nesting to fake this schema>\"\n            }\n          }\n        },\n        \"CompositeCurAmt\": [\n          {\n            \"CurAmt\": {\n              \"value\": \"<Error: Too many levels of nesting to fake this schema>\"\n            },\n            \"CompositeCurAmtType\": \"Principal\",\n            \"SpecialHandling\": [\n              {\n                \"value\": \"<Error: Too many levels of nesting to fake this schema>\"\n              },\n              {\n                \"value\": \"<Error: Too many levels of nesting to fake this schema>\"\n              }\n            ]\n          },\n          {\n            \"CurAmt\": {\n              \"value\": \"<Error: Too many levels of nesting to fake this schema>\"\n            },\n            \"CompositeCurAmtType\": \"LateFee\",\n            \"SpecialHandling\": [\n              {\n                \"value\": \"<Error: Too many levels of nesting to fake this schema>\"\n              },\n              {\n                \"value\": \"<Error: Too many levels of nesting to fake this schema>\"\n              }\n            ]\n          }\n        ],\n        \"StmtRunningBal\": [\n          {\n            \"Amt\": -19813263.006235138,\n            \"CurCode\": {\n              \"value\": \"<Error: Too many levels of nesting to fake this schema>\"\n            },\n            \"StmtRunningBalType\": \"Principal\"\n          },\n          {\n            \"Amt\": 65686689.576600075,\n            \"CurCode\": {\n              \"value\": \"<Error: Too many levels of nesting to fake this schema>\"\n            },\n            \"StmtRunningBalType\": \"Unapplied\"\n          }\n        ],\n        \"ChkNum\": \"incididunt et\",\n        \"RateOverSplit\": 18601795.5291228,\n        \"RateUnderSplit\": 6274574.331288591,\n        \"SplitRateAmt\": {\n          \"Amt\": -84363738.56235653,\n          \"CurCode\": {\n            \"CurCodeValue\": {\n              \"value\": \"<Error: Too many levels of nesting to fake this schema>\"\n            },\n            \"CurCodeType\": {\n              \"value\": \"<Error: Too many levels of nesting to fake this schema>\"\n            }\n          }\n        },\n        \"ExternalTrnCode\": \"elit qui\",\n        \"ImageInd\": true,\n        \"TrnImageId\": \"veniam est dolor\"\n      },\n      \"AcctTrnKeys\": {\n        \"AcctKeys\": {\n          \"AcctId\": \"<string>\",\n          \"AcctType\": \"<string>\"\n        },\n        \"AcctTrnIdent\": \"dolore deserunt exe\"\n      },\n      \"AcctTrnStatus\": {\n        \"AcctTrnStatusCode\": \"Valid\",\n        \"EffDt\": \"3314-32-38\"\n      }\n    }\n  ],\n  \"Status\": {\n    \"Severity\": \"Info\",\n    \"StatusCode\": \"e\",\n    \"StatusDesc\": \"ullamco Ut consequ\",\n    \"SvcProviderName\": \"ullamco Duis magna in veniam\",\n    \"Id\": \"tempor aute in\",\n    \"ServerStatusCode\": \"sit dolor\",\n    \"ServerStatusDesc\": \"cupidatat occaecat in ipsum\",\n    \"OvrdExceptionInd\": false,\n    \"SubjectRole\": \"Duis id\",\n    \"SubjectElement\": [\n      {\n        \"Path\": \"dolor esse\",\n        \"ServerPath\": \"aliqua tempor ad\",\n        \"Value\": \"adipisicing id\"\n      },\n      {\n        \"Path\": \"dolore sunt\",\n        \"ServerPath\": \"ullamco pariatur adipisicing amet\",\n        \"Value\": \"in cupidatat laboris in\"\n      }\n    ],\n    \"ContentHTML\": \"magna eu\",\n    \"AdditionalStatus\": [\n      {\n        \"StatusCode\": \"Duis\",\n        \"StatusDesc\": \"Excepteu\",\n        \"Severity\": \"Info\",\n        \"SvcProviderName\": \"ut minim\",\n        \"ServerStatusCode\": \"ullamco ut volupta\",\n        \"ServerStatusDesc\": \"aliqua\",\n        \"OvrdExceptionInd\": false,\n        \"SubjectElement\": [\n          {\n            \"Path\": \"mollit\",\n            \"ServerPath\": \"ullamco in esse exercitation\",\n            \"Value\": \"Lorem dolor\"\n          },\n          {\n            \"Path\": \"consequat\",\n            \"ServerPath\": \"consequat ad ullamco ut\",\n            \"Value\": \"ipsum dolor ut officia\"\n          }\n        ]\n      },\n      {\n        \"StatusCode\": \"su\",\n        \"StatusDesc\": \"est mollit\",\n        \"Severity\": \"Info\",\n        \"SvcProviderName\": \"incididunt cupidatat pariatur nostrud nisi\",\n        \"ServerStatusCode\": \"dolore eiusm\",\n        \"ServerStatusDesc\": \"Lorem elit consectetur\",\n        \"OvrdExceptionInd\": false,\n        \"SubjectElement\": [\n          {\n            \"Path\": \"culpa dolor\",\n            \"ServerPath\": \"ullamco in\",\n            \"Value\": \"enim \"\n          },\n          {\n            \"Path\": \"Excepteur\",\n            \"ServerPath\": \"ea amet sint anim qui\",\n            \"Value\": \"mollit nostrud velit sint\"\n          }\n        ]\n      }\n    ]\n  },\n  \"RecCtrlOut\": {\n    \"SentRecCount\": -48094125,\n    \"MatchedRecCount\": -50848070,\n    \"Cursor\": \"sit\"\n  }\n}","cookie":[],"_postman_previewlanguage":"json"}],"event":[],"protocolProfileBehavior":{"disableBodyPruning":true}}],"event":[],"variable":[{"type":"string","value":"/","key":"baseUrl"}],"info":{"_postman_id":"ae035582-e908-48e4-847b-615d2e81c605","name":"Account Transaction Service","schema":"https://schema.getpostman.com/json/collection/v2.1.0/collection.json","description":{"content":"The account transaction service performs the function of retrieving the monetary transaction history against a product account and is implemented in the AccTrnService service domain.<br>\nAn account is a product serviced by the financial institutions that has debit or credit balance in a particular currency.","type":"text/plain"}}}