{"item":[{"id":"419732df-4bcc-4c8d-b686-a8cc142f4a0d","name":"acctholdservice/stophold/accountHolds","item":[{"id":"be03bcad-68e6-47ed-a751-02d39cb6adeb","name":"Update Account Hold.","request":{"name":"Update Account Hold.","description":{"content":"Modifies the hold placed on an account.\n        <br><br>\n        For more information about the Transactions domain, <a href=\"../docs/?path=docs/fintechs/transactions.md\" title=\"Click to open\">click here.</a> <br><br>\n        <b>Relates to:</b>\n          <ul> \n              <li><a href=\"../docs/?path=docs/banks-and-CU/deposits.md\" title=\"Click to open\">Deposits</a></li>\n              <li><a href=\"../docs/?path=docs/banks-and-CU/bank-servicing.md\" title=\"Click to open\">Bank Servicing</a></li>\n            </ul>","type":"text/plain"},"url":{"path":["acctholdservice","stophold","accountHolds"],"host":["{{baseUrl}}"],"query":[],"variable":[]},"header":[{"disabled":false,"description":"(Required) EFX Header is a common and required component for all API calls, it contains client-related parameters. Please note that the header parameters should be sent as a JSON object under the EFXHeader parameter. To view the list of header parameters, <a href=\"../docs?path=docs/api-ref-EFX-header.md\" title=\"Click to open\"> click here.</a>","key":"EFXHeader","value":"OrganizationId,<string>,TrnId,<string>,VendorId,<string>,Context,[object Object]"},{"key":"Content-Type","value":"application/json"},{"key":"Accept","value":"application/json"}],"method":"PUT","auth":null,"body":{"mode":"raw","raw":"{\n  \"AcctHoldInfo\": {\n    \"HoldType\": \"<string>\",\n    \"CurAmt\": {\n      \"Amt\": \"<number>\",\n      \"CurCode\": {\n        \"CurCodeValue\": \"<string>\",\n        \"CurCodeType\": \"<string>\"\n      }\n    },\n    \"HoldReasonCode\": \"<string>\",\n    \"ExpDt\": \"<date>\",\n    \"WaiveFeeInd\": \"<boolean>\"\n  },\n  \"AcctHoldKeys\": {\n    \"AcctKeys\": {\n      \"AcctId\": \"<string>\",\n      \"AcctType\": \"<string>\"\n    },\n    \"HoldType\": \"<string>\",\n    \"AcctHoldIdent\": \"<string>\",\n    \"ExpDt\": \"<date>\"\n  }\n}","options":{"raw":{"language":"json"}}}},"response":[{"id":"5933cbf0-d7a1-4943-b641-ec84ba7bc968","name":"Success","originalRequest":{"url":{"path":["acctholdservice","stophold","accountHolds"],"host":["{{baseUrl}}"],"query":[],"variable":[]},"header":[{"disabled":false,"description":"(Required) EFX Header is a common and required component for all API calls, it contains client-related parameters. Please note that the header parameters should be sent as a JSON object under the EFXHeader parameter. To view the list of header parameters, <a href=\"../docs?path=docs/api-ref-EFX-header.md\" title=\"Click to open\"> click here.</a>","key":"EFXHeader","value":"OrganizationId,<string>,TrnId,<string>,VendorId,<string>,Context,[object Object]"},{"key":"Accept","value":"application/json"}],"method":"PUT","body":{"mode":"raw","raw":"{\n  \"AcctHoldInfo\": {\n    \"HoldType\": \"<string>\",\n    \"CurAmt\": {\n      \"Amt\": \"<number>\",\n      \"CurCode\": {\n        \"CurCodeValue\": \"<string>\",\n        \"CurCodeType\": \"<string>\"\n      }\n    },\n    \"HoldReasonCode\": \"<string>\",\n    \"ExpDt\": \"<date>\",\n    \"WaiveFeeInd\": \"<boolean>\"\n  },\n  \"AcctHoldKeys\": {\n    \"AcctKeys\": {\n      \"AcctId\": \"<string>\",\n      \"AcctType\": \"<string>\"\n    },\n    \"HoldType\": \"<string>\",\n    \"AcctHoldIdent\": \"<string>\",\n    \"ExpDt\": \"<date>\"\n  }\n}","options":{"raw":{"language":"json"}}}},"status":"OK","code":200,"header":[{"key":"Content-Type","value":"application/json"}],"body":"{\n  \"AcctHoldStatusRec\": {\n    \"AcctHoldKeys\": {\n      \"AcctKeys\": {\n        \"AcctId\": \"magna dolore\",\n        \"AcctType\": \"SDA\"\n      },\n      \"HoldType\": \"Hold\",\n      \"AcctHoldIdent\": \"consequat deserunt do r\",\n      \"ExpDt\": \"1989-11-16\"\n    },\n    \"AcctHoldStatus\": {\n      \"AcctHoldStatusCode\": \"Valid\",\n      \"EffDt\": \"4597-58-84T23:07\"\n    }\n  },\n  \"Status\": {\n    \"Severity\": \"Warning\",\n    \"StatusCode\": \"dolore fugiat\",\n    \"StatusDesc\": \"laborum deserunt commodo\",\n    \"SvcProviderName\": \"laborum Lorem\",\n    \"Id\": \"commodo cupidatat Ut velit\",\n    \"ServerStatusCode\": \"amet laboris re\",\n    \"ServerStatusDesc\": \"magna Duis et\",\n    \"OvrdExceptionInd\": false,\n    \"SubjectRole\": \"ei\",\n    \"SubjectElement\": [\n      {\n        \"Path\": \"ea id culpa\",\n        \"ServerPath\": \"quis\",\n        \"Value\": \"est anim ipsum incididunt\"\n      },\n      {\n        \"Path\": \"dolore in Excepteur ut cupidatat\",\n        \"ServerPath\": \"irure aliquip nostrud\",\n        \"Value\": \"incididunt sint in aliqua\"\n      }\n    ],\n    \"ContentHTML\": \"laborum\",\n    \"AdditionalStatus\": [\n      {\n        \"StatusCode\": \"magna aliquip\",\n        \"StatusDesc\": \"et dolore Duis nulla\",\n        \"Severity\": \"Error\",\n        \"SvcProviderName\": \"pariatur in nisi\",\n        \"ServerStatusCode\": \"commo\",\n        \"ServerStatusDesc\": \"pariatur id Excepteur Ut\",\n        \"OvrdExceptionInd\": true,\n        \"SubjectElement\": [\n          {\n            \"Path\": \"sunt\",\n            \"ServerPath\": \"nostrud aliqua ad\",\n            \"Value\": \"enim\"\n          },\n          {\n            \"Path\": \"amet\",\n            \"ServerPath\": \"occaecat culpa Ut in\",\n            \"Value\": \"consequat reprehenderit\"\n          }\n        ]\n      },\n      {\n        \"StatusCode\": \"voluptate qui\",\n        \"StatusDesc\": \"qui Lorem\",\n        \"Severity\": \"Info\",\n        \"SvcProviderName\": \"eu ex\",\n        \"ServerStatusCode\": \"dolo\",\n        \"ServerStatusDesc\": \"incididunt Ut\",\n        \"OvrdExceptionInd\": false,\n        \"SubjectElement\": [\n          {\n            \"Path\": \"proident sunt ut\",\n            \"ServerPath\": \"enim cupidatat consequat laborum minim\",\n            \"Value\": \"proident laborum voluptate nisi in\"\n          },\n          {\n            \"Path\": \"dolore mollit\",\n            \"ServerPath\": \"eiusmod veniam\",\n            \"Value\": \"in mollit eu esse\"\n          }\n        ]\n      }\n    ]\n  }\n}","cookie":[],"_postman_previewlanguage":"json"},{"id":"86513ed8-41d6-4c34-adef-ae3b903d2bcd","name":"To view the complete list of response codes, <a href=\"../docs/?path=docs/response-codes.md\" title=\"Click to open\">click here.</a>","originalRequest":{"url":{"path":["acctholdservice","stophold","accountHolds"],"host":["{{baseUrl}}"],"query":[],"variable":[]},"header":[{"disabled":false,"description":"(Required) EFX Header is a common and required component for all API calls, it contains client-related parameters. Please note that the header parameters should be sent as a JSON object under the EFXHeader parameter. To view the list of header parameters, <a href=\"../docs?path=docs/api-ref-EFX-header.md\" title=\"Click to open\"> click here.</a>","key":"EFXHeader","value":"OrganizationId,<string>,TrnId,<string>,VendorId,<string>,Context,[object Object]"},{"key":"Accept","value":"application/json"}],"method":"PUT","body":{"mode":"raw","raw":"{\n  \"AcctHoldInfo\": {\n    \"HoldType\": \"<string>\",\n    \"CurAmt\": {\n      \"Amt\": \"<number>\",\n      \"CurCode\": {\n        \"CurCodeValue\": \"<string>\",\n        \"CurCodeType\": \"<string>\"\n      }\n    },\n    \"HoldReasonCode\": \"<string>\",\n    \"ExpDt\": \"<date>\",\n    \"WaiveFeeInd\": \"<boolean>\"\n  },\n  \"AcctHoldKeys\": {\n    \"AcctKeys\": {\n      \"AcctId\": \"<string>\",\n      \"AcctType\": \"<string>\"\n    },\n    \"HoldType\": \"<string>\",\n    \"AcctHoldIdent\": \"<string>\",\n    \"ExpDt\": \"<date>\"\n  }\n}","options":{"raw":{"language":"json"}}}},"status":"Internal Server Error","code":500,"header":[{"key":"Content-Type","value":"application/json"}],"body":"{\n  \"AcctHoldStatusRec\": {\n    \"AcctHoldKeys\": {\n      \"AcctKeys\": {\n        \"AcctId\": \"dolor amet in fugiat eiusmod\",\n        \"AcctType\": \"DDA\"\n      },\n      \"HoldType\": \"Caution\",\n      \"AcctHoldIdent\": \"incididunt pro\",\n      \"ExpDt\": \"1944-07-17\"\n    },\n    \"AcctHoldStatus\": {\n      \"AcctHoldStatusCode\": \"Valid\",\n      \"EffDt\": \"7729-67-22T27:25:17-93:22\"\n    }\n  },\n  \"Status\": {\n    \"Severity\": \"Error\",\n    \"StatusCode\": \"dolore\",\n    \"StatusDesc\": \"do id dolor irure sint\",\n    \"SvcProviderName\": \"pariatur et sunt Ut\",\n    \"Id\": \"cul\",\n    \"ServerStatusCode\": \"dolo\",\n    \"ServerStatusDesc\": \"deserunt sunt Ut consequat\",\n    \"OvrdExceptionInd\": false,\n    \"SubjectRole\": \"cupidatat ullamco\",\n    \"SubjectElement\": [\n      {\n        \"Path\": \"sed Ut\",\n        \"ServerPath\": \"consequat adipisicing ut cillum aute\",\n        \"Value\": \"nisi velit laborum\"\n      },\n      {\n        \"Path\": \"cupidatat ut\",\n        \"ServerPath\": \"culpa quis in\",\n        \"Value\": \"in sunt\"\n      }\n    ],\n    \"ContentHTML\": \"incididunt irure eiusmod in\",\n    \"AdditionalStatus\": [\n      {\n        \"StatusCode\": \"in laborum Lorem inc\",\n        \"StatusDesc\": \"et dolor Ut id elit\",\n        \"Severity\": \"Info\",\n        \"SvcProviderName\": \"enim\",\n        \"ServerStatusCode\": \"exercitation ad oc\",\n        \"ServerStatusDesc\": \"proident fugiat sunt\",\n        \"OvrdExceptionInd\": true,\n        \"SubjectElement\": [\n          {\n            \"Path\": \"in qui\",\n            \"ServerPath\": \"irure Excepteur laboris\",\n            \"Value\": \"sint dolore dolor amet\"\n          },\n          {\n            \"Path\": \"eiusmod\",\n            \"ServerPath\": \"aliqua\",\n            \"Value\": \"do eu\"\n          }\n        ]\n      },\n      {\n        \"StatusCode\": \"ex\",\n        \"StatusDesc\": \"aute eu\",\n        \"Severity\": \"Warning\",\n        \"SvcProviderName\": \"proident reprehenderit laborum culpa\",\n        \"ServerStatusCode\": \"\",\n        \"ServerStatusDesc\": \"consequat aliqua\",\n        \"OvrdExceptionInd\": false,\n        \"SubjectElement\": [\n          {\n            \"Path\": \"id ut sit\",\n            \"ServerPath\": \"fugiat exercitation deserunt minim\",\n            \"Value\": \"consectetur\"\n          },\n          {\n            \"Path\": \"tempor Lorem aute dolore non\",\n            \"ServerPath\": \"Duis est\",\n            \"Value\": \"enim\"\n          }\n        ]\n      }\n    ]\n  }\n}","cookie":[],"_postman_previewlanguage":"json"}],"event":[],"protocolProfileBehavior":{"disableBodyPruning":true}},{"id":"d0f6f7c3-b592-43d8-9053-901d646607ee","name":"Add Account Hold.","request":{"name":"Add Account Hold.","description":{"content":"Adds a restriction on an accountholder’s ability to transfer or withdraw funds from their account. Generally, a bank or similar authority places hold to transfer or withdraw funds form the account when:\n          <ul> <li>  Account balance act as a guarantee or collateral</li>\n          <li>Tax authorities or court places hold on such balance</li>\n          <li>Cheque amount is substantial and suspicious </li></ul>\n          <br>\n          For more information about the Transactions domain, <a href=\"../docs/?path=docs/fintechs/transactions.md\" title=\"Click to open\">click here.</a> <br><br>\n        <b>Relates to:</b>\n            <ul> \n              <li><a href=\"./docs/?path=docs/banks-and-CU/deposits.md\" title=\"Click to open\">Deposits</a></li>\n              <li><a href=\"../docs/?path=docs/banks-and-CU/bank-servicing.md\" title=\"Click to open\">Bank Servicing</a></li>\n            </ul>","type":"text/plain"},"url":{"path":["acctholdservice","stophold","accountHolds"],"host":["{{baseUrl}}"],"query":[],"variable":[]},"header":[{"disabled":false,"description":"(Required) EFX Header is a common and required component for all API calls, it contains client-related parameters. Please note that the header parameters should be sent as a JSON object under the EFXHeader parameter. To view the list of header parameters, <a href=\"../docs?path=docs/api-ref-EFX-header.md\" title=\"Click to open\"> click here.</a>","key":"EFXHeader","value":"OrganizationId,<string>,TrnId,<string>,VendorId,<string>,Context,[object Object]"},{"key":"Content-Type","value":"application/json"},{"key":"Accept","value":"application/json"}],"method":"POST","auth":null,"body":{"mode":"raw","raw":"{\n  \"AcctHoldInfo\": {\n    \"AcctRef\": {\n      \"AcctKeys\": {\n        \"AcctId\": \"<string>\",\n        \"AcctType\": \"<string>\"\n      }\n    },\n    \"HoldType\": \"<string>\",\n    \"CurAmt\": {\n      \"Amt\": \"<number>\",\n      \"CurCode\": {\n        \"CurCodeValue\": \"<string>\",\n        \"CurCodeType\": \"<string>\"\n      }\n    },\n    \"HoldReasonCode\": \"<string>\",\n    \"ExpDt\": \"<date>\",\n    \"WaiveFeeInd\": \"<boolean>\"\n  }\n}","options":{"raw":{"language":"json"}}}},"response":[{"id":"9946a4f9-fd50-453b-b027-5d395b6e8a93","name":"Created","originalRequest":{"url":{"path":["acctholdservice","stophold","accountHolds"],"host":["{{baseUrl}}"],"query":[],"variable":[]},"header":[{"disabled":false,"description":"(Required) EFX Header is a common and required component for all API calls, it contains client-related parameters. Please note that the header parameters should be sent as a JSON object under the EFXHeader parameter. To view the list of header parameters, <a href=\"../docs?path=docs/api-ref-EFX-header.md\" title=\"Click to open\"> click here.</a>","key":"EFXHeader","value":"OrganizationId,<string>,TrnId,<string>,VendorId,<string>,Context,[object Object]"},{"key":"Accept","value":"application/json"}],"method":"POST","body":{"mode":"raw","raw":"{\n  \"AcctHoldInfo\": {\n    \"AcctRef\": {\n      \"AcctKeys\": {\n        \"AcctId\": \"<string>\",\n        \"AcctType\": \"<string>\"\n      }\n    },\n    \"HoldType\": \"<string>\",\n    \"CurAmt\": {\n      \"Amt\": \"<number>\",\n      \"CurCode\": {\n        \"CurCodeValue\": \"<string>\",\n        \"CurCodeType\": \"<string>\"\n      }\n    },\n    \"HoldReasonCode\": \"<string>\",\n    \"ExpDt\": \"<date>\",\n    \"WaiveFeeInd\": \"<boolean>\"\n  }\n}","options":{"raw":{"language":"json"}}}},"status":"Created","code":201,"header":[{"key":"Content-Type","value":"application/json"}],"body":"{\n  \"AcctHoldStatusRec\": {\n    \"AcctHoldStatus\": {\n      \"AcctHoldStatusCode\": \"Valid\",\n      \"EffDt\": \"7241-35-12\"\n    }\n  },\n  \"Status\": {\n    \"Severity\": \"Warning\",\n    \"StatusCode\": \"anim tempor magn\",\n    \"StatusDesc\": \"consequat\",\n    \"SvcProviderName\": \"aliquip in velit\",\n    \"Id\": \"proident dolor\",\n    \"ServerStatusCode\": \"ipsum Lorem nostrud\",\n    \"ServerStatusDesc\": \"id\",\n    \"OvrdExceptionInd\": false,\n    \"SubjectRole\": \"nulla\",\n    \"SubjectElement\": [\n      {\n        \"Path\": \"in nisi officia reprehenderit quis\",\n        \"ServerPath\": \"dolor quis lab\",\n        \"Value\": \"do sit laborum \"\n      },\n      {\n        \"Path\": \"ullamco velit est deserunt ex\",\n        \"ServerPath\": \"ad adipisicing magna dolore\",\n        \"Value\": \"ad ex\"\n      }\n    ],\n    \"ContentHTML\": \"tempor sit dolor\",\n    \"AdditionalStatus\": [\n      {\n        \"StatusCode\": \"conseq\",\n        \"StatusDesc\": \"adipisicing aute eu\",\n        \"Severity\": \"Info\",\n        \"SvcProviderName\": \"proident nisi\",\n        \"ServerStatusCode\": \"i\",\n        \"ServerStatusDesc\": \"anim\",\n        \"OvrdExceptionInd\": true,\n        \"SubjectElement\": [\n          {\n            \"Path\": \"cu\",\n            \"ServerPath\": \"aute deserunt Duis\",\n            \"Value\": \"proident laboris culpa\"\n          },\n          {\n            \"Path\": \"ea anim pariatur\",\n            \"ServerPath\": \"Lorem Duis et veniam\",\n            \"Value\": \"ex ad\"\n          }\n        ]\n      },\n      {\n        \"StatusCode\": \"pariat\",\n        \"StatusDesc\": \"officia sunt sed\",\n        \"Severity\": \"Info\",\n        \"SvcProviderName\": \"et reprehenderit in dolor\",\n        \"ServerStatusCode\": \"Duis quis\",\n        \"ServerStatusDesc\": \"laboris cillum\",\n        \"OvrdExceptionInd\": false,\n        \"SubjectElement\": [\n          {\n            \"Path\": \"in sed\",\n            \"ServerPath\": \"et incididunt\",\n            \"Value\": \"veniam pariatur fugiat Lorem in\"\n          },\n          {\n            \"Path\": \"\",\n            \"ServerPath\": \"tempor aliquip qui no\",\n            \"Value\": \"esse voluptate\"\n          }\n        ]\n      }\n    ]\n  }\n}","cookie":[],"_postman_previewlanguage":"json"},{"id":"6d30dfb2-7228-4b3a-87c6-d9040285627f","name":"To view the complete list of response codes, <a href=\"../docs/?path=docs/response-codes.md\" title=\"Click to open\">click here.</a>","originalRequest":{"url":{"path":["acctholdservice","stophold","accountHolds"],"host":["{{baseUrl}}"],"query":[],"variable":[]},"header":[{"disabled":false,"description":"(Required) EFX Header is a common and required component for all API calls, it contains client-related parameters. Please note that the header parameters should be sent as a JSON object under the EFXHeader parameter. To view the list of header parameters, <a href=\"../docs?path=docs/api-ref-EFX-header.md\" title=\"Click to open\"> click here.</a>","key":"EFXHeader","value":"OrganizationId,<string>,TrnId,<string>,VendorId,<string>,Context,[object Object]"},{"key":"Accept","value":"application/json"}],"method":"POST","body":{"mode":"raw","raw":"{\n  \"AcctHoldInfo\": {\n    \"AcctRef\": {\n      \"AcctKeys\": {\n        \"AcctId\": \"<string>\",\n        \"AcctType\": \"<string>\"\n      }\n    },\n    \"HoldType\": \"<string>\",\n    \"CurAmt\": {\n      \"Amt\": \"<number>\",\n      \"CurCode\": {\n        \"CurCodeValue\": \"<string>\",\n        \"CurCodeType\": \"<string>\"\n      }\n    },\n    \"HoldReasonCode\": \"<string>\",\n    \"ExpDt\": \"<date>\",\n    \"WaiveFeeInd\": \"<boolean>\"\n  }\n}","options":{"raw":{"language":"json"}}}},"status":"Internal Server Error","code":500,"header":[{"key":"Content-Type","value":"application/json"}],"body":"{\n  \"AcctHoldStatusRec\": {\n    \"AcctHoldStatus\": {\n      \"AcctHoldStatusCode\": \"Valid\",\n      \"EffDt\": \"7241-35-12\"\n    }\n  },\n  \"Status\": {\n    \"Severity\": \"Warning\",\n    \"StatusCode\": \"anim tempor magn\",\n    \"StatusDesc\": \"consequat\",\n    \"SvcProviderName\": \"aliquip in velit\",\n    \"Id\": \"proident dolor\",\n    \"ServerStatusCode\": \"ipsum Lorem nostrud\",\n    \"ServerStatusDesc\": \"id\",\n    \"OvrdExceptionInd\": false,\n    \"SubjectRole\": \"nulla\",\n    \"SubjectElement\": [\n      {\n        \"Path\": \"in nisi officia reprehenderit quis\",\n        \"ServerPath\": \"dolor quis lab\",\n        \"Value\": \"do sit laborum \"\n      },\n      {\n        \"Path\": \"ullamco velit est deserunt ex\",\n        \"ServerPath\": \"ad adipisicing magna dolore\",\n        \"Value\": \"ad ex\"\n      }\n    ],\n    \"ContentHTML\": \"tempor sit dolor\",\n    \"AdditionalStatus\": [\n      {\n        \"StatusCode\": \"conseq\",\n        \"StatusDesc\": \"adipisicing aute eu\",\n        \"Severity\": \"Info\",\n        \"SvcProviderName\": \"proident nisi\",\n        \"ServerStatusCode\": \"i\",\n        \"ServerStatusDesc\": \"anim\",\n        \"OvrdExceptionInd\": true,\n        \"SubjectElement\": [\n          {\n            \"Path\": \"cu\",\n            \"ServerPath\": \"aute deserunt Duis\",\n            \"Value\": \"proident laboris culpa\"\n          },\n          {\n            \"Path\": \"ea anim pariatur\",\n            \"ServerPath\": \"Lorem Duis et veniam\",\n            \"Value\": \"ex ad\"\n          }\n        ]\n      },\n      {\n        \"StatusCode\": \"pariat\",\n        \"StatusDesc\": \"officia sunt sed\",\n        \"Severity\": \"Info\",\n        \"SvcProviderName\": \"et reprehenderit in dolor\",\n        \"ServerStatusCode\": \"Duis quis\",\n        \"ServerStatusDesc\": \"laboris cillum\",\n        \"OvrdExceptionInd\": false,\n        \"SubjectElement\": [\n          {\n            \"Path\": \"in sed\",\n            \"ServerPath\": \"et incididunt\",\n            \"Value\": \"veniam pariatur fugiat Lorem in\"\n          },\n          {\n            \"Path\": \"\",\n            \"ServerPath\": \"tempor aliquip qui no\",\n            \"Value\": \"esse voluptate\"\n          }\n        ]\n      }\n    ]\n  }\n}","cookie":[],"_postman_previewlanguage":"json"}],"event":[],"protocolProfileBehavior":{"disableBodyPruning":true}},{"id":"ddd7335f-bf5c-4040-8dd9-f2d37419edc3","name":"secured","item":[{"id":"b8a93f5c-a7c7-42b1-ad2f-814d1c4f99ac","name":"Delete Account Hold.","request":{"name":"Delete Account Hold.","description":{"content":"Deletes the hold placed on an account.\n        <br>\n        For more information about the Transactions domain, <a href=\"../docs/?path=docs/fintechs/transactions.md\" title=\"Click to open\">click here.</a> <br><br>\n        <b>Relates to:</b>\n            <ul> \n              <li><a href=\"../docs/?path=docs/banks-and-CU/deposits.md\" title=\"Click to open\">Deposits</a></li>\n              <li><a href=\"../docs/?path=docs/banks-and-CU/bank-servicing.md\" title=\"Click to open\">Bank Servicing</a></li>\n            </ul>","type":"text/plain"},"url":{"path":["acctholdservice","stophold","accountHolds","secured"],"host":["{{baseUrl}}"],"query":[],"variable":[]},"header":[{"disabled":false,"description":"(Required) EFX Header is a common and required component for all API calls, it contains client-related parameters. Please note that the header parameters should be sent as a JSON object under the EFXHeader parameter. To view the list of header parameters, <a href=\"../docs?path=docs/api-ref-EFX-header.md\" title=\"Click to open\"> click here.</a>","key":"EFXHeader","value":"OrganizationId,<string>,TrnId,<string>,VendorId,<string>,Context,[object Object]"},{"key":"Content-Type","value":"application/json"},{"key":"Accept","value":"application/json"}],"method":"PUT","auth":null,"body":{"mode":"raw","raw":"{\n  \"AcctHoldKeys\": {\n    \"AcctKeys\": {\n      \"AcctId\": \"<string>\",\n      \"AcctType\": \"<string>\"\n    },\n    \"AcctHoldIdent\": \"<string>\"\n  }\n}","options":{"raw":{"language":"json"}}}},"response":[{"id":"e9b4663c-85ec-42c6-a730-5a0d8b0098fa","name":"Success","originalRequest":{"url":{"path":["acctholdservice","stophold","accountHolds","secured"],"host":["{{baseUrl}}"],"query":[],"variable":[]},"header":[{"disabled":false,"description":"(Required) EFX Header is a common and required component for all API calls, it contains client-related parameters. Please note that the header parameters should be sent as a JSON object under the EFXHeader parameter. To view the list of header parameters, <a href=\"../docs?path=docs/api-ref-EFX-header.md\" title=\"Click to open\"> click here.</a>","key":"EFXHeader","value":"OrganizationId,<string>,TrnId,<string>,VendorId,<string>,Context,[object Object]"},{"key":"Accept","value":"application/json"}],"method":"PUT","body":{"mode":"raw","raw":"{\n  \"AcctHoldKeys\": {\n    \"AcctKeys\": {\n      \"AcctId\": \"<string>\",\n      \"AcctType\": \"<string>\"\n    },\n    \"AcctHoldIdent\": \"<string>\"\n  }\n}","options":{"raw":{"language":"json"}}}},"status":"OK","code":200,"header":[{"key":"Content-Type","value":"application/json"}],"body":"{\n  \"AcctHoldStatusRec\": {\n    \"AcctHoldStatus\": {\n      \"AcctHoldStatusCode\": \"Deleted\",\n      \"EffDt\": \"5702-48-40\"\n    }\n  },\n  \"Status\": {\n    \"Severity\": \"Warning\",\n    \"StatusCode\": \"aliquip Lorem sin\",\n    \"StatusDesc\": \"nisi dolore quis ut\",\n    \"SvcProviderName\": \"exercitation officia laborum\",\n    \"Id\": \"tempor Lorem dolore\",\n    \"ServerStatusCode\": \"cupidatat velit\",\n    \"ServerStatusDesc\": \"in Excepteur\",\n    \"OvrdExceptionInd\": false,\n    \"SubjectRole\": \"Lorem esse adipisicing id\",\n    \"SubjectElement\": [\n      {\n        \"Path\": \"laborum eiusmod dolor\",\n        \"ServerPath\": \"Ut et commodo quis\",\n        \"Value\": \"est sint sunt do\"\n      },\n      {\n        \"Path\": \"dolore pariatur voluptate est\",\n        \"ServerPath\": \"elit\",\n        \"Value\": \"aliquip ut\"\n      }\n    ],\n    \"ContentHTML\": \"esse aute\",\n    \"AdditionalStatus\": [\n      {\n        \"StatusCode\": \"Duis quis in\",\n        \"StatusDesc\": \"tempor aute sint exercitation nulla\",\n        \"Severity\": \"Info\",\n        \"SvcProviderName\": \"incididunt in\",\n        \"ServerStatusCode\": \"magna nostrud \",\n        \"ServerStatusDesc\": \"elit eu veniam ipsum\",\n        \"OvrdExceptionInd\": false,\n        \"SubjectElement\": [\n          {\n            \"Path\": \"amet\",\n            \"ServerPath\": \"ad cillum est\",\n            \"Value\": \"ea dolore aute labore\"\n          },\n          {\n            \"Path\": \"qui tempor exercitation\",\n            \"ServerPath\": \"eu cupidatat laboris\",\n            \"Value\": \"qui c\"\n          }\n        ]\n      },\n      {\n        \"StatusCode\": \"quis\",\n        \"StatusDesc\": \"et sed\",\n        \"Severity\": \"Warning\",\n        \"SvcProviderName\": \"Ut Lorem Excepteur dolor velit\",\n        \"ServerStatusCode\": \"sunt mollit ad\",\n        \"ServerStatusDesc\": \"ea sed est elit\",\n        \"OvrdExceptionInd\": true,\n        \"SubjectElement\": [\n          {\n            \"Path\": \"in sunt qui ipsum ut\",\n            \"ServerPath\": \"non ullamco esse fugiat\",\n            \"Value\": \"aute cillum id\"\n          },\n          {\n            \"Path\": \"nulla occaecat in sed\",\n            \"ServerPath\": \"sunt\",\n            \"Value\": \"tempor amet in in\"\n          }\n        ]\n      }\n    ]\n  }\n}","cookie":[],"_postman_previewlanguage":"json"},{"id":"59ab0a2c-b368-4e18-8866-b52cc45bef41","name":"To view the complete list of response codes, <a href=\"../docs/?path=docs/response-codes.md\" title=\"Click to open\">click here.</a>","originalRequest":{"url":{"path":["acctholdservice","stophold","accountHolds","secured"],"host":["{{baseUrl}}"],"query":[],"variable":[]},"header":[{"disabled":false,"description":"(Required) EFX Header is a common and required component for all API calls, it contains client-related parameters. Please note that the header parameters should be sent as a JSON object under the EFXHeader parameter. To view the list of header parameters, <a href=\"../docs?path=docs/api-ref-EFX-header.md\" title=\"Click to open\"> click here.</a>","key":"EFXHeader","value":"OrganizationId,<string>,TrnId,<string>,VendorId,<string>,Context,[object Object]"},{"key":"Accept","value":"application/json"}],"method":"PUT","body":{"mode":"raw","raw":"{\n  \"AcctHoldKeys\": {\n    \"AcctKeys\": {\n      \"AcctId\": \"<string>\",\n      \"AcctType\": \"<string>\"\n    },\n    \"AcctHoldIdent\": \"<string>\"\n  }\n}","options":{"raw":{"language":"json"}}}},"status":"Internal Server Error","code":500,"header":[{"key":"Content-Type","value":"application/json"}],"body":"{\n  \"AcctHoldStatusRec\": {\n    \"AcctHoldStatus\": {\n      \"AcctHoldStatusCode\": \"Deleted\",\n      \"EffDt\": \"5702-48-40\"\n    }\n  },\n  \"Status\": {\n    \"Severity\": \"Warning\",\n    \"StatusCode\": \"aliquip Lorem sin\",\n    \"StatusDesc\": \"nisi dolore quis ut\",\n    \"SvcProviderName\": \"exercitation officia laborum\",\n    \"Id\": \"tempor Lorem dolore\",\n    \"ServerStatusCode\": \"cupidatat velit\",\n    \"ServerStatusDesc\": \"in Excepteur\",\n    \"OvrdExceptionInd\": false,\n    \"SubjectRole\": \"Lorem esse adipisicing id\",\n    \"SubjectElement\": [\n      {\n        \"Path\": \"laborum eiusmod dolor\",\n        \"ServerPath\": \"Ut et commodo quis\",\n        \"Value\": \"est sint sunt do\"\n      },\n      {\n        \"Path\": \"dolore pariatur voluptate est\",\n        \"ServerPath\": \"elit\",\n        \"Value\": \"aliquip ut\"\n      }\n    ],\n    \"ContentHTML\": \"esse aute\",\n    \"AdditionalStatus\": [\n      {\n        \"StatusCode\": \"Duis quis in\",\n        \"StatusDesc\": \"tempor aute sint exercitation nulla\",\n        \"Severity\": \"Info\",\n        \"SvcProviderName\": \"incididunt in\",\n        \"ServerStatusCode\": \"magna nostrud \",\n        \"ServerStatusDesc\": \"elit eu veniam ipsum\",\n        \"OvrdExceptionInd\": false,\n        \"SubjectElement\": [\n          {\n            \"Path\": \"amet\",\n            \"ServerPath\": \"ad cillum est\",\n            \"Value\": \"ea dolore aute labore\"\n          },\n          {\n            \"Path\": \"qui tempor exercitation\",\n            \"ServerPath\": \"eu cupidatat laboris\",\n            \"Value\": \"qui c\"\n          }\n        ]\n      },\n      {\n        \"StatusCode\": \"quis\",\n        \"StatusDesc\": \"et sed\",\n        \"Severity\": \"Warning\",\n        \"SvcProviderName\": \"Ut Lorem Excepteur dolor velit\",\n        \"ServerStatusCode\": \"sunt mollit ad\",\n        \"ServerStatusDesc\": \"ea sed est elit\",\n        \"OvrdExceptionInd\": true,\n        \"SubjectElement\": [\n          {\n            \"Path\": \"in sunt qui ipsum ut\",\n            \"ServerPath\": \"non ullamco esse fugiat\",\n            \"Value\": \"aute cillum id\"\n          },\n          {\n            \"Path\": \"nulla occaecat in sed\",\n            \"ServerPath\": \"sunt\",\n            \"Value\": \"tempor amet in in\"\n          }\n        ]\n      }\n    ]\n  }\n}","cookie":[],"_postman_previewlanguage":"json"}],"event":[],"protocolProfileBehavior":{"disableBodyPruning":true}},{"id":"42ba3cde-3996-4cf7-9beb-f465c9db2cbf","name":"Get Account Hold.","request":{"name":"Get Account Hold.","description":{"content":"Retrieves detailed information of holds that are placed on Checking, Savings or CD Account. <br><br>\n        For more information about the Transactions domain, <a href=\"../docs/?path=docs/fintechs/transactions.md\" title=\"Click to open\">click here.</a> <br><br>\n        <b>Relates to:</b>\n          <ul> \n            <li><a href=\"../docs/?path=docs/banks-and-CU/deposits.md\" title=\"Click to open\">Deposits</a></li>\n            <li><a href=\"../docs/?path=docs/banks-and-CU/bank-servicing.md\" title=\"Click to open\">Bank Servicing</a></li>\n            <li><a href=\"../docs/?path=docs/banks-and-CU/riskMgt.md\" title=\"Click to open\">Risk and Performance Management</a></li>\n          </ul>","type":"text/plain"},"url":{"path":["acctholdservice","stophold","accountHolds","secured"],"host":["{{baseUrl}}"],"query":[],"variable":[]},"header":[{"disabled":false,"description":"(Required) EFX Header is a common and required component for all API calls, it contains client-related parameters. Please note that the header parameters should be sent as a JSON object under the EFXHeader parameter. To view the list of header parameters, <a href=\"../docs?path=docs/api-ref-EFX-header.md\" title=\"Click to open\"> click here.</a>","key":"EFXHeader","value":"OrganizationId,<string>,TrnId,<string>,VendorId,<string>,Context,[object Object]"},{"key":"Content-Type","value":"application/json"},{"key":"Accept","value":"application/json"}],"method":"POST","auth":null,"body":{"mode":"raw","raw":"{\n  \"RecCtrlIn\": {\n    \"MaxRecLimit\": \"<long>\",\n    \"Cursor\": \"<string>\"\n  },\n  \"AcctHoldSel\": {\n    \"AcctHoldKeys\": {\n      \"AcctKeys\": {\n        \"AcctId\": \"<string>\",\n        \"AcctType\": \"<string>\"\n      },\n      \"HoldType\": \"<string>\",\n      \"AcctHoldIdent\": \"<string>\"\n    }\n  }\n}","options":{"raw":{"language":"json"}}}},"response":[{"id":"730139bc-8c13-457a-9db0-021382de567b","name":"Success","originalRequest":{"url":{"path":["acctholdservice","stophold","accountHolds","secured"],"host":["{{baseUrl}}"],"query":[],"variable":[]},"header":[{"disabled":false,"description":"(Required) EFX Header is a common and required component for all API calls, it contains client-related parameters. Please note that the header parameters should be sent as a JSON object under the EFXHeader parameter. To view the list of header parameters, <a href=\"../docs?path=docs/api-ref-EFX-header.md\" title=\"Click to open\"> click here.</a>","key":"EFXHeader","value":"OrganizationId,<string>,TrnId,<string>,VendorId,<string>,Context,[object Object]"},{"key":"Accept","value":"application/json"}],"method":"POST","body":{"mode":"raw","raw":"{\n  \"RecCtrlIn\": {\n    \"MaxRecLimit\": \"<long>\",\n    \"Cursor\": \"<string>\"\n  },\n  \"AcctHoldSel\": {\n    \"AcctHoldKeys\": {\n      \"AcctKeys\": {\n        \"AcctId\": \"<string>\",\n        \"AcctType\": \"<string>\"\n      },\n      \"HoldType\": \"<string>\",\n      \"AcctHoldIdent\": \"<string>\"\n    }\n  }\n}","options":{"raw":{"language":"json"}}}},"status":"OK","code":200,"header":[{"key":"Content-Type","value":"application/json"}],"body":"{\n  \"AcctHoldRec\": [\n    {\n      \"AcctHoldInfo\": {\n        \"HoldType\": \"Caution\",\n        \"CurAmt\": {\n          \"Amt\": -77006835.2386422,\n          \"CurCode\": {\n            \"CurCodeValue\": {\n              \"value\": \"<Error: Too many levels of nesting to fake this schema>\"\n            },\n            \"CurCodeType\": {\n              \"value\": \"<Error: Too many levels of nesting to fake this schema>\"\n            }\n          }\n        },\n        \"HoldReasonCode\": \"irure laborum cupidatat eu\",\n        \"ExpDt\": \"2001-10-23\",\n        \"WaiveFeeInd\": false,\n        \"RestrictedInd\": false\n      },\n      \"AcctHoldStatus\": {\n        \"AcctHoldStatusCode\": \"Valid\",\n        \"EffDt\": \"1080-30-76T64:14\"\n      }\n    },\n    {\n      \"AcctHoldInfo\": {\n        \"HoldType\": \"Caution\",\n        \"CurAmt\": {\n          \"Amt\": 54609169.23040897,\n          \"CurCode\": {\n            \"CurCodeValue\": {\n              \"value\": \"<Error: Too many levels of nesting to fake this schema>\"\n            },\n            \"CurCodeType\": {\n              \"value\": \"<Error: Too many levels of nesting to fake this schema>\"\n            }\n          }\n        },\n        \"HoldReasonCode\": \"do aliquip sit\",\n        \"ExpDt\": \"1990-10-31\",\n        \"WaiveFeeInd\": true,\n        \"RestrictedInd\": true\n      },\n      \"AcctHoldStatus\": {\n        \"AcctHoldStatusCode\": \"Valid\",\n        \"EffDt\": \"3606-95-39T33:77:77.149\"\n      }\n    }\n  ],\n  \"Status\": {\n    \"Severity\": \"Warning\",\n    \"StatusCode\": \"sunt magna\",\n    \"StatusDesc\": \"sed eiusmod ex\",\n    \"SvcProviderName\": \"do occaecat ut\",\n    \"Id\": \"commodo Ut velit\",\n    \"ServerStatusCode\": \"in in\",\n    \"ServerStatusDesc\": \"cillum ea ex Excepteur\",\n    \"OvrdExceptionInd\": true,\n    \"SubjectRole\": \"non ipsum dolor cupidatat\",\n    \"SubjectElement\": [\n      {\n        \"Path\": \"do culpa in\",\n        \"ServerPath\": \"sed et Ut in laboris\",\n        \"Value\": \"occaecat in\"\n      },\n      {\n        \"Path\": \"adipisicing do nulla ut ad\",\n        \"ServerPath\": \"dolor dolore\",\n        \"Value\": \"amet dolor laboris Ut\"\n      }\n    ],\n    \"ContentHTML\": \"amet exercitation\",\n    \"AdditionalStatus\": [\n      {\n        \"StatusCode\": \"aliquip Lorem non\",\n        \"StatusDesc\": \"minim fugiat do\",\n        \"Severity\": \"Error\",\n        \"SvcProviderName\": \"laboris ad sit Lore\",\n        \"ServerStatusCode\": \"adipisicing \",\n        \"ServerStatusDesc\": \"ex eu\",\n        \"OvrdExceptionInd\": false,\n        \"SubjectElement\": [\n          {\n            \"Path\": \"deserunt aliquip tempor\",\n            \"ServerPath\": \"eu esse aliquip minim magna\",\n            \"Value\": \"enim ut nulla\"\n          },\n          {\n            \"Path\": \"deserunt cupidatat ea\",\n            \"ServerPath\": \"incididunt elit irure\",\n            \"Value\": \"est dolor voluptate culpa\"\n          }\n        ]\n      },\n      {\n        \"StatusCode\": \"labore\",\n        \"StatusDesc\": \"occaecat labore et\",\n        \"Severity\": \"Info\",\n        \"SvcProviderName\": \"et ex mollit amet commodo\",\n        \"ServerStatusCode\": \"dolor \",\n        \"ServerStatusDesc\": \"dolor nisi\",\n        \"OvrdExceptionInd\": false,\n        \"SubjectElement\": [\n          {\n            \"Path\": \"dolore Excepteur consectetur ad\",\n            \"ServerPath\": \"commodo\",\n            \"Value\": \"incididunt laborum consectetur\"\n          },\n          {\n            \"Path\": \"dolore enim non qui\",\n            \"ServerPath\": \"Duis nulla incididunt ut\",\n            \"Value\": \"Ut magna\"\n          }\n        ]\n      }\n    ]\n  },\n  \"RecCtrlOut\": {\n    \"SentRecCount\": 48061584,\n    \"MatchedRecCount\": -79507053,\n    \"Cursor\": \"id in\"\n  }\n}","cookie":[],"_postman_previewlanguage":"json"},{"id":"59b3be7e-b16e-4c99-b0e4-69ef44e75cae","name":"To view the complete list of response codes, <a href=\"../docs/?path=docs/response-codes.md\" title=\"Click to open\">click here.</a>","originalRequest":{"url":{"path":["acctholdservice","stophold","accountHolds","secured"],"host":["{{baseUrl}}"],"query":[],"variable":[]},"header":[{"disabled":false,"description":"(Required) EFX Header is a common and required component for all API calls, it contains client-related parameters. Please note that the header parameters should be sent as a JSON object under the EFXHeader parameter. To view the list of header parameters, <a href=\"../docs?path=docs/api-ref-EFX-header.md\" title=\"Click to open\"> click here.</a>","key":"EFXHeader","value":"OrganizationId,<string>,TrnId,<string>,VendorId,<string>,Context,[object Object]"},{"key":"Accept","value":"application/json"}],"method":"POST","body":{"mode":"raw","raw":"{\n  \"RecCtrlIn\": {\n    \"MaxRecLimit\": \"<long>\",\n    \"Cursor\": \"<string>\"\n  },\n  \"AcctHoldSel\": {\n    \"AcctHoldKeys\": {\n      \"AcctKeys\": {\n        \"AcctId\": \"<string>\",\n        \"AcctType\": \"<string>\"\n      },\n      \"HoldType\": \"<string>\",\n      \"AcctHoldIdent\": \"<string>\"\n    }\n  }\n}","options":{"raw":{"language":"json"}}}},"status":"Internal Server Error","code":500,"header":[{"key":"Content-Type","value":"application/json"}],"body":"{\n  \"AcctHoldRec\": [\n    {\n      \"AcctHoldInfo\": {\n        \"HoldType\": \"Caution\",\n        \"CurAmt\": {\n          \"Amt\": 60126574.02736542,\n          \"CurCode\": {\n            \"CurCodeValue\": {\n              \"value\": \"<Error: Too many levels of nesting to fake this schema>\"\n            },\n            \"CurCodeType\": {\n              \"value\": \"<Error: Too many levels of nesting to fake this schema>\"\n            }\n          }\n        },\n        \"HoldReasonCode\": \"culpa\",\n        \"ExpDt\": \"1988-11-05\",\n        \"WaiveFeeInd\": true,\n        \"RestrictedInd\": false\n      },\n      \"AcctHoldStatus\": {\n        \"AcctHoldStatusCode\": \"Valid\",\n        \"EffDt\": \"1573-10-84T67:09:34.908\"\n      }\n    },\n    {\n      \"AcctHoldInfo\": {\n        \"HoldType\": \"Caution\",\n        \"CurAmt\": {\n          \"Amt\": 33787269.864226,\n          \"CurCode\": {\n            \"CurCodeValue\": {\n              \"value\": \"<Error: Too many levels of nesting to fake this schema>\"\n            },\n            \"CurCodeType\": {\n              \"value\": \"<Error: Too many levels of nesting to fake this schema>\"\n            }\n          }\n        },\n        \"HoldReasonCode\": \"in in quis sunt\",\n        \"ExpDt\": \"1979-09-02\",\n        \"WaiveFeeInd\": false,\n        \"RestrictedInd\": false\n      },\n      \"AcctHoldStatus\": {\n        \"AcctHoldStatusCode\": \"Valid\",\n        \"EffDt\": \"6445-79-88T12:35:79-78:62\"\n      }\n    }\n  ],\n  \"Status\": {\n    \"Severity\": \"Info\",\n    \"StatusCode\": \"m\",\n    \"StatusDesc\": \"non fugiat do\",\n    \"SvcProviderName\": \"Excepteur id tempor incididunt\",\n    \"Id\": \"dolor ullamco laboris\",\n    \"ServerStatusCode\": \"in pariatur\",\n    \"ServerStatusDesc\": \"culpa ipsum laboris\",\n    \"OvrdExceptionInd\": true,\n    \"SubjectRole\": \"in consectetur consequat\",\n    \"SubjectElement\": [\n      {\n        \"Path\": \"ad\",\n        \"ServerPath\": \"est cupidatat\",\n        \"Value\": \"sunt ullamco\"\n      },\n      {\n        \"Path\": \"ea Duis aliqua n\",\n        \"ServerPath\": \"ullamco et pariatur\",\n        \"Value\": \"nulla ullamco velit ut\"\n      }\n    ],\n    \"ContentHTML\": \"sit Lorem et sint irure\",\n    \"AdditionalStatus\": [\n      {\n        \"StatusCode\": \"do incididunt\",\n        \"StatusDesc\": \"esse nulla ex exercitation deserunt\",\n        \"Severity\": \"Warning\",\n        \"SvcProviderName\": \"esse amet\",\n        \"ServerStatusCode\": \"qui exercitatio\",\n        \"ServerStatusDesc\": \"nulla aliquip Lorem occ\",\n        \"OvrdExceptionInd\": false,\n        \"SubjectElement\": [\n          {\n            \"Path\": \"ipsum enim do\",\n            \"ServerPath\": \"Excepteur ad ess\",\n            \"Value\": \"Duis qui minim\"\n          },\n          {\n            \"Path\": \"et officia dolor nos\",\n            \"ServerPath\": \"officia tempor nisi fugiat\",\n            \"Value\": \"non\"\n          }\n        ]\n      },\n      {\n        \"StatusCode\": \"in deserunt a\",\n        \"StatusDesc\": \"dolor nulla consequat Lorem\",\n        \"Severity\": \"Error\",\n        \"SvcProviderName\": \"velit reprehenderit\",\n        \"ServerStatusCode\": \"incididun\",\n        \"ServerStatusDesc\": \"nostrud dolor\",\n        \"OvrdExceptionInd\": true,\n        \"SubjectElement\": [\n          {\n            \"Path\": \"esse\",\n            \"ServerPath\": \"eu ut anim exercitation\",\n            \"Value\": \"Excepteur\"\n          },\n          {\n            \"Path\": \"nostrud occaecat\",\n            \"ServerPath\": \"enim\",\n            \"Value\": \"ea\"\n          }\n        ]\n      }\n    ]\n  },\n  \"RecCtrlOut\": {\n    \"SentRecCount\": -68320763,\n    \"MatchedRecCount\": 79174710,\n    \"Cursor\": \"consectetu\"\n  }\n}","cookie":[],"_postman_previewlanguage":"json"}],"event":[],"protocolProfileBehavior":{"disableBodyPruning":true}}],"event":[]}],"event":[]}],"event":[],"variable":[{"type":"string","value":"https://swaggerhub.onefiserv.net/virts/Bank_Sol_Org/AcctHoldService/11.0.0_SIG","key":"baseUrl"}],"info":{"_postman_id":"bae724ca-1ba8-4c12-8f6b-a7c811680779","name":"Account Hold Service","schema":"https://schema.getpostman.com/json/collection/v2.1.0/collection.json","description":{"content":"The account hold service helps to manage and support operations that are related to the holding of funds for a product account. It also restricts the accountholder’s ability to withdraw funds.","type":"text/plain"}}}