{"item":[{"id":"fe33d0f9-f1a0-48f5-be57-76cd73406876","name":"Reverse Credit.","request":{"name":"Reverse Credit.","description":{"content":"Reverses the previously processed credit transaction in an account. This API reverses the effect of CreditAdd transaction.<br>\n        <br>\n        For more information about the Transactions domain, <a href=\"../docs/?path=docs/fintechs/transactions.md\" title=\"Click to open\">click here.</a> <br><br>\n        <b>Relates to:</b>\n          <ul> \n            <li><a href=\"../docs/?path=docs/banks-and-CU/deposits.md\" title=\"Click to open\">Deposits</a></li>\n            <li><a href=\"../docs/?path=docs/banks-and-CU/loans.md\" title=\"Click to open\">Loans</a></li>\n            <li><a href=\"../docs/?path=docs/banks-and-CU/bank-servicing.md\" title=\"Click to open\">Bank Servicing</a></li>\n            <li><a href=\"../docs/?path=docs/banks-and-CU/cash-mgt.md\" title=\"Click to open\">Cash Management</a></li>\n            <li><a href=\"../docs/?path=docs/banks-and-CU/treasury-services.md\" title=\"Click to open\">Treasury Services</a></li>\n          </ul>","type":"text/plain"},"url":{"path":["creditservice","payments","credits"],"host":["{{baseUrl}}"],"query":[],"variable":[]},"header":[{"disabled":false,"description":"(Required) EFX Header is a common and required component for all API calls, it contains client-related parameters. Please note that the header parameters should be sent as a JSON object under the EFXHeader parameter. To view the list of header parameters, <a href=\"../docs?path=docs/api-ref-EFX-header.md\" title=\"Click to open\"> click here.</a>","key":"EFXHeader","value":"OrganizationId,<string>,TrnId,<string>,VendorId,<string>,Context,[object Object]"},{"key":"Content-Type","value":"application/json"},{"key":"Accept","value":"application/json"}],"method":"PUT","auth":null,"body":{"mode":"raw","raw":"{\n  \"CreditInfo\": {\n    \"CompositeCurAmt\": [\n      {\n        \"CurAmt\": {\n          \"Amt\": \"<number>\",\n          \"CurCode\": {\n            \"CurCodeValue\": {\n              \"value\": \"<Error: Too many levels of nesting to fake this schema>\"\n            },\n            \"CurCodeType\": {\n              \"value\": \"<Error: Too many levels of nesting to fake this schema>\"\n            }\n          }\n        }\n      },\n      {\n        \"CurAmt\": {\n          \"Amt\": \"<number>\",\n          \"CurCode\": {\n            \"CurCodeValue\": {\n              \"value\": \"<Error: Too many levels of nesting to fake this schema>\"\n            },\n            \"CurCodeType\": {\n              \"value\": \"<Error: Too many levels of nesting to fake this schema>\"\n            }\n          }\n        }\n      }\n    ],\n    \"CreditType\": \"<string>\"\n  },\n  \"CreditKeys\": {\n    \"AcctKeys\": {\n      \"AcctId\": \"<string>\",\n      \"AcctType\": \"<string>\"\n    }\n  },\n  \"OvrdExceptionData\": {\n    \"OvrdAutoAckInd\": \"<boolean>\"\n  }\n}","options":{"raw":{"language":"json"}}}},"response":[{"id":"1b159652-6493-4b1e-8ee7-d27bdf1e8bee","name":"Success","originalRequest":{"url":{"path":["creditservice","payments","credits"],"host":["{{baseUrl}}"],"query":[],"variable":[]},"header":[{"disabled":false,"description":"(Required) EFX Header is a common and required component for all API calls, it contains client-related parameters. Please note that the header parameters should be sent as a JSON object under the EFXHeader parameter. To view the list of header parameters, <a href=\"../docs?path=docs/api-ref-EFX-header.md\" title=\"Click to open\"> click here.</a>","key":"EFXHeader","value":"OrganizationId,<string>,TrnId,<string>,VendorId,<string>,Context,[object Object]"},{"key":"Accept","value":"application/json"}],"method":"PUT","body":{"mode":"raw","raw":"{\n  \"CreditInfo\": {\n    \"CompositeCurAmt\": [\n      {\n        \"CurAmt\": {\n          \"Amt\": \"<number>\",\n          \"CurCode\": {\n            \"CurCodeValue\": {\n              \"value\": \"<Error: Too many levels of nesting to fake this schema>\"\n            },\n            \"CurCodeType\": {\n              \"value\": \"<Error: Too many levels of nesting to fake this schema>\"\n            }\n          }\n        }\n      },\n      {\n        \"CurAmt\": {\n          \"Amt\": \"<number>\",\n          \"CurCode\": {\n            \"CurCodeValue\": {\n              \"value\": \"<Error: Too many levels of nesting to fake this schema>\"\n            },\n            \"CurCodeType\": {\n              \"value\": \"<Error: Too many levels of nesting to fake this schema>\"\n            }\n          }\n        }\n      }\n    ],\n    \"CreditType\": \"<string>\"\n  },\n  \"CreditKeys\": {\n    \"AcctKeys\": {\n      \"AcctId\": \"<string>\",\n      \"AcctType\": \"<string>\"\n    }\n  },\n  \"OvrdExceptionData\": {\n    \"OvrdAutoAckInd\": \"<boolean>\"\n  }\n}","options":{"raw":{"language":"json"}}}},"status":"OK","code":200,"header":[{"key":"Content-Type","value":"application/json"}],"body":"{\n  \"CreditStatusRec\": {\n    \"CreditStatus\": {\n      \"CreditStatusCode\": \"Reversed\",\n      \"EffDt\": \"9150-24-88\"\n    },\n    \"CreditKeys\": {\n      \"AcctKeys\": {\n        \"AcctId\": \"dolor culpa ci\",\n        \"AcctType\": \"GLA\"\n      }\n    }\n  },\n  \"Status\": {\n    \"Severity\": \"Error\",\n    \"StatusCode\": \"dolor\",\n    \"StatusDesc\": \"et est\",\n    \"SvcProviderName\": \"dolor ex et amet\",\n    \"Id\": \"quis magna officia eiusmod\",\n    \"ServerStatusCode\": \"in irur\",\n    \"ServerStatusDesc\": \"quis incididunt\",\n    \"OvrdExceptionInd\": true,\n    \"SubjectRole\": \"mollit reprehenderit in\",\n    \"SubjectElement\": [\n      {\n        \"Path\": \"anim Ut magna in\",\n        \"ServerPath\": \"exercitation ullamco laboris in\",\n        \"Value\": \"ex\"\n      },\n      {\n        \"Path\": \"in consectetur\",\n        \"ServerPath\": \"voluptate amet\",\n        \"Value\": \"dolore incididunt Ut\"\n      }\n    ],\n    \"ContentHTML\": \"laboris pariatur\",\n    \"AdditionalStatus\": [\n      {\n        \"StatusCode\": \"laboris \",\n        \"StatusDesc\": \"de\",\n        \"Severity\": \"Error\",\n        \"SvcProviderName\": \"tempor Excepteur pariatur in\",\n        \"ServerStatusCode\": \"officia eu\",\n        \"ServerStatusDesc\": \"incididunt officia\",\n        \"OvrdExceptionInd\": true,\n        \"SubjectElement\": [\n          {\n            \"Path\": \"sunt voluptate\",\n            \"ServerPath\": \"pariatur consequat Excepteur commodo ut\",\n            \"Value\": \"velit\"\n          },\n          {\n            \"Path\": \"consectetur incididunt\",\n            \"ServerPath\": \"Excepteur dolor\",\n            \"Value\": \"culpa commodo\"\n          }\n        ]\n      },\n      {\n        \"StatusCode\": \"ad ull\",\n        \"StatusDesc\": \"Duis laboris\",\n        \"Severity\": \"Warning\",\n        \"SvcProviderName\": \"minim\",\n        \"ServerStatusCode\": \"in\",\n        \"ServerStatusDesc\": \"in aliqua laborum ex\",\n        \"OvrdExceptionInd\": true,\n        \"SubjectElement\": [\n          {\n            \"Path\": \"commodo in\",\n            \"ServerPath\": \"et qui cupidatat \",\n            \"Value\": \"cupidatat velit dolor\"\n          },\n          {\n            \"Path\": \"esse sint\",\n            \"ServerPath\": \"velit laborum\",\n            \"Value\": \"magna velit\"\n          }\n        ]\n      }\n    ]\n  },\n  \"Receipt\": {\n    \"TellerIdent\": \"est\",\n    \"TrnAmt\": {\n      \"Amt\": -62038491.554768346\n    },\n    \"AcctBal\": [\n      {\n        \"BalType\": \"Current\",\n        \"CurAmt\": {\n          \"Amt\": -97307209.43273523\n        }\n      },\n      {\n        \"BalType\": \"Current\",\n        \"CurAmt\": {\n          \"Amt\": -91423494.10175274\n        }\n      }\n    ]\n  }\n}","cookie":[],"_postman_previewlanguage":"json"},{"id":"76bdfbe8-797d-4c1e-8640-033185b844a1","name":"To view the complete list of response codes, <a href=\"../docs/?path=docs/response-codes.md\" title=\"Click to open\">click here.</a>","originalRequest":{"url":{"path":["creditservice","payments","credits"],"host":["{{baseUrl}}"],"query":[],"variable":[]},"header":[{"disabled":false,"description":"(Required) EFX Header is a common and required component for all API calls, it contains client-related parameters. Please note that the header parameters should be sent as a JSON object under the EFXHeader parameter. To view the list of header parameters, <a href=\"../docs?path=docs/api-ref-EFX-header.md\" title=\"Click to open\"> click here.</a>","key":"EFXHeader","value":"OrganizationId,<string>,TrnId,<string>,VendorId,<string>,Context,[object Object]"},{"key":"Accept","value":"application/json"}],"method":"PUT","body":{"mode":"raw","raw":"{\n  \"CreditInfo\": {\n    \"CompositeCurAmt\": [\n      {\n        \"CurAmt\": {\n          \"Amt\": \"<number>\",\n          \"CurCode\": {\n            \"CurCodeValue\": {\n              \"value\": \"<Error: Too many levels of nesting to fake this schema>\"\n            },\n            \"CurCodeType\": {\n              \"value\": \"<Error: Too many levels of nesting to fake this schema>\"\n            }\n          }\n        }\n      },\n      {\n        \"CurAmt\": {\n          \"Amt\": \"<number>\",\n          \"CurCode\": {\n            \"CurCodeValue\": {\n              \"value\": \"<Error: Too many levels of nesting to fake this schema>\"\n            },\n            \"CurCodeType\": {\n              \"value\": \"<Error: Too many levels of nesting to fake this schema>\"\n            }\n          }\n        }\n      }\n    ],\n    \"CreditType\": \"<string>\"\n  },\n  \"CreditKeys\": {\n    \"AcctKeys\": {\n      \"AcctId\": \"<string>\",\n      \"AcctType\": \"<string>\"\n    }\n  },\n  \"OvrdExceptionData\": {\n    \"OvrdAutoAckInd\": \"<boolean>\"\n  }\n}","options":{"raw":{"language":"json"}}}},"status":"Internal Server Error","code":500,"header":[{"key":"Content-Type","value":"application/json"}],"body":"{\n  \"CreditStatusRec\": {\n    \"CreditStatus\": {\n      \"CreditStatusCode\": \"Reversed\",\n      \"EffDt\": \"7239-30-60\"\n    },\n    \"CreditKeys\": {\n      \"AcctKeys\": {\n        \"AcctId\": \"reprehender\",\n        \"AcctType\": \"GLA\"\n      }\n    }\n  },\n  \"Status\": {\n    \"Severity\": \"Error\",\n    \"StatusCode\": \"id\",\n    \"StatusDesc\": \"fugiat in ex\",\n    \"SvcProviderName\": \"est dolo\",\n    \"Id\": \"voluptate eiusmod in\",\n    \"ServerStatusCode\": \"ipsum repreh\",\n    \"ServerStatusDesc\": \"Excepteur cillum occaecat amet\",\n    \"OvrdExceptionInd\": true,\n    \"SubjectRole\": \"deserunt eu in veniam culpa\",\n    \"SubjectElement\": [\n      {\n        \"Path\": \"Ut reprehenderit\",\n        \"ServerPath\": \"officia nisi laborum\",\n        \"Value\": \"elit cupidatat\"\n      },\n      {\n        \"Path\": \"magna culpa qui nostr\",\n        \"ServerPath\": \"qui deserunt aliquip Lorem\",\n        \"Value\": \"magna eu velit\"\n      }\n    ],\n    \"ContentHTML\": \"labo\",\n    \"AdditionalStatus\": [\n      {\n        \"StatusCode\": \"ea Dui\",\n        \"StatusDesc\": \"enim non\",\n        \"Severity\": \"Warning\",\n        \"SvcProviderName\": \"nis\",\n        \"ServerStatusCode\": \"do\",\n        \"ServerStatusDesc\": \"et elit in ipsum enim\",\n        \"OvrdExceptionInd\": true,\n        \"SubjectElement\": [\n          {\n            \"Path\": \"dolor ipsum sit ullamco laboris\",\n            \"ServerPath\": \"aliqu\",\n            \"Value\": \"et aliquip\"\n          },\n          {\n            \"Path\": \"consectetur incididunt exercitation\",\n            \"ServerPath\": \"nulla in\",\n            \"Value\": \"in enim sed eiusmod aute\"\n          }\n        ]\n      },\n      {\n        \"StatusCode\": \"e\",\n        \"StatusDesc\": \"ut\",\n        \"Severity\": \"Warning\",\n        \"SvcProviderName\": \"eiusm\",\n        \"ServerStatusCode\": \"in Duis conse\",\n        \"ServerStatusDesc\": \"consequat in\",\n        \"OvrdExceptionInd\": false,\n        \"SubjectElement\": [\n          {\n            \"Path\": \"proident do\",\n            \"ServerPath\": \"Ut aute laboris id proident\",\n            \"Value\": \"deserunt aliquip aute\"\n          },\n          {\n            \"Path\": \"cillum pariatur\",\n            \"ServerPath\": \"enim ad proident officia culpa\",\n            \"Value\": \"et cupidatat sint\"\n          }\n        ]\n      }\n    ]\n  },\n  \"Receipt\": {\n    \"TellerIdent\": \"voluptate est\",\n    \"TrnAmt\": {\n      \"Amt\": 31515517.824440524\n    },\n    \"AcctBal\": [\n      {\n        \"BalType\": \"Current\",\n        \"CurAmt\": {\n          \"Amt\": -35432186.59758347\n        }\n      },\n      {\n        \"BalType\": \"Current\",\n        \"CurAmt\": {\n          \"Amt\": -29161310.25919518\n        }\n      }\n    ]\n  }\n}","cookie":[],"_postman_previewlanguage":"json"}],"event":[],"protocolProfileBehavior":{"disableBodyPruning":true}}],"event":[],"variable":[{"type":"string","value":"/","key":"baseUrl"}],"info":{"_postman_id":"9ec424d5-b9bc-4794-9c8f-7575c9070881","name":"Credit Service","schema":"https://schema.getpostman.com/json/collection/v2.1.0/collection.json","description":{"content":"The Credit service is used to add or reverse credit entry for a specified loan or deposit product account. <br>\n    This service helps to reverse from or post credit entry to the beneficiary or receiver’s account for specific types of payments including wire transfers plus fees.","type":"text/plain"}}}