{"item":[{"id":"05e28a1c-0e49-4e91-a3a1-f04826149e59","name":"Reverse Credit.","request":{"name":"Reverse Credit.","description":{"content":"Reverses the previously processed credit transaction in an account. This API reverses the effect of CreditAdd transaction.<br>\n        <br>\n        For more information about the Transactions domain, <a href=\"../docs/?path=docs/fintechs/transactions.md\" title=\"Click to open\">click here.</a> <br><br>\n        <b>Relates to:</b>\n          <ul> \n            <li><a href=\"../docs/?path=docs/banks-and-CU/deposits.md\" title=\"Click to open\">Deposits</a></li>\n            <li><a href=\"../docs/?path=docs/banks-and-CU/loans.md\" title=\"Click to open\">Loans</a></li>\n            <li><a href=\"../docs/?path=docs/banks-and-CU/bank-servicing.md\" title=\"Click to open\">Bank Servicing</a></li>\n            <li><a href=\"../docs/?path=docs/banks-and-CU/cash-mgt.md\" title=\"Click to open\">Cash Management</a></li>\n            <li><a href=\"../docs/?path=docs/banks-and-CU/treasury-services.md\" title=\"Click to open\">Treasury Services</a></li>\n          </ul>","type":"text/plain"},"url":{"path":["creditservice","payments","credits"],"host":["{{baseUrl}}"],"query":[],"variable":[]},"header":[{"disabled":false,"description":"(Required) EFX Header is a common and required component for all API calls, it contains client-related parameters. Please note that the header parameters should be sent as a JSON object under the EFXHeader parameter. To view the list of header parameters, <a href=\"../docs?path=docs/api-ref-EFX-header.md\" title=\"Click to open\"> click here.</a>","key":"EFXHeader","value":"OrganizationId,<string>,TrnId,<string>,VendorId,<string>,Context,[object Object]"},{"key":"Content-Type","value":"application/json"},{"key":"Accept","value":"application/json"}],"method":"PUT","auth":null,"body":{"mode":"raw","raw":"{\n  \"CreditInfo\": {\n    \"CompositeCurAmt\": [\n      {\n        \"CurAmt\": {\n          \"Amt\": \"<number>\",\n          \"CurCode\": {\n            \"CurCodeValue\": {\n              \"value\": \"<Error: Too many levels of nesting to fake this schema>\"\n            },\n            \"CurCodeType\": {\n              \"value\": \"<Error: Too many levels of nesting to fake this schema>\"\n            }\n          }\n        },\n        \"CompositeCurAmtType\": \"<string>\"\n      },\n      {\n        \"CurAmt\": {\n          \"Amt\": \"<number>\",\n          \"CurCode\": {\n            \"CurCodeValue\": {\n              \"value\": \"<Error: Too many levels of nesting to fake this schema>\"\n            },\n            \"CurCodeType\": {\n              \"value\": \"<Error: Too many levels of nesting to fake this schema>\"\n            }\n          }\n        },\n        \"CompositeCurAmtType\": \"<string>\"\n      }\n    ],\n    \"CreditType\": \"<string>\",\n    \"EffDt\": \"<string>\",\n    \"XferFromAcct\": [\n      {\n        \"FromAcctRef\": {\n          \"TrnCode\": \"<string>\"\n        }\n      },\n      {\n        \"FromAcctRef\": {\n          \"TrnCode\": \"<string>\"\n        }\n      }\n    ]\n  },\n  \"CreditKeys\": {\n    \"AcctKeys\": {\n      \"AcctId\": \"<string>\",\n      \"AcctType\": \"<string>\"\n    }\n  },\n  \"OvrdExceptionData\": {\n    \"OvrdAutoAckInd\": \"<boolean>\"\n  }\n}","options":{"raw":{"language":"json"}}}},"response":[{"id":"2de81af0-57e7-49bb-a1d7-e67d75aeac69","name":"Success","originalRequest":{"url":{"path":["creditservice","payments","credits"],"host":["{{baseUrl}}"],"query":[],"variable":[]},"header":[{"disabled":false,"description":"(Required) EFX Header is a common and required component for all API calls, it contains client-related parameters. Please note that the header parameters should be sent as a JSON object under the EFXHeader parameter. To view the list of header parameters, <a href=\"../docs?path=docs/api-ref-EFX-header.md\" title=\"Click to open\"> click here.</a>","key":"EFXHeader","value":"OrganizationId,<string>,TrnId,<string>,VendorId,<string>,Context,[object Object]"},{"key":"Accept","value":"application/json"}],"method":"PUT","body":{"mode":"raw","raw":"{\n  \"CreditInfo\": {\n    \"CompositeCurAmt\": [\n      {\n        \"CurAmt\": {\n          \"Amt\": \"<number>\",\n          \"CurCode\": {\n            \"CurCodeValue\": {\n              \"value\": \"<Error: Too many levels of nesting to fake this schema>\"\n            },\n            \"CurCodeType\": {\n              \"value\": \"<Error: Too many levels of nesting to fake this schema>\"\n            }\n          }\n        },\n        \"CompositeCurAmtType\": \"<string>\"\n      },\n      {\n        \"CurAmt\": {\n          \"Amt\": \"<number>\",\n          \"CurCode\": {\n            \"CurCodeValue\": {\n              \"value\": \"<Error: Too many levels of nesting to fake this schema>\"\n            },\n            \"CurCodeType\": {\n              \"value\": \"<Error: Too many levels of nesting to fake this schema>\"\n            }\n          }\n        },\n        \"CompositeCurAmtType\": \"<string>\"\n      }\n    ],\n    \"CreditType\": \"<string>\",\n    \"EffDt\": \"<string>\",\n    \"XferFromAcct\": [\n      {\n        \"FromAcctRef\": {\n          \"TrnCode\": \"<string>\"\n        }\n      },\n      {\n        \"FromAcctRef\": {\n          \"TrnCode\": \"<string>\"\n        }\n      }\n    ]\n  },\n  \"CreditKeys\": {\n    \"AcctKeys\": {\n      \"AcctId\": \"<string>\",\n      \"AcctType\": \"<string>\"\n    }\n  },\n  \"OvrdExceptionData\": {\n    \"OvrdAutoAckInd\": \"<boolean>\"\n  }\n}","options":{"raw":{"language":"json"}}}},"status":"Non-Authoritative Information (since HTTP/1.1)","code":203,"header":[{"key":"Content-Type","value":"application/json"}],"body":"{\n  \"CreditStatusRec\": {\n    \"CreditStatus\": {\n      \"CreditStatusCode\": \"Reversed\",\n      \"EffDt\": \"0897-19-96\"\n    },\n    \"CreditKeys\": {\n      \"AcctKeys\": {\n        \"AcctId\": \"et cillum ut\",\n        \"AcctType\": \"DDA\"\n      }\n    }\n  },\n  \"Status\": {\n    \"Severity\": \"Warning\",\n    \"StatusCode\": \"est Lo\",\n    \"StatusDesc\": \"ullamco nostrud aute\",\n    \"SvcProviderName\": \"nisi aliquip\",\n    \"Id\": \"consectetur in proident officia sit\",\n    \"ServerStatusCode\": \"in aliquip proi\",\n    \"ServerStatusDesc\": \"enim nulla velit\",\n    \"OvrdExceptionInd\": false,\n    \"SubjectRole\": \"labore\",\n    \"SubjectElement\": [\n      {\n        \"Path\": \"proident nisi consectetur\",\n        \"ServerPath\": \"et cillum ullamco minim proident\",\n        \"Value\": \"sed labore\"\n      },\n      {\n        \"Path\": \"deserunt eiusmod commodo tempor\",\n        \"ServerPath\": \"non occaecat voluptate consequat in\",\n        \"Value\": \"consequat reprehenderit\"\n      }\n    ],\n    \"ContentHTML\": \"dolore velit\",\n    \"AdditionalStatus\": [\n      {\n        \"StatusCode\": \"qui \",\n        \"StatusDesc\": \"in amet magna eiusmod\",\n        \"Severity\": \"Error\",\n        \"SvcProviderName\": \"veniam nisi\",\n        \"ServerStatusCode\": \"aliqua Ut\",\n        \"ServerStatusDesc\": \"quis aliqua laborum nulla\",\n        \"OvrdExceptionInd\": true,\n        \"SubjectElement\": [\n          {\n            \"Path\": \"tempor ea deserunt\",\n            \"ServerPath\": \"Lorem ad ea Excepteur\",\n            \"Value\": \"esse reprehenderit dolore amet\"\n          },\n          {\n            \"Path\": \"commodo minim\",\n            \"ServerPath\": \"cupidatat in voluptate\",\n            \"Value\": \"exercitation minim do consequat\"\n          }\n        ]\n      },\n      {\n        \"StatusCode\": \"aute cup\",\n        \"StatusDesc\": \"consectetur pariatur magna sint culpa\",\n        \"Severity\": \"Warning\",\n        \"SvcProviderName\": \"fugiat Excepteur amet in\",\n        \"ServerStatusCode\": \"reprehender\",\n        \"ServerStatusDesc\": \"aliquip tempor cupidatat\",\n        \"OvrdExceptionInd\": true,\n        \"SubjectElement\": [\n          {\n            \"Path\": \"non enim labore\",\n            \"ServerPath\": \"dolor pariatur ut non\",\n            \"Value\": \"quis exercitation in cillum\"\n          },\n          {\n            \"Path\": \"nostrud \",\n            \"ServerPath\": \"dolor sed\",\n            \"Value\": \"cillum mollit occaecat\"\n          }\n        ]\n      }\n    ]\n  },\n  \"Receipt\": {\n    \"Name\": \"sed\",\n    \"TellerIdent\": \"dolore comm\",\n    \"TrnAmt\": {\n      \"Amt\": 64459411.07564929\n    },\n    \"WarningOrLockout\": [\n      {\n        \"Type\": \"Warning\",\n        \"Code\": \"do cillum dolore\"\n      },\n      {\n        \"Type\": \"Lockout\",\n        \"Code\": \"nulla sint\"\n      }\n    ],\n    \"AcctBal\": [\n      {\n        \"BalType\": \"MMDAExcess\",\n        \"CurAmt\": {\n          \"Amt\": 15799172.701972708\n        }\n      },\n      {\n        \"BalType\": \"Current\",\n        \"CurAmt\": {\n          \"Amt\": -23682893.658895314\n        }\n      }\n    ]\n  }\n}","cookie":[],"_postman_previewlanguage":"json"},{"id":"83396c23-2042-4e6a-bd89-f11a68bf530a","name":"To view the complete list of response codes, <a href=\"../docs/?path=docs/response-codes.md\" title=\"Click to open\">click here.</a>","originalRequest":{"url":{"path":["creditservice","payments","credits"],"host":["{{baseUrl}}"],"query":[],"variable":[]},"header":[{"disabled":false,"description":"(Required) EFX Header is a common and required component for all API calls, it contains client-related parameters. Please note that the header parameters should be sent as a JSON object under the EFXHeader parameter. To view the list of header parameters, <a href=\"../docs?path=docs/api-ref-EFX-header.md\" title=\"Click to open\"> click here.</a>","key":"EFXHeader","value":"OrganizationId,<string>,TrnId,<string>,VendorId,<string>,Context,[object Object]"},{"key":"Accept","value":"application/json"}],"method":"PUT","body":{"mode":"raw","raw":"{\n  \"CreditInfo\": {\n    \"CompositeCurAmt\": [\n      {\n        \"CurAmt\": {\n          \"Amt\": \"<number>\",\n          \"CurCode\": {\n            \"CurCodeValue\": {\n              \"value\": \"<Error: Too many levels of nesting to fake this schema>\"\n            },\n            \"CurCodeType\": {\n              \"value\": \"<Error: Too many levels of nesting to fake this schema>\"\n            }\n          }\n        },\n        \"CompositeCurAmtType\": \"<string>\"\n      },\n      {\n        \"CurAmt\": {\n          \"Amt\": \"<number>\",\n          \"CurCode\": {\n            \"CurCodeValue\": {\n              \"value\": \"<Error: Too many levels of nesting to fake this schema>\"\n            },\n            \"CurCodeType\": {\n              \"value\": \"<Error: Too many levels of nesting to fake this schema>\"\n            }\n          }\n        },\n        \"CompositeCurAmtType\": \"<string>\"\n      }\n    ],\n    \"CreditType\": \"<string>\",\n    \"EffDt\": \"<string>\",\n    \"XferFromAcct\": [\n      {\n        \"FromAcctRef\": {\n          \"TrnCode\": \"<string>\"\n        }\n      },\n      {\n        \"FromAcctRef\": {\n          \"TrnCode\": \"<string>\"\n        }\n      }\n    ]\n  },\n  \"CreditKeys\": {\n    \"AcctKeys\": {\n      \"AcctId\": \"<string>\",\n      \"AcctType\": \"<string>\"\n    }\n  },\n  \"OvrdExceptionData\": {\n    \"OvrdAutoAckInd\": \"<boolean>\"\n  }\n}","options":{"raw":{"language":"json"}}}},"status":"Internal Server Error","code":500,"header":[{"key":"Content-Type","value":"application/json"}],"body":"{\n  \"CreditStatusRec\": {\n    \"CreditStatus\": {\n      \"CreditStatusCode\": \"Reversed\",\n      \"EffDt\": \"0416-17-13T47:91\"\n    },\n    \"CreditKeys\": {\n      \"AcctKeys\": {\n        \"AcctId\": \"d\",\n        \"AcctType\": \"DDA\"\n      }\n    }\n  },\n  \"Status\": {\n    \"Severity\": \"Info\",\n    \"StatusCode\": \"pariatur \",\n    \"StatusDesc\": \"qui cupidatat\",\n    \"SvcProviderName\": \"mollit cupidatat fugiat ut\",\n    \"Id\": \"amet elit Ut magna\",\n    \"ServerStatusCode\": \"dolor \",\n    \"ServerStatusDesc\": \"incididunt est\",\n    \"OvrdExceptionInd\": true,\n    \"SubjectRole\": \"ea Ut aliquip esse culpa\",\n    \"SubjectElement\": [\n      {\n        \"Path\": \"pariatur\",\n        \"ServerPath\": \"aute amet dolore anim\",\n        \"Value\": \"non in aliquip\"\n      },\n      {\n        \"Path\": \"et esse\",\n        \"ServerPath\": \"Lorem occaecat nostrud est sunt\",\n        \"Value\": \"ullamco exercitation commodo in consectetur\"\n      }\n    ],\n    \"ContentHTML\": \"Duis adipisicing nostrud do aliquip\",\n    \"AdditionalStatus\": [\n      {\n        \"StatusCode\": \"deserunt est\",\n        \"StatusDesc\": \"nulla eu sint occaecat ex\",\n        \"Severity\": \"Info\",\n        \"SvcProviderName\": \"fugiat aliquip anim velit\",\n        \"ServerStatusCode\": \"labore\",\n        \"ServerStatusDesc\": \"qui enim\",\n        \"OvrdExceptionInd\": true,\n        \"SubjectElement\": [\n          {\n            \"Path\": \"veniam culpa velit tempor\",\n            \"ServerPath\": \"voluptate\",\n            \"Value\": \"ea laborum velit sunt\"\n          },\n          {\n            \"Path\": \"dolore aliqua ut commodo\",\n            \"ServerPath\": \"proident deserunt ea cupidatat\",\n            \"Value\": \"consequat velit consectetur cillum\"\n          }\n        ]\n      },\n      {\n        \"StatusCode\": \"fugia\",\n        \"StatusDesc\": \"fugiat aute in aliquip\",\n        \"Severity\": \"Error\",\n        \"SvcProviderName\": \"ipsum culpa\",\n        \"ServerStatusCode\": \"magna\",\n        \"ServerStatusDesc\": \"Duis dolore magna\",\n        \"OvrdExceptionInd\": true,\n        \"SubjectElement\": [\n          {\n            \"Path\": \"adipisicing commodo veniam consectetur\",\n            \"ServerPath\": \"nostrud sint ut sunt\",\n            \"Value\": \"dolore pariatur voluptate ut\"\n          },\n          {\n            \"Path\": \"incididunt\",\n            \"ServerPath\": \"nisi id incididunt est qui\",\n            \"Value\": \"cillum dolor\"\n          }\n        ]\n      }\n    ]\n  },\n  \"Receipt\": {\n    \"Name\": \"nostrud nulla aliqua\",\n    \"TellerIdent\": \"in commodo eiusmod labore et\",\n    \"TrnAmt\": {\n      \"Amt\": -52603706.58741635\n    },\n    \"WarningOrLockout\": [\n      {\n        \"Type\": \"Lockout\",\n        \"Code\": \"consequat aute magna Duis\"\n      },\n      {\n        \"Type\": \"Lockout\",\n        \"Code\": \"quis voluptate dolor\"\n      }\n    ],\n    \"AcctBal\": [\n      {\n        \"BalType\": \"LineofCredit\",\n        \"CurAmt\": {\n          \"Amt\": 17134162.383244917\n        }\n      },\n      {\n        \"BalType\": \"MMDAExcess\",\n        \"CurAmt\": {\n          \"Amt\": -87398122.5244298\n        }\n      }\n    ]\n  }\n}","cookie":[],"_postman_previewlanguage":"json"}],"event":[],"protocolProfileBehavior":{"disableBodyPruning":true}}],"event":[],"variable":[{"type":"string","value":"/","key":"baseUrl"}],"info":{"_postman_id":"5e7c1ec0-af21-4a2b-80d4-21cc92d0ab3d","name":"Credit Service","schema":"https://schema.getpostman.com/json/collection/v2.1.0/collection.json","description":{"content":"The Credit service is used to add or reverse credit entry for a specified loan or deposit product account. <br>\n    This service helps to reverse from or post credit entry to the beneficiary or receiver’s account for specific types of payments including wire transfers plus fees.","type":"text/plain"}}}