{"item":[{"id":"4ee866fc-fe1c-495a-9b7f-fed79c3584a9","name":"Reverse Credit.","request":{"name":"Reverse Credit.","description":{"content":"Reverses the previously processed credit transaction in an account. This API reverses the effect of CreditAdd transaction.<br>\n        <br>\n        For more information about the Transactions domain, <a href=\"../docs/?path=docs/fintechs/transactions.md\" title=\"Click to open\">click here.</a> <br><br>\n        <b>Relates to:</b>\n          <ul> \n            <li><a href=\"../docs/?path=docs/banks-and-CU/deposits.md\" title=\"Click to open\">Deposits</a></li>\n            <li><a href=\"../docs/?path=docs/banks-and-CU/loans.md\" title=\"Click to open\">Loans</a></li>\n            <li><a href=\"../docs/?path=docs/banks-and-CU/bank-servicing.md\" title=\"Click to open\">Bank Servicing</a></li>\n            <li><a href=\"../docs/?path=docs/banks-and-CU/cash-mgt.md\" title=\"Click to open\">Cash Management</a></li>\n            <li><a href=\"../docs/?path=docs/banks-and-CU/treasury-services.md\" title=\"Click to open\">Treasury Services</a></li>\n          </ul>","type":"text/plain"},"url":{"path":["creditservice","payments","credits"],"host":["{{baseUrl}}"],"query":[],"variable":[]},"header":[{"disabled":false,"description":"(Required) EFX Header is a common and required component for all API calls, it contains client-related parameters. Please note that the header parameters should be sent as a JSON object under the EFXHeader parameter. To view the list of header parameters, <a href=\"../docs?path=docs/api-ref-EFX-header.md\" title=\"Click to open\"> click here.</a>","key":"EFXHeader","value":"OrganizationId,<string>,TrnId,<string>,VendorId,<string>,Context,[object Object]"},{"key":"Content-Type","value":"application/json"},{"key":"Accept","value":"application/json"}],"method":"PUT","auth":null,"body":{"mode":"raw","raw":"{\n  \"CreditInfo\": {\n    \"CompositeCurAmt\": [\n      {\n        \"CurAmt\": {\n          \"Amt\": \"<number>\",\n          \"CurCode\": {\n            \"CurCodeValue\": {\n              \"value\": \"<Error: Too many levels of nesting to fake this schema>\"\n            },\n            \"CurCodeType\": {\n              \"value\": \"<Error: Too many levels of nesting to fake this schema>\"\n            }\n          }\n        },\n        \"CompositeCurAmtType\": \"<string>\"\n      },\n      {\n        \"CurAmt\": {\n          \"Amt\": \"<number>\",\n          \"CurCode\": {\n            \"CurCodeValue\": {\n              \"value\": \"<Error: Too many levels of nesting to fake this schema>\"\n            },\n            \"CurCodeType\": {\n              \"value\": \"<Error: Too many levels of nesting to fake this schema>\"\n            }\n          }\n        },\n        \"CompositeCurAmtType\": \"<string>\"\n      }\n    ],\n    \"CreditType\": \"<string>\",\n    \"TaxIncentiveType\": \"<string>\",\n    \"EffDt\": \"<string>\",\n    \"PatriotActInd\": \"<boolean>\",\n    \"MediaType\": \"<string>\",\n    \"ContributionType\": \"<string>\",\n    \"CashInData\": [\n      {\n        \"CashAmt\": {\n          \"Amt\": \"<number>\",\n          \"CurCode\": {\n            \"CurCodeValue\": {\n              \"value\": \"<Error: Too many levels of nesting to fake this schema>\"\n            },\n            \"CurCodeType\": {\n              \"value\": \"<Error: Too many levels of nesting to fake this schema>\"\n            },\n            \"CurCodeTypeEnumDesc\": {\n              \"value\": \"<Error: Too many levels of nesting to fake this schema>\"\n            }\n          }\n        }\n      },\n      {\n        \"CashAmt\": {\n          \"Amt\": \"<number>\",\n          \"CurCode\": {\n            \"CurCodeValue\": {\n              \"value\": \"<Error: Too many levels of nesting to fake this schema>\"\n            },\n            \"CurCodeType\": {\n              \"value\": \"<Error: Too many levels of nesting to fake this schema>\"\n            },\n            \"CurCodeTypeEnumDesc\": {\n              \"value\": \"<Error: Too many levels of nesting to fake this schema>\"\n            }\n          }\n        }\n      }\n    ],\n    \"XferFromAcct\": [\n      {\n        \"FromAcctRef\": {\n          \"TrnCode\": \"<string>\"\n        }\n      },\n      {\n        \"FromAcctRef\": {\n          \"TrnCode\": \"<string>\"\n        }\n      }\n    ]\n  },\n  \"CreditKeys\": {\n    \"AcctKeys\": {\n      \"AcctId\": \"<string>\",\n      \"AcctType\": \"<string>\"\n    }\n  },\n  \"OvrdExceptionData\": {\n    \"OvrdAutoAckInd\": \"<boolean>\"\n  }\n}","options":{"raw":{"language":"json"}}}},"response":[{"id":"d7962722-3b85-4a51-81a5-34a26695ff24","name":"Success","originalRequest":{"url":{"path":["creditservice","payments","credits"],"host":["{{baseUrl}}"],"query":[],"variable":[]},"header":[{"disabled":false,"description":"(Required) EFX Header is a common and required component for all API calls, it contains client-related parameters. Please note that the header parameters should be sent as a JSON object under the EFXHeader parameter. To view the list of header parameters, <a href=\"../docs?path=docs/api-ref-EFX-header.md\" title=\"Click to open\"> click here.</a>","key":"EFXHeader","value":"OrganizationId,<string>,TrnId,<string>,VendorId,<string>,Context,[object Object]"},{"key":"Accept","value":"application/json"}],"method":"PUT","body":{"mode":"raw","raw":"{\n  \"CreditInfo\": {\n    \"CompositeCurAmt\": [\n      {\n        \"CurAmt\": {\n          \"Amt\": \"<number>\",\n          \"CurCode\": {\n            \"CurCodeValue\": {\n              \"value\": \"<Error: Too many levels of nesting to fake this schema>\"\n            },\n            \"CurCodeType\": {\n              \"value\": \"<Error: Too many levels of nesting to fake this schema>\"\n            }\n          }\n        },\n        \"CompositeCurAmtType\": \"<string>\"\n      },\n      {\n        \"CurAmt\": {\n          \"Amt\": \"<number>\",\n          \"CurCode\": {\n            \"CurCodeValue\": {\n              \"value\": \"<Error: Too many levels of nesting to fake this schema>\"\n            },\n            \"CurCodeType\": {\n              \"value\": \"<Error: Too many levels of nesting to fake this schema>\"\n            }\n          }\n        },\n        \"CompositeCurAmtType\": \"<string>\"\n      }\n    ],\n    \"CreditType\": \"<string>\",\n    \"TaxIncentiveType\": \"<string>\",\n    \"EffDt\": \"<string>\",\n    \"PatriotActInd\": \"<boolean>\",\n    \"MediaType\": \"<string>\",\n    \"ContributionType\": \"<string>\",\n    \"CashInData\": [\n      {\n        \"CashAmt\": {\n          \"Amt\": \"<number>\",\n          \"CurCode\": {\n            \"CurCodeValue\": {\n              \"value\": \"<Error: Too many levels of nesting to fake this schema>\"\n            },\n            \"CurCodeType\": {\n              \"value\": \"<Error: Too many levels of nesting to fake this schema>\"\n            },\n            \"CurCodeTypeEnumDesc\": {\n              \"value\": \"<Error: Too many levels of nesting to fake this schema>\"\n            }\n          }\n        }\n      },\n      {\n        \"CashAmt\": {\n          \"Amt\": \"<number>\",\n          \"CurCode\": {\n            \"CurCodeValue\": {\n              \"value\": \"<Error: Too many levels of nesting to fake this schema>\"\n            },\n            \"CurCodeType\": {\n              \"value\": \"<Error: Too many levels of nesting to fake this schema>\"\n            },\n            \"CurCodeTypeEnumDesc\": {\n              \"value\": \"<Error: Too many levels of nesting to fake this schema>\"\n            }\n          }\n        }\n      }\n    ],\n    \"XferFromAcct\": [\n      {\n        \"FromAcctRef\": {\n          \"TrnCode\": \"<string>\"\n        }\n      },\n      {\n        \"FromAcctRef\": {\n          \"TrnCode\": \"<string>\"\n        }\n      }\n    ]\n  },\n  \"CreditKeys\": {\n    \"AcctKeys\": {\n      \"AcctId\": \"<string>\",\n      \"AcctType\": \"<string>\"\n    }\n  },\n  \"OvrdExceptionData\": {\n    \"OvrdAutoAckInd\": \"<boolean>\"\n  }\n}","options":{"raw":{"language":"json"}}}},"status":"No Content","code":204,"header":[{"key":"Content-Type","value":"application/json"}],"body":"{\n  \"CreditStatusRec\": {\n    \"CreditStatus\": {\n      \"CreditStatusCode\": \"Reversed\",\n      \"EffDt\": \"5383-22-78\"\n    },\n    \"CreditKeys\": {\n      \"CreditId\": \"cillum in Duis\",\n      \"AcctKeys\": {\n        \"AcctId\": \"deserunt\",\n        \"AcctType\": \"SDA\"\n      }\n    }\n  },\n  \"Status\": {\n    \"Severity\": \"Warning\",\n    \"StatusCode\": \"pariatur\",\n    \"StatusDesc\": \"magna qui minim cillum proident\",\n    \"SvcProviderName\": \"est Excepteur sunt\",\n    \"Id\": \"velit culpa elit nulla\",\n    \"ServerStatusCode\": \"sunt irur\",\n    \"ServerStatusDesc\": \"irure sed\",\n    \"OvrdExceptionInd\": false,\n    \"SubjectRole\": \"commodo\",\n    \"SubjectElement\": [\n      {\n        \"Path\": \"labore veniam magna anim reprehenderit\",\n        \"ServerPath\": \"ut dolore nisi ex\",\n        \"Value\": \"culpa cillum dolore sed\"\n      },\n      {\n        \"Path\": \"nostrud est do\",\n        \"ServerPath\": \"officia ipsum\",\n        \"Value\": \"nulla sed sint eiusmod aute\"\n      }\n    ],\n    \"ContentHTML\": \"anim laborum fugiat\",\n    \"AdditionalStatus\": [\n      {\n        \"StatusCode\": \"d\",\n        \"StatusDesc\": \"eiusmod cu\",\n        \"Severity\": \"Error\",\n        \"SvcProviderName\": \"proident magna ad eu\",\n        \"ServerStatusCode\": \"nisi\",\n        \"ServerStatusDesc\": \"exercitation cillum laboris incididunt fugiat\",\n        \"OvrdExceptionInd\": true,\n        \"SubjectElement\": [\n          {\n            \"Path\": \"magna\",\n            \"ServerPath\": \"labore ut adipisicing nisi\",\n            \"Value\": \"dolore magna elit esse non\"\n          },\n          {\n            \"Path\": \"anim dolor\",\n            \"ServerPath\": \"Ut ipsum commodo\",\n            \"Value\": \"ipsum est\"\n          }\n        ]\n      },\n      {\n        \"StatusCode\": \"occa\",\n        \"StatusDesc\": \"proident\",\n        \"Severity\": \"Info\",\n        \"SvcProviderName\": \"Ut laborum dolore aliqua\",\n        \"ServerStatusCode\": \"exer\",\n        \"ServerStatusDesc\": \"ut irure occaecat\",\n        \"OvrdExceptionInd\": true,\n        \"SubjectElement\": [\n          {\n            \"Path\": \"culpa consequat in in\",\n            \"ServerPath\": \"labore pariatur anim\",\n            \"Value\": \"ut\"\n          },\n          {\n            \"Path\": \"aliqua\",\n            \"ServerPath\": \"ex exercitation\",\n            \"Value\": \"consequat \"\n          }\n        ]\n      }\n    ]\n  },\n  \"Receipt\": {\n    \"Name\": \"dolore enim sed in\",\n    \"TellerIdent\": \"dolore fugiat reprehenderit ipsum ad\",\n    \"TrnAmt\": {\n      \"Amt\": -52002740.34125787\n    },\n    \"WarningOrLockout\": [\n      {\n        \"Type\": \"Lockout\",\n        \"Code\": \"ut\"\n      },\n      {\n        \"Type\": \"Warning\",\n        \"Code\": \"enim irure magna\"\n      }\n    ],\n    \"AcctBal\": [\n      {\n        \"BalType\": \"Current\",\n        \"CurAmt\": {\n          \"Amt\": -13705112.304421663\n        }\n      },\n      {\n        \"BalType\": \"Current\",\n        \"CurAmt\": {\n          \"Amt\": -21465918.700495124\n        }\n      }\n    ]\n  }\n}","cookie":[],"_postman_previewlanguage":"json"},{"id":"a95585a0-5deb-41a5-9edc-3e6b4fe0d3d7","name":"To view the complete list of response codes, <a href=\"../docs/?path=docs/response-codes.md\" title=\"Click to open\">click here.</a>","originalRequest":{"url":{"path":["creditservice","payments","credits"],"host":["{{baseUrl}}"],"query":[],"variable":[]},"header":[{"disabled":false,"description":"(Required) EFX Header is a common and required component for all API calls, it contains client-related parameters. Please note that the header parameters should be sent as a JSON object under the EFXHeader parameter. To view the list of header parameters, <a href=\"../docs?path=docs/api-ref-EFX-header.md\" title=\"Click to open\"> click here.</a>","key":"EFXHeader","value":"OrganizationId,<string>,TrnId,<string>,VendorId,<string>,Context,[object Object]"},{"key":"Accept","value":"application/json"}],"method":"PUT","body":{"mode":"raw","raw":"{\n  \"CreditInfo\": {\n    \"CompositeCurAmt\": [\n      {\n        \"CurAmt\": {\n          \"Amt\": \"<number>\",\n          \"CurCode\": {\n            \"CurCodeValue\": {\n              \"value\": \"<Error: Too many levels of nesting to fake this schema>\"\n            },\n            \"CurCodeType\": {\n              \"value\": \"<Error: Too many levels of nesting to fake this schema>\"\n            }\n          }\n        },\n        \"CompositeCurAmtType\": \"<string>\"\n      },\n      {\n        \"CurAmt\": {\n          \"Amt\": \"<number>\",\n          \"CurCode\": {\n            \"CurCodeValue\": {\n              \"value\": \"<Error: Too many levels of nesting to fake this schema>\"\n            },\n            \"CurCodeType\": {\n              \"value\": \"<Error: Too many levels of nesting to fake this schema>\"\n            }\n          }\n        },\n        \"CompositeCurAmtType\": \"<string>\"\n      }\n    ],\n    \"CreditType\": \"<string>\",\n    \"TaxIncentiveType\": \"<string>\",\n    \"EffDt\": \"<string>\",\n    \"PatriotActInd\": \"<boolean>\",\n    \"MediaType\": \"<string>\",\n    \"ContributionType\": \"<string>\",\n    \"CashInData\": [\n      {\n        \"CashAmt\": {\n          \"Amt\": \"<number>\",\n          \"CurCode\": {\n            \"CurCodeValue\": {\n              \"value\": \"<Error: Too many levels of nesting to fake this schema>\"\n            },\n            \"CurCodeType\": {\n              \"value\": \"<Error: Too many levels of nesting to fake this schema>\"\n            },\n            \"CurCodeTypeEnumDesc\": {\n              \"value\": \"<Error: Too many levels of nesting to fake this schema>\"\n            }\n          }\n        }\n      },\n      {\n        \"CashAmt\": {\n          \"Amt\": \"<number>\",\n          \"CurCode\": {\n            \"CurCodeValue\": {\n              \"value\": \"<Error: Too many levels of nesting to fake this schema>\"\n            },\n            \"CurCodeType\": {\n              \"value\": \"<Error: Too many levels of nesting to fake this schema>\"\n            },\n            \"CurCodeTypeEnumDesc\": {\n              \"value\": \"<Error: Too many levels of nesting to fake this schema>\"\n            }\n          }\n        }\n      }\n    ],\n    \"XferFromAcct\": [\n      {\n        \"FromAcctRef\": {\n          \"TrnCode\": \"<string>\"\n        }\n      },\n      {\n        \"FromAcctRef\": {\n          \"TrnCode\": \"<string>\"\n        }\n      }\n    ]\n  },\n  \"CreditKeys\": {\n    \"AcctKeys\": {\n      \"AcctId\": \"<string>\",\n      \"AcctType\": \"<string>\"\n    }\n  },\n  \"OvrdExceptionData\": {\n    \"OvrdAutoAckInd\": \"<boolean>\"\n  }\n}","options":{"raw":{"language":"json"}}}},"status":"Internal Server Error","code":500,"header":[{"key":"Content-Type","value":"application/json"}],"body":"{\n  \"CreditStatusRec\": {\n    \"CreditStatus\": {\n      \"CreditStatusCode\": \"Reversed\",\n      \"EffDt\": \"7301-54-47\"\n    },\n    \"CreditKeys\": {\n      \"CreditId\": \"irure laborum\",\n      \"AcctKeys\": {\n        \"AcctId\": \"fugiat Excepte\",\n        \"AcctType\": \"SDA\"\n      }\n    }\n  },\n  \"Status\": {\n    \"Severity\": \"Error\",\n    \"StatusCode\": \"Lorem cillum dolor\",\n    \"StatusDesc\": \"aute id\",\n    \"SvcProviderName\": \"in tempor\",\n    \"Id\": \"et ut anim qui ea\",\n    \"ServerStatusCode\": \"enim dolore no\",\n    \"ServerStatusDesc\": \"occaecat in aliquip ex proident\",\n    \"OvrdExceptionInd\": true,\n    \"SubjectRole\": \"tempor in aliquip\",\n    \"SubjectElement\": [\n      {\n        \"Path\": \"fugiat id esse\",\n        \"ServerPath\": \"laboris in est mollit\",\n        \"Value\": \"consequat in culpa sit sed\"\n      },\n      {\n        \"Path\": \"laborum pariatur quis\",\n        \"ServerPath\": \"laborum reprehenderit Duis labore\",\n        \"Value\": \"sed laborum ut et\"\n      }\n    ],\n    \"ContentHTML\": \"occaecat commodo\",\n    \"AdditionalStatus\": [\n      {\n        \"StatusCode\": \"sint in\",\n        \"StatusDesc\": \"ex est in\",\n        \"Severity\": \"Info\",\n        \"SvcProviderName\": \"Excepteur in\",\n        \"ServerStatusCode\": \"id eu anim ame\",\n        \"ServerStatusDesc\": \"labore esse\",\n        \"OvrdExceptionInd\": true,\n        \"SubjectElement\": [\n          {\n            \"Path\": \"sed e\",\n            \"ServerPath\": \"cillum\",\n            \"Value\": \"officia consectetur non laborum\"\n          },\n          {\n            \"Path\": \"esse\",\n            \"ServerPath\": \"ut\",\n            \"Value\": \"enim minim\"\n          }\n        ]\n      },\n      {\n        \"StatusCode\": \"enim\",\n        \"StatusDesc\": \"nostrud\",\n        \"Severity\": \"Warning\",\n        \"SvcProviderName\": \"in occaecat Excepteur et magna\",\n        \"ServerStatusCode\": \"deserunt non \",\n        \"ServerStatusDesc\": \"ipsum Duis id\",\n        \"OvrdExceptionInd\": false,\n        \"SubjectElement\": [\n          {\n            \"Path\": \"amet incididunt\",\n            \"ServerPath\": \"labore in esse ut\",\n            \"Value\": \"tempor\"\n          },\n          {\n            \"Path\": \"anim in nisi consectetur deserunt\",\n            \"ServerPath\": \"pariatur consequat veniam nulla\",\n            \"Value\": \"qui enim\"\n          }\n        ]\n      }\n    ]\n  },\n  \"Receipt\": {\n    \"Name\": \"sit\",\n    \"TellerIdent\": \"nisi cillum ut\",\n    \"TrnAmt\": {\n      \"Amt\": 94823108.17626008\n    },\n    \"WarningOrLockout\": [\n      {\n        \"Type\": \"Warning\",\n        \"Code\": \"exercitation ullamco velit eiusmod\"\n      },\n      {\n        \"Type\": \"Warning\",\n        \"Code\": \"aliqua cillum id reprehenderit ipsum\"\n      }\n    ],\n    \"AcctBal\": [\n      {\n        \"BalType\": \"Current\",\n        \"CurAmt\": {\n          \"Amt\": 83530505.24435717\n        }\n      },\n      {\n        \"BalType\": \"Current\",\n        \"CurAmt\": {\n          \"Amt\": 11023614.631265\n        }\n      }\n    ]\n  }\n}","cookie":[],"_postman_previewlanguage":"json"}],"event":[],"protocolProfileBehavior":{"disableBodyPruning":true}}],"event":[],"variable":[{"type":"string","value":"/","key":"baseUrl"}],"info":{"_postman_id":"4bcbc6b4-843e-4b7e-a62b-f83f704b241e","name":"Credit Service","schema":"https://schema.getpostman.com/json/collection/v2.1.0/collection.json","description":{"content":"The Credit service is used to add or reverse credit entry for a specified loan or deposit product account. <br>\n    This service helps to reverse from or post credit entry to the beneficiary or receiver’s account for specific types of payments including wire transfers plus fees.","type":"text/plain"}}}