{"item":[{"id":"4e7f406a-de45-4003-966e-b707969aa52c","name":"Add Credit.","request":{"name":"Add Credit.","description":{"content":"Adds a credit transaction entry to an account for cash, check deposits, or merchandise payments. Generally, this API is used for Teller transactions.<br>\n        <br>\n        For more information about the Transactions domain, <a href=\"../docs/?path=docs/fintechs/transactions.md\" title=\"Click to open\">click here.</a> <br><br>\n        <b>Relates to:</b>\n          <ul> \n            <li><a href=\"../docs/?path=docs/banks-and-CU/deposits.md\" title=\"Click to open\">Deposits</a></li>\n            <li><a href=\"../docs/?path=docs/banks-and-CU/loans.md\" title=\"Click to open\">Loans</a></li>\n            <li><a href=\"../docs/?path=docs/banks-and-CU/bank-servicing.md\" title=\"Click to open\">Bank Servicing</a></li>\n            <li><a href=\"../docs/?path=docs/banks-and-CU/cash-mgt.md\" title=\"Click to open\">Cash Management</a></li>\n            <li><a href=\"../docs/?path=docs/banks-and-CU/treasury-services.md\" title=\"Click to open\">Treasury Services</a></li>\n          </ul>","type":"text/plain"},"url":{"path":["creditservice","payments","credits"],"host":["{{baseUrl}}"],"query":[],"variable":[]},"header":[{"disabled":false,"description":"(Required) EFX Header is a common and required component for all API calls, it contains client-related parameters. Please note that the header parameters should be sent as a JSON object under the EFXHeader parameter. To view the list of header parameters, <a href=\"../docs?path=docs/api-ref-EFX-header.md\" title=\"Click to open\"> click here.</a>","key":"EFXHeader","value":"OrganizationId,<string>,TrnId,<string>,VendorId,<string>,Context,[object Object]"},{"key":"Content-Type","value":"application/json"},{"key":"Accept","value":"application/json"}],"method":"POST","auth":null,"body":{"mode":"raw","raw":"{\n  \"CreditInfo\": {\n    \"CompositeCurAmt\": [\n      {\n        \"CurAmt\": {\n          \"Amt\": \"<number>\",\n          \"CurCode\": {\n            \"CurCodeValue\": {\n              \"value\": \"<Error: Too many levels of nesting to fake this schema>\"\n            },\n            \"CurCodeType\": {\n              \"value\": \"<Error: Too many levels of nesting to fake this schema>\"\n            }\n          }\n        },\n        \"CompositeCurAmtType\": \"<string>\"\n      },\n      {\n        \"CurAmt\": {\n          \"Amt\": \"<number>\",\n          \"CurCode\": {\n            \"CurCodeValue\": {\n              \"value\": \"<Error: Too many levels of nesting to fake this schema>\"\n            },\n            \"CurCodeType\": {\n              \"value\": \"<Error: Too many levels of nesting to fake this schema>\"\n            }\n          }\n        },\n        \"CompositeCurAmtType\": \"<string>\"\n      }\n    ],\n    \"CreditType\": \"<string>\",\n    \"AcctRef\": {\n      \"AcctKeys\": {\n        \"AcctId\": \"<string>\",\n        \"AcctType\": \"<string>\"\n      }\n    },\n    \"XferFromAcct\": [\n      {\n        \"FromAcctRef\": {\n          \"TrnCode\": \"<string>\"\n        }\n      },\n      {\n        \"FromAcctRef\": {\n          \"TrnCode\": \"<string>\"\n        }\n      }\n    ]\n  },\n  \"OvrdExceptionData\": {\n    \"OvrdAutoAckInd\": \"<boolean>\"\n  }\n}","options":{"raw":{"language":"json"}}}},"response":[{"id":"c41a9e53-1bca-41b9-9b74-63275190dd92","name":"Created","originalRequest":{"url":{"path":["creditservice","payments","credits"],"host":["{{baseUrl}}"],"query":[],"variable":[]},"header":[{"disabled":false,"description":"(Required) EFX Header is a common and required component for all API calls, it contains client-related parameters. Please note that the header parameters should be sent as a JSON object under the EFXHeader parameter. To view the list of header parameters, <a href=\"../docs?path=docs/api-ref-EFX-header.md\" title=\"Click to open\"> click here.</a>","key":"EFXHeader","value":"OrganizationId,<string>,TrnId,<string>,VendorId,<string>,Context,[object Object]"},{"key":"Accept","value":"application/json"}],"method":"POST","body":{"mode":"raw","raw":"{\n  \"CreditInfo\": {\n    \"CompositeCurAmt\": [\n      {\n        \"CurAmt\": {\n          \"Amt\": \"<number>\",\n          \"CurCode\": {\n            \"CurCodeValue\": {\n              \"value\": \"<Error: Too many levels of nesting to fake this schema>\"\n            },\n            \"CurCodeType\": {\n              \"value\": \"<Error: Too many levels of nesting to fake this schema>\"\n            }\n          }\n        },\n        \"CompositeCurAmtType\": \"<string>\"\n      },\n      {\n        \"CurAmt\": {\n          \"Amt\": \"<number>\",\n          \"CurCode\": {\n            \"CurCodeValue\": {\n              \"value\": \"<Error: Too many levels of nesting to fake this schema>\"\n            },\n            \"CurCodeType\": {\n              \"value\": \"<Error: Too many levels of nesting to fake this schema>\"\n            }\n          }\n        },\n        \"CompositeCurAmtType\": \"<string>\"\n      }\n    ],\n    \"CreditType\": \"<string>\",\n    \"AcctRef\": {\n      \"AcctKeys\": {\n        \"AcctId\": \"<string>\",\n        \"AcctType\": \"<string>\"\n      }\n    },\n    \"XferFromAcct\": [\n      {\n        \"FromAcctRef\": {\n          \"TrnCode\": \"<string>\"\n        }\n      },\n      {\n        \"FromAcctRef\": {\n          \"TrnCode\": \"<string>\"\n        }\n      }\n    ]\n  },\n  \"OvrdExceptionData\": {\n    \"OvrdAutoAckInd\": \"<boolean>\"\n  }\n}","options":{"raw":{"language":"json"}}}},"status":"Created","code":201,"header":[{"key":"Content-Type","value":"application/json"}],"body":"{\n  \"CreditStatusRec\": {\n    \"CreditStatus\": {\n      \"CreditStatusCode\": \"Posted\",\n      \"EffDt\": \"3253-94-51\"\n    },\n    \"CreditKeys\": {\n      \"AcctKeys\": {\n        \"AcctId\": \"Lorem dolo\",\n        \"AcctType\": \"DDA\"\n      }\n    }\n  },\n  \"Status\": {\n    \"Severity\": \"Info\",\n    \"StatusCode\": \"quis repreh\",\n    \"StatusDesc\": \"esse voluptate enim\",\n    \"SvcProviderName\": \"laborum\",\n    \"Id\": \"do nulla sunt fugiat\",\n    \"ServerStatusCode\": \"ex dolor n\",\n    \"ServerStatusDesc\": \"sed cupidatat\",\n    \"OvrdExceptionInd\": false,\n    \"SubjectRole\": \"Ut ex consectetur in consequat\",\n    \"SubjectElement\": [\n      {\n        \"Path\": \"qui e\",\n        \"ServerPath\": \"nostrud veniam do\",\n        \"Value\": \"reprehenderit ea Dui\"\n      },\n      {\n        \"Path\": \"culpa nostrud elit ea\",\n        \"ServerPath\": \"ullamco\",\n        \"Value\": \"eu ullamco proident nulla sed\"\n      }\n    ],\n    \"ContentHTML\": \"exercitation in\",\n    \"AdditionalStatus\": [\n      {\n        \"StatusCode\": \"veniam culpa Duis i\",\n        \"StatusDesc\": \"laborum veniam fugiat\",\n        \"Severity\": \"Error\",\n        \"SvcProviderName\": \"deserunt commodo\",\n        \"ServerStatusCode\": \"e\",\n        \"ServerStatusDesc\": \"in magna\",\n        \"OvrdExceptionInd\": false,\n        \"SubjectElement\": [\n          {\n            \"Path\": \"laborum Duis\",\n            \"ServerPath\": \"dolore dolor\",\n            \"Value\": \"esse qui non Duis\"\n          },\n          {\n            \"Path\": \"ad sed ullamco occaecat\",\n            \"ServerPath\": \"esse proident in ad\",\n            \"Value\": \"fugiat laborum\"\n          }\n        ]\n      },\n      {\n        \"StatusCode\": \"do ad\",\n        \"StatusDesc\": \"repr\",\n        \"Severity\": \"Error\",\n        \"SvcProviderName\": \"aliqua ullamco\",\n        \"ServerStatusCode\": \"labore in volupt\",\n        \"ServerStatusDesc\": \"in ea Excepteur\",\n        \"OvrdExceptionInd\": false,\n        \"SubjectElement\": [\n          {\n            \"Path\": \"irure consectetur non dolor cupidatat\",\n            \"ServerPath\": \"qui proident in\",\n            \"Value\": \"ad et culpa do\"\n          },\n          {\n            \"Path\": \"sed ea\",\n            \"ServerPath\": \"labore Excepteur aute\",\n            \"Value\": \"occaecat\"\n          }\n        ]\n      }\n    ]\n  },\n  \"Receipt\": {\n    \"Name\": \"pariatur sit con\",\n    \"TellerIdent\": \"irure\",\n    \"TrnAmt\": {\n      \"Amt\": 13025015.170214534\n    },\n    \"WarningOrLockout\": [\n      {\n        \"Type\": \"Lockout\",\n        \"Code\": \"aliquip officia ullamco in pariatur\"\n      },\n      {\n        \"Type\": \"Warning\",\n        \"Code\": \"ex ad incididunt est\"\n      }\n    ],\n    \"AcctBal\": [\n      {\n        \"BalType\": \"OverdraftLimit\",\n        \"CurAmt\": {\n          \"Amt\": 14611808.66887109\n        }\n      },\n      {\n        \"BalType\": \"OverdraftLimit\",\n        \"CurAmt\": {\n          \"Amt\": 91032470.36938158\n        }\n      }\n    ]\n  }\n}","cookie":[],"_postman_previewlanguage":"json"},{"id":"65e4afc5-4d97-4cd3-a74e-b828ceaef230","name":"To view the complete list of response codes, <a href=\"../docs/?path=docs/response-codes.md\" title=\"Click to open\">click here.</a>","originalRequest":{"url":{"path":["creditservice","payments","credits"],"host":["{{baseUrl}}"],"query":[],"variable":[]},"header":[{"disabled":false,"description":"(Required) EFX Header is a common and required component for all API calls, it contains client-related parameters. Please note that the header parameters should be sent as a JSON object under the EFXHeader parameter. To view the list of header parameters, <a href=\"../docs?path=docs/api-ref-EFX-header.md\" title=\"Click to open\"> click here.</a>","key":"EFXHeader","value":"OrganizationId,<string>,TrnId,<string>,VendorId,<string>,Context,[object Object]"},{"key":"Accept","value":"application/json"}],"method":"POST","body":{"mode":"raw","raw":"{\n  \"CreditInfo\": {\n    \"CompositeCurAmt\": [\n      {\n        \"CurAmt\": {\n          \"Amt\": \"<number>\",\n          \"CurCode\": {\n            \"CurCodeValue\": {\n              \"value\": \"<Error: Too many levels of nesting to fake this schema>\"\n            },\n            \"CurCodeType\": {\n              \"value\": \"<Error: Too many levels of nesting to fake this schema>\"\n            }\n          }\n        },\n        \"CompositeCurAmtType\": \"<string>\"\n      },\n      {\n        \"CurAmt\": {\n          \"Amt\": \"<number>\",\n          \"CurCode\": {\n            \"CurCodeValue\": {\n              \"value\": \"<Error: Too many levels of nesting to fake this schema>\"\n            },\n            \"CurCodeType\": {\n              \"value\": \"<Error: Too many levels of nesting to fake this schema>\"\n            }\n          }\n        },\n        \"CompositeCurAmtType\": \"<string>\"\n      }\n    ],\n    \"CreditType\": \"<string>\",\n    \"AcctRef\": {\n      \"AcctKeys\": {\n        \"AcctId\": \"<string>\",\n        \"AcctType\": \"<string>\"\n      }\n    },\n    \"XferFromAcct\": [\n      {\n        \"FromAcctRef\": {\n          \"TrnCode\": \"<string>\"\n        }\n      },\n      {\n        \"FromAcctRef\": {\n          \"TrnCode\": \"<string>\"\n        }\n      }\n    ]\n  },\n  \"OvrdExceptionData\": {\n    \"OvrdAutoAckInd\": \"<boolean>\"\n  }\n}","options":{"raw":{"language":"json"}}}},"status":"Internal Server Error","code":500,"header":[{"key":"Content-Type","value":"application/json"}],"body":"{\n  \"CreditStatusRec\": {\n    \"CreditStatus\": {\n      \"CreditStatusCode\": \"Posted\",\n      \"EffDt\": \"5273-26-73\"\n    },\n    \"CreditKeys\": {\n      \"AcctKeys\": {\n        \"AcctId\": \"consequat Lorem do\",\n        \"AcctType\": \"DDA\"\n      }\n    }\n  },\n  \"Status\": {\n    \"Severity\": \"Error\",\n    \"StatusCode\": \"esse veniam\",\n    \"StatusDesc\": \"Excepteur anim in nulla\",\n    \"SvcProviderName\": \"culpa anim\",\n    \"Id\": \"in\",\n    \"ServerStatusCode\": \"laboris eiu\",\n    \"ServerStatusDesc\": \"esse Lorem s\",\n    \"OvrdExceptionInd\": true,\n    \"SubjectRole\": \"aute sunt laborum ea\",\n    \"SubjectElement\": [\n      {\n        \"Path\": \"laborum occaecat magna dolor veniam\",\n        \"ServerPath\": \"proident labore\",\n        \"Value\": \"reprehenderit laborum\"\n      },\n      {\n        \"Path\": \"officia exercitation dolore ex fugiat\",\n        \"ServerPath\": \"id voluptate tempor laborum in\",\n        \"Value\": \"in occaecat\"\n      }\n    ],\n    \"ContentHTML\": \"proident si\",\n    \"AdditionalStatus\": [\n      {\n        \"StatusCode\": \"m\",\n        \"StatusDesc\": \"reprehenderit aute\",\n        \"Severity\": \"Error\",\n        \"SvcProviderName\": \"Excepteur\",\n        \"ServerStatusCode\": \"enim sunt veniam te\",\n        \"ServerStatusDesc\": \"qu\",\n        \"OvrdExceptionInd\": true,\n        \"SubjectElement\": [\n          {\n            \"Path\": \"deserunt dolore\",\n            \"ServerPath\": \"laborum in\",\n            \"Value\": \"exerci\"\n          },\n          {\n            \"Path\": \"in ut elit ut sunt\",\n            \"ServerPath\": \"minim\",\n            \"Value\": \"Duis ad ut dolor\"\n          }\n        ]\n      },\n      {\n        \"StatusCode\": \"quis\",\n        \"StatusDesc\": \"culpa proident\",\n        \"Severity\": \"Warning\",\n        \"SvcProviderName\": \"est sunt nisi\",\n        \"ServerStatusCode\": \"culpa\",\n        \"ServerStatusDesc\": \"Lorem magna voluptate\",\n        \"OvrdExceptionInd\": true,\n        \"SubjectElement\": [\n          {\n            \"Path\": \"dolor sint officia veniam\",\n            \"ServerPath\": \"id\",\n            \"Value\": \"proident esse\"\n          },\n          {\n            \"Path\": \"proident cillum aliquip est sunt\",\n            \"ServerPath\": \"Excepteur Ut consequat enim\",\n            \"Value\": \"Duis in ipsum laboris cupidatat\"\n          }\n        ]\n      }\n    ]\n  },\n  \"Receipt\": {\n    \"Name\": \"i\",\n    \"TellerIdent\": \"officia laboris sunt Excepteur quis\",\n    \"TrnAmt\": {\n      \"Amt\": 52939950.429704756\n    },\n    \"WarningOrLockout\": [\n      {\n        \"Type\": \"Lockout\",\n        \"Code\": \"anim est\"\n      },\n      {\n        \"Type\": \"Warning\",\n        \"Code\": \"sed esse\"\n      }\n    ],\n    \"AcctBal\": [\n      {\n        \"BalType\": \"MMDAExcess\",\n        \"CurAmt\": {\n          \"Amt\": -75848432.38307424\n        }\n      },\n      {\n        \"BalType\": \"MMDAExcess\",\n        \"CurAmt\": {\n          \"Amt\": -4095127.752866164\n        }\n      }\n    ]\n  }\n}","cookie":[],"_postman_previewlanguage":"json"}],"event":[],"protocolProfileBehavior":{"disableBodyPruning":true}}],"event":[],"variable":[{"type":"string","value":"/","key":"baseUrl"}],"info":{"_postman_id":"707ed709-3adc-462c-9505-6648283f52dd","name":"Credit Service","schema":"https://schema.getpostman.com/json/collection/v2.1.0/collection.json","description":{"content":"The Credit service is used to add or reverse credit entry for a specified loan or deposit product account. <br>\n    This service helps to reverse from or post credit entry to the beneficiary or receiver’s account for specific types of payments including wire transfers plus fees.","type":"text/plain"}}}