{"item":[{"id":"1b175db0-497f-4820-88fe-e68732c9e45d","name":"Add Debit.","request":{"name":"Add Debit.","description":{"content":"Add Debit API creates a one-sided transaction where monetary funds are debited/withdrawn from a General Ledger Account (GLA) for cash, check or any other payment types (disbursements).<br>This API is generally used for a Teller transaction.<br> <br> To download the API Specifications and Postman Collection, click <a href=\"../docs/?path=docs/resources/resources.md\" title=\"Click to open\">Resources</a>.","type":"text/plain"},"url":{"path":["debitservice","payments","debits"],"host":["{{baseUrl}}"],"query":[],"variable":[]},"header":[{"disabled":false,"description":"(Required) EFX Header is a common and required component for all API calls, it contains client-related parameters. Please note that the header parameters should be sent as a JSON object under the EFXHeader parameter. To view the list of header parameters, <a href=\"../docs?path=docs/api-ref-EFX-header.md\" title=\"Click to open\"> click here.</a>","key":"EFXHeader","value":"OrganizationId,<string>,TrnId,<string>,VendorId,<string>,Context,[object Object]"},{"key":"Content-Type","value":"application/json"},{"key":"Accept","value":"application/json"}],"method":"POST","auth":null,"body":{"mode":"raw","raw":"{\n  \"DebitInfo\": {\n    \"CompositeCurAmt\": [\n      {\n        \"CurAmt\": {\n          \"Amt\": \"<number>\",\n          \"CurCode\": {\n            \"CurCodeValue\": {\n              \"value\": \"<Error: Too many levels of nesting to fake this schema>\"\n            },\n            \"CurCodeType\": {\n              \"value\": \"<Error: Too many levels of nesting to fake this schema>\"\n            }\n          }\n        }\n      },\n      {\n        \"CurAmt\": {\n          \"Amt\": \"<number>\",\n          \"CurCode\": {\n            \"CurCodeValue\": {\n              \"value\": \"<Error: Too many levels of nesting to fake this schema>\"\n            },\n            \"CurCodeType\": {\n              \"value\": \"<Error: Too many levels of nesting to fake this schema>\"\n            }\n          }\n        }\n      }\n    ],\n    \"DebitType\": \"<string>\",\n    \"AcctRef\": {\n      \"AcctKeys\": {\n        \"AcctId\": \"<string>\",\n        \"AcctType\": \"<string>\"\n      }\n    }\n  },\n  \"OvrdExceptionData\": {\n    \"OvrdAutoAckInd\": \"<boolean>\"\n  }\n}","options":{"raw":{"language":"json"}}}},"response":[{"id":"550670e5-09dd-44a4-ad81-c7b12dec0211","name":"Created","originalRequest":{"url":{"path":["debitservice","payments","debits"],"host":["{{baseUrl}}"],"query":[],"variable":[]},"header":[{"disabled":false,"description":"(Required) EFX Header is a common and required component for all API calls, it contains client-related parameters. Please note that the header parameters should be sent as a JSON object under the EFXHeader parameter. To view the list of header parameters, <a href=\"../docs?path=docs/api-ref-EFX-header.md\" title=\"Click to open\"> click here.</a>","key":"EFXHeader","value":"OrganizationId,<string>,TrnId,<string>,VendorId,<string>,Context,[object Object]"},{"key":"Accept","value":"application/json"}],"method":"POST","body":{"mode":"raw","raw":"{\n  \"DebitInfo\": {\n    \"CompositeCurAmt\": [\n      {\n        \"CurAmt\": {\n          \"Amt\": \"<number>\",\n          \"CurCode\": {\n            \"CurCodeValue\": {\n              \"value\": \"<Error: Too many levels of nesting to fake this schema>\"\n            },\n            \"CurCodeType\": {\n              \"value\": \"<Error: Too many levels of nesting to fake this schema>\"\n            }\n          }\n        }\n      },\n      {\n        \"CurAmt\": {\n          \"Amt\": \"<number>\",\n          \"CurCode\": {\n            \"CurCodeValue\": {\n              \"value\": \"<Error: Too many levels of nesting to fake this schema>\"\n            },\n            \"CurCodeType\": {\n              \"value\": \"<Error: Too many levels of nesting to fake this schema>\"\n            }\n          }\n        }\n      }\n    ],\n    \"DebitType\": \"<string>\",\n    \"AcctRef\": {\n      \"AcctKeys\": {\n        \"AcctId\": \"<string>\",\n        \"AcctType\": \"<string>\"\n      }\n    }\n  },\n  \"OvrdExceptionData\": {\n    \"OvrdAutoAckInd\": \"<boolean>\"\n  }\n}","options":{"raw":{"language":"json"}}}},"status":"Created","code":201,"header":[{"key":"Content-Type","value":"application/json"}],"body":"{\n  \"DebitStatusRec\": {\n    \"DebitStatus\": {\n      \"DebitStatusCode\": \"Posted\",\n      \"EffDt\": \"0245-32-35\"\n    },\n    \"DebitKeys\": {\n      \"AcctKeys\": {\n        \"AcctId\": \"in sunt\",\n        \"AcctType\": \"GLA\"\n      }\n    }\n  },\n  \"Status\": {\n    \"Severity\": \"Info\",\n    \"StatusCode\": \"v\",\n    \"StatusDesc\": \"mollit do veniam tempor\",\n    \"SvcProviderName\": \"pariatur in\",\n    \"Id\": \"et ex consequat id \",\n    \"ServerStatusCode\": \"reprehenderit et no\",\n    \"ServerStatusDesc\": \"officia dolor\",\n    \"OvrdExceptionInd\": true,\n    \"SubjectRole\": \"non sint aliqua\",\n    \"SubjectElement\": [\n      {\n        \"Path\": \"quis aliquip\",\n        \"ServerPath\": \"quis aute incididunt cupidatat ut\",\n        \"Value\": \"aliquip aliqua sunt reprehenderit\"\n      },\n      {\n        \"Path\": \"enim cupidatat sint do voluptate\",\n        \"ServerPath\": \"dolor Duis\",\n        \"Value\": \"adipisicing consectetur minim exercitation\"\n      }\n    ],\n    \"ContentHTML\": \"veniam qui in sed\",\n    \"AdditionalStatus\": [\n      {\n        \"StatusCode\": \"deserunt ullam\",\n        \"StatusDesc\": \"irure officia\",\n        \"Severity\": \"Warning\",\n        \"SvcProviderName\": \"ad dolor\",\n        \"ServerStatusCode\": \"consec\",\n        \"ServerStatusDesc\": \"irure labore\",\n        \"OvrdExceptionInd\": true,\n        \"SubjectElement\": [\n          {\n            \"Path\": \"sint nisi quis minim\",\n            \"ServerPath\": \"reprehenderit elit cupidatat\",\n            \"Value\": \"pariatur eu tempor\"\n          },\n          {\n            \"Path\": \"ad Ut culpa\",\n            \"ServerPath\": \"id Lorem magna et do\",\n            \"Value\": \"aute qui veniam\"\n          }\n        ]\n      },\n      {\n        \"StatusCode\": \"cillum cupidatat\",\n        \"StatusDesc\": \"fugiat\",\n        \"Severity\": \"Warning\",\n        \"SvcProviderName\": \"incididunt s\",\n        \"ServerStatusCode\": \"enim\",\n        \"ServerStatusDesc\": \"commodo Duis\",\n        \"OvrdExceptionInd\": true,\n        \"SubjectElement\": [\n          {\n            \"Path\": \"et Lorem reprehenderit dolore\",\n            \"ServerPath\": \"occaecat ullamco mollit anim enim\",\n            \"Value\": \"eu culpa do anim\"\n          },\n          {\n            \"Path\": \"labore Excepteur aliqua\",\n            \"ServerPath\": \"veniam enim nisi\",\n            \"Value\": \"enim mollit\"\n          }\n        ]\n      }\n    ]\n  },\n  \"Receipt\": {\n    \"TellerIdent\": \"mollit labore ea\",\n    \"TrnAmt\": {\n      \"Amt\": -42478487.09347615\n    },\n    \"AcctBal\": [\n      {\n        \"BalType\": \"Current\",\n        \"CurAmt\": {\n          \"Amt\": 59759477.419721484\n        }\n      },\n      {\n        \"BalType\": \"Current\",\n        \"CurAmt\": {\n          \"Amt\": -45669575.57245677\n        }\n      }\n    ]\n  }\n}","cookie":[],"_postman_previewlanguage":"json"},{"id":"4158e051-55a9-4255-a517-01e6ebcd7dd0","name":"To view the complete list of response codes, <a href=\"../docs/?path=docs/response-codes.md\" title=\"Click to open\">click here.</a>","originalRequest":{"url":{"path":["debitservice","payments","debits"],"host":["{{baseUrl}}"],"query":[],"variable":[]},"header":[{"disabled":false,"description":"(Required) EFX Header is a common and required component for all API calls, it contains client-related parameters. Please note that the header parameters should be sent as a JSON object under the EFXHeader parameter. To view the list of header parameters, <a href=\"../docs?path=docs/api-ref-EFX-header.md\" title=\"Click to open\"> click here.</a>","key":"EFXHeader","value":"OrganizationId,<string>,TrnId,<string>,VendorId,<string>,Context,[object Object]"},{"key":"Accept","value":"application/json"}],"method":"POST","body":{"mode":"raw","raw":"{\n  \"DebitInfo\": {\n    \"CompositeCurAmt\": [\n      {\n        \"CurAmt\": {\n          \"Amt\": \"<number>\",\n          \"CurCode\": {\n            \"CurCodeValue\": {\n              \"value\": \"<Error: Too many levels of nesting to fake this schema>\"\n            },\n            \"CurCodeType\": {\n              \"value\": \"<Error: Too many levels of nesting to fake this schema>\"\n            }\n          }\n        }\n      },\n      {\n        \"CurAmt\": {\n          \"Amt\": \"<number>\",\n          \"CurCode\": {\n            \"CurCodeValue\": {\n              \"value\": \"<Error: Too many levels of nesting to fake this schema>\"\n            },\n            \"CurCodeType\": {\n              \"value\": \"<Error: Too many levels of nesting to fake this schema>\"\n            }\n          }\n        }\n      }\n    ],\n    \"DebitType\": \"<string>\",\n    \"AcctRef\": {\n      \"AcctKeys\": {\n        \"AcctId\": \"<string>\",\n        \"AcctType\": \"<string>\"\n      }\n    }\n  },\n  \"OvrdExceptionData\": {\n    \"OvrdAutoAckInd\": \"<boolean>\"\n  }\n}","options":{"raw":{"language":"json"}}}},"status":"Internal Server Error","code":500,"header":[{"key":"Content-Type","value":"application/json"}],"body":"{\n  \"DebitStatusRec\": {\n    \"DebitStatus\": {\n      \"DebitStatusCode\": \"Posted\",\n      \"EffDt\": \"6721-89-45\"\n    },\n    \"DebitKeys\": {\n      \"AcctKeys\": {\n        \"AcctId\": \"qui dolore voluptate\",\n        \"AcctType\": \"GLA\"\n      }\n    }\n  },\n  \"Status\": {\n    \"Severity\": \"Error\",\n    \"StatusCode\": \"in mollit sed\",\n    \"StatusDesc\": \"magna in anim commodo Duis\",\n    \"SvcProviderName\": \"in\",\n    \"Id\": \"velit fugiat exercitation in quis\",\n    \"ServerStatusCode\": \"dolor dolore\",\n    \"ServerStatusDesc\": \"qui sed eu anim aliquip\",\n    \"OvrdExceptionInd\": false,\n    \"SubjectRole\": \"officia reprehenderit occaecat id\",\n    \"SubjectElement\": [\n      {\n        \"Path\": \"Lorem dolor\",\n        \"ServerPath\": \"Excepteur laborum dolor\",\n        \"Value\": \"aute\"\n      },\n      {\n        \"Path\": \"quis aute enim anim mollit\",\n        \"ServerPath\": \"veniam consectetur ex\",\n        \"Value\": \"sed do pariatur\"\n      }\n    ],\n    \"ContentHTML\": \"non\",\n    \"AdditionalStatus\": [\n      {\n        \"StatusCode\": \"aliq\",\n        \"StatusDesc\": \"in commodo consequat\",\n        \"Severity\": \"Info\",\n        \"SvcProviderName\": \"occaecat qui dolor\",\n        \"ServerStatusCode\": \"ullam\",\n        \"ServerStatusDesc\": \"elit deserunt\",\n        \"OvrdExceptionInd\": false,\n        \"SubjectElement\": [\n          {\n            \"Path\": \"labore Ut ut do\",\n            \"ServerPath\": \"laborum consequat ullamco\",\n            \"Value\": \"officia\"\n          },\n          {\n            \"Path\": \"amet cillum consectetur exercitation\",\n            \"ServerPath\": \"in ut Excepteur\",\n            \"Value\": \"mollit proident\"\n          }\n        ]\n      },\n      {\n        \"StatusCode\": \"ipsum exercit\",\n        \"StatusDesc\": \"reprehenderit\",\n        \"Severity\": \"Info\",\n        \"SvcProviderName\": \"deserunt qui\",\n        \"ServerStatusCode\": \"aliquip et laboru\",\n        \"ServerStatusDesc\": \"cillum do\",\n        \"OvrdExceptionInd\": true,\n        \"SubjectElement\": [\n          {\n            \"Path\": \"dolore\",\n            \"ServerPath\": \"cil\",\n            \"Value\": \"non Lorem et sed\"\n          },\n          {\n            \"Path\": \"ea sit cupidatat adipisicing consectetur\",\n            \"ServerPath\": \"sit consequat\",\n            \"Value\": \"amet exercitation magna ut\"\n          }\n        ]\n      }\n    ]\n  },\n  \"Receipt\": {\n    \"TellerIdent\": \"fugiat veniam ut esse\",\n    \"TrnAmt\": {\n      \"Amt\": -93179318.3656778\n    },\n    \"AcctBal\": [\n      {\n        \"BalType\": \"Current\",\n        \"CurAmt\": {\n          \"Amt\": 40647875.49950454\n        }\n      },\n      {\n        \"BalType\": \"Current\",\n        \"CurAmt\": {\n          \"Amt\": 38701857.17920661\n        }\n      }\n    ]\n  }\n}","cookie":[],"_postman_previewlanguage":"json"}],"event":[],"protocolProfileBehavior":{"disableBodyPruning":true}}],"event":[],"variable":[{"type":"string","value":"/","key":"baseUrl"}],"info":{"_postman_id":"2f807042-308d-45f1-8f84-beed11250b7a","name":"Debit Service","schema":"https://schema.getpostman.com/json/collection/v2.1.0/collection.json","description":{"content":"This service domain is the debit facility for Accounts. A debit is performed with the use of a DebitAdd message. \\_The client \\_can use the DebitRev message to reverse the previous debit request.","type":"text/plain"}}}