{"item":[{"id":"e8bf857a-8ebd-40c8-8b00-1ce858cee716","name":"Reverse Debit.","request":{"name":"Reverse Debit.","description":{"content":"Reverses the previously processed debit transaction in an account. This API reverses the effect of DebitAdd transaction.    <br>\n        For more information about the Transactions domain, <a href=\"../docs/?path=docs/fintechs/transactions.md\" title=\"Click to open\">click here.</a> <br><br>\n        <b>Relates to:</b>\n          <ul> \n            <li><a href=\"../docs/?path=docs/banks-and-CU/deposits.md\">Deposits</a></li>\n            <li><a href=\"../docs/?path=docs/banks-and-CU/loans.md\">Loans</a></li>\n            <li><a href=\"../docs/?path=docs/banks-and-CU/bank-servicing.md\">Bank Servicing</a></li>\n            <li><a href=\"../docs/?path=docs/banks-and-CU/cash-mgt.md\">Cash Management</a></li>\n            <li><a href=\"../docs/?path=docs/banks-and-CU/treasury-services.md\">Treasury Services</a></li>\n          </ul>","type":"text/plain"},"url":{"path":["debitservice","payments","debits"],"host":["{{baseUrl}}"],"query":[],"variable":[]},"header":[{"disabled":false,"description":"(Required) EFX Header is a common and required component for all API calls, it contains client-related parameters. Please note that the header parameters should be sent as a JSON object under the EFXHeader parameter. To view the list of header parameters, <a href=\"../docs?path=docs/api-ref-EFX-header.md\" title=\"Click to open\"> click here.</a>","key":"EFXHeader","value":"OrganizationId,<string>,TrnId,<string>,VendorId,<string>,Context,[object Object]"},{"key":"Content-Type","value":"application/json"},{"key":"Accept","value":"application/json"}],"method":"PUT","auth":null,"body":{"mode":"raw","raw":"{\n  \"DebitInfo\": {\n    \"CompositeCurAmt\": [\n      {\n        \"CurAmt\": {\n          \"Amt\": \"<number>\"\n        },\n        \"CompositeCurAmtType\": \"<string>\",\n        \"CompositeSeqId\": \"<string>\",\n        \"SpecialHandling\": \"NoPenalty\"\n      },\n      {\n        \"CurAmt\": {\n          \"Amt\": \"<number>\"\n        },\n        \"CompositeCurAmtType\": \"<string>\",\n        \"CompositeSeqId\": \"<string>\",\n        \"SpecialHandling\": \"FromBalAmt\"\n      }\n    ],\n    \"DebitType\": \"<string>\",\n    \"EffDt\": \"<string>\",\n    \"MediaType\": \"<string>\",\n    \"MonetaryInstrData\": [\n      {\n        \"MonetaryInstrType\": \"<string>\",\n        \"MonetaryInstrAmt\": {\n          \"Amt\": \"<number>\"\n        }\n      },\n      {\n        \"MonetaryInstrType\": \"<string>\",\n        \"MonetaryInstrAmt\": {\n          \"Amt\": \"<number>\"\n        }\n      }\n    ],\n    \"OtherFundsInAmt\": {\n      \"Amt\": \"<number>\"\n    },\n    \"OtherFundsOutAmt\": {\n      \"Amt\": \"<number>\"\n    },\n    \"XferToAcct\": [\n      {\n        \"ToAcctRef\": {\n          \"AcctKeys\": {\n            \"AcctId\": {\n              \"value\": \"<Error: Too many levels of nesting to fake this schema>\"\n            },\n            \"SubAcctId\": {\n              \"value\": \"<Error: Too many levels of nesting to fake this schema>\"\n            },\n            \"AcctType\": {\n              \"value\": \"<Error: Too many levels of nesting to fake this schema>\"\n            }\n          }\n        }\n      },\n      {\n        \"ToAcctRef\": {\n          \"AcctKeys\": {\n            \"AcctId\": {\n              \"value\": \"<Error: Too many levels of nesting to fake this schema>\"\n            },\n            \"SubAcctId\": {\n              \"value\": \"<Error: Too many levels of nesting to fake this schema>\"\n            },\n            \"AcctType\": {\n              \"value\": \"<Error: Too many levels of nesting to fake this schema>\"\n            }\n          }\n        }\n      }\n    ],\n    \"PayeeData\": {\n      \"Name\": \"<string>\"\n    },\n    \"RemitterData\": {\n      \"Name\": \"<string>\"\n    }\n  },\n  \"RevReasonCode\": \"<string>\",\n  \"DebitKeys\": {\n    \"DebitId\": \"<string>\",\n    \"AcctKeys\": {\n      \"AcctId\": \"<string>\",\n      \"AcctType\": \"<string>\",\n      \"BranchIdent\": \"<string>\"\n    }\n  }\n}","options":{"raw":{"language":"json"}}}},"response":[{"id":"9b2f175a-0eba-48da-be65-40bfc1726b95","name":"Success","originalRequest":{"url":{"path":["debitservice","payments","debits"],"host":["{{baseUrl}}"],"query":[],"variable":[]},"header":[{"disabled":false,"description":"(Required) EFX Header is a common and required component for all API calls, it contains client-related parameters. Please note that the header parameters should be sent as a JSON object under the EFXHeader parameter. To view the list of header parameters, <a href=\"../docs?path=docs/api-ref-EFX-header.md\" title=\"Click to open\"> click here.</a>","key":"EFXHeader","value":"OrganizationId,<string>,TrnId,<string>,VendorId,<string>,Context,[object Object]"},{"key":"Accept","value":"application/json"}],"method":"PUT","body":{"mode":"raw","raw":"{\n  \"DebitInfo\": {\n    \"CompositeCurAmt\": [\n      {\n        \"CurAmt\": {\n          \"Amt\": \"<number>\"\n        },\n        \"CompositeCurAmtType\": \"<string>\",\n        \"CompositeSeqId\": \"<string>\",\n        \"SpecialHandling\": \"NoPenalty\"\n      },\n      {\n        \"CurAmt\": {\n          \"Amt\": \"<number>\"\n        },\n        \"CompositeCurAmtType\": \"<string>\",\n        \"CompositeSeqId\": \"<string>\",\n        \"SpecialHandling\": \"NoPenalty\"\n      }\n    ],\n    \"DebitType\": \"<string>\",\n    \"EffDt\": \"<string>\",\n    \"MediaType\": \"<string>\",\n    \"MonetaryInstrData\": [\n      {\n        \"MonetaryInstrType\": \"<string>\",\n        \"MonetaryInstrAmt\": {\n          \"Amt\": \"<number>\"\n        }\n      },\n      {\n        \"MonetaryInstrType\": \"<string>\",\n        \"MonetaryInstrAmt\": {\n          \"Amt\": \"<number>\"\n        }\n      }\n    ],\n    \"OtherFundsInAmt\": {\n      \"Amt\": \"<number>\"\n    },\n    \"OtherFundsOutAmt\": {\n      \"Amt\": \"<number>\"\n    },\n    \"XferToAcct\": [\n      {\n        \"ToAcctRef\": {\n          \"AcctKeys\": {\n            \"AcctId\": {\n              \"value\": \"<Error: Too many levels of nesting to fake this schema>\"\n            },\n            \"SubAcctId\": {\n              \"value\": \"<Error: Too many levels of nesting to fake this schema>\"\n            },\n            \"AcctType\": {\n              \"value\": \"<Error: Too many levels of nesting to fake this schema>\"\n            }\n          }\n        }\n      },\n      {\n        \"ToAcctRef\": {\n          \"AcctKeys\": {\n            \"AcctId\": {\n              \"value\": \"<Error: Too many levels of nesting to fake this schema>\"\n            },\n            \"SubAcctId\": {\n              \"value\": \"<Error: Too many levels of nesting to fake this schema>\"\n            },\n            \"AcctType\": {\n              \"value\": \"<Error: Too many levels of nesting to fake this schema>\"\n            }\n          }\n        }\n      }\n    ],\n    \"PayeeData\": {\n      \"Name\": \"<string>\"\n    },\n    \"RemitterData\": {\n      \"Name\": \"<string>\"\n    }\n  },\n  \"RevReasonCode\": \"<string>\",\n  \"DebitKeys\": {\n    \"DebitId\": \"<string>\",\n    \"AcctKeys\": {\n      \"AcctId\": \"<string>\",\n      \"AcctType\": \"<string>\",\n      \"BranchIdent\": \"<string>\"\n    }\n  }\n}","options":{"raw":{"language":"json"}}}},"status":"OK","code":200,"header":[{"key":"Content-Type","value":"application/json"}],"body":"{\n  \"DebitStatusRec\": {\n    \"DebitStatus\": {\n      \"DebitStatusCode\": \"consectetur mollit in aliquip\",\n      \"EffDt\": \"2602-09-13T75:61\"\n    },\n    \"DebitKeys\": {\n      \"AcctKeys\": {\n        \"AcctId\": \"non pr\",\n        \"AcctType\": \"reprehenderit\"\n      }\n    }\n  },\n  \"Status\": {\n    \"Severity\": \"Info\",\n    \"StatusCode\": \"pa\",\n    \"StatusDesc\": \"tempor officia\",\n    \"SvcProviderName\": \"minim\",\n    \"Id\": \"amet officia nulla\",\n    \"ServerStatusCode\": \"incididunt veniam d\",\n    \"ServerStatusDesc\": \"aliquip ullamco\",\n    \"OvrdExceptionInd\": false,\n    \"SubjectRole\": \"sunt culpa amet\",\n    \"SubjectElement\": [\n      {\n        \"Path\": \"est irure\",\n        \"ServerPath\": \"minim nisi labore sit\",\n        \"Value\": \"sed qui consequat velit\"\n      },\n      {\n        \"Path\": \"ut qui in\",\n        \"ServerPath\": \"ad id adipisicing\",\n        \"Value\": \"deserunt anim non qui\"\n      }\n    ],\n    \"ContentHTML\": \"dolore\",\n    \"AdditionalStatus\": [\n      {\n        \"StatusCode\": \"Excepteur enim la\",\n        \"StatusDesc\": \"amet sit minim labore velit\",\n        \"Severity\": \"Error\",\n        \"SvcProviderName\": \"proident\",\n        \"ServerStatusCode\": \"ut non fugiat\",\n        \"ServerStatusDesc\": \"commodo ea Ut elit veniam\",\n        \"OvrdExceptionInd\": false,\n        \"SubjectElement\": [\n          {\n            \"Path\": \"Duis Excepteur eu\",\n            \"ServerPath\": \"aute\",\n            \"Value\": \"sint tempor qui\"\n          },\n          {\n            \"Path\": \"e\",\n            \"ServerPath\": \"deserunt aliqua in exercitation\",\n            \"Value\": \"cupidatat commodo\"\n          }\n        ]\n      },\n      {\n        \"StatusCode\": \"irure consequat\",\n        \"StatusDesc\": \"esse in aliquip irure\",\n        \"Severity\": \"Info\",\n        \"SvcProviderName\": \"est amet laborum\",\n        \"ServerStatusCode\": \"dolor reprehe\",\n        \"ServerStatusDesc\": \"laboris eu\",\n        \"OvrdExceptionInd\": true,\n        \"SubjectElement\": [\n          {\n            \"Path\": \"nisi\",\n            \"ServerPath\": \"proident\",\n            \"Value\": \"culpa magna sunt esse\"\n          },\n          {\n            \"Path\": \"occaecat ad do ullamco\",\n            \"ServerPath\": \"ex Ut id amet aliquip\",\n            \"Value\": \"in commodo\"\n          }\n        ]\n      }\n    ]\n  },\n  \"AcctInfoDtl\": {\n    \"Name\": \"nulla et reprehenderit\",\n    \"MaturityDt\": \"1992-07-07\",\n    \"Rate\": -53320315.94325648,\n    \"AcctBal\": [\n      {\n        \"BalType\": \"ex officia est\",\n        \"CurAmt\": {\n          \"Amt\": \"<number>\"\n        }\n      },\n      {\n        \"BalType\": \"proident pariatur sint\",\n        \"CurAmt\": {\n          \"Amt\": \"<number>\"\n        }\n      }\n    ]\n  },\n  \"Receipt\": {\n    \"Name\": \"do non irure c\",\n    \"MaturityDt\": \"1977-09-16\",\n    \"Rate\": 73600576.78687423,\n    \"AcctBal\": [\n      {\n        \"BalType\": \"Principal\",\n        \"CurAmt\": {\n          \"Amt\": \"<number>\"\n        }\n      },\n      {\n        \"BalType\": \"Principal\",\n        \"CurAmt\": {\n          \"Amt\": \"<number>\"\n        }\n      }\n    ]\n  }\n}","cookie":[],"_postman_previewlanguage":"json"},{"id":"80c4eccb-6709-44b8-ac85-2a861d5bd43a","name":"To view the complete list of response codes, <a href=\"../docs/?path=docs/response-codes.md\" title=\"Click to open\">click here.</a>","originalRequest":{"url":{"path":["debitservice","payments","debits"],"host":["{{baseUrl}}"],"query":[],"variable":[]},"header":[{"disabled":false,"description":"(Required) EFX Header is a common and required component for all API calls, it contains client-related parameters. Please note that the header parameters should be sent as a JSON object under the EFXHeader parameter. To view the list of header parameters, <a href=\"../docs?path=docs/api-ref-EFX-header.md\" title=\"Click to open\"> click here.</a>","key":"EFXHeader","value":"OrganizationId,<string>,TrnId,<string>,VendorId,<string>,Context,[object Object]"},{"key":"Accept","value":"application/json"}],"method":"PUT","body":{"mode":"raw","raw":"{\n  \"DebitInfo\": {\n    \"CompositeCurAmt\": [\n      {\n        \"CurAmt\": {\n          \"Amt\": \"<number>\"\n        },\n        \"CompositeCurAmtType\": \"<string>\",\n        \"CompositeSeqId\": \"<string>\",\n        \"SpecialHandling\": \"NoPenalty\"\n      },\n      {\n        \"CurAmt\": {\n          \"Amt\": \"<number>\"\n        },\n        \"CompositeCurAmtType\": \"<string>\",\n        \"CompositeSeqId\": \"<string>\",\n        \"SpecialHandling\": \"NoPenalty\"\n      }\n    ],\n    \"DebitType\": \"<string>\",\n    \"EffDt\": \"<string>\",\n    \"MediaType\": \"<string>\",\n    \"MonetaryInstrData\": [\n      {\n        \"MonetaryInstrType\": \"<string>\",\n        \"MonetaryInstrAmt\": {\n          \"Amt\": \"<number>\"\n        }\n      },\n      {\n        \"MonetaryInstrType\": \"<string>\",\n        \"MonetaryInstrAmt\": {\n          \"Amt\": \"<number>\"\n        }\n      }\n    ],\n    \"OtherFundsInAmt\": {\n      \"Amt\": \"<number>\"\n    },\n    \"OtherFundsOutAmt\": {\n      \"Amt\": \"<number>\"\n    },\n    \"XferToAcct\": [\n      {\n        \"ToAcctRef\": {\n          \"AcctKeys\": {\n            \"AcctId\": {\n              \"value\": \"<Error: Too many levels of nesting to fake this schema>\"\n            },\n            \"SubAcctId\": {\n              \"value\": \"<Error: Too many levels of nesting to fake this schema>\"\n            },\n            \"AcctType\": {\n              \"value\": \"<Error: Too many levels of nesting to fake this schema>\"\n            }\n          }\n        }\n      },\n      {\n        \"ToAcctRef\": {\n          \"AcctKeys\": {\n            \"AcctId\": {\n              \"value\": \"<Error: Too many levels of nesting to fake this schema>\"\n            },\n            \"SubAcctId\": {\n              \"value\": \"<Error: Too many levels of nesting to fake this schema>\"\n            },\n            \"AcctType\": {\n              \"value\": \"<Error: Too many levels of nesting to fake this schema>\"\n            }\n          }\n        }\n      }\n    ],\n    \"PayeeData\": {\n      \"Name\": \"<string>\"\n    },\n    \"RemitterData\": {\n      \"Name\": \"<string>\"\n    }\n  },\n  \"RevReasonCode\": \"<string>\",\n  \"DebitKeys\": {\n    \"DebitId\": \"<string>\",\n    \"AcctKeys\": {\n      \"AcctId\": \"<string>\",\n      \"AcctType\": \"<string>\",\n      \"BranchIdent\": \"<string>\"\n    }\n  }\n}","options":{"raw":{"language":"json"}}}},"status":"Internal Server Error","code":500,"header":[{"key":"Content-Type","value":"application/json"}],"body":"{\n  \"DebitStatusRec\": {\n    \"DebitStatus\": {\n      \"DebitStatusCode\": \"sed aliquip proident\",\n      \"EffDt\": \"5613-34-36T85:03:75.606\"\n    },\n    \"DebitKeys\": {\n      \"AcctKeys\": {\n        \"AcctId\": \"nostrud cillum enim\",\n        \"AcctType\": \"dolore pariatur\"\n      }\n    }\n  },\n  \"Status\": {\n    \"Severity\": \"Error\",\n    \"StatusCode\": \"cillum ani\",\n    \"StatusDesc\": \"Excepteur dolore ullamco\",\n    \"SvcProviderName\": \"Ut incididunt Lorem velit\",\n    \"Id\": \"eu \",\n    \"ServerStatusCode\": \"ve\",\n    \"ServerStatusDesc\": \"id amet aliqua\",\n    \"OvrdExceptionInd\": false,\n    \"SubjectRole\": \"commodo do proident in\",\n    \"SubjectElement\": [\n      {\n        \"Path\": \"in qui pariatur ex\",\n        \"ServerPath\": \"labore Ut adipisicing\",\n        \"Value\": \"sed deserunt quis sit in\"\n      },\n      {\n        \"Path\": \"Lorem ex elit\",\n        \"ServerPath\": \"dolor sint esse voluptate\",\n        \"Value\": \"ips\"\n      }\n    ],\n    \"ContentHTML\": \"esse dolor\",\n    \"AdditionalStatus\": [\n      {\n        \"StatusCode\": \"E\",\n        \"StatusDesc\": \"do ut dolor sit\",\n        \"Severity\": \"Warning\",\n        \"SvcProviderName\": \"amet ea sit ut minim\",\n        \"ServerStatusCode\": \"\",\n        \"ServerStatusDesc\": \"deserunt ipsum commodo in\",\n        \"OvrdExceptionInd\": true,\n        \"SubjectElement\": [\n          {\n            \"Path\": \"deserunt Duis pariatur\",\n            \"ServerPath\": \"fugiat enim ut veniam\",\n            \"Value\": \"proident et aute ea\"\n          },\n          {\n            \"Path\": \"proident f\",\n            \"ServerPath\": \"ipsum et id anim\",\n            \"Value\": \"labore sint culpa\"\n          }\n        ]\n      },\n      {\n        \"StatusCode\": \"irure mol\",\n        \"StatusDesc\": \"aliqua\",\n        \"Severity\": \"Error\",\n        \"SvcProviderName\": \"occaecat nulla\",\n        \"ServerStatusCode\": \"ve\",\n        \"ServerStatusDesc\": \"amet anim laboris\",\n        \"OvrdExceptionInd\": true,\n        \"SubjectElement\": [\n          {\n            \"Path\": \"ipsum\",\n            \"ServerPath\": \"fugiat laborum velit\",\n            \"Value\": \"sed\"\n          },\n          {\n            \"Path\": \"pariatur quis consequat\",\n            \"ServerPath\": \"amet proident ut\",\n            \"Value\": \"esse dolor nisi\"\n          }\n        ]\n      }\n    ]\n  },\n  \"AcctInfoDtl\": {\n    \"Name\": \"minim pariatur enim in proident\",\n    \"MaturityDt\": \"2000-07-08\",\n    \"Rate\": -65341186.381938644,\n    \"AcctBal\": [\n      {\n        \"BalType\": \"sunt reprehenderit\",\n        \"CurAmt\": {\n          \"Amt\": \"<number>\"\n        }\n      },\n      {\n        \"BalType\": \"eu magna qui reprehenderit\",\n        \"CurAmt\": {\n          \"Amt\": \"<number>\"\n        }\n      }\n    ]\n  },\n  \"Receipt\": {\n    \"Name\": \"occaecat voluptate\",\n    \"MaturityDt\": \"1998-10-25\",\n    \"Rate\": -77539418.57199731,\n    \"AcctBal\": [\n      {\n        \"BalType\": \"Principal\",\n        \"CurAmt\": {\n          \"Amt\": \"<number>\"\n        }\n      },\n      {\n        \"BalType\": \"Current\",\n        \"CurAmt\": {\n          \"Amt\": \"<number>\"\n        }\n      }\n    ]\n  }\n}","cookie":[],"_postman_previewlanguage":"json"}],"event":[],"protocolProfileBehavior":{"disableBodyPruning":true}}],"event":[],"variable":[{"type":"string","value":"/","key":"baseUrl"}],"info":{"_postman_id":"43827f3d-6617-4ba0-81b6-ce1f9022722f","name":"Debit Service","schema":"https://schema.getpostman.com/json/collection/v2.1.0/collection.json","description":{"content":"This service domain is the debit facility for Accounts. A debit is performed with the use of a DebitAdd message. \\_The client \\_can use the DebitRev message to reverse the previous debit request.","type":"text/plain"}}}