{"item":[{"id":"8eace1d1-bae8-41f5-bfc2-9cb3a86a8f93","name":"Reverse Debit.","request":{"name":"Reverse Debit.","description":{"content":"Reverses the previously processed debit transaction in an account. This API reverses the effect of DebitAdd transaction.<br>\n        <br>\n        For more information about the Transactions domain, <a href=\"../docs/?path=docs/fintechs/transactions.md\" title=\"Click to open\">click here.</a> <br><br>\n        <b>Relates to:</b>\n          <ul> \n            <li><a href=\"../docs/?path=docs/banks-and-CU/deposits.md\">Deposits</a></li>\n            <li><a href=\"../docs/?path=docs/banks-and-CU/loans.md\">Loans</a></li>\n            <li><a href=\"../docs/?path=docs/banks-and-CU/bank-servicing.md\">Bank Servicing</a></li>\n            <li><a href=\"../docs/?path=docs/banks-and-CU/cash-mgt.md\">Cash Management</a></li>\n            <li><a href=\"../docs/?path=docs/banks-and-CU/treasury-services.md\">Treasury Services</a></li>\n          </ul>","type":"text/plain"},"url":{"path":["debitservice","payments","debits"],"host":["{{baseUrl}}"],"query":[],"variable":[]},"header":[{"disabled":false,"description":"(Required) EFX Header is a common and required component for all API calls, it contains client-related parameters. Please note that the header parameters should be sent as a JSON object under the EFXHeader parameter. To view the list of header parameters, <a href=\"../docs?path=docs/api-ref-EFX-header.md\" title=\"Click to open\"> click here.</a>","key":"EFXHeader","value":"OrganizationId,<string>,TrnId,<string>,VendorId,<string>,Context,[object Object]"},{"key":"Content-Type","value":"application/json"},{"key":"Accept","value":"application/json"}],"method":"PUT","auth":null,"body":{"mode":"raw","raw":"{\n  \"DebitInfo\": {\n    \"CompositeCurAmt\": [\n      {\n        \"CurAmt\": {\n          \"Amt\": \"<number>\",\n          \"CurCode\": {\n            \"CurCodeValue\": {\n              \"value\": \"<Error: Too many levels of nesting to fake this schema>\"\n            },\n            \"CurCodeType\": {\n              \"value\": \"<Error: Too many levels of nesting to fake this schema>\"\n            }\n          }\n        }\n      },\n      {\n        \"CurAmt\": {\n          \"Amt\": \"<number>\",\n          \"CurCode\": {\n            \"CurCodeValue\": {\n              \"value\": \"<Error: Too many levels of nesting to fake this schema>\"\n            },\n            \"CurCodeType\": {\n              \"value\": \"<Error: Too many levels of nesting to fake this schema>\"\n            }\n          }\n        }\n      }\n    ],\n    \"DebitType\": \"<string>\"\n  },\n  \"OvrdExceptionData\": {\n    \"OvrdAutoAckInd\": \"<boolean>\"\n  },\n  \"DebitKeys\": {\n    \"AcctKeys\": {\n      \"AcctId\": \"<string>\",\n      \"AcctType\": \"<string>\"\n    }\n  }\n}","options":{"raw":{"language":"json"}}}},"response":[{"id":"6b4fd124-1f1f-470f-a400-4a2d3df7ec67","name":"Success","originalRequest":{"url":{"path":["debitservice","payments","debits"],"host":["{{baseUrl}}"],"query":[],"variable":[]},"header":[{"disabled":false,"description":"(Required) EFX Header is a common and required component for all API calls, it contains client-related parameters. Please note that the header parameters should be sent as a JSON object under the EFXHeader parameter. To view the list of header parameters, <a href=\"../docs?path=docs/api-ref-EFX-header.md\" title=\"Click to open\"> click here.</a>","key":"EFXHeader","value":"OrganizationId,<string>,TrnId,<string>,VendorId,<string>,Context,[object Object]"},{"key":"Accept","value":"application/json"}],"method":"PUT","body":{"mode":"raw","raw":"{\n  \"DebitInfo\": {\n    \"CompositeCurAmt\": [\n      {\n        \"CurAmt\": {\n          \"Amt\": \"<number>\",\n          \"CurCode\": {\n            \"CurCodeValue\": {\n              \"value\": \"<Error: Too many levels of nesting to fake this schema>\"\n            },\n            \"CurCodeType\": {\n              \"value\": \"<Error: Too many levels of nesting to fake this schema>\"\n            }\n          }\n        }\n      },\n      {\n        \"CurAmt\": {\n          \"Amt\": \"<number>\",\n          \"CurCode\": {\n            \"CurCodeValue\": {\n              \"value\": \"<Error: Too many levels of nesting to fake this schema>\"\n            },\n            \"CurCodeType\": {\n              \"value\": \"<Error: Too many levels of nesting to fake this schema>\"\n            }\n          }\n        }\n      }\n    ],\n    \"DebitType\": \"<string>\"\n  },\n  \"OvrdExceptionData\": {\n    \"OvrdAutoAckInd\": \"<boolean>\"\n  },\n  \"DebitKeys\": {\n    \"AcctKeys\": {\n      \"AcctId\": \"<string>\",\n      \"AcctType\": \"<string>\"\n    }\n  }\n}","options":{"raw":{"language":"json"}}}},"status":"OK","code":200,"header":[{"key":"Content-Type","value":"application/json"}],"body":"{\n  \"DebitStatusRec\": {\n    \"DebitStatus\": {\n      \"DebitStatusCode\": \"Reversed\",\n      \"EffDt\": \"5160-92-70T01:74:30.486+91:69\"\n    },\n    \"DebitKeys\": {\n      \"AcctKeys\": {\n        \"AcctId\": \"do magna\",\n        \"AcctType\": \"GLA\"\n      }\n    }\n  },\n  \"Status\": {\n    \"Severity\": \"Info\",\n    \"StatusCode\": \"tempor ex amet\",\n    \"StatusDesc\": \"magna laborum culpa Duis\",\n    \"SvcProviderName\": \"dolor incididunt amet\",\n    \"Id\": \"occaecat qui\",\n    \"ServerStatusCode\": \"sed\",\n    \"ServerStatusDesc\": \"aliquip non in nulla\",\n    \"OvrdExceptionInd\": true,\n    \"SubjectRole\": \"ea dolore\",\n    \"SubjectElement\": [\n      {\n        \"Path\": \"elit eu esse\",\n        \"ServerPath\": \"pariatur dolore\",\n        \"Value\": \"Ut sint\"\n      },\n      {\n        \"Path\": \"reprehenderit consequat\",\n        \"ServerPath\": \"sed non ut aliquip\",\n        \"Value\": \"nisi veniam cillum ip\"\n      }\n    ],\n    \"ContentHTML\": \"ad\",\n    \"AdditionalStatus\": [\n      {\n        \"StatusCode\": \"of\",\n        \"StatusDesc\": \"nulla minim ad\",\n        \"Severity\": \"Warning\",\n        \"SvcProviderName\": \"exercitation anim\",\n        \"ServerStatusCode\": \"exercitati\",\n        \"ServerStatusDesc\": \"do deserunt dolore quis\",\n        \"OvrdExceptionInd\": true,\n        \"SubjectElement\": [\n          {\n            \"Path\": \"id\",\n            \"ServerPath\": \"officia culpa magna exercitation\",\n            \"Value\": \"ullamco fugiat\"\n          },\n          {\n            \"Path\": \"ea in proiden\",\n            \"ServerPath\": \"anim\",\n            \"Value\": \"id ipsum sed\"\n          }\n        ]\n      },\n      {\n        \"StatusCode\": \"do sed\",\n        \"StatusDesc\": \"quis et in proident enim\",\n        \"Severity\": \"Error\",\n        \"SvcProviderName\": \"irure aliqua\",\n        \"ServerStatusCode\": \"eu aliqu\",\n        \"ServerStatusDesc\": \"officia eius\",\n        \"OvrdExceptionInd\": false,\n        \"SubjectElement\": [\n          {\n            \"Path\": \"commodo aliquip\",\n            \"ServerPath\": \"deserunt occaecat\",\n            \"Value\": \"Lorem dolore tempor minim incididunt\"\n          },\n          {\n            \"Path\": \"exercitation sit\",\n            \"ServerPath\": \"dolore\",\n            \"Value\": \"nostrud ullamco\"\n          }\n        ]\n      }\n    ]\n  },\n  \"Receipt\": {\n    \"TellerIdent\": \"exercitation do ut tempor\",\n    \"TrnAmt\": {\n      \"Amt\": -28564662.77021888\n    },\n    \"AcctBal\": [\n      {\n        \"BalType\": \"Current\",\n        \"CurAmt\": {\n          \"Amt\": 93563928.2377882\n        }\n      },\n      {\n        \"BalType\": \"Current\",\n        \"CurAmt\": {\n          \"Amt\": 84326677.73209038\n        }\n      }\n    ]\n  }\n}","cookie":[],"_postman_previewlanguage":"json"},{"id":"9779feb6-7215-4b83-82e9-16142c3b52b4","name":"To view the complete list of response codes, <a href=\"../docs/?path=docs/response-codes.md\" title=\"Click to open\">click here.</a>","originalRequest":{"url":{"path":["debitservice","payments","debits"],"host":["{{baseUrl}}"],"query":[],"variable":[]},"header":[{"disabled":false,"description":"(Required) EFX Header is a common and required component for all API calls, it contains client-related parameters. Please note that the header parameters should be sent as a JSON object under the EFXHeader parameter. To view the list of header parameters, <a href=\"../docs?path=docs/api-ref-EFX-header.md\" title=\"Click to open\"> click here.</a>","key":"EFXHeader","value":"OrganizationId,<string>,TrnId,<string>,VendorId,<string>,Context,[object Object]"},{"key":"Accept","value":"application/json"}],"method":"PUT","body":{"mode":"raw","raw":"{\n  \"DebitInfo\": {\n    \"CompositeCurAmt\": [\n      {\n        \"CurAmt\": {\n          \"Amt\": \"<number>\",\n          \"CurCode\": {\n            \"CurCodeValue\": {\n              \"value\": \"<Error: Too many levels of nesting to fake this schema>\"\n            },\n            \"CurCodeType\": {\n              \"value\": \"<Error: Too many levels of nesting to fake this schema>\"\n            }\n          }\n        }\n      },\n      {\n        \"CurAmt\": {\n          \"Amt\": \"<number>\",\n          \"CurCode\": {\n            \"CurCodeValue\": {\n              \"value\": \"<Error: Too many levels of nesting to fake this schema>\"\n            },\n            \"CurCodeType\": {\n              \"value\": \"<Error: Too many levels of nesting to fake this schema>\"\n            }\n          }\n        }\n      }\n    ],\n    \"DebitType\": \"<string>\"\n  },\n  \"OvrdExceptionData\": {\n    \"OvrdAutoAckInd\": \"<boolean>\"\n  },\n  \"DebitKeys\": {\n    \"AcctKeys\": {\n      \"AcctId\": \"<string>\",\n      \"AcctType\": \"<string>\"\n    }\n  }\n}","options":{"raw":{"language":"json"}}}},"status":"Internal Server Error","code":500,"header":[{"key":"Content-Type","value":"application/json"}],"body":"{\n  \"DebitStatusRec\": {\n    \"DebitStatus\": {\n      \"DebitStatusCode\": \"Reversed\",\n      \"EffDt\": \"8491-72-04\"\n    },\n    \"DebitKeys\": {\n      \"AcctKeys\": {\n        \"AcctId\": \"incididunt dol\",\n        \"AcctType\": \"GLA\"\n      }\n    }\n  },\n  \"Status\": {\n    \"Severity\": \"Info\",\n    \"StatusCode\": \"reprehender\",\n    \"StatusDesc\": \"adipisicing ea veniam ipsum\",\n    \"SvcProviderName\": \"ex fugiat in\",\n    \"Id\": \"veniam\",\n    \"ServerStatusCode\": \"ad \",\n    \"ServerStatusDesc\": \"ut officia magna laboris ea\",\n    \"OvrdExceptionInd\": false,\n    \"SubjectRole\": \"nisi\",\n    \"SubjectElement\": [\n      {\n        \"Path\": \"nostrud labore r\",\n        \"ServerPath\": \"anim consectetur sunt adipisicing\",\n        \"Value\": \"amet labore qui magna et\"\n      },\n      {\n        \"Path\": \"in fugiat nulla sint\",\n        \"ServerPath\": \"proident dolore ullamco laborum\",\n        \"Value\": \"cillum velit\"\n      }\n    ],\n    \"ContentHTML\": \"id est\",\n    \"AdditionalStatus\": [\n      {\n        \"StatusCode\": \"\",\n        \"StatusDesc\": \"aute quis Ut ut nulla\",\n        \"Severity\": \"Warning\",\n        \"SvcProviderName\": \"laborum qui\",\n        \"ServerStatusCode\": \"Lo\",\n        \"ServerStatusDesc\": \"nostrud ut ex occaecat\",\n        \"OvrdExceptionInd\": false,\n        \"SubjectElement\": [\n          {\n            \"Path\": \"nos\",\n            \"ServerPath\": \"laborum cupidatat\",\n            \"Value\": \"mollit Ut Duis\"\n          },\n          {\n            \"Path\": \"laboris commodo laborum occaecat\",\n            \"ServerPath\": \"aute cupidatat\",\n            \"Value\": \"quis cupidatat minim\"\n          }\n        ]\n      },\n      {\n        \"StatusCode\": \"nostr\",\n        \"StatusDesc\": \"officia tempor deserunt elit\",\n        \"Severity\": \"Error\",\n        \"SvcProviderName\": \"tempor \",\n        \"ServerStatusCode\": \"exerci\",\n        \"ServerStatusDesc\": \"irure anim ut\",\n        \"OvrdExceptionInd\": true,\n        \"SubjectElement\": [\n          {\n            \"Path\": \"ut\",\n            \"ServerPath\": \"elit\",\n            \"Value\": \"commodo velit\"\n          },\n          {\n            \"Path\": \"amet id\",\n            \"ServerPath\": \"adipisicing laboris reprehenderit\",\n            \"Value\": \"Ut\"\n          }\n        ]\n      }\n    ]\n  },\n  \"Receipt\": {\n    \"TellerIdent\": \"irure voluptate fugiat\",\n    \"TrnAmt\": {\n      \"Amt\": 60040181.62174934\n    },\n    \"AcctBal\": [\n      {\n        \"BalType\": \"Current\",\n        \"CurAmt\": {\n          \"Amt\": 31734312.28420514\n        }\n      },\n      {\n        \"BalType\": \"Current\",\n        \"CurAmt\": {\n          \"Amt\": -78104659.26789615\n        }\n      }\n    ]\n  }\n}","cookie":[],"_postman_previewlanguage":"json"}],"event":[],"protocolProfileBehavior":{"disableBodyPruning":true}}],"event":[],"variable":[{"type":"string","value":"/","key":"baseUrl"}],"info":{"_postman_id":"1e6244e0-bbd1-4e44-be57-0bfabc2d4a8e","name":"Debit Service","schema":"https://schema.getpostman.com/json/collection/v2.1.0/collection.json","description":{"content":"This service domain is the debit facility for Accounts. A debit is performed with the use of a DebitAdd message. \\_The client \\_can use the DebitRev message to reverse the previous debit request.","type":"text/plain"}}}