{"item":[{"id":"d9f35823-d310-427c-b719-0e8f2dcf99d1","name":"Add Debit.","request":{"name":"Add Debit.","description":{"content":"Adds a debit transaction entry to an account for withdrawal or payout of funds.<br>\n        <br>\n        For more information about the Transactions domain, <a href=\"../docs/?path=docs/fintechs/transactions.md\" title=\"Click to open\">click here.</a> <br><br>\n        <b>Relates to:</b>\n          <ul> \n            <li><a href=\"../docs/?path=docs/banks-and-CU/deposits.md\">Deposits</a></li>\n            <li><a href=\"../docs/?path=docs/banks-and-CU/loans.md\">Loans</a></li>\n            <li><a href=\"../docs/?path=docs/banks-and-CU/bank-servicing.md\">Bank Servicing</a></li>\n            <li><a href=\"../docs/?path=docs/banks-and-CU/cash-mgt.md\">Cash Management</a></li>\n            <li><a href=\"../docs/?path=docs/banks-and-CU/treasury-services.md\">Treasury Services</a></li>\n          </ul>","type":"text/plain"},"url":{"path":["debitservice","payments","debits"],"host":["{{baseUrl}}"],"query":[],"variable":[]},"header":[{"disabled":false,"description":"(Required) EFX Header is a common and required component for all API calls, it contains client-related parameters. Please note that the header parameters should be sent as a JSON object under the EFXHeader parameter. To view the list of header parameters, <a href=\"../docs?path=docs/api-ref-EFX-header.md\" title=\"Click to open\"> click here.</a>","key":"EFXHeader","value":"OrganizationId,<string>,TrnId,<string>,VendorId,<string>,Context,[object Object]"},{"key":"Content-Type","value":"application/json"},{"key":"Accept","value":"application/json"}],"method":"POST","auth":null,"body":{"mode":"raw","raw":"{\n  \"DebitInfo\": {\n    \"CompositeCurAmt\": [\n      {\n        \"CurAmt\": {\n          \"Amt\": \"<number>\"\n        },\n        \"CompositeCurAmtType\": \"<string>\",\n        \"CompositeSeqId\": \"<string>\",\n        \"SpecialHandling\": \"FromBalAmt\"\n      },\n      {\n        \"CurAmt\": {\n          \"Amt\": \"<number>\"\n        },\n        \"CompositeCurAmtType\": \"<string>\",\n        \"CompositeSeqId\": \"<string>\",\n        \"SpecialHandling\": \"FromBalAmt\"\n      }\n    ],\n    \"DebitType\": \"<string>\",\n    \"EffDt\": \"<string>\",\n    \"MediaType\": \"<string>\",\n    \"AcctRef\": {\n      \"AcctKeys\": {\n        \"AcctId\": \"<string>\",\n        \"AcctType\": \"<string>\",\n        \"BranchIdent\": \"<string>\"\n      }\n    },\n    \"CashOutData\": [\n      {\n        \"CashAmt\": {\n          \"Amt\": \"<number>\"\n        }\n      },\n      {\n        \"CashAmt\": {\n          \"Amt\": \"<number>\"\n        }\n      }\n    ],\n    \"MonetaryInstrData\": [\n      {\n        \"MonetaryInstrNum\": \"<string>\",\n        \"MonetaryInstrAmt\": {\n          \"Amt\": \"<number>\"\n        },\n        \"MonetaryInstrType\": \"<string>\"\n      },\n      {\n        \"MonetaryInstrNum\": \"<string>\",\n        \"MonetaryInstrAmt\": {\n          \"Amt\": \"<number>\"\n        },\n        \"MonetaryInstrType\": \"<string>\"\n      }\n    ],\n    \"OtherFundsInAmt\": {\n      \"Amt\": \"<number>\"\n    },\n    \"OtherFundsOutAmt\": {\n      \"Amt\": \"<number>\"\n    },\n    \"XferToAcct\": [\n      {\n        \"ToAcctRef\": {\n          \"AcctKeys\": {\n            \"AcctId\": {\n              \"value\": \"<Error: Too many levels of nesting to fake this schema>\"\n            },\n            \"SubAcctId\": {\n              \"value\": \"<Error: Too many levels of nesting to fake this schema>\"\n            },\n            \"AcctType\": {\n              \"value\": \"<Error: Too many levels of nesting to fake this schema>\"\n            }\n          }\n        }\n      },\n      {\n        \"ToAcctRef\": {\n          \"AcctKeys\": {\n            \"AcctId\": {\n              \"value\": \"<Error: Too many levels of nesting to fake this schema>\"\n            },\n            \"SubAcctId\": {\n              \"value\": \"<Error: Too many levels of nesting to fake this schema>\"\n            },\n            \"AcctType\": {\n              \"value\": \"<Error: Too many levels of nesting to fake this schema>\"\n            }\n          }\n        }\n      }\n    ],\n    \"PayeeData\": {\n      \"Name\": \"<string>\"\n    },\n    \"RemitterData\": {\n      \"Name\": \"<string>\"\n    }\n  }\n}","options":{"raw":{"language":"json"}}}},"response":[{"id":"da789a88-e5d3-4d95-9625-a1763183114f","name":"Created","originalRequest":{"url":{"path":["debitservice","payments","debits"],"host":["{{baseUrl}}"],"query":[],"variable":[]},"header":[{"disabled":false,"description":"(Required) EFX Header is a common and required component for all API calls, it contains client-related parameters. Please note that the header parameters should be sent as a JSON object under the EFXHeader parameter. To view the list of header parameters, <a href=\"../docs?path=docs/api-ref-EFX-header.md\" title=\"Click to open\"> click here.</a>","key":"EFXHeader","value":"OrganizationId,<string>,TrnId,<string>,VendorId,<string>,Context,[object Object]"},{"key":"Accept","value":"application/json"}],"method":"POST","body":{"mode":"raw","raw":"{\n  \"DebitInfo\": {\n    \"CompositeCurAmt\": [\n      {\n        \"CurAmt\": {\n          \"Amt\": \"<number>\"\n        },\n        \"CompositeCurAmtType\": \"<string>\",\n        \"CompositeSeqId\": \"<string>\",\n        \"SpecialHandling\": \"Penalty\"\n      },\n      {\n        \"CurAmt\": {\n          \"Amt\": \"<number>\"\n        },\n        \"CompositeCurAmtType\": \"<string>\",\n        \"CompositeSeqId\": \"<string>\",\n        \"SpecialHandling\": \"NoPenalty\"\n      }\n    ],\n    \"DebitType\": \"<string>\",\n    \"EffDt\": \"<string>\",\n    \"MediaType\": \"<string>\",\n    \"AcctRef\": {\n      \"AcctKeys\": {\n        \"AcctId\": \"<string>\",\n        \"AcctType\": \"<string>\",\n        \"BranchIdent\": \"<string>\"\n      }\n    },\n    \"CashOutData\": [\n      {\n        \"CashAmt\": {\n          \"Amt\": \"<number>\"\n        }\n      },\n      {\n        \"CashAmt\": {\n          \"Amt\": \"<number>\"\n        }\n      }\n    ],\n    \"MonetaryInstrData\": [\n      {\n        \"MonetaryInstrNum\": \"<string>\",\n        \"MonetaryInstrAmt\": {\n          \"Amt\": \"<number>\"\n        },\n        \"MonetaryInstrType\": \"<string>\"\n      },\n      {\n        \"MonetaryInstrNum\": \"<string>\",\n        \"MonetaryInstrAmt\": {\n          \"Amt\": \"<number>\"\n        },\n        \"MonetaryInstrType\": \"<string>\"\n      }\n    ],\n    \"OtherFundsInAmt\": {\n      \"Amt\": \"<number>\"\n    },\n    \"OtherFundsOutAmt\": {\n      \"Amt\": \"<number>\"\n    },\n    \"XferToAcct\": [\n      {\n        \"ToAcctRef\": {\n          \"AcctKeys\": {\n            \"AcctId\": {\n              \"value\": \"<Error: Too many levels of nesting to fake this schema>\"\n            },\n            \"SubAcctId\": {\n              \"value\": \"<Error: Too many levels of nesting to fake this schema>\"\n            },\n            \"AcctType\": {\n              \"value\": \"<Error: Too many levels of nesting to fake this schema>\"\n            }\n          }\n        }\n      },\n      {\n        \"ToAcctRef\": {\n          \"AcctKeys\": {\n            \"AcctId\": {\n              \"value\": \"<Error: Too many levels of nesting to fake this schema>\"\n            },\n            \"SubAcctId\": {\n              \"value\": \"<Error: Too many levels of nesting to fake this schema>\"\n            },\n            \"AcctType\": {\n              \"value\": \"<Error: Too many levels of nesting to fake this schema>\"\n            }\n          }\n        }\n      }\n    ],\n    \"PayeeData\": {\n      \"Name\": \"<string>\"\n    },\n    \"RemitterData\": {\n      \"Name\": \"<string>\"\n    }\n  }\n}","options":{"raw":{"language":"json"}}}},"status":"Created","code":201,"header":[{"key":"Content-Type","value":"application/json"}],"body":"{\n  \"DebitStatusRec\": {\n    \"DebitStatus\": {\n      \"DebitStatusCode\": \"Posted\",\n      \"EffDt\": \"7255-09-75T16:55:57.641\"\n    },\n    \"DebitKeys\": {\n      \"AcctKeys\": {\n        \"AcctId\": \"te\",\n        \"AcctType\": \"CDA\"\n      }\n    }\n  },\n  \"Status\": {\n    \"Severity\": \"Info\",\n    \"StatusCode\": \"quis ad\",\n    \"StatusDesc\": \"id aliqua\",\n    \"SvcProviderName\": \"deserunt adipisicing dolore veniam cillum\",\n    \"Id\": \"ea enim\",\n    \"ServerStatusCode\": \"Duis ut qui\",\n    \"ServerStatusDesc\": \"mollit\",\n    \"OvrdExceptionInd\": true,\n    \"SubjectRole\": \"fugiat adipisicing\",\n    \"SubjectElement\": [\n      {\n        \"Path\": \"cillum esse\",\n        \"ServerPath\": \"tempor Ut\",\n        \"Value\": \"tempor laborum non exercitation\"\n      },\n      {\n        \"Path\": \"dolore Ut Lorem nulla\",\n        \"ServerPath\": \"mollit tempor Duis ut\",\n        \"Value\": \"cupidatat aute magna\"\n      }\n    ],\n    \"ContentHTML\": \"ea consequat consectetur velit nostrud\",\n    \"AdditionalStatus\": [\n      {\n        \"StatusCode\": \"e\",\n        \"StatusDesc\": \"in tempor nisi dolor ipsum\",\n        \"Severity\": \"Info\",\n        \"SvcProviderName\": \"in tempor ad\",\n        \"ServerStatusCode\": \"est a\",\n        \"ServerStatusDesc\": \"in laboris tempor\",\n        \"OvrdExceptionInd\": true,\n        \"SubjectElement\": [\n          {\n            \"Path\": \"quis aute\",\n            \"ServerPath\": \"laboris\",\n            \"Value\": \"eiusmod aliq\"\n          },\n          {\n            \"Path\": \"minim officia Duis ut\",\n            \"ServerPath\": \"est laborum sunt cupidatat\",\n            \"Value\": \"enim veniam\"\n          }\n        ]\n      },\n      {\n        \"StatusCode\": \"ad ali\",\n        \"StatusDesc\": \"sit ullamco Excepteur\",\n        \"Severity\": \"Warning\",\n        \"SvcProviderName\": \"ut tempor elit aute sunt\",\n        \"ServerStatusCode\": \"au\",\n        \"ServerStatusDesc\": \"eu\",\n        \"OvrdExceptionInd\": true,\n        \"SubjectElement\": [\n          {\n            \"Path\": \"labore quis Duis\",\n            \"ServerPath\": \"officia cupidatat eiusmod\",\n            \"Value\": \"consectetur nostrud\"\n          },\n          {\n            \"Path\": \"culpa nisi officia\",\n            \"ServerPath\": \"eiusmod ut cillum mollit consectetur\",\n            \"Value\": \"velit dolore nulla\"\n          }\n        ]\n      }\n    ]\n  },\n  \"AcctInfoDtl\": {\n    \"Name\": \"in qui dolore\",\n    \"MaturityDt\": \"1973-07-17\",\n    \"Rate\": -7492726.867971152,\n    \"AcctBal\": [\n      {\n        \"BalType\": \"Principal\",\n        \"CurAmt\": {\n          \"Amt\": \"<number>\"\n        }\n      },\n      {\n        \"BalType\": \"Current\",\n        \"CurAmt\": {\n          \"Amt\": \"<number>\"\n        }\n      }\n    ]\n  },\n  \"Receipt\": {\n    \"Name\": \"culpa nulla ut eu elit\",\n    \"MaturityDt\": \"1983-02-11\",\n    \"Rate\": 86422185.74092421,\n    \"AcctBal\": [\n      {\n        \"BalType\": \"Current\",\n        \"CurAmt\": {\n          \"Amt\": \"<number>\"\n        }\n      },\n      {\n        \"BalType\": \"Principal\",\n        \"CurAmt\": {\n          \"Amt\": \"<number>\"\n        }\n      }\n    ]\n  }\n}","cookie":[],"_postman_previewlanguage":"json"},{"id":"33d563bd-0a6c-4d41-b25e-f38888c9c9c6","name":"To view the complete list of response codes, <a href=\"../docs/?path=docs/response-codes.md\" title=\"Click to open\">click here.</a>","originalRequest":{"url":{"path":["debitservice","payments","debits"],"host":["{{baseUrl}}"],"query":[],"variable":[]},"header":[{"disabled":false,"description":"(Required) EFX Header is a common and required component for all API calls, it contains client-related parameters. Please note that the header parameters should be sent as a JSON object under the EFXHeader parameter. To view the list of header parameters, <a href=\"../docs?path=docs/api-ref-EFX-header.md\" title=\"Click to open\"> click here.</a>","key":"EFXHeader","value":"OrganizationId,<string>,TrnId,<string>,VendorId,<string>,Context,[object Object]"},{"key":"Accept","value":"application/json"}],"method":"POST","body":{"mode":"raw","raw":"{\n  \"DebitInfo\": {\n    \"CompositeCurAmt\": [\n      {\n        \"CurAmt\": {\n          \"Amt\": \"<number>\"\n        },\n        \"CompositeCurAmtType\": \"<string>\",\n        \"CompositeSeqId\": \"<string>\",\n        \"SpecialHandling\": \"Penalty\"\n      },\n      {\n        \"CurAmt\": {\n          \"Amt\": \"<number>\"\n        },\n        \"CompositeCurAmtType\": \"<string>\",\n        \"CompositeSeqId\": \"<string>\",\n        \"SpecialHandling\": \"NoPenalty\"\n      }\n    ],\n    \"DebitType\": \"<string>\",\n    \"EffDt\": \"<string>\",\n    \"MediaType\": \"<string>\",\n    \"AcctRef\": {\n      \"AcctKeys\": {\n        \"AcctId\": \"<string>\",\n        \"AcctType\": \"<string>\",\n        \"BranchIdent\": \"<string>\"\n      }\n    },\n    \"CashOutData\": [\n      {\n        \"CashAmt\": {\n          \"Amt\": \"<number>\"\n        }\n      },\n      {\n        \"CashAmt\": {\n          \"Amt\": \"<number>\"\n        }\n      }\n    ],\n    \"MonetaryInstrData\": [\n      {\n        \"MonetaryInstrNum\": \"<string>\",\n        \"MonetaryInstrAmt\": {\n          \"Amt\": \"<number>\"\n        },\n        \"MonetaryInstrType\": \"<string>\"\n      },\n      {\n        \"MonetaryInstrNum\": \"<string>\",\n        \"MonetaryInstrAmt\": {\n          \"Amt\": \"<number>\"\n        },\n        \"MonetaryInstrType\": \"<string>\"\n      }\n    ],\n    \"OtherFundsInAmt\": {\n      \"Amt\": \"<number>\"\n    },\n    \"OtherFundsOutAmt\": {\n      \"Amt\": \"<number>\"\n    },\n    \"XferToAcct\": [\n      {\n        \"ToAcctRef\": {\n          \"AcctKeys\": {\n            \"AcctId\": {\n              \"value\": \"<Error: Too many levels of nesting to fake this schema>\"\n            },\n            \"SubAcctId\": {\n              \"value\": \"<Error: Too many levels of nesting to fake this schema>\"\n            },\n            \"AcctType\": {\n              \"value\": \"<Error: Too many levels of nesting to fake this schema>\"\n            }\n          }\n        }\n      },\n      {\n        \"ToAcctRef\": {\n          \"AcctKeys\": {\n            \"AcctId\": {\n              \"value\": \"<Error: Too many levels of nesting to fake this schema>\"\n            },\n            \"SubAcctId\": {\n              \"value\": \"<Error: Too many levels of nesting to fake this schema>\"\n            },\n            \"AcctType\": {\n              \"value\": \"<Error: Too many levels of nesting to fake this schema>\"\n            }\n          }\n        }\n      }\n    ],\n    \"PayeeData\": {\n      \"Name\": \"<string>\"\n    },\n    \"RemitterData\": {\n      \"Name\": \"<string>\"\n    }\n  }\n}","options":{"raw":{"language":"json"}}}},"status":"Internal Server Error","code":500,"header":[{"key":"Content-Type","value":"application/json"}],"body":"{\n  \"DebitStatusRec\": {\n    \"DebitStatus\": {\n      \"DebitStatusCode\": \"Posted\",\n      \"EffDt\": \"8872-98-57\"\n    },\n    \"DebitKeys\": {\n      \"AcctKeys\": {\n        \"AcctId\": \"sit laborum veniam aliqua\",\n        \"AcctType\": \"CDA\"\n      }\n    }\n  },\n  \"Status\": {\n    \"Severity\": \"Warning\",\n    \"StatusCode\": \"culpa\",\n    \"StatusDesc\": \"veniam culpa\",\n    \"SvcProviderName\": \"dolore nulla\",\n    \"Id\": \"dolore dolore\",\n    \"ServerStatusCode\": \"offici\",\n    \"ServerStatusDesc\": \"do ad irure dolor\",\n    \"OvrdExceptionInd\": false,\n    \"SubjectRole\": \"aliqua enim in do\",\n    \"SubjectElement\": [\n      {\n        \"Path\": \"culpa consectetur velit ea fugiat\",\n        \"ServerPath\": \"non dolore nulla\",\n        \"Value\": \"quis\"\n      },\n      {\n        \"Path\": \"laboris est labore o\",\n        \"ServerPath\": \"commodo Duis elit dolore\",\n        \"Value\": \"in ipsum irure dolore consectetur\"\n      }\n    ],\n    \"ContentHTML\": \"incididunt pa\",\n    \"AdditionalStatus\": [\n      {\n        \"StatusCode\": \"p\",\n        \"StatusDesc\": \"occaecat velit pariatur deserunt\",\n        \"Severity\": \"Error\",\n        \"SvcProviderName\": \"dolor sit\",\n        \"ServerStatusCode\": \"ipsum est aliquip s\",\n        \"ServerStatusDesc\": \"enim non\",\n        \"OvrdExceptionInd\": true,\n        \"SubjectElement\": [\n          {\n            \"Path\": \"commo\",\n            \"ServerPath\": \"reprehenderit in\",\n            \"Value\": \"ad ut veniam\"\n          },\n          {\n            \"Path\": \"irure commodo sit cupidatat pariatur\",\n            \"ServerPath\": \"ea veniam aliqua velit culpa\",\n            \"Value\": \"ad dolor magna\"\n          }\n        ]\n      },\n      {\n        \"StatusCode\": \"ad\",\n        \"StatusDesc\": \"officia pariatur laboris eu aute\",\n        \"Severity\": \"Info\",\n        \"SvcProviderName\": \"dolor n\",\n        \"ServerStatusCode\": \"magna\",\n        \"ServerStatusDesc\": \"nulla\",\n        \"OvrdExceptionInd\": false,\n        \"SubjectElement\": [\n          {\n            \"Path\": \"nostrud in eiusmod proident\",\n            \"ServerPath\": \"ex\",\n            \"Value\": \"occaecat proident\"\n          },\n          {\n            \"Path\": \"nostrud\",\n            \"ServerPath\": \"occaecat qui\",\n            \"Value\": \"in laborum ipsum\"\n          }\n        ]\n      }\n    ]\n  },\n  \"AcctInfoDtl\": {\n    \"Name\": \"sit amet tempor\",\n    \"MaturityDt\": \"1945-11-08\",\n    \"Rate\": 86210110.84668276,\n    \"AcctBal\": [\n      {\n        \"BalType\": \"Principal\",\n        \"CurAmt\": {\n          \"Amt\": \"<number>\"\n        }\n      },\n      {\n        \"BalType\": \"Current\",\n        \"CurAmt\": {\n          \"Amt\": \"<number>\"\n        }\n      }\n    ]\n  },\n  \"Receipt\": {\n    \"Name\": \"Lorem\",\n    \"MaturityDt\": \"1978-03-05\",\n    \"Rate\": 92382121.07178497,\n    \"AcctBal\": [\n      {\n        \"BalType\": \"Current\",\n        \"CurAmt\": {\n          \"Amt\": \"<number>\"\n        }\n      },\n      {\n        \"BalType\": \"Current\",\n        \"CurAmt\": {\n          \"Amt\": \"<number>\"\n        }\n      }\n    ]\n  }\n}","cookie":[],"_postman_previewlanguage":"json"}],"event":[],"protocolProfileBehavior":{"disableBodyPruning":true}}],"event":[],"variable":[{"type":"string","value":"/","key":"baseUrl"}],"info":{"_postman_id":"2c986174-49fd-4ef8-8651-0d3e6513ba56","name":"Debit Service","schema":"https://schema.getpostman.com/json/collection/v2.1.0/collection.json","description":{"content":"This service domain is the debit facility for Accounts. A debit is performed with the use of a DebitAdd message. \\_The client \\_can use the DebitRev message to reverse the previous debit request.","type":"text/plain"}}}