{"item":[{"id":"7307239b-e042-478b-a735-9a1d5e791c9b","name":"Reverse Debit.","request":{"name":"Reverse Debit.","description":{"content":"Reverses the previously processed debit transaction in an account. This API reverses the effect of DebitAdd transaction.    <br>\n        For more information about the Transactions domain, <a href=\"../docs/?path=docs/fintechs/transactions.md\" title=\"Click to open\">click here.</a> <br><br>\n        <b>Relates to:</b>\n          <ul> \n            <li><a href=\"../docs/?path=docs/banks-and-CU/deposits.md\">Deposits</a></li>\n            <li><a href=\"../docs/?path=docs/banks-and-CU/loans.md\">Loans</a></li>\n            <li><a href=\"../docs/?path=docs/banks-and-CU/bank-servicing.md\">Bank Servicing</a></li>\n            <li><a href=\"../docs/?path=docs/banks-and-CU/cash-mgt.md\">Cash Management</a></li>\n            <li><a href=\"../docs/?path=docs/banks-and-CU/treasury-services.md\">Treasury Services</a></li>\n          </ul>","type":"text/plain"},"url":{"path":["debitservice","payments","debits"],"host":["{{baseUrl}}"],"query":[],"variable":[]},"header":[{"disabled":false,"description":"(Required) EFX Header is a common and required component for all API calls, it contains client-related parameters. Please note that the header parameters should be sent as a JSON object under the EFXHeader parameter. To view the list of header parameters, <a href=\"../docs?path=docs/api-ref-EFX-header.md\" title=\"Click to open\"> click here.</a>","key":"EFXHeader","value":"OrganizationId,<string>,TrnId,<string>,VendorId,<string>,Context,[object Object]"},{"key":"Content-Type","value":"application/json"},{"key":"Accept","value":"application/json"}],"method":"PUT","auth":null,"body":{"mode":"raw","raw":"{\n  \"DebitInfo\": {\n    \"CompositeCurAmt\": [\n      {\n        \"CurAmt\": {\n          \"Amt\": \"<number>\"\n        },\n        \"CompositeCurAmtType\": \"<string>\",\n        \"CompositeSeqId\": \"<string>\",\n        \"SpecialHandling\": \"Penalty\"\n      },\n      {\n        \"CurAmt\": {\n          \"Amt\": \"<number>\"\n        },\n        \"CompositeCurAmtType\": \"<string>\",\n        \"CompositeSeqId\": \"<string>\",\n        \"SpecialHandling\": \"FromBalAmt\"\n      }\n    ],\n    \"DebitType\": \"<string>\",\n    \"EffDt\": \"<string>\",\n    \"MediaType\": \"<string>\",\n    \"DistributionType\": \"<string>\",\n    \"DistributionYr\": \"<string>\",\n    \"CashOutData\": [\n      {\n        \"CashAmt\": {\n          \"Amt\": \"<number>\"\n        }\n      },\n      {\n        \"CashAmt\": {\n          \"Amt\": \"<number>\"\n        }\n      }\n    ],\n    \"MonetaryInstrData\": [\n      {\n        \"MonetaryInstrNum\": \"<string>\",\n        \"MonetaryInstrAmt\": {\n          \"Amt\": \"<number>\"\n        }\n      },\n      {\n        \"MonetaryInstrNum\": \"<string>\",\n        \"MonetaryInstrAmt\": {\n          \"Amt\": \"<number>\"\n        }\n      }\n    ],\n    \"OtherFundsInAmt\": {\n      \"Amt\": \"<number>\"\n    },\n    \"OtherFundsOutAmt\": {\n      \"Amt\": \"<number>\"\n    },\n    \"PayeeData\": {\n      \"Name\": \"<string>\"\n    }\n  },\n  \"RevReasonCode\": \"<string>\",\n  \"DebitKeys\": {\n    \"DebitId\": \"<string>\",\n    \"AcctKeys\": {\n      \"AcctId\": \"<string>\",\n      \"AcctType\": \"<string>\",\n      \"BranchIdent\": \"<string>\"\n    }\n  }\n}","options":{"raw":{"language":"json"}}}},"response":[{"id":"422a57e5-c275-4912-b758-c9cb8c6a224e","name":"Success","originalRequest":{"url":{"path":["debitservice","payments","debits"],"host":["{{baseUrl}}"],"query":[],"variable":[]},"header":[{"disabled":false,"description":"(Required) EFX Header is a common and required component for all API calls, it contains client-related parameters. Please note that the header parameters should be sent as a JSON object under the EFXHeader parameter. To view the list of header parameters, <a href=\"../docs?path=docs/api-ref-EFX-header.md\" title=\"Click to open\"> click here.</a>","key":"EFXHeader","value":"OrganizationId,<string>,TrnId,<string>,VendorId,<string>,Context,[object Object]"},{"key":"Accept","value":"application/json"}],"method":"PUT","body":{"mode":"raw","raw":"{\n  \"DebitInfo\": {\n    \"CompositeCurAmt\": [\n      {\n        \"CurAmt\": {\n          \"Amt\": \"<number>\"\n        },\n        \"CompositeCurAmtType\": \"<string>\",\n        \"CompositeSeqId\": \"<string>\",\n        \"SpecialHandling\": \"NoPenalty\"\n      },\n      {\n        \"CurAmt\": {\n          \"Amt\": \"<number>\"\n        },\n        \"CompositeCurAmtType\": \"<string>\",\n        \"CompositeSeqId\": \"<string>\",\n        \"SpecialHandling\": \"FromBalAmt\"\n      }\n    ],\n    \"DebitType\": \"<string>\",\n    \"EffDt\": \"<string>\",\n    \"MediaType\": \"<string>\",\n    \"DistributionType\": \"<string>\",\n    \"DistributionYr\": \"<string>\",\n    \"CashOutData\": [\n      {\n        \"CashAmt\": {\n          \"Amt\": \"<number>\"\n        }\n      },\n      {\n        \"CashAmt\": {\n          \"Amt\": \"<number>\"\n        }\n      }\n    ],\n    \"MonetaryInstrData\": [\n      {\n        \"MonetaryInstrNum\": \"<string>\",\n        \"MonetaryInstrAmt\": {\n          \"Amt\": \"<number>\"\n        }\n      },\n      {\n        \"MonetaryInstrNum\": \"<string>\",\n        \"MonetaryInstrAmt\": {\n          \"Amt\": \"<number>\"\n        }\n      }\n    ],\n    \"OtherFundsInAmt\": {\n      \"Amt\": \"<number>\"\n    },\n    \"OtherFundsOutAmt\": {\n      \"Amt\": \"<number>\"\n    },\n    \"PayeeData\": {\n      \"Name\": \"<string>\"\n    }\n  },\n  \"RevReasonCode\": \"<string>\",\n  \"DebitKeys\": {\n    \"DebitId\": \"<string>\",\n    \"AcctKeys\": {\n      \"AcctId\": \"<string>\",\n      \"AcctType\": \"<string>\",\n      \"BranchIdent\": \"<string>\"\n    }\n  }\n}","options":{"raw":{"language":"json"}}}},"status":"OK","code":200,"header":[{"key":"Content-Type","value":"application/json"}],"body":"{\n  \"DebitStatusRec\": {\n    \"DebitStatus\": {\n      \"DebitStatusCode\": \"Valid\",\n      \"EffDt\": \"3001-72-78\"\n    },\n    \"DebitKeys\": {\n      \"AcctKeys\": {\n        \"AcctId\": \"aliqua co\",\n        \"AcctType\": \"labore Excepteur\"\n      }\n    }\n  },\n  \"Status\": {\n    \"Severity\": \"Warning\",\n    \"StatusCode\": \"e\",\n    \"StatusDesc\": \"eiusmod eu dolor nulla\",\n    \"SvcProviderName\": \"occaecat\",\n    \"Id\": \"irure aute pariatur deseru\",\n    \"ServerStatusCode\": \"qui culpa \",\n    \"ServerStatusDesc\": \"fugiat ex\",\n    \"OvrdExceptionInd\": true,\n    \"SubjectRole\": \"dolor enim dolore dolore fugiat\",\n    \"SubjectElement\": [\n      {\n        \"Path\": \"nulla consectetur minim adipisicing deserunt\",\n        \"ServerPath\": \"quis reprehenderit deserunt\",\n        \"Value\": \"proident Lorem anim in\"\n      },\n      {\n        \"Path\": \"sunt consequat p\",\n        \"ServerPath\": \"incididunt occaecat aliquip dolor\",\n        \"Value\": \"sed anim in Excepteur\"\n      }\n    ],\n    \"ContentHTML\": \"esse in amet elit\",\n    \"AdditionalStatus\": [\n      {\n        \"StatusCode\": \"enim \",\n        \"StatusDesc\": \"Duis in occaecat culpa ad\",\n        \"Severity\": \"Info\",\n        \"SvcProviderName\": \"mollit nisi eu commodo laborum\",\n        \"ServerStatusCode\": \"adipisicing veni\",\n        \"ServerStatusDesc\": \"elit\",\n        \"OvrdExceptionInd\": false,\n        \"SubjectElement\": [\n          {\n            \"Path\": \"tempor occaecat\",\n            \"ServerPath\": \"Ut sed\",\n            \"Value\": \"dolore\"\n          },\n          {\n            \"Path\": \"minim in\",\n            \"ServerPath\": \"elit laborum\",\n            \"Value\": \"dolore fugiat\"\n          }\n        ]\n      },\n      {\n        \"StatusCode\": \"nulla Lorem in sit\",\n        \"StatusDesc\": \"adipisicing ut sunt do\",\n        \"Severity\": \"Error\",\n        \"SvcProviderName\": \"dolore adipisicing veniam tempor\",\n        \"ServerStatusCode\": \"id et adipisicing \",\n        \"ServerStatusDesc\": \"in in Excepteur\",\n        \"OvrdExceptionInd\": false,\n        \"SubjectElement\": [\n          {\n            \"Path\": \"id tempor voluptate elit non\",\n            \"ServerPath\": \"sit consectetur nis\",\n            \"Value\": \"do tempor mollit nisi\"\n          },\n          {\n            \"Path\": \"Duis fugi\",\n            \"ServerPath\": \"labo\",\n            \"Value\": \"ad occaecat ut mollit\"\n          }\n        ]\n      }\n    ]\n  },\n  \"AcctInfoDtl\": {\n    \"Name\": \"culpa esse\",\n    \"MaturityDt\": \"1966-03-11\",\n    \"Rate\": -26222738.56609571,\n    \"AcctBal\": [\n      {\n        \"BalType\": \"Avail\",\n        \"CurAmt\": {\n          \"Amt\": \"<number>\"\n        }\n      },\n      {\n        \"BalType\": \"Current\",\n        \"CurAmt\": {\n          \"Amt\": \"<number>\"\n        }\n      }\n    ]\n  },\n  \"Receipt\": {\n    \"Name\": \"occaecat\",\n    \"MaturityDt\": \"1955-09-29\",\n    \"Rate\": 96929035.94157666,\n    \"AcctBal\": [\n      {\n        \"BalType\": \"Current\",\n        \"CurAmt\": {\n          \"Amt\": \"<number>\"\n        }\n      },\n      {\n        \"BalType\": \"Current\",\n        \"CurAmt\": {\n          \"Amt\": \"<number>\"\n        }\n      }\n    ]\n  }\n}","cookie":[],"_postman_previewlanguage":"json"},{"id":"3a519be8-7070-498f-aeb1-4986ccc96eec","name":"To view the complete list of response codes, <a href=\"../docs/?path=docs/response-codes.md\" title=\"Click to open\">click here.</a>","originalRequest":{"url":{"path":["debitservice","payments","debits"],"host":["{{baseUrl}}"],"query":[],"variable":[]},"header":[{"disabled":false,"description":"(Required) EFX Header is a common and required component for all API calls, it contains client-related parameters. Please note that the header parameters should be sent as a JSON object under the EFXHeader parameter. To view the list of header parameters, <a href=\"../docs?path=docs/api-ref-EFX-header.md\" title=\"Click to open\"> click here.</a>","key":"EFXHeader","value":"OrganizationId,<string>,TrnId,<string>,VendorId,<string>,Context,[object Object]"},{"key":"Accept","value":"application/json"}],"method":"PUT","body":{"mode":"raw","raw":"{\n  \"DebitInfo\": {\n    \"CompositeCurAmt\": [\n      {\n        \"CurAmt\": {\n          \"Amt\": \"<number>\"\n        },\n        \"CompositeCurAmtType\": \"<string>\",\n        \"CompositeSeqId\": \"<string>\",\n        \"SpecialHandling\": \"NoPenalty\"\n      },\n      {\n        \"CurAmt\": {\n          \"Amt\": \"<number>\"\n        },\n        \"CompositeCurAmtType\": \"<string>\",\n        \"CompositeSeqId\": \"<string>\",\n        \"SpecialHandling\": \"FromBalAmt\"\n      }\n    ],\n    \"DebitType\": \"<string>\",\n    \"EffDt\": \"<string>\",\n    \"MediaType\": \"<string>\",\n    \"DistributionType\": \"<string>\",\n    \"DistributionYr\": \"<string>\",\n    \"CashOutData\": [\n      {\n        \"CashAmt\": {\n          \"Amt\": \"<number>\"\n        }\n      },\n      {\n        \"CashAmt\": {\n          \"Amt\": \"<number>\"\n        }\n      }\n    ],\n    \"MonetaryInstrData\": [\n      {\n        \"MonetaryInstrNum\": \"<string>\",\n        \"MonetaryInstrAmt\": {\n          \"Amt\": \"<number>\"\n        }\n      },\n      {\n        \"MonetaryInstrNum\": \"<string>\",\n        \"MonetaryInstrAmt\": {\n          \"Amt\": \"<number>\"\n        }\n      }\n    ],\n    \"OtherFundsInAmt\": {\n      \"Amt\": \"<number>\"\n    },\n    \"OtherFundsOutAmt\": {\n      \"Amt\": \"<number>\"\n    },\n    \"PayeeData\": {\n      \"Name\": \"<string>\"\n    }\n  },\n  \"RevReasonCode\": \"<string>\",\n  \"DebitKeys\": {\n    \"DebitId\": \"<string>\",\n    \"AcctKeys\": {\n      \"AcctId\": \"<string>\",\n      \"AcctType\": \"<string>\",\n      \"BranchIdent\": \"<string>\"\n    }\n  }\n}","options":{"raw":{"language":"json"}}}},"status":"Internal Server Error","code":500,"header":[{"key":"Content-Type","value":"application/json"}],"body":"{\n  \"DebitStatusRec\": {\n    \"DebitStatus\": {\n      \"DebitStatusCode\": \"Valid\",\n      \"EffDt\": \"7542-27-32\"\n    },\n    \"DebitKeys\": {\n      \"AcctKeys\": {\n        \"AcctId\": \"dolor proident nisi\",\n        \"AcctType\": \"ex quis cillum\"\n      }\n    }\n  },\n  \"Status\": {\n    \"Severity\": \"Warning\",\n    \"StatusCode\": \"ut\",\n    \"StatusDesc\": \"enim eu Excepteur\",\n    \"SvcProviderName\": \"exercitation id\",\n    \"Id\": \"sit qui cupidatat in\",\n    \"ServerStatusCode\": \"esse minim\",\n    \"ServerStatusDesc\": \"nostrud deserunt mollit\",\n    \"OvrdExceptionInd\": true,\n    \"SubjectRole\": \"laboris consequat exercitation\",\n    \"SubjectElement\": [\n      {\n        \"Path\": \"anim non\",\n        \"ServerPath\": \"Excepteur sint\",\n        \"Value\": \"quis irure\"\n      },\n      {\n        \"Path\": \"reprehenderit adipisicing \",\n        \"ServerPath\": \"est\",\n        \"Value\": \"irure sed enim labore ullamco\"\n      }\n    ],\n    \"ContentHTML\": \"qui \",\n    \"AdditionalStatus\": [\n      {\n        \"StatusCode\": \"aliq\",\n        \"StatusDesc\": \"enim id\",\n        \"Severity\": \"Warning\",\n        \"SvcProviderName\": \"pariatur ea Excepteur\",\n        \"ServerStatusCode\": \"sed te\",\n        \"ServerStatusDesc\": \"aliquip irure cupidatat\",\n        \"OvrdExceptionInd\": true,\n        \"SubjectElement\": [\n          {\n            \"Path\": \"ullamco qui\",\n            \"ServerPath\": \"enim\",\n            \"Value\": \"in sit deserunt reprehenderit amet\"\n          },\n          {\n            \"Path\": \"incididunt quis non cillum laboris\",\n            \"ServerPath\": \"dolor exercitation velit laboris\",\n            \"Value\": \"exercitation eu qui esse sunt\"\n          }\n        ]\n      },\n      {\n        \"StatusCode\": \"pariatur\",\n        \"StatusDesc\": \"labore\",\n        \"Severity\": \"Warning\",\n        \"SvcProviderName\": \"aliquip fugiat occaecat veniam culpa\",\n        \"ServerStatusCode\": \"enim in\",\n        \"ServerStatusDesc\": \"nulla esse commodo\",\n        \"OvrdExceptionInd\": false,\n        \"SubjectElement\": [\n          {\n            \"Path\": \"Duis aliqua\",\n            \"ServerPath\": \"esse anim nostrud aliquip magna\",\n            \"Value\": \"do incididunt dolore\"\n          },\n          {\n            \"Path\": \"cupidatat commodo\",\n            \"ServerPath\": \"ex eiusmod laborum\",\n            \"Value\": \"aute nulla irure sunt\"\n          }\n        ]\n      }\n    ]\n  },\n  \"AcctInfoDtl\": {\n    \"Name\": \"non\",\n    \"MaturityDt\": \"1985-10-10\",\n    \"Rate\": -62003264.0304744,\n    \"AcctBal\": [\n      {\n        \"BalType\": \"Avail\",\n        \"CurAmt\": {\n          \"Amt\": \"<number>\"\n        }\n      },\n      {\n        \"BalType\": \"Current\",\n        \"CurAmt\": {\n          \"Amt\": \"<number>\"\n        }\n      }\n    ]\n  },\n  \"Receipt\": {\n    \"Name\": \"velit anim elit\",\n    \"MaturityDt\": \"2007-05-28\",\n    \"Rate\": 77192699.80653235,\n    \"AcctBal\": [\n      {\n        \"BalType\": \"Avail\",\n        \"CurAmt\": {\n          \"Amt\": \"<number>\"\n        }\n      },\n      {\n        \"BalType\": \"Avail\",\n        \"CurAmt\": {\n          \"Amt\": \"<number>\"\n        }\n      }\n    ]\n  }\n}","cookie":[],"_postman_previewlanguage":"json"}],"event":[],"protocolProfileBehavior":{"disableBodyPruning":true}}],"event":[],"variable":[{"type":"string","value":"/","key":"baseUrl"}],"info":{"_postman_id":"96df07db-31e6-4e30-aeb2-8f371bc0bc63","name":"Debit Service","schema":"https://schema.getpostman.com/json/collection/v2.1.0/collection.json","description":{"content":"This service domain is the debit facility for Accounts. A debit is performed with the use of a DebitAdd message. \\_The client \\_can use the DebitRev message to reverse the previous debit request.","type":"text/plain"}}}