{"item":[{"id":"2dc96968-54c6-43b3-bd11-3a1e1b4d5085","name":"Reverse Debit.","request":{"name":"Reverse Debit.","description":{"content":"Reverses the previously processed debit transaction in an account. This API reverses the effect of DebitAdd transaction.    <br>\n        For more information about the Transactions domain, <a href=\"../docs/?path=docs/fintechs/transactions.md\" title=\"Click to open\">click here.</a> <br><br>\n        <b>Relates to:</b>\n          <ul> \n            <li><a href=\"../docs/?path=docs/banks-and-CU/deposits.md\">Deposits</a></li>\n            <li><a href=\"../docs/?path=docs/banks-and-CU/loans.md\">Loans</a></li>\n            <li><a href=\"../docs/?path=docs/banks-and-CU/bank-servicing.md\">Bank Servicing</a></li>\n            <li><a href=\"../docs/?path=docs/banks-and-CU/cash-mgt.md\">Cash Management</a></li>\n            <li><a href=\"../docs/?path=docs/banks-and-CU/treasury-services.md\">Treasury Services</a></li>\n          </ul>","type":"text/plain"},"url":{"path":["debitservice","payments","debits"],"host":["{{baseUrl}}"],"query":[],"variable":[]},"header":[{"disabled":false,"description":"(Required) EFX Header is a common and required component for all API calls, it contains client-related parameters. Please note that the header parameters should be sent as a JSON object under the EFXHeader parameter. To view the list of header parameters, <a href=\"../docs?path=docs/api-ref-EFX-header.md\" title=\"Click to open\"> click here.</a>","key":"EFXHeader","value":"OrganizationId,<string>,TrnId,<string>,VendorId,<string>,Context,[object Object]"},{"key":"Content-Type","value":"application/json"},{"key":"Accept","value":"application/json"}],"method":"PUT","auth":null,"body":{"mode":"raw","raw":"{\n  \"DebitInfo\": {\n    \"DebitType\": \"<string>\",\n    \"EffDt\": \"<string>\",\n    \"MediaType\": \"<string>\",\n    \"AcctRef\": {\n      \"AcctKeys\": {\n        \"AcctId\": \"<string>\"\n      }\n    },\n    \"OtherAcctRef\": {\n      \"AcctKeys\": {\n        \"AcctId\": \"<string>\",\n        \"AcctType\": \"<string>\"\n      }\n    },\n    \"FeeData\": {\n      \"FeeType\": \"<string>\",\n      \"WaiverReason\": \"<string>\",\n      \"WaiverCode\": \"<string>\"\n    },\n    \"MonetaryInstrData\": [\n      {\n        \"MonetaryInstrNum\": \"<string>\",\n        \"MonetaryInstrAmt\": {\n          \"Amt\": \"<number>\"\n        },\n        \"MonetaryInstrType\": \"<string>\"\n      },\n      {\n        \"MonetaryInstrNum\": \"<string>\",\n        \"MonetaryInstrAmt\": {\n          \"Amt\": \"<number>\"\n        },\n        \"MonetaryInstrType\": \"<string>\"\n      }\n    ],\n    \"OtherFundsInAmt\": {\n      \"Amt\": \"<number>\"\n    },\n    \"OtherFundsOutAmt\": {\n      \"Amt\": \"<number>\"\n    },\n    \"PayeeData\": {\n      \"Name\": \"<string>\"\n    },\n    \"RemitterData\": {\n      \"Name\": \"<string>\"\n    }\n  },\n  \"RevReasonCode\": \"<string>\",\n  \"DebitKeys\": {\n    \"DebitId\": \"<string>\",\n    \"AcctKeys\": {\n      \"AcctId\": \"<string>\",\n      \"AcctType\": \"<string>\",\n      \"BranchIdent\": \"<string>\"\n    }\n  }\n}","options":{"raw":{"language":"json"}}}},"response":[{"id":"f2009a75-df53-4d84-b315-af8a6c28c780","name":"Success","originalRequest":{"url":{"path":["debitservice","payments","debits"],"host":["{{baseUrl}}"],"query":[],"variable":[]},"header":[{"disabled":false,"description":"(Required) EFX Header is a common and required component for all API calls, it contains client-related parameters. Please note that the header parameters should be sent as a JSON object under the EFXHeader parameter. To view the list of header parameters, <a href=\"../docs?path=docs/api-ref-EFX-header.md\" title=\"Click to open\"> click here.</a>","key":"EFXHeader","value":"OrganizationId,<string>,TrnId,<string>,VendorId,<string>,Context,[object Object]"},{"key":"Accept","value":"application/json"}],"method":"PUT","body":{"mode":"raw","raw":"{\n  \"DebitInfo\": {\n    \"DebitType\": \"<string>\",\n    \"EffDt\": \"<string>\",\n    \"MediaType\": \"<string>\",\n    \"AcctRef\": {\n      \"AcctKeys\": {\n        \"AcctId\": \"<string>\"\n      }\n    },\n    \"OtherAcctRef\": {\n      \"AcctKeys\": {\n        \"AcctId\": \"<string>\",\n        \"AcctType\": \"<string>\"\n      }\n    },\n    \"FeeData\": {\n      \"FeeType\": \"<string>\",\n      \"WaiverReason\": \"<string>\",\n      \"WaiverCode\": \"<string>\"\n    },\n    \"MonetaryInstrData\": [\n      {\n        \"MonetaryInstrNum\": \"<string>\",\n        \"MonetaryInstrAmt\": {\n          \"Amt\": \"<number>\"\n        },\n        \"MonetaryInstrType\": \"<string>\"\n      },\n      {\n        \"MonetaryInstrNum\": \"<string>\",\n        \"MonetaryInstrAmt\": {\n          \"Amt\": \"<number>\"\n        },\n        \"MonetaryInstrType\": \"<string>\"\n      }\n    ],\n    \"OtherFundsInAmt\": {\n      \"Amt\": \"<number>\"\n    },\n    \"OtherFundsOutAmt\": {\n      \"Amt\": \"<number>\"\n    },\n    \"PayeeData\": {\n      \"Name\": \"<string>\"\n    },\n    \"RemitterData\": {\n      \"Name\": \"<string>\"\n    }\n  },\n  \"RevReasonCode\": \"<string>\",\n  \"DebitKeys\": {\n    \"DebitId\": \"<string>\",\n    \"AcctKeys\": {\n      \"AcctId\": \"<string>\",\n      \"AcctType\": \"<string>\",\n      \"BranchIdent\": \"<string>\"\n    }\n  }\n}","options":{"raw":{"language":"json"}}}},"status":"OK","code":200,"header":[{"key":"Content-Type","value":"application/json"}],"body":"{\n  \"DebitStatusRec\": {\n    \"DebitStatus\": {\n      \"DebitStatusCode\": \"Valid\",\n      \"EffDt\": \"5030-32-59T11:03\"\n    },\n    \"DebitKeys\": {\n      \"AcctKeys\": {\n        \"AcctId\": \"Lorem non\",\n        \"AcctType\": \"ut Excepteur proident occaecat\"\n      }\n    }\n  },\n  \"Status\": {\n    \"Severity\": \"Error\",\n    \"StatusCode\": \"in ullamco\",\n    \"StatusDesc\": \"ullamco ut\",\n    \"SvcProviderName\": \"amet culpa dolore\",\n    \"Id\": \"ea nulla sit ipsum\",\n    \"ServerStatusCode\": \"labore m\",\n    \"ServerStatusDesc\": \"anim exercitation nisi proident labore\",\n    \"OvrdExceptionInd\": false,\n    \"SubjectRole\": \"magna cupidatat officia\",\n    \"SubjectElement\": [\n      {\n        \"Path\": \"dolore reprehenderit ex Lorem\",\n        \"ServerPath\": \"officia eu\",\n        \"Value\": \"sint proident\"\n      },\n      {\n        \"Path\": \"ullamco anim aute\",\n        \"ServerPath\": \"ex laborum\",\n        \"Value\": \"elit nulla\"\n      }\n    ],\n    \"ContentHTML\": \"sed incididunt do eiusmod\",\n    \"AdditionalStatus\": [\n      {\n        \"StatusCode\": \"officia anim d\",\n        \"StatusDesc\": \"reprehenderit officia mollit cupidatat\",\n        \"Severity\": \"Error\",\n        \"SvcProviderName\": \"eiusmod amet reprehenderit\",\n        \"ServerStatusCode\": \"officia culpa\",\n        \"ServerStatusDesc\": \"in\",\n        \"OvrdExceptionInd\": true,\n        \"SubjectElement\": [\n          {\n            \"Path\": \"tempor ullamco dolor\",\n            \"ServerPath\": \"Lorem nisi enim proident\",\n            \"Value\": \"eu nisi occaecat\"\n          },\n          {\n            \"Path\": \"laborum pariatur fugia\",\n            \"ServerPath\": \"cillum laboris adipisicing nulla ut\",\n            \"Value\": \"in quis labore velit ad\"\n          }\n        ]\n      },\n      {\n        \"StatusCode\": \"qui\",\n        \"StatusDesc\": \"sed eu occaecat\",\n        \"Severity\": \"Info\",\n        \"SvcProviderName\": \"amet Excepteur est minim id\",\n        \"ServerStatusCode\": \"ipsum m\",\n        \"ServerStatusDesc\": \"minim labore dolor\",\n        \"OvrdExceptionInd\": true,\n        \"SubjectElement\": [\n          {\n            \"Path\": \"ex commodo ad\",\n            \"ServerPath\": \"reprehenderit Duis nostrud\",\n            \"Value\": \"deserunt\"\n          },\n          {\n            \"Path\": \"labore sint laborum deserunt\",\n            \"ServerPath\": \"velit\",\n            \"Value\": \"nostru\"\n          }\n        ]\n      }\n    ]\n  },\n  \"AcctInfoDtl\": {\n    \"Name\": \"cillum\",\n    \"OpenDt\": \"1949-11-11\"\n  },\n  \"Receipt\": {\n    \"Name\": \"commodo Duis\",\n    \"OpenDt\": \"1957-06-06\",\n    \"AcctBal\": [\n      {\n        \"BalType\": \"Avail\",\n        \"CurAmt\": {\n          \"Amt\": 59872165.32283428\n        }\n      },\n      {\n        \"BalType\": \"Avail\",\n        \"CurAmt\": {\n          \"Amt\": 95836261.32170844\n        }\n      }\n    ]\n  }\n}","cookie":[],"_postman_previewlanguage":"json"},{"id":"9e58d447-80f1-472d-a536-79cd2452b1ab","name":"To view the complete list of response codes, <a href=\"../docs/?path=docs/response-codes.md\" title=\"Click to open\">click here.</a>","originalRequest":{"url":{"path":["debitservice","payments","debits"],"host":["{{baseUrl}}"],"query":[],"variable":[]},"header":[{"disabled":false,"description":"(Required) EFX Header is a common and required component for all API calls, it contains client-related parameters. Please note that the header parameters should be sent as a JSON object under the EFXHeader parameter. To view the list of header parameters, <a href=\"../docs?path=docs/api-ref-EFX-header.md\" title=\"Click to open\"> click here.</a>","key":"EFXHeader","value":"OrganizationId,<string>,TrnId,<string>,VendorId,<string>,Context,[object Object]"},{"key":"Accept","value":"application/json"}],"method":"PUT","body":{"mode":"raw","raw":"{\n  \"DebitInfo\": {\n    \"DebitType\": \"<string>\",\n    \"EffDt\": \"<string>\",\n    \"MediaType\": \"<string>\",\n    \"AcctRef\": {\n      \"AcctKeys\": {\n        \"AcctId\": \"<string>\"\n      }\n    },\n    \"OtherAcctRef\": {\n      \"AcctKeys\": {\n        \"AcctId\": \"<string>\",\n        \"AcctType\": \"<string>\"\n      }\n    },\n    \"FeeData\": {\n      \"FeeType\": \"<string>\",\n      \"WaiverReason\": \"<string>\",\n      \"WaiverCode\": \"<string>\"\n    },\n    \"MonetaryInstrData\": [\n      {\n        \"MonetaryInstrNum\": \"<string>\",\n        \"MonetaryInstrAmt\": {\n          \"Amt\": \"<number>\"\n        },\n        \"MonetaryInstrType\": \"<string>\"\n      },\n      {\n        \"MonetaryInstrNum\": \"<string>\",\n        \"MonetaryInstrAmt\": {\n          \"Amt\": \"<number>\"\n        },\n        \"MonetaryInstrType\": \"<string>\"\n      }\n    ],\n    \"OtherFundsInAmt\": {\n      \"Amt\": \"<number>\"\n    },\n    \"OtherFundsOutAmt\": {\n      \"Amt\": \"<number>\"\n    },\n    \"PayeeData\": {\n      \"Name\": \"<string>\"\n    },\n    \"RemitterData\": {\n      \"Name\": \"<string>\"\n    }\n  },\n  \"RevReasonCode\": \"<string>\",\n  \"DebitKeys\": {\n    \"DebitId\": \"<string>\",\n    \"AcctKeys\": {\n      \"AcctId\": \"<string>\",\n      \"AcctType\": \"<string>\",\n      \"BranchIdent\": \"<string>\"\n    }\n  }\n}","options":{"raw":{"language":"json"}}}},"status":"Internal Server Error","code":500,"header":[{"key":"Content-Type","value":"application/json"}],"body":"{\n  \"DebitStatusRec\": {\n    \"DebitStatus\": {\n      \"DebitStatusCode\": \"Valid\",\n      \"EffDt\": \"8130-40-22T48:17\"\n    },\n    \"DebitKeys\": {\n      \"AcctKeys\": {\n        \"AcctId\": \"eius\",\n        \"AcctType\": \"mollit Lorem consectetur\"\n      }\n    }\n  },\n  \"Status\": {\n    \"Severity\": \"Warning\",\n    \"StatusCode\": \"magna\",\n    \"StatusDesc\": \"cillum enim\",\n    \"SvcProviderName\": \"eu in\",\n    \"Id\": \"laborum tempor\",\n    \"ServerStatusCode\": \"par\",\n    \"ServerStatusDesc\": \"adipisicing ex eu aliqua\",\n    \"OvrdExceptionInd\": true,\n    \"SubjectRole\": \"qui sint culpa Lorem velit\",\n    \"SubjectElement\": [\n      {\n        \"Path\": \"commodo in exercitation\",\n        \"ServerPath\": \"Duis ea ex\",\n        \"Value\": \"ullamco in enim qui\"\n      },\n      {\n        \"Path\": \"do anim\",\n        \"ServerPath\": \"commodo eu Duis ipsum\",\n        \"Value\": \"aute labore sunt\"\n      }\n    ],\n    \"ContentHTML\": \"in\",\n    \"AdditionalStatus\": [\n      {\n        \"StatusCode\": \"c\",\n        \"StatusDesc\": \"ipsum\",\n        \"Severity\": \"Error\",\n        \"SvcProviderName\": \"proident cupidatat occaecat pariatur\",\n        \"ServerStatusCode\": \"pariatur magna v\",\n        \"ServerStatusDesc\": \"dolore anim exercitation irure\",\n        \"OvrdExceptionInd\": false,\n        \"SubjectElement\": [\n          {\n            \"Path\": \"esse nisi\",\n            \"ServerPath\": \"dolore velit\",\n            \"Value\": \"nisi dolore reprehenderit\"\n          },\n          {\n            \"Path\": \"minim\",\n            \"ServerPath\": \"aliqua nostrud tempor consectetur\",\n            \"Value\": \"dolore ut\"\n          }\n        ]\n      },\n      {\n        \"StatusCode\": \"minim\",\n        \"StatusDesc\": \"anim aute in labore\",\n        \"Severity\": \"Info\",\n        \"SvcProviderName\": \"laboris culpa consectetur in do\",\n        \"ServerStatusCode\": \"ut\",\n        \"ServerStatusDesc\": \"dolore Lorem occaecat dolor aliquip\",\n        \"OvrdExceptionInd\": false,\n        \"SubjectElement\": [\n          {\n            \"Path\": \"do officia\",\n            \"ServerPath\": \"elit Duis magna\",\n            \"Value\": \"voluptate laboris culpa aliqua\"\n          },\n          {\n            \"Path\": \"ipsum ullamco in\",\n            \"ServerPath\": \"Ut fugiat in\",\n            \"Value\": \"id ut laboris eu\"\n          }\n        ]\n      }\n    ]\n  },\n  \"AcctInfoDtl\": {\n    \"Name\": \"cupidatat in\",\n    \"OpenDt\": \"1970-01-16\"\n  },\n  \"Receipt\": {\n    \"Name\": \"occaecat\",\n    \"OpenDt\": \"1967-08-09\",\n    \"AcctBal\": [\n      {\n        \"BalType\": \"Avail\",\n        \"CurAmt\": {\n          \"Amt\": -94981861.97282617\n        }\n      },\n      {\n        \"BalType\": \"Avail\",\n        \"CurAmt\": {\n          \"Amt\": -42926873.01600848\n        }\n      }\n    ]\n  }\n}","cookie":[],"_postman_previewlanguage":"json"}],"event":[],"protocolProfileBehavior":{"disableBodyPruning":true}}],"event":[],"variable":[{"type":"string","value":"/","key":"baseUrl"}],"info":{"_postman_id":"cc28dddf-50f2-45e9-857e-192509287a81","name":"Debit Service","schema":"https://schema.getpostman.com/json/collection/v2.1.0/collection.json","description":{"content":"This service domain is the debit facility for Accounts. A debit is performed with the use of a DebitAdd message. \\_The client \\_can use the DebitRev message to reverse the previous debit request.","type":"text/plain"}}}