{"item":[{"id":"481c9146-4988-4dc0-ba80-f1eb7d89aba5","name":"Get Memo Tickler.","request":{"name":"Get Memo Tickler.","description":{"content":"Get Memo Ticker API retrieves the memos and ticklers for the Loan Accounts (LOAN).","type":"text/plain"},"url":{"path":["memoticklerservice","partyacctsvc","memotickler","secured"],"host":["{{baseUrl}}"],"query":[],"variable":[]},"header":[{"disabled":false,"description":"(Required) EFX Header is a common and required component for all API calls, it contains client-related parameters. Please note that the header parameters should be sent as a JSON object under the EFXHeader parameter. To view the list of header parameters, <a href=\"../docs?path=docs/api-ref-EFX-header.md\" title=\"Click to open\"> click here.</a>","key":"EFXHeader","value":"OrganizationId,<string>,TrnId,<string>,VendorId,<string>,Context,[object Object]"},{"key":"Content-Type","value":"application/json"},{"key":"Accept","value":"application/json"}],"method":"POST","auth":null,"body":{"mode":"raw","raw":"{\n  \"MemoTicklerSel\": {\n    \"MemoTicklerKeys\": {\n      \"AcctKeys\": {\n        \"AcctId\": \"<string>\",\n        \"AcctType\": \"<string>\"\n      },\n      \"MemoTicklerUse\": \"<string>\",\n      \"MemoTicklerIdent\": \"<string>\"\n    },\n    \"AcctKeys\": {\n      \"AcctId\": \"<string>\",\n      \"AcctType\": \"<string>\"\n    },\n    \"MemoTicklerUse\": \"<string>\"\n  }\n}","options":{"raw":{"language":"json"}}}},"response":[{"id":"5ea05b7f-aada-47c6-84b9-08a4c56d77ee","name":"Success","originalRequest":{"url":{"path":["memoticklerservice","partyacctsvc","memotickler","secured"],"host":["{{baseUrl}}"],"query":[],"variable":[]},"header":[{"disabled":false,"description":"(Required) EFX Header is a common and required component for all API calls, it contains client-related parameters. Please note that the header parameters should be sent as a JSON object under the EFXHeader parameter. To view the list of header parameters, <a href=\"../docs?path=docs/api-ref-EFX-header.md\" title=\"Click to open\"> click here.</a>","key":"EFXHeader","value":"OrganizationId,<string>,TrnId,<string>,VendorId,<string>,Context,[object Object]"},{"key":"Accept","value":"application/json"}],"method":"POST","body":{"mode":"raw","raw":"{\n  \"MemoTicklerSel\": {\n    \"MemoTicklerKeys\": {\n      \"AcctKeys\": {\n        \"AcctId\": \"<string>\",\n        \"AcctType\": \"<string>\"\n      },\n      \"MemoTicklerUse\": \"<string>\",\n      \"MemoTicklerIdent\": \"<string>\"\n    },\n    \"AcctKeys\": {\n      \"AcctId\": \"<string>\",\n      \"AcctType\": \"<string>\"\n    },\n    \"MemoTicklerUse\": \"<string>\"\n  }\n}","options":{"raw":{"language":"json"}}}},"status":"OK","code":200,"header":[{"key":"Content-Type","value":"application/json"}],"body":"{\n  \"MemoTicklerRec\": [\n    {\n      \"MemoTicklerInfo\": {\n        \"MemoTicklerUse\": \"Tickler\",\n        \"RelationshipMgr\": [\n          {\n            \"RelationshipMgrIdent\": \"do e\",\n            \"RelationshipRole\": \"Officer\"\n          },\n          {\n            \"RelationshipMgrIdent\": \"aliquip ipsum dolore\",\n            \"RelationshipRole\": \"Officer\"\n          }\n        ],\n        \"RequiredViewInd\": false,\n        \"DeliveryInstruction\": {\n          \"DeliveryMethod\": \"Notice\",\n          \"DeliveryMedia\": \"fugiat ea\"\n        },\n        \"ReportGroupCode\": \"commodo reprehenderit amet\",\n        \"RecurRule\": {\n          \"RecurType\": \"Daily\",\n          \"RecurInterval\": 23290828,\n          \"LeadDays\": -32069039\n        },\n        \"NextMemoTicklerDt\": \"1973-10-11\",\n        \"ExpDt\": \"2011-05-08\"\n      },\n      \"MemoTicklerKeys\": {\n        \"AcctKeys\": {\n          \"AcctId\": \"<string>\",\n          \"AcctType\": \"<string>\"\n        },\n        \"MemoTicklerUse\": \"Memo\",\n        \"MemoTicklerIdent\": \"e\"\n      },\n      \"MemoTicklerStatus\": {\n        \"MemoTicklerStatusCode\": \"Valid\",\n        \"EffDt\": \"3850-20-62\"\n      }\n    },\n    {\n      \"MemoTicklerInfo\": {\n        \"MemoTicklerUse\": \"Memo\",\n        \"RelationshipMgr\": [\n          {\n            \"RelationshipMgrIdent\": \"sit ipsum velit \",\n            \"RelationshipRole\": \"Officer\"\n          },\n          {\n            \"RelationshipMgrIdent\": \"incididunt\",\n            \"RelationshipRole\": \"Officer\"\n          }\n        ],\n        \"RequiredViewInd\": false,\n        \"DeliveryInstruction\": {\n          \"DeliveryMethod\": \"Notice\",\n          \"DeliveryMedia\": \"dolor labore aliquip pariatur\"\n        },\n        \"ReportGroupCode\": \"occaecat Excepteur non\",\n        \"RecurRule\": {\n          \"RecurType\": \"PayOff\",\n          \"RecurInterval\": -81512350,\n          \"LeadDays\": -5078226\n        },\n        \"NextMemoTicklerDt\": \"1996-07-13\",\n        \"ExpDt\": \"1996-12-18\"\n      },\n      \"MemoTicklerKeys\": {\n        \"AcctKeys\": {\n          \"AcctId\": \"<string>\",\n          \"AcctType\": \"<string>\"\n        },\n        \"MemoTicklerUse\": \"Tickler\",\n        \"MemoTicklerIdent\": \"mollit aute dolore\"\n      },\n      \"MemoTicklerStatus\": {\n        \"MemoTicklerStatusCode\": \"Valid\",\n        \"EffDt\": \"6738-49-06T28:22\"\n      }\n    }\n  ],\n  \"Status\": {\n    \"Severity\": \"Warning\",\n    \"StatusCode\": \"deserunt\",\n    \"StatusDesc\": \"amet enim proident\",\n    \"SvcProviderName\": \"co\",\n    \"Id\": \"est commodo\",\n    \"ServerStatusCode\": \"q\",\n    \"ServerStatusDesc\": \"in nostrud ut laborum\",\n    \"OvrdExceptionInd\": true,\n    \"SubjectRole\": \"esse consectetur tempor Excepteur\",\n    \"SubjectElement\": [\n      {\n        \"Path\": \"do officia\",\n        \"ServerPath\": \"est id sint\",\n        \"Value\": \"exercitation enim\"\n      },\n      {\n        \"Path\": \"mag\",\n        \"ServerPath\": \"deserunt dolore laboris elit\",\n        \"Value\": \"consequat eiusmod esse sint\"\n      }\n    ],\n    \"ContentHTML\": \"dolor ut nostrud ipsum la\",\n    \"AdditionalStatus\": [\n      {\n        \"StatusCode\": \"in dol\",\n        \"StatusDesc\": \"cupidatat ut aliquip\",\n        \"Severity\": \"Warning\",\n        \"SvcProviderName\": \"eu\",\n        \"ServerStatusCode\": \"ips\",\n        \"ServerStatusDesc\": \"enim veniam nulla\",\n        \"OvrdExceptionInd\": false,\n        \"SubjectElement\": [\n          {\n            \"Path\": \"non nulla\",\n            \"ServerPath\": \"proident voluptate irure occaecat\",\n            \"Value\": \"pariatur mollit\"\n          },\n          {\n            \"Path\": \"esse sunt ea\",\n            \"ServerPath\": \"aliquip tempor\",\n            \"Value\": \"dolore enim\"\n          }\n        ]\n      },\n      {\n        \"StatusCode\": \"adi\",\n        \"StatusDesc\": \"nisi quis aute\",\n        \"Severity\": \"Info\",\n        \"SvcProviderName\": \"aliquip\",\n        \"ServerStatusCode\": \"magna\",\n        \"ServerStatusDesc\": \"pariatur proident ut veniam\",\n        \"OvrdExceptionInd\": false,\n        \"SubjectElement\": [\n          {\n            \"Path\": \"eu ea ut proident anim\",\n            \"ServerPath\": \"dolor dolore\",\n            \"Value\": \"ex in fugiat amet tempor\"\n          },\n          {\n            \"Path\": \"aliquip et de\",\n            \"ServerPath\": \"qui proident magna laborum minim\",\n            \"Value\": \"consequat cillum labo\"\n          }\n        ]\n      }\n    ]\n  },\n  \"RecCtrlOut\": {\n    \"SentRecCount\": 44275795\n  }\n}","cookie":[],"_postman_previewlanguage":"json"},{"id":"0d559612-8597-4bf2-b810-550e19be6295","name":"To view the complete list of response codes, <a href=\"../docs/?path=docs/response-codes.md\" title=\"Click to open\">click here.</a>","originalRequest":{"url":{"path":["memoticklerservice","partyacctsvc","memotickler","secured"],"host":["{{baseUrl}}"],"query":[],"variable":[]},"header":[{"disabled":false,"description":"(Required) EFX Header is a common and required component for all API calls, it contains client-related parameters. Please note that the header parameters should be sent as a JSON object under the EFXHeader parameter. To view the list of header parameters, <a href=\"../docs?path=docs/api-ref-EFX-header.md\" title=\"Click to open\"> click here.</a>","key":"EFXHeader","value":"OrganizationId,<string>,TrnId,<string>,VendorId,<string>,Context,[object Object]"},{"key":"Accept","value":"application/json"}],"method":"POST","body":{"mode":"raw","raw":"{\n  \"MemoTicklerSel\": {\n    \"MemoTicklerKeys\": {\n      \"AcctKeys\": {\n        \"AcctId\": \"<string>\",\n        \"AcctType\": \"<string>\"\n      },\n      \"MemoTicklerUse\": \"<string>\",\n      \"MemoTicklerIdent\": \"<string>\"\n    },\n    \"AcctKeys\": {\n      \"AcctId\": \"<string>\",\n      \"AcctType\": \"<string>\"\n    },\n    \"MemoTicklerUse\": \"<string>\"\n  }\n}","options":{"raw":{"language":"json"}}}},"status":"Internal Server Error","code":500,"header":[{"key":"Content-Type","value":"application/json"}],"body":"{\n  \"MemoTicklerRec\": [\n    {\n      \"MemoTicklerInfo\": {\n        \"MemoTicklerUse\": \"Tickler\",\n        \"RelationshipMgr\": [\n          {\n            \"RelationshipMgrIdent\": \"dolore non\",\n            \"RelationshipRole\": \"Officer\"\n          },\n          {\n            \"RelationshipMgrIdent\": \"ut\",\n            \"RelationshipRole\": \"Officer\"\n          }\n        ],\n        \"RequiredViewInd\": false,\n        \"DeliveryInstruction\": {\n          \"DeliveryMethod\": \"Notice\",\n          \"DeliveryMedia\": \"labore Lorem sint\"\n        },\n        \"ReportGroupCode\": \"esse commodo occaecat\",\n        \"RecurRule\": {\n          \"RecurType\": \"Monthly\",\n          \"RecurInterval\": -50600450,\n          \"LeadDays\": 61691814\n        },\n        \"NextMemoTicklerDt\": \"1970-02-15\",\n        \"ExpDt\": \"1981-03-27\"\n      },\n      \"MemoTicklerKeys\": {\n        \"AcctKeys\": {\n          \"AcctId\": \"<string>\",\n          \"AcctType\": \"<string>\"\n        },\n        \"MemoTicklerUse\": \"Tickler\",\n        \"MemoTicklerIdent\": \"eu cupida\"\n      },\n      \"MemoTicklerStatus\": {\n        \"MemoTicklerStatusCode\": \"Valid\",\n        \"EffDt\": \"8078-85-47\"\n      }\n    },\n    {\n      \"MemoTicklerInfo\": {\n        \"MemoTicklerUse\": \"Tickler\",\n        \"RelationshipMgr\": [\n          {\n            \"RelationshipMgrIdent\": \"magna eiu\",\n            \"RelationshipRole\": \"Officer\"\n          },\n          {\n            \"RelationshipMgrIdent\": \"adipisicing\",\n            \"RelationshipRole\": \"Officer\"\n          }\n        ],\n        \"RequiredViewInd\": false,\n        \"DeliveryInstruction\": {\n          \"DeliveryMethod\": \"Notice\",\n          \"DeliveryMedia\": \"voluptate ex proident dolore\"\n        },\n        \"ReportGroupCode\": \"consectetur occaecat enim\",\n        \"RecurRule\": {\n          \"RecurType\": \"Daily\",\n          \"RecurInterval\": -62262679,\n          \"LeadDays\": -3445091\n        },\n        \"NextMemoTicklerDt\": \"2012-10-09\",\n        \"ExpDt\": \"1987-07-04\"\n      },\n      \"MemoTicklerKeys\": {\n        \"AcctKeys\": {\n          \"AcctId\": \"<string>\",\n          \"AcctType\": \"<string>\"\n        },\n        \"MemoTicklerUse\": \"Memo\",\n        \"MemoTicklerIdent\": \"aute ea mollit in qui\"\n      },\n      \"MemoTicklerStatus\": {\n        \"MemoTicklerStatusCode\": \"Valid\",\n        \"EffDt\": \"0861-13-55\"\n      }\n    }\n  ],\n  \"Status\": {\n    \"Severity\": \"Error\",\n    \"StatusCode\": \"do irure\",\n    \"StatusDesc\": \"a\",\n    \"SvcProviderName\": \"ut anim\",\n    \"Id\": \"nisi exercitation\",\n    \"ServerStatusCode\": \"elit \",\n    \"ServerStatusDesc\": \"sint eu ex Excepteur\",\n    \"OvrdExceptionInd\": false,\n    \"SubjectRole\": \"ut fugiat id tempor d\",\n    \"SubjectElement\": [\n      {\n        \"Path\": \"amet qui\",\n        \"ServerPath\": \"commodo quis ut nisi aute\",\n        \"Value\": \"Duis magna Excepteur fugiat\"\n      },\n      {\n        \"Path\": \"sed minim dolor\",\n        \"ServerPath\": \"ut ullamco in nostrud\",\n        \"Value\": \"exe\"\n      }\n    ],\n    \"ContentHTML\": \"enim eu\",\n    \"AdditionalStatus\": [\n      {\n        \"StatusCode\": \"ut amet v\",\n        \"StatusDesc\": \"aliqua Lorem sit\",\n        \"Severity\": \"Error\",\n        \"SvcProviderName\": \"aute id deserunt proident\",\n        \"ServerStatusCode\": \"sunt sit reprehend\",\n        \"ServerStatusDesc\": \"sed \",\n        \"OvrdExceptionInd\": true,\n        \"SubjectElement\": [\n          {\n            \"Path\": \"aliquip eiusmod anim quis est\",\n            \"ServerPath\": \"minim Lorem\",\n            \"Value\": \"elit do dolor\"\n          },\n          {\n            \"Path\": \"veniam in elit in\",\n            \"ServerPath\": \"fugiat\",\n            \"Value\": \"exercitation ex ad cillum\"\n          }\n        ]\n      },\n      {\n        \"StatusCode\": \"voluptate irure\",\n        \"StatusDesc\": \"ipsum nostrud dolor\",\n        \"Severity\": \"Info\",\n        \"SvcProviderName\": \"adipisicing Lorem\",\n        \"ServerStatusCode\": \"q\",\n        \"ServerStatusDesc\": \"mollit Ut magna\",\n        \"OvrdExceptionInd\": true,\n        \"SubjectElement\": [\n          {\n            \"Path\": \"Duis minim\",\n            \"ServerPath\": \"irure dolore magna\",\n            \"Value\": \"quis Excepteur anim nostru\"\n          },\n          {\n            \"Path\": \"minim\",\n            \"ServerPath\": \"dolore occaecat\",\n            \"Value\": \"ullamco Excepteur\"\n          }\n        ]\n      }\n    ]\n  },\n  \"RecCtrlOut\": {\n    \"SentRecCount\": -21568474\n  }\n}","cookie":[],"_postman_previewlanguage":"json"}],"event":[],"protocolProfileBehavior":{"disableBodyPruning":true}}],"event":[],"variable":[{"type":"string","value":"/","key":"baseUrl"}],"info":{"_postman_id":"e9912650-57b0-4d29-b9e6-0c8b73b15369","name":"Memo Tickler Service","schema":"https://schema.getpostman.com/json/collection/v2.1.0/collection.json","description":{"content":"Memo tickler service supports operations to manage memo and ticklers.\n    <br>\n    Memo and ticklers are used to notify the officers from financial institutions regarding important messages or actions that need to take place when interacting with the customer or performing a transaction to the customer's account.\n    <br>\n    Memo is a continuous message that does not require any specific action to be taken on it. Tickler is a one-time or recurring message which may require some specific action to be taken.","type":"text/plain"}}}