{"item":[{"id":"3d47f11d-7563-4f01-bbc2-42ac23e495e8","name":"Get Memo Tickler.","request":{"name":"Get Memo Tickler.","description":{"content":"Get Memo Tickler by Acct API retrieves ticklers or critical alerts associated to an account or safe deposit box.<br>This API is used to determine if a critical alert or tickler exists for the account.<br>A tickler is a scheduled reminder or account review reminder whereas a critical alert often pertains to a regulatory or compliance issue that requires attention. <br>Many systems display the critical alert on the screen or in a pop-up window that requires the user to view the alert whenever the account is accessed. <br>This API does not support Precision account Notes.<br> <br> To download the API Specifications and Postman Collection, click <a href=\"../docs/?path=docs/resources/resources.md\" title=\"Click to open\">Resources</a>.","type":"text/plain"},"url":{"path":["memoticklerservice","partyacctsvc","memotickler","secured"],"host":["{{baseUrl}}"],"query":[],"variable":[]},"header":[{"disabled":false,"description":"(Required) EFX Header is a common and required component for all API calls, it contains client-related parameters. Please note that the header parameters should be sent as a JSON object under the EFXHeader parameter. To view the list of header parameters, <a href=\"../docs?path=docs/api-ref-EFX-header.md\" title=\"Click to open\"> click here.</a>","key":"EFXHeader","value":"OrganizationId,<string>,TrnId,<string>,VendorId,<string>,Context,[object Object]"},{"key":"Content-Type","value":"application/json"},{"key":"Accept","value":"application/json"}],"method":"POST","auth":null,"body":{"mode":"raw","raw":"{\n  \"MemoTicklerSel\": {\n    \"MemoTicklerKeys\": {\n      \"AcctKeys\": {\n        \"AcctId\": \"<string>\",\n        \"AcctType\": \"<string>\"\n      },\n      \"MemoTicklerUse\": \"<string>\",\n      \"MemoTicklerIdent\": \"<string>\"\n    },\n    \"AcctKeys\": {\n      \"AcctId\": \"<string>\",\n      \"AcctType\": \"<string>\"\n    },\n    \"MemoTicklerUse\": \"<string>\"\n  }\n}","options":{"raw":{"language":"json"}}}},"response":[{"id":"bebbdf84-53e0-436c-a102-8fb92c2a7de1","name":"Success","originalRequest":{"url":{"path":["memoticklerservice","partyacctsvc","memotickler","secured"],"host":["{{baseUrl}}"],"query":[],"variable":[]},"header":[{"disabled":false,"description":"(Required) EFX Header is a common and required component for all API calls, it contains client-related parameters. Please note that the header parameters should be sent as a JSON object under the EFXHeader parameter. To view the list of header parameters, <a href=\"../docs?path=docs/api-ref-EFX-header.md\" title=\"Click to open\"> click here.</a>","key":"EFXHeader","value":"OrganizationId,<string>,TrnId,<string>,VendorId,<string>,Context,[object Object]"},{"key":"Accept","value":"application/json"}],"method":"POST","body":{"mode":"raw","raw":"{\n  \"MemoTicklerSel\": {\n    \"MemoTicklerKeys\": {\n      \"AcctKeys\": {\n        \"AcctId\": \"<string>\",\n        \"AcctType\": \"<string>\"\n      },\n      \"MemoTicklerUse\": \"<string>\",\n      \"MemoTicklerIdent\": \"<string>\"\n    },\n    \"AcctKeys\": {\n      \"AcctId\": \"<string>\",\n      \"AcctType\": \"<string>\"\n    },\n    \"MemoTicklerUse\": \"<string>\"\n  }\n}","options":{"raw":{"language":"json"}}}},"status":"OK","code":200,"header":[{"key":"Content-Type","value":"application/json"}],"body":"{\n  \"MemoTicklerRec\": [\n    {\n      \"MemoTicklerInfo\": {\n        \"MemoTicklerType\": \"dolor\",\n        \"MemoTicklerTypeDesc\": \"ullamco quis\",\n        \"MemoTicklerTitle\": \"officia eu dolore\",\n        \"MemoTicklerUse\": \"Tickler\",\n        \"CreateDt\": \"4606-74-82T66:31\",\n        \"RelationshipMgr\": [\n          {\n            \"RelationshipMgrIdent\": \"consectetur a\",\n            \"RelationshipRole\": \"Officer\"\n          },\n          {\n            \"RelationshipMgrIdent\": \"consequat non proident veniam elit\",\n            \"RelationshipRole\": \"Officer\"\n          }\n        ],\n        \"RequiredViewInd\": false,\n        \"DeliveryInstruction\": {\n          \"DeliveryMethod\": \"Message\",\n          \"DeliveryDestination\": \"Teller\",\n          \"Contact\": [\n            {\n              \"value\": \"<Error: Too many levels of nesting to fake this schema>\"\n            },\n            {\n              \"value\": \"<Error: Too many levels of nesting to fake this schema>\"\n            }\n          ]\n        },\n        \"RecurRule\": {\n          \"RecurType\": \"Yearly\",\n          \"RecurInterval\": -40038335,\n          \"RecurStartDate\": \"2010-01-24\",\n          \"RecurEndDate\": \"2015-03-21\"\n        },\n        \"NextMemoTicklerDt\": \"1988-05-06\",\n        \"ExpDt\": \"1999-07-23\",\n        \"AccessLevelData\": {\n          \"AccessLevelType\": \"tempor ut ea\",\n          \"AccessLevelCode\": \"esse Duis sit sint ea\"\n        }\n      },\n      \"MemoTicklerKeys\": {\n        \"AcctKeys\": {\n          \"AcctId\": \"<string>\",\n          \"AcctType\": \"<string>\"\n        },\n        \"MemoTicklerUse\": \"TicklerRequired\",\n        \"MemoTicklerIdent\": \"dolor adipisicing non nisi exercit\"\n      },\n      \"MemoTicklerStatus\": {\n        \"MemoTicklerStatusCode\": \"cupidatat incididunt sunt\",\n        \"EffDt\": \"5324-46-02\"\n      }\n    },\n    {\n      \"MemoTicklerInfo\": {\n        \"MemoTicklerType\": \"cillum ea\",\n        \"MemoTicklerTypeDesc\": \"Excepteur ut ad officia\",\n        \"MemoTicklerTitle\": \"est Lorem elit\",\n        \"MemoTicklerUse\": \"Tickler\",\n        \"CreateDt\": \"4991-01-38\",\n        \"RelationshipMgr\": [\n          {\n            \"RelationshipMgrIdent\": \"anim in dolore q\",\n            \"RelationshipRole\": \"Officer\"\n          },\n          {\n            \"RelationshipMgrIdent\": \"in Lorem\",\n            \"RelationshipRole\": \"Officer\"\n          }\n        ],\n        \"RequiredViewInd\": false,\n        \"DeliveryInstruction\": {\n          \"DeliveryMethod\": \"Message\",\n          \"DeliveryDestination\": \"Customer\",\n          \"Contact\": [\n            {\n              \"value\": \"<Error: Too many levels of nesting to fake this schema>\"\n            },\n            {\n              \"value\": \"<Error: Too many levels of nesting to fake this schema>\"\n            }\n          ]\n        },\n        \"RecurRule\": {\n          \"RecurType\": \"SemiYearly\",\n          \"RecurInterval\": 18514613,\n          \"RecurStartDate\": \"1975-11-25\",\n          \"RecurEndDate\": \"2009-09-10\"\n        },\n        \"NextMemoTicklerDt\": \"2018-08-24\",\n        \"ExpDt\": \"2018-11-01\",\n        \"AccessLevelData\": {\n          \"AccessLevelType\": \"Excepteur veniam ut cupidatat\",\n          \"AccessLevelCode\": \"nisi\"\n        }\n      },\n      \"MemoTicklerKeys\": {\n        \"AcctKeys\": {\n          \"AcctId\": \"<string>\",\n          \"AcctType\": \"<string>\"\n        },\n        \"MemoTicklerUse\": \"TicklerRequired\",\n        \"MemoTicklerIdent\": \"ut\"\n      },\n      \"MemoTicklerStatus\": {\n        \"MemoTicklerStatusCode\": \"eu esse\",\n        \"EffDt\": \"3783-28-34\"\n      }\n    }\n  ],\n  \"Status\": {\n    \"Severity\": \"Info\",\n    \"StatusCode\": \"in elit eiusmod \",\n    \"StatusDesc\": \"commodo\",\n    \"SvcProviderName\": \"do proident dolor\",\n    \"Id\": \"ex\",\n    \"ServerStatusCode\": \"adipisi\",\n    \"ServerStatusDesc\": \"irure commodo dolor mollit anim\",\n    \"OvrdExceptionInd\": false,\n    \"SubjectRole\": \"est tempor ea\",\n    \"SubjectElement\": [\n      {\n        \"Path\": \"elit aute ullamco laborum\",\n        \"ServerPath\": \"culpa proident\",\n        \"Value\": \"proident laborum ut\"\n      },\n      {\n        \"Path\": \"sed pariatur amet mol\",\n        \"ServerPath\": \"dolor sit eiusmod\",\n        \"Value\": \"in\"\n      }\n    ],\n    \"ContentHTML\": \"quis proident minim adipisicing\",\n    \"AdditionalStatus\": [\n      {\n        \"StatusCode\": \"dolore\",\n        \"StatusDesc\": \"cillum ullamco\",\n        \"Severity\": \"Error\",\n        \"SvcProviderName\": \"elit anim\",\n        \"ServerStatusCode\": \"sed sit\",\n        \"ServerStatusDesc\": \"dolor id\",\n        \"OvrdExceptionInd\": true,\n        \"SubjectElement\": [\n          {\n            \"Path\": \"ea deserunt\",\n            \"ServerPath\": \"aute sed Lorem\",\n            \"Value\": \"nisi do est\"\n          },\n          {\n            \"Path\": \"ipsum magna\",\n            \"ServerPath\": \"nul\",\n            \"Value\": \"dolore sit dolor\"\n          }\n        ]\n      },\n      {\n        \"StatusCode\": \"sunt nostrud comm\",\n        \"StatusDesc\": \"veniam officia id\",\n        \"Severity\": \"Warning\",\n        \"SvcProviderName\": \"dolor se\",\n        \"ServerStatusCode\": \"dolor te\",\n        \"ServerStatusDesc\": \"sit minim anim\",\n        \"OvrdExceptionInd\": false,\n        \"SubjectElement\": [\n          {\n            \"Path\": \"occaecat est fugiat ut et\",\n            \"ServerPath\": \"irure ex\",\n            \"Value\": \"dolor incididunt\"\n          },\n          {\n            \"Path\": \"ex Ut irure\",\n            \"ServerPath\": \"minim nisi\",\n            \"Value\": \"min\"\n          }\n        ]\n      }\n    ]\n  },\n  \"RecCtrlOut\": {\n    \"SentRecCount\": 78794908\n  }\n}","cookie":[],"_postman_previewlanguage":"json"},{"id":"6e800ecb-6738-403b-99cf-8773eb09924d","name":"To view the complete list of response codes, <a href=\"../docs/?path=docs/response-codes.md\" title=\"Click to open\">click here.</a>","originalRequest":{"url":{"path":["memoticklerservice","partyacctsvc","memotickler","secured"],"host":["{{baseUrl}}"],"query":[],"variable":[]},"header":[{"disabled":false,"description":"(Required) EFX Header is a common and required component for all API calls, it contains client-related parameters. Please note that the header parameters should be sent as a JSON object under the EFXHeader parameter. To view the list of header parameters, <a href=\"../docs?path=docs/api-ref-EFX-header.md\" title=\"Click to open\"> click here.</a>","key":"EFXHeader","value":"OrganizationId,<string>,TrnId,<string>,VendorId,<string>,Context,[object Object]"},{"key":"Accept","value":"application/json"}],"method":"POST","body":{"mode":"raw","raw":"{\n  \"MemoTicklerSel\": {\n    \"MemoTicklerKeys\": {\n      \"AcctKeys\": {\n        \"AcctId\": \"<string>\",\n        \"AcctType\": \"<string>\"\n      },\n      \"MemoTicklerUse\": \"<string>\",\n      \"MemoTicklerIdent\": \"<string>\"\n    },\n    \"AcctKeys\": {\n      \"AcctId\": \"<string>\",\n      \"AcctType\": \"<string>\"\n    },\n    \"MemoTicklerUse\": \"<string>\"\n  }\n}","options":{"raw":{"language":"json"}}}},"status":"Internal Server Error","code":500,"header":[{"key":"Content-Type","value":"application/json"}],"body":"{\n  \"MemoTicklerRec\": [\n    {\n      \"MemoTicklerInfo\": {\n        \"MemoTicklerType\": \"aute anim\",\n        \"MemoTicklerTypeDesc\": \"sit aliquip\",\n        \"MemoTicklerTitle\": \"non sit\",\n        \"MemoTicklerUse\": \"TicklerRequired\",\n        \"CreateDt\": \"0518-59-85T39:12:31.722-97:44\",\n        \"RelationshipMgr\": [\n          {\n            \"RelationshipMgrIdent\": \"ea anim\",\n            \"RelationshipRole\": \"Officer\"\n          },\n          {\n            \"RelationshipMgrIdent\": \"ea dolor nulla\",\n            \"RelationshipRole\": \"Officer\"\n          }\n        ],\n        \"RequiredViewInd\": true,\n        \"DeliveryInstruction\": {\n          \"DeliveryMethod\": \"Message\",\n          \"DeliveryDestination\": \"Teller\",\n          \"Contact\": [\n            {\n              \"value\": \"<Error: Too many levels of nesting to fake this schema>\"\n            },\n            {\n              \"value\": \"<Error: Too many levels of nesting to fake this schema>\"\n            }\n          ]\n        },\n        \"RecurRule\": {\n          \"RecurType\": \"BiMonthly\",\n          \"RecurInterval\": 86394928,\n          \"RecurStartDate\": \"1993-09-09\",\n          \"RecurEndDate\": \"1958-09-19\"\n        },\n        \"NextMemoTicklerDt\": \"1949-02-23\",\n        \"ExpDt\": \"1975-09-24\",\n        \"AccessLevelData\": {\n          \"AccessLevelType\": \"velit\",\n          \"AccessLevelCode\": \"mollit ea ipsum sit\"\n        }\n      },\n      \"MemoTicklerKeys\": {\n        \"AcctKeys\": {\n          \"AcctId\": \"<string>\",\n          \"AcctType\": \"<string>\"\n        },\n        \"MemoTicklerUse\": \"TicklerRequired\",\n        \"MemoTicklerIdent\": \"elit\"\n      },\n      \"MemoTicklerStatus\": {\n        \"MemoTicklerStatusCode\": \"magna aute Lorem\",\n        \"EffDt\": \"1080-86-67T83:96\"\n      }\n    },\n    {\n      \"MemoTicklerInfo\": {\n        \"MemoTicklerType\": \"sit tempor pariatur eu\",\n        \"MemoTicklerTypeDesc\": \"dolor consequat\",\n        \"MemoTicklerTitle\": \"cupidatat dolore adipisicing\",\n        \"MemoTicklerUse\": \"Tickler\",\n        \"CreateDt\": \"6178-17-13\",\n        \"RelationshipMgr\": [\n          {\n            \"RelationshipMgrIdent\": \"velit non culpa\",\n            \"RelationshipRole\": \"Officer\"\n          },\n          {\n            \"RelationshipMgrIdent\": \"non aliqua\",\n            \"RelationshipRole\": \"Officer\"\n          }\n        ],\n        \"RequiredViewInd\": true,\n        \"DeliveryInstruction\": {\n          \"DeliveryMethod\": \"NoNotice\",\n          \"DeliveryDestination\": \"Customer\",\n          \"Contact\": [\n            {\n              \"value\": \"<Error: Too many levels of nesting to fake this schema>\"\n            },\n            {\n              \"value\": \"<Error: Too many levels of nesting to fake this schema>\"\n            }\n          ]\n        },\n        \"RecurRule\": {\n          \"RecurType\": \"Monthly\",\n          \"RecurInterval\": 60956747,\n          \"RecurStartDate\": \"1972-08-15\",\n          \"RecurEndDate\": \"1963-05-11\"\n        },\n        \"NextMemoTicklerDt\": \"1980-02-23\",\n        \"ExpDt\": \"2019-12-06\",\n        \"AccessLevelData\": {\n          \"AccessLevelType\": \"fugiat laboris\",\n          \"AccessLevelCode\": \"anim\"\n        }\n      },\n      \"MemoTicklerKeys\": {\n        \"AcctKeys\": {\n          \"AcctId\": \"<string>\",\n          \"AcctType\": \"<string>\"\n        },\n        \"MemoTicklerUse\": \"Tickler\",\n        \"MemoTicklerIdent\": \"in adipisicing qui et\"\n      },\n      \"MemoTicklerStatus\": {\n        \"MemoTicklerStatusCode\": \"aliqua ea\",\n        \"EffDt\": \"9537-40-06\"\n      }\n    }\n  ],\n  \"Status\": {\n    \"Severity\": \"Warning\",\n    \"StatusCode\": \"c\",\n    \"StatusDesc\": \"dolor aute irure\",\n    \"SvcProviderName\": \"sunt proident dolore\",\n    \"Id\": \"elit nisi qui magna\",\n    \"ServerStatusCode\": \"cillum venia\",\n    \"ServerStatusDesc\": \"labore adipisicing cillum nisi\",\n    \"OvrdExceptionInd\": true,\n    \"SubjectRole\": \"culpa elit\",\n    \"SubjectElement\": [\n      {\n        \"Path\": \"Excepteur sed repr\",\n        \"ServerPath\": \"in aute\",\n        \"Value\": \"sunt enim culpa\"\n      },\n      {\n        \"Path\": \"qui eiusmod ul\",\n        \"ServerPath\": \"in\",\n        \"Value\": \"id consequat sed\"\n      }\n    ],\n    \"ContentHTML\": \"amet ea aute nostrud incididunt\",\n    \"AdditionalStatus\": [\n      {\n        \"StatusCode\": \"inci\",\n        \"StatusDesc\": \"commodo minim labore\",\n        \"Severity\": \"Warning\",\n        \"SvcProviderName\": \"in adipisicing laborum\",\n        \"ServerStatusCode\": \"exercitation oc\",\n        \"ServerStatusDesc\": \"pariatur proident\",\n        \"OvrdExceptionInd\": false,\n        \"SubjectElement\": [\n          {\n            \"Path\": \"do\",\n            \"ServerPath\": \"ullamco Ut sunt\",\n            \"Value\": \"veniam sit\"\n          },\n          {\n            \"Path\": \"anim culpa qui\",\n            \"ServerPath\": \"sit dolore laborum deserunt\",\n            \"Value\": \"enim ullamco in\"\n          }\n        ]\n      },\n      {\n        \"StatusCode\": \"pa\",\n        \"StatusDesc\": \"proident cupidatat ut\",\n        \"Severity\": \"Info\",\n        \"SvcProviderName\": \"qui Ut ex\",\n        \"ServerStatusCode\": \"Except\",\n        \"ServerStatusDesc\": \"mollit non dolor\",\n        \"OvrdExceptionInd\": false,\n        \"SubjectElement\": [\n          {\n            \"Path\": \"dolore eiusmod cillum\",\n            \"ServerPath\": \"occaecat consequat\",\n            \"Value\": \"amet culpa ut\"\n          },\n          {\n            \"Path\": \"enim ut n\",\n            \"ServerPath\": \"consectetur anim\",\n            \"Value\": \"magna ut velit in cillum\"\n          }\n        ]\n      }\n    ]\n  },\n  \"RecCtrlOut\": {\n    \"SentRecCount\": -95650846\n  }\n}","cookie":[],"_postman_previewlanguage":"json"}],"event":[],"protocolProfileBehavior":{"disableBodyPruning":true}}],"event":[],"variable":[{"type":"string","value":"/","key":"baseUrl"}],"info":{"_postman_id":"c10311ed-cdc8-44a1-a698-fd2c860393a1","name":"Memo Tickler Service","schema":"https://schema.getpostman.com/json/collection/v2.1.0/collection.json","description":{"content":"Memo tickler service supports operations to manage memo and ticklers.\n    <br>\n    Memo and ticklers are used to notify the officers from financial institutions regarding important messages or actions that need to take place when interacting with the customer or performing a transaction to the customer's account.\n    <br>\n    Memo is a continuous message that does not require any specific action to be taken on it. Tickler is a one-time or recurring message which may require some specific action to be taken.","type":"text/plain"}}}