{"item":[{"id":"f95ff84a-9780-4d2a-9e6b-9d39d2a98636","name":"Add Memo Tickler.","request":{"name":"Add Memo Tickler.","description":{"content":"Add Memo Ticker API creates the memos and ticklers for the Loan Accounts (LOAN).","type":"text/plain"},"url":{"path":["memoticklerservice","partyacctsvc","memotickler"],"host":["{{baseUrl}}"],"query":[],"variable":[]},"header":[{"disabled":false,"description":"(Required) EFX Header is a common and required component for all API calls, it contains client-related parameters. Please note that the header parameters should be sent as a JSON object under the EFXHeader parameter. To view the list of header parameters, <a href=\"../docs?path=docs/api-ref-EFX-header.md\" title=\"Click to open\"> click here.</a>","key":"EFXHeader","value":"OrganizationId,<string>,TrnId,<string>,VendorId,<string>,Context,[object Object]"},{"key":"Content-Type","value":"application/json"},{"key":"Accept","value":"application/json"}],"method":"POST","auth":null,"body":{"mode":"raw","raw":"{\n  \"MemoTicklerInfo\": {\n    \"AcctKeys\": {\n      \"AcctId\": \"<string>\",\n      \"AcctType\": \"<string>\"\n    },\n    \"MemoTicklerUse\": \"<string>\",\n    \"RelationshipMgr\": [\n      {\n        \"RelationshipMgrIdent\": \"<string>\",\n        \"RelationshipRole\": \"<string>\"\n      },\n      {\n        \"RelationshipMgrIdent\": \"<string>\",\n        \"RelationshipRole\": \"<string>\"\n      }\n    ],\n    \"RequiredViewInd\": \"<boolean>\",\n    \"DeliveryInstruction\": {\n      \"DeliveryMethod\": \"<string>\",\n      \"DeliveryMedia\": \"<string>\"\n    },\n    \"ReportGroupCode\": \"<string>\",\n    \"RecurRule\": {\n      \"RecurType\": \"<string>\",\n      \"RecurInterval\": \"<long>\",\n      \"LeadDays\": \"<long>\"\n    },\n    \"NextMemoTicklerDt\": \"<date>\",\n    \"ExpDt\": \"<date>\"\n  }\n}","options":{"raw":{"language":"json"}}}},"response":[{"id":"4f8aff8b-7786-4a13-a50c-7f0fca1833d0","name":"Created","originalRequest":{"url":{"path":["memoticklerservice","partyacctsvc","memotickler"],"host":["{{baseUrl}}"],"query":[],"variable":[]},"header":[{"disabled":false,"description":"(Required) EFX Header is a common and required component for all API calls, it contains client-related parameters. Please note that the header parameters should be sent as a JSON object under the EFXHeader parameter. To view the list of header parameters, <a href=\"../docs?path=docs/api-ref-EFX-header.md\" title=\"Click to open\"> click here.</a>","key":"EFXHeader","value":"OrganizationId,<string>,TrnId,<string>,VendorId,<string>,Context,[object Object]"},{"key":"Accept","value":"application/json"}],"method":"POST","body":{"mode":"raw","raw":"{\n  \"MemoTicklerInfo\": {\n    \"AcctKeys\": {\n      \"AcctId\": \"<string>\",\n      \"AcctType\": \"<string>\"\n    },\n    \"MemoTicklerUse\": \"<string>\",\n    \"RelationshipMgr\": [\n      {\n        \"RelationshipMgrIdent\": \"<string>\",\n        \"RelationshipRole\": \"<string>\"\n      },\n      {\n        \"RelationshipMgrIdent\": \"<string>\",\n        \"RelationshipRole\": \"<string>\"\n      }\n    ],\n    \"RequiredViewInd\": \"<boolean>\",\n    \"DeliveryInstruction\": {\n      \"DeliveryMethod\": \"<string>\",\n      \"DeliveryMedia\": \"<string>\"\n    },\n    \"ReportGroupCode\": \"<string>\",\n    \"RecurRule\": {\n      \"RecurType\": \"<string>\",\n      \"RecurInterval\": \"<long>\",\n      \"LeadDays\": \"<long>\"\n    },\n    \"NextMemoTicklerDt\": \"<date>\",\n    \"ExpDt\": \"<date>\"\n  }\n}","options":{"raw":{"language":"json"}}}},"status":"Created","code":201,"header":[{"key":"Content-Type","value":"application/json"}],"body":"{\n  \"MemoTicklerStatusRec\": {\n    \"MemoTicklerKeys\": {\n      \"AcctKeys\": {\n        \"AcctId\": \"occaecat\",\n        \"AcctType\": \"LOAN\"\n      },\n      \"MemoTicklerUse\": \"Memo\",\n      \"MemoTicklerIdent\": \"adi\"\n    },\n    \"MemoTicklerStatus\": {\n      \"MemoTicklerStatusCode\": \"Valid\",\n      \"EffDt\": \"0801-48-68T04:44:11.343\"\n    }\n  },\n  \"Status\": {\n    \"Severity\": \"Info\",\n    \"StatusCode\": \"aliquip\",\n    \"StatusDesc\": \"eiusmod nostrud\",\n    \"SvcProviderName\": \"ea fugiat sit in\",\n    \"Id\": \"eiusmod officia do tempor cillum\",\n    \"ServerStatusCode\": \"incididun\",\n    \"ServerStatusDesc\": \"ut cupidatat culpa\",\n    \"OvrdExceptionInd\": true,\n    \"SubjectRole\": \"esse deserunt aliquip\",\n    \"SubjectElement\": [\n      {\n        \"Path\": \"veniam enim anim\",\n        \"ServerPath\": \"sunt tempor\",\n        \"Value\": \"nostrud ut in\"\n      },\n      {\n        \"Path\": \"ani\",\n        \"ServerPath\": \"dolor in amet\",\n        \"Value\": \"eu sed\"\n      }\n    ],\n    \"ContentHTML\": \"aliquip labore laborum\",\n    \"AdditionalStatus\": [\n      {\n        \"StatusCode\": \"nulla Lorem cillu\",\n        \"StatusDesc\": \"ut in do in\",\n        \"Severity\": \"Warning\",\n        \"SvcProviderName\": \"labore consequat eiusmod in\",\n        \"ServerStatusCode\": \"sit\",\n        \"ServerStatusDesc\": \"Lorem velit exercitation\",\n        \"OvrdExceptionInd\": true,\n        \"SubjectElement\": [\n          {\n            \"Path\": \"nisi incididunt sunt amet dolore\",\n            \"ServerPath\": \"sunt incididunt\",\n            \"Value\": \"non velit est\"\n          },\n          {\n            \"Path\": \"voluptate dolore\",\n            \"ServerPath\": \"Lorem in\",\n            \"Value\": \"dolore officia qui dolor\"\n          }\n        ]\n      },\n      {\n        \"StatusCode\": \"temp\",\n        \"StatusDesc\": \"tempor elit\",\n        \"Severity\": \"Warning\",\n        \"SvcProviderName\": \"aute\",\n        \"ServerStatusCode\": \"cillum\",\n        \"ServerStatusDesc\": \"veniam laborum ad pariatur\",\n        \"OvrdExceptionInd\": false,\n        \"SubjectElement\": [\n          {\n            \"Path\": \"non adipisicing cupida\",\n            \"ServerPath\": \"et eiusmod Duis\",\n            \"Value\": \"fugiat sed adipisicing\"\n          },\n          {\n            \"Path\": \"Lorem cillum volupt\",\n            \"ServerPath\": \"sunt incididunt ali\",\n            \"Value\": \"aliquip nisi\"\n          }\n        ]\n      }\n    ]\n  }\n}","cookie":[],"_postman_previewlanguage":"json"},{"id":"e361dfda-aa3e-428f-9694-c7cb86bfa570","name":"To view the complete list of response codes, <a href=\"../docs/?path=docs/response-codes.md\" title=\"Click to open\">click here.</a>","originalRequest":{"url":{"path":["memoticklerservice","partyacctsvc","memotickler"],"host":["{{baseUrl}}"],"query":[],"variable":[]},"header":[{"disabled":false,"description":"(Required) EFX Header is a common and required component for all API calls, it contains client-related parameters. Please note that the header parameters should be sent as a JSON object under the EFXHeader parameter. To view the list of header parameters, <a href=\"../docs?path=docs/api-ref-EFX-header.md\" title=\"Click to open\"> click here.</a>","key":"EFXHeader","value":"OrganizationId,<string>,TrnId,<string>,VendorId,<string>,Context,[object Object]"},{"key":"Accept","value":"application/json"}],"method":"POST","body":{"mode":"raw","raw":"{\n  \"MemoTicklerInfo\": {\n    \"AcctKeys\": {\n      \"AcctId\": \"<string>\",\n      \"AcctType\": \"<string>\"\n    },\n    \"MemoTicklerUse\": \"<string>\",\n    \"RelationshipMgr\": [\n      {\n        \"RelationshipMgrIdent\": \"<string>\",\n        \"RelationshipRole\": \"<string>\"\n      },\n      {\n        \"RelationshipMgrIdent\": \"<string>\",\n        \"RelationshipRole\": \"<string>\"\n      }\n    ],\n    \"RequiredViewInd\": \"<boolean>\",\n    \"DeliveryInstruction\": {\n      \"DeliveryMethod\": \"<string>\",\n      \"DeliveryMedia\": \"<string>\"\n    },\n    \"ReportGroupCode\": \"<string>\",\n    \"RecurRule\": {\n      \"RecurType\": \"<string>\",\n      \"RecurInterval\": \"<long>\",\n      \"LeadDays\": \"<long>\"\n    },\n    \"NextMemoTicklerDt\": \"<date>\",\n    \"ExpDt\": \"<date>\"\n  }\n}","options":{"raw":{"language":"json"}}}},"status":"Internal Server Error","code":500,"header":[{"key":"Content-Type","value":"application/json"}],"body":"{\n  \"MemoTicklerStatusRec\": {\n    \"MemoTicklerKeys\": {\n      \"AcctKeys\": {\n        \"AcctId\": \"irure officia\",\n        \"AcctType\": \"LOAN\"\n      },\n      \"MemoTicklerUse\": \"Tickler\",\n      \"MemoTicklerIdent\": \"mollit\"\n    },\n    \"MemoTicklerStatus\": {\n      \"MemoTicklerStatusCode\": \"Valid\",\n      \"EffDt\": \"2220-94-54\"\n    }\n  },\n  \"Status\": {\n    \"Severity\": \"Warning\",\n    \"StatusCode\": \"oc\",\n    \"StatusDesc\": \"labore minim\",\n    \"SvcProviderName\": \"esse in dolore laborum\",\n    \"Id\": \"elit eu exercit\",\n    \"ServerStatusCode\": \"fug\",\n    \"ServerStatusDesc\": \"consequat\",\n    \"OvrdExceptionInd\": false,\n    \"SubjectRole\": \"qui sint adipisicing\",\n    \"SubjectElement\": [\n      {\n        \"Path\": \"dolor qui\",\n        \"ServerPath\": \"non culpa nostrud est\",\n        \"Value\": \"mollit\"\n      },\n      {\n        \"Path\": \"consectetur in sit m\",\n        \"ServerPath\": \"consequat\",\n        \"Value\": \"do\"\n      }\n    ],\n    \"ContentHTML\": \"ut Ut in\",\n    \"AdditionalStatus\": [\n      {\n        \"StatusCode\": \"nostr\",\n        \"StatusDesc\": \"nisi in\",\n        \"Severity\": \"Error\",\n        \"SvcProviderName\": \"in laborum nostrud aliquip\",\n        \"ServerStatusCode\": \"aliqua velit\",\n        \"ServerStatusDesc\": \"ut qui\",\n        \"OvrdExceptionInd\": true,\n        \"SubjectElement\": [\n          {\n            \"Path\": \"incididunt\",\n            \"ServerPath\": \"aliqua voluptate consectetur velit\",\n            \"Value\": \"sunt ex ea\"\n          },\n          {\n            \"Path\": \"dolor aute\",\n            \"ServerPath\": \"sunt do ullamco reprehenderit occaecat\",\n            \"Value\": \"mollit officia\"\n          }\n        ]\n      },\n      {\n        \"StatusCode\": \"veniam do dese\",\n        \"StatusDesc\": \"culpa sit\",\n        \"Severity\": \"Error\",\n        \"SvcProviderName\": \"deserunt in\",\n        \"ServerStatusCode\": \"aliquip\",\n        \"ServerStatusDesc\": \"Excepteur nulla voluptate\",\n        \"OvrdExceptionInd\": false,\n        \"SubjectElement\": [\n          {\n            \"Path\": \"laboris aute aliqua Ut\",\n            \"ServerPath\": \"officia velit irure\",\n            \"Value\": \"nisi sit reprehend\"\n          },\n          {\n            \"Path\": \"aute cillum sunt ullamco\",\n            \"ServerPath\": \"magna id adipisicing eu aute\",\n            \"Value\": \"culp\"\n          }\n        ]\n      }\n    ]\n  }\n}","cookie":[],"_postman_previewlanguage":"json"}],"event":[],"protocolProfileBehavior":{"disableBodyPruning":true}}],"event":[],"variable":[{"type":"string","value":"/","key":"baseUrl"}],"info":{"_postman_id":"4898e6d6-d373-415a-b358-d1eff7cb28de","name":"Memo Tickler Service","schema":"https://schema.getpostman.com/json/collection/v2.1.0/collection.json","description":{"content":"Memo tickler service supports operations to manage memo and ticklers.\n    <br>\n    Memo and ticklers are used to notify the officers from financial institutions regarding important messages or actions that need to take place when interacting with the customer or performing a transaction to the customer's account.\n    <br>\n    Memo is a continuous message that does not require any specific action to be taken on it. Tickler is a one-time or recurring message which may require some specific action to be taken.","type":"text/plain"}}}