{"item":[{"id":"39d9abbc-363c-49f0-bae1-318b8e39e313","name":"Add Memo Tickler.","request":{"name":"Add Memo Tickler.","description":{"content":"Creates a memo or tickler record for an account or party.\n        <br>\n        Memo and tickler are used to notify the officers from financial institutions regarding important messages or actions that need to take place when interacting with the customer or performing a transaction to the customer's account.\n        <br>        \n        For more information about the Transactions domain, <a href=\"../docs/?path=docs/fintechs/transactions.md\" title=\"Click to open\">click here.</a><br> <br>\n        <b>Relates to:</b>\n          <ul> \n            <li><a href=\"../docs/?path=docs/banks-and-CU/deposits.md\" title=\"Click to open\">Deposits</a></li>\n            <li><a href=\"../docs/?path=docs/banks-and-CU/loans.md\" title=\"Click to open\">Loans</a></li>\n            <li><a href=\"../docs/?path=docs/banks-and-CU/bank-servicing.md\" title=\"Click to open\">Bank Servicing</a></li>\n          </ul>","type":"text/plain"},"url":{"path":["memoticklerservice","partyacctsvc","memotickler"],"host":["{{baseUrl}}"],"query":[],"variable":[]},"header":[{"disabled":false,"description":"(Required) EFX Header is a common and required component for all API calls, it contains client-related parameters. Please note that the header parameters should be sent as a JSON object under the EFXHeader parameter. To view the list of header parameters, <a href=\"../docs?path=docs/api-ref-EFX-header.md\" title=\"Click to open\"> click here.</a>","key":"EFXHeader","value":"OrganizationId,<string>,TrnId,<string>,VendorId,<string>,Context,[object Object]"},{"key":"Content-Type","value":"application/json"},{"key":"Accept","value":"application/json"}],"method":"POST","auth":null,"body":{"mode":"raw","raw":"{\n  \"MemoTicklerInfo\": {\n    \"AcctKeys\": {\n      \"AcctId\": \"<string>\",\n      \"AcctType\": \"<string>\",\n      \"BranchIdent\": \"<string>\"\n    },\n    \"MemoTicklerType\": \"<string>\",\n    \"MemoTicklerTypeDesc\": \"<string>\",\n    \"MemoTicklerTitle\": \"<string>\",\n    \"MemoTicklerUse\": \"<string>\",\n    \"RelationshipMgr\": [\n      {\n        \"RelationshipMgrIdent\": \"<string>\",\n        \"RelationshipRole\": \"<string>\"\n      },\n      {\n        \"RelationshipMgrIdent\": \"<string>\",\n        \"RelationshipRole\": \"<string>\"\n      }\n    ],\n    \"DeliveryInstruction\": {\n      \"DeliveryMethod\": \"<string>\",\n      \"DeliveryDestination\": \"<string>\",\n      \"Contact\": [\n        {\n          \"PostAddr\": {\n            \"AddrType\": {\n              \"value\": \"<Error: Too many levels of nesting to fake this schema>\"\n            },\n            \"NameIdent\": {\n              \"value\": \"<Error: Too many levels of nesting to fake this schema>\"\n            },\n            \"AddressIdent\": {\n              \"value\": \"<Error: Too many levels of nesting to fake this schema>\"\n            },\n            \"AddrUse\": {\n              \"value\": \"<Error: Too many levels of nesting to fake this schema>\"\n            }\n          }\n        },\n        {\n          \"PostAddr\": {\n            \"AddrType\": {\n              \"value\": \"<Error: Too many levels of nesting to fake this schema>\"\n            },\n            \"NameIdent\": {\n              \"value\": \"<Error: Too many levels of nesting to fake this schema>\"\n            },\n            \"AddressIdent\": {\n              \"value\": \"<Error: Too many levels of nesting to fake this schema>\"\n            },\n            \"AddrUse\": {\n              \"value\": \"<Error: Too many levels of nesting to fake this schema>\"\n            }\n          }\n        }\n      ]\n    },\n    \"RecurRule\": {\n      \"RecurType\": \"<string>\",\n      \"RecurInterval\": \"<long>\",\n      \"RecurStartDate\": \"<date>\",\n      \"RecurEndDate\": \"<date>\"\n    },\n    \"NextMemoTicklerDt\": \"<date>\",\n    \"ExpDt\": \"<date>\",\n    \"AccessLevelData\": {\n      \"AccessLevelType\": \"<string>\",\n      \"AccessLevelCode\": \"<string>\"\n    }\n  },\n  \"OvrdExceptionData\": {\n    \"OvrdAutoAckInd\": \"<boolean>\"\n  }\n}","options":{"raw":{"language":"json"}}}},"response":[{"id":"4988a5a4-f50f-4f90-be4d-2e165077361e","name":"Created","originalRequest":{"url":{"path":["memoticklerservice","partyacctsvc","memotickler"],"host":["{{baseUrl}}"],"query":[],"variable":[]},"header":[{"disabled":false,"description":"(Required) EFX Header is a common and required component for all API calls, it contains client-related parameters. Please note that the header parameters should be sent as a JSON object under the EFXHeader parameter. To view the list of header parameters, <a href=\"../docs?path=docs/api-ref-EFX-header.md\" title=\"Click to open\"> click here.</a>","key":"EFXHeader","value":"OrganizationId,<string>,TrnId,<string>,VendorId,<string>,Context,[object Object]"},{"key":"Accept","value":"application/json"}],"method":"POST","body":{"mode":"raw","raw":"{\n  \"MemoTicklerInfo\": {\n    \"AcctKeys\": {\n      \"AcctId\": \"<string>\",\n      \"AcctType\": \"<string>\",\n      \"BranchIdent\": \"<string>\"\n    },\n    \"MemoTicklerType\": \"<string>\",\n    \"MemoTicklerTypeDesc\": \"<string>\",\n    \"MemoTicklerTitle\": \"<string>\",\n    \"MemoTicklerUse\": \"<string>\",\n    \"RelationshipMgr\": [\n      {\n        \"RelationshipMgrIdent\": \"<string>\",\n        \"RelationshipRole\": \"<string>\"\n      },\n      {\n        \"RelationshipMgrIdent\": \"<string>\",\n        \"RelationshipRole\": \"<string>\"\n      }\n    ],\n    \"DeliveryInstruction\": {\n      \"DeliveryMethod\": \"<string>\",\n      \"DeliveryDestination\": \"<string>\",\n      \"Contact\": [\n        {\n          \"PostAddr\": {\n            \"AddrType\": {\n              \"value\": \"<Error: Too many levels of nesting to fake this schema>\"\n            },\n            \"NameIdent\": {\n              \"value\": \"<Error: Too many levels of nesting to fake this schema>\"\n            },\n            \"AddressIdent\": {\n              \"value\": \"<Error: Too many levels of nesting to fake this schema>\"\n            },\n            \"AddrUse\": {\n              \"value\": \"<Error: Too many levels of nesting to fake this schema>\"\n            }\n          }\n        },\n        {\n          \"PostAddr\": {\n            \"AddrType\": {\n              \"value\": \"<Error: Too many levels of nesting to fake this schema>\"\n            },\n            \"NameIdent\": {\n              \"value\": \"<Error: Too many levels of nesting to fake this schema>\"\n            },\n            \"AddressIdent\": {\n              \"value\": \"<Error: Too many levels of nesting to fake this schema>\"\n            },\n            \"AddrUse\": {\n              \"value\": \"<Error: Too many levels of nesting to fake this schema>\"\n            }\n          }\n        }\n      ]\n    },\n    \"RecurRule\": {\n      \"RecurType\": \"<string>\",\n      \"RecurInterval\": \"<long>\",\n      \"RecurStartDate\": \"<date>\",\n      \"RecurEndDate\": \"<date>\"\n    },\n    \"NextMemoTicklerDt\": \"<date>\",\n    \"ExpDt\": \"<date>\",\n    \"AccessLevelData\": {\n      \"AccessLevelType\": \"<string>\",\n      \"AccessLevelCode\": \"<string>\"\n    }\n  },\n  \"OvrdExceptionData\": {\n    \"OvrdAutoAckInd\": \"<boolean>\"\n  }\n}","options":{"raw":{"language":"json"}}}},"status":"Created","code":201,"header":[{"key":"Content-Type","value":"application/json"}],"body":"{\n  \"MemoTicklerStatusRec\": {\n    \"MemoTicklerKeys\": {\n      \"AcctKeys\": {\n        \"AcctId\": \"pariatur tempor amet lab\",\n        \"AcctType\": \"LOAN\"\n      },\n      \"MemoTicklerUse\": \"TicklerRequired\",\n      \"MemoTicklerIdent\": \"ut labore in\"\n    },\n    \"MemoTicklerStatus\": {\n      \"MemoTicklerStatusCode\": \"Valid\",\n      \"EffDt\": \"7727-45-90\"\n    }\n  },\n  \"Status\": {\n    \"Severity\": \"Info\",\n    \"StatusCode\": \"aute\",\n    \"StatusDesc\": \"est Lorem\",\n    \"SvcProviderName\": \"sunt sit cillum\",\n    \"Id\": \"ut do ipsum\",\n    \"ServerStatusCode\": \"con\",\n    \"ServerStatusDesc\": \"proident non\",\n    \"OvrdExceptionInd\": false,\n    \"SubjectRole\": \"aut\",\n    \"SubjectElement\": [\n      {\n        \"Path\": \"nisi qui\",\n        \"ServerPath\": \"amet sit et ex\",\n        \"Value\": \"amet dolor elit\"\n      },\n      {\n        \"Path\": \"pariatur aliqua aute magna Duis\",\n        \"ServerPath\": \"laborum id ipsum ut minim\",\n        \"Value\": \"magna aute proident sed\"\n      }\n    ],\n    \"ContentHTML\": \"ipsum et\",\n    \"AdditionalStatus\": [\n      {\n        \"StatusCode\": \"es\",\n        \"StatusDesc\": \"dolore ex anim sit\",\n        \"Severity\": \"Warning\",\n        \"SvcProviderName\": \"adipisicing eiusmod Duis voluptate\",\n        \"ServerStatusCode\": \"ullamco ad si\",\n        \"ServerStatusDesc\": \"fugiat\",\n        \"OvrdExceptionInd\": false,\n        \"SubjectElement\": [\n          {\n            \"Path\": \"cillum elit nisi\",\n            \"ServerPath\": \"dolore culpa\",\n            \"Value\": \"sunt nostrud\"\n          },\n          {\n            \"Path\": \"Lorem\",\n            \"ServerPath\": \"Lorem nisi\",\n            \"Value\": \"sint ut eiusmod\"\n          }\n        ]\n      },\n      {\n        \"StatusCode\": \"fugiat consec\",\n        \"StatusDesc\": \"in elit non\",\n        \"Severity\": \"Info\",\n        \"SvcProviderName\": \"nostrud ipsum\",\n        \"ServerStatusCode\": \"culpa aute laborum\",\n        \"ServerStatusDesc\": \"Duis est reprehenderit ullamco in\",\n        \"OvrdExceptionInd\": false,\n        \"SubjectElement\": [\n          {\n            \"Path\": \"in Duis sunt\",\n            \"ServerPath\": \"aliquip dolor cupidatat\",\n            \"Value\": \"Excepteur\"\n          },\n          {\n            \"Path\": \"dolor sed tempor in\",\n            \"ServerPath\": \"Excepteur incid\",\n            \"Value\": \"est elit l\"\n          }\n        ]\n      }\n    ]\n  }\n}","cookie":[],"_postman_previewlanguage":"json"},{"id":"28f8e364-e1f4-4432-80d4-20d4093501ac","name":"To view the complete list of response codes, <a href=\"../docs/?path=docs/response-codes.md\" title=\"Click to open\">click here.</a>","originalRequest":{"url":{"path":["memoticklerservice","partyacctsvc","memotickler"],"host":["{{baseUrl}}"],"query":[],"variable":[]},"header":[{"disabled":false,"description":"(Required) EFX Header is a common and required component for all API calls, it contains client-related parameters. Please note that the header parameters should be sent as a JSON object under the EFXHeader parameter. To view the list of header parameters, <a href=\"../docs?path=docs/api-ref-EFX-header.md\" title=\"Click to open\"> click here.</a>","key":"EFXHeader","value":"OrganizationId,<string>,TrnId,<string>,VendorId,<string>,Context,[object Object]"},{"key":"Accept","value":"application/json"}],"method":"POST","body":{"mode":"raw","raw":"{\n  \"MemoTicklerInfo\": {\n    \"AcctKeys\": {\n      \"AcctId\": \"<string>\",\n      \"AcctType\": \"<string>\",\n      \"BranchIdent\": \"<string>\"\n    },\n    \"MemoTicklerType\": \"<string>\",\n    \"MemoTicklerTypeDesc\": \"<string>\",\n    \"MemoTicklerTitle\": \"<string>\",\n    \"MemoTicklerUse\": \"<string>\",\n    \"RelationshipMgr\": [\n      {\n        \"RelationshipMgrIdent\": \"<string>\",\n        \"RelationshipRole\": \"<string>\"\n      },\n      {\n        \"RelationshipMgrIdent\": \"<string>\",\n        \"RelationshipRole\": \"<string>\"\n      }\n    ],\n    \"DeliveryInstruction\": {\n      \"DeliveryMethod\": \"<string>\",\n      \"DeliveryDestination\": \"<string>\",\n      \"Contact\": [\n        {\n          \"PostAddr\": {\n            \"AddrType\": {\n              \"value\": \"<Error: Too many levels of nesting to fake this schema>\"\n            },\n            \"NameIdent\": {\n              \"value\": \"<Error: Too many levels of nesting to fake this schema>\"\n            },\n            \"AddressIdent\": {\n              \"value\": \"<Error: Too many levels of nesting to fake this schema>\"\n            },\n            \"AddrUse\": {\n              \"value\": \"<Error: Too many levels of nesting to fake this schema>\"\n            }\n          }\n        },\n        {\n          \"PostAddr\": {\n            \"AddrType\": {\n              \"value\": \"<Error: Too many levels of nesting to fake this schema>\"\n            },\n            \"NameIdent\": {\n              \"value\": \"<Error: Too many levels of nesting to fake this schema>\"\n            },\n            \"AddressIdent\": {\n              \"value\": \"<Error: Too many levels of nesting to fake this schema>\"\n            },\n            \"AddrUse\": {\n              \"value\": \"<Error: Too many levels of nesting to fake this schema>\"\n            }\n          }\n        }\n      ]\n    },\n    \"RecurRule\": {\n      \"RecurType\": \"<string>\",\n      \"RecurInterval\": \"<long>\",\n      \"RecurStartDate\": \"<date>\",\n      \"RecurEndDate\": \"<date>\"\n    },\n    \"NextMemoTicklerDt\": \"<date>\",\n    \"ExpDt\": \"<date>\",\n    \"AccessLevelData\": {\n      \"AccessLevelType\": \"<string>\",\n      \"AccessLevelCode\": \"<string>\"\n    }\n  },\n  \"OvrdExceptionData\": {\n    \"OvrdAutoAckInd\": \"<boolean>\"\n  }\n}","options":{"raw":{"language":"json"}}}},"status":"Internal Server Error","code":500,"header":[{"key":"Content-Type","value":"application/json"}],"body":"{\n  \"MemoTicklerStatusRec\": {\n    \"MemoTicklerKeys\": {\n      \"AcctKeys\": {\n        \"AcctId\": \"mi\",\n        \"AcctType\": \"CDA\"\n      },\n      \"MemoTicklerUse\": \"Tickler\",\n      \"MemoTicklerIdent\": \"dolor velit\"\n    },\n    \"MemoTicklerStatus\": {\n      \"MemoTicklerStatusCode\": \"Valid\",\n      \"EffDt\": \"5820-16-90\"\n    }\n  },\n  \"Status\": {\n    \"Severity\": \"Error\",\n    \"StatusCode\": \"fugiat nostrud repr\",\n    \"StatusDesc\": \"dolor est laboris culpa\",\n    \"SvcProviderName\": \"dolore\",\n    \"Id\": \"Excepteur deserunt\",\n    \"ServerStatusCode\": \"qui Lorem esse dolo\",\n    \"ServerStatusDesc\": \"incididunt officia nisi\",\n    \"OvrdExceptionInd\": true,\n    \"SubjectRole\": \"culpa dolore aliquip Ut\",\n    \"SubjectElement\": [\n      {\n        \"Path\": \"dolor commodo\",\n        \"ServerPath\": \"aliqua in fugiat dolore Excepteur\",\n        \"Value\": \"tempor id ut Duis mollit\"\n      },\n      {\n        \"Path\": \"ullamco do\",\n        \"ServerPath\": \"reprehenderit in proident\",\n        \"Value\": \"esse dolor\"\n      }\n    ],\n    \"ContentHTML\": \"qui ea magna Excepteur\",\n    \"AdditionalStatus\": [\n      {\n        \"StatusCode\": \"dolor\",\n        \"StatusDesc\": \"non velit in commodo\",\n        \"Severity\": \"Error\",\n        \"SvcProviderName\": \"sed labore aliquip\",\n        \"ServerStatusCode\": \"est ullamco id\",\n        \"ServerStatusDesc\": \"irure ex sunt\",\n        \"OvrdExceptionInd\": true,\n        \"SubjectElement\": [\n          {\n            \"Path\": \"consequat ullamco\",\n            \"ServerPath\": \"irure\",\n            \"Value\": \"quis proident anim sed in\"\n          },\n          {\n            \"Path\": \"tempor ullamco\",\n            \"ServerPath\": \"incididunt\",\n            \"Value\": \"nisi eiusmod sunt Lorem\"\n          }\n        ]\n      },\n      {\n        \"StatusCode\": \"e\",\n        \"StatusDesc\": \"pariatur magna eu\",\n        \"Severity\": \"Info\",\n        \"SvcProviderName\": \"velit exercitation\",\n        \"ServerStatusCode\": \"quis deserunt p\",\n        \"ServerStatusDesc\": \"commodo qui\",\n        \"OvrdExceptionInd\": true,\n        \"SubjectElement\": [\n          {\n            \"Path\": \"commodo exercitation consectetur mollit\",\n            \"ServerPath\": \"pariatur laboris ullamco\",\n            \"Value\": \"cillum tempor ex Duis\"\n          },\n          {\n            \"Path\": \"elit Excepteur incididunt\",\n            \"ServerPath\": \"cillum qui Excepteur in\",\n            \"Value\": \"dolore ipsum\"\n          }\n        ]\n      }\n    ]\n  }\n}","cookie":[],"_postman_previewlanguage":"json"}],"event":[],"protocolProfileBehavior":{"disableBodyPruning":true}}],"event":[],"variable":[{"type":"string","value":"/","key":"baseUrl"}],"info":{"_postman_id":"6584deeb-d1e9-4670-b874-fe168ddf64c8","name":"Memo Tickler Service","schema":"https://schema.getpostman.com/json/collection/v2.1.0/collection.json","description":{"content":"Memo tickler service supports operations to manage memo and ticklers.\n    <br>\n    Memo and ticklers are used to notify the officers from financial institutions regarding important messages or actions that need to take place when interacting with the customer or performing a transaction to the customer's account.\n    <br>\n    Memo is a continuous message that does not require any specific action to be taken on it. Tickler is a one-time or recurring message which may require some specific action to be taken.","type":"text/plain"}}}