{"item":[{"id":"f36c1092-4d42-4cb1-94fe-24f154f4e74e","name":"Add Memo Tickler.","request":{"name":"Add Memo Tickler.","description":{"content":"Add Memo Ticker API creates the memos and ticklers for the selected party.","type":"text/plain"},"url":{"path":["memoticklerservice","partyacctsvc","memotickler"],"host":["{{baseUrl}}"],"query":[],"variable":[]},"header":[{"disabled":false,"description":"(Required) EFX Header is a common and required component for all API calls, it contains client-related parameters. Please note that the header parameters should be sent as a JSON object under the EFXHeader parameter. To view the list of header parameters, <a href=\"../docs?path=docs/api-ref-EFX-header.md\" title=\"Click to open\"> click here.</a>","key":"EFXHeader","value":"OrganizationId,<string>,TrnId,<string>,VendorId,<string>,Context,[object Object]"},{"key":"Content-Type","value":"application/json"},{"key":"Accept","value":"application/json"}],"method":"POST","auth":null,"body":{"mode":"raw","raw":"{\n  \"MemoTicklerInfo\": {\n    \"PartyKeys\": {\n      \"PartyId\": \"<string>\"\n    },\n    \"MemoTicklerUse\": \"<string>\",\n    \"RelationshipMgr\": [\n      {\n        \"RelationshipMgrIdent\": \"<string>\",\n        \"RelationshipRole\": \"<string>\"\n      },\n      {\n        \"RelationshipMgrIdent\": \"<string>\",\n        \"RelationshipRole\": \"<string>\"\n      }\n    ],\n    \"RequiredViewInd\": \"<boolean>\",\n    \"ReportGroupCode\": \"<string>\",\n    \"ExpDt\": \"<date>\"\n  }\n}","options":{"raw":{"language":"json"}}}},"response":[{"id":"71b88a00-df5f-4b04-a60f-fe26b4ee1cde","name":"Created","originalRequest":{"url":{"path":["memoticklerservice","partyacctsvc","memotickler"],"host":["{{baseUrl}}"],"query":[],"variable":[]},"header":[{"disabled":false,"description":"(Required) EFX Header is a common and required component for all API calls, it contains client-related parameters. Please note that the header parameters should be sent as a JSON object under the EFXHeader parameter. To view the list of header parameters, <a href=\"../docs?path=docs/api-ref-EFX-header.md\" title=\"Click to open\"> click here.</a>","key":"EFXHeader","value":"OrganizationId,<string>,TrnId,<string>,VendorId,<string>,Context,[object Object]"},{"key":"Accept","value":"application/json"}],"method":"POST","body":{"mode":"raw","raw":"{\n  \"MemoTicklerInfo\": {\n    \"PartyKeys\": {\n      \"PartyId\": \"<string>\"\n    },\n    \"MemoTicklerUse\": \"<string>\",\n    \"RelationshipMgr\": [\n      {\n        \"RelationshipMgrIdent\": \"<string>\",\n        \"RelationshipRole\": \"<string>\"\n      },\n      {\n        \"RelationshipMgrIdent\": \"<string>\",\n        \"RelationshipRole\": \"<string>\"\n      }\n    ],\n    \"RequiredViewInd\": \"<boolean>\",\n    \"ReportGroupCode\": \"<string>\",\n    \"ExpDt\": \"<date>\"\n  }\n}","options":{"raw":{"language":"json"}}}},"status":"Created","code":201,"header":[{"key":"Content-Type","value":"application/json"}],"body":"{\n  \"MemoTicklerStatusRec\": {\n    \"MemoTicklerKeys\": {\n      \"PartyKeys\": {\n        \"PartyId\": \"reprehenderit sit Lorem\"\n      },\n      \"MemoTicklerUse\": \"Memo\",\n      \"MemoTicklerIdent\": \"dolore in Duis\"\n    },\n    \"MemoTicklerStatus\": {\n      \"MemoTicklerStatusCode\": \"Valid\",\n      \"EffDt\": \"9294-06-77\"\n    }\n  },\n  \"Status\": {\n    \"Severity\": \"Error\",\n    \"StatusCode\": \"eiusmod\",\n    \"StatusDesc\": \"sed minim\",\n    \"SvcProviderName\": \"mollit ea aute aliquip\",\n    \"Id\": \"occaecat officia\",\n    \"ServerStatusCode\": \"reprehenderit ips\",\n    \"ServerStatusDesc\": \"laboris\",\n    \"OvrdExceptionInd\": true,\n    \"SubjectRole\": \"in\",\n    \"SubjectElement\": [\n      {\n        \"Path\": \"eu Ut officia sit\",\n        \"ServerPath\": \"tempor proident reprehenderit consectetur\",\n        \"Value\": \"sint officia Duis irure deserunt\"\n      },\n      {\n        \"Path\": \"irure magna est aliqua\",\n        \"ServerPath\": \"nostrud quis in cillum ullamco\",\n        \"Value\": \"ad\"\n      }\n    ],\n    \"ContentHTML\": \"enim\",\n    \"AdditionalStatus\": [\n      {\n        \"StatusCode\": \"ea commodo in\",\n        \"StatusDesc\": \"eiusmod ullamco Lor\",\n        \"Severity\": \"Info\",\n        \"SvcProviderName\": \"occaecat\",\n        \"ServerStatusCode\": \"qui es\",\n        \"ServerStatusDesc\": \"id quis dolor\",\n        \"OvrdExceptionInd\": true,\n        \"SubjectElement\": [\n          {\n            \"Path\": \"laboris ad\",\n            \"ServerPath\": \"dolor nulla ut\",\n            \"Value\": \"qui eu\"\n          },\n          {\n            \"Path\": \"sed consequat\",\n            \"ServerPath\": \"deserunt Duis culpa sunt ipsum\",\n            \"Value\": \"sed esse\"\n          }\n        ]\n      },\n      {\n        \"StatusCode\": \"dolor ve\",\n        \"StatusDesc\": \"elit cillum ad eu\",\n        \"Severity\": \"Error\",\n        \"SvcProviderName\": \"aliqua ad dolor\",\n        \"ServerStatusCode\": \"in magna volupta\",\n        \"ServerStatusDesc\": \"laboris incididunt\",\n        \"OvrdExceptionInd\": true,\n        \"SubjectElement\": [\n          {\n            \"Path\": \"aliqua ani\",\n            \"ServerPath\": \"esse\",\n            \"Value\": \"nostrud elit fugiat qui\"\n          },\n          {\n            \"Path\": \"eiusmod deserunt dolor\",\n            \"ServerPath\": \"exercitation deserunt\",\n            \"Value\": \"dolor veniam\"\n          }\n        ]\n      }\n    ]\n  }\n}","cookie":[],"_postman_previewlanguage":"json"},{"id":"f59af614-f100-4906-9595-7a480647f4c5","name":"To view the complete list of response codes, <a href=\"../docs/?path=docs/response-codes.md\" title=\"Click to open\">click here.</a>","originalRequest":{"url":{"path":["memoticklerservice","partyacctsvc","memotickler"],"host":["{{baseUrl}}"],"query":[],"variable":[]},"header":[{"disabled":false,"description":"(Required) EFX Header is a common and required component for all API calls, it contains client-related parameters. Please note that the header parameters should be sent as a JSON object under the EFXHeader parameter. To view the list of header parameters, <a href=\"../docs?path=docs/api-ref-EFX-header.md\" title=\"Click to open\"> click here.</a>","key":"EFXHeader","value":"OrganizationId,<string>,TrnId,<string>,VendorId,<string>,Context,[object Object]"},{"key":"Accept","value":"application/json"}],"method":"POST","body":{"mode":"raw","raw":"{\n  \"MemoTicklerInfo\": {\n    \"PartyKeys\": {\n      \"PartyId\": \"<string>\"\n    },\n    \"MemoTicklerUse\": \"<string>\",\n    \"RelationshipMgr\": [\n      {\n        \"RelationshipMgrIdent\": \"<string>\",\n        \"RelationshipRole\": \"<string>\"\n      },\n      {\n        \"RelationshipMgrIdent\": \"<string>\",\n        \"RelationshipRole\": \"<string>\"\n      }\n    ],\n    \"RequiredViewInd\": \"<boolean>\",\n    \"ReportGroupCode\": \"<string>\",\n    \"ExpDt\": \"<date>\"\n  }\n}","options":{"raw":{"language":"json"}}}},"status":"Internal Server Error","code":500,"header":[{"key":"Content-Type","value":"application/json"}],"body":"{\n  \"MemoTicklerStatusRec\": {\n    \"MemoTicklerKeys\": {\n      \"PartyKeys\": {\n        \"PartyId\": \"\"\n      },\n      \"MemoTicklerUse\": \"Memo\",\n      \"MemoTicklerIdent\": \"dolor enim\"\n    },\n    \"MemoTicklerStatus\": {\n      \"MemoTicklerStatusCode\": \"Valid\",\n      \"EffDt\": \"9061-24-54\"\n    }\n  },\n  \"Status\": {\n    \"Severity\": \"Warning\",\n    \"StatusCode\": \"quis dolor \",\n    \"StatusDesc\": \"Excepteur culpa\",\n    \"SvcProviderName\": \"in deserunt reprehenderit\",\n    \"Id\": \"dolore nisi\",\n    \"ServerStatusCode\": \"moll\",\n    \"ServerStatusDesc\": \"in sit et mollit velit\",\n    \"OvrdExceptionInd\": true,\n    \"SubjectRole\": \"cupidatat reprehenderit\",\n    \"SubjectElement\": [\n      {\n        \"Path\": \"consequat\",\n        \"ServerPath\": \"laboris sed tempor\",\n        \"Value\": \"ut ad voluptate\"\n      },\n      {\n        \"Path\": \"sunt esse\",\n        \"ServerPath\": \"consectetur\",\n        \"Value\": \"mollit occaecat sint culpa amet\"\n      }\n    ],\n    \"ContentHTML\": \"pariatur aliqua sint\",\n    \"AdditionalStatus\": [\n      {\n        \"StatusCode\": \"ipsum officia\",\n        \"StatusDesc\": \"eiusmod Excepteur\",\n        \"Severity\": \"Info\",\n        \"SvcProviderName\": \"ad ut est\",\n        \"ServerStatusCode\": \"dolore\",\n        \"ServerStatusDesc\": \"sint elit\",\n        \"OvrdExceptionInd\": true,\n        \"SubjectElement\": [\n          {\n            \"Path\": \"qui dolor anim eu\",\n            \"ServerPath\": \"ut nostr\",\n            \"Value\": \"aliquip Lorem dolor\"\n          },\n          {\n            \"Path\": \"in Duis officia eiusmod sed\",\n            \"ServerPath\": \"sed culpa dolor nulla\",\n            \"Value\": \"qui tempor laborum cillum\"\n          }\n        ]\n      },\n      {\n        \"StatusCode\": \"cillum labo\",\n        \"StatusDesc\": \"sint ipsum\",\n        \"Severity\": \"Error\",\n        \"SvcProviderName\": \"veniam qui\",\n        \"ServerStatusCode\": \"exercitation aliq\",\n        \"ServerStatusDesc\": \"aute magna\",\n        \"OvrdExceptionInd\": false,\n        \"SubjectElement\": [\n          {\n            \"Path\": \"laborum esse ullamco magna velit\",\n            \"ServerPath\": \"est ea dolor Excepteur ad\",\n            \"Value\": \"sit consequat ad deserunt\"\n          },\n          {\n            \"Path\": \"magna\",\n            \"ServerPath\": \"id ullamco esse Excepteur\",\n            \"Value\": \"ad do est\"\n          }\n        ]\n      }\n    ]\n  }\n}","cookie":[],"_postman_previewlanguage":"json"}],"event":[],"protocolProfileBehavior":{"disableBodyPruning":true}}],"event":[],"variable":[{"type":"string","value":"/","key":"baseUrl"}],"info":{"_postman_id":"40f30414-509c-4dcf-b206-45fc36cc48e3","name":"Memo Tickler Service","schema":"https://schema.getpostman.com/json/collection/v2.1.0/collection.json","description":{"content":"Memo tickler service supports operations to manage memo and ticklers.\n    <br>\n    Memo and ticklers are used to notify the officers from financial institutions regarding important messages or actions that need to take place when interacting with the customer or performing a transaction to the customer's account.\n    <br>\n    Memo is a continuous message that does not require any specific action to be taken on it. Tickler is a one-time or recurring message which may require some specific action to be taken.","type":"text/plain"}}}