{"item":[{"id":"e3bea002-b65c-4f65-afb0-02cc3f13d7d8","name":"stopchkservice/stophold/stopChecks","item":[{"id":"d90bfd11-c3d0-483d-8293-c786bed6f3da","name":"Add Stop Check","request":{"name":"Add Stop Check","description":{"content":"Add Stop Check API creates a request to stop (refuse) payment on a check where the check is still unpaid. This API allows for a stop on a single check or a range of checks.","type":"text/plain"},"url":{"path":["stopchkservice","stophold","stopChecks"],"host":["{{baseUrl}}"],"query":[],"variable":[]},"header":[{"disabled":false,"description":"(Required) EFX Header is a common and required component for all API calls, it contains client-related parameters. Please note that the header parameters should be sent as a JSON object under the EFXHeader parameter. To view the list of header parameters, <a href=\"../docs?path=docs/api-ref-EFX-header.md\" title=\"Click to open\"> click here.</a>","key":"EFXHeader","value":"OrganizationId,<string>,TrnId,<string>,VendorId,<string>,Context,[object Object]"},{"key":"Content-Type","value":"application/json"},{"key":"Accept","value":"application/json"}],"method":"POST","auth":null,"body":{"mode":"raw","raw":"{\n  \"StopChkInfo\": {\n    \"AcctKeys\": {\n      \"AcctId\": \"<string>\",\n      \"AcctType\": \"<string>\",\n      \"BranchIdent\": \"<string>\"\n    },\n    \"ChkNum\": \"<string>\",\n    \"ChkNumRange\": {\n      \"ChkNumStart\": \"<string>\",\n      \"ChkNumEnd\": \"<string>\"\n    },\n    \"Name\": \"<string>\",\n    \"CurAmt\": {\n      \"Amt\": \"<number>\",\n      \"CurCode\": {\n        \"CurCodeValue\": \"<string>\",\n        \"CurCodeType\": \"<string>\"\n      }\n    },\n    \"CurAmtRange\": {\n      \"LowCurAmt\": {\n        \"Amt\": \"<number>\",\n        \"CurCode\": {\n          \"CurCodeValue\": \"<string>\",\n          \"CurCodeType\": \"<string>\"\n        }\n      },\n      \"HighCurAmt\": {\n        \"Amt\": \"<number>\",\n        \"CurCode\": {\n          \"CurCodeValue\": \"<string>\",\n          \"CurCodeType\": \"<string>\"\n        }\n      }\n    },\n    \"OrigDt\": \"<date>\",\n    \"StopChkDt\": \"<date>\",\n    \"ExpDt\": \"<date>\",\n    \"Desc\": \"<string>\",\n    \"OtherDesc\": \"<string>\",\n    \"TranFee\": {\n      \"FeeAmt\": {\n        \"Amt\": \"<number>\",\n        \"CurCode\": {\n          \"CurCodeValue\": \"<string>\",\n          \"CurCodeType\": \"<string>\"\n        }\n      },\n      \"BillingInstruction\": {\n        \"BillingMethod\": \"<string>\"\n      }\n    },\n    \"PrintReceiptCode\": \"<string>\"\n  },\n  \"OvrdExceptionData\": {\n    \"OvrdAutoAckInd\": \"<boolean>\"\n  }\n}","options":{"raw":{"language":"json"}}}},"response":[{"id":"4d99950d-676d-4c7b-9097-ee7682075432","name":"Created","originalRequest":{"url":{"path":["stopchkservice","stophold","stopChecks"],"host":["{{baseUrl}}"],"query":[],"variable":[]},"header":[{"disabled":false,"description":"(Required) EFX Header is a common and required component for all API calls, it contains client-related parameters. Please note that the header parameters should be sent as a JSON object under the EFXHeader parameter. To view the list of header parameters, <a href=\"../docs?path=docs/api-ref-EFX-header.md\" title=\"Click to open\"> click here.</a>","key":"EFXHeader","value":"OrganizationId,<string>,TrnId,<string>,VendorId,<string>,Context,[object Object]"},{"key":"Accept","value":"application/json"}],"method":"POST","body":{"mode":"raw","raw":"{\n  \"StopChkInfo\": {\n    \"AcctKeys\": {\n      \"AcctId\": \"<string>\",\n      \"AcctType\": \"<string>\",\n      \"BranchIdent\": \"<string>\"\n    },\n    \"ChkNum\": \"<string>\",\n    \"ChkNumRange\": {\n      \"ChkNumStart\": \"<string>\",\n      \"ChkNumEnd\": \"<string>\"\n    },\n    \"Name\": \"<string>\",\n    \"CurAmt\": {\n      \"Amt\": \"<number>\",\n      \"CurCode\": {\n        \"CurCodeValue\": \"<string>\",\n        \"CurCodeType\": \"<string>\"\n      }\n    },\n    \"CurAmtRange\": {\n      \"LowCurAmt\": {\n        \"Amt\": \"<number>\",\n        \"CurCode\": {\n          \"CurCodeValue\": \"<string>\",\n          \"CurCodeType\": \"<string>\"\n        }\n      },\n      \"HighCurAmt\": {\n        \"Amt\": \"<number>\",\n        \"CurCode\": {\n          \"CurCodeValue\": \"<string>\",\n          \"CurCodeType\": \"<string>\"\n        }\n      }\n    },\n    \"OrigDt\": \"<date>\",\n    \"StopChkDt\": \"<date>\",\n    \"ExpDt\": \"<date>\",\n    \"Desc\": \"<string>\",\n    \"OtherDesc\": \"<string>\",\n    \"TranFee\": {\n      \"FeeAmt\": {\n        \"Amt\": \"<number>\",\n        \"CurCode\": {\n          \"CurCodeValue\": \"<string>\",\n          \"CurCodeType\": \"<string>\"\n        }\n      },\n      \"BillingInstruction\": {\n        \"BillingMethod\": \"<string>\"\n      }\n    },\n    \"PrintReceiptCode\": \"<string>\"\n  },\n  \"OvrdExceptionData\": {\n    \"OvrdAutoAckInd\": \"<boolean>\"\n  }\n}","options":{"raw":{"language":"json"}}}},"status":"Created","code":201,"header":[{"key":"Content-Type","value":"application/json"}],"body":"{\n  \"StopChkStatusRec\": {\n    \"StopChkKeys\": {\n      \"AcctKeys\": {\n        \"AcctId\": \"eiusmod c\",\n        \"AcctType\": \"SDA\"\n      },\n      \"StopChkIdent\": \"do officia\"\n    },\n    \"StopChkStatus\": {\n      \"StopChkStatusCode\": \"Valid\",\n      \"EffDt\": \"5101-52-32T00:74:12\"\n    }\n  },\n  \"Status\": {\n    \"Severity\": \"Error\",\n    \"StatusCode\": \"irure ad consecte\",\n    \"StatusDesc\": \"magna dolore\",\n    \"SvcProviderName\": \"reprehenderit magna\",\n    \"Id\": \"laborum qui\",\n    \"ServerStatusCode\": \"in eli\",\n    \"ServerStatusDesc\": \"sint dolor\",\n    \"OvrdExceptionInd\": true,\n    \"SubjectRole\": \"deserunt cillum sit consectetur\",\n    \"SubjectElement\": [\n      {\n        \"Path\": \"ex voluptate laborum\",\n        \"ServerPath\": \"elit quis\",\n        \"Value\": \"consequat ea\"\n      },\n      {\n        \"Path\": \"in reprehenderit incididunt in\",\n        \"ServerPath\": \"eiusmod occaecat moll\",\n        \"Value\": \"eu\"\n      }\n    ],\n    \"ContentHTML\": \"adipisicing cill\",\n    \"AdditionalStatus\": [\n      {\n        \"StatusCode\": \"in esse inci\",\n        \"StatusDesc\": \"esse nostrud dolore mollit\",\n        \"Severity\": \"Error\",\n        \"SvcProviderName\": \"laborum ut Lorem ut Excepteur\",\n        \"ServerStatusCode\": \"labore ulla\",\n        \"ServerStatusDesc\": \"ut qui ea tempor officia\",\n        \"OvrdExceptionInd\": false,\n        \"SubjectElement\": [\n          {\n            \"Path\": \"aliqua\",\n            \"ServerPath\": \"non Lorem\",\n            \"Value\": \"id dolor\"\n          },\n          {\n            \"Path\": \"tempor veniam Lorem aute\",\n            \"ServerPath\": \"ipsum amet Duis non aute\",\n            \"Value\": \"deserunt tempor\"\n          }\n        ]\n      },\n      {\n        \"StatusCode\": \"veniam\",\n        \"StatusDesc\": \"irure ex nisi\",\n        \"Severity\": \"Info\",\n        \"SvcProviderName\": \"Excepteur eu veniam incididunt\",\n        \"ServerStatusCode\": \"Ut qui \",\n        \"ServerStatusDesc\": \"commodo\",\n        \"OvrdExceptionInd\": true,\n        \"SubjectElement\": [\n          {\n            \"Path\": \"ea deserunt quis pariatur elit\",\n            \"ServerPath\": \"amet est\",\n            \"Value\": \"non nisi do\"\n          },\n          {\n            \"Path\": \"non officia eiusmod ut\",\n            \"ServerPath\": \"cillum\",\n            \"Value\": \"ad ea dolore officia\"\n          }\n        ]\n      }\n    ]\n  }\n}","cookie":[],"_postman_previewlanguage":"json"},{"id":"32519a16-2855-4a73-a5b9-ddf52809afa4","name":"To view the complete list of response codes, <a href=\"../docs/?path=docs/response-codes.md\" title=\"Click to open\">click here.</a>","originalRequest":{"url":{"path":["stopchkservice","stophold","stopChecks"],"host":["{{baseUrl}}"],"query":[],"variable":[]},"header":[{"disabled":false,"description":"(Required) EFX Header is a common and required component for all API calls, it contains client-related parameters. Please note that the header parameters should be sent as a JSON object under the EFXHeader parameter. To view the list of header parameters, <a href=\"../docs?path=docs/api-ref-EFX-header.md\" title=\"Click to open\"> click here.</a>","key":"EFXHeader","value":"OrganizationId,<string>,TrnId,<string>,VendorId,<string>,Context,[object Object]"},{"key":"Accept","value":"application/json"}],"method":"POST","body":{"mode":"raw","raw":"{\n  \"StopChkInfo\": {\n    \"AcctKeys\": {\n      \"AcctId\": \"<string>\",\n      \"AcctType\": \"<string>\",\n      \"BranchIdent\": \"<string>\"\n    },\n    \"ChkNum\": \"<string>\",\n    \"ChkNumRange\": {\n      \"ChkNumStart\": \"<string>\",\n      \"ChkNumEnd\": \"<string>\"\n    },\n    \"Name\": \"<string>\",\n    \"CurAmt\": {\n      \"Amt\": \"<number>\",\n      \"CurCode\": {\n        \"CurCodeValue\": \"<string>\",\n        \"CurCodeType\": \"<string>\"\n      }\n    },\n    \"CurAmtRange\": {\n      \"LowCurAmt\": {\n        \"Amt\": \"<number>\",\n        \"CurCode\": {\n          \"CurCodeValue\": \"<string>\",\n          \"CurCodeType\": \"<string>\"\n        }\n      },\n      \"HighCurAmt\": {\n        \"Amt\": \"<number>\",\n        \"CurCode\": {\n          \"CurCodeValue\": \"<string>\",\n          \"CurCodeType\": \"<string>\"\n        }\n      }\n    },\n    \"OrigDt\": \"<date>\",\n    \"StopChkDt\": \"<date>\",\n    \"ExpDt\": \"<date>\",\n    \"Desc\": \"<string>\",\n    \"OtherDesc\": \"<string>\",\n    \"TranFee\": {\n      \"FeeAmt\": {\n        \"Amt\": \"<number>\",\n        \"CurCode\": {\n          \"CurCodeValue\": \"<string>\",\n          \"CurCodeType\": \"<string>\"\n        }\n      },\n      \"BillingInstruction\": {\n        \"BillingMethod\": \"<string>\"\n      }\n    },\n    \"PrintReceiptCode\": \"<string>\"\n  },\n  \"OvrdExceptionData\": {\n    \"OvrdAutoAckInd\": \"<boolean>\"\n  }\n}","options":{"raw":{"language":"json"}}}},"status":"Internal Server Error","code":500,"header":[{"key":"Content-Type","value":"application/json"}],"body":"{\n  \"StopChkStatusRec\": {\n    \"StopChkKeys\": {\n      \"AcctKeys\": {\n        \"AcctId\": \"est la\",\n        \"AcctType\": \"DDA\"\n      },\n      \"StopChkIdent\": \"proident sit do n\"\n    },\n    \"StopChkStatus\": {\n      \"StopChkStatusCode\": \"Valid\",\n      \"EffDt\": \"4813-15-87\"\n    }\n  },\n  \"Status\": {\n    \"Severity\": \"Warning\",\n    \"StatusCode\": \"Duis officia\",\n    \"StatusDesc\": \"Lorem irure\",\n    \"SvcProviderName\": \"deserunt aute proident\",\n    \"Id\": \"consequat Duis\",\n    \"ServerStatusCode\": \"non proident\",\n    \"ServerStatusDesc\": \"amet sit\",\n    \"OvrdExceptionInd\": false,\n    \"SubjectRole\": \"mollit voluptate tempor ad\",\n    \"SubjectElement\": [\n      {\n        \"Path\": \"do cillum laborum Ut\",\n        \"ServerPath\": \"ut magna ipsum laborum\",\n        \"Value\": \"dolor qui aute sint\"\n      },\n      {\n        \"Path\": \"quis amet reprehenderit\",\n        \"ServerPath\": \"in irure nulla ut\",\n        \"Value\": \"officia al\"\n      }\n    ],\n    \"ContentHTML\": \"labore eiusmod sit\",\n    \"AdditionalStatus\": [\n      {\n        \"StatusCode\": \"off\",\n        \"StatusDesc\": \"tempor aute fugiat\",\n        \"Severity\": \"Warning\",\n        \"SvcProviderName\": \"non elit nisi\",\n        \"ServerStatusCode\": \"irure\",\n        \"ServerStatusDesc\": \"eu sint ut\",\n        \"OvrdExceptionInd\": true,\n        \"SubjectElement\": [\n          {\n            \"Path\": \"in Duis nisi cupidatat aliquip\",\n            \"ServerPath\": \"ea in et\",\n            \"Value\": \"deserunt est incididunt aliquip\"\n          },\n          {\n            \"Path\": \"do \",\n            \"ServerPath\": \"laboris pariatur ad\",\n            \"Value\": \"incididunt\"\n          }\n        ]\n      },\n      {\n        \"StatusCode\": \"ullam\",\n        \"StatusDesc\": \"elit Ut ipsum ullamco ea\",\n        \"Severity\": \"Info\",\n        \"SvcProviderName\": \"ad cillum ipsum voluptate minim\",\n        \"ServerStatusCode\": \"id adipisicin\",\n        \"ServerStatusDesc\": \"ut ullamco\",\n        \"OvrdExceptionInd\": false,\n        \"SubjectElement\": [\n          {\n            \"Path\": \"sunt velit nisi proident\",\n            \"ServerPath\": \"eiusmod dolore ut\",\n            \"Value\": \"\"\n          },\n          {\n            \"Path\": \"consectetur dolore non dolore adipisicing\",\n            \"ServerPath\": \"officia in nulla do\",\n            \"Value\": \"labore ut consectetur laborum\"\n          }\n        ]\n      }\n    ]\n  }\n}","cookie":[],"_postman_previewlanguage":"json"}],"event":[],"protocolProfileBehavior":{"disableBodyPruning":true}},{"id":"cea1b569-a5fb-421b-822d-73854e5dfd7d","name":"secured","item":[{"id":"68f0b816-a43f-494d-8da5-40820f1a624a","name":"Cancel Stop Check","request":{"name":"Cancel Stop Check","description":{"content":"Cancel Stop Check API cancels a stop that was placed on a check.","type":"text/plain"},"url":{"path":["stopchkservice","stophold","stopChecks","secured"],"host":["{{baseUrl}}"],"query":[],"variable":[]},"header":[{"disabled":false,"description":"(Required) EFX Header is a common and required component for all API calls, it contains client-related parameters. Please note that the header parameters should be sent as a JSON object under the EFXHeader parameter. To view the list of header parameters, <a href=\"../docs?path=docs/api-ref-EFX-header.md\" title=\"Click to open\"> click here.</a>","key":"EFXHeader","value":"OrganizationId,<string>,TrnId,<string>,VendorId,<string>,Context,[object Object]"},{"key":"Content-Type","value":"application/json"},{"key":"Accept","value":"application/json"}],"method":"PUT","auth":null,"body":{"mode":"raw","raw":"{\n  \"StopChkKeys\": {\n    \"AcctKeys\": {\n      \"AcctId\": \"<string>\",\n      \"AcctType\": \"<string>\"\n    },\n    \"StopChkIdent\": \"<string>\"\n  }\n}","options":{"raw":{"language":"json"}}}},"response":[{"id":"5d194c09-c0a3-4f0b-b96e-1af4f5ee1c62","name":"Success","originalRequest":{"url":{"path":["stopchkservice","stophold","stopChecks","secured"],"host":["{{baseUrl}}"],"query":[],"variable":[]},"header":[{"disabled":false,"description":"(Required) EFX Header is a common and required component for all API calls, it contains client-related parameters. Please note that the header parameters should be sent as a JSON object under the EFXHeader parameter. To view the list of header parameters, <a href=\"../docs?path=docs/api-ref-EFX-header.md\" title=\"Click to open\"> click here.</a>","key":"EFXHeader","value":"OrganizationId,<string>,TrnId,<string>,VendorId,<string>,Context,[object Object]"},{"key":"Accept","value":"application/json"}],"method":"PUT","body":{"mode":"raw","raw":"{\n  \"StopChkKeys\": {\n    \"AcctKeys\": {\n      \"AcctId\": \"<string>\",\n      \"AcctType\": \"<string>\"\n    },\n    \"StopChkIdent\": \"<string>\"\n  }\n}","options":{"raw":{"language":"json"}}}},"status":"OK","code":200,"header":[{"key":"Content-Type","value":"application/json"}],"body":"{\n  \"StopChkStatusRec\": {\n    \"StopChkKeys\": {\n      \"AcctKeys\": {\n        \"AcctId\": \"<string>\",\n        \"AcctType\": \"<string>\"\n      },\n      \"StopChkIdent\": \"irure\"\n    },\n    \"StopChkStatus\": {\n      \"StopChkStatusCode\": \"Deleted\",\n      \"EffDt\": \"3516-17-58\"\n    }\n  },\n  \"Status\": {\n    \"Severity\": \"Info\",\n    \"StatusCode\": \"in nis\",\n    \"StatusDesc\": \"nostrud ex proident\",\n    \"SvcProviderName\": \"tempor aliqua\",\n    \"Id\": \"ut sit officia mollit\",\n    \"ServerStatusCode\": \"in labore\",\n    \"ServerStatusDesc\": \"Lorem ipsum veniam do\",\n    \"OvrdExceptionInd\": false,\n    \"SubjectRole\": \"sit quis veniam\",\n    \"SubjectElement\": [\n      {\n        \"Path\": \"eiusmod elit nisi\",\n        \"ServerPath\": \"aliqua sint tempor\",\n        \"Value\": \"dolore labore cupidatat\"\n      },\n      {\n        \"Path\": \"eu eiusmod et qui\",\n        \"ServerPath\": \"enim ex ut amet et\",\n        \"Value\": \"fugiat dolor\"\n      }\n    ],\n    \"ContentHTML\": \"sit cillum dolore quis\",\n    \"AdditionalStatus\": [\n      {\n        \"StatusCode\": \"occaecat\",\n        \"StatusDesc\": \"eu ut\",\n        \"Severity\": \"Error\",\n        \"SvcProviderName\": \"magna non\",\n        \"ServerStatusCode\": \"velit p\",\n        \"ServerStatusDesc\": \"laborum ut Excepteur id\",\n        \"OvrdExceptionInd\": false,\n        \"SubjectElement\": [\n          {\n            \"Path\": \"Ut sint d\",\n            \"ServerPath\": \"fugiat Lorem adipisicing\",\n            \"Value\": \"cupidatat sunt\"\n          },\n          {\n            \"Path\": \"Lorem ad fugiat cupidatat deserunt\",\n            \"ServerPath\": \"nulla\",\n            \"Value\": \"elit aliqu\"\n          }\n        ]\n      },\n      {\n        \"StatusCode\": \"exe\",\n        \"StatusDesc\": \"nostrud ea pariatur\",\n        \"Severity\": \"Info\",\n        \"SvcProviderName\": \"mollit elit voluptate non exercitation\",\n        \"ServerStatusCode\": \"cons\",\n        \"ServerStatusDesc\": \"amet anim et exercitation enim\",\n        \"OvrdExceptionInd\": true,\n        \"SubjectElement\": [\n          {\n            \"Path\": \"sunt in velit\",\n            \"ServerPath\": \"dolore ullamco\",\n            \"Value\": \"dolor quis reprehenderit mollit\"\n          },\n          {\n            \"Path\": \"ex\",\n            \"ServerPath\": \"est nisi dolor dolore\",\n            \"Value\": \"exercitation fugiat Lorem in ut\"\n          }\n        ]\n      }\n    ]\n  }\n}","cookie":[],"_postman_previewlanguage":"json"},{"id":"91f485e8-a200-4096-b822-f39f9f2526b9","name":"To view the complete list of response codes, <a href=\"../docs/?path=docs/response-codes.md\" title=\"Click to open\">click here.</a>","originalRequest":{"url":{"path":["stopchkservice","stophold","stopChecks","secured"],"host":["{{baseUrl}}"],"query":[],"variable":[]},"header":[{"disabled":false,"description":"(Required) EFX Header is a common and required component for all API calls, it contains client-related parameters. Please note that the header parameters should be sent as a JSON object under the EFXHeader parameter. To view the list of header parameters, <a href=\"../docs?path=docs/api-ref-EFX-header.md\" title=\"Click to open\"> click here.</a>","key":"EFXHeader","value":"OrganizationId,<string>,TrnId,<string>,VendorId,<string>,Context,[object Object]"},{"key":"Accept","value":"application/json"}],"method":"PUT","body":{"mode":"raw","raw":"{\n  \"StopChkKeys\": {\n    \"AcctKeys\": {\n      \"AcctId\": \"<string>\",\n      \"AcctType\": \"<string>\"\n    },\n    \"StopChkIdent\": \"<string>\"\n  }\n}","options":{"raw":{"language":"json"}}}},"status":"Internal Server Error","code":500,"header":[{"key":"Content-Type","value":"application/json"}],"body":"{\n  \"StopChkStatusRec\": {\n    \"StopChkKeys\": {\n      \"AcctKeys\": {\n        \"AcctId\": \"<string>\",\n        \"AcctType\": \"<string>\"\n      },\n      \"StopChkIdent\": \"irure\"\n    },\n    \"StopChkStatus\": {\n      \"StopChkStatusCode\": \"Deleted\",\n      \"EffDt\": \"3516-17-58\"\n    }\n  },\n  \"Status\": {\n    \"Severity\": \"Info\",\n    \"StatusCode\": \"in nis\",\n    \"StatusDesc\": \"nostrud ex proident\",\n    \"SvcProviderName\": \"tempor aliqua\",\n    \"Id\": \"ut sit officia mollit\",\n    \"ServerStatusCode\": \"in labore\",\n    \"ServerStatusDesc\": \"Lorem ipsum veniam do\",\n    \"OvrdExceptionInd\": false,\n    \"SubjectRole\": \"sit quis veniam\",\n    \"SubjectElement\": [\n      {\n        \"Path\": \"eiusmod elit nisi\",\n        \"ServerPath\": \"aliqua sint tempor\",\n        \"Value\": \"dolore labore cupidatat\"\n      },\n      {\n        \"Path\": \"eu eiusmod et qui\",\n        \"ServerPath\": \"enim ex ut amet et\",\n        \"Value\": \"fugiat dolor\"\n      }\n    ],\n    \"ContentHTML\": \"sit cillum dolore quis\",\n    \"AdditionalStatus\": [\n      {\n        \"StatusCode\": \"occaecat\",\n        \"StatusDesc\": \"eu ut\",\n        \"Severity\": \"Error\",\n        \"SvcProviderName\": \"magna non\",\n        \"ServerStatusCode\": \"velit p\",\n        \"ServerStatusDesc\": \"laborum ut Excepteur id\",\n        \"OvrdExceptionInd\": false,\n        \"SubjectElement\": [\n          {\n            \"Path\": \"Ut sint d\",\n            \"ServerPath\": \"fugiat Lorem adipisicing\",\n            \"Value\": \"cupidatat sunt\"\n          },\n          {\n            \"Path\": \"Lorem ad fugiat cupidatat deserunt\",\n            \"ServerPath\": \"nulla\",\n            \"Value\": \"elit aliqu\"\n          }\n        ]\n      },\n      {\n        \"StatusCode\": \"exe\",\n        \"StatusDesc\": \"nostrud ea pariatur\",\n        \"Severity\": \"Info\",\n        \"SvcProviderName\": \"mollit elit voluptate non exercitation\",\n        \"ServerStatusCode\": \"cons\",\n        \"ServerStatusDesc\": \"amet anim et exercitation enim\",\n        \"OvrdExceptionInd\": true,\n        \"SubjectElement\": [\n          {\n            \"Path\": \"sunt in velit\",\n            \"ServerPath\": \"dolore ullamco\",\n            \"Value\": \"dolor quis reprehenderit mollit\"\n          },\n          {\n            \"Path\": \"ex\",\n            \"ServerPath\": \"est nisi dolor dolore\",\n            \"Value\": \"exercitation fugiat Lorem in ut\"\n          }\n        ]\n      }\n    ]\n  }\n}","cookie":[],"_postman_previewlanguage":"json"}],"event":[],"protocolProfileBehavior":{"disableBodyPruning":true}},{"id":"1d72df3e-cf3a-46ae-b913-a861998c50cc","name":"Get Stop Check.","request":{"name":"Get Stop Check.","description":{"content":"Get Stop Check API retrieves a single or list of stops placed on checks against the account.","type":"text/plain"},"url":{"path":["stopchkservice","stophold","stopChecks","secured"],"host":["{{baseUrl}}"],"query":[],"variable":[]},"header":[{"disabled":false,"description":"(Required) EFX Header is a common and required component for all API calls, it contains client-related parameters. Please note that the header parameters should be sent as a JSON object under the EFXHeader parameter. To view the list of header parameters, <a href=\"../docs?path=docs/api-ref-EFX-header.md\" title=\"Click to open\"> click here.</a>","key":"EFXHeader","value":"OrganizationId,<string>,TrnId,<string>,VendorId,<string>,Context,[object Object]"},{"key":"Content-Type","value":"application/json"},{"key":"Accept","value":"application/json"}],"method":"POST","auth":null,"body":{"mode":"raw","raw":"{\n  \"StopChkSel\": {\n    \"StopChkKeys\": {\n      \"AcctKeys\": {\n        \"AcctId\": \"<string>\",\n        \"AcctType\": \"<string>\"\n      },\n      \"StopChkIdent\": \"<string>\"\n    },\n    \"AcctKeys\": {\n      \"AcctId\": \"<string>\",\n      \"AcctType\": \"<string>\"\n    }\n  }\n}","options":{"raw":{"language":"json"}}}},"response":[{"id":"e85d5959-ddf5-4063-9051-2359bb3cf73f","name":"Success","originalRequest":{"url":{"path":["stopchkservice","stophold","stopChecks","secured"],"host":["{{baseUrl}}"],"query":[],"variable":[]},"header":[{"disabled":false,"description":"(Required) EFX Header is a common and required component for all API calls, it contains client-related parameters. Please note that the header parameters should be sent as a JSON object under the EFXHeader parameter. To view the list of header parameters, <a href=\"../docs?path=docs/api-ref-EFX-header.md\" title=\"Click to open\"> click here.</a>","key":"EFXHeader","value":"OrganizationId,<string>,TrnId,<string>,VendorId,<string>,Context,[object Object]"},{"key":"Accept","value":"application/json"}],"method":"POST","body":{"mode":"raw","raw":"{\n  \"StopChkSel\": {\n    \"StopChkKeys\": {\n      \"AcctKeys\": {\n        \"AcctId\": \"<string>\",\n        \"AcctType\": \"<string>\"\n      },\n      \"StopChkIdent\": \"<string>\"\n    },\n    \"AcctKeys\": {\n      \"AcctId\": \"<string>\",\n      \"AcctType\": \"<string>\"\n    }\n  }\n}","options":{"raw":{"language":"json"}}}},"status":"OK","code":200,"header":[{"key":"Content-Type","value":"application/json"}],"body":"{\n  \"StopChkRec\": [\n    {\n      \"StopChkInfo\": {\n        \"AcctKeys\": {\n          \"AcctId\": \"qui sed eu no\",\n          \"AcctType\": \"LOAN\"\n        },\n        \"ChkNum\": \"in\",\n        \"ChkNumRange\": {\n          \"ChkNumStart\": \"s\",\n          \"ChkNumEnd\": \"sunt\"\n        },\n        \"Name\": \"eiusmod\",\n        \"CurAmt\": {\n          \"Amt\": 8405513.213782892,\n          \"CurCode\": {\n            \"CurCodeValue\": {\n              \"value\": \"<Error: Too many levels of nesting to fake this schema>\"\n            },\n            \"CurCodeType\": {\n              \"value\": \"<Error: Too many levels of nesting to fake this schema>\"\n            }\n          }\n        },\n        \"CurAmtRange\": {\n          \"LowCurAmt\": {\n            \"Amt\": {\n              \"value\": \"<Error: Too many levels of nesting to fake this schema>\"\n            },\n            \"CurCode\": {\n              \"value\": \"<Error: Too many levels of nesting to fake this schema>\"\n            }\n          },\n          \"HighCurAmt\": {\n            \"Amt\": {\n              \"value\": \"<Error: Too many levels of nesting to fake this schema>\"\n            },\n            \"CurCode\": {\n              \"value\": \"<Error: Too many levels of nesting to fake this schema>\"\n            }\n          }\n        },\n        \"OrigDt\": \"1954-06-15\",\n        \"StopChkDt\": \"1989-08-08\",\n        \"ExpDt\": \"1957-09-01\",\n        \"Desc\": \"reprehenderit culpa aliqua \",\n        \"OtherDesc\": \"nisi do laborum enim d\",\n        \"PrintReceiptCode\": \"sit non\"\n      },\n      \"StopChkKeys\": {\n        \"AcctKeys\": {\n          \"AcctId\": \"<string>\",\n          \"AcctType\": \"<string>\"\n        },\n        \"StopChkIdent\": \"mollit fugiat sunt\"\n      },\n      \"StopChkStatus\": {\n        \"StopChkStatusCode\": \"Valid\",\n        \"EffDt\": \"0925-05-61T27:87:44.793\"\n      }\n    },\n    {\n      \"StopChkInfo\": {\n        \"AcctKeys\": {\n          \"AcctId\": \"anim volu\",\n          \"AcctType\": \"LOAN\"\n        },\n        \"ChkNum\": \"incididunt\",\n        \"ChkNumRange\": {\n          \"ChkNumStart\": \"officia oc\",\n          \"ChkNumEnd\": \"consec\"\n        },\n        \"Name\": \"anim elit\",\n        \"CurAmt\": {\n          \"Amt\": -32794292.839120716,\n          \"CurCode\": {\n            \"CurCodeValue\": {\n              \"value\": \"<Error: Too many levels of nesting to fake this schema>\"\n            },\n            \"CurCodeType\": {\n              \"value\": \"<Error: Too many levels of nesting to fake this schema>\"\n            }\n          }\n        },\n        \"CurAmtRange\": {\n          \"LowCurAmt\": {\n            \"Amt\": {\n              \"value\": \"<Error: Too many levels of nesting to fake this schema>\"\n            },\n            \"CurCode\": {\n              \"value\": \"<Error: Too many levels of nesting to fake this schema>\"\n            }\n          },\n          \"HighCurAmt\": {\n            \"Amt\": {\n              \"value\": \"<Error: Too many levels of nesting to fake this schema>\"\n            },\n            \"CurCode\": {\n              \"value\": \"<Error: Too many levels of nesting to fake this schema>\"\n            }\n          }\n        },\n        \"OrigDt\": \"1974-10-26\",\n        \"StopChkDt\": \"1983-06-20\",\n        \"ExpDt\": \"1995-07-01\",\n        \"Desc\": \"elit ad reprehenderit non Excepteur\",\n        \"OtherDesc\": \"dolore fugiat\",\n        \"PrintReceiptCode\": \"eu pariatur aute et eiusmod\"\n      },\n      \"StopChkKeys\": {\n        \"AcctKeys\": {\n          \"AcctId\": \"<string>\",\n          \"AcctType\": \"<string>\"\n        },\n        \"StopChkIdent\": \"officia ea\"\n      },\n      \"StopChkStatus\": {\n        \"StopChkStatusCode\": \"Valid\",\n        \"EffDt\": \"8257-79-29T64:71:70\"\n      }\n    }\n  ],\n  \"Status\": {\n    \"Severity\": \"Error\",\n    \"StatusCode\": \"ip\",\n    \"StatusDesc\": \"Lorem amet dolore\",\n    \"SvcProviderName\": \"conse\",\n    \"Id\": \"elit Excepteur\",\n    \"ServerStatusCode\": \"laboris aliq\",\n    \"ServerStatusDesc\": \"enim e\",\n    \"OvrdExceptionInd\": false,\n    \"SubjectRole\": \"sed tempor\",\n    \"SubjectElement\": [\n      {\n        \"Path\": \"tempor fugiat aliquip sit\",\n        \"ServerPath\": \"aute exercitation\",\n        \"Value\": \"ex ea\"\n      },\n      {\n        \"Path\": \"nisi ad ut\",\n        \"ServerPath\": \"Excepteur ut est sint commodo\",\n        \"Value\": \"aute deserunt eiusmod tempor nisi\"\n      }\n    ],\n    \"ContentHTML\": \"commodo enim\",\n    \"AdditionalStatus\": [\n      {\n        \"StatusCode\": \"veli\",\n        \"StatusDesc\": \"enim consecte\",\n        \"Severity\": \"Warning\",\n        \"SvcProviderName\": \"ullamco id cillum\",\n        \"ServerStatusCode\": \"cul\",\n        \"ServerStatusDesc\": \"fugiat Lorem dolore\",\n        \"OvrdExceptionInd\": false,\n        \"SubjectElement\": [\n          {\n            \"Path\": \"sit ad\",\n            \"ServerPath\": \"amet irure\",\n            \"Value\": \"laboris ullamco ut ut\"\n          },\n          {\n            \"Path\": \"Duis dolore\",\n            \"ServerPath\": \"ex laborum irure deserunt\",\n            \"Value\": \"adipisicing et\"\n          }\n        ]\n      },\n      {\n        \"StatusCode\": \"pariatur tempor \",\n        \"StatusDesc\": \"ex labore pariatur\",\n        \"Severity\": \"Error\",\n        \"SvcProviderName\": \"culpa sint Excepteur\",\n        \"ServerStatusCode\": \"cupidatat aliqua es\",\n        \"ServerStatusDesc\": \"sint aute\",\n        \"OvrdExceptionInd\": false,\n        \"SubjectElement\": [\n          {\n            \"Path\": \"enim sed in voluptate\",\n            \"ServerPath\": \"elit adipisicing\",\n            \"Value\": \"velit quis ad\"\n          },\n          {\n            \"Path\": \"ea voluptate dolore sit mollit\",\n            \"ServerPath\": \"Excepteur ut enim eiusmod\",\n            \"Value\": \"Lorem\"\n          }\n        ]\n      }\n    ]\n  },\n  \"RecCtrlOut\": {\n    \"SentRecCount\": -9272366\n  }\n}","cookie":[],"_postman_previewlanguage":"json"},{"id":"e39d1ea2-035a-4d4f-8e17-48acdbc63a41","name":"To view the complete list of response codes, <a href=\"../docs/?path=docs/response-codes.md\" title=\"Click to open\">click here.</a>","originalRequest":{"url":{"path":["stopchkservice","stophold","stopChecks","secured"],"host":["{{baseUrl}}"],"query":[],"variable":[]},"header":[{"disabled":false,"description":"(Required) EFX Header is a common and required component for all API calls, it contains client-related parameters. Please note that the header parameters should be sent as a JSON object under the EFXHeader parameter. To view the list of header parameters, <a href=\"../docs?path=docs/api-ref-EFX-header.md\" title=\"Click to open\"> click here.</a>","key":"EFXHeader","value":"OrganizationId,<string>,TrnId,<string>,VendorId,<string>,Context,[object Object]"},{"key":"Accept","value":"application/json"}],"method":"POST","body":{"mode":"raw","raw":"{\n  \"StopChkSel\": {\n    \"StopChkKeys\": {\n      \"AcctKeys\": {\n        \"AcctId\": \"<string>\",\n        \"AcctType\": \"<string>\"\n      },\n      \"StopChkIdent\": \"<string>\"\n    },\n    \"AcctKeys\": {\n      \"AcctId\": \"<string>\",\n      \"AcctType\": \"<string>\"\n    }\n  }\n}","options":{"raw":{"language":"json"}}}},"status":"Internal Server Error","code":500,"header":[{"key":"Content-Type","value":"application/json"}],"body":"{\n  \"StopChkRec\": [\n    {\n      \"StopChkInfo\": {\n        \"AcctKeys\": {\n          \"AcctId\": \"Excepteur aliqua\",\n          \"AcctType\": \"CDA\"\n        },\n        \"ChkNum\": \"ut sit ad labore\",\n        \"ChkNumRange\": {\n          \"ChkNumStart\": \"exercitation irure\",\n          \"ChkNumEnd\": \"esse m\"\n        },\n        \"Name\": \"ad ullamco cupidatat officia in\",\n        \"CurAmt\": {\n          \"Amt\": -84881378.89564733,\n          \"CurCode\": {\n            \"CurCodeValue\": {\n              \"value\": \"<Error: Too many levels of nesting to fake this schema>\"\n            },\n            \"CurCodeType\": {\n              \"value\": \"<Error: Too many levels of nesting to fake this schema>\"\n            }\n          }\n        },\n        \"CurAmtRange\": {\n          \"LowCurAmt\": {\n            \"Amt\": {\n              \"value\": \"<Error: Too many levels of nesting to fake this schema>\"\n            },\n            \"CurCode\": {\n              \"value\": \"<Error: Too many levels of nesting to fake this schema>\"\n            }\n          },\n          \"HighCurAmt\": {\n            \"Amt\": {\n              \"value\": \"<Error: Too many levels of nesting to fake this schema>\"\n            },\n            \"CurCode\": {\n              \"value\": \"<Error: Too many levels of nesting to fake this schema>\"\n            }\n          }\n        },\n        \"OrigDt\": \"1988-02-12\",\n        \"StopChkDt\": \"1988-06-30\",\n        \"ExpDt\": \"2005-10-07\",\n        \"Desc\": \"dolore fugiat culpa\",\n        \"OtherDesc\": \"Excepteur id ipsum qui\",\n        \"PrintReceiptCode\": \"commodo dolore tempor\"\n      },\n      \"StopChkKeys\": {\n        \"AcctKeys\": {\n          \"AcctId\": \"<string>\",\n          \"AcctType\": \"<string>\"\n        },\n        \"StopChkIdent\": \"in dolore sed cillu\"\n      },\n      \"StopChkStatus\": {\n        \"StopChkStatusCode\": \"Valid\",\n        \"EffDt\": \"2036-13-67T43:72:92\"\n      }\n    },\n    {\n      \"StopChkInfo\": {\n        \"AcctKeys\": {\n          \"AcctId\": \"voluptate officia\",\n          \"AcctType\": \"SDA\"\n        },\n        \"ChkNum\": \"occaecat ut anim in\",\n        \"ChkNumRange\": {\n          \"ChkNumStart\": \"adipisicing\",\n          \"ChkNumEnd\": \"ea non\"\n        },\n        \"Name\": \"Excepteur consectetur aute\",\n        \"CurAmt\": {\n          \"Amt\": -72269575.18227679,\n          \"CurCode\": {\n            \"CurCodeValue\": {\n              \"value\": \"<Error: Too many levels of nesting to fake this schema>\"\n            },\n            \"CurCodeType\": {\n              \"value\": \"<Error: Too many levels of nesting to fake this schema>\"\n            }\n          }\n        },\n        \"CurAmtRange\": {\n          \"LowCurAmt\": {\n            \"Amt\": {\n              \"value\": \"<Error: Too many levels of nesting to fake this schema>\"\n            },\n            \"CurCode\": {\n              \"value\": \"<Error: Too many levels of nesting to fake this schema>\"\n            }\n          },\n          \"HighCurAmt\": {\n            \"Amt\": {\n              \"value\": \"<Error: Too many levels of nesting to fake this schema>\"\n            },\n            \"CurCode\": {\n              \"value\": \"<Error: Too many levels of nesting to fake this schema>\"\n            }\n          }\n        },\n        \"OrigDt\": \"1952-08-05\",\n        \"StopChkDt\": \"1996-01-31\",\n        \"ExpDt\": \"1946-10-04\",\n        \"Desc\": \"\",\n        \"OtherDesc\": \"anim dolore\",\n        \"PrintReceiptCode\": \"quis exercitation\"\n      },\n      \"StopChkKeys\": {\n        \"AcctKeys\": {\n          \"AcctId\": \"<string>\",\n          \"AcctType\": \"<string>\"\n        },\n        \"StopChkIdent\": \"cupidatat eni\"\n      },\n      \"StopChkStatus\": {\n        \"StopChkStatusCode\": \"Valid\",\n        \"EffDt\": \"1783-55-63T62:80:93.936\"\n      }\n    }\n  ],\n  \"Status\": {\n    \"Severity\": \"Info\",\n    \"StatusCode\": \"i\",\n    \"StatusDesc\": \"sed\",\n    \"SvcProviderName\": \"deserunt consequat\",\n    \"Id\": \"et occaecat veniam\",\n    \"ServerStatusCode\": \"labor\",\n    \"ServerStatusDesc\": \"culpa aute irure in nisi\",\n    \"OvrdExceptionInd\": true,\n    \"SubjectRole\": \"sint ullamco et\",\n    \"SubjectElement\": [\n      {\n        \"Path\": \"commodo Duis\",\n        \"ServerPath\": \"aute veniam ullamco cillum tempor\",\n        \"Value\": \"consectetur\"\n      },\n      {\n        \"Path\": \"ullamco et\",\n        \"ServerPath\": \"commodo est\",\n        \"Value\": \"in amet\"\n      }\n    ],\n    \"ContentHTML\": \"nostrud deserunt aliquip vo\",\n    \"AdditionalStatus\": [\n      {\n        \"StatusCode\": \"sunt exercitat\",\n        \"StatusDesc\": \"occaecat culpa commodo\",\n        \"Severity\": \"Error\",\n        \"SvcProviderName\": \"nostrud ex nisi velit mollit\",\n        \"ServerStatusCode\": \"id eu Lorem dol\",\n        \"ServerStatusDesc\": \"cupidatat velit\",\n        \"OvrdExceptionInd\": true,\n        \"SubjectElement\": [\n          {\n            \"Path\": \"in culpa proident officia\",\n            \"ServerPath\": \"nulla in amet est\",\n            \"Value\": \"ullamco enim aliqua\"\n          },\n          {\n            \"Path\": \"non occaecat qui\",\n            \"ServerPath\": \"Excepteur do Lorem voluptate\",\n            \"Value\": \"dolor ea\"\n          }\n        ]\n      },\n      {\n        \"StatusCode\": \"reprehenderit \",\n        \"StatusDesc\": \"nisi aute est\",\n        \"Severity\": \"Info\",\n        \"SvcProviderName\": \"ut aliquip\",\n        \"ServerStatusCode\": \"Excepteur dolor\",\n        \"ServerStatusDesc\": \"Lorem\",\n        \"OvrdExceptionInd\": false,\n        \"SubjectElement\": [\n          {\n            \"Path\": \"adip\",\n            \"ServerPath\": \"sed dolore nostrud\",\n            \"Value\": \"Lorem pariatur reprehenderit esse\"\n          },\n          {\n            \"Path\": \"fugiat dolor nisi\",\n            \"ServerPath\": \"deserunt officia\",\n            \"Value\": \"ut incididunt elit sint proident\"\n          }\n        ]\n      }\n    ]\n  },\n  \"RecCtrlOut\": {\n    \"SentRecCount\": -60029691\n  }\n}","cookie":[],"_postman_previewlanguage":"json"}],"event":[],"protocolProfileBehavior":{"disableBodyPruning":true}}],"event":[]}],"event":[]}],"event":[],"variable":[{"type":"string","value":"/","key":"baseUrl"}],"info":{"_postman_id":"22c3bae4-7eaa-48ff-a2c3-8671c7e74d20","name":"Stop Check Service","schema":"https://schema.getpostman.com/json/collection/v2.1.0/collection.json","description":{"content":"Stop check is a request made to a financial institution to cancel a check or payment that is not being processed yet. <br>\n    The stop check service manages stop-check payments associated with the following product accounts: \n      -  Demand Deposit Account (DDA)\n      -  Saving Deposit Account (SDA)\n      -  Certificate of Deposit Account (CDA)\n      -  Loan Account (LOAN)","type":"text/plain"}}}