{"item":[{"id":"2f20cfcc-b199-4806-a195-ace9cf889ca7","name":"stopchkservice/stophold/stopChecks","item":[{"id":"7358b434-9ca5-4cea-ad1b-9bb019c0e109","name":"Update Stop Check","request":{"name":"Update Stop Check","description":{"content":"Update Stop Check API modifies a stop check payment request.<br>Client application should use this API to modify a stop check payment which has been recently added (that is to change stop check payment which is created few minutes later) or a request that has not started yet. A better approach to modify the stop check payment is to cancel the existing stop and place a new stop check payment. Otherwise, if the original stop was applied already, it would be hard to research on issues.<br><br>To download the API Specifications and Postman Collection, click <a href=\"../docs/?path=docs/resources/resources.md\" title=\"Click to open\">Resources</a>.","type":"text/plain"},"url":{"path":["stopchkservice","stophold","stopChecks"],"host":["{{baseUrl}}"],"query":[],"variable":[]},"header":[{"disabled":false,"description":"(Required) EFX Header is a common and required component for all API calls, it contains client-related parameters. Please note that the header parameters should be sent as a JSON object under the EFXHeader parameter. To view the list of header parameters, <a href=\"../docs?path=docs/api-ref-EFX-header.md\" title=\"Click to open\"> click here.</a>","key":"EFXHeader","value":"OrganizationId,<string>,TrnId,<string>,VendorId,<string>,Context,[object Object]"},{"key":"Content-Type","value":"application/json"},{"key":"Accept","value":"application/json"}],"method":"PUT","auth":null,"body":{"mode":"raw","raw":"{\n  \"StopChkInfo\": {\n    \"ChkNumRange\": {\n      \"ChkNumStart\": \"<string>\",\n      \"ChkNumEnd\": \"<string>\"\n    },\n    \"Name\": \"<string>\",\n    \"CurAmt\": {\n      \"Amt\": \"<number>\",\n      \"CurCode\": {\n        \"CurCodeValue\": \"<string>\",\n        \"CurCodeType\": \"<string>\"\n      }\n    },\n    \"VariancePct\": \"<number>\",\n    \"CurAmtRange\": {\n      \"LowCurAmt\": {\n        \"Amt\": \"<number>\",\n        \"CurCode\": {\n          \"CurCodeValue\": \"<string>\",\n          \"CurCodeType\": \"<string>\"\n        }\n      },\n      \"HighCurAmt\": {\n        \"Amt\": \"<number>\",\n        \"CurCode\": {\n          \"CurCodeValue\": \"<string>\",\n          \"CurCodeType\": \"<string>\"\n        }\n      }\n    },\n    \"OrigDt\": \"<date>\",\n    \"StopChkDt\": \"<date>\",\n    \"ExpDt\": \"<date>\",\n    \"StopChkReasonCode\": \"<string>\",\n    \"Desc\": \"<string>\",\n    \"TranFee\": {\n      \"FeeIdent\": \"<string>\",\n      \"FeeAmt\": {\n        \"Amt\": \"<number>\",\n        \"CurCode\": {\n          \"CurCodeValue\": \"<string>\",\n          \"CurCodeType\": \"<string>\"\n        }\n      },\n      \"BillingInstruction\": {\n        \"BillingMethod\": \"<string>\",\n        \"FromAcctKeys\": {\n          \"AcctId\": \"<string>\",\n          \"AcctType\": \"<string>\"\n        }\n      }\n    },\n    \"CardSignedInd\": \"<boolean>\"\n  },\n  \"StopChkKeys\": {\n    \"AcctKeys\": {\n      \"AcctId\": \"<string>\",\n      \"AcctType\": \"<string>\"\n    },\n    \"StopChkId\": \"<string>\",\n    \"StopChkIdent\": \"<string>\"\n  }\n}","options":{"raw":{"language":"json"}}}},"response":[{"id":"08303bde-5c8f-4b44-bf61-c5b3f28266ee","name":"Success","originalRequest":{"url":{"path":["stopchkservice","stophold","stopChecks"],"host":["{{baseUrl}}"],"query":[],"variable":[]},"header":[{"disabled":false,"description":"(Required) EFX Header is a common and required component for all API calls, it contains client-related parameters. Please note that the header parameters should be sent as a JSON object under the EFXHeader parameter. To view the list of header parameters, <a href=\"../docs?path=docs/api-ref-EFX-header.md\" title=\"Click to open\"> click here.</a>","key":"EFXHeader","value":"OrganizationId,<string>,TrnId,<string>,VendorId,<string>,Context,[object Object]"},{"key":"Accept","value":"application/json"}],"method":"PUT","body":{"mode":"raw","raw":"{\n  \"StopChkInfo\": {\n    \"ChkNumRange\": {\n      \"ChkNumStart\": \"<string>\",\n      \"ChkNumEnd\": \"<string>\"\n    },\n    \"Name\": \"<string>\",\n    \"CurAmt\": {\n      \"Amt\": \"<number>\",\n      \"CurCode\": {\n        \"CurCodeValue\": \"<string>\",\n        \"CurCodeType\": \"<string>\"\n      }\n    },\n    \"VariancePct\": \"<number>\",\n    \"CurAmtRange\": {\n      \"LowCurAmt\": {\n        \"Amt\": \"<number>\",\n        \"CurCode\": {\n          \"CurCodeValue\": \"<string>\",\n          \"CurCodeType\": \"<string>\"\n        }\n      },\n      \"HighCurAmt\": {\n        \"Amt\": \"<number>\",\n        \"CurCode\": {\n          \"CurCodeValue\": \"<string>\",\n          \"CurCodeType\": \"<string>\"\n        }\n      }\n    },\n    \"OrigDt\": \"<date>\",\n    \"StopChkDt\": \"<date>\",\n    \"ExpDt\": \"<date>\",\n    \"StopChkReasonCode\": \"<string>\",\n    \"Desc\": \"<string>\",\n    \"TranFee\": {\n      \"FeeIdent\": \"<string>\",\n      \"FeeAmt\": {\n        \"Amt\": \"<number>\",\n        \"CurCode\": {\n          \"CurCodeValue\": \"<string>\",\n          \"CurCodeType\": \"<string>\"\n        }\n      },\n      \"BillingInstruction\": {\n        \"BillingMethod\": \"<string>\",\n        \"FromAcctKeys\": {\n          \"AcctId\": \"<string>\",\n          \"AcctType\": \"<string>\"\n        }\n      }\n    },\n    \"CardSignedInd\": \"<boolean>\"\n  },\n  \"StopChkKeys\": {\n    \"AcctKeys\": {\n      \"AcctId\": \"<string>\",\n      \"AcctType\": \"<string>\"\n    },\n    \"StopChkId\": \"<string>\",\n    \"StopChkIdent\": \"<string>\"\n  }\n}","options":{"raw":{"language":"json"}}}},"status":"OK","code":200,"header":[{"key":"Content-Type","value":"application/json"}],"body":"{\n  \"StopChkStatusRec\": {\n    \"StopChkKeys\": {\n      \"AcctKeys\": {\n        \"AcctId\": \"ad \",\n        \"AcctType\": \"CDA\"\n      },\n      \"StopChkId\": \"in aliquip fug\",\n      \"StopChkIdent\": \"culpa veniam\"\n    },\n    \"StopChkStatus\": {\n      \"StopChkStatusCode\": \"Valid\",\n      \"EffDt\": \"5024-64-52\"\n    }\n  },\n  \"Status\": {\n    \"Severity\": \"Error\",\n    \"StatusCode\": \"Ut\",\n    \"StatusDesc\": \"labore laborum ipsum\",\n    \"SvcProviderName\": \"qui consequat veniam\",\n    \"Id\": \"aliqua in\",\n    \"ServerStatusCode\": \"et ea Ut\",\n    \"ServerStatusDesc\": \"consectetur sit ut\",\n    \"OvrdExceptionInd\": true,\n    \"SubjectRole\": \"labore aliquip sit\",\n    \"SubjectElement\": [\n      {\n        \"Path\": \"ullamco in sed\",\n        \"ServerPath\": \"fugiat ut ea\",\n        \"Value\": \"amet id ipsum nostrud\"\n      },\n      {\n        \"Path\": \"veniam ut\",\n        \"ServerPath\": \"l\",\n        \"Value\": \"commodo ipsum consectetur\"\n      }\n    ],\n    \"ContentHTML\": \"et enim eiusmod Lorem\",\n    \"AdditionalStatus\": [\n      {\n        \"StatusCode\": \"dolor ma\",\n        \"StatusDesc\": \"est ullamco\",\n        \"Severity\": \"Error\",\n        \"SvcProviderName\": \"Ut qui non aliquip\",\n        \"ServerStatusCode\": \"id\",\n        \"ServerStatusDesc\": \"occaecat incididunt ea esse amet\",\n        \"OvrdExceptionInd\": false,\n        \"SubjectElement\": [\n          {\n            \"Path\": \"deserunt tempor irure laboris\",\n            \"ServerPath\": \"mollit elit ad adipisicing\",\n            \"Value\": \"consequat Lorem sint i\"\n          },\n          {\n            \"Path\": \"adipisicing\",\n            \"ServerPath\": \"enim consectetur do i\",\n            \"Value\": \"fugiat Lorem anim ea\"\n          }\n        ]\n      },\n      {\n        \"StatusCode\": \"commo\",\n        \"StatusDesc\": \"in officia dolor reprehenderit\",\n        \"Severity\": \"Error\",\n        \"SvcProviderName\": \"commodo eu ut officia\",\n        \"ServerStatusCode\": \"Duis\",\n        \"ServerStatusDesc\": \"non elit\",\n        \"OvrdExceptionInd\": false,\n        \"SubjectElement\": [\n          {\n            \"Path\": \"consectetur irure deserunt ul\",\n            \"ServerPath\": \"in consequat velit nisi\",\n            \"Value\": \"culpa eiusmod\"\n          },\n          {\n            \"Path\": \"exercitation sint elit non\",\n            \"ServerPath\": \"laboris Ut fugiat\",\n            \"Value\": \"ipsum ullamco enim tempor\"\n          }\n        ]\n      }\n    ]\n  }\n}","cookie":[],"_postman_previewlanguage":"json"},{"id":"ca537917-003d-450d-814c-80d19c4468d1","name":"To view the complete list of response codes, <a href=\"../docs/?path=docs/response-codes.md\" title=\"Click to open\">click here.</a>","originalRequest":{"url":{"path":["stopchkservice","stophold","stopChecks"],"host":["{{baseUrl}}"],"query":[],"variable":[]},"header":[{"disabled":false,"description":"(Required) EFX Header is a common and required component for all API calls, it contains client-related parameters. Please note that the header parameters should be sent as a JSON object under the EFXHeader parameter. To view the list of header parameters, <a href=\"../docs?path=docs/api-ref-EFX-header.md\" title=\"Click to open\"> click here.</a>","key":"EFXHeader","value":"OrganizationId,<string>,TrnId,<string>,VendorId,<string>,Context,[object Object]"},{"key":"Accept","value":"application/json"}],"method":"PUT","body":{"mode":"raw","raw":"{\n  \"StopChkInfo\": {\n    \"ChkNumRange\": {\n      \"ChkNumStart\": \"<string>\",\n      \"ChkNumEnd\": \"<string>\"\n    },\n    \"Name\": \"<string>\",\n    \"CurAmt\": {\n      \"Amt\": \"<number>\",\n      \"CurCode\": {\n        \"CurCodeValue\": \"<string>\",\n        \"CurCodeType\": \"<string>\"\n      }\n    },\n    \"VariancePct\": \"<number>\",\n    \"CurAmtRange\": {\n      \"LowCurAmt\": {\n        \"Amt\": \"<number>\",\n        \"CurCode\": {\n          \"CurCodeValue\": \"<string>\",\n          \"CurCodeType\": \"<string>\"\n        }\n      },\n      \"HighCurAmt\": {\n        \"Amt\": \"<number>\",\n        \"CurCode\": {\n          \"CurCodeValue\": \"<string>\",\n          \"CurCodeType\": \"<string>\"\n        }\n      }\n    },\n    \"OrigDt\": \"<date>\",\n    \"StopChkDt\": \"<date>\",\n    \"ExpDt\": \"<date>\",\n    \"StopChkReasonCode\": \"<string>\",\n    \"Desc\": \"<string>\",\n    \"TranFee\": {\n      \"FeeIdent\": \"<string>\",\n      \"FeeAmt\": {\n        \"Amt\": \"<number>\",\n        \"CurCode\": {\n          \"CurCodeValue\": \"<string>\",\n          \"CurCodeType\": \"<string>\"\n        }\n      },\n      \"BillingInstruction\": {\n        \"BillingMethod\": \"<string>\",\n        \"FromAcctKeys\": {\n          \"AcctId\": \"<string>\",\n          \"AcctType\": \"<string>\"\n        }\n      }\n    },\n    \"CardSignedInd\": \"<boolean>\"\n  },\n  \"StopChkKeys\": {\n    \"AcctKeys\": {\n      \"AcctId\": \"<string>\",\n      \"AcctType\": \"<string>\"\n    },\n    \"StopChkId\": \"<string>\",\n    \"StopChkIdent\": \"<string>\"\n  }\n}","options":{"raw":{"language":"json"}}}},"status":"Internal Server Error","code":500,"header":[{"key":"Content-Type","value":"application/json"}],"body":"{\n  \"StopChkStatusRec\": {\n    \"StopChkKeys\": {\n      \"AcctKeys\": {\n        \"AcctId\": \"pariatur dolo\",\n        \"AcctType\": \"MMA\"\n      },\n      \"StopChkId\": \"ipsum quis cupidatat anim dol\",\n      \"StopChkIdent\": \"est ullamco\"\n    },\n    \"StopChkStatus\": {\n      \"StopChkStatusCode\": \"Valid\",\n      \"EffDt\": \"3953-08-17\"\n    }\n  },\n  \"Status\": {\n    \"Severity\": \"Info\",\n    \"StatusCode\": \"commodo in v\",\n    \"StatusDesc\": \"voluptate\",\n    \"SvcProviderName\": \"ex dolore enim\",\n    \"Id\": \"mollit Excepteur nisi qu\",\n    \"ServerStatusCode\": \"nostrud Excepteur\",\n    \"ServerStatusDesc\": \"id nisi\",\n    \"OvrdExceptionInd\": false,\n    \"SubjectRole\": \"ex mol\",\n    \"SubjectElement\": [\n      {\n        \"Path\": \"dolor\",\n        \"ServerPath\": \"quis eu\",\n        \"Value\": \"proident cupidatat consequat labore quis\"\n      },\n      {\n        \"Path\": \"ex dolor cillum fugiat\",\n        \"ServerPath\": \"deserunt eu fugiat\",\n        \"Value\": \"Excepteur esse dolor\"\n      }\n    ],\n    \"ContentHTML\": \"nulla ut f\",\n    \"AdditionalStatus\": [\n      {\n        \"StatusCode\": \"do\",\n        \"StatusDesc\": \"in\",\n        \"Severity\": \"Info\",\n        \"SvcProviderName\": \"consectetur Lorem dolor in\",\n        \"ServerStatusCode\": \"mollit Lorem a\",\n        \"ServerStatusDesc\": \"minim aliquip laboris exercitation\",\n        \"OvrdExceptionInd\": false,\n        \"SubjectElement\": [\n          {\n            \"Path\": \"nostrud mollit adipisicing sint\",\n            \"ServerPath\": \"non sunt tempor est\",\n            \"Value\": \"ea\"\n          },\n          {\n            \"Path\": \"v\",\n            \"ServerPath\": \"adipisicing nisi reprehende\",\n            \"Value\": \"in Duis aliqua dolor commodo\"\n          }\n        ]\n      },\n      {\n        \"StatusCode\": \"ut\",\n        \"StatusDesc\": \"elit anim dolor nisi labore\",\n        \"Severity\": \"Error\",\n        \"SvcProviderName\": \"occaecat nostrud\",\n        \"ServerStatusCode\": \"proiden\",\n        \"ServerStatusDesc\": \"ea deserunt aute\",\n        \"OvrdExceptionInd\": false,\n        \"SubjectElement\": [\n          {\n            \"Path\": \"velit in consectetur\",\n            \"ServerPath\": \"dolor dolor\",\n            \"Value\": \"esse veniam\"\n          },\n          {\n            \"Path\": \"amet enim in\",\n            \"ServerPath\": \"pariatur in aliqua non exercitation\",\n            \"Value\": \"exercitation et laboris dolor\"\n          }\n        ]\n      }\n    ]\n  }\n}","cookie":[],"_postman_previewlanguage":"json"}],"event":[],"protocolProfileBehavior":{"disableBodyPruning":true}},{"id":"8e3a760e-b03e-419d-bbb1-df7e07bc2ddf","name":"Add Stop Check","request":{"name":"Add Stop Check","description":{"content":"Add Stop Check API creates a request to stop (refuse) check payments where the check is still unpaid.\n        <br>\n        To download the API Specifications and Postman Collection, click <a href=\"../docs/?path=docs/resources/resources.md\" title=\"Click to open\">Resources</a>.","type":"text/plain"},"url":{"path":["stopchkservice","stophold","stopChecks"],"host":["{{baseUrl}}"],"query":[],"variable":[]},"header":[{"disabled":false,"description":"(Required) EFX Header is a common and required component for all API calls, it contains client-related parameters. Please note that the header parameters should be sent as a JSON object under the EFXHeader parameter. To view the list of header parameters, <a href=\"../docs?path=docs/api-ref-EFX-header.md\" title=\"Click to open\"> click here.</a>","key":"EFXHeader","value":"OrganizationId,<string>,TrnId,<string>,VendorId,<string>,Context,[object Object]"},{"key":"Content-Type","value":"application/json"},{"key":"Accept","value":"application/json"}],"method":"POST","auth":null,"body":{"mode":"raw","raw":"{\n  \"StopChkInfo\": {\n    \"AcctKeys\": {\n      \"AcctId\": \"<string>\",\n      \"AcctType\": \"<string>\"\n    },\n    \"ChkNumRange\": {\n      \"ChkNumStart\": \"<string>\",\n      \"ChkNumEnd\": \"<string>\"\n    },\n    \"Name\": \"<string>\",\n    \"CurAmt\": {\n      \"Amt\": \"<number>\",\n      \"CurCode\": {\n        \"CurCodeValue\": \"<string>\",\n        \"CurCodeType\": \"<string>\"\n      }\n    },\n    \"VariancePct\": \"<number>\",\n    \"CurAmtRange\": {\n      \"LowCurAmt\": {\n        \"Amt\": \"<number>\",\n        \"CurCode\": {\n          \"CurCodeValue\": \"<string>\",\n          \"CurCodeType\": \"<string>\"\n        }\n      },\n      \"HighCurAmt\": {\n        \"Amt\": \"<number>\",\n        \"CurCode\": {\n          \"CurCodeValue\": \"<string>\",\n          \"CurCodeType\": \"<string>\"\n        }\n      }\n    },\n    \"OrigDt\": \"<date>\",\n    \"StopChkDt\": \"<date>\",\n    \"ExpDt\": \"<date>\",\n    \"StopChkReasonCode\": \"<string>\",\n    \"Desc\": \"<string>\",\n    \"TranFee\": {\n      \"FeeIdent\": \"<string>\",\n      \"FeeAmt\": {\n        \"Amt\": \"<number>\",\n        \"CurCode\": {\n          \"CurCodeValue\": \"<string>\",\n          \"CurCodeType\": \"<string>\"\n        }\n      },\n      \"BillingInstruction\": {\n        \"BillingMethod\": \"<string>\",\n        \"FromAcctKeys\": {\n          \"AcctId\": \"<string>\",\n          \"AcctType\": \"<string>\"\n        }\n      }\n    },\n    \"CardSignedInd\": \"<boolean>\"\n  }\n}","options":{"raw":{"language":"json"}}}},"response":[{"id":"0b5a1c68-8cbe-4433-be08-bc915677fc69","name":"Created","originalRequest":{"url":{"path":["stopchkservice","stophold","stopChecks"],"host":["{{baseUrl}}"],"query":[],"variable":[]},"header":[{"disabled":false,"description":"(Required) EFX Header is a common and required component for all API calls, it contains client-related parameters. Please note that the header parameters should be sent as a JSON object under the EFXHeader parameter. To view the list of header parameters, <a href=\"../docs?path=docs/api-ref-EFX-header.md\" title=\"Click to open\"> click here.</a>","key":"EFXHeader","value":"OrganizationId,<string>,TrnId,<string>,VendorId,<string>,Context,[object Object]"},{"key":"Accept","value":"application/json"}],"method":"POST","body":{"mode":"raw","raw":"{\n  \"StopChkInfo\": {\n    \"AcctKeys\": {\n      \"AcctId\": \"<string>\",\n      \"AcctType\": \"<string>\"\n    },\n    \"ChkNumRange\": {\n      \"ChkNumStart\": \"<string>\",\n      \"ChkNumEnd\": \"<string>\"\n    },\n    \"Name\": \"<string>\",\n    \"CurAmt\": {\n      \"Amt\": \"<number>\",\n      \"CurCode\": {\n        \"CurCodeValue\": \"<string>\",\n        \"CurCodeType\": \"<string>\"\n      }\n    },\n    \"VariancePct\": \"<number>\",\n    \"CurAmtRange\": {\n      \"LowCurAmt\": {\n        \"Amt\": \"<number>\",\n        \"CurCode\": {\n          \"CurCodeValue\": \"<string>\",\n          \"CurCodeType\": \"<string>\"\n        }\n      },\n      \"HighCurAmt\": {\n        \"Amt\": \"<number>\",\n        \"CurCode\": {\n          \"CurCodeValue\": \"<string>\",\n          \"CurCodeType\": \"<string>\"\n        }\n      }\n    },\n    \"OrigDt\": \"<date>\",\n    \"StopChkDt\": \"<date>\",\n    \"ExpDt\": \"<date>\",\n    \"StopChkReasonCode\": \"<string>\",\n    \"Desc\": \"<string>\",\n    \"TranFee\": {\n      \"FeeIdent\": \"<string>\",\n      \"FeeAmt\": {\n        \"Amt\": \"<number>\",\n        \"CurCode\": {\n          \"CurCodeValue\": \"<string>\",\n          \"CurCodeType\": \"<string>\"\n        }\n      },\n      \"BillingInstruction\": {\n        \"BillingMethod\": \"<string>\",\n        \"FromAcctKeys\": {\n          \"AcctId\": \"<string>\",\n          \"AcctType\": \"<string>\"\n        }\n      }\n    },\n    \"CardSignedInd\": \"<boolean>\"\n  }\n}","options":{"raw":{"language":"json"}}}},"status":"Created","code":201,"header":[{"key":"Content-Type","value":"application/json"}],"body":"{\n  \"StopChkStatusRec\": {\n    \"StopChkKeys\": {\n      \"AcctKeys\": {\n        \"AcctId\": \"pariatur dolo\",\n        \"AcctType\": \"MMA\"\n      },\n      \"StopChkId\": \"ipsum quis cupidatat anim dol\",\n      \"StopChkIdent\": \"est ullamco\"\n    },\n    \"StopChkStatus\": {\n      \"StopChkStatusCode\": \"Valid\",\n      \"EffDt\": \"3953-08-17\"\n    }\n  },\n  \"Status\": {\n    \"Severity\": \"Info\",\n    \"StatusCode\": \"commodo in v\",\n    \"StatusDesc\": \"voluptate\",\n    \"SvcProviderName\": \"ex dolore enim\",\n    \"Id\": \"mollit Excepteur nisi qu\",\n    \"ServerStatusCode\": \"nostrud Excepteur\",\n    \"ServerStatusDesc\": \"id nisi\",\n    \"OvrdExceptionInd\": false,\n    \"SubjectRole\": \"ex mol\",\n    \"SubjectElement\": [\n      {\n        \"Path\": \"dolor\",\n        \"ServerPath\": \"quis eu\",\n        \"Value\": \"proident cupidatat consequat labore quis\"\n      },\n      {\n        \"Path\": \"ex dolor cillum fugiat\",\n        \"ServerPath\": \"deserunt eu fugiat\",\n        \"Value\": \"Excepteur esse dolor\"\n      }\n    ],\n    \"ContentHTML\": \"nulla ut f\",\n    \"AdditionalStatus\": [\n      {\n        \"StatusCode\": \"do\",\n        \"StatusDesc\": \"in\",\n        \"Severity\": \"Info\",\n        \"SvcProviderName\": \"consectetur Lorem dolor in\",\n        \"ServerStatusCode\": \"mollit Lorem a\",\n        \"ServerStatusDesc\": \"minim aliquip laboris exercitation\",\n        \"OvrdExceptionInd\": false,\n        \"SubjectElement\": [\n          {\n            \"Path\": \"nostrud mollit adipisicing sint\",\n            \"ServerPath\": \"non sunt tempor est\",\n            \"Value\": \"ea\"\n          },\n          {\n            \"Path\": \"v\",\n            \"ServerPath\": \"adipisicing nisi reprehende\",\n            \"Value\": \"in Duis aliqua dolor commodo\"\n          }\n        ]\n      },\n      {\n        \"StatusCode\": \"ut\",\n        \"StatusDesc\": \"elit anim dolor nisi labore\",\n        \"Severity\": \"Error\",\n        \"SvcProviderName\": \"occaecat nostrud\",\n        \"ServerStatusCode\": \"proiden\",\n        \"ServerStatusDesc\": \"ea deserunt aute\",\n        \"OvrdExceptionInd\": false,\n        \"SubjectElement\": [\n          {\n            \"Path\": \"velit in consectetur\",\n            \"ServerPath\": \"dolor dolor\",\n            \"Value\": \"esse veniam\"\n          },\n          {\n            \"Path\": \"amet enim in\",\n            \"ServerPath\": \"pariatur in aliqua non exercitation\",\n            \"Value\": \"exercitation et laboris dolor\"\n          }\n        ]\n      }\n    ]\n  }\n}","cookie":[],"_postman_previewlanguage":"json"},{"id":"92731011-d0e2-471a-bc45-4a43cb5b8a73","name":"To view the complete list of response codes, <a href=\"../docs/?path=docs/response-codes.md\" title=\"Click to open\">click here.</a>","originalRequest":{"url":{"path":["stopchkservice","stophold","stopChecks"],"host":["{{baseUrl}}"],"query":[],"variable":[]},"header":[{"disabled":false,"description":"(Required) EFX Header is a common and required component for all API calls, it contains client-related parameters. Please note that the header parameters should be sent as a JSON object under the EFXHeader parameter. To view the list of header parameters, <a href=\"../docs?path=docs/api-ref-EFX-header.md\" title=\"Click to open\"> click here.</a>","key":"EFXHeader","value":"OrganizationId,<string>,TrnId,<string>,VendorId,<string>,Context,[object Object]"},{"key":"Accept","value":"application/json"}],"method":"POST","body":{"mode":"raw","raw":"{\n  \"StopChkInfo\": {\n    \"AcctKeys\": {\n      \"AcctId\": \"<string>\",\n      \"AcctType\": \"<string>\"\n    },\n    \"ChkNumRange\": {\n      \"ChkNumStart\": \"<string>\",\n      \"ChkNumEnd\": \"<string>\"\n    },\n    \"Name\": \"<string>\",\n    \"CurAmt\": {\n      \"Amt\": \"<number>\",\n      \"CurCode\": {\n        \"CurCodeValue\": \"<string>\",\n        \"CurCodeType\": \"<string>\"\n      }\n    },\n    \"VariancePct\": \"<number>\",\n    \"CurAmtRange\": {\n      \"LowCurAmt\": {\n        \"Amt\": \"<number>\",\n        \"CurCode\": {\n          \"CurCodeValue\": \"<string>\",\n          \"CurCodeType\": \"<string>\"\n        }\n      },\n      \"HighCurAmt\": {\n        \"Amt\": \"<number>\",\n        \"CurCode\": {\n          \"CurCodeValue\": \"<string>\",\n          \"CurCodeType\": \"<string>\"\n        }\n      }\n    },\n    \"OrigDt\": \"<date>\",\n    \"StopChkDt\": \"<date>\",\n    \"ExpDt\": \"<date>\",\n    \"StopChkReasonCode\": \"<string>\",\n    \"Desc\": \"<string>\",\n    \"TranFee\": {\n      \"FeeIdent\": \"<string>\",\n      \"FeeAmt\": {\n        \"Amt\": \"<number>\",\n        \"CurCode\": {\n          \"CurCodeValue\": \"<string>\",\n          \"CurCodeType\": \"<string>\"\n        }\n      },\n      \"BillingInstruction\": {\n        \"BillingMethod\": \"<string>\",\n        \"FromAcctKeys\": {\n          \"AcctId\": \"<string>\",\n          \"AcctType\": \"<string>\"\n        }\n      }\n    },\n    \"CardSignedInd\": \"<boolean>\"\n  }\n}","options":{"raw":{"language":"json"}}}},"status":"Internal Server Error","code":500,"header":[{"key":"Content-Type","value":"application/json"}],"body":"{\n  \"StopChkStatusRec\": {\n    \"StopChkKeys\": {\n      \"AcctKeys\": {\n        \"AcctId\": \"pariatur dolo\",\n        \"AcctType\": \"MMA\"\n      },\n      \"StopChkId\": \"ipsum quis cupidatat anim dol\",\n      \"StopChkIdent\": \"est ullamco\"\n    },\n    \"StopChkStatus\": {\n      \"StopChkStatusCode\": \"Valid\",\n      \"EffDt\": \"3953-08-17\"\n    }\n  },\n  \"Status\": {\n    \"Severity\": \"Info\",\n    \"StatusCode\": \"commodo in v\",\n    \"StatusDesc\": \"voluptate\",\n    \"SvcProviderName\": \"ex dolore enim\",\n    \"Id\": \"mollit Excepteur nisi qu\",\n    \"ServerStatusCode\": \"nostrud Excepteur\",\n    \"ServerStatusDesc\": \"id nisi\",\n    \"OvrdExceptionInd\": false,\n    \"SubjectRole\": \"ex mol\",\n    \"SubjectElement\": [\n      {\n        \"Path\": \"dolor\",\n        \"ServerPath\": \"quis eu\",\n        \"Value\": \"proident cupidatat consequat labore quis\"\n      },\n      {\n        \"Path\": \"ex dolor cillum fugiat\",\n        \"ServerPath\": \"deserunt eu fugiat\",\n        \"Value\": \"Excepteur esse dolor\"\n      }\n    ],\n    \"ContentHTML\": \"nulla ut f\",\n    \"AdditionalStatus\": [\n      {\n        \"StatusCode\": \"do\",\n        \"StatusDesc\": \"in\",\n        \"Severity\": \"Info\",\n        \"SvcProviderName\": \"consectetur Lorem dolor in\",\n        \"ServerStatusCode\": \"mollit Lorem a\",\n        \"ServerStatusDesc\": \"minim aliquip laboris exercitation\",\n        \"OvrdExceptionInd\": false,\n        \"SubjectElement\": [\n          {\n            \"Path\": \"nostrud mollit adipisicing sint\",\n            \"ServerPath\": \"non sunt tempor est\",\n            \"Value\": \"ea\"\n          },\n          {\n            \"Path\": \"v\",\n            \"ServerPath\": \"adipisicing nisi reprehende\",\n            \"Value\": \"in Duis aliqua dolor commodo\"\n          }\n        ]\n      },\n      {\n        \"StatusCode\": \"ut\",\n        \"StatusDesc\": \"elit anim dolor nisi labore\",\n        \"Severity\": \"Error\",\n        \"SvcProviderName\": \"occaecat nostrud\",\n        \"ServerStatusCode\": \"proiden\",\n        \"ServerStatusDesc\": \"ea deserunt aute\",\n        \"OvrdExceptionInd\": false,\n        \"SubjectElement\": [\n          {\n            \"Path\": \"velit in consectetur\",\n            \"ServerPath\": \"dolor dolor\",\n            \"Value\": \"esse veniam\"\n          },\n          {\n            \"Path\": \"amet enim in\",\n            \"ServerPath\": \"pariatur in aliqua non exercitation\",\n            \"Value\": \"exercitation et laboris dolor\"\n          }\n        ]\n      }\n    ]\n  }\n}","cookie":[],"_postman_previewlanguage":"json"}],"event":[],"protocolProfileBehavior":{"disableBodyPruning":true}},{"id":"9a725bb4-9a41-469e-b8e4-6fce0900da8c","name":"secured","item":[{"id":"d0c5356b-6924-4b58-abdd-5ba2eab401a9","name":"Cancel Stop Check","request":{"name":"Cancel Stop Check","description":{"content":"Cancel Stop Check API cancels a stop that was placed on a check payments.\n        <br>\n        To download the API Specifications and Postman Collection, click <a href=\"../docs/?path=docs/resources/resources.md\" title=\"Click to open\">Resources</a>.","type":"text/plain"},"url":{"path":["stopchkservice","stophold","stopChecks","secured"],"host":["{{baseUrl}}"],"query":[],"variable":[]},"header":[{"disabled":false,"description":"(Required) EFX Header is a common and required component for all API calls, it contains client-related parameters. Please note that the header parameters should be sent as a JSON object under the EFXHeader parameter. To view the list of header parameters, <a href=\"../docs?path=docs/api-ref-EFX-header.md\" title=\"Click to open\"> click here.</a>","key":"EFXHeader","value":"OrganizationId,<string>,TrnId,<string>,VendorId,<string>,Context,[object Object]"},{"key":"Content-Type","value":"application/json"},{"key":"Accept","value":"application/json"}],"method":"PUT","auth":null,"body":{"mode":"raw","raw":"{\n  \"StopChkKeys\": {\n    \"AcctKeys\": {\n      \"AcctId\": \"<string>\",\n      \"AcctType\": \"<string>\"\n    },\n    \"StopChkId\": \"<string>\",\n    \"StopChkIdent\": \"<string>\"\n  }\n}","options":{"raw":{"language":"json"}}}},"response":[{"id":"8aa288d3-796c-4a03-9eb8-61402fd90bab","name":"Success","originalRequest":{"url":{"path":["stopchkservice","stophold","stopChecks","secured"],"host":["{{baseUrl}}"],"query":[],"variable":[]},"header":[{"disabled":false,"description":"(Required) EFX Header is a common and required component for all API calls, it contains client-related parameters. Please note that the header parameters should be sent as a JSON object under the EFXHeader parameter. To view the list of header parameters, <a href=\"../docs?path=docs/api-ref-EFX-header.md\" title=\"Click to open\"> click here.</a>","key":"EFXHeader","value":"OrganizationId,<string>,TrnId,<string>,VendorId,<string>,Context,[object Object]"},{"key":"Accept","value":"application/json"}],"method":"PUT","body":{"mode":"raw","raw":"{\n  \"StopChkKeys\": {\n    \"AcctKeys\": {\n      \"AcctId\": \"<string>\",\n      \"AcctType\": \"<string>\"\n    },\n    \"StopChkId\": \"<string>\",\n    \"StopChkIdent\": \"<string>\"\n  }\n}","options":{"raw":{"language":"json"}}}},"status":"OK","code":200,"header":[{"key":"Content-Type","value":"application/json"}],"body":"{\n  \"StopChkStatusRec\": {\n    \"StopChkKeys\": {\n      \"AcctKeys\": {\n        \"AcctId\": \"<string>\",\n        \"AcctType\": \"<string>\"\n      },\n      \"StopChkId\": \"officia consectetur ut\",\n      \"StopChkIdent\": \"ea aute aliqua eu ve\"\n    },\n    \"StopChkStatus\": {\n      \"StopChkStatusCode\": \"Deleted\",\n      \"EffDt\": \"1583-78-28\"\n    }\n  },\n  \"Status\": {\n    \"Severity\": \"Error\",\n    \"StatusCode\": \"laboris irure\",\n    \"StatusDesc\": \"qui consectetur do\",\n    \"SvcProviderName\": \"nulla cillum tempor\",\n    \"Id\": \"deserunt ex id magna\",\n    \"ServerStatusCode\": \"occaecat ea des\",\n    \"ServerStatusDesc\": \"labore reprehenderit\",\n    \"OvrdExceptionInd\": false,\n    \"SubjectRole\": \"adipisicing ull\",\n    \"SubjectElement\": [\n      {\n        \"Path\": \"ut nulla occaecat ad\",\n        \"ServerPath\": \"minim est\",\n        \"Value\": \"qui eu ullamco do\"\n      },\n      {\n        \"Path\": \"sunt amet\",\n        \"ServerPath\": \"aute sint magna\",\n        \"Value\": \"sunt anim magna\"\n      }\n    ],\n    \"ContentHTML\": \"officia\",\n    \"AdditionalStatus\": [\n      {\n        \"StatusCode\": \"fugiat sunt sit\",\n        \"StatusDesc\": \"officia id magna\",\n        \"Severity\": \"Warning\",\n        \"SvcProviderName\": \"esse\",\n        \"ServerStatusCode\": \"reprehenderi\",\n        \"ServerStatusDesc\": \"officia aliquip adipisicing\",\n        \"OvrdExceptionInd\": false,\n        \"SubjectElement\": [\n          {\n            \"Path\": \"sunt Ut\",\n            \"ServerPath\": \"sed ad aliquip cu\",\n            \"Value\": \"enim labore Excepteur commodo\"\n          },\n          {\n            \"Path\": \"nisi irure aute magna\",\n            \"ServerPath\": \"sunt nulla mollit Duis velit\",\n            \"Value\": \"labore quis\"\n          }\n        ]\n      },\n      {\n        \"StatusCode\": \"ullamco si\",\n        \"StatusDesc\": \"Ut amet\",\n        \"Severity\": \"Info\",\n        \"SvcProviderName\": \"anim\",\n        \"ServerStatusCode\": \"enim\",\n        \"ServerStatusDesc\": \"commodo\",\n        \"OvrdExceptionInd\": false,\n        \"SubjectElement\": [\n          {\n            \"Path\": \"deserunt Duis\",\n            \"ServerPath\": \"laborum ad officia incididunt nostrud\",\n            \"Value\": \"nostrud in nulla sed\"\n          },\n          {\n            \"Path\": \"tempor aliqua Excepteur\",\n            \"ServerPath\": \"ut commodo\",\n            \"Value\": \"dolore nisi\"\n          }\n        ]\n      }\n    ]\n  }\n}","cookie":[],"_postman_previewlanguage":"json"},{"id":"7010c2c6-c9d1-42bc-bd6e-22e2457a8daf","name":"To view the complete list of response codes, <a href=\"../docs/?path=docs/response-codes.md\" title=\"Click to open\">click here.</a>","originalRequest":{"url":{"path":["stopchkservice","stophold","stopChecks","secured"],"host":["{{baseUrl}}"],"query":[],"variable":[]},"header":[{"disabled":false,"description":"(Required) EFX Header is a common and required component for all API calls, it contains client-related parameters. Please note that the header parameters should be sent as a JSON object under the EFXHeader parameter. To view the list of header parameters, <a href=\"../docs?path=docs/api-ref-EFX-header.md\" title=\"Click to open\"> click here.</a>","key":"EFXHeader","value":"OrganizationId,<string>,TrnId,<string>,VendorId,<string>,Context,[object Object]"},{"key":"Accept","value":"application/json"}],"method":"PUT","body":{"mode":"raw","raw":"{\n  \"StopChkKeys\": {\n    \"AcctKeys\": {\n      \"AcctId\": \"<string>\",\n      \"AcctType\": \"<string>\"\n    },\n    \"StopChkId\": \"<string>\",\n    \"StopChkIdent\": \"<string>\"\n  }\n}","options":{"raw":{"language":"json"}}}},"status":"Internal Server Error","code":500,"header":[{"key":"Content-Type","value":"application/json"}],"body":"{\n  \"StopChkStatusRec\": {\n    \"StopChkKeys\": {\n      \"AcctKeys\": {\n        \"AcctId\": \"<string>\",\n        \"AcctType\": \"<string>\"\n      },\n      \"StopChkId\": \"officia consectetur ut\",\n      \"StopChkIdent\": \"ea aute aliqua eu ve\"\n    },\n    \"StopChkStatus\": {\n      \"StopChkStatusCode\": \"Deleted\",\n      \"EffDt\": \"1583-78-28\"\n    }\n  },\n  \"Status\": {\n    \"Severity\": \"Error\",\n    \"StatusCode\": \"laboris irure\",\n    \"StatusDesc\": \"qui consectetur do\",\n    \"SvcProviderName\": \"nulla cillum tempor\",\n    \"Id\": \"deserunt ex id magna\",\n    \"ServerStatusCode\": \"occaecat ea des\",\n    \"ServerStatusDesc\": \"labore reprehenderit\",\n    \"OvrdExceptionInd\": false,\n    \"SubjectRole\": \"adipisicing ull\",\n    \"SubjectElement\": [\n      {\n        \"Path\": \"ut nulla occaecat ad\",\n        \"ServerPath\": \"minim est\",\n        \"Value\": \"qui eu ullamco do\"\n      },\n      {\n        \"Path\": \"sunt amet\",\n        \"ServerPath\": \"aute sint magna\",\n        \"Value\": \"sunt anim magna\"\n      }\n    ],\n    \"ContentHTML\": \"officia\",\n    \"AdditionalStatus\": [\n      {\n        \"StatusCode\": \"fugiat sunt sit\",\n        \"StatusDesc\": \"officia id magna\",\n        \"Severity\": \"Warning\",\n        \"SvcProviderName\": \"esse\",\n        \"ServerStatusCode\": \"reprehenderi\",\n        \"ServerStatusDesc\": \"officia aliquip adipisicing\",\n        \"OvrdExceptionInd\": false,\n        \"SubjectElement\": [\n          {\n            \"Path\": \"sunt Ut\",\n            \"ServerPath\": \"sed ad aliquip cu\",\n            \"Value\": \"enim labore Excepteur commodo\"\n          },\n          {\n            \"Path\": \"nisi irure aute magna\",\n            \"ServerPath\": \"sunt nulla mollit Duis velit\",\n            \"Value\": \"labore quis\"\n          }\n        ]\n      },\n      {\n        \"StatusCode\": \"ullamco si\",\n        \"StatusDesc\": \"Ut amet\",\n        \"Severity\": \"Info\",\n        \"SvcProviderName\": \"anim\",\n        \"ServerStatusCode\": \"enim\",\n        \"ServerStatusDesc\": \"commodo\",\n        \"OvrdExceptionInd\": false,\n        \"SubjectElement\": [\n          {\n            \"Path\": \"deserunt Duis\",\n            \"ServerPath\": \"laborum ad officia incididunt nostrud\",\n            \"Value\": \"nostrud in nulla sed\"\n          },\n          {\n            \"Path\": \"tempor aliqua Excepteur\",\n            \"ServerPath\": \"ut commodo\",\n            \"Value\": \"dolore nisi\"\n          }\n        ]\n      }\n    ]\n  }\n}","cookie":[],"_postman_previewlanguage":"json"}],"event":[],"protocolProfileBehavior":{"disableBodyPruning":true}},{"id":"0aa6fe92-1244-46e6-aa28-295dbb39dcc2","name":"Get Stop Check.","request":{"name":"Get Stop Check.","description":{"content":"Get Stop Check API retrieves a single or list of stops placed on check payments against the account.\n        <br>\n        To download the API Specifications and Postman Collection, click <a href=\"../docs/?path=docs/resources/resources.md\" title=\"Click to open\">Resources</a>.","type":"text/plain"},"url":{"path":["stopchkservice","stophold","stopChecks","secured"],"host":["{{baseUrl}}"],"query":[],"variable":[]},"header":[{"disabled":false,"description":"(Required) EFX Header is a common and required component for all API calls, it contains client-related parameters. Please note that the header parameters should be sent as a JSON object under the EFXHeader parameter. To view the list of header parameters, <a href=\"../docs?path=docs/api-ref-EFX-header.md\" title=\"Click to open\"> click here.</a>","key":"EFXHeader","value":"OrganizationId,<string>,TrnId,<string>,VendorId,<string>,Context,[object Object]"},{"key":"Content-Type","value":"application/json"},{"key":"Accept","value":"application/json"}],"method":"POST","auth":null,"body":{"mode":"raw","raw":"{\n  \"StopChkSel\": {\n    \"AcctKeys\": {\n      \"AcctId\": \"<string>\",\n      \"AcctType\": \"<string>\"\n    },\n    \"ChkNum\": \"<string>\",\n    \"ChkNumRange\": {\n      \"ChkNumEnd\": \"<string>\",\n      \"ChkNumStart\": \"<string>\"\n    },\n    \"DtRange\": {\n      \"EndDt\": \"<string>\",\n      \"StartDt\": \"<string>\"\n    },\n    \"StopChkKeys\": {\n      \"AcctKeys\": {\n        \"AcctId\": \"<string>\",\n        \"AcctType\": \"<string>\"\n      },\n      \"StopChkId\": \"<string>\",\n      \"StopChkIdent\": \"<string>\"\n    }\n  },\n  \"RecCtrlIn\": {\n    \"Cursor\": \"<string>\",\n    \"MaxRecLimit\": \"<long>\"\n  }\n}","options":{"raw":{"language":"json"}}}},"response":[{"id":"ba703403-2cb4-456e-b865-6a3ceb734b59","name":"Success","originalRequest":{"url":{"path":["stopchkservice","stophold","stopChecks","secured"],"host":["{{baseUrl}}"],"query":[],"variable":[]},"header":[{"disabled":false,"description":"(Required) EFX Header is a common and required component for all API calls, it contains client-related parameters. Please note that the header parameters should be sent as a JSON object under the EFXHeader parameter. To view the list of header parameters, <a href=\"../docs?path=docs/api-ref-EFX-header.md\" title=\"Click to open\"> click here.</a>","key":"EFXHeader","value":"OrganizationId,<string>,TrnId,<string>,VendorId,<string>,Context,[object Object]"},{"key":"Accept","value":"application/json"}],"method":"POST","body":{"mode":"raw","raw":"{\n  \"StopChkSel\": {\n    \"AcctKeys\": {\n      \"AcctId\": \"<string>\",\n      \"AcctType\": \"<string>\"\n    },\n    \"ChkNum\": \"<string>\",\n    \"ChkNumRange\": {\n      \"ChkNumEnd\": \"<string>\",\n      \"ChkNumStart\": \"<string>\"\n    },\n    \"DtRange\": {\n      \"EndDt\": \"<string>\",\n      \"StartDt\": \"<string>\"\n    },\n    \"StopChkKeys\": {\n      \"AcctKeys\": {\n        \"AcctId\": \"<string>\",\n        \"AcctType\": \"<string>\"\n      },\n      \"StopChkId\": \"<string>\",\n      \"StopChkIdent\": \"<string>\"\n    }\n  },\n  \"RecCtrlIn\": {\n    \"Cursor\": \"<string>\",\n    \"MaxRecLimit\": \"<long>\"\n  }\n}","options":{"raw":{"language":"json"}}}},"status":"OK","code":200,"header":[{"key":"Content-Type","value":"application/json"}],"body":"{\n  \"StopChkRec\": [\n    {\n      \"StopChkInfo\": {\n        \"AcctKeys\": {\n          \"AcctId\": \"vel\",\n          \"AcctType\": \"CDA\"\n        },\n        \"CardSignedInd\": true,\n        \"ChkNumRange\": {\n          \"ChkNumEnd\": \"dolor\",\n          \"ChkNumStart\": \"cupidata\"\n        },\n        \"CurAmt\": {\n          \"Amt\": -7016071.840475127,\n          \"CurCode\": {\n            \"CurCodeValue\": {\n              \"value\": \"<Error: Too many levels of nesting to fake this schema>\"\n            },\n            \"CurCodeType\": {\n              \"value\": \"<Error: Too many levels of nesting to fake this schema>\"\n            }\n          }\n        },\n        \"CurAmtRange\": {\n          \"HighCurAmt\": {\n            \"Amt\": {\n              \"value\": \"<Error: Too many levels of nesting to fake this schema>\"\n            },\n            \"CurCode\": {\n              \"value\": \"<Error: Too many levels of nesting to fake this schema>\"\n            }\n          },\n          \"LowCurAmt\": {\n            \"Amt\": {\n              \"value\": \"<Error: Too many levels of nesting to fake this schema>\"\n            },\n            \"CurCode\": {\n              \"value\": \"<Error: Too many levels of nesting to fake this schema>\"\n            }\n          }\n        },\n        \"Desc\": \"Duis officia pariatur\",\n        \"ExpDt\": \"2022-06-29\",\n        \"Name\": \"nostrud\",\n        \"OrigDt\": \"2006-08-29\",\n        \"StopChkDt\": \"1998-04-03\",\n        \"StopChkReasonCode\": \"CustomerRequest\",\n        \"TranFee\": {\n          \"FeeAmt\": {\n            \"Amt\": {\n              \"value\": \"<Error: Too many levels of nesting to fake this schema>\"\n            },\n            \"CurCode\": {\n              \"value\": \"<Error: Too many levels of nesting to fake this schema>\"\n            }\n          },\n          \"FeeIdent\": \"voluptate velit inci\"\n        },\n        \"VarianceAmt\": {\n          \"Amt\": -74961178.1108051,\n          \"CurCode\": {\n            \"CurCodeValue\": {\n              \"value\": \"<Error: Too many levels of nesting to fake this schema>\"\n            },\n            \"CurCodeType\": {\n              \"value\": \"<Error: Too many levels of nesting to fake this schema>\"\n            }\n          }\n        },\n        \"VariancePct\": 67221446.55957067\n      },\n      \"StopChkKeys\": {\n        \"AcctKeys\": {\n          \"AcctId\": \"<string>\",\n          \"AcctType\": \"<string>\"\n        },\n        \"StopChkId\": \"eu lab\",\n        \"StopChkIdent\": \"ad minim commodo dolo\"\n      },\n      \"StopChkStatus\": {\n        \"StopChkStatusCode\": \"Valid\",\n        \"EffDt\": \"5943-95-47T39:47:38\"\n      }\n    },\n    {\n      \"StopChkInfo\": {\n        \"AcctKeys\": {\n          \"AcctId\": \"aliquip est voluptat\",\n          \"AcctType\": \"DDA\"\n        },\n        \"CardSignedInd\": true,\n        \"ChkNumRange\": {\n          \"ChkNumEnd\": \"in in oc\",\n          \"ChkNumStart\": \"\"\n        },\n        \"CurAmt\": {\n          \"Amt\": 68092979.49229252,\n          \"CurCode\": {\n            \"CurCodeValue\": {\n              \"value\": \"<Error: Too many levels of nesting to fake this schema>\"\n            },\n            \"CurCodeType\": {\n              \"value\": \"<Error: Too many levels of nesting to fake this schema>\"\n            }\n          }\n        },\n        \"CurAmtRange\": {\n          \"HighCurAmt\": {\n            \"Amt\": {\n              \"value\": \"<Error: Too many levels of nesting to fake this schema>\"\n            },\n            \"CurCode\": {\n              \"value\": \"<Error: Too many levels of nesting to fake this schema>\"\n            }\n          },\n          \"LowCurAmt\": {\n            \"Amt\": {\n              \"value\": \"<Error: Too many levels of nesting to fake this schema>\"\n            },\n            \"CurCode\": {\n              \"value\": \"<Error: Too many levels of nesting to fake this schema>\"\n            }\n          }\n        },\n        \"Desc\": \"nisi fugiat Excepteur\",\n        \"ExpDt\": \"2008-04-11\",\n        \"Name\": \"consequat culpa veniam\",\n        \"OrigDt\": \"1995-10-10\",\n        \"StopChkDt\": \"1996-07-02\",\n        \"StopChkReasonCode\": \"Other\",\n        \"TranFee\": {\n          \"FeeAmt\": {\n            \"Amt\": {\n              \"value\": \"<Error: Too many levels of nesting to fake this schema>\"\n            },\n            \"CurCode\": {\n              \"value\": \"<Error: Too many levels of nesting to fake this schema>\"\n            }\n          },\n          \"FeeIdent\": \"ipsum in amet in\"\n        },\n        \"VarianceAmt\": {\n          \"Amt\": 72983501.81959727,\n          \"CurCode\": {\n            \"CurCodeValue\": {\n              \"value\": \"<Error: Too many levels of nesting to fake this schema>\"\n            },\n            \"CurCodeType\": {\n              \"value\": \"<Error: Too many levels of nesting to fake this schema>\"\n            }\n          }\n        },\n        \"VariancePct\": -39039174.902037345\n      },\n      \"StopChkKeys\": {\n        \"AcctKeys\": {\n          \"AcctId\": \"<string>\",\n          \"AcctType\": \"<string>\"\n        },\n        \"StopChkId\": \"laboris est ut eiusmod \",\n        \"StopChkIdent\": \"no\"\n      },\n      \"StopChkStatus\": {\n        \"StopChkStatusCode\": \"Valid\",\n        \"EffDt\": \"1162-79-18T86:21:69\"\n      }\n    }\n  ],\n  \"Status\": {\n    \"Severity\": \"Warning\",\n    \"StatusCode\": \"eu culpa proident\",\n    \"StatusDesc\": \"nostrud exercitation magna\",\n    \"SvcProviderName\": \"dolor cupidatat do\",\n    \"Id\": \"labor\",\n    \"ServerStatusCode\": \"ea eiusmod cill\",\n    \"ServerStatusDesc\": \"reprehenderit dolor labore laboris\",\n    \"OvrdExceptionInd\": false,\n    \"SubjectRole\": \"aute commodo labore\",\n    \"SubjectElement\": [\n      {\n        \"Path\": \"cillum\",\n        \"ServerPath\": \"eiusmod non\",\n        \"Value\": \"in officia\"\n      },\n      {\n        \"Path\": \"in do aute\",\n        \"ServerPath\": \"magna laborum\",\n        \"Value\": \"ut reprehenderit id tempor sunt\"\n      }\n    ],\n    \"ContentHTML\": \"incididunt esse consequat dolore\",\n    \"AdditionalStatus\": [\n      {\n        \"StatusCode\": \"irure ea\",\n        \"StatusDesc\": \"Duis amet aliquip in\",\n        \"Severity\": \"Info\",\n        \"SvcProviderName\": \"anim ex veniam\",\n        \"ServerStatusCode\": \"\",\n        \"ServerStatusDesc\": \"veniam eu non ipsum\",\n        \"OvrdExceptionInd\": true,\n        \"SubjectElement\": [\n          {\n            \"Path\": \"sed\",\n            \"ServerPath\": \"dolore veniam\",\n            \"Value\": \"ut magna ipsum fugiat\"\n          },\n          {\n            \"Path\": \"magna irure dolor fugiat\",\n            \"ServerPath\": \"quis\",\n            \"Value\": \"eiusmod ad reprehenderit nulla\"\n          }\n        ]\n      },\n      {\n        \"StatusCode\": \"elit quis anim \",\n        \"StatusDesc\": \"est esse reprehenderit Ut veniam\",\n        \"Severity\": \"Error\",\n        \"SvcProviderName\": \"est aliqua occaecat\",\n        \"ServerStatusCode\": \"ut esse cil\",\n        \"ServerStatusDesc\": \"ut do est cillum\",\n        \"OvrdExceptionInd\": false,\n        \"SubjectElement\": [\n          {\n            \"Path\": \"tempor laborum Duis\",\n            \"ServerPath\": \"exercitation\",\n            \"Value\": \"do velit aliqua\"\n          },\n          {\n            \"Path\": \"nisi a\",\n            \"ServerPath\": \"deserunt quis\",\n            \"Value\": \"et veniam exercitation\"\n          }\n        ]\n      }\n    ]\n  },\n  \"RecCtrlOut\": {\n    \"SentRecCount\": -7000272,\n    \"Cursor\": \"ei\"\n  }\n}","cookie":[],"_postman_previewlanguage":"json"},{"id":"93d6916c-b804-4dd0-aa64-48bf6167cfa3","name":"To view the complete list of response codes, <a href=\"../docs/?path=docs/response-codes.md\" title=\"Click to open\">click here.</a>","originalRequest":{"url":{"path":["stopchkservice","stophold","stopChecks","secured"],"host":["{{baseUrl}}"],"query":[],"variable":[]},"header":[{"disabled":false,"description":"(Required) EFX Header is a common and required component for all API calls, it contains client-related parameters. Please note that the header parameters should be sent as a JSON object under the EFXHeader parameter. To view the list of header parameters, <a href=\"../docs?path=docs/api-ref-EFX-header.md\" title=\"Click to open\"> click here.</a>","key":"EFXHeader","value":"OrganizationId,<string>,TrnId,<string>,VendorId,<string>,Context,[object Object]"},{"key":"Accept","value":"application/json"}],"method":"POST","body":{"mode":"raw","raw":"{\n  \"StopChkSel\": {\n    \"AcctKeys\": {\n      \"AcctId\": \"<string>\",\n      \"AcctType\": \"<string>\"\n    },\n    \"ChkNum\": \"<string>\",\n    \"ChkNumRange\": {\n      \"ChkNumEnd\": \"<string>\",\n      \"ChkNumStart\": \"<string>\"\n    },\n    \"DtRange\": {\n      \"EndDt\": \"<string>\",\n      \"StartDt\": \"<string>\"\n    },\n    \"StopChkKeys\": {\n      \"AcctKeys\": {\n        \"AcctId\": \"<string>\",\n        \"AcctType\": \"<string>\"\n      },\n      \"StopChkId\": \"<string>\",\n      \"StopChkIdent\": \"<string>\"\n    }\n  },\n  \"RecCtrlIn\": {\n    \"Cursor\": \"<string>\",\n    \"MaxRecLimit\": \"<long>\"\n  }\n}","options":{"raw":{"language":"json"}}}},"status":"Internal Server Error","code":500,"header":[{"key":"Content-Type","value":"application/json"}],"body":"{\n  \"StopChkRec\": [\n    {\n      \"StopChkInfo\": {\n        \"AcctKeys\": {\n          \"AcctId\": \"par\",\n          \"AcctType\": \"CMA\"\n        },\n        \"CardSignedInd\": true,\n        \"ChkNumRange\": {\n          \"ChkNumEnd\": \"amet\",\n          \"ChkNumStart\": \"dolore conseq\"\n        },\n        \"CurAmt\": {\n          \"Amt\": 96415436.05802205,\n          \"CurCode\": {\n            \"CurCodeValue\": {\n              \"value\": \"<Error: Too many levels of nesting to fake this schema>\"\n            },\n            \"CurCodeType\": {\n              \"value\": \"<Error: Too many levels of nesting to fake this schema>\"\n            }\n          }\n        },\n        \"CurAmtRange\": {\n          \"HighCurAmt\": {\n            \"Amt\": {\n              \"value\": \"<Error: Too many levels of nesting to fake this schema>\"\n            },\n            \"CurCode\": {\n              \"value\": \"<Error: Too many levels of nesting to fake this schema>\"\n            }\n          },\n          \"LowCurAmt\": {\n            \"Amt\": {\n              \"value\": \"<Error: Too many levels of nesting to fake this schema>\"\n            },\n            \"CurCode\": {\n              \"value\": \"<Error: Too many levels of nesting to fake this schema>\"\n            }\n          }\n        },\n        \"Desc\": \"est ipsum labore deserunt\",\n        \"ExpDt\": \"2023-11-01\",\n        \"Name\": \"cupidatat proident aliqua et sed\",\n        \"OrigDt\": \"1955-08-09\",\n        \"StopChkDt\": \"2004-12-11\",\n        \"StopChkReasonCode\": \"CustomerRequest\",\n        \"TranFee\": {\n          \"FeeAmt\": {\n            \"Amt\": {\n              \"value\": \"<Error: Too many levels of nesting to fake this schema>\"\n            },\n            \"CurCode\": {\n              \"value\": \"<Error: Too many levels of nesting to fake this schema>\"\n            }\n          },\n          \"FeeIdent\": \"in ut irure\"\n        },\n        \"VarianceAmt\": {\n          \"Amt\": -13182145.563688204,\n          \"CurCode\": {\n            \"CurCodeValue\": {\n              \"value\": \"<Error: Too many levels of nesting to fake this schema>\"\n            },\n            \"CurCodeType\": {\n              \"value\": \"<Error: Too many levels of nesting to fake this schema>\"\n            }\n          }\n        },\n        \"VariancePct\": 6235777.338194698\n      },\n      \"StopChkKeys\": {\n        \"AcctKeys\": {\n          \"AcctId\": \"<string>\",\n          \"AcctType\": \"<string>\"\n        },\n        \"StopChkId\": \"esse pari\",\n        \"StopChkIdent\": \"elit cul\"\n      },\n      \"StopChkStatus\": {\n        \"StopChkStatusCode\": \"Valid\",\n        \"EffDt\": \"2178-37-93\"\n      }\n    },\n    {\n      \"StopChkInfo\": {\n        \"AcctKeys\": {\n          \"AcctId\": \"dolore ipsum\",\n          \"AcctType\": \"SDA\"\n        },\n        \"CardSignedInd\": true,\n        \"ChkNumRange\": {\n          \"ChkNumEnd\": \"ut irur\",\n          \"ChkNumStart\": \"pariatur\"\n        },\n        \"CurAmt\": {\n          \"Amt\": -76517606.83420852,\n          \"CurCode\": {\n            \"CurCodeValue\": {\n              \"value\": \"<Error: Too many levels of nesting to fake this schema>\"\n            },\n            \"CurCodeType\": {\n              \"value\": \"<Error: Too many levels of nesting to fake this schema>\"\n            }\n          }\n        },\n        \"CurAmtRange\": {\n          \"HighCurAmt\": {\n            \"Amt\": {\n              \"value\": \"<Error: Too many levels of nesting to fake this schema>\"\n            },\n            \"CurCode\": {\n              \"value\": \"<Error: Too many levels of nesting to fake this schema>\"\n            }\n          },\n          \"LowCurAmt\": {\n            \"Amt\": {\n              \"value\": \"<Error: Too many levels of nesting to fake this schema>\"\n            },\n            \"CurCode\": {\n              \"value\": \"<Error: Too many levels of nesting to fake this schema>\"\n            }\n          }\n        },\n        \"Desc\": \"in sunt officia\",\n        \"ExpDt\": \"1990-08-21\",\n        \"Name\": \"pariatu\",\n        \"OrigDt\": \"2008-11-27\",\n        \"StopChkDt\": \"1955-05-08\",\n        \"StopChkReasonCode\": \"Other\",\n        \"TranFee\": {\n          \"FeeAmt\": {\n            \"Amt\": {\n              \"value\": \"<Error: Too many levels of nesting to fake this schema>\"\n            },\n            \"CurCode\": {\n              \"value\": \"<Error: Too many levels of nesting to fake this schema>\"\n            }\n          },\n          \"FeeIdent\": \"irure et ea\"\n        },\n        \"VarianceAmt\": {\n          \"Amt\": -8888275.196381465,\n          \"CurCode\": {\n            \"CurCodeValue\": {\n              \"value\": \"<Error: Too many levels of nesting to fake this schema>\"\n            },\n            \"CurCodeType\": {\n              \"value\": \"<Error: Too many levels of nesting to fake this schema>\"\n            }\n          }\n        },\n        \"VariancePct\": 4994738.107715741\n      },\n      \"StopChkKeys\": {\n        \"AcctKeys\": {\n          \"AcctId\": \"<string>\",\n          \"AcctType\": \"<string>\"\n        },\n        \"StopChkId\": \"dolor\",\n        \"StopChkIdent\": \"\"\n      },\n      \"StopChkStatus\": {\n        \"StopChkStatusCode\": \"Valid\",\n        \"EffDt\": \"5824-10-17T28:62:53.238\"\n      }\n    }\n  ],\n  \"Status\": {\n    \"Severity\": \"Info\",\n    \"StatusCode\": \"in in d\",\n    \"StatusDesc\": \"qui\",\n    \"SvcProviderName\": \"in deserunt\",\n    \"Id\": \"est Duis et sint\",\n    \"ServerStatusCode\": \"Lorem a\",\n    \"ServerStatusDesc\": \"nostrud amet dolor in\",\n    \"OvrdExceptionInd\": false,\n    \"SubjectRole\": \"eiu\",\n    \"SubjectElement\": [\n      {\n        \"Path\": \"ullamco pariat\",\n        \"ServerPath\": \"cillum in\",\n        \"Value\": \"labore proident\"\n      },\n      {\n        \"Path\": \"fugiat ut est dolor\",\n        \"ServerPath\": \"nostrud aliquip elit qui voluptate\",\n        \"Value\": \"fugiat irure t\"\n      }\n    ],\n    \"ContentHTML\": \"in in in\",\n    \"AdditionalStatus\": [\n      {\n        \"StatusCode\": \"tempor eni\",\n        \"StatusDesc\": \"cillum dolor\",\n        \"Severity\": \"Warning\",\n        \"SvcProviderName\": \"eiusmod irure sunt sit exercitation\",\n        \"ServerStatusCode\": \"laborum irure pari\",\n        \"ServerStatusDesc\": \"dolore amet magna aute consequat\",\n        \"OvrdExceptionInd\": false,\n        \"SubjectElement\": [\n          {\n            \"Path\": \"proident Ut\",\n            \"ServerPath\": \"sed\",\n            \"Value\": \"ven\"\n          },\n          {\n            \"Path\": \"amet ut in\",\n            \"ServerPath\": \"consequat\",\n            \"Value\": \"qui\"\n          }\n        ]\n      },\n      {\n        \"StatusCode\": \"Ut mini\",\n        \"StatusDesc\": \"anim mollit eiusm\",\n        \"Severity\": \"Error\",\n        \"SvcProviderName\": \"mollit\",\n        \"ServerStatusCode\": \"Du\",\n        \"ServerStatusDesc\": \"et\",\n        \"OvrdExceptionInd\": false,\n        \"SubjectElement\": [\n          {\n            \"Path\": \"reprehenderit\",\n            \"ServerPath\": \"ut nulla laborum in\",\n            \"Value\": \"esse pariatur\"\n          },\n          {\n            \"Path\": \"quis in et sint\",\n            \"ServerPath\": \"Excepteur anim\",\n            \"Value\": \"eu\"\n          }\n        ]\n      }\n    ]\n  },\n  \"RecCtrlOut\": {\n    \"SentRecCount\": -35715586,\n    \"Cursor\": \"sed ex\"\n  }\n}","cookie":[],"_postman_previewlanguage":"json"}],"event":[],"protocolProfileBehavior":{"disableBodyPruning":true}}],"event":[]}],"event":[]}],"event":[],"variable":[{"type":"string","value":"/","key":"baseUrl"}],"info":{"_postman_id":"ac3cf17c-c817-4c26-8777-fb191e8d1293","name":"Stop Check Service","schema":"https://schema.getpostman.com/json/collection/v2.1.0/collection.json","description":{"content":"Stop check is a request made to a financial institution to cancel a check or payment that is not being processed yet. <br>\n    The stop check service manages stop-check payments associated with the following product accounts: \n      -  Demand Deposit Account (DDA)\n      -  Saving Deposit Account (SDA)\n      -  Certificate of Deposit Account (CDA)\n      -  Loan Account (LOAN)","type":"text/plain"}}}