{"item":[{"id":"8615e9fe-2c23-4c6f-aaf4-23cf649f11cd","name":"Get Account Transaction History","description":{"content":"","type":"text/plain"},"item":[{"id":"d2487be2-08d0-45b2-ba94-cc3bb3984f33","name":"GET Account Transaction History.","request":{"name":"GET Account Transaction History.","description":{"content":"Retrieves information about the monetary transaction history for the following account types:<br>\n          <ul>\n            <li>Certificate of Deposit Account (CDA)</li>\n            <li>Demand Deposit Account (DDA)</li>\n            <li>Demand Deposit Loan Account (DDL)</li>\n            <li>Loan Account (LOAN)</li>\n            <li>Savings Deposit Account (SDA)</li>\n            <li>Safe Deposit Box (SDB)</li>\n          </ul>          \n          <br>\n          For more information about the Transactions domain, <a href=\"../docs/?path=docs/fintechs/transactions.md\" title=\"Click to open\">click here.</a> <br><br>\n          <b>Relates to:</b>\n          <ul> \n            <li><a href=\"../docs/?path=docs/banks-and-CU/deposits.md\" title=\"Click to open\">Deposits</a></li>\n            <li><a href=\"../docs/?path=docs/banks-and-CU/loans.md\" title=\"Click to open\">Loans</a></li>\n            <li><a href=\"../docs/?path=docs/banks-and-CU/bank-servicing.md\" title=\"Click to open\">Bank Servicing</a></li>\n            <li><a href=\"../docs/?path=docs/banks-and-CU/cash-mgt.md\" title=\"Click to open\">Cash Management</a></li>\n            <li><a href=\"../docs/?path=docs/banks-and-CU/treasury-services.md\" title=\"Click to open\">Treasury Services</a></li>\n            <li><a href=\"../docs/?path=docs/banks-and-CU/riskMgt.md\" title=\"Click to open\">Risk and Performance Management</a></li>\n          </ul>","type":"text/plain"},"url":{"path":["accttrnservice","acctmgmt","acctTrn","secured"],"host":["{{baseUrl}}"],"query":[],"variable":[]},"header":[{"disabled":false,"description":"(Required) EFX Header is a common and required component for all API calls, it contains client-related parameters. Please note that the header parameters should be sent as a JSON object under the EFXHeader parameter. To view the list of header parameters, <a href=\"../docs?path=docs/api-ref-EFX-header.md\" title=\"Click to open\"> click here.</a>","key":"EFXHeader","value":"OrganizationId,cupidatat,TrnId,nulla non voluptate nisi sint,VendorId,non,Context,[object Object]"},{"key":"Content-Type","value":"application/json"},{"key":"Accept","value":"application/json"}],"method":"POST","auth":null,"body":{"mode":"raw","raw":"{\n  \"AcctTrnSel\": {\n    \"AcctKeys\": {\n      \"AcctId\": \"Excepteu\",\n      \"AcctType\": \"SDA\"\n    }\n  },\n  \"RecCtrlIn\": {\n    \"Cursor\": \"fugiat qui irure aliqua\"\n  }\n}","options":{"raw":{"language":"json"}}}},"response":[{"id":"9bbc61ca-3ae8-4add-8eef-d9c2a1022ea5","name":"Success","originalRequest":{"url":{"path":["accttrnservice","acctmgmt","acctTrn","secured"],"host":["{{baseUrl}}"],"query":[],"variable":[]},"header":[{"disabled":false,"description":"(Required) EFX Header is a common and required component for all API calls, it contains client-related parameters. Please note that the header parameters should be sent as a JSON object under the EFXHeader parameter. To view the list of header parameters, <a href=\"../docs?path=docs/api-ref-EFX-header.md\" title=\"Click to open\"> click here.</a>","key":"EFXHeader","value":"OrganizationId,<string>,TrnId,<string>,VendorId,<string>,Context,[object Object]"}],"method":"POST","body":{"mode":"raw","raw":"{\n  \"AcctTrnSel\": {\n    \"AcctKeys\": {\n      \"AcctId\": \"Excepteu\",\n      \"AcctType\": \"SDA\"\n    }\n  },\n  \"RecCtrlIn\": {\n    \"Cursor\": \"fugiat qui irure aliqua\"\n  }\n}","options":{"raw":{"language":"json"}}}},"status":"OK","code":200,"header":[{"key":"Content-Type","value":"application/json"}],"body":"{\n  \"AcctTrnRec\": [\n    {\n      \"AcctTrnInfo\": {\n        \"TrnCode\": \"ex culp\",\n        \"DrCrType\": \"Debit\",\n        \"TrnRevType\": \"Reversal\",\n        \"MemoPostInd\": true,\n        \"PostedDt\": \"4078-93-83T15:86\",\n        \"EffDt\": \"2508-49-88\",\n        \"TrnDt\": \"6469-87-67\",\n        \"TrnType\": \"PriorYrContributionEmployer\",\n        \"TrnAmt\": {\n          \"Amt\": -85121319.31543472,\n          \"CurCode\": {\n            \"value\": \"<Error: Too many levels of nesting to fake this schema>\"\n          }\n        },\n        \"ChkNum\": \"in \",\n        \"ExternalTrnCode\": \"ipsum eiusmod sint tempor\",\n        \"ImageInd\": false,\n        \"TrnImageId\": \"in est culpa dolore\",\n        \"FloatData\": [\n          {\n            \"FloatType\": {\n              \"value\": \"<Error: Too many levels of nesting to fake this schema>\"\n            },\n            \"FloatDetails\": {\n              \"value\": \"<Error: Too many levels of nesting to fake this schema>\"\n            }\n          },\n          {\n            \"FloatType\": {\n              \"value\": \"<Error: Too many levels of nesting to fake this schema>\"\n            },\n            \"FloatDetails\": {\n              \"value\": \"<Error: Too many levels of nesting to fake this schema>\"\n            }\n          }\n        ]\n      },\n      \"AcctTrnKeys\": {\n        \"AcctKeys\": {\n          \"AcctId\": \"dolore in co\",\n          \"AcctType\": \"SDA\"\n        },\n        \"AcctTrnIdent\": \"officia in\"\n      },\n      \"AcctTrnStatus\": {\n        \"AcctTrnStatusCode\": \"Valid\",\n        \"EffDt\": \"8560-01-05\"\n      }\n    },\n    {\n      \"AcctTrnInfo\": {\n        \"TrnCode\": \"\",\n        \"DrCrType\": \"Credit\",\n        \"TrnRevType\": \"MatchedTransaction\",\n        \"MemoPostInd\": true,\n        \"PostedDt\": \"9290-85-73T87:38\",\n        \"EffDt\": \"9012-78-19\",\n        \"TrnDt\": \"9727-33-87T36:59\",\n        \"TrnType\": \"PriorYrContributionEmployer\",\n        \"TrnAmt\": {\n          \"Amt\": 48328314.63898963,\n          \"CurCode\": {\n            \"value\": \"<Error: Too many levels of nesting to fake this schema>\"\n          }\n        },\n        \"ChkNum\": \"laboris et \",\n        \"ExternalTrnCode\": \"non voluptate dolor\",\n        \"ImageInd\": true,\n        \"TrnImageId\": \"anim sed veniam velit\",\n        \"FloatData\": [\n          {\n            \"FloatType\": {\n              \"value\": \"<Error: Too many levels of nesting to fake this schema>\"\n            },\n            \"FloatDetails\": {\n              \"value\": \"<Error: Too many levels of nesting to fake this schema>\"\n            }\n          },\n          {\n            \"FloatType\": {\n              \"value\": \"<Error: Too many levels of nesting to fake this schema>\"\n            },\n            \"FloatDetails\": {\n              \"value\": \"<Error: Too many levels of nesting to fake this schema>\"\n            }\n          }\n        ]\n      },\n      \"AcctTrnKeys\": {\n        \"AcctKeys\": {\n          \"AcctId\": \"esse dolor v\",\n          \"AcctType\": \"SDA\"\n        },\n        \"AcctTrnIdent\": \"anim officia Duis\"\n      },\n      \"AcctTrnStatus\": {\n        \"AcctTrnStatusCode\": \"Valid\",\n        \"EffDt\": \"6167-67-48T10:16\"\n      }\n    }\n  ],\n  \"Status\": {\n    \"Severity\": \"Warning\",\n    \"StatusCode\": \"voluptate Ut\",\n    \"StatusDesc\": \"eiusmod ex velit\",\n    \"SvcProviderName\": \"elit Ut cupidatat anim\",\n    \"Id\": \"ad\",\n    \"ServerStatusCode\": \"dolor pariatur\",\n    \"ServerStatusDesc\": \"Ut officia aliquip\",\n    \"OvrdExceptionInd\": true,\n    \"SubjectRole\": \"nostrud tempor\",\n    \"SubjectElement\": [\n      {\n        \"Path\": \"ad\",\n        \"ServerPath\": \"laboris pariatur Lorem minim est\",\n        \"Value\": \"cillum sed dolor est\"\n      },\n      {\n        \"Path\": \"occaecat aliquip ipsum\",\n        \"ServerPath\": \"et fugiat reprehenderit Ut\",\n        \"Value\": \"tempor in pariatur ex\"\n      }\n    ],\n    \"ContentHTML\": \"ad et elit dolore\",\n    \"AdditionalStatus\": [\n      {\n        \"StatusCode\": \"cupidatat Lorem fu\",\n        \"StatusDesc\": \"minim fugiat labore Lorem nulla\",\n        \"Severity\": \"Warning\",\n        \"SvcProviderName\": \"consequat cillum ad dolor officia\",\n        \"ServerStatusCode\": \"ex a\",\n        \"ServerStatusDesc\": \"commodo consequat\",\n        \"OvrdExceptionInd\": false,\n        \"SubjectElement\": [\n          {\n            \"Path\": {\n              \"value\": \"<Error: Too many levels of nesting to fake this schema>\"\n            },\n            \"ServerPath\": {\n              \"value\": \"<Error: Too many levels of nesting to fake this schema>\"\n            },\n            \"Value\": {\n              \"value\": \"<Error: Too many levels of nesting to fake this schema>\"\n            }\n          },\n          {\n            \"Path\": {\n              \"value\": \"<Error: Too many levels of nesting to fake this schema>\"\n            },\n            \"ServerPath\": {\n              \"value\": \"<Error: Too many levels of nesting to fake this schema>\"\n            },\n            \"Value\": {\n              \"value\": \"<Error: Too many levels of nesting to fake this schema>\"\n            }\n          }\n        ]\n      },\n      {\n        \"StatusCode\": \"dolore s\",\n        \"StatusDesc\": \"in\",\n        \"Severity\": \"Info\",\n        \"SvcProviderName\": \"labore ut in\",\n        \"ServerStatusCode\": \"id culpa\",\n        \"ServerStatusDesc\": \"consectetur ex sit\",\n        \"OvrdExceptionInd\": false,\n        \"SubjectElement\": [\n          {\n            \"Path\": {\n              \"value\": \"<Error: Too many levels of nesting to fake this schema>\"\n            },\n            \"ServerPath\": {\n              \"value\": \"<Error: Too many levels of nesting to fake this schema>\"\n            },\n            \"Value\": {\n              \"value\": \"<Error: Too many levels of nesting to fake this schema>\"\n            }\n          },\n          {\n            \"Path\": {\n              \"value\": \"<Error: Too many levels of nesting to fake this schema>\"\n            },\n            \"ServerPath\": {\n              \"value\": \"<Error: Too many levels of nesting to fake this schema>\"\n            },\n            \"Value\": {\n              \"value\": \"<Error: Too many levels of nesting to fake this schema>\"\n            }\n          }\n        ]\n      }\n    ]\n  },\n  \"RecCtrlOut\": {\n    \"SentRecCount\": -89522466,\n    \"Cursor\": \"m\"\n  }\n}","cookie":[],"_postman_previewlanguage":"json"},{"id":"49bff315-faf4-4cf2-a6ee-fcc96d4247fc","name":"To view the complete list of response codes, <a href=\"../docs/?path=docs/response-codes.md\" title=\"Click to open\">click here.</a>","originalRequest":{"url":{"path":["accttrnservice","acctmgmt","acctTrn","secured"],"host":["{{baseUrl}}"],"query":[],"variable":[]},"header":[{"disabled":false,"description":"(Required) EFX Header is a common and required component for all API calls, it contains client-related parameters. Please note that the header parameters should be sent as a JSON object under the EFXHeader parameter. To view the list of header parameters, <a href=\"../docs?path=docs/api-ref-EFX-header.md\" title=\"Click to open\"> click here.</a>","key":"EFXHeader","value":"OrganizationId,<string>,TrnId,<string>,VendorId,<string>,Context,[object Object]"}],"method":"POST","body":{"mode":"raw","raw":"{\n  \"AcctTrnSel\": {\n    \"AcctKeys\": {\n      \"AcctId\": \"Excepteu\",\n      \"AcctType\": \"SDA\"\n    }\n  },\n  \"RecCtrlIn\": {\n    \"Cursor\": \"fugiat qui irure aliqua\"\n  }\n}","options":{"raw":{"language":"json"}}}},"status":"Internal Server Error","code":500,"header":[{"key":"Content-Type","value":"application/json"}],"body":"{\n  \"AcctTrnRec\": [\n    {\n      \"AcctTrnInfo\": {\n        \"TrnCode\": \"fugiat veniam commodo\",\n        \"DrCrType\": \"Debit\",\n        \"TrnRevType\": \"Reversal\",\n        \"MemoPostInd\": false,\n        \"PostedDt\": \"2925-93-23\",\n        \"EffDt\": \"5877-07-13\",\n        \"TrnDt\": \"3578-50-06\",\n        \"TrnType\": \"ExcessYTDContribution\",\n        \"TrnAmt\": {\n          \"Amt\": 59137704.38009679,\n          \"CurCode\": {\n            \"value\": \"<Error: Too many levels of nesting to fake this schema>\"\n          }\n        },\n        \"ChkNum\": \"enim consequa\",\n        \"ExternalTrnCode\": \"ea ullamco eu\",\n        \"ImageInd\": false,\n        \"TrnImageId\": \"deserun\",\n        \"FloatData\": [\n          {\n            \"FloatType\": {\n              \"value\": \"<Error: Too many levels of nesting to fake this schema>\"\n            },\n            \"FloatDetails\": {\n              \"value\": \"<Error: Too many levels of nesting to fake this schema>\"\n            }\n          },\n          {\n            \"FloatType\": {\n              \"value\": \"<Error: Too many levels of nesting to fake this schema>\"\n            },\n            \"FloatDetails\": {\n              \"value\": \"<Error: Too many levels of nesting to fake this schema>\"\n            }\n          }\n        ]\n      },\n      \"AcctTrnKeys\": {\n        \"AcctKeys\": {\n          \"AcctId\": \"qui tempor enim magn\",\n          \"AcctType\": \"SDA\"\n        },\n        \"AcctTrnIdent\": \"labore Exc\"\n      },\n      \"AcctTrnStatus\": {\n        \"AcctTrnStatusCode\": \"Valid\",\n        \"EffDt\": \"1849-87-18\"\n      }\n    },\n    {\n      \"AcctTrnInfo\": {\n        \"TrnCode\": \"in eiusmod\",\n        \"DrCrType\": \"Debit\",\n        \"TrnRevType\": \"MatchedTransaction\",\n        \"MemoPostInd\": false,\n        \"PostedDt\": \"0573-25-84T11:25\",\n        \"EffDt\": \"4085-09-68T88:76\",\n        \"TrnDt\": \"7824-58-51T34:06:28\",\n        \"TrnType\": \"DeathNonSpouseDistribution\",\n        \"TrnAmt\": {\n          \"Amt\": 90320437.87612727,\n          \"CurCode\": {\n            \"value\": \"<Error: Too many levels of nesting to fake this schema>\"\n          }\n        },\n        \"ChkNum\": \"Duis quis in\",\n        \"ExternalTrnCode\": \"dolore\",\n        \"ImageInd\": true,\n        \"TrnImageId\": \"non culp\",\n        \"FloatData\": [\n          {\n            \"FloatType\": {\n              \"value\": \"<Error: Too many levels of nesting to fake this schema>\"\n            },\n            \"FloatDetails\": {\n              \"value\": \"<Error: Too many levels of nesting to fake this schema>\"\n            }\n          },\n          {\n            \"FloatType\": {\n              \"value\": \"<Error: Too many levels of nesting to fake this schema>\"\n            },\n            \"FloatDetails\": {\n              \"value\": \"<Error: Too many levels of nesting to fake this schema>\"\n            }\n          }\n        ]\n      },\n      \"AcctTrnKeys\": {\n        \"AcctKeys\": {\n          \"AcctId\": \"amet magn\",\n          \"AcctType\": \"SDA\"\n        },\n        \"AcctTrnIdent\": \"elit in commodo\"\n      },\n      \"AcctTrnStatus\": {\n        \"AcctTrnStatusCode\": \"Valid\",\n        \"EffDt\": \"7970-54-61\"\n      }\n    }\n  ],\n  \"Status\": {\n    \"Severity\": \"Warning\",\n    \"StatusCode\": \"aliqua ex ad\",\n    \"StatusDesc\": \"aute cupidatat\",\n    \"SvcProviderName\": \"enim occaecat\",\n    \"Id\": \"eiusmod mollit ipsum\",\n    \"ServerStatusCode\": \"dolore p\",\n    \"ServerStatusDesc\": \"aute aliqua velit sint\",\n    \"OvrdExceptionInd\": false,\n    \"SubjectRole\": \"occaecat repre\",\n    \"SubjectElement\": [\n      {\n        \"Path\": \"elit officia anim\",\n        \"ServerPath\": \"magna eu exercitation nost\",\n        \"Value\": \"aute qui ut\"\n      },\n      {\n        \"Path\": \"quis\",\n        \"ServerPath\": \"anim mollit\",\n        \"Value\": \"exercitation laborum qui sed velit\"\n      }\n    ],\n    \"ContentHTML\": \"Lorem in ut\",\n    \"AdditionalStatus\": [\n      {\n        \"StatusCode\": \"nost\",\n        \"StatusDesc\": \"aliqua nisi laborum in Ut\",\n        \"Severity\": \"Info\",\n        \"SvcProviderName\": \"\",\n        \"ServerStatusCode\": \"esse a\",\n        \"ServerStatusDesc\": \"a\",\n        \"OvrdExceptionInd\": true,\n        \"SubjectElement\": [\n          {\n            \"Path\": {\n              \"value\": \"<Error: Too many levels of nesting to fake this schema>\"\n            },\n            \"ServerPath\": {\n              \"value\": \"<Error: Too many levels of nesting to fake this schema>\"\n            },\n            \"Value\": {\n              \"value\": \"<Error: Too many levels of nesting to fake this schema>\"\n            }\n          },\n          {\n            \"Path\": {\n              \"value\": \"<Error: Too many levels of nesting to fake this schema>\"\n            },\n            \"ServerPath\": {\n              \"value\": \"<Error: Too many levels of nesting to fake this schema>\"\n            },\n            \"Value\": {\n              \"value\": \"<Error: Too many levels of nesting to fake this schema>\"\n            }\n          }\n        ]\n      },\n      {\n        \"StatusCode\": \"reprehenderit exerc\",\n        \"StatusDesc\": \"dolore irure\",\n        \"Severity\": \"Info\",\n        \"SvcProviderName\": \"incididunt consectetur id\",\n        \"ServerStatusCode\": \"tempor \",\n        \"ServerStatusDesc\": \"mollit dolor ut\",\n        \"OvrdExceptionInd\": true,\n        \"SubjectElement\": [\n          {\n            \"Path\": {\n              \"value\": \"<Error: Too many levels of nesting to fake this schema>\"\n            },\n            \"ServerPath\": {\n              \"value\": \"<Error: Too many levels of nesting to fake this schema>\"\n            },\n            \"Value\": {\n              \"value\": \"<Error: Too many levels of nesting to fake this schema>\"\n            }\n          },\n          {\n            \"Path\": {\n              \"value\": \"<Error: Too many levels of nesting to fake this schema>\"\n            },\n            \"ServerPath\": {\n              \"value\": \"<Error: Too many levels of nesting to fake this schema>\"\n            },\n            \"Value\": {\n              \"value\": \"<Error: Too many levels of nesting to fake this schema>\"\n            }\n          }\n        ]\n      }\n    ]\n  },\n  \"RecCtrlOut\": {\n    \"SentRecCount\": 41989867,\n    \"Cursor\": \"aute incididunt magna e\"\n  }\n}","cookie":[],"_postman_previewlanguage":"json"}],"event":[],"protocolProfileBehavior":{"disableBodyPruning":true}}],"event":[]}],"event":[],"variable":[{"type":"string","value":"/","key":"baseUrl"}],"info":{"_postman_id":"6ed5eec2-190a-415d-b4d9-b55c289fd250","name":"Account Transaction Service","schema":"https://schema.getpostman.com/json/collection/v2.1.0/collection.json","description":{"content":"The account transaction service performs the function of retrieving the monetary transaction history against a product account and is implemented in the AccTrnService service domain.<br>\nAn account is a product serviced by the financial institutions that has debit or credit balance in a particular currency.","type":"text/plain"}}}