{"item":[{"id":"e2302b6b-a9e0-4e9c-a0f9-e7c14c0de99d","name":"Get Account Transaction History","description":{"content":"","type":"text/plain"},"item":[{"id":"500bed64-9c09-43bf-be5a-1a6d297cbe5c","name":"GET Account Transaction History.","request":{"name":"GET Account Transaction History.","description":{"content":"Retrieves information about the monetary transaction history for the following account types:<br>\n          <ul>\n            <li>Certificate of Deposit Account (CDA)</li>\n            <li>Demand Deposit Account (DDA)</li>\n            <li>Demand Deposit Loan Account (DDL)</li>\n            <li>Loan Account (LOAN)</li>\n            <li>Savings Deposit Account (SDA)</li>\n            <li>Safe Deposit Box (SDB)</li>\n          </ul>          \n          <br>\n          For more information about the Transactions domain, <a href=\"../docs/?path=docs/fintechs/transactions.md\" title=\"Click to open\">click here.</a> <br><br>\n          <b>Relates to:</b>\n          <ul> \n            <li><a href=\"../docs/?path=docs/banks-and-CU/deposits.md\" title=\"Click to open\">Deposits</a></li>\n            <li><a href=\"../docs/?path=docs/banks-and-CU/loans.md\" title=\"Click to open\">Loans</a></li>\n            <li><a href=\"../docs/?path=docs/banks-and-CU/bank-servicing.md\" title=\"Click to open\">Bank Servicing</a></li>\n            <li><a href=\"../docs/?path=docs/banks-and-CU/cash-mgt.md\" title=\"Click to open\">Cash Management</a></li>\n            <li><a href=\"../docs/?path=docs/banks-and-CU/treasury-services.md\" title=\"Click to open\">Treasury Services</a></li>\n            <li><a href=\"../docs/?path=docs/banks-and-CU/riskMgt.md\" title=\"Click to open\">Risk and Performance Management</a></li>\n          </ul>","type":"text/plain"},"url":{"path":["accttrnservice","acctmgmt","acctTrn","secured"],"host":["{{baseUrl}}"],"query":[],"variable":[]},"header":[{"disabled":false,"description":"(Required) EFX Header is a common and required component for all API calls, it contains client-related parameters. Please note that the header parameters should be sent as a JSON object under the EFXHeader parameter. To view the list of header parameters, <a href=\"../docs?path=docs/api-ref-EFX-header.md\" title=\"Click to open\"> click here.</a>","key":"EFXHeader","value":"OrganizationId,ex laboris Excepteu,TrnId,esse ad in,VendorId,consectetur dolor ex officia,Context,[object Object]"},{"key":"Content-Type","value":"application/json"},{"key":"Accept","value":"application/json"}],"method":"POST","auth":null,"body":{"mode":"raw","raw":"{\n  \"AcctTrnSel\": {\n    \"AcctKeys\": {\n      \"AcctId\": \"exercitatio\",\n      \"AcctType\": \"SDB\"\n    },\n    \"DtRange\": [\n      {\n        \"StartDt\": \"0207-11-36T59:39:46.111+66:77\",\n        \"EndDt\": \"4494-96-71T68:43:62\"\n      },\n      {\n        \"StartDt\": \"2926-07-82T57:08:07.718+30:28\",\n        \"EndDt\": \"2201-77-09T50:90\"\n      }\n    ],\n    \"CurAmtRange\": {\n      \"LowCurAmt\": {\n        \"Amt\": 7340294.61341162,\n        \"CurCode\": {\n          \"CurCodeValue\": {\n            \"value\": \"<Error: Too many levels of nesting to fake this schema>\"\n          },\n          \"CurCodeType\": {\n            \"value\": \"<Error: Too many levels of nesting to fake this schema>\"\n          }\n        }\n      },\n      \"HighCurAmt\": {\n        \"Amt\": 87300663.10073191,\n        \"CurCode\": {\n          \"CurCodeValue\": {\n            \"value\": \"<Error: Too many levels of nesting to fake this schema>\"\n          },\n          \"CurCodeType\": {\n            \"value\": \"<Error: Too many levels of nesting to fake this schema>\"\n          }\n        }\n      }\n    },\n    \"TrnGroup\": \"PendingPrint\",\n    \"Sort\": [\n      {\n        \"SortCriterionType\": \"PostedDt\",\n        \"SortOrder\": \"Ascending\"\n      },\n      {\n        \"SortCriterionType\": \"PostedDt\",\n        \"SortOrder\": \"Descending\"\n      }\n    ]\n  },\n  \"RecCtrlIn\": {\n    \"MaxRecLimit\": 37050739,\n    \"Cursor\": \"Duis consectetur\"\n  }\n}","options":{"raw":{"language":"json"}}}},"response":[{"id":"8da7c0f3-b804-4218-ad6a-5c54cbbb0a18","name":"Success","originalRequest":{"url":{"path":["accttrnservice","acctmgmt","acctTrn","secured"],"host":["{{baseUrl}}"],"query":[],"variable":[]},"header":[{"disabled":false,"description":"(Required) EFX Header is a common and required component for all API calls, it contains client-related parameters. Please note that the header parameters should be sent as a JSON object under the EFXHeader parameter. To view the list of header parameters, <a href=\"../docs?path=docs/api-ref-EFX-header.md\" title=\"Click to open\"> click here.</a>","key":"EFXHeader","value":"OrganizationId,<string>,TrnId,<string>,VendorId,<string>,Context,[object Object]"}],"method":"POST","body":{"mode":"raw","raw":"{\n  \"AcctTrnSel\": {\n    \"AcctKeys\": {\n      \"AcctId\": \"sed amet cup\",\n      \"AcctType\": \"SDB\"\n    },\n    \"DtRange\": [\n      {\n        \"StartDt\": \"4804-12-79\",\n        \"EndDt\": \"8485-12-66\"\n      },\n      {\n        \"StartDt\": \"4871-89-25T31:69\",\n        \"EndDt\": \"5505-99-93\"\n      }\n    ],\n    \"CurAmtRange\": {\n      \"LowCurAmt\": {\n        \"Amt\": -29320732.58995329,\n        \"CurCode\": {\n          \"CurCodeValue\": {\n            \"value\": \"<Error: Too many levels of nesting to fake this schema>\"\n          },\n          \"CurCodeType\": {\n            \"value\": \"<Error: Too many levels of nesting to fake this schema>\"\n          }\n        }\n      },\n      \"HighCurAmt\": {\n        \"Amt\": 66191668.35993412,\n        \"CurCode\": {\n          \"CurCodeValue\": {\n            \"value\": \"<Error: Too many levels of nesting to fake this schema>\"\n          },\n          \"CurCodeType\": {\n            \"value\": \"<Error: Too many levels of nesting to fake this schema>\"\n          }\n        }\n      }\n    },\n    \"TrnGroup\": \"AllPrint\",\n    \"Sort\": [\n      {\n        \"SortCriterionType\": \"PostedDt\",\n        \"SortOrder\": \"Ascending\"\n      },\n      {\n        \"SortCriterionType\": \"PostedDt\",\n        \"SortOrder\": \"Descending\"\n      }\n    ]\n  },\n  \"RecCtrlIn\": {\n    \"MaxRecLimit\": -79226583,\n    \"Cursor\": \"nostrud Lorem \"\n  }\n}","options":{"raw":{"language":"json"}}}},"status":"OK","code":200,"header":[{"key":"Content-Type","value":"application/json"}],"body":"{\n  \"AcctTrnRec\": [\n    {\n      \"AcctTrnInfo\": {\n        \"TrnCode\": \"Excepteur\",\n        \"RestrictedInd\": true,\n        \"RestrictedDesc\": \"commodo mollit dolor velit\",\n        \"PostedDt\": \"1605-59-85\",\n        \"TrnAmt\": {\n          \"Amt\": -72583386.92797329,\n          \"CurCode\": {\n            \"value\": \"<Error: Too many levels of nesting to fake this schema>\"\n          }\n        }\n      },\n      \"AcctTrnKeys\": {\n        \"AcctKeys\": {\n          \"AcctId\": \"ullamco\",\n          \"AcctType\": \"SDB\"\n        },\n        \"AcctTrnIdent\": \"in consectetur veniam laboris\"\n      },\n      \"AcctTrnStatus\": {\n        \"AcctTrnStatusCode\": \"cillum velit in dolor quis\",\n        \"EffDt\": \"4885-44-26T03:25:24-48:08\"\n      }\n    },\n    {\n      \"AcctTrnInfo\": {\n        \"TrnCode\": \"nulla\",\n        \"RestrictedInd\": true,\n        \"RestrictedDesc\": \"cillum qui dolore\",\n        \"PostedDt\": \"0042-56-44\",\n        \"TrnAmt\": {\n          \"Amt\": -24499912.42267205,\n          \"CurCode\": {\n            \"value\": \"<Error: Too many levels of nesting to fake this schema>\"\n          }\n        }\n      },\n      \"AcctTrnKeys\": {\n        \"AcctKeys\": {\n          \"AcctId\": \"mollit dolor in amet aute\",\n          \"AcctType\": \"SDB\"\n        },\n        \"AcctTrnIdent\": \"Ut ci\"\n      },\n      \"AcctTrnStatus\": {\n        \"AcctTrnStatusCode\": \"culpa sint\",\n        \"EffDt\": \"5586-31-81\"\n      }\n    }\n  ],\n  \"Status\": {\n    \"Severity\": \"Info\",\n    \"StatusCode\": \"elit laborum\",\n    \"StatusDesc\": \"ea voluptate\",\n    \"SvcProviderName\": \"esse cillum ullamco in\",\n    \"Id\": \"nostrud\",\n    \"ServerStatusCode\": \"cillum consequa\",\n    \"ServerStatusDesc\": \"ut consequat sint sed\",\n    \"OvrdExceptionInd\": true,\n    \"SubjectRole\": \"est dolore\",\n    \"SubjectElement\": [\n      {\n        \"Path\": \"adipisicing dolor eu in dolore\",\n        \"ServerPath\": \"magna veniam irure voluptate tempor\",\n        \"Value\": \"dolore incididunt\"\n      },\n      {\n        \"Path\": \"minim dolor exercitation\",\n        \"ServerPath\": \"aliqua\",\n        \"Value\": \"cupidatat non aliqua\"\n      }\n    ],\n    \"ContentHTML\": \"veniam ea consequat ut\",\n    \"AdditionalStatus\": [\n      {\n        \"StatusCode\": \"ut consequat comm\",\n        \"StatusDesc\": \"qui deserunt sint laborum\",\n        \"Severity\": \"Error\",\n        \"SvcProviderName\": \"cillum sit sint aliqua amet\",\n        \"ServerStatusCode\": \"ullamco\",\n        \"ServerStatusDesc\": \"ad consectetur adipisicing\",\n        \"OvrdExceptionInd\": false,\n        \"SubjectElement\": [\n          {\n            \"Path\": {\n              \"value\": \"<Error: Too many levels of nesting to fake this schema>\"\n            },\n            \"ServerPath\": {\n              \"value\": \"<Error: Too many levels of nesting to fake this schema>\"\n            },\n            \"Value\": {\n              \"value\": \"<Error: Too many levels of nesting to fake this schema>\"\n            }\n          },\n          {\n            \"Path\": {\n              \"value\": \"<Error: Too many levels of nesting to fake this schema>\"\n            },\n            \"ServerPath\": {\n              \"value\": \"<Error: Too many levels of nesting to fake this schema>\"\n            },\n            \"Value\": {\n              \"value\": \"<Error: Too many levels of nesting to fake this schema>\"\n            }\n          }\n        ]\n      },\n      {\n        \"StatusCode\": \"in cillum\",\n        \"StatusDesc\": \"ea pariatur Duis\",\n        \"Severity\": \"Info\",\n        \"SvcProviderName\": \"labore magna nisi\",\n        \"ServerStatusCode\": \"eiusmod do\",\n        \"ServerStatusDesc\": \"commodo aliquip dolor dolor in\",\n        \"OvrdExceptionInd\": true,\n        \"SubjectElement\": [\n          {\n            \"Path\": {\n              \"value\": \"<Error: Too many levels of nesting to fake this schema>\"\n            },\n            \"ServerPath\": {\n              \"value\": \"<Error: Too many levels of nesting to fake this schema>\"\n            },\n            \"Value\": {\n              \"value\": \"<Error: Too many levels of nesting to fake this schema>\"\n            }\n          },\n          {\n            \"Path\": {\n              \"value\": \"<Error: Too many levels of nesting to fake this schema>\"\n            },\n            \"ServerPath\": {\n              \"value\": \"<Error: Too many levels of nesting to fake this schema>\"\n            },\n            \"Value\": {\n              \"value\": \"<Error: Too many levels of nesting to fake this schema>\"\n            }\n          }\n        ]\n      }\n    ]\n  },\n  \"RecCtrlOut\": {\n    \"SentRecCount\": -39812199,\n    \"Cursor\": \"mollit occaecat\"\n  }\n}","cookie":[],"_postman_previewlanguage":"json"},{"id":"7503d23f-b573-481d-80e8-f87855df5824","name":"To view the complete list of response codes, <a href=\"../docs/?path=docs/response-codes.md\" title=\"Click to open\">click here.</a>","originalRequest":{"url":{"path":["accttrnservice","acctmgmt","acctTrn","secured"],"host":["{{baseUrl}}"],"query":[],"variable":[]},"header":[{"disabled":false,"description":"(Required) EFX Header is a common and required component for all API calls, it contains client-related parameters. Please note that the header parameters should be sent as a JSON object under the EFXHeader parameter. To view the list of header parameters, <a href=\"../docs?path=docs/api-ref-EFX-header.md\" title=\"Click to open\"> click here.</a>","key":"EFXHeader","value":"OrganizationId,<string>,TrnId,<string>,VendorId,<string>,Context,[object Object]"}],"method":"POST","body":{"mode":"raw","raw":"{\n  \"AcctTrnSel\": {\n    \"AcctKeys\": {\n      \"AcctId\": \"sed amet cup\",\n      \"AcctType\": \"SDB\"\n    },\n    \"DtRange\": [\n      {\n        \"StartDt\": \"4804-12-79\",\n        \"EndDt\": \"8485-12-66\"\n      },\n      {\n        \"StartDt\": \"4871-89-25T31:69\",\n        \"EndDt\": \"5505-99-93\"\n      }\n    ],\n    \"CurAmtRange\": {\n      \"LowCurAmt\": {\n        \"Amt\": -29320732.58995329,\n        \"CurCode\": {\n          \"CurCodeValue\": {\n            \"value\": \"<Error: Too many levels of nesting to fake this schema>\"\n          },\n          \"CurCodeType\": {\n            \"value\": \"<Error: Too many levels of nesting to fake this schema>\"\n          }\n        }\n      },\n      \"HighCurAmt\": {\n        \"Amt\": 66191668.35993412,\n        \"CurCode\": {\n          \"CurCodeValue\": {\n            \"value\": \"<Error: Too many levels of nesting to fake this schema>\"\n          },\n          \"CurCodeType\": {\n            \"value\": \"<Error: Too many levels of nesting to fake this schema>\"\n          }\n        }\n      }\n    },\n    \"TrnGroup\": \"AllPrint\",\n    \"Sort\": [\n      {\n        \"SortCriterionType\": \"PostedDt\",\n        \"SortOrder\": \"Ascending\"\n      },\n      {\n        \"SortCriterionType\": \"PostedDt\",\n        \"SortOrder\": \"Descending\"\n      }\n    ]\n  },\n  \"RecCtrlIn\": {\n    \"MaxRecLimit\": -79226583,\n    \"Cursor\": \"nostrud Lorem \"\n  }\n}","options":{"raw":{"language":"json"}}}},"status":"Internal Server Error","code":500,"header":[{"key":"Content-Type","value":"application/json"}],"body":"{\n  \"AcctTrnRec\": [\n    {\n      \"AcctTrnInfo\": {\n        \"TrnCode\": \"nulla dolor eiusmod\",\n        \"RestrictedInd\": false,\n        \"RestrictedDesc\": \"sunt do ea Lorem\",\n        \"PostedDt\": \"3797-29-58T79:62:10\",\n        \"TrnAmt\": {\n          \"Amt\": -87141083.27640128,\n          \"CurCode\": {\n            \"value\": \"<Error: Too many levels of nesting to fake this schema>\"\n          }\n        }\n      },\n      \"AcctTrnKeys\": {\n        \"AcctKeys\": {\n          \"AcctId\": \"do deserunt ex\",\n          \"AcctType\": \"SDB\"\n        },\n        \"AcctTrnIdent\": \"aliqua\"\n      },\n      \"AcctTrnStatus\": {\n        \"AcctTrnStatusCode\": \"incididunt non adipisicing off\",\n        \"EffDt\": \"5651-16-01T82:92\"\n      }\n    },\n    {\n      \"AcctTrnInfo\": {\n        \"TrnCode\": \"deserunt laboris\",\n        \"RestrictedInd\": true,\n        \"RestrictedDesc\": \"velit nostrud dolore\",\n        \"PostedDt\": \"5690-95-43\",\n        \"TrnAmt\": {\n          \"Amt\": -78560903.63966879,\n          \"CurCode\": {\n            \"value\": \"<Error: Too many levels of nesting to fake this schema>\"\n          }\n        }\n      },\n      \"AcctTrnKeys\": {\n        \"AcctKeys\": {\n          \"AcctId\": \"amet\",\n          \"AcctType\": \"SDB\"\n        },\n        \"AcctTrnIdent\": \"non\"\n      },\n      \"AcctTrnStatus\": {\n        \"AcctTrnStatusCode\": \"exercitation ea\",\n        \"EffDt\": \"9695-25-46T30:56\"\n      }\n    }\n  ],\n  \"Status\": {\n    \"Severity\": \"Info\",\n    \"StatusCode\": \"aute fugiat\",\n    \"StatusDesc\": \"ipsum nulla\",\n    \"SvcProviderName\": \"enim proident\",\n    \"Id\": \"Lorem velit\",\n    \"ServerStatusCode\": \"commodo \",\n    \"ServerStatusDesc\": \"sint proident ut officia\",\n    \"OvrdExceptionInd\": true,\n    \"SubjectRole\": \"mollit labore ipsum aute\",\n    \"SubjectElement\": [\n      {\n        \"Path\": \"et sed\",\n        \"ServerPath\": \"ea aute\",\n        \"Value\": \"ad nisi commodo\"\n      },\n      {\n        \"Path\": \"in sed et\",\n        \"ServerPath\": \"ut nisi enim\",\n        \"Value\": \"in id non\"\n      }\n    ],\n    \"ContentHTML\": \"adipisicin\",\n    \"AdditionalStatus\": [\n      {\n        \"StatusCode\": \"laboris \",\n        \"StatusDesc\": \"adipisicing reprehenderit\",\n        \"Severity\": \"Info\",\n        \"SvcProviderName\": \"do amet\",\n        \"ServerStatusCode\": \"incididunt do\",\n        \"ServerStatusDesc\": \"culpa\",\n        \"OvrdExceptionInd\": false,\n        \"SubjectElement\": [\n          {\n            \"Path\": {\n              \"value\": \"<Error: Too many levels of nesting to fake this schema>\"\n            },\n            \"ServerPath\": {\n              \"value\": \"<Error: Too many levels of nesting to fake this schema>\"\n            },\n            \"Value\": {\n              \"value\": \"<Error: Too many levels of nesting to fake this schema>\"\n            }\n          },\n          {\n            \"Path\": {\n              \"value\": \"<Error: Too many levels of nesting to fake this schema>\"\n            },\n            \"ServerPath\": {\n              \"value\": \"<Error: Too many levels of nesting to fake this schema>\"\n            },\n            \"Value\": {\n              \"value\": \"<Error: Too many levels of nesting to fake this schema>\"\n            }\n          }\n        ]\n      },\n      {\n        \"StatusCode\": \"Ut aliqua\",\n        \"StatusDesc\": \"dolor\",\n        \"Severity\": \"Info\",\n        \"SvcProviderName\": \"dolore in\",\n        \"ServerStatusCode\": \"aliqua aliquip\",\n        \"ServerStatusDesc\": \"Ut reprehenderit est\",\n        \"OvrdExceptionInd\": true,\n        \"SubjectElement\": [\n          {\n            \"Path\": {\n              \"value\": \"<Error: Too many levels of nesting to fake this schema>\"\n            },\n            \"ServerPath\": {\n              \"value\": \"<Error: Too many levels of nesting to fake this schema>\"\n            },\n            \"Value\": {\n              \"value\": \"<Error: Too many levels of nesting to fake this schema>\"\n            }\n          },\n          {\n            \"Path\": {\n              \"value\": \"<Error: Too many levels of nesting to fake this schema>\"\n            },\n            \"ServerPath\": {\n              \"value\": \"<Error: Too many levels of nesting to fake this schema>\"\n            },\n            \"Value\": {\n              \"value\": \"<Error: Too many levels of nesting to fake this schema>\"\n            }\n          }\n        ]\n      }\n    ]\n  },\n  \"RecCtrlOut\": {\n    \"SentRecCount\": 79283006,\n    \"Cursor\": \"eiusmod in Lorem mollit non\"\n  }\n}","cookie":[],"_postman_previewlanguage":"json"}],"event":[],"protocolProfileBehavior":{"disableBodyPruning":true}}],"event":[]}],"event":[],"variable":[{"type":"string","value":"/","key":"baseUrl"}],"info":{"_postman_id":"d60e2e0f-c214-4d99-aa2d-5b72ad82d13a","name":"Account Transaction Service","schema":"https://schema.getpostman.com/json/collection/v2.1.0/collection.json","description":{"content":"The account transaction service performs the function of retrieving the monetary transaction history against a product account and is implemented in the AccTrnService service domain.<br>\nAn account is a product serviced by the financial institutions that has debit or credit balance in a particular currency.","type":"text/plain"}}}