{"item":[{"id":"1ecca424-f2b9-4c60-a633-1757ab106b57","name":"Delete Memo Tickler","description":{"content":"","type":"text/plain"},"item":[{"id":"ccc1f3e6-0009-45e3-bd12-ca312ebdd179","name":"Delete Memo Tickler.","request":{"name":"Delete Memo Tickler.","description":{"content":"Deletes a memo or tickler associated with an account or party.\n        <br>\n        For more information about the Transactions domain, <a href=\"../docs/?path=docs/fintechs/transactions.md\" title=\"Click to open\">click here.</a><br>\n        <br>\n        <b>Relates to:</b>\n          <ul> \n            <li><a href=\"../docs/?path=docs/banks-and-CU/deposits.md\" title=\"Click to open\">Deposits</a></li>\n            <li><a href=\"../docs/?path=docs/banks-and-CU/loans.md\" title=\"Click to open\">Loans</a></li>\n            <li><a href=\"../docs/?path=docs/banks-and-CU/bank-servicing.md\" title=\"Click to open\">Bank Servicing</a></li>\n          </ul>","type":"text/plain"},"url":{"path":["memoticklerservice","partyacctsvc","memotickler","secured"],"host":["{{baseUrl}}"],"query":[],"variable":[]},"header":[{"disabled":false,"description":"(Required) EFX Header is a common and required component for all API calls, it contains client-related parameters. Please note that the header parameters should be sent as a JSON object under the EFXHeader parameter. To view the list of header parameters, <a href=\"../docs?path=docs/api-ref-EFX-header.md\" title=\"Click to open\"> click here.</a>","key":"EFXHeader","value":"OrganizationId,<string>,TrnId,<string>,VendorId,<string>,Context,[object Object]"},{"key":"Content-Type","value":"application/json"},{"key":"Accept","value":"application/json"}],"method":"PUT","auth":null,"body":{"mode":"raw","raw":"{\n  \"MemoTicklerKeys\": {\n    \"AcctKeys\": {\n      \"AcctId\": \"<string>\",\n      \"AcctType\": \"<string>\"\n    },\n    \"MemoTicklerUse\": \"<string>\",\n    \"MemoTicklerIdent\": \"<string>\"\n  }\n}","options":{"raw":{"language":"json"}}}},"response":[{"id":"ef053e05-8e4b-442a-9e36-101705b99d19","name":"Success","originalRequest":{"url":{"path":["memoticklerservice","partyacctsvc","memotickler","secured"],"host":["{{baseUrl}}"],"query":[],"variable":[]},"header":[{"disabled":false,"description":"(Required) EFX Header is a common and required component for all API calls, it contains client-related parameters. Please note that the header parameters should be sent as a JSON object under the EFXHeader parameter. To view the list of header parameters, <a href=\"../docs?path=docs/api-ref-EFX-header.md\" title=\"Click to open\"> click here.</a>","key":"EFXHeader","value":"OrganizationId,<string>,TrnId,<string>,VendorId,<string>,Context,[object Object]"}],"method":"PUT","body":{"mode":"raw","raw":"{\n  \"MemoTicklerKeys\": {\n    \"AcctKeys\": {\n      \"AcctId\": \"<string>\",\n      \"AcctType\": \"<string>\"\n    },\n    \"MemoTicklerUse\": \"<string>\",\n    \"MemoTicklerIdent\": \"<string>\"\n  }\n}","options":{"raw":{"language":"json"}}}},"status":"OK","code":200,"header":[{"key":"Content-Type","value":"application/json"}],"body":"{\n  \"MemoTicklerStatusRec\": {\n    \"MemoTicklerKeys\": {\n      \"AcctKeys\": {\n        \"AcctId\": \"<string>\",\n        \"AcctType\": \"<string>\"\n      },\n      \"MemoTicklerUse\": \"Memo\",\n      \"MemoTicklerIdent\": \"minim Duis consectetur\"\n    },\n    \"MemoTicklerStatus\": {\n      \"MemoTicklerStatusCode\": \"Valid\",\n      \"EffDt\": \"2752-32-95\"\n    }\n  },\n  \"Status\": {\n    \"Severity\": \"Error\",\n    \"StatusCode\": \"incididunt \",\n    \"StatusDesc\": \"sunt laborum sint\",\n    \"SvcProviderName\": \"sint ad\",\n    \"Id\": \"aliquip Duis\",\n    \"ServerStatusCode\": \"enim\",\n    \"ServerStatusDesc\": \"et dolor Lorem velit\",\n    \"OvrdExceptionInd\": false,\n    \"SubjectRole\": \"do nostrud\",\n    \"SubjectElement\": [\n      {\n        \"Path\": \"est anim aute\",\n        \"ServerPath\": \"dolore cillum\",\n        \"Value\": \"consectetur sunt eu reprehenderit\"\n      },\n      {\n        \"Path\": \"ex eu\",\n        \"ServerPath\": \"aliqua id ullamco minim\",\n        \"Value\": \"Lorem aliqua veniam aute minim\"\n      }\n    ],\n    \"ContentHTML\": \"proident\",\n    \"AdditionalStatus\": [\n      {\n        \"StatusCode\": \"laborum eu in \",\n        \"StatusDesc\": \"ex aliquip\",\n        \"Severity\": \"Error\",\n        \"SvcProviderName\": \"sed ut sit consectetur\",\n        \"ServerStatusCode\": \"sed ipsum non\",\n        \"ServerStatusDesc\": \"in nisi commodo\",\n        \"OvrdExceptionInd\": false,\n        \"SubjectElement\": [\n          {\n            \"Path\": {\n              \"value\": \"<Error: Too many levels of nesting to fake this schema>\"\n            },\n            \"ServerPath\": {\n              \"value\": \"<Error: Too many levels of nesting to fake this schema>\"\n            },\n            \"Value\": {\n              \"value\": \"<Error: Too many levels of nesting to fake this schema>\"\n            }\n          },\n          {\n            \"Path\": {\n              \"value\": \"<Error: Too many levels of nesting to fake this schema>\"\n            },\n            \"ServerPath\": {\n              \"value\": \"<Error: Too many levels of nesting to fake this schema>\"\n            },\n            \"Value\": {\n              \"value\": \"<Error: Too many levels of nesting to fake this schema>\"\n            }\n          }\n        ]\n      },\n      {\n        \"StatusCode\": \"Duis l\",\n        \"StatusDesc\": \"ut reprehenderit tempor nulla\",\n        \"Severity\": \"Info\",\n        \"SvcProviderName\": \"incididunt enim veniam deserunt\",\n        \"ServerStatusCode\": \"sint occaecat\",\n        \"ServerStatusDesc\": \"voluptate in\",\n        \"OvrdExceptionInd\": false,\n        \"SubjectElement\": [\n          {\n            \"Path\": {\n              \"value\": \"<Error: Too many levels of nesting to fake this schema>\"\n            },\n            \"ServerPath\": {\n              \"value\": \"<Error: Too many levels of nesting to fake this schema>\"\n            },\n            \"Value\": {\n              \"value\": \"<Error: Too many levels of nesting to fake this schema>\"\n            }\n          },\n          {\n            \"Path\": {\n              \"value\": \"<Error: Too many levels of nesting to fake this schema>\"\n            },\n            \"ServerPath\": {\n              \"value\": \"<Error: Too many levels of nesting to fake this schema>\"\n            },\n            \"Value\": {\n              \"value\": \"<Error: Too many levels of nesting to fake this schema>\"\n            }\n          }\n        ]\n      }\n    ]\n  }\n}","cookie":[],"_postman_previewlanguage":"json"},{"id":"9c22500d-cb27-4768-93d2-37a43d321016","name":"To view the complete list of response codes, <a href=\"../docs/?path=docs/response-codes.md\" title=\"Click to open\">click here.</a>","originalRequest":{"url":{"path":["memoticklerservice","partyacctsvc","memotickler","secured"],"host":["{{baseUrl}}"],"query":[],"variable":[]},"header":[{"disabled":false,"description":"(Required) EFX Header is a common and required component for all API calls, it contains client-related parameters. Please note that the header parameters should be sent as a JSON object under the EFXHeader parameter. To view the list of header parameters, <a href=\"../docs?path=docs/api-ref-EFX-header.md\" title=\"Click to open\"> click here.</a>","key":"EFXHeader","value":"OrganizationId,<string>,TrnId,<string>,VendorId,<string>,Context,[object Object]"}],"method":"PUT","body":{"mode":"raw","raw":"{\n  \"MemoTicklerKeys\": {\n    \"AcctKeys\": {\n      \"AcctId\": \"<string>\",\n      \"AcctType\": \"<string>\"\n    },\n    \"MemoTicklerUse\": \"<string>\",\n    \"MemoTicklerIdent\": \"<string>\"\n  }\n}","options":{"raw":{"language":"json"}}}},"status":"Internal Server Error","code":500,"header":[{"key":"Content-Type","value":"application/json"}],"body":"{\n  \"MemoTicklerStatusRec\": {\n    \"MemoTicklerKeys\": {\n      \"AcctKeys\": {\n        \"AcctId\": \"<string>\",\n        \"AcctType\": \"<string>\"\n      },\n      \"MemoTicklerUse\": \"Tickler\",\n      \"MemoTicklerIdent\": \"in rep\"\n    },\n    \"MemoTicklerStatus\": {\n      \"MemoTicklerStatusCode\": \"Valid\",\n      \"EffDt\": \"4923-29-49T66:71:03.916\"\n    }\n  },\n  \"Status\": {\n    \"Severity\": \"Error\",\n    \"StatusCode\": \"Du\",\n    \"StatusDesc\": \"velit veniam dolor quis\",\n    \"SvcProviderName\": \"id in\",\n    \"Id\": \"anim in adipisicing voluptate pariatur\",\n    \"ServerStatusCode\": \"magna r\",\n    \"ServerStatusDesc\": \"sed non irure\",\n    \"OvrdExceptionInd\": true,\n    \"SubjectRole\": \"venia\",\n    \"SubjectElement\": [\n      {\n        \"Path\": \"occaecat\",\n        \"ServerPath\": \"Excepteur dolore enim ea\",\n        \"Value\": \"Excepteur ipsum commodo sed ut\"\n      },\n      {\n        \"Path\": \"cupidatat\",\n        \"ServerPath\": \"anim culpa tempor \",\n        \"Value\": \"anim incididunt consectetur occaecat nostrud\"\n      }\n    ],\n    \"ContentHTML\": \"est enim elit proi\",\n    \"AdditionalStatus\": [\n      {\n        \"StatusCode\": \"occ\",\n        \"StatusDesc\": \"nulla cillum dolor\",\n        \"Severity\": \"Info\",\n        \"SvcProviderName\": \"ex in sunt\",\n        \"ServerStatusCode\": \"eu quis\",\n        \"ServerStatusDesc\": \"nulla tempor min\",\n        \"OvrdExceptionInd\": true,\n        \"SubjectElement\": [\n          {\n            \"Path\": {\n              \"value\": \"<Error: Too many levels of nesting to fake this schema>\"\n            },\n            \"ServerPath\": {\n              \"value\": \"<Error: Too many levels of nesting to fake this schema>\"\n            },\n            \"Value\": {\n              \"value\": \"<Error: Too many levels of nesting to fake this schema>\"\n            }\n          },\n          {\n            \"Path\": {\n              \"value\": \"<Error: Too many levels of nesting to fake this schema>\"\n            },\n            \"ServerPath\": {\n              \"value\": \"<Error: Too many levels of nesting to fake this schema>\"\n            },\n            \"Value\": {\n              \"value\": \"<Error: Too many levels of nesting to fake this schema>\"\n            }\n          }\n        ]\n      },\n      {\n        \"StatusCode\": \"deserunt\",\n        \"StatusDesc\": \"ex velit magna voluptate\",\n        \"Severity\": \"Error\",\n        \"SvcProviderName\": \"fugiat cillum amet culpa proident\",\n        \"ServerStatusCode\": \"cillum dolore lab\",\n        \"ServerStatusDesc\": \"cillum exercitation\",\n        \"OvrdExceptionInd\": true,\n        \"SubjectElement\": [\n          {\n            \"Path\": {\n              \"value\": \"<Error: Too many levels of nesting to fake this schema>\"\n            },\n            \"ServerPath\": {\n              \"value\": \"<Error: Too many levels of nesting to fake this schema>\"\n            },\n            \"Value\": {\n              \"value\": \"<Error: Too many levels of nesting to fake this schema>\"\n            }\n          },\n          {\n            \"Path\": {\n              \"value\": \"<Error: Too many levels of nesting to fake this schema>\"\n            },\n            \"ServerPath\": {\n              \"value\": \"<Error: Too many levels of nesting to fake this schema>\"\n            },\n            \"Value\": {\n              \"value\": \"<Error: Too many levels of nesting to fake this schema>\"\n            }\n          }\n        ]\n      }\n    ]\n  }\n}","cookie":[],"_postman_previewlanguage":"json"}],"event":[],"protocolProfileBehavior":{"disableBodyPruning":true}}],"event":[]}],"event":[],"variable":[{"type":"string","value":"/","key":"baseUrl"}],"info":{"_postman_id":"d685319b-a563-4ef7-ab28-2fb6a06dc1a3","name":"Memo Tickler Service","schema":"https://schema.getpostman.com/json/collection/v2.1.0/collection.json","description":{"content":"Memo tickler service supports operations to manage memo and ticklers.\n    <br>\n    Memo and ticklers are used to notify the officers from financial institutions regarding important messages or actions that need to take place when interacting with the customer or performing a transaction to the customer's account.\n    <br>\n    Memo is a continuous message that does not require any specific action to be taken on it. Tickler is a one-time or recurring message which may require some specific action to be taken.","type":"text/plain"}}}