{"item":[{"id":"cb5bf71c-5e56-4b42-bef5-37ed6458945a","name":"cardsecure/api/v1","item":[{"id":"0ad50437-fde8-4177-95c8-b178b34c6d73","name":"A request to the tokenize endpoint returns a CardSecure token generated from the data provided in the request.","request":{"name":"A request to the tokenize endpoint returns a CardSecure token generated from the data provided in the request.","description":{"content":"A request to the tokenize endpoint returns a CardSecure token generated from the data provided in the request.\nEither the account or devicedata field must be provided. For information regarding the response codes generated by the CardPointe Gateway, please refer to our <a href=\"https://qa-developerstudio.fiserv.com/product/CardPointe/docs/?path=docs/APIs/CardSecureAPI.md&branch=develop#error-codes-and-messages\">Response Code documentation</a>.\n","type":"text/plain"},"url":{"path":["cardsecure","api","v1","ccn","tokenize"],"host":["{{baseUrl}}"],"query":[],"variable":[]},"header":[{"key":"Content-Type","value":"application/json"},{"key":"Accept","value":"application/json"}],"method":"POST","auth":null,"body":{"mode":"raw","raw":"{\n  \"account\": \"<string>\",\n  \"devicedata\": \"<string>\",\n  \"singature\": \"<string>\",\n  \"encryptionhandler\": \"<string>\",\n  \"expiry\": \"<integer>\",\n  \"cvv\": \"<integer>\",\n  \"unique\": \"<boolean>\"\n}","options":{"raw":{"language":"json"}}}},"response":[{"id":"fd591282-8528-4cce-b3b0-b85d150f99f6","name":"Success","originalRequest":{"url":{"path":["cardsecure","api","v1","ccn","tokenize"],"host":["{{baseUrl}}"],"query":[],"variable":[]},"header":[{"disabled":false,"description":"(Required) The content type. Valid value (application/json).","key":"Content-Type","value":"application/json"},{"key":"Accept","value":"application/json"}],"method":"POST","body":{"mode":"raw","raw":"{\n  \"account\": 4444333322221111\n}","options":{"raw":{"language":"json"}}}},"status":"OK","code":200,"header":[{"key":"Content-Type","value":"application/json"}],"body":"{\n  \"message\": \"No error\",\n  \"errorcode\": -78825436,\n  \"token\": \"mollit eu dolor\"\n}","cookie":[],"_postman_previewlanguage":"json"},{"id":"2757ee47-454e-4096-9125-8ab45077e6e6","name":"Not Found","originalRequest":{"url":{"path":["cardsecure","api","v1","ccn","tokenize"],"host":["{{baseUrl}}"],"query":[],"variable":[]},"header":[{"disabled":false,"description":"(Required) The content type. Valid value (application/json).","key":"Content-Type","value":"application/json"},{"key":"Accept","value":"application/json"}],"method":"POST","body":{"mode":"raw","raw":"{\n  \"account\": 4444333322221111\n}","options":{"raw":{"language":"json"}}}},"status":"Bad Request","code":400,"header":[{"key":"Content-Type","value":"application/json"}],"body":"{\n  \"message\": \"Data not found\",\n  \"errorcode\": 49\n}","cookie":[],"_postman_previewlanguage":"json"},{"id":"5cc89a8f-adef-4057-b37b-5a90db13e4f0","name":"Bad Request","originalRequest":{"url":{"path":["cardsecure","api","v1","ccn","tokenize"],"host":["{{baseUrl}}"],"query":[],"variable":[]},"header":[{"disabled":false,"description":"(Required) The content type. Valid value (application/json).","key":"Content-Type","value":"application/json"},{"key":"Accept","value":"application/json"}],"method":"POST","body":{"mode":"raw","raw":"{\n  \"account\": 4444333322221111\n}","options":{"raw":{"language":"json"}}}},"status":"Not Found","code":404,"header":[{"key":"Content-Type","value":"application/json"}],"body":"{\n  \"message\": \"Keystore invalid processor\",\n  \"errorcode\": 65\n}","cookie":[],"_postman_previewlanguage":"json"}],"event":[],"protocolProfileBehavior":{"disableBodyPruning":true}},{"id":"6f9c1f61-d1a0-4e8c-9d43-b18667ac6924","name":"Send a ping command to the server.","request":{"name":"Send a ping command to the server.","description":{"content":"A call to the echo service endpoint sends a ping command to the CardSecure server to verify the application's connection.","type":"text/plain"},"url":{"path":["cardsecure","api","v1","echo"],"host":["{{baseUrl}}"],"query":[],"variable":[]},"header":[{"key":"Content-Type","value":"application/JSON"},{"key":"Accept","value":"application/json"}],"method":"POST","auth":null,"body":{"mode":"raw","raw":"{\n  \"message\": \"<string>\"\n}","options":{"raw":{"language":"json"}}}},"response":[{"id":"f565cdee-42d9-4884-a983-c0f426677da0","name":"Success","originalRequest":{"url":{"path":["cardsecure","api","v1","echo"],"host":["{{baseUrl}}"],"query":[],"variable":[]},"header":[{"disabled":false,"description":"(Required) The content type. Valid value (application/json).","key":"Content-Type","value":"application/json"},{"key":"Accept","value":"application/json"}],"method":"POST","body":{"mode":"raw","raw":"{\n  \"message\": \"Hello?\"\n}","options":{"raw":{"language":"json"}}}},"status":"OK","code":200,"header":[{"key":"Content-Type","value":"application/json"}],"body":"{\n  \"message\": \"Hello?\",\n  \"errorcode\": 19229688\n}","cookie":[],"_postman_previewlanguage":"json"},{"id":"4463d57b-f0fd-4919-8bd4-6781e31cda5e","name":"Not Found","originalRequest":{"url":{"path":["cardsecure","api","v1","echo"],"host":["{{baseUrl}}"],"query":[],"variable":[]},"header":[{"disabled":false,"description":"(Required) The content type. Valid value (application/json).","key":"Content-Type","value":"application/json"},{"key":"Accept","value":"application/json"}],"method":"POST","body":{"mode":"raw","raw":"{\n  \"message\": \"Hello?\"\n}","options":{"raw":{"language":"json"}}}},"status":"Bad Request","code":400,"header":[{"key":"Content-Type","value":"application/json"}],"body":"{\n  \"message\": \"Data not found\",\n  \"errorcode\": 49\n}","cookie":[],"_postman_previewlanguage":"json"},{"id":"6f77a58c-1757-4cb7-9f7c-70c4c87f9a0d","name":"Bad Request","originalRequest":{"url":{"path":["cardsecure","api","v1","echo"],"host":["{{baseUrl}}"],"query":[],"variable":[]},"header":[{"disabled":false,"description":"(Required) The content type. Valid value (application/json).","key":"Content-Type","value":"application/json"},{"key":"Accept","value":"application/json"}],"method":"POST","body":{"mode":"raw","raw":"{\n  \"message\": \"Hello?\"\n}","options":{"raw":{"language":"json"}}}},"status":"Not Found","code":404,"header":[{"key":"Content-Type","value":"application/json"}],"body":"{\n  \"message\": \"Keystore invalid processor\",\n  \"errorcode\": 65\n}","cookie":[],"_postman_previewlanguage":"json"}],"event":[],"protocolProfileBehavior":{"disableBodyPruning":true}}],"event":[]}],"event":[],"variable":[{"type":"string","value":"DNE","key":"baseUrl"}],"info":{"_postman_id":"0a6baa13-2a13-4cd2-8286-d55d40e9ff72","name":"CardSecure API Service Endpoints","schema":"https://schema.getpostman.com/json/collection/v2.1.0/collection.json","description":{"content":"This API documentation provides technical guidance when utilizing CardSecure.","type":"text/plain"}}}