{"item":[{"id":"bca05f28-7778-48a8-87fc-2087acb198c8","name":"Get Product Specifications Secured","request":{"name":"Get Product Specifications Secured","description":{"content":"Get Product Specification API retrieves the product-level default information, which is necessary to create a new account. <br>For Precision, this API provides the ability to obtain a loan account number in advance of boarding the loan. Lending systems can then store the loan number in the loan application data and used when the loan is ready to be boarded onto Precision.<br> <br> To download the API Specifications and Postman Collection, click <a href=\"../docs/?path=docs/resources/resources.md\" title=\"Click to open\">Resources</a>.","type":"text/plain"},"url":{"path":["prodspecservice","servicing","prodspec","secured"],"host":["{{baseUrl}}"],"query":[],"variable":[]},"header":[{"disabled":false,"description":"(Required) EFX Header is a common and required component for all API calls, it contains client-related parameters. Please note that the header parameters should be sent as a JSON object under the EFXHeader parameter. To view the list of header parameters, <a href=\"../docs?path=docs/api-ref-EFX-header.md\" title=\"Click to open\"> click here.</a>","key":"EFXHeader","value":"OrganizationId,<string>,TrnId,<string>,VendorId,<string>,Context,[object Object]"},{"key":"Content-Type","value":"application/json"},{"key":"Accept","value":"application/json"}],"method":"POST","auth":null,"body":{"mode":"raw","raw":"{\n  \"ProdSpecSel\": {\n    \"ProductIdent\": \"<string>\",\n    \"ProdSpecKeys\": \"<object>\",\n    \"AcctType\": \"<string>\",\n    \"GenerateAcctNum\": \"<boolean>\",\n    \"BranchIdent\": \"<string>\"\n  }\n}","options":{"raw":{"language":"json"}}}},"response":[{"id":"699fe8c3-f06e-49d5-833d-578be7d31321","name":"Success","originalRequest":{"url":{"path":["prodspecservice","servicing","prodspec","secured"],"host":["{{baseUrl}}"],"query":[],"variable":[]},"header":[{"disabled":false,"description":"(Required) EFX Header is a common and required component for all API calls, it contains client-related parameters. Please note that the header parameters should be sent as a JSON object under the EFXHeader parameter. To view the list of header parameters, <a href=\"../docs?path=docs/api-ref-EFX-header.md\" title=\"Click to open\"> click here.</a>","key":"EFXHeader","value":"OrganizationId,<string>,TrnId,<string>,VendorId,<string>,Context,[object Object]"},{"key":"Accept","value":"application/json"}],"method":"POST","body":{"mode":"raw","raw":"{\n  \"ProdSpecSel\": {\n    \"ProductIdent\": \"<string>\",\n    \"ProdSpecKeys\": \"<object>\",\n    \"AcctType\": \"<string>\",\n    \"GenerateAcctNum\": \"<boolean>\",\n    \"BranchIdent\": \"<string>\"\n  }\n}","options":{"raw":{"language":"json"}}}},"status":"OK","code":200,"header":[{"key":"Content-Type","value":"application/json"}],"body":"{\n  \"ProdSpecRec\": {\n    \"ProdSpecKeys\": {\n      \"ProductIdent\": \"ex nulla nostrud labo\",\n      \"AcctType\": \"Loan\"\n    },\n    \"ProdSpecStatus\": {\n      \"ProdSpecStatusCode\": \"Valid\",\n      \"EffDt\": \"1936-63-88T94:69\"\n    },\n    \"LoanProdSpecInfo\": {\n      \"Brand\": \"cupidatat amet esse sint laboris\",\n      \"AcctIdent\": [\n        {\n          \"AcctIdentType\": \"AcctNum\",\n          \"AcctIdentValue\": \"adipisicing elit qui tempor\"\n        },\n        {\n          \"AcctIdentType\": \"AcctNum\",\n          \"AcctIdentValue\": \"ex laborum dolore labore\"\n        }\n      ],\n      \"InitialAmount\": {\n        \"Amt\": 42001647.971146524,\n        \"CurCode\": {\n          \"CurCodeValue\": \"consectetur exercitation dolore\",\n          \"CurCodeType\": \"ISO4217-Alpha\"\n        }\n      },\n      \"Term\": {\n        \"TermUnits\": \"Months\",\n        \"Count\": -20215160\n      },\n      \"AccountingMethod\": \"eu\",\n      \"ClassCode\": \"dolore\",\n      \"ClassCodeEnumDesc\": \"in Lorem commodo\",\n      \"NoticeData\": [\n        {\n          \"NoticeType\": \"PmtBillingNotice\",\n          \"NoticeTypeEnumDesc\": \"elit non ullamco\",\n          \"NoticeOption\": \"NoNotice\",\n          \"NoticeOptionEnumDesc\": \"qui aliquip\",\n          \"HandlingCode\": \"proident do aliquip\",\n          \"LeadDays\": 29894702\n        },\n        {\n          \"NoticeType\": \"RightToCure\",\n          \"NoticeTypeEnumDesc\": \"cillum voluptate\",\n          \"NoticeOption\": \"NoNotice\",\n          \"NoticeOptionEnumDesc\": \"et ut velit\",\n          \"HandlingCode\": \"ex ad\",\n          \"LeadDays\": -75989847\n        }\n      ],\n      \"Rate\": -39832843.43126119,\n      \"EffectiveRate\": -8232629.423895776,\n      \"IntRateData\": {\n        \"AccrualMethod\": \"Amortized\",\n        \"AccrualMethodEnumDesc\": \"id dolore \",\n        \"DailyAccrual\": \"Standard360\",\n        \"MinimumInterest\": 38097429.58221558\n      },\n      \"MaturityIntCalcData\": {\n        \"MaturityIntRateType\": \"CurrentRate\",\n        \"MaturityIntRateTypeEnumDesc\": \"consectetur quis\",\n        \"MaturityIntRate\": 89400533.1741142,\n        \"MaturityIntInterval\": -92276378\n      },\n      \"RateChangeData\": [\n        {\n          \"RateChangeControl\": \"IndexFreq\",\n          \"BasedOnCode\": \"id nisi reprehenderit sit eu\",\n          \"BasedOnValue\": 62595935.36432603,\n          \"RateVariance\": -9495526.46950686,\n          \"PendingRate\": [\n            {\n              \"value\": \"<Error: Too many levels of nesting to fake this schema>\"\n            },\n            {\n              \"value\": \"<Error: Too many levels of nesting to fake this schema>\"\n            }\n          ],\n          \"FloorRate\": -84877225.07912752,\n          \"CeilingRate\": 3245313.123961553,\n          \"MinRateChange\": 2389626.549413711,\n          \"MaxRateChange\": 3859427.8178836256,\n          \"RoundingOption\": \"RoundDown\",\n          \"RoundingFactor\": -24374576.20112382,\n          \"RateChangeRecurType\": \"Weekly\",\n          \"RecurInterval\": 37861737,\n          \"LeadDays\": -90685684,\n          \"LeadDaysOption\": \"Business\",\n          \"NextRateChangeDt\": \"2013-09-06\"\n        },\n        {\n          \"RateChangeControl\": \"PeriodReview\",\n          \"BasedOnCode\": \"non anim amet\",\n          \"BasedOnValue\": -71014348.24372563,\n          \"RateVariance\": 23087733.184634507,\n          \"PendingRate\": [\n            {\n              \"value\": \"<Error: Too many levels of nesting to fake this schema>\"\n            },\n            {\n              \"value\": \"<Error: Too many levels of nesting to fake this schema>\"\n            }\n          ],\n          \"FloorRate\": -68823963.94141188,\n          \"CeilingRate\": 10317602.920848623,\n          \"MinRateChange\": 17360218.808622777,\n          \"MaxRateChange\": 78577752.33345312,\n          \"RoundingOption\": \"None\",\n          \"RoundingFactor\": 94924289.01445925,\n          \"RateChangeRecurType\": \"Monthly\",\n          \"RecurInterval\": 22394743,\n          \"LeadDays\": -89892524,\n          \"LeadDaysOption\": \"Calendar\",\n          \"NextRateChangeDt\": \"1963-05-04\"\n        }\n      ],\n      \"IntReportingCode\": \"1099AAnd1099C\",\n      \"Fee\": [\n        {\n          \"FeeType\": \"LateFee\",\n          \"FeeOption\": \"do laborum\",\n          \"FeeOptionEnumDesc\": \"fugiat ullamco\",\n          \"CurAmt\": {\n            \"Amt\": {\n              \"value\": \"<Error: Too many levels of nesting to fake this schema>\"\n            },\n            \"CurCode\": {\n              \"value\": \"<Error: Too many levels of nesting to fake this schema>\"\n            }\n          },\n          \"FeeEarningData\": {\n            \"EarningMethod\": {\n              \"value\": \"<Error: Too many levels of nesting to fake this schema>\"\n            },\n            \"Term\": {\n              \"value\": \"<Error: Too many levels of nesting to fake this schema>\"\n            }\n          },\n          \"FeeCollectedAmt\": {\n            \"Amt\": {\n              \"value\": \"<Error: Too many levels of nesting to fake this schema>\"\n            },\n            \"CurCode\": {\n              \"value\": \"<Error: Too many levels of nesting to fake this schema>\"\n            }\n          }\n        },\n        {\n          \"FeeType\": \"LateFee\",\n          \"FeeOption\": \"nostrud reprehenderit qui\",\n          \"FeeOptionEnumDesc\": \"ut\",\n          \"CurAmt\": {\n            \"Amt\": {\n              \"value\": \"<Error: Too many levels of nesting to fake this schema>\"\n            },\n            \"CurCode\": {\n              \"value\": \"<Error: Too many levels of nesting to fake this schema>\"\n            }\n          },\n          \"FeeEarningData\": {\n            \"EarningMethod\": {\n              \"value\": \"<Error: Too many levels of nesting to fake this schema>\"\n            },\n            \"Term\": {\n              \"value\": \"<Error: Too many levels of nesting to fake this schema>\"\n            }\n          },\n          \"FeeCollectedAmt\": {\n            \"Amt\": {\n              \"value\": \"<Error: Too many levels of nesting to fake this schema>\"\n            },\n            \"CurCode\": {\n              \"value\": \"<Error: Too many levels of nesting to fake this schema>\"\n            }\n          }\n        }\n      ],\n      \"CallReportCode\": \"ipsum consectetur dolore\",\n      \"PurchasedLoanCode\": \"labore dolore sunt reprehenderit\",\n      \"PurchasedLoanCodeEnumDesc\": \"magna cupidatat\",\n      \"PurposeDesc\": \"velit ipsum elit veniam voluptate\",\n      \"SecuredLoanInd\": true,\n      \"CollateralCode\": \"ad\",\n      \"CollateralCodeEnumDesc\": \"laborum aliquip cons\",\n      \"LoanNoteType\": \"Balloon\",\n      \"CapitalizationOption\": \"NegativeAmortization\",\n      \"NegativeAmortData\": {\n        \"MaxLoanPercent\": 37764520.24184427,\n        \"PaymentCap\": 83434089.33204582,\n        \"FullyReamortizationTerm\": -45513652,\n        \"ReamortizationInterval\": 609602,\n        \"DaysToRespond\": -36788063,\n        \"NextFullyReamortizationDt\": \"1967-06-27\"\n      },\n      \"RevolvingLoanCode\": \"CreditLimit\",\n      \"Insurance\": [\n        {\n          \"ProductIdent\": \"temp\",\n          \"InsuranceType\": \"CreditLife\",\n          \"InsuranceCalcOption\": \"6\",\n          \"InsuranceCalcOptionEnumDesc\": \"do\",\n          \"Term\": {\n            \"TermUnits\": {\n              \"value\": \"<Error: Too many levels of nesting to fake this schema>\"\n            },\n            \"Count\": {\n              \"value\": \"<Error: Too many levels of nesting to fake this schema>\"\n            }\n          },\n          \"PrepaidInsuranceAmt\": {\n            \"Amt\": {\n              \"value\": \"<Error: Too many levels of nesting to fake this schema>\"\n            },\n            \"CurCode\": {\n              \"value\": \"<Error: Too many levels of nesting to fake this schema>\"\n            }\n          }\n        },\n        {\n          \"ProductIdent\": \"adipisicing dolor\",\n          \"InsuranceType\": \"AccidentAndHealth\",\n          \"InsuranceCalcOption\": \"2\",\n          \"InsuranceCalcOptionEnumDesc\": \"nisi in ut fugiat\",\n          \"Term\": {\n            \"TermUnits\": {\n              \"value\": \"<Error: Too many levels of nesting to fake this schema>\"\n            },\n            \"Count\": {\n              \"value\": \"<Error: Too many levels of nesting to fake this schema>\"\n            }\n          },\n          \"PrepaidInsuranceAmt\": {\n            \"Amt\": {\n              \"value\": \"<Error: Too many levels of nesting to fake this schema>\"\n            },\n            \"CurCode\": {\n              \"value\": \"<Error: Too many levels of nesting to fake this schema>\"\n            }\n          }\n        }\n      ],\n      \"BalloonTerm\": {\n        \"TermUnits\": \"Months\",\n        \"Count\": 58518044\n      },\n      \"CreditLineCode\": \"sed mollit non\",\n      \"CreditLineCodeEnumDesc\": \"nostrud ea amet non et\",\n      \"CreditLineCycle\": 72645443,\n      \"NextAnniversaryFeeDt\": \"2010-04-01\",\n      \"OverpayOption\": \"ullamco in dolor id incididunt\",\n      \"OverpayOptionEnumDesc\": \"ad Lo\",\n      \"PrincipalCurtailmentOption\": \"esse \",\n      \"PrincipalCurtailmentOptionEnumDesc\": \"ea\",\n      \"DelinquentRateData\": {\n        \"DelinquentRateType\": \"culpa\",\n        \"DelinquentRateTypeEnumDesc\": \"incididunt sunt ad\",\n        \"DelinquentIntRate\": 98714824.1871373,\n        \"DelinquentDays\": -96190772\n      },\n      \"ReviewPlanData\": [\n        {\n          \"ReviewPlanIdent\": \"ut\",\n          \"ReviewPlanStartDt\": \"1993-06-25\",\n          \"ReviewPlanExpDt\": \"2022-05-09\",\n          \"ActiveCondition\": \"Excepteur irure\"\n        },\n        {\n          \"ReviewPlanIdent\": \"commodo conse\",\n          \"ReviewPlanStartDt\": \"2020-11-01\",\n          \"ReviewPlanExpDt\": \"2009-07-14\",\n          \"ActiveCondition\": \"veniam \"\n        }\n      ],\n      \"PrepayPenalty\": {\n        \"PrepayPenaltyCode\": \"in \",\n        \"PrepayPenaltyCodeEnumDesc\": \"magna nulla la\"\n      },\n      \"Dealer\": [\n        {\n          \"DealerIdent\": \"aliquip anim\",\n          \"DealerReserveType\": \"fugiat eu\",\n          \"DealerReserveRate\": 25849929.24653484,\n          \"DealerReserveAmt\": {\n            \"Amt\": {\n              \"value\": \"<Error: Too many levels of nesting to fake this schema>\"\n            },\n            \"CurCode\": {\n              \"value\": \"<Error: Too many levels of nesting to fake this schema>\"\n            }\n          },\n          \"DealerFixedFeeAmt\": {\n            \"Amt\": {\n              \"value\": \"<Error: Too many levels of nesting to fake this schema>\"\n            },\n            \"CurCode\": {\n              \"value\": \"<Error: Too many levels of nesting to fake this schema>\"\n            }\n          },\n          \"DealerReportStatus\": \"PaidOffLoan\",\n          \"Condition\": \"WithRecourse\",\n          \"DealerMaxAmt\": {\n            \"Amt\": {\n              \"value\": \"<Error: Too many levels of nesting to fake this schema>\"\n            },\n            \"CurCode\": {\n              \"value\": \"<Error: Too many levels of nesting to fake this schema>\"\n            }\n          },\n          \"PayoffOption\": \"Simple\",\n          \"RecourseDays\": 67408807,\n          \"RecoursePct\": 71854306.65112698\n        },\n        {\n          \"DealerIdent\": \"ea dolore\",\n          \"DealerReserveType\": \"Lorem voluptate quis amet nostrud\",\n          \"DealerReserveRate\": -68989300.44363944,\n          \"DealerReserveAmt\": {\n            \"Amt\": {\n              \"value\": \"<Error: Too many levels of nesting to fake this schema>\"\n            },\n            \"CurCode\": {\n              \"value\": \"<Error: Too many levels of nesting to fake this schema>\"\n            }\n          },\n          \"DealerFixedFeeAmt\": {\n            \"Amt\": {\n              \"value\": \"<Error: Too many levels of nesting to fake this schema>\"\n            },\n            \"CurCode\": {\n              \"value\": \"<Error: Too many levels of nesting to fake this schema>\"\n            }\n          },\n          \"DealerReportStatus\": \"NewLoan\",\n          \"Condition\": \"SpecialAgreement\",\n          \"DealerMaxAmt\": {\n            \"Amt\": {\n              \"value\": \"<Error: Too many levels of nesting to fake this schema>\"\n            },\n            \"CurCode\": {\n              \"value\": \"<Error: Too many levels of nesting to fake this schema>\"\n            }\n          },\n          \"PayoffOption\": \"Recourse\",\n          \"RecourseDays\": 58115477,\n          \"RecoursePct\": -26490708.87618658\n        }\n      ]\n    }\n  },\n  \"Status\": {\n    \"Severity\": \"Error\",\n    \"StatusCode\": \"sit\",\n    \"StatusDesc\": \"consectetur sed rep\",\n    \"SvcProviderName\": \"occaecat est\",\n    \"Id\": \"ut ex cupidatat in\",\n    \"ServerStatusCode\": \"dol\",\n    \"ServerStatusDesc\": \"offi\",\n    \"OvrdExceptionInd\": false,\n    \"SubjectRole\": \"irure sit\",\n    \"SubjectElement\": [\n      {\n        \"Path\": \"eiusmod deserunt\",\n        \"ServerPath\": \"incididunt proident\",\n        \"Value\": \"esse in ex pariatur nisi\"\n      },\n      {\n        \"Path\": \"nisi nostrud\",\n        \"ServerPath\": \"sint commodo sed\",\n        \"Value\": \"qui enim eu aute id\"\n      }\n    ],\n    \"ContentHTML\": \"in sint in\",\n    \"AdditionalStatus\": [\n      {\n        \"StatusCode\": \"non a\",\n        \"StatusDesc\": \"in voluptate commodo\",\n        \"Severity\": \"Error\",\n        \"SvcProviderName\": \"minim\",\n        \"ServerStatusCode\": \"n\",\n        \"ServerStatusDesc\": \"ea\",\n        \"OvrdExceptionInd\": true,\n        \"SubjectElement\": [\n          {\n            \"Path\": \"consectetur Lorem ipsum\",\n            \"ServerPath\": \"magna exercitation\",\n            \"Value\": \"est nisi\"\n          },\n          {\n            \"Path\": \"ea commodo\",\n            \"ServerPath\": \"ut nulla laborum occaecat\",\n            \"Value\": \"consequat incididunt\"\n          }\n        ]\n      },\n      {\n        \"StatusCode\": \"esse i\",\n        \"StatusDesc\": \"esse tempor mollit dolor\",\n        \"Severity\": \"Error\",\n        \"SvcProviderName\": \"est fugiat adipisicing dolor\",\n        \"ServerStatusCode\": \"nulla est sit\",\n        \"ServerStatusDesc\": \"exerci\",\n        \"OvrdExceptionInd\": true,\n        \"SubjectElement\": [\n          {\n            \"Path\": \"aute amet nostrud nisi\",\n            \"ServerPath\": \"officia commodo\",\n            \"Value\": \"dolore pariatur ipsum\"\n          },\n          {\n            \"Path\": \"eiusmod\",\n            \"ServerPath\": \"anim magna quis ad\",\n            \"Value\": \"incididunt\"\n          }\n        ]\n      }\n    ]\n  }\n}","cookie":[],"_postman_previewlanguage":"json"},{"id":"97f523e6-0044-41e4-9b32-b5174ea6f1ac","name":"To view the complete list of response codes, <a href=\"../docs/?path=docs/response-codes.md\" title=\"Click to open\">click here.</a>","originalRequest":{"url":{"path":["prodspecservice","servicing","prodspec","secured"],"host":["{{baseUrl}}"],"query":[],"variable":[]},"header":[{"disabled":false,"description":"(Required) EFX Header is a common and required component for all API calls, it contains client-related parameters. Please note that the header parameters should be sent as a JSON object under the EFXHeader parameter. To view the list of header parameters, <a href=\"../docs?path=docs/api-ref-EFX-header.md\" title=\"Click to open\"> click here.</a>","key":"EFXHeader","value":"OrganizationId,<string>,TrnId,<string>,VendorId,<string>,Context,[object Object]"},{"key":"Accept","value":"application/json"}],"method":"POST","body":{"mode":"raw","raw":"{\n  \"ProdSpecSel\": {\n    \"ProductIdent\": \"<string>\",\n    \"ProdSpecKeys\": \"<object>\",\n    \"AcctType\": \"<string>\",\n    \"GenerateAcctNum\": \"<boolean>\",\n    \"BranchIdent\": \"<string>\"\n  }\n}","options":{"raw":{"language":"json"}}}},"status":"Internal Server Error","code":500,"header":[{"key":"Content-Type","value":"application/json"}],"body":"{\n  \"ProdSpecRec\": {\n    \"ProdSpecKeys\": {\n      \"ProductIdent\": \"quis eiusmod occ\",\n      \"AcctType\": \"Loan\"\n    },\n    \"ProdSpecStatus\": {\n      \"ProdSpecStatusCode\": \"Valid\",\n      \"EffDt\": \"8617-14-52T82:86\"\n    },\n    \"LoanProdSpecInfo\": {\n      \"Brand\": \"dolor dolore Ut dolore\",\n      \"AcctIdent\": [\n        {\n          \"AcctIdentType\": \"AcctNum\",\n          \"AcctIdentValue\": \"non Lorem consequat\"\n        },\n        {\n          \"AcctIdentType\": \"AcctNum\",\n          \"AcctIdentValue\": \"ut veniam enim ex id\"\n        }\n      ],\n      \"InitialAmount\": {\n        \"Amt\": -41521216.36250667,\n        \"CurCode\": {\n          \"CurCodeValue\": \"in proident\",\n          \"CurCodeType\": \"ISO4217-Alpha\"\n        }\n      },\n      \"Term\": {\n        \"TermUnits\": \"Months\",\n        \"Count\": 87562635\n      },\n      \"AccountingMethod\": \"est\",\n      \"ClassCode\": \"in\",\n      \"ClassCodeEnumDesc\": \"fugiat s\",\n      \"NoticeData\": [\n        {\n          \"NoticeType\": \"YearEndHistory\",\n          \"NoticeTypeEnumDesc\": \"ut do co\",\n          \"NoticeOption\": \"GenerateNotice\",\n          \"NoticeOptionEnumDesc\": \"commodo pariatur ad\",\n          \"HandlingCode\": \"irure aliquip non quis nostrud\",\n          \"LeadDays\": -93747945\n        },\n        {\n          \"NoticeType\": \"DealerUnit\",\n          \"NoticeTypeEnumDesc\": \"veniam\",\n          \"NoticeOption\": \"NoNotice\",\n          \"NoticeOptionEnumDesc\": \"Lorem ex\",\n          \"HandlingCode\": \"elit Ut esse\",\n          \"LeadDays\": 3997970\n        }\n      ],\n      \"Rate\": 67692621.57076067,\n      \"EffectiveRate\": 59476754.63700378,\n      \"IntRateData\": {\n        \"AccrualMethod\": \"AmortizedFirstPmtDt\",\n        \"AccrualMethodEnumDesc\": \"Excepteur\",\n        \"DailyAccrual\": \"Standard365\",\n        \"MinimumInterest\": 93618782.4269557\n      },\n      \"MaturityIntCalcData\": {\n        \"MaturityIntRateType\": \"CurrentRateInPeriod\",\n        \"MaturityIntRateTypeEnumDesc\": \"quis esse ullamco adipisicing reprehenderit\",\n        \"MaturityIntRate\": 45810978.68277261,\n        \"MaturityIntInterval\": -2010900\n      },\n      \"RateChangeData\": [\n        {\n          \"RateChangeControl\": \"PeriodReview\",\n          \"BasedOnCode\": \"tempor consequat consectetur\",\n          \"BasedOnValue\": 42440622.20169592,\n          \"RateVariance\": -4942797.489973888,\n          \"PendingRate\": [\n            {\n              \"value\": \"<Error: Too many levels of nesting to fake this schema>\"\n            },\n            {\n              \"value\": \"<Error: Too many levels of nesting to fake this schema>\"\n            }\n          ],\n          \"FloorRate\": -26562961.573552847,\n          \"CeilingRate\": -72617314.74078977,\n          \"MinRateChange\": 82251251.39037868,\n          \"MaxRateChange\": 54982978.565427184,\n          \"RoundingOption\": \"RoundUp\",\n          \"RoundingFactor\": -43745119.847623885,\n          \"RateChangeRecurType\": \"Weekly\",\n          \"RecurInterval\": -36422941,\n          \"LeadDays\": -62769775,\n          \"LeadDaysOption\": \"Business\",\n          \"NextRateChangeDt\": \"1967-02-15\"\n        },\n        {\n          \"RateChangeControl\": \"IndexFreq\",\n          \"BasedOnCode\": \"pariatur exercitation qui\",\n          \"BasedOnValue\": 64717613.01638311,\n          \"RateVariance\": -18270502.90481624,\n          \"PendingRate\": [\n            {\n              \"value\": \"<Error: Too many levels of nesting to fake this schema>\"\n            },\n            {\n              \"value\": \"<Error: Too many levels of nesting to fake this schema>\"\n            }\n          ],\n          \"FloorRate\": -30984345.774595916,\n          \"CeilingRate\": -19864218.36968586,\n          \"MinRateChange\": 2725887.96180661,\n          \"MaxRateChange\": 1242998.4975985289,\n          \"RoundingOption\": \"RoundDown\",\n          \"RoundingFactor\": -33333403.460288256,\n          \"RateChangeRecurType\": \"Monthly\",\n          \"RecurInterval\": -98880745,\n          \"LeadDays\": 68177533,\n          \"LeadDaysOption\": \"Business\",\n          \"NextRateChangeDt\": \"2004-11-28\"\n        }\n      ],\n      \"IntReportingCode\": \"1099AAnd1099C\",\n      \"Fee\": [\n        {\n          \"FeeType\": \"FASBCost\",\n          \"FeeOption\": \"do ullamco proi\",\n          \"FeeOptionEnumDesc\": \"aute dolore ea sint\",\n          \"CurAmt\": {\n            \"Amt\": {\n              \"value\": \"<Error: Too many levels of nesting to fake this schema>\"\n            },\n            \"CurCode\": {\n              \"value\": \"<Error: Too many levels of nesting to fake this schema>\"\n            }\n          },\n          \"FeeEarningData\": {\n            \"EarningMethod\": {\n              \"value\": \"<Error: Too many levels of nesting to fake this schema>\"\n            },\n            \"Term\": {\n              \"value\": \"<Error: Too many levels of nesting to fake this schema>\"\n            }\n          },\n          \"FeeCollectedAmt\": {\n            \"Amt\": {\n              \"value\": \"<Error: Too many levels of nesting to fake this schema>\"\n            },\n            \"CurCode\": {\n              \"value\": \"<Error: Too many levels of nesting to fake this schema>\"\n            }\n          }\n        },\n        {\n          \"FeeType\": \"FASBCost\",\n          \"FeeOption\": \"aliqua quis ut\",\n          \"FeeOptionEnumDesc\": \"nisi incididunt dolor consequat\",\n          \"CurAmt\": {\n            \"Amt\": {\n              \"value\": \"<Error: Too many levels of nesting to fake this schema>\"\n            },\n            \"CurCode\": {\n              \"value\": \"<Error: Too many levels of nesting to fake this schema>\"\n            }\n          },\n          \"FeeEarningData\": {\n            \"EarningMethod\": {\n              \"value\": \"<Error: Too many levels of nesting to fake this schema>\"\n            },\n            \"Term\": {\n              \"value\": \"<Error: Too many levels of nesting to fake this schema>\"\n            }\n          },\n          \"FeeCollectedAmt\": {\n            \"Amt\": {\n              \"value\": \"<Error: Too many levels of nesting to fake this schema>\"\n            },\n            \"CurCode\": {\n              \"value\": \"<Error: Too many levels of nesting to fake this schema>\"\n            }\n          }\n        }\n      ],\n      \"CallReportCode\": \"aliquip eu\",\n      \"PurchasedLoanCode\": \"id veli\",\n      \"PurchasedLoanCodeEnumDesc\": \"ea Lorem\",\n      \"PurposeDesc\": \"Duis\",\n      \"SecuredLoanInd\": true,\n      \"CollateralCode\": \"consequat Lorem reprehenderit voluptate ut\",\n      \"CollateralCodeEnumDesc\": \"do fugiat\",\n      \"LoanNoteType\": \"Demand\",\n      \"CapitalizationOption\": \"NegativeAmortization\",\n      \"NegativeAmortData\": {\n        \"MaxLoanPercent\": 66608612.527369976,\n        \"PaymentCap\": -21823418.645262375,\n        \"FullyReamortizationTerm\": -66295643,\n        \"ReamortizationInterval\": -25874318,\n        \"DaysToRespond\": -79934082,\n        \"NextFullyReamortizationDt\": \"2009-04-27\"\n      },\n      \"RevolvingLoanCode\": \"AdvanceLimit\",\n      \"Insurance\": [\n        {\n          \"ProductIdent\": \"anim ea in\",\n          \"InsuranceType\": \"Other\",\n          \"InsuranceCalcOption\": \"2\",\n          \"InsuranceCalcOptionEnumDesc\": \"Excepteur nulla minim\",\n          \"Term\": {\n            \"TermUnits\": {\n              \"value\": \"<Error: Too many levels of nesting to fake this schema>\"\n            },\n            \"Count\": {\n              \"value\": \"<Error: Too many levels of nesting to fake this schema>\"\n            }\n          },\n          \"PrepaidInsuranceAmt\": {\n            \"Amt\": {\n              \"value\": \"<Error: Too many levels of nesting to fake this schema>\"\n            },\n            \"CurCode\": {\n              \"value\": \"<Error: Too many levels of nesting to fake this schema>\"\n            }\n          }\n        },\n        {\n          \"ProductIdent\": \"cillum sed aliqui\",\n          \"InsuranceType\": \"Other\",\n          \"InsuranceCalcOption\": \"4\",\n          \"InsuranceCalcOptionEnumDesc\": \"Ut quis ea\",\n          \"Term\": {\n            \"TermUnits\": {\n              \"value\": \"<Error: Too many levels of nesting to fake this schema>\"\n            },\n            \"Count\": {\n              \"value\": \"<Error: Too many levels of nesting to fake this schema>\"\n            }\n          },\n          \"PrepaidInsuranceAmt\": {\n            \"Amt\": {\n              \"value\": \"<Error: Too many levels of nesting to fake this schema>\"\n            },\n            \"CurCode\": {\n              \"value\": \"<Error: Too many levels of nesting to fake this schema>\"\n            }\n          }\n        }\n      ],\n      \"BalloonTerm\": {\n        \"TermUnits\": \"Months\",\n        \"Count\": -89463906\n      },\n      \"CreditLineCode\": \"est reprehenderit\",\n      \"CreditLineCodeEnumDesc\": \"nulla occaeca\",\n      \"CreditLineCycle\": 2811979,\n      \"NextAnniversaryFeeDt\": \"2009-04-01\",\n      \"OverpayOption\": \"Excepteur occaecat \",\n      \"OverpayOptionEnumDesc\": \"amet dolore cupidatat irure\",\n      \"PrincipalCurtailmentOption\": \"dolor adipisicing culpa sit\",\n      \"PrincipalCurtailmentOptionEnumDesc\": \"amet dolor esse ea\",\n      \"DelinquentRateData\": {\n        \"DelinquentRateType\": \"officia Lorem cupidatat\",\n        \"DelinquentRateTypeEnumDesc\": \"ipsum aliqua ea\",\n        \"DelinquentIntRate\": 58165454.27812949,\n        \"DelinquentDays\": 17938240\n      },\n      \"ReviewPlanData\": [\n        {\n          \"ReviewPlanIdent\": \"Excepte\",\n          \"ReviewPlanStartDt\": \"1998-07-16\",\n          \"ReviewPlanExpDt\": \"1961-06-02\",\n          \"ActiveCondition\": \"esse ex\"\n        },\n        {\n          \"ReviewPlanIdent\": \"adipisicin\",\n          \"ReviewPlanStartDt\": \"1986-10-15\",\n          \"ReviewPlanExpDt\": \"2020-04-25\",\n          \"ActiveCondition\": \"voluptate deserunt elit ea ut\"\n        }\n      ],\n      \"PrepayPenalty\": {\n        \"PrepayPenaltyCode\": \"ex qui aliqua ullamco\",\n        \"PrepayPenaltyCodeEnumDesc\": \"nulla aute\"\n      },\n      \"Dealer\": [\n        {\n          \"DealerIdent\": \"aliquip\",\n          \"DealerReserveType\": \"non dolor culpa aute\",\n          \"DealerReserveRate\": 14190495.841745764,\n          \"DealerReserveAmt\": {\n            \"Amt\": {\n              \"value\": \"<Error: Too many levels of nesting to fake this schema>\"\n            },\n            \"CurCode\": {\n              \"value\": \"<Error: Too many levels of nesting to fake this schema>\"\n            }\n          },\n          \"DealerFixedFeeAmt\": {\n            \"Amt\": {\n              \"value\": \"<Error: Too many levels of nesting to fake this schema>\"\n            },\n            \"CurCode\": {\n              \"value\": \"<Error: Too many levels of nesting to fake this schema>\"\n            }\n          },\n          \"DealerReportStatus\": \"NewLoan\",\n          \"Condition\": \"WithRecourse\",\n          \"DealerMaxAmt\": {\n            \"Amt\": {\n              \"value\": \"<Error: Too many levels of nesting to fake this schema>\"\n            },\n            \"CurCode\": {\n              \"value\": \"<Error: Too many levels of nesting to fake this schema>\"\n            }\n          },\n          \"PayoffOption\": \"Manual\",\n          \"RecourseDays\": 32909367,\n          \"RecoursePct\": 3199201.5584830493\n        },\n        {\n          \"DealerIdent\": \"qui sint\",\n          \"DealerReserveType\": \"labore qui ea\",\n          \"DealerReserveRate\": 48690670.62282756,\n          \"DealerReserveAmt\": {\n            \"Amt\": {\n              \"value\": \"<Error: Too many levels of nesting to fake this schema>\"\n            },\n            \"CurCode\": {\n              \"value\": \"<Error: Too many levels of nesting to fake this schema>\"\n            }\n          },\n          \"DealerFixedFeeAmt\": {\n            \"Amt\": {\n              \"value\": \"<Error: Too many levels of nesting to fake this schema>\"\n            },\n            \"CurCode\": {\n              \"value\": \"<Error: Too many levels of nesting to fake this schema>\"\n            }\n          },\n          \"DealerReportStatus\": \"PaidOffLoan\",\n          \"Condition\": \"NoRecourse\",\n          \"DealerMaxAmt\": {\n            \"Amt\": {\n              \"value\": \"<Error: Too many levels of nesting to fake this schema>\"\n            },\n            \"CurCode\": {\n              \"value\": \"<Error: Too many levels of nesting to fake this schema>\"\n            }\n          },\n          \"PayoffOption\": \"Buydown\",\n          \"RecourseDays\": 3990220,\n          \"RecoursePct\": 82393528.80428648\n        }\n      ]\n    }\n  },\n  \"Status\": {\n    \"Severity\": \"Warning\",\n    \"StatusCode\": \"in aliquip sin\",\n    \"StatusDesc\": \"magna officia sunt ullamco\",\n    \"SvcProviderName\": \"dolore aliqua Excepteur\",\n    \"Id\": \"ad in aliquip enim\",\n    \"ServerStatusCode\": \"laboru\",\n    \"ServerStatusDesc\": \"incididunt ex nulla anim\",\n    \"OvrdExceptionInd\": false,\n    \"SubjectRole\": \"ad aliqua\",\n    \"SubjectElement\": [\n      {\n        \"Path\": \"ad labor\",\n        \"ServerPath\": \"quis nostrud\",\n        \"Value\": \"sint in Duis mollit\"\n      },\n      {\n        \"Path\": \"dolore dolore\",\n        \"ServerPath\": \"labore deserunt pariatur\",\n        \"Value\": \"laborum aute adipisicing pariatur\"\n      }\n    ],\n    \"ContentHTML\": \"occaecat aliquip\",\n    \"AdditionalStatus\": [\n      {\n        \"StatusCode\": \"amet pari\",\n        \"StatusDesc\": \"ut mollit laboris nisi\",\n        \"Severity\": \"Error\",\n        \"SvcProviderName\": \"nostrud enim\",\n        \"ServerStatusCode\": \"consecte\",\n        \"ServerStatusDesc\": \"dolor Lorem\",\n        \"OvrdExceptionInd\": true,\n        \"SubjectElement\": [\n          {\n            \"Path\": \"tempor nulla\",\n            \"ServerPath\": \"amet proident elit E\",\n            \"Value\": \"nostrud sed id exercitation amet\"\n          },\n          {\n            \"Path\": \"et mollit ut aliquip commodo\",\n            \"ServerPath\": \"tempor consequat\",\n            \"Value\": \"cupidatat nostrud dolor minim\"\n          }\n        ]\n      },\n      {\n        \"StatusCode\": \"qui sint lab\",\n        \"StatusDesc\": \"aliquip amet sunt proident anim\",\n        \"Severity\": \"Warning\",\n        \"SvcProviderName\": \"dolore pariatur\",\n        \"ServerStatusCode\": \"exerci\",\n        \"ServerStatusDesc\": \"commodo do\",\n        \"OvrdExceptionInd\": false,\n        \"SubjectElement\": [\n          {\n            \"Path\": \"non aliquip\",\n            \"ServerPath\": \"Duis in labore veniam\",\n            \"Value\": \"do dolore tempor laboris\"\n          },\n          {\n            \"Path\": \"eiusmod dolor cupidatat\",\n            \"ServerPath\": \"anim cillum officia\",\n            \"Value\": \"enim eiusmod in\"\n          }\n        ]\n      }\n    ]\n  }\n}","cookie":[],"_postman_previewlanguage":"json"}],"event":[],"protocolProfileBehavior":{"disableBodyPruning":true}}],"event":[],"variable":[{"type":"string","value":"/","key":"baseUrl"}],"info":{"_postman_id":"03ad1a8a-18e8-497b-b667-1530bbb17d05","name":"Product Specification Service","schema":"https://schema.getpostman.com/json/collection/v2.1.0/collection.json","description":{"content":"The Product Specification service supports an inquiry operation to retrieve the specification of a product. The information of a product specification is used for product offerings, new account disclosures and the creation of new accounts.","type":"text/plain"}}}