{"item":[{"id":"25af37dd-905e-4ad9-a8dc-8345502fb4e0","name":"Get Product Specifications Secured","request":{"name":"Get Product Specifications Secured","description":{"content":"Get Product Specifications API retrieves specification of a product.<br>The product specification is used for product offerings, new account disclosures and the creation of new accounts.\n        <br><br>\n        To download the API Specifications and Postman Collection, click <a href=\"../docs/?path=docs/resources/resources.md\" title=\"Click to open\">Resources</a>.","type":"text/plain"},"url":{"path":["prodspecservice","servicing","prodspec","secured"],"host":["{{baseUrl}}"],"query":[],"variable":[]},"header":[{"disabled":false,"description":"(Required) EFX Header is a common and required component for all API calls, it contains client-related parameters. Please note that the header parameters should be sent as a JSON object under the EFXHeader parameter. To view the list of header parameters, <a href=\"../docs?path=docs/api-ref-EFX-header.md\" title=\"Click to open\"> click here.</a>","key":"EFXHeader","value":"OrganizationId,<string>,TrnId,<string>,VendorId,<string>,Context,[object Object]"},{"key":"Content-Type","value":"application/json"},{"key":"Accept","value":"application/json"}],"method":"POST","auth":null,"body":{"mode":"raw","raw":"{\n  \"ProdSpecSel\": {\n    \"ProdSpecKeys\": {\n      \"ProductIdent\": \"<string>\"\n    }\n  }\n}","options":{"raw":{"language":"json"}}}},"response":[{"id":"c102284d-512e-4f41-8b65-c588602a194b","name":"Success","originalRequest":{"url":{"path":["prodspecservice","servicing","prodspec","secured"],"host":["{{baseUrl}}"],"query":[],"variable":[]},"header":[{"disabled":false,"description":"(Required) EFX Header is a common and required component for all API calls, it contains client-related parameters. Please note that the header parameters should be sent as a JSON object under the EFXHeader parameter. To view the list of header parameters, <a href=\"../docs?path=docs/api-ref-EFX-header.md\" title=\"Click to open\"> click here.</a>","key":"EFXHeader","value":"OrganizationId,<string>,TrnId,<string>,VendorId,<string>,Context,[object Object]"},{"key":"Accept","value":"application/json"}],"method":"POST","body":{"mode":"raw","raw":"{\n  \"ProdSpecSel\": {\n    \"ProdSpecKeys\": {\n      \"ProductIdent\": \"<string>\"\n    }\n  }\n}","options":{"raw":{"language":"json"}}}},"status":"OK","code":200,"header":[{"key":"Content-Type","value":"application/json"}],"body":"{\n  \"ProdSpecRec\": {\n    \"ProdSpecKeys\": {\n      \"ProductIdent\": \"<string>\"\n    },\n    \"ProdSpecStatus\": {\n      \"ProdSpecStatusCode\": \"Valid\",\n      \"EffDt\": \"9369-32-31\"\n    },\n    \"DepositProdSpecInfo\": {\n      \"ProdType\": \"tempor sunt aliqua\",\n      \"ProdSubType\": \"et Duis\",\n      \"ProdGroup\": \"cupidatat in ullamco commodo adipisicing\",\n      \"Desc\": \"aliquip voluptate\",\n      \"ProductDtlStatus\": \"Inactive\",\n      \"AcctType\": \"CDA\",\n      \"CurCode\": {\n        \"CurCodeValue\": \"dolore exercitation aliqua \",\n        \"CurCodeType\": \"ISO4217-Alpha\"\n      },\n      \"FundingTerm\": {\n        \"TermUnits\": \"Years\",\n        \"Count\": 99896512\n      },\n      \"IntAPY\": -52812194.178290725,\n      \"AcctStmtData\": {\n        \"StmtTimeFrame\": [\n          {\n            \"RecurType\": {\n              \"value\": \"<Error: Too many levels of nesting to fake this schema>\"\n            },\n            \"RecurInterval\": {\n              \"value\": \"<Error: Too many levels of nesting to fake this schema>\"\n            },\n            \"DayOfMonth\": {\n              \"value\": \"<Error: Too many levels of nesting to fake this schema>\"\n            },\n            \"WeekendOption\": {\n              \"value\": \"<Error: Too many levels of nesting to fake this schema>\"\n            }\n          },\n          {\n            \"RecurType\": {\n              \"value\": \"<Error: Too many levels of nesting to fake this schema>\"\n            },\n            \"RecurInterval\": {\n              \"value\": \"<Error: Too many levels of nesting to fake this schema>\"\n            },\n            \"DayOfMonth\": {\n              \"value\": \"<Error: Too many levels of nesting to fake this schema>\"\n            },\n            \"WeekendOption\": {\n              \"value\": \"<Error: Too many levels of nesting to fake this schema>\"\n            }\n          }\n        ]\n      }\n    },\n    \"LoanProdSpecInfo\": {\n      \"ProdType\": \"ipsum laborum\",\n      \"ProdSubType\": \"in\",\n      \"ProdGroup\": \"nostrud dolor paria\",\n      \"Desc\": \"nulla amet ut cupidatat tempor\",\n      \"ProductDtlStatus\": \"Inactive\",\n      \"AcctType\": \"CCA\",\n      \"CurCode\": {\n        \"CurCodeValue\": \"dolor mollit occaecat Duis\",\n        \"CurCodeType\": \"ISO4217-Alpha\"\n      },\n      \"AcctStmtData\": {\n        \"StmtTimeFrame\": [\n          {\n            \"RecurType\": {\n              \"value\": \"<Error: Too many levels of nesting to fake this schema>\"\n            },\n            \"RecurInterval\": {\n              \"value\": \"<Error: Too many levels of nesting to fake this schema>\"\n            },\n            \"DayOfMonth\": {\n              \"value\": \"<Error: Too many levels of nesting to fake this schema>\"\n            },\n            \"WeekendOption\": {\n              \"value\": \"<Error: Too many levels of nesting to fake this schema>\"\n            }\n          },\n          {\n            \"RecurType\": {\n              \"value\": \"<Error: Too many levels of nesting to fake this schema>\"\n            },\n            \"RecurInterval\": {\n              \"value\": \"<Error: Too many levels of nesting to fake this schema>\"\n            },\n            \"DayOfMonth\": {\n              \"value\": \"<Error: Too many levels of nesting to fake this schema>\"\n            },\n            \"WeekendOption\": {\n              \"value\": \"<Error: Too many levels of nesting to fake this schema>\"\n            }\n          }\n        ]\n      },\n      \"LTVPct\": -41143069.38050425\n    }\n  },\n  \"Status\": {\n    \"Severity\": \"Warning\",\n    \"StatusCode\": \"anim consecte\",\n    \"StatusDesc\": \"est commodo do anim laboris\",\n    \"SvcProviderName\": \"proident eu nulla\",\n    \"Id\": \"minim cupidatat laborum\",\n    \"ServerStatusCode\": \"ad o\",\n    \"ServerStatusDesc\": \"et pariatur\",\n    \"OvrdExceptionInd\": true,\n    \"SubjectRole\": \"eiusmod eu\",\n    \"SubjectElement\": [\n      {\n        \"Path\": \"ipsum aliqua\",\n        \"ServerPath\": \"magna nisi\",\n        \"Value\": \"eu dolor dolore fugiat\"\n      },\n      {\n        \"Path\": \"Excepteur ex\",\n        \"ServerPath\": \"nostrud in Duis elit\",\n        \"Value\": \"ex amet consectetur ullamco\"\n      }\n    ],\n    \"ContentHTML\": \"ex nulla irure et\",\n    \"AdditionalStatus\": [\n      {\n        \"StatusCode\": \"aute et eiusmod\",\n        \"StatusDesc\": \"tempor dolor Lorem\",\n        \"Severity\": \"Info\",\n        \"SvcProviderName\": \"eiusmod Excepteur consequat Lorem\",\n        \"ServerStatusCode\": \"nulla\",\n        \"ServerStatusDesc\": \"esse aliquip deserunt\",\n        \"OvrdExceptionInd\": false,\n        \"SubjectElement\": [\n          {\n            \"Path\": \"consectetur\",\n            \"ServerPath\": \"deserunt dolor sit elit\",\n            \"Value\": \"voluptate qui eiusmod Duis\"\n          },\n          {\n            \"Path\": \"adipisicing volu\",\n            \"ServerPath\": \"et do nulla ipsum\",\n            \"Value\": \"in elit magna ullamco\"\n          }\n        ]\n      },\n      {\n        \"StatusCode\": \"Duis Lorem\",\n        \"StatusDesc\": \"in ad cupidatat\",\n        \"Severity\": \"Error\",\n        \"SvcProviderName\": \"velit mollit adipisicing\",\n        \"ServerStatusCode\": \"cupidatat ips\",\n        \"ServerStatusDesc\": \"non fugiat\",\n        \"OvrdExceptionInd\": false,\n        \"SubjectElement\": [\n          {\n            \"Path\": \"non Ut\",\n            \"ServerPath\": \"Excepteur\",\n            \"Value\": \"veniam laborum qui\"\n          },\n          {\n            \"Path\": \"consequat aliqua mollit\",\n            \"ServerPath\": \"commodo aliquip dolore\",\n            \"Value\": \"qui anim tempor voluptate\"\n          }\n        ]\n      }\n    ]\n  }\n}","cookie":[],"_postman_previewlanguage":"json"},{"id":"51db94c0-95e3-4b3e-86b2-8a1ec177e298","name":"To view the complete list of response codes, <a href=\"../docs/?path=docs/response-codes.md\" title=\"Click to open\">click here.</a>","originalRequest":{"url":{"path":["prodspecservice","servicing","prodspec","secured"],"host":["{{baseUrl}}"],"query":[],"variable":[]},"header":[{"disabled":false,"description":"(Required) EFX Header is a common and required component for all API calls, it contains client-related parameters. Please note that the header parameters should be sent as a JSON object under the EFXHeader parameter. To view the list of header parameters, <a href=\"../docs?path=docs/api-ref-EFX-header.md\" title=\"Click to open\"> click here.</a>","key":"EFXHeader","value":"OrganizationId,<string>,TrnId,<string>,VendorId,<string>,Context,[object Object]"},{"key":"Accept","value":"application/json"}],"method":"POST","body":{"mode":"raw","raw":"{\n  \"ProdSpecSel\": {\n    \"ProdSpecKeys\": {\n      \"ProductIdent\": \"<string>\"\n    }\n  }\n}","options":{"raw":{"language":"json"}}}},"status":"Internal Server Error","code":500,"header":[{"key":"Content-Type","value":"application/json"}],"body":"{\n  \"ProdSpecRec\": {\n    \"ProdSpecKeys\": {\n      \"ProductIdent\": \"<string>\"\n    },\n    \"ProdSpecStatus\": {\n      \"ProdSpecStatusCode\": \"Valid\",\n      \"EffDt\": \"6306-53-40T44:97\"\n    },\n    \"DepositProdSpecInfo\": {\n      \"ProdType\": \"ex\",\n      \"ProdSubType\": \"sed irure ut cupidatat\",\n      \"ProdGroup\": \"voluptate est nostrud irure\",\n      \"Desc\": \"officia cillum quis eu\",\n      \"ProductDtlStatus\": \"Inactive\",\n      \"AcctType\": \"DDA\",\n      \"CurCode\": {\n        \"CurCodeValue\": \"ex eiusmod\",\n        \"CurCodeType\": \"ISO4217-Alpha\"\n      },\n      \"FundingTerm\": {\n        \"TermUnits\": \"Years\",\n        \"Count\": 78803359\n      },\n      \"IntAPY\": 33897873.3614022,\n      \"AcctStmtData\": {\n        \"StmtTimeFrame\": [\n          {\n            \"RecurType\": {\n              \"value\": \"<Error: Too many levels of nesting to fake this schema>\"\n            },\n            \"RecurInterval\": {\n              \"value\": \"<Error: Too many levels of nesting to fake this schema>\"\n            },\n            \"DayOfMonth\": {\n              \"value\": \"<Error: Too many levels of nesting to fake this schema>\"\n            },\n            \"WeekendOption\": {\n              \"value\": \"<Error: Too many levels of nesting to fake this schema>\"\n            }\n          },\n          {\n            \"RecurType\": {\n              \"value\": \"<Error: Too many levels of nesting to fake this schema>\"\n            },\n            \"RecurInterval\": {\n              \"value\": \"<Error: Too many levels of nesting to fake this schema>\"\n            },\n            \"DayOfMonth\": {\n              \"value\": \"<Error: Too many levels of nesting to fake this schema>\"\n            },\n            \"WeekendOption\": {\n              \"value\": \"<Error: Too many levels of nesting to fake this schema>\"\n            }\n          }\n        ]\n      }\n    },\n    \"LoanProdSpecInfo\": {\n      \"ProdType\": \"sed exercitation\",\n      \"ProdSubType\": \"amet nisi in Excepteur\",\n      \"ProdGroup\": \"proident voluptate labore Ut\",\n      \"Desc\": \"tempor non\",\n      \"ProductDtlStatus\": \"Active\",\n      \"AcctType\": \"CCA\",\n      \"CurCode\": {\n        \"CurCodeValue\": \"qui sunt\",\n        \"CurCodeType\": \"ISO4217-Alpha\"\n      },\n      \"AcctStmtData\": {\n        \"StmtTimeFrame\": [\n          {\n            \"RecurType\": {\n              \"value\": \"<Error: Too many levels of nesting to fake this schema>\"\n            },\n            \"RecurInterval\": {\n              \"value\": \"<Error: Too many levels of nesting to fake this schema>\"\n            },\n            \"DayOfMonth\": {\n              \"value\": \"<Error: Too many levels of nesting to fake this schema>\"\n            },\n            \"WeekendOption\": {\n              \"value\": \"<Error: Too many levels of nesting to fake this schema>\"\n            }\n          },\n          {\n            \"RecurType\": {\n              \"value\": \"<Error: Too many levels of nesting to fake this schema>\"\n            },\n            \"RecurInterval\": {\n              \"value\": \"<Error: Too many levels of nesting to fake this schema>\"\n            },\n            \"DayOfMonth\": {\n              \"value\": \"<Error: Too many levels of nesting to fake this schema>\"\n            },\n            \"WeekendOption\": {\n              \"value\": \"<Error: Too many levels of nesting to fake this schema>\"\n            }\n          }\n        ]\n      },\n      \"LTVPct\": 34191319.88413939\n    }\n  },\n  \"Status\": {\n    \"Severity\": \"Error\",\n    \"StatusCode\": \"qui exercitatio\",\n    \"StatusDesc\": \"Excepteur nulla aute aliqua est\",\n    \"SvcProviderName\": \"aute\",\n    \"Id\": \"Ut sint fugiat aliqua\",\n    \"ServerStatusCode\": \"qui do\",\n    \"ServerStatusDesc\": \"de\",\n    \"OvrdExceptionInd\": true,\n    \"SubjectRole\": \"eiusmod eu officia irure adipisic\",\n    \"SubjectElement\": [\n      {\n        \"Path\": \"quis in nisi adipisicing\",\n        \"ServerPath\": \"minim exercitation\",\n        \"Value\": \"fugiat incididunt enim in\"\n      },\n      {\n        \"Path\": \"fugiat amet ipsum elit\",\n        \"ServerPath\": \"do magna\",\n        \"Value\": \"qui aliquip\"\n      }\n    ],\n    \"ContentHTML\": \"sed aliqua ex occ\",\n    \"AdditionalStatus\": [\n      {\n        \"StatusCode\": \"Ut qui eius\",\n        \"StatusDesc\": \"in pariatur cillum\",\n        \"Severity\": \"Warning\",\n        \"SvcProviderName\": \"cillum reprehenderit\",\n        \"ServerStatusCode\": \"Ut nostrud Du\",\n        \"ServerStatusDesc\": \"veniam ex laboris sed\",\n        \"OvrdExceptionInd\": false,\n        \"SubjectElement\": [\n          {\n            \"Path\": \"eu in nostrud irure\",\n            \"ServerPath\": \"eu\",\n            \"Value\": \"proident quis aliquip ea eiusmod\"\n          },\n          {\n            \"Path\": \"in nulla dolore eu exercitation\",\n            \"ServerPath\": \"consectetur in in incididunt\",\n            \"Value\": \"aliquip sunt\"\n          }\n        ]\n      },\n      {\n        \"StatusCode\": \"exercita\",\n        \"StatusDesc\": \"occaecat et qui\",\n        \"Severity\": \"Error\",\n        \"SvcProviderName\": \"qui in\",\n        \"ServerStatusCode\": \"ullamc\",\n        \"ServerStatusDesc\": \"dolore minim cillum\",\n        \"OvrdExceptionInd\": true,\n        \"SubjectElement\": [\n          {\n            \"Path\": \"est consectetur laboris\",\n            \"ServerPath\": \"occaecat ipsum incididunt\",\n            \"Value\": \"anim non\"\n          },\n          {\n            \"Path\": \"in eu enim labore in\",\n            \"ServerPath\": \"culpa laborum Duis aliqua\",\n            \"Value\": \"veniam et Excepteur esse ex\"\n          }\n        ]\n      }\n    ]\n  }\n}","cookie":[],"_postman_previewlanguage":"json"}],"event":[],"protocolProfileBehavior":{"disableBodyPruning":true}}],"event":[],"variable":[{"type":"string","value":"/","key":"baseUrl"}],"info":{"_postman_id":"7dd07957-88db-4333-8fc7-c4e5d115813f","name":"Product Specification Service","schema":"https://schema.getpostman.com/json/collection/v2.1.0/collection.json","description":{"content":"The Product Specification service supports an inquiry operation to retrieve the specification of a product. The information of a product specification is used for product offerings, new account disclosures and the creation of new accounts.","type":"text/plain"}}}