{"item":[{"id":"12fffe39-524a-4f1d-b96b-2c0baa07bb78","name":"Get Product Specifications Secured","request":{"name":"Get Product Specifications Secured","description":{"content":"Retrieves product specifications for loan account.\n        <br><br>\n        For more information about the Operations and Servicing domain <a href=\"../docs/?path=docs/fintechs/servicing.md\" title=\"Click to open\">click here.</a> <br><br>\n        <b>Relates to:</b>\n          <ul> \n            <li><a href=\"../docs/?path=docs/banks-and-CU/deposits.md\" title=\"Click to open\">Deposits</a></li>\n            <li><a href=\"../docs/?path=docs/banks-and-CU/loans.md\" title=\"Click to open\">Loans</a></li>\n            <li><a href=\"../docs/?path=docs/banks-and-CU/bank-servicing.md\" title=\"Click to open\">Bank Servicing</a></li>\n          </ul>","type":"text/plain"},"url":{"path":["prodspecservice","servicing","prodspec","secured"],"host":["{{baseUrl}}"],"query":[],"variable":[]},"header":[{"disabled":false,"description":"(Required) EFX Header is a common and required component for all API calls, it contains client-related parameters. Please note that the header parameters should be sent as a JSON object under the EFXHeader parameter. To view the list of header parameters, <a href=\"../docs?path=docs/api-ref-EFX-header.md\" title=\"Click to open\"> click here.</a>","key":"EFXHeader","value":"OrganizationId,<string>,TrnId,<string>,VendorId,<string>,Context,[object Object]"},{"key":"Content-Type","value":"application/json"},{"key":"Accept","value":"application/json"}],"method":"POST","auth":null,"body":{"mode":"raw","raw":"{\n  \"ProdSpecSel\": {\n    \"ProductIdent\": \"<string>\",\n    \"ProdSpecKeys\": \"<object>\",\n    \"AcctType\": \"<string>\",\n    \"GenerateAcctNum\": \"<boolean>\",\n    \"BranchIdent\": \"<string>\"\n  }\n}","options":{"raw":{"language":"json"}}}},"response":[{"id":"72d3e1d4-f863-46c1-b94b-225d6bcbba43","name":"Success","originalRequest":{"url":{"path":["prodspecservice","servicing","prodspec","secured"],"host":["{{baseUrl}}"],"query":[],"variable":[]},"header":[{"disabled":false,"description":"(Required) EFX Header is a common and required component for all API calls, it contains client-related parameters. Please note that the header parameters should be sent as a JSON object under the EFXHeader parameter. To view the list of header parameters, <a href=\"../docs?path=docs/api-ref-EFX-header.md\" title=\"Click to open\"> click here.</a>","key":"EFXHeader","value":"OrganizationId,<string>,TrnId,<string>,VendorId,<string>,Context,[object Object]"},{"key":"Accept","value":"application/json"}],"method":"POST","body":{"mode":"raw","raw":"{\n  \"ProdSpecSel\": {\n    \"ProductIdent\": \"<string>\",\n    \"ProdSpecKeys\": \"<object>\",\n    \"AcctType\": \"<string>\",\n    \"GenerateAcctNum\": \"<boolean>\",\n    \"BranchIdent\": \"<string>\"\n  }\n}","options":{"raw":{"language":"json"}}}},"status":"OK","code":200,"header":[{"key":"Content-Type","value":"application/json"}],"body":"{\n  \"ProdSpecRec\": {\n    \"ProdSpecKeys\": {\n      \"ProductIdent\": \"non ea sint id veniam\",\n      \"AcctType\": \"Loan\"\n    },\n    \"ProdSpecStatus\": {\n      \"ProdSpecStatusCode\": \"Valid\",\n      \"EffDt\": \"9061-32-80\"\n    },\n    \"LoanProdSpecInfo\": {\n      \"Brand\": \"minim\",\n      \"AcctIdent\": [\n        {\n          \"AcctIdentType\": \"AcctNum\",\n          \"AcctIdentValue\": \"sunt consectetur aliquip ea\"\n        },\n        {\n          \"AcctIdentType\": \"AcctNum\",\n          \"AcctIdentValue\": \"in ipsum s\"\n        }\n      ],\n      \"InitialAmount\": {\n        \"Amt\": -97890959.4800546,\n        \"CurCode\": {\n          \"CurCodeValue\": \"Duis velit sunt eiusmod \",\n          \"CurCodeType\": \"ISO4217-Alpha\"\n        }\n      },\n      \"Term\": {\n        \"TermUnits\": \"Months\",\n        \"Count\": -59423703\n      },\n      \"AccountingMethod\": \"labore elit ipsum proident\",\n      \"ClassCode\": \"irure deserunt laborum mollit in\",\n      \"ClassCodeEnumDesc\": \"ea laboris\",\n      \"NoticeData\": [\n        {\n          \"NoticeType\": \"PastDueNotice\",\n          \"NoticeTypeEnumDesc\": \"irure commodo volup\",\n          \"NoticeOption\": \"GenerateNotice\",\n          \"NoticeOptionEnumDesc\": \"dolor\",\n          \"HandlingCode\": \"ad\",\n          \"LeadDays\": -62571157\n        },\n        {\n          \"NoticeType\": \"MaturityNotice\",\n          \"NoticeTypeEnumDesc\": \"officia fugiat reprehenderit\",\n          \"NoticeOption\": \"GenerateNotice\",\n          \"NoticeOptionEnumDesc\": \"velit v\",\n          \"HandlingCode\": \"et consectetur\",\n          \"LeadDays\": -33271086\n        }\n      ],\n      \"Rate\": -60206910.32667078,\n      \"EffectiveRate\": 66602153.42724213,\n      \"IntRateData\": {\n        \"AccrualMethod\": \"Rule78th\",\n        \"AccrualMethodEnumDesc\": \"velit in\",\n        \"DailyAccrual\": \"Actual360\",\n        \"MinimumInterest\": 34187658.86850789\n      },\n      \"MaturityIntCalcData\": {\n        \"MaturityIntRateType\": \"RatePlusAdjuster\",\n        \"MaturityIntRateTypeEnumDesc\": \"non do voluptate\",\n        \"MaturityIntRate\": 64465720.77100274,\n        \"MaturityIntInterval\": 92619215\n      },\n      \"RateChangeData\": [\n        {\n          \"RateChangeControl\": \"IndexFreq\",\n          \"BasedOnCode\": \"esse deserunt\",\n          \"BasedOnValue\": 29401484.325925604,\n          \"RateVariance\": -75322078.98234332,\n          \"PendingRate\": [\n            {\n              \"value\": \"<Error: Too many levels of nesting to fake this schema>\"\n            },\n            {\n              \"value\": \"<Error: Too many levels of nesting to fake this schema>\"\n            }\n          ],\n          \"FloorRate\": 78609902.90744582,\n          \"CeilingRate\": 58844907.64882186,\n          \"MinRateChange\": -47326989.23461385,\n          \"MaxRateChange\": 81420207.54707491,\n          \"RoundingOption\": \"RoundUp\",\n          \"RoundingFactor\": 833285.0163992792,\n          \"RateChangeRecurType\": \"SemiMonthly\",\n          \"RecurInterval\": 56130869,\n          \"LeadDays\": -54158674,\n          \"LeadDaysOption\": \"Business\",\n          \"NextRateChangeDt\": \"1994-10-27\"\n        },\n        {\n          \"RateChangeControl\": \"IndexFreq\",\n          \"BasedOnCode\": \"mollit irure\",\n          \"BasedOnValue\": -18612016.918879077,\n          \"RateVariance\": 74961287.16205356,\n          \"PendingRate\": [\n            {\n              \"value\": \"<Error: Too many levels of nesting to fake this schema>\"\n            },\n            {\n              \"value\": \"<Error: Too many levels of nesting to fake this schema>\"\n            }\n          ],\n          \"FloorRate\": 34272014.05508408,\n          \"CeilingRate\": -84153579.44690034,\n          \"MinRateChange\": 36863164.33713585,\n          \"MaxRateChange\": 16293604.83027105,\n          \"RoundingOption\": \"None\",\n          \"RoundingFactor\": 55591442.20555994,\n          \"RateChangeRecurType\": \"Weekly\",\n          \"RecurInterval\": -28877356,\n          \"LeadDays\": 36920283,\n          \"LeadDaysOption\": \"Calendar\",\n          \"NextRateChangeDt\": \"1990-02-19\"\n        }\n      ],\n      \"IntReportingCode\": \"1099-A\",\n      \"Fee\": [\n        {\n          \"FeeType\": \"PrepaidInt\",\n          \"FeeOption\": \"aliqua sunt Duis laborum\",\n          \"FeeOptionEnumDesc\": \"id enim in \",\n          \"CurAmt\": {\n            \"Amt\": {\n              \"value\": \"<Error: Too many levels of nesting to fake this schema>\"\n            },\n            \"CurCode\": {\n              \"value\": \"<Error: Too many levels of nesting to fake this schema>\"\n            }\n          },\n          \"FeeEarningData\": {\n            \"EarningMethod\": {\n              \"value\": \"<Error: Too many levels of nesting to fake this schema>\"\n            },\n            \"Term\": {\n              \"value\": \"<Error: Too many levels of nesting to fake this schema>\"\n            }\n          },\n          \"FeeCollectedAmt\": {\n            \"Amt\": {\n              \"value\": \"<Error: Too many levels of nesting to fake this schema>\"\n            },\n            \"CurCode\": {\n              \"value\": \"<Error: Too many levels of nesting to fake this schema>\"\n            }\n          }\n        },\n        {\n          \"FeeType\": \"Payoff\",\n          \"FeeOption\": \"Ut incididunt qui\",\n          \"FeeOptionEnumDesc\": \"sit s\",\n          \"CurAmt\": {\n            \"Amt\": {\n              \"value\": \"<Error: Too many levels of nesting to fake this schema>\"\n            },\n            \"CurCode\": {\n              \"value\": \"<Error: Too many levels of nesting to fake this schema>\"\n            }\n          },\n          \"FeeEarningData\": {\n            \"EarningMethod\": {\n              \"value\": \"<Error: Too many levels of nesting to fake this schema>\"\n            },\n            \"Term\": {\n              \"value\": \"<Error: Too many levels of nesting to fake this schema>\"\n            }\n          },\n          \"FeeCollectedAmt\": {\n            \"Amt\": {\n              \"value\": \"<Error: Too many levels of nesting to fake this schema>\"\n            },\n            \"CurCode\": {\n              \"value\": \"<Error: Too many levels of nesting to fake this schema>\"\n            }\n          }\n        }\n      ],\n      \"CallReportCode\": \"dolore id nisi\",\n      \"PurchasedLoanCode\": \"enim aliqua\",\n      \"PurchasedLoanCodeEnumDesc\": \"minim amet elit\",\n      \"PurposeDesc\": \"minim sunt id\",\n      \"SecuredLoanInd\": true,\n      \"CollateralCode\": \"pariatur velit commodo \",\n      \"CollateralCodeEnumDesc\": \"ipsum laboris sunt ut\",\n      \"LoanNoteType\": \"Balloon\",\n      \"CapitalizationOption\": \"NegativeAmortization\",\n      \"NegativeAmortData\": {\n        \"MaxLoanPercent\": -97901766.2041433,\n        \"PaymentCap\": 74608990.31870377,\n        \"FullyReamortizationTerm\": 40722768,\n        \"ReamortizationInterval\": 6871368,\n        \"DaysToRespond\": 93442689,\n        \"NextFullyReamortizationDt\": \"1948-07-13\"\n      },\n      \"RevolvingLoanCode\": \"AdvanceLimit\",\n      \"Insurance\": [\n        {\n          \"ProductIdent\": \"aute\",\n          \"InsuranceType\": \"Other\",\n          \"InsuranceCalcOption\": \"4\",\n          \"InsuranceCalcOptionEnumDesc\": \"Lorem ad\",\n          \"Term\": {\n            \"TermUnits\": {\n              \"value\": \"<Error: Too many levels of nesting to fake this schema>\"\n            },\n            \"Count\": {\n              \"value\": \"<Error: Too many levels of nesting to fake this schema>\"\n            }\n          },\n          \"PrepaidInsuranceAmt\": {\n            \"Amt\": {\n              \"value\": \"<Error: Too many levels of nesting to fake this schema>\"\n            },\n            \"CurCode\": {\n              \"value\": \"<Error: Too many levels of nesting to fake this schema>\"\n            }\n          }\n        },\n        {\n          \"ProductIdent\": \"el\",\n          \"InsuranceType\": \"AccidentAndHealth\",\n          \"InsuranceCalcOption\": \"6\",\n          \"InsuranceCalcOptionEnumDesc\": \"eiusmod cupidatat aliqua\",\n          \"Term\": {\n            \"TermUnits\": {\n              \"value\": \"<Error: Too many levels of nesting to fake this schema>\"\n            },\n            \"Count\": {\n              \"value\": \"<Error: Too many levels of nesting to fake this schema>\"\n            }\n          },\n          \"PrepaidInsuranceAmt\": {\n            \"Amt\": {\n              \"value\": \"<Error: Too many levels of nesting to fake this schema>\"\n            },\n            \"CurCode\": {\n              \"value\": \"<Error: Too many levels of nesting to fake this schema>\"\n            }\n          }\n        }\n      ],\n      \"BalloonTerm\": {\n        \"TermUnits\": \"Months\",\n        \"Count\": -69478239\n      },\n      \"CreditLineCode\": \"ipsum aliquip\",\n      \"CreditLineCodeEnumDesc\": \"Ut ut sint paria\",\n      \"CreditLineCycle\": -89005547,\n      \"NextAnniversaryFeeDt\": \"2018-01-11\",\n      \"OverpayOption\": \"eiusmod veniam\",\n      \"OverpayOptionEnumDesc\": \"Du\",\n      \"PrincipalCurtailmentOption\": \"cillum id\",\n      \"PrincipalCurtailmentOptionEnumDesc\": \"cupidatat exercitation \",\n      \"DelinquentRateData\": {\n        \"DelinquentRateType\": \"ex commodo Excepteur mollit do\",\n        \"DelinquentRateTypeEnumDesc\": \"aute proide\",\n        \"DelinquentIntRate\": 91458399.65698704,\n        \"DelinquentDays\": -56885565\n      },\n      \"ReviewPlanData\": [\n        {\n          \"ReviewPlanIdent\": \"labori\",\n          \"ReviewPlanStartDt\": \"1994-07-25\",\n          \"ReviewPlanExpDt\": \"1979-01-04\",\n          \"ActiveCondition\": \"exercitation\"\n        },\n        {\n          \"ReviewPlanIdent\": \"sed ulla\",\n          \"ReviewPlanStartDt\": \"1984-08-31\",\n          \"ReviewPlanExpDt\": \"1965-09-11\",\n          \"ActiveCondition\": \"est\"\n        }\n      ],\n      \"PrepayPenalty\": {\n        \"PrepayPenaltyCode\": \"amet\",\n        \"PrepayPenaltyCodeEnumDesc\": \"fugiat pariatur qui\"\n      },\n      \"Dealer\": [\n        {\n          \"DealerIdent\": \"amet nostrud\",\n          \"DealerReserveType\": \"irure\",\n          \"DealerReserveRate\": -59975475.1333895,\n          \"DealerReserveAmt\": {\n            \"Amt\": {\n              \"value\": \"<Error: Too many levels of nesting to fake this schema>\"\n            },\n            \"CurCode\": {\n              \"value\": \"<Error: Too many levels of nesting to fake this schema>\"\n            }\n          },\n          \"DealerFixedFeeAmt\": {\n            \"Amt\": {\n              \"value\": \"<Error: Too many levels of nesting to fake this schema>\"\n            },\n            \"CurCode\": {\n              \"value\": \"<Error: Too many levels of nesting to fake this schema>\"\n            }\n          },\n          \"DealerReportStatus\": \"PaidOffLoan\",\n          \"Condition\": \"FloorPlan\",\n          \"DealerMaxAmt\": {\n            \"Amt\": {\n              \"value\": \"<Error: Too many levels of nesting to fake this schema>\"\n            },\n            \"CurCode\": {\n              \"value\": \"<Error: Too many levels of nesting to fake this schema>\"\n            }\n          },\n          \"PayoffOption\": \"Simple\",\n          \"RecourseDays\": -34055032,\n          \"RecoursePct\": 80993738.79571763\n        },\n        {\n          \"DealerIdent\": \"enim in\",\n          \"DealerReserveType\": \"sunt\",\n          \"DealerReserveRate\": -6384405.81334132,\n          \"DealerReserveAmt\": {\n            \"Amt\": {\n              \"value\": \"<Error: Too many levels of nesting to fake this schema>\"\n            },\n            \"CurCode\": {\n              \"value\": \"<Error: Too many levels of nesting to fake this schema>\"\n            }\n          },\n          \"DealerFixedFeeAmt\": {\n            \"Amt\": {\n              \"value\": \"<Error: Too many levels of nesting to fake this schema>\"\n            },\n            \"CurCode\": {\n              \"value\": \"<Error: Too many levels of nesting to fake this schema>\"\n            }\n          },\n          \"DealerReportStatus\": \"NewLoan\",\n          \"Condition\": \"WithRecourse\",\n          \"DealerMaxAmt\": {\n            \"Amt\": {\n              \"value\": \"<Error: Too many levels of nesting to fake this schema>\"\n            },\n            \"CurCode\": {\n              \"value\": \"<Error: Too many levels of nesting to fake this schema>\"\n            }\n          },\n          \"PayoffOption\": \"Simple\",\n          \"RecourseDays\": 76602445,\n          \"RecoursePct\": -64020683.348276906\n        }\n      ]\n    }\n  },\n  \"Status\": {\n    \"Severity\": \"Error\",\n    \"StatusCode\": \"se\",\n    \"StatusDesc\": \"anim magna\",\n    \"SvcProviderName\": \"mi\",\n    \"Id\": \"Duis ea enim mollit\",\n    \"ServerStatusCode\": \"mini\",\n    \"ServerStatusDesc\": \"exercitation pariatur\",\n    \"OvrdExceptionInd\": false,\n    \"SubjectRole\": \"esse aliqua occaecat\",\n    \"SubjectElement\": [\n      {\n        \"Path\": \"anim\",\n        \"ServerPath\": \"offici\",\n        \"Value\": \"labore elit tempor\"\n      },\n      {\n        \"Path\": \"laboris\",\n        \"ServerPath\": \"qui\",\n        \"Value\": \"ut esse laborum\"\n      }\n    ],\n    \"ContentHTML\": \"cupidatat tempor ut ex\",\n    \"AdditionalStatus\": [\n      {\n        \"StatusCode\": \"sit\",\n        \"StatusDesc\": \"elit Ut in\",\n        \"Severity\": \"Error\",\n        \"SvcProviderName\": \"occaecat Duis consequat magna\",\n        \"ServerStatusCode\": \"enim nostrud\",\n        \"ServerStatusDesc\": \"mollit nulla in\",\n        \"OvrdExceptionInd\": true,\n        \"SubjectElement\": [\n          {\n            \"Path\": \"nulla proident\",\n            \"ServerPath\": \"aute consectetur\",\n            \"Value\": \"in culpa\"\n          },\n          {\n            \"Path\": \"elit culpa voluptate dolor\",\n            \"ServerPath\": \"esse consequat exercitation laborum\",\n            \"Value\": \"dolor pariatur ut deserunt\"\n          }\n        ]\n      },\n      {\n        \"StatusCode\": \"dolor ipsum\",\n        \"StatusDesc\": \"esse aliquip pariatur fugiat\",\n        \"Severity\": \"Info\",\n        \"SvcProviderName\": \"dolor pariatur laborum non\",\n        \"ServerStatusCode\": \"cupidat\",\n        \"ServerStatusDesc\": \"deserunt incididunt\",\n        \"OvrdExceptionInd\": false,\n        \"SubjectElement\": [\n          {\n            \"Path\": \"aliquip fugiat la\",\n            \"ServerPath\": \"eiusmod\",\n            \"Value\": \"Excepteur nostrud\"\n          },\n          {\n            \"Path\": \"Lorem sunt et ad\",\n            \"ServerPath\": \"sit cupidatat esse Duis\",\n            \"Value\": \"magna cupidatat\"\n          }\n        ]\n      }\n    ]\n  }\n}","cookie":[],"_postman_previewlanguage":"json"},{"id":"77aa08b6-9bf1-471b-98d1-168006c80400","name":"To view the complete list of response codes, <a href=\"../docs/?path=docs/response-codes.md\" title=\"Click to open\">click here.</a>","originalRequest":{"url":{"path":["prodspecservice","servicing","prodspec","secured"],"host":["{{baseUrl}}"],"query":[],"variable":[]},"header":[{"disabled":false,"description":"(Required) EFX Header is a common and required component for all API calls, it contains client-related parameters. Please note that the header parameters should be sent as a JSON object under the EFXHeader parameter. To view the list of header parameters, <a href=\"../docs?path=docs/api-ref-EFX-header.md\" title=\"Click to open\"> click here.</a>","key":"EFXHeader","value":"OrganizationId,<string>,TrnId,<string>,VendorId,<string>,Context,[object Object]"},{"key":"Accept","value":"application/json"}],"method":"POST","body":{"mode":"raw","raw":"{\n  \"ProdSpecSel\": {\n    \"ProductIdent\": \"<string>\",\n    \"ProdSpecKeys\": \"<object>\",\n    \"AcctType\": \"<string>\",\n    \"GenerateAcctNum\": \"<boolean>\",\n    \"BranchIdent\": \"<string>\"\n  }\n}","options":{"raw":{"language":"json"}}}},"status":"Internal Server Error","code":500,"header":[{"key":"Content-Type","value":"application/json"}],"body":"{\n  \"ProdSpecRec\": {\n    \"ProdSpecKeys\": {\n      \"ProductIdent\": \"fugiat deserunt Duis do\",\n      \"AcctType\": \"Loan\"\n    },\n    \"ProdSpecStatus\": {\n      \"ProdSpecStatusCode\": \"Valid\",\n      \"EffDt\": \"1878-32-26\"\n    },\n    \"LoanProdSpecInfo\": {\n      \"Brand\": \"ullamco pariatur aliqua\",\n      \"AcctIdent\": [\n        {\n          \"AcctIdentType\": \"AcctNum\",\n          \"AcctIdentValue\": \"magna Excepteur non\"\n        },\n        {\n          \"AcctIdentType\": \"AcctNum\",\n          \"AcctIdentValue\": \"incididunt sit sed esse\"\n        }\n      ],\n      \"InitialAmount\": {\n        \"Amt\": -44105695.70861971,\n        \"CurCode\": {\n          \"CurCodeValue\": \"ut dolore ut enim non\",\n          \"CurCodeType\": \"ISO4217-Alpha\"\n        }\n      },\n      \"Term\": {\n        \"TermUnits\": \"Months\",\n        \"Count\": -99401836\n      },\n      \"AccountingMethod\": \"et dolor\",\n      \"ClassCode\": \"eiusmod volupta\",\n      \"ClassCodeEnumDesc\": \"Duis aliqua\",\n      \"NoticeData\": [\n        {\n          \"NoticeType\": \"MaturityNotice\",\n          \"NoticeTypeEnumDesc\": \"incididunt dolor in\",\n          \"NoticeOption\": \"GenerateNotice\",\n          \"NoticeOptionEnumDesc\": \"exe\",\n          \"HandlingCode\": \"ullamco\",\n          \"LeadDays\": 92632166\n        },\n        {\n          \"NoticeType\": \"MaturityNotice\",\n          \"NoticeTypeEnumDesc\": \"dolor nostrud elit voluptate\",\n          \"NoticeOption\": \"GenerateNotice\",\n          \"NoticeOptionEnumDesc\": \"qui in\",\n          \"HandlingCode\": \"ut\",\n          \"LeadDays\": 79503146\n        }\n      ],\n      \"Rate\": -63810887.9543259,\n      \"EffectiveRate\": -86990784.75953655,\n      \"IntRateData\": {\n        \"AccrualMethod\": \"Amortized\",\n        \"AccrualMethodEnumDesc\": \"deserunt ea\",\n        \"DailyAccrual\": \"Actual365\",\n        \"MinimumInterest\": 80817163.32472345\n      },\n      \"MaturityIntCalcData\": {\n        \"MaturityIntRateType\": \"RatePlusAdjuster\",\n        \"MaturityIntRateTypeEnumDesc\": \"amet cupidatat consectetur enim magna\",\n        \"MaturityIntRate\": -51028076.00465913,\n        \"MaturityIntInterval\": 22506785\n      },\n      \"RateChangeData\": [\n        {\n          \"RateChangeControl\": \"PeriodReview\",\n          \"BasedOnCode\": \"mollit aliqua\",\n          \"BasedOnValue\": 51469131.247455925,\n          \"RateVariance\": -58364257.006952204,\n          \"PendingRate\": [\n            {\n              \"value\": \"<Error: Too many levels of nesting to fake this schema>\"\n            },\n            {\n              \"value\": \"<Error: Too many levels of nesting to fake this schema>\"\n            }\n          ],\n          \"FloorRate\": 48314211.700096846,\n          \"CeilingRate\": 47188966.89726359,\n          \"MinRateChange\": 83345476.09025994,\n          \"MaxRateChange\": 26082922.523925275,\n          \"RoundingOption\": \"RoundDown\",\n          \"RoundingFactor\": -83354945.08622032,\n          \"RateChangeRecurType\": \"SemiMonthly\",\n          \"RecurInterval\": -64057874,\n          \"LeadDays\": 28013021,\n          \"LeadDaysOption\": \"Calendar\",\n          \"NextRateChangeDt\": \"1979-12-29\"\n        },\n        {\n          \"RateChangeControl\": \"PeriodReview\",\n          \"BasedOnCode\": \"cupidatat\",\n          \"BasedOnValue\": 25692712.798716947,\n          \"RateVariance\": 64108094.002227485,\n          \"PendingRate\": [\n            {\n              \"value\": \"<Error: Too many levels of nesting to fake this schema>\"\n            },\n            {\n              \"value\": \"<Error: Too many levels of nesting to fake this schema>\"\n            }\n          ],\n          \"FloorRate\": 78989889.1463831,\n          \"CeilingRate\": -11113275.917522445,\n          \"MinRateChange\": 91298336.10574144,\n          \"MaxRateChange\": 52205607.0535419,\n          \"RoundingOption\": \"RoundDown\",\n          \"RoundingFactor\": 64261791.15393013,\n          \"RateChangeRecurType\": \"Weekly\",\n          \"RecurInterval\": -79077088,\n          \"LeadDays\": 4704600,\n          \"LeadDaysOption\": \"Calendar\",\n          \"NextRateChangeDt\": \"2022-11-03\"\n        }\n      ],\n      \"IntReportingCode\": \"1099-A\",\n      \"Fee\": [\n        {\n          \"FeeType\": \"PrepaidInt\",\n          \"FeeOption\": \"veniam nulla eiusmod\",\n          \"FeeOptionEnumDesc\": \"tempor amet reprehenderit ut\",\n          \"CurAmt\": {\n            \"Amt\": {\n              \"value\": \"<Error: Too many levels of nesting to fake this schema>\"\n            },\n            \"CurCode\": {\n              \"value\": \"<Error: Too many levels of nesting to fake this schema>\"\n            }\n          },\n          \"FeeEarningData\": {\n            \"EarningMethod\": {\n              \"value\": \"<Error: Too many levels of nesting to fake this schema>\"\n            },\n            \"Term\": {\n              \"value\": \"<Error: Too many levels of nesting to fake this schema>\"\n            }\n          },\n          \"FeeCollectedAmt\": {\n            \"Amt\": {\n              \"value\": \"<Error: Too many levels of nesting to fake this schema>\"\n            },\n            \"CurCode\": {\n              \"value\": \"<Error: Too many levels of nesting to fake this schema>\"\n            }\n          }\n        },\n        {\n          \"FeeType\": \"FASBCost\",\n          \"FeeOption\": \"sed Excepteur tempor\",\n          \"FeeOptionEnumDesc\": \"ex et min\",\n          \"CurAmt\": {\n            \"Amt\": {\n              \"value\": \"<Error: Too many levels of nesting to fake this schema>\"\n            },\n            \"CurCode\": {\n              \"value\": \"<Error: Too many levels of nesting to fake this schema>\"\n            }\n          },\n          \"FeeEarningData\": {\n            \"EarningMethod\": {\n              \"value\": \"<Error: Too many levels of nesting to fake this schema>\"\n            },\n            \"Term\": {\n              \"value\": \"<Error: Too many levels of nesting to fake this schema>\"\n            }\n          },\n          \"FeeCollectedAmt\": {\n            \"Amt\": {\n              \"value\": \"<Error: Too many levels of nesting to fake this schema>\"\n            },\n            \"CurCode\": {\n              \"value\": \"<Error: Too many levels of nesting to fake this schema>\"\n            }\n          }\n        }\n      ],\n      \"CallReportCode\": \"laborum\",\n      \"PurchasedLoanCode\": \"laboris sit incididunt in enim\",\n      \"PurchasedLoanCodeEnumDesc\": \"est eiusmod\",\n      \"PurposeDesc\": \"eiusmod\",\n      \"SecuredLoanInd\": false,\n      \"CollateralCode\": \"laboris qui\",\n      \"CollateralCodeEnumDesc\": \"exercitatio\",\n      \"LoanNoteType\": \"Demand\",\n      \"CapitalizationOption\": \"None\",\n      \"NegativeAmortData\": {\n        \"MaxLoanPercent\": -74095030.16264808,\n        \"PaymentCap\": -45353853.43512402,\n        \"FullyReamortizationTerm\": -5707114,\n        \"ReamortizationInterval\": 30462928,\n        \"DaysToRespond\": 77045357,\n        \"NextFullyReamortizationDt\": \"2020-09-04\"\n      },\n      \"RevolvingLoanCode\": \"AdvanceLimit\",\n      \"Insurance\": [\n        {\n          \"ProductIdent\": \"\",\n          \"InsuranceType\": \"Other\",\n          \"InsuranceCalcOption\": \"5\",\n          \"InsuranceCalcOptionEnumDesc\": \"non veniam\",\n          \"Term\": {\n            \"TermUnits\": {\n              \"value\": \"<Error: Too many levels of nesting to fake this schema>\"\n            },\n            \"Count\": {\n              \"value\": \"<Error: Too many levels of nesting to fake this schema>\"\n            }\n          },\n          \"PrepaidInsuranceAmt\": {\n            \"Amt\": {\n              \"value\": \"<Error: Too many levels of nesting to fake this schema>\"\n            },\n            \"CurCode\": {\n              \"value\": \"<Error: Too many levels of nesting to fake this schema>\"\n            }\n          }\n        },\n        {\n          \"ProductIdent\": \"ullamco ut quis\",\n          \"InsuranceType\": \"Other\",\n          \"InsuranceCalcOption\": \"10\",\n          \"InsuranceCalcOptionEnumDesc\": \"magna dolore veli\",\n          \"Term\": {\n            \"TermUnits\": {\n              \"value\": \"<Error: Too many levels of nesting to fake this schema>\"\n            },\n            \"Count\": {\n              \"value\": \"<Error: Too many levels of nesting to fake this schema>\"\n            }\n          },\n          \"PrepaidInsuranceAmt\": {\n            \"Amt\": {\n              \"value\": \"<Error: Too many levels of nesting to fake this schema>\"\n            },\n            \"CurCode\": {\n              \"value\": \"<Error: Too many levels of nesting to fake this schema>\"\n            }\n          }\n        }\n      ],\n      \"BalloonTerm\": {\n        \"TermUnits\": \"Months\",\n        \"Count\": -74873203\n      },\n      \"CreditLineCode\": \"incididunt sunt dolore consequat\",\n      \"CreditLineCodeEnumDesc\": \"velit id et\",\n      \"CreditLineCycle\": -95025411,\n      \"NextAnniversaryFeeDt\": \"2022-06-08\",\n      \"OverpayOption\": \"labore eu\",\n      \"OverpayOptionEnumDesc\": \"est exercitation culpa\",\n      \"PrincipalCurtailmentOption\": \"aute\",\n      \"PrincipalCurtailmentOptionEnumDesc\": \"dolore\",\n      \"DelinquentRateData\": {\n        \"DelinquentRateType\": \"nostrud labore dolor aute\",\n        \"DelinquentRateTypeEnumDesc\": \"sunt ea ut\",\n        \"DelinquentIntRate\": 64113599.11049268,\n        \"DelinquentDays\": 90521688\n      },\n      \"ReviewPlanData\": [\n        {\n          \"ReviewPlanIdent\": \"nostrud deserunt ut o\",\n          \"ReviewPlanStartDt\": \"1959-11-22\",\n          \"ReviewPlanExpDt\": \"1945-07-15\",\n          \"ActiveCondition\": \"in exerc\"\n        },\n        {\n          \"ReviewPlanIdent\": \"amet eiusmod\",\n          \"ReviewPlanStartDt\": \"1948-07-14\",\n          \"ReviewPlanExpDt\": \"1975-10-04\",\n          \"ActiveCondition\": \"sunt sint culpa consectetur\"\n        }\n      ],\n      \"PrepayPenalty\": {\n        \"PrepayPenaltyCode\": \"mollit magna officia in ut\",\n        \"PrepayPenaltyCodeEnumDesc\": \"\"\n      },\n      \"Dealer\": [\n        {\n          \"DealerIdent\": \"aliquip est Lorem\",\n          \"DealerReserveType\": \"fugiat enim ipsum\",\n          \"DealerReserveRate\": -82592472.37386948,\n          \"DealerReserveAmt\": {\n            \"Amt\": {\n              \"value\": \"<Error: Too many levels of nesting to fake this schema>\"\n            },\n            \"CurCode\": {\n              \"value\": \"<Error: Too many levels of nesting to fake this schema>\"\n            }\n          },\n          \"DealerFixedFeeAmt\": {\n            \"Amt\": {\n              \"value\": \"<Error: Too many levels of nesting to fake this schema>\"\n            },\n            \"CurCode\": {\n              \"value\": \"<Error: Too many levels of nesting to fake this schema>\"\n            }\n          },\n          \"DealerReportStatus\": \"PaidOffLoan\",\n          \"Condition\": \"WithRecourse\",\n          \"DealerMaxAmt\": {\n            \"Amt\": {\n              \"value\": \"<Error: Too many levels of nesting to fake this schema>\"\n            },\n            \"CurCode\": {\n              \"value\": \"<Error: Too many levels of nesting to fake this schema>\"\n            }\n          },\n          \"PayoffOption\": \"Recourse\",\n          \"RecourseDays\": 92552102,\n          \"RecoursePct\": 35635882.019023\n        },\n        {\n          \"DealerIdent\": \"labore\",\n          \"DealerReserveType\": \"nulla reprehenderit ad\",\n          \"DealerReserveRate\": -58807644.592281915,\n          \"DealerReserveAmt\": {\n            \"Amt\": {\n              \"value\": \"<Error: Too many levels of nesting to fake this schema>\"\n            },\n            \"CurCode\": {\n              \"value\": \"<Error: Too many levels of nesting to fake this schema>\"\n            }\n          },\n          \"DealerFixedFeeAmt\": {\n            \"Amt\": {\n              \"value\": \"<Error: Too many levels of nesting to fake this schema>\"\n            },\n            \"CurCode\": {\n              \"value\": \"<Error: Too many levels of nesting to fake this schema>\"\n            }\n          },\n          \"DealerReportStatus\": \"ActiveLoan\",\n          \"Condition\": \"NoRecourse\",\n          \"DealerMaxAmt\": {\n            \"Amt\": {\n              \"value\": \"<Error: Too many levels of nesting to fake this schema>\"\n            },\n            \"CurCode\": {\n              \"value\": \"<Error: Too many levels of nesting to fake this schema>\"\n            }\n          },\n          \"PayoffOption\": \"Simple\",\n          \"RecourseDays\": 88813034,\n          \"RecoursePct\": -37804473.96169624\n        }\n      ]\n    }\n  },\n  \"Status\": {\n    \"Severity\": \"Warning\",\n    \"StatusCode\": \"amet aliquip aute \",\n    \"StatusDesc\": \"eu nisi in\",\n    \"SvcProviderName\": \"non dolor aliquip minim officia\",\n    \"Id\": \"ad labore\",\n    \"ServerStatusCode\": \"enim in vol\",\n    \"ServerStatusDesc\": \"aliquip in incididunt id\",\n    \"OvrdExceptionInd\": false,\n    \"SubjectRole\": \"anim mollit sed\",\n    \"SubjectElement\": [\n      {\n        \"Path\": \"Ut dolor ipsum Duis\",\n        \"ServerPath\": \"nisi deserunt sunt in\",\n        \"Value\": \"quis culpa\"\n      },\n      {\n        \"Path\": \"sint exercitatio\",\n        \"ServerPath\": \"voluptate fugiat\",\n        \"Value\": \"mollit proident cillum qui ullamco\"\n      }\n    ],\n    \"ContentHTML\": \"id officia voluptate\",\n    \"AdditionalStatus\": [\n      {\n        \"StatusCode\": \"Duis tempor\",\n        \"StatusDesc\": \"in velit\",\n        \"Severity\": \"Warning\",\n        \"SvcProviderName\": \"ea in irure dolor\",\n        \"ServerStatusCode\": \"incididu\",\n        \"ServerStatusDesc\": \"Ut proident labore ipsum\",\n        \"OvrdExceptionInd\": true,\n        \"SubjectElement\": [\n          {\n            \"Path\": \"reprehenderit nostrud pariatur e\",\n            \"ServerPath\": \"Ut mollit\",\n            \"Value\": \"deserunt L\"\n          },\n          {\n            \"Path\": \"laborum cillum eu dolor\",\n            \"ServerPath\": \"non proident\",\n            \"Value\": \"sint nostrud\"\n          }\n        ]\n      },\n      {\n        \"StatusCode\": \"in dolor aliqu\",\n        \"StatusDesc\": \"ipsum enim\",\n        \"Severity\": \"Info\",\n        \"SvcProviderName\": \"consequat dolor\",\n        \"ServerStatusCode\": \"nulla labo\",\n        \"ServerStatusDesc\": \"adipisicing dolore enim\",\n        \"OvrdExceptionInd\": false,\n        \"SubjectElement\": [\n          {\n            \"Path\": \"id\",\n            \"ServerPath\": \"ut amet aliqua occaecat\",\n            \"Value\": \"commodo magna sint\"\n          },\n          {\n            \"Path\": \"minim fugiat\",\n            \"ServerPath\": \"tempor Duis\",\n            \"Value\": \"enim in aliquip proident\"\n          }\n        ]\n      }\n    ]\n  }\n}","cookie":[],"_postman_previewlanguage":"json"}],"event":[],"protocolProfileBehavior":{"disableBodyPruning":true}}],"event":[],"variable":[{"type":"string","value":"/","key":"baseUrl"}],"info":{"_postman_id":"1faaee4d-1e81-4454-b352-1f81b03d62ba","name":"Product Specification Service","schema":"https://schema.getpostman.com/json/collection/v2.1.0/collection.json","description":{"content":"The Product Specification service supports an inquiry operation to retrieve the specification of a product. The information of a product specification is used for product offerings, new account disclosures and the creation of new accounts.","type":"text/plain"}}}