{"item":[{"id":"5fae4c1f-582f-45e4-a193-5ed91b312cd9","name":"Retrieves a Product Interest Rate Object Secured","request":{"name":"Retrieves a Product Interest Rate Object Secured","description":{"content":"Get Product Interest Rate API retrieves the interest rate attributes defined for a specific product of a financial institution. <br> Interest rates can be fixed or variable or can be tied to an index or to a tiered balance. <br> <br> To download the API Specifications and Postman Collection, click <a href=\"../docs/?path=docs/resources/resources.md\" title=\"Click to open\">Resources</a>.","type":"text/plain"},"url":{"path":["prodintrateservice","servicing","prodintrate","secured"],"host":["{{baseUrl}}"],"query":[],"variable":[]},"header":[{"disabled":false,"description":"(Required) EFX Header is a common and required component for all API calls, it contains client-related parameters. Please note that the header parameters should be sent as a JSON object under the EFXHeader parameter. To view the list of header parameters, <a href=\"../docs?path=docs/api-ref-EFX-header.md\" title=\"Click to open\"> click here.</a>","key":"EFXHeader","value":"OrganizationId,<string>,TrnId,<string>,VendorId,<string>,Context,[object Object]"},{"key":"Content-Type","value":"application/json"},{"key":"Accept","value":"application/json"}],"method":"POST","auth":null,"body":{"mode":"raw","raw":"{\n  \"ProdIntRateSel\": {\n    \"AcctType\": \"<string>\",\n    \"ProductIdent\": \"<string>\",\n    \"BranchIdent\": \"<string>\",\n    \"InitialAmount\": {\n      \"Amt\": \"<number>\",\n      \"CurCode\": {\n        \"CurCodeValue\": \"<string>\",\n        \"CurCodeType\": \"<string>\"\n      }\n    },\n    \"OpenDt\": \"<date>\",\n    \"Rate\": \"<number>\",\n    \"Term\": {\n      \"TermUnits\": \"<string>\",\n      \"Count\": \"<long>\"\n    },\n    \"ProdIntRateId\": \"<string>\"\n  }\n}","options":{"raw":{"language":"json"}}}},"response":[{"id":"30b8b6fc-c08b-4a77-8248-9c5fe2c24863","name":"Success","originalRequest":{"url":{"path":["prodintrateservice","servicing","prodintrate","secured"],"host":["{{baseUrl}}"],"query":[],"variable":[]},"header":[{"disabled":false,"description":"(Required) EFX Header is a common and required component for all API calls, it contains client-related parameters. Please note that the header parameters should be sent as a JSON object under the EFXHeader parameter. To view the list of header parameters, <a href=\"../docs?path=docs/api-ref-EFX-header.md\" title=\"Click to open\"> click here.</a>","key":"EFXHeader","value":"OrganizationId,<string>,TrnId,<string>,VendorId,<string>,Context,[object Object]"},{"key":"Accept","value":"application/json"}],"method":"POST","body":{"mode":"raw","raw":"{\n  \"ProdIntRateSel\": {\n    \"AcctType\": \"<string>\",\n    \"ProductIdent\": \"<string>\",\n    \"BranchIdent\": \"<string>\",\n    \"InitialAmount\": {\n      \"Amt\": \"<number>\",\n      \"CurCode\": {\n        \"CurCodeValue\": \"<string>\",\n        \"CurCodeType\": \"<string>\"\n      }\n    },\n    \"OpenDt\": \"<date>\",\n    \"Rate\": \"<number>\",\n    \"Term\": {\n      \"TermUnits\": \"<string>\",\n      \"Count\": \"<long>\"\n    },\n    \"ProdIntRateId\": \"<string>\"\n  }\n}","options":{"raw":{"language":"json"}}}},"status":"OK","code":200,"header":[{"key":"Content-Type","value":"application/json"}],"body":"{\n  \"ProdIntRateRec\": [\n    {\n      \"ProdIntRateInfo\": {\n        \"ProductIdent\": \"aliquip laborum velit commodo\",\n        \"AcctType\": \"SDA\",\n        \"MaturityDt\": \"2021-05-26\",\n        \"Term\": {\n          \"TermUnits\": \"Months\",\n          \"Count\": 9032686\n        },\n        \"Rate\": -50589643.287814215,\n        \"IntAPY\": 70650063.40611494,\n        \"IntRateData\": [\n          {\n            \"RateMatrixTier\": [\n              {\n                \"value\": \"<Error: Too many levels of nesting to fake this schema>\"\n              },\n              {\n                \"value\": \"<Error: Too many levels of nesting to fake this schema>\"\n              }\n            ],\n            \"AccrualFrequency\": {\n              \"value\": \"<Error: Too many levels of nesting to fake this schema>\"\n            },\n            \"AccrualMethod\": \"Daily\",\n            \"DailyAccrual\": \"Daily365\",\n            \"EffDt\": \"0547-80-44T46:44\",\n            \"TierType\": \"Whole\",\n            \"TierAmtType\": \"None\"\n          },\n          {\n            \"RateMatrixTier\": [\n              {\n                \"value\": \"<Error: Too many levels of nesting to fake this schema>\"\n              },\n              {\n                \"value\": \"<Error: Too many levels of nesting to fake this schema>\"\n              }\n            ],\n            \"AccrualFrequency\": {\n              \"value\": \"<Error: Too many levels of nesting to fake this schema>\"\n            },\n            \"AccrualMethod\": \"Continuous\",\n            \"DailyAccrual\": \"Equal360\",\n            \"EffDt\": \"4941-16-91T33:53\",\n            \"TierType\": \"Dynamic\",\n            \"TierAmtType\": \"Ledger\"\n          }\n        ]\n      },\n      \"ProdIntRateKeys\": {\n        \"ProdIntRateId\": \"dolor con\"\n      },\n      \"ProdIntRateStatus\": {\n        \"ProdIntRateStatusCode\": \"eiusmod\",\n        \"EffDt\": \"4958-98-04T53:59\"\n      }\n    },\n    {\n      \"ProdIntRateInfo\": {\n        \"ProductIdent\": \"non pariatur officia esse\",\n        \"AcctType\": \"CDA\",\n        \"MaturityDt\": \"2015-10-13\",\n        \"Term\": {\n          \"TermUnits\": \"Months\",\n          \"Count\": -66296860\n        },\n        \"Rate\": 41369329.341772854,\n        \"IntAPY\": -40644963.35184513,\n        \"IntRateData\": [\n          {\n            \"RateMatrixTier\": [\n              {\n                \"value\": \"<Error: Too many levels of nesting to fake this schema>\"\n              },\n              {\n                \"value\": \"<Error: Too many levels of nesting to fake this schema>\"\n              }\n            ],\n            \"AccrualFrequency\": {\n              \"value\": \"<Error: Too many levels of nesting to fake this schema>\"\n            },\n            \"AccrualMethod\": \"Continuous\",\n            \"DailyAccrual\": \"Daily365\",\n            \"EffDt\": \"4482-46-12\",\n            \"TierType\": \"Dynamic\",\n            \"TierAmtType\": \"Ledger\"\n          },\n          {\n            \"RateMatrixTier\": [\n              {\n                \"value\": \"<Error: Too many levels of nesting to fake this schema>\"\n              },\n              {\n                \"value\": \"<Error: Too many levels of nesting to fake this schema>\"\n              }\n            ],\n            \"AccrualFrequency\": {\n              \"value\": \"<Error: Too many levels of nesting to fake this schema>\"\n            },\n            \"AccrualMethod\": \"Continuous\",\n            \"DailyAccrual\": \"Daily360\",\n            \"EffDt\": \"7587-10-62T58:07\",\n            \"TierType\": \"Dynamic\",\n            \"TierAmtType\": \"Available\"\n          }\n        ]\n      },\n      \"ProdIntRateKeys\": {\n        \"ProdIntRateId\": \"commodo mollit\"\n      },\n      \"ProdIntRateStatus\": {\n        \"ProdIntRateStatusCode\": \"qui eu\",\n        \"EffDt\": \"7804-63-97T43:25:59\"\n      }\n    }\n  ],\n  \"Status\": {\n    \"Severity\": \"Error\",\n    \"StatusCode\": \"dolore i\",\n    \"StatusDesc\": \"sit proident\",\n    \"SvcProviderName\": \"ut sit id laborum\",\n    \"Id\": \"consectetur cillum\",\n    \"ServerStatusCode\": \"id consec\",\n    \"ServerStatusDesc\": \"nisi sint\",\n    \"OvrdExceptionInd\": true,\n    \"SubjectRole\": \"quis Excepte\",\n    \"SubjectElement\": [\n      {\n        \"Path\": \"exercitation off\",\n        \"ServerPath\": \"ea consequat ad sunt\",\n        \"Value\": \"aliquip commodo elit tempor\"\n      },\n      {\n        \"Path\": \"Duis adipisicing dolore et\",\n        \"ServerPath\": \"non sed elit tempor\",\n        \"Value\": \"officia\"\n      }\n    ],\n    \"ContentHTML\": \"ut ad\",\n    \"AdditionalStatus\": [\n      {\n        \"StatusCode\": \"exercitation o\",\n        \"StatusDesc\": \"ipsum dolor\",\n        \"Severity\": \"Warning\",\n        \"SvcProviderName\": \"sunt veniam tempor nisi\",\n        \"ServerStatusCode\": \"velit fugiat\",\n        \"ServerStatusDesc\": \"officia esse\",\n        \"OvrdExceptionInd\": true,\n        \"SubjectElement\": [\n          {\n            \"Path\": \"ex esse nis\",\n            \"ServerPath\": \"quis ullamco ut adipisicing\",\n            \"Value\": \"sit occaecat aliqua nostrud\"\n          },\n          {\n            \"Path\": \"aliqua incididunt est\",\n            \"ServerPath\": \"ipsum Duis veniam\",\n            \"Value\": \"veniam proident dolor\"\n          }\n        ]\n      },\n      {\n        \"StatusCode\": \"ut a\",\n        \"StatusDesc\": \"irure do reprehenderit elit\",\n        \"Severity\": \"Error\",\n        \"SvcProviderName\": \"consequat Duis non culpa\",\n        \"ServerStatusCode\": \"volup\",\n        \"ServerStatusDesc\": \"tempor ut\",\n        \"OvrdExceptionInd\": true,\n        \"SubjectElement\": [\n          {\n            \"Path\": \"occaecat pariatur\",\n            \"ServerPath\": \"nisi et Duis nostrud consequat\",\n            \"Value\": \"esse dolore\"\n          },\n          {\n            \"Path\": \"voluptate enim adipisicing deserunt\",\n            \"ServerPath\": \"cupidatat qui labore aliqua mollit\",\n            \"Value\": \"do irure voluptate ullamco exercitation\"\n          }\n        ]\n      }\n    ]\n  }\n}","cookie":[],"_postman_previewlanguage":"json"},{"id":"a6cb54b9-dd47-470a-ad6c-15457252945a","name":"To view the complete list of response codes, <a href=\"../docs/?path=docs/response-codes.md\" title=\"Click to open\">click here.</a>","originalRequest":{"url":{"path":["prodintrateservice","servicing","prodintrate","secured"],"host":["{{baseUrl}}"],"query":[],"variable":[]},"header":[{"disabled":false,"description":"(Required) EFX Header is a common and required component for all API calls, it contains client-related parameters. Please note that the header parameters should be sent as a JSON object under the EFXHeader parameter. To view the list of header parameters, <a href=\"../docs?path=docs/api-ref-EFX-header.md\" title=\"Click to open\"> click here.</a>","key":"EFXHeader","value":"OrganizationId,<string>,TrnId,<string>,VendorId,<string>,Context,[object Object]"},{"key":"Accept","value":"application/json"}],"method":"POST","body":{"mode":"raw","raw":"{\n  \"ProdIntRateSel\": {\n    \"AcctType\": \"<string>\",\n    \"ProductIdent\": \"<string>\",\n    \"BranchIdent\": \"<string>\",\n    \"InitialAmount\": {\n      \"Amt\": \"<number>\",\n      \"CurCode\": {\n        \"CurCodeValue\": \"<string>\",\n        \"CurCodeType\": \"<string>\"\n      }\n    },\n    \"OpenDt\": \"<date>\",\n    \"Rate\": \"<number>\",\n    \"Term\": {\n      \"TermUnits\": \"<string>\",\n      \"Count\": \"<long>\"\n    },\n    \"ProdIntRateId\": \"<string>\"\n  }\n}","options":{"raw":{"language":"json"}}}},"status":"Internal Server Error","code":500,"header":[{"key":"Content-Type","value":"application/json"}],"body":"{\n  \"ProdIntRateRec\": [\n    {\n      \"ProdIntRateInfo\": {\n        \"ProductIdent\": \"incididunt\",\n        \"AcctType\": \"CDA\",\n        \"MaturityDt\": \"2014-10-29\",\n        \"Term\": {\n          \"TermUnits\": \"Days\",\n          \"Count\": -90096371\n        },\n        \"Rate\": 85349615.29425934,\n        \"IntAPY\": 65738621.08120471,\n        \"IntRateData\": [\n          {\n            \"RateMatrixTier\": [\n              {\n                \"value\": \"<Error: Too many levels of nesting to fake this schema>\"\n              },\n              {\n                \"value\": \"<Error: Too many levels of nesting to fake this schema>\"\n              }\n            ],\n            \"AccrualFrequency\": {\n              \"value\": \"<Error: Too many levels of nesting to fake this schema>\"\n            },\n            \"AccrualMethod\": \"Simple\",\n            \"DailyAccrual\": \"Equal360\",\n            \"EffDt\": \"5560-41-93T45:32:71.585+09:45\",\n            \"TierType\": \"Split\",\n            \"TierAmtType\": \"Ledger\"\n          },\n          {\n            \"RateMatrixTier\": [\n              {\n                \"value\": \"<Error: Too many levels of nesting to fake this schema>\"\n              },\n              {\n                \"value\": \"<Error: Too many levels of nesting to fake this schema>\"\n              }\n            ],\n            \"AccrualFrequency\": {\n              \"value\": \"<Error: Too many levels of nesting to fake this schema>\"\n            },\n            \"AccrualMethod\": \"Continuous\",\n            \"DailyAccrual\": \"Current360\",\n            \"EffDt\": \"2077-08-38T45:12:20\",\n            \"TierType\": \"Dynamic\",\n            \"TierAmtType\": \"Available\"\n          }\n        ]\n      },\n      \"ProdIntRateKeys\": {\n        \"ProdIntRateId\": \"anim in amet aliquip\"\n      },\n      \"ProdIntRateStatus\": {\n        \"ProdIntRateStatusCode\": \"do\",\n        \"EffDt\": \"8900-45-28\"\n      }\n    },\n    {\n      \"ProdIntRateInfo\": {\n        \"ProductIdent\": \"veniam laborum proi\",\n        \"AcctType\": \"SDA\",\n        \"MaturityDt\": \"1963-09-17\",\n        \"Term\": {\n          \"TermUnits\": \"Months\",\n          \"Count\": -80973489\n        },\n        \"Rate\": -42116449.38959251,\n        \"IntAPY\": -37137690.490544006,\n        \"IntRateData\": [\n          {\n            \"RateMatrixTier\": [\n              {\n                \"value\": \"<Error: Too many levels of nesting to fake this schema>\"\n              },\n              {\n                \"value\": \"<Error: Too many levels of nesting to fake this schema>\"\n              }\n            ],\n            \"AccrualFrequency\": {\n              \"value\": \"<Error: Too many levels of nesting to fake this schema>\"\n            },\n            \"AccrualMethod\": \"Simple\",\n            \"DailyAccrual\": \"Current360\",\n            \"EffDt\": \"4262-77-21\",\n            \"TierType\": \"Split\",\n            \"TierAmtType\": \"Ledger\"\n          },\n          {\n            \"RateMatrixTier\": [\n              {\n                \"value\": \"<Error: Too many levels of nesting to fake this schema>\"\n              },\n              {\n                \"value\": \"<Error: Too many levels of nesting to fake this schema>\"\n              }\n            ],\n            \"AccrualFrequency\": {\n              \"value\": \"<Error: Too many levels of nesting to fake this schema>\"\n            },\n            \"AccrualMethod\": \"Simple\",\n            \"DailyAccrual\": \"Equal360\",\n            \"EffDt\": \"6105-76-54\",\n            \"TierType\": \"Split\",\n            \"TierAmtType\": \"Average\"\n          }\n        ]\n      },\n      \"ProdIntRateKeys\": {\n        \"ProdIntRateId\": \"Duis culpa\"\n      },\n      \"ProdIntRateStatus\": {\n        \"ProdIntRateStatusCode\": \"do reprehenderit commodo dolor\",\n        \"EffDt\": \"3072-40-71\"\n      }\n    }\n  ],\n  \"Status\": {\n    \"Severity\": \"Error\",\n    \"StatusCode\": \"v\",\n    \"StatusDesc\": \"voluptate esse\",\n    \"SvcProviderName\": \"dolor\",\n    \"Id\": \"in ut dol\",\n    \"ServerStatusCode\": \"Ut\",\n    \"ServerStatusDesc\": \"ut\",\n    \"OvrdExceptionInd\": false,\n    \"SubjectRole\": \"laborum nulla veniam\",\n    \"SubjectElement\": [\n      {\n        \"Path\": \"Lorem labore enim\",\n        \"ServerPath\": \"ea nulla\",\n        \"Value\": \"nulla mollit quis dolor\"\n      },\n      {\n        \"Path\": \"sint aliqua exercitation tempor ipsum\",\n        \"ServerPath\": \"ex tempor\",\n        \"Value\": \"eli\"\n      }\n    ],\n    \"ContentHTML\": \"est\",\n    \"AdditionalStatus\": [\n      {\n        \"StatusCode\": \"occaecat est Exc\",\n        \"StatusDesc\": \"dolor quis Excepteur\",\n        \"Severity\": \"Info\",\n        \"SvcProviderName\": \"sed\",\n        \"ServerStatusCode\": \"dolore nisi in mini\",\n        \"ServerStatusDesc\": \"esse labore\",\n        \"OvrdExceptionInd\": false,\n        \"SubjectElement\": [\n          {\n            \"Path\": \"venia\",\n            \"ServerPath\": \"commodo aliquip Duis ex officia\",\n            \"Value\": \"sunt cupidatat\"\n          },\n          {\n            \"Path\": \"do\",\n            \"ServerPath\": \"anim adipisicing nulla\",\n            \"Value\": \"mollit\"\n          }\n        ]\n      },\n      {\n        \"StatusCode\": \"Lorem in\",\n        \"StatusDesc\": \"id minim aliqua veniam\",\n        \"Severity\": \"Warning\",\n        \"SvcProviderName\": \"dolor mollit enim ad\",\n        \"ServerStatusCode\": \"Excepteur eni\",\n        \"ServerStatusDesc\": \"Duis p\",\n        \"OvrdExceptionInd\": true,\n        \"SubjectElement\": [\n          {\n            \"Path\": \"nostrud d\",\n            \"ServerPath\": \"cillum adipisicing\",\n            \"Value\": \"aute amet occaecat ullamco\"\n          },\n          {\n            \"Path\": \"officia Duis nisi\",\n            \"ServerPath\": \"ullamco adipi\",\n            \"Value\": \"exercitation nisi fugiat quis\"\n          }\n        ]\n      }\n    ]\n  }\n}","cookie":[],"_postman_previewlanguage":"json"}],"event":[],"protocolProfileBehavior":{"disableBodyPruning":true}}],"event":[],"variable":[{"type":"string","value":"/","key":"baseUrl"}],"info":{"_postman_id":"a51717af-3fa8-4304-b819-306ed0b57b1c","name":"Product Interest Rate Service","schema":"https://schema.getpostman.com/json/collection/v2.1.0/collection.json","description":{"content":"The Product Interest Rate service supports an inquiry operation to retrieve information about the rate offered by a product.","type":"text/plain"}}}