{"item":[{"id":"ba273ad6-f67d-47c6-a833-53bdbacd803b","name":"disputes/v2","item":[{"id":"ab456cab-f6be-43f9-9102-4be4e7f98098","name":"Add transaction dispute.","request":{"name":"Add transaction dispute.","description":{"content":"This function allows the adding of a transaction dispute for client accounts.","type":"text/plain"},"url":{"path":["disputes","v2","add"],"host":["{{baseUrl}}"],"query":[],"variable":[]},"header":[{"key":"Content-Type","value":"application/json"},{"key":"Accept","value":"application/json"}],"method":"POST","auth":null,"body":{"mode":"raw","raw":"{\n  \"actionCode\": \"<string>\",\n  \"captureCode\": \"<string>\",\n  \"cardTypeIdentifier\": \"<string>\",\n  \"clerkIdentifier\": \"<string>\",\n  \"memberProcessIdentifier\": \"<string>\",\n  \"merchantIdentifier\": \"<string>\",\n  \"referenceNumber\": \"<string>\",\n  \"transactionAmount\": \"<string>\",\n  \"transactionCurrencyCode\": \"<string>\",\n  \"common\": {\n    \"user\": \"<string>\",\n    \"agent\": \"<string>\",\n    \"cycle\": \"<string>\",\n    \"clientNumber\": \"<string>\",\n    \"system\": \"<string>\",\n    \"prin\": \"<string>\",\n    \"debug\": \"<boolean>\",\n    \"org\": \"<string>\",\n    \"processor\": \"<boolean>\",\n    \"contentType\": \"<string>\",\n    \"retry\": \"<long>\",\n    \"timeout\": \"<long>\",\n    \"siteId\": \"<string>\",\n    \"externalCustomerId\": \"<string>\",\n    \"accountId\": \"<string>\",\n    \"presentationId\": \"<string>\"\n  },\n  \"transactionCode\": \"<string>\",\n  \"reasonCode\": \"<string>\",\n  \"settlementImpactCode\": \"<string>\",\n  \"presentationInstrumentIdentifier\": \"<string>\",\n  \"clearingDisputeAmount\": \"<string>\",\n  \"clearingDisputeCurrencyCode\": \"<string>\",\n  \"transactionIdentifier\": \"<string>\",\n  \"partialAmountCode\": \"<string>\",\n  \"transactionDate\": \"<string>\",\n  \"processingDate\": \"<string>\",\n  \"merchantCategoryCode\": \"<string>\",\n  \"merchantName\": \"<string>\",\n  \"merchantCityName\": \"<string>\",\n  \"merchantSubdivisionCode\": \"<string>\",\n  \"storeOfSaleIdentifier\": \"<string>\",\n  \"invoiceIdentifier\": \"<string>\",\n  \"memoText\": \"<string>\",\n  \"clientDefinedReferenceId\": \"<string>\",\n  \"enteredIdentifier\": \"<string>\",\n  \"promotionIdentifier\": \"<string>\",\n  \"balanceIdentifier\": \"<string>\"\n}","options":{"raw":{"language":"json"}}}},"response":[{"id":"5f05c495-e151-4fec-bf8a-019e3a81daa2","name":"successful operation","originalRequest":{"url":{"path":["disputes","v2","add"],"host":["{{baseUrl}}"],"query":[],"variable":[]},"header":[{"key":"Accept","value":"application/json"}],"method":"POST","body":{"mode":"raw","raw":"{\n  \"actionCode\": \"CB\",\n  \"captureCode\": \"A\",\n  \"cardTypeIdentifier\": \"00000\",\n  \"clerkIdentifier\": \"str\",\n  \"memberProcessIdentifier\": \"I\",\n  \"merchantIdentifier\": \"0000000000000000\",\n  \"referenceNumber\": \"stringstringstringstrin\",\n  \"transactionAmount\": \"0000000000000.00\",\n  \"transactionCurrencyCode\": \"000\",\n  \"common\": {\n    \"user\": \"<string>\",\n    \"agent\": \"4000\",\n    \"cycle\": \"T\",\n    \"clientNumber\": \"1000\",\n    \"system\": \"2000\",\n    \"prin\": \"3000\",\n    \"debug\": \"<boolean>\",\n    \"org\": \"<string>\",\n    \"processor\": \"<boolean>\",\n    \"contentType\": \"<string>\",\n    \"retry\": 0,\n    \"timeout\": 45000,\n    \"siteId\": \"4201\",\n    \"externalCustomerId\": \"<string>\",\n    \"accountId\": \"8888888888888888\",\n    \"presentationId\": \"<string>\"\n  },\n  \"transactionCode\": \"253\",\n  \"reasonCode\": \"stri\",\n  \"settlementImpactCode\": \"st\",\n  \"presentationInstrumentIdentifier\": \"0000000000000000000\",\n  \"clearingDisputeAmount\": \"0000000000000.00\",\n  \"clearingDisputeCurrencyCode\": \"000\",\n  \"transactionIdentifier\": \"000000000000000\",\n  \"partialAmountCode\": \"s\",\n  \"transactionDate\": \"<string>\",\n  \"processingDate\": \"<string>\",\n  \"merchantCategoryCode\": \"0000\",\n  \"merchantName\": \"<string>\",\n  \"merchantCityName\": \"<string>\",\n  \"merchantSubdivisionCode\": \"st\",\n  \"storeOfSaleIdentifier\": \"00000000000\",\n  \"invoiceIdentifier\": \"<string>\",\n  \"memoText\": \"<string>\",\n  \"clientDefinedReferenceId\": \"<string>\",\n  \"enteredIdentifier\": \"0000000000000000000\",\n  \"promotionIdentifier\": \"stringst\",\n  \"balanceIdentifier\": \"0000000\"\n}","options":{"raw":{"language":"json"}}}},"status":"OK","code":200,"header":[{"key":"Content-Type","value":"application/json"}],"body":"{\n  \"processorInfo\": {\n    \"system\": \"anim incididunt cupidatat\",\n    \"cycle\": \"in occaecat laborum do\",\n    \"tor\": \"non cupidatat consequat nulla\",\n    \"mode\": \"culpa pariatur do laboris magna\"\n  },\n  \"messages\": [\n    {\n      \"resultCode\": \"reprehenderit Excepteur irure occaecat nulla\",\n      \"messageText\": \"ipsum dolor dolore\",\n      \"transactionStatus\": \"amet nisi id\"\n    },\n    {\n      \"resultCode\": \"fugiat aliqua velit et\",\n      \"messageText\": \"incididunt magna\",\n      \"transactionStatus\": \"cupidatat qui\"\n    }\n  ],\n  \"messageMap\": {\n    \"ut_9\": \"proident laborum Ut sint\",\n    \"laboris5\": \"consectetur \"\n  }\n}","cookie":[],"_postman_previewlanguage":"json"}],"event":[],"protocolProfileBehavior":{"disableBodyPruning":true}},{"id":"7b87fe58-3147-4131-b1cf-2fd42ce30850","name":"DISPUTE_HISTORY ODS View","request":{"name":"DISPUTE_HISTORY ODS View","description":{"content":"The DISPUTE_HISTORY view enables you to view dispute activity for a customer account including matched and unmatched dispute initiation and resolution transactions.\nRequired Fields: common.accountId or common.presentationId, selectFields. ","type":"text/plain"},"url":{"path":["disputes","v2","disputeHistory"],"host":["{{baseUrl}}"],"query":[],"variable":[]},"header":[{"key":"Content-Type","value":"application/json"},{"key":"Accept","value":"application/json"}],"method":"POST","auth":null,"body":{"mode":"raw","raw":"{\n  \"endSequence\": \"<string>\",\n  \"selectFields\": [\n    \"<string>\"\n  ],\n  \"startSequence\": \"<string>\",\n  \"common\": {\n    \"user\": \"<string>\",\n    \"agent\": \"<string>\",\n    \"cycle\": \"<string>\",\n    \"clientNumber\": \"<string>\",\n    \"system\": \"<string>\",\n    \"prin\": \"<string>\",\n    \"debug\": \"<boolean>\",\n    \"org\": \"<string>\",\n    \"processor\": \"<boolean>\",\n    \"contentType\": \"<string>\",\n    \"retry\": \"<long>\",\n    \"timeout\": \"<long>\",\n    \"siteId\": \"<string>\",\n    \"externalCustomerId\": \"<string>\",\n    \"accountId\": \"<string>\",\n    \"presentationId\": \"<string>\"\n  },\n  \"odsNaming\": \"<boolean>\"\n}","options":{"raw":{"language":"json"}}}},"response":[{"id":"36fbf0f9-a2c1-4657-b54f-4623a074e234","name":"successful operation","originalRequest":{"url":{"path":["disputes","v2","disputeHistory"],"host":["{{baseUrl}}"],"query":[],"variable":[]},"header":[{"key":"Accept","value":"application/json"}],"method":"POST","body":{"mode":"raw","raw":"{\n  \"endSequence\": \"25\",\n  \"selectFields\": [\n    \"anyvalidfieldname1\",\n    \"anyvalidfieldname2\",\n    \"anyvalidfieldname3\",\n    \"anyvalidfieldname…\",\n    \"anyvalidfieldname…n\"\n  ],\n  \"startSequence\": \"1\",\n  \"common\": {\n    \"user\": \"<string>\",\n    \"agent\": \"4000\",\n    \"cycle\": \"T\",\n    \"clientNumber\": \"1000\",\n    \"system\": \"2000\",\n    \"prin\": \"3000\",\n    \"debug\": \"<boolean>\",\n    \"org\": \"<string>\",\n    \"processor\": \"<boolean>\",\n    \"contentType\": \"<string>\",\n    \"retry\": 0,\n    \"timeout\": 45000,\n    \"siteId\": \"4201\",\n    \"externalCustomerId\": \"<string>\",\n    \"accountId\": \"8888888888888888\",\n    \"presentationId\": \"<string>\"\n  },\n  \"odsNaming\": \"<boolean>\"\n}","options":{"raw":{"language":"json"}}}},"status":"OK","code":200,"header":[{"key":"Content-Type","value":"application/json"}],"body":"{\n  \"processorInfo\": {\n    \"system\": \"exercitation\",\n    \"cycle\": \"id\",\n    \"tor\": \"proident aute in id\",\n    \"mode\": \"sunt ea\"\n  },\n  \"disputeHistory\": [\n    {\n      \"accountIdentifier\": \"e\",\n      \"activeDisputeCount\": \"tempor id\",\n      \"agentIdentifier\": \"et consequat in dolor incididunt\",\n      \"balanceIdentifier\": \"ad proident quis\",\n      \"balanceTypeCode\": \"dolore\",\n      \"convertedEnteredIdentifier\": \"magna occaec\",\n      \"disputeTypeText\": \"sint dolore laboris id\",\n      \"enteredIdentifier\": \"dolore velit nostrud dolor\",\n      \"graceResolutionIndicator\": \"laborum cupidatat veniam deserunt mollit\",\n      \"historicalDisputeAmount\": \"enim amet\",\n      \"historicalDisputeDate\": \"pariatur laboris ex laborum consectetur\",\n      \"initiationDisputeAmount\": \"proident enim\",\n      \"initiationDisputeDate\": \"ea ullamco cillum aliquip\",\n      \"initiationDisputeProcessingDate\": \"eu pariatur ut\",\n      \"initiationGraceEligibilityCode\": \"est nulla laborum\",\n      \"principalIdentifier\": \"laborum qui aliqua mollit\",\n      \"resolutionDisputeAmount\": \"aliqua dolore\",\n      \"resolutionDisputeDate\": \"aute\",\n      \"resolutionDisputeProcessingDate\": \"reprehenderit\",\n      \"resolutionFavorCode\": \"quis Duis\",\n      \"resolutionGraceEligibilityCode\": \"laborum mollit enim\",\n      \"sequenceNumber\": \"Excepteu\",\n      \"systemIdentifier\": \"aliqua nulla reprehenderit voluptate fugiat\"\n    },\n    {\n      \"accountIdentifier\": \"id incid\",\n      \"activeDisputeCount\": \"laborum dolor laboris ut\",\n      \"agentIdentifier\": \"aute in d\",\n      \"balanceIdentifier\": \"eu ut ipsum exercitation\",\n      \"balanceTypeCode\": \"reprehenderit in Excepteur sit\",\n      \"convertedEnteredIdentifier\": \"officia n\",\n      \"disputeTypeText\": \"proident adipisicing dolore \",\n      \"enteredIdentifier\": \"ipsum\",\n      \"graceResolutionIndicator\": \"culpa amet\",\n      \"historicalDisputeAmount\": \"irure labore tempor magna\",\n      \"historicalDisputeDate\": \"ullamco ex sunt occaecat\",\n      \"initiationDisputeAmount\": \"laboris id\",\n      \"initiationDisputeDate\": \"esse\",\n      \"initiationDisputeProcessingDate\": \"proident do consectetur nos\",\n      \"initiationGraceEligibilityCode\": \"Excepteur minim\",\n      \"principalIdentifier\": \"qui eu amet sunt et\",\n      \"resolutionDisputeAmount\": \"aliq\",\n      \"resolutionDisputeDate\": \"incididunt aute\",\n      \"resolutionDisputeProcessingDate\": \"non aliqua\",\n      \"resolutionFavorCode\": \"nostrud dolor nulla Excepteur\",\n      \"resolutionGraceEligibilityCode\": \"id cillum ut nostrud\",\n      \"sequenceNumber\": \"laboris cupidatat et\",\n      \"systemIdentifier\": \"Lorem\"\n    }\n  ]\n}","cookie":[],"_postman_previewlanguage":"json"}],"event":[],"protocolProfileBehavior":{"disableBodyPruning":true}},{"id":"43f2d47a-7632-4004-b42c-d3d171e102e2","name":"MC_ISSUER_ACCOUNT_UPDATE enables issuers to update account information such as account identifiers and expiration dates if they use the Mastercard® Automatic Billing Updater (ABU) application.\n If you enter valid code N in the Reason Code parameter, you must enter the same value in the OLD_ACCT_ID and NEW ACCT_ID parameters. This function emulates the MAU transaction.","request":{"name":"MC_ISSUER_ACCOUNT_UPDATE enables issuers to update account information such as account identifiers and expiration dates if they use the Mastercard® Automatic Billing Updater (ABU) application.\n If you enter valid code N in the Reason Code parameter, you must enter the same value in the OLD_ACCT_ID and NEW ACCT_ID parameters. This function emulates the MAU transaction.","description":{"content":"","type":"text/plain"},"url":{"path":["disputes","v2","mcIssuerAccountUpdate"],"host":["{{baseUrl}}"],"query":[],"variable":[]},"header":[{"key":"Content-Type","value":"application/json"},{"key":"Accept","value":"application/json"}],"method":"POST","auth":null,"body":{"mode":"raw","raw":"{\n  \"common\": {\n    \"user\": \"<string>\",\n    \"agent\": \"<string>\",\n    \"cycle\": \"<string>\",\n    \"clientNumber\": \"<string>\",\n    \"system\": \"<string>\",\n    \"prin\": \"<string>\",\n    \"debug\": \"<boolean>\",\n    \"org\": \"<string>\",\n    \"processor\": \"<boolean>\",\n    \"contentType\": \"<string>\",\n    \"retry\": \"<long>\",\n    \"timeout\": \"<long>\",\n    \"siteId\": \"<string>\",\n    \"externalCustomerId\": \"<string>\",\n    \"accountId\": \"<string>\",\n    \"presentationId\": \"<string>\"\n  },\n  \"oldAccountIdentifier\": \"<string>\",\n  \"oldExpirationDate\": \"<string>\",\n  \"newAccountIdentifier\": \"<string>\",\n  \"newExpirationDate\": \"<string>\",\n  \"reasonCode\": \"<string>\"\n}","options":{"raw":{"language":"json"}}}},"response":[{"id":"537e0dad-0426-4b21-bb8d-a37f3d215b8c","name":"successful operation","originalRequest":{"url":{"path":["disputes","v2","mcIssuerAccountUpdate"],"host":["{{baseUrl}}"],"query":[],"variable":[]},"header":[{"key":"Accept","value":"application/json"}],"method":"POST","body":{"mode":"raw","raw":"{\n  \"common\": {\n    \"user\": \"<string>\",\n    \"agent\": \"4000\",\n    \"cycle\": \"T\",\n    \"clientNumber\": \"1000\",\n    \"system\": \"2000\",\n    \"prin\": \"3000\",\n    \"debug\": \"<boolean>\",\n    \"org\": \"<string>\",\n    \"processor\": \"<boolean>\",\n    \"contentType\": \"<string>\",\n    \"retry\": 0,\n    \"timeout\": 45000,\n    \"siteId\": \"4201\",\n    \"externalCustomerId\": \"<string>\",\n    \"accountId\": \"8888888888888888\",\n    \"presentationId\": \"<string>\"\n  },\n  \"oldAccountIdentifier\": \"<string>\",\n  \"oldExpirationDate\": \"MMYY\",\n  \"newAccountIdentifier\": \"<string>\",\n  \"newExpirationDate\": \"MMYY\",\n  \"reasonCode\": \"1\"\n}","options":{"raw":{"language":"json"}}}},"status":"OK","code":200,"header":[{"key":"Content-Type","value":"application/json"}],"body":"{\n  \"processorInfo\": {\n    \"system\": \"nisi adipisicing Lorem minim\",\n    \"cycle\": \"Duis velit labore\",\n    \"tor\": \"ipsum exercitation consectetur\",\n    \"mode\": \"quis in sint\"\n  },\n  \"messages\": [\n    {\n      \"resultCode\": \"labore amet\",\n      \"messageText\": \"ex quis\",\n      \"transactionStatus\": \"sed deserunt enim mollit\"\n    },\n    {\n      \"resultCode\": \"Ut cupidatat\",\n      \"messageText\": \"cupidatat esse Excepteur\",\n      \"transactionStatus\": \"velit magna in\"\n    }\n  ]\n}","cookie":[],"_postman_previewlanguage":"json"}],"event":[],"protocolProfileBehavior":{"disableBodyPruning":true}}],"event":[]}],"event":[],"variable":[{"type":"string","value":"https://cat.api.firstdata.com/fs","key":"baseUrl"}],"info":{"_postman_id":"423e4766-52c6-4f7e-af7c-10eeba00055e","name":"fs-proxy-1","schema":"https://schema.getpostman.com/json/collection/v2.1.0/collection.json","description":{"content":"Welcome to the Financial Services API documentation","type":"text/plain"}}}