{"item":[{"id":"c32042f0-adf1-41d6-9a73-8f348e6d0b00","name":"Get Daily Passorword Valid for the Day","request":{"name":"Get Daily Passorword Valid for the Day","description":{"content":"Get daily password valid for the day","type":"text/plain"},"url":{"path":["bwa","senha-dia","v1","senha","dia"],"host":["{{baseUrl}}"],"query":[],"variable":[]},"header":[{"disabled":false,"description":"(Required) HMAC","key":"Message-Signature","value":"<string>"},{"disabled":false,"description":"(Required) APigee Key","key":"Api-Key","value":"<string>"},{"disabled":false,"description":"(Required) Oauth Key","key":"auth","value":"<string>"},{"disabled":false,"description":"(Required) Date - Epoch Format","key":"Timestamp","value":"<string>"},{"disabled":false,"description":"(Required) Randomly generated by client","key":"Client-Request-Id","value":"<string>"},{"disabled":false,"description":"(Required) Merchant Institution Number","key":"instituicao","value":"<string>"},{"disabled":false,"description":"(Required) CPF / CNPJ","key":"documento","value":"<string>"},{"key":"Accept","value":"application/json"}],"method":"GET","auth":null},"response":[{"id":"dfc227ee-b65c-4a1d-8870-3841377dcd54","name":"Success","originalRequest":{"url":{"path":["bwa","senha-dia","v1","senha","dia"],"host":["{{baseUrl}}"],"query":[],"variable":[]},"header":[{"disabled":false,"description":"(Required) HMAC","key":"Message-Signature","value":"1tsmkG9Ip3k2rcO5cETButfP3D/RS6U8troFF+mUrno="},{"disabled":false,"description":"(Required) APigee Key","key":"Api-Key","value":"X0GW3QGOYFn4r7DHcVC8KuatUnNs6MGB'"},{"disabled":false,"description":"(Required) Oauth Key","key":"auth","value":"null"},{"disabled":false,"description":"(Required) Date - Epoch Format","key":"Timestamp","value":"1563309156733"},{"disabled":false,"description":"(Required) Randomly generated by client","key":"Client-Request-Id","value":"6NYHj9Pgyxc84rmafpwG4fjhLwFfJYFVmxJOcgziD0QN3q6mGC"},{"disabled":false,"description":"(Required) Merchant Institution Number","key":"instituicao","value":"00000003"},{"disabled":false,"description":"(Required) CPF / CNPJ","key":"documento","value":"74185296387"},{"key":"Accept","value":"application/json"}],"method":"GET","body":{}},"status":"OK","code":200,"header":[{"key":"Content-Type","value":"application/json"}],"body":"{\n  \"codigoRetorno\": 0,\n  \"mensagem\": \"1 - Error\",\n  \"senhaDia\": \"04058100\"\n}","cookie":[],"_postman_previewlanguage":"json"},{"id":"802999ad-078d-4549-8670-7913294c47ad","name":"Partial Content","originalRequest":{"url":{"path":["bwa","senha-dia","v1","senha","dia"],"host":["{{baseUrl}}"],"query":[],"variable":[]},"header":[{"disabled":false,"description":"(Required) HMAC","key":"Message-Signature","value":"1tsmkG9Ip3k2rcO5cETButfP3D/RS6U8troFF+mUrno="},{"disabled":false,"description":"(Required) APigee Key","key":"Api-Key","value":"X0GW3QGOYFn4r7DHcVC8KuatUnNs6MGB'"},{"disabled":false,"description":"(Required) Oauth Key","key":"auth","value":"null"},{"disabled":false,"description":"(Required) Date - Epoch Format","key":"Timestamp","value":"1563309156733"},{"disabled":false,"description":"(Required) Randomly generated by client","key":"Client-Request-Id","value":"6NYHj9Pgyxc84rmafpwG4fjhLwFfJYFVmxJOcgziD0QN3q6mGC"},{"disabled":false,"description":"(Required) Merchant Institution Number","key":"instituicao","value":"00000003"},{"disabled":false,"description":"(Required) CPF / CNPJ","key":"documento","value":"74185296387"},{"key":"Accept","value":"application/json"}],"method":"GET","body":{}},"status":"Partial Content","code":206,"header":[{"key":"Content-Type","value":"application/json"}],"body":"{\n  \"codigoRetorno\": 9,\n  \"mensagem\": \"9 - Campos mandatorios - (meaning Mandatory Fields Missing\"\n}","cookie":[],"_postman_previewlanguage":"json"},{"id":"5aefe3e8-e0f7-45d6-b068-175c9de36334","name":"Unauthorized","originalRequest":{"url":{"path":["bwa","senha-dia","v1","senha","dia"],"host":["{{baseUrl}}"],"query":[],"variable":[]},"header":[{"disabled":false,"description":"(Required) HMAC","key":"Message-Signature","value":"1tsmkG9Ip3k2rcO5cETButfP3D/RS6U8troFF+mUrno="},{"disabled":false,"description":"(Required) APigee Key","key":"Api-Key","value":"X0GW3QGOYFn4r7DHcVC8KuatUnNs6MGB'"},{"disabled":false,"description":"(Required) Oauth Key","key":"auth","value":"null"},{"disabled":false,"description":"(Required) Date - Epoch Format","key":"Timestamp","value":"1563309156733"},{"disabled":false,"description":"(Required) Randomly generated by client","key":"Client-Request-Id","value":"6NYHj9Pgyxc84rmafpwG4fjhLwFfJYFVmxJOcgziD0QN3q6mGC"},{"disabled":false,"description":"(Required) Merchant Institution Number","key":"instituicao","value":"00000003"},{"disabled":false,"description":"(Required) CPF / CNPJ","key":"documento","value":"74185296387"},{"key":"Accept","value":"application/json"}],"method":"GET","body":{}},"status":"Unauthorized","code":401,"header":[{"key":"Content-Type","value":"application/json"}],"body":"{\n  \"codigoRetorno\": {},\n  \"mensagem\": \"Acesso nao autorizado ao conteudo pesquisado - (meaning Unauthorized Access)\"\n}","cookie":[],"_postman_previewlanguage":"json"},{"id":"b402b197-6fb2-4cfe-a018-c938e3a173a5","name":"Forbidden","originalRequest":{"url":{"path":["bwa","senha-dia","v1","senha","dia"],"host":["{{baseUrl}}"],"query":[],"variable":[]},"header":[{"disabled":false,"description":"(Required) HMAC","key":"Message-Signature","value":"1tsmkG9Ip3k2rcO5cETButfP3D/RS6U8troFF+mUrno="},{"disabled":false,"description":"(Required) APigee Key","key":"Api-Key","value":"X0GW3QGOYFn4r7DHcVC8KuatUnNs6MGB'"},{"disabled":false,"description":"(Required) Oauth Key","key":"auth","value":"null"},{"disabled":false,"description":"(Required) Date - Epoch Format","key":"Timestamp","value":"1563309156733"},{"disabled":false,"description":"(Required) Randomly generated by client","key":"Client-Request-Id","value":"6NYHj9Pgyxc84rmafpwG4fjhLwFfJYFVmxJOcgziD0QN3q6mGC"},{"disabled":false,"description":"(Required) Merchant Institution Number","key":"instituicao","value":"00000003"},{"disabled":false,"description":"(Required) CPF / CNPJ","key":"documento","value":"74185296387"},{"key":"Accept","value":"application/json"}],"method":"GET","body":{}},"status":"Forbidden","code":403,"header":[{"key":"Content-Type","value":"application/json"}],"body":"{\n  \"codigoRetorno\": 3,\n  \"mensagem\": \"6 - Token expirado - (meaning Expired Token)\"\n}","cookie":[],"_postman_previewlanguage":"json"},{"id":"c68b1e0f-6f48-4134-a41c-632c3de9ae85","name":"Not Found","originalRequest":{"url":{"path":["bwa","senha-dia","v1","senha","dia"],"host":["{{baseUrl}}"],"query":[],"variable":[]},"header":[{"disabled":false,"description":"(Required) HMAC","key":"Message-Signature","value":"1tsmkG9Ip3k2rcO5cETButfP3D/RS6U8troFF+mUrno="},{"disabled":false,"description":"(Required) APigee Key","key":"Api-Key","value":"X0GW3QGOYFn4r7DHcVC8KuatUnNs6MGB'"},{"disabled":false,"description":"(Required) Oauth Key","key":"auth","value":"null"},{"disabled":false,"description":"(Required) Date - Epoch Format","key":"Timestamp","value":"1563309156733"},{"disabled":false,"description":"(Required) Randomly generated by client","key":"Client-Request-Id","value":"6NYHj9Pgyxc84rmafpwG4fjhLwFfJYFVmxJOcgziD0QN3q6mGC"},{"disabled":false,"description":"(Required) Merchant Institution Number","key":"instituicao","value":"00000003"},{"disabled":false,"description":"(Required) CPF / CNPJ","key":"documento","value":"74185296387"},{"key":"Accept","value":"application/json"}],"method":"GET","body":{}},"status":"Not Found","code":404,"header":[{"key":"Content-Type","value":"application/json"}],"body":"{\n  \"codigoRetorno\": {},\n  \"mensagem\": \"Item nao encontrado - (meaning Item not Found)\"\n}","cookie":[],"_postman_previewlanguage":"json"},{"id":"b5dd942b-d897-4a93-b05d-6516a038c23f","name":"Conflict","originalRequest":{"url":{"path":["bwa","senha-dia","v1","senha","dia"],"host":["{{baseUrl}}"],"query":[],"variable":[]},"header":[{"disabled":false,"description":"(Required) HMAC","key":"Message-Signature","value":"1tsmkG9Ip3k2rcO5cETButfP3D/RS6U8troFF+mUrno="},{"disabled":false,"description":"(Required) APigee Key","key":"Api-Key","value":"X0GW3QGOYFn4r7DHcVC8KuatUnNs6MGB'"},{"disabled":false,"description":"(Required) Oauth Key","key":"auth","value":"null"},{"disabled":false,"description":"(Required) Date - Epoch Format","key":"Timestamp","value":"1563309156733"},{"disabled":false,"description":"(Required) Randomly generated by client","key":"Client-Request-Id","value":"6NYHj9Pgyxc84rmafpwG4fjhLwFfJYFVmxJOcgziD0QN3q6mGC"},{"disabled":false,"description":"(Required) Merchant Institution Number","key":"instituicao","value":"00000003"},{"disabled":false,"description":"(Required) CPF / CNPJ","key":"documento","value":"74185296387"},{"key":"Accept","value":"application/json"}],"method":"GET","body":{}},"status":"Conflict","code":409,"header":[{"key":"Content-Type","value":"application/json"}],"body":"{\n  \"codigoRetorno\": {},\n  \"mensagem\": \"Item duplicado - (meaning Item Duplicated)\"\n}","cookie":[],"_postman_previewlanguage":"json"},{"id":"c2ff1d58-4882-4b12-9345-81a10b380a9b","name":"Internal Server Error","originalRequest":{"url":{"path":["bwa","senha-dia","v1","senha","dia"],"host":["{{baseUrl}}"],"query":[],"variable":[]},"header":[{"disabled":false,"description":"(Required) HMAC","key":"Message-Signature","value":"1tsmkG9Ip3k2rcO5cETButfP3D/RS6U8troFF+mUrno="},{"disabled":false,"description":"(Required) APigee Key","key":"Api-Key","value":"X0GW3QGOYFn4r7DHcVC8KuatUnNs6MGB'"},{"disabled":false,"description":"(Required) Oauth Key","key":"auth","value":"null"},{"disabled":false,"description":"(Required) Date - Epoch Format","key":"Timestamp","value":"1563309156733"},{"disabled":false,"description":"(Required) Randomly generated by client","key":"Client-Request-Id","value":"6NYHj9Pgyxc84rmafpwG4fjhLwFfJYFVmxJOcgziD0QN3q6mGC"},{"disabled":false,"description":"(Required) Merchant Institution Number","key":"instituicao","value":"00000003"},{"disabled":false,"description":"(Required) CPF / CNPJ","key":"documento","value":"74185296387"},{"key":"Accept","value":"application/json"}],"method":"GET","body":{}},"status":"Internal Server Error","code":500,"header":[{"key":"Content-Type","value":"application/json"}],"body":"{\n  \"codigoRetorno\": 2,\n  \"mensagem\": \"2 - Erro Interno - (meaning Internal Error)\"\n}","cookie":[],"_postman_previewlanguage":"json"}],"event":[],"protocolProfileBehavior":{"disableBodyPruning":true}}],"event":[],"variable":[{"type":"string","value":"https://cat.api.firstdata.com","key":"baseUrl"}],"info":{"_postman_id":"3b3b0d0c-d016-4279-8fa1-06a3d72abbb6","name":"Device Maintenance - Get daily password valid for the day","schema":"https://schema.getpostman.com/json/collection/v2.1.0/collection.json","description":{"content":"Device Maintenance - Get daily password valid for the day","type":"text/plain"}}}