{"item":[{"id":"33e2df7f-0da5-4488-8d34-314d1933119f","name":"Get Daily Passorword Valid for the Day","request":{"name":"Get Daily Passorword Valid for the Day","description":{"content":"Get daily password valid for the day","type":"text/plain"},"url":{"path":["bwa","senha-dia","v1","senha","dia"],"host":["{{baseUrl}}"],"query":[],"variable":[]},"header":[{"disabled":false,"description":"(Required) HMAC","key":"Message-Signature","value":"<string>"},{"disabled":false,"description":"(Required) APigee Key","key":"Api-Key","value":"<string>"},{"disabled":false,"description":"(Required) Oauth Key","key":"auth","value":"<string>"},{"disabled":false,"description":"(Required) Date - Epoch Format","key":"Timestamp","value":"<string>"},{"disabled":false,"description":"(Required) Randomly generated by client","key":"Client-Request-Id","value":"<string>"},{"disabled":false,"description":"(Required) Merchant Institution Number","key":"instituicao","value":"<string>"},{"disabled":false,"description":"(Required) CPF / CNPJ","key":"documento","value":"<string>"},{"key":"Accept","value":"application/json"}],"method":"GET","auth":null},"response":[{"id":"bdba9573-6f31-423c-b035-d56cd5a6a80e","name":"Success","originalRequest":{"url":{"path":["bwa","senha-dia","v1","senha","dia"],"host":["{{baseUrl}}"],"query":[],"variable":[]},"header":[{"disabled":false,"description":"(Required) HMAC","key":"Message-Signature","value":"1tsmkG9Ip3k2rcO5cETButfP3D/RS6U8troFF+mUrno="},{"disabled":false,"description":"(Required) APigee Key","key":"Api-Key","value":"X0GW3QGOYFn4r7DHcVC8KuatUnNs6MGB'"},{"disabled":false,"description":"(Required) Oauth Key","key":"auth","value":"null"},{"disabled":false,"description":"(Required) Date - Epoch Format","key":"Timestamp","value":"1563309156733"},{"disabled":false,"description":"(Required) Randomly generated by client","key":"Client-Request-Id","value":"6NYHj9Pgyxc84rmafpwG4fjhLwFfJYFVmxJOcgziD0QN3q6mGC"},{"disabled":false,"description":"(Required) Merchant Institution Number","key":"instituicao","value":"00000003"},{"disabled":false,"description":"(Required) CPF / CNPJ","key":"documento","value":"74185296387"},{"key":"Accept","value":"application/json"}],"method":"GET","body":{}},"status":"OK","code":200,"header":[{"key":"Content-Type","value":"application/json"}],"body":"{\n  \"codigoRetorno\": 0,\n  \"mensagem\": \"1 - Error\",\n  \"senhaDia\": \"04058100\"\n}","cookie":[],"_postman_previewlanguage":"json"},{"id":"0ab3ac60-ccb6-4ed5-809a-2bdf5cd865d0","name":"Partial Content","originalRequest":{"url":{"path":["bwa","senha-dia","v1","senha","dia"],"host":["{{baseUrl}}"],"query":[],"variable":[]},"header":[{"disabled":false,"description":"(Required) HMAC","key":"Message-Signature","value":"1tsmkG9Ip3k2rcO5cETButfP3D/RS6U8troFF+mUrno="},{"disabled":false,"description":"(Required) APigee Key","key":"Api-Key","value":"X0GW3QGOYFn4r7DHcVC8KuatUnNs6MGB'"},{"disabled":false,"description":"(Required) Oauth Key","key":"auth","value":"null"},{"disabled":false,"description":"(Required) Date - Epoch Format","key":"Timestamp","value":"1563309156733"},{"disabled":false,"description":"(Required) Randomly generated by client","key":"Client-Request-Id","value":"6NYHj9Pgyxc84rmafpwG4fjhLwFfJYFVmxJOcgziD0QN3q6mGC"},{"disabled":false,"description":"(Required) Merchant Institution Number","key":"instituicao","value":"00000003"},{"disabled":false,"description":"(Required) CPF / CNPJ","key":"documento","value":"74185296387"},{"key":"Accept","value":"application/json"}],"method":"GET","body":{}},"status":"Partial Content","code":206,"header":[{"key":"Content-Type","value":"application/json"}],"body":"{\n  \"codigoRetorno\": 9,\n  \"mensagem\": \"9 - Campos mandatorios - (meaning Mandatory Fields Missing\"\n}","cookie":[],"_postman_previewlanguage":"json"},{"id":"3beb2d35-fad5-4da4-ab30-05a0bdb0ce17","name":"Unauthorized","originalRequest":{"url":{"path":["bwa","senha-dia","v1","senha","dia"],"host":["{{baseUrl}}"],"query":[],"variable":[]},"header":[{"disabled":false,"description":"(Required) HMAC","key":"Message-Signature","value":"1tsmkG9Ip3k2rcO5cETButfP3D/RS6U8troFF+mUrno="},{"disabled":false,"description":"(Required) APigee Key","key":"Api-Key","value":"X0GW3QGOYFn4r7DHcVC8KuatUnNs6MGB'"},{"disabled":false,"description":"(Required) Oauth Key","key":"auth","value":"null"},{"disabled":false,"description":"(Required) Date - Epoch Format","key":"Timestamp","value":"1563309156733"},{"disabled":false,"description":"(Required) Randomly generated by client","key":"Client-Request-Id","value":"6NYHj9Pgyxc84rmafpwG4fjhLwFfJYFVmxJOcgziD0QN3q6mGC"},{"disabled":false,"description":"(Required) Merchant Institution Number","key":"instituicao","value":"00000003"},{"disabled":false,"description":"(Required) CPF / CNPJ","key":"documento","value":"74185296387"},{"key":"Accept","value":"application/json"}],"method":"GET","body":{}},"status":"Unauthorized","code":401,"header":[{"key":"Content-Type","value":"application/json"}],"body":"{\n  \"codigoRetorno\": {},\n  \"mensagem\": \"Acesso nao autorizado ao conteudo pesquisado - (meaning Unauthorized Access)\"\n}","cookie":[],"_postman_previewlanguage":"json"},{"id":"a88f6a84-01e8-4882-9e91-717910485ca9","name":"Forbidden","originalRequest":{"url":{"path":["bwa","senha-dia","v1","senha","dia"],"host":["{{baseUrl}}"],"query":[],"variable":[]},"header":[{"disabled":false,"description":"(Required) HMAC","key":"Message-Signature","value":"1tsmkG9Ip3k2rcO5cETButfP3D/RS6U8troFF+mUrno="},{"disabled":false,"description":"(Required) APigee Key","key":"Api-Key","value":"X0GW3QGOYFn4r7DHcVC8KuatUnNs6MGB'"},{"disabled":false,"description":"(Required) Oauth Key","key":"auth","value":"null"},{"disabled":false,"description":"(Required) Date - Epoch Format","key":"Timestamp","value":"1563309156733"},{"disabled":false,"description":"(Required) Randomly generated by client","key":"Client-Request-Id","value":"6NYHj9Pgyxc84rmafpwG4fjhLwFfJYFVmxJOcgziD0QN3q6mGC"},{"disabled":false,"description":"(Required) Merchant Institution Number","key":"instituicao","value":"00000003"},{"disabled":false,"description":"(Required) CPF / CNPJ","key":"documento","value":"74185296387"},{"key":"Accept","value":"application/json"}],"method":"GET","body":{}},"status":"Forbidden","code":403,"header":[{"key":"Content-Type","value":"application/json"}],"body":"{\n  \"codigoRetorno\": 3,\n  \"mensagem\": \"3 - Acesso negado - (meaning Access Denied)\"\n}","cookie":[],"_postman_previewlanguage":"json"},{"id":"32f9b0de-b271-4a78-a7a6-93dcc1bc45c0","name":"Not Found","originalRequest":{"url":{"path":["bwa","senha-dia","v1","senha","dia"],"host":["{{baseUrl}}"],"query":[],"variable":[]},"header":[{"disabled":false,"description":"(Required) HMAC","key":"Message-Signature","value":"1tsmkG9Ip3k2rcO5cETButfP3D/RS6U8troFF+mUrno="},{"disabled":false,"description":"(Required) APigee Key","key":"Api-Key","value":"X0GW3QGOYFn4r7DHcVC8KuatUnNs6MGB'"},{"disabled":false,"description":"(Required) Oauth Key","key":"auth","value":"null"},{"disabled":false,"description":"(Required) Date - Epoch Format","key":"Timestamp","value":"1563309156733"},{"disabled":false,"description":"(Required) Randomly generated by client","key":"Client-Request-Id","value":"6NYHj9Pgyxc84rmafpwG4fjhLwFfJYFVmxJOcgziD0QN3q6mGC"},{"disabled":false,"description":"(Required) Merchant Institution Number","key":"instituicao","value":"00000003"},{"disabled":false,"description":"(Required) CPF / CNPJ","key":"documento","value":"74185296387"},{"key":"Accept","value":"application/json"}],"method":"GET","body":{}},"status":"Not Found","code":404,"header":[{"key":"Content-Type","value":"application/json"}],"body":"{\n  \"codigoRetorno\": {},\n  \"mensagem\": \"Item nao encontrado - (meaning Item not Found)\"\n}","cookie":[],"_postman_previewlanguage":"json"},{"id":"e3dd60d3-240f-4924-a811-f311158e737b","name":"Conflict","originalRequest":{"url":{"path":["bwa","senha-dia","v1","senha","dia"],"host":["{{baseUrl}}"],"query":[],"variable":[]},"header":[{"disabled":false,"description":"(Required) HMAC","key":"Message-Signature","value":"1tsmkG9Ip3k2rcO5cETButfP3D/RS6U8troFF+mUrno="},{"disabled":false,"description":"(Required) APigee Key","key":"Api-Key","value":"X0GW3QGOYFn4r7DHcVC8KuatUnNs6MGB'"},{"disabled":false,"description":"(Required) Oauth Key","key":"auth","value":"null"},{"disabled":false,"description":"(Required) Date - Epoch Format","key":"Timestamp","value":"1563309156733"},{"disabled":false,"description":"(Required) Randomly generated by client","key":"Client-Request-Id","value":"6NYHj9Pgyxc84rmafpwG4fjhLwFfJYFVmxJOcgziD0QN3q6mGC"},{"disabled":false,"description":"(Required) Merchant Institution Number","key":"instituicao","value":"00000003"},{"disabled":false,"description":"(Required) CPF / CNPJ","key":"documento","value":"74185296387"},{"key":"Accept","value":"application/json"}],"method":"GET","body":{}},"status":"Conflict","code":409,"header":[{"key":"Content-Type","value":"application/json"}],"body":"{\n  \"codigoRetorno\": {},\n  \"mensagem\": \"Item duplicado - (meaning Item Duplicated)\"\n}","cookie":[],"_postman_previewlanguage":"json"},{"id":"3b4647bf-8fe7-4bd4-afb0-d659b278e116","name":"Internal Server Error","originalRequest":{"url":{"path":["bwa","senha-dia","v1","senha","dia"],"host":["{{baseUrl}}"],"query":[],"variable":[]},"header":[{"disabled":false,"description":"(Required) HMAC","key":"Message-Signature","value":"1tsmkG9Ip3k2rcO5cETButfP3D/RS6U8troFF+mUrno="},{"disabled":false,"description":"(Required) APigee Key","key":"Api-Key","value":"X0GW3QGOYFn4r7DHcVC8KuatUnNs6MGB'"},{"disabled":false,"description":"(Required) Oauth Key","key":"auth","value":"null"},{"disabled":false,"description":"(Required) Date - Epoch Format","key":"Timestamp","value":"1563309156733"},{"disabled":false,"description":"(Required) Randomly generated by client","key":"Client-Request-Id","value":"6NYHj9Pgyxc84rmafpwG4fjhLwFfJYFVmxJOcgziD0QN3q6mGC"},{"disabled":false,"description":"(Required) Merchant Institution Number","key":"instituicao","value":"00000003"},{"disabled":false,"description":"(Required) CPF / CNPJ","key":"documento","value":"74185296387"},{"key":"Accept","value":"application/json"}],"method":"GET","body":{}},"status":"Internal Server Error","code":500,"header":[{"key":"Content-Type","value":"application/json"}],"body":"{\n  \"codigoRetorno\": 2,\n  \"mensagem\": \"2 - Erro Interno - (meaning Internal Error)\"\n}","cookie":[],"_postman_previewlanguage":"json"}],"event":[],"protocolProfileBehavior":{"disableBodyPruning":true}}],"event":[],"variable":[{"type":"string","value":"https://cat.api.firstdata.com","key":"baseUrl"}],"info":{"_postman_id":"c8530853-562d-47cf-84d4-bc0f5d7ceac0","name":"Device Maintenance - Get daily password valid for the day","schema":"https://schema.getpostman.com/json/collection/v2.1.0/collection.json","description":{"content":"Device Maintenance - Get daily password valid for the day","type":"text/plain"}}}