{"item":[{"id":"c4cb01ab-9a5f-4a38-97c6-441471a77d16","name":"bwa/device-fees","item":[{"id":"d51c40b9-bd85-4a10-9566-322f3eadde01","name":"Search for Device Fees based on Merchant Institution and Merchant Code","request":{"name":"Search for Device Fees based on Merchant Institution and Merchant Code","description":{"content":"Merchant Devices and Fees - Consult","type":"text/plain"},"url":{"path":["bwa","device-fees",":institution",":merchanID"],"host":["{{baseUrl}}"],"query":[],"variable":[{"disabled":false,"type":"any","value":"<string>","key":"institution","description":"(Required) Merchant Institution Number"},{"disabled":false,"type":"any","value":"<string>","key":"merchanID","description":"(Required) Merchant Code"}]},"header":[{"disabled":false,"description":"(Required) HMAC","key":"Message-Signature","value":"<string>"},{"disabled":false,"description":"(Required) APigee Key","key":"Api-Key","value":"<string>"},{"disabled":false,"description":"(Required) Oauth Key","key":"auth","value":"<string>"},{"disabled":false,"description":"(Required) Date - Epoch Format","key":"Timestamp","value":"<string>"},{"disabled":false,"description":"(Required) Randomly generated by client","key":"Client-Request-Id","value":"<string>"},{"key":"Accept","value":"application/json"}],"method":"GET","auth":null},"response":[{"id":"e7e1e8a2-7af2-48c2-994c-b674ecd35025","name":"Successfully Done","originalRequest":{"url":{"path":["bwa","device-fees",":institution",":merchanID"],"host":["{{baseUrl}}"],"query":[],"variable":[{"disabled":false,"type":"any","value":"<string>","key":"institution","description":"(Required) Merchant Institution Number"},{"disabled":false,"type":"any","value":"<string>","key":"merchanID","description":"(Required) Merchant Code"}]},"header":[{"disabled":false,"description":"(Required) HMAC","key":"Message-Signature","value":"1tsmkG9Ip3k2rcO5cETButfP3D/RS6U8troFF+mUrno="},{"disabled":false,"description":"(Required) APigee Key","key":"Api-Key","value":"X0GW3QGOYFn4r7DHcVC8KuatUnNs6MGB"},{"disabled":false,"description":"(Required) Oauth Key","key":"auth","value":""},{"disabled":false,"description":"(Required) Date - Epoch Format","key":"Timestamp","value":"1563309156733"},{"disabled":false,"description":"(Required) Randomly generated by client","key":"Client-Request-Id","value":"6NYHj9Pgyxc84rmafpwG4fjhLwFfJYFVmxJOcgziD0QN3q6mGC"},{"key":"Accept","value":"application/json"}],"method":"GET","body":{}},"status":"OK","code":200,"header":[{"key":"Content-Type","value":"application/json"}],"body":"{\n  \"codigoRetorno\": \"04 - Código da instituição inválida - (meaning Invalid Institution)\",\n  \"descricaoRetorno\": \"06 - Data Efetiva inválida - (meaning invalid Effective Date)\",\n  \"numeroInstituicao\": \"00000003\",\n  \"numeroMerchant\": \"91002806\",\n  \"terminal\": [\n    {\n      \"numeroSerie\": \"16352WL34172963\",\n      \"numeroLogico\": \"GPR13903\",\n      \"modeloTerminal\": \"377 - POS Web\",\n      \"descricaoModeloTerminal\": \"380 - POS MP5\",\n      \"currentVersion\": \"11.00.17.04.b02-fdb\",\n      \"browserVersion\": \"0214x\",\n      \"lastVisit\": \"nostrud exercitation occaecat ips\",\n      \"infoTerminal\": \"Celular,OP:CLARO,USER:claro,PASS:claro,GAPN:gprsnac.com.br,GPIN:,COND:RMDM,MDMMODEL:,MDMSERIAL:35241XXXXXXX08364,SIMCARDID:8955053XXXX030191083,GSIGNAL:25%,MODEL:MOVE50003GWB-C,APP:11.00.17.04.b02-fdb,EMVVR:838    ,PAG:0214x,BTDKD:true,BTCRG:100%\",\n      \"deviceId\": \"Taxa Móve*l GPRS POS\",\n      \"feePercentage\": \"0.00\",\n      \"feeBase\": \"94.00\",\n      \"feeMin\": \"0.00\",\n      \"feeMax\": \"0.00\",\n      \"effectiveDate\": \"20191010\",\n      \"expireDate\": \"20191020\",\n      \"feeMode\": \"001\",\n      \"status\": \"ACTIVE\"\n    },\n    {\n      \"numeroSerie\": \"16352WL34172963\",\n      \"numeroLogico\": \"GPR13903\",\n      \"modeloTerminal\": \"365 - POS Wifi GPRS\",\n      \"descricaoModeloTerminal\": \"366 - POS Wifi\",\n      \"currentVersion\": \"11.00.17.04.b02-fdb\",\n      \"browserVersion\": \"0214x\",\n      \"lastVisit\": \"irure elit do sunt\",\n      \"infoTerminal\": \"Celular,OP:CLARO,USER:claro,PASS:claro,GAPN:gprsnac.com.br,GPIN:,COND:RMDM,MDMMODEL:,MDMSERIAL:35241XXXXXXX08364,SIMCARDID:8955053XXXX030191083,GSIGNAL:25%,MODEL:MOVE50003GWB-C,APP:11.00.17.04.b02-fdb,EMVVR:838    ,PAG:0214x,BTDKD:true,BTCRG:100%\",\n      \"deviceId\": \"Taxa Móve*l GPRS POS\",\n      \"feePercentage\": \"0.00\",\n      \"feeBase\": \"94.00\",\n      \"feeMin\": \"0.00\",\n      \"feeMax\": \"0.00\",\n      \"effectiveDate\": \"20191010\",\n      \"expireDate\": \"20191020\",\n      \"feeMode\": \"001\",\n      \"status\": \"ACTIVE\"\n    }\n  ]\n}","cookie":[],"_postman_previewlanguage":"json"}],"event":[],"protocolProfileBehavior":{"disableBodyPruning":true}},{"id":"0e8cb446-627e-454f-8312-7b28565a4f01","name":"Search for Device Fees based on Merchant Institution and Merchant Code - Changed the resource name","request":{"name":"Search for Device Fees based on Merchant Institution and Merchant Code - Changed the resource name","description":{"content":"Search for Device Fees based on Merchant Institution and Merchant Code - Changed the resource name","type":"text/plain"},"url":{"path":["bwa","device-fees","v2"],"host":["{{baseUrl}}"],"query":[],"variable":[]},"header":[{"disabled":false,"description":"(Required) HMAC","key":"Message-Signature","value":"<string>"},{"disabled":false,"description":"(Required) APigee Key","key":"Api-Key","value":"<string>"},{"disabled":false,"description":"(Required) Oauth Key","key":"auth","value":"<string>"},{"disabled":false,"description":"(Required) Date - Epoch Format","key":"Timestamp","value":"<string>"},{"disabled":false,"description":"(Required) Randomly generated by client","key":"Client-Request-Id","value":"<string>"},{"disabled":false,"description":"(Required) Merchant Institution Number","key":"institution","value":"<string>"},{"disabled":false,"description":"(Required) Merchant Code","key":"merchant","value":"<string>"},{"key":"Accept","value":"application/json"}],"method":"GET","auth":null},"response":[{"id":"bf3b6ffd-82fe-44d2-927f-9053a8fbf0f6","name":"Successfully Done","originalRequest":{"url":{"path":["bwa","device-fees","v2"],"host":["{{baseUrl}}"],"query":[],"variable":[]},"header":[{"disabled":false,"description":"(Required) HMAC","key":"Message-Signature","value":"1tsmkG9Ip3k2rcO5cETButfP3D/RS6U8troFF+mUrno="},{"disabled":false,"description":"(Required) APigee Key","key":"Api-Key","value":"X0GW3QGOYFn4r7DHcVC8KuatUnNs6MGB"},{"disabled":false,"description":"(Required) Oauth Key","key":"auth","value":""},{"disabled":false,"description":"(Required) Date - Epoch Format","key":"Timestamp","value":"1563309156733"},{"disabled":false,"description":"(Required) Randomly generated by client","key":"Client-Request-Id","value":"6NYHj9Pgyxc84rmafpwG4fjhLwFfJYFVmxJOcgziD0QN3q6mGC"},{"disabled":false,"description":"(Required) Merchant Institution Number","key":"institution","value":"00000003"},{"disabled":false,"description":"(Required) Merchant Code","key":"merchant","value":"91002806"},{"key":"Accept","value":"application/json"}],"method":"GET","body":{}},"status":"OK","code":200,"header":[{"key":"Content-Type","value":"application/json"}],"body":"{\n  \"codigoRetorno\": \"03 - Terminal não está ativo - (meaning Device is not active)\",\n  \"mensagem\": \"14 - Usuário inválido - (meaning Invalid User)\",\n  \"conteudo\": [\n    {\n      \"numeroSerie\": \"16352WL34172963\",\n      \"numeroLogico\": \"GPR13903\",\n      \"modeloTerminal\": \"389 - BeautyFair_Move\",\n      \"descricaoModeloTerminal\": \"354 - Clover Mini Wi-Fi\",\n      \"currentVersion\": \"11.00.17.04.b02-fdb\",\n      \"browserVersion\": \"0214x\",\n      \"lastVisit\": \"\",\n      \"infoTerminal\": \"Celular,OP:CLARO,USER:claro,PASS:claro,GAPN:gprsnac.com.br,GPIN:,COND:RMDM,MDMMODEL:,MDMSERIAL:35241XXXXXXX08364,SIMCARDID:8955053XXXX030191083,GSIGNAL:25%,MODEL:MOVE50003GWB-C,APP:11.00.17.04.b02-fdb,EMVVR:838    ,PAG:0214x,BTDKD:true,BTCRG:100%\",\n      \"deviceId\": \"Taxa Móvel GPRS POS\",\n      \"feePercentage\": \"0.00\",\n      \"feeBase\": \"94.00\",\n      \"feeMin\": \"0.00\",\n      \"feeMax\": \"0.00\",\n      \"effectiveDate\": \"20191010\",\n      \"expiryDate\": \"20191020\",\n      \"feeMode\": \"001\",\n      \"status\": \"ACTIVE\"\n    },\n    {\n      \"numeroSerie\": \"16352WL34172963\",\n      \"numeroLogico\": \"GPR13903\",\n      \"modeloTerminal\": \"352 - Mobile POS\",\n      \"descricaoModeloTerminal\": \"452 - MP 15 - Gertec\",\n      \"currentVersion\": \"11.00.17.04.b02-fdb\",\n      \"browserVersion\": \"0214x\",\n      \"lastVisit\": \"\",\n      \"infoTerminal\": \"Celular,OP:CLARO,USER:claro,PASS:claro,GAPN:gprsnac.com.br,GPIN:,COND:RMDM,MDMMODEL:,MDMSERIAL:35241XXXXXXX08364,SIMCARDID:8955053XXXX030191083,GSIGNAL:25%,MODEL:MOVE50003GWB-C,APP:11.00.17.04.b02-fdb,EMVVR:838    ,PAG:0214x,BTDKD:true,BTCRG:100%\",\n      \"deviceId\": \"Taxa Móvel GPRS POS\",\n      \"feePercentage\": \"0.00\",\n      \"feeBase\": \"94.00\",\n      \"feeMin\": \"0.00\",\n      \"feeMax\": \"0.00\",\n      \"effectiveDate\": \"20191010\",\n      \"expiryDate\": \"20191020\",\n      \"feeMode\": \"001\",\n      \"status\": \"ACTIVE\"\n    }\n  ]\n}","cookie":[],"_postman_previewlanguage":"json"}],"event":[],"protocolProfileBehavior":{"disableBodyPruning":true}},{"id":"522e0cdc-0732-4e8f-ad4e-ac75de6ea8e2","name":"Search for Device Service Types","request":{"name":"Search for Device Service Types","description":{"content":"Search for Device Service Types","type":"text/plain"},"url":{"path":["bwa","device-fees","device-service"],"host":["{{baseUrl}}"],"query":[],"variable":[]},"header":[{"disabled":false,"description":"(Required) HMAC","key":"Message-Signature","value":"<string>"},{"disabled":false,"description":"(Required) APigee Key","key":"Api-Key","value":"<string>"},{"disabled":false,"description":"(Required) Oauth Key","key":"auth","value":"<string>"},{"disabled":false,"description":"(Required) Date - Epoch Format","key":"Timestamp","value":"<string>"},{"disabled":false,"description":"(Required) Randomly generated by client","key":"Client-Request-Id","value":"<string>"},{"disabled":false,"description":"(Required) Merchant Institution Number","key":"institution","value":"<string>"},{"disabled":false,"description":"(Required) Merchant Code","key":"merchant","value":"<string>"},{"disabled":false,"description":"(Required) Terminal Code","key":"terminalId","value":"<string>"},{"key":"Accept","value":"application/json"}],"method":"GET","auth":null},"response":[{"id":"17a4e44b-f85d-4fe6-ad49-69696dccc715","name":"Successfully Done","originalRequest":{"url":{"path":["bwa","device-fees","device-service"],"host":["{{baseUrl}}"],"query":[],"variable":[]},"header":[{"disabled":false,"description":"(Required) HMAC","key":"Message-Signature","value":"1tsmkG9Ip3k2rcO5cETButfP3D/RS6U8troFF+mUrno="},{"disabled":false,"description":"(Required) APigee Key","key":"Api-Key","value":"X0GW3QGOYFn4r7DHcVC8KuatUnNs6MGB"},{"disabled":false,"description":"(Required) Oauth Key","key":"auth","value":""},{"disabled":false,"description":"(Required) Date - Epoch Format","key":"Timestamp","value":"1563309156733"},{"disabled":false,"description":"(Required) Randomly generated by client","key":"Client-Request-Id","value":"6NYHj9Pgyxc84rmafpwG4fjhLwFfJYFVmxJOcgziD0QN3q6mGC"},{"disabled":false,"description":"(Required) Merchant Institution Number","key":"institution","value":"00000005"},{"disabled":false,"description":"(Required) Merchant Code","key":"merchant","value":"50500174"},{"disabled":false,"description":"(Required) Terminal Code","key":"terminalId","value":"GPRG0QOH"},{"key":"Accept","value":"application/json"}],"method":"GET","body":{}},"status":"OK","code":200,"header":[{"key":"Content-Type","value":"application/json"}],"body":"{\n  \"codigoRetorno\": \"00 - Sucesso.\",\n  \"descricaoRetorno\": \"00 - Sucesso. - (meaning Successfully Dine)\",\n  \"conteudo\": [\n    {\n      \"manualEntry\": \"N\",\n      \"foreignCardFlag\": \"Y\",\n      \"preAuthorization\": \"Y\"\n    },\n    {\n      \"manualEntry\": \"N\",\n      \"foreignCardFlag\": \"Y\",\n      \"preAuthorization\": \"Y\"\n    }\n  ]\n}","cookie":[],"_postman_previewlanguage":"json"}],"event":[],"protocolProfileBehavior":{"disableBodyPruning":true}}],"event":[]}],"event":[],"variable":[{"type":"string","value":"https://cat.api.firstdata.com","key":"baseUrl"}],"info":{"_postman_id":"fa8fb430-4702-4c5f-a2df-cb1123bc2c69","name":"Search for Device Informations","schema":"https://schema.getpostman.com/json/collection/v2.1.0/collection.json","description":{"content":"Search for Device Informations","type":"text/plain"}}}