{"item":[{"id":"7a982d1c-5090-432e-8aab-f1d8a789dfc5","name":"Search for Available Devices by Merchant Code","request":{"name":"Search for Available Devices by Merchant Code","description":{"content":"Search for Available Devices by Merchant Code","type":"text/plain"},"url":{"path":["bwa","tecnologia","habilitadas-ec"],"host":["{{baseUrl}}"],"query":[],"variable":[]},"header":[{"disabled":false,"description":"(Required) APIGEE key","key":"Api-Key","value":"<string>"},{"disabled":false,"description":"(Required) Randomly generated by client","key":"Client-Request-Id","value":"<string>"},{"disabled":false,"description":"(Required) HMAC","key":"Message-Signature","value":"<string>"},{"disabled":false,"description":"(Required) Date - Epoch format","key":"Timestamp","value":"<string>"},{"disabled":false,"description":"(Required) Oauth Key","key":"auth","value":"<string>"},{"disabled":false,"description":"(Required) Merchant Institution Number","key":"instituicao","value":"<string>"},{"disabled":false,"description":"(Required) Merchant Code","key":"merchant","value":"<string>"},{"disabled":false,"description":"(Required) Merchant Service Contract","key":"service-contract","value":"<string>"},{"key":"Accept","value":"application/json"}],"method":"GET","auth":{"type":"apikey","apikey":[{"key":"key","value":"Authorization"},{"key":"value","value":"{{apiKey}}"},{"key":"in","value":"header"}]}},"response":[{"id":"6f78dc44-a213-4b7c-9669-68b0268bebdc","name":"Sucesso","originalRequest":{"url":{"path":["bwa","tecnologia","habilitadas-ec"],"host":["{{baseUrl}}"],"query":[],"variable":[]},"header":[{"description":{"content":"Added as a part of security scheme: apikey","type":"text/plain"},"key":"Authorization","value":"<API Key>"},{"disabled":false,"description":"(Required) APIGEE key","key":"Api-Key","value":"X0GW3QGOYFn4r7DHcVC8KuatUnNs6MGB"},{"disabled":false,"description":"(Required) Randomly generated by client","key":"Client-Request-Id","value":"6NYHj9Pgyxc84rmafpwG4fjhLwFfJYFVmxJOcgziD0QN3q6mGC"},{"disabled":false,"description":"(Required) HMAC","key":"Message-Signature","value":"1tmsmkG9Ip3k2rc05cETButf3PD/RS6U8troFF+mUrno="},{"disabled":false,"description":"(Required) Date - Epoch format","key":"Timestamp","value":"1563309156733"},{"disabled":false,"description":"(Required) Oauth Key","key":"auth","value":"<string>"},{"disabled":false,"description":"(Required) Merchant Institution Number","key":"instituicao","value":"00000003"},{"disabled":false,"description":"(Required) Merchant Code","key":"merchant","value":"24041964"},{"disabled":false,"description":"(Required) Merchant Service Contract","key":"service-contract","value":"101"},{"key":"Accept","value":"application/json"}],"method":"GET","body":{}},"status":"OK","code":200,"header":[{"key":"Content-Type","value":"application/json"}],"body":"{\n  \"codigoRetorno\": 0,\n  \"mensagem\": \"Successfully Done\",\n  \"conteudo\": {\n    \"tecnologias\": [\n      {\n        \"codigo\": \"PGW\",\n        \"id\": \"300 - ETH POS ISO\"\n      },\n      {\n        \"codigo\": \"PGW\",\n        \"id\": \"369 - PNM POS Crefisinha\"\n      }\n    ]\n  }\n}","cookie":[],"_postman_previewlanguage":"json"},{"id":"68e0ce47-2950-4636-b5e9-796bfa515109","name":"Invalid Information","originalRequest":{"url":{"path":["bwa","tecnologia","habilitadas-ec"],"host":["{{baseUrl}}"],"query":[],"variable":[]},"header":[{"description":{"content":"Added as a part of security scheme: apikey","type":"text/plain"},"key":"Authorization","value":"<API Key>"},{"disabled":false,"description":"(Required) APIGEE key","key":"Api-Key","value":"X0GW3QGOYFn4r7DHcVC8KuatUnNs6MGB"},{"disabled":false,"description":"(Required) Randomly generated by client","key":"Client-Request-Id","value":"6NYHj9Pgyxc84rmafpwG4fjhLwFfJYFVmxJOcgziD0QN3q6mGC"},{"disabled":false,"description":"(Required) HMAC","key":"Message-Signature","value":"1tmsmkG9Ip3k2rc05cETButf3PD/RS6U8troFF+mUrno="},{"disabled":false,"description":"(Required) Date - Epoch format","key":"Timestamp","value":"1563309156733"},{"disabled":false,"description":"(Required) Oauth Key","key":"auth","value":"<string>"},{"disabled":false,"description":"(Required) Merchant Institution Number","key":"instituicao","value":"00000003"},{"disabled":false,"description":"(Required) Merchant Code","key":"merchant","value":"24041964"},{"disabled":false,"description":"(Required) Merchant Service Contract","key":"service-contract","value":"101"}],"method":"GET","body":{}},"status":"Bad Request","code":400,"header":[{"key":"Content-Type","value":"text/plain"}],"body":"","cookie":[],"_postman_previewlanguage":"text"},{"id":"128592e8-7213-4b7f-8b90-28f668c8ac64","name":"Unauthorized","originalRequest":{"url":{"path":["bwa","tecnologia","habilitadas-ec"],"host":["{{baseUrl}}"],"query":[],"variable":[]},"header":[{"description":{"content":"Added as a part of security scheme: apikey","type":"text/plain"},"key":"Authorization","value":"<API Key>"},{"disabled":false,"description":"(Required) APIGEE key","key":"Api-Key","value":"X0GW3QGOYFn4r7DHcVC8KuatUnNs6MGB"},{"disabled":false,"description":"(Required) Randomly generated by client","key":"Client-Request-Id","value":"6NYHj9Pgyxc84rmafpwG4fjhLwFfJYFVmxJOcgziD0QN3q6mGC"},{"disabled":false,"description":"(Required) HMAC","key":"Message-Signature","value":"1tmsmkG9Ip3k2rc05cETButf3PD/RS6U8troFF+mUrno="},{"disabled":false,"description":"(Required) Date - Epoch format","key":"Timestamp","value":"1563309156733"},{"disabled":false,"description":"(Required) Oauth Key","key":"auth","value":"<string>"},{"disabled":false,"description":"(Required) Merchant Institution Number","key":"instituicao","value":"00000003"},{"disabled":false,"description":"(Required) Merchant Code","key":"merchant","value":"24041964"},{"disabled":false,"description":"(Required) Merchant Service Contract","key":"service-contract","value":"101"}],"method":"GET","body":{}},"status":"Unauthorized","code":401,"header":[{"key":"Content-Type","value":"text/plain"}],"body":"","cookie":[],"_postman_previewlanguage":"text"},{"id":"6cd84a34-9c49-47b0-9a0a-b00a8a31e2a4","name":"Forbidden","originalRequest":{"url":{"path":["bwa","tecnologia","habilitadas-ec"],"host":["{{baseUrl}}"],"query":[],"variable":[]},"header":[{"description":{"content":"Added as a part of security scheme: apikey","type":"text/plain"},"key":"Authorization","value":"<API Key>"},{"disabled":false,"description":"(Required) APIGEE key","key":"Api-Key","value":"X0GW3QGOYFn4r7DHcVC8KuatUnNs6MGB"},{"disabled":false,"description":"(Required) Randomly generated by client","key":"Client-Request-Id","value":"6NYHj9Pgyxc84rmafpwG4fjhLwFfJYFVmxJOcgziD0QN3q6mGC"},{"disabled":false,"description":"(Required) HMAC","key":"Message-Signature","value":"1tmsmkG9Ip3k2rc05cETButf3PD/RS6U8troFF+mUrno="},{"disabled":false,"description":"(Required) Date - Epoch format","key":"Timestamp","value":"1563309156733"},{"disabled":false,"description":"(Required) Oauth Key","key":"auth","value":"<string>"},{"disabled":false,"description":"(Required) Merchant Institution Number","key":"instituicao","value":"00000003"},{"disabled":false,"description":"(Required) Merchant Code","key":"merchant","value":"24041964"},{"disabled":false,"description":"(Required) Merchant Service Contract","key":"service-contract","value":"101"}],"method":"GET","body":{}},"status":"Forbidden","code":403,"header":[{"key":"Content-Type","value":"text/plain"}],"body":"","cookie":[],"_postman_previewlanguage":"text"},{"id":"6f8181f7-9935-4441-bd5b-aba794ef6d05","name":"Not Found","originalRequest":{"url":{"path":["bwa","tecnologia","habilitadas-ec"],"host":["{{baseUrl}}"],"query":[],"variable":[]},"header":[{"description":{"content":"Added as a part of security scheme: apikey","type":"text/plain"},"key":"Authorization","value":"<API Key>"},{"disabled":false,"description":"(Required) APIGEE key","key":"Api-Key","value":"X0GW3QGOYFn4r7DHcVC8KuatUnNs6MGB"},{"disabled":false,"description":"(Required) Randomly generated by client","key":"Client-Request-Id","value":"6NYHj9Pgyxc84rmafpwG4fjhLwFfJYFVmxJOcgziD0QN3q6mGC"},{"disabled":false,"description":"(Required) HMAC","key":"Message-Signature","value":"1tmsmkG9Ip3k2rc05cETButf3PD/RS6U8troFF+mUrno="},{"disabled":false,"description":"(Required) Date - Epoch format","key":"Timestamp","value":"1563309156733"},{"disabled":false,"description":"(Required) Oauth Key","key":"auth","value":"<string>"},{"disabled":false,"description":"(Required) Merchant Institution Number","key":"instituicao","value":"00000003"},{"disabled":false,"description":"(Required) Merchant Code","key":"merchant","value":"24041964"},{"disabled":false,"description":"(Required) Merchant Service Contract","key":"service-contract","value":"101"}],"method":"GET","body":{}},"status":"Not Found","code":404,"header":[{"key":"Content-Type","value":"text/plain"}],"body":"","cookie":[],"_postman_previewlanguage":"text"}],"event":[],"protocolProfileBehavior":{"disableBodyPruning":true}}],"event":[],"variable":[{"type":"string","value":"https://cat.api.firstdata.com","key":"baseUrl"}],"info":{"_postman_id":"011cf01e-2f5d-49fd-8c17-6ee894e33476","name":"Search for Available Devices by Merchant Code","schema":"https://schema.getpostman.com/json/collection/v2.1.0/collection.json","description":{"content":"Search for Available Devices by Merchant Code","type":"text/plain"}}}