{"item":[{"id":"c4c98382-070c-48de-b4a3-a3684763c1b9","name":"fiws/v1","item":[{"id":"07121929-bfe6-4cf2-a27f-6ed15ae4e553","name":"Processes Message Feed ","request":{"name":"Processes Message Feed ","description":{"content":"Processing Message Feed Request for a loan number","type":"text/plain"},"url":{"path":["fiws","v1","reportMessage"],"host":["{{baseUrl}}"],"query":[],"variable":[]},"header":[{"key":"Content-Type","value":"application/x-www-form-urlencoded"},{"key":"Accept","value":"application/json"}],"method":"POST","auth":null,"body":{"mode":"urlencoded","urlencoded":[{"disabled":false,"key":"entityRid","value":"<string>"},{"disabled":false,"key":"entityName","value":"<string>"},{"disabled":false,"key":"campaignRid","value":"<string>"},{"disabled":false,"key":"campaignName","value":"<string>"},{"disabled":false,"key":"templateName","value":"<string>"},{"disabled":false,"key":"jobRid","value":"<string>"},{"disabled":false,"key":"jobCreatedDate","value":"<string>"},{"disabled":false,"key":"messageDeliveredDate","value":"<string>"},{"disabled":false,"key":"messageFailedDate","value":"<string>"},{"disabled":false,"key":"templateCode","value":"<string>"},{"disabled":false,"key":"customCode","value":"<string>"},{"disabled":false,"key":"authorizedLinkClicked","value":"<string>"},{"disabled":false,"key":"authorizedLinkClickedDate","value":"<string>"},{"disabled":false,"key":"actionDescription","value":"<string>"},{"disabled":false,"key":"actionDate","value":"<string>"}]}},"response":[{"id":"5402c6b2-2b11-43a2-8623-a60fed416a74","name":"successful operation","originalRequest":{"url":{"path":["fiws","v1","reportMessage"],"host":["{{baseUrl}}"],"query":[],"variable":[]},"header":[{"key":"Accept","value":"application/json"}],"method":"POST","body":{"mode":"urlencoded","urlencoded":[{"disabled":false,"key":"entityRid","value":"<string>"},{"disabled":false,"key":"entityName","value":"<string>"},{"disabled":false,"key":"campaignRid","value":"<string>"},{"disabled":false,"key":"campaignName","value":"<string>"},{"disabled":false,"key":"templateName","value":"<string>"},{"disabled":false,"key":"jobRid","value":"<string>"},{"disabled":false,"key":"jobCreatedDate","value":"<string>"},{"disabled":false,"key":"messageDeliveredDate","value":"<string>"},{"disabled":false,"key":"messageFailedDate","value":"<string>"},{"disabled":false,"key":"templateCode","value":"<string>"},{"disabled":false,"key":"customCode","value":"<string>"},{"disabled":false,"key":"authorizedLinkClicked","value":"<string>"},{"disabled":false,"key":"authorizedLinkClickedDate","value":"<string>"},{"disabled":false,"key":"actionDescription","value":"<string>"},{"disabled":false,"key":"actionDate","value":"<string>"}]}},"status":"OK","code":200,"header":[{"key":"Content-Type","value":"application/json"}],"body":"{\n  \"common\": {\n    \"user\": \"ex proident deserunt consequat non\",\n    \"agent\": \"4000\",\n    \"cycle\": \"T\",\n    \"clientNumber\": \"1000\",\n    \"system\": \"2000\",\n    \"prin\": \"3000\",\n    \"debug\": false,\n    \"org\": \"labore in exercitation pariatur\",\n    \"processor\": false,\n    \"contentType\": \"nulla dolore\",\n    \"retry\": -37626364,\n    \"timeout\": 45000,\n    \"siteId\": \"4201\"\n  },\n  \"status\": \"ut ad et\"\n}","cookie":[],"_postman_previewlanguage":"json"}],"event":[],"protocolProfileBehavior":{"disableBodyPruning":true}},{"id":"8b6aa800-19b2-4adf-9f2e-6f0898f393a1","name":"Send Email by calling EMessenger.","request":{"name":"Send Email by calling EMessenger.","description":{"content":"Sending email from relay service by calling EMessenger","type":"text/plain"},"url":{"path":["fiws","v1","sendEmail"],"host":["{{baseUrl}}"],"query":[],"variable":[]},"header":[{"key":"Content-Type","value":"application/json"},{"key":"Accept","value":"application/json"}],"method":"POST","auth":null,"body":{"mode":"raw","raw":"{\n  \"common\": {\n    \"user\": \"<string>\",\n    \"agent\": \"<string>\",\n    \"cycle\": \"<string>\",\n    \"clientNumber\": \"<string>\",\n    \"system\": \"<string>\",\n    \"prin\": \"<string>\",\n    \"debug\": false,\n    \"org\": \"<string>\",\n    \"processor\": false,\n    \"contentType\": \"<string>\",\n    \"retry\": \"<long>\",\n    \"timeout\": \"<long>\",\n    \"siteId\": \"<string>\",\n    \"externalCustomerId\": \"<string>\",\n    \"accountId\": \"<string>\",\n    \"presentationId\": \"<string>\"\n  },\n  \"clientIdentifier\": \"<string>\",\n  \"alertType\": \"<string>\",\n  \"emessengerFields\": [\n    {\n      \"xmlElement\": \"<string>\",\n      \"xmlValue\": \"<string>\",\n      \"nestedEmessengerFields\": [\n        {\n          \"nestedXmlElement\": \"<string>\",\n          \"nestedXmlValue\": \"<string>\"\n        },\n        {\n          \"nestedXmlElement\": \"<string>\",\n          \"nestedXmlValue\": \"<string>\"\n        }\n      ]\n    },\n    {\n      \"xmlElement\": \"<string>\",\n      \"xmlValue\": \"<string>\",\n      \"nestedEmessengerFields\": [\n        {\n          \"nestedXmlElement\": \"<string>\",\n          \"nestedXmlValue\": \"<string>\"\n        },\n        {\n          \"nestedXmlElement\": \"<string>\",\n          \"nestedXmlValue\": \"<string>\"\n        }\n      ]\n    }\n  ],\n  \"useMemo\": false,\n  \"memo\": \"<string>\",\n  \"memoBehaviorIdentifier\": \"<string>\"\n}","options":{"raw":{"language":"json"}}}},"response":[{"id":"50eb0753-352b-4fae-beee-c29b97bd75da","name":"successful operation","originalRequest":{"url":{"path":["fiws","v1","sendEmail"],"host":["{{baseUrl}}"],"query":[],"variable":[]},"header":[{"key":"Accept","value":"application/json"}],"method":"POST","body":{"mode":"raw","raw":"{\n  \"common\": {\n    \"user\": \"<string>\",\n    \"agent\": \"4000\",\n    \"cycle\": \"T\",\n    \"clientNumber\": \"1000\",\n    \"system\": \"2000\",\n    \"prin\": \"3000\",\n    \"debug\": false,\n    \"org\": \"<string>\",\n    \"processor\": false,\n    \"contentType\": \"<string>\",\n    \"retry\": \"<long>\",\n    \"timeout\": 45000,\n    \"siteId\": \"4201\",\n    \"externalCustomerId\": \"<string>\",\n    \"accountId\": \"8888888888888888\",\n    \"presentationId\": \"<string>\"\n  },\n  \"clientIdentifier\": \"<string>\",\n  \"alertType\": \"<string>\",\n  \"emessengerFields\": [\n    {\n      \"xmlElement\": \"<string>\",\n      \"xmlValue\": \"<string>\",\n      \"nestedEmessengerFields\": [\n        {\n          \"nestedXmlElement\": \"<string>\",\n          \"nestedXmlValue\": \"<string>\"\n        },\n        {\n          \"nestedXmlElement\": \"<string>\",\n          \"nestedXmlValue\": \"<string>\"\n        }\n      ]\n    },\n    {\n      \"xmlElement\": \"<string>\",\n      \"xmlValue\": \"<string>\",\n      \"nestedEmessengerFields\": [\n        {\n          \"nestedXmlElement\": \"<string>\",\n          \"nestedXmlValue\": \"<string>\"\n        },\n        {\n          \"nestedXmlElement\": \"<string>\",\n          \"nestedXmlValue\": \"<string>\"\n        }\n      ]\n    }\n  ],\n  \"useMemo\": false,\n  \"memo\": \"<string>\",\n  \"memoBehaviorIdentifier\": \"<string>\"\n}","options":{"raw":{"language":"json"}}}},"status":"OK","code":200,"header":[{"key":"Content-Type","value":"application/json"}],"body":"{\n  \"common\": {\n    \"user\": \"ex proident deserunt consequat non\",\n    \"agent\": \"4000\",\n    \"cycle\": \"T\",\n    \"clientNumber\": \"1000\",\n    \"system\": \"2000\",\n    \"prin\": \"3000\",\n    \"debug\": false,\n    \"org\": \"labore in exercitation pariatur\",\n    \"processor\": false,\n    \"contentType\": \"nulla dolore\",\n    \"retry\": -37626364,\n    \"timeout\": 45000,\n    \"siteId\": \"4201\"\n  },\n  \"status\": \"ut ad et\"\n}","cookie":[],"_postman_previewlanguage":"json"}],"event":[],"protocolProfileBehavior":{"disableBodyPruning":true}}],"event":[]}],"event":[],"variable":[{"type":"string","value":"https://cat.api.firstdata.com/fs","key":"baseUrl"}],"info":{"_postman_id":"c9f9cc57-b2d4-412b-87a3-72f3509c2b2a","name":"fs-proxy-1","schema":"https://schema.getpostman.com/json/collection/v2.1.0/collection.json","description":{"content":"Welcome to the Financial Services API documentation","type":"text/plain"}}}