{"item":[{"id":"1d94dbee-0493-4084-80a0-bdf347d9b7e5","name":"Search for statement information given the account. Applies only to Credit.","request":{"name":"Search for statement information given the account. Applies only to Credit.","description":{},"url":{"path":["v1","accounts","statements","search"],"host":["{{baseUrl}}"],"query":[{"disabled":false,"key":"filter","value":"<string>","description":"(Required) Select summary or detail information of statement. Default will be summary information.Summary includes - Card Number, Statement Date, Ending Balance, Delinquent Amount, Statement Finance Charge Amount, Minimum Payment Due Amount, Payment Due Date. Detail includes all the fields in response."}],"variable":[]},"header":[{"disabled":false,"description":"User who is making this request","key":"userId","value":"<string>"},{"disabled":false,"description":"(Required) Required. Provide 8 digit client id","key":"x-fapi-financial-id","value":"<string>"},{"key":"Content-Type","value":"application/json"},{"key":"Accept","value":"application/json"}],"method":"POST","auth":null,"body":{"mode":"raw","raw":"{\n  \"accountNumber\": \"<string>\",\n  \"fromDate\": \"<date>\",\n  \"toDate\": \"<date>\"\n}","options":{"raw":{"language":"json"}}}},"response":[{"id":"379ac645-d35c-46c5-a4f6-de535c7943db","name":"OK","originalRequest":{"url":{"path":["v1","accounts","statements","search"],"host":["{{baseUrl}}"],"query":[{"key":"filter","value":"summary,detail"}],"variable":[]},"header":[{"description":{"content":"Added as a part of security scheme: bearer","type":"text/plain"},"key":"Authorization","value":"Bearer <token>"},{"disabled":false,"description":"(Required) Retrieve an access token through the Access Token API. Access token is required in every request. Refer to documentation on access token  (https://card.developer.fiserv.com/apis/token).Tokens expire after 15 minutes. Provide the value as follows in the header. Authorization: Bearer <Access Token Value>","key":"Authorization","value":"Bearer USlfM8dilzKZPcuGGP3BfVLd7Snk"},{"disabled":false,"description":"User who is making this request","key":"userId","value":"FDSCARD"},{"disabled":false,"description":"(Required) Required. Provide 8 digit client id","key":"x-fapi-financial-id","value":"<string>"},{"key":"Accept","value":"application/json"}],"method":"POST","body":{"mode":"raw","raw":"{\n  \"accountNumber\": \"4000200030004000\",\n  \"fromDate\": \"2021-12-09\",\n  \"toDate\": \"2021-12-28\"\n}","options":{"raw":{"language":"json"}}}},"status":"OK","code":200,"header":[{"key":"Content-Type","value":"application/json"}],"body":"{\n  \"cardNumber\": [\n    \"ut consectetur dolor ipsum\",\n    \"et est Duis labore\"\n  ],\n  \"statementDetails\": [\n    {\n      \"statementDate\": \"2021-12-30\",\n      \"statementEndingBalance\": \"1500.00\",\n      \"delinquentAmount\": \"100.00\",\n      \"statementFinanceChargeAmount\": \"10.00\",\n      \"minimumPaymentDueAmount\": \"200.00\",\n      \"paymentDueDate\": \"12-25\",\n      \"statementOpeningBalanceAmount\": \"3000.00\",\n      \"statementDebitAmount\": \"1500.00\",\n      \"statementSalesAmount\": \"12.09\",\n      \"statementOtherCreditsAmount\": \"15.15\",\n      \"statementPaymentAmount\": \"400.00\",\n      \"externalAccountStatusCode\": \"REVOKED\",\n      \"yearToDateInterestAmount\": \"30.00\",\n      \"purchaseCount\": \"15\",\n      \"creditCount\": \"5\",\n      \"paymentsCount\": \"10\",\n      \"daysInBillingCycle\": \"31\",\n      \"billingCycleCode\": \"28\",\n      \"sinceLastStatementInterestAmount\": \"1.09\",\n      \"overlimitFees\": \"5.00\",\n      \"skipPaymentFlag\": \"H - Yes\",\n      \"statementCreditLineAmount\": \"5000.00\",\n      \"availableCreditRemaining\": \"4000.00\",\n      \"statementTotals\": {\n        \"adjustments\": \"99485.00\",\n        \"cashAdvance\": \"1692.00\",\n        \"credit\": \"10100.00\",\n        \"payment\": \"665572.00\",\n        \"purchase\": \"39181.00\"\n      },\n      \"statementTransactionDetails\": {\n        \"count\": 13808281,\n        \"statementTransactions\": [\n          {\n            \"cardOrAccountNumber\": \"400020XXXXXX4000\",\n            \"cardOrAccountTransactions\": [\n              {\n                \"value\": \"<Error: Too many levels of nesting to fake this schema>\"\n              },\n              {\n                \"value\": \"<Error: Too many levels of nesting to fake this schema>\"\n              }\n            ]\n          },\n          {\n            \"cardOrAccountNumber\": \"400020XXXXXX4000\",\n            \"cardOrAccountTransactions\": [\n              {\n                \"value\": \"<Error: Too many levels of nesting to fake this schema>\"\n              },\n              {\n                \"value\": \"<Error: Too many levels of nesting to fake this schema>\"\n              }\n            ]\n          }\n        ]\n      }\n    },\n    {\n      \"statementDate\": \"2021-12-30\",\n      \"statementEndingBalance\": \"1500.00\",\n      \"delinquentAmount\": \"100.00\",\n      \"statementFinanceChargeAmount\": \"10.00\",\n      \"minimumPaymentDueAmount\": \"200.00\",\n      \"paymentDueDate\": \"12-25\",\n      \"statementOpeningBalanceAmount\": \"3000.00\",\n      \"statementDebitAmount\": \"1500.00\",\n      \"statementSalesAmount\": \"12.09\",\n      \"statementOtherCreditsAmount\": \"15.15\",\n      \"statementPaymentAmount\": \"400.00\",\n      \"externalAccountStatusCode\": \"FROZEN\",\n      \"yearToDateInterestAmount\": \"30.00\",\n      \"purchaseCount\": \"15\",\n      \"creditCount\": \"5\",\n      \"paymentsCount\": \"10\",\n      \"daysInBillingCycle\": \"31\",\n      \"billingCycleCode\": \"28\",\n      \"sinceLastStatementInterestAmount\": \"1.09\",\n      \"overlimitFees\": \"5.00\",\n      \"skipPaymentFlag\": \"H - Yes\",\n      \"statementCreditLineAmount\": \"5000.00\",\n      \"availableCreditRemaining\": \"4000.00\",\n      \"statementTotals\": {\n        \"adjustments\": \"99485.00\",\n        \"cashAdvance\": \"1692.00\",\n        \"credit\": \"10100.00\",\n        \"payment\": \"665572.00\",\n        \"purchase\": \"39181.00\"\n      },\n      \"statementTransactionDetails\": {\n        \"count\": 13729008,\n        \"statementTransactions\": [\n          {\n            \"cardOrAccountNumber\": \"400020XXXXXX4000\",\n            \"cardOrAccountTransactions\": [\n              {\n                \"value\": \"<Error: Too many levels of nesting to fake this schema>\"\n              },\n              {\n                \"value\": \"<Error: Too many levels of nesting to fake this schema>\"\n              }\n            ]\n          },\n          {\n            \"cardOrAccountNumber\": \"400020XXXXXX4000\",\n            \"cardOrAccountTransactions\": [\n              {\n                \"value\": \"<Error: Too many levels of nesting to fake this schema>\"\n              },\n              {\n                \"value\": \"<Error: Too many levels of nesting to fake this schema>\"\n              }\n            ]\n          }\n        ]\n      }\n    }\n  ],\n  \"warningInfo\": {\n    \"message\": \"quis Excepteur sed ipsum\",\n    \"spanId\": \"pariatur qui in\",\n    \"traceId\": \"magna\",\n    \"warningDetails\": [\n      {\n        \"code\": \"proident exercitation ea\",\n        \"detail\": \"Too many results. Please refine your search criteria.\",\n        \"spanId\": \"pr\",\n        \"timestamp\": \"magna in\"\n      },\n      {\n        \"code\": \"velit est dolore\",\n        \"detail\": \"Too many results. Please refine your search criteria.\",\n        \"spanId\": \"exercitation cupi\",\n        \"timestamp\": \"dolore cillum\"\n      }\n    ]\n  }\n}","cookie":[],"_postman_previewlanguage":"json"},{"id":"f9697723-af36-4f6c-8fdb-3bddefeee8eb","name":"Invalid Request","originalRequest":{"url":{"path":["v1","accounts","statements","search"],"host":["{{baseUrl}}"],"query":[{"key":"filter","value":"summary,detail"}],"variable":[]},"header":[{"description":{"content":"Added as a part of security scheme: bearer","type":"text/plain"},"key":"Authorization","value":"Bearer <token>"},{"disabled":false,"description":"(Required) Retrieve an access token through the Access Token API. Access token is required in every request. Refer to documentation on access token  (https://card.developer.fiserv.com/apis/token).Tokens expire after 15 minutes. Provide the value as follows in the header. Authorization: Bearer <Access Token Value>","key":"Authorization","value":"Bearer USlfM8dilzKZPcuGGP3BfVLd7Snk"},{"disabled":false,"description":"User who is making this request","key":"userId","value":"FDSCARD"},{"disabled":false,"description":"(Required) Required. Provide 8 digit client id","key":"x-fapi-financial-id","value":"<string>"},{"key":"Accept","value":"application/json"}],"method":"POST","body":{"mode":"raw","raw":"{\n  \"accountNumber\": \"4000200030004000\",\n  \"fromDate\": \"2021-12-09\",\n  \"toDate\": \"2021-12-28\"\n}","options":{"raw":{"language":"json"}}}},"status":"Bad Request","code":400,"header":[{"disabled":false,"description":"unique transaction ID created for each request for tracking purposes","key":"x-fapi-interaction-id","value":"95ad42fb-afd1-2121-b794-3ed29342ks42"},{"key":"Content-Type","value":"application/json"}],"body":"{\n  \"type\": \"https://card.developer.fiserv.com/cards/error#invalid-request\",\n  \"title\": \"Invalid Request\",\n  \"detail\": \"We had a problem getting your credit and debit card information.\",\n  \"instance\": \"/v1/cards/details\",\n  \"status\": 400\n}","cookie":[],"_postman_previewlanguage":"json"},{"id":"2801d980-3129-4706-bab7-d705b565817d","name":"Unauthorized access","originalRequest":{"url":{"path":["v1","accounts","statements","search"],"host":["{{baseUrl}}"],"query":[{"key":"filter","value":"summary,detail"}],"variable":[]},"header":[{"description":{"content":"Added as a part of security scheme: bearer","type":"text/plain"},"key":"Authorization","value":"Bearer <token>"},{"disabled":false,"description":"(Required) Retrieve an access token through the Access Token API. Access token is required in every request. Refer to documentation on access token  (https://card.developer.fiserv.com/apis/token).Tokens expire after 15 minutes. Provide the value as follows in the header. Authorization: Bearer <Access Token Value>","key":"Authorization","value":"Bearer USlfM8dilzKZPcuGGP3BfVLd7Snk"},{"disabled":false,"description":"User who is making this request","key":"userId","value":"FDSCARD"},{"disabled":false,"description":"(Required) Required. Provide 8 digit client id","key":"x-fapi-financial-id","value":"<string>"},{"key":"Accept","value":"application/json"}],"method":"POST","body":{"mode":"raw","raw":"{\n  \"accountNumber\": \"4000200030004000\",\n  \"fromDate\": \"2021-12-09\",\n  \"toDate\": \"2021-12-28\"\n}","options":{"raw":{"language":"json"}}}},"status":"Unauthorized","code":401,"header":[{"disabled":false,"description":"unique transaction ID created for each request for tracking purposes","key":"x-fapi-interaction-id","value":"95ad42fb-afd1-2121-b794-3ed29342ks42"},{"key":"Content-Type","value":"application/json"}],"body":"{\n  \"type\": \"https://card.developer.fiserv.com/cards/error#invalid-request\",\n  \"title\": \"Invalid Request\",\n  \"detail\": \"We had a problem getting your credit and debit card information.\",\n  \"instance\": \"/v1/cards/details\",\n  \"status\": 400\n}","cookie":[],"_postman_previewlanguage":"json"},{"id":"59d3f498-e66e-4990-af5d-5b4ab735f961","name":"Forbidden","originalRequest":{"url":{"path":["v1","accounts","statements","search"],"host":["{{baseUrl}}"],"query":[{"key":"filter","value":"summary,detail"}],"variable":[]},"header":[{"description":{"content":"Added as a part of security scheme: bearer","type":"text/plain"},"key":"Authorization","value":"Bearer <token>"},{"disabled":false,"description":"(Required) Retrieve an access token through the Access Token API. Access token is required in every request. Refer to documentation on access token  (https://card.developer.fiserv.com/apis/token).Tokens expire after 15 minutes. Provide the value as follows in the header. Authorization: Bearer <Access Token Value>","key":"Authorization","value":"Bearer USlfM8dilzKZPcuGGP3BfVLd7Snk"},{"disabled":false,"description":"User who is making this request","key":"userId","value":"FDSCARD"},{"disabled":false,"description":"(Required) Required. Provide 8 digit client id","key":"x-fapi-financial-id","value":"<string>"},{"key":"Accept","value":"application/json"}],"method":"POST","body":{"mode":"raw","raw":"{\n  \"accountNumber\": \"4000200030004000\",\n  \"fromDate\": \"2021-12-09\",\n  \"toDate\": \"2021-12-28\"\n}","options":{"raw":{"language":"json"}}}},"status":"Forbidden","code":403,"header":[{"disabled":false,"description":"unique transaction ID created for each request for tracking purposes","key":"x-fapi-interaction-id","value":"95ad42fb-afd1-2121-b794-3ed29342ks42"},{"key":"Content-Type","value":"application/json"}],"body":"{\n  \"type\": \"https://card.developer.fiserv.com/cards/error#invalid-request\",\n  \"title\": \"Invalid Request\",\n  \"detail\": \"We had a problem getting your credit and debit card information.\",\n  \"instance\": \"/v1/cards/details\",\n  \"status\": 400\n}","cookie":[],"_postman_previewlanguage":"json"},{"id":"cbd49e82-ed15-4721-b5be-7cc3e5449276","name":"Not Found","originalRequest":{"url":{"path":["v1","accounts","statements","search"],"host":["{{baseUrl}}"],"query":[{"key":"filter","value":"summary,detail"}],"variable":[]},"header":[{"description":{"content":"Added as a part of security scheme: bearer","type":"text/plain"},"key":"Authorization","value":"Bearer <token>"},{"disabled":false,"description":"(Required) Retrieve an access token through the Access Token API. Access token is required in every request. Refer to documentation on access token  (https://card.developer.fiserv.com/apis/token).Tokens expire after 15 minutes. Provide the value as follows in the header. Authorization: Bearer <Access Token Value>","key":"Authorization","value":"Bearer USlfM8dilzKZPcuGGP3BfVLd7Snk"},{"disabled":false,"description":"User who is making this request","key":"userId","value":"FDSCARD"},{"disabled":false,"description":"(Required) Required. Provide 8 digit client id","key":"x-fapi-financial-id","value":"<string>"},{"key":"Accept","value":"application/json"}],"method":"POST","body":{"mode":"raw","raw":"{\n  \"accountNumber\": \"4000200030004000\",\n  \"fromDate\": \"2021-12-09\",\n  \"toDate\": \"2021-12-28\"\n}","options":{"raw":{"language":"json"}}}},"status":"Not Found","code":404,"header":[{"disabled":false,"description":"unique transaction ID created for each request for tracking purposes","key":"x-fapi-interaction-id","value":"95ad42fb-afd1-2121-b794-3ed29342ks42"},{"key":"Content-Type","value":"application/json"}],"body":"{\n  \"type\": \"https://card.developer.fiserv.com/cards/error#invalid-request\",\n  \"title\": \"Invalid Request\",\n  \"detail\": \"We had a problem getting your credit and debit card information.\",\n  \"instance\": \"/v1/cards/details\",\n  \"status\": 400\n}","cookie":[],"_postman_previewlanguage":"json"},{"id":"4b3f7fea-4542-483b-b049-3417b559c900","name":"Method Not Allowed","originalRequest":{"url":{"path":["v1","accounts","statements","search"],"host":["{{baseUrl}}"],"query":[{"key":"filter","value":"summary,detail"}],"variable":[]},"header":[{"description":{"content":"Added as a part of security scheme: bearer","type":"text/plain"},"key":"Authorization","value":"Bearer <token>"},{"disabled":false,"description":"(Required) Retrieve an access token through the Access Token API. Access token is required in every request. Refer to documentation on access token  (https://card.developer.fiserv.com/apis/token).Tokens expire after 15 minutes. Provide the value as follows in the header. Authorization: Bearer <Access Token Value>","key":"Authorization","value":"Bearer USlfM8dilzKZPcuGGP3BfVLd7Snk"},{"disabled":false,"description":"User who is making this request","key":"userId","value":"FDSCARD"},{"disabled":false,"description":"(Required) Required. Provide 8 digit client id","key":"x-fapi-financial-id","value":"<string>"},{"key":"Accept","value":"application/json"}],"method":"POST","body":{"mode":"raw","raw":"{\n  \"accountNumber\": \"4000200030004000\",\n  \"fromDate\": \"2021-12-09\",\n  \"toDate\": \"2021-12-28\"\n}","options":{"raw":{"language":"json"}}}},"status":"Method Not Allowed","code":405,"header":[{"disabled":false,"description":"unique transaction ID created for each request for tracking purposes","key":"x-fapi-interaction-id","value":"95ad42fb-afd1-2121-b794-3ed29342ks42"},{"key":"Content-Type","value":"application/json"}],"body":"{\n  \"type\": \"https://card.developer.fiserv.com/cards/error#invalid-request\",\n  \"title\": \"Invalid Request\",\n  \"detail\": \"We had a problem getting your credit and debit card information.\",\n  \"instance\": \"/v1/cards/details\",\n  \"status\": 400\n}","cookie":[],"_postman_previewlanguage":"json"},{"id":"14503beb-ace0-482f-880d-240263998773","name":"Unacceptable","originalRequest":{"url":{"path":["v1","accounts","statements","search"],"host":["{{baseUrl}}"],"query":[{"key":"filter","value":"summary,detail"}],"variable":[]},"header":[{"description":{"content":"Added as a part of security scheme: bearer","type":"text/plain"},"key":"Authorization","value":"Bearer <token>"},{"disabled":false,"description":"(Required) Retrieve an access token through the Access Token API. Access token is required in every request. Refer to documentation on access token  (https://card.developer.fiserv.com/apis/token).Tokens expire after 15 minutes. Provide the value as follows in the header. Authorization: Bearer <Access Token Value>","key":"Authorization","value":"Bearer USlfM8dilzKZPcuGGP3BfVLd7Snk"},{"disabled":false,"description":"User who is making this request","key":"userId","value":"FDSCARD"},{"disabled":false,"description":"(Required) Required. Provide 8 digit client id","key":"x-fapi-financial-id","value":"<string>"},{"key":"Accept","value":"application/json"}],"method":"POST","body":{"mode":"raw","raw":"{\n  \"accountNumber\": \"4000200030004000\",\n  \"fromDate\": \"2021-12-09\",\n  \"toDate\": \"2021-12-28\"\n}","options":{"raw":{"language":"json"}}}},"status":"Not Acceptable","code":406,"header":[{"disabled":false,"description":"unique transaction ID created for each request for tracking purposes","key":"x-fapi-interaction-id","value":"95ad42fb-afd1-2121-b794-3ed29342ks42"},{"key":"Content-Type","value":"application/json"}],"body":"{\n  \"type\": \"https://card.developer.fiserv.com/cards/error#invalid-request\",\n  \"title\": \"Invalid Request\",\n  \"detail\": \"We had a problem getting your credit and debit card information.\",\n  \"instance\": \"/v1/cards/details\",\n  \"status\": 400\n}","cookie":[],"_postman_previewlanguage":"json"},{"id":"0f070435-e891-4f4a-9860-6e4c1589f8fd","name":"Unsupported Media Type","originalRequest":{"url":{"path":["v1","accounts","statements","search"],"host":["{{baseUrl}}"],"query":[{"key":"filter","value":"summary,detail"}],"variable":[]},"header":[{"description":{"content":"Added as a part of security scheme: bearer","type":"text/plain"},"key":"Authorization","value":"Bearer <token>"},{"disabled":false,"description":"(Required) Retrieve an access token through the Access Token API. Access token is required in every request. Refer to documentation on access token  (https://card.developer.fiserv.com/apis/token).Tokens expire after 15 minutes. Provide the value as follows in the header. Authorization: Bearer <Access Token Value>","key":"Authorization","value":"Bearer USlfM8dilzKZPcuGGP3BfVLd7Snk"},{"disabled":false,"description":"User who is making this request","key":"userId","value":"FDSCARD"},{"disabled":false,"description":"(Required) Required. Provide 8 digit client id","key":"x-fapi-financial-id","value":"<string>"},{"key":"Accept","value":"application/json"}],"method":"POST","body":{"mode":"raw","raw":"{\n  \"accountNumber\": \"4000200030004000\",\n  \"fromDate\": \"2021-12-09\",\n  \"toDate\": \"2021-12-28\"\n}","options":{"raw":{"language":"json"}}}},"status":"Unsupported Media Type","code":415,"header":[{"disabled":false,"description":"unique transaction ID created for each request for tracking purposes","key":"x-fapi-interaction-id","value":"95ad42fb-afd1-2121-b794-3ed29342ks42"},{"key":"Content-Type","value":"application/json"}],"body":"{\n  \"type\": \"https://card.developer.fiserv.com/cards/error#invalid-request\",\n  \"title\": \"Invalid Request\",\n  \"detail\": \"We had a problem getting your credit and debit card information.\",\n  \"instance\": \"/v1/cards/details\",\n  \"status\": 400\n}","cookie":[],"_postman_previewlanguage":"json"},{"id":"b2cd7a00-6216-4ff7-b4b2-d7a52b2bf234","name":"Unprocessable Entity","originalRequest":{"url":{"path":["v1","accounts","statements","search"],"host":["{{baseUrl}}"],"query":[{"key":"filter","value":"summary,detail"}],"variable":[]},"header":[{"description":{"content":"Added as a part of security scheme: bearer","type":"text/plain"},"key":"Authorization","value":"Bearer <token>"},{"disabled":false,"description":"(Required) Retrieve an access token through the Access Token API. Access token is required in every request. Refer to documentation on access token  (https://card.developer.fiserv.com/apis/token).Tokens expire after 15 minutes. Provide the value as follows in the header. Authorization: Bearer <Access Token Value>","key":"Authorization","value":"Bearer USlfM8dilzKZPcuGGP3BfVLd7Snk"},{"disabled":false,"description":"User who is making this request","key":"userId","value":"FDSCARD"},{"disabled":false,"description":"(Required) Required. Provide 8 digit client id","key":"x-fapi-financial-id","value":"<string>"},{"key":"Accept","value":"application/json"}],"method":"POST","body":{"mode":"raw","raw":"{\n  \"accountNumber\": \"4000200030004000\",\n  \"fromDate\": \"2021-12-09\",\n  \"toDate\": \"2021-12-28\"\n}","options":{"raw":{"language":"json"}}}},"status":"Unprocessable Entity (WebDAV) (RFC 4918)","code":422,"header":[{"disabled":false,"description":"unique transaction ID created for each request for tracking purposes","key":"x-fapi-interaction-id","value":"95ad42fb-afd1-2121-b794-3ed29342ks42"},{"key":"Content-Type","value":"application/json"}],"body":"{\n  \"type\": \"https://card.developer.fiserv.com/cards/error#invalid-request\",\n  \"title\": \"Invalid Request\",\n  \"detail\": \"We had a problem getting your credit and debit card information.\",\n  \"instance\": \"/v1/cards/details\",\n  \"status\": 400\n}","cookie":[],"_postman_previewlanguage":"json"},{"id":"cb72d388-8114-481b-9ede-2e65c71894c0","name":"Too Many Requests","originalRequest":{"url":{"path":["v1","accounts","statements","search"],"host":["{{baseUrl}}"],"query":[{"key":"filter","value":"summary,detail"}],"variable":[]},"header":[{"description":{"content":"Added as a part of security scheme: bearer","type":"text/plain"},"key":"Authorization","value":"Bearer <token>"},{"disabled":false,"description":"(Required) Retrieve an access token through the Access Token API. Access token is required in every request. Refer to documentation on access token  (https://card.developer.fiserv.com/apis/token).Tokens expire after 15 minutes. Provide the value as follows in the header. Authorization: Bearer <Access Token Value>","key":"Authorization","value":"Bearer USlfM8dilzKZPcuGGP3BfVLd7Snk"},{"disabled":false,"description":"User who is making this request","key":"userId","value":"FDSCARD"},{"disabled":false,"description":"(Required) Required. Provide 8 digit client id","key":"x-fapi-financial-id","value":"<string>"},{"key":"Accept","value":"application/json"}],"method":"POST","body":{"mode":"raw","raw":"{\n  \"accountNumber\": \"4000200030004000\",\n  \"fromDate\": \"2021-12-09\",\n  \"toDate\": \"2021-12-28\"\n}","options":{"raw":{"language":"json"}}}},"status":"Too Many Requests","code":429,"header":[{"disabled":false,"description":"unique transaction ID created for each request for tracking purposes","key":"x-fapi-interaction-id","value":"95ad42fb-afd1-2121-b794-3ed29342ks42"},{"key":"Content-Type","value":"application/json"}],"body":"{\n  \"type\": \"https://card.developer.fiserv.com/cards/error#invalid-request\",\n  \"title\": \"Invalid Request\",\n  \"detail\": \"We had a problem getting your credit and debit card information.\",\n  \"instance\": \"/v1/cards/details\",\n  \"status\": 400\n}","cookie":[],"_postman_previewlanguage":"json"},{"id":"72b416de-7629-44bd-938c-715f25548d16","name":"Internal Server Error","originalRequest":{"url":{"path":["v1","accounts","statements","search"],"host":["{{baseUrl}}"],"query":[{"key":"filter","value":"summary,detail"}],"variable":[]},"header":[{"description":{"content":"Added as a part of security scheme: bearer","type":"text/plain"},"key":"Authorization","value":"Bearer <token>"},{"disabled":false,"description":"(Required) Retrieve an access token through the Access Token API. Access token is required in every request. Refer to documentation on access token  (https://card.developer.fiserv.com/apis/token).Tokens expire after 15 minutes. Provide the value as follows in the header. Authorization: Bearer <Access Token Value>","key":"Authorization","value":"Bearer USlfM8dilzKZPcuGGP3BfVLd7Snk"},{"disabled":false,"description":"User who is making this request","key":"userId","value":"FDSCARD"},{"disabled":false,"description":"(Required) Required. Provide 8 digit client id","key":"x-fapi-financial-id","value":"<string>"},{"key":"Accept","value":"application/json"}],"method":"POST","body":{"mode":"raw","raw":"{\n  \"accountNumber\": \"4000200030004000\",\n  \"fromDate\": \"2021-12-09\",\n  \"toDate\": \"2021-12-28\"\n}","options":{"raw":{"language":"json"}}}},"status":"Internal Server Error","code":500,"header":[{"disabled":false,"description":"unique transaction ID created for each request for tracking purposes","key":"x-fapi-interaction-id","value":"95ad42fb-afd1-2121-b794-3ed29342ks42"},{"key":"Content-Type","value":"application/json"}],"body":"{\n  \"errorResponse\": {\n    \"code\": \"500-01\",\n    \"message\": \"internal server error\",\n    \"developerInfo\": {\n      \"developerMessage\": \"internal server error\",\n      \"moreInfo\": \"There was a problem handling your request.  Please try again.  If the problem persists please contact Fiserv ETSD at 888-243-2543 (you unique messageID included below)\",\n      \"messageid\": \"25557-84290371-1\"\n    }\n  }\n}","cookie":[],"_postman_previewlanguage":"json"}],"event":[],"protocolProfileBehavior":{"disableBodyPruning":true}}],"event":[],"variable":[{"type":"string","value":"https://card.api.fiservapps.com/cs/accounts","key":"baseUrl"}],"auth":{"type":"bearer","bearer":[{"key":"token","value":"{{bearerToken}}"}]},"info":{"_postman_id":"bd2cb498-c669-4752-b562-9e9a162153ff","name":"Account","schema":"https://schema.getpostman.com/json/collection/v2.1.0/collection.json","description":{"content":"Account Domain. All times will be in UTC standards.","type":"text/plain"}}}