{"item":[{"id":"624b00db-7f44-46c6-b764-b8a50d4bfa1a","name":"Search for statement information given the account. Applies only to Credit.","request":{"name":"Search for statement information given the account. Applies only to Credit.","description":{},"url":{"path":["v1","accounts","statements","search"],"host":["{{baseUrl}}"],"query":[{"disabled":false,"key":"filter","value":"<string>","description":"(Required) Select summary or detail information of statement. Default will be summary information.Summary includes - Card Number, Statement Date, Ending Balance, Delinquent Amount, Statement Finance Charge Amount, Minimum Payment Due Amount, Payment Due Date. Detail includes all the fields in response."}],"variable":[]},"header":[{"disabled":false,"description":"User who is making this request","key":"userId","value":"<string>"},{"disabled":false,"description":"(Required) Required. Provide 8 digit client id","key":"x-fapi-financial-id","value":"<string>"},{"key":"Content-Type","value":"application/json"},{"key":"Accept","value":"application/json"}],"method":"POST","auth":null,"body":{"mode":"raw","raw":"{\n  \"accountNumber\": \"<string>\",\n  \"fromDate\": \"<date>\",\n  \"toDate\": \"<date>\"\n}","options":{"raw":{"language":"json"}}}},"response":[{"id":"4df8459c-cbed-462c-8ca4-8c0d20cd488a","name":"OK","originalRequest":{"url":{"path":["v1","accounts","statements","search"],"host":["{{baseUrl}}"],"query":[{"key":"filter","value":"summary,detail"}],"variable":[]},"header":[{"description":{"content":"Added as a part of security scheme: bearer","type":"text/plain"},"key":"Authorization","value":"Bearer <token>"},{"disabled":false,"description":"(Required) Retrieve an access token through the Access Token API. Access token is required in every request. Refer to documentation on access token  (https://card.developer.fiserv.com/apis/token).Tokens expire after 15 minutes. Provide the value as follows in the header. Authorization: Bearer <Access Token Value>","key":"Authorization","value":"Bearer USlfM8dilzKZPcuGGP3BfVLd7Snk"},{"disabled":false,"description":"User who is making this request","key":"userId","value":"FDSCARD"},{"disabled":false,"description":"(Required) Required. Provide 8 digit client id","key":"x-fapi-financial-id","value":"<string>"},{"key":"Accept","value":"application/json"}],"method":"POST","body":{"mode":"raw","raw":"{\n  \"accountNumber\": \"4000200030004000\",\n  \"fromDate\": \"2021-12-09\",\n  \"toDate\": \"2021-12-28\"\n}","options":{"raw":{"language":"json"}}}},"status":"OK","code":200,"header":[{"key":"Content-Type","value":"application/json"}],"body":"{\n  \"cardNumber\": [\n    \"tempor consectetur\",\n    \"labore nulla sunt dolore quis\"\n  ],\n  \"statementDetails\": [\n    {\n      \"statementDate\": \"2021-12-30\",\n      \"statementEndingBalance\": \"1500.00\",\n      \"delinquentAmount\": \"100.00\",\n      \"statementFinanceChargeAmount\": \"10.00\",\n      \"minimumPaymentDueAmount\": \"200.00\",\n      \"paymentDueDate\": \"12-25\",\n      \"statementOpeningBalanceAmount\": \"3000.00\",\n      \"statementDebitAmount\": \"1500.00\",\n      \"statementSalesAmount\": \"12.09\",\n      \"statementOtherCreditsAmount\": \"15.15\",\n      \"statementPaymentAmount\": \"400.00\",\n      \"externalAccountStatusCode\": \"BANKRUPT\",\n      \"yearToDateInterestAmount\": \"30.00\",\n      \"purchaseCount\": \"15\",\n      \"creditCount\": \"5\",\n      \"paymentsCount\": \"10\",\n      \"daysInBillingCycle\": \"31\",\n      \"billingCycleCode\": \"28\",\n      \"sinceLastStatementInterestAmount\": \"1.09\",\n      \"overlimitFees\": \"5.00\",\n      \"skipPaymentFlag\": \"H - Yes\",\n      \"statementCreditLineAmount\": \"5000.00\",\n      \"availableCreditRemaining\": \"4000.00\",\n      \"statementTotals\": {\n        \"adjustments\": \"99485.00\",\n        \"cashAdvance\": \"1692.00\",\n        \"credit\": \"10100.00\",\n        \"payment\": \"665572.00\",\n        \"purchase\": \"39181.00\"\n      },\n      \"statementTransactionDetails\": {\n        \"count\": 17325304,\n        \"statementTransactions\": [\n          {\n            \"cardOrAccountNumber\": \"400020XXXXXX4000\",\n            \"cardOrAccountTransactions\": [\n              {\n                \"value\": \"<Error: Too many levels of nesting to fake this schema>\"\n              },\n              {\n                \"value\": \"<Error: Too many levels of nesting to fake this schema>\"\n              }\n            ]\n          },\n          {\n            \"cardOrAccountNumber\": \"400020XXXXXX4000\",\n            \"cardOrAccountTransactions\": [\n              {\n                \"value\": \"<Error: Too many levels of nesting to fake this schema>\"\n              },\n              {\n                \"value\": \"<Error: Too many levels of nesting to fake this schema>\"\n              }\n            ]\n          }\n        ]\n      }\n    },\n    {\n      \"statementDate\": \"2021-12-30\",\n      \"statementEndingBalance\": \"1500.00\",\n      \"delinquentAmount\": \"100.00\",\n      \"statementFinanceChargeAmount\": \"10.00\",\n      \"minimumPaymentDueAmount\": \"200.00\",\n      \"paymentDueDate\": \"12-25\",\n      \"statementOpeningBalanceAmount\": \"3000.00\",\n      \"statementDebitAmount\": \"1500.00\",\n      \"statementSalesAmount\": \"12.09\",\n      \"statementOtherCreditsAmount\": \"15.15\",\n      \"statementPaymentAmount\": \"400.00\",\n      \"externalAccountStatusCode\": \"NORMAL\",\n      \"yearToDateInterestAmount\": \"30.00\",\n      \"purchaseCount\": \"15\",\n      \"creditCount\": \"5\",\n      \"paymentsCount\": \"10\",\n      \"daysInBillingCycle\": \"31\",\n      \"billingCycleCode\": \"28\",\n      \"sinceLastStatementInterestAmount\": \"1.09\",\n      \"overlimitFees\": \"5.00\",\n      \"skipPaymentFlag\": \"H - Yes\",\n      \"statementCreditLineAmount\": \"5000.00\",\n      \"availableCreditRemaining\": \"4000.00\",\n      \"statementTotals\": {\n        \"adjustments\": \"99485.00\",\n        \"cashAdvance\": \"1692.00\",\n        \"credit\": \"10100.00\",\n        \"payment\": \"665572.00\",\n        \"purchase\": \"39181.00\"\n      },\n      \"statementTransactionDetails\": {\n        \"count\": -10088713,\n        \"statementTransactions\": [\n          {\n            \"cardOrAccountNumber\": \"400020XXXXXX4000\",\n            \"cardOrAccountTransactions\": [\n              {\n                \"value\": \"<Error: Too many levels of nesting to fake this schema>\"\n              },\n              {\n                \"value\": \"<Error: Too many levels of nesting to fake this schema>\"\n              }\n            ]\n          },\n          {\n            \"cardOrAccountNumber\": \"400020XXXXXX4000\",\n            \"cardOrAccountTransactions\": [\n              {\n                \"value\": \"<Error: Too many levels of nesting to fake this schema>\"\n              },\n              {\n                \"value\": \"<Error: Too many levels of nesting to fake this schema>\"\n              }\n            ]\n          }\n        ]\n      }\n    }\n  ],\n  \"warningInfo\": {\n    \"message\": \"\",\n    \"spanId\": \"in nostrud\",\n    \"traceId\": \"culpa adipisicing exercitation aliqua\",\n    \"warningDetails\": [\n      {\n        \"code\": \"non aliquip\",\n        \"detail\": \"Too many results. Please refine your search criteria.\",\n        \"spanId\": \"voluptate\",\n        \"timestamp\": \"dolor exercitation\"\n      },\n      {\n        \"code\": \"cillum ea qui ex Ut\",\n        \"detail\": \"Too many results. Please refine your search criteria.\",\n        \"spanId\": \"incididunt pariatur Excepteur\",\n        \"timestamp\": \"sint officia in occaecat dolor\"\n      }\n    ]\n  }\n}","cookie":[],"_postman_previewlanguage":"json"},{"id":"f6681f62-897c-437f-a9d4-fdfc7ee53b6d","name":"Invalid Request","originalRequest":{"url":{"path":["v1","accounts","statements","search"],"host":["{{baseUrl}}"],"query":[{"key":"filter","value":"summary,detail"}],"variable":[]},"header":[{"description":{"content":"Added as a part of security scheme: bearer","type":"text/plain"},"key":"Authorization","value":"Bearer <token>"},{"disabled":false,"description":"(Required) Retrieve an access token through the Access Token API. Access token is required in every request. Refer to documentation on access token  (https://card.developer.fiserv.com/apis/token).Tokens expire after 15 minutes. Provide the value as follows in the header. Authorization: Bearer <Access Token Value>","key":"Authorization","value":"Bearer USlfM8dilzKZPcuGGP3BfVLd7Snk"},{"disabled":false,"description":"User who is making this request","key":"userId","value":"FDSCARD"},{"disabled":false,"description":"(Required) Required. Provide 8 digit client id","key":"x-fapi-financial-id","value":"<string>"},{"key":"Accept","value":"application/json"}],"method":"POST","body":{"mode":"raw","raw":"{\n  \"accountNumber\": \"4000200030004000\",\n  \"fromDate\": \"2021-12-09\",\n  \"toDate\": \"2021-12-28\"\n}","options":{"raw":{"language":"json"}}}},"status":"Bad Request","code":400,"header":[{"disabled":false,"description":"unique transaction ID created for each request for tracking purposes","key":"x-fapi-interaction-id","value":"95ad42fb-afd1-2121-b794-3ed29342ks42"},{"key":"Content-Type","value":"application/json"}],"body":"{\n  \"type\": \"https://card.developer.fiserv.com/cards/error#invalid-request\",\n  \"title\": \"Invalid Request\",\n  \"detail\": \"We had a problem getting your credit and debit card information.\",\n  \"instance\": \"/v1/cards/details\",\n  \"status\": 400\n}","cookie":[],"_postman_previewlanguage":"json"},{"id":"b6d80935-e785-46d3-8760-ecc59f99ab24","name":"Unauthorized access","originalRequest":{"url":{"path":["v1","accounts","statements","search"],"host":["{{baseUrl}}"],"query":[{"key":"filter","value":"summary,detail"}],"variable":[]},"header":[{"description":{"content":"Added as a part of security scheme: bearer","type":"text/plain"},"key":"Authorization","value":"Bearer <token>"},{"disabled":false,"description":"(Required) Retrieve an access token through the Access Token API. Access token is required in every request. Refer to documentation on access token  (https://card.developer.fiserv.com/apis/token).Tokens expire after 15 minutes. Provide the value as follows in the header. Authorization: Bearer <Access Token Value>","key":"Authorization","value":"Bearer USlfM8dilzKZPcuGGP3BfVLd7Snk"},{"disabled":false,"description":"User who is making this request","key":"userId","value":"FDSCARD"},{"disabled":false,"description":"(Required) Required. Provide 8 digit client id","key":"x-fapi-financial-id","value":"<string>"},{"key":"Accept","value":"application/json"}],"method":"POST","body":{"mode":"raw","raw":"{\n  \"accountNumber\": \"4000200030004000\",\n  \"fromDate\": \"2021-12-09\",\n  \"toDate\": \"2021-12-28\"\n}","options":{"raw":{"language":"json"}}}},"status":"Unauthorized","code":401,"header":[{"disabled":false,"description":"unique transaction ID created for each request for tracking purposes","key":"x-fapi-interaction-id","value":"95ad42fb-afd1-2121-b794-3ed29342ks42"},{"key":"Content-Type","value":"application/json"}],"body":"{\n  \"type\": \"https://card.developer.fiserv.com/cards/error#invalid-request\",\n  \"title\": \"Invalid Request\",\n  \"detail\": \"We had a problem getting your credit and debit card information.\",\n  \"instance\": \"/v1/cards/details\",\n  \"status\": 400\n}","cookie":[],"_postman_previewlanguage":"json"},{"id":"336d8d8a-de5b-4504-bf45-f0c414836020","name":"Forbidden","originalRequest":{"url":{"path":["v1","accounts","statements","search"],"host":["{{baseUrl}}"],"query":[{"key":"filter","value":"summary,detail"}],"variable":[]},"header":[{"description":{"content":"Added as a part of security scheme: bearer","type":"text/plain"},"key":"Authorization","value":"Bearer <token>"},{"disabled":false,"description":"(Required) Retrieve an access token through the Access Token API. Access token is required in every request. Refer to documentation on access token  (https://card.developer.fiserv.com/apis/token).Tokens expire after 15 minutes. Provide the value as follows in the header. Authorization: Bearer <Access Token Value>","key":"Authorization","value":"Bearer USlfM8dilzKZPcuGGP3BfVLd7Snk"},{"disabled":false,"description":"User who is making this request","key":"userId","value":"FDSCARD"},{"disabled":false,"description":"(Required) Required. Provide 8 digit client id","key":"x-fapi-financial-id","value":"<string>"},{"key":"Accept","value":"application/json"}],"method":"POST","body":{"mode":"raw","raw":"{\n  \"accountNumber\": \"4000200030004000\",\n  \"fromDate\": \"2021-12-09\",\n  \"toDate\": \"2021-12-28\"\n}","options":{"raw":{"language":"json"}}}},"status":"Forbidden","code":403,"header":[{"disabled":false,"description":"unique transaction ID created for each request for tracking purposes","key":"x-fapi-interaction-id","value":"95ad42fb-afd1-2121-b794-3ed29342ks42"},{"key":"Content-Type","value":"application/json"}],"body":"{\n  \"type\": \"https://card.developer.fiserv.com/cards/error#invalid-request\",\n  \"title\": \"Invalid Request\",\n  \"detail\": \"We had a problem getting your credit and debit card information.\",\n  \"instance\": \"/v1/cards/details\",\n  \"status\": 400\n}","cookie":[],"_postman_previewlanguage":"json"},{"id":"49113fb4-abb6-4a49-a249-4dba90e72e31","name":"Not Found","originalRequest":{"url":{"path":["v1","accounts","statements","search"],"host":["{{baseUrl}}"],"query":[{"key":"filter","value":"summary,detail"}],"variable":[]},"header":[{"description":{"content":"Added as a part of security scheme: bearer","type":"text/plain"},"key":"Authorization","value":"Bearer <token>"},{"disabled":false,"description":"(Required) Retrieve an access token through the Access Token API. Access token is required in every request. Refer to documentation on access token  (https://card.developer.fiserv.com/apis/token).Tokens expire after 15 minutes. Provide the value as follows in the header. Authorization: Bearer <Access Token Value>","key":"Authorization","value":"Bearer USlfM8dilzKZPcuGGP3BfVLd7Snk"},{"disabled":false,"description":"User who is making this request","key":"userId","value":"FDSCARD"},{"disabled":false,"description":"(Required) Required. Provide 8 digit client id","key":"x-fapi-financial-id","value":"<string>"},{"key":"Accept","value":"application/json"}],"method":"POST","body":{"mode":"raw","raw":"{\n  \"accountNumber\": \"4000200030004000\",\n  \"fromDate\": \"2021-12-09\",\n  \"toDate\": \"2021-12-28\"\n}","options":{"raw":{"language":"json"}}}},"status":"Not Found","code":404,"header":[{"disabled":false,"description":"unique transaction ID created for each request for tracking purposes","key":"x-fapi-interaction-id","value":"95ad42fb-afd1-2121-b794-3ed29342ks42"},{"key":"Content-Type","value":"application/json"}],"body":"{\n  \"type\": \"https://card.developer.fiserv.com/cards/error#invalid-request\",\n  \"title\": \"Invalid Request\",\n  \"detail\": \"We had a problem getting your credit and debit card information.\",\n  \"instance\": \"/v1/cards/details\",\n  \"status\": 400\n}","cookie":[],"_postman_previewlanguage":"json"},{"id":"13de47fd-99f7-4561-a891-e53003127f55","name":"Method Not Allowed","originalRequest":{"url":{"path":["v1","accounts","statements","search"],"host":["{{baseUrl}}"],"query":[{"key":"filter","value":"summary,detail"}],"variable":[]},"header":[{"description":{"content":"Added as a part of security scheme: bearer","type":"text/plain"},"key":"Authorization","value":"Bearer <token>"},{"disabled":false,"description":"(Required) Retrieve an access token through the Access Token API. Access token is required in every request. Refer to documentation on access token  (https://card.developer.fiserv.com/apis/token).Tokens expire after 15 minutes. Provide the value as follows in the header. Authorization: Bearer <Access Token Value>","key":"Authorization","value":"Bearer USlfM8dilzKZPcuGGP3BfVLd7Snk"},{"disabled":false,"description":"User who is making this request","key":"userId","value":"FDSCARD"},{"disabled":false,"description":"(Required) Required. Provide 8 digit client id","key":"x-fapi-financial-id","value":"<string>"},{"key":"Accept","value":"application/json"}],"method":"POST","body":{"mode":"raw","raw":"{\n  \"accountNumber\": \"4000200030004000\",\n  \"fromDate\": \"2021-12-09\",\n  \"toDate\": \"2021-12-28\"\n}","options":{"raw":{"language":"json"}}}},"status":"Method Not Allowed","code":405,"header":[{"disabled":false,"description":"unique transaction ID created for each request for tracking purposes","key":"x-fapi-interaction-id","value":"95ad42fb-afd1-2121-b794-3ed29342ks42"},{"key":"Content-Type","value":"application/json"}],"body":"{\n  \"type\": \"https://card.developer.fiserv.com/cards/error#invalid-request\",\n  \"title\": \"Invalid Request\",\n  \"detail\": \"We had a problem getting your credit and debit card information.\",\n  \"instance\": \"/v1/cards/details\",\n  \"status\": 400\n}","cookie":[],"_postman_previewlanguage":"json"},{"id":"ca6a76c1-1f70-451b-997d-e5c09eb89ae9","name":"Unacceptable","originalRequest":{"url":{"path":["v1","accounts","statements","search"],"host":["{{baseUrl}}"],"query":[{"key":"filter","value":"summary,detail"}],"variable":[]},"header":[{"description":{"content":"Added as a part of security scheme: bearer","type":"text/plain"},"key":"Authorization","value":"Bearer <token>"},{"disabled":false,"description":"(Required) Retrieve an access token through the Access Token API. Access token is required in every request. Refer to documentation on access token  (https://card.developer.fiserv.com/apis/token).Tokens expire after 15 minutes. Provide the value as follows in the header. Authorization: Bearer <Access Token Value>","key":"Authorization","value":"Bearer USlfM8dilzKZPcuGGP3BfVLd7Snk"},{"disabled":false,"description":"User who is making this request","key":"userId","value":"FDSCARD"},{"disabled":false,"description":"(Required) Required. Provide 8 digit client id","key":"x-fapi-financial-id","value":"<string>"},{"key":"Accept","value":"application/json"}],"method":"POST","body":{"mode":"raw","raw":"{\n  \"accountNumber\": \"4000200030004000\",\n  \"fromDate\": \"2021-12-09\",\n  \"toDate\": \"2021-12-28\"\n}","options":{"raw":{"language":"json"}}}},"status":"Not Acceptable","code":406,"header":[{"disabled":false,"description":"unique transaction ID created for each request for tracking purposes","key":"x-fapi-interaction-id","value":"95ad42fb-afd1-2121-b794-3ed29342ks42"},{"key":"Content-Type","value":"application/json"}],"body":"{\n  \"type\": \"https://card.developer.fiserv.com/cards/error#invalid-request\",\n  \"title\": \"Invalid Request\",\n  \"detail\": \"We had a problem getting your credit and debit card information.\",\n  \"instance\": \"/v1/cards/details\",\n  \"status\": 400\n}","cookie":[],"_postman_previewlanguage":"json"},{"id":"d1fb4244-7922-4db1-8188-b99449eec3f3","name":"Unsupported Media Type","originalRequest":{"url":{"path":["v1","accounts","statements","search"],"host":["{{baseUrl}}"],"query":[{"key":"filter","value":"summary,detail"}],"variable":[]},"header":[{"description":{"content":"Added as a part of security scheme: bearer","type":"text/plain"},"key":"Authorization","value":"Bearer <token>"},{"disabled":false,"description":"(Required) Retrieve an access token through the Access Token API. Access token is required in every request. Refer to documentation on access token  (https://card.developer.fiserv.com/apis/token).Tokens expire after 15 minutes. Provide the value as follows in the header. Authorization: Bearer <Access Token Value>","key":"Authorization","value":"Bearer USlfM8dilzKZPcuGGP3BfVLd7Snk"},{"disabled":false,"description":"User who is making this request","key":"userId","value":"FDSCARD"},{"disabled":false,"description":"(Required) Required. Provide 8 digit client id","key":"x-fapi-financial-id","value":"<string>"},{"key":"Accept","value":"application/json"}],"method":"POST","body":{"mode":"raw","raw":"{\n  \"accountNumber\": \"4000200030004000\",\n  \"fromDate\": \"2021-12-09\",\n  \"toDate\": \"2021-12-28\"\n}","options":{"raw":{"language":"json"}}}},"status":"Unsupported Media Type","code":415,"header":[{"disabled":false,"description":"unique transaction ID created for each request for tracking purposes","key":"x-fapi-interaction-id","value":"95ad42fb-afd1-2121-b794-3ed29342ks42"},{"key":"Content-Type","value":"application/json"}],"body":"{\n  \"type\": \"https://card.developer.fiserv.com/cards/error#invalid-request\",\n  \"title\": \"Invalid Request\",\n  \"detail\": \"We had a problem getting your credit and debit card information.\",\n  \"instance\": \"/v1/cards/details\",\n  \"status\": 400\n}","cookie":[],"_postman_previewlanguage":"json"},{"id":"e3e6ff9a-6e19-494f-a681-003692a2160d","name":"Unprocessable Entity","originalRequest":{"url":{"path":["v1","accounts","statements","search"],"host":["{{baseUrl}}"],"query":[{"key":"filter","value":"summary,detail"}],"variable":[]},"header":[{"description":{"content":"Added as a part of security scheme: bearer","type":"text/plain"},"key":"Authorization","value":"Bearer <token>"},{"disabled":false,"description":"(Required) Retrieve an access token through the Access Token API. Access token is required in every request. Refer to documentation on access token  (https://card.developer.fiserv.com/apis/token).Tokens expire after 15 minutes. Provide the value as follows in the header. Authorization: Bearer <Access Token Value>","key":"Authorization","value":"Bearer USlfM8dilzKZPcuGGP3BfVLd7Snk"},{"disabled":false,"description":"User who is making this request","key":"userId","value":"FDSCARD"},{"disabled":false,"description":"(Required) Required. Provide 8 digit client id","key":"x-fapi-financial-id","value":"<string>"},{"key":"Accept","value":"application/json"}],"method":"POST","body":{"mode":"raw","raw":"{\n  \"accountNumber\": \"4000200030004000\",\n  \"fromDate\": \"2021-12-09\",\n  \"toDate\": \"2021-12-28\"\n}","options":{"raw":{"language":"json"}}}},"status":"Unprocessable Entity (WebDAV) (RFC 4918)","code":422,"header":[{"disabled":false,"description":"unique transaction ID created for each request for tracking purposes","key":"x-fapi-interaction-id","value":"95ad42fb-afd1-2121-b794-3ed29342ks42"},{"key":"Content-Type","value":"application/json"}],"body":"{\n  \"type\": \"https://card.developer.fiserv.com/cards/error#invalid-request\",\n  \"title\": \"Invalid Request\",\n  \"detail\": \"We had a problem getting your credit and debit card information.\",\n  \"instance\": \"/v1/cards/details\",\n  \"status\": 400\n}","cookie":[],"_postman_previewlanguage":"json"},{"id":"f163ce93-7d8c-459f-acf3-9a27ca89ece6","name":"Too Many Requests","originalRequest":{"url":{"path":["v1","accounts","statements","search"],"host":["{{baseUrl}}"],"query":[{"key":"filter","value":"summary,detail"}],"variable":[]},"header":[{"description":{"content":"Added as a part of security scheme: bearer","type":"text/plain"},"key":"Authorization","value":"Bearer <token>"},{"disabled":false,"description":"(Required) Retrieve an access token through the Access Token API. Access token is required in every request. Refer to documentation on access token  (https://card.developer.fiserv.com/apis/token).Tokens expire after 15 minutes. Provide the value as follows in the header. Authorization: Bearer <Access Token Value>","key":"Authorization","value":"Bearer USlfM8dilzKZPcuGGP3BfVLd7Snk"},{"disabled":false,"description":"User who is making this request","key":"userId","value":"FDSCARD"},{"disabled":false,"description":"(Required) Required. Provide 8 digit client id","key":"x-fapi-financial-id","value":"<string>"},{"key":"Accept","value":"application/json"}],"method":"POST","body":{"mode":"raw","raw":"{\n  \"accountNumber\": \"4000200030004000\",\n  \"fromDate\": \"2021-12-09\",\n  \"toDate\": \"2021-12-28\"\n}","options":{"raw":{"language":"json"}}}},"status":"Too Many Requests","code":429,"header":[{"disabled":false,"description":"unique transaction ID created for each request for tracking purposes","key":"x-fapi-interaction-id","value":"95ad42fb-afd1-2121-b794-3ed29342ks42"},{"key":"Content-Type","value":"application/json"}],"body":"{\n  \"type\": \"https://card.developer.fiserv.com/cards/error#invalid-request\",\n  \"title\": \"Invalid Request\",\n  \"detail\": \"We had a problem getting your credit and debit card information.\",\n  \"instance\": \"/v1/cards/details\",\n  \"status\": 400\n}","cookie":[],"_postman_previewlanguage":"json"},{"id":"261d7001-d2d2-44d9-954a-1098c63a584b","name":"Internal Server Error","originalRequest":{"url":{"path":["v1","accounts","statements","search"],"host":["{{baseUrl}}"],"query":[{"key":"filter","value":"summary,detail"}],"variable":[]},"header":[{"description":{"content":"Added as a part of security scheme: bearer","type":"text/plain"},"key":"Authorization","value":"Bearer <token>"},{"disabled":false,"description":"(Required) Retrieve an access token through the Access Token API. Access token is required in every request. Refer to documentation on access token  (https://card.developer.fiserv.com/apis/token).Tokens expire after 15 minutes. Provide the value as follows in the header. Authorization: Bearer <Access Token Value>","key":"Authorization","value":"Bearer USlfM8dilzKZPcuGGP3BfVLd7Snk"},{"disabled":false,"description":"User who is making this request","key":"userId","value":"FDSCARD"},{"disabled":false,"description":"(Required) Required. Provide 8 digit client id","key":"x-fapi-financial-id","value":"<string>"},{"key":"Accept","value":"application/json"}],"method":"POST","body":{"mode":"raw","raw":"{\n  \"accountNumber\": \"4000200030004000\",\n  \"fromDate\": \"2021-12-09\",\n  \"toDate\": \"2021-12-28\"\n}","options":{"raw":{"language":"json"}}}},"status":"Internal Server Error","code":500,"header":[{"disabled":false,"description":"unique transaction ID created for each request for tracking purposes","key":"x-fapi-interaction-id","value":"95ad42fb-afd1-2121-b794-3ed29342ks42"},{"key":"Content-Type","value":"application/json"}],"body":"{\n  \"errorResponse\": {\n    \"code\": \"500-01\",\n    \"message\": \"internal server error\",\n    \"developerInfo\": {\n      \"developerMessage\": \"internal server error\",\n      \"moreInfo\": \"There was a problem handling your request.  Please try again.  If the problem persists please contact Fiserv ETSD at 888-243-2543 (you unique messageID included below)\",\n      \"messageid\": \"25557-84290371-1\"\n    }\n  }\n}","cookie":[],"_postman_previewlanguage":"json"}],"event":[],"protocolProfileBehavior":{"disableBodyPruning":true}}],"event":[],"variable":[{"type":"string","value":"https://card.api.fiservapps.com/cs/accounts","key":"baseUrl"}],"auth":{"type":"bearer","bearer":[{"key":"token","value":"{{bearerToken}}"}]},"info":{"_postman_id":"a3fa9578-309b-44f7-b9f0-35163a813dc0","name":"Account","schema":"https://schema.getpostman.com/json/collection/v2.1.0/collection.json","description":{"content":"Account Domain. All times will be in UTC standards.","type":"text/plain"}}}