{"item":[{"id":"14d73719-737b-4b76-83c0-54d9c94061d8","name":"Search for statement information given the account. Applies only to Credit.","request":{"name":"Search for statement information given the account. Applies only to Credit.","description":{},"url":{"path":["v1","accounts","statements","search"],"host":["{{baseUrl}}"],"query":[{"disabled":false,"key":"filter","value":"<string>","description":"(Required) Select summary or detail information of statement. Default will be summary information.Summary includes - Card Number, Statement Date, Ending Balance, Delinquent Amount, Statement Finance Charge Amount, Minimum Payment Due Amount, Payment Due Date. Detail includes all the fields in response."}],"variable":[]},"header":[{"disabled":false,"description":"User who is making this request","key":"userId","value":"<string>"},{"disabled":false,"description":"(Required) Required. Provide 8 digit client id","key":"x-fapi-financial-id","value":"<string>"},{"key":"Content-Type","value":"application/json"},{"key":"Accept","value":"application/json"}],"method":"POST","auth":null,"body":{"mode":"raw","raw":"{\n  \"accountNumber\": \"<string>\",\n  \"fromDate\": \"<date>\",\n  \"toDate\": \"<date>\"\n}","options":{"raw":{"language":"json"}}}},"response":[{"id":"e07d5db4-5337-465c-850a-d585e1d0b3e3","name":"OK","originalRequest":{"url":{"path":["v1","accounts","statements","search"],"host":["{{baseUrl}}"],"query":[{"key":"filter","value":"summary,detail"}],"variable":[]},"header":[{"description":{"content":"Added as a part of security scheme: bearer","type":"text/plain"},"key":"Authorization","value":"Bearer <token>"},{"disabled":false,"description":"(Required) Retrieve an access token through the Access Token API. Access token is required in every request. Refer to documentation on access token  (https://card.developer.fiserv.com/apis/token).Tokens expire after 15 minutes. Provide the value as follows in the header. Authorization: Bearer <Access Token Value>","key":"Authorization","value":"Bearer USlfM8dilzKZPcuGGP3BfVLd7Snk"},{"disabled":false,"description":"User who is making this request","key":"userId","value":"FDSCARD"},{"disabled":false,"description":"(Required) Required. Provide 8 digit client id","key":"x-fapi-financial-id","value":"<string>"},{"key":"Accept","value":"application/json"}],"method":"POST","body":{"mode":"raw","raw":"{\n  \"accountNumber\": \"4000200030004000\",\n  \"fromDate\": \"2021-12-09\",\n  \"toDate\": \"2021-12-28\"\n}","options":{"raw":{"language":"json"}}}},"status":"OK","code":200,"header":[{"key":"Content-Type","value":"application/json"}],"body":"{\n  \"cardNumber\": [\n    \"dolore non ex\",\n    \"aliqua ut \"\n  ],\n  \"statementDetails\": [\n    {\n      \"statementDate\": \"2021-12-30\",\n      \"statementEndingBalance\": \"1500.00\",\n      \"delinquentAmount\": \"100.00\",\n      \"statementFinanceChargeAmount\": \"10.00\",\n      \"minimumPaymentDueAmount\": \"200.00\",\n      \"paymentDueDate\": \"12-25\",\n      \"statementOpeningBalanceAmount\": \"3000.00\",\n      \"statementDebitAmount\": \"1500.00\",\n      \"statementSalesAmount\": \"12.09\",\n      \"statementOtherCreditsAmount\": \"15.15\",\n      \"statementPaymentAmount\": \"400.00\",\n      \"externalAccountStatusCode\": \"CHARGED_OFF\",\n      \"yearToDateInterestAmount\": \"30.00\",\n      \"purchaseCount\": \"15\",\n      \"creditCount\": \"5\",\n      \"paymentsCount\": \"10\",\n      \"daysInBillingCycle\": \"31\",\n      \"billingCycleCode\": \"28\",\n      \"sinceLastStatementInterestAmount\": \"1.09\",\n      \"overlimitFees\": \"5.00\",\n      \"skipPaymentFlag\": \"H - Yes\",\n      \"statementCreditLineAmount\": \"5000.00\",\n      \"availableCreditRemaining\": \"4000.00\",\n      \"statementTotals\": {\n        \"adjustments\": \"99485.00\",\n        \"cashAdvance\": \"1692.00\",\n        \"credit\": \"10100.00\",\n        \"payment\": \"665572.00\",\n        \"purchase\": \"39181.00\"\n      },\n      \"statementTransactionDetails\": {\n        \"count\": 99830348,\n        \"statementTransactions\": [\n          {\n            \"cardOrAccountNumber\": \"400020XXXXXX4000\",\n            \"cardOrAccountTransactions\": [\n              {\n                \"value\": \"<Error: Too many levels of nesting to fake this schema>\"\n              },\n              {\n                \"value\": \"<Error: Too many levels of nesting to fake this schema>\"\n              }\n            ]\n          },\n          {\n            \"cardOrAccountNumber\": \"400020XXXXXX4000\",\n            \"cardOrAccountTransactions\": [\n              {\n                \"value\": \"<Error: Too many levels of nesting to fake this schema>\"\n              },\n              {\n                \"value\": \"<Error: Too many levels of nesting to fake this schema>\"\n              }\n            ]\n          }\n        ]\n      }\n    },\n    {\n      \"statementDate\": \"2021-12-30\",\n      \"statementEndingBalance\": \"1500.00\",\n      \"delinquentAmount\": \"100.00\",\n      \"statementFinanceChargeAmount\": \"10.00\",\n      \"minimumPaymentDueAmount\": \"200.00\",\n      \"paymentDueDate\": \"12-25\",\n      \"statementOpeningBalanceAmount\": \"3000.00\",\n      \"statementDebitAmount\": \"1500.00\",\n      \"statementSalesAmount\": \"12.09\",\n      \"statementOtherCreditsAmount\": \"15.15\",\n      \"statementPaymentAmount\": \"400.00\",\n      \"externalAccountStatusCode\": \"AUTHORIZATION_PROHIBITED\",\n      \"yearToDateInterestAmount\": \"30.00\",\n      \"purchaseCount\": \"15\",\n      \"creditCount\": \"5\",\n      \"paymentsCount\": \"10\",\n      \"daysInBillingCycle\": \"31\",\n      \"billingCycleCode\": \"28\",\n      \"sinceLastStatementInterestAmount\": \"1.09\",\n      \"overlimitFees\": \"5.00\",\n      \"skipPaymentFlag\": \"H - Yes\",\n      \"statementCreditLineAmount\": \"5000.00\",\n      \"availableCreditRemaining\": \"4000.00\",\n      \"statementTotals\": {\n        \"adjustments\": \"99485.00\",\n        \"cashAdvance\": \"1692.00\",\n        \"credit\": \"10100.00\",\n        \"payment\": \"665572.00\",\n        \"purchase\": \"39181.00\"\n      },\n      \"statementTransactionDetails\": {\n        \"count\": 89400562,\n        \"statementTransactions\": [\n          {\n            \"cardOrAccountNumber\": \"400020XXXXXX4000\",\n            \"cardOrAccountTransactions\": [\n              {\n                \"value\": \"<Error: Too many levels of nesting to fake this schema>\"\n              },\n              {\n                \"value\": \"<Error: Too many levels of nesting to fake this schema>\"\n              }\n            ]\n          },\n          {\n            \"cardOrAccountNumber\": \"400020XXXXXX4000\",\n            \"cardOrAccountTransactions\": [\n              {\n                \"value\": \"<Error: Too many levels of nesting to fake this schema>\"\n              },\n              {\n                \"value\": \"<Error: Too many levels of nesting to fake this schema>\"\n              }\n            ]\n          }\n        ]\n      }\n    }\n  ],\n  \"warningInfo\": {\n    \"message\": \"U\",\n    \"spanId\": \"sed Lorem esse consectetur\",\n    \"traceId\": \"anim Duis ipsum sunt Lorem\",\n    \"warningDetails\": [\n      {\n        \"code\": \"fugiat aute proident eu\",\n        \"detail\": \"Too many results. Please refine your search criteria.\",\n        \"spanId\": \"Duis dolor aute\",\n        \"timestamp\": \"Excepteur laboris ex qui\"\n      },\n      {\n        \"code\": \"in nisi\",\n        \"detail\": \"Too many results. Please refine your search criteria.\",\n        \"spanId\": \"eiusmod minim\",\n        \"timestamp\": \"amet nisi ut laboris eiusmod\"\n      }\n    ]\n  }\n}","cookie":[],"_postman_previewlanguage":"json"},{"id":"d6c8521a-00e7-4baa-acfe-bc12e80d4d5a","name":"Invalid Request","originalRequest":{"url":{"path":["v1","accounts","statements","search"],"host":["{{baseUrl}}"],"query":[{"key":"filter","value":"summary,detail"}],"variable":[]},"header":[{"description":{"content":"Added as a part of security scheme: bearer","type":"text/plain"},"key":"Authorization","value":"Bearer <token>"},{"disabled":false,"description":"(Required) Retrieve an access token through the Access Token API. Access token is required in every request. Refer to documentation on access token  (https://card.developer.fiserv.com/apis/token).Tokens expire after 15 minutes. Provide the value as follows in the header. Authorization: Bearer <Access Token Value>","key":"Authorization","value":"Bearer USlfM8dilzKZPcuGGP3BfVLd7Snk"},{"disabled":false,"description":"User who is making this request","key":"userId","value":"FDSCARD"},{"disabled":false,"description":"(Required) Required. Provide 8 digit client id","key":"x-fapi-financial-id","value":"<string>"},{"key":"Accept","value":"application/json"}],"method":"POST","body":{"mode":"raw","raw":"{\n  \"accountNumber\": \"4000200030004000\",\n  \"fromDate\": \"2021-12-09\",\n  \"toDate\": \"2021-12-28\"\n}","options":{"raw":{"language":"json"}}}},"status":"Bad Request","code":400,"header":[{"disabled":false,"description":"unique transaction ID created for each request for tracking purposes","key":"x-fapi-interaction-id","value":"95ad42fb-afd1-2121-b794-3ed29342ks42"},{"key":"Content-Type","value":"application/json"}],"body":"{\n  \"type\": \"https://card.developer.fiserv.com/cards/error#invalid-request\",\n  \"title\": \"Invalid Request\",\n  \"detail\": \"We had a problem getting your credit and debit card information.\",\n  \"instance\": \"/v1/cards/details\",\n  \"status\": 400\n}","cookie":[],"_postman_previewlanguage":"json"},{"id":"9f200e59-0311-4930-be81-d03f673696ee","name":"Unauthorized access","originalRequest":{"url":{"path":["v1","accounts","statements","search"],"host":["{{baseUrl}}"],"query":[{"key":"filter","value":"summary,detail"}],"variable":[]},"header":[{"description":{"content":"Added as a part of security scheme: bearer","type":"text/plain"},"key":"Authorization","value":"Bearer <token>"},{"disabled":false,"description":"(Required) Retrieve an access token through the Access Token API. Access token is required in every request. Refer to documentation on access token  (https://card.developer.fiserv.com/apis/token).Tokens expire after 15 minutes. Provide the value as follows in the header. Authorization: Bearer <Access Token Value>","key":"Authorization","value":"Bearer USlfM8dilzKZPcuGGP3BfVLd7Snk"},{"disabled":false,"description":"User who is making this request","key":"userId","value":"FDSCARD"},{"disabled":false,"description":"(Required) Required. Provide 8 digit client id","key":"x-fapi-financial-id","value":"<string>"},{"key":"Accept","value":"application/json"}],"method":"POST","body":{"mode":"raw","raw":"{\n  \"accountNumber\": \"4000200030004000\",\n  \"fromDate\": \"2021-12-09\",\n  \"toDate\": \"2021-12-28\"\n}","options":{"raw":{"language":"json"}}}},"status":"Unauthorized","code":401,"header":[{"disabled":false,"description":"unique transaction ID created for each request for tracking purposes","key":"x-fapi-interaction-id","value":"95ad42fb-afd1-2121-b794-3ed29342ks42"},{"key":"Content-Type","value":"application/json"}],"body":"{\n  \"type\": \"https://card.developer.fiserv.com/cards/error#invalid-request\",\n  \"title\": \"Invalid Request\",\n  \"detail\": \"We had a problem getting your credit and debit card information.\",\n  \"instance\": \"/v1/cards/details\",\n  \"status\": 400\n}","cookie":[],"_postman_previewlanguage":"json"},{"id":"052acb51-e226-4a17-8e04-53d037bc763f","name":"Forbidden","originalRequest":{"url":{"path":["v1","accounts","statements","search"],"host":["{{baseUrl}}"],"query":[{"key":"filter","value":"summary,detail"}],"variable":[]},"header":[{"description":{"content":"Added as a part of security scheme: bearer","type":"text/plain"},"key":"Authorization","value":"Bearer <token>"},{"disabled":false,"description":"(Required) Retrieve an access token through the Access Token API. Access token is required in every request. Refer to documentation on access token  (https://card.developer.fiserv.com/apis/token).Tokens expire after 15 minutes. Provide the value as follows in the header. Authorization: Bearer <Access Token Value>","key":"Authorization","value":"Bearer USlfM8dilzKZPcuGGP3BfVLd7Snk"},{"disabled":false,"description":"User who is making this request","key":"userId","value":"FDSCARD"},{"disabled":false,"description":"(Required) Required. Provide 8 digit client id","key":"x-fapi-financial-id","value":"<string>"},{"key":"Accept","value":"application/json"}],"method":"POST","body":{"mode":"raw","raw":"{\n  \"accountNumber\": \"4000200030004000\",\n  \"fromDate\": \"2021-12-09\",\n  \"toDate\": \"2021-12-28\"\n}","options":{"raw":{"language":"json"}}}},"status":"Forbidden","code":403,"header":[{"disabled":false,"description":"unique transaction ID created for each request for tracking purposes","key":"x-fapi-interaction-id","value":"95ad42fb-afd1-2121-b794-3ed29342ks42"},{"key":"Content-Type","value":"application/json"}],"body":"{\n  \"type\": \"https://card.developer.fiserv.com/cards/error#invalid-request\",\n  \"title\": \"Invalid Request\",\n  \"detail\": \"We had a problem getting your credit and debit card information.\",\n  \"instance\": \"/v1/cards/details\",\n  \"status\": 400\n}","cookie":[],"_postman_previewlanguage":"json"},{"id":"0bbb45ce-2737-4551-a54f-3b7cf4e8b196","name":"Not Found","originalRequest":{"url":{"path":["v1","accounts","statements","search"],"host":["{{baseUrl}}"],"query":[{"key":"filter","value":"summary,detail"}],"variable":[]},"header":[{"description":{"content":"Added as a part of security scheme: bearer","type":"text/plain"},"key":"Authorization","value":"Bearer <token>"},{"disabled":false,"description":"(Required) Retrieve an access token through the Access Token API. Access token is required in every request. Refer to documentation on access token  (https://card.developer.fiserv.com/apis/token).Tokens expire after 15 minutes. Provide the value as follows in the header. Authorization: Bearer <Access Token Value>","key":"Authorization","value":"Bearer USlfM8dilzKZPcuGGP3BfVLd7Snk"},{"disabled":false,"description":"User who is making this request","key":"userId","value":"FDSCARD"},{"disabled":false,"description":"(Required) Required. Provide 8 digit client id","key":"x-fapi-financial-id","value":"<string>"},{"key":"Accept","value":"application/json"}],"method":"POST","body":{"mode":"raw","raw":"{\n  \"accountNumber\": \"4000200030004000\",\n  \"fromDate\": \"2021-12-09\",\n  \"toDate\": \"2021-12-28\"\n}","options":{"raw":{"language":"json"}}}},"status":"Not Found","code":404,"header":[{"disabled":false,"description":"unique transaction ID created for each request for tracking purposes","key":"x-fapi-interaction-id","value":"95ad42fb-afd1-2121-b794-3ed29342ks42"},{"key":"Content-Type","value":"application/json"}],"body":"{\n  \"type\": \"https://card.developer.fiserv.com/cards/error#invalid-request\",\n  \"title\": \"Invalid Request\",\n  \"detail\": \"We had a problem getting your credit and debit card information.\",\n  \"instance\": \"/v1/cards/details\",\n  \"status\": 400\n}","cookie":[],"_postman_previewlanguage":"json"},{"id":"68b31ab7-c78d-4a8f-b39e-6a736232a904","name":"Method Not Allowed","originalRequest":{"url":{"path":["v1","accounts","statements","search"],"host":["{{baseUrl}}"],"query":[{"key":"filter","value":"summary,detail"}],"variable":[]},"header":[{"description":{"content":"Added as a part of security scheme: bearer","type":"text/plain"},"key":"Authorization","value":"Bearer <token>"},{"disabled":false,"description":"(Required) Retrieve an access token through the Access Token API. Access token is required in every request. Refer to documentation on access token  (https://card.developer.fiserv.com/apis/token).Tokens expire after 15 minutes. Provide the value as follows in the header. Authorization: Bearer <Access Token Value>","key":"Authorization","value":"Bearer USlfM8dilzKZPcuGGP3BfVLd7Snk"},{"disabled":false,"description":"User who is making this request","key":"userId","value":"FDSCARD"},{"disabled":false,"description":"(Required) Required. Provide 8 digit client id","key":"x-fapi-financial-id","value":"<string>"},{"key":"Accept","value":"application/json"}],"method":"POST","body":{"mode":"raw","raw":"{\n  \"accountNumber\": \"4000200030004000\",\n  \"fromDate\": \"2021-12-09\",\n  \"toDate\": \"2021-12-28\"\n}","options":{"raw":{"language":"json"}}}},"status":"Method Not Allowed","code":405,"header":[{"disabled":false,"description":"unique transaction ID created for each request for tracking purposes","key":"x-fapi-interaction-id","value":"95ad42fb-afd1-2121-b794-3ed29342ks42"},{"key":"Content-Type","value":"application/json"}],"body":"{\n  \"type\": \"https://card.developer.fiserv.com/cards/error#invalid-request\",\n  \"title\": \"Invalid Request\",\n  \"detail\": \"We had a problem getting your credit and debit card information.\",\n  \"instance\": \"/v1/cards/details\",\n  \"status\": 400\n}","cookie":[],"_postman_previewlanguage":"json"},{"id":"ff2f2a03-260c-4c68-bb31-6fa779c9611c","name":"Unacceptable","originalRequest":{"url":{"path":["v1","accounts","statements","search"],"host":["{{baseUrl}}"],"query":[{"key":"filter","value":"summary,detail"}],"variable":[]},"header":[{"description":{"content":"Added as a part of security scheme: bearer","type":"text/plain"},"key":"Authorization","value":"Bearer <token>"},{"disabled":false,"description":"(Required) Retrieve an access token through the Access Token API. Access token is required in every request. Refer to documentation on access token  (https://card.developer.fiserv.com/apis/token).Tokens expire after 15 minutes. Provide the value as follows in the header. Authorization: Bearer <Access Token Value>","key":"Authorization","value":"Bearer USlfM8dilzKZPcuGGP3BfVLd7Snk"},{"disabled":false,"description":"User who is making this request","key":"userId","value":"FDSCARD"},{"disabled":false,"description":"(Required) Required. Provide 8 digit client id","key":"x-fapi-financial-id","value":"<string>"},{"key":"Accept","value":"application/json"}],"method":"POST","body":{"mode":"raw","raw":"{\n  \"accountNumber\": \"4000200030004000\",\n  \"fromDate\": \"2021-12-09\",\n  \"toDate\": \"2021-12-28\"\n}","options":{"raw":{"language":"json"}}}},"status":"Not Acceptable","code":406,"header":[{"disabled":false,"description":"unique transaction ID created for each request for tracking purposes","key":"x-fapi-interaction-id","value":"95ad42fb-afd1-2121-b794-3ed29342ks42"},{"key":"Content-Type","value":"application/json"}],"body":"{\n  \"type\": \"https://card.developer.fiserv.com/cards/error#invalid-request\",\n  \"title\": \"Invalid Request\",\n  \"detail\": \"We had a problem getting your credit and debit card information.\",\n  \"instance\": \"/v1/cards/details\",\n  \"status\": 400\n}","cookie":[],"_postman_previewlanguage":"json"},{"id":"a17f17f1-7284-4ffc-9ccc-19fca61aa8ff","name":"Unsupported Media Type","originalRequest":{"url":{"path":["v1","accounts","statements","search"],"host":["{{baseUrl}}"],"query":[{"key":"filter","value":"summary,detail"}],"variable":[]},"header":[{"description":{"content":"Added as a part of security scheme: bearer","type":"text/plain"},"key":"Authorization","value":"Bearer <token>"},{"disabled":false,"description":"(Required) Retrieve an access token through the Access Token API. Access token is required in every request. Refer to documentation on access token  (https://card.developer.fiserv.com/apis/token).Tokens expire after 15 minutes. Provide the value as follows in the header. Authorization: Bearer <Access Token Value>","key":"Authorization","value":"Bearer USlfM8dilzKZPcuGGP3BfVLd7Snk"},{"disabled":false,"description":"User who is making this request","key":"userId","value":"FDSCARD"},{"disabled":false,"description":"(Required) Required. Provide 8 digit client id","key":"x-fapi-financial-id","value":"<string>"},{"key":"Accept","value":"application/json"}],"method":"POST","body":{"mode":"raw","raw":"{\n  \"accountNumber\": \"4000200030004000\",\n  \"fromDate\": \"2021-12-09\",\n  \"toDate\": \"2021-12-28\"\n}","options":{"raw":{"language":"json"}}}},"status":"Unsupported Media Type","code":415,"header":[{"disabled":false,"description":"unique transaction ID created for each request for tracking purposes","key":"x-fapi-interaction-id","value":"95ad42fb-afd1-2121-b794-3ed29342ks42"},{"key":"Content-Type","value":"application/json"}],"body":"{\n  \"type\": \"https://card.developer.fiserv.com/cards/error#invalid-request\",\n  \"title\": \"Invalid Request\",\n  \"detail\": \"We had a problem getting your credit and debit card information.\",\n  \"instance\": \"/v1/cards/details\",\n  \"status\": 400\n}","cookie":[],"_postman_previewlanguage":"json"},{"id":"32d2b6d3-62b4-4c87-b691-de4f5695ba71","name":"Unprocessable Entity","originalRequest":{"url":{"path":["v1","accounts","statements","search"],"host":["{{baseUrl}}"],"query":[{"key":"filter","value":"summary,detail"}],"variable":[]},"header":[{"description":{"content":"Added as a part of security scheme: bearer","type":"text/plain"},"key":"Authorization","value":"Bearer <token>"},{"disabled":false,"description":"(Required) Retrieve an access token through the Access Token API. Access token is required in every request. Refer to documentation on access token  (https://card.developer.fiserv.com/apis/token).Tokens expire after 15 minutes. Provide the value as follows in the header. Authorization: Bearer <Access Token Value>","key":"Authorization","value":"Bearer USlfM8dilzKZPcuGGP3BfVLd7Snk"},{"disabled":false,"description":"User who is making this request","key":"userId","value":"FDSCARD"},{"disabled":false,"description":"(Required) Required. Provide 8 digit client id","key":"x-fapi-financial-id","value":"<string>"},{"key":"Accept","value":"application/json"}],"method":"POST","body":{"mode":"raw","raw":"{\n  \"accountNumber\": \"4000200030004000\",\n  \"fromDate\": \"2021-12-09\",\n  \"toDate\": \"2021-12-28\"\n}","options":{"raw":{"language":"json"}}}},"status":"Unprocessable Entity (WebDAV) (RFC 4918)","code":422,"header":[{"disabled":false,"description":"unique transaction ID created for each request for tracking purposes","key":"x-fapi-interaction-id","value":"95ad42fb-afd1-2121-b794-3ed29342ks42"},{"key":"Content-Type","value":"application/json"}],"body":"{\n  \"type\": \"https://card.developer.fiserv.com/cards/error#invalid-request\",\n  \"title\": \"Invalid Request\",\n  \"detail\": \"We had a problem getting your credit and debit card information.\",\n  \"instance\": \"/v1/cards/details\",\n  \"status\": 400\n}","cookie":[],"_postman_previewlanguage":"json"},{"id":"145b5aaa-1733-4608-b8f5-cc41ed3e16ef","name":"Too Many Requests","originalRequest":{"url":{"path":["v1","accounts","statements","search"],"host":["{{baseUrl}}"],"query":[{"key":"filter","value":"summary,detail"}],"variable":[]},"header":[{"description":{"content":"Added as a part of security scheme: bearer","type":"text/plain"},"key":"Authorization","value":"Bearer <token>"},{"disabled":false,"description":"(Required) Retrieve an access token through the Access Token API. Access token is required in every request. Refer to documentation on access token  (https://card.developer.fiserv.com/apis/token).Tokens expire after 15 minutes. Provide the value as follows in the header. Authorization: Bearer <Access Token Value>","key":"Authorization","value":"Bearer USlfM8dilzKZPcuGGP3BfVLd7Snk"},{"disabled":false,"description":"User who is making this request","key":"userId","value":"FDSCARD"},{"disabled":false,"description":"(Required) Required. Provide 8 digit client id","key":"x-fapi-financial-id","value":"<string>"},{"key":"Accept","value":"application/json"}],"method":"POST","body":{"mode":"raw","raw":"{\n  \"accountNumber\": \"4000200030004000\",\n  \"fromDate\": \"2021-12-09\",\n  \"toDate\": \"2021-12-28\"\n}","options":{"raw":{"language":"json"}}}},"status":"Too Many Requests","code":429,"header":[{"disabled":false,"description":"unique transaction ID created for each request for tracking purposes","key":"x-fapi-interaction-id","value":"95ad42fb-afd1-2121-b794-3ed29342ks42"},{"key":"Content-Type","value":"application/json"}],"body":"{\n  \"type\": \"https://card.developer.fiserv.com/cards/error#invalid-request\",\n  \"title\": \"Invalid Request\",\n  \"detail\": \"We had a problem getting your credit and debit card information.\",\n  \"instance\": \"/v1/cards/details\",\n  \"status\": 400\n}","cookie":[],"_postman_previewlanguage":"json"},{"id":"12611614-6284-4157-9905-0063d6cef01b","name":"Internal Server Error","originalRequest":{"url":{"path":["v1","accounts","statements","search"],"host":["{{baseUrl}}"],"query":[{"key":"filter","value":"summary,detail"}],"variable":[]},"header":[{"description":{"content":"Added as a part of security scheme: bearer","type":"text/plain"},"key":"Authorization","value":"Bearer <token>"},{"disabled":false,"description":"(Required) Retrieve an access token through the Access Token API. Access token is required in every request. Refer to documentation on access token  (https://card.developer.fiserv.com/apis/token).Tokens expire after 15 minutes. Provide the value as follows in the header. Authorization: Bearer <Access Token Value>","key":"Authorization","value":"Bearer USlfM8dilzKZPcuGGP3BfVLd7Snk"},{"disabled":false,"description":"User who is making this request","key":"userId","value":"FDSCARD"},{"disabled":false,"description":"(Required) Required. Provide 8 digit client id","key":"x-fapi-financial-id","value":"<string>"},{"key":"Accept","value":"application/json"}],"method":"POST","body":{"mode":"raw","raw":"{\n  \"accountNumber\": \"4000200030004000\",\n  \"fromDate\": \"2021-12-09\",\n  \"toDate\": \"2021-12-28\"\n}","options":{"raw":{"language":"json"}}}},"status":"Internal Server Error","code":500,"header":[{"disabled":false,"description":"unique transaction ID created for each request for tracking purposes","key":"x-fapi-interaction-id","value":"95ad42fb-afd1-2121-b794-3ed29342ks42"},{"key":"Content-Type","value":"application/json"}],"body":"{\n  \"errorResponse\": {\n    \"code\": \"500-01\",\n    \"message\": \"internal server error\",\n    \"developerInfo\": {\n      \"developerMessage\": \"internal server error\",\n      \"moreInfo\": \"There was a problem handling your request.  Please try again.  If the problem persists please contact Fiserv ETSD at 888-243-2543 (you unique messageID included below)\",\n      \"messageid\": \"25557-84290371-1\"\n    }\n  }\n}","cookie":[],"_postman_previewlanguage":"json"}],"event":[],"protocolProfileBehavior":{"disableBodyPruning":true}}],"event":[],"variable":[{"type":"string","value":"https://card.api.fiservapps.com/cs/accounts","key":"baseUrl"}],"auth":{"type":"bearer","bearer":[{"key":"token","value":"{{bearerToken}}"}]},"info":{"_postman_id":"ad776c82-54ee-4c00-baa2-7c4e24f8dc67","name":"Account","schema":"https://schema.getpostman.com/json/collection/v2.1.0/collection.json","description":{"content":"Account Domain. All times will be in UTC standards.","type":"text/plain"}}}