{"item":[{"id":"6897502a-030d-4a7a-a8c5-76f02515609e","name":"v1","item":[{"id":"9f2e162e-6844-43a6-bc52-cbc85ff65dca","name":"Retrieve current fraud case information from Fiserv.","request":{"name":"Retrieve current fraud case information from Fiserv.","description":{},"url":{"path":["v1","case","search"],"host":["{{baseUrl}}"],"query":[],"variable":[]},"header":[{"disabled":false,"description":"(Required) Required. Enter the client id.","key":"x-fapi-financial-id","value":"<string>"},{"disabled":false,"description":"Enter the transaction/correlation id","key":"x-fapi-interaction-id","value":"<string>"},{"key":"Content-Type","value":"application/json"},{"key":"Accept","value":"application/json"}],"method":"POST","auth":null,"body":{"mode":"raw","raw":"{\n  \"caseID\": \"<string>\",\n  \"clientApplicationName\": \"<string>\",\n  \"clientAuditId\": \"<string>\",\n  \"clientId\": \"<string>\",\n  \"clientVendorName\": \"<string>\",\n  \"systemRecordIdentifier\": \"<string>\"\n}","options":{"raw":{"language":"json"}}}},"response":[{"id":"e4194b93-6aed-4c2c-9d35-cd30dce3afaf","name":"Success","originalRequest":{"url":{"path":["v1","case","search"],"host":["{{baseUrl}}"],"query":[],"variable":[]},"header":[{"description":{"content":"Added as a part of security scheme: apikey","type":"text/plain"},"key":"Authorization","value":"<API Key>"},{"disabled":false,"description":"(Required) Required. Enter the client id.","key":"x-fapi-financial-id","value":"<string>"},{"disabled":false,"description":"Enter the transaction/correlation id","key":"x-fapi-interaction-id","value":"<string>"},{"disabled":false,"description":"(Required) Enter 'Bearer ' followed by the access token. Please refer to documentation on bearer token. ","key":"Authorization","value":"9999999999999999999999999999999999999999999999999999999999999999"},{"key":"Accept","value":"application/json"}],"method":"POST","body":{"mode":"raw","raw":"{\n  \"caseID\": \"60384538\",\n  \"clientApplicationName\": \"FRAUDALERTRWS\",\n  \"clientAuditId\": \"Maria\",\n  \"clientId\": \"07100015\",\n  \"clientVendorName\": \"ABC VENDOR\",\n  \"systemRecordIdentifier\": \"<string>\"\n}","options":{"raw":{"language":"json"}}}},"status":"OK","code":200,"header":[{"disabled":false,"description":"Represents a transaction ID created with each request","key":"x-fapi-interaction-id","value":"ut aliqua"},{"key":"Content-Type","value":"application/json"}],"body":"{\n  \"caseData\": [\n    {\n      \"caseID\": \"60384538\",\n      \"lastUpdated\": \"2019-07-26T11:43:34.291-04:00\",\n      \"workflowCode\": \"14\"\n    },\n    {\n      \"caseID\": \"60384538\",\n      \"lastUpdated\": \"2019-07-26T11:43:34.291-04:00\",\n      \"workflowCode\": \"14\"\n    }\n  ],\n  \"tranData\": [\n    {\n      \"tranAmount\": 600,\n      \"tranDate\": \"2019-07-26T07:22:04.000-04:00\",\n      \"tranId\": \"016001da2e000044\",\n      \"merchantName\": \"NETFLIX COM\",\n      \"merchantCity\": \"LOS GATOS\",\n      \"merchantState\": \"CA\",\n      \"merchantCntry\": \"840\",\n      \"tranMcc\": \"4899\",\n      \"decisionCode\": \"D\"\n    },\n    {\n      \"tranAmount\": 600,\n      \"tranDate\": \"2019-07-26T07:22:04.000-04:00\",\n      \"tranId\": \"016001da2e000044\",\n      \"merchantName\": \"NETFLIX COM\",\n      \"merchantCity\": \"LOS GATOS\",\n      \"merchantState\": \"CA\",\n      \"merchantCntry\": \"840\",\n      \"tranMcc\": \"4899\",\n      \"decisionCode\": \"D\"\n    }\n  ]\n}","cookie":[],"_postman_previewlanguage":"json"},{"id":"8bc2b4bd-1247-45d7-8b33-83f4e8b3652c","name":"Bad Request","originalRequest":{"url":{"path":["v1","case","search"],"host":["{{baseUrl}}"],"query":[],"variable":[]},"header":[{"description":{"content":"Added as a part of security scheme: apikey","type":"text/plain"},"key":"Authorization","value":"<API Key>"},{"disabled":false,"description":"(Required) Required. Enter the client id.","key":"x-fapi-financial-id","value":"<string>"},{"disabled":false,"description":"Enter the transaction/correlation id","key":"x-fapi-interaction-id","value":"<string>"},{"disabled":false,"description":"(Required) Enter 'Bearer ' followed by the access token. Please refer to documentation on bearer token. ","key":"Authorization","value":"9999999999999999999999999999999999999999999999999999999999999999"},{"key":"Accept","value":"application/json"}],"method":"POST","body":{"mode":"raw","raw":"{\n  \"caseID\": \"60384538\",\n  \"clientApplicationName\": \"FRAUDALERTRWS\",\n  \"clientAuditId\": \"Maria\",\n  \"clientId\": \"07100015\",\n  \"clientVendorName\": \"ABC VENDOR\",\n  \"systemRecordIdentifier\": \"<string>\"\n}","options":{"raw":{"language":"json"}}}},"status":"Bad Request","code":400,"header":[{"disabled":false,"description":"transaction ID created with each request","key":"x-fapi-interaction-id","value":"ut aliqua"},{"key":"Content-Type","value":"application/json"}],"body":"{\n  \"errors\": [\n    {\n      \"code\": \"WS100\",\n      \"description\": \"Information entered is invalid-please revise and try again\"\n    }\n  ]\n}","cookie":[],"_postman_previewlanguage":"json"},{"id":"4ea693b4-0c68-48a4-b7b8-a8dbc6f45550","name":"Unauthorized access","originalRequest":{"url":{"path":["v1","case","search"],"host":["{{baseUrl}}"],"query":[],"variable":[]},"header":[{"description":{"content":"Added as a part of security scheme: apikey","type":"text/plain"},"key":"Authorization","value":"<API Key>"},{"disabled":false,"description":"(Required) Required. Enter the client id.","key":"x-fapi-financial-id","value":"<string>"},{"disabled":false,"description":"Enter the transaction/correlation id","key":"x-fapi-interaction-id","value":"<string>"},{"disabled":false,"description":"(Required) Enter 'Bearer ' followed by the access token. Please refer to documentation on bearer token. ","key":"Authorization","value":"9999999999999999999999999999999999999999999999999999999999999999"},{"key":"Accept","value":"application/json"}],"method":"POST","body":{"mode":"raw","raw":"{\n  \"caseID\": \"60384538\",\n  \"clientApplicationName\": \"FRAUDALERTRWS\",\n  \"clientAuditId\": \"Maria\",\n  \"clientId\": \"07100015\",\n  \"clientVendorName\": \"ABC VENDOR\",\n  \"systemRecordIdentifier\": \"<string>\"\n}","options":{"raw":{"language":"json"}}}},"status":"Unauthorized","code":401,"header":[{"key":"Content-Type","value":"application/json"}],"body":"{\n  \"errors\": [\n    {\n      \"code\": 401,\n      \"description\": \"Invalid access token\"\n    }\n  ]\n}","cookie":[],"_postman_previewlanguage":"json"},{"id":"b9f8264d-3684-473f-b045-257453c21841","name":"Resource Not Found","originalRequest":{"url":{"path":["v1","case","search"],"host":["{{baseUrl}}"],"query":[],"variable":[]},"header":[{"description":{"content":"Added as a part of security scheme: apikey","type":"text/plain"},"key":"Authorization","value":"<API Key>"},{"disabled":false,"description":"(Required) Required. Enter the client id.","key":"x-fapi-financial-id","value":"<string>"},{"disabled":false,"description":"Enter the transaction/correlation id","key":"x-fapi-interaction-id","value":"<string>"},{"disabled":false,"description":"(Required) Enter 'Bearer ' followed by the access token. Please refer to documentation on bearer token. ","key":"Authorization","value":"9999999999999999999999999999999999999999999999999999999999999999"}],"method":"POST","body":{"mode":"raw","raw":"{\n  \"caseID\": \"60384538\",\n  \"clientApplicationName\": \"FRAUDALERTRWS\",\n  \"clientAuditId\": \"Maria\",\n  \"clientId\": \"07100015\",\n  \"clientVendorName\": \"ABC VENDOR\",\n  \"systemRecordIdentifier\": \"<string>\"\n}","options":{"raw":{"language":"json"}}}},"status":"Not Found","code":404,"header":[{"key":"Content-Type","value":"text/plain"}],"body":"","cookie":[],"_postman_previewlanguage":"text"},{"id":"70c25683-f38c-4118-a63e-503e87c9ff3a","name":"Unsupported Media Type","originalRequest":{"url":{"path":["v1","case","search"],"host":["{{baseUrl}}"],"query":[],"variable":[]},"header":[{"description":{"content":"Added as a part of security scheme: apikey","type":"text/plain"},"key":"Authorization","value":"<API Key>"},{"disabled":false,"description":"(Required) Required. Enter the client id.","key":"x-fapi-financial-id","value":"<string>"},{"disabled":false,"description":"Enter the transaction/correlation id","key":"x-fapi-interaction-id","value":"<string>"},{"disabled":false,"description":"(Required) Enter 'Bearer ' followed by the access token. Please refer to documentation on bearer token. ","key":"Authorization","value":"9999999999999999999999999999999999999999999999999999999999999999"},{"key":"Accept","value":"application/json"}],"method":"POST","body":{"mode":"raw","raw":"{\n  \"caseID\": \"60384538\",\n  \"clientApplicationName\": \"FRAUDALERTRWS\",\n  \"clientAuditId\": \"Maria\",\n  \"clientId\": \"07100015\",\n  \"clientVendorName\": \"ABC VENDOR\",\n  \"systemRecordIdentifier\": \"<string>\"\n}","options":{"raw":{"language":"json"}}}},"status":"Unsupported Media Type","code":415,"header":[{"disabled":false,"description":"transaction ID created with each request","key":"x-fapi-interaction-id","value":"ut aliqua"},{"key":"Content-Type","value":"application/json"}],"body":"{\n  \"errors\": [\n    {\n      \"code\": 415,\n      \"description\": \"unsupported Media Type\"\n    }\n  ]\n}","cookie":[],"_postman_previewlanguage":"json"},{"id":"94b4f197-acd2-47d7-9d5f-83fc350ddd9f","name":"Too Many Requests","originalRequest":{"url":{"path":["v1","case","search"],"host":["{{baseUrl}}"],"query":[],"variable":[]},"header":[{"description":{"content":"Added as a part of security scheme: apikey","type":"text/plain"},"key":"Authorization","value":"<API Key>"},{"disabled":false,"description":"(Required) Required. Enter the client id.","key":"x-fapi-financial-id","value":"<string>"},{"disabled":false,"description":"Enter the transaction/correlation id","key":"x-fapi-interaction-id","value":"<string>"},{"disabled":false,"description":"(Required) Enter 'Bearer ' followed by the access token. Please refer to documentation on bearer token. ","key":"Authorization","value":"9999999999999999999999999999999999999999999999999999999999999999"},{"key":"Accept","value":"application/json"}],"method":"POST","body":{"mode":"raw","raw":"{\n  \"caseID\": \"60384538\",\n  \"clientApplicationName\": \"FRAUDALERTRWS\",\n  \"clientAuditId\": \"Maria\",\n  \"clientId\": \"07100015\",\n  \"clientVendorName\": \"ABC VENDOR\",\n  \"systemRecordIdentifier\": \"<string>\"\n}","options":{"raw":{"language":"json"}}}},"status":"Too Many Requests","code":429,"header":[{"disabled":false,"description":"transaction ID created with each request","key":"x-fapi-interaction-id","value":"ut aliqua"},{"key":"Content-Type","value":"application/json"}],"body":"{\n  \"errors\": [\n    {\n      \"code\": 429,\n      \"description\": \"Rate limit quota violation. Quota limit  exceeded.\"\n    }\n  ]\n}","cookie":[],"_postman_previewlanguage":"json"},{"id":"422a6956-6bd0-4cb3-9b30-9b9f198967ba","name":"Server Error","originalRequest":{"url":{"path":["v1","case","search"],"host":["{{baseUrl}}"],"query":[],"variable":[]},"header":[{"description":{"content":"Added as a part of security scheme: apikey","type":"text/plain"},"key":"Authorization","value":"<API Key>"},{"disabled":false,"description":"(Required) Required. Enter the client id.","key":"x-fapi-financial-id","value":"<string>"},{"disabled":false,"description":"Enter the transaction/correlation id","key":"x-fapi-interaction-id","value":"<string>"},{"disabled":false,"description":"(Required) Enter 'Bearer ' followed by the access token. Please refer to documentation on bearer token. ","key":"Authorization","value":"9999999999999999999999999999999999999999999999999999999999999999"},{"key":"Accept","value":"application/json"}],"method":"POST","body":{"mode":"raw","raw":"{\n  \"caseID\": \"60384538\",\n  \"clientApplicationName\": \"FRAUDALERTRWS\",\n  \"clientAuditId\": \"Maria\",\n  \"clientId\": \"07100015\",\n  \"clientVendorName\": \"ABC VENDOR\",\n  \"systemRecordIdentifier\": \"<string>\"\n}","options":{"raw":{"language":"json"}}}},"status":"Internal Server Error","code":500,"header":[{"disabled":false,"description":"transaction ID created with each request","key":"x-fapi-interaction-id","value":"ut aliqua"},{"key":"Content-Type","value":"application/json"}],"body":"{\n  \"errorResponse\": {\n    \"code\": \"500-01\",\n    \"message\": \"internal server error\",\n    \"developerInfo\": {\n      \"developerMessage\": \"internal server error\",\n      \"moreInfo\": \"There was a problem handling your request.  Please try again.  If the problem persists please contact Fiserv ETSD at 888-243-2543 (you unique messageID included below)\",\n      \"messageid\": \"25557-84290371-1\"\n    }\n  }\n}","cookie":[],"_postman_previewlanguage":"json"}],"event":[],"protocolProfileBehavior":{"disableBodyPruning":true}},{"id":"2b0402d1-98b1-4a13-8646-e4979f85e9ef","name":"Enable business partners to notify Fiserv of updates to a case under review. Fiserv returns a response that identifies if a case outcome request is accepted or rejected and, if rejected, the reason why.","request":{"name":"Enable business partners to notify Fiserv of updates to a case under review. Fiserv returns a response that identifies if a case outcome request is accepted or rejected and, if rejected, the reason why.","description":{},"url":{"path":["v1","alertOutcome"],"host":["{{baseUrl}}"],"query":[],"variable":[]},"header":[{"disabled":false,"description":"(Required) Required. Enter the client id.","key":"x-fapi-financial-id","value":"<string>"},{"disabled":false,"description":"Enter the transaction/correlation id","key":"x-fapi-interaction-id","value":"<string>"},{"key":"Content-Type","value":"application/json"},{"key":"Accept","value":"application/json"}],"method":"PUT","auth":null,"body":{"mode":"raw","raw":"{\n  \"caseData\": {\n    \"caseID\": \"<string>\",\n    \"lastUpdated\": \"<yyyy-mm-ddThh:mm:ss>\"\n  },\n  \"clientApplicationName\": \"<string>\",\n  \"clientAuditId\": \"<string>\",\n  \"clientId\": \"<string>\",\n  \"clientVendorName\": \"<string>\",\n  \"notificationTimestamp\": \"<yyyy-mm-ddThh:mm:ss>\",\n  \"response\": {\n    \"code\": \"<string>\",\n    \"description\": \"<string>\"\n  },\n  \"tranResult\": [\n    {\n      \"number\": \"<string>\",\n      \"result\": \"<string>\"\n    },\n    {\n      \"number\": \"<string>\",\n      \"result\": \"<string>\"\n    }\n  ],\n  \"systemRecordIdentifier\": \"<string>\",\n  \"cardStatusAction\": \"<string>\",\n  \"subResponse\": {\n    \"code\": \"<string>\",\n    \"description\": \"<string>\"\n  }\n}","options":{"raw":{"language":"json"}}}},"response":[{"id":"a3fd6622-bf36-4f33-b131-cccaab1048e2","name":"Success","originalRequest":{"url":{"path":["v1","alertOutcome"],"host":["{{baseUrl}}"],"query":[],"variable":[]},"header":[{"description":{"content":"Added as a part of security scheme: apikey","type":"text/plain"},"key":"Authorization","value":"<API Key>"},{"disabled":false,"description":"(Required) Required. Enter the client id.","key":"x-fapi-financial-id","value":"<string>"},{"disabled":false,"description":"Enter the transaction/correlation id","key":"x-fapi-interaction-id","value":"<string>"},{"disabled":false,"description":"(Required) Enter 'Bearer ' followed by the access token. Please refer to documentation on bearer token. ","key":"Authorization","value":"9999999999999999999999999999999999999999999999999999999999999999"}],"method":"PUT","body":{"mode":"raw","raw":"{\n  \"caseData\": {\n    \"caseID\": \"60384538\",\n    \"lastUpdated\": \"2019-07-26T11:43:34.291-04:00\"\n  },\n  \"clientApplicationName\": \"FRAUDALERTRWS\",\n  \"clientAuditId\": \"Maria\",\n  \"clientId\": \"07100015\",\n  \"clientVendorName\": \"ABC VENDOR\",\n  \"notificationTimestamp\": \"2018-04-13T10:06:02.197-04:00\",\n  \"response\": {\n    \"code\": \"61\",\n    \"description\": \"Fraud\"\n  },\n  \"tranResult\": [\n    {\n      \"number\": \"177185\",\n      \"result\": \"NO_FRAUD\"\n    },\n    {\n      \"number\": \"177185\",\n      \"result\": \"NO_FRAUD\"\n    }\n  ],\n  \"systemRecordIdentifier\": \"<string>\",\n  \"cardStatusAction\": \"BLOCK\",\n  \"subResponse\": {\n    \"code\": \"\",\n    \"description\": \"\"\n  }\n}","options":{"raw":{"language":"json"}}}},"status":"OK","code":200,"header":[{"disabled":false,"description":"Represents a transaction ID created with each request","key":"x-fapi-interaction-id","value":"ut aliqua"},{"key":"Content-Type","value":"text/plain"}],"body":"","cookie":[],"_postman_previewlanguage":"text"},{"id":"23dafda7-3f3b-40e2-858e-c974d1e9a32d","name":"Bad Request","originalRequest":{"url":{"path":["v1","alertOutcome"],"host":["{{baseUrl}}"],"query":[],"variable":[]},"header":[{"description":{"content":"Added as a part of security scheme: apikey","type":"text/plain"},"key":"Authorization","value":"<API Key>"},{"disabled":false,"description":"(Required) Required. Enter the client id.","key":"x-fapi-financial-id","value":"<string>"},{"disabled":false,"description":"Enter the transaction/correlation id","key":"x-fapi-interaction-id","value":"<string>"},{"disabled":false,"description":"(Required) Enter 'Bearer ' followed by the access token. Please refer to documentation on bearer token. ","key":"Authorization","value":"9999999999999999999999999999999999999999999999999999999999999999"},{"key":"Accept","value":"application/json"}],"method":"PUT","body":{"mode":"raw","raw":"{\n  \"caseData\": {\n    \"caseID\": \"60384538\",\n    \"lastUpdated\": \"2019-07-26T11:43:34.291-04:00\"\n  },\n  \"clientApplicationName\": \"FRAUDALERTRWS\",\n  \"clientAuditId\": \"Maria\",\n  \"clientId\": \"07100015\",\n  \"clientVendorName\": \"ABC VENDOR\",\n  \"notificationTimestamp\": \"2018-04-13T10:06:02.197-04:00\",\n  \"response\": {\n    \"code\": \"61\",\n    \"description\": \"Fraud\"\n  },\n  \"tranResult\": [\n    {\n      \"number\": \"177185\",\n      \"result\": \"NO_FRAUD\"\n    },\n    {\n      \"number\": \"177185\",\n      \"result\": \"NO_FRAUD\"\n    }\n  ],\n  \"systemRecordIdentifier\": \"<string>\",\n  \"cardStatusAction\": \"BLOCK\",\n  \"subResponse\": {\n    \"code\": \"\",\n    \"description\": \"\"\n  }\n}","options":{"raw":{"language":"json"}}}},"status":"Bad Request","code":400,"header":[{"disabled":false,"description":"transaction ID created with each request","key":"x-fapi-interaction-id","value":"ut aliqua"},{"key":"Content-Type","value":"application/json"}],"body":"{\n  \"errors\": [\n    {\n      \"code\": \"WS100\",\n      \"description\": \"Information entered is invalid-please revise and try again\"\n    }\n  ]\n}","cookie":[],"_postman_previewlanguage":"json"},{"id":"526d3d10-45f9-4b12-ac29-7724be429a40","name":"Unauthorized access","originalRequest":{"url":{"path":["v1","alertOutcome"],"host":["{{baseUrl}}"],"query":[],"variable":[]},"header":[{"description":{"content":"Added as a part of security scheme: apikey","type":"text/plain"},"key":"Authorization","value":"<API Key>"},{"disabled":false,"description":"(Required) Required. Enter the client id.","key":"x-fapi-financial-id","value":"<string>"},{"disabled":false,"description":"Enter the transaction/correlation id","key":"x-fapi-interaction-id","value":"<string>"},{"disabled":false,"description":"(Required) Enter 'Bearer ' followed by the access token. Please refer to documentation on bearer token. ","key":"Authorization","value":"9999999999999999999999999999999999999999999999999999999999999999"},{"key":"Accept","value":"application/json"}],"method":"PUT","body":{"mode":"raw","raw":"{\n  \"caseData\": {\n    \"caseID\": \"60384538\",\n    \"lastUpdated\": \"2019-07-26T11:43:34.291-04:00\"\n  },\n  \"clientApplicationName\": \"FRAUDALERTRWS\",\n  \"clientAuditId\": \"Maria\",\n  \"clientId\": \"07100015\",\n  \"clientVendorName\": \"ABC VENDOR\",\n  \"notificationTimestamp\": \"2018-04-13T10:06:02.197-04:00\",\n  \"response\": {\n    \"code\": \"61\",\n    \"description\": \"Fraud\"\n  },\n  \"tranResult\": [\n    {\n      \"number\": \"177185\",\n      \"result\": \"NO_FRAUD\"\n    },\n    {\n      \"number\": \"177185\",\n      \"result\": \"NO_FRAUD\"\n    }\n  ],\n  \"systemRecordIdentifier\": \"<string>\",\n  \"cardStatusAction\": \"BLOCK\",\n  \"subResponse\": {\n    \"code\": \"\",\n    \"description\": \"\"\n  }\n}","options":{"raw":{"language":"json"}}}},"status":"Unauthorized","code":401,"header":[{"key":"Content-Type","value":"application/json"}],"body":"{\n  \"errors\": [\n    {\n      \"code\": 401,\n      \"description\": \"Invalid access token\"\n    }\n  ]\n}","cookie":[],"_postman_previewlanguage":"json"},{"id":"de37f815-beb1-490b-8c78-bdb20e28cfc8","name":"Resource Not Found","originalRequest":{"url":{"path":["v1","alertOutcome"],"host":["{{baseUrl}}"],"query":[],"variable":[]},"header":[{"description":{"content":"Added as a part of security scheme: apikey","type":"text/plain"},"key":"Authorization","value":"<API Key>"},{"disabled":false,"description":"(Required) Required. Enter the client id.","key":"x-fapi-financial-id","value":"<string>"},{"disabled":false,"description":"Enter the transaction/correlation id","key":"x-fapi-interaction-id","value":"<string>"},{"disabled":false,"description":"(Required) Enter 'Bearer ' followed by the access token. Please refer to documentation on bearer token. ","key":"Authorization","value":"9999999999999999999999999999999999999999999999999999999999999999"}],"method":"PUT","body":{"mode":"raw","raw":"{\n  \"caseData\": {\n    \"caseID\": \"60384538\",\n    \"lastUpdated\": \"2019-07-26T11:43:34.291-04:00\"\n  },\n  \"clientApplicationName\": \"FRAUDALERTRWS\",\n  \"clientAuditId\": \"Maria\",\n  \"clientId\": \"07100015\",\n  \"clientVendorName\": \"ABC VENDOR\",\n  \"notificationTimestamp\": \"2018-04-13T10:06:02.197-04:00\",\n  \"response\": {\n    \"code\": \"61\",\n    \"description\": \"Fraud\"\n  },\n  \"tranResult\": [\n    {\n      \"number\": \"177185\",\n      \"result\": \"NO_FRAUD\"\n    },\n    {\n      \"number\": \"177185\",\n      \"result\": \"NO_FRAUD\"\n    }\n  ],\n  \"systemRecordIdentifier\": \"<string>\",\n  \"cardStatusAction\": \"BLOCK\",\n  \"subResponse\": {\n    \"code\": \"\",\n    \"description\": \"\"\n  }\n}","options":{"raw":{"language":"json"}}}},"status":"Not Found","code":404,"header":[{"key":"Content-Type","value":"text/plain"}],"body":"","cookie":[],"_postman_previewlanguage":"text"},{"id":"0d8a0168-1750-49dd-91f8-6bf6d86dac62","name":"Unsupported Media Type","originalRequest":{"url":{"path":["v1","alertOutcome"],"host":["{{baseUrl}}"],"query":[],"variable":[]},"header":[{"description":{"content":"Added as a part of security scheme: apikey","type":"text/plain"},"key":"Authorization","value":"<API Key>"},{"disabled":false,"description":"(Required) Required. Enter the client id.","key":"x-fapi-financial-id","value":"<string>"},{"disabled":false,"description":"Enter the transaction/correlation id","key":"x-fapi-interaction-id","value":"<string>"},{"disabled":false,"description":"(Required) Enter 'Bearer ' followed by the access token. Please refer to documentation on bearer token. ","key":"Authorization","value":"9999999999999999999999999999999999999999999999999999999999999999"},{"key":"Accept","value":"application/json"}],"method":"PUT","body":{"mode":"raw","raw":"{\n  \"caseData\": {\n    \"caseID\": \"60384538\",\n    \"lastUpdated\": \"2019-07-26T11:43:34.291-04:00\"\n  },\n  \"clientApplicationName\": \"FRAUDALERTRWS\",\n  \"clientAuditId\": \"Maria\",\n  \"clientId\": \"07100015\",\n  \"clientVendorName\": \"ABC VENDOR\",\n  \"notificationTimestamp\": \"2018-04-13T10:06:02.197-04:00\",\n  \"response\": {\n    \"code\": \"61\",\n    \"description\": \"Fraud\"\n  },\n  \"tranResult\": [\n    {\n      \"number\": \"177185\",\n      \"result\": \"NO_FRAUD\"\n    },\n    {\n      \"number\": \"177185\",\n      \"result\": \"NO_FRAUD\"\n    }\n  ],\n  \"systemRecordIdentifier\": \"<string>\",\n  \"cardStatusAction\": \"BLOCK\",\n  \"subResponse\": {\n    \"code\": \"\",\n    \"description\": \"\"\n  }\n}","options":{"raw":{"language":"json"}}}},"status":"Unsupported Media Type","code":415,"header":[{"disabled":false,"description":"transaction ID created with each request","key":"x-fapi-interaction-id","value":"ut aliqua"},{"key":"Content-Type","value":"application/json"}],"body":"{\n  \"errors\": [\n    {\n      \"code\": 415,\n      \"description\": \"unsupported Media Type\"\n    }\n  ]\n}","cookie":[],"_postman_previewlanguage":"json"},{"id":"a8d441eb-9157-4528-a09e-2682bb7e0f7c","name":"Too Many Requests","originalRequest":{"url":{"path":["v1","alertOutcome"],"host":["{{baseUrl}}"],"query":[],"variable":[]},"header":[{"description":{"content":"Added as a part of security scheme: apikey","type":"text/plain"},"key":"Authorization","value":"<API Key>"},{"disabled":false,"description":"(Required) Required. Enter the client id.","key":"x-fapi-financial-id","value":"<string>"},{"disabled":false,"description":"Enter the transaction/correlation id","key":"x-fapi-interaction-id","value":"<string>"},{"disabled":false,"description":"(Required) Enter 'Bearer ' followed by the access token. Please refer to documentation on bearer token. ","key":"Authorization","value":"9999999999999999999999999999999999999999999999999999999999999999"},{"key":"Accept","value":"application/json"}],"method":"PUT","body":{"mode":"raw","raw":"{\n  \"caseData\": {\n    \"caseID\": \"60384538\",\n    \"lastUpdated\": \"2019-07-26T11:43:34.291-04:00\"\n  },\n  \"clientApplicationName\": \"FRAUDALERTRWS\",\n  \"clientAuditId\": \"Maria\",\n  \"clientId\": \"07100015\",\n  \"clientVendorName\": \"ABC VENDOR\",\n  \"notificationTimestamp\": \"2018-04-13T10:06:02.197-04:00\",\n  \"response\": {\n    \"code\": \"61\",\n    \"description\": \"Fraud\"\n  },\n  \"tranResult\": [\n    {\n      \"number\": \"177185\",\n      \"result\": \"NO_FRAUD\"\n    },\n    {\n      \"number\": \"177185\",\n      \"result\": \"NO_FRAUD\"\n    }\n  ],\n  \"systemRecordIdentifier\": \"<string>\",\n  \"cardStatusAction\": \"BLOCK\",\n  \"subResponse\": {\n    \"code\": \"\",\n    \"description\": \"\"\n  }\n}","options":{"raw":{"language":"json"}}}},"status":"Too Many Requests","code":429,"header":[{"disabled":false,"description":"transaction ID created with each request","key":"x-fapi-interaction-id","value":"ut aliqua"},{"key":"Content-Type","value":"application/json"}],"body":"{\n  \"errors\": [\n    {\n      \"code\": 429,\n      \"description\": \"Rate limit quota violation. Quota limit  exceeded.\"\n    }\n  ]\n}","cookie":[],"_postman_previewlanguage":"json"},{"id":"238bed6d-05c4-4ee8-b1f2-f40f0591823b","name":"Server Error","originalRequest":{"url":{"path":["v1","alertOutcome"],"host":["{{baseUrl}}"],"query":[],"variable":[]},"header":[{"description":{"content":"Added as a part of security scheme: apikey","type":"text/plain"},"key":"Authorization","value":"<API Key>"},{"disabled":false,"description":"(Required) Required. Enter the client id.","key":"x-fapi-financial-id","value":"<string>"},{"disabled":false,"description":"Enter the transaction/correlation id","key":"x-fapi-interaction-id","value":"<string>"},{"disabled":false,"description":"(Required) Enter 'Bearer ' followed by the access token. Please refer to documentation on bearer token. ","key":"Authorization","value":"9999999999999999999999999999999999999999999999999999999999999999"},{"key":"Accept","value":"application/json"}],"method":"PUT","body":{"mode":"raw","raw":"{\n  \"caseData\": {\n    \"caseID\": \"60384538\",\n    \"lastUpdated\": \"2019-07-26T11:43:34.291-04:00\"\n  },\n  \"clientApplicationName\": \"FRAUDALERTRWS\",\n  \"clientAuditId\": \"Maria\",\n  \"clientId\": \"07100015\",\n  \"clientVendorName\": \"ABC VENDOR\",\n  \"notificationTimestamp\": \"2018-04-13T10:06:02.197-04:00\",\n  \"response\": {\n    \"code\": \"61\",\n    \"description\": \"Fraud\"\n  },\n  \"tranResult\": [\n    {\n      \"number\": \"177185\",\n      \"result\": \"NO_FRAUD\"\n    },\n    {\n      \"number\": \"177185\",\n      \"result\": \"NO_FRAUD\"\n    }\n  ],\n  \"systemRecordIdentifier\": \"<string>\",\n  \"cardStatusAction\": \"BLOCK\",\n  \"subResponse\": {\n    \"code\": \"\",\n    \"description\": \"\"\n  }\n}","options":{"raw":{"language":"json"}}}},"status":"Internal Server Error","code":500,"header":[{"disabled":false,"description":"transaction ID created with each request","key":"x-fapi-interaction-id","value":"ut aliqua"},{"key":"Content-Type","value":"application/json"}],"body":"{\n  \"errorResponse\": {\n    \"code\": \"500-01\",\n    \"message\": \"internal server error\",\n    \"developerInfo\": {\n      \"developerMessage\": \"internal server error\",\n      \"moreInfo\": \"There was a problem handling your request.  Please try again.  If the problem persists please contact Fiserv ETSD at 888-243-2543 (you unique messageID included below)\",\n      \"messageid\": \"25557-84290371-1\"\n    }\n  }\n}","cookie":[],"_postman_previewlanguage":"json"}],"event":[],"protocolProfileBehavior":{"disableBodyPruning":true}},{"id":"dc3b6fe8-cb55-4c28-9ad8-20dcb147bb6e","name":"Notify Fiserv if a case for Fraud Alert is closed on the vendor platform.","request":{"name":"Notify Fiserv if a case for Fraud Alert is closed on the vendor platform.","description":{},"url":{"path":["v1","caseClose"],"host":["{{baseUrl}}"],"query":[],"variable":[]},"header":[{"disabled":false,"description":"(Required) Required. Enter the client id.","key":"x-fapi-financial-id","value":"<string>"},{"disabled":false,"description":"Enter the transaction/correlation id","key":"x-fapi-interaction-id","value":"<string>"},{"key":"Content-Type","value":"application/json"},{"key":"Accept","value":"application/json"}],"method":"PUT","auth":null,"body":{"mode":"raw","raw":"{\n  \"caseData\": {\n    \"caseID\": \"<string>\",\n    \"lastUpdated\": \"<yyyy-mm-ddThh:mm:ss>\"\n  },\n  \"caseFinish\": \"<yyyy-mm-ddThh:mm:ss>\",\n  \"caseResultData\": {\n    \"code\": \"<string>\",\n    \"description\": \"<string>\"\n  },\n  \"clientApplicationName\": \"<string>\",\n  \"clientAuditId\": \"<string>\",\n  \"clientId\": \"<string>\",\n  \"clientVendorName\": \"<string>\",\n  \"systemRecordIdentifier\": \"<string>\"\n}","options":{"raw":{"language":"json"}}}},"response":[{"id":"c376c480-a665-4ca7-9a71-26fc76a0882f","name":"Success","originalRequest":{"url":{"path":["v1","caseClose"],"host":["{{baseUrl}}"],"query":[],"variable":[]},"header":[{"description":{"content":"Added as a part of security scheme: apikey","type":"text/plain"},"key":"Authorization","value":"<API Key>"},{"disabled":false,"description":"(Required) Required. Enter the client id.","key":"x-fapi-financial-id","value":"<string>"},{"disabled":false,"description":"Enter the transaction/correlation id","key":"x-fapi-interaction-id","value":"<string>"},{"disabled":false,"description":"(Required) Enter 'Bearer ' followed by the access token. Please refer to documentation on bearer token. ","key":"Authorization","value":"9999999999999999999999999999999999999999999999999999999999999999"}],"method":"PUT","body":{"mode":"raw","raw":"{\n  \"caseData\": {\n    \"caseID\": \"60384538\",\n    \"lastUpdated\": \"2019-07-26T11:43:34.291-04:00\"\n  },\n  \"caseFinish\": \"2019-06-18T16:18:02.197-04:00\",\n  \"caseResultData\": {\n    \"code\": \"61\",\n    \"description\": \"Fraud\"\n  },\n  \"clientApplicationName\": \"FRAUDALERTRWS\",\n  \"clientAuditId\": \"Maria\",\n  \"clientId\": \"07100015\",\n  \"clientVendorName\": \"ABC VENDOR\",\n  \"systemRecordIdentifier\": \"<string>\"\n}","options":{"raw":{"language":"json"}}}},"status":"OK","code":200,"header":[{"disabled":false,"description":"Represents a transaction ID created with each request","key":"x-fapi-interaction-id","value":"ut aliqua"},{"key":"Content-Type","value":"text/plain"}],"body":"","cookie":[],"_postman_previewlanguage":"text"},{"id":"5e2171ab-9915-40e3-9185-00a83bef1cdf","name":"Bad Request","originalRequest":{"url":{"path":["v1","caseClose"],"host":["{{baseUrl}}"],"query":[],"variable":[]},"header":[{"description":{"content":"Added as a part of security scheme: apikey","type":"text/plain"},"key":"Authorization","value":"<API Key>"},{"disabled":false,"description":"(Required) Required. Enter the client id.","key":"x-fapi-financial-id","value":"<string>"},{"disabled":false,"description":"Enter the transaction/correlation id","key":"x-fapi-interaction-id","value":"<string>"},{"disabled":false,"description":"(Required) Enter 'Bearer ' followed by the access token. Please refer to documentation on bearer token. ","key":"Authorization","value":"9999999999999999999999999999999999999999999999999999999999999999"},{"key":"Accept","value":"application/json"}],"method":"PUT","body":{"mode":"raw","raw":"{\n  \"caseData\": {\n    \"caseID\": \"60384538\",\n    \"lastUpdated\": \"2019-07-26T11:43:34.291-04:00\"\n  },\n  \"caseFinish\": \"2019-06-18T16:18:02.197-04:00\",\n  \"caseResultData\": {\n    \"code\": \"61\",\n    \"description\": \"Fraud\"\n  },\n  \"clientApplicationName\": \"FRAUDALERTRWS\",\n  \"clientAuditId\": \"Maria\",\n  \"clientId\": \"07100015\",\n  \"clientVendorName\": \"ABC VENDOR\",\n  \"systemRecordIdentifier\": \"<string>\"\n}","options":{"raw":{"language":"json"}}}},"status":"Bad Request","code":400,"header":[{"disabled":false,"description":"transaction ID created with each request","key":"x-fapi-interaction-id","value":"ut aliqua"},{"key":"Content-Type","value":"application/json"}],"body":"{\n  \"errors\": [\n    {\n      \"code\": \"WS100\",\n      \"description\": \"Information entered is invalid-please revise and try again\"\n    }\n  ]\n}","cookie":[],"_postman_previewlanguage":"json"},{"id":"3de7affe-845e-41d8-aaf3-c68e318c7540","name":"Unauthorized access","originalRequest":{"url":{"path":["v1","caseClose"],"host":["{{baseUrl}}"],"query":[],"variable":[]},"header":[{"description":{"content":"Added as a part of security scheme: apikey","type":"text/plain"},"key":"Authorization","value":"<API Key>"},{"disabled":false,"description":"(Required) Required. Enter the client id.","key":"x-fapi-financial-id","value":"<string>"},{"disabled":false,"description":"Enter the transaction/correlation id","key":"x-fapi-interaction-id","value":"<string>"},{"disabled":false,"description":"(Required) Enter 'Bearer ' followed by the access token. Please refer to documentation on bearer token. ","key":"Authorization","value":"9999999999999999999999999999999999999999999999999999999999999999"},{"key":"Accept","value":"application/json"}],"method":"PUT","body":{"mode":"raw","raw":"{\n  \"caseData\": {\n    \"caseID\": \"60384538\",\n    \"lastUpdated\": \"2019-07-26T11:43:34.291-04:00\"\n  },\n  \"caseFinish\": \"2019-06-18T16:18:02.197-04:00\",\n  \"caseResultData\": {\n    \"code\": \"61\",\n    \"description\": \"Fraud\"\n  },\n  \"clientApplicationName\": \"FRAUDALERTRWS\",\n  \"clientAuditId\": \"Maria\",\n  \"clientId\": \"07100015\",\n  \"clientVendorName\": \"ABC VENDOR\",\n  \"systemRecordIdentifier\": \"<string>\"\n}","options":{"raw":{"language":"json"}}}},"status":"Unauthorized","code":401,"header":[{"key":"Content-Type","value":"application/json"}],"body":"{\n  \"errors\": [\n    {\n      \"code\": 401,\n      \"description\": \"Invalid access token\"\n    }\n  ]\n}","cookie":[],"_postman_previewlanguage":"json"},{"id":"b404b2c7-898b-4b27-bbb8-597c666f5f30","name":"Resource Not Found","originalRequest":{"url":{"path":["v1","caseClose"],"host":["{{baseUrl}}"],"query":[],"variable":[]},"header":[{"description":{"content":"Added as a part of security scheme: apikey","type":"text/plain"},"key":"Authorization","value":"<API Key>"},{"disabled":false,"description":"(Required) Required. Enter the client id.","key":"x-fapi-financial-id","value":"<string>"},{"disabled":false,"description":"Enter the transaction/correlation id","key":"x-fapi-interaction-id","value":"<string>"},{"disabled":false,"description":"(Required) Enter 'Bearer ' followed by the access token. Please refer to documentation on bearer token. ","key":"Authorization","value":"9999999999999999999999999999999999999999999999999999999999999999"}],"method":"PUT","body":{"mode":"raw","raw":"{\n  \"caseData\": {\n    \"caseID\": \"60384538\",\n    \"lastUpdated\": \"2019-07-26T11:43:34.291-04:00\"\n  },\n  \"caseFinish\": \"2019-06-18T16:18:02.197-04:00\",\n  \"caseResultData\": {\n    \"code\": \"61\",\n    \"description\": \"Fraud\"\n  },\n  \"clientApplicationName\": \"FRAUDALERTRWS\",\n  \"clientAuditId\": \"Maria\",\n  \"clientId\": \"07100015\",\n  \"clientVendorName\": \"ABC VENDOR\",\n  \"systemRecordIdentifier\": \"<string>\"\n}","options":{"raw":{"language":"json"}}}},"status":"Not Found","code":404,"header":[{"key":"Content-Type","value":"text/plain"}],"body":"","cookie":[],"_postman_previewlanguage":"text"},{"id":"ca5764d9-9913-415d-9371-a534f890014c","name":"Unsupported Media Type","originalRequest":{"url":{"path":["v1","caseClose"],"host":["{{baseUrl}}"],"query":[],"variable":[]},"header":[{"description":{"content":"Added as a part of security scheme: apikey","type":"text/plain"},"key":"Authorization","value":"<API Key>"},{"disabled":false,"description":"(Required) Required. Enter the client id.","key":"x-fapi-financial-id","value":"<string>"},{"disabled":false,"description":"Enter the transaction/correlation id","key":"x-fapi-interaction-id","value":"<string>"},{"disabled":false,"description":"(Required) Enter 'Bearer ' followed by the access token. Please refer to documentation on bearer token. ","key":"Authorization","value":"9999999999999999999999999999999999999999999999999999999999999999"},{"key":"Accept","value":"application/json"}],"method":"PUT","body":{"mode":"raw","raw":"{\n  \"caseData\": {\n    \"caseID\": \"60384538\",\n    \"lastUpdated\": \"2019-07-26T11:43:34.291-04:00\"\n  },\n  \"caseFinish\": \"2019-06-18T16:18:02.197-04:00\",\n  \"caseResultData\": {\n    \"code\": \"61\",\n    \"description\": \"Fraud\"\n  },\n  \"clientApplicationName\": \"FRAUDALERTRWS\",\n  \"clientAuditId\": \"Maria\",\n  \"clientId\": \"07100015\",\n  \"clientVendorName\": \"ABC VENDOR\",\n  \"systemRecordIdentifier\": \"<string>\"\n}","options":{"raw":{"language":"json"}}}},"status":"Unsupported Media Type","code":415,"header":[{"disabled":false,"description":"transaction ID created with each request","key":"x-fapi-interaction-id","value":"ut aliqua"},{"key":"Content-Type","value":"application/json"}],"body":"{\n  \"errors\": [\n    {\n      \"code\": 415,\n      \"description\": \"unsupported Media Type\"\n    }\n  ]\n}","cookie":[],"_postman_previewlanguage":"json"},{"id":"f6a76405-187c-4ef2-8296-b5324ff17400","name":"Too Many Requests","originalRequest":{"url":{"path":["v1","caseClose"],"host":["{{baseUrl}}"],"query":[],"variable":[]},"header":[{"description":{"content":"Added as a part of security scheme: apikey","type":"text/plain"},"key":"Authorization","value":"<API Key>"},{"disabled":false,"description":"(Required) Required. Enter the client id.","key":"x-fapi-financial-id","value":"<string>"},{"disabled":false,"description":"Enter the transaction/correlation id","key":"x-fapi-interaction-id","value":"<string>"},{"disabled":false,"description":"(Required) Enter 'Bearer ' followed by the access token. Please refer to documentation on bearer token. ","key":"Authorization","value":"9999999999999999999999999999999999999999999999999999999999999999"},{"key":"Accept","value":"application/json"}],"method":"PUT","body":{"mode":"raw","raw":"{\n  \"caseData\": {\n    \"caseID\": \"60384538\",\n    \"lastUpdated\": \"2019-07-26T11:43:34.291-04:00\"\n  },\n  \"caseFinish\": \"2019-06-18T16:18:02.197-04:00\",\n  \"caseResultData\": {\n    \"code\": \"61\",\n    \"description\": \"Fraud\"\n  },\n  \"clientApplicationName\": \"FRAUDALERTRWS\",\n  \"clientAuditId\": \"Maria\",\n  \"clientId\": \"07100015\",\n  \"clientVendorName\": \"ABC VENDOR\",\n  \"systemRecordIdentifier\": \"<string>\"\n}","options":{"raw":{"language":"json"}}}},"status":"Too Many Requests","code":429,"header":[{"disabled":false,"description":"transaction ID created with each request","key":"x-fapi-interaction-id","value":"ut aliqua"},{"key":"Content-Type","value":"application/json"}],"body":"{\n  \"errors\": [\n    {\n      \"code\": 429,\n      \"description\": \"Rate limit quota violation. Quota limit  exceeded.\"\n    }\n  ]\n}","cookie":[],"_postman_previewlanguage":"json"},{"id":"1cbc1960-6499-483f-9a3f-aaa94bc61237","name":"Server Error","originalRequest":{"url":{"path":["v1","caseClose"],"host":["{{baseUrl}}"],"query":[],"variable":[]},"header":[{"description":{"content":"Added as a part of security scheme: apikey","type":"text/plain"},"key":"Authorization","value":"<API Key>"},{"disabled":false,"description":"(Required) Required. Enter the client id.","key":"x-fapi-financial-id","value":"<string>"},{"disabled":false,"description":"Enter the transaction/correlation id","key":"x-fapi-interaction-id","value":"<string>"},{"disabled":false,"description":"(Required) Enter 'Bearer ' followed by the access token. Please refer to documentation on bearer token. ","key":"Authorization","value":"9999999999999999999999999999999999999999999999999999999999999999"},{"key":"Accept","value":"application/json"}],"method":"PUT","body":{"mode":"raw","raw":"{\n  \"caseData\": {\n    \"caseID\": \"60384538\",\n    \"lastUpdated\": \"2019-07-26T11:43:34.291-04:00\"\n  },\n  \"caseFinish\": \"2019-06-18T16:18:02.197-04:00\",\n  \"caseResultData\": {\n    \"code\": \"61\",\n    \"description\": \"Fraud\"\n  },\n  \"clientApplicationName\": \"FRAUDALERTRWS\",\n  \"clientAuditId\": \"Maria\",\n  \"clientId\": \"07100015\",\n  \"clientVendorName\": \"ABC VENDOR\",\n  \"systemRecordIdentifier\": \"<string>\"\n}","options":{"raw":{"language":"json"}}}},"status":"Internal Server Error","code":500,"header":[{"disabled":false,"description":"transaction ID created with each request","key":"x-fapi-interaction-id","value":"ut aliqua"},{"key":"Content-Type","value":"application/json"}],"body":"{\n  \"errorResponse\": {\n    \"code\": \"500-01\",\n    \"message\": \"internal server error\",\n    \"developerInfo\": {\n      \"developerMessage\": \"internal server error\",\n      \"moreInfo\": \"There was a problem handling your request.  Please try again.  If the problem persists please contact Fiserv ETSD at 888-243-2543 (you unique messageID included below)\",\n      \"messageid\": \"25557-84290371-1\"\n    }\n  }\n}","cookie":[],"_postman_previewlanguage":"json"}],"event":[],"protocolProfileBehavior":{"disableBodyPruning":true}}],"event":[]}],"event":[],"variable":[{"type":"string","value":"https://card.api.fiservapps.com/cs/fraudDeprecated","key":"baseUrl"}],"auth":{"type":"apikey","apikey":[{"key":"key","value":"Authorization"},{"key":"value","value":"{{apiKey}}"},{"key":"in","value":"header"}]},"info":{"_postman_id":"ed7d369b-0e7b-4d14-bda2-b2586dd8843b","name":"Card Risk Mitigation: Fraud Alert API","schema":"https://schema.getpostman.com/json/collection/v2.1.0/collection.json","description":{"content":"The Fraud Alert RESTful API provides integration partners the ability to retrieve case data for fraudulent cases, and notify Fiserv of the results from the notifications to close a fraud case.","type":"text/plain"}}}