{"item":[{"id":"235e2177-193e-4985-abf8-029c11752808","name":"v1","item":[{"id":"174ce3e5-d9d0-4968-b8d6-57af51f1af92","name":"Retrieve current fraud case information from Fiserv.","request":{"name":"Retrieve current fraud case information from Fiserv.","description":{},"url":{"path":["v1","case","search"],"host":["{{baseUrl}}"],"query":[],"variable":[]},"header":[{"disabled":false,"description":"(Required) Required. Enter the client id.","key":"x-fapi-financial-id","value":"<string>"},{"disabled":false,"description":"Enter the transaction/correlation id","key":"x-fapi-interaction-id","value":"<string>"},{"key":"Content-Type","value":"application/json"},{"key":"Accept","value":"application/json"}],"method":"POST","auth":null,"body":{"mode":"raw","raw":"{\n  \"caseID\": \"<string>\",\n  \"clientApplicationName\": \"<string>\",\n  \"clientAuditId\": \"<string>\",\n  \"clientId\": \"<string>\",\n  \"clientVendorName\": \"<string>\",\n  \"systemRecordIdentifier\": \"<string>\"\n}","options":{"raw":{"language":"json"}}}},"response":[{"id":"267415a9-830c-4a7c-b0c0-67e112261957","name":"Success","originalRequest":{"url":{"path":["v1","case","search"],"host":["{{baseUrl}}"],"query":[],"variable":[]},"header":[{"description":{"content":"Added as a part of security scheme: apikey","type":"text/plain"},"key":"Authorization","value":"<API Key>"},{"disabled":false,"description":"(Required) Required. Enter the client id.","key":"x-fapi-financial-id","value":"<string>"},{"disabled":false,"description":"Enter the transaction/correlation id","key":"x-fapi-interaction-id","value":"<string>"},{"disabled":false,"description":"(Required) Enter 'Bearer ' followed by the access token. Please refer to documentation on bearer token. ","key":"Authorization","value":"yyyyyyyyyyyyyyyyyyyyyyyyyyyyyyyyyyyyyyyyyyyyyyyyyyyyyyyyyyyyyyyy"},{"key":"Accept","value":"application/json"}],"method":"POST","body":{"mode":"raw","raw":"{\n  \"caseID\": \"60384538\",\n  \"clientApplicationName\": \"FRAUDALERTRWS\",\n  \"clientAuditId\": \"Maria\",\n  \"clientId\": \"07100015\",\n  \"clientVendorName\": \"ABC VENDOR\",\n  \"systemRecordIdentifier\": \"<string>\"\n}","options":{"raw":{"language":"json"}}}},"status":"OK","code":200,"header":[{"disabled":false,"description":"Represents a transaction ID created with each request","key":"x-fapi-interaction-id","value":"pariatur eu Ut sit"},{"key":"Content-Type","value":"application/json"}],"body":"{\n  \"caseData\": [\n    {\n      \"caseID\": \"60384538\",\n      \"lastUpdated\": \"2019-07-26T11:43:34.291-04:00\",\n      \"workflowCode\": \"14\"\n    },\n    {\n      \"caseID\": \"60384538\",\n      \"lastUpdated\": \"2019-07-26T11:43:34.291-04:00\",\n      \"workflowCode\": \"14\"\n    }\n  ],\n  \"tranData\": [\n    {\n      \"tranAmount\": 600,\n      \"tranDate\": \"2019-07-26T07:22:04.000-04:00\",\n      \"tranId\": \"016001da2e000044\",\n      \"merchantName\": \"NETFLIX COM\",\n      \"merchantCity\": \"LOS GATOS\",\n      \"merchantState\": \"CA\",\n      \"merchantCntry\": \"840\",\n      \"tranMcc\": \"4899\",\n      \"decisionCode\": \"D\"\n    },\n    {\n      \"tranAmount\": 600,\n      \"tranDate\": \"2019-07-26T07:22:04.000-04:00\",\n      \"tranId\": \"016001da2e000044\",\n      \"merchantName\": \"NETFLIX COM\",\n      \"merchantCity\": \"LOS GATOS\",\n      \"merchantState\": \"CA\",\n      \"merchantCntry\": \"840\",\n      \"tranMcc\": \"4899\",\n      \"decisionCode\": \"D\"\n    }\n  ]\n}","cookie":[],"_postman_previewlanguage":"json"},{"id":"8b98df59-36ec-4111-a983-b0c7dfdaa9ed","name":"Bad Request","originalRequest":{"url":{"path":["v1","case","search"],"host":["{{baseUrl}}"],"query":[],"variable":[]},"header":[{"description":{"content":"Added as a part of security scheme: apikey","type":"text/plain"},"key":"Authorization","value":"<API Key>"},{"disabled":false,"description":"(Required) Required. Enter the client id.","key":"x-fapi-financial-id","value":"<string>"},{"disabled":false,"description":"Enter the transaction/correlation id","key":"x-fapi-interaction-id","value":"<string>"},{"disabled":false,"description":"(Required) Enter 'Bearer ' followed by the access token. Please refer to documentation on bearer token. ","key":"Authorization","value":"yyyyyyyyyyyyyyyyyyyyyyyyyyyyyyyyyyyyyyyyyyyyyyyyyyyyyyyyyyyyyyyy"},{"key":"Accept","value":"application/json"}],"method":"POST","body":{"mode":"raw","raw":"{\n  \"caseID\": \"60384538\",\n  \"clientApplicationName\": \"FRAUDALERTRWS\",\n  \"clientAuditId\": \"Maria\",\n  \"clientId\": \"07100015\",\n  \"clientVendorName\": \"ABC VENDOR\",\n  \"systemRecordIdentifier\": \"<string>\"\n}","options":{"raw":{"language":"json"}}}},"status":"Bad Request","code":400,"header":[{"disabled":false,"description":"transaction ID created with each request","key":"x-fapi-interaction-id","value":"pariatur eu Ut sit"},{"key":"Content-Type","value":"application/json"}],"body":"{\n  \"errors\": [\n    {\n      \"code\": \"WS100\",\n      \"description\": \"Information entered is invalid-please revise and try again\"\n    }\n  ]\n}","cookie":[],"_postman_previewlanguage":"json"},{"id":"7c599b7c-1256-4d14-928b-60216d16611b","name":"Unauthorized access","originalRequest":{"url":{"path":["v1","case","search"],"host":["{{baseUrl}}"],"query":[],"variable":[]},"header":[{"description":{"content":"Added as a part of security scheme: apikey","type":"text/plain"},"key":"Authorization","value":"<API Key>"},{"disabled":false,"description":"(Required) Required. Enter the client id.","key":"x-fapi-financial-id","value":"<string>"},{"disabled":false,"description":"Enter the transaction/correlation id","key":"x-fapi-interaction-id","value":"<string>"},{"disabled":false,"description":"(Required) Enter 'Bearer ' followed by the access token. Please refer to documentation on bearer token. ","key":"Authorization","value":"yyyyyyyyyyyyyyyyyyyyyyyyyyyyyyyyyyyyyyyyyyyyyyyyyyyyyyyyyyyyyyyy"},{"key":"Accept","value":"application/json"}],"method":"POST","body":{"mode":"raw","raw":"{\n  \"caseID\": \"60384538\",\n  \"clientApplicationName\": \"FRAUDALERTRWS\",\n  \"clientAuditId\": \"Maria\",\n  \"clientId\": \"07100015\",\n  \"clientVendorName\": \"ABC VENDOR\",\n  \"systemRecordIdentifier\": \"<string>\"\n}","options":{"raw":{"language":"json"}}}},"status":"Unauthorized","code":401,"header":[{"key":"Content-Type","value":"application/json"}],"body":"{\n  \"errors\": [\n    {\n      \"code\": 401,\n      \"description\": \"Invalid access token\"\n    }\n  ]\n}","cookie":[],"_postman_previewlanguage":"json"},{"id":"6871a289-57dc-457c-b929-6dc9e035974e","name":"Resource Not Found","originalRequest":{"url":{"path":["v1","case","search"],"host":["{{baseUrl}}"],"query":[],"variable":[]},"header":[{"description":{"content":"Added as a part of security scheme: apikey","type":"text/plain"},"key":"Authorization","value":"<API Key>"},{"disabled":false,"description":"(Required) Required. Enter the client id.","key":"x-fapi-financial-id","value":"<string>"},{"disabled":false,"description":"Enter the transaction/correlation id","key":"x-fapi-interaction-id","value":"<string>"},{"disabled":false,"description":"(Required) Enter 'Bearer ' followed by the access token. Please refer to documentation on bearer token. ","key":"Authorization","value":"yyyyyyyyyyyyyyyyyyyyyyyyyyyyyyyyyyyyyyyyyyyyyyyyyyyyyyyyyyyyyyyy"}],"method":"POST","body":{"mode":"raw","raw":"{\n  \"caseID\": \"60384538\",\n  \"clientApplicationName\": \"FRAUDALERTRWS\",\n  \"clientAuditId\": \"Maria\",\n  \"clientId\": \"07100015\",\n  \"clientVendorName\": \"ABC VENDOR\",\n  \"systemRecordIdentifier\": \"<string>\"\n}","options":{"raw":{"language":"json"}}}},"status":"Not Found","code":404,"header":[{"key":"Content-Type","value":"text/plain"}],"body":"","cookie":[],"_postman_previewlanguage":"text"},{"id":"0950f1f6-75e3-4f0b-853e-e574d6405737","name":"Unsupported Media Type","originalRequest":{"url":{"path":["v1","case","search"],"host":["{{baseUrl}}"],"query":[],"variable":[]},"header":[{"description":{"content":"Added as a part of security scheme: apikey","type":"text/plain"},"key":"Authorization","value":"<API Key>"},{"disabled":false,"description":"(Required) Required. Enter the client id.","key":"x-fapi-financial-id","value":"<string>"},{"disabled":false,"description":"Enter the transaction/correlation id","key":"x-fapi-interaction-id","value":"<string>"},{"disabled":false,"description":"(Required) Enter 'Bearer ' followed by the access token. Please refer to documentation on bearer token. ","key":"Authorization","value":"yyyyyyyyyyyyyyyyyyyyyyyyyyyyyyyyyyyyyyyyyyyyyyyyyyyyyyyyyyyyyyyy"},{"key":"Accept","value":"application/json"}],"method":"POST","body":{"mode":"raw","raw":"{\n  \"caseID\": \"60384538\",\n  \"clientApplicationName\": \"FRAUDALERTRWS\",\n  \"clientAuditId\": \"Maria\",\n  \"clientId\": \"07100015\",\n  \"clientVendorName\": \"ABC VENDOR\",\n  \"systemRecordIdentifier\": \"<string>\"\n}","options":{"raw":{"language":"json"}}}},"status":"Unsupported Media Type","code":415,"header":[{"disabled":false,"description":"transaction ID created with each request","key":"x-fapi-interaction-id","value":"pariatur eu Ut sit"},{"key":"Content-Type","value":"application/json"}],"body":"{\n  \"errors\": [\n    {\n      \"code\": 415,\n      \"description\": \"unsupported Media Type\"\n    }\n  ]\n}","cookie":[],"_postman_previewlanguage":"json"},{"id":"716a47bc-b954-458c-b6f4-2b7239cd3e90","name":"Too Many Requests","originalRequest":{"url":{"path":["v1","case","search"],"host":["{{baseUrl}}"],"query":[],"variable":[]},"header":[{"description":{"content":"Added as a part of security scheme: apikey","type":"text/plain"},"key":"Authorization","value":"<API Key>"},{"disabled":false,"description":"(Required) Required. Enter the client id.","key":"x-fapi-financial-id","value":"<string>"},{"disabled":false,"description":"Enter the transaction/correlation id","key":"x-fapi-interaction-id","value":"<string>"},{"disabled":false,"description":"(Required) Enter 'Bearer ' followed by the access token. Please refer to documentation on bearer token. ","key":"Authorization","value":"yyyyyyyyyyyyyyyyyyyyyyyyyyyyyyyyyyyyyyyyyyyyyyyyyyyyyyyyyyyyyyyy"},{"key":"Accept","value":"application/json"}],"method":"POST","body":{"mode":"raw","raw":"{\n  \"caseID\": \"60384538\",\n  \"clientApplicationName\": \"FRAUDALERTRWS\",\n  \"clientAuditId\": \"Maria\",\n  \"clientId\": \"07100015\",\n  \"clientVendorName\": \"ABC VENDOR\",\n  \"systemRecordIdentifier\": \"<string>\"\n}","options":{"raw":{"language":"json"}}}},"status":"Too Many Requests","code":429,"header":[{"disabled":false,"description":"transaction ID created with each request","key":"x-fapi-interaction-id","value":"pariatur eu Ut sit"},{"key":"Content-Type","value":"application/json"}],"body":"{\n  \"errors\": [\n    {\n      \"code\": 429,\n      \"description\": \"Rate limit quota violation. Quota limit  exceeded.\"\n    }\n  ]\n}","cookie":[],"_postman_previewlanguage":"json"},{"id":"14d86c78-d9a9-4a06-aebd-728fb332bb46","name":"Server Error","originalRequest":{"url":{"path":["v1","case","search"],"host":["{{baseUrl}}"],"query":[],"variable":[]},"header":[{"description":{"content":"Added as a part of security scheme: apikey","type":"text/plain"},"key":"Authorization","value":"<API Key>"},{"disabled":false,"description":"(Required) Required. Enter the client id.","key":"x-fapi-financial-id","value":"<string>"},{"disabled":false,"description":"Enter the transaction/correlation id","key":"x-fapi-interaction-id","value":"<string>"},{"disabled":false,"description":"(Required) Enter 'Bearer ' followed by the access token. Please refer to documentation on bearer token. ","key":"Authorization","value":"yyyyyyyyyyyyyyyyyyyyyyyyyyyyyyyyyyyyyyyyyyyyyyyyyyyyyyyyyyyyyyyy"},{"key":"Accept","value":"application/json"}],"method":"POST","body":{"mode":"raw","raw":"{\n  \"caseID\": \"60384538\",\n  \"clientApplicationName\": \"FRAUDALERTRWS\",\n  \"clientAuditId\": \"Maria\",\n  \"clientId\": \"07100015\",\n  \"clientVendorName\": \"ABC VENDOR\",\n  \"systemRecordIdentifier\": \"<string>\"\n}","options":{"raw":{"language":"json"}}}},"status":"Internal Server Error","code":500,"header":[{"disabled":false,"description":"transaction ID created with each request","key":"x-fapi-interaction-id","value":"pariatur eu Ut sit"},{"key":"Content-Type","value":"application/json"}],"body":"{\n  \"errorResponse\": {\n    \"code\": \"500-01\",\n    \"message\": \"internal server error\",\n    \"developerInfo\": {\n      \"developerMessage\": \"internal server error\",\n      \"moreInfo\": \"There was a problem handling your request.  Please try again.  If the problem persists please contact Fiserv ETSD at 888-243-2543 (you unique messageID included below)\",\n      \"messageid\": \"25557-84290371-1\"\n    }\n  }\n}","cookie":[],"_postman_previewlanguage":"json"}],"event":[],"protocolProfileBehavior":{"disableBodyPruning":true}},{"id":"f47011a6-d7bc-4389-b7ea-501dcd6bcdd6","name":"Enable business partners to notify Fiserv of updates to a case under review. Fiserv returns a response that identifies if a case outcome request is accepted or rejected and, if rejected, the reason why.","request":{"name":"Enable business partners to notify Fiserv of updates to a case under review. Fiserv returns a response that identifies if a case outcome request is accepted or rejected and, if rejected, the reason why.","description":{},"url":{"path":["v1","alertOutcome"],"host":["{{baseUrl}}"],"query":[],"variable":[]},"header":[{"disabled":false,"description":"(Required) Required. Enter the client id.","key":"x-fapi-financial-id","value":"<string>"},{"disabled":false,"description":"Enter the transaction/correlation id","key":"x-fapi-interaction-id","value":"<string>"},{"key":"Content-Type","value":"application/json"},{"key":"Accept","value":"application/json"}],"method":"PUT","auth":null,"body":{"mode":"raw","raw":"{\n  \"caseData\": {\n    \"caseID\": \"<string>\",\n    \"lastUpdated\": \"<yyyy-mm-ddThh:mm:ss>\"\n  },\n  \"clientApplicationName\": \"<string>\",\n  \"clientAuditId\": \"<string>\",\n  \"clientId\": \"<string>\",\n  \"clientVendorName\": \"<string>\",\n  \"notificationTimestamp\": \"<yyyy-mm-ddThh:mm:ss>\",\n  \"response\": {\n    \"code\": \"<string>\",\n    \"description\": \"<string>\"\n  },\n  \"tranResult\": [\n    {\n      \"number\": \"<string>\",\n      \"result\": \"<string>\"\n    },\n    {\n      \"number\": \"<string>\",\n      \"result\": \"<string>\"\n    }\n  ],\n  \"systemRecordIdentifier\": \"<string>\",\n  \"cardStatusAction\": \"<string>\",\n  \"subResponse\": {\n    \"code\": \"<string>\",\n    \"description\": \"<string>\"\n  }\n}","options":{"raw":{"language":"json"}}}},"response":[{"id":"5ff1446b-211d-4064-b9fd-c7b3db914c53","name":"Success","originalRequest":{"url":{"path":["v1","alertOutcome"],"host":["{{baseUrl}}"],"query":[],"variable":[]},"header":[{"description":{"content":"Added as a part of security scheme: apikey","type":"text/plain"},"key":"Authorization","value":"<API Key>"},{"disabled":false,"description":"(Required) Required. Enter the client id.","key":"x-fapi-financial-id","value":"<string>"},{"disabled":false,"description":"Enter the transaction/correlation id","key":"x-fapi-interaction-id","value":"<string>"},{"disabled":false,"description":"(Required) Enter 'Bearer ' followed by the access token. Please refer to documentation on bearer token. ","key":"Authorization","value":"yyyyyyyyyyyyyyyyyyyyyyyyyyyyyyyyyyyyyyyyyyyyyyyyyyyyyyyyyyyyyyyy"}],"method":"PUT","body":{"mode":"raw","raw":"{\n  \"caseData\": {\n    \"caseID\": \"60384538\",\n    \"lastUpdated\": \"2019-07-26T11:43:34.291-04:00\"\n  },\n  \"clientApplicationName\": \"FRAUDALERTRWS\",\n  \"clientAuditId\": \"Maria\",\n  \"clientId\": \"07100015\",\n  \"clientVendorName\": \"ABC VENDOR\",\n  \"notificationTimestamp\": \"2018-04-13T10:06:02.197-04:00\",\n  \"response\": {\n    \"code\": \"61\",\n    \"description\": \"Fraud\"\n  },\n  \"tranResult\": [\n    {\n      \"number\": \"177185\",\n      \"result\": \"NO_FRAUD\"\n    },\n    {\n      \"number\": \"177185\",\n      \"result\": \"NO_FRAUD\"\n    }\n  ],\n  \"systemRecordIdentifier\": \"<string>\",\n  \"cardStatusAction\": \"BLOCK\",\n  \"subResponse\": {\n    \"code\": \"\",\n    \"description\": \"\"\n  }\n}","options":{"raw":{"language":"json"}}}},"status":"OK","code":200,"header":[{"disabled":false,"description":"Represents a transaction ID created with each request","key":"x-fapi-interaction-id","value":"pariatur eu Ut sit"},{"key":"Content-Type","value":"text/plain"}],"body":"","cookie":[],"_postman_previewlanguage":"text"},{"id":"0b434ad8-8589-4992-92ed-0570771c8dc0","name":"Bad Request","originalRequest":{"url":{"path":["v1","alertOutcome"],"host":["{{baseUrl}}"],"query":[],"variable":[]},"header":[{"description":{"content":"Added as a part of security scheme: apikey","type":"text/plain"},"key":"Authorization","value":"<API Key>"},{"disabled":false,"description":"(Required) Required. Enter the client id.","key":"x-fapi-financial-id","value":"<string>"},{"disabled":false,"description":"Enter the transaction/correlation id","key":"x-fapi-interaction-id","value":"<string>"},{"disabled":false,"description":"(Required) Enter 'Bearer ' followed by the access token. Please refer to documentation on bearer token. ","key":"Authorization","value":"yyyyyyyyyyyyyyyyyyyyyyyyyyyyyyyyyyyyyyyyyyyyyyyyyyyyyyyyyyyyyyyy"},{"key":"Accept","value":"application/json"}],"method":"PUT","body":{"mode":"raw","raw":"{\n  \"caseData\": {\n    \"caseID\": \"60384538\",\n    \"lastUpdated\": \"2019-07-26T11:43:34.291-04:00\"\n  },\n  \"clientApplicationName\": \"FRAUDALERTRWS\",\n  \"clientAuditId\": \"Maria\",\n  \"clientId\": \"07100015\",\n  \"clientVendorName\": \"ABC VENDOR\",\n  \"notificationTimestamp\": \"2018-04-13T10:06:02.197-04:00\",\n  \"response\": {\n    \"code\": \"61\",\n    \"description\": \"Fraud\"\n  },\n  \"tranResult\": [\n    {\n      \"number\": \"177185\",\n      \"result\": \"NO_FRAUD\"\n    },\n    {\n      \"number\": \"177185\",\n      \"result\": \"NO_FRAUD\"\n    }\n  ],\n  \"systemRecordIdentifier\": \"<string>\",\n  \"cardStatusAction\": \"BLOCK\",\n  \"subResponse\": {\n    \"code\": \"\",\n    \"description\": \"\"\n  }\n}","options":{"raw":{"language":"json"}}}},"status":"Bad Request","code":400,"header":[{"disabled":false,"description":"transaction ID created with each request","key":"x-fapi-interaction-id","value":"pariatur eu Ut sit"},{"key":"Content-Type","value":"application/json"}],"body":"{\n  \"errors\": [\n    {\n      \"code\": \"WS100\",\n      \"description\": \"Information entered is invalid-please revise and try again\"\n    }\n  ]\n}","cookie":[],"_postman_previewlanguage":"json"},{"id":"38ce9179-5195-420b-bb24-9c1fc51ae34c","name":"Unauthorized access","originalRequest":{"url":{"path":["v1","alertOutcome"],"host":["{{baseUrl}}"],"query":[],"variable":[]},"header":[{"description":{"content":"Added as a part of security scheme: apikey","type":"text/plain"},"key":"Authorization","value":"<API Key>"},{"disabled":false,"description":"(Required) Required. Enter the client id.","key":"x-fapi-financial-id","value":"<string>"},{"disabled":false,"description":"Enter the transaction/correlation id","key":"x-fapi-interaction-id","value":"<string>"},{"disabled":false,"description":"(Required) Enter 'Bearer ' followed by the access token. Please refer to documentation on bearer token. ","key":"Authorization","value":"yyyyyyyyyyyyyyyyyyyyyyyyyyyyyyyyyyyyyyyyyyyyyyyyyyyyyyyyyyyyyyyy"},{"key":"Accept","value":"application/json"}],"method":"PUT","body":{"mode":"raw","raw":"{\n  \"caseData\": {\n    \"caseID\": \"60384538\",\n    \"lastUpdated\": \"2019-07-26T11:43:34.291-04:00\"\n  },\n  \"clientApplicationName\": \"FRAUDALERTRWS\",\n  \"clientAuditId\": \"Maria\",\n  \"clientId\": \"07100015\",\n  \"clientVendorName\": \"ABC VENDOR\",\n  \"notificationTimestamp\": \"2018-04-13T10:06:02.197-04:00\",\n  \"response\": {\n    \"code\": \"61\",\n    \"description\": \"Fraud\"\n  },\n  \"tranResult\": [\n    {\n      \"number\": \"177185\",\n      \"result\": \"NO_FRAUD\"\n    },\n    {\n      \"number\": \"177185\",\n      \"result\": \"NO_FRAUD\"\n    }\n  ],\n  \"systemRecordIdentifier\": \"<string>\",\n  \"cardStatusAction\": \"BLOCK\",\n  \"subResponse\": {\n    \"code\": \"\",\n    \"description\": \"\"\n  }\n}","options":{"raw":{"language":"json"}}}},"status":"Unauthorized","code":401,"header":[{"key":"Content-Type","value":"application/json"}],"body":"{\n  \"errors\": [\n    {\n      \"code\": 401,\n      \"description\": \"Invalid access token\"\n    }\n  ]\n}","cookie":[],"_postman_previewlanguage":"json"},{"id":"19c482de-c716-492c-8f9d-d225a7149ccb","name":"Resource Not Found","originalRequest":{"url":{"path":["v1","alertOutcome"],"host":["{{baseUrl}}"],"query":[],"variable":[]},"header":[{"description":{"content":"Added as a part of security scheme: apikey","type":"text/plain"},"key":"Authorization","value":"<API Key>"},{"disabled":false,"description":"(Required) Required. Enter the client id.","key":"x-fapi-financial-id","value":"<string>"},{"disabled":false,"description":"Enter the transaction/correlation id","key":"x-fapi-interaction-id","value":"<string>"},{"disabled":false,"description":"(Required) Enter 'Bearer ' followed by the access token. Please refer to documentation on bearer token. ","key":"Authorization","value":"yyyyyyyyyyyyyyyyyyyyyyyyyyyyyyyyyyyyyyyyyyyyyyyyyyyyyyyyyyyyyyyy"}],"method":"PUT","body":{"mode":"raw","raw":"{\n  \"caseData\": {\n    \"caseID\": \"60384538\",\n    \"lastUpdated\": \"2019-07-26T11:43:34.291-04:00\"\n  },\n  \"clientApplicationName\": \"FRAUDALERTRWS\",\n  \"clientAuditId\": \"Maria\",\n  \"clientId\": \"07100015\",\n  \"clientVendorName\": \"ABC VENDOR\",\n  \"notificationTimestamp\": \"2018-04-13T10:06:02.197-04:00\",\n  \"response\": {\n    \"code\": \"61\",\n    \"description\": \"Fraud\"\n  },\n  \"tranResult\": [\n    {\n      \"number\": \"177185\",\n      \"result\": \"NO_FRAUD\"\n    },\n    {\n      \"number\": \"177185\",\n      \"result\": \"NO_FRAUD\"\n    }\n  ],\n  \"systemRecordIdentifier\": \"<string>\",\n  \"cardStatusAction\": \"BLOCK\",\n  \"subResponse\": {\n    \"code\": \"\",\n    \"description\": \"\"\n  }\n}","options":{"raw":{"language":"json"}}}},"status":"Not Found","code":404,"header":[{"key":"Content-Type","value":"text/plain"}],"body":"","cookie":[],"_postman_previewlanguage":"text"},{"id":"89bee939-2dd2-4728-bdea-9f685952bff6","name":"Unsupported Media Type","originalRequest":{"url":{"path":["v1","alertOutcome"],"host":["{{baseUrl}}"],"query":[],"variable":[]},"header":[{"description":{"content":"Added as a part of security scheme: apikey","type":"text/plain"},"key":"Authorization","value":"<API Key>"},{"disabled":false,"description":"(Required) Required. Enter the client id.","key":"x-fapi-financial-id","value":"<string>"},{"disabled":false,"description":"Enter the transaction/correlation id","key":"x-fapi-interaction-id","value":"<string>"},{"disabled":false,"description":"(Required) Enter 'Bearer ' followed by the access token. Please refer to documentation on bearer token. ","key":"Authorization","value":"yyyyyyyyyyyyyyyyyyyyyyyyyyyyyyyyyyyyyyyyyyyyyyyyyyyyyyyyyyyyyyyy"},{"key":"Accept","value":"application/json"}],"method":"PUT","body":{"mode":"raw","raw":"{\n  \"caseData\": {\n    \"caseID\": \"60384538\",\n    \"lastUpdated\": \"2019-07-26T11:43:34.291-04:00\"\n  },\n  \"clientApplicationName\": \"FRAUDALERTRWS\",\n  \"clientAuditId\": \"Maria\",\n  \"clientId\": \"07100015\",\n  \"clientVendorName\": \"ABC VENDOR\",\n  \"notificationTimestamp\": \"2018-04-13T10:06:02.197-04:00\",\n  \"response\": {\n    \"code\": \"61\",\n    \"description\": \"Fraud\"\n  },\n  \"tranResult\": [\n    {\n      \"number\": \"177185\",\n      \"result\": \"NO_FRAUD\"\n    },\n    {\n      \"number\": \"177185\",\n      \"result\": \"NO_FRAUD\"\n    }\n  ],\n  \"systemRecordIdentifier\": \"<string>\",\n  \"cardStatusAction\": \"BLOCK\",\n  \"subResponse\": {\n    \"code\": \"\",\n    \"description\": \"\"\n  }\n}","options":{"raw":{"language":"json"}}}},"status":"Unsupported Media Type","code":415,"header":[{"disabled":false,"description":"transaction ID created with each request","key":"x-fapi-interaction-id","value":"pariatur eu Ut sit"},{"key":"Content-Type","value":"application/json"}],"body":"{\n  \"errors\": [\n    {\n      \"code\": 415,\n      \"description\": \"unsupported Media Type\"\n    }\n  ]\n}","cookie":[],"_postman_previewlanguage":"json"},{"id":"8efbb127-32c1-49c4-a8c4-6d9de65abb52","name":"Too Many Requests","originalRequest":{"url":{"path":["v1","alertOutcome"],"host":["{{baseUrl}}"],"query":[],"variable":[]},"header":[{"description":{"content":"Added as a part of security scheme: apikey","type":"text/plain"},"key":"Authorization","value":"<API Key>"},{"disabled":false,"description":"(Required) Required. Enter the client id.","key":"x-fapi-financial-id","value":"<string>"},{"disabled":false,"description":"Enter the transaction/correlation id","key":"x-fapi-interaction-id","value":"<string>"},{"disabled":false,"description":"(Required) Enter 'Bearer ' followed by the access token. Please refer to documentation on bearer token. ","key":"Authorization","value":"yyyyyyyyyyyyyyyyyyyyyyyyyyyyyyyyyyyyyyyyyyyyyyyyyyyyyyyyyyyyyyyy"},{"key":"Accept","value":"application/json"}],"method":"PUT","body":{"mode":"raw","raw":"{\n  \"caseData\": {\n    \"caseID\": \"60384538\",\n    \"lastUpdated\": \"2019-07-26T11:43:34.291-04:00\"\n  },\n  \"clientApplicationName\": \"FRAUDALERTRWS\",\n  \"clientAuditId\": \"Maria\",\n  \"clientId\": \"07100015\",\n  \"clientVendorName\": \"ABC VENDOR\",\n  \"notificationTimestamp\": \"2018-04-13T10:06:02.197-04:00\",\n  \"response\": {\n    \"code\": \"61\",\n    \"description\": \"Fraud\"\n  },\n  \"tranResult\": [\n    {\n      \"number\": \"177185\",\n      \"result\": \"NO_FRAUD\"\n    },\n    {\n      \"number\": \"177185\",\n      \"result\": \"NO_FRAUD\"\n    }\n  ],\n  \"systemRecordIdentifier\": \"<string>\",\n  \"cardStatusAction\": \"BLOCK\",\n  \"subResponse\": {\n    \"code\": \"\",\n    \"description\": \"\"\n  }\n}","options":{"raw":{"language":"json"}}}},"status":"Too Many Requests","code":429,"header":[{"disabled":false,"description":"transaction ID created with each request","key":"x-fapi-interaction-id","value":"pariatur eu Ut sit"},{"key":"Content-Type","value":"application/json"}],"body":"{\n  \"errors\": [\n    {\n      \"code\": 429,\n      \"description\": \"Rate limit quota violation. Quota limit  exceeded.\"\n    }\n  ]\n}","cookie":[],"_postman_previewlanguage":"json"},{"id":"2b3fa041-c0ae-4fe7-a201-e5ac780254b6","name":"Server Error","originalRequest":{"url":{"path":["v1","alertOutcome"],"host":["{{baseUrl}}"],"query":[],"variable":[]},"header":[{"description":{"content":"Added as a part of security scheme: apikey","type":"text/plain"},"key":"Authorization","value":"<API Key>"},{"disabled":false,"description":"(Required) Required. Enter the client id.","key":"x-fapi-financial-id","value":"<string>"},{"disabled":false,"description":"Enter the transaction/correlation id","key":"x-fapi-interaction-id","value":"<string>"},{"disabled":false,"description":"(Required) Enter 'Bearer ' followed by the access token. Please refer to documentation on bearer token. ","key":"Authorization","value":"yyyyyyyyyyyyyyyyyyyyyyyyyyyyyyyyyyyyyyyyyyyyyyyyyyyyyyyyyyyyyyyy"},{"key":"Accept","value":"application/json"}],"method":"PUT","body":{"mode":"raw","raw":"{\n  \"caseData\": {\n    \"caseID\": \"60384538\",\n    \"lastUpdated\": \"2019-07-26T11:43:34.291-04:00\"\n  },\n  \"clientApplicationName\": \"FRAUDALERTRWS\",\n  \"clientAuditId\": \"Maria\",\n  \"clientId\": \"07100015\",\n  \"clientVendorName\": \"ABC VENDOR\",\n  \"notificationTimestamp\": \"2018-04-13T10:06:02.197-04:00\",\n  \"response\": {\n    \"code\": \"61\",\n    \"description\": \"Fraud\"\n  },\n  \"tranResult\": [\n    {\n      \"number\": \"177185\",\n      \"result\": \"NO_FRAUD\"\n    },\n    {\n      \"number\": \"177185\",\n      \"result\": \"NO_FRAUD\"\n    }\n  ],\n  \"systemRecordIdentifier\": \"<string>\",\n  \"cardStatusAction\": \"BLOCK\",\n  \"subResponse\": {\n    \"code\": \"\",\n    \"description\": \"\"\n  }\n}","options":{"raw":{"language":"json"}}}},"status":"Internal Server Error","code":500,"header":[{"disabled":false,"description":"transaction ID created with each request","key":"x-fapi-interaction-id","value":"pariatur eu Ut sit"},{"key":"Content-Type","value":"application/json"}],"body":"{\n  \"errorResponse\": {\n    \"code\": \"500-01\",\n    \"message\": \"internal server error\",\n    \"developerInfo\": {\n      \"developerMessage\": \"internal server error\",\n      \"moreInfo\": \"There was a problem handling your request.  Please try again.  If the problem persists please contact Fiserv ETSD at 888-243-2543 (you unique messageID included below)\",\n      \"messageid\": \"25557-84290371-1\"\n    }\n  }\n}","cookie":[],"_postman_previewlanguage":"json"}],"event":[],"protocolProfileBehavior":{"disableBodyPruning":true}},{"id":"6bca8a09-b305-4ca7-9309-802267158f7a","name":"Notify Fiserv if a case for Fraud Alert is closed on the vendor platform.","request":{"name":"Notify Fiserv if a case for Fraud Alert is closed on the vendor platform.","description":{},"url":{"path":["v1","caseClose"],"host":["{{baseUrl}}"],"query":[],"variable":[]},"header":[{"disabled":false,"description":"(Required) Required. Enter the client id.","key":"x-fapi-financial-id","value":"<string>"},{"disabled":false,"description":"Enter the transaction/correlation id","key":"x-fapi-interaction-id","value":"<string>"},{"key":"Content-Type","value":"application/json"},{"key":"Accept","value":"application/json"}],"method":"PUT","auth":null,"body":{"mode":"raw","raw":"{\n  \"caseData\": {\n    \"caseID\": \"<string>\",\n    \"lastUpdated\": \"<yyyy-mm-ddThh:mm:ss>\"\n  },\n  \"caseFinish\": \"<yyyy-mm-ddThh:mm:ss>\",\n  \"caseResultData\": {\n    \"code\": \"<string>\",\n    \"description\": \"<string>\"\n  },\n  \"clientApplicationName\": \"<string>\",\n  \"clientAuditId\": \"<string>\",\n  \"clientId\": \"<string>\",\n  \"clientVendorName\": \"<string>\",\n  \"systemRecordIdentifier\": \"<string>\"\n}","options":{"raw":{"language":"json"}}}},"response":[{"id":"bb85cf36-c49e-44d9-97ea-2e8c29bf8cc7","name":"Success","originalRequest":{"url":{"path":["v1","caseClose"],"host":["{{baseUrl}}"],"query":[],"variable":[]},"header":[{"description":{"content":"Added as a part of security scheme: apikey","type":"text/plain"},"key":"Authorization","value":"<API Key>"},{"disabled":false,"description":"(Required) Required. Enter the client id.","key":"x-fapi-financial-id","value":"<string>"},{"disabled":false,"description":"Enter the transaction/correlation id","key":"x-fapi-interaction-id","value":"<string>"},{"disabled":false,"description":"(Required) Enter 'Bearer ' followed by the access token. Please refer to documentation on bearer token. ","key":"Authorization","value":"yyyyyyyyyyyyyyyyyyyyyyyyyyyyyyyyyyyyyyyyyyyyyyyyyyyyyyyyyyyyyyyy"}],"method":"PUT","body":{"mode":"raw","raw":"{\n  \"caseData\": {\n    \"caseID\": \"60384538\",\n    \"lastUpdated\": \"2019-07-26T11:43:34.291-04:00\"\n  },\n  \"caseFinish\": \"2019-06-18T16:18:02.197-04:00\",\n  \"caseResultData\": {\n    \"code\": \"61\",\n    \"description\": \"Fraud\"\n  },\n  \"clientApplicationName\": \"FRAUDALERTRWS\",\n  \"clientAuditId\": \"Maria\",\n  \"clientId\": \"07100015\",\n  \"clientVendorName\": \"ABC VENDOR\",\n  \"systemRecordIdentifier\": \"<string>\"\n}","options":{"raw":{"language":"json"}}}},"status":"OK","code":200,"header":[{"disabled":false,"description":"Represents a transaction ID created with each request","key":"x-fapi-interaction-id","value":"pariatur eu Ut sit"},{"key":"Content-Type","value":"text/plain"}],"body":"","cookie":[],"_postman_previewlanguage":"text"},{"id":"db74d8cf-817e-4a41-9b49-35c7733d3241","name":"Bad Request","originalRequest":{"url":{"path":["v1","caseClose"],"host":["{{baseUrl}}"],"query":[],"variable":[]},"header":[{"description":{"content":"Added as a part of security scheme: apikey","type":"text/plain"},"key":"Authorization","value":"<API Key>"},{"disabled":false,"description":"(Required) Required. Enter the client id.","key":"x-fapi-financial-id","value":"<string>"},{"disabled":false,"description":"Enter the transaction/correlation id","key":"x-fapi-interaction-id","value":"<string>"},{"disabled":false,"description":"(Required) Enter 'Bearer ' followed by the access token. Please refer to documentation on bearer token. ","key":"Authorization","value":"yyyyyyyyyyyyyyyyyyyyyyyyyyyyyyyyyyyyyyyyyyyyyyyyyyyyyyyyyyyyyyyy"},{"key":"Accept","value":"application/json"}],"method":"PUT","body":{"mode":"raw","raw":"{\n  \"caseData\": {\n    \"caseID\": \"60384538\",\n    \"lastUpdated\": \"2019-07-26T11:43:34.291-04:00\"\n  },\n  \"caseFinish\": \"2019-06-18T16:18:02.197-04:00\",\n  \"caseResultData\": {\n    \"code\": \"61\",\n    \"description\": \"Fraud\"\n  },\n  \"clientApplicationName\": \"FRAUDALERTRWS\",\n  \"clientAuditId\": \"Maria\",\n  \"clientId\": \"07100015\",\n  \"clientVendorName\": \"ABC VENDOR\",\n  \"systemRecordIdentifier\": \"<string>\"\n}","options":{"raw":{"language":"json"}}}},"status":"Bad Request","code":400,"header":[{"disabled":false,"description":"transaction ID created with each request","key":"x-fapi-interaction-id","value":"pariatur eu Ut sit"},{"key":"Content-Type","value":"application/json"}],"body":"{\n  \"errors\": [\n    {\n      \"code\": \"WS100\",\n      \"description\": \"Information entered is invalid-please revise and try again\"\n    }\n  ]\n}","cookie":[],"_postman_previewlanguage":"json"},{"id":"7189bfcc-dc2e-43a7-b698-bcff7a308fa9","name":"Unauthorized access","originalRequest":{"url":{"path":["v1","caseClose"],"host":["{{baseUrl}}"],"query":[],"variable":[]},"header":[{"description":{"content":"Added as a part of security scheme: apikey","type":"text/plain"},"key":"Authorization","value":"<API Key>"},{"disabled":false,"description":"(Required) Required. Enter the client id.","key":"x-fapi-financial-id","value":"<string>"},{"disabled":false,"description":"Enter the transaction/correlation id","key":"x-fapi-interaction-id","value":"<string>"},{"disabled":false,"description":"(Required) Enter 'Bearer ' followed by the access token. Please refer to documentation on bearer token. ","key":"Authorization","value":"yyyyyyyyyyyyyyyyyyyyyyyyyyyyyyyyyyyyyyyyyyyyyyyyyyyyyyyyyyyyyyyy"},{"key":"Accept","value":"application/json"}],"method":"PUT","body":{"mode":"raw","raw":"{\n  \"caseData\": {\n    \"caseID\": \"60384538\",\n    \"lastUpdated\": \"2019-07-26T11:43:34.291-04:00\"\n  },\n  \"caseFinish\": \"2019-06-18T16:18:02.197-04:00\",\n  \"caseResultData\": {\n    \"code\": \"61\",\n    \"description\": \"Fraud\"\n  },\n  \"clientApplicationName\": \"FRAUDALERTRWS\",\n  \"clientAuditId\": \"Maria\",\n  \"clientId\": \"07100015\",\n  \"clientVendorName\": \"ABC VENDOR\",\n  \"systemRecordIdentifier\": \"<string>\"\n}","options":{"raw":{"language":"json"}}}},"status":"Unauthorized","code":401,"header":[{"key":"Content-Type","value":"application/json"}],"body":"{\n  \"errors\": [\n    {\n      \"code\": 401,\n      \"description\": \"Invalid access token\"\n    }\n  ]\n}","cookie":[],"_postman_previewlanguage":"json"},{"id":"c1899f19-0920-484d-8943-ce5d8fb90bdc","name":"Resource Not Found","originalRequest":{"url":{"path":["v1","caseClose"],"host":["{{baseUrl}}"],"query":[],"variable":[]},"header":[{"description":{"content":"Added as a part of security scheme: apikey","type":"text/plain"},"key":"Authorization","value":"<API Key>"},{"disabled":false,"description":"(Required) Required. Enter the client id.","key":"x-fapi-financial-id","value":"<string>"},{"disabled":false,"description":"Enter the transaction/correlation id","key":"x-fapi-interaction-id","value":"<string>"},{"disabled":false,"description":"(Required) Enter 'Bearer ' followed by the access token. Please refer to documentation on bearer token. ","key":"Authorization","value":"yyyyyyyyyyyyyyyyyyyyyyyyyyyyyyyyyyyyyyyyyyyyyyyyyyyyyyyyyyyyyyyy"}],"method":"PUT","body":{"mode":"raw","raw":"{\n  \"caseData\": {\n    \"caseID\": \"60384538\",\n    \"lastUpdated\": \"2019-07-26T11:43:34.291-04:00\"\n  },\n  \"caseFinish\": \"2019-06-18T16:18:02.197-04:00\",\n  \"caseResultData\": {\n    \"code\": \"61\",\n    \"description\": \"Fraud\"\n  },\n  \"clientApplicationName\": \"FRAUDALERTRWS\",\n  \"clientAuditId\": \"Maria\",\n  \"clientId\": \"07100015\",\n  \"clientVendorName\": \"ABC VENDOR\",\n  \"systemRecordIdentifier\": \"<string>\"\n}","options":{"raw":{"language":"json"}}}},"status":"Not Found","code":404,"header":[{"key":"Content-Type","value":"text/plain"}],"body":"","cookie":[],"_postman_previewlanguage":"text"},{"id":"95b940b5-1bd7-4004-a112-fa10f011fb0c","name":"Unsupported Media Type","originalRequest":{"url":{"path":["v1","caseClose"],"host":["{{baseUrl}}"],"query":[],"variable":[]},"header":[{"description":{"content":"Added as a part of security scheme: apikey","type":"text/plain"},"key":"Authorization","value":"<API Key>"},{"disabled":false,"description":"(Required) Required. Enter the client id.","key":"x-fapi-financial-id","value":"<string>"},{"disabled":false,"description":"Enter the transaction/correlation id","key":"x-fapi-interaction-id","value":"<string>"},{"disabled":false,"description":"(Required) Enter 'Bearer ' followed by the access token. Please refer to documentation on bearer token. ","key":"Authorization","value":"yyyyyyyyyyyyyyyyyyyyyyyyyyyyyyyyyyyyyyyyyyyyyyyyyyyyyyyyyyyyyyyy"},{"key":"Accept","value":"application/json"}],"method":"PUT","body":{"mode":"raw","raw":"{\n  \"caseData\": {\n    \"caseID\": \"60384538\",\n    \"lastUpdated\": \"2019-07-26T11:43:34.291-04:00\"\n  },\n  \"caseFinish\": \"2019-06-18T16:18:02.197-04:00\",\n  \"caseResultData\": {\n    \"code\": \"61\",\n    \"description\": \"Fraud\"\n  },\n  \"clientApplicationName\": \"FRAUDALERTRWS\",\n  \"clientAuditId\": \"Maria\",\n  \"clientId\": \"07100015\",\n  \"clientVendorName\": \"ABC VENDOR\",\n  \"systemRecordIdentifier\": \"<string>\"\n}","options":{"raw":{"language":"json"}}}},"status":"Unsupported Media Type","code":415,"header":[{"disabled":false,"description":"transaction ID created with each request","key":"x-fapi-interaction-id","value":"pariatur eu Ut sit"},{"key":"Content-Type","value":"application/json"}],"body":"{\n  \"errors\": [\n    {\n      \"code\": 415,\n      \"description\": \"unsupported Media Type\"\n    }\n  ]\n}","cookie":[],"_postman_previewlanguage":"json"},{"id":"b941ec97-3432-48bc-aea3-7ae9559e2a8f","name":"Too Many Requests","originalRequest":{"url":{"path":["v1","caseClose"],"host":["{{baseUrl}}"],"query":[],"variable":[]},"header":[{"description":{"content":"Added as a part of security scheme: apikey","type":"text/plain"},"key":"Authorization","value":"<API Key>"},{"disabled":false,"description":"(Required) Required. Enter the client id.","key":"x-fapi-financial-id","value":"<string>"},{"disabled":false,"description":"Enter the transaction/correlation id","key":"x-fapi-interaction-id","value":"<string>"},{"disabled":false,"description":"(Required) Enter 'Bearer ' followed by the access token. Please refer to documentation on bearer token. ","key":"Authorization","value":"yyyyyyyyyyyyyyyyyyyyyyyyyyyyyyyyyyyyyyyyyyyyyyyyyyyyyyyyyyyyyyyy"},{"key":"Accept","value":"application/json"}],"method":"PUT","body":{"mode":"raw","raw":"{\n  \"caseData\": {\n    \"caseID\": \"60384538\",\n    \"lastUpdated\": \"2019-07-26T11:43:34.291-04:00\"\n  },\n  \"caseFinish\": \"2019-06-18T16:18:02.197-04:00\",\n  \"caseResultData\": {\n    \"code\": \"61\",\n    \"description\": \"Fraud\"\n  },\n  \"clientApplicationName\": \"FRAUDALERTRWS\",\n  \"clientAuditId\": \"Maria\",\n  \"clientId\": \"07100015\",\n  \"clientVendorName\": \"ABC VENDOR\",\n  \"systemRecordIdentifier\": \"<string>\"\n}","options":{"raw":{"language":"json"}}}},"status":"Too Many Requests","code":429,"header":[{"disabled":false,"description":"transaction ID created with each request","key":"x-fapi-interaction-id","value":"pariatur eu Ut sit"},{"key":"Content-Type","value":"application/json"}],"body":"{\n  \"errors\": [\n    {\n      \"code\": 429,\n      \"description\": \"Rate limit quota violation. Quota limit  exceeded.\"\n    }\n  ]\n}","cookie":[],"_postman_previewlanguage":"json"},{"id":"bf3f3ca7-7d30-4df3-9e95-294d6d79aef2","name":"Server Error","originalRequest":{"url":{"path":["v1","caseClose"],"host":["{{baseUrl}}"],"query":[],"variable":[]},"header":[{"description":{"content":"Added as a part of security scheme: apikey","type":"text/plain"},"key":"Authorization","value":"<API Key>"},{"disabled":false,"description":"(Required) Required. Enter the client id.","key":"x-fapi-financial-id","value":"<string>"},{"disabled":false,"description":"Enter the transaction/correlation id","key":"x-fapi-interaction-id","value":"<string>"},{"disabled":false,"description":"(Required) Enter 'Bearer ' followed by the access token. Please refer to documentation on bearer token. ","key":"Authorization","value":"yyyyyyyyyyyyyyyyyyyyyyyyyyyyyyyyyyyyyyyyyyyyyyyyyyyyyyyyyyyyyyyy"},{"key":"Accept","value":"application/json"}],"method":"PUT","body":{"mode":"raw","raw":"{\n  \"caseData\": {\n    \"caseID\": \"60384538\",\n    \"lastUpdated\": \"2019-07-26T11:43:34.291-04:00\"\n  },\n  \"caseFinish\": \"2019-06-18T16:18:02.197-04:00\",\n  \"caseResultData\": {\n    \"code\": \"61\",\n    \"description\": \"Fraud\"\n  },\n  \"clientApplicationName\": \"FRAUDALERTRWS\",\n  \"clientAuditId\": \"Maria\",\n  \"clientId\": \"07100015\",\n  \"clientVendorName\": \"ABC VENDOR\",\n  \"systemRecordIdentifier\": \"<string>\"\n}","options":{"raw":{"language":"json"}}}},"status":"Internal Server Error","code":500,"header":[{"disabled":false,"description":"transaction ID created with each request","key":"x-fapi-interaction-id","value":"pariatur eu Ut sit"},{"key":"Content-Type","value":"application/json"}],"body":"{\n  \"errorResponse\": {\n    \"code\": \"500-01\",\n    \"message\": \"internal server error\",\n    \"developerInfo\": {\n      \"developerMessage\": \"internal server error\",\n      \"moreInfo\": \"There was a problem handling your request.  Please try again.  If the problem persists please contact Fiserv ETSD at 888-243-2543 (you unique messageID included below)\",\n      \"messageid\": \"25557-84290371-1\"\n    }\n  }\n}","cookie":[],"_postman_previewlanguage":"json"}],"event":[],"protocolProfileBehavior":{"disableBodyPruning":true}}],"event":[]}],"event":[],"variable":[{"type":"string","value":"https://card.api.fiservapps.com/cs/fraudDeprecated","key":"baseUrl"}],"auth":{"type":"apikey","apikey":[{"key":"key","value":"Authorization"},{"key":"value","value":"{{apiKey}}"},{"key":"in","value":"header"}]},"info":{"_postman_id":"2b916dc7-52bc-4be7-b60f-83b02d19ce95","name":"Card Risk Mitigation: Fraud Alert API","schema":"https://schema.getpostman.com/json/collection/v2.1.0/collection.json","description":{"content":"The Fraud Alert RESTful API provides integration partners the ability to retrieve case data for fraudulent cases, and notify Fiserv of the results from the notifications to close a fraud case.","type":"text/plain"}}}