{"item":[{"id":"8d2d7323-9dd6-4628-a582-87a89434db92","name":"API to generate an access token.","request":{"name":"API to generate an access token.","description":{},"url":{"path":["token"],"host":["{{baseUrl}}"],"query":[{"disabled":false,"key":"scope","value":"<string>","description":"(Required) "}],"variable":[]},"header":[{"disabled":false,"description":"(Required) Enter the client id","key":"x-fapi-financial-id","value":"<string>"},{"disabled":false,"description":"Enter the transaction/correlation id","key":"x-fapi-interaction-id","value":"<string>"},{"disabled":false,"description":"REQUIRED for Mobile app clients ONLY. To be generated by client code using a code_verifier and code_challenge_method.","key":"code_challenge","value":"<string>"},{"disabled":false,"description":"REQUIRED for Mobile app clients ONLY. To be provided by client code.","key":"code_challenge_method","value":"<string>"},{"key":"Content-Type","value":"application/x-www-form-urlencoded"},{"key":"Accept","value":"application/json"}],"method":"POST","auth":null,"body":{"mode":"urlencoded","urlencoded":[{"disabled":false,"key":"grant_type","value":"<string>","description":"(Required) "}]}},"response":[{"id":"9e567862-8c91-4621-bc75-16db84a6a29c","name":"OK","originalRequest":{"url":{"path":["token"],"host":["{{baseUrl}}"],"query":[{"key":"scope","value":"<string>"}],"variable":[]},"header":[{"description":{"content":"Added as a part of security scheme: basic","type":"text/plain"},"key":"Authorization","value":"Basic <credentials>"},{"disabled":false,"description":"(Required) Enter the client id","key":"x-fapi-financial-id","value":"<string>"},{"disabled":false,"description":"Enter the transaction/correlation id","key":"x-fapi-interaction-id","value":"<string>"},{"disabled":false,"description":"REQUIRED for Mobile app clients ONLY. To be generated by client code using a code_verifier and code_challenge_method.","key":"code_challenge","value":"<string>"},{"disabled":false,"description":"REQUIRED for Mobile app clients ONLY. To be provided by client code.","key":"code_challenge_method","value":"<string>"},{"key":"Accept","value":"application/json"}],"method":"POST","body":{"mode":"urlencoded","urlencoded":[{"disabled":false,"description":{"content":"(Required) ","type":"text/plain"},"key":"grant_type","value":"<string>"}]}},"status":"OK","code":200,"header":[{"disabled":false,"description":"Represents a transaction ID created with each request.","key":"x-fapi-interaction-id","value":"ipsum et occaecat deserunt"},{"key":"Content-Type","value":"application/json"}],"body":"{\n  \"refresh_token_expires_in\": \"deserunt commodo in aliqua\",\n  \"api_product_list\": \"ex et sint\",\n  \"api_product_list_json\": [\n    \"eu dolor ut\",\n    \"elit id\"\n  ],\n  \"organization_name\": \"sunt quis\",\n  \"token_type\": \"enim id\",\n  \"issued_at\": \"velit dolore fugiat\",\n  \"client_id\": \"et enim\",\n  \"access_token\": \"tempor nisi\",\n  \"application_name\": \"minim incididunt\",\n  \"scope\": \"amet non occaecat et\",\n  \"expires_in\": \"commodo in\",\n  \"refresh_count\": \"do laborum minim\",\n  \"status\": \"culpa irure\"\n}","cookie":[],"_postman_previewlanguage":"json"},{"id":"325b5aef-5af9-4d8e-a031-aa91c9591e2c","name":"Bad Request","originalRequest":{"url":{"path":["token"],"host":["{{baseUrl}}"],"query":[{"key":"scope","value":"<string>"}],"variable":[]},"header":[{"description":{"content":"Added as a part of security scheme: basic","type":"text/plain"},"key":"Authorization","value":"Basic <credentials>"},{"disabled":false,"description":"(Required) Enter the client id","key":"x-fapi-financial-id","value":"<string>"},{"disabled":false,"description":"Enter the transaction/correlation id","key":"x-fapi-interaction-id","value":"<string>"},{"disabled":false,"description":"REQUIRED for Mobile app clients ONLY. To be generated by client code using a code_verifier and code_challenge_method.","key":"code_challenge","value":"<string>"},{"disabled":false,"description":"REQUIRED for Mobile app clients ONLY. To be provided by client code.","key":"code_challenge_method","value":"<string>"},{"key":"Accept","value":"application/json"}],"method":"POST","body":{"mode":"urlencoded","urlencoded":[{"disabled":false,"description":{"content":"(Required) ","type":"text/plain"},"key":"grant_type","value":"<string>"}]}},"status":"Bad Request","code":400,"header":[{"disabled":false,"description":"Represents a transaction ID created with each request.","key":"x-fapi-interaction-id","value":"ipsum et occaecat deserunt"},{"key":"Content-Type","value":"application/json"}],"body":"{\n  \"errors\": [\n    {\n      \"code\": \"aliqua\",\n      \"description\": \"ullamco consequat mollit\"\n    },\n    {\n      \"code\": \"sit Lore\",\n      \"description\": \"officia\"\n    }\n  ]\n}","cookie":[],"_postman_previewlanguage":"json"},{"id":"918b614e-f619-4fed-a0b2-acb547a81fee","name":"Unauthorized","originalRequest":{"url":{"path":["token"],"host":["{{baseUrl}}"],"query":[{"key":"scope","value":"<string>"}],"variable":[]},"header":[{"description":{"content":"Added as a part of security scheme: basic","type":"text/plain"},"key":"Authorization","value":"Basic <credentials>"},{"disabled":false,"description":"(Required) Enter the client id","key":"x-fapi-financial-id","value":"<string>"},{"disabled":false,"description":"Enter the transaction/correlation id","key":"x-fapi-interaction-id","value":"<string>"},{"disabled":false,"description":"REQUIRED for Mobile app clients ONLY. To be generated by client code using a code_verifier and code_challenge_method.","key":"code_challenge","value":"<string>"},{"disabled":false,"description":"REQUIRED for Mobile app clients ONLY. To be provided by client code.","key":"code_challenge_method","value":"<string>"},{"key":"Accept","value":"application/json"}],"method":"POST","body":{"mode":"urlencoded","urlencoded":[{"disabled":false,"description":{"content":"(Required) ","type":"text/plain"},"key":"grant_type","value":"<string>"}]}},"status":"Unauthorized","code":401,"header":[{"key":"Content-Type","value":"application/json"}],"body":"{\n  \"errors\": [\n    {\n      \"code\": \"incididunt\",\n      \"description\": \"dolor esse\"\n    },\n    {\n      \"code\": \"officia tempor magna est\",\n      \"description\": \"Ut Duis\"\n    }\n  ]\n}","cookie":[],"_postman_previewlanguage":"json"},{"id":"11e4b9fa-a560-46f5-a5ea-16e704d7be14","name":"Unsupported Media Type","originalRequest":{"url":{"path":["token"],"host":["{{baseUrl}}"],"query":[{"key":"scope","value":"<string>"}],"variable":[]},"header":[{"description":{"content":"Added as a part of security scheme: basic","type":"text/plain"},"key":"Authorization","value":"Basic <credentials>"},{"disabled":false,"description":"(Required) Enter the client id","key":"x-fapi-financial-id","value":"<string>"},{"disabled":false,"description":"Enter the transaction/correlation id","key":"x-fapi-interaction-id","value":"<string>"},{"disabled":false,"description":"REQUIRED for Mobile app clients ONLY. To be generated by client code using a code_verifier and code_challenge_method.","key":"code_challenge","value":"<string>"},{"disabled":false,"description":"REQUIRED for Mobile app clients ONLY. To be provided by client code.","key":"code_challenge_method","value":"<string>"},{"key":"Accept","value":"application/json"}],"method":"POST","body":{"mode":"urlencoded","urlencoded":[{"disabled":false,"description":{"content":"(Required) ","type":"text/plain"},"key":"grant_type","value":"<string>"}]}},"status":"Unsupported Media Type","code":415,"header":[{"disabled":false,"description":"Represents a transaction ID created with each request.","key":"x-fapi-interaction-id","value":"ipsum et occaecat deserunt"},{"key":"Content-Type","value":"application/json"}],"body":"{\n  \"errors\": [\n    {\n      \"code\": \"incididunt\",\n      \"description\": \"dolor esse\"\n    },\n    {\n      \"code\": \"officia tempor magna est\",\n      \"description\": \"Ut Duis\"\n    }\n  ]\n}","cookie":[],"_postman_previewlanguage":"json"},{"id":"c122ab85-cf1c-4d0a-96a6-2630d34f272b","name":"Too Many Requests","originalRequest":{"url":{"path":["token"],"host":["{{baseUrl}}"],"query":[{"key":"scope","value":"<string>"}],"variable":[]},"header":[{"description":{"content":"Added as a part of security scheme: basic","type":"text/plain"},"key":"Authorization","value":"Basic <credentials>"},{"disabled":false,"description":"(Required) Enter the client id","key":"x-fapi-financial-id","value":"<string>"},{"disabled":false,"description":"Enter the transaction/correlation id","key":"x-fapi-interaction-id","value":"<string>"},{"disabled":false,"description":"REQUIRED for Mobile app clients ONLY. To be generated by client code using a code_verifier and code_challenge_method.","key":"code_challenge","value":"<string>"},{"disabled":false,"description":"REQUIRED for Mobile app clients ONLY. To be provided by client code.","key":"code_challenge_method","value":"<string>"},{"key":"Accept","value":"application/json"}],"method":"POST","body":{"mode":"urlencoded","urlencoded":[{"disabled":false,"description":{"content":"(Required) ","type":"text/plain"},"key":"grant_type","value":"<string>"}]}},"status":"Too Many Requests","code":429,"header":[{"disabled":false,"description":"Represents a transaction ID created with each request.","key":"x-fapi-interaction-id","value":"ipsum et occaecat deserunt"},{"key":"Content-Type","value":"application/json"}],"body":"{\n  \"errors\": [\n    {\n      \"code\": \"incididunt\",\n      \"description\": \"dolor esse\"\n    },\n    {\n      \"code\": \"officia tempor magna est\",\n      \"description\": \"Ut Duis\"\n    }\n  ]\n}","cookie":[],"_postman_previewlanguage":"json"},{"id":"95ad6ab9-5611-40c1-b660-0e0e426053a3","name":"Internal Server Error","originalRequest":{"url":{"path":["token"],"host":["{{baseUrl}}"],"query":[{"key":"scope","value":"<string>"}],"variable":[]},"header":[{"description":{"content":"Added as a part of security scheme: basic","type":"text/plain"},"key":"Authorization","value":"Basic <credentials>"},{"disabled":false,"description":"(Required) Enter the client id","key":"x-fapi-financial-id","value":"<string>"},{"disabled":false,"description":"Enter the transaction/correlation id","key":"x-fapi-interaction-id","value":"<string>"},{"disabled":false,"description":"REQUIRED for Mobile app clients ONLY. To be generated by client code using a code_verifier and code_challenge_method.","key":"code_challenge","value":"<string>"},{"disabled":false,"description":"REQUIRED for Mobile app clients ONLY. To be provided by client code.","key":"code_challenge_method","value":"<string>"},{"key":"Accept","value":"application/json"}],"method":"POST","body":{"mode":"urlencoded","urlencoded":[{"disabled":false,"description":{"content":"(Required) ","type":"text/plain"},"key":"grant_type","value":"<string>"}]}},"status":"Internal Server Error","code":500,"header":[{"disabled":false,"description":"Represents a transaction ID created with each request.","key":"x-fapi-interaction-id","value":"ipsum et occaecat deserunt"},{"key":"Content-Type","value":"application/json"}],"body":"{\n  \"errors\": [\n    {\n      \"code\": \"incididunt\",\n      \"description\": \"dolor esse\"\n    },\n    {\n      \"code\": \"officia tempor magna est\",\n      \"description\": \"Ut Duis\"\n    }\n  ]\n}","cookie":[],"_postman_previewlanguage":"json"},{"id":"be89c4c3-d6f4-443c-b60d-b64bfaf2c12f","name":"Unexpected Error","originalRequest":{"url":{"path":["token"],"host":["{{baseUrl}}"],"query":[{"key":"scope","value":"<string>"}],"variable":[]},"header":[{"description":{"content":"Added as a part of security scheme: basic","type":"text/plain"},"key":"Authorization","value":"Basic <credentials>"},{"disabled":false,"description":"(Required) Enter the client id","key":"x-fapi-financial-id","value":"<string>"},{"disabled":false,"description":"Enter the transaction/correlation id","key":"x-fapi-interaction-id","value":"<string>"},{"disabled":false,"description":"REQUIRED for Mobile app clients ONLY. To be generated by client code using a code_verifier and code_challenge_method.","key":"code_challenge","value":"<string>"},{"disabled":false,"description":"REQUIRED for Mobile app clients ONLY. To be provided by client code.","key":"code_challenge_method","value":"<string>"},{"key":"Accept","value":"application/json"}],"method":"POST","body":{"mode":"urlencoded","urlencoded":[{"disabled":false,"description":{"content":"(Required) ","type":"text/plain"},"key":"grant_type","value":"<string>"}]}},"status":"Internal Server Error","code":500,"header":[{"key":"Content-Type","value":"application/json"}],"body":"{\n  \"errors\": [\n    {\n      \"code\": \"incididunt\",\n      \"description\": \"dolor esse\"\n    },\n    {\n      \"code\": \"officia tempor magna est\",\n      \"description\": \"Ut Duis\"\n    }\n  ]\n}","cookie":[],"_postman_previewlanguage":"json"}],"event":[],"protocolProfileBehavior":{"disableBodyPruning":true}}],"event":[],"variable":[{"type":"string","value":"https://card.api.fiservapps.com/cs/oauth2","key":"baseUrl"}],"auth":{"type":"basic","basic":[{"key":"username","value":"{{basicAuthUsername}}"},{"key":"password","value":"{{basicAuthPassword}}"}]},"info":{"_postman_id":"2aa5151d-6168-4d1e-ba43-cde0b6ef2a4b","name":"Token API","schema":"https://schema.getpostman.com/json/collection/v2.1.0/collection.json","description":{"content":"API to generate an Access Token","type":"text/plain"}}}