{"item":[{"id":"4dcb0dac-f5ed-4c47-b461-e5f71dc963e9","name":"Merchant Information & Cases","request":{"name":"Merchant Information & Cases","description":{"content":"Search EC's Account Debits","type":"text/plain"},"url":{"path":["bwa","ajuste-debitos","v1","obter"],"host":["{{baseUrl}}"],"query":[{"disabled":false,"key":"dataInicio","value":"<String>","description":"(Required) Search start date. yyyyMMdd format"},{"disabled":false,"key":"dataFim","value":"<string>","description":"(Required) Search end date. yyyyMMdd format"},{"disabled":false,"key":"linguagem","value":"<string>","description":"(Required) Search language"},{"disabled":false,"key":"tipoAjuste","value":"<string>","description":"(Required) Type of Adjustment requested"},{"disabled":false,"key":"tipoConta","value":"<string>","description":"(Required) Type of account. Possible Values: 999 (All) | 009(Acq Disputed  Trans) | 050(VISA Credit) | 051(MC Credit) | 052(MC Debit) | 053(VISA Debit) | 054(Fees/Adj.) | 055(CABAL Credit) | 056(CABAL Debit) | 059(Hipercard Credit) | 060(ELO Credit) | 061(ELO Debit) | 063(Amex Credit)"}],"variable":[]},"header":[{"disabled":false,"description":"(Required) HMAC","key":"Message-Signature","value":"<string>"},{"disabled":false,"description":"(Required) APigee Key","key":"Api-Key","value":"<string>"},{"disabled":false,"description":"(Required) Oauth Key","key":"auth","value":"<string>"},{"disabled":false,"description":"(Required) Date - Epoch format","key":"Timestamp","value":"<string>"},{"disabled":false,"description":"(Required) Randomly generated by client","key":"Client-Request-Id","value":"<string>"},{"disabled":false,"description":"(Required) Merchant Institution Number","key":"instituicao","value":"<string>"},{"disabled":false,"description":"(Required) Merchant Code","key":"estabelecimento","value":"<string>"},{"key":"Accept","value":"application/json"}],"method":"GET","auth":{"type":"apikey","apikey":[{"key":"key","value":"Authorization"},{"key":"value","value":"{{apiKey}}"},{"key":"in","value":"header"}]}},"response":[{"id":"99406a8c-366a-457f-90f9-3940b44dbce4","name":"Successfully Done","originalRequest":{"url":{"path":["bwa","ajuste-debitos","v1","obter"],"host":["{{baseUrl}}"],"query":[{"key":"dataInicio","value":"20210131"},{"key":"dataFim","value":"20210228"},{"key":"linguagem","value":"<string>"},{"key":"tipoAjuste","value":"<string>"},{"key":"tipoConta","value":"<string>"}],"variable":[]},"header":[{"description":{"content":"Added as a part of security scheme: apikey","type":"text/plain"},"key":"Authorization","value":"<API Key>"},{"disabled":false,"description":"(Required) HMAC","key":"Message-Signature","value":"1tsmkG9Ip3k2rcO5cETButfP3D/RS6U8troFF+mUrno="},{"disabled":false,"description":"(Required) APigee Key","key":"Api-Key","value":"X0GW3QGOYFn4r7DHcVC8KuatUnNs6MGB"},{"disabled":false,"description":"(Required) Oauth Key","key":"auth","value":""},{"disabled":false,"description":"(Required) Date - Epoch format","key":"Timestamp","value":"1563309156733"},{"disabled":false,"description":"(Required) Randomly generated by client","key":"Client-Request-Id","value":"6NYHj9Pgyxc84rmafpwG4fjhLwFfJYFVmxJOcgziD0QN3q6mGC"},{"disabled":false,"description":"(Required) Merchant Institution Number","key":"instituicao","value":"00000003"},{"disabled":false,"description":"(Required) Merchant Code","key":"estabelecimento","value":"33333332"},{"key":"Accept","value":"application/json"}],"method":"GET","body":{}},"status":"OK","code":200,"header":[{"key":"Content-Type","value":"application/json"}],"body":"{\n  \"codigoRetorno\": 0,\n  \"mensagem\": \"Sucesso.\",\n  \"conteudo\": [\n    {\n      \"dataAjuste\": \"20210228\",\n      \"statusAjuste\": \"Scheduled\",\n      \"tipoAjuste\": \"FEES\",\n      \"descricaoAjuste\": \"Abatimento de POS nível 3\",\n      \"idEstabelecimentoAjustado\": \"33333332\",\n      \"idEstabelecimentoOrigem\": \"33333332\",\n      \"numeroReferenciaTransacao\": \"1234567890\",\n      \"produto\": \"Taxas/Ajustes\",\n      \"numeroParcelas\": \"2\",\n      \"numeroCartao\": \"4055998874582569\",\n      \"dataTransacao\": \"20210228\",\n      \"tipoOperacao\": \"C\",\n      \"valorTransacao\": \"40.21\",\n      \"valorAjuste\": \"5.14\",\n      \"numeroAutorizacao\": \"1234567890\",\n      \"numeroComprovanteVenda\": \"1234567890\",\n      \"dataEfetivaAjuste\": \"20210228\"\n    },\n    {\n      \"dataAjuste\": \"20210228\",\n      \"statusAjuste\": \"Scheduled\",\n      \"tipoAjuste\": \"FEES\",\n      \"descricaoAjuste\": \"Abatimento de POS nível 3\",\n      \"idEstabelecimentoAjustado\": \"33333332\",\n      \"idEstabelecimentoOrigem\": \"33333332\",\n      \"numeroReferenciaTransacao\": \"1234567890\",\n      \"produto\": \"Taxas/Ajustes\",\n      \"numeroParcelas\": \"2\",\n      \"numeroCartao\": \"4055998874582569\",\n      \"dataTransacao\": \"20210228\",\n      \"tipoOperacao\": \"C\",\n      \"valorTransacao\": \"40.21\",\n      \"valorAjuste\": \"5.14\",\n      \"numeroAutorizacao\": \"1234567890\",\n      \"numeroComprovanteVenda\": \"1234567890\",\n      \"dataEfetivaAjuste\": \"20210228\"\n    }\n  ]\n}","cookie":[],"_postman_previewlanguage":"json"},{"id":"99c83b0c-6adc-480a-bbb4-fe028bb81e74","name":"Partial Content","originalRequest":{"url":{"path":["bwa","ajuste-debitos","v1","obter"],"host":["{{baseUrl}}"],"query":[{"key":"dataInicio","value":"20210131"},{"key":"dataFim","value":"20210228"},{"key":"linguagem","value":"<string>"},{"key":"tipoAjuste","value":"<string>"},{"key":"tipoConta","value":"<string>"}],"variable":[]},"header":[{"description":{"content":"Added as a part of security scheme: apikey","type":"text/plain"},"key":"Authorization","value":"<API Key>"},{"disabled":false,"description":"(Required) HMAC","key":"Message-Signature","value":"1tsmkG9Ip3k2rcO5cETButfP3D/RS6U8troFF+mUrno="},{"disabled":false,"description":"(Required) APigee Key","key":"Api-Key","value":"X0GW3QGOYFn4r7DHcVC8KuatUnNs6MGB"},{"disabled":false,"description":"(Required) Oauth Key","key":"auth","value":""},{"disabled":false,"description":"(Required) Date - Epoch format","key":"Timestamp","value":"1563309156733"},{"disabled":false,"description":"(Required) Randomly generated by client","key":"Client-Request-Id","value":"6NYHj9Pgyxc84rmafpwG4fjhLwFfJYFVmxJOcgziD0QN3q6mGC"},{"disabled":false,"description":"(Required) Merchant Institution Number","key":"instituicao","value":"00000003"},{"disabled":false,"description":"(Required) Merchant Code","key":"estabelecimento","value":"33333332"},{"key":"Accept","value":"application/json"}],"method":"GET","body":{}},"status":"Partial Content","code":206,"header":[{"key":"Content-Type","value":"application/json"}],"body":"{\n  \"codigoRetorno\": 9,\n  \"mensagem\": \"10 - (Erro validaçao) (meaning VAlidation Error)\"\n}","cookie":[],"_postman_previewlanguage":"json"},{"id":"ae1e9364-d579-4bd6-ac10-378cc7f63c35","name":"Unauthorized","originalRequest":{"url":{"path":["bwa","ajuste-debitos","v1","obter"],"host":["{{baseUrl}}"],"query":[{"key":"dataInicio","value":"20210131"},{"key":"dataFim","value":"20210228"},{"key":"linguagem","value":"<string>"},{"key":"tipoAjuste","value":"<string>"},{"key":"tipoConta","value":"<string>"}],"variable":[]},"header":[{"description":{"content":"Added as a part of security scheme: apikey","type":"text/plain"},"key":"Authorization","value":"<API Key>"},{"disabled":false,"description":"(Required) HMAC","key":"Message-Signature","value":"1tsmkG9Ip3k2rcO5cETButfP3D/RS6U8troFF+mUrno="},{"disabled":false,"description":"(Required) APigee Key","key":"Api-Key","value":"X0GW3QGOYFn4r7DHcVC8KuatUnNs6MGB"},{"disabled":false,"description":"(Required) Oauth Key","key":"auth","value":""},{"disabled":false,"description":"(Required) Date - Epoch format","key":"Timestamp","value":"1563309156733"},{"disabled":false,"description":"(Required) Randomly generated by client","key":"Client-Request-Id","value":"6NYHj9Pgyxc84rmafpwG4fjhLwFfJYFVmxJOcgziD0QN3q6mGC"},{"disabled":false,"description":"(Required) Merchant Institution Number","key":"instituicao","value":"00000003"},{"disabled":false,"description":"(Required) Merchant Code","key":"estabelecimento","value":"33333332"},{"key":"Accept","value":"application/json"}],"method":"GET","body":{}},"status":"Unauthorized","code":401,"header":[{"key":"Content-Type","value":"application/json"}],"body":"{\n  \"codigoRetorno\": 4,\n  \"mensagem\": \"Acesso nao autorizado ao conteudo pesquisado - Meaning Not Authorized Access\"\n}","cookie":[],"_postman_previewlanguage":"json"},{"id":"513c710d-c02e-457b-9047-39388ae514f4","name":"Forbidden","originalRequest":{"url":{"path":["bwa","ajuste-debitos","v1","obter"],"host":["{{baseUrl}}"],"query":[{"key":"dataInicio","value":"20210131"},{"key":"dataFim","value":"20210228"},{"key":"linguagem","value":"<string>"},{"key":"tipoAjuste","value":"<string>"},{"key":"tipoConta","value":"<string>"}],"variable":[]},"header":[{"description":{"content":"Added as a part of security scheme: apikey","type":"text/plain"},"key":"Authorization","value":"<API Key>"},{"disabled":false,"description":"(Required) HMAC","key":"Message-Signature","value":"1tsmkG9Ip3k2rcO5cETButfP3D/RS6U8troFF+mUrno="},{"disabled":false,"description":"(Required) APigee Key","key":"Api-Key","value":"X0GW3QGOYFn4r7DHcVC8KuatUnNs6MGB"},{"disabled":false,"description":"(Required) Oauth Key","key":"auth","value":""},{"disabled":false,"description":"(Required) Date - Epoch format","key":"Timestamp","value":"1563309156733"},{"disabled":false,"description":"(Required) Randomly generated by client","key":"Client-Request-Id","value":"6NYHj9Pgyxc84rmafpwG4fjhLwFfJYFVmxJOcgziD0QN3q6mGC"},{"disabled":false,"description":"(Required) Merchant Institution Number","key":"instituicao","value":"00000003"},{"disabled":false,"description":"(Required) Merchant Code","key":"estabelecimento","value":"33333332"},{"key":"Accept","value":"application/json"}],"method":"GET","body":{}},"status":"Forbidden","code":403,"header":[{"key":"Content-Type","value":"application/json"}],"body":"{\n  \"codigoRetorno\": 3,\n  \"mensagem\": \"3 - Acesso negado - (Meaning Denied Access)\"\n}","cookie":[],"_postman_previewlanguage":"json"},{"id":"2c5ff0bb-84fd-4d31-ac9f-e4884e6dfbdf","name":"Not Found","originalRequest":{"url":{"path":["bwa","ajuste-debitos","v1","obter"],"host":["{{baseUrl}}"],"query":[{"key":"dataInicio","value":"20210131"},{"key":"dataFim","value":"20210228"},{"key":"linguagem","value":"<string>"},{"key":"tipoAjuste","value":"<string>"},{"key":"tipoConta","value":"<string>"}],"variable":[]},"header":[{"description":{"content":"Added as a part of security scheme: apikey","type":"text/plain"},"key":"Authorization","value":"<API Key>"},{"disabled":false,"description":"(Required) HMAC","key":"Message-Signature","value":"1tsmkG9Ip3k2rcO5cETButfP3D/RS6U8troFF+mUrno="},{"disabled":false,"description":"(Required) APigee Key","key":"Api-Key","value":"X0GW3QGOYFn4r7DHcVC8KuatUnNs6MGB"},{"disabled":false,"description":"(Required) Oauth Key","key":"auth","value":""},{"disabled":false,"description":"(Required) Date - Epoch format","key":"Timestamp","value":"1563309156733"},{"disabled":false,"description":"(Required) Randomly generated by client","key":"Client-Request-Id","value":"6NYHj9Pgyxc84rmafpwG4fjhLwFfJYFVmxJOcgziD0QN3q6mGC"},{"disabled":false,"description":"(Required) Merchant Institution Number","key":"instituicao","value":"00000003"},{"disabled":false,"description":"(Required) Merchant Code","key":"estabelecimento","value":"33333332"},{"key":"Accept","value":"application/json"}],"method":"GET","body":{}},"status":"Not Found","code":404,"header":[{"key":"Content-Type","value":"application/json"}],"body":"{\n  \"codigoRetorno\": 5,\n  \"mensagem\": \"5 - Item nao encontrado (Meaning item not found)\"\n}","cookie":[],"_postman_previewlanguage":"json"},{"id":"7d855405-ddc7-4710-9f64-80749ffd253a","name":"Conflict","originalRequest":{"url":{"path":["bwa","ajuste-debitos","v1","obter"],"host":["{{baseUrl}}"],"query":[{"key":"dataInicio","value":"20210131"},{"key":"dataFim","value":"20210228"},{"key":"linguagem","value":"<string>"},{"key":"tipoAjuste","value":"<string>"},{"key":"tipoConta","value":"<string>"}],"variable":[]},"header":[{"description":{"content":"Added as a part of security scheme: apikey","type":"text/plain"},"key":"Authorization","value":"<API Key>"},{"disabled":false,"description":"(Required) HMAC","key":"Message-Signature","value":"1tsmkG9Ip3k2rcO5cETButfP3D/RS6U8troFF+mUrno="},{"disabled":false,"description":"(Required) APigee Key","key":"Api-Key","value":"X0GW3QGOYFn4r7DHcVC8KuatUnNs6MGB"},{"disabled":false,"description":"(Required) Oauth Key","key":"auth","value":""},{"disabled":false,"description":"(Required) Date - Epoch format","key":"Timestamp","value":"1563309156733"},{"disabled":false,"description":"(Required) Randomly generated by client","key":"Client-Request-Id","value":"6NYHj9Pgyxc84rmafpwG4fjhLwFfJYFVmxJOcgziD0QN3q6mGC"},{"disabled":false,"description":"(Required) Merchant Institution Number","key":"instituicao","value":"00000003"},{"disabled":false,"description":"(Required) Merchant Code","key":"estabelecimento","value":"33333332"},{"key":"Accept","value":"application/json"}],"method":"GET","body":{}},"status":"Conflict","code":409,"header":[{"key":"Content-Type","value":"application/json"}],"body":"{\n  \"codigoRetorno\": 8,\n  \"mensagem\": \"8 - Item duplicado (Meaning Duplicated Item)\"\n}","cookie":[],"_postman_previewlanguage":"json"},{"id":"72529ad4-e1e1-4e78-b905-880dcd89bb59","name":"Internal Server Error","originalRequest":{"url":{"path":["bwa","ajuste-debitos","v1","obter"],"host":["{{baseUrl}}"],"query":[{"key":"dataInicio","value":"20210131"},{"key":"dataFim","value":"20210228"},{"key":"linguagem","value":"<string>"},{"key":"tipoAjuste","value":"<string>"},{"key":"tipoConta","value":"<string>"}],"variable":[]},"header":[{"description":{"content":"Added as a part of security scheme: apikey","type":"text/plain"},"key":"Authorization","value":"<API Key>"},{"disabled":false,"description":"(Required) HMAC","key":"Message-Signature","value":"1tsmkG9Ip3k2rcO5cETButfP3D/RS6U8troFF+mUrno="},{"disabled":false,"description":"(Required) APigee Key","key":"Api-Key","value":"X0GW3QGOYFn4r7DHcVC8KuatUnNs6MGB"},{"disabled":false,"description":"(Required) Oauth Key","key":"auth","value":""},{"disabled":false,"description":"(Required) Date - Epoch format","key":"Timestamp","value":"1563309156733"},{"disabled":false,"description":"(Required) Randomly generated by client","key":"Client-Request-Id","value":"6NYHj9Pgyxc84rmafpwG4fjhLwFfJYFVmxJOcgziD0QN3q6mGC"},{"disabled":false,"description":"(Required) Merchant Institution Number","key":"instituicao","value":"00000003"},{"disabled":false,"description":"(Required) Merchant Code","key":"estabelecimento","value":"33333332"},{"key":"Accept","value":"application/json"}],"method":"GET","body":{}},"status":"Internal Server Error","code":500,"header":[{"key":"Content-Type","value":"application/json"}],"body":"{\n  \"codigoRetorno\": 2,\n  \"mensagem\": \"2 - Erro Interno (Meaning Internal Error)\"\n}","cookie":[],"_postman_previewlanguage":"json"}],"event":[],"protocolProfileBehavior":{"disableBodyPruning":true}}],"event":[],"variable":[{"type":"string","value":"https://cat.api.firstdata.com","key":"baseUrl"}],"info":{"_postman_id":"5d3b53fa-e98c-4756-a59b-1c119aa8d60e","name":"Search for EC's Account Debits","schema":"https://schema.getpostman.com/json/collection/v2.1.0/collection.json","description":{"content":"Search all about account debits. Example: FEES, REFUNDS, REVERSALS, CHARGEBACKS, ADJUSTMENTS, MISC_ADJUSTMENTS\n\nContact Support:\n Name: Fiserv","type":"text/plain"}}}