{"item":[{"id":"e6263bff-e7d9-4f02-8523-61e3e29c0b95","name":"Search for Chargeback Information","request":{"name":"Search for Chargeback Information","description":{"content":"Merchant Chargeback - Consult","type":"text/plain"},"url":{"path":["bwa","chargeback-ec","api","chargeback","ec","apigee","filter"],"host":["{{baseUrl}}"],"query":[{"disabled":false,"key":"authCode","value":"<string>","description":"Authorization code returned by the cardbrand at time of authorization of the original transaction"},{"disabled":false,"key":"cardBrandId","value":"<integer>","description":"Card Brand to be Searched - 1 - Visa | 2 - Mastercard | 3 - Elo Full | 4 - Hipercard | 5 - Amex Full"},{"disabled":false,"key":"chargebackStatus","value":"<string>","description":"Chargeback Status to be Searched"},{"disabled":false,"key":"key","value":"<string>","description":"Encrypted chargeback key"},{"disabled":false,"key":"lastModifiedStartDate","value":"<date>","description":"Last Modified Start Date Information"},{"disabled":false,"key":"lastModifiedEndDate","value":"<date>","description":"Last Modified End Date Information. Format YYYY-MM-DD"},{"disabled":false,"key":"processingStartDate","value":"<date>","description":"Last Modified Start Date Information. Format YYYY-MM-DD"},{"disabled":false,"key":"processingEndDate","value":"<date>","description":"Last Modified End Date Information. Format YYYY-MM-DD"},{"disabled":false,"key":"orderNumber","value":"<string>","description":"Order Number"},{"disabled":false,"key":"screeningStatus","value":"<string>","description":"Screening Status Information"},{"disabled":false,"key":"transactionType","value":"<string>","description":"Type of Tranaction to be searched"},{"disabled":false,"key":"page","value":"<integer>","description":"Search page number (Default 0)"},{"disabled":false,"key":"size","value":"<integer>","description":"Number of records to search on the page (Default 20)"},{"disabled":false,"key":"sort","value":"<string>","description":"Ordering field can be any return field. It is possible to determine as ASC (ascending), DESC (descending) or none"}],"variable":[]},"header":[{"disabled":false,"description":"(Required) HMAC","key":"Message-Signature","value":"<string>"},{"disabled":false,"description":"(Required) APigee Key","key":"Api-Key","value":"<string>"},{"disabled":false,"description":"(Required) Oauth Key","key":"auth","value":"<string>"},{"disabled":false,"description":"(Required) Date - Epoch format","key":"Timestamp","value":"<string>"},{"disabled":false,"description":"(Required) Randomly generated by client","key":"Client-Request-Id","value":"<string>"},{"disabled":false,"description":"(Required) Merchant Institution Number. Please check with your Fiserv representative","key":"institution","value":"<string>"},{"disabled":false,"description":"(Required) Merchant Code","key":"ecCode","value":"<string>"},{"disabled":false,"description":"Select the language - pt-BR (Português - Brazil) | es-MX (Spanish - México) | en-US (English - US)","key":"Accept-Language","value":"pt-BR"},{"key":"Accept","value":"application/json"}],"method":"POST","auth":null},"response":[{"id":"2d0d8545-edde-4940-b400-da1f81d16fa3","name":"OK","originalRequest":{"url":{"path":["bwa","chargeback-ec","api","chargeback","ec","apigee","filter"],"host":["{{baseUrl}}"],"query":[{"key":"authCode","value":"<string>"},{"key":"cardBrandId","value":"<integer>"},{"key":"chargebackStatus","value":"<string>"},{"key":"key","value":"<string>"},{"key":"lastModifiedStartDate","value":"2020-07-06"},{"key":"lastModifiedEndDate","value":"<date>"},{"key":"processingStartDate","value":"<date>"},{"key":"processingEndDate","value":"<date>"},{"key":"orderNumber","value":"<string>"},{"key":"screeningStatus","value":"<string>"},{"key":"transactionType","value":"<string>"},{"key":"page","value":"0"},{"key":"size","value":"20"},{"key":"sort","value":"transactionDate | transactionDate,asc | transactionDate,desc"}],"variable":[]},"header":[{"disabled":false,"description":"(Required) HMAC","key":"Message-Signature","value":"1tsmkG9Ip3k2rcO5cETButfP3D/RS6U8troFF+mUrno="},{"disabled":false,"description":"(Required) APigee Key","key":"Api-Key","value":"X0GW3QGOYFn4r7DHcVC8KuatUnNs6MGB"},{"disabled":false,"description":"(Required) Oauth Key","key":"auth","value":""},{"disabled":false,"description":"(Required) Date - Epoch format","key":"Timestamp","value":"1563309156733"},{"disabled":false,"description":"(Required) Randomly generated by client","key":"Client-Request-Id","value":"6NYHj9Pgyxc84rmafpwG4fjhLwFfJYFVmxJOcgziD0QN3q6mGC"},{"disabled":false,"description":"(Required) Merchant Institution Number. Please check with your Fiserv representative","key":"institution","value":"00000003"},{"disabled":false,"description":"(Required) Merchant Code","key":"ecCode","value":"12341964"},{"disabled":false,"description":"Select the language - pt-BR (Português - Brazil) | es-MX (Spanish - México) | en-US (English - US)","key":"Accept-Language","value":"pt-BR"},{"key":"Accept","value":"application/json"}],"method":"POST","body":{}},"status":"OK","code":200,"header":[{"key":"Content-Type","value":"application/json"}],"body":"{\n  \"currentPage\": 0,\n  \"data\": [\n    {\n      \"arn\": \"85182199329946084425304\",\n      \"authCode\": \"667902\",\n      \"captureMode\": \"054-eCommerce, Canal Criptografado\",\n      \"cardBrand\": \"Visa\",\n      \"cardNumber\": \"515590******1242\",\n      \"chargebackSlip\": \"1109039753\",\n      \"currencyCode\": \"BRL\",\n      \"customerName\": \"TEST MERCHANT\",\n      \"ecCode\": 1234595,\n      \"emailSentDate\": \"1964-05-21\",\n      \"id\": 2731,\n      \"installmentList\": [\n        {\n          \"action\": \"\",\n          \"id\": 4211,\n          \"installmentNumber\": 3\n        },\n        {\n          \"action\": \"\",\n          \"id\": 4211,\n          \"installmentNumber\": 3\n        }\n      ],\n      \"institution\": \"Bancoob\",\n      \"key\": \"98703001515590******1242667902\",\n      \"messageText\": \"\",\n      \"rcCardBrand\": \"4804-Multiple Processing, Duplicate\",\n      \"receivedAging\": 93,\n      \"screeningStatus\": \"DEBIT\",\n      \"serviceContract\": \"101-Merchant Retail BIN\",\n      \"terminalId\": \"EII0184B\",\n      \"totalTransactionValue\": 407.07,\n      \"transactionDate\": \"25/11/2019\",\n      \"transactionType\": \"Credit Card\",\n      \"transactionTypeDescription\": \"Merchant Install-07 parcels\"\n    },\n    {\n      \"arn\": \"85182199329946084425304\",\n      \"authCode\": \"667902\",\n      \"captureMode\": \"054-eCommerce, Canal Criptografado\",\n      \"cardBrand\": \"Visa\",\n      \"cardNumber\": \"515590******1242\",\n      \"chargebackSlip\": \"1109039753\",\n      \"currencyCode\": \"BRL\",\n      \"customerName\": \"TEST MERCHANT\",\n      \"ecCode\": 1234595,\n      \"emailSentDate\": \"2008-09-01\",\n      \"id\": 2731,\n      \"installmentList\": [\n        {\n          \"action\": \"\",\n          \"id\": 4211,\n          \"installmentNumber\": 3\n        },\n        {\n          \"action\": \"\",\n          \"id\": 4211,\n          \"installmentNumber\": 3\n        }\n      ],\n      \"institution\": \"Bancoob\",\n      \"key\": \"98703001515590******1242667902\",\n      \"messageText\": \"\",\n      \"rcCardBrand\": \"4804-Multiple Processing, Duplicate\",\n      \"receivedAging\": 93,\n      \"screeningStatus\": \"ACQUIRER LOSS\",\n      \"serviceContract\": \"101-Merchant Retail BIN\",\n      \"terminalId\": \"EII0184B\",\n      \"totalTransactionValue\": 407.07,\n      \"transactionDate\": \"25/11/2019\",\n      \"transactionType\": \"Credit Card\",\n      \"transactionTypeDescription\": \"Merchant Install-07 parcels\"\n    }\n  ],\n  \"lastPage\": true,\n  \"totalItems\": 1,\n  \"totalPages\": 0\n}","cookie":[],"_postman_previewlanguage":"json"},{"id":"320074aa-487d-4906-a139-7174ab924713","name":"Created","originalRequest":{"url":{"path":["bwa","chargeback-ec","api","chargeback","ec","apigee","filter"],"host":["{{baseUrl}}"],"query":[{"key":"authCode","value":"<string>"},{"key":"cardBrandId","value":"<integer>"},{"key":"chargebackStatus","value":"<string>"},{"key":"key","value":"<string>"},{"key":"lastModifiedStartDate","value":"2020-07-06"},{"key":"lastModifiedEndDate","value":"<date>"},{"key":"processingStartDate","value":"<date>"},{"key":"processingEndDate","value":"<date>"},{"key":"orderNumber","value":"<string>"},{"key":"screeningStatus","value":"<string>"},{"key":"transactionType","value":"<string>"},{"key":"page","value":"0"},{"key":"size","value":"20"},{"key":"sort","value":"transactionDate | transactionDate,asc | transactionDate,desc"}],"variable":[]},"header":[{"disabled":false,"description":"(Required) HMAC","key":"Message-Signature","value":"1tsmkG9Ip3k2rcO5cETButfP3D/RS6U8troFF+mUrno="},{"disabled":false,"description":"(Required) APigee Key","key":"Api-Key","value":"X0GW3QGOYFn4r7DHcVC8KuatUnNs6MGB"},{"disabled":false,"description":"(Required) Oauth Key","key":"auth","value":""},{"disabled":false,"description":"(Required) Date - Epoch format","key":"Timestamp","value":"1563309156733"},{"disabled":false,"description":"(Required) Randomly generated by client","key":"Client-Request-Id","value":"6NYHj9Pgyxc84rmafpwG4fjhLwFfJYFVmxJOcgziD0QN3q6mGC"},{"disabled":false,"description":"(Required) Merchant Institution Number. Please check with your Fiserv representative","key":"institution","value":"00000003"},{"disabled":false,"description":"(Required) Merchant Code","key":"ecCode","value":"12341964"},{"disabled":false,"description":"Select the language - pt-BR (Português - Brazil) | es-MX (Spanish - México) | en-US (English - US)","key":"Accept-Language","value":"pt-BR"}],"method":"POST","body":{}},"status":"Created","code":201,"header":[{"key":"Content-Type","value":"text/plain"}],"body":"","cookie":[],"_postman_previewlanguage":"text"},{"id":"ed22a999-c717-4d8f-8f8c-ddd2a7a0367a","name":"Unauthorized","originalRequest":{"url":{"path":["bwa","chargeback-ec","api","chargeback","ec","apigee","filter"],"host":["{{baseUrl}}"],"query":[{"key":"authCode","value":"<string>"},{"key":"cardBrandId","value":"<integer>"},{"key":"chargebackStatus","value":"<string>"},{"key":"key","value":"<string>"},{"key":"lastModifiedStartDate","value":"2020-07-06"},{"key":"lastModifiedEndDate","value":"<date>"},{"key":"processingStartDate","value":"<date>"},{"key":"processingEndDate","value":"<date>"},{"key":"orderNumber","value":"<string>"},{"key":"screeningStatus","value":"<string>"},{"key":"transactionType","value":"<string>"},{"key":"page","value":"0"},{"key":"size","value":"20"},{"key":"sort","value":"transactionDate | transactionDate,asc | transactionDate,desc"}],"variable":[]},"header":[{"disabled":false,"description":"(Required) HMAC","key":"Message-Signature","value":"1tsmkG9Ip3k2rcO5cETButfP3D/RS6U8troFF+mUrno="},{"disabled":false,"description":"(Required) APigee Key","key":"Api-Key","value":"X0GW3QGOYFn4r7DHcVC8KuatUnNs6MGB"},{"disabled":false,"description":"(Required) Oauth Key","key":"auth","value":""},{"disabled":false,"description":"(Required) Date - Epoch format","key":"Timestamp","value":"1563309156733"},{"disabled":false,"description":"(Required) Randomly generated by client","key":"Client-Request-Id","value":"6NYHj9Pgyxc84rmafpwG4fjhLwFfJYFVmxJOcgziD0QN3q6mGC"},{"disabled":false,"description":"(Required) Merchant Institution Number. Please check with your Fiserv representative","key":"institution","value":"00000003"},{"disabled":false,"description":"(Required) Merchant Code","key":"ecCode","value":"12341964"},{"disabled":false,"description":"Select the language - pt-BR (Português - Brazil) | es-MX (Spanish - México) | en-US (English - US)","key":"Accept-Language","value":"pt-BR"}],"method":"POST","body":{}},"status":"Unauthorized","code":401,"header":[{"key":"Content-Type","value":"text/plain"}],"body":"","cookie":[],"_postman_previewlanguage":"text"},{"id":"0ec11f10-0561-42bf-9a24-faf19bffe276","name":"Forbidden","originalRequest":{"url":{"path":["bwa","chargeback-ec","api","chargeback","ec","apigee","filter"],"host":["{{baseUrl}}"],"query":[{"key":"authCode","value":"<string>"},{"key":"cardBrandId","value":"<integer>"},{"key":"chargebackStatus","value":"<string>"},{"key":"key","value":"<string>"},{"key":"lastModifiedStartDate","value":"2020-07-06"},{"key":"lastModifiedEndDate","value":"<date>"},{"key":"processingStartDate","value":"<date>"},{"key":"processingEndDate","value":"<date>"},{"key":"orderNumber","value":"<string>"},{"key":"screeningStatus","value":"<string>"},{"key":"transactionType","value":"<string>"},{"key":"page","value":"0"},{"key":"size","value":"20"},{"key":"sort","value":"transactionDate | transactionDate,asc | transactionDate,desc"}],"variable":[]},"header":[{"disabled":false,"description":"(Required) HMAC","key":"Message-Signature","value":"1tsmkG9Ip3k2rcO5cETButfP3D/RS6U8troFF+mUrno="},{"disabled":false,"description":"(Required) APigee Key","key":"Api-Key","value":"X0GW3QGOYFn4r7DHcVC8KuatUnNs6MGB"},{"disabled":false,"description":"(Required) Oauth Key","key":"auth","value":""},{"disabled":false,"description":"(Required) Date - Epoch format","key":"Timestamp","value":"1563309156733"},{"disabled":false,"description":"(Required) Randomly generated by client","key":"Client-Request-Id","value":"6NYHj9Pgyxc84rmafpwG4fjhLwFfJYFVmxJOcgziD0QN3q6mGC"},{"disabled":false,"description":"(Required) Merchant Institution Number. Please check with your Fiserv representative","key":"institution","value":"00000003"},{"disabled":false,"description":"(Required) Merchant Code","key":"ecCode","value":"12341964"},{"disabled":false,"description":"Select the language - pt-BR (Português - Brazil) | es-MX (Spanish - México) | en-US (English - US)","key":"Accept-Language","value":"pt-BR"}],"method":"POST","body":{}},"status":"Forbidden","code":403,"header":[{"key":"Content-Type","value":"text/plain"}],"body":"","cookie":[],"_postman_previewlanguage":"text"},{"id":"66b9123e-ae42-4081-9407-619774759f39","name":"Not Found","originalRequest":{"url":{"path":["bwa","chargeback-ec","api","chargeback","ec","apigee","filter"],"host":["{{baseUrl}}"],"query":[{"key":"authCode","value":"<string>"},{"key":"cardBrandId","value":"<integer>"},{"key":"chargebackStatus","value":"<string>"},{"key":"key","value":"<string>"},{"key":"lastModifiedStartDate","value":"2020-07-06"},{"key":"lastModifiedEndDate","value":"<date>"},{"key":"processingStartDate","value":"<date>"},{"key":"processingEndDate","value":"<date>"},{"key":"orderNumber","value":"<string>"},{"key":"screeningStatus","value":"<string>"},{"key":"transactionType","value":"<string>"},{"key":"page","value":"0"},{"key":"size","value":"20"},{"key":"sort","value":"transactionDate | transactionDate,asc | transactionDate,desc"}],"variable":[]},"header":[{"disabled":false,"description":"(Required) HMAC","key":"Message-Signature","value":"1tsmkG9Ip3k2rcO5cETButfP3D/RS6U8troFF+mUrno="},{"disabled":false,"description":"(Required) APigee Key","key":"Api-Key","value":"X0GW3QGOYFn4r7DHcVC8KuatUnNs6MGB"},{"disabled":false,"description":"(Required) Oauth Key","key":"auth","value":""},{"disabled":false,"description":"(Required) Date - Epoch format","key":"Timestamp","value":"1563309156733"},{"disabled":false,"description":"(Required) Randomly generated by client","key":"Client-Request-Id","value":"6NYHj9Pgyxc84rmafpwG4fjhLwFfJYFVmxJOcgziD0QN3q6mGC"},{"disabled":false,"description":"(Required) Merchant Institution Number. Please check with your Fiserv representative","key":"institution","value":"00000003"},{"disabled":false,"description":"(Required) Merchant Code","key":"ecCode","value":"12341964"},{"disabled":false,"description":"Select the language - pt-BR (Português - Brazil) | es-MX (Spanish - México) | en-US (English - US)","key":"Accept-Language","value":"pt-BR"}],"method":"POST","body":{}},"status":"Not Found","code":404,"header":[{"key":"Content-Type","value":"text/plain"}],"body":"","cookie":[],"_postman_previewlanguage":"text"}],"event":[],"protocolProfileBehavior":{"disableBodyPruning":true}}],"event":[],"variable":[{"type":"string","value":"https://cat.api.firstdata.com","key":"baseUrl"}],"info":{"_postman_id":"b4ef8495-4676-446e-8a27-7b604e45119d","name":"Search for Chargeback Information (Chargeback Portal)","schema":"https://schema.getpostman.com/json/collection/v2.1.0/collection.json","description":{"content":"Search for Chargeback Information (Chargeback Portal)\n\nContact Support:\n Name: First Data","type":"text/plain"}}}