{"item":[{"id":"115eb928-386d-458b-90ae-1887a2d2cf10","name":"bwa/validacao-cliente","item":[{"id":"ec303a76-7840-4153-aac9-66798ecda17e","name":"v2","item":[{"id":"5a8a40b2-1311-4bf5-92e6-27d2270594e5","name":"Merchant Information & Cases","request":{"name":"Merchant Information & Cases","description":{"content":"Search Existing Customer by Tax ID (CPF/CNPJ)","type":"text/plain"},"url":{"path":["bwa","validacao-cliente","v2","validacao",":documento"],"host":["{{baseUrl}}"],"query":[],"variable":[{"disabled":false,"type":"any","value":"<string>","key":"documento","description":"(Required) (CPF/CNPJ) - 11 digits for CPF and 14 for CNPJ"}]},"header":[{"disabled":false,"description":"(Required) HMAC","key":"Message-Signature","value":"<string>"},{"disabled":false,"description":"(Required) APigee Key","key":"Api-Key","value":"<string>"},{"disabled":false,"description":"(Required) Oauth Key","key":"auth","value":"<string>"},{"disabled":false,"description":"(Required) Date - Epoch format","key":"Timestamp","value":"<string>"},{"disabled":false,"description":"(Required) Randomly generated by client","key":"Client-Request-Id","value":"<string>"},{"disabled":false,"description":"(Required) Merchant Institution Number (7 digits)","key":"instituicao","value":"<string>"},{"key":"Accept","value":"application/json"}],"method":"GET","auth":null},"response":[{"id":"d9bb4b9d-44ad-4ec5-801d-8fb3743d025b","name":"Successfully Done","originalRequest":{"url":{"path":["bwa","validacao-cliente","v2","validacao",":documento"],"host":["{{baseUrl}}"],"query":[],"variable":[{"disabled":false,"type":"any","value":"<string>","key":"documento","description":"(Required) (CPF/CNPJ) - 11 digits for CPF and 14 for CNPJ"}]},"header":[{"disabled":false,"description":"(Required) HMAC","key":"Message-Signature","value":"1tsmkG9Ip3k2rcO5cETButfP3D/RS6U8troFF+mUrno="},{"disabled":false,"description":"(Required) APigee Key","key":"Api-Key","value":"X0GW3QGOYFn4r7DHcVC8KuatUnNs6MGB"},{"disabled":false,"description":"(Required) Oauth Key","key":"auth","value":""},{"disabled":false,"description":"(Required) Date - Epoch format","key":"Timestamp","value":"1563309156733"},{"disabled":false,"description":"(Required) Randomly generated by client","key":"Client-Request-Id","value":"6NYHj9Pgyxc84rmafpwG4fjhLwFfJYFVmxJOcgziD0QN3q6mGC"},{"disabled":false,"description":"(Required) Merchant Institution Number (7 digits)","key":"instituicao","value":"00000003"},{"key":"Accept","value":"application/json"}],"method":"GET","body":{}},"status":"OK","code":200,"header":[{"key":"Content-Type","value":"application/json"}],"body":"{\n  \"codigoRetorno\": 0,\n  \"mensagem\": \"Sucesso.\",\n  \"conteudo\": {\n    \"findCpfCnpj\": \"04962772000165\",\n    \"statusClientCode\": \"91 - CPF ou CNPJ do solicitante inválido  - (meaning Requester CPF or CNPJ invalid)\",\n    \"statusClientDescription\": \"03 - Cliente liberado para credenciamento - (meaning Customer can be boarded)\",\n    \"listClientDetails\": [\n      {\n        \"clientNumber\": \"19005420\",\n        \"institutionNumber\": \"00000003\",\n        \"clientStatus\": \"Cobrança  - (meaning Collection Process)\",\n        \"boardingDate\": \"YYYYMMDD\",\n        \"marca\": \"101 - Bin\"\n      },\n      {\n        \"clientNumber\": \"19005420\",\n        \"institutionNumber\": \"00000003\",\n        \"clientStatus\": \"Inativo  - (meaning Inactive)\",\n        \"boardingDate\": \"YYYYMMDD\",\n        \"marca\": \"125 - Fdb\"\n      }\n    ]\n  }\n}","cookie":[],"_postman_previewlanguage":"json"},{"id":"0cfa31cb-276a-4656-8300-1e2b1e13ca99","name":"Partial Content","originalRequest":{"url":{"path":["bwa","validacao-cliente","v2","validacao",":documento"],"host":["{{baseUrl}}"],"query":[],"variable":[{"disabled":false,"type":"any","value":"<string>","key":"documento","description":"(Required) (CPF/CNPJ) - 11 digits for CPF and 14 for CNPJ"}]},"header":[{"disabled":false,"description":"(Required) HMAC","key":"Message-Signature","value":"1tsmkG9Ip3k2rcO5cETButfP3D/RS6U8troFF+mUrno="},{"disabled":false,"description":"(Required) APigee Key","key":"Api-Key","value":"X0GW3QGOYFn4r7DHcVC8KuatUnNs6MGB"},{"disabled":false,"description":"(Required) Oauth Key","key":"auth","value":""},{"disabled":false,"description":"(Required) Date - Epoch format","key":"Timestamp","value":"1563309156733"},{"disabled":false,"description":"(Required) Randomly generated by client","key":"Client-Request-Id","value":"6NYHj9Pgyxc84rmafpwG4fjhLwFfJYFVmxJOcgziD0QN3q6mGC"},{"disabled":false,"description":"(Required) Merchant Institution Number (7 digits)","key":"instituicao","value":"00000003"},{"key":"Accept","value":"application/json"}],"method":"GET","body":{}},"status":"Partial Content","code":206,"header":[{"key":"Content-Type","value":"application/json"}],"body":"{\n  \"codigoRetorno\": 9,\n  \"mensagem\": \"10 - (Erro validaçao) - (meaning VAlidation Error)\"\n}","cookie":[],"_postman_previewlanguage":"json"},{"id":"a9befc34-4689-4600-bfd7-a39bfd8a8194","name":"Unauthorized","originalRequest":{"url":{"path":["bwa","validacao-cliente","v2","validacao",":documento"],"host":["{{baseUrl}}"],"query":[],"variable":[{"disabled":false,"type":"any","value":"<string>","key":"documento","description":"(Required) (CPF/CNPJ) - 11 digits for CPF and 14 for CNPJ"}]},"header":[{"disabled":false,"description":"(Required) HMAC","key":"Message-Signature","value":"1tsmkG9Ip3k2rcO5cETButfP3D/RS6U8troFF+mUrno="},{"disabled":false,"description":"(Required) APigee Key","key":"Api-Key","value":"X0GW3QGOYFn4r7DHcVC8KuatUnNs6MGB"},{"disabled":false,"description":"(Required) Oauth Key","key":"auth","value":""},{"disabled":false,"description":"(Required) Date - Epoch format","key":"Timestamp","value":"1563309156733"},{"disabled":false,"description":"(Required) Randomly generated by client","key":"Client-Request-Id","value":"6NYHj9Pgyxc84rmafpwG4fjhLwFfJYFVmxJOcgziD0QN3q6mGC"},{"disabled":false,"description":"(Required) Merchant Institution Number (7 digits)","key":"instituicao","value":"00000003"},{"key":"Accept","value":"application/json"}],"method":"GET","body":{}},"status":"Unauthorized","code":401,"header":[{"key":"Content-Type","value":"application/json"}],"body":"{\n  \"codigoRetorno\": {},\n  \"mensagem\": \"Acesso nao autorizado ao conteudo pesquisado - Meaning Not Authorized Access\"\n}","cookie":[],"_postman_previewlanguage":"json"},{"id":"f732c0aa-c662-4bb8-bf74-ebb3d3d2c677","name":"Forbidden","originalRequest":{"url":{"path":["bwa","validacao-cliente","v2","validacao",":documento"],"host":["{{baseUrl}}"],"query":[],"variable":[{"disabled":false,"type":"any","value":"<string>","key":"documento","description":"(Required) (CPF/CNPJ) - 11 digits for CPF and 14 for CNPJ"}]},"header":[{"disabled":false,"description":"(Required) HMAC","key":"Message-Signature","value":"1tsmkG9Ip3k2rcO5cETButfP3D/RS6U8troFF+mUrno="},{"disabled":false,"description":"(Required) APigee Key","key":"Api-Key","value":"X0GW3QGOYFn4r7DHcVC8KuatUnNs6MGB"},{"disabled":false,"description":"(Required) Oauth Key","key":"auth","value":""},{"disabled":false,"description":"(Required) Date - Epoch format","key":"Timestamp","value":"1563309156733"},{"disabled":false,"description":"(Required) Randomly generated by client","key":"Client-Request-Id","value":"6NYHj9Pgyxc84rmafpwG4fjhLwFfJYFVmxJOcgziD0QN3q6mGC"},{"disabled":false,"description":"(Required) Merchant Institution Number (7 digits)","key":"instituicao","value":"00000003"},{"key":"Accept","value":"application/json"}],"method":"GET","body":{}},"status":"Forbidden","code":403,"header":[{"key":"Content-Type","value":"application/json"}],"body":"{\n  \"codigoRetorno\": 3,\n  \"mensagem\": \"6 - Token expirado - (Meaning Expired Token\"\n}","cookie":[],"_postman_previewlanguage":"json"},{"id":"9ed97af5-2b34-466d-b77f-399d5a16eece","name":"Not Found","originalRequest":{"url":{"path":["bwa","validacao-cliente","v2","validacao",":documento"],"host":["{{baseUrl}}"],"query":[],"variable":[{"disabled":false,"type":"any","value":"<string>","key":"documento","description":"(Required) (CPF/CNPJ) - 11 digits for CPF and 14 for CNPJ"}]},"header":[{"disabled":false,"description":"(Required) HMAC","key":"Message-Signature","value":"1tsmkG9Ip3k2rcO5cETButfP3D/RS6U8troFF+mUrno="},{"disabled":false,"description":"(Required) APigee Key","key":"Api-Key","value":"X0GW3QGOYFn4r7DHcVC8KuatUnNs6MGB"},{"disabled":false,"description":"(Required) Oauth Key","key":"auth","value":""},{"disabled":false,"description":"(Required) Date - Epoch format","key":"Timestamp","value":"1563309156733"},{"disabled":false,"description":"(Required) Randomly generated by client","key":"Client-Request-Id","value":"6NYHj9Pgyxc84rmafpwG4fjhLwFfJYFVmxJOcgziD0QN3q6mGC"},{"disabled":false,"description":"(Required) Merchant Institution Number (7 digits)","key":"instituicao","value":"00000003"},{"key":"Accept","value":"application/json"}],"method":"GET","body":{}},"status":"Not Found","code":404,"header":[{"key":"Content-Type","value":"application/json"}],"body":"{\n  \"codigoRetorno\": {},\n  \"mensagem\": \"Item nao encontrado - (Meaning item not found)\"\n}","cookie":[],"_postman_previewlanguage":"json"},{"id":"c2e8ba63-8d2b-460c-8e25-2430bc18489d","name":"Conflict","originalRequest":{"url":{"path":["bwa","validacao-cliente","v2","validacao",":documento"],"host":["{{baseUrl}}"],"query":[],"variable":[{"disabled":false,"type":"any","value":"<string>","key":"documento","description":"(Required) (CPF/CNPJ) - 11 digits for CPF and 14 for CNPJ"}]},"header":[{"disabled":false,"description":"(Required) HMAC","key":"Message-Signature","value":"1tsmkG9Ip3k2rcO5cETButfP3D/RS6U8troFF+mUrno="},{"disabled":false,"description":"(Required) APigee Key","key":"Api-Key","value":"X0GW3QGOYFn4r7DHcVC8KuatUnNs6MGB"},{"disabled":false,"description":"(Required) Oauth Key","key":"auth","value":""},{"disabled":false,"description":"(Required) Date - Epoch format","key":"Timestamp","value":"1563309156733"},{"disabled":false,"description":"(Required) Randomly generated by client","key":"Client-Request-Id","value":"6NYHj9Pgyxc84rmafpwG4fjhLwFfJYFVmxJOcgziD0QN3q6mGC"},{"disabled":false,"description":"(Required) Merchant Institution Number (7 digits)","key":"instituicao","value":"00000003"},{"key":"Accept","value":"application/json"}],"method":"GET","body":{}},"status":"Conflict","code":409,"header":[{"key":"Content-Type","value":"application/json"}],"body":"{\n  \"codigoRetorno\": {},\n  \"mensagem\": \"Item duplicado - (Meaning Duplicated Item)\"\n}","cookie":[],"_postman_previewlanguage":"json"},{"id":"0a89e994-6a6d-4cf5-b2c5-74e153a221af","name":"Internal Server Error","originalRequest":{"url":{"path":["bwa","validacao-cliente","v2","validacao",":documento"],"host":["{{baseUrl}}"],"query":[],"variable":[{"disabled":false,"type":"any","value":"<string>","key":"documento","description":"(Required) (CPF/CNPJ) - 11 digits for CPF and 14 for CNPJ"}]},"header":[{"disabled":false,"description":"(Required) HMAC","key":"Message-Signature","value":"1tsmkG9Ip3k2rcO5cETButfP3D/RS6U8troFF+mUrno="},{"disabled":false,"description":"(Required) APigee Key","key":"Api-Key","value":"X0GW3QGOYFn4r7DHcVC8KuatUnNs6MGB"},{"disabled":false,"description":"(Required) Oauth Key","key":"auth","value":""},{"disabled":false,"description":"(Required) Date - Epoch format","key":"Timestamp","value":"1563309156733"},{"disabled":false,"description":"(Required) Randomly generated by client","key":"Client-Request-Id","value":"6NYHj9Pgyxc84rmafpwG4fjhLwFfJYFVmxJOcgziD0QN3q6mGC"},{"disabled":false,"description":"(Required) Merchant Institution Number (7 digits)","key":"instituicao","value":"00000003"},{"key":"Accept","value":"application/json"}],"method":"GET","body":{}},"status":"Internal Server Error","code":500,"header":[{"key":"Content-Type","value":"application/json"}],"body":"{\n  \"codigoRetorno\": 2,\n  \"mensagem\": \"2 - Erro Interno - (Meaning Internal Error)\"\n}","cookie":[],"_postman_previewlanguage":"json"}],"event":[],"protocolProfileBehavior":{"disableBodyPruning":true}},{"id":"5b7d9910-7215-4e3c-91d9-26f8f5b083b4","name":"credenciamento","item":[{"id":"a70b64f6-9a3b-4d24-bac7-39859a412409","name":"Merchant Information & Cases","request":{"name":"Merchant Information & Cases","description":{"content":"Validation by Institution and Tax ID","type":"text/plain"},"url":{"path":["bwa","validacao-cliente","v2","credenciamento","documento",":instituicao",":documento"],"host":["{{baseUrl}}"],"query":[],"variable":[{"disabled":false,"type":"any","value":"<string>","key":"instituicao","description":"(Required) Merchant Institution Number  (7 digits)"},{"disabled":false,"type":"any","value":"<string>","key":"documento","description":"(Required) Tax ID to be Searched - 11 digits for CPF and 14 for CNPJ"}]},"header":[{"disabled":false,"description":"(Required) HMAC","key":"Message-Signature","value":"<string>"},{"disabled":false,"description":"(Required) APigee Key","key":"Api-Key","value":"<string>"},{"disabled":false,"description":"(Required) Oauth Key","key":"auth","value":"<string>"},{"disabled":false,"description":"(Required) Date - Epoch format","key":"Timestamp","value":"<string>"},{"disabled":false,"description":"(Required) Randomly generated by client","key":"Client-Request-Id","value":"<string>"},{"key":"Accept","value":"application/json"}],"method":"GET","auth":null},"response":[{"id":"556cabbc-9816-4fee-8d4b-80e47c716c07","name":"Successfully Done","originalRequest":{"url":{"path":["bwa","validacao-cliente","v2","credenciamento","documento",":instituicao",":documento"],"host":["{{baseUrl}}"],"query":[],"variable":[{"disabled":false,"type":"any","value":"<string>","key":"instituicao","description":"(Required) Merchant Institution Number  (7 digits)"},{"disabled":false,"type":"any","value":"<string>","key":"documento","description":"(Required) Tax ID to be Searched - 11 digits for CPF and 14 for CNPJ"}]},"header":[{"disabled":false,"description":"(Required) HMAC","key":"Message-Signature","value":"1tsmkG9Ip3k2rcO5cETButfP3D/RS6U8troFF+mUrno="},{"disabled":false,"description":"(Required) APigee Key","key":"Api-Key","value":"X0GW3QGOYFn4r7DHcVC8KuatUnNs6MGB"},{"disabled":false,"description":"(Required) Oauth Key","key":"auth","value":""},{"disabled":false,"description":"(Required) Date - Epoch format","key":"Timestamp","value":"1563309156733"},{"disabled":false,"description":"(Required) Randomly generated by client","key":"Client-Request-Id","value":"6NYHj9Pgyxc84rmafpwG4fjhLwFfJYFVmxJOcgziD0QN3q6mGC"},{"key":"Accept","value":"application/json"}],"method":"GET","body":{}},"status":"OK","code":200,"header":[{"key":"Content-Type","value":"application/json"}],"body":"{\n  \"codigoRetorno\": 0,\n  \"mensagem\": \"Sucesso.\",\n  \"conteudo\": {\n    \"cadastramento\": false,\n    \"mensagem\": \"Cadastro já existente ativo! Não é possível prosseguir com o credenciamento.\"\n  }\n}","cookie":[],"_postman_previewlanguage":"json"},{"id":"c386ce75-9e64-4724-a2ff-6f4121839df6","name":"Partial Content","originalRequest":{"url":{"path":["bwa","validacao-cliente","v2","credenciamento","documento",":instituicao",":documento"],"host":["{{baseUrl}}"],"query":[],"variable":[{"disabled":false,"type":"any","value":"<string>","key":"instituicao","description":"(Required) Merchant Institution Number  (7 digits)"},{"disabled":false,"type":"any","value":"<string>","key":"documento","description":"(Required) Tax ID to be Searched - 11 digits for CPF and 14 for CNPJ"}]},"header":[{"disabled":false,"description":"(Required) HMAC","key":"Message-Signature","value":"1tsmkG9Ip3k2rcO5cETButfP3D/RS6U8troFF+mUrno="},{"disabled":false,"description":"(Required) APigee Key","key":"Api-Key","value":"X0GW3QGOYFn4r7DHcVC8KuatUnNs6MGB"},{"disabled":false,"description":"(Required) Oauth Key","key":"auth","value":""},{"disabled":false,"description":"(Required) Date - Epoch format","key":"Timestamp","value":"1563309156733"},{"disabled":false,"description":"(Required) Randomly generated by client","key":"Client-Request-Id","value":"6NYHj9Pgyxc84rmafpwG4fjhLwFfJYFVmxJOcgziD0QN3q6mGC"},{"key":"Accept","value":"application/json"}],"method":"GET","body":{}},"status":"Partial Content","code":206,"header":[{"key":"Content-Type","value":"application/json"}],"body":"{\n  \"codigoRetorno\": 9,\n  \"mensagem\": \"10 - (Erro validaçao) - (meaning VAlidation Error)\"\n}","cookie":[],"_postman_previewlanguage":"json"},{"id":"f37a89a3-03e7-4f72-be84-b3b370c4f258","name":"Unauthorized","originalRequest":{"url":{"path":["bwa","validacao-cliente","v2","credenciamento","documento",":instituicao",":documento"],"host":["{{baseUrl}}"],"query":[],"variable":[{"disabled":false,"type":"any","value":"<string>","key":"instituicao","description":"(Required) Merchant Institution Number  (7 digits)"},{"disabled":false,"type":"any","value":"<string>","key":"documento","description":"(Required) Tax ID to be Searched - 11 digits for CPF and 14 for CNPJ"}]},"header":[{"disabled":false,"description":"(Required) HMAC","key":"Message-Signature","value":"1tsmkG9Ip3k2rcO5cETButfP3D/RS6U8troFF+mUrno="},{"disabled":false,"description":"(Required) APigee Key","key":"Api-Key","value":"X0GW3QGOYFn4r7DHcVC8KuatUnNs6MGB"},{"disabled":false,"description":"(Required) Oauth Key","key":"auth","value":""},{"disabled":false,"description":"(Required) Date - Epoch format","key":"Timestamp","value":"1563309156733"},{"disabled":false,"description":"(Required) Randomly generated by client","key":"Client-Request-Id","value":"6NYHj9Pgyxc84rmafpwG4fjhLwFfJYFVmxJOcgziD0QN3q6mGC"},{"key":"Accept","value":"application/json"}],"method":"GET","body":{}},"status":"Unauthorized","code":401,"header":[{"key":"Content-Type","value":"application/json"}],"body":"{\n  \"codigoRetorno\": {},\n  \"mensagem\": \"Acesso nao autorizado ao conteudo pesquisado - Meaning Not Authorized Access\"\n}","cookie":[],"_postman_previewlanguage":"json"},{"id":"432d1f24-10dc-4b3d-823c-7fb86b45df20","name":"Forbidden","originalRequest":{"url":{"path":["bwa","validacao-cliente","v2","credenciamento","documento",":instituicao",":documento"],"host":["{{baseUrl}}"],"query":[],"variable":[{"disabled":false,"type":"any","value":"<string>","key":"instituicao","description":"(Required) Merchant Institution Number  (7 digits)"},{"disabled":false,"type":"any","value":"<string>","key":"documento","description":"(Required) Tax ID to be Searched - 11 digits for CPF and 14 for CNPJ"}]},"header":[{"disabled":false,"description":"(Required) HMAC","key":"Message-Signature","value":"1tsmkG9Ip3k2rcO5cETButfP3D/RS6U8troFF+mUrno="},{"disabled":false,"description":"(Required) APigee Key","key":"Api-Key","value":"X0GW3QGOYFn4r7DHcVC8KuatUnNs6MGB"},{"disabled":false,"description":"(Required) Oauth Key","key":"auth","value":""},{"disabled":false,"description":"(Required) Date - Epoch format","key":"Timestamp","value":"1563309156733"},{"disabled":false,"description":"(Required) Randomly generated by client","key":"Client-Request-Id","value":"6NYHj9Pgyxc84rmafpwG4fjhLwFfJYFVmxJOcgziD0QN3q6mGC"},{"key":"Accept","value":"application/json"}],"method":"GET","body":{}},"status":"Forbidden","code":403,"header":[{"key":"Content-Type","value":"application/json"}],"body":"{\n  \"codigoRetorno\": 3,\n  \"mensagem\": \"6 - Token expirado - (Meaning Expired Token\"\n}","cookie":[],"_postman_previewlanguage":"json"},{"id":"0ef5d7ad-6158-43d9-afc6-fd2066e764a2","name":"Not Found","originalRequest":{"url":{"path":["bwa","validacao-cliente","v2","credenciamento","documento",":instituicao",":documento"],"host":["{{baseUrl}}"],"query":[],"variable":[{"disabled":false,"type":"any","value":"<string>","key":"instituicao","description":"(Required) Merchant Institution Number  (7 digits)"},{"disabled":false,"type":"any","value":"<string>","key":"documento","description":"(Required) Tax ID to be Searched - 11 digits for CPF and 14 for CNPJ"}]},"header":[{"disabled":false,"description":"(Required) HMAC","key":"Message-Signature","value":"1tsmkG9Ip3k2rcO5cETButfP3D/RS6U8troFF+mUrno="},{"disabled":false,"description":"(Required) APigee Key","key":"Api-Key","value":"X0GW3QGOYFn4r7DHcVC8KuatUnNs6MGB"},{"disabled":false,"description":"(Required) Oauth Key","key":"auth","value":""},{"disabled":false,"description":"(Required) Date - Epoch format","key":"Timestamp","value":"1563309156733"},{"disabled":false,"description":"(Required) Randomly generated by client","key":"Client-Request-Id","value":"6NYHj9Pgyxc84rmafpwG4fjhLwFfJYFVmxJOcgziD0QN3q6mGC"},{"key":"Accept","value":"application/json"}],"method":"GET","body":{}},"status":"Not Found","code":404,"header":[{"key":"Content-Type","value":"application/json"}],"body":"{\n  \"codigoRetorno\": {},\n  \"mensagem\": \"Item nao encontrado - (Meaning item not found)\"\n}","cookie":[],"_postman_previewlanguage":"json"},{"id":"bc249bb8-39b0-45cc-8df3-962bd8fdcbd1","name":"Conflict","originalRequest":{"url":{"path":["bwa","validacao-cliente","v2","credenciamento","documento",":instituicao",":documento"],"host":["{{baseUrl}}"],"query":[],"variable":[{"disabled":false,"type":"any","value":"<string>","key":"instituicao","description":"(Required) Merchant Institution Number  (7 digits)"},{"disabled":false,"type":"any","value":"<string>","key":"documento","description":"(Required) Tax ID to be Searched - 11 digits for CPF and 14 for CNPJ"}]},"header":[{"disabled":false,"description":"(Required) HMAC","key":"Message-Signature","value":"1tsmkG9Ip3k2rcO5cETButfP3D/RS6U8troFF+mUrno="},{"disabled":false,"description":"(Required) APigee Key","key":"Api-Key","value":"X0GW3QGOYFn4r7DHcVC8KuatUnNs6MGB"},{"disabled":false,"description":"(Required) Oauth Key","key":"auth","value":""},{"disabled":false,"description":"(Required) Date - Epoch format","key":"Timestamp","value":"1563309156733"},{"disabled":false,"description":"(Required) Randomly generated by client","key":"Client-Request-Id","value":"6NYHj9Pgyxc84rmafpwG4fjhLwFfJYFVmxJOcgziD0QN3q6mGC"},{"key":"Accept","value":"application/json"}],"method":"GET","body":{}},"status":"Conflict","code":409,"header":[{"key":"Content-Type","value":"application/json"}],"body":"{\n  \"codigoRetorno\": {},\n  \"mensagem\": \"Item duplicado - (Meaning Duplicated Item)\"\n}","cookie":[],"_postman_previewlanguage":"json"},{"id":"96eca862-23fd-4710-aef1-8db5db2ab546","name":"Internal Server Error","originalRequest":{"url":{"path":["bwa","validacao-cliente","v2","credenciamento","documento",":instituicao",":documento"],"host":["{{baseUrl}}"],"query":[],"variable":[{"disabled":false,"type":"any","value":"<string>","key":"instituicao","description":"(Required) Merchant Institution Number  (7 digits)"},{"disabled":false,"type":"any","value":"<string>","key":"documento","description":"(Required) Tax ID to be Searched - 11 digits for CPF and 14 for CNPJ"}]},"header":[{"disabled":false,"description":"(Required) HMAC","key":"Message-Signature","value":"1tsmkG9Ip3k2rcO5cETButfP3D/RS6U8troFF+mUrno="},{"disabled":false,"description":"(Required) APigee Key","key":"Api-Key","value":"X0GW3QGOYFn4r7DHcVC8KuatUnNs6MGB"},{"disabled":false,"description":"(Required) Oauth Key","key":"auth","value":""},{"disabled":false,"description":"(Required) Date - Epoch format","key":"Timestamp","value":"1563309156733"},{"disabled":false,"description":"(Required) Randomly generated by client","key":"Client-Request-Id","value":"6NYHj9Pgyxc84rmafpwG4fjhLwFfJYFVmxJOcgziD0QN3q6mGC"},{"key":"Accept","value":"application/json"}],"method":"GET","body":{}},"status":"Internal Server Error","code":500,"header":[{"key":"Content-Type","value":"application/json"}],"body":"{\n  \"codigoRetorno\": 2,\n  \"mensagem\": \"2 - Erro Interno - (Meaning Internal Error)\"\n}","cookie":[],"_postman_previewlanguage":"json"}],"event":[],"protocolProfileBehavior":{"disableBodyPruning":true}},{"id":"5a3b450b-4714-4f21-8dda-e1c97b84ed58","name":"Merchant Information & Cases","request":{"name":"Merchant Information & Cases","description":{"content":"Validation by Boarding Channel","type":"text/plain"},"url":{"path":["bwa","validacao-cliente","v2","credenciamento","canal"],"host":["{{baseUrl}}"],"query":[],"variable":[]},"header":[{"disabled":false,"description":"(Required) HMAC","key":"Message-Signature","value":"<string>"},{"disabled":false,"description":"(Required) APigee Key","key":"Api-Key","value":"<string>"},{"disabled":false,"description":"(Required) Oauth Key","key":"auth","value":"<string>"},{"disabled":false,"description":"(Required) Date - Epoch format","key":"Timestamp","value":"<string>"},{"disabled":false,"description":"(Required) Randomly generated by client","key":"Client-Request-Id","value":"<string>"},{"key":"Content-Type","value":"application/json"},{"key":"Accept","value":"application/json"}],"method":"POST","auth":null,"body":{"mode":"raw","raw":"{\n  \"canal\": \"<string>\",\n  \"subCanal\": \"<string>\",\n  \"instituicao\": \"<string>\",\n  \"documento\": \"<string>\"\n}","options":{"raw":{"language":"json"}}}},"response":[{"id":"6dd66b9f-2516-41de-836a-8c01df729e5e","name":"Successfully Done","originalRequest":{"url":{"path":["bwa","validacao-cliente","v2","credenciamento","canal"],"host":["{{baseUrl}}"],"query":[],"variable":[]},"header":[{"disabled":false,"description":"(Required) HMAC","key":"Message-Signature","value":"1tsmkG9Ip3k2rcO5cETButfP3D/RS6U8troFF+mUrno="},{"disabled":false,"description":"(Required) APigee Key","key":"Api-Key","value":"X0GW3QGOYFn4r7DHcVC8KuatUnNs6MGB"},{"disabled":false,"description":"(Required) Oauth Key","key":"auth","value":""},{"disabled":false,"description":"(Required) Date - Epoch format","key":"Timestamp","value":"1563309156733"},{"disabled":false,"description":"(Required) Randomly generated by client","key":"Client-Request-Id","value":"6NYHj9Pgyxc84rmafpwG4fjhLwFfJYFVmxJOcgziD0QN3q6mGC"},{"key":"Accept","value":"application/json"}],"method":"POST","body":{"mode":"raw","raw":"{\n  \"canal\": \"001\",\n  \"subCanal\": \"01234\",\n  \"instituicao\": \"00000003\",\n  \"documento\": \"12345678901\"\n}","options":{"raw":{"language":"json"}}}},"status":"OK","code":200,"header":[{"key":"Content-Type","value":"application/json"}],"body":"{\n  \"codigoRetorno\": 0,\n  \"mensagem\": \"Sucesso.\",\n  \"conteudo\": {\n    \"cadastramento\": false,\n    \"mensagem\": \"Cadastro já existente com mesmo canal! Não é possível prosseguir com o credenciamento.\"\n  }\n}","cookie":[],"_postman_previewlanguage":"json"},{"id":"20fc035c-c594-458a-b69d-55f2ef96bacd","name":"Partial Content","originalRequest":{"url":{"path":["bwa","validacao-cliente","v2","credenciamento","canal"],"host":["{{baseUrl}}"],"query":[],"variable":[]},"header":[{"disabled":false,"description":"(Required) HMAC","key":"Message-Signature","value":"1tsmkG9Ip3k2rcO5cETButfP3D/RS6U8troFF+mUrno="},{"disabled":false,"description":"(Required) APigee Key","key":"Api-Key","value":"X0GW3QGOYFn4r7DHcVC8KuatUnNs6MGB"},{"disabled":false,"description":"(Required) Oauth Key","key":"auth","value":""},{"disabled":false,"description":"(Required) Date - Epoch format","key":"Timestamp","value":"1563309156733"},{"disabled":false,"description":"(Required) Randomly generated by client","key":"Client-Request-Id","value":"6NYHj9Pgyxc84rmafpwG4fjhLwFfJYFVmxJOcgziD0QN3q6mGC"},{"key":"Accept","value":"application/json"}],"method":"POST","body":{"mode":"raw","raw":"{\n  \"canal\": \"001\",\n  \"subCanal\": \"01234\",\n  \"instituicao\": \"00000003\",\n  \"documento\": \"12345678901\"\n}","options":{"raw":{"language":"json"}}}},"status":"Partial Content","code":206,"header":[{"key":"Content-Type","value":"application/json"}],"body":"{\n  \"codigoRetorno\": 9,\n  \"mensagem\": \"10 - (Erro validaçao) - (meaning VAlidation Error)\"\n}","cookie":[],"_postman_previewlanguage":"json"},{"id":"61a2ad15-181d-41c2-bc03-020b5d039660","name":"Unauthorized","originalRequest":{"url":{"path":["bwa","validacao-cliente","v2","credenciamento","canal"],"host":["{{baseUrl}}"],"query":[],"variable":[]},"header":[{"disabled":false,"description":"(Required) HMAC","key":"Message-Signature","value":"1tsmkG9Ip3k2rcO5cETButfP3D/RS6U8troFF+mUrno="},{"disabled":false,"description":"(Required) APigee Key","key":"Api-Key","value":"X0GW3QGOYFn4r7DHcVC8KuatUnNs6MGB"},{"disabled":false,"description":"(Required) Oauth Key","key":"auth","value":""},{"disabled":false,"description":"(Required) Date - Epoch format","key":"Timestamp","value":"1563309156733"},{"disabled":false,"description":"(Required) Randomly generated by client","key":"Client-Request-Id","value":"6NYHj9Pgyxc84rmafpwG4fjhLwFfJYFVmxJOcgziD0QN3q6mGC"},{"key":"Accept","value":"application/json"}],"method":"POST","body":{"mode":"raw","raw":"{\n  \"canal\": \"001\",\n  \"subCanal\": \"01234\",\n  \"instituicao\": \"00000003\",\n  \"documento\": \"12345678901\"\n}","options":{"raw":{"language":"json"}}}},"status":"Unauthorized","code":401,"header":[{"key":"Content-Type","value":"application/json"}],"body":"{\n  \"codigoRetorno\": {},\n  \"mensagem\": \"Acesso nao autorizado ao conteudo pesquisado - Meaning Not Authorized Access\"\n}","cookie":[],"_postman_previewlanguage":"json"},{"id":"625d811c-fe1d-4468-9767-de43c82caf37","name":"Forbidden","originalRequest":{"url":{"path":["bwa","validacao-cliente","v2","credenciamento","canal"],"host":["{{baseUrl}}"],"query":[],"variable":[]},"header":[{"disabled":false,"description":"(Required) HMAC","key":"Message-Signature","value":"1tsmkG9Ip3k2rcO5cETButfP3D/RS6U8troFF+mUrno="},{"disabled":false,"description":"(Required) APigee Key","key":"Api-Key","value":"X0GW3QGOYFn4r7DHcVC8KuatUnNs6MGB"},{"disabled":false,"description":"(Required) Oauth Key","key":"auth","value":""},{"disabled":false,"description":"(Required) Date - Epoch format","key":"Timestamp","value":"1563309156733"},{"disabled":false,"description":"(Required) Randomly generated by client","key":"Client-Request-Id","value":"6NYHj9Pgyxc84rmafpwG4fjhLwFfJYFVmxJOcgziD0QN3q6mGC"},{"key":"Accept","value":"application/json"}],"method":"POST","body":{"mode":"raw","raw":"{\n  \"canal\": \"001\",\n  \"subCanal\": \"01234\",\n  \"instituicao\": \"00000003\",\n  \"documento\": \"12345678901\"\n}","options":{"raw":{"language":"json"}}}},"status":"Forbidden","code":403,"header":[{"key":"Content-Type","value":"application/json"}],"body":"{\n  \"codigoRetorno\": 3,\n  \"mensagem\": \"6 - Token expirado - (Meaning Expired Token\"\n}","cookie":[],"_postman_previewlanguage":"json"},{"id":"d81c55fc-3337-4b23-b03b-a7858daf93b8","name":"Not Found","originalRequest":{"url":{"path":["bwa","validacao-cliente","v2","credenciamento","canal"],"host":["{{baseUrl}}"],"query":[],"variable":[]},"header":[{"disabled":false,"description":"(Required) HMAC","key":"Message-Signature","value":"1tsmkG9Ip3k2rcO5cETButfP3D/RS6U8troFF+mUrno="},{"disabled":false,"description":"(Required) APigee Key","key":"Api-Key","value":"X0GW3QGOYFn4r7DHcVC8KuatUnNs6MGB"},{"disabled":false,"description":"(Required) Oauth Key","key":"auth","value":""},{"disabled":false,"description":"(Required) Date - Epoch format","key":"Timestamp","value":"1563309156733"},{"disabled":false,"description":"(Required) Randomly generated by client","key":"Client-Request-Id","value":"6NYHj9Pgyxc84rmafpwG4fjhLwFfJYFVmxJOcgziD0QN3q6mGC"},{"key":"Accept","value":"application/json"}],"method":"POST","body":{"mode":"raw","raw":"{\n  \"canal\": \"001\",\n  \"subCanal\": \"01234\",\n  \"instituicao\": \"00000003\",\n  \"documento\": \"12345678901\"\n}","options":{"raw":{"language":"json"}}}},"status":"Not Found","code":404,"header":[{"key":"Content-Type","value":"application/json"}],"body":"{\n  \"codigoRetorno\": {},\n  \"mensagem\": \"Item nao encontrado - (Meaning item not found)\"\n}","cookie":[],"_postman_previewlanguage":"json"},{"id":"92422e3d-ced6-452a-9c96-3156647bb09c","name":"Conflict","originalRequest":{"url":{"path":["bwa","validacao-cliente","v2","credenciamento","canal"],"host":["{{baseUrl}}"],"query":[],"variable":[]},"header":[{"disabled":false,"description":"(Required) HMAC","key":"Message-Signature","value":"1tsmkG9Ip3k2rcO5cETButfP3D/RS6U8troFF+mUrno="},{"disabled":false,"description":"(Required) APigee Key","key":"Api-Key","value":"X0GW3QGOYFn4r7DHcVC8KuatUnNs6MGB"},{"disabled":false,"description":"(Required) Oauth Key","key":"auth","value":""},{"disabled":false,"description":"(Required) Date - Epoch format","key":"Timestamp","value":"1563309156733"},{"disabled":false,"description":"(Required) Randomly generated by client","key":"Client-Request-Id","value":"6NYHj9Pgyxc84rmafpwG4fjhLwFfJYFVmxJOcgziD0QN3q6mGC"},{"key":"Accept","value":"application/json"}],"method":"POST","body":{"mode":"raw","raw":"{\n  \"canal\": \"001\",\n  \"subCanal\": \"01234\",\n  \"instituicao\": \"00000003\",\n  \"documento\": \"12345678901\"\n}","options":{"raw":{"language":"json"}}}},"status":"Conflict","code":409,"header":[{"key":"Content-Type","value":"application/json"}],"body":"{\n  \"codigoRetorno\": {},\n  \"mensagem\": \"Item duplicado - (Meaning Duplicated Item)\"\n}","cookie":[],"_postman_previewlanguage":"json"},{"id":"e4d562b6-0a57-430a-a1da-051705f980c8","name":"Internal Server Error","originalRequest":{"url":{"path":["bwa","validacao-cliente","v2","credenciamento","canal"],"host":["{{baseUrl}}"],"query":[],"variable":[]},"header":[{"disabled":false,"description":"(Required) HMAC","key":"Message-Signature","value":"1tsmkG9Ip3k2rcO5cETButfP3D/RS6U8troFF+mUrno="},{"disabled":false,"description":"(Required) APigee Key","key":"Api-Key","value":"X0GW3QGOYFn4r7DHcVC8KuatUnNs6MGB"},{"disabled":false,"description":"(Required) Oauth Key","key":"auth","value":""},{"disabled":false,"description":"(Required) Date - Epoch format","key":"Timestamp","value":"1563309156733"},{"disabled":false,"description":"(Required) Randomly generated by client","key":"Client-Request-Id","value":"6NYHj9Pgyxc84rmafpwG4fjhLwFfJYFVmxJOcgziD0QN3q6mGC"},{"key":"Accept","value":"application/json"}],"method":"POST","body":{"mode":"raw","raw":"{\n  \"canal\": \"001\",\n  \"subCanal\": \"01234\",\n  \"instituicao\": \"00000003\",\n  \"documento\": \"12345678901\"\n}","options":{"raw":{"language":"json"}}}},"status":"Internal Server Error","code":500,"header":[{"key":"Content-Type","value":"application/json"}],"body":"{\n  \"codigoRetorno\": 2,\n  \"mensagem\": \"2 - Erro Interno - (Meaning Internal Error)\"\n}","cookie":[],"_postman_previewlanguage":"json"}],"event":[],"protocolProfileBehavior":{"disableBodyPruning":true}},{"id":"84ef5ae5-ded8-4ad0-a6f1-03a666f73191","name":"Merchant Information & Cases","request":{"name":"Merchant Information & Cases","description":{"content":"Validation by MDR Comparison","type":"text/plain"},"url":{"path":["bwa","validacao-cliente","v2","credenciamento","taxa"],"host":["{{baseUrl}}"],"query":[],"variable":[]},"header":[{"disabled":false,"description":"(Required) HMAC","key":"Message-Signature","value":"<string>"},{"disabled":false,"description":"(Required) APigee Key","key":"Api-Key","value":"<string>"},{"disabled":false,"description":"(Required) Oauth Key","key":"auth","value":"<string>"},{"disabled":false,"description":"(Required) Date - Epoch format","key":"Timestamp","value":"<string>"},{"disabled":false,"description":"(Required) Randomly generated by client","key":"Client-Request-Id","value":"<string>"},{"key":"Content-Type","value":"application/json"},{"key":"Accept","value":"application/json"}],"method":"POST","auth":null,"body":{"mode":"raw","raw":"{\n  \"instituicao\": \"<string>\",\n  \"documento\": \"<string>\",\n  \"serviceContract\": \"<string>\",\n  \"taxas\": [\n    {\n      \"areaEvento\": \"<string>\",\n      \"categoria\": \"<string>\",\n      \"codigoBandeira\": \"<string>\",\n      \"codigoProduto\": \"<string>\",\n      \"taxa\": \"<string>\",\n      \"tipoTransacao\": \"<string>\"\n    },\n    {\n      \"areaEvento\": \"<string>\",\n      \"categoria\": \"<string>\",\n      \"codigoBandeira\": \"<string>\",\n      \"codigoProduto\": \"<string>\",\n      \"taxa\": \"<string>\",\n      \"tipoTransacao\": \"<string>\"\n    }\n  ]\n}","options":{"raw":{"language":"json"}}}},"response":[{"id":"aa80f2ec-39c7-4257-a7c2-f0c61483f6f3","name":"Successfully Done","originalRequest":{"url":{"path":["bwa","validacao-cliente","v2","credenciamento","taxa"],"host":["{{baseUrl}}"],"query":[],"variable":[]},"header":[{"disabled":false,"description":"(Required) HMAC","key":"Message-Signature","value":"1tsmkG9Ip3k2rcO5cETButfP3D/RS6U8troFF+mUrno="},{"disabled":false,"description":"(Required) APigee Key","key":"Api-Key","value":"X0GW3QGOYFn4r7DHcVC8KuatUnNs6MGB"},{"disabled":false,"description":"(Required) Oauth Key","key":"auth","value":""},{"disabled":false,"description":"(Required) Date - Epoch format","key":"Timestamp","value":"1563309156733"},{"disabled":false,"description":"(Required) Randomly generated by client","key":"Client-Request-Id","value":"6NYHj9Pgyxc84rmafpwG4fjhLwFfJYFVmxJOcgziD0QN3q6mGC"},{"key":"Accept","value":"application/json"}],"method":"POST","body":{"mode":"raw","raw":"{\n  \"instituicao\": \"00000003\",\n  \"documento\": \"12345678901\",\n  \"serviceContract\": \"101\",\n  \"taxas\": [\n    {\n      \"areaEvento\": \"<string>\",\n      \"categoria\": \"<string>\",\n      \"codigoBandeira\": \"<string>\",\n      \"codigoProduto\": \"<string>\",\n      \"taxa\": \"11.31\",\n      \"tipoTransacao\": \"<string>\"\n    },\n    {\n      \"areaEvento\": \"<string>\",\n      \"categoria\": \"<string>\",\n      \"codigoBandeira\": \"<string>\",\n      \"codigoProduto\": \"<string>\",\n      \"taxa\": \"11.31\",\n      \"tipoTransacao\": \"<string>\"\n    }\n  ]\n}","options":{"raw":{"language":"json"}}}},"status":"OK","code":200,"header":[{"key":"Content-Type","value":"application/json"}],"body":"{\n  \"codigoRetorno\": 0,\n  \"mensagem\": \"Sucesso.\",\n  \"conteudo\": {\n    \"cadastramento\": false,\n    \"mensagem\": \"Cadastro cliente Sipag já existente com taxa menor que informada. Não é possível prosseguir com o credenciamento.\"\n  }\n}","cookie":[],"_postman_previewlanguage":"json"},{"id":"8ee43dc8-d6eb-4c03-83ae-1bbe13b1670c","name":"Partial Content","originalRequest":{"url":{"path":["bwa","validacao-cliente","v2","credenciamento","taxa"],"host":["{{baseUrl}}"],"query":[],"variable":[]},"header":[{"disabled":false,"description":"(Required) HMAC","key":"Message-Signature","value":"1tsmkG9Ip3k2rcO5cETButfP3D/RS6U8troFF+mUrno="},{"disabled":false,"description":"(Required) APigee Key","key":"Api-Key","value":"X0GW3QGOYFn4r7DHcVC8KuatUnNs6MGB"},{"disabled":false,"description":"(Required) Oauth Key","key":"auth","value":""},{"disabled":false,"description":"(Required) Date - Epoch format","key":"Timestamp","value":"1563309156733"},{"disabled":false,"description":"(Required) Randomly generated by client","key":"Client-Request-Id","value":"6NYHj9Pgyxc84rmafpwG4fjhLwFfJYFVmxJOcgziD0QN3q6mGC"},{"key":"Accept","value":"application/json"}],"method":"POST","body":{"mode":"raw","raw":"{\n  \"instituicao\": \"00000003\",\n  \"documento\": \"12345678901\",\n  \"serviceContract\": \"101\",\n  \"taxas\": [\n    {\n      \"areaEvento\": \"<string>\",\n      \"categoria\": \"<string>\",\n      \"codigoBandeira\": \"<string>\",\n      \"codigoProduto\": \"<string>\",\n      \"taxa\": \"11.31\",\n      \"tipoTransacao\": \"<string>\"\n    },\n    {\n      \"areaEvento\": \"<string>\",\n      \"categoria\": \"<string>\",\n      \"codigoBandeira\": \"<string>\",\n      \"codigoProduto\": \"<string>\",\n      \"taxa\": \"11.31\",\n      \"tipoTransacao\": \"<string>\"\n    }\n  ]\n}","options":{"raw":{"language":"json"}}}},"status":"Partial Content","code":206,"header":[{"key":"Content-Type","value":"application/json"}],"body":"{\n  \"codigoRetorno\": 9,\n  \"mensagem\": \"10 - (Erro validaçao) - (meaning VAlidation Error)\"\n}","cookie":[],"_postman_previewlanguage":"json"},{"id":"5f7158eb-c541-4d6f-aaef-ba121ce20a63","name":"Unauthorized","originalRequest":{"url":{"path":["bwa","validacao-cliente","v2","credenciamento","taxa"],"host":["{{baseUrl}}"],"query":[],"variable":[]},"header":[{"disabled":false,"description":"(Required) HMAC","key":"Message-Signature","value":"1tsmkG9Ip3k2rcO5cETButfP3D/RS6U8troFF+mUrno="},{"disabled":false,"description":"(Required) APigee Key","key":"Api-Key","value":"X0GW3QGOYFn4r7DHcVC8KuatUnNs6MGB"},{"disabled":false,"description":"(Required) Oauth Key","key":"auth","value":""},{"disabled":false,"description":"(Required) Date - Epoch format","key":"Timestamp","value":"1563309156733"},{"disabled":false,"description":"(Required) Randomly generated by client","key":"Client-Request-Id","value":"6NYHj9Pgyxc84rmafpwG4fjhLwFfJYFVmxJOcgziD0QN3q6mGC"},{"key":"Accept","value":"application/json"}],"method":"POST","body":{"mode":"raw","raw":"{\n  \"instituicao\": \"00000003\",\n  \"documento\": \"12345678901\",\n  \"serviceContract\": \"101\",\n  \"taxas\": [\n    {\n      \"areaEvento\": \"<string>\",\n      \"categoria\": \"<string>\",\n      \"codigoBandeira\": \"<string>\",\n      \"codigoProduto\": \"<string>\",\n      \"taxa\": \"11.31\",\n      \"tipoTransacao\": \"<string>\"\n    },\n    {\n      \"areaEvento\": \"<string>\",\n      \"categoria\": \"<string>\",\n      \"codigoBandeira\": \"<string>\",\n      \"codigoProduto\": \"<string>\",\n      \"taxa\": \"11.31\",\n      \"tipoTransacao\": \"<string>\"\n    }\n  ]\n}","options":{"raw":{"language":"json"}}}},"status":"Unauthorized","code":401,"header":[{"key":"Content-Type","value":"application/json"}],"body":"{\n  \"codigoRetorno\": {},\n  \"mensagem\": \"Acesso nao autorizado ao conteudo pesquisado - Meaning Not Authorized Access\"\n}","cookie":[],"_postman_previewlanguage":"json"},{"id":"83fb6504-9bab-4cbb-bc1a-6ebf687a6f88","name":"Forbidden","originalRequest":{"url":{"path":["bwa","validacao-cliente","v2","credenciamento","taxa"],"host":["{{baseUrl}}"],"query":[],"variable":[]},"header":[{"disabled":false,"description":"(Required) HMAC","key":"Message-Signature","value":"1tsmkG9Ip3k2rcO5cETButfP3D/RS6U8troFF+mUrno="},{"disabled":false,"description":"(Required) APigee Key","key":"Api-Key","value":"X0GW3QGOYFn4r7DHcVC8KuatUnNs6MGB"},{"disabled":false,"description":"(Required) Oauth Key","key":"auth","value":""},{"disabled":false,"description":"(Required) Date - Epoch format","key":"Timestamp","value":"1563309156733"},{"disabled":false,"description":"(Required) Randomly generated by client","key":"Client-Request-Id","value":"6NYHj9Pgyxc84rmafpwG4fjhLwFfJYFVmxJOcgziD0QN3q6mGC"},{"key":"Accept","value":"application/json"}],"method":"POST","body":{"mode":"raw","raw":"{\n  \"instituicao\": \"00000003\",\n  \"documento\": \"12345678901\",\n  \"serviceContract\": \"101\",\n  \"taxas\": [\n    {\n      \"areaEvento\": \"<string>\",\n      \"categoria\": \"<string>\",\n      \"codigoBandeira\": \"<string>\",\n      \"codigoProduto\": \"<string>\",\n      \"taxa\": \"11.31\",\n      \"tipoTransacao\": \"<string>\"\n    },\n    {\n      \"areaEvento\": \"<string>\",\n      \"categoria\": \"<string>\",\n      \"codigoBandeira\": \"<string>\",\n      \"codigoProduto\": \"<string>\",\n      \"taxa\": \"11.31\",\n      \"tipoTransacao\": \"<string>\"\n    }\n  ]\n}","options":{"raw":{"language":"json"}}}},"status":"Forbidden","code":403,"header":[{"key":"Content-Type","value":"application/json"}],"body":"{\n  \"codigoRetorno\": 3,\n  \"mensagem\": \"6 - Token expirado - (Meaning Expired Token\"\n}","cookie":[],"_postman_previewlanguage":"json"},{"id":"5559a351-0adb-4055-8451-460f24156eff","name":"Not Found","originalRequest":{"url":{"path":["bwa","validacao-cliente","v2","credenciamento","taxa"],"host":["{{baseUrl}}"],"query":[],"variable":[]},"header":[{"disabled":false,"description":"(Required) HMAC","key":"Message-Signature","value":"1tsmkG9Ip3k2rcO5cETButfP3D/RS6U8troFF+mUrno="},{"disabled":false,"description":"(Required) APigee Key","key":"Api-Key","value":"X0GW3QGOYFn4r7DHcVC8KuatUnNs6MGB"},{"disabled":false,"description":"(Required) Oauth Key","key":"auth","value":""},{"disabled":false,"description":"(Required) Date - Epoch format","key":"Timestamp","value":"1563309156733"},{"disabled":false,"description":"(Required) Randomly generated by client","key":"Client-Request-Id","value":"6NYHj9Pgyxc84rmafpwG4fjhLwFfJYFVmxJOcgziD0QN3q6mGC"},{"key":"Accept","value":"application/json"}],"method":"POST","body":{"mode":"raw","raw":"{\n  \"instituicao\": \"00000003\",\n  \"documento\": \"12345678901\",\n  \"serviceContract\": \"101\",\n  \"taxas\": [\n    {\n      \"areaEvento\": \"<string>\",\n      \"categoria\": \"<string>\",\n      \"codigoBandeira\": \"<string>\",\n      \"codigoProduto\": \"<string>\",\n      \"taxa\": \"11.31\",\n      \"tipoTransacao\": \"<string>\"\n    },\n    {\n      \"areaEvento\": \"<string>\",\n      \"categoria\": \"<string>\",\n      \"codigoBandeira\": \"<string>\",\n      \"codigoProduto\": \"<string>\",\n      \"taxa\": \"11.31\",\n      \"tipoTransacao\": \"<string>\"\n    }\n  ]\n}","options":{"raw":{"language":"json"}}}},"status":"Not Found","code":404,"header":[{"key":"Content-Type","value":"application/json"}],"body":"{\n  \"codigoRetorno\": {},\n  \"mensagem\": \"Item nao encontrado - (Meaning item not found)\"\n}","cookie":[],"_postman_previewlanguage":"json"},{"id":"a1d8eff1-a1ff-47c8-8cb0-c22ff29dd9f2","name":"Conflict","originalRequest":{"url":{"path":["bwa","validacao-cliente","v2","credenciamento","taxa"],"host":["{{baseUrl}}"],"query":[],"variable":[]},"header":[{"disabled":false,"description":"(Required) HMAC","key":"Message-Signature","value":"1tsmkG9Ip3k2rcO5cETButfP3D/RS6U8troFF+mUrno="},{"disabled":false,"description":"(Required) APigee Key","key":"Api-Key","value":"X0GW3QGOYFn4r7DHcVC8KuatUnNs6MGB"},{"disabled":false,"description":"(Required) Oauth Key","key":"auth","value":""},{"disabled":false,"description":"(Required) Date - Epoch format","key":"Timestamp","value":"1563309156733"},{"disabled":false,"description":"(Required) Randomly generated by client","key":"Client-Request-Id","value":"6NYHj9Pgyxc84rmafpwG4fjhLwFfJYFVmxJOcgziD0QN3q6mGC"},{"key":"Accept","value":"application/json"}],"method":"POST","body":{"mode":"raw","raw":"{\n  \"instituicao\": \"00000003\",\n  \"documento\": \"12345678901\",\n  \"serviceContract\": \"101\",\n  \"taxas\": [\n    {\n      \"areaEvento\": \"<string>\",\n      \"categoria\": \"<string>\",\n      \"codigoBandeira\": \"<string>\",\n      \"codigoProduto\": \"<string>\",\n      \"taxa\": \"11.31\",\n      \"tipoTransacao\": \"<string>\"\n    },\n    {\n      \"areaEvento\": \"<string>\",\n      \"categoria\": \"<string>\",\n      \"codigoBandeira\": \"<string>\",\n      \"codigoProduto\": \"<string>\",\n      \"taxa\": \"11.31\",\n      \"tipoTransacao\": \"<string>\"\n    }\n  ]\n}","options":{"raw":{"language":"json"}}}},"status":"Conflict","code":409,"header":[{"key":"Content-Type","value":"application/json"}],"body":"{\n  \"codigoRetorno\": {},\n  \"mensagem\": \"Item duplicado - (Meaning Duplicated Item)\"\n}","cookie":[],"_postman_previewlanguage":"json"},{"id":"13e59d47-a105-4664-8cbd-fe5711adeba7","name":"Internal Server Error","originalRequest":{"url":{"path":["bwa","validacao-cliente","v2","credenciamento","taxa"],"host":["{{baseUrl}}"],"query":[],"variable":[]},"header":[{"disabled":false,"description":"(Required) HMAC","key":"Message-Signature","value":"1tsmkG9Ip3k2rcO5cETButfP3D/RS6U8troFF+mUrno="},{"disabled":false,"description":"(Required) APigee Key","key":"Api-Key","value":"X0GW3QGOYFn4r7DHcVC8KuatUnNs6MGB"},{"disabled":false,"description":"(Required) Oauth Key","key":"auth","value":""},{"disabled":false,"description":"(Required) Date - Epoch format","key":"Timestamp","value":"1563309156733"},{"disabled":false,"description":"(Required) Randomly generated by client","key":"Client-Request-Id","value":"6NYHj9Pgyxc84rmafpwG4fjhLwFfJYFVmxJOcgziD0QN3q6mGC"},{"key":"Accept","value":"application/json"}],"method":"POST","body":{"mode":"raw","raw":"{\n  \"instituicao\": \"00000003\",\n  \"documento\": \"12345678901\",\n  \"serviceContract\": \"101\",\n  \"taxas\": [\n    {\n      \"areaEvento\": \"<string>\",\n      \"categoria\": \"<string>\",\n      \"codigoBandeira\": \"<string>\",\n      \"codigoProduto\": \"<string>\",\n      \"taxa\": \"11.31\",\n      \"tipoTransacao\": \"<string>\"\n    },\n    {\n      \"areaEvento\": \"<string>\",\n      \"categoria\": \"<string>\",\n      \"codigoBandeira\": \"<string>\",\n      \"codigoProduto\": \"<string>\",\n      \"taxa\": \"11.31\",\n      \"tipoTransacao\": \"<string>\"\n    }\n  ]\n}","options":{"raw":{"language":"json"}}}},"status":"Internal Server Error","code":500,"header":[{"key":"Content-Type","value":"application/json"}],"body":"{\n  \"codigoRetorno\": 2,\n  \"mensagem\": \"2 - Erro Interno - (Meaning Internal Error)\"\n}","cookie":[],"_postman_previewlanguage":"json"}],"event":[],"protocolProfileBehavior":{"disableBodyPruning":true}},{"id":"97435daf-3f6e-4551-bb0d-10322c6a48f2","name":"Merchant Information & Cases","request":{"name":"Merchant Information & Cases","description":{"content":"Validation by Technology - ECommerce X POS comparison","type":"text/plain"},"url":{"path":["bwa","validacao-cliente","v2","credenciamento","tecnologia",":codigoTecnologia",":instituicao",":documento"],"host":["{{baseUrl}}"],"query":[],"variable":[{"disabled":false,"type":"any","value":"<string>","key":"instituicao","description":"(Required) Merchant Institution Number (7 digits)"},{"disabled":false,"type":"any","value":"<string>","key":"documento","description":"(Required) Tax ID to Verified - 11 digits for CPF and 14 for CNPJ"},{"disabled":false,"type":"any","value":"<string>","key":"codigoTecnologia","description":"(Required) Technology group to be Verified"}]},"header":[{"disabled":false,"description":"(Required) HMAC","key":"Message-Signature","value":"<string>"},{"disabled":false,"description":"(Required) APigee Key","key":"Api-Key","value":"<string>"},{"disabled":false,"description":"(Required) Oauth Key","key":"auth","value":"<string>"},{"disabled":false,"description":"(Required) Date - Epoch format","key":"Timestamp","value":"<string>"},{"disabled":false,"description":"(Required) Randomly generated by client","key":"Client-Request-Id","value":"<string>"},{"key":"Accept","value":"application/json"}],"method":"GET","auth":null},"response":[{"id":"84e6d2ac-3a44-40a0-a0c3-b2e081f5ff0d","name":"Successfully Done","originalRequest":{"url":{"path":["bwa","validacao-cliente","v2","credenciamento","tecnologia",":codigoTecnologia",":instituicao",":documento"],"host":["{{baseUrl}}"],"query":[],"variable":[{"disabled":false,"type":"any","value":"<string>","key":"instituicao","description":"(Required) Merchant Institution Number (7 digits)"},{"disabled":false,"type":"any","value":"<string>","key":"documento","description":"(Required) Tax ID to Verified - 11 digits for CPF and 14 for CNPJ"},{"disabled":false,"type":"any","value":"<string>","key":"codigoTecnologia","description":"(Required) Technology group to be Verified"}]},"header":[{"disabled":false,"description":"(Required) HMAC","key":"Message-Signature","value":"1tsmkG9Ip3k2rcO5cETButfP3D/RS6U8troFF+mUrno="},{"disabled":false,"description":"(Required) APigee Key","key":"Api-Key","value":"X0GW3QGOYFn4r7DHcVC8KuatUnNs6MGB"},{"disabled":false,"description":"(Required) Oauth Key","key":"auth","value":""},{"disabled":false,"description":"(Required) Date - Epoch format","key":"Timestamp","value":"1563309156733"},{"disabled":false,"description":"(Required) Randomly generated by client","key":"Client-Request-Id","value":"6NYHj9Pgyxc84rmafpwG4fjhLwFfJYFVmxJOcgziD0QN3q6mGC"},{"key":"Accept","value":"application/json"}],"method":"GET","body":{}},"status":"OK","code":200,"header":[{"key":"Content-Type","value":"application/json"}],"body":"{\n  \"codigoRetorno\": 0,\n  \"mensagem\": \"Sucesso.\",\n  \"conteudo\": {\n    \"cadastramento\": false,\n    \"mensagem\": \"Cadastro já existente com mesma tecnologia! Não é possível prosseguir com o credenciamento\"\n  }\n}","cookie":[],"_postman_previewlanguage":"json"},{"id":"924b4d5c-678c-4e8d-8f39-b99ef6eeca6c","name":"Partial Content","originalRequest":{"url":{"path":["bwa","validacao-cliente","v2","credenciamento","tecnologia",":codigoTecnologia",":instituicao",":documento"],"host":["{{baseUrl}}"],"query":[],"variable":[{"disabled":false,"type":"any","value":"<string>","key":"instituicao","description":"(Required) Merchant Institution Number (7 digits)"},{"disabled":false,"type":"any","value":"<string>","key":"documento","description":"(Required) Tax ID to Verified - 11 digits for CPF and 14 for CNPJ"},{"disabled":false,"type":"any","value":"<string>","key":"codigoTecnologia","description":"(Required) Technology group to be Verified"}]},"header":[{"disabled":false,"description":"(Required) HMAC","key":"Message-Signature","value":"1tsmkG9Ip3k2rcO5cETButfP3D/RS6U8troFF+mUrno="},{"disabled":false,"description":"(Required) APigee Key","key":"Api-Key","value":"X0GW3QGOYFn4r7DHcVC8KuatUnNs6MGB"},{"disabled":false,"description":"(Required) Oauth Key","key":"auth","value":""},{"disabled":false,"description":"(Required) Date - Epoch format","key":"Timestamp","value":"1563309156733"},{"disabled":false,"description":"(Required) Randomly generated by client","key":"Client-Request-Id","value":"6NYHj9Pgyxc84rmafpwG4fjhLwFfJYFVmxJOcgziD0QN3q6mGC"},{"key":"Accept","value":"application/json"}],"method":"GET","body":{}},"status":"Partial Content","code":206,"header":[{"key":"Content-Type","value":"application/json"}],"body":"{\n  \"codigoRetorno\": 9,\n  \"mensagem\": \"10 - (Erro validaçao) - (meaning VAlidation Error)\"\n}","cookie":[],"_postman_previewlanguage":"json"},{"id":"ff3e32be-04e6-47f4-934e-9d712f970d33","name":"Unauthorized","originalRequest":{"url":{"path":["bwa","validacao-cliente","v2","credenciamento","tecnologia",":codigoTecnologia",":instituicao",":documento"],"host":["{{baseUrl}}"],"query":[],"variable":[{"disabled":false,"type":"any","value":"<string>","key":"instituicao","description":"(Required) Merchant Institution Number (7 digits)"},{"disabled":false,"type":"any","value":"<string>","key":"documento","description":"(Required) Tax ID to Verified - 11 digits for CPF and 14 for CNPJ"},{"disabled":false,"type":"any","value":"<string>","key":"codigoTecnologia","description":"(Required) Technology group to be Verified"}]},"header":[{"disabled":false,"description":"(Required) HMAC","key":"Message-Signature","value":"1tsmkG9Ip3k2rcO5cETButfP3D/RS6U8troFF+mUrno="},{"disabled":false,"description":"(Required) APigee Key","key":"Api-Key","value":"X0GW3QGOYFn4r7DHcVC8KuatUnNs6MGB"},{"disabled":false,"description":"(Required) Oauth Key","key":"auth","value":""},{"disabled":false,"description":"(Required) Date - Epoch format","key":"Timestamp","value":"1563309156733"},{"disabled":false,"description":"(Required) Randomly generated by client","key":"Client-Request-Id","value":"6NYHj9Pgyxc84rmafpwG4fjhLwFfJYFVmxJOcgziD0QN3q6mGC"},{"key":"Accept","value":"application/json"}],"method":"GET","body":{}},"status":"Unauthorized","code":401,"header":[{"key":"Content-Type","value":"application/json"}],"body":"{\n  \"codigoRetorno\": {},\n  \"mensagem\": \"Acesso nao autorizado ao conteudo pesquisado - Meaning Not Authorized Access\"\n}","cookie":[],"_postman_previewlanguage":"json"},{"id":"012148aa-9dd9-4f5a-ad81-e48d2324fbae","name":"Forbidden","originalRequest":{"url":{"path":["bwa","validacao-cliente","v2","credenciamento","tecnologia",":codigoTecnologia",":instituicao",":documento"],"host":["{{baseUrl}}"],"query":[],"variable":[{"disabled":false,"type":"any","value":"<string>","key":"instituicao","description":"(Required) Merchant Institution Number (7 digits)"},{"disabled":false,"type":"any","value":"<string>","key":"documento","description":"(Required) Tax ID to Verified - 11 digits for CPF and 14 for CNPJ"},{"disabled":false,"type":"any","value":"<string>","key":"codigoTecnologia","description":"(Required) Technology group to be Verified"}]},"header":[{"disabled":false,"description":"(Required) HMAC","key":"Message-Signature","value":"1tsmkG9Ip3k2rcO5cETButfP3D/RS6U8troFF+mUrno="},{"disabled":false,"description":"(Required) APigee Key","key":"Api-Key","value":"X0GW3QGOYFn4r7DHcVC8KuatUnNs6MGB"},{"disabled":false,"description":"(Required) Oauth Key","key":"auth","value":""},{"disabled":false,"description":"(Required) Date - Epoch format","key":"Timestamp","value":"1563309156733"},{"disabled":false,"description":"(Required) Randomly generated by client","key":"Client-Request-Id","value":"6NYHj9Pgyxc84rmafpwG4fjhLwFfJYFVmxJOcgziD0QN3q6mGC"},{"key":"Accept","value":"application/json"}],"method":"GET","body":{}},"status":"Forbidden","code":403,"header":[{"key":"Content-Type","value":"application/json"}],"body":"{\n  \"codigoRetorno\": 3,\n  \"mensagem\": \"6 - Token expirado - (Meaning Expired Token\"\n}","cookie":[],"_postman_previewlanguage":"json"},{"id":"ef5dcd1e-bb5a-48b4-b593-a28c73c93711","name":"Not Found","originalRequest":{"url":{"path":["bwa","validacao-cliente","v2","credenciamento","tecnologia",":codigoTecnologia",":instituicao",":documento"],"host":["{{baseUrl}}"],"query":[],"variable":[{"disabled":false,"type":"any","value":"<string>","key":"instituicao","description":"(Required) Merchant Institution Number (7 digits)"},{"disabled":false,"type":"any","value":"<string>","key":"documento","description":"(Required) Tax ID to Verified - 11 digits for CPF and 14 for CNPJ"},{"disabled":false,"type":"any","value":"<string>","key":"codigoTecnologia","description":"(Required) Technology group to be Verified"}]},"header":[{"disabled":false,"description":"(Required) HMAC","key":"Message-Signature","value":"1tsmkG9Ip3k2rcO5cETButfP3D/RS6U8troFF+mUrno="},{"disabled":false,"description":"(Required) APigee Key","key":"Api-Key","value":"X0GW3QGOYFn4r7DHcVC8KuatUnNs6MGB"},{"disabled":false,"description":"(Required) Oauth Key","key":"auth","value":""},{"disabled":false,"description":"(Required) Date - Epoch format","key":"Timestamp","value":"1563309156733"},{"disabled":false,"description":"(Required) Randomly generated by client","key":"Client-Request-Id","value":"6NYHj9Pgyxc84rmafpwG4fjhLwFfJYFVmxJOcgziD0QN3q6mGC"},{"key":"Accept","value":"application/json"}],"method":"GET","body":{}},"status":"Not Found","code":404,"header":[{"key":"Content-Type","value":"application/json"}],"body":"{\n  \"codigoRetorno\": {},\n  \"mensagem\": \"Item nao encontrado - (Meaning item not found)\"\n}","cookie":[],"_postman_previewlanguage":"json"},{"id":"21b5d269-24ed-421a-a3fd-10fca8cdedcb","name":"Conflict","originalRequest":{"url":{"path":["bwa","validacao-cliente","v2","credenciamento","tecnologia",":codigoTecnologia",":instituicao",":documento"],"host":["{{baseUrl}}"],"query":[],"variable":[{"disabled":false,"type":"any","value":"<string>","key":"instituicao","description":"(Required) Merchant Institution Number (7 digits)"},{"disabled":false,"type":"any","value":"<string>","key":"documento","description":"(Required) Tax ID to Verified - 11 digits for CPF and 14 for CNPJ"},{"disabled":false,"type":"any","value":"<string>","key":"codigoTecnologia","description":"(Required) Technology group to be Verified"}]},"header":[{"disabled":false,"description":"(Required) HMAC","key":"Message-Signature","value":"1tsmkG9Ip3k2rcO5cETButfP3D/RS6U8troFF+mUrno="},{"disabled":false,"description":"(Required) APigee Key","key":"Api-Key","value":"X0GW3QGOYFn4r7DHcVC8KuatUnNs6MGB"},{"disabled":false,"description":"(Required) Oauth Key","key":"auth","value":""},{"disabled":false,"description":"(Required) Date - Epoch format","key":"Timestamp","value":"1563309156733"},{"disabled":false,"description":"(Required) Randomly generated by client","key":"Client-Request-Id","value":"6NYHj9Pgyxc84rmafpwG4fjhLwFfJYFVmxJOcgziD0QN3q6mGC"},{"key":"Accept","value":"application/json"}],"method":"GET","body":{}},"status":"Conflict","code":409,"header":[{"key":"Content-Type","value":"application/json"}],"body":"{\n  \"codigoRetorno\": {},\n  \"mensagem\": \"Item duplicado - (Meaning Duplicated Item)\"\n}","cookie":[],"_postman_previewlanguage":"json"},{"id":"aa3a554e-43c6-4e71-bb28-c096b5ca1856","name":"Internal Server Error","originalRequest":{"url":{"path":["bwa","validacao-cliente","v2","credenciamento","tecnologia",":codigoTecnologia",":instituicao",":documento"],"host":["{{baseUrl}}"],"query":[],"variable":[{"disabled":false,"type":"any","value":"<string>","key":"instituicao","description":"(Required) Merchant Institution Number (7 digits)"},{"disabled":false,"type":"any","value":"<string>","key":"documento","description":"(Required) Tax ID to Verified - 11 digits for CPF and 14 for CNPJ"},{"disabled":false,"type":"any","value":"<string>","key":"codigoTecnologia","description":"(Required) Technology group to be Verified"}]},"header":[{"disabled":false,"description":"(Required) HMAC","key":"Message-Signature","value":"1tsmkG9Ip3k2rcO5cETButfP3D/RS6U8troFF+mUrno="},{"disabled":false,"description":"(Required) APigee Key","key":"Api-Key","value":"X0GW3QGOYFn4r7DHcVC8KuatUnNs6MGB"},{"disabled":false,"description":"(Required) Oauth Key","key":"auth","value":""},{"disabled":false,"description":"(Required) Date - Epoch format","key":"Timestamp","value":"1563309156733"},{"disabled":false,"description":"(Required) Randomly generated by client","key":"Client-Request-Id","value":"6NYHj9Pgyxc84rmafpwG4fjhLwFfJYFVmxJOcgziD0QN3q6mGC"},{"key":"Accept","value":"application/json"}],"method":"GET","body":{}},"status":"Internal Server Error","code":500,"header":[{"key":"Content-Type","value":"application/json"}],"body":"{\n  \"codigoRetorno\": 2,\n  \"mensagem\": \"2 - Erro Interno - (Meaning Internal Error)\"\n}","cookie":[],"_postman_previewlanguage":"json"}],"event":[],"protocolProfileBehavior":{"disableBodyPruning":true}}],"event":[]}],"event":[]},{"id":"ee38d0a2-59f8-4b6f-9f89-5a4411c12249","name":"v3/credenciamento","item":[{"id":"40f0c2c0-df90-47c9-bd5a-5cde72f78656","name":"Merchant Information & Cases","request":{"name":"Merchant Information & Cases","description":{"content":"Validation by Institution and Tax ID and Service contract","type":"text/plain"},"url":{"path":["bwa","validacao-cliente","v3","credenciamento","documento",":instituicao",":documento",":service-contract"],"host":["{{baseUrl}}"],"query":[],"variable":[{"disabled":false,"type":"any","value":"<string>","key":"instituicao","description":"(Required) Merchant Institution Number  (7 digits)"},{"disabled":false,"type":"any","value":"<string>","key":"documento","description":"(Required) Tax ID to be Searched - 11 digits for CPF and 14 for CNPJ"},{"disabled":false,"type":"any","value":"<string>","key":"service-contract","description":"(Required) Service contract be Searched (3 digits)"}]},"header":[{"disabled":false,"description":"(Required) HMAC","key":"Message-Signature","value":"<string>"},{"disabled":false,"description":"(Required) APigee Key","key":"Api-Key","value":"<string>"},{"disabled":false,"description":"(Required) Oauth Key","key":"auth","value":"<string>"},{"disabled":false,"description":"(Required) Date - Epoch format","key":"Timestamp","value":"<string>"},{"disabled":false,"description":"(Required) Randomly generated by client","key":"Client-Request-Id","value":"<string>"},{"key":"Accept","value":"application/json"}],"method":"GET","auth":null},"response":[{"id":"f1bcc622-e896-4d72-925a-6510cd17d53a","name":"Successfully Done","originalRequest":{"url":{"path":["bwa","validacao-cliente","v3","credenciamento","documento",":instituicao",":documento",":service-contract"],"host":["{{baseUrl}}"],"query":[],"variable":[{"disabled":false,"type":"any","value":"<string>","key":"instituicao","description":"(Required) Merchant Institution Number  (7 digits)"},{"disabled":false,"type":"any","value":"<string>","key":"documento","description":"(Required) Tax ID to be Searched - 11 digits for CPF and 14 for CNPJ"},{"disabled":false,"type":"any","value":"<string>","key":"service-contract","description":"(Required) Service contract be Searched (3 digits)"}]},"header":[{"disabled":false,"description":"(Required) HMAC","key":"Message-Signature","value":"1tsmkG9Ip3k2rcO5cETButfP3D/RS6U8troFF+mUrno="},{"disabled":false,"description":"(Required) APigee Key","key":"Api-Key","value":"X0GW3QGOYFn4r7DHcVC8KuatUnNs6MGB"},{"disabled":false,"description":"(Required) Oauth Key","key":"auth","value":""},{"disabled":false,"description":"(Required) Date - Epoch format","key":"Timestamp","value":"1563309156733"},{"disabled":false,"description":"(Required) Randomly generated by client","key":"Client-Request-Id","value":"6NYHj9Pgyxc84rmafpwG4fjhLwFfJYFVmxJOcgziD0QN3q6mGC"},{"key":"Accept","value":"application/json"}],"method":"GET","body":{}},"status":"OK","code":200,"header":[{"key":"Content-Type","value":"application/json"}],"body":"{\n  \"codigoRetorno\": 0,\n  \"mensagem\": \"Sucesso.\",\n  \"conteudo\": {\n    \"cadastramento\": false,\n    \"mensagem\": \"Cadastro já existente ativo! Não é possível prosseguir com o credenciamento.\"\n  }\n}","cookie":[],"_postman_previewlanguage":"json"},{"id":"3018a55a-53ba-4b29-869d-a18ee35c05bf","name":"Partial Content","originalRequest":{"url":{"path":["bwa","validacao-cliente","v3","credenciamento","documento",":instituicao",":documento",":service-contract"],"host":["{{baseUrl}}"],"query":[],"variable":[{"disabled":false,"type":"any","value":"<string>","key":"instituicao","description":"(Required) Merchant Institution Number  (7 digits)"},{"disabled":false,"type":"any","value":"<string>","key":"documento","description":"(Required) Tax ID to be Searched - 11 digits for CPF and 14 for CNPJ"},{"disabled":false,"type":"any","value":"<string>","key":"service-contract","description":"(Required) Service contract be Searched (3 digits)"}]},"header":[{"disabled":false,"description":"(Required) HMAC","key":"Message-Signature","value":"1tsmkG9Ip3k2rcO5cETButfP3D/RS6U8troFF+mUrno="},{"disabled":false,"description":"(Required) APigee Key","key":"Api-Key","value":"X0GW3QGOYFn4r7DHcVC8KuatUnNs6MGB"},{"disabled":false,"description":"(Required) Oauth Key","key":"auth","value":""},{"disabled":false,"description":"(Required) Date - Epoch format","key":"Timestamp","value":"1563309156733"},{"disabled":false,"description":"(Required) Randomly generated by client","key":"Client-Request-Id","value":"6NYHj9Pgyxc84rmafpwG4fjhLwFfJYFVmxJOcgziD0QN3q6mGC"},{"key":"Accept","value":"application/json"}],"method":"GET","body":{}},"status":"Partial Content","code":206,"header":[{"key":"Content-Type","value":"application/json"}],"body":"{\n  \"codigoRetorno\": 9,\n  \"mensagem\": \"10 - (Erro validaçao) - (meaning VAlidation Error)\"\n}","cookie":[],"_postman_previewlanguage":"json"},{"id":"2dd2d8e9-6c9e-44c0-9bbf-3aa9fc0f818c","name":"Unauthorized","originalRequest":{"url":{"path":["bwa","validacao-cliente","v3","credenciamento","documento",":instituicao",":documento",":service-contract"],"host":["{{baseUrl}}"],"query":[],"variable":[{"disabled":false,"type":"any","value":"<string>","key":"instituicao","description":"(Required) Merchant Institution Number  (7 digits)"},{"disabled":false,"type":"any","value":"<string>","key":"documento","description":"(Required) Tax ID to be Searched - 11 digits for CPF and 14 for CNPJ"},{"disabled":false,"type":"any","value":"<string>","key":"service-contract","description":"(Required) Service contract be Searched (3 digits)"}]},"header":[{"disabled":false,"description":"(Required) HMAC","key":"Message-Signature","value":"1tsmkG9Ip3k2rcO5cETButfP3D/RS6U8troFF+mUrno="},{"disabled":false,"description":"(Required) APigee Key","key":"Api-Key","value":"X0GW3QGOYFn4r7DHcVC8KuatUnNs6MGB"},{"disabled":false,"description":"(Required) Oauth Key","key":"auth","value":""},{"disabled":false,"description":"(Required) Date - Epoch format","key":"Timestamp","value":"1563309156733"},{"disabled":false,"description":"(Required) Randomly generated by client","key":"Client-Request-Id","value":"6NYHj9Pgyxc84rmafpwG4fjhLwFfJYFVmxJOcgziD0QN3q6mGC"},{"key":"Accept","value":"application/json"}],"method":"GET","body":{}},"status":"Unauthorized","code":401,"header":[{"key":"Content-Type","value":"application/json"}],"body":"{\n  \"codigoRetorno\": {},\n  \"mensagem\": \"Acesso nao autorizado ao conteudo pesquisado - Meaning Not Authorized Access\"\n}","cookie":[],"_postman_previewlanguage":"json"},{"id":"f00fdcf1-b7a6-48c2-8721-9de2ad6abafd","name":"Forbidden","originalRequest":{"url":{"path":["bwa","validacao-cliente","v3","credenciamento","documento",":instituicao",":documento",":service-contract"],"host":["{{baseUrl}}"],"query":[],"variable":[{"disabled":false,"type":"any","value":"<string>","key":"instituicao","description":"(Required) Merchant Institution Number  (7 digits)"},{"disabled":false,"type":"any","value":"<string>","key":"documento","description":"(Required) Tax ID to be Searched - 11 digits for CPF and 14 for CNPJ"},{"disabled":false,"type":"any","value":"<string>","key":"service-contract","description":"(Required) Service contract be Searched (3 digits)"}]},"header":[{"disabled":false,"description":"(Required) HMAC","key":"Message-Signature","value":"1tsmkG9Ip3k2rcO5cETButfP3D/RS6U8troFF+mUrno="},{"disabled":false,"description":"(Required) APigee Key","key":"Api-Key","value":"X0GW3QGOYFn4r7DHcVC8KuatUnNs6MGB"},{"disabled":false,"description":"(Required) Oauth Key","key":"auth","value":""},{"disabled":false,"description":"(Required) Date - Epoch format","key":"Timestamp","value":"1563309156733"},{"disabled":false,"description":"(Required) Randomly generated by client","key":"Client-Request-Id","value":"6NYHj9Pgyxc84rmafpwG4fjhLwFfJYFVmxJOcgziD0QN3q6mGC"},{"key":"Accept","value":"application/json"}],"method":"GET","body":{}},"status":"Forbidden","code":403,"header":[{"key":"Content-Type","value":"application/json"}],"body":"{\n  \"codigoRetorno\": 3,\n  \"mensagem\": \"6 - Token expirado - (Meaning Expired Token\"\n}","cookie":[],"_postman_previewlanguage":"json"},{"id":"b290b19c-d565-4d5a-9be1-4cb695c52405","name":"Not Found","originalRequest":{"url":{"path":["bwa","validacao-cliente","v3","credenciamento","documento",":instituicao",":documento",":service-contract"],"host":["{{baseUrl}}"],"query":[],"variable":[{"disabled":false,"type":"any","value":"<string>","key":"instituicao","description":"(Required) Merchant Institution Number  (7 digits)"},{"disabled":false,"type":"any","value":"<string>","key":"documento","description":"(Required) Tax ID to be Searched - 11 digits for CPF and 14 for CNPJ"},{"disabled":false,"type":"any","value":"<string>","key":"service-contract","description":"(Required) Service contract be Searched (3 digits)"}]},"header":[{"disabled":false,"description":"(Required) HMAC","key":"Message-Signature","value":"1tsmkG9Ip3k2rcO5cETButfP3D/RS6U8troFF+mUrno="},{"disabled":false,"description":"(Required) APigee Key","key":"Api-Key","value":"X0GW3QGOYFn4r7DHcVC8KuatUnNs6MGB"},{"disabled":false,"description":"(Required) Oauth Key","key":"auth","value":""},{"disabled":false,"description":"(Required) Date - Epoch format","key":"Timestamp","value":"1563309156733"},{"disabled":false,"description":"(Required) Randomly generated by client","key":"Client-Request-Id","value":"6NYHj9Pgyxc84rmafpwG4fjhLwFfJYFVmxJOcgziD0QN3q6mGC"},{"key":"Accept","value":"application/json"}],"method":"GET","body":{}},"status":"Not Found","code":404,"header":[{"key":"Content-Type","value":"application/json"}],"body":"{\n  \"codigoRetorno\": {},\n  \"mensagem\": \"Item nao encontrado - (Meaning item not found)\"\n}","cookie":[],"_postman_previewlanguage":"json"},{"id":"addd014c-a3f4-49da-acb6-7666519cdfd0","name":"Conflict","originalRequest":{"url":{"path":["bwa","validacao-cliente","v3","credenciamento","documento",":instituicao",":documento",":service-contract"],"host":["{{baseUrl}}"],"query":[],"variable":[{"disabled":false,"type":"any","value":"<string>","key":"instituicao","description":"(Required) Merchant Institution Number  (7 digits)"},{"disabled":false,"type":"any","value":"<string>","key":"documento","description":"(Required) Tax ID to be Searched - 11 digits for CPF and 14 for CNPJ"},{"disabled":false,"type":"any","value":"<string>","key":"service-contract","description":"(Required) Service contract be Searched (3 digits)"}]},"header":[{"disabled":false,"description":"(Required) HMAC","key":"Message-Signature","value":"1tsmkG9Ip3k2rcO5cETButfP3D/RS6U8troFF+mUrno="},{"disabled":false,"description":"(Required) APigee Key","key":"Api-Key","value":"X0GW3QGOYFn4r7DHcVC8KuatUnNs6MGB"},{"disabled":false,"description":"(Required) Oauth Key","key":"auth","value":""},{"disabled":false,"description":"(Required) Date - Epoch format","key":"Timestamp","value":"1563309156733"},{"disabled":false,"description":"(Required) Randomly generated by client","key":"Client-Request-Id","value":"6NYHj9Pgyxc84rmafpwG4fjhLwFfJYFVmxJOcgziD0QN3q6mGC"},{"key":"Accept","value":"application/json"}],"method":"GET","body":{}},"status":"Conflict","code":409,"header":[{"key":"Content-Type","value":"application/json"}],"body":"{\n  \"codigoRetorno\": {},\n  \"mensagem\": \"Item duplicado - (Meaning Duplicated Item)\"\n}","cookie":[],"_postman_previewlanguage":"json"},{"id":"463ef40a-47c6-49a9-9f2b-30b5a364e4c1","name":"Internal Server Error","originalRequest":{"url":{"path":["bwa","validacao-cliente","v3","credenciamento","documento",":instituicao",":documento",":service-contract"],"host":["{{baseUrl}}"],"query":[],"variable":[{"disabled":false,"type":"any","value":"<string>","key":"instituicao","description":"(Required) Merchant Institution Number  (7 digits)"},{"disabled":false,"type":"any","value":"<string>","key":"documento","description":"(Required) Tax ID to be Searched - 11 digits for CPF and 14 for CNPJ"},{"disabled":false,"type":"any","value":"<string>","key":"service-contract","description":"(Required) Service contract be Searched (3 digits)"}]},"header":[{"disabled":false,"description":"(Required) HMAC","key":"Message-Signature","value":"1tsmkG9Ip3k2rcO5cETButfP3D/RS6U8troFF+mUrno="},{"disabled":false,"description":"(Required) APigee Key","key":"Api-Key","value":"X0GW3QGOYFn4r7DHcVC8KuatUnNs6MGB"},{"disabled":false,"description":"(Required) Oauth Key","key":"auth","value":""},{"disabled":false,"description":"(Required) Date - Epoch format","key":"Timestamp","value":"1563309156733"},{"disabled":false,"description":"(Required) Randomly generated by client","key":"Client-Request-Id","value":"6NYHj9Pgyxc84rmafpwG4fjhLwFfJYFVmxJOcgziD0QN3q6mGC"},{"key":"Accept","value":"application/json"}],"method":"GET","body":{}},"status":"Internal Server Error","code":500,"header":[{"key":"Content-Type","value":"application/json"}],"body":"{\n  \"codigoRetorno\": 2,\n  \"mensagem\": \"2 - Erro Interno - (Meaning Internal Error)\"\n}","cookie":[],"_postman_previewlanguage":"json"}],"event":[],"protocolProfileBehavior":{"disableBodyPruning":true}},{"id":"6ff13b05-03a3-4d7d-8176-0ca155dac327","name":"Merchant Information & Cases","request":{"name":"Merchant Information & Cases","description":{"content":"Validation by Technology and Service contract - ECommerce X POS comparison","type":"text/plain"},"url":{"path":["bwa","validacao-cliente","v3","credenciamento","tecnologia",":codigoTecnologia",":instituicao",":documento",":service-contract"],"host":["{{baseUrl}}"],"query":[],"variable":[{"disabled":false,"type":"any","value":"<string>","key":"instituicao","description":"(Required) Merchant Institution Number (7 digits)"},{"disabled":false,"type":"any","value":"<string>","key":"documento","description":"(Required) Tax ID to Verified - 11 digits for CPF and 14 for CNPJ"},{"disabled":false,"type":"any","value":"<string>","key":"codigoTecnologia","description":"(Required) Technology group to be Verified"},{"disabled":false,"type":"any","value":"<string>","key":"service-contract","description":"(Required) Service contract be Searched (3 digits)"}]},"header":[{"disabled":false,"description":"(Required) HMAC","key":"Message-Signature","value":"<string>"},{"disabled":false,"description":"(Required) APigee Key","key":"Api-Key","value":"<string>"},{"disabled":false,"description":"(Required) Oauth Key","key":"auth","value":"<string>"},{"disabled":false,"description":"(Required) Date - Epoch format","key":"Timestamp","value":"<string>"},{"disabled":false,"description":"(Required) Randomly generated by client","key":"Client-Request-Id","value":"<string>"},{"key":"Accept","value":"application/json"}],"method":"GET","auth":null},"response":[{"id":"faeb1484-8911-4ba1-b5a2-9c4e2596e36f","name":"Successfully Done","originalRequest":{"url":{"path":["bwa","validacao-cliente","v3","credenciamento","tecnologia",":codigoTecnologia",":instituicao",":documento",":service-contract"],"host":["{{baseUrl}}"],"query":[],"variable":[{"disabled":false,"type":"any","value":"<string>","key":"instituicao","description":"(Required) Merchant Institution Number (7 digits)"},{"disabled":false,"type":"any","value":"<string>","key":"documento","description":"(Required) Tax ID to Verified - 11 digits for CPF and 14 for CNPJ"},{"disabled":false,"type":"any","value":"<string>","key":"codigoTecnologia","description":"(Required) Technology group to be Verified"},{"disabled":false,"type":"any","value":"<string>","key":"service-contract","description":"(Required) Service contract be Searched (3 digits)"}]},"header":[{"disabled":false,"description":"(Required) HMAC","key":"Message-Signature","value":"1tsmkG9Ip3k2rcO5cETButfP3D/RS6U8troFF+mUrno="},{"disabled":false,"description":"(Required) APigee Key","key":"Api-Key","value":"X0GW3QGOYFn4r7DHcVC8KuatUnNs6MGB"},{"disabled":false,"description":"(Required) Oauth Key","key":"auth","value":""},{"disabled":false,"description":"(Required) Date - Epoch format","key":"Timestamp","value":"1563309156733"},{"disabled":false,"description":"(Required) Randomly generated by client","key":"Client-Request-Id","value":"6NYHj9Pgyxc84rmafpwG4fjhLwFfJYFVmxJOcgziD0QN3q6mGC"},{"key":"Accept","value":"application/json"}],"method":"GET","body":{}},"status":"OK","code":200,"header":[{"key":"Content-Type","value":"application/json"}],"body":"{\n  \"codigoRetorno\": 0,\n  \"mensagem\": \"Sucesso.\",\n  \"conteudo\": {\n    \"cadastramento\": false,\n    \"mensagem\": \"Cadastro já existente com mesma tecnologia! Não é possível prosseguir com o credenciamento\"\n  }\n}","cookie":[],"_postman_previewlanguage":"json"},{"id":"b69ccef9-8909-4414-a1f4-b13732a5f644","name":"Partial Content","originalRequest":{"url":{"path":["bwa","validacao-cliente","v3","credenciamento","tecnologia",":codigoTecnologia",":instituicao",":documento",":service-contract"],"host":["{{baseUrl}}"],"query":[],"variable":[{"disabled":false,"type":"any","value":"<string>","key":"instituicao","description":"(Required) Merchant Institution Number (7 digits)"},{"disabled":false,"type":"any","value":"<string>","key":"documento","description":"(Required) Tax ID to Verified - 11 digits for CPF and 14 for CNPJ"},{"disabled":false,"type":"any","value":"<string>","key":"codigoTecnologia","description":"(Required) Technology group to be Verified"},{"disabled":false,"type":"any","value":"<string>","key":"service-contract","description":"(Required) Service contract be Searched (3 digits)"}]},"header":[{"disabled":false,"description":"(Required) HMAC","key":"Message-Signature","value":"1tsmkG9Ip3k2rcO5cETButfP3D/RS6U8troFF+mUrno="},{"disabled":false,"description":"(Required) APigee Key","key":"Api-Key","value":"X0GW3QGOYFn4r7DHcVC8KuatUnNs6MGB"},{"disabled":false,"description":"(Required) Oauth Key","key":"auth","value":""},{"disabled":false,"description":"(Required) Date - Epoch format","key":"Timestamp","value":"1563309156733"},{"disabled":false,"description":"(Required) Randomly generated by client","key":"Client-Request-Id","value":"6NYHj9Pgyxc84rmafpwG4fjhLwFfJYFVmxJOcgziD0QN3q6mGC"},{"key":"Accept","value":"application/json"}],"method":"GET","body":{}},"status":"Partial Content","code":206,"header":[{"key":"Content-Type","value":"application/json"}],"body":"{\n  \"codigoRetorno\": 9,\n  \"mensagem\": \"10 - (Erro validaçao) - (meaning VAlidation Error)\"\n}","cookie":[],"_postman_previewlanguage":"json"},{"id":"78149464-9b25-44ba-99a5-826166588a1f","name":"Unauthorized","originalRequest":{"url":{"path":["bwa","validacao-cliente","v3","credenciamento","tecnologia",":codigoTecnologia",":instituicao",":documento",":service-contract"],"host":["{{baseUrl}}"],"query":[],"variable":[{"disabled":false,"type":"any","value":"<string>","key":"instituicao","description":"(Required) Merchant Institution Number (7 digits)"},{"disabled":false,"type":"any","value":"<string>","key":"documento","description":"(Required) Tax ID to Verified - 11 digits for CPF and 14 for CNPJ"},{"disabled":false,"type":"any","value":"<string>","key":"codigoTecnologia","description":"(Required) Technology group to be Verified"},{"disabled":false,"type":"any","value":"<string>","key":"service-contract","description":"(Required) Service contract be Searched (3 digits)"}]},"header":[{"disabled":false,"description":"(Required) HMAC","key":"Message-Signature","value":"1tsmkG9Ip3k2rcO5cETButfP3D/RS6U8troFF+mUrno="},{"disabled":false,"description":"(Required) APigee Key","key":"Api-Key","value":"X0GW3QGOYFn4r7DHcVC8KuatUnNs6MGB"},{"disabled":false,"description":"(Required) Oauth Key","key":"auth","value":""},{"disabled":false,"description":"(Required) Date - Epoch format","key":"Timestamp","value":"1563309156733"},{"disabled":false,"description":"(Required) Randomly generated by client","key":"Client-Request-Id","value":"6NYHj9Pgyxc84rmafpwG4fjhLwFfJYFVmxJOcgziD0QN3q6mGC"},{"key":"Accept","value":"application/json"}],"method":"GET","body":{}},"status":"Unauthorized","code":401,"header":[{"key":"Content-Type","value":"application/json"}],"body":"{\n  \"codigoRetorno\": {},\n  \"mensagem\": \"Acesso nao autorizado ao conteudo pesquisado - Meaning Not Authorized Access\"\n}","cookie":[],"_postman_previewlanguage":"json"},{"id":"25a64f17-0be8-47a5-ae4e-e96e5544dfb7","name":"Forbidden","originalRequest":{"url":{"path":["bwa","validacao-cliente","v3","credenciamento","tecnologia",":codigoTecnologia",":instituicao",":documento",":service-contract"],"host":["{{baseUrl}}"],"query":[],"variable":[{"disabled":false,"type":"any","value":"<string>","key":"instituicao","description":"(Required) Merchant Institution Number (7 digits)"},{"disabled":false,"type":"any","value":"<string>","key":"documento","description":"(Required) Tax ID to Verified - 11 digits for CPF and 14 for CNPJ"},{"disabled":false,"type":"any","value":"<string>","key":"codigoTecnologia","description":"(Required) Technology group to be Verified"},{"disabled":false,"type":"any","value":"<string>","key":"service-contract","description":"(Required) Service contract be Searched (3 digits)"}]},"header":[{"disabled":false,"description":"(Required) HMAC","key":"Message-Signature","value":"1tsmkG9Ip3k2rcO5cETButfP3D/RS6U8troFF+mUrno="},{"disabled":false,"description":"(Required) APigee Key","key":"Api-Key","value":"X0GW3QGOYFn4r7DHcVC8KuatUnNs6MGB"},{"disabled":false,"description":"(Required) Oauth Key","key":"auth","value":""},{"disabled":false,"description":"(Required) Date - Epoch format","key":"Timestamp","value":"1563309156733"},{"disabled":false,"description":"(Required) Randomly generated by client","key":"Client-Request-Id","value":"6NYHj9Pgyxc84rmafpwG4fjhLwFfJYFVmxJOcgziD0QN3q6mGC"},{"key":"Accept","value":"application/json"}],"method":"GET","body":{}},"status":"Forbidden","code":403,"header":[{"key":"Content-Type","value":"application/json"}],"body":"{\n  \"codigoRetorno\": 3,\n  \"mensagem\": \"6 - Token expirado - (Meaning Expired Token\"\n}","cookie":[],"_postman_previewlanguage":"json"},{"id":"50b2a4b4-0481-4b3c-9750-11179fdf86ce","name":"Not Found","originalRequest":{"url":{"path":["bwa","validacao-cliente","v3","credenciamento","tecnologia",":codigoTecnologia",":instituicao",":documento",":service-contract"],"host":["{{baseUrl}}"],"query":[],"variable":[{"disabled":false,"type":"any","value":"<string>","key":"instituicao","description":"(Required) Merchant Institution Number (7 digits)"},{"disabled":false,"type":"any","value":"<string>","key":"documento","description":"(Required) Tax ID to Verified - 11 digits for CPF and 14 for CNPJ"},{"disabled":false,"type":"any","value":"<string>","key":"codigoTecnologia","description":"(Required) Technology group to be Verified"},{"disabled":false,"type":"any","value":"<string>","key":"service-contract","description":"(Required) Service contract be Searched (3 digits)"}]},"header":[{"disabled":false,"description":"(Required) HMAC","key":"Message-Signature","value":"1tsmkG9Ip3k2rcO5cETButfP3D/RS6U8troFF+mUrno="},{"disabled":false,"description":"(Required) APigee Key","key":"Api-Key","value":"X0GW3QGOYFn4r7DHcVC8KuatUnNs6MGB"},{"disabled":false,"description":"(Required) Oauth Key","key":"auth","value":""},{"disabled":false,"description":"(Required) Date - Epoch format","key":"Timestamp","value":"1563309156733"},{"disabled":false,"description":"(Required) Randomly generated by client","key":"Client-Request-Id","value":"6NYHj9Pgyxc84rmafpwG4fjhLwFfJYFVmxJOcgziD0QN3q6mGC"},{"key":"Accept","value":"application/json"}],"method":"GET","body":{}},"status":"Not Found","code":404,"header":[{"key":"Content-Type","value":"application/json"}],"body":"{\n  \"codigoRetorno\": {},\n  \"mensagem\": \"Item nao encontrado - (Meaning item not found)\"\n}","cookie":[],"_postman_previewlanguage":"json"},{"id":"fe3085ff-17c6-4f23-8653-2b60ebc260d2","name":"Conflict","originalRequest":{"url":{"path":["bwa","validacao-cliente","v3","credenciamento","tecnologia",":codigoTecnologia",":instituicao",":documento",":service-contract"],"host":["{{baseUrl}}"],"query":[],"variable":[{"disabled":false,"type":"any","value":"<string>","key":"instituicao","description":"(Required) Merchant Institution Number (7 digits)"},{"disabled":false,"type":"any","value":"<string>","key":"documento","description":"(Required) Tax ID to Verified - 11 digits for CPF and 14 for CNPJ"},{"disabled":false,"type":"any","value":"<string>","key":"codigoTecnologia","description":"(Required) Technology group to be Verified"},{"disabled":false,"type":"any","value":"<string>","key":"service-contract","description":"(Required) Service contract be Searched (3 digits)"}]},"header":[{"disabled":false,"description":"(Required) HMAC","key":"Message-Signature","value":"1tsmkG9Ip3k2rcO5cETButfP3D/RS6U8troFF+mUrno="},{"disabled":false,"description":"(Required) APigee Key","key":"Api-Key","value":"X0GW3QGOYFn4r7DHcVC8KuatUnNs6MGB"},{"disabled":false,"description":"(Required) Oauth Key","key":"auth","value":""},{"disabled":false,"description":"(Required) Date - Epoch format","key":"Timestamp","value":"1563309156733"},{"disabled":false,"description":"(Required) Randomly generated by client","key":"Client-Request-Id","value":"6NYHj9Pgyxc84rmafpwG4fjhLwFfJYFVmxJOcgziD0QN3q6mGC"},{"key":"Accept","value":"application/json"}],"method":"GET","body":{}},"status":"Conflict","code":409,"header":[{"key":"Content-Type","value":"application/json"}],"body":"{\n  \"codigoRetorno\": {},\n  \"mensagem\": \"Item duplicado - (Meaning Duplicated Item)\"\n}","cookie":[],"_postman_previewlanguage":"json"},{"id":"0c39959a-e060-4fc5-9fac-d09e996ff7a8","name":"Internal Server Error","originalRequest":{"url":{"path":["bwa","validacao-cliente","v3","credenciamento","tecnologia",":codigoTecnologia",":instituicao",":documento",":service-contract"],"host":["{{baseUrl}}"],"query":[],"variable":[{"disabled":false,"type":"any","value":"<string>","key":"instituicao","description":"(Required) Merchant Institution Number (7 digits)"},{"disabled":false,"type":"any","value":"<string>","key":"documento","description":"(Required) Tax ID to Verified - 11 digits for CPF and 14 for CNPJ"},{"disabled":false,"type":"any","value":"<string>","key":"codigoTecnologia","description":"(Required) Technology group to be Verified"},{"disabled":false,"type":"any","value":"<string>","key":"service-contract","description":"(Required) Service contract be Searched (3 digits)"}]},"header":[{"disabled":false,"description":"(Required) HMAC","key":"Message-Signature","value":"1tsmkG9Ip3k2rcO5cETButfP3D/RS6U8troFF+mUrno="},{"disabled":false,"description":"(Required) APigee Key","key":"Api-Key","value":"X0GW3QGOYFn4r7DHcVC8KuatUnNs6MGB"},{"disabled":false,"description":"(Required) Oauth Key","key":"auth","value":""},{"disabled":false,"description":"(Required) Date - Epoch format","key":"Timestamp","value":"1563309156733"},{"disabled":false,"description":"(Required) Randomly generated by client","key":"Client-Request-Id","value":"6NYHj9Pgyxc84rmafpwG4fjhLwFfJYFVmxJOcgziD0QN3q6mGC"},{"key":"Accept","value":"application/json"}],"method":"GET","body":{}},"status":"Internal Server Error","code":500,"header":[{"key":"Content-Type","value":"application/json"}],"body":"{\n  \"codigoRetorno\": 2,\n  \"mensagem\": \"2 - Erro Interno - (Meaning Internal Error)\"\n}","cookie":[],"_postman_previewlanguage":"json"}],"event":[],"protocolProfileBehavior":{"disableBodyPruning":true}}],"event":[]}],"event":[]}],"event":[],"variable":[{"type":"string","value":"https://cat.api.firstdata.com","key":"baseUrl"}],"info":{"_postman_id":"d7350dce-fa9f-47c9-8995-32c5dac6eb2d","name":"Existing Client Verification, by Tax ID, Document, Channel and Tecnology (CPF/CNPJ)","schema":"https://schema.getpostman.com/json/collection/v2.1.0/collection.json","description":{"content":"Existing Client Verification, by Tax ID, Document, Channel and Tecnology (CPF/CNPJ)\n\nContact Support:\n Name: First Data","type":"text/plain"}}}