{"item":[{"id":"87093a97-08a4-498b-9bd7-1cef82fd1cfc","name":"bwa/hierarquia-relacionamento/v1/relacionamento","item":[{"id":"cfe9570b-d97f-43d4-9dae-828664706114","name":"Merchant Information & Cases","request":{"name":"Merchant Information & Cases","description":{"content":"Search Merchant Relationship Hierarchy","type":"text/plain"},"url":{"path":["bwa","hierarquia-relacionamento","v1","relacionamento","obterEstabelecimentoPai"],"host":["{{baseUrl}}"],"query":[],"variable":[]},"header":[{"disabled":false,"description":"(Required) HMAC","key":"Message-Signature","value":"<string>"},{"disabled":false,"description":"(Required) APigee Key","key":"Api-Key","value":"<string>"},{"disabled":false,"description":"(Required) Oauth Key","key":"auth","value":"<string>"},{"disabled":false,"description":"(Required) Date - Epoch format","key":"Timestamp","value":"<string>"},{"disabled":false,"description":"(Required) Randomly generated by client","key":"Client-Request-Id","value":"<string>"},{"disabled":false,"description":"(Required) Institution Number","key":"instituicao","value":"<string>"},{"disabled":false,"description":"(Required) Merchant Code","key":"estabelecimento","value":"<string>"},{"key":"Accept","value":"application/json"}],"method":"GET","auth":null},"response":[{"id":"a0874128-486e-4f22-87da-9632548958d6","name":"Successfully Done","originalRequest":{"url":{"path":["bwa","hierarquia-relacionamento","v1","relacionamento","obterEstabelecimentoPai"],"host":["{{baseUrl}}"],"query":[],"variable":[]},"header":[{"disabled":false,"description":"(Required) HMAC","key":"Message-Signature","value":"1tsmkG9Ip3k2rcO5cETButfP3D/RS6U8troFF+mUrno="},{"disabled":false,"description":"(Required) APigee Key","key":"Api-Key","value":"X0GW3QGOYFn4r7DHcVC8KuatUnNs6MGB"},{"disabled":false,"description":"(Required) Oauth Key","key":"auth","value":""},{"disabled":false,"description":"(Required) Date - Epoch format","key":"Timestamp","value":"1563309156733"},{"disabled":false,"description":"(Required) Randomly generated by client","key":"Client-Request-Id","value":"6NYHj9Pgyxc84rmafpwG4fjhLwFfJYFVmxJOcgziD0QN3q6mGC"},{"disabled":false,"description":"(Required) Institution Number","key":"instituicao","value":"00000003"},{"disabled":false,"description":"(Required) Merchant Code","key":"estabelecimento","value":"12345678"},{"key":"Accept","value":"application/json"}],"method":"GET","body":{}},"status":"OK","code":200,"header":[{"key":"Content-Type","value":"application/json"}],"body":"{\n  \"codigoRetorno\": 0,\n  \"mensagem\": \"0 - Sucesso\",\n  \"conteudo\": [\n    {\n      \"estabelecimento\": \"35041964\",\n      \"nomeEstabelecimento\": \"Banco Fiserv\",\n      \"grupo\": \"00009999\",\n      \"documento\": {}\n    },\n    {\n      \"estabelecimento\": \"35041964\",\n      \"nomeEstabelecimento\": \"Banco Fiserv\",\n      \"grupo\": \"00009999\",\n      \"documento\": {}\n    }\n  ]\n}","cookie":[],"_postman_previewlanguage":"json"},{"id":"8556e823-9ba0-4840-ba31-7b257e1df94c","name":"Partial Content","originalRequest":{"url":{"path":["bwa","hierarquia-relacionamento","v1","relacionamento","obterEstabelecimentoPai"],"host":["{{baseUrl}}"],"query":[],"variable":[]},"header":[{"disabled":false,"description":"(Required) HMAC","key":"Message-Signature","value":"1tsmkG9Ip3k2rcO5cETButfP3D/RS6U8troFF+mUrno="},{"disabled":false,"description":"(Required) APigee Key","key":"Api-Key","value":"X0GW3QGOYFn4r7DHcVC8KuatUnNs6MGB"},{"disabled":false,"description":"(Required) Oauth Key","key":"auth","value":""},{"disabled":false,"description":"(Required) Date - Epoch format","key":"Timestamp","value":"1563309156733"},{"disabled":false,"description":"(Required) Randomly generated by client","key":"Client-Request-Id","value":"6NYHj9Pgyxc84rmafpwG4fjhLwFfJYFVmxJOcgziD0QN3q6mGC"},{"disabled":false,"description":"(Required) Institution Number","key":"instituicao","value":"00000003"},{"disabled":false,"description":"(Required) Merchant Code","key":"estabelecimento","value":"12345678"},{"key":"Accept","value":"application/json"}],"method":"GET","body":{}},"status":"Partial Content","code":206,"header":[{"key":"Content-Type","value":"application/json"}],"body":"{\n  \"codigoRetorno\": 9,\n  \"mensagem\": \"9 - Campos mandatorios - (meaning Mandatory Fields Missing\"\n}","cookie":[],"_postman_previewlanguage":"json"},{"id":"1fff5d6d-2040-4f5e-a57e-0a610ff86e87","name":"Unauthorized","originalRequest":{"url":{"path":["bwa","hierarquia-relacionamento","v1","relacionamento","obterEstabelecimentoPai"],"host":["{{baseUrl}}"],"query":[],"variable":[]},"header":[{"disabled":false,"description":"(Required) HMAC","key":"Message-Signature","value":"1tsmkG9Ip3k2rcO5cETButfP3D/RS6U8troFF+mUrno="},{"disabled":false,"description":"(Required) APigee Key","key":"Api-Key","value":"X0GW3QGOYFn4r7DHcVC8KuatUnNs6MGB"},{"disabled":false,"description":"(Required) Oauth Key","key":"auth","value":""},{"disabled":false,"description":"(Required) Date - Epoch format","key":"Timestamp","value":"1563309156733"},{"disabled":false,"description":"(Required) Randomly generated by client","key":"Client-Request-Id","value":"6NYHj9Pgyxc84rmafpwG4fjhLwFfJYFVmxJOcgziD0QN3q6mGC"},{"disabled":false,"description":"(Required) Institution Number","key":"instituicao","value":"00000003"},{"disabled":false,"description":"(Required) Merchant Code","key":"estabelecimento","value":"12345678"},{"key":"Accept","value":"application/json"}],"method":"GET","body":{}},"status":"Unauthorized","code":401,"header":[{"key":"Content-Type","value":"application/json"}],"body":"{\n  \"codigoRetorno\": 4,\n  \"mensagem\": \"Acesso nao autorizado ao conteudo pesquisado - (meaning Unauthorized Access)\"\n}","cookie":[],"_postman_previewlanguage":"json"},{"id":"86a679f7-a64c-4e25-8feb-29cfcc8c649e","name":"Forbidden","originalRequest":{"url":{"path":["bwa","hierarquia-relacionamento","v1","relacionamento","obterEstabelecimentoPai"],"host":["{{baseUrl}}"],"query":[],"variable":[]},"header":[{"disabled":false,"description":"(Required) HMAC","key":"Message-Signature","value":"1tsmkG9Ip3k2rcO5cETButfP3D/RS6U8troFF+mUrno="},{"disabled":false,"description":"(Required) APigee Key","key":"Api-Key","value":"X0GW3QGOYFn4r7DHcVC8KuatUnNs6MGB"},{"disabled":false,"description":"(Required) Oauth Key","key":"auth","value":""},{"disabled":false,"description":"(Required) Date - Epoch format","key":"Timestamp","value":"1563309156733"},{"disabled":false,"description":"(Required) Randomly generated by client","key":"Client-Request-Id","value":"6NYHj9Pgyxc84rmafpwG4fjhLwFfJYFVmxJOcgziD0QN3q6mGC"},{"disabled":false,"description":"(Required) Institution Number","key":"instituicao","value":"00000003"},{"disabled":false,"description":"(Required) Merchant Code","key":"estabelecimento","value":"12345678"},{"key":"Accept","value":"application/json"}],"method":"GET","body":{}},"status":"Forbidden","code":403,"header":[{"key":"Content-Type","value":"application/json"}],"body":"{\n  \"codigoRetorno\": 3,\n  \"mensagem\": \"6 - Token expirado - (meaning Expired Token)\"\n}","cookie":[],"_postman_previewlanguage":"json"},{"id":"dba7965e-32a8-49f0-bf3b-88d773266135","name":"Not Found","originalRequest":{"url":{"path":["bwa","hierarquia-relacionamento","v1","relacionamento","obterEstabelecimentoPai"],"host":["{{baseUrl}}"],"query":[],"variable":[]},"header":[{"disabled":false,"description":"(Required) HMAC","key":"Message-Signature","value":"1tsmkG9Ip3k2rcO5cETButfP3D/RS6U8troFF+mUrno="},{"disabled":false,"description":"(Required) APigee Key","key":"Api-Key","value":"X0GW3QGOYFn4r7DHcVC8KuatUnNs6MGB"},{"disabled":false,"description":"(Required) Oauth Key","key":"auth","value":""},{"disabled":false,"description":"(Required) Date - Epoch format","key":"Timestamp","value":"1563309156733"},{"disabled":false,"description":"(Required) Randomly generated by client","key":"Client-Request-Id","value":"6NYHj9Pgyxc84rmafpwG4fjhLwFfJYFVmxJOcgziD0QN3q6mGC"},{"disabled":false,"description":"(Required) Institution Number","key":"instituicao","value":"00000003"},{"disabled":false,"description":"(Required) Merchant Code","key":"estabelecimento","value":"12345678"},{"key":"Accept","value":"application/json"}],"method":"GET","body":{}},"status":"Not Found","code":404,"header":[{"key":"Content-Type","value":"application/json"}],"body":"{\n  \"codigoRetorno\": 5,\n  \"mensagem\": \"Item nao encontrado - (meaning Item not Found)\"\n}","cookie":[],"_postman_previewlanguage":"json"},{"id":"4094767f-b64d-4ae7-93b6-62ad01c4b267","name":"Conflict","originalRequest":{"url":{"path":["bwa","hierarquia-relacionamento","v1","relacionamento","obterEstabelecimentoPai"],"host":["{{baseUrl}}"],"query":[],"variable":[]},"header":[{"disabled":false,"description":"(Required) HMAC","key":"Message-Signature","value":"1tsmkG9Ip3k2rcO5cETButfP3D/RS6U8troFF+mUrno="},{"disabled":false,"description":"(Required) APigee Key","key":"Api-Key","value":"X0GW3QGOYFn4r7DHcVC8KuatUnNs6MGB"},{"disabled":false,"description":"(Required) Oauth Key","key":"auth","value":""},{"disabled":false,"description":"(Required) Date - Epoch format","key":"Timestamp","value":"1563309156733"},{"disabled":false,"description":"(Required) Randomly generated by client","key":"Client-Request-Id","value":"6NYHj9Pgyxc84rmafpwG4fjhLwFfJYFVmxJOcgziD0QN3q6mGC"},{"disabled":false,"description":"(Required) Institution Number","key":"instituicao","value":"00000003"},{"disabled":false,"description":"(Required) Merchant Code","key":"estabelecimento","value":"12345678"},{"key":"Accept","value":"application/json"}],"method":"GET","body":{}},"status":"Conflict","code":409,"header":[{"key":"Content-Type","value":"application/json"}],"body":"{\n  \"codigoRetorno\": 8,\n  \"mensagem\": \"Item duplicado - (meaning Item Duplicated)\"\n}","cookie":[],"_postman_previewlanguage":"json"},{"id":"523ac9ad-7b65-4985-945a-9ec546dda328","name":"Internal Server Error","originalRequest":{"url":{"path":["bwa","hierarquia-relacionamento","v1","relacionamento","obterEstabelecimentoPai"],"host":["{{baseUrl}}"],"query":[],"variable":[]},"header":[{"disabled":false,"description":"(Required) HMAC","key":"Message-Signature","value":"1tsmkG9Ip3k2rcO5cETButfP3D/RS6U8troFF+mUrno="},{"disabled":false,"description":"(Required) APigee Key","key":"Api-Key","value":"X0GW3QGOYFn4r7DHcVC8KuatUnNs6MGB"},{"disabled":false,"description":"(Required) Oauth Key","key":"auth","value":""},{"disabled":false,"description":"(Required) Date - Epoch format","key":"Timestamp","value":"1563309156733"},{"disabled":false,"description":"(Required) Randomly generated by client","key":"Client-Request-Id","value":"6NYHj9Pgyxc84rmafpwG4fjhLwFfJYFVmxJOcgziD0QN3q6mGC"},{"disabled":false,"description":"(Required) Institution Number","key":"instituicao","value":"00000003"},{"disabled":false,"description":"(Required) Merchant Code","key":"estabelecimento","value":"12345678"},{"key":"Accept","value":"application/json"}],"method":"GET","body":{}},"status":"Internal Server Error","code":500,"header":[{"key":"Content-Type","value":"application/json"}],"body":"{\n  \"codigoRetorno\": 2,\n  \"mensagem\": \"7 - Erro na integracao da API. Detalhe - (meaning API Integration Error)\"\n}","cookie":[],"_postman_previewlanguage":"json"}],"event":[],"protocolProfileBehavior":{"disableBodyPruning":true}},{"id":"8fc4e2c7-920d-44cd-9a4f-df117469edab","name":"Merchant Information & Cases","request":{"name":"Merchant Information & Cases","description":{"content":"Merchant Relationship Hierarchy - Add","type":"text/plain"},"url":{"path":["bwa","hierarquia-relacionamento","v1","relacionamento","incluir"],"host":["{{baseUrl}}"],"query":[],"variable":[]},"header":[{"disabled":false,"description":"(Required) HMAC","key":"Message-Signature","value":"<string>"},{"disabled":false,"description":"(Required) APigee Key","key":"Api-Key","value":"<string>"},{"disabled":false,"description":"(Required) Oauth Key","key":"auth","value":"<string>"},{"disabled":false,"description":"(Required) Date - Epoch format","key":"Timestamp","value":"<string>"},{"disabled":false,"description":"(Required) Randomly generated by client","key":"Client-Request-Id","value":"<string>"},{"disabled":false,"description":"(Required) Institution Number","key":"instituicao","value":"<string>"},{"disabled":false,"description":"(Required) Merchant Code","key":"estabelecimento","value":"<string>"},{"key":"Content-Type","value":"application/json"},{"key":"Accept","value":"application/json"}],"method":"POST","auth":null,"body":{"mode":"raw","raw":"{\n  \"estabelecimentoPai\": \"<string>\",\n  \"userId\": \"<string>\"\n}","options":{"raw":{"language":"json"}}}},"response":[{"id":"9a94427b-793c-4aa1-b8f6-b6a17d59e23a","name":"Successfully Done","originalRequest":{"url":{"path":["bwa","hierarquia-relacionamento","v1","relacionamento","incluir"],"host":["{{baseUrl}}"],"query":[],"variable":[]},"header":[{"disabled":false,"description":"(Required) HMAC","key":"Message-Signature","value":"1tsmkG9Ip3k2rcO5cETButfP3D/RS6U8troFF+mUrno="},{"disabled":false,"description":"(Required) APigee Key","key":"Api-Key","value":"X0GW3QGOYFn4r7DHcVC8KuatUnNs6MGB"},{"disabled":false,"description":"(Required) Oauth Key","key":"auth","value":""},{"disabled":false,"description":"(Required) Date - Epoch format","key":"Timestamp","value":"1563309156733"},{"disabled":false,"description":"(Required) Randomly generated by client","key":"Client-Request-Id","value":"6NYHj9Pgyxc84rmafpwG4fjhLwFfJYFVmxJOcgziD0QN3q6mGC"},{"disabled":false,"description":"(Required) Institution Number","key":"instituicao","value":"00000003"},{"disabled":false,"description":"(Required) Merchant Code","key":"estabelecimento","value":"12345678"},{"key":"Accept","value":"application/json"}],"method":"POST","body":{"mode":"raw","raw":"{\n  \"estabelecimentoPai\": \"35041964\",\n  \"userId\": \"123456\"\n}","options":{"raw":{"language":"json"}}}},"status":"OK","code":200,"header":[{"key":"Content-Type","value":"application/json"}],"body":"{\n  \"codigoRetorno\": 0,\n  \"mensagem\": \"0 - Sucesso\",\n  \"conteudo\": {\n    \"codigo\": \"00\",\n    \"descricao\": \"Successfully executed\",\n    \"mensagem\": \"Estabelecimento vinculado com sucesso\"\n  }\n}","cookie":[],"_postman_previewlanguage":"json"},{"id":"3a990580-5033-46ce-9526-0a9e27790d55","name":"Partial Content","originalRequest":{"url":{"path":["bwa","hierarquia-relacionamento","v1","relacionamento","incluir"],"host":["{{baseUrl}}"],"query":[],"variable":[]},"header":[{"disabled":false,"description":"(Required) HMAC","key":"Message-Signature","value":"1tsmkG9Ip3k2rcO5cETButfP3D/RS6U8troFF+mUrno="},{"disabled":false,"description":"(Required) APigee Key","key":"Api-Key","value":"X0GW3QGOYFn4r7DHcVC8KuatUnNs6MGB"},{"disabled":false,"description":"(Required) Oauth Key","key":"auth","value":""},{"disabled":false,"description":"(Required) Date - Epoch format","key":"Timestamp","value":"1563309156733"},{"disabled":false,"description":"(Required) Randomly generated by client","key":"Client-Request-Id","value":"6NYHj9Pgyxc84rmafpwG4fjhLwFfJYFVmxJOcgziD0QN3q6mGC"},{"disabled":false,"description":"(Required) Institution Number","key":"instituicao","value":"00000003"},{"disabled":false,"description":"(Required) Merchant Code","key":"estabelecimento","value":"12345678"},{"key":"Accept","value":"application/json"}],"method":"POST","body":{"mode":"raw","raw":"{\n  \"estabelecimentoPai\": \"35041964\",\n  \"userId\": \"123456\"\n}","options":{"raw":{"language":"json"}}}},"status":"Partial Content","code":206,"header":[{"key":"Content-Type","value":"application/json"}],"body":"{\n  \"codigoRetorno\": 9,\n  \"mensagem\": \"9 - Campos mandatorios - (meaning Mandatory Fields Missing\"\n}","cookie":[],"_postman_previewlanguage":"json"},{"id":"3ff93ce3-51c1-43d2-bdef-b207d6a08003","name":"Unauthorized","originalRequest":{"url":{"path":["bwa","hierarquia-relacionamento","v1","relacionamento","incluir"],"host":["{{baseUrl}}"],"query":[],"variable":[]},"header":[{"disabled":false,"description":"(Required) HMAC","key":"Message-Signature","value":"1tsmkG9Ip3k2rcO5cETButfP3D/RS6U8troFF+mUrno="},{"disabled":false,"description":"(Required) APigee Key","key":"Api-Key","value":"X0GW3QGOYFn4r7DHcVC8KuatUnNs6MGB"},{"disabled":false,"description":"(Required) Oauth Key","key":"auth","value":""},{"disabled":false,"description":"(Required) Date - Epoch format","key":"Timestamp","value":"1563309156733"},{"disabled":false,"description":"(Required) Randomly generated by client","key":"Client-Request-Id","value":"6NYHj9Pgyxc84rmafpwG4fjhLwFfJYFVmxJOcgziD0QN3q6mGC"},{"disabled":false,"description":"(Required) Institution Number","key":"instituicao","value":"00000003"},{"disabled":false,"description":"(Required) Merchant Code","key":"estabelecimento","value":"12345678"},{"key":"Accept","value":"application/json"}],"method":"POST","body":{"mode":"raw","raw":"{\n  \"estabelecimentoPai\": \"35041964\",\n  \"userId\": \"123456\"\n}","options":{"raw":{"language":"json"}}}},"status":"Unauthorized","code":401,"header":[{"key":"Content-Type","value":"application/json"}],"body":"{\n  \"codigoRetorno\": 4,\n  \"mensagem\": \"Acesso nao autorizado ao conteudo pesquisado - (meaning Unauthorized Access)\"\n}","cookie":[],"_postman_previewlanguage":"json"},{"id":"4d4f99e2-bddf-4499-92e2-3653bd5f6e9c","name":"Forbidden","originalRequest":{"url":{"path":["bwa","hierarquia-relacionamento","v1","relacionamento","incluir"],"host":["{{baseUrl}}"],"query":[],"variable":[]},"header":[{"disabled":false,"description":"(Required) HMAC","key":"Message-Signature","value":"1tsmkG9Ip3k2rcO5cETButfP3D/RS6U8troFF+mUrno="},{"disabled":false,"description":"(Required) APigee Key","key":"Api-Key","value":"X0GW3QGOYFn4r7DHcVC8KuatUnNs6MGB"},{"disabled":false,"description":"(Required) Oauth Key","key":"auth","value":""},{"disabled":false,"description":"(Required) Date - Epoch format","key":"Timestamp","value":"1563309156733"},{"disabled":false,"description":"(Required) Randomly generated by client","key":"Client-Request-Id","value":"6NYHj9Pgyxc84rmafpwG4fjhLwFfJYFVmxJOcgziD0QN3q6mGC"},{"disabled":false,"description":"(Required) Institution Number","key":"instituicao","value":"00000003"},{"disabled":false,"description":"(Required) Merchant Code","key":"estabelecimento","value":"12345678"},{"key":"Accept","value":"application/json"}],"method":"POST","body":{"mode":"raw","raw":"{\n  \"estabelecimentoPai\": \"35041964\",\n  \"userId\": \"123456\"\n}","options":{"raw":{"language":"json"}}}},"status":"Forbidden","code":403,"header":[{"key":"Content-Type","value":"application/json"}],"body":"{\n  \"codigoRetorno\": 3,\n  \"mensagem\": \"6 - Token expirado - (meaning Expired Token)\"\n}","cookie":[],"_postman_previewlanguage":"json"},{"id":"2fdafee9-b09e-4691-8fd6-d596b0bbf09a","name":"Not Found","originalRequest":{"url":{"path":["bwa","hierarquia-relacionamento","v1","relacionamento","incluir"],"host":["{{baseUrl}}"],"query":[],"variable":[]},"header":[{"disabled":false,"description":"(Required) HMAC","key":"Message-Signature","value":"1tsmkG9Ip3k2rcO5cETButfP3D/RS6U8troFF+mUrno="},{"disabled":false,"description":"(Required) APigee Key","key":"Api-Key","value":"X0GW3QGOYFn4r7DHcVC8KuatUnNs6MGB"},{"disabled":false,"description":"(Required) Oauth Key","key":"auth","value":""},{"disabled":false,"description":"(Required) Date - Epoch format","key":"Timestamp","value":"1563309156733"},{"disabled":false,"description":"(Required) Randomly generated by client","key":"Client-Request-Id","value":"6NYHj9Pgyxc84rmafpwG4fjhLwFfJYFVmxJOcgziD0QN3q6mGC"},{"disabled":false,"description":"(Required) Institution Number","key":"instituicao","value":"00000003"},{"disabled":false,"description":"(Required) Merchant Code","key":"estabelecimento","value":"12345678"},{"key":"Accept","value":"application/json"}],"method":"POST","body":{"mode":"raw","raw":"{\n  \"estabelecimentoPai\": \"35041964\",\n  \"userId\": \"123456\"\n}","options":{"raw":{"language":"json"}}}},"status":"Not Found","code":404,"header":[{"key":"Content-Type","value":"application/json"}],"body":"{\n  \"codigoRetorno\": 5,\n  \"mensagem\": \"Item nao encontrado - (meaning Item not Found)\"\n}","cookie":[],"_postman_previewlanguage":"json"},{"id":"80cc5ac7-1346-485a-81ea-71f378811d36","name":"Conflict","originalRequest":{"url":{"path":["bwa","hierarquia-relacionamento","v1","relacionamento","incluir"],"host":["{{baseUrl}}"],"query":[],"variable":[]},"header":[{"disabled":false,"description":"(Required) HMAC","key":"Message-Signature","value":"1tsmkG9Ip3k2rcO5cETButfP3D/RS6U8troFF+mUrno="},{"disabled":false,"description":"(Required) APigee Key","key":"Api-Key","value":"X0GW3QGOYFn4r7DHcVC8KuatUnNs6MGB"},{"disabled":false,"description":"(Required) Oauth Key","key":"auth","value":""},{"disabled":false,"description":"(Required) Date - Epoch format","key":"Timestamp","value":"1563309156733"},{"disabled":false,"description":"(Required) Randomly generated by client","key":"Client-Request-Id","value":"6NYHj9Pgyxc84rmafpwG4fjhLwFfJYFVmxJOcgziD0QN3q6mGC"},{"disabled":false,"description":"(Required) Institution Number","key":"instituicao","value":"00000003"},{"disabled":false,"description":"(Required) Merchant Code","key":"estabelecimento","value":"12345678"},{"key":"Accept","value":"application/json"}],"method":"POST","body":{"mode":"raw","raw":"{\n  \"estabelecimentoPai\": \"35041964\",\n  \"userId\": \"123456\"\n}","options":{"raw":{"language":"json"}}}},"status":"Conflict","code":409,"header":[{"key":"Content-Type","value":"application/json"}],"body":"{\n  \"codigoRetorno\": 8,\n  \"mensagem\": \"Item duplicado - (meaning Item Duplicated)\"\n}","cookie":[],"_postman_previewlanguage":"json"},{"id":"4208cb76-fbd4-43e9-a050-07472a930b49","name":"Internal Server Error","originalRequest":{"url":{"path":["bwa","hierarquia-relacionamento","v1","relacionamento","incluir"],"host":["{{baseUrl}}"],"query":[],"variable":[]},"header":[{"disabled":false,"description":"(Required) HMAC","key":"Message-Signature","value":"1tsmkG9Ip3k2rcO5cETButfP3D/RS6U8troFF+mUrno="},{"disabled":false,"description":"(Required) APigee Key","key":"Api-Key","value":"X0GW3QGOYFn4r7DHcVC8KuatUnNs6MGB"},{"disabled":false,"description":"(Required) Oauth Key","key":"auth","value":""},{"disabled":false,"description":"(Required) Date - Epoch format","key":"Timestamp","value":"1563309156733"},{"disabled":false,"description":"(Required) Randomly generated by client","key":"Client-Request-Id","value":"6NYHj9Pgyxc84rmafpwG4fjhLwFfJYFVmxJOcgziD0QN3q6mGC"},{"disabled":false,"description":"(Required) Institution Number","key":"instituicao","value":"00000003"},{"disabled":false,"description":"(Required) Merchant Code","key":"estabelecimento","value":"12345678"},{"key":"Accept","value":"application/json"}],"method":"POST","body":{"mode":"raw","raw":"{\n  \"estabelecimentoPai\": \"35041964\",\n  \"userId\": \"123456\"\n}","options":{"raw":{"language":"json"}}}},"status":"Internal Server Error","code":500,"header":[{"key":"Content-Type","value":"application/json"}],"body":"{\n  \"codigoRetorno\": 2,\n  \"mensagem\": \"7 - Erro na integracao da API. Detalhe - (meaning API Integration Error)\"\n}","cookie":[],"_postman_previewlanguage":"json"}],"event":[],"protocolProfileBehavior":{"disableBodyPruning":true}},{"id":"a17d6fef-a3a5-4e55-9c8b-fb71f76b8c39","name":"Merchant Information & Cases","request":{"name":"Merchant Information & Cases","description":{"content":"Merchant Relationship Hierarchy - Remove","type":"text/plain"},"url":{"path":["bwa","hierarquia-relacionamento","v1","relacionamento","excluir"],"host":["{{baseUrl}}"],"query":[],"variable":[]},"header":[{"disabled":false,"description":"(Required) HMAC","key":"Message-Signature","value":"<string>"},{"disabled":false,"description":"(Required) APigee Key","key":"Api-Key","value":"<string>"},{"disabled":false,"description":"(Required) Oauth Key","key":"auth","value":"<string>"},{"disabled":false,"description":"(Required) Date - Epoch format","key":"Timestamp","value":"<string>"},{"disabled":false,"description":"(Required) Randomly generated by client","key":"Client-Request-Id","value":"<string>"},{"disabled":false,"description":"(Required) Institution Number","key":"instituicao","value":"<string>"},{"disabled":false,"description":"(Required) Merchant Code","key":"estabelecimento","value":"<string>"},{"key":"Content-Type","value":"application/json"},{"key":"Accept","value":"application/json"}],"method":"POST","auth":null,"body":{"mode":"raw","raw":"{\n  \"userId\": \"<string>\"\n}","options":{"raw":{"language":"json"}}}},"response":[{"id":"95630e41-9ee0-42c5-ba5b-b3dfcb7eed02","name":"Successfully Done","originalRequest":{"url":{"path":["bwa","hierarquia-relacionamento","v1","relacionamento","excluir"],"host":["{{baseUrl}}"],"query":[],"variable":[]},"header":[{"disabled":false,"description":"(Required) HMAC","key":"Message-Signature","value":"1tsmkG9Ip3k2rcO5cETButfP3D/RS6U8troFF+mUrno="},{"disabled":false,"description":"(Required) APigee Key","key":"Api-Key","value":"X0GW3QGOYFn4r7DHcVC8KuatUnNs6MGB"},{"disabled":false,"description":"(Required) Oauth Key","key":"auth","value":""},{"disabled":false,"description":"(Required) Date - Epoch format","key":"Timestamp","value":"1563309156733"},{"disabled":false,"description":"(Required) Randomly generated by client","key":"Client-Request-Id","value":"6NYHj9Pgyxc84rmafpwG4fjhLwFfJYFVmxJOcgziD0QN3q6mGC"},{"disabled":false,"description":"(Required) Institution Number","key":"instituicao","value":"00000003"},{"disabled":false,"description":"(Required) Merchant Code","key":"estabelecimento","value":"12345678"},{"key":"Accept","value":"application/json"}],"method":"POST","body":{"mode":"raw","raw":"{\n  \"userId\": \"123456\"\n}","options":{"raw":{"language":"json"}}}},"status":"OK","code":200,"header":[{"key":"Content-Type","value":"application/json"}],"body":"{\n  \"codigoRetorno\": 0,\n  \"mensagem\": \"0 - Sucesso\",\n  \"conteudo\": {\n    \"codigo\": \"00\",\n    \"descricao\": \"Hierarquia excluida com sucesso\"\n  }\n}","cookie":[],"_postman_previewlanguage":"json"},{"id":"2cf42bce-d170-4664-a7ed-e0afc16f512d","name":"Partial Content","originalRequest":{"url":{"path":["bwa","hierarquia-relacionamento","v1","relacionamento","excluir"],"host":["{{baseUrl}}"],"query":[],"variable":[]},"header":[{"disabled":false,"description":"(Required) HMAC","key":"Message-Signature","value":"1tsmkG9Ip3k2rcO5cETButfP3D/RS6U8troFF+mUrno="},{"disabled":false,"description":"(Required) APigee Key","key":"Api-Key","value":"X0GW3QGOYFn4r7DHcVC8KuatUnNs6MGB"},{"disabled":false,"description":"(Required) Oauth Key","key":"auth","value":""},{"disabled":false,"description":"(Required) Date - Epoch format","key":"Timestamp","value":"1563309156733"},{"disabled":false,"description":"(Required) Randomly generated by client","key":"Client-Request-Id","value":"6NYHj9Pgyxc84rmafpwG4fjhLwFfJYFVmxJOcgziD0QN3q6mGC"},{"disabled":false,"description":"(Required) Institution Number","key":"instituicao","value":"00000003"},{"disabled":false,"description":"(Required) Merchant Code","key":"estabelecimento","value":"12345678"},{"key":"Accept","value":"application/json"}],"method":"POST","body":{"mode":"raw","raw":"{\n  \"userId\": \"123456\"\n}","options":{"raw":{"language":"json"}}}},"status":"Partial Content","code":206,"header":[{"key":"Content-Type","value":"application/json"}],"body":"{\n  \"codigoRetorno\": 9,\n  \"mensagem\": \"9 - Campos mandatorios - (meaning Mandatory Fields Missing\"\n}","cookie":[],"_postman_previewlanguage":"json"},{"id":"f4ab22db-e738-4e8b-baeb-3047f9a80f00","name":"Unauthorized","originalRequest":{"url":{"path":["bwa","hierarquia-relacionamento","v1","relacionamento","excluir"],"host":["{{baseUrl}}"],"query":[],"variable":[]},"header":[{"disabled":false,"description":"(Required) HMAC","key":"Message-Signature","value":"1tsmkG9Ip3k2rcO5cETButfP3D/RS6U8troFF+mUrno="},{"disabled":false,"description":"(Required) APigee Key","key":"Api-Key","value":"X0GW3QGOYFn4r7DHcVC8KuatUnNs6MGB"},{"disabled":false,"description":"(Required) Oauth Key","key":"auth","value":""},{"disabled":false,"description":"(Required) Date - Epoch format","key":"Timestamp","value":"1563309156733"},{"disabled":false,"description":"(Required) Randomly generated by client","key":"Client-Request-Id","value":"6NYHj9Pgyxc84rmafpwG4fjhLwFfJYFVmxJOcgziD0QN3q6mGC"},{"disabled":false,"description":"(Required) Institution Number","key":"instituicao","value":"00000003"},{"disabled":false,"description":"(Required) Merchant Code","key":"estabelecimento","value":"12345678"},{"key":"Accept","value":"application/json"}],"method":"POST","body":{"mode":"raw","raw":"{\n  \"userId\": \"123456\"\n}","options":{"raw":{"language":"json"}}}},"status":"Unauthorized","code":401,"header":[{"key":"Content-Type","value":"application/json"}],"body":"{\n  \"codigoRetorno\": 4,\n  \"mensagem\": \"Acesso nao autorizado ao conteudo pesquisado - (meaning Unauthorized Access)\"\n}","cookie":[],"_postman_previewlanguage":"json"},{"id":"1308c542-ce94-4b53-8cd8-b97e65fcd332","name":"Forbidden","originalRequest":{"url":{"path":["bwa","hierarquia-relacionamento","v1","relacionamento","excluir"],"host":["{{baseUrl}}"],"query":[],"variable":[]},"header":[{"disabled":false,"description":"(Required) HMAC","key":"Message-Signature","value":"1tsmkG9Ip3k2rcO5cETButfP3D/RS6U8troFF+mUrno="},{"disabled":false,"description":"(Required) APigee Key","key":"Api-Key","value":"X0GW3QGOYFn4r7DHcVC8KuatUnNs6MGB"},{"disabled":false,"description":"(Required) Oauth Key","key":"auth","value":""},{"disabled":false,"description":"(Required) Date - Epoch format","key":"Timestamp","value":"1563309156733"},{"disabled":false,"description":"(Required) Randomly generated by client","key":"Client-Request-Id","value":"6NYHj9Pgyxc84rmafpwG4fjhLwFfJYFVmxJOcgziD0QN3q6mGC"},{"disabled":false,"description":"(Required) Institution Number","key":"instituicao","value":"00000003"},{"disabled":false,"description":"(Required) Merchant Code","key":"estabelecimento","value":"12345678"},{"key":"Accept","value":"application/json"}],"method":"POST","body":{"mode":"raw","raw":"{\n  \"userId\": \"123456\"\n}","options":{"raw":{"language":"json"}}}},"status":"Forbidden","code":403,"header":[{"key":"Content-Type","value":"application/json"}],"body":"{\n  \"codigoRetorno\": 3,\n  \"mensagem\": \"6 - Token expirado - (meaning Expired Token)\"\n}","cookie":[],"_postman_previewlanguage":"json"},{"id":"fbbe4b92-60e8-4a1b-b837-8a37ad20d46b","name":"Not Found","originalRequest":{"url":{"path":["bwa","hierarquia-relacionamento","v1","relacionamento","excluir"],"host":["{{baseUrl}}"],"query":[],"variable":[]},"header":[{"disabled":false,"description":"(Required) HMAC","key":"Message-Signature","value":"1tsmkG9Ip3k2rcO5cETButfP3D/RS6U8troFF+mUrno="},{"disabled":false,"description":"(Required) APigee Key","key":"Api-Key","value":"X0GW3QGOYFn4r7DHcVC8KuatUnNs6MGB"},{"disabled":false,"description":"(Required) Oauth Key","key":"auth","value":""},{"disabled":false,"description":"(Required) Date - Epoch format","key":"Timestamp","value":"1563309156733"},{"disabled":false,"description":"(Required) Randomly generated by client","key":"Client-Request-Id","value":"6NYHj9Pgyxc84rmafpwG4fjhLwFfJYFVmxJOcgziD0QN3q6mGC"},{"disabled":false,"description":"(Required) Institution Number","key":"instituicao","value":"00000003"},{"disabled":false,"description":"(Required) Merchant Code","key":"estabelecimento","value":"12345678"},{"key":"Accept","value":"application/json"}],"method":"POST","body":{"mode":"raw","raw":"{\n  \"userId\": \"123456\"\n}","options":{"raw":{"language":"json"}}}},"status":"Not Found","code":404,"header":[{"key":"Content-Type","value":"application/json"}],"body":"{\n  \"codigoRetorno\": 5,\n  \"mensagem\": \"Item nao encontrado - (meaning Item not Found)\"\n}","cookie":[],"_postman_previewlanguage":"json"},{"id":"16e23a44-c646-4dbb-9b1d-d752af62cd5f","name":"Conflict","originalRequest":{"url":{"path":["bwa","hierarquia-relacionamento","v1","relacionamento","excluir"],"host":["{{baseUrl}}"],"query":[],"variable":[]},"header":[{"disabled":false,"description":"(Required) HMAC","key":"Message-Signature","value":"1tsmkG9Ip3k2rcO5cETButfP3D/RS6U8troFF+mUrno="},{"disabled":false,"description":"(Required) APigee Key","key":"Api-Key","value":"X0GW3QGOYFn4r7DHcVC8KuatUnNs6MGB"},{"disabled":false,"description":"(Required) Oauth Key","key":"auth","value":""},{"disabled":false,"description":"(Required) Date - Epoch format","key":"Timestamp","value":"1563309156733"},{"disabled":false,"description":"(Required) Randomly generated by client","key":"Client-Request-Id","value":"6NYHj9Pgyxc84rmafpwG4fjhLwFfJYFVmxJOcgziD0QN3q6mGC"},{"disabled":false,"description":"(Required) Institution Number","key":"instituicao","value":"00000003"},{"disabled":false,"description":"(Required) Merchant Code","key":"estabelecimento","value":"12345678"},{"key":"Accept","value":"application/json"}],"method":"POST","body":{"mode":"raw","raw":"{\n  \"userId\": \"123456\"\n}","options":{"raw":{"language":"json"}}}},"status":"Conflict","code":409,"header":[{"key":"Content-Type","value":"application/json"}],"body":"{\n  \"codigoRetorno\": 8,\n  \"mensagem\": \"Item duplicado - (meaning Item Duplicated)\"\n}","cookie":[],"_postman_previewlanguage":"json"},{"id":"e4ffc2a2-eab1-400e-93cd-6be16e17ca7e","name":"Internal Server Error","originalRequest":{"url":{"path":["bwa","hierarquia-relacionamento","v1","relacionamento","excluir"],"host":["{{baseUrl}}"],"query":[],"variable":[]},"header":[{"disabled":false,"description":"(Required) HMAC","key":"Message-Signature","value":"1tsmkG9Ip3k2rcO5cETButfP3D/RS6U8troFF+mUrno="},{"disabled":false,"description":"(Required) APigee Key","key":"Api-Key","value":"X0GW3QGOYFn4r7DHcVC8KuatUnNs6MGB"},{"disabled":false,"description":"(Required) Oauth Key","key":"auth","value":""},{"disabled":false,"description":"(Required) Date - Epoch format","key":"Timestamp","value":"1563309156733"},{"disabled":false,"description":"(Required) Randomly generated by client","key":"Client-Request-Id","value":"6NYHj9Pgyxc84rmafpwG4fjhLwFfJYFVmxJOcgziD0QN3q6mGC"},{"disabled":false,"description":"(Required) Institution Number","key":"instituicao","value":"00000003"},{"disabled":false,"description":"(Required) Merchant Code","key":"estabelecimento","value":"12345678"},{"key":"Accept","value":"application/json"}],"method":"POST","body":{"mode":"raw","raw":"{\n  \"userId\": \"123456\"\n}","options":{"raw":{"language":"json"}}}},"status":"Internal Server Error","code":500,"header":[{"key":"Content-Type","value":"application/json"}],"body":"{\n  \"codigoRetorno\": 2,\n  \"mensagem\": \"7 - Erro na integracao da API. Detalhe - (meaning API Integration Error)\"\n}","cookie":[],"_postman_previewlanguage":"json"}],"event":[],"protocolProfileBehavior":{"disableBodyPruning":true}}],"event":[]}],"event":[],"variable":[{"type":"string","value":"https://cat.api.firstdata.com","key":"baseUrl"}],"info":{"_postman_id":"7271a3c6-8b57-4d62-bac3-0cfd3c52fad3","name":"Merchant Relationship Hierarchy Maintenance - Search, Add and Remove the hierarchy","schema":"https://schema.getpostman.com/json/collection/v2.1.0/collection.json","description":{"content":"Merchant Relationship Hierarchy Maintenance - Search, Add and Remove the hierarchy\n\nContact Support:\n Name: First Data","type":"text/plain"}}}