{"item":[{"id":"c592a0c6-5a7b-49e3-b334-47546c4f62ae","name":"bwa/hierarquia-relacionamento/v1/relacionamento","item":[{"id":"3735e1a9-932a-4fdd-a0b7-bc46fdfedc7a","name":"Merchant Information & Cases","request":{"name":"Merchant Information & Cases","description":{"content":"Search Merchant Relationship Hierarchy","type":"text/plain"},"url":{"path":["bwa","hierarquia-relacionamento","v1","relacionamento","obterEstabelecimentoPai"],"host":["{{baseUrl}}"],"query":[],"variable":[]},"header":[{"disabled":false,"description":"(Required) HMAC","key":"Message-Signature","value":"<string>"},{"disabled":false,"description":"(Required) APigee Key","key":"Api-Key","value":"<string>"},{"disabled":false,"description":"(Required) Oauth Key","key":"auth","value":"<string>"},{"disabled":false,"description":"(Required) Date - Epoch format","key":"Timestamp","value":"<string>"},{"disabled":false,"description":"(Required) Randomly generated by client","key":"Client-Request-Id","value":"<string>"},{"disabled":false,"description":"(Required) Institution Number","key":"instituicao","value":"<string>"},{"disabled":false,"description":"(Required) Merchant Code","key":"estabelecimento","value":"<string>"},{"key":"Accept","value":"application/json"}],"method":"GET","auth":null},"response":[{"id":"9e538ca1-cb61-4688-85b8-75d3e938b6d9","name":"Successfully Done","originalRequest":{"url":{"path":["bwa","hierarquia-relacionamento","v1","relacionamento","obterEstabelecimentoPai"],"host":["{{baseUrl}}"],"query":[],"variable":[]},"header":[{"disabled":false,"description":"(Required) HMAC","key":"Message-Signature","value":"1tsmkG9Ip3k2rcO5cETButfP3D/RS6U8troFF+mUrno="},{"disabled":false,"description":"(Required) APigee Key","key":"Api-Key","value":"X0GW3QGOYFn4r7DHcVC8KuatUnNs6MGB"},{"disabled":false,"description":"(Required) Oauth Key","key":"auth","value":""},{"disabled":false,"description":"(Required) Date - Epoch format","key":"Timestamp","value":"1563309156733"},{"disabled":false,"description":"(Required) Randomly generated by client","key":"Client-Request-Id","value":"6NYHj9Pgyxc84rmafpwG4fjhLwFfJYFVmxJOcgziD0QN3q6mGC"},{"disabled":false,"description":"(Required) Institution Number","key":"instituicao","value":"00000003"},{"disabled":false,"description":"(Required) Merchant Code","key":"estabelecimento","value":"12345678"},{"key":"Accept","value":"application/json"}],"method":"GET","body":{}},"status":"OK","code":200,"header":[{"key":"Content-Type","value":"application/json"}],"body":"{\n  \"codigoRetorno\": 0,\n  \"mensagem\": \"0 - Sucesso\",\n  \"conteudo\": [\n    {\n      \"estabelecimento\": \"35041964\",\n      \"nomeEstabelecimento\": \"Banco Fiserv\",\n      \"grupo\": \"00009999\",\n      \"documento\": {}\n    },\n    {\n      \"estabelecimento\": \"35041964\",\n      \"nomeEstabelecimento\": \"Banco Fiserv\",\n      \"grupo\": \"00009999\",\n      \"documento\": {}\n    }\n  ]\n}","cookie":[],"_postman_previewlanguage":"json"},{"id":"e8c68c60-e635-45ff-9234-ec8c50c099c1","name":"Partial Content","originalRequest":{"url":{"path":["bwa","hierarquia-relacionamento","v1","relacionamento","obterEstabelecimentoPai"],"host":["{{baseUrl}}"],"query":[],"variable":[]},"header":[{"disabled":false,"description":"(Required) HMAC","key":"Message-Signature","value":"1tsmkG9Ip3k2rcO5cETButfP3D/RS6U8troFF+mUrno="},{"disabled":false,"description":"(Required) APigee Key","key":"Api-Key","value":"X0GW3QGOYFn4r7DHcVC8KuatUnNs6MGB"},{"disabled":false,"description":"(Required) Oauth Key","key":"auth","value":""},{"disabled":false,"description":"(Required) Date - Epoch format","key":"Timestamp","value":"1563309156733"},{"disabled":false,"description":"(Required) Randomly generated by client","key":"Client-Request-Id","value":"6NYHj9Pgyxc84rmafpwG4fjhLwFfJYFVmxJOcgziD0QN3q6mGC"},{"disabled":false,"description":"(Required) Institution Number","key":"instituicao","value":"00000003"},{"disabled":false,"description":"(Required) Merchant Code","key":"estabelecimento","value":"12345678"},{"key":"Accept","value":"application/json"}],"method":"GET","body":{}},"status":"Partial Content","code":206,"header":[{"key":"Content-Type","value":"application/json"}],"body":"{\n  \"codigoRetorno\": 9,\n  \"mensagem\": \"9 - Campos mandatorios - (meaning Mandatory Fields Missing\"\n}","cookie":[],"_postman_previewlanguage":"json"},{"id":"006ac712-4ce5-4a7b-90ab-de9b1f7b6b9b","name":"Unauthorized","originalRequest":{"url":{"path":["bwa","hierarquia-relacionamento","v1","relacionamento","obterEstabelecimentoPai"],"host":["{{baseUrl}}"],"query":[],"variable":[]},"header":[{"disabled":false,"description":"(Required) HMAC","key":"Message-Signature","value":"1tsmkG9Ip3k2rcO5cETButfP3D/RS6U8troFF+mUrno="},{"disabled":false,"description":"(Required) APigee Key","key":"Api-Key","value":"X0GW3QGOYFn4r7DHcVC8KuatUnNs6MGB"},{"disabled":false,"description":"(Required) Oauth Key","key":"auth","value":""},{"disabled":false,"description":"(Required) Date - Epoch format","key":"Timestamp","value":"1563309156733"},{"disabled":false,"description":"(Required) Randomly generated by client","key":"Client-Request-Id","value":"6NYHj9Pgyxc84rmafpwG4fjhLwFfJYFVmxJOcgziD0QN3q6mGC"},{"disabled":false,"description":"(Required) Institution Number","key":"instituicao","value":"00000003"},{"disabled":false,"description":"(Required) Merchant Code","key":"estabelecimento","value":"12345678"},{"key":"Accept","value":"application/json"}],"method":"GET","body":{}},"status":"Unauthorized","code":401,"header":[{"key":"Content-Type","value":"application/json"}],"body":"{\n  \"codigoRetorno\": 4,\n  \"mensagem\": \"Acesso nao autorizado ao conteudo pesquisado - (meaning Unauthorized Access)\"\n}","cookie":[],"_postman_previewlanguage":"json"},{"id":"0d521e75-0817-4a8c-ad0f-398edd16670d","name":"Forbidden","originalRequest":{"url":{"path":["bwa","hierarquia-relacionamento","v1","relacionamento","obterEstabelecimentoPai"],"host":["{{baseUrl}}"],"query":[],"variable":[]},"header":[{"disabled":false,"description":"(Required) HMAC","key":"Message-Signature","value":"1tsmkG9Ip3k2rcO5cETButfP3D/RS6U8troFF+mUrno="},{"disabled":false,"description":"(Required) APigee Key","key":"Api-Key","value":"X0GW3QGOYFn4r7DHcVC8KuatUnNs6MGB"},{"disabled":false,"description":"(Required) Oauth Key","key":"auth","value":""},{"disabled":false,"description":"(Required) Date - Epoch format","key":"Timestamp","value":"1563309156733"},{"disabled":false,"description":"(Required) Randomly generated by client","key":"Client-Request-Id","value":"6NYHj9Pgyxc84rmafpwG4fjhLwFfJYFVmxJOcgziD0QN3q6mGC"},{"disabled":false,"description":"(Required) Institution Number","key":"instituicao","value":"00000003"},{"disabled":false,"description":"(Required) Merchant Code","key":"estabelecimento","value":"12345678"},{"key":"Accept","value":"application/json"}],"method":"GET","body":{}},"status":"Forbidden","code":403,"header":[{"key":"Content-Type","value":"application/json"}],"body":"{\n  \"codigoRetorno\": 3,\n  \"mensagem\": \"3 - Acesso negado - (meaning Access Denied)\"\n}","cookie":[],"_postman_previewlanguage":"json"},{"id":"75f86276-899a-414b-a4d2-166300028572","name":"Not Found","originalRequest":{"url":{"path":["bwa","hierarquia-relacionamento","v1","relacionamento","obterEstabelecimentoPai"],"host":["{{baseUrl}}"],"query":[],"variable":[]},"header":[{"disabled":false,"description":"(Required) HMAC","key":"Message-Signature","value":"1tsmkG9Ip3k2rcO5cETButfP3D/RS6U8troFF+mUrno="},{"disabled":false,"description":"(Required) APigee Key","key":"Api-Key","value":"X0GW3QGOYFn4r7DHcVC8KuatUnNs6MGB"},{"disabled":false,"description":"(Required) Oauth Key","key":"auth","value":""},{"disabled":false,"description":"(Required) Date - Epoch format","key":"Timestamp","value":"1563309156733"},{"disabled":false,"description":"(Required) Randomly generated by client","key":"Client-Request-Id","value":"6NYHj9Pgyxc84rmafpwG4fjhLwFfJYFVmxJOcgziD0QN3q6mGC"},{"disabled":false,"description":"(Required) Institution Number","key":"instituicao","value":"00000003"},{"disabled":false,"description":"(Required) Merchant Code","key":"estabelecimento","value":"12345678"},{"key":"Accept","value":"application/json"}],"method":"GET","body":{}},"status":"Not Found","code":404,"header":[{"key":"Content-Type","value":"application/json"}],"body":"{\n  \"codigoRetorno\": 5,\n  \"mensagem\": \"Item nao encontrado - (meaning Item not Found)\"\n}","cookie":[],"_postman_previewlanguage":"json"},{"id":"27ebb216-648a-4431-9dfe-0f92b637fcd6","name":"Conflict","originalRequest":{"url":{"path":["bwa","hierarquia-relacionamento","v1","relacionamento","obterEstabelecimentoPai"],"host":["{{baseUrl}}"],"query":[],"variable":[]},"header":[{"disabled":false,"description":"(Required) HMAC","key":"Message-Signature","value":"1tsmkG9Ip3k2rcO5cETButfP3D/RS6U8troFF+mUrno="},{"disabled":false,"description":"(Required) APigee Key","key":"Api-Key","value":"X0GW3QGOYFn4r7DHcVC8KuatUnNs6MGB"},{"disabled":false,"description":"(Required) Oauth Key","key":"auth","value":""},{"disabled":false,"description":"(Required) Date - Epoch format","key":"Timestamp","value":"1563309156733"},{"disabled":false,"description":"(Required) Randomly generated by client","key":"Client-Request-Id","value":"6NYHj9Pgyxc84rmafpwG4fjhLwFfJYFVmxJOcgziD0QN3q6mGC"},{"disabled":false,"description":"(Required) Institution Number","key":"instituicao","value":"00000003"},{"disabled":false,"description":"(Required) Merchant Code","key":"estabelecimento","value":"12345678"},{"key":"Accept","value":"application/json"}],"method":"GET","body":{}},"status":"Conflict","code":409,"header":[{"key":"Content-Type","value":"application/json"}],"body":"{\n  \"codigoRetorno\": 8,\n  \"mensagem\": \"Item duplicado - (meaning Item Duplicated)\"\n}","cookie":[],"_postman_previewlanguage":"json"},{"id":"b435ed2e-86fe-4a09-8ed0-db049ed6be6e","name":"Internal Server Error","originalRequest":{"url":{"path":["bwa","hierarquia-relacionamento","v1","relacionamento","obterEstabelecimentoPai"],"host":["{{baseUrl}}"],"query":[],"variable":[]},"header":[{"disabled":false,"description":"(Required) HMAC","key":"Message-Signature","value":"1tsmkG9Ip3k2rcO5cETButfP3D/RS6U8troFF+mUrno="},{"disabled":false,"description":"(Required) APigee Key","key":"Api-Key","value":"X0GW3QGOYFn4r7DHcVC8KuatUnNs6MGB"},{"disabled":false,"description":"(Required) Oauth Key","key":"auth","value":""},{"disabled":false,"description":"(Required) Date - Epoch format","key":"Timestamp","value":"1563309156733"},{"disabled":false,"description":"(Required) Randomly generated by client","key":"Client-Request-Id","value":"6NYHj9Pgyxc84rmafpwG4fjhLwFfJYFVmxJOcgziD0QN3q6mGC"},{"disabled":false,"description":"(Required) Institution Number","key":"instituicao","value":"00000003"},{"disabled":false,"description":"(Required) Merchant Code","key":"estabelecimento","value":"12345678"},{"key":"Accept","value":"application/json"}],"method":"GET","body":{}},"status":"Internal Server Error","code":500,"header":[{"key":"Content-Type","value":"application/json"}],"body":"{\n  \"codigoRetorno\": 2,\n  \"mensagem\": \"7 - Erro na integracao da API. Detalhe - (meaning API Integration Error)\"\n}","cookie":[],"_postman_previewlanguage":"json"}],"event":[],"protocolProfileBehavior":{"disableBodyPruning":true}},{"id":"4bed306b-6712-4b5e-b619-9fa88f2aa883","name":"Merchant Information & Cases","request":{"name":"Merchant Information & Cases","description":{"content":"Merchant Relationship Hierarchy - Add","type":"text/plain"},"url":{"path":["bwa","hierarquia-relacionamento","v1","relacionamento","incluir"],"host":["{{baseUrl}}"],"query":[],"variable":[]},"header":[{"disabled":false,"description":"(Required) HMAC","key":"Message-Signature","value":"<string>"},{"disabled":false,"description":"(Required) APigee Key","key":"Api-Key","value":"<string>"},{"disabled":false,"description":"(Required) Oauth Key","key":"auth","value":"<string>"},{"disabled":false,"description":"(Required) Date - Epoch format","key":"Timestamp","value":"<string>"},{"disabled":false,"description":"(Required) Randomly generated by client","key":"Client-Request-Id","value":"<string>"},{"disabled":false,"description":"(Required) Institution Number","key":"instituicao","value":"<string>"},{"disabled":false,"description":"(Required) Merchant Code","key":"estabelecimento","value":"<string>"},{"key":"Content-Type","value":"application/json"},{"key":"Accept","value":"application/json"}],"method":"POST","auth":null,"body":{"mode":"raw","raw":"{\n  \"estabelecimentoPai\": \"<string>\",\n  \"userId\": \"<string>\"\n}","options":{"raw":{"language":"json"}}}},"response":[{"id":"b0e677ad-dc95-4986-9663-a23571212c4e","name":"Successfully Done","originalRequest":{"url":{"path":["bwa","hierarquia-relacionamento","v1","relacionamento","incluir"],"host":["{{baseUrl}}"],"query":[],"variable":[]},"header":[{"disabled":false,"description":"(Required) HMAC","key":"Message-Signature","value":"1tsmkG9Ip3k2rcO5cETButfP3D/RS6U8troFF+mUrno="},{"disabled":false,"description":"(Required) APigee Key","key":"Api-Key","value":"X0GW3QGOYFn4r7DHcVC8KuatUnNs6MGB"},{"disabled":false,"description":"(Required) Oauth Key","key":"auth","value":""},{"disabled":false,"description":"(Required) Date - Epoch format","key":"Timestamp","value":"1563309156733"},{"disabled":false,"description":"(Required) Randomly generated by client","key":"Client-Request-Id","value":"6NYHj9Pgyxc84rmafpwG4fjhLwFfJYFVmxJOcgziD0QN3q6mGC"},{"disabled":false,"description":"(Required) Institution Number","key":"instituicao","value":"00000003"},{"disabled":false,"description":"(Required) Merchant Code","key":"estabelecimento","value":"12345678"},{"key":"Accept","value":"application/json"}],"method":"POST","body":{"mode":"raw","raw":"{\n  \"estabelecimentoPai\": \"35041964\",\n  \"userId\": \"123456\"\n}","options":{"raw":{"language":"json"}}}},"status":"OK","code":200,"header":[{"key":"Content-Type","value":"application/json"}],"body":"{\n  \"codigoRetorno\": 0,\n  \"mensagem\": \"0 - Sucesso\",\n  \"conteudo\": {\n    \"codigo\": \"00\",\n    \"descricao\": \"Successfully executed\",\n    \"mensagem\": \"Estabelecimento vinculado com sucesso\"\n  }\n}","cookie":[],"_postman_previewlanguage":"json"},{"id":"fd807888-62f9-4baf-9e8e-2697a718194d","name":"Partial Content","originalRequest":{"url":{"path":["bwa","hierarquia-relacionamento","v1","relacionamento","incluir"],"host":["{{baseUrl}}"],"query":[],"variable":[]},"header":[{"disabled":false,"description":"(Required) HMAC","key":"Message-Signature","value":"1tsmkG9Ip3k2rcO5cETButfP3D/RS6U8troFF+mUrno="},{"disabled":false,"description":"(Required) APigee Key","key":"Api-Key","value":"X0GW3QGOYFn4r7DHcVC8KuatUnNs6MGB"},{"disabled":false,"description":"(Required) Oauth Key","key":"auth","value":""},{"disabled":false,"description":"(Required) Date - Epoch format","key":"Timestamp","value":"1563309156733"},{"disabled":false,"description":"(Required) Randomly generated by client","key":"Client-Request-Id","value":"6NYHj9Pgyxc84rmafpwG4fjhLwFfJYFVmxJOcgziD0QN3q6mGC"},{"disabled":false,"description":"(Required) Institution Number","key":"instituicao","value":"00000003"},{"disabled":false,"description":"(Required) Merchant Code","key":"estabelecimento","value":"12345678"},{"key":"Accept","value":"application/json"}],"method":"POST","body":{"mode":"raw","raw":"{\n  \"estabelecimentoPai\": \"35041964\",\n  \"userId\": \"123456\"\n}","options":{"raw":{"language":"json"}}}},"status":"Partial Content","code":206,"header":[{"key":"Content-Type","value":"application/json"}],"body":"{\n  \"codigoRetorno\": 9,\n  \"mensagem\": \"9 - Campos mandatorios - (meaning Mandatory Fields Missing\"\n}","cookie":[],"_postman_previewlanguage":"json"},{"id":"7b4dbd17-f07d-4561-b77a-7a7da8856b9b","name":"Unauthorized","originalRequest":{"url":{"path":["bwa","hierarquia-relacionamento","v1","relacionamento","incluir"],"host":["{{baseUrl}}"],"query":[],"variable":[]},"header":[{"disabled":false,"description":"(Required) HMAC","key":"Message-Signature","value":"1tsmkG9Ip3k2rcO5cETButfP3D/RS6U8troFF+mUrno="},{"disabled":false,"description":"(Required) APigee Key","key":"Api-Key","value":"X0GW3QGOYFn4r7DHcVC8KuatUnNs6MGB"},{"disabled":false,"description":"(Required) Oauth Key","key":"auth","value":""},{"disabled":false,"description":"(Required) Date - Epoch format","key":"Timestamp","value":"1563309156733"},{"disabled":false,"description":"(Required) Randomly generated by client","key":"Client-Request-Id","value":"6NYHj9Pgyxc84rmafpwG4fjhLwFfJYFVmxJOcgziD0QN3q6mGC"},{"disabled":false,"description":"(Required) Institution Number","key":"instituicao","value":"00000003"},{"disabled":false,"description":"(Required) Merchant Code","key":"estabelecimento","value":"12345678"},{"key":"Accept","value":"application/json"}],"method":"POST","body":{"mode":"raw","raw":"{\n  \"estabelecimentoPai\": \"35041964\",\n  \"userId\": \"123456\"\n}","options":{"raw":{"language":"json"}}}},"status":"Unauthorized","code":401,"header":[{"key":"Content-Type","value":"application/json"}],"body":"{\n  \"codigoRetorno\": 4,\n  \"mensagem\": \"Acesso nao autorizado ao conteudo pesquisado - (meaning Unauthorized Access)\"\n}","cookie":[],"_postman_previewlanguage":"json"},{"id":"d8e67cfb-0530-4037-9ce5-6a7d1b915390","name":"Forbidden","originalRequest":{"url":{"path":["bwa","hierarquia-relacionamento","v1","relacionamento","incluir"],"host":["{{baseUrl}}"],"query":[],"variable":[]},"header":[{"disabled":false,"description":"(Required) HMAC","key":"Message-Signature","value":"1tsmkG9Ip3k2rcO5cETButfP3D/RS6U8troFF+mUrno="},{"disabled":false,"description":"(Required) APigee Key","key":"Api-Key","value":"X0GW3QGOYFn4r7DHcVC8KuatUnNs6MGB"},{"disabled":false,"description":"(Required) Oauth Key","key":"auth","value":""},{"disabled":false,"description":"(Required) Date - Epoch format","key":"Timestamp","value":"1563309156733"},{"disabled":false,"description":"(Required) Randomly generated by client","key":"Client-Request-Id","value":"6NYHj9Pgyxc84rmafpwG4fjhLwFfJYFVmxJOcgziD0QN3q6mGC"},{"disabled":false,"description":"(Required) Institution Number","key":"instituicao","value":"00000003"},{"disabled":false,"description":"(Required) Merchant Code","key":"estabelecimento","value":"12345678"},{"key":"Accept","value":"application/json"}],"method":"POST","body":{"mode":"raw","raw":"{\n  \"estabelecimentoPai\": \"35041964\",\n  \"userId\": \"123456\"\n}","options":{"raw":{"language":"json"}}}},"status":"Forbidden","code":403,"header":[{"key":"Content-Type","value":"application/json"}],"body":"{\n  \"codigoRetorno\": 3,\n  \"mensagem\": \"3 - Acesso negado - (meaning Access Denied)\"\n}","cookie":[],"_postman_previewlanguage":"json"},{"id":"4f13d986-585f-4a8f-bb3e-71af2caa2903","name":"Not Found","originalRequest":{"url":{"path":["bwa","hierarquia-relacionamento","v1","relacionamento","incluir"],"host":["{{baseUrl}}"],"query":[],"variable":[]},"header":[{"disabled":false,"description":"(Required) HMAC","key":"Message-Signature","value":"1tsmkG9Ip3k2rcO5cETButfP3D/RS6U8troFF+mUrno="},{"disabled":false,"description":"(Required) APigee Key","key":"Api-Key","value":"X0GW3QGOYFn4r7DHcVC8KuatUnNs6MGB"},{"disabled":false,"description":"(Required) Oauth Key","key":"auth","value":""},{"disabled":false,"description":"(Required) Date - Epoch format","key":"Timestamp","value":"1563309156733"},{"disabled":false,"description":"(Required) Randomly generated by client","key":"Client-Request-Id","value":"6NYHj9Pgyxc84rmafpwG4fjhLwFfJYFVmxJOcgziD0QN3q6mGC"},{"disabled":false,"description":"(Required) Institution Number","key":"instituicao","value":"00000003"},{"disabled":false,"description":"(Required) Merchant Code","key":"estabelecimento","value":"12345678"},{"key":"Accept","value":"application/json"}],"method":"POST","body":{"mode":"raw","raw":"{\n  \"estabelecimentoPai\": \"35041964\",\n  \"userId\": \"123456\"\n}","options":{"raw":{"language":"json"}}}},"status":"Not Found","code":404,"header":[{"key":"Content-Type","value":"application/json"}],"body":"{\n  \"codigoRetorno\": 5,\n  \"mensagem\": \"Item nao encontrado - (meaning Item not Found)\"\n}","cookie":[],"_postman_previewlanguage":"json"},{"id":"48fd9eb9-be43-45b9-9242-10ad66922053","name":"Conflict","originalRequest":{"url":{"path":["bwa","hierarquia-relacionamento","v1","relacionamento","incluir"],"host":["{{baseUrl}}"],"query":[],"variable":[]},"header":[{"disabled":false,"description":"(Required) HMAC","key":"Message-Signature","value":"1tsmkG9Ip3k2rcO5cETButfP3D/RS6U8troFF+mUrno="},{"disabled":false,"description":"(Required) APigee Key","key":"Api-Key","value":"X0GW3QGOYFn4r7DHcVC8KuatUnNs6MGB"},{"disabled":false,"description":"(Required) Oauth Key","key":"auth","value":""},{"disabled":false,"description":"(Required) Date - Epoch format","key":"Timestamp","value":"1563309156733"},{"disabled":false,"description":"(Required) Randomly generated by client","key":"Client-Request-Id","value":"6NYHj9Pgyxc84rmafpwG4fjhLwFfJYFVmxJOcgziD0QN3q6mGC"},{"disabled":false,"description":"(Required) Institution Number","key":"instituicao","value":"00000003"},{"disabled":false,"description":"(Required) Merchant Code","key":"estabelecimento","value":"12345678"},{"key":"Accept","value":"application/json"}],"method":"POST","body":{"mode":"raw","raw":"{\n  \"estabelecimentoPai\": \"35041964\",\n  \"userId\": \"123456\"\n}","options":{"raw":{"language":"json"}}}},"status":"Conflict","code":409,"header":[{"key":"Content-Type","value":"application/json"}],"body":"{\n  \"codigoRetorno\": 8,\n  \"mensagem\": \"Item duplicado - (meaning Item Duplicated)\"\n}","cookie":[],"_postman_previewlanguage":"json"},{"id":"109545c4-e81f-499d-96fa-9cf55faa8d75","name":"Internal Server Error","originalRequest":{"url":{"path":["bwa","hierarquia-relacionamento","v1","relacionamento","incluir"],"host":["{{baseUrl}}"],"query":[],"variable":[]},"header":[{"disabled":false,"description":"(Required) HMAC","key":"Message-Signature","value":"1tsmkG9Ip3k2rcO5cETButfP3D/RS6U8troFF+mUrno="},{"disabled":false,"description":"(Required) APigee Key","key":"Api-Key","value":"X0GW3QGOYFn4r7DHcVC8KuatUnNs6MGB"},{"disabled":false,"description":"(Required) Oauth Key","key":"auth","value":""},{"disabled":false,"description":"(Required) Date - Epoch format","key":"Timestamp","value":"1563309156733"},{"disabled":false,"description":"(Required) Randomly generated by client","key":"Client-Request-Id","value":"6NYHj9Pgyxc84rmafpwG4fjhLwFfJYFVmxJOcgziD0QN3q6mGC"},{"disabled":false,"description":"(Required) Institution Number","key":"instituicao","value":"00000003"},{"disabled":false,"description":"(Required) Merchant Code","key":"estabelecimento","value":"12345678"},{"key":"Accept","value":"application/json"}],"method":"POST","body":{"mode":"raw","raw":"{\n  \"estabelecimentoPai\": \"35041964\",\n  \"userId\": \"123456\"\n}","options":{"raw":{"language":"json"}}}},"status":"Internal Server Error","code":500,"header":[{"key":"Content-Type","value":"application/json"}],"body":"{\n  \"codigoRetorno\": 2,\n  \"mensagem\": \"7 - Erro na integracao da API. Detalhe - (meaning API Integration Error)\"\n}","cookie":[],"_postman_previewlanguage":"json"}],"event":[],"protocolProfileBehavior":{"disableBodyPruning":true}},{"id":"8ea094a3-c47a-48a0-85ed-9e8cb0c4acbc","name":"Merchant Information & Cases","request":{"name":"Merchant Information & Cases","description":{"content":"Merchant Relationship Hierarchy - Remove","type":"text/plain"},"url":{"path":["bwa","hierarquia-relacionamento","v1","relacionamento","excluir"],"host":["{{baseUrl}}"],"query":[],"variable":[]},"header":[{"disabled":false,"description":"(Required) HMAC","key":"Message-Signature","value":"<string>"},{"disabled":false,"description":"(Required) APigee Key","key":"Api-Key","value":"<string>"},{"disabled":false,"description":"(Required) Oauth Key","key":"auth","value":"<string>"},{"disabled":false,"description":"(Required) Date - Epoch format","key":"Timestamp","value":"<string>"},{"disabled":false,"description":"(Required) Randomly generated by client","key":"Client-Request-Id","value":"<string>"},{"disabled":false,"description":"(Required) Institution Number","key":"instituicao","value":"<string>"},{"disabled":false,"description":"(Required) Merchant Code","key":"estabelecimento","value":"<string>"},{"key":"Content-Type","value":"application/json"},{"key":"Accept","value":"application/json"}],"method":"POST","auth":null,"body":{"mode":"raw","raw":"{\n  \"userId\": \"<string>\"\n}","options":{"raw":{"language":"json"}}}},"response":[{"id":"bf6e3d48-8a37-4e19-9945-2ea8362ba17b","name":"Successfully Done","originalRequest":{"url":{"path":["bwa","hierarquia-relacionamento","v1","relacionamento","excluir"],"host":["{{baseUrl}}"],"query":[],"variable":[]},"header":[{"disabled":false,"description":"(Required) HMAC","key":"Message-Signature","value":"1tsmkG9Ip3k2rcO5cETButfP3D/RS6U8troFF+mUrno="},{"disabled":false,"description":"(Required) APigee Key","key":"Api-Key","value":"X0GW3QGOYFn4r7DHcVC8KuatUnNs6MGB"},{"disabled":false,"description":"(Required) Oauth Key","key":"auth","value":""},{"disabled":false,"description":"(Required) Date - Epoch format","key":"Timestamp","value":"1563309156733"},{"disabled":false,"description":"(Required) Randomly generated by client","key":"Client-Request-Id","value":"6NYHj9Pgyxc84rmafpwG4fjhLwFfJYFVmxJOcgziD0QN3q6mGC"},{"disabled":false,"description":"(Required) Institution Number","key":"instituicao","value":"00000003"},{"disabled":false,"description":"(Required) Merchant Code","key":"estabelecimento","value":"12345678"},{"key":"Accept","value":"application/json"}],"method":"POST","body":{"mode":"raw","raw":"{\n  \"userId\": \"123456\"\n}","options":{"raw":{"language":"json"}}}},"status":"OK","code":200,"header":[{"key":"Content-Type","value":"application/json"}],"body":"{\n  \"codigoRetorno\": 0,\n  \"mensagem\": \"0 - Sucesso\",\n  \"conteudo\": {\n    \"codigo\": \"00\",\n    \"descricao\": \"Hierarquia excluida com sucesso\"\n  }\n}","cookie":[],"_postman_previewlanguage":"json"},{"id":"699ae651-d251-44bf-8668-d2bbf287e2dc","name":"Partial Content","originalRequest":{"url":{"path":["bwa","hierarquia-relacionamento","v1","relacionamento","excluir"],"host":["{{baseUrl}}"],"query":[],"variable":[]},"header":[{"disabled":false,"description":"(Required) HMAC","key":"Message-Signature","value":"1tsmkG9Ip3k2rcO5cETButfP3D/RS6U8troFF+mUrno="},{"disabled":false,"description":"(Required) APigee Key","key":"Api-Key","value":"X0GW3QGOYFn4r7DHcVC8KuatUnNs6MGB"},{"disabled":false,"description":"(Required) Oauth Key","key":"auth","value":""},{"disabled":false,"description":"(Required) Date - Epoch format","key":"Timestamp","value":"1563309156733"},{"disabled":false,"description":"(Required) Randomly generated by client","key":"Client-Request-Id","value":"6NYHj9Pgyxc84rmafpwG4fjhLwFfJYFVmxJOcgziD0QN3q6mGC"},{"disabled":false,"description":"(Required) Institution Number","key":"instituicao","value":"00000003"},{"disabled":false,"description":"(Required) Merchant Code","key":"estabelecimento","value":"12345678"},{"key":"Accept","value":"application/json"}],"method":"POST","body":{"mode":"raw","raw":"{\n  \"userId\": \"123456\"\n}","options":{"raw":{"language":"json"}}}},"status":"Partial Content","code":206,"header":[{"key":"Content-Type","value":"application/json"}],"body":"{\n  \"codigoRetorno\": 9,\n  \"mensagem\": \"9 - Campos mandatorios - (meaning Mandatory Fields Missing\"\n}","cookie":[],"_postman_previewlanguage":"json"},{"id":"29d314c4-d6d1-412f-9f7b-81a122cca9ee","name":"Unauthorized","originalRequest":{"url":{"path":["bwa","hierarquia-relacionamento","v1","relacionamento","excluir"],"host":["{{baseUrl}}"],"query":[],"variable":[]},"header":[{"disabled":false,"description":"(Required) HMAC","key":"Message-Signature","value":"1tsmkG9Ip3k2rcO5cETButfP3D/RS6U8troFF+mUrno="},{"disabled":false,"description":"(Required) APigee Key","key":"Api-Key","value":"X0GW3QGOYFn4r7DHcVC8KuatUnNs6MGB"},{"disabled":false,"description":"(Required) Oauth Key","key":"auth","value":""},{"disabled":false,"description":"(Required) Date - Epoch format","key":"Timestamp","value":"1563309156733"},{"disabled":false,"description":"(Required) Randomly generated by client","key":"Client-Request-Id","value":"6NYHj9Pgyxc84rmafpwG4fjhLwFfJYFVmxJOcgziD0QN3q6mGC"},{"disabled":false,"description":"(Required) Institution Number","key":"instituicao","value":"00000003"},{"disabled":false,"description":"(Required) Merchant Code","key":"estabelecimento","value":"12345678"},{"key":"Accept","value":"application/json"}],"method":"POST","body":{"mode":"raw","raw":"{\n  \"userId\": \"123456\"\n}","options":{"raw":{"language":"json"}}}},"status":"Unauthorized","code":401,"header":[{"key":"Content-Type","value":"application/json"}],"body":"{\n  \"codigoRetorno\": 4,\n  \"mensagem\": \"Acesso nao autorizado ao conteudo pesquisado - (meaning Unauthorized Access)\"\n}","cookie":[],"_postman_previewlanguage":"json"},{"id":"c37ee092-23af-4745-87d1-8d7beeacdc0e","name":"Forbidden","originalRequest":{"url":{"path":["bwa","hierarquia-relacionamento","v1","relacionamento","excluir"],"host":["{{baseUrl}}"],"query":[],"variable":[]},"header":[{"disabled":false,"description":"(Required) HMAC","key":"Message-Signature","value":"1tsmkG9Ip3k2rcO5cETButfP3D/RS6U8troFF+mUrno="},{"disabled":false,"description":"(Required) APigee Key","key":"Api-Key","value":"X0GW3QGOYFn4r7DHcVC8KuatUnNs6MGB"},{"disabled":false,"description":"(Required) Oauth Key","key":"auth","value":""},{"disabled":false,"description":"(Required) Date - Epoch format","key":"Timestamp","value":"1563309156733"},{"disabled":false,"description":"(Required) Randomly generated by client","key":"Client-Request-Id","value":"6NYHj9Pgyxc84rmafpwG4fjhLwFfJYFVmxJOcgziD0QN3q6mGC"},{"disabled":false,"description":"(Required) Institution Number","key":"instituicao","value":"00000003"},{"disabled":false,"description":"(Required) Merchant Code","key":"estabelecimento","value":"12345678"},{"key":"Accept","value":"application/json"}],"method":"POST","body":{"mode":"raw","raw":"{\n  \"userId\": \"123456\"\n}","options":{"raw":{"language":"json"}}}},"status":"Forbidden","code":403,"header":[{"key":"Content-Type","value":"application/json"}],"body":"{\n  \"codigoRetorno\": 3,\n  \"mensagem\": \"3 - Acesso negado - (meaning Access Denied)\"\n}","cookie":[],"_postman_previewlanguage":"json"},{"id":"0c2f50d2-568a-4500-b4b7-3638f7fabbf6","name":"Not Found","originalRequest":{"url":{"path":["bwa","hierarquia-relacionamento","v1","relacionamento","excluir"],"host":["{{baseUrl}}"],"query":[],"variable":[]},"header":[{"disabled":false,"description":"(Required) HMAC","key":"Message-Signature","value":"1tsmkG9Ip3k2rcO5cETButfP3D/RS6U8troFF+mUrno="},{"disabled":false,"description":"(Required) APigee Key","key":"Api-Key","value":"X0GW3QGOYFn4r7DHcVC8KuatUnNs6MGB"},{"disabled":false,"description":"(Required) Oauth Key","key":"auth","value":""},{"disabled":false,"description":"(Required) Date - Epoch format","key":"Timestamp","value":"1563309156733"},{"disabled":false,"description":"(Required) Randomly generated by client","key":"Client-Request-Id","value":"6NYHj9Pgyxc84rmafpwG4fjhLwFfJYFVmxJOcgziD0QN3q6mGC"},{"disabled":false,"description":"(Required) Institution Number","key":"instituicao","value":"00000003"},{"disabled":false,"description":"(Required) Merchant Code","key":"estabelecimento","value":"12345678"},{"key":"Accept","value":"application/json"}],"method":"POST","body":{"mode":"raw","raw":"{\n  \"userId\": \"123456\"\n}","options":{"raw":{"language":"json"}}}},"status":"Not Found","code":404,"header":[{"key":"Content-Type","value":"application/json"}],"body":"{\n  \"codigoRetorno\": 5,\n  \"mensagem\": \"Item nao encontrado - (meaning Item not Found)\"\n}","cookie":[],"_postman_previewlanguage":"json"},{"id":"379078dc-6459-46b0-b785-f58b92ff2051","name":"Conflict","originalRequest":{"url":{"path":["bwa","hierarquia-relacionamento","v1","relacionamento","excluir"],"host":["{{baseUrl}}"],"query":[],"variable":[]},"header":[{"disabled":false,"description":"(Required) HMAC","key":"Message-Signature","value":"1tsmkG9Ip3k2rcO5cETButfP3D/RS6U8troFF+mUrno="},{"disabled":false,"description":"(Required) APigee Key","key":"Api-Key","value":"X0GW3QGOYFn4r7DHcVC8KuatUnNs6MGB"},{"disabled":false,"description":"(Required) Oauth Key","key":"auth","value":""},{"disabled":false,"description":"(Required) Date - Epoch format","key":"Timestamp","value":"1563309156733"},{"disabled":false,"description":"(Required) Randomly generated by client","key":"Client-Request-Id","value":"6NYHj9Pgyxc84rmafpwG4fjhLwFfJYFVmxJOcgziD0QN3q6mGC"},{"disabled":false,"description":"(Required) Institution Number","key":"instituicao","value":"00000003"},{"disabled":false,"description":"(Required) Merchant Code","key":"estabelecimento","value":"12345678"},{"key":"Accept","value":"application/json"}],"method":"POST","body":{"mode":"raw","raw":"{\n  \"userId\": \"123456\"\n}","options":{"raw":{"language":"json"}}}},"status":"Conflict","code":409,"header":[{"key":"Content-Type","value":"application/json"}],"body":"{\n  \"codigoRetorno\": 8,\n  \"mensagem\": \"Item duplicado - (meaning Item Duplicated)\"\n}","cookie":[],"_postman_previewlanguage":"json"},{"id":"5a5e1a6e-3f1e-4c89-80e5-a15708975abf","name":"Internal Server Error","originalRequest":{"url":{"path":["bwa","hierarquia-relacionamento","v1","relacionamento","excluir"],"host":["{{baseUrl}}"],"query":[],"variable":[]},"header":[{"disabled":false,"description":"(Required) HMAC","key":"Message-Signature","value":"1tsmkG9Ip3k2rcO5cETButfP3D/RS6U8troFF+mUrno="},{"disabled":false,"description":"(Required) APigee Key","key":"Api-Key","value":"X0GW3QGOYFn4r7DHcVC8KuatUnNs6MGB"},{"disabled":false,"description":"(Required) Oauth Key","key":"auth","value":""},{"disabled":false,"description":"(Required) Date - Epoch format","key":"Timestamp","value":"1563309156733"},{"disabled":false,"description":"(Required) Randomly generated by client","key":"Client-Request-Id","value":"6NYHj9Pgyxc84rmafpwG4fjhLwFfJYFVmxJOcgziD0QN3q6mGC"},{"disabled":false,"description":"(Required) Institution Number","key":"instituicao","value":"00000003"},{"disabled":false,"description":"(Required) Merchant Code","key":"estabelecimento","value":"12345678"},{"key":"Accept","value":"application/json"}],"method":"POST","body":{"mode":"raw","raw":"{\n  \"userId\": \"123456\"\n}","options":{"raw":{"language":"json"}}}},"status":"Internal Server Error","code":500,"header":[{"key":"Content-Type","value":"application/json"}],"body":"{\n  \"codigoRetorno\": 2,\n  \"mensagem\": \"7 - Erro na integracao da API. Detalhe - (meaning API Integration Error)\"\n}","cookie":[],"_postman_previewlanguage":"json"}],"event":[],"protocolProfileBehavior":{"disableBodyPruning":true}}],"event":[]}],"event":[],"variable":[{"type":"string","value":"https://cat.api.firstdata.com","key":"baseUrl"}],"info":{"_postman_id":"51f1775b-4553-43d4-a10e-5d512e9fe87b","name":"Merchant Relationship Hierarchy Maintenance - Search, Add and Remove the hierarchy","schema":"https://schema.getpostman.com/json/collection/v2.1.0/collection.json","description":{"content":"Merchant Relationship Hierarchy Maintenance - Search, Add and Remove the hierarchy\n\nContact Support:\n Name: First Data","type":"text/plain"}}}