{"item":[{"id":"af4c3c4c-9426-4a37-a37a-a09f3dcb649f","name":"Merchant Information & Cases","request":{"name":"Merchant Information & Cases","description":{"content":"Merchant Trade Name - Update","type":"text/plain"},"url":{"path":["bwa","wsm","merchantinformation","tradeName","updateTradeName"],"host":["{{baseUrl}}"],"query":[],"variable":[]},"header":[{"disabled":false,"description":"(Required) HMAC","key":"Message-Signature","value":"<string>"},{"disabled":false,"description":"(Required) APigee Key","key":"Api-Key","value":"<string>"},{"disabled":false,"description":"(Required) Oauth Key","key":"auth","value":"<string>"},{"disabled":false,"description":"(Required) Date - Epoch format","key":"Timestamp","value":"<string>"},{"disabled":false,"description":"(Required) Randomly generated by client","key":"Client-Request-Id","value":"<string>"},{"key":"Content-Type","value":"application/json"},{"key":"Accept","value":"application/json"}],"method":"POST","auth":null,"body":{"mode":"raw","raw":"{\n  \"updateTradeName\": [\n    {\n      \"institutionNumber\": \"<string>\",\n      \"merchantID\": \"<string>\",\n      \"tradeName\": \"<string>\"\n    },\n    {\n      \"institutionNumber\": \"<string>\",\n      \"merchantID\": \"<string>\",\n      \"tradeName\": \"<string>\"\n    }\n  ]\n}","options":{"raw":{"language":"json"}}}},"response":[{"id":"d239e722-1933-47b1-84d5-43d206f1305f","name":"Success","originalRequest":{"url":{"path":["bwa","wsm","merchantinformation","tradeName","updateTradeName"],"host":["{{baseUrl}}"],"query":[],"variable":[]},"header":[{"disabled":false,"description":"(Required) HMAC","key":"Message-Signature","value":"1tsmkG9Ip3k2rcO5cETButfP3D/RS6U8troFF+mUrno="},{"disabled":false,"description":"(Required) APigee Key","key":"Api-Key","value":"X0GW3QGOYFn4r7DHcVC8KuatUnNs6MGB"},{"disabled":false,"description":"(Required) Oauth Key","key":"auth","value":""},{"disabled":false,"description":"(Required) Date - Epoch format","key":"Timestamp","value":"1563309156733"},{"disabled":false,"description":"(Required) Randomly generated by client","key":"Client-Request-Id","value":"6NYHj9Pgyxc84rmafpwG4fjhLwFfJYFVmxJOcgziD0QN3q6mGC"},{"key":"Accept","value":"application/json"}],"method":"POST","body":{"mode":"raw","raw":"{\n  \"updateTradeName\": [\n    {\n      \"institutionNumber\": \"00000003\",\n      \"merchantID\": \"91002806\",\n      \"tradeName\": \"Nome Fantasia da Empresa\"\n    },\n    {\n      \"institutionNumber\": \"00000003\",\n      \"merchantID\": \"91002806\",\n      \"tradeName\": \"Nome Fantasia da Empresa\"\n    }\n  ]\n}","options":{"raw":{"language":"json"}}}},"status":"OK","code":200,"header":[{"key":"Content-Type","value":"application/json"}],"body":"{\n  \"processMessage\": [\n    {\n      \"institutionNumber\": \"00000003\",\n      \"merchantID\": \"91002806\",\n      \"tradeName\": \"Nome Fantasia da Empresa\",\n      \"response\": {\n        \"responseInformationList\": [\n          {\n            \"responseCode\": \"00 - Atualização realizada com sucesso. -(meaning Updated Successfully Done)\",\n            \"responseCodeDesc\": \"01 - Atualização realizada com sucesso, mas mensagem UNS não enviada - (meaning Update Successfully done without UNS)\"\n          },\n          {\n            \"responseCode\": \"00 - Atualização realizada com sucesso. -(meaning Updated Successfully Done)\",\n            \"responseCodeDesc\": \"06 - Informações mandatórias não enviadas - (meaning Required Information not Provided)\"\n          }\n        ]\n      }\n    },\n    {\n      \"institutionNumber\": \"00000003\",\n      \"merchantID\": \"91002806\",\n      \"tradeName\": \"Nome Fantasia da Empresa\",\n      \"response\": {\n        \"responseInformationList\": [\n          {\n            \"responseCode\": \"00 - Atualização realizada com sucesso. -(meaning Updated Successfully Done)\",\n            \"responseCodeDesc\": \"02 - Parâmetros inválidos - (meaning Invalid Parameters)\"\n          },\n          {\n            \"responseCode\": \"00 - Atualização realizada com sucesso. -(meaning Updated Successfully Done)\",\n            \"responseCodeDesc\": \"05 - Atualização rejeitada pelos sistemas TMS/FHM - (meaning Updated not confirmed)\"\n          }\n        ]\n      }\n    }\n  ]\n}","cookie":[],"_postman_previewlanguage":"json"},{"id":"749a647d-5920-45b9-a059-d098209288e4","name":"Unauthorized","originalRequest":{"url":{"path":["bwa","wsm","merchantinformation","tradeName","updateTradeName"],"host":["{{baseUrl}}"],"query":[],"variable":[]},"header":[{"disabled":false,"description":"(Required) HMAC","key":"Message-Signature","value":"1tsmkG9Ip3k2rcO5cETButfP3D/RS6U8troFF+mUrno="},{"disabled":false,"description":"(Required) APigee Key","key":"Api-Key","value":"X0GW3QGOYFn4r7DHcVC8KuatUnNs6MGB"},{"disabled":false,"description":"(Required) Oauth Key","key":"auth","value":""},{"disabled":false,"description":"(Required) Date - Epoch format","key":"Timestamp","value":"1563309156733"},{"disabled":false,"description":"(Required) Randomly generated by client","key":"Client-Request-Id","value":"6NYHj9Pgyxc84rmafpwG4fjhLwFfJYFVmxJOcgziD0QN3q6mGC"},{"key":"Accept","value":"application/json"}],"method":"POST","body":{"mode":"raw","raw":"{\n  \"updateTradeName\": [\n    {\n      \"institutionNumber\": \"00000003\",\n      \"merchantID\": \"91002806\",\n      \"tradeName\": \"Nome Fantasia da Empresa\"\n    },\n    {\n      \"institutionNumber\": \"00000003\",\n      \"merchantID\": \"91002806\",\n      \"tradeName\": \"Nome Fantasia da Empresa\"\n    }\n  ]\n}","options":{"raw":{"language":"json"}}}},"status":"Unauthorized","code":401,"header":[{"key":"Content-Type","value":"application/json"}],"body":"{\n  \"codigoRetorno\": 4,\n  \"mensagem\": \"Acesso nao autorizado ao conteudo pesquisado - (meaning Unauthorized Access)\"\n}","cookie":[],"_postman_previewlanguage":"json"}],"event":[],"protocolProfileBehavior":{"disableBodyPruning":true}}],"event":[],"variable":[{"type":"string","value":"https://cat.api.firstdata.com","key":"baseUrl"}],"info":{"_postman_id":"298ff858-dcb1-4e83-9edf-e300450d8b31","name":"Merchant Trade Name Update","schema":"https://schema.getpostman.com/json/collection/v2.1.0/collection.json","description":{"content":"Merchant Trade Name Update","type":"text/plain"}}}