{"item":[{"id":"3cbdc339-cfe6-49f2-92fa-c4f52bb313e1","name":"Update Address","description":{"content":"","type":"text/plain"},"item":[{"id":"d730514c-6939-4323-92d7-020cb860996a","name":"Update Address.","request":{"name":"Update Address.","description":{"content":"Modifies the existing address record associated with the financial account or Party.  <br> For more information about the Accountholder domain, <a href=\"../docs/?path=docs/fintechs/accountholder.md\" title=\"Click to open\">click here.</a> <br><br> <b>Relates to:</b>\n  <ul> \n    <li><a href=\"../docs/?path=docs/banks-and-CU/deposits.md\" title=\"Click to open\">Deposits</a></li>\n    <li><a href=\"../docs/?path=docs/banks-and-CU/loans.md\" title=\"Click to open\">Loans</a></li>\n    <li><a href=\"../docs/?path=docs/banks-and-CU/bank-servicing.md\" title=\"Click to open\">Bank Servicing</a></li>\n  </ul>","type":"text/plain"},"url":{"path":["address"],"host":["{{baseUrl}}"],"query":[],"variable":[]},"header":[{"disabled":false,"description":"(Required) EFX Header is a common and required component for all API calls, it contains authentication and client-related parameters. Please note that the header parameters should be sent as a JSON object under the EFXHeader parameter. To view the list of header parameters, <a href=\"../docs?path=docs/api-ref-EFX-header.md\" title=\"Click to open\"> click here.</a>","key":"EFXHeader","value":"{ \"TrnId\": \"f262cfa4-9da4-4a10-b48c-2e947ce3e66c\", \"OrganizationId\": \"PRMOrg10\", \"VendorId\": \"112233\", \"Context\":{ \"Channel\": \"WEB\" } }"},{"key":"Content-Type","value":"application/json"},{"key":"Accept","value":"application/json"}],"method":"PUT","auth":null,"body":{"mode":"raw","raw":"{\n  \"AddrKeys\": {\n    \"AddrId\": \"2277\"\n  },\n  \"AddrInfo\": {\n    \"PostAddr\": [\n      {\n        \"OpenDt\": \"2021-07-05\",\n        \"RelationshipMgr\": [\n          {\n            \"RelationshipMgrIdent\": \"10\",\n            \"RelationshipRole\": \"Officer\"\n          },\n          {\n            \"RelationshipMgrIdent\": \"1\",\n            \"RelationshipRole\": \"ReferralOfficer\"\n          }\n        ],\n        \"OriginatingBranch\": \"2\",\n        \"ResponsibleBranch\": \"3\",\n        \"AddrFormatType\": \"Parsed\",\n        \"Addr1\": \"Anil Tanakala Society\",\n        \"Addr2\": \"Tanakala 4\",\n        \"City\": \"AnilTanakala 4\",\n        \"StateProv\": \"MO\",\n        \"PostalCode\": \"63366-1234\",\n        \"CountryCode\": {\n          \"CountryCodeSource\": \"SPCountryCode\",\n          \"CountryCodeValue\": \"52\"\n        },\n        \"AddrType\": \"Seasonal\",\n        \"TimeFrame\": {\n          \"StartDt\": \"2017-06-06\",\n          \"EndDt\": \"2019-05-05\"\n        },\n        \"Retention\": false,\n        \"CensusTract\": \"20\",\n        \"CensusBlock\": \"10\",\n        \"ForeignFlag\": false,\n        \"HandlingCode\": \"1\",\n        \"MSACode\": 21\n      },\n      {\n        \"OpenDt\": \"2021-07-05\",\n        \"RelationshipMgr\": [\n          {\n            \"RelationshipMgrIdent\": \"10\",\n            \"RelationshipRole\": \"Officer\"\n          },\n          {\n            \"RelationshipMgrIdent\": \"1\",\n            \"RelationshipRole\": \"ReferralOfficer\"\n          }\n        ],\n        \"OriginatingBranch\": \"2\",\n        \"ResponsibleBranch\": \"3\",\n        \"AddrFormatType\": \"Parsed\",\n        \"Addr1\": \"Anil Tanakala Society\",\n        \"Addr2\": \"Tanakala 4\",\n        \"City\": \"AnilTanakala 4\",\n        \"StateProv\": \"MO\",\n        \"PostalCode\": \"63366-1234\",\n        \"CountryCode\": {\n          \"CountryCodeSource\": \"SPCountryCode\",\n          \"CountryCodeValue\": \"52\"\n        },\n        \"AddrType\": \"Primary\",\n        \"TimeFrame\": {\n          \"StartDt\": \"2017-06-06\",\n          \"EndDt\": \"2019-05-05\"\n        },\n        \"Retention\": false,\n        \"CensusTract\": \"20\",\n        \"CensusBlock\": \"10\",\n        \"ForeignFlag\": false,\n        \"HandlingCode\": \"1\",\n        \"MSACode\": 21\n      }\n    ]\n  }\n}","options":{"raw":{"language":"json"}}}},"response":[{"id":"20339725-1ddd-4945-9e44-4c805c7dfddc","name":"Ok","originalRequest":{"url":{"path":["address"],"host":["{{baseUrl}}"],"query":[],"variable":[]},"header":[{"disabled":false,"description":"(Required) EFX Header is a common and required component for all API calls, it contains authentication and client-related parameters. Please note that the header parameters should be sent as a JSON object under the EFXHeader parameter. To view the list of header parameters, <a href=\"../docs?path=docs/api-ref-EFX-header.md\" title=\"Click to open\"> click here.</a>","key":"EFXHeader","value":"{ \"TrnId\": \"f262cfa4-9da4-4a10-b48c-2e947ce3e66c\", \"OrganizationId\": \"PRMOrg10\", \"VendorId\": \"112233\", \"Context\":{ \"Channel\": \"WEB\" } }"}],"method":"PUT","body":{"mode":"raw","raw":"{\n  \"AddrKeys\": {\n    \"AddrId\": \"2277\"\n  },\n  \"AddrInfo\": {\n    \"PostAddr\": [\n      {\n        \"OpenDt\": \"2021-07-05\",\n        \"RelationshipMgr\": [\n          {\n            \"RelationshipMgrIdent\": \"10\",\n            \"RelationshipRole\": \"Officer\"\n          },\n          {\n            \"RelationshipMgrIdent\": \"1\",\n            \"RelationshipRole\": \"ReferralOfficer\"\n          }\n        ],\n        \"OriginatingBranch\": \"2\",\n        \"ResponsibleBranch\": \"3\",\n        \"AddrFormatType\": \"Parsed\",\n        \"Addr1\": \"Anil Tanakala Society\",\n        \"Addr2\": \"Tanakala 4\",\n        \"City\": \"AnilTanakala 4\",\n        \"StateProv\": \"MO\",\n        \"PostalCode\": \"63366-1234\",\n        \"CountryCode\": {\n          \"CountryCodeSource\": \"SPCountryCode\",\n          \"CountryCodeValue\": \"52\"\n        },\n        \"AddrType\": \"Seasonal\",\n        \"TimeFrame\": {\n          \"StartDt\": \"2017-06-06\",\n          \"EndDt\": \"2019-05-05\"\n        },\n        \"Retention\": false,\n        \"CensusTract\": \"20\",\n        \"CensusBlock\": \"10\",\n        \"ForeignFlag\": false,\n        \"HandlingCode\": \"1\",\n        \"MSACode\": 21\n      },\n      {\n        \"OpenDt\": \"2021-07-05\",\n        \"RelationshipMgr\": [\n          {\n            \"RelationshipMgrIdent\": \"10\",\n            \"RelationshipRole\": \"Officer\"\n          },\n          {\n            \"RelationshipMgrIdent\": \"1\",\n            \"RelationshipRole\": \"ReferralOfficer\"\n          }\n        ],\n        \"OriginatingBranch\": \"2\",\n        \"ResponsibleBranch\": \"3\",\n        \"AddrFormatType\": \"Parsed\",\n        \"Addr1\": \"Anil Tanakala Society\",\n        \"Addr2\": \"Tanakala 4\",\n        \"City\": \"AnilTanakala 4\",\n        \"StateProv\": \"MO\",\n        \"PostalCode\": \"63366-1234\",\n        \"CountryCode\": {\n          \"CountryCodeSource\": \"SPCountryCode\",\n          \"CountryCodeValue\": \"52\"\n        },\n        \"AddrType\": \"Primary\",\n        \"TimeFrame\": {\n          \"StartDt\": \"2017-06-06\",\n          \"EndDt\": \"2019-05-05\"\n        },\n        \"Retention\": false,\n        \"CensusTract\": \"20\",\n        \"CensusBlock\": \"10\",\n        \"ForeignFlag\": false,\n        \"HandlingCode\": \"1\",\n        \"MSACode\": 21\n      }\n    ]\n  }\n}","options":{"raw":{"language":"json"}}}},"status":"OK","code":200,"header":[{"key":"Content-Type","value":"application/json"}],"body":"{\n  \"Status\": {\n    \"StatusCode\": \"0\",\n    \"StatusDesc\": \"Success\",\n    \"Severity\": \"Info\",\n    \"SvcProviderName\": \"Premier\"\n  },\n  \"AddrStatusRec\": {\n    \"AddrKeys\": {\n      \"AddrId\": \"2277\"\n    },\n    \"AddrStatus\": {\n      \"AddrStatusCode\": \"Valid\",\n      \"EffDt\": \"2021-12-31T23:59:59.999\"\n    }\n  }\n}","cookie":[],"_postman_previewlanguage":"json"},{"id":"4ba7872c-d47e-4168-bc11-8732d53db7fa","name":"Unauthorized","originalRequest":{"url":{"path":["address"],"host":["{{baseUrl}}"],"query":[],"variable":[]},"header":[{"disabled":false,"description":"(Required) EFX Header is a common and required component for all API calls, it contains authentication and client-related parameters. Please note that the header parameters should be sent as a JSON object under the EFXHeader parameter. To view the list of header parameters, <a href=\"../docs?path=docs/api-ref-EFX-header.md\" title=\"Click to open\"> click here.</a>","key":"EFXHeader","value":"{ \"TrnId\": \"f262cfa4-9da4-4a10-b48c-2e947ce3e66c\", \"OrganizationId\": \"PRMOrg10\", \"VendorId\": \"112233\", \"Context\":{ \"Channel\": \"WEB\" } }"}],"method":"PUT","body":{"mode":"raw","raw":"{\n  \"AddrKeys\": {\n    \"AddrId\": \"2277\"\n  },\n  \"AddrInfo\": {\n    \"PostAddr\": [\n      {\n        \"OpenDt\": \"2021-07-05\",\n        \"RelationshipMgr\": [\n          {\n            \"RelationshipMgrIdent\": \"10\",\n            \"RelationshipRole\": \"Officer\"\n          },\n          {\n            \"RelationshipMgrIdent\": \"1\",\n            \"RelationshipRole\": \"ReferralOfficer\"\n          }\n        ],\n        \"OriginatingBranch\": \"2\",\n        \"ResponsibleBranch\": \"3\",\n        \"AddrFormatType\": \"Parsed\",\n        \"Addr1\": \"Anil Tanakala Society\",\n        \"Addr2\": \"Tanakala 4\",\n        \"City\": \"AnilTanakala 4\",\n        \"StateProv\": \"MO\",\n        \"PostalCode\": \"63366-1234\",\n        \"CountryCode\": {\n          \"CountryCodeSource\": \"SPCountryCode\",\n          \"CountryCodeValue\": \"52\"\n        },\n        \"AddrType\": \"Seasonal\",\n        \"TimeFrame\": {\n          \"StartDt\": \"2017-06-06\",\n          \"EndDt\": \"2019-05-05\"\n        },\n        \"Retention\": false,\n        \"CensusTract\": \"20\",\n        \"CensusBlock\": \"10\",\n        \"ForeignFlag\": false,\n        \"HandlingCode\": \"1\",\n        \"MSACode\": 21\n      },\n      {\n        \"OpenDt\": \"2021-07-05\",\n        \"RelationshipMgr\": [\n          {\n            \"RelationshipMgrIdent\": \"10\",\n            \"RelationshipRole\": \"Officer\"\n          },\n          {\n            \"RelationshipMgrIdent\": \"1\",\n            \"RelationshipRole\": \"ReferralOfficer\"\n          }\n        ],\n        \"OriginatingBranch\": \"2\",\n        \"ResponsibleBranch\": \"3\",\n        \"AddrFormatType\": \"Parsed\",\n        \"Addr1\": \"Anil Tanakala Society\",\n        \"Addr2\": \"Tanakala 4\",\n        \"City\": \"AnilTanakala 4\",\n        \"StateProv\": \"MO\",\n        \"PostalCode\": \"63366-1234\",\n        \"CountryCode\": {\n          \"CountryCodeSource\": \"SPCountryCode\",\n          \"CountryCodeValue\": \"52\"\n        },\n        \"AddrType\": \"Primary\",\n        \"TimeFrame\": {\n          \"StartDt\": \"2017-06-06\",\n          \"EndDt\": \"2019-05-05\"\n        },\n        \"Retention\": false,\n        \"CensusTract\": \"20\",\n        \"CensusBlock\": \"10\",\n        \"ForeignFlag\": false,\n        \"HandlingCode\": \"1\",\n        \"MSACode\": 21\n      }\n    ]\n  }\n}","options":{"raw":{"language":"json"}}}},"status":"Unauthorized","code":401,"header":[{"key":"Content-Type","value":"application/json"}],"body":"{\n  \"Status\": {\n    \"StatusCode\": \"1740\",\n    \"StatusDesc\": \"Authentication Failed\",\n    \"Severity\": \"Error\",\n    \"SvcProviderName\": \"Premier\",\n    \"ServerStatusCode\": \"401\",\n    \"ServerStatusDesc\": \"Unauthorized\"\n  }\n}","cookie":[],"_postman_previewlanguage":"json"},{"id":"d2b957bd-dbb5-4c15-a0e0-9f8cf9e14fd5","name":"Un-processable Entity","originalRequest":{"url":{"path":["address"],"host":["{{baseUrl}}"],"query":[],"variable":[]},"header":[{"disabled":false,"description":"(Required) EFX Header is a common and required component for all API calls, it contains authentication and client-related parameters. Please note that the header parameters should be sent as a JSON object under the EFXHeader parameter. To view the list of header parameters, <a href=\"../docs?path=docs/api-ref-EFX-header.md\" title=\"Click to open\"> click here.</a>","key":"EFXHeader","value":"{ \"TrnId\": \"f262cfa4-9da4-4a10-b48c-2e947ce3e66c\", \"OrganizationId\": \"PRMOrg10\", \"VendorId\": \"112233\", \"Context\":{ \"Channel\": \"WEB\" } }"}],"method":"PUT","body":{"mode":"raw","raw":"{\n  \"AddrKeys\": {\n    \"AddrId\": \"2277\"\n  },\n  \"AddrInfo\": {\n    \"PostAddr\": [\n      {\n        \"OpenDt\": \"2021-07-05\",\n        \"RelationshipMgr\": [\n          {\n            \"RelationshipMgrIdent\": \"10\",\n            \"RelationshipRole\": \"Officer\"\n          },\n          {\n            \"RelationshipMgrIdent\": \"1\",\n            \"RelationshipRole\": \"ReferralOfficer\"\n          }\n        ],\n        \"OriginatingBranch\": \"2\",\n        \"ResponsibleBranch\": \"3\",\n        \"AddrFormatType\": \"Parsed\",\n        \"Addr1\": \"Anil Tanakala Society\",\n        \"Addr2\": \"Tanakala 4\",\n        \"City\": \"AnilTanakala 4\",\n        \"StateProv\": \"MO\",\n        \"PostalCode\": \"63366-1234\",\n        \"CountryCode\": {\n          \"CountryCodeSource\": \"SPCountryCode\",\n          \"CountryCodeValue\": \"52\"\n        },\n        \"AddrType\": \"Seasonal\",\n        \"TimeFrame\": {\n          \"StartDt\": \"2017-06-06\",\n          \"EndDt\": \"2019-05-05\"\n        },\n        \"Retention\": false,\n        \"CensusTract\": \"20\",\n        \"CensusBlock\": \"10\",\n        \"ForeignFlag\": false,\n        \"HandlingCode\": \"1\",\n        \"MSACode\": 21\n      },\n      {\n        \"OpenDt\": \"2021-07-05\",\n        \"RelationshipMgr\": [\n          {\n            \"RelationshipMgrIdent\": \"10\",\n            \"RelationshipRole\": \"Officer\"\n          },\n          {\n            \"RelationshipMgrIdent\": \"1\",\n            \"RelationshipRole\": \"ReferralOfficer\"\n          }\n        ],\n        \"OriginatingBranch\": \"2\",\n        \"ResponsibleBranch\": \"3\",\n        \"AddrFormatType\": \"Parsed\",\n        \"Addr1\": \"Anil Tanakala Society\",\n        \"Addr2\": \"Tanakala 4\",\n        \"City\": \"AnilTanakala 4\",\n        \"StateProv\": \"MO\",\n        \"PostalCode\": \"63366-1234\",\n        \"CountryCode\": {\n          \"CountryCodeSource\": \"SPCountryCode\",\n          \"CountryCodeValue\": \"52\"\n        },\n        \"AddrType\": \"Primary\",\n        \"TimeFrame\": {\n          \"StartDt\": \"2017-06-06\",\n          \"EndDt\": \"2019-05-05\"\n        },\n        \"Retention\": false,\n        \"CensusTract\": \"20\",\n        \"CensusBlock\": \"10\",\n        \"ForeignFlag\": false,\n        \"HandlingCode\": \"1\",\n        \"MSACode\": 21\n      }\n    ]\n  }\n}","options":{"raw":{"language":"json"}}}},"status":"Unprocessable Entity (WebDAV) (RFC 4918)","code":422,"header":[{"key":"Content-Type","value":"application/json"}],"body":"{\n  \"Status\": {\n    \"StatusCode\": \"1090\",\n    \"StatusDesc\": \"Invalid Value\",\n    \"Severity\": \"Error\",\n    \"SvcProviderName\": \"Premier\",\n    \"ServerStatusCode\": \"422\",\n    \"ServerStatusDesc\": \"Unprocessable Entity\"\n  }\n}","cookie":[],"_postman_previewlanguage":"json"},{"id":"0c1fbabe-d4de-432f-a6d7-5a795d6d1f28","name":"Internal Server Error","originalRequest":{"url":{"path":["address"],"host":["{{baseUrl}}"],"query":[],"variable":[]},"header":[{"disabled":false,"description":"(Required) EFX Header is a common and required component for all API calls, it contains authentication and client-related parameters. Please note that the header parameters should be sent as a JSON object under the EFXHeader parameter. To view the list of header parameters, <a href=\"../docs?path=docs/api-ref-EFX-header.md\" title=\"Click to open\"> click here.</a>","key":"EFXHeader","value":"{ \"TrnId\": \"f262cfa4-9da4-4a10-b48c-2e947ce3e66c\", \"OrganizationId\": \"PRMOrg10\", \"VendorId\": \"112233\", \"Context\":{ \"Channel\": \"WEB\" } }"}],"method":"PUT","body":{"mode":"raw","raw":"{\n  \"AddrKeys\": {\n    \"AddrId\": \"2277\"\n  },\n  \"AddrInfo\": {\n    \"PostAddr\": [\n      {\n        \"OpenDt\": \"2021-07-05\",\n        \"RelationshipMgr\": [\n          {\n            \"RelationshipMgrIdent\": \"10\",\n            \"RelationshipRole\": \"Officer\"\n          },\n          {\n            \"RelationshipMgrIdent\": \"1\",\n            \"RelationshipRole\": \"ReferralOfficer\"\n          }\n        ],\n        \"OriginatingBranch\": \"2\",\n        \"ResponsibleBranch\": \"3\",\n        \"AddrFormatType\": \"Parsed\",\n        \"Addr1\": \"Anil Tanakala Society\",\n        \"Addr2\": \"Tanakala 4\",\n        \"City\": \"AnilTanakala 4\",\n        \"StateProv\": \"MO\",\n        \"PostalCode\": \"63366-1234\",\n        \"CountryCode\": {\n          \"CountryCodeSource\": \"SPCountryCode\",\n          \"CountryCodeValue\": \"52\"\n        },\n        \"AddrType\": \"Seasonal\",\n        \"TimeFrame\": {\n          \"StartDt\": \"2017-06-06\",\n          \"EndDt\": \"2019-05-05\"\n        },\n        \"Retention\": false,\n        \"CensusTract\": \"20\",\n        \"CensusBlock\": \"10\",\n        \"ForeignFlag\": false,\n        \"HandlingCode\": \"1\",\n        \"MSACode\": 21\n      },\n      {\n        \"OpenDt\": \"2021-07-05\",\n        \"RelationshipMgr\": [\n          {\n            \"RelationshipMgrIdent\": \"10\",\n            \"RelationshipRole\": \"Officer\"\n          },\n          {\n            \"RelationshipMgrIdent\": \"1\",\n            \"RelationshipRole\": \"ReferralOfficer\"\n          }\n        ],\n        \"OriginatingBranch\": \"2\",\n        \"ResponsibleBranch\": \"3\",\n        \"AddrFormatType\": \"Parsed\",\n        \"Addr1\": \"Anil Tanakala Society\",\n        \"Addr2\": \"Tanakala 4\",\n        \"City\": \"AnilTanakala 4\",\n        \"StateProv\": \"MO\",\n        \"PostalCode\": \"63366-1234\",\n        \"CountryCode\": {\n          \"CountryCodeSource\": \"SPCountryCode\",\n          \"CountryCodeValue\": \"52\"\n        },\n        \"AddrType\": \"Primary\",\n        \"TimeFrame\": {\n          \"StartDt\": \"2017-06-06\",\n          \"EndDt\": \"2019-05-05\"\n        },\n        \"Retention\": false,\n        \"CensusTract\": \"20\",\n        \"CensusBlock\": \"10\",\n        \"ForeignFlag\": false,\n        \"HandlingCode\": \"1\",\n        \"MSACode\": 21\n      }\n    ]\n  }\n}","options":{"raw":{"language":"json"}}}},"status":"Internal Server Error","code":500,"header":[{"key":"Content-Type","value":"application/json"}],"body":"{\n  \"Status\": {\n    \"StatusCode\": \"100\",\n    \"StatusDesc\": \"General Error\",\n    \"Severity\": \"Error\",\n    \"SvcProviderName\": \"Premier\",\n    \"ServerStatusCode\": \"500\",\n    \"ServerStatusDesc\": \"Internal Server Error\"\n  }\n}","cookie":[],"_postman_previewlanguage":"json"},{"id":"935b5719-c3ae-4a8b-b8d8-5a386ca39e98","name":"Service Unavailable","originalRequest":{"url":{"path":["address"],"host":["{{baseUrl}}"],"query":[],"variable":[]},"header":[{"disabled":false,"description":"(Required) EFX Header is a common and required component for all API calls, it contains authentication and client-related parameters. Please note that the header parameters should be sent as a JSON object under the EFXHeader parameter. To view the list of header parameters, <a href=\"../docs?path=docs/api-ref-EFX-header.md\" title=\"Click to open\"> click here.</a>","key":"EFXHeader","value":"{ \"TrnId\": \"f262cfa4-9da4-4a10-b48c-2e947ce3e66c\", \"OrganizationId\": \"PRMOrg10\", \"VendorId\": \"112233\", \"Context\":{ \"Channel\": \"WEB\" } }"}],"method":"PUT","body":{"mode":"raw","raw":"{\n  \"AddrKeys\": {\n    \"AddrId\": \"2277\"\n  },\n  \"AddrInfo\": {\n    \"PostAddr\": [\n      {\n        \"OpenDt\": \"2021-07-05\",\n        \"RelationshipMgr\": [\n          {\n            \"RelationshipMgrIdent\": \"10\",\n            \"RelationshipRole\": \"Officer\"\n          },\n          {\n            \"RelationshipMgrIdent\": \"1\",\n            \"RelationshipRole\": \"ReferralOfficer\"\n          }\n        ],\n        \"OriginatingBranch\": \"2\",\n        \"ResponsibleBranch\": \"3\",\n        \"AddrFormatType\": \"Parsed\",\n        \"Addr1\": \"Anil Tanakala Society\",\n        \"Addr2\": \"Tanakala 4\",\n        \"City\": \"AnilTanakala 4\",\n        \"StateProv\": \"MO\",\n        \"PostalCode\": \"63366-1234\",\n        \"CountryCode\": {\n          \"CountryCodeSource\": \"SPCountryCode\",\n          \"CountryCodeValue\": \"52\"\n        },\n        \"AddrType\": \"Seasonal\",\n        \"TimeFrame\": {\n          \"StartDt\": \"2017-06-06\",\n          \"EndDt\": \"2019-05-05\"\n        },\n        \"Retention\": false,\n        \"CensusTract\": \"20\",\n        \"CensusBlock\": \"10\",\n        \"ForeignFlag\": false,\n        \"HandlingCode\": \"1\",\n        \"MSACode\": 21\n      },\n      {\n        \"OpenDt\": \"2021-07-05\",\n        \"RelationshipMgr\": [\n          {\n            \"RelationshipMgrIdent\": \"10\",\n            \"RelationshipRole\": \"Officer\"\n          },\n          {\n            \"RelationshipMgrIdent\": \"1\",\n            \"RelationshipRole\": \"ReferralOfficer\"\n          }\n        ],\n        \"OriginatingBranch\": \"2\",\n        \"ResponsibleBranch\": \"3\",\n        \"AddrFormatType\": \"Parsed\",\n        \"Addr1\": \"Anil Tanakala Society\",\n        \"Addr2\": \"Tanakala 4\",\n        \"City\": \"AnilTanakala 4\",\n        \"StateProv\": \"MO\",\n        \"PostalCode\": \"63366-1234\",\n        \"CountryCode\": {\n          \"CountryCodeSource\": \"SPCountryCode\",\n          \"CountryCodeValue\": \"52\"\n        },\n        \"AddrType\": \"Primary\",\n        \"TimeFrame\": {\n          \"StartDt\": \"2017-06-06\",\n          \"EndDt\": \"2019-05-05\"\n        },\n        \"Retention\": false,\n        \"CensusTract\": \"20\",\n        \"CensusBlock\": \"10\",\n        \"ForeignFlag\": false,\n        \"HandlingCode\": \"1\",\n        \"MSACode\": 21\n      }\n    ]\n  }\n}","options":{"raw":{"language":"json"}}}},"status":"Service Unavailable","code":503,"header":[{"key":"Content-Type","value":"application/json"}],"body":"{\n  \"Status\": {\n    \"StatusCode\": \"300\",\n    \"StatusDesc\": \"System Not Available\",\n    \"Severity\": \"Error\",\n    \"SvcProviderName\": \"Premier\",\n    \"ServerStatusCode\": \"503\",\n    \"ServerStatusDesc\": \"Service Unavailable\"\n  }\n}","cookie":[],"_postman_previewlanguage":"json"},{"id":"e054ed05-f5a9-4e45-a83f-0ea1978803ef","name":"Unexpected error","originalRequest":{"url":{"path":["address"],"host":["{{baseUrl}}"],"query":[],"variable":[]},"header":[{"disabled":false,"description":"(Required) EFX Header is a common and required component for all API calls, it contains authentication and client-related parameters. Please note that the header parameters should be sent as a JSON object under the EFXHeader parameter. To view the list of header parameters, <a href=\"../docs?path=docs/api-ref-EFX-header.md\" title=\"Click to open\"> click here.</a>","key":"EFXHeader","value":"{ \"TrnId\": \"f262cfa4-9da4-4a10-b48c-2e947ce3e66c\", \"OrganizationId\": \"PRMOrg10\", \"VendorId\": \"112233\", \"Context\":{ \"Channel\": \"WEB\" } }"}],"method":"PUT","body":{"mode":"raw","raw":"{\n  \"AddrKeys\": {\n    \"AddrId\": \"2277\"\n  },\n  \"AddrInfo\": {\n    \"PostAddr\": [\n      {\n        \"OpenDt\": \"2021-07-05\",\n        \"RelationshipMgr\": [\n          {\n            \"RelationshipMgrIdent\": \"10\",\n            \"RelationshipRole\": \"Officer\"\n          },\n          {\n            \"RelationshipMgrIdent\": \"1\",\n            \"RelationshipRole\": \"ReferralOfficer\"\n          }\n        ],\n        \"OriginatingBranch\": \"2\",\n        \"ResponsibleBranch\": \"3\",\n        \"AddrFormatType\": \"Parsed\",\n        \"Addr1\": \"Anil Tanakala Society\",\n        \"Addr2\": \"Tanakala 4\",\n        \"City\": \"AnilTanakala 4\",\n        \"StateProv\": \"MO\",\n        \"PostalCode\": \"63366-1234\",\n        \"CountryCode\": {\n          \"CountryCodeSource\": \"SPCountryCode\",\n          \"CountryCodeValue\": \"52\"\n        },\n        \"AddrType\": \"Seasonal\",\n        \"TimeFrame\": {\n          \"StartDt\": \"2017-06-06\",\n          \"EndDt\": \"2019-05-05\"\n        },\n        \"Retention\": false,\n        \"CensusTract\": \"20\",\n        \"CensusBlock\": \"10\",\n        \"ForeignFlag\": false,\n        \"HandlingCode\": \"1\",\n        \"MSACode\": 21\n      },\n      {\n        \"OpenDt\": \"2021-07-05\",\n        \"RelationshipMgr\": [\n          {\n            \"RelationshipMgrIdent\": \"10\",\n            \"RelationshipRole\": \"Officer\"\n          },\n          {\n            \"RelationshipMgrIdent\": \"1\",\n            \"RelationshipRole\": \"ReferralOfficer\"\n          }\n        ],\n        \"OriginatingBranch\": \"2\",\n        \"ResponsibleBranch\": \"3\",\n        \"AddrFormatType\": \"Parsed\",\n        \"Addr1\": \"Anil Tanakala Society\",\n        \"Addr2\": \"Tanakala 4\",\n        \"City\": \"AnilTanakala 4\",\n        \"StateProv\": \"MO\",\n        \"PostalCode\": \"63366-1234\",\n        \"CountryCode\": {\n          \"CountryCodeSource\": \"SPCountryCode\",\n          \"CountryCodeValue\": \"52\"\n        },\n        \"AddrType\": \"Primary\",\n        \"TimeFrame\": {\n          \"StartDt\": \"2017-06-06\",\n          \"EndDt\": \"2019-05-05\"\n        },\n        \"Retention\": false,\n        \"CensusTract\": \"20\",\n        \"CensusBlock\": \"10\",\n        \"ForeignFlag\": false,\n        \"HandlingCode\": \"1\",\n        \"MSACode\": 21\n      }\n    ]\n  }\n}","options":{"raw":{"language":"json"}}}},"status":"Internal Server Error","code":500,"header":[{"key":"Content-Type","value":"application/json"}],"body":"{\n  \"Status\": {\n    \"Severity\": \"Warning\",\n    \"StatusCode\": \"officia et ea an\",\n    \"StatusDesc\": \"ea dolore et\",\n    \"SvcProviderName\": \"anim dolore\",\n    \"Id\": \"deserunt fugiat\",\n    \"ServerStatusCode\": \"s\",\n    \"ServerStatusDesc\": \"consequat mollit culpa\",\n    \"OvrdExceptionInd\": false,\n    \"SubjectRole\": \"eu amet aute nisi eiusmod\",\n    \"SubjectElement\": [\n      {\n        \"Path\": \"aliqua do tempor\",\n        \"ServerPath\": \"irure eiusmod\",\n        \"Value\": \"laboris deserunt irure labore eu\"\n      },\n      {\n        \"Path\": \"in reprehenderit\",\n        \"ServerPath\": \"anim dolor minim aute cupidatat\",\n        \"Value\": \"elit et ullamco\"\n      }\n    ],\n    \"ContentHTML\": \"et minim ad nisi\",\n    \"AdditionalStatus\": [\n      {\n        \"StatusCode\": \"esse irure dolor\",\n        \"StatusDesc\": \"in et mollit aliquip officia\",\n        \"Severity\": \"Info\",\n        \"SvcProviderName\": \"adipisicing do non ad incididunt\",\n        \"ServerStatusCode\": \"deserunt t\",\n        \"ServerStatusDesc\": \"laborum elit nostrud\",\n        \"OvrdExceptionInd\": false,\n        \"SubjectElement\": [\n          {\n            \"Path\": {\n              \"value\": \"<Error: Too many levels of nesting to fake this schema>\"\n            },\n            \"ServerPath\": {\n              \"value\": \"<Error: Too many levels of nesting to fake this schema>\"\n            },\n            \"Value\": {\n              \"value\": \"<Error: Too many levels of nesting to fake this schema>\"\n            }\n          },\n          {\n            \"Path\": {\n              \"value\": \"<Error: Too many levels of nesting to fake this schema>\"\n            },\n            \"ServerPath\": {\n              \"value\": \"<Error: Too many levels of nesting to fake this schema>\"\n            },\n            \"Value\": {\n              \"value\": \"<Error: Too many levels of nesting to fake this schema>\"\n            }\n          }\n        ]\n      },\n      {\n        \"StatusCode\": \"in mini\",\n        \"StatusDesc\": \"exercitation culpa reprehenderit m\",\n        \"Severity\": \"Warning\",\n        \"SvcProviderName\": \"proident nulla exercitation\",\n        \"ServerStatusCode\": \"irure des\",\n        \"ServerStatusDesc\": \"in magna dolor est\",\n        \"OvrdExceptionInd\": false,\n        \"SubjectElement\": [\n          {\n            \"Path\": {\n              \"value\": \"<Error: Too many levels of nesting to fake this schema>\"\n            },\n            \"ServerPath\": {\n              \"value\": \"<Error: Too many levels of nesting to fake this schema>\"\n            },\n            \"Value\": {\n              \"value\": \"<Error: Too many levels of nesting to fake this schema>\"\n            }\n          },\n          {\n            \"Path\": {\n              \"value\": \"<Error: Too many levels of nesting to fake this schema>\"\n            },\n            \"ServerPath\": {\n              \"value\": \"<Error: Too many levels of nesting to fake this schema>\"\n            },\n            \"Value\": {\n              \"value\": \"<Error: Too many levels of nesting to fake this schema>\"\n            }\n          }\n        ]\n      }\n    ]\n  },\n  \"AddrStatusRec\": {\n    \"AddrKeys\": {\n      \"AddrId\": \"minim qui dolore ullam\",\n      \"AddressIdent\": \"in cupid\",\n      \"AddrType\": \"Primary\"\n    },\n    \"AddrStatus\": {\n      \"AddrStatusCode\": \"elit qu\",\n      \"EffDt\": \"2021-12-31T23:59:59.999\"\n    }\n  }\n}","cookie":[],"_postman_previewlanguage":"json"}],"event":[],"protocolProfileBehavior":{"disableBodyPruning":true}}],"event":[]},{"id":"1e7f08d2-4208-4c4b-9113-bbaa74deba52","name":"Add Address","description":{"content":"","type":"text/plain"},"item":[{"id":"5718953c-8f7e-401e-a90c-f941e67f508c","name":"Add Address.","request":{"name":"Add Address.","description":{"content":"Creates a new address record for a Party or a financial account. This API also allows you to relate a newly created account record to the existing Party. <br> For more information about the Accountholder domain, <a href=\"../docs/?path=docs/fintechs/accountholder.md\" title=\"Click to open\">click here.</a> <br><br> <b>Relates to:</b>\n  <ul> \n    <li><a href=\"../docs/?path=docs/banks-and-CU/deposits.md\" title=\"Click to open\">Deposits</a></li>\n    <li><a href=\"../docs/?path=docs/banks-and-CU/loans.md\" title=\"Click to open\">Loans</a></li>\n    <li><a href=\"../docs/?path=docs/banks-and-CU/bank-servicing.md\" title=\"Click to open\">Bank Servicing</a></li>\n  </ul> ","type":"text/plain"},"url":{"path":["address"],"host":["{{baseUrl}}"],"query":[],"variable":[]},"header":[{"disabled":false,"description":"(Required) EFX Header is a common and required component for all API calls, it contains authentication and client-related parameters. Please note that the header parameters should be sent as a JSON object under the EFXHeader parameter. To view the list of header parameters, <a href=\"../docs?path=docs/api-ref-EFX-header.md\" title=\"Click to open\"> click here.</a>","key":"EFXHeader","value":"{ \"TrnId\": \"f262cfa4-9da4-4a10-b48c-2e947ce3e66c\", \"OrganizationId\": \"PRMOrg10\", \"VendorId\": \"112233\", \"Context\":{ \"Channel\": \"WEB\" } }"},{"key":"Content-Type","value":"application/json"},{"key":"Accept","value":"application/json"}],"method":"POST","auth":null,"body":{"mode":"raw","raw":"{\n  \"AddrInfo\": {\n    \"PostAddr\": [\n      {\n        \"OpenDt\": \"2017-05-05\",\n        \"RelationshipMgr\": [\n          {\n            \"RelationshipMgrIdent\": \"10\",\n            \"RelationshipRole\": \"Officer\"\n          },\n          {\n            \"RelationshipMgrIdent\": \"1\",\n            \"RelationshipRole\": \"ReferralOfficer\"\n          }\n        ],\n        \"OriginatingBranch\": \"1\",\n        \"ResponsibleBranch\": \"2\",\n        \"AddrFormatType\": \"Label\",\n        \"Addr1\": \"Amanore\",\n        \"City\": \"Pune\",\n        \"StateProv\": \"PN\",\n        \"PostalCode\": \"30097-1234\",\n        \"CountryCode\": {\n          \"CountryCodeSource\": \"SPCountryCode\",\n          \"CountryCodeValue\": \"52\"\n        },\n        \"AddrType\": \"Primary\",\n        \"Retention\": \"false\",\n        \"CensusTract\": \"25\",\n        \"CensusBlock\": \"9\",\n        \"ForeignFlag\": \"false\",\n        \"HandlingCode\": \"1\",\n        \"HandlingCodeOption\": \"Statements\",\n        \"MSACode\": \"12\"\n      },\n      {\n        \"Addr1\": \"Aristolia\",\n        \"City\": \"Pune\",\n        \"StateProv\": \"MH\",\n        \"PostalCode\": \"411028\",\n        \"CountryCode\": {\n          \"CountryCodeValue\": \"50\"\n        },\n        \"AddrType\": \"Seasonal\",\n        \"TimeFrame\": {\n          \"StartDt\": \"2017-06-06\",\n          \"EndDt\": \"2030-05-05\"\n        },\n        \"CensusTract\": \"2\",\n        \"CensusBlock\": \"0\",\n        \"ForeignFlag\": \"true\",\n        \"HandlingCode\": \"3\",\n        \"HandlingCodeOption\": \"StatementsNoticesChecks\",\n        \"MSACode\": \"5\"\n      }\n    ]\n  }\n}","options":{"raw":{"language":"json"}}}},"response":[{"id":"3d8a6d84-d524-47ac-9323-8f91c6af0fe9","name":"Created","originalRequest":{"url":{"path":["address"],"host":["{{baseUrl}}"],"query":[],"variable":[]},"header":[{"disabled":false,"description":"(Required) EFX Header is a common and required component for all API calls, it contains authentication and client-related parameters. Please note that the header parameters should be sent as a JSON object under the EFXHeader parameter. To view the list of header parameters, <a href=\"../docs?path=docs/api-ref-EFX-header.md\" title=\"Click to open\"> click here.</a>","key":"EFXHeader","value":"{ \"TrnId\": \"f262cfa4-9da4-4a10-b48c-2e947ce3e66c\", \"OrganizationId\": \"PRMOrg10\", \"VendorId\": \"112233\", \"Context\":{ \"Channel\": \"WEB\" } }"}],"method":"POST","body":{"mode":"raw","raw":"{\n  \"AddrInfo\": {\n    \"PostAddr\": [\n      {\n        \"OpenDt\": \"2017-05-05\",\n        \"RelationshipMgr\": [\n          {\n            \"RelationshipMgrIdent\": \"10\",\n            \"RelationshipRole\": \"Officer\"\n          },\n          {\n            \"RelationshipMgrIdent\": \"1\",\n            \"RelationshipRole\": \"ReferralOfficer\"\n          }\n        ],\n        \"OriginatingBranch\": \"1\",\n        \"ResponsibleBranch\": \"2\",\n        \"AddrFormatType\": \"Label\",\n        \"Addr1\": \"Amanore\",\n        \"City\": \"Pune\",\n        \"StateProv\": \"PN\",\n        \"PostalCode\": \"30097-1234\",\n        \"CountryCode\": {\n          \"CountryCodeSource\": \"SPCountryCode\",\n          \"CountryCodeValue\": \"52\"\n        },\n        \"AddrType\": \"Primary\",\n        \"Retention\": \"false\",\n        \"CensusTract\": \"25\",\n        \"CensusBlock\": \"9\",\n        \"ForeignFlag\": \"false\",\n        \"HandlingCode\": \"1\",\n        \"HandlingCodeOption\": \"Statements\",\n        \"MSACode\": \"12\"\n      },\n      {\n        \"Addr1\": \"Aristolia\",\n        \"City\": \"Pune\",\n        \"StateProv\": \"MH\",\n        \"PostalCode\": \"411028\",\n        \"CountryCode\": {\n          \"CountryCodeValue\": \"50\"\n        },\n        \"AddrType\": \"Seasonal\",\n        \"TimeFrame\": {\n          \"StartDt\": \"2017-06-06\",\n          \"EndDt\": \"2030-05-05\"\n        },\n        \"CensusTract\": \"2\",\n        \"CensusBlock\": \"0\",\n        \"ForeignFlag\": \"true\",\n        \"HandlingCode\": \"3\",\n        \"HandlingCodeOption\": \"StatementsNoticesChecks\",\n        \"MSACode\": \"5\"\n      }\n    ]\n  }\n}","options":{"raw":{"language":"json"}}}},"status":"Created","code":201,"header":[{"key":"Content-Type","value":"application/json"}],"body":"{\n  \"Status\": {\n    \"StatusCode\": \"0\",\n    \"StatusDesc\": \"Success\",\n    \"Severity\": \"Info\",\n    \"SvcProviderName\": \"Premier\"\n  },\n  \"AddrStatusRec\": {\n    \"AddrKeys\": {\n      \"AddrId\": \"5683\"\n    },\n    \"AddrStatus\": {\n      \"AddrStatusCode\": \"Valid\",\n      \"EffDt\": \"2020-05-21T02:28:16.471\"\n    }\n  }\n}","cookie":[],"_postman_previewlanguage":"json"},{"id":"59511e36-ec7b-47b8-8153-1f7bdd18923c","name":"Unauthorized","originalRequest":{"url":{"path":["address"],"host":["{{baseUrl}}"],"query":[],"variable":[]},"header":[{"disabled":false,"description":"(Required) EFX Header is a common and required component for all API calls, it contains authentication and client-related parameters. Please note that the header parameters should be sent as a JSON object under the EFXHeader parameter. To view the list of header parameters, <a href=\"../docs?path=docs/api-ref-EFX-header.md\" title=\"Click to open\"> click here.</a>","key":"EFXHeader","value":"{ \"TrnId\": \"f262cfa4-9da4-4a10-b48c-2e947ce3e66c\", \"OrganizationId\": \"PRMOrg10\", \"VendorId\": \"112233\", \"Context\":{ \"Channel\": \"WEB\" } }"}],"method":"POST","body":{"mode":"raw","raw":"{\n  \"AddrInfo\": {\n    \"PostAddr\": [\n      {\n        \"OpenDt\": \"2017-05-05\",\n        \"RelationshipMgr\": [\n          {\n            \"RelationshipMgrIdent\": \"10\",\n            \"RelationshipRole\": \"Officer\"\n          },\n          {\n            \"RelationshipMgrIdent\": \"1\",\n            \"RelationshipRole\": \"ReferralOfficer\"\n          }\n        ],\n        \"OriginatingBranch\": \"1\",\n        \"ResponsibleBranch\": \"2\",\n        \"AddrFormatType\": \"Label\",\n        \"Addr1\": \"Amanore\",\n        \"City\": \"Pune\",\n        \"StateProv\": \"PN\",\n        \"PostalCode\": \"30097-1234\",\n        \"CountryCode\": {\n          \"CountryCodeSource\": \"SPCountryCode\",\n          \"CountryCodeValue\": \"52\"\n        },\n        \"AddrType\": \"Primary\",\n        \"Retention\": \"false\",\n        \"CensusTract\": \"25\",\n        \"CensusBlock\": \"9\",\n        \"ForeignFlag\": \"false\",\n        \"HandlingCode\": \"1\",\n        \"HandlingCodeOption\": \"Statements\",\n        \"MSACode\": \"12\"\n      },\n      {\n        \"Addr1\": \"Aristolia\",\n        \"City\": \"Pune\",\n        \"StateProv\": \"MH\",\n        \"PostalCode\": \"411028\",\n        \"CountryCode\": {\n          \"CountryCodeValue\": \"50\"\n        },\n        \"AddrType\": \"Seasonal\",\n        \"TimeFrame\": {\n          \"StartDt\": \"2017-06-06\",\n          \"EndDt\": \"2030-05-05\"\n        },\n        \"CensusTract\": \"2\",\n        \"CensusBlock\": \"0\",\n        \"ForeignFlag\": \"true\",\n        \"HandlingCode\": \"3\",\n        \"HandlingCodeOption\": \"StatementsNoticesChecks\",\n        \"MSACode\": \"5\"\n      }\n    ]\n  }\n}","options":{"raw":{"language":"json"}}}},"status":"Unauthorized","code":401,"header":[{"key":"Content-Type","value":"application/json"}],"body":"{\n  \"Status\": {\n    \"StatusCode\": \"1740\",\n    \"StatusDesc\": \"Authentication Failed\",\n    \"Severity\": \"Error\",\n    \"SvcProviderName\": \"Premier\",\n    \"ServerStatusCode\": \"401\",\n    \"ServerStatusDesc\": \"Unauthorized\"\n  }\n}","cookie":[],"_postman_previewlanguage":"json"},{"id":"8e7c91b3-4daa-4a8e-b480-170c7b887fa0","name":"Un-processable Entity","originalRequest":{"url":{"path":["address"],"host":["{{baseUrl}}"],"query":[],"variable":[]},"header":[{"disabled":false,"description":"(Required) EFX Header is a common and required component for all API calls, it contains authentication and client-related parameters. Please note that the header parameters should be sent as a JSON object under the EFXHeader parameter. To view the list of header parameters, <a href=\"../docs?path=docs/api-ref-EFX-header.md\" title=\"Click to open\"> click here.</a>","key":"EFXHeader","value":"{ \"TrnId\": \"f262cfa4-9da4-4a10-b48c-2e947ce3e66c\", \"OrganizationId\": \"PRMOrg10\", \"VendorId\": \"112233\", \"Context\":{ \"Channel\": \"WEB\" } }"}],"method":"POST","body":{"mode":"raw","raw":"{\n  \"AddrInfo\": {\n    \"PostAddr\": [\n      {\n        \"OpenDt\": \"2017-05-05\",\n        \"RelationshipMgr\": [\n          {\n            \"RelationshipMgrIdent\": \"10\",\n            \"RelationshipRole\": \"Officer\"\n          },\n          {\n            \"RelationshipMgrIdent\": \"1\",\n            \"RelationshipRole\": \"ReferralOfficer\"\n          }\n        ],\n        \"OriginatingBranch\": \"1\",\n        \"ResponsibleBranch\": \"2\",\n        \"AddrFormatType\": \"Label\",\n        \"Addr1\": \"Amanore\",\n        \"City\": \"Pune\",\n        \"StateProv\": \"PN\",\n        \"PostalCode\": \"30097-1234\",\n        \"CountryCode\": {\n          \"CountryCodeSource\": \"SPCountryCode\",\n          \"CountryCodeValue\": \"52\"\n        },\n        \"AddrType\": \"Primary\",\n        \"Retention\": \"false\",\n        \"CensusTract\": \"25\",\n        \"CensusBlock\": \"9\",\n        \"ForeignFlag\": \"false\",\n        \"HandlingCode\": \"1\",\n        \"HandlingCodeOption\": \"Statements\",\n        \"MSACode\": \"12\"\n      },\n      {\n        \"Addr1\": \"Aristolia\",\n        \"City\": \"Pune\",\n        \"StateProv\": \"MH\",\n        \"PostalCode\": \"411028\",\n        \"CountryCode\": {\n          \"CountryCodeValue\": \"50\"\n        },\n        \"AddrType\": \"Seasonal\",\n        \"TimeFrame\": {\n          \"StartDt\": \"2017-06-06\",\n          \"EndDt\": \"2030-05-05\"\n        },\n        \"CensusTract\": \"2\",\n        \"CensusBlock\": \"0\",\n        \"ForeignFlag\": \"true\",\n        \"HandlingCode\": \"3\",\n        \"HandlingCodeOption\": \"StatementsNoticesChecks\",\n        \"MSACode\": \"5\"\n      }\n    ]\n  }\n}","options":{"raw":{"language":"json"}}}},"status":"Unprocessable Entity (WebDAV) (RFC 4918)","code":422,"header":[{"key":"Content-Type","value":"application/json"}],"body":"{\n  \"Status\": {\n    \"StatusCode\": \"1090\",\n    \"StatusDesc\": \"Invalid Value\",\n    \"Severity\": \"Error\",\n    \"SvcProviderName\": \"Premier\",\n    \"ServerStatusCode\": \"422\",\n    \"ServerStatusDesc\": \"Unprocessable Entity\"\n  }\n}","cookie":[],"_postman_previewlanguage":"json"},{"id":"c9dd891c-43ba-4160-a627-054163677efc","name":"Internal Server Error","originalRequest":{"url":{"path":["address"],"host":["{{baseUrl}}"],"query":[],"variable":[]},"header":[{"disabled":false,"description":"(Required) EFX Header is a common and required component for all API calls, it contains authentication and client-related parameters. Please note that the header parameters should be sent as a JSON object under the EFXHeader parameter. To view the list of header parameters, <a href=\"../docs?path=docs/api-ref-EFX-header.md\" title=\"Click to open\"> click here.</a>","key":"EFXHeader","value":"{ \"TrnId\": \"f262cfa4-9da4-4a10-b48c-2e947ce3e66c\", \"OrganizationId\": \"PRMOrg10\", \"VendorId\": \"112233\", \"Context\":{ \"Channel\": \"WEB\" } }"}],"method":"POST","body":{"mode":"raw","raw":"{\n  \"AddrInfo\": {\n    \"PostAddr\": [\n      {\n        \"OpenDt\": \"2017-05-05\",\n        \"RelationshipMgr\": [\n          {\n            \"RelationshipMgrIdent\": \"10\",\n            \"RelationshipRole\": \"Officer\"\n          },\n          {\n            \"RelationshipMgrIdent\": \"1\",\n            \"RelationshipRole\": \"ReferralOfficer\"\n          }\n        ],\n        \"OriginatingBranch\": \"1\",\n        \"ResponsibleBranch\": \"2\",\n        \"AddrFormatType\": \"Label\",\n        \"Addr1\": \"Amanore\",\n        \"City\": \"Pune\",\n        \"StateProv\": \"PN\",\n        \"PostalCode\": \"30097-1234\",\n        \"CountryCode\": {\n          \"CountryCodeSource\": \"SPCountryCode\",\n          \"CountryCodeValue\": \"52\"\n        },\n        \"AddrType\": \"Primary\",\n        \"Retention\": \"false\",\n        \"CensusTract\": \"25\",\n        \"CensusBlock\": \"9\",\n        \"ForeignFlag\": \"false\",\n        \"HandlingCode\": \"1\",\n        \"HandlingCodeOption\": \"Statements\",\n        \"MSACode\": \"12\"\n      },\n      {\n        \"Addr1\": \"Aristolia\",\n        \"City\": \"Pune\",\n        \"StateProv\": \"MH\",\n        \"PostalCode\": \"411028\",\n        \"CountryCode\": {\n          \"CountryCodeValue\": \"50\"\n        },\n        \"AddrType\": \"Seasonal\",\n        \"TimeFrame\": {\n          \"StartDt\": \"2017-06-06\",\n          \"EndDt\": \"2030-05-05\"\n        },\n        \"CensusTract\": \"2\",\n        \"CensusBlock\": \"0\",\n        \"ForeignFlag\": \"true\",\n        \"HandlingCode\": \"3\",\n        \"HandlingCodeOption\": \"StatementsNoticesChecks\",\n        \"MSACode\": \"5\"\n      }\n    ]\n  }\n}","options":{"raw":{"language":"json"}}}},"status":"Internal Server Error","code":500,"header":[{"key":"Content-Type","value":"application/json"}],"body":"{\n  \"Status\": {\n    \"StatusCode\": \"100\",\n    \"StatusDesc\": \"General Error\",\n    \"Severity\": \"Error\",\n    \"SvcProviderName\": \"Premier\",\n    \"ServerStatusCode\": \"500\",\n    \"ServerStatusDesc\": \"Internal Server Error\"\n  }\n}","cookie":[],"_postman_previewlanguage":"json"},{"id":"129f32d6-ae61-4dd8-ae18-e52503a15d30","name":"Service Unavailable","originalRequest":{"url":{"path":["address"],"host":["{{baseUrl}}"],"query":[],"variable":[]},"header":[{"disabled":false,"description":"(Required) EFX Header is a common and required component for all API calls, it contains authentication and client-related parameters. Please note that the header parameters should be sent as a JSON object under the EFXHeader parameter. To view the list of header parameters, <a href=\"../docs?path=docs/api-ref-EFX-header.md\" title=\"Click to open\"> click here.</a>","key":"EFXHeader","value":"{ \"TrnId\": \"f262cfa4-9da4-4a10-b48c-2e947ce3e66c\", \"OrganizationId\": \"PRMOrg10\", \"VendorId\": \"112233\", \"Context\":{ \"Channel\": \"WEB\" } }"}],"method":"POST","body":{"mode":"raw","raw":"{\n  \"AddrInfo\": {\n    \"PostAddr\": [\n      {\n        \"OpenDt\": \"2017-05-05\",\n        \"RelationshipMgr\": [\n          {\n            \"RelationshipMgrIdent\": \"10\",\n            \"RelationshipRole\": \"Officer\"\n          },\n          {\n            \"RelationshipMgrIdent\": \"1\",\n            \"RelationshipRole\": \"ReferralOfficer\"\n          }\n        ],\n        \"OriginatingBranch\": \"1\",\n        \"ResponsibleBranch\": \"2\",\n        \"AddrFormatType\": \"Label\",\n        \"Addr1\": \"Amanore\",\n        \"City\": \"Pune\",\n        \"StateProv\": \"PN\",\n        \"PostalCode\": \"30097-1234\",\n        \"CountryCode\": {\n          \"CountryCodeSource\": \"SPCountryCode\",\n          \"CountryCodeValue\": \"52\"\n        },\n        \"AddrType\": \"Primary\",\n        \"Retention\": \"false\",\n        \"CensusTract\": \"25\",\n        \"CensusBlock\": \"9\",\n        \"ForeignFlag\": \"false\",\n        \"HandlingCode\": \"1\",\n        \"HandlingCodeOption\": \"Statements\",\n        \"MSACode\": \"12\"\n      },\n      {\n        \"Addr1\": \"Aristolia\",\n        \"City\": \"Pune\",\n        \"StateProv\": \"MH\",\n        \"PostalCode\": \"411028\",\n        \"CountryCode\": {\n          \"CountryCodeValue\": \"50\"\n        },\n        \"AddrType\": \"Seasonal\",\n        \"TimeFrame\": {\n          \"StartDt\": \"2017-06-06\",\n          \"EndDt\": \"2030-05-05\"\n        },\n        \"CensusTract\": \"2\",\n        \"CensusBlock\": \"0\",\n        \"ForeignFlag\": \"true\",\n        \"HandlingCode\": \"3\",\n        \"HandlingCodeOption\": \"StatementsNoticesChecks\",\n        \"MSACode\": \"5\"\n      }\n    ]\n  }\n}","options":{"raw":{"language":"json"}}}},"status":"Service Unavailable","code":503,"header":[{"key":"Content-Type","value":"application/json"}],"body":"{\n  \"Status\": {\n    \"StatusCode\": \"300\",\n    \"StatusDesc\": \"System Not Available\",\n    \"Severity\": \"Error\",\n    \"SvcProviderName\": \"Premier\",\n    \"ServerStatusCode\": \"503\",\n    \"ServerStatusDesc\": \"Service Unavailable\"\n  }\n}","cookie":[],"_postman_previewlanguage":"json"},{"id":"110ca9dc-2c92-4393-8cc8-1927ef54fe44","name":"Unexpected error","originalRequest":{"url":{"path":["address"],"host":["{{baseUrl}}"],"query":[],"variable":[]},"header":[{"disabled":false,"description":"(Required) EFX Header is a common and required component for all API calls, it contains authentication and client-related parameters. Please note that the header parameters should be sent as a JSON object under the EFXHeader parameter. To view the list of header parameters, <a href=\"../docs?path=docs/api-ref-EFX-header.md\" title=\"Click to open\"> click here.</a>","key":"EFXHeader","value":"{ \"TrnId\": \"f262cfa4-9da4-4a10-b48c-2e947ce3e66c\", \"OrganizationId\": \"PRMOrg10\", \"VendorId\": \"112233\", \"Context\":{ \"Channel\": \"WEB\" } }"}],"method":"POST","body":{"mode":"raw","raw":"{\n  \"AddrInfo\": {\n    \"PostAddr\": [\n      {\n        \"OpenDt\": \"2017-05-05\",\n        \"RelationshipMgr\": [\n          {\n            \"RelationshipMgrIdent\": \"10\",\n            \"RelationshipRole\": \"Officer\"\n          },\n          {\n            \"RelationshipMgrIdent\": \"1\",\n            \"RelationshipRole\": \"ReferralOfficer\"\n          }\n        ],\n        \"OriginatingBranch\": \"1\",\n        \"ResponsibleBranch\": \"2\",\n        \"AddrFormatType\": \"Label\",\n        \"Addr1\": \"Amanore\",\n        \"City\": \"Pune\",\n        \"StateProv\": \"PN\",\n        \"PostalCode\": \"30097-1234\",\n        \"CountryCode\": {\n          \"CountryCodeSource\": \"SPCountryCode\",\n          \"CountryCodeValue\": \"52\"\n        },\n        \"AddrType\": \"Primary\",\n        \"Retention\": \"false\",\n        \"CensusTract\": \"25\",\n        \"CensusBlock\": \"9\",\n        \"ForeignFlag\": \"false\",\n        \"HandlingCode\": \"1\",\n        \"HandlingCodeOption\": \"Statements\",\n        \"MSACode\": \"12\"\n      },\n      {\n        \"Addr1\": \"Aristolia\",\n        \"City\": \"Pune\",\n        \"StateProv\": \"MH\",\n        \"PostalCode\": \"411028\",\n        \"CountryCode\": {\n          \"CountryCodeValue\": \"50\"\n        },\n        \"AddrType\": \"Seasonal\",\n        \"TimeFrame\": {\n          \"StartDt\": \"2017-06-06\",\n          \"EndDt\": \"2030-05-05\"\n        },\n        \"CensusTract\": \"2\",\n        \"CensusBlock\": \"0\",\n        \"ForeignFlag\": \"true\",\n        \"HandlingCode\": \"3\",\n        \"HandlingCodeOption\": \"StatementsNoticesChecks\",\n        \"MSACode\": \"5\"\n      }\n    ]\n  }\n}","options":{"raw":{"language":"json"}}}},"status":"Internal Server Error","code":500,"header":[{"key":"Content-Type","value":"application/json"}],"body":"{\n  \"status\": {\n    \"Severity\": \"Info\",\n    \"StatusCode\": \"dolor eiusm\",\n    \"StatusDesc\": \"sed reprehenderit velit\",\n    \"SvcProviderName\": \"magna culpa\",\n    \"Id\": \"ut dolore Exc\",\n    \"ServerStatusCode\": \"esse\",\n    \"ServerStatusDesc\": \"cupidatat incididunt quis\",\n    \"OvrdExceptionInd\": true,\n    \"SubjectRole\": \"enim in dolor id\",\n    \"SubjectElement\": [\n      {\n        \"Path\": \"ut qui\",\n        \"ServerPath\": \"in cillum et quis\",\n        \"Value\": \"et\"\n      },\n      {\n        \"Path\": \"aute pariatur esse\",\n        \"ServerPath\": \"nisi\",\n        \"Value\": \"et Duis\"\n      }\n    ],\n    \"ContentHTML\": \"magna\",\n    \"AdditionalStatus\": [\n      {\n        \"StatusCode\": \"ullamco proident\",\n        \"StatusDesc\": \"Lorem do fugiat et voluptate\",\n        \"Severity\": \"Info\",\n        \"SvcProviderName\": \"tempor quis sed\",\n        \"ServerStatusCode\": \"ex do occaecat \",\n        \"ServerStatusDesc\": \"velit Lorem\",\n        \"OvrdExceptionInd\": true,\n        \"SubjectElement\": [\n          {\n            \"Path\": {\n              \"value\": \"<Error: Too many levels of nesting to fake this schema>\"\n            },\n            \"ServerPath\": {\n              \"value\": \"<Error: Too many levels of nesting to fake this schema>\"\n            },\n            \"Value\": {\n              \"value\": \"<Error: Too many levels of nesting to fake this schema>\"\n            }\n          },\n          {\n            \"Path\": {\n              \"value\": \"<Error: Too many levels of nesting to fake this schema>\"\n            },\n            \"ServerPath\": {\n              \"value\": \"<Error: Too many levels of nesting to fake this schema>\"\n            },\n            \"Value\": {\n              \"value\": \"<Error: Too many levels of nesting to fake this schema>\"\n            }\n          }\n        ]\n      },\n      {\n        \"StatusCode\": \"cil\",\n        \"StatusDesc\": \"pariatur irure Duis esse do\",\n        \"Severity\": \"Warning\",\n        \"SvcProviderName\": \"mollit Duis est\",\n        \"ServerStatusCode\": \"id qu\",\n        \"ServerStatusDesc\": \"reprehenderit\",\n        \"OvrdExceptionInd\": true,\n        \"SubjectElement\": [\n          {\n            \"Path\": {\n              \"value\": \"<Error: Too many levels of nesting to fake this schema>\"\n            },\n            \"ServerPath\": {\n              \"value\": \"<Error: Too many levels of nesting to fake this schema>\"\n            },\n            \"Value\": {\n              \"value\": \"<Error: Too many levels of nesting to fake this schema>\"\n            }\n          },\n          {\n            \"Path\": {\n              \"value\": \"<Error: Too many levels of nesting to fake this schema>\"\n            },\n            \"ServerPath\": {\n              \"value\": \"<Error: Too many levels of nesting to fake this schema>\"\n            },\n            \"Value\": {\n              \"value\": \"<Error: Too many levels of nesting to fake this schema>\"\n            }\n          }\n        ]\n      }\n    ]\n  },\n  \"AddrStatusRec\": {\n    \"AddrKeys\": {\n      \"AddrId\": \"deserunt commodo non dolore ex\",\n      \"AddressIdent\": \"id\",\n      \"AddrType\": \"Primary\"\n    },\n    \"AddrStatus\": {\n      \"AddrStatusCode\": \"ut culpa sit dolore\",\n      \"EffDt\": \"2021-12-31T23:59:59.999\"\n    }\n  }\n}","cookie":[],"_postman_previewlanguage":"json"}],"event":[],"protocolProfileBehavior":{"disableBodyPruning":true}}],"event":[]},{"id":"2cf04ed1-8a77-4123-935e-80b512601e2f","name":"Delete Address","description":{"content":"","type":"text/plain"},"item":[{"id":"6c62e915-be94-4b7d-b89c-2dcff8e13fd0","name":"Delete Address.","request":{"name":"Delete Address.","description":{"content":"Deletes the existing address record associated with an account or party. <br> For more information about the Accountholder domain, <a href=\"../docs/?path=docs/fintechs/accountholder.md\" title=\"Click to open\">click here.</a> <br><br> <b>Relates to:</b> <ul> <li><a href=\"../docs/?path=docs/banks-and-CU/deposits.md\" title=\"Click to open\">Deposits</a></li> <li><a href=\"../docs/?path=docs/banks-and-CU/loans.md\" title=\"Click to open\">Loans</a></li> <li><a href=\"../docs/?path=docs/banks-and-CU/bank-servicing.md\" title=\"Click to open\">Bank Servicing</a></li> </ul>","type":"text/plain"},"url":{"path":["address","secured"],"host":["{{baseUrl}}"],"query":[],"variable":[]},"header":[{"disabled":false,"description":"(Required) EFX Header is a common and required component for all API calls, it contains authentication and client-related parameters. Please note that the header parameters should be sent as a JSON object under the EFXHeader parameter. To view the list of header parameters, <a href=\"../docs?path=docs/api-ref-EFX-header.md\" title=\"Click to open\"> click here.</a>","key":"EFXHeader","value":"{ \"TrnId\": \"f262cfa4-9da4-4a10-b48c-2e947ce3e66c\", \"OrganizationId\": \"PRMOrg10\", \"VendorId\": \"112233\", \"Context\":{ \"Channel\": \"WEB\" } }"},{"key":"Content-Type","value":"application/json"},{"key":"Accept","value":"application/json"}],"method":"PUT","auth":null,"body":{"mode":"raw","raw":"{\n  \"AddrKeys\": {\n    \"AddrId\": \"1771\"\n  }\n}","options":{"raw":{"language":"json"}}}},"response":[{"id":"f84ba00b-64c4-462a-ba9a-9c7a6a3478c6","name":"Created","originalRequest":{"url":{"path":["address","secured"],"host":["{{baseUrl}}"],"query":[],"variable":[]},"header":[{"disabled":false,"description":"(Required) EFX Header is a common and required component for all API calls, it contains authentication and client-related parameters. Please note that the header parameters should be sent as a JSON object under the EFXHeader parameter. To view the list of header parameters, <a href=\"../docs?path=docs/api-ref-EFX-header.md\" title=\"Click to open\"> click here.</a>","key":"EFXHeader","value":"{ \"TrnId\": \"f262cfa4-9da4-4a10-b48c-2e947ce3e66c\", \"OrganizationId\": \"PRMOrg10\", \"VendorId\": \"112233\", \"Context\":{ \"Channel\": \"WEB\" } }"}],"method":"PUT","body":{"mode":"raw","raw":"{\n  \"AddrKeys\": {\n    \"AddrId\": \"1771\"\n  }\n}","options":{"raw":{"language":"json"}}}},"status":"OK","code":200,"header":[{"key":"Content-Type","value":"application/json"}],"body":"{\n  \"Status\": {\n    \"StatusCode\": \"0\",\n    \"StatusDesc\": \"Success\",\n    \"Severity\": \"Info\",\n    \"SvcProviderName\": \"Premier\"\n  },\n  \"AddrStatusRec\": {\n    \"AddrKeys\": {\n      \"AddrId\": \"1771\"\n    },\n    \"AddrStatus\": {\n      \"AddrStatusCode\": \"Deleted\",\n      \"EffDt\": \"2022-01-18T05:50:22.313\"\n    }\n  }\n}","cookie":[],"_postman_previewlanguage":"json"},{"id":"8b881292-2261-4b9e-80bf-92592fd7b8df","name":"Unauthorized","originalRequest":{"url":{"path":["address","secured"],"host":["{{baseUrl}}"],"query":[],"variable":[]},"header":[{"disabled":false,"description":"(Required) EFX Header is a common and required component for all API calls, it contains authentication and client-related parameters. Please note that the header parameters should be sent as a JSON object under the EFXHeader parameter. To view the list of header parameters, <a href=\"../docs?path=docs/api-ref-EFX-header.md\" title=\"Click to open\"> click here.</a>","key":"EFXHeader","value":"{ \"TrnId\": \"f262cfa4-9da4-4a10-b48c-2e947ce3e66c\", \"OrganizationId\": \"PRMOrg10\", \"VendorId\": \"112233\", \"Context\":{ \"Channel\": \"WEB\" } }"}],"method":"PUT","body":{"mode":"raw","raw":"{\n  \"AddrKeys\": {\n    \"AddrId\": \"1771\"\n  }\n}","options":{"raw":{"language":"json"}}}},"status":"Unauthorized","code":401,"header":[{"key":"Content-Type","value":"application/json"}],"body":"{\n  \"Status\": {\n    \"StatusCode\": \"1740\",\n    \"StatusDesc\": \"Authentication Failed\",\n    \"Severity\": \"Error\",\n    \"SvcProviderName\": \"Premier\",\n    \"ServerStatusCode\": \"401\",\n    \"ServerStatusDesc\": \"Unauthorized\"\n  }\n}","cookie":[],"_postman_previewlanguage":"json"},{"id":"4bfabe0a-2a72-4253-9895-920c64665ae1","name":"Un-processable Entity","originalRequest":{"url":{"path":["address","secured"],"host":["{{baseUrl}}"],"query":[],"variable":[]},"header":[{"disabled":false,"description":"(Required) EFX Header is a common and required component for all API calls, it contains authentication and client-related parameters. Please note that the header parameters should be sent as a JSON object under the EFXHeader parameter. To view the list of header parameters, <a href=\"../docs?path=docs/api-ref-EFX-header.md\" title=\"Click to open\"> click here.</a>","key":"EFXHeader","value":"{ \"TrnId\": \"f262cfa4-9da4-4a10-b48c-2e947ce3e66c\", \"OrganizationId\": \"PRMOrg10\", \"VendorId\": \"112233\", \"Context\":{ \"Channel\": \"WEB\" } }"}],"method":"PUT","body":{"mode":"raw","raw":"{\n  \"AddrKeys\": {\n    \"AddrId\": \"1771\"\n  }\n}","options":{"raw":{"language":"json"}}}},"status":"Unprocessable Entity (WebDAV) (RFC 4918)","code":422,"header":[{"key":"Content-Type","value":"application/json"}],"body":"{\n  \"Status\": {\n    \"StatusCode\": \"1090\",\n    \"StatusDesc\": \"Invalid Value\",\n    \"Severity\": \"Error\",\n    \"SvcProviderName\": \"Premier\",\n    \"ServerStatusCode\": \"422\",\n    \"ServerStatusDesc\": \"Unprocessable Entity\"\n  }\n}","cookie":[],"_postman_previewlanguage":"json"},{"id":"1c7ee1e4-3a93-4a8a-9d5a-967441294162","name":"Internal Server Error","originalRequest":{"url":{"path":["address","secured"],"host":["{{baseUrl}}"],"query":[],"variable":[]},"header":[{"disabled":false,"description":"(Required) EFX Header is a common and required component for all API calls, it contains authentication and client-related parameters. Please note that the header parameters should be sent as a JSON object under the EFXHeader parameter. To view the list of header parameters, <a href=\"../docs?path=docs/api-ref-EFX-header.md\" title=\"Click to open\"> click here.</a>","key":"EFXHeader","value":"{ \"TrnId\": \"f262cfa4-9da4-4a10-b48c-2e947ce3e66c\", \"OrganizationId\": \"PRMOrg10\", \"VendorId\": \"112233\", \"Context\":{ \"Channel\": \"WEB\" } }"}],"method":"PUT","body":{"mode":"raw","raw":"{\n  \"AddrKeys\": {\n    \"AddrId\": \"1771\"\n  }\n}","options":{"raw":{"language":"json"}}}},"status":"Internal Server Error","code":500,"header":[{"key":"Content-Type","value":"application/json"}],"body":"{\n  \"Status\": {\n    \"StatusCode\": \"100\",\n    \"StatusDesc\": \"General Error\",\n    \"Severity\": \"Error\",\n    \"SvcProviderName\": \"Premier\",\n    \"ServerStatusCode\": \"500\",\n    \"ServerStatusDesc\": \"Internal Server Error\"\n  }\n}","cookie":[],"_postman_previewlanguage":"json"},{"id":"1913e530-cf70-4a23-b088-81539a2287d9","name":"Service Unavailable","originalRequest":{"url":{"path":["address","secured"],"host":["{{baseUrl}}"],"query":[],"variable":[]},"header":[{"disabled":false,"description":"(Required) EFX Header is a common and required component for all API calls, it contains authentication and client-related parameters. Please note that the header parameters should be sent as a JSON object under the EFXHeader parameter. To view the list of header parameters, <a href=\"../docs?path=docs/api-ref-EFX-header.md\" title=\"Click to open\"> click here.</a>","key":"EFXHeader","value":"{ \"TrnId\": \"f262cfa4-9da4-4a10-b48c-2e947ce3e66c\", \"OrganizationId\": \"PRMOrg10\", \"VendorId\": \"112233\", \"Context\":{ \"Channel\": \"WEB\" } }"}],"method":"PUT","body":{"mode":"raw","raw":"{\n  \"AddrKeys\": {\n    \"AddrId\": \"1771\"\n  }\n}","options":{"raw":{"language":"json"}}}},"status":"Service Unavailable","code":503,"header":[{"key":"Content-Type","value":"application/json"}],"body":"{\n  \"Status\": {\n    \"StatusCode\": \"300\",\n    \"StatusDesc\": \"System Not Available\",\n    \"Severity\": \"Error\",\n    \"SvcProviderName\": \"Premier\",\n    \"ServerStatusCode\": \"503\",\n    \"ServerStatusDesc\": \"Service Unavailable\"\n  }\n}","cookie":[],"_postman_previewlanguage":"json"},{"id":"66e953f9-be0a-431a-b988-906fd76b2d9b","name":"See HTTP Status Code Standards","originalRequest":{"url":{"path":["address","secured"],"host":["{{baseUrl}}"],"query":[],"variable":[]},"header":[{"disabled":false,"description":"(Required) EFX Header is a common and required component for all API calls, it contains authentication and client-related parameters. Please note that the header parameters should be sent as a JSON object under the EFXHeader parameter. To view the list of header parameters, <a href=\"../docs?path=docs/api-ref-EFX-header.md\" title=\"Click to open\"> click here.</a>","key":"EFXHeader","value":"{ \"TrnId\": \"f262cfa4-9da4-4a10-b48c-2e947ce3e66c\", \"OrganizationId\": \"PRMOrg10\", \"VendorId\": \"112233\", \"Context\":{ \"Channel\": \"WEB\" } }"}],"method":"PUT","body":{"mode":"raw","raw":"{\n  \"AddrKeys\": {\n    \"AddrId\": \"1771\"\n  }\n}","options":{"raw":{"language":"json"}}}},"status":"Internal Server Error","code":500,"header":[{"key":"Content-Type","value":"application/json"}],"body":"{\n  \"Status\": {\n    \"Severity\": \"Error\",\n    \"StatusCode\": \"ut reprehende\",\n    \"StatusDesc\": \"ut Ut\",\n    \"SvcProviderName\": \"nisi Ut ut enim\",\n    \"Id\": \"dolore laboris sit\",\n    \"ServerStatusCode\": \"u\",\n    \"ServerStatusDesc\": \"dolore magna\",\n    \"OvrdExceptionInd\": true,\n    \"SubjectRole\": \"esse ut\",\n    \"SubjectElement\": [\n      {\n        \"Path\": \"pariatur\",\n        \"ServerPath\": \"consequat\",\n        \"Value\": \"aliqua veniam exercitation\"\n      },\n      {\n        \"Path\": \"aliquip anim\",\n        \"ServerPath\": \"dolor consectetur veniam non\",\n        \"Value\": \"incididunt Lorem adipisicing\"\n      }\n    ],\n    \"ContentHTML\": \"anim ut pariatur\",\n    \"AdditionalStatus\": [\n      {\n        \"StatusCode\": \"do elit \",\n        \"StatusDesc\": \"Ut voluptate anim dolore\",\n        \"Severity\": \"Info\",\n        \"SvcProviderName\": \"laborum esse\",\n        \"ServerStatusCode\": \"quis adipisicing \",\n        \"ServerStatusDesc\": \"ut mollit officia deserunt anim\",\n        \"OvrdExceptionInd\": true,\n        \"SubjectElement\": [\n          {\n            \"Path\": {\n              \"value\": \"<Error: Too many levels of nesting to fake this schema>\"\n            },\n            \"ServerPath\": {\n              \"value\": \"<Error: Too many levels of nesting to fake this schema>\"\n            },\n            \"Value\": {\n              \"value\": \"<Error: Too many levels of nesting to fake this schema>\"\n            }\n          },\n          {\n            \"Path\": {\n              \"value\": \"<Error: Too many levels of nesting to fake this schema>\"\n            },\n            \"ServerPath\": {\n              \"value\": \"<Error: Too many levels of nesting to fake this schema>\"\n            },\n            \"Value\": {\n              \"value\": \"<Error: Too many levels of nesting to fake this schema>\"\n            }\n          }\n        ]\n      },\n      {\n        \"StatusCode\": \"occaecat nisi cupi\",\n        \"StatusDesc\": \"aute cillum occaecat\",\n        \"Severity\": \"Warning\",\n        \"SvcProviderName\": \"Lorem\",\n        \"ServerStatusCode\": \"officia Excepteur \",\n        \"ServerStatusDesc\": \"in Ut\",\n        \"OvrdExceptionInd\": true,\n        \"SubjectElement\": [\n          {\n            \"Path\": {\n              \"value\": \"<Error: Too many levels of nesting to fake this schema>\"\n            },\n            \"ServerPath\": {\n              \"value\": \"<Error: Too many levels of nesting to fake this schema>\"\n            },\n            \"Value\": {\n              \"value\": \"<Error: Too many levels of nesting to fake this schema>\"\n            }\n          },\n          {\n            \"Path\": {\n              \"value\": \"<Error: Too many levels of nesting to fake this schema>\"\n            },\n            \"ServerPath\": {\n              \"value\": \"<Error: Too many levels of nesting to fake this schema>\"\n            },\n            \"Value\": {\n              \"value\": \"<Error: Too many levels of nesting to fake this schema>\"\n            }\n          }\n        ]\n      }\n    ]\n  },\n  \"AddrStatusRec\": {\n    \"AddrKeys\": {\n      \"AddrId\": \"\",\n      \"AddressIdent\": \"id dolore c\",\n      \"AddrType\": \"Primary\"\n    },\n    \"AddrStatus\": {\n      \"AddrStatusCode\": \"exercitation incididunt id proident\",\n      \"EffDt\": \"2021-12-31T23:59:59.999\"\n    }\n  }\n}","cookie":[],"_postman_previewlanguage":"json"}],"event":[],"protocolProfileBehavior":{"disableBodyPruning":true}}],"event":[]},{"id":"859b8330-9f49-40c6-907c-36be44db53a6","name":"Get Address","description":{"content":"","type":"text/plain"},"item":[{"id":"ce792957-176b-48e9-b731-f09fe7591961","name":"Get Address.","request":{"name":"Get Address.","description":{"content":"Retrieves the address record associated with an account or party. <br> For more information about the Accountholder domain, <a href=\"../docs/?path=docs/fintechs/accountholder.md\" title=\"Click to open\">click here.</a> <br><br> <b>Relates to:</b> <ul> <li><a href=\"../docs/?path=docs/banks-and-CU/deposits.md\" title=\"Click to open\">Deposits</a></li> <li><a href=\"../docs/?path=docs/banks-and-CU/loans.md\" title=\"Click to open\">Loans</a></li> <li><a href=\"../docs/?path=docs/banks-and-CU/bank-servicing.md\" title=\"Click to open\">Bank Servicing</a></li> </ul>","type":"text/plain"},"url":{"path":["address","secured"],"host":["{{baseUrl}}"],"query":[],"variable":[]},"header":[{"disabled":false,"description":"(Required) EFX Header is a common and required component for all API calls, it contains authentication and client-related parameters. Please note that the header parameters should be sent as a JSON object under the EFXHeader parameter. To view the list of header parameters, <a href=\"../docs?path=docs/api-ref-EFX-header.md\" title=\"Click to open\"> click here.</a>","key":"EFXHeader","value":"{ \"TrnId\": \"f262cfa4-9da4-4a10-b48c-2e947ce3e66c\", \"OrganizationId\": \"PRMOrg10\", \"VendorId\": \"112233\", \"Context\":{ \"Channel\": \"WEB\" } }"},{"key":"Content-Type","value":"application/json"},{"key":"Accept","value":"application/json"}],"method":"POST","auth":null,"body":{"mode":"raw","raw":"{\n  \"AddrSel\": {\n    \"Street\": \"1\"\n  }\n}","options":{"raw":{"language":"json"}}}},"response":[{"id":"bc629c4c-a646-4fdf-9264-40b7359fef8c","name":"Created","originalRequest":{"url":{"path":["address","secured"],"host":["{{baseUrl}}"],"query":[],"variable":[]},"header":[{"disabled":false,"description":"(Required) EFX Header is a common and required component for all API calls, it contains authentication and client-related parameters. Please note that the header parameters should be sent as a JSON object under the EFXHeader parameter. To view the list of header parameters, <a href=\"../docs?path=docs/api-ref-EFX-header.md\" title=\"Click to open\"> click here.</a>","key":"EFXHeader","value":"{ \"TrnId\": \"f262cfa4-9da4-4a10-b48c-2e947ce3e66c\", \"OrganizationId\": \"PRMOrg10\", \"VendorId\": \"112233\", \"Context\":{ \"Channel\": \"WEB\" } }"}],"method":"POST","body":{"mode":"raw","raw":"{\n  \"AddrSel\": {\n    \"Street\": \"1\"\n  }\n}","options":{"raw":{"language":"json"}}}},"status":"OK","code":200,"header":[{"key":"Content-Type","value":"application/json"}],"body":"{\n  \"Status\": {\n    \"StatusCode\": \"0\",\n    \"StatusDesc\": \"Success\",\n    \"Severity\": \"Info\",\n    \"SvcProviderName\": \"Premier\"\n  },\n  \"RecCtrlOut\": {\n    \"SentRecCount\": 8,\n    \"Cursor\": \"false\"\n  },\n  \"AddrRec\": [\n    {\n      \"AddrKeys\": {\n        \"AddressIdent\": \"201\",\n        \"AddrType\": \"Primary\"\n      },\n      \"AddrInfo\": {\n        \"PostAddr\": [\n          {\n            \"OpenDt\": \"2017-12-21\",\n            \"RelationshipMgr\": [\n              {\n                \"RelationshipMgrIdent\": \"0\",\n                \"RelationshipRole\": \"Officer\"\n              },\n              {\n                \"RelationshipMgrIdent\": \"0\",\n                \"RelationshipRole\": \"ReferralOfficer\"\n              }\n            ],\n            \"OriginatingBranch\": \"1\",\n            \"ResponsibleBranch\": \"1\",\n            \"AddrFormatType\": \"Label\",\n            \"Addr1\": \"1267 1ST          SUITE 523\",\n            \"Addr2\": \"\",\n            \"City\": \"WASHINGTON\",\n            \"StateProv\": \"DC\",\n            \"PostalCode\": \"12278-8272\",\n            \"AddrType\": \"Primary\",\n            \"CensusTract\": \"0\",\n            \"CensusBlock\": \"0\",\n            \"ForeignFlag\": false,\n            \"HandlingCode\": \"\",\n            \"HandlingCodeOption\": \"StatementsNoticesChecks\",\n            \"MSACode\": 0\n          }\n        ]\n      },\n      \"AddrStatus\": {\n        \"AddrStatusCode\": \"Valid\",\n        \"EffDt\": \"2022-01-18T05:43:17.425\"\n      }\n    },\n    {\n      \"AddrKeys\": {\n        \"AddressIdent\": \"476\",\n        \"AddrType\": \"Primary\"\n      },\n      \"AddrInfo\": {\n        \"PostAddr\": [\n          {\n            \"OpenDt\": \"2021-02-18\",\n            \"RelationshipMgr\": [\n              {\n                \"RelationshipMgrIdent\": \"0\",\n                \"RelationshipRole\": \"Officer\"\n              },\n              {\n                \"RelationshipMgrIdent\": \"0\",\n                \"RelationshipRole\": \"ReferralOfficer\"\n              }\n            ],\n            \"OriginatingBranch\": \"1\",\n            \"ResponsibleBranch\": \"1\",\n            \"AddrFormatType\": \"Label\",\n            \"Addr1\": \"1458 11TH STREET\",\n            \"Addr2\": \"\",\n            \"City\": \"PHOENIX\",\n            \"StateProv\": \"NV\",\n            \"PostalCode\": \"45215-0000\",\n            \"AddrType\": \"Primary\",\n            \"CensusTract\": \"0\",\n            \"CensusBlock\": \"0\",\n            \"ForeignFlag\": false,\n            \"HandlingCode\": \"\",\n            \"HandlingCodeOption\": \"StatementsNoticesChecks\",\n            \"MSACode\": 0\n          }\n        ]\n      },\n      \"AddrStatus\": {\n        \"AddrStatusCode\": \"Valid\",\n        \"EffDt\": \"2022-01-18T05:43:17.425\"\n      }\n    },\n    {\n      \"AddrKeys\": {\n        \"AddressIdent\": \"331\",\n        \"AddrType\": \"Primary\"\n      },\n      \"AddrInfo\": {\n        \"PostAddr\": [\n          {\n            \"OpenDt\": \"2016-12-18\",\n            \"RelationshipMgr\": [\n              {\n                \"RelationshipMgrIdent\": \"0\",\n                \"RelationshipRole\": \"Officer\"\n              },\n              {\n                \"RelationshipMgrIdent\": \"0\",\n                \"RelationshipRole\": \"ReferralOfficer\"\n              }\n            ],\n            \"OriginatingBranch\": \"2\",\n            \"ResponsibleBranch\": \"2\",\n            \"AddrFormatType\": \"Label\",\n            \"Addr1\": \"1345, OLD CHENEY ROAD\",\n            \"Addr2\": \"\",\n            \"City\": \"LINCOLN\",\n            \"StateProv\": \"NE\",\n            \"PostalCode\": \"68512-0000\",\n            \"AddrType\": \"Primary\",\n            \"CensusTract\": \"0\",\n            \"CensusBlock\": \"0\",\n            \"ForeignFlag\": false,\n            \"HandlingCode\": \"\",\n            \"HandlingCodeOption\": \"StatementsNoticesChecks\",\n            \"MSACode\": 0\n          }\n        ]\n      },\n      \"AddrStatus\": {\n        \"AddrStatusCode\": \"Valid\",\n        \"EffDt\": \"2022-01-18T05:43:17.427\"\n      }\n    },\n    {\n      \"AddrKeys\": {\n        \"AddressIdent\": \"1042\",\n        \"AddrType\": \"Primary\"\n      },\n      \"AddrInfo\": {\n        \"PostAddr\": [\n          {\n            \"OpenDt\": \"2020-06-01\",\n            \"RelationshipMgr\": [\n              {\n                \"RelationshipMgrIdent\": \"0\",\n                \"RelationshipRole\": \"Officer\"\n              },\n              {\n                \"RelationshipMgrIdent\": \"0\",\n                \"RelationshipRole\": \"ReferralOfficer\"\n              }\n            ],\n            \"OriginatingBranch\": \"1\",\n            \"ResponsibleBranch\": \"1\",\n            \"AddrFormatType\": \"Label\",\n            \"Addr1\": \"1345, OLD CHENEY ROAD,\",\n            \"Addr2\": \"\",\n            \"City\": \"LINCOLN\",\n            \"StateProv\": \"NE\",\n            \"PostalCode\": \"68512-0000\",\n            \"AddrType\": \"Primary\",\n            \"CensusTract\": \"0\",\n            \"CensusBlock\": \"0\",\n            \"ForeignFlag\": false,\n            \"HandlingCode\": \"\",\n            \"HandlingCodeOption\": \"StatementsNoticesChecks\",\n            \"MSACode\": 0\n          }\n        ]\n      },\n      \"AddrStatus\": {\n        \"AddrStatusCode\": \"Valid\",\n        \"EffDt\": \"2022-01-18T05:43:17.428\"\n      }\n    },\n    {\n      \"AddrKeys\": {\n        \"AddressIdent\": \"1167\",\n        \"AddrType\": \"Primary\"\n      },\n      \"AddrInfo\": {\n        \"PostAddr\": [\n          {\n            \"OpenDt\": \"2020-06-05\",\n            \"RelationshipMgr\": [\n              {\n                \"RelationshipMgrIdent\": \"0\",\n                \"RelationshipRole\": \"Officer\"\n              },\n              {\n                \"RelationshipMgrIdent\": \"0\",\n                \"RelationshipRole\": \"ReferralOfficer\"\n              }\n            ],\n            \"OriginatingBranch\": \"4\",\n            \"ResponsibleBranch\": \"4\",\n            \"AddrFormatType\": \"Label\",\n            \"Addr1\": \"1345, OLD CHENEY ROAD,\",\n            \"Addr2\": \"\",\n            \"City\": \"LINCOLN\",\n            \"StateProv\": \"NE\",\n            \"PostalCode\": \"68512-0000\",\n            \"AddrType\": \"Primary\",\n            \"CensusTract\": \"0\",\n            \"CensusBlock\": \"0\",\n            \"ForeignFlag\": false,\n            \"HandlingCode\": \"\",\n            \"HandlingCodeOption\": \"StatementsNoticesChecks\",\n            \"MSACode\": 0\n          }\n        ]\n      },\n      \"AddrStatus\": {\n        \"AddrStatusCode\": \"Valid\",\n        \"EffDt\": \"2022-01-18T05:43:17.428\"\n      }\n    },\n    {\n      \"AddrKeys\": {\n        \"AddressIdent\": \"1244\",\n        \"AddrType\": \"Primary\"\n      },\n      \"AddrInfo\": {\n        \"PostAddr\": [\n          {\n            \"OpenDt\": \"2019-06-05\",\n            \"RelationshipMgr\": [\n              {\n                \"RelationshipMgrIdent\": \"0\",\n                \"RelationshipRole\": \"Officer\"\n              },\n              {\n                \"RelationshipMgrIdent\": \"0\",\n                \"RelationshipRole\": \"ReferralOfficer\"\n              }\n            ],\n            \"OriginatingBranch\": \"1\",\n            \"ResponsibleBranch\": \"1\",\n            \"AddrFormatType\": \"Label\",\n            \"Addr1\": \"1345, OLD CHENEY ROAD,\",\n            \"Addr2\": \"\",\n            \"City\": \"LINCOLN\",\n            \"StateProv\": \"NE\",\n            \"PostalCode\": \"68512-0000\",\n            \"AddrType\": \"Primary\",\n            \"CensusTract\": \"0\",\n            \"CensusBlock\": \"0\",\n            \"ForeignFlag\": false,\n            \"HandlingCode\": \"\",\n            \"HandlingCodeOption\": \"StatementsNoticesChecks\",\n            \"MSACode\": 0\n          }\n        ]\n      },\n      \"AddrStatus\": {\n        \"AddrStatusCode\": \"Valid\",\n        \"EffDt\": \"2022-01-18T05:43:17.429\"\n      }\n    },\n    {\n      \"AddrKeys\": {\n        \"AddressIdent\": \"1299\",\n        \"AddrType\": \"Primary\"\n      },\n      \"AddrInfo\": {\n        \"PostAddr\": [\n          {\n            \"OpenDt\": \"2020-05-05\",\n            \"RelationshipMgr\": [\n              {\n                \"RelationshipMgrIdent\": \"0\",\n                \"RelationshipRole\": \"Officer\"\n              },\n              {\n                \"RelationshipMgrIdent\": \"0\",\n                \"RelationshipRole\": \"ReferralOfficer\"\n              }\n            ],\n            \"OriginatingBranch\": \"2\",\n            \"ResponsibleBranch\": \"2\",\n            \"AddrFormatType\": \"Label\",\n            \"Addr1\": \"1345, OLD CHENEY ROAD,\",\n            \"Addr2\": \"\",\n            \"City\": \"LINCOLN\",\n            \"StateProv\": \"NE\",\n            \"PostalCode\": \"68512-0000\",\n            \"AddrType\": \"Primary\",\n            \"CensusTract\": \"0\",\n            \"CensusBlock\": \"0\",\n            \"ForeignFlag\": false,\n            \"HandlingCode\": \"\",\n            \"HandlingCodeOption\": \"StatementsNoticesChecks\",\n            \"MSACode\": 0\n          }\n        ]\n      },\n      \"AddrStatus\": {\n        \"AddrStatusCode\": \"Valid\",\n        \"EffDt\": \"2022-01-18T05:43:17.429\"\n      }\n    },\n    {\n      \"AddrKeys\": {\n        \"AddressIdent\": \"475\",\n        \"AddrType\": \"Primary\"\n      },\n      \"AddrInfo\": {\n        \"PostAddr\": [\n          {\n            \"OpenDt\": \"2021-02-18\",\n            \"RelationshipMgr\": [\n              {\n                \"RelationshipMgrIdent\": \"0\",\n                \"RelationshipRole\": \"Officer\"\n              },\n              {\n                \"RelationshipMgrIdent\": \"0\",\n                \"RelationshipRole\": \"ReferralOfficer\"\n              }\n            ],\n            \"OriginatingBranch\": \"2\",\n            \"ResponsibleBranch\": \"2\",\n            \"AddrFormatType\": \"Label\",\n            \"Addr1\": \"1514 14TH STREET\",\n            \"Addr2\": \"\",\n            \"City\": \"DALLAS\",\n            \"StateProv\": \"TX\",\n            \"PostalCode\": \"41125-0000\",\n            \"AddrType\": \"Primary\",\n            \"CensusTract\": \"0\",\n            \"CensusBlock\": \"0\",\n            \"ForeignFlag\": false,\n            \"HandlingCode\": \"\",\n            \"HandlingCodeOption\": \"StatementsNoticesChecks\",\n            \"MSACode\": 0\n          }\n        ]\n      },\n      \"AddrStatus\": {\n        \"AddrStatusCode\": \"Valid\",\n        \"EffDt\": \"2022-01-18T05:43:17.448\"\n      }\n    }\n  ]\n}","cookie":[],"_postman_previewlanguage":"json"},{"id":"2bd2ff4e-d63f-4bd5-9dc1-56753d2bb76d","name":"Unauthorized","originalRequest":{"url":{"path":["address","secured"],"host":["{{baseUrl}}"],"query":[],"variable":[]},"header":[{"disabled":false,"description":"(Required) EFX Header is a common and required component for all API calls, it contains authentication and client-related parameters. Please note that the header parameters should be sent as a JSON object under the EFXHeader parameter. To view the list of header parameters, <a href=\"../docs?path=docs/api-ref-EFX-header.md\" title=\"Click to open\"> click here.</a>","key":"EFXHeader","value":"{ \"TrnId\": \"f262cfa4-9da4-4a10-b48c-2e947ce3e66c\", \"OrganizationId\": \"PRMOrg10\", \"VendorId\": \"112233\", \"Context\":{ \"Channel\": \"WEB\" } }"}],"method":"POST","body":{"mode":"raw","raw":"{\n  \"AddrSel\": {\n    \"Street\": \"1\"\n  }\n}","options":{"raw":{"language":"json"}}}},"status":"Unauthorized","code":401,"header":[{"key":"Content-Type","value":"application/json"}],"body":"{\n  \"Status\": {\n    \"StatusCode\": \"1740\",\n    \"StatusDesc\": \"Authentication Failed\",\n    \"Severity\": \"Error\",\n    \"SvcProviderName\": \"Premier\",\n    \"ServerStatusCode\": \"401\",\n    \"ServerStatusDesc\": \"Unauthorized\"\n  }\n}","cookie":[],"_postman_previewlanguage":"json"},{"id":"42513eab-1295-4932-a8b0-d61004759cf6","name":"Un-processable Entity","originalRequest":{"url":{"path":["address","secured"],"host":["{{baseUrl}}"],"query":[],"variable":[]},"header":[{"disabled":false,"description":"(Required) EFX Header is a common and required component for all API calls, it contains authentication and client-related parameters. Please note that the header parameters should be sent as a JSON object under the EFXHeader parameter. To view the list of header parameters, <a href=\"../docs?path=docs/api-ref-EFX-header.md\" title=\"Click to open\"> click here.</a>","key":"EFXHeader","value":"{ \"TrnId\": \"f262cfa4-9da4-4a10-b48c-2e947ce3e66c\", \"OrganizationId\": \"PRMOrg10\", \"VendorId\": \"112233\", \"Context\":{ \"Channel\": \"WEB\" } }"}],"method":"POST","body":{"mode":"raw","raw":"{\n  \"AddrSel\": {\n    \"Street\": \"1\"\n  }\n}","options":{"raw":{"language":"json"}}}},"status":"Unprocessable Entity (WebDAV) (RFC 4918)","code":422,"header":[{"key":"Content-Type","value":"application/json"}],"body":"{\n  \"Status\": {\n    \"StatusCode\": \"1090\",\n    \"StatusDesc\": \"Invalid Value\",\n    \"Severity\": \"Error\",\n    \"SvcProviderName\": \"Premier\",\n    \"ServerStatusCode\": \"422\",\n    \"ServerStatusDesc\": \"Unprocessable Entity\"\n  }\n}","cookie":[],"_postman_previewlanguage":"json"},{"id":"b90a3047-5721-40db-8c84-461fa8db1ddb","name":"Internal Server Error","originalRequest":{"url":{"path":["address","secured"],"host":["{{baseUrl}}"],"query":[],"variable":[]},"header":[{"disabled":false,"description":"(Required) EFX Header is a common and required component for all API calls, it contains authentication and client-related parameters. Please note that the header parameters should be sent as a JSON object under the EFXHeader parameter. To view the list of header parameters, <a href=\"../docs?path=docs/api-ref-EFX-header.md\" title=\"Click to open\"> click here.</a>","key":"EFXHeader","value":"{ \"TrnId\": \"f262cfa4-9da4-4a10-b48c-2e947ce3e66c\", \"OrganizationId\": \"PRMOrg10\", \"VendorId\": \"112233\", \"Context\":{ \"Channel\": \"WEB\" } }"}],"method":"POST","body":{"mode":"raw","raw":"{\n  \"AddrSel\": {\n    \"Street\": \"1\"\n  }\n}","options":{"raw":{"language":"json"}}}},"status":"Internal Server Error","code":500,"header":[{"key":"Content-Type","value":"application/json"}],"body":"{\n  \"Status\": {\n    \"StatusCode\": \"100\",\n    \"StatusDesc\": \"General Error\",\n    \"Severity\": \"Error\",\n    \"SvcProviderName\": \"Premier\",\n    \"ServerStatusCode\": \"500\",\n    \"ServerStatusDesc\": \"Internal Server Error\"\n  }\n}","cookie":[],"_postman_previewlanguage":"json"},{"id":"5f6f4944-c9b3-444a-bd6f-0899f70c985e","name":"Service Unavailable","originalRequest":{"url":{"path":["address","secured"],"host":["{{baseUrl}}"],"query":[],"variable":[]},"header":[{"disabled":false,"description":"(Required) EFX Header is a common and required component for all API calls, it contains authentication and client-related parameters. Please note that the header parameters should be sent as a JSON object under the EFXHeader parameter. To view the list of header parameters, <a href=\"../docs?path=docs/api-ref-EFX-header.md\" title=\"Click to open\"> click here.</a>","key":"EFXHeader","value":"{ \"TrnId\": \"f262cfa4-9da4-4a10-b48c-2e947ce3e66c\", \"OrganizationId\": \"PRMOrg10\", \"VendorId\": \"112233\", \"Context\":{ \"Channel\": \"WEB\" } }"}],"method":"POST","body":{"mode":"raw","raw":"{\n  \"AddrSel\": {\n    \"Street\": \"1\"\n  }\n}","options":{"raw":{"language":"json"}}}},"status":"Service Unavailable","code":503,"header":[{"key":"Content-Type","value":"application/json"}],"body":"{\n  \"Status\": {\n    \"StatusCode\": \"300\",\n    \"StatusDesc\": \"System Not Available\",\n    \"Severity\": \"Error\",\n    \"SvcProviderName\": \"Premier\",\n    \"ServerStatusCode\": \"503\",\n    \"ServerStatusDesc\": \"Service Unavailable\"\n  }\n}","cookie":[],"_postman_previewlanguage":"json"},{"id":"e740edfa-f817-42be-b8a8-71575a5c919a","name":"See HTTP Status Code Standards","originalRequest":{"url":{"path":["address","secured"],"host":["{{baseUrl}}"],"query":[],"variable":[]},"header":[{"disabled":false,"description":"(Required) EFX Header is a common and required component for all API calls, it contains authentication and client-related parameters. Please note that the header parameters should be sent as a JSON object under the EFXHeader parameter. To view the list of header parameters, <a href=\"../docs?path=docs/api-ref-EFX-header.md\" title=\"Click to open\"> click here.</a>","key":"EFXHeader","value":"{ \"TrnId\": \"f262cfa4-9da4-4a10-b48c-2e947ce3e66c\", \"OrganizationId\": \"PRMOrg10\", \"VendorId\": \"112233\", \"Context\":{ \"Channel\": \"WEB\" } }"}],"method":"POST","body":{"mode":"raw","raw":"{\n  \"AddrSel\": {\n    \"Street\": \"1\"\n  }\n}","options":{"raw":{"language":"json"}}}},"status":"Internal Server Error","code":500,"header":[{"key":"Content-Type","value":"application/json"}],"body":"{\n  \"Status\": {\n    \"Severity\": \"Warning\",\n    \"StatusCode\": \"fugiat consectetur\",\n    \"StatusDesc\": \"nulla aliqua cupidatat\",\n    \"SvcProviderName\": \"in sint laborum\",\n    \"Id\": \"consequat volup\",\n    \"ServerStatusCode\": \"nisi\",\n    \"ServerStatusDesc\": \"in tempor\",\n    \"OvrdExceptionInd\": true,\n    \"SubjectRole\": \"occaeca\",\n    \"SubjectElement\": [\n      {\n        \"Path\": \"fugiat anim con\",\n        \"ServerPath\": \"qui consectetur veniam\",\n        \"Value\": \"minim dolor\"\n      },\n      {\n        \"Path\": \"id incididunt pariatur\",\n        \"ServerPath\": \"in labore nulla dese\",\n        \"Value\": \"minim sit aute qui\"\n      }\n    ],\n    \"ContentHTML\": \"nisi enim\",\n    \"AdditionalStatus\": [\n      {\n        \"StatusCode\": \"deserunt velit\",\n        \"StatusDesc\": \"reprehenderit cupidatat nulla non\",\n        \"Severity\": \"Error\",\n        \"SvcProviderName\": \"sint adipisicing dolore\",\n        \"ServerStatusCode\": \"ex quis laboris\",\n        \"ServerStatusDesc\": \"anim cillum voluptate in\",\n        \"OvrdExceptionInd\": true,\n        \"SubjectElement\": [\n          {\n            \"Path\": {\n              \"value\": \"<Error: Too many levels of nesting to fake this schema>\"\n            },\n            \"ServerPath\": {\n              \"value\": \"<Error: Too many levels of nesting to fake this schema>\"\n            },\n            \"Value\": {\n              \"value\": \"<Error: Too many levels of nesting to fake this schema>\"\n            }\n          },\n          {\n            \"Path\": {\n              \"value\": \"<Error: Too many levels of nesting to fake this schema>\"\n            },\n            \"ServerPath\": {\n              \"value\": \"<Error: Too many levels of nesting to fake this schema>\"\n            },\n            \"Value\": {\n              \"value\": \"<Error: Too many levels of nesting to fake this schema>\"\n            }\n          }\n        ]\n      },\n      {\n        \"StatusCode\": \"adipisicing ani\",\n        \"StatusDesc\": \"cillum Excepteur qui\",\n        \"Severity\": \"Error\",\n        \"SvcProviderName\": \"mollit sit enim\",\n        \"ServerStatusCode\": \"Lorem e\",\n        \"ServerStatusDesc\": \"ut minim nisi magna\",\n        \"OvrdExceptionInd\": false,\n        \"SubjectElement\": [\n          {\n            \"Path\": {\n              \"value\": \"<Error: Too many levels of nesting to fake this schema>\"\n            },\n            \"ServerPath\": {\n              \"value\": \"<Error: Too many levels of nesting to fake this schema>\"\n            },\n            \"Value\": {\n              \"value\": \"<Error: Too many levels of nesting to fake this schema>\"\n            }\n          },\n          {\n            \"Path\": {\n              \"value\": \"<Error: Too many levels of nesting to fake this schema>\"\n            },\n            \"ServerPath\": {\n              \"value\": \"<Error: Too many levels of nesting to fake this schema>\"\n            },\n            \"Value\": {\n              \"value\": \"<Error: Too many levels of nesting to fake this schema>\"\n            }\n          }\n        ]\n      }\n    ]\n  },\n  \"RecCtrlOut\": {\n    \"SentRecCount\": 92770915,\n    \"Cursor\": \"Excepteur non cupidatat\"\n  },\n  \"AddrRec\": [\n    {\n      \"AddrInfo\": {\n        \"PostAddr\": [\n          {\n            \"value\": \"<Error: Too many levels of nesting to fake this schema>\"\n          },\n          {\n            \"value\": \"<Error: Too many levels of nesting to fake this schema>\"\n          }\n        ],\n        \"AddrRelRef\": [\n          {\n            \"PartyKeys\": {\n              \"value\": \"<Error: Too many levels of nesting to fake this schema>\"\n            },\n            \"AcctKeys\": {\n              \"value\": \"<Error: Too many levels of nesting to fake this schema>\"\n            },\n            \"AddrUse\": {\n              \"value\": \"<Error: Too many levels of nesting to fake this schema>\"\n            }\n          },\n          {\n            \"PartyKeys\": {\n              \"value\": \"<Error: Too many levels of nesting to fake this schema>\"\n            },\n            \"AcctKeys\": {\n              \"value\": \"<Error: Too many levels of nesting to fake this schema>\"\n            },\n            \"AddrUse\": {\n              \"value\": \"<Error: Too many levels of nesting to fake this schema>\"\n            }\n          }\n        ]\n      },\n      \"AddrKeys\": {\n        \"AddrId\": \"laboris adip\",\n        \"AddressIdent\": \"quis do\",\n        \"AddrType\": \"Primary\"\n      },\n      \"AddrStatus\": {\n        \"AddrStatusCode\": \"ullamco ipsum\",\n        \"EffDt\": \"2021-12-31T23:59:59.999\"\n      }\n    },\n    {\n      \"AddrInfo\": {\n        \"PostAddr\": [\n          {\n            \"value\": \"<Error: Too many levels of nesting to fake this schema>\"\n          },\n          {\n            \"value\": \"<Error: Too many levels of nesting to fake this schema>\"\n          }\n        ],\n        \"AddrRelRef\": [\n          {\n            \"PartyKeys\": {\n              \"value\": \"<Error: Too many levels of nesting to fake this schema>\"\n            },\n            \"AcctKeys\": {\n              \"value\": \"<Error: Too many levels of nesting to fake this schema>\"\n            },\n            \"AddrUse\": {\n              \"value\": \"<Error: Too many levels of nesting to fake this schema>\"\n            }\n          },\n          {\n            \"PartyKeys\": {\n              \"value\": \"<Error: Too many levels of nesting to fake this schema>\"\n            },\n            \"AcctKeys\": {\n              \"value\": \"<Error: Too many levels of nesting to fake this schema>\"\n            },\n            \"AddrUse\": {\n              \"value\": \"<Error: Too many levels of nesting to fake this schema>\"\n            }\n          }\n        ]\n      },\n      \"AddrKeys\": {\n        \"AddrId\": \"veniam magna\",\n        \"AddressIdent\": \"sed eiusmod in\",\n        \"AddrType\": \"Primary\"\n      },\n      \"AddrStatus\": {\n        \"AddrStatusCode\": \"Ut non in\",\n        \"EffDt\": \"2021-12-31T23:59:59.999\"\n      }\n    }\n  ]\n}","cookie":[],"_postman_previewlanguage":"json"}],"event":[],"protocolProfileBehavior":{"disableBodyPruning":true}}],"event":[]}],"event":[],"variable":[{"type":"string","value":"/","key":"baseUrl"}],"info":{"_postman_id":"839045df-b343-4bc7-aff1-67f563336d7b","name":"Address Service","schema":"https://schema.getpostman.com/json/collection/v2.1.0/collection.json","description":{"content":"The Address service manages addresses related to parties and product accounts.\n\nContact Support:\n Name: Roopy Cullum\n Email: Roopam.Cullum@Fiserv.com","type":"text/plain"}}}