{"item":[{"id":"1134fb36-eed2-4b98-992a-cd4e54143423","name":"Search for Merchant by Partner Tax ID","request":{"name":"Search for Merchant by Partner Tax ID","description":{"content":"Search for Merchant by Partner Tax ID","type":"text/plain"},"url":{"path":["bwa","consulta-estabelecimento-socio","v1","consulta",":documento"],"host":["{{baseUrl}}"],"query":[],"variable":[{"disabled":false,"type":"any","value":"11332242567","key":"documento","description":"(Required) Partner Document Number (CPF)"}]},"header":[{"disabled":false,"description":"(Required) HMAC","key":"Message-Signature","value":"1tsmkG9Ip3k2rcO5cETButfP3D/RS6U8troFF+mUrno="},{"disabled":false,"description":"(Required) APigee Key","key":"Api-Key","value":"X0GW3QGOYFn4r7DHcVC8KuatUnNs6MGB"},{"disabled":false,"description":"(Required) Oauth Key","key":"auth","value":""},{"disabled":false,"description":"(Required) Date - Epoch format","key":"Timestamp","value":"1563309156733"},{"disabled":false,"description":"(Required) Randomly generated by client","key":"Client-Request-Id","value":"6NYHj9Pgyxc84rmafpwG4fjhLwFfJYFVmxJOcgziD0QN3q6mGC"},{"disabled":false,"description":"(Required) Institution Number","key":"instituicao","value":"00000009"},{"disabled":false,"description":"(Required) Service Contract Number. Please contact your Fiserv Representative, in case you don't know","key":"codigo-contrato","value":"101"},{"key":"Accept","value":"application/json"}],"method":"GET","auth":null},"response":[{"id":"7a1fffbf-c66d-42a3-8b95-902d22fa4bf6","name":"Successfully Done","originalRequest":{"url":{"path":["bwa","consulta-estabelecimento-socio","v1","consulta",":documento"],"host":["{{baseUrl}}"],"query":[],"variable":[{"disabled":false,"type":"any","value":"11332242567","key":"documento","description":"(Required) Partner Document Number (CPF)"}]},"header":[{"disabled":false,"description":"(Required) HMAC","key":"Message-Signature","value":"1tsmkG9Ip3k2rcO5cETButfP3D/RS6U8troFF+mUrno="},{"disabled":false,"description":"(Required) APigee Key","key":"Api-Key","value":"X0GW3QGOYFn4r7DHcVC8KuatUnNs6MGB"},{"disabled":false,"description":"(Required) Oauth Key","key":"auth","value":""},{"disabled":false,"description":"(Required) Date - Epoch format","key":"Timestamp","value":"1563309156733"},{"disabled":false,"description":"(Required) Randomly generated by client","key":"Client-Request-Id","value":"6NYHj9Pgyxc84rmafpwG4fjhLwFfJYFVmxJOcgziD0QN3q6mGC"},{"disabled":false,"description":"(Required) Institution Number","key":"instituicao","value":"00000009"},{"disabled":false,"description":"(Required) Service Contract Number. Please contact your Fiserv Representative, in case you don't know","key":"codigo-contrato","value":"101"}],"method":"GET","body":{}},"status":"OK","code":200,"header":[{"key":"Content-Type","value":"application/json"}],"body":"{\n  \"codigoRetorno\": 0,\n  \"mensagem\": \"0 - Sucesso (meaning Success)\",\n  \"conteudo\": [\n    {\n      \"status\": \"Ativo (meaning Active)\",\n      \"email\": \"partener@establishment.com\",\n      \"companyName\": \"Company S/A\",\n      \"clientNumber\": \"087645873457\",\n      \"registrationNumber\": \"45873457\",\n      \"partnerInfoName1\": \"Partner name 1\",\n      \"partnerInfoPhone1\": \"11333333333\",\n      \"partnerInfoName2\": \"Partner name 2\",\n      \"partnerInfoPhone2\": \"11333333333\",\n      \"partnerInfoName3\": \"Partner name 3\",\n      \"partnerInfoPhone3\": \"11333333333\"\n    },\n    {\n      \"status\": \"Ativo (meaning Active)\",\n      \"email\": \"partener@establishment.com\",\n      \"companyName\": \"Company S/A\",\n      \"clientNumber\": \"087645873457\",\n      \"registrationNumber\": \"45873457\",\n      \"partnerInfoName1\": \"Partner name 1\",\n      \"partnerInfoPhone1\": \"11333333333\",\n      \"partnerInfoName2\": \"Partner name 2\",\n      \"partnerInfoPhone2\": \"11333333333\",\n      \"partnerInfoName3\": \"Partner name 3\",\n      \"partnerInfoPhone3\": \"11333333333\"\n    }\n  ]\n}","cookie":[],"_postman_previewlanguage":"json"},{"id":"ac6bde65-b90f-4e7a-8c7d-0f00dfa2d65f","name":"Partial Content","originalRequest":{"url":{"path":["bwa","consulta-estabelecimento-socio","v1","consulta",":documento"],"host":["{{baseUrl}}"],"query":[],"variable":[{"disabled":false,"type":"any","value":"11332242567","key":"documento","description":"(Required) Partner Document Number (CPF)"}]},"header":[{"disabled":false,"description":"(Required) HMAC","key":"Message-Signature","value":"1tsmkG9Ip3k2rcO5cETButfP3D/RS6U8troFF+mUrno="},{"disabled":false,"description":"(Required) APigee Key","key":"Api-Key","value":"X0GW3QGOYFn4r7DHcVC8KuatUnNs6MGB"},{"disabled":false,"description":"(Required) Oauth Key","key":"auth","value":""},{"disabled":false,"description":"(Required) Date - Epoch format","key":"Timestamp","value":"1563309156733"},{"disabled":false,"description":"(Required) Randomly generated by client","key":"Client-Request-Id","value":"6NYHj9Pgyxc84rmafpwG4fjhLwFfJYFVmxJOcgziD0QN3q6mGC"},{"disabled":false,"description":"(Required) Institution Number","key":"instituicao","value":"00000009"},{"disabled":false,"description":"(Required) Service Contract Number. Please contact your Fiserv Representative, in case you don't know","key":"codigo-contrato","value":"101"}],"method":"GET","body":{}},"status":"Partial Content","code":206,"header":[{"key":"Content-Type","value":"application/json"}],"body":"{\n  \"codigoRetorno\": 9,\n  \"mensagem\": \"9 - Campos mandatorios...\"\n}","cookie":[],"_postman_previewlanguage":"json"},{"id":"6ade2b2b-43c9-4cbe-8f3e-dda24c253096","name":"Unauthorized","originalRequest":{"url":{"path":["bwa","consulta-estabelecimento-socio","v1","consulta",":documento"],"host":["{{baseUrl}}"],"query":[],"variable":[{"disabled":false,"type":"any","value":"11332242567","key":"documento","description":"(Required) Partner Document Number (CPF)"}]},"header":[{"disabled":false,"description":"(Required) HMAC","key":"Message-Signature","value":"1tsmkG9Ip3k2rcO5cETButfP3D/RS6U8troFF+mUrno="},{"disabled":false,"description":"(Required) APigee Key","key":"Api-Key","value":"X0GW3QGOYFn4r7DHcVC8KuatUnNs6MGB"},{"disabled":false,"description":"(Required) Oauth Key","key":"auth","value":""},{"disabled":false,"description":"(Required) Date - Epoch format","key":"Timestamp","value":"1563309156733"},{"disabled":false,"description":"(Required) Randomly generated by client","key":"Client-Request-Id","value":"6NYHj9Pgyxc84rmafpwG4fjhLwFfJYFVmxJOcgziD0QN3q6mGC"},{"disabled":false,"description":"(Required) Institution Number","key":"instituicao","value":"00000009"},{"disabled":false,"description":"(Required) Service Contract Number. Please contact your Fiserv Representative, in case you don't know","key":"codigo-contrato","value":"101"}],"method":"GET","body":{}},"status":"Unauthorized","code":401,"header":[{"key":"Content-Type","value":"application/json"}],"body":"{\n  \"codigoRetorno\": {},\n  \"mensagem\": \"Acesso nao autorizado ao conteudo pesquisado (meaning Access Denied for he parameters provided)\"\n}","cookie":[],"_postman_previewlanguage":"json"},{"id":"6a769a98-caa0-454b-be45-8cee0a54f720","name":"Forbidden","originalRequest":{"url":{"path":["bwa","consulta-estabelecimento-socio","v1","consulta",":documento"],"host":["{{baseUrl}}"],"query":[],"variable":[{"disabled":false,"type":"any","value":"11332242567","key":"documento","description":"(Required) Partner Document Number (CPF)"}]},"header":[{"disabled":false,"description":"(Required) HMAC","key":"Message-Signature","value":"1tsmkG9Ip3k2rcO5cETButfP3D/RS6U8troFF+mUrno="},{"disabled":false,"description":"(Required) APigee Key","key":"Api-Key","value":"X0GW3QGOYFn4r7DHcVC8KuatUnNs6MGB"},{"disabled":false,"description":"(Required) Oauth Key","key":"auth","value":""},{"disabled":false,"description":"(Required) Date - Epoch format","key":"Timestamp","value":"1563309156733"},{"disabled":false,"description":"(Required) Randomly generated by client","key":"Client-Request-Id","value":"6NYHj9Pgyxc84rmafpwG4fjhLwFfJYFVmxJOcgziD0QN3q6mGC"},{"disabled":false,"description":"(Required) Institution Number","key":"instituicao","value":"00000009"},{"disabled":false,"description":"(Required) Service Contract Number. Please contact your Fiserv Representative, in case you don't know","key":"codigo-contrato","value":"101"}],"method":"GET","body":{}},"status":"Forbidden","code":403,"header":[{"key":"Content-Type","value":"application/json"}],"body":"{\n  \"codigoRetorno\": 3,\n  \"mensagem\": \"3 - Acesso negado (meaning Access Denied)\"\n}","cookie":[],"_postman_previewlanguage":"json"},{"id":"04c27b4f-269c-4c1b-a32c-5558624fd0c5","name":"Not Found","originalRequest":{"url":{"path":["bwa","consulta-estabelecimento-socio","v1","consulta",":documento"],"host":["{{baseUrl}}"],"query":[],"variable":[{"disabled":false,"type":"any","value":"11332242567","key":"documento","description":"(Required) Partner Document Number (CPF)"}]},"header":[{"disabled":false,"description":"(Required) HMAC","key":"Message-Signature","value":"1tsmkG9Ip3k2rcO5cETButfP3D/RS6U8troFF+mUrno="},{"disabled":false,"description":"(Required) APigee Key","key":"Api-Key","value":"X0GW3QGOYFn4r7DHcVC8KuatUnNs6MGB"},{"disabled":false,"description":"(Required) Oauth Key","key":"auth","value":""},{"disabled":false,"description":"(Required) Date - Epoch format","key":"Timestamp","value":"1563309156733"},{"disabled":false,"description":"(Required) Randomly generated by client","key":"Client-Request-Id","value":"6NYHj9Pgyxc84rmafpwG4fjhLwFfJYFVmxJOcgziD0QN3q6mGC"},{"disabled":false,"description":"(Required) Institution Number","key":"instituicao","value":"00000009"},{"disabled":false,"description":"(Required) Service Contract Number. Please contact your Fiserv Representative, in case you don't know","key":"codigo-contrato","value":"101"}],"method":"GET","body":{}},"status":"Not Found","code":404,"header":[{"key":"Content-Type","value":"application/json"}],"body":"{\n  \"codigoRetorno\": {},\n  \"mensagem\": \"Item nao encontrado (meaning Item not found)\"\n}","cookie":[],"_postman_previewlanguage":"json"},{"id":"ab7a863f-e0ba-4cd9-b9ba-50052ad527b2","name":"Conflict","originalRequest":{"url":{"path":["bwa","consulta-estabelecimento-socio","v1","consulta",":documento"],"host":["{{baseUrl}}"],"query":[],"variable":[{"disabled":false,"type":"any","value":"11332242567","key":"documento","description":"(Required) Partner Document Number (CPF)"}]},"header":[{"disabled":false,"description":"(Required) HMAC","key":"Message-Signature","value":"1tsmkG9Ip3k2rcO5cETButfP3D/RS6U8troFF+mUrno="},{"disabled":false,"description":"(Required) APigee Key","key":"Api-Key","value":"X0GW3QGOYFn4r7DHcVC8KuatUnNs6MGB"},{"disabled":false,"description":"(Required) Oauth Key","key":"auth","value":""},{"disabled":false,"description":"(Required) Date - Epoch format","key":"Timestamp","value":"1563309156733"},{"disabled":false,"description":"(Required) Randomly generated by client","key":"Client-Request-Id","value":"6NYHj9Pgyxc84rmafpwG4fjhLwFfJYFVmxJOcgziD0QN3q6mGC"},{"disabled":false,"description":"(Required) Institution Number","key":"instituicao","value":"00000009"},{"disabled":false,"description":"(Required) Service Contract Number. Please contact your Fiserv Representative, in case you don't know","key":"codigo-contrato","value":"101"}],"method":"GET","body":{}},"status":"Conflict","code":409,"header":[{"key":"Content-Type","value":"application/json"}],"body":"{\n  \"codigoRetorno\": {},\n  \"mensagem\": \"Item duplicado (meaning Duplicated Item)\"\n}","cookie":[],"_postman_previewlanguage":"json"},{"id":"fc27a8c1-e0cb-4888-a94d-a292cdf02a52","name":"Internal Server Error","originalRequest":{"url":{"path":["bwa","consulta-estabelecimento-socio","v1","consulta",":documento"],"host":["{{baseUrl}}"],"query":[],"variable":[{"disabled":false,"type":"any","value":"11332242567","key":"documento","description":"(Required) Partner Document Number (CPF)"}]},"header":[{"disabled":false,"description":"(Required) HMAC","key":"Message-Signature","value":"1tsmkG9Ip3k2rcO5cETButfP3D/RS6U8troFF+mUrno="},{"disabled":false,"description":"(Required) APigee Key","key":"Api-Key","value":"X0GW3QGOYFn4r7DHcVC8KuatUnNs6MGB"},{"disabled":false,"description":"(Required) Oauth Key","key":"auth","value":""},{"disabled":false,"description":"(Required) Date - Epoch format","key":"Timestamp","value":"1563309156733"},{"disabled":false,"description":"(Required) Randomly generated by client","key":"Client-Request-Id","value":"6NYHj9Pgyxc84rmafpwG4fjhLwFfJYFVmxJOcgziD0QN3q6mGC"},{"disabled":false,"description":"(Required) Institution Number","key":"instituicao","value":"00000009"},{"disabled":false,"description":"(Required) Service Contract Number. Please contact your Fiserv Representative, in case you don't know","key":"codigo-contrato","value":"101"}],"method":"GET","body":{}},"status":"Internal Server Error","code":500,"header":[{"key":"Content-Type","value":"application/json"}],"body":"{\n  \"codigoRetorno\": 2,\n  \"mensagem\": \"2 - Erro Interno (meaning Internal Error)\"\n}","cookie":[],"_postman_previewlanguage":"json"}],"event":[],"protocolProfileBehavior":{"disableBodyPruning":true}}],"event":[],"variable":[{"type":"string","value":"https://cat.api.firstdata.com","key":"baseUrl"}],"info":{"_postman_id":"b6f209a8-a7d6-48e2-8b01-9ced45c4248d","name":"Search for Merchant Information by Partner Tax ID","schema":"https://schema.getpostman.com/json/collection/v2.1.0/collection.json","description":{"content":"Search for Merchant Information by Partner Tax ID\n\nContact Support:\n Name: First Data","type":"text/plain"}}}