{"item":[{"id":"fcb04984-635a-4345-9ef8-ecbc2bba9962","name":"Search Zipcode or City (Brazil)","description":{"content":"Search Zipcode or City (Brazil)","type":"text/plain"},"item":[{"id":"fa9ecbf1-0a78-4ae1-a959-5e165722fc33","name":"Search ZIPCODE (Brazil)","request":{"name":"Search ZIPCODE (Brazil)","description":{"content":"Search ZIPCODE (Brazil)","type":"text/plain"},"url":{"path":["bwa","cep-service","cep",":cep"],"host":["{{baseUrl}}"],"query":[],"variable":[{"disabled":false,"type":"any","value":"05056000","key":"cep","description":"(Required) ZIPCODE to be searched"}]},"header":[{"disabled":false,"description":"(Required) HMAC","key":"Message-Signature","value":"1tsmkG9Ip3k2rcO5cETButfP3D/RS6U8troFF+mUrno="},{"disabled":false,"description":"(Required) APigee Key","key":"Api-Key","value":"X0GW3QGOYFn4r7DHcVC8KuatUnNs6MGB"},{"disabled":false,"description":"(Required) Oauth Key","key":"auth","value":""},{"disabled":false,"description":"(Required) Date - Epoch Format","key":"Timestamp","value":"1563309156733"},{"disabled":false,"description":"(Required) Randomly generated by client","key":"Client-Request-Id","value":"6NYHj9Pgyxc84rmafpwG4fjhLwFfJYFVmxJOcgziD0QN3q6mGC"},{"key":"Accept","value":"application/json"}],"method":"GET","auth":null},"response":[{"id":"8b7d972f-0648-41b0-b198-69b1ee63c9fd","name":"Successfully Done","originalRequest":{"url":{"path":["bwa","cep-service","cep",":cep"],"host":["{{baseUrl}}"],"query":[],"variable":[{"disabled":false,"type":"any","value":"05056000","key":"cep","description":"(Required) ZIPCODE to be searched"}]},"header":[{"disabled":false,"description":"(Required) HMAC","key":"Message-Signature","value":"1tsmkG9Ip3k2rcO5cETButfP3D/RS6U8troFF+mUrno="},{"disabled":false,"description":"(Required) APigee Key","key":"Api-Key","value":"X0GW3QGOYFn4r7DHcVC8KuatUnNs6MGB"},{"disabled":false,"description":"(Required) Oauth Key","key":"auth","value":""},{"disabled":false,"description":"(Required) Date - Epoch Format","key":"Timestamp","value":"1563309156733"},{"disabled":false,"description":"(Required) Randomly generated by client","key":"Client-Request-Id","value":"6NYHj9Pgyxc84rmafpwG4fjhLwFfJYFVmxJOcgziD0QN3q6mGC"}],"method":"GET","body":{}},"status":"OK","code":200,"header":[{"key":"Content-Type","value":"application/json"}],"body":"{\n  \"code\": \"00 - Successfully Done\",\n  \"description\": \"00 - Successfully Done\",\n  \"cepResponse\": {\n    \"address\": \"Rua das Acacias\",\n    \"city\": \"Cidade das Acacias\",\n    \"complement\": \"Apartamento 11\",\n    \"genericZipCode\": \"Sim\",\n    \"neighborhood\": \"Vila das Acacias\",\n    \"state\": \"SP\",\n    \"zipCode\": \"05056020\"\n  }\n}","cookie":[],"_postman_previewlanguage":"json"},{"id":"aa8099a5-ddfb-45cb-879c-415c7300bfe1","name":"Token not Provided or Expired","originalRequest":{"url":{"path":["bwa","cep-service","cep",":cep"],"host":["{{baseUrl}}"],"query":[],"variable":[{"disabled":false,"type":"any","value":"05056000","key":"cep","description":"(Required) ZIPCODE to be searched"}]},"header":[{"disabled":false,"description":"(Required) HMAC","key":"Message-Signature","value":"1tsmkG9Ip3k2rcO5cETButfP3D/RS6U8troFF+mUrno="},{"disabled":false,"description":"(Required) APigee Key","key":"Api-Key","value":"X0GW3QGOYFn4r7DHcVC8KuatUnNs6MGB"},{"disabled":false,"description":"(Required) Oauth Key","key":"auth","value":""},{"disabled":false,"description":"(Required) Date - Epoch Format","key":"Timestamp","value":"1563309156733"},{"disabled":false,"description":"(Required) Randomly generated by client","key":"Client-Request-Id","value":"6NYHj9Pgyxc84rmafpwG4fjhLwFfJYFVmxJOcgziD0QN3q6mGC"}],"method":"GET","body":{}},"status":"Unauthorized","code":401,"header":[{"key":"Content-Type","value":"application/json"}],"body":"{\n  \"code\": \"00 - Successfully Done\",\n  \"description\": \"00 - Successfully Done\",\n  \"cepResponse\": {\n    \"address\": \"Rua das Acacias\",\n    \"city\": \"Cidade das Acacias\",\n    \"complement\": \"Apartamento 11\",\n    \"genericZipCode\": \"Sim\",\n    \"neighborhood\": \"Vila das Acacias\",\n    \"state\": \"SP\",\n    \"zipCode\": \"05056020\"\n  }\n}","cookie":[],"_postman_previewlanguage":"json"}],"event":[],"protocolProfileBehavior":{"disableBodyPruning":true}},{"id":"4a222304-f21b-4306-b836-b570e364057d","name":"Search for City Name","request":{"name":"Search for City Name","description":{"content":"Search for City Name","type":"text/plain"},"url":{"path":["bwa","cep-service","cidade",":city"],"host":["{{baseUrl}}"],"query":[],"variable":[{"disabled":false,"type":"any","value":"Sao Paulo","key":"city","description":"(Required) City Name to be Searched"}]},"header":[{"disabled":false,"description":"(Required) HMAC","key":"Message-Signature","value":"1tsmkG9Ip3k2rcO5cETButfP3D/RS6U8troFF+mUrno="},{"disabled":false,"description":"(Required) APigee Key","key":"Api-Key","value":"X0GW3QGOYFn4r7DHcVC8KuatUnNs6MGB"},{"disabled":false,"description":"(Required) Oauth Key","key":"auth","value":""},{"disabled":false,"description":"(Required) Date - Epoch Format","key":"Timestamp","value":"1563309156733"},{"disabled":false,"description":"(Required) Randomly generated by client","key":"Client-Request-Id","value":"6NYHj9Pgyxc84rmafpwG4fjhLwFfJYFVmxJOcgziD0QN3q6mGC"},{"key":"Accept","value":"application/json"}],"method":"GET","auth":null},"response":[{"id":"8710eb04-1e92-4023-81b6-a3cf97bbe028","name":"Successfully Done","originalRequest":{"url":{"path":["bwa","cep-service","cidade",":city"],"host":["{{baseUrl}}"],"query":[],"variable":[{"disabled":false,"type":"any","value":"Sao Paulo","key":"city","description":"(Required) City Name to be Searched"}]},"header":[{"disabled":false,"description":"(Required) HMAC","key":"Message-Signature","value":"1tsmkG9Ip3k2rcO5cETButfP3D/RS6U8troFF+mUrno="},{"disabled":false,"description":"(Required) APigee Key","key":"Api-Key","value":"X0GW3QGOYFn4r7DHcVC8KuatUnNs6MGB"},{"disabled":false,"description":"(Required) Oauth Key","key":"auth","value":""},{"disabled":false,"description":"(Required) Date - Epoch Format","key":"Timestamp","value":"1563309156733"},{"disabled":false,"description":"(Required) Randomly generated by client","key":"Client-Request-Id","value":"6NYHj9Pgyxc84rmafpwG4fjhLwFfJYFVmxJOcgziD0QN3q6mGC"}],"method":"GET","body":{}},"status":"OK","code":200,"header":[{"key":"Content-Type","value":"application/json"}],"body":"{\n  \"code\": \"00 - Successfully Done\",\n  \"description\": \"00 - Successfully Done\",\n  \"cepResponse\": {\n    \"state\": \"SP\",\n    \"city\": \"São Paulo\"\n  }\n}","cookie":[],"_postman_previewlanguage":"json"},{"id":"3c5f83c1-b64d-4048-bbe3-e12a1a1df46b","name":"Token not Provided or Expired","originalRequest":{"url":{"path":["bwa","cep-service","cidade",":city"],"host":["{{baseUrl}}"],"query":[],"variable":[{"disabled":false,"type":"any","value":"Sao Paulo","key":"city","description":"(Required) City Name to be Searched"}]},"header":[{"disabled":false,"description":"(Required) HMAC","key":"Message-Signature","value":"1tsmkG9Ip3k2rcO5cETButfP3D/RS6U8troFF+mUrno="},{"disabled":false,"description":"(Required) APigee Key","key":"Api-Key","value":"X0GW3QGOYFn4r7DHcVC8KuatUnNs6MGB"},{"disabled":false,"description":"(Required) Oauth Key","key":"auth","value":""},{"disabled":false,"description":"(Required) Date - Epoch Format","key":"Timestamp","value":"1563309156733"},{"disabled":false,"description":"(Required) Randomly generated by client","key":"Client-Request-Id","value":"6NYHj9Pgyxc84rmafpwG4fjhLwFfJYFVmxJOcgziD0QN3q6mGC"}],"method":"GET","body":{}},"status":"Unauthorized","code":401,"header":[{"key":"Content-Type","value":"application/json"}],"body":"{\n  \"code\": \"00 - Successfully Done\",\n  \"description\": \"00 - Successfully Done\",\n  \"cepResponse\": {\n    \"state\": \"SP\",\n    \"city\": \"São Paulo\"\n  }\n}","cookie":[],"_postman_previewlanguage":"json"}],"event":[],"protocolProfileBehavior":{"disableBodyPruning":true}}],"event":[]}],"event":[],"variable":[{"type":"string","value":"https://cat.api.firstdata.com","key":"baseUrl"}],"info":{"_postman_id":"a05adc5a-c2f9-4a6e-8037-5aaed75837a2","name":"Search for ZIPCODE and Citi (Brazil)","schema":"https://schema.getpostman.com/json/collection/v2.1.0/collection.json","description":{"content":"Search for ZIPCODE and Citi (Brazil)","type":"text/plain"}}}