{"item":[{"id":"b9c7e894-a832-4a22-a183-89c5520ef2b0","name":"Add Transfer","description":{"content":"","type":"text/plain"},"item":[{"id":"d9b6f57c-d29b-4c92-80b2-85543f46b8ef","name":"Add Transfer","request":{"name":"Add Transfer","description":{"content":"Adds a one-time or recurrence transfer of funds instruction. The details of FROM and TO accounts, transfer amount, transfer fees and frequency of transfer are required to be provided.<br>\n        <br>\n        For more information about the Transfers domain, <a href=\"../docs/?path=docs/fintechs/transfers.md\" title=\"Click to open\">click here.</a> <br><br>\n        <b>Relates to:</b>\n          <ul> \n            <li><a href=\"../docs/?path=docs/banks-and-CU/deposits.md\" title=\"Click to open\">Deposits</a></li>\n            <li><a href=\"../docs/?path=docs/banks-and-CU/loans.md\" title=\"Click to open\">Loans</a></li>\n            <li><a href=\"../docs/?path=docs/banks-and-CU/bank-servicing.md\" title=\"Click to open\">Bank Servicing</a></li>\n            <li><a href=\"../docs/?path=docs/banks-and-CU/cash-mgt.md\" title=\"Click to open\">Cash Management</a></li>\n            <li><a href=\"../docs/?path=docs/banks-and-CU/treasury-services.md\" title=\"Click to open\">Treasury Services</a></li>\n          </ul>","type":"text/plain"},"url":{"path":["xferservice","payments","transfers"],"host":["{{baseUrl}}"],"query":[],"variable":[]},"header":[{"disabled":false,"description":"(Required) EFX Header is a common and required component for all API calls, it contains client-related parameters. Please note that the header parameters should be sent as a JSON object under the EFXHeader parameter. To view the list of header parameters, <a href=\"../docs?path=docs/api-ref-EFX-header.md\" title=\"Click to open\"> click here.</a>","key":"EFXHeader","value":"OrganizationId,dolore aliquip,TrnId,consequat Duis proident do,VendorId,veniam et ex in ea,Context,[object Object]"},{"key":"Content-Type","value":"application/json"},{"key":"Accept","value":"application/json"}],"method":"POST","auth":null,"body":{"mode":"raw","raw":"{\n  \"XferInfo\": {\n    \"TransferType\": \"InterestPayment\",\n    \"FromAcctRef\": {\n      \"TrnCode\": \"eiusmod consequat dolore sed adipisicing\"\n    },\n    \"ToAcctRef\": {\n      \"AcctKeys\": {\n        \"AcctId\": \"id v\",\n        \"AcctType\": \"DDA\"\n      },\n      \"TrnCode\": \"non labore consectetur\"\n    },\n    \"CurAmt\": {\n      \"Amt\": 11268185.08225301,\n      \"CurCode\": {\n        \"CurCodeValue\": \"cupidatat\",\n        \"CurCodeType\": \"ipsum culpa \"\n      }\n    },\n    \"CompositeCurAmt\": [\n      {\n        \"CurAmt\": {\n          \"Amt\": -71618392.15334745,\n          \"CurCode\": {\n            \"value\": \"<Error: Too many levels of nesting to fake this schema>\"\n          }\n        },\n        \"CompositeCurAmtType\": \"TransactionFee\"\n      },\n      {\n        \"CurAmt\": {\n          \"Amt\": 6260051.117713466,\n          \"CurCode\": {\n            \"value\": \"<Error: Too many levels of nesting to fake this schema>\"\n          }\n        },\n        \"CompositeCurAmtType\": \"TransactionFee\"\n      }\n    ],\n    \"ExpediteInd\": false\n  }\n}","options":{"raw":{"language":"json"}}}},"response":[{"id":"9e3f2932-da39-4c1f-8757-be523521ac98","name":"Created","originalRequest":{"url":{"path":["xferservice","payments","transfers"],"host":["{{baseUrl}}"],"query":[],"variable":[]},"header":[{"disabled":false,"description":"(Required) EFX Header is a common and required component for all API calls, it contains client-related parameters. Please note that the header parameters should be sent as a JSON object under the EFXHeader parameter. To view the list of header parameters, <a href=\"../docs?path=docs/api-ref-EFX-header.md\" title=\"Click to open\"> click here.</a>","key":"EFXHeader","value":"OrganizationId,<string>,TrnId,<string>,VendorId,<string>,Context,[object Object]"}],"method":"POST","body":{"mode":"raw","raw":"{\n  \"XferInfo\": {\n    \"TransferType\": \"RegularPayment\",\n    \"FromAcctRef\": {\n      \"TrnCode\": \"labore est proident sint\"\n    },\n    \"ToAcctRef\": {\n      \"AcctKeys\": {\n        \"AcctId\": \"proident nisi consequat\",\n        \"AcctType\": \"LOAN\"\n      },\n      \"TrnCode\": \"minim aliqua ullamco est\"\n    },\n    \"CurAmt\": {\n      \"Amt\": 57905440.06657162,\n      \"CurCode\": {\n        \"CurCodeValue\": \"in fugiat\",\n        \"CurCodeType\": \"ut consequat aliquip\"\n      }\n    },\n    \"CompositeCurAmt\": [\n      {\n        \"CurAmt\": {\n          \"Amt\": 89201623.35165074,\n          \"CurCode\": {\n            \"value\": \"<Error: Too many levels of nesting to fake this schema>\"\n          }\n        },\n        \"CompositeCurAmtType\": \"TransactionFee\"\n      },\n      {\n        \"CurAmt\": {\n          \"Amt\": 54055270.63613492,\n          \"CurCode\": {\n            \"value\": \"<Error: Too many levels of nesting to fake this schema>\"\n          }\n        },\n        \"CompositeCurAmtType\": \"TransactionFee\"\n      }\n    ],\n    \"ExpediteInd\": false\n  }\n}","options":{"raw":{"language":"json"}}}},"status":"Created","code":201,"header":[{"key":"Content-Type","value":"application/json"}],"body":"{\n  \"XferStatusRec\": {\n    \"XferKeys\": {\n      \"AcctKeys\": {\n        \"AcctId\": \"qui ad\",\n        \"AcctType\": \"irure dolore quis ipsum\"\n      }\n    },\n    \"XferStatus\": {\n      \"XferStatusCode\": \"Valid\",\n      \"EffDt\": \"3370-41-03T72:34:74+19:04\"\n    }\n  },\n  \"Status\": {\n    \"Severity\": \"Warning\",\n    \"StatusCode\": \"labor\",\n    \"StatusDesc\": \"magna dolor incididunt\",\n    \"SvcProviderName\": \"commodo sint\",\n    \"Id\": \"sit aute\",\n    \"ServerStatusCode\": \"minim\",\n    \"ServerStatusDesc\": \"id cillum aute non\",\n    \"OvrdExceptionInd\": true,\n    \"SubjectRole\": \"irure in nostrud in\",\n    \"SubjectElement\": [\n      {\n        \"Path\": \"Lorem occaecat proident\",\n        \"ServerPath\": \"Duis Ut\",\n        \"Value\": \"consequat nostrud ex\"\n      },\n      {\n        \"Path\": \"minim mollit ullamco\",\n        \"ServerPath\": \"cillum Duis minim\",\n        \"Value\": \"ea ex veniam qui sit\"\n      }\n    ],\n    \"ContentHTML\": \"in\",\n    \"AdditionalStatus\": [\n      {\n        \"StatusCode\": \"volupt\",\n        \"StatusDesc\": \"nostrud\",\n        \"Severity\": \"Info\",\n        \"SvcProviderName\": \"fugiat labore exercitation voluptate culpa\",\n        \"ServerStatusCode\": \"eli\",\n        \"ServerStatusDesc\": \"irure\",\n        \"OvrdExceptionInd\": false,\n        \"SubjectElement\": [\n          {\n            \"Path\": {\n              \"value\": \"<Error: Too many levels of nesting to fake this schema>\"\n            },\n            \"ServerPath\": {\n              \"value\": \"<Error: Too many levels of nesting to fake this schema>\"\n            },\n            \"Value\": {\n              \"value\": \"<Error: Too many levels of nesting to fake this schema>\"\n            }\n          },\n          {\n            \"Path\": {\n              \"value\": \"<Error: Too many levels of nesting to fake this schema>\"\n            },\n            \"ServerPath\": {\n              \"value\": \"<Error: Too many levels of nesting to fake this schema>\"\n            },\n            \"Value\": {\n              \"value\": \"<Error: Too many levels of nesting to fake this schema>\"\n            }\n          }\n        ]\n      },\n      {\n        \"StatusCode\": \"id \",\n        \"StatusDesc\": \"commodo veniam\",\n        \"Severity\": \"Warning\",\n        \"SvcProviderName\": \"qui culpa in quis dolore\",\n        \"ServerStatusCode\": \"dolore ir\",\n        \"ServerStatusDesc\": \"laboris non in\",\n        \"OvrdExceptionInd\": true,\n        \"SubjectElement\": [\n          {\n            \"Path\": {\n              \"value\": \"<Error: Too many levels of nesting to fake this schema>\"\n            },\n            \"ServerPath\": {\n              \"value\": \"<Error: Too many levels of nesting to fake this schema>\"\n            },\n            \"Value\": {\n              \"value\": \"<Error: Too many levels of nesting to fake this schema>\"\n            }\n          },\n          {\n            \"Path\": {\n              \"value\": \"<Error: Too many levels of nesting to fake this schema>\"\n            },\n            \"ServerPath\": {\n              \"value\": \"<Error: Too many levels of nesting to fake this schema>\"\n            },\n            \"Value\": {\n              \"value\": \"<Error: Too many levels of nesting to fake this schema>\"\n            }\n          }\n        ]\n      }\n    ]\n  }\n}","cookie":[],"_postman_previewlanguage":"json"},{"id":"40345444-0117-45d1-b332-21a5632e6048","name":"To view the complete list of response codes, <a href=\"../docs/?path=docs/response-codes.md\" title=\"Click to open\">click here.</a>","originalRequest":{"url":{"path":["xferservice","payments","transfers"],"host":["{{baseUrl}}"],"query":[],"variable":[]},"header":[{"disabled":false,"description":"(Required) EFX Header is a common and required component for all API calls, it contains client-related parameters. Please note that the header parameters should be sent as a JSON object under the EFXHeader parameter. To view the list of header parameters, <a href=\"../docs?path=docs/api-ref-EFX-header.md\" title=\"Click to open\"> click here.</a>","key":"EFXHeader","value":"OrganizationId,<string>,TrnId,<string>,VendorId,<string>,Context,[object Object]"}],"method":"POST","body":{"mode":"raw","raw":"{\n  \"XferInfo\": {\n    \"TransferType\": \"RegularPayment\",\n    \"FromAcctRef\": {\n      \"TrnCode\": \"labore est proident sint\"\n    },\n    \"ToAcctRef\": {\n      \"AcctKeys\": {\n        \"AcctId\": \"proident nisi consequat\",\n        \"AcctType\": \"LOAN\"\n      },\n      \"TrnCode\": \"minim aliqua ullamco est\"\n    },\n    \"CurAmt\": {\n      \"Amt\": 57905440.06657162,\n      \"CurCode\": {\n        \"CurCodeValue\": \"in fugiat\",\n        \"CurCodeType\": \"ut consequat aliquip\"\n      }\n    },\n    \"CompositeCurAmt\": [\n      {\n        \"CurAmt\": {\n          \"Amt\": 89201623.35165074,\n          \"CurCode\": {\n            \"value\": \"<Error: Too many levels of nesting to fake this schema>\"\n          }\n        },\n        \"CompositeCurAmtType\": \"TransactionFee\"\n      },\n      {\n        \"CurAmt\": {\n          \"Amt\": 54055270.63613492,\n          \"CurCode\": {\n            \"value\": \"<Error: Too many levels of nesting to fake this schema>\"\n          }\n        },\n        \"CompositeCurAmtType\": \"TransactionFee\"\n      }\n    ],\n    \"ExpediteInd\": false\n  }\n}","options":{"raw":{"language":"json"}}}},"status":"Internal Server Error","code":500,"header":[{"key":"Content-Type","value":"application/json"}],"body":"{\n  \"XferStatusRec\": {\n    \"XferKeys\": {\n      \"AcctKeys\": {\n        \"AcctId\": \"anim Duis\",\n        \"AcctType\": \"laboris incididunt\"\n      }\n    },\n    \"XferStatus\": {\n      \"XferStatusCode\": \"Valid\",\n      \"EffDt\": \"6527-34-21T35:70:91.942\"\n    }\n  },\n  \"Status\": {\n    \"Severity\": \"Info\",\n    \"StatusCode\": \"Lorem laborum\",\n    \"StatusDesc\": \"sunt do\",\n    \"SvcProviderName\": \"adipisicing ipsum minim\",\n    \"Id\": \"dolor\",\n    \"ServerStatusCode\": \"cup\",\n    \"ServerStatusDesc\": \"ullamco velit aute irure\",\n    \"OvrdExceptionInd\": true,\n    \"SubjectRole\": \"do ea laboris nulla\",\n    \"SubjectElement\": [\n      {\n        \"Path\": \"sint ullamco\",\n        \"ServerPath\": \"commodo dolore\",\n        \"Value\": \"sunt adipisicing ut dolor\"\n      },\n      {\n        \"Path\": \"culpa sit esse anim dolore\",\n        \"ServerPath\": \"cill\",\n        \"Value\": \"pariatur eu Lorem consectetur\"\n      }\n    ],\n    \"ContentHTML\": \"reprehenderit l\",\n    \"AdditionalStatus\": [\n      {\n        \"StatusCode\": \"su\",\n        \"StatusDesc\": \"eu ipsum aliquip ad\",\n        \"Severity\": \"Warning\",\n        \"SvcProviderName\": \"velit\",\n        \"ServerStatusCode\": \"ex ad tem\",\n        \"ServerStatusDesc\": \"et mollit commodo velit sed\",\n        \"OvrdExceptionInd\": false,\n        \"SubjectElement\": [\n          {\n            \"Path\": {\n              \"value\": \"<Error: Too many levels of nesting to fake this schema>\"\n            },\n            \"ServerPath\": {\n              \"value\": \"<Error: Too many levels of nesting to fake this schema>\"\n            },\n            \"Value\": {\n              \"value\": \"<Error: Too many levels of nesting to fake this schema>\"\n            }\n          },\n          {\n            \"Path\": {\n              \"value\": \"<Error: Too many levels of nesting to fake this schema>\"\n            },\n            \"ServerPath\": {\n              \"value\": \"<Error: Too many levels of nesting to fake this schema>\"\n            },\n            \"Value\": {\n              \"value\": \"<Error: Too many levels of nesting to fake this schema>\"\n            }\n          }\n        ]\n      },\n      {\n        \"StatusCode\": \"anim qui voluptate i\",\n        \"StatusDesc\": \"amet ipsum irure velit veniam\",\n        \"Severity\": \"Error\",\n        \"SvcProviderName\": \"aliqua labore occaec\",\n        \"ServerStatusCode\": \"sed ve\",\n        \"ServerStatusDesc\": \"ad\",\n        \"OvrdExceptionInd\": false,\n        \"SubjectElement\": [\n          {\n            \"Path\": {\n              \"value\": \"<Error: Too many levels of nesting to fake this schema>\"\n            },\n            \"ServerPath\": {\n              \"value\": \"<Error: Too many levels of nesting to fake this schema>\"\n            },\n            \"Value\": {\n              \"value\": \"<Error: Too many levels of nesting to fake this schema>\"\n            }\n          },\n          {\n            \"Path\": {\n              \"value\": \"<Error: Too many levels of nesting to fake this schema>\"\n            },\n            \"ServerPath\": {\n              \"value\": \"<Error: Too many levels of nesting to fake this schema>\"\n            },\n            \"Value\": {\n              \"value\": \"<Error: Too many levels of nesting to fake this schema>\"\n            }\n          }\n        ]\n      }\n    ]\n  }\n}","cookie":[],"_postman_previewlanguage":"json"}],"event":[],"protocolProfileBehavior":{"disableBodyPruning":true}}],"event":[]}],"event":[],"variable":[{"type":"string","value":"/","key":"baseUrl"}],"info":{"_postman_id":"13eb75d5-67ca-49ca-af99-d10ff7dd01ab","name":"Transfer Service","schema":"https://schema.getpostman.com/json/collection/v2.1.0/collection.json","description":{"content":"The Transfer service supports operations related to managing the transfer of money between accounts. The service includes the description of the FROM and TO accounts, amount of the transfer, transfer fees and frequency of the transfer as it can be a one-time transfer or a recurring transfer.","type":"text/plain"}}}