{"item":[{"id":"a5a08c38-f100-483e-b2fb-cb1eb9353b00","name":"collectionsDeceased/v1","item":[{"id":"59b1eb8c-a787-4e04-ab76-1dff7510f799","name":"deceasedCreateWorkflow","request":{"name":"deceasedCreateWorkflow","description":{"content":"Create basic Deceased Workflow Service","type":"text/plain"},"url":{"path":["collectionsDeceased","v1","deceasedCreateWorkflow"],"host":["{{baseUrl}}"],"query":[],"variable":[]},"header":[{"key":"Content-Type","value":"application/json"},{"key":"Accept","value":"application/json"}],"method":"POST","auth":null,"body":{"mode":"raw","raw":"{\n  \"callingApplication\": \"<string>\",\n  \"entryCode\": \"<string>\",\n  \"operatorCode\": \"<string>\",\n  \"common\": {\n    \"user\": \"<string>\",\n    \"agent\": \"<string>\",\n    \"cycle\": \"<string>\",\n    \"clientNumber\": \"<string>\",\n    \"system\": \"<string>\",\n    \"prin\": \"<string>\",\n    \"debug\": \"<boolean>\",\n    \"org\": \"<string>\",\n    \"processor\": \"<boolean>\",\n    \"contentType\": \"<string>\",\n    \"retry\": \"<long>\",\n    \"timeout\": \"<long>\",\n    \"siteId\": \"<string>\",\n    \"externalCustomerId\": \"<string>\",\n    \"accountId\": \"<string>\",\n    \"presentationId\": \"<string>\"\n  },\n  \"settlementAmount\": \"<string>\",\n  \"settlementDate\": \"<string>\",\n  \"settlementPaymentMethod\": \"<string>\",\n  \"deceasedInformation\": {\n    \"deceasedPartyName\": \"<string>\",\n    \"insuranceIndicator\": \"<string>\",\n    \"primaryCustomerName\": \"<string>\",\n    \"secondaryName\": \"<string>\",\n    \"deceasedPrimaryInformation\": {\n      \"deceasedDatePrimary\": \"<string>\",\n      \"deceasedDateNoticeReceivedPrimary\": \"<string>\",\n      \"deceasedContactPrimary\": \"<string>\",\n      \"deceasedContactNamePrimary\": \"<string>\",\n      \"deceasedContactRelationshipPrimary\": \"<string>\",\n      \"deceasedContactAddressPrimary\": \"<string>\",\n      \"deceasedContactPhoneNumberPrimary\": \"<string>\",\n      \"deceasedCityPrimary\": \"<string>\",\n      \"deceasedFaxPrimary\": \"<string>\",\n      \"deceasedContactStatePrimary\": \"<string>\",\n      \"deceasedStatePrimary\": \"<string>\",\n      \"deceasedZipPrimary\": \"<string>\",\n      \"deceasedCountyPrimary\": \"<string>\"\n    },\n    \"deceasedSecondaryInformation\": {\n      \"deceasedDateSecondary\": \"<string>\",\n      \"deceasedDateNoticeReceivedSecondary\": \"<string>\",\n      \"deceasedContactSecondary\": \"<string>\",\n      \"deceasedContactNameSecondary\": \"<string>\",\n      \"deceasedContactRelationshipSecondary\": \"<string>\",\n      \"deceasedContactAddressSecondary\": \"<string>\",\n      \"deceasedContactPhoneNumberSecondary\": \"<string>\",\n      \"deceasedCitySecondary\": \"<string>\",\n      \"deceasedFaxSecondary\": \"<string>\",\n      \"deceasedContactStateSecondary\": \"<string>\",\n      \"deceasedStateSecondary\": \"<string>\",\n      \"deceasedZipSecondary\": \"<string>\",\n      \"deceasedCountySecondary\": \"<string>\"\n    },\n    \"deceasedConfirmation\": \"<string>\"\n  }\n}","options":{"raw":{"language":"json"}}}},"response":[{"id":"fa7b9190-30bd-401d-adb3-98b9932f77e5","name":"successful operation","originalRequest":{"url":{"path":["collectionsDeceased","v1","deceasedCreateWorkflow"],"host":["{{baseUrl}}"],"query":[],"variable":[]},"header":[{"key":"Accept","value":"application/json"}],"method":"POST","body":{"mode":"raw","raw":"{\n  \"callingApplication\": \"strin\",\n  \"entryCode\": \"ND\",\n  \"operatorCode\": \"str\",\n  \"common\": {\n    \"user\": \"<string>\",\n    \"agent\": \"4000\",\n    \"cycle\": \"T\",\n    \"clientNumber\": \"1000\",\n    \"system\": \"2000\",\n    \"prin\": \"3000\",\n    \"debug\": \"<boolean>\",\n    \"org\": \"<string>\",\n    \"processor\": \"<boolean>\",\n    \"contentType\": \"<string>\",\n    \"retry\": 0,\n    \"timeout\": 45000,\n    \"siteId\": \"4201\",\n    \"externalCustomerId\": \"<string>\",\n    \"accountId\": \"8888888888888888\",\n    \"presentationId\": \"<string>\"\n  },\n  \"settlementAmount\": \"100000\",\n  \"settlementDate\": \"<string>\",\n  \"settlementPaymentMethod\": \"<string>\",\n  \"deceasedInformation\": {\n    \"deceasedPartyName\": \"PRIMARY\",\n    \"insuranceIndicator\": \"<string>\",\n    \"primaryCustomerName\": \"<string>\",\n    \"secondaryName\": \"<string>\",\n    \"deceasedPrimaryInformation\": {\n      \"deceasedDatePrimary\": \"<string>\",\n      \"deceasedDateNoticeReceivedPrimary\": \"<string>\",\n      \"deceasedContactPrimary\": \"<string>\",\n      \"deceasedContactNamePrimary\": \"<string>\",\n      \"deceasedContactRelationshipPrimary\": \"<string>\",\n      \"deceasedContactAddressPrimary\": \"<string>\",\n      \"deceasedContactPhoneNumberPrimary\": \"<string>\",\n      \"deceasedCityPrimary\": \"<string>\",\n      \"deceasedFaxPrimary\": \"<string>\",\n      \"deceasedContactStatePrimary\": \"st\",\n      \"deceasedStatePrimary\": \"st\",\n      \"deceasedZipPrimary\": \"<string>\",\n      \"deceasedCountyPrimary\": \"<string>\"\n    },\n    \"deceasedSecondaryInformation\": {\n      \"deceasedDateSecondary\": \"<string>\",\n      \"deceasedDateNoticeReceivedSecondary\": \"<string>\",\n      \"deceasedContactSecondary\": \"<string>\",\n      \"deceasedContactNameSecondary\": \"<string>\",\n      \"deceasedContactRelationshipSecondary\": \"<string>\",\n      \"deceasedContactAddressSecondary\": \"<string>\",\n      \"deceasedContactPhoneNumberSecondary\": \"<string>\",\n      \"deceasedCitySecondary\": \"<string>\",\n      \"deceasedFaxSecondary\": \"<string>\",\n      \"deceasedContactStateSecondary\": \"st\",\n      \"deceasedStateSecondary\": \"st\",\n      \"deceasedZipSecondary\": \"<string>\",\n      \"deceasedCountySecondary\": \"<string>\"\n    },\n    \"deceasedConfirmation\": \"<string>\"\n  }\n}","options":{"raw":{"language":"json"}}}},"status":"OK","code":200,"header":[{"key":"Content-Type","value":"application/json"}],"body":"{\n  \"processorInfo\": {\n    \"system\": \"nulla labore tempor cillum\",\n    \"cycle\": \"Duis\",\n    \"tor\": \"est cupidatat occaecat voluptate\",\n    \"mode\": \"officia eu aliquip quis\"\n  },\n  \"messages\": [\n    {\n      \"statusMessage\": \"eiusmod esse\",\n      \"statusCode\": \"ad in do\",\n      \"status\": \"in magna\"\n    },\n    {\n      \"statusMessage\": \"sint ea ipsum\",\n      \"statusCode\": \"esse tempor ullamco et\",\n      \"status\": \"consectetur deserunt\"\n    }\n  ],\n  \"caseId\": \"veniam ad\"\n}","cookie":[],"_postman_previewlanguage":"json"}],"event":[],"protocolProfileBehavior":{"disableBodyPruning":true}},{"id":"ff17aa9a-8561-4908-9dda-952d6a9a4134","name":"Execute Deceased Task Flow","request":{"name":"Execute Deceased Task Flow","description":{"content":"Execute Deceased Task Flow","type":"text/plain"},"url":{"path":["collectionsDeceased","v1","deceasedExecuteTaskFlow"],"host":["{{baseUrl}}"],"query":[],"variable":[]},"header":[{"key":"Content-Type","value":"application/json"},{"key":"Accept","value":"application/json"}],"method":"POST","auth":null,"body":{"mode":"raw","raw":"{\n  \"caseId\": \"<string>\",\n  \"common\": {\n    \"user\": \"<string>\",\n    \"agent\": \"<string>\",\n    \"cycle\": \"<string>\",\n    \"clientNumber\": \"<string>\",\n    \"system\": \"<string>\",\n    \"prin\": \"<string>\",\n    \"debug\": \"<boolean>\",\n    \"org\": \"<string>\",\n    \"processor\": \"<boolean>\",\n    \"contentType\": \"<string>\",\n    \"retry\": \"<long>\",\n    \"timeout\": \"<long>\",\n    \"siteId\": \"<string>\"\n  },\n  \"count\": \"<integer>\",\n  \"callingApplication\": \"<string>\",\n  \"retry\": \"<boolean>\",\n  \"requestType\": \"<string>\",\n  \"requestSecureStorageId\": \"<string>\",\n  \"processUsingData\": \"<object>\"\n}","options":{"raw":{"language":"json"}}}},"response":[{"id":"b8d1c280-b402-4d5d-9b82-ee210630c35e","name":"successful operation","originalRequest":{"url":{"path":["collectionsDeceased","v1","deceasedExecuteTaskFlow"],"host":["{{baseUrl}}"],"query":[],"variable":[]},"header":[{"key":"Accept","value":"application/json"}],"method":"POST","body":{"mode":"raw","raw":"{\n  \"caseId\": \"<string>\",\n  \"common\": {\n    \"user\": \"<string>\",\n    \"agent\": \"4000\",\n    \"cycle\": \"T\",\n    \"clientNumber\": \"1000\",\n    \"system\": \"2000\",\n    \"prin\": \"3000\",\n    \"debug\": \"<boolean>\",\n    \"org\": \"<string>\",\n    \"processor\": \"<boolean>\",\n    \"contentType\": \"<string>\",\n    \"retry\": 0,\n    \"timeout\": 45000,\n    \"siteId\": \"4201\"\n  },\n  \"count\": 0,\n  \"callingApplication\": \"<string>\",\n  \"retry\": \"<boolean>\",\n  \"requestType\": \"<string>\",\n  \"requestSecureStorageId\": \"<string>\",\n  \"processUsingData\": {}\n}","options":{"raw":{"language":"json"}}}},"status":"OK","code":200,"header":[{"key":"Content-Type","value":"application/json"}],"body":"{\n  \"common\": {\n    \"user\": \"<string>\",\n    \"agent\": \"4000\",\n    \"cycle\": \"T\",\n    \"clientNumber\": \"1000\",\n    \"system\": \"2000\",\n    \"prin\": \"3000\",\n    \"debug\": \"<boolean>\",\n    \"org\": \"<string>\",\n    \"processor\": \"<boolean>\",\n    \"contentType\": \"<string>\",\n    \"retry\": 0,\n    \"timeout\": 45000,\n    \"siteId\": \"4201\"\n  },\n  \"errors\": [\n    {\n      \"httpStatus\": \"ex esse amet nisi\",\n      \"requestId\": \"ut exercitation Lorem\",\n      \"message\": \"ullamco minim sit pariatur\",\n      \"fieldName\": \"laborum non\",\n      \"recoverable\": true,\n      \"code\": \"qui enim anim\",\n      \"error\": \"consectetur aute labore\"\n    },\n    {\n      \"httpStatus\": \"sunt tempor Ut ad\",\n      \"requestId\": \"aute ut\",\n      \"message\": \"fugiat com\",\n      \"fieldName\": \"nostrud reprehenderit velit tempor\",\n      \"recoverable\": true,\n      \"code\": \"Lorem labore cillum\",\n      \"error\": \"minim sed\"\n    }\n  ],\n  \"responseStatus\": \"sint\",\n  \"shouldRetry\": false\n}","cookie":[],"_postman_previewlanguage":"json"}],"event":[],"protocolProfileBehavior":{"disableBodyPruning":true}},{"id":"63467714-48d3-48ff-a45c-2bc22686c350","name":"Get Deceased Information","request":{"name":"Get Deceased Information","description":{"content":"","type":"text/plain"},"url":{"path":["collectionsDeceased","v1","deceasedInformation"],"host":["{{baseUrl}}"],"query":[],"variable":[]},"header":[{"key":"Content-Type","value":"application/json"},{"key":"Accept","value":"application/json"}],"method":"POST","auth":null,"body":{"mode":"raw","raw":"{\n  \"callingApplication\": \"<string>\",\n  \"caseId\": \"<string>\",\n  \"common\": {\n    \"user\": \"<string>\",\n    \"agent\": \"<string>\",\n    \"cycle\": \"<string>\",\n    \"clientNumber\": \"<string>\",\n    \"system\": \"<string>\",\n    \"prin\": \"<string>\",\n    \"debug\": \"<boolean>\",\n    \"org\": \"<string>\",\n    \"processor\": \"<boolean>\",\n    \"contentType\": \"<string>\",\n    \"retry\": \"<long>\",\n    \"timeout\": \"<long>\",\n    \"siteId\": \"<string>\",\n    \"externalCustomerId\": \"<string>\",\n    \"accountId\": \"<string>\",\n    \"presentationId\": \"<string>\"\n  }\n}","options":{"raw":{"language":"json"}}}},"response":[{"id":"09d3e149-8167-4be1-be6e-ab9eb77969c6","name":"successful operation","originalRequest":{"url":{"path":["collectionsDeceased","v1","deceasedInformation"],"host":["{{baseUrl}}"],"query":[],"variable":[]},"header":[{"key":"Accept","value":"application/json"}],"method":"POST","body":{"mode":"raw","raw":"{\n  \"callingApplication\": \"strin\",\n  \"caseId\": \"<string>\",\n  \"common\": {\n    \"user\": \"<string>\",\n    \"agent\": \"4000\",\n    \"cycle\": \"T\",\n    \"clientNumber\": \"1000\",\n    \"system\": \"2000\",\n    \"prin\": \"3000\",\n    \"debug\": \"<boolean>\",\n    \"org\": \"<string>\",\n    \"processor\": \"<boolean>\",\n    \"contentType\": \"<string>\",\n    \"retry\": 0,\n    \"timeout\": 45000,\n    \"siteId\": \"4201\",\n    \"externalCustomerId\": \"<string>\",\n    \"accountId\": \"8888888888888888\",\n    \"presentationId\": \"<string>\"\n  }\n}","options":{"raw":{"language":"json"}}}},"status":"OK","code":200,"header":[{"key":"Content-Type","value":"application/json"}],"body":"{\n  \"processorInfo\": {\n    \"system\": \"in cupidatat\",\n    \"cycle\": \"Ut ad ipsum\",\n    \"tor\": \"qui cillum\",\n    \"mode\": \"eiusmod minim culpa deserunt\"\n  },\n  \"statusMessage\": \"non laborum\",\n  \"statusCode\": \"Excepteur nostrud consequat enim\",\n  \"deceasedInformation\": {\n    \"deceasedPartyName\": \"PRIMARY\",\n    \"insuranceIndicator\": \"<string>\",\n    \"primaryCustomerName\": \"<string>\",\n    \"secondaryName\": \"<string>\",\n    \"deceasedPrimaryInformation\": {\n      \"deceasedDatePrimary\": \"<string>\",\n      \"deceasedDateNoticeReceivedPrimary\": \"<string>\",\n      \"deceasedContactPrimary\": \"<string>\",\n      \"deceasedContactNamePrimary\": \"<string>\",\n      \"deceasedContactRelationshipPrimary\": \"<string>\",\n      \"deceasedContactAddressPrimary\": \"<string>\",\n      \"deceasedContactPhoneNumberPrimary\": \"<string>\",\n      \"deceasedCityPrimary\": \"<string>\",\n      \"deceasedFaxPrimary\": \"<string>\",\n      \"deceasedContactStatePrimary\": \"st\",\n      \"deceasedStatePrimary\": \"st\",\n      \"deceasedZipPrimary\": \"<string>\",\n      \"deceasedCountyPrimary\": \"<string>\"\n    },\n    \"deceasedSecondaryInformation\": {\n      \"deceasedDateSecondary\": \"<string>\",\n      \"deceasedDateNoticeReceivedSecondary\": \"<string>\",\n      \"deceasedContactSecondary\": \"<string>\",\n      \"deceasedContactNameSecondary\": \"<string>\",\n      \"deceasedContactRelationshipSecondary\": \"<string>\",\n      \"deceasedContactAddressSecondary\": \"<string>\",\n      \"deceasedContactPhoneNumberSecondary\": \"<string>\",\n      \"deceasedCitySecondary\": \"<string>\",\n      \"deceasedFaxSecondary\": \"<string>\",\n      \"deceasedContactStateSecondary\": \"st\",\n      \"deceasedStateSecondary\": \"st\",\n      \"deceasedZipSecondary\": \"<string>\",\n      \"deceasedCountySecondary\": \"<string>\"\n    },\n    \"deceasedConfirmation\": \"<string>\"\n  },\n  \"deceasedSettlementInformation\": {\n    \"settlementAmount\": \"ut laborum ut pariatur\",\n    \"settlementDate\": \"quis commodo\",\n    \"settlementPaymentMethod\": \"aliqua nisi\"\n  }\n}","cookie":[],"_postman_previewlanguage":"json"}],"event":[],"protocolProfileBehavior":{"disableBodyPruning":true}}],"event":[]}],"event":[],"variable":[{"type":"string","value":"https://cat.api.firstdata.com/fs","key":"baseUrl"}],"info":{"_postman_id":"a5a07ccd-7d10-44dc-bb78-d9e87fcc0511","name":"fs-proxy-1","schema":"https://schema.getpostman.com/json/collection/v2.1.0/collection.json","description":{"content":"Welcome to the Financial Services API documentation","type":"text/plain"}}}