{"item":[{"id":"91dbaf4f-920b-4da7-809e-6aa2fdf62243","name":"documentStorage/v1","item":[{"id":"eccbe104-d067-401f-8bc7-06c9214f298c","name":"caseDocumentDetailList","request":{"name":"caseDocumentDetailList","description":{"content":"This service has been created to retrieve information related to list of documents uploaded.","type":"text/plain"},"url":{"path":["documentStorage","v1","caseDocumentDetailList"],"host":["{{baseUrl}}"],"query":[],"variable":[]},"header":[{"key":"Accept","value":"*/*"}],"method":"POST","auth":null},"response":[{"id":"e257bca2-1c0c-4a25-94e3-5d27b6b8f5e6","name":"successful operation","originalRequest":{"url":{"path":["documentStorage","v1","caseDocumentDetailList"],"host":["{{baseUrl}}"],"query":[],"variable":[]},"header":[{"key":"Accept","value":"*/*"}],"method":"POST","body":{}},"status":"OK","code":200,"header":[{"key":"Content-Type","value":"*/*"}],"body":"{\n  \"documentClassification\": \"labore ul\",\n  \"common\": {\n    \"user\": \"nulla pariatur consectetur esse\",\n    \"agent\": \"4000\",\n    \"cycle\": \"\\\"T\\\"\",\n    \"clientNumber\": \"1000\",\n    \"system\": \"2000\",\n    \"prin\": \"3000\",\n    \"debug\": true,\n    \"org\": \"Ut quis sit cillum\",\n    \"processor\": true,\n    \"contentType\": \"est fugiat elit Duis\",\n    \"retry\": 0,\n    \"timeout\": 45000,\n    \"siteId\": \"\\\"4201\\\"\",\n    \"externalCustomerId\": \"velit laborum Excepteur\",\n    \"accountId\": \"\\\"8888888888888888\\\"\",\n    \"presentationId\": \"reprehenderit voluptate ut pariatur Lorem\"\n  },\n  \"caseId\": \"nulla occaecat\"\n}","cookie":[],"_postman_previewlanguage":"json"}],"event":[],"protocolProfileBehavior":{"disableBodyPruning":true}},{"id":"7308c483-8797-4f9a-84de-c82078813aa9","name":"caseDocumentUploadService","request":{"name":"caseDocumentUploadService","description":{"content":"This service has been created to upload documents into document storage","type":"text/plain"},"url":{"path":["documentStorage","v1","caseDocumentUploadService"],"host":["{{baseUrl}}"],"query":[],"variable":[]},"header":[{"key":"Accept","value":"*/*"}],"method":"POST","auth":null},"response":[{"id":"2e21910b-2776-4e7d-a186-709573fbd1dd","name":"successful operation","originalRequest":{"url":{"path":["documentStorage","v1","caseDocumentUploadService"],"host":["{{baseUrl}}"],"query":[],"variable":[]},"header":[{"key":"Accept","value":"*/*"}],"method":"POST","body":{}},"status":"OK","code":200,"header":[{"key":"Content-Type","value":"*/*"}],"body":"{\n  \"documentClassification\": \"eu magna adipisicing veniam\",\n  \"processorInfo\": {\n    \"system\": \"ut non\",\n    \"cycle\": \"sunt consectetur exercitation pariatur\",\n    \"tor\": \"ut sed ni\",\n    \"mode\": \"aliqua in veniam Lorem\"\n  },\n  \"responseStatus\": \"proident mollit Lorem culpa\",\n  \"errorMessage\": \"consectetur minim elit\",\n  \"fileName\": \"incididunt pariatur\",\n  \"filePath\": \"enim anim qui fugiat\",\n  \"fileSize\": 14048046,\n  \"uuid\": \"quis\",\n  \"base64DownloadUrl\": \"est eu\",\n  \"caseId\": \"nisi officia\"\n}","cookie":[],"_postman_previewlanguage":"json"}],"event":[],"protocolProfileBehavior":{"disableBodyPruning":true}},{"id":"fc487a58-ed5c-4e70-b079-ae19adc1706e","name":"cleanup","request":{"name":"cleanup","description":{"content":"Service to cleanup expired data","type":"text/plain"},"url":{"path":["documentStorage","v1","cleanup"],"host":["{{baseUrl}}"],"query":[],"variable":[]},"header":[{"key":"Accept","value":"*/*"}],"method":"POST","auth":null},"response":[{"id":"7b2afa29-f8c9-4d00-b713-f982c001cec4","name":"successful operation","originalRequest":{"url":{"path":["documentStorage","v1","cleanup"],"host":["{{baseUrl}}"],"query":[],"variable":[]},"header":[{"key":"Accept","value":"*/*"}],"method":"POST","body":{}},"status":"OK","code":200,"header":[{"key":"Content-Type","value":"*/*"}],"body":"{\n  \"common\": {\n    \"user\": \"nu\",\n    \"agent\": \"4000\",\n    \"cycle\": \"\\\"T\\\"\",\n    \"clientNumber\": \"1000\",\n    \"system\": \"2000\",\n    \"prin\": \"3000\",\n    \"debug\": false,\n    \"org\": \"fugiat\",\n    \"processor\": false,\n    \"contentType\": \"voluptate enim\",\n    \"retry\": 0,\n    \"timeout\": 45000,\n    \"siteId\": \"\\\"4201\\\"\"\n  }\n}","cookie":[],"_postman_previewlanguage":"json"}],"event":[],"protocolProfileBehavior":{"disableBodyPruning":true}},{"id":"59cb2379-a277-4577-aa25-47556bf60993","name":"documentDownloadService","request":{"name":"documentDownloadService","description":{"content":"This service has been created to download documents into document storage","type":"text/plain"},"url":{"path":["documentStorage","v1","documentDownloadService"],"host":["{{baseUrl}}"],"query":[],"variable":[]},"header":[{"key":"Accept","value":"*/*"}],"method":"POST","auth":null},"response":[{"id":"d4f7a1ea-dbb6-4e2c-8f63-2854b00166b0","name":"successful operation","originalRequest":{"url":{"path":["documentStorage","v1","documentDownloadService"],"host":["{{baseUrl}}"],"query":[],"variable":[]},"header":[{"key":"Accept","value":"*/*"}],"method":"POST","body":{}},"status":"OK","code":200,"header":[{"key":"Content-Type","value":"*/*"}],"body":"{\n  \"common\": {\n    \"user\": \"proident\",\n    \"agent\": \"4000\",\n    \"cycle\": \"\\\"T\\\"\",\n    \"clientNumber\": \"1000\",\n    \"system\": \"2000\",\n    \"prin\": \"3000\",\n    \"debug\": false,\n    \"org\": \"dolor et pariatur\",\n    \"processor\": true,\n    \"contentType\": \"aliqua\",\n    \"retry\": 0,\n    \"timeout\": 45000,\n    \"siteId\": \"\\\"4201\\\"\"\n  },\n  \"errorMessage\": \"magna esse incididunt\",\n  \"responseStatus\": \"commodo laborum culpa Duis\",\n  \"fileName\": \"qui tempor\",\n  \"file\": \"non\"\n}","cookie":[],"_postman_previewlanguage":"json"}],"event":[],"protocolProfileBehavior":{"disableBodyPruning":true}},{"id":"ef7055f2-0526-45de-9f2c-8f9322d2f528","name":"documentUploadService","request":{"name":"documentUploadService","description":{"content":"This service has been created to upload documents into document storage","type":"text/plain"},"url":{"path":["documentStorage","v1","documentUploadService"],"host":["{{baseUrl}}"],"query":[],"variable":[]},"header":[{"key":"Accept","value":"*/*"}],"method":"POST","auth":null},"response":[{"id":"abf34684-85cc-498c-aba2-9a22d256310c","name":"successful operation","originalRequest":{"url":{"path":["documentStorage","v1","documentUploadService"],"host":["{{baseUrl}}"],"query":[],"variable":[]},"header":[{"key":"Accept","value":"*/*"}],"method":"POST","body":{}},"status":"OK","code":200,"header":[{"key":"Content-Type","value":"*/*"}],"body":"{\n  \"common\": {\n    \"user\": \"ea consectetur eiusmod\",\n    \"agent\": \"4000\",\n    \"cycle\": \"\\\"T\\\"\",\n    \"clientNumber\": \"1000\",\n    \"system\": \"2000\",\n    \"prin\": \"3000\",\n    \"debug\": false,\n    \"org\": \"dolor magna ex\",\n    \"processor\": false,\n    \"contentType\": \"consectetur quis officia incididunt\",\n    \"retry\": 0,\n    \"timeout\": 45000,\n    \"siteId\": \"\\\"4201\\\"\"\n  },\n  \"errorMessage\": \"Excepteur in\",\n  \"responseStatus\": \"sit commodo in\",\n  \"uuid\": \"mollit in\",\n  \"fileName\": \"Duis\",\n  \"filePath\": \"proident qui enim dolor magna\",\n  \"fileSize\": 97780440\n}","cookie":[],"_postman_previewlanguage":"json"}],"event":[],"protocolProfileBehavior":{"disableBodyPruning":true}}],"event":[]}],"event":[],"variable":[{"type":"string","value":"https://cat.api.firstdata.com/fs","key":"baseUrl"}],"info":{"_postman_id":"d07e1321-6fcc-4122-9692-5fa06a2f9ed8","name":"fs-proxy-1","schema":"https://schema.getpostman.com/json/collection/v2.1.0/collection.json","description":{"content":"Welcome to the Financial Services API documentation","type":"text/plain"}}}