{"item":[{"id":"c29b9c3a-e778-4ded-8d6b-c8c2c2bb2c09","name":"Notifications for events\n- Authorization\n- Card Blocked\n- Card Activation","request":{"name":"Notifications for events\n- Authorization\n- Card Blocked\n- Card Activation","description":{},"url":{"path":["v2","pushNotification"],"host":["{{baseUrl}}"],"query":[],"variable":[]},"header":[{"disabled":false,"description":"(Required) API Key","key":"apikey","value":"<string>"},{"key":"Content-Type","value":"application/json"},{"key":"Accept","value":"application/json"}],"method":"POST","auth":null,"body":{"mode":"raw","raw":"{\n  \"securityContext\": \"<string>\",\n  \"version\": \"<string>\",\n  \"description\": \"<string>\",\n  \"eventCode\": \"<string>\",\n  \"eventTitle\": \"<string>\",\n  \"eventNumber\": \"<integer>\",\n  \"organizationNumber\": \"<integer>\",\n  \"accountNumber\": \"<string>\",\n  \"customerNumber\": \"<string>\",\n  \"mobilePhone\": \"<string>\",\n  \"emailAddress\": \"<string>\",\n  \"channelType\": \"<string>\",\n  \"messageLine1\": \"<string>\",\n  \"messageLine2\": \"<string>\",\n  \"messageLine3\": \"<string>\",\n  \"messageLine4\": \"<string>\",\n  \"messageLine5\": \"<string>\",\n  \"messageLine6\": \"<string>\",\n  \"messageLine7\": \"<string>\",\n  \"messageLine8\": \"<string>\",\n  \"messageLine9\": \"<string>\",\n  \"messageLine10\": \"<string>\",\n  \"messageLine11\": \"<string>\",\n  \"messageLine12\": \"<string>\",\n  \"messageLine13\": \"<string>\",\n  \"messageLine14\": \"<string>\",\n  \"messageLine15\": \"<string>\"\n}","options":{"raw":{"language":"json"}}}},"response":[{"id":"79f72e4f-5f91-42d9-b205-0443c1e91024","name":"OK","originalRequest":{"url":{"path":["v2","pushNotification"],"host":["{{baseUrl}}"],"query":[],"variable":[]},"header":[{"disabled":false,"description":"(Required) API Key","key":"apikey","value":"<string>"}],"method":"POST","body":{"mode":"raw","raw":"{\n  \"securityContext\": \"VMX.MULTICHANNEL.UPD\",\n  \"version\": \"R8V1\",\n  \"description\": \"APPROVED\",\n  \"eventCode\": \"0001\",\n  \"eventTitle\": \"TRANSACTION ALERTS\",\n  \"eventNumber\": 1,\n  \"organizationNumber\": 950,\n  \"accountNumber\": \"0004513070406598974\",\n  \"customerNumber\": \"0004513070406598974\",\n  \"mobilePhone\": \"******9943\",\n  \"emailAddress\": \"m***@d******.com\",\n  \"channelType\": \"BOTH\",\n  \"messageLine1\": \"\",\n  \"messageLine2\": \"\",\n  \"messageLine3\": \"******9943\",\n  \"messageLine4\": \"m***@d******.com\",\n  \"messageLine5\": \"294\",\n  \"messageLine6\": \"000540208ID5IXX3865\",\n  \"messageLine7\": \"00000000010.00\",\n  \"messageLine8\": \"\",\n  \"messageLine9\": \"20220127\",\n  \"messageLine10\": \"141638\",\n  \"messageLine11\": \"MXN\",\n  \"messageLine12\": \"01ABCDFGHIJK0000X0000000000010001AABC00100000000001.01/01\",\n  \"messageLine13\": \"\",\n  \"messageLine14\": \"\",\n  \"messageLine15\": \"070\"\n}","options":{"raw":{"language":"json"}}}},"status":"OK","code":200,"header":[{"key":"Content-Type","value":"text/plain"}],"body":"","cookie":[],"_postman_previewlanguage":"text"},{"id":"6e15f5c3-d6a9-4aa1-82a7-7e85972a0356","name":"Bad Request","originalRequest":{"url":{"path":["v2","pushNotification"],"host":["{{baseUrl}}"],"query":[],"variable":[]},"header":[{"disabled":false,"description":"(Required) API Key","key":"apikey","value":"<string>"}],"method":"POST","body":{"mode":"raw","raw":"{\n  \"securityContext\": \"VMX.MULTICHANNEL.UPD\",\n  \"version\": \"R8V1\",\n  \"description\": \"APPROVED\",\n  \"eventCode\": \"0001\",\n  \"eventTitle\": \"TRANSACTION ALERTS\",\n  \"eventNumber\": 1,\n  \"organizationNumber\": 950,\n  \"accountNumber\": \"0004513070406598974\",\n  \"customerNumber\": \"0004513070406598974\",\n  \"mobilePhone\": \"******9943\",\n  \"emailAddress\": \"m***@d******.com\",\n  \"channelType\": \"BOTH\",\n  \"messageLine1\": \"\",\n  \"messageLine2\": \"\",\n  \"messageLine3\": \"******9943\",\n  \"messageLine4\": \"m***@d******.com\",\n  \"messageLine5\": \"294\",\n  \"messageLine6\": \"000540208ID5IXX3865\",\n  \"messageLine7\": \"00000000010.00\",\n  \"messageLine8\": \"\",\n  \"messageLine9\": \"20220127\",\n  \"messageLine10\": \"141638\",\n  \"messageLine11\": \"MXN\",\n  \"messageLine12\": \"01ABCDFGHIJK0000X0000000000010001AABC00100000000001.01/01\",\n  \"messageLine13\": \"\",\n  \"messageLine14\": \"\",\n  \"messageLine15\": \"070\"\n}","options":{"raw":{"language":"json"}}}},"status":"Bad Request","code":400,"header":[{"key":"Content-Type","value":"text/plain"}],"body":"","cookie":[],"_postman_previewlanguage":"text"},{"id":"91f37dfe-f5cf-4033-b4a0-a65b96d1a172","name":"Unauthorized","originalRequest":{"url":{"path":["v2","pushNotification"],"host":["{{baseUrl}}"],"query":[],"variable":[]},"header":[{"disabled":false,"description":"(Required) API Key","key":"apikey","value":"<string>"}],"method":"POST","body":{"mode":"raw","raw":"{\n  \"securityContext\": \"VMX.MULTICHANNEL.UPD\",\n  \"version\": \"R8V1\",\n  \"description\": \"APPROVED\",\n  \"eventCode\": \"0001\",\n  \"eventTitle\": \"TRANSACTION ALERTS\",\n  \"eventNumber\": 1,\n  \"organizationNumber\": 950,\n  \"accountNumber\": \"0004513070406598974\",\n  \"customerNumber\": \"0004513070406598974\",\n  \"mobilePhone\": \"******9943\",\n  \"emailAddress\": \"m***@d******.com\",\n  \"channelType\": \"BOTH\",\n  \"messageLine1\": \"\",\n  \"messageLine2\": \"\",\n  \"messageLine3\": \"******9943\",\n  \"messageLine4\": \"m***@d******.com\",\n  \"messageLine5\": \"294\",\n  \"messageLine6\": \"000540208ID5IXX3865\",\n  \"messageLine7\": \"00000000010.00\",\n  \"messageLine8\": \"\",\n  \"messageLine9\": \"20220127\",\n  \"messageLine10\": \"141638\",\n  \"messageLine11\": \"MXN\",\n  \"messageLine12\": \"01ABCDFGHIJK0000X0000000000010001AABC00100000000001.01/01\",\n  \"messageLine13\": \"\",\n  \"messageLine14\": \"\",\n  \"messageLine15\": \"070\"\n}","options":{"raw":{"language":"json"}}}},"status":"Unauthorized","code":401,"header":[{"key":"Content-Type","value":"text/plain"}],"body":"","cookie":[],"_postman_previewlanguage":"text"},{"id":"8884dfaa-c15f-47d8-ba20-2d785c5c19b8","name":"Forbidden","originalRequest":{"url":{"path":["v2","pushNotification"],"host":["{{baseUrl}}"],"query":[],"variable":[]},"header":[{"disabled":false,"description":"(Required) API Key","key":"apikey","value":"<string>"}],"method":"POST","body":{"mode":"raw","raw":"{\n  \"securityContext\": \"VMX.MULTICHANNEL.UPD\",\n  \"version\": \"R8V1\",\n  \"description\": \"APPROVED\",\n  \"eventCode\": \"0001\",\n  \"eventTitle\": \"TRANSACTION ALERTS\",\n  \"eventNumber\": 1,\n  \"organizationNumber\": 950,\n  \"accountNumber\": \"0004513070406598974\",\n  \"customerNumber\": \"0004513070406598974\",\n  \"mobilePhone\": \"******9943\",\n  \"emailAddress\": \"m***@d******.com\",\n  \"channelType\": \"BOTH\",\n  \"messageLine1\": \"\",\n  \"messageLine2\": \"\",\n  \"messageLine3\": \"******9943\",\n  \"messageLine4\": \"m***@d******.com\",\n  \"messageLine5\": \"294\",\n  \"messageLine6\": \"000540208ID5IXX3865\",\n  \"messageLine7\": \"00000000010.00\",\n  \"messageLine8\": \"\",\n  \"messageLine9\": \"20220127\",\n  \"messageLine10\": \"141638\",\n  \"messageLine11\": \"MXN\",\n  \"messageLine12\": \"01ABCDFGHIJK0000X0000000000010001AABC00100000000001.01/01\",\n  \"messageLine13\": \"\",\n  \"messageLine14\": \"\",\n  \"messageLine15\": \"070\"\n}","options":{"raw":{"language":"json"}}}},"status":"Forbidden","code":403,"header":[{"key":"Content-Type","value":"text/plain"}],"body":"","cookie":[],"_postman_previewlanguage":"text"},{"id":"982db3e6-20b0-45d3-acd4-6cf6676e8ffc","name":"Not Found","originalRequest":{"url":{"path":["v2","pushNotification"],"host":["{{baseUrl}}"],"query":[],"variable":[]},"header":[{"disabled":false,"description":"(Required) API Key","key":"apikey","value":"<string>"}],"method":"POST","body":{"mode":"raw","raw":"{\n  \"securityContext\": \"VMX.MULTICHANNEL.UPD\",\n  \"version\": \"R8V1\",\n  \"description\": \"APPROVED\",\n  \"eventCode\": \"0001\",\n  \"eventTitle\": \"TRANSACTION ALERTS\",\n  \"eventNumber\": 1,\n  \"organizationNumber\": 950,\n  \"accountNumber\": \"0004513070406598974\",\n  \"customerNumber\": \"0004513070406598974\",\n  \"mobilePhone\": \"******9943\",\n  \"emailAddress\": \"m***@d******.com\",\n  \"channelType\": \"BOTH\",\n  \"messageLine1\": \"\",\n  \"messageLine2\": \"\",\n  \"messageLine3\": \"******9943\",\n  \"messageLine4\": \"m***@d******.com\",\n  \"messageLine5\": \"294\",\n  \"messageLine6\": \"000540208ID5IXX3865\",\n  \"messageLine7\": \"00000000010.00\",\n  \"messageLine8\": \"\",\n  \"messageLine9\": \"20220127\",\n  \"messageLine10\": \"141638\",\n  \"messageLine11\": \"MXN\",\n  \"messageLine12\": \"01ABCDFGHIJK0000X0000000000010001AABC00100000000001.01/01\",\n  \"messageLine13\": \"\",\n  \"messageLine14\": \"\",\n  \"messageLine15\": \"070\"\n}","options":{"raw":{"language":"json"}}}},"status":"Not Found","code":404,"header":[{"key":"Content-Type","value":"text/plain"}],"body":"","cookie":[],"_postman_previewlanguage":"text"},{"id":"9c118804-0a9e-47e0-b54e-6d0cade93b6a","name":"Method Not Allowed","originalRequest":{"url":{"path":["v2","pushNotification"],"host":["{{baseUrl}}"],"query":[],"variable":[]},"header":[{"disabled":false,"description":"(Required) API Key","key":"apikey","value":"<string>"}],"method":"POST","body":{"mode":"raw","raw":"{\n  \"securityContext\": \"VMX.MULTICHANNEL.UPD\",\n  \"version\": \"R8V1\",\n  \"description\": \"APPROVED\",\n  \"eventCode\": \"0001\",\n  \"eventTitle\": \"TRANSACTION ALERTS\",\n  \"eventNumber\": 1,\n  \"organizationNumber\": 950,\n  \"accountNumber\": \"0004513070406598974\",\n  \"customerNumber\": \"0004513070406598974\",\n  \"mobilePhone\": \"******9943\",\n  \"emailAddress\": \"m***@d******.com\",\n  \"channelType\": \"BOTH\",\n  \"messageLine1\": \"\",\n  \"messageLine2\": \"\",\n  \"messageLine3\": \"******9943\",\n  \"messageLine4\": \"m***@d******.com\",\n  \"messageLine5\": \"294\",\n  \"messageLine6\": \"000540208ID5IXX3865\",\n  \"messageLine7\": \"00000000010.00\",\n  \"messageLine8\": \"\",\n  \"messageLine9\": \"20220127\",\n  \"messageLine10\": \"141638\",\n  \"messageLine11\": \"MXN\",\n  \"messageLine12\": \"01ABCDFGHIJK0000X0000000000010001AABC00100000000001.01/01\",\n  \"messageLine13\": \"\",\n  \"messageLine14\": \"\",\n  \"messageLine15\": \"070\"\n}","options":{"raw":{"language":"json"}}}},"status":"Method Not Allowed","code":405,"header":[{"key":"Content-Type","value":"text/plain"}],"body":"","cookie":[],"_postman_previewlanguage":"text"},{"id":"2fca38d8-3067-43e0-a9f7-f69d43ec8016","name":"Backend Error","originalRequest":{"url":{"path":["v2","pushNotification"],"host":["{{baseUrl}}"],"query":[],"variable":[]},"header":[{"disabled":false,"description":"(Required) API Key","key":"apikey","value":"<string>"},{"key":"Accept","value":"application/json"}],"method":"POST","body":{"mode":"raw","raw":"{\n  \"securityContext\": \"VMX.MULTICHANNEL.UPD\",\n  \"version\": \"R8V1\",\n  \"description\": \"APPROVED\",\n  \"eventCode\": \"0001\",\n  \"eventTitle\": \"TRANSACTION ALERTS\",\n  \"eventNumber\": 1,\n  \"organizationNumber\": 950,\n  \"accountNumber\": \"0004513070406598974\",\n  \"customerNumber\": \"0004513070406598974\",\n  \"mobilePhone\": \"******9943\",\n  \"emailAddress\": \"m***@d******.com\",\n  \"channelType\": \"BOTH\",\n  \"messageLine1\": \"\",\n  \"messageLine2\": \"\",\n  \"messageLine3\": \"******9943\",\n  \"messageLine4\": \"m***@d******.com\",\n  \"messageLine5\": \"294\",\n  \"messageLine6\": \"000540208ID5IXX3865\",\n  \"messageLine7\": \"00000000010.00\",\n  \"messageLine8\": \"\",\n  \"messageLine9\": \"20220127\",\n  \"messageLine10\": \"141638\",\n  \"messageLine11\": \"MXN\",\n  \"messageLine12\": \"01ABCDFGHIJK0000X0000000000010001AABC00100000000001.01/01\",\n  \"messageLine13\": \"\",\n  \"messageLine14\": \"\",\n  \"messageLine15\": \"070\"\n}","options":{"raw":{"language":"json"}}}},"status":"Internal Server Error","code":500,"header":[{"key":"Content-Type","value":"application/json"}],"body":"{\n  \"message\": \"\",\n  \"code\": \"\",\n  \"description\": \"\"\n}","cookie":[],"_postman_previewlanguage":"json"}],"event":[],"protocolProfileBehavior":{"disableBodyPruning":true}}],"event":[],"variable":[{"type":"string","value":"/","key":"baseUrl"}],"info":{"_postman_id":"b286dbaf-5aad-4391-8f9c-83a6489e5a2f","name":"FirstVision™ Notification Service - API Documentation","schema":"https://schema.getpostman.com/json/collection/v2.1.0/collection.json","description":{"content":"Describes the message structure that will be send to the endpoint provided by the financial institution for receive events and notifications generated in FirstVision.","type":"text/plain"}}}