{"item":[{"id":"40c89493-0c08-41b5-be01-b92137f5142e","name":"Push Provision","request":{"name":"Push Provision","description":{"content":"Push provision to on-device Wallets and Eligible on-file Merchant wallets that have been enabled for the Issuer's PAN. The fields emailAddress, mobilePhoneNumber, accountCountry and billingAddress are mandatory in the case the customer information is not in FV.","type":"text/plain"},"url":{"path":["idi","v1","provision",":correlation_id"],"host":["{{baseUrl}}"],"query":[],"variable":[{"disabled":false,"type":"any","value":"<string>","key":"correlation_id","description":"(Required) Shall not contain all zeros"}]},"header":[{"disabled":false,"key":"ISSID","value":"<string>","description":""},{"key":"Content-Type","value":"application/json"},{"key":"Accept","value":"*/*"}],"method":"POST","auth":null,"body":{"mode":"raw","raw":"{\n  \"walletId\": \"<string>\",\n  \"pan\": \"<string>\",\n  \"issuerNonce\": \"<string>\",\n  \"passthruFromIdiSdk\": \"<string>\",\n  \"emailAddress\": \"<email>\",\n  \"mobilePhoneNumber\": {\n    \"countryDialInCode\": \"<string>\",\n    \"areaAndPhoneNumber\": \"<string>\"\n  },\n  \"accountCountry\": \"<string>\",\n  \"returnUri\": \"<string>\",\n  \"returnUriType\": \"<string>\",\n  \"issuerPanReferenceId\": \"<string>\",\n  \"billingAddress\": {\n    \"line1\": \"<string>\",\n    \"line2\": \"<string>\",\n    \"city\": \"<string>\",\n    \"state\": \"<string>\",\n    \"country\": \"<string>\",\n    \"postalCode\": \"<string>\"\n  },\n  \"tokenCardArtImageId\": \"<string>\"\n}","options":{"raw":{"language":"json"}}}},"response":[{"id":"0ce36a71-26c3-4ac3-9a5d-a78b603f4eda","name":"Request succeeded and processed Ok","originalRequest":{"url":{"path":["idi","v1","provision",":correlation_id"],"host":["{{baseUrl}}"],"query":[],"variable":[{"disabled":false,"type":"any","value":"<string>","key":"correlation_id","description":"(Required) Shall not contain all zeros"}]},"header":[{"disabled":false,"key":"ISSID","value":"LAT99999","description":""},{"key":"Accept","value":"*/*"}],"method":"POST","body":{"mode":"raw","raw":"{\n  \"walletId\": \"82993833387\",\n  \"pan\": \"5123456789013456\",\n  \"emailAddress\": \"sample@abc.com\",\n  \"mobilePhoneNumber\": {\n    \"countryDialInCode\": \"44\",\n    \"areaAndPhoneNumber\": \"3884679882\"\n  },\n  \"accountCountry\": \"US\",\n  \"issuerNonce\": \"AZZ990\",\n  \"passthruFromIdiSdk\": \"Iy9jb21wb25lbnRzL3NjaGVtYXMvUGFzc3RocnVGcm9tSWRpU2Rr\",\n  \"returnUri\": \"https://issuerABC.com\",\n  \"returnUriType\": \"WEB\",\n  \"issuerPanReferenceId\": \"FAPLLCAiYXNzZXRJZCI6IjRlYWE1\",\n  \"billingAddress\": {\n    \"line1\": \"1100 Carr Rd\",\n    \"city\": \"Wilmington\",\n    \"state\": \"Delaware\",\n    \"country\": \"US\",\n    \"postalCode\": \"19809\"\n  },\n  \"tokenCardArtImageId\": \"MC092384a\"\n}","options":{"raw":{"language":"json"}}}},"status":"OK","code":200,"header":[{"key":"Content-Type","value":"*/*"}],"body":"{\n  \"correlationId\": \"8A36131881F44DE494906A0ABC77CCE2\",\n  \"statusCode\": \"0000\",\n  \"passthruToIdiSdk\": \"Iy9jb21wb25lbnRzL3NjaGVtYXMvUGFzc3RocnVUb0lkaVNkaw==\"\n}","cookie":[],"_postman_previewlanguage":"json"},{"id":"1d89d8da-46bd-48d2-8155-65dfb7424589","name":"Bad Request","originalRequest":{"url":{"path":["idi","v1","provision",":correlation_id"],"host":["{{baseUrl}}"],"query":[],"variable":[{"disabled":false,"type":"any","value":"<string>","key":"correlation_id","description":"(Required) Shall not contain all zeros"}]},"header":[{"disabled":false,"key":"ISSID","value":"LAT99999","description":""},{"key":"Accept","value":"*/*"}],"method":"POST","body":{"mode":"raw","raw":"{\n  \"walletId\": \"82993833387\",\n  \"pan\": \"5123456789013456\",\n  \"emailAddress\": \"sample@abc.com\",\n  \"mobilePhoneNumber\": {\n    \"countryDialInCode\": \"44\",\n    \"areaAndPhoneNumber\": \"3884679882\"\n  },\n  \"accountCountry\": \"US\",\n  \"issuerNonce\": \"AZZ990\",\n  \"passthruFromIdiSdk\": \"Iy9jb21wb25lbnRzL3NjaGVtYXMvUGFzc3RocnVGcm9tSWRpU2Rr\",\n  \"returnUri\": \"https://issuerABC.com\",\n  \"returnUriType\": \"WEB\",\n  \"issuerPanReferenceId\": \"FAPLLCAiYXNzZXRJZCI6IjRlYWE1\",\n  \"billingAddress\": {\n    \"line1\": \"1100 Carr Rd\",\n    \"city\": \"Wilmington\",\n    \"state\": \"Delaware\",\n    \"country\": \"US\",\n    \"postalCode\": \"19809\"\n  },\n  \"tokenCardArtImageId\": \"MC092384a\"\n}","options":{"raw":{"language":"json"}}}},"status":"Bad Request","code":400,"header":[{"key":"Content-Type","value":"*/*"}],"body":"{\n  \"correlationId\": \"8094A1BAA05711EABB370242AC130002\",\n  \"statusCode\": \"1001\",\n  \"statusDescription\": \"Invalid Request: Invalid Payload\"\n}","cookie":[],"_postman_previewlanguage":"json"},{"id":"7ad8a609-9cbb-4264-a292-7652b7dec94a","name":"Unauthorized","originalRequest":{"url":{"path":["idi","v1","provision",":correlation_id"],"host":["{{baseUrl}}"],"query":[],"variable":[{"disabled":false,"type":"any","value":"<string>","key":"correlation_id","description":"(Required) Shall not contain all zeros"}]},"header":[{"disabled":false,"key":"ISSID","value":"LAT99999","description":""}],"method":"POST","body":{"mode":"raw","raw":"{\n  \"walletId\": \"82993833387\",\n  \"pan\": \"5123456789013456\",\n  \"emailAddress\": \"sample@abc.com\",\n  \"mobilePhoneNumber\": {\n    \"countryDialInCode\": \"44\",\n    \"areaAndPhoneNumber\": \"3884679882\"\n  },\n  \"accountCountry\": \"US\",\n  \"issuerNonce\": \"AZZ990\",\n  \"passthruFromIdiSdk\": \"Iy9jb21wb25lbnRzL3NjaGVtYXMvUGFzc3RocnVGcm9tSWRpU2Rr\",\n  \"returnUri\": \"https://issuerABC.com\",\n  \"returnUriType\": \"WEB\",\n  \"issuerPanReferenceId\": \"FAPLLCAiYXNzZXRJZCI6IjRlYWE1\",\n  \"billingAddress\": {\n    \"line1\": \"1100 Carr Rd\",\n    \"city\": \"Wilmington\",\n    \"state\": \"Delaware\",\n    \"country\": \"US\",\n    \"postalCode\": \"19809\"\n  },\n  \"tokenCardArtImageId\": \"MC092384a\"\n}","options":{"raw":{"language":"json"}}}},"status":"Unauthorized","code":401,"header":[{"key":"Content-Type","value":"text/plain"}],"body":"","cookie":[],"_postman_previewlanguage":"text"},{"id":"34c7857f-52c8-433e-89d2-095067e8abcc","name":"Method not allowed","originalRequest":{"url":{"path":["idi","v1","provision",":correlation_id"],"host":["{{baseUrl}}"],"query":[],"variable":[{"disabled":false,"type":"any","value":"<string>","key":"correlation_id","description":"(Required) Shall not contain all zeros"}]},"header":[{"disabled":false,"key":"ISSID","value":"LAT99999","description":""}],"method":"POST","body":{"mode":"raw","raw":"{\n  \"walletId\": \"82993833387\",\n  \"pan\": \"5123456789013456\",\n  \"emailAddress\": \"sample@abc.com\",\n  \"mobilePhoneNumber\": {\n    \"countryDialInCode\": \"44\",\n    \"areaAndPhoneNumber\": \"3884679882\"\n  },\n  \"accountCountry\": \"US\",\n  \"issuerNonce\": \"AZZ990\",\n  \"passthruFromIdiSdk\": \"Iy9jb21wb25lbnRzL3NjaGVtYXMvUGFzc3RocnVGcm9tSWRpU2Rr\",\n  \"returnUri\": \"https://issuerABC.com\",\n  \"returnUriType\": \"WEB\",\n  \"issuerPanReferenceId\": \"FAPLLCAiYXNzZXRJZCI6IjRlYWE1\",\n  \"billingAddress\": {\n    \"line1\": \"1100 Carr Rd\",\n    \"city\": \"Wilmington\",\n    \"state\": \"Delaware\",\n    \"country\": \"US\",\n    \"postalCode\": \"19809\"\n  },\n  \"tokenCardArtImageId\": \"MC092384a\"\n}","options":{"raw":{"language":"json"}}}},"status":"Method Not Allowed","code":405,"header":[{"key":"Content-Type","value":"text/plain"}],"body":"","cookie":[],"_postman_previewlanguage":"text"},{"id":"8a0b4b6d-4bd9-4fc7-88d0-602d66923cc7","name":"Server unavailable","originalRequest":{"url":{"path":["idi","v1","provision",":correlation_id"],"host":["{{baseUrl}}"],"query":[],"variable":[{"disabled":false,"type":"any","value":"<string>","key":"correlation_id","description":"(Required) Shall not contain all zeros"}]},"header":[{"disabled":false,"key":"ISSID","value":"LAT99999","description":""}],"method":"POST","body":{"mode":"raw","raw":"{\n  \"walletId\": \"82993833387\",\n  \"pan\": \"5123456789013456\",\n  \"emailAddress\": \"sample@abc.com\",\n  \"mobilePhoneNumber\": {\n    \"countryDialInCode\": \"44\",\n    \"areaAndPhoneNumber\": \"3884679882\"\n  },\n  \"accountCountry\": \"US\",\n  \"issuerNonce\": \"AZZ990\",\n  \"passthruFromIdiSdk\": \"Iy9jb21wb25lbnRzL3NjaGVtYXMvUGFzc3RocnVGcm9tSWRpU2Rr\",\n  \"returnUri\": \"https://issuerABC.com\",\n  \"returnUriType\": \"WEB\",\n  \"issuerPanReferenceId\": \"FAPLLCAiYXNzZXRJZCI6IjRlYWE1\",\n  \"billingAddress\": {\n    \"line1\": \"1100 Carr Rd\",\n    \"city\": \"Wilmington\",\n    \"state\": \"Delaware\",\n    \"country\": \"US\",\n    \"postalCode\": \"19809\"\n  },\n  \"tokenCardArtImageId\": \"MC092384a\"\n}","options":{"raw":{"language":"json"}}}},"status":"Service Unavailable","code":503,"header":[{"key":"Content-Type","value":"text/plain"}],"body":"","cookie":[],"_postman_previewlanguage":"text"}],"event":[],"protocolProfileBehavior":{"disableBodyPruning":true}}],"event":[],"variable":[{"type":"string","value":"/","key":"baseUrl"}],"info":{"_postman_id":"00e15170-5723-403b-b112-7534992e0d80","name":"IDI GW Swagger for Push Provisioning v2","schema":"https://schema.getpostman.com/json/collection/v2.1.0/collection.json","description":{"content":"Push Provisioning v2 Swagger - defines APIs for IDI (Patent Pending) Gateway <br><br> Scope of this interface allows use by the issuer app server for push provision to all wallets and merchants","type":"text/plain"}}}