{"item":[{"id":"534369e7-1733-4712-b4de-e29d65838947","name":"ftgw/v1","item":[{"id":"0596078b-2e2e-458d-8515-722911b0a2e0","name":"Token Life Cycle","request":{"name":"Token Life Cycle","description":{"content":"This method is used by the Issuer to update the status of a specific virtual card. Allows the issuer to activate, resume, suspend, or delete the token.\r\n","type":"text/plain"},"url":{"protocol":"https","path":["ftgw","v1","","ftgw","v1","tokenLifecycle"],"host":["int","api","firstdata","com"],"query":[],"variable":[]},"header":[{"disabled":false,"description":"(Required) Allowed values: AMEX - MDES - VTIS","key":"x-scheme","value":"<string>"},{"disabled":false,"description":"(Required) Client-specific API Key issued during onboarding. ","key":"apikey","value":"<string>"},{"disabled":false,"description":"(Required) Request timestamp","key":"timestamp","value":"<string>"},{"disabled":false,"description":"(Required) The unique identifier for the API request.","key":"x-request-id","value":"<string>"},{"key":"Content-Type","value":"application/json"},{"key":"Accept","value":"application/json"}],"method":"POST","auth":null,"body":{"mode":"raw","raw":"{\n  \"token\": {\n    \"referenceId\": \"<string>\",\n    \"requestorId\": \"<string>\"\n  },\n  \"operation\": {\n    \"type\": \"<string>\",\n    \"reason\": \"<string>\"\n  },\n  \"device\": {\n    \"id\": \"<string>\",\n    \"reference\": \"<string>\"\n  },\n  \"activationCode\": \"<string>\",\n  \"audit\": {\n    \"userId\": \"<string>\",\n    \"username\": \"<string>\",\n    \"organization\": \"<string>\"\n  }\n}","options":{"raw":{"language":"json"}}}},"response":[{"id":"036e19d3-6cf1-4026-9d22-df966d07bd6c","name":"Success","originalRequest":{"url":{"protocol":"https","path":["ftgw","v1","","ftgw","v1","tokenLifecycle"],"host":["int","api","firstdata","com"],"query":[],"variable":[]},"header":[{"disabled":false,"description":"(Required) Allowed values: AMEX - MDES - VTIS","key":"x-scheme","value":"<string>"},{"disabled":false,"description":"(Required) Client-specific API Key issued during onboarding. ","key":"apikey","value":"<string>"},{"disabled":false,"description":"(Required) HMAC authorization header","key":"Authorization","value":"commodo non in eiusmod"},{"disabled":false,"description":"(Required) Request timestamp","key":"timestamp","value":"<string>"},{"disabled":false,"description":"(Required) The unique identifier for the API request.","key":"x-request-id","value":"<string>"}],"method":"POST","body":{"mode":"raw","raw":"{\n  \"token\": {\n    \"referenceId\": \"UETSUC0000000su528sr8y69d9ca4eb1a4d53e3c90a11d9c\",\n    \"requestorId\": \"FiservPortalTest\"\n  },\n  \"operation\": {\n    \"type\": \"ACTIVATE\",\n    \"reason\": \"A\"\n  },\n  \"device\": {\n    \"id\": \"<string>\",\n    \"reference\": \"<string>\"\n  },\n  \"activationCode\": \"ACT\",\n  \"audit\": {\n    \"userId\": \"<string>\",\n    \"username\": \"<string>\",\n    \"organization\": \"<string>\"\n  }\n}","options":{"raw":{"language":"json"}}}},"status":"OK","code":200,"header":[{"key":"Content-Type","value":"text/plain"}],"body":"","cookie":[],"_postman_previewlanguage":"text"},{"id":"1e0d237f-ebff-4b3e-8f14-6eff0637a648","originalRequest":{"url":{"protocol":"https","path":["ftgw","v1","","ftgw","v1","tokenLifecycle"],"host":["int","api","firstdata","com"],"query":[],"variable":[]},"header":[{"disabled":false,"description":"(Required) Allowed values: AMEX - MDES - VTIS","key":"x-scheme","value":"<string>"},{"disabled":false,"description":"(Required) Client-specific API Key issued during onboarding. ","key":"apikey","value":"<string>"},{"disabled":false,"description":"(Required) HMAC authorization header","key":"Authorization","value":"commodo non in eiusmod"},{"disabled":false,"description":"(Required) Request timestamp","key":"timestamp","value":"<string>"},{"disabled":false,"description":"(Required) The unique identifier for the API request.","key":"x-request-id","value":"<string>"},{"key":"Accept","value":"application/json"}],"method":"POST","body":{"mode":"raw","raw":"{\n  \"token\": {\n    \"referenceId\": \"UETSUC0000000su528sr8y69d9ca4eb1a4d53e3c90a11d9c\",\n    \"requestorId\": \"FiservPortalTest\"\n  },\n  \"operation\": {\n    \"type\": \"ACTIVATE\",\n    \"reason\": \"A\"\n  },\n  \"device\": {\n    \"id\": \"<string>\",\n    \"reference\": \"<string>\"\n  },\n  \"activationCode\": \"ACT\",\n  \"audit\": {\n    \"userId\": \"<string>\",\n    \"username\": \"<string>\",\n    \"organization\": \"<string>\"\n  }\n}","options":{"raw":{"language":"json"}}}},"status":"Bad Request","code":400,"header":[{"key":"Content-Type","value":"application/json"}],"body":"{\n  \"responseCode\": \"au\",\n  \"responseDescription\": \"veniam enim\"\n}","cookie":[],"_postman_previewlanguage":"json"},{"id":"a51d7240-525c-4466-898b-c9d936f0e056","originalRequest":{"url":{"protocol":"https","path":["ftgw","v1","","ftgw","v1","tokenLifecycle"],"host":["int","api","firstdata","com"],"query":[],"variable":[]},"header":[{"disabled":false,"description":"(Required) Allowed values: AMEX - MDES - VTIS","key":"x-scheme","value":"<string>"},{"disabled":false,"description":"(Required) Client-specific API Key issued during onboarding. ","key":"apikey","value":"<string>"},{"disabled":false,"description":"(Required) HMAC authorization header","key":"Authorization","value":"commodo non in eiusmod"},{"disabled":false,"description":"(Required) Request timestamp","key":"timestamp","value":"<string>"},{"disabled":false,"description":"(Required) The unique identifier for the API request.","key":"x-request-id","value":"<string>"},{"key":"Accept","value":"application/json"}],"method":"POST","body":{"mode":"raw","raw":"{\n  \"token\": {\n    \"referenceId\": \"UETSUC0000000su528sr8y69d9ca4eb1a4d53e3c90a11d9c\",\n    \"requestorId\": \"FiservPortalTest\"\n  },\n  \"operation\": {\n    \"type\": \"ACTIVATE\",\n    \"reason\": \"A\"\n  },\n  \"device\": {\n    \"id\": \"<string>\",\n    \"reference\": \"<string>\"\n  },\n  \"activationCode\": \"ACT\",\n  \"audit\": {\n    \"userId\": \"<string>\",\n    \"username\": \"<string>\",\n    \"organization\": \"<string>\"\n  }\n}","options":{"raw":{"language":"json"}}}},"status":"Internal Server Error","code":500,"header":[{"key":"Content-Type","value":"application/json"}],"body":"{\n  \"responseCode\": \"au\",\n  \"responseDescription\": \"veniam enim\"\n}","cookie":[],"_postman_previewlanguage":"json"}],"event":[],"protocolProfileBehavior":{"disableBodyPruning":true}},{"id":"a1249634-5de9-4c4b-a996-f347cf43971f","name":"Token Inquiry","request":{"name":"Token Inquiry","description":{"content":"This service enables the issuer to retrieve token details for a particular token","type":"text/plain"},"url":{"protocol":"https","path":["ftgw","v1","","ftgw","v1","token"],"host":["int","api","firstdata","com"],"query":[],"variable":[]},"header":[{"disabled":false,"description":"(Required) Allowed values: AMEX - MDES - VTIS","key":"x-scheme","value":"<string>"},{"disabled":false,"description":"(Required) Client-specific API Key issued during onboarding. ","key":"apikey","value":"<string>"},{"disabled":false,"description":"(Required) Request timestamp","key":"timestamp","value":"<string>"},{"disabled":false,"description":"(Required) The unique identifier for the API request.","key":"x-request-id","value":"<string>"},{"key":"Content-Type","value":"application/json"},{"key":"Accept","value":"application/json"}],"method":"POST","auth":null,"body":{"mode":"raw","raw":"{\n  \"token\": {\n    \"referenceId\": \"<string>\",\n    \"requestorId\": \"<string>\"\n  },\n  \"audit\": {\n    \"userId\": \"<string>\",\n    \"username\": \"<string>\",\n    \"organization\": \"<string>\"\n  }\n}","options":{"raw":{"language":"json"}}}},"response":[{"id":"42275bc2-7bbf-4963-bf8a-f1a573de3727","name":"OK","originalRequest":{"url":{"protocol":"https","path":["ftgw","v1","","ftgw","v1","token"],"host":["int","api","firstdata","com"],"query":[],"variable":[]},"header":[{"disabled":false,"description":"(Required) Allowed values: AMEX - MDES - VTIS","key":"x-scheme","value":"<string>"},{"disabled":false,"description":"(Required) Client-specific API Key issued during onboarding. ","key":"apikey","value":"<string>"},{"disabled":false,"description":"(Required) HMAC authorization header","key":"Authorization","value":"commodo non in eiusmod"},{"disabled":false,"description":"(Required) Request timestamp","key":"timestamp","value":"<string>"},{"disabled":false,"description":"(Required) The unique identifier for the API request.","key":"x-request-id","value":"<string>"},{"key":"Accept","value":"application/json"}],"method":"POST","body":{"mode":"raw","raw":"{\n  \"token\": {\n    \"referenceId\": \"UETSUC0000000su528sr8y69d9ca4eb1a4d53e3c90a11d9c\",\n    \"requestorId\": \"<string>\"\n  },\n  \"audit\": {\n    \"userId\": \"<string>\",\n    \"username\": \"<string>\",\n    \"organization\": \"<string>\"\n  }\n}","options":{"raw":{"language":"json"}}}},"status":"OK","code":200,"header":[{"key":"Content-Type","value":"application/json"}],"body":"{\n  \"token\": {\n    \"referenceId\": \"adipisicing nulla\",\n    \"requestorId\": \"mollit do Ut\",\n    \"suffix\": \"veniam Duis\",\n    \"type\": \"cillum exercit\",\n    \"status\": \"labore\",\n    \"expirationDate\": {\n      \"month\": \"adipisicing reprehenderit laboris in\",\n      \"year\": \"ipsum exercitation cillum velit eu\"\n    },\n    \"activationDateTime\": \"sint cillum\",\n    \"assurance\": \"cupidatat ut nulla\"\n  },\n  \"pan\": {\n    \"referenceId\": \"reprehenderit irure aute\",\n    \"suffix\": \"commodo eni\",\n    \"source\": \"exercitation culpa deserunt\",\n    \"expirationDate\": {\n      \"month\": \"eu minim Lorem\",\n      \"year\": \"ut amet in \"\n    }\n  },\n  \"deviceBinding\": [\n    {\n      \"id\": \"sed occaecat velit\",\n      \"index\": \"eu velit\"\n    },\n    {\n      \"id\": \"proident in officia\",\n      \"index\": \"eiusmod nisi qui sit est\"\n    }\n  ],\n  \"device\": {\n    \"id\": \"Duis Lorem\",\n    \"name\": \"dolor proident aliqua consectetur\",\n    \"type\": \"dolore aliqua laboris reprehenderit\"\n  },\n  \"walletAccountId\": \"dolore eiusmod\"\n}","cookie":[],"_postman_previewlanguage":"json"},{"id":"edf81bac-f9ed-46a2-bcf2-bc554f136e38","originalRequest":{"url":{"protocol":"https","path":["ftgw","v1","","ftgw","v1","token"],"host":["int","api","firstdata","com"],"query":[],"variable":[]},"header":[{"disabled":false,"description":"(Required) Allowed values: AMEX - MDES - VTIS","key":"x-scheme","value":"<string>"},{"disabled":false,"description":"(Required) Client-specific API Key issued during onboarding. ","key":"apikey","value":"<string>"},{"disabled":false,"description":"(Required) HMAC authorization header","key":"Authorization","value":"commodo non in eiusmod"},{"disabled":false,"description":"(Required) Request timestamp","key":"timestamp","value":"<string>"},{"disabled":false,"description":"(Required) The unique identifier for the API request.","key":"x-request-id","value":"<string>"},{"key":"Accept","value":"application/json"}],"method":"POST","body":{"mode":"raw","raw":"{\n  \"token\": {\n    \"referenceId\": \"UETSUC0000000su528sr8y69d9ca4eb1a4d53e3c90a11d9c\",\n    \"requestorId\": \"<string>\"\n  },\n  \"audit\": {\n    \"userId\": \"<string>\",\n    \"username\": \"<string>\",\n    \"organization\": \"<string>\"\n  }\n}","options":{"raw":{"language":"json"}}}},"status":"Bad Request","code":400,"header":[{"key":"Content-Type","value":"application/json"}],"body":"{\n  \"responseCode\": \"au\",\n  \"responseDescription\": \"veniam enim\"\n}","cookie":[],"_postman_previewlanguage":"json"},{"id":"61df9e7c-13c9-4426-9975-d62cd35d4b81","originalRequest":{"url":{"protocol":"https","path":["ftgw","v1","","ftgw","v1","token"],"host":["int","api","firstdata","com"],"query":[],"variable":[]},"header":[{"disabled":false,"description":"(Required) Allowed values: AMEX - MDES - VTIS","key":"x-scheme","value":"<string>"},{"disabled":false,"description":"(Required) Client-specific API Key issued during onboarding. ","key":"apikey","value":"<string>"},{"disabled":false,"description":"(Required) HMAC authorization header","key":"Authorization","value":"commodo non in eiusmod"},{"disabled":false,"description":"(Required) Request timestamp","key":"timestamp","value":"<string>"},{"disabled":false,"description":"(Required) The unique identifier for the API request.","key":"x-request-id","value":"<string>"},{"key":"Accept","value":"application/json"}],"method":"POST","body":{"mode":"raw","raw":"{\n  \"token\": {\n    \"referenceId\": \"UETSUC0000000su528sr8y69d9ca4eb1a4d53e3c90a11d9c\",\n    \"requestorId\": \"<string>\"\n  },\n  \"audit\": {\n    \"userId\": \"<string>\",\n    \"username\": \"<string>\",\n    \"organization\": \"<string>\"\n  }\n}","options":{"raw":{"language":"json"}}}},"status":"Internal Server Error","code":500,"header":[{"key":"Content-Type","value":"application/json"}],"body":"{\n  \"responseCode\": \"au\",\n  \"responseDescription\": \"veniam enim\"\n}","cookie":[],"_postman_previewlanguage":"json"}],"event":[],"protocolProfileBehavior":{"disableBodyPruning":true}},{"id":"49c09604-31cd-4ad7-b2ce-f7da8fee4b8d","name":"Pan Lifecycle","request":{"name":"Pan Lifecycle","description":{"content":"This service enables the issuer to update PAN and PAN expiration date.","type":"text/plain"},"url":{"protocol":"https","path":["ftgw","v1","","ftgw","v1","panLifecycle"],"host":["int","api","firstdata","com"],"query":[],"variable":[]},"header":[{"disabled":false,"description":"Request timestamp","key":"Timestamp","value":"<string>"},{"disabled":false,"description":"Client-specific API Key issued during onboarding.","key":"apikey","value":"<string>"},{"disabled":false,"description":"The unique identifier for the API request.","key":"x-request-id","value":"<string>"},{"key":"Content-Type","value":"application/json"},{"key":"Accept","value":"application/json"}],"method":"POST","auth":null,"body":{"mode":"raw","raw":"{\n  \"operation\": {\n    \"reason\": \"<string>\",\n    \"reasonCode\": \"<string>\",\n    \"type\": \"<string>\"\n  },\n  \"accountInformation\": {\n    \"currentPan\": {\n      \"accountNumber\": \"<string>\",\n      \"expirationDate\": {\n        \"month\": \"<string>\",\n        \"year\": \"<string>\"\n      }\n    },\n    \"newPan\": {\n      \"accountNumber\": \"<string>\",\n      \"expirationDate\": {\n        \"month\": \"<string>\",\n        \"year\": \"<string>\"\n      }\n    }\n  },\n  \"audit\": {\n    \"userId\": \"<string>\",\n    \"username\": \"<string>\",\n    \"organization\": \"<string>\"\n  }\n}","options":{"raw":{"language":"json"}}}},"response":[{"id":"70c3d906-3a58-420c-aeec-3015a18024df","name":"OK","originalRequest":{"url":{"protocol":"https","path":["ftgw","v1","","ftgw","v1","panLifecycle"],"host":["int","api","firstdata","com"],"query":[],"variable":[]},"header":[{"disabled":false,"description":"HMAC authorization header","key":"Authorization","value":"commodo non in eiusmod"},{"disabled":false,"description":"Request timestamp","key":"Timestamp","value":"<string>"},{"disabled":false,"description":"Client-specific API Key issued during onboarding.","key":"apikey","value":"<string>"},{"disabled":false,"description":"The unique identifier for the API request.","key":"x-request-id","value":"<string>"}],"method":"POST","body":{"mode":"raw","raw":"{\n  \"operation\": {\n    \"reason\": \"Replacement due to lost card\",\n    \"reasonCode\": \"ACCOUNT_UPDATE\",\n    \"type\": \"UPDATE\"\n  },\n  \"accountInformation\": {\n    \"currentPan\": {\n      \"accountNumber\": \"172654826345827456\",\n      \"expirationDate\": {\n        \"month\": \"02\",\n        \"year\": \"2024\"\n      }\n    },\n    \"newPan\": {\n      \"accountNumber\": \"172654826345827457\",\n      \"expirationDate\": {\n        \"month\": \"12\",\n        \"year\": \"2028\"\n      }\n    }\n  },\n  \"audit\": {\n    \"userId\": \"A1435477\",\n    \"username\": \"John Smith\",\n    \"organization\": \"Solid Bank Inc\"\n  }\n}","options":{"raw":{"language":"json"}}}},"status":"OK","code":200,"header":[{"key":"Content-Type","value":"text/plain"}],"body":"","cookie":[],"_postman_previewlanguage":"text"},{"id":"ca252fa0-47cf-40a8-8c4c-db81ea846cc1","originalRequest":{"url":{"protocol":"https","path":["ftgw","v1","","ftgw","v1","panLifecycle"],"host":["int","api","firstdata","com"],"query":[],"variable":[]},"header":[{"disabled":false,"description":"HMAC authorization header","key":"Authorization","value":"commodo non in eiusmod"},{"disabled":false,"description":"Request timestamp","key":"Timestamp","value":"<string>"},{"disabled":false,"description":"Client-specific API Key issued during onboarding.","key":"apikey","value":"<string>"},{"disabled":false,"description":"The unique identifier for the API request.","key":"x-request-id","value":"<string>"},{"key":"Accept","value":"application/json"}],"method":"POST","body":{"mode":"raw","raw":"{\n  \"operation\": {\n    \"reason\": \"Replacement due to lost card\",\n    \"reasonCode\": \"ACCOUNT_UPDATE\",\n    \"type\": \"UPDATE\"\n  },\n  \"accountInformation\": {\n    \"currentPan\": {\n      \"accountNumber\": \"172654826345827456\",\n      \"expirationDate\": {\n        \"month\": \"02\",\n        \"year\": \"2024\"\n      }\n    },\n    \"newPan\": {\n      \"accountNumber\": \"172654826345827457\",\n      \"expirationDate\": {\n        \"month\": \"12\",\n        \"year\": \"2028\"\n      }\n    }\n  },\n  \"audit\": {\n    \"userId\": \"A1435477\",\n    \"username\": \"John Smith\",\n    \"organization\": \"Solid Bank Inc\"\n  }\n}","options":{"raw":{"language":"json"}}}},"status":"Bad Request","code":400,"header":[{"key":"Content-Type","value":"application/json"}],"body":"{\n  \"responseCode\": \"au\",\n  \"responseDescription\": \"veniam enim\"\n}","cookie":[],"_postman_previewlanguage":"json"},{"id":"0b9c566b-1860-4b96-89c9-ebfa43f9e893","originalRequest":{"url":{"protocol":"https","path":["ftgw","v1","","ftgw","v1","panLifecycle"],"host":["int","api","firstdata","com"],"query":[],"variable":[]},"header":[{"disabled":false,"description":"HMAC authorization header","key":"Authorization","value":"commodo non in eiusmod"},{"disabled":false,"description":"Request timestamp","key":"Timestamp","value":"<string>"},{"disabled":false,"description":"Client-specific API Key issued during onboarding.","key":"apikey","value":"<string>"},{"disabled":false,"description":"The unique identifier for the API request.","key":"x-request-id","value":"<string>"},{"key":"Accept","value":"application/json"}],"method":"POST","body":{"mode":"raw","raw":"{\n  \"operation\": {\n    \"reason\": \"Replacement due to lost card\",\n    \"reasonCode\": \"ACCOUNT_UPDATE\",\n    \"type\": \"UPDATE\"\n  },\n  \"accountInformation\": {\n    \"currentPan\": {\n      \"accountNumber\": \"172654826345827456\",\n      \"expirationDate\": {\n        \"month\": \"02\",\n        \"year\": \"2024\"\n      }\n    },\n    \"newPan\": {\n      \"accountNumber\": \"172654826345827457\",\n      \"expirationDate\": {\n        \"month\": \"12\",\n        \"year\": \"2028\"\n      }\n    }\n  },\n  \"audit\": {\n    \"userId\": \"A1435477\",\n    \"username\": \"John Smith\",\n    \"organization\": \"Solid Bank Inc\"\n  }\n}","options":{"raw":{"language":"json"}}}},"status":"Internal Server Error","code":500,"header":[{"key":"Content-Type","value":"application/json"}],"body":"{\n  \"responseCode\": \"au\",\n  \"responseDescription\": \"veniam enim\"\n}","cookie":[],"_postman_previewlanguage":"json"}],"event":[],"protocolProfileBehavior":{"disableBodyPruning":true}},{"id":"8bdb0215-7f49-4e4c-b5b8-a5b4bf93e689","name":"Tokens Inquiry By PAN","request":{"name":"Tokens Inquiry By PAN","description":{"content":"This service enables the issuer to retrieve a list of all tokens for a PAN","type":"text/plain"},"url":{"protocol":"https","path":["ftgw","v1","","ftgw","v1","pan","retrieveTokens"],"host":["int","api","firstdata","com"],"query":[],"variable":[]},"header":[{"disabled":false,"description":"(Required) Allowed values: MDES - VTIS","key":"x-scheme","value":"<string>"},{"disabled":false,"description":"(Required) Client-specific API Key issued during onboarding.","key":"apikey","value":"<string>"},{"disabled":false,"description":"(Required) Request timestamp","key":"timestamp","value":"<string>"},{"disabled":false,"description":"(Required) The unique identifier for the API request.","key":"x-request-id","value":"<string>"},{"key":"Content-Type","value":"application/json"},{"key":"Accept","value":"application/json"}],"method":"POST","auth":null,"body":{"mode":"raw","raw":"{\n  \"pan\": {\n    \"number\": \"<string>\",\n    \"reference\": \"<string>\"\n  },\n  \"excludeDeleted\": \"<boolean>\",\n  \"includeDeviceTokens\": \"<boolean>\",\n  \"audit\": {\n    \"userId\": \"<string>\",\n    \"username\": \"<string>\",\n    \"organization\": \"<string>\"\n  }\n}","options":{"raw":{"language":"json"}}}},"response":[{"id":"64f7b83c-a4ac-4121-8995-7220cf86b934","name":"OK","originalRequest":{"url":{"protocol":"https","path":["ftgw","v1","","ftgw","v1","pan","retrieveTokens"],"host":["int","api","firstdata","com"],"query":[],"variable":[]},"header":[{"disabled":false,"description":"(Required) Allowed values: MDES - VTIS","key":"x-scheme","value":"<string>"},{"disabled":false,"description":"(Required) Client-specific API Key issued during onboarding.","key":"apikey","value":"<string>"},{"disabled":false,"description":"(Required) HMAC authorization header","key":"Authorization","value":"commodo non in eiusmod"},{"disabled":false,"description":"(Required) Request timestamp","key":"timestamp","value":"<string>"},{"disabled":false,"description":"(Required) The unique identifier for the API request.","key":"x-request-id","value":"<string>"},{"key":"Accept","value":"application/json"}],"method":"POST","body":{"mode":"raw","raw":"{\n  \"pan\": {\n    \"number\": \"5412345678901234\",\n    \"reference\": \"5414852168531475291452345678901\"\n  },\n  \"excludeDeleted\": \"<boolean>\",\n  \"includeDeviceTokens\": \"<boolean>\",\n  \"audit\": {\n    \"userId\": \"<string>\",\n    \"username\": \"<string>\",\n    \"organization\": \"<string>\"\n  }\n}","options":{"raw":{"language":"json"}}}},"status":"OK","code":200,"header":[{"key":"Content-Type","value":"application/json"}],"body":"{\n  \"tokenInformation\": [\n    {\n      \"token\": {\n        \"requestorId\": \"laborum id\",\n        \"referenceId\": \"reprehenderit do officia ea\",\n        \"type\": \"exercitation\",\n        \"status\": \"tempor minim ullamco do\"\n      },\n      \"pan\": {\n        \"referenceId\": \"commodo irure\",\n        \"suffix\": \"magna Ut\",\n        \"source\": \"proident \"\n      },\n      \"walletAccountId\": \"enim in\"\n    },\n    {\n      \"token\": {\n        \"requestorId\": \"est elit non enim\",\n        \"referenceId\": \"magna anim veniam\",\n        \"type\": \"veniam dolore aute\",\n        \"status\": \"voluptate Excepteur laboris eu\"\n      },\n      \"pan\": {\n        \"referenceId\": \"ex Excepteur proident sit\",\n        \"suffix\": \"mollit velit adipisicing ut culpa\",\n        \"source\": \"eu Ut proident\"\n      },\n      \"walletAccountId\": \"dolor in veniam\"\n    }\n  ]\n}","cookie":[],"_postman_previewlanguage":"json"},{"id":"fb0dc0ec-530b-44a1-9f79-111aa4f6da84","originalRequest":{"url":{"protocol":"https","path":["ftgw","v1","","ftgw","v1","pan","retrieveTokens"],"host":["int","api","firstdata","com"],"query":[],"variable":[]},"header":[{"disabled":false,"description":"(Required) Allowed values: MDES - VTIS","key":"x-scheme","value":"<string>"},{"disabled":false,"description":"(Required) Client-specific API Key issued during onboarding.","key":"apikey","value":"<string>"},{"disabled":false,"description":"(Required) HMAC authorization header","key":"Authorization","value":"commodo non in eiusmod"},{"disabled":false,"description":"(Required) Request timestamp","key":"timestamp","value":"<string>"},{"disabled":false,"description":"(Required) The unique identifier for the API request.","key":"x-request-id","value":"<string>"},{"key":"Accept","value":"application/json"}],"method":"POST","body":{"mode":"raw","raw":"{\n  \"pan\": {\n    \"number\": \"5412345678901234\",\n    \"reference\": \"5414852168531475291452345678901\"\n  },\n  \"excludeDeleted\": \"<boolean>\",\n  \"includeDeviceTokens\": \"<boolean>\",\n  \"audit\": {\n    \"userId\": \"<string>\",\n    \"username\": \"<string>\",\n    \"organization\": \"<string>\"\n  }\n}","options":{"raw":{"language":"json"}}}},"status":"Bad Request","code":400,"header":[{"key":"Content-Type","value":"application/json"}],"body":"{\n  \"responseCode\": \"au\",\n  \"responseDescription\": \"veniam enim\"\n}","cookie":[],"_postman_previewlanguage":"json"},{"id":"ee15b8d0-2d46-4755-b0e8-131c73f67ef8","originalRequest":{"url":{"protocol":"https","path":["ftgw","v1","","ftgw","v1","pan","retrieveTokens"],"host":["int","api","firstdata","com"],"query":[],"variable":[]},"header":[{"disabled":false,"description":"(Required) Allowed values: MDES - VTIS","key":"x-scheme","value":"<string>"},{"disabled":false,"description":"(Required) Client-specific API Key issued during onboarding.","key":"apikey","value":"<string>"},{"disabled":false,"description":"(Required) HMAC authorization header","key":"Authorization","value":"commodo non in eiusmod"},{"disabled":false,"description":"(Required) Request timestamp","key":"timestamp","value":"<string>"},{"disabled":false,"description":"(Required) The unique identifier for the API request.","key":"x-request-id","value":"<string>"},{"key":"Accept","value":"application/json"}],"method":"POST","body":{"mode":"raw","raw":"{\n  \"pan\": {\n    \"number\": \"5412345678901234\",\n    \"reference\": \"5414852168531475291452345678901\"\n  },\n  \"excludeDeleted\": \"<boolean>\",\n  \"includeDeviceTokens\": \"<boolean>\",\n  \"audit\": {\n    \"userId\": \"<string>\",\n    \"username\": \"<string>\",\n    \"organization\": \"<string>\"\n  }\n}","options":{"raw":{"language":"json"}}}},"status":"Internal Server Error","code":500,"header":[{"key":"Content-Type","value":"application/json"}],"body":"{\n  \"responseCode\": \"au\",\n  \"responseDescription\": \"veniam enim\"\n}","cookie":[],"_postman_previewlanguage":"json"}],"event":[],"protocolProfileBehavior":{"disableBodyPruning":true}},{"id":"dd77a161-8b1a-4a3d-ac8e-399ff2f08085","name":"Update Card Metadata","request":{"name":"Update Card Metadata","description":{"content":"VTIS Only.","type":"text/plain"},"url":{"protocol":"https","path":["ftgw","v1","","ftgw","v1","card","metadata"],"host":["int","api","firstdata","com"],"query":[],"variable":[]},"header":[{"disabled":false,"description":"(Required) Client-specific API key issued during onboarding by Fiserv","key":"apikey","value":"<string>"},{"disabled":false,"description":"(Required) Request timestamp","key":"timestamp","value":"<string>"},{"disabled":false,"description":"(Required) The unique identifier for the API request","key":"x-request-id","value":"<string>"},{"disabled":false,"description":"(Required) Allowed values: VTIS","key":"x-scheme","value":"<string>"},{"key":"Content-Type","value":"application/json"},{"key":"Accept","value":"application/json"}],"method":"PUT","auth":null,"body":{"mode":"raw","raw":"{\n  \"operationReason\": \"<string>\",\n  \"token\": {\n    \"requestorId\": \"<string>\",\n    \"referenceId\": \"<string>\"\n  },\n  \"panReferenceId\": \"<string>\",\n  \"operatorId\": \"<string>\",\n  \"encryptedData\": {\n    \"pan\": \"<string>\"\n  },\n  \"cardMetadata\": {\n    \"issuer\": \"<string>\",\n    \"color\": {\n      \"foreground\": \"<string>\",\n      \"background\": \"<string>\",\n      \"label\": \"<string>\"\n    },\n    \"description\": {\n      \"short\": \"<string>\",\n      \"long\": \"<string>\"\n    },\n    \"termsAndConditions\": {\n      \"id\": \"<string>\",\n      \"url\": \"<string>\"\n    },\n    \"profileId\": \"<string>\",\n    \"privacyPolicyUrl\": \"<string>\",\n    \"cardArtData\": {\n      \"referenceId\": [\n        \"<string>\",\n        \"<string>\"\n      ]\n    },\n    \"contactInformation\": {\n      \"website\": \"<string>\",\n      \"email\": \"<string>\",\n      \"number\": \"<string>\",\n      \"name\": \"<string>\"\n    },\n    \"applicationInformation\": {\n      \"isTokenNotificationSupported\": false,\n      \"isFPANNotificationSupported\": false,\n      \"transaction\": {\n        \"serviceUrl\": \"<string>\",\n        \"pushTopic\": \"<string>\"\n      },\n      \"message\": {\n        \"serviceUrl\": \"<string>\",\n        \"pushTopic\": \"<string>\"\n      },\n      \"applicationLaunch\": {\n        \"url\": \"<string>\",\n        \"urlScheme\": \"<string>\"\n      },\n      \"associatedIdentifiers\": {\n        \"store\": \"<string>\",\n        \"application\": \"<string>\"\n      }\n    }\n  }\n}","options":{"raw":{"language":"json"}}}},"response":[{"id":"3466c036-eab8-4aef-92ca-b7081c306863","name":"OK","originalRequest":{"url":{"protocol":"https","path":["ftgw","v1","","ftgw","v1","card","metadata"],"host":["int","api","firstdata","com"],"query":[],"variable":[]},"header":[{"disabled":false,"description":"(Required) HMAC authorization header","key":"Authorization","value":"commodo non in eiusmod"},{"disabled":false,"description":"(Required) Client-specific API key issued during onboarding by Fiserv","key":"apikey","value":"<string>"},{"disabled":false,"description":"(Required) Request timestamp","key":"timestamp","value":"<string>"},{"disabled":false,"description":"(Required) The unique identifier for the API request","key":"x-request-id","value":"<string>"},{"disabled":false,"description":"(Required) Allowed values: VTIS","key":"x-scheme","value":"<string>"},{"key":"Accept","value":"application/json"}],"method":"PUT","body":{"mode":"raw","raw":"{\n  \"operationReason\": \"<string>\",\n  \"token\": {\n    \"requestorId\": \"<string>\",\n    \"referenceId\": \"<string>\"\n  },\n  \"panReferenceId\": \"<string>\",\n  \"operatorId\": \"<string>\",\n  \"encryptedData\": {\n    \"pan\": \"<string>\"\n  },\n  \"cardMetadata\": {\n    \"issuer\": \"<string>\",\n    \"color\": {\n      \"foreground\": \"rgb(255,122,235)\",\n      \"background\": \"rgb(255,122,235)\",\n      \"label\": \"rgb(255,122,235)\"\n    },\n    \"description\": {\n      \"short\": \"The Bank Card\",\n      \"long\": \"The Bank Signature Rewards Card\"\n    },\n    \"termsAndConditions\": {\n      \"id\": \"<string>\",\n      \"url\": \"<string>\"\n    },\n    \"profileId\": \"<string>\",\n    \"privacyPolicyUrl\": \"<string>\",\n    \"cardArtData\": {\n      \"referenceId\": [\n        \"<string>\",\n        \"<string>\"\n      ]\n    },\n    \"contactInformation\": {\n      \"website\": \"<string>\",\n      \"email\": \"<string>\",\n      \"number\": \"<string>\",\n      \"name\": \"<string>\"\n    },\n    \"applicationInformation\": {\n      \"isTokenNotificationSupported\": false,\n      \"isFPANNotificationSupported\": false,\n      \"transaction\": {\n        \"serviceUrl\": \"<string>\",\n        \"pushTopic\": \"<string>\"\n      },\n      \"message\": {\n        \"serviceUrl\": \"<string>\",\n        \"pushTopic\": \"<string>\"\n      },\n      \"applicationLaunch\": {\n        \"url\": \"<string>\",\n        \"urlScheme\": \"<string>\"\n      },\n      \"associatedIdentifiers\": {\n        \"store\": \"<string>\",\n        \"application\": \"<string>\"\n      }\n    }\n  }\n}","options":{"raw":{"language":"json"}}}},"status":"OK","code":200,"header":[{"key":"Content-Type","value":"application/json"}],"body":"{\n  \"responseDetails\": [\n    {\n      \"token\": {\n        \"requestorId\": \"cupidatat laboris\",\n        \"referenceId\": \"sint fugiat culpa Excepteur in\"\n      },\n      \"panReferenceId\": \"cupidatat dolore proident tempor voluptate\",\n      \"taskId\": \"non consectetur eu\",\n      \"statusCode\": \"PENDING\",\n      \"errorCode\": \"et in ut veniam\"\n    },\n    {\n      \"token\": {\n        \"requestorId\": \"aute ut\",\n        \"referenceId\": \"\"\n      },\n      \"panReferenceId\": \"non irure dolore ut ad\",\n      \"taskId\": \"dol\",\n      \"statusCode\": \"PENDING\",\n      \"errorCode\": \"tempor ad laboris fugiat Lorem\"\n    }\n  ]\n}","cookie":[],"_postman_previewlanguage":"json"},{"id":"6e1a6300-822a-46fc-aa7d-951e10434215","originalRequest":{"url":{"protocol":"https","path":["ftgw","v1","","ftgw","v1","card","metadata"],"host":["int","api","firstdata","com"],"query":[],"variable":[]},"header":[{"disabled":false,"description":"(Required) HMAC authorization header","key":"Authorization","value":"commodo non in eiusmod"},{"disabled":false,"description":"(Required) Client-specific API key issued during onboarding by Fiserv","key":"apikey","value":"<string>"},{"disabled":false,"description":"(Required) Request timestamp","key":"timestamp","value":"<string>"},{"disabled":false,"description":"(Required) The unique identifier for the API request","key":"x-request-id","value":"<string>"},{"disabled":false,"description":"(Required) Allowed values: VTIS","key":"x-scheme","value":"<string>"},{"key":"Accept","value":"application/json"}],"method":"PUT","body":{"mode":"raw","raw":"{\n  \"operationReason\": \"<string>\",\n  \"token\": {\n    \"requestorId\": \"<string>\",\n    \"referenceId\": \"<string>\"\n  },\n  \"panReferenceId\": \"<string>\",\n  \"operatorId\": \"<string>\",\n  \"encryptedData\": {\n    \"pan\": \"<string>\"\n  },\n  \"cardMetadata\": {\n    \"issuer\": \"<string>\",\n    \"color\": {\n      \"foreground\": \"rgb(255,122,235)\",\n      \"background\": \"rgb(255,122,235)\",\n      \"label\": \"rgb(255,122,235)\"\n    },\n    \"description\": {\n      \"short\": \"The Bank Card\",\n      \"long\": \"The Bank Signature Rewards Card\"\n    },\n    \"termsAndConditions\": {\n      \"id\": \"<string>\",\n      \"url\": \"<string>\"\n    },\n    \"profileId\": \"<string>\",\n    \"privacyPolicyUrl\": \"<string>\",\n    \"cardArtData\": {\n      \"referenceId\": [\n        \"<string>\",\n        \"<string>\"\n      ]\n    },\n    \"contactInformation\": {\n      \"website\": \"<string>\",\n      \"email\": \"<string>\",\n      \"number\": \"<string>\",\n      \"name\": \"<string>\"\n    },\n    \"applicationInformation\": {\n      \"isTokenNotificationSupported\": false,\n      \"isFPANNotificationSupported\": false,\n      \"transaction\": {\n        \"serviceUrl\": \"<string>\",\n        \"pushTopic\": \"<string>\"\n      },\n      \"message\": {\n        \"serviceUrl\": \"<string>\",\n        \"pushTopic\": \"<string>\"\n      },\n      \"applicationLaunch\": {\n        \"url\": \"<string>\",\n        \"urlScheme\": \"<string>\"\n      },\n      \"associatedIdentifiers\": {\n        \"store\": \"<string>\",\n        \"application\": \"<string>\"\n      }\n    }\n  }\n}","options":{"raw":{"language":"json"}}}},"status":"Bad Request","code":400,"header":[{"key":"Content-Type","value":"application/json"}],"body":"{\n  \"responseCode\": \"au\",\n  \"responseDescription\": \"veniam enim\"\n}","cookie":[],"_postman_previewlanguage":"json"},{"id":"3ca5c1f7-9ff4-40dd-b730-c5d2b2b9a9c1","originalRequest":{"url":{"protocol":"https","path":["ftgw","v1","","ftgw","v1","card","metadata"],"host":["int","api","firstdata","com"],"query":[],"variable":[]},"header":[{"disabled":false,"description":"(Required) HMAC authorization header","key":"Authorization","value":"commodo non in eiusmod"},{"disabled":false,"description":"(Required) Client-specific API key issued during onboarding by Fiserv","key":"apikey","value":"<string>"},{"disabled":false,"description":"(Required) Request timestamp","key":"timestamp","value":"<string>"},{"disabled":false,"description":"(Required) The unique identifier for the API request","key":"x-request-id","value":"<string>"},{"disabled":false,"description":"(Required) Allowed values: VTIS","key":"x-scheme","value":"<string>"},{"key":"Accept","value":"application/json"}],"method":"PUT","body":{"mode":"raw","raw":"{\n  \"operationReason\": \"<string>\",\n  \"token\": {\n    \"requestorId\": \"<string>\",\n    \"referenceId\": \"<string>\"\n  },\n  \"panReferenceId\": \"<string>\",\n  \"operatorId\": \"<string>\",\n  \"encryptedData\": {\n    \"pan\": \"<string>\"\n  },\n  \"cardMetadata\": {\n    \"issuer\": \"<string>\",\n    \"color\": {\n      \"foreground\": \"rgb(255,122,235)\",\n      \"background\": \"rgb(255,122,235)\",\n      \"label\": \"rgb(255,122,235)\"\n    },\n    \"description\": {\n      \"short\": \"The Bank Card\",\n      \"long\": \"The Bank Signature Rewards Card\"\n    },\n    \"termsAndConditions\": {\n      \"id\": \"<string>\",\n      \"url\": \"<string>\"\n    },\n    \"profileId\": \"<string>\",\n    \"privacyPolicyUrl\": \"<string>\",\n    \"cardArtData\": {\n      \"referenceId\": [\n        \"<string>\",\n        \"<string>\"\n      ]\n    },\n    \"contactInformation\": {\n      \"website\": \"<string>\",\n      \"email\": \"<string>\",\n      \"number\": \"<string>\",\n      \"name\": \"<string>\"\n    },\n    \"applicationInformation\": {\n      \"isTokenNotificationSupported\": false,\n      \"isFPANNotificationSupported\": false,\n      \"transaction\": {\n        \"serviceUrl\": \"<string>\",\n        \"pushTopic\": \"<string>\"\n      },\n      \"message\": {\n        \"serviceUrl\": \"<string>\",\n        \"pushTopic\": \"<string>\"\n      },\n      \"applicationLaunch\": {\n        \"url\": \"<string>\",\n        \"urlScheme\": \"<string>\"\n      },\n      \"associatedIdentifiers\": {\n        \"store\": \"<string>\",\n        \"application\": \"<string>\"\n      }\n    }\n  }\n}","options":{"raw":{"language":"json"}}}},"status":"Internal Server Error","code":500,"header":[{"key":"Content-Type","value":"application/json"}],"body":"{\n  \"responseCode\": \"au\",\n  \"responseDescription\": \"veniam enim\"\n}","cookie":[],"_postman_previewlanguage":"json"}],"event":[],"protocolProfileBehavior":{"disableBodyPruning":true}}],"event":[]}],"event":[],"variable":[{"type":"string","value":"https://int.api.firstdata.com/ftgw/v1/","key":"baseUrl"}],"info":{"_postman_id":"69219c64-64e1-4e6d-94fe-8498302e9519","name":"Lifecycle","schema":"https://schema.getpostman.com/json/collection/v2.1.0/collection.json","description":{"content":"","type":"text/plain"}}}