{"item":[{"id":"258e082e-3a8b-4ba6-b91b-a4dd085abc57","name":"Send OTP","request":{"name":"Send OTP","description":{"content":"Endpoint exposed by the issuer to receive the OTP sent by Fiserv. The issuer will deliver the OTP to the cardholder.","type":"text/plain"},"url":{"path":["otp","v1","","send-otp"],"host":["{{issuer.enpoint}}"],"query":[],"variable":[{"description":{"content":"","type":"text/plain"},"type":"any","value":"","key":"issuer Enpoint"}]},"header":[{"disabled":false,"description":"This header will be populated only if the issuer has selected apikey as authorization method, it will be populated with the apikey shared by the issuer. Apikey authorization method can be selected only for issuers with private connection.","key":"apikey","value":"<string>"},{"disabled":false,"description":"(Required) The unique identifier for the API request.","key":"x-request-id","value":"<string>"},{"disabled":false,"description":"(Required) Allowed values: AMEX - MDES - VTIS","key":"x-scheme","value":"<string>"},{"key":"Content-Type","value":"application/json"},{"key":"Accept","value":"application/json"}],"method":"POST","auth":null,"body":{"mode":"raw","raw":"{\n  \"otp\": {\n    \"value\": \"<string>\",\n    \"expirationDate\": \"<string>\",\n    \"reason\": \"<string>\",\n    \"contactMethod\": {\n      \"type\": \"<string>\",\n      \"value\": \"<string>\"\n    }\n  }\n}","options":{"raw":{"language":"json"}}}},"response":[{"id":"c3e2f859-e136-4f4b-b5aa-21ed558816e5","name":"OK","originalRequest":{"url":{"path":["otp","v1","","send-otp"],"host":["{{issuer.enpoint}}"],"query":[],"variable":[{"description":{"content":"","type":"text/plain"},"type":"any","value":"","key":"issuer Enpoint"}]},"header":[{"disabled":false,"description":"This header will be populated only if the issuer has selected apikey as authorization method, it will be populated with the apikey shared by the issuer. Apikey authorization method can be selected only for issuers with private connection.","key":"apikey","value":"<string>"},{"disabled":false,"description":"Authorization Bearer token. This header will be populated only if issuer has selected OAuth as authorization method. OAuth authentication method is required for internet connection, optional for private connection.","key":"Authorization","value":"sed culpa"},{"disabled":false,"description":"(Required) The unique identifier for the API request.","key":"x-request-id","value":"<string>"},{"disabled":false,"description":"(Required) Allowed values: AMEX - MDES - VTIS","key":"x-scheme","value":"<string>"}],"method":"POST","body":{"mode":"raw","raw":"{\n  \"otp\": {\n    \"value\": \"<string>\",\n    \"expirationDate\": \"<string>\",\n    \"reason\": \"<string>\",\n    \"contactMethod\": {\n      \"type\": \"<string>\",\n      \"value\": \"<string>\"\n    }\n  }\n}","options":{"raw":{"language":"json"}}}},"status":"OK","code":200,"header":[{"key":"Content-Type","value":"text/plain"}],"body":"","cookie":[],"_postman_previewlanguage":"text"},{"id":"024130e6-52ec-422c-af12-7184297e5b7a","originalRequest":{"url":{"path":["otp","v1","","send-otp"],"host":["{{issuer.enpoint}}"],"query":[],"variable":[{"description":{"content":"","type":"text/plain"},"type":"any","value":"","key":"issuer Enpoint"}]},"header":[{"disabled":false,"description":"This header will be populated only if the issuer has selected apikey as authorization method, it will be populated with the apikey shared by the issuer. Apikey authorization method can be selected only for issuers with private connection.","key":"apikey","value":"<string>"},{"disabled":false,"description":"Authorization Bearer token. This header will be populated only if issuer has selected OAuth as authorization method. OAuth authentication method is required for internet connection, optional for private connection.","key":"Authorization","value":"sed culpa"},{"disabled":false,"description":"(Required) The unique identifier for the API request.","key":"x-request-id","value":"<string>"},{"disabled":false,"description":"(Required) Allowed values: AMEX - MDES - VTIS","key":"x-scheme","value":"<string>"},{"key":"Accept","value":"application/json"}],"method":"POST","body":{"mode":"raw","raw":"{\n  \"otp\": {\n    \"value\": \"<string>\",\n    \"expirationDate\": \"<string>\",\n    \"reason\": \"<string>\",\n    \"contactMethod\": {\n      \"type\": \"<string>\",\n      \"value\": \"<string>\"\n    }\n  }\n}","options":{"raw":{"language":"json"}}}},"status":"Bad Request","code":400,"header":[{"key":"Content-Type","value":"application/json"}],"body":"{\n  \"responseCode\": \"co\",\n  \"responseDescription\": \"ad veniam adipisicing in\"\n}","cookie":[],"_postman_previewlanguage":"json"},{"id":"ac32717d-e218-48dd-b2cf-65835e07cf21","name":"Unauthorized","originalRequest":{"url":{"path":["otp","v1","","send-otp"],"host":["{{issuer.enpoint}}"],"query":[],"variable":[{"description":{"content":"","type":"text/plain"},"type":"any","value":"","key":"issuer Enpoint"}]},"header":[{"disabled":false,"description":"This header will be populated only if the issuer has selected apikey as authorization method, it will be populated with the apikey shared by the issuer. Apikey authorization method can be selected only for issuers with private connection.","key":"apikey","value":"<string>"},{"disabled":false,"description":"Authorization Bearer token. This header will be populated only if issuer has selected OAuth as authorization method. OAuth authentication method is required for internet connection, optional for private connection.","key":"Authorization","value":"sed culpa"},{"disabled":false,"description":"(Required) The unique identifier for the API request.","key":"x-request-id","value":"<string>"},{"disabled":false,"description":"(Required) Allowed values: AMEX - MDES - VTIS","key":"x-scheme","value":"<string>"}],"method":"POST","body":{"mode":"raw","raw":"{\n  \"otp\": {\n    \"value\": \"<string>\",\n    \"expirationDate\": \"<string>\",\n    \"reason\": \"<string>\",\n    \"contactMethod\": {\n      \"type\": \"<string>\",\n      \"value\": \"<string>\"\n    }\n  }\n}","options":{"raw":{"language":"json"}}}},"status":"Unauthorized","code":401,"header":[{"key":"Content-Type","value":"text/plain"}],"body":"","cookie":[],"_postman_previewlanguage":"text"},{"id":"8907b072-e88b-41bc-9251-658b4c85e56f","name":"Internal Server Error","originalRequest":{"url":{"path":["otp","v1","","send-otp"],"host":["{{issuer.enpoint}}"],"query":[],"variable":[{"description":{"content":"","type":"text/plain"},"type":"any","value":"","key":"issuer Enpoint"}]},"header":[{"disabled":false,"description":"This header will be populated only if the issuer has selected apikey as authorization method, it will be populated with the apikey shared by the issuer. Apikey authorization method can be selected only for issuers with private connection.","key":"apikey","value":"<string>"},{"disabled":false,"description":"Authorization Bearer token. This header will be populated only if issuer has selected OAuth as authorization method. OAuth authentication method is required for internet connection, optional for private connection.","key":"Authorization","value":"sed culpa"},{"disabled":false,"description":"(Required) The unique identifier for the API request.","key":"x-request-id","value":"<string>"},{"disabled":false,"description":"(Required) Allowed values: AMEX - MDES - VTIS","key":"x-scheme","value":"<string>"},{"key":"Accept","value":"application/json"}],"method":"POST","body":{"mode":"raw","raw":"{\n  \"otp\": {\n    \"value\": \"<string>\",\n    \"expirationDate\": \"<string>\",\n    \"reason\": \"<string>\",\n    \"contactMethod\": {\n      \"type\": \"<string>\",\n      \"value\": \"<string>\"\n    }\n  }\n}","options":{"raw":{"language":"json"}}}},"status":"Internal Server Error","code":500,"header":[{"key":"Content-Type","value":"application/json"}],"body":"{\n  \"responseCode\": \"a\",\n  \"responseDescription\": \"magna cillum proident est\"\n}","cookie":[],"_postman_previewlanguage":"json"},{"id":"d718f537-a58e-47bc-8838-e8c1950d6382","name":"Service Unavailable","originalRequest":{"url":{"path":["otp","v1","","send-otp"],"host":["{{issuer.enpoint}}"],"query":[],"variable":[{"description":{"content":"","type":"text/plain"},"type":"any","value":"","key":"issuer Enpoint"}]},"header":[{"disabled":false,"description":"This header will be populated only if the issuer has selected apikey as authorization method, it will be populated with the apikey shared by the issuer. Apikey authorization method can be selected only for issuers with private connection.","key":"apikey","value":"<string>"},{"disabled":false,"description":"Authorization Bearer token. This header will be populated only if issuer has selected OAuth as authorization method. OAuth authentication method is required for internet connection, optional for private connection.","key":"Authorization","value":"sed culpa"},{"disabled":false,"description":"(Required) The unique identifier for the API request.","key":"x-request-id","value":"<string>"},{"disabled":false,"description":"(Required) Allowed values: AMEX - MDES - VTIS","key":"x-scheme","value":"<string>"}],"method":"POST","body":{"mode":"raw","raw":"{\n  \"otp\": {\n    \"value\": \"<string>\",\n    \"expirationDate\": \"<string>\",\n    \"reason\": \"<string>\",\n    \"contactMethod\": {\n      \"type\": \"<string>\",\n      \"value\": \"<string>\"\n    }\n  }\n}","options":{"raw":{"language":"json"}}}},"status":"Service Unavailable","code":503,"header":[{"key":"Content-Type","value":"text/plain"}],"body":"","cookie":[],"_postman_previewlanguage":"text"}],"event":[],"protocolProfileBehavior":{"disableBodyPruning":true}},{"id":"d08ea668-f0f1-4b1e-b718-2c91a74bd9e3","name":"Token Access","request":{"name":"Token Access","description":{"content":"Endpoint exposed by the issuer to generate an access token. OAuth is required when establishing a connection with the issuer's endpoint via internet.","type":"text/plain"},"url":{"path":["otp","v1","","token"],"host":["{{issuer.enpoint}}"],"query":[],"variable":[{"description":{"content":"","type":"text/plain"},"type":"any","value":"","key":"issuer Enpoint"}]},"header":[{"disabled":false,"description":"(Required) The unique identifier for the API request.","key":"x-request-id","value":"<string>"},{"disabled":false,"description":"(Required) Allowed values: AMEX - MDES - VTIS","key":"x-scheme","value":"<string>"},{"key":"Content-Type","value":"application/x-www-form-urlencoded"},{"key":"Accept","value":"application/json"}],"method":"POST","auth":null,"body":{"mode":"urlencoded","urlencoded":[{"disabled":false,"key":"grant_type","value":"client_credentials","description":"(Required) Grant type to request access."}]}},"response":[{"id":"b8c5c18f-3762-42f2-8072-8ec42b23da16","name":"OK","originalRequest":{"url":{"path":["otp","v1","","token"],"host":["{{issuer.enpoint}}"],"query":[],"variable":[{"description":{"content":"","type":"text/plain"},"type":"any","value":"","key":"issuer Enpoint"}]},"header":[{"disabled":false,"description":"(Required) Basic Authorization base 64 encoded. Issuer will share user and password. ","key":"Authorization","value":"sed culpa"},{"disabled":false,"description":"(Required) The unique identifier for the API request.","key":"x-request-id","value":"<string>"},{"disabled":false,"description":"(Required) Allowed values: AMEX - MDES - VTIS","key":"x-scheme","value":"<string>"},{"key":"Accept","value":"application/json"}],"method":"POST","body":{"mode":"urlencoded","urlencoded":[{"disabled":false,"description":{"content":"(Required) Grant type to request access.","type":"text/plain"},"key":"grant_type","value":"client_credentials"}]}},"status":"OK","code":200,"header":[{"key":"Content-Type","value":"application/json"}],"body":"{\n  \"accessToken\": \"fug\",\n  \"tokenType\": \"Bearer\",\n  \"issuedAt\": \"cupidata\",\n  \"expiresIn\": \"ad ut aute in aliqua\"\n}","cookie":[],"_postman_previewlanguage":"json"},{"id":"cabba720-b18c-48de-8d9c-b761c64aa0cb","name":"Unauthorized","originalRequest":{"url":{"path":["otp","v1","","token"],"host":["{{issuer.enpoint}}"],"query":[],"variable":[{"description":{"content":"","type":"text/plain"},"type":"any","value":"","key":"issuer Enpoint"}]},"header":[{"disabled":false,"description":"(Required) Basic Authorization base 64 encoded. Issuer will share user and password. ","key":"Authorization","value":"sed culpa"},{"disabled":false,"description":"(Required) The unique identifier for the API request.","key":"x-request-id","value":"<string>"},{"disabled":false,"description":"(Required) Allowed values: AMEX - MDES - VTIS","key":"x-scheme","value":"<string>"}],"method":"POST","body":{"mode":"urlencoded","urlencoded":[{"disabled":false,"description":{"content":"(Required) Grant type to request access.","type":"text/plain"},"key":"grant_type","value":"client_credentials"}]}},"status":"Unauthorized","code":401,"header":[{"key":"Content-Type","value":"text/plain"}],"body":"","cookie":[],"_postman_previewlanguage":"text"},{"id":"57797a6a-d7ee-48cb-9992-371a6d2bfdca","name":"Internal Server Error","originalRequest":{"url":{"path":["otp","v1","","token"],"host":["{{issuer.enpoint}}"],"query":[],"variable":[{"description":{"content":"","type":"text/plain"},"type":"any","value":"","key":"issuer Enpoint"}]},"header":[{"disabled":false,"description":"(Required) Basic Authorization base 64 encoded. Issuer will share user and password. ","key":"Authorization","value":"sed culpa"},{"disabled":false,"description":"(Required) The unique identifier for the API request.","key":"x-request-id","value":"<string>"},{"disabled":false,"description":"(Required) Allowed values: AMEX - MDES - VTIS","key":"x-scheme","value":"<string>"},{"key":"Accept","value":"application/json"}],"method":"POST","body":{"mode":"urlencoded","urlencoded":[{"disabled":false,"description":{"content":"(Required) Grant type to request access.","type":"text/plain"},"key":"grant_type","value":"client_credentials"}]}},"status":"Internal Server Error","code":500,"header":[{"key":"Content-Type","value":"application/json"}],"body":"{\n  \"responseCode\": \"a\",\n  \"responseDescription\": \"magna cillum proident est\"\n}","cookie":[],"_postman_previewlanguage":"json"},{"id":"0ed4efa8-0fce-4d28-9ef9-f2f684ee9408","name":"Service Unavailable","originalRequest":{"url":{"path":["otp","v1","","token"],"host":["{{issuer.enpoint}}"],"query":[],"variable":[{"description":{"content":"","type":"text/plain"},"type":"any","value":"","key":"issuer Enpoint"}]},"header":[{"disabled":false,"description":"(Required) Basic Authorization base 64 encoded. Issuer will share user and password. ","key":"Authorization","value":"sed culpa"},{"disabled":false,"description":"(Required) The unique identifier for the API request.","key":"x-request-id","value":"<string>"},{"disabled":false,"description":"(Required) Allowed values: AMEX - MDES - VTIS","key":"x-scheme","value":"<string>"}],"method":"POST","body":{"mode":"urlencoded","urlencoded":[{"disabled":false,"description":{"content":"(Required) Grant type to request access.","type":"text/plain"},"key":"grant_type","value":"client_credentials"}]}},"status":"Service Unavailable","code":503,"header":[{"key":"Content-Type","value":"text/plain"}],"body":"","cookie":[],"_postman_previewlanguage":"text"}],"event":[],"protocolProfileBehavior":{"disableBodyPruning":true}}],"event":[],"variable":[{"description":{"content":"","type":"text/plain"},"type":"any","value":"","key":"issuer Enpoint"},{"type":"string","value":"{{issuer.enpoint}}/otp/v1/","key":"baseUrl"}],"info":{"_postman_id":"a3a96f81-eb69-4068-b7ed-e1a18a55eb20","name":"Tokens","schema":"https://schema.getpostman.com/json/collection/v2.1.0/collection.json","description":{"content":"API exposed by the issuer to receive an OTP. The issuer will manage the OTP delivery to the final user.","type":"text/plain"}}}