{"item":[{"id":"890c08a7-7a67-4baa-bd5d-d8105f6c21f0","name":"utilities/v4","item":[{"id":"492ea231-df7d-4809-a857-007d703a0819","name":"DEBIT_DDA_MAINTENANCE ODS View","request":{"name":"DEBIT_DDA_MAINTENANCE ODS View","description":{"content":"The DEBIT_DDA_MAINTENANCE view provides access to information about demand deposit accounts linked to a principal account identifier for online debit processors. <br><br> <b>Relates to:</b>\n  \n  <blockquote style=\"border-left: 0.375em solid #40a9ff; background-color: #e6f7ff; border-radius: 3px; padding: 1em;\" ><div>DEBIT_DDA_MAINTENANCE View, <a target=\"_blank\" title=\"Click to open in a new tab\" href=\"https://documentation.fiserv.com/bundle/Open-Data-Streams/page/00A_ODS/Views/04ODS_DEBITviews/04ODS_DEBITviews.xhtml#IX_DEBIT_DDA_MAINTENANCE\"> click here</a>.</div></blockquote>","type":"text/plain"},"url":{"path":["utilities","v4","consumerAccounts"],"host":["{{baseUrl}}"],"query":[],"variable":[]},"header":[{"key":"Content-Type","value":"application/json"},{"key":"Accept","value":"*/*"}],"method":"POST","auth":null,"body":{"mode":"raw","raw":"{\n  \"common\": {\n    \"user\": \"<string>\",\n    \"agent\": \"<string>\",\n    \"cycle\": \"<string>\",\n    \"clientNumber\": \"<string>\",\n    \"system\": \"<string>\",\n    \"prin\": \"<string>\",\n    \"debug\": false,\n    \"org\": \"<string>\",\n    \"processor\": false,\n    \"contentType\": \"<string>\",\n    \"retry\": \"<long>\",\n    \"timeout\": \"<long>\",\n    \"siteId\": \"<string>\",\n    \"externalCustomerId\": \"<string>\",\n    \"accountId\": \"<string>\",\n    \"presentationId\": \"<string>\"\n  }\n}","options":{"raw":{"language":"json"}}}},"response":[{"id":"954d6ee0-09d4-4d78-9ef3-e8e3b195066b","name":"successful operation","originalRequest":{"url":{"path":["utilities","v4","consumerAccounts"],"host":["{{baseUrl}}"],"query":[],"variable":[]},"header":[{"key":"Accept","value":"*/*"}],"method":"POST","body":{"mode":"raw","raw":"{\n  \"common\": {\n    \"user\": \"<string>\",\n    \"agent\": \"4000\",\n    \"cycle\": \"T\",\n    \"clientNumber\": \"1000\",\n    \"system\": \"2000\",\n    \"prin\": \"3000\",\n    \"debug\": false,\n    \"org\": \"<string>\",\n    \"processor\": false,\n    \"contentType\": \"<string>\",\n    \"retry\": \"<long>\",\n    \"timeout\": 45000,\n    \"siteId\": \"4201\",\n    \"externalCustomerId\": \"<string>\",\n    \"accountId\": \"8888888888888888\",\n    \"presentationId\": \"<string>\"\n  }\n}","options":{"raw":{"language":"json"}}}},"status":"OK","code":200,"header":[{"key":"Content-Type","value":"*/*"}],"body":"{\n  \"processorInfo\": {\n    \"system\": \"veniam nisi quis ut\",\n    \"cycle\": \"adipisicing eiusmod\",\n    \"tor\": \"elit ad irure laboris\",\n    \"mode\": \"Lorem ullamco mollit aliqua\"\n  },\n  \"fundingAccount\": \"ex minim exercitation laborum\",\n  \"primaryDdaAccount\": \"est exercitation\",\n  \"primarySavingsAccount\": \"nulla id sit consectetur\",\n  \"totalAccountsCount\": \"aute\",\n  \"fundingAccountTypeCode\": \"esse\"\n}","cookie":[],"_postman_previewlanguage":"json"}],"event":[],"protocolProfileBehavior":{"disableBodyPruning":true}},{"id":"d3dbf350-fc73-4cbd-8621-436cc0d9d4ac","name":"CONSUMER_COMMUNICATION_HISTORY ODS View","request":{"name":"CONSUMER_COMMUNICATION_HISTORY ODS View","description":{"content":"This service calls the existing consumerCommunicationHistory service located in the fs-consumer-preferences package. All fields are taken from the CONSUMER_COMMUNICATION_HISTORY ODS View. This service extends the functionality of this view, by adding a custom field to the response object, allowing the user to get the status update fields in a more structured format. Required Fields: enteredIdentifier (Either Account Identifier or Presentation Identifier is allowed), and the selectFields that you wish to retrieve. You can also put in the optional parameters: eventTypeCode, startDate, and endDate in order to narrow your search further.<br><br> <b>Relates to:</b>\n  \n  <blockquote style=\"border-left: 0.375em solid #40a9ff; background-color: #e6f7ff; border-radius: 3px; padding: 1em;\" ><div>CONSUMER_COMMUNICATION_HISTORY View, <a target=\"_blank\" title=\"Click to open in a new tab\" href=\"https://documentation.fiserv.com/bundle/Open-Data-Streams/page/00A_ODS/Views/04ODS_ELECTRONIC_COMMUNICATIONviews/04ODS_ELECTRONIC_COMMUNICATIONviews.xhtml#IX_CONSUMER_COMMUNICATION\"> click here</a>.</div></blockquote>","type":"text/plain"},"url":{"path":["utilities","v4","consumerPreferenceAlertsFields"],"host":["{{baseUrl}}"],"query":[],"variable":[]},"header":[{"key":"Content-Type","value":"application/json"},{"key":"Accept","value":"application/json"}],"method":"POST","auth":null,"body":{"mode":"raw","raw":"{\n  \"endSequence\": \"<string>\",\n  \"selectFields\": [\n    \"<string>\"\n  ],\n  \"startSequence\": \"<string>\",\n  \"common\": {\n    \"user\": \"<string>\",\n    \"agent\": \"<string>\",\n    \"cycle\": \"<string>\",\n    \"clientNumber\": \"<string>\",\n    \"system\": \"<string>\",\n    \"prin\": \"<string>\",\n    \"debug\": false,\n    \"org\": \"<string>\",\n    \"processor\": false,\n    \"contentType\": \"<string>\",\n    \"retry\": \"<long>\",\n    \"timeout\": \"<long>\",\n    \"siteId\": \"<string>\",\n    \"externalCustomerId\": \"<string>\",\n    \"accountId\": \"<string>\",\n    \"presentationId\": \"<string>\"\n  },\n  \"odsNaming\": false,\n  \"eventTypeCode\": \"<string>\",\n  \"startDate\": \"<string>\",\n  \"endDate\": \"<string>\"\n}","options":{"raw":{"language":"json"}}}},"response":[{"id":"ef3abc99-93f4-4726-9beb-dd57dc6cf733","name":"successful operation","originalRequest":{"url":{"path":["utilities","v4","consumerPreferenceAlertsFields"],"host":["{{baseUrl}}"],"query":[],"variable":[]},"header":[{"key":"Accept","value":"application/json"}],"method":"POST","body":{"mode":"raw","raw":"{\n  \"endSequence\": \"500\",\n  \"selectFields\": [\n    \"anyvalidfieldname1\",\n    \"anyvalidfieldname2\",\n    \"anyvalidfieldname3\",\n    \"anyvalidfieldname?\",\n    \"anyvalidfieldname?n\"\n  ],\n  \"startSequence\": \"1\",\n  \"common\": {\n    \"user\": \"<string>\",\n    \"agent\": \"4000\",\n    \"cycle\": \"T\",\n    \"clientNumber\": \"1000\",\n    \"system\": \"2000\",\n    \"prin\": \"3000\",\n    \"debug\": false,\n    \"org\": \"<string>\",\n    \"processor\": false,\n    \"contentType\": \"<string>\",\n    \"retry\": \"<long>\",\n    \"timeout\": 45000,\n    \"siteId\": \"4201\",\n    \"externalCustomerId\": \"<string>\",\n    \"accountId\": \"8888888888888888\",\n    \"presentationId\": \"<string>\"\n  },\n  \"odsNaming\": false,\n  \"eventTypeCode\": \"<string>\",\n  \"startDate\": \"<string>\",\n  \"endDate\": \"<string>\"\n}","options":{"raw":{"language":"json"}}}},"status":"OK","code":200,"header":[{"key":"Content-Type","value":"application/json"}],"body":"{\n  \"processorInfo\": {\n    \"system\": \"tempor in dolor fugiat do\",\n    \"cycle\": \"occaecat officia\",\n    \"tor\": \"exercitation elit\",\n    \"mode\": \"minim aliquip sed sit\"\n  },\n  \"consumerPreferenceAlertsFieldsList\": [\n    {\n      \"selectedFields\": {\n        \"Ut_e\": \"magna ut Ut in\",\n        \"voluptate__6d\": \"dolor nostrud in sunt\"\n      },\n      \"accountIdentifier\": \"aliquip voluptate commodo sin\",\n      \"agentIdentifier\": \"sed qui\",\n      \"alertCaptionText\": \"qu\",\n      \"alertDate\": \"aute eiusmod incididunt ad\",\n      \"alertDescriptionText\": \"dolore\",\n      \"alertIdentifier\": \"labore\",\n      \"alertMessageContentLine1\": \"in\",\n      \"alertMessageContentLine2\": \"et sit reprehenderit in\",\n      \"alertMessageContentLine3\": \"incididunt dolor dolor\",\n      \"alertMessageContentLine4\": \"laboris exer\",\n      \"alertMessageContentLine5\": \"Ut irure consequat\",\n      \"alertStatusCode\": \"in\",\n      \"alertStatusReasonCode\": \"eu ullam\",\n      \"alertStatusReasonText\": \"dolor enim ea laborum labore\",\n      \"alertThreshold1Name\": \"commodo\",\n      \"alertThreshold1Text\": \"veniam in\",\n      \"alertThreshold2Name\": \"enim proident voluptate nulla pariatur\",\n      \"alertThreshold2Text\": \"reprehenderit minim occaecat in id\",\n      \"alertThreshold3Name\": \"minim deserunt\",\n      \"alertThreshold3Text\": \"dolore\",\n      \"alertThreshold4Name\": \"Ut pariatur exercitation\",\n      \"alertThreshold4Text\": \"al\",\n      \"alertThreshold5Name\": \"ea quis aliquip est minim\",\n      \"alertThreshold5Text\": \"ipsum\",\n      \"alertTime\": \"enim anim dolor\",\n      \"change10Date\": \"est cupidatat\",\n      \"change10StatusReasonCode\": \"est in\",\n      \"change10StatusText\": \"Ut commodo pariatur aliqua\",\n      \"change10Time\": \"adipisicing eiusmod Ut ullamco\",\n      \"change1Date\": \"officia eiusmod exercitation\",\n      \"change1StatusReasonCode\": \"magna occaecat minim Lorem\",\n      \"change1StatusText\": \"aliqua ex\",\n      \"change1Time\": \"Ut\",\n      \"change2Date\": \"pariatur velit commodo\",\n      \"change2StatusReasonCode\": \"non\",\n      \"change2StatusText\": \"deserunt ea\",\n      \"change2Time\": \"est voluptate magna\",\n      \"change3Date\": \"ut cupidatat\",\n      \"change3StatusReasonCode\": \"minim Ut\",\n      \"change3StatusText\": \"dolore sunt sed\",\n      \"change3Time\": \"ea labore aute\",\n      \"change4Date\": \"et al\",\n      \"change4StatusReasonCode\": \"officia\",\n      \"change4StatusText\": \"occaecat adipisicing consectetur\",\n      \"change4Time\": \"non laborum \",\n      \"change5Date\": \"laborum Lorem in\",\n      \"change5StatusReasonCode\": \"nulla dolore aliquip\",\n      \"change5StatusText\": \"ullamco fugiat\",\n      \"change5Time\": \"dolore Duis dolor\",\n      \"change6Date\": \"mollit dolore cillum laborum\",\n      \"change6StatusReasonCode\": \"consectetur\",\n      \"change6StatusText\": \"ex Ut anim\",\n      \"change6Time\": \"Excepteur reprehenderit\",\n      \"change7Date\": \"eu do magna nisi\",\n      \"change7StatusReasonCode\": \"id reprehenderit amet\",\n      \"change7StatusText\": \"tempor conse\",\n      \"change7Time\": \"commodo su\",\n      \"change8Date\": \"pariatur eiusmod Excepteur dolor\",\n      \"change8StatusReasonCode\": \"amet non fugiat\",\n      \"change8StatusText\": \"sed aliqua\",\n      \"change8Time\": \"amet dolore\",\n      \"change9Date\": \"temp\",\n      \"change9StatusReasonCode\": \"consequat officia\",\n      \"change9StatusText\": \"qui\",\n      \"change9Time\": \"minim nostrud occaecat in\",\n      \"deliveryAddressName\": \"cupidatat adipisicing laborum\",\n      \"deliveryAddressText\": \"irure quis nulla\",\n      \"deliveryModeCode\": \"enim\",\n      \"enteredIdentifier\": \"sed\",\n      \"eventTypeCode\": \"cupidatat sed\",\n      \"lastUpdateDate\": \"cillum in ea elit\",\n      \"lastUpdateTime\": \"in incididunt amet\",\n      \"principalIdentifier\": \"adipisicing in\",\n      \"registrationIdentifier\": \"officia nulla\",\n      \"registrationName\": \"eiusmod id\",\n      \"subAccountIdentifier\": \"ut dolor\",\n      \"systemIdentifier\": \"esse ut aliquip fugiat\",\n      \"statusHistoryFields\": [\n        {\n          \"statusDate\": \"consequat adipisicing\",\n          \"statusTime\": \"ipsum\",\n          \"statusText\": \"fugiat sit dolor\"\n        },\n        {\n          \"statusDate\": \"officia\",\n          \"statusTime\": \"et consectetur\",\n          \"statusText\": \"in\"\n        }\n      ]\n    },\n    {\n      \"selectedFields\": {\n        \"proident_0\": \"quis esse ea\",\n        \"laborum352\": \"sed eu\"\n      },\n      \"accountIdentifier\": \"pariatur amet id exercitation quis\",\n      \"agentIdentifier\": \"adipisicing qu\",\n      \"alertCaptionText\": \"nostrud amet\",\n      \"alertDate\": \"laboris commodo cillum exercitation\",\n      \"alertDescriptionText\": \"deserunt\",\n      \"alertIdentifier\": \"ullamco amet elit reprehenderit qui\",\n      \"alertMessageContentLine1\": \"dolor\",\n      \"alertMessageContentLine2\": \"in fugiat\",\n      \"alertMessageContentLine3\": \"magna dolore eu\",\n      \"alertMessageContentLine4\": \"sunt exercitation deserunt mollit\",\n      \"alertMessageContentLine5\": \"elit tempor consequat mollit ea\",\n      \"alertStatusCode\": \"laborum veniam\",\n      \"alertStatusReasonCode\": \"culp\",\n      \"alertStatusReasonText\": \"anim Duis cupidatat\",\n      \"alertThreshold1Name\": \"eu ullamco aute\",\n      \"alertThreshold1Text\": \"commodo in ut labore\",\n      \"alertThreshold2Name\": \"mollit ut sint\",\n      \"alertThreshold2Text\": \"non proident\",\n      \"alertThreshold3Name\": \"ex in\",\n      \"alertThreshold3Text\": \"commodo officia anim\",\n      \"alertThreshold4Name\": \"elit in exercitation est nisi\",\n      \"alertThreshold4Text\": \"in magna sed\",\n      \"alertThreshold5Name\": \"velit dolor ut magna\",\n      \"alertThreshold5Text\": \"tempor quis\",\n      \"alertTime\": \"Excepteur Duis\",\n      \"change10Date\": \"iru\",\n      \"change10StatusReasonCode\": \"anim consectetur qui deserunt\",\n      \"change10StatusText\": \"id nostrud voluptate quis\",\n      \"change10Time\": \"non\",\n      \"change1Date\": \"ex sunt e\",\n      \"change1StatusReasonCode\": \"laboris fugiat et\",\n      \"change1StatusText\": \"consequat pariatur non sint\",\n      \"change1Time\": \"exercitation officia aliquip dolor\",\n      \"change2Date\": \"laborum aliquip nisi mollit\",\n      \"change2StatusReasonCode\": \"Lorem elit ad adipisicing id\",\n      \"change2StatusText\": \"esse\",\n      \"change2Time\": \"cillum eu sint qui\",\n      \"change3Date\": \"mollit\",\n      \"change3StatusReasonCode\": \"consequat do in incidid\",\n      \"change3StatusText\": \"magna n\",\n      \"change3Time\": \"ullamco ea voluptate\",\n      \"change4Date\": \"Lorem\",\n      \"change4StatusReasonCode\": \"dolore proident\",\n      \"change4StatusText\": \"veniam id occaecat\",\n      \"change4Time\": \"eiusmod Lorem enim tempor in\",\n      \"change5Date\": \"ex anim nulla est\",\n      \"change5StatusReasonCode\": \"non anim\",\n      \"change5StatusText\": \"ex Duis sunt irure labore\",\n      \"change5Time\": \"in dolor ven\",\n      \"change6Date\": \"nulla ea do\",\n      \"change6StatusReasonCode\": \"labore\",\n      \"change6StatusText\": \"proident ad in\",\n      \"change6Time\": \"irure Duis laboris nisi deserunt\",\n      \"change7Date\": \"occaecat\",\n      \"change7StatusReasonCode\": \"reprehenderit elit\",\n      \"change7StatusText\": \"est exercitation consectetur sed dolore\",\n      \"change7Time\": \"fugiat occaecat\",\n      \"change8Date\": \"qui proident et\",\n      \"change8StatusReasonCode\": \"reprehenderit dolor la\",\n      \"change8StatusText\": \"aute esse labore dolor\",\n      \"change8Time\": \"pariatur anim\",\n      \"change9Date\": \"nostrud dolor est in adipisic\",\n      \"change9StatusReasonCode\": \"dolor dolore voluptate dolore deserunt\",\n      \"change9StatusText\": \"voluptate fugiat Ut labore laborum\",\n      \"change9Time\": \"officia in cillum magna\",\n      \"deliveryAddressName\": \"pariatur ea anim aute\",\n      \"deliveryAddressText\": \"aute tempor nisi\",\n      \"deliveryModeCode\": \"laboris sed eu nulla\",\n      \"enteredIdentifier\": \"irure es\",\n      \"eventTypeCode\": \"sit\",\n      \"lastUpdateDate\": \"Excepteur officia\",\n      \"lastUpdateTime\": \"sed dolo\",\n      \"principalIdentifier\": \"minim cupidatat nos\",\n      \"registrationIdentifier\": \"do enim\",\n      \"registrationName\": \"conseq\",\n      \"subAccountIdentifier\": \"voluptate in do aute\",\n      \"systemIdentifier\": \"ea\",\n      \"statusHistoryFields\": [\n        {\n          \"statusDate\": \"est ut dolor dolore enim\",\n          \"statusTime\": \"esse dolore occaecat\",\n          \"statusText\": \"eiusmod amet ad exercitation\"\n        },\n        {\n          \"statusDate\": \"deserunt ullamco sint\",\n          \"statusTime\": \"minim nostrud irure\",\n          \"statusText\": \"fugiat\"\n        }\n      ]\n    }\n  ]\n}","cookie":[],"_postman_previewlanguage":"json"}],"event":[],"protocolProfileBehavior":{"disableBodyPruning":true}},{"id":"0964b6df-ccd0-461c-bbb0-3ee700df98b4","name":"CONSUMER_CONTROL_HISTORY ODS View","request":{"name":"CONSUMER_CONTROL_HISTORY ODS View","description":{"content":"This service calls the existing consumerControlHistory service located in the fs-consumer-preferences package. All fields are taken from the CONSUMER_CONTROL_HISTORY ODS View. This service extends the functionality of this view, by adding a custom field to the response object, allowing the user to get the status update fields in a more structured format. Required Fields: enteredIdentifier (Either Account Identifier or Presentation Identifier is allowed), and the selectFields that you wish to retrieve. You can also put in the optional parameters: eventTypeCode, startDate, and endDate in order to narrow your search further.<br><br> <b>Relates to:</b>\n  \n  <blockquote style=\"border-left: 0.375em solid #40a9ff; background-color: #e6f7ff; border-radius: 3px; padding: 1em;\" ><div>CONSUMER_CONTROL_HISTORY View, <a target=\"_blank\" title=\"Click to open in a new tab\" href=\"https://documentation.fiserv.com/bundle/Open-Data-Streams/page/00A_ODS/Views/04ODS_ELECTRONIC_COMMUNICATIONviews/04ODS_ELECTRONIC_COMMUNICATIONviews.xhtml#IX_CONSUMER_CONTROL_HISTORY\"> click here</a>.</div></blockquote>","type":"text/plain"},"url":{"path":["utilities","v4","consumerPreferenceControlsFields"],"host":["{{baseUrl}}"],"query":[],"variable":[]},"header":[{"key":"Content-Type","value":"application/json"},{"key":"Accept","value":"application/json"}],"method":"POST","auth":null,"body":{"mode":"raw","raw":"{\n  \"endSequence\": \"<string>\",\n  \"selectFields\": [\n    \"<string>\"\n  ],\n  \"startSequence\": \"<string>\",\n  \"common\": {\n    \"user\": \"<string>\",\n    \"agent\": \"<string>\",\n    \"cycle\": \"<string>\",\n    \"clientNumber\": \"<string>\",\n    \"system\": \"<string>\",\n    \"prin\": \"<string>\",\n    \"debug\": false,\n    \"org\": \"<string>\",\n    \"processor\": false,\n    \"contentType\": \"<string>\",\n    \"retry\": \"<long>\",\n    \"timeout\": \"<long>\",\n    \"siteId\": \"<string>\",\n    \"externalCustomerId\": \"<string>\",\n    \"accountId\": \"<string>\",\n    \"presentationId\": \"<string>\"\n  },\n  \"odsNaming\": false,\n  \"eventTypeCode\": \"<string>\",\n  \"startDate\": \"<string>\",\n  \"endDate\": \"<string>\"\n}","options":{"raw":{"language":"json"}}}},"response":[{"id":"8f288aca-4fe6-4c72-8063-8a069d91d8ea","name":"successful operation","originalRequest":{"url":{"path":["utilities","v4","consumerPreferenceControlsFields"],"host":["{{baseUrl}}"],"query":[],"variable":[]},"header":[{"key":"Accept","value":"application/json"}],"method":"POST","body":{"mode":"raw","raw":"{\n  \"endSequence\": \"500\",\n  \"selectFields\": [\n    \"anyvalidfieldname1\",\n    \"anyvalidfieldname2\",\n    \"anyvalidfieldname3\",\n    \"anyvalidfieldname?\",\n    \"anyvalidfieldname?n\"\n  ],\n  \"startSequence\": \"1\",\n  \"common\": {\n    \"user\": \"<string>\",\n    \"agent\": \"4000\",\n    \"cycle\": \"T\",\n    \"clientNumber\": \"1000\",\n    \"system\": \"2000\",\n    \"prin\": \"3000\",\n    \"debug\": false,\n    \"org\": \"<string>\",\n    \"processor\": false,\n    \"contentType\": \"<string>\",\n    \"retry\": \"<long>\",\n    \"timeout\": 45000,\n    \"siteId\": \"4201\",\n    \"externalCustomerId\": \"<string>\",\n    \"accountId\": \"8888888888888888\",\n    \"presentationId\": \"<string>\"\n  },\n  \"odsNaming\": false,\n  \"eventTypeCode\": \"<string>\",\n  \"startDate\": \"<string>\",\n  \"endDate\": \"<string>\"\n}","options":{"raw":{"language":"json"}}}},"status":"OK","code":200,"header":[{"key":"Content-Type","value":"application/json"}],"body":"{\n  \"processorInfo\": {\n    \"system\": \"deserunt sit ut voluptate\",\n    \"cycle\": \"veniam\",\n    \"tor\": \"cupi\",\n    \"mode\": \"minim sit\"\n  },\n  \"consumerPreferenceControlsFieldsList\": [\n    {\n      \"selectedFields\": {\n        \"irure_af4\": \"culpa Excepteur eu\",\n        \"nulla_7c\": \"incididunt eiusmod\"\n      },\n      \"accountIdentifier\": \"proident elit\",\n      \"agentIdentifier\": \"ex sit\",\n      \"change10Date\": \"dolor consectetur ut tempor\",\n      \"change10StatusText\": \"consectetur\",\n      \"change10Time\": \"exercitation dolore Excepteur\",\n      \"change1Date\": \"reprehenderit laborum\",\n      \"change1StatusText\": \"dolore reprehenderit esse do\",\n      \"change1Time\": \"dolor amet proident quis\",\n      \"change2Date\": \"id magna consectetur dolor\",\n      \"change2StatusText\": \"eiusmod Excepteur \",\n      \"change2Time\": \"elit reprehenderit id ad\",\n      \"change3Date\": \"irure elit\",\n      \"change3StatusText\": \"do\",\n      \"change3Time\": \"cupidatat fugiat\",\n      \"change4Date\": \"adipisicing officia tempor Lorem occaecat\",\n      \"change4StatusText\": \"culpa consectetur consequat\",\n      \"change4Time\": \"exercitation\",\n      \"change5Date\": \"amet aute occaecat\",\n      \"change5StatusText\": \"ex sit non\",\n      \"change5Time\": \"minim ullamco sint\",\n      \"change6Date\": \"sit labore eiusmod aliqua\",\n      \"change6StatusText\": \"cupidatat nostrud irure labor\",\n      \"change6Time\": \"aute esse eu magna\",\n      \"change7Date\": \"eu ut id irure\",\n      \"change7StatusText\": \"magna exercitation\",\n      \"change7Time\": \"dolor pariatur deserunt labore\",\n      \"change8Date\": \"qui\",\n      \"change8StatusText\": \"incididunt eu aliqua\",\n      \"change8Time\": \"nisi veniam in\",\n      \"change9Date\": \"ut Ut cupidatat\",\n      \"change9StatusText\": \"dolore pariatur\",\n      \"change9Time\": \"in nulla\",\n      \"controlCaptionText\": \"ex esse Duis consectetur\",\n      \"controlDate\": \"commodo\",\n      \"controlDescriptionText\": \"dolore\",\n      \"controlIdentifier\": \"pariatur dolor aliqua\",\n      \"controlStatusCode\": \"dolor ut eu voluptate minim\",\n      \"controlThreshold1Name\": \"mollit nisi sed aute pariatur\",\n      \"controlThreshold1Text\": \"do aute sunt ex\",\n      \"controlThreshold2Name\": \"tempor fugiat id laborum sit\",\n      \"controlThreshold2Text\": \"dolore aliquip in voluptate\",\n      \"controlThreshold3Name\": \"adipisicing deserunt dolore commodo esse\",\n      \"controlThreshold3Text\": \"Dui\",\n      \"controlThreshold4Name\": \"velit eu\",\n      \"controlThreshold4Text\": \"magna est cillum\",\n      \"controlThreshold5Name\": \"cupidatat ut qui\",\n      \"controlThreshold5Text\": \"sunt velit\",\n      \"controlTime\": \"Ut consequat elit nisi\",\n      \"enteredIdentifier\": \"officia ut esse\",\n      \"eventTypeCode\": \"non sed\",\n      \"lastUpdateDate\": \"nulla quis in\",\n      \"lastUpdateTime\": \"reprehenderit ut aliqui\",\n      \"principalIdentifier\": \"eiusmod incididunt quis anim enim\",\n      \"reasonCode\": \"velit dolor Lorem occaecat\",\n      \"registrationIdentifier\": \"laboris\",\n      \"registrationName\": \"in fugiat ut laboris\",\n      \"subAccountIdentifier\": \"fugiat culpa aute proident\",\n      \"systemIdentifier\": \"elit\",\n      \"statusHistoryFields\": [\n        {\n          \"statusDate\": \"mollit tempor in sunt proident\",\n          \"statusTime\": \"ipsum labore et dolor\",\n          \"statusText\": \"in ut est\"\n        },\n        {\n          \"statusDate\": \"velit cillum aute\",\n          \"statusTime\": \"ea et\",\n          \"statusText\": \"cillum sed ex non\"\n        }\n      ]\n    },\n    {\n      \"selectedFields\": {\n        \"sint_21e\": \"veniam sint anim ut\"\n      },\n      \"accountIdentifier\": \"labore cillum ut aliq\",\n      \"agentIdentifier\": \"aute ea laboris Duis\",\n      \"change10Date\": \"officia veniam sed\",\n      \"change10StatusText\": \"dolor qui quis\",\n      \"change10Time\": \"adipisicing sit\",\n      \"change1Date\": \"sit Excepteur exercitation incididunt\",\n      \"change1StatusText\": \"culpa Lorem\",\n      \"change1Time\": \"occaecat et adipisicing sunt\",\n      \"change2Date\": \"eiusmod deserunt qui voluptate\",\n      \"change2StatusText\": \"fugiat eiusmod id\",\n      \"change2Time\": \"ut \",\n      \"change3Date\": \"ex sunt\",\n      \"change3StatusText\": \"tempor labore irure mollit amet\",\n      \"change3Time\": \"velit\",\n      \"change4Date\": \"aliquip est nulla eu\",\n      \"change4StatusText\": \"ex ipsum\",\n      \"change4Time\": \"culpa quis\",\n      \"change5Date\": \"magna adipisicing eu\",\n      \"change5StatusText\": \"Lorem mollit sed\",\n      \"change5Time\": \"in aute\",\n      \"change6Date\": \"proident laborum in\",\n      \"change6StatusText\": \"ex laborum\",\n      \"change6Time\": \"est cillum fugiat ut et\",\n      \"change7Date\": \"deserunt dolore laborum Duis\",\n      \"change7StatusText\": \"incididunt ex dolore pariatur\",\n      \"change7Time\": \"laboris nostrud aute\",\n      \"change8Date\": \"eiusmod exercitation\",\n      \"change8StatusText\": \"cillum magna \",\n      \"change8Time\": \"non proident in mollit\",\n      \"change9Date\": \"ea sed voluptate proident\",\n      \"change9StatusText\": \"tempor sit velit eiusmod laboris\",\n      \"change9Time\": \"ipsum pariatur anim\",\n      \"controlCaptionText\": \"nostrud\",\n      \"controlDate\": \"nostrud pariatur\",\n      \"controlDescriptionText\": \"laboris est no\",\n      \"controlIdentifier\": \"in dolore incididunt\",\n      \"controlStatusCode\": \"do\",\n      \"controlThreshold1Name\": \"irure in\",\n      \"controlThreshold1Text\": \"adipisicing laboris\",\n      \"controlThreshold2Name\": \"commodo\",\n      \"controlThreshold2Text\": \"Excepteur Lorem eu\",\n      \"controlThreshold3Name\": \"tempor elit\",\n      \"controlThreshold3Text\": \"proident\",\n      \"controlThreshold4Name\": \"consequat in ipsum Lorem\",\n      \"controlThreshold4Text\": \"c\",\n      \"controlThreshold5Name\": \"adipisicing ullamco et\",\n      \"controlThreshold5Text\": \"ipsum reprehenderit\",\n      \"controlTime\": \"ut dolore laboris\",\n      \"enteredIdentifier\": \"ut proident\",\n      \"eventTypeCode\": \"laboris sunt nisi\",\n      \"lastUpdateDate\": \"ad mollit ea dolor\",\n      \"lastUpdateTime\": \"nis\",\n      \"principalIdentifier\": \"non anim deserunt\",\n      \"reasonCode\": \"sed reprehenderit aliquip mollit\",\n      \"registrationIdentifier\": \"elit laboris\",\n      \"registrationName\": \"aliqua\",\n      \"subAccountIdentifier\": \"fugiat Duis\",\n      \"systemIdentifier\": \"sint \",\n      \"statusHistoryFields\": [\n        {\n          \"statusDate\": \"enim dolo\",\n          \"statusTime\": \"pariatur dolore non quis\",\n          \"statusText\": \"officia dolore et\"\n        },\n        {\n          \"statusDate\": \"laborum officia dolor\",\n          \"statusTime\": \"reprehenderit pariatur in\",\n          \"statusText\": \"reprehenderit cupidatat qui\"\n        }\n      ]\n    }\n  ]\n}","cookie":[],"_postman_previewlanguage":"json"}],"event":[],"protocolProfileBehavior":{"disableBodyPruning":true}},{"id":"fb3a4f22-cbf4-40f2-8aa5-951cfdd687a6","name":"PCF ODS View","request":{"name":"PCF ODS View","description":{"content":"This service provides access to Product Control File information.  You can access PCF information at any of the following levels: Cardholder Account, System, Principal, Agent, Agent Totals, Principal Totals. <br><br> <b>Relates to:</b>\n  \n  <blockquote style=\"border-left: 0.375em solid #40a9ff; background-color: #e6f7ff; border-radius: 3px; padding: 1em;\" ><div>PCF View, <a target=\"_blank\" title=\"Click to open in a new tab\" href=\"https://documentation.fiserv.com/bundle/Open-Data-Streams/page/00A_ODS/Views/04ODS_PCFviews/04ODS_PCFviews.xhtml#IX_PCF_view\"> click here</a>.</div></blockquote>","type":"text/plain"},"url":{"path":["utilities","v4","pcfControls"],"host":["{{baseUrl}}"],"query":[],"variable":[]},"header":[{"key":"Content-Type","value":"application/json"},{"key":"Accept","value":"application/json"}],"method":"POST","auth":null,"body":{"mode":"raw","raw":"{\n  \"selectFields\": [\n    \"<string>\"\n  ],\n  \"common\": {\n    \"user\": \"<string>\",\n    \"agent\": \"<string>\",\n    \"cycle\": \"<string>\",\n    \"clientNumber\": \"<string>\",\n    \"system\": \"<string>\",\n    \"prin\": \"<string>\",\n    \"debug\": false,\n    \"org\": \"<string>\",\n    \"processor\": false,\n    \"contentType\": \"<string>\",\n    \"retry\": \"<long>\",\n    \"timeout\": \"<long>\",\n    \"siteId\": \"<string>\",\n    \"externalCustomerId\": \"<string>\",\n    \"accountId\": \"<string>\",\n    \"presentationId\": \"<string>\"\n  },\n  \"odsNaming\": false,\n  \"agentIdentifier\": \"<string>\"\n}","options":{"raw":{"language":"json"}}}},"response":[{"id":"0a0aa275-9e5f-4c19-adfb-149af3d8ff25","name":"successful operation","originalRequest":{"url":{"path":["utilities","v4","pcfControls"],"host":["{{baseUrl}}"],"query":[],"variable":[]},"header":[{"key":"Accept","value":"application/json"}],"method":"POST","body":{"mode":"raw","raw":"{\n  \"selectFields\": [\n    \"string1\",\n    \"string2\",\n    \"string3\",\n    \"string4\"\n  ],\n  \"common\": {\n    \"user\": \"<string>\",\n    \"agent\": \"4000\",\n    \"cycle\": \"T\",\n    \"clientNumber\": \"1000\",\n    \"system\": \"2000\",\n    \"prin\": \"3000\",\n    \"debug\": false,\n    \"org\": \"<string>\",\n    \"processor\": false,\n    \"contentType\": \"<string>\",\n    \"retry\": \"<long>\",\n    \"timeout\": 45000,\n    \"siteId\": \"4201\",\n    \"externalCustomerId\": \"<string>\",\n    \"accountId\": \"8888888888888888\",\n    \"presentationId\": \"<string>\"\n  },\n  \"odsNaming\": false,\n  \"agentIdentifier\": \"<string>\"\n}","options":{"raw":{"language":"json"}}}},"status":"OK","code":200,"header":[{"key":"Content-Type","value":"application/json"}],"body":"{\n  \"processorInfo\": {\n    \"system\": \"consectetur nisi non eiusmod\",\n    \"cycle\": \"Ut\",\n    \"tor\": \"tempor deserunt\",\n    \"mode\": \"cupidatat elit enim consequat\"\n  },\n  \"selectedFields\": {\n    \"quisc24\": \"veniam id non pariatur Du\",\n    \"dolore176\": \"aliquip Lorem do nostrud eiusmod\"\n  },\n  \"acceptanceTermsDefaultIdentifier\": \"occaecat e\",\n  \"accountGroupMemoCode\": \"officia est irure et commodo\",\n  \"accountNumberOverKeyCode\": \"quis anim qui\",\n  \"accountRelationshipAffinityIndicator\": \"incididunt\",\n  \"accountRelationshipBusinessPhoneIndicator\": \"mollit fugiat do\",\n  \"accountRelationshipDdaIndicator\": \"aliqua minim in\",\n  \"accountRelationshipHomePhoneIndicator\": \"ad enim Lorem minim\",\n  \"accountRelationshipPartnerCodeIndicator\": \"minim enim\",\n  \"accountRelationshipSocialSecurityNumberIndicator\": \"Excepteur\",\n  \"accountStatusInquiryServiceCode\": \"sint cupidatat\",\n  \"accountTransferBlockCode\": \"tempor minim\",\n  \"accountTransferExpeditedCode\": \"nostrud Excepteur fugiat in\",\n  \"accountTransferStatementSuppressionOption\": \"minim sit in sunt deserunt\",\n  \"accountUpdaterAcquirerSegmentCode\": \"in veli\",\n  \"accountUpdaterAcquirerSegmentIdentifier\": \"ad tempor voluptate dolor\",\n  \"adaptiveControlAuthorizationStrategyNumber\": \"nostrud officia adipisicing velit dolore\",\n  \"addressHistoryIndicator\": \"labore enim sit ullamco non\",\n  \"addressRetentionPeriodCode\": \"mollit labore eiusmod in\",\n  \"additionalNameEcoaDeleteCode\": \"dolore in\",\n  \"adjustmentLimitTypeNumber\": \"tempor et dolor aliqua\",\n  \"adjustmentLimitTypeIndicator\": \"tempor amet do ipsum eu\",\n  \"adverseActionDenialCode\": \"sint ullamco aute\",\n  \"afdHoldAmount\": \"sint dolor labore non\",\n  \"agentIdentifier\": \"ut adipisicing labore repr\",\n  \"allowDepositsInStandin\": \"sunt Duis sint eu exercitation\",\n  \"allowTransfersInStandin\": \"consectetur\",\n  \"americanExpressSourceCodeIdentifier\": \"deserunt eu velit c\",\n  \"appraisedValueMemoIndicator\": \"ut\",\n  \"atcMaximumDifferenceAmount\": \"est laborum aliquip\",\n  \"atcMemoCode\": \"velit do fugiat\",\n  \"atcProcessingCode\": \"in sit ullamco dolor\",\n  \"authorizationOverrideCode\": \"dolore in Ut\",\n  \"authorizationStrategyMemoCode\": \"labore Lorem es\",\n  \"authorizationTotalDaysNumber\": \"sed consequat est\",\n  \"availableCreditDisplayIndicator\": \"ea nulla nostrud sed\",\n  \"availableDepositPercentRate\": \"anim Ut fugiat\",\n  \"availableFundsPinlessTransferCode\": \"anim o\",\n  \"balanceInquiryAvailableBalanceCode\": \"do adipisicing\",\n  \"balanceInquiryLedgerBalanceCode\": \"elit eu fugiat\",\n  \"statementTelephoneNumber\": \"voluptate in fugiat mollit\",\n  \"blockCardIndicatorMemoCode\": \"laboris sed ipsum\",\n  \"blockConsumerInformationIndicatorUpdateCode\": \"enim esse deserunt\",\n  \"cardActivationByPinTransaction\": \"dolore\",\n  \"cardActivationResponseIndicator\": \"est et aute Ut\",\n  \"cardIssuanceDecisionProcessCode\": \"ut culpa occaecat\",\n  \"checkProcessingCode\": \"ex non tempor\",\n  \"cardholderAbaValidationOptionCode\": \"sed dolore et\",\n  \"customerExpandedMonetaryControlCode\": \"dolore irure\",\n  \"cardholderExpirationDateOptionErrorCode\": \"et commodo sit quis\",\n  \"consumerInformationIndicatorChangeMemoCode\": \"incididunt ipsum laborum sit\",\n  \"footprintsCollectionTransactionTrackingCode\": \"dolor\",\n  \"collectionSystemFlag\": \"elit qui Duis occaecat exercitation\",\n  \"collateralStatusMemoIndicator\": \"consectetur\",\n  \"combinedLoantovaluePercentMemoCode\": \"irure dolor laboris in dolore\",\n  \"commercialAccountTransferProcessingCode\": \"\",\n  \"commercialCardAuthorizationOverrideProcessCode\": \"officia non commodo in\",\n  \"commercialCardOptionCode\": \"ad voluptate velit\",\n  \"companyAuthorizationProcessCode\": \"cillum pariatur fugiat eiusmod\",\n  \"companyCommonCycleIndicator\": \"Ut inc\",\n  \"companyCommonExpirationDateIndicator\": \"fugiat cupidatat laborum labore\",\n  \"companyLevelAuthorizationOption\": \"minim sit ad qui\",\n  \"canadianSocialInsuranceNumberBypassCode\": \"proident enim\",\n  \"consumerAuthorizationAlertCode\": \"Excepteur\",\n  \"consumerAuthorizationControlCode\": \"pari\",\n  \"consumerCycleAlertCode\": \"dolore eu sint fugiat\",\n  \"consumerNonmonetaryAlertCode\": \"pariatur ipsum\",\n  \"controlAccountPlasticOption\": \"a\",\n  \"convenienceCheckVendorFileDataControlCode\": \"consectetur Ut\",\n  \"companyAuthorizationDisplayCode\": \"cupidatat in nisi\",\n  \"creditBureauMemoCode\": \"pariatur sunt\",\n  \"creditBureauOverrideMemoCode\": \"reprehenderit Duis dolore\",\n  \"creditBureauReportFrequencyCode\": \"est\",\n  \"creditBureauScoreMonthCount\": \"Excepteur laboris dolore tempor\",\n  \"creditBalanceRefundChecksVendorFileDataControlCode\": \"deserunt eu id nulla\",\n  \"creditLifeMemoCode\": \"cupidatat tempor\",\n  \"creditLimitRejectOptionCode\": \"pari\",\n  \"creditLineCode\": \"id\",\n  \"creditLineMaximumAmount\": \"in\",\n  \"creditLineMinimumAmount\": \"qui\",\n  \"createFootprintsCode\": \"culpa aute in\",\n  \"corporateAuthorizationAlertIndicator\": \"aliqua velit labore\",\n  \"customerRoleBlockCode\": \"non aute qui Lorem\",\n  \"cvv2cvc2ActionIndicatorCode\": \"cillum in\",\n  \"cvv2cvc2ValidationCode\": \"mollit in adipis\",\n  \"cvvCorrespondenceCode\": \"enim consequat elit\",\n  \"cvvActionCodeForAuthorizationsWithoutACertifiedMerchant\": \"in non Excepteur\",\n  \"debitChargeBackCode\": \"dolore aliqua officia\",\n  \"debitCheckProcessingCode\": \"aliquip nulla ullamco\",\n  \"debitInterchangeFundingFlag\": \"et est dolore\",\n  \"departmentDescriptionTimingCode\": \"labore amet do\",\n  \"defaultAuthorizationStrategyIdentifier\": \"ipsum veniam proident sunt\",\n  \"defermentCycleNumber\": \"in occaecat cupidatat\",\n  \"defermentEligibilityFlagCode\": \"voluptate enim incididunt nisi qui\",\n  \"defermentIncludeExcludeCode\": \"nulla Lorem consectetur occaecat\",\n  \"defermentStatus1Code\": \"labore ad id elit irure\",\n  \"defermentStatus2Code\": \"sint occaecat\",\n  \"defermentStatus3Code\": \"sed\",\n  \"defermentStatus4Code\": \"magna aliqua proident sint\",\n  \"defermentStatus5Code\": \"sit fugiat incididunt L\",\n  \"deletedCollateralMemoIndicator\": \"ex \",\n  \"dualityCode\": \"veniam ad\",\n  \"depositCreditLineChangeOption\": \"aliqua dolore proiden\",\n  \"depositLedgerBalanceCode\": \"laboris aliqua aliquip\",\n  \"drawPeriodEndDateMemoCode\": \"ullamco ipsum eu in ut\",\n  \"discoverIssuerAccountUpdaterCode\": \"exercitation ipsum pariatur laboris laborum\",\n  \"disputeProcessCode\": \"irure consequat mollit esse dolor\",\n  \"electronicCommerceAuthorizationActionCode\": \"in tempor dolore est proident\",\n  \"eftElectronicFundsTransferPlayerFlagCode\": \"consequat dolore proident nos\",\n  \"transpointElectronicPaymentDemandDepositAccountNumber\": \"cupidatat fugiat ea\",\n  \"transpointElectronicPaymentAchDeliveryCode\": \"deseru\",\n  \"transpointElectronicPaymentOffsetCode\": \"reprehenderit occaecat aliquip\",\n  \"transpointElectronicPaymentBillerIdentifier\": \"veniam aute ullamco\",\n  \"transpointElectronicPaymentEnrollmentMemoCode\": \"exercitation non dolore officia\",\n  \"transpointElectronicPaymentMerchantNumber\": \"Ut et in\",\n  \"transpointElectronicPaymentOptionCode\": \"commodo ea aute culpa\",\n  \"transpointElectronicPaymentTransitAndRoutingNumber\": \"proident nostrud\",\n  \"encodingGroupNumber\": \"dolore labore ad\",\n  \"encodingTrackNumber\": \"laborum dolor nisi laboris esse\",\n  \"enhancedOfflineDebitCode\": \"elit nulla\",\n  \"enterpriseLetterCommunicationResultsFileUsageCode\": \"qui Duis amet esse sint\",\n  \"enterpriseLetterDecisionquestUsageCode\": \"nostrud veniam esse\",\n  \"enterpriseLetterHistoryRecordCounter\": \"in nulla\",\n  \"enterpriseLetterCrossSystemIdentifier\": \"tempor quis Lorem nulla\",\n  \"enterpriseLetterUsageCode\": \"nisi Duis voluptate\",\n  \"equityAccountMaturityDateMemoCode\": \"minim dolor\",\n  \"equityMaturityDateIncrementCount\": \"Excepteur laboris amet\",\n  \"equityMaturityDateValidationOption\": \"Lorem in Duis\",\n  \"equityMaturityDateValidationRange\": \"eu Excepteur\",\n  \"expeditedPlasticDeliveryCode\": \"veniam ut commodo si\",\n  \"expeditedPlasticFeeAmount\": \"aute Lorem est\",\n  \"expeditedPlasticOfferCode\": \"magna minim aliquip labore esse\",\n  \"expandedActionEntryIndicator\": \"velit\",\n  \"expansionAddressCode\": \"commodo occaecat\",\n  \"expansionPhoneCode\": \"sint amet in\",\n  \"expirationDateMemoCode\": \"ut deserunt in\",\n  \"externalStatusControlCode\": \"amet\",\n  \"externalStatusFiveCode\": \"ut\",\n  \"externalStatusFourCode\": \"fugiat\",\n  \"externalStatusOneCode\": \"velit\",\n  \"externalStatusThreeCode\": \"dolore dolore Duis veniam\",\n  \"externalStatusTwoCode\": \"cillum elit la\",\n  \"fixedMinimumPaymentMemoCode\": \"dolor fugiat exercitation eiusmod laborum\",\n  \"fleetDataOptionCode\": \"ullamco aliquip velit quis mollit\",\n  \"fleetInvalidActionCode\": \"culpa \",\n  \"fraudPortfolioIdentifier\": \"Duis aliquip\",\n  \"fraudUseCode\": \"ut minim Excepteu\",\n  \"forbearanceCycleNumber\": \"qui \",\n  \"forbearanceIncludeExcludeCode\": \"labore eiusmo\",\n  \"forbearanceStatus1Code\": \"in in ipsum ullamco laborum\",\n  \"forbearanceStatus2Code\": \"aliqua do laborum in\",\n  \"forbearanceStatus3Code\": \"ipsum sit\",\n  \"forbearanceStatus4Code\": \"pariatur\",\n  \"forbearanceStatus5Code\": \"nisi esse non\",\n  \"firstDelinquentDateMemoCode\": \"pariatur Duis\",\n  \"footprintsTransactionInclusionCode\": \"voluptate\",\n  \"ftuFlagAutomaticUncappingCode\": \"ad aute in\",\n  \"generateFastTrackFormQuestionnaireCode\": \"sed\",\n  \"healthCareContactAddressText\": \"reprehenderit labore amet\",\n  \"healthCareContactCityName\": \"in deserunt\",\n  \"healthCareContactCountryCode\": \"dolor mollit\",\n  \"healthCareContactEmailAddressText\": \"cupidatat dolore et eu\",\n  \"healthCareContactNameText\": \"nulla ullamco\",\n  \"healthCareContactPhoneIdentifier\": \"incididunt minim aute\",\n  \"healthCareContactPostalCode\": \"fugiat cupidatat et\",\n  \"healthCareContactStateProvinceSubdivisionCode\": \"nisi velit\",\n  \"healthCareFaxPhoneIdentifier\": \"proident tempor est\",\n  \"healthCareResponseMethodCode\": \"magna nulla\",\n  \"hybridAccountCode\": \"sit enim irure\",\n  \"integratedCircuitDataVerificationCode\": \"fugiat est amet reprehenderit\",\n  \"incrementalAuthorizationDataIndicator\": \"veniam mollit eiusmod\",\n  \"integratedCircuitCardCode\": \"cillum aute\",\n  \"ipsPlayerFlagCode\": \"et\",\n  \"accountUpdaterIssuerSegmentCode\": \"aliquip\",\n  \"accountUpdaterIssuerSegmentIdentifier\": \"nisi sed do laboris\",\n  \"lienAmountMemoIndicator\": \"in irure\",\n  \"lostStolenSameDayPlasticCode\": \"consectetur consequat veniam ipsum\",\n  \"loststolenSameDayRushCode\": \"ea consequat reprehenderit enim\",\n  \"loststolenSocialSecurityNumberAndDateOfBirthUpdateCode\": \"id\",\n  \"massMailCheckVendorFileDataControlCode\": \"Duis\",\n  \"maximumNumberDepositAmount\": \"adipisicing\",\n  \"maximumNumberDepositCount\": \"ullamco Duis laboris aute voluptate\",\n  \"maximumPlasticsNumber\": \"ad irure fugiat\",\n  \"maximumSingleDepositAmount\": \"nos\",\n  \"merchantCategoryCodeOverrideTableIdentifier\": \"cupidatat exercitation in\",\n  \"mastercardIntraprocessingCode\": \"consectetur a\",\n  \"mastercardIsoIdentifier\": \"sed\",\n  \"mastercardIssuerAccountUpdaterCode\": \"consectetur sed do\",\n  \"miscellaneousFieldOneAuthorizationMemoCode\": \"voluptate\",\n  \"multipleLikeOverridePresentationInstrumentAssignmentIndicator\": \"cupidatat dolor\",\n  \"multipleLikemultipleUniqueMemoCode\": \"Lorem\",\n  \"multipleUniqueLostStolenCode\": \"veniam\",\n  \"multipleUniqueOverridePresentationInstrumentAssignmentIndicator\": \"dolor ipsum et\",\n  \"moneysendIncrementFundsIndicator\": \"non ad anim\",\n  \"monetaryLinePrimaryIdentifier\": \"dolore\",\n  \"monetaryLineSecondaryIdentifier\": \"enim dolor\",\n  \"merchantBackOfficeProcessCode\": \"in labore laborum ipsum\",\n  \"merchantExpandedMonetaryControlCode\": \"Excepteur\",\n  \"multipurseTableIdentifier\": \"aute consect\",\n  \"nameDisplayOnCorrespondenceCode\": \"deserunt\",\n  \"nicknameEmbossedCode\": \"irure incididunt occaecat ipsum in\",\n  \"nicknameStatementCode\": \"nisi Lorem ad commodo\",\n  \"newAccountDayIdentifier\": \"qui dolor eu Lorem\",\n  \"newAccountEnhancedOfflineDebitCode\": \"ea quis non\",\n  \"alternateMultipurseSequenceTableIdentifier\": \"eu sit dolor exercitation\",\n  \"onlineDebitProcessCode\": \"dolore exercitation officia nulla\",\n  \"onlineSlxSecurityFlag\": \"officia in id ipsum\",\n  \"optOutAuthorizationCode\": \"amet aliqua laborum\",\n  \"optOutMonetaryCode\": \"proident amet et ipsum\",\n  \"overlimitExpansionInquiryCode\": \"Duis labore ipsum\",\n  \"paperEbillSwitchMemoCode\": \"elit fugiat\",\n  \"pcf24HourCisFlag\": \"mollit enim\",\n  \"applicationControlLevel\": \"velit occaecat\",\n  \"automaticAccountNumberAssignment\": \"enim ipsum\",\n  \"automaticAtForLoststolen\": \"tempor ut est Duis\",\n  \"automaticPaymentSwitch\": \"nulla ex\",\n  \"automaticStatementFlag\": \"et aute ut\",\n  \"automaticTransferFlag\": \"enim veniam ipsum magna\",\n  \"pcfBankName\": \"consequat do\",\n  \"bankType\": \"qui\",\n  \"newAccountConvenienceChecksOrder\": \"reprehenderit Duis ex nostrud\",\n  \"checkReorderFlag\": \"enim sit eu\",\n  \"customerUseFlagIdentifier\": \"est dolore pariatur\",\n  \"cycleCodeGenerationMethod\": \"mollit nostrud Ut nulla\",\n  \"cycleCodeMethod\": \"exercitation culpa ut voluptate\",\n  \"docutelControlSwitch\": \"ex culpa sint\",\n  \"homeEquityFlag\": \"deserunt Excepteur consequat\",\n  \"memoSystemUseCode\": \"consequat\",\n  \"multranFlag\": \"esse anim deseru\",\n  \"numberOfPlastics\": \"qui minim occaecat\",\n  \"payAheadFlag\": \"Excepteu\",\n  \"pinGenerationFlag\": \"amet tempor aliqua sunt qui\",\n  \"plasticsSwitch\": \"sed \",\n  \"preferredCardFlag\": \"elit eiusmod esse\",\n  \"plasticStockNumber1\": \"sit laborum consectetur\",\n  \"termsFlag\": \"i\",\n  \"vipAmountPreferredCardCreditLimit\": \"Ut veniam\",\n  \"vipSwitch\": \"f\",\n  \"zipCodeTableUse\": \"Duis do Lorem i\",\n  \"presentationInstrumentAssignmentCode\": \"est in in\",\n  \"presentationInstrumentAuthorizationMaximumDailyCount\": \"adipisicing velit irure\",\n  \"presentationInstrumentCardActivationMemoCode\": \"sed dolore id culpa\",\n  \"presentationInstrumentCountMemoCode\": \"aliquip sint ipsum\",\n  \"presentationInstrumentDateLastPlasticMemoCode\": \"\",\n  \"presentationInstrumentPinProhibitMemoCode\": \"anim et tempor ad fugiat\",\n  \"presentationInstrumentReplacementMemoCode\": \"anim ad nisi culpa\",\n  \"presentationInstrumentStatusMemoCode\": \"ea cillum\",\n  \"presentationInstrumentStatusReasonMemoCode\": \"ex ut\",\n  \"plasticActivateCode\": \"consectetur\",\n  \"plasticsCount\": \"fugiat\",\n  \"plasticTypeCode\": \"dolore non\",\n  \"pinlessPaymentActionCode\": \"dolor\",\n  \"pinlessTransferActionCode\": \"Lorem mollit\",\n  \"processorTypeCode\": \"rep\",\n  \"previousExternalStatusAuthorizationOption\": \"culpa amet\",\n  \"preformattedTextCode\": \"voluptate amet irure labore\",\n  \"purgedAccountReasonCode\": \"adipisicing quis\",\n  \"principalIdentifier\": \"exercitation minim voluptate\",\n  \"parkingMultipurseSequenceIdentifier\": \"incididunt sed\",\n  \"presentationInstrumentReissueFrequencyCode\": \"in aliquip dolor\",\n  \"partialApprovalAuthorizationCode\": \"nostrud \",\n  \"qualifyForReleaseIndicator\": \"ut dolore\",\n  \"qualifyStatusTableIdentifier\": \"in occaecat\",\n  \"recourseAccountIndicator\": \"consectetur\",\n  \"recoveryPrechargeoffCode\": \"Excepteur veniam quis\",\n  \"reissueDayOptionIdentifier\": \"consectetur minim incididunt aute\",\n  \"ciuReissueQualificationCode\": \"cupidatat sit Excepteur Ut\",\n  \"retailAdjustmentDiscountCode\": \"quis mollit eu\",\n  \"referralProcessCode\": \"veniam\",\n  \"righttimeIncreaseOpentobuyCode\": \"consequat est mollit eiusmod sunt\",\n  \"righttimePaymentCollectionActionCode\": \"nulla ut\",\n  \"randomAccountHoldDaysNumber\": \"elit incididunt mollit Lorem\",\n  \"renewalCode\": \"nulla Duis\",\n  \"retrievalAuthorizationTableIdentifier\": \"consequat ipsum c\",\n  \"screenControlEntryTableId\": \"eiusmod sit in velit\",\n  \"cdaxSecurityCode\": \"ipsum consectetur\",\n  \"scorexAuthorizationUsageCode\": \"do laborum\",\n  \"scorexBatchUsageCode\": \"cupidatat\",\n  \"suppressScoresCode\": \"sunt amet\",\n  \"suspenseCollectorCode\": \"anim est id dolore commodo\",\n  \"securitySuspenseRecordGenerationCode\": \"nostrud nisi reprehenderit\",\n  \"statementHoldMemoCode\": \"laboris\",\n  \"storedValueCode\": \"deserunt exercitation magna occa\",\n  \"systemIdentifier\": \"pariatur in sint et\",\n  \"testCheckVendorFileDataControlCode\": \"nulla aliqua officia\",\n  \"thirdPartyMerchantNumber\": \"do aliquip consectetur\",\n  \"timeStampFlag\": \"veniam deserunt minim \",\n  \"transitMultipurseSequenceIdentifier\": \"Ut ex laboris est in\",\n  \"tokenCisMemoCreationCode\": \"aute Duis\",\n  \"tokenProvisioningOnetimePasswordCode\": \"adipisicing dolor\",\n  \"tokenServiceProviderCode\": \"esse ad laboris\",\n  \"transitTypeModeIndicator\": \"occaecat ipsum\",\n  \"ultragraphicsAccessCode\": \"elit\",\n  \"updateProfileMemoCode\": \"Duis elit\",\n  \"unitedStatesAddressValidationCode\": \"eiusmod Excepteu\",\n  \"inasbaseDeclineTransferCode1\": \"pariatur cons\",\n  \"intrasystemDeclineTransferCode1\": \"adipisicing minim Lorem reprehenderit enim\",\n  \"monthsGrossActive1\": \"enim nisi esse irure\",\n  \"vbobMonthsGrossActive2\": \"est id labore\",\n  \"vbobMonthsGrossActive3\": \"sed minim\",\n  \"extensionPercentOverlimit1\": \"labore reprehenderit minim\",\n  \"extensionPercentOverlimit2\": \"est laborum consequat\",\n  \"extensionPercentOverlimit3\": \"id\",\n  \"vbovTimesDelinquent1Cycle1\": \"Ut Duis\",\n  \"vbovTimesDelinquent1Cycle2\": \"exercitation est ex\",\n  \"vbovTimesDelinquent1Cycle3\": \"aliqua in\",\n  \"vbovTimesDelinquent2Cycle1\": \"in quis ipsum laboris ad\",\n  \"vbovTimesDelinquent2Cycle2\": \"fugiat\",\n  \"vbovTimesDelinquent2Cycle3\": \"nisi laborum\",\n  \"vbovTimesDelinquent3Cycle1\": \"ipsum voluptate in adipisicing et\",\n  \"vbovTimesDelinquent3Cycle2\": \"deserunt aute\",\n  \"vbovTimesDelinquent3Cycle3\": \"ex\",\n  \"range1GrossMonthsActive\": \"ullamco sunt in aliquip\",\n  \"range2GrossMonthsActive\": \"anim sint Duis\",\n  \"range3GrossMonthsActive\": \"nisi labore eu\",\n  \"absoluteDollarLimit1\": \"dolor id\",\n  \"absoluteDollarLimit2\": \"\",\n  \"absoluteDollarLimit3\": \"aliqua sed enim\",\n  \"agentNumber\": \"esse do enim laborum\",\n  \"applicationFlag\": \"aliqua quis\",\n  \"aruInquiryUser\": \"ut Ut sint dolore\",\n  \"atmBalanceInquiryFlag\": \"aliqua ea irure\",\n  \"atmMinimumAmount\": \"proident Duis est aliqua\",\n  \"atmSingleLimit\": \"cillum ad dolore sit\",\n  \"atmSinglePercent\": \"pariatur incididunt non reprehenderit officia\",\n  \"authorizationBehaviorScorePercent\": \"pariatur\",\n  \"authorizePriorToValidDateFlag\": \"irure reprehenderit cupidatat qu\",\n  \"callMeModifierHighCreditLineResponseCenterPhoneNumber\": \"mollit commodo culpa ex\",\n  \"cardholderExpirationFlag\": \"sit Lorem proident\",\n  \"cashMinimumAmount\": \"Excepteur nisi est\",\n  \"cbiIndicator\": \"magna adipisicing nostrud ipsum\",\n  \"collectionOptionalWorkDateMaximum\": \"ex Excepteur\",\n  \"creditLimitPercent1\": \"ullamco\",\n  \"creditLimitPercent2\": \"incididunt\",\n  \"creditLimitPercent3\": \"mollit officia cillum\",\n  \"creditScoreSubsystem\": \"sed non consectetur\",\n  \"cvvActionIndicator\": \"Ut non aliquip nostrud\",\n  \"cvvExpirationDate\": \"aliquip Duis fugiat quis irure\",\n  \"cvvGenerationFlag\": \"fugiat veniam\",\n  \"cvvTrack1Displacement\": \"sint\",\n  \"cvvTrack2Displacement\": \"nostrud id Duis\",\n  \"daysDelinquent2\": \"et voluptate culpa adipisicing id\",\n  \"daysDelinquent\": \"labore sint\",\n  \"daysDelinquent3\": \"in incididunt qui consectetur\",\n  \"dailyMerchandiseLimit\": \"esse aliqua laboris elit\",\n  \"dailyMerchandisePercent\": \"enim mollit \",\n  \"dailyNumberOfCashAdvanceAuthorizations\": \"deserunt ea anim in\",\n  \"dailyParameterControlSwitch\": \"mollit fugiat ea\",\n  \"withdrawalLimitDaily\": \"aliquip id\",\n  \"withdrawalPercentDaily\": \"dolor mollit\",\n  \"pinCardEncodingFlag\": \"ipsum anim\",\n  \"pinVerificationDefaultFlag\": \"quis esse\",\n  \"pinBlockFormatFlag\": \"adipisicing Excepteur nostrud\",\n  \"pinGenerationCode\": \"Lorem voluptate in\",\n  \"pinVerificationCode\": \"ipsum id ex\",\n  \"pinManagementFlag\": \"veniam eu fugiat amet nulla\",\n  \"emergencyCashAuthorizationLimit\": \"dolor commodo adipisicing\",\n  \"emergencyCashCreditCardLimit\": \"commodo Excepteur ut id consectetur\",\n  \"emergencyCashAuthorizationIdIndicator\": \"ut Lorem\",\n  \"emergencyCashIdLength\": \"sunt ut\",\n  \"emergencyCashMustAuthorize\": \"esse\",\n  \"excessivePinControl\": \"cillum dolor consectetur aute\",\n  \"fraudResearchFlag\": \"nostrud commodo ipsum culpa\",\n  \"inasbaseDeclineTransferCode2\": \"sed ex officia\",\n  \"inasbaseDeclineTransferCode3\": \"adipisicing in ad\",\n  \"inasbaseDeclineTransferCode\": \"ipsum sit eu laboris\",\n  \"inasbaseFlag\": \"mollit dolor sunt\",\n  \"intraFlag\": \"amet sint ad\",\n  \"intrasystemDeclineTransferCode2\": \"veniam pariatur aute est\",\n  \"intrasystemDeclineTransferCode3\": \"dolore ipsum in cupidatat aliqua\",\n  \"intrasystemDeclineTransferCode\": \"et sed aute\",\n  \"maximumAuthorizationsPerDay\": \"aliquip amet pariatur consequat fugiat\",\n  \"maximumPinAttempts\": \"enim aliqua proident incididunt\",\n  \"monthsGrossActive\": \"moll\",\n  \"vbsMonthsGrossActive2\": \"amet deserunt\",\n  \"vbsMonthsGrossActive3\": \"officia dolore dolore velit\",\n  \"overSingleCashincoming\": \"enim velit et\",\n  \"overSingleCashintra\": \"labore ex\",\n  \"overSingleMerchandiseincoming\": \"Lorem aute dolore\",\n  \"overSingleMerchandiseintra\": \"elit\",\n  \"overTotalCashincoming\": \"anim eu\",\n  \"overTotalCashintra\": \"Ut\",\n  \"overTotalMerchandiseIncoming\": \"tempor reprehenderit esse mollit\",\n  \"overTotalMerchandiseintra\": \"qui et exercitation\",\n  \"pickuparrestFlag\": \"proident esse irure veniam\",\n  \"pinpointControlExternalStatus\": \"nisi ullamco\",\n  \"principalBankNumber\": \"incididunt minim dolor esse\",\n  \"realtimeAuthorizationDisplay\": \"enim\",\n  \"reissueAmount\": \"fugiat qui ut exercitation Excepteur\",\n  \"newreissueUserSegmentIndicator\": \"non deserunt ea consequat\",\n  \"reportFlag\": \"no\",\n  \"securityPhoneNumber\": \"ipsum do nulla nisi veniam\",\n  \"securityBankPhoneFormat\": \"irure magna ut\",\n  \"singleCashAdvanceAmountLimit\": \"veniam sunt ut\",\n  \"singleCashAdvancePercentLimit\": \"ut sit proident aute\",\n  \"singlePurchaseAmountLimit\": \"consequat anim\",\n  \"singlePurchasePercentLimit\": \"te\",\n  \"stopPaymentSystemSwitch\": \"pariatur do in aliquip\",\n  \"statusAInasbaseTransferCode\": \"fugiat exercitation nisi\",\n  \"statusAIntrasystemTransferCode\": \"nulla cupidatat culpa\",\n  \"statusBInasbaseTransferCode\": \"enim culpa in proident aliqua\",\n  \"statusBIntrasystemTransferCode\": \"deserunt et aliqua est dolor\",\n  \"statusCInasbaseTransferCode\": \"commodo dolore Duis\",\n  \"statusCIntrasystemTransferCode\": \"occaecat ipsum sunt dolore\",\n  \"statusEInasbaseTransferCode\": \"nostrud consectetur in\",\n  \"statusEIntrasystemTransferCode\": \"ex Excepteur\",\n  \"statusFInasbaseTransferCode\": \"irure aliquip in esse\",\n  \"statusFIntrasystemTransferCode\": \"in magna Ut\",\n  \"statusIInasbaseTransferCode\": \"non anim\",\n  \"statusIIntrasystemTransferCode\": \"deserunt Lorem\",\n  \"statusLInasbaseTransferCode\": \"consectetur in culpa no\",\n  \"statusLIntrasystemTransferCode\": \"ex elit\",\n  \"statusUInasbaseTransferCode\": \"anim eu aliquip\",\n  \"statusUIntrasystemTransferCode\": \"fugiat sit nostrud proident\",\n  \"statusZInasbaseTransferCode\": \"in commodo dolore\",\n  \"statusZIntrasystemTransferCode\": \"cillum reprehenderit ea\",\n  \"systemBankNumber\": \"officia mollit Duis\",\n  \"vbsTimesDelinquent1Cycle1\": \"cillum\",\n  \"vbsTimesDelinquent1Cycle2\": \"consectetur cupidatat Ex\",\n  \"vbsTimesDelinquent1Cycle3\": \"eiusmod ad\",\n  \"vbsTimesDelinquent2Cycle1\": \"pariatur\",\n  \"vbsTimesDelinquent2Cycle2\": \"sit ea\",\n  \"vbsTimesDelinquent2Cycle3\": \"officia voluptate laborum in exercitation\",\n  \"vbsTimesDelinquent3Cycle1\": \"sint\",\n  \"vbsTimesDelinquent3Cycle2\": \"ea Excepteur minim mollit ex\",\n  \"vbsTimesDelinquent3Cycle3\": \"commodo fugiat irure voluptate\",\n  \"totalCashAdvanceAmountLimit\": \"commodo\",\n  \"totalCashAdvancePercentLimit\": \"sint laborum Excepteur\",\n  \"totalMerchandiseAmountLimit\": \"occaecat in sit commodo\",\n  \"totalMerchandisePercentLimit\": \"esse\",\n  \"vipAmount\": \"ullamco quis occaecat\",\n  \"vipFlag\": \"cillum velit labore\",\n  \"warningBulletinFlag\": \"pariatur sunt est\",\n  \"internalWarningBulletinDays\": \"qui voluptate id\",\n  \"warningBulletinInternalFlag\": \"et sit in ipsum\",\n  \"fiservOrgCode\": \"Lorem labore\",\n  \"fiservLogoCode\": \"et tempor non Excepteur\",\n  \"fiservClientId\": \"minim lab\",\n  \"epocLogoId\": \"tempor non Ut aute officia\",\n  \"epocClientId\": \"ut in Ut\",\n  \"institutionName\": \"sit fugiat\",\n  \"visaIssuerSegmentId\": \"ullamco officia Ut\",\n  \"healthcareTrusteeAuthRestfulApi\": \"mollit laboris aliquip dolore\",\n  \"wallet1Identifier\": \"eu Duis cillum\",\n  \"piPercentOfCreditLimit1Amount\": \"ut enim nostrud\",\n  \"piAccumulated1Amount\": \"exercitation\",\n  \"piAccumulatedCountLimit1Amount\": \"ea cupidatat\",\n  \"piExpirationDateCalculation1Code\": \"eiusmod fugiat sit esse minim\",\n  \"piSingleTransactionLimit1Amount\": \"reprehenderit incididunt\",\n  \"wallet2Identifier\": \"ipsum tempor\",\n  \"piPercentOfCreditLimit2Amount\": \"incididunt ullamco\",\n  \"piAccumulated2Amount\": \"cupidatat adipisicing consectetur in\",\n  \"piAccumulatedCountLimit2Amount\": \"in sint\",\n  \"piExpirationDateCalculation2Code\": \"Ut\",\n  \"piSingleTransactionLimit2Amount\": \"sint qui culpa\",\n  \"wallet3Identifier\": \"id nisi elit\",\n  \"piPercentOfCreditLimit3Amount\": \"aute ut occaecat enim fugiat\",\n  \"piAccumulated3Amount\": \"sunt\",\n  \"piAccumulatedCountLimit3Amount\": \"nisi ipsum ut\",\n  \"piExpirationDateCalculation3Code\": \"Lorem proident ut\",\n  \"piSingleTransactionLimit3Amount\": \"consequat\",\n  \"wallet4Identifier\": \"mollit dolor\",\n  \"piPercentOfCreditLimit4Amount\": \"ea laboris consectetur\",\n  \"piAccumulated4Amount\": \"in sit\",\n  \"piAccumulatedCountLimit4Amount\": \"sit deserunt\",\n  \"piExpirationDateCalculation4Code\": \"Duis cupidatat\",\n  \"piSingleTransactionLimit4Amount\": \"velit sint elit\",\n  \"wallet5Identifier\": \"tempor\",\n  \"piPercentOfCreditLimit5Amount\": \"Lorem sit non repreh\",\n  \"piAccumulated5Amount\": \"a\",\n  \"piAccumulatedTransactionCountLimit5Amount\": \"culpa\",\n  \"piExpirationDateCalculation5Code\": \"sunt occaecat veniam exercitation\",\n  \"piSingleTransactionLimit5Amount\": \"culpa dolor ut mollit\",\n  \"enhancedPiControlsIndicator\": \"fugiat quis ipsum ullamco\"\n}","cookie":[],"_postman_previewlanguage":"json"}],"event":[],"protocolProfileBehavior":{"disableBodyPruning":true}},{"id":"5461f180-082c-477c-99a5-6134c80dd000","name":"PCF_METHOD_OVERRIDE ODS View","request":{"name":"PCF_METHOD_OVERRIDE ODS View","description":{"content":"The PCF_METHOD_OVERRIDE view enables you to access Product Control File pricing methods for individual cardholders without creating new strategies, if you use the Account Level Processing℠ service (ALP℠ service). Required Fields: common.accountId or common.presentationId. <br><br> <b>Relates to:</b>\n  \n  <blockquote style=\"border-left: 0.375em solid #40a9ff; background-color: #e6f7ff; border-radius: 3px; padding: 1em;\" ><div>PCF_METHOD_OVERRIDE View, <a target=\"_blank\" title=\"Click to open in a new tab\" href=\"https://documentation.fiserv.com/bundle/Open-Data-Streams/page/00A_ODS/Views/04ODS_CHD_ACCTviews/04ODS_CHD_ACCTviews.xhtml#IX_PCF_METHOD_OVERRIDE_view\"> click here</a>.</div></blockquote>","type":"text/plain"},"url":{"path":["utilities","v4","pcfMethodOverride"],"host":["{{baseUrl}}"],"query":[],"variable":[]},"header":[{"key":"Content-Type","value":"application/json"},{"key":"Accept","value":"application/json"}],"method":"POST","auth":null,"body":{"mode":"raw","raw":"{\n  \"selectFields\": [\n    \"<string>\"\n  ],\n  \"common\": {\n    \"user\": \"<string>\",\n    \"agent\": \"<string>\",\n    \"cycle\": \"<string>\",\n    \"clientNumber\": \"<string>\",\n    \"system\": \"<string>\",\n    \"prin\": \"<string>\",\n    \"debug\": false,\n    \"org\": \"<string>\",\n    \"processor\": false,\n    \"contentType\": \"<string>\",\n    \"retry\": \"<long>\",\n    \"timeout\": \"<long>\",\n    \"siteId\": \"<string>\",\n    \"externalCustomerId\": \"<string>\",\n    \"accountId\": \"<string>\",\n    \"presentationId\": \"<string>\"\n  },\n  \"odsNaming\": false\n}","options":{"raw":{"language":"json"}}}},"response":[{"id":"f7a35ad7-6c50-4b0b-926b-a7c67b111a21","name":"successful operation","originalRequest":{"url":{"path":["utilities","v4","pcfMethodOverride"],"host":["{{baseUrl}}"],"query":[],"variable":[]},"header":[{"key":"Accept","value":"application/json"}],"method":"POST","body":{"mode":"raw","raw":"{\n  \"selectFields\": [\n    \"anyvalidfieldname1\",\n    \"anyvalidfieldname2\",\n    \"anyvalidfieldname3\",\n    \"anyvalidfieldname?\",\n    \"anyvalidfieldname?n\"\n  ],\n  \"common\": {\n    \"user\": \"<string>\",\n    \"agent\": \"4000\",\n    \"cycle\": \"T\",\n    \"clientNumber\": \"1000\",\n    \"system\": \"2000\",\n    \"prin\": \"3000\",\n    \"debug\": false,\n    \"org\": \"<string>\",\n    \"processor\": false,\n    \"contentType\": \"<string>\",\n    \"retry\": \"<long>\",\n    \"timeout\": 45000,\n    \"siteId\": \"4201\",\n    \"externalCustomerId\": \"<string>\",\n    \"accountId\": \"8888888888888888\",\n    \"presentationId\": \"<string>\"\n  },\n  \"odsNaming\": false\n}","options":{"raw":{"language":"json"}}}},"status":"OK","code":200,"header":[{"key":"Content-Type","value":"application/json"}],"body":"{\n  \"processorInfo\": {\n    \"system\": \"ipsum ea commodo\",\n    \"cycle\": \"anim co\",\n    \"tor\": \"consectetur mollit magna aute\",\n    \"mode\": \"culpa cupidatat ad irure nulla\"\n  },\n  \"pcfMethodOverrideFields\": [\n    {\n      \"selectedFields\": {\n        \"quis__d\": \"culpa qui\"\n      },\n      \"accountIdentifier\": \"veniam culpa\",\n      \"cardholderAccountIdentifier\": \"sit nulla ipsum cillum\",\n      \"convertedEnteredIdentifier\": \"et\",\n      \"currentAccountQualificationTableIdentifier\": \"laboris aute dolore magna\",\n      \"currentChangeInTermsMethod\": \"quis id amet dolor ullamco\",\n      \"currentDisclosureCount\": \"aute ut et\",\n      \"currentDisclosureDate\": \"dol\",\n      \"currentEventDate\": \"voluptate Ut aliquip\",\n      \"currentIdentifier\": \"ullamco do labore sit\",\n      \"currentLockCode\": \"occaecat fugiat deserunt\",\n      \"currentLockDate\": \"sunt enim cupidatat\",\n      \"currentMethodCycleDate\": \"laboris deserunt dolore\",\n      \"currentOverrideAllocationDate\": \"exercitation eiusmod adipisicing ullamco\",\n      \"currentReasonChangeCode\": \"cupidatat\",\n      \"currentTimingCode\": \"fugiat irure\",\n      \"currentUnlockDate\": \"fugiat sint\",\n      \"currentUnlockReallocationCode\": \"reprehenderit sint\",\n      \"cycleApplicationCode\": \"mollit officia non deserunt\",\n      \"cycleOverrideAccountQualificationTableIdentifier\": \"tempor nostrud\",\n      \"cycleOverrideIdentifier\": \"deserunt ullamco\",\n      \"enteredIdentifier\": \"velit do qui\",\n      \"lastDifferentChangeDate\": \"in dolor consequat non\",\n      \"lastDifferentIdentifier\": \"ex exercitation nulla\",\n      \"lastDifferentReasonChangeCode\": \"laborum sit cillum\",\n      \"lastDifferentTypeIdentifier\": \"Ut irure aliquip\",\n      \"lastStatementMethodCycleCount\": \"laborum labore exercita\",\n      \"lastStatementNextChangeInTermsMethodIdentifier\": \"tempor\",\n      \"lastStatementNextMethodHonorIdentifier\": \"fugiat incididunt officia\",\n      \"lastStatementNextOverrideBeforeAfterCode\": \"anim amet\",\n      \"lastStatementNextOverrideDate\": \"laboris eu\",\n      \"lastStatementNextOverrideIdentifier\": \"fugiat minim cillum \",\n      \"lastStatementNextOverrideTimingCode\": \"laborum culpa\",\n      \"lastStatementNextOverrideWhyChangedIdentifier\": \"ipsum\",\n      \"lastStatementNextTwoChangeInTermsMethodIdentifier\": \"quis ea adipisicing consectetur in\",\n      \"lastStatementNextTwoMethodHonorIdentifier\": \"in est irure\",\n      \"lastStatementNextTwoOverrideBeforeAfterCode\": \"sit incididunt anim sint tempor\",\n      \"lastStatementNextTwoOverrideDate\": \"veniam\",\n      \"lastStatementNextTwoOverrideIdentifier\": \"qui ea dolor amet\",\n      \"lastStatementNextTwoOverrideTimingCode\": \"deserunt irure elit Excepteur commodo\",\n      \"lastStatementNextTwoOverrideWhyChangedIdentifier\": \"in exercitation est magna\",\n      \"midcycleOverrideMethodIdentifier\": \"mollit id\",\n      \"nextChangeInTermsMethod\": \"tempor ut elit laborum ipsum\",\n      \"nextDisclosureCount\": \"dolor qui sint proident\",\n      \"nextDisclosureDate\": \"ex commodo irure dolore\",\n      \"nextEffectiveDate\": \"id Duis Lorem ea\",\n      \"nextEffectiveIdentifier\": \"sunt laborum sed est\",\n      \"nextEventDate\": \"Ut velit ad\",\n      \"nextHonorCode\": \"moll\",\n      \"nextReasonChangeCode\": \"laboris nisi magna irure\",\n      \"nextTimingCode\": \"est eiusmod dolore non\",\n      \"nextTwoChangeInTermsMethod\": \"laboris consectetur aute\",\n      \"nextTwoDisclosureCount\": \"magna pariatur\",\n      \"nextTwoDisclosureDate\": \"dolore elit laborum non\",\n      \"nextTwoEffectiveDate\": \"occaecat adipisicing\",\n      \"nextTwoEffectiveIdentifier\": \"sed\",\n      \"nextTwoEventDate\": \"reprehenderit Duis officia est\",\n      \"nextTwoHonorCode\": \"consectetur\",\n      \"nextTwoOverrideBeforeAfterCode\": \"dolore esse\",\n      \"nextTwoOverrideReviewIndicator\": \"laboris ad\",\n      \"nextTwoReasonChangeCode\": \"aliquip ut velit Duis\",\n      \"nextTwoTimingCode\": \"in proident aliquip\",\n      \"serviceSubjectSectionIdentifier\": \"labore velit quis nulla mollit\"\n    },\n    {\n      \"selectedFields\": {\n        \"ipsum_8\": \"culpa\"\n      },\n      \"accountIdentifier\": \"officia nostrud labore commodo\",\n      \"cardholderAccountIdentifier\": \"ipsum Duis pariatur occaecat\",\n      \"convertedEnteredIdentifier\": \"min\",\n      \"currentAccountQualificationTableIdentifier\": \"eu\",\n      \"currentChangeInTermsMethod\": \"do irure cupidatat\",\n      \"currentDisclosureCount\": \"sed reprehenderit velit eiusmod\",\n      \"currentDisclosureDate\": \"Lorem aute\",\n      \"currentEventDate\": \"anim n\",\n      \"currentIdentifier\": \"veniam laborum\",\n      \"currentLockCode\": \"in enim proident nostrud\",\n      \"currentLockDate\": \"nulla\",\n      \"currentMethodCycleDate\": \"ea exercitation est\",\n      \"currentOverrideAllocationDate\": \"voluptate\",\n      \"currentReasonChangeCode\": \"magna laborum cupidatat sit nulla\",\n      \"currentTimingCode\": \"enim amet officia laboris reprehenderit\",\n      \"currentUnlockDate\": \"aute minim sit nulla\",\n      \"currentUnlockReallocationCode\": \"esse cupidatat pariatur nisi\",\n      \"cycleApplicationCode\": \"fugiat quis pariatur sunt\",\n      \"cycleOverrideAccountQualificationTableIdentifier\": \"tempo\",\n      \"cycleOverrideIdentifier\": \"amet aliqua\",\n      \"enteredIdentifier\": \"e\",\n      \"lastDifferentChangeDate\": \"et laboris deserunt\",\n      \"lastDifferentIdentifier\": \"in ullamco anim aliqua\",\n      \"lastDifferentReasonChangeCode\": \"culpa mollit voluptate nul\",\n      \"lastDifferentTypeIdentifier\": \"dolor\",\n      \"lastStatementMethodCycleCount\": \"elit commodo in magna\",\n      \"lastStatementNextChangeInTermsMethodIdentifier\": \"enim Ut\",\n      \"lastStatementNextMethodHonorIdentifier\": \"quis et\",\n      \"lastStatementNextOverrideBeforeAfterCode\": \"mollit eiusmod reprehenderit\",\n      \"lastStatementNextOverrideDate\": \"Ut reprehenderit voluptate nisi\",\n      \"lastStatementNextOverrideIdentifier\": \"ullamco ad\",\n      \"lastStatementNextOverrideTimingCode\": \"non elit\",\n      \"lastStatementNextOverrideWhyChangedIdentifier\": \"nisi elit dolore\",\n      \"lastStatementNextTwoChangeInTermsMethodIdentifier\": \"culpa ea dolor\",\n      \"lastStatementNextTwoMethodHonorIdentifier\": \"reprehenderit in dolore sunt\",\n      \"lastStatementNextTwoOverrideBeforeAfterCode\": \"ad veniam irure adipi\",\n      \"lastStatementNextTwoOverrideDate\": \"Lorem sunt fugiat in\",\n      \"lastStatementNextTwoOverrideIdentifier\": \"\",\n      \"lastStatementNextTwoOverrideTimingCode\": \"incididunt officia\",\n      \"lastStatementNextTwoOverrideWhyChangedIdentifier\": \"esse voluptate magna eiusmod et\",\n      \"midcycleOverrideMethodIdentifier\": \"minim enim in Duis\",\n      \"nextChangeInTermsMethod\": \"do\",\n      \"nextDisclosureCount\": \"officia d\",\n      \"nextDisclosureDate\": \"laboris\",\n      \"nextEffectiveDate\": \"proident tempor minim eiusmod\",\n      \"nextEffectiveIdentifier\": \"ullamc\",\n      \"nextEventDate\": \"eiusmod cillum\",\n      \"nextHonorCode\": \"sint irure\",\n      \"nextReasonChangeCode\": \"id occaecat do\",\n      \"nextTimingCode\": \"Excepteur dolor irure ipsum\",\n      \"nextTwoChangeInTermsMethod\": \"sit\",\n      \"nextTwoDisclosureCount\": \"aliquip labore dolore\",\n      \"nextTwoDisclosureDate\": \"ut non esse\",\n      \"nextTwoEffectiveDate\": \"commodo ullamco laborum culpa\",\n      \"nextTwoEffectiveIdentifier\": \"sit nisi laborum minim\",\n      \"nextTwoEventDate\": \"non cillum qui\",\n      \"nextTwoHonorCode\": \"\",\n      \"nextTwoOverrideBeforeAfterCode\": \"id reprehenderit ut\",\n      \"nextTwoOverrideReviewIndicator\": \"occaecat in fugia\",\n      \"nextTwoReasonChangeCode\": \"consequat fugiat Excepteur cupidatat\",\n      \"nextTwoTimingCode\": \"veniam laboris occaecat\",\n      \"serviceSubjectSectionIdentifier\": \"sint veniam\"\n    }\n  ]\n}","cookie":[],"_postman_previewlanguage":"json"}],"event":[],"protocolProfileBehavior":{"disableBodyPruning":true}},{"id":"976fba7b-d05f-48e6-980b-f684cf33ad3d","name":"Read or Update PCF","request":{"name":"Read or Update PCF","description":{"content":"Read or Update PCF with different parametersRequired Fields: callType, area, type, service, subject, section, clientId, identification, currentEffectiveDate, updateEffectiveDate, dataLength, client, parameterMethod, effectiveDate, chargeLetter, batchId, originPosting, returnCheckReverseDiscount, option, minimumCharge, maximumCharge, chargePercentage, postingTextId, reverseTextId, chargeDispersementCode, methodOverrideTextId, dispersementAmountCode, firstYearMaximumManagementCode, minimumPaymentDueCode, oneFeePartCode, controlBatchId, oneFeePriorityCode, refundDetailTextId, waivedMessageTextId, system, principal, agent. <br><br> <b>Relates to:</b>\n  \n  <blockquote style=\"border-left: 0.375em solid #40a9ff; background-color: #e6f7ff; border-radius: 3px; padding: 1em;\" ><div>PCF View, <a target=\"_blank\" title=\"Click to open in a new tab\" href=\"https://documentation.fiserv.com/bundle/Open-Data-Streams/page/00A_ODS/Views/04ODS_PCFviews/04ODS_PCFviews.xhtml#IX_PCF_view\"> click here</a>.</div></blockquote>","type":"text/plain"},"url":{"path":["utilities","v4","pcfReadOrUpdate"],"host":["{{baseUrl}}"],"query":[],"variable":[]},"header":[{"key":"Content-Type","value":"application/json"},{"key":"Accept","value":"application/json"}],"method":"POST","auth":null,"body":{"mode":"raw","raw":"{\n  \"odsDestination\": \"<string>\",\n  \"odsElements\": [\n    \"<string>\",\n    \"<string>\"\n  ],\n  \"common\": {\n    \"user\": \"<string>\",\n    \"agent\": \"<string>\",\n    \"cycle\": \"<string>\",\n    \"clientNumber\": \"<string>\",\n    \"system\": \"<string>\",\n    \"prin\": \"<string>\",\n    \"debug\": false,\n    \"org\": \"<string>\",\n    \"processor\": false,\n    \"contentType\": \"<string>\",\n    \"retry\": \"<long>\",\n    \"timeout\": \"<long>\",\n    \"siteId\": \"<string>\"\n  },\n  \"criteria\": \"<string>\",\n  \"callParameter\": {\n    \"agent\": \"<string>\",\n    \"area\": \"<string>\",\n    \"callType\": \"<string>\",\n    \"clientId\": \"<string>\",\n    \"currentEffectiveDate\": \"<string>\",\n    \"dataLength\": \"<string>\",\n    \"identification\": \"<string>\",\n    \"itemComment\": \"<string>\",\n    \"principal\": \"<string>\",\n    \"section\": \"<string>\",\n    \"service\": \"<string>\",\n    \"subject\": \"<string>\",\n    \"system\": \"<string>\",\n    \"type\": \"<string>\",\n    \"updateEffectiveDate\": \"<string>\",\n    \"txid\": \"<string>\",\n    \"host\": \"<string>\"\n  },\n  \"serviceSubjectSectionData\": {\n    \"batchId\": \"<string>\",\n    \"chargeDispersementCode\": \"<string>\",\n    \"chargeLetter\": \"<string>\",\n    \"chargePercentage\": \"<string>\",\n    \"client\": \"<string>\",\n    \"controlBatchId\": \"<string>\",\n    \"dispersementAmountCode\": \"<string>\",\n    \"effectiveDate\": \"<string>\",\n    \"firstYearMaximumManagementCode\": \"<string>\",\n    \"maximumCharge\": \"<string>\",\n    \"methodOverrideTextId\": \"<string>\",\n    \"minimumCharge\": \"<string>\",\n    \"minimumPaymentDueCode\": \"<string>\",\n    \"oneFeePartCode\": \"<string>\",\n    \"oneFeePriorityCode\": \"<string>\",\n    \"option\": \"<string>\",\n    \"originPosting\": \"<string>\",\n    \"parameterMethod\": \"<string>\",\n    \"postingTextId\": \"<string>\",\n    \"refundDetailTextId\": \"<string>\",\n    \"returnCheckReverseDiscount\": \"<string>\",\n    \"reverseTextId\": \"<string>\",\n    \"waivedMessageTextId\": \"<string>\"\n  },\n  \"audit\": {\n    \"auditTimeStamp\": \"<string>\",\n    \"otxId\": \"<string>\"\n  }\n}","options":{"raw":{"language":"json"}}}},"response":[{"id":"35250d49-2764-4b4c-bd44-41cac529263a","name":"successful operation","originalRequest":{"url":{"path":["utilities","v4","pcfReadOrUpdate"],"host":["{{baseUrl}}"],"query":[],"variable":[]},"header":[{"key":"Accept","value":"application/json"}],"method":"POST","body":{"mode":"raw","raw":"{\n  \"odsDestination\": \"Select\",\n  \"odsElements\": [\n    \"string1\",\n    \"string2\",\n    \"string3\",\n    \"string4\"\n  ],\n  \"common\": {\n    \"user\": \"<string>\",\n    \"agent\": \"4000\",\n    \"cycle\": \"T\",\n    \"clientNumber\": \"1000\",\n    \"system\": \"2000\",\n    \"prin\": \"3000\",\n    \"debug\": false,\n    \"org\": \"<string>\",\n    \"processor\": false,\n    \"contentType\": \"<string>\",\n    \"retry\": 0,\n    \"timeout\": 45000,\n    \"siteId\": \"4201\"\n  },\n  \"criteria\": \"<string>\",\n  \"callParameter\": {\n    \"agent\": \"1234\",\n    \"area\": \"<string>\",\n    \"callType\": \"<string>\",\n    \"clientId\": \"1234\",\n    \"currentEffectiveDate\": \"00-00-0000\",\n    \"dataLength\": \"1234\",\n    \"identification\": \"<string>\",\n    \"itemComment\": \"<string>\",\n    \"principal\": \"1234\",\n    \"section\": \"<string>\",\n    \"service\": \"<string>\",\n    \"subject\": \"<string>\",\n    \"system\": \"1234\",\n    \"type\": \"<string>\",\n    \"updateEffectiveDate\": \"00-00-0000\",\n    \"txid\": \"<string>\",\n    \"host\": \"<string>\"\n  },\n  \"serviceSubjectSectionData\": {\n    \"batchId\": \"<string>\",\n    \"chargeDispersementCode\": \"<string>\",\n    \"chargeLetter\": \"1234\",\n    \"chargePercentage\": \"000.00\",\n    \"client\": \"1234\",\n    \"controlBatchId\": \"<string>\",\n    \"dispersementAmountCode\": \"<string>\",\n    \"effectiveDate\": \"00-00-0000\",\n    \"firstYearMaximumManagementCode\": \"<string>\",\n    \"maximumCharge\": \"00000000000000.00\",\n    \"methodOverrideTextId\": \"<string>\",\n    \"minimumCharge\": \"00000000000000.00\",\n    \"minimumPaymentDueCode\": \"<string>\",\n    \"oneFeePartCode\": \"<string>\",\n    \"oneFeePriorityCode\": \"<string>\",\n    \"option\": \"0.\",\n    \"originPosting\": \"<string>\",\n    \"parameterMethod\": \"<string>\",\n    \"postingTextId\": \"<string>\",\n    \"refundDetailTextId\": \"<string>\",\n    \"returnCheckReverseDiscount\": \"<string>\",\n    \"reverseTextId\": \"<string>\",\n    \"waivedMessageTextId\": \"<string>\"\n  },\n  \"audit\": {\n    \"auditTimeStamp\": \"00-00-0000 00:00\",\n    \"otxId\": \"aaaaaaaaaa0000000000\"\n  }\n}","options":{"raw":{"language":"json"}}}},"status":"OK","code":200,"header":[{"key":"Content-Type","value":"application/json"}],"body":"{\n  \"common\": {\n    \"user\": \"<string>\",\n    \"agent\": \"4000\",\n    \"cycle\": \"T\",\n    \"clientNumber\": \"1000\",\n    \"system\": \"2000\",\n    \"prin\": \"3000\",\n    \"debug\": false,\n    \"org\": \"<string>\",\n    \"processor\": false,\n    \"contentType\": \"<string>\",\n    \"retry\": 0,\n    \"timeout\": 45000,\n    \"siteId\": \"4201\"\n  },\n  \"fsCoreData\": [\n    {\n      \"fieldData\": {\n        \"nullaaba\": \"dolore officia\",\n        \"esse_3e\": \"aliquip Excepteur\",\n        \"fugiat9c9\": \"nisi aliquip\",\n        \"culpa6\": \"irure dolore\"\n      },\n      \"rawData\": [\n        \"enim aute veniam ex irure\",\n        \"nostrud\"\n      ]\n    },\n    {\n      \"fieldData\": {\n        \"sintd7\": \"exercitation\",\n        \"Duis5d4\": \"aliqua enim eiusmod\",\n        \"eiusmod_9f\": \"pariatur laboris ut\"\n      },\n      \"rawData\": [\n        \"Ut ut laborum adipisicing officia\",\n        \"consectetur\"\n      ]\n    }\n  ],\n  \"fsCoreMessage\": [\n    {\n      \"transactionStatus\": \"WARN\",\n      \"messageIdentifier\": \"officia molli\",\n      \"severityLevel\": \"sunt\",\n      \"messageText\": \"adipisicing et eiusmod\",\n      \"userData\": \"id irur\",\n      \"parameterOccurrence\": \"adipisicing incididunt cupidatat\",\n      \"parameterPosition\": \"pariatur est\",\n      \"parameterAlias\": \"veniam dolor ut\",\n      \"captionName\": \"anim exercitation cupidatat nostrud\",\n      \"programAndSequenceId\": \"labore culpa elit sunt\",\n      \"transactionName\": \"laboris aliqua\",\n      \"timestamp\": \"ut sit nostrud\",\n      \"tcbAndOperatorId\": \"eiusmod\",\n      \"fileAndReturnCode\": \"dolore officia pariatur\",\n      \"regionModuleName\": \"laborum ut nostrud\"\n    },\n    {\n      \"transactionStatus\": \"ERROR\",\n      \"messageIdentifier\": \"occaecat aliquip consequat\",\n      \"severityLevel\": \"qui ullamco\",\n      \"messageText\": \"nost\",\n      \"userData\": \"voluptate enim\",\n      \"parameterOccurrence\": \"aute enim eu\",\n      \"parameterPosition\": \"non officia deserunt commodo\",\n      \"parameterAlias\": \"ullamco deserunt Ut\",\n      \"captionName\": \"adipisicing sunt dolor\",\n      \"programAndSequenceId\": \"ut cillum ex anim\",\n      \"transactionName\": \"pa\",\n      \"timestamp\": \"magna culpa pariatur occaecat\",\n      \"tcbAndOperatorId\": \"sint anim cillum culpa\",\n      \"fileAndReturnCode\": \"elit culpa\",\n      \"regionModuleName\": \"quis ea Excepteur\"\n    }\n  ],\n  \"processorInfo\": {\n    \"system\": \"labore ex tempor in ipsum\",\n    \"cycle\": \"dolore\",\n    \"tor\": \"non voluptate mollit eius\",\n    \"mode\": \"mollit Duis\"\n  },\n  \"retryCount\": 69349522,\n  \"retryTimeout\": 70323137,\n  \"callParameter\": {\n    \"agent\": \"1234\",\n    \"area\": \"<string>\",\n    \"callType\": \"<string>\",\n    \"clientId\": \"1234\",\n    \"currentEffectiveDate\": \"00-00-0000\",\n    \"dataLength\": \"1234\",\n    \"identification\": \"<string>\",\n    \"itemComment\": \"<string>\",\n    \"principal\": \"1234\",\n    \"section\": \"<string>\",\n    \"service\": \"<string>\",\n    \"subject\": \"<string>\",\n    \"system\": \"1234\",\n    \"type\": \"<string>\",\n    \"updateEffectiveDate\": \"00-00-0000\",\n    \"txid\": \"<string>\",\n    \"host\": \"<string>\"\n  },\n  \"serviceSubjectSectionData\": {\n    \"batchId\": \"<string>\",\n    \"chargeDispersementCode\": \"<string>\",\n    \"chargeLetter\": \"1234\",\n    \"chargePercentage\": \"000.00\",\n    \"client\": \"1234\",\n    \"controlBatchId\": \"<string>\",\n    \"dispersementAmountCode\": \"<string>\",\n    \"effectiveDate\": \"00-00-0000\",\n    \"firstYearMaximumManagementCode\": \"<string>\",\n    \"maximumCharge\": \"00000000000000.00\",\n    \"methodOverrideTextId\": \"<string>\",\n    \"minimumCharge\": \"00000000000000.00\",\n    \"minimumPaymentDueCode\": \"<string>\",\n    \"oneFeePartCode\": \"<string>\",\n    \"oneFeePriorityCode\": \"<string>\",\n    \"option\": \"0.\",\n    \"originPosting\": \"<string>\",\n    \"parameterMethod\": \"<string>\",\n    \"postingTextId\": \"<string>\",\n    \"refundDetailTextId\": \"<string>\",\n    \"returnCheckReverseDiscount\": \"<string>\",\n    \"reverseTextId\": \"<string>\",\n    \"waivedMessageTextId\": \"<string>\"\n  },\n  \"audit\": {\n    \"auditTimeStamp\": \"00-00-0000 00:00\",\n    \"otxId\": \"aaaaaaaaaa0000000000\"\n  },\n  \"response\": {\n    \"responseCode\": \"tempor ex deserunt\",\n    \"responseText\": \"ve\",\n    \"responseTimeStampBegin\": \"dolor laboris dolore\",\n    \"responseTimeStampEnd\": \"fugiat\"\n  }\n}","cookie":[],"_postman_previewlanguage":"json"}],"event":[],"protocolProfileBehavior":{"disableBodyPruning":true}},{"id":"4be613b0-51fe-46e2-b1c7-9296c4142940","name":"TA ODS View","request":{"name":"TA ODS View","description":{"content":"The TA view provides access to specific processing institution information based on the account type and call type. Can be called with either Presentation Id, A combination of System/Principal/Agent Identifiers, an Ica Bin number, or a Visa Bin Number.<br><br> <b>Relates to:</b>\n  \n  <blockquote style=\"border-left: 0.375em solid #40a9ff; background-color: #e6f7ff; border-radius: 3px; padding: 1em;\" ><div>TA View, <a target=\"_blank\" title=\"Click to open in a new tab\" href=\"https://documentation.fiserv.com/bundle/Open-Data-Streams/page/00A_ODS/Views/04ODS_PROC_INSTviews/04ODS_PROC_INSTviews.xhtml#IX_TA_view\"> click here</a>.</div></blockquote>","type":"text/plain"},"url":{"path":["utilities","v4","tableAccess"],"host":["{{baseUrl}}"],"query":[],"variable":[]},"header":[{"key":"Content-Type","value":"application/json"},{"key":"Accept","value":"*/*"}],"method":"POST","auth":null,"body":{"mode":"raw","raw":"{\n  \"accountType\": \"<string>\",\n  \"callType\": \"<string>\",\n  \"selectFields\": [\n    \"<string>\"\n  ],\n  \"common\": {\n    \"user\": \"<string>\",\n    \"agent\": \"<string>\",\n    \"cycle\": \"<string>\",\n    \"clientNumber\": \"<string>\",\n    \"system\": \"<string>\",\n    \"prin\": \"<string>\",\n    \"debug\": false,\n    \"org\": \"<string>\",\n    \"processor\": false,\n    \"contentType\": \"<string>\",\n    \"retry\": \"<long>\",\n    \"timeout\": \"<long>\",\n    \"siteId\": \"<string>\",\n    \"externalCustomerId\": \"<string>\",\n    \"accountId\": \"<string>\",\n    \"presentationId\": \"<string>\"\n  },\n  \"odsNaming\": false,\n  \"icaBin\": \"<string>\",\n  \"visaBin\": \"<string>\"\n}","options":{"raw":{"language":"json"}}}},"response":[{"id":"b460740c-1509-4dea-8580-6bc1faf1b43f","name":"successful operation","originalRequest":{"url":{"path":["utilities","v4","tableAccess"],"host":["{{baseUrl}}"],"query":[],"variable":[]},"header":[{"key":"Accept","value":"*/*"}],"method":"POST","body":{"mode":"raw","raw":"{\n  \"accountType\": \"C\",\n  \"callType\": \"1\",\n  \"selectFields\": [\n    \"anyvalidfieldname1\",\n    \"anyvalidfieldname2\",\n    \"anyvalidfieldname3\",\n    \"anyvalidfieldname?\",\n    \"anyvalidfieldname?n\"\n  ],\n  \"common\": {\n    \"user\": \"<string>\",\n    \"agent\": \"4000\",\n    \"cycle\": \"T\",\n    \"clientNumber\": \"1000\",\n    \"system\": \"2000\",\n    \"prin\": \"3000\",\n    \"debug\": false,\n    \"org\": \"<string>\",\n    \"processor\": false,\n    \"contentType\": \"<string>\",\n    \"retry\": \"<long>\",\n    \"timeout\": 45000,\n    \"siteId\": \"4201\",\n    \"externalCustomerId\": \"<string>\",\n    \"accountId\": \"8888888888888888\",\n    \"presentationId\": \"<string>\"\n  },\n  \"odsNaming\": false,\n  \"icaBin\": \"000000\",\n  \"visaBin\": \"000000\"\n}","options":{"raw":{"language":"json"}}}},"status":"OK","code":200,"header":[{"key":"Content-Type","value":"*/*"}],"body":"{\n  \"processorInfo\": {\n    \"system\": \"Excepteur velit ut cupidatat in\",\n    \"cycle\": \"aliqua nostrud Excepteur anim cupidatat\",\n    \"tor\": \"sed aute incididunt cupidatat\",\n    \"mode\": \"voluptate irure Duis Ut\"\n  },\n  \"selectedFields\": {\n    \"pariatur0\": \"nulla sit amet\",\n    \"eu_0_\": \"labore sunt elit e\",\n    \"magna_c\": \"aliqua aliquip cupidatat irure\",\n    \"magna_8\": \"cillum velit\",\n    \"deserunt_ce6\": \"exe\"\n  },\n  \"accountIdentifier\": \"culpa aute incididunt dolore\",\n  \"accountLengthIdentifier\": \"incidid\",\n  \"accountPresentationInstrumentDifferentLengthIdentifier\": \"cillum amet labore aute cupidatat\",\n  \"accountPresentationInstrumentLogicIndicator\": \"dolore ut\",\n  \"accountProcessingCountryCode\": \"esse in irure\",\n  \"accountRetrievedCrossReferenceIndicator\": \"anim sint consequat id\",\n  \"accountSeparateEntityIndicator\": \"n\",\n  \"agentBankStartIdentifier\": \"enim reprehenderit irure laborum\",\n  \"agentDisplayIdentifier\": \"nostrud consequat incididunt irure laboris\",\n  \"agentIdentifier\": \"in sint incididunt\",\n  \"agentLengthIdentifier\": \"consequat cupidatat\",\n  \"agentLevelBreakSwitch\": \"ullamco Lorem laboris ut laborum\",\n  \"agentLevelBreakSwitchIndicator\": \"exercitation veniam deserunt dolor\",\n  \"agentLevelNumber\": \"adipisicing id dolore non\",\n  \"agentLevelNumberDisplay\": \"proident reprehenderit cupidatat\",\n  \"agentLevelNumberLength\": \"fugiat nostrud cupidatat\",\n  \"agentLevelNumberStartPosition\": \"Excepteur\",\n  \"alternateAgentDisplay\": \"dolore consectetur culpa\",\n  \"alternateAgentLevelNumber\": \"ullamco consectetur dolor ut\",\n  \"alternateAgentLevelNumberLength\": \"non est exercitation magna laboris\",\n  \"alternateAgentLevelNumberStartPosition\": \"consequat qui\",\n  \"alternateAuthorizationOnlyFileCode\": \"Ut pariatur lab\",\n  \"alternateCardholderDualityFlag\": \"sit in\",\n  \"alternateCardholderMerchantNumber\": \"Ut\",\n  \"alternateCardholderMerchantNumberDisplayField\": \"ea in commodo Dui\",\n  \"alternateCardholderMerchantNumberEmbossingField\": \"est nostrud\",\n  \"alternateCardholderMerchantNumberExpandedEmbossingField\": \"amet eiusmod\",\n  \"alternateCardholderMerchantNumberLength\": \"esse non\",\n  \"alternateCheckDigit\": \"reprehenderit in pro\",\n  \"alternateCheckDigitDisplayIdentifier\": \"aliqua dolor\",\n  \"alternateCheckDigitLengthIdentifier\": \"velit quis incididunt\",\n  \"alternateCheckDigitStartIdentifier\": \"qui officia dolor sint\",\n  \"alternateCheckDigitTwoIdentifier\": \"sit nulla\",\n  \"alternateCheckDigitTwoLengthIdentifier\": \"quis exercitation nulla ipsum commodo\",\n  \"alternateCheckDigitTwoStartIdentifier\": \"anim sint nisi occaecat\",\n  \"alternateCurrencyCode\": \"offi\",\n  \"alternateDebitCardSwitch\": \"pariatur et\",\n  \"alternateFirstDataBranchProcessingSwitch\": \"\",\n  \"alternateFirstDataCenterSwitch\": \"in amet pariatur elit velit\",\n  \"alternateFirstDataSecondaryBranchSwitch\": \"incididunt non\",\n  \"alternateFirstDataSystemMemberSwitch\": \"cupid\",\n  \"alternateIcaBin\": \"nulla reprehenderit\",\n  \"alternateLabelType\": \"ipsum exercitation\",\n  \"alternateOscasIndicator\": \"elit labore ut do commodo\",\n  \"alternatePlatformCode\": \"aliqua elit enim ad\",\n  \"alternatePrefixDisplayField\": \"laboris\",\n  \"alternatePrefixLength\": \"consequat ullamco\",\n  \"alternatePrimaryCustomerBranchNumber\": \"commodo repreh\",\n  \"alternatePrimaryCustomerSequenceNumber\": \"adipisicing dolore commodo dolore\",\n  \"alternatePrincipalLevelNumber\": \"laboris id do commodo\",\n  \"alternatePrincipalLevelNumberDisplayField\": \"in est\",\n  \"alternatePrincipalLevelNumberLength\": \"quis pariatur consectetur\",\n  \"alternatePrincipalLevelNumberStartPosition\": \"velit\",\n  \"alternateProcessingCountryCode\": \"sunt deserunt\",\n  \"alternateProductControlFileCycleIndicator\": \"ea eiusmod\",\n  \"alternateSeparateEntityIndicator\": \"eu nisi Excepteur officia\",\n  \"alternateSerialNumberDisplayField\": \"in ipsum dolore do commodo\",\n  \"alternateSerialNumberLength\": \"quis\",\n  \"alternateSerialNumberStartPosition\": \"nulla e\",\n  \"alternateSerialPortionOfTheSecondCheckDigitDisplayIdentifier\": \"cillum\",\n  \"alternateSerialPortionOfTheSecondCheckDigitLengthIdentifier\": \"aliquip\",\n  \"alternateSerialPortionOfTheSecondCheckDigitStartIdentifier\": \"Ut culpa esse al\",\n  \"alternateSettlementCode\": \"in laboris\",\n  \"alternateSystemMemberNumber\": \"ullamco\",\n  \"alternateValidAccountTwoCode\": \"nisi culpa\",\n  \"alternateValidAccountTwoIdentifier\": \"adi\",\n  \"alternateValidCheckDigitCode\": \"Excepteur amet deserunt ad ex\",\n  \"alternateValidNumberCode\": \"amet velit consequat\",\n  \"authorizationOnlyCode\": \"cupidatat\",\n  \"authorizationOnlyFileCode\": \"commodo dolor sit non deserunt\",\n  \"binIdentifier\": \"cupidatat Excepteur\",\n  \"branchTwoIdentifier\": \"officia\",\n  \"callTypeCodeDefault\": \"ea ut\",\n  \"cardholderDualityFlag\": \"in mollit\",\n  \"cardholderMerchantNumber\": \"eiusm\",\n  \"cardholderMerchantNumberDisplayField\": \"qui dolore sit eu\",\n  \"cardholderMerchantNumberEmbossingField\": \"enim dolore proident\",\n  \"cardholderMerchantNumberExpandedEmbossField\": \"do cillum mollit\",\n  \"cardholderMerchantNumberLength\": \"ullamco dolor non ex\",\n  \"cardholderMerchantTableTypeCode\": \"laborum culpa elit dolor\",\n  \"checkDigit\": \"consequat nulla labore officia ipsum\",\n  \"checkDigitIdentifier\": \"eu\",\n  \"checkDigitLengthIdentifier\": \"consectetur aliqua sed sit\",\n  \"checkDigitStartIdentifier\": \"Lorem eu ad\",\n  \"clientIdentifier\": \"anim quis ea amet\",\n  \"clientNumber\": \"veniam occaecat nostrud\",\n  \"currencyCode\": \"consequat non irure aliquip\",\n  \"icaCurrencyCode\": \"do non\",\n  \"debitCardSwitch\": \"ea\",\n  \"debitCardSwitchIdentifier\": \"aute cupidatat\",\n  \"dualAgentIdentifier\": \"occaecat id ea incididunt sunt\",\n  \"dualPrincipalIdentifier\": \"sint dolor laboris Ut aliqua\",\n  \"dualSystemIdentifier\": \"consequat do deserunt\",\n  \"dualitySwitchIdentifier\": \"pariatur eu\",\n  \"dualityVersionSwitch\": \"eu in aliquip aliqua\",\n  \"embossingDisplayIdentifier\": \"ex do exercitation\",\n  \"embossingDisplayTwoIdentifier\": \"occaecat in \",\n  \"enteredPresentationInstrumentIdentifier\": \"dolor et qui\",\n  \"firstDataBranchProcessingSwitch\": \"proident\",\n  \"firstDataCenterSwitch\": \"do esse pariatur officia\",\n  \"firstDataCenterSwitchIdentifier\": \"laboris tempor non\",\n  \"firstDataProcessIdentifier\": \"commodo elit aute non\",\n  \"firstDataSecondaryBranchSwitch\": \"aliqua Excepteur Lorem ex\",\n  \"firstDataSystemMemberSwitch\": \"commodo sunt\",\n  \"icaBin\": \"nostrud laboris\",\n  \"labelType\": \"nulla adipisicing officia Excepteur\",\n  \"labelTypeIdentifier\": \"mollit officia labore\",\n  \"lastCardholderMerchantAgentNumber\": \"ut qui\",\n  \"lastCardholderMerchantMemberNumber\": \"in exercitation\",\n  \"lastCardholderMerchantNumber\": \"minim eu voluptate laboris\",\n  \"lastCardholderMerchantPrincipalNumber\": \"velit veniam pariatur\",\n  \"offSiteCardholderAuthorizationSystemOscasIndicator1\": \"ex ut aliquip voluptate dolore\",\n  \"offSiteCardholderAuthorizationSystemOscasIndicator2\": \"laborum culpa irure esse qui\",\n  \"pcfCycleIndicator\": \"aliqua of\",\n  \"platformCode\": \"non\",\n  \"prefixDisplayField\": \"ea aliqu\",\n  \"prefixDisplayIdentifier\": \"anim enim tempor ut\",\n  \"prefixLength\": \"sunt in proident id deserunt\",\n  \"prefixLengthIdentifier\": \"dolor re\",\n  \"presentationInstrumentCheckDigitDisplayIdentifier\": \"nisi ex qui amet\",\n  \"presentationInstrumentCheckDigitLengthIdentifier\": \"esse voluptate\",\n  \"presentationInstrumentCheckDigitStartIdentifier\": \"anim sed\",\n  \"presentationInstrumentCheckDigitTwoDisplayIdentifier\": \"tempor aliquip\",\n  \"presentationInstrumentCheckDigitTwoLengthIdentifier\": \"incididunt aliquip ipsum\",\n  \"presentationInstrumentCheckDigitTwoStartIdentifier\": \"tempor dolor qui in\",\n  \"presentationInstrumentIdentifier\": \"Lorem adipisicing fugiat\",\n  \"presentationInstrumentPcfCycleIdentifier\": \"dolor officia in aliquip\",\n  \"presentationInstrumentPlatformCode\": \"proident\",\n  \"presentationInstrumentSerialTwoDisplayIdentifier\": \"reprehenderit ad officia laboris\",\n  \"presentationInstrumentSerialTwoIndicator\": \"exercitation ad Lorem deserunt\",\n  \"presentationInstrumentSerialTwoLengthIdentifier\": \"nostrud sunt tempor do\",\n  \"presentationInstrumentSerialTwoStartIdentifier\": \"est voluptate\",\n  \"presentationInstrumentSettlementCode\": \"magna\",\n  \"presentationInstrumentValidAccountIdentifier\": \"aliqua sit commodo\",\n  \"primaryAgentLevelNumber\": \"veniam non culpa Lorem sed\",\n  \"primaryBranchIdentifier\": \"cillum cupidatat commodo\",\n  \"primaryCardholderMerchantNumber\": \"esse\",\n  \"primaryCustomerBranchNumber\": \"dolor veniam laboris\",\n  \"primaryPrincipalLevelNumber\": \"minim\",\n  \"primarySystemNumber\": \"reprehenderit cu\",\n  \"principalBankStartIdentifier\": \"ad dolore adipisicing eu\",\n  \"principalDisplayIdentifier\": \"id dolor Excepteur\",\n  \"principalIdentifier\": \"Excepteur\",\n  \"principalLengthIdentifier\": \"do occaecat esse fugiat\",\n  \"principalLevelBreakSwitch\": \"aliquip anim voluptate do\",\n  \"principalLevelBreakSwitchIndicator\": \"ut irure ea fugiat\",\n  \"principalLevelNumber\": \"eiusmod amet n\",\n  \"principalLevelNumberDisplayField\": \"eiusmod Lorem incididunt\",\n  \"principalLevelNumberLength\": \"eiu\",\n  \"principalLevelNumberStartPosition\": \"in ut ad in\",\n  \"processingCountryCode\": \"dolor\",\n  \"relatedSecuritySuspenseRecordIndicator\": \"ipsum enim\",\n  \"reportDisplayIdentifier\": \"reprehenderit proident commodo\",\n  \"retrievalAccountIdentifier\": \"enim labore exercitation est\",\n  \"retrievedCrossReferenceIndicator\": \"elit\",\n  \"retrievedFileTypeCode\": \"ut Lorem cillum fugiat\",\n  \"separateEntityIndicator\": \"enim laboris mollit\",\n  \"serialDisplayIdentifier\": \"enim in\",\n  \"serialLengthIdentifier\": \"non Lorem aute\",\n  \"serialNumberDisplayField\": \"velit ullamco\",\n  \"serialNumberLength\": \"tempor cillum\",\n  \"serialNumberStartPosition\": \"culpa consequat in\",\n  \"serialStartIdentifier\": \"ullamco sed quis\",\n  \"settlementCode\": \"sint Ut nostrud et Excepteur\",\n  \"systemIdentifier\": \"irure\",\n  \"systemLevelBreakIndicator\": \"n\",\n  \"systemMemberLevelBreakSwitch\": \"consequat adipisicing cupidatat ut commodo\",\n  \"systemMemberNumber\": \"incididunt officia laborum proident\",\n  \"untranslatedPrincipalNumber\": \"consectetur qui cupidatat ullamco\",\n  \"untranslatedSystemNumber\": \"voluptate Ut \",\n  \"validAccountTwoIdentifier\": \"id Lorem dolore\",\n  \"validAccountTwoIndicator\": \"in minim\",\n  \"validCheckDigitCode\": \"commodo deseru\",\n  \"validCodeIndicator\": \"fugiat eiusmod\",\n  \"validIndicator\": \"Excepteur in\",\n  \"validNumberCode\": \"velit\",\n  \"validNumberTwoCode\": \"enim magna aliqua\"\n}","cookie":[],"_postman_previewlanguage":"json"}],"event":[],"protocolProfileBehavior":{"disableBodyPruning":true}},{"id":"100d6929-1e17-48b4-ab17-b774c466d78f","name":"This service takes zipcode from request body and returns city, state and country information","request":{"name":"This service takes zipcode from request body and returns city, state and country information","description":{"content":"Required fields : zipcode","type":"text/plain"},"url":{"path":["utilities","v4","zipCodeLookup"],"host":["{{baseUrl}}"],"query":[],"variable":[]},"header":[{"key":"Content-Type","value":"application/json"},{"key":"Accept","value":"application/json"}],"method":"POST","auth":null,"body":{"mode":"raw","raw":"{\n  \"zipCode\": \"<string>\",\n  \"common\": {\n    \"user\": \"<string>\",\n    \"agent\": \"<string>\",\n    \"cycle\": \"<string>\",\n    \"clientNumber\": \"<string>\",\n    \"system\": \"<string>\",\n    \"prin\": \"<string>\",\n    \"debug\": false,\n    \"org\": \"<string>\",\n    \"processor\": false,\n    \"contentType\": \"<string>\",\n    \"retry\": \"<long>\",\n    \"timeout\": \"<long>\",\n    \"siteId\": \"<string>\",\n    \"externalCustomerId\": \"<string>\",\n    \"accountId\": \"<string>\",\n    \"presentationId\": \"<string>\"\n  }\n}","options":{"raw":{"language":"json"}}}},"response":[{"id":"5a942768-e577-408a-a3ba-fa5a3b7ca229","name":"successful operation","originalRequest":{"url":{"path":["utilities","v4","zipCodeLookup"],"host":["{{baseUrl}}"],"query":[],"variable":[]},"header":[{"key":"Accept","value":"application/json"}],"method":"POST","body":{"mode":"raw","raw":"{\n  \"zipCode\": \"00000\",\n  \"common\": {\n    \"user\": \"<string>\",\n    \"agent\": \"4000\",\n    \"cycle\": \"T\",\n    \"clientNumber\": \"1000\",\n    \"system\": \"2000\",\n    \"prin\": \"3000\",\n    \"debug\": false,\n    \"org\": \"<string>\",\n    \"processor\": false,\n    \"contentType\": \"<string>\",\n    \"retry\": \"<long>\",\n    \"timeout\": 45000,\n    \"siteId\": \"4201\",\n    \"externalCustomerId\": \"<string>\",\n    \"accountId\": \"8888888888888888\",\n    \"presentationId\": \"<string>\"\n  }\n}","options":{"raw":{"language":"json"}}}},"status":"OK","code":200,"header":[{"key":"Content-Type","value":"application/json"}],"body":"{\n  \"processorInfo\": {\n    \"system\": \"in officia minim\",\n    \"cycle\": \"Excepteur enim cillum Duis\",\n    \"tor\": \"laboris exercitation adipisicing ullamco sunt\",\n    \"mode\": \"ullamco exercitation anim in\"\n  },\n  \"cityAndState\": {\n    \"street\": \"labore\",\n    \"city\": \"quis est aliqua qui enim\",\n    \"state\": \"ut id\",\n    \"province\": \"anim Ut\",\n    \"county\": \"Lorem anim ut ad\",\n    \"country\": {\n      \"isoCode\": 96069982,\n      \"name\": \"labore Duis\",\n      \"isoAlpha2\": \"Ut sit\",\n      \"isoAlpha3\": \"incididunt esse aute\"\n    },\n    \"geo\": {\n      \"latitude\": -48925015.74861514,\n      \"longitude\": 4403820.082409605,\n      \"accuracy\": 41266469\n    }\n  }\n}","cookie":[],"_postman_previewlanguage":"json"}],"event":[],"protocolProfileBehavior":{"disableBodyPruning":true}}],"event":[]}],"event":[],"variable":[{"type":"string","value":"https://cat.api.firstdata.com/fs","key":"baseUrl"}],"info":{"_postman_id":"34c4223c-56e1-48b3-9ca3-8d48735ab09e","name":"fs-proxy-1","schema":"https://schema.getpostman.com/json/collection/v2.1.0/collection.json","description":{"content":"Welcome to the Financial Services API documentation","type":"text/plain"}}}