{"item":[{"id":"537fc51a-a458-432c-86ae-394ca1a9e032","name":"bwa/domicilio-bancario","item":[{"id":"5c5ca591-c863-4d5b-8a73-a8df777935de","name":"Search for Rules to Validate Account Payment Information","request":{"name":"Search for Rules to Validate Account Payment Information","description":{"content":"Search for Rules to Validate Account Payment Information","type":"text/plain"},"url":{"path":["bwa","domicilio-bancario"],"host":["{{baseUrl}}"],"query":[],"variable":[]},"header":[{"disabled":false,"description":"(Required) HMAC","key":"Message-Signature","value":"<string>"},{"disabled":false,"description":"(Required) APigee Key","key":"Api-Key","value":"<string>"},{"disabled":false,"description":"(Required) Oauth Key","key":"auth","value":"<string>"},{"disabled":false,"description":"(Required) Date - Epoch format","key":"Timestamp","value":"<string>"},{"disabled":false,"description":"(Required) Randomly generated by client","key":"Client-Request-Id","value":"<string>"},{"key":"Content-Type","value":"application/json"},{"key":"Accept","value":"application/json"}],"method":"POST","auth":null,"body":{"mode":"raw","raw":"{\n  \"banco\": \"<string>\",\n  \"modalidade\": \"<string>\",\n  \"titularidade\": \"<string>\"\n}","options":{"raw":{"language":"json"}}}},"response":[{"id":"8e0eeb33-c994-442e-9b63-4cf4880070b1","name":"Success","originalRequest":{"url":{"path":["bwa","domicilio-bancario"],"host":["{{baseUrl}}"],"query":[],"variable":[]},"header":[{"disabled":false,"description":"(Required) HMAC","key":"Message-Signature","value":"1tsmkG9Ip3k2rcO5cETButfP3D/RS6U8troFF+mUrno="},{"disabled":false,"description":"(Required) APigee Key","key":"Api-Key","value":"X0GW3QGOYFn4r7DHcVC8KuatUnNs6MGB"},{"disabled":false,"description":"(Required) Oauth Key","key":"auth","value":""},{"disabled":false,"description":"(Required) Date - Epoch format","key":"Timestamp","value":"1563309156733"},{"disabled":false,"description":"(Required) Randomly generated by client","key":"Client-Request-Id","value":"6NYHj9Pgyxc84rmafpwG4fjhLwFfJYFVmxJOcgziD0QN3q6mGC"},{"key":"Accept","value":"application/json"}],"method":"POST","body":{"mode":"raw","raw":"{\n  \"banco\": \"<string>\",\n  \"modalidade\": \"<string>\",\n  \"titularidade\": \"<string>\"\n}","options":{"raw":{"language":"json"}}}},"status":"OK","code":200,"header":[{"key":"Content-Type","value":"application/json"}],"body":"{\n  \"codigoRetorno\": \"00\",\n  \"descricaoRetorno\": \"Regra Localizada - (meaning rule located)\",\n  \"status\": true,\n  \"regraDomicilioBancarioVO\": {\n    \"agenciaComoEnviarBW\": \"Somente o campo agencia sem digito completando com zero a esquerda até as 6 posições - (meaning Only branch, without digit shall be sent, with 6 bytes and zeros to the left )\",\n    \"agenciaFormato\": \"4,4\",\n    \"agenciaMsgErroFormato\": \"Digitar somente números - (meaning - provide only numbers)\",\n    \"agenciaObrigatorio\": true,\n    \"agenciaTamanho\": \"4\",\n    \"agenciaTamanhoMinObrigatorio\": \"4\",\n    \"banco\": \"341\",\n    \"contaComoEnviarBW\": \"Somente o campo agencia sem digito completando com zero a esquerda até as 6 posições - (meaning Only branch, without digit shall be sent, with 6 bytes and zeros to the left )\",\n    \"contaFormato\": \"3,12\",\n    \"contaMsgErroFormato\": \"Digitar somente números - (meaning - provide only numbers)\",\n    \"contaObrigatorio\": true,\n    \"contaTamanho\": \"12\",\n    \"contaTamanhoMinObrigatorio\": \"3\",\n    \"digitoVerAgenciaMsgErroFormato\": \"Se o digito for uma letra ou não existir favor preencher com 0 (zero) - (meaning If the digit is a letter ou does not exist, send as ZERO)\",\n    \"digitoVerContaFormato\": \"1\",\n    \"digitoVerContaMsgErroFormato\": \"Se o digito for uma letra ou não existir favor preencher com 0 (zero) - (meaning If the digit is a letter ou does not exist, send as ZERO)\",\n    \"digitoVerContaObrigatorio\": true,\n    \"digitoVerContaTamanho\": \"1\",\n    \"digitoVerificadorAgenciaObrigatorio\": true,\n    \"digitoVerificadorAgenciaTamanho\": \"1\",\n    \"digitoVerificadorFormato\": \"1\",\n    \"modalidade\": \"Conta Corrente - (meaning Checking Account)\",\n    \"operacaoApresentarInformacao\": \"1 - Show the Information\",\n    \"operacaoObrigatorio\": true,\n    \"titularidade\": \"CPF\"\n  }\n}","cookie":[],"_postman_previewlanguage":"json"}],"event":[],"protocolProfileBehavior":{"disableBodyPruning":true}},{"id":"4fd0a751-0de0-455d-9838-826d202e6074","name":"Validate Bank, Branch/Digit, Account Digit based on the Rules for Bank and Type of Account","request":{"name":"Validate Bank, Branch/Digit, Account Digit based on the Rules for Bank and Type of Account","description":{"content":"Payment Settlement Account - Validation based on Rules for Bank and Type of Account","type":"text/plain"},"url":{"path":["bwa","domicilio-bancario","validar"],"host":["{{baseUrl}}"],"query":[],"variable":[]},"header":[{"disabled":false,"description":"(Required) HMAC","key":"Message-Signature","value":"<string>"},{"disabled":false,"description":"(Required) APigee Key","key":"Api-Key","value":"<string>"},{"disabled":false,"description":"(Required) Oauth Key","key":"auth","value":"<string>"},{"disabled":false,"description":"(Required) Date - Epoch format","key":"Timestamp","value":"<string>"},{"disabled":false,"description":"(Required) Randomly generated by client","key":"Client-Request-Id","value":"<string>"},{"key":"Content-Type","value":"application/json"},{"key":"Accept","value":"application/json"}],"method":"POST","auth":null,"body":{"mode":"raw","raw":"{\n  \"banco\": \"<string>\",\n  \"agencia\": \"<string>\",\n  \"digitoAgencia\": \"<string>\",\n  \"conta\": \"<string>\",\n  \"digitoConta\": \"<string>\",\n  \"cpfCnpj\": \"<string>\",\n  \"modalidade\": \"<string>\",\n  \"operacao\": \"<string>\",\n  \"titularidade\": \"<string>\"\n}","options":{"raw":{"language":"json"}}}},"response":[{"id":"7c4260e3-b151-40b6-a3fb-fac90b3ab3cc","name":"Success","originalRequest":{"url":{"path":["bwa","domicilio-bancario","validar"],"host":["{{baseUrl}}"],"query":[],"variable":[]},"header":[{"disabled":false,"description":"(Required) HMAC","key":"Message-Signature","value":"1tsmkG9Ip3k2rcO5cETButfP3D/RS6U8troFF+mUrno="},{"disabled":false,"description":"(Required) APigee Key","key":"Api-Key","value":"X0GW3QGOYFn4r7DHcVC8KuatUnNs6MGB"},{"disabled":false,"description":"(Required) Oauth Key","key":"auth","value":""},{"disabled":false,"description":"(Required) Date - Epoch format","key":"Timestamp","value":"1563309156733"},{"disabled":false,"description":"(Required) Randomly generated by client","key":"Client-Request-Id","value":"6NYHj9Pgyxc84rmafpwG4fjhLwFfJYFVmxJOcgziD0QN3q6mGC"},{"key":"Accept","value":"application/json"}],"method":"POST","body":{"mode":"raw","raw":"{\n  \"banco\": \"<string>\",\n  \"agencia\": \"9999\",\n  \"digitoAgencia\": \"1\",\n  \"conta\": \"1234567\",\n  \"digitoConta\": \"1\",\n  \"cpfCnpj\": \"1234567890\",\n  \"modalidade\": \"Conta Corrente - (meaning Checking Account)\",\n  \"operacao\": \"13\",\n  \"titularidade\": \"CPF\"\n}","options":{"raw":{"language":"json"}}}},"status":"OK","code":200,"header":[{"key":"Content-Type","value":"application/json"}],"body":"{\n  \"codigoRetorno\": \"00\",\n  \"descricaoRetorno\": \"Agência ou Conta Inválida - (meaning Branch or Account Invalid)\",\n  \"mensagemValidacao\": \"Agência ou Conta Inválida - (meaning Branch or Account Invalid)\",\n  \"status\": true\n}","cookie":[],"_postman_previewlanguage":"json"}],"event":[],"protocolProfileBehavior":{"disableBodyPruning":true}},{"id":"3de0f1d4-9e4a-4da5-a3f2-2c34d6e384a6","name":"Validate domicilio bancario","request":{"name":"Validate domicilio bancario","description":{"content":"Payment Settlement Account - Validation based on Rules for Bank and Type of Account - V2","type":"text/plain"},"url":{"path":["bwa","domicilio-bancario","resources","v2","domicilio-bancario","validate"],"host":["{{baseUrl}}"],"query":[],"variable":[]},"header":[{"disabled":false,"description":"(Required) Oauth Key","key":"auth","value":"<string>"},{"disabled":false,"description":"(Required) APIGEE key","key":"Api-Key","value":"<string>"},{"disabled":false,"description":"(Required) Date in EPOCH format","key":"Timestamp","value":"<string>"},{"disabled":false,"description":"(Required) HMAC","key":"Message-Signature","value":"<string>"},{"disabled":false,"description":"(Required) Ramdom string generated by the client","key":"Client-Request-Id","value":"<string>"},{"disabled":false,"description":"(Required) Requestor institution","key":"institution","value":"<string>"},{"disabled":false,"description":"(Required) Requestor service contract","key":"serviceContract","value":"<string>"},{"disabled":false,"description":"(Required) Requestor channel","key":"channel","value":"<string>"},{"disabled":false,"description":"(Required) Requestor sub channel","key":"subChannel","value":"<string>"},{"disabled":false,"description":"(Required) Requestor system name","key":"requestor","value":"<string>"},{"disabled":false,"description":"(Required) Requestor channel type","key":"channelType","value":"<string>"},{"key":"Content-Type","value":"application/json"},{"key":"Accept","value":"application/json"}],"method":"POST","auth":null,"body":{"mode":"raw","raw":"{\n  \"account\": \"<string>\",\n  \"accountDigit\": \"<string>\",\n  \"agency\": \"<string>\",\n  \"agencyDigit\": \"<string>\",\n  \"cpfCnpj\": \"<string>\",\n  \"institution\": \"<string>\",\n  \"modality\": \"<string>\",\n  \"serviceContract\": \"<long>\",\n  \"bank\": \"<string>\",\n  \"operation\": \"<string>\"\n}","options":{"raw":{"language":"json"}}}},"response":[{"id":"e7faa64c-068b-4bce-8840-44d90bbca2f9","name":"OK","originalRequest":{"url":{"path":["bwa","domicilio-bancario","resources","v2","domicilio-bancario","validate"],"host":["{{baseUrl}}"],"query":[],"variable":[]},"header":[{"disabled":false,"description":"(Required) Oauth Key","key":"auth","value":"eyJhbGaiOiJSUzI1NiasInR5cCIgOiAiSlaUIiwia0lkIiA6ICIz0VdqaW5TNHQ4eUhQSkVqdG91MW9CQ2c0U1lUWHNBMllUM2kyU0o4UXJZIn0"},{"disabled":false,"description":"(Required) APIGEE key","key":"Api-Key","value":"X0GW3QGOYFn4r7DHcVC8KuatUnNs6MGB"},{"disabled":false,"description":"(Required) Date in EPOCH format","key":"Timestamp","value":"1591212089576"},{"disabled":false,"description":"(Required) HMAC","key":"Message-Signature","value":"MzgzYTIxZjJjYTI1NmE2ZGM2OTE3YTkzZjU5YTY0Zjk2NjAzMmUxMTZjOTJlMDU1ZWExOGU4MzJhMzc2NjQwOA=="},{"disabled":false,"description":"(Required) Ramdom string generated by the client","key":"Client-Request-Id","value":"H7MZvxxy2qWfc5gxScXQYC2tyaWZ8"},{"disabled":false,"description":"(Required) Requestor institution","key":"institution","value":"<string>"},{"disabled":false,"description":"(Required) Requestor service contract","key":"serviceContract","value":"<string>"},{"disabled":false,"description":"(Required) Requestor channel","key":"channel","value":"<string>"},{"disabled":false,"description":"(Required) Requestor sub channel","key":"subChannel","value":"<string>"},{"disabled":false,"description":"(Required) Requestor system name","key":"requestor","value":"<string>"},{"disabled":false,"description":"(Required) Requestor channel type","key":"channelType","value":"<string>"},{"key":"Accept","value":"application/json"}],"method":"POST","body":{"mode":"raw","raw":"{\n  \"account\": \"11111\",\n  \"accountDigit\": \"1\",\n  \"agency\": \"1111\",\n  \"agencyDigit\": \"1\",\n  \"cpfCnpj\": \"11111111111\",\n  \"institution\": \"001\",\n  \"modality\": \"Conta Corrente\",\n  \"serviceContract\": 111,\n  \"bank\": \"111\",\n  \"operation\": \"001\"\n}","options":{"raw":{"language":"json"}}}},"status":"OK","code":200,"header":[{"key":"Content-Type","value":"application/json"}],"body":"{\n  \"codigoRetorno\": \"00\",\n  \"descricaoRetorno\": \"Agência ou Conta Inválida - (meaning Branch or Account Invalid)\",\n  \"mensagemValidacao\": \"Agência ou Conta Inválida - (meaning Branch or Account Invalid)\",\n  \"status\": true\n}","cookie":[],"_postman_previewlanguage":"json"}],"event":[],"protocolProfileBehavior":{"disableBodyPruning":true}}],"event":[]}],"event":[],"variable":[{"type":"string","value":"https://cat.api.firstdata.com","key":"baseUrl"}],"info":{"_postman_id":"f222a779-5be9-4784-86ff-da545d3d958f","name":"Account Payment Information Validation","schema":"https://schema.getpostman.com/json/collection/v2.1.0/collection.json","description":{"content":"Account Payment Information Validation\n\nContact Support:\n Name: First Data","type":"text/plain"}}}