{"item":[{"id":"dff9353c-3697-4979-ae9d-792932b494b9","name":"bwa","item":[{"id":"4406a37d-7282-4c0b-94de-bd7a0658b320","name":"Payment Account Information for Settlement (Domicílio Bancário)","request":{"name":"Payment Account Information for Settlement (Domicílio Bancário)","description":{"content":"Payment Account Information for Settlement (Domicílio Bancário)","type":"text/plain"},"url":{"path":["bwa","wsm","merchantinformation","accounts","paymentAccountInfo"],"host":["{{baseUrl}}"],"query":[],"variable":[]},"header":[{"disabled":false,"description":"(Required) HMAC","key":"Message-Signature","value":"<string>"},{"disabled":false,"description":"(Required) APigee Key","key":"Api-Key","value":"<string>"},{"disabled":false,"description":"(Required) Oauth Key","key":"auth","value":"<string>"},{"disabled":false,"description":"(Required) Date - Epoch Format","key":"Timestamp","value":"<string>"},{"disabled":false,"description":"(Required) Randomly generated by client","key":"Client-Request-Id","value":"<string>"},{"key":"Content-Type","value":"application/json"},{"key":"Accept","value":"application/json"}],"method":"POST","auth":null,"body":{"mode":"raw","raw":"{\n  \"paymentAccountInfo\": [\n    {\n      \"institutionNumber\": \"<string>\",\n      \"merchantId\": \"<string>\",\n      \"requestType\": \"<string>\",\n      \"accountTypeId\": \"<string>\",\n      \"bankNumber\": \"<string>\",\n      \"branchNumber\": \"<string>\",\n      \"rbsAccountNumber\": \"<string>\",\n      \"userId\": \"<string>\",\n      \"paymentAccountNumber\": \"<string>\",\n      \"bankAccountType\": \"<string>\"\n    },\n    {\n      \"institutionNumber\": \"<string>\",\n      \"merchantId\": \"<string>\",\n      \"requestType\": \"<string>\",\n      \"accountTypeId\": \"<string>\",\n      \"bankNumber\": \"<string>\",\n      \"branchNumber\": \"<string>\",\n      \"rbsAccountNumber\": \"<string>\",\n      \"userId\": \"<string>\",\n      \"paymentAccountNumber\": \"<string>\",\n      \"bankAccountType\": \"<string>\"\n    }\n  ]\n}","options":{"raw":{"language":"json"}}}},"response":[{"id":"b7259655-7813-44f2-8b91-845b8dd31fb4","name":"Success","originalRequest":{"url":{"path":["bwa","wsm","merchantinformation","accounts","paymentAccountInfo"],"host":["{{baseUrl}}"],"query":[],"variable":[]},"header":[{"disabled":false,"description":"(Required) HMAC","key":"Message-Signature","value":"1tsmkG9Ip3k2rcO5cETButfP3D/RS6U8troFF+mUrno="},{"disabled":false,"description":"(Required) APigee Key","key":"Api-Key","value":"X0GW3QGOYFn4r7DHcVC8KuatUnNs6MGB"},{"disabled":false,"description":"(Required) Oauth Key","key":"auth","value":""},{"disabled":false,"description":"(Required) Date - Epoch Format","key":"Timestamp","value":"1563309156733"},{"disabled":false,"description":"(Required) Randomly generated by client","key":"Client-Request-Id","value":"6NYHj9Pgyxc84rmafpwG4fjhLwFfJYFVmxJOcgziD0QN3q6mGC"},{"key":"Accept","value":"application/json"}],"method":"POST","body":{"mode":"raw","raw":"{\n  \"paymentAccountInfo\": [\n    {\n      \"institutionNumber\": \"00000003\",\n      \"merchantId\": \"91002806\",\n      \"requestType\": \"U - Update\",\n      \"accountTypeId\": \"050 - Visa Credit\",\n      \"bankNumber\": \"004\",\n      \"branchNumber\": \"1010\",\n      \"rbsAccountNumber\": \"17045487\",\n      \"userId\": \"Request an user for Fiserv Representative\",\n      \"paymentAccountNumber\": \"12345678\",\n      \"bankAccountType\": \"005 - Checking Account\"\n    },\n    {\n      \"institutionNumber\": \"00000003\",\n      \"merchantId\": \"91002806\",\n      \"requestType\": \"U - Update\",\n      \"accountTypeId\": \"050 - Visa Credit\",\n      \"bankNumber\": \"004\",\n      \"branchNumber\": \"1010\",\n      \"rbsAccountNumber\": \"17045487\",\n      \"userId\": \"Request an user for Fiserv Representative\",\n      \"paymentAccountNumber\": \"12345678\",\n      \"bankAccountType\": \"005 - Checking Account\"\n    }\n  ]\n}","options":{"raw":{"language":"json"}}}},"status":"OK","code":200,"header":[{"key":"Content-Type","value":"application/json"}],"body":"{\n  \"processMessage\": [\n    {\n      \"institutionNumber\": \"00000003\",\n      \"userId\": \"Request an user for Fiserv Representative\",\n      \"accounts\": [\n        {\n          \"merchantId\": \"91002806\",\n          \"accountTypeId\": \"050 - Visa Credit\",\n          \"bankNumber\": \"004\",\n          \"branchNumber\": \"1010\",\n          \"rbsAccountNumber\": \"17045487\",\n          \"paymentAccountNumber\": \"12345678\",\n          \"bankAccountType\": \"005 - Checking Account\"\n        },\n        {\n          \"merchantId\": \"91002806\",\n          \"accountTypeId\": \"050 - Visa Credit\",\n          \"bankNumber\": \"004\",\n          \"branchNumber\": \"1010\",\n          \"rbsAccountNumber\": \"17045487\",\n          \"paymentAccountNumber\": \"12345678\",\n          \"bankAccountType\": \"005 - Checking Account\"\n        }\n      ],\n      \"response\": [\n        {\n          \"responseInformationList\": [\n            {\n              \"responseCode\": {\n                \"value\": \"<Error: Too many levels of nesting to fake this schema>\"\n              },\n              \"responseCodeDesc\": {\n                \"value\": \"<Error: Too many levels of nesting to fake this schema>\"\n              }\n            },\n            {\n              \"responseCode\": {\n                \"value\": \"<Error: Too many levels of nesting to fake this schema>\"\n              },\n              \"responseCodeDesc\": {\n                \"value\": \"<Error: Too many levels of nesting to fake this schema>\"\n              }\n            }\n          ]\n        },\n        {\n          \"responseInformationList\": [\n            {\n              \"responseCode\": {\n                \"value\": \"<Error: Too many levels of nesting to fake this schema>\"\n              },\n              \"responseCodeDesc\": {\n                \"value\": \"<Error: Too many levels of nesting to fake this schema>\"\n              }\n            },\n            {\n              \"responseCode\": {\n                \"value\": \"<Error: Too many levels of nesting to fake this schema>\"\n              },\n              \"responseCodeDesc\": {\n                \"value\": \"<Error: Too many levels of nesting to fake this schema>\"\n              }\n            }\n          ]\n        }\n      ]\n    },\n    {\n      \"institutionNumber\": \"00000003\",\n      \"userId\": \"Request an user for Fiserv Representative\",\n      \"accounts\": [\n        {\n          \"merchantId\": \"91002806\",\n          \"accountTypeId\": \"050 - Visa Credit\",\n          \"bankNumber\": \"004\",\n          \"branchNumber\": \"1010\",\n          \"rbsAccountNumber\": \"17045487\",\n          \"paymentAccountNumber\": \"12345678\",\n          \"bankAccountType\": \"005 - Checking Account\"\n        },\n        {\n          \"merchantId\": \"91002806\",\n          \"accountTypeId\": \"050 - Visa Credit\",\n          \"bankNumber\": \"004\",\n          \"branchNumber\": \"1010\",\n          \"rbsAccountNumber\": \"17045487\",\n          \"paymentAccountNumber\": \"12345678\",\n          \"bankAccountType\": \"005 - Checking Account\"\n        }\n      ],\n      \"response\": [\n        {\n          \"responseInformationList\": [\n            {\n              \"responseCode\": {\n                \"value\": \"<Error: Too many levels of nesting to fake this schema>\"\n              },\n              \"responseCodeDesc\": {\n                \"value\": \"<Error: Too many levels of nesting to fake this schema>\"\n              }\n            },\n            {\n              \"responseCode\": {\n                \"value\": \"<Error: Too many levels of nesting to fake this schema>\"\n              },\n              \"responseCodeDesc\": {\n                \"value\": \"<Error: Too many levels of nesting to fake this schema>\"\n              }\n            }\n          ]\n        },\n        {\n          \"responseInformationList\": [\n            {\n              \"responseCode\": {\n                \"value\": \"<Error: Too many levels of nesting to fake this schema>\"\n              },\n              \"responseCodeDesc\": {\n                \"value\": \"<Error: Too many levels of nesting to fake this schema>\"\n              }\n            },\n            {\n              \"responseCode\": {\n                \"value\": \"<Error: Too many levels of nesting to fake this schema>\"\n              },\n              \"responseCodeDesc\": {\n                \"value\": \"<Error: Too many levels of nesting to fake this schema>\"\n              }\n            }\n          ]\n        }\n      ]\n    }\n  ]\n}","cookie":[],"_postman_previewlanguage":"json"},{"id":"ac64ab3f-5eb7-4fcd-9f77-e59f36177798","name":"Unauthorized","originalRequest":{"url":{"path":["bwa","wsm","merchantinformation","accounts","paymentAccountInfo"],"host":["{{baseUrl}}"],"query":[],"variable":[]},"header":[{"disabled":false,"description":"(Required) HMAC","key":"Message-Signature","value":"1tsmkG9Ip3k2rcO5cETButfP3D/RS6U8troFF+mUrno="},{"disabled":false,"description":"(Required) APigee Key","key":"Api-Key","value":"X0GW3QGOYFn4r7DHcVC8KuatUnNs6MGB"},{"disabled":false,"description":"(Required) Oauth Key","key":"auth","value":""},{"disabled":false,"description":"(Required) Date - Epoch Format","key":"Timestamp","value":"1563309156733"},{"disabled":false,"description":"(Required) Randomly generated by client","key":"Client-Request-Id","value":"6NYHj9Pgyxc84rmafpwG4fjhLwFfJYFVmxJOcgziD0QN3q6mGC"},{"key":"Accept","value":"application/json"}],"method":"POST","body":{"mode":"raw","raw":"{\n  \"paymentAccountInfo\": [\n    {\n      \"institutionNumber\": \"00000003\",\n      \"merchantId\": \"91002806\",\n      \"requestType\": \"U - Update\",\n      \"accountTypeId\": \"050 - Visa Credit\",\n      \"bankNumber\": \"004\",\n      \"branchNumber\": \"1010\",\n      \"rbsAccountNumber\": \"17045487\",\n      \"userId\": \"Request an user for Fiserv Representative\",\n      \"paymentAccountNumber\": \"12345678\",\n      \"bankAccountType\": \"005 - Checking Account\"\n    },\n    {\n      \"institutionNumber\": \"00000003\",\n      \"merchantId\": \"91002806\",\n      \"requestType\": \"U - Update\",\n      \"accountTypeId\": \"050 - Visa Credit\",\n      \"bankNumber\": \"004\",\n      \"branchNumber\": \"1010\",\n      \"rbsAccountNumber\": \"17045487\",\n      \"userId\": \"Request an user for Fiserv Representative\",\n      \"paymentAccountNumber\": \"12345678\",\n      \"bankAccountType\": \"005 - Checking Account\"\n    }\n  ]\n}","options":{"raw":{"language":"json"}}}},"status":"Unauthorized","code":401,"header":[{"key":"Content-Type","value":"application/json"}],"body":"{\n  \"codigoRetorno\": 4,\n  \"mensagem\": \"Acesso nao autorizado ao conteudo pesquisado - (meaning Unauthorized Access)\"\n}","cookie":[],"_postman_previewlanguage":"json"}],"event":[],"protocolProfileBehavior":{"disableBodyPruning":true}},{"id":"ebbe394a-66e1-4185-a284-5ddd3430cfed","name":"Add contract service","request":{"name":"Add contract service","description":{"content":"Add contract service","type":"text/plain"},"url":{"path":["bwa","api-gateway-wsm","wsm-api","service"],"host":["{{baseUrl}}"],"query":[],"variable":[]},"header":[{"disabled":false,"description":"(Required) HMAC","key":"Message-Signature","value":"<string>"},{"disabled":false,"description":"(Required) APigee Key","key":"Api-Key","value":"<string>"},{"disabled":false,"description":"(Required) Oauth Key","key":"auth","value":"<string>"},{"disabled":false,"description":"(Required) Date - Epoch Format","key":"Timestamp","value":"<string>"},{"disabled":false,"description":"(Required) Randomly generated by client","key":"Client-Request-Id","value":"<string>"},{"key":"Content-Type","value":"application/json"},{"key":"Accept","value":"application/json"}],"method":"POST","auth":null,"body":{"mode":"raw","raw":"{\n  \"instituicao\": \"<string>\",\n  \"clientNumber\": \"<string>\",\n  \"serviceId\": \"<string>\"\n}","options":{"raw":{"language":"json"}}}},"response":[{"id":"c02697fc-9d03-47a6-a2dd-b3ce88698255","name":"Success","originalRequest":{"url":{"path":["bwa","api-gateway-wsm","wsm-api","service"],"host":["{{baseUrl}}"],"query":[],"variable":[]},"header":[{"disabled":false,"description":"(Required) HMAC","key":"Message-Signature","value":"1tsmkG9Ip3k2rcO5cETButfP3D/RS6U8troFF+mUrno="},{"disabled":false,"description":"(Required) APigee Key","key":"Api-Key","value":"X0GW3QGOYFn4r7DHcVC8KuatUnNs6MGB"},{"disabled":false,"description":"(Required) Oauth Key","key":"auth","value":""},{"disabled":false,"description":"(Required) Date - Epoch Format","key":"Timestamp","value":"1563309156733"},{"disabled":false,"description":"(Required) Randomly generated by client","key":"Client-Request-Id","value":"6NYHj9Pgyxc84rmafpwG4fjhLwFfJYFVmxJOcgziD0QN3q6mGC"},{"key":"Accept","value":"application/json"}],"method":"POST","body":{"mode":"raw","raw":"{\n  \"instituicao\": \"00000003\",\n  \"clientNumber\": \"31000003\",\n  \"serviceId\": \"365\"\n}","options":{"raw":{"language":"json"}}}},"status":"OK","code":200,"header":[{"key":"Content-Type","value":"application/json"}],"body":"{\n  \"codigoRetorno\": 0,\n  \"mensagem\": \"Serviço adicionado com sucesso\"\n}","cookie":[],"_postman_previewlanguage":"json"},{"id":"6b589f94-bcae-46f0-b652-402f3eb4fdfc","name":"Unauthorized","originalRequest":{"url":{"path":["bwa","api-gateway-wsm","wsm-api","service"],"host":["{{baseUrl}}"],"query":[],"variable":[]},"header":[{"disabled":false,"description":"(Required) HMAC","key":"Message-Signature","value":"1tsmkG9Ip3k2rcO5cETButfP3D/RS6U8troFF+mUrno="},{"disabled":false,"description":"(Required) APigee Key","key":"Api-Key","value":"X0GW3QGOYFn4r7DHcVC8KuatUnNs6MGB"},{"disabled":false,"description":"(Required) Oauth Key","key":"auth","value":""},{"disabled":false,"description":"(Required) Date - Epoch Format","key":"Timestamp","value":"1563309156733"},{"disabled":false,"description":"(Required) Randomly generated by client","key":"Client-Request-Id","value":"6NYHj9Pgyxc84rmafpwG4fjhLwFfJYFVmxJOcgziD0QN3q6mGC"},{"key":"Accept","value":"application/json"}],"method":"POST","body":{"mode":"raw","raw":"{\n  \"instituicao\": \"00000003\",\n  \"clientNumber\": \"31000003\",\n  \"serviceId\": \"365\"\n}","options":{"raw":{"language":"json"}}}},"status":"Unauthorized","code":401,"header":[{"key":"Content-Type","value":"application/json"}],"body":"{\n  \"codigoRetorno\": 4,\n  \"mensagem\": \"Acesso nao autorizado ao conteudo pesquisado - (meaning Unauthorized Access)\"\n}","cookie":[],"_postman_previewlanguage":"json"},{"id":"a099e20a-a465-4e70-a0fd-001285098e8c","name":"Unauthorized","originalRequest":{"url":{"path":["bwa","api-gateway-wsm","wsm-api","service"],"host":["{{baseUrl}}"],"query":[],"variable":[]},"header":[{"disabled":false,"description":"(Required) HMAC","key":"Message-Signature","value":"1tsmkG9Ip3k2rcO5cETButfP3D/RS6U8troFF+mUrno="},{"disabled":false,"description":"(Required) APigee Key","key":"Api-Key","value":"X0GW3QGOYFn4r7DHcVC8KuatUnNs6MGB"},{"disabled":false,"description":"(Required) Oauth Key","key":"auth","value":""},{"disabled":false,"description":"(Required) Date - Epoch Format","key":"Timestamp","value":"1563309156733"},{"disabled":false,"description":"(Required) Randomly generated by client","key":"Client-Request-Id","value":"6NYHj9Pgyxc84rmafpwG4fjhLwFfJYFVmxJOcgziD0QN3q6mGC"},{"key":"Accept","value":"application/json"}],"method":"POST","body":{"mode":"raw","raw":"{\n  \"instituicao\": \"00000003\",\n  \"clientNumber\": \"31000003\",\n  \"serviceId\": \"365\"\n}","options":{"raw":{"language":"json"}}}},"status":"Internal Server Error","code":500,"header":[{"key":"Content-Type","value":"application/json"}],"body":"{\n  \"codigoRetorno\": 1,\n  \"mensagem\": \"Ocorreu um erro inesperado ao adicionar o serviço\"\n}","cookie":[],"_postman_previewlanguage":"json"}],"event":[],"protocolProfileBehavior":{"disableBodyPruning":true}}],"event":[]}],"event":[],"variable":[{"type":"string","value":"https://cat.api.firstdata.com","key":"baseUrl"}],"info":{"_postman_id":"f57dcc0f-e0a9-4f28-9c18-b97be3396753","name":"Payment Account Information for Settlement (Domicílio Bancário)","schema":"https://schema.getpostman.com/json/collection/v2.1.0/collection.json","description":{"content":"Payment Account Information for Settlement (Domicílio Bancário)","type":"text/plain"}}}