{"item":[{"id":"dd829ff6-57f4-44d4-a707-4fc810ff445d","name":"Prepayment Flag Update (Turn On/Off)","request":{"name":"Prepayment Flag Update (Turn On/Off)","description":{"content":"Prepayment Flag Update (Turn On/Off)","type":"text/plain"},"url":{"path":["bwa","wsm","fundingtools","prepayFlag","updatePrepayFlag"],"host":["{{baseUrl}}"],"query":[],"variable":[]},"header":[{"disabled":false,"description":"(Required) HMAC","key":"Message-Signature","value":"<string>"},{"disabled":false,"description":"(Required) APigee Key","key":"Api-Key","value":"<string>"},{"disabled":false,"description":"(Required) Oauth Key","key":"auth","value":"<string>"},{"disabled":false,"description":"(Required) Date - Epoch Format","key":"Timestamp","value":"<string>"},{"disabled":false,"description":"(Required) Randomly generated by client","key":"Client-Request-Id","value":"<string>"},{"key":"Content-Type","value":"application/json"},{"key":"Accept","value":"application/json"}],"method":"POST","auth":null,"body":{"mode":"raw","raw":"{\n  \"merchants\": [\n    {\n      \"institutionNumber\": \"<string>\",\n      \"merchantID\": \"<string>\",\n      \"prepaymentFlag\": \"<string>\",\n      \"effectiveDate\": \"<string>\",\n      \"reservePercent\": \"<string>\",\n      \"auditTrail\": \"<string>\"\n    },\n    {\n      \"institutionNumber\": \"<string>\",\n      \"merchantID\": \"<string>\",\n      \"prepaymentFlag\": \"<string>\",\n      \"effectiveDate\": \"<string>\",\n      \"reservePercent\": \"<string>\",\n      \"auditTrail\": \"<string>\"\n    }\n  ]\n}","options":{"raw":{"language":"json"}}}},"response":[{"id":"706057b0-773a-4ddd-b399-a3b887c422e1","name":"Success","originalRequest":{"url":{"path":["bwa","wsm","fundingtools","prepayFlag","updatePrepayFlag"],"host":["{{baseUrl}}"],"query":[],"variable":[]},"header":[{"disabled":false,"description":"(Required) HMAC","key":"Message-Signature","value":"1tsmkG9Ip3k2rcO5cETButfP3D/RS6U8troFF+mUrno="},{"disabled":false,"description":"(Required) APigee Key","key":"Api-Key","value":"X0GW3QGOYFn4r7DHcVC8KuatUnNs6MGB"},{"disabled":false,"description":"(Required) Oauth Key","key":"auth","value":""},{"disabled":false,"description":"(Required) Date - Epoch Format","key":"Timestamp","value":"1563309156733"},{"disabled":false,"description":"(Required) Randomly generated by client","key":"Client-Request-Id","value":"6NYHj9Pgyxc84rmafpwG4fjhLwFfJYFVmxJOcgziD0QN3q6mGC"},{"key":"Accept","value":"application/json"}],"method":"POST","body":{"mode":"raw","raw":"{\n  \"merchants\": [\n    {\n      \"institutionNumber\": \"00000003\",\n      \"merchantID\": \"91002806\",\n      \"prepaymentFlag\": \"1 - Habilitar - (meaning Turn it On)\",\n      \"effectiveDate\": \"DDMMAAAA\",\n      \"reservePercent\": \"001.00\",\n      \"auditTrail\": \"22179-100001-100999-AjustePrepFlag\"\n    },\n    {\n      \"institutionNumber\": \"00000003\",\n      \"merchantID\": \"91002806\",\n      \"prepaymentFlag\": \"1 - Habilitar - (meaning Turn it On)\",\n      \"effectiveDate\": \"DDMMAAAA\",\n      \"reservePercent\": \"001.00\",\n      \"auditTrail\": \"22179-100001-100999-AjustePrepFlag\"\n    }\n  ]\n}","options":{"raw":{"language":"json"}}}},"status":"OK","code":200,"header":[{"key":"Content-Type","value":"application/json"}],"body":"{\n  \"processMessage\": [\n    {\n      \"institutionNumber\": \"00000003\",\n      \"merchantId\": \"91002806\",\n      \"statusCode\": \"0 - Prepayment Flag Update\"\n    },\n    {\n      \"institutionNumber\": \"00000003\",\n      \"merchantId\": \"91002806\",\n      \"statusCode\": \"0 - Prepayment Flag Update\"\n    }\n  ]\n}","cookie":[],"_postman_previewlanguage":"json"},{"id":"8e828c4d-63c1-4f7b-9fbe-51efe8d1100e","name":"Unauthorized","originalRequest":{"url":{"path":["bwa","wsm","fundingtools","prepayFlag","updatePrepayFlag"],"host":["{{baseUrl}}"],"query":[],"variable":[]},"header":[{"disabled":false,"description":"(Required) HMAC","key":"Message-Signature","value":"1tsmkG9Ip3k2rcO5cETButfP3D/RS6U8troFF+mUrno="},{"disabled":false,"description":"(Required) APigee Key","key":"Api-Key","value":"X0GW3QGOYFn4r7DHcVC8KuatUnNs6MGB"},{"disabled":false,"description":"(Required) Oauth Key","key":"auth","value":""},{"disabled":false,"description":"(Required) Date - Epoch Format","key":"Timestamp","value":"1563309156733"},{"disabled":false,"description":"(Required) Randomly generated by client","key":"Client-Request-Id","value":"6NYHj9Pgyxc84rmafpwG4fjhLwFfJYFVmxJOcgziD0QN3q6mGC"},{"key":"Accept","value":"application/json"}],"method":"POST","body":{"mode":"raw","raw":"{\n  \"merchants\": [\n    {\n      \"institutionNumber\": \"00000003\",\n      \"merchantID\": \"91002806\",\n      \"prepaymentFlag\": \"1 - Habilitar - (meaning Turn it On)\",\n      \"effectiveDate\": \"DDMMAAAA\",\n      \"reservePercent\": \"001.00\",\n      \"auditTrail\": \"22179-100001-100999-AjustePrepFlag\"\n    },\n    {\n      \"institutionNumber\": \"00000003\",\n      \"merchantID\": \"91002806\",\n      \"prepaymentFlag\": \"1 - Habilitar - (meaning Turn it On)\",\n      \"effectiveDate\": \"DDMMAAAA\",\n      \"reservePercent\": \"001.00\",\n      \"auditTrail\": \"22179-100001-100999-AjustePrepFlag\"\n    }\n  ]\n}","options":{"raw":{"language":"json"}}}},"status":"Unauthorized","code":401,"header":[{"key":"Content-Type","value":"application/json"}],"body":"{\n  \"codigoRetorno\": 4,\n  \"mensagem\": \"Acesso nao autorizado ao conteudo pesquisado - (meaning Unauthorized Access)\"\n}","cookie":[],"_postman_previewlanguage":"json"}],"event":[],"protocolProfileBehavior":{"disableBodyPruning":true}}],"event":[],"variable":[{"type":"string","value":"https://cat.api.firstdata.com","key":"baseUrl"}],"info":{"_postman_id":"8dac6557-0ddc-4c23-83b0-00a27d12ff3e","name":"Prepayment Flag Update","schema":"https://schema.getpostman.com/json/collection/v2.1.0/collection.json","description":{"content":"Prepayment Flag Update","type":"text/plain"}}}