{"item":[{"id":"480682d6-563a-4f43-a8a3-7e9526ac8881","name":"bwa/wsm/prepayments","item":[{"id":"d882326f-ef94-4b8b-ab3e-38ccaed7e323","name":"Consult Available Balances For Prepayment (all Associations)","request":{"name":"Consult Available Balances For Prepayment (all Associations)","description":{"content":"Consult Available Balances For Prepayment (all Associations)","type":"text/plain"},"url":{"path":["bwa","wsm","prepayments","consultations","consultPrepayment"],"host":["{{baseUrl}}"],"query":[],"variable":[]},"header":[{"disabled":false,"description":"(Required) HMAC","key":"Message-Signature","value":"<string>"},{"disabled":false,"description":"(Required) APigee Key","key":"Api-Key","value":"<string>"},{"disabled":false,"description":"(Required) Oauth Key","key":"auth","value":"<string>"},{"disabled":false,"description":"(Required) Date - Epoch format","key":"Timestamp","value":"<string>"},{"disabled":false,"description":"(Required) Randomly generated by client","key":"Client-Request-Id","value":"<string>"},{"key":"Content-Type","value":"application/json"},{"key":"Accept","value":"application/json"}],"method":"POST","auth":null,"body":{"mode":"raw","raw":"{\n  \"consultPrepayments\": [\n    {\n      \"institutionNumber\": \"<string>\",\n      \"merchantID\": \"<string>\",\n      \"userID\": \"<string>\"\n    },\n    {\n      \"institutionNumber\": \"<string>\",\n      \"merchantID\": \"<string>\",\n      \"userID\": \"<string>\"\n    }\n  ]\n}","options":{"raw":{"language":"json"}}}},"response":[{"id":"cb7c3322-e59a-4e75-807c-5d6be8ef154c","name":"Success","originalRequest":{"url":{"path":["bwa","wsm","prepayments","consultations","consultPrepayment"],"host":["{{baseUrl}}"],"query":[],"variable":[]},"header":[{"disabled":false,"description":"(Required) HMAC","key":"Message-Signature","value":"1tsmkG9Ip3k2rcO5cETButfP3D/RS6U8troFF+mUrno="},{"disabled":false,"description":"(Required) APigee Key","key":"Api-Key","value":"X0GW3QGOYFn4r7DHcVC8KuatUnNs6MGB"},{"disabled":false,"description":"(Required) Oauth Key","key":"auth","value":""},{"disabled":false,"description":"(Required) Date - Epoch format","key":"Timestamp","value":"1563309156733"},{"disabled":false,"description":"(Required) Randomly generated by client","key":"Client-Request-Id","value":"6NYHj9Pgyxc84rmafpwG4fjhLwFfJYFVmxJOcgziD0QN3q6mGC"},{"key":"Accept","value":"application/json"}],"method":"POST","body":{"mode":"raw","raw":"{\n  \"consultPrepayments\": [\n    {\n      \"institutionNumber\": \"00000003\",\n      \"merchantID\": \"91002806\",\n      \"userID\": \"000456\"\n    },\n    {\n      \"institutionNumber\": \"00000003\",\n      \"merchantID\": \"91002806\",\n      \"userID\": \"000456\"\n    }\n  ]\n}","options":{"raw":{"language":"json"}}}},"status":"OK","code":200,"header":[{"key":"Content-Type","value":"application/json"}],"body":"{\n  \"processMessage\": [\n    {\n      \"institutionNumber\": \"cillum incididunt dolor Excepteur\",\n      \"merchantID\": \"laboris aute eiusmod reprehenderit\",\n      \"prepaymentIndicator\": \"0 - No\",\n      \"prepaymentIndicatorDesc\": \"0 - No\",\n      \"prepaymentEffectiveDate\": \"16062019\",\n      \"reservePercent\": \"001.00\",\n      \"autoPrepayRate\": \"007.00\",\n      \"releasedRate\": \"001.99\",\n      \"unreleasedRate\": \"001.99\",\n      \"amounts\": {\n        \"visacredit\": \"123456.78\",\n        \"hipercardCredit\": \"123456.78\",\n        \"mccredit\": \"123456.78\",\n        \"cabalcredit\": \"123456.78\",\n        \"elocredit\": \"123456.78\",\n        \"amexCredit\": \"123456.78\",\n        \"totalAmount\": \"123456.78\"\n      },\n      \"response\": {\n        \"responseInformationList\": [\n          {\n            \"responseCode\": \"00 - Request Approved\",\n            \"responseCodeDesc\": \"00 - Request Approved\"\n          },\n          {\n            \"responseCode\": \"00 - Request Approved\",\n            \"responseCodeDesc\": \"00 - Request Approved\"\n          }\n        ]\n      }\n    },\n    {\n      \"institutionNumber\": \"in esse\",\n      \"merchantID\": \"mollit\",\n      \"prepaymentIndicator\": \"0 - No\",\n      \"prepaymentIndicatorDesc\": \"0 - No\",\n      \"prepaymentEffectiveDate\": \"16062019\",\n      \"reservePercent\": \"001.00\",\n      \"autoPrepayRate\": \"007.00\",\n      \"releasedRate\": \"001.99\",\n      \"unreleasedRate\": \"001.99\",\n      \"amounts\": {\n        \"visacredit\": \"123456.78\",\n        \"hipercardCredit\": \"123456.78\",\n        \"mccredit\": \"123456.78\",\n        \"cabalcredit\": \"123456.78\",\n        \"elocredit\": \"123456.78\",\n        \"amexCredit\": \"123456.78\",\n        \"totalAmount\": \"123456.78\"\n      },\n      \"response\": {\n        \"responseInformationList\": [\n          {\n            \"responseCode\": \"00 - Request Approved\",\n            \"responseCodeDesc\": \"00 - Request Approved\"\n          },\n          {\n            \"responseCode\": \"00 - Request Approved\",\n            \"responseCodeDesc\": \"00 - Request Approved\"\n          }\n        ]\n      }\n    }\n  ]\n}","cookie":[],"_postman_previewlanguage":"json"},{"id":"ee6c89bb-b198-4656-89f6-ed80bc0f136d","name":"Unauthorized","originalRequest":{"url":{"path":["bwa","wsm","prepayments","consultations","consultPrepayment"],"host":["{{baseUrl}}"],"query":[],"variable":[]},"header":[{"disabled":false,"description":"(Required) HMAC","key":"Message-Signature","value":"1tsmkG9Ip3k2rcO5cETButfP3D/RS6U8troFF+mUrno="},{"disabled":false,"description":"(Required) APigee Key","key":"Api-Key","value":"X0GW3QGOYFn4r7DHcVC8KuatUnNs6MGB"},{"disabled":false,"description":"(Required) Oauth Key","key":"auth","value":""},{"disabled":false,"description":"(Required) Date - Epoch format","key":"Timestamp","value":"1563309156733"},{"disabled":false,"description":"(Required) Randomly generated by client","key":"Client-Request-Id","value":"6NYHj9Pgyxc84rmafpwG4fjhLwFfJYFVmxJOcgziD0QN3q6mGC"},{"key":"Accept","value":"application/json"}],"method":"POST","body":{"mode":"raw","raw":"{\n  \"consultPrepayments\": [\n    {\n      \"institutionNumber\": \"00000003\",\n      \"merchantID\": \"91002806\",\n      \"userID\": \"000456\"\n    },\n    {\n      \"institutionNumber\": \"00000003\",\n      \"merchantID\": \"91002806\",\n      \"userID\": \"000456\"\n    }\n  ]\n}","options":{"raw":{"language":"json"}}}},"status":"Unauthorized","code":401,"header":[{"key":"Content-Type","value":"application/json"}],"body":"{\n  \"codigoRetorno\": 4,\n  \"mensagem\": \"Acesso nao autorizado ao conteudo pesquisado - (meaning Unauthorized Access)\"\n}","cookie":[],"_postman_previewlanguage":"json"}],"event":[],"protocolProfileBehavior":{"disableBodyPruning":true}},{"id":"889768e8-3d97-42d4-babc-5df3bdf6f95b","name":"Automatic Prepayment Information Maintenance","request":{"name":"Automatic Prepayment Information Maintenance","description":{"content":"Automatic Prepayment Information Maintenance","type":"text/plain"},"url":{"path":["bwa","wsm","prepayments","autoPrepayments","automaticPrepayment"],"host":["{{baseUrl}}"],"query":[],"variable":[]},"header":[{"disabled":false,"description":"(Required) HMAC","key":"Message-Signature","value":"<string>"},{"disabled":false,"description":"(Required) APigee Key","key":"Api-Key","value":"<string>"},{"disabled":false,"description":"(Required) Oauth Key","key":"auth","value":"<string>"},{"disabled":false,"description":"(Required) Date - Epoch Format","key":"Timestamp","value":"<string>"},{"disabled":false,"description":"(Required) Randomly generated by client","key":"Client-Request-Id","value":"<string>"},{"key":"Content-Type","value":"application/json"},{"key":"Accept","value":"application/json"}],"method":"POST","auth":null,"body":{"mode":"raw","raw":"{\n  \"automaticPrepayments\": [\n    {\n      \"requestType\": \"<string>\",\n      \"institutionNumber\": \"<string>\",\n      \"merchantID\": \"<string>\",\n      \"transactionType\": \"<string>\",\n      \"frequencyType\": \"<string>\",\n      \"frequencyPeriod\": \"<string>\",\n      \"userID\": \"<string>\",\n      \"userType\": \"<string>\",\n      \"schemeOptions\": \"<string>\",\n      \"effectiveDate\": \"<string>\",\n      \"expiryDate\": \"<string>\"\n    },\n    {\n      \"requestType\": \"<string>\",\n      \"institutionNumber\": \"<string>\",\n      \"merchantID\": \"<string>\",\n      \"transactionType\": \"<string>\",\n      \"frequencyType\": \"<string>\",\n      \"frequencyPeriod\": \"<string>\",\n      \"userID\": \"<string>\",\n      \"userType\": \"<string>\",\n      \"schemeOptions\": \"<string>\",\n      \"effectiveDate\": \"<string>\",\n      \"expiryDate\": \"<string>\"\n    }\n  ]\n}","options":{"raw":{"language":"json"}}}},"response":[{"id":"d2c84aa2-c1e6-4d63-b56a-4148f176aa5c","name":"Success","originalRequest":{"url":{"path":["bwa","wsm","prepayments","autoPrepayments","automaticPrepayment"],"host":["{{baseUrl}}"],"query":[],"variable":[]},"header":[{"disabled":false,"description":"(Required) HMAC","key":"Message-Signature","value":"1tsmkG9Ip3k2rcO5cETButfP3D/RS6U8troFF+mUrno="},{"disabled":false,"description":"(Required) APigee Key","key":"Api-Key","value":"X0GW3QGOYFn4r7DHcVC8KuatUnNs6MGB"},{"disabled":false,"description":"(Required) Oauth Key","key":"auth","value":""},{"disabled":false,"description":"(Required) Date - Epoch Format","key":"Timestamp","value":"1563309156733"},{"disabled":false,"description":"(Required) Randomly generated by client","key":"Client-Request-Id","value":"6NYHj9Pgyxc84rmafpwG4fjhLwFfJYFVmxJOcgziD0QN3q6mGC"},{"key":"Accept","value":"application/json"}],"method":"POST","body":{"mode":"raw","raw":"{\n  \"automaticPrepayments\": [\n    {\n      \"requestType\": \"N\",\n      \"institutionNumber\": \"00000003\",\n      \"merchantID\": \"91002806\",\n      \"transactionType\": \"001 - Parcelado sem juros - (meaning Installment with no interesting)\",\n      \"frequencyType\": \"305 = Diário - (meaning Daily)\",\n      \"frequencyPeriod\": \"005 – Monthly End of Month\",\n      \"userID\": \"000456\",\n      \"userType\": \"006\",\n      \"schemeOptions\": \"002 Mastercard\",\n      \"effectiveDate\": \"20190202\",\n      \"expiryDate\": \"20191220\"\n    },\n    {\n      \"requestType\": \"N\",\n      \"institutionNumber\": \"00000003\",\n      \"merchantID\": \"91002806\",\n      \"transactionType\": \"001 - Parcelado sem juros - (meaning Installment with no interesting)\",\n      \"frequencyType\": \"305 = Diário - (meaning Daily)\",\n      \"frequencyPeriod\": \"005 – Monthly End of Month\",\n      \"userID\": \"000456\",\n      \"userType\": \"006\",\n      \"schemeOptions\": \"002 Mastercard\",\n      \"effectiveDate\": \"20190202\",\n      \"expiryDate\": \"20191220\"\n    }\n  ]\n}","options":{"raw":{"language":"json"}}}},"status":"OK","code":200,"header":[{"key":"Content-Type","value":"application/json"}],"body":"{\n  \"processMessage\": [\n    {\n      \"information\": {\n        \"automaticPrepaymentInformationList\": [\n          {\n            \"institutionNumber\": \"00000003\",\n            \"merchantID\": \"91002806\",\n            \"schemeOptions\": \"050\",\n            \"schemeOptionsDesc\": \"Visa Credit\",\n            \"transactionType\": \"001\",\n            \"transactionTypeDesc\": \"001\",\n            \"frequencyType\": \"305 = Diário - (meaning Daily)\",\n            \"frequencyTypeDesc\": \"305 = Diário - (meaning Daily)\",\n            \"frequencyPeriod\": \"005 – Monthly End of Month\",\n            \"frequencyPeriodDesc\": \"005 – Monthly End of Month\",\n            \"effectiveDate\": \"20190202\",\n            \"expiryDate\": \"20191220\"\n          },\n          {\n            \"institutionNumber\": \"00000003\",\n            \"merchantID\": \"91002806\",\n            \"schemeOptions\": \"050\",\n            \"schemeOptionsDesc\": \"Visa Credit\",\n            \"transactionType\": \"001\",\n            \"transactionTypeDesc\": \"001\",\n            \"frequencyType\": \"305 = Diário - (meaning Daily)\",\n            \"frequencyTypeDesc\": \"305 = Diário - (meaning Daily)\",\n            \"frequencyPeriod\": \"005 – Monthly End of Month\",\n            \"frequencyPeriodDesc\": \"005 – Monthly End of Month\",\n            \"effectiveDate\": \"20190202\",\n            \"expiryDate\": \"20191220\"\n          }\n        ]\n      },\n      \"response\": {\n        \"responseInformationList\": [\n          {\n            \"responseCode\": \"00 - Request Approved\",\n            \"responseCodeDesc\": \"00 - Request Approved\"\n          },\n          {\n            \"responseCode\": \"00 - Request Approved\",\n            \"responseCodeDesc\": \"00 - Request Approved\"\n          }\n        ]\n      }\n    },\n    {\n      \"information\": {\n        \"automaticPrepaymentInformationList\": [\n          {\n            \"institutionNumber\": \"00000003\",\n            \"merchantID\": \"91002806\",\n            \"schemeOptions\": \"050\",\n            \"schemeOptionsDesc\": \"Visa Credit\",\n            \"transactionType\": \"001\",\n            \"transactionTypeDesc\": \"001\",\n            \"frequencyType\": \"305 = Diário - (meaning Daily)\",\n            \"frequencyTypeDesc\": \"305 = Diário - (meaning Daily)\",\n            \"frequencyPeriod\": \"005 – Monthly End of Month\",\n            \"frequencyPeriodDesc\": \"005 – Monthly End of Month\",\n            \"effectiveDate\": \"20190202\",\n            \"expiryDate\": \"20191220\"\n          },\n          {\n            \"institutionNumber\": \"00000003\",\n            \"merchantID\": \"91002806\",\n            \"schemeOptions\": \"050\",\n            \"schemeOptionsDesc\": \"Visa Credit\",\n            \"transactionType\": \"001\",\n            \"transactionTypeDesc\": \"001\",\n            \"frequencyType\": \"305 = Diário - (meaning Daily)\",\n            \"frequencyTypeDesc\": \"305 = Diário - (meaning Daily)\",\n            \"frequencyPeriod\": \"005 – Monthly End of Month\",\n            \"frequencyPeriodDesc\": \"005 – Monthly End of Month\",\n            \"effectiveDate\": \"20190202\",\n            \"expiryDate\": \"20191220\"\n          }\n        ]\n      },\n      \"response\": {\n        \"responseInformationList\": [\n          {\n            \"responseCode\": \"00 - Request Approved\",\n            \"responseCodeDesc\": \"00 - Request Approved\"\n          },\n          {\n            \"responseCode\": \"00 - Request Approved\",\n            \"responseCodeDesc\": \"00 - Request Approved\"\n          }\n        ]\n      }\n    }\n  ]\n}","cookie":[],"_postman_previewlanguage":"json"},{"id":"ca571400-70ca-4a16-bdd2-c73d0eabc9b6","name":"Unauthorized","originalRequest":{"url":{"path":["bwa","wsm","prepayments","autoPrepayments","automaticPrepayment"],"host":["{{baseUrl}}"],"query":[],"variable":[]},"header":[{"disabled":false,"description":"(Required) HMAC","key":"Message-Signature","value":"1tsmkG9Ip3k2rcO5cETButfP3D/RS6U8troFF+mUrno="},{"disabled":false,"description":"(Required) APigee Key","key":"Api-Key","value":"X0GW3QGOYFn4r7DHcVC8KuatUnNs6MGB"},{"disabled":false,"description":"(Required) Oauth Key","key":"auth","value":""},{"disabled":false,"description":"(Required) Date - Epoch Format","key":"Timestamp","value":"1563309156733"},{"disabled":false,"description":"(Required) Randomly generated by client","key":"Client-Request-Id","value":"6NYHj9Pgyxc84rmafpwG4fjhLwFfJYFVmxJOcgziD0QN3q6mGC"},{"key":"Accept","value":"application/json"}],"method":"POST","body":{"mode":"raw","raw":"{\n  \"automaticPrepayments\": [\n    {\n      \"requestType\": \"N\",\n      \"institutionNumber\": \"00000003\",\n      \"merchantID\": \"91002806\",\n      \"transactionType\": \"001 - Parcelado sem juros - (meaning Installment with no interesting)\",\n      \"frequencyType\": \"305 = Diário - (meaning Daily)\",\n      \"frequencyPeriod\": \"005 – Monthly End of Month\",\n      \"userID\": \"000456\",\n      \"userType\": \"006\",\n      \"schemeOptions\": \"002 Mastercard\",\n      \"effectiveDate\": \"20190202\",\n      \"expiryDate\": \"20191220\"\n    },\n    {\n      \"requestType\": \"N\",\n      \"institutionNumber\": \"00000003\",\n      \"merchantID\": \"91002806\",\n      \"transactionType\": \"001 - Parcelado sem juros - (meaning Installment with no interesting)\",\n      \"frequencyType\": \"305 = Diário - (meaning Daily)\",\n      \"frequencyPeriod\": \"005 – Monthly End of Month\",\n      \"userID\": \"000456\",\n      \"userType\": \"006\",\n      \"schemeOptions\": \"002 Mastercard\",\n      \"effectiveDate\": \"20190202\",\n      \"expiryDate\": \"20191220\"\n    }\n  ]\n}","options":{"raw":{"language":"json"}}}},"status":"Unauthorized","code":401,"header":[{"key":"Content-Type","value":"application/json"}],"body":"{\n  \"codigoRetorno\": 4,\n  \"mensagem\": \"Acesso nao autorizado ao conteudo pesquisado - (meaning Unauthorized Access)\"\n}","cookie":[],"_postman_previewlanguage":"json"}],"event":[],"protocolProfileBehavior":{"disableBodyPruning":true}},{"id":"a2794f43-d4d5-4d3a-9c04-6019bfc70251","name":"Consult or Simulate Manual Prepayment","request":{"name":"Consult or Simulate Manual Prepayment","description":{"content":"Consult or Simulate Manual Prepayment","type":"text/plain"},"url":{"path":["bwa","wsm","prepayments","prepaySimulations","prepaymentSimulation"],"host":["{{baseUrl}}"],"query":[],"variable":[]},"header":[{"disabled":false,"description":"(Required) HMAC","key":"Message-Signature","value":"<string>"},{"disabled":false,"description":"(Required) APigee Key","key":"Api-Key","value":"<string>"},{"disabled":false,"description":"(Required) Oauth Key","key":"auth","value":"<string>"},{"disabled":false,"description":"(Required) Date - Epoch Format","key":"Timestamp","value":"<string>"},{"disabled":false,"description":"(Required) Randomly generated by client","key":"Client-Request-Id","value":"<string>"},{"key":"Content-Type","value":"application/json"},{"key":"Accept","value":"application/json"}],"method":"POST","auth":null,"body":{"mode":"raw","raw":"{\n  \"prepaymentSimulations\": [\n    {\n      \"requestType\": \"<string>\",\n      \"institutionNumber\": \"<string>\",\n      \"merchantID\": \"<string>\",\n      \"transactionType\": \"<string>\",\n      \"schemeOption\": \"<string>\",\n      \"userID\": \"<string>\",\n      \"userType\": \"<string>\",\n      \"originalPrepaymentNumber\": \"<string>\",\n      \"prepaymentStatus\": \"<string>\",\n      \"requestedAmount\": \"<string>\",\n      \"dateFrom\": \"<string>\",\n      \"dateTo\": \"<string>\"\n    },\n    {\n      \"requestType\": \"<string>\",\n      \"institutionNumber\": \"<string>\",\n      \"merchantID\": \"<string>\",\n      \"transactionType\": \"<string>\",\n      \"schemeOption\": \"<string>\",\n      \"userID\": \"<string>\",\n      \"userType\": \"<string>\",\n      \"originalPrepaymentNumber\": \"<string>\",\n      \"prepaymentStatus\": \"<string>\",\n      \"requestedAmount\": \"<string>\",\n      \"dateFrom\": \"<string>\",\n      \"dateTo\": \"<string>\"\n    }\n  ]\n}","options":{"raw":{"language":"json"}}}},"response":[{"id":"89901790-45a2-438d-92d2-1d95af18134f","name":"Success","originalRequest":{"url":{"path":["bwa","wsm","prepayments","prepaySimulations","prepaymentSimulation"],"host":["{{baseUrl}}"],"query":[],"variable":[]},"header":[{"disabled":false,"description":"(Required) HMAC","key":"Message-Signature","value":"1tsmkG9Ip3k2rcO5cETButfP3D/RS6U8troFF+mUrno="},{"disabled":false,"description":"(Required) APigee Key","key":"Api-Key","value":"X0GW3QGOYFn4r7DHcVC8KuatUnNs6MGB"},{"disabled":false,"description":"(Required) Oauth Key","key":"auth","value":""},{"disabled":false,"description":"(Required) Date - Epoch Format","key":"Timestamp","value":"1563309156733"},{"disabled":false,"description":"(Required) Randomly generated by client","key":"Client-Request-Id","value":"6NYHj9Pgyxc84rmafpwG4fjhLwFfJYFVmxJOcgziD0QN3q6mGC"},{"key":"Accept","value":"application/json"}],"method":"POST","body":{"mode":"raw","raw":"{\n  \"prepaymentSimulations\": [\n    {\n      \"requestType\": \"N\",\n      \"institutionNumber\": \"00000003\",\n      \"merchantID\": \"91002806\",\n      \"transactionType\": \"001\",\n      \"schemeOption\": \"002,024 - Mastercard + Hipercard/Hiper\",\n      \"userID\": \"000456\",\n      \"userType\": \"006\",\n      \"originalPrepaymentNumber\": \"00000003978\",\n      \"prepaymentStatus\": \"000\",\n      \"requestedAmount\": \"000000050000\",\n      \"dateFrom\": \"20190202\",\n      \"dateTo\": \"20191220\"\n    },\n    {\n      \"requestType\": \"N\",\n      \"institutionNumber\": \"00000003\",\n      \"merchantID\": \"91002806\",\n      \"transactionType\": \"001\",\n      \"schemeOption\": \"002,024 - Mastercard + Hipercard/Hiper\",\n      \"userID\": \"000456\",\n      \"userType\": \"006\",\n      \"originalPrepaymentNumber\": \"00000003978\",\n      \"prepaymentStatus\": \"000\",\n      \"requestedAmount\": \"000000050000\",\n      \"dateFrom\": \"20190202\",\n      \"dateTo\": \"20191220\"\n    }\n  ]\n}","options":{"raw":{"language":"json"}}}},"status":"OK","code":200,"header":[{"key":"Content-Type","value":"application/json"}],"body":"{\n  \"processMessage\": [\n    {\n      \"information\": {\n        \"prepaymentSimulationInformationList\": [\n          {\n            \"institutionNumber\": \"00000003\",\n            \"merchantID\": \"91002806\",\n            \"originalPrepaymentNumber\": \"00000003978\",\n            \"prepaymentStatus\": \"Pendente (meaning Pending)\",\n            \"schemeOptions\": \"050 - Visa Credit\",\n            \"schemeOptionsDesc\": \"050 - Visa Credit\",\n            \"transactionType\": \"001 - Parcelado sem juros - (meaning Installment with no interesting)\",\n            \"transactionTypeDesc\": \"001 - Parcelado sem juros - (meaning Installment with no interesting)\",\n            \"dateFrom\": \"20190202\",\n            \"dateTo\": \"20191220\",\n            \"requestedAmount\": \"000000000132500.42\",\n            \"paymentDate\": \"20191118\",\n            \"grossAmount\": \"000000000000769.63\",\n            \"netAmount\": \"000000000000742.66\",\n            \"feeAmount\": \"000000000000026.97\",\n            \"averageRate\": \"000000000000003.50\",\n            \"releasedRate\": \"00000000000002.30\",\n            \"unreleasedRate\": \"000000000000002.30\",\n            \"availableBalance\": \"000000000000769.63\",\n            \"highAmount\": \"000000000000742.66\",\n            \"lowAmount\": \"000000000000000.00\"\n          },\n          {\n            \"institutionNumber\": \"00000003\",\n            \"merchantID\": \"91002806\",\n            \"originalPrepaymentNumber\": \"00000003978\",\n            \"prepaymentStatus\": \"Pendente (meaning Pending)\",\n            \"schemeOptions\": \"050 - Visa Credit\",\n            \"schemeOptionsDesc\": \"050 - Visa Credit\",\n            \"transactionType\": \"001 - Parcelado sem juros - (meaning Installment with no interesting)\",\n            \"transactionTypeDesc\": \"001 - Parcelado sem juros - (meaning Installment with no interesting)\",\n            \"dateFrom\": \"20190202\",\n            \"dateTo\": \"20191220\",\n            \"requestedAmount\": \"000000000132500.42\",\n            \"paymentDate\": \"20191118\",\n            \"grossAmount\": \"000000000000769.63\",\n            \"netAmount\": \"000000000000742.66\",\n            \"feeAmount\": \"000000000000026.97\",\n            \"averageRate\": \"000000000000003.50\",\n            \"releasedRate\": \"00000000000002.30\",\n            \"unreleasedRate\": \"000000000000002.30\",\n            \"availableBalance\": \"000000000000769.63\",\n            \"highAmount\": \"000000000000742.66\",\n            \"lowAmount\": \"000000000000000.00\"\n          }\n        ]\n      },\n      \"response\": {\n        \"responseInformationList\": [\n          {\n            \"responseCode\": \"00 - Request Approved\",\n            \"responseCodeDesc\": \"00 - Request Approved\"\n          },\n          {\n            \"responseCode\": \"00 - Request Approved\",\n            \"responseCodeDesc\": \"00 - Request Approved\"\n          }\n        ]\n      }\n    },\n    {\n      \"information\": {\n        \"prepaymentSimulationInformationList\": [\n          {\n            \"institutionNumber\": \"00000003\",\n            \"merchantID\": \"91002806\",\n            \"originalPrepaymentNumber\": \"00000003978\",\n            \"prepaymentStatus\": \"Pendente (meaning Pending)\",\n            \"schemeOptions\": \"050 - Visa Credit\",\n            \"schemeOptionsDesc\": \"050 - Visa Credit\",\n            \"transactionType\": \"001 - Parcelado sem juros - (meaning Installment with no interesting)\",\n            \"transactionTypeDesc\": \"001 - Parcelado sem juros - (meaning Installment with no interesting)\",\n            \"dateFrom\": \"20190202\",\n            \"dateTo\": \"20191220\",\n            \"requestedAmount\": \"000000000132500.42\",\n            \"paymentDate\": \"20191118\",\n            \"grossAmount\": \"000000000000769.63\",\n            \"netAmount\": \"000000000000742.66\",\n            \"feeAmount\": \"000000000000026.97\",\n            \"averageRate\": \"000000000000003.50\",\n            \"releasedRate\": \"00000000000002.30\",\n            \"unreleasedRate\": \"000000000000002.30\",\n            \"availableBalance\": \"000000000000769.63\",\n            \"highAmount\": \"000000000000742.66\",\n            \"lowAmount\": \"000000000000000.00\"\n          },\n          {\n            \"institutionNumber\": \"00000003\",\n            \"merchantID\": \"91002806\",\n            \"originalPrepaymentNumber\": \"00000003978\",\n            \"prepaymentStatus\": \"Pendente (meaning Pending)\",\n            \"schemeOptions\": \"050 - Visa Credit\",\n            \"schemeOptionsDesc\": \"050 - Visa Credit\",\n            \"transactionType\": \"001 - Parcelado sem juros - (meaning Installment with no interesting)\",\n            \"transactionTypeDesc\": \"001 - Parcelado sem juros - (meaning Installment with no interesting)\",\n            \"dateFrom\": \"20190202\",\n            \"dateTo\": \"20191220\",\n            \"requestedAmount\": \"000000000132500.42\",\n            \"paymentDate\": \"20191118\",\n            \"grossAmount\": \"000000000000769.63\",\n            \"netAmount\": \"000000000000742.66\",\n            \"feeAmount\": \"000000000000026.97\",\n            \"averageRate\": \"000000000000003.50\",\n            \"releasedRate\": \"00000000000002.30\",\n            \"unreleasedRate\": \"000000000000002.30\",\n            \"availableBalance\": \"000000000000769.63\",\n            \"highAmount\": \"000000000000742.66\",\n            \"lowAmount\": \"000000000000000.00\"\n          }\n        ]\n      },\n      \"response\": {\n        \"responseInformationList\": [\n          {\n            \"responseCode\": \"00 - Request Approved\",\n            \"responseCodeDesc\": \"00 - Request Approved\"\n          },\n          {\n            \"responseCode\": \"00 - Request Approved\",\n            \"responseCodeDesc\": \"00 - Request Approved\"\n          }\n        ]\n      }\n    }\n  ]\n}","cookie":[],"_postman_previewlanguage":"json"},{"id":"eb119d2b-33cd-450a-931f-b6f276bba790","name":"Unauthorized","originalRequest":{"url":{"path":["bwa","wsm","prepayments","prepaySimulations","prepaymentSimulation"],"host":["{{baseUrl}}"],"query":[],"variable":[]},"header":[{"disabled":false,"description":"(Required) HMAC","key":"Message-Signature","value":"1tsmkG9Ip3k2rcO5cETButfP3D/RS6U8troFF+mUrno="},{"disabled":false,"description":"(Required) APigee Key","key":"Api-Key","value":"X0GW3QGOYFn4r7DHcVC8KuatUnNs6MGB"},{"disabled":false,"description":"(Required) Oauth Key","key":"auth","value":""},{"disabled":false,"description":"(Required) Date - Epoch Format","key":"Timestamp","value":"1563309156733"},{"disabled":false,"description":"(Required) Randomly generated by client","key":"Client-Request-Id","value":"6NYHj9Pgyxc84rmafpwG4fjhLwFfJYFVmxJOcgziD0QN3q6mGC"},{"key":"Accept","value":"application/json"}],"method":"POST","body":{"mode":"raw","raw":"{\n  \"prepaymentSimulations\": [\n    {\n      \"requestType\": \"N\",\n      \"institutionNumber\": \"00000003\",\n      \"merchantID\": \"91002806\",\n      \"transactionType\": \"001\",\n      \"schemeOption\": \"002,024 - Mastercard + Hipercard/Hiper\",\n      \"userID\": \"000456\",\n      \"userType\": \"006\",\n      \"originalPrepaymentNumber\": \"00000003978\",\n      \"prepaymentStatus\": \"000\",\n      \"requestedAmount\": \"000000050000\",\n      \"dateFrom\": \"20190202\",\n      \"dateTo\": \"20191220\"\n    },\n    {\n      \"requestType\": \"N\",\n      \"institutionNumber\": \"00000003\",\n      \"merchantID\": \"91002806\",\n      \"transactionType\": \"001\",\n      \"schemeOption\": \"002,024 - Mastercard + Hipercard/Hiper\",\n      \"userID\": \"000456\",\n      \"userType\": \"006\",\n      \"originalPrepaymentNumber\": \"00000003978\",\n      \"prepaymentStatus\": \"000\",\n      \"requestedAmount\": \"000000050000\",\n      \"dateFrom\": \"20190202\",\n      \"dateTo\": \"20191220\"\n    }\n  ]\n}","options":{"raw":{"language":"json"}}}},"status":"Unauthorized","code":401,"header":[{"key":"Content-Type","value":"application/json"}],"body":"{\n  \"codigoRetorno\": 4,\n  \"mensagem\": \"Acesso nao autorizado ao conteudo pesquisado - (meaning Unauthorized Access)\"\n}","cookie":[],"_postman_previewlanguage":"json"}],"event":[],"protocolProfileBehavior":{"disableBodyPruning":true}},{"id":"fba34d6d-6033-42b9-aadd-6d4b6d576d33","name":"Confirmation or Rejection of Manual Prepayment Simulation","request":{"name":"Confirmation or Rejection of Manual Prepayment Simulation","description":{"content":"Confirmation or Rejection of Manual Prepayment Simulation","type":"text/plain"},"url":{"path":["bwa","wsm","prepayments","prepaySimulationsAction","prepaySimConfReject"],"host":["{{baseUrl}}"],"query":[],"variable":[]},"header":[{"disabled":false,"description":"(Required) HMAC","key":"Message-Signature","value":"<string>"},{"disabled":false,"description":"(Required) APigee Key","key":"Api-Key","value":"<string>"},{"disabled":false,"description":"(Required) Oauth Key","key":"auth","value":"<string>"},{"disabled":false,"description":"(Required) DAte - Epoch Format","key":"Timestamp","value":"<string>"},{"disabled":false,"description":"(Required) Randomly generated by client","key":"Client-Request-Id","value":"<string>"},{"key":"Content-Type","value":"application/json"},{"key":"Accept","value":"application/json"}],"method":"POST","auth":null,"body":{"mode":"raw","raw":"{\n  \"prepaymentConfirmRejects\": [\n    {\n      \"requestType\": \"<string>\",\n      \"institutionNumber\": \"<string>\",\n      \"merchantID\": \"<string>\",\n      \"originalPrepaymentNumber\": \"<string>\",\n      \"userID\": \"<string>\",\n      \"userType\": \"<string>\",\n      \"selectedValue\": \"<string>\"\n    },\n    {\n      \"requestType\": \"<string>\",\n      \"institutionNumber\": \"<string>\",\n      \"merchantID\": \"<string>\",\n      \"originalPrepaymentNumber\": \"<string>\",\n      \"userID\": \"<string>\",\n      \"userType\": \"<string>\",\n      \"selectedValue\": \"<string>\"\n    }\n  ]\n}","options":{"raw":{"language":"json"}}}},"response":[{"id":"77d3b00c-d5a3-476e-94ab-f410ff12410f","name":"Success","originalRequest":{"url":{"path":["bwa","wsm","prepayments","prepaySimulationsAction","prepaySimConfReject"],"host":["{{baseUrl}}"],"query":[],"variable":[]},"header":[{"disabled":false,"description":"(Required) HMAC","key":"Message-Signature","value":"1tsmkG9Ip3k2rcO5cETButfP3D/RS6U8troFF+mUrno="},{"disabled":false,"description":"(Required) APigee Key","key":"Api-Key","value":"X0GW3QGOYFn4r7DHcVC8KuatUnNs6MGB"},{"disabled":false,"description":"(Required) Oauth Key","key":"auth","value":""},{"disabled":false,"description":"(Required) DAte - Epoch Format","key":"Timestamp","value":"1563309156733"},{"disabled":false,"description":"(Required) Randomly generated by client","key":"Client-Request-Id","value":"6NYHj9Pgyxc84rmafpwG4fjhLwFfJYFVmxJOcgziD0QN3q6mGC"},{"key":"Accept","value":"application/json"}],"method":"POST","body":{"mode":"raw","raw":"{\n  \"prepaymentConfirmRejects\": [\n    {\n      \"requestType\": \"C\",\n      \"institutionNumber\": \"00000003\",\n      \"merchantID\": \"91002806\",\n      \"originalPrepaymentNumber\": \"00000003978\",\n      \"userID\": \"000456\",\n      \"userType\": \"006\",\n      \"selectedValue\": \"2\"\n    },\n    {\n      \"requestType\": \"C\",\n      \"institutionNumber\": \"00000003\",\n      \"merchantID\": \"91002806\",\n      \"originalPrepaymentNumber\": \"00000003978\",\n      \"userID\": \"000456\",\n      \"userType\": \"006\",\n      \"selectedValue\": \"2\"\n    }\n  ]\n}","options":{"raw":{"language":"json"}}}},"status":"OK","code":200,"header":[{"key":"Content-Type","value":"application/json"}],"body":"{\n  \"processMessage\": [\n    {\n      \"institutionNumber\": \"00000003\",\n      \"merchantID\": \"91002806\",\n      \"originalPrepaymentNumber\": \"00000003978\",\n      \"grossAmount\": \"000000000003090.12\",\n      \"netAmount\": \"000000000003000.35\",\n      \"feeAmount\": \"000000000000089.77\",\n      \"averageRate\": \"000000000000002.91\",\n      \"releasedRate\": \"000000000000001.70\",\n      \"unreleasedRate\": \"000000000000001.70\",\n      \"availableBalance\": \"000000000003090.12\",\n      \"response\": {\n        \"responseInformationList\": [\n          {\n            \"responseCode\": \"00 - Request Approved\",\n            \"responseCodeDesc\": \"00 - Request Approved\"\n          },\n          {\n            \"responseCode\": \"00 - Request Approved\",\n            \"responseCodeDesc\": \"00 - Request Approved\"\n          }\n        ]\n      }\n    },\n    {\n      \"institutionNumber\": \"00000003\",\n      \"merchantID\": \"91002806\",\n      \"originalPrepaymentNumber\": \"00000003978\",\n      \"grossAmount\": \"000000000003090.12\",\n      \"netAmount\": \"000000000003000.35\",\n      \"feeAmount\": \"000000000000089.77\",\n      \"averageRate\": \"000000000000002.91\",\n      \"releasedRate\": \"000000000000001.70\",\n      \"unreleasedRate\": \"000000000000001.70\",\n      \"availableBalance\": \"000000000003090.12\",\n      \"response\": {\n        \"responseInformationList\": [\n          {\n            \"responseCode\": \"00 - Request Approved\",\n            \"responseCodeDesc\": \"00 - Request Approved\"\n          },\n          {\n            \"responseCode\": \"00 - Request Approved\",\n            \"responseCodeDesc\": \"00 - Request Approved\"\n          }\n        ]\n      }\n    }\n  ]\n}","cookie":[],"_postman_previewlanguage":"json"},{"id":"336d3159-d535-494f-80c2-38b826388d6d","name":"Unauthorized","originalRequest":{"url":{"path":["bwa","wsm","prepayments","prepaySimulationsAction","prepaySimConfReject"],"host":["{{baseUrl}}"],"query":[],"variable":[]},"header":[{"disabled":false,"description":"(Required) HMAC","key":"Message-Signature","value":"1tsmkG9Ip3k2rcO5cETButfP3D/RS6U8troFF+mUrno="},{"disabled":false,"description":"(Required) APigee Key","key":"Api-Key","value":"X0GW3QGOYFn4r7DHcVC8KuatUnNs6MGB"},{"disabled":false,"description":"(Required) Oauth Key","key":"auth","value":""},{"disabled":false,"description":"(Required) DAte - Epoch Format","key":"Timestamp","value":"1563309156733"},{"disabled":false,"description":"(Required) Randomly generated by client","key":"Client-Request-Id","value":"6NYHj9Pgyxc84rmafpwG4fjhLwFfJYFVmxJOcgziD0QN3q6mGC"},{"key":"Accept","value":"application/json"}],"method":"POST","body":{"mode":"raw","raw":"{\n  \"prepaymentConfirmRejects\": [\n    {\n      \"requestType\": \"C\",\n      \"institutionNumber\": \"00000003\",\n      \"merchantID\": \"91002806\",\n      \"originalPrepaymentNumber\": \"00000003978\",\n      \"userID\": \"000456\",\n      \"userType\": \"006\",\n      \"selectedValue\": \"2\"\n    },\n    {\n      \"requestType\": \"C\",\n      \"institutionNumber\": \"00000003\",\n      \"merchantID\": \"91002806\",\n      \"originalPrepaymentNumber\": \"00000003978\",\n      \"userID\": \"000456\",\n      \"userType\": \"006\",\n      \"selectedValue\": \"2\"\n    }\n  ]\n}","options":{"raw":{"language":"json"}}}},"status":"Unauthorized","code":401,"header":[{"key":"Content-Type","value":"application/json"}],"body":"{\n  \"codigoRetorno\": 4,\n  \"mensagem\": \"Acesso nao autorizado ao conteudo pesquisado - (meaning Unauthorized Access)\"\n}","cookie":[],"_postman_previewlanguage":"json"}],"event":[],"protocolProfileBehavior":{"disableBodyPruning":true}},{"id":"4e0060c2-41e1-41d6-aec6-d4a59627db74","name":"Confirmation or Rejection of Manual Prepayment Simulation Message","request":{"name":"Confirmation or Rejection of Manual Prepayment Simulation Message","description":{"content":"Confirmation or Rejection of Manual Prepayment Simulation Message","type":"text/plain"},"url":{"path":["bwa","wsm","prepayments","v2","prepaySimulationsAction","prepaySimConfReject"],"host":["{{baseUrl}}"],"query":[],"variable":[]},"header":[{"disabled":false,"description":"(Required) HMAC","key":"Message-Signature","value":"<string>"},{"disabled":false,"description":"(Required) APigee Key","key":"Api-Key","value":"<string>"},{"disabled":false,"description":"(Required) Oauth Key","key":"auth","value":"<string>"},{"disabled":false,"description":"(Required) DAte - Epoch Format","key":"Timestamp","value":"<string>"},{"disabled":false,"description":"(Required) Randomly generated by client","key":"Client-Request-Id","value":"<string>"},{"key":"Content-Type","value":"application/json"},{"key":"Accept","value":"application/json"}],"method":"POST","auth":null,"body":{"mode":"raw","raw":"{\n  \"prepaymentConfirmRejects\": [\n    {\n      \"requestType\": \"<string>\",\n      \"institutionNumber\": \"<string>\",\n      \"merchantID\": \"<string>\",\n      \"originalPrepaymentNumber\": \"<string>\",\n      \"userID\": \"<string>\",\n      \"userType\": \"<string>\",\n      \"serviceContract\": \"<string>\",\n      \"selectedValue\": \"<string>\"\n    },\n    {\n      \"requestType\": \"<string>\",\n      \"institutionNumber\": \"<string>\",\n      \"merchantID\": \"<string>\",\n      \"originalPrepaymentNumber\": \"<string>\",\n      \"userID\": \"<string>\",\n      \"userType\": \"<string>\",\n      \"serviceContract\": \"<string>\",\n      \"selectedValue\": \"<string>\"\n    }\n  ]\n}","options":{"raw":{"language":"json"}}}},"response":[{"id":"2ceca016-8da6-4c04-a62e-80a7a0d6181e","name":"Success","originalRequest":{"url":{"path":["bwa","wsm","prepayments","v2","prepaySimulationsAction","prepaySimConfReject"],"host":["{{baseUrl}}"],"query":[],"variable":[]},"header":[{"disabled":false,"description":"(Required) HMAC","key":"Message-Signature","value":"1tsmkG9Ip3k2rcO5cETButfP3D/RS6U8troFF+mUrno="},{"disabled":false,"description":"(Required) APigee Key","key":"Api-Key","value":"X0GW3QGOYFn4r7DHcVC8KuatUnNs6MGB"},{"disabled":false,"description":"(Required) Oauth Key","key":"auth","value":""},{"disabled":false,"description":"(Required) DAte - Epoch Format","key":"Timestamp","value":"1563309156733"},{"disabled":false,"description":"(Required) Randomly generated by client","key":"Client-Request-Id","value":"6NYHj9Pgyxc84rmafpwG4fjhLwFfJYFVmxJOcgziD0QN3q6mGC"},{"key":"Accept","value":"application/json"}],"method":"POST","body":{"mode":"raw","raw":"{\n  \"prepaymentConfirmRejects\": [\n    {\n      \"requestType\": \"C\",\n      \"institutionNumber\": \"00000003\",\n      \"merchantID\": \"91002806\",\n      \"originalPrepaymentNumber\": \"00000003978\",\n      \"userID\": \"000456\",\n      \"userType\": \"006\",\n      \"serviceContract\": \"101\",\n      \"selectedValue\": \"2\"\n    },\n    {\n      \"requestType\": \"C\",\n      \"institutionNumber\": \"00000003\",\n      \"merchantID\": \"91002806\",\n      \"originalPrepaymentNumber\": \"00000003978\",\n      \"userID\": \"000456\",\n      \"userType\": \"006\",\n      \"serviceContract\": \"101\",\n      \"selectedValue\": \"2\"\n    }\n  ]\n}","options":{"raw":{"language":"json"}}}},"status":"OK","code":200,"header":[{"key":"Content-Type","value":"application/json"}],"body":"{\n  \"processMessage\": [\n    {\n      \"institutionNumber\": \"00000003\",\n      \"merchantID\": \"91002806\",\n      \"originalPrepaymentNumber\": \"00000003978\",\n      \"grossAmount\": \"000000000003090.12\",\n      \"netAmount\": \"000000000003000.35\",\n      \"feeAmount\": \"000000000000089.77\",\n      \"averageRate\": \"000000000000002.91\",\n      \"releasedRate\": \"000000000000001.70\",\n      \"unreleasedRate\": \"000000000000001.70\",\n      \"availableBalance\": \"000000000003090.12\",\n      \"message\": {\n        \"codPayDay\": \"0\",\n        \"codPayWin\": \"1\",\n        \"msgShort\": \"some short message text\",\n        \"msgNormal\": \"some normal sized message text\",\n        \"msgDetailed\": \"some huge sized message text\"\n      },\n      \"response\": {\n        \"responseInformationList\": [\n          {\n            \"responseCode\": \"00 - Request Approved\",\n            \"responseCodeDesc\": \"00 - Request Approved\"\n          },\n          {\n            \"responseCode\": \"00 - Request Approved\",\n            \"responseCodeDesc\": \"00 - Request Approved\"\n          }\n        ]\n      }\n    },\n    {\n      \"institutionNumber\": \"00000003\",\n      \"merchantID\": \"91002806\",\n      \"originalPrepaymentNumber\": \"00000003978\",\n      \"grossAmount\": \"000000000003090.12\",\n      \"netAmount\": \"000000000003000.35\",\n      \"feeAmount\": \"000000000000089.77\",\n      \"averageRate\": \"000000000000002.91\",\n      \"releasedRate\": \"000000000000001.70\",\n      \"unreleasedRate\": \"000000000000001.70\",\n      \"availableBalance\": \"000000000003090.12\",\n      \"message\": {\n        \"codPayDay\": \"0\",\n        \"codPayWin\": \"1\",\n        \"msgShort\": \"some short message text\",\n        \"msgNormal\": \"some normal sized message text\",\n        \"msgDetailed\": \"some huge sized message text\"\n      },\n      \"response\": {\n        \"responseInformationList\": [\n          {\n            \"responseCode\": \"00 - Request Approved\",\n            \"responseCodeDesc\": \"00 - Request Approved\"\n          },\n          {\n            \"responseCode\": \"00 - Request Approved\",\n            \"responseCodeDesc\": \"00 - Request Approved\"\n          }\n        ]\n      }\n    }\n  ]\n}","cookie":[],"_postman_previewlanguage":"json"},{"id":"63254886-a3aa-4279-9717-508506db980c","name":"Unauthorized","originalRequest":{"url":{"path":["bwa","wsm","prepayments","v2","prepaySimulationsAction","prepaySimConfReject"],"host":["{{baseUrl}}"],"query":[],"variable":[]},"header":[{"disabled":false,"description":"(Required) HMAC","key":"Message-Signature","value":"1tsmkG9Ip3k2rcO5cETButfP3D/RS6U8troFF+mUrno="},{"disabled":false,"description":"(Required) APigee Key","key":"Api-Key","value":"X0GW3QGOYFn4r7DHcVC8KuatUnNs6MGB"},{"disabled":false,"description":"(Required) Oauth Key","key":"auth","value":""},{"disabled":false,"description":"(Required) DAte - Epoch Format","key":"Timestamp","value":"1563309156733"},{"disabled":false,"description":"(Required) Randomly generated by client","key":"Client-Request-Id","value":"6NYHj9Pgyxc84rmafpwG4fjhLwFfJYFVmxJOcgziD0QN3q6mGC"},{"key":"Accept","value":"application/json"}],"method":"POST","body":{"mode":"raw","raw":"{\n  \"prepaymentConfirmRejects\": [\n    {\n      \"requestType\": \"C\",\n      \"institutionNumber\": \"00000003\",\n      \"merchantID\": \"91002806\",\n      \"originalPrepaymentNumber\": \"00000003978\",\n      \"userID\": \"000456\",\n      \"userType\": \"006\",\n      \"serviceContract\": \"101\",\n      \"selectedValue\": \"2\"\n    },\n    {\n      \"requestType\": \"C\",\n      \"institutionNumber\": \"00000003\",\n      \"merchantID\": \"91002806\",\n      \"originalPrepaymentNumber\": \"00000003978\",\n      \"userID\": \"000456\",\n      \"userType\": \"006\",\n      \"serviceContract\": \"101\",\n      \"selectedValue\": \"2\"\n    }\n  ]\n}","options":{"raw":{"language":"json"}}}},"status":"Unauthorized","code":401,"header":[{"key":"Content-Type","value":"application/json"}],"body":"{\n  \"codigoRetorno\": 4,\n  \"mensagem\": \"Acesso nao autorizado ao conteudo pesquisado - (meaning Unauthorized Access)\"\n}","cookie":[],"_postman_previewlanguage":"json"}],"event":[],"protocolProfileBehavior":{"disableBodyPruning":true}}],"event":[]}],"event":[],"variable":[{"type":"string","value":"https://cat.api.firstdata.com","key":"baseUrl"}],"info":{"_postman_id":"8b7de05f-b7af-4640-bae4-b6a50273ad40","name":"Prepayment Information Maintenance","schema":"https://schema.getpostman.com/json/collection/v2.1.0/collection.json","description":{"content":"Prepayment Information Maintenance","type":"text/plain"}}}