{"item":[{"id":"cf9ab45e-f067-4b57-b468-264489c3e29d","name":"Search for Proposal Status","request":{"name":"Search for Proposal Status","description":{"content":"Search for Proposal Status","type":"text/plain"},"url":{"path":["bwa","proposta","status",":inst",":doc"],"host":["{{baseUrl}}"],"query":[],"variable":[{"disabled":false,"type":"any","value":"<string>","key":"doc","description":"(Required) Tax ID (CPF/CNPJ) to be searched"},{"disabled":false,"type":"any","value":"<string>","key":"inst","description":"(Required) Merchant Institution Number"}]},"header":[{"disabled":false,"description":"(Required) HMAC","key":"Message-Signature","value":"<string>"},{"disabled":false,"description":"(Required) APigee Key","key":"Api-Key","value":"<string>"},{"disabled":false,"description":"(Required) Oauth Key","key":"auth","value":"<string>"},{"disabled":false,"description":"(Required) Date - Epoch Format","key":"Timestamp","value":"<string>"},{"disabled":false,"description":"(Required) Randomly generated by client","key":"Client-Request-Id","value":"<string>"},{"key":"Accept","value":"application/json"}],"method":"GET","auth":null},"response":[{"id":"666c92fb-b787-4214-8721-f790942a0b8d","name":"Success","originalRequest":{"url":{"path":["bwa","proposta","status",":inst",":doc"],"host":["{{baseUrl}}"],"query":[],"variable":[{"disabled":false,"type":"any","value":"<string>","key":"doc","description":"(Required) Tax ID (CPF/CNPJ) to be searched"},{"disabled":false,"type":"any","value":"<string>","key":"inst","description":"(Required) Merchant Institution Number"}]},"header":[{"disabled":false,"description":"(Required) HMAC","key":"Message-Signature","value":"1tsmkG9Ip3k2rcO5cETButfP3D/RS6U8troFF+mUrno="},{"disabled":false,"description":"(Required) APigee Key","key":"Api-Key","value":"X0GW3QGOYFn4r7DHcVC8KuatUnNs6MGB"},{"disabled":false,"description":"(Required) Oauth Key","key":"auth","value":"null"},{"disabled":false,"description":"(Required) Date - Epoch Format","key":"Timestamp","value":"1563309156733"},{"disabled":false,"description":"(Required) Randomly generated by client","key":"Client-Request-Id","value":"6NYHj9Pgyxc84rmafpwG4fjhLwFfJYFVmxJOcgziD0QN3q6mGC"},{"key":"Accept","value":"application/json"}],"method":"GET","body":{}},"status":"OK","code":200,"header":[{"key":"Content-Type","value":"application/json"}],"body":"{\n  \"codigoRetorno\": \"00 - Successfully Done\",\n  \"descricaoRetorno\": \"00 - Successfully Done\",\n  \"propostas\": [\n    {\n      \"numeroProposta\": \"979102119213298000432\",\n      \"dataProposta\": \"YYYYMMDD\",\n      \"codigoMotivoRejeicao\": \"\",\n      \"descricaoMotivoRejeicao\": \"\",\n      \"numeroMerchant\": \"40929598\",\n      \"codigoCredenciador\": \"1\",\n      \"indicadorEcommerce\": \"1 - No\",\n      \"statusPropostas\": [\n        {\n          \"codigoStatusProposta\": \"0 Affiliated\",\n          \"descricaoStatusProposta\": \"0 Affiliated\",\n          \"dataStatusProposta\": \"YYYYMMDD\"\n        },\n        {\n          \"codigoStatusProposta\": \"0 Affiliated\",\n          \"descricaoStatusProposta\": \"0 Affiliated\",\n          \"dataStatusProposta\": \"YYYYMMDD\"\n        }\n      ]\n    },\n    {\n      \"numeroProposta\": \"979102119213298000432\",\n      \"dataProposta\": \"YYYYMMDD\",\n      \"codigoMotivoRejeicao\": \"\",\n      \"descricaoMotivoRejeicao\": \"\",\n      \"numeroMerchant\": \"40929598\",\n      \"codigoCredenciador\": \"1\",\n      \"indicadorEcommerce\": \"1 - No\",\n      \"statusPropostas\": [\n        {\n          \"codigoStatusProposta\": \"0 Affiliated\",\n          \"descricaoStatusProposta\": \"0 Affiliated\",\n          \"dataStatusProposta\": \"YYYYMMDD\"\n        },\n        {\n          \"codigoStatusProposta\": \"0 Affiliated\",\n          \"descricaoStatusProposta\": \"0 Affiliated\",\n          \"dataStatusProposta\": \"YYYYMMDD\"\n        }\n      ]\n    }\n  ]\n}","cookie":[],"_postman_previewlanguage":"json"}],"event":[],"protocolProfileBehavior":{"disableBodyPruning":true}}],"event":[],"variable":[{"type":"string","value":"https://cat.api.firstdata.com","key":"baseUrl"}],"info":{"_postman_id":"075bd202-04d6-466c-981e-ae6710e2a991","name":"Search for Proposal Status","schema":"https://schema.getpostman.com/json/collection/v2.1.0/collection.json","description":{"content":"Search for Proposal Status\n\nContact Support:\n Name: First Data","type":"text/plain"}}}