{"item":[{"id":"15190a81-b97b-4a2b-ad1c-fb557ec04f07","name":"Card account information","description":{"content":"Add/modify/enquire on card information attached to account. Get list all the card accounts in the system, get list of selected type of accounts linked to the cards.","type":"text/plain"},"item":[],"event":[]},{"id":"1a5f52c8-b907-48a9-9952-b3deca546d62","name":"Customer card","description":{"content":"Enquire on card information for given card code. Get list of all the card types available in the system.","type":"text/plain"},"item":[],"event":[]},{"id":"07ecb49c-d8df-4108-b105-fcda60e8ad3a","name":"Delete and renumber Oar","description":{"content":"Delete and renumber Oar","type":"text/plain"},"item":[],"event":[]},{"id":"23aedd49-f07e-4285-99ca-2fe96fe21b00","name":"Fast card","description":{"content":"Add fast card to customer account. Add FDI activity for given card account.","type":"text/plain"},"item":[],"event":[]},{"id":"1ae82fb6-88e2-42db-871b-b7f78da4decc","name":"Card Account Information","description":{"content":"","type":"text/plain"},"item":[{"id":"2b51b7e7-66d8-41a2-9e96-476158cf2b77","name":"inq Card Link List","request":{"name":"inq Card Link List","description":{"content":"Get list of accounts linked to card","type":"text/plain"},"url":{"path":["cards","cardlinklist","inq"],"host":["{{baseUrl}}"],"query":[],"variable":[]},"header":[{"disabled":false,"description":"(Required) Name of the application","key":"application-name","value":"Swagger"},{"disabled":false,"description":"(Required) ","key":"x-apikey","value":"2MWVAWF2xZz0eNQUK0NVhwpWYkr7gehG"},{"key":"Content-Type","value":"application/json"},{"key":"Accept","value":"application/json"}],"method":"POST","auth":null,"body":{"mode":"raw","raw":"{\n  \"recCtrlIn\": {\n    \"maxRec\": 0,\n    \"cursor\": \"99\"\n  },\n  \"custId\": {\n    \"custPermId\": \"0000002032\"\n  },\n  \"cardAcctId\": {\n    \"acctId\": \"7777770000000137   1\",\n    \"acctType\": \"SV\"\n  },\n  \"selAcctType\": \" \",\n  \"incNonLinkAcctFlag\": true\n}","options":{"raw":{"language":"json"}}}},"response":[{"id":"8215c3b6-ca52-4830-8368-8a888447eb2a","name":"List of cards linked to accounts response","originalRequest":{"url":{"path":["cards","cardlinklist","inq"],"host":["{{baseUrl}}"],"query":[],"variable":[]},"header":[{"disabled":false,"description":"(Required) Name of the application","key":"application-name","value":"Swagger"},{"disabled":false,"description":"(Required) ","key":"x-apikey","value":"2MWVAWF2xZz0eNQUK0NVhwpWYkr7gehG"}],"method":"POST","body":{"mode":"raw","raw":"{\n  \"recCtrlIn\": {\n    \"maxRec\": 0,\n    \"cursor\": \"99\"\n  },\n  \"custId\": {\n    \"custPermId\": \"0000002032\"\n  },\n  \"cardAcctId\": {\n    \"acctId\": \"7777770000000137   1\",\n    \"acctType\": \"SV\"\n  },\n  \"selAcctType\": \" \",\n  \"incNonLinkAcctFlag\": true\n}","options":{"raw":{"language":"json"}}}},"status":"OK","code":200,"header":[{"key":"Content-Type","value":"application/json"}],"body":"{\n  \"rqUID\": {},\n  \"status\": {\n    \"statusCode\": 0,\n    \"statusDesc\": \"Success\"\n  },\n  \"recCtrlOut\": {\n    \"matchedRec\": 0,\n    \"sentRec\": 1,\n    \"cursor\": \"99\"\n  },\n  \"custId\": {\n    \"custPermId\": \"QUVTOiA3cWpITWw5RlIwWnp5MzFUQWpOS0VBPT0=\",\n    \"custPermIdMasked\": \"******2032\"\n  },\n  \"cardAcctId\": {\n    \"acctId\": \"QUVTOiBZdG5GTld4bldrL09jSjMrb3NFK1VsMkluZU1lZ3gwNUhBdUE5QnpzcmNJPQ==\",\n    \"acctIdMasked\": \"****************   1\",\n    \"acctType\": \"SV\"\n  },\n  \"selAcctType\": \" \",\n  \"incNonLinkAcctFlag\": true,\n  \"acctLinks\": [\n    {\n      \"custRelation\": {\n        \"relationCode\": \"Sole owner (Primary)\",\n        \"custPermId\": {\n          \"custPermId\": \"QUVTOiA3cWpITWw5RlIwWnp5MzFUQWpOS0VBPT0=\",\n          \"custPermIdMasked\": \"******2032\"\n        }\n      },\n      \"acctStatCodeDtl\": \"Open\",\n      \"seqId\": 0,\n      \"bankAcctId\": {\n        \"acctType\": \"SV\",\n        \"acctId\": \"QUVTOiBxSzQzUGw5K2hJZDdTcTFWMFNZYkRRPT0=\",\n        \"acctIdMasked\": \"********07173\"\n      },\n      \"monetaryFlag\": false,\n      \"creditOnlyFlag\": false,\n      \"nickname\": \"CISA_SWITCH_EXIN\",\n      \"curCode\": \"HKD\"\n    }\n  ]\n}","cookie":[],"_postman_previewlanguage":"json"},{"id":"24f91112-6e1f-4820-95e7-31d0a5943914","name":"Unauthorized","originalRequest":{"url":{"path":["cards","cardlinklist","inq"],"host":["{{baseUrl}}"],"query":[],"variable":[]},"header":[{"disabled":false,"description":"(Required) Name of the application","key":"application-name","value":"Swagger"},{"disabled":false,"description":"(Required) ","key":"x-apikey","value":"2MWVAWF2xZz0eNQUK0NVhwpWYkr7gehG"}],"method":"POST","body":{"mode":"raw","raw":"{\n  \"recCtrlIn\": {\n    \"maxRec\": 0,\n    \"cursor\": \"99\"\n  },\n  \"custId\": {\n    \"custPermId\": \"0000002032\"\n  },\n  \"cardAcctId\": {\n    \"acctId\": \"7777770000000137   1\",\n    \"acctType\": \"SV\"\n  },\n  \"selAcctType\": \" \",\n  \"incNonLinkAcctFlag\": true\n}","options":{"raw":{"language":"json"}}}},"status":"Unauthorized","code":401,"header":[{"key":"Content-Type","value":"text/plain"}],"body":"","cookie":[],"_postman_previewlanguage":"text"},{"id":"442b5060-ccc7-4b7a-bb4d-cbbcb314b726","name":"Forbidden","originalRequest":{"url":{"path":["cards","cardlinklist","inq"],"host":["{{baseUrl}}"],"query":[],"variable":[]},"header":[{"disabled":false,"description":"(Required) Name of the application","key":"application-name","value":"Swagger"},{"disabled":false,"description":"(Required) ","key":"x-apikey","value":"2MWVAWF2xZz0eNQUK0NVhwpWYkr7gehG"}],"method":"POST","body":{"mode":"raw","raw":"{\n  \"recCtrlIn\": {\n    \"maxRec\": 0,\n    \"cursor\": \"99\"\n  },\n  \"custId\": {\n    \"custPermId\": \"0000002032\"\n  },\n  \"cardAcctId\": {\n    \"acctId\": \"7777770000000137   1\",\n    \"acctType\": \"SV\"\n  },\n  \"selAcctType\": \" \",\n  \"incNonLinkAcctFlag\": true\n}","options":{"raw":{"language":"json"}}}},"status":"Forbidden","code":403,"header":[{"key":"Content-Type","value":"text/plain"}],"body":"","cookie":[],"_postman_previewlanguage":"text"},{"id":"8934babd-5b8e-45bb-a8b7-78411e9b5455","name":"Not Found","originalRequest":{"url":{"path":["cards","cardlinklist","inq"],"host":["{{baseUrl}}"],"query":[],"variable":[]},"header":[{"disabled":false,"description":"(Required) Name of the application","key":"application-name","value":"Swagger"},{"disabled":false,"description":"(Required) ","key":"x-apikey","value":"2MWVAWF2xZz0eNQUK0NVhwpWYkr7gehG"}],"method":"POST","body":{"mode":"raw","raw":"{\n  \"recCtrlIn\": {\n    \"maxRec\": 0,\n    \"cursor\": \"99\"\n  },\n  \"custId\": {\n    \"custPermId\": \"0000002032\"\n  },\n  \"cardAcctId\": {\n    \"acctId\": \"7777770000000137   1\",\n    \"acctType\": \"SV\"\n  },\n  \"selAcctType\": \" \",\n  \"incNonLinkAcctFlag\": true\n}","options":{"raw":{"language":"json"}}}},"status":"Not Found","code":404,"header":[{"key":"Content-Type","value":"text/plain"}],"body":"","cookie":[],"_postman_previewlanguage":"text"},{"id":"67ef599e-3b0f-4ee7-8a65-9b119b076375","name":"Internal Server Error","originalRequest":{"url":{"path":["cards","cardlinklist","inq"],"host":["{{baseUrl}}"],"query":[],"variable":[]},"header":[{"disabled":false,"description":"(Required) Name of the application","key":"application-name","value":"Swagger"},{"disabled":false,"description":"(Required) ","key":"x-apikey","value":"2MWVAWF2xZz0eNQUK0NVhwpWYkr7gehG"}],"method":"POST","body":{"mode":"raw","raw":"{\n  \"recCtrlIn\": {\n    \"maxRec\": 0,\n    \"cursor\": \"99\"\n  },\n  \"custId\": {\n    \"custPermId\": \"0000002032\"\n  },\n  \"cardAcctId\": {\n    \"acctId\": \"7777770000000137   1\",\n    \"acctType\": \"SV\"\n  },\n  \"selAcctType\": \" \",\n  \"incNonLinkAcctFlag\": true\n}","options":{"raw":{"language":"json"}}}},"status":"Internal Server Error","code":500,"header":[{"key":"Content-Type","value":"application/json"}],"body":"{\n  \"status\": {\n    \"statusCode\": 95294557,\n    \"statusDesc\": \"nisi ex Duis\",\n    \"supportUID\": \"urn:uuid:906a2f20-8f94-a754-9fba-248ae74d4095\",\n    \"supportDescription\": \"ea culpa irure\",\n    \"errorCount\": -15769841,\n    \"warningCount\": -79987903,\n    \"errors\": [\n      {\n        \"source\": \"cillum voluptate\",\n        \"errNum\": \"in\",\n        \"errDesc\": \"Lorem deserunt\",\n        \"errDtl\": \"ex dolor labore ut qui\",\n        \"errField\": \"irure Lorem ex esse m\",\n        \"errType\": \"L\",\n        \"errTagName\": \"n\",\n        \"hostErrCode\": \"in e\",\n        \"useCode\": \"su\",\n        \"supportUID\": \"urn:uuid:d4055613-3c50-8f19-3edf-0f15e5e2e8d6\",\n        \"rows\": [\n          88237791,\n          -62278747\n        ]\n      },\n      {\n        \"source\": \"a\",\n        \"errNum\": \"non\",\n        \"errDesc\": \"laborum velit\",\n        \"errDtl\": \"sunt incididunt dolore eiusmod cillum\",\n        \"errField\": \"\",\n        \"errType\": \"d\",\n        \"errTagName\": \"consequ\",\n        \"hostErrCode\": \"ir\",\n        \"useCode\": \"c\",\n        \"supportUID\": \"urn:uuid:8bafea49-d659-08f4-a9d7-ef94106ca437\",\n        \"rows\": [\n          -21487953,\n          95812013\n        ]\n      }\n    ],\n    \"warnings\": [\n      {\n        \"source\": \"D\",\n        \"errNum\": \"eu eiusmod mollit Excepteur\",\n        \"errDesc\": \"ut\",\n        \"errDtl\": \"minim e\",\n        \"errField\": \"Lorem id\",\n        \"errType\": \"a\",\n        \"errTagName\": \"esse aute mollit sun\",\n        \"hostErrCode\": \"vol\",\n        \"useCode\": \"c\",\n        \"supportUID\": \"ad35c77c-6b39-4748-f1da-d22eecade3f3\",\n        \"rows\": [\n          39951864,\n          -64976325\n        ]\n      },\n      {\n        \"source\": \"cupidatat eiu\",\n        \"errNum\": \"voluptate\",\n        \"errDesc\": \"anim dolor adipisic\",\n        \"errDtl\": \"do\",\n        \"errField\": \"sint ipsum aliq\",\n        \"errType\": \"i\",\n        \"errTagName\": \"mollit\",\n        \"hostErrCode\": \"\",\n        \"useCode\": \"ea\",\n        \"supportUID\": \"urn:uuid:f607e219-02d5-7066-1dea-0f48e6299d79\",\n        \"rows\": [\n          -41915866,\n          489370\n        ]\n      }\n    ]\n  }\n}","cookie":[],"_postman_previewlanguage":"json"}],"event":[],"protocolProfileBehavior":{"disableBodyPruning":true}},{"id":"5bc7a928-0314-49d0-b89c-7f2e4dacd541","name":"inq Card Acct List","request":{"name":"inq Card Acct List","description":{"content":"Get list of customer accounts attached to card","type":"text/plain"},"url":{"path":["cards","cardacctlist","inq"],"host":["{{baseUrl}}"],"query":[],"variable":[]},"header":[{"disabled":false,"description":"(Required) Name of the application","key":"application-name","value":"Swagger"},{"disabled":false,"description":"(Required) ","key":"x-apikey","value":"2MWVAWF2xZz0eNQUK0NVhwpWYkr7gehG"},{"key":"Content-Type","value":"application/json"},{"key":"Accept","value":"application/json"}],"method":"POST","auth":null,"body":{"mode":"raw","raw":"{\n  \"rqUID\": {\n    \"rqUID\": \"3fa85f64-5717-4562-b3fc-2c963f66afa6\"\n  },\n  \"recCtrlIn\": {\n    \"maxRec\": 0,\n    \"cursor\": \"99\"\n  }\n}","options":{"raw":{"language":"json"}}}},"response":[{"id":"2336d9a4-1ba7-498b-951d-78bdd19415ea","name":"List of card accounts response","originalRequest":{"url":{"path":["cards","cardacctlist","inq"],"host":["{{baseUrl}}"],"query":[],"variable":[]},"header":[{"disabled":false,"description":"(Required) Name of the application","key":"application-name","value":"Swagger"},{"disabled":false,"description":"(Required) ","key":"x-apikey","value":"2MWVAWF2xZz0eNQUK0NVhwpWYkr7gehG"}],"method":"POST","body":{"mode":"raw","raw":"{\n  \"rqUID\": {\n    \"rqUID\": \"3fa85f64-5717-4562-b3fc-2c963f66afa6\"\n  },\n  \"recCtrlIn\": {\n    \"maxRec\": 0,\n    \"cursor\": \"99\"\n  }\n}","options":{"raw":{"language":"json"}}}},"status":"OK","code":200,"header":[{"key":"Content-Type","value":"application/json"}],"body":"{\n  \"rqUID\": {},\n  \"status\": {\n    \"statusCode\": 0,\n    \"statusDesc\": \"Success\"\n  },\n  \"recCtrlOut\": {\n    \"matchedRec\": 0,\n    \"sentRec\": 10,\n    \"cursor\": \"11223354564416441041\"\n  },\n  \"cardAcctRecs\": [\n    {\n      \"cardAcctInfo\": {\n        \"cardAcctId\": {\n          \"acctId\": \"QUVTOiBTOTJZZW1qVW5CV244THdKU25YOVllRzNpcWVrb1FSbXVLcXhvWjEzZjBRPQ==\",\n          \"acctIdMasked\": \"****************   1\"\n        },\n        \"bankId\": \"001\",\n        \"cardTypeCode\": \"I\"\n      },\n      \"shortName\": \"BECKER KYLE\"\n    },\n    {\n      \"cardAcctInfo\": {\n        \"cardAcctId\": {\n          \"acctId\": \"QUVTOiBSckU2WUtLSE54Zy9Mc0xmVzVxQm5iWTBYYTJJKzBXeFVwdk51Z1V3cTdBPQ==\",\n          \"acctIdMasked\": \"****************   1\"\n        },\n        \"bankId\": \"001\",\n        \"cardTypeCode\": \"I\"\n      },\n      \"shortName\": \"XIAN ANTHONY\"\n    },\n    {\n      \"cardAcctInfo\": {\n        \"cardAcctId\": {\n          \"acctId\": \"QUVTOiAvWFJVQjQzSklHMVhmbnhsNjRWQkgvOHZOYmRtU0N4YVBGWFNlYmRjQ1l3PQ==\",\n          \"acctIdMasked\": \"****************   1\"\n        },\n        \"bankId\": \"001\",\n        \"cardTypeCode\": \"I\"\n      },\n      \"shortName\": \"XIAN TOMMY\"\n    },\n    {\n      \"cardAcctInfo\": {\n        \"cardAcctId\": {\n          \"acctId\": \"QUVTOiB2MngwN3gxNXU0eXNvWkpKN3ZqZEoxQnF0WGpIN2JzUTZWV3JvWDc1OWRvPQ==\",\n          \"acctIdMasked\": \"****************   1\"\n        },\n        \"bankId\": \"001\",\n        \"cardTypeCode\": \"I\"\n      },\n      \"shortName\": \"XIAN MIKE\"\n    },\n    {\n      \"cardAcctInfo\": {\n        \"cardAcctId\": {\n          \"acctId\": \"QUVTOiB1OXNGRFYyQkt0N2ZUQnZrNkhBTE1IQVRpUmpYZkJ0VldpVUE3YnFnSnBvPQ==\",\n          \"acctIdMasked\": \"****************1\"\n        },\n        \"bankId\": \"001\",\n        \"cardTypeCode\": \"I\"\n      },\n      \"shortName\": \"XIAN VIRGINIA\"\n    },\n    {\n      \"cardAcctInfo\": {\n        \"cardAcctId\": {\n          \"acctId\": \"QUVTOiBLeVVMN0RhcWMvQk1hZ3VFcWptK0g5Vm9nU2kxdVVBQTUrb1VpQlRzL1pnPQ==\",\n          \"acctIdMasked\": \"****************1\"\n        },\n        \"bankId\": \"001\",\n        \"cardTypeCode\": \"I\"\n      },\n      \"shortName\": \"VALENTINE JEAN\"\n    },\n    {\n      \"cardAcctInfo\": {\n        \"cardAcctId\": {\n          \"acctId\": \"QUVTOiBmOXV0b3IrMU90NlhMU1hDYzcxandGZjRwSU5GVzdxTDhRSSt4UklTSHFRPQ==\",\n          \"acctIdMasked\": \"****************1\"\n        },\n        \"bankId\": \"001\",\n        \"cardTypeCode\": \"I\"\n      },\n      \"shortName\": \"ABC COMPANY\"\n    },\n    {\n      \"cardAcctInfo\": {\n        \"cardAcctId\": {\n          \"acctId\": \"QUVTOiBHYkVFQTgwOGt5N0tzSTQvN0pUQ0w3enE1YjVUZVg0S1pVL2d4V0JodXhZPQ==\",\n          \"acctIdMasked\": \"****************   1\"\n        },\n        \"bankId\": \"001\",\n        \"cardTypeCode\": \"W\"\n      },\n      \"shortName\": \"MARTINEZ T C\"\n    },\n    {\n      \"cardAcctInfo\": {\n        \"cardAcctId\": {\n          \"acctId\": \"QUVTOiBRTGhXR1pIZVd5NkF5WGREUTROckpaT016c3BxT3c1SmFlVHlzd05Dc0pvPQ==\",\n          \"acctIdMasked\": \"****************   1\"\n        },\n        \"bankId\": \"001\",\n        \"cardTypeCode\": \"I\"\n      },\n      \"shortName\": \"CASTLE RICHARD\"\n    },\n    {\n      \"cardAcctInfo\": {\n        \"cardAcctId\": {\n          \"acctId\": \"QUVTOiA3RFpqK0xneCtLdDhqTUJiOUhuUlBNRlgxVC9yS3RXT25QMllwSDJPeXJnPQ==\",\n          \"acctIdMasked\": \"****************4541\"\n        },\n        \"bankId\": \"001\",\n        \"cardTypeCode\": \"I\"\n      },\n      \"shortName\": \"XIAN MIKE\"\n    }\n  ]\n}","cookie":[],"_postman_previewlanguage":"json"},{"id":"ecfd5d10-ab66-4f41-8b55-be28549f78d3","name":"Unauthorized","originalRequest":{"url":{"path":["cards","cardacctlist","inq"],"host":["{{baseUrl}}"],"query":[],"variable":[]},"header":[{"disabled":false,"description":"(Required) Name of the application","key":"application-name","value":"Swagger"},{"disabled":false,"description":"(Required) ","key":"x-apikey","value":"2MWVAWF2xZz0eNQUK0NVhwpWYkr7gehG"}],"method":"POST","body":{"mode":"raw","raw":"{\n  \"rqUID\": {\n    \"rqUID\": \"3fa85f64-5717-4562-b3fc-2c963f66afa6\"\n  },\n  \"recCtrlIn\": {\n    \"maxRec\": 0,\n    \"cursor\": \"99\"\n  }\n}","options":{"raw":{"language":"json"}}}},"status":"Unauthorized","code":401,"header":[{"key":"Content-Type","value":"text/plain"}],"body":"","cookie":[],"_postman_previewlanguage":"text"},{"id":"bb0f0897-8f41-4cab-9d3f-0ec7e7d856fa","name":"Forbidden","originalRequest":{"url":{"path":["cards","cardacctlist","inq"],"host":["{{baseUrl}}"],"query":[],"variable":[]},"header":[{"disabled":false,"description":"(Required) Name of the application","key":"application-name","value":"Swagger"},{"disabled":false,"description":"(Required) ","key":"x-apikey","value":"2MWVAWF2xZz0eNQUK0NVhwpWYkr7gehG"}],"method":"POST","body":{"mode":"raw","raw":"{\n  \"rqUID\": {\n    \"rqUID\": \"3fa85f64-5717-4562-b3fc-2c963f66afa6\"\n  },\n  \"recCtrlIn\": {\n    \"maxRec\": 0,\n    \"cursor\": \"99\"\n  }\n}","options":{"raw":{"language":"json"}}}},"status":"Forbidden","code":403,"header":[{"key":"Content-Type","value":"text/plain"}],"body":"","cookie":[],"_postman_previewlanguage":"text"},{"id":"00a7b84e-2786-4ffa-853d-a2e43d2524c1","name":"Not Found","originalRequest":{"url":{"path":["cards","cardacctlist","inq"],"host":["{{baseUrl}}"],"query":[],"variable":[]},"header":[{"disabled":false,"description":"(Required) Name of the application","key":"application-name","value":"Swagger"},{"disabled":false,"description":"(Required) ","key":"x-apikey","value":"2MWVAWF2xZz0eNQUK0NVhwpWYkr7gehG"}],"method":"POST","body":{"mode":"raw","raw":"{\n  \"rqUID\": {\n    \"rqUID\": \"3fa85f64-5717-4562-b3fc-2c963f66afa6\"\n  },\n  \"recCtrlIn\": {\n    \"maxRec\": 0,\n    \"cursor\": \"99\"\n  }\n}","options":{"raw":{"language":"json"}}}},"status":"Not Found","code":404,"header":[{"key":"Content-Type","value":"text/plain"}],"body":"","cookie":[],"_postman_previewlanguage":"text"},{"id":"207b933d-08ef-4c0f-91c3-52f182d1d398","name":"Internal Server Error","originalRequest":{"url":{"path":["cards","cardacctlist","inq"],"host":["{{baseUrl}}"],"query":[],"variable":[]},"header":[{"disabled":false,"description":"(Required) Name of the application","key":"application-name","value":"Swagger"},{"disabled":false,"description":"(Required) ","key":"x-apikey","value":"2MWVAWF2xZz0eNQUK0NVhwpWYkr7gehG"}],"method":"POST","body":{"mode":"raw","raw":"{\n  \"rqUID\": {\n    \"rqUID\": \"3fa85f64-5717-4562-b3fc-2c963f66afa6\"\n  },\n  \"recCtrlIn\": {\n    \"maxRec\": 0,\n    \"cursor\": \"99\"\n  }\n}","options":{"raw":{"language":"json"}}}},"status":"Internal Server Error","code":500,"header":[{"key":"Content-Type","value":"application/json"}],"body":"{\n  \"status\": {\n    \"statusCode\": 95294557,\n    \"statusDesc\": \"nisi ex Duis\",\n    \"supportUID\": \"urn:uuid:906a2f20-8f94-a754-9fba-248ae74d4095\",\n    \"supportDescription\": \"ea culpa irure\",\n    \"errorCount\": -15769841,\n    \"warningCount\": -79987903,\n    \"errors\": [\n      {\n        \"source\": \"cillum voluptate\",\n        \"errNum\": \"in\",\n        \"errDesc\": \"Lorem deserunt\",\n        \"errDtl\": \"ex dolor labore ut qui\",\n        \"errField\": \"irure Lorem ex esse m\",\n        \"errType\": \"L\",\n        \"errTagName\": \"n\",\n        \"hostErrCode\": \"in e\",\n        \"useCode\": \"su\",\n        \"supportUID\": \"urn:uuid:d4055613-3c50-8f19-3edf-0f15e5e2e8d6\",\n        \"rows\": [\n          88237791,\n          -62278747\n        ]\n      },\n      {\n        \"source\": \"a\",\n        \"errNum\": \"non\",\n        \"errDesc\": \"laborum velit\",\n        \"errDtl\": \"sunt incididunt dolore eiusmod cillum\",\n        \"errField\": \"\",\n        \"errType\": \"d\",\n        \"errTagName\": \"consequ\",\n        \"hostErrCode\": \"ir\",\n        \"useCode\": \"c\",\n        \"supportUID\": \"urn:uuid:8bafea49-d659-08f4-a9d7-ef94106ca437\",\n        \"rows\": [\n          -21487953,\n          95812013\n        ]\n      }\n    ],\n    \"warnings\": [\n      {\n        \"source\": \"D\",\n        \"errNum\": \"eu eiusmod mollit Excepteur\",\n        \"errDesc\": \"ut\",\n        \"errDtl\": \"minim e\",\n        \"errField\": \"Lorem id\",\n        \"errType\": \"a\",\n        \"errTagName\": \"esse aute mollit sun\",\n        \"hostErrCode\": \"vol\",\n        \"useCode\": \"c\",\n        \"supportUID\": \"ad35c77c-6b39-4748-f1da-d22eecade3f3\",\n        \"rows\": [\n          39951864,\n          -64976325\n        ]\n      },\n      {\n        \"source\": \"cupidatat eiu\",\n        \"errNum\": \"voluptate\",\n        \"errDesc\": \"anim dolor adipisic\",\n        \"errDtl\": \"do\",\n        \"errField\": \"sint ipsum aliq\",\n        \"errType\": \"i\",\n        \"errTagName\": \"mollit\",\n        \"hostErrCode\": \"\",\n        \"useCode\": \"ea\",\n        \"supportUID\": \"urn:uuid:f607e219-02d5-7066-1dea-0f48e6299d79\",\n        \"rows\": [\n          -41915866,\n          489370\n        ]\n      }\n    ]\n  }\n}","cookie":[],"_postman_previewlanguage":"json"}],"event":[],"protocolProfileBehavior":{"disableBodyPruning":true}},{"id":"f1cdd7fb-1a5d-49d0-b61c-eb95bfbfd7da","name":"inq Card Acct","request":{"name":"inq Card Acct","description":{"content":"Enquire on card","type":"text/plain"},"url":{"path":["cards","cardacct","inq"],"host":["{{baseUrl}}"],"query":[],"variable":[]},"header":[{"disabled":false,"description":"(Required) Name of the application","key":"application-name","value":"Swagger"},{"disabled":false,"description":"(Required) ","key":"x-apikey","value":"2MWVAWF2xZz0eNQUK0NVhwpWYkr7gehG"},{"key":"Content-Type","value":"application/json"},{"key":"Accept","value":"application/json"}],"method":"POST","auth":null,"body":{"mode":"raw","raw":"{\n  \"custId\": {\n    \"custPermId\": \"0000002032\"\n  },\n  \"cardAcctId\": {\n    \"acctId\": \"7777770000000137   1\",\n    \"acctType\": \"SV\"\n  }\n}","options":{"raw":{"language":"json"}}}},"response":[{"id":"64a21dff-1cf3-4d5b-a6bb-0568adeb2f92","name":"Card account details response","originalRequest":{"url":{"path":["cards","cardacct","inq"],"host":["{{baseUrl}}"],"query":[],"variable":[]},"header":[{"disabled":false,"description":"(Required) Name of the application","key":"application-name","value":"Swagger"},{"disabled":false,"description":"(Required) ","key":"x-apikey","value":"2MWVAWF2xZz0eNQUK0NVhwpWYkr7gehG"}],"method":"POST","body":{"mode":"raw","raw":"{\n  \"custId\": {\n    \"custPermId\": \"0000002032\"\n  },\n  \"cardAcctId\": {\n    \"acctId\": \"7777770000000137   1\",\n    \"acctType\": \"SV\"\n  }\n}","options":{"raw":{"language":"json"}}}},"status":"OK","code":200,"header":[{"key":"Content-Type","value":"application/json"}],"body":"{\n  \"rqUID\": {},\n  \"status\": {\n    \"statusCode\": 0,\n    \"statusDesc\": \"Success\"\n  },\n  \"custId\": {\n    \"custPermId\": \"QUVTOiBlTG5zempWSjJaZGh6bE9RTzB6MS9RPT0=\",\n    \"custPermIdMasked\": \"******2032\"\n  },\n  \"cardAcctId\": {\n    \"acctId\": \"QUVTOiBZbUk1d3VjRlRTOGFKSlBjR2JPbDBSYW9vcWxHOVRrN3M5MFNMRTF5YWQ4PQ==\",\n    \"acctIdMasked\": \"****************1\",\n    \"acctType\": \"SV\"\n  },\n  \"cardAcctDtlInfo\": {\n    \"shortName\": \"ASHOK AMIT\",\n    \"custId\": {\n      \"custPermId\": \"QUVTOiBlTG5zempWSjJaZGh6bE9RTzB6MS9RPT0=\",\n      \"custPermIdMasked\": \"******2032\"\n    },\n    \"cardAcctId\": {\n      \"acctId\": \"QUVTOiBZbUk1d3VjRlRTOGFKSlBjR2JPbDBSYW9vcWxHOVRrN3M5MFNMRTF5YWQ4PQ==\",\n      \"acctIdMasked\": \"****************   1\"\n    },\n    \"cardTypeCode\": \"*\",\n    \"cardStatusCode\": \"4 - Blocked\",\n    \"langCode\": \"2\",\n    \"vipClass\": \"1\",\n    \"wdBalOverrideFlag\": true,\n    \"cardGenNum\": 1,\n    \"cardGenNxtCycleFlag\": true,\n    \"pinMailerNxtCycleCode\": \"NO\",\n    \"waiveTrnFeeFlag\": true,\n    \"waiveCardFeeFlag\": true,\n    \"thirdPartyXferFlag\": true,\n    \"tMAcctMandateFlag\": false,\n    \"processOptFlag4\": false,\n    \"processOptFlag6\": false,\n    \"processOptFlag8\": false,\n    \"processOptFlag9\": false,\n    \"expirationSpecDay\": \"16\",\n    \"openDt\": \"2022-08-17\",\n    \"cardExpDt\": \"2023-09-16\",\n    \"nextCardReissueDt\": \"2023-09-14\",\n    \"nextPINIssueDt\": \"2022-08-22\",\n    \"embossingName\": \"Gaurav\",\n    \"statusCurrentCode\": \"\",\n    \"statusRequestCode\": \"\",\n    \"remoteBankingFlag\": false,\n    \"bankId\": \"001\"\n  }\n}","cookie":[],"_postman_previewlanguage":"json"},{"id":"9e15fe7e-7188-4ca5-a383-170249aca6ad","name":"Unauthorized","originalRequest":{"url":{"path":["cards","cardacct","inq"],"host":["{{baseUrl}}"],"query":[],"variable":[]},"header":[{"disabled":false,"description":"(Required) Name of the application","key":"application-name","value":"Swagger"},{"disabled":false,"description":"(Required) ","key":"x-apikey","value":"2MWVAWF2xZz0eNQUK0NVhwpWYkr7gehG"}],"method":"POST","body":{"mode":"raw","raw":"{\n  \"custId\": {\n    \"custPermId\": \"0000002032\"\n  },\n  \"cardAcctId\": {\n    \"acctId\": \"7777770000000137   1\",\n    \"acctType\": \"SV\"\n  }\n}","options":{"raw":{"language":"json"}}}},"status":"Unauthorized","code":401,"header":[{"key":"Content-Type","value":"text/plain"}],"body":"","cookie":[],"_postman_previewlanguage":"text"},{"id":"5d8862bf-a360-4054-b06e-fdb8439f5961","name":"Forbidden","originalRequest":{"url":{"path":["cards","cardacct","inq"],"host":["{{baseUrl}}"],"query":[],"variable":[]},"header":[{"disabled":false,"description":"(Required) Name of the application","key":"application-name","value":"Swagger"},{"disabled":false,"description":"(Required) ","key":"x-apikey","value":"2MWVAWF2xZz0eNQUK0NVhwpWYkr7gehG"}],"method":"POST","body":{"mode":"raw","raw":"{\n  \"custId\": {\n    \"custPermId\": \"0000002032\"\n  },\n  \"cardAcctId\": {\n    \"acctId\": \"7777770000000137   1\",\n    \"acctType\": \"SV\"\n  }\n}","options":{"raw":{"language":"json"}}}},"status":"Forbidden","code":403,"header":[{"key":"Content-Type","value":"text/plain"}],"body":"","cookie":[],"_postman_previewlanguage":"text"},{"id":"d64951b7-eb1e-4d36-945f-727ff1d9dc25","name":"Not Found","originalRequest":{"url":{"path":["cards","cardacct","inq"],"host":["{{baseUrl}}"],"query":[],"variable":[]},"header":[{"disabled":false,"description":"(Required) Name of the application","key":"application-name","value":"Swagger"},{"disabled":false,"description":"(Required) ","key":"x-apikey","value":"2MWVAWF2xZz0eNQUK0NVhwpWYkr7gehG"}],"method":"POST","body":{"mode":"raw","raw":"{\n  \"custId\": {\n    \"custPermId\": \"0000002032\"\n  },\n  \"cardAcctId\": {\n    \"acctId\": \"7777770000000137   1\",\n    \"acctType\": \"SV\"\n  }\n}","options":{"raw":{"language":"json"}}}},"status":"Not Found","code":404,"header":[{"key":"Content-Type","value":"text/plain"}],"body":"","cookie":[],"_postman_previewlanguage":"text"},{"id":"69feb0e7-2679-4005-954e-685caad83cc3","name":"Internal Server Error","originalRequest":{"url":{"path":["cards","cardacct","inq"],"host":["{{baseUrl}}"],"query":[],"variable":[]},"header":[{"disabled":false,"description":"(Required) Name of the application","key":"application-name","value":"Swagger"},{"disabled":false,"description":"(Required) ","key":"x-apikey","value":"2MWVAWF2xZz0eNQUK0NVhwpWYkr7gehG"}],"method":"POST","body":{"mode":"raw","raw":"{\n  \"custId\": {\n    \"custPermId\": \"0000002032\"\n  },\n  \"cardAcctId\": {\n    \"acctId\": \"7777770000000137   1\",\n    \"acctType\": \"SV\"\n  }\n}","options":{"raw":{"language":"json"}}}},"status":"Internal Server Error","code":500,"header":[{"key":"Content-Type","value":"application/json"}],"body":"{\n  \"status\": {\n    \"statusCode\": 95294557,\n    \"statusDesc\": \"nisi ex Duis\",\n    \"supportUID\": \"urn:uuid:906a2f20-8f94-a754-9fba-248ae74d4095\",\n    \"supportDescription\": \"ea culpa irure\",\n    \"errorCount\": -15769841,\n    \"warningCount\": -79987903,\n    \"errors\": [\n      {\n        \"source\": \"cillum voluptate\",\n        \"errNum\": \"in\",\n        \"errDesc\": \"Lorem deserunt\",\n        \"errDtl\": \"ex dolor labore ut qui\",\n        \"errField\": \"irure Lorem ex esse m\",\n        \"errType\": \"L\",\n        \"errTagName\": \"n\",\n        \"hostErrCode\": \"in e\",\n        \"useCode\": \"su\",\n        \"supportUID\": \"urn:uuid:d4055613-3c50-8f19-3edf-0f15e5e2e8d6\",\n        \"rows\": [\n          88237791,\n          -62278747\n        ]\n      },\n      {\n        \"source\": \"a\",\n        \"errNum\": \"non\",\n        \"errDesc\": \"laborum velit\",\n        \"errDtl\": \"sunt incididunt dolore eiusmod cillum\",\n        \"errField\": \"\",\n        \"errType\": \"d\",\n        \"errTagName\": \"consequ\",\n        \"hostErrCode\": \"ir\",\n        \"useCode\": \"c\",\n        \"supportUID\": \"urn:uuid:8bafea49-d659-08f4-a9d7-ef94106ca437\",\n        \"rows\": [\n          -21487953,\n          95812013\n        ]\n      }\n    ],\n    \"warnings\": [\n      {\n        \"source\": \"D\",\n        \"errNum\": \"eu eiusmod mollit Excepteur\",\n        \"errDesc\": \"ut\",\n        \"errDtl\": \"minim e\",\n        \"errField\": \"Lorem id\",\n        \"errType\": \"a\",\n        \"errTagName\": \"esse aute mollit sun\",\n        \"hostErrCode\": \"vol\",\n        \"useCode\": \"c\",\n        \"supportUID\": \"ad35c77c-6b39-4748-f1da-d22eecade3f3\",\n        \"rows\": [\n          39951864,\n          -64976325\n        ]\n      },\n      {\n        \"source\": \"cupidatat eiu\",\n        \"errNum\": \"voluptate\",\n        \"errDesc\": \"anim dolor adipisic\",\n        \"errDtl\": \"do\",\n        \"errField\": \"sint ipsum aliq\",\n        \"errType\": \"i\",\n        \"errTagName\": \"mollit\",\n        \"hostErrCode\": \"\",\n        \"useCode\": \"ea\",\n        \"supportUID\": \"urn:uuid:f607e219-02d5-7066-1dea-0f48e6299d79\",\n        \"rows\": [\n          -41915866,\n          489370\n        ]\n      }\n    ]\n  }\n}","cookie":[],"_postman_previewlanguage":"json"}],"event":[],"protocolProfileBehavior":{"disableBodyPruning":true}}],"event":[]},{"id":"8e2bbf9e-31c8-4f95-b52b-17a0478bd033","name":"Customer Card","description":{"content":"","type":"text/plain"},"item":[{"id":"68f7771b-6236-47a9-a637-f1b783790bdc","name":"inq Card Acct Trn","request":{"name":"inq Card Acct Trn","description":{"content":"Enquire on transaction for a card account","type":"text/plain"},"url":{"path":["cards","cardaccttrn","inq"],"host":["{{baseUrl}}"],"query":[],"variable":[]},"header":[{"disabled":false,"description":"(Required) Name of the application","key":"application-name","value":"Swagger"},{"disabled":false,"description":"(Required) ","key":"x-apikey","value":"2MWVAWF2xZz0eNQUK0NVhwpWYkr7gehG"},{"key":"Content-Type","value":"application/json"},{"key":"Accept","value":"application/json"}],"method":"POST","auth":null,"body":{"mode":"raw","raw":"{\n  \"recCtrlIn\": {\n    \"maxRec\": 0,\n    \"cursor\": \"99\"\n  },\n  \"custId\": {\n    \"custPermId\": \"0000002032\"\n  },\n  \"cardAcctId\": {\n    \"acctId\": \"7777770000000137   1\",\n    \"acctType\": \"SV\"\n  },\n  \"filterDate\": \"2022-08-17\",\n  \"filterTime\": \" \"\n}","options":{"raw":{"language":"json"}}}},"response":[{"id":"715acc37-dce7-415d-a0bd-09f32554c1aa","name":"Card account transaction detail response","originalRequest":{"url":{"path":["cards","cardaccttrn","inq"],"host":["{{baseUrl}}"],"query":[],"variable":[]},"header":[{"disabled":false,"description":"(Required) Name of the application","key":"application-name","value":"Swagger"},{"disabled":false,"description":"(Required) ","key":"x-apikey","value":"2MWVAWF2xZz0eNQUK0NVhwpWYkr7gehG"}],"method":"POST","body":{"mode":"raw","raw":"{\n  \"recCtrlIn\": {\n    \"maxRec\": 0,\n    \"cursor\": \"99\"\n  },\n  \"custId\": {\n    \"custPermId\": \"0000002032\"\n  },\n  \"cardAcctId\": {\n    \"acctId\": \"7777770000000137   1\",\n    \"acctType\": \"SV\"\n  },\n  \"filterDate\": \"2022-08-17\",\n  \"filterTime\": \" \"\n}","options":{"raw":{"language":"json"}}}},"status":"OK","code":200,"header":[{"key":"Content-Type","value":"application/json"}],"body":"{\n  \"rqUID\": {},\n  \"status\": {\n    \"statusCode\": 0,\n    \"statusDesc\": \"Success\"\n  },\n  \"recCtrlOut\": {\n    \"matchedRec\": 0,\n    \"sentRec\": 0,\n    \"cursor\": \"00000000000000\"\n  },\n  \"custId\": {\n    \"custPermId\": \"QUVTOiA3R3ozSEJQOHI3MG5kSzdNOVh3RGxnPT0=\",\n    \"custPermIdMasked\": \"******2032\"\n  },\n  \"cardAcctId\": {\n    \"acctId\": \"QUVTOiAwaWp6bnlLcXQrMkZ4aDdBaGY3Z3JMbXh6dUZMdHgzOWxXK05BZTdSZFVJPQ==\",\n    \"acctIdMasked\": \"****************   1\",\n    \"acctType\": \"SV\"\n  },\n  \"filterDate\": \"2022-08-17\",\n  \"filterTime\": \" \",\n  \"cardAcctTrnRecs\": []\n}","cookie":[],"_postman_previewlanguage":"json"},{"id":"b303426d-b65e-46cf-af06-0e750b08f00a","name":"Unauthorized","originalRequest":{"url":{"path":["cards","cardaccttrn","inq"],"host":["{{baseUrl}}"],"query":[],"variable":[]},"header":[{"disabled":false,"description":"(Required) Name of the application","key":"application-name","value":"Swagger"},{"disabled":false,"description":"(Required) ","key":"x-apikey","value":"2MWVAWF2xZz0eNQUK0NVhwpWYkr7gehG"}],"method":"POST","body":{"mode":"raw","raw":"{\n  \"recCtrlIn\": {\n    \"maxRec\": 0,\n    \"cursor\": \"99\"\n  },\n  \"custId\": {\n    \"custPermId\": \"0000002032\"\n  },\n  \"cardAcctId\": {\n    \"acctId\": \"7777770000000137   1\",\n    \"acctType\": \"SV\"\n  },\n  \"filterDate\": \"2022-08-17\",\n  \"filterTime\": \" \"\n}","options":{"raw":{"language":"json"}}}},"status":"Unauthorized","code":401,"header":[{"key":"Content-Type","value":"text/plain"}],"body":"","cookie":[],"_postman_previewlanguage":"text"},{"id":"9be6469a-a219-4fe5-b65f-8ddf4bca8069","name":"Forbidden","originalRequest":{"url":{"path":["cards","cardaccttrn","inq"],"host":["{{baseUrl}}"],"query":[],"variable":[]},"header":[{"disabled":false,"description":"(Required) Name of the application","key":"application-name","value":"Swagger"},{"disabled":false,"description":"(Required) ","key":"x-apikey","value":"2MWVAWF2xZz0eNQUK0NVhwpWYkr7gehG"}],"method":"POST","body":{"mode":"raw","raw":"{\n  \"recCtrlIn\": {\n    \"maxRec\": 0,\n    \"cursor\": \"99\"\n  },\n  \"custId\": {\n    \"custPermId\": \"0000002032\"\n  },\n  \"cardAcctId\": {\n    \"acctId\": \"7777770000000137   1\",\n    \"acctType\": \"SV\"\n  },\n  \"filterDate\": \"2022-08-17\",\n  \"filterTime\": \" \"\n}","options":{"raw":{"language":"json"}}}},"status":"Forbidden","code":403,"header":[{"key":"Content-Type","value":"text/plain"}],"body":"","cookie":[],"_postman_previewlanguage":"text"},{"id":"ec78ea60-2c15-4e2f-a6e7-b0e44a2df157","name":"Not Found","originalRequest":{"url":{"path":["cards","cardaccttrn","inq"],"host":["{{baseUrl}}"],"query":[],"variable":[]},"header":[{"disabled":false,"description":"(Required) Name of the application","key":"application-name","value":"Swagger"},{"disabled":false,"description":"(Required) ","key":"x-apikey","value":"2MWVAWF2xZz0eNQUK0NVhwpWYkr7gehG"}],"method":"POST","body":{"mode":"raw","raw":"{\n  \"recCtrlIn\": {\n    \"maxRec\": 0,\n    \"cursor\": \"99\"\n  },\n  \"custId\": {\n    \"custPermId\": \"0000002032\"\n  },\n  \"cardAcctId\": {\n    \"acctId\": \"7777770000000137   1\",\n    \"acctType\": \"SV\"\n  },\n  \"filterDate\": \"2022-08-17\",\n  \"filterTime\": \" \"\n}","options":{"raw":{"language":"json"}}}},"status":"Not Found","code":404,"header":[{"key":"Content-Type","value":"text/plain"}],"body":"","cookie":[],"_postman_previewlanguage":"text"},{"id":"5a2de522-c21a-4304-8469-8c5d97dd7ac1","name":"Internal Server Error","originalRequest":{"url":{"path":["cards","cardaccttrn","inq"],"host":["{{baseUrl}}"],"query":[],"variable":[]},"header":[{"disabled":false,"description":"(Required) Name of the application","key":"application-name","value":"Swagger"},{"disabled":false,"description":"(Required) ","key":"x-apikey","value":"2MWVAWF2xZz0eNQUK0NVhwpWYkr7gehG"}],"method":"POST","body":{"mode":"raw","raw":"{\n  \"recCtrlIn\": {\n    \"maxRec\": 0,\n    \"cursor\": \"99\"\n  },\n  \"custId\": {\n    \"custPermId\": \"0000002032\"\n  },\n  \"cardAcctId\": {\n    \"acctId\": \"7777770000000137   1\",\n    \"acctType\": \"SV\"\n  },\n  \"filterDate\": \"2022-08-17\",\n  \"filterTime\": \" \"\n}","options":{"raw":{"language":"json"}}}},"status":"Internal Server Error","code":500,"header":[{"key":"Content-Type","value":"application/json"}],"body":"{\n  \"status\": {\n    \"statusCode\": 56907376,\n    \"statusDesc\": \"aute\",\n    \"supportUID\": \"65a03086-2517-0b58-ef45-36df7a9438a6\",\n    \"supportDescription\": \"minim et veniam culpa\",\n    \"errorCount\": 25261151,\n    \"warningCount\": -75789152,\n    \"errors\": [\n      {\n        \"source\": \"a\",\n        \"errNum\": \"amet\",\n        \"errDesc\": \"irure sint\",\n        \"errDtl\": \"veniam commodo sed fugiat Duis\",\n        \"errField\": \"esse laboris in quis Ex\",\n        \"errType\": \"e\",\n        \"errTagName\": \"ut elit ex est\",\n        \"hostErrCode\": \"aliqua \",\n        \"useCode\": \"oc\",\n        \"supportUID\": \"b46a1860-098c-aa1f-38ab-1a1095227718\",\n        \"rows\": [\n          5578230,\n          -51629342\n        ]\n      },\n      {\n        \"source\": \"in ut do\",\n        \"errNum\": \"laboris Ut\",\n        \"errDesc\": \"sint in ut tempor \",\n        \"errDtl\": \"in eiusmod sint Lorem\",\n        \"errField\": \"in consectetur dolor \",\n        \"errType\": \"u\",\n        \"errTagName\": \"aliquip sit occa\",\n        \"hostErrCode\": \"nostr\",\n        \"useCode\": \"i\",\n        \"supportUID\": \"bd82fdc3-9f9f-9ead-8d86-d2ea84b5c7ec\",\n        \"rows\": [\n          -56779388,\n          60960971\n        ]\n      }\n    ],\n    \"warnings\": [\n      {\n        \"source\": \"nulla velit eu\",\n        \"errNum\": \"ex ad magna amet\",\n        \"errDesc\": \"ip\",\n        \"errDtl\": \"et fugiat dolore dolore\",\n        \"errField\": \"dolor nulla\",\n        \"errType\": \"c\",\n        \"errTagName\": \"c\",\n        \"hostErrCode\": \"cu\",\n        \"useCode\": \"c\",\n        \"supportUID\": \"b103252d-764d-17a3-9f9a-6bf424283b40\",\n        \"rows\": [\n          -7603557,\n          -33395463\n        ]\n      },\n      {\n        \"source\": \"ea Duis\",\n        \"errNum\": \"ad cupidatat sint\",\n        \"errDesc\": \"laborum\",\n        \"errDtl\": \"aliquip consectetur\",\n        \"errField\": \"in \",\n        \"errType\": \"u\",\n        \"errTagName\": \"quis ve\",\n        \"hostErrCode\": \"velit \",\n        \"useCode\": \"\",\n        \"supportUID\": \"b1c221df-0034-d558-6172-33f194964a02\",\n        \"rows\": [\n          -51620965,\n          -60125241\n        ]\n      }\n    ]\n  }\n}","cookie":[],"_postman_previewlanguage":"json"}],"event":[],"protocolProfileBehavior":{"disableBodyPruning":true}}],"event":[]}],"event":[],"variable":[{"type":"string","value":"https://int.latam.api.fiservapps.com/latam/sandbox/banking/v2","key":"baseUrl"}],"info":{"_postman_id":"dc2e3c7c-93a2-4e95-bfbb-ec805c21b778","name":"Signature? Debit Card Service - API Documentation","schema":"https://schema.getpostman.com/json/collection/v2.1.0/collection.json","description":{"content":"This documentation describes the REST APIs provided by the Debit Card Service of Signature?, which provides specific resources and operations for Debit Card\n\nContact Support:\n Name: API Support\n Email: Siva.Dasari@fiserv.com","type":"text/plain"}}}