{"item":[{"id":"ac3258b5-bb99-4c8f-ba61-bb568e6d35b1","name":"address","item":[{"id":"22c9f8e7-7505-4d09-8ff3-88940cd64a6f","name":"Update Address.","request":{"name":"Update Address.","description":{"content":"Modifies the existing address record associated with the financial account or Party.  <br> For more information about the Accountholder domain, <a href=\"../docs/?path=docs/fintechs/accountholder.md\" title=\"Click to open\">click here.</a> <br><br> <b>Relates to:</b>\n  <ul> \n    <li><a href=\"../docs/?path=docs/banks-and-CU/deposits.md\" title=\"Click to open\">Deposits</a></li>\n    <li><a href=\"../docs/?path=docs/banks-and-CU/loans.md\" title=\"Click to open\">Loans</a></li>\n    <li><a href=\"../docs/?path=docs/banks-and-CU/bank-servicing.md\" title=\"Click to open\">Bank Servicing</a></li>\n  </ul>","type":"text/plain"},"url":{"path":["address"],"host":["{{baseUrl}}"],"query":[],"variable":[]},"header":[{"disabled":false,"description":"(Required) EFX Header is a common and required component for all API calls, it contains authentication and client-related parameters. Please note that the header parameters should be sent as a JSON object under the EFXHeader parameter. To view the list of header parameters, <a href=\"../docs?path=docs/api-ref-EFX-header.md\" title=\"Click to open\"> click here.</a>","key":"EFXHeader","value":"OrganizationId,<string>,TrnId,<string>,VendorId,<string>,Context,[object Object]"},{"key":"Content-Type","value":"application/json"},{"key":"Accept","value":"application/json"}],"method":"PUT","auth":null,"body":{"mode":"raw","raw":"{\n  \"AddrInfo\": {\n    \"PostAddr\": [\n      {\n        \"value\": \"<Error: Could not resolve allOf schema\"\n      },\n      {\n        \"value\": \"<Error: Could not resolve allOf schema\"\n      }\n    ],\n    \"AddrRelRef\": [\n      {\n        \"PartyKeys\": {\n          \"PartyId\": \"<string>\"\n        },\n        \"AcctKeys\": {\n          \"AcctId\": \"<string>\",\n          \"AcctType\": \"<string>\"\n        },\n        \"AddrUse\": \"<string>\"\n      },\n      {\n        \"PartyKeys\": {\n          \"PartyId\": \"<string>\"\n        },\n        \"AcctKeys\": {\n          \"AcctId\": \"<string>\",\n          \"AcctType\": \"<string>\"\n        },\n        \"AddrUse\": \"<string>\"\n      }\n    ]\n  },\n  \"AddrKeys\": {\n    \"AddrId\": \"<string>\",\n    \"AddressIdent\": \"<string>\",\n    \"AddrType\": \"<string>\"\n  },\n  \"OvrdAutoAckInd\": \"<boolean>\",\n  \"OvrdExceptionData\": {\n    \"OverrideException\": [\n      {\n        \"SubjectRole\": \"<string>\",\n        \"SubjectIdent\": \"<string>\",\n        \"OvrdExceptionCode\": \"<string>\",\n        \"OvrdElement\": \"<object>\"\n      },\n      {\n        \"SubjectRole\": \"<string>\",\n        \"SubjectIdent\": \"<string>\",\n        \"OvrdExceptionCode\": \"<string>\",\n        \"OvrdElement\": \"<object>\"\n      }\n    ]\n  }\n}","options":{"raw":{"language":"json"}}}},"response":[{"id":"def8a951-4492-49c5-ac85-a7c2805c0731","name":"Ok","originalRequest":{"url":{"path":["address"],"host":["{{baseUrl}}"],"query":[],"variable":[]},"header":[{"disabled":false,"description":"(Required) EFX Header is a common and required component for all API calls, it contains authentication and client-related parameters. Please note that the header parameters should be sent as a JSON object under the EFXHeader parameter. To view the list of header parameters, <a href=\"../docs?path=docs/api-ref-EFX-header.md\" title=\"Click to open\"> click here.</a>","key":"EFXHeader","value":"{ \"TrnId\": \"f262cfa4-9da4-4a10-b48c-2e947ce3e66c\", \"OrganizationId\": \"PRMOrg10\", \"VendorId\": \"112233\", \"Context\":{ \"Channel\": \"WEB\" } }"},{"key":"Accept","value":"application/json"}],"method":"PUT","body":{"mode":"raw","raw":"{\n  \"AddrKeys\": {\n    \"AddrId\": \"2277\"\n  },\n  \"AddrInfo\": {\n    \"PostAddr\": [\n      {\n        \"OpenDt\": \"2021-07-05\",\n        \"RelationshipMgr\": [\n          {\n            \"RelationshipMgrIdent\": \"10\",\n            \"RelationshipRole\": \"Officer\"\n          },\n          {\n            \"RelationshipMgrIdent\": \"1\",\n            \"RelationshipRole\": \"ReferralOfficer\"\n          }\n        ],\n        \"OriginatingBranch\": \"2\",\n        \"ResponsibleBranch\": \"3\",\n        \"AddrFormatType\": \"Parsed\",\n        \"Addr1\": \"Anil Tanakala Society\",\n        \"Addr2\": \"Tanakala 4\",\n        \"City\": \"AnilTanakala 4\",\n        \"StateProv\": \"MO\",\n        \"PostalCode\": \"63366-1234\",\n        \"CountryCode\": {\n          \"CountryCodeSource\": \"SPCountryCode\",\n          \"CountryCodeValue\": \"52\"\n        },\n        \"AddrType\": \"Seasonal\",\n        \"TimeFrame\": {\n          \"StartDt\": \"2017-06-06\",\n          \"EndDt\": \"2019-05-05\"\n        },\n        \"Retention\": false,\n        \"CensusTract\": \"20\",\n        \"CensusBlock\": \"10\",\n        \"ForeignFlag\": false,\n        \"HandlingCode\": \"1\",\n        \"MSACode\": 21\n      },\n      {\n        \"OpenDt\": \"2021-07-05\",\n        \"RelationshipMgr\": [\n          {\n            \"RelationshipMgrIdent\": \"10\",\n            \"RelationshipRole\": \"Officer\"\n          },\n          {\n            \"RelationshipMgrIdent\": \"1\",\n            \"RelationshipRole\": \"ReferralOfficer\"\n          }\n        ],\n        \"OriginatingBranch\": \"2\",\n        \"ResponsibleBranch\": \"3\",\n        \"AddrFormatType\": \"Parsed\",\n        \"Addr1\": \"Anil Tanakala Society\",\n        \"Addr2\": \"Tanakala 4\",\n        \"City\": \"AnilTanakala 4\",\n        \"StateProv\": \"MO\",\n        \"PostalCode\": \"63366-1234\",\n        \"CountryCode\": {\n          \"CountryCodeSource\": \"SPCountryCode\",\n          \"CountryCodeValue\": \"52\"\n        },\n        \"AddrType\": \"Primary\",\n        \"TimeFrame\": {\n          \"StartDt\": \"2017-06-06\",\n          \"EndDt\": \"2019-05-05\"\n        },\n        \"Retention\": false,\n        \"CensusTract\": \"20\",\n        \"CensusBlock\": \"10\",\n        \"ForeignFlag\": false,\n        \"HandlingCode\": \"1\",\n        \"MSACode\": 21\n      }\n    ]\n  }\n}","options":{"raw":{"language":"json"}}}},"status":"OK","code":200,"header":[{"key":"Content-Type","value":"application/json"}],"body":"{\n  \"Status\": {\n    \"StatusCode\": \"0\",\n    \"StatusDesc\": \"Success\",\n    \"Severity\": \"Info\",\n    \"SvcProviderName\": \"Premier\"\n  },\n  \"AddrStatusRec\": {\n    \"AddrKeys\": {\n      \"AddrId\": \"2277\"\n    },\n    \"AddrStatus\": {\n      \"AddrStatusCode\": \"Valid\",\n      \"EffDt\": \"2021-12-31T23:59:59.999\"\n    }\n  }\n}","cookie":[],"_postman_previewlanguage":"json"},{"id":"b12fa87f-b1de-484b-9477-b9549b2cf656","name":"Unauthorized","originalRequest":{"url":{"path":["address"],"host":["{{baseUrl}}"],"query":[],"variable":[]},"header":[{"disabled":false,"description":"(Required) EFX Header is a common and required component for all API calls, it contains authentication and client-related parameters. Please note that the header parameters should be sent as a JSON object under the EFXHeader parameter. To view the list of header parameters, <a href=\"../docs?path=docs/api-ref-EFX-header.md\" title=\"Click to open\"> click here.</a>","key":"EFXHeader","value":"{ \"TrnId\": \"f262cfa4-9da4-4a10-b48c-2e947ce3e66c\", \"OrganizationId\": \"PRMOrg10\", \"VendorId\": \"112233\", \"Context\":{ \"Channel\": \"WEB\" } }"},{"key":"Accept","value":"application/json"}],"method":"PUT","body":{"mode":"raw","raw":"{\n  \"AddrKeys\": {\n    \"AddrId\": \"2277\"\n  },\n  \"AddrInfo\": {\n    \"PostAddr\": [\n      {\n        \"OpenDt\": \"2021-07-05\",\n        \"RelationshipMgr\": [\n          {\n            \"RelationshipMgrIdent\": \"10\",\n            \"RelationshipRole\": \"Officer\"\n          },\n          {\n            \"RelationshipMgrIdent\": \"1\",\n            \"RelationshipRole\": \"ReferralOfficer\"\n          }\n        ],\n        \"OriginatingBranch\": \"2\",\n        \"ResponsibleBranch\": \"3\",\n        \"AddrFormatType\": \"Parsed\",\n        \"Addr1\": \"Anil Tanakala Society\",\n        \"Addr2\": \"Tanakala 4\",\n        \"City\": \"AnilTanakala 4\",\n        \"StateProv\": \"MO\",\n        \"PostalCode\": \"63366-1234\",\n        \"CountryCode\": {\n          \"CountryCodeSource\": \"SPCountryCode\",\n          \"CountryCodeValue\": \"52\"\n        },\n        \"AddrType\": \"Seasonal\",\n        \"TimeFrame\": {\n          \"StartDt\": \"2017-06-06\",\n          \"EndDt\": \"2019-05-05\"\n        },\n        \"Retention\": false,\n        \"CensusTract\": \"20\",\n        \"CensusBlock\": \"10\",\n        \"ForeignFlag\": false,\n        \"HandlingCode\": \"1\",\n        \"MSACode\": 21\n      },\n      {\n        \"OpenDt\": \"2021-07-05\",\n        \"RelationshipMgr\": [\n          {\n            \"RelationshipMgrIdent\": \"10\",\n            \"RelationshipRole\": \"Officer\"\n          },\n          {\n            \"RelationshipMgrIdent\": \"1\",\n            \"RelationshipRole\": \"ReferralOfficer\"\n          }\n        ],\n        \"OriginatingBranch\": \"2\",\n        \"ResponsibleBranch\": \"3\",\n        \"AddrFormatType\": \"Parsed\",\n        \"Addr1\": \"Anil Tanakala Society\",\n        \"Addr2\": \"Tanakala 4\",\n        \"City\": \"AnilTanakala 4\",\n        \"StateProv\": \"MO\",\n        \"PostalCode\": \"63366-1234\",\n        \"CountryCode\": {\n          \"CountryCodeSource\": \"SPCountryCode\",\n          \"CountryCodeValue\": \"52\"\n        },\n        \"AddrType\": \"Primary\",\n        \"TimeFrame\": {\n          \"StartDt\": \"2017-06-06\",\n          \"EndDt\": \"2019-05-05\"\n        },\n        \"Retention\": false,\n        \"CensusTract\": \"20\",\n        \"CensusBlock\": \"10\",\n        \"ForeignFlag\": false,\n        \"HandlingCode\": \"1\",\n        \"MSACode\": 21\n      }\n    ]\n  }\n}","options":{"raw":{"language":"json"}}}},"status":"Unauthorized","code":401,"header":[{"key":"Content-Type","value":"application/json"}],"body":"{\n  \"Status\": {\n    \"StatusCode\": \"1740\",\n    \"StatusDesc\": \"Authentication Failed\",\n    \"Severity\": \"Error\",\n    \"SvcProviderName\": \"Premier\",\n    \"ServerStatusCode\": \"401\",\n    \"ServerStatusDesc\": \"Unauthorized\"\n  }\n}","cookie":[],"_postman_previewlanguage":"json"},{"id":"a29d5d0c-78b6-4334-952b-e030acfb17a3","name":"Un-processable Entity","originalRequest":{"url":{"path":["address"],"host":["{{baseUrl}}"],"query":[],"variable":[]},"header":[{"disabled":false,"description":"(Required) EFX Header is a common and required component for all API calls, it contains authentication and client-related parameters. Please note that the header parameters should be sent as a JSON object under the EFXHeader parameter. To view the list of header parameters, <a href=\"../docs?path=docs/api-ref-EFX-header.md\" title=\"Click to open\"> click here.</a>","key":"EFXHeader","value":"{ \"TrnId\": \"f262cfa4-9da4-4a10-b48c-2e947ce3e66c\", \"OrganizationId\": \"PRMOrg10\", \"VendorId\": \"112233\", \"Context\":{ \"Channel\": \"WEB\" } }"},{"key":"Accept","value":"application/json"}],"method":"PUT","body":{"mode":"raw","raw":"{\n  \"AddrKeys\": {\n    \"AddrId\": \"2277\"\n  },\n  \"AddrInfo\": {\n    \"PostAddr\": [\n      {\n        \"OpenDt\": \"2021-07-05\",\n        \"RelationshipMgr\": [\n          {\n            \"RelationshipMgrIdent\": \"10\",\n            \"RelationshipRole\": \"Officer\"\n          },\n          {\n            \"RelationshipMgrIdent\": \"1\",\n            \"RelationshipRole\": \"ReferralOfficer\"\n          }\n        ],\n        \"OriginatingBranch\": \"2\",\n        \"ResponsibleBranch\": \"3\",\n        \"AddrFormatType\": \"Parsed\",\n        \"Addr1\": \"Anil Tanakala Society\",\n        \"Addr2\": \"Tanakala 4\",\n        \"City\": \"AnilTanakala 4\",\n        \"StateProv\": \"MO\",\n        \"PostalCode\": \"63366-1234\",\n        \"CountryCode\": {\n          \"CountryCodeSource\": \"SPCountryCode\",\n          \"CountryCodeValue\": \"52\"\n        },\n        \"AddrType\": \"Seasonal\",\n        \"TimeFrame\": {\n          \"StartDt\": \"2017-06-06\",\n          \"EndDt\": \"2019-05-05\"\n        },\n        \"Retention\": false,\n        \"CensusTract\": \"20\",\n        \"CensusBlock\": \"10\",\n        \"ForeignFlag\": false,\n        \"HandlingCode\": \"1\",\n        \"MSACode\": 21\n      },\n      {\n        \"OpenDt\": \"2021-07-05\",\n        \"RelationshipMgr\": [\n          {\n            \"RelationshipMgrIdent\": \"10\",\n            \"RelationshipRole\": \"Officer\"\n          },\n          {\n            \"RelationshipMgrIdent\": \"1\",\n            \"RelationshipRole\": \"ReferralOfficer\"\n          }\n        ],\n        \"OriginatingBranch\": \"2\",\n        \"ResponsibleBranch\": \"3\",\n        \"AddrFormatType\": \"Parsed\",\n        \"Addr1\": \"Anil Tanakala Society\",\n        \"Addr2\": \"Tanakala 4\",\n        \"City\": \"AnilTanakala 4\",\n        \"StateProv\": \"MO\",\n        \"PostalCode\": \"63366-1234\",\n        \"CountryCode\": {\n          \"CountryCodeSource\": \"SPCountryCode\",\n          \"CountryCodeValue\": \"52\"\n        },\n        \"AddrType\": \"Primary\",\n        \"TimeFrame\": {\n          \"StartDt\": \"2017-06-06\",\n          \"EndDt\": \"2019-05-05\"\n        },\n        \"Retention\": false,\n        \"CensusTract\": \"20\",\n        \"CensusBlock\": \"10\",\n        \"ForeignFlag\": false,\n        \"HandlingCode\": \"1\",\n        \"MSACode\": 21\n      }\n    ]\n  }\n}","options":{"raw":{"language":"json"}}}},"status":"Unprocessable Entity (WebDAV) (RFC 4918)","code":422,"header":[{"key":"Content-Type","value":"application/json"}],"body":"{\n  \"Status\": {\n    \"StatusCode\": \"1090\",\n    \"StatusDesc\": \"Invalid Value\",\n    \"Severity\": \"Error\",\n    \"SvcProviderName\": \"Premier\",\n    \"ServerStatusCode\": \"422\",\n    \"ServerStatusDesc\": \"Unprocessable Entity\"\n  }\n}","cookie":[],"_postman_previewlanguage":"json"},{"id":"e07a5b28-e0b4-4548-9ccb-c39f0a5e237a","name":"Internal Server Error","originalRequest":{"url":{"path":["address"],"host":["{{baseUrl}}"],"query":[],"variable":[]},"header":[{"disabled":false,"description":"(Required) EFX Header is a common and required component for all API calls, it contains authentication and client-related parameters. Please note that the header parameters should be sent as a JSON object under the EFXHeader parameter. To view the list of header parameters, <a href=\"../docs?path=docs/api-ref-EFX-header.md\" title=\"Click to open\"> click here.</a>","key":"EFXHeader","value":"{ \"TrnId\": \"f262cfa4-9da4-4a10-b48c-2e947ce3e66c\", \"OrganizationId\": \"PRMOrg10\", \"VendorId\": \"112233\", \"Context\":{ \"Channel\": \"WEB\" } }"},{"key":"Accept","value":"application/json"}],"method":"PUT","body":{"mode":"raw","raw":"{\n  \"AddrKeys\": {\n    \"AddrId\": \"2277\"\n  },\n  \"AddrInfo\": {\n    \"PostAddr\": [\n      {\n        \"OpenDt\": \"2021-07-05\",\n        \"RelationshipMgr\": [\n          {\n            \"RelationshipMgrIdent\": \"10\",\n            \"RelationshipRole\": \"Officer\"\n          },\n          {\n            \"RelationshipMgrIdent\": \"1\",\n            \"RelationshipRole\": \"ReferralOfficer\"\n          }\n        ],\n        \"OriginatingBranch\": \"2\",\n        \"ResponsibleBranch\": \"3\",\n        \"AddrFormatType\": \"Parsed\",\n        \"Addr1\": \"Anil Tanakala Society\",\n        \"Addr2\": \"Tanakala 4\",\n        \"City\": \"AnilTanakala 4\",\n        \"StateProv\": \"MO\",\n        \"PostalCode\": \"63366-1234\",\n        \"CountryCode\": {\n          \"CountryCodeSource\": \"SPCountryCode\",\n          \"CountryCodeValue\": \"52\"\n        },\n        \"AddrType\": \"Seasonal\",\n        \"TimeFrame\": {\n          \"StartDt\": \"2017-06-06\",\n          \"EndDt\": \"2019-05-05\"\n        },\n        \"Retention\": false,\n        \"CensusTract\": \"20\",\n        \"CensusBlock\": \"10\",\n        \"ForeignFlag\": false,\n        \"HandlingCode\": \"1\",\n        \"MSACode\": 21\n      },\n      {\n        \"OpenDt\": \"2021-07-05\",\n        \"RelationshipMgr\": [\n          {\n            \"RelationshipMgrIdent\": \"10\",\n            \"RelationshipRole\": \"Officer\"\n          },\n          {\n            \"RelationshipMgrIdent\": \"1\",\n            \"RelationshipRole\": \"ReferralOfficer\"\n          }\n        ],\n        \"OriginatingBranch\": \"2\",\n        \"ResponsibleBranch\": \"3\",\n        \"AddrFormatType\": \"Parsed\",\n        \"Addr1\": \"Anil Tanakala Society\",\n        \"Addr2\": \"Tanakala 4\",\n        \"City\": \"AnilTanakala 4\",\n        \"StateProv\": \"MO\",\n        \"PostalCode\": \"63366-1234\",\n        \"CountryCode\": {\n          \"CountryCodeSource\": \"SPCountryCode\",\n          \"CountryCodeValue\": \"52\"\n        },\n        \"AddrType\": \"Primary\",\n        \"TimeFrame\": {\n          \"StartDt\": \"2017-06-06\",\n          \"EndDt\": \"2019-05-05\"\n        },\n        \"Retention\": false,\n        \"CensusTract\": \"20\",\n        \"CensusBlock\": \"10\",\n        \"ForeignFlag\": false,\n        \"HandlingCode\": \"1\",\n        \"MSACode\": 21\n      }\n    ]\n  }\n}","options":{"raw":{"language":"json"}}}},"status":"Internal Server Error","code":500,"header":[{"key":"Content-Type","value":"application/json"}],"body":"{\n  \"Status\": {\n    \"StatusCode\": \"100\",\n    \"StatusDesc\": \"General Error\",\n    \"Severity\": \"Error\",\n    \"SvcProviderName\": \"Premier\",\n    \"ServerStatusCode\": \"500\",\n    \"ServerStatusDesc\": \"Internal Server Error\"\n  }\n}","cookie":[],"_postman_previewlanguage":"json"},{"id":"6b8efc41-fe82-45a2-a96b-112b05ea8613","name":"Service Unavailable","originalRequest":{"url":{"path":["address"],"host":["{{baseUrl}}"],"query":[],"variable":[]},"header":[{"disabled":false,"description":"(Required) EFX Header is a common and required component for all API calls, it contains authentication and client-related parameters. Please note that the header parameters should be sent as a JSON object under the EFXHeader parameter. To view the list of header parameters, <a href=\"../docs?path=docs/api-ref-EFX-header.md\" title=\"Click to open\"> click here.</a>","key":"EFXHeader","value":"{ \"TrnId\": \"f262cfa4-9da4-4a10-b48c-2e947ce3e66c\", \"OrganizationId\": \"PRMOrg10\", \"VendorId\": \"112233\", \"Context\":{ \"Channel\": \"WEB\" } }"},{"key":"Accept","value":"application/json"}],"method":"PUT","body":{"mode":"raw","raw":"{\n  \"AddrKeys\": {\n    \"AddrId\": \"2277\"\n  },\n  \"AddrInfo\": {\n    \"PostAddr\": [\n      {\n        \"OpenDt\": \"2021-07-05\",\n        \"RelationshipMgr\": [\n          {\n            \"RelationshipMgrIdent\": \"10\",\n            \"RelationshipRole\": \"Officer\"\n          },\n          {\n            \"RelationshipMgrIdent\": \"1\",\n            \"RelationshipRole\": \"ReferralOfficer\"\n          }\n        ],\n        \"OriginatingBranch\": \"2\",\n        \"ResponsibleBranch\": \"3\",\n        \"AddrFormatType\": \"Parsed\",\n        \"Addr1\": \"Anil Tanakala Society\",\n        \"Addr2\": \"Tanakala 4\",\n        \"City\": \"AnilTanakala 4\",\n        \"StateProv\": \"MO\",\n        \"PostalCode\": \"63366-1234\",\n        \"CountryCode\": {\n          \"CountryCodeSource\": \"SPCountryCode\",\n          \"CountryCodeValue\": \"52\"\n        },\n        \"AddrType\": \"Seasonal\",\n        \"TimeFrame\": {\n          \"StartDt\": \"2017-06-06\",\n          \"EndDt\": \"2019-05-05\"\n        },\n        \"Retention\": false,\n        \"CensusTract\": \"20\",\n        \"CensusBlock\": \"10\",\n        \"ForeignFlag\": false,\n        \"HandlingCode\": \"1\",\n        \"MSACode\": 21\n      },\n      {\n        \"OpenDt\": \"2021-07-05\",\n        \"RelationshipMgr\": [\n          {\n            \"RelationshipMgrIdent\": \"10\",\n            \"RelationshipRole\": \"Officer\"\n          },\n          {\n            \"RelationshipMgrIdent\": \"1\",\n            \"RelationshipRole\": \"ReferralOfficer\"\n          }\n        ],\n        \"OriginatingBranch\": \"2\",\n        \"ResponsibleBranch\": \"3\",\n        \"AddrFormatType\": \"Parsed\",\n        \"Addr1\": \"Anil Tanakala Society\",\n        \"Addr2\": \"Tanakala 4\",\n        \"City\": \"AnilTanakala 4\",\n        \"StateProv\": \"MO\",\n        \"PostalCode\": \"63366-1234\",\n        \"CountryCode\": {\n          \"CountryCodeSource\": \"SPCountryCode\",\n          \"CountryCodeValue\": \"52\"\n        },\n        \"AddrType\": \"Primary\",\n        \"TimeFrame\": {\n          \"StartDt\": \"2017-06-06\",\n          \"EndDt\": \"2019-05-05\"\n        },\n        \"Retention\": false,\n        \"CensusTract\": \"20\",\n        \"CensusBlock\": \"10\",\n        \"ForeignFlag\": false,\n        \"HandlingCode\": \"1\",\n        \"MSACode\": 21\n      }\n    ]\n  }\n}","options":{"raw":{"language":"json"}}}},"status":"Service Unavailable","code":503,"header":[{"key":"Content-Type","value":"application/json"}],"body":"{\n  \"Status\": {\n    \"StatusCode\": \"300\",\n    \"StatusDesc\": \"System Not Available\",\n    \"Severity\": \"Error\",\n    \"SvcProviderName\": \"Premier\",\n    \"ServerStatusCode\": \"503\",\n    \"ServerStatusDesc\": \"Service Unavailable\"\n  }\n}","cookie":[],"_postman_previewlanguage":"json"},{"id":"4c03a692-db86-41b5-a07a-6f2b4d43a030","name":"Unexpected error","originalRequest":{"url":{"path":["address"],"host":["{{baseUrl}}"],"query":[],"variable":[]},"header":[{"disabled":false,"description":"(Required) EFX Header is a common and required component for all API calls, it contains authentication and client-related parameters. Please note that the header parameters should be sent as a JSON object under the EFXHeader parameter. To view the list of header parameters, <a href=\"../docs?path=docs/api-ref-EFX-header.md\" title=\"Click to open\"> click here.</a>","key":"EFXHeader","value":"{ \"TrnId\": \"f262cfa4-9da4-4a10-b48c-2e947ce3e66c\", \"OrganizationId\": \"PRMOrg10\", \"VendorId\": \"112233\", \"Context\":{ \"Channel\": \"WEB\" } }"},{"key":"Accept","value":"application/json"}],"method":"PUT","body":{"mode":"raw","raw":"{\n  \"AddrKeys\": {\n    \"AddrId\": \"2277\"\n  },\n  \"AddrInfo\": {\n    \"PostAddr\": [\n      {\n        \"OpenDt\": \"2021-07-05\",\n        \"RelationshipMgr\": [\n          {\n            \"RelationshipMgrIdent\": \"10\",\n            \"RelationshipRole\": \"Officer\"\n          },\n          {\n            \"RelationshipMgrIdent\": \"1\",\n            \"RelationshipRole\": \"ReferralOfficer\"\n          }\n        ],\n        \"OriginatingBranch\": \"2\",\n        \"ResponsibleBranch\": \"3\",\n        \"AddrFormatType\": \"Parsed\",\n        \"Addr1\": \"Anil Tanakala Society\",\n        \"Addr2\": \"Tanakala 4\",\n        \"City\": \"AnilTanakala 4\",\n        \"StateProv\": \"MO\",\n        \"PostalCode\": \"63366-1234\",\n        \"CountryCode\": {\n          \"CountryCodeSource\": \"SPCountryCode\",\n          \"CountryCodeValue\": \"52\"\n        },\n        \"AddrType\": \"Seasonal\",\n        \"TimeFrame\": {\n          \"StartDt\": \"2017-06-06\",\n          \"EndDt\": \"2019-05-05\"\n        },\n        \"Retention\": false,\n        \"CensusTract\": \"20\",\n        \"CensusBlock\": \"10\",\n        \"ForeignFlag\": false,\n        \"HandlingCode\": \"1\",\n        \"MSACode\": 21\n      },\n      {\n        \"OpenDt\": \"2021-07-05\",\n        \"RelationshipMgr\": [\n          {\n            \"RelationshipMgrIdent\": \"10\",\n            \"RelationshipRole\": \"Officer\"\n          },\n          {\n            \"RelationshipMgrIdent\": \"1\",\n            \"RelationshipRole\": \"ReferralOfficer\"\n          }\n        ],\n        \"OriginatingBranch\": \"2\",\n        \"ResponsibleBranch\": \"3\",\n        \"AddrFormatType\": \"Parsed\",\n        \"Addr1\": \"Anil Tanakala Society\",\n        \"Addr2\": \"Tanakala 4\",\n        \"City\": \"AnilTanakala 4\",\n        \"StateProv\": \"MO\",\n        \"PostalCode\": \"63366-1234\",\n        \"CountryCode\": {\n          \"CountryCodeSource\": \"SPCountryCode\",\n          \"CountryCodeValue\": \"52\"\n        },\n        \"AddrType\": \"Primary\",\n        \"TimeFrame\": {\n          \"StartDt\": \"2017-06-06\",\n          \"EndDt\": \"2019-05-05\"\n        },\n        \"Retention\": false,\n        \"CensusTract\": \"20\",\n        \"CensusBlock\": \"10\",\n        \"ForeignFlag\": false,\n        \"HandlingCode\": \"1\",\n        \"MSACode\": 21\n      }\n    ]\n  }\n}","options":{"raw":{"language":"json"}}}},"status":"Internal Server Error","code":500,"header":[{"key":"Content-Type","value":"application/json"}],"body":"{\n  \"Status\": {\n    \"Severity\": \"Info\",\n    \"StatusCode\": \"nisi deserunt dolor\",\n    \"StatusDesc\": \"culpa ipsum id cupidatat\",\n    \"SvcProviderName\": \"esse voluptate eu\",\n    \"Id\": \"eu reprehenderit\",\n    \"ServerStatusCode\": \"cillum\",\n    \"ServerStatusDesc\": \"veniam est et sint\",\n    \"OvrdExceptionInd\": false,\n    \"SubjectRole\": \"anim eu sed\",\n    \"SubjectElement\": [\n      {\n        \"Path\": \"sit ad Lorem ut laborum\",\n        \"ServerPath\": \"nulla amet\",\n        \"Value\": \"non laboris nisi eu irure\"\n      },\n      {\n        \"Path\": \"esse eiusmod aliqua do\",\n        \"ServerPath\": \"reprehenderit adipisicing dolor in\",\n        \"Value\": \"in\"\n      }\n    ],\n    \"ContentHTML\": \"eu nostrud\",\n    \"AdditionalStatus\": [\n      {\n        \"StatusCode\": \"voluptate aliquip\",\n        \"StatusDesc\": \"ea elit\",\n        \"Severity\": \"Info\",\n        \"SvcProviderName\": \"reprehenderit anim ea\",\n        \"ServerStatusCode\": \"\",\n        \"ServerStatusDesc\": \"id quis\",\n        \"OvrdExceptionInd\": true,\n        \"SubjectElement\": [\n          {\n            \"Path\": \"in ut\",\n            \"ServerPath\": \"culpa nulla\",\n            \"Value\": \"labore ipsum fugiat enim\"\n          },\n          {\n            \"Path\": \"elit deserunt occaecat\",\n            \"ServerPath\": \"qui dolore velit cupidatat quis\",\n            \"Value\": \"do\"\n          }\n        ]\n      },\n      {\n        \"StatusCode\": \"ut laborum molli\",\n        \"StatusDesc\": \"commodo in in\",\n        \"Severity\": \"Error\",\n        \"SvcProviderName\": \"cillum\",\n        \"ServerStatusCode\": \"ex quis\",\n        \"ServerStatusDesc\": \"tempor nisi officia amet incididunt\",\n        \"OvrdExceptionInd\": false,\n        \"SubjectElement\": [\n          {\n            \"Path\": \"esse dolore Duis\",\n            \"ServerPath\": \"ut sint\",\n            \"Value\": \"et voluptate\"\n          },\n          {\n            \"Path\": \"nostrud\",\n            \"ServerPath\": \"nulla ea commodo\",\n            \"Value\": \"Excepteur enim\"\n          }\n        ]\n      }\n    ]\n  },\n  \"AddrStatusRec\": {\n    \"AddrKeys\": {\n      \"AddrId\": \"<string>\",\n      \"AddressIdent\": \"<string>\",\n      \"AddrType\": \"Primary\"\n    },\n    \"AddrStatus\": {\n      \"AddrStatusCode\": \"in sed dolor nisi\",\n      \"EffDt\": \"2021-12-31T23:59:59.999\"\n    }\n  }\n}","cookie":[],"_postman_previewlanguage":"json"}],"event":[],"protocolProfileBehavior":{"disableBodyPruning":true}},{"id":"9a7721ff-d3b4-4196-96c5-fad9e6b8b803","name":"Add Address.","request":{"name":"Add Address.","description":{"content":"Creates a new address record for a Party or a financial account. This API also allows you to relate a newly created account record to the existing Party. <br> For more information about the Accountholder domain, <a href=\"../docs/?path=docs/fintechs/accountholder.md\" title=\"Click to open\">click here.</a> <br><br> <b>Relates to:</b>\n  <ul> \n    <li><a href=\"../docs/?path=docs/banks-and-CU/deposits.md\" title=\"Click to open\">Deposits</a></li>\n    <li><a href=\"../docs/?path=docs/banks-and-CU/loans.md\" title=\"Click to open\">Loans</a></li>\n    <li><a href=\"../docs/?path=docs/banks-and-CU/bank-servicing.md\" title=\"Click to open\">Bank Servicing</a></li>\n  </ul> ","type":"text/plain"},"url":{"path":["address"],"host":["{{baseUrl}}"],"query":[],"variable":[]},"header":[{"disabled":false,"description":"(Required) EFX Header is a common and required component for all API calls, it contains authentication and client-related parameters. Please note that the header parameters should be sent as a JSON object under the EFXHeader parameter. To view the list of header parameters, <a href=\"../docs?path=docs/api-ref-EFX-header.md\" title=\"Click to open\"> click here.</a>","key":"EFXHeader","value":"OrganizationId,<string>,TrnId,<string>,VendorId,<string>,Context,[object Object]"},{"key":"Content-Type","value":"application/json"},{"key":"Accept","value":"application/json"}],"method":"POST","auth":null,"body":{"mode":"raw","raw":"{\n  \"AddrInfo\": {\n    \"PostAddr\": [\n      {\n        \"value\": \"<Error: Could not resolve allOf schema\"\n      },\n      {\n        \"value\": \"<Error: Could not resolve allOf schema\"\n      }\n    ],\n    \"AddrRelRef\": [\n      {\n        \"PartyKeys\": {\n          \"PartyId\": \"<string>\"\n        },\n        \"AcctKeys\": {\n          \"AcctId\": \"<string>\",\n          \"AcctType\": \"<string>\"\n        },\n        \"AddrUse\": \"<string>\"\n      },\n      {\n        \"PartyKeys\": {\n          \"PartyId\": \"<string>\"\n        },\n        \"AcctKeys\": {\n          \"AcctId\": \"<string>\",\n          \"AcctType\": \"<string>\"\n        },\n        \"AddrUse\": \"<string>\"\n      }\n    ]\n  },\n  \"OvrdAutoAckInd\": \"<boolean>\",\n  \"OvrdExceptionData\": {\n    \"OverrideException\": [\n      {\n        \"SubjectRole\": \"<string>\",\n        \"SubjectIdent\": \"<string>\",\n        \"OvrdExceptionCode\": \"<string>\",\n        \"OvrdElement\": \"<object>\"\n      },\n      {\n        \"SubjectRole\": \"<string>\",\n        \"SubjectIdent\": \"<string>\",\n        \"OvrdExceptionCode\": \"<string>\",\n        \"OvrdElement\": \"<object>\"\n      }\n    ]\n  }\n}","options":{"raw":{"language":"json"}}}},"response":[{"id":"0e0fd1ea-dd47-42f3-b577-4c9420687ed9","name":"Created","originalRequest":{"url":{"path":["address"],"host":["{{baseUrl}}"],"query":[],"variable":[]},"header":[{"disabled":false,"description":"(Required) EFX Header is a common and required component for all API calls, it contains authentication and client-related parameters. Please note that the header parameters should be sent as a JSON object under the EFXHeader parameter. To view the list of header parameters, <a href=\"../docs?path=docs/api-ref-EFX-header.md\" title=\"Click to open\"> click here.</a>","key":"EFXHeader","value":"{ \"TrnId\": \"f262cfa4-9da4-4a10-b48c-2e947ce3e66c\", \"OrganizationId\": \"PRMOrg10\", \"VendorId\": \"112233\", \"Context\":{ \"Channel\": \"WEB\" } }"},{"key":"Accept","value":"application/json"}],"method":"POST","body":{"mode":"raw","raw":"{\n  \"AddrInfo\": {\n    \"PostAddr\": [\n      {\n        \"OpenDt\": \"2017-05-05\",\n        \"RelationshipMgr\": [\n          {\n            \"RelationshipMgrIdent\": \"10\",\n            \"RelationshipRole\": \"Officer\"\n          },\n          {\n            \"RelationshipMgrIdent\": \"1\",\n            \"RelationshipRole\": \"ReferralOfficer\"\n          }\n        ],\n        \"OriginatingBranch\": \"1\",\n        \"ResponsibleBranch\": \"2\",\n        \"AddrFormatType\": \"Label\",\n        \"Addr1\": \"Amanore\",\n        \"City\": \"Pune\",\n        \"StateProv\": \"PN\",\n        \"PostalCode\": \"30097-1234\",\n        \"CountryCode\": {\n          \"CountryCodeSource\": \"SPCountryCode\",\n          \"CountryCodeValue\": \"52\"\n        },\n        \"AddrType\": \"Primary\",\n        \"Retention\": \"false\",\n        \"CensusTract\": \"25\",\n        \"CensusBlock\": \"9\",\n        \"ForeignFlag\": \"false\",\n        \"HandlingCode\": \"1\",\n        \"HandlingCodeOption\": \"Statements\",\n        \"MSACode\": \"12\"\n      },\n      {\n        \"Addr1\": \"Aristolia\",\n        \"City\": \"Pune\",\n        \"StateProv\": \"MH\",\n        \"PostalCode\": \"411028\",\n        \"CountryCode\": {\n          \"CountryCodeValue\": \"50\"\n        },\n        \"AddrType\": \"Seasonal\",\n        \"TimeFrame\": {\n          \"StartDt\": \"2017-06-06\",\n          \"EndDt\": \"2030-05-05\"\n        },\n        \"CensusTract\": \"2\",\n        \"CensusBlock\": \"0\",\n        \"ForeignFlag\": \"true\",\n        \"HandlingCode\": \"3\",\n        \"HandlingCodeOption\": \"StatementsNoticesChecks\",\n        \"MSACode\": \"5\"\n      }\n    ]\n  }\n}","options":{"raw":{"language":"json"}}}},"status":"Created","code":201,"header":[{"key":"Content-Type","value":"application/json"}],"body":"{\n  \"Status\": {\n    \"StatusCode\": \"0\",\n    \"StatusDesc\": \"Success\",\n    \"Severity\": \"Info\",\n    \"SvcProviderName\": \"Premier\"\n  },\n  \"AddrStatusRec\": {\n    \"AddrKeys\": {\n      \"AddrId\": \"5683\"\n    },\n    \"AddrStatus\": {\n      \"AddrStatusCode\": \"Valid\",\n      \"EffDt\": \"2020-05-21T02:28:16.471\"\n    }\n  }\n}","cookie":[],"_postman_previewlanguage":"json"},{"id":"0c289348-e2ce-41f0-94dc-7195dbe3caa7","name":"Unauthorized","originalRequest":{"url":{"path":["address"],"host":["{{baseUrl}}"],"query":[],"variable":[]},"header":[{"disabled":false,"description":"(Required) EFX Header is a common and required component for all API calls, it contains authentication and client-related parameters. Please note that the header parameters should be sent as a JSON object under the EFXHeader parameter. To view the list of header parameters, <a href=\"../docs?path=docs/api-ref-EFX-header.md\" title=\"Click to open\"> click here.</a>","key":"EFXHeader","value":"{ \"TrnId\": \"f262cfa4-9da4-4a10-b48c-2e947ce3e66c\", \"OrganizationId\": \"PRMOrg10\", \"VendorId\": \"112233\", \"Context\":{ \"Channel\": \"WEB\" } }"},{"key":"Accept","value":"application/json"}],"method":"POST","body":{"mode":"raw","raw":"{\n  \"AddrInfo\": {\n    \"PostAddr\": [\n      {\n        \"OpenDt\": \"2017-05-05\",\n        \"RelationshipMgr\": [\n          {\n            \"RelationshipMgrIdent\": \"10\",\n            \"RelationshipRole\": \"Officer\"\n          },\n          {\n            \"RelationshipMgrIdent\": \"1\",\n            \"RelationshipRole\": \"ReferralOfficer\"\n          }\n        ],\n        \"OriginatingBranch\": \"1\",\n        \"ResponsibleBranch\": \"2\",\n        \"AddrFormatType\": \"Label\",\n        \"Addr1\": \"Amanore\",\n        \"City\": \"Pune\",\n        \"StateProv\": \"PN\",\n        \"PostalCode\": \"30097-1234\",\n        \"CountryCode\": {\n          \"CountryCodeSource\": \"SPCountryCode\",\n          \"CountryCodeValue\": \"52\"\n        },\n        \"AddrType\": \"Primary\",\n        \"Retention\": \"false\",\n        \"CensusTract\": \"25\",\n        \"CensusBlock\": \"9\",\n        \"ForeignFlag\": \"false\",\n        \"HandlingCode\": \"1\",\n        \"HandlingCodeOption\": \"Statements\",\n        \"MSACode\": \"12\"\n      },\n      {\n        \"Addr1\": \"Aristolia\",\n        \"City\": \"Pune\",\n        \"StateProv\": \"MH\",\n        \"PostalCode\": \"411028\",\n        \"CountryCode\": {\n          \"CountryCodeValue\": \"50\"\n        },\n        \"AddrType\": \"Seasonal\",\n        \"TimeFrame\": {\n          \"StartDt\": \"2017-06-06\",\n          \"EndDt\": \"2030-05-05\"\n        },\n        \"CensusTract\": \"2\",\n        \"CensusBlock\": \"0\",\n        \"ForeignFlag\": \"true\",\n        \"HandlingCode\": \"3\",\n        \"HandlingCodeOption\": \"StatementsNoticesChecks\",\n        \"MSACode\": \"5\"\n      }\n    ]\n  }\n}","options":{"raw":{"language":"json"}}}},"status":"Unauthorized","code":401,"header":[{"key":"Content-Type","value":"application/json"}],"body":"{\n  \"Status\": {\n    \"StatusCode\": \"1740\",\n    \"StatusDesc\": \"Authentication Failed\",\n    \"Severity\": \"Error\",\n    \"SvcProviderName\": \"Premier\",\n    \"ServerStatusCode\": \"401\",\n    \"ServerStatusDesc\": \"Unauthorized\"\n  }\n}","cookie":[],"_postman_previewlanguage":"json"},{"id":"b15c7884-6caf-4023-8135-896332015528","name":"Un-processable Entity","originalRequest":{"url":{"path":["address"],"host":["{{baseUrl}}"],"query":[],"variable":[]},"header":[{"disabled":false,"description":"(Required) EFX Header is a common and required component for all API calls, it contains authentication and client-related parameters. Please note that the header parameters should be sent as a JSON object under the EFXHeader parameter. To view the list of header parameters, <a href=\"../docs?path=docs/api-ref-EFX-header.md\" title=\"Click to open\"> click here.</a>","key":"EFXHeader","value":"{ \"TrnId\": \"f262cfa4-9da4-4a10-b48c-2e947ce3e66c\", \"OrganizationId\": \"PRMOrg10\", \"VendorId\": \"112233\", \"Context\":{ \"Channel\": \"WEB\" } }"},{"key":"Accept","value":"application/json"}],"method":"POST","body":{"mode":"raw","raw":"{\n  \"AddrInfo\": {\n    \"PostAddr\": [\n      {\n        \"OpenDt\": \"2017-05-05\",\n        \"RelationshipMgr\": [\n          {\n            \"RelationshipMgrIdent\": \"10\",\n            \"RelationshipRole\": \"Officer\"\n          },\n          {\n            \"RelationshipMgrIdent\": \"1\",\n            \"RelationshipRole\": \"ReferralOfficer\"\n          }\n        ],\n        \"OriginatingBranch\": \"1\",\n        \"ResponsibleBranch\": \"2\",\n        \"AddrFormatType\": \"Label\",\n        \"Addr1\": \"Amanore\",\n        \"City\": \"Pune\",\n        \"StateProv\": \"PN\",\n        \"PostalCode\": \"30097-1234\",\n        \"CountryCode\": {\n          \"CountryCodeSource\": \"SPCountryCode\",\n          \"CountryCodeValue\": \"52\"\n        },\n        \"AddrType\": \"Primary\",\n        \"Retention\": \"false\",\n        \"CensusTract\": \"25\",\n        \"CensusBlock\": \"9\",\n        \"ForeignFlag\": \"false\",\n        \"HandlingCode\": \"1\",\n        \"HandlingCodeOption\": \"Statements\",\n        \"MSACode\": \"12\"\n      },\n      {\n        \"Addr1\": \"Aristolia\",\n        \"City\": \"Pune\",\n        \"StateProv\": \"MH\",\n        \"PostalCode\": \"411028\",\n        \"CountryCode\": {\n          \"CountryCodeValue\": \"50\"\n        },\n        \"AddrType\": \"Seasonal\",\n        \"TimeFrame\": {\n          \"StartDt\": \"2017-06-06\",\n          \"EndDt\": \"2030-05-05\"\n        },\n        \"CensusTract\": \"2\",\n        \"CensusBlock\": \"0\",\n        \"ForeignFlag\": \"true\",\n        \"HandlingCode\": \"3\",\n        \"HandlingCodeOption\": \"StatementsNoticesChecks\",\n        \"MSACode\": \"5\"\n      }\n    ]\n  }\n}","options":{"raw":{"language":"json"}}}},"status":"Unprocessable Entity (WebDAV) (RFC 4918)","code":422,"header":[{"key":"Content-Type","value":"application/json"}],"body":"{\n  \"Status\": {\n    \"StatusCode\": \"1090\",\n    \"StatusDesc\": \"Invalid Value\",\n    \"Severity\": \"Error\",\n    \"SvcProviderName\": \"Premier\",\n    \"ServerStatusCode\": \"422\",\n    \"ServerStatusDesc\": \"Unprocessable Entity\"\n  }\n}","cookie":[],"_postman_previewlanguage":"json"},{"id":"81311875-4c34-498a-a249-2dd2f77721a3","name":"Internal Server Error","originalRequest":{"url":{"path":["address"],"host":["{{baseUrl}}"],"query":[],"variable":[]},"header":[{"disabled":false,"description":"(Required) EFX Header is a common and required component for all API calls, it contains authentication and client-related parameters. Please note that the header parameters should be sent as a JSON object under the EFXHeader parameter. To view the list of header parameters, <a href=\"../docs?path=docs/api-ref-EFX-header.md\" title=\"Click to open\"> click here.</a>","key":"EFXHeader","value":"{ \"TrnId\": \"f262cfa4-9da4-4a10-b48c-2e947ce3e66c\", \"OrganizationId\": \"PRMOrg10\", \"VendorId\": \"112233\", \"Context\":{ \"Channel\": \"WEB\" } }"},{"key":"Accept","value":"application/json"}],"method":"POST","body":{"mode":"raw","raw":"{\n  \"AddrInfo\": {\n    \"PostAddr\": [\n      {\n        \"OpenDt\": \"2017-05-05\",\n        \"RelationshipMgr\": [\n          {\n            \"RelationshipMgrIdent\": \"10\",\n            \"RelationshipRole\": \"Officer\"\n          },\n          {\n            \"RelationshipMgrIdent\": \"1\",\n            \"RelationshipRole\": \"ReferralOfficer\"\n          }\n        ],\n        \"OriginatingBranch\": \"1\",\n        \"ResponsibleBranch\": \"2\",\n        \"AddrFormatType\": \"Label\",\n        \"Addr1\": \"Amanore\",\n        \"City\": \"Pune\",\n        \"StateProv\": \"PN\",\n        \"PostalCode\": \"30097-1234\",\n        \"CountryCode\": {\n          \"CountryCodeSource\": \"SPCountryCode\",\n          \"CountryCodeValue\": \"52\"\n        },\n        \"AddrType\": \"Primary\",\n        \"Retention\": \"false\",\n        \"CensusTract\": \"25\",\n        \"CensusBlock\": \"9\",\n        \"ForeignFlag\": \"false\",\n        \"HandlingCode\": \"1\",\n        \"HandlingCodeOption\": \"Statements\",\n        \"MSACode\": \"12\"\n      },\n      {\n        \"Addr1\": \"Aristolia\",\n        \"City\": \"Pune\",\n        \"StateProv\": \"MH\",\n        \"PostalCode\": \"411028\",\n        \"CountryCode\": {\n          \"CountryCodeValue\": \"50\"\n        },\n        \"AddrType\": \"Seasonal\",\n        \"TimeFrame\": {\n          \"StartDt\": \"2017-06-06\",\n          \"EndDt\": \"2030-05-05\"\n        },\n        \"CensusTract\": \"2\",\n        \"CensusBlock\": \"0\",\n        \"ForeignFlag\": \"true\",\n        \"HandlingCode\": \"3\",\n        \"HandlingCodeOption\": \"StatementsNoticesChecks\",\n        \"MSACode\": \"5\"\n      }\n    ]\n  }\n}","options":{"raw":{"language":"json"}}}},"status":"Internal Server Error","code":500,"header":[{"key":"Content-Type","value":"application/json"}],"body":"{\n  \"Status\": {\n    \"StatusCode\": \"100\",\n    \"StatusDesc\": \"General Error\",\n    \"Severity\": \"Error\",\n    \"SvcProviderName\": \"Premier\",\n    \"ServerStatusCode\": \"500\",\n    \"ServerStatusDesc\": \"Internal Server Error\"\n  }\n}","cookie":[],"_postman_previewlanguage":"json"},{"id":"74659ae9-e113-4815-9064-956854ca96c6","name":"Service Unavailable","originalRequest":{"url":{"path":["address"],"host":["{{baseUrl}}"],"query":[],"variable":[]},"header":[{"disabled":false,"description":"(Required) EFX Header is a common and required component for all API calls, it contains authentication and client-related parameters. Please note that the header parameters should be sent as a JSON object under the EFXHeader parameter. To view the list of header parameters, <a href=\"../docs?path=docs/api-ref-EFX-header.md\" title=\"Click to open\"> click here.</a>","key":"EFXHeader","value":"{ \"TrnId\": \"f262cfa4-9da4-4a10-b48c-2e947ce3e66c\", \"OrganizationId\": \"PRMOrg10\", \"VendorId\": \"112233\", \"Context\":{ \"Channel\": \"WEB\" } }"},{"key":"Accept","value":"application/json"}],"method":"POST","body":{"mode":"raw","raw":"{\n  \"AddrInfo\": {\n    \"PostAddr\": [\n      {\n        \"OpenDt\": \"2017-05-05\",\n        \"RelationshipMgr\": [\n          {\n            \"RelationshipMgrIdent\": \"10\",\n            \"RelationshipRole\": \"Officer\"\n          },\n          {\n            \"RelationshipMgrIdent\": \"1\",\n            \"RelationshipRole\": \"ReferralOfficer\"\n          }\n        ],\n        \"OriginatingBranch\": \"1\",\n        \"ResponsibleBranch\": \"2\",\n        \"AddrFormatType\": \"Label\",\n        \"Addr1\": \"Amanore\",\n        \"City\": \"Pune\",\n        \"StateProv\": \"PN\",\n        \"PostalCode\": \"30097-1234\",\n        \"CountryCode\": {\n          \"CountryCodeSource\": \"SPCountryCode\",\n          \"CountryCodeValue\": \"52\"\n        },\n        \"AddrType\": \"Primary\",\n        \"Retention\": \"false\",\n        \"CensusTract\": \"25\",\n        \"CensusBlock\": \"9\",\n        \"ForeignFlag\": \"false\",\n        \"HandlingCode\": \"1\",\n        \"HandlingCodeOption\": \"Statements\",\n        \"MSACode\": \"12\"\n      },\n      {\n        \"Addr1\": \"Aristolia\",\n        \"City\": \"Pune\",\n        \"StateProv\": \"MH\",\n        \"PostalCode\": \"411028\",\n        \"CountryCode\": {\n          \"CountryCodeValue\": \"50\"\n        },\n        \"AddrType\": \"Seasonal\",\n        \"TimeFrame\": {\n          \"StartDt\": \"2017-06-06\",\n          \"EndDt\": \"2030-05-05\"\n        },\n        \"CensusTract\": \"2\",\n        \"CensusBlock\": \"0\",\n        \"ForeignFlag\": \"true\",\n        \"HandlingCode\": \"3\",\n        \"HandlingCodeOption\": \"StatementsNoticesChecks\",\n        \"MSACode\": \"5\"\n      }\n    ]\n  }\n}","options":{"raw":{"language":"json"}}}},"status":"Service Unavailable","code":503,"header":[{"key":"Content-Type","value":"application/json"}],"body":"{\n  \"Status\": {\n    \"StatusCode\": \"300\",\n    \"StatusDesc\": \"System Not Available\",\n    \"Severity\": \"Error\",\n    \"SvcProviderName\": \"Premier\",\n    \"ServerStatusCode\": \"503\",\n    \"ServerStatusDesc\": \"Service Unavailable\"\n  }\n}","cookie":[],"_postman_previewlanguage":"json"},{"id":"208bf158-982c-4f40-9055-701dd9932884","name":"Unexpected error","originalRequest":{"url":{"path":["address"],"host":["{{baseUrl}}"],"query":[],"variable":[]},"header":[{"disabled":false,"description":"(Required) EFX Header is a common and required component for all API calls, it contains authentication and client-related parameters. Please note that the header parameters should be sent as a JSON object under the EFXHeader parameter. To view the list of header parameters, <a href=\"../docs?path=docs/api-ref-EFX-header.md\" title=\"Click to open\"> click here.</a>","key":"EFXHeader","value":"{ \"TrnId\": \"f262cfa4-9da4-4a10-b48c-2e947ce3e66c\", \"OrganizationId\": \"PRMOrg10\", \"VendorId\": \"112233\", \"Context\":{ \"Channel\": \"WEB\" } }"},{"key":"Accept","value":"application/json"}],"method":"POST","body":{"mode":"raw","raw":"{\n  \"AddrInfo\": {\n    \"PostAddr\": [\n      {\n        \"OpenDt\": \"2017-05-05\",\n        \"RelationshipMgr\": [\n          {\n            \"RelationshipMgrIdent\": \"10\",\n            \"RelationshipRole\": \"Officer\"\n          },\n          {\n            \"RelationshipMgrIdent\": \"1\",\n            \"RelationshipRole\": \"ReferralOfficer\"\n          }\n        ],\n        \"OriginatingBranch\": \"1\",\n        \"ResponsibleBranch\": \"2\",\n        \"AddrFormatType\": \"Label\",\n        \"Addr1\": \"Amanore\",\n        \"City\": \"Pune\",\n        \"StateProv\": \"PN\",\n        \"PostalCode\": \"30097-1234\",\n        \"CountryCode\": {\n          \"CountryCodeSource\": \"SPCountryCode\",\n          \"CountryCodeValue\": \"52\"\n        },\n        \"AddrType\": \"Primary\",\n        \"Retention\": \"false\",\n        \"CensusTract\": \"25\",\n        \"CensusBlock\": \"9\",\n        \"ForeignFlag\": \"false\",\n        \"HandlingCode\": \"1\",\n        \"HandlingCodeOption\": \"Statements\",\n        \"MSACode\": \"12\"\n      },\n      {\n        \"Addr1\": \"Aristolia\",\n        \"City\": \"Pune\",\n        \"StateProv\": \"MH\",\n        \"PostalCode\": \"411028\",\n        \"CountryCode\": {\n          \"CountryCodeValue\": \"50\"\n        },\n        \"AddrType\": \"Seasonal\",\n        \"TimeFrame\": {\n          \"StartDt\": \"2017-06-06\",\n          \"EndDt\": \"2030-05-05\"\n        },\n        \"CensusTract\": \"2\",\n        \"CensusBlock\": \"0\",\n        \"ForeignFlag\": \"true\",\n        \"HandlingCode\": \"3\",\n        \"HandlingCodeOption\": \"StatementsNoticesChecks\",\n        \"MSACode\": \"5\"\n      }\n    ]\n  }\n}","options":{"raw":{"language":"json"}}}},"status":"Internal Server Error","code":500,"header":[{"key":"Content-Type","value":"application/json"}],"body":"{\n  \"status\": {\n    \"Severity\": \"Info\",\n    \"StatusCode\": \"eiusmod in laboru\",\n    \"StatusDesc\": \"ex est\",\n    \"SvcProviderName\": \"a\",\n    \"Id\": \"sed dolor\",\n    \"ServerStatusCode\": \"nisi esse dolo\",\n    \"ServerStatusDesc\": \"nostrud culpa cupidatat\",\n    \"OvrdExceptionInd\": false,\n    \"SubjectRole\": \"fugiat elit dolore culpa\",\n    \"SubjectElement\": [\n      {\n        \"Path\": \"qui dolore\",\n        \"ServerPath\": \"labore culpa in\",\n        \"Value\": \"et aute\"\n      },\n      {\n        \"Path\": \"amet\",\n        \"ServerPath\": \"reprehenderit Excepteur\",\n        \"Value\": \"ad quis magna\"\n      }\n    ],\n    \"ContentHTML\": \"adipisicing dolore tempor veniam\",\n    \"AdditionalStatus\": [\n      {\n        \"StatusCode\": \"Ut aute\",\n        \"StatusDesc\": \"ad nisi id\",\n        \"Severity\": \"Error\",\n        \"SvcProviderName\": \"in deserunt Lorem\",\n        \"ServerStatusCode\": \"id aliquip proident\",\n        \"ServerStatusDesc\": \"in sed laboris\",\n        \"OvrdExceptionInd\": false,\n        \"SubjectElement\": [\n          {\n            \"Path\": \"consectetur Ut\",\n            \"ServerPath\": \"Ut id esse\",\n            \"Value\": \"nulla adipisicing et mollit elit\"\n          },\n          {\n            \"Path\": \"labore eiusmod v\",\n            \"ServerPath\": \"est sunt dolor non\",\n            \"Value\": \"Excepteur qui ut nisi\"\n          }\n        ]\n      },\n      {\n        \"StatusCode\": \"cu\",\n        \"StatusDesc\": \"eiusmod ullamco\",\n        \"Severity\": \"Info\",\n        \"SvcProviderName\": \"ut tempor\",\n        \"ServerStatusCode\": \"mollit est\",\n        \"ServerStatusDesc\": \"nulla\",\n        \"OvrdExceptionInd\": true,\n        \"SubjectElement\": [\n          {\n            \"Path\": \"mollit ullamco velit\",\n            \"ServerPath\": \"sit aliquip consequat\",\n            \"Value\": \"dolor ea\"\n          },\n          {\n            \"Path\": \"in adipisicing aliquip occaecat aliqua\",\n            \"ServerPath\": \"sed temp\",\n            \"Value\": \"voluptate laboris consectetur\"\n          }\n        ]\n      }\n    ]\n  },\n  \"AddrStatusRec\": {\n    \"AddrKeys\": {\n      \"AddrId\": \"<string>\",\n      \"AddressIdent\": \"<string>\",\n      \"AddrType\": \"Primary\"\n    },\n    \"AddrStatus\": {\n      \"AddrStatusCode\": \"et mollit commodo cillum\",\n      \"EffDt\": \"2021-12-31T23:59:59.999\"\n    }\n  }\n}","cookie":[],"_postman_previewlanguage":"json"}],"event":[],"protocolProfileBehavior":{"disableBodyPruning":true}},{"id":"18051757-a760-415a-8fbd-d50cd943a054","name":"secured","item":[{"id":"ee541a6a-053a-498d-bed6-556a8c8e418a","name":"Delete Address.","request":{"name":"Delete Address.","description":{"content":"Deletes the existing address record associated with an account or party. <br> For more information about the Accountholder domain, <a href=\"../docs/?path=docs/fintechs/accountholder.md\" title=\"Click to open\">click here.</a> <br><br> <b>Relates to:</b> <ul> <li><a href=\"../docs/?path=docs/banks-and-CU/deposits.md\" title=\"Click to open\">Deposits</a></li> <li><a href=\"../docs/?path=docs/banks-and-CU/loans.md\" title=\"Click to open\">Loans</a></li> <li><a href=\"../docs/?path=docs/banks-and-CU/bank-servicing.md\" title=\"Click to open\">Bank Servicing</a></li> </ul>","type":"text/plain"},"url":{"path":["address","secured"],"host":["{{baseUrl}}"],"query":[],"variable":[]},"header":[{"disabled":false,"description":"(Required) EFX Header is a common and required component for all API calls, it contains authentication and client-related parameters. Please note that the header parameters should be sent as a JSON object under the EFXHeader parameter. To view the list of header parameters, <a href=\"../docs?path=docs/api-ref-EFX-header.md\" title=\"Click to open\"> click here.</a>","key":"EFXHeader","value":"OrganizationId,<string>,TrnId,<string>,VendorId,<string>,Context,[object Object]"},{"key":"Content-Type","value":"application/json"},{"key":"Accept","value":"application/json"}],"method":"PUT","auth":null,"body":{"mode":"raw","raw":"{\n  \"AddrKeys\": {\n    \"AddrId\": \"<string>\",\n    \"AddressIdent\": \"<string>\",\n    \"AddrType\": \"<string>\"\n  },\n  \"OvrdAutoAckInd\": \"<boolean>\",\n  \"OvrdExceptionData\": {\n    \"OverrideException\": [\n      {\n        \"SubjectRole\": \"<string>\",\n        \"SubjectIdent\": \"<string>\",\n        \"OvrdExceptionCode\": \"<string>\",\n        \"OvrdElement\": \"<object>\"\n      },\n      {\n        \"SubjectRole\": \"<string>\",\n        \"SubjectIdent\": \"<string>\",\n        \"OvrdExceptionCode\": \"<string>\",\n        \"OvrdElement\": \"<object>\"\n      }\n    ]\n  }\n}","options":{"raw":{"language":"json"}}}},"response":[{"id":"f7c964bb-7c5f-43d4-a896-e3eec89c3aa4","name":"Created","originalRequest":{"url":{"path":["address","secured"],"host":["{{baseUrl}}"],"query":[],"variable":[]},"header":[{"disabled":false,"description":"(Required) EFX Header is a common and required component for all API calls, it contains authentication and client-related parameters. Please note that the header parameters should be sent as a JSON object under the EFXHeader parameter. To view the list of header parameters, <a href=\"../docs?path=docs/api-ref-EFX-header.md\" title=\"Click to open\"> click here.</a>","key":"EFXHeader","value":"{ \"TrnId\": \"f262cfa4-9da4-4a10-b48c-2e947ce3e66c\", \"OrganizationId\": \"PRMOrg10\", \"VendorId\": \"112233\", \"Context\":{ \"Channel\": \"WEB\" } }"},{"key":"Accept","value":"application/json"}],"method":"PUT","body":{"mode":"raw","raw":"{\n  \"AddrKeys\": {\n    \"AddrId\": \"1771\"\n  }\n}","options":{"raw":{"language":"json"}}}},"status":"OK","code":200,"header":[{"key":"Content-Type","value":"application/json"}],"body":"{\n  \"Status\": {\n    \"StatusCode\": \"0\",\n    \"StatusDesc\": \"Success\",\n    \"Severity\": \"Info\",\n    \"SvcProviderName\": \"Premier\"\n  },\n  \"AddrStatusRec\": {\n    \"AddrKeys\": {\n      \"AddrId\": \"1771\"\n    },\n    \"AddrStatus\": {\n      \"AddrStatusCode\": \"Deleted\",\n      \"EffDt\": \"2022-01-18T05:50:22.313\"\n    }\n  }\n}","cookie":[],"_postman_previewlanguage":"json"},{"id":"c9507c40-f6ed-4330-a5cf-b0e6d3553b6f","name":"Unauthorized","originalRequest":{"url":{"path":["address","secured"],"host":["{{baseUrl}}"],"query":[],"variable":[]},"header":[{"disabled":false,"description":"(Required) EFX Header is a common and required component for all API calls, it contains authentication and client-related parameters. Please note that the header parameters should be sent as a JSON object under the EFXHeader parameter. To view the list of header parameters, <a href=\"../docs?path=docs/api-ref-EFX-header.md\" title=\"Click to open\"> click here.</a>","key":"EFXHeader","value":"{ \"TrnId\": \"f262cfa4-9da4-4a10-b48c-2e947ce3e66c\", \"OrganizationId\": \"PRMOrg10\", \"VendorId\": \"112233\", \"Context\":{ \"Channel\": \"WEB\" } }"},{"key":"Accept","value":"application/json"}],"method":"PUT","body":{"mode":"raw","raw":"{\n  \"AddrKeys\": {\n    \"AddrId\": \"1771\"\n  }\n}","options":{"raw":{"language":"json"}}}},"status":"Unauthorized","code":401,"header":[{"key":"Content-Type","value":"application/json"}],"body":"{\n  \"Status\": {\n    \"StatusCode\": \"1740\",\n    \"StatusDesc\": \"Authentication Failed\",\n    \"Severity\": \"Error\",\n    \"SvcProviderName\": \"Premier\",\n    \"ServerStatusCode\": \"401\",\n    \"ServerStatusDesc\": \"Unauthorized\"\n  }\n}","cookie":[],"_postman_previewlanguage":"json"},{"id":"5a83de92-546f-4feb-b7c9-dc50e52f4326","name":"Un-processable Entity","originalRequest":{"url":{"path":["address","secured"],"host":["{{baseUrl}}"],"query":[],"variable":[]},"header":[{"disabled":false,"description":"(Required) EFX Header is a common and required component for all API calls, it contains authentication and client-related parameters. Please note that the header parameters should be sent as a JSON object under the EFXHeader parameter. To view the list of header parameters, <a href=\"../docs?path=docs/api-ref-EFX-header.md\" title=\"Click to open\"> click here.</a>","key":"EFXHeader","value":"{ \"TrnId\": \"f262cfa4-9da4-4a10-b48c-2e947ce3e66c\", \"OrganizationId\": \"PRMOrg10\", \"VendorId\": \"112233\", \"Context\":{ \"Channel\": \"WEB\" } }"},{"key":"Accept","value":"application/json"}],"method":"PUT","body":{"mode":"raw","raw":"{\n  \"AddrKeys\": {\n    \"AddrId\": \"1771\"\n  }\n}","options":{"raw":{"language":"json"}}}},"status":"Unprocessable Entity (WebDAV) (RFC 4918)","code":422,"header":[{"key":"Content-Type","value":"application/json"}],"body":"{\n  \"Status\": {\n    \"StatusCode\": \"1090\",\n    \"StatusDesc\": \"Invalid Value\",\n    \"Severity\": \"Error\",\n    \"SvcProviderName\": \"Premier\",\n    \"ServerStatusCode\": \"422\",\n    \"ServerStatusDesc\": \"Unprocessable Entity\"\n  }\n}","cookie":[],"_postman_previewlanguage":"json"},{"id":"830c35b9-be41-4d10-99cd-4610e9a812da","name":"Internal Server Error","originalRequest":{"url":{"path":["address","secured"],"host":["{{baseUrl}}"],"query":[],"variable":[]},"header":[{"disabled":false,"description":"(Required) EFX Header is a common and required component for all API calls, it contains authentication and client-related parameters. Please note that the header parameters should be sent as a JSON object under the EFXHeader parameter. To view the list of header parameters, <a href=\"../docs?path=docs/api-ref-EFX-header.md\" title=\"Click to open\"> click here.</a>","key":"EFXHeader","value":"{ \"TrnId\": \"f262cfa4-9da4-4a10-b48c-2e947ce3e66c\", \"OrganizationId\": \"PRMOrg10\", \"VendorId\": \"112233\", \"Context\":{ \"Channel\": \"WEB\" } }"},{"key":"Accept","value":"application/json"}],"method":"PUT","body":{"mode":"raw","raw":"{\n  \"AddrKeys\": {\n    \"AddrId\": \"1771\"\n  }\n}","options":{"raw":{"language":"json"}}}},"status":"Internal Server Error","code":500,"header":[{"key":"Content-Type","value":"application/json"}],"body":"{\n  \"Status\": {\n    \"StatusCode\": \"100\",\n    \"StatusDesc\": \"General Error\",\n    \"Severity\": \"Error\",\n    \"SvcProviderName\": \"Premier\",\n    \"ServerStatusCode\": \"500\",\n    \"ServerStatusDesc\": \"Internal Server Error\"\n  }\n}","cookie":[],"_postman_previewlanguage":"json"},{"id":"063cd590-13a7-4233-b3c9-e29111203f20","name":"Service Unavailable","originalRequest":{"url":{"path":["address","secured"],"host":["{{baseUrl}}"],"query":[],"variable":[]},"header":[{"disabled":false,"description":"(Required) EFX Header is a common and required component for all API calls, it contains authentication and client-related parameters. Please note that the header parameters should be sent as a JSON object under the EFXHeader parameter. To view the list of header parameters, <a href=\"../docs?path=docs/api-ref-EFX-header.md\" title=\"Click to open\"> click here.</a>","key":"EFXHeader","value":"{ \"TrnId\": \"f262cfa4-9da4-4a10-b48c-2e947ce3e66c\", \"OrganizationId\": \"PRMOrg10\", \"VendorId\": \"112233\", \"Context\":{ \"Channel\": \"WEB\" } }"},{"key":"Accept","value":"application/json"}],"method":"PUT","body":{"mode":"raw","raw":"{\n  \"AddrKeys\": {\n    \"AddrId\": \"1771\"\n  }\n}","options":{"raw":{"language":"json"}}}},"status":"Service Unavailable","code":503,"header":[{"key":"Content-Type","value":"application/json"}],"body":"{\n  \"Status\": {\n    \"StatusCode\": \"300\",\n    \"StatusDesc\": \"System Not Available\",\n    \"Severity\": \"Error\",\n    \"SvcProviderName\": \"Premier\",\n    \"ServerStatusCode\": \"503\",\n    \"ServerStatusDesc\": \"Service Unavailable\"\n  }\n}","cookie":[],"_postman_previewlanguage":"json"},{"id":"aadfe0ec-5456-4ae6-a8d6-7d0cc52fd525","name":"See HTTP Status Code Standards","originalRequest":{"url":{"path":["address","secured"],"host":["{{baseUrl}}"],"query":[],"variable":[]},"header":[{"disabled":false,"description":"(Required) EFX Header is a common and required component for all API calls, it contains authentication and client-related parameters. Please note that the header parameters should be sent as a JSON object under the EFXHeader parameter. To view the list of header parameters, <a href=\"../docs?path=docs/api-ref-EFX-header.md\" title=\"Click to open\"> click here.</a>","key":"EFXHeader","value":"{ \"TrnId\": \"f262cfa4-9da4-4a10-b48c-2e947ce3e66c\", \"OrganizationId\": \"PRMOrg10\", \"VendorId\": \"112233\", \"Context\":{ \"Channel\": \"WEB\" } }"},{"key":"Accept","value":"application/json"}],"method":"PUT","body":{"mode":"raw","raw":"{\n  \"AddrKeys\": {\n    \"AddrId\": \"1771\"\n  }\n}","options":{"raw":{"language":"json"}}}},"status":"Internal Server Error","code":500,"header":[{"key":"Content-Type","value":"application/json"}],"body":"{\n  \"Status\": {\n    \"Severity\": \"Error\",\n    \"StatusCode\": \"aliquip cillum id\",\n    \"StatusDesc\": \"dolor consectetur\",\n    \"SvcProviderName\": \"occaecat deserunt aliqua dolore\",\n    \"Id\": \"laborum sed quis reprehenderit aliqua\",\n    \"ServerStatusCode\": \"fugiat ullamco e\",\n    \"ServerStatusDesc\": \"sint adipisicing officia\",\n    \"OvrdExceptionInd\": true,\n    \"SubjectRole\": \"consectetur eiusmod aliquip\",\n    \"SubjectElement\": [\n      {\n        \"Path\": \"do ex dolore anim\",\n        \"ServerPath\": \"reprehenderit anim\",\n        \"Value\": \"dolore in\"\n      },\n      {\n        \"Path\": \"non dolore irure nulla in\",\n        \"ServerPath\": \"reprehenderit\",\n        \"Value\": \"mollit adipisicing sunt\"\n      }\n    ],\n    \"ContentHTML\": \"pariatur ut minim sit veniam\",\n    \"AdditionalStatus\": [\n      {\n        \"StatusCode\": \"aliquip eiu\",\n        \"StatusDesc\": \"elit amet minim ea\",\n        \"Severity\": \"Warning\",\n        \"SvcProviderName\": \"sint\",\n        \"ServerStatusCode\": \"veniam aliqua\",\n        \"ServerStatusDesc\": \"nulla ex veniam laboris\",\n        \"OvrdExceptionInd\": true,\n        \"SubjectElement\": [\n          {\n            \"Path\": \"dolore occaecat\",\n            \"ServerPath\": \"elit\",\n            \"Value\": \"sunt ut laboris incididunt mollit\"\n          },\n          {\n            \"Path\": \"do commodo \",\n            \"ServerPath\": \"dolore nulla dolore\",\n            \"Value\": \"dolore adipisicing\"\n          }\n        ]\n      },\n      {\n        \"StatusCode\": \"dese\",\n        \"StatusDesc\": \"in est\",\n        \"Severity\": \"Error\",\n        \"SvcProviderName\": \"consectetur nisi Excepteur veniam\",\n        \"ServerStatusCode\": \"aliqua veniam in\",\n        \"ServerStatusDesc\": \"molli\",\n        \"OvrdExceptionInd\": false,\n        \"SubjectElement\": [\n          {\n            \"Path\": \"ullamco con\",\n            \"ServerPath\": \"aliqua\",\n            \"Value\": \"nulla ut ipsum\"\n          },\n          {\n            \"Path\": \"pariatur mollit\",\n            \"ServerPath\": \"esse id ipsum dolore eiusmod\",\n            \"Value\": \"\"\n          }\n        ]\n      }\n    ]\n  },\n  \"AddrStatusRec\": {\n    \"AddrKeys\": {\n      \"AddrId\": \"<string>\",\n      \"AddressIdent\": \"<string>\",\n      \"AddrType\": \"Primary\"\n    },\n    \"AddrStatus\": {\n      \"AddrStatusCode\": \"voluptate adipisicing consectetur pariatur\",\n      \"EffDt\": \"2021-12-31T23:59:59.999\"\n    }\n  }\n}","cookie":[],"_postman_previewlanguage":"json"}],"event":[],"protocolProfileBehavior":{"disableBodyPruning":true}},{"id":"690b3ce4-59e2-4d5b-8d8d-c8d2c5d941b9","name":"Get Address.","request":{"name":"Get Address.","description":{"content":"Retrieves the address record associated with an account or party. <br> For more information about the Accountholder domain, <a href=\"../docs/?path=docs/fintechs/accountholder.md\" title=\"Click to open\">click here.</a> <br><br> <b>Relates to:</b> <ul> <li><a href=\"../docs/?path=docs/banks-and-CU/deposits.md\" title=\"Click to open\">Deposits</a></li> <li><a href=\"../docs/?path=docs/banks-and-CU/loans.md\" title=\"Click to open\">Loans</a></li> <li><a href=\"../docs/?path=docs/banks-and-CU/bank-servicing.md\" title=\"Click to open\">Bank Servicing</a></li> </ul>","type":"text/plain"},"url":{"path":["address","secured"],"host":["{{baseUrl}}"],"query":[],"variable":[]},"header":[{"disabled":false,"description":"(Required) EFX Header is a common and required component for all API calls, it contains authentication and client-related parameters. Please note that the header parameters should be sent as a JSON object under the EFXHeader parameter. To view the list of header parameters, <a href=\"../docs?path=docs/api-ref-EFX-header.md\" title=\"Click to open\"> click here.</a>","key":"EFXHeader","value":"OrganizationId,<string>,TrnId,<string>,VendorId,<string>,Context,[object Object]"},{"key":"Content-Type","value":"application/json"},{"key":"Accept","value":"application/json"}],"method":"POST","auth":null,"body":{"mode":"raw","raw":"{\n  \"AddrSel\": {\n    \"AddrId\": \"<string>\",\n    \"Addr1\": \"<string>\",\n    \"Street\": \"<string>\"\n  }\n}","options":{"raw":{"language":"json"}}}},"response":[{"id":"596bb9b4-c841-4589-b76b-8300fa35e31f","name":"Created","originalRequest":{"url":{"path":["address","secured"],"host":["{{baseUrl}}"],"query":[],"variable":[]},"header":[{"disabled":false,"description":"(Required) EFX Header is a common and required component for all API calls, it contains authentication and client-related parameters. Please note that the header parameters should be sent as a JSON object under the EFXHeader parameter. To view the list of header parameters, <a href=\"../docs?path=docs/api-ref-EFX-header.md\" title=\"Click to open\"> click here.</a>","key":"EFXHeader","value":"{ \"TrnId\": \"f262cfa4-9da4-4a10-b48c-2e947ce3e66c\", \"OrganizationId\": \"PRMOrg10\", \"VendorId\": \"112233\", \"Context\":{ \"Channel\": \"WEB\" } }"},{"key":"Accept","value":"application/json"}],"method":"POST","body":{"mode":"raw","raw":"{\n  \"AddrSel\": {\n    \"Street\": \"1\"\n  }\n}","options":{"raw":{"language":"json"}}}},"status":"OK","code":200,"header":[{"key":"Content-Type","value":"application/json"}],"body":"{\n  \"Status\": {\n    \"StatusCode\": \"0\",\n    \"StatusDesc\": \"Success\",\n    \"Severity\": \"Info\",\n    \"SvcProviderName\": \"Premier\"\n  },\n  \"RecCtrlOut\": {\n    \"SentRecCount\": 8,\n    \"Cursor\": \"false\"\n  },\n  \"AddrRec\": [\n    {\n      \"AddrKeys\": {\n        \"AddressIdent\": \"201\",\n        \"AddrType\": \"Primary\"\n      },\n      \"AddrInfo\": {\n        \"PostAddr\": [\n          {\n            \"OpenDt\": \"2017-12-21\",\n            \"RelationshipMgr\": [\n              {\n                \"RelationshipMgrIdent\": \"0\",\n                \"RelationshipRole\": \"Officer\"\n              },\n              {\n                \"RelationshipMgrIdent\": \"0\",\n                \"RelationshipRole\": \"ReferralOfficer\"\n              }\n            ],\n            \"OriginatingBranch\": \"1\",\n            \"ResponsibleBranch\": \"1\",\n            \"AddrFormatType\": \"Label\",\n            \"Addr1\": \"1267 1ST          SUITE 523\",\n            \"Addr2\": \"\",\n            \"City\": \"WASHINGTON\",\n            \"StateProv\": \"DC\",\n            \"PostalCode\": \"12278-8272\",\n            \"AddrType\": \"Primary\",\n            \"CensusTract\": \"0\",\n            \"CensusBlock\": \"0\",\n            \"ForeignFlag\": false,\n            \"HandlingCode\": \"\",\n            \"HandlingCodeOption\": \"StatementsNoticesChecks\",\n            \"MSACode\": 0\n          }\n        ]\n      },\n      \"AddrStatus\": {\n        \"AddrStatusCode\": \"Valid\",\n        \"EffDt\": \"2022-01-18T05:43:17.425\"\n      }\n    },\n    {\n      \"AddrKeys\": {\n        \"AddressIdent\": \"476\",\n        \"AddrType\": \"Primary\"\n      },\n      \"AddrInfo\": {\n        \"PostAddr\": [\n          {\n            \"OpenDt\": \"2021-02-18\",\n            \"RelationshipMgr\": [\n              {\n                \"RelationshipMgrIdent\": \"0\",\n                \"RelationshipRole\": \"Officer\"\n              },\n              {\n                \"RelationshipMgrIdent\": \"0\",\n                \"RelationshipRole\": \"ReferralOfficer\"\n              }\n            ],\n            \"OriginatingBranch\": \"1\",\n            \"ResponsibleBranch\": \"1\",\n            \"AddrFormatType\": \"Label\",\n            \"Addr1\": \"1458 11TH STREET\",\n            \"Addr2\": \"\",\n            \"City\": \"PHOENIX\",\n            \"StateProv\": \"NV\",\n            \"PostalCode\": \"45215-0000\",\n            \"AddrType\": \"Primary\",\n            \"CensusTract\": \"0\",\n            \"CensusBlock\": \"0\",\n            \"ForeignFlag\": false,\n            \"HandlingCode\": \"\",\n            \"HandlingCodeOption\": \"StatementsNoticesChecks\",\n            \"MSACode\": 0\n          }\n        ]\n      },\n      \"AddrStatus\": {\n        \"AddrStatusCode\": \"Valid\",\n        \"EffDt\": \"2022-01-18T05:43:17.425\"\n      }\n    },\n    {\n      \"AddrKeys\": {\n        \"AddressIdent\": \"331\",\n        \"AddrType\": \"Primary\"\n      },\n      \"AddrInfo\": {\n        \"PostAddr\": [\n          {\n            \"OpenDt\": \"2016-12-18\",\n            \"RelationshipMgr\": [\n              {\n                \"RelationshipMgrIdent\": \"0\",\n                \"RelationshipRole\": \"Officer\"\n              },\n              {\n                \"RelationshipMgrIdent\": \"0\",\n                \"RelationshipRole\": \"ReferralOfficer\"\n              }\n            ],\n            \"OriginatingBranch\": \"2\",\n            \"ResponsibleBranch\": \"2\",\n            \"AddrFormatType\": \"Label\",\n            \"Addr1\": \"1345, OLD CHENEY ROAD\",\n            \"Addr2\": \"\",\n            \"City\": \"LINCOLN\",\n            \"StateProv\": \"NE\",\n            \"PostalCode\": \"68512-0000\",\n            \"AddrType\": \"Primary\",\n            \"CensusTract\": \"0\",\n            \"CensusBlock\": \"0\",\n            \"ForeignFlag\": false,\n            \"HandlingCode\": \"\",\n            \"HandlingCodeOption\": \"StatementsNoticesChecks\",\n            \"MSACode\": 0\n          }\n        ]\n      },\n      \"AddrStatus\": {\n        \"AddrStatusCode\": \"Valid\",\n        \"EffDt\": \"2022-01-18T05:43:17.427\"\n      }\n    },\n    {\n      \"AddrKeys\": {\n        \"AddressIdent\": \"1042\",\n        \"AddrType\": \"Primary\"\n      },\n      \"AddrInfo\": {\n        \"PostAddr\": [\n          {\n            \"OpenDt\": \"2020-06-01\",\n            \"RelationshipMgr\": [\n              {\n                \"RelationshipMgrIdent\": \"0\",\n                \"RelationshipRole\": \"Officer\"\n              },\n              {\n                \"RelationshipMgrIdent\": \"0\",\n                \"RelationshipRole\": \"ReferralOfficer\"\n              }\n            ],\n            \"OriginatingBranch\": \"1\",\n            \"ResponsibleBranch\": \"1\",\n            \"AddrFormatType\": \"Label\",\n            \"Addr1\": \"1345, OLD CHENEY ROAD,\",\n            \"Addr2\": \"\",\n            \"City\": \"LINCOLN\",\n            \"StateProv\": \"NE\",\n            \"PostalCode\": \"68512-0000\",\n            \"AddrType\": \"Primary\",\n            \"CensusTract\": \"0\",\n            \"CensusBlock\": \"0\",\n            \"ForeignFlag\": false,\n            \"HandlingCode\": \"\",\n            \"HandlingCodeOption\": \"StatementsNoticesChecks\",\n            \"MSACode\": 0\n          }\n        ]\n      },\n      \"AddrStatus\": {\n        \"AddrStatusCode\": \"Valid\",\n        \"EffDt\": \"2022-01-18T05:43:17.428\"\n      }\n    },\n    {\n      \"AddrKeys\": {\n        \"AddressIdent\": \"1167\",\n        \"AddrType\": \"Primary\"\n      },\n      \"AddrInfo\": {\n        \"PostAddr\": [\n          {\n            \"OpenDt\": \"2020-06-05\",\n            \"RelationshipMgr\": [\n              {\n                \"RelationshipMgrIdent\": \"0\",\n                \"RelationshipRole\": \"Officer\"\n              },\n              {\n                \"RelationshipMgrIdent\": \"0\",\n                \"RelationshipRole\": \"ReferralOfficer\"\n              }\n            ],\n            \"OriginatingBranch\": \"4\",\n            \"ResponsibleBranch\": \"4\",\n            \"AddrFormatType\": \"Label\",\n            \"Addr1\": \"1345, OLD CHENEY ROAD,\",\n            \"Addr2\": \"\",\n            \"City\": \"LINCOLN\",\n            \"StateProv\": \"NE\",\n            \"PostalCode\": \"68512-0000\",\n            \"AddrType\": \"Primary\",\n            \"CensusTract\": \"0\",\n            \"CensusBlock\": \"0\",\n            \"ForeignFlag\": false,\n            \"HandlingCode\": \"\",\n            \"HandlingCodeOption\": \"StatementsNoticesChecks\",\n            \"MSACode\": 0\n          }\n        ]\n      },\n      \"AddrStatus\": {\n        \"AddrStatusCode\": \"Valid\",\n        \"EffDt\": \"2022-01-18T05:43:17.428\"\n      }\n    },\n    {\n      \"AddrKeys\": {\n        \"AddressIdent\": \"1244\",\n        \"AddrType\": \"Primary\"\n      },\n      \"AddrInfo\": {\n        \"PostAddr\": [\n          {\n            \"OpenDt\": \"2019-06-05\",\n            \"RelationshipMgr\": [\n              {\n                \"RelationshipMgrIdent\": \"0\",\n                \"RelationshipRole\": \"Officer\"\n              },\n              {\n                \"RelationshipMgrIdent\": \"0\",\n                \"RelationshipRole\": \"ReferralOfficer\"\n              }\n            ],\n            \"OriginatingBranch\": \"1\",\n            \"ResponsibleBranch\": \"1\",\n            \"AddrFormatType\": \"Label\",\n            \"Addr1\": \"1345, OLD CHENEY ROAD,\",\n            \"Addr2\": \"\",\n            \"City\": \"LINCOLN\",\n            \"StateProv\": \"NE\",\n            \"PostalCode\": \"68512-0000\",\n            \"AddrType\": \"Primary\",\n            \"CensusTract\": \"0\",\n            \"CensusBlock\": \"0\",\n            \"ForeignFlag\": false,\n            \"HandlingCode\": \"\",\n            \"HandlingCodeOption\": \"StatementsNoticesChecks\",\n            \"MSACode\": 0\n          }\n        ]\n      },\n      \"AddrStatus\": {\n        \"AddrStatusCode\": \"Valid\",\n        \"EffDt\": \"2022-01-18T05:43:17.429\"\n      }\n    },\n    {\n      \"AddrKeys\": {\n        \"AddressIdent\": \"1299\",\n        \"AddrType\": \"Primary\"\n      },\n      \"AddrInfo\": {\n        \"PostAddr\": [\n          {\n            \"OpenDt\": \"2020-05-05\",\n            \"RelationshipMgr\": [\n              {\n                \"RelationshipMgrIdent\": \"0\",\n                \"RelationshipRole\": \"Officer\"\n              },\n              {\n                \"RelationshipMgrIdent\": \"0\",\n                \"RelationshipRole\": \"ReferralOfficer\"\n              }\n            ],\n            \"OriginatingBranch\": \"2\",\n            \"ResponsibleBranch\": \"2\",\n            \"AddrFormatType\": \"Label\",\n            \"Addr1\": \"1345, OLD CHENEY ROAD,\",\n            \"Addr2\": \"\",\n            \"City\": \"LINCOLN\",\n            \"StateProv\": \"NE\",\n            \"PostalCode\": \"68512-0000\",\n            \"AddrType\": \"Primary\",\n            \"CensusTract\": \"0\",\n            \"CensusBlock\": \"0\",\n            \"ForeignFlag\": false,\n            \"HandlingCode\": \"\",\n            \"HandlingCodeOption\": \"StatementsNoticesChecks\",\n            \"MSACode\": 0\n          }\n        ]\n      },\n      \"AddrStatus\": {\n        \"AddrStatusCode\": \"Valid\",\n        \"EffDt\": \"2022-01-18T05:43:17.429\"\n      }\n    },\n    {\n      \"AddrKeys\": {\n        \"AddressIdent\": \"475\",\n        \"AddrType\": \"Primary\"\n      },\n      \"AddrInfo\": {\n        \"PostAddr\": [\n          {\n            \"OpenDt\": \"2021-02-18\",\n            \"RelationshipMgr\": [\n              {\n                \"RelationshipMgrIdent\": \"0\",\n                \"RelationshipRole\": \"Officer\"\n              },\n              {\n                \"RelationshipMgrIdent\": \"0\",\n                \"RelationshipRole\": \"ReferralOfficer\"\n              }\n            ],\n            \"OriginatingBranch\": \"2\",\n            \"ResponsibleBranch\": \"2\",\n            \"AddrFormatType\": \"Label\",\n            \"Addr1\": \"1514 14TH STREET\",\n            \"Addr2\": \"\",\n            \"City\": \"DALLAS\",\n            \"StateProv\": \"TX\",\n            \"PostalCode\": \"41125-0000\",\n            \"AddrType\": \"Primary\",\n            \"CensusTract\": \"0\",\n            \"CensusBlock\": \"0\",\n            \"ForeignFlag\": false,\n            \"HandlingCode\": \"\",\n            \"HandlingCodeOption\": \"StatementsNoticesChecks\",\n            \"MSACode\": 0\n          }\n        ]\n      },\n      \"AddrStatus\": {\n        \"AddrStatusCode\": \"Valid\",\n        \"EffDt\": \"2022-01-18T05:43:17.448\"\n      }\n    }\n  ]\n}","cookie":[],"_postman_previewlanguage":"json"},{"id":"88c08a74-ba6a-4597-a3c1-aeeeb6d9c789","name":"Unauthorized","originalRequest":{"url":{"path":["address","secured"],"host":["{{baseUrl}}"],"query":[],"variable":[]},"header":[{"disabled":false,"description":"(Required) EFX Header is a common and required component for all API calls, it contains authentication and client-related parameters. Please note that the header parameters should be sent as a JSON object under the EFXHeader parameter. To view the list of header parameters, <a href=\"../docs?path=docs/api-ref-EFX-header.md\" title=\"Click to open\"> click here.</a>","key":"EFXHeader","value":"{ \"TrnId\": \"f262cfa4-9da4-4a10-b48c-2e947ce3e66c\", \"OrganizationId\": \"PRMOrg10\", \"VendorId\": \"112233\", \"Context\":{ \"Channel\": \"WEB\" } }"},{"key":"Accept","value":"application/json"}],"method":"POST","body":{"mode":"raw","raw":"{\n  \"AddrSel\": {\n    \"Street\": \"1\"\n  }\n}","options":{"raw":{"language":"json"}}}},"status":"Unauthorized","code":401,"header":[{"key":"Content-Type","value":"application/json"}],"body":"{\n  \"Status\": {\n    \"StatusCode\": \"1740\",\n    \"StatusDesc\": \"Authentication Failed\",\n    \"Severity\": \"Error\",\n    \"SvcProviderName\": \"Premier\",\n    \"ServerStatusCode\": \"401\",\n    \"ServerStatusDesc\": \"Unauthorized\"\n  }\n}","cookie":[],"_postman_previewlanguage":"json"},{"id":"55cc1b69-bd6c-4926-9098-53fcad82e1e1","name":"Un-processable Entity","originalRequest":{"url":{"path":["address","secured"],"host":["{{baseUrl}}"],"query":[],"variable":[]},"header":[{"disabled":false,"description":"(Required) EFX Header is a common and required component for all API calls, it contains authentication and client-related parameters. Please note that the header parameters should be sent as a JSON object under the EFXHeader parameter. To view the list of header parameters, <a href=\"../docs?path=docs/api-ref-EFX-header.md\" title=\"Click to open\"> click here.</a>","key":"EFXHeader","value":"{ \"TrnId\": \"f262cfa4-9da4-4a10-b48c-2e947ce3e66c\", \"OrganizationId\": \"PRMOrg10\", \"VendorId\": \"112233\", \"Context\":{ \"Channel\": \"WEB\" } }"},{"key":"Accept","value":"application/json"}],"method":"POST","body":{"mode":"raw","raw":"{\n  \"AddrSel\": {\n    \"Street\": \"1\"\n  }\n}","options":{"raw":{"language":"json"}}}},"status":"Unprocessable Entity (WebDAV) (RFC 4918)","code":422,"header":[{"key":"Content-Type","value":"application/json"}],"body":"{\n  \"Status\": {\n    \"StatusCode\": \"1090\",\n    \"StatusDesc\": \"Invalid Value\",\n    \"Severity\": \"Error\",\n    \"SvcProviderName\": \"Premier\",\n    \"ServerStatusCode\": \"422\",\n    \"ServerStatusDesc\": \"Unprocessable Entity\"\n  }\n}","cookie":[],"_postman_previewlanguage":"json"},{"id":"b4104690-4fa9-4307-ab92-376b8aa71ac0","name":"Internal Server Error","originalRequest":{"url":{"path":["address","secured"],"host":["{{baseUrl}}"],"query":[],"variable":[]},"header":[{"disabled":false,"description":"(Required) EFX Header is a common and required component for all API calls, it contains authentication and client-related parameters. Please note that the header parameters should be sent as a JSON object under the EFXHeader parameter. To view the list of header parameters, <a href=\"../docs?path=docs/api-ref-EFX-header.md\" title=\"Click to open\"> click here.</a>","key":"EFXHeader","value":"{ \"TrnId\": \"f262cfa4-9da4-4a10-b48c-2e947ce3e66c\", \"OrganizationId\": \"PRMOrg10\", \"VendorId\": \"112233\", \"Context\":{ \"Channel\": \"WEB\" } }"},{"key":"Accept","value":"application/json"}],"method":"POST","body":{"mode":"raw","raw":"{\n  \"AddrSel\": {\n    \"Street\": \"1\"\n  }\n}","options":{"raw":{"language":"json"}}}},"status":"Internal Server Error","code":500,"header":[{"key":"Content-Type","value":"application/json"}],"body":"{\n  \"Status\": {\n    \"StatusCode\": \"100\",\n    \"StatusDesc\": \"General Error\",\n    \"Severity\": \"Error\",\n    \"SvcProviderName\": \"Premier\",\n    \"ServerStatusCode\": \"500\",\n    \"ServerStatusDesc\": \"Internal Server Error\"\n  }\n}","cookie":[],"_postman_previewlanguage":"json"},{"id":"2798c529-666a-4b74-9667-c79369eec136","name":"Service Unavailable","originalRequest":{"url":{"path":["address","secured"],"host":["{{baseUrl}}"],"query":[],"variable":[]},"header":[{"disabled":false,"description":"(Required) EFX Header is a common and required component for all API calls, it contains authentication and client-related parameters. Please note that the header parameters should be sent as a JSON object under the EFXHeader parameter. To view the list of header parameters, <a href=\"../docs?path=docs/api-ref-EFX-header.md\" title=\"Click to open\"> click here.</a>","key":"EFXHeader","value":"{ \"TrnId\": \"f262cfa4-9da4-4a10-b48c-2e947ce3e66c\", \"OrganizationId\": \"PRMOrg10\", \"VendorId\": \"112233\", \"Context\":{ \"Channel\": \"WEB\" } }"},{"key":"Accept","value":"application/json"}],"method":"POST","body":{"mode":"raw","raw":"{\n  \"AddrSel\": {\n    \"Street\": \"1\"\n  }\n}","options":{"raw":{"language":"json"}}}},"status":"Service Unavailable","code":503,"header":[{"key":"Content-Type","value":"application/json"}],"body":"{\n  \"Status\": {\n    \"StatusCode\": \"300\",\n    \"StatusDesc\": \"System Not Available\",\n    \"Severity\": \"Error\",\n    \"SvcProviderName\": \"Premier\",\n    \"ServerStatusCode\": \"503\",\n    \"ServerStatusDesc\": \"Service Unavailable\"\n  }\n}","cookie":[],"_postman_previewlanguage":"json"},{"id":"f1c4dcb0-230b-4496-96e8-8323cfa6cd22","name":"See HTTP Status Code Standards","originalRequest":{"url":{"path":["address","secured"],"host":["{{baseUrl}}"],"query":[],"variable":[]},"header":[{"disabled":false,"description":"(Required) EFX Header is a common and required component for all API calls, it contains authentication and client-related parameters. Please note that the header parameters should be sent as a JSON object under the EFXHeader parameter. To view the list of header parameters, <a href=\"../docs?path=docs/api-ref-EFX-header.md\" title=\"Click to open\"> click here.</a>","key":"EFXHeader","value":"{ \"TrnId\": \"f262cfa4-9da4-4a10-b48c-2e947ce3e66c\", \"OrganizationId\": \"PRMOrg10\", \"VendorId\": \"112233\", \"Context\":{ \"Channel\": \"WEB\" } }"},{"key":"Accept","value":"application/json"}],"method":"POST","body":{"mode":"raw","raw":"{\n  \"AddrSel\": {\n    \"Street\": \"1\"\n  }\n}","options":{"raw":{"language":"json"}}}},"status":"Internal Server Error","code":500,"header":[{"key":"Content-Type","value":"application/json"}],"body":"{\n  \"Status\": {\n    \"Severity\": \"Error\",\n    \"StatusCode\": \"\",\n    \"StatusDesc\": \"irure Duis\",\n    \"SvcProviderName\": \"sit et\",\n    \"Id\": \"dolor\",\n    \"ServerStatusCode\": \"do\",\n    \"ServerStatusDesc\": \"sint dolor\",\n    \"OvrdExceptionInd\": false,\n    \"SubjectRole\": \"exercitation Excepteur consectetur\",\n    \"SubjectElement\": [\n      {\n        \"Path\": \"aliqua\",\n        \"ServerPath\": \"cupidatat eu elit proident ea\",\n        \"Value\": \"fugiat in reprehenderit laboris\"\n      },\n      {\n        \"Path\": \"\",\n        \"ServerPath\": \"dolore do consequat qui elit\",\n        \"Value\": \"exercitation proident sit aute\"\n      }\n    ],\n    \"ContentHTML\": \"quis \",\n    \"AdditionalStatus\": [\n      {\n        \"StatusCode\": \"\",\n        \"StatusDesc\": \"elit\",\n        \"Severity\": \"Warning\",\n        \"SvcProviderName\": \"id voluptate\",\n        \"ServerStatusCode\": \"c\",\n        \"ServerStatusDesc\": \"ut ex cillum eu\",\n        \"OvrdExceptionInd\": true,\n        \"SubjectElement\": [\n          {\n            \"Path\": \"ipsum nulla et\",\n            \"ServerPath\": \"laboris Ut nostrud labore\",\n            \"Value\": \"non est consequat deserunt\"\n          },\n          {\n            \"Path\": \"reprehenderit\",\n            \"ServerPath\": \"consectetur qui\",\n            \"Value\": \"ut consequat magna\"\n          }\n        ]\n      },\n      {\n        \"StatusCode\": \"dolor ullamco aute\",\n        \"StatusDesc\": \"ex dolore anim do\",\n        \"Severity\": \"Warning\",\n        \"SvcProviderName\": \"dolore nostrud tempor do\",\n        \"ServerStatusCode\": \"cillum o\",\n        \"ServerStatusDesc\": \"consectetur ex mollit\",\n        \"OvrdExceptionInd\": false,\n        \"SubjectElement\": [\n          {\n            \"Path\": \"dese\",\n            \"ServerPath\": \"enim nisi tempor\",\n            \"Value\": \"sit commodo\"\n          },\n          {\n            \"Path\": \"ut deserunt tempor\",\n            \"ServerPath\": \"tempor sunt\",\n            \"Value\": \"adipisicing\"\n          }\n        ]\n      }\n    ]\n  },\n  \"RecCtrlOut\": {\n    \"SentRecCount\": -96781034,\n    \"Cursor\": \"Duis labore in veniam\"\n  },\n  \"AddrRec\": [\n    {\n      \"AddrInfo\": {\n        \"PostAddr\": [\n          {\n            \"AddrType\": {\n              \"value\": \"<Error: Too many levels of nesting to fake this schema>\"\n            },\n            \"OpenDt\": {\n              \"value\": \"<Error: Too many levels of nesting to fake this schema>\"\n            },\n            \"RelationshipMgr\": {\n              \"value\": \"<Error: Too many levels of nesting to fake this schema>\"\n            },\n            \"OriginatingBranch\": {\n              \"value\": \"<Error: Too many levels of nesting to fake this schema>\"\n            },\n            \"ResponsibleBranch\": {\n              \"value\": \"<Error: Too many levels of nesting to fake this schema>\"\n            },\n            \"AddrFormatType\": {\n              \"value\": \"<Error: Too many levels of nesting to fake this schema>\"\n            },\n            \"Addr1\": {\n              \"value\": \"<Error: Too many levels of nesting to fake this schema>\"\n            },\n            \"Addr2\": {\n              \"value\": \"<Error: Too many levels of nesting to fake this schema>\"\n            },\n            \"City\": {\n              \"value\": \"<Error: Too many levels of nesting to fake this schema>\"\n            },\n            \"StateProv\": {\n              \"value\": \"<Error: Too many levels of nesting to fake this schema>\"\n            },\n            \"PostalCode\": {\n              \"value\": \"<Error: Too many levels of nesting to fake this schema>\"\n            },\n            \"CountryCode\": {\n              \"value\": \"<Error: Too many levels of nesting to fake this schema>\"\n            },\n            \"TimeFrame\": {\n              \"value\": \"<Error: Too many levels of nesting to fake this schema>\"\n            },\n            \"Retention\": {\n              \"value\": \"<Error: Too many levels of nesting to fake this schema>\"\n            },\n            \"CensusTract\": {\n              \"value\": \"<Error: Too many levels of nesting to fake this schema>\"\n            },\n            \"CensusBlock\": {\n              \"value\": \"<Error: Too many levels of nesting to fake this schema>\"\n            },\n            \"ForeignFlag\": {\n              \"value\": \"<Error: Too many levels of nesting to fake this schema>\"\n            },\n            \"HandlingCode\": {\n              \"value\": \"<Error: Too many levels of nesting to fake this schema>\"\n            },\n            \"HandlingCodeOption\": {\n              \"value\": \"<Error: Too many levels of nesting to fake this schema>\"\n            },\n            \"MSACode\": {\n              \"value\": \"<Error: Too many levels of nesting to fake this schema>\"\n            }\n          },\n          {\n            \"AddrType\": {\n              \"value\": \"<Error: Too many levels of nesting to fake this schema>\"\n            },\n            \"OpenDt\": {\n              \"value\": \"<Error: Too many levels of nesting to fake this schema>\"\n            },\n            \"RelationshipMgr\": {\n              \"value\": \"<Error: Too many levels of nesting to fake this schema>\"\n            },\n            \"OriginatingBranch\": {\n              \"value\": \"<Error: Too many levels of nesting to fake this schema>\"\n            },\n            \"ResponsibleBranch\": {\n              \"value\": \"<Error: Too many levels of nesting to fake this schema>\"\n            },\n            \"AddrFormatType\": {\n              \"value\": \"<Error: Too many levels of nesting to fake this schema>\"\n            },\n            \"Addr1\": {\n              \"value\": \"<Error: Too many levels of nesting to fake this schema>\"\n            },\n            \"Addr2\": {\n              \"value\": \"<Error: Too many levels of nesting to fake this schema>\"\n            },\n            \"City\": {\n              \"value\": \"<Error: Too many levels of nesting to fake this schema>\"\n            },\n            \"StateProv\": {\n              \"value\": \"<Error: Too many levels of nesting to fake this schema>\"\n            },\n            \"PostalCode\": {\n              \"value\": \"<Error: Too many levels of nesting to fake this schema>\"\n            },\n            \"CountryCode\": {\n              \"value\": \"<Error: Too many levels of nesting to fake this schema>\"\n            },\n            \"TimeFrame\": {\n              \"value\": \"<Error: Too many levels of nesting to fake this schema>\"\n            },\n            \"Retention\": {\n              \"value\": \"<Error: Too many levels of nesting to fake this schema>\"\n            },\n            \"CensusTract\": {\n              \"value\": \"<Error: Too many levels of nesting to fake this schema>\"\n            },\n            \"CensusBlock\": {\n              \"value\": \"<Error: Too many levels of nesting to fake this schema>\"\n            },\n            \"ForeignFlag\": {\n              \"value\": \"<Error: Too many levels of nesting to fake this schema>\"\n            },\n            \"HandlingCode\": {\n              \"value\": \"<Error: Too many levels of nesting to fake this schema>\"\n            },\n            \"HandlingCodeOption\": {\n              \"value\": \"<Error: Too many levels of nesting to fake this schema>\"\n            },\n            \"MSACode\": {\n              \"value\": \"<Error: Too many levels of nesting to fake this schema>\"\n            }\n          }\n        ],\n        \"AddrRelRef\": [\n          {\n            \"PartyKeys\": {\n              \"value\": \"<Error: Too many levels of nesting to fake this schema>\"\n            },\n            \"AcctKeys\": {\n              \"value\": \"<Error: Too many levels of nesting to fake this schema>\"\n            },\n            \"AddrUse\": \"<string>\"\n          },\n          {\n            \"PartyKeys\": {\n              \"value\": \"<Error: Too many levels of nesting to fake this schema>\"\n            },\n            \"AcctKeys\": {\n              \"value\": \"<Error: Too many levels of nesting to fake this schema>\"\n            },\n            \"AddrUse\": \"<string>\"\n          }\n        ]\n      },\n      \"AddrKeys\": {\n        \"AddrId\": \"<string>\",\n        \"AddressIdent\": \"<string>\",\n        \"AddrType\": \"Primary\"\n      },\n      \"AddrStatus\": {\n        \"AddrStatusCode\": \"eiusmod sunt incididunt ea\",\n        \"EffDt\": \"2021-12-31T23:59:59.999\"\n      }\n    },\n    {\n      \"AddrInfo\": {\n        \"PostAddr\": [\n          {\n            \"AddrType\": {\n              \"value\": \"<Error: Too many levels of nesting to fake this schema>\"\n            },\n            \"OpenDt\": {\n              \"value\": \"<Error: Too many levels of nesting to fake this schema>\"\n            },\n            \"RelationshipMgr\": {\n              \"value\": \"<Error: Too many levels of nesting to fake this schema>\"\n            },\n            \"OriginatingBranch\": {\n              \"value\": \"<Error: Too many levels of nesting to fake this schema>\"\n            },\n            \"ResponsibleBranch\": {\n              \"value\": \"<Error: Too many levels of nesting to fake this schema>\"\n            },\n            \"AddrFormatType\": {\n              \"value\": \"<Error: Too many levels of nesting to fake this schema>\"\n            },\n            \"Addr1\": {\n              \"value\": \"<Error: Too many levels of nesting to fake this schema>\"\n            },\n            \"Addr2\": {\n              \"value\": \"<Error: Too many levels of nesting to fake this schema>\"\n            },\n            \"City\": {\n              \"value\": \"<Error: Too many levels of nesting to fake this schema>\"\n            },\n            \"StateProv\": {\n              \"value\": \"<Error: Too many levels of nesting to fake this schema>\"\n            },\n            \"PostalCode\": {\n              \"value\": \"<Error: Too many levels of nesting to fake this schema>\"\n            },\n            \"CountryCode\": {\n              \"value\": \"<Error: Too many levels of nesting to fake this schema>\"\n            },\n            \"TimeFrame\": {\n              \"value\": \"<Error: Too many levels of nesting to fake this schema>\"\n            },\n            \"Retention\": {\n              \"value\": \"<Error: Too many levels of nesting to fake this schema>\"\n            },\n            \"CensusTract\": {\n              \"value\": \"<Error: Too many levels of nesting to fake this schema>\"\n            },\n            \"CensusBlock\": {\n              \"value\": \"<Error: Too many levels of nesting to fake this schema>\"\n            },\n            \"ForeignFlag\": {\n              \"value\": \"<Error: Too many levels of nesting to fake this schema>\"\n            },\n            \"HandlingCode\": {\n              \"value\": \"<Error: Too many levels of nesting to fake this schema>\"\n            },\n            \"HandlingCodeOption\": {\n              \"value\": \"<Error: Too many levels of nesting to fake this schema>\"\n            },\n            \"MSACode\": {\n              \"value\": \"<Error: Too many levels of nesting to fake this schema>\"\n            }\n          },\n          {\n            \"AddrType\": {\n              \"value\": \"<Error: Too many levels of nesting to fake this schema>\"\n            },\n            \"OpenDt\": {\n              \"value\": \"<Error: Too many levels of nesting to fake this schema>\"\n            },\n            \"RelationshipMgr\": {\n              \"value\": \"<Error: Too many levels of nesting to fake this schema>\"\n            },\n            \"OriginatingBranch\": {\n              \"value\": \"<Error: Too many levels of nesting to fake this schema>\"\n            },\n            \"ResponsibleBranch\": {\n              \"value\": \"<Error: Too many levels of nesting to fake this schema>\"\n            },\n            \"AddrFormatType\": {\n              \"value\": \"<Error: Too many levels of nesting to fake this schema>\"\n            },\n            \"Addr1\": {\n              \"value\": \"<Error: Too many levels of nesting to fake this schema>\"\n            },\n            \"Addr2\": {\n              \"value\": \"<Error: Too many levels of nesting to fake this schema>\"\n            },\n            \"City\": {\n              \"value\": \"<Error: Too many levels of nesting to fake this schema>\"\n            },\n            \"StateProv\": {\n              \"value\": \"<Error: Too many levels of nesting to fake this schema>\"\n            },\n            \"PostalCode\": {\n              \"value\": \"<Error: Too many levels of nesting to fake this schema>\"\n            },\n            \"CountryCode\": {\n              \"value\": \"<Error: Too many levels of nesting to fake this schema>\"\n            },\n            \"TimeFrame\": {\n              \"value\": \"<Error: Too many levels of nesting to fake this schema>\"\n            },\n            \"Retention\": {\n              \"value\": \"<Error: Too many levels of nesting to fake this schema>\"\n            },\n            \"CensusTract\": {\n              \"value\": \"<Error: Too many levels of nesting to fake this schema>\"\n            },\n            \"CensusBlock\": {\n              \"value\": \"<Error: Too many levels of nesting to fake this schema>\"\n            },\n            \"ForeignFlag\": {\n              \"value\": \"<Error: Too many levels of nesting to fake this schema>\"\n            },\n            \"HandlingCode\": {\n              \"value\": \"<Error: Too many levels of nesting to fake this schema>\"\n            },\n            \"HandlingCodeOption\": {\n              \"value\": \"<Error: Too many levels of nesting to fake this schema>\"\n            },\n            \"MSACode\": {\n              \"value\": \"<Error: Too many levels of nesting to fake this schema>\"\n            }\n          }\n        ],\n        \"AddrRelRef\": [\n          {\n            \"PartyKeys\": {\n              \"value\": \"<Error: Too many levels of nesting to fake this schema>\"\n            },\n            \"AcctKeys\": {\n              \"value\": \"<Error: Too many levels of nesting to fake this schema>\"\n            },\n            \"AddrUse\": \"<string>\"\n          },\n          {\n            \"PartyKeys\": {\n              \"value\": \"<Error: Too many levels of nesting to fake this schema>\"\n            },\n            \"AcctKeys\": {\n              \"value\": \"<Error: Too many levels of nesting to fake this schema>\"\n            },\n            \"AddrUse\": \"<string>\"\n          }\n        ]\n      },\n      \"AddrKeys\": {\n        \"AddrId\": \"<string>\",\n        \"AddressIdent\": \"<string>\",\n        \"AddrType\": \"Primary\"\n      },\n      \"AddrStatus\": {\n        \"AddrStatusCode\": \"exercitation voluptate ex\",\n        \"EffDt\": \"2021-12-31T23:59:59.999\"\n      }\n    }\n  ]\n}","cookie":[],"_postman_previewlanguage":"json"}],"event":[],"protocolProfileBehavior":{"disableBodyPruning":true}}],"event":[]}],"event":[]}],"event":[],"variable":[{"type":"string","value":"/","key":"baseUrl"}],"info":{"_postman_id":"51dbc7d4-24b1-4c5e-90e7-bba1976a30e6","name":"Address Service","schema":"https://schema.getpostman.com/json/collection/v2.1.0/collection.json","description":{"content":"The Address service manages addresses related to parties and product accounts.\n\nContact Support:\n Name: Roopy Cullum\n Email: Roopam.Cullum@Fiserv.com","type":"text/plain"}}}