{"item":[{"id":"a6202cd8-a1f6-4331-89c3-e66836a501af","name":"address","item":[{"id":"1f94272e-eab0-42da-8802-40fad495842d","name":"Update Address.","request":{"name":"Update Address.","description":{"content":"Modifies the existing address record associated with the financial account or Party.  <br> For more information about the Accountholder domain, <a href=\"../docs/?path=docs/fintechs/accountholder.md\" title=\"Click to open\">click here.</a> <br><br> <b>Relates to:</b>\n  <ul> \n    <li><a href=\"../docs/?path=docs/banks-and-CU/deposits.md\" title=\"Click to open\">Deposits</a></li>\n    <li><a href=\"../docs/?path=docs/banks-and-CU/loans.md\" title=\"Click to open\">Loans</a></li>\n    <li><a href=\"../docs/?path=docs/banks-and-CU/bank-servicing.md\" title=\"Click to open\">Bank Servicing</a></li>\n  </ul>","type":"text/plain"},"url":{"path":["address"],"host":["{{baseUrl}}"],"query":[],"variable":[]},"header":[{"disabled":false,"description":"(Required) EFX Header is a common and required component for all API calls, it contains authentication and client-related parameters. Please note that the header parameters should be sent as a JSON object under the EFXHeader parameter. To view the list of header parameters, <a href=\"../docs?path=docs/api-ref-EFX-header.md\" title=\"Click to open\"> click here.</a>","key":"EFXHeader","value":"OrganizationId,<string>,TrnId,<string>,VendorId,<string>,Context,[object Object]"},{"key":"Content-Type","value":"application/json"},{"key":"Accept","value":"application/json"}],"method":"PUT","auth":null,"body":{"mode":"raw","raw":"{\n  \"AddrInfo\": {\n    \"PostAddr\": [\n      {\n        \"value\": \"<Error: Could not resolve allOf schema\"\n      },\n      {\n        \"value\": \"<Error: Could not resolve allOf schema\"\n      }\n    ],\n    \"AddrRelRef\": [\n      {\n        \"PartyKeys\": {\n          \"PartyId\": \"<string>\"\n        },\n        \"AcctKeys\": {\n          \"AcctId\": \"<string>\",\n          \"AcctType\": \"<string>\"\n        },\n        \"AddrUse\": \"<string>\"\n      },\n      {\n        \"PartyKeys\": {\n          \"PartyId\": \"<string>\"\n        },\n        \"AcctKeys\": {\n          \"AcctId\": \"<string>\",\n          \"AcctType\": \"<string>\"\n        },\n        \"AddrUse\": \"<string>\"\n      }\n    ]\n  },\n  \"AddrKeys\": {\n    \"AddrId\": \"<string>\",\n    \"AddressIdent\": \"<string>\",\n    \"AddrType\": \"<string>\"\n  },\n  \"OvrdAutoAckInd\": \"<boolean>\",\n  \"OvrdExceptionData\": {\n    \"OverrideException\": [\n      {\n        \"SubjectRole\": \"<string>\",\n        \"SubjectIdent\": \"<string>\",\n        \"OvrdExceptionCode\": \"<string>\",\n        \"OvrdElement\": \"<object>\"\n      },\n      {\n        \"SubjectRole\": \"<string>\",\n        \"SubjectIdent\": \"<string>\",\n        \"OvrdExceptionCode\": \"<string>\",\n        \"OvrdElement\": \"<object>\"\n      }\n    ]\n  }\n}","options":{"raw":{"language":"json"}}}},"response":[{"id":"10bb19fa-9a0c-4f0f-8dfd-69c5f7bb787a","name":"Ok","originalRequest":{"url":{"path":["address"],"host":["{{baseUrl}}"],"query":[],"variable":[]},"header":[{"disabled":false,"description":"(Required) EFX Header is a common and required component for all API calls, it contains authentication and client-related parameters. Please note that the header parameters should be sent as a JSON object under the EFXHeader parameter. To view the list of header parameters, <a href=\"../docs?path=docs/api-ref-EFX-header.md\" title=\"Click to open\"> click here.</a>","key":"EFXHeader","value":"{ \"TrnId\": \"f262cfa4-9da4-4a10-b48c-2e947ce3e66c\", \"OrganizationId\": \"PRMOrg10\", \"VendorId\": \"112233\", \"Context\":{ \"Channel\": \"WEB\" } }"},{"key":"Accept","value":"application/json"}],"method":"PUT","body":{"mode":"raw","raw":"{\n  \"AddrKeys\": {\n    \"AddrId\": \"2277\"\n  },\n  \"AddrInfo\": {\n    \"PostAddr\": [\n      {\n        \"OpenDt\": \"2021-07-05\",\n        \"RelationshipMgr\": [\n          {\n            \"RelationshipMgrIdent\": \"10\",\n            \"RelationshipRole\": \"Officer\"\n          },\n          {\n            \"RelationshipMgrIdent\": \"1\",\n            \"RelationshipRole\": \"ReferralOfficer\"\n          }\n        ],\n        \"OriginatingBranch\": \"2\",\n        \"ResponsibleBranch\": \"3\",\n        \"AddrFormatType\": \"Parsed\",\n        \"Addr1\": \"Anil Tanakala Society\",\n        \"Addr2\": \"Tanakala 4\",\n        \"City\": \"AnilTanakala 4\",\n        \"StateProv\": \"MO\",\n        \"PostalCode\": \"63366-1234\",\n        \"CountryCode\": {\n          \"CountryCodeSource\": \"SPCountryCode\",\n          \"CountryCodeValue\": \"52\"\n        },\n        \"AddrType\": \"Seasonal\",\n        \"TimeFrame\": {\n          \"StartDt\": \"2017-06-06\",\n          \"EndDt\": \"2019-05-05\"\n        },\n        \"Retention\": false,\n        \"CensusTract\": \"20\",\n        \"CensusBlock\": \"10\",\n        \"ForeignFlag\": false,\n        \"HandlingCode\": \"1\",\n        \"MSACode\": 21\n      },\n      {\n        \"OpenDt\": \"2021-07-05\",\n        \"RelationshipMgr\": [\n          {\n            \"RelationshipMgrIdent\": \"10\",\n            \"RelationshipRole\": \"Officer\"\n          },\n          {\n            \"RelationshipMgrIdent\": \"1\",\n            \"RelationshipRole\": \"ReferralOfficer\"\n          }\n        ],\n        \"OriginatingBranch\": \"2\",\n        \"ResponsibleBranch\": \"3\",\n        \"AddrFormatType\": \"Parsed\",\n        \"Addr1\": \"Anil Tanakala Society\",\n        \"Addr2\": \"Tanakala 4\",\n        \"City\": \"AnilTanakala 4\",\n        \"StateProv\": \"MO\",\n        \"PostalCode\": \"63366-1234\",\n        \"CountryCode\": {\n          \"CountryCodeSource\": \"SPCountryCode\",\n          \"CountryCodeValue\": \"52\"\n        },\n        \"AddrType\": \"Primary\",\n        \"TimeFrame\": {\n          \"StartDt\": \"2017-06-06\",\n          \"EndDt\": \"2019-05-05\"\n        },\n        \"Retention\": false,\n        \"CensusTract\": \"20\",\n        \"CensusBlock\": \"10\",\n        \"ForeignFlag\": false,\n        \"HandlingCode\": \"1\",\n        \"MSACode\": 21\n      }\n    ]\n  }\n}","options":{"raw":{"language":"json"}}}},"status":"OK","code":200,"header":[{"key":"Content-Type","value":"application/json"}],"body":"{\n  \"Status\": {\n    \"StatusCode\": \"0\",\n    \"StatusDesc\": \"Success\",\n    \"Severity\": \"Info\",\n    \"SvcProviderName\": \"Premier\"\n  },\n  \"AddrStatusRec\": {\n    \"AddrKeys\": {\n      \"AddrId\": \"2277\"\n    },\n    \"AddrStatus\": {\n      \"AddrStatusCode\": \"Valid\",\n      \"EffDt\": \"2021-12-31T23:59:59.999\"\n    }\n  }\n}","cookie":[],"_postman_previewlanguage":"json"},{"id":"8274abe6-27a4-49eb-aca4-8eee51a58cc7","name":"Unauthorized","originalRequest":{"url":{"path":["address"],"host":["{{baseUrl}}"],"query":[],"variable":[]},"header":[{"disabled":false,"description":"(Required) EFX Header is a common and required component for all API calls, it contains authentication and client-related parameters. Please note that the header parameters should be sent as a JSON object under the EFXHeader parameter. To view the list of header parameters, <a href=\"../docs?path=docs/api-ref-EFX-header.md\" title=\"Click to open\"> click here.</a>","key":"EFXHeader","value":"{ \"TrnId\": \"f262cfa4-9da4-4a10-b48c-2e947ce3e66c\", \"OrganizationId\": \"PRMOrg10\", \"VendorId\": \"112233\", \"Context\":{ \"Channel\": \"WEB\" } }"},{"key":"Accept","value":"application/json"}],"method":"PUT","body":{"mode":"raw","raw":"{\n  \"AddrKeys\": {\n    \"AddrId\": \"2277\"\n  },\n  \"AddrInfo\": {\n    \"PostAddr\": [\n      {\n        \"OpenDt\": \"2021-07-05\",\n        \"RelationshipMgr\": [\n          {\n            \"RelationshipMgrIdent\": \"10\",\n            \"RelationshipRole\": \"Officer\"\n          },\n          {\n            \"RelationshipMgrIdent\": \"1\",\n            \"RelationshipRole\": \"ReferralOfficer\"\n          }\n        ],\n        \"OriginatingBranch\": \"2\",\n        \"ResponsibleBranch\": \"3\",\n        \"AddrFormatType\": \"Parsed\",\n        \"Addr1\": \"Anil Tanakala Society\",\n        \"Addr2\": \"Tanakala 4\",\n        \"City\": \"AnilTanakala 4\",\n        \"StateProv\": \"MO\",\n        \"PostalCode\": \"63366-1234\",\n        \"CountryCode\": {\n          \"CountryCodeSource\": \"SPCountryCode\",\n          \"CountryCodeValue\": \"52\"\n        },\n        \"AddrType\": \"Seasonal\",\n        \"TimeFrame\": {\n          \"StartDt\": \"2017-06-06\",\n          \"EndDt\": \"2019-05-05\"\n        },\n        \"Retention\": false,\n        \"CensusTract\": \"20\",\n        \"CensusBlock\": \"10\",\n        \"ForeignFlag\": false,\n        \"HandlingCode\": \"1\",\n        \"MSACode\": 21\n      },\n      {\n        \"OpenDt\": \"2021-07-05\",\n        \"RelationshipMgr\": [\n          {\n            \"RelationshipMgrIdent\": \"10\",\n            \"RelationshipRole\": \"Officer\"\n          },\n          {\n            \"RelationshipMgrIdent\": \"1\",\n            \"RelationshipRole\": \"ReferralOfficer\"\n          }\n        ],\n        \"OriginatingBranch\": \"2\",\n        \"ResponsibleBranch\": \"3\",\n        \"AddrFormatType\": \"Parsed\",\n        \"Addr1\": \"Anil Tanakala Society\",\n        \"Addr2\": \"Tanakala 4\",\n        \"City\": \"AnilTanakala 4\",\n        \"StateProv\": \"MO\",\n        \"PostalCode\": \"63366-1234\",\n        \"CountryCode\": {\n          \"CountryCodeSource\": \"SPCountryCode\",\n          \"CountryCodeValue\": \"52\"\n        },\n        \"AddrType\": \"Primary\",\n        \"TimeFrame\": {\n          \"StartDt\": \"2017-06-06\",\n          \"EndDt\": \"2019-05-05\"\n        },\n        \"Retention\": false,\n        \"CensusTract\": \"20\",\n        \"CensusBlock\": \"10\",\n        \"ForeignFlag\": false,\n        \"HandlingCode\": \"1\",\n        \"MSACode\": 21\n      }\n    ]\n  }\n}","options":{"raw":{"language":"json"}}}},"status":"Unauthorized","code":401,"header":[{"key":"Content-Type","value":"application/json"}],"body":"{\n  \"Status\": {\n    \"StatusCode\": \"1740\",\n    \"StatusDesc\": \"Authentication Failed\",\n    \"Severity\": \"Error\",\n    \"SvcProviderName\": \"Premier\",\n    \"ServerStatusCode\": \"401\",\n    \"ServerStatusDesc\": \"Unauthorized\"\n  }\n}","cookie":[],"_postman_previewlanguage":"json"},{"id":"9ebac1af-e1b5-434c-a10c-ee1228ce7773","name":"Un-processable Entity","originalRequest":{"url":{"path":["address"],"host":["{{baseUrl}}"],"query":[],"variable":[]},"header":[{"disabled":false,"description":"(Required) EFX Header is a common and required component for all API calls, it contains authentication and client-related parameters. Please note that the header parameters should be sent as a JSON object under the EFXHeader parameter. To view the list of header parameters, <a href=\"../docs?path=docs/api-ref-EFX-header.md\" title=\"Click to open\"> click here.</a>","key":"EFXHeader","value":"{ \"TrnId\": \"f262cfa4-9da4-4a10-b48c-2e947ce3e66c\", \"OrganizationId\": \"PRMOrg10\", \"VendorId\": \"112233\", \"Context\":{ \"Channel\": \"WEB\" } }"},{"key":"Accept","value":"application/json"}],"method":"PUT","body":{"mode":"raw","raw":"{\n  \"AddrKeys\": {\n    \"AddrId\": \"2277\"\n  },\n  \"AddrInfo\": {\n    \"PostAddr\": [\n      {\n        \"OpenDt\": \"2021-07-05\",\n        \"RelationshipMgr\": [\n          {\n            \"RelationshipMgrIdent\": \"10\",\n            \"RelationshipRole\": \"Officer\"\n          },\n          {\n            \"RelationshipMgrIdent\": \"1\",\n            \"RelationshipRole\": \"ReferralOfficer\"\n          }\n        ],\n        \"OriginatingBranch\": \"2\",\n        \"ResponsibleBranch\": \"3\",\n        \"AddrFormatType\": \"Parsed\",\n        \"Addr1\": \"Anil Tanakala Society\",\n        \"Addr2\": \"Tanakala 4\",\n        \"City\": \"AnilTanakala 4\",\n        \"StateProv\": \"MO\",\n        \"PostalCode\": \"63366-1234\",\n        \"CountryCode\": {\n          \"CountryCodeSource\": \"SPCountryCode\",\n          \"CountryCodeValue\": \"52\"\n        },\n        \"AddrType\": \"Seasonal\",\n        \"TimeFrame\": {\n          \"StartDt\": \"2017-06-06\",\n          \"EndDt\": \"2019-05-05\"\n        },\n        \"Retention\": false,\n        \"CensusTract\": \"20\",\n        \"CensusBlock\": \"10\",\n        \"ForeignFlag\": false,\n        \"HandlingCode\": \"1\",\n        \"MSACode\": 21\n      },\n      {\n        \"OpenDt\": \"2021-07-05\",\n        \"RelationshipMgr\": [\n          {\n            \"RelationshipMgrIdent\": \"10\",\n            \"RelationshipRole\": \"Officer\"\n          },\n          {\n            \"RelationshipMgrIdent\": \"1\",\n            \"RelationshipRole\": \"ReferralOfficer\"\n          }\n        ],\n        \"OriginatingBranch\": \"2\",\n        \"ResponsibleBranch\": \"3\",\n        \"AddrFormatType\": \"Parsed\",\n        \"Addr1\": \"Anil Tanakala Society\",\n        \"Addr2\": \"Tanakala 4\",\n        \"City\": \"AnilTanakala 4\",\n        \"StateProv\": \"MO\",\n        \"PostalCode\": \"63366-1234\",\n        \"CountryCode\": {\n          \"CountryCodeSource\": \"SPCountryCode\",\n          \"CountryCodeValue\": \"52\"\n        },\n        \"AddrType\": \"Primary\",\n        \"TimeFrame\": {\n          \"StartDt\": \"2017-06-06\",\n          \"EndDt\": \"2019-05-05\"\n        },\n        \"Retention\": false,\n        \"CensusTract\": \"20\",\n        \"CensusBlock\": \"10\",\n        \"ForeignFlag\": false,\n        \"HandlingCode\": \"1\",\n        \"MSACode\": 21\n      }\n    ]\n  }\n}","options":{"raw":{"language":"json"}}}},"status":"Unprocessable Entity (WebDAV) (RFC 4918)","code":422,"header":[{"key":"Content-Type","value":"application/json"}],"body":"{\n  \"Status\": {\n    \"StatusCode\": \"1090\",\n    \"StatusDesc\": \"Invalid Value\",\n    \"Severity\": \"Error\",\n    \"SvcProviderName\": \"Premier\",\n    \"ServerStatusCode\": \"422\",\n    \"ServerStatusDesc\": \"Unprocessable Entity\"\n  }\n}","cookie":[],"_postman_previewlanguage":"json"},{"id":"4a7d5164-c32d-4a65-abd4-2d6b215d1cfd","name":"Internal Server Error","originalRequest":{"url":{"path":["address"],"host":["{{baseUrl}}"],"query":[],"variable":[]},"header":[{"disabled":false,"description":"(Required) EFX Header is a common and required component for all API calls, it contains authentication and client-related parameters. Please note that the header parameters should be sent as a JSON object under the EFXHeader parameter. To view the list of header parameters, <a href=\"../docs?path=docs/api-ref-EFX-header.md\" title=\"Click to open\"> click here.</a>","key":"EFXHeader","value":"{ \"TrnId\": \"f262cfa4-9da4-4a10-b48c-2e947ce3e66c\", \"OrganizationId\": \"PRMOrg10\", \"VendorId\": \"112233\", \"Context\":{ \"Channel\": \"WEB\" } }"},{"key":"Accept","value":"application/json"}],"method":"PUT","body":{"mode":"raw","raw":"{\n  \"AddrKeys\": {\n    \"AddrId\": \"2277\"\n  },\n  \"AddrInfo\": {\n    \"PostAddr\": [\n      {\n        \"OpenDt\": \"2021-07-05\",\n        \"RelationshipMgr\": [\n          {\n            \"RelationshipMgrIdent\": \"10\",\n            \"RelationshipRole\": \"Officer\"\n          },\n          {\n            \"RelationshipMgrIdent\": \"1\",\n            \"RelationshipRole\": \"ReferralOfficer\"\n          }\n        ],\n        \"OriginatingBranch\": \"2\",\n        \"ResponsibleBranch\": \"3\",\n        \"AddrFormatType\": \"Parsed\",\n        \"Addr1\": \"Anil Tanakala Society\",\n        \"Addr2\": \"Tanakala 4\",\n        \"City\": \"AnilTanakala 4\",\n        \"StateProv\": \"MO\",\n        \"PostalCode\": \"63366-1234\",\n        \"CountryCode\": {\n          \"CountryCodeSource\": \"SPCountryCode\",\n          \"CountryCodeValue\": \"52\"\n        },\n        \"AddrType\": \"Seasonal\",\n        \"TimeFrame\": {\n          \"StartDt\": \"2017-06-06\",\n          \"EndDt\": \"2019-05-05\"\n        },\n        \"Retention\": false,\n        \"CensusTract\": \"20\",\n        \"CensusBlock\": \"10\",\n        \"ForeignFlag\": false,\n        \"HandlingCode\": \"1\",\n        \"MSACode\": 21\n      },\n      {\n        \"OpenDt\": \"2021-07-05\",\n        \"RelationshipMgr\": [\n          {\n            \"RelationshipMgrIdent\": \"10\",\n            \"RelationshipRole\": \"Officer\"\n          },\n          {\n            \"RelationshipMgrIdent\": \"1\",\n            \"RelationshipRole\": \"ReferralOfficer\"\n          }\n        ],\n        \"OriginatingBranch\": \"2\",\n        \"ResponsibleBranch\": \"3\",\n        \"AddrFormatType\": \"Parsed\",\n        \"Addr1\": \"Anil Tanakala Society\",\n        \"Addr2\": \"Tanakala 4\",\n        \"City\": \"AnilTanakala 4\",\n        \"StateProv\": \"MO\",\n        \"PostalCode\": \"63366-1234\",\n        \"CountryCode\": {\n          \"CountryCodeSource\": \"SPCountryCode\",\n          \"CountryCodeValue\": \"52\"\n        },\n        \"AddrType\": \"Primary\",\n        \"TimeFrame\": {\n          \"StartDt\": \"2017-06-06\",\n          \"EndDt\": \"2019-05-05\"\n        },\n        \"Retention\": false,\n        \"CensusTract\": \"20\",\n        \"CensusBlock\": \"10\",\n        \"ForeignFlag\": false,\n        \"HandlingCode\": \"1\",\n        \"MSACode\": 21\n      }\n    ]\n  }\n}","options":{"raw":{"language":"json"}}}},"status":"Internal Server Error","code":500,"header":[{"key":"Content-Type","value":"application/json"}],"body":"{\n  \"Status\": {\n    \"StatusCode\": \"100\",\n    \"StatusDesc\": \"General Error\",\n    \"Severity\": \"Error\",\n    \"SvcProviderName\": \"Premier\",\n    \"ServerStatusCode\": \"500\",\n    \"ServerStatusDesc\": \"Internal Server Error\"\n  }\n}","cookie":[],"_postman_previewlanguage":"json"},{"id":"72bd814f-3f71-4c91-bffe-59ceeac7251b","name":"Service Unavailable","originalRequest":{"url":{"path":["address"],"host":["{{baseUrl}}"],"query":[],"variable":[]},"header":[{"disabled":false,"description":"(Required) EFX Header is a common and required component for all API calls, it contains authentication and client-related parameters. Please note that the header parameters should be sent as a JSON object under the EFXHeader parameter. To view the list of header parameters, <a href=\"../docs?path=docs/api-ref-EFX-header.md\" title=\"Click to open\"> click here.</a>","key":"EFXHeader","value":"{ \"TrnId\": \"f262cfa4-9da4-4a10-b48c-2e947ce3e66c\", \"OrganizationId\": \"PRMOrg10\", \"VendorId\": \"112233\", \"Context\":{ \"Channel\": \"WEB\" } }"},{"key":"Accept","value":"application/json"}],"method":"PUT","body":{"mode":"raw","raw":"{\n  \"AddrKeys\": {\n    \"AddrId\": \"2277\"\n  },\n  \"AddrInfo\": {\n    \"PostAddr\": [\n      {\n        \"OpenDt\": \"2021-07-05\",\n        \"RelationshipMgr\": [\n          {\n            \"RelationshipMgrIdent\": \"10\",\n            \"RelationshipRole\": \"Officer\"\n          },\n          {\n            \"RelationshipMgrIdent\": \"1\",\n            \"RelationshipRole\": \"ReferralOfficer\"\n          }\n        ],\n        \"OriginatingBranch\": \"2\",\n        \"ResponsibleBranch\": \"3\",\n        \"AddrFormatType\": \"Parsed\",\n        \"Addr1\": \"Anil Tanakala Society\",\n        \"Addr2\": \"Tanakala 4\",\n        \"City\": \"AnilTanakala 4\",\n        \"StateProv\": \"MO\",\n        \"PostalCode\": \"63366-1234\",\n        \"CountryCode\": {\n          \"CountryCodeSource\": \"SPCountryCode\",\n          \"CountryCodeValue\": \"52\"\n        },\n        \"AddrType\": \"Seasonal\",\n        \"TimeFrame\": {\n          \"StartDt\": \"2017-06-06\",\n          \"EndDt\": \"2019-05-05\"\n        },\n        \"Retention\": false,\n        \"CensusTract\": \"20\",\n        \"CensusBlock\": \"10\",\n        \"ForeignFlag\": false,\n        \"HandlingCode\": \"1\",\n        \"MSACode\": 21\n      },\n      {\n        \"OpenDt\": \"2021-07-05\",\n        \"RelationshipMgr\": [\n          {\n            \"RelationshipMgrIdent\": \"10\",\n            \"RelationshipRole\": \"Officer\"\n          },\n          {\n            \"RelationshipMgrIdent\": \"1\",\n            \"RelationshipRole\": \"ReferralOfficer\"\n          }\n        ],\n        \"OriginatingBranch\": \"2\",\n        \"ResponsibleBranch\": \"3\",\n        \"AddrFormatType\": \"Parsed\",\n        \"Addr1\": \"Anil Tanakala Society\",\n        \"Addr2\": \"Tanakala 4\",\n        \"City\": \"AnilTanakala 4\",\n        \"StateProv\": \"MO\",\n        \"PostalCode\": \"63366-1234\",\n        \"CountryCode\": {\n          \"CountryCodeSource\": \"SPCountryCode\",\n          \"CountryCodeValue\": \"52\"\n        },\n        \"AddrType\": \"Primary\",\n        \"TimeFrame\": {\n          \"StartDt\": \"2017-06-06\",\n          \"EndDt\": \"2019-05-05\"\n        },\n        \"Retention\": false,\n        \"CensusTract\": \"20\",\n        \"CensusBlock\": \"10\",\n        \"ForeignFlag\": false,\n        \"HandlingCode\": \"1\",\n        \"MSACode\": 21\n      }\n    ]\n  }\n}","options":{"raw":{"language":"json"}}}},"status":"Service Unavailable","code":503,"header":[{"key":"Content-Type","value":"application/json"}],"body":"{\n  \"Status\": {\n    \"StatusCode\": \"300\",\n    \"StatusDesc\": \"System Not Available\",\n    \"Severity\": \"Error\",\n    \"SvcProviderName\": \"Premier\",\n    \"ServerStatusCode\": \"503\",\n    \"ServerStatusDesc\": \"Service Unavailable\"\n  }\n}","cookie":[],"_postman_previewlanguage":"json"},{"id":"eff8064f-3ef3-4005-87f0-4ad36ac5e0c0","name":"Unexpected error","originalRequest":{"url":{"path":["address"],"host":["{{baseUrl}}"],"query":[],"variable":[]},"header":[{"disabled":false,"description":"(Required) EFX Header is a common and required component for all API calls, it contains authentication and client-related parameters. Please note that the header parameters should be sent as a JSON object under the EFXHeader parameter. To view the list of header parameters, <a href=\"../docs?path=docs/api-ref-EFX-header.md\" title=\"Click to open\"> click here.</a>","key":"EFXHeader","value":"{ \"TrnId\": \"f262cfa4-9da4-4a10-b48c-2e947ce3e66c\", \"OrganizationId\": \"PRMOrg10\", \"VendorId\": \"112233\", \"Context\":{ \"Channel\": \"WEB\" } }"},{"key":"Accept","value":"application/json"}],"method":"PUT","body":{"mode":"raw","raw":"{\n  \"AddrKeys\": {\n    \"AddrId\": \"2277\"\n  },\n  \"AddrInfo\": {\n    \"PostAddr\": [\n      {\n        \"OpenDt\": \"2021-07-05\",\n        \"RelationshipMgr\": [\n          {\n            \"RelationshipMgrIdent\": \"10\",\n            \"RelationshipRole\": \"Officer\"\n          },\n          {\n            \"RelationshipMgrIdent\": \"1\",\n            \"RelationshipRole\": \"ReferralOfficer\"\n          }\n        ],\n        \"OriginatingBranch\": \"2\",\n        \"ResponsibleBranch\": \"3\",\n        \"AddrFormatType\": \"Parsed\",\n        \"Addr1\": \"Anil Tanakala Society\",\n        \"Addr2\": \"Tanakala 4\",\n        \"City\": \"AnilTanakala 4\",\n        \"StateProv\": \"MO\",\n        \"PostalCode\": \"63366-1234\",\n        \"CountryCode\": {\n          \"CountryCodeSource\": \"SPCountryCode\",\n          \"CountryCodeValue\": \"52\"\n        },\n        \"AddrType\": \"Seasonal\",\n        \"TimeFrame\": {\n          \"StartDt\": \"2017-06-06\",\n          \"EndDt\": \"2019-05-05\"\n        },\n        \"Retention\": false,\n        \"CensusTract\": \"20\",\n        \"CensusBlock\": \"10\",\n        \"ForeignFlag\": false,\n        \"HandlingCode\": \"1\",\n        \"MSACode\": 21\n      },\n      {\n        \"OpenDt\": \"2021-07-05\",\n        \"RelationshipMgr\": [\n          {\n            \"RelationshipMgrIdent\": \"10\",\n            \"RelationshipRole\": \"Officer\"\n          },\n          {\n            \"RelationshipMgrIdent\": \"1\",\n            \"RelationshipRole\": \"ReferralOfficer\"\n          }\n        ],\n        \"OriginatingBranch\": \"2\",\n        \"ResponsibleBranch\": \"3\",\n        \"AddrFormatType\": \"Parsed\",\n        \"Addr1\": \"Anil Tanakala Society\",\n        \"Addr2\": \"Tanakala 4\",\n        \"City\": \"AnilTanakala 4\",\n        \"StateProv\": \"MO\",\n        \"PostalCode\": \"63366-1234\",\n        \"CountryCode\": {\n          \"CountryCodeSource\": \"SPCountryCode\",\n          \"CountryCodeValue\": \"52\"\n        },\n        \"AddrType\": \"Primary\",\n        \"TimeFrame\": {\n          \"StartDt\": \"2017-06-06\",\n          \"EndDt\": \"2019-05-05\"\n        },\n        \"Retention\": false,\n        \"CensusTract\": \"20\",\n        \"CensusBlock\": \"10\",\n        \"ForeignFlag\": false,\n        \"HandlingCode\": \"1\",\n        \"MSACode\": 21\n      }\n    ]\n  }\n}","options":{"raw":{"language":"json"}}}},"status":"Internal Server Error","code":500,"header":[{"key":"Content-Type","value":"application/json"}],"body":"{\n  \"Status\": {\n    \"Severity\": \"Info\",\n    \"StatusCode\": \"labore reprehend\",\n    \"StatusDesc\": \"cupidatat veniam non\",\n    \"SvcProviderName\": \"nostrud laboris esse do\",\n    \"Id\": \"dolor irure\",\n    \"ServerStatusCode\": \"consectetur\",\n    \"ServerStatusDesc\": \"ad laborum veniam\",\n    \"OvrdExceptionInd\": true,\n    \"SubjectRole\": \"sint\",\n    \"SubjectElement\": [\n      {\n        \"Path\": \"culpa\",\n        \"ServerPath\": \"s\",\n        \"Value\": \"aliquip proident\"\n      },\n      {\n        \"Path\": \"sint velit\",\n        \"ServerPath\": \"mollit consequat elit\",\n        \"Value\": \"ut dolor magna\"\n      }\n    ],\n    \"ContentHTML\": \"amet Ut ipsum in\",\n    \"AdditionalStatus\": [\n      {\n        \"StatusCode\": \"n\",\n        \"StatusDesc\": \"sit veniam Ut\",\n        \"Severity\": \"Error\",\n        \"SvcProviderName\": \"pariatur ea\",\n        \"ServerStatusCode\": \"Excepteur et\",\n        \"ServerStatusDesc\": \"velit culpa ut\",\n        \"OvrdExceptionInd\": false,\n        \"SubjectElement\": [\n          {\n            \"Path\": \"pariatur\",\n            \"ServerPath\": \"est in\",\n            \"Value\": \"est officia cupidatat\"\n          },\n          {\n            \"Path\": \"quis sunt labore consequat voluptate\",\n            \"ServerPath\": \"voluptate labore culpa\",\n            \"Value\": \"Excepteur aute\"\n          }\n        ]\n      },\n      {\n        \"StatusCode\": \"enim incididunt\",\n        \"StatusDesc\": \"elit ut nulla\",\n        \"Severity\": \"Info\",\n        \"SvcProviderName\": \"sed ad Duis\",\n        \"ServerStatusCode\": \"ut et est nulla inci\",\n        \"ServerStatusDesc\": \"dolore deserunt\",\n        \"OvrdExceptionInd\": true,\n        \"SubjectElement\": [\n          {\n            \"Path\": \"Lorem commodo Duis\",\n            \"ServerPath\": \"id labore ut aliqua commodo\",\n            \"Value\": \"ipsum cupidatat do\"\n          },\n          {\n            \"Path\": \"enim sunt nost\",\n            \"ServerPath\": \"pariatur commodo reprehenderit\",\n            \"Value\": \"reprehenderit esse\"\n          }\n        ]\n      }\n    ]\n  },\n  \"AddrStatusRec\": {\n    \"AddrKeys\": {\n      \"AddrId\": \"<string>\",\n      \"AddressIdent\": \"<string>\",\n      \"AddrType\": \"Primary\"\n    },\n    \"AddrStatus\": {\n      \"AddrStatusCode\": \"dolore ullamco\",\n      \"EffDt\": \"2021-12-31T23:59:59.999\"\n    }\n  }\n}","cookie":[],"_postman_previewlanguage":"json"}],"event":[],"protocolProfileBehavior":{"disableBodyPruning":true}},{"id":"0fac2747-57bf-45fb-ba89-e23c541e3d5b","name":"Add Address.","request":{"name":"Add Address.","description":{"content":"Creates a new address record for a Party or a financial account. This API also allows you to relate a newly created account record to the existing Party. <br> For more information about the Accountholder domain, <a href=\"../docs/?path=docs/fintechs/accountholder.md\" title=\"Click to open\">click here.</a> <br><br> <b>Relates to:</b>\n  <ul> \n    <li><a href=\"../docs/?path=docs/banks-and-CU/deposits.md\" title=\"Click to open\">Deposits</a></li>\n    <li><a href=\"../docs/?path=docs/banks-and-CU/loans.md\" title=\"Click to open\">Loans</a></li>\n    <li><a href=\"../docs/?path=docs/banks-and-CU/bank-servicing.md\" title=\"Click to open\">Bank Servicing</a></li>\n  </ul> ","type":"text/plain"},"url":{"path":["address"],"host":["{{baseUrl}}"],"query":[],"variable":[]},"header":[{"disabled":false,"description":"(Required) EFX Header is a common and required component for all API calls, it contains authentication and client-related parameters. Please note that the header parameters should be sent as a JSON object under the EFXHeader parameter. To view the list of header parameters, <a href=\"../docs?path=docs/api-ref-EFX-header.md\" title=\"Click to open\"> click here.</a>","key":"EFXHeader","value":"OrganizationId,<string>,TrnId,<string>,VendorId,<string>,Context,[object Object]"},{"key":"Content-Type","value":"application/json"},{"key":"Accept","value":"application/json"}],"method":"POST","auth":null,"body":{"mode":"raw","raw":"{\n  \"AddrInfo\": {\n    \"PostAddr\": [\n      {\n        \"value\": \"<Error: Could not resolve allOf schema\"\n      },\n      {\n        \"value\": \"<Error: Could not resolve allOf schema\"\n      }\n    ],\n    \"AddrRelRef\": [\n      {\n        \"PartyKeys\": {\n          \"PartyId\": \"<string>\"\n        },\n        \"AcctKeys\": {\n          \"AcctId\": \"<string>\",\n          \"AcctType\": \"<string>\"\n        },\n        \"AddrUse\": \"<string>\"\n      },\n      {\n        \"PartyKeys\": {\n          \"PartyId\": \"<string>\"\n        },\n        \"AcctKeys\": {\n          \"AcctId\": \"<string>\",\n          \"AcctType\": \"<string>\"\n        },\n        \"AddrUse\": \"<string>\"\n      }\n    ]\n  },\n  \"OvrdAutoAckInd\": \"<boolean>\",\n  \"OvrdExceptionData\": {\n    \"OverrideException\": [\n      {\n        \"SubjectRole\": \"<string>\",\n        \"SubjectIdent\": \"<string>\",\n        \"OvrdExceptionCode\": \"<string>\",\n        \"OvrdElement\": \"<object>\"\n      },\n      {\n        \"SubjectRole\": \"<string>\",\n        \"SubjectIdent\": \"<string>\",\n        \"OvrdExceptionCode\": \"<string>\",\n        \"OvrdElement\": \"<object>\"\n      }\n    ]\n  }\n}","options":{"raw":{"language":"json"}}}},"response":[{"id":"cabc12dd-6594-45fb-bd41-4a0dc3dd12ff","name":"Created","originalRequest":{"url":{"path":["address"],"host":["{{baseUrl}}"],"query":[],"variable":[]},"header":[{"disabled":false,"description":"(Required) EFX Header is a common and required component for all API calls, it contains authentication and client-related parameters. Please note that the header parameters should be sent as a JSON object under the EFXHeader parameter. To view the list of header parameters, <a href=\"../docs?path=docs/api-ref-EFX-header.md\" title=\"Click to open\"> click here.</a>","key":"EFXHeader","value":"{ \"TrnId\": \"f262cfa4-9da4-4a10-b48c-2e947ce3e66c\", \"OrganizationId\": \"PRMOrg10\", \"VendorId\": \"112233\", \"Context\":{ \"Channel\": \"WEB\" } }"},{"key":"Accept","value":"application/json"}],"method":"POST","body":{"mode":"raw","raw":"{\n  \"AddrInfo\": {\n    \"PostAddr\": [\n      {\n        \"OpenDt\": \"2017-05-05\",\n        \"RelationshipMgr\": [\n          {\n            \"RelationshipMgrIdent\": \"10\",\n            \"RelationshipRole\": \"Officer\"\n          },\n          {\n            \"RelationshipMgrIdent\": \"1\",\n            \"RelationshipRole\": \"ReferralOfficer\"\n          }\n        ],\n        \"OriginatingBranch\": \"1\",\n        \"ResponsibleBranch\": \"2\",\n        \"AddrFormatType\": \"Label\",\n        \"Addr1\": \"Amanore\",\n        \"City\": \"Pune\",\n        \"StateProv\": \"PN\",\n        \"PostalCode\": \"30097-1234\",\n        \"CountryCode\": {\n          \"CountryCodeSource\": \"SPCountryCode\",\n          \"CountryCodeValue\": \"52\"\n        },\n        \"AddrType\": \"Primary\",\n        \"Retention\": \"false\",\n        \"CensusTract\": \"25\",\n        \"CensusBlock\": \"9\",\n        \"ForeignFlag\": \"false\",\n        \"HandlingCode\": \"1\",\n        \"HandlingCodeOption\": \"Statements\",\n        \"MSACode\": \"12\"\n      },\n      {\n        \"Addr1\": \"Aristolia\",\n        \"City\": \"Pune\",\n        \"StateProv\": \"MH\",\n        \"PostalCode\": \"411028\",\n        \"CountryCode\": {\n          \"CountryCodeValue\": \"50\"\n        },\n        \"AddrType\": \"Seasonal\",\n        \"TimeFrame\": {\n          \"StartDt\": \"2017-06-06\",\n          \"EndDt\": \"2030-05-05\"\n        },\n        \"CensusTract\": \"2\",\n        \"CensusBlock\": \"0\",\n        \"ForeignFlag\": \"true\",\n        \"HandlingCode\": \"3\",\n        \"HandlingCodeOption\": \"StatementsNoticesChecks\",\n        \"MSACode\": \"5\"\n      }\n    ]\n  }\n}","options":{"raw":{"language":"json"}}}},"status":"Created","code":201,"header":[{"key":"Content-Type","value":"application/json"}],"body":"{\n  \"Status\": {\n    \"StatusCode\": \"0\",\n    \"StatusDesc\": \"Success\",\n    \"Severity\": \"Info\",\n    \"SvcProviderName\": \"Premier\"\n  },\n  \"AddrStatusRec\": {\n    \"AddrKeys\": {\n      \"AddrId\": \"5683\"\n    },\n    \"AddrStatus\": {\n      \"AddrStatusCode\": \"Valid\",\n      \"EffDt\": \"2020-05-21T02:28:16.471\"\n    }\n  }\n}","cookie":[],"_postman_previewlanguage":"json"},{"id":"d1a23692-d0a1-46b3-88c6-e2f07d2c2b31","name":"Unauthorized","originalRequest":{"url":{"path":["address"],"host":["{{baseUrl}}"],"query":[],"variable":[]},"header":[{"disabled":false,"description":"(Required) EFX Header is a common and required component for all API calls, it contains authentication and client-related parameters. Please note that the header parameters should be sent as a JSON object under the EFXHeader parameter. To view the list of header parameters, <a href=\"../docs?path=docs/api-ref-EFX-header.md\" title=\"Click to open\"> click here.</a>","key":"EFXHeader","value":"{ \"TrnId\": \"f262cfa4-9da4-4a10-b48c-2e947ce3e66c\", \"OrganizationId\": \"PRMOrg10\", \"VendorId\": \"112233\", \"Context\":{ \"Channel\": \"WEB\" } }"},{"key":"Accept","value":"application/json"}],"method":"POST","body":{"mode":"raw","raw":"{\n  \"AddrInfo\": {\n    \"PostAddr\": [\n      {\n        \"OpenDt\": \"2017-05-05\",\n        \"RelationshipMgr\": [\n          {\n            \"RelationshipMgrIdent\": \"10\",\n            \"RelationshipRole\": \"Officer\"\n          },\n          {\n            \"RelationshipMgrIdent\": \"1\",\n            \"RelationshipRole\": \"ReferralOfficer\"\n          }\n        ],\n        \"OriginatingBranch\": \"1\",\n        \"ResponsibleBranch\": \"2\",\n        \"AddrFormatType\": \"Label\",\n        \"Addr1\": \"Amanore\",\n        \"City\": \"Pune\",\n        \"StateProv\": \"PN\",\n        \"PostalCode\": \"30097-1234\",\n        \"CountryCode\": {\n          \"CountryCodeSource\": \"SPCountryCode\",\n          \"CountryCodeValue\": \"52\"\n        },\n        \"AddrType\": \"Primary\",\n        \"Retention\": \"false\",\n        \"CensusTract\": \"25\",\n        \"CensusBlock\": \"9\",\n        \"ForeignFlag\": \"false\",\n        \"HandlingCode\": \"1\",\n        \"HandlingCodeOption\": \"Statements\",\n        \"MSACode\": \"12\"\n      },\n      {\n        \"Addr1\": \"Aristolia\",\n        \"City\": \"Pune\",\n        \"StateProv\": \"MH\",\n        \"PostalCode\": \"411028\",\n        \"CountryCode\": {\n          \"CountryCodeValue\": \"50\"\n        },\n        \"AddrType\": \"Seasonal\",\n        \"TimeFrame\": {\n          \"StartDt\": \"2017-06-06\",\n          \"EndDt\": \"2030-05-05\"\n        },\n        \"CensusTract\": \"2\",\n        \"CensusBlock\": \"0\",\n        \"ForeignFlag\": \"true\",\n        \"HandlingCode\": \"3\",\n        \"HandlingCodeOption\": \"StatementsNoticesChecks\",\n        \"MSACode\": \"5\"\n      }\n    ]\n  }\n}","options":{"raw":{"language":"json"}}}},"status":"Unauthorized","code":401,"header":[{"key":"Content-Type","value":"application/json"}],"body":"{\n  \"Status\": {\n    \"StatusCode\": \"1740\",\n    \"StatusDesc\": \"Authentication Failed\",\n    \"Severity\": \"Error\",\n    \"SvcProviderName\": \"Premier\",\n    \"ServerStatusCode\": \"401\",\n    \"ServerStatusDesc\": \"Unauthorized\"\n  }\n}","cookie":[],"_postman_previewlanguage":"json"},{"id":"f03a6626-c12e-4739-a306-c6c6a562b40e","name":"Un-processable Entity","originalRequest":{"url":{"path":["address"],"host":["{{baseUrl}}"],"query":[],"variable":[]},"header":[{"disabled":false,"description":"(Required) EFX Header is a common and required component for all API calls, it contains authentication and client-related parameters. Please note that the header parameters should be sent as a JSON object under the EFXHeader parameter. To view the list of header parameters, <a href=\"../docs?path=docs/api-ref-EFX-header.md\" title=\"Click to open\"> click here.</a>","key":"EFXHeader","value":"{ \"TrnId\": \"f262cfa4-9da4-4a10-b48c-2e947ce3e66c\", \"OrganizationId\": \"PRMOrg10\", \"VendorId\": \"112233\", \"Context\":{ \"Channel\": \"WEB\" } }"},{"key":"Accept","value":"application/json"}],"method":"POST","body":{"mode":"raw","raw":"{\n  \"AddrInfo\": {\n    \"PostAddr\": [\n      {\n        \"OpenDt\": \"2017-05-05\",\n        \"RelationshipMgr\": [\n          {\n            \"RelationshipMgrIdent\": \"10\",\n            \"RelationshipRole\": \"Officer\"\n          },\n          {\n            \"RelationshipMgrIdent\": \"1\",\n            \"RelationshipRole\": \"ReferralOfficer\"\n          }\n        ],\n        \"OriginatingBranch\": \"1\",\n        \"ResponsibleBranch\": \"2\",\n        \"AddrFormatType\": \"Label\",\n        \"Addr1\": \"Amanore\",\n        \"City\": \"Pune\",\n        \"StateProv\": \"PN\",\n        \"PostalCode\": \"30097-1234\",\n        \"CountryCode\": {\n          \"CountryCodeSource\": \"SPCountryCode\",\n          \"CountryCodeValue\": \"52\"\n        },\n        \"AddrType\": \"Primary\",\n        \"Retention\": \"false\",\n        \"CensusTract\": \"25\",\n        \"CensusBlock\": \"9\",\n        \"ForeignFlag\": \"false\",\n        \"HandlingCode\": \"1\",\n        \"HandlingCodeOption\": \"Statements\",\n        \"MSACode\": \"12\"\n      },\n      {\n        \"Addr1\": \"Aristolia\",\n        \"City\": \"Pune\",\n        \"StateProv\": \"MH\",\n        \"PostalCode\": \"411028\",\n        \"CountryCode\": {\n          \"CountryCodeValue\": \"50\"\n        },\n        \"AddrType\": \"Seasonal\",\n        \"TimeFrame\": {\n          \"StartDt\": \"2017-06-06\",\n          \"EndDt\": \"2030-05-05\"\n        },\n        \"CensusTract\": \"2\",\n        \"CensusBlock\": \"0\",\n        \"ForeignFlag\": \"true\",\n        \"HandlingCode\": \"3\",\n        \"HandlingCodeOption\": \"StatementsNoticesChecks\",\n        \"MSACode\": \"5\"\n      }\n    ]\n  }\n}","options":{"raw":{"language":"json"}}}},"status":"Unprocessable Entity (WebDAV) (RFC 4918)","code":422,"header":[{"key":"Content-Type","value":"application/json"}],"body":"{\n  \"Status\": {\n    \"StatusCode\": \"1090\",\n    \"StatusDesc\": \"Invalid Value\",\n    \"Severity\": \"Error\",\n    \"SvcProviderName\": \"Premier\",\n    \"ServerStatusCode\": \"422\",\n    \"ServerStatusDesc\": \"Unprocessable Entity\"\n  }\n}","cookie":[],"_postman_previewlanguage":"json"},{"id":"d646b057-bfeb-4fb9-a5cb-7fc14c7e81d6","name":"Internal Server Error","originalRequest":{"url":{"path":["address"],"host":["{{baseUrl}}"],"query":[],"variable":[]},"header":[{"disabled":false,"description":"(Required) EFX Header is a common and required component for all API calls, it contains authentication and client-related parameters. Please note that the header parameters should be sent as a JSON object under the EFXHeader parameter. To view the list of header parameters, <a href=\"../docs?path=docs/api-ref-EFX-header.md\" title=\"Click to open\"> click here.</a>","key":"EFXHeader","value":"{ \"TrnId\": \"f262cfa4-9da4-4a10-b48c-2e947ce3e66c\", \"OrganizationId\": \"PRMOrg10\", \"VendorId\": \"112233\", \"Context\":{ \"Channel\": \"WEB\" } }"},{"key":"Accept","value":"application/json"}],"method":"POST","body":{"mode":"raw","raw":"{\n  \"AddrInfo\": {\n    \"PostAddr\": [\n      {\n        \"OpenDt\": \"2017-05-05\",\n        \"RelationshipMgr\": [\n          {\n            \"RelationshipMgrIdent\": \"10\",\n            \"RelationshipRole\": \"Officer\"\n          },\n          {\n            \"RelationshipMgrIdent\": \"1\",\n            \"RelationshipRole\": \"ReferralOfficer\"\n          }\n        ],\n        \"OriginatingBranch\": \"1\",\n        \"ResponsibleBranch\": \"2\",\n        \"AddrFormatType\": \"Label\",\n        \"Addr1\": \"Amanore\",\n        \"City\": \"Pune\",\n        \"StateProv\": \"PN\",\n        \"PostalCode\": \"30097-1234\",\n        \"CountryCode\": {\n          \"CountryCodeSource\": \"SPCountryCode\",\n          \"CountryCodeValue\": \"52\"\n        },\n        \"AddrType\": \"Primary\",\n        \"Retention\": \"false\",\n        \"CensusTract\": \"25\",\n        \"CensusBlock\": \"9\",\n        \"ForeignFlag\": \"false\",\n        \"HandlingCode\": \"1\",\n        \"HandlingCodeOption\": \"Statements\",\n        \"MSACode\": \"12\"\n      },\n      {\n        \"Addr1\": \"Aristolia\",\n        \"City\": \"Pune\",\n        \"StateProv\": \"MH\",\n        \"PostalCode\": \"411028\",\n        \"CountryCode\": {\n          \"CountryCodeValue\": \"50\"\n        },\n        \"AddrType\": \"Seasonal\",\n        \"TimeFrame\": {\n          \"StartDt\": \"2017-06-06\",\n          \"EndDt\": \"2030-05-05\"\n        },\n        \"CensusTract\": \"2\",\n        \"CensusBlock\": \"0\",\n        \"ForeignFlag\": \"true\",\n        \"HandlingCode\": \"3\",\n        \"HandlingCodeOption\": \"StatementsNoticesChecks\",\n        \"MSACode\": \"5\"\n      }\n    ]\n  }\n}","options":{"raw":{"language":"json"}}}},"status":"Internal Server Error","code":500,"header":[{"key":"Content-Type","value":"application/json"}],"body":"{\n  \"Status\": {\n    \"StatusCode\": \"100\",\n    \"StatusDesc\": \"General Error\",\n    \"Severity\": \"Error\",\n    \"SvcProviderName\": \"Premier\",\n    \"ServerStatusCode\": \"500\",\n    \"ServerStatusDesc\": \"Internal Server Error\"\n  }\n}","cookie":[],"_postman_previewlanguage":"json"},{"id":"bd400005-6a44-4c4a-acd7-66ae299d936e","name":"Service Unavailable","originalRequest":{"url":{"path":["address"],"host":["{{baseUrl}}"],"query":[],"variable":[]},"header":[{"disabled":false,"description":"(Required) EFX Header is a common and required component for all API calls, it contains authentication and client-related parameters. Please note that the header parameters should be sent as a JSON object under the EFXHeader parameter. To view the list of header parameters, <a href=\"../docs?path=docs/api-ref-EFX-header.md\" title=\"Click to open\"> click here.</a>","key":"EFXHeader","value":"{ \"TrnId\": \"f262cfa4-9da4-4a10-b48c-2e947ce3e66c\", \"OrganizationId\": \"PRMOrg10\", \"VendorId\": \"112233\", \"Context\":{ \"Channel\": \"WEB\" } }"},{"key":"Accept","value":"application/json"}],"method":"POST","body":{"mode":"raw","raw":"{\n  \"AddrInfo\": {\n    \"PostAddr\": [\n      {\n        \"OpenDt\": \"2017-05-05\",\n        \"RelationshipMgr\": [\n          {\n            \"RelationshipMgrIdent\": \"10\",\n            \"RelationshipRole\": \"Officer\"\n          },\n          {\n            \"RelationshipMgrIdent\": \"1\",\n            \"RelationshipRole\": \"ReferralOfficer\"\n          }\n        ],\n        \"OriginatingBranch\": \"1\",\n        \"ResponsibleBranch\": \"2\",\n        \"AddrFormatType\": \"Label\",\n        \"Addr1\": \"Amanore\",\n        \"City\": \"Pune\",\n        \"StateProv\": \"PN\",\n        \"PostalCode\": \"30097-1234\",\n        \"CountryCode\": {\n          \"CountryCodeSource\": \"SPCountryCode\",\n          \"CountryCodeValue\": \"52\"\n        },\n        \"AddrType\": \"Primary\",\n        \"Retention\": \"false\",\n        \"CensusTract\": \"25\",\n        \"CensusBlock\": \"9\",\n        \"ForeignFlag\": \"false\",\n        \"HandlingCode\": \"1\",\n        \"HandlingCodeOption\": \"Statements\",\n        \"MSACode\": \"12\"\n      },\n      {\n        \"Addr1\": \"Aristolia\",\n        \"City\": \"Pune\",\n        \"StateProv\": \"MH\",\n        \"PostalCode\": \"411028\",\n        \"CountryCode\": {\n          \"CountryCodeValue\": \"50\"\n        },\n        \"AddrType\": \"Seasonal\",\n        \"TimeFrame\": {\n          \"StartDt\": \"2017-06-06\",\n          \"EndDt\": \"2030-05-05\"\n        },\n        \"CensusTract\": \"2\",\n        \"CensusBlock\": \"0\",\n        \"ForeignFlag\": \"true\",\n        \"HandlingCode\": \"3\",\n        \"HandlingCodeOption\": \"StatementsNoticesChecks\",\n        \"MSACode\": \"5\"\n      }\n    ]\n  }\n}","options":{"raw":{"language":"json"}}}},"status":"Service Unavailable","code":503,"header":[{"key":"Content-Type","value":"application/json"}],"body":"{\n  \"Status\": {\n    \"StatusCode\": \"300\",\n    \"StatusDesc\": \"System Not Available\",\n    \"Severity\": \"Error\",\n    \"SvcProviderName\": \"Premier\",\n    \"ServerStatusCode\": \"503\",\n    \"ServerStatusDesc\": \"Service Unavailable\"\n  }\n}","cookie":[],"_postman_previewlanguage":"json"},{"id":"9a14ee06-6dcc-4fc9-a53d-1445270769bd","name":"Unexpected error","originalRequest":{"url":{"path":["address"],"host":["{{baseUrl}}"],"query":[],"variable":[]},"header":[{"disabled":false,"description":"(Required) EFX Header is a common and required component for all API calls, it contains authentication and client-related parameters. Please note that the header parameters should be sent as a JSON object under the EFXHeader parameter. To view the list of header parameters, <a href=\"../docs?path=docs/api-ref-EFX-header.md\" title=\"Click to open\"> click here.</a>","key":"EFXHeader","value":"{ \"TrnId\": \"f262cfa4-9da4-4a10-b48c-2e947ce3e66c\", \"OrganizationId\": \"PRMOrg10\", \"VendorId\": \"112233\", \"Context\":{ \"Channel\": \"WEB\" } }"},{"key":"Accept","value":"application/json"}],"method":"POST","body":{"mode":"raw","raw":"{\n  \"AddrInfo\": {\n    \"PostAddr\": [\n      {\n        \"OpenDt\": \"2017-05-05\",\n        \"RelationshipMgr\": [\n          {\n            \"RelationshipMgrIdent\": \"10\",\n            \"RelationshipRole\": \"Officer\"\n          },\n          {\n            \"RelationshipMgrIdent\": \"1\",\n            \"RelationshipRole\": \"ReferralOfficer\"\n          }\n        ],\n        \"OriginatingBranch\": \"1\",\n        \"ResponsibleBranch\": \"2\",\n        \"AddrFormatType\": \"Label\",\n        \"Addr1\": \"Amanore\",\n        \"City\": \"Pune\",\n        \"StateProv\": \"PN\",\n        \"PostalCode\": \"30097-1234\",\n        \"CountryCode\": {\n          \"CountryCodeSource\": \"SPCountryCode\",\n          \"CountryCodeValue\": \"52\"\n        },\n        \"AddrType\": \"Primary\",\n        \"Retention\": \"false\",\n        \"CensusTract\": \"25\",\n        \"CensusBlock\": \"9\",\n        \"ForeignFlag\": \"false\",\n        \"HandlingCode\": \"1\",\n        \"HandlingCodeOption\": \"Statements\",\n        \"MSACode\": \"12\"\n      },\n      {\n        \"Addr1\": \"Aristolia\",\n        \"City\": \"Pune\",\n        \"StateProv\": \"MH\",\n        \"PostalCode\": \"411028\",\n        \"CountryCode\": {\n          \"CountryCodeValue\": \"50\"\n        },\n        \"AddrType\": \"Seasonal\",\n        \"TimeFrame\": {\n          \"StartDt\": \"2017-06-06\",\n          \"EndDt\": \"2030-05-05\"\n        },\n        \"CensusTract\": \"2\",\n        \"CensusBlock\": \"0\",\n        \"ForeignFlag\": \"true\",\n        \"HandlingCode\": \"3\",\n        \"HandlingCodeOption\": \"StatementsNoticesChecks\",\n        \"MSACode\": \"5\"\n      }\n    ]\n  }\n}","options":{"raw":{"language":"json"}}}},"status":"Internal Server Error","code":500,"header":[{"key":"Content-Type","value":"application/json"}],"body":"{\n  \"status\": {\n    \"Severity\": \"Warning\",\n    \"StatusCode\": \"voluptat\",\n    \"StatusDesc\": \"quis consequat laboris\",\n    \"SvcProviderName\": \"nulla ex adipisicing\",\n    \"Id\": \"incididunt aliqua Duis enim\",\n    \"ServerStatusCode\": \"ea officia Ut\",\n    \"ServerStatusDesc\": \"Excepteur in ipsum\",\n    \"OvrdExceptionInd\": false,\n    \"SubjectRole\": \"ulla\",\n    \"SubjectElement\": [\n      {\n        \"Path\": \"est minim cupidatat ea\",\n        \"ServerPath\": \"Duis id qui\",\n        \"Value\": \"commodo aliqua\"\n      },\n      {\n        \"Path\": \"pariatur velit ea\",\n        \"ServerPath\": \"sunt do\",\n        \"Value\": \"esse elit in sint\"\n      }\n    ],\n    \"ContentHTML\": \"in ex esse\",\n    \"AdditionalStatus\": [\n      {\n        \"StatusCode\": \"laborum dese\",\n        \"StatusDesc\": \"reprehenderit irure Duis\",\n        \"Severity\": \"Error\",\n        \"SvcProviderName\": \"in dolor ex dolore\",\n        \"ServerStatusCode\": \"esse\",\n        \"ServerStatusDesc\": \"aliquip\",\n        \"OvrdExceptionInd\": false,\n        \"SubjectElement\": [\n          {\n            \"Path\": \"sunt in laborum aute\",\n            \"ServerPath\": \"magna est in laboris\",\n            \"Value\": \"dolore do veniam\"\n          },\n          {\n            \"Path\": \"irure amet esse\",\n            \"ServerPath\": \"pariatur amet ea esse\",\n            \"Value\": \"veniam\"\n          }\n        ]\n      },\n      {\n        \"StatusCode\": \"al\",\n        \"StatusDesc\": \"enim laboris ipsum Lorem\",\n        \"Severity\": \"Error\",\n        \"SvcProviderName\": \"in velit\",\n        \"ServerStatusCode\": \"velit id\",\n        \"ServerStatusDesc\": \"quis aute ullamco\",\n        \"OvrdExceptionInd\": false,\n        \"SubjectElement\": [\n          {\n            \"Path\": \"exercitation ut non ex\",\n            \"ServerPath\": \"commodo sint laborum velit in\",\n            \"Value\": \"culpa sit occaecat\"\n          },\n          {\n            \"Path\": \"incididunt occaecat ad\",\n            \"ServerPath\": \"non tempor dolore ipsum\",\n            \"Value\": \"dolore Lorem dolore\"\n          }\n        ]\n      }\n    ]\n  },\n  \"AddrStatusRec\": {\n    \"AddrKeys\": {\n      \"AddrId\": \"<string>\",\n      \"AddressIdent\": \"<string>\",\n      \"AddrType\": \"Primary\"\n    },\n    \"AddrStatus\": {\n      \"AddrStatusCode\": \"ut eiusmod\",\n      \"EffDt\": \"2021-12-31T23:59:59.999\"\n    }\n  }\n}","cookie":[],"_postman_previewlanguage":"json"}],"event":[],"protocolProfileBehavior":{"disableBodyPruning":true}},{"id":"8eb8c345-c3a0-475c-ae9a-c70c1e9b1139","name":"secured","item":[{"id":"5f796474-fefb-47ec-954a-3ba246b215bd","name":"Delete Address.","request":{"name":"Delete Address.","description":{"content":"Deletes the existing address record associated with an account or party. <br> For more information about the Accountholder domain, <a href=\"../docs/?path=docs/fintechs/accountholder.md\" title=\"Click to open\">click here.</a> <br><br> <b>Relates to:</b> <ul> <li><a href=\"../docs/?path=docs/banks-and-CU/deposits.md\" title=\"Click to open\">Deposits</a></li> <li><a href=\"../docs/?path=docs/banks-and-CU/loans.md\" title=\"Click to open\">Loans</a></li> <li><a href=\"../docs/?path=docs/banks-and-CU/bank-servicing.md\" title=\"Click to open\">Bank Servicing</a></li> </ul>","type":"text/plain"},"url":{"path":["address","secured"],"host":["{{baseUrl}}"],"query":[],"variable":[]},"header":[{"disabled":false,"description":"(Required) EFX Header is a common and required component for all API calls, it contains authentication and client-related parameters. Please note that the header parameters should be sent as a JSON object under the EFXHeader parameter. To view the list of header parameters, <a href=\"../docs?path=docs/api-ref-EFX-header.md\" title=\"Click to open\"> click here.</a>","key":"EFXHeader","value":"OrganizationId,<string>,TrnId,<string>,VendorId,<string>,Context,[object Object]"},{"key":"Content-Type","value":"application/json"},{"key":"Accept","value":"application/json"}],"method":"PUT","auth":null,"body":{"mode":"raw","raw":"{\n  \"AddrKeys\": {\n    \"AddrId\": \"<string>\",\n    \"AddressIdent\": \"<string>\",\n    \"AddrType\": \"<string>\"\n  },\n  \"OvrdAutoAckInd\": \"<boolean>\",\n  \"OvrdExceptionData\": {\n    \"OverrideException\": [\n      {\n        \"SubjectRole\": \"<string>\",\n        \"SubjectIdent\": \"<string>\",\n        \"OvrdExceptionCode\": \"<string>\",\n        \"OvrdElement\": \"<object>\"\n      },\n      {\n        \"SubjectRole\": \"<string>\",\n        \"SubjectIdent\": \"<string>\",\n        \"OvrdExceptionCode\": \"<string>\",\n        \"OvrdElement\": \"<object>\"\n      }\n    ]\n  }\n}","options":{"raw":{"language":"json"}}}},"response":[{"id":"7792efb9-1e7e-4816-bee7-98a5a1cefc15","name":"Created","originalRequest":{"url":{"path":["address","secured"],"host":["{{baseUrl}}"],"query":[],"variable":[]},"header":[{"disabled":false,"description":"(Required) EFX Header is a common and required component for all API calls, it contains authentication and client-related parameters. Please note that the header parameters should be sent as a JSON object under the EFXHeader parameter. To view the list of header parameters, <a href=\"../docs?path=docs/api-ref-EFX-header.md\" title=\"Click to open\"> click here.</a>","key":"EFXHeader","value":"{ \"TrnId\": \"f262cfa4-9da4-4a10-b48c-2e947ce3e66c\", \"OrganizationId\": \"PRMOrg10\", \"VendorId\": \"112233\", \"Context\":{ \"Channel\": \"WEB\" } }"},{"key":"Accept","value":"application/json"}],"method":"PUT","body":{"mode":"raw","raw":"{\n  \"AddrKeys\": {\n    \"AddrId\": \"1771\"\n  }\n}","options":{"raw":{"language":"json"}}}},"status":"OK","code":200,"header":[{"key":"Content-Type","value":"application/json"}],"body":"{\n  \"Status\": {\n    \"StatusCode\": \"0\",\n    \"StatusDesc\": \"Success\",\n    \"Severity\": \"Info\",\n    \"SvcProviderName\": \"Premier\"\n  },\n  \"AddrStatusRec\": {\n    \"AddrKeys\": {\n      \"AddrId\": \"1771\"\n    },\n    \"AddrStatus\": {\n      \"AddrStatusCode\": \"Deleted\",\n      \"EffDt\": \"2022-01-18T05:50:22.313\"\n    }\n  }\n}","cookie":[],"_postman_previewlanguage":"json"},{"id":"e4690e5a-0155-4da2-b895-c1b5f2cb47e7","name":"Unauthorized","originalRequest":{"url":{"path":["address","secured"],"host":["{{baseUrl}}"],"query":[],"variable":[]},"header":[{"disabled":false,"description":"(Required) EFX Header is a common and required component for all API calls, it contains authentication and client-related parameters. Please note that the header parameters should be sent as a JSON object under the EFXHeader parameter. To view the list of header parameters, <a href=\"../docs?path=docs/api-ref-EFX-header.md\" title=\"Click to open\"> click here.</a>","key":"EFXHeader","value":"{ \"TrnId\": \"f262cfa4-9da4-4a10-b48c-2e947ce3e66c\", \"OrganizationId\": \"PRMOrg10\", \"VendorId\": \"112233\", \"Context\":{ \"Channel\": \"WEB\" } }"},{"key":"Accept","value":"application/json"}],"method":"PUT","body":{"mode":"raw","raw":"{\n  \"AddrKeys\": {\n    \"AddrId\": \"1771\"\n  }\n}","options":{"raw":{"language":"json"}}}},"status":"Unauthorized","code":401,"header":[{"key":"Content-Type","value":"application/json"}],"body":"{\n  \"Status\": {\n    \"StatusCode\": \"1740\",\n    \"StatusDesc\": \"Authentication Failed\",\n    \"Severity\": \"Error\",\n    \"SvcProviderName\": \"Premier\",\n    \"ServerStatusCode\": \"401\",\n    \"ServerStatusDesc\": \"Unauthorized\"\n  }\n}","cookie":[],"_postman_previewlanguage":"json"},{"id":"61cfe484-4b68-4a54-88d8-589d634a21b0","name":"Un-processable Entity","originalRequest":{"url":{"path":["address","secured"],"host":["{{baseUrl}}"],"query":[],"variable":[]},"header":[{"disabled":false,"description":"(Required) EFX Header is a common and required component for all API calls, it contains authentication and client-related parameters. Please note that the header parameters should be sent as a JSON object under the EFXHeader parameter. To view the list of header parameters, <a href=\"../docs?path=docs/api-ref-EFX-header.md\" title=\"Click to open\"> click here.</a>","key":"EFXHeader","value":"{ \"TrnId\": \"f262cfa4-9da4-4a10-b48c-2e947ce3e66c\", \"OrganizationId\": \"PRMOrg10\", \"VendorId\": \"112233\", \"Context\":{ \"Channel\": \"WEB\" } }"},{"key":"Accept","value":"application/json"}],"method":"PUT","body":{"mode":"raw","raw":"{\n  \"AddrKeys\": {\n    \"AddrId\": \"1771\"\n  }\n}","options":{"raw":{"language":"json"}}}},"status":"Unprocessable Entity (WebDAV) (RFC 4918)","code":422,"header":[{"key":"Content-Type","value":"application/json"}],"body":"{\n  \"Status\": {\n    \"StatusCode\": \"1090\",\n    \"StatusDesc\": \"Invalid Value\",\n    \"Severity\": \"Error\",\n    \"SvcProviderName\": \"Premier\",\n    \"ServerStatusCode\": \"422\",\n    \"ServerStatusDesc\": \"Unprocessable Entity\"\n  }\n}","cookie":[],"_postman_previewlanguage":"json"},{"id":"0d39164d-6c75-4683-bafd-50805c530196","name":"Internal Server Error","originalRequest":{"url":{"path":["address","secured"],"host":["{{baseUrl}}"],"query":[],"variable":[]},"header":[{"disabled":false,"description":"(Required) EFX Header is a common and required component for all API calls, it contains authentication and client-related parameters. Please note that the header parameters should be sent as a JSON object under the EFXHeader parameter. To view the list of header parameters, <a href=\"../docs?path=docs/api-ref-EFX-header.md\" title=\"Click to open\"> click here.</a>","key":"EFXHeader","value":"{ \"TrnId\": \"f262cfa4-9da4-4a10-b48c-2e947ce3e66c\", \"OrganizationId\": \"PRMOrg10\", \"VendorId\": \"112233\", \"Context\":{ \"Channel\": \"WEB\" } }"},{"key":"Accept","value":"application/json"}],"method":"PUT","body":{"mode":"raw","raw":"{\n  \"AddrKeys\": {\n    \"AddrId\": \"1771\"\n  }\n}","options":{"raw":{"language":"json"}}}},"status":"Internal Server Error","code":500,"header":[{"key":"Content-Type","value":"application/json"}],"body":"{\n  \"Status\": {\n    \"StatusCode\": \"100\",\n    \"StatusDesc\": \"General Error\",\n    \"Severity\": \"Error\",\n    \"SvcProviderName\": \"Premier\",\n    \"ServerStatusCode\": \"500\",\n    \"ServerStatusDesc\": \"Internal Server Error\"\n  }\n}","cookie":[],"_postman_previewlanguage":"json"},{"id":"35cd0558-ad0a-43df-a6ba-550c9be38ede","name":"Service Unavailable","originalRequest":{"url":{"path":["address","secured"],"host":["{{baseUrl}}"],"query":[],"variable":[]},"header":[{"disabled":false,"description":"(Required) EFX Header is a common and required component for all API calls, it contains authentication and client-related parameters. Please note that the header parameters should be sent as a JSON object under the EFXHeader parameter. To view the list of header parameters, <a href=\"../docs?path=docs/api-ref-EFX-header.md\" title=\"Click to open\"> click here.</a>","key":"EFXHeader","value":"{ \"TrnId\": \"f262cfa4-9da4-4a10-b48c-2e947ce3e66c\", \"OrganizationId\": \"PRMOrg10\", \"VendorId\": \"112233\", \"Context\":{ \"Channel\": \"WEB\" } }"},{"key":"Accept","value":"application/json"}],"method":"PUT","body":{"mode":"raw","raw":"{\n  \"AddrKeys\": {\n    \"AddrId\": \"1771\"\n  }\n}","options":{"raw":{"language":"json"}}}},"status":"Service Unavailable","code":503,"header":[{"key":"Content-Type","value":"application/json"}],"body":"{\n  \"Status\": {\n    \"StatusCode\": \"300\",\n    \"StatusDesc\": \"System Not Available\",\n    \"Severity\": \"Error\",\n    \"SvcProviderName\": \"Premier\",\n    \"ServerStatusCode\": \"503\",\n    \"ServerStatusDesc\": \"Service Unavailable\"\n  }\n}","cookie":[],"_postman_previewlanguage":"json"},{"id":"628503ca-1c54-4a19-9f55-9d83020bb60b","name":"See HTTP Status Code Standards","originalRequest":{"url":{"path":["address","secured"],"host":["{{baseUrl}}"],"query":[],"variable":[]},"header":[{"disabled":false,"description":"(Required) EFX Header is a common and required component for all API calls, it contains authentication and client-related parameters. Please note that the header parameters should be sent as a JSON object under the EFXHeader parameter. To view the list of header parameters, <a href=\"../docs?path=docs/api-ref-EFX-header.md\" title=\"Click to open\"> click here.</a>","key":"EFXHeader","value":"{ \"TrnId\": \"f262cfa4-9da4-4a10-b48c-2e947ce3e66c\", \"OrganizationId\": \"PRMOrg10\", \"VendorId\": \"112233\", \"Context\":{ \"Channel\": \"WEB\" } }"},{"key":"Accept","value":"application/json"}],"method":"PUT","body":{"mode":"raw","raw":"{\n  \"AddrKeys\": {\n    \"AddrId\": \"1771\"\n  }\n}","options":{"raw":{"language":"json"}}}},"status":"Internal Server Error","code":500,"header":[{"key":"Content-Type","value":"application/json"}],"body":"{\n  \"Status\": {\n    \"Severity\": \"Info\",\n    \"StatusCode\": \"Excepteur\",\n    \"StatusDesc\": \"Excepteur commodo nisi velit\",\n    \"SvcProviderName\": \"do ut\",\n    \"Id\": \"nisi esse occaecat commodo dolor\",\n    \"ServerStatusCode\": \"et quis Ut\",\n    \"ServerStatusDesc\": \"proident non\",\n    \"OvrdExceptionInd\": false,\n    \"SubjectRole\": \"eu elit cupidatat\",\n    \"SubjectElement\": [\n      {\n        \"Path\": \"enim ad ea\",\n        \"ServerPath\": \"non\",\n        \"Value\": \"mollit velit\"\n      },\n      {\n        \"Path\": \"Duis labore aliqua nulla\",\n        \"ServerPath\": \"laborum proident\",\n        \"Value\": \"sunt quis\"\n      }\n    ],\n    \"ContentHTML\": \"ullamco sed laboris\",\n    \"AdditionalStatus\": [\n      {\n        \"StatusCode\": \"ea exercitation\",\n        \"StatusDesc\": \"esse cillum quis\",\n        \"Severity\": \"Error\",\n        \"SvcProviderName\": \"reprehenderit sint mollit esse\",\n        \"ServerStatusCode\": \"occaec\",\n        \"ServerStatusDesc\": \"tempor magna incididunt nisi\",\n        \"OvrdExceptionInd\": false,\n        \"SubjectElement\": [\n          {\n            \"Path\": \"sit\",\n            \"ServerPath\": \"anim in dolore laboris\",\n            \"Value\": \"reprehenderit cillum esse\"\n          },\n          {\n            \"Path\": \"sit Duis aute proident enim\",\n            \"ServerPath\": \"mollit officia elit\",\n            \"Value\": \"in pariatur voluptate\"\n          }\n        ]\n      },\n      {\n        \"StatusCode\": \"e\",\n        \"StatusDesc\": \"reprehenderit velit laboris in do\",\n        \"Severity\": \"Warning\",\n        \"SvcProviderName\": \"ullamco sed dolor\",\n        \"ServerStatusCode\": \"ad pariatur tempor\",\n        \"ServerStatusDesc\": \"irure nisi voluptate ea quis\",\n        \"OvrdExceptionInd\": true,\n        \"SubjectElement\": [\n          {\n            \"Path\": \"eu laborum ea\",\n            \"ServerPath\": \"ad dolor\",\n            \"Value\": \"et nostrud in pariatur\"\n          },\n          {\n            \"Path\": \"minim labore dolore in\",\n            \"ServerPath\": \"adipisicing pa\",\n            \"Value\": \"aliqua tempor nostrud Duis Ut\"\n          }\n        ]\n      }\n    ]\n  },\n  \"AddrStatusRec\": {\n    \"AddrKeys\": {\n      \"AddrId\": \"<string>\",\n      \"AddressIdent\": \"<string>\",\n      \"AddrType\": \"Primary\"\n    },\n    \"AddrStatus\": {\n      \"AddrStatusCode\": \"et\",\n      \"EffDt\": \"2021-12-31T23:59:59.999\"\n    }\n  }\n}","cookie":[],"_postman_previewlanguage":"json"}],"event":[],"protocolProfileBehavior":{"disableBodyPruning":true}},{"id":"7ed7da45-acbf-4548-bd19-d4a9dd583b2e","name":"Get Address.","request":{"name":"Get Address.","description":{"content":"Retrieves the address record associated with an account or party. <br> For more information about the Accountholder domain, <a href=\"../docs/?path=docs/fintechs/accountholder.md\" title=\"Click to open\">click here.</a> <br><br> <b>Relates to:</b> <ul> <li><a href=\"../docs/?path=docs/banks-and-CU/deposits.md\" title=\"Click to open\">Deposits</a></li> <li><a href=\"../docs/?path=docs/banks-and-CU/loans.md\" title=\"Click to open\">Loans</a></li> <li><a href=\"../docs/?path=docs/banks-and-CU/bank-servicing.md\" title=\"Click to open\">Bank Servicing</a></li> </ul>","type":"text/plain"},"url":{"path":["address","secured"],"host":["{{baseUrl}}"],"query":[],"variable":[]},"header":[{"disabled":false,"description":"(Required) EFX Header is a common and required component for all API calls, it contains authentication and client-related parameters. Please note that the header parameters should be sent as a JSON object under the EFXHeader parameter. To view the list of header parameters, <a href=\"../docs?path=docs/api-ref-EFX-header.md\" title=\"Click to open\"> click here.</a>","key":"EFXHeader","value":"OrganizationId,<string>,TrnId,<string>,VendorId,<string>,Context,[object Object]"},{"key":"Content-Type","value":"application/json"},{"key":"Accept","value":"application/json"}],"method":"POST","auth":null,"body":{"mode":"raw","raw":"{\n  \"AddrSel\": {\n    \"AddrId\": \"<string>\",\n    \"Addr1\": \"<string>\",\n    \"Street\": \"<string>\"\n  }\n}","options":{"raw":{"language":"json"}}}},"response":[{"id":"4673fb57-18cb-4259-b063-aa6cb568523e","name":"Created","originalRequest":{"url":{"path":["address","secured"],"host":["{{baseUrl}}"],"query":[],"variable":[]},"header":[{"disabled":false,"description":"(Required) EFX Header is a common and required component for all API calls, it contains authentication and client-related parameters. Please note that the header parameters should be sent as a JSON object under the EFXHeader parameter. To view the list of header parameters, <a href=\"../docs?path=docs/api-ref-EFX-header.md\" title=\"Click to open\"> click here.</a>","key":"EFXHeader","value":"{ \"TrnId\": \"f262cfa4-9da4-4a10-b48c-2e947ce3e66c\", \"OrganizationId\": \"PRMOrg10\", \"VendorId\": \"112233\", \"Context\":{ \"Channel\": \"WEB\" } }"},{"key":"Accept","value":"application/json"}],"method":"POST","body":{"mode":"raw","raw":"{\n  \"AddrSel\": {\n    \"Street\": \"1\"\n  }\n}","options":{"raw":{"language":"json"}}}},"status":"OK","code":200,"header":[{"key":"Content-Type","value":"application/json"}],"body":"{\n  \"Status\": {\n    \"StatusCode\": \"0\",\n    \"StatusDesc\": \"Success\",\n    \"Severity\": \"Info\",\n    \"SvcProviderName\": \"Premier\"\n  },\n  \"RecCtrlOut\": {\n    \"SentRecCount\": 8,\n    \"Cursor\": \"false\"\n  },\n  \"AddrRec\": [\n    {\n      \"AddrKeys\": {\n        \"AddressIdent\": \"201\",\n        \"AddrType\": \"Primary\"\n      },\n      \"AddrInfo\": {\n        \"PostAddr\": [\n          {\n            \"OpenDt\": \"2017-12-21\",\n            \"RelationshipMgr\": [\n              {\n                \"RelationshipMgrIdent\": \"0\",\n                \"RelationshipRole\": \"Officer\"\n              },\n              {\n                \"RelationshipMgrIdent\": \"0\",\n                \"RelationshipRole\": \"ReferralOfficer\"\n              }\n            ],\n            \"OriginatingBranch\": \"1\",\n            \"ResponsibleBranch\": \"1\",\n            \"AddrFormatType\": \"Label\",\n            \"Addr1\": \"1267 1ST          SUITE 523\",\n            \"Addr2\": \"\",\n            \"City\": \"WASHINGTON\",\n            \"StateProv\": \"DC\",\n            \"PostalCode\": \"12278-8272\",\n            \"AddrType\": \"Primary\",\n            \"CensusTract\": \"0\",\n            \"CensusBlock\": \"0\",\n            \"ForeignFlag\": false,\n            \"HandlingCode\": \"\",\n            \"HandlingCodeOption\": \"StatementsNoticesChecks\",\n            \"MSACode\": 0\n          }\n        ]\n      },\n      \"AddrStatus\": {\n        \"AddrStatusCode\": \"Valid\",\n        \"EffDt\": \"2022-01-18T05:43:17.425\"\n      }\n    },\n    {\n      \"AddrKeys\": {\n        \"AddressIdent\": \"476\",\n        \"AddrType\": \"Primary\"\n      },\n      \"AddrInfo\": {\n        \"PostAddr\": [\n          {\n            \"OpenDt\": \"2021-02-18\",\n            \"RelationshipMgr\": [\n              {\n                \"RelationshipMgrIdent\": \"0\",\n                \"RelationshipRole\": \"Officer\"\n              },\n              {\n                \"RelationshipMgrIdent\": \"0\",\n                \"RelationshipRole\": \"ReferralOfficer\"\n              }\n            ],\n            \"OriginatingBranch\": \"1\",\n            \"ResponsibleBranch\": \"1\",\n            \"AddrFormatType\": \"Label\",\n            \"Addr1\": \"1458 11TH STREET\",\n            \"Addr2\": \"\",\n            \"City\": \"PHOENIX\",\n            \"StateProv\": \"NV\",\n            \"PostalCode\": \"45215-0000\",\n            \"AddrType\": \"Primary\",\n            \"CensusTract\": \"0\",\n            \"CensusBlock\": \"0\",\n            \"ForeignFlag\": false,\n            \"HandlingCode\": \"\",\n            \"HandlingCodeOption\": \"StatementsNoticesChecks\",\n            \"MSACode\": 0\n          }\n        ]\n      },\n      \"AddrStatus\": {\n        \"AddrStatusCode\": \"Valid\",\n        \"EffDt\": \"2022-01-18T05:43:17.425\"\n      }\n    },\n    {\n      \"AddrKeys\": {\n        \"AddressIdent\": \"331\",\n        \"AddrType\": \"Primary\"\n      },\n      \"AddrInfo\": {\n        \"PostAddr\": [\n          {\n            \"OpenDt\": \"2016-12-18\",\n            \"RelationshipMgr\": [\n              {\n                \"RelationshipMgrIdent\": \"0\",\n                \"RelationshipRole\": \"Officer\"\n              },\n              {\n                \"RelationshipMgrIdent\": \"0\",\n                \"RelationshipRole\": \"ReferralOfficer\"\n              }\n            ],\n            \"OriginatingBranch\": \"2\",\n            \"ResponsibleBranch\": \"2\",\n            \"AddrFormatType\": \"Label\",\n            \"Addr1\": \"1345, OLD CHENEY ROAD\",\n            \"Addr2\": \"\",\n            \"City\": \"LINCOLN\",\n            \"StateProv\": \"NE\",\n            \"PostalCode\": \"68512-0000\",\n            \"AddrType\": \"Primary\",\n            \"CensusTract\": \"0\",\n            \"CensusBlock\": \"0\",\n            \"ForeignFlag\": false,\n            \"HandlingCode\": \"\",\n            \"HandlingCodeOption\": \"StatementsNoticesChecks\",\n            \"MSACode\": 0\n          }\n        ]\n      },\n      \"AddrStatus\": {\n        \"AddrStatusCode\": \"Valid\",\n        \"EffDt\": \"2022-01-18T05:43:17.427\"\n      }\n    },\n    {\n      \"AddrKeys\": {\n        \"AddressIdent\": \"1042\",\n        \"AddrType\": \"Primary\"\n      },\n      \"AddrInfo\": {\n        \"PostAddr\": [\n          {\n            \"OpenDt\": \"2020-06-01\",\n            \"RelationshipMgr\": [\n              {\n                \"RelationshipMgrIdent\": \"0\",\n                \"RelationshipRole\": \"Officer\"\n              },\n              {\n                \"RelationshipMgrIdent\": \"0\",\n                \"RelationshipRole\": \"ReferralOfficer\"\n              }\n            ],\n            \"OriginatingBranch\": \"1\",\n            \"ResponsibleBranch\": \"1\",\n            \"AddrFormatType\": \"Label\",\n            \"Addr1\": \"1345, OLD CHENEY ROAD,\",\n            \"Addr2\": \"\",\n            \"City\": \"LINCOLN\",\n            \"StateProv\": \"NE\",\n            \"PostalCode\": \"68512-0000\",\n            \"AddrType\": \"Primary\",\n            \"CensusTract\": \"0\",\n            \"CensusBlock\": \"0\",\n            \"ForeignFlag\": false,\n            \"HandlingCode\": \"\",\n            \"HandlingCodeOption\": \"StatementsNoticesChecks\",\n            \"MSACode\": 0\n          }\n        ]\n      },\n      \"AddrStatus\": {\n        \"AddrStatusCode\": \"Valid\",\n        \"EffDt\": \"2022-01-18T05:43:17.428\"\n      }\n    },\n    {\n      \"AddrKeys\": {\n        \"AddressIdent\": \"1167\",\n        \"AddrType\": \"Primary\"\n      },\n      \"AddrInfo\": {\n        \"PostAddr\": [\n          {\n            \"OpenDt\": \"2020-06-05\",\n            \"RelationshipMgr\": [\n              {\n                \"RelationshipMgrIdent\": \"0\",\n                \"RelationshipRole\": \"Officer\"\n              },\n              {\n                \"RelationshipMgrIdent\": \"0\",\n                \"RelationshipRole\": \"ReferralOfficer\"\n              }\n            ],\n            \"OriginatingBranch\": \"4\",\n            \"ResponsibleBranch\": \"4\",\n            \"AddrFormatType\": \"Label\",\n            \"Addr1\": \"1345, OLD CHENEY ROAD,\",\n            \"Addr2\": \"\",\n            \"City\": \"LINCOLN\",\n            \"StateProv\": \"NE\",\n            \"PostalCode\": \"68512-0000\",\n            \"AddrType\": \"Primary\",\n            \"CensusTract\": \"0\",\n            \"CensusBlock\": \"0\",\n            \"ForeignFlag\": false,\n            \"HandlingCode\": \"\",\n            \"HandlingCodeOption\": \"StatementsNoticesChecks\",\n            \"MSACode\": 0\n          }\n        ]\n      },\n      \"AddrStatus\": {\n        \"AddrStatusCode\": \"Valid\",\n        \"EffDt\": \"2022-01-18T05:43:17.428\"\n      }\n    },\n    {\n      \"AddrKeys\": {\n        \"AddressIdent\": \"1244\",\n        \"AddrType\": \"Primary\"\n      },\n      \"AddrInfo\": {\n        \"PostAddr\": [\n          {\n            \"OpenDt\": \"2019-06-05\",\n            \"RelationshipMgr\": [\n              {\n                \"RelationshipMgrIdent\": \"0\",\n                \"RelationshipRole\": \"Officer\"\n              },\n              {\n                \"RelationshipMgrIdent\": \"0\",\n                \"RelationshipRole\": \"ReferralOfficer\"\n              }\n            ],\n            \"OriginatingBranch\": \"1\",\n            \"ResponsibleBranch\": \"1\",\n            \"AddrFormatType\": \"Label\",\n            \"Addr1\": \"1345, OLD CHENEY ROAD,\",\n            \"Addr2\": \"\",\n            \"City\": \"LINCOLN\",\n            \"StateProv\": \"NE\",\n            \"PostalCode\": \"68512-0000\",\n            \"AddrType\": \"Primary\",\n            \"CensusTract\": \"0\",\n            \"CensusBlock\": \"0\",\n            \"ForeignFlag\": false,\n            \"HandlingCode\": \"\",\n            \"HandlingCodeOption\": \"StatementsNoticesChecks\",\n            \"MSACode\": 0\n          }\n        ]\n      },\n      \"AddrStatus\": {\n        \"AddrStatusCode\": \"Valid\",\n        \"EffDt\": \"2022-01-18T05:43:17.429\"\n      }\n    },\n    {\n      \"AddrKeys\": {\n        \"AddressIdent\": \"1299\",\n        \"AddrType\": \"Primary\"\n      },\n      \"AddrInfo\": {\n        \"PostAddr\": [\n          {\n            \"OpenDt\": \"2020-05-05\",\n            \"RelationshipMgr\": [\n              {\n                \"RelationshipMgrIdent\": \"0\",\n                \"RelationshipRole\": \"Officer\"\n              },\n              {\n                \"RelationshipMgrIdent\": \"0\",\n                \"RelationshipRole\": \"ReferralOfficer\"\n              }\n            ],\n            \"OriginatingBranch\": \"2\",\n            \"ResponsibleBranch\": \"2\",\n            \"AddrFormatType\": \"Label\",\n            \"Addr1\": \"1345, OLD CHENEY ROAD,\",\n            \"Addr2\": \"\",\n            \"City\": \"LINCOLN\",\n            \"StateProv\": \"NE\",\n            \"PostalCode\": \"68512-0000\",\n            \"AddrType\": \"Primary\",\n            \"CensusTract\": \"0\",\n            \"CensusBlock\": \"0\",\n            \"ForeignFlag\": false,\n            \"HandlingCode\": \"\",\n            \"HandlingCodeOption\": \"StatementsNoticesChecks\",\n            \"MSACode\": 0\n          }\n        ]\n      },\n      \"AddrStatus\": {\n        \"AddrStatusCode\": \"Valid\",\n        \"EffDt\": \"2022-01-18T05:43:17.429\"\n      }\n    },\n    {\n      \"AddrKeys\": {\n        \"AddressIdent\": \"475\",\n        \"AddrType\": \"Primary\"\n      },\n      \"AddrInfo\": {\n        \"PostAddr\": [\n          {\n            \"OpenDt\": \"2021-02-18\",\n            \"RelationshipMgr\": [\n              {\n                \"RelationshipMgrIdent\": \"0\",\n                \"RelationshipRole\": \"Officer\"\n              },\n              {\n                \"RelationshipMgrIdent\": \"0\",\n                \"RelationshipRole\": \"ReferralOfficer\"\n              }\n            ],\n            \"OriginatingBranch\": \"2\",\n            \"ResponsibleBranch\": \"2\",\n            \"AddrFormatType\": \"Label\",\n            \"Addr1\": \"1514 14TH STREET\",\n            \"Addr2\": \"\",\n            \"City\": \"DALLAS\",\n            \"StateProv\": \"TX\",\n            \"PostalCode\": \"41125-0000\",\n            \"AddrType\": \"Primary\",\n            \"CensusTract\": \"0\",\n            \"CensusBlock\": \"0\",\n            \"ForeignFlag\": false,\n            \"HandlingCode\": \"\",\n            \"HandlingCodeOption\": \"StatementsNoticesChecks\",\n            \"MSACode\": 0\n          }\n        ]\n      },\n      \"AddrStatus\": {\n        \"AddrStatusCode\": \"Valid\",\n        \"EffDt\": \"2022-01-18T05:43:17.448\"\n      }\n    }\n  ]\n}","cookie":[],"_postman_previewlanguage":"json"},{"id":"7d3dccee-4fba-4f9c-987b-6a027d766739","name":"Unauthorized","originalRequest":{"url":{"path":["address","secured"],"host":["{{baseUrl}}"],"query":[],"variable":[]},"header":[{"disabled":false,"description":"(Required) EFX Header is a common and required component for all API calls, it contains authentication and client-related parameters. Please note that the header parameters should be sent as a JSON object under the EFXHeader parameter. To view the list of header parameters, <a href=\"../docs?path=docs/api-ref-EFX-header.md\" title=\"Click to open\"> click here.</a>","key":"EFXHeader","value":"{ \"TrnId\": \"f262cfa4-9da4-4a10-b48c-2e947ce3e66c\", \"OrganizationId\": \"PRMOrg10\", \"VendorId\": \"112233\", \"Context\":{ \"Channel\": \"WEB\" } }"},{"key":"Accept","value":"application/json"}],"method":"POST","body":{"mode":"raw","raw":"{\n  \"AddrSel\": {\n    \"Street\": \"1\"\n  }\n}","options":{"raw":{"language":"json"}}}},"status":"Unauthorized","code":401,"header":[{"key":"Content-Type","value":"application/json"}],"body":"{\n  \"Status\": {\n    \"StatusCode\": \"1740\",\n    \"StatusDesc\": \"Authentication Failed\",\n    \"Severity\": \"Error\",\n    \"SvcProviderName\": \"Premier\",\n    \"ServerStatusCode\": \"401\",\n    \"ServerStatusDesc\": \"Unauthorized\"\n  }\n}","cookie":[],"_postman_previewlanguage":"json"},{"id":"a100160f-c6a2-4cfe-8c4d-959fc69d4d2c","name":"Un-processable Entity","originalRequest":{"url":{"path":["address","secured"],"host":["{{baseUrl}}"],"query":[],"variable":[]},"header":[{"disabled":false,"description":"(Required) EFX Header is a common and required component for all API calls, it contains authentication and client-related parameters. Please note that the header parameters should be sent as a JSON object under the EFXHeader parameter. To view the list of header parameters, <a href=\"../docs?path=docs/api-ref-EFX-header.md\" title=\"Click to open\"> click here.</a>","key":"EFXHeader","value":"{ \"TrnId\": \"f262cfa4-9da4-4a10-b48c-2e947ce3e66c\", \"OrganizationId\": \"PRMOrg10\", \"VendorId\": \"112233\", \"Context\":{ \"Channel\": \"WEB\" } }"},{"key":"Accept","value":"application/json"}],"method":"POST","body":{"mode":"raw","raw":"{\n  \"AddrSel\": {\n    \"Street\": \"1\"\n  }\n}","options":{"raw":{"language":"json"}}}},"status":"Unprocessable Entity (WebDAV) (RFC 4918)","code":422,"header":[{"key":"Content-Type","value":"application/json"}],"body":"{\n  \"Status\": {\n    \"StatusCode\": \"1090\",\n    \"StatusDesc\": \"Invalid Value\",\n    \"Severity\": \"Error\",\n    \"SvcProviderName\": \"Premier\",\n    \"ServerStatusCode\": \"422\",\n    \"ServerStatusDesc\": \"Unprocessable Entity\"\n  }\n}","cookie":[],"_postman_previewlanguage":"json"},{"id":"33f93e59-7efd-40ad-8a0e-b08c062a9a39","name":"Internal Server Error","originalRequest":{"url":{"path":["address","secured"],"host":["{{baseUrl}}"],"query":[],"variable":[]},"header":[{"disabled":false,"description":"(Required) EFX Header is a common and required component for all API calls, it contains authentication and client-related parameters. Please note that the header parameters should be sent as a JSON object under the EFXHeader parameter. To view the list of header parameters, <a href=\"../docs?path=docs/api-ref-EFX-header.md\" title=\"Click to open\"> click here.</a>","key":"EFXHeader","value":"{ \"TrnId\": \"f262cfa4-9da4-4a10-b48c-2e947ce3e66c\", \"OrganizationId\": \"PRMOrg10\", \"VendorId\": \"112233\", \"Context\":{ \"Channel\": \"WEB\" } }"},{"key":"Accept","value":"application/json"}],"method":"POST","body":{"mode":"raw","raw":"{\n  \"AddrSel\": {\n    \"Street\": \"1\"\n  }\n}","options":{"raw":{"language":"json"}}}},"status":"Internal Server Error","code":500,"header":[{"key":"Content-Type","value":"application/json"}],"body":"{\n  \"Status\": {\n    \"StatusCode\": \"100\",\n    \"StatusDesc\": \"General Error\",\n    \"Severity\": \"Error\",\n    \"SvcProviderName\": \"Premier\",\n    \"ServerStatusCode\": \"500\",\n    \"ServerStatusDesc\": \"Internal Server Error\"\n  }\n}","cookie":[],"_postman_previewlanguage":"json"},{"id":"d96138e0-def1-4316-830c-d171deb05e0e","name":"Service Unavailable","originalRequest":{"url":{"path":["address","secured"],"host":["{{baseUrl}}"],"query":[],"variable":[]},"header":[{"disabled":false,"description":"(Required) EFX Header is a common and required component for all API calls, it contains authentication and client-related parameters. Please note that the header parameters should be sent as a JSON object under the EFXHeader parameter. To view the list of header parameters, <a href=\"../docs?path=docs/api-ref-EFX-header.md\" title=\"Click to open\"> click here.</a>","key":"EFXHeader","value":"{ \"TrnId\": \"f262cfa4-9da4-4a10-b48c-2e947ce3e66c\", \"OrganizationId\": \"PRMOrg10\", \"VendorId\": \"112233\", \"Context\":{ \"Channel\": \"WEB\" } }"},{"key":"Accept","value":"application/json"}],"method":"POST","body":{"mode":"raw","raw":"{\n  \"AddrSel\": {\n    \"Street\": \"1\"\n  }\n}","options":{"raw":{"language":"json"}}}},"status":"Service Unavailable","code":503,"header":[{"key":"Content-Type","value":"application/json"}],"body":"{\n  \"Status\": {\n    \"StatusCode\": \"300\",\n    \"StatusDesc\": \"System Not Available\",\n    \"Severity\": \"Error\",\n    \"SvcProviderName\": \"Premier\",\n    \"ServerStatusCode\": \"503\",\n    \"ServerStatusDesc\": \"Service Unavailable\"\n  }\n}","cookie":[],"_postman_previewlanguage":"json"},{"id":"2486fd73-6c1b-420c-adb5-8ca30fa06e42","name":"See HTTP Status Code Standards","originalRequest":{"url":{"path":["address","secured"],"host":["{{baseUrl}}"],"query":[],"variable":[]},"header":[{"disabled":false,"description":"(Required) EFX Header is a common and required component for all API calls, it contains authentication and client-related parameters. Please note that the header parameters should be sent as a JSON object under the EFXHeader parameter. To view the list of header parameters, <a href=\"../docs?path=docs/api-ref-EFX-header.md\" title=\"Click to open\"> click here.</a>","key":"EFXHeader","value":"{ \"TrnId\": \"f262cfa4-9da4-4a10-b48c-2e947ce3e66c\", \"OrganizationId\": \"PRMOrg10\", \"VendorId\": \"112233\", \"Context\":{ \"Channel\": \"WEB\" } }"},{"key":"Accept","value":"application/json"}],"method":"POST","body":{"mode":"raw","raw":"{\n  \"AddrSel\": {\n    \"Street\": \"1\"\n  }\n}","options":{"raw":{"language":"json"}}}},"status":"Internal Server Error","code":500,"header":[{"key":"Content-Type","value":"application/json"}],"body":"{\n  \"Status\": {\n    \"Severity\": \"Error\",\n    \"StatusCode\": \"cupidatat\",\n    \"StatusDesc\": \"enim pariatur voluptate\",\n    \"SvcProviderName\": \"voluptate nulla aliqua reprehenderit\",\n    \"Id\": \"aliqua tempor culpa\",\n    \"ServerStatusCode\": \"aliquip\",\n    \"ServerStatusDesc\": \"sint nisi sed\",\n    \"OvrdExceptionInd\": true,\n    \"SubjectRole\": \"commodo deserunt id\",\n    \"SubjectElement\": [\n      {\n        \"Path\": \"sunt i\",\n        \"ServerPath\": \"tempor ut pariatur\",\n        \"Value\": \"nisi esse amet velit\"\n      },\n      {\n        \"Path\": \"irur\",\n        \"ServerPath\": \"Duis ea aute\",\n        \"Value\": \"sunt dolore non velit\"\n      }\n    ],\n    \"ContentHTML\": \"dolor fugiat Duis\",\n    \"AdditionalStatus\": [\n      {\n        \"StatusCode\": \"dolor\",\n        \"StatusDesc\": \"nulla incididunt elit\",\n        \"Severity\": \"Info\",\n        \"SvcProviderName\": \"eu qui\",\n        \"ServerStatusCode\": \"sint eiusmod u\",\n        \"ServerStatusDesc\": \"labore deserun\",\n        \"OvrdExceptionInd\": false,\n        \"SubjectElement\": [\n          {\n            \"Path\": \"consequat dolor do velit\",\n            \"ServerPath\": \"eiusmod laborum\",\n            \"Value\": \"aliqua occaecat ad commodo\"\n          },\n          {\n            \"Path\": \"irure sed cupidatat ullamco laboris\",\n            \"ServerPath\": \"quis esse\",\n            \"Value\": \"sit dolor ali\"\n          }\n        ]\n      },\n      {\n        \"StatusCode\": \"dolor \",\n        \"StatusDesc\": \"laborum laboris magna\",\n        \"Severity\": \"Warning\",\n        \"SvcProviderName\": \"ut velit ipsum\",\n        \"ServerStatusCode\": \"nul\",\n        \"ServerStatusDesc\": \"eiusmod fugiat tempor\",\n        \"OvrdExceptionInd\": false,\n        \"SubjectElement\": [\n          {\n            \"Path\": \"ullamco\",\n            \"ServerPath\": \"et dolore\",\n            \"Value\": \"eu\"\n          },\n          {\n            \"Path\": \"ad deserunt\",\n            \"ServerPath\": \"Lorem occaecat ea anim ullamco\",\n            \"Value\": \"cillum\"\n          }\n        ]\n      }\n    ]\n  },\n  \"RecCtrlOut\": {\n    \"SentRecCount\": 31687481,\n    \"Cursor\": \"laboris anim\"\n  },\n  \"AddrRec\": [\n    {\n      \"AddrInfo\": {\n        \"PostAddr\": [\n          {\n            \"AddrType\": {\n              \"value\": \"<Error: Too many levels of nesting to fake this schema>\"\n            },\n            \"OpenDt\": {\n              \"value\": \"<Error: Too many levels of nesting to fake this schema>\"\n            },\n            \"RelationshipMgr\": {\n              \"value\": \"<Error: Too many levels of nesting to fake this schema>\"\n            },\n            \"OriginatingBranch\": {\n              \"value\": \"<Error: Too many levels of nesting to fake this schema>\"\n            },\n            \"ResponsibleBranch\": {\n              \"value\": \"<Error: Too many levels of nesting to fake this schema>\"\n            },\n            \"AddrFormatType\": {\n              \"value\": \"<Error: Too many levels of nesting to fake this schema>\"\n            },\n            \"Addr1\": {\n              \"value\": \"<Error: Too many levels of nesting to fake this schema>\"\n            },\n            \"Addr2\": {\n              \"value\": \"<Error: Too many levels of nesting to fake this schema>\"\n            },\n            \"City\": {\n              \"value\": \"<Error: Too many levels of nesting to fake this schema>\"\n            },\n            \"StateProv\": {\n              \"value\": \"<Error: Too many levels of nesting to fake this schema>\"\n            },\n            \"PostalCode\": {\n              \"value\": \"<Error: Too many levels of nesting to fake this schema>\"\n            },\n            \"CountryCode\": {\n              \"value\": \"<Error: Too many levels of nesting to fake this schema>\"\n            },\n            \"TimeFrame\": {\n              \"value\": \"<Error: Too many levels of nesting to fake this schema>\"\n            },\n            \"Retention\": {\n              \"value\": \"<Error: Too many levels of nesting to fake this schema>\"\n            },\n            \"CensusTract\": {\n              \"value\": \"<Error: Too many levels of nesting to fake this schema>\"\n            },\n            \"CensusBlock\": {\n              \"value\": \"<Error: Too many levels of nesting to fake this schema>\"\n            },\n            \"ForeignFlag\": {\n              \"value\": \"<Error: Too many levels of nesting to fake this schema>\"\n            },\n            \"HandlingCode\": {\n              \"value\": \"<Error: Too many levels of nesting to fake this schema>\"\n            },\n            \"HandlingCodeOption\": {\n              \"value\": \"<Error: Too many levels of nesting to fake this schema>\"\n            },\n            \"MSACode\": {\n              \"value\": \"<Error: Too many levels of nesting to fake this schema>\"\n            }\n          },\n          {\n            \"AddrType\": {\n              \"value\": \"<Error: Too many levels of nesting to fake this schema>\"\n            },\n            \"OpenDt\": {\n              \"value\": \"<Error: Too many levels of nesting to fake this schema>\"\n            },\n            \"RelationshipMgr\": {\n              \"value\": \"<Error: Too many levels of nesting to fake this schema>\"\n            },\n            \"OriginatingBranch\": {\n              \"value\": \"<Error: Too many levels of nesting to fake this schema>\"\n            },\n            \"ResponsibleBranch\": {\n              \"value\": \"<Error: Too many levels of nesting to fake this schema>\"\n            },\n            \"AddrFormatType\": {\n              \"value\": \"<Error: Too many levels of nesting to fake this schema>\"\n            },\n            \"Addr1\": {\n              \"value\": \"<Error: Too many levels of nesting to fake this schema>\"\n            },\n            \"Addr2\": {\n              \"value\": \"<Error: Too many levels of nesting to fake this schema>\"\n            },\n            \"City\": {\n              \"value\": \"<Error: Too many levels of nesting to fake this schema>\"\n            },\n            \"StateProv\": {\n              \"value\": \"<Error: Too many levels of nesting to fake this schema>\"\n            },\n            \"PostalCode\": {\n              \"value\": \"<Error: Too many levels of nesting to fake this schema>\"\n            },\n            \"CountryCode\": {\n              \"value\": \"<Error: Too many levels of nesting to fake this schema>\"\n            },\n            \"TimeFrame\": {\n              \"value\": \"<Error: Too many levels of nesting to fake this schema>\"\n            },\n            \"Retention\": {\n              \"value\": \"<Error: Too many levels of nesting to fake this schema>\"\n            },\n            \"CensusTract\": {\n              \"value\": \"<Error: Too many levels of nesting to fake this schema>\"\n            },\n            \"CensusBlock\": {\n              \"value\": \"<Error: Too many levels of nesting to fake this schema>\"\n            },\n            \"ForeignFlag\": {\n              \"value\": \"<Error: Too many levels of nesting to fake this schema>\"\n            },\n            \"HandlingCode\": {\n              \"value\": \"<Error: Too many levels of nesting to fake this schema>\"\n            },\n            \"HandlingCodeOption\": {\n              \"value\": \"<Error: Too many levels of nesting to fake this schema>\"\n            },\n            \"MSACode\": {\n              \"value\": \"<Error: Too many levels of nesting to fake this schema>\"\n            }\n          }\n        ],\n        \"AddrRelRef\": [\n          {\n            \"PartyKeys\": {\n              \"value\": \"<Error: Too many levels of nesting to fake this schema>\"\n            },\n            \"AcctKeys\": {\n              \"value\": \"<Error: Too many levels of nesting to fake this schema>\"\n            },\n            \"AddrUse\": \"<string>\"\n          },\n          {\n            \"PartyKeys\": {\n              \"value\": \"<Error: Too many levels of nesting to fake this schema>\"\n            },\n            \"AcctKeys\": {\n              \"value\": \"<Error: Too many levels of nesting to fake this schema>\"\n            },\n            \"AddrUse\": \"<string>\"\n          }\n        ]\n      },\n      \"AddrKeys\": {\n        \"AddrId\": \"<string>\",\n        \"AddressIdent\": \"<string>\",\n        \"AddrType\": \"Primary\"\n      },\n      \"AddrStatus\": {\n        \"AddrStatusCode\": \"reprehenderit nulla\",\n        \"EffDt\": \"2021-12-31T23:59:59.999\"\n      }\n    },\n    {\n      \"AddrInfo\": {\n        \"PostAddr\": [\n          {\n            \"AddrType\": {\n              \"value\": \"<Error: Too many levels of nesting to fake this schema>\"\n            },\n            \"OpenDt\": {\n              \"value\": \"<Error: Too many levels of nesting to fake this schema>\"\n            },\n            \"RelationshipMgr\": {\n              \"value\": \"<Error: Too many levels of nesting to fake this schema>\"\n            },\n            \"OriginatingBranch\": {\n              \"value\": \"<Error: Too many levels of nesting to fake this schema>\"\n            },\n            \"ResponsibleBranch\": {\n              \"value\": \"<Error: Too many levels of nesting to fake this schema>\"\n            },\n            \"AddrFormatType\": {\n              \"value\": \"<Error: Too many levels of nesting to fake this schema>\"\n            },\n            \"Addr1\": {\n              \"value\": \"<Error: Too many levels of nesting to fake this schema>\"\n            },\n            \"Addr2\": {\n              \"value\": \"<Error: Too many levels of nesting to fake this schema>\"\n            },\n            \"City\": {\n              \"value\": \"<Error: Too many levels of nesting to fake this schema>\"\n            },\n            \"StateProv\": {\n              \"value\": \"<Error: Too many levels of nesting to fake this schema>\"\n            },\n            \"PostalCode\": {\n              \"value\": \"<Error: Too many levels of nesting to fake this schema>\"\n            },\n            \"CountryCode\": {\n              \"value\": \"<Error: Too many levels of nesting to fake this schema>\"\n            },\n            \"TimeFrame\": {\n              \"value\": \"<Error: Too many levels of nesting to fake this schema>\"\n            },\n            \"Retention\": {\n              \"value\": \"<Error: Too many levels of nesting to fake this schema>\"\n            },\n            \"CensusTract\": {\n              \"value\": \"<Error: Too many levels of nesting to fake this schema>\"\n            },\n            \"CensusBlock\": {\n              \"value\": \"<Error: Too many levels of nesting to fake this schema>\"\n            },\n            \"ForeignFlag\": {\n              \"value\": \"<Error: Too many levels of nesting to fake this schema>\"\n            },\n            \"HandlingCode\": {\n              \"value\": \"<Error: Too many levels of nesting to fake this schema>\"\n            },\n            \"HandlingCodeOption\": {\n              \"value\": \"<Error: Too many levels of nesting to fake this schema>\"\n            },\n            \"MSACode\": {\n              \"value\": \"<Error: Too many levels of nesting to fake this schema>\"\n            }\n          },\n          {\n            \"AddrType\": {\n              \"value\": \"<Error: Too many levels of nesting to fake this schema>\"\n            },\n            \"OpenDt\": {\n              \"value\": \"<Error: Too many levels of nesting to fake this schema>\"\n            },\n            \"RelationshipMgr\": {\n              \"value\": \"<Error: Too many levels of nesting to fake this schema>\"\n            },\n            \"OriginatingBranch\": {\n              \"value\": \"<Error: Too many levels of nesting to fake this schema>\"\n            },\n            \"ResponsibleBranch\": {\n              \"value\": \"<Error: Too many levels of nesting to fake this schema>\"\n            },\n            \"AddrFormatType\": {\n              \"value\": \"<Error: Too many levels of nesting to fake this schema>\"\n            },\n            \"Addr1\": {\n              \"value\": \"<Error: Too many levels of nesting to fake this schema>\"\n            },\n            \"Addr2\": {\n              \"value\": \"<Error: Too many levels of nesting to fake this schema>\"\n            },\n            \"City\": {\n              \"value\": \"<Error: Too many levels of nesting to fake this schema>\"\n            },\n            \"StateProv\": {\n              \"value\": \"<Error: Too many levels of nesting to fake this schema>\"\n            },\n            \"PostalCode\": {\n              \"value\": \"<Error: Too many levels of nesting to fake this schema>\"\n            },\n            \"CountryCode\": {\n              \"value\": \"<Error: Too many levels of nesting to fake this schema>\"\n            },\n            \"TimeFrame\": {\n              \"value\": \"<Error: Too many levels of nesting to fake this schema>\"\n            },\n            \"Retention\": {\n              \"value\": \"<Error: Too many levels of nesting to fake this schema>\"\n            },\n            \"CensusTract\": {\n              \"value\": \"<Error: Too many levels of nesting to fake this schema>\"\n            },\n            \"CensusBlock\": {\n              \"value\": \"<Error: Too many levels of nesting to fake this schema>\"\n            },\n            \"ForeignFlag\": {\n              \"value\": \"<Error: Too many levels of nesting to fake this schema>\"\n            },\n            \"HandlingCode\": {\n              \"value\": \"<Error: Too many levels of nesting to fake this schema>\"\n            },\n            \"HandlingCodeOption\": {\n              \"value\": \"<Error: Too many levels of nesting to fake this schema>\"\n            },\n            \"MSACode\": {\n              \"value\": \"<Error: Too many levels of nesting to fake this schema>\"\n            }\n          }\n        ],\n        \"AddrRelRef\": [\n          {\n            \"PartyKeys\": {\n              \"value\": \"<Error: Too many levels of nesting to fake this schema>\"\n            },\n            \"AcctKeys\": {\n              \"value\": \"<Error: Too many levels of nesting to fake this schema>\"\n            },\n            \"AddrUse\": \"<string>\"\n          },\n          {\n            \"PartyKeys\": {\n              \"value\": \"<Error: Too many levels of nesting to fake this schema>\"\n            },\n            \"AcctKeys\": {\n              \"value\": \"<Error: Too many levels of nesting to fake this schema>\"\n            },\n            \"AddrUse\": \"<string>\"\n          }\n        ]\n      },\n      \"AddrKeys\": {\n        \"AddrId\": \"<string>\",\n        \"AddressIdent\": \"<string>\",\n        \"AddrType\": \"Primary\"\n      },\n      \"AddrStatus\": {\n        \"AddrStatusCode\": \"sit ut \",\n        \"EffDt\": \"2021-12-31T23:59:59.999\"\n      }\n    }\n  ]\n}","cookie":[],"_postman_previewlanguage":"json"}],"event":[],"protocolProfileBehavior":{"disableBodyPruning":true}}],"event":[]}],"event":[]}],"event":[],"variable":[{"type":"string","value":"/","key":"baseUrl"}],"info":{"_postman_id":"32caf9ae-727a-4240-aae9-bb0420ea8527","name":"Address Service","schema":"https://schema.getpostman.com/json/collection/v2.1.0/collection.json","description":{"content":"The Address service manages addresses related to parties and product accounts.\n\nContact Support:\n Name: Roopy Cullum\n Email: Roopam.Cullum@Fiserv.com","type":"text/plain"}}}