{"item":[{"id":"aeb9de02-c9d7-458b-b9e8-413ddc6cd5e9","name":"clientDefinedFields","item":[{"id":"40080b9d-cab0-4b7a-9403-501df13da3a5","name":"Update Client Defined Field.","request":{"name":"Update Client Defined Field.","description":{"content":"Modifies, creates or deletes the client-defined field records associated with an account or party. <br> <b>Notes: </b> <ul><li>To modify, all client defined fields are to be included in the request (the ClientDefinedData aggregate should be included for each client defined field)</li> <li> To delete a particular field (currently in use by an account or party), do not include that field in the request</li> <li> To add a particular field (currently not in use by an account or party), include that field in the request</li></ul> <br> For more information about the Accountholder domain, <a href=\"../docs/?path=docs/fintechs/accountholder.md\" title=\"Click to open\">click here.</a> <br><br> <b>Relates to:</b>\n  <ul> \n    <li><a href=\"../docs/?path=docs/banks-and-CU/deposits.md\" title=\"Click to open\">Deposits</a></li>\n    <li><a href=\"../docs/?path=docs/banks-and-CU/loans.md\" title=\"Click to open\">Loans</a></li>\n    <li><a href=\"../docs/?path=docs/banks-and-CU/bank-servicing.md\" title=\"Click to open\">Bank Servicing</a></li>\n  </ul>\n","type":"text/plain"},"url":{"path":["clientDefinedFields"],"host":["{{baseUrl}}"],"query":[],"variable":[]},"header":[{"disabled":false,"description":"(Required) EFX Header is a common and required component for all API calls, it contains authentication and client-related parameters. Please note that the header parameters should be sent as a JSON object under the EFXHeader parameter. To view the list of header parameters, <a href=\"../docs?path=docs/api-ref-EFX-header.md\" title=\"Click to open\"> click here.</a>","key":"EFXHeader","value":"OrganizationId,<string>,TrnId,<string>,VendorId,<string>,Context,[object Object]"},{"key":"Content-Type","value":"application/json"},{"key":"Accept","value":"application/json"}],"method":"PUT","auth":null,"body":{"mode":"raw","raw":"{\n  \"ClientDefinedFieldInfo\": {\n    \"ClientDefinedData\": [\n      {\n        \"DataIdent\": \"<string>\",\n        \"DataType\": \"<string>\",\n        \"Value\": \"<string>\",\n        \"DataLength\": \"<long>\",\n        \"ExpDt\": \"<date>\",\n        \"Desc\": \"<string>\",\n        \"RequiredFlag\": \"<boolean>\",\n        \"SearchFlag\": \"<boolean>\"\n      },\n      {\n        \"DataIdent\": \"<string>\",\n        \"DataType\": \"<string>\",\n        \"Value\": \"<string>\",\n        \"DataLength\": \"<long>\",\n        \"ExpDt\": \"<date>\",\n        \"Desc\": \"<string>\",\n        \"RequiredFlag\": \"<boolean>\",\n        \"SearchFlag\": \"<boolean>\"\n      }\n    ],\n    \"AcctKeys\": {\n      \"AcctId\": \"<string>\",\n      \"AcctType\": \"<string>\"\n    },\n    \"PartyKeys\": {\n      \"PartyId\": \"<string>\"\n    }\n  },\n  \"ClientDefinedFieldKeys\": {\n    \"AcctKeys\": {\n      \"AcctId\": \"<string>\",\n      \"AcctType\": \"<string>\"\n    },\n    \"PartyKeys\": {\n      \"PartyId\": \"<string>\"\n    }\n  },\n  \"OvrdAutoAckInd\": \"<boolean>\",\n  \"OvrdExceptionData\": {\n    \"OverrideException\": [\n      {\n        \"SubjectRole\": \"<string>\",\n        \"SubjectIdent\": \"<string>\",\n        \"OvrdExceptionCode\": \"<string>\",\n        \"OvrdElement\": \"<object>\"\n      },\n      {\n        \"SubjectRole\": \"<string>\",\n        \"SubjectIdent\": \"<string>\",\n        \"OvrdExceptionCode\": \"<string>\",\n        \"OvrdElement\": \"<object>\"\n      }\n    ]\n  }\n}","options":{"raw":{"language":"json"}}}},"response":[{"id":"c8a1ebda-db21-429c-b3be-52eb3f4d5301","name":"Ok","originalRequest":{"url":{"path":["clientDefinedFields"],"host":["{{baseUrl}}"],"query":[],"variable":[]},"header":[{"disabled":false,"description":"(Required) EFX Header is a common and required component for all API calls, it contains authentication and client-related parameters. Please note that the header parameters should be sent as a JSON object under the EFXHeader parameter. To view the list of header parameters, <a href=\"../docs?path=docs/api-ref-EFX-header.md\" title=\"Click to open\"> click here.</a>","key":"EFXHeader","value":"{ \"TrnId\": \"f262cfa4-9da4-4a10-b48c-2e947ce3e66c\", \"OrganizationId\": \"PRMOrg10\", \"VendorId\": \"112233\", \"Context\":{ \"Channel\": \"WEB\" } }"},{"key":"Accept","value":"application/json"}],"method":"PUT","body":{"mode":"raw","raw":"{\n  \"OvrdAutoAckInd\": true,\n  \"ClientDefinedFieldKeys\": {\n    \"AcctKeys\": {\n      \"AcctId\": \"1000\",\n      \"AcctType\": \"SDA\"\n    }\n  },\n  \"ClientDefinedFieldInfo\": {\n    \"ClientDefinedData\": [\n      {\n        \"DataIdent\": \"1\",\n        \"DataType\": \"Date\",\n        \"Value\": \"09091996\",\n        \"DataLength\": 10,\n        \"Desc\": \"NEXT ACCT REVIEW\",\n        \"RequiredFlag\": false\n      },\n      {\n        \"DataIdent\": \"2\",\n        \"DataType\": \"Alpha\",\n        \"Value\": \"REGULAR TRANSACT\",\n        \"DataLength\": 16,\n        \"Desc\": \"ACCT ACTIVITY\",\n        \"RequiredFlag\": false\n      },\n      {\n        \"DataIdent\": \"3\",\n        \"DataType\": \"Alpha\",\n        \"Value\": \"ION ACTIVITY\",\n        \"DataLength\": 16,\n        \"Desc\": \"ACCT ACTIVITY\",\n        \"RequiredFlag\": false\n      },\n      {\n        \"DataIdent\": \"5\",\n        \"DataType\": \"Alpha\",\n        \"Value\": \"EARNED AT 6.8%\",\n        \"DataLength\": 16,\n        \"Desc\": \"ACCT HISTORY\",\n        \"RequiredFlag\": false\n      },\n      {\n        \"DataIdent\": \"6\",\n        \"DataType\": \"Alpha\",\n        \"Value\": \"FOR 3 YEARS,\",\n        \"DataLength\": 16,\n        \"Desc\": \"ACCT HISTORY\",\n        \"RequiredFlag\": false\n      },\n      {\n        \"DataIdent\": \"7\",\n        \"DataType\": \"Alpha\",\n        \"Value\": \"THEN 8.9% FOR 5.\",\n        \"DataLength\": 16,\n        \"Desc\": \"ACCT HISTORY\",\n        \"RequiredFlag\": false\n      }\n    ]\n  }\n}","options":{"raw":{"language":"json"}}}},"status":"OK","code":200,"header":[{"key":"Content-Type","value":"application/json"}],"body":"{\n  \"Status\": {\n    \"StatusCode\": \"0\",\n    \"StatusDesc\": \"Success\",\n    \"Severity\": \"Info\",\n    \"SvcProviderName\": \"Premier\"\n  },\n  \"ClientDefinedFieldStatusRec\": {\n    \"ClientDefinedFieldKeys\": [\n      {\n        \"AcctKeys\": {\n          \"AcctId\": \"1000\",\n          \"AcctType\": \"SDA\"\n        }\n      }\n    ],\n    \"ClientDefinedFieldStatus\": {\n      \"ClientDefinedFieldStatusCode\": \"Valid\",\n      \"EffDt\": \"2022-01-18T05:31:53.145\"\n    }\n  }\n}","cookie":[],"_postman_previewlanguage":"json"},{"id":"c576c301-af59-445f-85ed-d7779f973a60","name":"Created","originalRequest":{"url":{"path":["clientDefinedFields"],"host":["{{baseUrl}}"],"query":[],"variable":[]},"header":[{"disabled":false,"description":"(Required) EFX Header is a common and required component for all API calls, it contains authentication and client-related parameters. Please note that the header parameters should be sent as a JSON object under the EFXHeader parameter. To view the list of header parameters, <a href=\"../docs?path=docs/api-ref-EFX-header.md\" title=\"Click to open\"> click here.</a>","key":"EFXHeader","value":"{ \"TrnId\": \"f262cfa4-9da4-4a10-b48c-2e947ce3e66c\", \"OrganizationId\": \"PRMOrg10\", \"VendorId\": \"112233\", \"Context\":{ \"Channel\": \"WEB\" } }"},{"key":"Accept","value":"application/json"}],"method":"PUT","body":{"mode":"raw","raw":"{\n  \"OvrdAutoAckInd\": true,\n  \"ClientDefinedFieldKeys\": {\n    \"AcctKeys\": {\n      \"AcctId\": \"1000\",\n      \"AcctType\": \"SDA\"\n    }\n  },\n  \"ClientDefinedFieldInfo\": {\n    \"ClientDefinedData\": [\n      {\n        \"DataIdent\": \"1\",\n        \"DataType\": \"Date\",\n        \"Value\": \"09091996\",\n        \"DataLength\": 10,\n        \"Desc\": \"NEXT ACCT REVIEW\",\n        \"RequiredFlag\": false\n      },\n      {\n        \"DataIdent\": \"2\",\n        \"DataType\": \"Alpha\",\n        \"Value\": \"REGULAR TRANSACT\",\n        \"DataLength\": 16,\n        \"Desc\": \"ACCT ACTIVITY\",\n        \"RequiredFlag\": false\n      },\n      {\n        \"DataIdent\": \"3\",\n        \"DataType\": \"Alpha\",\n        \"Value\": \"ION ACTIVITY\",\n        \"DataLength\": 16,\n        \"Desc\": \"ACCT ACTIVITY\",\n        \"RequiredFlag\": false\n      },\n      {\n        \"DataIdent\": \"5\",\n        \"DataType\": \"Alpha\",\n        \"Value\": \"EARNED AT 6.8%\",\n        \"DataLength\": 16,\n        \"Desc\": \"ACCT HISTORY\",\n        \"RequiredFlag\": false\n      },\n      {\n        \"DataIdent\": \"6\",\n        \"DataType\": \"Alpha\",\n        \"Value\": \"FOR 3 YEARS,\",\n        \"DataLength\": 16,\n        \"Desc\": \"ACCT HISTORY\",\n        \"RequiredFlag\": false\n      },\n      {\n        \"DataIdent\": \"7\",\n        \"DataType\": \"Alpha\",\n        \"Value\": \"THEN 8.9% FOR 5.\",\n        \"DataLength\": 16,\n        \"Desc\": \"ACCT HISTORY\",\n        \"RequiredFlag\": false\n      }\n    ]\n  }\n}","options":{"raw":{"language":"json"}}}},"status":"Created","code":201,"header":[{"key":"Content-Type","value":"application/json"}],"body":"{\n  \"Status\": {\n    \"Severity\": \"Error\",\n    \"StatusCode\": \"ea nostrud ips\",\n    \"StatusDesc\": \"voluptate laboris fugiat anim\",\n    \"SvcProviderName\": \"amet ipsum labore in laboris\",\n    \"Id\": \"proident laborum nostrud\",\n    \"ServerStatusCode\": \"ipsum eiusmod\",\n    \"ServerStatusDesc\": \"id exercitation velit laborum eiusmod\",\n    \"OvrdExceptionInd\": false,\n    \"SubjectRole\": \"anim ut c\",\n    \"SubjectElement\": [\n      {\n        \"Path\": \"laborum esse nisi\",\n        \"ServerPath\": \"veniam laboris consectetur\",\n        \"Value\": \"occaecat pariatur dolor sint Duis\"\n      },\n      {\n        \"Path\": \"cupidatat in tempor laboris nisi\",\n        \"ServerPath\": \"laboris fugiat sit\",\n        \"Value\": \"amet commodo\"\n      }\n    ],\n    \"ContentHTML\": \"aute nulla\",\n    \"AdditionalStatus\": [\n      {\n        \"StatusCode\": \"in Lo\",\n        \"StatusDesc\": \"enim\",\n        \"Severity\": \"Error\",\n        \"SvcProviderName\": \"quis reprehenderit proident\",\n        \"ServerStatusCode\": \"sed\",\n        \"ServerStatusDesc\": \"in non officia\",\n        \"OvrdExceptionInd\": false,\n        \"SubjectElement\": [\n          {\n            \"Path\": \"cillum ut\",\n            \"ServerPath\": \"nostrud ullamco fugiat nulla\",\n            \"Value\": \"Duis\"\n          },\n          {\n            \"Path\": \"dolor consequat officia amet ex\",\n            \"ServerPath\": \"laborum nisi non labore\",\n            \"Value\": \"aute in in qui\"\n          }\n        ]\n      },\n      {\n        \"StatusCode\": \"et offici\",\n        \"StatusDesc\": \"veniam minim ullamco tempor\",\n        \"Severity\": \"Warning\",\n        \"SvcProviderName\": \"nisi\",\n        \"ServerStatusCode\": \"Duis Ut eiusmod\",\n        \"ServerStatusDesc\": \"labore sunt dolore consequat velit\",\n        \"OvrdExceptionInd\": false,\n        \"SubjectElement\": [\n          {\n            \"Path\": \"elit\",\n            \"ServerPath\": \"in\",\n            \"Value\": \"amet pariatur sit veniam\"\n          },\n          {\n            \"Path\": \"quis est et sunt repr\",\n            \"ServerPath\": \"Excepteur Lorem enim\",\n            \"Value\": \"labore cillum\"\n          }\n        ]\n      }\n    ]\n  },\n  \"ClientDefinedFieldStatusRec\": {\n    \"ClientDefinedFieldKeys\": [\n      {\n        \"AcctKeys\": {\n          \"AcctId\": \"<string>\",\n          \"AcctType\": \"<string>\"\n        },\n        \"PartyKeys\": {\n          \"PartyId\": \"<string>\"\n        }\n      },\n      {\n        \"AcctKeys\": {\n          \"AcctId\": \"<string>\",\n          \"AcctType\": \"<string>\"\n        },\n        \"PartyKeys\": {\n          \"PartyId\": \"<string>\"\n        }\n      }\n    ],\n    \"ClientDefinedFieldStatus\": {\n      \"ClientDefinedFieldStatusCode\": \"Valid\",\n      \"EffDt\": \"2021-06-28T23:40:30.888\"\n    }\n  }\n}","cookie":[],"_postman_previewlanguage":"json"},{"id":"2d12db40-6028-4a82-84fd-98d92327c8da","name":"Unauthorized","originalRequest":{"url":{"path":["clientDefinedFields"],"host":["{{baseUrl}}"],"query":[],"variable":[]},"header":[{"disabled":false,"description":"(Required) EFX Header is a common and required component for all API calls, it contains authentication and client-related parameters. Please note that the header parameters should be sent as a JSON object under the EFXHeader parameter. To view the list of header parameters, <a href=\"../docs?path=docs/api-ref-EFX-header.md\" title=\"Click to open\"> click here.</a>","key":"EFXHeader","value":"{ \"TrnId\": \"f262cfa4-9da4-4a10-b48c-2e947ce3e66c\", \"OrganizationId\": \"PRMOrg10\", \"VendorId\": \"112233\", \"Context\":{ \"Channel\": \"WEB\" } }"},{"key":"Accept","value":"application/json"}],"method":"PUT","body":{"mode":"raw","raw":"{\n  \"OvrdAutoAckInd\": true,\n  \"ClientDefinedFieldKeys\": {\n    \"AcctKeys\": {\n      \"AcctId\": \"1000\",\n      \"AcctType\": \"SDA\"\n    }\n  },\n  \"ClientDefinedFieldInfo\": {\n    \"ClientDefinedData\": [\n      {\n        \"DataIdent\": \"1\",\n        \"DataType\": \"Date\",\n        \"Value\": \"09091996\",\n        \"DataLength\": 10,\n        \"Desc\": \"NEXT ACCT REVIEW\",\n        \"RequiredFlag\": false\n      },\n      {\n        \"DataIdent\": \"2\",\n        \"DataType\": \"Alpha\",\n        \"Value\": \"REGULAR TRANSACT\",\n        \"DataLength\": 16,\n        \"Desc\": \"ACCT ACTIVITY\",\n        \"RequiredFlag\": false\n      },\n      {\n        \"DataIdent\": \"3\",\n        \"DataType\": \"Alpha\",\n        \"Value\": \"ION ACTIVITY\",\n        \"DataLength\": 16,\n        \"Desc\": \"ACCT ACTIVITY\",\n        \"RequiredFlag\": false\n      },\n      {\n        \"DataIdent\": \"5\",\n        \"DataType\": \"Alpha\",\n        \"Value\": \"EARNED AT 6.8%\",\n        \"DataLength\": 16,\n        \"Desc\": \"ACCT HISTORY\",\n        \"RequiredFlag\": false\n      },\n      {\n        \"DataIdent\": \"6\",\n        \"DataType\": \"Alpha\",\n        \"Value\": \"FOR 3 YEARS,\",\n        \"DataLength\": 16,\n        \"Desc\": \"ACCT HISTORY\",\n        \"RequiredFlag\": false\n      },\n      {\n        \"DataIdent\": \"7\",\n        \"DataType\": \"Alpha\",\n        \"Value\": \"THEN 8.9% FOR 5.\",\n        \"DataLength\": 16,\n        \"Desc\": \"ACCT HISTORY\",\n        \"RequiredFlag\": false\n      }\n    ]\n  }\n}","options":{"raw":{"language":"json"}}}},"status":"Unauthorized","code":401,"header":[{"key":"Content-Type","value":"application/json"}],"body":"{\n  \"Status\": {\n    \"StatusCode\": \"1740\",\n    \"StatusDesc\": \"Authentication Failed\",\n    \"Severity\": \"Error\",\n    \"SvcProviderName\": \"Premier\",\n    \"ServerStatusCode\": \"401\",\n    \"ServerStatusDesc\": \"Unauthorized\"\n  }\n}","cookie":[],"_postman_previewlanguage":"json"},{"id":"d05f2c9a-d86a-4000-abfe-6aa68115bb2e","name":"Un-processable Entity","originalRequest":{"url":{"path":["clientDefinedFields"],"host":["{{baseUrl}}"],"query":[],"variable":[]},"header":[{"disabled":false,"description":"(Required) EFX Header is a common and required component for all API calls, it contains authentication and client-related parameters. Please note that the header parameters should be sent as a JSON object under the EFXHeader parameter. To view the list of header parameters, <a href=\"../docs?path=docs/api-ref-EFX-header.md\" title=\"Click to open\"> click here.</a>","key":"EFXHeader","value":"{ \"TrnId\": \"f262cfa4-9da4-4a10-b48c-2e947ce3e66c\", \"OrganizationId\": \"PRMOrg10\", \"VendorId\": \"112233\", \"Context\":{ \"Channel\": \"WEB\" } }"},{"key":"Accept","value":"application/json"}],"method":"PUT","body":{"mode":"raw","raw":"{\n  \"OvrdAutoAckInd\": true,\n  \"ClientDefinedFieldKeys\": {\n    \"AcctKeys\": {\n      \"AcctId\": \"1000\",\n      \"AcctType\": \"SDA\"\n    }\n  },\n  \"ClientDefinedFieldInfo\": {\n    \"ClientDefinedData\": [\n      {\n        \"DataIdent\": \"1\",\n        \"DataType\": \"Date\",\n        \"Value\": \"09091996\",\n        \"DataLength\": 10,\n        \"Desc\": \"NEXT ACCT REVIEW\",\n        \"RequiredFlag\": false\n      },\n      {\n        \"DataIdent\": \"2\",\n        \"DataType\": \"Alpha\",\n        \"Value\": \"REGULAR TRANSACT\",\n        \"DataLength\": 16,\n        \"Desc\": \"ACCT ACTIVITY\",\n        \"RequiredFlag\": false\n      },\n      {\n        \"DataIdent\": \"3\",\n        \"DataType\": \"Alpha\",\n        \"Value\": \"ION ACTIVITY\",\n        \"DataLength\": 16,\n        \"Desc\": \"ACCT ACTIVITY\",\n        \"RequiredFlag\": false\n      },\n      {\n        \"DataIdent\": \"5\",\n        \"DataType\": \"Alpha\",\n        \"Value\": \"EARNED AT 6.8%\",\n        \"DataLength\": 16,\n        \"Desc\": \"ACCT HISTORY\",\n        \"RequiredFlag\": false\n      },\n      {\n        \"DataIdent\": \"6\",\n        \"DataType\": \"Alpha\",\n        \"Value\": \"FOR 3 YEARS,\",\n        \"DataLength\": 16,\n        \"Desc\": \"ACCT HISTORY\",\n        \"RequiredFlag\": false\n      },\n      {\n        \"DataIdent\": \"7\",\n        \"DataType\": \"Alpha\",\n        \"Value\": \"THEN 8.9% FOR 5.\",\n        \"DataLength\": 16,\n        \"Desc\": \"ACCT HISTORY\",\n        \"RequiredFlag\": false\n      }\n    ]\n  }\n}","options":{"raw":{"language":"json"}}}},"status":"Unprocessable Entity (WebDAV) (RFC 4918)","code":422,"header":[{"key":"Content-Type","value":"application/json"}],"body":"{\n  \"Status\": {\n    \"StatusCode\": \"1090\",\n    \"StatusDesc\": \"Invalid Value\",\n    \"Severity\": \"Error\",\n    \"SvcProviderName\": \"Premier\",\n    \"ServerStatusCode\": \"422\",\n    \"ServerStatusDesc\": \"Unprocessable Entity\"\n  }\n}","cookie":[],"_postman_previewlanguage":"json"},{"id":"8004956a-7ac6-4f55-b66b-2187db2e861f","name":"Internal Server Error","originalRequest":{"url":{"path":["clientDefinedFields"],"host":["{{baseUrl}}"],"query":[],"variable":[]},"header":[{"disabled":false,"description":"(Required) EFX Header is a common and required component for all API calls, it contains authentication and client-related parameters. Please note that the header parameters should be sent as a JSON object under the EFXHeader parameter. To view the list of header parameters, <a href=\"../docs?path=docs/api-ref-EFX-header.md\" title=\"Click to open\"> click here.</a>","key":"EFXHeader","value":"{ \"TrnId\": \"f262cfa4-9da4-4a10-b48c-2e947ce3e66c\", \"OrganizationId\": \"PRMOrg10\", \"VendorId\": \"112233\", \"Context\":{ \"Channel\": \"WEB\" } }"},{"key":"Accept","value":"application/json"}],"method":"PUT","body":{"mode":"raw","raw":"{\n  \"OvrdAutoAckInd\": true,\n  \"ClientDefinedFieldKeys\": {\n    \"AcctKeys\": {\n      \"AcctId\": \"1000\",\n      \"AcctType\": \"SDA\"\n    }\n  },\n  \"ClientDefinedFieldInfo\": {\n    \"ClientDefinedData\": [\n      {\n        \"DataIdent\": \"1\",\n        \"DataType\": \"Date\",\n        \"Value\": \"09091996\",\n        \"DataLength\": 10,\n        \"Desc\": \"NEXT ACCT REVIEW\",\n        \"RequiredFlag\": false\n      },\n      {\n        \"DataIdent\": \"2\",\n        \"DataType\": \"Alpha\",\n        \"Value\": \"REGULAR TRANSACT\",\n        \"DataLength\": 16,\n        \"Desc\": \"ACCT ACTIVITY\",\n        \"RequiredFlag\": false\n      },\n      {\n        \"DataIdent\": \"3\",\n        \"DataType\": \"Alpha\",\n        \"Value\": \"ION ACTIVITY\",\n        \"DataLength\": 16,\n        \"Desc\": \"ACCT ACTIVITY\",\n        \"RequiredFlag\": false\n      },\n      {\n        \"DataIdent\": \"5\",\n        \"DataType\": \"Alpha\",\n        \"Value\": \"EARNED AT 6.8%\",\n        \"DataLength\": 16,\n        \"Desc\": \"ACCT HISTORY\",\n        \"RequiredFlag\": false\n      },\n      {\n        \"DataIdent\": \"6\",\n        \"DataType\": \"Alpha\",\n        \"Value\": \"FOR 3 YEARS,\",\n        \"DataLength\": 16,\n        \"Desc\": \"ACCT HISTORY\",\n        \"RequiredFlag\": false\n      },\n      {\n        \"DataIdent\": \"7\",\n        \"DataType\": \"Alpha\",\n        \"Value\": \"THEN 8.9% FOR 5.\",\n        \"DataLength\": 16,\n        \"Desc\": \"ACCT HISTORY\",\n        \"RequiredFlag\": false\n      }\n    ]\n  }\n}","options":{"raw":{"language":"json"}}}},"status":"Internal Server Error","code":500,"header":[{"key":"Content-Type","value":"application/json"}],"body":"{\n  \"Status\": {\n    \"StatusCode\": \"100\",\n    \"StatusDesc\": \"General Error\",\n    \"Severity\": \"Error\",\n    \"SvcProviderName\": \"Premier\",\n    \"ServerStatusCode\": \"500\",\n    \"ServerStatusDesc\": \"Internal Server Error\"\n  }\n}","cookie":[],"_postman_previewlanguage":"json"},{"id":"20dd2cf9-d83c-4036-bf6b-1207150db6cd","name":"Service Unavailable","originalRequest":{"url":{"path":["clientDefinedFields"],"host":["{{baseUrl}}"],"query":[],"variable":[]},"header":[{"disabled":false,"description":"(Required) EFX Header is a common and required component for all API calls, it contains authentication and client-related parameters. Please note that the header parameters should be sent as a JSON object under the EFXHeader parameter. To view the list of header parameters, <a href=\"../docs?path=docs/api-ref-EFX-header.md\" title=\"Click to open\"> click here.</a>","key":"EFXHeader","value":"{ \"TrnId\": \"f262cfa4-9da4-4a10-b48c-2e947ce3e66c\", \"OrganizationId\": \"PRMOrg10\", \"VendorId\": \"112233\", \"Context\":{ \"Channel\": \"WEB\" } }"},{"key":"Accept","value":"application/json"}],"method":"PUT","body":{"mode":"raw","raw":"{\n  \"OvrdAutoAckInd\": true,\n  \"ClientDefinedFieldKeys\": {\n    \"AcctKeys\": {\n      \"AcctId\": \"1000\",\n      \"AcctType\": \"SDA\"\n    }\n  },\n  \"ClientDefinedFieldInfo\": {\n    \"ClientDefinedData\": [\n      {\n        \"DataIdent\": \"1\",\n        \"DataType\": \"Date\",\n        \"Value\": \"09091996\",\n        \"DataLength\": 10,\n        \"Desc\": \"NEXT ACCT REVIEW\",\n        \"RequiredFlag\": false\n      },\n      {\n        \"DataIdent\": \"2\",\n        \"DataType\": \"Alpha\",\n        \"Value\": \"REGULAR TRANSACT\",\n        \"DataLength\": 16,\n        \"Desc\": \"ACCT ACTIVITY\",\n        \"RequiredFlag\": false\n      },\n      {\n        \"DataIdent\": \"3\",\n        \"DataType\": \"Alpha\",\n        \"Value\": \"ION ACTIVITY\",\n        \"DataLength\": 16,\n        \"Desc\": \"ACCT ACTIVITY\",\n        \"RequiredFlag\": false\n      },\n      {\n        \"DataIdent\": \"5\",\n        \"DataType\": \"Alpha\",\n        \"Value\": \"EARNED AT 6.8%\",\n        \"DataLength\": 16,\n        \"Desc\": \"ACCT HISTORY\",\n        \"RequiredFlag\": false\n      },\n      {\n        \"DataIdent\": \"6\",\n        \"DataType\": \"Alpha\",\n        \"Value\": \"FOR 3 YEARS,\",\n        \"DataLength\": 16,\n        \"Desc\": \"ACCT HISTORY\",\n        \"RequiredFlag\": false\n      },\n      {\n        \"DataIdent\": \"7\",\n        \"DataType\": \"Alpha\",\n        \"Value\": \"THEN 8.9% FOR 5.\",\n        \"DataLength\": 16,\n        \"Desc\": \"ACCT HISTORY\",\n        \"RequiredFlag\": false\n      }\n    ]\n  }\n}","options":{"raw":{"language":"json"}}}},"status":"Service Unavailable","code":503,"header":[{"key":"Content-Type","value":"application/json"}],"body":"{\n  \"Status\": {\n    \"StatusCode\": \"300\",\n    \"StatusDesc\": \"System Not Available\",\n    \"Severity\": \"Error\",\n    \"SvcProviderName\": \"Premier\",\n    \"ServerStatusCode\": \"503\",\n    \"ServerStatusDesc\": \"Service Unavailable\"\n  }\n}","cookie":[],"_postman_previewlanguage":"json"},{"id":"aead999e-3545-4342-9013-c86dfe0a799a","name":"Unexpected error","originalRequest":{"url":{"path":["clientDefinedFields"],"host":["{{baseUrl}}"],"query":[],"variable":[]},"header":[{"disabled":false,"description":"(Required) EFX Header is a common and required component for all API calls, it contains authentication and client-related parameters. Please note that the header parameters should be sent as a JSON object under the EFXHeader parameter. To view the list of header parameters, <a href=\"../docs?path=docs/api-ref-EFX-header.md\" title=\"Click to open\"> click here.</a>","key":"EFXHeader","value":"{ \"TrnId\": \"f262cfa4-9da4-4a10-b48c-2e947ce3e66c\", \"OrganizationId\": \"PRMOrg10\", \"VendorId\": \"112233\", \"Context\":{ \"Channel\": \"WEB\" } }"},{"key":"Accept","value":"application/xml"}],"method":"PUT","body":{"mode":"raw","raw":"{\n  \"OvrdAutoAckInd\": true,\n  \"ClientDefinedFieldKeys\": {\n    \"AcctKeys\": {\n      \"AcctId\": \"1000\",\n      \"AcctType\": \"SDA\"\n    }\n  },\n  \"ClientDefinedFieldInfo\": {\n    \"ClientDefinedData\": [\n      {\n        \"DataIdent\": \"1\",\n        \"DataType\": \"Date\",\n        \"Value\": \"09091996\",\n        \"DataLength\": 10,\n        \"Desc\": \"NEXT ACCT REVIEW\",\n        \"RequiredFlag\": false\n      },\n      {\n        \"DataIdent\": \"2\",\n        \"DataType\": \"Alpha\",\n        \"Value\": \"REGULAR TRANSACT\",\n        \"DataLength\": 16,\n        \"Desc\": \"ACCT ACTIVITY\",\n        \"RequiredFlag\": false\n      },\n      {\n        \"DataIdent\": \"3\",\n        \"DataType\": \"Alpha\",\n        \"Value\": \"ION ACTIVITY\",\n        \"DataLength\": 16,\n        \"Desc\": \"ACCT ACTIVITY\",\n        \"RequiredFlag\": false\n      },\n      {\n        \"DataIdent\": \"5\",\n        \"DataType\": \"Alpha\",\n        \"Value\": \"EARNED AT 6.8%\",\n        \"DataLength\": 16,\n        \"Desc\": \"ACCT HISTORY\",\n        \"RequiredFlag\": false\n      },\n      {\n        \"DataIdent\": \"6\",\n        \"DataType\": \"Alpha\",\n        \"Value\": \"FOR 3 YEARS,\",\n        \"DataLength\": 16,\n        \"Desc\": \"ACCT HISTORY\",\n        \"RequiredFlag\": false\n      },\n      {\n        \"DataIdent\": \"7\",\n        \"DataType\": \"Alpha\",\n        \"Value\": \"THEN 8.9% FOR 5.\",\n        \"DataLength\": 16,\n        \"Desc\": \"ACCT HISTORY\",\n        \"RequiredFlag\": false\n      }\n    ]\n  }\n}","options":{"raw":{"language":"json"}}}},"status":"Internal Server Error","code":500,"header":[{"key":"Content-Type","value":"application/xml"}],"body":"<?xml version=\"1.0\" encoding=\"UTF-8\"?>\n<element>\n  <Status>\n    <Id>(string)</Id>\n    <StatusCode>(string)</StatusCode>\n    <StatusDesc>(string)</StatusDesc>\n    <Severity>(string)</Severity>\n    <SvcProviderName>(string)</SvcProviderName>\n    <ServerStatusCode>(string)</ServerStatusCode>\n    <ServerStatusDesc>(string)</ServerStatusDesc>\n    <OvrdExceptionInd>(boolean)</OvrdExceptionInd>\n    <SubjectRole>(string)</SubjectRole>\n    <SubjectElement>\n      <Path>(string)</Path>\n      <ServerPath>(string)</ServerPath>\n      <Value>(string)</Value>\n    </SubjectElement>\n    <SubjectElement>\n      <Path>(string)</Path>\n      <ServerPath>(string)</ServerPath>\n      <Value>(string)</Value>\n    </SubjectElement>\n    <ContentHTML>(string)</ContentHTML>\n    <AdditionalStatus>\n      <StatusCode>(string)</StatusCode>\n      <StatusDesc>(string)</StatusDesc>\n      <Severity>(string)</Severity>\n      <SvcProviderName>(string)</SvcProviderName>\n      <ServerStatusCode>(string)</ServerStatusCode>\n      <ServerStatusDesc>(string)</ServerStatusDesc>\n      <OvrdExceptionInd>(boolean)</OvrdExceptionInd>\n      <SubjectElement>\n        <Path>(string)</Path>\n        <ServerPath>(string)</ServerPath>\n        <Value>(string)</Value>\n      </SubjectElement>\n      <SubjectElement>\n        <Path>(string)</Path>\n        <ServerPath>(string)</ServerPath>\n        <Value>(string)</Value>\n      </SubjectElement>\n    </AdditionalStatus>\n    <AdditionalStatus>\n      <StatusCode>(string)</StatusCode>\n      <StatusDesc>(string)</StatusDesc>\n      <Severity>(string)</Severity>\n      <SvcProviderName>(string)</SvcProviderName>\n      <ServerStatusCode>(string)</ServerStatusCode>\n      <ServerStatusDesc>(string)</ServerStatusDesc>\n      <OvrdExceptionInd>(boolean)</OvrdExceptionInd>\n      <SubjectElement>\n        <Path>(string)</Path>\n        <ServerPath>(string)</ServerPath>\n        <Value>(string)</Value>\n      </SubjectElement>\n      <SubjectElement>\n        <Path>(string)</Path>\n        <ServerPath>(string)</ServerPath>\n        <Value>(string)</Value>\n      </SubjectElement>\n    </AdditionalStatus>\n  </Status>\n  <ClientDefinedFieldStatusRec>\n    <ClientDefinedFieldKeys>\n      <AcctKeys>\n        <AcctId>(string)</AcctId>\n        <AcctType>(string)</AcctType>\n      </AcctKeys>\n      <PartyKeys>\n        <PartyId>(string)</PartyId>\n      </PartyKeys>\n    </ClientDefinedFieldKeys>\n    <ClientDefinedFieldKeys>\n      <AcctKeys>\n        <AcctId>(string)</AcctId>\n        <AcctType>(string)</AcctType>\n      </AcctKeys>\n      <PartyKeys>\n        <PartyId>(string)</PartyId>\n      </PartyKeys>\n    </ClientDefinedFieldKeys>\n    <ClientDefinedFieldStatus>\n      <ClientDefinedFieldStatusCode>(string)</ClientDefinedFieldStatusCode>\n      <EffDt>2021-06-28T23:40:30.888</EffDt>\n    </ClientDefinedFieldStatus>\n  </ClientDefinedFieldStatusRec>\n</element>","cookie":[],"_postman_previewlanguage":"xml"}],"event":[],"protocolProfileBehavior":{"disableBodyPruning":true}},{"id":"32891788-e77e-4ff8-82aa-ac24f2ff6c7f","name":"Get Client Defined Field.","request":{"name":"Get Client Defined Field.","description":{"content":"Retrieves the existing client-defined field records associated with an account or party. <br> For more information about the Accountholder domain, <a href=\"../docs/?path=docs/fintechs/accountholder.md\" title=\"Click to open\">click here.</a> <br><br> <b>Relates to:</b>\n  <ul> \n    <li><a href=\"../docs/?path=docs/banks-and-CU/deposits.md\" title=\"Click to open\">Deposits</a></li>\n    <li><a href=\"../docs/?path=docs/banks-and-CU/loans.md\" title=\"Click to open\">Loans</a></li>\n    <li><a href=\"../docs/?path=docs/banks-and-CU/bank-servicing.md\" title=\"Click to open\">Bank Servicing</a></li>\n  </ul>","type":"text/plain"},"url":{"path":["clientDefinedFields","secured"],"host":["{{baseUrl}}"],"query":[],"variable":[]},"header":[{"disabled":false,"description":"(Required) EFX Header is a common and required component for all API calls, it contains authentication and client-related parameters. Please note that the header parameters should be sent as a JSON object under the EFXHeader parameter. To view the list of header parameters, <a href=\"../docs?path=docs/api-ref-EFX-header.md\" title=\"Click to open\"> click here.</a>","key":"EFXHeader","value":"OrganizationId,<string>,TrnId,<string>,VendorId,<string>,Context,[object Object]"},{"key":"Content-Type","value":"application/json"},{"key":"Accept","value":"application/json"}],"method":"POST","auth":null,"body":{"mode":"raw","raw":"{\n  \"ClientDefinedFieldSel\": {\n    \"ClientDefinedFieldKeys\": {\n      \"AcctKeys\": {\n        \"AcctId\": \"<string>\",\n        \"AcctType\": \"<string>\"\n      },\n      \"PartyKeys\": {\n        \"PartyId\": \"<string>\"\n      }\n    },\n    \"AcctKeys\": {\n      \"AcctId\": \"<string>\",\n      \"AcctType\": \"<string>\"\n    },\n    \"PartyKeys\": {\n      \"PartyId\": \"<string>\"\n    }\n  }\n}","options":{"raw":{"language":"json"}}}},"response":[{"id":"a848f9a4-28ca-4a5a-9ae9-f5687e9e36b5","name":"Ok","originalRequest":{"url":{"path":["clientDefinedFields","secured"],"host":["{{baseUrl}}"],"query":[],"variable":[]},"header":[{"disabled":false,"description":"(Required) EFX Header is a common and required component for all API calls, it contains authentication and client-related parameters. Please note that the header parameters should be sent as a JSON object under the EFXHeader parameter. To view the list of header parameters, <a href=\"../docs?path=docs/api-ref-EFX-header.md\" title=\"Click to open\"> click here.</a>","key":"EFXHeader","value":"{ \"TrnId\": \"f262cfa4-9da4-4a10-b48c-2e947ce3e66c\", \"OrganizationId\": \"PRMOrg10\", \"VendorId\": \"112233\", \"Context\":{ \"Channel\": \"WEB\" } }"},{"key":"Accept","value":"application/json"}],"method":"POST","body":{"mode":"raw","raw":"{\n  \"ClientDefinedFieldSel\": {\n    \"AcctKeys\": {\n      \"AcctId\": \"1000\",\n      \"AcctType\": \"SDA\"\n    }\n  }\n}","options":{"raw":{"language":"json"}}}},"status":"OK","code":200,"header":[{"key":"Content-Type","value":"application/json"}],"body":"{\n  \"Status\": {\n    \"StatusCode\": \"0\",\n    \"StatusDesc\": \"Success\",\n    \"Severity\": \"Info\",\n    \"SvcProviderName\": \"Premier\"\n  },\n  \"RecCtrlOut\": {\n    \"SentRecCount\": 6\n  },\n  \"ClientDefinedFieldRec\": {\n    \"ClientDefinedFieldKeys\": {\n      \"AcctKeys\": {\n        \"AcctId\": \"1000\",\n        \"AcctType\": \"SDA\"\n      }\n    },\n    \"ClientDefinedFieldInfo\": {\n      \"ClientDefinedData\": [\n        {\n          \"DataIdent\": \"1\",\n          \"DataType\": \"Date\",\n          \"Value\": 9091995,\n          \"DataLength\": 10,\n          \"Desc\": \"NEXT ACCT REVIEW\",\n          \"RequiredFlag\": false\n        },\n        {\n          \"DataIdent\": \"2\",\n          \"DataType\": \"Alpha\",\n          \"Value\": \"REGULAR TRANSACT\",\n          \"DataLength\": 16,\n          \"Desc\": \"ACCT ACTIVITY\",\n          \"RequiredFlag\": false\n        },\n        {\n          \"DataIdent\": \"3\",\n          \"DataType\": \"Alpha\",\n          \"Value\": \"ION ACTIVITY\",\n          \"DataLength\": 16,\n          \"Desc\": \"ACCT ACTIVITY\",\n          \"RequiredFlag\": false\n        },\n        {\n          \"DataIdent\": \"5\",\n          \"DataType\": \"Alpha\",\n          \"Value\": \"EARNED AT 6.8%\",\n          \"DataLength\": 16,\n          \"Desc\": \"ACCT HISTORY\",\n          \"RequiredFlag\": false\n        },\n        {\n          \"DataIdent\": \"6\",\n          \"DataType\": \"Alpha\",\n          \"Value\": \"FOR 3 YEARS,\",\n          \"DataLength\": 16,\n          \"Desc\": \"ACCT HISTORY\",\n          \"RequiredFlag\": false\n        },\n        {\n          \"DataIdent\": \"7\",\n          \"DataType\": \"Alpha\",\n          \"Value\": \"THEN 8.9% FOR 5.\",\n          \"DataLength\": 16,\n          \"Desc\": \"ACCT HISTORY\",\n          \"RequiredFlag\": false\n        }\n      ]\n    },\n    \"ClientDefinedFieldStatus\": {\n      \"ClientDefinedFieldStatusCode\": \"Valid\",\n      \"EffDt\": \"2022-01-17T14:44:14.944\"\n    }\n  }\n}","cookie":[],"_postman_previewlanguage":"json"},{"id":"1350c72d-0032-464d-9d87-92d31396d6d4","name":"Unauthorized","originalRequest":{"url":{"path":["clientDefinedFields","secured"],"host":["{{baseUrl}}"],"query":[],"variable":[]},"header":[{"disabled":false,"description":"(Required) EFX Header is a common and required component for all API calls, it contains authentication and client-related parameters. Please note that the header parameters should be sent as a JSON object under the EFXHeader parameter. To view the list of header parameters, <a href=\"../docs?path=docs/api-ref-EFX-header.md\" title=\"Click to open\"> click here.</a>","key":"EFXHeader","value":"{ \"TrnId\": \"f262cfa4-9da4-4a10-b48c-2e947ce3e66c\", \"OrganizationId\": \"PRMOrg10\", \"VendorId\": \"112233\", \"Context\":{ \"Channel\": \"WEB\" } }"},{"key":"Accept","value":"application/json"}],"method":"POST","body":{"mode":"raw","raw":"{\n  \"ClientDefinedFieldSel\": {\n    \"AcctKeys\": {\n      \"AcctId\": \"1000\",\n      \"AcctType\": \"SDA\"\n    }\n  }\n}","options":{"raw":{"language":"json"}}}},"status":"Unauthorized","code":401,"header":[{"key":"Content-Type","value":"application/json"}],"body":"{\n  \"Status\": {\n    \"StatusCode\": \"1740\",\n    \"StatusDesc\": \"Authentication Failed\",\n    \"Severity\": \"Error\",\n    \"SvcProviderName\": \"Premier\",\n    \"ServerStatusCode\": \"401\",\n    \"ServerStatusDesc\": \"Unauthorized\"\n  }\n}","cookie":[],"_postman_previewlanguage":"json"},{"id":"22db084f-91fe-4995-99ee-be4f4995acfd","name":"Un-processable Entity","originalRequest":{"url":{"path":["clientDefinedFields","secured"],"host":["{{baseUrl}}"],"query":[],"variable":[]},"header":[{"disabled":false,"description":"(Required) EFX Header is a common and required component for all API calls, it contains authentication and client-related parameters. Please note that the header parameters should be sent as a JSON object under the EFXHeader parameter. To view the list of header parameters, <a href=\"../docs?path=docs/api-ref-EFX-header.md\" title=\"Click to open\"> click here.</a>","key":"EFXHeader","value":"{ \"TrnId\": \"f262cfa4-9da4-4a10-b48c-2e947ce3e66c\", \"OrganizationId\": \"PRMOrg10\", \"VendorId\": \"112233\", \"Context\":{ \"Channel\": \"WEB\" } }"},{"key":"Accept","value":"application/json"}],"method":"POST","body":{"mode":"raw","raw":"{\n  \"ClientDefinedFieldSel\": {\n    \"AcctKeys\": {\n      \"AcctId\": \"1000\",\n      \"AcctType\": \"SDA\"\n    }\n  }\n}","options":{"raw":{"language":"json"}}}},"status":"Unprocessable Entity (WebDAV) (RFC 4918)","code":422,"header":[{"key":"Content-Type","value":"application/json"}],"body":"{\n  \"Status\": {\n    \"StatusCode\": \"1090\",\n    \"StatusDesc\": \"Invalid Value\",\n    \"Severity\": \"Error\",\n    \"SvcProviderName\": \"Premier\",\n    \"ServerStatusCode\": \"422\",\n    \"ServerStatusDesc\": \"Unprocessable Entity\"\n  }\n}","cookie":[],"_postman_previewlanguage":"json"},{"id":"c21a1ac8-6860-45ad-b26b-b89421b0607a","name":"Internal Server Error","originalRequest":{"url":{"path":["clientDefinedFields","secured"],"host":["{{baseUrl}}"],"query":[],"variable":[]},"header":[{"disabled":false,"description":"(Required) EFX Header is a common and required component for all API calls, it contains authentication and client-related parameters. Please note that the header parameters should be sent as a JSON object under the EFXHeader parameter. To view the list of header parameters, <a href=\"../docs?path=docs/api-ref-EFX-header.md\" title=\"Click to open\"> click here.</a>","key":"EFXHeader","value":"{ \"TrnId\": \"f262cfa4-9da4-4a10-b48c-2e947ce3e66c\", \"OrganizationId\": \"PRMOrg10\", \"VendorId\": \"112233\", \"Context\":{ \"Channel\": \"WEB\" } }"},{"key":"Accept","value":"application/json"}],"method":"POST","body":{"mode":"raw","raw":"{\n  \"ClientDefinedFieldSel\": {\n    \"AcctKeys\": {\n      \"AcctId\": \"1000\",\n      \"AcctType\": \"SDA\"\n    }\n  }\n}","options":{"raw":{"language":"json"}}}},"status":"Internal Server Error","code":500,"header":[{"key":"Content-Type","value":"application/json"}],"body":"{\n  \"Status\": {\n    \"StatusCode\": \"100\",\n    \"StatusDesc\": \"General Error\",\n    \"Severity\": \"Error\",\n    \"SvcProviderName\": \"Premier\",\n    \"ServerStatusCode\": \"500\",\n    \"ServerStatusDesc\": \"Internal Server Error\"\n  }\n}","cookie":[],"_postman_previewlanguage":"json"},{"id":"d0f7c444-cd9c-465a-9833-27143c3bdcc7","name":"Service Unavailable","originalRequest":{"url":{"path":["clientDefinedFields","secured"],"host":["{{baseUrl}}"],"query":[],"variable":[]},"header":[{"disabled":false,"description":"(Required) EFX Header is a common and required component for all API calls, it contains authentication and client-related parameters. Please note that the header parameters should be sent as a JSON object under the EFXHeader parameter. To view the list of header parameters, <a href=\"../docs?path=docs/api-ref-EFX-header.md\" title=\"Click to open\"> click here.</a>","key":"EFXHeader","value":"{ \"TrnId\": \"f262cfa4-9da4-4a10-b48c-2e947ce3e66c\", \"OrganizationId\": \"PRMOrg10\", \"VendorId\": \"112233\", \"Context\":{ \"Channel\": \"WEB\" } }"},{"key":"Accept","value":"application/json"}],"method":"POST","body":{"mode":"raw","raw":"{\n  \"ClientDefinedFieldSel\": {\n    \"AcctKeys\": {\n      \"AcctId\": \"1000\",\n      \"AcctType\": \"SDA\"\n    }\n  }\n}","options":{"raw":{"language":"json"}}}},"status":"Service Unavailable","code":503,"header":[{"key":"Content-Type","value":"application/json"}],"body":"{\n  \"Status\": {\n    \"StatusCode\": \"300\",\n    \"StatusDesc\": \"System Not Available\",\n    \"Severity\": \"Error\",\n    \"SvcProviderName\": \"Premier\",\n    \"ServerStatusCode\": \"503\",\n    \"ServerStatusDesc\": \"Service Unavailable\"\n  }\n}","cookie":[],"_postman_previewlanguage":"json"},{"id":"0f7d722c-245f-4c03-9c26-3edf4955e666","name":"Unexpected error","originalRequest":{"url":{"path":["clientDefinedFields","secured"],"host":["{{baseUrl}}"],"query":[],"variable":[]},"header":[{"disabled":false,"description":"(Required) EFX Header is a common and required component for all API calls, it contains authentication and client-related parameters. Please note that the header parameters should be sent as a JSON object under the EFXHeader parameter. To view the list of header parameters, <a href=\"../docs?path=docs/api-ref-EFX-header.md\" title=\"Click to open\"> click here.</a>","key":"EFXHeader","value":"{ \"TrnId\": \"f262cfa4-9da4-4a10-b48c-2e947ce3e66c\", \"OrganizationId\": \"PRMOrg10\", \"VendorId\": \"112233\", \"Context\":{ \"Channel\": \"WEB\" } }"},{"key":"Accept","value":"application/xml"}],"method":"POST","body":{"mode":"raw","raw":"{\n  \"ClientDefinedFieldSel\": {\n    \"AcctKeys\": {\n      \"AcctId\": \"1000\",\n      \"AcctType\": \"SDA\"\n    }\n  }\n}","options":{"raw":{"language":"json"}}}},"status":"Internal Server Error","code":500,"header":[{"key":"Content-Type","value":"application/xml"}],"body":"<?xml version=\"1.0\" encoding=\"UTF-8\"?>\n<element>\n  <Status>\n    <Id>(string)</Id>\n    <StatusCode>(string)</StatusCode>\n    <StatusDesc>(string)</StatusDesc>\n    <Severity>(string)</Severity>\n    <SvcProviderName>(string)</SvcProviderName>\n    <ServerStatusCode>(string)</ServerStatusCode>\n    <ServerStatusDesc>(string)</ServerStatusDesc>\n    <OvrdExceptionInd>(boolean)</OvrdExceptionInd>\n    <SubjectRole>(string)</SubjectRole>\n    <SubjectElement>\n      <Path>(string)</Path>\n      <ServerPath>(string)</ServerPath>\n      <Value>(string)</Value>\n    </SubjectElement>\n    <SubjectElement>\n      <Path>(string)</Path>\n      <ServerPath>(string)</ServerPath>\n      <Value>(string)</Value>\n    </SubjectElement>\n    <ContentHTML>(string)</ContentHTML>\n    <AdditionalStatus>\n      <StatusCode>(string)</StatusCode>\n      <StatusDesc>(string)</StatusDesc>\n      <Severity>(string)</Severity>\n      <SvcProviderName>(string)</SvcProviderName>\n      <ServerStatusCode>(string)</ServerStatusCode>\n      <ServerStatusDesc>(string)</ServerStatusDesc>\n      <OvrdExceptionInd>(boolean)</OvrdExceptionInd>\n      <SubjectElement>\n        <Path>(string)</Path>\n        <ServerPath>(string)</ServerPath>\n        <Value>(string)</Value>\n      </SubjectElement>\n      <SubjectElement>\n        <Path>(string)</Path>\n        <ServerPath>(string)</ServerPath>\n        <Value>(string)</Value>\n      </SubjectElement>\n    </AdditionalStatus>\n    <AdditionalStatus>\n      <StatusCode>(string)</StatusCode>\n      <StatusDesc>(string)</StatusDesc>\n      <Severity>(string)</Severity>\n      <SvcProviderName>(string)</SvcProviderName>\n      <ServerStatusCode>(string)</ServerStatusCode>\n      <ServerStatusDesc>(string)</ServerStatusDesc>\n      <OvrdExceptionInd>(boolean)</OvrdExceptionInd>\n      <SubjectElement>\n        <Path>(string)</Path>\n        <ServerPath>(string)</ServerPath>\n        <Value>(string)</Value>\n      </SubjectElement>\n      <SubjectElement>\n        <Path>(string)</Path>\n        <ServerPath>(string)</ServerPath>\n        <Value>(string)</Value>\n      </SubjectElement>\n    </AdditionalStatus>\n  </Status>\n  <RecCtrlOut>\n    <SentRecCount>(integer)</SentRecCount>\n  </RecCtrlOut>\n  <ClientDefinedFieldRec>\n    <ClientDefinedFieldKeys>\n      <AcctKeys>\n        <AcctId>(string)</AcctId>\n        <AcctType>(string)</AcctType>\n      </AcctKeys>\n      <PartyKeys>\n        <PartyId>(string)</PartyId>\n      </PartyKeys>\n    </ClientDefinedFieldKeys>\n    <ClientDefinedFieldInfo>\n      <AcctKeys>\n        <AcctId>(string)</AcctId>\n        <AcctType>(string)</AcctType>\n      </AcctKeys>\n      <PartyKeys>\n        <PartyId>(string)</PartyId>\n      </PartyKeys>\n      <ClientDefinedData>\n        <DataIdent>(string)</DataIdent>\n        <DataType>(string)</DataType>\n        <Value>(string)</Value>\n        <DataLength>(integer)</DataLength>\n        <ExpDt>2021-11-20</ExpDt>\n        <Desc>(string)</Desc>\n        <RequiredFlag>(boolean)</RequiredFlag>\n        <SearchFlag>(boolean)</SearchFlag>\n      </ClientDefinedData>\n      <ClientDefinedData>\n        <DataIdent>(string)</DataIdent>\n        <DataType>(string)</DataType>\n        <Value>(string)</Value>\n        <DataLength>(integer)</DataLength>\n        <ExpDt>2021-11-20</ExpDt>\n        <Desc>(string)</Desc>\n        <RequiredFlag>(boolean)</RequiredFlag>\n        <SearchFlag>(boolean)</SearchFlag>\n      </ClientDefinedData>\n    </ClientDefinedFieldInfo>\n    <ClientDefinedFieldStatus>\n      <ClientDefinedFieldStatusCode>(string)</ClientDefinedFieldStatusCode>\n      <EffDt>2021-06-28T23:40:30.888</EffDt>\n    </ClientDefinedFieldStatus>\n  </ClientDefinedFieldRec>\n</element>","cookie":[],"_postman_previewlanguage":"xml"}],"event":[],"protocolProfileBehavior":{"disableBodyPruning":true}}],"event":[]}],"event":[],"variable":[{"type":"string","value":"/","key":"baseUrl"}],"info":{"_postman_id":"65ca5820-9511-4656-aff8-c28672aef2f3","name":"Client Defined Field Service\n","schema":"https://schema.getpostman.com/json/collection/v2.1.0/collection.json","description":{"content":"Client Defined Field service supports management of fields available with respect to the type of application (DDA, SDA, CDA etc.). <br> Client Defined Fields are fields that can be changed in terms of purpose and definition as per the implementation method.\n\nContact Support:\n Name: Roopam Cullam\n Email: Roopam.Cullam@fiserv.com","type":"text/plain"}}}