{"item":[{"id":"354f84f5-cf36-4b19-be8a-0c26e20b7ed2","name":"Get Party Account Relationship.","request":{"name":"Get Party Account Relationship.","description":{"content":"Retrieves the relationship-related information between Party and account, such as:<br>\n  <ul>\n  <li>List of all Parties (person or organization) related to an account</li> \n  <li>List of all accounts related to a Party</li>\n  </ul>\nFor more information about the Accountholder domain, <a href=\"../docs/?path=docs/fintechs/accountholder.md\" title=\"Click to open\">click here.</a> <br><br> <b>Relates to:</b>\n  <ul> \n    <li><a href=\"../docs/?path=docs/banks-and-CU/deposits.md\" title=\"Click to open\">Deposits</a></li>\n    <li><a href=\"../docs/?path=docs/banks-and-CU/loans.md\" title=\"Click to open\">Loans</a></li>\n    <li><a href=\"../docs/?path=docs/banks-and-CU/bank-servicing.md\" title=\"Click to open\">Bank Servicing</a></li>\n    <li><a href=\"../docs/?path=docs/banks-and-CU/riskMgt.md\" title=\"Click to open\">Risk and Performance Management</a></li>\n  </ul>","type":"text/plain"},"url":{"path":["partyacctrel","secured"],"host":["{{baseUrl}}"],"query":[],"variable":[]},"header":[{"disabled":false,"description":"(Required) EFX Header is a common and required component for all API calls, it contains authentication and client-related parameters. Please note that the header parameters should be sent as a JSON object under the EFXHeader parameter. To view the list of header parameters, <a href=\"../docs?path=docs/api-ref-EFX-header.md\" title=\"Click to open\">click here.</a>","key":"EFXHeader","value":"OrganizationId,<string>,TrnId,<string>,VendorId,<string>,Context,[object Object]"},{"key":"Content-Type","value":"application/json"},{"key":"Accept","value":"application/json"}],"method":"POST","auth":null,"body":{"mode":"raw","raw":"{\n  \"PartyAcctRelSel\": {\n    \"PartyKeys\": {\n      \"PartyId\": \"<string>\"\n    },\n    \"AcctKeys\": {\n      \"AcctId\": \"<string>\",\n      \"AcctType\": \"<string>\"\n    },\n    \"ExcludeClosedAcctInd\": \"<boolean>\",\n    \"IncPartyInfoInd\": \"<boolean>\",\n    \"IncAddtlAcctInfoInd\": \"<boolean>\"\n  },\n  \"RecCtrlIn\": {\n    \"MaxRecLimit\": \"<long>\",\n    \"Cursor\": \"<string>\"\n  }\n}","options":{"raw":{"language":"json"}}}},"response":[{"id":"12906f94-3195-4ace-a574-5c8eb77309ab","name":"Ok","originalRequest":{"url":{"path":["partyacctrel","secured"],"host":["{{baseUrl}}"],"query":[],"variable":[]},"header":[{"disabled":false,"description":"(Required) EFX Header is a common and required component for all API calls, it contains authentication and client-related parameters. Please note that the header parameters should be sent as a JSON object under the EFXHeader parameter. To view the list of header parameters, <a href=\"../docs?path=docs/api-ref-EFX-header.md\" title=\"Click to open\">click here.</a>","key":"EFXHeader","value":"{ \"TrnId\": \"f262cfa4-9da4-4a10-b48c-2e947ce3e66c\", \"OrganizationId\": \"PRMOrg10\", \"VendorId\": \"112233\", \"Context\":{ \"Channel\": \"WEB\" } }"},{"key":"Accept","value":"application/json"}],"method":"POST","body":{"mode":"raw","raw":"{\n  \"PartyAcctRelSel\": {\n    \"IncAddtlAcctInfoInd\": true,\n    \"IncPartyInfoInd\": true,\n    \"AcctKeys\": {\n      \"AcctId\": \"2000\",\n      \"AcctType\": \"DDA\"\n    }\n  },\n  \"RecCtrlIn\": {\n    \"MaxRecLimit\": 10\n  }\n}","options":{"raw":{"language":"json"}}}},"status":"OK","code":200,"header":[{"key":"Content-Type","value":"application/json"}],"body":"{\n  \"Status\": {\n    \"StatusCode\": \"0\",\n    \"StatusDesc\": \"Success\",\n    \"Severity\": \"Info\",\n    \"SvcProviderName\": \"Premier\"\n  },\n  \"RecCtrlOut\": {\n    \"SentRecCount\": 6,\n    \"Cursor\": \"0\"\n  },\n  \"PartyAcctRelRec\": [\n    {\n      \"PartyAcctRelKeys\": {\n        \"PartyKeys\": {\n          \"PartyId\": \"242\"\n        },\n        \"AcctKeys\": {\n          \"AcctId\": \"2000\",\n          \"AcctType\": \"DDA\",\n          \"AcctIdent\": [\n            {\n              \"AcctIdentType\": \"PORT\",\n              \"AcctIdentValue\": \"2000\"\n            }\n          ]\n        }\n      },\n      \"PartyAcctRelInfo\": {\n        \"PartyRef\": {\n          \"PartyKeys\": {\n            \"PartyId\": \"242\"\n          },\n          \"PersonPartyListInfo\": {\n            \"PartyType\": \"Consumer\",\n            \"PartyTypeEnumDesc\": \"Consumer\",\n            \"Contact\": [\n              {\n                \"PhoneNum\": {\n                  \"PhoneType\": \"Home\",\n                  \"PhoneIdent\": 1,\n                  \"Phone\": \"+1-402-4234208\",\n                  \"PreferredPhone\": true\n                }\n              }\n            ],\n            \"TaxIdentType\": \"SSN\",\n            \"TaxIdent\": \"508887777\",\n            \"TelebancPswd\": \"0\",\n            \"PersonName\": {\n              \"NameType\": \"Primary\",\n              \"NameIdent\": \"242\",\n              \"FullName\": \"MARY ELGER\",\n              \"FamilyName\": \"ELGER\",\n              \"GivenName\": \"MARY\"\n            },\n            \"BirthDt\": \"1995-05-06\"\n          }\n        },\n        \"PartyAcctRelData\": [\n          {\n            \"PartyAcctRelType\": \"OwnerSigner\",\n            \"PartyAcctRelDesc\": \"OwnerSigner\",\n            \"PartyAcctRelOrder\": \"First\"\n          }\n        ],\n        \"OwnerPercent\": 0,\n        \"OwnerInd\": true,\n        \"PrimaryOwnerInd\": true,\n        \"TaxReportingOwnerInd\": true,\n        \"Name\": \"MARY ELGER\",\n        \"PortHasCreditLineInd\": false,\n        \"AcctRef\": {\n          \"AcctKeys\": {\n            \"AcctId\": \"2000\",\n            \"AcctType\": \"DDA\"\n          },\n          \"AcctSummInfo\": {\n            \"ClassCode\": \"2\",\n            \"ElectronicBankingOpt\": \"Enabled\",\n            \"DocDistributionOption\": \"3\"\n          }\n        }\n      },\n      \"PartyAcctRelStatus\": {\n        \"PartyAcctRelStatusCode\": \"Valid\",\n        \"EffDt\": \"2021-08-03T04:23:18.309-05:00\"\n      }\n    },\n    {\n      \"PartyAcctRelKeys\": {\n        \"PartyKeys\": {\n          \"PartyId\": \"241\"\n        },\n        \"AcctKeys\": {\n          \"AcctId\": \"2000\",\n          \"AcctType\": \"DDA\",\n          \"AcctIdent\": [\n            {\n              \"AcctIdentType\": \"PORT\",\n              \"AcctIdentValue\": \"2000\"\n            }\n          ]\n        }\n      },\n      \"PartyAcctRelInfo\": {\n        \"PartyRef\": {\n          \"PartyKeys\": {\n            \"PartyId\": \"241\"\n          },\n          \"OrgPartyListInfo\": {\n            \"PartyType\": \"Corporate\",\n            \"PartyTypeEnumDesc\": \"Corporate\",\n            \"Contact\": [\n              {\n                \"PostAddr\": {\n                  \"AddressIdent\": \"118\",\n                  \"AddrUse\": \"Home\",\n                  \"AddrFormatType\": \"Label\",\n                  \"Addr1\": \"657 ROSE BLVD\",\n                  \"City\": \"COLUMBIA\",\n                  \"StateProv\": \"SC\",\n                  \"PostalCode\": \"29202-0657\",\n                  \"CountryCode\": {\n                    \"CountryCodeSource\": \"SPCountryCode\",\n                    \"CountryCodeValue\": \"00\",\n                    \"CountryCodeValueEnumDesc\": \"United States of America\"\n                  },\n                  \"AddrType\": \"Primary\",\n                  \"CensusTract\": \"0\",\n                  \"ForeignFlag\": false\n                }\n              },\n              {\n                \"PhoneNum\": {\n                  \"PhoneType\": \"Home\",\n                  \"PhoneIdent\": 1,\n                  \"Phone\": \"+1-402-4234208\",\n                  \"PreferredPhone\": true\n                }\n              },\n              {\n                \"PhoneNum\": {\n                  \"PhoneType\": \"Work\",\n                  \"PhoneIdent\": 2,\n                  \"Phone\": \"+1-402-4232682\"\n                }\n              },\n              {\n                \"PhoneNum\": {\n                  \"PhoneType\": \"Home\",\n                  \"PhoneIdent\": 4,\n                  \"Phone\": \"+1-000-0000000\"\n                }\n              },\n              {\n                \"PhoneNum\": {\n                  \"PhoneType\": \"Mobile\",\n                  \"PhoneIdent\": 5,\n                  \"Phone\": \"+1-000-0000000\"\n                }\n              },\n              {\n                \"PhoneNum\": {\n                  \"PhoneType\": \"Other\",\n                  \"PhoneIdent\": 6,\n                  \"Phone\": \"+1-000-0000000\"\n                }\n              },\n              {\n                \"Email\": {\n                  \"EmailIdent\": \"1\",\n                  \"EmailType\": \"Business\",\n                  \"EmailAddr\": \"DEEPAK.GARG@FISERV.COM\"\n                }\n              }\n            ],\n            \"TaxIdentType\": \"EIN\",\n            \"TaxIdent\": \"506556721\",\n            \"SecretData\": [\n              {\n                \"SecretIdent\": \"FavoriteColor\"\n              },\n              {\n                \"SecretIdent\": \"FavoriteNumber\"\n              }\n            ],\n            \"TelebancPswd\": \"0\",\n            \"OrgName\": {\n              \"NameType\": \"Primary\",\n              \"NameIdent\": \"241\",\n              \"Name\": \"HIGHWAY MOTORS\"\n            }\n          }\n        },\n        \"PartyAcctRelData\": [\n          {\n            \"PartyAcctRelType\": \"OwnerSigner\",\n            \"PartyAcctRelDesc\": \"Owner/Signer\",\n            \"PartyAcctRelOrder\": \"Other\"\n          }\n        ],\n        \"OwnerPercent\": 0,\n        \"OwnerInd\": true,\n        \"PrimaryOwnerInd\": false,\n        \"TaxReportingOwnerInd\": false,\n        \"Name\": \"HIGHWAY MOTORS\",\n        \"PortHasCreditLineInd\": false,\n        \"AcctRef\": {\n          \"AcctKeys\": {\n            \"AcctId\": \"2000\",\n            \"AcctType\": \"DDA\"\n          },\n          \"AcctSummInfo\": {\n            \"ClassCode\": \"2\",\n            \"ElectronicBankingOpt\": \"Enabled\",\n            \"DocDistributionOption\": \"3\"\n          }\n        }\n      },\n      \"PartyAcctRelStatus\": {\n        \"PartyAcctRelStatusCode\": \"Valid\",\n        \"EffDt\": \"2021-08-03T04:23:18.721-05:00\"\n      }\n    },\n    {\n      \"PartyAcctRelKeys\": {\n        \"PartyKeys\": {\n          \"PartyId\": \"243\"\n        },\n        \"AcctKeys\": {\n          \"AcctId\": \"2000\",\n          \"AcctType\": \"DDA\",\n          \"AcctIdent\": [\n            {\n              \"AcctIdentType\": \"PORT\",\n              \"AcctIdentValue\": \"2000\"\n            }\n          ]\n        }\n      },\n      \"PartyAcctRelInfo\": {\n        \"PartyRef\": {\n          \"PartyKeys\": {\n            \"PartyId\": \"243\"\n          },\n          \"PersonPartyListInfo\": {\n            \"PartyType\": \"Consumer\",\n            \"PartyTypeEnumDesc\": \"Consumer\",\n            \"Contact\": [\n              {\n                \"PhoneNum\": {\n                  \"PhoneType\": \"Home\",\n                  \"PhoneIdent\": 1,\n                  \"Phone\": \"+1-402-4234208\",\n                  \"PreferredPhone\": true\n                }\n              }\n            ],\n            \"TaxIdentType\": \"SSN\",\n            \"TaxIdent\": \"508888888\",\n            \"TelebancPswd\": \"0\",\n            \"PersonName\": {\n              \"NameType\": \"Primary\",\n              \"NameIdent\": \"243\",\n              \"FullName\": \"JOHNATHAN ELGER\",\n              \"FamilyName\": \"ELGER\",\n              \"GivenName\": \"JOHNATHAN\"\n            },\n            \"BirthDt\": \"1980-05-04\"\n          }\n        },\n        \"PartyAcctRelData\": [\n          {\n            \"PartyAcctRelType\": \"OwnerSigner\",\n            \"PartyAcctRelDesc\": \"Owner/Signer\",\n            \"PartyAcctRelOrder\": \"Other\"\n          }\n        ],\n        \"OwnerPercent\": 0,\n        \"OwnerInd\": true,\n        \"PrimaryOwnerInd\": false,\n        \"TaxReportingOwnerInd\": false,\n        \"Name\": \"JOHNATHAN ELGER\",\n        \"PortHasCreditLineInd\": false,\n        \"AcctRef\": {\n          \"AcctKeys\": {\n            \"AcctId\": \"2000\",\n            \"AcctType\": \"DDA\"\n          },\n          \"AcctSummInfo\": {\n            \"ClassCode\": \"2\",\n            \"ElectronicBankingOpt\": \"Enabled\",\n            \"DocDistributionOption\": \"3\"\n          }\n        }\n      },\n      \"PartyAcctRelStatus\": {\n        \"PartyAcctRelStatusCode\": \"Valid\",\n        \"EffDt\": \"2021-08-03T04:23:19.033-05:00\"\n      }\n    },\n    {\n      \"PartyAcctRelKeys\": {\n        \"PartyKeys\": {\n          \"PartyId\": \"226\"\n        },\n        \"AcctKeys\": {\n          \"AcctId\": \"2000\",\n          \"AcctType\": \"DDA\",\n          \"AcctIdent\": [\n            {\n              \"AcctIdentType\": \"PORT\",\n              \"AcctIdentValue\": \"2000\"\n            }\n          ]\n        }\n      },\n      \"PartyAcctRelInfo\": {\n        \"PartyRef\": {\n          \"PartyKeys\": {\n            \"PartyId\": \"226\"\n          },\n          \"PersonPartyListInfo\": {\n            \"PartyType\": \"Unknown\",\n            \"PartyTypeEnumDesc\": \"Unknown\",\n            \"TaxIdentType\": \"None\",\n            \"TelebancPswd\": \"0\",\n            \"PersonName\": {\n              \"NameType\": \"Primary\",\n              \"NameIdent\": \"226\",\n              \"FullName\": \"GEORGE WASHINGTON\",\n              \"FamilyName\": \"WASHINGTON\",\n              \"GivenName\": \"GEORGE\"\n            }\n          }\n        },\n        \"PrimaryOwnerInd\": false,\n        \"TaxReportingOwnerInd\": false,\n        \"Name\": \"GEORGE WASHINGTON\",\n        \"PortHasCreditLineInd\": false,\n        \"AcctRef\": {\n          \"AcctKeys\": {\n            \"AcctId\": \"2000\",\n            \"AcctType\": \"DDA\"\n          },\n          \"AcctSummInfo\": {\n            \"ClassCode\": \"2\",\n            \"ElectronicBankingOpt\": \"Enabled\",\n            \"DocDistributionOption\": \"3\"\n          }\n        }\n      },\n      \"PartyAcctRelStatus\": {\n        \"PartyAcctRelStatusCode\": \"Valid\",\n        \"EffDt\": \"2021-08-03T04:23:19.598-05:00\"\n      }\n    },\n    {\n      \"PartyAcctRelKeys\": {\n        \"PartyKeys\": {\n          \"PartyId\": \"229\"\n        },\n        \"AcctKeys\": {\n          \"AcctId\": \"2000\",\n          \"AcctType\": \"DDA\",\n          \"AcctIdent\": [\n            {\n              \"AcctIdentType\": \"PORT\",\n              \"AcctIdentValue\": \"2000\"\n            }\n          ]\n        }\n      },\n      \"PartyAcctRelInfo\": {\n        \"PartyRef\": {\n          \"PartyKeys\": {\n            \"PartyId\": \"229\"\n          },\n          \"PersonPartyListInfo\": {\n            \"PartyType\": \"Unknown\",\n            \"PartyTypeEnumDesc\": \"Unknown\",\n            \"TaxIdentType\": \"None\",\n            \"TelebancPswd\": \"0\",\n            \"PersonName\": {\n              \"NameType\": \"Primary\",\n              \"NameIdent\": \"229\",\n              \"FullName\": \"JAMES MADISON\",\n              \"FamilyName\": \"MADISON\",\n              \"GivenName\": \"JAMES\"\n            }\n          }\n        },\n        \"PrimaryOwnerInd\": false,\n        \"TaxReportingOwnerInd\": false,\n        \"Name\": \"JAMES MADISON\",\n        \"PortHasCreditLineInd\": false,\n        \"AcctRef\": {\n          \"AcctKeys\": {\n            \"AcctId\": \"2000\",\n            \"AcctType\": \"DDA\"\n          },\n          \"AcctSummInfo\": {\n            \"ClassCode\": \"2\",\n            \"ElectronicBankingOpt\": \"Enabled\",\n            \"DocDistributionOption\": \"3\"\n          }\n        }\n      },\n      \"PartyAcctRelStatus\": {\n        \"PartyAcctRelStatusCode\": \"Valid\",\n        \"EffDt\": \"2021-08-03T04:23:20.035-05:00\"\n      }\n    },\n    {\n      \"PartyAcctRelKeys\": {\n        \"PartyKeys\": {\n          \"PartyId\": \"709\"\n        },\n        \"AcctKeys\": {\n          \"AcctId\": \"2000\",\n          \"AcctType\": \"DDA\",\n          \"AcctIdent\": [\n            {\n              \"AcctIdentType\": \"PORT\",\n              \"AcctIdentValue\": \"2000\"\n            }\n          ]\n        }\n      },\n      \"PartyAcctRelInfo\": {\n        \"PartyRef\": {\n          \"PartyKeys\": {\n            \"PartyId\": \"709\"\n          },\n          \"PersonPartyListInfo\": {\n            \"PartyType\": \"Consumer\",\n            \"PartyTypeEnumDesc\": \"Consumer\",\n            \"Contact\": [\n              {\n                \"PhoneNum\": {\n                  \"PhoneType\": \"Mobile\",\n                  \"PhoneIdent\": 4,\n                  \"Phone\": \"+1-222-2222222\"\n                }\n              }\n            ],\n            \"TaxIdentType\": \"SSN\",\n            \"TaxIdent\": \"505121234\",\n            \"TelebancPswd\": \"0\",\n            \"PersonName\": {\n              \"NameType\": \"Primary\",\n              \"NameIdent\": \"709\",\n              \"FullName\": \"CYNTHIA JEFFERSON\",\n              \"FamilyName\": \"JEFFERSON\",\n              \"GivenName\": \"CYNTHIA\"\n            },\n            \"BirthDt\": \"1980-01-06\"\n          }\n        },\n        \"PrimaryOwnerInd\": false,\n        \"TaxReportingOwnerInd\": false,\n        \"Name\": \"CYNTHIA JEFFERSON\",\n        \"PortHasCreditLineInd\": false,\n        \"AcctRef\": {\n          \"AcctKeys\": {\n            \"AcctId\": \"2000\",\n            \"AcctType\": \"DDA\"\n          },\n          \"AcctSummInfo\": {\n            \"ClassCode\": \"2\",\n            \"ElectronicBankingOpt\": \"Enabled\",\n            \"DocDistributionOption\": \"3\"\n          }\n        }\n      },\n      \"PartyAcctRelStatus\": {\n        \"PartyAcctRelStatusCode\": \"Valid\",\n        \"EffDt\": \"2021-08-03T04:23:20.313-05:00\"\n      }\n    }\n  ]\n}","cookie":[],"_postman_previewlanguage":"json"},{"id":"b55a2e4e-c9b4-43b6-a611-867b6bb7378e","name":"Unauthorized","originalRequest":{"url":{"path":["partyacctrel","secured"],"host":["{{baseUrl}}"],"query":[],"variable":[]},"header":[{"disabled":false,"description":"(Required) EFX Header is a common and required component for all API calls, it contains authentication and client-related parameters. Please note that the header parameters should be sent as a JSON object under the EFXHeader parameter. To view the list of header parameters, <a href=\"../docs?path=docs/api-ref-EFX-header.md\" title=\"Click to open\">click here.</a>","key":"EFXHeader","value":"{ \"TrnId\": \"f262cfa4-9da4-4a10-b48c-2e947ce3e66c\", \"OrganizationId\": \"PRMOrg10\", \"VendorId\": \"112233\", \"Context\":{ \"Channel\": \"WEB\" } }"},{"key":"Accept","value":"application/json"}],"method":"POST","body":{"mode":"raw","raw":"{\n  \"PartyAcctRelSel\": {\n    \"IncAddtlAcctInfoInd\": true,\n    \"IncPartyInfoInd\": true,\n    \"AcctKeys\": {\n      \"AcctId\": \"2000\",\n      \"AcctType\": \"DDA\"\n    }\n  },\n  \"RecCtrlIn\": {\n    \"MaxRecLimit\": 10\n  }\n}","options":{"raw":{"language":"json"}}}},"status":"Unauthorized","code":401,"header":[{"key":"Content-Type","value":"application/json"}],"body":"{\n  \"Status\": {\n    \"StatusCode\": \"1740\",\n    \"StatusDesc\": \"Authentication Failed\",\n    \"Severity\": \"Error\",\n    \"SvcProviderName\": \"Premier\",\n    \"ServerStatusCode\": \"401\",\n    \"ServerStatusDesc\": \"Unauthorized\"\n  }\n}","cookie":[],"_postman_previewlanguage":"json"},{"id":"c033fe7f-0411-4df4-898d-664780d4fdbf","name":"Un-processable Entity","originalRequest":{"url":{"path":["partyacctrel","secured"],"host":["{{baseUrl}}"],"query":[],"variable":[]},"header":[{"disabled":false,"description":"(Required) EFX Header is a common and required component for all API calls, it contains authentication and client-related parameters. Please note that the header parameters should be sent as a JSON object under the EFXHeader parameter. To view the list of header parameters, <a href=\"../docs?path=docs/api-ref-EFX-header.md\" title=\"Click to open\">click here.</a>","key":"EFXHeader","value":"{ \"TrnId\": \"f262cfa4-9da4-4a10-b48c-2e947ce3e66c\", \"OrganizationId\": \"PRMOrg10\", \"VendorId\": \"112233\", \"Context\":{ \"Channel\": \"WEB\" } }"},{"key":"Accept","value":"application/json"}],"method":"POST","body":{"mode":"raw","raw":"{\n  \"PartyAcctRelSel\": {\n    \"IncAddtlAcctInfoInd\": true,\n    \"IncPartyInfoInd\": true,\n    \"AcctKeys\": {\n      \"AcctId\": \"2000\",\n      \"AcctType\": \"DDA\"\n    }\n  },\n  \"RecCtrlIn\": {\n    \"MaxRecLimit\": 10\n  }\n}","options":{"raw":{"language":"json"}}}},"status":"Unprocessable Entity (WebDAV) (RFC 4918)","code":422,"header":[{"key":"Content-Type","value":"application/json"}],"body":"{\n  \"Status\": {\n    \"StatusCode\": \"1090\",\n    \"StatusDesc\": \"Invalid Value\",\n    \"Severity\": \"Error\",\n    \"SvcProviderName\": \"Premier\",\n    \"ServerStatusCode\": \"422\",\n    \"ServerStatusDesc\": \"Unprocessable Entity\"\n  }\n}","cookie":[],"_postman_previewlanguage":"json"},{"id":"19786978-8af8-4e75-9aa5-3b77dc8c3e4f","name":"Internal Server Error","originalRequest":{"url":{"path":["partyacctrel","secured"],"host":["{{baseUrl}}"],"query":[],"variable":[]},"header":[{"disabled":false,"description":"(Required) EFX Header is a common and required component for all API calls, it contains authentication and client-related parameters. Please note that the header parameters should be sent as a JSON object under the EFXHeader parameter. To view the list of header parameters, <a href=\"../docs?path=docs/api-ref-EFX-header.md\" title=\"Click to open\">click here.</a>","key":"EFXHeader","value":"{ \"TrnId\": \"f262cfa4-9da4-4a10-b48c-2e947ce3e66c\", \"OrganizationId\": \"PRMOrg10\", \"VendorId\": \"112233\", \"Context\":{ \"Channel\": \"WEB\" } }"},{"key":"Accept","value":"application/json"}],"method":"POST","body":{"mode":"raw","raw":"{\n  \"PartyAcctRelSel\": {\n    \"IncAddtlAcctInfoInd\": true,\n    \"IncPartyInfoInd\": true,\n    \"AcctKeys\": {\n      \"AcctId\": \"2000\",\n      \"AcctType\": \"DDA\"\n    }\n  },\n  \"RecCtrlIn\": {\n    \"MaxRecLimit\": 10\n  }\n}","options":{"raw":{"language":"json"}}}},"status":"Internal Server Error","code":500,"header":[{"key":"Content-Type","value":"application/json"}],"body":"{\n  \"Status\": {\n    \"StatusCode\": \"100\",\n    \"StatusDesc\": \"General Error\",\n    \"Severity\": \"Error\",\n    \"SvcProviderName\": \"Premier\",\n    \"ServerStatusCode\": \"500\",\n    \"ServerStatusDesc\": \"Internal Server Error\"\n  }\n}","cookie":[],"_postman_previewlanguage":"json"},{"id":"63505234-ea6c-40be-a88c-b3d51f1d45db","name":"Service Unavailable","originalRequest":{"url":{"path":["partyacctrel","secured"],"host":["{{baseUrl}}"],"query":[],"variable":[]},"header":[{"disabled":false,"description":"(Required) EFX Header is a common and required component for all API calls, it contains authentication and client-related parameters. Please note that the header parameters should be sent as a JSON object under the EFXHeader parameter. To view the list of header parameters, <a href=\"../docs?path=docs/api-ref-EFX-header.md\" title=\"Click to open\">click here.</a>","key":"EFXHeader","value":"{ \"TrnId\": \"f262cfa4-9da4-4a10-b48c-2e947ce3e66c\", \"OrganizationId\": \"PRMOrg10\", \"VendorId\": \"112233\", \"Context\":{ \"Channel\": \"WEB\" } }"},{"key":"Accept","value":"application/json"}],"method":"POST","body":{"mode":"raw","raw":"{\n  \"PartyAcctRelSel\": {\n    \"IncAddtlAcctInfoInd\": true,\n    \"IncPartyInfoInd\": true,\n    \"AcctKeys\": {\n      \"AcctId\": \"2000\",\n      \"AcctType\": \"DDA\"\n    }\n  },\n  \"RecCtrlIn\": {\n    \"MaxRecLimit\": 10\n  }\n}","options":{"raw":{"language":"json"}}}},"status":"Service Unavailable","code":503,"header":[{"key":"Content-Type","value":"application/json"}],"body":"{\n  \"Status\": {\n    \"StatusCode\": \"300\",\n    \"StatusDesc\": \"System Not Available\",\n    \"Severity\": \"Error\",\n    \"SvcProviderName\": \"Premier\",\n    \"ServerStatusCode\": \"503\",\n    \"ServerStatusDesc\": \"Service Unavailable\"\n  }\n}","cookie":[],"_postman_previewlanguage":"json"},{"id":"a2cc2b78-6867-43c7-85b6-52394ef29801","name":"See HTTP Status Code Standards","originalRequest":{"url":{"path":["partyacctrel","secured"],"host":["{{baseUrl}}"],"query":[],"variable":[]},"header":[{"disabled":false,"description":"(Required) EFX Header is a common and required component for all API calls, it contains authentication and client-related parameters. Please note that the header parameters should be sent as a JSON object under the EFXHeader parameter. To view the list of header parameters, <a href=\"../docs?path=docs/api-ref-EFX-header.md\" title=\"Click to open\">click here.</a>","key":"EFXHeader","value":"{ \"TrnId\": \"f262cfa4-9da4-4a10-b48c-2e947ce3e66c\", \"OrganizationId\": \"PRMOrg10\", \"VendorId\": \"112233\", \"Context\":{ \"Channel\": \"WEB\" } }"},{"key":"Accept","value":"application/json"}],"method":"POST","body":{"mode":"raw","raw":"{\n  \"PartyAcctRelSel\": {\n    \"IncAddtlAcctInfoInd\": true,\n    \"IncPartyInfoInd\": true,\n    \"AcctKeys\": {\n      \"AcctId\": \"2000\",\n      \"AcctType\": \"DDA\"\n    }\n  },\n  \"RecCtrlIn\": {\n    \"MaxRecLimit\": 10\n  }\n}","options":{"raw":{"language":"json"}}}},"status":"Internal Server Error","code":500,"header":[{"key":"Content-Type","value":"application/json"}],"body":"{\n  \"Status\": {\n    \"StatusCode\": \"aliquip nulla c\",\n    \"StatusDesc\": \"dolor laborum aliqua ullamco velit\",\n    \"Severity\": \"Warning\",\n    \"SvcProviderName\": \"incididunt\",\n    \"ServerStatusCode\": \"quis consequat\",\n    \"ServerStatusDesc\": \"labore voluptate aute\",\n    \"OvrdExceptionInd\": false,\n    \"SubjectRole\": \"consequat\",\n    \"SubjectElement\": [\n      {\n        \"Path\": \"cillum enim Lorem laborum reprehenderit\",\n        \"ServerPath\": \"laboris Lorem in elit officia\",\n        \"Value\": \"aliqua labore culpa ut\"\n      },\n      {\n        \"Path\": \"laborum irure qui\",\n        \"ServerPath\": \"deserunt anim commodo\",\n        \"Value\": \"nostrud Duis velit\"\n      }\n    ],\n    \"ContentHTML\": \"fugiat magna\",\n    \"AdditionalStatus\": [\n      {\n        \"StatusCode\": \"culpa\",\n        \"StatusDesc\": \"reprehenderit ea est nostrud\",\n        \"Severity\": \"Info\",\n        \"SvcProviderName\": \"Duis veniam\",\n        \"ServerStatusCode\": \"ad Duis velit\",\n        \"ServerStatusDesc\": \"deser\",\n        \"OvrdExceptionInd\": false,\n        \"SubjectElement\": [\n          {\n            \"Path\": \"proid\",\n            \"ServerPath\": \"enim nostrud reprehenderit adipisicing do\",\n            \"Value\": \"non deserunt elit\"\n          },\n          {\n            \"Path\": \"cupidatat\",\n            \"ServerPath\": \"ipsum ea cillum tempor dolor\",\n            \"Value\": \"veli\"\n          }\n        ]\n      },\n      {\n        \"StatusCode\": \"al\",\n        \"StatusDesc\": \"ea aliqua eu nulla\",\n        \"Severity\": \"Error\",\n        \"SvcProviderName\": \"est reprehenderit\",\n        \"ServerStatusCode\": \"qui irure elit\",\n        \"ServerStatusDesc\": \"dolore anim mollit qui\",\n        \"OvrdExceptionInd\": true,\n        \"SubjectElement\": [\n          {\n            \"Path\": \"do ex in\",\n            \"ServerPath\": \"do in sit\",\n            \"Value\": \"i\"\n          },\n          {\n            \"Path\": \"do\",\n            \"ServerPath\": \"labore amet et\",\n            \"Value\": \"eiusmod nostrud\"\n          }\n        ]\n      }\n    ]\n  },\n  \"RecCtrlOut\": {\n    \"SentRecCount\": -62923434,\n    \"MatchedRecCount\": 57312843,\n    \"Cursor\": \"dolor c\"\n  },\n  \"PartyAcctRelRec\": [\n    {\n      \"PartyAcctRelKeys\": {\n        \"value\": \"<Error: Could not resolve allOf schema\"\n      },\n      \"PartyAcctRelInfo\": {\n        \"PartyRef\": {\n          \"PartyKeys\": {\n            \"value\": \"<Error: Too many levels of nesting to fake this schema>\"\n          },\n          \"PersonPartyListInfo\": {\n            \"value\": \"<Error: Too many levels of nesting to fake this schema>\"\n          },\n          \"OrgPartyListInfo\": {\n            \"value\": \"<Error: Too many levels of nesting to fake this schema>\"\n          }\n        },\n        \"PartyAcctRelData\": [\n          {\n            \"value\": \"<Error: Too many levels of nesting to fake this schema>\"\n          },\n          {\n            \"value\": \"<Error: Too many levels of nesting to fake this schema>\"\n          }\n        ],\n        \"OwnerPercent\": -26988774.02633664,\n        \"OwnerInd\": false,\n        \"PrimaryOwnerInd\": false,\n        \"TaxReportingOwnerInd\": true,\n        \"Nickname\": \"dolor ul\",\n        \"Name\": \"aliqua no\",\n        \"PortHasCreditLineInd\": true,\n        \"AcctRef\": {\n          \"AcctKeys\": {\n            \"value\": \"<Error: Too many levels of nesting to fake this schema>\"\n          },\n          \"AcctSummInfo\": {\n            \"value\": \"<Error: Too many levels of nesting to fake this schema>\"\n          }\n        }\n      },\n      \"PartyAcctRelStatus\": {\n        \"PartyAcctRelStatusCode\": \"Deleted\",\n        \"EffDt\": \"2021-12-31T23:59:59.999\"\n      }\n    },\n    {\n      \"PartyAcctRelKeys\": {\n        \"value\": \"<Error: Could not resolve allOf schema\"\n      },\n      \"PartyAcctRelInfo\": {\n        \"PartyRef\": {\n          \"PartyKeys\": {\n            \"value\": \"<Error: Too many levels of nesting to fake this schema>\"\n          },\n          \"PersonPartyListInfo\": {\n            \"value\": \"<Error: Too many levels of nesting to fake this schema>\"\n          },\n          \"OrgPartyListInfo\": {\n            \"value\": \"<Error: Too many levels of nesting to fake this schema>\"\n          }\n        },\n        \"PartyAcctRelData\": [\n          {\n            \"value\": \"<Error: Too many levels of nesting to fake this schema>\"\n          },\n          {\n            \"value\": \"<Error: Too many levels of nesting to fake this schema>\"\n          }\n        ],\n        \"OwnerPercent\": -18779303.530249342,\n        \"OwnerInd\": false,\n        \"PrimaryOwnerInd\": false,\n        \"TaxReportingOwnerInd\": true,\n        \"Nickname\": \"dolore\",\n        \"Name\": \"Duis irure ut\",\n        \"PortHasCreditLineInd\": true,\n        \"AcctRef\": {\n          \"AcctKeys\": {\n            \"value\": \"<Error: Too many levels of nesting to fake this schema>\"\n          },\n          \"AcctSummInfo\": {\n            \"value\": \"<Error: Too many levels of nesting to fake this schema>\"\n          }\n        }\n      },\n      \"PartyAcctRelStatus\": {\n        \"PartyAcctRelStatusCode\": \"Deleted\",\n        \"EffDt\": \"2021-12-31T23:59:59.999\"\n      }\n    }\n  ]\n}","cookie":[],"_postman_previewlanguage":"json"}],"event":[],"protocolProfileBehavior":{"disableBodyPruning":true}}],"event":[],"variable":[{"type":"string","value":"/","key":"baseUrl"}],"info":{"_postman_id":"917ca6fc-8e04-4fc1-9c69-276d67cedd6f","name":"Party Account Relationship Service","schema":"https://schema.getpostman.com/json/collection/v2.1.0/collection.json","description":{"content":"Party Account Relationship service manages the nature of relationship between a party and a product account. It is used to indicate the primary contact and tax responsible parties as well as state the relationship type between the party and an account.\n\nContact Support:\n Name: Kavita Kulkarni\n Email: Kavita.Kulkarni@Fiserv.com","type":"text/plain"}}}