{"item":[{"id":"23cd29e7-3657-47a5-bce3-3683baf89384","name":"Get Party to Party Relationship.","request":{"name":"Get Party to Party Relationship.","description":{"content":"Retrieves the relationship-related information between two Party records.<br> For more information about the Accountholder domain, <a href=\"../docs/?path=docs/fintechs/accountholder.md\" title=\"Click to open\">click here.</a> <br><br> <b>Relates to:</b>\n  <ul> \n    <li><a href=\"../docs/?path=docs/banks-and-CU/deposits.md\" title=\"Click to open\">Deposits</a></li>\n    <li><a href=\"../docs/?path=docs/banks-and-CU/loans.md\" title=\"Click to open\">Loans</a></li>\n    <li><a href=\"../docs/?path=docs/banks-and-CU/bank-servicing.md\" title=\"Click to open\">Bank Servicing</a></li>\n    <li><a href=\"../docs/?path=docs/banks-and-CU/riskMgt.md\" title=\"Click to open\">Risk and Performance Management</a></li>\n  </ul>","type":"text/plain"},"url":{"path":["partyparties","secured"],"host":["{{baseUrl}}"],"query":[],"variable":[]},"header":[{"disabled":false,"description":"(Required) EFX Header is a common and required component for all API calls, it contains authentication and client-related parameters. Please note that the header parameters should be sent as a JSON object under the EFXHeader parameter. To view the list of header parameters, <a href=\"../docs?path=docs/api-ref-EFX-header.md\" title=\"Click to open\">click here.</a>","key":"EFXHeader","value":"OrganizationId,<string>,TrnId,<string>,VendorId,<string>,Context,[object Object]"},{"key":"Content-Type","value":"application/json"},{"key":"Accept","value":"application/json"}],"method":"POST","auth":null,"body":{"mode":"raw","raw":"{\n  \"PartyPartyRelSel\": {\n    \"PartyKeys\": {\n      \"PartyId\": \"<string>\"\n    }\n  }\n}","options":{"raw":{"language":"json"}}}},"response":[{"id":"22ae556a-4f40-474b-8cc8-9bb9e9864b3e","name":"Ok","originalRequest":{"url":{"path":["partyparties","secured"],"host":["{{baseUrl}}"],"query":[],"variable":[]},"header":[{"disabled":false,"description":"(Required) EFX Header is a common and required component for all API calls, it contains authentication and client-related parameters. Please note that the header parameters should be sent as a JSON object under the EFXHeader parameter. To view the list of header parameters, <a href=\"../docs?path=docs/api-ref-EFX-header.md\" title=\"Click to open\">click here.</a>","key":"EFXHeader","value":"{ \"TrnId\": \"f262cfa4-9da4-4a10-b48c-2e947ce3e66c\", \"OrganizationId\": \"PRMOrg10\", \"VendorId\": \"112233\", \"Context\":{ \"Channel\": \"WEB\" } }"},{"key":"Accept","value":"application/json"}],"method":"POST","body":{"mode":"raw","raw":"{\n  \"PartyPartyRelSel\": {\n    \"PartyKeys\": {\n      \"PartyId\": \"6\"\n    }\n  }\n}","options":{"raw":{"language":"json"}}}},"status":"OK","code":200,"header":[{"key":"Content-Type","value":"application/json"}],"body":"{\n  \"Status\": {\n    \"StatusCode\": \"0\",\n    \"StatusDesc\": \"Success\",\n    \"Severity\": \"Info\",\n    \"SvcProviderName\": \"Premier\"\n  },\n  \"RecCtrlOut\": {\n    \"SentRecCount\": 1\n  },\n  \"PartyPartyRelRec\": [\n    {\n      \"PartyPartyRelKeys\": {\n        \"PartyKeys\": {\n          \"PartyId\": \"6\"\n        },\n        \"RelPartyKeys\": {\n          \"PartyId\": \"10\"\n        }\n      },\n      \"PartyPartyRelInfo\": {\n        \"PartyRef\": {\n          \"PartyKeys\": {\n            \"PartyId\": \"6\"\n          },\n          \"PersonPartyListInfo\": {\n            \"PersonName\": {\n              \"NameType\": \"Primary\",\n              \"FullName\": \"GEORGE WASHINGTON\"\n            }\n          }\n        },\n        \"RelPartyRef\": {\n          \"PartyKeys\": {\n            \"PartyId\": \"10\"\n          },\n          \"PartyRelType\": \"Mother\",\n          \"PartyRelTypeEnumDesc\": \"Mother\",\n          \"RelEstablishDt\": \"2021-08-04\",\n          \"Name\": \"NAME2 NAME23\"\n        }\n      },\n      \"PartyPartyRelStatus\": {\n        \"PartyPartyRelStatusCode\": \"Valid\",\n        \"EffDt\": \"2021-08-04T08:28:01.971\"\n      }\n    }\n  ]\n}","cookie":[],"_postman_previewlanguage":"json"},{"id":"1af8f718-151d-448b-bb7a-3f7d2bd08a1f","name":"Unauthorized","originalRequest":{"url":{"path":["partyparties","secured"],"host":["{{baseUrl}}"],"query":[],"variable":[]},"header":[{"disabled":false,"description":"(Required) EFX Header is a common and required component for all API calls, it contains authentication and client-related parameters. Please note that the header parameters should be sent as a JSON object under the EFXHeader parameter. To view the list of header parameters, <a href=\"../docs?path=docs/api-ref-EFX-header.md\" title=\"Click to open\">click here.</a>","key":"EFXHeader","value":"{ \"TrnId\": \"f262cfa4-9da4-4a10-b48c-2e947ce3e66c\", \"OrganizationId\": \"PRMOrg10\", \"VendorId\": \"112233\", \"Context\":{ \"Channel\": \"WEB\" } }"},{"key":"Accept","value":"application/json"}],"method":"POST","body":{"mode":"raw","raw":"{\n  \"PartyPartyRelSel\": {\n    \"PartyKeys\": {\n      \"PartyId\": \"6\"\n    }\n  }\n}","options":{"raw":{"language":"json"}}}},"status":"Unauthorized","code":401,"header":[{"key":"Content-Type","value":"application/json"}],"body":"{\n  \"Status\": {\n    \"StatusCode\": \"1740\",\n    \"StatusDesc\": \"Authentication Failed\",\n    \"Severity\": \"Error\",\n    \"SvcProviderName\": \"Premier\",\n    \"ServerStatusCode\": \"401\",\n    \"ServerStatusDesc\": \"Unauthorized\"\n  }\n}","cookie":[],"_postman_previewlanguage":"json"},{"id":"49b7f6ef-8fd8-4421-881a-c708bc525205","name":"Un-processable Entity","originalRequest":{"url":{"path":["partyparties","secured"],"host":["{{baseUrl}}"],"query":[],"variable":[]},"header":[{"disabled":false,"description":"(Required) EFX Header is a common and required component for all API calls, it contains authentication and client-related parameters. Please note that the header parameters should be sent as a JSON object under the EFXHeader parameter. To view the list of header parameters, <a href=\"../docs?path=docs/api-ref-EFX-header.md\" title=\"Click to open\">click here.</a>","key":"EFXHeader","value":"{ \"TrnId\": \"f262cfa4-9da4-4a10-b48c-2e947ce3e66c\", \"OrganizationId\": \"PRMOrg10\", \"VendorId\": \"112233\", \"Context\":{ \"Channel\": \"WEB\" } }"},{"key":"Accept","value":"application/json"}],"method":"POST","body":{"mode":"raw","raw":"{\n  \"PartyPartyRelSel\": {\n    \"PartyKeys\": {\n      \"PartyId\": \"6\"\n    }\n  }\n}","options":{"raw":{"language":"json"}}}},"status":"Unprocessable Entity (WebDAV) (RFC 4918)","code":422,"header":[{"key":"Content-Type","value":"application/json"}],"body":"{\n  \"Status\": {\n    \"StatusCode\": \"1090\",\n    \"StatusDesc\": \"Invalid Value\",\n    \"Severity\": \"Error\",\n    \"SvcProviderName\": \"Premier\",\n    \"ServerStatusCode\": \"422\",\n    \"ServerStatusDesc\": \"Unprocessable Entity\"\n  }\n}","cookie":[],"_postman_previewlanguage":"json"},{"id":"a7816537-c805-471d-9509-563d529d7fdd","name":"Internal Server Error","originalRequest":{"url":{"path":["partyparties","secured"],"host":["{{baseUrl}}"],"query":[],"variable":[]},"header":[{"disabled":false,"description":"(Required) EFX Header is a common and required component for all API calls, it contains authentication and client-related parameters. Please note that the header parameters should be sent as a JSON object under the EFXHeader parameter. To view the list of header parameters, <a href=\"../docs?path=docs/api-ref-EFX-header.md\" title=\"Click to open\">click here.</a>","key":"EFXHeader","value":"{ \"TrnId\": \"f262cfa4-9da4-4a10-b48c-2e947ce3e66c\", \"OrganizationId\": \"PRMOrg10\", \"VendorId\": \"112233\", \"Context\":{ \"Channel\": \"WEB\" } }"},{"key":"Accept","value":"application/json"}],"method":"POST","body":{"mode":"raw","raw":"{\n  \"PartyPartyRelSel\": {\n    \"PartyKeys\": {\n      \"PartyId\": \"6\"\n    }\n  }\n}","options":{"raw":{"language":"json"}}}},"status":"Internal Server Error","code":500,"header":[{"key":"Content-Type","value":"application/json"}],"body":"{\n  \"Status\": {\n    \"StatusCode\": \"100\",\n    \"StatusDesc\": \"General Error\",\n    \"Severity\": \"Error\",\n    \"SvcProviderName\": \"Premier\",\n    \"ServerStatusCode\": \"500\",\n    \"ServerStatusDesc\": \"Internal Server Error\"\n  }\n}","cookie":[],"_postman_previewlanguage":"json"},{"id":"993ceafc-a789-4b04-9e30-a667560caad5","name":"Service Unavailable","originalRequest":{"url":{"path":["partyparties","secured"],"host":["{{baseUrl}}"],"query":[],"variable":[]},"header":[{"disabled":false,"description":"(Required) EFX Header is a common and required component for all API calls, it contains authentication and client-related parameters. Please note that the header parameters should be sent as a JSON object under the EFXHeader parameter. To view the list of header parameters, <a href=\"../docs?path=docs/api-ref-EFX-header.md\" title=\"Click to open\">click here.</a>","key":"EFXHeader","value":"{ \"TrnId\": \"f262cfa4-9da4-4a10-b48c-2e947ce3e66c\", \"OrganizationId\": \"PRMOrg10\", \"VendorId\": \"112233\", \"Context\":{ \"Channel\": \"WEB\" } }"},{"key":"Accept","value":"application/json"}],"method":"POST","body":{"mode":"raw","raw":"{\n  \"PartyPartyRelSel\": {\n    \"PartyKeys\": {\n      \"PartyId\": \"6\"\n    }\n  }\n}","options":{"raw":{"language":"json"}}}},"status":"Service Unavailable","code":503,"header":[{"key":"Content-Type","value":"application/json"}],"body":"{\n  \"Status\": {\n    \"StatusCode\": \"300\",\n    \"StatusDesc\": \"System Not Available\",\n    \"Severity\": \"Error\",\n    \"SvcProviderName\": \"Premier\",\n    \"ServerStatusCode\": \"503\",\n    \"ServerStatusDesc\": \"Service Unavailable\"\n  }\n}","cookie":[],"_postman_previewlanguage":"json"},{"id":"4c9b09cb-ff43-4751-877f-97de36cfc309","name":"Unexpected error","originalRequest":{"url":{"path":["partyparties","secured"],"host":["{{baseUrl}}"],"query":[],"variable":[]},"header":[{"disabled":false,"description":"(Required) EFX Header is a common and required component for all API calls, it contains authentication and client-related parameters. Please note that the header parameters should be sent as a JSON object under the EFXHeader parameter. To view the list of header parameters, <a href=\"../docs?path=docs/api-ref-EFX-header.md\" title=\"Click to open\">click here.</a>","key":"EFXHeader","value":"{ \"TrnId\": \"f262cfa4-9da4-4a10-b48c-2e947ce3e66c\", \"OrganizationId\": \"PRMOrg10\", \"VendorId\": \"112233\", \"Context\":{ \"Channel\": \"WEB\" } }"},{"key":"Accept","value":"application/json"}],"method":"POST","body":{"mode":"raw","raw":"{\n  \"PartyPartyRelSel\": {\n    \"PartyKeys\": {\n      \"PartyId\": \"6\"\n    }\n  }\n}","options":{"raw":{"language":"json"}}}},"status":"Internal Server Error","code":500,"header":[{"key":"Content-Type","value":"application/json"}],"body":"{\n  \"Status\": {\n    \"StatusCode\": \"exercitation labori\",\n    \"StatusDesc\": \"anim proident voluptate labore\",\n    \"Severity\": \"Warning\",\n    \"SvcProviderName\": \"commodo qui tempor\",\n    \"ServerStatusCode\": \"conse\",\n    \"ServerStatusDesc\": \"qui ullamco dolore incididunt nostrud\",\n    \"OvrdExceptionInd\": false,\n    \"SubjectRole\": \"enim\",\n    \"SubjectElement\": [\n      {\n        \"Path\": \"deserunt\",\n        \"ServerPath\": \"eiusmod tempor Lorem sunt\",\n        \"Value\": \"ea dolor\"\n      },\n      {\n        \"Path\": \"occaecat ipsum Duis dolor laborum\",\n        \"ServerPath\": \"nostrud velit ad\",\n        \"Value\": \"a\"\n      }\n    ],\n    \"ContentHTML\": \"in proident do ad eiusmod\",\n    \"AdditionalStatus\": [\n      {\n        \"StatusCode\": \"Lorem consectet\",\n        \"StatusDesc\": \"velit commodo eu in\",\n        \"Severity\": \"Error\",\n        \"SvcProviderName\": \"dolor cillum Ut voluptate\",\n        \"ServerStatusCode\": \"tempor\",\n        \"ServerStatusDesc\": \"incididunt sit\",\n        \"OvrdExceptionInd\": true,\n        \"SubjectElement\": [\n          {\n            \"Path\": \"culpa ipsum cupidatat sit\",\n            \"ServerPath\": \"dolore occaecat\",\n            \"Value\": \"commodo dolore minim\"\n          },\n          {\n            \"Path\": \"Ut elit ex reprehenderit incididunt\",\n            \"ServerPath\": \"labore ullamco nostrud ipsum\",\n            \"Value\": \"tempor cupidatat fu\"\n          }\n        ]\n      },\n      {\n        \"StatusCode\": \"amet aliquip veniam\",\n        \"StatusDesc\": \"velit quis in\",\n        \"Severity\": \"Warning\",\n        \"SvcProviderName\": \"sed non Lorem\",\n        \"ServerStatusCode\": \"pariatur\",\n        \"ServerStatusDesc\": \"in amet adipisicing ullamco aliquip\",\n        \"OvrdExceptionInd\": true,\n        \"SubjectElement\": [\n          {\n            \"Path\": \"ad quis\",\n            \"ServerPath\": \"tempor voluptate dolor\",\n            \"Value\": \"adipisicing quis exercitation\"\n          },\n          {\n            \"Path\": \"qui consectetur est\",\n            \"ServerPath\": \"nostrud Ut mollit in\",\n            \"Value\": \"Lorem ea\"\n          }\n        ]\n      }\n    ]\n  },\n  \"RecCtrlOut\": {\n    \"SentRecCount\": -71818662\n  },\n  \"PartyPartyRelRec\": [\n    {\n      \"PartyPartyRelKeys\": {\n        \"PartyKeys\": {\n          \"PartyId\": {\n            \"value\": \"<Error: Too many levels of nesting to fake this schema>\"\n          }\n        },\n        \"RelPartyKeys\": {}\n      },\n      \"PartyPartyRelInfo\": {\n        \"PartyRef\": {\n          \"PartyKeys\": {\n            \"value\": \"<Error: Too many levels of nesting to fake this schema>\"\n          },\n          \"PersonPartyListInfo\": {\n            \"value\": \"<Error: Too many levels of nesting to fake this schema>\"\n          },\n          \"OrgPartyListInfo\": {\n            \"value\": \"<Error: Too many levels of nesting to fake this schema>\"\n          }\n        },\n        \"RelPartyRef\": {\n          \"PartyRelType\": \"dolore culpa minim\",\n          \"PartyRelTypeEnumDesc\": \"nulla aute officia esse exercitation\",\n          \"RelEstablishDt\": \"2021-01-31T23:59:59.999\",\n          \"Name\": \"tempor voluptate magna cupidatat e\"\n        }\n      },\n      \"PartyPartyRelStatus\": {\n        \"PartyPartyRelStatusCode\": \"Valid\",\n        \"EffDt\": \"[0-9]]]]-24-87\"\n      }\n    },\n    {\n      \"PartyPartyRelKeys\": {\n        \"PartyKeys\": {\n          \"PartyId\": {\n            \"value\": \"<Error: Too many levels of nesting to fake this schema>\"\n          }\n        },\n        \"RelPartyKeys\": {}\n      },\n      \"PartyPartyRelInfo\": {\n        \"PartyRef\": {\n          \"PartyKeys\": {\n            \"value\": \"<Error: Too many levels of nesting to fake this schema>\"\n          },\n          \"PersonPartyListInfo\": {\n            \"value\": \"<Error: Too many levels of nesting to fake this schema>\"\n          },\n          \"OrgPartyListInfo\": {\n            \"value\": \"<Error: Too many levels of nesting to fake this schema>\"\n          }\n        },\n        \"RelPartyRef\": {\n          \"PartyRelType\": \"esse nulla eiusmod\",\n          \"PartyRelTypeEnumDesc\": \"Ut tempor se\",\n          \"RelEstablishDt\": \"2021-01-31T23:59:59.999\",\n          \"Name\": \"Duis consectetur in veni\"\n        }\n      },\n      \"PartyPartyRelStatus\": {\n        \"PartyPartyRelStatusCode\": \"Deleted\",\n        \"EffDt\": \"[0-9]]]]-28-17T32:74:55-45:19\"\n      }\n    }\n  ]\n}","cookie":[],"_postman_previewlanguage":"json"}],"event":[],"protocolProfileBehavior":{"disableBodyPruning":true}}],"event":[],"variable":[{"type":"string","value":"/","key":"baseUrl"}],"info":{"_postman_id":"db121280-5ed6-44a9-8c48-550ae62b047e","name":"Party Parties Service","schema":"https://schema.getpostman.com/json/collection/v2.1.0/collection.json","description":{"content":"The Party-to-Party Relationship service supports operations that manage information related to the existence and nature of relationship between two parties.<br>\nIt supports adding, modifying, and deleting party-to-party relationship and provide an option to return a subset of party information. It also gives an option to manage relationship properties such as relationship type and establishment date.<br>\nParty refers to a person or organization, who has a relationship with the financial institution.\n\nContact Support:\n Name: Kavita Kulkarni\n Email: Kavita.Kulkarni@Fiserv.com","type":"text/plain"}}}