{"item":[{"id":"4347bb6c-df91-409b-930f-e04553f1f834","name":"API Merchant Contract Update","description":{"content":"","type":"text/plain"},"item":[{"id":"3626ea39-c4d2-4609-8f52-1ed4580e0f74","name":"Merchant Contract Update","request":{"name":"Merchant Contract Update","description":{},"url":{"path":["v1","atualizaStatusEstabelecimento"],"host":["{{baseUrl}}"],"query":[],"variable":[]},"header":[{"disabled":false,"description":"(Required) HMAC","key":"Message-Signature","value":"1tsmkG9Ip3k2rcO5cETButfP3D/RS6U8troFF+mUrno="},{"disabled":false,"description":"(Required) APigee Key","key":"Api-Key","value":"X0GW3QGOYFn4r7DHcVC8KuatUnNs6MGB"},{"disabled":false,"description":"(Required) Oauth Key","key":"auth","value":"Lorem laboris Duis fugiat"},{"disabled":false,"description":"(Required) Date - Epoch Format","key":"Timestamp","value":"anim ut dolore aute"},{"disabled":false,"description":"(Required) Randomly generated by client","key":"Client-Request-Id","value":"6NYHj9Pgyxc84rmafpwG4fjhLwFfJYFVmxJOcgziD0QN3q6mGC"},{"disabled":false,"description":"(Required) Merchant Institution Number","key":"instituicao","value":"00000003"},{"disabled":false,"description":"(Required) Client Number","key":"estabelecimento","value":"11130203"},{"disabled":false,"description":"(Required) Status for change","key":"status","value":"1"},{"disabled":false,"description":"(Required) Reason for change","key":"razao","value":"01"},{"disabled":false,"description":"(Required) BW User ID","key":"userID","value":"000000001"},{"key":"Accept","value":"application/json"}],"method":"POST","auth":null},"response":[{"id":"c864905a-bc47-4893-b924-1e49e9542ef8","name":"Successfully Done","originalRequest":{"url":{"path":["v1","atualizaStatusEstabelecimento"],"host":["{{baseUrl}}"],"query":[],"variable":[]},"header":[{"disabled":false,"description":"(Required) HMAC","key":"Message-Signature","value":"1tsmkG9Ip3k2rcO5cETButfP3D/RS6U8troFF+mUrno="},{"disabled":false,"description":"(Required) APigee Key","key":"Api-Key","value":"X0GW3QGOYFn4r7DHcVC8KuatUnNs6MGB"},{"disabled":false,"description":"(Required) Oauth Key","key":"auth","value":"Lorem laboris Duis fugiat"},{"disabled":false,"description":"(Required) Date - Epoch Format","key":"Timestamp","value":"anim ut dolore aute"},{"disabled":false,"description":"(Required) Randomly generated by client","key":"Client-Request-Id","value":"6NYHj9Pgyxc84rmafpwG4fjhLwFfJYFVmxJOcgziD0QN3q6mGC"},{"disabled":false,"description":"(Required) Merchant Institution Number","key":"instituicao","value":"00000003"},{"disabled":false,"description":"(Required) Client Number","key":"estabelecimento","value":"11130203"},{"disabled":false,"description":"(Required) Status for change","key":"status","value":"1"},{"disabled":false,"description":"(Required) Reason for change","key":"razao","value":"01"},{"disabled":false,"description":"(Required) BW User ID","key":"userID","value":"000000001"}],"method":"POST","body":{}},"status":"OK","code":200,"header":[{"key":"Content-Type","value":"application/json"}],"body":"{\n  \"codigoRetorno\": 0,\n  \"mensagem\": \"0 - Sucesso (meaning Success)\",\n  \"conteudo\": {\n    \"statusCode\": 0,\n    \"mensagem\": \"5 - No response from Commserver/TMS/FHM...\"\n  }\n}","cookie":[],"_postman_previewlanguage":"json"},{"id":"a27d0bb0-1de8-403d-b4e7-8751d7a732e9","name":"Partial Content","originalRequest":{"url":{"path":["v1","atualizaStatusEstabelecimento"],"host":["{{baseUrl}}"],"query":[],"variable":[]},"header":[{"disabled":false,"description":"(Required) HMAC","key":"Message-Signature","value":"1tsmkG9Ip3k2rcO5cETButfP3D/RS6U8troFF+mUrno="},{"disabled":false,"description":"(Required) APigee Key","key":"Api-Key","value":"X0GW3QGOYFn4r7DHcVC8KuatUnNs6MGB"},{"disabled":false,"description":"(Required) Oauth Key","key":"auth","value":"Lorem laboris Duis fugiat"},{"disabled":false,"description":"(Required) Date - Epoch Format","key":"Timestamp","value":"anim ut dolore aute"},{"disabled":false,"description":"(Required) Randomly generated by client","key":"Client-Request-Id","value":"6NYHj9Pgyxc84rmafpwG4fjhLwFfJYFVmxJOcgziD0QN3q6mGC"},{"disabled":false,"description":"(Required) Merchant Institution Number","key":"instituicao","value":"00000003"},{"disabled":false,"description":"(Required) Client Number","key":"estabelecimento","value":"11130203"},{"disabled":false,"description":"(Required) Status for change","key":"status","value":"1"},{"disabled":false,"description":"(Required) Reason for change","key":"razao","value":"01"},{"disabled":false,"description":"(Required) BW User ID","key":"userID","value":"000000001"}],"method":"POST","body":{}},"status":"Partial Content","code":206,"header":[{"key":"Content-Type","value":"application/json"}],"body":"{\n  \"codigoRetorno\": 9,\n  \"mensagem\": \"9 - Campos mandatorios...\"\n}","cookie":[],"_postman_previewlanguage":"json"},{"id":"e219ab58-f329-4cb3-b546-a055ac449ba5","name":"Unauthorized","originalRequest":{"url":{"path":["v1","atualizaStatusEstabelecimento"],"host":["{{baseUrl}}"],"query":[],"variable":[]},"header":[{"disabled":false,"description":"(Required) HMAC","key":"Message-Signature","value":"1tsmkG9Ip3k2rcO5cETButfP3D/RS6U8troFF+mUrno="},{"disabled":false,"description":"(Required) APigee Key","key":"Api-Key","value":"X0GW3QGOYFn4r7DHcVC8KuatUnNs6MGB"},{"disabled":false,"description":"(Required) Oauth Key","key":"auth","value":"Lorem laboris Duis fugiat"},{"disabled":false,"description":"(Required) Date - Epoch Format","key":"Timestamp","value":"anim ut dolore aute"},{"disabled":false,"description":"(Required) Randomly generated by client","key":"Client-Request-Id","value":"6NYHj9Pgyxc84rmafpwG4fjhLwFfJYFVmxJOcgziD0QN3q6mGC"},{"disabled":false,"description":"(Required) Merchant Institution Number","key":"instituicao","value":"00000003"},{"disabled":false,"description":"(Required) Client Number","key":"estabelecimento","value":"11130203"},{"disabled":false,"description":"(Required) Status for change","key":"status","value":"1"},{"disabled":false,"description":"(Required) Reason for change","key":"razao","value":"01"},{"disabled":false,"description":"(Required) BW User ID","key":"userID","value":"000000001"}],"method":"POST","body":{}},"status":"Unauthorized","code":401,"header":[{"key":"Content-Type","value":"application/json"}],"body":"{\n  \"codigoRetorno\": {},\n  \"mensagem\": \"Acesso nao autorizado ao conteudo pesquisado (meaning Access Denied for he parameters provided)\"\n}","cookie":[],"_postman_previewlanguage":"json"},{"id":"3580e99f-bf15-4f46-8c91-8bf53250d5c4","name":"Forbidden","originalRequest":{"url":{"path":["v1","atualizaStatusEstabelecimento"],"host":["{{baseUrl}}"],"query":[],"variable":[]},"header":[{"disabled":false,"description":"(Required) HMAC","key":"Message-Signature","value":"1tsmkG9Ip3k2rcO5cETButfP3D/RS6U8troFF+mUrno="},{"disabled":false,"description":"(Required) APigee Key","key":"Api-Key","value":"X0GW3QGOYFn4r7DHcVC8KuatUnNs6MGB"},{"disabled":false,"description":"(Required) Oauth Key","key":"auth","value":"Lorem laboris Duis fugiat"},{"disabled":false,"description":"(Required) Date - Epoch Format","key":"Timestamp","value":"anim ut dolore aute"},{"disabled":false,"description":"(Required) Randomly generated by client","key":"Client-Request-Id","value":"6NYHj9Pgyxc84rmafpwG4fjhLwFfJYFVmxJOcgziD0QN3q6mGC"},{"disabled":false,"description":"(Required) Merchant Institution Number","key":"instituicao","value":"00000003"},{"disabled":false,"description":"(Required) Client Number","key":"estabelecimento","value":"11130203"},{"disabled":false,"description":"(Required) Status for change","key":"status","value":"1"},{"disabled":false,"description":"(Required) Reason for change","key":"razao","value":"01"},{"disabled":false,"description":"(Required) BW User ID","key":"userID","value":"000000001"}],"method":"POST","body":{}},"status":"Forbidden","code":403,"header":[{"key":"Content-Type","value":"application/json"}],"body":"{\n  \"codigoRetorno\": 3,\n  \"mensagem\": \"3 - Acesso negado (meaning Access Denied)\"\n}","cookie":[],"_postman_previewlanguage":"json"},{"id":"e1b179f0-36be-4cf6-9d7f-eb41728bc41b","name":"Not Found","originalRequest":{"url":{"path":["v1","atualizaStatusEstabelecimento"],"host":["{{baseUrl}}"],"query":[],"variable":[]},"header":[{"disabled":false,"description":"(Required) HMAC","key":"Message-Signature","value":"1tsmkG9Ip3k2rcO5cETButfP3D/RS6U8troFF+mUrno="},{"disabled":false,"description":"(Required) APigee Key","key":"Api-Key","value":"X0GW3QGOYFn4r7DHcVC8KuatUnNs6MGB"},{"disabled":false,"description":"(Required) Oauth Key","key":"auth","value":"Lorem laboris Duis fugiat"},{"disabled":false,"description":"(Required) Date - Epoch Format","key":"Timestamp","value":"anim ut dolore aute"},{"disabled":false,"description":"(Required) Randomly generated by client","key":"Client-Request-Id","value":"6NYHj9Pgyxc84rmafpwG4fjhLwFfJYFVmxJOcgziD0QN3q6mGC"},{"disabled":false,"description":"(Required) Merchant Institution Number","key":"instituicao","value":"00000003"},{"disabled":false,"description":"(Required) Client Number","key":"estabelecimento","value":"11130203"},{"disabled":false,"description":"(Required) Status for change","key":"status","value":"1"},{"disabled":false,"description":"(Required) Reason for change","key":"razao","value":"01"},{"disabled":false,"description":"(Required) BW User ID","key":"userID","value":"000000001"}],"method":"POST","body":{}},"status":"Not Found","code":404,"header":[{"key":"Content-Type","value":"application/json"}],"body":"{\n  \"codigoRetorno\": 5,\n  \"mensagem\": \"5 - Item nao encontrado (meaning Item not found)\"\n}","cookie":[],"_postman_previewlanguage":"json"},{"id":"19659f37-9479-4b0b-b0db-753cf67f411e","name":"Conflict","originalRequest":{"url":{"path":["v1","atualizaStatusEstabelecimento"],"host":["{{baseUrl}}"],"query":[],"variable":[]},"header":[{"disabled":false,"description":"(Required) HMAC","key":"Message-Signature","value":"1tsmkG9Ip3k2rcO5cETButfP3D/RS6U8troFF+mUrno="},{"disabled":false,"description":"(Required) APigee Key","key":"Api-Key","value":"X0GW3QGOYFn4r7DHcVC8KuatUnNs6MGB"},{"disabled":false,"description":"(Required) Oauth Key","key":"auth","value":"Lorem laboris Duis fugiat"},{"disabled":false,"description":"(Required) Date - Epoch Format","key":"Timestamp","value":"anim ut dolore aute"},{"disabled":false,"description":"(Required) Randomly generated by client","key":"Client-Request-Id","value":"6NYHj9Pgyxc84rmafpwG4fjhLwFfJYFVmxJOcgziD0QN3q6mGC"},{"disabled":false,"description":"(Required) Merchant Institution Number","key":"instituicao","value":"00000003"},{"disabled":false,"description":"(Required) Client Number","key":"estabelecimento","value":"11130203"},{"disabled":false,"description":"(Required) Status for change","key":"status","value":"1"},{"disabled":false,"description":"(Required) Reason for change","key":"razao","value":"01"},{"disabled":false,"description":"(Required) BW User ID","key":"userID","value":"000000001"}],"method":"POST","body":{}},"status":"Conflict","code":409,"header":[{"key":"Content-Type","value":"application/json"}],"body":"{\n  \"codigoRetorno\": {},\n  \"mensagem\": \"Item duplicado (meaning Duplicated Item)\"\n}","cookie":[],"_postman_previewlanguage":"json"},{"id":"93a456e5-7491-44b5-ab3d-0a6adeb3d20f","name":"Internal Server Error","originalRequest":{"url":{"path":["v1","atualizaStatusEstabelecimento"],"host":["{{baseUrl}}"],"query":[],"variable":[]},"header":[{"disabled":false,"description":"(Required) HMAC","key":"Message-Signature","value":"1tsmkG9Ip3k2rcO5cETButfP3D/RS6U8troFF+mUrno="},{"disabled":false,"description":"(Required) APigee Key","key":"Api-Key","value":"X0GW3QGOYFn4r7DHcVC8KuatUnNs6MGB"},{"disabled":false,"description":"(Required) Oauth Key","key":"auth","value":"Lorem laboris Duis fugiat"},{"disabled":false,"description":"(Required) Date - Epoch Format","key":"Timestamp","value":"anim ut dolore aute"},{"disabled":false,"description":"(Required) Randomly generated by client","key":"Client-Request-Id","value":"6NYHj9Pgyxc84rmafpwG4fjhLwFfJYFVmxJOcgziD0QN3q6mGC"},{"disabled":false,"description":"(Required) Merchant Institution Number","key":"instituicao","value":"00000003"},{"disabled":false,"description":"(Required) Client Number","key":"estabelecimento","value":"11130203"},{"disabled":false,"description":"(Required) Status for change","key":"status","value":"1"},{"disabled":false,"description":"(Required) Reason for change","key":"razao","value":"01"},{"disabled":false,"description":"(Required) BW User ID","key":"userID","value":"000000001"}],"method":"POST","body":{}},"status":"Internal Server Error","code":500,"header":[{"key":"Content-Type","value":"application/json"}],"body":"{\n  \"codigoRetorno\": 2,\n  \"mensagem\": \"2 - Erro Interno (meaning Internal Error)\"\n}","cookie":[],"_postman_previewlanguage":"json"}],"event":[],"protocolProfileBehavior":{"disableBodyPruning":true}}],"event":[]}],"event":[],"variable":[{"type":"string","value":"https://cat.api.firstdata.com/bwa/status-estabelecimento","key":"baseUrl"}],"info":{"_postman_id":"9bcfbc97-d5c3-4de7-8c4d-719b2fd79319","name":"API Merchant Contract Update.","schema":"https://schema.getpostman.com/json/collection/v2.1.0/collection.json","description":{"content":"API Merchant Contract Update.","type":"text/plain"}}}