{"item":[{"id":"21403831-dd98-4b2b-ab85-788143ce1cbe","name":"ORTBMONT DB2","request":{"name":"ORTBMONT DB2","description":{"content":"This API will be used for posting sales, returns and cash advance monetary transactions to an account. In order for the monetary to be posted to the account during nightly cycle, it must be received by 3:45 PM CT. All sales, returns and cash advances submitted via this API will be turned into a TAPTRANS and sent to nightly processing. Data will be inserted into different databases based on the cycle in the request. Required Fields: cycle, clientId and other fields.","type":"text/plain"},"url":{"path":["monetaryservices","v1","monetaryUpdate"],"host":["{{baseUrl}}"],"query":[],"variable":[]},"header":[{"key":"Content-Type","value":"application/json"},{"key":"Accept","value":"application/json"}],"method":"POST","auth":null,"body":{"mode":"raw","raw":"{\n  \"accountNumber\": \"<string>\",\n  \"clientNumber\": \"<string>\",\n  \"merchantId\": \"<string>\",\n  \"principalNumber\": \"<string>\",\n  \"systemNumber\": \"<string>\",\n  \"transactionDetail\": {\n    \"postingDate\": \"<string>\",\n    \"totalAmount\": \"<string>\",\n    \"transactionType\": \"<string>\",\n    \"orderNumber\": \"<string>\",\n    \"invoiceCode\": \"<string>\",\n    \"storeNumber\": \"<string>\",\n    \"registerNumber\": \"<string>\",\n    \"transactionNumber\": \"<string>\",\n    \"subTotalAmount\": \"<string>\",\n    \"taxAmount\": \"<string>\",\n    \"taxRate\": \"<string>\",\n    \"shipmentComplete\": \"<string>\",\n    \"upgrade\": \"<string>\",\n    \"promoId\": \"<string>\",\n    \"balanceId\": \"<string>\",\n    \"transactionGroupId\": \"<string>\",\n    \"termsCode\": \"<string>\",\n    \"authorizationCode\": \"<string>\"\n  },\n  \"common\": {\n    \"user\": \"<string>\",\n    \"agent\": \"<string>\",\n    \"cycle\": \"<string>\",\n    \"clientNumber\": \"<string>\",\n    \"system\": \"<string>\",\n    \"prin\": \"<string>\",\n    \"debug\": \"<boolean>\",\n    \"org\": \"<string>\",\n    \"processor\": \"<boolean>\",\n    \"contentType\": \"<string>\",\n    \"retry\": \"<long>\",\n    \"timeout\": \"<long>\",\n    \"siteId\": \"<string>\",\n    \"externalCustomerId\": \"<string>\",\n    \"accountId\": \"<string>\",\n    \"presentationId\": \"<string>\"\n  },\n  \"rjeIdentifier\": \"<string>\",\n  \"itemDetailList\": [\n    {\n      \"shippingDetail\": {\n        \"customerName\": \"<string>\",\n        \"addressLine1\": \"<string>\",\n        \"addressLine2\": \"<string>\",\n        \"addressLine3\": \"<string>\",\n        \"city\": \"<string>\",\n        \"state\": \"<string>\",\n        \"postalCode\": \"<string>\"\n      },\n      \"customerOrderIdentifier\": \"<string>\",\n      \"quantity\": \"<string>\",\n      \"sku\": \"<string>\",\n      \"skuDescription\": \"<string>\",\n      \"upcCode\": \"<string>\",\n      \"partNumber\": \"<string>\",\n      \"department\": \"<string>\",\n      \"classification\": \"<string>\",\n      \"unitPrice\": \"<string>\",\n      \"extendedAmount\": \"<string>\",\n      \"itemTaxAmount\": \"<string>\",\n      \"itemTotalAmount\": \"<string>\"\n    },\n    {\n      \"shippingDetail\": {\n        \"customerName\": \"<string>\",\n        \"addressLine1\": \"<string>\",\n        \"addressLine2\": \"<string>\",\n        \"addressLine3\": \"<string>\",\n        \"city\": \"<string>\",\n        \"state\": \"<string>\",\n        \"postalCode\": \"<string>\"\n      },\n      \"customerOrderIdentifier\": \"<string>\",\n      \"quantity\": \"<string>\",\n      \"sku\": \"<string>\",\n      \"skuDescription\": \"<string>\",\n      \"upcCode\": \"<string>\",\n      \"partNumber\": \"<string>\",\n      \"department\": \"<string>\",\n      \"classification\": \"<string>\",\n      \"unitPrice\": \"<string>\",\n      \"extendedAmount\": \"<string>\",\n      \"itemTaxAmount\": \"<string>\",\n      \"itemTotalAmount\": \"<string>\"\n    }\n  ]\n}","options":{"raw":{"language":"json"}}}},"response":[{"id":"067e7b97-638e-4ddf-a966-985da1031346","name":"successful operation","originalRequest":{"url":{"path":["monetaryservices","v1","monetaryUpdate"],"host":["{{baseUrl}}"],"query":[],"variable":[]},"header":[{"key":"Accept","value":"application/json"}],"method":"POST","body":{"mode":"raw","raw":"{\n  \"accountNumber\": \"000000000000000000000000\",\n  \"clientNumber\": \"1000\",\n  \"merchantId\": \"0000000000000000\",\n  \"principalNumber\": \"3000\",\n  \"systemNumber\": \"2000\",\n  \"transactionDetail\": {\n    \"postingDate\": \"000000\",\n    \"totalAmount\": \"10000000000.00\",\n    \"transactionType\": \"S\",\n    \"orderNumber\": \"<string>\",\n    \"invoiceCode\": \"<string>\",\n    \"storeNumber\": \"0000\",\n    \"registerNumber\": \"00\",\n    \"transactionNumber\": \"00000\",\n    \"subTotalAmount\": \"00000000000.00\",\n    \"taxAmount\": \"00000000000.00\",\n    \"taxRate\": \"000.00\",\n    \"shipmentComplete\": \"Y\",\n    \"upgrade\": \"Y\",\n    \"promoId\": \"<string>\",\n    \"balanceId\": \"0000000\",\n    \"transactionGroupId\": \"<string>\",\n    \"termsCode\": \"stri\",\n    \"authorizationCode\": \"<string>\"\n  },\n  \"common\": {\n    \"user\": \"<string>\",\n    \"agent\": \"4000\",\n    \"cycle\": \"T\",\n    \"clientNumber\": \"1000\",\n    \"system\": \"2000\",\n    \"prin\": \"3000\",\n    \"debug\": \"<boolean>\",\n    \"org\": \"<string>\",\n    \"processor\": \"<boolean>\",\n    \"contentType\": \"<string>\",\n    \"retry\": 0,\n    \"timeout\": 45000,\n    \"siteId\": \"4201\",\n    \"externalCustomerId\": \"<string>\",\n    \"accountId\": \"8888888888888888\",\n    \"presentationId\": \"<string>\"\n  },\n  \"rjeIdentifier\": \"<string>\",\n  \"itemDetailList\": [\n    {\n      \"shippingDetail\": {\n        \"customerName\": \"<string>\",\n        \"addressLine1\": \"<string>\",\n        \"addressLine2\": \"<string>\",\n        \"addressLine3\": \"<string>\",\n        \"city\": \"<string>\",\n        \"state\": \"st\",\n        \"postalCode\": \"<string>\"\n      },\n      \"customerOrderIdentifier\": \"<string>\",\n      \"quantity\": \"00000000.000\",\n      \"sku\": \"<string>\",\n      \"skuDescription\": \"<string>\",\n      \"upcCode\": \"<string>\",\n      \"partNumber\": \"<string>\",\n      \"department\": \"stri\",\n      \"classification\": \"stri\",\n      \"unitPrice\": \"0000000000.00\",\n      \"extendedAmount\": \"000000000.00\",\n      \"itemTaxAmount\": \"0000000000.00\",\n      \"itemTotalAmount\": \"0000000000.00\"\n    },\n    {\n      \"shippingDetail\": {\n        \"customerName\": \"<string>\",\n        \"addressLine1\": \"<string>\",\n        \"addressLine2\": \"<string>\",\n        \"addressLine3\": \"<string>\",\n        \"city\": \"<string>\",\n        \"state\": \"st\",\n        \"postalCode\": \"<string>\"\n      },\n      \"customerOrderIdentifier\": \"<string>\",\n      \"quantity\": \"00000000.000\",\n      \"sku\": \"<string>\",\n      \"skuDescription\": \"<string>\",\n      \"upcCode\": \"<string>\",\n      \"partNumber\": \"<string>\",\n      \"department\": \"stri\",\n      \"classification\": \"stri\",\n      \"unitPrice\": \"0000000000.00\",\n      \"extendedAmount\": \"000000000.00\",\n      \"itemTaxAmount\": \"0000000000.00\",\n      \"itemTotalAmount\": \"0000000000.00\"\n    }\n  ]\n}","options":{"raw":{"language":"json"}}}},"status":"OK","code":200,"header":[{"key":"Content-Type","value":"application/json"}],"body":"{\n  \"processorInfo\": {\n    \"system\": \"irure \",\n    \"cycle\": \"deserunt qui\",\n    \"tor\": \"laborum\",\n    \"mode\": \"elit irure consectetur\"\n  },\n  \"messages\": [\n    {\n      \"resultCode\": \"eu dolore est occaecat\",\n      \"messageText\": \"eiusmod est\",\n      \"transactionStatus\": \"consequat sint esse nostrud\"\n    },\n    {\n      \"resultCode\": \"quis sunt culpa adipisicing\",\n      \"messageText\": \"Excepteur aliqua cupidatat nulla ipsum\",\n      \"transactionStatus\": \"proident non in\"\n    }\n  ]\n}","cookie":[],"_postman_previewlanguage":"json"}],"event":[],"protocolProfileBehavior":{"disableBodyPruning":true}}],"event":[],"variable":[{"type":"string","value":"https://cat.api.firstdata.com/fs","key":"baseUrl"}],"info":{"_postman_id":"be61c3d8-f59a-419b-a370-457f429d238b","name":"fs-proxy-1","schema":"https://schema.getpostman.com/json/collection/v2.1.0/collection.json","description":{"content":"Welcome to the Financial Services API documentation","type":"text/plain"}}}