{"item":[{"id":"e04af3cb-b605-49f6-8c6e-150cea755dde","name":"Registration CRD","request":{"name":"Registration CRD","description":{},"url":{"path":["registrationCRD"],"host":["{{baseUrl}}"],"query":[],"variable":[]},"header":[{"key":"Content-Type","value":"application/json"},{"key":"Accept","value":"application/json"}],"method":"POST","auth":null,"body":{"mode":"raw","raw":"{\n  \"action\": \"Unknown\",\n  \"agreedToTerms\": \"<boolean>\",\n  \"header\": {\n    \"applicationID\": \"<string>\",\n    \"paymentChannel\": \"Unknown\",\n    \"securityKey\": \"<string>\",\n    \"sourceIP\": \"<string>\"\n  },\n  \"paymentInfo\": {\n    \"paymentMedium\": \"Unknown\",\n    \"paymentInfoEFT\": {\n      \"accountType\": \"Unknown\",\n      \"authorizationMedium\": \"Unknown\",\n      \"bankAccountNumber\": \"<string>\",\n      \"bankRoutingNumber\": \"<string>\",\n      \"bankState\": \"<string>\",\n      \"bankName\": \"<string>\",\n      \"driversLicenseNumber\": \"<string>\",\n      \"driversLicenseState\": \"<string>\",\n      \"ssn\": \"<string>\",\n      \"businessName\": \"<string>\",\n      \"federalTaxID\": \"<string>\",\n      \"userIPAddress\": \"<string>\",\n      \"preNoteStatus\": \"Unknown\",\n      \"recurringIndicator\": \"S\",\n      \"addressShipping\": {\n        \"nameFirst\": \"<string>\",\n        \"nameLast\": \"<string>\",\n        \"nameMiddle\": \"<string>\",\n        \"nameFull\": \"<string>\",\n        \"phone1\": \"<string>\",\n        \"phone2\": \"<string>\",\n        \"email\": \"<string>\",\n        \"street1\": \"<string>\",\n        \"street2\": \"<string>\",\n        \"city\": \"<string>\",\n        \"state\": \"<string>\",\n        \"zip\": \"<string>\",\n        \"country\": \"<string>\"\n      },\n      \"addressBilling\": {\n        \"nameFirst\": \"<string>\",\n        \"nameLast\": \"<string>\",\n        \"nameMiddle\": \"<string>\",\n        \"nameFull\": \"<string>\",\n        \"phone1\": \"<string>\",\n        \"phone2\": \"<string>\",\n        \"email\": \"<string>\",\n        \"street1\": \"<string>\",\n        \"street2\": \"<string>\",\n        \"city\": \"<string>\",\n        \"state\": \"<string>\",\n        \"zip\": \"<string>\",\n        \"country\": \"<string>\"\n      }\n    },\n    \"paymentInfoCC\": {\n      \"cardNumber\": \"<string>\",\n      \"expirationDate\": \"<string>\",\n      \"expirationMonth\": \"<string>\",\n      \"expirationYear\": \"<string>\",\n      \"pinData\": \"<string>\",\n      \"pinKeySerialNumber\": \"<string>\",\n      \"purchaseID\": \"<string>\",\n      \"trackData\": \"<string>\",\n      \"cvv2\": \"<string>\",\n      \"userIPAddress\": \"<string>\",\n      \"billingAddress\": {\n        \"nameFirst\": \"<string>\",\n        \"nameLast\": \"<string>\",\n        \"nameMiddle\": \"<string>\",\n        \"nameFull\": \"<string>\",\n        \"phone1\": \"<string>\",\n        \"phone2\": \"<string>\",\n        \"email\": \"<string>\",\n        \"street1\": \"<string>\",\n        \"street2\": \"<string>\",\n        \"city\": \"<string>\",\n        \"state\": \"<string>\",\n        \"zip\": \"<string>\",\n        \"country\": \"<string>\"\n      },\n      \"shippingAddress\": {\n        \"nameFirst\": \"<string>\",\n        \"nameLast\": \"<string>\",\n        \"nameMiddle\": \"<string>\",\n        \"nameFull\": \"<string>\",\n        \"phone1\": \"<string>\",\n        \"phone2\": \"<string>\",\n        \"email\": \"<string>\",\n        \"street1\": \"<string>\",\n        \"street2\": \"<string>\",\n        \"city\": \"<string>\",\n        \"state\": \"<string>\",\n        \"zip\": \"<string>\",\n        \"country\": \"<string>\"\n      },\n      \"cardType\": \"Unknown\",\n      \"cardStatusFlag\": \"Unknown\",\n      \"eCommerceGoodsFlag\": \"<boolean>\",\n      \"installment\": \"<boolean>\",\n      \"installmentSequence\": \"<integer>\",\n      \"installmentCount\": \"<integer>\"\n    }\n  },\n  \"registrationID\": \"<string>\",\n  \"userID\": \"<string>\",\n  \"interactionID\": \"<string>\",\n  \"lookupReference\": \"<string>\",\n  \"registrationFlags\": \"None\"\n}","options":{"raw":{"language":"json"}}}},"response":[{"id":"15cd3520-a6d0-4959-a206-17f47105386d","name":"Registration Response","originalRequest":{"url":{"path":["registrationCRD"],"host":["{{baseUrl}}"],"query":[],"variable":[]},"header":[{"key":"Accept","value":"application/json"}],"method":"POST","body":{"mode":"raw","raw":"{\n  \"header\": {\n    \"applicationID\": \"1451\",\n    \"securityKey\": \"hljkhk#@lkj\",\n    \"paymentChannel\": \"Web\",\n    \"sourceIP\": \"\"\n  },\n  \"userID\": \"\",\n  \"interactionID\": \"\",\n  \"action\": \"Create\",\n  \"agreedToTerms\": true,\n  \"registrationID\": \"\",\n  \"lookupReference\": \"12345678901234567\",\n  \"registrationFlags\": \"None\",\n  \"paymentInfo\": {\n    \"paymentMedium\": \"eCheck\",\n    \"paymentInfoEFT\": {\n      \"accountType\": \"Checking\",\n      \"bankRoutingNumber\": \"304083396\",\n      \"bankAccountNumber\": \"12345\",\n      \"bankState\": \"\",\n      \"bankName\": \"\",\n      \"driversLicenseNumber\": \"\",\n      \"driversLicenseState\": \"\",\n      \"ssn\": \"\",\n      \"businessName\": \"\",\n      \"federalTaxID\": \"\",\n      \"userIPAddress\": \"\",\n      \"authorizationMedium\": \"Web\",\n      \"preNoteStatus\": \"Unknown\",\n      \"recurringIndicator\": \"S\",\n      \"addressBilling\": {\n        \"nameFirst\": \"John \",\n        \"nameLast\": \"Doe\",\n        \"nameMiddle\": \"\",\n        \"nameFull\": \"John Doe\",\n        \"phone1\": \"1111111111\",\n        \"phone2\": \"\",\n        \"email\": \"JohnDoe@fiserv.com\",\n        \"street1\": \"Teststreet1\",\n        \"street2\": \"\",\n        \"city\": \"Omaha\",\n        \"state\": \"NE\",\n        \"zip\": \"11111\",\n        \"country\": \"US\"\n      }\n    }\n  }\n}","options":{"raw":{"language":"json"}}}},"status":"OK","code":200,"header":[{"key":"Content-Type","value":"application/json"}],"body":"{\n  \"returnCode\": \"Success\",\n  \"resultMessage\": \"\",\n  \"timeoutLimit\": 180,\n  \"registrationID\": \"4273135\"\n}","cookie":[],"_postman_previewlanguage":"json"}],"event":[],"protocolProfileBehavior":{"disableBodyPruning":true}},{"id":"cfac3143-2207-49dd-8cdb-9ef00493e2db","name":"Make Payment","request":{"name":"Make Payment","description":{},"url":{"path":["makePayment"],"host":["{{baseUrl}}"],"query":[],"variable":[]},"header":[{"key":"Content-Type","value":"application/json"},{"key":"Accept","value":"application/json"}],"method":"POST","auth":null,"body":{"mode":"raw","raw":"{\n  \"header\": {\n    \"applicationID\": \"<string>\",\n    \"paymentChannel\": \"Unknown\",\n    \"securityKey\": \"<string>\",\n    \"sourceIP\": \"<string>\"\n  },\n  \"paymentAmount\": \"<decimal>\",\n  \"userID\": \"<string>\",\n  \"interactionID\": \"<string>\",\n  \"groupID\": \"<string>\",\n  \"registrationID\": \"<string>\",\n  \"recurringPaymentID\": \"<string>\",\n  \"transactionBatchID\": \"<string>\",\n  \"reference\": \"<string>\",\n  \"aaaUserID\": \"<string>\",\n  \"paymentFlags\": \"None\",\n  \"paymentDate\": \"<string>\",\n  \"convenienceFee\": \"<decimal>\",\n  \"taxAmount\": \"<decimal>\",\n  \"paymentInfo\": {\n    \"paymentMedium\": \"Unknown\",\n    \"paymentInfoEFT\": {\n      \"accountType\": \"Unknown\",\n      \"authorizationMedium\": \"Unknown\",\n      \"bankAccountNumber\": \"<string>\",\n      \"bankRoutingNumber\": \"<string>\",\n      \"bankState\": \"<string>\",\n      \"bankName\": \"<string>\",\n      \"driversLicenseNumber\": \"<string>\",\n      \"driversLicenseState\": \"<string>\",\n      \"ssn\": \"<string>\",\n      \"businessName\": \"<string>\",\n      \"federalTaxID\": \"<string>\",\n      \"userIPAddress\": \"<string>\",\n      \"preNoteStatus\": \"Unknown\",\n      \"recurringIndicator\": \"S\",\n      \"addressShipping\": {\n        \"nameFirst\": \"<string>\",\n        \"nameLast\": \"<string>\",\n        \"nameMiddle\": \"<string>\",\n        \"nameFull\": \"<string>\",\n        \"phone1\": \"<string>\",\n        \"phone2\": \"<string>\",\n        \"email\": \"<string>\",\n        \"street1\": \"<string>\",\n        \"street2\": \"<string>\",\n        \"city\": \"<string>\",\n        \"state\": \"<string>\",\n        \"zip\": \"<string>\",\n        \"country\": \"<string>\"\n      },\n      \"addressBilling\": {\n        \"nameFirst\": \"<string>\",\n        \"nameLast\": \"<string>\",\n        \"nameMiddle\": \"<string>\",\n        \"nameFull\": \"<string>\",\n        \"phone1\": \"<string>\",\n        \"phone2\": \"<string>\",\n        \"email\": \"<string>\",\n        \"street1\": \"<string>\",\n        \"street2\": \"<string>\",\n        \"city\": \"<string>\",\n        \"state\": \"<string>\",\n        \"zip\": \"<string>\",\n        \"country\": \"<string>\"\n      }\n    },\n    \"paymentInfoCC\": {\n      \"cardNumber\": \"<string>\",\n      \"expirationDate\": \"<string>\",\n      \"expirationMonth\": \"<string>\",\n      \"expirationYear\": \"<string>\",\n      \"pinData\": \"<string>\",\n      \"pinKeySerialNumber\": \"<string>\",\n      \"purchaseID\": \"<string>\",\n      \"trackData\": \"<string>\",\n      \"cvv2\": \"<string>\",\n      \"userIPAddress\": \"<string>\",\n      \"billingAddress\": {\n        \"nameFirst\": \"<string>\",\n        \"nameLast\": \"<string>\",\n        \"nameMiddle\": \"<string>\",\n        \"nameFull\": \"<string>\",\n        \"phone1\": \"<string>\",\n        \"phone2\": \"<string>\",\n        \"email\": \"<string>\",\n        \"street1\": \"<string>\",\n        \"street2\": \"<string>\",\n        \"city\": \"<string>\",\n        \"state\": \"<string>\",\n        \"zip\": \"<string>\",\n        \"country\": \"<string>\"\n      },\n      \"shippingAddress\": {\n        \"nameFirst\": \"<string>\",\n        \"nameLast\": \"<string>\",\n        \"nameMiddle\": \"<string>\",\n        \"nameFull\": \"<string>\",\n        \"phone1\": \"<string>\",\n        \"phone2\": \"<string>\",\n        \"email\": \"<string>\",\n        \"street1\": \"<string>\",\n        \"street2\": \"<string>\",\n        \"city\": \"<string>\",\n        \"state\": \"<string>\",\n        \"zip\": \"<string>\",\n        \"country\": \"<string>\"\n      },\n      \"cardType\": \"Unknown\",\n      \"cardStatusFlag\": \"Unknown\",\n      \"eCommerceGoodsFlag\": \"<boolean>\",\n      \"installment\": \"<boolean>\",\n      \"installmentSequence\": \"<integer>\",\n      \"installmentCount\": \"<integer>\"\n    }\n  },\n  \"payeeID\": \"<string>\"\n}","options":{"raw":{"language":"json"}}}},"response":[{"id":"679810b0-1c57-4b9d-a221-845a748483d7","name":"Payment Response","originalRequest":{"url":{"path":["makePayment"],"host":["{{baseUrl}}"],"query":[],"variable":[]},"header":[{"key":"Accept","value":"application/json"}],"method":"POST","body":{"mode":"raw","raw":"{\n  \"header\": {\n    \"applicationID\": \"1451\",\n    \"securityKey\": \"hljkhk#@lkj\",\n    \"paymentChannel\": \"Web\",\n    \"sourceIP\": \"\"\n  },\n  \"userID\": \"clientid\",\n  \"registrationID\": \"3047366\",\n  \"reference\": \"12345677890 04/20/2023\",\n  \"paymentDate\": \"04/20/2023\",\n  \"paymentAmount\": 2,\n  \"convenienceFee\": 0,\n  \"taxAmount\": 0,\n  \"payeeID\": \"accountnumber\"\n}","options":{"raw":{"language":"json"}}}},"status":"OK","code":200,"header":[{"key":"Content-Type","value":"application/json"}],"body":"{\n  \"returnCode\": \"Payment_Pending\",\n  \"resultMessage\": \"\",\n  \"timeoutLimit\": 180,\n  \"confirmationNumber\": \"23032719056805\",\n  \"totalAmount\": 2,\n  \"settlementSubmissionDate\": \"4/20/2023\",\n  \"cardType\": \"Unknown\",\n  \"authorizationCode\": \"\"\n}","cookie":[],"_postman_previewlanguage":"json"}],"event":[],"protocolProfileBehavior":{"disableBodyPruning":true}},{"id":"1dd8ae25-dedf-4ecd-8822-9a17e4f1972b","name":"Make POS Payment","request":{"name":"Make POS Payment","description":{},"url":{"path":["makePOSPayment"],"host":["{{baseUrl}}"],"query":[],"variable":[]},"header":[{"key":"Content-Type","value":"application/json"},{"key":"Accept","value":"application/json"}],"method":"POST","auth":null,"body":{"mode":"raw","raw":"{\n  \"header\": {\n    \"applicationID\": \"<string>\",\n    \"paymentChannel\": \"Unknown\",\n    \"securityKey\": \"<string>\",\n    \"sourceIP\": \"<string>\"\n  },\n  \"paymentAmount\": \"<decimal>\",\n  \"paymentInfo\": {\n    \"paymentMedium\": \"Unknown\",\n    \"paymentInfoEFT\": {\n      \"accountType\": \"Unknown\",\n      \"authorizationMedium\": \"Unknown\",\n      \"bankAccountNumber\": \"<string>\",\n      \"bankRoutingNumber\": \"<string>\",\n      \"bankState\": \"<string>\",\n      \"bankName\": \"<string>\",\n      \"driversLicenseNumber\": \"<string>\",\n      \"driversLicenseState\": \"<string>\",\n      \"ssn\": \"<string>\",\n      \"businessName\": \"<string>\",\n      \"federalTaxID\": \"<string>\",\n      \"userIPAddress\": \"<string>\",\n      \"preNoteStatus\": \"Unknown\",\n      \"recurringIndicator\": \"S\",\n      \"addressShipping\": {\n        \"nameFirst\": \"<string>\",\n        \"nameLast\": \"<string>\",\n        \"nameMiddle\": \"<string>\",\n        \"nameFull\": \"<string>\",\n        \"phone1\": \"<string>\",\n        \"phone2\": \"<string>\",\n        \"email\": \"<string>\",\n        \"street1\": \"<string>\",\n        \"street2\": \"<string>\",\n        \"city\": \"<string>\",\n        \"state\": \"<string>\",\n        \"zip\": \"<string>\",\n        \"country\": \"<string>\"\n      },\n      \"addressBilling\": {\n        \"nameFirst\": \"<string>\",\n        \"nameLast\": \"<string>\",\n        \"nameMiddle\": \"<string>\",\n        \"nameFull\": \"<string>\",\n        \"phone1\": \"<string>\",\n        \"phone2\": \"<string>\",\n        \"email\": \"<string>\",\n        \"street1\": \"<string>\",\n        \"street2\": \"<string>\",\n        \"city\": \"<string>\",\n        \"state\": \"<string>\",\n        \"zip\": \"<string>\",\n        \"country\": \"<string>\"\n      }\n    },\n    \"paymentInfoCC\": {\n      \"cardNumber\": \"<string>\",\n      \"expirationDate\": \"<string>\",\n      \"expirationMonth\": \"<string>\",\n      \"expirationYear\": \"<string>\",\n      \"pinData\": \"<string>\",\n      \"pinKeySerialNumber\": \"<string>\",\n      \"purchaseID\": \"<string>\",\n      \"trackData\": \"<string>\",\n      \"cvv2\": \"<string>\",\n      \"userIPAddress\": \"<string>\",\n      \"billingAddress\": {\n        \"nameFirst\": \"<string>\",\n        \"nameLast\": \"<string>\",\n        \"nameMiddle\": \"<string>\",\n        \"nameFull\": \"<string>\",\n        \"phone1\": \"<string>\",\n        \"phone2\": \"<string>\",\n        \"email\": \"<string>\",\n        \"street1\": \"<string>\",\n        \"street2\": \"<string>\",\n        \"city\": \"<string>\",\n        \"state\": \"<string>\",\n        \"zip\": \"<string>\",\n        \"country\": \"<string>\"\n      },\n      \"shippingAddress\": {\n        \"nameFirst\": \"<string>\",\n        \"nameLast\": \"<string>\",\n        \"nameMiddle\": \"<string>\",\n        \"nameFull\": \"<string>\",\n        \"phone1\": \"<string>\",\n        \"phone2\": \"<string>\",\n        \"email\": \"<string>\",\n        \"street1\": \"<string>\",\n        \"street2\": \"<string>\",\n        \"city\": \"<string>\",\n        \"state\": \"<string>\",\n        \"zip\": \"<string>\",\n        \"country\": \"<string>\"\n      },\n      \"cardType\": \"Unknown\",\n      \"cardStatusFlag\": \"Unknown\",\n      \"eCommerceGoodsFlag\": \"<boolean>\",\n      \"installment\": \"<boolean>\",\n      \"installmentSequence\": \"<integer>\",\n      \"installmentCount\": \"<integer>\"\n    }\n  },\n  \"userID\": \"<string>\",\n  \"interactionID\": \"<string>\",\n  \"groupID\": \"<string>\",\n  \"registrationID\": \"<string>\",\n  \"recurringPaymentID\": \"<string>\",\n  \"transactionBatchID\": \"<string>\",\n  \"reference\": \"<string>\",\n  \"aaaUserID\": \"<string>\",\n  \"paymentFlags\": \"None\",\n  \"paymentDate\": \"<string>\",\n  \"convenienceFee\": \"<decimal>\",\n  \"taxAmount\": \"<decimal>\",\n  \"payeeID\": \"<string>\",\n  \"terminalID\": \"<string>\",\n  \"terminalCity\": \"<string>\",\n  \"terminalState\": \"<string>\",\n  \"merchantTaxID\": \"<string>\",\n  \"alternateMerchantName\": \"<string>\",\n  \"alternateMerchantAddress\": \"<string>\",\n  \"alternateMerchantCity\": \"<string>\",\n  \"alternateMerchantState\": \"<string>\",\n  \"alternateMerchantCounty\": \"<string>\",\n  \"alternateMerchantPostalCode\": \"<string>\",\n  \"alternateMerchantCountry\": \"<string>\",\n  \"posDataCode\": \"<string>\",\n  \"paymentInfoPOS\": {\n    \"paymentInfoPOSEFT\": {\n      \"checkType\": \"<string>\",\n      \"micrType\": \"<string>\",\n      \"micrLineData\": \"<string>\",\n      \"manualCheckNumber\": \"<string>\",\n      \"micrReaderStatus\": \"<string>\",\n      \"track1ID\": \"<string>\",\n      \"track2ID\": \"<string>\",\n      \"manualID\": \"<string>\",\n      \"regECompliant\": \"<string>\",\n      \"micrSequenceNumber\": \"<string>\",\n      \"eCheck1\": \"<string>\",\n      \"eCheck2\": \"<string>\",\n      \"eCheck3\": \"<string>\",\n      \"eCheck4\": \"<string>\",\n      \"eCheck5\": \"<string>\"\n    },\n    \"paymentInfoPOSCC\": {\n      \"accountDataSource\": \"<string>\",\n      \"cardholderIdentificationCode\": \"<string>\",\n      \"emvDF78TerminalSerialNumber\": \"<string>\",\n      \"emvDF79KernelVersionNumber\": \"<string>\",\n      \"emv57CustomerDataField\": \"<string>\",\n      \"emv82ApplicationInterchangeProfile\": \"<string>\",\n      \"emv84DedicatedFileName\": \"<string>\",\n      \"emv91IssuerAuthenticationData\": \"<string>\",\n      \"emv95TerminalVerificationResults\": \"<string>\",\n      \"emv5F24ApplicationExpiryDate\": \"<string>\",\n      \"emv5F34PANSequenceNumber\": \"<string>\",\n      \"emv9F09TerminalApplicationVersion\": \"<string>\",\n      \"emv9F10IssuerApplicationData\": \"<string>\",\n      \"emv9F1ATerminalCountryCode\": \"<string>\",\n      \"emv9F1EPOSTerminalSerialNumber\": \"<string>\",\n      \"emv9F26ApplicationCryptogram\": \"<string>\",\n      \"emv9F27CryptogramInformationData\": \"<string>\",\n      \"emv9F33TerminalCapabilities\": \"<string>\",\n      \"emv9F34CVMResults\": \"<string>\",\n      \"emv9F35TerminalType\": \"<string>\",\n      \"emv9F36ApplicationTransactionCounter\": \"<string>\",\n      \"emv9F37UnpredictableNumber\": \"<string>\",\n      \"emv9F39POSEntryMode\": \"<string>\",\n      \"emv9F40AdditionalTerminalCaps\": \"<string>\",\n      \"emv9F41TransactionSequenceCounter\": \"<string>\",\n      \"emv9F02AuthorizedAmount\": \"<string>\",\n      \"emv9F03OtherAmount\": \"<string>\",\n      \"emv4FAID\": \"<string>\",\n      \"emv9F06AIDTerminal\": \"<string>\",\n      \"emv5F2ATranCurrencyCode\": \"<string>\",\n      \"emv9ATranDate\": \"<string>\",\n      \"emv9BTranStatus\": \"<string>\",\n      \"emv9CTransactionType\": \"<string>\",\n      \"emv9F21TranTime\": \"<string>\",\n      \"emv5F2DLanguagePreference\": \"<string>\",\n      \"emv9F53TransactionCategoryCode\": \"<string>\",\n      \"emv9F6EFormFactorIndicator\": \"<string>\",\n      \"emv1\": \"<string>\",\n      \"emv2\": \"<string>\",\n      \"emv3\": \"<string>\",\n      \"emv4\": \"<string>\",\n      \"emv5\": \"<string>\",\n      \"genKey\": \"<string>\",\n      \"encryptionTransmissionBlock\": \"<string>\",\n      \"deviceType\": \"<string>\"\n    }\n  }\n}","options":{"raw":{"language":"json"}}}},"response":[{"id":"e26ed1f8-9700-4835-8c93-666fedd942f0","name":"Make POS Payment Response","originalRequest":{"url":{"path":["makePOSPayment"],"host":["{{baseUrl}}"],"query":[],"variable":[]},"header":[{"key":"Accept","value":"application/json"}],"method":"POST","body":{"mode":"raw","raw":"{\n  \"header\": {\n    \"applicationID\": \"string\",\n    \"paymentChannel\": \"Unknown\",\n    \"securityKey\": \"string\",\n    \"sourceIP\": \"<string>\"\n  },\n  \"paymentAmount\": 0,\n  \"paymentInfo\": {\n    \"paymentMedium\": \"Unknown\",\n    \"paymentInfoEFT\": {\n      \"accountType\": \"Unknown\",\n      \"authorizationMedium\": \"Unknown\",\n      \"bankAccountNumber\": \"<string>\",\n      \"bankRoutingNumber\": \"<string>\",\n      \"bankState\": \"<string>\",\n      \"bankName\": \"<string>\",\n      \"driversLicenseNumber\": \"<string>\",\n      \"driversLicenseState\": \"<string>\",\n      \"ssn\": \"<string>\",\n      \"businessName\": \"<string>\",\n      \"federalTaxID\": \"<string>\",\n      \"userIPAddress\": \"<string>\",\n      \"preNoteStatus\": \"Unknown\",\n      \"recurringIndicator\": \"S\",\n      \"addressShipping\": {\n        \"nameFirst\": \"<string>\",\n        \"nameLast\": \"<string>\",\n        \"nameMiddle\": \"<string>\",\n        \"nameFull\": \"<string>\",\n        \"phone1\": \"<string>\",\n        \"phone2\": \"<string>\",\n        \"email\": \"<string>\",\n        \"street1\": \"<string>\",\n        \"street2\": \"<string>\",\n        \"city\": \"<string>\",\n        \"state\": \"<string>\",\n        \"zip\": \"<string>\",\n        \"country\": \"<string>\"\n      },\n      \"addressBilling\": {\n        \"nameFirst\": \"<string>\",\n        \"nameLast\": \"<string>\",\n        \"nameMiddle\": \"<string>\",\n        \"nameFull\": \"<string>\",\n        \"phone1\": \"<string>\",\n        \"phone2\": \"<string>\",\n        \"email\": \"<string>\",\n        \"street1\": \"<string>\",\n        \"street2\": \"<string>\",\n        \"city\": \"<string>\",\n        \"state\": \"<string>\",\n        \"zip\": \"<string>\",\n        \"country\": \"<string>\"\n      }\n    },\n    \"paymentInfoCC\": {\n      \"cardNumber\": \"<string>\",\n      \"expirationDate\": \"<string>\",\n      \"expirationMonth\": \"<string>\",\n      \"expirationYear\": \"<string>\",\n      \"pinData\": \"<string>\",\n      \"pinKeySerialNumber\": \"<string>\",\n      \"purchaseID\": \"<string>\",\n      \"trackData\": \"<string>\",\n      \"cvv2\": \"<string>\",\n      \"userIPAddress\": \"<string>\",\n      \"billingAddress\": {\n        \"nameFirst\": \"<string>\",\n        \"nameLast\": \"<string>\",\n        \"nameMiddle\": \"<string>\",\n        \"nameFull\": \"<string>\",\n        \"phone1\": \"<string>\",\n        \"phone2\": \"<string>\",\n        \"email\": \"<string>\",\n        \"street1\": \"<string>\",\n        \"street2\": \"<string>\",\n        \"city\": \"<string>\",\n        \"state\": \"<string>\",\n        \"zip\": \"<string>\",\n        \"country\": \"<string>\"\n      },\n      \"shippingAddress\": {\n        \"nameFirst\": \"<string>\",\n        \"nameLast\": \"<string>\",\n        \"nameMiddle\": \"<string>\",\n        \"nameFull\": \"<string>\",\n        \"phone1\": \"<string>\",\n        \"phone2\": \"<string>\",\n        \"email\": \"<string>\",\n        \"street1\": \"<string>\",\n        \"street2\": \"<string>\",\n        \"city\": \"<string>\",\n        \"state\": \"<string>\",\n        \"zip\": \"<string>\",\n        \"country\": \"<string>\"\n      },\n      \"cardType\": \"Unknown\",\n      \"cardStatusFlag\": \"Unknown\",\n      \"eCommerceGoodsFlag\": \"<boolean>\",\n      \"installment\": \"<boolean>\",\n      \"installmentSequence\": \"<integer>\",\n      \"installmentCount\": \"<integer>\"\n    }\n  },\n  \"userID\": \"<string>\",\n  \"interactionID\": \"<string>\",\n  \"groupID\": \"<string>\",\n  \"registrationID\": \"<string>\",\n  \"recurringPaymentID\": \"<string>\",\n  \"transactionBatchID\": \"<string>\",\n  \"reference\": \"<string>\",\n  \"aaaUserID\": \"<string>\",\n  \"paymentFlags\": \"None\",\n  \"paymentDate\": \"<string>\",\n  \"convenienceFee\": \"<decimal>\",\n  \"taxAmount\": \"<decimal>\",\n  \"payeeID\": \"<string>\",\n  \"terminalID\": \"<string>\",\n  \"terminalCity\": \"<string>\",\n  \"terminalState\": \"<string>\",\n  \"merchantTaxID\": \"<string>\",\n  \"alternateMerchantName\": \"<string>\",\n  \"alternateMerchantAddress\": \"<string>\",\n  \"alternateMerchantCity\": \"<string>\",\n  \"alternateMerchantState\": \"<string>\",\n  \"alternateMerchantCounty\": \"<string>\",\n  \"alternateMerchantPostalCode\": \"<string>\",\n  \"alternateMerchantCountry\": \"<string>\",\n  \"posDataCode\": \"<string>\",\n  \"paymentInfoPOS\": {\n    \"paymentInfoPOSEFT\": {\n      \"checkType\": \"<string>\",\n      \"micrType\": \"<string>\",\n      \"micrLineData\": \"<string>\",\n      \"manualCheckNumber\": \"<string>\",\n      \"micrReaderStatus\": \"<string>\",\n      \"track1ID\": \"<string>\",\n      \"track2ID\": \"<string>\",\n      \"manualID\": \"<string>\",\n      \"regECompliant\": \"<string>\",\n      \"micrSequenceNumber\": \"<string>\",\n      \"eCheck1\": \"<string>\",\n      \"eCheck2\": \"<string>\",\n      \"eCheck3\": \"<string>\",\n      \"eCheck4\": \"<string>\",\n      \"eCheck5\": \"<string>\"\n    },\n    \"paymentInfoPOSCC\": {\n      \"accountDataSource\": \"<string>\",\n      \"cardholderIdentificationCode\": \"<string>\",\n      \"emvDF78TerminalSerialNumber\": \"<string>\",\n      \"emvDF79KernelVersionNumber\": \"<string>\",\n      \"emv57CustomerDataField\": \"<string>\",\n      \"emv82ApplicationInterchangeProfile\": \"<string>\",\n      \"emv84DedicatedFileName\": \"<string>\",\n      \"emv91IssuerAuthenticationData\": \"<string>\",\n      \"emv95TerminalVerificationResults\": \"<string>\",\n      \"emv5F24ApplicationExpiryDate\": \"<string>\",\n      \"emv5F34PANSequenceNumber\": \"<string>\",\n      \"emv9F09TerminalApplicationVersion\": \"<string>\",\n      \"emv9F10IssuerApplicationData\": \"<string>\",\n      \"emv9F1ATerminalCountryCode\": \"<string>\",\n      \"emv9F1EPOSTerminalSerialNumber\": \"<string>\",\n      \"emv9F26ApplicationCryptogram\": \"<string>\",\n      \"emv9F27CryptogramInformationData\": \"<string>\",\n      \"emv9F33TerminalCapabilities\": \"<string>\",\n      \"emv9F34CVMResults\": \"<string>\",\n      \"emv9F35TerminalType\": \"<string>\",\n      \"emv9F36ApplicationTransactionCounter\": \"<string>\",\n      \"emv9F37UnpredictableNumber\": \"<string>\",\n      \"emv9F39POSEntryMode\": \"<string>\",\n      \"emv9F40AdditionalTerminalCaps\": \"<string>\",\n      \"emv9F41TransactionSequenceCounter\": \"<string>\",\n      \"emv9F02AuthorizedAmount\": \"<string>\",\n      \"emv9F03OtherAmount\": \"<string>\",\n      \"emv4FAID\": \"<string>\",\n      \"emv9F06AIDTerminal\": \"<string>\",\n      \"emv5F2ATranCurrencyCode\": \"<string>\",\n      \"emv9ATranDate\": \"<string>\",\n      \"emv9BTranStatus\": \"<string>\",\n      \"emv9CTransactionType\": \"<string>\",\n      \"emv9F21TranTime\": \"<string>\",\n      \"emv5F2DLanguagePreference\": \"<string>\",\n      \"emv9F53TransactionCategoryCode\": \"<string>\",\n      \"emv9F6EFormFactorIndicator\": \"<string>\",\n      \"emv1\": \"<string>\",\n      \"emv2\": \"<string>\",\n      \"emv3\": \"<string>\",\n      \"emv4\": \"<string>\",\n      \"emv5\": \"<string>\",\n      \"genKey\": \"<string>\",\n      \"encryptionTransmissionBlock\": \"<string>\",\n      \"deviceType\": \"<string>\"\n    }\n  }\n}","options":{"raw":{"language":"json"}}}},"status":"OK","code":200,"header":[{"key":"Content-Type","value":"application/json"}],"body":"{\n  \"returnCode\": \"Unknown\",\n  \"resultMessage\": \"deserunt aliqua ut aliquip\",\n  \"timeoutLimit\": 53676797,\n  \"confirmationNumber\": \"culpa in exercitation\",\n  \"totalAmount\": -44922603.78040429,\n  \"settlementSubmissionDate\": \"consequat\",\n  \"cardType\": \"Unknown\",\n  \"authorizationCode\": \"dolore consectetur\",\n  \"emvFields\": \"id cupidatat esse sint irure\"\n}","cookie":[],"_postman_previewlanguage":"json"}],"event":[],"protocolProfileBehavior":{"disableBodyPruning":true}},{"id":"5370900f-7261-4f89-ab8c-798d2c28c00c","name":"Update POS Payment","request":{"name":"Update POS Payment","description":{},"url":{"path":["updatePOSPayment"],"host":["{{baseUrl}}"],"query":[],"variable":[]},"header":[{"key":"Content-Type","value":"application/json"},{"key":"Accept","value":"application/json"}],"method":"POST","auth":null,"body":{"mode":"raw","raw":"{\n  \"confirmationNumber\": \"<string>\",\n  \"header\": {\n    \"applicationID\": \"<string>\",\n    \"paymentChannel\": \"Unknown\",\n    \"securityKey\": \"<string>\",\n    \"sourceIP\": \"<string>\"\n  },\n  \"issuerScriptResult\": \"<string>\",\n  \"userID\": \"<string>\",\n  \"interactionID\": \"<string>\"\n}","options":{"raw":{"language":"json"}}}},"response":[{"id":"691701d5-97c1-4483-89fe-aa9a1072f7b9","name":"Update POS Payment Response","originalRequest":{"url":{"path":["updatePOSPayment"],"host":["{{baseUrl}}"],"query":[],"variable":[]},"header":[{"key":"Accept","value":"application/json"}],"method":"POST","body":{"mode":"raw","raw":"{\n  \"confirmationNumber\": \"<string>\",\n  \"header\": {\n    \"applicationID\": \"string\",\n    \"paymentChannel\": \"Unknown\",\n    \"securityKey\": \"string\",\n    \"sourceIP\": \"<string>\"\n  },\n  \"issuerScriptResult\": \"<string>\",\n  \"userID\": \"<string>\",\n  \"interactionID\": \"<string>\"\n}","options":{"raw":{"language":"json"}}}},"status":"OK","code":200,"header":[{"key":"Content-Type","value":"application/json"}],"body":"{\n  \"returnCode\": \"Unknown\",\n  \"resultMessage\": \"velit aliquip ex dolor\",\n  \"timeoutLimit\": 158757\n}","cookie":[],"_postman_previewlanguage":"json"}],"event":[],"protocolProfileBehavior":{"disableBodyPruning":true}},{"id":"83245375-fa6b-45ae-b781-6c1e2acd21b1","name":"Recurring Payment CRD","request":{"name":"Recurring Payment CRD","description":{},"url":{"path":["recurringPaymentCRD"],"host":["{{baseUrl}}"],"query":[],"variable":[]},"header":[{"key":"Content-Type","value":"application/json"},{"key":"Accept","value":"application/json"}],"method":"POST","auth":null,"body":{"mode":"raw","raw":"{\n  \"action\": \"Unknown\",\n  \"header\": {\n    \"applicationID\": \"<string>\",\n    \"paymentChannel\": \"Unknown\",\n    \"securityKey\": \"<string>\",\n    \"sourceIP\": \"<string>\"\n  },\n  \"recurringPaymentInfo\": {\n    \"beginDate\": \"<string>\",\n    \"createdDate\": \"<string>\",\n    \"endDate\": \"<string>\",\n    \"intervalParam1\": \"<string>\",\n    \"intervalParam2\": \"<string>\",\n    \"intervalParam3\": \"<string>\",\n    \"paymentAmount\": \"<decimal>\",\n    \"recurringIntervalType\": \"Unknown\",\n    \"registrationID\": \"<string>\",\n    \"recurringPaymentID\": \"<string>\",\n    \"nextPayDate\": \"<string>\",\n    \"nextPayDateFlag\": \"<string>\",\n    \"disabledDate\": \"<string>\",\n    \"intervalParam4\": \"<string>\",\n    \"convFeeAmount\": \"<decimal>\",\n    \"reference\": \"<string>\",\n    \"isDisabled\": \"<boolean>\",\n    \"scheduleType\": \"<integer>\",\n    \"paymentCount\": \"<integer>\",\n    \"failedCount\": \"<integer>\",\n    \"amountPaid\": \"<decimal>\",\n    \"targetAmount\": \"<decimal>\",\n    \"disabledReason\": \"<string>\",\n    \"payeeID\": \"<string>\",\n    \"chargeDDACode\": \"<string>\",\n    \"alterAutoPayDDACode\": \"<string>\",\n    \"authMedium\": \"<string>\"\n  },\n  \"userID\": \"<string>\",\n  \"interactionID\": \"<string>\",\n  \"recurringID\": \"<string>\"\n}","options":{"raw":{"language":"json"}}}},"response":[{"id":"95d94a78-77a0-40b4-944c-a2fcbf7cde64","name":"Recurring Payment Schedule Response","originalRequest":{"url":{"path":["recurringPaymentCRD"],"host":["{{baseUrl}}"],"query":[],"variable":[]},"header":[{"key":"Accept","value":"application/json"}],"method":"POST","body":{"mode":"raw","raw":"{\n  \"header\": {\n    \"applicationID\": \"1451\",\n    \"securityKey\": \"hljkhk#@lkj\",\n    \"paymentChannel\": \"Web\",\n    \"sourceIP\": \"\"\n  },\n  \"userID\": \"TestuserID\",\n  \"interactionID\": \"\",\n  \"action\": \"Create\",\n  \"recurringPaymentInfo\": {\n    \"recurringPaymentID\": \"\",\n    \"registrationID\": \"3047418\",\n    \"beginDate\": \"04/01/2023\",\n    \"endDate\": \"04/22/2026\",\n    \"nextPayDate\": \"\",\n    \"nextPayDateFlag\": \"\",\n    \"disabledDate\": \"\",\n    \"createdDate\": \"\",\n    \"recurringIntervalType\": \"Daily\",\n    \"intervalParam1\": \"\",\n    \"intervalParam2\": \"\",\n    \"intervalParam3\": \"\",\n    \"intervalParam4\": \"\",\n    \"paymentAmount\": 50.01,\n    \"convFeeAmount\": 0,\n    \"reference\": \"1234567890123 03/27/2023\",\n    \"isDisabled\": false,\n    \"scheduleType\": 1,\n    \"paymentCount\": 0,\n    \"failedCount\": 0,\n    \"amountPaid\": 0,\n    \"targetAmount\": 0,\n    \"disabledReason\": \"\"\n  },\n  \"recurringID\": \"\"\n}","options":{"raw":{"language":"json"}}}},"status":"OK","code":200,"header":[{"key":"Content-Type","value":"application/json"}],"body":"{\n  \"returnCode\": \"Success\",\n  \"timeoutLimit\": 180,\n  \"recurringID\": \"401550\"\n}","cookie":[],"_postman_previewlanguage":"json"}],"event":[],"protocolProfileBehavior":{"disableBodyPruning":true}},{"id":"21a6288a-5c0f-4164-892e-6c0a7d95e37f","name":"Recurring Payment Inquiry","request":{"name":"Recurring Payment Inquiry","description":{},"url":{"path":["recurringPaymentInquiry"],"host":["{{baseUrl}}"],"query":[],"variable":[]},"header":[{"key":"Content-Type","value":"application/json"},{"key":"Accept","value":"application/json"}],"method":"POST","auth":null,"body":{"mode":"raw","raw":"{\n  \"header\": {\n    \"applicationID\": \"<string>\",\n    \"paymentChannel\": \"Unknown\",\n    \"securityKey\": \"<string>\",\n    \"sourceIP\": \"<string>\"\n  },\n  \"recurringID\": \"<string>\",\n  \"userID\": \"<string>\",\n  \"interactionID\": \"<string>\"\n}","options":{"raw":{"language":"json"}}}},"response":[{"id":"5067cb1f-4d30-4a6d-a125-ae24846334ef","name":"Recurring Payment Inquiry Response","originalRequest":{"url":{"path":["recurringPaymentInquiry"],"host":["{{baseUrl}}"],"query":[],"variable":[]},"header":[{"key":"Accept","value":"application/json"}],"method":"POST","body":{"mode":"raw","raw":"{\n  \"header\": {\n    \"applicationID\": \"string\",\n    \"paymentChannel\": \"Unknown\",\n    \"securityKey\": \"string\",\n    \"sourceIP\": \"<string>\"\n  },\n  \"recurringID\": \"<string>\",\n  \"userID\": \"<string>\",\n  \"interactionID\": \"<string>\"\n}","options":{"raw":{"language":"json"}}}},"status":"OK","code":200,"header":[{"key":"Content-Type","value":"application/json"}],"body":"{\n  \"returnCode\": \"Unknown\",\n  \"resultMessage\": \"esse non dolor proident\",\n  \"timeoutLimit\": 48387447,\n  \"recurringPaymentInfo\": {\n    \"beginDate\": \"string\",\n    \"createdDate\": \"string\",\n    \"endDate\": \"string\",\n    \"intervalParam1\": \"string\",\n    \"intervalParam2\": \"string\",\n    \"intervalParam3\": \"string\",\n    \"paymentAmount\": 0,\n    \"recurringIntervalType\": \"Unknown\",\n    \"registrationID\": \"string\",\n    \"recurringPaymentID\": \"<string>\",\n    \"nextPayDate\": \"<string>\",\n    \"nextPayDateFlag\": \"<string>\",\n    \"disabledDate\": \"<string>\",\n    \"intervalParam4\": \"<string>\",\n    \"convFeeAmount\": \"<decimal>\",\n    \"reference\": \"<string>\",\n    \"isDisabled\": \"<boolean>\",\n    \"scheduleType\": 0,\n    \"paymentCount\": 0,\n    \"failedCount\": 0,\n    \"amountPaid\": \"<decimal>\",\n    \"targetAmount\": \"<decimal>\",\n    \"disabledReason\": \"<string>\",\n    \"payeeID\": \"<string>\",\n    \"chargeDDACode\": \"<string>\",\n    \"alterAutoPayDDACode\": \"<string>\",\n    \"authMedium\": \"Unknown\"\n  }\n}","cookie":[],"_postman_previewlanguage":"json"}],"event":[],"protocolProfileBehavior":{"disableBodyPruning":true}},{"id":"70592618-c2cb-4908-ad80-ec4987df9c4f","name":"Retrieve Schedules","request":{"name":"Retrieve Schedules","description":{},"url":{"path":["retrieveSchedules"],"host":["{{baseUrl}}"],"query":[],"variable":[]},"header":[{"key":"Content-Type","value":"application/json"},{"key":"Accept","value":"application/json"}],"method":"POST","auth":null,"body":{"mode":"raw","raw":"{\n  \"header\": {\n    \"applicationID\": \"<string>\",\n    \"paymentChannel\": \"Unknown\",\n    \"securityKey\": \"<string>\",\n    \"sourceIP\": \"<string>\"\n  },\n  \"keyID\": \"<string>\",\n  \"keyType\": \"Unknown\",\n  \"recurringID\": \"<string>\",\n  \"securityKey\": \"<string>\",\n  \"userID\": \"<string>\",\n  \"interactionID\": \"<string>\",\n  \"registrationID\": \"<string>\",\n  \"registrationLookup\": \"<string>\",\n  \"payeeID\": \"<string>\"\n}","options":{"raw":{"language":"json"}}}},"response":[{"id":"90fe12f4-5c00-4982-a505-8d1d93237b14","name":"Retrieve schedule Response","originalRequest":{"url":{"path":["retrieveSchedules"],"host":["{{baseUrl}}"],"query":[],"variable":[]},"header":[{"key":"Accept","value":"application/json"}],"method":"POST","body":{"mode":"raw","raw":"{\n  \"header\": {\n    \"applicationID\": \"1451\",\n    \"securityKey\": \"hljkhk#@lkj\",\n    \"paymentChannel\": \"Web\",\n    \"sourceIP\": \"\"\n  },\n  \"userID\": \"\",\n  \"interactionID\": \"\",\n  \"keyType\": \"Site\",\n  \"keyID\": \"424\",\n  \"securityKey\": \"Jk2gsolc!\",\n  \"recurringID\": \"194337\",\n  \"registrationID\": \"\",\n  \"registrationLookup\": \"\"\n}","options":{"raw":{"language":"json"}}}},"status":"OK","code":200,"header":[{"key":"Content-Type","value":"application/json"}],"body":"{\n  \"returnCode\": \"Success\",\n  \"timeoutLimit\": 180,\n  \"maxResultsLimit\": 500,\n  \"scheduleCount\": 1,\n  \"resultsExceededLimit\": false,\n  \"schedules\": [\n    {\n      \"appID\": \"451\",\n      \"recurringPaymentID\": \"194337\",\n      \"registrationID\": \"3047418\",\n      \"beginDate\": \"07/10/2022\",\n      \"endDate\": \"08/22/2026\",\n      \"nextPayDate\": \"05/22/2023\",\n      \"createdDate\": \"7/9/2021 8:53:57 AM\",\n      \"recurringIntervalType\": \"Monthly\",\n      \"intervalParam1\": \"Days\",\n      \"intervalParam2\": \"22\",\n      \"paymentAmount\": 50.01,\n      \"convFeeAmount\": 0,\n      \"reference\": \"1111111111111111 06/09/2021\",\n      \"scheduleType\": 1,\n      \"isDisabled\": false\n    }\n  ]\n}","cookie":[],"_postman_previewlanguage":"json"}],"event":[],"protocolProfileBehavior":{"disableBodyPruning":true}},{"id":"c46b02cc-672b-4d30-adf0-5eab0980dd06","name":"Registration Lookup FS","request":{"name":"Registration Lookup FS","description":{},"url":{"path":["registrationLookupFS"],"host":["{{baseUrl}}"],"query":[],"variable":[]},"header":[{"key":"Content-Type","value":"application/json"},{"key":"Accept","value":"application/json"}],"method":"POST","auth":null,"body":{"mode":"raw","raw":"{\n  \"header\": {\n    \"applicationID\": \"<string>\",\n    \"paymentChannel\": \"Unknown\",\n    \"securityKey\": \"<string>\",\n    \"sourceIP\": \"<string>\"\n  },\n  \"keyID\": \"<string>\",\n  \"keyType\": \"Unknown\",\n  \"registrationID\": \"<string>\",\n  \"registrationLookup\": \"<string>\",\n  \"securityKey\": \"<string>\",\n  \"userID\": \"<string>\",\n  \"interactionID\": \"<string>\"\n}","options":{"raw":{"language":"json"}}}},"response":[{"id":"2129d602-fe32-47bc-9506-dae52d1b423a","name":"Registration Lookup FS Response","originalRequest":{"url":{"path":["registrationLookupFS"],"host":["{{baseUrl}}"],"query":[],"variable":[]},"header":[{"key":"Accept","value":"application/json"}],"method":"POST","body":{"mode":"raw","raw":"{\n  \"header\": {\n    \"applicationID\": \"1451\",\n    \"securityKey\": \"hljkhk#@lkj\",\n    \"paymentChannel\": \"Web\",\n    \"sourceIP\": \"\"\n  },\n  \"userID\": \"TestuserID\",\n  \"interactionID\": \"\",\n  \"keyType\": \"Site\",\n  \"keyID\": \"424\",\n  \"securityKey\": \"Jk2gsolc\",\n  \"registrationID\": \"3047418\",\n  \"registrationLookup\": \"\"\n}","options":{"raw":{"language":"json"}}}},"status":"OK","code":200,"header":[{"key":"Content-Type","value":"application/json"}],"body":"{\n  \"returnCode\": \"Success\",\n  \"resultMessage\": \"\",\n  \"timeoutLimit\": 180,\n  \"maxResultsLimit\": 500,\n  \"registrationCount\": 1,\n  \"resultsExceededLimit\": false,\n  \"registrations\": [\n    {\n      \"registrationID\": \"3047418\",\n      \"registrationFlags\": \"\",\n      \"createdDate\": \"7/8/2021 4:30:21 PM\",\n      \"lastActive\": \"2/28/2023 6:01:44 AM\",\n      \"paymentMedium\": \"eCheck\",\n      \"nameFirst\": \"\",\n      \"nameLast\": \"\",\n      \"nameFull\": \"John Doe\",\n      \"accountType\": \"Checking\",\n      \"bankAccount\": \"2345\",\n      \"bankRouting\": \"304083396\",\n      \"cardNumber\": \"\",\n      \"expDate\": \"\",\n      \"cardType\": \"\"\n    }\n  ]\n}","cookie":[],"_postman_previewlanguage":"json"}],"event":[],"protocolProfileBehavior":{"disableBodyPruning":true}},{"id":"52344f14-d7e6-4c0d-843d-ddb488b88ca8","name":"Payment Status","request":{"name":"Payment Status","description":{},"url":{"path":["paymentStatus"],"host":["{{baseUrl}}"],"query":[],"variable":[]},"header":[{"key":"Content-Type","value":"application/json"},{"key":"Accept","value":"application/json"}],"method":"POST","auth":null,"body":{"mode":"raw","raw":"{\n  \"header\": {\n    \"applicationID\": \"<string>\",\n    \"paymentChannel\": \"Unknown\",\n    \"securityKey\": \"<string>\",\n    \"sourceIP\": \"<string>\"\n  },\n  \"userID\": \"<string>\",\n  \"interactionID\": \"<string>\",\n  \"confirmationNumber\": \"<string>\",\n  \"reference\": \"<string>\"\n}","options":{"raw":{"language":"json"}}}},"response":[{"id":"e1df8761-4686-4e76-b959-175fb5184182","name":"Retrieve the payment status Response","originalRequest":{"url":{"path":["paymentStatus"],"host":["{{baseUrl}}"],"query":[],"variable":[]},"header":[{"key":"Accept","value":"application/json"}],"method":"POST","body":{"mode":"raw","raw":"{\n  \"header\": {\n    \"applicationID\": \"string\",\n    \"paymentChannel\": \"Unknown\",\n    \"securityKey\": \"string\",\n    \"sourceIP\": \"<string>\"\n  },\n  \"userID\": \"<string>\",\n  \"interactionID\": \"<string>\",\n  \"confirmationNumber\": \"<string>\",\n  \"reference\": \"<string>\"\n}","options":{"raw":{"language":"json"}}}},"status":"OK","code":200,"header":[{"key":"Content-Type","value":"application/json"}],"body":"{\n  \"returnCode\": \"Unknown\",\n  \"resultMessage\": \"aliqua cillum dolore laboris\",\n  \"timeoutLimit\": -9142244,\n  \"paymentStatus\": \"Chargeback\",\n  \"confirmationNumber\": \"Excepteur\",\n  \"netAmount\": 86546609.25745475,\n  \"grossAmount\": -37356291.72220873,\n  \"paymentTimestamp\": \"velit laboris sed anim\",\n  \"paymentPostDate\": \"es\",\n  \"authorizationCode\": \"occaecat ipsum id cillum\",\n  \"customReference\": \"eu commodo Ut sunt\"\n}","cookie":[],"_postman_previewlanguage":"json"}],"event":[],"protocolProfileBehavior":{"disableBodyPruning":true}},{"id":"9a86f909-06c7-4a97-aa0e-e8a8afea98c5","name":"Retrieve Payments","request":{"name":"Retrieve Payments","description":{},"url":{"path":["retrievePayments"],"host":["{{baseUrl}}"],"query":[],"variable":[]},"header":[{"key":"Content-Type","value":"application/json"},{"key":"Accept","value":"application/json"}],"method":"POST","auth":null,"body":{"mode":"raw","raw":"{\n  \"dateRangeIsPostDate\": \"<boolean>\",\n  \"endDate\": \"<string>\",\n  \"header\": {\n    \"applicationID\": \"<string>\",\n    \"paymentChannel\": \"Unknown\",\n    \"securityKey\": \"<string>\",\n    \"sourceIP\": \"<string>\"\n  },\n  \"keyID\": \"<string>\",\n  \"keyType\": \"Unknown\",\n  \"securityKey\": \"<string>\",\n  \"startDate\": \"<string>\",\n  \"userID\": \"<string>\",\n  \"interactionID\": \"<string>\",\n  \"accountNumber\": \"<string>\",\n  \"confirmationNumber\": \"<string>\",\n  \"name\": \"<string>\",\n  \"payeeID\": \"<string>\",\n  \"customReference\": \"<string>\",\n  \"registrationID\": \"<string>\",\n  \"recurringPaymentID\": \"<string>\",\n  \"transactionID\": \"<string>\",\n  \"paymentID\": \"<string>\",\n  \"resultCodes\": [\n    {\n      \"ePayResultCode\": \"Unknown\"\n    },\n    {\n      \"ePayResultCode\": \"Unknown\"\n    }\n  ],\n  \"paymentUserID\": \"<string>\",\n  \"exceptionStatus\": \"Unknown\",\n  \"exceptionUserID\": \"<string>\",\n  \"registrationLookup\": \"<string>\",\n  \"paymentCommand\": \"Unknown\",\n  \"paymentTypes\": \"Unknown\",\n  \"paymentPortion\": \"Unknown\",\n  \"DatedPayments\": \"Unknown\"\n}","options":{"raw":{"language":"json"}}}},"response":[{"id":"699d7f03-181b-4905-8ce1-3aa2f3118b69","name":"Retrieve Payments Response","originalRequest":{"url":{"path":["retrievePayments"],"host":["{{baseUrl}}"],"query":[],"variable":[]},"header":[{"key":"Accept","value":"application/json"}],"method":"POST","body":{"mode":"raw","raw":"{\n  \"header\": {\n    \"applicationID\": \"1451\",\n    \"securityKey\": \"hljkhk#@lkj\",\n    \"paymentChannel\": \"Web\",\n    \"sourceIP\": \"\"\n  },\n  \"userID\": \"TestuserID\",\n  \"interactionID\": \"\",\n  \"keyType\": \"Site\",\n  \"keyID\": \"424\",\n  \"securityKey\": \"Jk2gsolc\",\n  \"startDate\": \"02/09/2023\",\n  \"endDate\": \"04/13/2023\",\n  \"dateRangeIsPostDate\": true,\n  \"payeeID\": \"accountnumber123\",\n  \"exceptionStatus\": \"Unknown\",\n  \"resultCodes\": [\n    {\n      \"ePayResultCode\": \"Payment_Pending\"\n    },\n    {\n      \"ePayResultCode\": \"Payment_Success\"\n    },\n    {\n      \"ePayResultCode\": \"Settlement_Pending\"\n    }\n  ]\n}","options":{"raw":{"language":"json"}}}},"status":"OK","code":200,"header":[{"key":"Content-Type","value":"application/json"}],"body":"{\n  \"returnCode\": \"Success\",\n  \"timeoutLimit\": 180,\n  \"payments\": [\n    {\n      \"transactionID\": \"15692918\",\n      \"paymentID\": \"17026209\",\n      \"appID\": \"451\",\n      \"transactionResultCode\": \"Payment_Pending\",\n      \"paymentResultCode\": \"Payment_Pending\",\n      \"paymentTimestamp\": \"03/27/2023 11:11:08 AM\",\n      \"paymentAmount\": 2,\n      \"originalTransactionAmount\": 2,\n      \"netTransactionAmount\": 0,\n      \"customReference\": \"accountnumber\",\n      \"payeeID\": \"r123\",\n      \"registrationID\": \"4235931\",\n      \"fullName\": \"John Doe\",\n      \"firstName\": \"John\",\n      \"lastName\": \"Doe\",\n      \"accountNumber\": \"2345\",\n      \"paymentMedium\": \"eCheck\",\n      \"eftAccountType\": \"Checking\",\n      \"cardType\": \"Unknown\",\n      \"paymentChannel\": \"Web\",\n      \"lastPaymentStatus\": \"Sale_Prep\",\n      \"userID\": \"clientUserID\",\n      \"paymentPostDate\": \"04/10/2023\",\n      \"confirmationNumber\": \"23032719056826\",\n      \"routingNumber\": \"304083396\"\n    }\n  ],\n  \"paymentCount\": 1,\n  \"resultsExceededLimit\": false,\n  \"maxResultsLimit\": 500\n}","cookie":[],"_postman_previewlanguage":"json"}],"event":[],"protocolProfileBehavior":{"disableBodyPruning":true}},{"id":"9a7b7850-d936-4cea-942a-e1f8b60a4c96","name":"Retrieve PaymentsEx","request":{"name":"Retrieve PaymentsEx","description":{},"url":{"path":["retrievePaymentsEx"],"host":["{{baseUrl}}"],"query":[],"variable":[]},"header":[{"key":"Content-Type","value":"application/json"},{"key":"Accept","value":"application/json"}],"method":"POST","auth":null,"body":{"mode":"raw","raw":"{\n  \"dateRangeIsPostDate\": \"<boolean>\",\n  \"endDate\": \"<string>\",\n  \"header\": {\n    \"applicationID\": \"<string>\",\n    \"paymentChannel\": \"Unknown\",\n    \"securityKey\": \"<string>\",\n    \"sourceIP\": \"<string>\"\n  },\n  \"keyID\": \"<string>\",\n  \"keyType\": \"Unknown\",\n  \"securityKey\": \"<string>\",\n  \"startDate\": \"<string>\",\n  \"userID\": \"<string>\",\n  \"interactionID\": \"<string>\",\n  \"accountNumber\": \"<string>\",\n  \"confirmationNumber\": \"<string>\",\n  \"name\": \"<string>\",\n  \"payeeID\": \"<string>\",\n  \"customReference\": \"<string>\",\n  \"registrationID\": \"<string>\",\n  \"recurringPaymentID\": \"<string>\",\n  \"transactionID\": \"<string>\",\n  \"paymentID\": \"<string>\",\n  \"resultCodes\": [\n    {\n      \"ePayResultCode\": \"Unknown\"\n    },\n    {\n      \"ePayResultCode\": \"Unknown\"\n    }\n  ],\n  \"paymentUserID\": \"<string>\",\n  \"exceptionStatus\": \"Unknown\",\n  \"exceptionUserID\": \"<string>\",\n  \"registrationLookup\": \"<string>\",\n  \"paymentCommand\": \"Unknown\",\n  \"paymentTypes\": \"Unknown\",\n  \"paymentPortion\": \"Unknown\",\n  \"DatedPayments\": \"Unknown\"\n}","options":{"raw":{"language":"json"}}}},"response":[{"id":"4ca7a741-0268-448f-8584-07715abcdda2","name":"Retrieve PaymentsEx Response","originalRequest":{"url":{"path":["retrievePaymentsEx"],"host":["{{baseUrl}}"],"query":[],"variable":[]},"header":[{"key":"Accept","value":"application/json"}],"method":"POST","body":{"mode":"raw","raw":"{\n  \"header\": {\n    \"applicationID\": \"1451\",\n    \"securityKey\": \"hljkhk#@lkj\",\n    \"paymentChannel\": \"Web\",\n    \"sourceIP\": \"\"\n  },\n  \"userID\": \"TestuserID\",\n  \"interactionID\": \"\",\n  \"keyType\": \"Site\",\n  \"keyID\": \"424\",\n  \"securityKey\": \"Jk2gsolc\",\n  \"startDate\": \"02/09/2023\",\n  \"endDate\": \"04/13/2023\",\n  \"dateRangeIsPostDate\": true,\n  \"payeeID\": \"accountnumber123\",\n  \"exceptionStatus\": \"Unknown\",\n  \"resultCodes\": [\n    {\n      \"ePayResultCode\": \"Payment_Pending\"\n    },\n    {\n      \"ePayResultCode\": \"Payment_Success\"\n    },\n    {\n      \"ePayResultCode\": \"Settlement_Pending\"\n    }\n  ]\n}","options":{"raw":{"language":"json"}}}},"status":"OK","code":200,"header":[{"key":"Content-Type","value":"application/json"}],"body":"{\n  \"returnCode\": \"Success\",\n  \"timeoutLimit\": 180,\n  \"payments\": [\n    {\n      \"transactionID\": \"15692918\",\n      \"paymentID\": \"17026209\",\n      \"appID\": \"451\",\n      \"transactionResultCode\": \"Payment_Pending\",\n      \"paymentResultCode\": \"Payment_Pending\",\n      \"paymentTimestamp\": \"03/27/2023 11:11:08 AM\",\n      \"paymentAmount\": 2,\n      \"originalTransactionAmount\": 2,\n      \"netTransactionAmount\": 0,\n      \"customReference\": \"accountnumber\",\n      \"payeeID\": \"r123\",\n      \"registrationID\": \"4235931\",\n      \"fullName\": \"John Doe\",\n      \"firstName\": \"John\",\n      \"lastName\": \"Doe\",\n      \"accountNumber\": \"2345\",\n      \"paymentMedium\": \"eCheck\",\n      \"eftAccountType\": \"Checking\",\n      \"cardType\": \"Unknown\",\n      \"paymentChannel\": \"Web\",\n      \"lastPaymentStatus\": \"Sale_Prep\",\n      \"userID\": \"clientUserID\",\n      \"paymentPostDate\": \"04/10/2023\",\n      \"confirmationNumber\": \"23032719056826\",\n      \"routingNumber\": \"304083396\",\n      \"paymentCommand\": \"SALE\",\n      \"paymentCode\": \"Primary\"\n    }\n  ],\n  \"paymentCount\": 1,\n  \"resultsExceededLimit\": false,\n  \"maxResultsLimit\": 500\n}","cookie":[],"_postman_previewlanguage":"json"}],"event":[],"protocolProfileBehavior":{"disableBodyPruning":true}},{"id":"ecffc08d-4568-4ea1-a2cd-914c92353e5f","name":"Retrieve PaymentsFS","request":{"name":"Retrieve PaymentsFS","description":{},"url":{"path":["retrievePaymentsFS"],"host":["{{baseUrl}}"],"query":[],"variable":[]},"header":[{"key":"Content-Type","value":"application/json"},{"key":"Accept","value":"application/json"}],"method":"POST","auth":null,"body":{"mode":"raw","raw":"{\n  \"dateRangeIsPostDate\": \"<boolean>\",\n  \"endDate\": \"<string>\",\n  \"header\": {\n    \"applicationID\": \"<string>\",\n    \"paymentChannel\": \"Unknown\",\n    \"securityKey\": \"<string>\",\n    \"sourceIP\": \"<string>\"\n  },\n  \"keyID\": \"<string>\",\n  \"keyType\": \"Unknown\",\n  \"securityKey\": \"<string>\",\n  \"startDate\": \"<string>\",\n  \"userID\": \"<string>\",\n  \"interactionID\": \"<string>\",\n  \"registrationID\": \"<string>\",\n  \"registrationLookup\": \"<string>\",\n  \"paymentCommand\": \"Unknown\",\n  \"paymentTypes\": \"Unknown\",\n  \"paymentPortion\": \"Unknown\",\n  \"DatedPayments\": \"Unknown\"\n}","options":{"raw":{"language":"json"}}}},"response":[{"id":"3159e31f-3f0a-423e-b72d-2d2710f00ea2","name":"Retrieve PaymentsFS Response","originalRequest":{"url":{"path":["retrievePaymentsFS"],"host":["{{baseUrl}}"],"query":[],"variable":[]},"header":[{"key":"Accept","value":"application/json"}],"method":"POST","body":{"mode":"raw","raw":"{\n  \"header\": {\n    \"applicationID\": \"1451\",\n    \"securityKey\": \"hljkhk#@lkj\",\n    \"paymentChannel\": \"Web\",\n    \"sourceIP\": \"\"\n  },\n  \"userID\": \"TestuserID\",\n  \"interactionID\": \"\",\n  \"keyType\": \"Site\",\n  \"keyID\": \"424\",\n  \"securityKey\": \"Jk2gsolc\",\n  \"startDate\": \"02/09/2023\",\n  \"endDate\": \"04/13/2023\",\n  \"dateRangeIsPostDate\": true,\n  \"payeeID\": \"accountnumber123\",\n  \"registrationID\": \"4235931\"\n}","options":{"raw":{"language":"json"}}}},"status":"OK","code":200,"header":[{"key":"Content-Type","value":"application/json"}],"body":"{\n  \"returnCode\": \"Success\",\n  \"timeoutLimit\": 180,\n  \"payments\": [\n    {\n      \"transactionID\": \"15692918\",\n      \"paymentID\": \"17026209\",\n      \"appID\": \"451\",\n      \"confirmationNumber\": \"23032719056826\",\n      \"transactionResultCode\": \"Settlement_Pending\",\n      \"paymentTimestamp\": \"03/27/2023 11:11:08 AM\",\n      \"paymentPostDate\": \"04/10/2023\",\n      \"paymentAmount\": 2,\n      \"originalTransactionAmount\": 2,\n      \"netTransactionAmount\": 2,\n      \"customReference\": \"accountnumber\",\n      \"payeeID\": \"r123\",\n      \"registrationID\": \"4235931\",\n      \"fullName\": \"TestnameFull\",\n      \"firstName\": \"TestnameFirstUpdate\",\n      \"lastName\": \"TestnameLastUpdate\",\n      \"accountNumber\": \"2345\",\n      \"routingNumber\": \"304083396\",\n      \"paymentMedium\": \"eCheck\",\n      \"eftAccountType\": \"Checking\",\n      \"cardType\": \"Unknown\",\n      \"paymentChannel\": \"Web\",\n      \"userID\": \"arno\",\n      \"paymentCommand\": \"SALE\",\n      \"paymentCode\": \"Primary\"\n    }\n  ],\n  \"paymentCount\": 1,\n  \"resultsExceededLimit\": false,\n  \"maxResultsLimit\": 500\n}","cookie":[],"_postman_previewlanguage":"json"}],"event":[],"protocolProfileBehavior":{"disableBodyPruning":true}},{"id":"c78e06a8-aa0d-4ef0-936f-bd026ec23e32","name":"Registration Inquiry","request":{"name":"Registration Inquiry","description":{},"url":{"path":["registrationInquiry"],"host":["{{baseUrl}}"],"query":[],"variable":[]},"header":[{"key":"Content-Type","value":"application/json"},{"key":"Accept","value":"application/json"}],"method":"POST","auth":null,"body":{"mode":"raw","raw":"{\n  \"header\": {\n    \"applicationID\": \"<string>\",\n    \"paymentChannel\": \"Unknown\",\n    \"securityKey\": \"<string>\",\n    \"sourceIP\": \"<string>\"\n  },\n  \"registrationID\": \"<string>\",\n  \"userID\": \"<string>\",\n  \"interactionID\": \"<string>\"\n}","options":{"raw":{"language":"json"}}}},"response":[{"id":"5521b617-2dbb-4867-9e42-ce37835f09cc","name":"Registration Inquiry Response","originalRequest":{"url":{"path":["registrationInquiry"],"host":["{{baseUrl}}"],"query":[],"variable":[]},"header":[{"key":"Accept","value":"application/json"}],"method":"POST","body":{"mode":"raw","raw":"{\n  \"header\": {\n    \"applicationID\": \"string\",\n    \"paymentChannel\": \"Unknown\",\n    \"securityKey\": \"string\",\n    \"sourceIP\": \"<string>\"\n  },\n  \"registrationID\": \"string\",\n  \"userID\": \"<string>\",\n  \"interactionID\": \"<string>\"\n}","options":{"raw":{"language":"json"}}}},"status":"OK","code":200,"header":[{"key":"Content-Type","value":"application/json"}],"body":"{\n  \"returnCode\": \"Unknown\",\n  \"resultMessage\": \"dolore ad cillum\",\n  \"timeoutLimit\": 51753982,\n  \"paymentInfo\": {\n    \"paymentMedium\": \"Unknown\",\n    \"paymentInfoEFT\": {\n      \"accountType\": \"Unknown\",\n      \"authorizationMedium\": \"Unknown\",\n      \"bankAccountNumber\": \"<string>\",\n      \"bankRoutingNumber\": \"<string>\",\n      \"bankState\": \"<string>\",\n      \"bankName\": \"<string>\",\n      \"driversLicenseNumber\": \"<string>\",\n      \"driversLicenseState\": \"<string>\",\n      \"ssn\": \"<string>\",\n      \"businessName\": \"<string>\",\n      \"federalTaxID\": \"<string>\",\n      \"userIPAddress\": \"<string>\",\n      \"preNoteStatus\": \"Unknown\",\n      \"recurringIndicator\": \"S\",\n      \"addressShipping\": {\n        \"nameFirst\": \"<string>\",\n        \"nameLast\": \"<string>\",\n        \"nameMiddle\": \"<string>\",\n        \"nameFull\": \"<string>\",\n        \"phone1\": \"<string>\",\n        \"phone2\": \"<string>\",\n        \"email\": \"<string>\",\n        \"street1\": \"<string>\",\n        \"street2\": \"<string>\",\n        \"city\": \"<string>\",\n        \"state\": \"<string>\",\n        \"zip\": \"<string>\",\n        \"country\": \"<string>\"\n      },\n      \"addressBilling\": {\n        \"nameFirst\": \"<string>\",\n        \"nameLast\": \"<string>\",\n        \"nameMiddle\": \"<string>\",\n        \"nameFull\": \"<string>\",\n        \"phone1\": \"<string>\",\n        \"phone2\": \"<string>\",\n        \"email\": \"<string>\",\n        \"street1\": \"<string>\",\n        \"street2\": \"<string>\",\n        \"city\": \"<string>\",\n        \"state\": \"<string>\",\n        \"zip\": \"<string>\",\n        \"country\": \"<string>\"\n      }\n    },\n    \"paymentInfoCC\": {\n      \"cardNumber\": \"<string>\",\n      \"expirationDate\": \"<string>\",\n      \"expirationMonth\": \"<string>\",\n      \"expirationYear\": \"<string>\",\n      \"pinData\": \"<string>\",\n      \"pinKeySerialNumber\": \"<string>\",\n      \"purchaseID\": \"<string>\",\n      \"trackData\": \"<string>\",\n      \"cvv2\": \"<string>\",\n      \"userIPAddress\": \"<string>\",\n      \"billingAddress\": {\n        \"nameFirst\": \"<string>\",\n        \"nameLast\": \"<string>\",\n        \"nameMiddle\": \"<string>\",\n        \"nameFull\": \"<string>\",\n        \"phone1\": \"<string>\",\n        \"phone2\": \"<string>\",\n        \"email\": \"<string>\",\n        \"street1\": \"<string>\",\n        \"street2\": \"<string>\",\n        \"city\": \"<string>\",\n        \"state\": \"<string>\",\n        \"zip\": \"<string>\",\n        \"country\": \"<string>\"\n      },\n      \"shippingAddress\": {\n        \"nameFirst\": \"<string>\",\n        \"nameLast\": \"<string>\",\n        \"nameMiddle\": \"<string>\",\n        \"nameFull\": \"<string>\",\n        \"phone1\": \"<string>\",\n        \"phone2\": \"<string>\",\n        \"email\": \"<string>\",\n        \"street1\": \"<string>\",\n        \"street2\": \"<string>\",\n        \"city\": \"<string>\",\n        \"state\": \"<string>\",\n        \"zip\": \"<string>\",\n        \"country\": \"<string>\"\n      },\n      \"cardType\": \"Unknown\",\n      \"cardStatusFlag\": \"Unknown\",\n      \"eCommerceGoodsFlag\": \"<boolean>\",\n      \"installment\": \"<boolean>\",\n      \"installmentSequence\": \"<integer>\",\n      \"installmentCount\": \"<integer>\"\n    }\n  }\n}","cookie":[],"_postman_previewlanguage":"json"}],"event":[],"protocolProfileBehavior":{"disableBodyPruning":true}},{"id":"69267def-64d4-4e4b-9d7e-89cf92048fe0","name":"Registration Lookup.","request":{"name":"Registration Lookup.","description":{},"url":{"path":["registrationLookup"],"host":["{{baseUrl}}"],"query":[],"variable":[]},"header":[{"key":"Content-Type","value":"application/json"},{"key":"Accept","value":"application/json"}],"method":"POST","auth":null,"body":{"mode":"raw","raw":"{\n  \"header\": {\n    \"applicationID\": \"<string>\",\n    \"paymentChannel\": \"Unknown\",\n    \"securityKey\": \"<string>\",\n    \"sourceIP\": \"<string>\"\n  },\n  \"lookupReference\": \"<string>\",\n  \"userID\": \"<string>\",\n  \"interactionID\": \"<string>\"\n}","options":{"raw":{"language":"json"}}}},"response":[{"id":"02e63284-46be-411d-bba4-820413f415f4","name":"Registration Lookup Response","originalRequest":{"url":{"path":["registrationLookup"],"host":["{{baseUrl}}"],"query":[],"variable":[]},"header":[{"key":"Accept","value":"application/json"}],"method":"POST","body":{"mode":"raw","raw":"{\n  \"header\": {\n    \"applicationID\": \"string\",\n    \"paymentChannel\": \"Unknown\",\n    \"securityKey\": \"string\",\n    \"sourceIP\": \"<string>\"\n  },\n  \"lookupReference\": \"string\",\n  \"userID\": \"<string>\",\n  \"interactionID\": \"<string>\"\n}","options":{"raw":{"language":"json"}}}},"status":"OK","code":200,"header":[{"key":"Content-Type","value":"application/json"}],"body":"{\n  \"returnCode\": \"Unknown\",\n  \"resultMessage\": \"i\",\n  \"timeoutLimit\": 0,\n  \"registrations\": [\n    {\n      \"paymentInfo\": {\n        \"paymentMedium\": \"Unknown\",\n        \"paymentInfoEFT\": {\n          \"accountType\": \"Unknown\",\n          \"authorizationMedium\": \"Unknown\",\n          \"bankAccountNumber\": \"<string>\",\n          \"bankRoutingNumber\": \"<string>\",\n          \"bankState\": \"<string>\",\n          \"bankName\": \"<string>\",\n          \"driversLicenseNumber\": \"<string>\",\n          \"driversLicenseState\": \"<string>\",\n          \"ssn\": \"<string>\",\n          \"businessName\": \"<string>\",\n          \"federalTaxID\": \"<string>\",\n          \"userIPAddress\": \"<string>\",\n          \"preNoteStatus\": \"Unknown\",\n          \"recurringIndicator\": \"S\",\n          \"addressShipping\": {\n            \"nameFirst\": {\n              \"value\": \"<Error: Too many levels of nesting to fake this schema>\"\n            },\n            \"nameLast\": {\n              \"value\": \"<Error: Too many levels of nesting to fake this schema>\"\n            },\n            \"nameMiddle\": {\n              \"value\": \"<Error: Too many levels of nesting to fake this schema>\"\n            },\n            \"nameFull\": {\n              \"value\": \"<Error: Too many levels of nesting to fake this schema>\"\n            },\n            \"phone1\": {\n              \"value\": \"<Error: Too many levels of nesting to fake this schema>\"\n            },\n            \"phone2\": {\n              \"value\": \"<Error: Too many levels of nesting to fake this schema>\"\n            },\n            \"email\": {\n              \"value\": \"<Error: Too many levels of nesting to fake this schema>\"\n            },\n            \"street1\": {\n              \"value\": \"<Error: Too many levels of nesting to fake this schema>\"\n            },\n            \"street2\": {\n              \"value\": \"<Error: Too many levels of nesting to fake this schema>\"\n            },\n            \"city\": {\n              \"value\": \"<Error: Too many levels of nesting to fake this schema>\"\n            },\n            \"state\": {\n              \"value\": \"<Error: Too many levels of nesting to fake this schema>\"\n            },\n            \"zip\": {\n              \"value\": \"<Error: Too many levels of nesting to fake this schema>\"\n            },\n            \"country\": {\n              \"value\": \"<Error: Too many levels of nesting to fake this schema>\"\n            }\n          },\n          \"addressBilling\": {\n            \"nameFirst\": {\n              \"value\": \"<Error: Too many levels of nesting to fake this schema>\"\n            },\n            \"nameLast\": {\n              \"value\": \"<Error: Too many levels of nesting to fake this schema>\"\n            },\n            \"nameMiddle\": {\n              \"value\": \"<Error: Too many levels of nesting to fake this schema>\"\n            },\n            \"nameFull\": {\n              \"value\": \"<Error: Too many levels of nesting to fake this schema>\"\n            },\n            \"phone1\": {\n              \"value\": \"<Error: Too many levels of nesting to fake this schema>\"\n            },\n            \"phone2\": {\n              \"value\": \"<Error: Too many levels of nesting to fake this schema>\"\n            },\n            \"email\": {\n              \"value\": \"<Error: Too many levels of nesting to fake this schema>\"\n            },\n            \"street1\": {\n              \"value\": \"<Error: Too many levels of nesting to fake this schema>\"\n            },\n            \"street2\": {\n              \"value\": \"<Error: Too many levels of nesting to fake this schema>\"\n            },\n            \"city\": {\n              \"value\": \"<Error: Too many levels of nesting to fake this schema>\"\n            },\n            \"state\": {\n              \"value\": \"<Error: Too many levels of nesting to fake this schema>\"\n            },\n            \"zip\": {\n              \"value\": \"<Error: Too many levels of nesting to fake this schema>\"\n            },\n            \"country\": {\n              \"value\": \"<Error: Too many levels of nesting to fake this schema>\"\n            }\n          }\n        },\n        \"paymentInfoCC\": {\n          \"cardNumber\": \"<string>\",\n          \"expirationDate\": \"<string>\",\n          \"expirationMonth\": \"<string>\",\n          \"expirationYear\": \"<string>\",\n          \"pinData\": \"<string>\",\n          \"pinKeySerialNumber\": \"<string>\",\n          \"purchaseID\": \"<string>\",\n          \"trackData\": \"<string>\",\n          \"cvv2\": \"<string>\",\n          \"userIPAddress\": \"<string>\",\n          \"billingAddress\": {\n            \"nameFirst\": {\n              \"value\": \"<Error: Too many levels of nesting to fake this schema>\"\n            },\n            \"nameLast\": {\n              \"value\": \"<Error: Too many levels of nesting to fake this schema>\"\n            },\n            \"nameMiddle\": {\n              \"value\": \"<Error: Too many levels of nesting to fake this schema>\"\n            },\n            \"nameFull\": {\n              \"value\": \"<Error: Too many levels of nesting to fake this schema>\"\n            },\n            \"phone1\": {\n              \"value\": \"<Error: Too many levels of nesting to fake this schema>\"\n            },\n            \"phone2\": {\n              \"value\": \"<Error: Too many levels of nesting to fake this schema>\"\n            },\n            \"email\": {\n              \"value\": \"<Error: Too many levels of nesting to fake this schema>\"\n            },\n            \"street1\": {\n              \"value\": \"<Error: Too many levels of nesting to fake this schema>\"\n            },\n            \"street2\": {\n              \"value\": \"<Error: Too many levels of nesting to fake this schema>\"\n            },\n            \"city\": {\n              \"value\": \"<Error: Too many levels of nesting to fake this schema>\"\n            },\n            \"state\": {\n              \"value\": \"<Error: Too many levels of nesting to fake this schema>\"\n            },\n            \"zip\": {\n              \"value\": \"<Error: Too many levels of nesting to fake this schema>\"\n            },\n            \"country\": {\n              \"value\": \"<Error: Too many levels of nesting to fake this schema>\"\n            }\n          },\n          \"shippingAddress\": {\n            \"nameFirst\": {\n              \"value\": \"<Error: Too many levels of nesting to fake this schema>\"\n            },\n            \"nameLast\": {\n              \"value\": \"<Error: Too many levels of nesting to fake this schema>\"\n            },\n            \"nameMiddle\": {\n              \"value\": \"<Error: Too many levels of nesting to fake this schema>\"\n            },\n            \"nameFull\": {\n              \"value\": \"<Error: Too many levels of nesting to fake this schema>\"\n            },\n            \"phone1\": {\n              \"value\": \"<Error: Too many levels of nesting to fake this schema>\"\n            },\n            \"phone2\": {\n              \"value\": \"<Error: Too many levels of nesting to fake this schema>\"\n            },\n            \"email\": {\n              \"value\": \"<Error: Too many levels of nesting to fake this schema>\"\n            },\n            \"street1\": {\n              \"value\": \"<Error: Too many levels of nesting to fake this schema>\"\n            },\n            \"street2\": {\n              \"value\": \"<Error: Too many levels of nesting to fake this schema>\"\n            },\n            \"city\": {\n              \"value\": \"<Error: Too many levels of nesting to fake this schema>\"\n            },\n            \"state\": {\n              \"value\": \"<Error: Too many levels of nesting to fake this schema>\"\n            },\n            \"zip\": {\n              \"value\": \"<Error: Too many levels of nesting to fake this schema>\"\n            },\n            \"country\": {\n              \"value\": \"<Error: Too many levels of nesting to fake this schema>\"\n            }\n          },\n          \"cardType\": \"Unknown\",\n          \"cardStatusFlag\": \"Unknown\",\n          \"eCommerceGoodsFlag\": \"<boolean>\",\n          \"installment\": \"<boolean>\",\n          \"installmentSequence\": \"<integer>\",\n          \"installmentCount\": \"<integer>\"\n        }\n      },\n      \"registrationID\": \"Excepteur veniam laborum\",\n      \"lastUsed\": \"occaecat pariatur\",\n      \"createdDate\": \"sint aliquip in\",\n      \"registrationFlags\": \"None\"\n    },\n    {\n      \"paymentInfo\": {\n        \"paymentMedium\": \"Unknown\",\n        \"paymentInfoEFT\": {\n          \"accountType\": \"Unknown\",\n          \"authorizationMedium\": \"Unknown\",\n          \"bankAccountNumber\": \"<string>\",\n          \"bankRoutingNumber\": \"<string>\",\n          \"bankState\": \"<string>\",\n          \"bankName\": \"<string>\",\n          \"driversLicenseNumber\": \"<string>\",\n          \"driversLicenseState\": \"<string>\",\n          \"ssn\": \"<string>\",\n          \"businessName\": \"<string>\",\n          \"federalTaxID\": \"<string>\",\n          \"userIPAddress\": \"<string>\",\n          \"preNoteStatus\": \"Unknown\",\n          \"recurringIndicator\": \"S\",\n          \"addressShipping\": {\n            \"nameFirst\": {\n              \"value\": \"<Error: Too many levels of nesting to fake this schema>\"\n            },\n            \"nameLast\": {\n              \"value\": \"<Error: Too many levels of nesting to fake this schema>\"\n            },\n            \"nameMiddle\": {\n              \"value\": \"<Error: Too many levels of nesting to fake this schema>\"\n            },\n            \"nameFull\": {\n              \"value\": \"<Error: Too many levels of nesting to fake this schema>\"\n            },\n            \"phone1\": {\n              \"value\": \"<Error: Too many levels of nesting to fake this schema>\"\n            },\n            \"phone2\": {\n              \"value\": \"<Error: Too many levels of nesting to fake this schema>\"\n            },\n            \"email\": {\n              \"value\": \"<Error: Too many levels of nesting to fake this schema>\"\n            },\n            \"street1\": {\n              \"value\": \"<Error: Too many levels of nesting to fake this schema>\"\n            },\n            \"street2\": {\n              \"value\": \"<Error: Too many levels of nesting to fake this schema>\"\n            },\n            \"city\": {\n              \"value\": \"<Error: Too many levels of nesting to fake this schema>\"\n            },\n            \"state\": {\n              \"value\": \"<Error: Too many levels of nesting to fake this schema>\"\n            },\n            \"zip\": {\n              \"value\": \"<Error: Too many levels of nesting to fake this schema>\"\n            },\n            \"country\": {\n              \"value\": \"<Error: Too many levels of nesting to fake this schema>\"\n            }\n          },\n          \"addressBilling\": {\n            \"nameFirst\": {\n              \"value\": \"<Error: Too many levels of nesting to fake this schema>\"\n            },\n            \"nameLast\": {\n              \"value\": \"<Error: Too many levels of nesting to fake this schema>\"\n            },\n            \"nameMiddle\": {\n              \"value\": \"<Error: Too many levels of nesting to fake this schema>\"\n            },\n            \"nameFull\": {\n              \"value\": \"<Error: Too many levels of nesting to fake this schema>\"\n            },\n            \"phone1\": {\n              \"value\": \"<Error: Too many levels of nesting to fake this schema>\"\n            },\n            \"phone2\": {\n              \"value\": \"<Error: Too many levels of nesting to fake this schema>\"\n            },\n            \"email\": {\n              \"value\": \"<Error: Too many levels of nesting to fake this schema>\"\n            },\n            \"street1\": {\n              \"value\": \"<Error: Too many levels of nesting to fake this schema>\"\n            },\n            \"street2\": {\n              \"value\": \"<Error: Too many levels of nesting to fake this schema>\"\n            },\n            \"city\": {\n              \"value\": \"<Error: Too many levels of nesting to fake this schema>\"\n            },\n            \"state\": {\n              \"value\": \"<Error: Too many levels of nesting to fake this schema>\"\n            },\n            \"zip\": {\n              \"value\": \"<Error: Too many levels of nesting to fake this schema>\"\n            },\n            \"country\": {\n              \"value\": \"<Error: Too many levels of nesting to fake this schema>\"\n            }\n          }\n        },\n        \"paymentInfoCC\": {\n          \"cardNumber\": \"<string>\",\n          \"expirationDate\": \"<string>\",\n          \"expirationMonth\": \"<string>\",\n          \"expirationYear\": \"<string>\",\n          \"pinData\": \"<string>\",\n          \"pinKeySerialNumber\": \"<string>\",\n          \"purchaseID\": \"<string>\",\n          \"trackData\": \"<string>\",\n          \"cvv2\": \"<string>\",\n          \"userIPAddress\": \"<string>\",\n          \"billingAddress\": {\n            \"nameFirst\": {\n              \"value\": \"<Error: Too many levels of nesting to fake this schema>\"\n            },\n            \"nameLast\": {\n              \"value\": \"<Error: Too many levels of nesting to fake this schema>\"\n            },\n            \"nameMiddle\": {\n              \"value\": \"<Error: Too many levels of nesting to fake this schema>\"\n            },\n            \"nameFull\": {\n              \"value\": \"<Error: Too many levels of nesting to fake this schema>\"\n            },\n            \"phone1\": {\n              \"value\": \"<Error: Too many levels of nesting to fake this schema>\"\n            },\n            \"phone2\": {\n              \"value\": \"<Error: Too many levels of nesting to fake this schema>\"\n            },\n            \"email\": {\n              \"value\": \"<Error: Too many levels of nesting to fake this schema>\"\n            },\n            \"street1\": {\n              \"value\": \"<Error: Too many levels of nesting to fake this schema>\"\n            },\n            \"street2\": {\n              \"value\": \"<Error: Too many levels of nesting to fake this schema>\"\n            },\n            \"city\": {\n              \"value\": \"<Error: Too many levels of nesting to fake this schema>\"\n            },\n            \"state\": {\n              \"value\": \"<Error: Too many levels of nesting to fake this schema>\"\n            },\n            \"zip\": {\n              \"value\": \"<Error: Too many levels of nesting to fake this schema>\"\n            },\n            \"country\": {\n              \"value\": \"<Error: Too many levels of nesting to fake this schema>\"\n            }\n          },\n          \"shippingAddress\": {\n            \"nameFirst\": {\n              \"value\": \"<Error: Too many levels of nesting to fake this schema>\"\n            },\n            \"nameLast\": {\n              \"value\": \"<Error: Too many levels of nesting to fake this schema>\"\n            },\n            \"nameMiddle\": {\n              \"value\": \"<Error: Too many levels of nesting to fake this schema>\"\n            },\n            \"nameFull\": {\n              \"value\": \"<Error: Too many levels of nesting to fake this schema>\"\n            },\n            \"phone1\": {\n              \"value\": \"<Error: Too many levels of nesting to fake this schema>\"\n            },\n            \"phone2\": {\n              \"value\": \"<Error: Too many levels of nesting to fake this schema>\"\n            },\n            \"email\": {\n              \"value\": \"<Error: Too many levels of nesting to fake this schema>\"\n            },\n            \"street1\": {\n              \"value\": \"<Error: Too many levels of nesting to fake this schema>\"\n            },\n            \"street2\": {\n              \"value\": \"<Error: Too many levels of nesting to fake this schema>\"\n            },\n            \"city\": {\n              \"value\": \"<Error: Too many levels of nesting to fake this schema>\"\n            },\n            \"state\": {\n              \"value\": \"<Error: Too many levels of nesting to fake this schema>\"\n            },\n            \"zip\": {\n              \"value\": \"<Error: Too many levels of nesting to fake this schema>\"\n            },\n            \"country\": {\n              \"value\": \"<Error: Too many levels of nesting to fake this schema>\"\n            }\n          },\n          \"cardType\": \"Unknown\",\n          \"cardStatusFlag\": \"Unknown\",\n          \"eCommerceGoodsFlag\": \"<boolean>\",\n          \"installment\": \"<boolean>\",\n          \"installmentSequence\": \"<integer>\",\n          \"installmentCount\": \"<integer>\"\n        }\n      },\n      \"registrationID\": \"tempor Ut\",\n      \"lastUsed\": \"voluptate\",\n      \"createdDate\": \"nisi no\",\n      \"registrationFlags\": \"None\"\n    }\n  ],\n  \"registrationCount\": 0\n}","cookie":[],"_postman_previewlanguage":"json"}],"event":[],"protocolProfileBehavior":{"disableBodyPruning":true}},{"id":"c0aad66b-335c-4b2c-95d4-8dadcdf5882b","name":"Cancel Payment","request":{"name":"Cancel Payment","description":{},"url":{"path":["cancelPayment"],"host":["{{baseUrl}}"],"query":[],"variable":[]},"header":[{"key":"Content-Type","value":"application/json"},{"key":"Accept","value":"application/json"}],"method":"POST","auth":null,"body":{"mode":"raw","raw":"{\n  \"confirmationNumber\": \"<string>\",\n  \"header\": {\n    \"applicationID\": \"<string>\",\n    \"paymentChannel\": \"Unknown\",\n    \"securityKey\": \"<string>\",\n    \"sourceIP\": \"<string>\"\n  },\n  \"refundAmount\": \"<decimal>\",\n  \"userID\": \"<string>\",\n  \"interactionID\": \"<string>\",\n  \"convenienceFeeRefundAmount\": \"<decimal>\",\n  \"trackData\": \"<string>\",\n  \"pinData\": \"<string>\",\n  \"pinKeySerialNumber\": \"<string>\",\n  \"expirationDate\": \"<string>\",\n  \"expirationMonth\": \"<string>\",\n  \"expirationYear\": \"<string>\"\n}","options":{"raw":{"language":"json"}}}},"response":[{"id":"50119b1b-8dbf-4636-8de7-14aa7978565a","name":"Cancel Payment Response","originalRequest":{"url":{"path":["cancelPayment"],"host":["{{baseUrl}}"],"query":[],"variable":[]},"header":[{"key":"Accept","value":"application/json"}],"method":"POST","body":{"mode":"raw","raw":"{\n  \"confirmationNumber\": \"string\",\n  \"header\": {\n    \"applicationID\": \"string\",\n    \"paymentChannel\": \"Unknown\",\n    \"securityKey\": \"string\",\n    \"sourceIP\": \"<string>\"\n  },\n  \"refundAmount\": 0,\n  \"userID\": \"<string>\",\n  \"interactionID\": \"<string>\",\n  \"convenienceFeeRefundAmount\": \"<decimal>\",\n  \"trackData\": \"<string>\",\n  \"pinData\": \"<string>\",\n  \"pinKeySerialNumber\": \"<string>\",\n  \"expirationDate\": \"<string>\",\n  \"expirationMonth\": \"<string>\",\n  \"expirationYear\": \"<string>\"\n}","options":{"raw":{"language":"json"}}}},"status":"OK","code":200,"header":[{"key":"Content-Type","value":"application/json"}],"body":"{\n  \"returnCode\": \"Undefined_Item\",\n  \"resultMessage\": \"consectetur exer\",\n  \"timeoutLimit\": 23637908,\n  \"confirmationNumber\": \"minim cillum elit amet\",\n  \"refundAmount\": 46270439.64039165,\n  \"settlementSubmissionDate\": \"ut commodo ipsum\"\n}","cookie":[],"_postman_previewlanguage":"json"}],"event":[],"protocolProfileBehavior":{"disableBodyPruning":true}},{"id":"5e8f17d9-d4d0-435c-a6fa-62a6c33aaaf2","name":"Cancel EMV Payment","request":{"name":"Cancel EMV Payment","description":{},"url":{"path":["cancelEMVPayment"],"host":["{{baseUrl}}"],"query":[],"variable":[]},"header":[{"key":"Content-Type","value":"application/json"},{"key":"Accept","value":"application/json"}],"method":"POST","auth":null,"body":{"mode":"raw","raw":"{\n  \"confirmationNumber\": \"<string>\",\n  \"header\": {\n    \"applicationID\": \"<string>\",\n    \"paymentChannel\": \"Unknown\",\n    \"securityKey\": \"<string>\",\n    \"sourceIP\": \"<string>\"\n  },\n  \"reasonCode\": \"<string>\",\n  \"refundAmount\": \"<decimal>\",\n  \"userID\": \"<string>\",\n  \"interactionID\": \"<string>\",\n  \"convenienceFeeRefundAmount\": \"<decimal>\",\n  \"trackData\": \"<string>\",\n  \"pinData\": \"<string>\",\n  \"pinKeySerialNumber\": \"<string>\",\n  \"expirationDate\": \"<string>\",\n  \"expirationMonth\": \"<string>\",\n  \"expirationYear\": \"<string>\"\n}","options":{"raw":{"language":"json"}}}},"response":[{"id":"d27669c1-a8a6-4f97-8e6c-de6b2e87105e","name":"Cancel EMV Payment Response","originalRequest":{"url":{"path":["cancelEMVPayment"],"host":["{{baseUrl}}"],"query":[],"variable":[]},"header":[{"key":"Accept","value":"application/json"}],"method":"POST","body":{"mode":"raw","raw":"{\n  \"confirmationNumber\": \"<string>\",\n  \"header\": {\n    \"applicationID\": \"string\",\n    \"paymentChannel\": \"Unknown\",\n    \"securityKey\": \"string\",\n    \"sourceIP\": \"<string>\"\n  },\n  \"reasonCode\": \"<string>\",\n  \"refundAmount\": \"<decimal>\",\n  \"userID\": \"<string>\",\n  \"interactionID\": \"<string>\",\n  \"convenienceFeeRefundAmount\": \"<decimal>\",\n  \"trackData\": \"<string>\",\n  \"pinData\": \"<string>\",\n  \"pinKeySerialNumber\": \"<string>\",\n  \"expirationDate\": \"<string>\",\n  \"expirationMonth\": \"<string>\",\n  \"expirationYear\": \"<string>\"\n}","options":{"raw":{"language":"json"}}}},"status":"OK","code":200,"header":[{"key":"Content-Type","value":"application/json"}],"body":"{\n  \"returnCode\": \"Undefined_Item\",\n  \"resultMessage\": \"consectetur exer\",\n  \"timeoutLimit\": 23637908,\n  \"confirmationNumber\": \"minim cillum elit amet\",\n  \"refundAmount\": 46270439.64039165,\n  \"settlementSubmissionDate\": \"ut commodo ipsum\"\n}","cookie":[],"_postman_previewlanguage":"json"}],"event":[],"protocolProfileBehavior":{"disableBodyPruning":true}},{"id":"cb057cbf-3f3c-452b-9b6d-24618fa73fbe","name":"Calculate Convenience Fee","request":{"name":"Calculate Convenience Fee","description":{},"url":{"path":["calculateConvenienceFee"],"host":["{{baseUrl}}"],"query":[],"variable":[]},"header":[{"key":"Content-Type","value":"application/json"},{"key":"Accept","value":"application/json"}],"method":"POST","auth":null,"body":{"mode":"raw","raw":"{\n  \"accountNumber\": \"<string>\",\n  \"header\": {\n    \"applicationID\": \"<string>\",\n    \"paymentChannel\": \"Unknown\",\n    \"securityKey\": \"<string>\",\n    \"sourceIP\": \"<string>\"\n  },\n  \"paymentAmount\": \"<Decimal>\",\n  \"paymentMedium\": \"Unknown\",\n  \"userID\": \"<string>\",\n  \"interactionID\": \"<string>\"\n}","options":{"raw":{"language":"json"}}}},"response":[{"id":"4e0b7b9e-6393-4ba9-8f7b-fadb0df83796","name":"Calculate Convenience Fee Response","originalRequest":{"url":{"path":["calculateConvenienceFee"],"host":["{{baseUrl}}"],"query":[],"variable":[]},"header":[{"key":"Accept","value":"application/json"}],"method":"POST","body":{"mode":"raw","raw":"{\n  \"accountNumber\": \"<string>\",\n  \"header\": {\n    \"applicationID\": \"string\",\n    \"paymentChannel\": \"Unknown\",\n    \"securityKey\": \"string\",\n    \"sourceIP\": \"<string>\"\n  },\n  \"paymentAmount\": \"<Decimal>\",\n  \"paymentMedium\": \"Unknown\",\n  \"userID\": \"<string>\",\n  \"interactionID\": \"<string>\"\n}","options":{"raw":{"language":"json"}}}},"status":"OK","code":200,"header":[{"key":"Content-Type","value":"application/json"}],"body":"{\n  \"returnCode\": \"Undefined_Item\",\n  \"resultMessage\": \"reprehenderit aute cupidatat\",\n  \"timeoutLimit\": 39023904,\n  \"convenienceFee\": 61131603.25941506,\n  \"paymentAmount\": 58118496.195991755,\n  \"totalAmount\": 50651980.14259192\n}","cookie":[],"_postman_previewlanguage":"json"}],"event":[],"protocolProfileBehavior":{"disableBodyPruning":true}},{"id":"70dc3809-98e7-4b22-b861-281f884c75cd","name":"Settle Payment","request":{"name":"Settle Payment","description":{},"url":{"path":["settlePayment"],"host":["{{baseUrl}}"],"query":[],"variable":[]},"header":[{"key":"Content-Type","value":"application/json"},{"key":"Accept","value":"application/json"}],"method":"POST","auth":null,"body":{"mode":"raw","raw":"{\n  \"amount\": \"<decimal>\",\n  \"confirmationNumber\": \"<string>\",\n  \"header\": {\n    \"applicationID\": \"<string>\",\n    \"paymentChannel\": \"Unknown\",\n    \"securityKey\": \"<string>\",\n    \"sourceIP\": \"<string>\"\n  },\n  \"userID\": \"<string>\",\n  \"interactionID\": \"<string>\"\n}","options":{"raw":{"language":"json"}}}},"response":[{"id":"eeafc7f7-9ebb-4815-bd67-faec3623e3f4","name":"Settle Payment Response","originalRequest":{"url":{"path":["settlePayment"],"host":["{{baseUrl}}"],"query":[],"variable":[]},"header":[{"key":"Accept","value":"application/json"}],"method":"POST","body":{"mode":"raw","raw":"{\n  \"amount\": \"<decimal>\",\n  \"confirmationNumber\": \"<string>\",\n  \"header\": {\n    \"applicationID\": \"string\",\n    \"paymentChannel\": \"Unknown\",\n    \"securityKey\": \"string\",\n    \"sourceIP\": \"<string>\"\n  },\n  \"userID\": \"<string>\",\n  \"interactionID\": \"<string>\"\n}","options":{"raw":{"language":"json"}}}},"status":"OK","code":200,"header":[{"key":"Content-Type","value":"application/json"}],"body":"{\n  \"returnCode\": \"Unknown\",\n  \"resultMessage\": \"Ut\",\n  \"timeoutLimit\": 91603135,\n  \"amount\": -43399459.56538291,\n  \"settlementSubmissionDate\": \"qui labore eu nisi irure\"\n}","cookie":[],"_postman_previewlanguage":"json"}],"event":[],"protocolProfileBehavior":{"disableBodyPruning":true}},{"id":"11373ffb-c919-49d8-bc52-1d62e3e67de4","name":"Pinless Debit Check","request":{"name":"Pinless Debit Check","description":{},"url":{"path":["pinlessDebitCheck"],"host":["{{baseUrl}}"],"query":[],"variable":[]},"header":[{"key":"Content-Type","value":"application/json"},{"key":"Accept","value":"application/json"}],"method":"POST","auth":null,"body":{"mode":"raw","raw":"{\n  \"cardNumber\": \"<string>\",\n  \"header\": {\n    \"applicationID\": \"<string>\",\n    \"paymentChannel\": \"Unknown\",\n    \"securityKey\": \"<string>\",\n    \"sourceIP\": \"<string>\"\n  },\n  \"userID\": \"<string>\",\n  \"interactionID\": \"<string>\"\n}","options":{"raw":{"language":"json"}}}},"response":[{"id":"587f90ab-9462-4675-adb2-c600f9b7dbf6","name":"Pinless Debit Check Response","originalRequest":{"url":{"path":["pinlessDebitCheck"],"host":["{{baseUrl}}"],"query":[],"variable":[]},"header":[{"key":"Accept","value":"application/json"}],"method":"POST","body":{"mode":"raw","raw":"{\n  \"cardNumber\": \"<string>\",\n  \"header\": {\n    \"applicationID\": \"string\",\n    \"paymentChannel\": \"Unknown\",\n    \"securityKey\": \"string\",\n    \"sourceIP\": \"<string>\"\n  },\n  \"userID\": \"<string>\",\n  \"interactionID\": \"<string>\"\n}","options":{"raw":{"language":"json"}}}},"status":"OK","code":200,"header":[{"key":"Content-Type","value":"application/json"}],"body":"{\n  \"returnCode\": \"Unknown\",\n  \"resultMessage\": \"reprehenderit esse fugia\",\n  \"timeoutLimit\": -24453104,\n  \"networkType\": \"Unknown\",\n  \"signatureEligible\": true\n}","cookie":[],"_postman_previewlanguage":"json"}],"event":[],"protocolProfileBehavior":{"disableBodyPruning":true}},{"id":"3c0b6a0f-b1d5-4bf3-a03d-67f78a0b356b","name":"Card Type Inquiry","request":{"name":"Card Type Inquiry","description":{},"url":{"path":["cardTypeInquiry"],"host":["{{baseUrl}}"],"query":[],"variable":[]},"header":[{"key":"Content-Type","value":"application/json"},{"key":"Accept","value":"application/json"}],"method":"POST","auth":null,"body":{"mode":"raw","raw":"{\n  \"cardNumber\": \"<string>\",\n  \"header\": {\n    \"applicationID\": \"<string>\",\n    \"paymentChannel\": \"Unknown\",\n    \"securityKey\": \"<string>\",\n    \"sourceIP\": \"<string>\"\n  },\n  \"userID\": \"<string>\",\n  \"interactionID\": \"<string>\"\n}","options":{"raw":{"language":"json"}}}},"response":[{"id":"c8b16a91-8cf5-446f-a36f-5248a0e8335d","name":"Card Type Inquiry Response","originalRequest":{"url":{"path":["cardTypeInquiry"],"host":["{{baseUrl}}"],"query":[],"variable":[]},"header":[{"key":"Accept","value":"application/json"}],"method":"POST","body":{"mode":"raw","raw":"{\n  \"cardNumber\": \"<string>\",\n  \"header\": {\n    \"applicationID\": \"string\",\n    \"paymentChannel\": \"Unknown\",\n    \"securityKey\": \"string\",\n    \"sourceIP\": \"<string>\"\n  },\n  \"userID\": \"<string>\",\n  \"interactionID\": \"<string>\"\n}","options":{"raw":{"language":"json"}}}},"status":"OK","code":200,"header":[{"key":"Content-Type","value":"application/json"}],"body":"{\n  \"returnCode\": \"Unknown\",\n  \"resultMessage\": \"non ad\",\n  \"timeoutLimit\": -60197171,\n  \"cardBIN\": {\n    \"lowBIN\": \"nisi pariatur et ex\",\n    \"highBIN\": \"id ut ad\",\n    \"prepaidInd\": \"ullamco aliquip minim\",\n    \"productID\": \"proident reprehenderit esse\",\n    \"binLength\": -65585232,\n    \"binDetailPAN\": -75963409,\n    \"bankName\": \"fugiat\",\n    \"countryCode\": \"exercitation velit\",\n    \"detailCardProduct\": \"qui aliquip s\",\n    \"detailCardInd\": \"venia\",\n    \"updateYear\": -96209807,\n    \"updateMonth\": 30381064,\n    \"updateDay\": -99235245,\n    \"networkInd\": \"dolore ut est\",\n    \"ebtState\": \"eiusmod non id\",\n    \"fsaInd\": \"consectetur minim exercitation\",\n    \"regulatorInd\": \"nostrud ea deserunt\",\n    \"visaProductSubType\": \"irure eiusmod laborum\",\n    \"ticketIndicator\": \"enim dolore ad ut\",\n    \"accountLevelProcessingInd\": \"offi\",\n    \"accountFundSource\": \"dolore minim\",\n    \"cardClass\": \"ea amet ut\"\n  },\n  \"cardTypeCount\": -71541622\n}","cookie":[],"_postman_previewlanguage":"json"}],"event":[],"protocolProfileBehavior":{"disableBodyPruning":true}},{"id":"a5047250-3a86-4727-b63d-af6e0fdb2034","name":"Heart Beat","request":{"name":"Heart Beat","description":{},"url":{"path":["heartBeat"],"host":["{{baseUrl}}"],"query":[],"variable":[]},"header":[{"key":"Content-Type","value":"application/json"},{"key":"Accept","value":"application/json"}],"method":"POST","auth":null,"body":{"mode":"raw","raw":"<object>","options":{"raw":{"language":"json"}}}},"response":[{"id":"bbaf07ab-5029-43aa-b550-5f2e6323c4b5","name":"Settle Payment Response","originalRequest":{"url":{"path":["heartBeat"],"host":["{{baseUrl}}"],"query":[],"variable":[]},"header":[{"key":"Accept","value":"application/json"}],"method":"POST","body":{"mode":"raw","raw":"<object>","options":{"raw":{"language":"json"}}}},"status":"OK","code":200,"header":[{"key":"Content-Type","value":"application/json"}],"body":"{\n  \"returnCode\": \"Unknown\",\n  \"resultMessage\": \"sit aliq\",\n  \"timeoutLimit\": -80862518\n}","cookie":[],"_postman_previewlanguage":"json"}],"event":[],"protocolProfileBehavior":{"disableBodyPruning":true}}],"event":[],"variable":[{"type":"string","value":"/","key":"baseUrl"}],"info":{"_postman_id":"8ff3f416-77d5-4aa0-9634-50c2da02e4bd","name":"PayPoint REST API Document","schema":"https://schema.getpostman.com/json/collection/v2.1.0/collection.json","description":{"content":"The PayPoint Web Service API enables a business application to access the electronic payment services using JSON and REST Service API documents for sending messages to various services in PayPoint. Business applications can call on a PayPoint REST API document, which presents the functionality exposed by the Web Service. This standard integration method enables existing applications (i.e. Web, IVR, Desktop applications, etc.) to integrate with PayPoint to manage payment processing. The advantage of this method is that it allows your technical staff (i.e. developers, programmers, etc.) to develop in their preferred programming language including Java, Perl, or Visual Studio.","type":"text/plain"}}}