{"item":[{"id":"044fd1c8-f2ca-4563-9365-28a523ae3234","name":"Registration CRD","request":{"name":"Registration CRD","description":{},"url":{"path":["registrationCRD"],"host":["{{baseUrl}}"],"query":[],"variable":[]},"header":[{"key":"Content-Type","value":"application/json"},{"key":"Accept","value":"application/json"}],"method":"POST","auth":null,"body":{"mode":"raw","raw":"{\n  \"action\": \"Unknown\",\n  \"agreedToTerms\": \"<boolean>\",\n  \"header\": {\n    \"applicationID\": \"<string>\",\n    \"paymentChannel\": \"Unknown\",\n    \"securityKey\": \"<string>\",\n    \"sourceIP\": \"<string>\"\n  },\n  \"paymentInfo\": {\n    \"paymentMedium\": \"Unknown\",\n    \"paymentInfoEFT\": {\n      \"accountType\": \"Unknown\",\n      \"authorizationMedium\": \"Unknown\",\n      \"bankAccountNumber\": \"<string>\",\n      \"bankRoutingNumber\": \"<string>\",\n      \"bankState\": \"<string>\",\n      \"bankName\": \"<string>\",\n      \"driversLicenseNumber\": \"<string>\",\n      \"driversLicenseState\": \"<string>\",\n      \"ssn\": \"<string>\",\n      \"businessName\": \"<string>\",\n      \"federalTaxID\": \"<string>\",\n      \"userIPAddress\": \"<string>\",\n      \"preNoteStatus\": \"Unknown\",\n      \"recurringIndicator\": \"S\",\n      \"addressShipping\": {\n        \"nameFirst\": \"<string>\",\n        \"nameLast\": \"<string>\",\n        \"nameMiddle\": \"<string>\",\n        \"nameFull\": \"<string>\",\n        \"phone1\": \"<string>\",\n        \"phone2\": \"<string>\",\n        \"email\": \"<string>\",\n        \"street1\": \"<string>\",\n        \"street2\": \"<string>\",\n        \"city\": \"<string>\",\n        \"state\": \"<string>\",\n        \"zip\": \"<string>\",\n        \"country\": \"<string>\"\n      },\n      \"addressBilling\": {\n        \"nameFirst\": \"<string>\",\n        \"nameLast\": \"<string>\",\n        \"nameMiddle\": \"<string>\",\n        \"nameFull\": \"<string>\",\n        \"phone1\": \"<string>\",\n        \"phone2\": \"<string>\",\n        \"email\": \"<string>\",\n        \"street1\": \"<string>\",\n        \"street2\": \"<string>\",\n        \"city\": \"<string>\",\n        \"state\": \"<string>\",\n        \"zip\": \"<string>\",\n        \"country\": \"<string>\"\n      }\n    },\n    \"paymentInfoCC\": {\n      \"cardNumber\": \"<string>\",\n      \"expirationDate\": \"<string>\",\n      \"expirationMonth\": \"<string>\",\n      \"expirationYear\": \"<string>\",\n      \"pinData\": \"<string>\",\n      \"pinKeySerialNumber\": \"<string>\",\n      \"purchaseID\": \"<string>\",\n      \"trackData\": \"<string>\",\n      \"cvv2\": \"<string>\",\n      \"userIPAddress\": \"<string>\",\n      \"billingAddress\": {\n        \"nameFirst\": \"<string>\",\n        \"nameLast\": \"<string>\",\n        \"nameMiddle\": \"<string>\",\n        \"nameFull\": \"<string>\",\n        \"phone1\": \"<string>\",\n        \"phone2\": \"<string>\",\n        \"email\": \"<string>\",\n        \"street1\": \"<string>\",\n        \"street2\": \"<string>\",\n        \"city\": \"<string>\",\n        \"state\": \"<string>\",\n        \"zip\": \"<string>\",\n        \"country\": \"<string>\"\n      },\n      \"shippingAddress\": {\n        \"nameFirst\": \"<string>\",\n        \"nameLast\": \"<string>\",\n        \"nameMiddle\": \"<string>\",\n        \"nameFull\": \"<string>\",\n        \"phone1\": \"<string>\",\n        \"phone2\": \"<string>\",\n        \"email\": \"<string>\",\n        \"street1\": \"<string>\",\n        \"street2\": \"<string>\",\n        \"city\": \"<string>\",\n        \"state\": \"<string>\",\n        \"zip\": \"<string>\",\n        \"country\": \"<string>\"\n      },\n      \"cardType\": \"Unknown\",\n      \"cardStatusFlag\": \"Unknown\",\n      \"eCommerceGoodsFlag\": \"<boolean>\",\n      \"installment\": \"<boolean>\",\n      \"installmentSequence\": \"<integer>\",\n      \"installmentCount\": \"<integer>\"\n    }\n  },\n  \"registrationID\": \"<string>\",\n  \"userID\": \"<string>\",\n  \"interactionID\": \"<string>\",\n  \"lookupReference\": \"<string>\",\n  \"registrationFlags\": \"None\"\n}","options":{"raw":{"language":"json"}}}},"response":[{"id":"bd4a8f9c-6e21-49a2-9ae9-40729d2cb28f","name":"Registration Response","originalRequest":{"url":{"path":["registrationCRD"],"host":["{{baseUrl}}"],"query":[],"variable":[]},"header":[{"key":"Accept","value":"application/json"}],"method":"POST","body":{"mode":"raw","raw":"{\n  \"header\": {\n    \"applicationID\": \"1451\",\n    \"securityKey\": \"hljkhk#@lkj\",\n    \"paymentChannel\": \"Web\",\n    \"sourceIP\": \"\"\n  },\n  \"userID\": \"\",\n  \"interactionID\": \"\",\n  \"action\": \"Create\",\n  \"agreedToTerms\": true,\n  \"registrationID\": \"\",\n  \"lookupReference\": \"12345678901234567\",\n  \"registrationFlags\": \"None\",\n  \"paymentInfo\": {\n    \"paymentMedium\": \"eCheck\",\n    \"paymentInfoEFT\": {\n      \"accountType\": \"Checking\",\n      \"bankRoutingNumber\": \"304083396\",\n      \"bankAccountNumber\": \"12345\",\n      \"bankState\": \"\",\n      \"bankName\": \"\",\n      \"driversLicenseNumber\": \"\",\n      \"driversLicenseState\": \"\",\n      \"ssn\": \"\",\n      \"businessName\": \"\",\n      \"federalTaxID\": \"\",\n      \"userIPAddress\": \"\",\n      \"authorizationMedium\": \"Web\",\n      \"preNoteStatus\": \"Unknown\",\n      \"recurringIndicator\": \"S\",\n      \"addressBilling\": {\n        \"nameFirst\": \"John \",\n        \"nameLast\": \"Doe\",\n        \"nameMiddle\": \"\",\n        \"nameFull\": \"John Doe\",\n        \"phone1\": \"1111111111\",\n        \"phone2\": \"\",\n        \"email\": \"JohnDoe@fiserv.com\",\n        \"street1\": \"Teststreet1\",\n        \"street2\": \"\",\n        \"city\": \"Omaha\",\n        \"state\": \"NE\",\n        \"zip\": \"11111\",\n        \"country\": \"US\"\n      }\n    }\n  }\n}","options":{"raw":{"language":"json"}}}},"status":"OK","code":200,"header":[{"key":"Content-Type","value":"application/json"}],"body":"{\n  \"returnCode\": \"Success\",\n  \"resultMessage\": \"\",\n  \"timeoutLimit\": 180,\n  \"registrationID\": \"4273135\"\n}","cookie":[],"_postman_previewlanguage":"json"}],"event":[],"protocolProfileBehavior":{"disableBodyPruning":true}},{"id":"269d1792-786f-4d48-82bb-8008c2ba83db","name":"Make Payment","request":{"name":"Make Payment","description":{},"url":{"path":["makePayment"],"host":["{{baseUrl}}"],"query":[],"variable":[]},"header":[{"key":"Content-Type","value":"application/json"},{"key":"Accept","value":"application/json"}],"method":"POST","auth":null,"body":{"mode":"raw","raw":"{\n  \"header\": {\n    \"applicationID\": \"<string>\",\n    \"paymentChannel\": \"Unknown\",\n    \"securityKey\": \"<string>\",\n    \"sourceIP\": \"<string>\"\n  },\n  \"paymentAmount\": \"<decimal>\",\n  \"userID\": \"<string>\",\n  \"interactionID\": \"<string>\",\n  \"groupID\": \"<string>\",\n  \"registrationID\": \"<string>\",\n  \"recurringPaymentID\": \"<string>\",\n  \"transactionBatchID\": \"<string>\",\n  \"reference\": \"<string>\",\n  \"aaaUserID\": \"<string>\",\n  \"paymentFlags\": \"None\",\n  \"paymentDate\": \"<string>\",\n  \"convenienceFee\": \"<decimal>\",\n  \"taxAmount\": \"<decimal>\",\n  \"paymentInfo\": {\n    \"paymentMedium\": \"Unknown\",\n    \"paymentInfoEFT\": {\n      \"accountType\": \"Unknown\",\n      \"authorizationMedium\": \"Unknown\",\n      \"bankAccountNumber\": \"<string>\",\n      \"bankRoutingNumber\": \"<string>\",\n      \"bankState\": \"<string>\",\n      \"bankName\": \"<string>\",\n      \"driversLicenseNumber\": \"<string>\",\n      \"driversLicenseState\": \"<string>\",\n      \"ssn\": \"<string>\",\n      \"businessName\": \"<string>\",\n      \"federalTaxID\": \"<string>\",\n      \"userIPAddress\": \"<string>\",\n      \"preNoteStatus\": \"Unknown\",\n      \"recurringIndicator\": \"S\",\n      \"addressShipping\": {\n        \"nameFirst\": \"<string>\",\n        \"nameLast\": \"<string>\",\n        \"nameMiddle\": \"<string>\",\n        \"nameFull\": \"<string>\",\n        \"phone1\": \"<string>\",\n        \"phone2\": \"<string>\",\n        \"email\": \"<string>\",\n        \"street1\": \"<string>\",\n        \"street2\": \"<string>\",\n        \"city\": \"<string>\",\n        \"state\": \"<string>\",\n        \"zip\": \"<string>\",\n        \"country\": \"<string>\"\n      },\n      \"addressBilling\": {\n        \"nameFirst\": \"<string>\",\n        \"nameLast\": \"<string>\",\n        \"nameMiddle\": \"<string>\",\n        \"nameFull\": \"<string>\",\n        \"phone1\": \"<string>\",\n        \"phone2\": \"<string>\",\n        \"email\": \"<string>\",\n        \"street1\": \"<string>\",\n        \"street2\": \"<string>\",\n        \"city\": \"<string>\",\n        \"state\": \"<string>\",\n        \"zip\": \"<string>\",\n        \"country\": \"<string>\"\n      }\n    },\n    \"paymentInfoCC\": {\n      \"cardNumber\": \"<string>\",\n      \"expirationDate\": \"<string>\",\n      \"expirationMonth\": \"<string>\",\n      \"expirationYear\": \"<string>\",\n      \"pinData\": \"<string>\",\n      \"pinKeySerialNumber\": \"<string>\",\n      \"purchaseID\": \"<string>\",\n      \"trackData\": \"<string>\",\n      \"cvv2\": \"<string>\",\n      \"userIPAddress\": \"<string>\",\n      \"billingAddress\": {\n        \"nameFirst\": \"<string>\",\n        \"nameLast\": \"<string>\",\n        \"nameMiddle\": \"<string>\",\n        \"nameFull\": \"<string>\",\n        \"phone1\": \"<string>\",\n        \"phone2\": \"<string>\",\n        \"email\": \"<string>\",\n        \"street1\": \"<string>\",\n        \"street2\": \"<string>\",\n        \"city\": \"<string>\",\n        \"state\": \"<string>\",\n        \"zip\": \"<string>\",\n        \"country\": \"<string>\"\n      },\n      \"shippingAddress\": {\n        \"nameFirst\": \"<string>\",\n        \"nameLast\": \"<string>\",\n        \"nameMiddle\": \"<string>\",\n        \"nameFull\": \"<string>\",\n        \"phone1\": \"<string>\",\n        \"phone2\": \"<string>\",\n        \"email\": \"<string>\",\n        \"street1\": \"<string>\",\n        \"street2\": \"<string>\",\n        \"city\": \"<string>\",\n        \"state\": \"<string>\",\n        \"zip\": \"<string>\",\n        \"country\": \"<string>\"\n      },\n      \"cardType\": \"Unknown\",\n      \"cardStatusFlag\": \"Unknown\",\n      \"eCommerceGoodsFlag\": \"<boolean>\",\n      \"installment\": \"<boolean>\",\n      \"installmentSequence\": \"<integer>\",\n      \"installmentCount\": \"<integer>\"\n    }\n  },\n  \"payeeID\": \"<string>\"\n}","options":{"raw":{"language":"json"}}}},"response":[{"id":"6e5586ba-87d8-418e-b658-e0a747bcbbc6","name":"Payment Response","originalRequest":{"url":{"path":["makePayment"],"host":["{{baseUrl}}"],"query":[],"variable":[]},"header":[{"key":"Accept","value":"application/json"}],"method":"POST","body":{"mode":"raw","raw":"{\n  \"header\": {\n    \"applicationID\": \"1451\",\n    \"securityKey\": \"hljkhk#@lkj\",\n    \"paymentChannel\": \"Web\",\n    \"sourceIP\": \"\"\n  },\n  \"userID\": \"clientid\",\n  \"registrationID\": \"3047366\",\n  \"reference\": \"12345677890 04/20/2023\",\n  \"paymentDate\": \"04/20/2023\",\n  \"paymentAmount\": 2,\n  \"convenienceFee\": 0,\n  \"taxAmount\": 0,\n  \"payeeID\": \"accountnumber\"\n}","options":{"raw":{"language":"json"}}}},"status":"OK","code":200,"header":[{"key":"Content-Type","value":"application/json"}],"body":"{\n  \"returnCode\": \"Payment_Pending\",\n  \"resultMessage\": \"\",\n  \"timeoutLimit\": 180,\n  \"confirmationNumber\": \"23032719056805\",\n  \"totalAmount\": 2,\n  \"settlementSubmissionDate\": \"4/20/2023\",\n  \"cardType\": \"Unknown\",\n  \"authorizationCode\": \"\"\n}","cookie":[],"_postman_previewlanguage":"json"}],"event":[],"protocolProfileBehavior":{"disableBodyPruning":true}},{"id":"544462f8-df83-479b-adf5-95e83ab7f9a1","name":"Make POS Payment","request":{"name":"Make POS Payment","description":{},"url":{"path":["makePOSPayment"],"host":["{{baseUrl}}"],"query":[],"variable":[]},"header":[{"key":"Content-Type","value":"application/json"},{"key":"Accept","value":"application/json"}],"method":"POST","auth":null,"body":{"mode":"raw","raw":"{\n  \"header\": {\n    \"applicationID\": \"<string>\",\n    \"paymentChannel\": \"Unknown\",\n    \"securityKey\": \"<string>\",\n    \"sourceIP\": \"<string>\"\n  },\n  \"paymentAmount\": \"<decimal>\",\n  \"paymentInfo\": {\n    \"paymentMedium\": \"Unknown\",\n    \"paymentInfoEFT\": {\n      \"accountType\": \"Unknown\",\n      \"authorizationMedium\": \"Unknown\",\n      \"bankAccountNumber\": \"<string>\",\n      \"bankRoutingNumber\": \"<string>\",\n      \"bankState\": \"<string>\",\n      \"bankName\": \"<string>\",\n      \"driversLicenseNumber\": \"<string>\",\n      \"driversLicenseState\": \"<string>\",\n      \"ssn\": \"<string>\",\n      \"businessName\": \"<string>\",\n      \"federalTaxID\": \"<string>\",\n      \"userIPAddress\": \"<string>\",\n      \"preNoteStatus\": \"Unknown\",\n      \"recurringIndicator\": \"S\",\n      \"addressShipping\": {\n        \"nameFirst\": \"<string>\",\n        \"nameLast\": \"<string>\",\n        \"nameMiddle\": \"<string>\",\n        \"nameFull\": \"<string>\",\n        \"phone1\": \"<string>\",\n        \"phone2\": \"<string>\",\n        \"email\": \"<string>\",\n        \"street1\": \"<string>\",\n        \"street2\": \"<string>\",\n        \"city\": \"<string>\",\n        \"state\": \"<string>\",\n        \"zip\": \"<string>\",\n        \"country\": \"<string>\"\n      },\n      \"addressBilling\": {\n        \"nameFirst\": \"<string>\",\n        \"nameLast\": \"<string>\",\n        \"nameMiddle\": \"<string>\",\n        \"nameFull\": \"<string>\",\n        \"phone1\": \"<string>\",\n        \"phone2\": \"<string>\",\n        \"email\": \"<string>\",\n        \"street1\": \"<string>\",\n        \"street2\": \"<string>\",\n        \"city\": \"<string>\",\n        \"state\": \"<string>\",\n        \"zip\": \"<string>\",\n        \"country\": \"<string>\"\n      }\n    },\n    \"paymentInfoCC\": {\n      \"cardNumber\": \"<string>\",\n      \"expirationDate\": \"<string>\",\n      \"expirationMonth\": \"<string>\",\n      \"expirationYear\": \"<string>\",\n      \"pinData\": \"<string>\",\n      \"pinKeySerialNumber\": \"<string>\",\n      \"purchaseID\": \"<string>\",\n      \"trackData\": \"<string>\",\n      \"cvv2\": \"<string>\",\n      \"userIPAddress\": \"<string>\",\n      \"billingAddress\": {\n        \"nameFirst\": \"<string>\",\n        \"nameLast\": \"<string>\",\n        \"nameMiddle\": \"<string>\",\n        \"nameFull\": \"<string>\",\n        \"phone1\": \"<string>\",\n        \"phone2\": \"<string>\",\n        \"email\": \"<string>\",\n        \"street1\": \"<string>\",\n        \"street2\": \"<string>\",\n        \"city\": \"<string>\",\n        \"state\": \"<string>\",\n        \"zip\": \"<string>\",\n        \"country\": \"<string>\"\n      },\n      \"shippingAddress\": {\n        \"nameFirst\": \"<string>\",\n        \"nameLast\": \"<string>\",\n        \"nameMiddle\": \"<string>\",\n        \"nameFull\": \"<string>\",\n        \"phone1\": \"<string>\",\n        \"phone2\": \"<string>\",\n        \"email\": \"<string>\",\n        \"street1\": \"<string>\",\n        \"street2\": \"<string>\",\n        \"city\": \"<string>\",\n        \"state\": \"<string>\",\n        \"zip\": \"<string>\",\n        \"country\": \"<string>\"\n      },\n      \"cardType\": \"Unknown\",\n      \"cardStatusFlag\": \"Unknown\",\n      \"eCommerceGoodsFlag\": \"<boolean>\",\n      \"installment\": \"<boolean>\",\n      \"installmentSequence\": \"<integer>\",\n      \"installmentCount\": \"<integer>\"\n    }\n  },\n  \"userID\": \"<string>\",\n  \"interactionID\": \"<string>\",\n  \"groupID\": \"<string>\",\n  \"registrationID\": \"<string>\",\n  \"recurringPaymentID\": \"<string>\",\n  \"transactionBatchID\": \"<string>\",\n  \"reference\": \"<string>\",\n  \"aaaUserID\": \"<string>\",\n  \"paymentFlags\": \"None\",\n  \"paymentDate\": \"<string>\",\n  \"convenienceFee\": \"<decimal>\",\n  \"taxAmount\": \"<decimal>\",\n  \"payeeID\": \"<string>\",\n  \"terminalID\": \"<string>\",\n  \"terminalCity\": \"<string>\",\n  \"terminalState\": \"<string>\",\n  \"merchantTaxID\": \"<string>\",\n  \"alternateMerchantName\": \"<string>\",\n  \"alternateMerchantAddress\": \"<string>\",\n  \"alternateMerchantCity\": \"<string>\",\n  \"alternateMerchantState\": \"<string>\",\n  \"alternateMerchantCounty\": \"<string>\",\n  \"alternateMerchantPostalCode\": \"<string>\",\n  \"alternateMerchantCountry\": \"<string>\",\n  \"posDataCode\": \"<string>\",\n  \"paymentInfoPOS\": {\n    \"paymentInfoPOSEFT\": {\n      \"checkType\": \"<string>\",\n      \"micrType\": \"<string>\",\n      \"micrLineData\": \"<string>\",\n      \"manualCheckNumber\": \"<string>\",\n      \"micrReaderStatus\": \"<string>\",\n      \"track1ID\": \"<string>\",\n      \"track2ID\": \"<string>\",\n      \"manualID\": \"<string>\",\n      \"regECompliant\": \"<string>\",\n      \"micrSequenceNumber\": \"<string>\",\n      \"eCheck1\": \"<string>\",\n      \"eCheck2\": \"<string>\",\n      \"eCheck3\": \"<string>\",\n      \"eCheck4\": \"<string>\",\n      \"eCheck5\": \"<string>\"\n    },\n    \"paymentInfoPOSCC\": {\n      \"accountDataSource\": \"<string>\",\n      \"cardholderIdentificationCode\": \"<string>\",\n      \"emvDF78TerminalSerialNumber\": \"<string>\",\n      \"emvDF79KernelVersionNumber\": \"<string>\",\n      \"emv57CustomerDataField\": \"<string>\",\n      \"emv82ApplicationInterchangeProfile\": \"<string>\",\n      \"emv84DedicatedFileName\": \"<string>\",\n      \"emv91IssuerAuthenticationData\": \"<string>\",\n      \"emv95TerminalVerificationResults\": \"<string>\",\n      \"emv5F24ApplicationExpiryDate\": \"<string>\",\n      \"emv5F34PANSequenceNumber\": \"<string>\",\n      \"emv9F09TerminalApplicationVersion\": \"<string>\",\n      \"emv9F10IssuerApplicationData\": \"<string>\",\n      \"emv9F1ATerminalCountryCode\": \"<string>\",\n      \"emv9F1EPOSTerminalSerialNumber\": \"<string>\",\n      \"emv9F26ApplicationCryptogram\": \"<string>\",\n      \"emv9F27CryptogramInformationData\": \"<string>\",\n      \"emv9F33TerminalCapabilities\": \"<string>\",\n      \"emv9F34CVMResults\": \"<string>\",\n      \"emv9F35TerminalType\": \"<string>\",\n      \"emv9F36ApplicationTransactionCounter\": \"<string>\",\n      \"emv9F37UnpredictableNumber\": \"<string>\",\n      \"emv9F39POSEntryMode\": \"<string>\",\n      \"emv9F40AdditionalTerminalCaps\": \"<string>\",\n      \"emv9F41TransactionSequenceCounter\": \"<string>\",\n      \"emv9F02AuthorizedAmount\": \"<string>\",\n      \"emv9F03OtherAmount\": \"<string>\",\n      \"emv4FAID\": \"<string>\",\n      \"emv9F06AIDTerminal\": \"<string>\",\n      \"emv5F2ATranCurrencyCode\": \"<string>\",\n      \"emv9ATranDate\": \"<string>\",\n      \"emv9BTranStatus\": \"<string>\",\n      \"emv9CTransactionType\": \"<string>\",\n      \"emv9F21TranTime\": \"<string>\",\n      \"emv5F2DLanguagePreference\": \"<string>\",\n      \"emv9F53TransactionCategoryCode\": \"<string>\",\n      \"emv9F6EFormFactorIndicator\": \"<string>\",\n      \"emv1\": \"<string>\",\n      \"emv2\": \"<string>\",\n      \"emv3\": \"<string>\",\n      \"emv4\": \"<string>\",\n      \"emv5\": \"<string>\",\n      \"genKey\": \"<string>\",\n      \"encryptionTransmissionBlock\": \"<string>\",\n      \"deviceType\": \"<string>\"\n    }\n  }\n}","options":{"raw":{"language":"json"}}}},"response":[{"id":"e2865d16-6407-4045-b0a6-aa90293d519b","name":"Make POS Payment Response","originalRequest":{"url":{"path":["makePOSPayment"],"host":["{{baseUrl}}"],"query":[],"variable":[]},"header":[{"key":"Accept","value":"application/json"}],"method":"POST","body":{"mode":"raw","raw":"{\n  \"header\": {\n    \"applicationID\": \"string\",\n    \"paymentChannel\": \"Unknown\",\n    \"securityKey\": \"string\",\n    \"sourceIP\": \"<string>\"\n  },\n  \"paymentAmount\": 0,\n  \"paymentInfo\": {\n    \"paymentMedium\": \"Unknown\",\n    \"paymentInfoEFT\": {\n      \"accountType\": \"Unknown\",\n      \"authorizationMedium\": \"Unknown\",\n      \"bankAccountNumber\": \"<string>\",\n      \"bankRoutingNumber\": \"<string>\",\n      \"bankState\": \"<string>\",\n      \"bankName\": \"<string>\",\n      \"driversLicenseNumber\": \"<string>\",\n      \"driversLicenseState\": \"<string>\",\n      \"ssn\": \"<string>\",\n      \"businessName\": \"<string>\",\n      \"federalTaxID\": \"<string>\",\n      \"userIPAddress\": \"<string>\",\n      \"preNoteStatus\": \"Unknown\",\n      \"recurringIndicator\": \"S\",\n      \"addressShipping\": {\n        \"nameFirst\": \"<string>\",\n        \"nameLast\": \"<string>\",\n        \"nameMiddle\": \"<string>\",\n        \"nameFull\": \"<string>\",\n        \"phone1\": \"<string>\",\n        \"phone2\": \"<string>\",\n        \"email\": \"<string>\",\n        \"street1\": \"<string>\",\n        \"street2\": \"<string>\",\n        \"city\": \"<string>\",\n        \"state\": \"<string>\",\n        \"zip\": \"<string>\",\n        \"country\": \"<string>\"\n      },\n      \"addressBilling\": {\n        \"nameFirst\": \"<string>\",\n        \"nameLast\": \"<string>\",\n        \"nameMiddle\": \"<string>\",\n        \"nameFull\": \"<string>\",\n        \"phone1\": \"<string>\",\n        \"phone2\": \"<string>\",\n        \"email\": \"<string>\",\n        \"street1\": \"<string>\",\n        \"street2\": \"<string>\",\n        \"city\": \"<string>\",\n        \"state\": \"<string>\",\n        \"zip\": \"<string>\",\n        \"country\": \"<string>\"\n      }\n    },\n    \"paymentInfoCC\": {\n      \"cardNumber\": \"<string>\",\n      \"expirationDate\": \"<string>\",\n      \"expirationMonth\": \"<string>\",\n      \"expirationYear\": \"<string>\",\n      \"pinData\": \"<string>\",\n      \"pinKeySerialNumber\": \"<string>\",\n      \"purchaseID\": \"<string>\",\n      \"trackData\": \"<string>\",\n      \"cvv2\": \"<string>\",\n      \"userIPAddress\": \"<string>\",\n      \"billingAddress\": {\n        \"nameFirst\": \"<string>\",\n        \"nameLast\": \"<string>\",\n        \"nameMiddle\": \"<string>\",\n        \"nameFull\": \"<string>\",\n        \"phone1\": \"<string>\",\n        \"phone2\": \"<string>\",\n        \"email\": \"<string>\",\n        \"street1\": \"<string>\",\n        \"street2\": \"<string>\",\n        \"city\": \"<string>\",\n        \"state\": \"<string>\",\n        \"zip\": \"<string>\",\n        \"country\": \"<string>\"\n      },\n      \"shippingAddress\": {\n        \"nameFirst\": \"<string>\",\n        \"nameLast\": \"<string>\",\n        \"nameMiddle\": \"<string>\",\n        \"nameFull\": \"<string>\",\n        \"phone1\": \"<string>\",\n        \"phone2\": \"<string>\",\n        \"email\": \"<string>\",\n        \"street1\": \"<string>\",\n        \"street2\": \"<string>\",\n        \"city\": \"<string>\",\n        \"state\": \"<string>\",\n        \"zip\": \"<string>\",\n        \"country\": \"<string>\"\n      },\n      \"cardType\": \"Unknown\",\n      \"cardStatusFlag\": \"Unknown\",\n      \"eCommerceGoodsFlag\": false,\n      \"installment\": false,\n      \"installmentSequence\": \"<integer>\",\n      \"installmentCount\": \"<integer>\"\n    }\n  },\n  \"userID\": \"<string>\",\n  \"interactionID\": \"<string>\",\n  \"groupID\": \"<string>\",\n  \"registrationID\": \"<string>\",\n  \"recurringPaymentID\": \"<string>\",\n  \"transactionBatchID\": \"<string>\",\n  \"reference\": \"<string>\",\n  \"aaaUserID\": \"<string>\",\n  \"paymentFlags\": \"None\",\n  \"paymentDate\": \"<string>\",\n  \"convenienceFee\": \"<decimal>\",\n  \"taxAmount\": \"<decimal>\",\n  \"payeeID\": \"<string>\",\n  \"terminalID\": \"<string>\",\n  \"terminalCity\": \"<string>\",\n  \"terminalState\": \"<string>\",\n  \"merchantTaxID\": \"<string>\",\n  \"alternateMerchantName\": \"<string>\",\n  \"alternateMerchantAddress\": \"<string>\",\n  \"alternateMerchantCity\": \"<string>\",\n  \"alternateMerchantState\": \"<string>\",\n  \"alternateMerchantCounty\": \"<string>\",\n  \"alternateMerchantPostalCode\": \"<string>\",\n  \"alternateMerchantCountry\": \"<string>\",\n  \"posDataCode\": \"<string>\",\n  \"paymentInfoPOS\": {\n    \"paymentInfoPOSEFT\": {\n      \"checkType\": \"<string>\",\n      \"micrType\": \"<string>\",\n      \"micrLineData\": \"<string>\",\n      \"manualCheckNumber\": \"<string>\",\n      \"micrReaderStatus\": \"<string>\",\n      \"track1ID\": \"<string>\",\n      \"track2ID\": \"<string>\",\n      \"manualID\": \"<string>\",\n      \"regECompliant\": \"<string>\",\n      \"micrSequenceNumber\": \"<string>\",\n      \"eCheck1\": \"<string>\",\n      \"eCheck2\": \"<string>\",\n      \"eCheck3\": \"<string>\",\n      \"eCheck4\": \"<string>\",\n      \"eCheck5\": \"<string>\"\n    },\n    \"paymentInfoPOSCC\": {\n      \"accountDataSource\": \"<string>\",\n      \"cardholderIdentificationCode\": \"<string>\",\n      \"emvDF78TerminalSerialNumber\": \"<string>\",\n      \"emvDF79KernelVersionNumber\": \"<string>\",\n      \"emv57CustomerDataField\": \"<string>\",\n      \"emv82ApplicationInterchangeProfile\": \"<string>\",\n      \"emv84DedicatedFileName\": \"<string>\",\n      \"emv91IssuerAuthenticationData\": \"<string>\",\n      \"emv95TerminalVerificationResults\": \"<string>\",\n      \"emv5F24ApplicationExpiryDate\": \"<string>\",\n      \"emv5F34PANSequenceNumber\": \"<string>\",\n      \"emv9F09TerminalApplicationVersion\": \"<string>\",\n      \"emv9F10IssuerApplicationData\": \"<string>\",\n      \"emv9F1ATerminalCountryCode\": \"<string>\",\n      \"emv9F1EPOSTerminalSerialNumber\": \"<string>\",\n      \"emv9F26ApplicationCryptogram\": \"<string>\",\n      \"emv9F27CryptogramInformationData\": \"<string>\",\n      \"emv9F33TerminalCapabilities\": \"<string>\",\n      \"emv9F34CVMResults\": \"<string>\",\n      \"emv9F35TerminalType\": \"<string>\",\n      \"emv9F36ApplicationTransactionCounter\": \"<string>\",\n      \"emv9F37UnpredictableNumber\": \"<string>\",\n      \"emv9F39POSEntryMode\": \"<string>\",\n      \"emv9F40AdditionalTerminalCaps\": \"<string>\",\n      \"emv9F41TransactionSequenceCounter\": \"<string>\",\n      \"emv9F02AuthorizedAmount\": \"<string>\",\n      \"emv9F03OtherAmount\": \"<string>\",\n      \"emv4FAID\": \"<string>\",\n      \"emv9F06AIDTerminal\": \"<string>\",\n      \"emv5F2ATranCurrencyCode\": \"<string>\",\n      \"emv9ATranDate\": \"<string>\",\n      \"emv9BTranStatus\": \"<string>\",\n      \"emv9CTransactionType\": \"<string>\",\n      \"emv9F21TranTime\": \"<string>\",\n      \"emv5F2DLanguagePreference\": \"<string>\",\n      \"emv9F53TransactionCategoryCode\": \"<string>\",\n      \"emv9F6EFormFactorIndicator\": \"<string>\",\n      \"emv1\": \"<string>\",\n      \"emv2\": \"<string>\",\n      \"emv3\": \"<string>\",\n      \"emv4\": \"<string>\",\n      \"emv5\": \"<string>\",\n      \"genKey\": \"<string>\",\n      \"encryptionTransmissionBlock\": \"<string>\",\n      \"deviceType\": \"<string>\"\n    }\n  }\n}","options":{"raw":{"language":"json"}}}},"status":"OK","code":200,"header":[{"key":"Content-Type","value":"application/json"}],"body":"{\n  \"returnCode\": \"Unknown\",\n  \"resultMessage\": \"sint anim amet\",\n  \"timeoutLimit\": 27162127,\n  \"confirmationNumber\": \"proident e\",\n  \"totalAmount\": -1673585.6787017435,\n  \"settlementSubmissionDate\": \"commodo minim\",\n  \"cardType\": \"Unknown\",\n  \"authorizationCode\": \"Lorem enim aute esse deserunt\",\n  \"emvFields\": \"laborum ea\"\n}","cookie":[],"_postman_previewlanguage":"json"}],"event":[],"protocolProfileBehavior":{"disableBodyPruning":true}},{"id":"32e28afe-23e4-4f37-a953-d11a9e3b747a","name":"Update POS Payment","request":{"name":"Update POS Payment","description":{},"url":{"path":["updatePOSPayment"],"host":["{{baseUrl}}"],"query":[],"variable":[]},"header":[{"key":"Content-Type","value":"application/json"},{"key":"Accept","value":"application/json"}],"method":"POST","auth":null,"body":{"mode":"raw","raw":"{\n  \"confirmationNumber\": \"<string>\",\n  \"header\": {\n    \"applicationID\": \"<string>\",\n    \"paymentChannel\": \"Unknown\",\n    \"securityKey\": \"<string>\",\n    \"sourceIP\": \"<string>\"\n  },\n  \"issuerScriptResult\": \"<string>\",\n  \"userID\": \"<string>\",\n  \"interactionID\": \"<string>\"\n}","options":{"raw":{"language":"json"}}}},"response":[{"id":"9b3deede-f230-44c8-aba2-180f512ecb92","name":"Update POS Payment Response","originalRequest":{"url":{"path":["updatePOSPayment"],"host":["{{baseUrl}}"],"query":[],"variable":[]},"header":[{"key":"Accept","value":"application/json"}],"method":"POST","body":{"mode":"raw","raw":"{\n  \"confirmationNumber\": \"<string>\",\n  \"header\": {\n    \"applicationID\": \"string\",\n    \"paymentChannel\": \"Unknown\",\n    \"securityKey\": \"string\",\n    \"sourceIP\": \"<string>\"\n  },\n  \"issuerScriptResult\": \"<string>\",\n  \"userID\": \"<string>\",\n  \"interactionID\": \"<string>\"\n}","options":{"raw":{"language":"json"}}}},"status":"OK","code":200,"header":[{"key":"Content-Type","value":"application/json"}],"body":"{\n  \"returnCode\": \"Unknown\",\n  \"resultMessage\": \"elit Duis anim consectetur sed\",\n  \"timeoutLimit\": -77642183\n}","cookie":[],"_postman_previewlanguage":"json"}],"event":[],"protocolProfileBehavior":{"disableBodyPruning":true}},{"id":"b6d56d3b-4663-4650-823e-7944ae047ca5","name":"Recurring Payment CRD","request":{"name":"Recurring Payment CRD","description":{},"url":{"path":["recurringPaymentCRD"],"host":["{{baseUrl}}"],"query":[],"variable":[]},"header":[{"key":"Content-Type","value":"application/json"},{"key":"Accept","value":"application/json"}],"method":"POST","auth":null,"body":{"mode":"raw","raw":"{\n  \"action\": \"Unknown\",\n  \"header\": {\n    \"applicationID\": \"<string>\",\n    \"paymentChannel\": \"Unknown\",\n    \"securityKey\": \"<string>\",\n    \"sourceIP\": \"<string>\"\n  },\n  \"recurringPaymentInfo\": {\n    \"beginDate\": \"<string>\",\n    \"createdDate\": \"<string>\",\n    \"endDate\": \"<string>\",\n    \"intervalParam1\": \"<string>\",\n    \"intervalParam2\": \"<string>\",\n    \"intervalParam3\": \"<string>\",\n    \"paymentAmount\": \"<decimal>\",\n    \"recurringIntervalType\": \"Unknown\",\n    \"registrationID\": \"<string>\",\n    \"recurringPaymentID\": \"<string>\",\n    \"nextPayDate\": \"<string>\",\n    \"nextPayDateFlag\": \"<string>\",\n    \"disabledDate\": \"<string>\",\n    \"intervalParam4\": \"<string>\",\n    \"convFeeAmount\": \"<decimal>\",\n    \"reference\": \"<string>\",\n    \"isDisabled\": \"<boolean>\",\n    \"scheduleType\": \"<integer>\",\n    \"paymentCount\": \"<integer>\",\n    \"failedCount\": \"<integer>\",\n    \"amountPaid\": \"<decimal>\",\n    \"targetAmount\": \"<decimal>\",\n    \"disabledReason\": \"<string>\",\n    \"payeeID\": \"<string>\",\n    \"chargeDDACode\": \"<string>\",\n    \"alterAutoPayDDACode\": \"<string>\",\n    \"authMedium\": \"<string>\"\n  },\n  \"userID\": \"<string>\",\n  \"interactionID\": \"<string>\",\n  \"recurringID\": \"<string>\"\n}","options":{"raw":{"language":"json"}}}},"response":[{"id":"7355cbd4-ef26-4701-9fa7-7c498a1fca2b","name":"Recurring Payment Schedule Response","originalRequest":{"url":{"path":["recurringPaymentCRD"],"host":["{{baseUrl}}"],"query":[],"variable":[]},"header":[{"key":"Accept","value":"application/json"}],"method":"POST","body":{"mode":"raw","raw":"{\n  \"header\": {\n    \"applicationID\": \"1451\",\n    \"securityKey\": \"hljkhk#@lkj\",\n    \"paymentChannel\": \"Web\",\n    \"sourceIP\": \"\"\n  },\n  \"userID\": \"TestuserID\",\n  \"interactionID\": \"\",\n  \"action\": \"Create\",\n  \"recurringPaymentInfo\": {\n    \"recurringPaymentID\": \"\",\n    \"registrationID\": \"3047418\",\n    \"beginDate\": \"04/01/2023\",\n    \"endDate\": \"04/22/2026\",\n    \"nextPayDate\": \"\",\n    \"nextPayDateFlag\": \"\",\n    \"disabledDate\": \"\",\n    \"createdDate\": \"\",\n    \"recurringIntervalType\": \"Daily\",\n    \"intervalParam1\": \"\",\n    \"intervalParam2\": \"\",\n    \"intervalParam3\": \"\",\n    \"intervalParam4\": \"\",\n    \"paymentAmount\": 50.01,\n    \"convFeeAmount\": 0,\n    \"reference\": \"1234567890123 03/27/2023\",\n    \"isDisabled\": false,\n    \"scheduleType\": 1,\n    \"paymentCount\": 0,\n    \"failedCount\": 0,\n    \"amountPaid\": 0,\n    \"targetAmount\": 0,\n    \"disabledReason\": \"\"\n  },\n  \"recurringID\": \"\"\n}","options":{"raw":{"language":"json"}}}},"status":"OK","code":200,"header":[{"key":"Content-Type","value":"application/json"}],"body":"{\n  \"returnCode\": \"Success\",\n  \"timeoutLimit\": 180,\n  \"recurringID\": \"401550\"\n}","cookie":[],"_postman_previewlanguage":"json"}],"event":[],"protocolProfileBehavior":{"disableBodyPruning":true}},{"id":"9c227369-257a-4c99-ab4c-053efe60a254","name":"Recurring Payment Inquiry","request":{"name":"Recurring Payment Inquiry","description":{},"url":{"path":["recurringPaymentInquiry"],"host":["{{baseUrl}}"],"query":[],"variable":[]},"header":[{"key":"Content-Type","value":"application/json"},{"key":"Accept","value":"application/json"}],"method":"POST","auth":null,"body":{"mode":"raw","raw":"{\n  \"header\": {\n    \"applicationID\": \"<string>\",\n    \"paymentChannel\": \"Unknown\",\n    \"securityKey\": \"<string>\",\n    \"sourceIP\": \"<string>\"\n  },\n  \"recurringID\": \"<string>\",\n  \"userID\": \"<string>\",\n  \"interactionID\": \"<string>\"\n}","options":{"raw":{"language":"json"}}}},"response":[{"id":"f5e8205e-5a26-41bf-81ef-e13315bbeb79","name":"Recurring Payment Inquiry Response","originalRequest":{"url":{"path":["recurringPaymentInquiry"],"host":["{{baseUrl}}"],"query":[],"variable":[]},"header":[{"key":"Accept","value":"application/json"}],"method":"POST","body":{"mode":"raw","raw":"{\n  \"header\": {\n    \"applicationID\": \"string\",\n    \"paymentChannel\": \"Unknown\",\n    \"securityKey\": \"string\",\n    \"sourceIP\": \"<string>\"\n  },\n  \"recurringID\": \"<string>\",\n  \"userID\": \"<string>\",\n  \"interactionID\": \"<string>\"\n}","options":{"raw":{"language":"json"}}}},"status":"OK","code":200,"header":[{"key":"Content-Type","value":"application/json"}],"body":"{\n  \"returnCode\": \"Unknown\",\n  \"resultMessage\": \"sunt\",\n  \"timeoutLimit\": -65735377,\n  \"recurringPaymentInfo\": {\n    \"beginDate\": \"string\",\n    \"createdDate\": \"string\",\n    \"endDate\": \"string\",\n    \"intervalParam1\": \"string\",\n    \"intervalParam2\": \"string\",\n    \"intervalParam3\": \"string\",\n    \"paymentAmount\": 0,\n    \"recurringIntervalType\": \"Unknown\",\n    \"registrationID\": \"string\",\n    \"recurringPaymentID\": \"<string>\",\n    \"nextPayDate\": \"<string>\",\n    \"nextPayDateFlag\": \"<string>\",\n    \"disabledDate\": \"<string>\",\n    \"intervalParam4\": \"<string>\",\n    \"convFeeAmount\": \"<decimal>\",\n    \"reference\": \"<string>\",\n    \"isDisabled\": false,\n    \"scheduleType\": 0,\n    \"paymentCount\": 0,\n    \"failedCount\": 0,\n    \"amountPaid\": \"<decimal>\",\n    \"targetAmount\": \"<decimal>\",\n    \"disabledReason\": \"<string>\",\n    \"payeeID\": \"<string>\",\n    \"chargeDDACode\": \"<string>\",\n    \"alterAutoPayDDACode\": \"<string>\",\n    \"authMedium\": \"Unknown\"\n  }\n}","cookie":[],"_postman_previewlanguage":"json"}],"event":[],"protocolProfileBehavior":{"disableBodyPruning":true}},{"id":"f846838d-1baa-419a-813e-c202b3a64ec1","name":"Retrieve Schedules","request":{"name":"Retrieve Schedules","description":{},"url":{"path":["retrieveSchedules"],"host":["{{baseUrl}}"],"query":[],"variable":[]},"header":[{"key":"Content-Type","value":"application/json"},{"key":"Accept","value":"application/json"}],"method":"POST","auth":null,"body":{"mode":"raw","raw":"{\n  \"header\": {\n    \"applicationID\": \"<string>\",\n    \"paymentChannel\": \"Unknown\",\n    \"securityKey\": \"<string>\",\n    \"sourceIP\": \"<string>\"\n  },\n  \"keyID\": \"<string>\",\n  \"keyType\": \"Unknown\",\n  \"recurringID\": \"<string>\",\n  \"securityKey\": \"<string>\",\n  \"userID\": \"<string>\",\n  \"interactionID\": \"<string>\",\n  \"registrationID\": \"<string>\",\n  \"registrationLookup\": \"<string>\",\n  \"payeeID\": \"<string>\"\n}","options":{"raw":{"language":"json"}}}},"response":[{"id":"4a4df85c-cf66-401c-97a0-fdc49acd5bf7","name":"Retrieve schedule Response","originalRequest":{"url":{"path":["retrieveSchedules"],"host":["{{baseUrl}}"],"query":[],"variable":[]},"header":[{"key":"Accept","value":"application/json"}],"method":"POST","body":{"mode":"raw","raw":"{\n  \"header\": {\n    \"applicationID\": \"1451\",\n    \"securityKey\": \"hljkhk#@lkj\",\n    \"paymentChannel\": \"Web\",\n    \"sourceIP\": \"\"\n  },\n  \"userID\": \"\",\n  \"interactionID\": \"\",\n  \"keyType\": \"Site\",\n  \"keyID\": \"424\",\n  \"securityKey\": \"Jk2gsolc!\",\n  \"recurringID\": \"194337\",\n  \"registrationID\": \"\",\n  \"registrationLookup\": \"\"\n}","options":{"raw":{"language":"json"}}}},"status":"OK","code":200,"header":[{"key":"Content-Type","value":"application/json"}],"body":"{\n  \"returnCode\": \"Success\",\n  \"timeoutLimit\": 180,\n  \"maxResultsLimit\": 500,\n  \"scheduleCount\": 1,\n  \"resultsExceededLimit\": false,\n  \"schedules\": [\n    {\n      \"appID\": \"451\",\n      \"recurringPaymentID\": \"194337\",\n      \"registrationID\": \"3047418\",\n      \"beginDate\": \"07/10/2022\",\n      \"endDate\": \"08/22/2026\",\n      \"nextPayDate\": \"05/22/2023\",\n      \"createdDate\": \"7/9/2021 8:53:57 AM\",\n      \"recurringIntervalType\": \"Monthly\",\n      \"intervalParam1\": \"Days\",\n      \"intervalParam2\": \"22\",\n      \"paymentAmount\": 50.01,\n      \"convFeeAmount\": 0,\n      \"reference\": \"1111111111111111 06/09/2021\",\n      \"scheduleType\": 1,\n      \"isDisabled\": false\n    }\n  ]\n}","cookie":[],"_postman_previewlanguage":"json"}],"event":[],"protocolProfileBehavior":{"disableBodyPruning":true}},{"id":"afb1c63b-9e42-498e-8b97-94e320250cb7","name":"Registration Lookup FS","request":{"name":"Registration Lookup FS","description":{},"url":{"path":["registrationLookupFS"],"host":["{{baseUrl}}"],"query":[],"variable":[]},"header":[{"key":"Content-Type","value":"application/json"},{"key":"Accept","value":"application/json"}],"method":"POST","auth":null,"body":{"mode":"raw","raw":"{\n  \"header\": {\n    \"applicationID\": \"<string>\",\n    \"paymentChannel\": \"Unknown\",\n    \"securityKey\": \"<string>\",\n    \"sourceIP\": \"<string>\"\n  },\n  \"keyID\": \"<string>\",\n  \"keyType\": \"Unknown\",\n  \"registrationID\": \"<string>\",\n  \"registrationLookup\": \"<string>\",\n  \"securityKey\": \"<string>\",\n  \"userID\": \"<string>\",\n  \"interactionID\": \"<string>\"\n}","options":{"raw":{"language":"json"}}}},"response":[{"id":"7c85afe3-56fe-44eb-8852-47fdeb4b1b95","name":"Registration Lookup FS Response","originalRequest":{"url":{"path":["registrationLookupFS"],"host":["{{baseUrl}}"],"query":[],"variable":[]},"header":[{"key":"Accept","value":"application/json"}],"method":"POST","body":{"mode":"raw","raw":"{\n  \"header\": {\n    \"applicationID\": \"1451\",\n    \"securityKey\": \"hljkhk#@lkj\",\n    \"paymentChannel\": \"Web\",\n    \"sourceIP\": \"\"\n  },\n  \"userID\": \"TestuserID\",\n  \"interactionID\": \"\",\n  \"keyType\": \"Site\",\n  \"keyID\": \"424\",\n  \"securityKey\": \"Jk2gsolc\",\n  \"registrationID\": \"3047418\",\n  \"registrationLookup\": \"\"\n}","options":{"raw":{"language":"json"}}}},"status":"OK","code":200,"header":[{"key":"Content-Type","value":"application/json"}],"body":"{\n  \"returnCode\": \"Success\",\n  \"resultMessage\": \"\",\n  \"timeoutLimit\": 180,\n  \"maxResultsLimit\": 500,\n  \"registrationCount\": 1,\n  \"resultsExceededLimit\": false,\n  \"registrations\": [\n    {\n      \"registrationID\": \"3047418\",\n      \"registrationFlags\": \"\",\n      \"createdDate\": \"7/8/2021 4:30:21 PM\",\n      \"lastActive\": \"2/28/2023 6:01:44 AM\",\n      \"paymentMedium\": \"eCheck\",\n      \"nameFirst\": \"\",\n      \"nameLast\": \"\",\n      \"nameFull\": \"John Doe\",\n      \"accountType\": \"Checking\",\n      \"bankAccount\": \"2345\",\n      \"bankRouting\": \"304083396\",\n      \"cardNumber\": \"\",\n      \"expDate\": \"\",\n      \"cardType\": \"\"\n    }\n  ]\n}","cookie":[],"_postman_previewlanguage":"json"}],"event":[],"protocolProfileBehavior":{"disableBodyPruning":true}},{"id":"ad6a7285-8977-4e31-a1e7-089b97803e30","name":"Payment Status","request":{"name":"Payment Status","description":{},"url":{"path":["paymentStatus"],"host":["{{baseUrl}}"],"query":[],"variable":[]},"header":[{"key":"Content-Type","value":"application/json"},{"key":"Accept","value":"application/json"}],"method":"POST","auth":null,"body":{"mode":"raw","raw":"{\n  \"header\": {\n    \"applicationID\": \"<string>\",\n    \"paymentChannel\": \"Unknown\",\n    \"securityKey\": \"<string>\",\n    \"sourceIP\": \"<string>\"\n  },\n  \"userID\": \"<string>\",\n  \"interactionID\": \"<string>\",\n  \"confirmationNumber\": \"<string>\",\n  \"reference\": \"<string>\"\n}","options":{"raw":{"language":"json"}}}},"response":[{"id":"33c80a75-14cd-4261-a6d6-fe629faf2a90","name":"Retrieve the payment status Response","originalRequest":{"url":{"path":["paymentStatus"],"host":["{{baseUrl}}"],"query":[],"variable":[]},"header":[{"key":"Accept","value":"application/json"}],"method":"POST","body":{"mode":"raw","raw":"{\n  \"header\": {\n    \"applicationID\": \"string\",\n    \"paymentChannel\": \"Unknown\",\n    \"securityKey\": \"string\",\n    \"sourceIP\": \"<string>\"\n  },\n  \"userID\": \"<string>\",\n  \"interactionID\": \"<string>\",\n  \"confirmationNumber\": \"<string>\",\n  \"reference\": \"<string>\"\n}","options":{"raw":{"language":"json"}}}},"status":"OK","code":200,"header":[{"key":"Content-Type","value":"application/json"}],"body":"{\n  \"returnCode\": \"Unknown\",\n  \"resultMessage\": \"cillum dolore\",\n  \"timeoutLimit\": 10883618,\n  \"paymentStatus\": \"Non_Sufficient_Funds\",\n  \"confirmationNumber\": \"amet voluptate\",\n  \"netAmount\": -68133040.4173412,\n  \"grossAmount\": 82245696.9566339,\n  \"paymentTimestamp\": \"consequat\",\n  \"paymentPostDate\": \"dolor dolore\",\n  \"authorizationCode\": \"Ut mollit\",\n  \"customReference\": \"ea deserunt mollit ad\"\n}","cookie":[],"_postman_previewlanguage":"json"}],"event":[],"protocolProfileBehavior":{"disableBodyPruning":true}},{"id":"3f115801-82b3-4759-9a15-38e0d2e04937","name":"Retrieve Payments","request":{"name":"Retrieve Payments","description":{},"url":{"path":["retrievePayments"],"host":["{{baseUrl}}"],"query":[],"variable":[]},"header":[{"key":"Content-Type","value":"application/json"},{"key":"Accept","value":"application/json"}],"method":"POST","auth":null,"body":{"mode":"raw","raw":"{\n  \"dateRangeIsPostDate\": \"<boolean>\",\n  \"endDate\": \"<string>\",\n  \"header\": {\n    \"applicationID\": \"<string>\",\n    \"paymentChannel\": \"Unknown\",\n    \"securityKey\": \"<string>\",\n    \"sourceIP\": \"<string>\"\n  },\n  \"keyID\": \"<string>\",\n  \"keyType\": \"Unknown\",\n  \"securityKey\": \"<string>\",\n  \"startDate\": \"<string>\",\n  \"userID\": \"<string>\",\n  \"interactionID\": \"<string>\",\n  \"accountNumber\": \"<string>\",\n  \"confirmationNumber\": \"<string>\",\n  \"name\": \"<string>\",\n  \"payeeID\": \"<string>\",\n  \"customReference\": \"<string>\",\n  \"registrationID\": \"<string>\",\n  \"recurringPaymentID\": \"<string>\",\n  \"transactionID\": \"<string>\",\n  \"paymentID\": \"<string>\",\n  \"resultCodes\": [\n    {\n      \"ePayResultCode\": \"Unknown\"\n    },\n    {\n      \"ePayResultCode\": \"Unknown\"\n    }\n  ],\n  \"paymentUserID\": \"<string>\",\n  \"exceptionStatus\": \"Unknown\",\n  \"exceptionUserID\": \"<string>\",\n  \"registrationLookup\": \"<string>\",\n  \"paymentCommand\": \"Unknown\",\n  \"paymentTypes\": \"Unknown\",\n  \"paymentPortion\": \"Unknown\",\n  \"DatedPayments\": \"Unknown\"\n}","options":{"raw":{"language":"json"}}}},"response":[{"id":"44370d6e-7ae6-4f59-8098-31a8b4b86eac","name":"Retrieve Payments Response","originalRequest":{"url":{"path":["retrievePayments"],"host":["{{baseUrl}}"],"query":[],"variable":[]},"header":[{"key":"Accept","value":"application/json"}],"method":"POST","body":{"mode":"raw","raw":"{\n  \"header\": {\n    \"applicationID\": \"1451\",\n    \"securityKey\": \"hljkhk#@lkj\",\n    \"paymentChannel\": \"Web\",\n    \"sourceIP\": \"\"\n  },\n  \"userID\": \"TestuserID\",\n  \"interactionID\": \"\",\n  \"keyType\": \"Site\",\n  \"keyID\": \"424\",\n  \"securityKey\": \"Jk2gsolc\",\n  \"startDate\": \"02/09/2023\",\n  \"endDate\": \"04/13/2023\",\n  \"dateRangeIsPostDate\": true,\n  \"payeeID\": \"accountnumber123\",\n  \"exceptionStatus\": \"Unknown\",\n  \"resultCodes\": [\n    {\n      \"ePayResultCode\": \"Payment_Pending\"\n    },\n    {\n      \"ePayResultCode\": \"Payment_Success\"\n    },\n    {\n      \"ePayResultCode\": \"Settlement_Pending\"\n    }\n  ]\n}","options":{"raw":{"language":"json"}}}},"status":"OK","code":200,"header":[{"key":"Content-Type","value":"application/json"}],"body":"{\n  \"returnCode\": \"Success\",\n  \"timeoutLimit\": 180,\n  \"payments\": [\n    {\n      \"transactionID\": \"15692918\",\n      \"paymentID\": \"17026209\",\n      \"appID\": \"451\",\n      \"transactionResultCode\": \"Payment_Pending\",\n      \"paymentResultCode\": \"Payment_Pending\",\n      \"paymentTimestamp\": \"03/27/2023 11:11:08 AM\",\n      \"paymentAmount\": 2,\n      \"originalTransactionAmount\": 2,\n      \"netTransactionAmount\": 0,\n      \"customReference\": \"accountnumber\",\n      \"payeeID\": \"r123\",\n      \"registrationID\": \"4235931\",\n      \"fullName\": \"John Doe\",\n      \"firstName\": \"John\",\n      \"lastName\": \"Doe\",\n      \"accountNumber\": \"2345\",\n      \"paymentMedium\": \"eCheck\",\n      \"eftAccountType\": \"Checking\",\n      \"cardType\": \"Unknown\",\n      \"paymentChannel\": \"Web\",\n      \"lastPaymentStatus\": \"Sale_Prep\",\n      \"userID\": \"clientUserID\",\n      \"paymentPostDate\": \"04/10/2023\",\n      \"confirmationNumber\": \"23032719056826\",\n      \"routingNumber\": \"304083396\"\n    }\n  ],\n  \"paymentCount\": 1,\n  \"resultsExceededLimit\": false,\n  \"maxResultsLimit\": 500\n}","cookie":[],"_postman_previewlanguage":"json"}],"event":[],"protocolProfileBehavior":{"disableBodyPruning":true}},{"id":"724cd3ea-61e6-4eef-97f3-3103f3a05e39","name":"Retrieve PaymentsEx","request":{"name":"Retrieve PaymentsEx","description":{},"url":{"path":["retrievePaymentsEx"],"host":["{{baseUrl}}"],"query":[],"variable":[]},"header":[{"key":"Content-Type","value":"application/json"},{"key":"Accept","value":"application/json"}],"method":"POST","auth":null,"body":{"mode":"raw","raw":"{\n  \"dateRangeIsPostDate\": \"<boolean>\",\n  \"endDate\": \"<string>\",\n  \"header\": {\n    \"applicationID\": \"<string>\",\n    \"paymentChannel\": \"Unknown\",\n    \"securityKey\": \"<string>\",\n    \"sourceIP\": \"<string>\"\n  },\n  \"keyID\": \"<string>\",\n  \"keyType\": \"Unknown\",\n  \"securityKey\": \"<string>\",\n  \"startDate\": \"<string>\",\n  \"userID\": \"<string>\",\n  \"interactionID\": \"<string>\",\n  \"accountNumber\": \"<string>\",\n  \"confirmationNumber\": \"<string>\",\n  \"name\": \"<string>\",\n  \"payeeID\": \"<string>\",\n  \"customReference\": \"<string>\",\n  \"registrationID\": \"<string>\",\n  \"recurringPaymentID\": \"<string>\",\n  \"transactionID\": \"<string>\",\n  \"paymentID\": \"<string>\",\n  \"resultCodes\": [\n    {\n      \"ePayResultCode\": \"Unknown\"\n    },\n    {\n      \"ePayResultCode\": \"Unknown\"\n    }\n  ],\n  \"paymentUserID\": \"<string>\",\n  \"exceptionStatus\": \"Unknown\",\n  \"exceptionUserID\": \"<string>\",\n  \"registrationLookup\": \"<string>\",\n  \"paymentCommand\": \"Unknown\",\n  \"paymentTypes\": \"Unknown\",\n  \"paymentPortion\": \"Unknown\",\n  \"DatedPayments\": \"Unknown\"\n}","options":{"raw":{"language":"json"}}}},"response":[{"id":"8b0d6f6e-43e6-4f11-950b-01f047b883e1","name":"Retrieve PaymentsEx Response","originalRequest":{"url":{"path":["retrievePaymentsEx"],"host":["{{baseUrl}}"],"query":[],"variable":[]},"header":[{"key":"Accept","value":"application/json"}],"method":"POST","body":{"mode":"raw","raw":"{\n  \"header\": {\n    \"applicationID\": \"1451\",\n    \"securityKey\": \"hljkhk#@lkj\",\n    \"paymentChannel\": \"Web\",\n    \"sourceIP\": \"\"\n  },\n  \"userID\": \"TestuserID\",\n  \"interactionID\": \"\",\n  \"keyType\": \"Site\",\n  \"keyID\": \"424\",\n  \"securityKey\": \"Jk2gsolc\",\n  \"startDate\": \"02/09/2023\",\n  \"endDate\": \"04/13/2023\",\n  \"dateRangeIsPostDate\": true,\n  \"payeeID\": \"accountnumber123\",\n  \"exceptionStatus\": \"Unknown\",\n  \"resultCodes\": [\n    {\n      \"ePayResultCode\": \"Payment_Pending\"\n    },\n    {\n      \"ePayResultCode\": \"Payment_Success\"\n    },\n    {\n      \"ePayResultCode\": \"Settlement_Pending\"\n    }\n  ]\n}","options":{"raw":{"language":"json"}}}},"status":"OK","code":200,"header":[{"key":"Content-Type","value":"application/json"}],"body":"{\n  \"returnCode\": \"Success\",\n  \"timeoutLimit\": 180,\n  \"payments\": [\n    {\n      \"transactionID\": \"15692918\",\n      \"paymentID\": \"17026209\",\n      \"appID\": \"451\",\n      \"transactionResultCode\": \"Payment_Pending\",\n      \"paymentResultCode\": \"Payment_Pending\",\n      \"paymentTimestamp\": \"03/27/2023 11:11:08 AM\",\n      \"paymentAmount\": 2,\n      \"originalTransactionAmount\": 2,\n      \"netTransactionAmount\": 0,\n      \"customReference\": \"accountnumber\",\n      \"payeeID\": \"r123\",\n      \"registrationID\": \"4235931\",\n      \"fullName\": \"John Doe\",\n      \"firstName\": \"John\",\n      \"lastName\": \"Doe\",\n      \"accountNumber\": \"2345\",\n      \"paymentMedium\": \"eCheck\",\n      \"eftAccountType\": \"Checking\",\n      \"cardType\": \"Unknown\",\n      \"paymentChannel\": \"Web\",\n      \"lastPaymentStatus\": \"Sale_Prep\",\n      \"userID\": \"clientUserID\",\n      \"paymentPostDate\": \"04/10/2023\",\n      \"confirmationNumber\": \"23032719056826\",\n      \"routingNumber\": \"304083396\",\n      \"paymentCommand\": \"SALE\",\n      \"paymentCode\": \"Primary\"\n    }\n  ],\n  \"paymentCount\": 1,\n  \"resultsExceededLimit\": false,\n  \"maxResultsLimit\": 500\n}","cookie":[],"_postman_previewlanguage":"json"}],"event":[],"protocolProfileBehavior":{"disableBodyPruning":true}},{"id":"c7885985-4cab-47c6-968f-61d41df584fe","name":"Retrieve PaymentsFS","request":{"name":"Retrieve PaymentsFS","description":{},"url":{"path":["retrievePaymentsFS"],"host":["{{baseUrl}}"],"query":[],"variable":[]},"header":[{"key":"Content-Type","value":"application/json"},{"key":"Accept","value":"application/json"}],"method":"POST","auth":null,"body":{"mode":"raw","raw":"{\n  \"dateRangeIsPostDate\": \"<boolean>\",\n  \"endDate\": \"<string>\",\n  \"header\": {\n    \"applicationID\": \"<string>\",\n    \"paymentChannel\": \"Unknown\",\n    \"securityKey\": \"<string>\",\n    \"sourceIP\": \"<string>\"\n  },\n  \"keyID\": \"<string>\",\n  \"keyType\": \"Unknown\",\n  \"securityKey\": \"<string>\",\n  \"startDate\": \"<string>\",\n  \"userID\": \"<string>\",\n  \"interactionID\": \"<string>\",\n  \"registrationID\": \"<string>\",\n  \"registrationLookup\": \"<string>\",\n  \"paymentCommand\": \"Unknown\",\n  \"paymentTypes\": \"Unknown\",\n  \"paymentPortion\": \"Unknown\",\n  \"DatedPayments\": \"Unknown\"\n}","options":{"raw":{"language":"json"}}}},"response":[{"id":"eed4303f-3980-4195-a2c3-349dd00bb9cb","name":"Retrieve PaymentsFS Response","originalRequest":{"url":{"path":["retrievePaymentsFS"],"host":["{{baseUrl}}"],"query":[],"variable":[]},"header":[{"key":"Accept","value":"application/json"}],"method":"POST","body":{"mode":"raw","raw":"{\n  \"header\": {\n    \"applicationID\": \"1451\",\n    \"securityKey\": \"hljkhk#@lkj\",\n    \"paymentChannel\": \"Web\",\n    \"sourceIP\": \"\"\n  },\n  \"userID\": \"TestuserID\",\n  \"interactionID\": \"\",\n  \"keyType\": \"Site\",\n  \"keyID\": \"424\",\n  \"securityKey\": \"Jk2gsolc\",\n  \"startDate\": \"02/09/2023\",\n  \"endDate\": \"04/13/2023\",\n  \"dateRangeIsPostDate\": true,\n  \"payeeID\": \"accountnumber123\",\n  \"registrationID\": \"4235931\"\n}","options":{"raw":{"language":"json"}}}},"status":"OK","code":200,"header":[{"key":"Content-Type","value":"application/json"}],"body":"{\n  \"returnCode\": \"Success\",\n  \"timeoutLimit\": 180,\n  \"payments\": [\n    {\n      \"transactionID\": \"15692918\",\n      \"paymentID\": \"17026209\",\n      \"appID\": \"451\",\n      \"confirmationNumber\": \"23032719056826\",\n      \"transactionResultCode\": \"Settlement_Pending\",\n      \"paymentTimestamp\": \"03/27/2023 11:11:08 AM\",\n      \"paymentPostDate\": \"04/10/2023\",\n      \"paymentAmount\": 2,\n      \"originalTransactionAmount\": 2,\n      \"netTransactionAmount\": 2,\n      \"customReference\": \"accountnumber\",\n      \"payeeID\": \"r123\",\n      \"registrationID\": \"4235931\",\n      \"fullName\": \"TestnameFull\",\n      \"firstName\": \"TestnameFirstUpdate\",\n      \"lastName\": \"TestnameLastUpdate\",\n      \"accountNumber\": \"2345\",\n      \"routingNumber\": \"304083396\",\n      \"paymentMedium\": \"eCheck\",\n      \"eftAccountType\": \"Checking\",\n      \"cardType\": \"Unknown\",\n      \"paymentChannel\": \"Web\",\n      \"userID\": \"arno\",\n      \"paymentCommand\": \"SALE\",\n      \"paymentCode\": \"Primary\"\n    }\n  ],\n  \"paymentCount\": 1,\n  \"resultsExceededLimit\": false,\n  \"maxResultsLimit\": 500\n}","cookie":[],"_postman_previewlanguage":"json"}],"event":[],"protocolProfileBehavior":{"disableBodyPruning":true}},{"id":"e56f7f28-f524-4c3f-aa5e-dbde2414bc51","name":"Registration Inquiry","request":{"name":"Registration Inquiry","description":{},"url":{"path":["registrationInquiry"],"host":["{{baseUrl}}"],"query":[],"variable":[]},"header":[{"key":"Content-Type","value":"application/json"},{"key":"Accept","value":"application/json"}],"method":"POST","auth":null,"body":{"mode":"raw","raw":"{\n  \"header\": {\n    \"applicationID\": \"<string>\",\n    \"paymentChannel\": \"Unknown\",\n    \"securityKey\": \"<string>\",\n    \"sourceIP\": \"<string>\"\n  },\n  \"registrationID\": \"<string>\",\n  \"userID\": \"<string>\",\n  \"interactionID\": \"<string>\"\n}","options":{"raw":{"language":"json"}}}},"response":[{"id":"525a7f6f-42ce-4d1b-b826-93e340d58d1b","name":"Registration Inquiry Response","originalRequest":{"url":{"path":["registrationInquiry"],"host":["{{baseUrl}}"],"query":[],"variable":[]},"header":[{"key":"Accept","value":"application/json"}],"method":"POST","body":{"mode":"raw","raw":"{\n  \"header\": {\n    \"applicationID\": \"string\",\n    \"paymentChannel\": \"Unknown\",\n    \"securityKey\": \"string\",\n    \"sourceIP\": \"<string>\"\n  },\n  \"registrationID\": \"string\",\n  \"userID\": \"<string>\",\n  \"interactionID\": \"<string>\"\n}","options":{"raw":{"language":"json"}}}},"status":"OK","code":200,"header":[{"key":"Content-Type","value":"application/json"}],"body":"{\n  \"returnCode\": \"Network_Error\",\n  \"resultMessage\": \"Ut elit magna\",\n  \"timeoutLimit\": -9823966,\n  \"paymentInfo\": {\n    \"paymentMedium\": \"Unknown\",\n    \"paymentInfoEFT\": {\n      \"accountType\": \"Unknown\",\n      \"authorizationMedium\": \"Unknown\",\n      \"bankAccountNumber\": \"<string>\",\n      \"bankRoutingNumber\": \"<string>\",\n      \"bankState\": \"<string>\",\n      \"bankName\": \"<string>\",\n      \"driversLicenseNumber\": \"<string>\",\n      \"driversLicenseState\": \"<string>\",\n      \"ssn\": \"<string>\",\n      \"businessName\": \"<string>\",\n      \"federalTaxID\": \"<string>\",\n      \"userIPAddress\": \"<string>\",\n      \"preNoteStatus\": \"Unknown\",\n      \"recurringIndicator\": \"S\",\n      \"addressShipping\": {\n        \"nameFirst\": \"<string>\",\n        \"nameLast\": \"<string>\",\n        \"nameMiddle\": \"<string>\",\n        \"nameFull\": \"<string>\",\n        \"phone1\": \"<string>\",\n        \"phone2\": \"<string>\",\n        \"email\": \"<string>\",\n        \"street1\": \"<string>\",\n        \"street2\": \"<string>\",\n        \"city\": \"<string>\",\n        \"state\": \"<string>\",\n        \"zip\": \"<string>\",\n        \"country\": \"<string>\"\n      },\n      \"addressBilling\": {\n        \"nameFirst\": \"<string>\",\n        \"nameLast\": \"<string>\",\n        \"nameMiddle\": \"<string>\",\n        \"nameFull\": \"<string>\",\n        \"phone1\": \"<string>\",\n        \"phone2\": \"<string>\",\n        \"email\": \"<string>\",\n        \"street1\": \"<string>\",\n        \"street2\": \"<string>\",\n        \"city\": \"<string>\",\n        \"state\": \"<string>\",\n        \"zip\": \"<string>\",\n        \"country\": \"<string>\"\n      }\n    },\n    \"paymentInfoCC\": {\n      \"cardNumber\": \"<string>\",\n      \"expirationDate\": \"<string>\",\n      \"expirationMonth\": \"<string>\",\n      \"expirationYear\": \"<string>\",\n      \"pinData\": \"<string>\",\n      \"pinKeySerialNumber\": \"<string>\",\n      \"purchaseID\": \"<string>\",\n      \"trackData\": \"<string>\",\n      \"cvv2\": \"<string>\",\n      \"userIPAddress\": \"<string>\",\n      \"billingAddress\": {\n        \"nameFirst\": \"<string>\",\n        \"nameLast\": \"<string>\",\n        \"nameMiddle\": \"<string>\",\n        \"nameFull\": \"<string>\",\n        \"phone1\": \"<string>\",\n        \"phone2\": \"<string>\",\n        \"email\": \"<string>\",\n        \"street1\": \"<string>\",\n        \"street2\": \"<string>\",\n        \"city\": \"<string>\",\n        \"state\": \"<string>\",\n        \"zip\": \"<string>\",\n        \"country\": \"<string>\"\n      },\n      \"shippingAddress\": {\n        \"nameFirst\": \"<string>\",\n        \"nameLast\": \"<string>\",\n        \"nameMiddle\": \"<string>\",\n        \"nameFull\": \"<string>\",\n        \"phone1\": \"<string>\",\n        \"phone2\": \"<string>\",\n        \"email\": \"<string>\",\n        \"street1\": \"<string>\",\n        \"street2\": \"<string>\",\n        \"city\": \"<string>\",\n        \"state\": \"<string>\",\n        \"zip\": \"<string>\",\n        \"country\": \"<string>\"\n      },\n      \"cardType\": \"Unknown\",\n      \"cardStatusFlag\": \"Unknown\",\n      \"eCommerceGoodsFlag\": false,\n      \"installment\": false,\n      \"installmentSequence\": \"<integer>\",\n      \"installmentCount\": \"<integer>\"\n    }\n  }\n}","cookie":[],"_postman_previewlanguage":"json"}],"event":[],"protocolProfileBehavior":{"disableBodyPruning":true}},{"id":"aed28832-37fe-4598-b965-5154fc7814b2","name":"Registration Lookup.","request":{"name":"Registration Lookup.","description":{},"url":{"path":["registrationLookup"],"host":["{{baseUrl}}"],"query":[],"variable":[]},"header":[{"key":"Content-Type","value":"application/json"},{"key":"Accept","value":"application/json"}],"method":"POST","auth":null,"body":{"mode":"raw","raw":"{\n  \"header\": {\n    \"applicationID\": \"<string>\",\n    \"paymentChannel\": \"Unknown\",\n    \"securityKey\": \"<string>\",\n    \"sourceIP\": \"<string>\"\n  },\n  \"lookupReference\": \"<string>\",\n  \"userID\": \"<string>\",\n  \"interactionID\": \"<string>\"\n}","options":{"raw":{"language":"json"}}}},"response":[{"id":"fffa6a08-206c-43fe-8f38-423292bcceda","name":"Registration Lookup Response","originalRequest":{"url":{"path":["registrationLookup"],"host":["{{baseUrl}}"],"query":[],"variable":[]},"header":[{"key":"Accept","value":"application/json"}],"method":"POST","body":{"mode":"raw","raw":"{\n  \"header\": {\n    \"applicationID\": \"string\",\n    \"paymentChannel\": \"Unknown\",\n    \"securityKey\": \"string\",\n    \"sourceIP\": \"<string>\"\n  },\n  \"lookupReference\": \"string\",\n  \"userID\": \"<string>\",\n  \"interactionID\": \"<string>\"\n}","options":{"raw":{"language":"json"}}}},"status":"OK","code":200,"header":[{"key":"Content-Type","value":"application/json"}],"body":"{\n  \"returnCode\": \"Unknown\",\n  \"resultMessage\": \"anim\",\n  \"timeoutLimit\": 0,\n  \"registrations\": [\n    {\n      \"paymentInfo\": {\n        \"paymentMedium\": \"Unknown\",\n        \"paymentInfoEFT\": {\n          \"accountType\": \"Unknown\",\n          \"authorizationMedium\": \"Unknown\",\n          \"bankAccountNumber\": \"<string>\",\n          \"bankRoutingNumber\": \"<string>\",\n          \"bankState\": \"<string>\",\n          \"bankName\": \"<string>\",\n          \"driversLicenseNumber\": \"<string>\",\n          \"driversLicenseState\": \"<string>\",\n          \"ssn\": \"<string>\",\n          \"businessName\": \"<string>\",\n          \"federalTaxID\": \"<string>\",\n          \"userIPAddress\": \"<string>\",\n          \"preNoteStatus\": \"Unknown\",\n          \"recurringIndicator\": \"S\",\n          \"addressShipping\": {\n            \"nameFirst\": {\n              \"value\": \"<Error: Too many levels of nesting to fake this schema>\"\n            },\n            \"nameLast\": {\n              \"value\": \"<Error: Too many levels of nesting to fake this schema>\"\n            },\n            \"nameMiddle\": {\n              \"value\": \"<Error: Too many levels of nesting to fake this schema>\"\n            },\n            \"nameFull\": {\n              \"value\": \"<Error: Too many levels of nesting to fake this schema>\"\n            },\n            \"phone1\": {\n              \"value\": \"<Error: Too many levels of nesting to fake this schema>\"\n            },\n            \"phone2\": {\n              \"value\": \"<Error: Too many levels of nesting to fake this schema>\"\n            },\n            \"email\": {\n              \"value\": \"<Error: Too many levels of nesting to fake this schema>\"\n            },\n            \"street1\": {\n              \"value\": \"<Error: Too many levels of nesting to fake this schema>\"\n            },\n            \"street2\": {\n              \"value\": \"<Error: Too many levels of nesting to fake this schema>\"\n            },\n            \"city\": {\n              \"value\": \"<Error: Too many levels of nesting to fake this schema>\"\n            },\n            \"state\": {\n              \"value\": \"<Error: Too many levels of nesting to fake this schema>\"\n            },\n            \"zip\": {\n              \"value\": \"<Error: Too many levels of nesting to fake this schema>\"\n            },\n            \"country\": {\n              \"value\": \"<Error: Too many levels of nesting to fake this schema>\"\n            }\n          },\n          \"addressBilling\": {\n            \"nameFirst\": {\n              \"value\": \"<Error: Too many levels of nesting to fake this schema>\"\n            },\n            \"nameLast\": {\n              \"value\": \"<Error: Too many levels of nesting to fake this schema>\"\n            },\n            \"nameMiddle\": {\n              \"value\": \"<Error: Too many levels of nesting to fake this schema>\"\n            },\n            \"nameFull\": {\n              \"value\": \"<Error: Too many levels of nesting to fake this schema>\"\n            },\n            \"phone1\": {\n              \"value\": \"<Error: Too many levels of nesting to fake this schema>\"\n            },\n            \"phone2\": {\n              \"value\": \"<Error: Too many levels of nesting to fake this schema>\"\n            },\n            \"email\": {\n              \"value\": \"<Error: Too many levels of nesting to fake this schema>\"\n            },\n            \"street1\": {\n              \"value\": \"<Error: Too many levels of nesting to fake this schema>\"\n            },\n            \"street2\": {\n              \"value\": \"<Error: Too many levels of nesting to fake this schema>\"\n            },\n            \"city\": {\n              \"value\": \"<Error: Too many levels of nesting to fake this schema>\"\n            },\n            \"state\": {\n              \"value\": \"<Error: Too many levels of nesting to fake this schema>\"\n            },\n            \"zip\": {\n              \"value\": \"<Error: Too many levels of nesting to fake this schema>\"\n            },\n            \"country\": {\n              \"value\": \"<Error: Too many levels of nesting to fake this schema>\"\n            }\n          }\n        },\n        \"paymentInfoCC\": {\n          \"cardNumber\": \"<string>\",\n          \"expirationDate\": \"<string>\",\n          \"expirationMonth\": \"<string>\",\n          \"expirationYear\": \"<string>\",\n          \"pinData\": \"<string>\",\n          \"pinKeySerialNumber\": \"<string>\",\n          \"purchaseID\": \"<string>\",\n          \"trackData\": \"<string>\",\n          \"cvv2\": \"<string>\",\n          \"userIPAddress\": \"<string>\",\n          \"billingAddress\": {\n            \"nameFirst\": {\n              \"value\": \"<Error: Too many levels of nesting to fake this schema>\"\n            },\n            \"nameLast\": {\n              \"value\": \"<Error: Too many levels of nesting to fake this schema>\"\n            },\n            \"nameMiddle\": {\n              \"value\": \"<Error: Too many levels of nesting to fake this schema>\"\n            },\n            \"nameFull\": {\n              \"value\": \"<Error: Too many levels of nesting to fake this schema>\"\n            },\n            \"phone1\": {\n              \"value\": \"<Error: Too many levels of nesting to fake this schema>\"\n            },\n            \"phone2\": {\n              \"value\": \"<Error: Too many levels of nesting to fake this schema>\"\n            },\n            \"email\": {\n              \"value\": \"<Error: Too many levels of nesting to fake this schema>\"\n            },\n            \"street1\": {\n              \"value\": \"<Error: Too many levels of nesting to fake this schema>\"\n            },\n            \"street2\": {\n              \"value\": \"<Error: Too many levels of nesting to fake this schema>\"\n            },\n            \"city\": {\n              \"value\": \"<Error: Too many levels of nesting to fake this schema>\"\n            },\n            \"state\": {\n              \"value\": \"<Error: Too many levels of nesting to fake this schema>\"\n            },\n            \"zip\": {\n              \"value\": \"<Error: Too many levels of nesting to fake this schema>\"\n            },\n            \"country\": {\n              \"value\": \"<Error: Too many levels of nesting to fake this schema>\"\n            }\n          },\n          \"shippingAddress\": {\n            \"nameFirst\": {\n              \"value\": \"<Error: Too many levels of nesting to fake this schema>\"\n            },\n            \"nameLast\": {\n              \"value\": \"<Error: Too many levels of nesting to fake this schema>\"\n            },\n            \"nameMiddle\": {\n              \"value\": \"<Error: Too many levels of nesting to fake this schema>\"\n            },\n            \"nameFull\": {\n              \"value\": \"<Error: Too many levels of nesting to fake this schema>\"\n            },\n            \"phone1\": {\n              \"value\": \"<Error: Too many levels of nesting to fake this schema>\"\n            },\n            \"phone2\": {\n              \"value\": \"<Error: Too many levels of nesting to fake this schema>\"\n            },\n            \"email\": {\n              \"value\": \"<Error: Too many levels of nesting to fake this schema>\"\n            },\n            \"street1\": {\n              \"value\": \"<Error: Too many levels of nesting to fake this schema>\"\n            },\n            \"street2\": {\n              \"value\": \"<Error: Too many levels of nesting to fake this schema>\"\n            },\n            \"city\": {\n              \"value\": \"<Error: Too many levels of nesting to fake this schema>\"\n            },\n            \"state\": {\n              \"value\": \"<Error: Too many levels of nesting to fake this schema>\"\n            },\n            \"zip\": {\n              \"value\": \"<Error: Too many levels of nesting to fake this schema>\"\n            },\n            \"country\": {\n              \"value\": \"<Error: Too many levels of nesting to fake this schema>\"\n            }\n          },\n          \"cardType\": \"Unknown\",\n          \"cardStatusFlag\": \"Unknown\",\n          \"eCommerceGoodsFlag\": false,\n          \"installment\": false,\n          \"installmentSequence\": \"<integer>\",\n          \"installmentCount\": \"<integer>\"\n        }\n      },\n      \"registrationID\": \"esse anim minim\",\n      \"lastUsed\": \"amet dolor\",\n      \"createdDate\": \"consequat\",\n      \"registrationFlags\": \"None\"\n    },\n    {\n      \"paymentInfo\": {\n        \"paymentMedium\": \"Unknown\",\n        \"paymentInfoEFT\": {\n          \"accountType\": \"Unknown\",\n          \"authorizationMedium\": \"Unknown\",\n          \"bankAccountNumber\": \"<string>\",\n          \"bankRoutingNumber\": \"<string>\",\n          \"bankState\": \"<string>\",\n          \"bankName\": \"<string>\",\n          \"driversLicenseNumber\": \"<string>\",\n          \"driversLicenseState\": \"<string>\",\n          \"ssn\": \"<string>\",\n          \"businessName\": \"<string>\",\n          \"federalTaxID\": \"<string>\",\n          \"userIPAddress\": \"<string>\",\n          \"preNoteStatus\": \"Unknown\",\n          \"recurringIndicator\": \"S\",\n          \"addressShipping\": {\n            \"nameFirst\": {\n              \"value\": \"<Error: Too many levels of nesting to fake this schema>\"\n            },\n            \"nameLast\": {\n              \"value\": \"<Error: Too many levels of nesting to fake this schema>\"\n            },\n            \"nameMiddle\": {\n              \"value\": \"<Error: Too many levels of nesting to fake this schema>\"\n            },\n            \"nameFull\": {\n              \"value\": \"<Error: Too many levels of nesting to fake this schema>\"\n            },\n            \"phone1\": {\n              \"value\": \"<Error: Too many levels of nesting to fake this schema>\"\n            },\n            \"phone2\": {\n              \"value\": \"<Error: Too many levels of nesting to fake this schema>\"\n            },\n            \"email\": {\n              \"value\": \"<Error: Too many levels of nesting to fake this schema>\"\n            },\n            \"street1\": {\n              \"value\": \"<Error: Too many levels of nesting to fake this schema>\"\n            },\n            \"street2\": {\n              \"value\": \"<Error: Too many levels of nesting to fake this schema>\"\n            },\n            \"city\": {\n              \"value\": \"<Error: Too many levels of nesting to fake this schema>\"\n            },\n            \"state\": {\n              \"value\": \"<Error: Too many levels of nesting to fake this schema>\"\n            },\n            \"zip\": {\n              \"value\": \"<Error: Too many levels of nesting to fake this schema>\"\n            },\n            \"country\": {\n              \"value\": \"<Error: Too many levels of nesting to fake this schema>\"\n            }\n          },\n          \"addressBilling\": {\n            \"nameFirst\": {\n              \"value\": \"<Error: Too many levels of nesting to fake this schema>\"\n            },\n            \"nameLast\": {\n              \"value\": \"<Error: Too many levels of nesting to fake this schema>\"\n            },\n            \"nameMiddle\": {\n              \"value\": \"<Error: Too many levels of nesting to fake this schema>\"\n            },\n            \"nameFull\": {\n              \"value\": \"<Error: Too many levels of nesting to fake this schema>\"\n            },\n            \"phone1\": {\n              \"value\": \"<Error: Too many levels of nesting to fake this schema>\"\n            },\n            \"phone2\": {\n              \"value\": \"<Error: Too many levels of nesting to fake this schema>\"\n            },\n            \"email\": {\n              \"value\": \"<Error: Too many levels of nesting to fake this schema>\"\n            },\n            \"street1\": {\n              \"value\": \"<Error: Too many levels of nesting to fake this schema>\"\n            },\n            \"street2\": {\n              \"value\": \"<Error: Too many levels of nesting to fake this schema>\"\n            },\n            \"city\": {\n              \"value\": \"<Error: Too many levels of nesting to fake this schema>\"\n            },\n            \"state\": {\n              \"value\": \"<Error: Too many levels of nesting to fake this schema>\"\n            },\n            \"zip\": {\n              \"value\": \"<Error: Too many levels of nesting to fake this schema>\"\n            },\n            \"country\": {\n              \"value\": \"<Error: Too many levels of nesting to fake this schema>\"\n            }\n          }\n        },\n        \"paymentInfoCC\": {\n          \"cardNumber\": \"<string>\",\n          \"expirationDate\": \"<string>\",\n          \"expirationMonth\": \"<string>\",\n          \"expirationYear\": \"<string>\",\n          \"pinData\": \"<string>\",\n          \"pinKeySerialNumber\": \"<string>\",\n          \"purchaseID\": \"<string>\",\n          \"trackData\": \"<string>\",\n          \"cvv2\": \"<string>\",\n          \"userIPAddress\": \"<string>\",\n          \"billingAddress\": {\n            \"nameFirst\": {\n              \"value\": \"<Error: Too many levels of nesting to fake this schema>\"\n            },\n            \"nameLast\": {\n              \"value\": \"<Error: Too many levels of nesting to fake this schema>\"\n            },\n            \"nameMiddle\": {\n              \"value\": \"<Error: Too many levels of nesting to fake this schema>\"\n            },\n            \"nameFull\": {\n              \"value\": \"<Error: Too many levels of nesting to fake this schema>\"\n            },\n            \"phone1\": {\n              \"value\": \"<Error: Too many levels of nesting to fake this schema>\"\n            },\n            \"phone2\": {\n              \"value\": \"<Error: Too many levels of nesting to fake this schema>\"\n            },\n            \"email\": {\n              \"value\": \"<Error: Too many levels of nesting to fake this schema>\"\n            },\n            \"street1\": {\n              \"value\": \"<Error: Too many levels of nesting to fake this schema>\"\n            },\n            \"street2\": {\n              \"value\": \"<Error: Too many levels of nesting to fake this schema>\"\n            },\n            \"city\": {\n              \"value\": \"<Error: Too many levels of nesting to fake this schema>\"\n            },\n            \"state\": {\n              \"value\": \"<Error: Too many levels of nesting to fake this schema>\"\n            },\n            \"zip\": {\n              \"value\": \"<Error: Too many levels of nesting to fake this schema>\"\n            },\n            \"country\": {\n              \"value\": \"<Error: Too many levels of nesting to fake this schema>\"\n            }\n          },\n          \"shippingAddress\": {\n            \"nameFirst\": {\n              \"value\": \"<Error: Too many levels of nesting to fake this schema>\"\n            },\n            \"nameLast\": {\n              \"value\": \"<Error: Too many levels of nesting to fake this schema>\"\n            },\n            \"nameMiddle\": {\n              \"value\": \"<Error: Too many levels of nesting to fake this schema>\"\n            },\n            \"nameFull\": {\n              \"value\": \"<Error: Too many levels of nesting to fake this schema>\"\n            },\n            \"phone1\": {\n              \"value\": \"<Error: Too many levels of nesting to fake this schema>\"\n            },\n            \"phone2\": {\n              \"value\": \"<Error: Too many levels of nesting to fake this schema>\"\n            },\n            \"email\": {\n              \"value\": \"<Error: Too many levels of nesting to fake this schema>\"\n            },\n            \"street1\": {\n              \"value\": \"<Error: Too many levels of nesting to fake this schema>\"\n            },\n            \"street2\": {\n              \"value\": \"<Error: Too many levels of nesting to fake this schema>\"\n            },\n            \"city\": {\n              \"value\": \"<Error: Too many levels of nesting to fake this schema>\"\n            },\n            \"state\": {\n              \"value\": \"<Error: Too many levels of nesting to fake this schema>\"\n            },\n            \"zip\": {\n              \"value\": \"<Error: Too many levels of nesting to fake this schema>\"\n            },\n            \"country\": {\n              \"value\": \"<Error: Too many levels of nesting to fake this schema>\"\n            }\n          },\n          \"cardType\": \"Unknown\",\n          \"cardStatusFlag\": \"Unknown\",\n          \"eCommerceGoodsFlag\": false,\n          \"installment\": false,\n          \"installmentSequence\": \"<integer>\",\n          \"installmentCount\": \"<integer>\"\n        }\n      },\n      \"registrationID\": \"anim incididunt ut\",\n      \"lastUsed\": \"incididunt cillum a\",\n      \"createdDate\": \"veniam exercitation ipsum sed\",\n      \"registrationFlags\": \"None\"\n    }\n  ],\n  \"registrationCount\": 0\n}","cookie":[],"_postman_previewlanguage":"json"}],"event":[],"protocolProfileBehavior":{"disableBodyPruning":true}},{"id":"5fb57c71-2ef4-4196-85fa-75e09dfe32b0","name":"Cancel Payment","request":{"name":"Cancel Payment","description":{},"url":{"path":["cancelPayment"],"host":["{{baseUrl}}"],"query":[],"variable":[]},"header":[{"key":"Content-Type","value":"application/json"},{"key":"Accept","value":"application/json"}],"method":"POST","auth":null,"body":{"mode":"raw","raw":"{\n  \"confirmationNumber\": \"<string>\",\n  \"header\": {\n    \"applicationID\": \"<string>\",\n    \"paymentChannel\": \"Unknown\",\n    \"securityKey\": \"<string>\",\n    \"sourceIP\": \"<string>\"\n  },\n  \"refundAmount\": \"<decimal>\",\n  \"userID\": \"<string>\",\n  \"interactionID\": \"<string>\",\n  \"convenienceFeeRefundAmount\": \"<decimal>\",\n  \"trackData\": \"<string>\",\n  \"pinData\": \"<string>\",\n  \"pinKeySerialNumber\": \"<string>\",\n  \"expirationDate\": \"<string>\",\n  \"expirationMonth\": \"<string>\",\n  \"expirationYear\": \"<string>\"\n}","options":{"raw":{"language":"json"}}}},"response":[{"id":"d1318607-ce38-45ee-ba7c-bf44b38edf1b","name":"Cancel Payment Response","originalRequest":{"url":{"path":["cancelPayment"],"host":["{{baseUrl}}"],"query":[],"variable":[]},"header":[{"key":"Accept","value":"application/json"}],"method":"POST","body":{"mode":"raw","raw":"{\n  \"confirmationNumber\": \"string\",\n  \"header\": {\n    \"applicationID\": \"string\",\n    \"paymentChannel\": \"Unknown\",\n    \"securityKey\": \"string\",\n    \"sourceIP\": \"<string>\"\n  },\n  \"refundAmount\": 0,\n  \"userID\": \"<string>\",\n  \"interactionID\": \"<string>\",\n  \"convenienceFeeRefundAmount\": \"<decimal>\",\n  \"trackData\": \"<string>\",\n  \"pinData\": \"<string>\",\n  \"pinKeySerialNumber\": \"<string>\",\n  \"expirationDate\": \"<string>\",\n  \"expirationMonth\": \"<string>\",\n  \"expirationYear\": \"<string>\"\n}","options":{"raw":{"language":"json"}}}},"status":"OK","code":200,"header":[{"key":"Content-Type","value":"application/json"}],"body":"{\n  \"returnCode\": \"Unaccepted_Card_Type\",\n  \"resultMessage\": \"dolor\",\n  \"timeoutLimit\": -57835528,\n  \"confirmationNumber\": \"sit anim ame\",\n  \"refundAmount\": -39980134.25809224,\n  \"settlementSubmissionDate\": \"fugiat ut eu in\"\n}","cookie":[],"_postman_previewlanguage":"json"}],"event":[],"protocolProfileBehavior":{"disableBodyPruning":true}},{"id":"4d91912b-65fc-4943-b14f-cb8eac6c7358","name":"Cancel EMV Payment","request":{"name":"Cancel EMV Payment","description":{},"url":{"path":["cancelEMVPayment"],"host":["{{baseUrl}}"],"query":[],"variable":[]},"header":[{"key":"Content-Type","value":"application/json"},{"key":"Accept","value":"application/json"}],"method":"POST","auth":null,"body":{"mode":"raw","raw":"{\n  \"confirmationNumber\": \"<string>\",\n  \"header\": {\n    \"applicationID\": \"<string>\",\n    \"paymentChannel\": \"Unknown\",\n    \"securityKey\": \"<string>\",\n    \"sourceIP\": \"<string>\"\n  },\n  \"reasonCode\": \"<string>\",\n  \"refundAmount\": \"<decimal>\",\n  \"userID\": \"<string>\",\n  \"interactionID\": \"<string>\",\n  \"convenienceFeeRefundAmount\": \"<decimal>\",\n  \"trackData\": \"<string>\",\n  \"pinData\": \"<string>\",\n  \"pinKeySerialNumber\": \"<string>\",\n  \"expirationDate\": \"<string>\",\n  \"expirationMonth\": \"<string>\",\n  \"expirationYear\": \"<string>\"\n}","options":{"raw":{"language":"json"}}}},"response":[{"id":"1cbd0af0-fe32-466e-9cc4-b48175e568d9","name":"Cancel EMV Payment Response","originalRequest":{"url":{"path":["cancelEMVPayment"],"host":["{{baseUrl}}"],"query":[],"variable":[]},"header":[{"key":"Accept","value":"application/json"}],"method":"POST","body":{"mode":"raw","raw":"{\n  \"confirmationNumber\": \"<string>\",\n  \"header\": {\n    \"applicationID\": \"string\",\n    \"paymentChannel\": \"Unknown\",\n    \"securityKey\": \"string\",\n    \"sourceIP\": \"<string>\"\n  },\n  \"reasonCode\": \"<string>\",\n  \"refundAmount\": \"<decimal>\",\n  \"userID\": \"<string>\",\n  \"interactionID\": \"<string>\",\n  \"convenienceFeeRefundAmount\": \"<decimal>\",\n  \"trackData\": \"<string>\",\n  \"pinData\": \"<string>\",\n  \"pinKeySerialNumber\": \"<string>\",\n  \"expirationDate\": \"<string>\",\n  \"expirationMonth\": \"<string>\",\n  \"expirationYear\": \"<string>\"\n}","options":{"raw":{"language":"json"}}}},"status":"OK","code":200,"header":[{"key":"Content-Type","value":"application/json"}],"body":"{\n  \"returnCode\": \"Unaccepted_Card_Type\",\n  \"resultMessage\": \"dolor\",\n  \"timeoutLimit\": -57835528,\n  \"confirmationNumber\": \"sit anim ame\",\n  \"refundAmount\": -39980134.25809224,\n  \"settlementSubmissionDate\": \"fugiat ut eu in\"\n}","cookie":[],"_postman_previewlanguage":"json"}],"event":[],"protocolProfileBehavior":{"disableBodyPruning":true}},{"id":"40f47bcd-0c2e-464e-a2a5-a3cc232a0323","name":"Calculate Convenience Fee","request":{"name":"Calculate Convenience Fee","description":{},"url":{"path":["calculateConvenienceFee"],"host":["{{baseUrl}}"],"query":[],"variable":[]},"header":[{"key":"Content-Type","value":"application/json"},{"key":"Accept","value":"application/json"}],"method":"POST","auth":null,"body":{"mode":"raw","raw":"{\n  \"accountNumber\": \"<string>\",\n  \"header\": {\n    \"applicationID\": \"<string>\",\n    \"paymentChannel\": \"Unknown\",\n    \"securityKey\": \"<string>\",\n    \"sourceIP\": \"<string>\"\n  },\n  \"paymentAmount\": \"<Decimal>\",\n  \"paymentMedium\": \"Unknown\",\n  \"userID\": \"<string>\",\n  \"interactionID\": \"<string>\"\n}","options":{"raw":{"language":"json"}}}},"response":[{"id":"4821ff58-59cb-4bf1-9790-365b4f87eeed","name":"Calculate Convenience Fee Response","originalRequest":{"url":{"path":["calculateConvenienceFee"],"host":["{{baseUrl}}"],"query":[],"variable":[]},"header":[{"key":"Accept","value":"application/json"}],"method":"POST","body":{"mode":"raw","raw":"{\n  \"accountNumber\": \"<string>\",\n  \"header\": {\n    \"applicationID\": \"string\",\n    \"paymentChannel\": \"Unknown\",\n    \"securityKey\": \"string\",\n    \"sourceIP\": \"<string>\"\n  },\n  \"paymentAmount\": \"<Decimal>\",\n  \"paymentMedium\": \"Unknown\",\n  \"userID\": \"<string>\",\n  \"interactionID\": \"<string>\"\n}","options":{"raw":{"language":"json"}}}},"status":"OK","code":200,"header":[{"key":"Content-Type","value":"application/json"}],"body":"{\n  \"returnCode\": \"Unknown\",\n  \"resultMessage\": \"mollit ex laborum magna Ut\",\n  \"timeoutLimit\": 75906465,\n  \"convenienceFee\": 35456966.7191329,\n  \"paymentAmount\": -6801595.644178972,\n  \"totalAmount\": -47821254.95123038\n}","cookie":[],"_postman_previewlanguage":"json"}],"event":[],"protocolProfileBehavior":{"disableBodyPruning":true}},{"id":"7062796c-f583-4de7-a6b0-43bcd0718474","name":"Settle Payment","request":{"name":"Settle Payment","description":{},"url":{"path":["settlePayment"],"host":["{{baseUrl}}"],"query":[],"variable":[]},"header":[{"key":"Content-Type","value":"application/json"},{"key":"Accept","value":"application/json"}],"method":"POST","auth":null,"body":{"mode":"raw","raw":"{\n  \"amount\": \"<decimal>\",\n  \"confirmationNumber\": \"<string>\",\n  \"header\": {\n    \"applicationID\": \"<string>\",\n    \"paymentChannel\": \"Unknown\",\n    \"securityKey\": \"<string>\",\n    \"sourceIP\": \"<string>\"\n  },\n  \"userID\": \"<string>\",\n  \"interactionID\": \"<string>\"\n}","options":{"raw":{"language":"json"}}}},"response":[{"id":"efe5dd5b-bd78-40d9-a50c-c2ef2cf2a4a9","name":"Settle Payment Response","originalRequest":{"url":{"path":["settlePayment"],"host":["{{baseUrl}}"],"query":[],"variable":[]},"header":[{"key":"Accept","value":"application/json"}],"method":"POST","body":{"mode":"raw","raw":"{\n  \"amount\": \"<decimal>\",\n  \"confirmationNumber\": \"<string>\",\n  \"header\": {\n    \"applicationID\": \"string\",\n    \"paymentChannel\": \"Unknown\",\n    \"securityKey\": \"string\",\n    \"sourceIP\": \"<string>\"\n  },\n  \"userID\": \"<string>\",\n  \"interactionID\": \"<string>\"\n}","options":{"raw":{"language":"json"}}}},"status":"OK","code":200,"header":[{"key":"Content-Type","value":"application/json"}],"body":"{\n  \"returnCode\": \"Unknown\",\n  \"resultMessage\": \"qui\",\n  \"timeoutLimit\": -73779871,\n  \"amount\": 65305788.49388489,\n  \"settlementSubmissionDate\": \"Except\"\n}","cookie":[],"_postman_previewlanguage":"json"}],"event":[],"protocolProfileBehavior":{"disableBodyPruning":true}},{"id":"e73abb14-bbdf-401e-9196-8a2c310c223d","name":"Pinless Debit Check","request":{"name":"Pinless Debit Check","description":{},"url":{"path":["pinlessDebitCheck"],"host":["{{baseUrl}}"],"query":[],"variable":[]},"header":[{"key":"Content-Type","value":"application/json"},{"key":"Accept","value":"application/json"}],"method":"POST","auth":null,"body":{"mode":"raw","raw":"{\n  \"cardNumber\": \"<string>\",\n  \"header\": {\n    \"applicationID\": \"<string>\",\n    \"paymentChannel\": \"Unknown\",\n    \"securityKey\": \"<string>\",\n    \"sourceIP\": \"<string>\"\n  },\n  \"userID\": \"<string>\",\n  \"interactionID\": \"<string>\"\n}","options":{"raw":{"language":"json"}}}},"response":[{"id":"c521a3ff-20bd-4e63-b592-0fdfc6db1dd2","name":"Pinless Debit Check Response","originalRequest":{"url":{"path":["pinlessDebitCheck"],"host":["{{baseUrl}}"],"query":[],"variable":[]},"header":[{"key":"Accept","value":"application/json"}],"method":"POST","body":{"mode":"raw","raw":"{\n  \"cardNumber\": \"<string>\",\n  \"header\": {\n    \"applicationID\": \"string\",\n    \"paymentChannel\": \"Unknown\",\n    \"securityKey\": \"string\",\n    \"sourceIP\": \"<string>\"\n  },\n  \"userID\": \"<string>\",\n  \"interactionID\": \"<string>\"\n}","options":{"raw":{"language":"json"}}}},"status":"OK","code":200,"header":[{"key":"Content-Type","value":"application/json"}],"body":"{\n  \"returnCode\": \"Unknown\",\n  \"resultMessage\": \"nisi\",\n  \"timeoutLimit\": -58565228,\n  \"networkType\": \"Unknown\",\n  \"signatureEligible\": false\n}","cookie":[],"_postman_previewlanguage":"json"}],"event":[],"protocolProfileBehavior":{"disableBodyPruning":true}},{"id":"af7eb952-e6a5-47b6-a8b7-c41a19319d0a","name":"Card Type Inquiry","request":{"name":"Card Type Inquiry","description":{},"url":{"path":["cardTypeInquiry"],"host":["{{baseUrl}}"],"query":[],"variable":[]},"header":[{"key":"Content-Type","value":"application/json"},{"key":"Accept","value":"application/json"}],"method":"POST","auth":null,"body":{"mode":"raw","raw":"{\n  \"cardNumber\": \"<string>\",\n  \"header\": {\n    \"applicationID\": \"<string>\",\n    \"paymentChannel\": \"Unknown\",\n    \"securityKey\": \"<string>\",\n    \"sourceIP\": \"<string>\"\n  },\n  \"userID\": \"<string>\",\n  \"interactionID\": \"<string>\"\n}","options":{"raw":{"language":"json"}}}},"response":[{"id":"8eb54046-6a23-4017-89e5-394f52913a47","name":"Card Type Inquiry Response","originalRequest":{"url":{"path":["cardTypeInquiry"],"host":["{{baseUrl}}"],"query":[],"variable":[]},"header":[{"key":"Accept","value":"application/json"}],"method":"POST","body":{"mode":"raw","raw":"{\n  \"cardNumber\": \"<string>\",\n  \"header\": {\n    \"applicationID\": \"string\",\n    \"paymentChannel\": \"Unknown\",\n    \"securityKey\": \"string\",\n    \"sourceIP\": \"<string>\"\n  },\n  \"userID\": \"<string>\",\n  \"interactionID\": \"<string>\"\n}","options":{"raw":{"language":"json"}}}},"status":"OK","code":200,"header":[{"key":"Content-Type","value":"application/json"}],"body":"{\n  \"returnCode\": \"Unknown\",\n  \"resultMessage\": \"sit cillum veniam elit et\",\n  \"timeoutLimit\": 33827465,\n  \"cardBIN\": {\n    \"lowBIN\": \"ut in\",\n    \"highBIN\": \"aliquip commodo officia\",\n    \"prepaidInd\": \"reprehenderit tempor\",\n    \"productID\": \"amet\",\n    \"binLength\": -6284090,\n    \"binDetailPAN\": -83310985,\n    \"bankName\": \"qui non dolor\",\n    \"countryCode\": \"ipsum qui enim\",\n    \"detailCardProduct\": \"Ut aliquip culpa\",\n    \"detailCardInd\": \"reprehenderit consectetur in\",\n    \"updateYear\": 84614663,\n    \"updateMonth\": -21491892,\n    \"updateDay\": 55460156,\n    \"networkInd\": \"pariatur fugiat dolore\",\n    \"ebtState\": \"dolor magna\",\n    \"fsaInd\": \"sint\",\n    \"regulatorInd\": \"reprehenderit sed\",\n    \"visaProductSubType\": \"fugiat ut est aute\",\n    \"ticketIndicator\": \"in comm\",\n    \"accountLevelProcessingInd\": \"voluptate anim\",\n    \"accountFundSource\": \"anim non ipsum\",\n    \"cardClass\": \"proident commodo minim cupidatat\"\n  },\n  \"cardTypeCount\": -62354146\n}","cookie":[],"_postman_previewlanguage":"json"}],"event":[],"protocolProfileBehavior":{"disableBodyPruning":true}},{"id":"539a6f8d-31ab-4045-9028-4be1957c09a5","name":"Heart Beat","request":{"name":"Heart Beat","description":{},"url":{"path":["heartBeat"],"host":["{{baseUrl}}"],"query":[],"variable":[]},"header":[{"key":"Content-Type","value":"application/json"},{"key":"Accept","value":"application/json"}],"method":"POST","auth":null,"body":{"mode":"raw","raw":"<object>","options":{"raw":{"language":"json"}}}},"response":[{"id":"bf694e4a-2bb8-4eba-adef-c7bcd50b8d8a","name":"Settle Payment Response","originalRequest":{"url":{"path":["heartBeat"],"host":["{{baseUrl}}"],"query":[],"variable":[]},"header":[{"key":"Accept","value":"application/json"}],"method":"POST","body":{"mode":"raw","raw":"<object>","options":{"raw":{"language":"json"}}}},"status":"OK","code":200,"header":[{"key":"Content-Type","value":"application/json"}],"body":"{\n  \"returnCode\": \"Unknown\",\n  \"resultMessage\": \"sed ut incididunt proident\",\n  \"timeoutLimit\": 68277184\n}","cookie":[],"_postman_previewlanguage":"json"}],"event":[],"protocolProfileBehavior":{"disableBodyPruning":true}}],"event":[],"variable":[{"type":"string","value":"/","key":"baseUrl"}],"info":{"_postman_id":"269787c0-c70b-42ea-b5fd-77187673b3ff","name":"PayPoint REST API Document","schema":"https://schema.getpostman.com/json/collection/v2.1.0/collection.json","description":{"content":"The PayPoint Web Service API enables a business application to access the electronic payment services using JSON and REST Service API documents for sending messages to various services in PayPoint. Business applications can call on a PayPoint REST API document, which presents the functionality exposed by the Web Service. This standard integration method enables existing applications (i.e. Web, IVR, Desktop applications, etc.) to integrate with PayPoint to manage payment processing. The advantage of this method is that it allows your technical staff (i.e. developers, programmers, etc.) to develop in their preferred programming language including Java, Perl, or Visual Studio.","type":"text/plain"}}}