{"item":[{"id":"c6c43709-ff71-4473-8355-e6fc894af7ca","name":"Token get service","request":{"name":"Token get service","description":{"content":"This service stores account data using the Secure Archive Service.","type":"text/plain"},"url":{"path":["acctoken","v1","get"],"host":["{{baseUrl}}"],"query":[],"variable":[]},"header":[{"key":"Content-Type","value":"application/json"},{"key":"Accept","value":"application/json"}],"method":"POST","auth":null,"body":{"mode":"raw","raw":"{\n  \"common\": {\n    \"user\": \"<string>\",\n    \"agent\": \"<string>\",\n    \"cycle\": \"<string>\",\n    \"clientNumber\": \"<string>\",\n    \"system\": \"<string>\",\n    \"prin\": \"<string>\",\n    \"debug\": \"<boolean>\",\n    \"org\": \"<string>\",\n    \"processor\": \"<boolean>\",\n    \"contentType\": \"<string>\",\n    \"retry\": \"<long>\",\n    \"timeout\": \"<long>\",\n    \"siteId\": \"<string>\",\n    \"internalOrigin\": \"<boolean>\",\n    \"uuid\": \"<string>\",\n    \"rts\": \"<dateTime>\"\n  },\n  \"token\": \"<string>\",\n  \"accountId\": \"<string>\",\n  \"voltageValue\": \"<string>\"\n}","options":{"raw":{"language":"json"}}}},"response":[{"id":"93e8b304-4515-43e6-bc42-4320d703a54d","name":"successful operation","originalRequest":{"url":{"path":["acctoken","v1","get"],"host":["{{baseUrl}}"],"query":[],"variable":[]},"header":[{"key":"Accept","value":"application/json"}],"method":"POST","body":{"mode":"raw","raw":"{\n  \"common\": {\n    \"user\": \"<string>\",\n    \"agent\": \"4000\",\n    \"cycle\": \"T\",\n    \"clientNumber\": \"1000\",\n    \"system\": \"2000\",\n    \"prin\": \"3000\",\n    \"debug\": \"<boolean>\",\n    \"org\": \"<string>\",\n    \"processor\": \"<boolean>\",\n    \"contentType\": \"<string>\",\n    \"retry\": 0,\n    \"timeout\": 45000,\n    \"siteId\": \"4201\",\n    \"internalOrigin\": \"<boolean>\",\n    \"uuid\": \"a5eac27d-cd89-4096-a331-306480bfee76\",\n    \"rts\": \"2024-05-01T15:05:16Z\"\n  },\n  \"token\": \"<string>\",\n  \"accountId\": \"RTH0Zix367dUFIislMh\",\n  \"voltageValue\": \"<string>\"\n}","options":{"raw":{"language":"json"}}}},"status":"OK","code":200,"header":[{"key":"Content-Type","value":"application/json"}],"body":"{\n  \"accountInfo\": {\n    \"token\": \"ce43708b-006a-4518-f762-7dc20c69e1ff\",\n    \"hashValue\": \"sed esse\",\n    \"encryptedValue\": \"elit ut\",\n    \"voltageValue\": [\n      \"elit dolore cillum ut veniam\",\n      \"eu\"\n    ]\n  },\n  \"accountId\": \"ad nulla\"\n}","cookie":[],"_postman_previewlanguage":"json"}],"event":[],"protocolProfileBehavior":{"disableBodyPruning":true}}],"event":[],"variable":[{"type":"string","value":"https://cat.api.firstdata.com/fs","key":"baseUrl"}],"info":{"_postman_id":"57b50e9b-25f6-4cd5-90ac-5e914b3f0dfa","name":"fs-devportal-services-1","schema":"https://schema.getpostman.com/json/collection/v2.1.0/collection.json","description":{"content":"Welcome to the Financial Services API documentation","type":"text/plain"}}}