{"item":[{"id":"afc8f5bf-7e85-47df-b1e8-99c9ff2cd0f1","name":"collectionEntitlement/v1","item":[{"id":"47416848-50f1-402e-8ba3-807fd22f3e5c","name":"Get Agency Directory Request","request":{"name":"Get Agency Directory Request","description":{},"url":{"path":["collectionEntitlement","v1","agencyDir"],"host":["{{baseUrl}}"],"query":[],"variable":[]},"header":[{"key":"Accept","value":"application/json"}],"method":"POST","auth":null},"response":[{"id":"542a5d6a-d2c0-4de7-b56f-f6744f14074e","name":"successful operation","originalRequest":{"url":{"path":["collectionEntitlement","v1","agencyDir"],"host":["{{baseUrl}}"],"query":[],"variable":[]},"header":[{"key":"Accept","value":"application/json"}],"method":"POST","body":{}},"status":"OK","code":200,"header":[{"key":"Content-Type","value":"application/json"}],"body":"{\n  \"common\": {\n    \"user\": \"in voluptate\",\n    \"agent\": \"4000\",\n    \"cycle\": \"T\",\n    \"clientNumber\": \"1000\",\n    \"system\": \"2000\",\n    \"prin\": \"3000\",\n    \"debug\": false,\n    \"org\": \"minim magna\",\n    \"processor\": true,\n    \"contentType\": \"occaecat non adipisicing et\",\n    \"retry\": 0,\n    \"timeout\": 45000,\n    \"siteId\": \"4201\",\n    \"internalOrigin\": false\n  },\n  \"filePath\": \"esse proident\"\n}","cookie":[],"_postman_previewlanguage":"json"}],"event":[],"protocolProfileBehavior":{"disableBodyPruning":true}},{"id":"7167e4f4-06fc-4d94-bb2c-9f4fc27778f5","name":"Get File Status Request","request":{"name":"Get File Status Request","description":{},"url":{"path":["collectionEntitlement","v1","fileStatus"],"host":["{{baseUrl}}"],"query":[],"variable":[]},"header":[{"key":"Accept","value":"application/json"}],"method":"POST","auth":null},"response":[{"id":"4dda2116-11a1-457f-851f-9e36000c7b5c","name":"successful operation","originalRequest":{"url":{"path":["collectionEntitlement","v1","fileStatus"],"host":["{{baseUrl}}"],"query":[],"variable":[]},"header":[{"key":"Accept","value":"application/json"}],"method":"POST","body":{}},"status":"OK","code":200,"header":[{"key":"Content-Type","value":"application/json"}],"body":"{\n  \"common\": {\n    \"user\": \"in voluptate\",\n    \"agent\": \"4000\",\n    \"cycle\": \"T\",\n    \"clientNumber\": \"1000\",\n    \"system\": \"2000\",\n    \"prin\": \"3000\",\n    \"debug\": false,\n    \"org\": \"minim magna\",\n    \"processor\": true,\n    \"contentType\": \"occaecat non adipisicing et\",\n    \"retry\": 0,\n    \"timeout\": 45000,\n    \"siteId\": \"4201\",\n    \"internalOrigin\": false\n  },\n  \"filePath\": \"esse proident\"\n}","cookie":[],"_postman_previewlanguage":"json"}],"event":[],"protocolProfileBehavior":{"disableBodyPruning":true}}],"event":[]}],"event":[],"variable":[{"type":"string","value":"https://cat.api.firstdata.com/fs","key":"baseUrl"}],"info":{"_postman_id":"30e3a065-7cb4-4d29-926c-db948fdfcbe5","name":"fs-devportal-services-1","schema":"https://schema.getpostman.com/json/collection/v2.1.0/collection.json","description":{"content":"Welcome to the Financial Services API documentation","type":"text/plain"}}}