{"item":[{"id":"a78d9fed-2a88-4e2f-821f-bdad501e607a","name":"collectionEntitlement/v1","item":[{"id":"d33b6cc1-64d0-4d1c-992f-76ddaf74d6de","name":"Get Agency Directory Request","request":{"name":"Get Agency Directory Request","description":{},"url":{"path":["collectionEntitlement","v1","agencyDir"],"host":["{{baseUrl}}"],"query":[],"variable":[]},"header":[{"key":"Accept","value":"application/json"}],"method":"POST","auth":null},"response":[{"id":"35b0c6da-4537-4a34-9d86-334cfe74acf6","name":"successful operation","originalRequest":{"url":{"path":["collectionEntitlement","v1","agencyDir"],"host":["{{baseUrl}}"],"query":[],"variable":[]},"header":[{"key":"Accept","value":"application/json"}],"method":"POST","body":{}},"status":"OK","code":200,"header":[{"key":"Content-Type","value":"application/json"}],"body":"{\n  \"common\": {\n    \"user\": \"eu\",\n    \"agent\": \"4000\",\n    \"cycle\": \"T\",\n    \"clientNumber\": \"1000\",\n    \"system\": \"2000\",\n    \"prin\": \"3000\",\n    \"debug\": true,\n    \"org\": \"velit commodo\",\n    \"processor\": true,\n    \"contentType\": \"mollit veniam\",\n    \"retry\": 0,\n    \"timeout\": 45000,\n    \"siteId\": \"4201\",\n    \"internalOrigin\": true\n  },\n  \"filePath\": \"ea\"\n}","cookie":[],"_postman_previewlanguage":"json"}],"event":[],"protocolProfileBehavior":{"disableBodyPruning":true}},{"id":"587e4664-f8a4-480e-a578-c9af8fb73951","name":"Get File Status Request","request":{"name":"Get File Status Request","description":{},"url":{"path":["collectionEntitlement","v1","fileStatus"],"host":["{{baseUrl}}"],"query":[],"variable":[]},"header":[{"key":"Accept","value":"application/json"}],"method":"POST","auth":null},"response":[{"id":"12b97846-c7dc-4232-8cf9-14d8da033e81","name":"successful operation","originalRequest":{"url":{"path":["collectionEntitlement","v1","fileStatus"],"host":["{{baseUrl}}"],"query":[],"variable":[]},"header":[{"key":"Accept","value":"application/json"}],"method":"POST","body":{}},"status":"OK","code":200,"header":[{"key":"Content-Type","value":"application/json"}],"body":"{\n  \"common\": {\n    \"user\": \"eu\",\n    \"agent\": \"4000\",\n    \"cycle\": \"T\",\n    \"clientNumber\": \"1000\",\n    \"system\": \"2000\",\n    \"prin\": \"3000\",\n    \"debug\": true,\n    \"org\": \"velit commodo\",\n    \"processor\": true,\n    \"contentType\": \"mollit veniam\",\n    \"retry\": 0,\n    \"timeout\": 45000,\n    \"siteId\": \"4201\",\n    \"internalOrigin\": true\n  },\n  \"filePath\": \"ea\"\n}","cookie":[],"_postman_previewlanguage":"json"}],"event":[],"protocolProfileBehavior":{"disableBodyPruning":true}}],"event":[]}],"event":[],"variable":[{"type":"string","value":"https://cat.api.firstdata.com/fs","key":"baseUrl"}],"info":{"_postman_id":"00774bbc-6565-475f-b3bf-e1d7be55268b","name":"fs-devportal-services-1","schema":"https://schema.getpostman.com/json/collection/v2.1.0/collection.json","description":{"content":"Welcome to the Financial Services API documentation","type":"text/plain"}}}