{"item":[{"id":"aa82b6ee-d40b-4349-9d0c-ad49bcb26d7c","name":"collectionEntitlement/v1","item":[{"id":"3e137f41-e176-4768-84e4-304f87457ad1","name":"Get Agency Directory Request","request":{"name":"Get Agency Directory Request","description":{},"url":{"path":["collectionEntitlement","v1","agencyDir"],"host":["{{baseUrl}}"],"query":[],"variable":[]},"header":[{"key":"Accept","value":"application/json"}],"method":"POST","auth":null},"response":[{"id":"27879763-eb48-4d5f-8614-f9ba3818f382","name":"successful operation","originalRequest":{"url":{"path":["collectionEntitlement","v1","agencyDir"],"host":["{{baseUrl}}"],"query":[],"variable":[]},"header":[{"key":"Accept","value":"application/json"}],"method":"POST","body":{}},"status":"OK","code":200,"header":[{"key":"Content-Type","value":"application/json"}],"body":"{\n  \"common\": {\n    \"user\": \"quis sit \",\n    \"agent\": \"4000\",\n    \"cycle\": \"T\",\n    \"clientNumber\": \"1000\",\n    \"system\": \"2000\",\n    \"prin\": \"3000\",\n    \"debug\": true,\n    \"org\": \"laboris in ullamco\",\n    \"processor\": true,\n    \"contentType\": \"commodo officia veniam id consectetur\",\n    \"retry\": 0,\n    \"timeout\": 45000,\n    \"siteId\": \"4201\",\n    \"internalOrigin\": false\n  },\n  \"filePath\": \"minim voluptate sed Duis fugiat\"\n}","cookie":[],"_postman_previewlanguage":"json"}],"event":[],"protocolProfileBehavior":{"disableBodyPruning":true}},{"id":"1b18341b-2aa5-459f-9f5e-ec20d2ebac83","name":"Get File Status Request","request":{"name":"Get File Status Request","description":{},"url":{"path":["collectionEntitlement","v1","fileStatus"],"host":["{{baseUrl}}"],"query":[],"variable":[]},"header":[{"key":"Accept","value":"application/json"}],"method":"POST","auth":null},"response":[{"id":"2005368c-4440-49a6-af63-55f3248b9a1d","name":"successful operation","originalRequest":{"url":{"path":["collectionEntitlement","v1","fileStatus"],"host":["{{baseUrl}}"],"query":[],"variable":[]},"header":[{"key":"Accept","value":"application/json"}],"method":"POST","body":{}},"status":"OK","code":200,"header":[{"key":"Content-Type","value":"application/json"}],"body":"{\n  \"common\": {\n    \"user\": \"quis sit \",\n    \"agent\": \"4000\",\n    \"cycle\": \"T\",\n    \"clientNumber\": \"1000\",\n    \"system\": \"2000\",\n    \"prin\": \"3000\",\n    \"debug\": true,\n    \"org\": \"laboris in ullamco\",\n    \"processor\": true,\n    \"contentType\": \"commodo officia veniam id consectetur\",\n    \"retry\": 0,\n    \"timeout\": 45000,\n    \"siteId\": \"4201\",\n    \"internalOrigin\": false\n  },\n  \"filePath\": \"minim voluptate sed Duis fugiat\"\n}","cookie":[],"_postman_previewlanguage":"json"}],"event":[],"protocolProfileBehavior":{"disableBodyPruning":true}}],"event":[]}],"event":[],"variable":[{"type":"string","value":"https://cat.api.firstdata.com/fs","key":"baseUrl"}],"info":{"_postman_id":"cde6091d-7274-4eed-9ecb-c2894bf222da","name":"fs-devportal-services-1","schema":"https://schema.getpostman.com/json/collection/v2.1.0/collection.json","description":{"content":"Welcome to the Financial Services API documentation","type":"text/plain"}}}