{"item":[{"id":"a114520c-1890-4544-bd5c-348a9824213e","name":"ecsauth/v1","item":[{"id":"8ae2f1bc-0401-4f6e-a3cd-3b6df29f1b84","name":"Account Challenge Questions","request":{"name":"Account Challenge Questions","description":{},"url":{"path":["ecsauth","v1","accountChallengeQuestions"],"host":["{{baseUrl}}"],"query":[],"variable":[]},"header":[{"key":"Accept","value":"application/json"}],"method":"POST","auth":null},"response":[{"id":"4076b255-5ab7-4e79-9188-14e10c62ef2e","name":"successful operation","originalRequest":{"url":{"path":["ecsauth","v1","accountChallengeQuestions"],"host":["{{baseUrl}}"],"query":[],"variable":[]},"header":[{"key":"Accept","value":"application/json"}],"method":"POST","body":{}},"status":"OK","code":200,"header":[{"key":"Content-Type","value":"application/json"}],"body":"{\n  \"processorInfo\": {\n    \"system\": \"Ut Excepteur Dui\",\n    \"cycle\": \"reprehenderit amet dolore qui a\",\n    \"tor\": \"non\",\n    \"mode\": \"aute commodo in\"\n  },\n  \"userChallengeQuestions\": [\n    {\n      \"id\": 22281063,\n      \"userProfileId\": -97397613,\n      \"challengeQuestionSet\": 12945693.428179085,\n      \"challengeQuestionCode\": \"sed aliquip\",\n      \"challengeQuestionAnswer\": \"culpa Lorem\",\n      \"lastTimeUsed\": \"2024-02-14T11:39:36Z\",\n      \"challengeQuestionDescription\": \"occaecat mollit proident\",\n      \"username\": \"nulla\",\n      \"strLastTimeUsed\": \"in veniam aliqua nulla\"\n    },\n    {\n      \"id\": 12977443,\n      \"userProfileId\": -70821751,\n      \"challengeQuestionSet\": -52337171.888108976,\n      \"challengeQuestionCode\": \"do irure pari\",\n      \"challengeQuestionAnswer\": \"officia in pariatur\",\n      \"lastTimeUsed\": \"2024-02-14T11:39:36Z\",\n      \"challengeQuestionDescription\": \"id velit mollit eu sunt\",\n      \"username\": \"sunt anim Excepteur incididunt magna\",\n      \"strLastTimeUsed\": \"esse in officia ex\"\n    }\n  ],\n  \"username\": \"et consequat officia\"\n}","cookie":[],"_postman_previewlanguage":"json"}],"event":[],"protocolProfileBehavior":{"disableBodyPruning":true}},{"id":"39245630-213d-4d1a-9564-ce9498d52389","name":"Build SSO JWT","request":{"name":"Build SSO JWT","description":{"content":"This service will create an outbounce SSO JWT token","type":"text/plain"},"url":{"path":["ecsauth","v1","buildSsoJwt"],"host":["{{baseUrl}}"],"query":[],"variable":[]},"header":[{"key":"Accept","value":"application/json"}],"method":"POST","auth":null},"response":[{"id":"3247a60f-9e9b-437e-ad19-62e0cb72e886","name":"successful operation","originalRequest":{"url":{"path":["ecsauth","v1","buildSsoJwt"],"host":["{{baseUrl}}"],"query":[],"variable":[]},"header":[{"key":"Accept","value":"application/json"}],"method":"POST","body":{}},"status":"OK","code":200,"header":[{"key":"Content-Type","value":"application/json"}],"body":"{\n  \"common\": {\n    \"user\": \"deserunt laboris cupidatat Excepteur\",\n    \"agent\": \"4000\",\n    \"cycle\": \"T\",\n    \"clientNumber\": \"1000\",\n    \"system\": \"2000\",\n    \"prin\": \"3000\",\n    \"debug\": false,\n    \"org\": \"fugiat voluptate laboris\",\n    \"processor\": true,\n    \"contentType\": \"ex commodo culpa adipisicing\",\n    \"retry\": 0,\n    \"timeout\": 45000,\n    \"siteId\": \"4201\",\n    \"internalOrigin\": false\n  },\n  \"ssoJwt\": \"enim minim sit dolor\"\n}","cookie":[],"_postman_previewlanguage":"json"}],"event":[],"protocolProfileBehavior":{"disableBodyPruning":true}},{"id":"b3dc9913-3a98-4a52-8394-690e0885ae01","name":"Challenge Questions Options","request":{"name":"Challenge Questions Options","description":{"content":"This service will return the challenge question options for specific client","type":"text/plain"},"url":{"path":["ecsauth","v1","challengeQuestionOptions"],"host":["{{baseUrl}}"],"query":[],"variable":[]},"header":[{"key":"Accept","value":"application/json"}],"method":"POST","auth":null},"response":[{"id":"956fda1c-46d2-4be1-b7c7-9026208be0eb","name":"successful operation","originalRequest":{"url":{"path":["ecsauth","v1","challengeQuestionOptions"],"host":["{{baseUrl}}"],"query":[],"variable":[]},"header":[{"key":"Accept","value":"application/json"}],"method":"POST","body":{}},"status":"OK","code":200,"header":[{"key":"Content-Type","value":"application/json"}],"body":"{\n  \"processorInfo\": {\n    \"system\": \"amet in\",\n    \"cycle\": \"ut consectetur\",\n    \"tor\": \"velit voluptate\",\n    \"mode\": \"magna voluptate incididunt reprehenderit\"\n  },\n  \"userChallengeQuestions\": [\n    {\n      \"id\": 56558774,\n      \"userProfileId\": 88158022,\n      \"challengeQuestionSet\": 15585162.444562346,\n      \"challengeQuestionCode\": \"cillum\",\n      \"challengeQuestionAnswer\": \"ut dolor dolore cillum\",\n      \"lastTimeUsed\": \"2024-02-14T11:39:36Z\",\n      \"challengeQuestionDescription\": \"in nisi\",\n      \"username\": \"dolore laborum\",\n      \"strLastTimeUsed\": \"Duis\"\n    },\n    {\n      \"id\": 75656380,\n      \"userProfileId\": -75664549,\n      \"challengeQuestionSet\": -26798854.59511517,\n      \"challengeQuestionCode\": \"ut eiusmod voluptate aute\",\n      \"challengeQuestionAnswer\": \"tempor nulla occaecat cillum consequat\",\n      \"lastTimeUsed\": \"2024-02-14T11:39:36Z\",\n      \"challengeQuestionDescription\": \"cupidatat ad velit in\",\n      \"username\": \"sunt ipsum\",\n      \"strLastTimeUsed\": \"quis nisi \"\n    }\n  ],\n  \"username\": \"Ut\"\n}","cookie":[],"_postman_previewlanguage":"json"}],"event":[],"protocolProfileBehavior":{"disableBodyPruning":true}},{"id":"58f8d923-9dae-41bd-9841-1e1f1e8dd0a9","name":"Change admin password","request":{"name":"Change admin password","description":{"content":"This service will update the admin user password","type":"text/plain"},"url":{"path":["ecsauth","v1","changeAdminPassword"],"host":["{{baseUrl}}"],"query":[],"variable":[]},"header":[{"key":"Accept","value":"application/json"}],"method":"POST","auth":null},"response":[{"id":"5dc327ac-8d04-4eba-a58f-f035f475f0c7","name":"successful operation","originalRequest":{"url":{"path":["ecsauth","v1","changeAdminPassword"],"host":["{{baseUrl}}"],"query":[],"variable":[]},"header":[{"key":"Accept","value":"application/json"}],"method":"POST","body":{}},"status":"OK","code":200,"header":[{"key":"Content-Type","value":"application/json"}],"body":"{\n  \"processorInfo\": {\n    \"system\": \"pariatur consectetur ex\",\n    \"cycle\": \"sed officia eu enim\",\n    \"tor\": \"ex\",\n    \"mode\": \"proident in id aliqua ipsum\"\n  }\n}","cookie":[],"_postman_previewlanguage":"json"}],"event":[],"protocolProfileBehavior":{"disableBodyPruning":true}},{"id":"b78d4bcb-3837-4019-869e-db3261b6081d","name":"Change password","request":{"name":"Change password","description":{"content":"This service will update the user password","type":"text/plain"},"url":{"path":["ecsauth","v1","changePassword"],"host":["{{baseUrl}}"],"query":[],"variable":[]},"header":[{"key":"Accept","value":"application/json"}],"method":"POST","auth":null},"response":[{"id":"6b95eb71-2cc7-431d-80d6-9a5b589b1984","name":"successful operation","originalRequest":{"url":{"path":["ecsauth","v1","changePassword"],"host":["{{baseUrl}}"],"query":[],"variable":[]},"header":[{"key":"Accept","value":"application/json"}],"method":"POST","body":{}},"status":"OK","code":200,"header":[{"key":"Content-Type","value":"application/json"}],"body":"{\n  \"processorInfo\": {\n    \"system\": \"pariatur consectetur ex\",\n    \"cycle\": \"sed officia eu enim\",\n    \"tor\": \"ex\",\n    \"mode\": \"proident in id aliqua ipsum\"\n  }\n}","cookie":[],"_postman_previewlanguage":"json"}],"event":[],"protocolProfileBehavior":{"disableBodyPruning":true}},{"id":"ca7e6fe8-d55b-4660-bd6b-5b2f15571d29","name":"Check if new password is valid","request":{"name":"Check if new password is valid","description":{"content":"This service will check if the password meets the format requirements and has not been previously used","type":"text/plain"},"url":{"path":["ecsauth","v1","checkNewPassword"],"host":["{{baseUrl}}"],"query":[],"variable":[]},"header":[{"key":"Accept","value":"application/json"}],"method":"POST","auth":null},"response":[{"id":"8252efe4-5bed-45b8-a361-31cd8b7a9546","name":"successful operation","originalRequest":{"url":{"path":["ecsauth","v1","checkNewPassword"],"host":["{{baseUrl}}"],"query":[],"variable":[]},"header":[{"key":"Accept","value":"application/json"}],"method":"POST","body":{}},"status":"OK","code":200,"header":[{"key":"Content-Type","value":"application/json"}],"body":"{\n  \"processorInfo\": {\n    \"system\": \"pariatur consectetur ex\",\n    \"cycle\": \"sed officia eu enim\",\n    \"tor\": \"ex\",\n    \"mode\": \"proident in id aliqua ipsum\"\n  }\n}","cookie":[],"_postman_previewlanguage":"json"}],"event":[],"protocolProfileBehavior":{"disableBodyPruning":true}},{"id":"bee95b5e-94b1-4ff5-b7e0-eb7a2714cdfa","name":"Confirm Registration","request":{"name":"Confirm Registration","description":{"content":"This service will confirm the user registration, registrationConfirmationId is required","type":"text/plain"},"url":{"path":["ecsauth","v1","confirmRegistration"],"host":["{{baseUrl}}"],"query":[],"variable":[]},"header":[{"key":"Accept","value":"application/json"}],"method":"POST","auth":null},"response":[{"id":"e36d4397-2d99-4ca0-baa4-d1026131b283","name":"successful operation","originalRequest":{"url":{"path":["ecsauth","v1","confirmRegistration"],"host":["{{baseUrl}}"],"query":[],"variable":[]},"header":[{"key":"Accept","value":"application/json"}],"method":"POST","body":{}},"status":"OK","code":200,"header":[{"key":"Content-Type","value":"application/json"}],"body":"{\n  \"processorInfo\": {\n    \"system\": \"pariatur consectetur ex\",\n    \"cycle\": \"sed officia eu enim\",\n    \"tor\": \"ex\",\n    \"mode\": \"proident in id aliqua ipsum\"\n  }\n}","cookie":[],"_postman_previewlanguage":"json"}],"event":[],"protocolProfileBehavior":{"disableBodyPruning":true}},{"id":"44095d5a-96b8-4a2e-a911-82b6d61ef04b","name":"Forgot password reset","request":{"name":"Forgot password reset","description":{"content":"This service will renew the password","type":"text/plain"},"url":{"path":["ecsauth","v1","forgotPasswordReset"],"host":["{{baseUrl}}"],"query":[],"variable":[]},"header":[{"key":"Accept","value":"application/json"}],"method":"POST","auth":null},"response":[{"id":"2e14532b-5e0b-4185-9e14-3a64cb7c8311","name":"successful operation","originalRequest":{"url":{"path":["ecsauth","v1","forgotPasswordReset"],"host":["{{baseUrl}}"],"query":[],"variable":[]},"header":[{"key":"Accept","value":"application/json"}],"method":"POST","body":{}},"status":"OK","code":200,"header":[{"key":"Content-Type","value":"application/json"}],"body":"{\n  \"processorInfo\": {\n    \"system\": \"pariatur consectetur ex\",\n    \"cycle\": \"sed officia eu enim\",\n    \"tor\": \"ex\",\n    \"mode\": \"proident in id aliqua ipsum\"\n  }\n}","cookie":[],"_postman_previewlanguage":"json"}],"event":[],"protocolProfileBehavior":{"disableBodyPruning":true}},{"id":"97e6acf9-7f9b-4bc8-aeda-58da1ebdcbfd","name":"Login","request":{"name":"Login","description":{"content":"This service will return a valid JW Tallowing an active user to continue making API requests without needing to re-authenticate with OCS.","type":"text/plain"},"url":{"path":["ecsauth","v1","login"],"host":["{{baseUrl}}"],"query":[],"variable":[]},"header":[{"key":"Accept","value":"application/json"}],"method":"POST","auth":null},"response":[{"id":"00f54956-0faf-4133-a88a-cc657fb36bdc","name":"successful operation","originalRequest":{"url":{"path":["ecsauth","v1","login"],"host":["{{baseUrl}}"],"query":[],"variable":[]},"header":[{"key":"Accept","value":"application/json"}],"method":"POST","body":{}},"status":"OK","code":200,"header":[{"key":"Content-Type","value":"application/json"}],"body":"{\n  \"common\": {\n    \"user\": \"in ea\",\n    \"agent\": \"4000\",\n    \"cycle\": \"T\",\n    \"clientNumber\": \"1000\",\n    \"system\": \"2000\",\n    \"prin\": \"3000\",\n    \"debug\": false,\n    \"org\": \"deserunt minim\",\n    \"processor\": false,\n    \"contentType\": \"in dolor\",\n    \"retry\": 0,\n    \"timeout\": 45000,\n    \"siteId\": \"4201\",\n    \"internalOrigin\": false\n  },\n  \"jwt\": \"cillum ea non\"\n}","cookie":[],"_postman_previewlanguage":"json"}],"event":[],"protocolProfileBehavior":{"disableBodyPruning":true}},{"id":"d25d6cc3-e911-4ced-ae70-a74b5ca89ec2","name":"Register","request":{"name":"Register","description":{"content":"This service will allow to register an account","type":"text/plain"},"url":{"path":["ecsauth","v1","register"],"host":["{{baseUrl}}"],"query":[],"variable":[]},"header":[{"key":"Accept","value":"application/json"}],"method":"POST","auth":null},"response":[{"id":"b6bc9f2a-4eca-487d-9fad-5b6392643a35","name":"successful operation","originalRequest":{"url":{"path":["ecsauth","v1","register"],"host":["{{baseUrl}}"],"query":[],"variable":[]},"header":[{"key":"Accept","value":"application/json"}],"method":"POST","body":{}},"status":"OK","code":200,"header":[{"key":"Content-Type","value":"application/json"}],"body":"{\n  \"processorInfo\": {\n    \"system\": \"pariatur consectetur ex\",\n    \"cycle\": \"sed officia eu enim\",\n    \"tor\": \"ex\",\n    \"mode\": \"proident in id aliqua ipsum\"\n  }\n}","cookie":[],"_postman_previewlanguage":"json"}],"event":[],"protocolProfileBehavior":{"disableBodyPruning":true}},{"id":"ad1ad7a7-6d4e-4628-be84-169197c0decf","name":"Register","request":{"name":"Register","description":{"content":"This service will allow to register an account","type":"text/plain"},"url":{"path":["ecsauth","v1","registerLoyaltyAccount"],"host":["{{baseUrl}}"],"query":[],"variable":[]},"header":[{"key":"Content-Type","value":"application/json"},{"key":"Accept","value":"application/json"}],"method":"POST","auth":null,"body":{"mode":"raw","raw":"{\n  \"common\": {\n    \"user\": \"<string>\",\n    \"agent\": \"<string>\",\n    \"cycle\": \"<string>\",\n    \"clientNumber\": \"<string>\",\n    \"system\": \"<string>\",\n    \"prin\": \"<string>\",\n    \"debug\": \"<boolean>\",\n    \"org\": \"<string>\",\n    \"processor\": \"<boolean>\",\n    \"contentType\": \"<string>\",\n    \"retry\": \"<long>\",\n    \"timeout\": \"<long>\",\n    \"siteId\": \"<string>\",\n    \"internalOrigin\": \"<boolean>\",\n    \"externalCustomerId\": \"<string>\",\n    \"accountId\": \"<string>\",\n    \"presentationId\": \"<string>\"\n  },\n  \"accountId\": \"<string>\",\n  \"username\": \"<string>\",\n  \"password\": \"<string>\",\n  \"emailAddress\": \"<string>\",\n  \"mobilePhone\": \"<string>\",\n  \"appId\": \"<string>\",\n  \"securityVerification\": {\n    \"est6\": \"<string>\"\n  },\n  \"challengeQuestions\": [\n    {\n      \"id\": \"<long>\",\n      \"userProfileId\": \"<long>\",\n      \"challengeQuestionSet\": \"<number>\",\n      \"challengeQuestionCode\": \"<string>\",\n      \"challengeQuestionAnswer\": \"<string>\",\n      \"lastTimeUsed\": \"<dateTime>\",\n      \"challengeQuestionDescription\": \"<string>\",\n      \"username\": \"<string>\",\n      \"strLastTimeUsed\": \"<string>\"\n    },\n    {\n      \"id\": \"<long>\",\n      \"userProfileId\": \"<long>\",\n      \"challengeQuestionSet\": \"<number>\",\n      \"challengeQuestionCode\": \"<string>\",\n      \"challengeQuestionAnswer\": \"<string>\",\n      \"lastTimeUsed\": \"<dateTime>\",\n      \"challengeQuestionDescription\": \"<string>\",\n      \"username\": \"<string>\",\n      \"strLastTimeUsed\": \"<string>\"\n    }\n  ],\n  \"sendConfirmationCodeOnMfaEnabled\": \"<boolean>\",\n  \"offlineFiid\": \"<string>\"\n}","options":{"raw":{"language":"json"}}}},"response":[{"id":"f917c314-3a24-4fd9-b898-5260a82fc477","name":"successful operation","originalRequest":{"url":{"path":["ecsauth","v1","registerLoyaltyAccount"],"host":["{{baseUrl}}"],"query":[],"variable":[]},"header":[{"key":"Accept","value":"application/json"}],"method":"POST","body":{"mode":"raw","raw":"{\n  \"common\": {\n    \"user\": \"<string>\",\n    \"agent\": \"4000\",\n    \"cycle\": \"T\",\n    \"clientNumber\": \"1000\",\n    \"system\": \"2000\",\n    \"prin\": \"3000\",\n    \"debug\": \"<boolean>\",\n    \"org\": \"<string>\",\n    \"processor\": \"<boolean>\",\n    \"contentType\": \"<string>\",\n    \"retry\": 0,\n    \"timeout\": 45000,\n    \"siteId\": \"4201\",\n    \"internalOrigin\": \"<boolean>\",\n    \"externalCustomerId\": \"<string>\",\n    \"accountId\": \"8888888888888888\",\n    \"presentationId\": \"<string>\"\n  },\n  \"accountId\": \"<string>\",\n  \"username\": \"<string>\",\n  \"password\": \"<string>\",\n  \"emailAddress\": \"<string>\",\n  \"mobilePhone\": \"<string>\",\n  \"appId\": \"<string>\",\n  \"securityVerification\": {},\n  \"challengeQuestions\": [\n    {\n      \"id\": \"<long>\",\n      \"userProfileId\": \"<long>\",\n      \"challengeQuestionSet\": \"<number>\",\n      \"challengeQuestionCode\": \"<string>\",\n      \"challengeQuestionAnswer\": \"<string>\",\n      \"lastTimeUsed\": \"2024-02-14T11:39:36Z\",\n      \"challengeQuestionDescription\": \"<string>\",\n      \"username\": \"<string>\",\n      \"strLastTimeUsed\": \"<string>\"\n    },\n    {\n      \"id\": \"<long>\",\n      \"userProfileId\": \"<long>\",\n      \"challengeQuestionSet\": \"<number>\",\n      \"challengeQuestionCode\": \"<string>\",\n      \"challengeQuestionAnswer\": \"<string>\",\n      \"lastTimeUsed\": \"2024-02-14T11:39:36Z\",\n      \"challengeQuestionDescription\": \"<string>\",\n      \"username\": \"<string>\",\n      \"strLastTimeUsed\": \"<string>\"\n    }\n  ],\n  \"sendConfirmationCodeOnMfaEnabled\": \"<boolean>\",\n  \"offlineFiid\": \"<string>\"\n}","options":{"raw":{"language":"json"}}}},"status":"OK","code":200,"header":[{"key":"Content-Type","value":"application/json"}],"body":"{\n  \"processorInfo\": {\n    \"system\": \"pariatur consectetur ex\",\n    \"cycle\": \"sed officia eu enim\",\n    \"tor\": \"ex\",\n    \"mode\": \"proident in id aliqua ipsum\"\n  }\n}","cookie":[],"_postman_previewlanguage":"json"}],"event":[],"protocolProfileBehavior":{"disableBodyPruning":true}},{"id":"48ceff6e-47f4-4c26-8b40-fd9229297d96","name":"Renew Confirmation Code","request":{"name":"Renew Confirmation Code","description":{"content":"This service will renew the confirmation code for registration","type":"text/plain"},"url":{"path":["ecsauth","v1","renewConfirmationCode"],"host":["{{baseUrl}}"],"query":[],"variable":[]},"header":[{"key":"Accept","value":"application/json"}],"method":"POST","auth":null},"response":[{"id":"2829921c-98b9-4b36-a1e5-9ce5066d96e9","name":"successful operation","originalRequest":{"url":{"path":["ecsauth","v1","renewConfirmationCode"],"host":["{{baseUrl}}"],"query":[],"variable":[]},"header":[{"key":"Accept","value":"application/json"}],"method":"POST","body":{}},"status":"OK","code":200,"header":[{"key":"Content-Type","value":"application/json"}],"body":"{\n  \"processorInfo\": {\n    \"system\": \"pariatur consectetur ex\",\n    \"cycle\": \"sed officia eu enim\",\n    \"tor\": \"ex\",\n    \"mode\": \"proident in id aliqua ipsum\"\n  }\n}","cookie":[],"_postman_previewlanguage":"json"}],"event":[],"protocolProfileBehavior":{"disableBodyPruning":true}},{"id":"3f9ddfd9-3130-4115-8921-9b34a8009abb","name":"Security Questions","request":{"name":"Security Questions","description":{"content":"This service will return security questions set for specific client","type":"text/plain"},"url":{"path":["ecsauth","v1","securityQuestions"],"host":["{{baseUrl}}"],"query":[],"variable":[]},"header":[{"key":"Accept","value":"application/json"}],"method":"POST","auth":null},"response":[{"id":"7c5a8124-e1c1-4422-b290-c1ee71e478e3","name":"successful operation","originalRequest":{"url":{"path":["ecsauth","v1","securityQuestions"],"host":["{{baseUrl}}"],"query":[],"variable":[]},"header":[{"key":"Accept","value":"application/json"}],"method":"POST","body":{}},"status":"OK","code":200,"header":[{"key":"Content-Type","value":"application/json"}],"body":"{\n  \"processorInfo\": {\n    \"system\": \"sint cupidatat\",\n    \"cycle\": \"ipsum consequat consectetur\",\n    \"tor\": \"eu cillum est qui\",\n    \"mode\": \"dolor qui et\"\n  },\n  \"securityQuestions\": [\n    {\n      \"id\": \"Lorem dolore in\",\n      \"securityQuestion\": \"dolore culpa cupidatat ex ut\",\n      \"description\": \"culpa proident amet commodo\"\n    },\n    {\n      \"id\": \"do\",\n      \"securityQuestion\": \"aliqua Excepteur aliquip\",\n      \"description\": \"sit ullamco\"\n    }\n  ]\n}","cookie":[],"_postman_previewlanguage":"json"}],"event":[],"protocolProfileBehavior":{"disableBodyPruning":true}},{"id":"b5a1d95c-2dd8-4ae1-a35a-3c8a6438a1f1","name":"Update Challenge Questions","request":{"name":"Update Challenge Questions","description":{"content":"This service will update the Challenge questions Required Fields: List of Challenge Question Entity\n","type":"text/plain"},"url":{"path":["ecsauth","v1","updateUserChallengeQuestions"],"host":["{{baseUrl}}"],"query":[],"variable":[]},"header":[{"key":"Accept","value":"application/json"}],"method":"POST","auth":null},"response":[{"id":"5857cfc5-65df-48b8-bc53-f9208723deff","name":"successful operation","originalRequest":{"url":{"path":["ecsauth","v1","updateUserChallengeQuestions"],"host":["{{baseUrl}}"],"query":[],"variable":[]},"header":[{"key":"Accept","value":"application/json"}],"method":"POST","body":{}},"status":"OK","code":200,"header":[{"key":"Content-Type","value":"application/json"}],"body":"{\n  \"processorInfo\": {\n    \"system\": \"anim dolor dolore amet\",\n    \"cycle\": \"ullamco\",\n    \"tor\": \"eiusmod\",\n    \"mode\": \"magna reprehenderit\"\n  },\n  \"userChallengeQuestions\": [\n    {\n      \"id\": \"<long>\",\n      \"userProfileId\": \"<long>\",\n      \"challengeQuestionSet\": \"<number>\",\n      \"challengeQuestionCode\": \"<string>\",\n      \"challengeQuestionAnswer\": \"<string>\",\n      \"lastTimeUsed\": \"2024-02-14T11:39:36Z\",\n      \"challengeQuestionDescription\": \"<string>\",\n      \"username\": \"<string>\",\n      \"strLastTimeUsed\": \"<string>\"\n    },\n    {\n      \"id\": \"<long>\",\n      \"userProfileId\": \"<long>\",\n      \"challengeQuestionSet\": \"<number>\",\n      \"challengeQuestionCode\": \"<string>\",\n      \"challengeQuestionAnswer\": \"<string>\",\n      \"lastTimeUsed\": \"2024-02-14T11:39:36Z\",\n      \"challengeQuestionDescription\": \"<string>\",\n      \"username\": \"<string>\",\n      \"strLastTimeUsed\": \"<string>\"\n    }\n  ],\n  \"username\": \"eiusmod consequat\"\n}","cookie":[],"_postman_previewlanguage":"json"}],"event":[],"protocolProfileBehavior":{"disableBodyPruning":true}},{"id":"f06a8782-2cfa-4f33-94ab-7150f2de9af1","name":"User Challenge Questions","request":{"name":"User Challenge Questions","description":{"content":"This service will list of user challenge questions","type":"text/plain"},"url":{"path":["ecsauth","v1","userChallengeQuestions"],"host":["{{baseUrl}}"],"query":[],"variable":[]},"header":[{"key":"Accept","value":"application/json"}],"method":"POST","auth":null},"response":[{"id":"f89e3113-b818-478f-8898-e109cee6835c","name":"successful operation","originalRequest":{"url":{"path":["ecsauth","v1","userChallengeQuestions"],"host":["{{baseUrl}}"],"query":[],"variable":[]},"header":[{"key":"Accept","value":"application/json"}],"method":"POST","body":{}},"status":"OK","code":200,"header":[{"key":"Content-Type","value":"application/json"}],"body":"{\n  \"processorInfo\": {\n    \"system\": \"anim dolor dolore amet\",\n    \"cycle\": \"ullamco\",\n    \"tor\": \"eiusmod\",\n    \"mode\": \"magna reprehenderit\"\n  },\n  \"userChallengeQuestions\": [\n    {\n      \"id\": \"<long>\",\n      \"userProfileId\": \"<long>\",\n      \"challengeQuestionSet\": \"<number>\",\n      \"challengeQuestionCode\": \"<string>\",\n      \"challengeQuestionAnswer\": \"<string>\",\n      \"lastTimeUsed\": \"2024-02-14T11:39:36Z\",\n      \"challengeQuestionDescription\": \"<string>\",\n      \"username\": \"<string>\",\n      \"strLastTimeUsed\": \"<string>\"\n    },\n    {\n      \"id\": \"<long>\",\n      \"userProfileId\": \"<long>\",\n      \"challengeQuestionSet\": \"<number>\",\n      \"challengeQuestionCode\": \"<string>\",\n      \"challengeQuestionAnswer\": \"<string>\",\n      \"lastTimeUsed\": \"2024-02-14T11:39:36Z\",\n      \"challengeQuestionDescription\": \"<string>\",\n      \"username\": \"<string>\",\n      \"strLastTimeUsed\": \"<string>\"\n    }\n  ],\n  \"username\": \"eiusmod consequat\"\n}","cookie":[],"_postman_previewlanguage":"json"}],"event":[],"protocolProfileBehavior":{"disableBodyPruning":true}},{"id":"49128a81-7a74-4d00-ba9d-ecd95758c6da","name":"validateCcaUser","request":{"name":"validateCcaUser","description":{"content":"This service will validate a cca user by Username and password and return email address details","type":"text/plain"},"url":{"path":["ecsauth","v1","validateCcaUser"],"host":["{{baseUrl}}"],"query":[],"variable":[]},"header":[{"key":"Accept","value":"application/json"}],"method":"POST","auth":null},"response":[{"id":"c923d169-b5b5-4af8-a875-e8a3eb7b21fc","name":"successful operation","originalRequest":{"url":{"path":["ecsauth","v1","validateCcaUser"],"host":["{{baseUrl}}"],"query":[],"variable":[]},"header":[{"key":"Accept","value":"application/json"}],"method":"POST","body":{}},"status":"OK","code":200,"header":[{"key":"Content-Type","value":"application/json"}],"body":"{\n  \"processorInfo\": {\n    \"system\": \"anim\",\n    \"cycle\": \"elit ad incididun\",\n    \"tor\": \"ut enim minim\",\n    \"mode\": \"irure ut culpa commodo nulla\"\n  },\n  \"emailAddress\": \"Ut\"\n}","cookie":[],"_postman_previewlanguage":"json"}],"event":[],"protocolProfileBehavior":{"disableBodyPruning":true}},{"id":"537b4731-02a6-4d79-9ff1-fb368d5c656e","name":"Challenge Question Validator Resource","request":{"name":"Challenge Question Validator Resource","description":{"content":"This service will validate the challenge question supplied by user with question configured in the system.","type":"text/plain"},"url":{"path":["ecsauth","v1","validateChallengeQuestion"],"host":["{{baseUrl}}"],"query":[],"variable":[]},"header":[{"key":"Accept","value":"application/json"}],"method":"POST","auth":null},"response":[{"id":"1a8b2f61-325e-4315-898a-8964afe345af","name":"successful operation","originalRequest":{"url":{"path":["ecsauth","v1","validateChallengeQuestion"],"host":["{{baseUrl}}"],"query":[],"variable":[]},"header":[{"key":"Accept","value":"application/json"}],"method":"POST","body":{}},"status":"OK","code":200,"header":[{"key":"Content-Type","value":"application/json"}],"body":"{\n  \"processorInfo\": {\n    \"system\": \"pariatur consectetur ex\",\n    \"cycle\": \"sed officia eu enim\",\n    \"tor\": \"ex\",\n    \"mode\": \"proident in id aliqua ipsum\"\n  }\n}","cookie":[],"_postman_previewlanguage":"json"}],"event":[],"protocolProfileBehavior":{"disableBodyPruning":true}},{"id":"ea4218e6-38cd-4096-8b53-c69e31fec177","name":"Verify Account","request":{"name":"Verify Account","description":{"content":"This service will allow to verify an account before register the account","type":"text/plain"},"url":{"path":["ecsauth","v1","verifyAccount"],"host":["{{baseUrl}}"],"query":[],"variable":[]},"header":[{"key":"Accept","value":"application/json"}],"method":"POST","auth":null},"response":[{"id":"572ea0dc-fc63-4b77-841e-4c774fe5bb38","name":"successful operation","originalRequest":{"url":{"path":["ecsauth","v1","verifyAccount"],"host":["{{baseUrl}}"],"query":[],"variable":[]},"header":[{"key":"Accept","value":"application/json"}],"method":"POST","body":{}},"status":"OK","code":200,"header":[{"key":"Content-Type","value":"application/json"}],"body":"{\n  \"processorInfo\": {\n    \"system\": \"pariatur consectetur ex\",\n    \"cycle\": \"sed officia eu enim\",\n    \"tor\": \"ex\",\n    \"mode\": \"proident in id aliqua ipsum\"\n  }\n}","cookie":[],"_postman_previewlanguage":"json"}],"event":[],"protocolProfileBehavior":{"disableBodyPruning":true}},{"id":"7c216fad-bb07-4e08-bd3e-538011b96fe3","name":"verifyAndUpdateAccount","request":{"name":"verifyAndUpdateAccount","description":{"content":"This service will return a valid JW Tallowing an active user to continue making API requests without needing to re-authenticate with OCS.","type":"text/plain"},"url":{"path":["ecsauth","v1","verifyAndUpdateAccount"],"host":["{{baseUrl}}"],"query":[],"variable":[]},"header":[{"key":"Accept","value":"application/json"}],"method":"POST","auth":null},"response":[{"id":"518304c8-6844-435e-96ea-b86fb139fb95","name":"successful operation","originalRequest":{"url":{"path":["ecsauth","v1","verifyAndUpdateAccount"],"host":["{{baseUrl}}"],"query":[],"variable":[]},"header":[{"key":"Accept","value":"application/json"}],"method":"POST","body":{}},"status":"OK","code":200,"header":[{"key":"Content-Type","value":"application/json"}],"body":"{\n  \"common\": {\n    \"user\": \"in ea\",\n    \"agent\": \"4000\",\n    \"cycle\": \"T\",\n    \"clientNumber\": \"1000\",\n    \"system\": \"2000\",\n    \"prin\": \"3000\",\n    \"debug\": false,\n    \"org\": \"deserunt minim\",\n    \"processor\": false,\n    \"contentType\": \"in dolor\",\n    \"retry\": 0,\n    \"timeout\": 45000,\n    \"siteId\": \"4201\",\n    \"internalOrigin\": false\n  },\n  \"jwt\": \"cillum ea non\"\n}","cookie":[],"_postman_previewlanguage":"json"}],"event":[],"protocolProfileBehavior":{"disableBodyPruning":true}},{"id":"79bcc4c5-cdc7-4f2f-bbee-0a2a3313b093","name":"Verify Username","request":{"name":"Verify Username","description":{"content":"This service will allow to verify an username with the security verification","type":"text/plain"},"url":{"path":["ecsauth","v1","verifyUsername"],"host":["{{baseUrl}}"],"query":[],"variable":[]},"header":[{"key":"Accept","value":"application/json"}],"method":"POST","auth":null},"response":[{"id":"bd9bd80a-ce53-4a26-ab86-513eb96251ee","name":"successful operation","originalRequest":{"url":{"path":["ecsauth","v1","verifyUsername"],"host":["{{baseUrl}}"],"query":[],"variable":[]},"header":[{"key":"Accept","value":"application/json"}],"method":"POST","body":{}},"status":"OK","code":200,"header":[{"key":"Content-Type","value":"application/json"}],"body":"{\n  \"processorInfo\": {\n    \"system\": \"dolor esse non Lorem\",\n    \"cycle\": \"et Excepteur occaecat\",\n    \"tor\": \"ipsum sed aute\",\n    \"mode\": \"dolore cillum\"\n  },\n  \"username\": \"L\"\n}","cookie":[],"_postman_previewlanguage":"json"}],"event":[],"protocolProfileBehavior":{"disableBodyPruning":true}}],"event":[]}],"event":[],"variable":[{"type":"string","value":"https://cat.api.firstdata.com/fs","key":"baseUrl"}],"info":{"_postman_id":"f4dc8d0c-e576-4478-9430-28c4f5d52001","name":"fs-devportal-services-1","schema":"https://schema.getpostman.com/json/collection/v2.1.0/collection.json","description":{"content":"Welcome to the Financial Services API documentation","type":"text/plain"}}}