{"item":[{"id":"ab728733-90ff-47e2-907c-6882fac3eea7","name":"ecsPayments/v2","item":[{"id":"b6b03756-2077-4099-8cb2-352f34923bc3","name":"eCS UI Find Linked or Active Registration","request":{"name":"eCS UI Find Linked or Active Registration","description":{"content":"This service finds the registration that corresponds to the active payment schedule for a loan using the ODS misc13 field to determine whether to use the given account number as the loan number or the linked (upgrade) loan number.","type":"text/plain"},"url":{"path":["ecsPayments","v2","activeRegistration"],"host":["{{baseUrl}}"],"query":[],"variable":[]},"header":[{"key":"Content-Type","value":"application/json"},{"key":"Accept","value":"application/json"}],"method":"POST","auth":null,"body":{"mode":"raw","raw":"{\n  \"common\": {\n    \"user\": \"<string>\",\n    \"agent\": \"<string>\",\n    \"cycle\": \"<string>\",\n    \"clientNumber\": \"<string>\",\n    \"system\": \"<string>\",\n    \"prin\": \"<string>\",\n    \"debug\": \"<boolean>\",\n    \"org\": \"<string>\",\n    \"processor\": \"<boolean>\",\n    \"contentType\": \"<string>\",\n    \"retry\": \"<long>\",\n    \"timeout\": \"<long>\",\n    \"siteId\": \"<string>\",\n    \"internalOrigin\": \"<boolean>\",\n    \"externalCustomerId\": \"<string>\",\n    \"accountId\": \"<string>\",\n    \"presentationId\": \"<string>\"\n  },\n  \"overrideApplicationId\": [\n    \"<string>\",\n    \"<string>\"\n  ],\n  \"overrideKeyId\": \"<string>\",\n  \"overridePaymentChannel\": \"<string>\"\n}","options":{"raw":{"language":"json"}}}},"response":[{"id":"66fc498f-a652-43d6-a2f9-4d5b0c38c034","name":"successful operation","originalRequest":{"url":{"path":["ecsPayments","v2","activeRegistration"],"host":["{{baseUrl}}"],"query":[],"variable":[]},"header":[{"key":"Accept","value":"application/json"}],"method":"POST","body":{"mode":"raw","raw":"{\n  \"common\": {\n    \"user\": \"<string>\",\n    \"agent\": \"4000\",\n    \"cycle\": \"T\",\n    \"clientNumber\": \"1000\",\n    \"system\": \"2000\",\n    \"prin\": \"3000\",\n    \"debug\": \"<boolean>\",\n    \"org\": \"<string>\",\n    \"processor\": \"<boolean>\",\n    \"contentType\": \"<string>\",\n    \"retry\": 0,\n    \"timeout\": 45000,\n    \"siteId\": \"4201\",\n    \"internalOrigin\": \"<boolean>\",\n    \"externalCustomerId\": \"<string>\",\n    \"accountId\": \"8888888888888888\",\n    \"presentationId\": \"<string>\"\n  },\n  \"overrideApplicationId\": [\n    \"<string>\",\n    \"<string>\"\n  ],\n  \"overrideKeyId\": \"<string>\",\n  \"overridePaymentChannel\": \"<string>\"\n}","options":{"raw":{"language":"json"}}}},"status":"OK","code":200,"header":[{"key":"Content-Type","value":"application/json"}],"body":"{\n  \"processorInfo\": {\n    \"system\": \"magna ut dolore veniam\",\n    \"cycle\": \"mollit deserunt sint consequat officia\",\n    \"tor\": \"culpa quis esse reprehenderit\",\n    \"mode\": \"occaecat Ut\"\n  },\n  \"payments\": [\n    {\n      \"transactionID\": \"ex quis minim sunt ea\",\n      \"paymentID\": \"Ut exercitation ullamco\",\n      \"appID\": \"nulla minim in\",\n      \"transactionResultCode\": \"ELIGIBLE\",\n      \"paymentResultCode\": \"ELIGIBLE\",\n      \"paymentTimestamp\": \"commodo exercitation aliquip\",\n      \"paymentAmount\": -16017342.002055824,\n      \"originalTransactionAmount\": 73473209.92591855,\n      \"netTransactionAmount\": 27367767.270482227,\n      \"customReference\": \"dolor reprehenderit\",\n      \"registrationID\": \"aliqua qui\",\n      \"recurringPaymentID\": \"sed\",\n      \"fullName\": \"amet mollit\",\n      \"firstName\": \"id qui\",\n      \"lastName\": \"mollit deserunt aliquip\",\n      \"accountNumber\": \"officia aute sed sint\",\n      \"paymentMedium\": \"OTHER_EFT\",\n      \"eftAccountType\": \"SAVINGS\",\n      \"cardType\": \"ENRT\",\n      \"paymentChannel\": \"IVR\",\n      \"lastPaymentStatus\": \"VOID_COMPLETE\",\n      \"userID\": \"magna incididunt\",\n      \"paymentPostDate\": \"laborum nisi tempor\",\n      \"confirmationNumber\": \"in nulla in et\",\n      \"routingNumber\": \"proident cillum\",\n      \"eftaccountType\": \"UNKNOWN\",\n      \"achreturnCode\": \"commodo\"\n    },\n    {\n      \"transactionID\": \"magna enim adipisicing nostrud\",\n      \"paymentID\": \"et fugiat velit laboris\",\n      \"appID\": \"commodo in veniam esse\",\n      \"transactionResultCode\": \"ELIGIBLE\",\n      \"paymentResultCode\": \"ELIGIBLE\",\n      \"paymentTimestamp\": \"pariatur do\",\n      \"paymentAmount\": -79349502.03266492,\n      \"originalTransactionAmount\": 51193943.211627245,\n      \"netTransactionAmount\": -88962178.98355179,\n      \"customReference\": \"aliquip veniam\",\n      \"registrationID\": \"consequat non\",\n      \"recurringPaymentID\": \"eiusmod amet aute\",\n      \"fullName\": \"exercitation velit\",\n      \"firstName\": \"labore fugiat do\",\n      \"lastName\": \"anim in ullamco culpa do\",\n      \"accountNumber\": \"aliqua\",\n      \"paymentMedium\": \"OTHER_EFT\",\n      \"eftAccountType\": \"SAVINGS\",\n      \"cardType\": \"ENRT\",\n      \"paymentChannel\": \"IVR\",\n      \"lastPaymentStatus\": \"VOID_COMPLETE\",\n      \"userID\": \"non\",\n      \"paymentPostDate\": \"labore enim Duis consectetur\",\n      \"confirmationNumber\": \"cupidatat proident nulla esse exercitation\",\n      \"routingNumber\": \"nostrud ut aliquip minim\",\n      \"eftaccountType\": \"UNKNOWN\",\n      \"achreturnCode\": \"quis\"\n    }\n  ]\n}","cookie":[],"_postman_previewlanguage":"json"}],"event":[],"protocolProfileBehavior":{"disableBodyPruning":true}},{"id":"89fb70ec-bd06-4eda-a0d2-c5f8967f038b","name":"eCS UI cancel one time payment","request":{"name":"eCS UI cancel one time payment","description":{"content":"This service cancels a one time paypoint payment and sends an email notification by orchestratingthe cancelPayment and the sendEmail newarch servicesusing the ODS misc13 field to determine whether to use the given account number as the loan number or the linked (upgrade) loan number.","type":"text/plain"},"url":{"path":["ecsPayments","v2","cancelPayment"],"host":["{{baseUrl}}"],"query":[],"variable":[]},"header":[{"key":"Content-Type","value":"application/json"},{"key":"Accept","value":"application/json"}],"method":"POST","auth":null,"body":{"mode":"raw","raw":"{\n  \"confirmationNumber\": \"<string>\",\n  \"refundAmount\": \"<string>\",\n  \"common\": {\n    \"user\": \"<string>\",\n    \"agent\": \"<string>\",\n    \"cycle\": \"<string>\",\n    \"clientNumber\": \"<string>\",\n    \"system\": \"<string>\",\n    \"prin\": \"<string>\",\n    \"debug\": \"<boolean>\",\n    \"org\": \"<string>\",\n    \"processor\": \"<boolean>\",\n    \"contentType\": \"<string>\",\n    \"retry\": \"<long>\",\n    \"timeout\": \"<long>\",\n    \"siteId\": \"<string>\",\n    \"internalOrigin\": \"<boolean>\",\n    \"externalCustomerId\": \"<string>\",\n    \"accountId\": \"<string>\",\n    \"presentationId\": \"<string>\"\n  },\n  \"overrideApplicationId\": [\n    \"<string>\",\n    \"<string>\"\n  ],\n  \"overrideKeyId\": \"<string>\",\n  \"overridePaymentChannel\": \"<string>\",\n  \"convienienceFee\": \"<string>\"\n}","options":{"raw":{"language":"json"}}}},"response":[{"id":"3a49d72e-6af4-4c1c-ac5b-363a47429014","name":"successful operation","originalRequest":{"url":{"path":["ecsPayments","v2","cancelPayment"],"host":["{{baseUrl}}"],"query":[],"variable":[]},"header":[{"key":"Accept","value":"application/json"}],"method":"POST","body":{"mode":"raw","raw":"{\n  \"confirmationNumber\": \"<string>\",\n  \"refundAmount\": \"<string>\",\n  \"common\": {\n    \"user\": \"<string>\",\n    \"agent\": \"4000\",\n    \"cycle\": \"T\",\n    \"clientNumber\": \"1000\",\n    \"system\": \"2000\",\n    \"prin\": \"3000\",\n    \"debug\": \"<boolean>\",\n    \"org\": \"<string>\",\n    \"processor\": \"<boolean>\",\n    \"contentType\": \"<string>\",\n    \"retry\": 0,\n    \"timeout\": 45000,\n    \"siteId\": \"4201\",\n    \"internalOrigin\": \"<boolean>\",\n    \"externalCustomerId\": \"<string>\",\n    \"accountId\": \"8888888888888888\",\n    \"presentationId\": \"<string>\"\n  },\n  \"overrideApplicationId\": [\n    \"<string>\",\n    \"<string>\"\n  ],\n  \"overrideKeyId\": \"<string>\",\n  \"overridePaymentChannel\": \"<string>\",\n  \"convienienceFee\": \"<string>\"\n}","options":{"raw":{"language":"json"}}}},"status":"OK","code":200,"header":[{"key":"Content-Type","value":"application/json"}],"body":"{\n  \"processorInfo\": {\n    \"system\": \"quis nulla enim consequat Excepteur\",\n    \"cycle\": \"Duis occaecat commodo sed minim\",\n    \"tor\": \"in voluptate est \",\n    \"mode\": \"commodo nulla adipisicing tempor\"\n  },\n  \"returnCode\": \"POST_DATE_TOO_LARGE\",\n  \"resultMessage\": \"qui occaecat amet reprehenderit\",\n  \"timeoutLimit\": 7930595,\n  \"confirmationNumber\": \"aliquip quis\",\n  \"refundAmount\": -25733445.94961378,\n  \"settlementSubmissionDate\": \"quis ad\"\n}","cookie":[],"_postman_previewlanguage":"json"}],"event":[],"protocolProfileBehavior":{"disableBodyPruning":true}},{"id":"0a21e22a-0af2-43e9-9ebf-cbb98860ae91","name":"eCS UI Create Registration","request":{"name":"eCS UI Create Registration","description":{"content":"This service creates a new registration (payment account) for the provided loan.  Valid payment account types are limited to E_CHECK and CREDIT_CARD using the ODS misc13 field to determine whether to use the given account number as the loan number or the linked (upgrade) loan number.","type":"text/plain"},"url":{"path":["ecsPayments","v2","createRegistration"],"host":["{{baseUrl}}"],"query":[],"variable":[]},"header":[{"key":"Content-Type","value":"application/json"},{"key":"Accept","value":"application/json"}],"method":"POST","auth":null,"body":{"mode":"raw","raw":"{\n  \"common\": {\n    \"user\": \"<string>\",\n    \"agent\": \"<string>\",\n    \"cycle\": \"<string>\",\n    \"clientNumber\": \"<string>\",\n    \"system\": \"<string>\",\n    \"prin\": \"<string>\",\n    \"debug\": \"<boolean>\",\n    \"org\": \"<string>\",\n    \"processor\": \"<boolean>\",\n    \"contentType\": \"<string>\",\n    \"retry\": \"<long>\",\n    \"timeout\": \"<long>\",\n    \"siteId\": \"<string>\",\n    \"internalOrigin\": \"<boolean>\",\n    \"externalCustomerId\": \"<string>\",\n    \"accountId\": \"<string>\",\n    \"presentationId\": \"<string>\"\n  },\n  \"overrideApplicationId\": [\n    \"<string>\",\n    \"<string>\"\n  ],\n  \"overrideKeyId\": \"<string>\",\n  \"overridePaymentChannel\": \"<string>\",\n  \"registration\": {\n    \"registrationID\": \"<string>\",\n    \"etfAccountInfo\": {\n      \"nameFirst\": \"<string>\",\n      \"nameLast\": \"<string>\",\n      \"nameMiddle\": \"<string>\",\n      \"nameFull\": \"<string>\",\n      \"phone1\": \"<string>\",\n      \"phone2\": \"<string>\",\n      \"email\": \"<string>\",\n      \"street1\": \"<string>\",\n      \"street2\": \"<string>\",\n      \"city\": \"<string>\",\n      \"state\": \"<string>\",\n      \"zip\": \"<string>\",\n      \"country\": \"<string>\",\n      \"bankName\": \"<string>\",\n      \"bankAccountNumber\": \"<string>\",\n      \"bankRoutingNumber\": \"<string>\",\n      \"accountType\": \"<string>\"\n    },\n    \"creditCardAccountInfo\": {\n      \"nameFirst\": \"<string>\",\n      \"nameLast\": \"<string>\",\n      \"nameMiddle\": \"<string>\",\n      \"nameFull\": \"<string>\",\n      \"phone1\": \"<string>\",\n      \"phone2\": \"<string>\",\n      \"email\": \"<string>\",\n      \"street1\": \"<string>\",\n      \"street2\": \"<string>\",\n      \"city\": \"<string>\",\n      \"state\": \"<string>\",\n      \"zip\": \"<string>\",\n      \"country\": \"<string>\",\n      \"cardNumber\": \"<string>\",\n      \"expirationDate\": \"<string>\",\n      \"cardType\": \"<string>\",\n      \"cvv\": \"<string>\"\n    },\n    \"paymentMedium\": \"<string>\"\n  }\n}","options":{"raw":{"language":"json"}}}},"response":[{"id":"bdae6eb1-29e6-4ee3-8e51-13be09156c5a","name":"successful operation","originalRequest":{"url":{"path":["ecsPayments","v2","createRegistration"],"host":["{{baseUrl}}"],"query":[],"variable":[]},"header":[{"key":"Accept","value":"application/json"}],"method":"POST","body":{"mode":"raw","raw":"{\n  \"common\": {\n    \"user\": \"<string>\",\n    \"agent\": \"4000\",\n    \"cycle\": \"T\",\n    \"clientNumber\": \"1000\",\n    \"system\": \"2000\",\n    \"prin\": \"3000\",\n    \"debug\": \"<boolean>\",\n    \"org\": \"<string>\",\n    \"processor\": \"<boolean>\",\n    \"contentType\": \"<string>\",\n    \"retry\": 0,\n    \"timeout\": 45000,\n    \"siteId\": \"4201\",\n    \"internalOrigin\": \"<boolean>\",\n    \"externalCustomerId\": \"<string>\",\n    \"accountId\": \"8888888888888888\",\n    \"presentationId\": \"<string>\"\n  },\n  \"overrideApplicationId\": [\n    \"<string>\",\n    \"<string>\"\n  ],\n  \"overrideKeyId\": \"<string>\",\n  \"overridePaymentChannel\": \"<string>\",\n  \"registration\": {\n    \"registrationID\": \"<string>\",\n    \"etfAccountInfo\": {\n      \"nameFirst\": \"<string>\",\n      \"nameLast\": \"<string>\",\n      \"nameMiddle\": \"<string>\",\n      \"nameFull\": \"<string>\",\n      \"phone1\": \"<string>\",\n      \"phone2\": \"<string>\",\n      \"email\": \"<string>\",\n      \"street1\": \"<string>\",\n      \"street2\": \"<string>\",\n      \"city\": \"<string>\",\n      \"state\": \"<string>\",\n      \"zip\": \"<string>\",\n      \"country\": \"<string>\",\n      \"bankName\": \"<string>\",\n      \"bankAccountNumber\": \"<string>\",\n      \"bankRoutingNumber\": \"<string>\",\n      \"accountType\": \"SAVINGS\"\n    },\n    \"creditCardAccountInfo\": {\n      \"nameFirst\": \"<string>\",\n      \"nameLast\": \"<string>\",\n      \"nameMiddle\": \"<string>\",\n      \"nameFull\": \"<string>\",\n      \"phone1\": \"<string>\",\n      \"phone2\": \"<string>\",\n      \"email\": \"<string>\",\n      \"street1\": \"<string>\",\n      \"street2\": \"<string>\",\n      \"city\": \"<string>\",\n      \"state\": \"<string>\",\n      \"zip\": \"<string>\",\n      \"country\": \"<string>\",\n      \"cardNumber\": \"<string>\",\n      \"expirationDate\": \"<string>\",\n      \"cardType\": \"ENRT\",\n      \"cvv\": \"<string>\"\n    },\n    \"paymentMedium\": \"CREDIT_CARD\"\n  }\n}","options":{"raw":{"language":"json"}}}},"status":"OK","code":200,"header":[{"key":"Content-Type","value":"application/json"}],"body":"{\n  \"processorInfo\": {\n    \"system\": \"tempor deserunt\",\n    \"cycle\": \"sit sunt Lorem laboris\",\n    \"tor\": \"nisi dolore velit\",\n    \"mode\": \"do fugiat eu veniam\"\n  },\n  \"returnCode\": \"REFUND_SETTLEMENT_PENDING\",\n  \"resultMessage\": \"commodo dolore cupidatat aute culpa\",\n  \"timeoutLimit\": -84651789,\n  \"registrationID\": \"nostrud labore nisi\"\n}","cookie":[],"_postman_previewlanguage":"json"}],"event":[],"protocolProfileBehavior":{"disableBodyPruning":true}},{"id":"626482e6-832d-4dd9-9dd8-d0adb11de79b","name":"eCS UI Find Linked or Active Registration","request":{"name":"eCS UI Find Linked or Active Registration","description":{"content":"This service finds the registration that corresponds to given loan.  The returned registrationmight not necessarily be the active one (depending on whether the given loan is an upgrade).","type":"text/plain"},"url":{"path":["ecsPayments","v2","currentPaymentInfo"],"host":["{{baseUrl}}"],"query":[],"variable":[]},"header":[{"key":"Content-Type","value":"application/json"},{"key":"Accept","value":"application/json"}],"method":"POST","auth":null,"body":{"mode":"raw","raw":"{\n  \"common\": {\n    \"user\": \"<string>\",\n    \"agent\": \"<string>\",\n    \"cycle\": \"<string>\",\n    \"clientNumber\": \"<string>\",\n    \"system\": \"<string>\",\n    \"prin\": \"<string>\",\n    \"debug\": \"<boolean>\",\n    \"org\": \"<string>\",\n    \"processor\": \"<boolean>\",\n    \"contentType\": \"<string>\",\n    \"retry\": \"<long>\",\n    \"timeout\": \"<long>\",\n    \"siteId\": \"<string>\",\n    \"internalOrigin\": \"<boolean>\",\n    \"externalCustomerId\": \"<string>\",\n    \"accountId\": \"<string>\",\n    \"presentationId\": \"<string>\"\n  },\n  \"overrideApplicationId\": [\n    \"<string>\",\n    \"<string>\"\n  ],\n  \"overrideKeyId\": \"<string>\",\n  \"overridePaymentChannel\": \"<string>\"\n}","options":{"raw":{"language":"json"}}}},"response":[{"id":"f6368bc2-88cd-4155-9399-2335393cbfd1","name":"successful operation","originalRequest":{"url":{"path":["ecsPayments","v2","currentPaymentInfo"],"host":["{{baseUrl}}"],"query":[],"variable":[]},"header":[{"key":"Accept","value":"application/json"}],"method":"POST","body":{"mode":"raw","raw":"{\n  \"common\": {\n    \"user\": \"<string>\",\n    \"agent\": \"4000\",\n    \"cycle\": \"T\",\n    \"clientNumber\": \"1000\",\n    \"system\": \"2000\",\n    \"prin\": \"3000\",\n    \"debug\": \"<boolean>\",\n    \"org\": \"<string>\",\n    \"processor\": \"<boolean>\",\n    \"contentType\": \"<string>\",\n    \"retry\": 0,\n    \"timeout\": 45000,\n    \"siteId\": \"4201\",\n    \"internalOrigin\": \"<boolean>\",\n    \"externalCustomerId\": \"<string>\",\n    \"accountId\": \"8888888888888888\",\n    \"presentationId\": \"<string>\"\n  },\n  \"overrideApplicationId\": [\n    \"<string>\",\n    \"<string>\"\n  ],\n  \"overrideKeyId\": \"<string>\",\n  \"overridePaymentChannel\": \"<string>\"\n}","options":{"raw":{"language":"json"}}}},"status":"OK","code":200,"header":[{"key":"Content-Type","value":"application/json"}],"body":"{\n  \"processorInfo\": {\n    \"system\": \"ex esse exercitation ut\",\n    \"cycle\": \"fugiat\",\n    \"tor\": \"id occaecat tempor qui\",\n    \"mode\": \"velit cupidatat ex\"\n  },\n  \"payments\": [\n    {\n      \"transactionID\": \"nulla irure velit\",\n      \"paymentID\": \"Lorem aliquip qui voluptate\",\n      \"appID\": \"reprehenderit irure est sit\",\n      \"transactionResultCode\": \"ELIGIBLE\",\n      \"paymentResultCode\": \"ELIGIBLE\",\n      \"paymentTimestamp\": \"adip\",\n      \"paymentAmount\": 60002584.85804948,\n      \"originalTransactionAmount\": -81369606.46828166,\n      \"netTransactionAmount\": 76312749.25752556,\n      \"customReference\": \"fugiat adipisicing minim\",\n      \"registrationID\": \"consequat eu enim dolore\",\n      \"recurringPaymentID\": \"irure occaecat sed nisi\",\n      \"fullName\": \"aliquip laborum\",\n      \"firstName\": \"amet anim incididunt\",\n      \"lastName\": \"in dolore enim\",\n      \"accountNumber\": \"veniam in consectetur\",\n      \"paymentMedium\": \"OTHER_EFT\",\n      \"eftAccountType\": \"SAVINGS\",\n      \"cardType\": \"ENRT\",\n      \"paymentChannel\": \"IVR\",\n      \"lastPaymentStatus\": \"VOID_COMPLETE\",\n      \"userID\": \"occaecat culpa cupidatat\",\n      \"paymentPostDate\": \"laboris est\",\n      \"confirmationNumber\": \"in\",\n      \"routingNumber\": \"commodo nisi ea exercitation\",\n      \"eftaccountType\": \"UNKNOWN\",\n      \"achreturnCode\": \"mollit eu labore\"\n    },\n    {\n      \"transactionID\": \"elit\",\n      \"paymentID\": \"labore dolor\",\n      \"appID\": \"fugiat pariatur quis\",\n      \"transactionResultCode\": \"ELIGIBLE\",\n      \"paymentResultCode\": \"ELIGIBLE\",\n      \"paymentTimestamp\": \"culpa nisi proident\",\n      \"paymentAmount\": -70787222.44073528,\n      \"originalTransactionAmount\": -37752721.98031634,\n      \"netTransactionAmount\": 9266883.15976514,\n      \"customReference\": \"ullamco non dolore et\",\n      \"registrationID\": \"dolor ullamco dolore culpa nostrud\",\n      \"recurringPaymentID\": \"Lorem consectetur\",\n      \"fullName\": \"consectetur dolore dolor\",\n      \"firstName\": \"sunt dolor\",\n      \"lastName\": \"fugiat officia\",\n      \"accountNumber\": \"irure ipsum culpa sit\",\n      \"paymentMedium\": \"OTHER_EFT\",\n      \"eftAccountType\": \"SAVINGS\",\n      \"cardType\": \"ENRT\",\n      \"paymentChannel\": \"IVR\",\n      \"lastPaymentStatus\": \"VOID_COMPLETE\",\n      \"userID\": \"consectetur veniam ullamco ut\",\n      \"paymentPostDate\": \"in Excepteur Ut consectetur dolore\",\n      \"confirmationNumber\": \"et veniam ipsum commo\",\n      \"routingNumber\": \"Lorem ipsum Excepteur dolor\",\n      \"eftaccountType\": \"UNKNOWN\",\n      \"achreturnCode\": \"est in\"\n    }\n  ]\n}","cookie":[],"_postman_previewlanguage":"json"}],"event":[],"protocolProfileBehavior":{"disableBodyPruning":true}},{"id":"c4721184-2b40-4c66-972a-e434c9575a1c","name":"eCS UI make one time payment","request":{"name":"eCS UI make one time payment","description":{"content":"This service makes a one time paypoint payment and sends an email notification by orchestratingthe makePayment and the sendEmail newarch services using the ODS misc13 field to determine whether to use the given account number as the loan number or the linked (upgrade) loan number.","type":"text/plain"},"url":{"path":["ecsPayments","v2","oneTimePayment"],"host":["{{baseUrl}}"],"query":[],"variable":[]},"header":[{"key":"Content-Type","value":"application/json"},{"key":"Accept","value":"application/json"}],"method":"POST","auth":null,"body":{"mode":"raw","raw":"{\n  \"paymentAmount\": \"<string>\",\n  \"common\": {\n    \"user\": \"<string>\",\n    \"agent\": \"<string>\",\n    \"cycle\": \"<string>\",\n    \"clientNumber\": \"<string>\",\n    \"system\": \"<string>\",\n    \"prin\": \"<string>\",\n    \"debug\": \"<boolean>\",\n    \"org\": \"<string>\",\n    \"processor\": \"<boolean>\",\n    \"contentType\": \"<string>\",\n    \"retry\": \"<long>\",\n    \"timeout\": \"<long>\",\n    \"siteId\": \"<string>\",\n    \"internalOrigin\": \"<boolean>\",\n    \"externalCustomerId\": \"<string>\",\n    \"accountId\": \"<string>\",\n    \"presentationId\": \"<string>\"\n  },\n  \"overrideApplicationId\": [\n    \"<string>\",\n    \"<string>\"\n  ],\n  \"overrideKeyId\": \"<string>\",\n  \"overridePaymentChannel\": \"<string>\",\n  \"registrationID\": \"<string>\",\n  \"registration\": {\n    \"registrationID\": \"<string>\",\n    \"etfAccountInfo\": {\n      \"nameFirst\": \"<string>\",\n      \"nameLast\": \"<string>\",\n      \"nameMiddle\": \"<string>\",\n      \"nameFull\": \"<string>\",\n      \"phone1\": \"<string>\",\n      \"phone2\": \"<string>\",\n      \"email\": \"<string>\",\n      \"street1\": \"<string>\",\n      \"street2\": \"<string>\",\n      \"city\": \"<string>\",\n      \"state\": \"<string>\",\n      \"zip\": \"<string>\",\n      \"country\": \"<string>\",\n      \"bankName\": \"<string>\",\n      \"bankAccountNumber\": \"<string>\",\n      \"bankRoutingNumber\": \"<string>\",\n      \"accountType\": \"<string>\"\n    },\n    \"creditCardAccountInfo\": {\n      \"nameFirst\": \"<string>\",\n      \"nameLast\": \"<string>\",\n      \"nameMiddle\": \"<string>\",\n      \"nameFull\": \"<string>\",\n      \"phone1\": \"<string>\",\n      \"phone2\": \"<string>\",\n      \"email\": \"<string>\",\n      \"street1\": \"<string>\",\n      \"street2\": \"<string>\",\n      \"city\": \"<string>\",\n      \"state\": \"<string>\",\n      \"zip\": \"<string>\",\n      \"country\": \"<string>\",\n      \"cardNumber\": \"<string>\",\n      \"expirationDate\": \"<string>\",\n      \"cardType\": \"<string>\",\n      \"cvv\": \"<string>\"\n    },\n    \"paymentMedium\": \"<string>\"\n  },\n  \"paymentDate\": \"<string>\",\n  \"overrideAuthorizationMedium\": \"<string>\",\n  \"referenceLookupOverrideDate\": \"<string>\"\n}","options":{"raw":{"language":"json"}}}},"response":[{"id":"47dadd48-3b5e-4b12-ab4c-d5d3788d2a19","name":"successful operation","originalRequest":{"url":{"path":["ecsPayments","v2","oneTimePayment"],"host":["{{baseUrl}}"],"query":[],"variable":[]},"header":[{"key":"Accept","value":"application/json"}],"method":"POST","body":{"mode":"raw","raw":"{\n  \"paymentAmount\": \"72560134.08\",\n  \"common\": {\n    \"user\": \"<string>\",\n    \"agent\": \"4000\",\n    \"cycle\": \"T\",\n    \"clientNumber\": \"1000\",\n    \"system\": \"2000\",\n    \"prin\": \"3000\",\n    \"debug\": \"<boolean>\",\n    \"org\": \"<string>\",\n    \"processor\": \"<boolean>\",\n    \"contentType\": \"<string>\",\n    \"retry\": 0,\n    \"timeout\": 45000,\n    \"siteId\": \"4201\",\n    \"internalOrigin\": \"<boolean>\",\n    \"externalCustomerId\": \"<string>\",\n    \"accountId\": \"8888888888888888\",\n    \"presentationId\": \"<string>\"\n  },\n  \"overrideApplicationId\": [\n    \"<string>\",\n    \"<string>\"\n  ],\n  \"overrideKeyId\": \"<string>\",\n  \"overridePaymentChannel\": \"<string>\",\n  \"registrationID\": \"<string>\",\n  \"registration\": {\n    \"registrationID\": \"<string>\",\n    \"etfAccountInfo\": {\n      \"nameFirst\": \"<string>\",\n      \"nameLast\": \"<string>\",\n      \"nameMiddle\": \"<string>\",\n      \"nameFull\": \"<string>\",\n      \"phone1\": \"<string>\",\n      \"phone2\": \"<string>\",\n      \"email\": \"<string>\",\n      \"street1\": \"<string>\",\n      \"street2\": \"<string>\",\n      \"city\": \"<string>\",\n      \"state\": \"<string>\",\n      \"zip\": \"<string>\",\n      \"country\": \"<string>\",\n      \"bankName\": \"<string>\",\n      \"bankAccountNumber\": \"<string>\",\n      \"bankRoutingNumber\": \"<string>\",\n      \"accountType\": \"SAVINGS\"\n    },\n    \"creditCardAccountInfo\": {\n      \"nameFirst\": \"<string>\",\n      \"nameLast\": \"<string>\",\n      \"nameMiddle\": \"<string>\",\n      \"nameFull\": \"<string>\",\n      \"phone1\": \"<string>\",\n      \"phone2\": \"<string>\",\n      \"email\": \"<string>\",\n      \"street1\": \"<string>\",\n      \"street2\": \"<string>\",\n      \"city\": \"<string>\",\n      \"state\": \"<string>\",\n      \"zip\": \"<string>\",\n      \"country\": \"<string>\",\n      \"cardNumber\": \"<string>\",\n      \"expirationDate\": \"<string>\",\n      \"cardType\": \"ENRT\",\n      \"cvv\": \"<string>\"\n    },\n    \"paymentMedium\": \"CREDIT_CARD\"\n  },\n  \"paymentDate\": \"92/54/8609\",\n  \"overrideAuthorizationMedium\": \"<string>\",\n  \"referenceLookupOverrideDate\": \"<string>\"\n}","options":{"raw":{"language":"json"}}}},"status":"OK","code":200,"header":[{"key":"Content-Type","value":"application/json"}],"body":"{\n  \"processorInfo\": {\n    \"system\": \"minim elit culpa qui\",\n    \"cycle\": \"culpa deserunt esse\",\n    \"tor\": \"id Ut\",\n    \"mode\": \"ipsum est\"\n  },\n  \"returnCode\": \"ACCOUNT_INVALID\",\n  \"resultMessage\": \"est aute dolor enim\",\n  \"timeoutLimit\": 30650515,\n  \"confirmationNumber\": \"id proident\",\n  \"totalAmount\": -81153087.8420661,\n  \"settlementSubmissionDate\": \"irure culpa et\",\n  \"cardType\": \"UNKW\",\n  \"authorizationCode\": \"occaecat exercitation qui ex\"\n}","cookie":[],"_postman_previewlanguage":"json"}],"event":[],"protocolProfileBehavior":{"disableBodyPruning":true}},{"id":"aa062f74-e9ca-4c03-b5f3-33812df08859","name":"eCS UI Retrieve Active Schedule","request":{"name":"eCS UI Retrieve Active Schedule","description":{},"url":{"path":["ecsPayments","v2","retrieveActiveSchedule"],"host":["{{baseUrl}}"],"query":[],"variable":[]},"header":[{"key":"Content-Type","value":"application/json"},{"key":"Accept","value":"application/json"}],"method":"POST","auth":null,"body":{"mode":"raw","raw":"{\n  \"common\": {\n    \"user\": \"<string>\",\n    \"agent\": \"<string>\",\n    \"cycle\": \"<string>\",\n    \"clientNumber\": \"<string>\",\n    \"system\": \"<string>\",\n    \"prin\": \"<string>\",\n    \"debug\": \"<boolean>\",\n    \"org\": \"<string>\",\n    \"processor\": \"<boolean>\",\n    \"contentType\": \"<string>\",\n    \"retry\": \"<long>\",\n    \"timeout\": \"<long>\",\n    \"siteId\": \"<string>\",\n    \"internalOrigin\": \"<boolean>\",\n    \"externalCustomerId\": \"<string>\",\n    \"accountId\": \"<string>\",\n    \"presentationId\": \"<string>\"\n  },\n  \"overrideApplicationId\": [\n    \"<string>\",\n    \"<string>\"\n  ],\n  \"overrideKeyId\": \"<string>\",\n  \"overridePaymentChannel\": \"<string>\"\n}","options":{"raw":{"language":"json"}}}},"response":[{"id":"7a4d1cdf-5620-48bf-ab3d-0d279b7106d2","name":"successful operation","originalRequest":{"url":{"path":["ecsPayments","v2","retrieveActiveSchedule"],"host":["{{baseUrl}}"],"query":[],"variable":[]},"header":[{"key":"Accept","value":"application/json"}],"method":"POST","body":{"mode":"raw","raw":"{\n  \"common\": {\n    \"user\": \"<string>\",\n    \"agent\": \"4000\",\n    \"cycle\": \"T\",\n    \"clientNumber\": \"1000\",\n    \"system\": \"2000\",\n    \"prin\": \"3000\",\n    \"debug\": \"<boolean>\",\n    \"org\": \"<string>\",\n    \"processor\": \"<boolean>\",\n    \"contentType\": \"<string>\",\n    \"retry\": 0,\n    \"timeout\": 45000,\n    \"siteId\": \"4201\",\n    \"internalOrigin\": \"<boolean>\",\n    \"externalCustomerId\": \"<string>\",\n    \"accountId\": \"8888888888888888\",\n    \"presentationId\": \"<string>\"\n  },\n  \"overrideApplicationId\": [\n    \"<string>\",\n    \"<string>\"\n  ],\n  \"overrideKeyId\": \"<string>\",\n  \"overridePaymentChannel\": \"<string>\"\n}","options":{"raw":{"language":"json"}}}},"status":"OK","code":200,"header":[{"key":"Content-Type","value":"application/json"}],"body":"{\n  \"processorInfo\": {\n    \"system\": \"aliqua dolore incididunt\",\n    \"cycle\": \"incididunt\",\n    \"tor\": \"deserunt Lorem\",\n    \"mode\": \"consequat dolor Excepteur officia\"\n  },\n  \"returnCode\": \"UNRESOLVED_CANCELLATION\",\n  \"resultMessage\": \"et ven\",\n  \"timeoutLimit\": -83524366,\n  \"schedules\": [\n    {\n      \"appID\": \"elit\",\n      \"recurringPaymentID\": \"esse\",\n      \"registrationID\": \"ut pariatur est\",\n      \"beginDate\": \"aliquip magna Duis\",\n      \"endDate\": \"laboris sit\",\n      \"nextPayDate\": \"dolor dolor\",\n      \"createdDate\": \"esse fugiat tempor\",\n      \"recurringIntervalType\": \"UNKNOWN\",\n      \"intervalParam1\": \"nostrud ullamco mollit in\",\n      \"intervalParam2\": \"in aute\",\n      \"intervalParam3\": \"commodo officia irure cillum\",\n      \"intervalParam4\": \"Ut id laboris irure\",\n      \"paymentAmount\": -2156278.0861952305,\n      \"convFeeAmount\": -65516930.56645327,\n      \"reference\": \"reprehenderit sint Excepteur\",\n      \"scheduleType\": 51812031,\n      \"disabledReason\": \"deserunt do adipisicing\",\n      \"disabled\": false\n    },\n    {\n      \"appID\": \"tempor ad minim\",\n      \"recurringPaymentID\": \"eiusmod aliqua cupidatat\",\n      \"registrationID\": \"deserunt\",\n      \"beginDate\": \"sit do magna sed\",\n      \"endDate\": \"veniam irure\",\n      \"nextPayDate\": \"quis non\",\n      \"createdDate\": \"sint in dolore\",\n      \"recurringIntervalType\": \"UNKNOWN\",\n      \"intervalParam1\": \"anim culpa\",\n      \"intervalParam2\": \"culpa ea cupidatat\",\n      \"intervalParam3\": \"aute pariatur cillum\",\n      \"intervalParam4\": \"culpa amet labore elit sunt\",\n      \"paymentAmount\": 76773064.40742934,\n      \"convFeeAmount\": 22490526.072852463,\n      \"reference\": \"el\",\n      \"scheduleType\": 48620538,\n      \"disabledReason\": \"anim in fugiat pariatur\",\n      \"disabled\": false\n    }\n  ]\n}","cookie":[],"_postman_previewlanguage":"json"}],"event":[],"protocolProfileBehavior":{"disableBodyPruning":true}},{"id":"ae214d38-03f1-4a68-9685-5e7c651b594d","name":"eCS UI Retrieve Payments","request":{"name":"eCS UI Retrieve Payments","description":{"content":"This service utilizes the existing NSA PayPoint client to retrieve the list of past payments on account using the ODS misc13 field to determine whether to use the given account number as the loan number or the linked (upgrade) loan number.","type":"text/plain"},"url":{"path":["ecsPayments","v2","retrievePayments"],"host":["{{baseUrl}}"],"query":[],"variable":[]},"header":[{"key":"Content-Type","value":"application/json"},{"key":"Accept","value":"application/json"}],"method":"POST","auth":null,"body":{"mode":"raw","raw":"{\n  \"common\": {\n    \"user\": \"<string>\",\n    \"agent\": \"<string>\",\n    \"cycle\": \"<string>\",\n    \"clientNumber\": \"<string>\",\n    \"system\": \"<string>\",\n    \"prin\": \"<string>\",\n    \"debug\": \"<boolean>\",\n    \"org\": \"<string>\",\n    \"processor\": \"<boolean>\",\n    \"contentType\": \"<string>\",\n    \"retry\": \"<long>\",\n    \"timeout\": \"<long>\",\n    \"siteId\": \"<string>\",\n    \"internalOrigin\": \"<boolean>\",\n    \"externalCustomerId\": \"<string>\",\n    \"accountId\": \"<string>\",\n    \"presentationId\": \"<string>\"\n  },\n  \"overrideApplicationId\": [\n    \"<string>\",\n    \"<string>\"\n  ],\n  \"overrideKeyId\": \"<string>\",\n  \"overridePaymentChannel\": \"<string>\"\n}","options":{"raw":{"language":"json"}}}},"response":[{"id":"9a052993-9e76-4548-b549-e63f94ef34fe","name":"successful operation","originalRequest":{"url":{"path":["ecsPayments","v2","retrievePayments"],"host":["{{baseUrl}}"],"query":[],"variable":[]},"header":[{"key":"Accept","value":"application/json"}],"method":"POST","body":{"mode":"raw","raw":"{\n  \"common\": {\n    \"user\": \"<string>\",\n    \"agent\": \"4000\",\n    \"cycle\": \"T\",\n    \"clientNumber\": \"1000\",\n    \"system\": \"2000\",\n    \"prin\": \"3000\",\n    \"debug\": \"<boolean>\",\n    \"org\": \"<string>\",\n    \"processor\": \"<boolean>\",\n    \"contentType\": \"<string>\",\n    \"retry\": 0,\n    \"timeout\": 45000,\n    \"siteId\": \"4201\",\n    \"internalOrigin\": \"<boolean>\",\n    \"externalCustomerId\": \"<string>\",\n    \"accountId\": \"8888888888888888\",\n    \"presentationId\": \"<string>\"\n  },\n  \"overrideApplicationId\": [\n    \"<string>\",\n    \"<string>\"\n  ],\n  \"overrideKeyId\": \"<string>\",\n  \"overridePaymentChannel\": \"<string>\"\n}","options":{"raw":{"language":"json"}}}},"status":"OK","code":200,"header":[{"key":"Content-Type","value":"application/json"}],"body":"{\n  \"processorInfo\": {\n    \"system\": \"ex esse exercitation ut\",\n    \"cycle\": \"fugiat\",\n    \"tor\": \"id occaecat tempor qui\",\n    \"mode\": \"velit cupidatat ex\"\n  },\n  \"payments\": [\n    {\n      \"transactionID\": \"nulla irure velit\",\n      \"paymentID\": \"Lorem aliquip qui voluptate\",\n      \"appID\": \"reprehenderit irure est sit\",\n      \"transactionResultCode\": \"ELIGIBLE\",\n      \"paymentResultCode\": \"ELIGIBLE\",\n      \"paymentTimestamp\": \"adip\",\n      \"paymentAmount\": 60002584.85804948,\n      \"originalTransactionAmount\": -81369606.46828166,\n      \"netTransactionAmount\": 76312749.25752556,\n      \"customReference\": \"fugiat adipisicing minim\",\n      \"registrationID\": \"consequat eu enim dolore\",\n      \"recurringPaymentID\": \"irure occaecat sed nisi\",\n      \"fullName\": \"aliquip laborum\",\n      \"firstName\": \"amet anim incididunt\",\n      \"lastName\": \"in dolore enim\",\n      \"accountNumber\": \"veniam in consectetur\",\n      \"paymentMedium\": \"OTHER_EFT\",\n      \"eftAccountType\": \"SAVINGS\",\n      \"cardType\": \"ENRT\",\n      \"paymentChannel\": \"IVR\",\n      \"lastPaymentStatus\": \"VOID_COMPLETE\",\n      \"userID\": \"occaecat culpa cupidatat\",\n      \"paymentPostDate\": \"laboris est\",\n      \"confirmationNumber\": \"in\",\n      \"routingNumber\": \"commodo nisi ea exercitation\",\n      \"eftaccountType\": \"UNKNOWN\",\n      \"achreturnCode\": \"mollit eu labore\"\n    },\n    {\n      \"transactionID\": \"elit\",\n      \"paymentID\": \"labore dolor\",\n      \"appID\": \"fugiat pariatur quis\",\n      \"transactionResultCode\": \"ELIGIBLE\",\n      \"paymentResultCode\": \"ELIGIBLE\",\n      \"paymentTimestamp\": \"culpa nisi proident\",\n      \"paymentAmount\": -70787222.44073528,\n      \"originalTransactionAmount\": -37752721.98031634,\n      \"netTransactionAmount\": 9266883.15976514,\n      \"customReference\": \"ullamco non dolore et\",\n      \"registrationID\": \"dolor ullamco dolore culpa nostrud\",\n      \"recurringPaymentID\": \"Lorem consectetur\",\n      \"fullName\": \"consectetur dolore dolor\",\n      \"firstName\": \"sunt dolor\",\n      \"lastName\": \"fugiat officia\",\n      \"accountNumber\": \"irure ipsum culpa sit\",\n      \"paymentMedium\": \"OTHER_EFT\",\n      \"eftAccountType\": \"SAVINGS\",\n      \"cardType\": \"ENRT\",\n      \"paymentChannel\": \"IVR\",\n      \"lastPaymentStatus\": \"VOID_COMPLETE\",\n      \"userID\": \"consectetur veniam ullamco ut\",\n      \"paymentPostDate\": \"in Excepteur Ut consectetur dolore\",\n      \"confirmationNumber\": \"et veniam ipsum commo\",\n      \"routingNumber\": \"Lorem ipsum Excepteur dolor\",\n      \"eftaccountType\": \"UNKNOWN\",\n      \"achreturnCode\": \"est in\"\n    }\n  ]\n}","cookie":[],"_postman_previewlanguage":"json"}],"event":[],"protocolProfileBehavior":{"disableBodyPruning":true}},{"id":"54538e90-06c7-4a2d-9b41-ba425c58f443","name":"eCS UI Retrieve Registration","request":{"name":"eCS UI Retrieve Registration","description":{"content":"This service utilizes the existing NSA PayPoint client to retrieve the fields of the registration using the ODS misc13 field to determine whether to use the given account number as the loan number or the linked (upgrade) loan number.","type":"text/plain"},"url":{"path":["ecsPayments","v2","retrieveRegistrations"],"host":["{{baseUrl}}"],"query":[],"variable":[]},"header":[{"key":"Content-Type","value":"application/json"},{"key":"Accept","value":"application/json"}],"method":"POST","auth":null,"body":{"mode":"raw","raw":"{\n  \"common\": {\n    \"user\": \"<string>\",\n    \"agent\": \"<string>\",\n    \"cycle\": \"<string>\",\n    \"clientNumber\": \"<string>\",\n    \"system\": \"<string>\",\n    \"prin\": \"<string>\",\n    \"debug\": \"<boolean>\",\n    \"org\": \"<string>\",\n    \"processor\": \"<boolean>\",\n    \"contentType\": \"<string>\",\n    \"retry\": \"<long>\",\n    \"timeout\": \"<long>\",\n    \"siteId\": \"<string>\",\n    \"internalOrigin\": \"<boolean>\",\n    \"externalCustomerId\": \"<string>\",\n    \"accountId\": \"<string>\",\n    \"presentationId\": \"<string>\"\n  },\n  \"overrideApplicationId\": [\n    \"<string>\",\n    \"<string>\"\n  ],\n  \"overrideKeyId\": \"<string>\",\n  \"overridePaymentChannel\": \"<string>\",\n  \"registrationID\": [\n    \"<string>\",\n    \"<string>\"\n  ],\n  \"excludeDisabledRegistrations\": \"<boolean>\"\n}","options":{"raw":{"language":"json"}}}},"response":[{"id":"33c58a59-04c2-4a4d-8ed8-a81f807a933e","name":"successful operation","originalRequest":{"url":{"path":["ecsPayments","v2","retrieveRegistrations"],"host":["{{baseUrl}}"],"query":[],"variable":[]},"header":[{"key":"Accept","value":"application/json"}],"method":"POST","body":{"mode":"raw","raw":"{\n  \"common\": {\n    \"user\": \"<string>\",\n    \"agent\": \"4000\",\n    \"cycle\": \"T\",\n    \"clientNumber\": \"1000\",\n    \"system\": \"2000\",\n    \"prin\": \"3000\",\n    \"debug\": \"<boolean>\",\n    \"org\": \"<string>\",\n    \"processor\": \"<boolean>\",\n    \"contentType\": \"<string>\",\n    \"retry\": 0,\n    \"timeout\": 45000,\n    \"siteId\": \"4201\",\n    \"internalOrigin\": \"<boolean>\",\n    \"externalCustomerId\": \"<string>\",\n    \"accountId\": \"8888888888888888\",\n    \"presentationId\": \"<string>\"\n  },\n  \"overrideApplicationId\": [\n    \"<string>\",\n    \"<string>\"\n  ],\n  \"overrideKeyId\": \"<string>\",\n  \"overridePaymentChannel\": \"<string>\",\n  \"registrationID\": [\n    \"<string>\",\n    \"<string>\"\n  ],\n  \"excludeDisabledRegistrations\": \"<boolean>\"\n}","options":{"raw":{"language":"json"}}}},"status":"OK","code":200,"header":[{"key":"Content-Type","value":"application/json"}],"body":"{\n  \"processorInfo\": {\n    \"system\": \"officia eiusmod\",\n    \"cycle\": \"in d\",\n    \"tor\": \"dolore\",\n    \"mode\": \"aliquip occaecat\"\n  },\n  \"returnCode\": \"PAYMENT_PENDING\",\n  \"resultMessage\": \"Duis ad tempor\",\n  \"timeoutLimit\": -56933457,\n  \"registrations\": [\n    {\n      \"registrationID\": \"<string>\",\n      \"etfAccountInfo\": {\n        \"nameFirst\": \"<string>\",\n        \"nameLast\": \"<string>\",\n        \"nameMiddle\": \"<string>\",\n        \"nameFull\": \"<string>\",\n        \"phone1\": \"<string>\",\n        \"phone2\": \"<string>\",\n        \"email\": \"<string>\",\n        \"street1\": \"<string>\",\n        \"street2\": \"<string>\",\n        \"city\": \"<string>\",\n        \"state\": \"<string>\",\n        \"zip\": \"<string>\",\n        \"country\": \"<string>\",\n        \"bankName\": \"<string>\",\n        \"bankAccountNumber\": \"<string>\",\n        \"bankRoutingNumber\": \"<string>\",\n        \"accountType\": \"SAVINGS\"\n      },\n      \"creditCardAccountInfo\": {\n        \"nameFirst\": \"<string>\",\n        \"nameLast\": \"<string>\",\n        \"nameMiddle\": \"<string>\",\n        \"nameFull\": \"<string>\",\n        \"phone1\": \"<string>\",\n        \"phone2\": \"<string>\",\n        \"email\": \"<string>\",\n        \"street1\": \"<string>\",\n        \"street2\": \"<string>\",\n        \"city\": \"<string>\",\n        \"state\": \"<string>\",\n        \"zip\": \"<string>\",\n        \"country\": \"<string>\",\n        \"cardNumber\": \"<string>\",\n        \"expirationDate\": \"<string>\",\n        \"cardType\": \"ENRT\",\n        \"cvv\": \"<string>\"\n      },\n      \"paymentMedium\": \"CREDIT_CARD\"\n    },\n    {\n      \"registrationID\": \"<string>\",\n      \"etfAccountInfo\": {\n        \"nameFirst\": \"<string>\",\n        \"nameLast\": \"<string>\",\n        \"nameMiddle\": \"<string>\",\n        \"nameFull\": \"<string>\",\n        \"phone1\": \"<string>\",\n        \"phone2\": \"<string>\",\n        \"email\": \"<string>\",\n        \"street1\": \"<string>\",\n        \"street2\": \"<string>\",\n        \"city\": \"<string>\",\n        \"state\": \"<string>\",\n        \"zip\": \"<string>\",\n        \"country\": \"<string>\",\n        \"bankName\": \"<string>\",\n        \"bankAccountNumber\": \"<string>\",\n        \"bankRoutingNumber\": \"<string>\",\n        \"accountType\": \"SAVINGS\"\n      },\n      \"creditCardAccountInfo\": {\n        \"nameFirst\": \"<string>\",\n        \"nameLast\": \"<string>\",\n        \"nameMiddle\": \"<string>\",\n        \"nameFull\": \"<string>\",\n        \"phone1\": \"<string>\",\n        \"phone2\": \"<string>\",\n        \"email\": \"<string>\",\n        \"street1\": \"<string>\",\n        \"street2\": \"<string>\",\n        \"city\": \"<string>\",\n        \"state\": \"<string>\",\n        \"zip\": \"<string>\",\n        \"country\": \"<string>\",\n        \"cardNumber\": \"<string>\",\n        \"expirationDate\": \"<string>\",\n        \"cardType\": \"ENRT\",\n        \"cvv\": \"<string>\"\n      },\n      \"paymentMedium\": \"CREDIT_CARD\"\n    }\n  ]\n}","cookie":[],"_postman_previewlanguage":"json"}],"event":[],"protocolProfileBehavior":{"disableBodyPruning":true}},{"id":"1dde09cb-da66-424d-a2b0-90e1425b1072","name":"eCS UI Retrieve Payments","request":{"name":"eCS UI Retrieve Payments","description":{"content":"This service utilizes the existing NSA PayPoint client to retrieve the list of payment schedules associated with a loan, including inactive schedules using the ODS misc13 field to determine whether to use the given account number as the loan number or the linked (upgrade) loan number.","type":"text/plain"},"url":{"path":["ecsPayments","v2","retrieveSchedules"],"host":["{{baseUrl}}"],"query":[],"variable":[]},"header":[{"key":"Content-Type","value":"application/json"},{"key":"Accept","value":"application/json"}],"method":"POST","auth":null,"body":{"mode":"raw","raw":"{\n  \"common\": {\n    \"user\": \"<string>\",\n    \"agent\": \"<string>\",\n    \"cycle\": \"<string>\",\n    \"clientNumber\": \"<string>\",\n    \"system\": \"<string>\",\n    \"prin\": \"<string>\",\n    \"debug\": \"<boolean>\",\n    \"org\": \"<string>\",\n    \"processor\": \"<boolean>\",\n    \"contentType\": \"<string>\",\n    \"retry\": \"<long>\",\n    \"timeout\": \"<long>\",\n    \"siteId\": \"<string>\",\n    \"internalOrigin\": \"<boolean>\",\n    \"externalCustomerId\": \"<string>\",\n    \"accountId\": \"<string>\",\n    \"presentationId\": \"<string>\"\n  },\n  \"overrideApplicationId\": [\n    \"<string>\",\n    \"<string>\"\n  ],\n  \"overrideKeyId\": \"<string>\",\n  \"overridePaymentChannel\": \"<string>\"\n}","options":{"raw":{"language":"json"}}}},"response":[{"id":"3b6a488e-61e3-4b33-b6b7-9959a38123bb","name":"successful operation","originalRequest":{"url":{"path":["ecsPayments","v2","retrieveSchedules"],"host":["{{baseUrl}}"],"query":[],"variable":[]},"header":[{"key":"Accept","value":"application/json"}],"method":"POST","body":{"mode":"raw","raw":"{\n  \"common\": {\n    \"user\": \"<string>\",\n    \"agent\": \"4000\",\n    \"cycle\": \"T\",\n    \"clientNumber\": \"1000\",\n    \"system\": \"2000\",\n    \"prin\": \"3000\",\n    \"debug\": \"<boolean>\",\n    \"org\": \"<string>\",\n    \"processor\": \"<boolean>\",\n    \"contentType\": \"<string>\",\n    \"retry\": 0,\n    \"timeout\": 45000,\n    \"siteId\": \"4201\",\n    \"internalOrigin\": \"<boolean>\",\n    \"externalCustomerId\": \"<string>\",\n    \"accountId\": \"8888888888888888\",\n    \"presentationId\": \"<string>\"\n  },\n  \"overrideApplicationId\": [\n    \"<string>\",\n    \"<string>\"\n  ],\n  \"overrideKeyId\": \"<string>\",\n  \"overridePaymentChannel\": \"<string>\"\n}","options":{"raw":{"language":"json"}}}},"status":"OK","code":200,"header":[{"key":"Content-Type","value":"application/json"}],"body":"{\n  \"processorInfo\": {\n    \"system\": \"occaecat velit veniam pariatur in\",\n    \"cycle\": \"in fugiat ullamco\",\n    \"tor\": \"aliquip\",\n    \"mode\": \"consectetur\"\n  },\n  \"returnCode\": \"UNRESOLVED_CANCELLATION\",\n  \"resultMessage\": \"culpa occaecat et laborum anim\",\n  \"timeoutLimit\": 5434673,\n  \"schedules\": [\n    {\n      \"appID\": \"consectetur fugiat occaecat officia culpa\",\n      \"recurringPaymentID\": \"molli\",\n      \"registrationID\": \"sed\",\n      \"beginDate\": \"magna dolor adipisicing reprehenderit nulla\",\n      \"endDate\": \"proident tempor minim et\",\n      \"nextPayDate\": \"amet tempor\",\n      \"createdDate\": \"ut sint non\",\n      \"recurringIntervalType\": \"UNKNOWN\",\n      \"intervalParam1\": \"eu commodo\",\n      \"intervalParam2\": \"qui ut pariatur sunt ut\",\n      \"intervalParam3\": \"veniam qui\",\n      \"intervalParam4\": \"id minim occaecat exercitation\",\n      \"paymentAmount\": 54214016.968871176,\n      \"convFeeAmount\": -2773478.2782220095,\n      \"reference\": \"exercitation ut ea\",\n      \"scheduleType\": -83742913,\n      \"disabledReason\": \"enim et ea\",\n      \"disabled\": false\n    },\n    {\n      \"appID\": \"minim Excepteur\",\n      \"recurringPaymentID\": \"commodo dolor cupida\",\n      \"registrationID\": \"Duis occaecat ut aliqua\",\n      \"beginDate\": \"\",\n      \"endDate\": \"dolor\",\n      \"nextPayDate\": \"proident magna eu labore\",\n      \"createdDate\": \"fugiat elit pariatur\",\n      \"recurringIntervalType\": \"UNKNOWN\",\n      \"intervalParam1\": \"ipsum qui\",\n      \"intervalParam2\": \"ea dolore ipsum dolore\",\n      \"intervalParam3\": \"voluptate nostrud mollit deserunt\",\n      \"intervalParam4\": \"anim esse nulla\",\n      \"paymentAmount\": -51845733.883341305,\n      \"convFeeAmount\": 21885313.374762744,\n      \"reference\": \"laborum minim nisi\",\n      \"scheduleType\": 14988194,\n      \"disabledReason\": \"cupidatat\",\n      \"disabled\": false\n    }\n  ]\n}","cookie":[],"_postman_previewlanguage":"json"}],"event":[],"protocolProfileBehavior":{"disableBodyPruning":true}},{"id":"f54e0b78-426d-46ef-9b5c-cb2130ef5feb","name":"eCS UI Update Registration","request":{"name":"eCS UI Update Registration","description":{"content":"This service updates a registration (payment account) for the provided loan.  Valid payment account types are limited to E_CHECK and CREDIT_CARD","type":"text/plain"},"url":{"path":["ecsPayments","v2","updateRegistration"],"host":["{{baseUrl}}"],"query":[],"variable":[]},"header":[{"key":"Content-Type","value":"application/json"},{"key":"Accept","value":"application/json"}],"method":"POST","auth":null,"body":{"mode":"raw","raw":"{\n  \"common\": {\n    \"user\": \"<string>\",\n    \"agent\": \"<string>\",\n    \"cycle\": \"<string>\",\n    \"clientNumber\": \"<string>\",\n    \"system\": \"<string>\",\n    \"prin\": \"<string>\",\n    \"debug\": \"<boolean>\",\n    \"org\": \"<string>\",\n    \"processor\": \"<boolean>\",\n    \"contentType\": \"<string>\",\n    \"retry\": \"<long>\",\n    \"timeout\": \"<long>\",\n    \"siteId\": \"<string>\",\n    \"internalOrigin\": \"<boolean>\",\n    \"externalCustomerId\": \"<string>\",\n    \"accountId\": \"<string>\",\n    \"presentationId\": \"<string>\"\n  },\n  \"overrideApplicationId\": [\n    \"<string>\",\n    \"<string>\"\n  ],\n  \"overrideKeyId\": \"<string>\",\n  \"overridePaymentChannel\": \"<string>\",\n  \"registration\": {\n    \"registrationID\": \"<string>\",\n    \"etfAccountInfo\": {\n      \"nameFirst\": \"<string>\",\n      \"nameLast\": \"<string>\",\n      \"nameMiddle\": \"<string>\",\n      \"nameFull\": \"<string>\",\n      \"phone1\": \"<string>\",\n      \"phone2\": \"<string>\",\n      \"email\": \"<string>\",\n      \"street1\": \"<string>\",\n      \"street2\": \"<string>\",\n      \"city\": \"<string>\",\n      \"state\": \"<string>\",\n      \"zip\": \"<string>\",\n      \"country\": \"<string>\",\n      \"bankName\": \"<string>\",\n      \"bankAccountNumber\": \"<string>\",\n      \"bankRoutingNumber\": \"<string>\",\n      \"accountType\": \"<string>\"\n    },\n    \"creditCardAccountInfo\": {\n      \"nameFirst\": \"<string>\",\n      \"nameLast\": \"<string>\",\n      \"nameMiddle\": \"<string>\",\n      \"nameFull\": \"<string>\",\n      \"phone1\": \"<string>\",\n      \"phone2\": \"<string>\",\n      \"email\": \"<string>\",\n      \"street1\": \"<string>\",\n      \"street2\": \"<string>\",\n      \"city\": \"<string>\",\n      \"state\": \"<string>\",\n      \"zip\": \"<string>\",\n      \"country\": \"<string>\",\n      \"cardNumber\": \"<string>\",\n      \"expirationDate\": \"<string>\",\n      \"cardType\": \"<string>\",\n      \"cvv\": \"<string>\"\n    },\n    \"paymentMedium\": \"<string>\"\n  }\n}","options":{"raw":{"language":"json"}}}},"response":[{"id":"da8d3976-1090-4ec7-a585-462b8a788dfc","name":"successful operation","originalRequest":{"url":{"path":["ecsPayments","v2","updateRegistration"],"host":["{{baseUrl}}"],"query":[],"variable":[]},"header":[{"key":"Accept","value":"application/json"}],"method":"POST","body":{"mode":"raw","raw":"{\n  \"common\": {\n    \"user\": \"<string>\",\n    \"agent\": \"4000\",\n    \"cycle\": \"T\",\n    \"clientNumber\": \"1000\",\n    \"system\": \"2000\",\n    \"prin\": \"3000\",\n    \"debug\": \"<boolean>\",\n    \"org\": \"<string>\",\n    \"processor\": \"<boolean>\",\n    \"contentType\": \"<string>\",\n    \"retry\": 0,\n    \"timeout\": 45000,\n    \"siteId\": \"4201\",\n    \"internalOrigin\": \"<boolean>\",\n    \"externalCustomerId\": \"<string>\",\n    \"accountId\": \"8888888888888888\",\n    \"presentationId\": \"<string>\"\n  },\n  \"overrideApplicationId\": [\n    \"<string>\",\n    \"<string>\"\n  ],\n  \"overrideKeyId\": \"<string>\",\n  \"overridePaymentChannel\": \"<string>\",\n  \"registration\": {\n    \"registrationID\": \"<string>\",\n    \"etfAccountInfo\": {\n      \"nameFirst\": \"<string>\",\n      \"nameLast\": \"<string>\",\n      \"nameMiddle\": \"<string>\",\n      \"nameFull\": \"<string>\",\n      \"phone1\": \"<string>\",\n      \"phone2\": \"<string>\",\n      \"email\": \"<string>\",\n      \"street1\": \"<string>\",\n      \"street2\": \"<string>\",\n      \"city\": \"<string>\",\n      \"state\": \"<string>\",\n      \"zip\": \"<string>\",\n      \"country\": \"<string>\",\n      \"bankName\": \"<string>\",\n      \"bankAccountNumber\": \"<string>\",\n      \"bankRoutingNumber\": \"<string>\",\n      \"accountType\": \"SAVINGS\"\n    },\n    \"creditCardAccountInfo\": {\n      \"nameFirst\": \"<string>\",\n      \"nameLast\": \"<string>\",\n      \"nameMiddle\": \"<string>\",\n      \"nameFull\": \"<string>\",\n      \"phone1\": \"<string>\",\n      \"phone2\": \"<string>\",\n      \"email\": \"<string>\",\n      \"street1\": \"<string>\",\n      \"street2\": \"<string>\",\n      \"city\": \"<string>\",\n      \"state\": \"<string>\",\n      \"zip\": \"<string>\",\n      \"country\": \"<string>\",\n      \"cardNumber\": \"<string>\",\n      \"expirationDate\": \"<string>\",\n      \"cardType\": \"ENRT\",\n      \"cvv\": \"<string>\"\n    },\n    \"paymentMedium\": \"CREDIT_CARD\"\n  }\n}","options":{"raw":{"language":"json"}}}},"status":"OK","code":200,"header":[{"key":"Content-Type","value":"application/json"}],"body":"{\n  \"processorInfo\": {\n    \"system\": \"tempor deserunt\",\n    \"cycle\": \"sit sunt Lorem laboris\",\n    \"tor\": \"nisi dolore velit\",\n    \"mode\": \"do fugiat eu veniam\"\n  },\n  \"returnCode\": \"REFUND_SETTLEMENT_PENDING\",\n  \"resultMessage\": \"commodo dolore cupidatat aute culpa\",\n  \"timeoutLimit\": -84651789,\n  \"registrationID\": \"nostrud labore nisi\"\n}","cookie":[],"_postman_previewlanguage":"json"}],"event":[],"protocolProfileBehavior":{"disableBodyPruning":true}},{"id":"5b555966-1bf1-4037-af9b-8119948e60f9","name":"eCS UI Change Scheduled Payment Account","request":{"name":"eCS UI Change Scheduled Payment Account","description":{"content":"This services updates the active payment schedule with the provided registration (payment account), start date, and end date.  All other existing schedule info is preserved such as payment day and duration of schedule using the ODS misc13 field to determine whether to use the given account number as the loan number or the linked (upgrade) loan number.","type":"text/plain"},"url":{"path":["ecsPayments","v2","updateScheduledPaymentRegistration"],"host":["{{baseUrl}}"],"query":[],"variable":[]},"header":[{"key":"Content-Type","value":"application/json"},{"key":"Accept","value":"application/json"}],"method":"POST","auth":null,"body":{"mode":"raw","raw":"{\n  \"common\": {\n    \"user\": \"<string>\",\n    \"agent\": \"<string>\",\n    \"cycle\": \"<string>\",\n    \"clientNumber\": \"<string>\",\n    \"system\": \"<string>\",\n    \"prin\": \"<string>\",\n    \"debug\": \"<boolean>\",\n    \"org\": \"<string>\",\n    \"processor\": \"<boolean>\",\n    \"contentType\": \"<string>\",\n    \"retry\": \"<long>\",\n    \"timeout\": \"<long>\",\n    \"siteId\": \"<string>\",\n    \"internalOrigin\": \"<boolean>\",\n    \"externalCustomerId\": \"<string>\",\n    \"accountId\": \"<string>\",\n    \"presentationId\": \"<string>\"\n  },\n  \"overrideApplicationId\": [\n    \"<string>\",\n    \"<string>\"\n  ],\n  \"overrideKeyId\": \"<string>\",\n  \"overridePaymentChannel\": \"<string>\",\n  \"registrationID\": \"<string>\"\n}","options":{"raw":{"language":"json"}}}},"response":[{"id":"2acc9216-1c80-4e5a-9239-218a970a2d63","name":"successful operation","originalRequest":{"url":{"path":["ecsPayments","v2","updateScheduledPaymentRegistration"],"host":["{{baseUrl}}"],"query":[],"variable":[]},"header":[{"key":"Accept","value":"application/json"}],"method":"POST","body":{"mode":"raw","raw":"{\n  \"common\": {\n    \"user\": \"<string>\",\n    \"agent\": \"4000\",\n    \"cycle\": \"T\",\n    \"clientNumber\": \"1000\",\n    \"system\": \"2000\",\n    \"prin\": \"3000\",\n    \"debug\": \"<boolean>\",\n    \"org\": \"<string>\",\n    \"processor\": \"<boolean>\",\n    \"contentType\": \"<string>\",\n    \"retry\": 0,\n    \"timeout\": 45000,\n    \"siteId\": \"4201\",\n    \"internalOrigin\": \"<boolean>\",\n    \"externalCustomerId\": \"<string>\",\n    \"accountId\": \"8888888888888888\",\n    \"presentationId\": \"<string>\"\n  },\n  \"overrideApplicationId\": [\n    \"<string>\",\n    \"<string>\"\n  ],\n  \"overrideKeyId\": \"<string>\",\n  \"overridePaymentChannel\": \"<string>\",\n  \"registrationID\": \"<string>\"\n}","options":{"raw":{"language":"json"}}}},"status":"OK","code":200,"header":[{"key":"Content-Type","value":"application/json"}],"body":"{\n  \"common\": {\n    \"user\": \"<string>\",\n    \"agent\": \"4000\",\n    \"cycle\": \"T\",\n    \"clientNumber\": \"1000\",\n    \"system\": \"2000\",\n    \"prin\": \"3000\",\n    \"debug\": \"<boolean>\",\n    \"org\": \"<string>\",\n    \"processor\": \"<boolean>\",\n    \"contentType\": \"<string>\",\n    \"retry\": 0,\n    \"timeout\": 45000,\n    \"siteId\": \"4201\",\n    \"internalOrigin\": \"<boolean>\",\n    \"externalCustomerId\": \"<string>\",\n    \"accountId\": \"8888888888888888\",\n    \"presentationId\": \"<string>\"\n  },\n  \"overrideApplicationId\": [\n    \"<string>\",\n    \"<string>\"\n  ],\n  \"overrideKeyId\": \"<string>\",\n  \"overridePaymentChannel\": \"<string>\",\n  \"registrationID\": \"<string>\"\n}","cookie":[],"_postman_previewlanguage":"json"}],"event":[],"protocolProfileBehavior":{"disableBodyPruning":true}}],"event":[]}],"event":[],"variable":[{"type":"string","value":"https://cat.api.firstdata.com/fs","key":"baseUrl"}],"info":{"_postman_id":"3bbd4274-1596-4ae6-a1a1-dc741b903000","name":"fs-devportal-services-1","schema":"https://schema.getpostman.com/json/collection/v2.1.0/collection.json","description":{"content":"Welcome to the Financial Services API documentation","type":"text/plain"}}}