{"item":[{"id":"2fb590a5-0abf-4c01-9391-6b3298f71b60","name":"ecsPayments/v2","item":[{"id":"6e5b3c1b-04db-41cc-af17-8c0e6452e840","name":"eCS UI Find Linked or Active Registration","request":{"name":"eCS UI Find Linked or Active Registration","description":{"content":"This service finds the registration that corresponds to the active payment schedule for a loan using the ODS misc13 field to determine whether to use the given account number as the loan number or the linked (upgrade) loan number.","type":"text/plain"},"url":{"path":["ecsPayments","v2","activeRegistration"],"host":["{{baseUrl}}"],"query":[],"variable":[]},"header":[{"key":"Content-Type","value":"application/json"},{"key":"Accept","value":"application/json"}],"method":"POST","auth":null,"body":{"mode":"raw","raw":"{\n  \"common\": {\n    \"user\": \"<string>\",\n    \"agent\": \"<string>\",\n    \"cycle\": \"<string>\",\n    \"clientNumber\": \"<string>\",\n    \"system\": \"<string>\",\n    \"prin\": \"<string>\",\n    \"debug\": \"<boolean>\",\n    \"org\": \"<string>\",\n    \"processor\": \"<boolean>\",\n    \"contentType\": \"<string>\",\n    \"retry\": \"<long>\",\n    \"timeout\": \"<long>\",\n    \"siteId\": \"<string>\",\n    \"internalOrigin\": \"<boolean>\",\n    \"uuid\": \"<string>\",\n    \"externalCustomerId\": \"<string>\",\n    \"accountId\": \"<string>\",\n    \"presentationId\": \"<string>\"\n  },\n  \"overrideApplicationId\": [\n    \"<string>\",\n    \"<string>\"\n  ],\n  \"overrideKeyId\": \"<string>\",\n  \"overridePaymentChannel\": \"<string>\"\n}","options":{"raw":{"language":"json"}}}},"response":[{"id":"560705ca-c3ce-4a5a-926a-14e19b81042a","name":"successful operation","originalRequest":{"url":{"path":["ecsPayments","v2","activeRegistration"],"host":["{{baseUrl}}"],"query":[],"variable":[]},"header":[{"key":"Accept","value":"application/json"}],"method":"POST","body":{"mode":"raw","raw":"{\n  \"common\": {\n    \"user\": \"<string>\",\n    \"agent\": \"4000\",\n    \"cycle\": \"T\",\n    \"clientNumber\": \"1000\",\n    \"system\": \"2000\",\n    \"prin\": \"3000\",\n    \"debug\": \"<boolean>\",\n    \"org\": \"<string>\",\n    \"processor\": \"<boolean>\",\n    \"contentType\": \"<string>\",\n    \"retry\": 0,\n    \"timeout\": 45000,\n    \"siteId\": \"4201\",\n    \"internalOrigin\": \"<boolean>\",\n    \"uuid\": \"a5eac27d-cd89-4096-a331-306480bfee76\",\n    \"externalCustomerId\": \"<string>\",\n    \"accountId\": \"8888888888888888\",\n    \"presentationId\": \"<string>\"\n  },\n  \"overrideApplicationId\": [\n    \"<string>\",\n    \"<string>\"\n  ],\n  \"overrideKeyId\": \"<string>\",\n  \"overridePaymentChannel\": \"<string>\"\n}","options":{"raw":{"language":"json"}}}},"status":"OK","code":200,"header":[{"key":"Content-Type","value":"application/json"}],"body":"{\n  \"processorInfo\": {\n    \"system\": \"o\",\n    \"cycle\": \"ex\",\n    \"tor\": \"minim nulla enim sint\",\n    \"mode\": \"exercitation deserunt veniam\"\n  },\n  \"payments\": [\n    {\n      \"transactionID\": \"dolore dolor\",\n      \"paymentID\": \"quis\",\n      \"appID\": \"labore\",\n      \"transactionResultCode\": \"SETTLEMENT_ERROR\",\n      \"paymentResultCode\": \"E_CHECKS_DISABLED\",\n      \"paymentTimestamp\": \"Duis\",\n      \"paymentAmount\": 27366807.306094468,\n      \"originalTransactionAmount\": 64702351.55505216,\n      \"netTransactionAmount\": 41193939.90803966,\n      \"customReference\": \"culpa Excepteur\",\n      \"registrationID\": \"do consectetur \",\n      \"recurringPaymentID\": \"adipisicing qui\",\n      \"fullName\": \"in consectetur dolore\",\n      \"firstName\": \"dolor reprehenderit anim dolor laborum\",\n      \"lastName\": \"enim\",\n      \"accountNumber\": \"eiusmod ad pariatur occaecat\",\n      \"paymentMedium\": \"PIN_DEBIT\",\n      \"eftAccountType\": \"UNKNOWN\",\n      \"cardType\": \"JCB\",\n      \"paymentChannel\": \"FAX\",\n      \"lastPaymentStatus\": \"TERM_AUTH_REQUEST\",\n      \"userID\": \"enim quis occaeca\",\n      \"paymentPostDate\": \"minim commodo magna\",\n      \"confirmationNumber\": \"ad nisi magna eiusmod\",\n      \"routingNumber\": \"irure dolore cupidatat eiusmod culpa\",\n      \"eftaccountType\": \"SAVINGS\",\n      \"achreturnCode\": \"Duis laboris laborum ut dolore\"\n    },\n    {\n      \"transactionID\": \"magna occaecat pariatur\",\n      \"paymentID\": \"Lorem occaecat laborum quis qui\",\n      \"appID\": \"esse est Duis occaecat\",\n      \"transactionResultCode\": \"SETTLEMENT_ERROR\",\n      \"paymentResultCode\": \"E_CHECKS_DISABLED\",\n      \"paymentTimestamp\": \"ad\",\n      \"paymentAmount\": 56203115.6034576,\n      \"originalTransactionAmount\": -50845550.39844916,\n      \"netTransactionAmount\": 62189621.661242574,\n      \"customReference\": \"est eiusmod labore in\",\n      \"registrationID\": \"occaecat sint ut\",\n      \"recurringPaymentID\": \"exercitation volu\",\n      \"fullName\": \"sit magna\",\n      \"firstName\": \"ex voluptate est et\",\n      \"lastName\": \"reprehenderit mollit laboris sed exercitation\",\n      \"accountNumber\": \"sit Lorem est\",\n      \"paymentMedium\": \"PIN_DEBIT\",\n      \"eftAccountType\": \"UNKNOWN\",\n      \"cardType\": \"JCB\",\n      \"paymentChannel\": \"FAX\",\n      \"lastPaymentStatus\": \"TERM_AUTH_REQUEST\",\n      \"userID\": \"fugiat aute pariatur\",\n      \"paymentPostDate\": \"id\",\n      \"confirmationNumber\": \"dolore sed esse pariatur ut\",\n      \"routingNumber\": \"\",\n      \"eftaccountType\": \"SAVINGS\",\n      \"achreturnCode\": \"ut anim ea\"\n    }\n  ]\n}","cookie":[],"_postman_previewlanguage":"json"}],"event":[],"protocolProfileBehavior":{"disableBodyPruning":true}},{"id":"e0293ba4-590a-4d30-abc2-b162d4a2d96f","name":"eCS UI cancel one time payment","request":{"name":"eCS UI cancel one time payment","description":{"content":"This service cancels a one time paypoint payment and sends an email notification by orchestratingthe cancelPayment and the sendEmail newarch servicesusing the ODS misc13 field to determine whether to use the given account number as the loan number or the linked (upgrade) loan number.","type":"text/plain"},"url":{"path":["ecsPayments","v2","cancelPayment"],"host":["{{baseUrl}}"],"query":[],"variable":[]},"header":[{"key":"Content-Type","value":"application/json"},{"key":"Accept","value":"application/json"}],"method":"POST","auth":null,"body":{"mode":"raw","raw":"{\n  \"confirmationNumber\": \"<string>\",\n  \"refundAmount\": \"<string>\",\n  \"common\": {\n    \"user\": \"<string>\",\n    \"agent\": \"<string>\",\n    \"cycle\": \"<string>\",\n    \"clientNumber\": \"<string>\",\n    \"system\": \"<string>\",\n    \"prin\": \"<string>\",\n    \"debug\": \"<boolean>\",\n    \"org\": \"<string>\",\n    \"processor\": \"<boolean>\",\n    \"contentType\": \"<string>\",\n    \"retry\": \"<long>\",\n    \"timeout\": \"<long>\",\n    \"siteId\": \"<string>\",\n    \"internalOrigin\": \"<boolean>\",\n    \"uuid\": \"<string>\",\n    \"externalCustomerId\": \"<string>\",\n    \"accountId\": \"<string>\",\n    \"presentationId\": \"<string>\"\n  },\n  \"overrideApplicationId\": [\n    \"<string>\",\n    \"<string>\"\n  ],\n  \"overrideKeyId\": \"<string>\",\n  \"overridePaymentChannel\": \"<string>\",\n  \"convienienceFee\": \"<string>\"\n}","options":{"raw":{"language":"json"}}}},"response":[{"id":"26f93613-1bde-4e03-a544-b347fc5b98ed","name":"successful operation","originalRequest":{"url":{"path":["ecsPayments","v2","cancelPayment"],"host":["{{baseUrl}}"],"query":[],"variable":[]},"header":[{"key":"Accept","value":"application/json"}],"method":"POST","body":{"mode":"raw","raw":"{\n  \"confirmationNumber\": \"<string>\",\n  \"refundAmount\": \"<string>\",\n  \"common\": {\n    \"user\": \"<string>\",\n    \"agent\": \"4000\",\n    \"cycle\": \"T\",\n    \"clientNumber\": \"1000\",\n    \"system\": \"2000\",\n    \"prin\": \"3000\",\n    \"debug\": \"<boolean>\",\n    \"org\": \"<string>\",\n    \"processor\": \"<boolean>\",\n    \"contentType\": \"<string>\",\n    \"retry\": 0,\n    \"timeout\": 45000,\n    \"siteId\": \"4201\",\n    \"internalOrigin\": \"<boolean>\",\n    \"uuid\": \"a5eac27d-cd89-4096-a331-306480bfee76\",\n    \"externalCustomerId\": \"<string>\",\n    \"accountId\": \"8888888888888888\",\n    \"presentationId\": \"<string>\"\n  },\n  \"overrideApplicationId\": [\n    \"<string>\",\n    \"<string>\"\n  ],\n  \"overrideKeyId\": \"<string>\",\n  \"overridePaymentChannel\": \"<string>\",\n  \"convienienceFee\": \"<string>\"\n}","options":{"raw":{"language":"json"}}}},"status":"OK","code":200,"header":[{"key":"Content-Type","value":"application/json"}],"body":"{\n  \"processorInfo\": {\n    \"system\": \"tempor minim enim in\",\n    \"cycle\": \"consequat Ut est\",\n    \"tor\": \"ut\",\n    \"mode\": \"ipsu\"\n  },\n  \"returnCode\": \"ERROR\",\n  \"resultMessage\": \"culpa exercitation non quis\",\n  \"timeoutLimit\": 73168729,\n  \"confirmationNumber\": \"deserunt dolore do dolore\",\n  \"refundAmount\": 94922758.60739744,\n  \"settlementSubmissionDate\": \"sit est\"\n}","cookie":[],"_postman_previewlanguage":"json"}],"event":[],"protocolProfileBehavior":{"disableBodyPruning":true}},{"id":"4bc9ab11-6bc1-4299-889b-6b93a7720714","name":"eCS UI Create Registration","request":{"name":"eCS UI Create Registration","description":{"content":"This service creates a new registration (payment account) for the provided loan.  Valid payment account types are limited to E_CHECK and CREDIT_CARD using the ODS misc13 field to determine whether to use the given account number as the loan number or the linked (upgrade) loan number.","type":"text/plain"},"url":{"path":["ecsPayments","v2","createRegistration"],"host":["{{baseUrl}}"],"query":[],"variable":[]},"header":[{"key":"Content-Type","value":"application/json"},{"key":"Accept","value":"application/json"}],"method":"POST","auth":null,"body":{"mode":"raw","raw":"{\n  \"common\": {\n    \"user\": \"<string>\",\n    \"agent\": \"<string>\",\n    \"cycle\": \"<string>\",\n    \"clientNumber\": \"<string>\",\n    \"system\": \"<string>\",\n    \"prin\": \"<string>\",\n    \"debug\": \"<boolean>\",\n    \"org\": \"<string>\",\n    \"processor\": \"<boolean>\",\n    \"contentType\": \"<string>\",\n    \"retry\": \"<long>\",\n    \"timeout\": \"<long>\",\n    \"siteId\": \"<string>\",\n    \"internalOrigin\": \"<boolean>\",\n    \"uuid\": \"<string>\",\n    \"externalCustomerId\": \"<string>\",\n    \"accountId\": \"<string>\",\n    \"presentationId\": \"<string>\"\n  },\n  \"overrideApplicationId\": [\n    \"<string>\",\n    \"<string>\"\n  ],\n  \"overrideKeyId\": \"<string>\",\n  \"overridePaymentChannel\": \"<string>\",\n  \"registration\": {\n    \"registrationID\": \"<string>\",\n    \"etfAccountInfo\": {\n      \"nameFirst\": \"<string>\",\n      \"nameLast\": \"<string>\",\n      \"nameMiddle\": \"<string>\",\n      \"nameFull\": \"<string>\",\n      \"phone1\": \"<string>\",\n      \"phone2\": \"<string>\",\n      \"email\": \"<string>\",\n      \"street1\": \"<string>\",\n      \"street2\": \"<string>\",\n      \"city\": \"<string>\",\n      \"state\": \"<string>\",\n      \"zip\": \"<string>\",\n      \"country\": \"<string>\",\n      \"bankName\": \"<string>\",\n      \"bankAccountNumber\": \"<string>\",\n      \"bankRoutingNumber\": \"<string>\",\n      \"accountType\": \"<string>\"\n    },\n    \"creditCardAccountInfo\": {\n      \"nameFirst\": \"<string>\",\n      \"nameLast\": \"<string>\",\n      \"nameMiddle\": \"<string>\",\n      \"nameFull\": \"<string>\",\n      \"phone1\": \"<string>\",\n      \"phone2\": \"<string>\",\n      \"email\": \"<string>\",\n      \"street1\": \"<string>\",\n      \"street2\": \"<string>\",\n      \"city\": \"<string>\",\n      \"state\": \"<string>\",\n      \"zip\": \"<string>\",\n      \"country\": \"<string>\",\n      \"cardNumber\": \"<string>\",\n      \"expirationDate\": \"<string>\",\n      \"cardType\": \"<string>\",\n      \"cvv\": \"<string>\"\n    },\n    \"paymentMedium\": \"<string>\"\n  }\n}","options":{"raw":{"language":"json"}}}},"response":[{"id":"52736e08-3e83-4040-89fd-3caab3243507","name":"successful operation","originalRequest":{"url":{"path":["ecsPayments","v2","createRegistration"],"host":["{{baseUrl}}"],"query":[],"variable":[]},"header":[{"key":"Accept","value":"application/json"}],"method":"POST","body":{"mode":"raw","raw":"{\n  \"common\": {\n    \"user\": \"<string>\",\n    \"agent\": \"4000\",\n    \"cycle\": \"T\",\n    \"clientNumber\": \"1000\",\n    \"system\": \"2000\",\n    \"prin\": \"3000\",\n    \"debug\": \"<boolean>\",\n    \"org\": \"<string>\",\n    \"processor\": \"<boolean>\",\n    \"contentType\": \"<string>\",\n    \"retry\": 0,\n    \"timeout\": 45000,\n    \"siteId\": \"4201\",\n    \"internalOrigin\": \"<boolean>\",\n    \"uuid\": \"a5eac27d-cd89-4096-a331-306480bfee76\",\n    \"externalCustomerId\": \"<string>\",\n    \"accountId\": \"8888888888888888\",\n    \"presentationId\": \"<string>\"\n  },\n  \"overrideApplicationId\": [\n    \"<string>\",\n    \"<string>\"\n  ],\n  \"overrideKeyId\": \"<string>\",\n  \"overridePaymentChannel\": \"<string>\",\n  \"registration\": {\n    \"registrationID\": \"<string>\",\n    \"etfAccountInfo\": {\n      \"nameFirst\": \"<string>\",\n      \"nameLast\": \"<string>\",\n      \"nameMiddle\": \"<string>\",\n      \"nameFull\": \"<string>\",\n      \"phone1\": \"<string>\",\n      \"phone2\": \"<string>\",\n      \"email\": \"<string>\",\n      \"street1\": \"<string>\",\n      \"street2\": \"<string>\",\n      \"city\": \"<string>\",\n      \"state\": \"<string>\",\n      \"zip\": \"<string>\",\n      \"country\": \"<string>\",\n      \"bankName\": \"<string>\",\n      \"bankAccountNumber\": \"<string>\",\n      \"bankRoutingNumber\": \"<string>\",\n      \"accountType\": \"UNKNOWN\"\n    },\n    \"creditCardAccountInfo\": {\n      \"nameFirst\": \"<string>\",\n      \"nameLast\": \"<string>\",\n      \"nameMiddle\": \"<string>\",\n      \"nameFull\": \"<string>\",\n      \"phone1\": \"<string>\",\n      \"phone2\": \"<string>\",\n      \"email\": \"<string>\",\n      \"street1\": \"<string>\",\n      \"street2\": \"<string>\",\n      \"city\": \"<string>\",\n      \"state\": \"<string>\",\n      \"zip\": \"<string>\",\n      \"country\": \"<string>\",\n      \"cardNumber\": \"<string>\",\n      \"expirationDate\": \"<string>\",\n      \"cardType\": \"JAL\",\n      \"cvv\": \"<string>\"\n    },\n    \"paymentMedium\": \"REMOTE_CAPTURE\"\n  }\n}","options":{"raw":{"language":"json"}}}},"status":"OK","code":200,"header":[{"key":"Content-Type","value":"application/json"}],"body":"{\n  \"processorInfo\": {\n    \"system\": \"Ut anim nostrud ullamco\",\n    \"cycle\": \"sit in qui cupidatat\",\n    \"tor\": \"cillum officia\",\n    \"mode\": \"dolore officia sint irure\"\n  },\n  \"returnCode\": \"NON_SUFFICIENT_FUNDS\",\n  \"resultMessage\": \"commodo aliquip in ullamco\",\n  \"timeoutLimit\": -27084748,\n  \"registrationID\": \"Ut\"\n}","cookie":[],"_postman_previewlanguage":"json"}],"event":[],"protocolProfileBehavior":{"disableBodyPruning":true}},{"id":"b22a8656-886f-4d39-bdd6-aa62f56c163a","name":"eCS UI Find Linked or Active Registration","request":{"name":"eCS UI Find Linked or Active Registration","description":{"content":"This service finds the registration that corresponds to given loan.  The returned registrationmight not necessarily be the active one (depending on whether the given loan is an upgrade).","type":"text/plain"},"url":{"path":["ecsPayments","v2","currentPaymentInfo"],"host":["{{baseUrl}}"],"query":[],"variable":[]},"header":[{"key":"Content-Type","value":"application/json"},{"key":"Accept","value":"application/json"}],"method":"POST","auth":null,"body":{"mode":"raw","raw":"{\n  \"common\": {\n    \"user\": \"<string>\",\n    \"agent\": \"<string>\",\n    \"cycle\": \"<string>\",\n    \"clientNumber\": \"<string>\",\n    \"system\": \"<string>\",\n    \"prin\": \"<string>\",\n    \"debug\": \"<boolean>\",\n    \"org\": \"<string>\",\n    \"processor\": \"<boolean>\",\n    \"contentType\": \"<string>\",\n    \"retry\": \"<long>\",\n    \"timeout\": \"<long>\",\n    \"siteId\": \"<string>\",\n    \"internalOrigin\": \"<boolean>\",\n    \"uuid\": \"<string>\",\n    \"externalCustomerId\": \"<string>\",\n    \"accountId\": \"<string>\",\n    \"presentationId\": \"<string>\"\n  },\n  \"overrideApplicationId\": [\n    \"<string>\",\n    \"<string>\"\n  ],\n  \"overrideKeyId\": \"<string>\",\n  \"overridePaymentChannel\": \"<string>\"\n}","options":{"raw":{"language":"json"}}}},"response":[{"id":"e0e4e7b4-577e-458e-afc5-b971701e5443","name":"successful operation","originalRequest":{"url":{"path":["ecsPayments","v2","currentPaymentInfo"],"host":["{{baseUrl}}"],"query":[],"variable":[]},"header":[{"key":"Accept","value":"application/json"}],"method":"POST","body":{"mode":"raw","raw":"{\n  \"common\": {\n    \"user\": \"<string>\",\n    \"agent\": \"4000\",\n    \"cycle\": \"T\",\n    \"clientNumber\": \"1000\",\n    \"system\": \"2000\",\n    \"prin\": \"3000\",\n    \"debug\": \"<boolean>\",\n    \"org\": \"<string>\",\n    \"processor\": \"<boolean>\",\n    \"contentType\": \"<string>\",\n    \"retry\": 0,\n    \"timeout\": 45000,\n    \"siteId\": \"4201\",\n    \"internalOrigin\": \"<boolean>\",\n    \"uuid\": \"a5eac27d-cd89-4096-a331-306480bfee76\",\n    \"externalCustomerId\": \"<string>\",\n    \"accountId\": \"8888888888888888\",\n    \"presentationId\": \"<string>\"\n  },\n  \"overrideApplicationId\": [\n    \"<string>\",\n    \"<string>\"\n  ],\n  \"overrideKeyId\": \"<string>\",\n  \"overridePaymentChannel\": \"<string>\"\n}","options":{"raw":{"language":"json"}}}},"status":"OK","code":200,"header":[{"key":"Content-Type","value":"application/json"}],"body":"{\n  \"processorInfo\": {\n    \"system\": \"proident nulla exercitation amet\",\n    \"cycle\": \"ea ipsum\",\n    \"tor\": \"laborum proident est qui non\",\n    \"mode\": \"sint occaecat\"\n  },\n  \"payments\": [\n    {\n      \"transactionID\": \"labore in minim fugiat cupidatat\",\n      \"paymentID\": \"adipisicing quis do\",\n      \"appID\": \"eiusmod\",\n      \"transactionResultCode\": \"SETTLEMENT_ERROR\",\n      \"paymentResultCode\": \"E_CHECKS_DISABLED\",\n      \"paymentTimestamp\": \"ea in sint eiusmod\",\n      \"paymentAmount\": -95560623.36891556,\n      \"originalTransactionAmount\": 27865847.62208864,\n      \"netTransactionAmount\": 33447211.31446877,\n      \"customReference\": \"labor\",\n      \"registrationID\": \"Excepteur reprehend\",\n      \"recurringPaymentID\": \"qui culpa pariatur\",\n      \"fullName\": \"enim\",\n      \"firstName\": \"do nostrud ut es\",\n      \"lastName\": \"ipsum dolor au\",\n      \"accountNumber\": \"Duis ma\",\n      \"paymentMedium\": \"PIN_DEBIT\",\n      \"eftAccountType\": \"UNKNOWN\",\n      \"cardType\": \"JCB\",\n      \"paymentChannel\": \"FAX\",\n      \"lastPaymentStatus\": \"TERM_AUTH_REQUEST\",\n      \"userID\": \"fugiat est amet\",\n      \"paymentPostDate\": \"minim aliquip\",\n      \"confirmationNumber\": \"fugiat proident\",\n      \"routingNumber\": \"esse veniam ex\",\n      \"eftaccountType\": \"SAVINGS\",\n      \"achreturnCode\": \"do in\"\n    },\n    {\n      \"transactionID\": \"non ut irure adipisicing\",\n      \"paymentID\": \"qui voluptate fugiat non\",\n      \"appID\": \"ut laboris irure\",\n      \"transactionResultCode\": \"SETTLEMENT_ERROR\",\n      \"paymentResultCode\": \"E_CHECKS_DISABLED\",\n      \"paymentTimestamp\": \"fugiat ad\",\n      \"paymentAmount\": 85521572.4817569,\n      \"originalTransactionAmount\": -44764277.35531172,\n      \"netTransactionAmount\": -67373765.88543037,\n      \"customReference\": \"aliquip minim\",\n      \"registrationID\": \"cillum id in\",\n      \"recurringPaymentID\": \"nisi dolore et mollit deserunt\",\n      \"fullName\": \"amet proident reprehenderit do\",\n      \"firstName\": \"enim magna culpa\",\n      \"lastName\": \"qui temp\",\n      \"accountNumber\": \"ea\",\n      \"paymentMedium\": \"PIN_DEBIT\",\n      \"eftAccountType\": \"UNKNOWN\",\n      \"cardType\": \"JCB\",\n      \"paymentChannel\": \"FAX\",\n      \"lastPaymentStatus\": \"TERM_AUTH_REQUEST\",\n      \"userID\": \"in occaecat\",\n      \"paymentPostDate\": \"dolor culpa\",\n      \"confirmationNumber\": \"culpa in voluptate\",\n      \"routingNumber\": \"dolor anim quis in\",\n      \"eftaccountType\": \"SAVINGS\",\n      \"achreturnCode\": \"occaecat in sint\"\n    }\n  ]\n}","cookie":[],"_postman_previewlanguage":"json"}],"event":[],"protocolProfileBehavior":{"disableBodyPruning":true}},{"id":"10bf0d45-efcc-4889-827d-89b45ea1f257","name":"eCS UI make one time payment","request":{"name":"eCS UI make one time payment","description":{"content":"This service makes a one time paypoint payment and sends an email notification by orchestratingthe makePayment and the sendEmail newarch services using the ODS misc13 field to determine whether to use the given account number as the loan number or the linked (upgrade) loan number.","type":"text/plain"},"url":{"path":["ecsPayments","v2","oneTimePayment"],"host":["{{baseUrl}}"],"query":[],"variable":[]},"header":[{"key":"Content-Type","value":"application/json"},{"key":"Accept","value":"application/json"}],"method":"POST","auth":null,"body":{"mode":"raw","raw":"{\n  \"paymentAmount\": \"<string>\",\n  \"common\": {\n    \"user\": \"<string>\",\n    \"agent\": \"<string>\",\n    \"cycle\": \"<string>\",\n    \"clientNumber\": \"<string>\",\n    \"system\": \"<string>\",\n    \"prin\": \"<string>\",\n    \"debug\": \"<boolean>\",\n    \"org\": \"<string>\",\n    \"processor\": \"<boolean>\",\n    \"contentType\": \"<string>\",\n    \"retry\": \"<long>\",\n    \"timeout\": \"<long>\",\n    \"siteId\": \"<string>\",\n    \"internalOrigin\": \"<boolean>\",\n    \"uuid\": \"<string>\",\n    \"externalCustomerId\": \"<string>\",\n    \"accountId\": \"<string>\",\n    \"presentationId\": \"<string>\"\n  },\n  \"overrideApplicationId\": [\n    \"<string>\",\n    \"<string>\"\n  ],\n  \"overrideKeyId\": \"<string>\",\n  \"overridePaymentChannel\": \"<string>\",\n  \"registrationID\": \"<string>\",\n  \"registration\": {\n    \"registrationID\": \"<string>\",\n    \"etfAccountInfo\": {\n      \"nameFirst\": \"<string>\",\n      \"nameLast\": \"<string>\",\n      \"nameMiddle\": \"<string>\",\n      \"nameFull\": \"<string>\",\n      \"phone1\": \"<string>\",\n      \"phone2\": \"<string>\",\n      \"email\": \"<string>\",\n      \"street1\": \"<string>\",\n      \"street2\": \"<string>\",\n      \"city\": \"<string>\",\n      \"state\": \"<string>\",\n      \"zip\": \"<string>\",\n      \"country\": \"<string>\",\n      \"bankName\": \"<string>\",\n      \"bankAccountNumber\": \"<string>\",\n      \"bankRoutingNumber\": \"<string>\",\n      \"accountType\": \"<string>\"\n    },\n    \"creditCardAccountInfo\": {\n      \"nameFirst\": \"<string>\",\n      \"nameLast\": \"<string>\",\n      \"nameMiddle\": \"<string>\",\n      \"nameFull\": \"<string>\",\n      \"phone1\": \"<string>\",\n      \"phone2\": \"<string>\",\n      \"email\": \"<string>\",\n      \"street1\": \"<string>\",\n      \"street2\": \"<string>\",\n      \"city\": \"<string>\",\n      \"state\": \"<string>\",\n      \"zip\": \"<string>\",\n      \"country\": \"<string>\",\n      \"cardNumber\": \"<string>\",\n      \"expirationDate\": \"<string>\",\n      \"cardType\": \"<string>\",\n      \"cvv\": \"<string>\"\n    },\n    \"paymentMedium\": \"<string>\"\n  },\n  \"paymentDate\": \"<string>\",\n  \"overrideAuthorizationMedium\": \"<string>\",\n  \"referenceLookupOverrideDate\": \"<string>\"\n}","options":{"raw":{"language":"json"}}}},"response":[{"id":"baa6ebb0-48f8-40cb-b2af-5038fd63749c","name":"successful operation","originalRequest":{"url":{"path":["ecsPayments","v2","oneTimePayment"],"host":["{{baseUrl}}"],"query":[],"variable":[]},"header":[{"key":"Accept","value":"application/json"}],"method":"POST","body":{"mode":"raw","raw":"{\n  \"paymentAmount\": \"9221140.67\",\n  \"common\": {\n    \"user\": \"<string>\",\n    \"agent\": \"4000\",\n    \"cycle\": \"T\",\n    \"clientNumber\": \"1000\",\n    \"system\": \"2000\",\n    \"prin\": \"3000\",\n    \"debug\": \"<boolean>\",\n    \"org\": \"<string>\",\n    \"processor\": \"<boolean>\",\n    \"contentType\": \"<string>\",\n    \"retry\": 0,\n    \"timeout\": 45000,\n    \"siteId\": \"4201\",\n    \"internalOrigin\": \"<boolean>\",\n    \"uuid\": \"a5eac27d-cd89-4096-a331-306480bfee76\",\n    \"externalCustomerId\": \"<string>\",\n    \"accountId\": \"8888888888888888\",\n    \"presentationId\": \"<string>\"\n  },\n  \"overrideApplicationId\": [\n    \"<string>\",\n    \"<string>\"\n  ],\n  \"overrideKeyId\": \"<string>\",\n  \"overridePaymentChannel\": \"<string>\",\n  \"registrationID\": \"<string>\",\n  \"registration\": {\n    \"registrationID\": \"<string>\",\n    \"etfAccountInfo\": {\n      \"nameFirst\": \"<string>\",\n      \"nameLast\": \"<string>\",\n      \"nameMiddle\": \"<string>\",\n      \"nameFull\": \"<string>\",\n      \"phone1\": \"<string>\",\n      \"phone2\": \"<string>\",\n      \"email\": \"<string>\",\n      \"street1\": \"<string>\",\n      \"street2\": \"<string>\",\n      \"city\": \"<string>\",\n      \"state\": \"<string>\",\n      \"zip\": \"<string>\",\n      \"country\": \"<string>\",\n      \"bankName\": \"<string>\",\n      \"bankAccountNumber\": \"<string>\",\n      \"bankRoutingNumber\": \"<string>\",\n      \"accountType\": \"UNKNOWN\"\n    },\n    \"creditCardAccountInfo\": {\n      \"nameFirst\": \"<string>\",\n      \"nameLast\": \"<string>\",\n      \"nameMiddle\": \"<string>\",\n      \"nameFull\": \"<string>\",\n      \"phone1\": \"<string>\",\n      \"phone2\": \"<string>\",\n      \"email\": \"<string>\",\n      \"street1\": \"<string>\",\n      \"street2\": \"<string>\",\n      \"city\": \"<string>\",\n      \"state\": \"<string>\",\n      \"zip\": \"<string>\",\n      \"country\": \"<string>\",\n      \"cardNumber\": \"<string>\",\n      \"expirationDate\": \"<string>\",\n      \"cardType\": \"JAL\",\n      \"cvv\": \"<string>\"\n    },\n    \"paymentMedium\": \"REMOTE_CAPTURE\"\n  },\n  \"paymentDate\": \"71/84/2054\",\n  \"overrideAuthorizationMedium\": \"<string>\",\n  \"referenceLookupOverrideDate\": \"<string>\"\n}","options":{"raw":{"language":"json"}}}},"status":"OK","code":200,"header":[{"key":"Content-Type","value":"application/json"}],"body":"{\n  \"processorInfo\": {\n    \"system\": \"laboris non\",\n    \"cycle\": \"labore aliquip\",\n    \"tor\": \"ul\",\n    \"mode\": \"ut laboris do eu\"\n  },\n  \"returnCode\": \"PIN_DEBIT_DISABLED\",\n  \"resultMessage\": \"proident nisi Ut\",\n  \"timeoutLimit\": -87967027,\n  \"confirmationNumber\": \"ex id aliquip\",\n  \"totalAmount\": -99129514.49122582,\n  \"settlementSubmissionDate\": \"tempor qui quis\",\n  \"cardType\": \"STAR\",\n  \"authorizationCode\": \"sint id et\"\n}","cookie":[],"_postman_previewlanguage":"json"}],"event":[],"protocolProfileBehavior":{"disableBodyPruning":true}},{"id":"c4be21b1-027a-423a-be8c-f51923c26fa9","name":"eCS UI Retrieve Active Schedule","request":{"name":"eCS UI Retrieve Active Schedule","description":{},"url":{"path":["ecsPayments","v2","retrieveActiveSchedule"],"host":["{{baseUrl}}"],"query":[],"variable":[]},"header":[{"key":"Content-Type","value":"application/json"},{"key":"Accept","value":"application/json"}],"method":"POST","auth":null,"body":{"mode":"raw","raw":"{\n  \"common\": {\n    \"user\": \"<string>\",\n    \"agent\": \"<string>\",\n    \"cycle\": \"<string>\",\n    \"clientNumber\": \"<string>\",\n    \"system\": \"<string>\",\n    \"prin\": \"<string>\",\n    \"debug\": \"<boolean>\",\n    \"org\": \"<string>\",\n    \"processor\": \"<boolean>\",\n    \"contentType\": \"<string>\",\n    \"retry\": \"<long>\",\n    \"timeout\": \"<long>\",\n    \"siteId\": \"<string>\",\n    \"internalOrigin\": \"<boolean>\",\n    \"uuid\": \"<string>\",\n    \"externalCustomerId\": \"<string>\",\n    \"accountId\": \"<string>\",\n    \"presentationId\": \"<string>\"\n  },\n  \"overrideApplicationId\": [\n    \"<string>\",\n    \"<string>\"\n  ],\n  \"overrideKeyId\": \"<string>\",\n  \"overridePaymentChannel\": \"<string>\"\n}","options":{"raw":{"language":"json"}}}},"response":[{"id":"1fdacfa5-c111-4f1f-881d-183fc47fd82d","name":"successful operation","originalRequest":{"url":{"path":["ecsPayments","v2","retrieveActiveSchedule"],"host":["{{baseUrl}}"],"query":[],"variable":[]},"header":[{"key":"Accept","value":"application/json"}],"method":"POST","body":{"mode":"raw","raw":"{\n  \"common\": {\n    \"user\": \"<string>\",\n    \"agent\": \"4000\",\n    \"cycle\": \"T\",\n    \"clientNumber\": \"1000\",\n    \"system\": \"2000\",\n    \"prin\": \"3000\",\n    \"debug\": \"<boolean>\",\n    \"org\": \"<string>\",\n    \"processor\": \"<boolean>\",\n    \"contentType\": \"<string>\",\n    \"retry\": 0,\n    \"timeout\": 45000,\n    \"siteId\": \"4201\",\n    \"internalOrigin\": \"<boolean>\",\n    \"uuid\": \"a5eac27d-cd89-4096-a331-306480bfee76\",\n    \"externalCustomerId\": \"<string>\",\n    \"accountId\": \"8888888888888888\",\n    \"presentationId\": \"<string>\"\n  },\n  \"overrideApplicationId\": [\n    \"<string>\",\n    \"<string>\"\n  ],\n  \"overrideKeyId\": \"<string>\",\n  \"overridePaymentChannel\": \"<string>\"\n}","options":{"raw":{"language":"json"}}}},"status":"OK","code":200,"header":[{"key":"Content-Type","value":"application/json"}],"body":"{\n  \"processorInfo\": {\n    \"system\": \"dolore cupidatat exercitation in\",\n    \"cycle\": \"sint aute cupida\",\n    \"tor\": \"occaecat ut\",\n    \"mode\": \"Lorem Ut ex\"\n  },\n  \"returnCode\": \"ELIGIBLE\",\n  \"resultMessage\": \"ex amet\",\n  \"timeoutLimit\": -27283928,\n  \"schedules\": [\n    {\n      \"appID\": \"dolore\",\n      \"recurringPaymentID\": \"nisi anim qui comm\",\n      \"registrationID\": \"est deserunt\",\n      \"beginDate\": \"incididunt veniam\",\n      \"endDate\": \"sunt tempor consectetur adipisicing nulla\",\n      \"nextPayDate\": \"eu nostrud incididunt in\",\n      \"createdDate\": \"qui voluptate amet\",\n      \"recurringIntervalType\": \"MONTHLY\",\n      \"intervalParam1\": \"dolor do velit laborum\",\n      \"intervalParam2\": \"nulla\",\n      \"intervalParam3\": \"Duis enim\",\n      \"intervalParam4\": \"laboris aliqua\",\n      \"paymentAmount\": 6796991.558584243,\n      \"convFeeAmount\": -13384088.970187232,\n      \"reference\": \"eu quis culpa\",\n      \"scheduleType\": -92121107,\n      \"disabledReason\": \"sed aliquip exercitation\",\n      \"disabled\": false\n    },\n    {\n      \"appID\": \"qui id ipsum deserunt eiusmod\",\n      \"recurringPaymentID\": \"ut Duis consequat\",\n      \"registrationID\": \"Excepteur laboris\",\n      \"beginDate\": \"velit nisi sunt enim ut\",\n      \"endDate\": \"ipsum tempor\",\n      \"nextPayDate\": \"magna dolor\",\n      \"createdDate\": \"aliquip cillum\",\n      \"recurringIntervalType\": \"MONTHLY\",\n      \"intervalParam1\": \"oc\",\n      \"intervalParam2\": \"fugiat commodo ips\",\n      \"intervalParam3\": \"esse nulla cu\",\n      \"intervalParam4\": \"tempor deserunt\",\n      \"paymentAmount\": -34937959.28474173,\n      \"convFeeAmount\": 23690190.683340445,\n      \"reference\": \"dolore\",\n      \"scheduleType\": 72315359,\n      \"disabledReason\": \"amet dolore occaecat\",\n      \"disabled\": true\n    }\n  ]\n}","cookie":[],"_postman_previewlanguage":"json"}],"event":[],"protocolProfileBehavior":{"disableBodyPruning":true}},{"id":"6be4e96f-47fa-4175-895b-679518b14976","name":"eCS UI Retrieve Payments","request":{"name":"eCS UI Retrieve Payments","description":{"content":"This service utilizes the existing NSA PayPoint client to retrieve the list of past payments on account using the ODS misc13 field to determine whether to use the given account number as the loan number or the linked (upgrade) loan number.","type":"text/plain"},"url":{"path":["ecsPayments","v2","retrievePayments"],"host":["{{baseUrl}}"],"query":[],"variable":[]},"header":[{"key":"Content-Type","value":"application/json"},{"key":"Accept","value":"application/json"}],"method":"POST","auth":null,"body":{"mode":"raw","raw":"{\n  \"common\": {\n    \"user\": \"<string>\",\n    \"agent\": \"<string>\",\n    \"cycle\": \"<string>\",\n    \"clientNumber\": \"<string>\",\n    \"system\": \"<string>\",\n    \"prin\": \"<string>\",\n    \"debug\": \"<boolean>\",\n    \"org\": \"<string>\",\n    \"processor\": \"<boolean>\",\n    \"contentType\": \"<string>\",\n    \"retry\": \"<long>\",\n    \"timeout\": \"<long>\",\n    \"siteId\": \"<string>\",\n    \"internalOrigin\": \"<boolean>\",\n    \"uuid\": \"<string>\",\n    \"externalCustomerId\": \"<string>\",\n    \"accountId\": \"<string>\",\n    \"presentationId\": \"<string>\"\n  },\n  \"overrideApplicationId\": [\n    \"<string>\",\n    \"<string>\"\n  ],\n  \"overrideKeyId\": \"<string>\",\n  \"overridePaymentChannel\": \"<string>\"\n}","options":{"raw":{"language":"json"}}}},"response":[{"id":"e2004c42-c6f8-45e7-9780-2fbaacbabf06","name":"successful operation","originalRequest":{"url":{"path":["ecsPayments","v2","retrievePayments"],"host":["{{baseUrl}}"],"query":[],"variable":[]},"header":[{"key":"Accept","value":"application/json"}],"method":"POST","body":{"mode":"raw","raw":"{\n  \"common\": {\n    \"user\": \"<string>\",\n    \"agent\": \"4000\",\n    \"cycle\": \"T\",\n    \"clientNumber\": \"1000\",\n    \"system\": \"2000\",\n    \"prin\": \"3000\",\n    \"debug\": \"<boolean>\",\n    \"org\": \"<string>\",\n    \"processor\": \"<boolean>\",\n    \"contentType\": \"<string>\",\n    \"retry\": 0,\n    \"timeout\": 45000,\n    \"siteId\": \"4201\",\n    \"internalOrigin\": \"<boolean>\",\n    \"uuid\": \"a5eac27d-cd89-4096-a331-306480bfee76\",\n    \"externalCustomerId\": \"<string>\",\n    \"accountId\": \"8888888888888888\",\n    \"presentationId\": \"<string>\"\n  },\n  \"overrideApplicationId\": [\n    \"<string>\",\n    \"<string>\"\n  ],\n  \"overrideKeyId\": \"<string>\",\n  \"overridePaymentChannel\": \"<string>\"\n}","options":{"raw":{"language":"json"}}}},"status":"OK","code":200,"header":[{"key":"Content-Type","value":"application/json"}],"body":"{\n  \"processorInfo\": {\n    \"system\": \"proident nulla exercitation amet\",\n    \"cycle\": \"ea ipsum\",\n    \"tor\": \"laborum proident est qui non\",\n    \"mode\": \"sint occaecat\"\n  },\n  \"payments\": [\n    {\n      \"transactionID\": \"labore in minim fugiat cupidatat\",\n      \"paymentID\": \"adipisicing quis do\",\n      \"appID\": \"eiusmod\",\n      \"transactionResultCode\": \"SETTLEMENT_ERROR\",\n      \"paymentResultCode\": \"E_CHECKS_DISABLED\",\n      \"paymentTimestamp\": \"ea in sint eiusmod\",\n      \"paymentAmount\": -95560623.36891556,\n      \"originalTransactionAmount\": 27865847.62208864,\n      \"netTransactionAmount\": 33447211.31446877,\n      \"customReference\": \"labor\",\n      \"registrationID\": \"Excepteur reprehend\",\n      \"recurringPaymentID\": \"qui culpa pariatur\",\n      \"fullName\": \"enim\",\n      \"firstName\": \"do nostrud ut es\",\n      \"lastName\": \"ipsum dolor au\",\n      \"accountNumber\": \"Duis ma\",\n      \"paymentMedium\": \"PIN_DEBIT\",\n      \"eftAccountType\": \"UNKNOWN\",\n      \"cardType\": \"JCB\",\n      \"paymentChannel\": \"FAX\",\n      \"lastPaymentStatus\": \"TERM_AUTH_REQUEST\",\n      \"userID\": \"fugiat est amet\",\n      \"paymentPostDate\": \"minim aliquip\",\n      \"confirmationNumber\": \"fugiat proident\",\n      \"routingNumber\": \"esse veniam ex\",\n      \"eftaccountType\": \"SAVINGS\",\n      \"achreturnCode\": \"do in\"\n    },\n    {\n      \"transactionID\": \"non ut irure adipisicing\",\n      \"paymentID\": \"qui voluptate fugiat non\",\n      \"appID\": \"ut laboris irure\",\n      \"transactionResultCode\": \"SETTLEMENT_ERROR\",\n      \"paymentResultCode\": \"E_CHECKS_DISABLED\",\n      \"paymentTimestamp\": \"fugiat ad\",\n      \"paymentAmount\": 85521572.4817569,\n      \"originalTransactionAmount\": -44764277.35531172,\n      \"netTransactionAmount\": -67373765.88543037,\n      \"customReference\": \"aliquip minim\",\n      \"registrationID\": \"cillum id in\",\n      \"recurringPaymentID\": \"nisi dolore et mollit deserunt\",\n      \"fullName\": \"amet proident reprehenderit do\",\n      \"firstName\": \"enim magna culpa\",\n      \"lastName\": \"qui temp\",\n      \"accountNumber\": \"ea\",\n      \"paymentMedium\": \"PIN_DEBIT\",\n      \"eftAccountType\": \"UNKNOWN\",\n      \"cardType\": \"JCB\",\n      \"paymentChannel\": \"FAX\",\n      \"lastPaymentStatus\": \"TERM_AUTH_REQUEST\",\n      \"userID\": \"in occaecat\",\n      \"paymentPostDate\": \"dolor culpa\",\n      \"confirmationNumber\": \"culpa in voluptate\",\n      \"routingNumber\": \"dolor anim quis in\",\n      \"eftaccountType\": \"SAVINGS\",\n      \"achreturnCode\": \"occaecat in sint\"\n    }\n  ]\n}","cookie":[],"_postman_previewlanguage":"json"}],"event":[],"protocolProfileBehavior":{"disableBodyPruning":true}},{"id":"d00a1a1c-dedd-4275-8e92-c3291b47b8e1","name":"eCS UI Retrieve Registration","request":{"name":"eCS UI Retrieve Registration","description":{"content":"This service utilizes the existing NSA PayPoint client to retrieve the fields of the registration using the ODS misc13 field to determine whether to use the given account number as the loan number or the linked (upgrade) loan number.","type":"text/plain"},"url":{"path":["ecsPayments","v2","retrieveRegistrations"],"host":["{{baseUrl}}"],"query":[],"variable":[]},"header":[{"key":"Content-Type","value":"application/json"},{"key":"Accept","value":"application/json"}],"method":"POST","auth":null,"body":{"mode":"raw","raw":"{\n  \"common\": {\n    \"user\": \"<string>\",\n    \"agent\": \"<string>\",\n    \"cycle\": \"<string>\",\n    \"clientNumber\": \"<string>\",\n    \"system\": \"<string>\",\n    \"prin\": \"<string>\",\n    \"debug\": \"<boolean>\",\n    \"org\": \"<string>\",\n    \"processor\": \"<boolean>\",\n    \"contentType\": \"<string>\",\n    \"retry\": \"<long>\",\n    \"timeout\": \"<long>\",\n    \"siteId\": \"<string>\",\n    \"internalOrigin\": \"<boolean>\",\n    \"uuid\": \"<string>\",\n    \"externalCustomerId\": \"<string>\",\n    \"accountId\": \"<string>\",\n    \"presentationId\": \"<string>\"\n  },\n  \"overrideApplicationId\": [\n    \"<string>\",\n    \"<string>\"\n  ],\n  \"overrideKeyId\": \"<string>\",\n  \"overridePaymentChannel\": \"<string>\",\n  \"registrationID\": [\n    \"<string>\",\n    \"<string>\"\n  ],\n  \"excludeDisabledRegistrations\": \"<boolean>\"\n}","options":{"raw":{"language":"json"}}}},"response":[{"id":"abbf243a-b4c9-4cc8-8175-c38c1a737a7c","name":"successful operation","originalRequest":{"url":{"path":["ecsPayments","v2","retrieveRegistrations"],"host":["{{baseUrl}}"],"query":[],"variable":[]},"header":[{"key":"Accept","value":"application/json"}],"method":"POST","body":{"mode":"raw","raw":"{\n  \"common\": {\n    \"user\": \"<string>\",\n    \"agent\": \"4000\",\n    \"cycle\": \"T\",\n    \"clientNumber\": \"1000\",\n    \"system\": \"2000\",\n    \"prin\": \"3000\",\n    \"debug\": \"<boolean>\",\n    \"org\": \"<string>\",\n    \"processor\": \"<boolean>\",\n    \"contentType\": \"<string>\",\n    \"retry\": 0,\n    \"timeout\": 45000,\n    \"siteId\": \"4201\",\n    \"internalOrigin\": \"<boolean>\",\n    \"uuid\": \"a5eac27d-cd89-4096-a331-306480bfee76\",\n    \"externalCustomerId\": \"<string>\",\n    \"accountId\": \"8888888888888888\",\n    \"presentationId\": \"<string>\"\n  },\n  \"overrideApplicationId\": [\n    \"<string>\",\n    \"<string>\"\n  ],\n  \"overrideKeyId\": \"<string>\",\n  \"overridePaymentChannel\": \"<string>\",\n  \"registrationID\": [\n    \"<string>\",\n    \"<string>\"\n  ],\n  \"excludeDisabledRegistrations\": \"<boolean>\"\n}","options":{"raw":{"language":"json"}}}},"status":"OK","code":200,"header":[{"key":"Content-Type","value":"application/json"}],"body":"{\n  \"processorInfo\": {\n    \"system\": \"anim id\",\n    \"cycle\": \"Lorem tempor\",\n    \"tor\": \"anim laborum sit\",\n    \"mode\": \"Duis est\"\n  },\n  \"returnCode\": \"SETTLED\",\n  \"resultMessage\": \"occaecat cillum dolor\",\n  \"timeoutLimit\": -9702607,\n  \"registrations\": [\n    {\n      \"registrationID\": \"<string>\",\n      \"etfAccountInfo\": {\n        \"nameFirst\": \"<string>\",\n        \"nameLast\": \"<string>\",\n        \"nameMiddle\": \"<string>\",\n        \"nameFull\": \"<string>\",\n        \"phone1\": \"<string>\",\n        \"phone2\": \"<string>\",\n        \"email\": \"<string>\",\n        \"street1\": \"<string>\",\n        \"street2\": \"<string>\",\n        \"city\": \"<string>\",\n        \"state\": \"<string>\",\n        \"zip\": \"<string>\",\n        \"country\": \"<string>\",\n        \"bankName\": \"<string>\",\n        \"bankAccountNumber\": \"<string>\",\n        \"bankRoutingNumber\": \"<string>\",\n        \"accountType\": \"UNKNOWN\"\n      },\n      \"creditCardAccountInfo\": {\n        \"nameFirst\": \"<string>\",\n        \"nameLast\": \"<string>\",\n        \"nameMiddle\": \"<string>\",\n        \"nameFull\": \"<string>\",\n        \"phone1\": \"<string>\",\n        \"phone2\": \"<string>\",\n        \"email\": \"<string>\",\n        \"street1\": \"<string>\",\n        \"street2\": \"<string>\",\n        \"city\": \"<string>\",\n        \"state\": \"<string>\",\n        \"zip\": \"<string>\",\n        \"country\": \"<string>\",\n        \"cardNumber\": \"<string>\",\n        \"expirationDate\": \"<string>\",\n        \"cardType\": \"JAL\",\n        \"cvv\": \"<string>\"\n      },\n      \"paymentMedium\": \"REMOTE_CAPTURE\"\n    },\n    {\n      \"registrationID\": \"<string>\",\n      \"etfAccountInfo\": {\n        \"nameFirst\": \"<string>\",\n        \"nameLast\": \"<string>\",\n        \"nameMiddle\": \"<string>\",\n        \"nameFull\": \"<string>\",\n        \"phone1\": \"<string>\",\n        \"phone2\": \"<string>\",\n        \"email\": \"<string>\",\n        \"street1\": \"<string>\",\n        \"street2\": \"<string>\",\n        \"city\": \"<string>\",\n        \"state\": \"<string>\",\n        \"zip\": \"<string>\",\n        \"country\": \"<string>\",\n        \"bankName\": \"<string>\",\n        \"bankAccountNumber\": \"<string>\",\n        \"bankRoutingNumber\": \"<string>\",\n        \"accountType\": \"UNKNOWN\"\n      },\n      \"creditCardAccountInfo\": {\n        \"nameFirst\": \"<string>\",\n        \"nameLast\": \"<string>\",\n        \"nameMiddle\": \"<string>\",\n        \"nameFull\": \"<string>\",\n        \"phone1\": \"<string>\",\n        \"phone2\": \"<string>\",\n        \"email\": \"<string>\",\n        \"street1\": \"<string>\",\n        \"street2\": \"<string>\",\n        \"city\": \"<string>\",\n        \"state\": \"<string>\",\n        \"zip\": \"<string>\",\n        \"country\": \"<string>\",\n        \"cardNumber\": \"<string>\",\n        \"expirationDate\": \"<string>\",\n        \"cardType\": \"JAL\",\n        \"cvv\": \"<string>\"\n      },\n      \"paymentMedium\": \"REMOTE_CAPTURE\"\n    }\n  ]\n}","cookie":[],"_postman_previewlanguage":"json"}],"event":[],"protocolProfileBehavior":{"disableBodyPruning":true}},{"id":"1f5a9645-9afa-4be2-bb12-b16efc2e0970","name":"eCS UI Retrieve Payments","request":{"name":"eCS UI Retrieve Payments","description":{"content":"This service utilizes the existing NSA PayPoint client to retrieve the list of payment schedules associated with a loan, including inactive schedules using the ODS misc13 field to determine whether to use the given account number as the loan number or the linked (upgrade) loan number.","type":"text/plain"},"url":{"path":["ecsPayments","v2","retrieveSchedules"],"host":["{{baseUrl}}"],"query":[],"variable":[]},"header":[{"key":"Content-Type","value":"application/json"},{"key":"Accept","value":"application/json"}],"method":"POST","auth":null,"body":{"mode":"raw","raw":"{\n  \"common\": {\n    \"user\": \"<string>\",\n    \"agent\": \"<string>\",\n    \"cycle\": \"<string>\",\n    \"clientNumber\": \"<string>\",\n    \"system\": \"<string>\",\n    \"prin\": \"<string>\",\n    \"debug\": \"<boolean>\",\n    \"org\": \"<string>\",\n    \"processor\": \"<boolean>\",\n    \"contentType\": \"<string>\",\n    \"retry\": \"<long>\",\n    \"timeout\": \"<long>\",\n    \"siteId\": \"<string>\",\n    \"internalOrigin\": \"<boolean>\",\n    \"uuid\": \"<string>\",\n    \"externalCustomerId\": \"<string>\",\n    \"accountId\": \"<string>\",\n    \"presentationId\": \"<string>\"\n  },\n  \"overrideApplicationId\": [\n    \"<string>\",\n    \"<string>\"\n  ],\n  \"overrideKeyId\": \"<string>\",\n  \"overridePaymentChannel\": \"<string>\"\n}","options":{"raw":{"language":"json"}}}},"response":[{"id":"9ca3d03a-c75e-4ef0-bcb9-3a3471e63898","name":"successful operation","originalRequest":{"url":{"path":["ecsPayments","v2","retrieveSchedules"],"host":["{{baseUrl}}"],"query":[],"variable":[]},"header":[{"key":"Accept","value":"application/json"}],"method":"POST","body":{"mode":"raw","raw":"{\n  \"common\": {\n    \"user\": \"<string>\",\n    \"agent\": \"4000\",\n    \"cycle\": \"T\",\n    \"clientNumber\": \"1000\",\n    \"system\": \"2000\",\n    \"prin\": \"3000\",\n    \"debug\": \"<boolean>\",\n    \"org\": \"<string>\",\n    \"processor\": \"<boolean>\",\n    \"contentType\": \"<string>\",\n    \"retry\": 0,\n    \"timeout\": 45000,\n    \"siteId\": \"4201\",\n    \"internalOrigin\": \"<boolean>\",\n    \"uuid\": \"a5eac27d-cd89-4096-a331-306480bfee76\",\n    \"externalCustomerId\": \"<string>\",\n    \"accountId\": \"8888888888888888\",\n    \"presentationId\": \"<string>\"\n  },\n  \"overrideApplicationId\": [\n    \"<string>\",\n    \"<string>\"\n  ],\n  \"overrideKeyId\": \"<string>\",\n  \"overridePaymentChannel\": \"<string>\"\n}","options":{"raw":{"language":"json"}}}},"status":"OK","code":200,"header":[{"key":"Content-Type","value":"application/json"}],"body":"{\n  \"processorInfo\": {\n    \"system\": \"laboris commodo Duis ullamco\",\n    \"cycle\": \"magna anim\",\n    \"tor\": \"dolore et\",\n    \"mode\": \"mollit exercitation\"\n  },\n  \"returnCode\": \"ELIGIBLE\",\n  \"resultMessage\": \"fugiat incididunt mollit elit sed\",\n  \"timeoutLimit\": 75901691,\n  \"schedules\": [\n    {\n      \"appID\": \"cupidatat consectetur qui commodo\",\n      \"recurringPaymentID\": \"sit consectetur tempor\",\n      \"registrationID\": \"officia in veniam adipisicing fugiat\",\n      \"beginDate\": \"pariatur consequat\",\n      \"endDate\": \"sunt ex amet sed consectetur\",\n      \"nextPayDate\": \"velit amet e\",\n      \"createdDate\": \"in magna\",\n      \"recurringIntervalType\": \"MONTHLY\",\n      \"intervalParam1\": \"irure nostrud laborum aliquip\",\n      \"intervalParam2\": \"mollit proident \",\n      \"intervalParam3\": \"nulla\",\n      \"intervalParam4\": \"pariatur consequat Duis\",\n      \"paymentAmount\": 8074187.9859346,\n      \"convFeeAmount\": 25527570.525093466,\n      \"reference\": \"esse ut\",\n      \"scheduleType\": 44592158,\n      \"disabledReason\": \"Lorem ex\",\n      \"disabled\": true\n    },\n    {\n      \"appID\": \"in quis\",\n      \"recurringPaymentID\": \"et ut pariatur\",\n      \"registrationID\": \"fugiat\",\n      \"beginDate\": \"qui laborum ex\",\n      \"endDate\": \"et sunt dolore adipisicing dolore\",\n      \"nextPayDate\": \"Lorem do\",\n      \"createdDate\": \"id\",\n      \"recurringIntervalType\": \"MONTHLY\",\n      \"intervalParam1\": \"aliqua\",\n      \"intervalParam2\": \"ut ad\",\n      \"intervalParam3\": \"i\",\n      \"intervalParam4\": \"et incididunt deserunt enim non\",\n      \"paymentAmount\": 37480862.98448524,\n      \"convFeeAmount\": -71449735.94197643,\n      \"reference\": \"mollit tempor sed\",\n      \"scheduleType\": 25826225,\n      \"disabledReason\": \"dolore sit in\",\n      \"disabled\": false\n    }\n  ]\n}","cookie":[],"_postman_previewlanguage":"json"}],"event":[],"protocolProfileBehavior":{"disableBodyPruning":true}},{"id":"004d4023-9299-488b-b65f-bc1c68b48e7e","name":"eCS UI Update Registration","request":{"name":"eCS UI Update Registration","description":{"content":"This service updates a registration (payment account) for the provided loan.  Valid payment account types are limited to E_CHECK and CREDIT_CARD","type":"text/plain"},"url":{"path":["ecsPayments","v2","updateRegistration"],"host":["{{baseUrl}}"],"query":[],"variable":[]},"header":[{"key":"Content-Type","value":"application/json"},{"key":"Accept","value":"application/json"}],"method":"POST","auth":null,"body":{"mode":"raw","raw":"{\n  \"common\": {\n    \"user\": \"<string>\",\n    \"agent\": \"<string>\",\n    \"cycle\": \"<string>\",\n    \"clientNumber\": \"<string>\",\n    \"system\": \"<string>\",\n    \"prin\": \"<string>\",\n    \"debug\": \"<boolean>\",\n    \"org\": \"<string>\",\n    \"processor\": \"<boolean>\",\n    \"contentType\": \"<string>\",\n    \"retry\": \"<long>\",\n    \"timeout\": \"<long>\",\n    \"siteId\": \"<string>\",\n    \"internalOrigin\": \"<boolean>\",\n    \"uuid\": \"<string>\",\n    \"externalCustomerId\": \"<string>\",\n    \"accountId\": \"<string>\",\n    \"presentationId\": \"<string>\"\n  },\n  \"overrideApplicationId\": [\n    \"<string>\",\n    \"<string>\"\n  ],\n  \"overrideKeyId\": \"<string>\",\n  \"overridePaymentChannel\": \"<string>\",\n  \"registration\": {\n    \"registrationID\": \"<string>\",\n    \"etfAccountInfo\": {\n      \"nameFirst\": \"<string>\",\n      \"nameLast\": \"<string>\",\n      \"nameMiddle\": \"<string>\",\n      \"nameFull\": \"<string>\",\n      \"phone1\": \"<string>\",\n      \"phone2\": \"<string>\",\n      \"email\": \"<string>\",\n      \"street1\": \"<string>\",\n      \"street2\": \"<string>\",\n      \"city\": \"<string>\",\n      \"state\": \"<string>\",\n      \"zip\": \"<string>\",\n      \"country\": \"<string>\",\n      \"bankName\": \"<string>\",\n      \"bankAccountNumber\": \"<string>\",\n      \"bankRoutingNumber\": \"<string>\",\n      \"accountType\": \"<string>\"\n    },\n    \"creditCardAccountInfo\": {\n      \"nameFirst\": \"<string>\",\n      \"nameLast\": \"<string>\",\n      \"nameMiddle\": \"<string>\",\n      \"nameFull\": \"<string>\",\n      \"phone1\": \"<string>\",\n      \"phone2\": \"<string>\",\n      \"email\": \"<string>\",\n      \"street1\": \"<string>\",\n      \"street2\": \"<string>\",\n      \"city\": \"<string>\",\n      \"state\": \"<string>\",\n      \"zip\": \"<string>\",\n      \"country\": \"<string>\",\n      \"cardNumber\": \"<string>\",\n      \"expirationDate\": \"<string>\",\n      \"cardType\": \"<string>\",\n      \"cvv\": \"<string>\"\n    },\n    \"paymentMedium\": \"<string>\"\n  }\n}","options":{"raw":{"language":"json"}}}},"response":[{"id":"4f939c6c-e3af-4b5d-bf95-a454be33dedf","name":"successful operation","originalRequest":{"url":{"path":["ecsPayments","v2","updateRegistration"],"host":["{{baseUrl}}"],"query":[],"variable":[]},"header":[{"key":"Accept","value":"application/json"}],"method":"POST","body":{"mode":"raw","raw":"{\n  \"common\": {\n    \"user\": \"<string>\",\n    \"agent\": \"4000\",\n    \"cycle\": \"T\",\n    \"clientNumber\": \"1000\",\n    \"system\": \"2000\",\n    \"prin\": \"3000\",\n    \"debug\": \"<boolean>\",\n    \"org\": \"<string>\",\n    \"processor\": \"<boolean>\",\n    \"contentType\": \"<string>\",\n    \"retry\": 0,\n    \"timeout\": 45000,\n    \"siteId\": \"4201\",\n    \"internalOrigin\": \"<boolean>\",\n    \"uuid\": \"a5eac27d-cd89-4096-a331-306480bfee76\",\n    \"externalCustomerId\": \"<string>\",\n    \"accountId\": \"8888888888888888\",\n    \"presentationId\": \"<string>\"\n  },\n  \"overrideApplicationId\": [\n    \"<string>\",\n    \"<string>\"\n  ],\n  \"overrideKeyId\": \"<string>\",\n  \"overridePaymentChannel\": \"<string>\",\n  \"registration\": {\n    \"registrationID\": \"<string>\",\n    \"etfAccountInfo\": {\n      \"nameFirst\": \"<string>\",\n      \"nameLast\": \"<string>\",\n      \"nameMiddle\": \"<string>\",\n      \"nameFull\": \"<string>\",\n      \"phone1\": \"<string>\",\n      \"phone2\": \"<string>\",\n      \"email\": \"<string>\",\n      \"street1\": \"<string>\",\n      \"street2\": \"<string>\",\n      \"city\": \"<string>\",\n      \"state\": \"<string>\",\n      \"zip\": \"<string>\",\n      \"country\": \"<string>\",\n      \"bankName\": \"<string>\",\n      \"bankAccountNumber\": \"<string>\",\n      \"bankRoutingNumber\": \"<string>\",\n      \"accountType\": \"UNKNOWN\"\n    },\n    \"creditCardAccountInfo\": {\n      \"nameFirst\": \"<string>\",\n      \"nameLast\": \"<string>\",\n      \"nameMiddle\": \"<string>\",\n      \"nameFull\": \"<string>\",\n      \"phone1\": \"<string>\",\n      \"phone2\": \"<string>\",\n      \"email\": \"<string>\",\n      \"street1\": \"<string>\",\n      \"street2\": \"<string>\",\n      \"city\": \"<string>\",\n      \"state\": \"<string>\",\n      \"zip\": \"<string>\",\n      \"country\": \"<string>\",\n      \"cardNumber\": \"<string>\",\n      \"expirationDate\": \"<string>\",\n      \"cardType\": \"JAL\",\n      \"cvv\": \"<string>\"\n    },\n    \"paymentMedium\": \"REMOTE_CAPTURE\"\n  }\n}","options":{"raw":{"language":"json"}}}},"status":"OK","code":200,"header":[{"key":"Content-Type","value":"application/json"}],"body":"{\n  \"processorInfo\": {\n    \"system\": \"Ut anim nostrud ullamco\",\n    \"cycle\": \"sit in qui cupidatat\",\n    \"tor\": \"cillum officia\",\n    \"mode\": \"dolore officia sint irure\"\n  },\n  \"returnCode\": \"NON_SUFFICIENT_FUNDS\",\n  \"resultMessage\": \"commodo aliquip in ullamco\",\n  \"timeoutLimit\": -27084748,\n  \"registrationID\": \"Ut\"\n}","cookie":[],"_postman_previewlanguage":"json"}],"event":[],"protocolProfileBehavior":{"disableBodyPruning":true}},{"id":"38620b68-2290-4a36-b89a-2e1fb26cfa0b","name":"eCS UI Change Scheduled Payment Account","request":{"name":"eCS UI Change Scheduled Payment Account","description":{"content":"This services updates the active payment schedule with the provided registration (payment account), start date, and end date.  All other existing schedule info is preserved such as payment day and duration of schedule using the ODS misc13 field to determine whether to use the given account number as the loan number or the linked (upgrade) loan number.","type":"text/plain"},"url":{"path":["ecsPayments","v2","updateScheduledPaymentRegistration"],"host":["{{baseUrl}}"],"query":[],"variable":[]},"header":[{"key":"Content-Type","value":"application/json"},{"key":"Accept","value":"application/json"}],"method":"POST","auth":null,"body":{"mode":"raw","raw":"{\n  \"common\": {\n    \"user\": \"<string>\",\n    \"agent\": \"<string>\",\n    \"cycle\": \"<string>\",\n    \"clientNumber\": \"<string>\",\n    \"system\": \"<string>\",\n    \"prin\": \"<string>\",\n    \"debug\": \"<boolean>\",\n    \"org\": \"<string>\",\n    \"processor\": \"<boolean>\",\n    \"contentType\": \"<string>\",\n    \"retry\": \"<long>\",\n    \"timeout\": \"<long>\",\n    \"siteId\": \"<string>\",\n    \"internalOrigin\": \"<boolean>\",\n    \"uuid\": \"<string>\",\n    \"externalCustomerId\": \"<string>\",\n    \"accountId\": \"<string>\",\n    \"presentationId\": \"<string>\"\n  },\n  \"overrideApplicationId\": [\n    \"<string>\",\n    \"<string>\"\n  ],\n  \"overrideKeyId\": \"<string>\",\n  \"overridePaymentChannel\": \"<string>\",\n  \"registrationID\": \"<string>\"\n}","options":{"raw":{"language":"json"}}}},"response":[{"id":"6fcfe285-30c5-402b-aec0-d27282391e61","name":"successful operation","originalRequest":{"url":{"path":["ecsPayments","v2","updateScheduledPaymentRegistration"],"host":["{{baseUrl}}"],"query":[],"variable":[]},"header":[{"key":"Accept","value":"application/json"}],"method":"POST","body":{"mode":"raw","raw":"{\n  \"common\": {\n    \"user\": \"<string>\",\n    \"agent\": \"4000\",\n    \"cycle\": \"T\",\n    \"clientNumber\": \"1000\",\n    \"system\": \"2000\",\n    \"prin\": \"3000\",\n    \"debug\": \"<boolean>\",\n    \"org\": \"<string>\",\n    \"processor\": \"<boolean>\",\n    \"contentType\": \"<string>\",\n    \"retry\": 0,\n    \"timeout\": 45000,\n    \"siteId\": \"4201\",\n    \"internalOrigin\": \"<boolean>\",\n    \"uuid\": \"a5eac27d-cd89-4096-a331-306480bfee76\",\n    \"externalCustomerId\": \"<string>\",\n    \"accountId\": \"8888888888888888\",\n    \"presentationId\": \"<string>\"\n  },\n  \"overrideApplicationId\": [\n    \"<string>\",\n    \"<string>\"\n  ],\n  \"overrideKeyId\": \"<string>\",\n  \"overridePaymentChannel\": \"<string>\",\n  \"registrationID\": \"<string>\"\n}","options":{"raw":{"language":"json"}}}},"status":"OK","code":200,"header":[{"key":"Content-Type","value":"application/json"}],"body":"{\n  \"common\": {\n    \"user\": \"<string>\",\n    \"agent\": \"4000\",\n    \"cycle\": \"T\",\n    \"clientNumber\": \"1000\",\n    \"system\": \"2000\",\n    \"prin\": \"3000\",\n    \"debug\": \"<boolean>\",\n    \"org\": \"<string>\",\n    \"processor\": \"<boolean>\",\n    \"contentType\": \"<string>\",\n    \"retry\": 0,\n    \"timeout\": 45000,\n    \"siteId\": \"4201\",\n    \"internalOrigin\": \"<boolean>\",\n    \"uuid\": \"a5eac27d-cd89-4096-a331-306480bfee76\",\n    \"externalCustomerId\": \"<string>\",\n    \"accountId\": \"8888888888888888\",\n    \"presentationId\": \"<string>\"\n  },\n  \"overrideApplicationId\": [\n    \"<string>\",\n    \"<string>\"\n  ],\n  \"overrideKeyId\": \"<string>\",\n  \"overridePaymentChannel\": \"<string>\",\n  \"registrationID\": \"<string>\"\n}","cookie":[],"_postman_previewlanguage":"json"}],"event":[],"protocolProfileBehavior":{"disableBodyPruning":true}}],"event":[]}],"event":[],"variable":[{"type":"string","value":"https://cat.api.firstdata.com/fs","key":"baseUrl"}],"info":{"_postman_id":"8b94b344-167f-4e09-b893-93df52a4384d","name":"fs-devportal-services-1","schema":"https://schema.getpostman.com/json/collection/v2.1.0/collection.json","description":{"content":"Welcome to the Financial Services API documentation","type":"text/plain"}}}