{"item":[{"id":"e249111f-c02f-4fc4-a7e3-ac8f185dcb81","name":"ecsPayments/v2","item":[{"id":"620a8080-cfc6-4e97-8e0c-529845a17ea3","name":"eCS UI Find Linked or Active Registration","request":{"name":"eCS UI Find Linked or Active Registration","description":{"content":"This service finds the registration that corresponds to the active payment schedule for a loan using the ODS misc13 field to determine whether to use the given account number as the loan number or the linked (upgrade) loan number.","type":"text/plain"},"url":{"path":["ecsPayments","v2","activeRegistration"],"host":["{{baseUrl}}"],"query":[],"variable":[]},"header":[{"key":"Content-Type","value":"application/json"},{"key":"Accept","value":"application/json"}],"method":"POST","auth":null,"body":{"mode":"raw","raw":"{\n  \"common\": {\n    \"user\": \"<string>\",\n    \"agent\": \"<string>\",\n    \"cycle\": \"<string>\",\n    \"clientNumber\": \"<string>\",\n    \"system\": \"<string>\",\n    \"prin\": \"<string>\",\n    \"debug\": \"<boolean>\",\n    \"org\": \"<string>\",\n    \"processor\": \"<boolean>\",\n    \"contentType\": \"<string>\",\n    \"retry\": \"<long>\",\n    \"timeout\": \"<long>\",\n    \"siteId\": \"<string>\",\n    \"internalOrigin\": \"<boolean>\",\n    \"externalCustomerId\": \"<string>\",\n    \"accountId\": \"<string>\",\n    \"presentationId\": \"<string>\"\n  },\n  \"overrideApplicationId\": [\n    \"<string>\",\n    \"<string>\"\n  ],\n  \"overrideKeyId\": \"<string>\",\n  \"overridePaymentChannel\": \"<string>\"\n}","options":{"raw":{"language":"json"}}}},"response":[{"id":"bdd17181-9d0d-4553-8ce9-e3420a748559","name":"successful operation","originalRequest":{"url":{"path":["ecsPayments","v2","activeRegistration"],"host":["{{baseUrl}}"],"query":[],"variable":[]},"header":[{"key":"Accept","value":"application/json"}],"method":"POST","body":{"mode":"raw","raw":"{\n  \"common\": {\n    \"user\": \"<string>\",\n    \"agent\": \"4000\",\n    \"cycle\": \"T\",\n    \"clientNumber\": \"1000\",\n    \"system\": \"2000\",\n    \"prin\": \"3000\",\n    \"debug\": \"<boolean>\",\n    \"org\": \"<string>\",\n    \"processor\": \"<boolean>\",\n    \"contentType\": \"<string>\",\n    \"retry\": 0,\n    \"timeout\": 45000,\n    \"siteId\": \"4201\",\n    \"internalOrigin\": \"<boolean>\",\n    \"externalCustomerId\": \"<string>\",\n    \"accountId\": \"8888888888888888\",\n    \"presentationId\": \"<string>\"\n  },\n  \"overrideApplicationId\": [\n    \"<string>\",\n    \"<string>\"\n  ],\n  \"overrideKeyId\": \"<string>\",\n  \"overridePaymentChannel\": \"<string>\"\n}","options":{"raw":{"language":"json"}}}},"status":"OK","code":200,"header":[{"key":"Content-Type","value":"application/json"}],"body":"{\n  \"processorInfo\": {\n    \"system\": \"nulla eu in\",\n    \"cycle\": \"dolor in\",\n    \"tor\": \"aliqua minim\",\n    \"mode\": \"reprehenderit officia dolore quis\"\n  },\n  \"payments\": [\n    {\n      \"transactionID\": \"irure Duis laboris\",\n      \"paymentID\": \"anim dolore dolor\",\n      \"appID\": \"ad\",\n      \"transactionResultCode\": \"REFUND_SETTLEMENT_PENDING\",\n      \"paymentResultCode\": \"ELIGIBLE\",\n      \"paymentTimestamp\": \"dolor Ut Lorem nulla\",\n      \"paymentAmount\": 67921186.13074291,\n      \"originalTransactionAmount\": -16336382.269148514,\n      \"netTransactionAmount\": -53573848.58096168,\n      \"customReference\": \"in\",\n      \"registrationID\": \"anim veniam cillum\",\n      \"recurringPaymentID\": \"sit aliquip\",\n      \"fullName\": \"voluptate mollit elit\",\n      \"firstName\": \"pariatur des\",\n      \"lastName\": \"magna aliquip\",\n      \"accountNumber\": \"commodo fugiat\",\n      \"paymentMedium\": \"LOCK_BOX\",\n      \"eftAccountType\": \"CHECKING\",\n      \"cardType\": \"CBLN\",\n      \"paymentChannel\": \"UNKNOWN\",\n      \"lastPaymentStatus\": \"REFUND_REQUEST\",\n      \"userID\": \"ullamco laborum\",\n      \"paymentPostDate\": \"e\",\n      \"confirmationNumber\": \"magna\",\n      \"routingNumber\": \"in dolore minim velit enim\",\n      \"eftaccountType\": \"SAVINGS\",\n      \"achreturnCode\": \"sed dolore\"\n    },\n    {\n      \"transactionID\": \"ut incididunt\",\n      \"paymentID\": \"sed laboris pariatur minim\",\n      \"appID\": \"proident ut quis irure aliqua\",\n      \"transactionResultCode\": \"REFUND_SETTLEMENT_PENDING\",\n      \"paymentResultCode\": \"ELIGIBLE\",\n      \"paymentTimestamp\": \"Duis voluptate officia\",\n      \"paymentAmount\": 4301566.393974498,\n      \"originalTransactionAmount\": -81621567.07871437,\n      \"netTransactionAmount\": 51047106.58862463,\n      \"customReference\": \"reprehenderit ullamco voluptate\",\n      \"registrationID\": \"incididunt adipisicing exercitation minim\",\n      \"recurringPaymentID\": \"dolor id adipisicing\",\n      \"fullName\": \"labore deserunt eiusmod\",\n      \"firstName\": \"eiusmod proident\",\n      \"lastName\": \"id ut elit veniam\",\n      \"accountNumber\": \"dolore Lorem et\",\n      \"paymentMedium\": \"LOCK_BOX\",\n      \"eftAccountType\": \"CHECKING\",\n      \"cardType\": \"CBLN\",\n      \"paymentChannel\": \"UNKNOWN\",\n      \"lastPaymentStatus\": \"REFUND_REQUEST\",\n      \"userID\": \"labore Lorem\",\n      \"paymentPostDate\": \"in\",\n      \"confirmationNumber\": \"veniam minim non\",\n      \"routingNumber\": \"consequat reprehenderit\",\n      \"eftaccountType\": \"SAVINGS\",\n      \"achreturnCode\": \"amet pariatur fugiat in\"\n    }\n  ]\n}","cookie":[],"_postman_previewlanguage":"json"}],"event":[],"protocolProfileBehavior":{"disableBodyPruning":true}},{"id":"499a6a52-6e3e-48ad-aaf0-7496c6265e0c","name":"eCS UI cancel one time payment","request":{"name":"eCS UI cancel one time payment","description":{"content":"This service cancels a one time paypoint payment and sends an email notification by orchestratingthe cancelPayment and the sendEmail newarch servicesusing the ODS misc13 field to determine whether to use the given account number as the loan number or the linked (upgrade) loan number.","type":"text/plain"},"url":{"path":["ecsPayments","v2","cancelPayment"],"host":["{{baseUrl}}"],"query":[],"variable":[]},"header":[{"key":"Content-Type","value":"application/json"},{"key":"Accept","value":"application/json"}],"method":"POST","auth":null,"body":{"mode":"raw","raw":"{\n  \"confirmationNumber\": \"<string>\",\n  \"refundAmount\": \"<string>\",\n  \"common\": {\n    \"user\": \"<string>\",\n    \"agent\": \"<string>\",\n    \"cycle\": \"<string>\",\n    \"clientNumber\": \"<string>\",\n    \"system\": \"<string>\",\n    \"prin\": \"<string>\",\n    \"debug\": \"<boolean>\",\n    \"org\": \"<string>\",\n    \"processor\": \"<boolean>\",\n    \"contentType\": \"<string>\",\n    \"retry\": \"<long>\",\n    \"timeout\": \"<long>\",\n    \"siteId\": \"<string>\",\n    \"internalOrigin\": \"<boolean>\",\n    \"externalCustomerId\": \"<string>\",\n    \"accountId\": \"<string>\",\n    \"presentationId\": \"<string>\"\n  },\n  \"overrideApplicationId\": [\n    \"<string>\",\n    \"<string>\"\n  ],\n  \"overrideKeyId\": \"<string>\",\n  \"overridePaymentChannel\": \"<string>\",\n  \"convienienceFee\": \"<string>\"\n}","options":{"raw":{"language":"json"}}}},"response":[{"id":"659bd8cc-e300-47ee-92e5-563f6ceba0cc","name":"successful operation","originalRequest":{"url":{"path":["ecsPayments","v2","cancelPayment"],"host":["{{baseUrl}}"],"query":[],"variable":[]},"header":[{"key":"Accept","value":"application/json"}],"method":"POST","body":{"mode":"raw","raw":"{\n  \"confirmationNumber\": \"<string>\",\n  \"refundAmount\": \"<string>\",\n  \"common\": {\n    \"user\": \"<string>\",\n    \"agent\": \"4000\",\n    \"cycle\": \"T\",\n    \"clientNumber\": \"1000\",\n    \"system\": \"2000\",\n    \"prin\": \"3000\",\n    \"debug\": \"<boolean>\",\n    \"org\": \"<string>\",\n    \"processor\": \"<boolean>\",\n    \"contentType\": \"<string>\",\n    \"retry\": 0,\n    \"timeout\": 45000,\n    \"siteId\": \"4201\",\n    \"internalOrigin\": \"<boolean>\",\n    \"externalCustomerId\": \"<string>\",\n    \"accountId\": \"8888888888888888\",\n    \"presentationId\": \"<string>\"\n  },\n  \"overrideApplicationId\": [\n    \"<string>\",\n    \"<string>\"\n  ],\n  \"overrideKeyId\": \"<string>\",\n  \"overridePaymentChannel\": \"<string>\",\n  \"convienienceFee\": \"<string>\"\n}","options":{"raw":{"language":"json"}}}},"status":"OK","code":200,"header":[{"key":"Content-Type","value":"application/json"}],"body":"{\n  \"processorInfo\": {\n    \"system\": \"aliquip sit fugiat Ut\",\n    \"cycle\": \"ullamco fugiat ad sed\",\n    \"tor\": \"dolore ea tempor proident\",\n    \"mode\": \"et\"\n  },\n  \"returnCode\": \"UNDEFINED_ITEM\",\n  \"resultMessage\": \"incididunt deserunt\",\n  \"timeoutLimit\": -70323259,\n  \"confirmationNumber\": \"irure in enim reprehenderit ad\",\n  \"refundAmount\": 17681269.340392575,\n  \"settlementSubmissionDate\": \"sint dolore cupidatat\"\n}","cookie":[],"_postman_previewlanguage":"json"}],"event":[],"protocolProfileBehavior":{"disableBodyPruning":true}},{"id":"5c0d20d0-89f1-4fcd-b356-8e9e559de32e","name":"eCS UI Create Registration","request":{"name":"eCS UI Create Registration","description":{"content":"This service creates a new registration (payment account) for the provided loan.  Valid payment account types are limited to E_CHECK and CREDIT_CARD using the ODS misc13 field to determine whether to use the given account number as the loan number or the linked (upgrade) loan number.","type":"text/plain"},"url":{"path":["ecsPayments","v2","createRegistration"],"host":["{{baseUrl}}"],"query":[],"variable":[]},"header":[{"key":"Content-Type","value":"application/json"},{"key":"Accept","value":"application/json"}],"method":"POST","auth":null,"body":{"mode":"raw","raw":"{\n  \"common\": {\n    \"user\": \"<string>\",\n    \"agent\": \"<string>\",\n    \"cycle\": \"<string>\",\n    \"clientNumber\": \"<string>\",\n    \"system\": \"<string>\",\n    \"prin\": \"<string>\",\n    \"debug\": \"<boolean>\",\n    \"org\": \"<string>\",\n    \"processor\": \"<boolean>\",\n    \"contentType\": \"<string>\",\n    \"retry\": \"<long>\",\n    \"timeout\": \"<long>\",\n    \"siteId\": \"<string>\",\n    \"internalOrigin\": \"<boolean>\",\n    \"externalCustomerId\": \"<string>\",\n    \"accountId\": \"<string>\",\n    \"presentationId\": \"<string>\"\n  },\n  \"overrideApplicationId\": [\n    \"<string>\",\n    \"<string>\"\n  ],\n  \"overrideKeyId\": \"<string>\",\n  \"overridePaymentChannel\": \"<string>\",\n  \"registration\": {\n    \"registrationID\": \"<string>\",\n    \"etfAccountInfo\": {\n      \"nameFirst\": \"<string>\",\n      \"nameLast\": \"<string>\",\n      \"nameMiddle\": \"<string>\",\n      \"nameFull\": \"<string>\",\n      \"phone1\": \"<string>\",\n      \"phone2\": \"<string>\",\n      \"email\": \"<string>\",\n      \"street1\": \"<string>\",\n      \"street2\": \"<string>\",\n      \"city\": \"<string>\",\n      \"state\": \"<string>\",\n      \"zip\": \"<string>\",\n      \"country\": \"<string>\",\n      \"bankName\": \"<string>\",\n      \"bankAccountNumber\": \"<string>\",\n      \"bankRoutingNumber\": \"<string>\",\n      \"accountType\": \"<string>\"\n    },\n    \"creditCardAccountInfo\": {\n      \"nameFirst\": \"<string>\",\n      \"nameLast\": \"<string>\",\n      \"nameMiddle\": \"<string>\",\n      \"nameFull\": \"<string>\",\n      \"phone1\": \"<string>\",\n      \"phone2\": \"<string>\",\n      \"email\": \"<string>\",\n      \"street1\": \"<string>\",\n      \"street2\": \"<string>\",\n      \"city\": \"<string>\",\n      \"state\": \"<string>\",\n      \"zip\": \"<string>\",\n      \"country\": \"<string>\",\n      \"cardNumber\": \"<string>\",\n      \"expirationDate\": \"<string>\",\n      \"cardType\": \"<string>\",\n      \"cvv\": \"<string>\"\n    },\n    \"paymentMedium\": \"<string>\"\n  }\n}","options":{"raw":{"language":"json"}}}},"response":[{"id":"e2eb0a0f-0c18-4bff-a05f-0fa759e21eee","name":"successful operation","originalRequest":{"url":{"path":["ecsPayments","v2","createRegistration"],"host":["{{baseUrl}}"],"query":[],"variable":[]},"header":[{"key":"Accept","value":"application/json"}],"method":"POST","body":{"mode":"raw","raw":"{\n  \"common\": {\n    \"user\": \"<string>\",\n    \"agent\": \"4000\",\n    \"cycle\": \"T\",\n    \"clientNumber\": \"1000\",\n    \"system\": \"2000\",\n    \"prin\": \"3000\",\n    \"debug\": \"<boolean>\",\n    \"org\": \"<string>\",\n    \"processor\": \"<boolean>\",\n    \"contentType\": \"<string>\",\n    \"retry\": 0,\n    \"timeout\": 45000,\n    \"siteId\": \"4201\",\n    \"internalOrigin\": \"<boolean>\",\n    \"externalCustomerId\": \"<string>\",\n    \"accountId\": \"8888888888888888\",\n    \"presentationId\": \"<string>\"\n  },\n  \"overrideApplicationId\": [\n    \"<string>\",\n    \"<string>\"\n  ],\n  \"overrideKeyId\": \"<string>\",\n  \"overridePaymentChannel\": \"<string>\",\n  \"registration\": {\n    \"registrationID\": \"<string>\",\n    \"etfAccountInfo\": {\n      \"nameFirst\": \"<string>\",\n      \"nameLast\": \"<string>\",\n      \"nameMiddle\": \"<string>\",\n      \"nameFull\": \"<string>\",\n      \"phone1\": \"<string>\",\n      \"phone2\": \"<string>\",\n      \"email\": \"<string>\",\n      \"street1\": \"<string>\",\n      \"street2\": \"<string>\",\n      \"city\": \"<string>\",\n      \"state\": \"<string>\",\n      \"zip\": \"<string>\",\n      \"country\": \"<string>\",\n      \"bankName\": \"<string>\",\n      \"bankAccountNumber\": \"<string>\",\n      \"bankRoutingNumber\": \"<string>\",\n      \"accountType\": \"UNKNOWN\"\n    },\n    \"creditCardAccountInfo\": {\n      \"nameFirst\": \"<string>\",\n      \"nameLast\": \"<string>\",\n      \"nameMiddle\": \"<string>\",\n      \"nameFull\": \"<string>\",\n      \"phone1\": \"<string>\",\n      \"phone2\": \"<string>\",\n      \"email\": \"<string>\",\n      \"street1\": \"<string>\",\n      \"street2\": \"<string>\",\n      \"city\": \"<string>\",\n      \"state\": \"<string>\",\n      \"zip\": \"<string>\",\n      \"country\": \"<string>\",\n      \"cardNumber\": \"<string>\",\n      \"expirationDate\": \"<string>\",\n      \"cardType\": \"UNKW\",\n      \"cvv\": \"<string>\"\n    },\n    \"paymentMedium\": \"CHECK_CARD\"\n  }\n}","options":{"raw":{"language":"json"}}}},"status":"OK","code":200,"header":[{"key":"Content-Type","value":"application/json"}],"body":"{\n  \"processorInfo\": {\n    \"system\": \"fugiat eiusmod esse\",\n    \"cycle\": \"incididunt occaecat Lorem esse id\",\n    \"tor\": \"in adipisicing in\",\n    \"mode\": \"consequat ullamco do ipsum\"\n  },\n  \"returnCode\": \"COMMUNICATION_ERROR\",\n  \"resultMessage\": \"amet minim enim\",\n  \"timeoutLimit\": -60938041,\n  \"registrationID\": \"dolor ex sed\"\n}","cookie":[],"_postman_previewlanguage":"json"}],"event":[],"protocolProfileBehavior":{"disableBodyPruning":true}},{"id":"3641f856-5f8a-4c61-9211-5ab5565b6667","name":"eCS UI Find Linked or Active Registration","request":{"name":"eCS UI Find Linked or Active Registration","description":{"content":"This service finds the registration that corresponds to given loan.  The returned registrationmight not necessarily be the active one (depending on whether the given loan is an upgrade).","type":"text/plain"},"url":{"path":["ecsPayments","v2","currentPaymentInfo"],"host":["{{baseUrl}}"],"query":[],"variable":[]},"header":[{"key":"Content-Type","value":"application/json"},{"key":"Accept","value":"application/json"}],"method":"POST","auth":null,"body":{"mode":"raw","raw":"{\n  \"common\": {\n    \"user\": \"<string>\",\n    \"agent\": \"<string>\",\n    \"cycle\": \"<string>\",\n    \"clientNumber\": \"<string>\",\n    \"system\": \"<string>\",\n    \"prin\": \"<string>\",\n    \"debug\": \"<boolean>\",\n    \"org\": \"<string>\",\n    \"processor\": \"<boolean>\",\n    \"contentType\": \"<string>\",\n    \"retry\": \"<long>\",\n    \"timeout\": \"<long>\",\n    \"siteId\": \"<string>\",\n    \"internalOrigin\": \"<boolean>\",\n    \"externalCustomerId\": \"<string>\",\n    \"accountId\": \"<string>\",\n    \"presentationId\": \"<string>\"\n  },\n  \"overrideApplicationId\": [\n    \"<string>\",\n    \"<string>\"\n  ],\n  \"overrideKeyId\": \"<string>\",\n  \"overridePaymentChannel\": \"<string>\"\n}","options":{"raw":{"language":"json"}}}},"response":[{"id":"74d45b22-a2f2-4906-a161-f6ec2a3d2279","name":"successful operation","originalRequest":{"url":{"path":["ecsPayments","v2","currentPaymentInfo"],"host":["{{baseUrl}}"],"query":[],"variable":[]},"header":[{"key":"Accept","value":"application/json"}],"method":"POST","body":{"mode":"raw","raw":"{\n  \"common\": {\n    \"user\": \"<string>\",\n    \"agent\": \"4000\",\n    \"cycle\": \"T\",\n    \"clientNumber\": \"1000\",\n    \"system\": \"2000\",\n    \"prin\": \"3000\",\n    \"debug\": \"<boolean>\",\n    \"org\": \"<string>\",\n    \"processor\": \"<boolean>\",\n    \"contentType\": \"<string>\",\n    \"retry\": 0,\n    \"timeout\": 45000,\n    \"siteId\": \"4201\",\n    \"internalOrigin\": \"<boolean>\",\n    \"externalCustomerId\": \"<string>\",\n    \"accountId\": \"8888888888888888\",\n    \"presentationId\": \"<string>\"\n  },\n  \"overrideApplicationId\": [\n    \"<string>\",\n    \"<string>\"\n  ],\n  \"overrideKeyId\": \"<string>\",\n  \"overridePaymentChannel\": \"<string>\"\n}","options":{"raw":{"language":"json"}}}},"status":"OK","code":200,"header":[{"key":"Content-Type","value":"application/json"}],"body":"{\n  \"processorInfo\": {\n    \"system\": \"mollit Ut\",\n    \"cycle\": \"in esse occaecat\",\n    \"tor\": \"quis et aliquip\",\n    \"mode\": \"vo\"\n  },\n  \"payments\": [\n    {\n      \"transactionID\": \"amet ad irure ex\",\n      \"paymentID\": \"amet \",\n      \"appID\": \"Ut eiusmod\",\n      \"transactionResultCode\": \"REFUND_SETTLEMENT_PENDING\",\n      \"paymentResultCode\": \"ELIGIBLE\",\n      \"paymentTimestamp\": \"minim ea\",\n      \"paymentAmount\": 62524527.475284934,\n      \"originalTransactionAmount\": 37428411.23509702,\n      \"netTransactionAmount\": 40739675.04813719,\n      \"customReference\": \"laborum anim eu consequat\",\n      \"registrationID\": \"ut culpa magna dolor\",\n      \"recurringPaymentID\": \"nulla in\",\n      \"fullName\": \"consectetur sit laboris sint\",\n      \"firstName\": \"labore\",\n      \"lastName\": \"irure eu do sit officia\",\n      \"accountNumber\": \"in enim consectetur\",\n      \"paymentMedium\": \"LOCK_BOX\",\n      \"eftAccountType\": \"CHECKING\",\n      \"cardType\": \"CBLN\",\n      \"paymentChannel\": \"UNKNOWN\",\n      \"lastPaymentStatus\": \"REFUND_REQUEST\",\n      \"userID\": \"reprehenderit sed incididunt dolore\",\n      \"paymentPostDate\": \"veniam do in Duis\",\n      \"confirmationNumber\": \"occaecat\",\n      \"routingNumber\": \"commodo incididunt\",\n      \"eftaccountType\": \"SAVINGS\",\n      \"achreturnCode\": \"ex nulla quis\"\n    },\n    {\n      \"transactionID\": \"aute pariatur non magna\",\n      \"paymentID\": \"consequat Excepteur cillum voluptate\",\n      \"appID\": \"aliquip sint\",\n      \"transactionResultCode\": \"REFUND_SETTLEMENT_PENDING\",\n      \"paymentResultCode\": \"ELIGIBLE\",\n      \"paymentTimestamp\": \"sed laborum adipisicing veniam deserunt\",\n      \"paymentAmount\": 80382920.87618056,\n      \"originalTransactionAmount\": -83899171.14265394,\n      \"netTransactionAmount\": 30968002.849076062,\n      \"customReference\": \"qui sed culpa in\",\n      \"registrationID\": \"cupidatat amet pariatur\",\n      \"recurringPaymentID\": \"velit minim enim anim incididunt\",\n      \"fullName\": \"do in nulla\",\n      \"firstName\": \"Lorem consequat pariatur\",\n      \"lastName\": \"sunt dolor elit nostr\",\n      \"accountNumber\": \"reprehenderit\",\n      \"paymentMedium\": \"LOCK_BOX\",\n      \"eftAccountType\": \"CHECKING\",\n      \"cardType\": \"CBLN\",\n      \"paymentChannel\": \"UNKNOWN\",\n      \"lastPaymentStatus\": \"REFUND_REQUEST\",\n      \"userID\": \"et tempor in\",\n      \"paymentPostDate\": \"adipisicing dolor Lorem veniam\",\n      \"confirmationNumber\": \"adipisicing elit anim occaecat\",\n      \"routingNumber\": \"minim ad exercitation\",\n      \"eftaccountType\": \"SAVINGS\",\n      \"achreturnCode\": \"ipsum in culpa\"\n    }\n  ]\n}","cookie":[],"_postman_previewlanguage":"json"}],"event":[],"protocolProfileBehavior":{"disableBodyPruning":true}},{"id":"1f3485c4-c543-421e-94c3-2ea9e24e0747","name":"eCS UI make one time payment","request":{"name":"eCS UI make one time payment","description":{"content":"This service makes a one time paypoint payment and sends an email notification by orchestratingthe makePayment and the sendEmail newarch services using the ODS misc13 field to determine whether to use the given account number as the loan number or the linked (upgrade) loan number.","type":"text/plain"},"url":{"path":["ecsPayments","v2","oneTimePayment"],"host":["{{baseUrl}}"],"query":[],"variable":[]},"header":[{"key":"Content-Type","value":"application/json"},{"key":"Accept","value":"application/json"}],"method":"POST","auth":null,"body":{"mode":"raw","raw":"{\n  \"paymentAmount\": \"<string>\",\n  \"common\": {\n    \"user\": \"<string>\",\n    \"agent\": \"<string>\",\n    \"cycle\": \"<string>\",\n    \"clientNumber\": \"<string>\",\n    \"system\": \"<string>\",\n    \"prin\": \"<string>\",\n    \"debug\": \"<boolean>\",\n    \"org\": \"<string>\",\n    \"processor\": \"<boolean>\",\n    \"contentType\": \"<string>\",\n    \"retry\": \"<long>\",\n    \"timeout\": \"<long>\",\n    \"siteId\": \"<string>\",\n    \"internalOrigin\": \"<boolean>\",\n    \"externalCustomerId\": \"<string>\",\n    \"accountId\": \"<string>\",\n    \"presentationId\": \"<string>\"\n  },\n  \"overrideApplicationId\": [\n    \"<string>\",\n    \"<string>\"\n  ],\n  \"overrideKeyId\": \"<string>\",\n  \"overridePaymentChannel\": \"<string>\",\n  \"registrationID\": \"<string>\",\n  \"registration\": {\n    \"registrationID\": \"<string>\",\n    \"etfAccountInfo\": {\n      \"nameFirst\": \"<string>\",\n      \"nameLast\": \"<string>\",\n      \"nameMiddle\": \"<string>\",\n      \"nameFull\": \"<string>\",\n      \"phone1\": \"<string>\",\n      \"phone2\": \"<string>\",\n      \"email\": \"<string>\",\n      \"street1\": \"<string>\",\n      \"street2\": \"<string>\",\n      \"city\": \"<string>\",\n      \"state\": \"<string>\",\n      \"zip\": \"<string>\",\n      \"country\": \"<string>\",\n      \"bankName\": \"<string>\",\n      \"bankAccountNumber\": \"<string>\",\n      \"bankRoutingNumber\": \"<string>\",\n      \"accountType\": \"<string>\"\n    },\n    \"creditCardAccountInfo\": {\n      \"nameFirst\": \"<string>\",\n      \"nameLast\": \"<string>\",\n      \"nameMiddle\": \"<string>\",\n      \"nameFull\": \"<string>\",\n      \"phone1\": \"<string>\",\n      \"phone2\": \"<string>\",\n      \"email\": \"<string>\",\n      \"street1\": \"<string>\",\n      \"street2\": \"<string>\",\n      \"city\": \"<string>\",\n      \"state\": \"<string>\",\n      \"zip\": \"<string>\",\n      \"country\": \"<string>\",\n      \"cardNumber\": \"<string>\",\n      \"expirationDate\": \"<string>\",\n      \"cardType\": \"<string>\",\n      \"cvv\": \"<string>\"\n    },\n    \"paymentMedium\": \"<string>\"\n  },\n  \"paymentDate\": \"<string>\",\n  \"overrideAuthorizationMedium\": \"<string>\",\n  \"referenceLookupOverrideDate\": \"<string>\"\n}","options":{"raw":{"language":"json"}}}},"response":[{"id":"22763024-bd59-492a-b3f4-a75593cf29b4","name":"successful operation","originalRequest":{"url":{"path":["ecsPayments","v2","oneTimePayment"],"host":["{{baseUrl}}"],"query":[],"variable":[]},"header":[{"key":"Accept","value":"application/json"}],"method":"POST","body":{"mode":"raw","raw":"{\n  \"paymentAmount\": \"01952.48\",\n  \"common\": {\n    \"user\": \"<string>\",\n    \"agent\": \"4000\",\n    \"cycle\": \"T\",\n    \"clientNumber\": \"1000\",\n    \"system\": \"2000\",\n    \"prin\": \"3000\",\n    \"debug\": \"<boolean>\",\n    \"org\": \"<string>\",\n    \"processor\": \"<boolean>\",\n    \"contentType\": \"<string>\",\n    \"retry\": 0,\n    \"timeout\": 45000,\n    \"siteId\": \"4201\",\n    \"internalOrigin\": \"<boolean>\",\n    \"externalCustomerId\": \"<string>\",\n    \"accountId\": \"8888888888888888\",\n    \"presentationId\": \"<string>\"\n  },\n  \"overrideApplicationId\": [\n    \"<string>\",\n    \"<string>\"\n  ],\n  \"overrideKeyId\": \"<string>\",\n  \"overridePaymentChannel\": \"<string>\",\n  \"registrationID\": \"<string>\",\n  \"registration\": {\n    \"registrationID\": \"<string>\",\n    \"etfAccountInfo\": {\n      \"nameFirst\": \"<string>\",\n      \"nameLast\": \"<string>\",\n      \"nameMiddle\": \"<string>\",\n      \"nameFull\": \"<string>\",\n      \"phone1\": \"<string>\",\n      \"phone2\": \"<string>\",\n      \"email\": \"<string>\",\n      \"street1\": \"<string>\",\n      \"street2\": \"<string>\",\n      \"city\": \"<string>\",\n      \"state\": \"<string>\",\n      \"zip\": \"<string>\",\n      \"country\": \"<string>\",\n      \"bankName\": \"<string>\",\n      \"bankAccountNumber\": \"<string>\",\n      \"bankRoutingNumber\": \"<string>\",\n      \"accountType\": \"UNKNOWN\"\n    },\n    \"creditCardAccountInfo\": {\n      \"nameFirst\": \"<string>\",\n      \"nameLast\": \"<string>\",\n      \"nameMiddle\": \"<string>\",\n      \"nameFull\": \"<string>\",\n      \"phone1\": \"<string>\",\n      \"phone2\": \"<string>\",\n      \"email\": \"<string>\",\n      \"street1\": \"<string>\",\n      \"street2\": \"<string>\",\n      \"city\": \"<string>\",\n      \"state\": \"<string>\",\n      \"zip\": \"<string>\",\n      \"country\": \"<string>\",\n      \"cardNumber\": \"<string>\",\n      \"expirationDate\": \"<string>\",\n      \"cardType\": \"UNKW\",\n      \"cvv\": \"<string>\"\n    },\n    \"paymentMedium\": \"CHECK_CARD\"\n  },\n  \"paymentDate\": \"69/83/2412\",\n  \"overrideAuthorizationMedium\": \"<string>\",\n  \"referenceLookupOverrideDate\": \"<string>\"\n}","options":{"raw":{"language":"json"}}}},"status":"OK","code":200,"header":[{"key":"Content-Type","value":"application/json"}],"body":"{\n  \"processorInfo\": {\n    \"system\": \"do adipisicing\",\n    \"cycle\": \"amet in qui laboris\",\n    \"tor\": \"proide\",\n    \"mode\": \"culpa proident sed eiusmod in\"\n  },\n  \"returnCode\": \"ERROR\",\n  \"resultMessage\": \"aliqua sit ea\",\n  \"timeoutLimit\": -38319331,\n  \"confirmationNumber\": \"dolore do\",\n  \"totalAmount\": -51003629.72532984,\n  \"settlementSubmissionDate\": \"enim occaecat anim\",\n  \"cardType\": \"AMEX\",\n  \"authorizationCode\": \"ut aliquip aliqua\"\n}","cookie":[],"_postman_previewlanguage":"json"}],"event":[],"protocolProfileBehavior":{"disableBodyPruning":true}},{"id":"18cfb12e-8032-4312-91f1-d21d43f26575","name":"eCS UI Retrieve Active Schedule","request":{"name":"eCS UI Retrieve Active Schedule","description":{},"url":{"path":["ecsPayments","v2","retrieveActiveSchedule"],"host":["{{baseUrl}}"],"query":[],"variable":[]},"header":[{"key":"Content-Type","value":"application/json"},{"key":"Accept","value":"application/json"}],"method":"POST","auth":null,"body":{"mode":"raw","raw":"{\n  \"common\": {\n    \"user\": \"<string>\",\n    \"agent\": \"<string>\",\n    \"cycle\": \"<string>\",\n    \"clientNumber\": \"<string>\",\n    \"system\": \"<string>\",\n    \"prin\": \"<string>\",\n    \"debug\": \"<boolean>\",\n    \"org\": \"<string>\",\n    \"processor\": \"<boolean>\",\n    \"contentType\": \"<string>\",\n    \"retry\": \"<long>\",\n    \"timeout\": \"<long>\",\n    \"siteId\": \"<string>\",\n    \"internalOrigin\": \"<boolean>\",\n    \"externalCustomerId\": \"<string>\",\n    \"accountId\": \"<string>\",\n    \"presentationId\": \"<string>\"\n  },\n  \"overrideApplicationId\": [\n    \"<string>\",\n    \"<string>\"\n  ],\n  \"overrideKeyId\": \"<string>\",\n  \"overridePaymentChannel\": \"<string>\"\n}","options":{"raw":{"language":"json"}}}},"response":[{"id":"e71fc25f-4b55-4bf2-9f49-6349f9d230df","name":"successful operation","originalRequest":{"url":{"path":["ecsPayments","v2","retrieveActiveSchedule"],"host":["{{baseUrl}}"],"query":[],"variable":[]},"header":[{"key":"Accept","value":"application/json"}],"method":"POST","body":{"mode":"raw","raw":"{\n  \"common\": {\n    \"user\": \"<string>\",\n    \"agent\": \"4000\",\n    \"cycle\": \"T\",\n    \"clientNumber\": \"1000\",\n    \"system\": \"2000\",\n    \"prin\": \"3000\",\n    \"debug\": \"<boolean>\",\n    \"org\": \"<string>\",\n    \"processor\": \"<boolean>\",\n    \"contentType\": \"<string>\",\n    \"retry\": 0,\n    \"timeout\": 45000,\n    \"siteId\": \"4201\",\n    \"internalOrigin\": \"<boolean>\",\n    \"externalCustomerId\": \"<string>\",\n    \"accountId\": \"8888888888888888\",\n    \"presentationId\": \"<string>\"\n  },\n  \"overrideApplicationId\": [\n    \"<string>\",\n    \"<string>\"\n  ],\n  \"overrideKeyId\": \"<string>\",\n  \"overridePaymentChannel\": \"<string>\"\n}","options":{"raw":{"language":"json"}}}},"status":"OK","code":200,"header":[{"key":"Content-Type","value":"application/json"}],"body":"{\n  \"processorInfo\": {\n    \"system\": \"exercitation non\",\n    \"cycle\": \"amet nisi occaecat\",\n    \"tor\": \"fugiat ea sit\",\n    \"mode\": \"voluptate et\"\n  },\n  \"returnCode\": \"PRE_AUTH_SUCCESS\",\n  \"resultMessage\": \"do magna et ea\",\n  \"timeoutLimit\": 18627197,\n  \"schedules\": [\n    {\n      \"appID\": \"Duis ipsum laborum laboris\",\n      \"recurringPaymentID\": \"est reprehenderit enim sunt\",\n      \"registrationID\": \"nulla quis est fugiat\",\n      \"beginDate\": \"occaecat nulla sed est quis\",\n      \"endDate\": \"dolor Lorem magna in\",\n      \"nextPayDate\": \"aute ipsum\",\n      \"createdDate\": \"dolore ex\",\n      \"recurringIntervalType\": \"AUTO_PAY\",\n      \"intervalParam1\": \"deserunt\",\n      \"intervalParam2\": \"Excepteur\",\n      \"intervalParam3\": \"irure id\",\n      \"intervalParam4\": \"culpa proident mollit dolor\",\n      \"paymentAmount\": 86620235.13101774,\n      \"convFeeAmount\": 15827665.095755398,\n      \"reference\": \"commodo esse\",\n      \"scheduleType\": -27501326,\n      \"disabledReason\": \"proident Excepteur do esse\",\n      \"disabled\": true\n    },\n    {\n      \"appID\": \"Ut tempor pariatur\",\n      \"recurringPaymentID\": \"\",\n      \"registrationID\": \"ut dolor laboris quis\",\n      \"beginDate\": \"deserunt ut\",\n      \"endDate\": \"ut id dolore est\",\n      \"nextPayDate\": \"elit veniam\",\n      \"createdDate\": \"cupidatat in\",\n      \"recurringIntervalType\": \"AUTO_PAY\",\n      \"intervalParam1\": \"consequat \",\n      \"intervalParam2\": \"tempor sunt\",\n      \"intervalParam3\": \"deserunt nulla non culpa\",\n      \"intervalParam4\": \"velit ea laborum sit\",\n      \"paymentAmount\": 80949991.05771273,\n      \"convFeeAmount\": -27386701.58634022,\n      \"reference\": \"in Ut consequat\",\n      \"scheduleType\": 42967445,\n      \"disabledReason\": \"adipisicing id magn\",\n      \"disabled\": true\n    }\n  ]\n}","cookie":[],"_postman_previewlanguage":"json"}],"event":[],"protocolProfileBehavior":{"disableBodyPruning":true}},{"id":"df55e03d-3ed4-4c99-a16d-5cca7583e6a7","name":"eCS UI Retrieve Payments","request":{"name":"eCS UI Retrieve Payments","description":{"content":"This service utilizes the existing NSA PayPoint client to retrieve the list of past payments on account using the ODS misc13 field to determine whether to use the given account number as the loan number or the linked (upgrade) loan number.","type":"text/plain"},"url":{"path":["ecsPayments","v2","retrievePayments"],"host":["{{baseUrl}}"],"query":[],"variable":[]},"header":[{"key":"Content-Type","value":"application/json"},{"key":"Accept","value":"application/json"}],"method":"POST","auth":null,"body":{"mode":"raw","raw":"{\n  \"common\": {\n    \"user\": \"<string>\",\n    \"agent\": \"<string>\",\n    \"cycle\": \"<string>\",\n    \"clientNumber\": \"<string>\",\n    \"system\": \"<string>\",\n    \"prin\": \"<string>\",\n    \"debug\": \"<boolean>\",\n    \"org\": \"<string>\",\n    \"processor\": \"<boolean>\",\n    \"contentType\": \"<string>\",\n    \"retry\": \"<long>\",\n    \"timeout\": \"<long>\",\n    \"siteId\": \"<string>\",\n    \"internalOrigin\": \"<boolean>\",\n    \"externalCustomerId\": \"<string>\",\n    \"accountId\": \"<string>\",\n    \"presentationId\": \"<string>\"\n  },\n  \"overrideApplicationId\": [\n    \"<string>\",\n    \"<string>\"\n  ],\n  \"overrideKeyId\": \"<string>\",\n  \"overridePaymentChannel\": \"<string>\"\n}","options":{"raw":{"language":"json"}}}},"response":[{"id":"cf077005-cfed-4987-ac16-6e7af701164d","name":"successful operation","originalRequest":{"url":{"path":["ecsPayments","v2","retrievePayments"],"host":["{{baseUrl}}"],"query":[],"variable":[]},"header":[{"key":"Accept","value":"application/json"}],"method":"POST","body":{"mode":"raw","raw":"{\n  \"common\": {\n    \"user\": \"<string>\",\n    \"agent\": \"4000\",\n    \"cycle\": \"T\",\n    \"clientNumber\": \"1000\",\n    \"system\": \"2000\",\n    \"prin\": \"3000\",\n    \"debug\": \"<boolean>\",\n    \"org\": \"<string>\",\n    \"processor\": \"<boolean>\",\n    \"contentType\": \"<string>\",\n    \"retry\": 0,\n    \"timeout\": 45000,\n    \"siteId\": \"4201\",\n    \"internalOrigin\": \"<boolean>\",\n    \"externalCustomerId\": \"<string>\",\n    \"accountId\": \"8888888888888888\",\n    \"presentationId\": \"<string>\"\n  },\n  \"overrideApplicationId\": [\n    \"<string>\",\n    \"<string>\"\n  ],\n  \"overrideKeyId\": \"<string>\",\n  \"overridePaymentChannel\": \"<string>\"\n}","options":{"raw":{"language":"json"}}}},"status":"OK","code":200,"header":[{"key":"Content-Type","value":"application/json"}],"body":"{\n  \"processorInfo\": {\n    \"system\": \"mollit Ut\",\n    \"cycle\": \"in esse occaecat\",\n    \"tor\": \"quis et aliquip\",\n    \"mode\": \"vo\"\n  },\n  \"payments\": [\n    {\n      \"transactionID\": \"amet ad irure ex\",\n      \"paymentID\": \"amet \",\n      \"appID\": \"Ut eiusmod\",\n      \"transactionResultCode\": \"REFUND_SETTLEMENT_PENDING\",\n      \"paymentResultCode\": \"ELIGIBLE\",\n      \"paymentTimestamp\": \"minim ea\",\n      \"paymentAmount\": 62524527.475284934,\n      \"originalTransactionAmount\": 37428411.23509702,\n      \"netTransactionAmount\": 40739675.04813719,\n      \"customReference\": \"laborum anim eu consequat\",\n      \"registrationID\": \"ut culpa magna dolor\",\n      \"recurringPaymentID\": \"nulla in\",\n      \"fullName\": \"consectetur sit laboris sint\",\n      \"firstName\": \"labore\",\n      \"lastName\": \"irure eu do sit officia\",\n      \"accountNumber\": \"in enim consectetur\",\n      \"paymentMedium\": \"LOCK_BOX\",\n      \"eftAccountType\": \"CHECKING\",\n      \"cardType\": \"CBLN\",\n      \"paymentChannel\": \"UNKNOWN\",\n      \"lastPaymentStatus\": \"REFUND_REQUEST\",\n      \"userID\": \"reprehenderit sed incididunt dolore\",\n      \"paymentPostDate\": \"veniam do in Duis\",\n      \"confirmationNumber\": \"occaecat\",\n      \"routingNumber\": \"commodo incididunt\",\n      \"eftaccountType\": \"SAVINGS\",\n      \"achreturnCode\": \"ex nulla quis\"\n    },\n    {\n      \"transactionID\": \"aute pariatur non magna\",\n      \"paymentID\": \"consequat Excepteur cillum voluptate\",\n      \"appID\": \"aliquip sint\",\n      \"transactionResultCode\": \"REFUND_SETTLEMENT_PENDING\",\n      \"paymentResultCode\": \"ELIGIBLE\",\n      \"paymentTimestamp\": \"sed laborum adipisicing veniam deserunt\",\n      \"paymentAmount\": 80382920.87618056,\n      \"originalTransactionAmount\": -83899171.14265394,\n      \"netTransactionAmount\": 30968002.849076062,\n      \"customReference\": \"qui sed culpa in\",\n      \"registrationID\": \"cupidatat amet pariatur\",\n      \"recurringPaymentID\": \"velit minim enim anim incididunt\",\n      \"fullName\": \"do in nulla\",\n      \"firstName\": \"Lorem consequat pariatur\",\n      \"lastName\": \"sunt dolor elit nostr\",\n      \"accountNumber\": \"reprehenderit\",\n      \"paymentMedium\": \"LOCK_BOX\",\n      \"eftAccountType\": \"CHECKING\",\n      \"cardType\": \"CBLN\",\n      \"paymentChannel\": \"UNKNOWN\",\n      \"lastPaymentStatus\": \"REFUND_REQUEST\",\n      \"userID\": \"et tempor in\",\n      \"paymentPostDate\": \"adipisicing dolor Lorem veniam\",\n      \"confirmationNumber\": \"adipisicing elit anim occaecat\",\n      \"routingNumber\": \"minim ad exercitation\",\n      \"eftaccountType\": \"SAVINGS\",\n      \"achreturnCode\": \"ipsum in culpa\"\n    }\n  ]\n}","cookie":[],"_postman_previewlanguage":"json"}],"event":[],"protocolProfileBehavior":{"disableBodyPruning":true}},{"id":"79ff5157-605e-4115-befe-793ec9281ca0","name":"eCS UI Retrieve Registration","request":{"name":"eCS UI Retrieve Registration","description":{"content":"This service utilizes the existing NSA PayPoint client to retrieve the fields of the registration using the ODS misc13 field to determine whether to use the given account number as the loan number or the linked (upgrade) loan number.","type":"text/plain"},"url":{"path":["ecsPayments","v2","retrieveRegistrations"],"host":["{{baseUrl}}"],"query":[],"variable":[]},"header":[{"key":"Content-Type","value":"application/json"},{"key":"Accept","value":"application/json"}],"method":"POST","auth":null,"body":{"mode":"raw","raw":"{\n  \"common\": {\n    \"user\": \"<string>\",\n    \"agent\": \"<string>\",\n    \"cycle\": \"<string>\",\n    \"clientNumber\": \"<string>\",\n    \"system\": \"<string>\",\n    \"prin\": \"<string>\",\n    \"debug\": \"<boolean>\",\n    \"org\": \"<string>\",\n    \"processor\": \"<boolean>\",\n    \"contentType\": \"<string>\",\n    \"retry\": \"<long>\",\n    \"timeout\": \"<long>\",\n    \"siteId\": \"<string>\",\n    \"internalOrigin\": \"<boolean>\",\n    \"externalCustomerId\": \"<string>\",\n    \"accountId\": \"<string>\",\n    \"presentationId\": \"<string>\"\n  },\n  \"overrideApplicationId\": [\n    \"<string>\",\n    \"<string>\"\n  ],\n  \"overrideKeyId\": \"<string>\",\n  \"overridePaymentChannel\": \"<string>\",\n  \"registrationID\": [\n    \"<string>\",\n    \"<string>\"\n  ],\n  \"excludeDisabledRegistrations\": \"<boolean>\"\n}","options":{"raw":{"language":"json"}}}},"response":[{"id":"ea8481bf-ac3e-41c1-80b6-f0343c61724a","name":"successful operation","originalRequest":{"url":{"path":["ecsPayments","v2","retrieveRegistrations"],"host":["{{baseUrl}}"],"query":[],"variable":[]},"header":[{"key":"Accept","value":"application/json"}],"method":"POST","body":{"mode":"raw","raw":"{\n  \"common\": {\n    \"user\": \"<string>\",\n    \"agent\": \"4000\",\n    \"cycle\": \"T\",\n    \"clientNumber\": \"1000\",\n    \"system\": \"2000\",\n    \"prin\": \"3000\",\n    \"debug\": \"<boolean>\",\n    \"org\": \"<string>\",\n    \"processor\": \"<boolean>\",\n    \"contentType\": \"<string>\",\n    \"retry\": 0,\n    \"timeout\": 45000,\n    \"siteId\": \"4201\",\n    \"internalOrigin\": \"<boolean>\",\n    \"externalCustomerId\": \"<string>\",\n    \"accountId\": \"8888888888888888\",\n    \"presentationId\": \"<string>\"\n  },\n  \"overrideApplicationId\": [\n    \"<string>\",\n    \"<string>\"\n  ],\n  \"overrideKeyId\": \"<string>\",\n  \"overridePaymentChannel\": \"<string>\",\n  \"registrationID\": [\n    \"<string>\",\n    \"<string>\"\n  ],\n  \"excludeDisabledRegistrations\": \"<boolean>\"\n}","options":{"raw":{"language":"json"}}}},"status":"OK","code":200,"header":[{"key":"Content-Type","value":"application/json"}],"body":"{\n  \"processorInfo\": {\n    \"system\": \"esse ad\",\n    \"cycle\": \"magna dolore elit dolor\",\n    \"tor\": \"aute cillum non deserunt sunt\",\n    \"mode\": \"amet enim\"\n  },\n  \"returnCode\": \"DECLINED\",\n  \"resultMessage\": \"ex sint\",\n  \"timeoutLimit\": 46398826,\n  \"registrations\": [\n    {\n      \"registrationID\": \"<string>\",\n      \"etfAccountInfo\": {\n        \"nameFirst\": \"<string>\",\n        \"nameLast\": \"<string>\",\n        \"nameMiddle\": \"<string>\",\n        \"nameFull\": \"<string>\",\n        \"phone1\": \"<string>\",\n        \"phone2\": \"<string>\",\n        \"email\": \"<string>\",\n        \"street1\": \"<string>\",\n        \"street2\": \"<string>\",\n        \"city\": \"<string>\",\n        \"state\": \"<string>\",\n        \"zip\": \"<string>\",\n        \"country\": \"<string>\",\n        \"bankName\": \"<string>\",\n        \"bankAccountNumber\": \"<string>\",\n        \"bankRoutingNumber\": \"<string>\",\n        \"accountType\": \"UNKNOWN\"\n      },\n      \"creditCardAccountInfo\": {\n        \"nameFirst\": \"<string>\",\n        \"nameLast\": \"<string>\",\n        \"nameMiddle\": \"<string>\",\n        \"nameFull\": \"<string>\",\n        \"phone1\": \"<string>\",\n        \"phone2\": \"<string>\",\n        \"email\": \"<string>\",\n        \"street1\": \"<string>\",\n        \"street2\": \"<string>\",\n        \"city\": \"<string>\",\n        \"state\": \"<string>\",\n        \"zip\": \"<string>\",\n        \"country\": \"<string>\",\n        \"cardNumber\": \"<string>\",\n        \"expirationDate\": \"<string>\",\n        \"cardType\": \"UNKW\",\n        \"cvv\": \"<string>\"\n      },\n      \"paymentMedium\": \"CHECK_CARD\"\n    },\n    {\n      \"registrationID\": \"<string>\",\n      \"etfAccountInfo\": {\n        \"nameFirst\": \"<string>\",\n        \"nameLast\": \"<string>\",\n        \"nameMiddle\": \"<string>\",\n        \"nameFull\": \"<string>\",\n        \"phone1\": \"<string>\",\n        \"phone2\": \"<string>\",\n        \"email\": \"<string>\",\n        \"street1\": \"<string>\",\n        \"street2\": \"<string>\",\n        \"city\": \"<string>\",\n        \"state\": \"<string>\",\n        \"zip\": \"<string>\",\n        \"country\": \"<string>\",\n        \"bankName\": \"<string>\",\n        \"bankAccountNumber\": \"<string>\",\n        \"bankRoutingNumber\": \"<string>\",\n        \"accountType\": \"UNKNOWN\"\n      },\n      \"creditCardAccountInfo\": {\n        \"nameFirst\": \"<string>\",\n        \"nameLast\": \"<string>\",\n        \"nameMiddle\": \"<string>\",\n        \"nameFull\": \"<string>\",\n        \"phone1\": \"<string>\",\n        \"phone2\": \"<string>\",\n        \"email\": \"<string>\",\n        \"street1\": \"<string>\",\n        \"street2\": \"<string>\",\n        \"city\": \"<string>\",\n        \"state\": \"<string>\",\n        \"zip\": \"<string>\",\n        \"country\": \"<string>\",\n        \"cardNumber\": \"<string>\",\n        \"expirationDate\": \"<string>\",\n        \"cardType\": \"UNKW\",\n        \"cvv\": \"<string>\"\n      },\n      \"paymentMedium\": \"CHECK_CARD\"\n    }\n  ]\n}","cookie":[],"_postman_previewlanguage":"json"}],"event":[],"protocolProfileBehavior":{"disableBodyPruning":true}},{"id":"dc98a1cc-4ace-4789-bc11-31f7defe5d0a","name":"eCS UI Retrieve Payments","request":{"name":"eCS UI Retrieve Payments","description":{"content":"This service utilizes the existing NSA PayPoint client to retrieve the list of payment schedules associated with a loan, including inactive schedules using the ODS misc13 field to determine whether to use the given account number as the loan number or the linked (upgrade) loan number.","type":"text/plain"},"url":{"path":["ecsPayments","v2","retrieveSchedules"],"host":["{{baseUrl}}"],"query":[],"variable":[]},"header":[{"key":"Content-Type","value":"application/json"},{"key":"Accept","value":"application/json"}],"method":"POST","auth":null,"body":{"mode":"raw","raw":"{\n  \"common\": {\n    \"user\": \"<string>\",\n    \"agent\": \"<string>\",\n    \"cycle\": \"<string>\",\n    \"clientNumber\": \"<string>\",\n    \"system\": \"<string>\",\n    \"prin\": \"<string>\",\n    \"debug\": \"<boolean>\",\n    \"org\": \"<string>\",\n    \"processor\": \"<boolean>\",\n    \"contentType\": \"<string>\",\n    \"retry\": \"<long>\",\n    \"timeout\": \"<long>\",\n    \"siteId\": \"<string>\",\n    \"internalOrigin\": \"<boolean>\",\n    \"externalCustomerId\": \"<string>\",\n    \"accountId\": \"<string>\",\n    \"presentationId\": \"<string>\"\n  },\n  \"overrideApplicationId\": [\n    \"<string>\",\n    \"<string>\"\n  ],\n  \"overrideKeyId\": \"<string>\",\n  \"overridePaymentChannel\": \"<string>\"\n}","options":{"raw":{"language":"json"}}}},"response":[{"id":"0d66ed06-1b99-488e-ab2e-d7128e488e06","name":"successful operation","originalRequest":{"url":{"path":["ecsPayments","v2","retrieveSchedules"],"host":["{{baseUrl}}"],"query":[],"variable":[]},"header":[{"key":"Accept","value":"application/json"}],"method":"POST","body":{"mode":"raw","raw":"{\n  \"common\": {\n    \"user\": \"<string>\",\n    \"agent\": \"4000\",\n    \"cycle\": \"T\",\n    \"clientNumber\": \"1000\",\n    \"system\": \"2000\",\n    \"prin\": \"3000\",\n    \"debug\": \"<boolean>\",\n    \"org\": \"<string>\",\n    \"processor\": \"<boolean>\",\n    \"contentType\": \"<string>\",\n    \"retry\": 0,\n    \"timeout\": 45000,\n    \"siteId\": \"4201\",\n    \"internalOrigin\": \"<boolean>\",\n    \"externalCustomerId\": \"<string>\",\n    \"accountId\": \"8888888888888888\",\n    \"presentationId\": \"<string>\"\n  },\n  \"overrideApplicationId\": [\n    \"<string>\",\n    \"<string>\"\n  ],\n  \"overrideKeyId\": \"<string>\",\n  \"overridePaymentChannel\": \"<string>\"\n}","options":{"raw":{"language":"json"}}}},"status":"OK","code":200,"header":[{"key":"Content-Type","value":"application/json"}],"body":"{\n  \"processorInfo\": {\n    \"system\": \"proident quis fugiat\",\n    \"cycle\": \"ipsum ut consequat sunt\",\n    \"tor\": \"quis reprehenderit\",\n    \"mode\": \"do in sit culpa dolore\"\n  },\n  \"returnCode\": \"PRE_AUTH_SUCCESS\",\n  \"resultMessage\": \"aute ullamco reprehenderit labore\",\n  \"timeoutLimit\": -73251736,\n  \"schedules\": [\n    {\n      \"appID\": \"officia\",\n      \"recurringPaymentID\": \"ea pariatur ut\",\n      \"registrationID\": \"et esse ut ea Duis\",\n      \"beginDate\": \"anim cillum\",\n      \"endDate\": \"consectetur id\",\n      \"nextPayDate\": \"do aliqua voluptate\",\n      \"createdDate\": \"in do\",\n      \"recurringIntervalType\": \"AUTO_PAY\",\n      \"intervalParam1\": \"laboris ad\",\n      \"intervalParam2\": \"sit\",\n      \"intervalParam3\": \"Lorem laborum\",\n      \"intervalParam4\": \"minim laborum\",\n      \"paymentAmount\": 12099824.560392797,\n      \"convFeeAmount\": -24465678.93327187,\n      \"reference\": \"et velit enim commodo\",\n      \"scheduleType\": 25851430,\n      \"disabledReason\": \"sunt non officia eu\",\n      \"disabled\": true\n    },\n    {\n      \"appID\": \"dolor ut aliqua\",\n      \"recurringPaymentID\": \"pariatur do in nostrud\",\n      \"registrationID\": \"cillum nulla\",\n      \"beginDate\": \"ut cillum\",\n      \"endDate\": \"dolore\",\n      \"nextPayDate\": \"incididunt aliquip Excepteur do\",\n      \"createdDate\": \"anim do fugiat\",\n      \"recurringIntervalType\": \"AUTO_PAY\",\n      \"intervalParam1\": \"in eu\",\n      \"intervalParam2\": \"ex velit\",\n      \"intervalParam3\": \"nulla non ut\",\n      \"intervalParam4\": \"laboris proident enim Ut\",\n      \"paymentAmount\": -64198991.84220297,\n      \"convFeeAmount\": -99241851.37252693,\n      \"reference\": \"dolor adipisicing\",\n      \"scheduleType\": -97500115,\n      \"disabledReason\": \"dolor irure\",\n      \"disabled\": false\n    }\n  ]\n}","cookie":[],"_postman_previewlanguage":"json"}],"event":[],"protocolProfileBehavior":{"disableBodyPruning":true}},{"id":"2242c34e-7826-4a84-b2a5-af632860e9d2","name":"eCS UI Update Registration","request":{"name":"eCS UI Update Registration","description":{"content":"This service updates a registration (payment account) for the provided loan.  Valid payment account types are limited to E_CHECK and CREDIT_CARD","type":"text/plain"},"url":{"path":["ecsPayments","v2","updateRegistration"],"host":["{{baseUrl}}"],"query":[],"variable":[]},"header":[{"key":"Content-Type","value":"application/json"},{"key":"Accept","value":"application/json"}],"method":"POST","auth":null,"body":{"mode":"raw","raw":"{\n  \"common\": {\n    \"user\": \"<string>\",\n    \"agent\": \"<string>\",\n    \"cycle\": \"<string>\",\n    \"clientNumber\": \"<string>\",\n    \"system\": \"<string>\",\n    \"prin\": \"<string>\",\n    \"debug\": \"<boolean>\",\n    \"org\": \"<string>\",\n    \"processor\": \"<boolean>\",\n    \"contentType\": \"<string>\",\n    \"retry\": \"<long>\",\n    \"timeout\": \"<long>\",\n    \"siteId\": \"<string>\",\n    \"internalOrigin\": \"<boolean>\",\n    \"externalCustomerId\": \"<string>\",\n    \"accountId\": \"<string>\",\n    \"presentationId\": \"<string>\"\n  },\n  \"overrideApplicationId\": [\n    \"<string>\",\n    \"<string>\"\n  ],\n  \"overrideKeyId\": \"<string>\",\n  \"overridePaymentChannel\": \"<string>\",\n  \"registration\": {\n    \"registrationID\": \"<string>\",\n    \"etfAccountInfo\": {\n      \"nameFirst\": \"<string>\",\n      \"nameLast\": \"<string>\",\n      \"nameMiddle\": \"<string>\",\n      \"nameFull\": \"<string>\",\n      \"phone1\": \"<string>\",\n      \"phone2\": \"<string>\",\n      \"email\": \"<string>\",\n      \"street1\": \"<string>\",\n      \"street2\": \"<string>\",\n      \"city\": \"<string>\",\n      \"state\": \"<string>\",\n      \"zip\": \"<string>\",\n      \"country\": \"<string>\",\n      \"bankName\": \"<string>\",\n      \"bankAccountNumber\": \"<string>\",\n      \"bankRoutingNumber\": \"<string>\",\n      \"accountType\": \"<string>\"\n    },\n    \"creditCardAccountInfo\": {\n      \"nameFirst\": \"<string>\",\n      \"nameLast\": \"<string>\",\n      \"nameMiddle\": \"<string>\",\n      \"nameFull\": \"<string>\",\n      \"phone1\": \"<string>\",\n      \"phone2\": \"<string>\",\n      \"email\": \"<string>\",\n      \"street1\": \"<string>\",\n      \"street2\": \"<string>\",\n      \"city\": \"<string>\",\n      \"state\": \"<string>\",\n      \"zip\": \"<string>\",\n      \"country\": \"<string>\",\n      \"cardNumber\": \"<string>\",\n      \"expirationDate\": \"<string>\",\n      \"cardType\": \"<string>\",\n      \"cvv\": \"<string>\"\n    },\n    \"paymentMedium\": \"<string>\"\n  }\n}","options":{"raw":{"language":"json"}}}},"response":[{"id":"e24cee0f-0866-42c4-9e4a-b44a24ad435a","name":"successful operation","originalRequest":{"url":{"path":["ecsPayments","v2","updateRegistration"],"host":["{{baseUrl}}"],"query":[],"variable":[]},"header":[{"key":"Accept","value":"application/json"}],"method":"POST","body":{"mode":"raw","raw":"{\n  \"common\": {\n    \"user\": \"<string>\",\n    \"agent\": \"4000\",\n    \"cycle\": \"T\",\n    \"clientNumber\": \"1000\",\n    \"system\": \"2000\",\n    \"prin\": \"3000\",\n    \"debug\": \"<boolean>\",\n    \"org\": \"<string>\",\n    \"processor\": \"<boolean>\",\n    \"contentType\": \"<string>\",\n    \"retry\": 0,\n    \"timeout\": 45000,\n    \"siteId\": \"4201\",\n    \"internalOrigin\": \"<boolean>\",\n    \"externalCustomerId\": \"<string>\",\n    \"accountId\": \"8888888888888888\",\n    \"presentationId\": \"<string>\"\n  },\n  \"overrideApplicationId\": [\n    \"<string>\",\n    \"<string>\"\n  ],\n  \"overrideKeyId\": \"<string>\",\n  \"overridePaymentChannel\": \"<string>\",\n  \"registration\": {\n    \"registrationID\": \"<string>\",\n    \"etfAccountInfo\": {\n      \"nameFirst\": \"<string>\",\n      \"nameLast\": \"<string>\",\n      \"nameMiddle\": \"<string>\",\n      \"nameFull\": \"<string>\",\n      \"phone1\": \"<string>\",\n      \"phone2\": \"<string>\",\n      \"email\": \"<string>\",\n      \"street1\": \"<string>\",\n      \"street2\": \"<string>\",\n      \"city\": \"<string>\",\n      \"state\": \"<string>\",\n      \"zip\": \"<string>\",\n      \"country\": \"<string>\",\n      \"bankName\": \"<string>\",\n      \"bankAccountNumber\": \"<string>\",\n      \"bankRoutingNumber\": \"<string>\",\n      \"accountType\": \"UNKNOWN\"\n    },\n    \"creditCardAccountInfo\": {\n      \"nameFirst\": \"<string>\",\n      \"nameLast\": \"<string>\",\n      \"nameMiddle\": \"<string>\",\n      \"nameFull\": \"<string>\",\n      \"phone1\": \"<string>\",\n      \"phone2\": \"<string>\",\n      \"email\": \"<string>\",\n      \"street1\": \"<string>\",\n      \"street2\": \"<string>\",\n      \"city\": \"<string>\",\n      \"state\": \"<string>\",\n      \"zip\": \"<string>\",\n      \"country\": \"<string>\",\n      \"cardNumber\": \"<string>\",\n      \"expirationDate\": \"<string>\",\n      \"cardType\": \"UNKW\",\n      \"cvv\": \"<string>\"\n    },\n    \"paymentMedium\": \"CHECK_CARD\"\n  }\n}","options":{"raw":{"language":"json"}}}},"status":"OK","code":200,"header":[{"key":"Content-Type","value":"application/json"}],"body":"{\n  \"processorInfo\": {\n    \"system\": \"fugiat eiusmod esse\",\n    \"cycle\": \"incididunt occaecat Lorem esse id\",\n    \"tor\": \"in adipisicing in\",\n    \"mode\": \"consequat ullamco do ipsum\"\n  },\n  \"returnCode\": \"COMMUNICATION_ERROR\",\n  \"resultMessage\": \"amet minim enim\",\n  \"timeoutLimit\": -60938041,\n  \"registrationID\": \"dolor ex sed\"\n}","cookie":[],"_postman_previewlanguage":"json"}],"event":[],"protocolProfileBehavior":{"disableBodyPruning":true}},{"id":"5d6a53d4-a396-4298-99b7-ccdf53cf4ad1","name":"eCS UI Change Scheduled Payment Account","request":{"name":"eCS UI Change Scheduled Payment Account","description":{"content":"This services updates the active payment schedule with the provided registration (payment account), start date, and end date.  All other existing schedule info is preserved such as payment day and duration of schedule using the ODS misc13 field to determine whether to use the given account number as the loan number or the linked (upgrade) loan number.","type":"text/plain"},"url":{"path":["ecsPayments","v2","updateScheduledPaymentRegistration"],"host":["{{baseUrl}}"],"query":[],"variable":[]},"header":[{"key":"Content-Type","value":"application/json"},{"key":"Accept","value":"application/json"}],"method":"POST","auth":null,"body":{"mode":"raw","raw":"{\n  \"common\": {\n    \"user\": \"<string>\",\n    \"agent\": \"<string>\",\n    \"cycle\": \"<string>\",\n    \"clientNumber\": \"<string>\",\n    \"system\": \"<string>\",\n    \"prin\": \"<string>\",\n    \"debug\": \"<boolean>\",\n    \"org\": \"<string>\",\n    \"processor\": \"<boolean>\",\n    \"contentType\": \"<string>\",\n    \"retry\": \"<long>\",\n    \"timeout\": \"<long>\",\n    \"siteId\": \"<string>\",\n    \"internalOrigin\": \"<boolean>\",\n    \"externalCustomerId\": \"<string>\",\n    \"accountId\": \"<string>\",\n    \"presentationId\": \"<string>\"\n  },\n  \"overrideApplicationId\": [\n    \"<string>\",\n    \"<string>\"\n  ],\n  \"overrideKeyId\": \"<string>\",\n  \"overridePaymentChannel\": \"<string>\",\n  \"registrationID\": \"<string>\"\n}","options":{"raw":{"language":"json"}}}},"response":[{"id":"a5bdcb55-cf39-48b6-b86e-00af10966ba4","name":"successful operation","originalRequest":{"url":{"path":["ecsPayments","v2","updateScheduledPaymentRegistration"],"host":["{{baseUrl}}"],"query":[],"variable":[]},"header":[{"key":"Accept","value":"application/json"}],"method":"POST","body":{"mode":"raw","raw":"{\n  \"common\": {\n    \"user\": \"<string>\",\n    \"agent\": \"4000\",\n    \"cycle\": \"T\",\n    \"clientNumber\": \"1000\",\n    \"system\": \"2000\",\n    \"prin\": \"3000\",\n    \"debug\": \"<boolean>\",\n    \"org\": \"<string>\",\n    \"processor\": \"<boolean>\",\n    \"contentType\": \"<string>\",\n    \"retry\": 0,\n    \"timeout\": 45000,\n    \"siteId\": \"4201\",\n    \"internalOrigin\": \"<boolean>\",\n    \"externalCustomerId\": \"<string>\",\n    \"accountId\": \"8888888888888888\",\n    \"presentationId\": \"<string>\"\n  },\n  \"overrideApplicationId\": [\n    \"<string>\",\n    \"<string>\"\n  ],\n  \"overrideKeyId\": \"<string>\",\n  \"overridePaymentChannel\": \"<string>\",\n  \"registrationID\": \"<string>\"\n}","options":{"raw":{"language":"json"}}}},"status":"OK","code":200,"header":[{"key":"Content-Type","value":"application/json"}],"body":"{\n  \"common\": {\n    \"user\": \"<string>\",\n    \"agent\": \"4000\",\n    \"cycle\": \"T\",\n    \"clientNumber\": \"1000\",\n    \"system\": \"2000\",\n    \"prin\": \"3000\",\n    \"debug\": \"<boolean>\",\n    \"org\": \"<string>\",\n    \"processor\": \"<boolean>\",\n    \"contentType\": \"<string>\",\n    \"retry\": 0,\n    \"timeout\": 45000,\n    \"siteId\": \"4201\",\n    \"internalOrigin\": \"<boolean>\",\n    \"externalCustomerId\": \"<string>\",\n    \"accountId\": \"8888888888888888\",\n    \"presentationId\": \"<string>\"\n  },\n  \"overrideApplicationId\": [\n    \"<string>\",\n    \"<string>\"\n  ],\n  \"overrideKeyId\": \"<string>\",\n  \"overridePaymentChannel\": \"<string>\",\n  \"registrationID\": \"<string>\"\n}","cookie":[],"_postman_previewlanguage":"json"}],"event":[],"protocolProfileBehavior":{"disableBodyPruning":true}}],"event":[]}],"event":[],"variable":[{"type":"string","value":"https://cat.api.firstdata.com/fs","key":"baseUrl"}],"info":{"_postman_id":"ce43e14f-9f64-416e-a210-e51e40584b39","name":"fs-devportal-services-1","schema":"https://schema.getpostman.com/json/collection/v2.1.0/collection.json","description":{"content":"Welcome to the Financial Services API documentation","type":"text/plain"}}}