{"item":[{"id":"0da063d4-23d0-45bd-b573-d3002b74b437","name":"ODS","request":{"name":"ODS","description":{"content":"Retrieve ODS events provided a start and end date","type":"text/plain"},"url":{"path":["odsmon","v1","retrieveOds"],"host":["{{baseUrl}}"],"query":[],"variable":[]},"header":[{"key":"Accept","value":"application/json"}],"method":"POST","auth":null},"response":[{"id":"9c2d6439-ac1d-40bc-8e1f-80eb8fa7e9bd","name":"successful operation","originalRequest":{"url":{"path":["odsmon","v1","retrieveOds"],"host":["{{baseUrl}}"],"query":[],"variable":[]},"header":[{"key":"Accept","value":"application/json"}],"method":"POST","body":{}},"status":"OK","code":200,"header":[{"key":"Content-Type","value":"application/json"}],"body":"{}","cookie":[],"_postman_previewlanguage":"json"}],"event":[],"protocolProfileBehavior":{"disableBodyPruning":true}}],"event":[],"variable":[{"type":"string","value":"https://cat.api.firstdata.com/fs","key":"baseUrl"}],"info":{"_postman_id":"d38d02ff-0d22-4969-878b-bcb4ca007440","name":"fs-devportal-services-1","schema":"https://schema.getpostman.com/json/collection/v2.1.0/collection.json","description":{"content":"Welcome to the Financial Services API documentation","type":"text/plain"}}}