{"item":[{"id":"78fb737c-8e10-4c2a-9e81-054e3430d119","name":"ODS","request":{"name":"ODS","description":{"content":"Retrieve ODS events provided a start and end date","type":"text/plain"},"url":{"path":["odsmon","v1","retrieveOds"],"host":["{{baseUrl}}"],"query":[],"variable":[]},"header":[{"key":"Accept","value":"application/json"}],"method":"POST","auth":null},"response":[{"id":"cf2a056d-3141-49d0-915d-ee9e252fca8e","name":"successful operation","originalRequest":{"url":{"path":["odsmon","v1","retrieveOds"],"host":["{{baseUrl}}"],"query":[],"variable":[]},"header":[{"key":"Accept","value":"application/json"}],"method":"POST","body":{}},"status":"OK","code":200,"header":[{"key":"Content-Type","value":"application/json"}],"body":"{\n  \"common\": {\n    \"user\": \"nu\",\n    \"agent\": \"4000\",\n    \"cycle\": \"T\",\n    \"clientNumber\": \"1000\",\n    \"system\": \"2000\",\n    \"prin\": \"3000\",\n    \"debug\": false,\n    \"org\": \"ut \",\n    \"processor\": false,\n    \"contentType\": \"minim commodo adipisicing\",\n    \"retry\": 0,\n    \"timeout\": 45000,\n    \"siteId\": \"4201\",\n    \"internalOrigin\": true,\n    \"uuid\": \"a5eac27d-cd89-4096-a331-306480bfee76\"\n  }\n}","cookie":[],"_postman_previewlanguage":"json"}],"event":[],"protocolProfileBehavior":{"disableBodyPruning":true}}],"event":[],"variable":[{"type":"string","value":"https://cat.api.firstdata.com/fs","key":"baseUrl"}],"info":{"_postman_id":"fe0c1e63-70c8-4e3e-846b-48a7c246865d","name":"fs-devportal-services-1","schema":"https://schema.getpostman.com/json/collection/v2.1.0/collection.json","description":{"content":"Welcome to the Financial Services API documentation","type":"text/plain"}}}