{"item":[{"id":"d96ab6ec-d77e-4f1f-a9f1-66052a840233","name":"FCVWPARM DB2 View.","request":{"name":"FCVWPARM DB2 View.","description":{"content":"This API will return unique identifier to track the status of the action performed by cardStatusUpdate API for compromised cards.Required Fields: Atleast one or All these fields referenceNumber, cardNumber. ","type":"text/plain"},"url":{"path":["sacCardissuance","v1","actionStatus"],"host":["{{baseUrl}}"],"query":[],"variable":[]},"header":[{"key":"Content-Type","value":"application/json"},{"key":"Accept","value":"application/json"}],"method":"POST","auth":null,"body":{"mode":"raw","raw":"{\n  \"common\": {\n    \"user\": \"<string>\",\n    \"agent\": \"<string>\",\n    \"cycle\": \"<string>\",\n    \"clientNumber\": \"<string>\",\n    \"system\": \"<string>\",\n    \"prin\": \"<string>\",\n    \"debug\": \"<boolean>\",\n    \"org\": \"<string>\",\n    \"processor\": \"<boolean>\",\n    \"contentType\": \"<string>\",\n    \"retry\": \"<long>\",\n    \"timeout\": \"<long>\",\n    \"siteId\": \"<string>\",\n    \"internalOrigin\": \"<boolean>\",\n    \"externalCustomerId\": \"<string>\",\n    \"accountId\": \"<string>\",\n    \"presentationId\": \"<string>\",\n    \"rts\": \"<dateTime>\"\n  },\n  \"referenceNumber\": \"<string>\",\n  \"cardNumber\": \"<string>\"\n}","options":{"raw":{"language":"json"}}}},"response":[{"id":"4f895789-ed16-4005-a90e-a81ef42fc803","name":"successful operation","originalRequest":{"url":{"path":["sacCardissuance","v1","actionStatus"],"host":["{{baseUrl}}"],"query":[],"variable":[]},"header":[{"key":"Accept","value":"application/json"}],"method":"POST","body":{"mode":"raw","raw":"{\n  \"common\": {\n    \"user\": \"<string>\",\n    \"agent\": \"4000\",\n    \"cycle\": \"T\",\n    \"clientNumber\": \"1000\",\n    \"system\": \"2000\",\n    \"prin\": \"3000\",\n    \"debug\": \"<boolean>\",\n    \"org\": \"<string>\",\n    \"processor\": \"<boolean>\",\n    \"contentType\": \"<string>\",\n    \"retry\": 0,\n    \"timeout\": 45000,\n    \"siteId\": \"4201\",\n    \"internalOrigin\": \"<boolean>\",\n    \"externalCustomerId\": \"<string>\",\n    \"accountId\": \"8888888888888888\",\n    \"presentationId\": \"<string>\",\n    \"rts\": \"2023-12-01T10:46:36Z\"\n  },\n  \"referenceNumber\": \"<string>\",\n  \"cardNumber\": \"<string>\"\n}","options":{"raw":{"language":"json"}}}},"status":"OK","code":200,"header":[{"key":"Content-Type","value":"application/json"}],"body":"{\n  \"processorInfo\": {\n    \"system\": \"labore cul\",\n    \"cycle\": \"incididunt culpa id ut ex\",\n    \"tor\": \"nostrud \",\n    \"mode\": \"aliqua occaecat\"\n  },\n  \"actionStatus\": [\n    {\n      \"referenceNumber\": \"ipsum ex\",\n      \"cardNumber\": \"in labore no\",\n      \"status\": \"dolore reprehenderit\"\n    },\n    {\n      \"referenceNumber\": \"irure ut ex\",\n      \"cardNumber\": \"elit laborum anim culpa\",\n      \"status\": \"magna eiusmod aliqua incididunt\"\n    }\n  ]\n}","cookie":[],"_postman_previewlanguage":"json"}],"event":[],"protocolProfileBehavior":{"disableBodyPruning":true}}],"event":[],"variable":[{"type":"string","value":"https://cat.api.firstdata.com/fs","key":"baseUrl"}],"info":{"_postman_id":"4f7c17c2-fe3a-4f3b-a146-b4506c55500b","name":"fs-devportal-services-1","schema":"https://schema.getpostman.com/json/collection/v2.1.0/collection.json","description":{"content":"Welcome to the Financial Services API documentation","type":"text/plain"}}}