{"item":[{"id":"b27ee3e5-c824-407a-b293-b2df15300b0e","name":"app-reg","item":[{"id":"881b20a7-f017-4a1a-980b-d60615d8942a","name":"App registration Admin Risk","request":{"name":"App registration Admin Risk","description":{"content":"Use this API for admin app reg admin.","type":"text/plain"},"url":{"path":["app-reg","admin","v1","registerapp"],"host":["{{baseUrl}}"],"query":[],"variable":[]},"header":[{"key":"Content-Type","value":"application/json"},{"key":"Accept","value":"text/plain"}],"method":"POST","auth":null,"body":{"mode":"raw","raw":"{\n  \"apm\": \"<string>\",\n  \"appName\": \"<string>\",\n  \"uaid\": \"<string>\",\n  \"id\": \"<string>\",\n  \"name\": \"<string>\",\n  \"maxUsers\": \"<string>\",\n  \"owner\": \"<string>\",\n  \"enableCIAMRiskServices\": \"<boolean>\",\n  \"buGroupId\": \"<string>\",\n  \"customCIAMRiskPolicy\": \"<string>\"\n}","options":{"raw":{"language":"json"}}}},"response":[{"id":"0e24130b-1f5f-446d-8937-f417a0df8308","name":"CREATED","originalRequest":{"url":{"path":["app-reg","admin","v1","registerapp"],"host":["{{baseUrl}}"],"query":[],"variable":[]},"header":[{"key":"Accept","value":"text/plain"}],"method":"POST","body":{"mode":"raw","raw":"{\n  \"apm\": \"<string>\",\n  \"appName\": \"<string>\",\n  \"uaid\": \"<string>\",\n  \"id\": \"<string>\",\n  \"name\": \"<string>\",\n  \"maxUsers\": \"<string>\",\n  \"owner\": \"<string>\",\n  \"enableCIAMRiskServices\": \"<boolean>\",\n  \"buGroupId\": \"<string>\",\n  \"customCIAMRiskPolicy\": \"<string>\"\n}","options":{"raw":{"language":"json"}}}},"status":"Created","code":201,"header":[{"key":"Content-Type","value":"text/plain"}],"body":"","cookie":[],"_postman_previewlanguage":"text"},{"id":"0a442895-8f7d-4a8e-aca8-23a472206db3","name":"The request cannot be validated.","originalRequest":{"url":{"path":["app-reg","admin","v1","registerapp"],"host":["{{baseUrl}}"],"query":[],"variable":[]},"header":[{"key":"Accept","value":"application/json"}],"method":"POST","body":{"mode":"raw","raw":"{\n  \"apm\": \"<string>\",\n  \"appName\": \"<string>\",\n  \"uaid\": \"<string>\",\n  \"id\": \"<string>\",\n  \"name\": \"<string>\",\n  \"maxUsers\": \"<string>\",\n  \"owner\": \"<string>\",\n  \"enableCIAMRiskServices\": \"<boolean>\",\n  \"buGroupId\": \"<string>\",\n  \"customCIAMRiskPolicy\": \"<string>\"\n}","options":{"raw":{"language":"json"}}}},"status":"Bad Request","code":400,"header":[{"key":"Content-Type","value":"application/json"}],"body":"{\n  \"code\": \"10008\",\n  \"message\": \"Invalid Authid\",\n  \"traceId\": \"7027b61dbf7645399d204dbfa0de0870\",\n  \"timestamp\": \"2022-06-24-15.30.20\"\n}","cookie":[],"_postman_previewlanguage":"json"},{"id":"b81a2cf5-74e0-4bd5-84be-115b39064a0d","name":"The request was unauthorized.","originalRequest":{"url":{"path":["app-reg","admin","v1","registerapp"],"host":["{{baseUrl}}"],"query":[],"variable":[]},"header":[{"key":"Accept","value":"application/json"}],"method":"POST","body":{"mode":"raw","raw":"{\n  \"apm\": \"<string>\",\n  \"appName\": \"<string>\",\n  \"uaid\": \"<string>\",\n  \"id\": \"<string>\",\n  \"name\": \"<string>\",\n  \"maxUsers\": \"<string>\",\n  \"owner\": \"<string>\",\n  \"enableCIAMRiskServices\": \"<boolean>\",\n  \"buGroupId\": \"<string>\",\n  \"customCIAMRiskPolicy\": \"<string>\"\n}","options":{"raw":{"language":"json"}}}},"status":"Unauthorized","code":401,"header":[{"key":"Content-Type","value":"application/json"}],"body":"{\n  \"code\": \"10001\",\n  \"message\": \"Access token has expired\",\n  \"traceId\": \"7027b61dbf7645399d204dbfa0de0870\",\n  \"timestamp\": \"2022-06-24-15.30.20\"\n}","cookie":[],"_postman_previewlanguage":"json"},{"id":"a473ab0c-bc09-431a-9b63-cf002bf365f4","name":"The requested resource does not exist.","originalRequest":{"url":{"path":["app-reg","admin","v1","registerapp"],"host":["{{baseUrl}}"],"query":[],"variable":[]},"header":[{"key":"Accept","value":"application/json"}],"method":"POST","body":{"mode":"raw","raw":"{\n  \"apm\": \"<string>\",\n  \"appName\": \"<string>\",\n  \"uaid\": \"<string>\",\n  \"id\": \"<string>\",\n  \"name\": \"<string>\",\n  \"maxUsers\": \"<string>\",\n  \"owner\": \"<string>\",\n  \"enableCIAMRiskServices\": \"<boolean>\",\n  \"buGroupId\": \"<string>\",\n  \"customCIAMRiskPolicy\": \"<string>\"\n}","options":{"raw":{"language":"json"}}}},"status":"Not Found","code":404,"header":[{"key":"Content-Type","value":"application/json"}],"body":"{\n  \"code\": \"10003\",\n  \"message\": \"User not found, please check the username\",\n  \"traceId\": \"7027b61dbf7645399d204dbfa0de0870\",\n  \"timestamp\": \"2022-06-24-15.30.20\"\n}","cookie":[],"_postman_previewlanguage":"json"},{"id":"935474c6-e3b4-490c-978c-45c6da29bf45","name":"An unexpected internal server error occurred.","originalRequest":{"url":{"path":["app-reg","admin","v1","registerapp"],"host":["{{baseUrl}}"],"query":[],"variable":[]},"header":[{"key":"Accept","value":"application/json"}],"method":"POST","body":{"mode":"raw","raw":"{\n  \"apm\": \"<string>\",\n  \"appName\": \"<string>\",\n  \"uaid\": \"<string>\",\n  \"id\": \"<string>\",\n  \"name\": \"<string>\",\n  \"maxUsers\": \"<string>\",\n  \"owner\": \"<string>\",\n  \"enableCIAMRiskServices\": \"<boolean>\",\n  \"buGroupId\": \"<string>\",\n  \"customCIAMRiskPolicy\": \"<string>\"\n}","options":{"raw":{"language":"json"}}}},"status":"Internal Server Error","code":500,"header":[{"key":"Content-Type","value":"application/json"}],"body":"{\n  \"code\": \"10010\",\n  \"message\": \"An unexpected internal server error occurred. Try again later\",\n  \"traceId\": \"7027b61dbf7645399d204dbfa0de0870\",\n  \"timestamp\": \"2022-06-24-15.30.20\"\n}","cookie":[],"_postman_previewlanguage":"json"}],"event":[],"protocolProfileBehavior":{"disableBodyPruning":true}},{"id":"23e1bcf3-a6f7-46ad-9850-0860cbba2619","name":"API to enable FIDO2 service for the given service account","request":{"name":"API to enable FIDO2 service for the given service account","description":{},"url":{"path":["app-reg","v1","fido2Service","ServiceAccount",":svc_acc","config"],"host":["{{baseUrl}}"],"query":[],"variable":[{"disabled":false,"type":"any","value":"<string>","key":"svc_acc","description":"(Required) the service account for which fido service need to be enabled"}]},"header":[{"key":"Content-Type","value":"application/json"},{"key":"Accept","value":"string"}],"method":"PUT","auth":null,"body":{"mode":"raw","raw":"{\n  \"enableFIDO2\": \"<boolean>\"\n}","options":{"raw":{"language":"json"}}}},"response":[{"id":"e54387cb-7b93-4eb7-8b37-3cf3caf7c571","name":"Created","originalRequest":{"url":{"path":["app-reg","v1","fido2Service","ServiceAccount",":svc_acc","config"],"host":["{{baseUrl}}"],"query":[],"variable":[{"disabled":false,"type":"any","value":"<string>","key":"svc_acc","description":"(Required) the service account for which fido service need to be enabled"}]},"header":[{"key":"Accept","value":"string"}],"method":"PUT","body":{"mode":"raw","raw":"{\n  \"enable\": {\n    \"value\": {\n      \"enableFIDO2\": true\n    }\n  },\n  \"disable\": {\n    \"value\": {\n      \"enableFIDO2\": false\n    }\n  }\n}","options":{"raw":{"language":"json"}}}},"status":"Created","code":201,"header":[{"key":"Content-Type","value":"string"}],"body":"","cookie":[],"_postman_previewlanguage":"text"},{"id":"1cc3c7e1-4a75-44c5-878b-48a2046b1961","name":"The request cannot be validated.","originalRequest":{"url":{"path":["app-reg","v1","fido2Service","ServiceAccount",":svc_acc","config"],"host":["{{baseUrl}}"],"query":[],"variable":[{"disabled":false,"type":"any","value":"<string>","key":"svc_acc","description":"(Required) the service account for which fido service need to be enabled"}]},"header":[{"key":"Accept","value":"application/json"}],"method":"PUT","body":{"mode":"raw","raw":"{\n  \"enable\": {\n    \"value\": {\n      \"enableFIDO2\": true\n    }\n  },\n  \"disable\": {\n    \"value\": {\n      \"enableFIDO2\": false\n    }\n  }\n}","options":{"raw":{"language":"json"}}}},"status":"Bad Request","code":400,"header":[{"key":"Content-Type","value":"application/json"}],"body":"{\n  \"code\": \"10008\",\n  \"message\": \"Invalid Authid\",\n  \"traceId\": \"7027b61dbf7645399d204dbfa0de0870\",\n  \"timestamp\": \"2022-06-24-15.30.20\"\n}","cookie":[],"_postman_previewlanguage":"json"},{"id":"8d33f88c-06ab-43ac-af75-169402bb6765","name":"The request was unauthorized.","originalRequest":{"url":{"path":["app-reg","v1","fido2Service","ServiceAccount",":svc_acc","config"],"host":["{{baseUrl}}"],"query":[],"variable":[{"disabled":false,"type":"any","value":"<string>","key":"svc_acc","description":"(Required) the service account for which fido service need to be enabled"}]},"header":[{"key":"Accept","value":"application/json"}],"method":"PUT","body":{"mode":"raw","raw":"{\n  \"enable\": {\n    \"value\": {\n      \"enableFIDO2\": true\n    }\n  },\n  \"disable\": {\n    \"value\": {\n      \"enableFIDO2\": false\n    }\n  }\n}","options":{"raw":{"language":"json"}}}},"status":"Unauthorized","code":401,"header":[{"key":"Content-Type","value":"application/json"}],"body":"{\n  \"code\": \"10001\",\n  \"message\": \"Access token has expired\",\n  \"traceId\": \"7027b61dbf7645399d204dbfa0de0870\",\n  \"timestamp\": \"2022-06-24-15.30.20\"\n}","cookie":[],"_postman_previewlanguage":"json"},{"id":"71b0bffe-359c-4bb1-a701-e242a90affa8","name":"The requested resource does not exist.","originalRequest":{"url":{"path":["app-reg","v1","fido2Service","ServiceAccount",":svc_acc","config"],"host":["{{baseUrl}}"],"query":[],"variable":[{"disabled":false,"type":"any","value":"<string>","key":"svc_acc","description":"(Required) the service account for which fido service need to be enabled"}]},"header":[{"key":"Accept","value":"application/json"}],"method":"PUT","body":{"mode":"raw","raw":"{\n  \"enable\": {\n    \"value\": {\n      \"enableFIDO2\": true\n    }\n  },\n  \"disable\": {\n    \"value\": {\n      \"enableFIDO2\": false\n    }\n  }\n}","options":{"raw":{"language":"json"}}}},"status":"Not Found","code":404,"header":[{"key":"Content-Type","value":"application/json"}],"body":"{\n  \"code\": \"10003\",\n  \"message\": \"User not found, please check the username\",\n  \"traceId\": \"7027b61dbf7645399d204dbfa0de0870\",\n  \"timestamp\": \"2022-06-24-15.30.20\"\n}","cookie":[],"_postman_previewlanguage":"json"},{"id":"0f4b5ab4-a8ab-4f03-9491-8f0f82a23cb3","name":"An unexpected internal server error occurred.","originalRequest":{"url":{"path":["app-reg","v1","fido2Service","ServiceAccount",":svc_acc","config"],"host":["{{baseUrl}}"],"query":[],"variable":[{"disabled":false,"type":"any","value":"<string>","key":"svc_acc","description":"(Required) the service account for which fido service need to be enabled"}]},"header":[{"key":"Accept","value":"application/json"}],"method":"PUT","body":{"mode":"raw","raw":"{\n  \"enable\": {\n    \"value\": {\n      \"enableFIDO2\": true\n    }\n  },\n  \"disable\": {\n    \"value\": {\n      \"enableFIDO2\": false\n    }\n  }\n}","options":{"raw":{"language":"json"}}}},"status":"Internal Server Error","code":500,"header":[{"key":"Content-Type","value":"application/json"}],"body":"{\n  \"code\": \"10010\",\n  \"message\": \"An unexpected internal server error occurred. Try again later\",\n  \"traceId\": \"7027b61dbf7645399d204dbfa0de0870\",\n  \"timestamp\": \"2022-06-24-15.30.20\"\n}","cookie":[],"_postman_previewlanguage":"json"}],"event":[],"protocolProfileBehavior":{"disableBodyPruning":true}}],"event":[]},{"id":"ee338f4f-d1bc-4c39-bbc3-9f82c632ac5e","name":"Register the application","request":{"name":"Register the application","description":{"content":"Use this API to create a custom risk policy.","type":"text/plain"},"url":{"path":["registerapp"],"host":["{{baseUrl}}"],"query":[],"variable":[]},"header":[{"key":"Content-Type","value":"application/json"},{"key":"Accept","value":"text/plain"}],"method":"POST","auth":null,"body":{"mode":"raw","raw":"{\n  \"apm\": \"<string>\",\n  \"appName\": \"<string>\",\n  \"uaid\": \"<string>\",\n  \"id\": \"<string>\",\n  \"name\": \"<string>\",\n  \"maxUsers\": \"<string>\",\n  \"owner\": \"<string>\"\n}","options":{"raw":{"language":"json"}}}},"response":[{"id":"7b279694-83c5-4f7b-963c-2b87da46bef0","name":"CREATED","originalRequest":{"url":{"path":["registerapp"],"host":["{{baseUrl}}"],"query":[],"variable":[]},"header":[{"key":"Accept","value":"text/plain"}],"method":"POST","body":{"mode":"raw","raw":"{\n  \"apm\": \"<string>\",\n  \"appName\": \"<string>\",\n  \"uaid\": \"<string>\",\n  \"id\": \"<string>\",\n  \"name\": \"<string>\",\n  \"maxUsers\": \"<string>\",\n  \"owner\": \"<string>\"\n}","options":{"raw":{"language":"json"}}}},"status":"Created","code":201,"header":[{"key":"Content-Type","value":"text/plain"}],"body":"","cookie":[],"_postman_previewlanguage":"text"},{"id":"ea9b18e6-8547-49e0-ba43-b7a195e675b8","name":"The request cannot be validated.","originalRequest":{"url":{"path":["registerapp"],"host":["{{baseUrl}}"],"query":[],"variable":[]},"header":[{"key":"Accept","value":"application/json"}],"method":"POST","body":{"mode":"raw","raw":"{\n  \"apm\": \"<string>\",\n  \"appName\": \"<string>\",\n  \"uaid\": \"<string>\",\n  \"id\": \"<string>\",\n  \"name\": \"<string>\",\n  \"maxUsers\": \"<string>\",\n  \"owner\": \"<string>\"\n}","options":{"raw":{"language":"json"}}}},"status":"Bad Request","code":400,"header":[{"key":"Content-Type","value":"application/json"}],"body":"{\n  \"code\": \"10008\",\n  \"message\": \"Invalid Authid\",\n  \"traceId\": \"7027b61dbf7645399d204dbfa0de0870\",\n  \"timestamp\": \"2022-06-24-15.30.20\"\n}","cookie":[],"_postman_previewlanguage":"json"},{"id":"2de32a2c-0638-49e6-998f-2d21f8dc5669","name":"The request was unauthorized.","originalRequest":{"url":{"path":["registerapp"],"host":["{{baseUrl}}"],"query":[],"variable":[]},"header":[{"key":"Accept","value":"application/json"}],"method":"POST","body":{"mode":"raw","raw":"{\n  \"apm\": \"<string>\",\n  \"appName\": \"<string>\",\n  \"uaid\": \"<string>\",\n  \"id\": \"<string>\",\n  \"name\": \"<string>\",\n  \"maxUsers\": \"<string>\",\n  \"owner\": \"<string>\"\n}","options":{"raw":{"language":"json"}}}},"status":"Unauthorized","code":401,"header":[{"key":"Content-Type","value":"application/json"}],"body":"{\n  \"code\": \"10001\",\n  \"message\": \"Access token has expired\",\n  \"traceId\": \"7027b61dbf7645399d204dbfa0de0870\",\n  \"timestamp\": \"2022-06-24-15.30.20\"\n}","cookie":[],"_postman_previewlanguage":"json"},{"id":"95c0c42e-7726-42cc-9545-4d6dd5251b63","name":"The requested resource does not exist.","originalRequest":{"url":{"path":["registerapp"],"host":["{{baseUrl}}"],"query":[],"variable":[]},"header":[{"key":"Accept","value":"application/json"}],"method":"POST","body":{"mode":"raw","raw":"{\n  \"apm\": \"<string>\",\n  \"appName\": \"<string>\",\n  \"uaid\": \"<string>\",\n  \"id\": \"<string>\",\n  \"name\": \"<string>\",\n  \"maxUsers\": \"<string>\",\n  \"owner\": \"<string>\"\n}","options":{"raw":{"language":"json"}}}},"status":"Not Found","code":404,"header":[{"key":"Content-Type","value":"application/json"}],"body":"{\n  \"code\": \"10003\",\n  \"message\": \"User not found, please check the username\",\n  \"traceId\": \"7027b61dbf7645399d204dbfa0de0870\",\n  \"timestamp\": \"2022-06-24-15.30.20\"\n}","cookie":[],"_postman_previewlanguage":"json"},{"id":"85a49379-d1a7-432a-b279-448e4ce8e132","name":"An unexpected internal server error occurred.","originalRequest":{"url":{"path":["registerapp"],"host":["{{baseUrl}}"],"query":[],"variable":[]},"header":[{"key":"Accept","value":"application/json"}],"method":"POST","body":{"mode":"raw","raw":"{\n  \"apm\": \"<string>\",\n  \"appName\": \"<string>\",\n  \"uaid\": \"<string>\",\n  \"id\": \"<string>\",\n  \"name\": \"<string>\",\n  \"maxUsers\": \"<string>\",\n  \"owner\": \"<string>\"\n}","options":{"raw":{"language":"json"}}}},"status":"Internal Server Error","code":500,"header":[{"key":"Content-Type","value":"application/json"}],"body":"{\n  \"code\": \"10010\",\n  \"message\": \"An unexpected internal server error occurred. Try again later\",\n  \"traceId\": \"7027b61dbf7645399d204dbfa0de0870\",\n  \"timestamp\": \"2022-06-24-15.30.20\"\n}","cookie":[],"_postman_previewlanguage":"json"}],"event":[],"protocolProfileBehavior":{"disableBodyPruning":true}},{"id":"a684e0e8-adca-4357-b891-cd018153bc94","name":"Enable/Disable Risk Services","request":{"name":"Enable/Disable Risk Services","description":{"content":"Use this API to enable/disable risk services.","type":"text/plain"},"url":{"path":["riskService","ServiceAccount",":svcAccount","config"],"host":["{{baseUrl}}"],"query":[],"variable":[{"disabled":false,"type":"any","value":"<string>","key":"svcAccId","description":"(Required) "}]},"header":[{"key":"Content-Type","value":"application/json"},{"key":"Accept","value":"text/plain"}],"method":"PUT","auth":null,"body":{"mode":"raw","raw":"{\n  \"enableRisk\": \"<boolean>\",\n  \"policyID\": \"<string>\"\n}","options":{"raw":{"language":"json"}}}},"response":[{"id":"9c83c14d-79fc-4af8-8a35-b76911c9a865","name":"CREATED","originalRequest":{"url":{"path":["riskService","ServiceAccount",":svcAccount","config"],"host":["{{baseUrl}}"],"query":[],"variable":[{"disabled":false,"type":"any","value":"<string>","key":"svcAccId","description":"(Required) "}]},"header":[{"key":"Accept","value":"text/plain"}],"method":"PUT","body":{"mode":"raw","raw":"{\n  \"enableRisk\": \"<boolean>\",\n  \"policyID\": \"<string>\"\n}","options":{"raw":{"language":"json"}}}},"status":"OK","code":200,"header":[{"key":"Content-Type","value":"text/plain"}],"body":"cupidatat ipsum","cookie":[],"_postman_previewlanguage":"text"},{"id":"7695bda8-1254-486c-894c-965cd8ef3b18","name":"The request cannot be validated.","originalRequest":{"url":{"path":["riskService","ServiceAccount",":svcAccount","config"],"host":["{{baseUrl}}"],"query":[],"variable":[{"disabled":false,"type":"any","value":"<string>","key":"svcAccId","description":"(Required) "}]},"header":[{"key":"Accept","value":"application/json"}],"method":"PUT","body":{"mode":"raw","raw":"{\n  \"enableRisk\": \"<boolean>\",\n  \"policyID\": \"<string>\"\n}","options":{"raw":{"language":"json"}}}},"status":"Bad Request","code":400,"header":[{"key":"Content-Type","value":"application/json"}],"body":"{\n  \"code\": \"10008\",\n  \"message\": \"Invalid Authid\",\n  \"traceId\": \"7027b61dbf7645399d204dbfa0de0870\",\n  \"timestamp\": \"2022-06-24-15.30.20\"\n}","cookie":[],"_postman_previewlanguage":"json"},{"id":"9c70a296-40ff-44e8-ab07-0a9994e8cddc","name":"The request was unauthorized.","originalRequest":{"url":{"path":["riskService","ServiceAccount",":svcAccount","config"],"host":["{{baseUrl}}"],"query":[],"variable":[{"disabled":false,"type":"any","value":"<string>","key":"svcAccId","description":"(Required) "}]},"header":[{"key":"Accept","value":"application/json"}],"method":"PUT","body":{"mode":"raw","raw":"{\n  \"enableRisk\": \"<boolean>\",\n  \"policyID\": \"<string>\"\n}","options":{"raw":{"language":"json"}}}},"status":"Unauthorized","code":401,"header":[{"key":"Content-Type","value":"application/json"}],"body":"{\n  \"code\": \"10001\",\n  \"message\": \"Access token has expired\",\n  \"traceId\": \"7027b61dbf7645399d204dbfa0de0870\",\n  \"timestamp\": \"2022-06-24-15.30.20\"\n}","cookie":[],"_postman_previewlanguage":"json"},{"id":"af401086-d86a-43f0-9ee5-bb03626894a9","name":"The requested resource does not exist.","originalRequest":{"url":{"path":["riskService","ServiceAccount",":svcAccount","config"],"host":["{{baseUrl}}"],"query":[],"variable":[{"disabled":false,"type":"any","value":"<string>","key":"svcAccId","description":"(Required) "}]},"header":[{"key":"Accept","value":"application/json"}],"method":"PUT","body":{"mode":"raw","raw":"{\n  \"enableRisk\": \"<boolean>\",\n  \"policyID\": \"<string>\"\n}","options":{"raw":{"language":"json"}}}},"status":"Not Found","code":404,"header":[{"key":"Content-Type","value":"application/json"}],"body":"{\n  \"code\": \"10003\",\n  \"message\": \"User not found, please check the username\",\n  \"traceId\": \"7027b61dbf7645399d204dbfa0de0870\",\n  \"timestamp\": \"2022-06-24-15.30.20\"\n}","cookie":[],"_postman_previewlanguage":"json"},{"id":"c90c4cfc-3916-49dd-b1d1-8b05473e918d","name":"An unexpected internal server error occurred.","originalRequest":{"url":{"path":["riskService","ServiceAccount",":svcAccount","config"],"host":["{{baseUrl}}"],"query":[],"variable":[{"disabled":false,"type":"any","value":"<string>","key":"svcAccId","description":"(Required) "}]},"header":[{"key":"Accept","value":"application/json"}],"method":"PUT","body":{"mode":"raw","raw":"{\n  \"enableRisk\": \"<boolean>\",\n  \"policyID\": \"<string>\"\n}","options":{"raw":{"language":"json"}}}},"status":"Internal Server Error","code":500,"header":[{"key":"Content-Type","value":"application/json"}],"body":"{\n  \"code\": \"10010\",\n  \"message\": \"An unexpected internal server error occurred. Try again later\",\n  \"traceId\": \"7027b61dbf7645399d204dbfa0de0870\",\n  \"timestamp\": \"2022-06-24-15.30.20\"\n}","cookie":[],"_postman_previewlanguage":"json"}],"event":[],"protocolProfileBehavior":{"disableBodyPruning":true}},{"id":"50b23101-f1e8-4577-b757-07ab5961d7d0","name":"group/{groupid}/riskPolicy","item":[{"id":"9dcdec77-8044-4080-a523-2099039c583c","name":"Create Risk Policy","request":{"name":"Create Risk Policy","description":{"content":"Use this API to create a custom risk policy.","type":"text/plain"},"url":{"path":["group",":groupid","riskPolicy"],"host":["{{baseUrl}}"],"query":[],"variable":[{"disabled":false,"type":"any","value":"<string>","key":"groupid","description":"(Required) "}]},"header":[{"key":"Content-Type","value":"application/json"},{"key":"Accept","value":"text/plain"}],"method":"POST","auth":null,"body":{"mode":"raw","raw":"{\n  \"id\": \"<string>\",\n  \"appID\": \"<string>\",\n  \"weightBasedPolicy\": \"<boolean>\",\n  \"defaultRiskLevel\": \"<string>\",\n  \"overriddenPredictors\": [\n    {\n      \"name\": \"<string>\",\n      \"resultLevel\": \"<string>\",\n      \"condition\": \"<string>\",\n      \"score\": \"<long>\",\n      \"ipRange\": [\n        \"<string>\",\n        \"<string>\"\n      ]\n    },\n    {\n      \"name\": \"<string>\",\n      \"resultLevel\": \"<string>\",\n      \"condition\": \"<string>\",\n      \"score\": \"<long>\",\n      \"ipRange\": [\n        \"<string>\",\n        \"<string>\"\n      ]\n    }\n  ],\n  \"aggregatedPredictors\": [\n    {\n      \"name\": \"<string>\",\n      \"resultLevel\": \"<string>\",\n      \"condition\": \"<string>\",\n      \"score\": \"<long>\",\n      \"ipRange\": [\n        \"<string>\",\n        \"<string>\"\n      ]\n    },\n    {\n      \"name\": \"<string>\",\n      \"resultLevel\": \"<string>\",\n      \"condition\": \"<string>\",\n      \"score\": \"<long>\",\n      \"ipRange\": [\n        \"<string>\",\n        \"<string>\"\n      ]\n    }\n  ],\n  \"minMaxScoresPerRiskLevel\": [\n    {\n      \"riskLevel\": \"<string>\",\n      \"minScore\": \"<long>\",\n      \"maxScore\": \"<long>\"\n    },\n    {\n      \"riskLevel\": \"<string>\",\n      \"minScore\": \"<long>\",\n      \"maxScore\": \"<long>\"\n    }\n  ]\n}","options":{"raw":{"language":"json"}}}},"response":[{"id":"ddc28859-d8cc-41b8-b44e-b67e694e5312","name":"CREATED","originalRequest":{"url":{"path":["group",":groupid","riskPolicy"],"host":["{{baseUrl}}"],"query":[],"variable":[{"disabled":false,"type":"any","value":"<string>","key":"groupid","description":"(Required) "}]},"header":[{"key":"Accept","value":"text/plain"}],"method":"POST","body":{"mode":"raw","raw":"{\n  \"id\": \"<string>\",\n  \"appID\": \"<string>\",\n  \"weightBasedPolicy\": \"<boolean>\",\n  \"defaultRiskLevel\": \"<string>\",\n  \"overriddenPredictors\": [\n    {\n      \"name\": \"<string>\",\n      \"resultLevel\": \"<string>\",\n      \"condition\": \"<string>\",\n      \"score\": \"<long>\",\n      \"ipRange\": [\n        \"<string>\",\n        \"<string>\"\n      ]\n    },\n    {\n      \"name\": \"<string>\",\n      \"resultLevel\": \"<string>\",\n      \"condition\": \"<string>\",\n      \"score\": \"<long>\",\n      \"ipRange\": [\n        \"<string>\",\n        \"<string>\"\n      ]\n    }\n  ],\n  \"aggregatedPredictors\": [\n    {\n      \"name\": \"<string>\",\n      \"resultLevel\": \"<string>\",\n      \"condition\": \"<string>\",\n      \"score\": \"<long>\",\n      \"ipRange\": [\n        \"<string>\",\n        \"<string>\"\n      ]\n    },\n    {\n      \"name\": \"<string>\",\n      \"resultLevel\": \"<string>\",\n      \"condition\": \"<string>\",\n      \"score\": \"<long>\",\n      \"ipRange\": [\n        \"<string>\",\n        \"<string>\"\n      ]\n    }\n  ],\n  \"minMaxScoresPerRiskLevel\": [\n    {\n      \"riskLevel\": \"<string>\",\n      \"minScore\": \"<long>\",\n      \"maxScore\": \"<long>\"\n    },\n    {\n      \"riskLevel\": \"<string>\",\n      \"minScore\": \"<long>\",\n      \"maxScore\": \"<long>\"\n    }\n  ]\n}","options":{"raw":{"language":"json"}}}},"status":"Created","code":201,"header":[{"key":"Content-Type","value":"text/plain"}],"body":"","cookie":[],"_postman_previewlanguage":"text"},{"id":"e886a8ea-7245-4706-9c10-bf0870ef3b08","name":"The request cannot be validated.","originalRequest":{"url":{"path":["group",":groupid","riskPolicy"],"host":["{{baseUrl}}"],"query":[],"variable":[{"disabled":false,"type":"any","value":"<string>","key":"groupid","description":"(Required) "}]},"header":[{"key":"Accept","value":"application/json"}],"method":"POST","body":{"mode":"raw","raw":"{\n  \"id\": \"<string>\",\n  \"appID\": \"<string>\",\n  \"weightBasedPolicy\": \"<boolean>\",\n  \"defaultRiskLevel\": \"<string>\",\n  \"overriddenPredictors\": [\n    {\n      \"name\": \"<string>\",\n      \"resultLevel\": \"<string>\",\n      \"condition\": \"<string>\",\n      \"score\": \"<long>\",\n      \"ipRange\": [\n        \"<string>\",\n        \"<string>\"\n      ]\n    },\n    {\n      \"name\": \"<string>\",\n      \"resultLevel\": \"<string>\",\n      \"condition\": \"<string>\",\n      \"score\": \"<long>\",\n      \"ipRange\": [\n        \"<string>\",\n        \"<string>\"\n      ]\n    }\n  ],\n  \"aggregatedPredictors\": [\n    {\n      \"name\": \"<string>\",\n      \"resultLevel\": \"<string>\",\n      \"condition\": \"<string>\",\n      \"score\": \"<long>\",\n      \"ipRange\": [\n        \"<string>\",\n        \"<string>\"\n      ]\n    },\n    {\n      \"name\": \"<string>\",\n      \"resultLevel\": \"<string>\",\n      \"condition\": \"<string>\",\n      \"score\": \"<long>\",\n      \"ipRange\": [\n        \"<string>\",\n        \"<string>\"\n      ]\n    }\n  ],\n  \"minMaxScoresPerRiskLevel\": [\n    {\n      \"riskLevel\": \"<string>\",\n      \"minScore\": \"<long>\",\n      \"maxScore\": \"<long>\"\n    },\n    {\n      \"riskLevel\": \"<string>\",\n      \"minScore\": \"<long>\",\n      \"maxScore\": \"<long>\"\n    }\n  ]\n}","options":{"raw":{"language":"json"}}}},"status":"Bad Request","code":400,"header":[{"key":"Content-Type","value":"application/json"}],"body":"{\n  \"code\": \"10008\",\n  \"message\": \"Invalid Authid\",\n  \"traceId\": \"7027b61dbf7645399d204dbfa0de0870\",\n  \"timestamp\": \"2022-06-24-15.30.20\"\n}","cookie":[],"_postman_previewlanguage":"json"},{"id":"5aa2aa0b-c45e-4f1b-9eef-6998d95d2d8e","name":"The request was unauthorized.","originalRequest":{"url":{"path":["group",":groupid","riskPolicy"],"host":["{{baseUrl}}"],"query":[],"variable":[{"disabled":false,"type":"any","value":"<string>","key":"groupid","description":"(Required) "}]},"header":[{"key":"Accept","value":"application/json"}],"method":"POST","body":{"mode":"raw","raw":"{\n  \"id\": \"<string>\",\n  \"appID\": \"<string>\",\n  \"weightBasedPolicy\": \"<boolean>\",\n  \"defaultRiskLevel\": \"<string>\",\n  \"overriddenPredictors\": [\n    {\n      \"name\": \"<string>\",\n      \"resultLevel\": \"<string>\",\n      \"condition\": \"<string>\",\n      \"score\": \"<long>\",\n      \"ipRange\": [\n        \"<string>\",\n        \"<string>\"\n      ]\n    },\n    {\n      \"name\": \"<string>\",\n      \"resultLevel\": \"<string>\",\n      \"condition\": \"<string>\",\n      \"score\": \"<long>\",\n      \"ipRange\": [\n        \"<string>\",\n        \"<string>\"\n      ]\n    }\n  ],\n  \"aggregatedPredictors\": [\n    {\n      \"name\": \"<string>\",\n      \"resultLevel\": \"<string>\",\n      \"condition\": \"<string>\",\n      \"score\": \"<long>\",\n      \"ipRange\": [\n        \"<string>\",\n        \"<string>\"\n      ]\n    },\n    {\n      \"name\": \"<string>\",\n      \"resultLevel\": \"<string>\",\n      \"condition\": \"<string>\",\n      \"score\": \"<long>\",\n      \"ipRange\": [\n        \"<string>\",\n        \"<string>\"\n      ]\n    }\n  ],\n  \"minMaxScoresPerRiskLevel\": [\n    {\n      \"riskLevel\": \"<string>\",\n      \"minScore\": \"<long>\",\n      \"maxScore\": \"<long>\"\n    },\n    {\n      \"riskLevel\": \"<string>\",\n      \"minScore\": \"<long>\",\n      \"maxScore\": \"<long>\"\n    }\n  ]\n}","options":{"raw":{"language":"json"}}}},"status":"Unauthorized","code":401,"header":[{"key":"Content-Type","value":"application/json"}],"body":"{\n  \"code\": \"10001\",\n  \"message\": \"Access token has expired\",\n  \"traceId\": \"7027b61dbf7645399d204dbfa0de0870\",\n  \"timestamp\": \"2022-06-24-15.30.20\"\n}","cookie":[],"_postman_previewlanguage":"json"},{"id":"c6ce1f42-e05e-4d10-9e87-e7393db81ad0","name":"The requested resource does not exist.","originalRequest":{"url":{"path":["group",":groupid","riskPolicy"],"host":["{{baseUrl}}"],"query":[],"variable":[{"disabled":false,"type":"any","value":"<string>","key":"groupid","description":"(Required) "}]},"header":[{"key":"Accept","value":"application/json"}],"method":"POST","body":{"mode":"raw","raw":"{\n  \"id\": \"<string>\",\n  \"appID\": \"<string>\",\n  \"weightBasedPolicy\": \"<boolean>\",\n  \"defaultRiskLevel\": \"<string>\",\n  \"overriddenPredictors\": [\n    {\n      \"name\": \"<string>\",\n      \"resultLevel\": \"<string>\",\n      \"condition\": \"<string>\",\n      \"score\": \"<long>\",\n      \"ipRange\": [\n        \"<string>\",\n        \"<string>\"\n      ]\n    },\n    {\n      \"name\": \"<string>\",\n      \"resultLevel\": \"<string>\",\n      \"condition\": \"<string>\",\n      \"score\": \"<long>\",\n      \"ipRange\": [\n        \"<string>\",\n        \"<string>\"\n      ]\n    }\n  ],\n  \"aggregatedPredictors\": [\n    {\n      \"name\": \"<string>\",\n      \"resultLevel\": \"<string>\",\n      \"condition\": \"<string>\",\n      \"score\": \"<long>\",\n      \"ipRange\": [\n        \"<string>\",\n        \"<string>\"\n      ]\n    },\n    {\n      \"name\": \"<string>\",\n      \"resultLevel\": \"<string>\",\n      \"condition\": \"<string>\",\n      \"score\": \"<long>\",\n      \"ipRange\": [\n        \"<string>\",\n        \"<string>\"\n      ]\n    }\n  ],\n  \"minMaxScoresPerRiskLevel\": [\n    {\n      \"riskLevel\": \"<string>\",\n      \"minScore\": \"<long>\",\n      \"maxScore\": \"<long>\"\n    },\n    {\n      \"riskLevel\": \"<string>\",\n      \"minScore\": \"<long>\",\n      \"maxScore\": \"<long>\"\n    }\n  ]\n}","options":{"raw":{"language":"json"}}}},"status":"Not Found","code":404,"header":[{"key":"Content-Type","value":"application/json"}],"body":"{\n  \"code\": \"10003\",\n  \"message\": \"User not found, please check the username\",\n  \"traceId\": \"7027b61dbf7645399d204dbfa0de0870\",\n  \"timestamp\": \"2022-06-24-15.30.20\"\n}","cookie":[],"_postman_previewlanguage":"json"},{"id":"d8787297-1766-437b-947f-0eb6a0fd8ab0","name":"An unexpected internal server error occurred.","originalRequest":{"url":{"path":["group",":groupid","riskPolicy"],"host":["{{baseUrl}}"],"query":[],"variable":[{"disabled":false,"type":"any","value":"<string>","key":"groupid","description":"(Required) "}]},"header":[{"key":"Accept","value":"application/json"}],"method":"POST","body":{"mode":"raw","raw":"{\n  \"id\": \"<string>\",\n  \"appID\": \"<string>\",\n  \"weightBasedPolicy\": \"<boolean>\",\n  \"defaultRiskLevel\": \"<string>\",\n  \"overriddenPredictors\": [\n    {\n      \"name\": \"<string>\",\n      \"resultLevel\": \"<string>\",\n      \"condition\": \"<string>\",\n      \"score\": \"<long>\",\n      \"ipRange\": [\n        \"<string>\",\n        \"<string>\"\n      ]\n    },\n    {\n      \"name\": \"<string>\",\n      \"resultLevel\": \"<string>\",\n      \"condition\": \"<string>\",\n      \"score\": \"<long>\",\n      \"ipRange\": [\n        \"<string>\",\n        \"<string>\"\n      ]\n    }\n  ],\n  \"aggregatedPredictors\": [\n    {\n      \"name\": \"<string>\",\n      \"resultLevel\": \"<string>\",\n      \"condition\": \"<string>\",\n      \"score\": \"<long>\",\n      \"ipRange\": [\n        \"<string>\",\n        \"<string>\"\n      ]\n    },\n    {\n      \"name\": \"<string>\",\n      \"resultLevel\": \"<string>\",\n      \"condition\": \"<string>\",\n      \"score\": \"<long>\",\n      \"ipRange\": [\n        \"<string>\",\n        \"<string>\"\n      ]\n    }\n  ],\n  \"minMaxScoresPerRiskLevel\": [\n    {\n      \"riskLevel\": \"<string>\",\n      \"minScore\": \"<long>\",\n      \"maxScore\": \"<long>\"\n    },\n    {\n      \"riskLevel\": \"<string>\",\n      \"minScore\": \"<long>\",\n      \"maxScore\": \"<long>\"\n    }\n  ]\n}","options":{"raw":{"language":"json"}}}},"status":"Internal Server Error","code":500,"header":[{"key":"Content-Type","value":"application/json"}],"body":"{\n  \"code\": \"10010\",\n  \"message\": \"An unexpected internal server error occurred. Try again later\",\n  \"traceId\": \"7027b61dbf7645399d204dbfa0de0870\",\n  \"timestamp\": \"2022-06-24-15.30.20\"\n}","cookie":[],"_postman_previewlanguage":"json"}],"event":[],"protocolProfileBehavior":{"disableBodyPruning":true}},{"id":"f19e51ac-2f44-4ef9-8815-ea9101a8a7b8","name":"Retrieve all the Policies","request":{"name":"Retrieve all the Policies","description":{"content":"Use this API to retrieve all risk policies.","type":"text/plain"},"url":{"path":["group",":groupid","riskPolicy"],"host":["{{baseUrl}}"],"query":[],"variable":[{"disabled":false,"type":"any","value":"<string>","key":"groupid","description":"(Required) "}]},"header":[{"key":"Accept","value":"text/plain"}],"method":"GET","auth":null},"response":[{"id":"c06df215-2522-44ff-981a-9ecb7fa320fe","name":"OK","originalRequest":{"url":{"path":["group",":groupid","riskPolicy"],"host":["{{baseUrl}}"],"query":[],"variable":[{"disabled":false,"type":"any","value":"<string>","key":"groupid","description":"(Required) "}]},"header":[{"key":"Accept","value":"text/plain"}],"method":"GET","body":{}},"status":"OK","code":200,"header":[{"key":"Content-Type","value":"text/plain"}],"body":"","cookie":[],"_postman_previewlanguage":"text"},{"id":"07873a06-4179-4cea-b63b-6bdb8e307dbf","name":"The request cannot be validated.","originalRequest":{"url":{"path":["group",":groupid","riskPolicy"],"host":["{{baseUrl}}"],"query":[],"variable":[{"disabled":false,"type":"any","value":"<string>","key":"groupid","description":"(Required) "}]},"header":[{"key":"Accept","value":"application/json"}],"method":"GET","body":{}},"status":"Bad Request","code":400,"header":[{"key":"Content-Type","value":"application/json"}],"body":"{\n  \"code\": \"10008\",\n  \"message\": \"Invalid Authid\",\n  \"traceId\": \"7027b61dbf7645399d204dbfa0de0870\",\n  \"timestamp\": \"2022-06-24-15.30.20\"\n}","cookie":[],"_postman_previewlanguage":"json"},{"id":"d77e1c9d-a78a-46d6-9cc2-1250fef0f973","name":"The request was unauthorized.","originalRequest":{"url":{"path":["group",":groupid","riskPolicy"],"host":["{{baseUrl}}"],"query":[],"variable":[{"disabled":false,"type":"any","value":"<string>","key":"groupid","description":"(Required) "}]},"header":[{"key":"Accept","value":"application/json"}],"method":"GET","body":{}},"status":"Unauthorized","code":401,"header":[{"key":"Content-Type","value":"application/json"}],"body":"{\n  \"code\": \"10001\",\n  \"message\": \"Access token has expired\",\n  \"traceId\": \"7027b61dbf7645399d204dbfa0de0870\",\n  \"timestamp\": \"2022-06-24-15.30.20\"\n}","cookie":[],"_postman_previewlanguage":"json"},{"id":"a34893dd-5c2c-4dbd-83b7-68921674a2a4","name":"The requested resource does not exist.","originalRequest":{"url":{"path":["group",":groupid","riskPolicy"],"host":["{{baseUrl}}"],"query":[],"variable":[{"disabled":false,"type":"any","value":"<string>","key":"groupid","description":"(Required) "}]},"header":[{"key":"Accept","value":"application/json"}],"method":"GET","body":{}},"status":"Not Found","code":404,"header":[{"key":"Content-Type","value":"application/json"}],"body":"{\n  \"code\": \"10003\",\n  \"message\": \"User not found, please check the username\",\n  \"traceId\": \"7027b61dbf7645399d204dbfa0de0870\",\n  \"timestamp\": \"2022-06-24-15.30.20\"\n}","cookie":[],"_postman_previewlanguage":"json"},{"id":"a75ff7af-2c0b-442f-8a7a-8f04e70858b2","name":"An unexpected internal server error occurred.","originalRequest":{"url":{"path":["group",":groupid","riskPolicy"],"host":["{{baseUrl}}"],"query":[],"variable":[{"disabled":false,"type":"any","value":"<string>","key":"groupid","description":"(Required) "}]},"header":[{"key":"Accept","value":"application/json"}],"method":"GET","body":{}},"status":"Internal Server Error","code":500,"header":[{"key":"Content-Type","value":"application/json"}],"body":"{\n  \"code\": \"10010\",\n  \"message\": \"An unexpected internal server error occurred. Try again later\",\n  \"traceId\": \"7027b61dbf7645399d204dbfa0de0870\",\n  \"timestamp\": \"2022-06-24-15.30.20\"\n}","cookie":[],"_postman_previewlanguage":"json"}],"event":[],"protocolProfileBehavior":{"disableBodyPruning":true}},{"id":"f4dc83fe-cd00-4231-854c-781477e4aa82","name":"{policyId}","item":[{"id":"d55a0218-e02c-4847-9d78-5703e1ed2d1e","name":"Read a Risk Policy by policy Id","request":{"name":"Read a Risk Policy by policy Id","description":{"content":"Use this API to retrieve a policy using the policy Id.","type":"text/plain"},"url":{"path":["group",":groupid","riskPolicy",":policyId"],"host":["{{baseUrl}}"],"query":[],"variable":[{"disabled":false,"type":"any","value":"<string>","key":"policyId","description":"(Required) "},{"disabled":false,"type":"any","value":"<string>","key":"groupid","description":"(Required) "}]},"header":[{"key":"Accept","value":"text/plain"}],"method":"GET","auth":null},"response":[{"id":"30562b66-6a3e-49ce-a71f-401e262a06f9","name":"OK","originalRequest":{"url":{"path":["group",":groupid","riskPolicy",":policyId"],"host":["{{baseUrl}}"],"query":[],"variable":[{"disabled":false,"type":"any","value":"<string>","key":"policyId","description":"(Required) "},{"disabled":false,"type":"any","value":"<string>","key":"groupid","description":"(Required) "}]},"header":[{"key":"Accept","value":"text/plain"}],"method":"GET","body":{}},"status":"OK","code":200,"header":[{"key":"Content-Type","value":"text/plain"}],"body":"","cookie":[],"_postman_previewlanguage":"text"},{"id":"d1509d7d-62ce-471a-94e4-bd3effd01229","name":"The request cannot be validated.","originalRequest":{"url":{"path":["group",":groupid","riskPolicy",":policyId"],"host":["{{baseUrl}}"],"query":[],"variable":[{"disabled":false,"type":"any","value":"<string>","key":"policyId","description":"(Required) "},{"disabled":false,"type":"any","value":"<string>","key":"groupid","description":"(Required) "}]},"header":[{"key":"Accept","value":"application/json"}],"method":"GET","body":{}},"status":"Bad Request","code":400,"header":[{"key":"Content-Type","value":"application/json"}],"body":"{\n  \"code\": \"10008\",\n  \"message\": \"Invalid Authid\",\n  \"traceId\": \"7027b61dbf7645399d204dbfa0de0870\",\n  \"timestamp\": \"2022-06-24-15.30.20\"\n}","cookie":[],"_postman_previewlanguage":"json"},{"id":"d0628fe4-b64d-46ef-89dd-89b89cdbd111","name":"The request was unauthorized.","originalRequest":{"url":{"path":["group",":groupid","riskPolicy",":policyId"],"host":["{{baseUrl}}"],"query":[],"variable":[{"disabled":false,"type":"any","value":"<string>","key":"policyId","description":"(Required) "},{"disabled":false,"type":"any","value":"<string>","key":"groupid","description":"(Required) "}]},"header":[{"key":"Accept","value":"application/json"}],"method":"GET","body":{}},"status":"Unauthorized","code":401,"header":[{"key":"Content-Type","value":"application/json"}],"body":"{\n  \"code\": \"10001\",\n  \"message\": \"Access token has expired\",\n  \"traceId\": \"7027b61dbf7645399d204dbfa0de0870\",\n  \"timestamp\": \"2022-06-24-15.30.20\"\n}","cookie":[],"_postman_previewlanguage":"json"},{"id":"a0610a39-cb14-4166-b989-161db9a7cdb3","name":"The requested resource does not exist.","originalRequest":{"url":{"path":["group",":groupid","riskPolicy",":policyId"],"host":["{{baseUrl}}"],"query":[],"variable":[{"disabled":false,"type":"any","value":"<string>","key":"policyId","description":"(Required) "},{"disabled":false,"type":"any","value":"<string>","key":"groupid","description":"(Required) "}]},"header":[{"key":"Accept","value":"application/json"}],"method":"GET","body":{}},"status":"Not Found","code":404,"header":[{"key":"Content-Type","value":"application/json"}],"body":"{\n  \"code\": \"10003\",\n  \"message\": \"User not found, please check the username\",\n  \"traceId\": \"7027b61dbf7645399d204dbfa0de0870\",\n  \"timestamp\": \"2022-06-24-15.30.20\"\n}","cookie":[],"_postman_previewlanguage":"json"},{"id":"ae700351-f9d7-4953-9756-7bace092bc9e","name":"An unexpected internal server error occurred.","originalRequest":{"url":{"path":["group",":groupid","riskPolicy",":policyId"],"host":["{{baseUrl}}"],"query":[],"variable":[{"disabled":false,"type":"any","value":"<string>","key":"policyId","description":"(Required) "},{"disabled":false,"type":"any","value":"<string>","key":"groupid","description":"(Required) "}]},"header":[{"key":"Accept","value":"application/json"}],"method":"GET","body":{}},"status":"Internal Server Error","code":500,"header":[{"key":"Content-Type","value":"application/json"}],"body":"{\n  \"code\": \"10010\",\n  \"message\": \"An unexpected internal server error occurred. Try again later\",\n  \"traceId\": \"7027b61dbf7645399d204dbfa0de0870\",\n  \"timestamp\": \"2022-06-24-15.30.20\"\n}","cookie":[],"_postman_previewlanguage":"json"}],"event":[],"protocolProfileBehavior":{"disableBodyPruning":true}},{"id":"698c8bc6-e524-418d-91c2-e624261bf697","name":"Update the Risk Policy using policy Id","request":{"name":"Update the Risk Policy using policy Id","description":{"content":"Use this API to update the risk policy.","type":"text/plain"},"url":{"path":["group",":groupid","riskPolicy",":policyId"],"host":["{{baseUrl}}"],"query":[],"variable":[{"disabled":false,"type":"any","value":"<string>","key":"policyId","description":"(Required) "},{"disabled":false,"type":"any","value":"<string>","key":"groupid","description":"(Required) "}]},"header":[{"key":"Content-Type","value":"application/json"},{"key":"Accept","value":"text/plain"}],"method":"PUT","auth":null,"body":{"mode":"raw","raw":"{\n  \"id\": \"<string>\",\n  \"appID\": \"<string>\",\n  \"weightBasedPolicy\": \"<boolean>\",\n  \"defaultRiskLevel\": \"<string>\",\n  \"overriddenPredictors\": [\n    {\n      \"name\": \"<string>\",\n      \"resultLevel\": \"<string>\",\n      \"condition\": \"<string>\",\n      \"score\": \"<long>\",\n      \"ipRange\": [\n        \"<string>\",\n        \"<string>\"\n      ]\n    },\n    {\n      \"name\": \"<string>\",\n      \"resultLevel\": \"<string>\",\n      \"condition\": \"<string>\",\n      \"score\": \"<long>\",\n      \"ipRange\": [\n        \"<string>\",\n        \"<string>\"\n      ]\n    }\n  ],\n  \"aggregatedPredictors\": [\n    {\n      \"name\": \"<string>\",\n      \"resultLevel\": \"<string>\",\n      \"condition\": \"<string>\",\n      \"score\": \"<long>\",\n      \"ipRange\": [\n        \"<string>\",\n        \"<string>\"\n      ]\n    },\n    {\n      \"name\": \"<string>\",\n      \"resultLevel\": \"<string>\",\n      \"condition\": \"<string>\",\n      \"score\": \"<long>\",\n      \"ipRange\": [\n        \"<string>\",\n        \"<string>\"\n      ]\n    }\n  ],\n  \"minMaxScoresPerRiskLevel\": [\n    {\n      \"riskLevel\": \"<string>\",\n      \"minScore\": \"<long>\",\n      \"maxScore\": \"<long>\"\n    },\n    {\n      \"riskLevel\": \"<string>\",\n      \"minScore\": \"<long>\",\n      \"maxScore\": \"<long>\"\n    }\n  ]\n}","options":{"raw":{"language":"json"}}}},"response":[{"id":"e7660262-a692-400c-8b22-ea6439ca272d","name":"OK","originalRequest":{"url":{"path":["group",":groupid","riskPolicy",":policyId"],"host":["{{baseUrl}}"],"query":[],"variable":[{"disabled":false,"type":"any","value":"<string>","key":"policyId","description":"(Required) "},{"disabled":false,"type":"any","value":"<string>","key":"groupid","description":"(Required) "}]},"header":[{"key":"Accept","value":"text/plain"}],"method":"PUT","body":{"mode":"raw","raw":"{\n  \"id\": \"<string>\",\n  \"appID\": \"<string>\",\n  \"weightBasedPolicy\": \"<boolean>\",\n  \"defaultRiskLevel\": \"<string>\",\n  \"overriddenPredictors\": [\n    {\n      \"name\": \"<string>\",\n      \"resultLevel\": \"<string>\",\n      \"condition\": \"<string>\",\n      \"score\": \"<long>\",\n      \"ipRange\": [\n        \"<string>\",\n        \"<string>\"\n      ]\n    },\n    {\n      \"name\": \"<string>\",\n      \"resultLevel\": \"<string>\",\n      \"condition\": \"<string>\",\n      \"score\": \"<long>\",\n      \"ipRange\": [\n        \"<string>\",\n        \"<string>\"\n      ]\n    }\n  ],\n  \"aggregatedPredictors\": [\n    {\n      \"name\": \"<string>\",\n      \"resultLevel\": \"<string>\",\n      \"condition\": \"<string>\",\n      \"score\": \"<long>\",\n      \"ipRange\": [\n        \"<string>\",\n        \"<string>\"\n      ]\n    },\n    {\n      \"name\": \"<string>\",\n      \"resultLevel\": \"<string>\",\n      \"condition\": \"<string>\",\n      \"score\": \"<long>\",\n      \"ipRange\": [\n        \"<string>\",\n        \"<string>\"\n      ]\n    }\n  ],\n  \"minMaxScoresPerRiskLevel\": [\n    {\n      \"riskLevel\": \"<string>\",\n      \"minScore\": \"<long>\",\n      \"maxScore\": \"<long>\"\n    },\n    {\n      \"riskLevel\": \"<string>\",\n      \"minScore\": \"<long>\",\n      \"maxScore\": \"<long>\"\n    }\n  ]\n}","options":{"raw":{"language":"json"}}}},"status":"OK","code":200,"header":[{"key":"Content-Type","value":"text/plain"}],"body":"","cookie":[],"_postman_previewlanguage":"text"},{"id":"befa68fc-393c-4e9d-bb86-d35048a4d46b","name":"The request cannot be validated.","originalRequest":{"url":{"path":["group",":groupid","riskPolicy",":policyId"],"host":["{{baseUrl}}"],"query":[],"variable":[{"disabled":false,"type":"any","value":"<string>","key":"policyId","description":"(Required) "},{"disabled":false,"type":"any","value":"<string>","key":"groupid","description":"(Required) "}]},"header":[{"key":"Accept","value":"application/json"}],"method":"PUT","body":{"mode":"raw","raw":"{\n  \"id\": \"<string>\",\n  \"appID\": \"<string>\",\n  \"weightBasedPolicy\": \"<boolean>\",\n  \"defaultRiskLevel\": \"<string>\",\n  \"overriddenPredictors\": [\n    {\n      \"name\": \"<string>\",\n      \"resultLevel\": \"<string>\",\n      \"condition\": \"<string>\",\n      \"score\": \"<long>\",\n      \"ipRange\": [\n        \"<string>\",\n        \"<string>\"\n      ]\n    },\n    {\n      \"name\": \"<string>\",\n      \"resultLevel\": \"<string>\",\n      \"condition\": \"<string>\",\n      \"score\": \"<long>\",\n      \"ipRange\": [\n        \"<string>\",\n        \"<string>\"\n      ]\n    }\n  ],\n  \"aggregatedPredictors\": [\n    {\n      \"name\": \"<string>\",\n      \"resultLevel\": \"<string>\",\n      \"condition\": \"<string>\",\n      \"score\": \"<long>\",\n      \"ipRange\": [\n        \"<string>\",\n        \"<string>\"\n      ]\n    },\n    {\n      \"name\": \"<string>\",\n      \"resultLevel\": \"<string>\",\n      \"condition\": \"<string>\",\n      \"score\": \"<long>\",\n      \"ipRange\": [\n        \"<string>\",\n        \"<string>\"\n      ]\n    }\n  ],\n  \"minMaxScoresPerRiskLevel\": [\n    {\n      \"riskLevel\": \"<string>\",\n      \"minScore\": \"<long>\",\n      \"maxScore\": \"<long>\"\n    },\n    {\n      \"riskLevel\": \"<string>\",\n      \"minScore\": \"<long>\",\n      \"maxScore\": \"<long>\"\n    }\n  ]\n}","options":{"raw":{"language":"json"}}}},"status":"Bad Request","code":400,"header":[{"key":"Content-Type","value":"application/json"}],"body":"{\n  \"code\": \"10008\",\n  \"message\": \"Invalid Authid\",\n  \"traceId\": \"7027b61dbf7645399d204dbfa0de0870\",\n  \"timestamp\": \"2022-06-24-15.30.20\"\n}","cookie":[],"_postman_previewlanguage":"json"},{"id":"283b1d62-d9c6-4af8-849b-03bfc1acd8c2","name":"The request was unauthorized.","originalRequest":{"url":{"path":["group",":groupid","riskPolicy",":policyId"],"host":["{{baseUrl}}"],"query":[],"variable":[{"disabled":false,"type":"any","value":"<string>","key":"policyId","description":"(Required) "},{"disabled":false,"type":"any","value":"<string>","key":"groupid","description":"(Required) "}]},"header":[{"key":"Accept","value":"application/json"}],"method":"PUT","body":{"mode":"raw","raw":"{\n  \"id\": \"<string>\",\n  \"appID\": \"<string>\",\n  \"weightBasedPolicy\": \"<boolean>\",\n  \"defaultRiskLevel\": \"<string>\",\n  \"overriddenPredictors\": [\n    {\n      \"name\": \"<string>\",\n      \"resultLevel\": \"<string>\",\n      \"condition\": \"<string>\",\n      \"score\": \"<long>\",\n      \"ipRange\": [\n        \"<string>\",\n        \"<string>\"\n      ]\n    },\n    {\n      \"name\": \"<string>\",\n      \"resultLevel\": \"<string>\",\n      \"condition\": \"<string>\",\n      \"score\": \"<long>\",\n      \"ipRange\": [\n        \"<string>\",\n        \"<string>\"\n      ]\n    }\n  ],\n  \"aggregatedPredictors\": [\n    {\n      \"name\": \"<string>\",\n      \"resultLevel\": \"<string>\",\n      \"condition\": \"<string>\",\n      \"score\": \"<long>\",\n      \"ipRange\": [\n        \"<string>\",\n        \"<string>\"\n      ]\n    },\n    {\n      \"name\": \"<string>\",\n      \"resultLevel\": \"<string>\",\n      \"condition\": \"<string>\",\n      \"score\": \"<long>\",\n      \"ipRange\": [\n        \"<string>\",\n        \"<string>\"\n      ]\n    }\n  ],\n  \"minMaxScoresPerRiskLevel\": [\n    {\n      \"riskLevel\": \"<string>\",\n      \"minScore\": \"<long>\",\n      \"maxScore\": \"<long>\"\n    },\n    {\n      \"riskLevel\": \"<string>\",\n      \"minScore\": \"<long>\",\n      \"maxScore\": \"<long>\"\n    }\n  ]\n}","options":{"raw":{"language":"json"}}}},"status":"Unauthorized","code":401,"header":[{"key":"Content-Type","value":"application/json"}],"body":"{\n  \"code\": \"10001\",\n  \"message\": \"Access token has expired\",\n  \"traceId\": \"7027b61dbf7645399d204dbfa0de0870\",\n  \"timestamp\": \"2022-06-24-15.30.20\"\n}","cookie":[],"_postman_previewlanguage":"json"},{"id":"1f8d07fb-5a23-481f-8477-a40b09700345","name":"The requested resource does not exist.","originalRequest":{"url":{"path":["group",":groupid","riskPolicy",":policyId"],"host":["{{baseUrl}}"],"query":[],"variable":[{"disabled":false,"type":"any","value":"<string>","key":"policyId","description":"(Required) "},{"disabled":false,"type":"any","value":"<string>","key":"groupid","description":"(Required) "}]},"header":[{"key":"Accept","value":"application/json"}],"method":"PUT","body":{"mode":"raw","raw":"{\n  \"id\": \"<string>\",\n  \"appID\": \"<string>\",\n  \"weightBasedPolicy\": \"<boolean>\",\n  \"defaultRiskLevel\": \"<string>\",\n  \"overriddenPredictors\": [\n    {\n      \"name\": \"<string>\",\n      \"resultLevel\": \"<string>\",\n      \"condition\": \"<string>\",\n      \"score\": \"<long>\",\n      \"ipRange\": [\n        \"<string>\",\n        \"<string>\"\n      ]\n    },\n    {\n      \"name\": \"<string>\",\n      \"resultLevel\": \"<string>\",\n      \"condition\": \"<string>\",\n      \"score\": \"<long>\",\n      \"ipRange\": [\n        \"<string>\",\n        \"<string>\"\n      ]\n    }\n  ],\n  \"aggregatedPredictors\": [\n    {\n      \"name\": \"<string>\",\n      \"resultLevel\": \"<string>\",\n      \"condition\": \"<string>\",\n      \"score\": \"<long>\",\n      \"ipRange\": [\n        \"<string>\",\n        \"<string>\"\n      ]\n    },\n    {\n      \"name\": \"<string>\",\n      \"resultLevel\": \"<string>\",\n      \"condition\": \"<string>\",\n      \"score\": \"<long>\",\n      \"ipRange\": [\n        \"<string>\",\n        \"<string>\"\n      ]\n    }\n  ],\n  \"minMaxScoresPerRiskLevel\": [\n    {\n      \"riskLevel\": \"<string>\",\n      \"minScore\": \"<long>\",\n      \"maxScore\": \"<long>\"\n    },\n    {\n      \"riskLevel\": \"<string>\",\n      \"minScore\": \"<long>\",\n      \"maxScore\": \"<long>\"\n    }\n  ]\n}","options":{"raw":{"language":"json"}}}},"status":"Not Found","code":404,"header":[{"key":"Content-Type","value":"application/json"}],"body":"{\n  \"code\": \"10003\",\n  \"message\": \"User not found, please check the username\",\n  \"traceId\": \"7027b61dbf7645399d204dbfa0de0870\",\n  \"timestamp\": \"2022-06-24-15.30.20\"\n}","cookie":[],"_postman_previewlanguage":"json"},{"id":"827fb741-18e5-4af4-a002-568910426f17","name":"An unexpected internal server error occurred.","originalRequest":{"url":{"path":["group",":groupid","riskPolicy",":policyId"],"host":["{{baseUrl}}"],"query":[],"variable":[{"disabled":false,"type":"any","value":"<string>","key":"policyId","description":"(Required) "},{"disabled":false,"type":"any","value":"<string>","key":"groupid","description":"(Required) "}]},"header":[{"key":"Accept","value":"application/json"}],"method":"PUT","body":{"mode":"raw","raw":"{\n  \"id\": \"<string>\",\n  \"appID\": \"<string>\",\n  \"weightBasedPolicy\": \"<boolean>\",\n  \"defaultRiskLevel\": \"<string>\",\n  \"overriddenPredictors\": [\n    {\n      \"name\": \"<string>\",\n      \"resultLevel\": \"<string>\",\n      \"condition\": \"<string>\",\n      \"score\": \"<long>\",\n      \"ipRange\": [\n        \"<string>\",\n        \"<string>\"\n      ]\n    },\n    {\n      \"name\": \"<string>\",\n      \"resultLevel\": \"<string>\",\n      \"condition\": \"<string>\",\n      \"score\": \"<long>\",\n      \"ipRange\": [\n        \"<string>\",\n        \"<string>\"\n      ]\n    }\n  ],\n  \"aggregatedPredictors\": [\n    {\n      \"name\": \"<string>\",\n      \"resultLevel\": \"<string>\",\n      \"condition\": \"<string>\",\n      \"score\": \"<long>\",\n      \"ipRange\": [\n        \"<string>\",\n        \"<string>\"\n      ]\n    },\n    {\n      \"name\": \"<string>\",\n      \"resultLevel\": \"<string>\",\n      \"condition\": \"<string>\",\n      \"score\": \"<long>\",\n      \"ipRange\": [\n        \"<string>\",\n        \"<string>\"\n      ]\n    }\n  ],\n  \"minMaxScoresPerRiskLevel\": [\n    {\n      \"riskLevel\": \"<string>\",\n      \"minScore\": \"<long>\",\n      \"maxScore\": \"<long>\"\n    },\n    {\n      \"riskLevel\": \"<string>\",\n      \"minScore\": \"<long>\",\n      \"maxScore\": \"<long>\"\n    }\n  ]\n}","options":{"raw":{"language":"json"}}}},"status":"Internal Server Error","code":500,"header":[{"key":"Content-Type","value":"application/json"}],"body":"{\n  \"code\": \"10010\",\n  \"message\": \"An unexpected internal server error occurred. Try again later\",\n  \"traceId\": \"7027b61dbf7645399d204dbfa0de0870\",\n  \"timestamp\": \"2022-06-24-15.30.20\"\n}","cookie":[],"_postman_previewlanguage":"json"}],"event":[],"protocolProfileBehavior":{"disableBodyPruning":true}},{"id":"728bdbd6-debc-49cc-b1a5-86073718383f","name":"Delete a Risk Policy by policy Id","request":{"name":"Delete a Risk Policy by policy Id","description":{"content":"Use this API to delete a risk policy using the policy Id.","type":"text/plain"},"url":{"path":["group",":groupid","riskPolicy",":policyId"],"host":["{{baseUrl}}"],"query":[],"variable":[{"disabled":false,"type":"any","value":"<string>","key":"policyId","description":"(Required) "},{"disabled":false,"type":"any","value":"<string>","key":"groupid","description":"(Required) "}]},"header":[{"key":"Accept","value":"application/json"}],"method":"DELETE","auth":null},"response":[{"id":"a2bbca46-8da8-4f1c-89ed-2c168fb7e4c4","name":"No Content","originalRequest":{"url":{"path":["group",":groupid","riskPolicy",":policyId"],"host":["{{baseUrl}}"],"query":[],"variable":[{"disabled":false,"type":"any","value":"<string>","key":"policyId","description":"(Required) "},{"disabled":false,"type":"any","value":"<string>","key":"groupid","description":"(Required) "}]},"method":"DELETE","body":{}},"status":"No Content","code":204,"header":[{"key":"Content-Type","value":"text/plain"}],"body":"","cookie":[],"_postman_previewlanguage":"text"},{"id":"f9581c2b-b2a8-491e-87c2-c2cdb3507c0c","name":"The request cannot be validated.","originalRequest":{"url":{"path":["group",":groupid","riskPolicy",":policyId"],"host":["{{baseUrl}}"],"query":[],"variable":[{"disabled":false,"type":"any","value":"<string>","key":"policyId","description":"(Required) "},{"disabled":false,"type":"any","value":"<string>","key":"groupid","description":"(Required) "}]},"header":[{"key":"Accept","value":"application/json"}],"method":"DELETE","body":{}},"status":"Bad Request","code":400,"header":[{"key":"Content-Type","value":"application/json"}],"body":"{\n  \"code\": \"10008\",\n  \"message\": \"Invalid Authid\",\n  \"traceId\": \"7027b61dbf7645399d204dbfa0de0870\",\n  \"timestamp\": \"2022-06-24-15.30.20\"\n}","cookie":[],"_postman_previewlanguage":"json"},{"id":"8b33d88a-5934-443f-8c5f-d40c490bed07","name":"The request was unauthorized.","originalRequest":{"url":{"path":["group",":groupid","riskPolicy",":policyId"],"host":["{{baseUrl}}"],"query":[],"variable":[{"disabled":false,"type":"any","value":"<string>","key":"policyId","description":"(Required) "},{"disabled":false,"type":"any","value":"<string>","key":"groupid","description":"(Required) "}]},"header":[{"key":"Accept","value":"application/json"}],"method":"DELETE","body":{}},"status":"Unauthorized","code":401,"header":[{"key":"Content-Type","value":"application/json"}],"body":"{\n  \"code\": \"10001\",\n  \"message\": \"Access token has expired\",\n  \"traceId\": \"7027b61dbf7645399d204dbfa0de0870\",\n  \"timestamp\": \"2022-06-24-15.30.20\"\n}","cookie":[],"_postman_previewlanguage":"json"},{"id":"4f97577d-d048-4e97-a3a2-175426d39902","name":"The requested resource does not exist.","originalRequest":{"url":{"path":["group",":groupid","riskPolicy",":policyId"],"host":["{{baseUrl}}"],"query":[],"variable":[{"disabled":false,"type":"any","value":"<string>","key":"policyId","description":"(Required) "},{"disabled":false,"type":"any","value":"<string>","key":"groupid","description":"(Required) "}]},"header":[{"key":"Accept","value":"application/json"}],"method":"DELETE","body":{}},"status":"Not Found","code":404,"header":[{"key":"Content-Type","value":"application/json"}],"body":"{\n  \"code\": \"10003\",\n  \"message\": \"User not found, please check the username\",\n  \"traceId\": \"7027b61dbf7645399d204dbfa0de0870\",\n  \"timestamp\": \"2022-06-24-15.30.20\"\n}","cookie":[],"_postman_previewlanguage":"json"},{"id":"03d13518-42a5-437a-8dab-a25a8bd9aa5d","name":"An unexpected internal server error occurred.","originalRequest":{"url":{"path":["group",":groupid","riskPolicy",":policyId"],"host":["{{baseUrl}}"],"query":[],"variable":[{"disabled":false,"type":"any","value":"<string>","key":"policyId","description":"(Required) "},{"disabled":false,"type":"any","value":"<string>","key":"groupid","description":"(Required) "}]},"header":[{"key":"Accept","value":"application/json"}],"method":"DELETE","body":{}},"status":"Internal Server Error","code":500,"header":[{"key":"Content-Type","value":"application/json"}],"body":"{\n  \"code\": \"10010\",\n  \"message\": \"An unexpected internal server error occurred. Try again later\",\n  \"traceId\": \"7027b61dbf7645399d204dbfa0de0870\",\n  \"timestamp\": \"2022-06-24-15.30.20\"\n}","cookie":[],"_postman_previewlanguage":"json"}],"event":[],"protocolProfileBehavior":{"disableBodyPruning":true}}],"event":[]}],"event":[]}],"event":[],"variable":[{"type":"string","value":"https://ciam-mfa-api-dev.1dc.com/app-reg/v1","key":"baseUrl"}],"info":{"_postman_id":"767c64d4-3b5c-4b01-b294-0d7b740ae79c","name":"CIAM Admin API","schema":"https://schema.getpostman.com/json/collection/v2.1.0/collection.json","description":{"content":"This API Specification is designed to provide technical guidance required to consume and integrate with our APIs.","type":"text/plain"}}}