{"item":[{"id":"d7a0d8ba-e7cc-4c65-b631-9cce56e56ce2","name":"App registration Admin Risk","request":{"name":"App registration Admin Risk","description":{"content":"Use this API for admin app reg admin.","type":"text/plain"},"url":{"path":["app-reg","admin","v1","registerapp"],"host":["{{baseUrl}}"],"query":[],"variable":[]},"header":[{"key":"Content-Type","value":"application/json"},{"key":"Accept","value":"text/plain"}],"method":"POST","auth":null,"body":{"mode":"raw","raw":"{\n  \"apm\": \"<string>\",\n  \"appName\": \"<string>\",\n  \"uaid\": \"<string>\",\n  \"id\": \"<string>\",\n  \"name\": \"<string>\",\n  \"maxUsers\": \"<string>\",\n  \"owner\": \"<string>\",\n  \"enableCIAMRiskServices\": \"<boolean>\",\n  \"buGroupId\": \"<string>\",\n  \"customCIAMRiskPolicy\": \"<string>\"\n}","options":{"raw":{"language":"json"}}}},"response":[{"id":"a8d0a9e7-8c04-4a04-ad4d-bb3097b6cca7","name":"CREATED","originalRequest":{"url":{"path":["app-reg","admin","v1","registerapp"],"host":["{{baseUrl}}"],"query":[],"variable":[]},"header":[{"key":"Accept","value":"text/plain"}],"method":"POST","body":{"mode":"raw","raw":"{\n  \"apm\": \"<string>\",\n  \"appName\": \"<string>\",\n  \"uaid\": \"<string>\",\n  \"id\": \"<string>\",\n  \"name\": \"<string>\",\n  \"maxUsers\": \"<string>\",\n  \"owner\": \"<string>\",\n  \"enableCIAMRiskServices\": \"<boolean>\",\n  \"buGroupId\": \"<string>\",\n  \"customCIAMRiskPolicy\": \"<string>\"\n}","options":{"raw":{"language":"json"}}}},"status":"Created","code":201,"header":[{"key":"Content-Type","value":"text/plain"}],"body":"","cookie":[],"_postman_previewlanguage":"text"},{"id":"d2f965db-1319-471e-a064-bd0cb66b83e1","name":"The request cannot be validated.","originalRequest":{"url":{"path":["app-reg","admin","v1","registerapp"],"host":["{{baseUrl}}"],"query":[],"variable":[]},"header":[{"key":"Accept","value":"application/json"}],"method":"POST","body":{"mode":"raw","raw":"{\n  \"apm\": \"<string>\",\n  \"appName\": \"<string>\",\n  \"uaid\": \"<string>\",\n  \"id\": \"<string>\",\n  \"name\": \"<string>\",\n  \"maxUsers\": \"<string>\",\n  \"owner\": \"<string>\",\n  \"enableCIAMRiskServices\": \"<boolean>\",\n  \"buGroupId\": \"<string>\",\n  \"customCIAMRiskPolicy\": \"<string>\"\n}","options":{"raw":{"language":"json"}}}},"status":"Bad Request","code":400,"header":[{"key":"Content-Type","value":"application/json"}],"body":"{\n  \"code\": \"10008\",\n  \"message\": \"Invalid Authid\",\n  \"traceId\": \"7027b61dbf7645399d204dbfa0de0870\",\n  \"timestamp\": \"2022-06-24-15.30.20\"\n}","cookie":[],"_postman_previewlanguage":"json"},{"id":"4b273a40-c0fe-4f76-9728-2e3c9b7351b1","name":"The request was unauthorized.","originalRequest":{"url":{"path":["app-reg","admin","v1","registerapp"],"host":["{{baseUrl}}"],"query":[],"variable":[]},"header":[{"key":"Accept","value":"application/json"}],"method":"POST","body":{"mode":"raw","raw":"{\n  \"apm\": \"<string>\",\n  \"appName\": \"<string>\",\n  \"uaid\": \"<string>\",\n  \"id\": \"<string>\",\n  \"name\": \"<string>\",\n  \"maxUsers\": \"<string>\",\n  \"owner\": \"<string>\",\n  \"enableCIAMRiskServices\": \"<boolean>\",\n  \"buGroupId\": \"<string>\",\n  \"customCIAMRiskPolicy\": \"<string>\"\n}","options":{"raw":{"language":"json"}}}},"status":"Unauthorized","code":401,"header":[{"key":"Content-Type","value":"application/json"}],"body":"{\n  \"code\": \"10001\",\n  \"message\": \"Access token has expired\",\n  \"traceId\": \"7027b61dbf7645399d204dbfa0de0870\",\n  \"timestamp\": \"2022-06-24-15.30.20\"\n}","cookie":[],"_postman_previewlanguage":"json"},{"id":"c6bd73c0-4e81-4d4a-abc5-f725431c2fa1","name":"The requested resource does not exist.","originalRequest":{"url":{"path":["app-reg","admin","v1","registerapp"],"host":["{{baseUrl}}"],"query":[],"variable":[]},"header":[{"key":"Accept","value":"application/json"}],"method":"POST","body":{"mode":"raw","raw":"{\n  \"apm\": \"<string>\",\n  \"appName\": \"<string>\",\n  \"uaid\": \"<string>\",\n  \"id\": \"<string>\",\n  \"name\": \"<string>\",\n  \"maxUsers\": \"<string>\",\n  \"owner\": \"<string>\",\n  \"enableCIAMRiskServices\": \"<boolean>\",\n  \"buGroupId\": \"<string>\",\n  \"customCIAMRiskPolicy\": \"<string>\"\n}","options":{"raw":{"language":"json"}}}},"status":"Not Found","code":404,"header":[{"key":"Content-Type","value":"application/json"}],"body":"{\n  \"code\": \"10003\",\n  \"message\": \"User not found, please check the username\",\n  \"traceId\": \"7027b61dbf7645399d204dbfa0de0870\",\n  \"timestamp\": \"2022-06-24-15.30.20\"\n}","cookie":[],"_postman_previewlanguage":"json"},{"id":"fe39e94a-c9a8-4fcd-adc8-78e501ea8b34","name":"An unexpected internal server error occurred.","originalRequest":{"url":{"path":["app-reg","admin","v1","registerapp"],"host":["{{baseUrl}}"],"query":[],"variable":[]},"header":[{"key":"Accept","value":"application/json"}],"method":"POST","body":{"mode":"raw","raw":"{\n  \"apm\": \"<string>\",\n  \"appName\": \"<string>\",\n  \"uaid\": \"<string>\",\n  \"id\": \"<string>\",\n  \"name\": \"<string>\",\n  \"maxUsers\": \"<string>\",\n  \"owner\": \"<string>\",\n  \"enableCIAMRiskServices\": \"<boolean>\",\n  \"buGroupId\": \"<string>\",\n  \"customCIAMRiskPolicy\": \"<string>\"\n}","options":{"raw":{"language":"json"}}}},"status":"Internal Server Error","code":500,"header":[{"key":"Content-Type","value":"application/json"}],"body":"{\n  \"code\": \"10010\",\n  \"message\": \"An unexpected internal server error occurred. Try again later\",\n  \"traceId\": \"7027b61dbf7645399d204dbfa0de0870\",\n  \"timestamp\": \"2022-06-24-15.30.20\"\n}","cookie":[],"_postman_previewlanguage":"json"}],"event":[],"protocolProfileBehavior":{"disableBodyPruning":true}},{"id":"aa689b29-62a7-4c84-b6a9-e8f326a95f5a","name":"Onboard the application","request":{"name":"Onboard the application","description":{"content":"Use this API to create a custom risk policy.","type":"text/plain"},"url":{"path":["registerapp"],"host":["{{baseUrl}}"],"query":[],"variable":[]},"header":[{"key":"Content-Type","value":"application/json"},{"key":"Accept","value":"text/plain"}],"method":"POST","auth":null,"body":{"mode":"raw","raw":"{\n  \"apm\": \"<string>\",\n  \"appName\": \"<string>\",\n  \"uaid\": \"<string>\",\n  \"id\": \"<string>\",\n  \"name\": \"<string>\",\n  \"maxUsers\": \"<string>\",\n  \"owner\": \"<string>\"\n}","options":{"raw":{"language":"json"}}}},"response":[{"id":"8b9827b4-2a5b-47d1-acb3-f1d96698af18","name":"CREATED","originalRequest":{"url":{"path":["registerapp"],"host":["{{baseUrl}}"],"query":[],"variable":[]},"header":[{"key":"Accept","value":"text/plain"}],"method":"POST","body":{"mode":"raw","raw":"{\n  \"apm\": \"<string>\",\n  \"appName\": \"<string>\",\n  \"uaid\": \"<string>\",\n  \"id\": \"<string>\",\n  \"name\": \"<string>\",\n  \"maxUsers\": \"<string>\",\n  \"owner\": \"<string>\"\n}","options":{"raw":{"language":"json"}}}},"status":"Created","code":201,"header":[{"key":"Content-Type","value":"text/plain"}],"body":"","cookie":[],"_postman_previewlanguage":"text"},{"id":"b51c2fc6-8fd1-4f7c-8052-6b71eec3b87d","name":"The request cannot be validated.","originalRequest":{"url":{"path":["registerapp"],"host":["{{baseUrl}}"],"query":[],"variable":[]},"header":[{"key":"Accept","value":"application/json"}],"method":"POST","body":{"mode":"raw","raw":"{\n  \"apm\": \"<string>\",\n  \"appName\": \"<string>\",\n  \"uaid\": \"<string>\",\n  \"id\": \"<string>\",\n  \"name\": \"<string>\",\n  \"maxUsers\": \"<string>\",\n  \"owner\": \"<string>\"\n}","options":{"raw":{"language":"json"}}}},"status":"Bad Request","code":400,"header":[{"key":"Content-Type","value":"application/json"}],"body":"{\n  \"code\": \"10008\",\n  \"message\": \"Invalid Authid\",\n  \"traceId\": \"7027b61dbf7645399d204dbfa0de0870\",\n  \"timestamp\": \"2022-06-24-15.30.20\"\n}","cookie":[],"_postman_previewlanguage":"json"},{"id":"f16e23cc-e6b4-4c29-a894-3abffbaedb39","name":"The request was unauthorized.","originalRequest":{"url":{"path":["registerapp"],"host":["{{baseUrl}}"],"query":[],"variable":[]},"header":[{"key":"Accept","value":"application/json"}],"method":"POST","body":{"mode":"raw","raw":"{\n  \"apm\": \"<string>\",\n  \"appName\": \"<string>\",\n  \"uaid\": \"<string>\",\n  \"id\": \"<string>\",\n  \"name\": \"<string>\",\n  \"maxUsers\": \"<string>\",\n  \"owner\": \"<string>\"\n}","options":{"raw":{"language":"json"}}}},"status":"Unauthorized","code":401,"header":[{"key":"Content-Type","value":"application/json"}],"body":"{\n  \"code\": \"10001\",\n  \"message\": \"Access token has expired\",\n  \"traceId\": \"7027b61dbf7645399d204dbfa0de0870\",\n  \"timestamp\": \"2022-06-24-15.30.20\"\n}","cookie":[],"_postman_previewlanguage":"json"},{"id":"65671b39-1313-49d7-aa93-ccde83d6990c","name":"The requested resource does not exist.","originalRequest":{"url":{"path":["registerapp"],"host":["{{baseUrl}}"],"query":[],"variable":[]},"header":[{"key":"Accept","value":"application/json"}],"method":"POST","body":{"mode":"raw","raw":"{\n  \"apm\": \"<string>\",\n  \"appName\": \"<string>\",\n  \"uaid\": \"<string>\",\n  \"id\": \"<string>\",\n  \"name\": \"<string>\",\n  \"maxUsers\": \"<string>\",\n  \"owner\": \"<string>\"\n}","options":{"raw":{"language":"json"}}}},"status":"Not Found","code":404,"header":[{"key":"Content-Type","value":"application/json"}],"body":"{\n  \"code\": \"10003\",\n  \"message\": \"User not found, please check the username\",\n  \"traceId\": \"7027b61dbf7645399d204dbfa0de0870\",\n  \"timestamp\": \"2022-06-24-15.30.20\"\n}","cookie":[],"_postman_previewlanguage":"json"},{"id":"7c5cd7e7-8d61-4d54-9041-e4a829c53f08","name":"An unexpected internal server error occurred.","originalRequest":{"url":{"path":["registerapp"],"host":["{{baseUrl}}"],"query":[],"variable":[]},"header":[{"key":"Accept","value":"application/json"}],"method":"POST","body":{"mode":"raw","raw":"{\n  \"apm\": \"<string>\",\n  \"appName\": \"<string>\",\n  \"uaid\": \"<string>\",\n  \"id\": \"<string>\",\n  \"name\": \"<string>\",\n  \"maxUsers\": \"<string>\",\n  \"owner\": \"<string>\"\n}","options":{"raw":{"language":"json"}}}},"status":"Internal Server Error","code":500,"header":[{"key":"Content-Type","value":"application/json"}],"body":"{\n  \"code\": \"10010\",\n  \"message\": \"An unexpected internal server error occurred. Try again later\",\n  \"traceId\": \"7027b61dbf7645399d204dbfa0de0870\",\n  \"timestamp\": \"2022-06-24-15.30.20\"\n}","cookie":[],"_postman_previewlanguage":"json"}],"event":[],"protocolProfileBehavior":{"disableBodyPruning":true}},{"id":"a541dfb9-d034-4507-a54f-5adff47f8a96","name":"Enable/Disable Risk Services","request":{"name":"Enable/Disable Risk Services","description":{"content":"Use this API to enable/disable risk services.","type":"text/plain"},"url":{"path":["riskService","ServiceAccount",":svcAccount","config"],"host":["{{baseUrl}}"],"query":[],"variable":[{"disabled":false,"type":"any","value":"<string>","key":"svcAccId","description":"(Required) "}]},"header":[{"key":"Content-Type","value":"application/json"},{"key":"Accept","value":"text/plain"}],"method":"PUT","auth":null,"body":{"mode":"raw","raw":"{\n  \"enableRisk\": \"<boolean>\",\n  \"policyID\": \"<string>\"\n}","options":{"raw":{"language":"json"}}}},"response":[{"id":"8dbc1d16-c3be-4ae9-82e2-252bc77479dc","name":"CREATED","originalRequest":{"url":{"path":["riskService","ServiceAccount",":svcAccount","config"],"host":["{{baseUrl}}"],"query":[],"variable":[{"disabled":false,"type":"any","value":"<string>","key":"svcAccId","description":"(Required) "}]},"header":[{"key":"Accept","value":"text/plain"}],"method":"PUT","body":{"mode":"raw","raw":"{\n  \"enableRisk\": \"<boolean>\",\n  \"policyID\": \"<string>\"\n}","options":{"raw":{"language":"json"}}}},"status":"OK","code":200,"header":[{"key":"Content-Type","value":"text/plain"}],"body":"aliquip tempor","cookie":[],"_postman_previewlanguage":"text"},{"id":"17a43014-8960-46b7-a1fb-4a3b3ba79ae5","name":"The request cannot be validated.","originalRequest":{"url":{"path":["riskService","ServiceAccount",":svcAccount","config"],"host":["{{baseUrl}}"],"query":[],"variable":[{"disabled":false,"type":"any","value":"<string>","key":"svcAccId","description":"(Required) "}]},"header":[{"key":"Accept","value":"application/json"}],"method":"PUT","body":{"mode":"raw","raw":"{\n  \"enableRisk\": \"<boolean>\",\n  \"policyID\": \"<string>\"\n}","options":{"raw":{"language":"json"}}}},"status":"Bad Request","code":400,"header":[{"key":"Content-Type","value":"application/json"}],"body":"{\n  \"code\": \"10008\",\n  \"message\": \"Invalid Authid\",\n  \"traceId\": \"7027b61dbf7645399d204dbfa0de0870\",\n  \"timestamp\": \"2022-06-24-15.30.20\"\n}","cookie":[],"_postman_previewlanguage":"json"},{"id":"4320e3f3-3036-4b82-a878-c1f8fcc9933d","name":"The request was unauthorized.","originalRequest":{"url":{"path":["riskService","ServiceAccount",":svcAccount","config"],"host":["{{baseUrl}}"],"query":[],"variable":[{"disabled":false,"type":"any","value":"<string>","key":"svcAccId","description":"(Required) "}]},"header":[{"key":"Accept","value":"application/json"}],"method":"PUT","body":{"mode":"raw","raw":"{\n  \"enableRisk\": \"<boolean>\",\n  \"policyID\": \"<string>\"\n}","options":{"raw":{"language":"json"}}}},"status":"Unauthorized","code":401,"header":[{"key":"Content-Type","value":"application/json"}],"body":"{\n  \"code\": \"10001\",\n  \"message\": \"Access token has expired\",\n  \"traceId\": \"7027b61dbf7645399d204dbfa0de0870\",\n  \"timestamp\": \"2022-06-24-15.30.20\"\n}","cookie":[],"_postman_previewlanguage":"json"},{"id":"512a6e04-d5ab-4411-9e61-9a8d4671361a","name":"The requested resource does not exist.","originalRequest":{"url":{"path":["riskService","ServiceAccount",":svcAccount","config"],"host":["{{baseUrl}}"],"query":[],"variable":[{"disabled":false,"type":"any","value":"<string>","key":"svcAccId","description":"(Required) "}]},"header":[{"key":"Accept","value":"application/json"}],"method":"PUT","body":{"mode":"raw","raw":"{\n  \"enableRisk\": \"<boolean>\",\n  \"policyID\": \"<string>\"\n}","options":{"raw":{"language":"json"}}}},"status":"Not Found","code":404,"header":[{"key":"Content-Type","value":"application/json"}],"body":"{\n  \"code\": \"10003\",\n  \"message\": \"User not found, please check the username\",\n  \"traceId\": \"7027b61dbf7645399d204dbfa0de0870\",\n  \"timestamp\": \"2022-06-24-15.30.20\"\n}","cookie":[],"_postman_previewlanguage":"json"},{"id":"977d1a78-9153-4d2f-9884-6f5df9c302db","name":"An unexpected internal server error occurred.","originalRequest":{"url":{"path":["riskService","ServiceAccount",":svcAccount","config"],"host":["{{baseUrl}}"],"query":[],"variable":[{"disabled":false,"type":"any","value":"<string>","key":"svcAccId","description":"(Required) "}]},"header":[{"key":"Accept","value":"application/json"}],"method":"PUT","body":{"mode":"raw","raw":"{\n  \"enableRisk\": \"<boolean>\",\n  \"policyID\": \"<string>\"\n}","options":{"raw":{"language":"json"}}}},"status":"Internal Server Error","code":500,"header":[{"key":"Content-Type","value":"application/json"}],"body":"{\n  \"code\": \"10010\",\n  \"message\": \"An unexpected internal server error occurred. Try again later\",\n  \"traceId\": \"7027b61dbf7645399d204dbfa0de0870\",\n  \"timestamp\": \"2022-06-24-15.30.20\"\n}","cookie":[],"_postman_previewlanguage":"json"}],"event":[],"protocolProfileBehavior":{"disableBodyPruning":true}},{"id":"c172822e-4053-4be6-955e-0e895d0a73cd","name":"group/{groupid}/riskPolicy","item":[{"id":"baf1e242-9be7-44f2-a2cf-afebc6317c32","name":"Create Risk Policy","request":{"name":"Create Risk Policy","description":{"content":"Use this API to create a custom risk policy.","type":"text/plain"},"url":{"path":["group",":groupid","riskPolicy"],"host":["{{baseUrl}}"],"query":[],"variable":[{"disabled":false,"type":"any","value":"<string>","key":"groupid","description":"(Required) "}]},"header":[{"key":"Content-Type","value":"application/json"},{"key":"Accept","value":"text/plain"}],"method":"POST","auth":null,"body":{"mode":"raw","raw":"{\n  \"id\": \"<string>\",\n  \"appID\": \"<string>\",\n  \"weightBasedPolicy\": \"<boolean>\",\n  \"defaultRiskLevel\": \"<string>\",\n  \"overriddenPredictors\": [\n    {\n      \"name\": \"<string>\",\n      \"resultLevel\": \"<string>\",\n      \"condition\": \"<string>\",\n      \"score\": \"<long>\",\n      \"ipRange\": [\n        \"<string>\",\n        \"<string>\"\n      ]\n    },\n    {\n      \"name\": \"<string>\",\n      \"resultLevel\": \"<string>\",\n      \"condition\": \"<string>\",\n      \"score\": \"<long>\",\n      \"ipRange\": [\n        \"<string>\",\n        \"<string>\"\n      ]\n    }\n  ],\n  \"aggregatedPredictors\": [\n    {\n      \"name\": \"<string>\",\n      \"resultLevel\": \"<string>\",\n      \"condition\": \"<string>\",\n      \"score\": \"<long>\",\n      \"ipRange\": [\n        \"<string>\",\n        \"<string>\"\n      ]\n    },\n    {\n      \"name\": \"<string>\",\n      \"resultLevel\": \"<string>\",\n      \"condition\": \"<string>\",\n      \"score\": \"<long>\",\n      \"ipRange\": [\n        \"<string>\",\n        \"<string>\"\n      ]\n    }\n  ],\n  \"minMaxScoresPerRiskLevel\": [\n    {\n      \"riskLevel\": \"<string>\",\n      \"minScore\": \"<long>\",\n      \"maxScore\": \"<long>\"\n    },\n    {\n      \"riskLevel\": \"<string>\",\n      \"minScore\": \"<long>\",\n      \"maxScore\": \"<long>\"\n    }\n  ]\n}","options":{"raw":{"language":"json"}}}},"response":[{"id":"a821a759-520e-44a8-8ee6-064e6ace1485","name":"CREATED","originalRequest":{"url":{"path":["group",":groupid","riskPolicy"],"host":["{{baseUrl}}"],"query":[],"variable":[{"disabled":false,"type":"any","value":"<string>","key":"groupid","description":"(Required) "}]},"header":[{"key":"Accept","value":"text/plain"}],"method":"POST","body":{"mode":"raw","raw":"{\n  \"id\": \"<string>\",\n  \"appID\": \"<string>\",\n  \"weightBasedPolicy\": \"<boolean>\",\n  \"defaultRiskLevel\": \"<string>\",\n  \"overriddenPredictors\": [\n    {\n      \"name\": \"<string>\",\n      \"resultLevel\": \"<string>\",\n      \"condition\": \"<string>\",\n      \"score\": \"<long>\",\n      \"ipRange\": [\n        \"<string>\",\n        \"<string>\"\n      ]\n    },\n    {\n      \"name\": \"<string>\",\n      \"resultLevel\": \"<string>\",\n      \"condition\": \"<string>\",\n      \"score\": \"<long>\",\n      \"ipRange\": [\n        \"<string>\",\n        \"<string>\"\n      ]\n    }\n  ],\n  \"aggregatedPredictors\": [\n    {\n      \"name\": \"<string>\",\n      \"resultLevel\": \"<string>\",\n      \"condition\": \"<string>\",\n      \"score\": \"<long>\",\n      \"ipRange\": [\n        \"<string>\",\n        \"<string>\"\n      ]\n    },\n    {\n      \"name\": \"<string>\",\n      \"resultLevel\": \"<string>\",\n      \"condition\": \"<string>\",\n      \"score\": \"<long>\",\n      \"ipRange\": [\n        \"<string>\",\n        \"<string>\"\n      ]\n    }\n  ],\n  \"minMaxScoresPerRiskLevel\": [\n    {\n      \"riskLevel\": \"<string>\",\n      \"minScore\": \"<long>\",\n      \"maxScore\": \"<long>\"\n    },\n    {\n      \"riskLevel\": \"<string>\",\n      \"minScore\": \"<long>\",\n      \"maxScore\": \"<long>\"\n    }\n  ]\n}","options":{"raw":{"language":"json"}}}},"status":"Created","code":201,"header":[{"key":"Content-Type","value":"text/plain"}],"body":"","cookie":[],"_postman_previewlanguage":"text"},{"id":"b033ce69-7f7e-4966-b221-03a3e7bd87e7","name":"The request cannot be validated.","originalRequest":{"url":{"path":["group",":groupid","riskPolicy"],"host":["{{baseUrl}}"],"query":[],"variable":[{"disabled":false,"type":"any","value":"<string>","key":"groupid","description":"(Required) "}]},"header":[{"key":"Accept","value":"application/json"}],"method":"POST","body":{"mode":"raw","raw":"{\n  \"id\": \"<string>\",\n  \"appID\": \"<string>\",\n  \"weightBasedPolicy\": \"<boolean>\",\n  \"defaultRiskLevel\": \"<string>\",\n  \"overriddenPredictors\": [\n    {\n      \"name\": \"<string>\",\n      \"resultLevel\": \"<string>\",\n      \"condition\": \"<string>\",\n      \"score\": \"<long>\",\n      \"ipRange\": [\n        \"<string>\",\n        \"<string>\"\n      ]\n    },\n    {\n      \"name\": \"<string>\",\n      \"resultLevel\": \"<string>\",\n      \"condition\": \"<string>\",\n      \"score\": \"<long>\",\n      \"ipRange\": [\n        \"<string>\",\n        \"<string>\"\n      ]\n    }\n  ],\n  \"aggregatedPredictors\": [\n    {\n      \"name\": \"<string>\",\n      \"resultLevel\": \"<string>\",\n      \"condition\": \"<string>\",\n      \"score\": \"<long>\",\n      \"ipRange\": [\n        \"<string>\",\n        \"<string>\"\n      ]\n    },\n    {\n      \"name\": \"<string>\",\n      \"resultLevel\": \"<string>\",\n      \"condition\": \"<string>\",\n      \"score\": \"<long>\",\n      \"ipRange\": [\n        \"<string>\",\n        \"<string>\"\n      ]\n    }\n  ],\n  \"minMaxScoresPerRiskLevel\": [\n    {\n      \"riskLevel\": \"<string>\",\n      \"minScore\": \"<long>\",\n      \"maxScore\": \"<long>\"\n    },\n    {\n      \"riskLevel\": \"<string>\",\n      \"minScore\": \"<long>\",\n      \"maxScore\": \"<long>\"\n    }\n  ]\n}","options":{"raw":{"language":"json"}}}},"status":"Bad Request","code":400,"header":[{"key":"Content-Type","value":"application/json"}],"body":"{\n  \"code\": \"10008\",\n  \"message\": \"Invalid Authid\",\n  \"traceId\": \"7027b61dbf7645399d204dbfa0de0870\",\n  \"timestamp\": \"2022-06-24-15.30.20\"\n}","cookie":[],"_postman_previewlanguage":"json"},{"id":"4c6a23ab-2bb0-4549-b506-d3a80b9ae157","name":"The request was unauthorized.","originalRequest":{"url":{"path":["group",":groupid","riskPolicy"],"host":["{{baseUrl}}"],"query":[],"variable":[{"disabled":false,"type":"any","value":"<string>","key":"groupid","description":"(Required) "}]},"header":[{"key":"Accept","value":"application/json"}],"method":"POST","body":{"mode":"raw","raw":"{\n  \"id\": \"<string>\",\n  \"appID\": \"<string>\",\n  \"weightBasedPolicy\": \"<boolean>\",\n  \"defaultRiskLevel\": \"<string>\",\n  \"overriddenPredictors\": [\n    {\n      \"name\": \"<string>\",\n      \"resultLevel\": \"<string>\",\n      \"condition\": \"<string>\",\n      \"score\": \"<long>\",\n      \"ipRange\": [\n        \"<string>\",\n        \"<string>\"\n      ]\n    },\n    {\n      \"name\": \"<string>\",\n      \"resultLevel\": \"<string>\",\n      \"condition\": \"<string>\",\n      \"score\": \"<long>\",\n      \"ipRange\": [\n        \"<string>\",\n        \"<string>\"\n      ]\n    }\n  ],\n  \"aggregatedPredictors\": [\n    {\n      \"name\": \"<string>\",\n      \"resultLevel\": \"<string>\",\n      \"condition\": \"<string>\",\n      \"score\": \"<long>\",\n      \"ipRange\": [\n        \"<string>\",\n        \"<string>\"\n      ]\n    },\n    {\n      \"name\": \"<string>\",\n      \"resultLevel\": \"<string>\",\n      \"condition\": \"<string>\",\n      \"score\": \"<long>\",\n      \"ipRange\": [\n        \"<string>\",\n        \"<string>\"\n      ]\n    }\n  ],\n  \"minMaxScoresPerRiskLevel\": [\n    {\n      \"riskLevel\": \"<string>\",\n      \"minScore\": \"<long>\",\n      \"maxScore\": \"<long>\"\n    },\n    {\n      \"riskLevel\": \"<string>\",\n      \"minScore\": \"<long>\",\n      \"maxScore\": \"<long>\"\n    }\n  ]\n}","options":{"raw":{"language":"json"}}}},"status":"Unauthorized","code":401,"header":[{"key":"Content-Type","value":"application/json"}],"body":"{\n  \"code\": \"10001\",\n  \"message\": \"Access token has expired\",\n  \"traceId\": \"7027b61dbf7645399d204dbfa0de0870\",\n  \"timestamp\": \"2022-06-24-15.30.20\"\n}","cookie":[],"_postman_previewlanguage":"json"},{"id":"e1eac303-4b52-4def-a41d-245361a29bde","name":"The requested resource does not exist.","originalRequest":{"url":{"path":["group",":groupid","riskPolicy"],"host":["{{baseUrl}}"],"query":[],"variable":[{"disabled":false,"type":"any","value":"<string>","key":"groupid","description":"(Required) "}]},"header":[{"key":"Accept","value":"application/json"}],"method":"POST","body":{"mode":"raw","raw":"{\n  \"id\": \"<string>\",\n  \"appID\": \"<string>\",\n  \"weightBasedPolicy\": \"<boolean>\",\n  \"defaultRiskLevel\": \"<string>\",\n  \"overriddenPredictors\": [\n    {\n      \"name\": \"<string>\",\n      \"resultLevel\": \"<string>\",\n      \"condition\": \"<string>\",\n      \"score\": \"<long>\",\n      \"ipRange\": [\n        \"<string>\",\n        \"<string>\"\n      ]\n    },\n    {\n      \"name\": \"<string>\",\n      \"resultLevel\": \"<string>\",\n      \"condition\": \"<string>\",\n      \"score\": \"<long>\",\n      \"ipRange\": [\n        \"<string>\",\n        \"<string>\"\n      ]\n    }\n  ],\n  \"aggregatedPredictors\": [\n    {\n      \"name\": \"<string>\",\n      \"resultLevel\": \"<string>\",\n      \"condition\": \"<string>\",\n      \"score\": \"<long>\",\n      \"ipRange\": [\n        \"<string>\",\n        \"<string>\"\n      ]\n    },\n    {\n      \"name\": \"<string>\",\n      \"resultLevel\": \"<string>\",\n      \"condition\": \"<string>\",\n      \"score\": \"<long>\",\n      \"ipRange\": [\n        \"<string>\",\n        \"<string>\"\n      ]\n    }\n  ],\n  \"minMaxScoresPerRiskLevel\": [\n    {\n      \"riskLevel\": \"<string>\",\n      \"minScore\": \"<long>\",\n      \"maxScore\": \"<long>\"\n    },\n    {\n      \"riskLevel\": \"<string>\",\n      \"minScore\": \"<long>\",\n      \"maxScore\": \"<long>\"\n    }\n  ]\n}","options":{"raw":{"language":"json"}}}},"status":"Not Found","code":404,"header":[{"key":"Content-Type","value":"application/json"}],"body":"{\n  \"code\": \"10003\",\n  \"message\": \"User not found, please check the username\",\n  \"traceId\": \"7027b61dbf7645399d204dbfa0de0870\",\n  \"timestamp\": \"2022-06-24-15.30.20\"\n}","cookie":[],"_postman_previewlanguage":"json"},{"id":"1fa28c9b-690c-4494-b120-d77b0f9f2233","name":"An unexpected internal server error occurred.","originalRequest":{"url":{"path":["group",":groupid","riskPolicy"],"host":["{{baseUrl}}"],"query":[],"variable":[{"disabled":false,"type":"any","value":"<string>","key":"groupid","description":"(Required) "}]},"header":[{"key":"Accept","value":"application/json"}],"method":"POST","body":{"mode":"raw","raw":"{\n  \"id\": \"<string>\",\n  \"appID\": \"<string>\",\n  \"weightBasedPolicy\": \"<boolean>\",\n  \"defaultRiskLevel\": \"<string>\",\n  \"overriddenPredictors\": [\n    {\n      \"name\": \"<string>\",\n      \"resultLevel\": \"<string>\",\n      \"condition\": \"<string>\",\n      \"score\": \"<long>\",\n      \"ipRange\": [\n        \"<string>\",\n        \"<string>\"\n      ]\n    },\n    {\n      \"name\": \"<string>\",\n      \"resultLevel\": \"<string>\",\n      \"condition\": \"<string>\",\n      \"score\": \"<long>\",\n      \"ipRange\": [\n        \"<string>\",\n        \"<string>\"\n      ]\n    }\n  ],\n  \"aggregatedPredictors\": [\n    {\n      \"name\": \"<string>\",\n      \"resultLevel\": \"<string>\",\n      \"condition\": \"<string>\",\n      \"score\": \"<long>\",\n      \"ipRange\": [\n        \"<string>\",\n        \"<string>\"\n      ]\n    },\n    {\n      \"name\": \"<string>\",\n      \"resultLevel\": \"<string>\",\n      \"condition\": \"<string>\",\n      \"score\": \"<long>\",\n      \"ipRange\": [\n        \"<string>\",\n        \"<string>\"\n      ]\n    }\n  ],\n  \"minMaxScoresPerRiskLevel\": [\n    {\n      \"riskLevel\": \"<string>\",\n      \"minScore\": \"<long>\",\n      \"maxScore\": \"<long>\"\n    },\n    {\n      \"riskLevel\": \"<string>\",\n      \"minScore\": \"<long>\",\n      \"maxScore\": \"<long>\"\n    }\n  ]\n}","options":{"raw":{"language":"json"}}}},"status":"Internal Server Error","code":500,"header":[{"key":"Content-Type","value":"application/json"}],"body":"{\n  \"code\": \"10010\",\n  \"message\": \"An unexpected internal server error occurred. Try again later\",\n  \"traceId\": \"7027b61dbf7645399d204dbfa0de0870\",\n  \"timestamp\": \"2022-06-24-15.30.20\"\n}","cookie":[],"_postman_previewlanguage":"json"}],"event":[],"protocolProfileBehavior":{"disableBodyPruning":true}},{"id":"76ec95da-531a-4fbb-adef-c1feaa333a3e","name":"Retrieve all the Policies","request":{"name":"Retrieve all the Policies","description":{"content":"Use this API to retrieve all risk policies.","type":"text/plain"},"url":{"path":["group",":groupid","riskPolicy"],"host":["{{baseUrl}}"],"query":[],"variable":[{"disabled":false,"type":"any","value":"<string>","key":"groupid","description":"(Required) "}]},"header":[{"key":"Accept","value":"text/plain"}],"method":"GET","auth":null},"response":[{"id":"9043512e-bc5c-43d6-91e4-878e807bdcac","name":"OK","originalRequest":{"url":{"path":["group",":groupid","riskPolicy"],"host":["{{baseUrl}}"],"query":[],"variable":[{"disabled":false,"type":"any","value":"<string>","key":"groupid","description":"(Required) "}]},"header":[{"key":"Accept","value":"text/plain"}],"method":"GET","body":{}},"status":"OK","code":200,"header":[{"key":"Content-Type","value":"text/plain"}],"body":"","cookie":[],"_postman_previewlanguage":"text"},{"id":"fb423ffc-dc85-4243-9b11-6b2a12d43a74","name":"The request cannot be validated.","originalRequest":{"url":{"path":["group",":groupid","riskPolicy"],"host":["{{baseUrl}}"],"query":[],"variable":[{"disabled":false,"type":"any","value":"<string>","key":"groupid","description":"(Required) "}]},"header":[{"key":"Accept","value":"application/json"}],"method":"GET","body":{}},"status":"Bad Request","code":400,"header":[{"key":"Content-Type","value":"application/json"}],"body":"{\n  \"code\": \"10008\",\n  \"message\": \"Invalid Authid\",\n  \"traceId\": \"7027b61dbf7645399d204dbfa0de0870\",\n  \"timestamp\": \"2022-06-24-15.30.20\"\n}","cookie":[],"_postman_previewlanguage":"json"},{"id":"8a9ce273-0bd4-4e82-9692-fdcc61ca5959","name":"The request was unauthorized.","originalRequest":{"url":{"path":["group",":groupid","riskPolicy"],"host":["{{baseUrl}}"],"query":[],"variable":[{"disabled":false,"type":"any","value":"<string>","key":"groupid","description":"(Required) "}]},"header":[{"key":"Accept","value":"application/json"}],"method":"GET","body":{}},"status":"Unauthorized","code":401,"header":[{"key":"Content-Type","value":"application/json"}],"body":"{\n  \"code\": \"10001\",\n  \"message\": \"Access token has expired\",\n  \"traceId\": \"7027b61dbf7645399d204dbfa0de0870\",\n  \"timestamp\": \"2022-06-24-15.30.20\"\n}","cookie":[],"_postman_previewlanguage":"json"},{"id":"55ffac3e-f1d6-431b-ab79-21791e72352d","name":"The requested resource does not exist.","originalRequest":{"url":{"path":["group",":groupid","riskPolicy"],"host":["{{baseUrl}}"],"query":[],"variable":[{"disabled":false,"type":"any","value":"<string>","key":"groupid","description":"(Required) "}]},"header":[{"key":"Accept","value":"application/json"}],"method":"GET","body":{}},"status":"Not Found","code":404,"header":[{"key":"Content-Type","value":"application/json"}],"body":"{\n  \"code\": \"10003\",\n  \"message\": \"User not found, please check the username\",\n  \"traceId\": \"7027b61dbf7645399d204dbfa0de0870\",\n  \"timestamp\": \"2022-06-24-15.30.20\"\n}","cookie":[],"_postman_previewlanguage":"json"},{"id":"decedb1d-55b0-4e6d-8489-14a9ccec2616","name":"An unexpected internal server error occurred.","originalRequest":{"url":{"path":["group",":groupid","riskPolicy"],"host":["{{baseUrl}}"],"query":[],"variable":[{"disabled":false,"type":"any","value":"<string>","key":"groupid","description":"(Required) "}]},"header":[{"key":"Accept","value":"application/json"}],"method":"GET","body":{}},"status":"Internal Server Error","code":500,"header":[{"key":"Content-Type","value":"application/json"}],"body":"{\n  \"code\": \"10010\",\n  \"message\": \"An unexpected internal server error occurred. Try again later\",\n  \"traceId\": \"7027b61dbf7645399d204dbfa0de0870\",\n  \"timestamp\": \"2022-06-24-15.30.20\"\n}","cookie":[],"_postman_previewlanguage":"json"}],"event":[],"protocolProfileBehavior":{"disableBodyPruning":true}},{"id":"4de9ce30-7a15-4147-82ae-7b3ef0bec14e","name":"{policyId}","item":[{"id":"55356077-a476-4e33-8f4a-d5e1323a3150","name":"Read a Risk Policy by policy Id","request":{"name":"Read a Risk Policy by policy Id","description":{"content":"Use this API to retrieve a policy using the policy Id.","type":"text/plain"},"url":{"path":["group",":groupid","riskPolicy",":policyId"],"host":["{{baseUrl}}"],"query":[],"variable":[{"disabled":false,"type":"any","value":"<string>","key":"policyId","description":"(Required) "},{"disabled":false,"type":"any","value":"<string>","key":"groupid","description":"(Required) "}]},"header":[{"key":"Accept","value":"text/plain"}],"method":"GET","auth":null},"response":[{"id":"2fb28b78-0a6e-4d0f-8ed0-f9f0794bec3c","name":"OK","originalRequest":{"url":{"path":["group",":groupid","riskPolicy",":policyId"],"host":["{{baseUrl}}"],"query":[],"variable":[{"disabled":false,"type":"any","value":"<string>","key":"policyId","description":"(Required) "},{"disabled":false,"type":"any","value":"<string>","key":"groupid","description":"(Required) "}]},"header":[{"key":"Accept","value":"text/plain"}],"method":"GET","body":{}},"status":"OK","code":200,"header":[{"key":"Content-Type","value":"text/plain"}],"body":"","cookie":[],"_postman_previewlanguage":"text"},{"id":"5235a269-3e43-4085-8024-8c5c082c6871","name":"The request cannot be validated.","originalRequest":{"url":{"path":["group",":groupid","riskPolicy",":policyId"],"host":["{{baseUrl}}"],"query":[],"variable":[{"disabled":false,"type":"any","value":"<string>","key":"policyId","description":"(Required) "},{"disabled":false,"type":"any","value":"<string>","key":"groupid","description":"(Required) "}]},"header":[{"key":"Accept","value":"application/json"}],"method":"GET","body":{}},"status":"Bad Request","code":400,"header":[{"key":"Content-Type","value":"application/json"}],"body":"{\n  \"code\": \"10008\",\n  \"message\": \"Invalid Authid\",\n  \"traceId\": \"7027b61dbf7645399d204dbfa0de0870\",\n  \"timestamp\": \"2022-06-24-15.30.20\"\n}","cookie":[],"_postman_previewlanguage":"json"},{"id":"4ba54c85-0c16-4e84-8c43-9fc4821cf0c0","name":"The request was unauthorized.","originalRequest":{"url":{"path":["group",":groupid","riskPolicy",":policyId"],"host":["{{baseUrl}}"],"query":[],"variable":[{"disabled":false,"type":"any","value":"<string>","key":"policyId","description":"(Required) "},{"disabled":false,"type":"any","value":"<string>","key":"groupid","description":"(Required) "}]},"header":[{"key":"Accept","value":"application/json"}],"method":"GET","body":{}},"status":"Unauthorized","code":401,"header":[{"key":"Content-Type","value":"application/json"}],"body":"{\n  \"code\": \"10001\",\n  \"message\": \"Access token has expired\",\n  \"traceId\": \"7027b61dbf7645399d204dbfa0de0870\",\n  \"timestamp\": \"2022-06-24-15.30.20\"\n}","cookie":[],"_postman_previewlanguage":"json"},{"id":"0f7adeb5-fe30-4f3b-8e07-cb6e619a1b9f","name":"The requested resource does not exist.","originalRequest":{"url":{"path":["group",":groupid","riskPolicy",":policyId"],"host":["{{baseUrl}}"],"query":[],"variable":[{"disabled":false,"type":"any","value":"<string>","key":"policyId","description":"(Required) "},{"disabled":false,"type":"any","value":"<string>","key":"groupid","description":"(Required) "}]},"header":[{"key":"Accept","value":"application/json"}],"method":"GET","body":{}},"status":"Not Found","code":404,"header":[{"key":"Content-Type","value":"application/json"}],"body":"{\n  \"code\": \"10003\",\n  \"message\": \"User not found, please check the username\",\n  \"traceId\": \"7027b61dbf7645399d204dbfa0de0870\",\n  \"timestamp\": \"2022-06-24-15.30.20\"\n}","cookie":[],"_postman_previewlanguage":"json"},{"id":"9b84d884-134a-4684-8149-26184a8f2170","name":"An unexpected internal server error occurred.","originalRequest":{"url":{"path":["group",":groupid","riskPolicy",":policyId"],"host":["{{baseUrl}}"],"query":[],"variable":[{"disabled":false,"type":"any","value":"<string>","key":"policyId","description":"(Required) "},{"disabled":false,"type":"any","value":"<string>","key":"groupid","description":"(Required) "}]},"header":[{"key":"Accept","value":"application/json"}],"method":"GET","body":{}},"status":"Internal Server Error","code":500,"header":[{"key":"Content-Type","value":"application/json"}],"body":"{\n  \"code\": \"10010\",\n  \"message\": \"An unexpected internal server error occurred. Try again later\",\n  \"traceId\": \"7027b61dbf7645399d204dbfa0de0870\",\n  \"timestamp\": \"2022-06-24-15.30.20\"\n}","cookie":[],"_postman_previewlanguage":"json"}],"event":[],"protocolProfileBehavior":{"disableBodyPruning":true}},{"id":"c846f8dd-55fb-4b4f-b502-a478119f0eee","name":"Update the Risk Policy using policy Id","request":{"name":"Update the Risk Policy using policy Id","description":{"content":"Use this API to update the risk policy.","type":"text/plain"},"url":{"path":["group",":groupid","riskPolicy",":policyId"],"host":["{{baseUrl}}"],"query":[],"variable":[{"disabled":false,"type":"any","value":"<string>","key":"policyId","description":"(Required) "},{"disabled":false,"type":"any","value":"<string>","key":"groupid","description":"(Required) "}]},"header":[{"key":"Content-Type","value":"application/json"},{"key":"Accept","value":"text/plain"}],"method":"PUT","auth":null,"body":{"mode":"raw","raw":"{\n  \"id\": \"<string>\",\n  \"appID\": \"<string>\",\n  \"weightBasedPolicy\": \"<boolean>\",\n  \"defaultRiskLevel\": \"<string>\",\n  \"overriddenPredictors\": [\n    {\n      \"name\": \"<string>\",\n      \"resultLevel\": \"<string>\",\n      \"condition\": \"<string>\",\n      \"score\": \"<long>\",\n      \"ipRange\": [\n        \"<string>\",\n        \"<string>\"\n      ]\n    },\n    {\n      \"name\": \"<string>\",\n      \"resultLevel\": \"<string>\",\n      \"condition\": \"<string>\",\n      \"score\": \"<long>\",\n      \"ipRange\": [\n        \"<string>\",\n        \"<string>\"\n      ]\n    }\n  ],\n  \"aggregatedPredictors\": [\n    {\n      \"name\": \"<string>\",\n      \"resultLevel\": \"<string>\",\n      \"condition\": \"<string>\",\n      \"score\": \"<long>\",\n      \"ipRange\": [\n        \"<string>\",\n        \"<string>\"\n      ]\n    },\n    {\n      \"name\": \"<string>\",\n      \"resultLevel\": \"<string>\",\n      \"condition\": \"<string>\",\n      \"score\": \"<long>\",\n      \"ipRange\": [\n        \"<string>\",\n        \"<string>\"\n      ]\n    }\n  ],\n  \"minMaxScoresPerRiskLevel\": [\n    {\n      \"riskLevel\": \"<string>\",\n      \"minScore\": \"<long>\",\n      \"maxScore\": \"<long>\"\n    },\n    {\n      \"riskLevel\": \"<string>\",\n      \"minScore\": \"<long>\",\n      \"maxScore\": \"<long>\"\n    }\n  ]\n}","options":{"raw":{"language":"json"}}}},"response":[{"id":"60cc2e53-372a-4024-9a58-e7c957d10bd8","name":"OK","originalRequest":{"url":{"path":["group",":groupid","riskPolicy",":policyId"],"host":["{{baseUrl}}"],"query":[],"variable":[{"disabled":false,"type":"any","value":"<string>","key":"policyId","description":"(Required) "},{"disabled":false,"type":"any","value":"<string>","key":"groupid","description":"(Required) "}]},"header":[{"key":"Accept","value":"text/plain"}],"method":"PUT","body":{"mode":"raw","raw":"{\n  \"id\": \"<string>\",\n  \"appID\": \"<string>\",\n  \"weightBasedPolicy\": \"<boolean>\",\n  \"defaultRiskLevel\": \"<string>\",\n  \"overriddenPredictors\": [\n    {\n      \"name\": \"<string>\",\n      \"resultLevel\": \"<string>\",\n      \"condition\": \"<string>\",\n      \"score\": \"<long>\",\n      \"ipRange\": [\n        \"<string>\",\n        \"<string>\"\n      ]\n    },\n    {\n      \"name\": \"<string>\",\n      \"resultLevel\": \"<string>\",\n      \"condition\": \"<string>\",\n      \"score\": \"<long>\",\n      \"ipRange\": [\n        \"<string>\",\n        \"<string>\"\n      ]\n    }\n  ],\n  \"aggregatedPredictors\": [\n    {\n      \"name\": \"<string>\",\n      \"resultLevel\": \"<string>\",\n      \"condition\": \"<string>\",\n      \"score\": \"<long>\",\n      \"ipRange\": [\n        \"<string>\",\n        \"<string>\"\n      ]\n    },\n    {\n      \"name\": \"<string>\",\n      \"resultLevel\": \"<string>\",\n      \"condition\": \"<string>\",\n      \"score\": \"<long>\",\n      \"ipRange\": [\n        \"<string>\",\n        \"<string>\"\n      ]\n    }\n  ],\n  \"minMaxScoresPerRiskLevel\": [\n    {\n      \"riskLevel\": \"<string>\",\n      \"minScore\": \"<long>\",\n      \"maxScore\": \"<long>\"\n    },\n    {\n      \"riskLevel\": \"<string>\",\n      \"minScore\": \"<long>\",\n      \"maxScore\": \"<long>\"\n    }\n  ]\n}","options":{"raw":{"language":"json"}}}},"status":"OK","code":200,"header":[{"key":"Content-Type","value":"text/plain"}],"body":"","cookie":[],"_postman_previewlanguage":"text"},{"id":"d5756d23-aef7-4300-9a3c-4c25bfbf61c7","name":"The request cannot be validated.","originalRequest":{"url":{"path":["group",":groupid","riskPolicy",":policyId"],"host":["{{baseUrl}}"],"query":[],"variable":[{"disabled":false,"type":"any","value":"<string>","key":"policyId","description":"(Required) "},{"disabled":false,"type":"any","value":"<string>","key":"groupid","description":"(Required) "}]},"header":[{"key":"Accept","value":"application/json"}],"method":"PUT","body":{"mode":"raw","raw":"{\n  \"id\": \"<string>\",\n  \"appID\": \"<string>\",\n  \"weightBasedPolicy\": \"<boolean>\",\n  \"defaultRiskLevel\": \"<string>\",\n  \"overriddenPredictors\": [\n    {\n      \"name\": \"<string>\",\n      \"resultLevel\": \"<string>\",\n      \"condition\": \"<string>\",\n      \"score\": \"<long>\",\n      \"ipRange\": [\n        \"<string>\",\n        \"<string>\"\n      ]\n    },\n    {\n      \"name\": \"<string>\",\n      \"resultLevel\": \"<string>\",\n      \"condition\": \"<string>\",\n      \"score\": \"<long>\",\n      \"ipRange\": [\n        \"<string>\",\n        \"<string>\"\n      ]\n    }\n  ],\n  \"aggregatedPredictors\": [\n    {\n      \"name\": \"<string>\",\n      \"resultLevel\": \"<string>\",\n      \"condition\": \"<string>\",\n      \"score\": \"<long>\",\n      \"ipRange\": [\n        \"<string>\",\n        \"<string>\"\n      ]\n    },\n    {\n      \"name\": \"<string>\",\n      \"resultLevel\": \"<string>\",\n      \"condition\": \"<string>\",\n      \"score\": \"<long>\",\n      \"ipRange\": [\n        \"<string>\",\n        \"<string>\"\n      ]\n    }\n  ],\n  \"minMaxScoresPerRiskLevel\": [\n    {\n      \"riskLevel\": \"<string>\",\n      \"minScore\": \"<long>\",\n      \"maxScore\": \"<long>\"\n    },\n    {\n      \"riskLevel\": \"<string>\",\n      \"minScore\": \"<long>\",\n      \"maxScore\": \"<long>\"\n    }\n  ]\n}","options":{"raw":{"language":"json"}}}},"status":"Bad Request","code":400,"header":[{"key":"Content-Type","value":"application/json"}],"body":"{\n  \"code\": \"10008\",\n  \"message\": \"Invalid Authid\",\n  \"traceId\": \"7027b61dbf7645399d204dbfa0de0870\",\n  \"timestamp\": \"2022-06-24-15.30.20\"\n}","cookie":[],"_postman_previewlanguage":"json"},{"id":"9e9833a8-1c67-46fd-a86b-a962e3b16d34","name":"The request was unauthorized.","originalRequest":{"url":{"path":["group",":groupid","riskPolicy",":policyId"],"host":["{{baseUrl}}"],"query":[],"variable":[{"disabled":false,"type":"any","value":"<string>","key":"policyId","description":"(Required) "},{"disabled":false,"type":"any","value":"<string>","key":"groupid","description":"(Required) "}]},"header":[{"key":"Accept","value":"application/json"}],"method":"PUT","body":{"mode":"raw","raw":"{\n  \"id\": \"<string>\",\n  \"appID\": \"<string>\",\n  \"weightBasedPolicy\": \"<boolean>\",\n  \"defaultRiskLevel\": \"<string>\",\n  \"overriddenPredictors\": [\n    {\n      \"name\": \"<string>\",\n      \"resultLevel\": \"<string>\",\n      \"condition\": \"<string>\",\n      \"score\": \"<long>\",\n      \"ipRange\": [\n        \"<string>\",\n        \"<string>\"\n      ]\n    },\n    {\n      \"name\": \"<string>\",\n      \"resultLevel\": \"<string>\",\n      \"condition\": \"<string>\",\n      \"score\": \"<long>\",\n      \"ipRange\": [\n        \"<string>\",\n        \"<string>\"\n      ]\n    }\n  ],\n  \"aggregatedPredictors\": [\n    {\n      \"name\": \"<string>\",\n      \"resultLevel\": \"<string>\",\n      \"condition\": \"<string>\",\n      \"score\": \"<long>\",\n      \"ipRange\": [\n        \"<string>\",\n        \"<string>\"\n      ]\n    },\n    {\n      \"name\": \"<string>\",\n      \"resultLevel\": \"<string>\",\n      \"condition\": \"<string>\",\n      \"score\": \"<long>\",\n      \"ipRange\": [\n        \"<string>\",\n        \"<string>\"\n      ]\n    }\n  ],\n  \"minMaxScoresPerRiskLevel\": [\n    {\n      \"riskLevel\": \"<string>\",\n      \"minScore\": \"<long>\",\n      \"maxScore\": \"<long>\"\n    },\n    {\n      \"riskLevel\": \"<string>\",\n      \"minScore\": \"<long>\",\n      \"maxScore\": \"<long>\"\n    }\n  ]\n}","options":{"raw":{"language":"json"}}}},"status":"Unauthorized","code":401,"header":[{"key":"Content-Type","value":"application/json"}],"body":"{\n  \"code\": \"10001\",\n  \"message\": \"Access token has expired\",\n  \"traceId\": \"7027b61dbf7645399d204dbfa0de0870\",\n  \"timestamp\": \"2022-06-24-15.30.20\"\n}","cookie":[],"_postman_previewlanguage":"json"},{"id":"69c8d930-b582-4c89-a11d-4c36d10d7c8b","name":"The requested resource does not exist.","originalRequest":{"url":{"path":["group",":groupid","riskPolicy",":policyId"],"host":["{{baseUrl}}"],"query":[],"variable":[{"disabled":false,"type":"any","value":"<string>","key":"policyId","description":"(Required) "},{"disabled":false,"type":"any","value":"<string>","key":"groupid","description":"(Required) "}]},"header":[{"key":"Accept","value":"application/json"}],"method":"PUT","body":{"mode":"raw","raw":"{\n  \"id\": \"<string>\",\n  \"appID\": \"<string>\",\n  \"weightBasedPolicy\": \"<boolean>\",\n  \"defaultRiskLevel\": \"<string>\",\n  \"overriddenPredictors\": [\n    {\n      \"name\": \"<string>\",\n      \"resultLevel\": \"<string>\",\n      \"condition\": \"<string>\",\n      \"score\": \"<long>\",\n      \"ipRange\": [\n        \"<string>\",\n        \"<string>\"\n      ]\n    },\n    {\n      \"name\": \"<string>\",\n      \"resultLevel\": \"<string>\",\n      \"condition\": \"<string>\",\n      \"score\": \"<long>\",\n      \"ipRange\": [\n        \"<string>\",\n        \"<string>\"\n      ]\n    }\n  ],\n  \"aggregatedPredictors\": [\n    {\n      \"name\": \"<string>\",\n      \"resultLevel\": \"<string>\",\n      \"condition\": \"<string>\",\n      \"score\": \"<long>\",\n      \"ipRange\": [\n        \"<string>\",\n        \"<string>\"\n      ]\n    },\n    {\n      \"name\": \"<string>\",\n      \"resultLevel\": \"<string>\",\n      \"condition\": \"<string>\",\n      \"score\": \"<long>\",\n      \"ipRange\": [\n        \"<string>\",\n        \"<string>\"\n      ]\n    }\n  ],\n  \"minMaxScoresPerRiskLevel\": [\n    {\n      \"riskLevel\": \"<string>\",\n      \"minScore\": \"<long>\",\n      \"maxScore\": \"<long>\"\n    },\n    {\n      \"riskLevel\": \"<string>\",\n      \"minScore\": \"<long>\",\n      \"maxScore\": \"<long>\"\n    }\n  ]\n}","options":{"raw":{"language":"json"}}}},"status":"Not Found","code":404,"header":[{"key":"Content-Type","value":"application/json"}],"body":"{\n  \"code\": \"10003\",\n  \"message\": \"User not found, please check the username\",\n  \"traceId\": \"7027b61dbf7645399d204dbfa0de0870\",\n  \"timestamp\": \"2022-06-24-15.30.20\"\n}","cookie":[],"_postman_previewlanguage":"json"},{"id":"d68e30c6-ce8d-4928-9f0c-d3b58b626951","name":"An unexpected internal server error occurred.","originalRequest":{"url":{"path":["group",":groupid","riskPolicy",":policyId"],"host":["{{baseUrl}}"],"query":[],"variable":[{"disabled":false,"type":"any","value":"<string>","key":"policyId","description":"(Required) "},{"disabled":false,"type":"any","value":"<string>","key":"groupid","description":"(Required) "}]},"header":[{"key":"Accept","value":"application/json"}],"method":"PUT","body":{"mode":"raw","raw":"{\n  \"id\": \"<string>\",\n  \"appID\": \"<string>\",\n  \"weightBasedPolicy\": \"<boolean>\",\n  \"defaultRiskLevel\": \"<string>\",\n  \"overriddenPredictors\": [\n    {\n      \"name\": \"<string>\",\n      \"resultLevel\": \"<string>\",\n      \"condition\": \"<string>\",\n      \"score\": \"<long>\",\n      \"ipRange\": [\n        \"<string>\",\n        \"<string>\"\n      ]\n    },\n    {\n      \"name\": \"<string>\",\n      \"resultLevel\": \"<string>\",\n      \"condition\": \"<string>\",\n      \"score\": \"<long>\",\n      \"ipRange\": [\n        \"<string>\",\n        \"<string>\"\n      ]\n    }\n  ],\n  \"aggregatedPredictors\": [\n    {\n      \"name\": \"<string>\",\n      \"resultLevel\": \"<string>\",\n      \"condition\": \"<string>\",\n      \"score\": \"<long>\",\n      \"ipRange\": [\n        \"<string>\",\n        \"<string>\"\n      ]\n    },\n    {\n      \"name\": \"<string>\",\n      \"resultLevel\": \"<string>\",\n      \"condition\": \"<string>\",\n      \"score\": \"<long>\",\n      \"ipRange\": [\n        \"<string>\",\n        \"<string>\"\n      ]\n    }\n  ],\n  \"minMaxScoresPerRiskLevel\": [\n    {\n      \"riskLevel\": \"<string>\",\n      \"minScore\": \"<long>\",\n      \"maxScore\": \"<long>\"\n    },\n    {\n      \"riskLevel\": \"<string>\",\n      \"minScore\": \"<long>\",\n      \"maxScore\": \"<long>\"\n    }\n  ]\n}","options":{"raw":{"language":"json"}}}},"status":"Internal Server Error","code":500,"header":[{"key":"Content-Type","value":"application/json"}],"body":"{\n  \"code\": \"10010\",\n  \"message\": \"An unexpected internal server error occurred. Try again later\",\n  \"traceId\": \"7027b61dbf7645399d204dbfa0de0870\",\n  \"timestamp\": \"2022-06-24-15.30.20\"\n}","cookie":[],"_postman_previewlanguage":"json"}],"event":[],"protocolProfileBehavior":{"disableBodyPruning":true}},{"id":"acc9d2cb-e2ad-472e-bc2f-fd52b21c8adf","name":"Delete a Risk Policy by policy Id","request":{"name":"Delete a Risk Policy by policy Id","description":{"content":"Use this API to delete a risk policy using the policy Id.","type":"text/plain"},"url":{"path":["group",":groupid","riskPolicy",":policyId"],"host":["{{baseUrl}}"],"query":[],"variable":[{"disabled":false,"type":"any","value":"<string>","key":"policyId","description":"(Required) "},{"disabled":false,"type":"any","value":"<string>","key":"groupid","description":"(Required) "}]},"header":[{"key":"Accept","value":"application/json"}],"method":"DELETE","auth":null},"response":[{"id":"a9726074-e0d4-4941-9b51-01a6db68907e","name":"No Content","originalRequest":{"url":{"path":["group",":groupid","riskPolicy",":policyId"],"host":["{{baseUrl}}"],"query":[],"variable":[{"disabled":false,"type":"any","value":"<string>","key":"policyId","description":"(Required) "},{"disabled":false,"type":"any","value":"<string>","key":"groupid","description":"(Required) "}]},"method":"DELETE","body":{}},"status":"No Content","code":204,"header":[{"key":"Content-Type","value":"text/plain"}],"body":"","cookie":[],"_postman_previewlanguage":"text"},{"id":"4ba09d98-ca53-42b3-8bd0-ee55895ca3d6","name":"The request cannot be validated.","originalRequest":{"url":{"path":["group",":groupid","riskPolicy",":policyId"],"host":["{{baseUrl}}"],"query":[],"variable":[{"disabled":false,"type":"any","value":"<string>","key":"policyId","description":"(Required) "},{"disabled":false,"type":"any","value":"<string>","key":"groupid","description":"(Required) "}]},"header":[{"key":"Accept","value":"application/json"}],"method":"DELETE","body":{}},"status":"Bad Request","code":400,"header":[{"key":"Content-Type","value":"application/json"}],"body":"{\n  \"code\": \"10008\",\n  \"message\": \"Invalid Authid\",\n  \"traceId\": \"7027b61dbf7645399d204dbfa0de0870\",\n  \"timestamp\": \"2022-06-24-15.30.20\"\n}","cookie":[],"_postman_previewlanguage":"json"},{"id":"138a9c7e-16f8-418b-8e87-ffb7488d5acd","name":"The request was unauthorized.","originalRequest":{"url":{"path":["group",":groupid","riskPolicy",":policyId"],"host":["{{baseUrl}}"],"query":[],"variable":[{"disabled":false,"type":"any","value":"<string>","key":"policyId","description":"(Required) "},{"disabled":false,"type":"any","value":"<string>","key":"groupid","description":"(Required) "}]},"header":[{"key":"Accept","value":"application/json"}],"method":"DELETE","body":{}},"status":"Unauthorized","code":401,"header":[{"key":"Content-Type","value":"application/json"}],"body":"{\n  \"code\": \"10001\",\n  \"message\": \"Access token has expired\",\n  \"traceId\": \"7027b61dbf7645399d204dbfa0de0870\",\n  \"timestamp\": \"2022-06-24-15.30.20\"\n}","cookie":[],"_postman_previewlanguage":"json"},{"id":"027a4418-da54-41cf-ad7b-3fe834c32ef6","name":"The requested resource does not exist.","originalRequest":{"url":{"path":["group",":groupid","riskPolicy",":policyId"],"host":["{{baseUrl}}"],"query":[],"variable":[{"disabled":false,"type":"any","value":"<string>","key":"policyId","description":"(Required) "},{"disabled":false,"type":"any","value":"<string>","key":"groupid","description":"(Required) "}]},"header":[{"key":"Accept","value":"application/json"}],"method":"DELETE","body":{}},"status":"Not Found","code":404,"header":[{"key":"Content-Type","value":"application/json"}],"body":"{\n  \"code\": \"10003\",\n  \"message\": \"User not found, please check the username\",\n  \"traceId\": \"7027b61dbf7645399d204dbfa0de0870\",\n  \"timestamp\": \"2022-06-24-15.30.20\"\n}","cookie":[],"_postman_previewlanguage":"json"},{"id":"67e9ccf9-da43-4b5b-8bf6-fa39e4dfd1c8","name":"An unexpected internal server error occurred.","originalRequest":{"url":{"path":["group",":groupid","riskPolicy",":policyId"],"host":["{{baseUrl}}"],"query":[],"variable":[{"disabled":false,"type":"any","value":"<string>","key":"policyId","description":"(Required) "},{"disabled":false,"type":"any","value":"<string>","key":"groupid","description":"(Required) "}]},"header":[{"key":"Accept","value":"application/json"}],"method":"DELETE","body":{}},"status":"Internal Server Error","code":500,"header":[{"key":"Content-Type","value":"application/json"}],"body":"{\n  \"code\": \"10010\",\n  \"message\": \"An unexpected internal server error occurred. Try again later\",\n  \"traceId\": \"7027b61dbf7645399d204dbfa0de0870\",\n  \"timestamp\": \"2022-06-24-15.30.20\"\n}","cookie":[],"_postman_previewlanguage":"json"}],"event":[],"protocolProfileBehavior":{"disableBodyPruning":true}}],"event":[]}],"event":[]}],"event":[],"variable":[{"type":"string","value":"https://ciam-mfa-api-dev.1dc.com/app-reg/v1","key":"baseUrl"}],"info":{"_postman_id":"c3d94286-464d-46b9-8031-b095801d3c86","name":"CIAM Admin API","schema":"https://schema.getpostman.com/json/collection/v2.1.0/collection.json","description":{"content":"This API Specification is designed to provide technical guidance required to consume and integrate with our APIs.","type":"text/plain"}}}