{"item":[{"id":"14a15fc8-4b61-41a9-ad28-da3d28b05ba5","name":"memos/v1","item":[{"id":"d686f4c7-de26-4591-b562-e4343d982ebf","name":"CONTACT_HISTORY_ADD RPC","request":{"name":"CONTACT_HISTORY_ADD RPC","description":{"content":"The CONTACT_HISTORY_ADD function allows you to add First Data Chronicle memos to the account.","type":"text/plain"},"url":{"path":["memos","v1","chronicleAdd"],"host":["{{baseUrl}}"],"query":[],"variable":[]},"header":[{"key":"Content-Type","value":"application/json"},{"key":"Accept","value":"*/*"}],"method":"POST","auth":null,"body":{"mode":"raw","raw":"{\n  \"behaviorIdentifier\": \"<string>\",\n  \"common\": {\n    \"user\": \"<string>\",\n    \"agent\": \"<string>\",\n    \"cycle\": \"<string>\",\n    \"clientNumber\": \"<string>\",\n    \"system\": \"<string>\",\n    \"prin\": \"<string>\",\n    \"debug\": \"<boolean>\",\n    \"org\": \"<string>\",\n    \"processor\": \"<boolean>\",\n    \"contentType\": \"<string>\",\n    \"retry\": \"<long>\",\n    \"timeout\": \"<long>\",\n    \"siteId\": \"<string>\",\n    \"externalCustomerId\": \"<string>\",\n    \"accountId\": \"<string>\",\n    \"presentationId\": \"<string>\"\n  },\n  \"memoText\": \"<string>\",\n  \"clerkIdentifier\": \"<string>\",\n  \"overrideRetentionDate\": \"<string>\",\n  \"presentationInstrumentMemo\": \"<boolean>\"\n}","options":{"raw":{"language":"json"}}}},"response":[{"id":"458e1f04-5569-49e3-a002-929ecb847363","name":"successful operation","originalRequest":{"url":{"path":["memos","v1","chronicleAdd"],"host":["{{baseUrl}}"],"query":[],"variable":[]},"header":[{"key":"Accept","value":"*/*"}],"method":"POST","body":{"mode":"raw","raw":"{\n  \"common\": {\n    \"accountId\": \"CHRO010000000000\",\n    \"cycle\": \"T\"\n  },\n  \"behaviorIdentifier\": \"CIS\",\n  \"memoText\": \"Possible Fraud\",\n  \"presentationInstrumentMemo\": false,\n  \"clerkIdentifier\": \"RAT\",\n  \"overrideRetentionDate\": \"20201212\"\n}","options":{"raw":{"language":"json"}}}},"status":"OK","code":200,"header":[{"key":"Content-Type","value":"*/*"}],"body":"{\n  \"message\": {\n    \"resultCode\": \"CMPLT\",\n    \"messageText\": \"001 RECORDS PROCESSED\"\n  },\n  \"memoIdentifier\": \"MMMM00000000001\"\n}","cookie":[],"_postman_previewlanguage":"json"}],"event":[],"protocolProfileBehavior":{"disableBodyPruning":true}},{"id":"2beb2f07-6e36-4876-b473-04a86b9a0034","name":"CONTACT_HISTORY_BEHAVIOR ODS View","request":{"name":"CONTACT_HISTORY_BEHAVIOR ODS View","description":{"content":"This service allows you to review all of the behavior types you have established and also those behavior types pre-defined by First Data using CONTACT_HISTORY_BEHAVIOR view. Required Fields: clientIdentifier. ","type":"text/plain"},"url":{"path":["memos","v1","chronicleBehaviors"],"host":["{{baseUrl}}"],"query":[],"variable":[]},"header":[{"key":"Content-Type","value":"application/json"},{"key":"Accept","value":"*/*"}],"method":"POST","auth":null,"body":{"mode":"raw","raw":"{\n  \"clientIdentifier\": \"<string>\",\n  \"endSequence\": \"<string>\",\n  \"selectFields\": [\n    \"<string>\"\n  ],\n  \"startSequence\": \"<string>\",\n  \"common\": {\n    \"user\": \"<string>\",\n    \"agent\": \"<string>\",\n    \"cycle\": \"<string>\",\n    \"clientNumber\": \"<string>\",\n    \"system\": \"<string>\",\n    \"prin\": \"<string>\",\n    \"debug\": \"<boolean>\",\n    \"org\": \"<string>\",\n    \"processor\": \"<boolean>\",\n    \"contentType\": \"<string>\",\n    \"retry\": \"<long>\",\n    \"timeout\": \"<long>\",\n    \"siteId\": \"<string>\",\n    \"externalCustomerId\": \"<string>\",\n    \"accountId\": \"<string>\",\n    \"presentationId\": \"<string>\"\n  },\n  \"odsNaming\": \"<boolean>\",\n  \"behaviorIdentifier\": \"<string>\"\n}","options":{"raw":{"language":"json"}}}},"response":[{"id":"1734d651-d176-498e-9f28-c18e49c0a67f","name":"successful operation","originalRequest":{"url":{"path":["memos","v1","chronicleBehaviors"],"host":["{{baseUrl}}"],"query":[],"variable":[]},"header":[{"key":"Accept","value":"*/*"}],"method":"POST","body":{"mode":"raw","raw":"{\n  \"clientIdentifier\": \"1000\",\n  \"endSequence\": \"25\",\n  \"selectFields\": [\n    \"anyvalidfieldname1\",\n    \"anyvalidfieldname2\",\n    \"anyvalidfieldname3\",\n    \"anyvalidfieldname?\",\n    \"anyvalidfieldname?n\"\n  ],\n  \"startSequence\": \"1\",\n  \"common\": {\n    \"user\": \"<string>\",\n    \"agent\": \"4000\",\n    \"cycle\": \"T\",\n    \"clientNumber\": \"1000\",\n    \"system\": \"2000\",\n    \"prin\": \"3000\",\n    \"debug\": \"<boolean>\",\n    \"org\": \"<string>\",\n    \"processor\": \"<boolean>\",\n    \"contentType\": \"<string>\",\n    \"retry\": 0,\n    \"timeout\": 45000,\n    \"siteId\": \"4201\",\n    \"externalCustomerId\": \"<string>\",\n    \"accountId\": \"8888888888888888\",\n    \"presentationId\": \"<string>\"\n  },\n  \"odsNaming\": \"<boolean>\",\n  \"behaviorIdentifier\": \"<string>\"\n}","options":{"raw":{"language":"json"}}}},"status":"OK","code":200,"header":[{"key":"Content-Type","value":"*/*"}],"body":"{\n  \"processorInfo\": {\n    \"system\": \"ut do minim nulla\",\n    \"cycle\": \"occaecat minim\",\n    \"tor\": \"aliqua n\",\n    \"mode\": \"dolor laboris\"\n  },\n  \"chronicleBehaviors\": [\n    {\n      \"selectedFields\": {\n        \"ut996\": \"Lorem qui labore min\"\n      },\n      \"behaviorDescriptionText\": \"enim quis Duis\",\n      \"behaviorDeviceIdentifier\": \"velit minim\",\n      \"behaviorDefaultCode\": \"dolor reprehenderit dolore\",\n      \"behaviorDate\": \"irure voluptate dolore dolore laborum\",\n      \"behaviorIdentifier\": \"aliquip occaecat\",\n      \"behaviorOperatorIdentifier\": \"commodo officia dolore velit in\",\n      \"behaviorTime\": \"proident adipisicing\",\n      \"clientIdentifier\": \"culpa ut quis\",\n      \"clientNumber\": \"commodo eu sunt Excepteur\",\n      \"lastBehaviorDeviceIdentifier\": \"qui Duis\",\n      \"lastBehaviorDate\": \"culpa ipsum commodo enim\",\n      \"lastBehaviorOperatorIdentifier\": \"do \",\n      \"lastBehaviorTime\": \"dolore sed consectetur\",\n      \"memoChangingCode\": \"minim nostrud dolor sit\",\n      \"memoTypeCode\": \"incididunt ipsum cupidatat aliquip\",\n      \"retentionNumber\": \"sed\",\n      \"retentionUnitCode\": \"dolore velit \"\n    },\n    {\n      \"selectedFields\": {\n        \"magna_7b\": \"nulla\"\n      },\n      \"behaviorDescriptionText\": \"ea Lorem anim irure officia\",\n      \"behaviorDeviceIdentifier\": \"sint\",\n      \"behaviorDefaultCode\": \"tempor ut ea\",\n      \"behaviorDate\": \"dolore amet\",\n      \"behaviorIdentifier\": \"fugiat est\",\n      \"behaviorOperatorIdentifier\": \"sit d\",\n      \"behaviorTime\": \"culp\",\n      \"clientIdentifier\": \"Lorem laborum\",\n      \"clientNumber\": \"ipsum\",\n      \"lastBehaviorDeviceIdentifier\": \"dolor ipsum\",\n      \"lastBehaviorDate\": \"do laborum aliqua cillum sint\",\n      \"lastBehaviorOperatorIdentifier\": \"esse laborum et culpa cupidatat\",\n      \"lastBehaviorTime\": \"laboris eiusmod amet tempor commodo\",\n      \"memoChangingCode\": \"laborum\",\n      \"memoTypeCode\": \"Ut ullamco eiusmod Duis non\",\n      \"retentionNumber\": \"eu ullamco sint\",\n      \"retentionUnitCode\": \"cupidatat amet non\"\n    }\n  ]\n}","cookie":[],"_postman_previewlanguage":"json"}],"event":[],"protocolProfileBehavior":{"disableBodyPruning":true}},{"id":"4d960c61-482c-4e3c-bec6-6c5ec49758bb","name":"CONTACT_HISTORY_DELETE RPC","request":{"name":"CONTACT_HISTORY_DELETE RPC","description":{"content":"The CONTACT_HISTORY_DELETE function allows you to delete an existing First Data Chronicle memo if the behavior type allows for the memo to be deleted. This function emulates the D, delete, functionality within the CIS transaction that takes you to the CMD or PMD transaction. ","type":"text/plain"},"url":{"path":["memos","v1","chronicleDelete"],"host":["{{baseUrl}}"],"query":[],"variable":[]},"header":[{"key":"Content-Type","value":"application/json"},{"key":"Accept","value":"*/*"}],"method":"POST","auth":null,"body":{"mode":"raw","raw":"{\n  \"memoIdentifier\": \"<string>\",\n  \"common\": {\n    \"user\": \"<string>\",\n    \"agent\": \"<string>\",\n    \"cycle\": \"<string>\",\n    \"clientNumber\": \"<string>\",\n    \"system\": \"<string>\",\n    \"prin\": \"<string>\",\n    \"debug\": \"<boolean>\",\n    \"org\": \"<string>\",\n    \"processor\": \"<boolean>\",\n    \"contentType\": \"<string>\",\n    \"retry\": \"<long>\",\n    \"timeout\": \"<long>\",\n    \"siteId\": \"<string>\",\n    \"externalCustomerId\": \"<string>\",\n    \"accountId\": \"<string>\",\n    \"presentationId\": \"<string>\"\n  }\n}","options":{"raw":{"language":"json"}}}},"response":[{"id":"94bb7c65-150b-42ec-8cd7-448d9cbe3ea8","name":"successful operation","originalRequest":{"url":{"path":["memos","v1","chronicleDelete"],"host":["{{baseUrl}}"],"query":[],"variable":[]},"header":[{"key":"Accept","value":"*/*"}],"method":"POST","body":{"mode":"raw","raw":"{\n  \"common\": {\n    \"accountId\": \"CHRO030000000000\",\n    \"cycle\": \"T\"\n  },\n  \"memoIdentifier\": \"MMMM00000000001\"\n}","options":{"raw":{"language":"json"}}}},"status":"OK","code":200,"header":[{"key":"Content-Type","value":"*/*"}],"body":"{\n  \"messages\": [\n    {\n      \"resultCode\": \"0067\",\n      \"messageText\": \"001 RECORDS PROCESSED\"\n    }\n  ]\n}","cookie":[],"_postman_previewlanguage":"json"}],"event":[],"protocolProfileBehavior":{"disableBodyPruning":true}},{"id":"5f24002f-f66d-4bd5-b377-3ca983396d0d","name":"CONTACT_HISTORY_FILTER ODS View","request":{"name":"CONTACT_HISTORY_FILTER ODS View","description":{"content":"Allows the retrieval of all filters available to a client. Required fields: (accountId, presentationId or clientIdentifier) and selectFields. ","type":"text/plain"},"url":{"path":["memos","v1","chronicleFilters"],"host":["{{baseUrl}}"],"query":[],"variable":[]},"header":[{"key":"Content-Type","value":"application/json"},{"key":"Accept","value":"*/*"}],"method":"POST","auth":null,"body":{"mode":"raw","raw":"{\n  \"endSequence\": \"<string>\",\n  \"selectFields\": [\n    \"<string>\"\n  ],\n  \"startSequence\": \"<string>\",\n  \"common\": {\n    \"user\": \"<string>\",\n    \"agent\": \"<string>\",\n    \"cycle\": \"<string>\",\n    \"clientNumber\": \"<string>\",\n    \"system\": \"<string>\",\n    \"prin\": \"<string>\",\n    \"debug\": \"<boolean>\",\n    \"org\": \"<string>\",\n    \"processor\": \"<boolean>\",\n    \"contentType\": \"<string>\",\n    \"retry\": \"<long>\",\n    \"timeout\": \"<long>\",\n    \"siteId\": \"<string>\",\n    \"externalCustomerId\": \"<string>\",\n    \"accountId\": \"<string>\",\n    \"presentationId\": \"<string>\"\n  },\n  \"odsNaming\": \"<boolean>\",\n  \"clientIdentifier\": \"<string>\",\n  \"filterIdentifier\": \"<string>\"\n}","options":{"raw":{"language":"json"}}}},"response":[{"id":"3b1c86a4-fc78-4871-81dd-deeb9dab2159","name":"successful operation","originalRequest":{"url":{"path":["memos","v1","chronicleFilters"],"host":["{{baseUrl}}"],"query":[],"variable":[]},"header":[{"key":"Accept","value":"*/*"}],"method":"POST","body":{"mode":"raw","raw":"{\n  \"endSequence\": \"25\",\n  \"selectFields\": [\n    \"anyvalidfieldname1\",\n    \"anyvalidfieldname2\",\n    \"anyvalidfieldname3\",\n    \"anyvalidfieldname?\",\n    \"anyvalidfieldname?n\"\n  ],\n  \"startSequence\": \"1\",\n  \"common\": {\n    \"user\": \"<string>\",\n    \"agent\": \"4000\",\n    \"cycle\": \"T\",\n    \"clientNumber\": \"1000\",\n    \"system\": \"2000\",\n    \"prin\": \"3000\",\n    \"debug\": \"<boolean>\",\n    \"org\": \"<string>\",\n    \"processor\": \"<boolean>\",\n    \"contentType\": \"<string>\",\n    \"retry\": 0,\n    \"timeout\": 45000,\n    \"siteId\": \"4201\",\n    \"externalCustomerId\": \"<string>\",\n    \"accountId\": \"8888888888888888\",\n    \"presentationId\": \"<string>\"\n  },\n  \"odsNaming\": \"<boolean>\",\n  \"clientIdentifier\": \"1000\",\n  \"filterIdentifier\": \"<string>\"\n}","options":{"raw":{"language":"json"}}}},"status":"OK","code":200,"header":[{"key":"Content-Type","value":"*/*"}],"body":"{\n  \"processorInfo\": {\n    \"system\": \"adipisicing consectetur veniam aliqua\",\n    \"cycle\": \"sunt Ut in in\",\n    \"tor\": \"mollit sed ut in dolore\",\n    \"mode\": \"sint m\"\n  },\n  \"filters\": [\n    {\n      \"selectedFields\": {\n        \"incididunt9bc\": \"proident tempor elit\"\n      },\n      \"accountCrossreferenceFilterIdentifier\": \"esse deserunt\",\n      \"clientIdentifier\": \"deserunt\",\n      \"clientNumber\": \"aliquip in ut\",\n      \"filterDescriptionText\": \"nisi\",\n      \"filterDeviceIdentifier\": \"laboris\",\n      \"filterDefaultCode\": \"cupidatat eu dolor laborum\",\n      \"filterDate\": \"sed non\",\n      \"filterIdentifier\": \"magna ea minim\",\n      \"filterOperatorIdentifier\": \"consequat amet dolore deserunt\",\n      \"filterTime\": \"ut laboris eiusmod magna\",\n      \"lastFilterDeviceIdentifier\": \"c\",\n      \"lastFilterDate\": \"officia aliqua ad\",\n      \"lastFilterOperatorIdentifier\": \"nulla eiusmod esse velit quis\",\n      \"lastFilterTime\": \"aliquip Excepteur sunt\"\n    },\n    {\n      \"selectedFields\": {\n        \"non_6\": \"laboris\",\n        \"Duis_72\": \"id consequat sunt sint esse\",\n        \"ina0\": \"eu\"\n      },\n      \"accountCrossreferenceFilterIdentifier\": \"in\",\n      \"clientIdentifier\": \"proident\",\n      \"clientNumber\": \"ea\",\n      \"filterDescriptionText\": \"sint eu et\",\n      \"filterDeviceIdentifier\": \"minim\",\n      \"filterDefaultCode\": \"qui elit ullamco\",\n      \"filterDate\": \"Duis eu\",\n      \"filterIdentifier\": \"cupidatat do\",\n      \"filterOperatorIdentifier\": \"nostrud exercitation nulla adipisicing\",\n      \"filterTime\": \"commodo Duis reprehenderit\",\n      \"lastFilterDeviceIdentifier\": \"velit est culpa cillum enim\",\n      \"lastFilterDate\": \"in exercitation ad irure\",\n      \"lastFilterOperatorIdentifier\": \"incididunt id adipisicing ipsum velit\",\n      \"lastFilterTime\": \"nulla aute esse adipisicing\"\n    }\n  ]\n}","cookie":[],"_postman_previewlanguage":"json"}],"event":[],"protocolProfileBehavior":{"disableBodyPruning":true}},{"id":"cc3a921b-4ca2-45f8-9d02-6bf488f64e1d","name":"CONTACT_HISTORY ODS Views","request":{"name":"CONTACT_HISTORY ODS Views","description":{"content":"The CONTACT_HISTORY view allows you to view First Data Chronicle memos for accounts utilizing the First Data Chronicle service. Larger memos are returned in multiple rows making it possible to receive more rows than memos. You can view Chronicle memos at the account-level, PI ID-level, or both. The identifier you use in the ENTR_ID parameter and the setting used for the ENTR_ID_RQST_CD parameter determine which memos are returned. The following are the different options. These fields will always be returned: memoIdentifier(MEMO_ID), memoText(MEMO_TX), behaviorIdentifier(BHVR_ID), memoOperatorIdentifier(MEMO_OPRT_ID) and memoDate(MEMO_DT) ","type":"text/plain"},"url":{"path":["memos","v1","chronicleLookup"],"host":["{{baseUrl}}"],"query":[],"variable":[]},"header":[{"key":"Content-Type","value":"application/json"},{"key":"Accept","value":"*/*"}],"method":"POST","auth":null,"body":{"mode":"raw","raw":"{\n  \"selectFields\": [\n    \"<string>\"\n  ],\n  \"common\": {\n    \"user\": \"<string>\",\n    \"agent\": \"<string>\",\n    \"cycle\": \"<string>\",\n    \"clientNumber\": \"<string>\",\n    \"system\": \"<string>\",\n    \"prin\": \"<string>\",\n    \"debug\": \"<boolean>\",\n    \"org\": \"<string>\",\n    \"processor\": \"<boolean>\",\n    \"contentType\": \"<string>\",\n    \"retry\": \"<long>\",\n    \"timeout\": \"<long>\",\n    \"siteId\": \"<string>\",\n    \"externalCustomerId\": \"<string>\",\n    \"accountId\": \"<string>\",\n    \"presentationId\": \"<string>\"\n  },\n  \"odsNaming\": \"<boolean>\",\n  \"startSequence\": \"<string>\",\n  \"endSequence\": \"<string>\",\n  \"enteredIdentifierRequestActionCode\": \"<string>\",\n  \"filterIdentifier\": \"<string>\",\n  \"memoDate\": \"<string>\",\n  \"memoEndDate\": \"<string>\",\n  \"memoDateCriteria\": \"<string>\",\n  \"memoTime\": \"<string>\",\n  \"memoIdentifier\": \"<string>\",\n  \"behaviorIdentifier\": \"<string>\",\n  \"consolidateMemoText\": \"<boolean>\"\n}","options":{"raw":{"language":"json"}}}},"response":[{"id":"7c387408-8a3b-4cb0-a442-17d8cbd4cf0b","name":"successful operation","originalRequest":{"url":{"path":["memos","v1","chronicleLookup"],"host":["{{baseUrl}}"],"query":[],"variable":[]},"header":[{"key":"Accept","value":"*/*"}],"method":"POST","body":{"mode":"raw","raw":"{\n  \"common\": {\n    \"cycle\": \"T\",\n    \"accountId\": \"AAAA920000000000\"\n  },\n  \"selectFields\": [\n    \"behaviorIdentifier\",\n    \"memoDate\",\n    \"memoTime\",\n    \"memoText\",\n    \"memoOperatorIdentifier\"\n  ],\n  \"filterIdentifier\": \"ALL\"\n}","options":{"raw":{"language":"json"}}}},"status":"OK","code":200,"header":[{"key":"Content-Type","value":"*/*"}],"body":"{\n  \"memos\": [\n    {\n      \"behaviorIdentifier\": \"CIS\",\n      \"memoDate\": \"2020-06-25\",\n      \"memoOperatorIdentifier\": \"AD1\",\n      \"memoTime\": \"092512\",\n      \"memoText\": \"CARDHOLDER CONTACTED\"\n    },\n    {\n      \"behaviorIdentifier\": \"22\",\n      \"memoDate\": \"2020-06-02\",\n      \"memoOperatorIdentifier\": \"GA\",\n      \"memoTime\": \"023403\",\n      \"memoText\": \"NM-022 = 28 PREV CYCLE = 05NM-022 = 28 PREV CYCLE = 28\"\n    }\n  ]\n}","cookie":[],"_postman_previewlanguage":"json"}],"event":[],"protocolProfileBehavior":{"disableBodyPruning":true}},{"id":"1170096a-f2e0-4ce2-bbc8-67d2675f9a23","name":"CONTACT_HISTORY_UPDATE RPC","request":{"name":"CONTACT_HISTORY_UPDATE RPC","description":{"content":"The CONTACT_HISTORY_UPDATE function allows you to update or change an existing First Data Chronicle memo if the behavior type of the memo allows for changes. This function emulates the C, change, and U, update, functionality within the CIS transaction that takes you to the CSC or PMC transaction.","type":"text/plain"},"url":{"path":["memos","v1","chronicleUpdate"],"host":["{{baseUrl}}"],"query":[],"variable":[]},"header":[{"key":"Content-Type","value":"application/json"},{"key":"Accept","value":"application/json"}],"method":"POST","auth":null,"body":{"mode":"raw","raw":"{\n  \"behaviorIdentifier\": \"<string>\",\n  \"memoIdentifier\": \"<string>\",\n  \"common\": {\n    \"user\": \"<string>\",\n    \"agent\": \"<string>\",\n    \"cycle\": \"<string>\",\n    \"clientNumber\": \"<string>\",\n    \"system\": \"<string>\",\n    \"prin\": \"<string>\",\n    \"debug\": \"<boolean>\",\n    \"org\": \"<string>\",\n    \"processor\": \"<boolean>\",\n    \"contentType\": \"<string>\",\n    \"retry\": \"<long>\",\n    \"timeout\": \"<long>\",\n    \"siteId\": \"<string>\",\n    \"externalCustomerId\": \"<string>\",\n    \"accountId\": \"<string>\",\n    \"presentationId\": \"<string>\"\n  },\n  \"memoText\": \"<string>\",\n  \"clerkIdentifier\": \"<string>\",\n  \"overrideRetentionDate\": \"<string>\"\n}","options":{"raw":{"language":"json"}}}},"response":[{"id":"56eb18a1-5604-492a-baef-d790ff364589","name":"successful operation","originalRequest":{"url":{"path":["memos","v1","chronicleUpdate"],"host":["{{baseUrl}}"],"query":[],"variable":[]},"header":[{"key":"Accept","value":"application/json"}],"method":"POST","body":{"mode":"raw","raw":"{\n  \"common\": {\n    \"accountId\": \"CHRO021111111111\",\n    \"cycle\": \"T\"\n  },\n  \"memoIdentifier\": \"MMMM00000000001\",\n  \"behaviorIdentifier\": \"CIS\"\n}","options":{"raw":{"language":"json"}}}},"status":"OK","code":200,"header":[{"key":"Content-Type","value":"application/json"}],"body":"{\n  \"messages\": [\n    {\n      \"resultCode\": \"0067\",\n      \"messageText\": \"001 RECORDS PROCESSED\"\n    }\n  ]\n}","cookie":[],"_postman_previewlanguage":"json"}],"event":[],"protocolProfileBehavior":{"disableBodyPruning":true}},{"id":"03a404f0-ffdf-4b7b-b665-930079d73313","name":"CMEMADD RPC","request":{"name":"CMEMADD RPC","description":{"content":"The CMEMADD function adds a memo to the cardholder account ","type":"text/plain"},"url":{"path":["memos","v1","cisAdd"],"host":["{{baseUrl}}"],"query":[],"variable":[]},"header":[{"key":"Content-Type","value":"application/json"},{"key":"Accept","value":"application/json"}],"method":"POST","auth":null,"body":{"mode":"raw","raw":"{\n  \"memoCisClerkNumberCollectorIdentifier\": \"<string>\",\n  \"memoText\": \"<string>\",\n  \"common\": {\n    \"user\": \"<string>\",\n    \"agent\": \"<string>\",\n    \"cycle\": \"<string>\",\n    \"clientNumber\": \"<string>\",\n    \"system\": \"<string>\",\n    \"prin\": \"<string>\",\n    \"debug\": \"<boolean>\",\n    \"org\": \"<string>\",\n    \"processor\": \"<boolean>\",\n    \"contentType\": \"<string>\",\n    \"retry\": \"<long>\",\n    \"timeout\": \"<long>\",\n    \"siteId\": \"<string>\",\n    \"externalCustomerId\": \"<string>\",\n    \"accountId\": \"<string>\",\n    \"presentationId\": \"<string>\"\n  }\n}","options":{"raw":{"language":"json"}}}},"response":[{"id":"7a83a888-030e-4071-bf37-5fd8f653812b","name":"successful operation","originalRequest":{"url":{"path":["memos","v1","cisAdd"],"host":["{{baseUrl}}"],"query":[],"variable":[]},"header":[{"key":"Accept","value":"application/json"}],"method":"POST","body":{"mode":"raw","raw":"{\n  \"common\": {\n    \"accountId\": \"CISO010000000000\",\n    \"cycle\": \"T\"\n  },\n  \"memoCisClerkNumberCollectorIdentifier\": \"RAT\",\n  \"memoText\": \"Sample\"\n}","options":{"raw":{"language":"json"}}}},"status":"OK","code":200,"header":[{"key":"Content-Type","value":"application/json"}],"body":"{\n  \"message\": {\n    \"resultCode\": \"CMPLT\",\n    \"messageText\": \"001 RECORDS PROCESSED\"\n  },\n  \"sequenceNumber\": \"001\"\n}","cookie":[],"_postman_previewlanguage":"json"}],"event":[],"protocolProfileBehavior":{"disableBodyPruning":true}},{"id":"ec90f7c7-b01e-4e32-9343-13993170e42e","name":"CMEMDEL RPC","request":{"name":"CMEMDEL RPC","description":{"content":"The CMEMDEL function deletes memo entries.","type":"text/plain"},"url":{"path":["memos","v1","cisDelete"],"host":["{{baseUrl}}"],"query":[],"variable":[]},"header":[{"key":"Content-Type","value":"application/json"},{"key":"Accept","value":"application/json"}],"method":"POST","auth":null,"body":{"mode":"raw","raw":"{\n  \"memoCisClerkNumberCollectorIdentifier\": \"<string>\",\n  \"memoSequenceNumber\": \"<string>\",\n  \"common\": {\n    \"user\": \"<string>\",\n    \"agent\": \"<string>\",\n    \"cycle\": \"<string>\",\n    \"clientNumber\": \"<string>\",\n    \"system\": \"<string>\",\n    \"prin\": \"<string>\",\n    \"debug\": \"<boolean>\",\n    \"org\": \"<string>\",\n    \"processor\": \"<boolean>\",\n    \"contentType\": \"<string>\",\n    \"retry\": \"<long>\",\n    \"timeout\": \"<long>\",\n    \"siteId\": \"<string>\",\n    \"externalCustomerId\": \"<string>\",\n    \"accountId\": \"<string>\",\n    \"presentationId\": \"<string>\"\n  }\n}","options":{"raw":{"language":"json"}}}},"response":[{"id":"0eb76b5c-fc8e-44fd-b828-99e20b081e3c","name":"successful operation","originalRequest":{"url":{"path":["memos","v1","cisDelete"],"host":["{{baseUrl}}"],"query":[],"variable":[]},"header":[{"key":"Accept","value":"application/json"}],"method":"POST","body":{"mode":"raw","raw":"{\n  \"common\": {\n    \"accountId\": \"CISO030000000000\",\n    \"cycle\": \"T\"\n  },\n  \"memoCisClerkNumberCollectorIdentifier\": \"RAT\",\n  \"memoText\": \"Test\",\n  \"memoSequenceNumber\": \"001\"\n}","options":{"raw":{"language":"json"}}}},"status":"OK","code":200,"header":[{"key":"Content-Type","value":"application/json"}],"body":"{\n  \"messages\": [\n    {\n      \"resultCode\": \"0067\",\n      \"messageText\": \"001 RECORDS PROCESSED\"\n    }\n  ]\n}","cookie":[],"_postman_previewlanguage":"json"}],"event":[],"protocolProfileBehavior":{"disableBodyPruning":true}},{"id":"dff80465-b627-4005-b911-ee08bf8f6f76","name":"CHDMEMO ODS View","request":{"name":"CHDMEMO ODS View","description":{"content":"The CHDMEMO view provides access to cardholder memo information. These fields will always be returned: memoSequenceNumber (MEM_SEQ), memoCisClerkNumberCollectorIdentifier (MEM_CLK_ID), memoCisCollectionFlag (MEM_TYPE), memoDate (MEM_DATE) and memoText (MEM_DATA).","type":"text/plain"},"url":{"path":["memos","v1","cisLookup"],"host":["{{baseUrl}}"],"query":[],"variable":[]},"header":[{"key":"Content-Type","value":"application/json"},{"key":"Accept","value":"application/json"}],"method":"POST","auth":null,"body":{"mode":"raw","raw":"{\n  \"selectFields\": [\n    \"<string>\"\n  ],\n  \"common\": {\n    \"user\": \"<string>\",\n    \"agent\": \"<string>\",\n    \"cycle\": \"<string>\",\n    \"clientNumber\": \"<string>\",\n    \"system\": \"<string>\",\n    \"prin\": \"<string>\",\n    \"debug\": \"<boolean>\",\n    \"org\": \"<string>\",\n    \"processor\": \"<boolean>\",\n    \"contentType\": \"<string>\",\n    \"retry\": \"<long>\",\n    \"timeout\": \"<long>\",\n    \"siteId\": \"<string>\",\n    \"externalCustomerId\": \"<string>\",\n    \"accountId\": \"<string>\",\n    \"presentationId\": \"<string>\"\n  },\n  \"odsNaming\": \"<boolean>\",\n  \"startSequence\": \"<string>\",\n  \"endSequence\": \"<string>\",\n  \"memoDate\": \"<string>\",\n  \"memoDateEnd\": \"<string>\",\n  \"memoDateRelationalOperator\": \"<string>\"\n}","options":{"raw":{"language":"json"}}}},"response":[{"id":"ecef4de2-fc2d-4550-a50e-0a20414f408f","name":"successful operation","originalRequest":{"url":{"path":["memos","v1","cisLookup"],"host":["{{baseUrl}}"],"query":[],"variable":[]},"header":[{"key":"Accept","value":"application/json"}],"method":"POST","body":{"mode":"raw","raw":"{\n  \"common\": {\n    \"cycle\": \"T\",\n    \"accountId\": \"AAAA9500000000000\"\n  },\n  \"selectFields\": [\n    \"memoDate\",\n    \"memoCisClerkNumberCollectorIdentifier\",\n    \"memoSequenceNumber\",\n    \"memoText\"\n  ],\n  \"filterIdentifier\": \"ALL\"\n}","options":{"raw":{"language":"json"}}}},"status":"OK","code":200,"header":[{"key":"Content-Type","value":"application/json"}],"body":"{\n  \"cisMemos\": [\n    {\n      \"memoCisClerkNumberCollectorIdentifier\": \"\",\n      \"memoText\": \"MQQHWFA PID-782-16 = U; PREV PI STATUS CODE = L\",\n      \"memoDate\": \"2020-05-29\",\n      \"memoSequenceNumber\": \"004\"\n    },\n    {\n      \"memoCisClerkNumberCollectorIdentifier\": \"\",\n      \"memoText\": \"TH4CWFA PID-782-93 = Y; PREV PI REPLACED IND = N\",\n      \"memoDate\": \"2020-05-29\",\n      \"memoSequenceNumber\": \"003\"\n    },\n    {\n      \"memoCisClerkNumberCollectorIdentifier\": \"\",\n      \"memoText\": \"TH4CWFA PID-782-16 = L; PREV PI STATUS CODE =\",\n      \"memoDate\": \"2020-05-29\",\n      \"memoSequenceNumber\": \"002\"\n    },\n    {\n      \"memoCisClerkNumberCollectorIdentifier\": \"MMQ\",\n      \"memoText\": \"SSR 374355390810659  GENERATED FOR PI ID 374355112066796\",\n      \"memoDate\": \"2020-05-29\",\n      \"memoSequenceNumber\": \"001\"\n    }\n  ]\n}","cookie":[],"_postman_previewlanguage":"json"}],"event":[],"protocolProfileBehavior":{"disableBodyPruning":true}},{"id":"9641425a-ca6f-4a59-997a-3a0300cd4e33","name":"CMEMCHG RPC","request":{"name":"CMEMCHG RPC","description":{"content":"The CMEMCHG function changes the text of a memo ","type":"text/plain"},"url":{"path":["memos","v1","cisUpdate"],"host":["{{baseUrl}}"],"query":[],"variable":[]},"header":[{"key":"Content-Type","value":"application/json"},{"key":"Accept","value":"application/json"}],"method":"POST","auth":null,"body":{"mode":"raw","raw":"{\n  \"memoCisClerkNumberCollectorIdentifier\": \"<string>\",\n  \"memoSequenceNumber\": \"<string>\",\n  \"memoText\": \"<string>\",\n  \"common\": {\n    \"user\": \"<string>\",\n    \"agent\": \"<string>\",\n    \"cycle\": \"<string>\",\n    \"clientNumber\": \"<string>\",\n    \"system\": \"<string>\",\n    \"prin\": \"<string>\",\n    \"debug\": \"<boolean>\",\n    \"org\": \"<string>\",\n    \"processor\": \"<boolean>\",\n    \"contentType\": \"<string>\",\n    \"retry\": \"<long>\",\n    \"timeout\": \"<long>\",\n    \"siteId\": \"<string>\",\n    \"externalCustomerId\": \"<string>\",\n    \"accountId\": \"<string>\",\n    \"presentationId\": \"<string>\"\n  }\n}","options":{"raw":{"language":"json"}}}},"response":[{"id":"e0e4bda7-7fbd-4d35-9b0f-c7d211945ea1","name":"successful operation","originalRequest":{"url":{"path":["memos","v1","cisUpdate"],"host":["{{baseUrl}}"],"query":[],"variable":[]},"header":[{"key":"Accept","value":"application/json"}],"method":"POST","body":{"mode":"raw","raw":"{\n  \"common\": {\n    \"accountId\": \"CISO020000000000\",\n    \"cycle\": \"T\"\n  },\n  \"memoCisClerkNumberCollectorIdentifier\": \"RAT\",\n  \"memoText\": \"Test\",\n  \"memoSequenceNumber\": \"001\"\n}","options":{"raw":{"language":"json"}}}},"status":"OK","code":200,"header":[{"key":"Content-Type","value":"application/json"}],"body":"{\n  \"messages\": [\n    {\n      \"resultCode\": \"0067\",\n      \"messageText\": \"001 RECORDS PROCESSED\"\n    }\n  ]\n}","cookie":[],"_postman_previewlanguage":"json"}],"event":[],"protocolProfileBehavior":{"disableBodyPruning":true}},{"id":"35e10b61-198e-4774-ac0c-e46215f3e0d4","name":"COMPANY_MEMO_ADD RPC","request":{"name":"COMPANY_MEMO_ADD RPC","description":{"content":"The COMPANY_MEMO_ADD function enables you to add a new memo line with a maximum of 45 characters. Required Fields: common.system, common.prin, common.agent, companyNumber, memoText. ","type":"text/plain"},"url":{"path":["memos","v1","companyAdd"],"host":["{{baseUrl}}"],"query":[],"variable":[]},"header":[{"key":"Content-Type","value":"application/json"},{"key":"Accept","value":"application/json"}],"method":"POST","auth":null,"body":{"mode":"raw","raw":"{\n  \"companyNumber\": \"<string>\",\n  \"memoText\": \"<string>\",\n  \"common\": {\n    \"agent\": \"<string>\",\n    \"prin\": \"<string>\",\n    \"system\": \"<string>\",\n    \"user\": \"<string>\",\n    \"cycle\": \"<string>\",\n    \"clientNumber\": \"<string>\",\n    \"debug\": \"<boolean>\",\n    \"org\": \"<string>\",\n    \"processor\": \"<boolean>\",\n    \"contentType\": \"<string>\",\n    \"retry\": \"<long>\",\n    \"timeout\": \"<long>\",\n    \"siteId\": \"<string>\"\n  }\n}","options":{"raw":{"language":"json"}}}},"response":[{"id":"135fcf34-2a82-4947-b575-fa08eda1ce84","name":"successful operation","originalRequest":{"url":{"path":["memos","v1","companyAdd"],"host":["{{baseUrl}}"],"query":[],"variable":[]},"header":[{"key":"Accept","value":"application/json"}],"method":"POST","body":{"mode":"raw","raw":"{\n  \"companyNumber\": \"<string>\",\n  \"memoText\": \"<string>\",\n  \"common\": {\n    \"agent\": \"<string>\",\n    \"prin\": \"<string>\",\n    \"system\": \"<string>\",\n    \"user\": \"<string>\",\n    \"cycle\": \"T\",\n    \"clientNumber\": \"1000\",\n    \"debug\": \"<boolean>\",\n    \"org\": \"<string>\",\n    \"processor\": \"<boolean>\",\n    \"contentType\": \"<string>\",\n    \"retry\": 0,\n    \"timeout\": 45000,\n    \"siteId\": \"4201\"\n  }\n}","options":{"raw":{"language":"json"}}}},"status":"OK","code":200,"header":[{"key":"Content-Type","value":"application/json"}],"body":"{\n  \"common\": {\n    \"user\": \"aliqua\",\n    \"agent\": \"4000\",\n    \"cycle\": \"T\",\n    \"clientNumber\": \"1000\",\n    \"system\": \"2000\",\n    \"prin\": \"3000\",\n    \"debug\": false,\n    \"org\": \"magna ea ipsum veniam\",\n    \"processor\": false,\n    \"contentType\": \"anim\",\n    \"retry\": 0,\n    \"timeout\": 45000,\n    \"siteId\": \"4201\"\n  },\n  \"processorInfo\": {\n    \"system\": \"et in\",\n    \"cycle\": \"sit aute est\",\n    \"tor\": \"est quis\",\n    \"mode\": \"cupidatat ipsum anim\"\n  },\n  \"message\": {\n    \"resultCode\": \"esse ad ea et\",\n    \"messageText\": \"in adipisicing\",\n    \"transactionStatus\": \"q\"\n  },\n  \"sequenceNumber\": \"amet aliquip occaecat\"\n}","cookie":[],"_postman_previewlanguage":"json"}],"event":[],"protocolProfileBehavior":{"disableBodyPruning":true}},{"id":"3e1f2985-5d91-4cc7-9cbd-fe5168ddb18e","name":"COMPANY_MEMO_DELETE RPC","request":{"name":"COMPANY_MEMO_DELETE RPC","description":{"content":"The COMPANY_MEMO_DELETE function enables you to delete an existing company memo.\nThis function emulates the *YMD transaction.\nRequired Fields: common.system, common.prin, common.agent, companyNumber, sequenceNumber. ","type":"text/plain"},"url":{"path":["memos","v1","companyDelete"],"host":["{{baseUrl}}"],"query":[],"variable":[]},"header":[{"key":"Content-Type","value":"application/json"},{"key":"Accept","value":"application/json"}],"method":"POST","auth":null,"body":{"mode":"raw","raw":"{\n  \"companyNumber\": \"<string>\",\n  \"sequenceNumber\": \"<string>\",\n  \"common\": {\n    \"user\": \"<string>\",\n    \"agent\": \"<string>\",\n    \"cycle\": \"<string>\",\n    \"clientNumber\": \"<string>\",\n    \"system\": \"<string>\",\n    \"prin\": \"<string>\",\n    \"debug\": \"<boolean>\",\n    \"org\": \"<string>\",\n    \"processor\": \"<boolean>\",\n    \"contentType\": \"<string>\",\n    \"retry\": \"<long>\",\n    \"timeout\": \"<long>\",\n    \"siteId\": \"<string>\",\n    \"externalCustomerId\": \"<string>\",\n    \"accountId\": \"<string>\",\n    \"presentationId\": \"<string>\"\n  }\n}","options":{"raw":{"language":"json"}}}},"response":[{"id":"0362c1e1-9e57-44ce-9f5c-cf4fa7d851fd","name":"successful operation","originalRequest":{"url":{"path":["memos","v1","companyDelete"],"host":["{{baseUrl}}"],"query":[],"variable":[]},"header":[{"key":"Accept","value":"application/json"}],"method":"POST","body":{"mode":"raw","raw":"{\n  \"companyNumber\": \"<string>\",\n  \"sequenceNumber\": \"<string>\",\n  \"common\": {\n    \"user\": \"<string>\",\n    \"agent\": \"4000\",\n    \"cycle\": \"T\",\n    \"clientNumber\": \"1000\",\n    \"system\": \"2000\",\n    \"prin\": \"3000\",\n    \"debug\": \"<boolean>\",\n    \"org\": \"<string>\",\n    \"processor\": \"<boolean>\",\n    \"contentType\": \"<string>\",\n    \"retry\": 0,\n    \"timeout\": 45000,\n    \"siteId\": \"4201\",\n    \"externalCustomerId\": \"<string>\",\n    \"accountId\": \"8888888888888888\",\n    \"presentationId\": \"<string>\"\n  }\n}","options":{"raw":{"language":"json"}}}},"status":"OK","code":200,"header":[{"key":"Content-Type","value":"application/json"}],"body":"{\n  \"processorInfo\": {\n    \"system\": \"consectetur nulla incididu\",\n    \"cycle\": \"ullamco officia nulla\",\n    \"tor\": \"enim aliquip\",\n    \"mode\": \"deserunt\"\n  },\n  \"messages\": [\n    {\n      \"resultCode\": \"quis enim\",\n      \"messageText\": \"Excepteur\",\n      \"transactionStatus\": \"ea commodo laboris\"\n    },\n    {\n      \"resultCode\": \"sint exercitation\",\n      \"messageText\": \"quis\",\n      \"transactionStatus\": \"occ\"\n    }\n  ]\n}","cookie":[],"_postman_previewlanguage":"json"}],"event":[],"protocolProfileBehavior":{"disableBodyPruning":true}},{"id":"3e0f4a0f-8b87-4d50-9a4d-1e716d90c107","name":"COMPANY_MEMO ODS View","request":{"name":"COMPANY_MEMO ODS View","description":{"content":"The COMPANY_MEMO view provides access to information about company memos.\nRequired Fields: common.system, common.prin, common.agent, companyIdentifier. ","type":"text/plain"},"url":{"path":["memos","v1","companyMemo"],"host":["{{baseUrl}}"],"query":[],"variable":[]},"header":[{"key":"Content-Type","value":"application/json"},{"key":"Accept","value":"application/json"}],"method":"POST","auth":null,"body":{"mode":"raw","raw":"{\n  \"companyIdentifier\": \"<string>\",\n  \"endSequence\": \"<string>\",\n  \"selectFields\": [\n    \"<string>\"\n  ],\n  \"startSequence\": \"<string>\",\n  \"common\": {\n    \"user\": \"<string>\",\n    \"agent\": \"<string>\",\n    \"cycle\": \"<string>\",\n    \"clientNumber\": \"<string>\",\n    \"system\": \"<string>\",\n    \"prin\": \"<string>\",\n    \"debug\": \"<boolean>\",\n    \"org\": \"<string>\",\n    \"processor\": \"<boolean>\",\n    \"contentType\": \"<string>\",\n    \"retry\": \"<long>\",\n    \"timeout\": \"<long>\",\n    \"siteId\": \"<string>\",\n    \"externalCustomerId\": \"<string>\",\n    \"accountId\": \"<string>\",\n    \"presentationId\": \"<string>\"\n  },\n  \"odsNaming\": \"<boolean>\",\n  \"memoDate\": \"<string>\",\n  \"memoDateEnd\": \"<string>\",\n  \"dateOperator\": \"<string>\"\n}","options":{"raw":{"language":"json"}}}},"response":[{"id":"6f6c0d33-72de-4b79-8502-bd4d1d3cc773","name":"successful operation","originalRequest":{"url":{"path":["memos","v1","companyMemo"],"host":["{{baseUrl}}"],"query":[],"variable":[]},"header":[{"key":"Accept","value":"application/json"}],"method":"POST","body":{"mode":"raw","raw":"{\n  \"companyIdentifier\": \"<string>\",\n  \"endSequence\": \"25\",\n  \"selectFields\": [\n    \"anyvalidfieldname1\",\n    \"anyvalidfieldname2\",\n    \"anyvalidfieldname3\",\n    \"anyvalidfieldname?\",\n    \"anyvalidfieldname?n\"\n  ],\n  \"startSequence\": \"1\",\n  \"common\": {\n    \"user\": \"<string>\",\n    \"agent\": \"4000\",\n    \"cycle\": \"T\",\n    \"clientNumber\": \"1000\",\n    \"system\": \"2000\",\n    \"prin\": \"3000\",\n    \"debug\": \"<boolean>\",\n    \"org\": \"<string>\",\n    \"processor\": \"<boolean>\",\n    \"contentType\": \"<string>\",\n    \"retry\": 0,\n    \"timeout\": 45000,\n    \"siteId\": \"4201\",\n    \"externalCustomerId\": \"<string>\",\n    \"accountId\": \"8888888888888888\",\n    \"presentationId\": \"<string>\"\n  },\n  \"odsNaming\": \"<boolean>\",\n  \"memoDate\": \"YYYYMMDD\",\n  \"memoDateEnd\": \"YYYYMMDD\",\n  \"dateOperator\": \"BETWEEN\"\n}","options":{"raw":{"language":"json"}}}},"status":"OK","code":200,"header":[{"key":"Content-Type","value":"application/json"}],"body":"{\n  \"processorInfo\": {\n    \"system\": \"quis nulla\",\n    \"cycle\": \"incidi\",\n    \"tor\": \"eu irure\",\n    \"mode\": \"ullamco consectetur\"\n  },\n  \"companyMemos\": [\n    {\n      \"agentIdentifier\": \"aliquip Duis\",\n      \"agentNumber\": \"do nostrud\",\n      \"companyIdentifier\": \"ea exercitation dolore eu\",\n      \"memoDate\": \"ut\",\n      \"memoText\": \"aliquip sed ullamco\",\n      \"operatorIdentifier\": \"in occaecat est ex\",\n      \"principalIdentifier\": \"Ut non culpa\",\n      \"principalNumber\": \"enim dolor sunt\",\n      \"sequenceNumber\": \"eiusmod qui\",\n      \"systemIdentifier\": \"aute\",\n      \"systemNumber\": \"proident sunt cillum velit\"\n    },\n    {\n      \"agentIdentifier\": \"in anim n\",\n      \"agentNumber\": \"occaecat amet reprehenderit qui in\",\n      \"companyIdentifier\": \"proident consectetur\",\n      \"memoDate\": \"Ut sunt ea Excepteur\",\n      \"memoText\": \"cupidatat dolore\",\n      \"operatorIdentifier\": \"deserunt\",\n      \"principalIdentifier\": \"proident adipisicing occaecat\",\n      \"principalNumber\": \"consequat\",\n      \"sequenceNumber\": \"veniam ea nulla ipsum\",\n      \"systemIdentifier\": \"sint sed aute ullamco mollit\",\n      \"systemNumber\": \"velit officia\"\n    }\n  ]\n}","cookie":[],"_postman_previewlanguage":"json"}],"event":[],"protocolProfileBehavior":{"disableBodyPruning":true}},{"id":"f0886c30-64c4-46e9-84af-6bf96816a1f9","name":"COMPANY_MEMO_UPDATE RPC","request":{"name":"COMPANY_MEMO_UPDATE RPC","description":{"content":"The COMPANY_MEMO_UPDATE function enables you to update an existing company memo.\nThis function emulates the *YMU transaction.\nRequired Fields: common.system, common.prin, common.agent, companyNumber, sequenceNumber, memoText. ","type":"text/plain"},"url":{"path":["memos","v1","companyUpdate"],"host":["{{baseUrl}}"],"query":[],"variable":[]},"header":[{"key":"Content-Type","value":"application/json"},{"key":"Accept","value":"application/json"}],"method":"POST","auth":null,"body":{"mode":"raw","raw":"{\n  \"companyNumber\": \"<string>\",\n  \"memoText\": \"<string>\",\n  \"sequenceNumber\": \"<string>\",\n  \"common\": {\n    \"user\": \"<string>\",\n    \"agent\": \"<string>\",\n    \"cycle\": \"<string>\",\n    \"clientNumber\": \"<string>\",\n    \"system\": \"<string>\",\n    \"prin\": \"<string>\",\n    \"debug\": \"<boolean>\",\n    \"org\": \"<string>\",\n    \"processor\": \"<boolean>\",\n    \"contentType\": \"<string>\",\n    \"retry\": \"<long>\",\n    \"timeout\": \"<long>\",\n    \"siteId\": \"<string>\",\n    \"externalCustomerId\": \"<string>\",\n    \"accountId\": \"<string>\",\n    \"presentationId\": \"<string>\"\n  }\n}","options":{"raw":{"language":"json"}}}},"response":[{"id":"dd329d91-dcdb-4906-a97a-e5df847cc1ee","name":"successful operation","originalRequest":{"url":{"path":["memos","v1","companyUpdate"],"host":["{{baseUrl}}"],"query":[],"variable":[]},"header":[{"key":"Accept","value":"application/json"}],"method":"POST","body":{"mode":"raw","raw":"{\n  \"companyNumber\": \"<string>\",\n  \"memoText\": \"<string>\",\n  \"sequenceNumber\": \"<string>\",\n  \"common\": {\n    \"user\": \"<string>\",\n    \"agent\": \"4000\",\n    \"cycle\": \"T\",\n    \"clientNumber\": \"1000\",\n    \"system\": \"2000\",\n    \"prin\": \"3000\",\n    \"debug\": \"<boolean>\",\n    \"org\": \"<string>\",\n    \"processor\": \"<boolean>\",\n    \"contentType\": \"<string>\",\n    \"retry\": 0,\n    \"timeout\": 45000,\n    \"siteId\": \"4201\",\n    \"externalCustomerId\": \"<string>\",\n    \"accountId\": \"8888888888888888\",\n    \"presentationId\": \"<string>\"\n  }\n}","options":{"raw":{"language":"json"}}}},"status":"OK","code":200,"header":[{"key":"Content-Type","value":"application/json"}],"body":"{\n  \"processorInfo\": {\n    \"system\": \"veniam sit labore\",\n    \"cycle\": \"Duis reprehenderit nisi\",\n    \"tor\": \"ut sint anim adipisicing\",\n    \"mode\": \"deserunt enim occaecat\"\n  },\n  \"messages\": [\n    {\n      \"resultCode\": \"mollit\",\n      \"messageText\": \"aliqua non\",\n      \"transactionStatus\": \"ut nisi aliqua\"\n    },\n    {\n      \"resultCode\": \"dolore fugiat eu\",\n      \"messageText\": \"minim\",\n      \"transactionStatus\": \"ipsum consectetur ut in\"\n    }\n  ]\n}","cookie":[],"_postman_previewlanguage":"json"}],"event":[],"protocolProfileBehavior":{"disableBodyPruning":true}},{"id":"2f93c5d4-0182-4511-b3af-0e9013136a98","name":"MERCHANT_MEMO_ADD RPC","request":{"name":"MERCHANT_MEMO_ADD RPC","description":{"content":"The MERCHANT_MEMO_ADD function enables you to add MERCHANT MEMOS Required Fields: merchantEnteredID, opertCde, memoTxt,  ","type":"text/plain"},"url":{"path":["memos","v1","merchantMemoAdd"],"host":["{{baseUrl}}"],"query":[],"variable":[]},"header":[{"key":"Content-Type","value":"application/json"},{"key":"Accept","value":"application/json"}],"method":"POST","auth":null,"body":{"mode":"raw","raw":"{\n  \"memoTxt\": \"<string>\",\n  \"merchantEnteredId\": \"<string>\",\n  \"opertCde\": \"<string>\",\n  \"common\": {\n    \"user\": \"<string>\",\n    \"agent\": \"<string>\",\n    \"cycle\": \"<string>\",\n    \"clientNumber\": \"<string>\",\n    \"system\": \"<string>\",\n    \"prin\": \"<string>\",\n    \"debug\": \"<boolean>\",\n    \"org\": \"<string>\",\n    \"processor\": \"<boolean>\",\n    \"contentType\": \"<string>\",\n    \"retry\": \"<long>\",\n    \"timeout\": \"<long>\",\n    \"siteId\": \"<string>\",\n    \"externalCustomerId\": \"<string>\",\n    \"accountId\": \"<string>\",\n    \"presentationId\": \"<string>\"\n  }\n}","options":{"raw":{"language":"json"}}}},"response":[{"id":"4bd57fae-124a-47da-a0ce-df64fb4b67da","name":"successful operation","originalRequest":{"url":{"path":["memos","v1","merchantMemoAdd"],"host":["{{baseUrl}}"],"query":[],"variable":[]},"header":[{"key":"Accept","value":"application/json"}],"method":"POST","body":{"mode":"raw","raw":"{\n  \"memoTxt\": \"<string>\",\n  \"merchantEnteredId\": \"stringstringstri\",\n  \"opertCde\": \"str\",\n  \"common\": {\n    \"user\": \"<string>\",\n    \"agent\": \"4000\",\n    \"cycle\": \"T\",\n    \"clientNumber\": \"1000\",\n    \"system\": \"2000\",\n    \"prin\": \"3000\",\n    \"debug\": \"<boolean>\",\n    \"org\": \"<string>\",\n    \"processor\": \"<boolean>\",\n    \"contentType\": \"<string>\",\n    \"retry\": 0,\n    \"timeout\": 45000,\n    \"siteId\": \"4201\",\n    \"externalCustomerId\": \"<string>\",\n    \"accountId\": \"8888888888888888\",\n    \"presentationId\": \"<string>\"\n  }\n}","options":{"raw":{"language":"json"}}}},"status":"OK","code":200,"header":[{"key":"Content-Type","value":"application/json"}],"body":"{\n  \"common\": {\n    \"user\": \"adipisicing\",\n    \"agent\": \"4000\",\n    \"cycle\": \"T\",\n    \"clientNumber\": \"1000\",\n    \"system\": \"2000\",\n    \"prin\": \"3000\",\n    \"debug\": false,\n    \"org\": \"laborum laboris\",\n    \"processor\": false,\n    \"contentType\": \"qui labo\",\n    \"retry\": 0,\n    \"timeout\": 45000,\n    \"siteId\": \"4201\"\n  },\n  \"merchAcctId\": \"fugiat qui\",\n  \"seqId\": \"incididunt in\"\n}","cookie":[],"_postman_previewlanguage":"json"}],"event":[],"protocolProfileBehavior":{"disableBodyPruning":true}}],"event":[]}],"event":[],"variable":[{"type":"string","value":"https://cat.api.firstdata.com/fs","key":"baseUrl"}],"info":{"_postman_id":"0a02a484-cce2-414e-9c1c-9f281a1117e9","name":"fs-proxy-1","schema":"https://schema.getpostman.com/json/collection/v2.1.0/collection.json","description":{"content":"Welcome to the Financial Services API documentation","type":"text/plain"}}}