{"item":[{"id":"105d7eff-31f9-498d-8a55-55eb704bf5c8","name":"collections/v1","item":[{"id":"e065fdfc-fe17-4286-bdca-0c5159404121","name":"IRS2_1099C_FORM_ADD RPC","request":{"name":"IRS2_1099C_FORM_ADD RPC","description":{"content":"The IRS2_1099C_FORM_ADD function enables you to add a record for each account that has been discharged of debt for the previous tax year.","type":"text/plain"},"url":{"path":["collections","v1","addIrs21099cForm"],"host":["{{baseUrl}}"],"query":[],"variable":[]},"header":[{"key":"Content-Type","value":"*/*"},{"key":"Accept","value":"application/json"}],"method":"POST","auth":null,"body":{"mode":"raw","raw":"{\n  \"bankruptcyIndicator\": \"<string>\",\n  \"cityName\": \"<string>\",\n  \"creditorAddressLineoneText\": \"<string>\",\n  \"creditorCityName\": \"<string>\",\n  \"creditorIdentifier\": \"<string>\",\n  \"creditorName\": \"<string>\",\n  \"creditorPhoneIdentifier\": \"<string>\",\n  \"creditorPostalCode\": \"<string>\",\n  \"creditorStateCode\": \"<string>\",\n  \"debtOriginCode\": \"<string>\",\n  \"dischargeAmount\": \"<string>\",\n  \"dischargeDate\": \"<string>\",\n  \"postalCode\": \"<string>\",\n  \"primaryCustomerName\": \"<string>\",\n  \"reportTypeCode\": \"<string>\",\n  \"stateIdentifier\": \"<string>\",\n  \"taxYearDate\": \"<string>\",\n  \"common\": {\n    \"user\": \"<string>\",\n    \"agent\": \"<string>\",\n    \"cycle\": \"<string>\",\n    \"clientNumber\": \"<string>\",\n    \"system\": \"<string>\",\n    \"prin\": \"<string>\",\n    \"debug\": \"<boolean>\",\n    \"org\": \"<string>\",\n    \"processor\": \"<boolean>\",\n    \"contentType\": \"<string>\",\n    \"retry\": \"<long>\",\n    \"timeout\": \"<long>\",\n    \"siteId\": \"<string>\",\n    \"externalCustomerId\": \"<string>\",\n    \"accountId\": \"<string>\",\n    \"presentationId\": \"<string>\"\n  },\n  \"secondaryCustomerName\": \"<string>\",\n  \"addressLineOneText\": \"<string>\",\n  \"addressLineTwoText\": \"<string>\",\n  \"primarySocialSecurityNumberIdentifier\": \"<string>\",\n  \"secondarySocialSecurityNumberIdentifier\": \"<string>\",\n  \"interestIncludedinDischargeAmount\": \"<string>\",\n  \"eventCode\": \"<string>\"\n}"}},"response":[{"id":"1ef29bcf-640f-4a09-9a25-94f189656416","name":"successful operation","originalRequest":{"url":{"path":["collections","v1","addIrs21099cForm"],"host":["{{baseUrl}}"],"query":[],"variable":[]},"header":[{"key":"Accept","value":"application/json"}],"method":"POST","body":{"mode":"raw","raw":"{\n  \"bankruptcyIndicator\": \"<string>\",\n  \"cityName\": \"<string>\",\n  \"creditorAddressLineoneText\": \"<string>\",\n  \"creditorCityName\": \"<string>\",\n  \"creditorIdentifier\": \"<string>\",\n  \"creditorName\": \"<string>\",\n  \"creditorPhoneIdentifier\": \"<string>\",\n  \"creditorPostalCode\": \"<string>\",\n  \"creditorStateCode\": \"<string>\",\n  \"debtOriginCode\": \"<string>\",\n  \"dischargeAmount\": \"<string>\",\n  \"dischargeDate\": \"<string>\",\n  \"postalCode\": \"<string>\",\n  \"primaryCustomerName\": \"<string>\",\n  \"reportTypeCode\": \"<string>\",\n  \"stateIdentifier\": \"<string>\",\n  \"taxYearDate\": \"<string>\",\n  \"common\": {\n    \"user\": \"<string>\",\n    \"agent\": \"4000\",\n    \"cycle\": \"T\",\n    \"clientNumber\": \"1000\",\n    \"system\": \"2000\",\n    \"prin\": \"3000\",\n    \"debug\": \"<boolean>\",\n    \"org\": \"<string>\",\n    \"processor\": \"<boolean>\",\n    \"contentType\": \"<string>\",\n    \"retry\": 0,\n    \"timeout\": 45000,\n    \"siteId\": \"4201\",\n    \"externalCustomerId\": \"<string>\",\n    \"accountId\": \"8888888888888888\",\n    \"presentationId\": \"<string>\"\n  },\n  \"secondaryCustomerName\": \"<string>\",\n  \"addressLineOneText\": \"<string>\",\n  \"addressLineTwoText\": \"<string>\",\n  \"primarySocialSecurityNumberIdentifier\": \"<string>\",\n  \"secondarySocialSecurityNumberIdentifier\": \"<string>\",\n  \"interestIncludedinDischargeAmount\": \"<string>\",\n  \"eventCode\": \"<string>\"\n}"}},"status":"OK","code":200,"header":[{"key":"Content-Type","value":"application/json"}],"body":"{\n  \"processorInfo\": {\n    \"system\": \"velit sit\",\n    \"cycle\": \"Lorem nisi ullamco veniam\",\n    \"tor\": \"in et Duis Excepteur\",\n    \"mode\": \"ipsum aute do\"\n  },\n  \"messages\": [\n    {\n      \"resultCode\": \"non voluptate\",\n      \"messageText\": \"aliquip dolore aute enim ea\",\n      \"transactionStatus\": \"Lorem sunt aute\"\n    },\n    {\n      \"resultCode\": \"occaecat in dolore cillum\",\n      \"messageText\": \"aliquip veniam sunt nostrud\",\n      \"transactionStatus\": \"sit\"\n    }\n  ],\n  \"messageMap\": {\n    \"labore_5\": \"mollit proident officia Excepteur\",\n    \"cillum__1\": \"aliquip do fugiat\"\n  }\n}","cookie":[],"_postman_previewlanguage":"json"}],"event":[],"protocolProfileBehavior":{"disableBodyPruning":true}},{"id":"c4ce0cac-408b-42dc-9836-8ae1983decb3","name":"ACTION_ENTRY ODS View","request":{"name":"ACTION_ENTRY ODS View","description":{"content":"The ACTION_ENTRY view provides access to Action Entry information using\nsearch functions not available with the AENTRY view. Required Fields: common.accountId or\ncommon.presentationId or common.system","type":"text/plain"},"url":{"path":["collections","v1","actionEntry"],"host":["{{baseUrl}}"],"query":[],"variable":[]},"header":[{"key":"Content-Type","value":"application/json"},{"key":"Accept","value":"application/json"}],"method":"POST","auth":null,"body":{"mode":"raw","raw":"{\n  \"endSequence\": \"<string>\",\n  \"selectFields\": [\n    \"<string>\"\n  ],\n  \"startSequence\": \"<string>\",\n  \"common\": {\n    \"user\": \"<string>\",\n    \"agent\": \"<string>\",\n    \"cycle\": \"<string>\",\n    \"clientNumber\": \"<string>\",\n    \"system\": \"<string>\",\n    \"prin\": \"<string>\",\n    \"debug\": \"<boolean>\",\n    \"org\": \"<string>\",\n    \"processor\": \"<boolean>\",\n    \"contentType\": \"<string>\",\n    \"retry\": \"<long>\",\n    \"timeout\": \"<long>\",\n    \"siteId\": \"<string>\",\n    \"externalCustomerId\": \"<string>\",\n    \"accountId\": \"<string>\",\n    \"presentationId\": \"<string>\"\n  },\n  \"odsNaming\": \"<boolean>\",\n  \"actionEntryPrefixCode\": \"<string>\",\n  \"actionEntryDate\": \"<string>\"\n}","options":{"raw":{"language":"json"}}}},"response":[{"id":"c4cf1c1c-032a-41c8-9ffd-c04cc97b872b","name":"successful operation","originalRequest":{"url":{"path":["collections","v1","actionEntry"],"host":["{{baseUrl}}"],"query":[],"variable":[]},"header":[{"key":"Accept","value":"application/json"}],"method":"POST","body":{"mode":"raw","raw":"{\n  \"endSequence\": \"25\",\n  \"selectFields\": [\n    \"anyvalidfieldname1\",\n    \"anyvalidfieldname2\",\n    \"anyvalidfieldname3\",\n    \"anyvalidfieldname…\",\n    \"anyvalidfieldname…n\"\n  ],\n  \"startSequence\": \"1\",\n  \"common\": {\n    \"user\": \"<string>\",\n    \"agent\": \"4000\",\n    \"cycle\": \"T\",\n    \"clientNumber\": \"1000\",\n    \"system\": \"2000\",\n    \"prin\": \"3000\",\n    \"debug\": \"<boolean>\",\n    \"org\": \"<string>\",\n    \"processor\": \"<boolean>\",\n    \"contentType\": \"<string>\",\n    \"retry\": 0,\n    \"timeout\": 45000,\n    \"siteId\": \"4201\",\n    \"externalCustomerId\": \"<string>\",\n    \"accountId\": \"8888888888888888\",\n    \"presentationId\": \"<string>\"\n  },\n  \"odsNaming\": \"<boolean>\",\n  \"actionEntryPrefixCode\": \"<string>\",\n  \"actionEntryDate\": \"<string>\"\n}","options":{"raw":{"language":"json"}}}},"status":"OK","code":200,"header":[{"key":"Content-Type","value":"application/json"}],"body":"{\n  \"processorInfo\": {\n    \"system\": \"ut et eiusmod\",\n    \"cycle\": \"do eiusmod\",\n    \"tor\": \"nulla dolor ut dolore\",\n    \"mode\": \"dolore ea\"\n  },\n  \"actionEntryFields\": [\n    {\n      \"selectedFields\": {\n        \"tempord32\": \"ut exercitation mollit\"\n      },\n      \"accountIdentifier\": \"laborum cupidatat\",\n      \"actionEntryCode\": \"ipsum exercitation quis enim\",\n      \"actionEntryDate\": \"consectetur\",\n      \"actionEntryPrefixCode\": \"nisi irure aute\",\n      \"agentIdentifier\": \"sint ullamco\",\n      \"collectorIdentifier\": \"ex officia\",\n      \"convertedEnteredIdentifier\": \"in aute nostrud ad\",\n      \"enteredIdentifier\": \"ex commodo aliqua\",\n      \"principleIdentifier\": \"cillum in exercitation\",\n      \"sequenceIdentifier\": \"in magna est ipsum\",\n      \"systemIdentifier\": \"fugiat sit\"\n    },\n    {\n      \"selectedFields\": {\n        \"est_e5\": \"ex enim Lorem in\",\n        \"in_fe\": \"\"\n      },\n      \"accountIdentifier\": \"dolore pariatur\",\n      \"actionEntryCode\": \"Excepteur cillum pariatur quis\",\n      \"actionEntryDate\": \"dolore Ut Lorem qui\",\n      \"actionEntryPrefixCode\": \"ad labore nisi\",\n      \"agentIdentifier\": \"consectetur\",\n      \"collectorIdentifier\": \"dolor culpa \",\n      \"convertedEnteredIdentifier\": \"ea anim ut\",\n      \"enteredIdentifier\": \"officia cupidatat exercitation\",\n      \"principleIdentifier\": \"Excepteur occaecat dolore dolor\",\n      \"sequenceIdentifier\": \"ad minim nostrud et\",\n      \"systemIdentifier\": \"dolore voluptate et sed dolore\"\n    }\n  ]\n}","cookie":[],"_postman_previewlanguage":"json"}],"event":[],"protocolProfileBehavior":{"disableBodyPruning":true}},{"id":"310f1244-b748-4c0b-bcd4-47f4a9d300ab","name":"XAAPROC RPC","request":{"name":"XAAPROC RPC","description":{"content":"The XAAPROC function adds an action entry on the cardholder account being worked.\nAction entry codes identify telephone calls and other actions made by the collector while working the account.\nThis function emulates the XAA transaction.\nRequired Fields: common.accountId, collectorCode, and entryCode. ","type":"text/plain"},"url":{"path":["collections","v1","addActionEntry"],"host":["{{baseUrl}}"],"query":[],"variable":[]},"header":[{"key":"Content-Type","value":"application/json"},{"key":"Accept","value":"application/json"}],"method":"POST","auth":null,"body":{"mode":"raw","raw":"{\n  \"collectorCode\": \"<string>\",\n  \"entryCode\": \"<string>\",\n  \"common\": {\n    \"user\": \"<string>\",\n    \"agent\": \"<string>\",\n    \"cycle\": \"<string>\",\n    \"clientNumber\": \"<string>\",\n    \"system\": \"<string>\",\n    \"prin\": \"<string>\",\n    \"debug\": \"<boolean>\",\n    \"org\": \"<string>\",\n    \"processor\": \"<boolean>\",\n    \"contentType\": \"<string>\",\n    \"retry\": \"<long>\",\n    \"timeout\": \"<long>\",\n    \"siteId\": \"<string>\",\n    \"externalCustomerId\": \"<string>\",\n    \"accountId\": \"<string>\",\n    \"presentationId\": \"<string>\"\n  }\n}","options":{"raw":{"language":"json"}}}},"response":[{"id":"479a1e20-0602-42fb-ba1d-24d43b0331e5","name":"successful operation","originalRequest":{"url":{"path":["collections","v1","addActionEntry"],"host":["{{baseUrl}}"],"query":[],"variable":[]},"header":[{"key":"Accept","value":"application/json"}],"method":"POST","body":{"mode":"raw","raw":"{\n  \"collectorCode\": \"<string>\",\n  \"entryCode\": \"<string>\",\n  \"common\": {\n    \"user\": \"<string>\",\n    \"agent\": \"4000\",\n    \"cycle\": \"T\",\n    \"clientNumber\": \"1000\",\n    \"system\": \"2000\",\n    \"prin\": \"3000\",\n    \"debug\": \"<boolean>\",\n    \"org\": \"<string>\",\n    \"processor\": \"<boolean>\",\n    \"contentType\": \"<string>\",\n    \"retry\": 0,\n    \"timeout\": 45000,\n    \"siteId\": \"4201\",\n    \"externalCustomerId\": \"<string>\",\n    \"accountId\": \"8888888888888888\",\n    \"presentationId\": \"<string>\"\n  }\n}","options":{"raw":{"language":"json"}}}},"status":"OK","code":200,"header":[{"key":"Content-Type","value":"application/json"}],"body":"{\n  \"processorInfo\": {\n    \"system\": \"et ex\",\n    \"cycle\": \"laboris enim consequat\",\n    \"tor\": \"deserun\",\n    \"mode\": \"elit magna anim Excepteur\"\n  },\n  \"sequenceNumber\": \"dolor fugiat sed\"\n}","cookie":[],"_postman_previewlanguage":"json"}],"event":[],"protocolProfileBehavior":{"disableBodyPruning":true}},{"id":"b1d294a9-6c4d-49e1-b3dd-e78c2a01c39e","name":"COL_HISTORY ODS View","request":{"name":"COL_HISTORY ODS View","description":{"content":"The COL_HISTORY view provides access to collection account history information. Required Fields: Entered Identifier (common.accountId or common.presentationId), selectFields. ","type":"text/plain"},"url":{"path":["collections","v1","collectionHistory"],"host":["{{baseUrl}}"],"query":[],"variable":[]},"header":[{"key":"Content-Type","value":"application/json"},{"key":"Accept","value":"application/json"}],"method":"POST","auth":null,"body":{"mode":"raw","raw":"{\n  \"endSequence\": \"<string>\",\n  \"selectFields\": [\n    \"<string>\"\n  ],\n  \"startSequence\": \"<string>\",\n  \"common\": {\n    \"user\": \"<string>\",\n    \"agent\": \"<string>\",\n    \"cycle\": \"<string>\",\n    \"clientNumber\": \"<string>\",\n    \"system\": \"<string>\",\n    \"prin\": \"<string>\",\n    \"debug\": \"<boolean>\",\n    \"org\": \"<string>\",\n    \"processor\": \"<boolean>\",\n    \"contentType\": \"<string>\",\n    \"retry\": \"<long>\",\n    \"timeout\": \"<long>\",\n    \"siteId\": \"<string>\",\n    \"externalCustomerId\": \"<string>\",\n    \"accountId\": \"<string>\",\n    \"presentationId\": \"<string>\"\n  },\n  \"odsNaming\": \"<boolean>\"\n}","options":{"raw":{"language":"json"}}}},"response":[{"id":"c176b66b-5612-449c-97de-e7166adabd2f","name":"successful operation","originalRequest":{"url":{"path":["collections","v1","collectionHistory"],"host":["{{baseUrl}}"],"query":[],"variable":[]},"header":[{"key":"Accept","value":"application/json"}],"method":"POST","body":{"mode":"raw","raw":"{\n  \"endSequence\": \"25\",\n  \"selectFields\": [\n    \"anyvalidfieldname1\",\n    \"anyvalidfieldname2\",\n    \"anyvalidfieldname3\",\n    \"anyvalidfieldname…\",\n    \"anyvalidfieldname…n\"\n  ],\n  \"startSequence\": \"1\",\n  \"common\": {\n    \"user\": \"<string>\",\n    \"agent\": \"4000\",\n    \"cycle\": \"T\",\n    \"clientNumber\": \"1000\",\n    \"system\": \"2000\",\n    \"prin\": \"3000\",\n    \"debug\": \"<boolean>\",\n    \"org\": \"<string>\",\n    \"processor\": \"<boolean>\",\n    \"contentType\": \"<string>\",\n    \"retry\": 0,\n    \"timeout\": 45000,\n    \"siteId\": \"4201\",\n    \"externalCustomerId\": \"<string>\",\n    \"accountId\": \"8888888888888888\",\n    \"presentationId\": \"<string>\"\n  },\n  \"odsNaming\": \"<boolean>\"\n}","options":{"raw":{"language":"json"}}}},"status":"OK","code":200,"header":[{"key":"Content-Type","value":"application/json"}],"body":"{\n  \"processorInfo\": {\n    \"system\": \"officia incididunt dolore elit Ut\",\n    \"cycle\": \"consequat et\",\n    \"tor\": \"elit commodo dolore\",\n    \"mode\": \"Lorem ullamco\"\n  },\n  \"collectionHistory\": [\n    {\n      \"selectedFields\": {\n        \"proident_2d\": \"elit nisi Excepteur nulla\",\n        \"veniam_d\": \"l\"\n      },\n      \"accountId\": \"Duis ex mollit dolor\",\n      \"agentId\": \"laboris\",\n      \"agentNumber\": \"voluptate\",\n      \"cardholderAccountNumber\": \"dolor non\",\n      \"city\": \"est dolor anim fugiat non\",\n      \"collectionsEntryDate\": \"ullamco\",\n      \"collectionsExitDate\": \"dolore tempor\",\n      \"convertedEnteredId\": \"elit labore aliquip\",\n      \"cyclesDelinquent\": \"aute\",\n      \"enteredId\": \"proident do dolore\",\n      \"highestAccountBalance\": \"in ullamco voluptate Excepteur ad\",\n      \"highestDaysDelinquent\": \"laboris\",\n      \"highestDelinquentAmount\": \"inc\",\n      \"primaryName\": \"fugiat amet\",\n      \"paymentReversals\": \"sed nostrud reprehenderit culpa\",\n      \"principalAddress1\": \"nostrud cupidatat\",\n      \"principalAddress2\": \"dolore exercitation elit reprehenderit\",\n      \"principalId\": \"dol\",\n      \"principalNumber\": \"laborum officia\",\n      \"promiseToPayAmt\": \"exercitation velit officia\",\n      \"promiseToPayAmtActuallyPaid\": \"ut eu pariatur enim\",\n      \"promiseToPayAmtNotReceived\": \"Ut ad sint veniam ullamco\",\n      \"promiseToPayChangedCount\": \"eu officia esse\",\n      \"promiseToPayCount\": \"aliqua ad laboris exercitation\",\n      \"promiseToPayKeptCount\": \"tempor cillum commodo incididunt est\",\n      \"promiseToPayNotKeptCount\": \"laborum commodo\",\n      \"sequenceNumber\": \"consectetur est\",\n      \"stateCountry\": \"Excepteur amet ex incididunt pariatur\",\n      \"systemId\": \"non enim ullamco adipisicing occaecat\",\n      \"systemNumber\": \"amet magna in labore\",\n      \"zipPostalCode\": \"esse voluptate enim dolor elit\"\n    },\n    {\n      \"selectedFields\": {\n        \"proident_6\": \"Duis nisi do adipisicing in\",\n        \"laborea4\": \"culpa et aliquip\"\n      },\n      \"accountId\": \"consectetur ex irure\",\n      \"agentId\": \"ut sint\",\n      \"agentNumber\": \"velit dolor\",\n      \"cardholderAccountNumber\": \"et ad\",\n      \"city\": \"ex proident dolor\",\n      \"collectionsEntryDate\": \"i\",\n      \"collectionsExitDate\": \"ut do laboris\",\n      \"convertedEnteredId\": \"in cillum irure est ut\",\n      \"cyclesDelinquent\": \"velit Lorem officia do\",\n      \"enteredId\": \"eiusmod anim\",\n      \"highestAccountBalance\": \"ex sint in\",\n      \"highestDaysDelinquent\": \"dolore aliquip dolor\",\n      \"highestDelinquentAmount\": \"in et enim\",\n      \"primaryName\": \"nulla anim aute\",\n      \"paymentReversals\": \"in commodo ex\",\n      \"principalAddress1\": \"ullamco amet\",\n      \"principalAddress2\": \"cupidatat\",\n      \"principalId\": \"amet aliqua \",\n      \"principalNumber\": \"enim laboris veniam eu anim\",\n      \"promiseToPayAmt\": \"in Duis cillum Excepteur\",\n      \"promiseToPayAmtActuallyPaid\": \"culpa\",\n      \"promiseToPayAmtNotReceived\": \"reprehende\",\n      \"promiseToPayChangedCount\": \"eiusmod tempor\",\n      \"promiseToPayCount\": \"sint in ad eu Lorem\",\n      \"promiseToPayKeptCount\": \"amet ex\",\n      \"promiseToPayNotKeptCount\": \"ut deserunt anim nostrud\",\n      \"sequenceNumber\": \"labore dolor la\",\n      \"stateCountry\": \"nisi laboris elit\",\n      \"systemId\": \"adipisicing ut in amet\",\n      \"systemNumber\": \"qui ut et in commodo\",\n      \"zipPostalCode\": \"mollit ex sunt esse\"\n    }\n  ]\n}","cookie":[],"_postman_previewlanguage":"json"}],"event":[],"protocolProfileBehavior":{"disableBodyPruning":true}},{"id":"6961e7ad-d931-403d-9817-8e3b572c7209","name":"COL_QUE_TOT ODS View","request":{"name":"COL_QUE_TOT ODS View","description":{"content":"The COL_QUE_TOT view returns the number of accounts and outstanding balance in status D, Delinquent, status O, Overlimit, and status X, Delinquent and Overlimit, work queues. Required Fields: systemIdentifier, principalIdentifier, selectFields. ","type":"text/plain"},"url":{"path":["collections","v1","collectionQueueTotal"],"host":["{{baseUrl}}"],"query":[],"variable":[]},"header":[{"key":"Content-Type","value":"application/json"},{"key":"Accept","value":"application/json"}],"method":"POST","auth":null,"body":{"mode":"raw","raw":"{\n  \"endSequence\": \"<string>\",\n  \"principalIdentifier\": \"<string>\",\n  \"selectFields\": [\n    \"<string>\"\n  ],\n  \"startSequence\": \"<string>\",\n  \"systemIdentifier\": \"<string>\",\n  \"common\": {\n    \"user\": \"<string>\",\n    \"agent\": \"<string>\",\n    \"cycle\": \"<string>\",\n    \"clientNumber\": \"<string>\",\n    \"system\": \"<string>\",\n    \"prin\": \"<string>\",\n    \"debug\": \"<boolean>\",\n    \"org\": \"<string>\",\n    \"processor\": \"<boolean>\",\n    \"contentType\": \"<string>\",\n    \"retry\": \"<long>\",\n    \"timeout\": \"<long>\",\n    \"siteId\": \"<string>\",\n    \"externalCustomerId\": \"<string>\",\n    \"accountId\": \"<string>\",\n    \"presentationId\": \"<string>\"\n  },\n  \"odsNaming\": \"<boolean>\",\n  \"collector\": \"<string>\"\n}","options":{"raw":{"language":"json"}}}},"response":[{"id":"b5cfbfe9-6986-43f9-b13c-4b9f7da5ba9d","name":"successful operation","originalRequest":{"url":{"path":["collections","v1","collectionQueueTotal"],"host":["{{baseUrl}}"],"query":[],"variable":[]},"header":[{"key":"Accept","value":"application/json"}],"method":"POST","body":{"mode":"raw","raw":"{\n  \"endSequence\": \"25\",\n  \"principalIdentifier\": \"stri\",\n  \"selectFields\": [\n    \"anyvalidfieldname1\",\n    \"anyvalidfieldname2\",\n    \"anyvalidfieldname3\",\n    \"anyvalidfieldname…\",\n    \"anyvalidfieldname…n\"\n  ],\n  \"startSequence\": \"1\",\n  \"systemIdentifier\": \"stri\",\n  \"common\": {\n    \"user\": \"<string>\",\n    \"agent\": \"4000\",\n    \"cycle\": \"T\",\n    \"clientNumber\": \"1000\",\n    \"system\": \"2000\",\n    \"prin\": \"3000\",\n    \"debug\": \"<boolean>\",\n    \"org\": \"<string>\",\n    \"processor\": \"<boolean>\",\n    \"contentType\": \"<string>\",\n    \"retry\": 0,\n    \"timeout\": 45000,\n    \"siteId\": \"4201\",\n    \"externalCustomerId\": \"<string>\",\n    \"accountId\": \"8888888888888888\",\n    \"presentationId\": \"<string>\"\n  },\n  \"odsNaming\": \"<boolean>\",\n  \"collector\": \"str\"\n}","options":{"raw":{"language":"json"}}}},"status":"OK","code":200,"header":[{"key":"Content-Type","value":"application/json"}],"body":"{\n  \"processorInfo\": {\n    \"system\": \"esse do\",\n    \"cycle\": \"eu adipisi\",\n    \"tor\": \"anim dolore nisi\",\n    \"mode\": \"elit\"\n  },\n  \"collectionQueueTotalFields\": [\n    {\n      \"selectedFields\": {\n        \"aliqua2\": \"adipisicing elit\"\n      },\n      \"principalIdentifier\": \"enim esse\",\n      \"systemIdentifier\": \"qui ad labore\",\n      \"collectorCode\": \"reprehenderit\",\n      \"totalCurrentAmountOutstandingForFourCycleStatusDAndXCollectionAccounts\": \"nostrud sit et\",\n      \"currentNumberOfFourCycleStatusDAndXCollectionAccounts\": \"tempor\",\n      \"currentNumberOfFourCycleStatusDxCollectionAccounts\": \"adipisicing velit\",\n      \"currentAmountOutstandingForCollectionAccountsFourCyclesDelinquent\": \"consequat et id qui ullamco\",\n      \"currentNumberOfCollectionAccountsFourCyclesDelinquent\": \"minim enim\",\n      \"currentAmountOutstandingForCollectionAccountsFourCyclesDelinquentAndOverlimit\": \"deserunt ut sint\",\n      \"currentNumberOfCollectionAccountsFourCyclesDelinquentAndOverlimit\": \"aliqua Excepteur dolor Duis\",\n      \"totalCurrentAmountOutstandingForFiveCycleStatusDAndXCollectionAccounts\": \"irure do pariatur aliquip\",\n      \"currentNumberOfFiveCycleStatusDAndXCollectionAccounts\": \"qui incididunt Lorem\",\n      \"currentAmountOutstandingForCollectionAccountsFiveCyclesDelinquent\": \"officia Duis Lorem cupidatat voluptate\",\n      \"currentNumberOfCollectionAccountsFiveCyclesDelinquent\": \"consequat\",\n      \"currentAmountOutstandingForCollectionAccountsFiveCyclesDelinquentAndOverlimit\": \"mollit esse\",\n      \"currentNumberOfCollectionAccountsFiveCyclesDelinquentAndOverlimit\": \"ex fugiat\",\n      \"totalCurrentAmountOutstandingForSixCycleStatusDAndXCollectionAccounts\": \"anim id\",\n      \"currentNumberOfSixCycleStatusDAndXCollectionAccounts\": \"commodo\",\n      \"currentAmountOutstandingForCollectionAccountsSixCyclesDelinquent\": \"voluptate\",\n      \"currentNumberOfCollectionAccountsSixCyclesDelinquent\": \"nisi dolor\",\n      \"currentAmountOutstandingForCollectionAccountsSixCyclesDelinquentAndOverlimit\": \"nisi est laboris\",\n      \"currentNumberOfCollectionAccountsSixCyclesDelinquentAndOverlimit\": \"vel\",\n      \"totalCurrentAmountOutstandingForSevenCycleStatusDAndXCollectionAccounts\": \"nostrud aliquip ut officia\",\n      \"currentNumberOfSevenCycleStatusDAndXCollectionAccounts\": \"nisi incididunt\",\n      \"currentAmountOutstandingForCollectionAccountsSevenCyclesDelinquent\": \"ea Excepteur in deserunt commodo\",\n      \"currentNumberOfCollectionAccountsSevenCyclesDelinquent\": \"dolor minim proident velit\",\n      \"currentAmountOutstandingForCollectionAccountsSevenCyclesDelinquentAndOverlimit\": \"Ut mollit occaecat nulla ipsum\",\n      \"currentNumberOfCollectionAccountsSevenCyclesDelinquentAndOverlimit\": \"cupidatat labore in\",\n      \"totalCurrentAmountOutstandingForOneCycleStatusDAndXCollectionAccounts\": \"l\",\n      \"currentNumberOfOneCycleStatusDAndXCollectionAccounts\": \"tempor dolore\",\n      \"currentAmountOutstandingForCollectionAccountsOneCycleDelinquent\": \"amet ex consequat \",\n      \"currentNumberOfCollectionAccountsOneCycleDelinquent\": \"irure velit\",\n      \"currentAmountOutstandingForCollectionAccountsOneCycleDelinquentAndOverlimit\": \"minim aute\",\n      \"currentNumberOfCollectionAccountsOneCycleDelinquentAndOverlimit\": \"Excepteur velit ea\",\n      \"totalCurrentAmountOutstandingForTwoCycleStatusDAndXCollectionAccounts\": \"minim aliqua ut\",\n      \"currentNumberOfTwoCycleStatusDAndXCollectionAccounts\": \"minim\",\n      \"currentAmountOutstandingForCollectionAccountsTwoCyclesDelinquent\": \"sint\",\n      \"currentNumberOfCollectionAccountsTwoCyclesDelinquent\": \"et in sint\",\n      \"currentAmountOutstandingForCollectionAccountsTwoCyclesDelinquentAndOverlimit\": \"amet id laborum dolor\",\n      \"currentNumberOfCollectionAccountsTwoCyclesDelinquentAndOverlimit\": \"a\",\n      \"totalCurrentAmountOutstandingForThreeCycleStatusDAndXCollectionAccounts\": \"fugiat mollit\",\n      \"currentNumberOfThreeCycleStatusDAndXCollectionAccounts\": \"ea nisi in elit mollit\",\n      \"currentAmountOutstandingForCollectionAccountsThreeCyclesDelinquent\": \"id do ad\",\n      \"currentNumberOfCollectionAccountsThreeCyclesDelinquent\": \"reprehenderit pariatur nostrud\",\n      \"currentAmountOutstandingForCollectionAccountsThreeCyclesDelinquentAndOverlimit\": \"aliquip est\",\n      \"currentNumberOfCollectionAccountsThreeCyclesDelinquentAndOverlimit\": \"sint adipisicing\",\n      \"totalCurrentAmountOutstandingForStatusDAndXCollectionAccounts\": \"n\",\n      \"totalCurrentNumberOfStatusDAndXCollectionAccounts\": \"sunt ea consequa\",\n      \"totalCurrentAmountOutstandingForDelinquentCollectionAccounts\": \"nulla et\",\n      \"totalCurrentNumberOfDelinquentCollectionAccounts\": \"elit ut deserunt\",\n      \"totalCurrentAmountOutstandingForOverlimitCollectionAccounts\": \"quis\",\n      \"totalCurrentNumberOfOverlimitCollectionAccounts\": \"sed ut ad consequat\",\n      \"totalCurrentAmountOutstandingForDelinquentAndOverlimitCollectionAccounts\": \"non reprehenderit\",\n      \"totalCurrentNumberOfDelinquentAndOverlimitCollectionAccounts\": \"sunt tempor culpa esse\",\n      \"totalCurrentAmountOutstandingForChargedOffStatusDAndXCollectionAccounts\": \"sunt sit laboris\",\n      \"currentNumberOfChargedOffStatusDAndXCollectionAccounts\": \"velit consectetur ullamco deserunt\",\n      \"currentAmountOutstandingForChargedOffDelinquentCollectionAccounts\": \"dolore laboris est officia aute\",\n      \"currentNumberOfChargedOffDelinquentCollectionAccounts\": \"aliquip nulla dolore i\",\n      \"currentAmountOutstandingForChargedOffCollectionAccountsDelinquentAndOverlimit\": \"incididunt aliquip dolore\",\n      \"currentNumberOfChargedOffCollectionAccountsDelinquentAndOverlimit\": \"Ut dolor id tempor\",\n      \"totalAmountOutstandingForFourCycleStatusDAndXCollectionAccountsOnFile\": \"est\",\n      \"numberOfFourCycleStatusDAndXCollectionAccountsOnFile\": \"esse nisi est eu no\",\n      \"amountOutstandingForCollectionAccountsFourCyclesDelinquentOnFile\": \"esse sit\",\n      \"numberOfCollectionAccountsOnFileFourCyclesDelinquent\": \"elit ut deserunt ipsum ullamco\",\n      \"amountOutstandingForCollectionAccountsFourCyclesDelinquentAndOverlimitOnFile\": \"non in in\",\n      \"numberOfCollectionAccountsOnFileFourCyclesDelinquentAndOverlimit\": \"Excepteur est\",\n      \"totalAmountOutstandingForFiveCycleStatusDAndXCollectionAccountsOnFile\": \"in nulla Excepteur aliqua esse\",\n      \"numberOfFiveCycleStatusDAndXCollectionAccountsOnFile\": \"esse Duis\",\n      \"amountOutstandingForCollectionAccountsFiveCyclesDelinquentOnFile\": \"sed cillum amet magna\",\n      \"numberOfCollectionAccountsOnFileFiveCyclesDelinquent\": \"culpa exercitation minim\",\n      \"amountOutstandingForCollectionAccountsFiveCyclesDelinquentAndOverlimitOnFile\": \"do anim\",\n      \"numberOfCollectionAccountsOnFileFiveCyclesDelinquentAndOverlimit\": \"laboris non\",\n      \"totalAmountOutstandingForSixCycleStatusDAndXCollectionAccountsOnFile\": \"reprehenderi\",\n      \"numberOfSixCycleStatusDAndXCollectionAccountsOnFile\": \"sed enim consectetur\",\n      \"amountOutstandingForCollectionAccountsSixCyclesDelinquentOnFile\": \"mollit\",\n      \"numberOfCollectionAccountsOnFileSixCyclesDelinquent\": \"consequat reprehenderit\",\n      \"amountOutstandingForCollectionAccountsSixCyclesDelinquentAndOverlimitOnFile\": \"sit nisi\",\n      \"numberOfCollectionAccountsOnFileSixCyclesDelinquentAndOverlimit\": \"irure quis proident\",\n      \"totalAmountOutstandingForSevenCycleStatusDAndXCollectionAccountsOnFile\": \"cupidatat\",\n      \"numberOfSevenCycleStatusDAndXCollectionAccountsOnFile\": \"Lorem sint sunt culpa labore\",\n      \"amountOutstandingForCollectionAccountsSevenCyclesDelinquentOnFile\": \"dolore elit laboris id\",\n      \"numberOfCollectionAccountsOnFileSevenCyclesDelinquent\": \"minim\",\n      \"amountOutstandingForCollectionAccountsSevenCyclesDelinquentAndOverlimitOnFile\": \"nulla\",\n      \"numberOfCollectionAccountsOnFileSevenCyclesDelinquentAndOverlimit\": \"tempor occaecat sunt Lorem in\",\n      \"totalAmountOutstandingForOneCycleStatusDAndXCollectionAccountsOnFile\": \"non dolore veniam aute velit\",\n      \"numberOfOneCycleStatusDAndXCollectionAccountsOnFile\": \"ut amet cillum\",\n      \"amountOutstandingForCollectionAccountsOneCycleDelinquentOnFile\": \"mollit qui Excepteur elit\",\n      \"numberOfCollectionAccountsOnFileOneCycleDelinquent\": \"voluptate labore\",\n      \"amountOutstandingForCollectionAccountsOneCycleDelinquentAndOverlimitOnFile\": \"fugiat voluptate dolor pariatur tempor\",\n      \"numberOfCollectionAccountsOnFileOneCycleDelinquentAndOverlimit\": \"velit cupidatat in\",\n      \"totalAmountOutstandingForTwoCycleStatusDAndXCollectionAccountsOnFile\": \"des\",\n      \"numberOfTwoCycleStatusDAndXCollectionAccountsOnFile\": \"aliqua Excepteur\",\n      \"amountOutstandingForCollectionAccountsTwoCyclesDelinquentOnFile\": \"commodo occaecat eu labore incididunt\",\n      \"numberOfCollectionAccountsOnFileTwoCyclesDelinquent\": \"ullamco minim Duis\",\n      \"amountOutstandingForCollectionAccountsTwoCyclesDelinquentAndOverlimitOnFile\": \"minim mollit veniam enim\",\n      \"numberOfCollectionAccountsOnFileTwoCyclesDelinquentAndOverlimit\": \"aliqua\",\n      \"totalAmountOutstandingForThreeCycleStatusDAndXCollectionAccountsOnFile\": \"ut dolore\",\n      \"numberOfThreeCycleStatusDAndXCollectionAccountsOnFile\": \"nulla\",\n      \"amountOutstandingForCollectionAccountsThreeCyclesDelinquentOnFile\": \"cupidatat ex sunt\",\n      \"numberOfCollectionAccountsOnFileThreeCyclesDelinquent\": \"in amet sunt dolor\",\n      \"amountOutstandingForCollectionAccountsThreeCyclesDelinquentAndOverlimitOnFile\": \"quis\",\n      \"numberOfCollectionAccountsOnFileThreeCyclesDelinquentAndOverlimit\": \"Ut cupidatat dolore\",\n      \"totalAmountOutstandingForStatusDAndXCollectionAccountsOnFile\": \"laboris do pariatur amet\",\n      \"totalNumberOfStatusDAndXCollectionAccountsOnFile\": \"exercitation elit\",\n      \"totalAmountOutstandingForDelinquentCollectionAccountsOnFile\": \"eiusmod\",\n      \"totalNumberOfDelinquentCollectionAccountsOnFile\": \"qui est sed\",\n      \"totalAmountOutstandingForOverlimitCollectionAccountsOnFile\": \"Lorem incididunt ad in\",\n      \"totalNumberOfOverlimitCollectionAccountsOnFile\": \"fugiat dolore\",\n      \"totalAmountOutstandingForDelinquentAndOverlimitCollectionAccountsOnFile\": \"Excepteur ipsum\",\n      \"totalNumberOfDelinquentAndOverlimitCollectionAccountsOnFile\": \"minim occaecat\",\n      \"totalAmountOutstandingForChargedOffStatusDAndXCollectionAccountsOnFile\": \"mollit nulla\",\n      \"numberOfChargedOffStatusDAndXCollectionAccountsOnFile\": \"ut ea veniam cupidatat\",\n      \"amountOutstandingForChargedOffDelinquentCollectionAccountsOnFile\": \"enim fugiat\",\n      \"numberOfChargedOffDelinquentCollectionAccountsOnFile\": \"eu sed qui occaecat\",\n      \"amountOutstandingForChargedOffCollectionAccountsDelinquentAndOverlimitOnFile\": \"ea sit in\",\n      \"numberOfChargedOffCollectionAccountsOnFileDelinquentAndOverlimit\": \"ipsum Excepteur\",\n      \"principalNumber\": \"eu cillum incididunt nisi aute\",\n      \"systemNumber\": \"incididunt ut occaecat\"\n    },\n    {\n      \"selectedFields\": {\n        \"exercitation80\": \"pariatur reprehenderit sint\"\n      },\n      \"principalIdentifier\": \"eiusmod sint irure elit\",\n      \"systemIdentifier\": \"ex consectet\",\n      \"collectorCode\": \"pariatur veniam commodo do Duis\",\n      \"totalCurrentAmountOutstandingForFourCycleStatusDAndXCollectionAccounts\": \"occaeca\",\n      \"currentNumberOfFourCycleStatusDAndXCollectionAccounts\": \"nulla mollit in\",\n      \"currentNumberOfFourCycleStatusDxCollectionAccounts\": \"et Excepteur ex\",\n      \"currentAmountOutstandingForCollectionAccountsFourCyclesDelinquent\": \"velit ea voluptate cillum\",\n      \"currentNumberOfCollectionAccountsFourCyclesDelinquent\": \"culpa aute labore velit eu\",\n      \"currentAmountOutstandingForCollectionAccountsFourCyclesDelinquentAndOverlimit\": \"qui minim nulla\",\n      \"currentNumberOfCollectionAccountsFourCyclesDelinquentAndOverlimit\": \"in anim esse consequat\",\n      \"totalCurrentAmountOutstandingForFiveCycleStatusDAndXCollectionAccounts\": \"esse\",\n      \"currentNumberOfFiveCycleStatusDAndXCollectionAccounts\": \"minim sed\",\n      \"currentAmountOutstandingForCollectionAccountsFiveCyclesDelinquent\": \"exercitation\",\n      \"currentNumberOfCollectionAccountsFiveCyclesDelinquent\": \"ipsum aute nulla\",\n      \"currentAmountOutstandingForCollectionAccountsFiveCyclesDelinquentAndOverlimit\": \"aliquip exercitation qui deserunt\",\n      \"currentNumberOfCollectionAccountsFiveCyclesDelinquentAndOverlimit\": \"non et sunt laboris\",\n      \"totalCurrentAmountOutstandingForSixCycleStatusDAndXCollectionAccounts\": \"enim nisi\",\n      \"currentNumberOfSixCycleStatusDAndXCollectionAccounts\": \"enim ut\",\n      \"currentAmountOutstandingForCollectionAccountsSixCyclesDelinquent\": \"dolor nulla aliqua irure\",\n      \"currentNumberOfCollectionAccountsSixCyclesDelinquent\": \"laboris\",\n      \"currentAmountOutstandingForCollectionAccountsSixCyclesDelinquentAndOverlimit\": \"ex eiusmod aut\",\n      \"currentNumberOfCollectionAccountsSixCyclesDelinquentAndOverlimit\": \"amet voluptate\",\n      \"totalCurrentAmountOutstandingForSevenCycleStatusDAndXCollectionAccounts\": \"cupidatat tempor commodo aliqua\",\n      \"currentNumberOfSevenCycleStatusDAndXCollectionAccounts\": \"quis cupidatat ea non an\",\n      \"currentAmountOutstandingForCollectionAccountsSevenCyclesDelinquent\": \"irure aute sunt veniam enim\",\n      \"currentNumberOfCollectionAccountsSevenCyclesDelinquent\": \"deserunt enim\",\n      \"currentAmountOutstandingForCollectionAccountsSevenCyclesDelinquentAndOverlimit\": \"cupidatat Duis\",\n      \"currentNumberOfCollectionAccountsSevenCyclesDelinquentAndOverlimit\": \"aliquip velit magna\",\n      \"totalCurrentAmountOutstandingForOneCycleStatusDAndXCollectionAccounts\": \"ad eiusmod officia et\",\n      \"currentNumberOfOneCycleStatusDAndXCollectionAccounts\": \"commodo cupidatat minim\",\n      \"currentAmountOutstandingForCollectionAccountsOneCycleDelinquent\": \"dolor officia\",\n      \"currentNumberOfCollectionAccountsOneCycleDelinquent\": \"veniam et\",\n      \"currentAmountOutstandingForCollectionAccountsOneCycleDelinquentAndOverlimit\": \"culpa Duis\",\n      \"currentNumberOfCollectionAccountsOneCycleDelinquentAndOverlimit\": \"deserunt Excepteur incididunt cillum\",\n      \"totalCurrentAmountOutstandingForTwoCycleStatusDAndXCollectionAccounts\": \"dolore consectetur sit\",\n      \"currentNumberOfTwoCycleStatusDAndXCollectionAccounts\": \"id\",\n      \"currentAmountOutstandingForCollectionAccountsTwoCyclesDelinquent\": \"aute eu\",\n      \"currentNumberOfCollectionAccountsTwoCyclesDelinquent\": \"vol\",\n      \"currentAmountOutstandingForCollectionAccountsTwoCyclesDelinquentAndOverlimit\": \"consectetur Excepteur sunt sint dolor\",\n      \"currentNumberOfCollectionAccountsTwoCyclesDelinquentAndOverlimit\": \"minim\",\n      \"totalCurrentAmountOutstandingForThreeCycleStatusDAndXCollectionAccounts\": \"ex Duis enim\",\n      \"currentNumberOfThreeCycleStatusDAndXCollectionAccounts\": \"labore sint officia\",\n      \"currentAmountOutstandingForCollectionAccountsThreeCyclesDelinquent\": \"ipsum quis\",\n      \"currentNumberOfCollectionAccountsThreeCyclesDelinquent\": \"laboris Ut commodo consectetur\",\n      \"currentAmountOutstandingForCollectionAccountsThreeCyclesDelinquentAndOverlimit\": \"enim\",\n      \"currentNumberOfCollectionAccountsThreeCyclesDelinquentAndOverlimit\": \"voluptate consectetur deserunt\",\n      \"totalCurrentAmountOutstandingForStatusDAndXCollectionAccounts\": \"laboris nulla ad sed cupidatat\",\n      \"totalCurrentNumberOfStatusDAndXCollectionAccounts\": \"in exercitation\",\n      \"totalCurrentAmountOutstandingForDelinquentCollectionAccounts\": \"commodo consectetur\",\n      \"totalCurrentNumberOfDelinquentCollectionAccounts\": \"id\",\n      \"totalCurrentAmountOutstandingForOverlimitCollectionAccounts\": \"qui in deserunt\",\n      \"totalCurrentNumberOfOverlimitCollectionAccounts\": \"aliquip dolor\",\n      \"totalCurrentAmountOutstandingForDelinquentAndOverlimitCollectionAccounts\": \"velit eu adipisicing Excepteur commodo\",\n      \"totalCurrentNumberOfDelinquentAndOverlimitCollectionAccounts\": \"elit ipsum enim\",\n      \"totalCurrentAmountOutstandingForChargedOffStatusDAndXCollectionAccounts\": \"fugiat U\",\n      \"currentNumberOfChargedOffStatusDAndXCollectionAccounts\": \"ipsum\",\n      \"currentAmountOutstandingForChargedOffDelinquentCollectionAccounts\": \"reprehenderit do cupidatat velit\",\n      \"currentNumberOfChargedOffDelinquentCollectionAccounts\": \"aute consequat mollit\",\n      \"currentAmountOutstandingForChargedOffCollectionAccountsDelinquentAndOverlimit\": \"incididunt nostrud cupidatat in\",\n      \"currentNumberOfChargedOffCollectionAccountsDelinquentAndOverlimit\": \"culpa consequat\",\n      \"totalAmountOutstandingForFourCycleStatusDAndXCollectionAccountsOnFile\": \"Excepteur aliqua ea\",\n      \"numberOfFourCycleStatusDAndXCollectionAccountsOnFile\": \"incididunt occaecat proident\",\n      \"amountOutstandingForCollectionAccountsFourCyclesDelinquentOnFile\": \"eiusmod adipisicing magna aute\",\n      \"numberOfCollectionAccountsOnFileFourCyclesDelinquent\": \"commodo anim\",\n      \"amountOutstandingForCollectionAccountsFourCyclesDelinquentAndOverlimitOnFile\": \"dolor ipsum eu\",\n      \"numberOfCollectionAccountsOnFileFourCyclesDelinquentAndOverlimit\": \"labore est\",\n      \"totalAmountOutstandingForFiveCycleStatusDAndXCollectionAccountsOnFile\": \"magna veniam\",\n      \"numberOfFiveCycleStatusDAndXCollectionAccountsOnFile\": \"sit id\",\n      \"amountOutstandingForCollectionAccountsFiveCyclesDelinquentOnFile\": \"ea quis esse culpa\",\n      \"numberOfCollectionAccountsOnFileFiveCyclesDelinquent\": \"Lorem in enim\",\n      \"amountOutstandingForCollectionAccountsFiveCyclesDelinquentAndOverlimitOnFile\": \"proident dolore incididunt Duis et\",\n      \"numberOfCollectionAccountsOnFileFiveCyclesDelinquentAndOverlimit\": \"est mollit deserunt r\",\n      \"totalAmountOutstandingForSixCycleStatusDAndXCollectionAccountsOnFile\": \"in amet\",\n      \"numberOfSixCycleStatusDAndXCollectionAccountsOnFile\": \"do minim\",\n      \"amountOutstandingForCollectionAccountsSixCyclesDelinquentOnFile\": \"consectetur\",\n      \"numberOfCollectionAccountsOnFileSixCyclesDelinquent\": \"ullamco ipsum ea nostrud\",\n      \"amountOutstandingForCollectionAccountsSixCyclesDelinquentAndOverlimitOnFile\": \"minim mollit deserunt\",\n      \"numberOfCollectionAccountsOnFileSixCyclesDelinquentAndOverlimit\": \"sint\",\n      \"totalAmountOutstandingForSevenCycleStatusDAndXCollectionAccountsOnFile\": \"in est\",\n      \"numberOfSevenCycleStatusDAndXCollectionAccountsOnFile\": \"adipisicing ipsum deserunt Excepteur labore\",\n      \"amountOutstandingForCollectionAccountsSevenCyclesDelinquentOnFile\": \"dolor Duis\",\n      \"numberOfCollectionAccountsOnFileSevenCyclesDelinquent\": \"tempor ad ipsum dolore\",\n      \"amountOutstandingForCollectionAccountsSevenCyclesDelinquentAndOverlimitOnFile\": \"mollit dolore elit\",\n      \"numberOfCollectionAccountsOnFileSevenCyclesDelinquentAndOverlimit\": \"dolore sit\",\n      \"totalAmountOutstandingForOneCycleStatusDAndXCollectionAccountsOnFile\": \"minim in aliquip\",\n      \"numberOfOneCycleStatusDAndXCollectionAccountsOnFile\": \"enim ip\",\n      \"amountOutstandingForCollectionAccountsOneCycleDelinquentOnFile\": \"exercitation nisi dolore\",\n      \"numberOfCollectionAccountsOnFileOneCycleDelinquent\": \"tempor Duis\",\n      \"amountOutstandingForCollectionAccountsOneCycleDelinquentAndOverlimitOnFile\": \"velit ut ipsum occaecat dolore\",\n      \"numberOfCollectionAccountsOnFileOneCycleDelinquentAndOverlimit\": \"Excepteur amet deserunt\",\n      \"totalAmountOutstandingForTwoCycleStatusDAndXCollectionAccountsOnFile\": \"laboris eu\",\n      \"numberOfTwoCycleStatusDAndXCollectionAccountsOnFile\": \"esse\",\n      \"amountOutstandingForCollectionAccountsTwoCyclesDelinquentOnFile\": \"elit proident ut anim \",\n      \"numberOfCollectionAccountsOnFileTwoCyclesDelinquent\": \"ea ali\",\n      \"amountOutstandingForCollectionAccountsTwoCyclesDelinquentAndOverlimitOnFile\": \"sit pariatur ex in\",\n      \"numberOfCollectionAccountsOnFileTwoCyclesDelinquentAndOverlimit\": \"non tempor\",\n      \"totalAmountOutstandingForThreeCycleStatusDAndXCollectionAccountsOnFile\": \"exercitation dolor ut\",\n      \"numberOfThreeCycleStatusDAndXCollectionAccountsOnFile\": \"non ut aliquip\",\n      \"amountOutstandingForCollectionAccountsThreeCyclesDelinquentOnFile\": \"dolor exercitation\",\n      \"numberOfCollectionAccountsOnFileThreeCyclesDelinquent\": \"nostrud deserunt magna tempor\",\n      \"amountOutstandingForCollectionAccountsThreeCyclesDelinquentAndOverlimitOnFile\": \"reprehenderit anim Ut qui\",\n      \"numberOfCollectionAccountsOnFileThreeCyclesDelinquentAndOverlimit\": \"sit consequat \",\n      \"totalAmountOutstandingForStatusDAndXCollectionAccountsOnFile\": \"velit ut Ut ut culpa\",\n      \"totalNumberOfStatusDAndXCollectionAccountsOnFile\": \"elit\",\n      \"totalAmountOutstandingForDelinquentCollectionAccountsOnFile\": \"labore enim in irure\",\n      \"totalNumberOfDelinquentCollectionAccountsOnFile\": \"laborum id\",\n      \"totalAmountOutstandingForOverlimitCollectionAccountsOnFile\": \"Ut quis laborum sed\",\n      \"totalNumberOfOverlimitCollectionAccountsOnFile\": \"amet tempor cillum\",\n      \"totalAmountOutstandingForDelinquentAndOverlimitCollectionAccountsOnFile\": \"in culpa\",\n      \"totalNumberOfDelinquentAndOverlimitCollectionAccountsOnFile\": \"sit\",\n      \"totalAmountOutstandingForChargedOffStatusDAndXCollectionAccountsOnFile\": \"do fugiat\",\n      \"numberOfChargedOffStatusDAndXCollectionAccountsOnFile\": \"sed incididunt cupidatat minim\",\n      \"amountOutstandingForChargedOffDelinquentCollectionAccountsOnFile\": \"officia labore veniam ipsum\",\n      \"numberOfChargedOffDelinquentCollectionAccountsOnFile\": \"mo\",\n      \"amountOutstandingForChargedOffCollectionAccountsDelinquentAndOverlimitOnFile\": \"labore Ut\",\n      \"numberOfChargedOffCollectionAccountsOnFileDelinquentAndOverlimit\": \"proident ad\",\n      \"principalNumber\": \"sunt Lorem\",\n      \"systemNumber\": \"aliquip id\"\n    }\n  ]\n}","cookie":[],"_postman_previewlanguage":"json"}],"event":[],"protocolProfileBehavior":{"disableBodyPruning":true}},{"id":"64f8f212-f36c-48c0-885f-e150b7858892","name":"COL_QUEUE ODS View","request":{"name":"COL_QUEUE ODS View","description":{"content":"The COL_QUEUE view is used to retrieve selected information about cardholder accounts in the Collections System. Required Fields: systemIdentifier, principalIdentifier, collector, internalAccountStatus, selectFields. ","type":"text/plain"},"url":{"path":["collections","v1","collectionQueue"],"host":["{{baseUrl}}"],"query":[],"variable":[]},"header":[{"key":"Content-Type","value":"application/json"},{"key":"Accept","value":"application/json"}],"method":"POST","auth":null,"body":{"mode":"raw","raw":"{\n  \"collector\": \"<string>\",\n  \"endSequence\": \"<string>\",\n  \"internalAccountStatus\": \"<string>\",\n  \"principalIdentifier\": \"<string>\",\n  \"selectFields\": [\n    \"<string>\"\n  ],\n  \"startSequence\": \"<string>\",\n  \"systemIdentifier\": \"<string>\",\n  \"common\": {\n    \"user\": \"<string>\",\n    \"agent\": \"<string>\",\n    \"cycle\": \"<string>\",\n    \"clientNumber\": \"<string>\",\n    \"system\": \"<string>\",\n    \"prin\": \"<string>\",\n    \"debug\": \"<boolean>\",\n    \"org\": \"<string>\",\n    \"processor\": \"<boolean>\",\n    \"contentType\": \"<string>\",\n    \"retry\": \"<long>\",\n    \"timeout\": \"<long>\",\n    \"siteId\": \"<string>\",\n    \"externalCustomerId\": \"<string>\",\n    \"accountId\": \"<string>\",\n    \"presentationId\": \"<string>\"\n  },\n  \"odsNaming\": \"<boolean>\",\n  \"timeZone\": \"<string>\",\n  \"timeZoneEnd\": \"<string>\",\n  \"timeZoneRelationalOperator\": \"<string>\",\n  \"reassignmentCode\": \"<string>\",\n  \"reassignmentCodeRelationalOperator\": \"<string>\",\n  \"workedCode\": \"<string>\"\n}","options":{"raw":{"language":"json"}}}},"response":[{"id":"52a74bee-e13a-4ecf-b11f-875b7f8aa720","name":"successful operation","originalRequest":{"url":{"path":["collections","v1","collectionQueue"],"host":["{{baseUrl}}"],"query":[],"variable":[]},"header":[{"key":"Accept","value":"application/json"}],"method":"POST","body":{"mode":"raw","raw":"{\n  \"collector\": \"str\",\n  \"endSequence\": \"25\",\n  \"internalAccountStatus\": \"D\",\n  \"principalIdentifier\": \"stri\",\n  \"selectFields\": [\n    \"anyvalidfieldname1\",\n    \"anyvalidfieldname2\",\n    \"anyvalidfieldname3\",\n    \"anyvalidfieldname…\",\n    \"anyvalidfieldname…n\"\n  ],\n  \"startSequence\": \"1\",\n  \"systemIdentifier\": \"stri\",\n  \"common\": {\n    \"user\": \"<string>\",\n    \"agent\": \"4000\",\n    \"cycle\": \"T\",\n    \"clientNumber\": \"1000\",\n    \"system\": \"2000\",\n    \"prin\": \"3000\",\n    \"debug\": \"<boolean>\",\n    \"org\": \"<string>\",\n    \"processor\": \"<boolean>\",\n    \"contentType\": \"<string>\",\n    \"retry\": 0,\n    \"timeout\": 45000,\n    \"siteId\": \"4201\",\n    \"externalCustomerId\": \"<string>\",\n    \"accountId\": \"8888888888888888\",\n    \"presentationId\": \"<string>\"\n  },\n  \"odsNaming\": \"<boolean>\",\n  \"timeZone\": \"0\",\n  \"timeZoneEnd\": \"0\",\n  \"timeZoneRelationalOperator\": \"EQUAL\",\n  \"reassignmentCode\": \"R\",\n  \"reassignmentCodeRelationalOperator\": \"EQUAL\",\n  \"workedCode\": \"F\"\n}","options":{"raw":{"language":"json"}}}},"status":"OK","code":200,"header":[{"key":"Content-Type","value":"application/json"}],"body":"{\n  \"processorInfo\": {\n    \"system\": \"Lorem\",\n    \"cycle\": \"aliquip nisi labore quis\",\n    \"tor\": \"fugiat minim culpa sint qui\",\n    \"mode\": \"i\"\n  },\n  \"collectionQueueFields\": [\n    {\n      \"selectedFields\": {\n        \"commodo_e\": \"veniam eiusmod incididunt\"\n      },\n      \"accountIdentifier\": \"dolor mollit irure Excepteur\",\n      \"principalIdentifier\": \"ullamco eiusmod\",\n      \"systemIdentifier\": \"anim dolor\",\n      \"cardholderAccountNumber\": \"amet dolor\",\n      \"collectorCode\": \"exercitation reprehenderit irure ea\",\n      \"collectionsInternalStatusCode\": \"id officia aute\",\n      \"principalNumber\": \"cillum anim\",\n      \"reassignmentFlag\": \"labore aliquip esse eu occaecat\",\n      \"sequenceNumber\": \"proident est\",\n      \"systemNumber\": \"officia voluptate ut enim adipisicing\",\n      \"timeZoneIdentifier\": \"nulla anim\",\n      \"delinquentAmount\": \"in mollit\",\n      \"currentAccountBalance\": \"sint consequat\",\n      \"numberOfDaysDelinquent\": \"cillum anim\",\n      \"externalStatusCode\": \"anim laborum in\",\n      \"internalStatusCode\": \"quis officia culpa magna\",\n      \"workedFlag\": \"ex voluptate magna Excepteur\",\n      \"collectionsWorkDate\": \"enim laborum elit\",\n      \"collectionsWorkTime\": \"adipisicing id ad enim amet\",\n      \"collectionsWorkedCode\": \"Duis exercitation aute nisi\",\n      \"newTdyOrPreviousCode\": \"dolore sed sunt voluptate \"\n    },\n    {\n      \"selectedFields\": {\n        \"anim_1\": \"eiusmod\"\n      },\n      \"accountIdentifier\": \"occaecat dolor am\",\n      \"principalIdentifier\": \"minim\",\n      \"systemIdentifier\": \"irure sit fugiat do\",\n      \"cardholderAccountNumber\": \"ex officia quis consectetur\",\n      \"collectorCode\": \"proident pariatur\",\n      \"collectionsInternalStatusCode\": \"ipsum ullamco\",\n      \"principalNumber\": \"culpa veniam magna\",\n      \"reassignmentFlag\": \"ex ut tempor\",\n      \"sequenceNumber\": \"irure do nisi quis\",\n      \"systemNumber\": \"ipsum\",\n      \"timeZoneIdentifier\": \"Excepteur commodo \",\n      \"delinquentAmount\": \"ut occaecat irure\",\n      \"currentAccountBalance\": \"culpa sunt adipisicing\",\n      \"numberOfDaysDelinquent\": \"cillum dolore deserunt\",\n      \"externalStatusCode\": \"nostrud ea dolore\",\n      \"internalStatusCode\": \"fugiat minim\",\n      \"workedFlag\": \"deserunt nisi qui\",\n      \"collectionsWorkDate\": \"ad pariatur aliqua\",\n      \"collectionsWorkTime\": \"est\",\n      \"collectionsWorkedCode\": \"in\",\n      \"newTdyOrPreviousCode\": \"magna ipsum\"\n    }\n  ]\n}","cookie":[],"_postman_previewlanguage":"json"}],"event":[],"protocolProfileBehavior":{"disableBodyPruning":true}},{"id":"2cd6b400-22bd-4646-86f3-f90a82caec5b","name":"COLLECTION_QUEUE View","request":{"name":"COLLECTION_QUEUE View","description":{"content":"The COLLECTION_QUEUE view is used to sort collection accounts in work queues according to the criteria established in the Collection Sequence parameter in the Collections Sorting section (CO CC CS) of the Product Control File. Accounts will remain in the same sequence throughout the processing day, regardless of their worked status when the view is refreshed.","type":"text/plain"},"url":{"path":["collections","v1","collectionQueues"],"host":["{{baseUrl}}"],"query":[],"variable":[]},"header":[{"key":"Content-Type","value":"application/json"},{"key":"Accept","value":"application/json"}],"method":"POST","auth":null,"body":{"mode":"raw","raw":"{\n  \"collectorIdentifier\": \"<string>\",\n  \"endSequence\": \"<string>\",\n  \"internalStatusCode\": \"<string>\",\n  \"principalIdentifier\": \"<string>\",\n  \"selectFields\": [\n    \"<string>\"\n  ],\n  \"startSequence\": \"<string>\",\n  \"systemIdentifier\": \"<string>\",\n  \"common\": {\n    \"user\": \"<string>\",\n    \"agent\": \"<string>\",\n    \"cycle\": \"<string>\",\n    \"clientNumber\": \"<string>\",\n    \"system\": \"<string>\",\n    \"prin\": \"<string>\",\n    \"debug\": \"<boolean>\",\n    \"org\": \"<string>\",\n    \"processor\": \"<boolean>\",\n    \"contentType\": \"<string>\",\n    \"retry\": \"<long>\",\n    \"timeout\": \"<long>\",\n    \"siteId\": \"<string>\",\n    \"externalCustomerId\": \"<string>\",\n    \"accountId\": \"<string>\",\n    \"presentationId\": \"<string>\"\n  },\n  \"odsNaming\": \"<boolean>\"\n}","options":{"raw":{"language":"json"}}}},"response":[{"id":"4c63ff04-a5b9-45f6-8cb7-ef9fdabbcbe9","name":"successful operation","originalRequest":{"url":{"path":["collections","v1","collectionQueues"],"host":["{{baseUrl}}"],"query":[],"variable":[]},"header":[{"key":"Accept","value":"application/json"}],"method":"POST","body":{"mode":"raw","raw":"{\n  \"collectorIdentifier\": \"str\",\n  \"endSequence\": \"25\",\n  \"internalStatusCode\": \"D\",\n  \"principalIdentifier\": \"stri\",\n  \"selectFields\": [\n    \"anyvalidfieldname1\",\n    \"anyvalidfieldname2\",\n    \"anyvalidfieldname3\",\n    \"anyvalidfieldname…\",\n    \"anyvalidfieldname…n\"\n  ],\n  \"startSequence\": \"1\",\n  \"systemIdentifier\": \"stri\",\n  \"common\": {\n    \"user\": \"<string>\",\n    \"agent\": \"4000\",\n    \"cycle\": \"T\",\n    \"clientNumber\": \"1000\",\n    \"system\": \"2000\",\n    \"prin\": \"3000\",\n    \"debug\": \"<boolean>\",\n    \"org\": \"<string>\",\n    \"processor\": \"<boolean>\",\n    \"contentType\": \"<string>\",\n    \"retry\": 0,\n    \"timeout\": 45000,\n    \"siteId\": \"4201\",\n    \"externalCustomerId\": \"<string>\",\n    \"accountId\": \"8888888888888888\",\n    \"presentationId\": \"<string>\"\n  },\n  \"odsNaming\": \"<boolean>\"\n}","options":{"raw":{"language":"json"}}}},"status":"OK","code":200,"header":[{"key":"Content-Type","value":"application/json"}],"body":"{\n  \"processorInfo\": {\n    \"system\": \"reprehenderit adipisicing nulla\",\n    \"cycle\": \"cillum\",\n    \"tor\": \"aute v\",\n    \"mode\": \"enim dolore sint\"\n  },\n  \"collectionQueuesFields\": [\n    {\n      \"selectedFields\": {\n        \"quis24\": \"eiusmod Excepteur exercitation commodo id\",\n        \"ipsum8d5\": \"deserunt ullamco in nostrud exercitation\"\n      },\n      \"accountIdentifier\": \"minim cupidatat amet\",\n      \"cardholderAccountIdentifier\": \"elit aliqua culpa\",\n      \"cardholderTimeZoneCode\": \"non adipisicing labore mollit\",\n      \"collectorIdentifier\": \"proident magna\",\n      \"currentBalanceAmount\": \"\",\n      \"cycleToDateAmount\": \"sit\",\n      \"cycleToDateCount\": \"voluptate sed irure cupidatat\",\n      \"daysDelinquentCount\": \"quis nisi tempor minim\",\n      \"delinquentAmount\": \"dolor proident in\",\n      \"externalStatusCode\": \"occaecat elit\",\n      \"firstCollectionReportDate\": \"sit esse in\",\n      \"fiveCycleDelinquentAmount\": \"quis volup\",\n      \"fourCycleDelinquentAmount\": \"labore qui\",\n      \"internalStatusCode\": \"id qui labore\",\n      \"oneCycleDelinquentAmount\": \"enim labore proident\",\n      \"previousQueueCode\": \"aliqua anim Excepteur\",\n      \"collectorQueuePrincipalIdentifier\": \"eiusmod et aute\",\n      \"principalIdentifier\": \"et aliquip Duis consectetur\",\n      \"promisePaymentAmount\": \"adipisicing sit minim\",\n      \"promisePaymentDate\": \"eiusmod qui adipisicing anim et\",\n      \"queueInternalStatusCode\": \"est proident dolor\",\n      \"queueReferralCode\": \"id consectetur reprehenderit\",\n      \"reassignedCollectorCode\": \"e\",\n      \"reassignmentCode\": \"incididunt Excepteur\",\n      \"securityStatusCode\": \"in elit\",\n      \"sequenceNumber\": \"voluptate sint tempor velit Duis\",\n      \"sevenCycleDelinquentAmount\": \"c\",\n      \"sixCycleDelinquentAmount\": \"dolore esse ad do\",\n      \"collectorQueueSystemIdentifier\": \"Duis Lorem nostrud do\",\n      \"systemIdentifier\": \"Excepteur proident\",\n      \"threeCycleDelinquentAmount\": \"magna dolor ull\",\n      \"twoCycleDelinquentAmount\": \"in cillum magna Duis\",\n      \"workCode\": \"officia sint consequat sed\",\n      \"workDate\": \"volup\",\n      \"workTime\": \"officia\"\n    },\n    {\n      \"selectedFields\": {\n        \"etf\": \"in culpa in\"\n      },\n      \"accountIdentifier\": \"elit anim aliqua\",\n      \"cardholderAccountIdentifier\": \"tempor ullamco\",\n      \"cardholderTimeZoneCode\": \"eiusmod sunt\",\n      \"collectorIdentifier\": \"amet qui dolor fugiat\",\n      \"currentBalanceAmount\": \"cillum sunt\",\n      \"cycleToDateAmount\": \"eu adipisicing ut\",\n      \"cycleToDateCount\": \"consectetur ali\",\n      \"daysDelinquentCount\": \"in ut\",\n      \"delinquentAmount\": \"adipisicing fugiat\",\n      \"externalStatusCode\": \"irure \",\n      \"firstCollectionReportDate\": \"nulla in ipsum quis ad\",\n      \"fiveCycleDelinquentAmount\": \"sed officia aliqua\",\n      \"fourCycleDelinquentAmount\": \"Lorem est ullamco sit\",\n      \"internalStatusCode\": \"reprehenderit mollit cupidatat\",\n      \"oneCycleDelinquentAmount\": \"in dolor\",\n      \"previousQueueCode\": \"laborum amet\",\n      \"collectorQueuePrincipalIdentifier\": \"incididunt quis\",\n      \"principalIdentifier\": \"in ip\",\n      \"promisePaymentAmount\": \"quis culpa\",\n      \"promisePaymentDate\": \"ir\",\n      \"queueInternalStatusCode\": \"ex velit quis deserunt\",\n      \"queueReferralCode\": \"veniam commodo\",\n      \"reassignedCollectorCode\": \"consectetur aliquip\",\n      \"reassignmentCode\": \"adipisic\",\n      \"securityStatusCode\": \"commodo incididunt amet fugiat\",\n      \"sequenceNumber\": \"nost\",\n      \"sevenCycleDelinquentAmount\": \"mollit sit laboris ex\",\n      \"sixCycleDelinquentAmount\": \"voluptate aliquip ut\",\n      \"collectorQueueSystemIdentifier\": \"aliqua ut tempor par\",\n      \"systemIdentifier\": \"deserunt sit eiusmod\",\n      \"threeCycleDelinquentAmount\": \"adipisicing esse dolore r\",\n      \"twoCycleDelinquentAmount\": \"id ea dolor enim dolore\",\n      \"workCode\": \"nostrud magna ullamco dolor eu\",\n      \"workDate\": \"Ut Excepteur labore eiusmod\",\n      \"workTime\": \"\"\n    }\n  ]\n}","cookie":[],"_postman_previewlanguage":"json"}],"event":[],"protocolProfileBehavior":{"disableBodyPruning":true}},{"id":"252902eb-1515-469b-becb-1428ad8586ae","name":"COL_STATUS ODS View","request":{"name":"COL_STATUS ODS View","description":{"content":"The COL_STATUS view provides access to collection account information. Required Fields: Entered Identifier (common.accountId or common.presentationId), selectFields. ","type":"text/plain"},"url":{"path":["collections","v1","collectionStatus"],"host":["{{baseUrl}}"],"query":[],"variable":[]},"header":[{"key":"Content-Type","value":"application/json"},{"key":"Accept","value":"application/json"}],"method":"POST","auth":null,"body":{"mode":"raw","raw":"{\n  \"selectFields\": [\n    \"<string>\"\n  ],\n  \"common\": {\n    \"user\": \"<string>\",\n    \"agent\": \"<string>\",\n    \"cycle\": \"<string>\",\n    \"clientNumber\": \"<string>\",\n    \"system\": \"<string>\",\n    \"prin\": \"<string>\",\n    \"debug\": \"<boolean>\",\n    \"org\": \"<string>\",\n    \"processor\": \"<boolean>\",\n    \"contentType\": \"<string>\",\n    \"retry\": \"<long>\",\n    \"timeout\": \"<long>\",\n    \"siteId\": \"<string>\",\n    \"externalCustomerId\": \"<string>\",\n    \"accountId\": \"<string>\",\n    \"presentationId\": \"<string>\"\n  },\n  \"odsNaming\": \"<boolean>\"\n}","options":{"raw":{"language":"json"}}}},"response":[{"id":"049e2b9e-520a-4114-b7bf-cf76990c2049","name":"successful operation","originalRequest":{"url":{"path":["collections","v1","collectionStatus"],"host":["{{baseUrl}}"],"query":[],"variable":[]},"header":[{"key":"Accept","value":"application/json"}],"method":"POST","body":{"mode":"raw","raw":"{\n  \"selectFields\": [\n    \"anyvalidfieldname1\",\n    \"anyvalidfieldname2\",\n    \"anyvalidfieldname3\",\n    \"anyvalidfieldname…\",\n    \"anyvalidfieldname…n\"\n  ],\n  \"common\": {\n    \"user\": \"<string>\",\n    \"agent\": \"4000\",\n    \"cycle\": \"T\",\n    \"clientNumber\": \"1000\",\n    \"system\": \"2000\",\n    \"prin\": \"3000\",\n    \"debug\": \"<boolean>\",\n    \"org\": \"<string>\",\n    \"processor\": \"<boolean>\",\n    \"contentType\": \"<string>\",\n    \"retry\": 0,\n    \"timeout\": 45000,\n    \"siteId\": \"4201\",\n    \"externalCustomerId\": \"<string>\",\n    \"accountId\": \"8888888888888888\",\n    \"presentationId\": \"<string>\"\n  },\n  \"odsNaming\": \"<boolean>\"\n}","options":{"raw":{"language":"json"}}}},"status":"OK","code":200,"header":[{"key":"Content-Type","value":"application/json"}],"body":"{\n  \"processorInfo\": {\n    \"system\": \"amet\",\n    \"cycle\": \"Excepteur\",\n    \"tor\": \"dolor consequat nostrud velit exercitation\",\n    \"mode\": \"fugiat dolore ex\"\n  },\n  \"selectedFields\": {\n    \"anim95a\": \"id in Duis\",\n    \"dolor799\": \"ul\",\n    \"doloreb\": \"nulla Lorem\"\n  },\n  \"accountIdentifier\": \"adipisicing in eiusmod\",\n  \"demandAchPaymentAmount\": \"nisi laborum pariatur laboris\",\n  \"demandAchPaymentAccountType\": \"esse\",\n  \"adaptiveControlGenericOneIdentifier\": \"nulla Duis Lorem\",\n  \"principalAddress1\": \"est\",\n  \"principalAddress2\": \"dolore dolo\",\n  \"additionalCrossReferenceNumber1\": \"anim veniam aute laboris\",\n  \"additionalCrossReferenceNumber2\": \"magna Ut\",\n  \"advertisingInsertNumber\": \"ipsum tempor in\",\n  \"advertisingMessageName\": \"magna id aliquip labore dolor\",\n  \"advertisingTextIdentifier\": \"id et ea elit in\",\n  \"agentNumber\": \"aute veniam dolore fugiat in\",\n  \"agentBankName\": \"a\",\n  \"agentIdentifier\": \"consequat sunt\",\n  \"americanExpressAirflightInsuranceCode\": \"do in non\",\n  \"americanExpressBaggageInsuranceCode\": \"commodo Ut elit non nostrud\",\n  \"americanExpressFrequentAirTravelersOptionAnniversaryDate\": \"exercitation ut sit aliquip\",\n  \"annualChargeYearNumberOfPurchasesCount\": \"proident et in aute\",\n  \"authorizationFlag\": \"sint Excepteur voluptate sit eu\",\n  \"availableCredit\": \"exercitation\",\n  \"behaviorScore\": \"ut reprehenderit\",\n  \"cardholderAccountNumber\": \"aliquip ad ea consequat\",\n  \"creditLimit\": \"incididunt fugiat in in\",\n  \"creditBureauScore\": \"dolor nulla irure id\",\n  \"cashAdvanceOutstandingBalance\": \"nisi commodo Lorem\",\n  \"currentBalance\": \"pariatur velit ex proident\",\n  \"statusCodeLastChangeDate\": \"magna dolor aliquip\",\n  \"daysDelinquent\": \"labore ut ut\",\n  \"expirationDate\": \"deserunt id et\",\n  \"externalStatusCode\": \"Duis est adipisicing\",\n  \"statusCodeInternal\": \"veniam aliqua culpa in ad\",\n  \"monthsGrossActive\": \"magna aliquip mollit\",\n  \"randomDigits\": \"enim\",\n  \"numberOfTimesOneCycleDelinquent\": \"fugiat quis magna dolor\",\n  \"numberOfTimesTwoCyclesDelinquent\": \"nulla commodo\",\n  \"numberOfTimesThreeCyclesDelinquent\": \"id officia Lorem\",\n  \"authorizationTotal\": \"adipisicing sit\",\n  \"availableFundsAmount\": \"commodo\",\n  \"availableFundsProcessingPortfolioIdentifier\": \"ad ut Duis eiusmod\",\n  \"availableFundsProcessingStrategyIdentifier\": \"dolore nostrud dolor ut quis\",\n  \"behaviorScoreReasonCode1\": \"in eu Excepteur ullamco\",\n  \"behaviorScoreReasonCode2\": \"minim\",\n  \"behaviorScoreReasonCode3\": \"nostrud ut mollit proident\",\n  \"behaviorScoreReasonCode4\": \"adipisicing non dolore esse\",\n  \"behaviorScoreReceiptDate\": \"nostrud do\",\n  \"bonusPreviousYearDollars\": \"in in\",\n  \"cashAdvanceInterestAmount\": \"sed commodo\",\n  \"cashCreditLineAmount\": \"in Ut occaecat\",\n  \"cashAdvanceCreditLineReviewDate\": \"consectetur\",\n  \"creditBureauReportFlag\": \"fugiat ipsum nostrud\",\n  \"currentCycleToDateMerchandisePrincipalAmount\": \"dolor Lorem\",\n  \"miscellaneousChargesAmount\": \"proident mollit ut in\",\n  \"miscellaneousAmount\": \"et tempor\",\n  \"openCycleInterestAndServiceChargeAmount\": \"culpa nulla\",\n  \"lastCycleMerchandisePrincipalAmount\": \"in fugiat\",\n  \"previousCycleMerchandisePrincipalAmount\": \"sunt nulla minim elit\",\n  \"customerInquiryManagementSystemCimsProductCode\": \"Excepteur culpa ut occaecat\",\n  \"cityPrincipalCardholder\": \"in\",\n  \"collectionQueuePrincipalIdentifier\": \"irure\",\n  \"collectionQueueSystemIdentifier\": \"voluptate aliqua magna laborum tempor\",\n  \"clientIdentifier\": \"eu Duis est of\",\n  \"authorizationStrategyIdentifier\": \"ullamco veniam\",\n  \"convertedEnteredIdentifier\": \"ipsum reprehenderit\",\n  \"collectorCode\": \"deserunt Lorem fugiat\",\n  \"dateAccountEnteredCollections\": \"cupidatat sit quis nulla sed\",\n  \"amountOneCycleDelinquent\": \"consectetur id\",\n  \"amountTwoCyclesDelinquent\": \"sit\",\n  \"amountThreeCyclesDelinquent\": \"Excepteur do\",\n  \"amountFourCyclesDelinquent\": \"cillum sit\",\n  \"amountFiveCyclesDelinquent\": \"in enim dolore\",\n  \"amountSixCyclesDelinquent\": \"magna laborum culpa\",\n  \"amountSevenCyclesDelinquent\": \"dolor\",\n  \"cycleToDateAmount\": \"velit nostrud irure labore\",\n  \"cycleToDateDebits\": \"dolor tempor ipsum nisi\",\n  \"nextWorkDate\": \"eiusmod consectetur\",\n  \"nextWorkTime\": \"eiusmod in non commodo culpa\",\n  \"principalCombinationFlag\": \"reprehenderit laborum\",\n  \"promiseToPayAmount\": \"sed ut \",\n  \"promiseToPayDate\": \"sit cupidatat ipsum esse\",\n  \"reassignmentFlag\": \"nisi do\",\n  \"secondaryStatusChange\": \"dolor fugiat commodo do ea\",\n  \"systemCombinationFlag\": \"incididunt\",\n  \"workDateChangeFlag\": \"velit officia non\",\n  \"workedFlag\": \"esse in\",\n  \"creditBureauAttributes\": \"tempor veniam aliq\",\n  \"creditBureauDate\": \"veniam ea\",\n  \"creditBureauCode\": \"in nostrud mollit\",\n  \"creditBureauLocalCode\": \"aliqua\",\n  \"lastStatementCreditProtectionBaseAmount\": \"nisi in commodo\",\n  \"creditLifeIndicator\": \"laboris\",\n  \"creditLifeStatus\": \"incididunt eu mollit\",\n  \"creditBureauScoreNumber\": \"sint proident\",\n  \"holdCorrespondenceFlag\": \"deserunt minim incididunt reprehenderit\",\n  \"cycleToDateLateCharge\": \"occaecat exercitation aute\",\n  \"currentCreditLineChangeDate\": \"Duis quis a\",\n  \"dateCreditLineIncreased\": \"enim ipsum\",\n  \"dateLastAddressChange\": \"nulla\",\n  \"primaryCustomerBirthDate\": \"ut adipisicing dolor ea\",\n  \"delinquentAmount\": \"tempor nostrud est qui dolore\",\n  \"delinquentStartDate\": \"nostrud pariatur magna in adipisicing\",\n  \"employeeAccountCode\": \"aliquip laborum\",\n  \"enteredIdentifier\": \"anim deserunt esse\",\n  \"fixedPaymentFutureAmount\": \"velit reprehenderit\",\n  \"fixedPayment\": \"irure nisi\",\n  \"fraudScore\": \"ullamco laborum tempor\",\n  \"fourthPreviousReturnAmount\": \"consectetur\",\n  \"highRiskPermanentCollectorIdentifier\": \"adipisicing Duis Lorem ullamco\",\n  \"primaryCustomerHomePhoneNumber\": \"ea in\",\n  \"incentiveAnnualCashRate\": \"sunt occaecat consequat laboris\",\n  \"incentiveAnnualMerchandiseRate\": \"sit eiusmod\",\n  \"incentiveEffectiveEndDate\": \"velit laborum anim\",\n  \"incentivePlannedEndDate\": \"in non aliqua\",\n  \"incentiveStartDate\": \"nisi\",\n  \"insertMethodName1\": \"commodo labore mollit in\",\n  \"insertMethodName2\": \"occaecat exercitation es\",\n  \"insertMethodName3\": \"laboris voluptate\",\n  \"insertMethodName4\": \"culpa\",\n  \"insertMethodName5\": \"proident fugiat amet in ea\",\n  \"minimumPaymentDueInterestOnlyMonthsCount\": \"Duis id in enim\",\n  \"irsHomeEquityReportFlag\": \"id ex\",\n  \"lastAnnualChargeDate\": \"ea Ut non\",\n  \"lastDataElementUpdatedOnline\": \"enim Ut\",\n  \"lastReturnAmount\": \"pariatur\",\n  \"lastStatementCashAdvance\": \"ullamco\",\n  \"lastStatementMerchandise\": \"dolore aute magna\",\n  \"lastTrueReageTypeCode\": \"magna velit Excepteur sunt\",\n  \"lifetimeHighBalanceAmount\": \"labore aliquip sit\",\n  \"minimumPaymentDueEndDate\": \"occaecat et id\",\n  \"minimumPaymentDueInterestRate\": \"dolor minim\",\n  \"minimumPaymentDueStartDate\": \"ea labore\",\n  \"minimumPaymentDueOverrideCode\": \"dolor occaecat eu aute\",\n  \"miscellaneousThirteenthText\": \"in consectetur\",\n  \"mothersMaidenName\": \"esse ut fugiat\",\n  \"nextStrategyDate\": \"Excepteur qui\",\n  \"addressFlag\": \"pariatur\",\n  \"alternateCustomerNumber\": \"laborum Excepteur\",\n  \"amountInDispute\": \"ut cupidatat\",\n  \"amountOfLastCashAdvance\": \"officia pariatur mollit sint consectetu\",\n  \"lastPaymentAmount\": \"dolore ex anim magna fugiat\",\n  \"amountOfLastMerchandiseSale\": \"dolore\",\n  \"automaticPaymentEndDate\": \"minim reprehenderit ut Lorem occaecat\",\n  \"autoReageDate\": \"Lorem ex labore\",\n  \"automaticPaymentStartDate\": \"labore cupidatat id incididunt\",\n  \"billingCycleCode\": \"deserunt\",\n  \"behaviorScoreDelinquentScenario\": \"laboris id\",\n  \"businessTelephoneFlag\": \"quis dolore\",\n  \"cacsCollectorIdentifier\": \"laborum nulla\",\n  \"cacsCollectionReason\": \"Lorem culpa minim voluptate\",\n  \"cacsCollectionRoutingCriteria\": \"Lorem Duis\",\n  \"statusReasonCode\": \"minim dolor sit\",\n  \"creditLineChangeAmount\": \"ad anim consectetur sit\",\n  \"creditLineChangeDate\": \"voluptate aliqua adipisicing ad\",\n  \"currentMinimumPaymentDue\": \"Duis\",\n  \"accountCrossReferenceAffinityNumber\": \"dolor Excepteur magna \",\n  \"dateHighestBalance\": \"fugiat sed\",\n  \"dateLastCashAdvance\": \"in elit voluptate\",\n  \"dateLastDelinquency\": \"velit do aute ut\",\n  \"dateLastDebitTransaction\": \"mollit proident\",\n  \"dateLastMerchandiseSale\": \"non sint anim nulla\",\n  \"lastMonetaryDate\": \"officia Duis eu\",\n  \"lastPaymentDate\": \"proident sed dolor culpa\",\n  \"customerDeceasedCode\": \"sint enim\",\n  \"designatedAutomaticPaymentAmount\": \"cupidatat sint aute\",\n  \"homePhoneStatusCode\": \"pariatur magna aliqua\",\n  \"lastCreditBureauFlag\": \"occaecat esse\",\n  \"reageLastDate\": \"eu dolor officia\",\n  \"miscellaneousField1\": \"nisi aliquip\",\n  \"miscellaneousField10\": \"magna\",\n  \"miscellaneousField2\": \"irure minim incididunt\",\n  \"miscellaneousField3\": \"anim et ipsum\",\n  \"miscellaneousField4\": \"ul\",\n  \"miscellaneousField5\": \"velit cupidatat sit amet\",\n  \"miscellaneousField6\": \"mollit nulla magna esse dolore\",\n  \"miscellaneousField7\": \"cupidatat\",\n  \"miscellaneousField8\": \"non Duis\",\n  \"miscellaneousField9\": \"et in nostrud occaecat\",\n  \"nonDelinquentMinimumPaymentDue\": \"non\",\n  \"paymentHistory\": \"occaecat eu ut Ut proident\",\n  \"phoneCardIdentification\": \"veniam deserunt nisi et\",\n  \"personalIdentificationNumberPinChangeDate\": \"Excepteur velit\",\n  \"reageCounter\": \"id aute eu veniam\",\n  \"accountClosedByCardholderRequestDate\": \"incididunt laborum\",\n  \"statusReasonChangeDate\": \"ullamco in do ea\",\n  \"skipPaymentEligibilityIndicator\": \"cillum aliqua velit\",\n  \"solicitationFlag\": \"ex sed\",\n  \"timesInDispute\": \"Lorem tempor\",\n  \"timesCycledOverlimit\": \"enim laborum\",\n  \"automaticReageTotalNumberOf\": \"Duis Ut et\",\n  \"totalReturnedChecks\": \"sint\",\n  \"lastMonetaryType\": \"occaecat\",\n  \"noMailFlag\": \"irure aliqua voluptate cillum\",\n  \"numberOfPlasticsIssued\": \"magna est et dolor ut\",\n  \"openDate\": \"et cillum enim dolor\",\n  \"openDayDate\": \"commodo\",\n  \"paymentHistory13to24\": \"sunt minim proident\",\n  \"penaltyPricingCureCode\": \"anim eu\",\n  \"penaltyPricingDelinquencyCode\": \"aliqua anim\",\n  \"penaltyPricingDelinquencyLevel1Date\": \"voluptate magna aliqua cillum\",\n  \"penaltyPricingDelinquencyLevel2Date\": \"exercitation do dolor elit laborum\",\n  \"penaltyPricingDelinquencyLevel3Date\": \"dolore elit nulla in magna\",\n  \"penaltyPricingExcludeAddOnInterestCode\": \"commodo Lorem\",\n  \"penaltyPricingExcludeMinimumPaymentDueCode\": \"quis anim\",\n  \"previousCreditLineChangeDate\": \"dolor sint adipisicing mollit\",\n  \"previousPaymentAmount\": \"aliqua et\",\n  \"reagePreviousDate\": \"proident et sint consequat\",\n  \"previousReturnAmount\": \"ess\",\n  \"previousAccountBalance\": \"nostrud et nisi id do\",\n  \"previousStatementBilledPaymentsDue\": \"mollit\",\n  \"previousStatementCash\": \"in ut Duis\",\n  \"previousStatementMerchandise\": \"mollit minim aute ut\",\n  \"previousTrueReageCode\": \"nulla nostrud non pariatur\",\n  \"namePrincipalCardholder\": \"ut dolor non id magna\",\n  \"principal\": \"magna \",\n  \"principalIdentifier\": \"qui fugiat incididunt\",\n  \"reagePriorDate\": \"adipisicing culpa nulla\",\n  \"priorTrueReageCode\": \"sed mollit sint eu\",\n  \"priorStatementDate\": \"veniam Lorem ex Duis\",\n  \"previousCreditLineAmount\": \"labore\",\n  \"recourseCode\": \"veniam in\",\n  \"recoverMoneyRate\": \"consequat ut et culpa\",\n  \"reageConsecutivePaymentNumber\": \"aliquip quis incididunt do\",\n  \"reageGoodUntilDate\": \"cillum nisi nostrud ipsum amet\",\n  \"reagePaymentAmount\": \"proident est\",\n  \"salutationCode\": \"ipsum\",\n  \"secondPreviousReturnAmount\": \"proident\",\n  \"secondaryName\": \"deserunt minim fugiat ea\",\n  \"secondTelephoneNumber\": \"irure sunt\",\n  \"skipPaymentHistoryMonths\": \"amet enim dolor dolore\",\n  \"specialFlags58\": \"reprehenderit Excepteur\",\n  \"primaryCustomerSocialSecurityNumber\": \"sed ea elit\",\n  \"heldStatementDestinationCode\": \"ut\",\n  \"stateOrCountryPrincipalCustomer\": \"quis adipisicing l\",\n  \"availableCreditRemaining\": \"ad est velit dolore\",\n  \"creditLineAmount\": \"non aliqua Excepteur\",\n  \"daysInBillingCycle\": \"Duis ullamco minim nulla dolor\",\n  \"statementDelinquentAmount\": \"aute qui\",\n  \"statementDate\": \"cupidatat tempor\",\n  \"statementExternalStatusCode\": \"in sit elit\",\n  \"internalStatusCode\": \"ut laborum\",\n  \"minimumPaymentAmount\": \"elit Lorem voluptate\",\n  \"paymentDueDate\": \"est fugiat tempor\",\n  \"portfolioIdentification\": \"adipisicing ut\",\n  \"pricingStrategy\": \"exercitation\",\n  \"skipPaymentFlag\": \"exercitation laboris Duis\",\n  \"statementType\": \"amet culp\",\n  \"startDelinquentOverrideDate\": \"incididunt dolor occaecat lab\",\n  \"systemNumber\": \"aute tempor sed Duis\",\n  \"systemIdentifier\": \"ex non sint\",\n  \"temporaryPlasticIndicatorCode\": \"exercitation mollit amet in\",\n  \"thirdPreviousReturnAmount\": \"ut\",\n  \"thirdPreviousReturnDate\": \"reprehenderit commodo ir\",\n  \"thirdSpecialControlCode\": \"reprehenderit magna mollit amet\",\n  \"temporaryCreditLineAmount\": \"irure reprehenderit esse\",\n  \"temporaryCreditLineReasonCode\": \"d\",\n  \"temporaryCreditLineEndDate\": \"adipis\",\n  \"temporaryCreditLineFlag\": \"qui irure\",\n  \"temporaryCreditLineStartDate\": \"irure ullamco pariatur cupidatat tempor\",\n  \"userFlags14\": \"aute culpa do enim et\",\n  \"warningBulletinPurgeDate\": \"qui nisi commodo aliquip esse\",\n  \"warningBulletinTransactionType\": \"velit magna sunt officia commodo\",\n  \"yearToDateNetCash\": \"irure labore ipsum\",\n  \"yearToDateNetNumberCash\": \"anim \",\n  \"zipAndPostalCodesPrincipalCardholder\": \"irure enim cillum\",\n  \"teaserQualificationCode\": \"Excepteur dolor exercitation in ullamco\",\n  \"upc10\": \"nulla proident pari\",\n  \"upc9\": \"voluptate enim eu nulla\",\n  \"usavGroupIdentifier\": \"esse magna proident veniam\",\n  \"usavGroupIdentifierLastChangeDate\": \"non\",\n  \"usavOptOutCode\": \"tempor pariatur elit\",\n  \"usavPreviousGroupIdentifier\": \"ullamco occaecat qui\"\n}","cookie":[],"_postman_previewlanguage":"json"}],"event":[],"protocolProfileBehavior":{"disableBodyPruning":true}}],"event":[]}],"event":[],"variable":[{"type":"string","value":"https://cat.api.firstdata.com/fs","key":"baseUrl"}],"info":{"_postman_id":"04a407cc-a306-440f-abd4-9184a7e3109b","name":"fs-proxy-1","schema":"https://schema.getpostman.com/json/collection/v2.1.0/collection.json","description":{"content":"Welcome to the Financial Services API documentation","type":"text/plain"}}}