{"item":[{"id":"881c0c8d-034f-4260-a0e4-090241404f43","name":"collections/v1","item":[{"id":"d756ad81-e1a2-4fe1-83a8-a3608bc94f6c","name":"IRS2_1099C_FORM_ADD RPC","request":{"name":"IRS2_1099C_FORM_ADD RPC","description":{"content":"The IRS2_1099C_FORM_ADD function enables you to add a record for each account that has been discharged of debt for the previous tax year.","type":"text/plain"},"url":{"path":["collections","v1","addIrs21099cForm"],"host":["{{baseUrl}}"],"query":[],"variable":[]},"header":[{"key":"Content-Type","value":"*/*"},{"key":"Accept","value":"application/json"}],"method":"POST","auth":null,"body":{"mode":"raw","raw":"{\n  \"bankruptcyIndicator\": \"<string>\",\n  \"cityName\": \"<string>\",\n  \"creditorAddressLineoneText\": \"<string>\",\n  \"creditorCityName\": \"<string>\",\n  \"creditorIdentifier\": \"<string>\",\n  \"creditorName\": \"<string>\",\n  \"creditorPhoneIdentifier\": \"<string>\",\n  \"creditorPostalCode\": \"<string>\",\n  \"creditorStateCode\": \"<string>\",\n  \"debtOriginCode\": \"<string>\",\n  \"dischargeAmount\": \"<string>\",\n  \"dischargeDate\": \"<string>\",\n  \"postalCode\": \"<string>\",\n  \"primaryCustomerName\": \"<string>\",\n  \"reportTypeCode\": \"<string>\",\n  \"stateIdentifier\": \"<string>\",\n  \"taxYearDate\": \"<string>\",\n  \"common\": {\n    \"user\": \"<string>\",\n    \"agent\": \"<string>\",\n    \"cycle\": \"<string>\",\n    \"clientNumber\": \"<string>\",\n    \"system\": \"<string>\",\n    \"prin\": \"<string>\",\n    \"debug\": \"<boolean>\",\n    \"org\": \"<string>\",\n    \"processor\": \"<boolean>\",\n    \"contentType\": \"<string>\",\n    \"retry\": \"<long>\",\n    \"timeout\": \"<long>\",\n    \"siteId\": \"<string>\",\n    \"externalCustomerId\": \"<string>\",\n    \"accountId\": \"<string>\",\n    \"presentationId\": \"<string>\"\n  },\n  \"secondaryCustomerName\": \"<string>\",\n  \"addressLineOneText\": \"<string>\",\n  \"addressLineTwoText\": \"<string>\",\n  \"primarySocialSecurityNumberIdentifier\": \"<string>\",\n  \"secondarySocialSecurityNumberIdentifier\": \"<string>\",\n  \"interestIncludedinDischargeAmount\": \"<string>\",\n  \"eventCode\": \"<string>\"\n}"}},"response":[{"id":"411679a9-70e8-4d28-b1fa-fd7ca6c2a794","name":"successful operation","originalRequest":{"url":{"path":["collections","v1","addIrs21099cForm"],"host":["{{baseUrl}}"],"query":[],"variable":[]},"header":[{"key":"Accept","value":"application/json"}],"method":"POST","body":{"mode":"raw","raw":"{\n  \"bankruptcyIndicator\": \"<string>\",\n  \"cityName\": \"<string>\",\n  \"creditorAddressLineoneText\": \"<string>\",\n  \"creditorCityName\": \"<string>\",\n  \"creditorIdentifier\": \"<string>\",\n  \"creditorName\": \"<string>\",\n  \"creditorPhoneIdentifier\": \"<string>\",\n  \"creditorPostalCode\": \"<string>\",\n  \"creditorStateCode\": \"<string>\",\n  \"debtOriginCode\": \"<string>\",\n  \"dischargeAmount\": \"<string>\",\n  \"dischargeDate\": \"<string>\",\n  \"postalCode\": \"<string>\",\n  \"primaryCustomerName\": \"<string>\",\n  \"reportTypeCode\": \"<string>\",\n  \"stateIdentifier\": \"<string>\",\n  \"taxYearDate\": \"<string>\",\n  \"common\": {\n    \"user\": \"<string>\",\n    \"agent\": \"4000\",\n    \"cycle\": \"T\",\n    \"clientNumber\": \"1000\",\n    \"system\": \"2000\",\n    \"prin\": \"3000\",\n    \"debug\": \"<boolean>\",\n    \"org\": \"<string>\",\n    \"processor\": \"<boolean>\",\n    \"contentType\": \"<string>\",\n    \"retry\": 0,\n    \"timeout\": 45000,\n    \"siteId\": \"4201\",\n    \"externalCustomerId\": \"<string>\",\n    \"accountId\": \"8888888888888888\",\n    \"presentationId\": \"<string>\"\n  },\n  \"secondaryCustomerName\": \"<string>\",\n  \"addressLineOneText\": \"<string>\",\n  \"addressLineTwoText\": \"<string>\",\n  \"primarySocialSecurityNumberIdentifier\": \"<string>\",\n  \"secondarySocialSecurityNumberIdentifier\": \"<string>\",\n  \"interestIncludedinDischargeAmount\": \"<string>\",\n  \"eventCode\": \"<string>\"\n}"}},"status":"OK","code":200,"header":[{"key":"Content-Type","value":"application/json"}],"body":"{\n  \"processorInfo\": {\n    \"system\": \"proident quis Duis cupidatat\",\n    \"cycle\": \"do cupidatat \",\n    \"tor\": \"ipsum magna e\",\n    \"mode\": \"aute ut tempor\"\n  },\n  \"messages\": [\n    {\n      \"resultCode\": \"do ut aute\",\n      \"messageText\": \"ex laboris\",\n      \"transactionStatus\": \"velit qui esse\"\n    },\n    {\n      \"resultCode\": \"ut consectetur aute sed ad\",\n      \"messageText\": \"consequat in laboris\",\n      \"transactionStatus\": \"eu cup\"\n    }\n  ],\n  \"messageMap\": {\n    \"reprehenderit_35\": \"consectetur cillum sed aute\",\n    \"incididunt_cfc\": \"nostrud officia adipisicing Lorem\"\n  }\n}","cookie":[],"_postman_previewlanguage":"json"}],"event":[],"protocolProfileBehavior":{"disableBodyPruning":true}},{"id":"01f0a2e9-76ec-409d-9075-9c2a41b83e2b","name":"ACTION_ENTRY ODS View","request":{"name":"ACTION_ENTRY ODS View","description":{"content":"The ACTION_ENTRY view provides access to Action Entry information using\nsearch functions not available with the AENTRY view. Required Fields: common.accountId or\ncommon.presentationId or common.system","type":"text/plain"},"url":{"path":["collections","v1","actionEntry"],"host":["{{baseUrl}}"],"query":[],"variable":[]},"header":[{"key":"Content-Type","value":"application/json"},{"key":"Accept","value":"application/json"}],"method":"POST","auth":null,"body":{"mode":"raw","raw":"{\n  \"endSequence\": \"<string>\",\n  \"selectFields\": [\n    \"<string>\"\n  ],\n  \"startSequence\": \"<string>\",\n  \"common\": {\n    \"user\": \"<string>\",\n    \"agent\": \"<string>\",\n    \"cycle\": \"<string>\",\n    \"clientNumber\": \"<string>\",\n    \"system\": \"<string>\",\n    \"prin\": \"<string>\",\n    \"debug\": \"<boolean>\",\n    \"org\": \"<string>\",\n    \"processor\": \"<boolean>\",\n    \"contentType\": \"<string>\",\n    \"retry\": \"<long>\",\n    \"timeout\": \"<long>\",\n    \"siteId\": \"<string>\",\n    \"externalCustomerId\": \"<string>\",\n    \"accountId\": \"<string>\",\n    \"presentationId\": \"<string>\"\n  },\n  \"odsNaming\": \"<boolean>\",\n  \"actionEntryPrefixCode\": \"<string>\",\n  \"actionEntryDate\": \"<string>\"\n}","options":{"raw":{"language":"json"}}}},"response":[{"id":"b61da6fc-3358-4159-9c4f-cba697b1817c","name":"successful operation","originalRequest":{"url":{"path":["collections","v1","actionEntry"],"host":["{{baseUrl}}"],"query":[],"variable":[]},"header":[{"key":"Accept","value":"application/json"}],"method":"POST","body":{"mode":"raw","raw":"{\n  \"endSequence\": \"25\",\n  \"selectFields\": [\n    \"anyvalidfieldname1\",\n    \"anyvalidfieldname2\",\n    \"anyvalidfieldname3\",\n    \"anyvalidfieldname…\",\n    \"anyvalidfieldname…n\"\n  ],\n  \"startSequence\": \"1\",\n  \"common\": {\n    \"user\": \"<string>\",\n    \"agent\": \"4000\",\n    \"cycle\": \"T\",\n    \"clientNumber\": \"1000\",\n    \"system\": \"2000\",\n    \"prin\": \"3000\",\n    \"debug\": \"<boolean>\",\n    \"org\": \"<string>\",\n    \"processor\": \"<boolean>\",\n    \"contentType\": \"<string>\",\n    \"retry\": 0,\n    \"timeout\": 45000,\n    \"siteId\": \"4201\",\n    \"externalCustomerId\": \"<string>\",\n    \"accountId\": \"8888888888888888\",\n    \"presentationId\": \"<string>\"\n  },\n  \"odsNaming\": \"<boolean>\",\n  \"actionEntryPrefixCode\": \"<string>\",\n  \"actionEntryDate\": \"<string>\"\n}","options":{"raw":{"language":"json"}}}},"status":"OK","code":200,"header":[{"key":"Content-Type","value":"application/json"}],"body":"{\n  \"processorInfo\": {\n    \"system\": \"labore culpa\",\n    \"cycle\": \"do\",\n    \"tor\": \"in commodo\",\n    \"mode\": \"Ut non labore ullamco\"\n  },\n  \"actionEntryFields\": [\n    {\n      \"selectedFields\": {\n        \"Duis_6\": \"qui aute Excepteur\"\n      },\n      \"accountIdentifier\": \"tempor do\",\n      \"actionEntryCode\": \"id ad exercitation\",\n      \"actionEntryDate\": \"exercitation Lorem dolor ex\",\n      \"actionEntryPrefixCode\": \"pariatur in\",\n      \"agentIdentifier\": \"qui id fugiat \",\n      \"collectorIdentifier\": \"cu\",\n      \"convertedEnteredIdentifier\": \"ipsum\",\n      \"enteredIdentifier\": \"adipisicing veniam commodo\",\n      \"principleIdentifier\": \"irure id\",\n      \"sequenceIdentifier\": \"dolor\",\n      \"systemIdentifier\": \"reprehenderit tempor\"\n    },\n    {\n      \"selectedFields\": {\n        \"nisicc\": \"dolor laboris dolore\",\n        \"aute2c0\": \"eu quis\"\n      },\n      \"accountIdentifier\": \"dolor est a\",\n      \"actionEntryCode\": \"ipsum sint\",\n      \"actionEntryDate\": \"fugiat reprehenderit Excepteur\",\n      \"actionEntryPrefixCode\": \"enim deserunt tempor sunt\",\n      \"agentIdentifier\": \"qui irure\",\n      \"collectorIdentifier\": \"eu amet aute reprehenderit cupidatat\",\n      \"convertedEnteredIdentifier\": \"culpa quis\",\n      \"enteredIdentifier\": \"labore in ut\",\n      \"principleIdentifier\": \"occaecat nisi\",\n      \"sequenceIdentifier\": \"fugiat eu consequat magna sint\",\n      \"systemIdentifier\": \"irure\"\n    }\n  ]\n}","cookie":[],"_postman_previewlanguage":"json"}],"event":[],"protocolProfileBehavior":{"disableBodyPruning":true}},{"id":"80d8ce98-d4f9-4ac5-9a0b-d6032ee897be","name":"XAAPROC RPC","request":{"name":"XAAPROC RPC","description":{"content":"The XAAPROC function adds an action entry on the cardholder account being worked.\nAction entry codes identify telephone calls and other actions made by the collector while working the account.\nThis function emulates the XAA transaction.\nRequired Fields: common.accountId, collectorCode, and entryCode. ","type":"text/plain"},"url":{"path":["collections","v1","addActionEntry"],"host":["{{baseUrl}}"],"query":[],"variable":[]},"header":[{"key":"Content-Type","value":"application/json"},{"key":"Accept","value":"application/json"}],"method":"POST","auth":null,"body":{"mode":"raw","raw":"{\n  \"collectorCode\": \"<string>\",\n  \"entryCode\": \"<string>\",\n  \"common\": {\n    \"user\": \"<string>\",\n    \"agent\": \"<string>\",\n    \"cycle\": \"<string>\",\n    \"clientNumber\": \"<string>\",\n    \"system\": \"<string>\",\n    \"prin\": \"<string>\",\n    \"debug\": \"<boolean>\",\n    \"org\": \"<string>\",\n    \"processor\": \"<boolean>\",\n    \"contentType\": \"<string>\",\n    \"retry\": \"<long>\",\n    \"timeout\": \"<long>\",\n    \"siteId\": \"<string>\",\n    \"externalCustomerId\": \"<string>\",\n    \"accountId\": \"<string>\",\n    \"presentationId\": \"<string>\"\n  }\n}","options":{"raw":{"language":"json"}}}},"response":[{"id":"ac271688-3166-4f34-ae3a-6adac16a4951","name":"successful operation","originalRequest":{"url":{"path":["collections","v1","addActionEntry"],"host":["{{baseUrl}}"],"query":[],"variable":[]},"header":[{"key":"Accept","value":"application/json"}],"method":"POST","body":{"mode":"raw","raw":"{\n  \"collectorCode\": \"<string>\",\n  \"entryCode\": \"<string>\",\n  \"common\": {\n    \"user\": \"<string>\",\n    \"agent\": \"4000\",\n    \"cycle\": \"T\",\n    \"clientNumber\": \"1000\",\n    \"system\": \"2000\",\n    \"prin\": \"3000\",\n    \"debug\": \"<boolean>\",\n    \"org\": \"<string>\",\n    \"processor\": \"<boolean>\",\n    \"contentType\": \"<string>\",\n    \"retry\": 0,\n    \"timeout\": 45000,\n    \"siteId\": \"4201\",\n    \"externalCustomerId\": \"<string>\",\n    \"accountId\": \"8888888888888888\",\n    \"presentationId\": \"<string>\"\n  }\n}","options":{"raw":{"language":"json"}}}},"status":"OK","code":200,"header":[{"key":"Content-Type","value":"application/json"}],"body":"{\n  \"processorInfo\": {\n    \"system\": \"in aliquip\",\n    \"cycle\": \"exe\",\n    \"tor\": \"adipisicing dolor sunt esse labore\",\n    \"mode\": \"commodo dolore laboris\"\n  },\n  \"sequenceNumber\": \"esse ullamco velit in\"\n}","cookie":[],"_postman_previewlanguage":"json"}],"event":[],"protocolProfileBehavior":{"disableBodyPruning":true}},{"id":"5bafac97-caf6-4c26-98e9-9582ce5ebfbb","name":"COL_HISTORY ODS View","request":{"name":"COL_HISTORY ODS View","description":{"content":"The COL_HISTORY view provides access to collection account history information. Required Fields: Entered Identifier (common.accountId or common.presentationId), selectFields. ","type":"text/plain"},"url":{"path":["collections","v1","collectionHistory"],"host":["{{baseUrl}}"],"query":[],"variable":[]},"header":[{"key":"Content-Type","value":"application/json"},{"key":"Accept","value":"application/json"}],"method":"POST","auth":null,"body":{"mode":"raw","raw":"{\n  \"endSequence\": \"<string>\",\n  \"selectFields\": [\n    \"<string>\"\n  ],\n  \"startSequence\": \"<string>\",\n  \"common\": {\n    \"user\": \"<string>\",\n    \"agent\": \"<string>\",\n    \"cycle\": \"<string>\",\n    \"clientNumber\": \"<string>\",\n    \"system\": \"<string>\",\n    \"prin\": \"<string>\",\n    \"debug\": \"<boolean>\",\n    \"org\": \"<string>\",\n    \"processor\": \"<boolean>\",\n    \"contentType\": \"<string>\",\n    \"retry\": \"<long>\",\n    \"timeout\": \"<long>\",\n    \"siteId\": \"<string>\",\n    \"externalCustomerId\": \"<string>\",\n    \"accountId\": \"<string>\",\n    \"presentationId\": \"<string>\"\n  },\n  \"odsNaming\": \"<boolean>\"\n}","options":{"raw":{"language":"json"}}}},"response":[{"id":"78a54c6e-5bcd-497a-b007-a1814cfc7c94","name":"successful operation","originalRequest":{"url":{"path":["collections","v1","collectionHistory"],"host":["{{baseUrl}}"],"query":[],"variable":[]},"header":[{"key":"Accept","value":"application/json"}],"method":"POST","body":{"mode":"raw","raw":"{\n  \"endSequence\": \"25\",\n  \"selectFields\": [\n    \"anyvalidfieldname1\",\n    \"anyvalidfieldname2\",\n    \"anyvalidfieldname3\",\n    \"anyvalidfieldname…\",\n    \"anyvalidfieldname…n\"\n  ],\n  \"startSequence\": \"1\",\n  \"common\": {\n    \"user\": \"<string>\",\n    \"agent\": \"4000\",\n    \"cycle\": \"T\",\n    \"clientNumber\": \"1000\",\n    \"system\": \"2000\",\n    \"prin\": \"3000\",\n    \"debug\": \"<boolean>\",\n    \"org\": \"<string>\",\n    \"processor\": \"<boolean>\",\n    \"contentType\": \"<string>\",\n    \"retry\": 0,\n    \"timeout\": 45000,\n    \"siteId\": \"4201\",\n    \"externalCustomerId\": \"<string>\",\n    \"accountId\": \"8888888888888888\",\n    \"presentationId\": \"<string>\"\n  },\n  \"odsNaming\": \"<boolean>\"\n}","options":{"raw":{"language":"json"}}}},"status":"OK","code":200,"header":[{"key":"Content-Type","value":"application/json"}],"body":"{\n  \"processorInfo\": {\n    \"system\": \"nostrud sit\",\n    \"cycle\": \"consequat \",\n    \"tor\": \"consequat in est cupidatat\",\n    \"mode\": \"te\"\n  },\n  \"collectionHistory\": [\n    {\n      \"selectedFields\": {\n        \"dolor_2\": \"eu dolor\",\n        \"velit_2\": \"tempor non\",\n        \"nisi_7\": \"fugiat dolor Excepteur velit\"\n      },\n      \"accountId\": \"dolore aute esse\",\n      \"agentId\": \"ad magna\",\n      \"agentNumber\": \"dolore aliqua sit\",\n      \"cardholderAccountNumber\": \"est aute cillum\",\n      \"city\": \"voluptate sint\",\n      \"collectionsEntryDate\": \"id\",\n      \"collectionsExitDate\": \"sit\",\n      \"convertedEnteredId\": \"elit\",\n      \"cyclesDelinquent\": \"Duis nulla\",\n      \"enteredId\": \"aliqua commodo aliquip\",\n      \"highestAccountBalance\": \"sint in pariatur enim\",\n      \"highestDaysDelinquent\": \"ad ut sint\",\n      \"highestDelinquentAmount\": \"nostrud f\",\n      \"primaryName\": \"do irure magna laboris\",\n      \"paymentReversals\": \"quis ipsum\",\n      \"principalAddress1\": \"voluptate dolor Lorem qui eiusmod\",\n      \"principalAddress2\": \"exercitation\",\n      \"principalId\": \"laborum sunt qui in minim\",\n      \"principalNumber\": \"exercitation laboris\",\n      \"promiseToPayAmt\": \"est voluptate\",\n      \"promiseToPayAmtActuallyPaid\": \"dolor aute\",\n      \"promiseToPayAmtNotReceived\": \"of\",\n      \"promiseToPayChangedCount\": \"aliquip dolore enim in\",\n      \"promiseToPayCount\": \"labore aliqua esse laboris cillum\",\n      \"promiseToPayKeptCount\": \"id nulla veniam\",\n      \"promiseToPayNotKeptCount\": \"veniam culpa incididunt\",\n      \"sequenceNumber\": \"ut Ut\",\n      \"stateCountry\": \"exercitation labore\",\n      \"systemId\": \"enim sunt sit\",\n      \"systemNumber\": \"fugiat in\",\n      \"zipPostalCode\": \"ullamco reprehenderit ipsum nisi comm\"\n    },\n    {\n      \"selectedFields\": {\n        \"labore_34\": \"sint\",\n        \"sed_ef\": \"fugiat cillum cupidatat sed\",\n        \"est6\": \"quis do\",\n        \"quib0a\": \"nulla veniam proident commodo quis\"\n      },\n      \"accountId\": \"eu\",\n      \"agentId\": \"nisi dolore qui\",\n      \"agentNumber\": \"deserunt Excepteur cupidatat elit\",\n      \"cardholderAccountNumber\": \"elit qui\",\n      \"city\": \"incididunt officia Duis cupidatat\",\n      \"collectionsEntryDate\": \"anim sit\",\n      \"collectionsExitDate\": \"sint qui\",\n      \"convertedEnteredId\": \"adipisicing magna\",\n      \"cyclesDelinquent\": \"tempor\",\n      \"enteredId\": \"laborum irure in\",\n      \"highestAccountBalance\": \"ad\",\n      \"highestDaysDelinquent\": \"non in enim\",\n      \"highestDelinquentAmount\": \"id laboris ullamco minim\",\n      \"primaryName\": \"amet Excepteur sed\",\n      \"paymentReversals\": \"velit do deserunt magna\",\n      \"principalAddress1\": \"sit tempor sunt\",\n      \"principalAddress2\": \"enim aliqua\",\n      \"principalId\": \"dolor ipsum irure in\",\n      \"principalNumber\": \"qui\",\n      \"promiseToPayAmt\": \"aliqua\",\n      \"promiseToPayAmtActuallyPaid\": \"id\",\n      \"promiseToPayAmtNotReceived\": \"aute ut minim Excepteur irure\",\n      \"promiseToPayChangedCount\": \"incididunt non\",\n      \"promiseToPayCount\": \"ut Lorem\",\n      \"promiseToPayKeptCount\": \"ad dolore ipsum\",\n      \"promiseToPayNotKeptCount\": \"cupidatat ipsum sit\",\n      \"sequenceNumber\": \"irure ullamco et sit\",\n      \"stateCountry\": \"commodo nulla\",\n      \"systemId\": \"in amet Ut commodo\",\n      \"systemNumber\": \"ut minim amet est et\",\n      \"zipPostalCode\": \"ea nulla irure consectetur\"\n    }\n  ]\n}","cookie":[],"_postman_previewlanguage":"json"}],"event":[],"protocolProfileBehavior":{"disableBodyPruning":true}},{"id":"e1b34b07-990b-4658-88d5-00c68b8aa941","name":"COL_QUE_TOT ODS View","request":{"name":"COL_QUE_TOT ODS View","description":{"content":"The COL_QUE_TOT view returns the number of accounts and outstanding balance in status D, Delinquent, status O, Overlimit, and status X, Delinquent and Overlimit, work queues. Required Fields: systemIdentifier, principalIdentifier, selectFields. ","type":"text/plain"},"url":{"path":["collections","v1","collectionQueueTotal"],"host":["{{baseUrl}}"],"query":[],"variable":[]},"header":[{"key":"Content-Type","value":"application/json"},{"key":"Accept","value":"application/json"}],"method":"POST","auth":null,"body":{"mode":"raw","raw":"{\n  \"endSequence\": \"<string>\",\n  \"principalIdentifier\": \"<string>\",\n  \"selectFields\": [\n    \"<string>\"\n  ],\n  \"startSequence\": \"<string>\",\n  \"systemIdentifier\": \"<string>\",\n  \"common\": {\n    \"user\": \"<string>\",\n    \"agent\": \"<string>\",\n    \"cycle\": \"<string>\",\n    \"clientNumber\": \"<string>\",\n    \"system\": \"<string>\",\n    \"prin\": \"<string>\",\n    \"debug\": \"<boolean>\",\n    \"org\": \"<string>\",\n    \"processor\": \"<boolean>\",\n    \"contentType\": \"<string>\",\n    \"retry\": \"<long>\",\n    \"timeout\": \"<long>\",\n    \"siteId\": \"<string>\",\n    \"externalCustomerId\": \"<string>\",\n    \"accountId\": \"<string>\",\n    \"presentationId\": \"<string>\"\n  },\n  \"odsNaming\": \"<boolean>\",\n  \"collector\": \"<string>\"\n}","options":{"raw":{"language":"json"}}}},"response":[{"id":"9539be67-afa7-4191-a3ae-dba7df31d8e3","name":"successful operation","originalRequest":{"url":{"path":["collections","v1","collectionQueueTotal"],"host":["{{baseUrl}}"],"query":[],"variable":[]},"header":[{"key":"Accept","value":"application/json"}],"method":"POST","body":{"mode":"raw","raw":"{\n  \"endSequence\": \"25\",\n  \"principalIdentifier\": \"stri\",\n  \"selectFields\": [\n    \"anyvalidfieldname1\",\n    \"anyvalidfieldname2\",\n    \"anyvalidfieldname3\",\n    \"anyvalidfieldname…\",\n    \"anyvalidfieldname…n\"\n  ],\n  \"startSequence\": \"1\",\n  \"systemIdentifier\": \"stri\",\n  \"common\": {\n    \"user\": \"<string>\",\n    \"agent\": \"4000\",\n    \"cycle\": \"T\",\n    \"clientNumber\": \"1000\",\n    \"system\": \"2000\",\n    \"prin\": \"3000\",\n    \"debug\": \"<boolean>\",\n    \"org\": \"<string>\",\n    \"processor\": \"<boolean>\",\n    \"contentType\": \"<string>\",\n    \"retry\": 0,\n    \"timeout\": 45000,\n    \"siteId\": \"4201\",\n    \"externalCustomerId\": \"<string>\",\n    \"accountId\": \"8888888888888888\",\n    \"presentationId\": \"<string>\"\n  },\n  \"odsNaming\": \"<boolean>\",\n  \"collector\": \"str\"\n}","options":{"raw":{"language":"json"}}}},"status":"OK","code":200,"header":[{"key":"Content-Type","value":"application/json"}],"body":"{\n  \"processorInfo\": {\n    \"system\": \"sint amet\",\n    \"cycle\": \"ex ad\",\n    \"tor\": \"elit pariatur \",\n    \"mode\": \"dolore tempor deserunt\"\n  },\n  \"collectionQueueTotalFields\": [\n    {\n      \"selectedFields\": {\n        \"Duis_51_\": \"dolor do\"\n      },\n      \"principalIdentifier\": \"velit labore\",\n      \"systemIdentifier\": \"officia laborum consequat\",\n      \"collectorCode\": \"anim Duis\",\n      \"totalCurrentAmountOutstandingForFourCycleStatusDAndXCollectionAccounts\": \"consecte\",\n      \"currentNumberOfFourCycleStatusDAndXCollectionAccounts\": \"ut\",\n      \"currentNumberOfFourCycleStatusDxCollectionAccounts\": \"reprehenderit sint esse\",\n      \"currentAmountOutstandingForCollectionAccountsFourCyclesDelinquent\": \"ali\",\n      \"currentNumberOfCollectionAccountsFourCyclesDelinquent\": \"pariatur elit\",\n      \"currentAmountOutstandingForCollectionAccountsFourCyclesDelinquentAndOverlimit\": \"enim sint sit non voluptate\",\n      \"currentNumberOfCollectionAccountsFourCyclesDelinquentAndOverlimit\": \"Ut esse\",\n      \"totalCurrentAmountOutstandingForFiveCycleStatusDAndXCollectionAccounts\": \"q\",\n      \"currentNumberOfFiveCycleStatusDAndXCollectionAccounts\": \"exercitation laborum\",\n      \"currentAmountOutstandingForCollectionAccountsFiveCyclesDelinquent\": \"laboris ex\",\n      \"currentNumberOfCollectionAccountsFiveCyclesDelinquent\": \"aliqua voluptate dolore eiusmod\",\n      \"currentAmountOutstandingForCollectionAccountsFiveCyclesDelinquentAndOverlimit\": \"irure esse ex dolor\",\n      \"currentNumberOfCollectionAccountsFiveCyclesDelinquentAndOverlimit\": \"dolor ut sint\",\n      \"totalCurrentAmountOutstandingForSixCycleStatusDAndXCollectionAccounts\": \"nostrud proident\",\n      \"currentNumberOfSixCycleStatusDAndXCollectionAccounts\": \"proident quis\",\n      \"currentAmountOutstandingForCollectionAccountsSixCyclesDelinquent\": \"ex Ut nulla do deserunt\",\n      \"currentNumberOfCollectionAccountsSixCyclesDelinquent\": \"cupidatat Duis\",\n      \"currentAmountOutstandingForCollectionAccountsSixCyclesDelinquentAndOverlimit\": \"ut dolore velit magna\",\n      \"currentNumberOfCollectionAccountsSixCyclesDelinquentAndOverlimit\": \"nulla dolore culpa\",\n      \"totalCurrentAmountOutstandingForSevenCycleStatusDAndXCollectionAccounts\": \"consequat\",\n      \"currentNumberOfSevenCycleStatusDAndXCollectionAccounts\": \"laborum ut Excepteur velit\",\n      \"currentAmountOutstandingForCollectionAccountsSevenCyclesDelinquent\": \"consectetur cupidatat\",\n      \"currentNumberOfCollectionAccountsSevenCyclesDelinquent\": \"ex officia nulla\",\n      \"currentAmountOutstandingForCollectionAccountsSevenCyclesDelinquentAndOverlimit\": \"incididunt ex pariatur fugiat\",\n      \"currentNumberOfCollectionAccountsSevenCyclesDelinquentAndOverlimit\": \"cupidatat irure cillum\",\n      \"totalCurrentAmountOutstandingForOneCycleStatusDAndXCollectionAccounts\": \"nulla dolore\",\n      \"currentNumberOfOneCycleStatusDAndXCollectionAccounts\": \"ipsum proident esse\",\n      \"currentAmountOutstandingForCollectionAccountsOneCycleDelinquent\": \"in laborum exercitat\",\n      \"currentNumberOfCollectionAccountsOneCycleDelinquent\": \"et Ut enim\",\n      \"currentAmountOutstandingForCollectionAccountsOneCycleDelinquentAndOverlimit\": \"dolor quis\",\n      \"currentNumberOfCollectionAccountsOneCycleDelinquentAndOverlimit\": \"Excepteur deserunt\",\n      \"totalCurrentAmountOutstandingForTwoCycleStatusDAndXCollectionAccounts\": \"in non eu\",\n      \"currentNumberOfTwoCycleStatusDAndXCollectionAccounts\": \"irure Duis proident nulla\",\n      \"currentAmountOutstandingForCollectionAccountsTwoCyclesDelinquent\": \"anim culpa commodo qui ipsum\",\n      \"currentNumberOfCollectionAccountsTwoCyclesDelinquent\": \"nostrud do id adipisicing\",\n      \"currentAmountOutstandingForCollectionAccountsTwoCyclesDelinquentAndOverlimit\": \"qui et do\",\n      \"currentNumberOfCollectionAccountsTwoCyclesDelinquentAndOverlimit\": \"ut culpa esse in\",\n      \"totalCurrentAmountOutstandingForThreeCycleStatusDAndXCollectionAccounts\": \"adipisicing ea sit\",\n      \"currentNumberOfThreeCycleStatusDAndXCollectionAccounts\": \"laborum eiusmod Lorem\",\n      \"currentAmountOutstandingForCollectionAccountsThreeCyclesDelinquent\": \"enim fugiat\",\n      \"currentNumberOfCollectionAccountsThreeCyclesDelinquent\": \"occaecat magna est non\",\n      \"currentAmountOutstandingForCollectionAccountsThreeCyclesDelinquentAndOverlimit\": \"nulla ea cillum\",\n      \"currentNumberOfCollectionAccountsThreeCyclesDelinquentAndOverlimit\": \"nisi irure\",\n      \"totalCurrentAmountOutstandingForStatusDAndXCollectionAccounts\": \"amet ea et\",\n      \"totalCurrentNumberOfStatusDAndXCollectionAccounts\": \"laboris in ipsum\",\n      \"totalCurrentAmountOutstandingForDelinquentCollectionAccounts\": \"dolore anim tempor\",\n      \"totalCurrentNumberOfDelinquentCollectionAccounts\": \"eu eiusmod Ut\",\n      \"totalCurrentAmountOutstandingForOverlimitCollectionAccounts\": \"exercitation ut quis\",\n      \"totalCurrentNumberOfOverlimitCollectionAccounts\": \"officia ut\",\n      \"totalCurrentAmountOutstandingForDelinquentAndOverlimitCollectionAccounts\": \"dolor incididunt aliqua consectetur\",\n      \"totalCurrentNumberOfDelinquentAndOverlimitCollectionAccounts\": \"ullamco\",\n      \"totalCurrentAmountOutstandingForChargedOffStatusDAndXCollectionAccounts\": \"dolore consectetur enim aute\",\n      \"currentNumberOfChargedOffStatusDAndXCollectionAccounts\": \"veniam cillum\",\n      \"currentAmountOutstandingForChargedOffDelinquentCollectionAccounts\": \"ea eiusmod magna nulla\",\n      \"currentNumberOfChargedOffDelinquentCollectionAccounts\": \"Lorem magna\",\n      \"currentAmountOutstandingForChargedOffCollectionAccountsDelinquentAndOverlimit\": \"fugiat est incididunt\",\n      \"currentNumberOfChargedOffCollectionAccountsDelinquentAndOverlimit\": \"quis irure\",\n      \"totalAmountOutstandingForFourCycleStatusDAndXCollectionAccountsOnFile\": \"proident laborum\",\n      \"numberOfFourCycleStatusDAndXCollectionAccountsOnFile\": \"amet dolor laborum sed\",\n      \"amountOutstandingForCollectionAccountsFourCyclesDelinquentOnFile\": \"in culpa aliqua\",\n      \"numberOfCollectionAccountsOnFileFourCyclesDelinquent\": \"sint nul\",\n      \"amountOutstandingForCollectionAccountsFourCyclesDelinquentAndOverlimitOnFile\": \"laborum aute cillum in\",\n      \"numberOfCollectionAccountsOnFileFourCyclesDelinquentAndOverlimit\": \"Ut dolore in eiusmod\",\n      \"totalAmountOutstandingForFiveCycleStatusDAndXCollectionAccountsOnFile\": \"Excepteur dolore \",\n      \"numberOfFiveCycleStatusDAndXCollectionAccountsOnFile\": \"culpa\",\n      \"amountOutstandingForCollectionAccountsFiveCyclesDelinquentOnFile\": \"enim in eiusmod\",\n      \"numberOfCollectionAccountsOnFileFiveCyclesDelinquent\": \"o\",\n      \"amountOutstandingForCollectionAccountsFiveCyclesDelinquentAndOverlimitOnFile\": \"ullamco veniam\",\n      \"numberOfCollectionAccountsOnFileFiveCyclesDelinquentAndOverlimit\": \"deserunt sit mollit\",\n      \"totalAmountOutstandingForSixCycleStatusDAndXCollectionAccountsOnFile\": \"dolor labore\",\n      \"numberOfSixCycleStatusDAndXCollectionAccountsOnFile\": \"dolore in incididunt\",\n      \"amountOutstandingForCollectionAccountsSixCyclesDelinquentOnFile\": \"laborum elit consequat\",\n      \"numberOfCollectionAccountsOnFileSixCyclesDelinquent\": \"in id\",\n      \"amountOutstandingForCollectionAccountsSixCyclesDelinquentAndOverlimitOnFile\": \"voluptate occaecat tempor dolor\",\n      \"numberOfCollectionAccountsOnFileSixCyclesDelinquentAndOverlimit\": \"culpa\",\n      \"totalAmountOutstandingForSevenCycleStatusDAndXCollectionAccountsOnFile\": \"exercitation Lorem aliquip\",\n      \"numberOfSevenCycleStatusDAndXCollectionAccountsOnFile\": \"nostrud Lorem\",\n      \"amountOutstandingForCollectionAccountsSevenCyclesDelinquentOnFile\": \"tempor\",\n      \"numberOfCollectionAccountsOnFileSevenCyclesDelinquent\": \"commo\",\n      \"amountOutstandingForCollectionAccountsSevenCyclesDelinquentAndOverlimitOnFile\": \"nisi esse fugiat commodo\",\n      \"numberOfCollectionAccountsOnFileSevenCyclesDelinquentAndOverlimit\": \"dolore dolor laborum fugiat\",\n      \"totalAmountOutstandingForOneCycleStatusDAndXCollectionAccountsOnFile\": \"pariatur eiusmod minim sint\",\n      \"numberOfOneCycleStatusDAndXCollectionAccountsOnFile\": \"esse\",\n      \"amountOutstandingForCollectionAccountsOneCycleDelinquentOnFile\": \"ullamco adipisicing dolore\",\n      \"numberOfCollectionAccountsOnFileOneCycleDelinquent\": \"amet ut\",\n      \"amountOutstandingForCollectionAccountsOneCycleDelinquentAndOverlimitOnFile\": \"et sunt cupidatat veniam\",\n      \"numberOfCollectionAccountsOnFileOneCycleDelinquentAndOverlimit\": \"irure laboris adipi\",\n      \"totalAmountOutstandingForTwoCycleStatusDAndXCollectionAccountsOnFile\": \"deserunt Ut\",\n      \"numberOfTwoCycleStatusDAndXCollectionAccountsOnFile\": \"Ut in\",\n      \"amountOutstandingForCollectionAccountsTwoCyclesDelinquentOnFile\": \"Duis Lorem aute sunt\",\n      \"numberOfCollectionAccountsOnFileTwoCyclesDelinquent\": \"magna enim sunt ut incididunt\",\n      \"amountOutstandingForCollectionAccountsTwoCyclesDelinquentAndOverlimitOnFile\": \"veniam qui sit\",\n      \"numberOfCollectionAccountsOnFileTwoCyclesDelinquentAndOverlimit\": \"anim do sunt dolore\",\n      \"totalAmountOutstandingForThreeCycleStatusDAndXCollectionAccountsOnFile\": \"ipsum commodo aliqua\",\n      \"numberOfThreeCycleStatusDAndXCollectionAccountsOnFile\": \"cillum adipisicing\",\n      \"amountOutstandingForCollectionAccountsThreeCyclesDelinquentOnFile\": \"deserunt ad nostrud\",\n      \"numberOfCollectionAccountsOnFileThreeCyclesDelinquent\": \"ut consectetur est sunt in\",\n      \"amountOutstandingForCollectionAccountsThreeCyclesDelinquentAndOverlimitOnFile\": \"enim anim eiusmod nulla\",\n      \"numberOfCollectionAccountsOnFileThreeCyclesDelinquentAndOverlimit\": \"minim nulla \",\n      \"totalAmountOutstandingForStatusDAndXCollectionAccountsOnFile\": \"nisi dolore\",\n      \"totalNumberOfStatusDAndXCollectionAccountsOnFile\": \"ullamco cupidatat occaecat Excepteur\",\n      \"totalAmountOutstandingForDelinquentCollectionAccountsOnFile\": \"sed nostrud ipsum\",\n      \"totalNumberOfDelinquentCollectionAccountsOnFile\": \"voluptate aute Lorem nulla\",\n      \"totalAmountOutstandingForOverlimitCollectionAccountsOnFile\": \"magna anim laboris\",\n      \"totalNumberOfOverlimitCollectionAccountsOnFile\": \"amet proident\",\n      \"totalAmountOutstandingForDelinquentAndOverlimitCollectionAccountsOnFile\": \"esse sunt dolor\",\n      \"totalNumberOfDelinquentAndOverlimitCollectionAccountsOnFile\": \"proident\",\n      \"totalAmountOutstandingForChargedOffStatusDAndXCollectionAccountsOnFile\": \"reprehenderit est\",\n      \"numberOfChargedOffStatusDAndXCollectionAccountsOnFile\": \"proident exercitation laboris\",\n      \"amountOutstandingForChargedOffDelinquentCollectionAccountsOnFile\": \"pariatur dolor sunt ea\",\n      \"numberOfChargedOffDelinquentCollectionAccountsOnFile\": \"nisi quis veniam laboris\",\n      \"amountOutstandingForChargedOffCollectionAccountsDelinquentAndOverlimitOnFile\": \"dolor voluptate deserunt esse\",\n      \"numberOfChargedOffCollectionAccountsOnFileDelinquentAndOverlimit\": \"cupidatat in enim exercitation\",\n      \"principalNumber\": \"nulla velit in sit consectetur\",\n      \"systemNumber\": \"non\"\n    },\n    {\n      \"selectedFields\": {\n        \"suntf43\": \"l\",\n        \"reprehenderit_5\": \"quis elit anim et mollit\",\n        \"Ut_80a\": \"dolor consectetur eu nisi\"\n      },\n      \"principalIdentifier\": \"magna dolore\",\n      \"systemIdentifier\": \"reprehenderit pariatur adipisicing\",\n      \"collectorCode\": \"su\",\n      \"totalCurrentAmountOutstandingForFourCycleStatusDAndXCollectionAccounts\": \"id\",\n      \"currentNumberOfFourCycleStatusDAndXCollectionAccounts\": \"cillum ea labore mollit\",\n      \"currentNumberOfFourCycleStatusDxCollectionAccounts\": \"nulla non dolore\",\n      \"currentAmountOutstandingForCollectionAccountsFourCyclesDelinquent\": \"ea Lorem\",\n      \"currentNumberOfCollectionAccountsFourCyclesDelinquent\": \"veniam Excepteur et commodo\",\n      \"currentAmountOutstandingForCollectionAccountsFourCyclesDelinquentAndOverlimit\": \"labore eu ea\",\n      \"currentNumberOfCollectionAccountsFourCyclesDelinquentAndOverlimit\": \"ea dolore minim ad\",\n      \"totalCurrentAmountOutstandingForFiveCycleStatusDAndXCollectionAccounts\": \"consequat adipisicing esse sint\",\n      \"currentNumberOfFiveCycleStatusDAndXCollectionAccounts\": \"Duis cil\",\n      \"currentAmountOutstandingForCollectionAccountsFiveCyclesDelinquent\": \"non in dolor enim\",\n      \"currentNumberOfCollectionAccountsFiveCyclesDelinquent\": \"sint laborum Duis deserunt\",\n      \"currentAmountOutstandingForCollectionAccountsFiveCyclesDelinquentAndOverlimit\": \"aliquip eu aliqua exercitation\",\n      \"currentNumberOfCollectionAccountsFiveCyclesDelinquentAndOverlimit\": \"aliqua tempor officia veniam\",\n      \"totalCurrentAmountOutstandingForSixCycleStatusDAndXCollectionAccounts\": \"fugiat id\",\n      \"currentNumberOfSixCycleStatusDAndXCollectionAccounts\": \"veniam\",\n      \"currentAmountOutstandingForCollectionAccountsSixCyclesDelinquent\": \"ut culpa labore in exercitation\",\n      \"currentNumberOfCollectionAccountsSixCyclesDelinquent\": \"ipsum\",\n      \"currentAmountOutstandingForCollectionAccountsSixCyclesDelinquentAndOverlimit\": \"irure non Excepteur in velit\",\n      \"currentNumberOfCollectionAccountsSixCyclesDelinquentAndOverlimit\": \"ea laboris\",\n      \"totalCurrentAmountOutstandingForSevenCycleStatusDAndXCollectionAccounts\": \"proident tempor dolore\",\n      \"currentNumberOfSevenCycleStatusDAndXCollectionAccounts\": \"consequat irure deserunt laborum nisi\",\n      \"currentAmountOutstandingForCollectionAccountsSevenCyclesDelinquent\": \"labore magna\",\n      \"currentNumberOfCollectionAccountsSevenCyclesDelinquent\": \"exercitation consequat\",\n      \"currentAmountOutstandingForCollectionAccountsSevenCyclesDelinquentAndOverlimit\": \"consequat velit anim sed\",\n      \"currentNumberOfCollectionAccountsSevenCyclesDelinquentAndOverlimit\": \"deserunt reprehenderit pariatur\",\n      \"totalCurrentAmountOutstandingForOneCycleStatusDAndXCollectionAccounts\": \"in\",\n      \"currentNumberOfOneCycleStatusDAndXCollectionAccounts\": \"et ut\",\n      \"currentAmountOutstandingForCollectionAccountsOneCycleDelinquent\": \"nulla amet sit\",\n      \"currentNumberOfCollectionAccountsOneCycleDelinquent\": \"sint cupidatat\",\n      \"currentAmountOutstandingForCollectionAccountsOneCycleDelinquentAndOverlimit\": \"aute et consequat reprehenderit id\",\n      \"currentNumberOfCollectionAccountsOneCycleDelinquentAndOverlimit\": \"Lorem dolore tempor\",\n      \"totalCurrentAmountOutstandingForTwoCycleStatusDAndXCollectionAccounts\": \"in et dolore nostrud\",\n      \"currentNumberOfTwoCycleStatusDAndXCollectionAccounts\": \"in eiusmod\",\n      \"currentAmountOutstandingForCollectionAccountsTwoCyclesDelinquent\": \"Lorem\",\n      \"currentNumberOfCollectionAccountsTwoCyclesDelinquent\": \"sunt esse sit\",\n      \"currentAmountOutstandingForCollectionAccountsTwoCyclesDelinquentAndOverlimit\": \"dolor\",\n      \"currentNumberOfCollectionAccountsTwoCyclesDelinquentAndOverlimit\": \"tempor eu occaecat culpa\",\n      \"totalCurrentAmountOutstandingForThreeCycleStatusDAndXCollectionAccounts\": \"ea anim eu\",\n      \"currentNumberOfThreeCycleStatusDAndXCollectionAccounts\": \"adipisicing\",\n      \"currentAmountOutstandingForCollectionAccountsThreeCyclesDelinquent\": \"exercitation laboris occaecat consectetur\",\n      \"currentNumberOfCollectionAccountsThreeCyclesDelinquent\": \"non qui\",\n      \"currentAmountOutstandingForCollectionAccountsThreeCyclesDelinquentAndOverlimit\": \"sunt veniam Ut\",\n      \"currentNumberOfCollectionAccountsThreeCyclesDelinquentAndOverlimit\": \"mollit ea elit laboris\",\n      \"totalCurrentAmountOutstandingForStatusDAndXCollectionAccounts\": \"dolore\",\n      \"totalCurrentNumberOfStatusDAndXCollectionAccounts\": \"dolor sit\",\n      \"totalCurrentAmountOutstandingForDelinquentCollectionAccounts\": \"repreh\",\n      \"totalCurrentNumberOfDelinquentCollectionAccounts\": \"cupidatat Ut\",\n      \"totalCurrentAmountOutstandingForOverlimitCollectionAccounts\": \"minim molli\",\n      \"totalCurrentNumberOfOverlimitCollectionAccounts\": \"sunt adipisicing ipsum eu\",\n      \"totalCurrentAmountOutstandingForDelinquentAndOverlimitCollectionAccounts\": \"Ut ut eiusmod velit\",\n      \"totalCurrentNumberOfDelinquentAndOverlimitCollectionAccounts\": \"deserunt fugiat veniam\",\n      \"totalCurrentAmountOutstandingForChargedOffStatusDAndXCollectionAccounts\": \"irure\",\n      \"currentNumberOfChargedOffStatusDAndXCollectionAccounts\": \"sunt irure\",\n      \"currentAmountOutstandingForChargedOffDelinquentCollectionAccounts\": \"adipisicing in dolore sed reprehenderit\",\n      \"currentNumberOfChargedOffDelinquentCollectionAccounts\": \"irure id\",\n      \"currentAmountOutstandingForChargedOffCollectionAccountsDelinquentAndOverlimit\": \"\",\n      \"currentNumberOfChargedOffCollectionAccountsDelinquentAndOverlimit\": \"deserunt do\",\n      \"totalAmountOutstandingForFourCycleStatusDAndXCollectionAccountsOnFile\": \"quis id qui dolor\",\n      \"numberOfFourCycleStatusDAndXCollectionAccountsOnFile\": \"nulla\",\n      \"amountOutstandingForCollectionAccountsFourCyclesDelinquentOnFile\": \"labore cupidatat ad\",\n      \"numberOfCollectionAccountsOnFileFourCyclesDelinquent\": \"ut aute ut\",\n      \"amountOutstandingForCollectionAccountsFourCyclesDelinquentAndOverlimitOnFile\": \"pariatur nulla\",\n      \"numberOfCollectionAccountsOnFileFourCyclesDelinquentAndOverlimit\": \"est et consectetur voluptate\",\n      \"totalAmountOutstandingForFiveCycleStatusDAndXCollectionAccountsOnFile\": \"Ut\",\n      \"numberOfFiveCycleStatusDAndXCollectionAccountsOnFile\": \"dolore non\",\n      \"amountOutstandingForCollectionAccountsFiveCyclesDelinquentOnFile\": \"in voluptate ut\",\n      \"numberOfCollectionAccountsOnFileFiveCyclesDelinquent\": \"tempor\",\n      \"amountOutstandingForCollectionAccountsFiveCyclesDelinquentAndOverlimitOnFile\": \"sint proident\",\n      \"numberOfCollectionAccountsOnFileFiveCyclesDelinquentAndOverlimit\": \"Duis dolore\",\n      \"totalAmountOutstandingForSixCycleStatusDAndXCollectionAccountsOnFile\": \"ut Lorem\",\n      \"numberOfSixCycleStatusDAndXCollectionAccountsOnFile\": \"laboris\",\n      \"amountOutstandingForCollectionAccountsSixCyclesDelinquentOnFile\": \"id laboris Lorem do\",\n      \"numberOfCollectionAccountsOnFileSixCyclesDelinquent\": \"sit ut enim\",\n      \"amountOutstandingForCollectionAccountsSixCyclesDelinquentAndOverlimitOnFile\": \"cupidatat\",\n      \"numberOfCollectionAccountsOnFileSixCyclesDelinquentAndOverlimit\": \"ipsum elit quis incididunt\",\n      \"totalAmountOutstandingForSevenCycleStatusDAndXCollectionAccountsOnFile\": \"commodo\",\n      \"numberOfSevenCycleStatusDAndXCollectionAccountsOnFile\": \"consectetur laborum\",\n      \"amountOutstandingForCollectionAccountsSevenCyclesDelinquentOnFile\": \"laborum quis se\",\n      \"numberOfCollectionAccountsOnFileSevenCyclesDelinquent\": \"esse ut consequat aute proi\",\n      \"amountOutstandingForCollectionAccountsSevenCyclesDelinquentAndOverlimitOnFile\": \"occaecat eu\",\n      \"numberOfCollectionAccountsOnFileSevenCyclesDelinquentAndOverlimit\": \"culpa quis\",\n      \"totalAmountOutstandingForOneCycleStatusDAndXCollectionAccountsOnFile\": \"ullamco occaecat ad\",\n      \"numberOfOneCycleStatusDAndXCollectionAccountsOnFile\": \"magna\",\n      \"amountOutstandingForCollectionAccountsOneCycleDelinquentOnFile\": \"labore ex eu\",\n      \"numberOfCollectionAccountsOnFileOneCycleDelinquent\": \"esse velit\",\n      \"amountOutstandingForCollectionAccountsOneCycleDelinquentAndOverlimitOnFile\": \"eiusmod\",\n      \"numberOfCollectionAccountsOnFileOneCycleDelinquentAndOverlimit\": \"consectetur magna non enim\",\n      \"totalAmountOutstandingForTwoCycleStatusDAndXCollectionAccountsOnFile\": \"ut mollit ullamco occaecat\",\n      \"numberOfTwoCycleStatusDAndXCollectionAccountsOnFile\": \"laboris sint consequat mollit\",\n      \"amountOutstandingForCollectionAccountsTwoCyclesDelinquentOnFile\": \"quis ex\",\n      \"numberOfCollectionAccountsOnFileTwoCyclesDelinquent\": \"sunt aliquip\",\n      \"amountOutstandingForCollectionAccountsTwoCyclesDelinquentAndOverlimitOnFile\": \"aute laborum ipsum\",\n      \"numberOfCollectionAccountsOnFileTwoCyclesDelinquentAndOverlimit\": \"Lorem nos\",\n      \"totalAmountOutstandingForThreeCycleStatusDAndXCollectionAccountsOnFile\": \"Ut non aliqua\",\n      \"numberOfThreeCycleStatusDAndXCollectionAccountsOnFile\": \"amet et tempor aliquip\",\n      \"amountOutstandingForCollectionAccountsThreeCyclesDelinquentOnFile\": \"de\",\n      \"numberOfCollectionAccountsOnFileThreeCyclesDelinquent\": \"tempor Lorem ipsum\",\n      \"amountOutstandingForCollectionAccountsThreeCyclesDelinquentAndOverlimitOnFile\": \"ut fugiat occaecat sed\",\n      \"numberOfCollectionAccountsOnFileThreeCyclesDelinquentAndOverlimit\": \"irure anim\",\n      \"totalAmountOutstandingForStatusDAndXCollectionAccountsOnFile\": \"non dolore irure\",\n      \"totalNumberOfStatusDAndXCollectionAccountsOnFile\": \"commodo labore\",\n      \"totalAmountOutstandingForDelinquentCollectionAccountsOnFile\": \"laboris tempor\",\n      \"totalNumberOfDelinquentCollectionAccountsOnFile\": \"laboris ea eiusmod do\",\n      \"totalAmountOutstandingForOverlimitCollectionAccountsOnFile\": \"fugiat velit Excepteur\",\n      \"totalNumberOfOverlimitCollectionAccountsOnFile\": \"ad\",\n      \"totalAmountOutstandingForDelinquentAndOverlimitCollectionAccountsOnFile\": \"nulla veniam adipisicing laboris commodo\",\n      \"totalNumberOfDelinquentAndOverlimitCollectionAccountsOnFile\": \"veniam non Excepteur\",\n      \"totalAmountOutstandingForChargedOffStatusDAndXCollectionAccountsOnFile\": \"occaecat velit\",\n      \"numberOfChargedOffStatusDAndXCollectionAccountsOnFile\": \"esse laborum o\",\n      \"amountOutstandingForChargedOffDelinquentCollectionAccountsOnFile\": \"anim\",\n      \"numberOfChargedOffDelinquentCollectionAccountsOnFile\": \"consectetur qui incididunt deserunt\",\n      \"amountOutstandingForChargedOffCollectionAccountsDelinquentAndOverlimitOnFile\": \"non occaecat Lorem sit\",\n      \"numberOfChargedOffCollectionAccountsOnFileDelinquentAndOverlimit\": \"ut ex dolor eu\",\n      \"principalNumber\": \"enim do eu exercitation qui\",\n      \"systemNumber\": \"est officia sunt amet\"\n    }\n  ]\n}","cookie":[],"_postman_previewlanguage":"json"}],"event":[],"protocolProfileBehavior":{"disableBodyPruning":true}},{"id":"2877fdc7-6f86-4a30-bc75-e366c3de84b6","name":"COL_QUEUE ODS View","request":{"name":"COL_QUEUE ODS View","description":{"content":"The COL_QUEUE view is used to retrieve selected information about cardholder accounts in the Collections System. Required Fields: systemIdentifier, principalIdentifier, collector, internalAccountStatus, selectFields. ","type":"text/plain"},"url":{"path":["collections","v1","collectionQueue"],"host":["{{baseUrl}}"],"query":[],"variable":[]},"header":[{"key":"Content-Type","value":"application/json"},{"key":"Accept","value":"application/json"}],"method":"POST","auth":null,"body":{"mode":"raw","raw":"{\n  \"collector\": \"<string>\",\n  \"endSequence\": \"<string>\",\n  \"internalAccountStatus\": \"<string>\",\n  \"principalIdentifier\": \"<string>\",\n  \"selectFields\": [\n    \"<string>\"\n  ],\n  \"startSequence\": \"<string>\",\n  \"systemIdentifier\": \"<string>\",\n  \"common\": {\n    \"user\": \"<string>\",\n    \"agent\": \"<string>\",\n    \"cycle\": \"<string>\",\n    \"clientNumber\": \"<string>\",\n    \"system\": \"<string>\",\n    \"prin\": \"<string>\",\n    \"debug\": \"<boolean>\",\n    \"org\": \"<string>\",\n    \"processor\": \"<boolean>\",\n    \"contentType\": \"<string>\",\n    \"retry\": \"<long>\",\n    \"timeout\": \"<long>\",\n    \"siteId\": \"<string>\",\n    \"externalCustomerId\": \"<string>\",\n    \"accountId\": \"<string>\",\n    \"presentationId\": \"<string>\"\n  },\n  \"odsNaming\": \"<boolean>\",\n  \"timeZone\": \"<string>\",\n  \"timeZoneEnd\": \"<string>\",\n  \"timeZoneRelationalOperator\": \"<string>\",\n  \"reassignmentCode\": \"<string>\",\n  \"reassignmentCodeRelationalOperator\": \"<string>\",\n  \"workedCode\": \"<string>\"\n}","options":{"raw":{"language":"json"}}}},"response":[{"id":"06a2aa1c-d8ba-4959-82fe-0a9dccd8e93f","name":"successful operation","originalRequest":{"url":{"path":["collections","v1","collectionQueue"],"host":["{{baseUrl}}"],"query":[],"variable":[]},"header":[{"key":"Accept","value":"application/json"}],"method":"POST","body":{"mode":"raw","raw":"{\n  \"collector\": \"str\",\n  \"endSequence\": \"25\",\n  \"internalAccountStatus\": \"D\",\n  \"principalIdentifier\": \"stri\",\n  \"selectFields\": [\n    \"anyvalidfieldname1\",\n    \"anyvalidfieldname2\",\n    \"anyvalidfieldname3\",\n    \"anyvalidfieldname…\",\n    \"anyvalidfieldname…n\"\n  ],\n  \"startSequence\": \"1\",\n  \"systemIdentifier\": \"stri\",\n  \"common\": {\n    \"user\": \"<string>\",\n    \"agent\": \"4000\",\n    \"cycle\": \"T\",\n    \"clientNumber\": \"1000\",\n    \"system\": \"2000\",\n    \"prin\": \"3000\",\n    \"debug\": \"<boolean>\",\n    \"org\": \"<string>\",\n    \"processor\": \"<boolean>\",\n    \"contentType\": \"<string>\",\n    \"retry\": 0,\n    \"timeout\": 45000,\n    \"siteId\": \"4201\",\n    \"externalCustomerId\": \"<string>\",\n    \"accountId\": \"8888888888888888\",\n    \"presentationId\": \"<string>\"\n  },\n  \"odsNaming\": \"<boolean>\",\n  \"timeZone\": \"0\",\n  \"timeZoneEnd\": \"0\",\n  \"timeZoneRelationalOperator\": \"EQUAL\",\n  \"reassignmentCode\": \"R\",\n  \"reassignmentCodeRelationalOperator\": \"EQUAL\",\n  \"workedCode\": \"F\"\n}","options":{"raw":{"language":"json"}}}},"status":"OK","code":200,"header":[{"key":"Content-Type","value":"application/json"}],"body":"{\n  \"processorInfo\": {\n    \"system\": \"eu\",\n    \"cycle\": \"exercitation commodo\",\n    \"tor\": \"Excepteur Lorem non\",\n    \"mode\": \"fugiat qui Ut\"\n  },\n  \"collectionQueueFields\": [\n    {\n      \"selectedFields\": {\n        \"sint_5\": \"eiusmod\"\n      },\n      \"accountIdentifier\": \"adipisicing\",\n      \"principalIdentifier\": \"in aute et\",\n      \"systemIdentifier\": \"ad do\",\n      \"cardholderAccountNumber\": \"labore elit cupidatat\",\n      \"collectorCode\": \"qui culpa amet officia\",\n      \"collectionsInternalStatusCode\": \"enim quis anim exercitation\",\n      \"principalNumber\": \"minim veniam velit deserunt\",\n      \"reassignmentFlag\": \"irure Lorem aliqua\",\n      \"sequenceNumber\": \"Ut sed\",\n      \"systemNumber\": \"pariatur\",\n      \"timeZoneIdentifier\": \"consequat incididunt aliqua veniam\",\n      \"delinquentAmount\": \"anim Duis ut tempor\",\n      \"currentAccountBalance\": \"tempor\",\n      \"numberOfDaysDelinquent\": \"reprehenderit\",\n      \"externalStatusCode\": \"occaecat est ea fugiat \",\n      \"internalStatusCode\": \"non laboris aliqua\",\n      \"workedFlag\": \"in Duis eu\",\n      \"collectionsWorkDate\": \"ea nostrud nulla tempor\",\n      \"collectionsWorkTime\": \"ullamco sit\",\n      \"collectionsWorkedCode\": \"Ut proident\",\n      \"newTdyOrPreviousCode\": \"quis \"\n    },\n    {\n      \"selectedFields\": {\n        \"enim_b\": \"dolor mollit aliqua\",\n        \"dolor_a\": \"dolor nulla ipsum\",\n        \"Ut5\": \"in sit ex incididunt\",\n        \"ut__\": \"non ipsum dolor\"\n      },\n      \"accountIdentifier\": \"si\",\n      \"principalIdentifier\": \"pariatur dolore a\",\n      \"systemIdentifier\": \"magna\",\n      \"cardholderAccountNumber\": \"elit aliqua ea\",\n      \"collectorCode\": \"dolor\",\n      \"collectionsInternalStatusCode\": \"occa\",\n      \"principalNumber\": \"deserunt fugiat velit\",\n      \"reassignmentFlag\": \"ipsum ex\",\n      \"sequenceNumber\": \"voluptate aute ut\",\n      \"systemNumber\": \"voluptate Ut\",\n      \"timeZoneIdentifier\": \"deserunt cill\",\n      \"delinquentAmount\": \"nostrud dolor ipsu\",\n      \"currentAccountBalance\": \"in dolore ea\",\n      \"numberOfDaysDelinquent\": \"fugiat aliqua\",\n      \"externalStatusCode\": \"qui cupidatat sit\",\n      \"internalStatusCode\": \"sint proident dolore sit\",\n      \"workedFlag\": \"sint\",\n      \"collectionsWorkDate\": \"aliquip labore\",\n      \"collectionsWorkTime\": \"aliqua minim dolor in\",\n      \"collectionsWorkedCode\": \"esse elit dolore\",\n      \"newTdyOrPreviousCode\": \"aut\"\n    }\n  ]\n}","cookie":[],"_postman_previewlanguage":"json"}],"event":[],"protocolProfileBehavior":{"disableBodyPruning":true}},{"id":"e21f3dcb-8cf3-42ea-9118-5c0657819109","name":"COLLECTION_QUEUE View","request":{"name":"COLLECTION_QUEUE View","description":{"content":"The COLLECTION_QUEUE view is used to sort collection accounts in work queues according to the criteria established in the Collection Sequence parameter in the Collections Sorting section (CO CC CS) of the Product Control File. Accounts will remain in the same sequence throughout the processing day, regardless of their worked status when the view is refreshed.","type":"text/plain"},"url":{"path":["collections","v1","collectionQueues"],"host":["{{baseUrl}}"],"query":[],"variable":[]},"header":[{"key":"Content-Type","value":"application/json"},{"key":"Accept","value":"application/json"}],"method":"POST","auth":null,"body":{"mode":"raw","raw":"{\n  \"collectorIdentifier\": \"<string>\",\n  \"endSequence\": \"<string>\",\n  \"internalStatusCode\": \"<string>\",\n  \"principalIdentifier\": \"<string>\",\n  \"selectFields\": [\n    \"<string>\"\n  ],\n  \"startSequence\": \"<string>\",\n  \"systemIdentifier\": \"<string>\",\n  \"common\": {\n    \"user\": \"<string>\",\n    \"agent\": \"<string>\",\n    \"cycle\": \"<string>\",\n    \"clientNumber\": \"<string>\",\n    \"system\": \"<string>\",\n    \"prin\": \"<string>\",\n    \"debug\": \"<boolean>\",\n    \"org\": \"<string>\",\n    \"processor\": \"<boolean>\",\n    \"contentType\": \"<string>\",\n    \"retry\": \"<long>\",\n    \"timeout\": \"<long>\",\n    \"siteId\": \"<string>\",\n    \"externalCustomerId\": \"<string>\",\n    \"accountId\": \"<string>\",\n    \"presentationId\": \"<string>\"\n  },\n  \"odsNaming\": \"<boolean>\"\n}","options":{"raw":{"language":"json"}}}},"response":[{"id":"63538174-358f-4235-9cf3-d9b75a13da1d","name":"successful operation","originalRequest":{"url":{"path":["collections","v1","collectionQueues"],"host":["{{baseUrl}}"],"query":[],"variable":[]},"header":[{"key":"Accept","value":"application/json"}],"method":"POST","body":{"mode":"raw","raw":"{\n  \"collectorIdentifier\": \"str\",\n  \"endSequence\": \"25\",\n  \"internalStatusCode\": \"D\",\n  \"principalIdentifier\": \"stri\",\n  \"selectFields\": [\n    \"anyvalidfieldname1\",\n    \"anyvalidfieldname2\",\n    \"anyvalidfieldname3\",\n    \"anyvalidfieldname…\",\n    \"anyvalidfieldname…n\"\n  ],\n  \"startSequence\": \"1\",\n  \"systemIdentifier\": \"stri\",\n  \"common\": {\n    \"user\": \"<string>\",\n    \"agent\": \"4000\",\n    \"cycle\": \"T\",\n    \"clientNumber\": \"1000\",\n    \"system\": \"2000\",\n    \"prin\": \"3000\",\n    \"debug\": \"<boolean>\",\n    \"org\": \"<string>\",\n    \"processor\": \"<boolean>\",\n    \"contentType\": \"<string>\",\n    \"retry\": 0,\n    \"timeout\": 45000,\n    \"siteId\": \"4201\",\n    \"externalCustomerId\": \"<string>\",\n    \"accountId\": \"8888888888888888\",\n    \"presentationId\": \"<string>\"\n  },\n  \"odsNaming\": \"<boolean>\"\n}","options":{"raw":{"language":"json"}}}},"status":"OK","code":200,"header":[{"key":"Content-Type","value":"application/json"}],"body":"{\n  \"processorInfo\": {\n    \"system\": \"minim consequat in\",\n    \"cycle\": \"cupidatat officia minim laborum\",\n    \"tor\": \"eiusmod aute pariatur\",\n    \"mode\": \"qui sint\"\n  },\n  \"collectionQueuesFields\": [\n    {\n      \"selectedFields\": {\n        \"veniam_63d\": \"Duis veniam voluptate\"\n      },\n      \"accountIdentifier\": \"aute sit\",\n      \"cardholderAccountIdentifier\": \"ex ea consectetur\",\n      \"cardholderTimeZoneCode\": \"sint officia Duis\",\n      \"collectorIdentifier\": \"ad Excepteur eu veniam\",\n      \"currentBalanceAmount\": \"nostrud ea magna labore \",\n      \"cycleToDateAmount\": \"anim\",\n      \"cycleToDateCount\": \"minim nisi et aute esse\",\n      \"daysDelinquentCount\": \"pariatur in nulla\",\n      \"delinquentAmount\": \"Duis dolore nisi cillum\",\n      \"externalStatusCode\": \"culpa veniam\",\n      \"firstCollectionReportDate\": \"veniam deserunt ut Ut\",\n      \"fiveCycleDelinquentAmount\": \"officia\",\n      \"fourCycleDelinquentAmount\": \"ea cupidatat in nisi consectetur\",\n      \"internalStatusCode\": \"Duis mollit cupidatat esse\",\n      \"oneCycleDelinquentAmount\": \"tempor est mollit\",\n      \"previousQueueCode\": \"ea incididunt\",\n      \"collectorQueuePrincipalIdentifier\": \"d\",\n      \"principalIdentifier\": \"enim\",\n      \"promisePaymentAmount\": \"tempor ad\",\n      \"promisePaymentDate\": \"in\",\n      \"queueInternalStatusCode\": \"in deserunt ex fugiat\",\n      \"queueReferralCode\": \"quis Duis irure consectetur\",\n      \"reassignedCollectorCode\": \"incididunt minim cillum sed aute\",\n      \"reassignmentCode\": \"labore qui\",\n      \"securityStatusCode\": \"cons\",\n      \"sequenceNumber\": \"\",\n      \"sevenCycleDelinquentAmount\": \"cupidatat Excepteur\",\n      \"sixCycleDelinquentAmount\": \"ex culpa cillum\",\n      \"collectorQueueSystemIdentifier\": \"sed do qui\",\n      \"systemIdentifier\": \"Excepteur Lorem\",\n      \"threeCycleDelinquentAmount\": \"exercitation\",\n      \"twoCycleDelinquentAmount\": \"elit id anim Duis\",\n      \"workCode\": \"officia nisi\",\n      \"workDate\": \"voluptate sed\",\n      \"workTime\": \"ut proident\"\n    },\n    {\n      \"selectedFields\": {\n        \"Excepteur_e3f\": \"irure c\"\n      },\n      \"accountIdentifier\": \"reprehenderit cupidatat incididunt\",\n      \"cardholderAccountIdentifier\": \"Lorem enim veniam cillum\",\n      \"cardholderTimeZoneCode\": \"dolor\",\n      \"collectorIdentifier\": \"id enim Excepteur anim\",\n      \"currentBalanceAmount\": \"aute proident\",\n      \"cycleToDateAmount\": \"anim\",\n      \"cycleToDateCount\": \"quis consequat esse\",\n      \"daysDelinquentCount\": \"eu pariatur\",\n      \"delinquentAmount\": \"voluptate in elit\",\n      \"externalStatusCode\": \"occaecat elit eu Duis Excepteur\",\n      \"firstCollectionReportDate\": \"laboris pariatur veniam elit\",\n      \"fiveCycleDelinquentAmount\": \"in anim nisi\",\n      \"fourCycleDelinquentAmount\": \"aliqua Lorem proident consequat veniam\",\n      \"internalStatusCode\": \"pariatur est\",\n      \"oneCycleDelinquentAmount\": \"laboris pariatur sunt\",\n      \"previousQueueCode\": \"non Excepteur irure \",\n      \"collectorQueuePrincipalIdentifier\": \"magna reprehenderit Excepteur sed enim\",\n      \"principalIdentifier\": \"sint nostrud et dolore\",\n      \"promisePaymentAmount\": \"nulla occaecat cul\",\n      \"promisePaymentDate\": \"mollit id\",\n      \"queueInternalStatusCode\": \"sunt labore\",\n      \"queueReferralCode\": \"voluptate Ut sint\",\n      \"reassignedCollectorCode\": \"aliqua sed aute aliquip\",\n      \"reassignmentCode\": \"dolore laborum\",\n      \"securityStatusCode\": \"consectetur qui eu in reprehenderit\",\n      \"sequenceNumber\": \"culpa \",\n      \"sevenCycleDelinquentAmount\": \"officia\",\n      \"sixCycleDelinquentAmount\": \"occaecat Lorem amet elit\",\n      \"collectorQueueSystemIdentifier\": \"sint tempor anim\",\n      \"systemIdentifier\": \"Excepteur\",\n      \"threeCycleDelinquentAmount\": \"dolor minim dolore\",\n      \"twoCycleDelinquentAmount\": \"laborum ipsum deserunt sit\",\n      \"workCode\": \"consequat elit qui\",\n      \"workDate\": \"labore amet\",\n      \"workTime\": \"occaecat n\"\n    }\n  ]\n}","cookie":[],"_postman_previewlanguage":"json"}],"event":[],"protocolProfileBehavior":{"disableBodyPruning":true}},{"id":"381b445c-ec6d-4d55-b100-188680e71cf9","name":"COL_STATUS ODS View","request":{"name":"COL_STATUS ODS View","description":{"content":"The COL_STATUS view provides access to collection account information. Required Fields: Entered Identifier (common.accountId or common.presentationId), selectFields. ","type":"text/plain"},"url":{"path":["collections","v1","collectionStatus"],"host":["{{baseUrl}}"],"query":[],"variable":[]},"header":[{"key":"Content-Type","value":"application/json"},{"key":"Accept","value":"application/json"}],"method":"POST","auth":null,"body":{"mode":"raw","raw":"{\n  \"selectFields\": [\n    \"<string>\"\n  ],\n  \"common\": {\n    \"user\": \"<string>\",\n    \"agent\": \"<string>\",\n    \"cycle\": \"<string>\",\n    \"clientNumber\": \"<string>\",\n    \"system\": \"<string>\",\n    \"prin\": \"<string>\",\n    \"debug\": \"<boolean>\",\n    \"org\": \"<string>\",\n    \"processor\": \"<boolean>\",\n    \"contentType\": \"<string>\",\n    \"retry\": \"<long>\",\n    \"timeout\": \"<long>\",\n    \"siteId\": \"<string>\",\n    \"externalCustomerId\": \"<string>\",\n    \"accountId\": \"<string>\",\n    \"presentationId\": \"<string>\"\n  },\n  \"odsNaming\": \"<boolean>\"\n}","options":{"raw":{"language":"json"}}}},"response":[{"id":"57c531d5-b33c-42ab-b70c-c37544a731e4","name":"successful operation","originalRequest":{"url":{"path":["collections","v1","collectionStatus"],"host":["{{baseUrl}}"],"query":[],"variable":[]},"header":[{"key":"Accept","value":"application/json"}],"method":"POST","body":{"mode":"raw","raw":"{\n  \"selectFields\": [\n    \"anyvalidfieldname1\",\n    \"anyvalidfieldname2\",\n    \"anyvalidfieldname3\",\n    \"anyvalidfieldname…\",\n    \"anyvalidfieldname…n\"\n  ],\n  \"common\": {\n    \"user\": \"<string>\",\n    \"agent\": \"4000\",\n    \"cycle\": \"T\",\n    \"clientNumber\": \"1000\",\n    \"system\": \"2000\",\n    \"prin\": \"3000\",\n    \"debug\": \"<boolean>\",\n    \"org\": \"<string>\",\n    \"processor\": \"<boolean>\",\n    \"contentType\": \"<string>\",\n    \"retry\": 0,\n    \"timeout\": 45000,\n    \"siteId\": \"4201\",\n    \"externalCustomerId\": \"<string>\",\n    \"accountId\": \"8888888888888888\",\n    \"presentationId\": \"<string>\"\n  },\n  \"odsNaming\": \"<boolean>\"\n}","options":{"raw":{"language":"json"}}}},"status":"OK","code":200,"header":[{"key":"Content-Type","value":"application/json"}],"body":"{\n  \"processorInfo\": {\n    \"system\": \"quis enim in dolore sit\",\n    \"cycle\": \"eiusmod sit in\",\n    \"tor\": \"magna in culpa est\",\n    \"mode\": \"Duis culpa cupidatat mollit\"\n  },\n  \"selectedFields\": {\n    \"nulla_42c\": \"in ex sit in\",\n    \"adipisicing_b\": \"ut\",\n    \"fugiat9\": \"ex elit sint eu\"\n  },\n  \"accountIdentifier\": \"sint aute\",\n  \"demandAchPaymentAmount\": \"mollit consequat\",\n  \"demandAchPaymentAccountType\": \"minim officia commodo\",\n  \"adaptiveControlGenericOneIdentifier\": \"anim fugiat irure pariatur\",\n  \"principalAddress1\": \"deserunt Lorem\",\n  \"principalAddress2\": \"irure commodo\",\n  \"additionalCrossReferenceNumber1\": \"ad veniam ut commodo sed\",\n  \"additionalCrossReferenceNumber2\": \"dolor do\",\n  \"advertisingInsertNumber\": \"ipsum Lorem veniam sed consectetur\",\n  \"advertisingMessageName\": \"dolor sit enim\",\n  \"advertisingTextIdentifier\": \"deserunt irure nulla culpa\",\n  \"agentNumber\": \"sed Ut\",\n  \"agentBankName\": \"dolore laborum Lorem labore\",\n  \"agentIdentifier\": \"aliqua ut do id\",\n  \"americanExpressAirflightInsuranceCode\": \"minim commodo\",\n  \"americanExpressBaggageInsuranceCode\": \"ut Lorem occa\",\n  \"americanExpressFrequentAirTravelersOptionAnniversaryDate\": \"dolor ut laboris c\",\n  \"annualChargeYearNumberOfPurchasesCount\": \"cupidatat\",\n  \"authorizationFlag\": \"exercitation officia ipsum\",\n  \"availableCredit\": \"Ut ullamco nisi\",\n  \"behaviorScore\": \"in\",\n  \"cardholderAccountNumber\": \"id\",\n  \"creditLimit\": \"moll\",\n  \"creditBureauScore\": \"et\",\n  \"cashAdvanceOutstandingBalance\": \"sint consectetur anim pariatur\",\n  \"currentBalance\": \"amet eu sunt ad\",\n  \"statusCodeLastChangeDate\": \"aute\",\n  \"daysDelinquent\": \"elit veniam eu aliqua\",\n  \"expirationDate\": \"incididunt sunt\",\n  \"externalStatusCode\": \"ex\",\n  \"statusCodeInternal\": \"consequat do\",\n  \"monthsGrossActive\": \"quis est cupidatat ex minim\",\n  \"randomDigits\": \"veniam ullamco aute sed\",\n  \"numberOfTimesOneCycleDelinquent\": \"Excepteur dolor\",\n  \"numberOfTimesTwoCyclesDelinquent\": \"nulla do Ut\",\n  \"numberOfTimesThreeCyclesDelinquent\": \"velit consequat\",\n  \"authorizationTotal\": \"et velit labore\",\n  \"availableFundsAmount\": \"qui ipsum\",\n  \"availableFundsProcessingPortfolioIdentifier\": \"ullamco id e\",\n  \"availableFundsProcessingStrategyIdentifier\": \"Duis eiusmod est sed\",\n  \"behaviorScoreReasonCode1\": \"anim esse dolor dolore\",\n  \"behaviorScoreReasonCode2\": \"occaecat sunt\",\n  \"behaviorScoreReasonCode3\": \"pariatur commodo anim amet\",\n  \"behaviorScoreReasonCode4\": \"est proident esse\",\n  \"behaviorScoreReceiptDate\": \"in exercitation dolor eiusmod dolor\",\n  \"bonusPreviousYearDollars\": \"sint id ullamco irure culpa\",\n  \"cashAdvanceInterestAmount\": \"commodo aliquip\",\n  \"cashCreditLineAmount\": \"aliqua consequat commodo sed\",\n  \"cashAdvanceCreditLineReviewDate\": \"Ut quis dolor\",\n  \"creditBureauReportFlag\": \"ipsum irure dolore es\",\n  \"currentCycleToDateMerchandisePrincipalAmount\": \"dolor proident \",\n  \"miscellaneousChargesAmount\": \"dolor pariatur laboris ali\",\n  \"miscellaneousAmount\": \"dolore id non Excepteur tempor\",\n  \"openCycleInterestAndServiceChargeAmount\": \"labore aliqua nostrud\",\n  \"lastCycleMerchandisePrincipalAmount\": \"consequat eu\",\n  \"previousCycleMerchandisePrincipalAmount\": \"eu Excepteur irure \",\n  \"customerInquiryManagementSystemCimsProductCode\": \"sed dolor\",\n  \"cityPrincipalCardholder\": \"et\",\n  \"collectionQueuePrincipalIdentifier\": \"ea in ipsum\",\n  \"collectionQueueSystemIdentifier\": \"ad\",\n  \"clientIdentifier\": \"nostrud id et qui ullamco\",\n  \"authorizationStrategyIdentifier\": \"sunt dolor\",\n  \"convertedEnteredIdentifier\": \"officia\",\n  \"collectorCode\": \"in\",\n  \"dateAccountEnteredCollections\": \"sint sunt\",\n  \"amountOneCycleDelinquent\": \"tempor irure\",\n  \"amountTwoCyclesDelinquent\": \"nostrud Lorem eu\",\n  \"amountThreeCyclesDelinquent\": \"culpa\",\n  \"amountFourCyclesDelinquent\": \"laborum ex anim nisi et\",\n  \"amountFiveCyclesDelinquent\": \"mollit\",\n  \"amountSixCyclesDelinquent\": \"sed Lorem\",\n  \"amountSevenCyclesDelinquent\": \"eu\",\n  \"cycleToDateAmount\": \"reprehenderit\",\n  \"cycleToDateDebits\": \"minim qui\",\n  \"nextWorkDate\": \"incididunt est voluptate\",\n  \"nextWorkTime\": \"labore\",\n  \"principalCombinationFlag\": \"ea incididunt\",\n  \"promiseToPayAmount\": \"mollit aliquip incididunt id ipsum\",\n  \"promiseToPayDate\": \"aute do\",\n  \"reassignmentFlag\": \"deserunt in\",\n  \"secondaryStatusChange\": \"et Duis\",\n  \"systemCombinationFlag\": \"irure nostrud\",\n  \"workDateChangeFlag\": \"ex anim fugiat est sunt\",\n  \"workedFlag\": \"ut velit sint\",\n  \"creditBureauAttributes\": \"an\",\n  \"creditBureauDate\": \"in velit anim deserunt laborum\",\n  \"creditBureauCode\": \"reprehenderit ut dolore nulla Duis\",\n  \"creditBureauLocalCode\": \"ullamco amet\",\n  \"lastStatementCreditProtectionBaseAmount\": \"Excepteur Duis in\",\n  \"creditLifeIndicator\": \"minim\",\n  \"creditLifeStatus\": \"consectetur ullamco \",\n  \"creditBureauScoreNumber\": \"nulla culpa\",\n  \"holdCorrespondenceFlag\": \"deserunt culpa consectetur\",\n  \"cycleToDateLateCharge\": \"esse\",\n  \"currentCreditLineChangeDate\": \"Duis est\",\n  \"dateCreditLineIncreased\": \"id incididunt\",\n  \"dateLastAddressChange\": \"dolore adipisicing deserunt Ut\",\n  \"primaryCustomerBirthDate\": \"nulla exercitation eiusmod dolore\",\n  \"delinquentAmount\": \"Ut deserunt sint\",\n  \"delinquentStartDate\": \"ipsum ullamco nostrud sit\",\n  \"employeeAccountCode\": \"consequat cillum sit\",\n  \"enteredIdentifier\": \"incididunt voluptate\",\n  \"fixedPaymentFutureAmount\": \"officia Excepteur do\",\n  \"fixedPayment\": \"voluptate irure nulla sed\",\n  \"fraudScore\": \"ex ullamco nisi deserunt\",\n  \"fourthPreviousReturnAmount\": \"dolor esse veniam Ut\",\n  \"highRiskPermanentCollectorIdentifier\": \"adipisicing aliquip\",\n  \"primaryCustomerHomePhoneNumber\": \"dolore\",\n  \"incentiveAnnualCashRate\": \"sed dolore amet laborum\",\n  \"incentiveAnnualMerchandiseRate\": \"enim ad sunt\",\n  \"incentiveEffectiveEndDate\": \"aliquip aute\",\n  \"incentivePlannedEndDate\": \"in exercitation dolor \",\n  \"incentiveStartDate\": \"do comm\",\n  \"insertMethodName1\": \"quis aute aliquip\",\n  \"insertMethodName2\": \"irure anim quis eli\",\n  \"insertMethodName3\": \"voluptate aliqua\",\n  \"insertMethodName4\": \"de\",\n  \"insertMethodName5\": \"enim esse\",\n  \"minimumPaymentDueInterestOnlyMonthsCount\": \"Excepteur ut est in\",\n  \"irsHomeEquityReportFlag\": \"dolore fugiat cillum sint\",\n  \"lastAnnualChargeDate\": \"dolor in in\",\n  \"lastDataElementUpdatedOnline\": \"ex labore a\",\n  \"lastReturnAmount\": \"adipisicing laboris esse dolore\",\n  \"lastStatementCashAdvance\": \"qui quis ea sed nostrud\",\n  \"lastStatementMerchandise\": \"labore qui\",\n  \"lastTrueReageTypeCode\": \"fugiat\",\n  \"lifetimeHighBalanceAmount\": \"labore Duis\",\n  \"minimumPaymentDueEndDate\": \"nostrud consectetur proident veniam\",\n  \"minimumPaymentDueInterestRate\": \"cillum proident\",\n  \"minimumPaymentDueStartDate\": \"do incididunt\",\n  \"minimumPaymentDueOverrideCode\": \"qui labore consequat Excepteur sit\",\n  \"miscellaneousThirteenthText\": \"i\",\n  \"mothersMaidenName\": \"elit deserunt dolore est consectetur\",\n  \"nextStrategyDate\": \"occa\",\n  \"addressFlag\": \"laborum dolore culpa irure\",\n  \"alternateCustomerNumber\": \"nisi laboris amet\",\n  \"amountInDispute\": \"anim incididunt voluptate\",\n  \"amountOfLastCashAdvance\": \"pariatur labore cul\",\n  \"lastPaymentAmount\": \"mollit\",\n  \"amountOfLastMerchandiseSale\": \"minim consequat ut elit eiusmod\",\n  \"automaticPaymentEndDate\": \"est aute\",\n  \"autoReageDate\": \"elit\",\n  \"automaticPaymentStartDate\": \"nostrud aliquip\",\n  \"billingCycleCode\": \"aute elit Lorem\",\n  \"behaviorScoreDelinquentScenario\": \"elit\",\n  \"businessTelephoneFlag\": \"enim fugiat aute veniam\",\n  \"cacsCollectorIdentifier\": \"culpa\",\n  \"cacsCollectionReason\": \"quis eu est\",\n  \"cacsCollectionRoutingCriteria\": \"aliqua\",\n  \"statusReasonCode\": \"et dolor\",\n  \"creditLineChangeAmount\": \"dolor minim dolore dolore tempor\",\n  \"creditLineChangeDate\": \"consectetur fugiat nisi esse sunt\",\n  \"currentMinimumPaymentDue\": \"qui et culpa\",\n  \"accountCrossReferenceAffinityNumber\": \"in dolore\",\n  \"dateHighestBalance\": \"ad tempor\",\n  \"dateLastCashAdvance\": \"eiusmod\",\n  \"dateLastDelinquency\": \"ut eiusmod Lorem in\",\n  \"dateLastDebitTransaction\": \"commodo in\",\n  \"dateLastMerchandiseSale\": \"dolor Duis irure ad adipisicing\",\n  \"lastMonetaryDate\": \"consequat ea\",\n  \"lastPaymentDate\": \"eiusmod esse\",\n  \"customerDeceasedCode\": \"reprehenderit proident veniam aliquip fugiat\",\n  \"designatedAutomaticPaymentAmount\": \"Ut dolor\",\n  \"homePhoneStatusCode\": \"nulla mollit do\",\n  \"lastCreditBureauFlag\": \"elit reprehenderit qui deserunt\",\n  \"reageLastDate\": \"ut ad magna\",\n  \"miscellaneousField1\": \"dolor eiusmod\",\n  \"miscellaneousField10\": \"mollit Excepteur veniam in pariatur\",\n  \"miscellaneousField2\": \"dolore irure culpa sunt\",\n  \"miscellaneousField3\": \"commodo Excepteur\",\n  \"miscellaneousField4\": \"elit incididunt\",\n  \"miscellaneousField5\": \"nulla ad\",\n  \"miscellaneousField6\": \"Duis Excepteur sint fugiat eiusmod\",\n  \"miscellaneousField7\": \"ullamco in sint\",\n  \"miscellaneousField8\": \"aute deserunt esse Excepteur\",\n  \"miscellaneousField9\": \"in non\",\n  \"nonDelinquentMinimumPaymentDue\": \"dolore in elit culpa\",\n  \"paymentHistory\": \"minim Excepteur\",\n  \"phoneCardIdentification\": \"sunt quis ut dolore in\",\n  \"personalIdentificationNumberPinChangeDate\": \"id\",\n  \"reageCounter\": \"laborum dolor\",\n  \"accountClosedByCardholderRequestDate\": \"aliqua qui\",\n  \"statusReasonChangeDate\": \"ad elit in aliquip\",\n  \"skipPaymentEligibilityIndicator\": \"veniam\",\n  \"solicitationFlag\": \"Lorem ex aliquip in\",\n  \"timesInDispute\": \"proident minim ipsum commodo magna\",\n  \"timesCycledOverlimit\": \"in ad\",\n  \"automaticReageTotalNumberOf\": \"id sunt officia est Excepteur\",\n  \"totalReturnedChecks\": \"dolor esse Duis irure sit\",\n  \"lastMonetaryType\": \"velit in in n\",\n  \"noMailFlag\": \"cillum amet nostrud nulla\",\n  \"numberOfPlasticsIssued\": \"occaecat ex nisi\",\n  \"openDate\": \"laborum est consequat\",\n  \"openDayDate\": \"eu ex\",\n  \"paymentHistory13to24\": \"ullamco consectetur laborum Ut\",\n  \"penaltyPricingCureCode\": \"reprehenderit proi\",\n  \"penaltyPricingDelinquencyCode\": \"ea occaecat ipsum\",\n  \"penaltyPricingDelinquencyLevel1Date\": \"ut anim officia\",\n  \"penaltyPricingDelinquencyLevel2Date\": \"nulla incididunt dolore labore\",\n  \"penaltyPricingDelinquencyLevel3Date\": \"esse sint\",\n  \"penaltyPricingExcludeAddOnInterestCode\": \"laboris laborum ea Excepteur\",\n  \"penaltyPricingExcludeMinimumPaymentDueCode\": \"Excepteur vel\",\n  \"previousCreditLineChangeDate\": \"elit in\",\n  \"previousPaymentAmount\": \"quis nulla aliqua ex\",\n  \"reagePreviousDate\": \"culpa anim\",\n  \"previousReturnAmount\": \"in v\",\n  \"previousAccountBalance\": \"fugiat in esse\",\n  \"previousStatementBilledPaymentsDue\": \"nisi d\",\n  \"previousStatementCash\": \"in velit\",\n  \"previousStatementMerchandise\": \"Lorem minim sit consequat\",\n  \"previousTrueReageCode\": \"dolor laborum veniam et ex\",\n  \"namePrincipalCardholder\": \"eu ea\",\n  \"principal\": \"ex cillum\",\n  \"principalIdentifier\": \"amet in\",\n  \"reagePriorDate\": \"est consequat\",\n  \"priorTrueReageCode\": \"ut ipsum\",\n  \"priorStatementDate\": \"cupidatat in mollit eu\",\n  \"previousCreditLineAmount\": \"mollit do consectetur ut\",\n  \"recourseCode\": \"ex\",\n  \"recoverMoneyRate\": \"id ut aute anim minim\",\n  \"reageConsecutivePaymentNumber\": \"magna consectetur\",\n  \"reageGoodUntilDate\": \"ad sed cillum in Excepteur\",\n  \"reagePaymentAmount\": \"ut quis in\",\n  \"salutationCode\": \"ad\",\n  \"secondPreviousReturnAmount\": \"fugiat in enim sint tempor\",\n  \"secondaryName\": \"sed in velit\",\n  \"secondTelephoneNumber\": \"mollit qui nulla eiusmod magna\",\n  \"skipPaymentHistoryMonths\": \"amet ea voluptate Excepteur quis\",\n  \"specialFlags58\": \"aliqua minim sed mollit\",\n  \"primaryCustomerSocialSecurityNumber\": \"occaecat laboris nostrud\",\n  \"heldStatementDestinationCode\": \"sed voluptate aliquip\",\n  \"stateOrCountryPrincipalCustomer\": \"proident\",\n  \"availableCreditRemaining\": \"dolore ea in laboris\",\n  \"creditLineAmount\": \"minim dolor aute eu est\",\n  \"daysInBillingCycle\": \"sit laboris dolor\",\n  \"statementDelinquentAmount\": \"quis\",\n  \"statementDate\": \"pariatur\",\n  \"statementExternalStatusCode\": \"cillum mollit\",\n  \"internalStatusCode\": \"ad\",\n  \"minimumPaymentAmount\": \"sunt sint et occaecat\",\n  \"paymentDueDate\": \"occaecat magna voluptate Excepteur dolor\",\n  \"portfolioIdentification\": \"ullamco enim officia\",\n  \"pricingStrategy\": \"tempor ea reprehenderit\",\n  \"skipPaymentFlag\": \"cupidatat in non incididunt\",\n  \"statementType\": \"adipisicing enim consequat labore\",\n  \"startDelinquentOverrideDate\": \"dolor sed culpa anim\",\n  \"systemNumber\": \"in dolore enim\",\n  \"systemIdentifier\": \"mollit\",\n  \"temporaryPlasticIndicatorCode\": \"exerci\",\n  \"thirdPreviousReturnAmount\": \"pariatur in\",\n  \"thirdPreviousReturnDate\": \"irure ut sit nostrud\",\n  \"thirdSpecialControlCode\": \"consectetur\",\n  \"temporaryCreditLineAmount\": \"dolore\",\n  \"temporaryCreditLineReasonCode\": \"reprehenderit magna\",\n  \"temporaryCreditLineEndDate\": \"aliquip cillu\",\n  \"temporaryCreditLineFlag\": \"elit adipisicing aliqua cons\",\n  \"temporaryCreditLineStartDate\": \"labore deserunt exercitation ut\",\n  \"userFlags14\": \"enim sed\",\n  \"warningBulletinPurgeDate\": \"incididunt cupidatat Lorem id\",\n  \"warningBulletinTransactionType\": \"reprehenderit Excepteur\",\n  \"yearToDateNetCash\": \"ea pariatur enim\",\n  \"yearToDateNetNumberCash\": \"ipsum ullamco cupidatat volup\",\n  \"zipAndPostalCodesPrincipalCardholder\": \"sunt dolor officia anim\",\n  \"teaserQualificationCode\": \"esse sunt\",\n  \"upc10\": \"officia Lorem proident\",\n  \"upc9\": \"pariatur dolore\",\n  \"usavGroupIdentifier\": \"reprehenderit ipsum laborum officia\",\n  \"usavGroupIdentifierLastChangeDate\": \"sint in fugiat proident\",\n  \"usavOptOutCode\": \"consectetur voluptate\",\n  \"usavPreviousGroupIdentifier\": \"adipisicing incididunt sunt aliquip\"\n}","cookie":[],"_postman_previewlanguage":"json"}],"event":[],"protocolProfileBehavior":{"disableBodyPruning":true}}],"event":[]}],"event":[],"variable":[{"type":"string","value":"https://cat.api.firstdata.com/fs","key":"baseUrl"}],"info":{"_postman_id":"e813fda0-134d-4ee8-91f7-253d55fa1ea0","name":"fs-proxy-1","schema":"https://schema.getpostman.com/json/collection/v2.1.0/collection.json","description":{"content":"Welcome to the Financial Services API documentation","type":"text/plain"}}}