{"item":[{"id":"3e3da430-cb32-4be8-b7a7-77260bb4955a","name":"documentStorage/v1","item":[{"id":"7a0b9d69-ce5b-4964-9efe-0bc9c748e1c5","name":"caseDocumentDetailList","request":{"name":"caseDocumentDetailList","description":{"content":"This service has been created to retrieve information related to list of documents uploaded.","type":"text/plain"},"url":{"path":["documentStorage","v1","caseDocumentDetailList"],"host":["{{baseUrl}}"],"query":[],"variable":[]},"header":[{"key":"Accept","value":"*/*"}],"method":"POST","auth":null},"response":[{"id":"a144bc09-9a0f-44df-88ab-1cc0f4f16741","name":"successful operation","originalRequest":{"url":{"path":["documentStorage","v1","caseDocumentDetailList"],"host":["{{baseUrl}}"],"query":[],"variable":[]},"header":[{"key":"Accept","value":"*/*"}],"method":"POST","body":{}},"status":"OK","code":200,"header":[{"key":"Content-Type","value":"*/*"}],"body":"{\n  \"documentClassification\": \"in nostrud quis deserunt amet\",\n  \"common\": {\n    \"user\": \"nulla Ut ut dolor enim\",\n    \"agent\": \"4000\",\n    \"cycle\": \"\\\"T\\\"\",\n    \"clientNumber\": \"1000\",\n    \"system\": \"2000\",\n    \"prin\": \"3000\",\n    \"debug\": true,\n    \"org\": \"cupidatat velit\",\n    \"processor\": false,\n    \"contentType\": \"in Excepteur\",\n    \"retry\": 0,\n    \"timeout\": 45000,\n    \"siteId\": \"\\\"4201\\\"\",\n    \"externalCustomerId\": \"amet laboris officia elit\",\n    \"accountId\": \"\\\"8888888888888888\\\"\",\n    \"presentationId\": \"nostrud\"\n  },\n  \"caseId\": \"dolore\"\n}","cookie":[],"_postman_previewlanguage":"json"}],"event":[],"protocolProfileBehavior":{"disableBodyPruning":true}},{"id":"9fa5f303-e262-4f8b-ba5d-7d74ba067020","name":"caseDocumentUploadService","request":{"name":"caseDocumentUploadService","description":{"content":"This service has been created to upload documents into document storage","type":"text/plain"},"url":{"path":["documentStorage","v1","caseDocumentUploadService"],"host":["{{baseUrl}}"],"query":[],"variable":[]},"header":[{"key":"Accept","value":"*/*"}],"method":"POST","auth":null},"response":[{"id":"2ce7839f-52b9-4b2b-81e1-56511b0852d6","name":"successful operation","originalRequest":{"url":{"path":["documentStorage","v1","caseDocumentUploadService"],"host":["{{baseUrl}}"],"query":[],"variable":[]},"header":[{"key":"Accept","value":"*/*"}],"method":"POST","body":{}},"status":"OK","code":200,"header":[{"key":"Content-Type","value":"*/*"}],"body":"{\n  \"documentClassification\": \"veniam laborum Duis cupidatat \",\n  \"processorInfo\": {\n    \"system\": \"eiusmod mollit ad\",\n    \"cycle\": \"Ut\",\n    \"tor\": \"irure am\",\n    \"mode\": \"aliqua consequat \"\n  },\n  \"responseStatus\": \"ex\",\n  \"errorMessage\": \"amet in aliqua\",\n  \"fileName\": \"velit\",\n  \"filePath\": \"esse Ut do officia\",\n  \"fileSize\": 71997203,\n  \"uuid\": \"minim ut ex\",\n  \"base64DownloadUrl\": \"voluptate veniam aliqua ullamco\",\n  \"caseId\": \"reprehenderit deserunt ullamco eiusmod dolore\"\n}","cookie":[],"_postman_previewlanguage":"json"}],"event":[],"protocolProfileBehavior":{"disableBodyPruning":true}},{"id":"85801362-c2ae-455b-ab86-8c535440c9ed","name":"cleanup","request":{"name":"cleanup","description":{"content":"Service to cleanup expired data","type":"text/plain"},"url":{"path":["documentStorage","v1","cleanup"],"host":["{{baseUrl}}"],"query":[],"variable":[]},"header":[{"key":"Accept","value":"*/*"}],"method":"POST","auth":null},"response":[{"id":"b5fadabf-27e9-4df7-a5e2-00d5dff7aeb2","name":"successful operation","originalRequest":{"url":{"path":["documentStorage","v1","cleanup"],"host":["{{baseUrl}}"],"query":[],"variable":[]},"header":[{"key":"Accept","value":"*/*"}],"method":"POST","body":{}},"status":"OK","code":200,"header":[{"key":"Content-Type","value":"*/*"}],"body":"{\n  \"common\": {\n    \"user\": \"commodo do\",\n    \"agent\": \"4000\",\n    \"cycle\": \"\\\"T\\\"\",\n    \"clientNumber\": \"1000\",\n    \"system\": \"2000\",\n    \"prin\": \"3000\",\n    \"debug\": false,\n    \"org\": \"labore Excepteur veniam officia\",\n    \"processor\": false,\n    \"contentType\": \"velit nostrud officia s\",\n    \"retry\": 0,\n    \"timeout\": 45000,\n    \"siteId\": \"\\\"4201\\\"\"\n  }\n}","cookie":[],"_postman_previewlanguage":"json"}],"event":[],"protocolProfileBehavior":{"disableBodyPruning":true}},{"id":"3b097aa4-7522-4aaf-a41c-993588be5924","name":"documentDownloadService","request":{"name":"documentDownloadService","description":{"content":"This service has been created to download documents into document storage","type":"text/plain"},"url":{"path":["documentStorage","v1","documentDownloadService"],"host":["{{baseUrl}}"],"query":[],"variable":[]},"header":[{"key":"Accept","value":"*/*"}],"method":"POST","auth":null},"response":[{"id":"f76026e5-e44f-49d9-a5cd-0424c1e51159","name":"successful operation","originalRequest":{"url":{"path":["documentStorage","v1","documentDownloadService"],"host":["{{baseUrl}}"],"query":[],"variable":[]},"header":[{"key":"Accept","value":"*/*"}],"method":"POST","body":{}},"status":"OK","code":200,"header":[{"key":"Content-Type","value":"*/*"}],"body":"{\n  \"common\": {\n    \"user\": \"dolor sed\",\n    \"agent\": \"4000\",\n    \"cycle\": \"\\\"T\\\"\",\n    \"clientNumber\": \"1000\",\n    \"system\": \"2000\",\n    \"prin\": \"3000\",\n    \"debug\": false,\n    \"org\": \"dolor cupidatat\",\n    \"processor\": false,\n    \"contentType\": \"cupidatat offi\",\n    \"retry\": 0,\n    \"timeout\": 45000,\n    \"siteId\": \"\\\"4201\\\"\"\n  },\n  \"errorMessage\": \"nisi commodo ea\",\n  \"responseStatus\": \"Ut non cillum\",\n  \"fileName\": \"consectetur e\",\n  \"file\": \"dolore\"\n}","cookie":[],"_postman_previewlanguage":"json"}],"event":[],"protocolProfileBehavior":{"disableBodyPruning":true}},{"id":"a1296932-a0ea-4a3f-a00d-3469ecc1ea8f","name":"documentUploadService","request":{"name":"documentUploadService","description":{"content":"This service has been created to upload documents into document storage","type":"text/plain"},"url":{"path":["documentStorage","v1","documentUploadService"],"host":["{{baseUrl}}"],"query":[],"variable":[]},"header":[{"key":"Accept","value":"*/*"}],"method":"POST","auth":null},"response":[{"id":"f6882010-b35a-47be-839d-1d73a1358761","name":"successful operation","originalRequest":{"url":{"path":["documentStorage","v1","documentUploadService"],"host":["{{baseUrl}}"],"query":[],"variable":[]},"header":[{"key":"Accept","value":"*/*"}],"method":"POST","body":{}},"status":"OK","code":200,"header":[{"key":"Content-Type","value":"*/*"}],"body":"{\n  \"common\": {\n    \"user\": \"cupidatat eu\",\n    \"agent\": \"4000\",\n    \"cycle\": \"\\\"T\\\"\",\n    \"clientNumber\": \"1000\",\n    \"system\": \"2000\",\n    \"prin\": \"3000\",\n    \"debug\": true,\n    \"org\": \"dolor eu non sunt\",\n    \"processor\": false,\n    \"contentType\": \"amet\",\n    \"retry\": 0,\n    \"timeout\": 45000,\n    \"siteId\": \"\\\"4201\\\"\"\n  },\n  \"errorMessage\": \"cillum\",\n  \"responseStatus\": \"minim labore eiusmod officia ullamco\",\n  \"uuid\": \"ea anim\",\n  \"fileName\": \"culpa dolore\",\n  \"filePath\": \"commodo\",\n  \"fileSize\": 4400843\n}","cookie":[],"_postman_previewlanguage":"json"}],"event":[],"protocolProfileBehavior":{"disableBodyPruning":true}}],"event":[]}],"event":[],"variable":[{"type":"string","value":"https://cat.api.firstdata.com/fs","key":"baseUrl"}],"info":{"_postman_id":"229422cf-68ce-41a3-a7d6-8484b71966a1","name":"fs-proxy-1","schema":"https://schema.getpostman.com/json/collection/v2.1.0/collection.json","description":{"content":"Welcome to the Financial Services API documentation","type":"text/plain"}}}