{"item":[{"id":"c47c305d-b3fb-423c-975a-5bf1c51e1b90","name":"solutionbuilder/v1","item":[{"id":"f386c434-a2d0-49ca-b42a-e956403c0606","name":"Retrieves available statement dates from eMessenger","request":{"name":"Retrieves available statement dates from eMessenger","description":{"content":"Provides a list of dates on available pdf statements from the eMessenger API. applicationId is an optional field. If it is not provided, the system will default the applicationId to be ESTATEMENT.","type":"text/plain"},"url":{"path":["solutionbuilder","v1","availablePdfStatements"],"host":["{{baseUrl}}"],"query":[],"variable":[]},"header":[{"key":"Content-Type","value":"application/json"},{"key":"Accept","value":"application/json"}],"method":"POST","auth":null,"body":{"mode":"raw","raw":"{\n  \"common\": {\n    \"user\": \"<string>\",\n    \"agent\": \"<string>\",\n    \"cycle\": \"<string>\",\n    \"clientNumber\": \"<string>\",\n    \"system\": \"<string>\",\n    \"prin\": \"<string>\",\n    \"debug\": false,\n    \"org\": \"<string>\",\n    \"processor\": false,\n    \"contentType\": \"<string>\",\n    \"retry\": \"<long>\",\n    \"timeout\": \"<long>\",\n    \"cid\": \"<string>\",\n    \"siteId\": \"<string>\",\n    \"externalCustomerId\": \"<string>\",\n    \"accountId\": \"<string>\",\n    \"presentationId\": \"<string>\"\n  },\n  \"applicationId\": \"<string>\"\n}","options":{"raw":{"language":"json"}}}},"response":[{"id":"07f9c37a-7fc0-4691-bbd0-06b5477e032a","name":"successful operation","originalRequest":{"url":{"path":["solutionbuilder","v1","availablePdfStatements"],"host":["{{baseUrl}}"],"query":[],"variable":[]},"header":[{"key":"Accept","value":"application/json"}],"method":"POST","body":{"mode":"raw","raw":"{\n  \"common\": {\n    \"user\": \"<string>\",\n    \"agent\": \"4000\",\n    \"cycle\": \"T\",\n    \"clientNumber\": \"1000\",\n    \"system\": \"2000\",\n    \"prin\": \"3000\",\n    \"debug\": false,\n    \"org\": \"<string>\",\n    \"processor\": false,\n    \"contentType\": \"<string>\",\n    \"retry\": 0,\n    \"timeout\": 45000,\n    \"cid\": \"<string>\",\n    \"siteId\": \"4201\",\n    \"externalCustomerId\": \"<string>\",\n    \"accountId\": \"8888888888888888\",\n    \"presentationId\": \"<string>\"\n  },\n  \"applicationId\": \"<string>\"\n}","options":{"raw":{"language":"json"}}}},"status":"OK","code":200,"header":[{"key":"Content-Type","value":"application/json"}],"body":"{\n  \"processorInfo\": {\n    \"system\": \"adipisicing nulla commodo officia\",\n    \"cycle\": \"exercitation veniam\",\n    \"tor\": \"culpa anim sed r\",\n    \"mode\": \"ipsum anim in Duis voluptate\"\n  },\n  \"statementDates\": [\n    \"id aliqua\",\n    \"nostrud elit ullamc\"\n  ]\n}","cookie":[],"_postman_previewlanguage":"json"}],"event":[],"protocolProfileBehavior":{"disableBodyPruning":true}},{"id":"b50be102-2175-4e0d-a9cf-01f07aa993a1","name":"Enrolls customers into eMessenger for e-Statements","request":{"name":"Enrolls customers into eMessenger for e-Statements","description":{"content":"enrolls customer to receive Electronic, Paper, or both statements.","type":"text/plain"},"url":{"path":["solutionbuilder","v1","enrollElectronicStatement"],"host":["{{baseUrl}}"],"query":[],"variable":[]},"header":[{"key":"Content-Type","value":"application/json"},{"key":"Accept","value":"application/json"}],"method":"POST","auth":null,"body":{"mode":"raw","raw":"{\n  \"common\": {\n    \"user\": \"<string>\",\n    \"agent\": \"<string>\",\n    \"cycle\": \"<string>\",\n    \"clientNumber\": \"<string>\",\n    \"system\": \"<string>\",\n    \"prin\": \"<string>\",\n    \"debug\": false,\n    \"org\": \"<string>\",\n    \"processor\": false,\n    \"contentType\": \"<string>\",\n    \"retry\": \"<long>\",\n    \"timeout\": \"<long>\",\n    \"cid\": \"<string>\",\n    \"siteId\": \"<string>\",\n    \"externalCustomerId\": \"<string>\",\n    \"accountId\": \"<string>\",\n    \"presentationId\": \"<string>\"\n  },\n  \"accountClass\": \"<string>\",\n  \"lastName\": \"<string>\",\n  \"firstName\": \"<string>\",\n  \"commonName\": \"<string>\",\n  \"email\": \"<string>\",\n  \"enrollmentType\": \"<string>\"\n}","options":{"raw":{"language":"json"}}}},"response":[{"id":"6abd66c0-1174-4682-8f8a-015442ee5faf","name":"successful operation","originalRequest":{"url":{"path":["solutionbuilder","v1","enrollElectronicStatement"],"host":["{{baseUrl}}"],"query":[],"variable":[]},"header":[{"key":"Accept","value":"application/json"}],"method":"POST","body":{"mode":"raw","raw":"{\n  \"common\": {\n    \"user\": \"<string>\",\n    \"agent\": \"4000\",\n    \"cycle\": \"T\",\n    \"clientNumber\": \"1000\",\n    \"system\": \"2000\",\n    \"prin\": \"3000\",\n    \"debug\": false,\n    \"org\": \"<string>\",\n    \"processor\": false,\n    \"contentType\": \"<string>\",\n    \"retry\": 0,\n    \"timeout\": 45000,\n    \"cid\": \"<string>\",\n    \"siteId\": \"4201\",\n    \"externalCustomerId\": \"<string>\",\n    \"accountId\": \"8888888888888888\",\n    \"presentationId\": \"<string>\"\n  },\n  \"accountClass\": \"<string>\",\n  \"lastName\": \"<string>\",\n  \"firstName\": \"<string>\",\n  \"commonName\": \"<string>\",\n  \"email\": \"<string>\",\n  \"enrollmentType\": \"electronic\"\n}","options":{"raw":{"language":"json"}}}},"status":"OK","code":200,"header":[{"key":"Content-Type","value":"application/json"}],"body":"{\n  \"processorInfo\": {\n    \"system\": \"pariatur in consequat Ut\",\n    \"cycle\": \"id commodo ut quis pariatur\",\n    \"tor\": \"ad irure laborum cupidatat in\",\n    \"mode\": \"anim magna cupidatat incididunt\"\n  },\n  \"messages\": [\n    {\n      \"resultCode\": \"dolore sunt\",\n      \"messageText\": \"ullamco tempor\",\n      \"transactionStatus\": \"qui ad sint ex\"\n    },\n    {\n      \"resultCode\": \"ex esse cupidatat veniam\",\n      \"messageText\": \"cillum Duis mollit voluptate\",\n      \"transactionStatus\": \"in et\"\n    }\n  ]\n}","cookie":[],"_postman_previewlanguage":"json"}],"event":[],"protocolProfileBehavior":{"disableBodyPruning":true}},{"id":"d8886108-f5d1-4ec9-9a4b-422e0165f2bb","name":"Retrieve PDF statements from eMessenger","request":{"name":"Retrieve PDF statements from eMessenger","description":{"content":"This service will retrieve PDF statements of up to 12 months. applicationId is an optional field. If it is not provided, the system will default the applicationId to be ESTATEMENT.","type":"text/plain"},"url":{"path":["solutionbuilder","v1","pdfStatements"],"host":["{{baseUrl}}"],"query":[],"variable":[]},"header":[{"key":"Content-Type","value":"application/json"},{"key":"Accept","value":"application/json"}],"method":"POST","auth":null,"body":{"mode":"raw","raw":"{\n  \"common\": {\n    \"user\": \"<string>\",\n    \"agent\": \"<string>\",\n    \"cycle\": \"<string>\",\n    \"clientNumber\": \"<string>\",\n    \"system\": \"<string>\",\n    \"prin\": \"<string>\",\n    \"debug\": false,\n    \"org\": \"<string>\",\n    \"processor\": false,\n    \"contentType\": \"<string>\",\n    \"retry\": \"<long>\",\n    \"timeout\": \"<long>\",\n    \"cid\": \"<string>\",\n    \"siteId\": \"<string>\",\n    \"externalCustomerId\": \"<string>\",\n    \"accountId\": \"<string>\",\n    \"presentationId\": \"<string>\"\n  },\n  \"applicationId\": \"<string>\",\n  \"statementMonth\": \"<string>\"\n}","options":{"raw":{"language":"json"}}}},"response":[{"id":"938b28bd-9704-4bb4-9c65-b23f775fec1b","name":"successful operation","originalRequest":{"url":{"path":["solutionbuilder","v1","pdfStatements"],"host":["{{baseUrl}}"],"query":[],"variable":[]},"header":[{"key":"Accept","value":"application/json"}],"method":"POST","body":{"mode":"raw","raw":"{\n  \"common\": {\n    \"user\": \"<string>\",\n    \"agent\": \"4000\",\n    \"cycle\": \"T\",\n    \"clientNumber\": \"1000\",\n    \"system\": \"2000\",\n    \"prin\": \"3000\",\n    \"debug\": false,\n    \"org\": \"<string>\",\n    \"processor\": false,\n    \"contentType\": \"<string>\",\n    \"retry\": 0,\n    \"timeout\": 45000,\n    \"cid\": \"<string>\",\n    \"siteId\": \"4201\",\n    \"externalCustomerId\": \"<string>\",\n    \"accountId\": \"8888888888888888\",\n    \"presentationId\": \"<string>\"\n  },\n  \"applicationId\": \"<string>\",\n  \"statementMonth\": \"<string>\"\n}","options":{"raw":{"language":"json"}}}},"status":"OK","code":200,"header":[{"key":"Content-Type","value":"application/json"}],"body":"{\n  \"common\": {\n    \"user\": \"velit labore consectetur\",\n    \"agent\": \"4000\",\n    \"cycle\": \"T\",\n    \"clientNumber\": \"1000\",\n    \"system\": \"2000\",\n    \"prin\": \"3000\",\n    \"debug\": false,\n    \"org\": \"amet in magna irure\",\n    \"processor\": false,\n    \"contentType\": \"ipsum dolore\",\n    \"retry\": 0,\n    \"timeout\": 45000,\n    \"cid\": \"velit minim\",\n    \"siteId\": \"4201\"\n  },\n  \"statementDate\": \"in sunt nulla\",\n  \"pdfStatements\": [\n    \"01010101\"\n  ]\n}","cookie":[],"_postman_previewlanguage":"json"}],"event":[],"protocolProfileBehavior":{"disableBodyPruning":true}},{"id":"51b9d332-52d0-428e-abed-7a8e1ca9d104","name":"Specific CAP Fields","request":{"name":"Specific CAP Fields","description":{"content":"This service will return unmasked data for specific CAP Fields depending on the whitelist values per client. Right now, only presentationInstrumentIdentifier and socialSecurityIdentifier can be queried. Required Fields: One of common.accountId, common.presentationId, or common.externalCustomerId and selectFields.<br><br> <b>Relates to:</b>\n  \n  <blockquote style=\"border-left: 0.375em solid #40a9ff; background-color: #e6f7ff; border-radius: 3px; padding: 1em;\" ><div>CAP View, <a target=\"_blank\" title=\"Click to open in a new tab\" href=\"https://documentation.fiserv.com/bundle/Open-Data-Streams/page/00A_ODS_HC/Views/04ODS_CUSTviews/04ODS_CUSTviews.xhtml#IX_CAP_view\"> click here</a>.</div></blockquote>","type":"text/plain"},"url":{"path":["solutionbuilder","v1","unmasked"],"host":["{{baseUrl}}"],"query":[],"variable":[]},"header":[{"key":"Content-Type","value":"application/json"},{"key":"Accept","value":"application/json"}],"method":"POST","auth":null,"body":{"mode":"raw","raw":"{\n  \"endSequence\": \"<string>\",\n  \"selectFields\": [\n    \"<string>\"\n  ],\n  \"startSequence\": \"<string>\",\n  \"common\": {\n    \"user\": \"<string>\",\n    \"agent\": \"<string>\",\n    \"cycle\": \"<string>\",\n    \"clientNumber\": \"<string>\",\n    \"system\": \"<string>\",\n    \"prin\": \"<string>\",\n    \"debug\": false,\n    \"org\": \"<string>\",\n    \"processor\": false,\n    \"contentType\": \"<string>\",\n    \"retry\": \"<long>\",\n    \"timeout\": \"<long>\",\n    \"cid\": \"<string>\",\n    \"siteId\": \"<string>\",\n    \"externalCustomerId\": \"<string>\",\n    \"accountId\": \"<string>\",\n    \"presentationId\": \"<string>\"\n  },\n  \"odsNaming\": false,\n  \"replacedPlasticsIncluded\": false\n}","options":{"raw":{"language":"json"}}}},"response":[{"id":"3a80f60f-3738-4971-9ca7-8c75db20e02c","name":"successful operation","originalRequest":{"url":{"path":["solutionbuilder","v1","unmasked"],"host":["{{baseUrl}}"],"query":[],"variable":[]},"header":[{"key":"Accept","value":"application/json"}],"method":"POST","body":{"mode":"raw","raw":"{\n  \"endSequence\": \"25\",\n  \"selectFields\": [\n    \"anyvalidfieldname1\",\n    \"anyvalidfieldname2\",\n    \"anyvalidfieldname3\",\n    \"anyvalidfieldname?\",\n    \"anyvalidfieldname?n\"\n  ],\n  \"startSequence\": \"1\",\n  \"common\": {\n    \"user\": \"<string>\",\n    \"agent\": \"4000\",\n    \"cycle\": \"T\",\n    \"clientNumber\": \"1000\",\n    \"system\": \"2000\",\n    \"prin\": \"3000\",\n    \"debug\": false,\n    \"org\": \"<string>\",\n    \"processor\": false,\n    \"contentType\": \"<string>\",\n    \"retry\": 0,\n    \"timeout\": 45000,\n    \"cid\": \"<string>\",\n    \"siteId\": \"4201\",\n    \"externalCustomerId\": \"<string>\",\n    \"accountId\": \"8888888888888888\",\n    \"presentationId\": \"<string>\"\n  },\n  \"odsNaming\": false,\n  \"replacedPlasticsIncluded\": false\n}","options":{"raw":{"language":"json"}}}},"status":"OK","code":200,"header":[{"key":"Content-Type","value":"application/json"}],"body":"{\n  \"processorInfo\": {\n    \"system\": \"in do veniam\",\n    \"cycle\": \"nostrud laboris in\",\n    \"tor\": \"laboris Duis mollit tempor\",\n    \"mode\": \"culpa sunt eiusmod ad\"\n  },\n  \"customers\": [\n    {\n      \"presentationInstrumentIdentifier\": \"do ipsum incididunt\",\n      \"socialSecurityIdentifier\": \"cupidatat veniam\"\n    },\n    {\n      \"presentationInstrumentIdentifier\": \"Duis laboris\",\n      \"socialSecurityIdentifier\": \"occaecat dolore\"\n    }\n  ]\n}","cookie":[],"_postman_previewlanguage":"json"}],"event":[],"protocolProfileBehavior":{"disableBodyPruning":true}}],"event":[]}],"event":[],"variable":[{"type":"string","value":"https://cat.api.firstdata.com/fs","key":"baseUrl"}],"info":{"_postman_id":"e3cf4d93-0e44-4dfe-a467-138db64ff0b1","name":"fs-proxy-1","schema":"https://schema.getpostman.com/json/collection/v2.1.0/collection.json","description":{"content":"Welcome to the Financial Services API documentation","type":"text/plain"}}}