{"item":[{"id":"8af1c1ff-51de-4960-9950-4904915f37c3","name":"savingsaccount","item":[{"id":"fb3a6fb9-e1d9-4d3a-90d1-ecf2f08146a3","name":"inq Savings Redemption","request":{"name":"inq Savings Redemption","description":{"content":"Enquire on savings redemption","type":"text/plain"},"url":{"path":["savingsaccount","savingsredemption","inq"],"host":["{{baseUrl}}"],"query":[],"variable":[]},"header":[{"disabled":false,"description":"(Required) Name of the application","key":"application-name","value":"Swagger"},{"disabled":false,"description":"(Required) ","key":"x-apikey","value":"2MWVAWF2xZz0eNQUK0NVhwpWYkr7gehG"},{"key":"Content-Type","value":"application/json"},{"key":"Accept","value":"application/json"}],"method":"POST","auth":null,"body":{"mode":"raw","raw":"{\n  \"rqUID\": {\n    \"rqUID\": \"<uuid>\"\n  },\n  \"aliasBankAcctId\": {\n    \"aliasAcctType\": \"<listTable - AliasAcctType>\",\n    \"aliasAcctId\": \"<NUMBER(35, 0)>\",\n    \"aliasAcctIdMasked\": \"<NUMBER(0, 0)>\"\n  },\n  \"depAcctId\": {\n    \"acctType\": \"<listTable - AcctType>\",\n    \"acctId\": \"<NUMBER(12, 0)>\",\n    \"acctIdMasked\": \"<string>\"\n  },\n  \"effDt\": \"<date>\",\n  \"chapsFeeAmt\": {\n    \"amt\": \"<NUMBER(17, 2) - Represented as String>\"\n  },\n  \"waiveBonusIntFlag\": \"<boolean>\"\n}","options":{"raw":{"language":"json"}}}},"response":[{"id":"8d1e808e-fb3f-4534-9b1f-b85fd7ebaa74","name":"Savings redemption enquiry response","originalRequest":{"url":{"path":["savingsaccount","savingsredemption","inq"],"host":["{{baseUrl}}"],"query":[],"variable":[]},"header":[{"disabled":false,"description":"(Required) Name of the application","key":"application-name","value":"Swagger"},{"disabled":false,"description":"(Required) ","key":"x-apikey","value":"2MWVAWF2xZz0eNQUK0NVhwpWYkr7gehG"},{"key":"Accept","value":"application/json"}],"method":"POST","body":{"mode":"raw","raw":"{\n  \"chapsFeeAmt\": {\n    \"amt\": 0\n  },\n  \"depAcctId\": {\n    \"acctId\": \"6494\",\n    \"acctType\": \"SV\"\n  },\n  \"effDt\": \"2013-07-17\",\n  \"rqUID\": {\n    \"rqUID\": \"a0623179-7ed9-45c6-932a-ebf7c0a2cab8\"\n  },\n  \"waiveBonusIntFlag\": true\n}","options":{"raw":{"language":"json"}}}},"status":"OK","code":200,"header":[{"key":"Content-Type","value":"application/json"}],"body":"{\n  \"rqUID\": {\n    \"rqUID\": \"3c6e0cfa-8163-4470-889d-70c4d24ce66b\"\n  },\n  \"status\": {\n    \"statusCode\": 0,\n    \"statusDesc\": \"Success\"\n  },\n  \"aliasBankAcctId\": {},\n  \"depAcctId\": {\n    \"acctType\": \"SV\",\n    \"acctId\": \"QUVTOiBCa3h4Y3RtZHJrMGlvWDFIQk04RDBnPT0=\",\n    \"acctIdMasked\": \"*********6494\"\n  },\n  \"effDt\": \"2013-07-17\",\n  \"chapsFeeAmt\": {\n    \"amt\": 0\n  },\n  \"waiveBonusIntFlag\": true,\n  \"savingsRedemptionInfo\": {\n    \"depAcctId\": {},\n    \"shortName\": \"Mr. QQQSSQQQSS\",\n    \"branchId\": \"Pine\",\n    \"balanceAmt\": {\n      \"amt\": 99.46,\n      \"curCode\": \"HKD\"\n    },\n    \"debitIntAmt\": {\n      \"amt\": 0\n    },\n    \"creditIntAmt\": {\n      \"amt\": -56.65\n    },\n    \"intWithholdingAmt\": {\n      \"amt\": 0\n    },\n    \"serviceChargeAmt\": {\n      \"amt\": 0\n    },\n    \"penaltyAmt\": {\n      \"amt\": 0.5\n    },\n    \"intWaivedAmt\": {\n      \"amt\": 0\n    },\n    \"bonusIntDueAmt\": {\n      \"amt\": 0\n    },\n    \"bonusIntWithholdingAmt\": {\n      \"amt\": 0\n    },\n    \"netCustAmt\": {\n      \"amt\": 39.41\n    }\n  }\n}","cookie":[],"_postman_previewlanguage":"json"},{"id":"2b9ad16d-e602-40a8-a878-7068b22c669b","name":"Unauthorized","originalRequest":{"url":{"path":["savingsaccount","savingsredemption","inq"],"host":["{{baseUrl}}"],"query":[],"variable":[]},"header":[{"disabled":false,"description":"(Required) Name of the application","key":"application-name","value":"Swagger"},{"disabled":false,"description":"(Required) ","key":"x-apikey","value":"2MWVAWF2xZz0eNQUK0NVhwpWYkr7gehG"}],"method":"POST","body":{"mode":"raw","raw":"{\n  \"chapsFeeAmt\": {\n    \"amt\": 0\n  },\n  \"depAcctId\": {\n    \"acctId\": \"6494\",\n    \"acctType\": \"SV\"\n  },\n  \"effDt\": \"2013-07-17\",\n  \"rqUID\": {\n    \"rqUID\": \"a0623179-7ed9-45c6-932a-ebf7c0a2cab8\"\n  },\n  \"waiveBonusIntFlag\": true\n}","options":{"raw":{"language":"json"}}}},"status":"Unauthorized","code":401,"header":[{"key":"Content-Type","value":"text/plain"}],"body":"","cookie":[],"_postman_previewlanguage":"text"},{"id":"f24d1354-b824-4c1d-b1d1-716f1d2f80a1","name":"Forbidden","originalRequest":{"url":{"path":["savingsaccount","savingsredemption","inq"],"host":["{{baseUrl}}"],"query":[],"variable":[]},"header":[{"disabled":false,"description":"(Required) Name of the application","key":"application-name","value":"Swagger"},{"disabled":false,"description":"(Required) ","key":"x-apikey","value":"2MWVAWF2xZz0eNQUK0NVhwpWYkr7gehG"}],"method":"POST","body":{"mode":"raw","raw":"{\n  \"chapsFeeAmt\": {\n    \"amt\": 0\n  },\n  \"depAcctId\": {\n    \"acctId\": \"6494\",\n    \"acctType\": \"SV\"\n  },\n  \"effDt\": \"2013-07-17\",\n  \"rqUID\": {\n    \"rqUID\": \"a0623179-7ed9-45c6-932a-ebf7c0a2cab8\"\n  },\n  \"waiveBonusIntFlag\": true\n}","options":{"raw":{"language":"json"}}}},"status":"Forbidden","code":403,"header":[{"key":"Content-Type","value":"text/plain"}],"body":"","cookie":[],"_postman_previewlanguage":"text"},{"id":"355966e9-90b0-4168-8680-876678acdede","name":"Not Found","originalRequest":{"url":{"path":["savingsaccount","savingsredemption","inq"],"host":["{{baseUrl}}"],"query":[],"variable":[]},"header":[{"disabled":false,"description":"(Required) Name of the application","key":"application-name","value":"Swagger"},{"disabled":false,"description":"(Required) ","key":"x-apikey","value":"2MWVAWF2xZz0eNQUK0NVhwpWYkr7gehG"}],"method":"POST","body":{"mode":"raw","raw":"{\n  \"chapsFeeAmt\": {\n    \"amt\": 0\n  },\n  \"depAcctId\": {\n    \"acctId\": \"6494\",\n    \"acctType\": \"SV\"\n  },\n  \"effDt\": \"2013-07-17\",\n  \"rqUID\": {\n    \"rqUID\": \"a0623179-7ed9-45c6-932a-ebf7c0a2cab8\"\n  },\n  \"waiveBonusIntFlag\": true\n}","options":{"raw":{"language":"json"}}}},"status":"Not Found","code":404,"header":[{"key":"Content-Type","value":"text/plain"}],"body":"","cookie":[],"_postman_previewlanguage":"text"},{"id":"afe0e126-c09e-486e-bdcd-7444fe714c18","name":"Internal Server Error","originalRequest":{"url":{"path":["savingsaccount","savingsredemption","inq"],"host":["{{baseUrl}}"],"query":[],"variable":[]},"header":[{"disabled":false,"description":"(Required) Name of the application","key":"application-name","value":"Swagger"},{"disabled":false,"description":"(Required) ","key":"x-apikey","value":"2MWVAWF2xZz0eNQUK0NVhwpWYkr7gehG"},{"key":"Accept","value":"application/json"}],"method":"POST","body":{"mode":"raw","raw":"{\n  \"chapsFeeAmt\": {\n    \"amt\": 0\n  },\n  \"depAcctId\": {\n    \"acctId\": \"6494\",\n    \"acctType\": \"SV\"\n  },\n  \"effDt\": \"2013-07-17\",\n  \"rqUID\": {\n    \"rqUID\": \"a0623179-7ed9-45c6-932a-ebf7c0a2cab8\"\n  },\n  \"waiveBonusIntFlag\": true\n}","options":{"raw":{"language":"json"}}}},"status":"Internal Server Error","code":500,"header":[{"key":"Content-Type","value":"application/json"}],"body":"{\n  \"status\": {\n    \"statusCode\": -98799918,\n    \"statusDesc\": \"ipsum Lorem\",\n    \"supportUID\": \"26a8292f-2361-798b-a09f-92016c20c078\",\n    \"supportDescription\": \"ut \",\n    \"errorCount\": -55220543,\n    \"warningCount\": -53726925,\n    \"errors\": [\n      {\n        \"source\": \"ut Ut sed dolor proident\",\n        \"errNum\": \"officia ad\",\n        \"errDesc\": \"exercitation\",\n        \"errDtl\": \"nisi exercitation sit quis\",\n        \"errField\": \"labore ut dolore\",\n        \"errType\": \"s\",\n        \"errTagName\": \"amet mini\",\n        \"hostErrCode\": \"ea \",\n        \"useCode\": \"i\",\n        \"supportUID\": \"urn:uuid:889215f2-d19c-f4a9-9d1f-d15698d913d6\",\n        \"rows\": [\n          -41711287,\n          -69391979\n        ]\n      },\n      {\n        \"source\": \"velit sit Excepteu\",\n        \"errNum\": \"labore ullamco eu quis deserunt\",\n        \"errDesc\": \"a\",\n        \"errDtl\": \"commodo tempor enim ea\",\n        \"errField\": \"aliqua\",\n        \"errType\": \"l\",\n        \"errTagName\": \"laboris dolore proident cul\",\n        \"hostErrCode\": \"sun\",\n        \"useCode\": \"es\",\n        \"supportUID\": \"urn:uuid:0142d67f-3787-04ae-73f5-3e238b47ae64\",\n        \"rows\": [\n          78171229,\n          68773413\n        ]\n      }\n    ],\n    \"warnings\": [\n      {\n        \"source\": \"voluptate Ut ut\",\n        \"errNum\": \"aute deserunt ut veniam\",\n        \"errDesc\": \"pariatur\",\n        \"errDtl\": \"velit nisi\",\n        \"errField\": \"ipsum dolore \",\n        \"errType\": \"d\",\n        \"errTagName\": \"voluptate culpa labore\",\n        \"hostErrCode\": \"in c\",\n        \"useCode\": \"\",\n        \"supportUID\": \"a5918692-648b-8769-a57b-dc609c3d2fdc\",\n        \"rows\": [\n          -91862834,\n          -49803226\n        ]\n      },\n      {\n        \"source\": \"m\",\n        \"errNum\": \"commodo\",\n        \"errDesc\": \"\",\n        \"errDtl\": \"aliquip ut\",\n        \"errField\": \"reprehenderit non eiusmod\",\n        \"errType\": \"d\",\n        \"errTagName\": \"elit id veniam adipisicing o\",\n        \"hostErrCode\": \"in fug\",\n        \"useCode\": \"L\",\n        \"supportUID\": \"2c754780-17f4-6c26-aa1e-b86c51c9120a\",\n        \"rows\": [\n          96762265,\n          88033898\n        ]\n      }\n    ]\n  }\n}","cookie":[],"_postman_previewlanguage":"json"}],"event":[],"protocolProfileBehavior":{"disableBodyPruning":true}},{"id":"5923515c-d49c-450b-bd39-b5cfda636205","name":"inq ISA Limit","request":{"name":"inq ISA Limit","description":{"content":"Enquire on ISA limit","type":"text/plain"},"url":{"path":["savingsaccount","isalimit","inq"],"host":["{{baseUrl}}"],"query":[],"variable":[]},"header":[{"disabled":false,"description":"(Required) Name of the application","key":"application-name","value":"Swagger"},{"disabled":false,"description":"(Required) ","key":"x-apikey","value":"2MWVAWF2xZz0eNQUK0NVhwpWYkr7gehG"},{"key":"Content-Type","value":"application/json"},{"key":"Accept","value":"application/json"}],"method":"POST","auth":null,"body":{"mode":"raw","raw":"{\n  \"isaType\": \"<listTable - None>\",\n  \"rqUID\": {\n    \"rqUID\": \"<uuid>\"\n  },\n  \"custId\": {\n    \"custPermId\": \"<string>\",\n    \"custPermIdMasked\": \"<string>\"\n  },\n  \"isaTaxDate\": \"<string>\"\n}","options":{"raw":{"language":"json"}}}},"response":[{"id":"8599a3ea-b4ff-41c5-b1fb-e35706904af1","name":"Individual savings account limit enquiry response","originalRequest":{"url":{"path":["savingsaccount","isalimit","inq"],"host":["{{baseUrl}}"],"query":[],"variable":[]},"header":[{"disabled":false,"description":"(Required) Name of the application","key":"application-name","value":"Swagger"},{"disabled":false,"description":"(Required) ","key":"x-apikey","value":"2MWVAWF2xZz0eNQUK0NVhwpWYkr7gehG"},{"key":"Accept","value":"application/json"}],"method":"POST","body":{"mode":"raw","raw":"{\n  \"custId\": {\n    \"custPermId\": \"0000000697\"\n  },\n  \"isaType\": \"1\",\n  \"isaTaxDate\": \"2013-01-01\",\n  \"rqUID\": {\n    \"rqUID\": \"a0623179-7ed9-45c6-932a-ebf7c0a2cab8\"\n  }\n}","options":{"raw":{"language":"json"}}}},"status":"OK","code":200,"header":[{"key":"Content-Type","value":"application/json"}],"body":"{\n  \"rqUID\": {\n    \"rqUID\": \"0fc8238d-f78e-4020-87c3-914240d318b0\"\n  },\n  \"status\": {\n    \"statusCode\": 0,\n    \"statusDesc\": \"Success\"\n  },\n  \"custId\": {\n    \"custPermId\": \"QUVTOiBxa3krTllFZXJiV05OaU50eVZPODZnPT0=\",\n    \"custPermIdMasked\": \"******0697\"\n  },\n  \"isaTaxDate\": \"2013-01-01\",\n  \"isaType\": \"1\",\n  \"isaLimitInfo\": {\n    \"isaType\": \"1\",\n    \"periodStartDt\": \"2013-01-01\",\n    \"periodEndDt\": \"2013-12-31\",\n    \"isaTypeStatus\": \"0\",\n    \"subscriptLimit\": {\n      \"amt\": 100000\n    },\n    \"transferInAllowance\": {\n      \"amt\": 0\n    }\n  }\n}","cookie":[],"_postman_previewlanguage":"json"},{"id":"e8acd5b2-b427-4e43-a2b1-065764974644","name":"Unauthorized","originalRequest":{"url":{"path":["savingsaccount","isalimit","inq"],"host":["{{baseUrl}}"],"query":[],"variable":[]},"header":[{"disabled":false,"description":"(Required) Name of the application","key":"application-name","value":"Swagger"},{"disabled":false,"description":"(Required) ","key":"x-apikey","value":"2MWVAWF2xZz0eNQUK0NVhwpWYkr7gehG"}],"method":"POST","body":{"mode":"raw","raw":"{\n  \"custId\": {\n    \"custPermId\": \"0000000697\"\n  },\n  \"isaType\": \"1\",\n  \"isaTaxDate\": \"2013-01-01\",\n  \"rqUID\": {\n    \"rqUID\": \"a0623179-7ed9-45c6-932a-ebf7c0a2cab8\"\n  }\n}","options":{"raw":{"language":"json"}}}},"status":"Unauthorized","code":401,"header":[{"key":"Content-Type","value":"text/plain"}],"body":"","cookie":[],"_postman_previewlanguage":"text"},{"id":"59c9e4ac-ea58-4484-a5b2-a373d1778a1b","name":"Forbidden","originalRequest":{"url":{"path":["savingsaccount","isalimit","inq"],"host":["{{baseUrl}}"],"query":[],"variable":[]},"header":[{"disabled":false,"description":"(Required) Name of the application","key":"application-name","value":"Swagger"},{"disabled":false,"description":"(Required) ","key":"x-apikey","value":"2MWVAWF2xZz0eNQUK0NVhwpWYkr7gehG"}],"method":"POST","body":{"mode":"raw","raw":"{\n  \"custId\": {\n    \"custPermId\": \"0000000697\"\n  },\n  \"isaType\": \"1\",\n  \"isaTaxDate\": \"2013-01-01\",\n  \"rqUID\": {\n    \"rqUID\": \"a0623179-7ed9-45c6-932a-ebf7c0a2cab8\"\n  }\n}","options":{"raw":{"language":"json"}}}},"status":"Forbidden","code":403,"header":[{"key":"Content-Type","value":"text/plain"}],"body":"","cookie":[],"_postman_previewlanguage":"text"},{"id":"b7c7850f-daf7-4e00-ae58-6a6b1a924b4a","name":"Not Found","originalRequest":{"url":{"path":["savingsaccount","isalimit","inq"],"host":["{{baseUrl}}"],"query":[],"variable":[]},"header":[{"disabled":false,"description":"(Required) Name of the application","key":"application-name","value":"Swagger"},{"disabled":false,"description":"(Required) ","key":"x-apikey","value":"2MWVAWF2xZz0eNQUK0NVhwpWYkr7gehG"}],"method":"POST","body":{"mode":"raw","raw":"{\n  \"custId\": {\n    \"custPermId\": \"0000000697\"\n  },\n  \"isaType\": \"1\",\n  \"isaTaxDate\": \"2013-01-01\",\n  \"rqUID\": {\n    \"rqUID\": \"a0623179-7ed9-45c6-932a-ebf7c0a2cab8\"\n  }\n}","options":{"raw":{"language":"json"}}}},"status":"Not Found","code":404,"header":[{"key":"Content-Type","value":"text/plain"}],"body":"","cookie":[],"_postman_previewlanguage":"text"},{"id":"69641c0f-ac3f-485a-aa4d-9d6c966b10fe","name":"Internal Server Error","originalRequest":{"url":{"path":["savingsaccount","isalimit","inq"],"host":["{{baseUrl}}"],"query":[],"variable":[]},"header":[{"disabled":false,"description":"(Required) Name of the application","key":"application-name","value":"Swagger"},{"disabled":false,"description":"(Required) ","key":"x-apikey","value":"2MWVAWF2xZz0eNQUK0NVhwpWYkr7gehG"},{"key":"Accept","value":"application/json"}],"method":"POST","body":{"mode":"raw","raw":"{\n  \"custId\": {\n    \"custPermId\": \"0000000697\"\n  },\n  \"isaType\": \"1\",\n  \"isaTaxDate\": \"2013-01-01\",\n  \"rqUID\": {\n    \"rqUID\": \"a0623179-7ed9-45c6-932a-ebf7c0a2cab8\"\n  }\n}","options":{"raw":{"language":"json"}}}},"status":"Internal Server Error","code":500,"header":[{"key":"Content-Type","value":"application/json"}],"body":"{\n  \"status\": {\n    \"statusCode\": 76574114,\n    \"statusDesc\": \"pariatur ip\",\n    \"supportUID\": \"e4cb9941-6a2a-ae46-de8e-41d9fa4707e8\",\n    \"supportDescription\": \"id laboris null\",\n    \"errorCount\": -4497897,\n    \"warningCount\": 74722673,\n    \"errors\": [\n      {\n        \"source\": \"adipisicing Ut ad\",\n        \"errNum\": \"amet \",\n        \"errDesc\": \"labore do amet\",\n        \"errDtl\": \"Excepteur dolor qui\",\n        \"errField\": \"quis ullamco occaecat dolor\",\n        \"errType\": \"v\",\n        \"errTagName\": \"elit quis\",\n        \"hostErrCode\": \"elit \",\n        \"useCode\": \"u\",\n        \"supportUID\": \"urn:uuid:25c31db7-c057-f0e0-8c61-58a8aee3f9eb\",\n        \"rows\": [\n          -49060623,\n          -17697552\n        ]\n      },\n      {\n        \"source\": \"incididunt Excepteur in\",\n        \"errNum\": \"veniam occaecat quis\",\n        \"errDesc\": \"in in Duis incididunt\",\n        \"errDtl\": \"non Du\",\n        \"errField\": \"sit\",\n        \"errType\": \"E\",\n        \"errTagName\": \"laborum\",\n        \"hostErrCode\": \"\",\n        \"useCode\": \"ut\",\n        \"supportUID\": \"urn:uuid:956b64ab-a105-a1a8-a8d3-2036478c3652\",\n        \"rows\": [\n          -25109486,\n          62274723\n        ]\n      }\n    ],\n    \"warnings\": [\n      {\n        \"source\": \"tempor cupidatat ullamco\",\n        \"errNum\": \"dolore exercitation\",\n        \"errDesc\": \"commodo eu\",\n        \"errDtl\": \"voluptate\",\n        \"errField\": \"Dui\",\n        \"errType\": \"a\",\n        \"errTagName\": \"voluptate dolor\",\n        \"hostErrCode\": \"d\",\n        \"useCode\": \"\",\n        \"supportUID\": \"urn:uuid:397f1c1a-86f3-ed82-17a7-51e58a575489\",\n        \"rows\": [\n          -50285612,\n          -36978258\n        ]\n      },\n      {\n        \"source\": \"dolor culpa velit\",\n        \"errNum\": \"dolore Excep\",\n        \"errDesc\": \"velit\",\n        \"errDtl\": \"ullamco\",\n        \"errField\": \"consectetur incididu\",\n        \"errType\": \"a\",\n        \"errTagName\": \"nisi sit au\",\n        \"hostErrCode\": \"ad dolo\",\n        \"useCode\": \"ut\",\n        \"supportUID\": \"37d4f092-0479-0936-dc5e-2433abc2fb56\",\n        \"rows\": [\n          -25294462,\n          28157572\n        ]\n      }\n    ]\n  }\n}","cookie":[],"_postman_previewlanguage":"json"}],"event":[],"protocolProfileBehavior":{"disableBodyPruning":true}},{"id":"4491b98d-2416-4969-b893-7741ea234ad7","name":"inq ISA Act List","request":{"name":"inq ISA Act List","description":{"content":"Get list of ISA accounts","type":"text/plain"},"url":{"path":["savingsaccount","isaactlist","inq"],"host":["{{baseUrl}}"],"query":[],"variable":[]},"header":[{"disabled":false,"description":"(Required) Name of the application","key":"application-name","value":"Swagger"},{"disabled":false,"description":"(Required) ","key":"x-apikey","value":"2MWVAWF2xZz0eNQUK0NVhwpWYkr7gehG"},{"key":"Content-Type","value":"application/json"},{"key":"Accept","value":"application/json"}],"method":"POST","auth":null,"body":{"mode":"raw","raw":"{\n  \"rqUID\": {\n    \"rqUID\": \"<uuid>\"\n  },\n  \"recCtrlIn\": {\n    \"maxRec\": \"<NUMBER(2, 0)>\",\n    \"cursor\": \"<string>\"\n  },\n  \"custId\": {\n    \"custPermId\": \"<string>\",\n    \"custPermIdMasked\": \"<string>\"\n  },\n  \"isaAcctId\": {\n    \"acctId\": \"<string>\",\n    \"isaType\": \"<listTable - None>\",\n    \"isaTaxDate\": \"<date>\"\n  }\n}","options":{"raw":{"language":"json"}}}},"response":[{"id":"52442518-e7bc-486d-a10e-a9a220ecab6b","name":"Individual savings account act list enquiry response","originalRequest":{"url":{"path":["savingsaccount","isaactlist","inq"],"host":["{{baseUrl}}"],"query":[],"variable":[]},"header":[{"disabled":false,"description":"(Required) Name of the application","key":"application-name","value":"Swagger"},{"disabled":false,"description":"(Required) ","key":"x-apikey","value":"2MWVAWF2xZz0eNQUK0NVhwpWYkr7gehG"},{"key":"Accept","value":"application/json"}],"method":"POST","body":{"mode":"raw","raw":"{\n  \"custId\": {\n    \"custPermId\": \"0000001909\"\n  },\n  \"isaAcctId\": {\n    \"acctId\": \"6924\",\n    \"isaTaxDate\": \"2020-11-13\",\n    \"isaType\": \"1\"\n  },\n  \"recCtrlIn\": {\n    \"cursor\": \"\",\n    \"maxRec\": 0\n  },\n  \"rqUID\": {\n    \"rqUID\": \"a0623179-7ed9-45c6-932a-ebf7c0a2cab8\"\n  }\n}","options":{"raw":{"language":"json"}}}},"status":"OK","code":200,"header":[{"key":"Content-Type","value":"application/json"}],"body":"{\n  \"rqUID\": {\n    \"rqUID\": \"<uuid>\"\n  },\n  \"status\": {\n    \"statusCode\": -82525193,\n    \"statusDesc\": \"qui\",\n    \"supportUID\": \"urn:uuid:b46adfda-493a-77e3-63e1-a1fc4a959dd6\",\n    \"supportDescription\": \"velit\",\n    \"errorCount\": -71348465,\n    \"warningCount\": -6449386,\n    \"errors\": [\n      {\n        \"source\": \"min\",\n        \"errNum\": \"c\",\n        \"errDesc\": \"pariatur voluptate nisi\",\n        \"errDtl\": \"dolore pariatur Ut\",\n        \"errField\": \"elit vo\",\n        \"errType\": \"e\",\n        \"errTagName\": \"consequat\",\n        \"hostErrCode\": \"adi\",\n        \"useCode\": \"n\",\n        \"supportUID\": \"2a9f2a7a-e395-bf5f-2731-6dbdbe0c4941\",\n        \"rows\": [\n          -7124391,\n          79636026\n        ]\n      },\n      {\n        \"source\": \"ipsum nisi quis magna\",\n        \"errNum\": \"consequat est veniam dolor\",\n        \"errDesc\": \"ut sed eu\",\n        \"errDtl\": \"tempor velit id minim\",\n        \"errField\": \"enim ullamco ex\",\n        \"errType\": \"c\",\n        \"errTagName\": \"labore culpa\",\n        \"hostErrCode\": \"anim v\",\n        \"useCode\": \"u\",\n        \"supportUID\": \"d958abf4-179d-8fcb-6b5b-9ccd726a7f8c\",\n        \"rows\": [\n          -48069031,\n          -63232561\n        ]\n      }\n    ],\n    \"warnings\": [\n      {\n        \"source\": \"exercitation Lorem sint\",\n        \"errNum\": \"id aliqua dolore Duis\",\n        \"errDesc\": \"aliqua sed ad\",\n        \"errDtl\": \"minim tempor est velit\",\n        \"errField\": \"aute et\",\n        \"errType\": \"n\",\n        \"errTagName\": \"id\",\n        \"hostErrCode\": \"et id\",\n        \"useCode\": \"no\",\n        \"supportUID\": \"urn:uuid:6ad27e64-db30-98c9-1934-005069966c08\",\n        \"rows\": [\n          47954169,\n          12339062\n        ]\n      },\n      {\n        \"source\": \"q\",\n        \"errNum\": \"nisi aliquip enim occaecat\",\n        \"errDesc\": \"exercitat\",\n        \"errDtl\": \"enim Excepteur\",\n        \"errField\": \"magna nulla ullamco anim\",\n        \"errType\": \"a\",\n        \"errTagName\": \"minim\",\n        \"hostErrCode\": \"fugiat\",\n        \"useCode\": \"a\",\n        \"supportUID\": \"e4c5870a-4c11-cc6d-3c25-ce75be831185\",\n        \"rows\": [\n          11450899,\n          -85162503\n        ]\n      }\n    ]\n  },\n  \"recCtrlOut\": {\n    \"matchedRec\": 90367222,\n    \"sentRec\": 37015527,\n    \"cursor\": \"cillum officia\"\n  },\n  \"custId\": {\n    \"custPermId\": \"<string>\",\n    \"custPermIdMasked\": \"<string>\"\n  },\n  \"isaAcctId\": {\n    \"acctId\": \"labore \",\n    \"isaType\": \"sunt velit consectetur laborum\",\n    \"isaTaxDate\": \"2022-05-09\"\n  },\n  \"isaActSumms\": [\n    {\n      \"isaType\": \"ea aliqua quis magna\",\n      \"acctId\": \"cu\",\n      \"isaStatus\": \"irure proident ess\",\n      \"periodStartDate\": \"2022-05-09\",\n      \"periodEndDate\": \"2022-05-09\",\n      \"firstSubDate\": \"2022-05-09\",\n      \"subsForPeriod\": {\n        \"amt\": 33135293.53453295\n      },\n      \"transferForPeriod\": {\n        \"amt\": -8281811.599084228\n      },\n      \"fixedRate\": false,\n      \"depsAllowedUntil\": \"2022-05-09\",\n      \"nextPeriodStartDate\": \"2022-05-09\",\n      \"nextPeriodEndDate\": \"2022-05-09\",\n      \"nextSubLimit\": {\n        \"amt\": 9417268.062676415\n      },\n      \"repairedFlag\": \"Lorem proident veniam est\",\n      \"unusedLimit\": {\n        \"amt\": -36606477.97449586\n      },\n      \"curCode\": \"in\"\n    },\n    {\n      \"isaType\": \"veniam\",\n      \"acctId\": \"fugiat l\",\n      \"isaStatus\": \"in\",\n      \"periodStartDate\": \"2022-05-09\",\n      \"periodEndDate\": \"2022-05-09\",\n      \"firstSubDate\": \"2022-05-09\",\n      \"subsForPeriod\": {\n        \"amt\": -88065069.00188147\n      },\n      \"transferForPeriod\": {\n        \"amt\": -66421471.55709539\n      },\n      \"fixedRate\": true,\n      \"depsAllowedUntil\": \"2022-05-09\",\n      \"nextPeriodStartDate\": \"2022-05-09\",\n      \"nextPeriodEndDate\": \"2022-05-09\",\n      \"nextSubLimit\": {\n        \"amt\": 55273468.74977961\n      },\n      \"repairedFlag\": \"nulla deserunt\",\n      \"unusedLimit\": {\n        \"amt\": -50580732.324231945\n      },\n      \"curCode\": \"r\"\n    }\n  ]\n}","cookie":[],"_postman_previewlanguage":"json"},{"id":"5ece20e1-ea99-41ec-9d83-20adc08fd8e7","name":"Unauthorized","originalRequest":{"url":{"path":["savingsaccount","isaactlist","inq"],"host":["{{baseUrl}}"],"query":[],"variable":[]},"header":[{"disabled":false,"description":"(Required) Name of the application","key":"application-name","value":"Swagger"},{"disabled":false,"description":"(Required) ","key":"x-apikey","value":"2MWVAWF2xZz0eNQUK0NVhwpWYkr7gehG"}],"method":"POST","body":{"mode":"raw","raw":"{\n  \"custId\": {\n    \"custPermId\": \"0000001909\"\n  },\n  \"isaAcctId\": {\n    \"acctId\": \"6924\",\n    \"isaTaxDate\": \"2020-11-13\",\n    \"isaType\": \"1\"\n  },\n  \"recCtrlIn\": {\n    \"cursor\": \"\",\n    \"maxRec\": 0\n  },\n  \"rqUID\": {\n    \"rqUID\": \"a0623179-7ed9-45c6-932a-ebf7c0a2cab8\"\n  }\n}","options":{"raw":{"language":"json"}}}},"status":"Unauthorized","code":401,"header":[{"key":"Content-Type","value":"text/plain"}],"body":"","cookie":[],"_postman_previewlanguage":"text"},{"id":"7d70d1f4-2c58-4e4c-abfa-73fa387d1397","name":"Forbidden","originalRequest":{"url":{"path":["savingsaccount","isaactlist","inq"],"host":["{{baseUrl}}"],"query":[],"variable":[]},"header":[{"disabled":false,"description":"(Required) Name of the application","key":"application-name","value":"Swagger"},{"disabled":false,"description":"(Required) ","key":"x-apikey","value":"2MWVAWF2xZz0eNQUK0NVhwpWYkr7gehG"}],"method":"POST","body":{"mode":"raw","raw":"{\n  \"custId\": {\n    \"custPermId\": \"0000001909\"\n  },\n  \"isaAcctId\": {\n    \"acctId\": \"6924\",\n    \"isaTaxDate\": \"2020-11-13\",\n    \"isaType\": \"1\"\n  },\n  \"recCtrlIn\": {\n    \"cursor\": \"\",\n    \"maxRec\": 0\n  },\n  \"rqUID\": {\n    \"rqUID\": \"a0623179-7ed9-45c6-932a-ebf7c0a2cab8\"\n  }\n}","options":{"raw":{"language":"json"}}}},"status":"Forbidden","code":403,"header":[{"key":"Content-Type","value":"text/plain"}],"body":"","cookie":[],"_postman_previewlanguage":"text"},{"id":"2bd51314-e958-4595-a1ef-85b3fcb5bd79","name":"Not Found","originalRequest":{"url":{"path":["savingsaccount","isaactlist","inq"],"host":["{{baseUrl}}"],"query":[],"variable":[]},"header":[{"disabled":false,"description":"(Required) Name of the application","key":"application-name","value":"Swagger"},{"disabled":false,"description":"(Required) ","key":"x-apikey","value":"2MWVAWF2xZz0eNQUK0NVhwpWYkr7gehG"}],"method":"POST","body":{"mode":"raw","raw":"{\n  \"custId\": {\n    \"custPermId\": \"0000001909\"\n  },\n  \"isaAcctId\": {\n    \"acctId\": \"6924\",\n    \"isaTaxDate\": \"2020-11-13\",\n    \"isaType\": \"1\"\n  },\n  \"recCtrlIn\": {\n    \"cursor\": \"\",\n    \"maxRec\": 0\n  },\n  \"rqUID\": {\n    \"rqUID\": \"a0623179-7ed9-45c6-932a-ebf7c0a2cab8\"\n  }\n}","options":{"raw":{"language":"json"}}}},"status":"Not Found","code":404,"header":[{"key":"Content-Type","value":"text/plain"}],"body":"","cookie":[],"_postman_previewlanguage":"text"},{"id":"0f44a23f-d6db-4c56-ac20-5277298357e2","name":"Internal Server Error","originalRequest":{"url":{"path":["savingsaccount","isaactlist","inq"],"host":["{{baseUrl}}"],"query":[],"variable":[]},"header":[{"disabled":false,"description":"(Required) Name of the application","key":"application-name","value":"Swagger"},{"disabled":false,"description":"(Required) ","key":"x-apikey","value":"2MWVAWF2xZz0eNQUK0NVhwpWYkr7gehG"},{"key":"Accept","value":"application/json"}],"method":"POST","body":{"mode":"raw","raw":"{\n  \"custId\": {\n    \"custPermId\": \"0000001909\"\n  },\n  \"isaAcctId\": {\n    \"acctId\": \"6924\",\n    \"isaTaxDate\": \"2020-11-13\",\n    \"isaType\": \"1\"\n  },\n  \"recCtrlIn\": {\n    \"cursor\": \"\",\n    \"maxRec\": 0\n  },\n  \"rqUID\": {\n    \"rqUID\": \"a0623179-7ed9-45c6-932a-ebf7c0a2cab8\"\n  }\n}","options":{"raw":{"language":"json"}}}},"status":"Internal Server Error","code":500,"header":[{"key":"Content-Type","value":"application/json"}],"body":"{\n  \"status\": {\n    \"statusCode\": 76574114,\n    \"statusDesc\": \"pariatur ip\",\n    \"supportUID\": \"e4cb9941-6a2a-ae46-de8e-41d9fa4707e8\",\n    \"supportDescription\": \"id laboris null\",\n    \"errorCount\": -4497897,\n    \"warningCount\": 74722673,\n    \"errors\": [\n      {\n        \"source\": \"adipisicing Ut ad\",\n        \"errNum\": \"amet \",\n        \"errDesc\": \"labore do amet\",\n        \"errDtl\": \"Excepteur dolor qui\",\n        \"errField\": \"quis ullamco occaecat dolor\",\n        \"errType\": \"v\",\n        \"errTagName\": \"elit quis\",\n        \"hostErrCode\": \"elit \",\n        \"useCode\": \"u\",\n        \"supportUID\": \"urn:uuid:25c31db7-c057-f0e0-8c61-58a8aee3f9eb\",\n        \"rows\": [\n          -49060623,\n          -17697552\n        ]\n      },\n      {\n        \"source\": \"incididunt Excepteur in\",\n        \"errNum\": \"veniam occaecat quis\",\n        \"errDesc\": \"in in Duis incididunt\",\n        \"errDtl\": \"non Du\",\n        \"errField\": \"sit\",\n        \"errType\": \"E\",\n        \"errTagName\": \"laborum\",\n        \"hostErrCode\": \"\",\n        \"useCode\": \"ut\",\n        \"supportUID\": \"urn:uuid:956b64ab-a105-a1a8-a8d3-2036478c3652\",\n        \"rows\": [\n          -25109486,\n          62274723\n        ]\n      }\n    ],\n    \"warnings\": [\n      {\n        \"source\": \"tempor cupidatat ullamco\",\n        \"errNum\": \"dolore exercitation\",\n        \"errDesc\": \"commodo eu\",\n        \"errDtl\": \"voluptate\",\n        \"errField\": \"Dui\",\n        \"errType\": \"a\",\n        \"errTagName\": \"voluptate dolor\",\n        \"hostErrCode\": \"d\",\n        \"useCode\": \"\",\n        \"supportUID\": \"urn:uuid:397f1c1a-86f3-ed82-17a7-51e58a575489\",\n        \"rows\": [\n          -50285612,\n          -36978258\n        ]\n      },\n      {\n        \"source\": \"dolor culpa velit\",\n        \"errNum\": \"dolore Excep\",\n        \"errDesc\": \"velit\",\n        \"errDtl\": \"ullamco\",\n        \"errField\": \"consectetur incididu\",\n        \"errType\": \"a\",\n        \"errTagName\": \"nisi sit au\",\n        \"hostErrCode\": \"ad dolo\",\n        \"useCode\": \"ut\",\n        \"supportUID\": \"37d4f092-0479-0936-dc5e-2433abc2fb56\",\n        \"rows\": [\n          -25294462,\n          28157572\n        ]\n      }\n    ]\n  }\n}","cookie":[],"_postman_previewlanguage":"json"}],"event":[],"protocolProfileBehavior":{"disableBodyPruning":true}},{"id":"75964c5d-0382-4099-bc74-285066c70ce3","name":"inq ISA Act","request":{"name":"inq ISA Act","description":{"content":"Enquire on ISA account","type":"text/plain"},"url":{"path":["savingsaccount","isaact","inq"],"host":["{{baseUrl}}"],"query":[],"variable":[]},"header":[{"disabled":false,"description":"(Required) Name of the application","key":"application-name","value":"Swagger"},{"disabled":false,"description":"(Required) ","key":"x-apikey","value":"2MWVAWF2xZz0eNQUK0NVhwpWYkr7gehG"},{"key":"Content-Type","value":"application/json"},{"key":"Accept","value":"application/json"}],"method":"POST","auth":null,"body":{"mode":"raw","raw":"{\n  \"rqUID\": {\n    \"rqUID\": \"<uuid>\"\n  },\n  \"custId\": {\n    \"custPermId\": \"<string>\",\n    \"custPermIdMasked\": \"<string>\"\n  },\n  \"isaAcctId\": {\n    \"acctId\": \"<string>\",\n    \"isaType\": \"<listTable - None>\",\n    \"isaTaxDate\": \"<date>\"\n  }\n}","options":{"raw":{"language":"json"}}}},"response":[{"id":"2d3f1733-005c-491b-b009-2a0e54db4b6f","name":"Individual savings account act enquiry response","originalRequest":{"url":{"path":["savingsaccount","isaact","inq"],"host":["{{baseUrl}}"],"query":[],"variable":[]},"header":[{"disabled":false,"description":"(Required) Name of the application","key":"application-name","value":"Swagger"},{"disabled":false,"description":"(Required) ","key":"x-apikey","value":"2MWVAWF2xZz0eNQUK0NVhwpWYkr7gehG"},{"key":"Accept","value":"application/json"}],"method":"POST","body":{"mode":"raw","raw":"{\n  \"rqUID\": {\n    \"rqUID\": \"3fa85f64-5717-4562-b3fc-2c963f66afa6\"\n  },\n  \"custId\": {\n    \"custPermId\": \"0000000697\",\n    \"custPermIdMasked\": \"\"\n  },\n  \"isaAcctId\": {\n    \"acctId\": \"5620\",\n    \"isaType\": \"1\",\n    \"isaTaxDate\": \"2020-11-13\"\n  }\n}","options":{"raw":{"language":"json"}}}},"status":"OK","code":200,"header":[{"key":"Content-Type","value":"application/json"}],"body":"{\n  \"rqUID\": {\n    \"rqUID\": \"a0623179-7ed9-45c6-932a-ebf7c0a2cab8\"\n  },\n  \"status\": {\n    \"statusCode\": 0,\n    \"statusDesc\": \"Success\"\n  },\n  \"custId\": {\n    \"custPermId\": \"QUVTOiBraXQvUXhFeDJEZDU5Mk5rUW1qUWdRPT0=\",\n    \"custPermIdMasked\": \"******0697\"\n  },\n  \"isaAcctId\": {\n    \"acctId\": \"5620\",\n    \"isaType\": \"1\",\n    \"isaTaxDate\": \"2020-11-13\"\n  },\n  \"isaActSumm\": {\n    \"isaType\": \"1\",\n    \"acctId\": \"000000005620\",\n    \"isaStatus\": \"1\",\n    \"periodStartDate\": \"2016-01-01\",\n    \"periodEndDate\": \"2016-12-31\",\n    \"subsForPeriod\": {\n      \"amt\": 0\n    },\n    \"transferForPeriod\": {\n      \"amt\": 0\n    },\n    \"fixedRate\": false,\n    \"nextPeriodStartDate\": \"2021-01-01\",\n    \"nextPeriodEndDate\": \"2017-12-31\",\n    \"nextSubLimit\": {\n      \"amt\": 0\n    },\n    \"repairedFlag\": \"0\",\n    \"unusedLimit\": {\n      \"amt\": 20000\n    },\n    \"curCode\": \"GTQ\"\n  }\n}","cookie":[],"_postman_previewlanguage":"json"},{"id":"efd2756d-271c-466c-b79d-ceb71566875c","name":"Unauthorized","originalRequest":{"url":{"path":["savingsaccount","isaact","inq"],"host":["{{baseUrl}}"],"query":[],"variable":[]},"header":[{"disabled":false,"description":"(Required) Name of the application","key":"application-name","value":"Swagger"},{"disabled":false,"description":"(Required) ","key":"x-apikey","value":"2MWVAWF2xZz0eNQUK0NVhwpWYkr7gehG"}],"method":"POST","body":{"mode":"raw","raw":"{\n  \"rqUID\": {\n    \"rqUID\": \"3fa85f64-5717-4562-b3fc-2c963f66afa6\"\n  },\n  \"custId\": {\n    \"custPermId\": \"0000000697\",\n    \"custPermIdMasked\": \"\"\n  },\n  \"isaAcctId\": {\n    \"acctId\": \"5620\",\n    \"isaType\": \"1\",\n    \"isaTaxDate\": \"2020-11-13\"\n  }\n}","options":{"raw":{"language":"json"}}}},"status":"Unauthorized","code":401,"header":[{"key":"Content-Type","value":"text/plain"}],"body":"","cookie":[],"_postman_previewlanguage":"text"},{"id":"90a1b223-7656-4370-80e8-376a97921e79","name":"Forbidden","originalRequest":{"url":{"path":["savingsaccount","isaact","inq"],"host":["{{baseUrl}}"],"query":[],"variable":[]},"header":[{"disabled":false,"description":"(Required) Name of the application","key":"application-name","value":"Swagger"},{"disabled":false,"description":"(Required) ","key":"x-apikey","value":"2MWVAWF2xZz0eNQUK0NVhwpWYkr7gehG"}],"method":"POST","body":{"mode":"raw","raw":"{\n  \"rqUID\": {\n    \"rqUID\": \"3fa85f64-5717-4562-b3fc-2c963f66afa6\"\n  },\n  \"custId\": {\n    \"custPermId\": \"0000000697\",\n    \"custPermIdMasked\": \"\"\n  },\n  \"isaAcctId\": {\n    \"acctId\": \"5620\",\n    \"isaType\": \"1\",\n    \"isaTaxDate\": \"2020-11-13\"\n  }\n}","options":{"raw":{"language":"json"}}}},"status":"Forbidden","code":403,"header":[{"key":"Content-Type","value":"text/plain"}],"body":"","cookie":[],"_postman_previewlanguage":"text"},{"id":"a33d937d-220c-4ab9-9df3-2e948e1f1ca6","name":"Not Found","originalRequest":{"url":{"path":["savingsaccount","isaact","inq"],"host":["{{baseUrl}}"],"query":[],"variable":[]},"header":[{"disabled":false,"description":"(Required) Name of the application","key":"application-name","value":"Swagger"},{"disabled":false,"description":"(Required) ","key":"x-apikey","value":"2MWVAWF2xZz0eNQUK0NVhwpWYkr7gehG"}],"method":"POST","body":{"mode":"raw","raw":"{\n  \"rqUID\": {\n    \"rqUID\": \"3fa85f64-5717-4562-b3fc-2c963f66afa6\"\n  },\n  \"custId\": {\n    \"custPermId\": \"0000000697\",\n    \"custPermIdMasked\": \"\"\n  },\n  \"isaAcctId\": {\n    \"acctId\": \"5620\",\n    \"isaType\": \"1\",\n    \"isaTaxDate\": \"2020-11-13\"\n  }\n}","options":{"raw":{"language":"json"}}}},"status":"Not Found","code":404,"header":[{"key":"Content-Type","value":"text/plain"}],"body":"","cookie":[],"_postman_previewlanguage":"text"},{"id":"fc58e052-cfc9-48dd-8933-12dc96df3eb1","name":"Internal Server Error","originalRequest":{"url":{"path":["savingsaccount","isaact","inq"],"host":["{{baseUrl}}"],"query":[],"variable":[]},"header":[{"disabled":false,"description":"(Required) Name of the application","key":"application-name","value":"Swagger"},{"disabled":false,"description":"(Required) ","key":"x-apikey","value":"2MWVAWF2xZz0eNQUK0NVhwpWYkr7gehG"},{"key":"Accept","value":"application/json"}],"method":"POST","body":{"mode":"raw","raw":"{\n  \"rqUID\": {\n    \"rqUID\": \"3fa85f64-5717-4562-b3fc-2c963f66afa6\"\n  },\n  \"custId\": {\n    \"custPermId\": \"0000000697\",\n    \"custPermIdMasked\": \"\"\n  },\n  \"isaAcctId\": {\n    \"acctId\": \"5620\",\n    \"isaType\": \"1\",\n    \"isaTaxDate\": \"2020-11-13\"\n  }\n}","options":{"raw":{"language":"json"}}}},"status":"Internal Server Error","code":500,"header":[{"key":"Content-Type","value":"application/json"}],"body":"{\n  \"status\": {\n    \"statusCode\": 76574114,\n    \"statusDesc\": \"pariatur ip\",\n    \"supportUID\": \"e4cb9941-6a2a-ae46-de8e-41d9fa4707e8\",\n    \"supportDescription\": \"id laboris null\",\n    \"errorCount\": -4497897,\n    \"warningCount\": 74722673,\n    \"errors\": [\n      {\n        \"source\": \"adipisicing Ut ad\",\n        \"errNum\": \"amet \",\n        \"errDesc\": \"labore do amet\",\n        \"errDtl\": \"Excepteur dolor qui\",\n        \"errField\": \"quis ullamco occaecat dolor\",\n        \"errType\": \"v\",\n        \"errTagName\": \"elit quis\",\n        \"hostErrCode\": \"elit \",\n        \"useCode\": \"u\",\n        \"supportUID\": \"urn:uuid:25c31db7-c057-f0e0-8c61-58a8aee3f9eb\",\n        \"rows\": [\n          -49060623,\n          -17697552\n        ]\n      },\n      {\n        \"source\": \"incididunt Excepteur in\",\n        \"errNum\": \"veniam occaecat quis\",\n        \"errDesc\": \"in in Duis incididunt\",\n        \"errDtl\": \"non Du\",\n        \"errField\": \"sit\",\n        \"errType\": \"E\",\n        \"errTagName\": \"laborum\",\n        \"hostErrCode\": \"\",\n        \"useCode\": \"ut\",\n        \"supportUID\": \"urn:uuid:956b64ab-a105-a1a8-a8d3-2036478c3652\",\n        \"rows\": [\n          -25109486,\n          62274723\n        ]\n      }\n    ],\n    \"warnings\": [\n      {\n        \"source\": \"tempor cupidatat ullamco\",\n        \"errNum\": \"dolore exercitation\",\n        \"errDesc\": \"commodo eu\",\n        \"errDtl\": \"voluptate\",\n        \"errField\": \"Dui\",\n        \"errType\": \"a\",\n        \"errTagName\": \"voluptate dolor\",\n        \"hostErrCode\": \"d\",\n        \"useCode\": \"\",\n        \"supportUID\": \"urn:uuid:397f1c1a-86f3-ed82-17a7-51e58a575489\",\n        \"rows\": [\n          -50285612,\n          -36978258\n        ]\n      },\n      {\n        \"source\": \"dolor culpa velit\",\n        \"errNum\": \"dolore Excep\",\n        \"errDesc\": \"velit\",\n        \"errDtl\": \"ullamco\",\n        \"errField\": \"consectetur incididu\",\n        \"errType\": \"a\",\n        \"errTagName\": \"nisi sit au\",\n        \"hostErrCode\": \"ad dolo\",\n        \"useCode\": \"ut\",\n        \"supportUID\": \"37d4f092-0479-0936-dc5e-2433abc2fb56\",\n        \"rows\": [\n          -25294462,\n          28157572\n        ]\n      }\n    ]\n  }\n}","cookie":[],"_postman_previewlanguage":"json"}],"event":[],"protocolProfileBehavior":{"disableBodyPruning":true}}],"event":[]}],"event":[],"variable":[{"type":"string","value":"https://int.latam.api.fiservapps.com/latam/sandbox/banking/v2","key":"baseUrl"}],"info":{"_postman_id":"6e9dea50-2d1a-439a-9eaa-2d0d3b69f54d","name":"Signature® Savings Account Service - API Documentation","schema":"https://schema.getpostman.com/json/collection/v2.1.0/collection.json","description":{"content":"This documentation describes the REST APIs provided by the Savings Account Service of Signature®, which provides specific resources and operations for Savings Accounts\n\nContact Support:\n Name: API Support\n Email: Siva.Dasari@fiserv.com","type":"text/plain"}}}