{"item":[{"id":"8a61929f-93ef-4f1a-a126-869fbf5cca47","name":"Registration CRD","request":{"name":"Registration CRD","description":{},"url":{"path":["registrationCRD"],"host":["{{baseUrl}}"],"query":[],"variable":[]},"header":[{"key":"Content-Type","value":"application/json"},{"key":"Accept","value":"application/json"}],"method":"POST","auth":null,"body":{"mode":"raw","raw":"{\n  \"action\": \"Unknown\",\n  \"agreedToTerms\": false,\n  \"header\": {\n    \"applicationID\": \"<string>\",\n    \"paymentChannel\": \"Unknown\",\n    \"securityKey\": \"<string>\",\n    \"sourceIP\": \"<string>\"\n  },\n  \"paymentInfo\": {\n    \"paymentMedium\": \"Unknown\",\n    \"paymentInfoEFT\": {\n      \"accountType\": \"Unknown\",\n      \"authorizationMedium\": \"Unknown\",\n      \"bankAccountNumber\": \"<string>\",\n      \"bankRoutingNumber\": \"<string>\",\n      \"bankState\": \"<string>\",\n      \"bankName\": \"<string>\",\n      \"driversLicenseNumber\": \"<string>\",\n      \"driversLicenseState\": \"<string>\",\n      \"ssn\": \"<string>\",\n      \"businessName\": \"<string>\",\n      \"federalTaxID\": \"<string>\",\n      \"userIPAddress\": \"<string>\",\n      \"preNoteStatus\": \"Unknown\",\n      \"recurringIndicator\": \"S\",\n      \"addressShipping\": {\n        \"nameFirst\": \"<string>\",\n        \"nameLast\": \"<string>\",\n        \"nameMiddle\": \"<string>\",\n        \"nameFull\": \"<string>\",\n        \"phone1\": \"<string>\",\n        \"phone2\": \"<string>\",\n        \"email\": \"<string>\",\n        \"street1\": \"<string>\",\n        \"street2\": \"<string>\",\n        \"city\": \"<string>\",\n        \"state\": \"<string>\",\n        \"zip\": \"<string>\",\n        \"country\": \"<string>\"\n      },\n      \"addressBilling\": {\n        \"nameFirst\": \"<string>\",\n        \"nameLast\": \"<string>\",\n        \"nameMiddle\": \"<string>\",\n        \"nameFull\": \"<string>\",\n        \"phone1\": \"<string>\",\n        \"phone2\": \"<string>\",\n        \"email\": \"<string>\",\n        \"street1\": \"<string>\",\n        \"street2\": \"<string>\",\n        \"city\": \"<string>\",\n        \"state\": \"<string>\",\n        \"zip\": \"<string>\",\n        \"country\": \"<string>\"\n      }\n    },\n    \"paymentInfoCC\": {\n      \"cardNumber\": \"<string>\",\n      \"expirationDate\": \"<string>\",\n      \"expirationMonth\": \"<string>\",\n      \"expirationYear\": \"<string>\",\n      \"pinData\": \"<string>\",\n      \"pinKeySerialNumber\": \"<string>\",\n      \"purchaseID\": \"<string>\",\n      \"trackData\": \"<string>\",\n      \"cvv2\": \"<string>\",\n      \"userIPAddress\": \"<string>\",\n      \"billingAddress\": {\n        \"nameFirst\": \"<string>\",\n        \"nameLast\": \"<string>\",\n        \"nameMiddle\": \"<string>\",\n        \"nameFull\": \"<string>\",\n        \"phone1\": \"<string>\",\n        \"phone2\": \"<string>\",\n        \"email\": \"<string>\",\n        \"street1\": \"<string>\",\n        \"street2\": \"<string>\",\n        \"city\": \"<string>\",\n        \"state\": \"<string>\",\n        \"zip\": \"<string>\",\n        \"country\": \"<string>\"\n      },\n      \"shippingAddress\": {\n        \"nameFirst\": \"<string>\",\n        \"nameLast\": \"<string>\",\n        \"nameMiddle\": \"<string>\",\n        \"nameFull\": \"<string>\",\n        \"phone1\": \"<string>\",\n        \"phone2\": \"<string>\",\n        \"email\": \"<string>\",\n        \"street1\": \"<string>\",\n        \"street2\": \"<string>\",\n        \"city\": \"<string>\",\n        \"state\": \"<string>\",\n        \"zip\": \"<string>\",\n        \"country\": \"<string>\"\n      },\n      \"cardType\": \"Unknown\",\n      \"cardStatusFlag\": \"Unknown\",\n      \"eCommerceGoodsFlag\": false,\n      \"installment\": false,\n      \"installmentSequence\": \"<integer>\",\n      \"installmentCount\": \"<integer>\"\n    }\n  },\n  \"registrationID\": \"<string>\",\n  \"userID\": \"<string>\",\n  \"interactionID\": \"<string>\",\n  \"lookupReference\": \"<string>\",\n  \"registrationFlags\": \"<string>\"\n}","options":{"raw":{"language":"json"}}}},"response":[{"id":"35a286bb-540a-4693-b8a4-2d670fa6dd75","name":"Registration Response","originalRequest":{"url":{"path":["registrationCRD"],"host":["{{baseUrl}}"],"query":[],"variable":[]},"header":[{"key":"Accept","value":"application/json"}],"method":"POST","body":{"mode":"raw","raw":"{\n  \"header\": {\n    \"applicationID\": \"1451\",\n    \"securityKey\": \"hljkhk#@lkj\",\n    \"paymentChannel\": \"Web\",\n    \"sourceIP\": \"\"\n  },\n  \"userID\": \"\",\n  \"interactionID\": \"\",\n  \"action\": \"Create\",\n  \"agreedToTerms\": true,\n  \"registrationID\": \"\",\n  \"lookupReference\": \"12345678901234567\",\n  \"registrationFlags\": \"None\",\n  \"paymentInfo\": {\n    \"paymentMedium\": \"eCheck\",\n    \"paymentInfoEFT\": {\n      \"accountType\": \"Checking\",\n      \"bankRoutingNumber\": \"304083396\",\n      \"bankAccountNumber\": \"12345\",\n      \"bankState\": \"\",\n      \"bankName\": \"\",\n      \"driversLicenseNumber\": \"\",\n      \"driversLicenseState\": \"\",\n      \"ssn\": \"\",\n      \"businessName\": \"\",\n      \"federalTaxID\": \"\",\n      \"userIPAddress\": \"\",\n      \"authorizationMedium\": \"Web\",\n      \"preNoteStatus\": \"Unknown\",\n      \"recurringIndicator\": \"S\",\n      \"addressBilling\": {\n        \"nameFirst\": \"John \",\n        \"nameLast\": \"Doe\",\n        \"nameMiddle\": \"\",\n        \"nameFull\": \"John Doe\",\n        \"phone1\": \"1111111111\",\n        \"phone2\": \"\",\n        \"email\": \"JohnDoe@fiserv.com\",\n        \"street1\": \"Teststreet1\",\n        \"street2\": \"\",\n        \"city\": \"Omaha\",\n        \"state\": \"NE\",\n        \"zip\": \"11111\",\n        \"country\": \"US\"\n      }\n    }\n  }\n}","options":{"raw":{"language":"json"}}}},"status":"OK","code":200,"header":[{"key":"Content-Type","value":"application/json"}],"body":"{\n  \"returnCode\": \"Success\",\n  \"resultMessage\": \"\",\n  \"timeoutLimit\": 180,\n  \"registrationID\": \"4273135\"\n}","cookie":[],"_postman_previewlanguage":"json"}],"event":[],"protocolProfileBehavior":{"disableBodyPruning":true}},{"id":"c8d2bbf7-ec13-4d8c-8073-74d9b3b786e4","name":"Make Payment","request":{"name":"Make Payment","description":{},"url":{"path":["makePayment"],"host":["{{baseUrl}}"],"query":[],"variable":[]},"header":[{"key":"Content-Type","value":"application/json"},{"key":"Accept","value":"application/json"}],"method":"POST","auth":null,"body":{"mode":"raw","raw":"{\n  \"header\": {\n    \"applicationID\": \"<string>\",\n    \"paymentChannel\": \"Unknown\",\n    \"securityKey\": \"<string>\",\n    \"sourceIP\": \"<string>\"\n  },\n  \"paymentAmount\": \"<decimal>\",\n  \"userID\": \"<string>\",\n  \"interactionID\": \"<string>\",\n  \"groupID\": \"<string>\",\n  \"registrationID\": \"<string>\",\n  \"recurringPaymentID\": \"<string>\",\n  \"transactionBatchID\": \"<string>\",\n  \"reference\": \"<string>\",\n  \"aaaUserID\": \"<string>\",\n  \"paymentFlags\": \"<string>\",\n  \"paymentDate\": \"<string>\",\n  \"convenienceFee\": \"<decimal>\",\n  \"taxAmount\": \"<decimal>\",\n  \"paymentInfo\": {\n    \"paymentMedium\": \"Unknown\",\n    \"paymentInfoEFT\": {\n      \"accountType\": \"Unknown\",\n      \"authorizationMedium\": \"Unknown\",\n      \"bankAccountNumber\": \"<string>\",\n      \"bankRoutingNumber\": \"<string>\",\n      \"bankState\": \"<string>\",\n      \"bankName\": \"<string>\",\n      \"driversLicenseNumber\": \"<string>\",\n      \"driversLicenseState\": \"<string>\",\n      \"ssn\": \"<string>\",\n      \"businessName\": \"<string>\",\n      \"federalTaxID\": \"<string>\",\n      \"userIPAddress\": \"<string>\",\n      \"preNoteStatus\": \"Unknown\",\n      \"recurringIndicator\": \"S\",\n      \"addressShipping\": {\n        \"nameFirst\": \"<string>\",\n        \"nameLast\": \"<string>\",\n        \"nameMiddle\": \"<string>\",\n        \"nameFull\": \"<string>\",\n        \"phone1\": \"<string>\",\n        \"phone2\": \"<string>\",\n        \"email\": \"<string>\",\n        \"street1\": \"<string>\",\n        \"street2\": \"<string>\",\n        \"city\": \"<string>\",\n        \"state\": \"<string>\",\n        \"zip\": \"<string>\",\n        \"country\": \"<string>\"\n      },\n      \"addressBilling\": {\n        \"nameFirst\": \"<string>\",\n        \"nameLast\": \"<string>\",\n        \"nameMiddle\": \"<string>\",\n        \"nameFull\": \"<string>\",\n        \"phone1\": \"<string>\",\n        \"phone2\": \"<string>\",\n        \"email\": \"<string>\",\n        \"street1\": \"<string>\",\n        \"street2\": \"<string>\",\n        \"city\": \"<string>\",\n        \"state\": \"<string>\",\n        \"zip\": \"<string>\",\n        \"country\": \"<string>\"\n      }\n    },\n    \"paymentInfoCC\": {\n      \"cardNumber\": \"<string>\",\n      \"expirationDate\": \"<string>\",\n      \"expirationMonth\": \"<string>\",\n      \"expirationYear\": \"<string>\",\n      \"pinData\": \"<string>\",\n      \"pinKeySerialNumber\": \"<string>\",\n      \"purchaseID\": \"<string>\",\n      \"trackData\": \"<string>\",\n      \"cvv2\": \"<string>\",\n      \"userIPAddress\": \"<string>\",\n      \"billingAddress\": {\n        \"nameFirst\": \"<string>\",\n        \"nameLast\": \"<string>\",\n        \"nameMiddle\": \"<string>\",\n        \"nameFull\": \"<string>\",\n        \"phone1\": \"<string>\",\n        \"phone2\": \"<string>\",\n        \"email\": \"<string>\",\n        \"street1\": \"<string>\",\n        \"street2\": \"<string>\",\n        \"city\": \"<string>\",\n        \"state\": \"<string>\",\n        \"zip\": \"<string>\",\n        \"country\": \"<string>\"\n      },\n      \"shippingAddress\": {\n        \"nameFirst\": \"<string>\",\n        \"nameLast\": \"<string>\",\n        \"nameMiddle\": \"<string>\",\n        \"nameFull\": \"<string>\",\n        \"phone1\": \"<string>\",\n        \"phone2\": \"<string>\",\n        \"email\": \"<string>\",\n        \"street1\": \"<string>\",\n        \"street2\": \"<string>\",\n        \"city\": \"<string>\",\n        \"state\": \"<string>\",\n        \"zip\": \"<string>\",\n        \"country\": \"<string>\"\n      },\n      \"cardType\": \"Unknown\",\n      \"cardStatusFlag\": \"Unknown\",\n      \"eCommerceGoodsFlag\": false,\n      \"installment\": false,\n      \"installmentSequence\": \"<integer>\",\n      \"installmentCount\": \"<integer>\"\n    }\n  },\n  \"payeeID\": \"<string>\"\n}","options":{"raw":{"language":"json"}}}},"response":[{"id":"51749e1c-c44f-4e2c-89e3-6879893ba70f","name":"Payment Response","originalRequest":{"url":{"path":["makePayment"],"host":["{{baseUrl}}"],"query":[],"variable":[]},"header":[{"key":"Accept","value":"application/json"}],"method":"POST","body":{"mode":"raw","raw":"{\n  \"header\": {\n    \"applicationID\": \"1451\",\n    \"securityKey\": \"hljkhk#@lkj\",\n    \"paymentChannel\": \"Web\",\n    \"sourceIP\": \"\"\n  },\n  \"userID\": \"clientid\",\n  \"registrationID\": \"3047366\",\n  \"reference\": \"12345677890 04/20/2023\",\n  \"paymentDate\": \"04/20/2023\",\n  \"paymentAmount\": 2,\n  \"convenienceFee\": 0,\n  \"taxAmount\": 0,\n  \"payeeID\": \"accountnumber\"\n}","options":{"raw":{"language":"json"}}}},"status":"OK","code":200,"header":[{"key":"Content-Type","value":"application/json"}],"body":"{\n  \"returnCode\": \"Payment_Pending\",\n  \"resultMessage\": \"\",\n  \"timeoutLimit\": 180,\n  \"confirmationNumber\": \"23032719056805\",\n  \"totalAmount\": 2,\n  \"settlementSubmissionDate\": \"4/20/2023\",\n  \"cardType\": \"Unknown\",\n  \"authorizationCode\": \"\"\n}","cookie":[],"_postman_previewlanguage":"json"}],"event":[],"protocolProfileBehavior":{"disableBodyPruning":true}},{"id":"3a64b9a0-cf48-4faa-97ef-ef881d6614af","name":"Make POS Payment","request":{"name":"Make POS Payment","description":{},"url":{"path":["makePOSPayment"],"host":["{{baseUrl}}"],"query":[],"variable":[]},"header":[{"key":"Content-Type","value":"application/json"},{"key":"Accept","value":"application/json"}],"method":"POST","auth":null,"body":{"mode":"raw","raw":"{\n  \"header\": {\n    \"applicationID\": \"<string>\",\n    \"paymentChannel\": \"Unknown\",\n    \"securityKey\": \"<string>\",\n    \"sourceIP\": \"<string>\"\n  },\n  \"paymentAmount\": \"<decimal>\",\n  \"paymentInfo\": {\n    \"paymentMedium\": \"Unknown\",\n    \"paymentInfoEFT\": {\n      \"accountType\": \"Unknown\",\n      \"authorizationMedium\": \"Unknown\",\n      \"bankAccountNumber\": \"<string>\",\n      \"bankRoutingNumber\": \"<string>\",\n      \"bankState\": \"<string>\",\n      \"bankName\": \"<string>\",\n      \"driversLicenseNumber\": \"<string>\",\n      \"driversLicenseState\": \"<string>\",\n      \"ssn\": \"<string>\",\n      \"businessName\": \"<string>\",\n      \"federalTaxID\": \"<string>\",\n      \"userIPAddress\": \"<string>\",\n      \"preNoteStatus\": \"Unknown\",\n      \"recurringIndicator\": \"S\",\n      \"addressShipping\": {\n        \"nameFirst\": \"<string>\",\n        \"nameLast\": \"<string>\",\n        \"nameMiddle\": \"<string>\",\n        \"nameFull\": \"<string>\",\n        \"phone1\": \"<string>\",\n        \"phone2\": \"<string>\",\n        \"email\": \"<string>\",\n        \"street1\": \"<string>\",\n        \"street2\": \"<string>\",\n        \"city\": \"<string>\",\n        \"state\": \"<string>\",\n        \"zip\": \"<string>\",\n        \"country\": \"<string>\"\n      },\n      \"addressBilling\": {\n        \"nameFirst\": \"<string>\",\n        \"nameLast\": \"<string>\",\n        \"nameMiddle\": \"<string>\",\n        \"nameFull\": \"<string>\",\n        \"phone1\": \"<string>\",\n        \"phone2\": \"<string>\",\n        \"email\": \"<string>\",\n        \"street1\": \"<string>\",\n        \"street2\": \"<string>\",\n        \"city\": \"<string>\",\n        \"state\": \"<string>\",\n        \"zip\": \"<string>\",\n        \"country\": \"<string>\"\n      }\n    },\n    \"paymentInfoCC\": {\n      \"cardNumber\": \"<string>\",\n      \"expirationDate\": \"<string>\",\n      \"expirationMonth\": \"<string>\",\n      \"expirationYear\": \"<string>\",\n      \"pinData\": \"<string>\",\n      \"pinKeySerialNumber\": \"<string>\",\n      \"purchaseID\": \"<string>\",\n      \"trackData\": \"<string>\",\n      \"cvv2\": \"<string>\",\n      \"userIPAddress\": \"<string>\",\n      \"billingAddress\": {\n        \"nameFirst\": \"<string>\",\n        \"nameLast\": \"<string>\",\n        \"nameMiddle\": \"<string>\",\n        \"nameFull\": \"<string>\",\n        \"phone1\": \"<string>\",\n        \"phone2\": \"<string>\",\n        \"email\": \"<string>\",\n        \"street1\": \"<string>\",\n        \"street2\": \"<string>\",\n        \"city\": \"<string>\",\n        \"state\": \"<string>\",\n        \"zip\": \"<string>\",\n        \"country\": \"<string>\"\n      },\n      \"shippingAddress\": {\n        \"nameFirst\": \"<string>\",\n        \"nameLast\": \"<string>\",\n        \"nameMiddle\": \"<string>\",\n        \"nameFull\": \"<string>\",\n        \"phone1\": \"<string>\",\n        \"phone2\": \"<string>\",\n        \"email\": \"<string>\",\n        \"street1\": \"<string>\",\n        \"street2\": \"<string>\",\n        \"city\": \"<string>\",\n        \"state\": \"<string>\",\n        \"zip\": \"<string>\",\n        \"country\": \"<string>\"\n      },\n      \"cardType\": \"Unknown\",\n      \"cardStatusFlag\": \"Unknown\",\n      \"eCommerceGoodsFlag\": false,\n      \"installment\": false,\n      \"installmentSequence\": \"<integer>\",\n      \"installmentCount\": \"<integer>\"\n    }\n  },\n  \"userID\": \"<string>\",\n  \"interactionID\": \"<string>\",\n  \"groupID\": \"<string>\",\n  \"registrationID\": \"<string>\",\n  \"recurringPaymentID\": \"<string>\",\n  \"transactionBatchID\": \"<string>\",\n  \"reference\": \"<string>\",\n  \"aaaUserID\": \"<string>\",\n  \"paymentFlags\": \"None\",\n  \"paymentDate\": \"<string>\",\n  \"convenienceFee\": \"<decimal>\",\n  \"taxAmount\": \"<decimal>\",\n  \"payeeID\": \"<string>\",\n  \"terminalID\": \"<string>\",\n  \"terminalCity\": \"<string>\",\n  \"terminalState\": \"<string>\",\n  \"merchantTaxID\": \"<string>\",\n  \"alternateMerchantName\": \"<string>\",\n  \"alternateMerchantAddress\": \"<string>\",\n  \"alternateMerchantCity\": \"<string>\",\n  \"alternateMerchantState\": \"<string>\",\n  \"alternateMerchantCounty\": \"<string>\",\n  \"alternateMerchantPostalCode\": \"<string>\",\n  \"alternateMerchantCountry\": \"<string>\",\n  \"posDataCode\": \"<string>\",\n  \"paymentInfoPOS\": {\n    \"paymentInfoPOSEFT\": {\n      \"checkType\": \"<string>\",\n      \"micrType\": \"<string>\",\n      \"micrLineData\": \"<string>\",\n      \"manualCheckNumber\": \"<string>\",\n      \"micrReaderStatus\": \"<string>\",\n      \"track1ID\": \"<string>\",\n      \"track2ID\": \"<string>\",\n      \"manualID\": \"<string>\",\n      \"regECompliant\": \"<string>\",\n      \"micrSequenceNumber\": \"<string>\",\n      \"eCheck1\": \"<string>\",\n      \"eCheck2\": \"<string>\",\n      \"eCheck3\": \"<string>\",\n      \"eCheck4\": \"<string>\",\n      \"eCheck5\": \"<string>\"\n    },\n    \"paymentInfoPOSCC\": {\n      \"accountDataSource\": \"<string>\",\n      \"cardholderIdentificationCode\": \"<string>\",\n      \"emvDF78TerminalSerialNumber\": \"<string>\",\n      \"emvDF79KernelVersionNumber\": \"<string>\",\n      \"emv57CustomerDataField\": \"<string>\",\n      \"emv82ApplicationInterchangeProfile\": \"<string>\",\n      \"emv84DedicatedFileName\": \"<string>\",\n      \"emv91IssuerAuthenticationData\": \"<string>\",\n      \"emv95TerminalVerificationResults\": \"<string>\",\n      \"emv5F24ApplicationExpiryDate\": \"<string>\",\n      \"emv5F34PANSequenceNumber\": \"<string>\",\n      \"emv9F09TerminalApplicationVersion\": \"<string>\",\n      \"emv9F10IssuerApplicationData\": \"<string>\",\n      \"emv9F1ATerminalCountryCode\": \"<string>\",\n      \"emv9F1EPOSTerminalSerialNumber\": \"<string>\",\n      \"emv9F26ApplicationCryptogram\": \"<string>\",\n      \"emv9F27CryptogramInformationData\": \"<string>\",\n      \"emv9F33TerminalCapabilities\": \"<string>\",\n      \"emv9F34CVMResults\": \"<string>\",\n      \"emv9F35TerminalType\": \"<string>\",\n      \"emv9F36ApplicationTransactionCounter\": \"<string>\",\n      \"emv9F37UnpredictableNumber\": \"<string>\",\n      \"emv9F39POSEntryMode\": \"<string>\",\n      \"emv9F40AdditionalTerminalCaps\": \"<string>\",\n      \"emv9F41TransactionSequenceCounter\": \"<string>\",\n      \"emv9F02AuthorizedAmount\": \"<string>\",\n      \"emv9F03OtherAmount\": \"<string>\",\n      \"emv4FAID\": \"<string>\",\n      \"emv9F06AIDTerminal\": \"<string>\",\n      \"emv5F2ATranCurrencyCode\": \"<string>\",\n      \"emv9ATranDate\": \"<string>\",\n      \"emv9BTranStatus\": \"<string>\",\n      \"emv9CTransactionType\": \"<string>\",\n      \"emv9F21TranTime\": \"<string>\",\n      \"emv5F2DLanguagePreference\": \"<string>\",\n      \"emv9F53TransactionCategoryCode\": \"<string>\",\n      \"emv9F6EFormFactorIndicator\": \"<string>\",\n      \"emv1\": \"<string>\",\n      \"emv2\": \"<string>\",\n      \"emv3\": \"<string>\",\n      \"emv4\": \"<string>\",\n      \"emv5\": \"<string>\",\n      \"genKey\": \"<string>\",\n      \"encryptionTransmissionBlock\": \"<string>\",\n      \"deviceType\": \"<string>\"\n    }\n  }\n}","options":{"raw":{"language":"json"}}}},"response":[{"id":"cfcc6174-1c42-45a5-b0e7-40c940a28d80","name":"Make POS Payment Response","originalRequest":{"url":{"path":["makePOSPayment"],"host":["{{baseUrl}}"],"query":[],"variable":[]},"header":[{"key":"Accept","value":"application/json"}],"method":"POST","body":{"mode":"raw","raw":"{\n  \"header\": {\n    \"applicationID\": \"identifier\",\n    \"paymentChannel\": \"Web\",\n    \"securityKey\": \"string\",\n    \"sourceIP\": \"<string>\"\n  },\n  \"paymentAmount\": 0,\n  \"paymentInfo\": {\n    \"paymentMedium\": \"eCheck\",\n    \"paymentInfoEFT\": {\n      \"accountType\": \"Unknown\",\n      \"authorizationMedium\": \"Unknown\",\n      \"bankAccountNumber\": \"<string>\",\n      \"bankRoutingNumber\": \"<string>\",\n      \"bankState\": \"<string>\",\n      \"bankName\": \"<string>\",\n      \"driversLicenseNumber\": \"<string>\",\n      \"driversLicenseState\": \"<string>\",\n      \"ssn\": \"<string>\",\n      \"businessName\": \"<string>\",\n      \"federalTaxID\": \"<string>\",\n      \"userIPAddress\": \"<string>\",\n      \"preNoteStatus\": \"Unknown\",\n      \"recurringIndicator\": \"S\",\n      \"addressShipping\": {\n        \"nameFirst\": \"<string>\",\n        \"nameLast\": \"<string>\",\n        \"nameMiddle\": \"<string>\",\n        \"nameFull\": \"<string>\",\n        \"phone1\": \"<string>\",\n        \"phone2\": \"<string>\",\n        \"email\": \"<string>\",\n        \"street1\": \"<string>\",\n        \"street2\": \"<string>\",\n        \"city\": \"<string>\",\n        \"state\": \"<string>\",\n        \"zip\": \"<string>\",\n        \"country\": \"<string>\"\n      },\n      \"addressBilling\": {\n        \"nameFirst\": \"<string>\",\n        \"nameLast\": \"<string>\",\n        \"nameMiddle\": \"<string>\",\n        \"nameFull\": \"<string>\",\n        \"phone1\": \"<string>\",\n        \"phone2\": \"<string>\",\n        \"email\": \"<string>\",\n        \"street1\": \"<string>\",\n        \"street2\": \"<string>\",\n        \"city\": \"<string>\",\n        \"state\": \"<string>\",\n        \"zip\": \"<string>\",\n        \"country\": \"<string>\"\n      }\n    },\n    \"paymentInfoCC\": {\n      \"cardNumber\": \"<string>\",\n      \"expirationDate\": \"<string>\",\n      \"expirationMonth\": \"<string>\",\n      \"expirationYear\": \"<string>\",\n      \"pinData\": \"<string>\",\n      \"pinKeySerialNumber\": \"<string>\",\n      \"purchaseID\": \"<string>\",\n      \"trackData\": \"<string>\",\n      \"cvv2\": \"<string>\",\n      \"userIPAddress\": \"<string>\",\n      \"billingAddress\": {\n        \"nameFirst\": \"<string>\",\n        \"nameLast\": \"<string>\",\n        \"nameMiddle\": \"<string>\",\n        \"nameFull\": \"<string>\",\n        \"phone1\": \"<string>\",\n        \"phone2\": \"<string>\",\n        \"email\": \"<string>\",\n        \"street1\": \"<string>\",\n        \"street2\": \"<string>\",\n        \"city\": \"<string>\",\n        \"state\": \"<string>\",\n        \"zip\": \"<string>\",\n        \"country\": \"<string>\"\n      },\n      \"shippingAddress\": {\n        \"nameFirst\": \"<string>\",\n        \"nameLast\": \"<string>\",\n        \"nameMiddle\": \"<string>\",\n        \"nameFull\": \"<string>\",\n        \"phone1\": \"<string>\",\n        \"phone2\": \"<string>\",\n        \"email\": \"<string>\",\n        \"street1\": \"<string>\",\n        \"street2\": \"<string>\",\n        \"city\": \"<string>\",\n        \"state\": \"<string>\",\n        \"zip\": \"<string>\",\n        \"country\": \"<string>\"\n      },\n      \"cardType\": \"Unknown\",\n      \"cardStatusFlag\": \"Unknown\",\n      \"eCommerceGoodsFlag\": false,\n      \"installment\": false,\n      \"installmentSequence\": \"<integer>\",\n      \"installmentCount\": \"<integer>\"\n    }\n  },\n  \"userID\": \"<string>\",\n  \"interactionID\": \"<string>\",\n  \"groupID\": \"<string>\",\n  \"registrationID\": \"<string>\",\n  \"recurringPaymentID\": \"<string>\",\n  \"transactionBatchID\": \"<string>\",\n  \"reference\": \"<string>\",\n  \"aaaUserID\": \"<string>\",\n  \"paymentFlags\": \"None\",\n  \"paymentDate\": \"<string>\",\n  \"convenienceFee\": \"<decimal>\",\n  \"taxAmount\": \"<decimal>\",\n  \"payeeID\": \"<string>\",\n  \"terminalID\": \"<string>\",\n  \"terminalCity\": \"<string>\",\n  \"terminalState\": \"<string>\",\n  \"merchantTaxID\": \"<string>\",\n  \"alternateMerchantName\": \"<string>\",\n  \"alternateMerchantAddress\": \"<string>\",\n  \"alternateMerchantCity\": \"<string>\",\n  \"alternateMerchantState\": \"<string>\",\n  \"alternateMerchantCounty\": \"<string>\",\n  \"alternateMerchantPostalCode\": \"<string>\",\n  \"alternateMerchantCountry\": \"<string>\",\n  \"posDataCode\": \"<string>\",\n  \"paymentInfoPOS\": {\n    \"paymentInfoPOSEFT\": {\n      \"checkType\": \"<string>\",\n      \"micrType\": \"<string>\",\n      \"micrLineData\": \"<string>\",\n      \"manualCheckNumber\": \"<string>\",\n      \"micrReaderStatus\": \"<string>\",\n      \"track1ID\": \"<string>\",\n      \"track2ID\": \"<string>\",\n      \"manualID\": \"<string>\",\n      \"regECompliant\": \"<string>\",\n      \"micrSequenceNumber\": \"<string>\",\n      \"eCheck1\": \"<string>\",\n      \"eCheck2\": \"<string>\",\n      \"eCheck3\": \"<string>\",\n      \"eCheck4\": \"<string>\",\n      \"eCheck5\": \"<string>\"\n    },\n    \"paymentInfoPOSCC\": {\n      \"accountDataSource\": \"<string>\",\n      \"cardholderIdentificationCode\": \"<string>\",\n      \"emvDF78TerminalSerialNumber\": \"<string>\",\n      \"emvDF79KernelVersionNumber\": \"<string>\",\n      \"emv57CustomerDataField\": \"<string>\",\n      \"emv82ApplicationInterchangeProfile\": \"<string>\",\n      \"emv84DedicatedFileName\": \"<string>\",\n      \"emv91IssuerAuthenticationData\": \"<string>\",\n      \"emv95TerminalVerificationResults\": \"<string>\",\n      \"emv5F24ApplicationExpiryDate\": \"<string>\",\n      \"emv5F34PANSequenceNumber\": \"<string>\",\n      \"emv9F09TerminalApplicationVersion\": \"<string>\",\n      \"emv9F10IssuerApplicationData\": \"<string>\",\n      \"emv9F1ATerminalCountryCode\": \"<string>\",\n      \"emv9F1EPOSTerminalSerialNumber\": \"<string>\",\n      \"emv9F26ApplicationCryptogram\": \"<string>\",\n      \"emv9F27CryptogramInformationData\": \"<string>\",\n      \"emv9F33TerminalCapabilities\": \"<string>\",\n      \"emv9F34CVMResults\": \"<string>\",\n      \"emv9F35TerminalType\": \"<string>\",\n      \"emv9F36ApplicationTransactionCounter\": \"<string>\",\n      \"emv9F37UnpredictableNumber\": \"<string>\",\n      \"emv9F39POSEntryMode\": \"<string>\",\n      \"emv9F40AdditionalTerminalCaps\": \"<string>\",\n      \"emv9F41TransactionSequenceCounter\": \"<string>\",\n      \"emv9F02AuthorizedAmount\": \"<string>\",\n      \"emv9F03OtherAmount\": \"<string>\",\n      \"emv4FAID\": \"<string>\",\n      \"emv9F06AIDTerminal\": \"<string>\",\n      \"emv5F2ATranCurrencyCode\": \"<string>\",\n      \"emv9ATranDate\": \"<string>\",\n      \"emv9BTranStatus\": \"<string>\",\n      \"emv9CTransactionType\": \"<string>\",\n      \"emv9F21TranTime\": \"<string>\",\n      \"emv5F2DLanguagePreference\": \"<string>\",\n      \"emv9F53TransactionCategoryCode\": \"<string>\",\n      \"emv9F6EFormFactorIndicator\": \"<string>\",\n      \"emv1\": \"<string>\",\n      \"emv2\": \"<string>\",\n      \"emv3\": \"<string>\",\n      \"emv4\": \"<string>\",\n      \"emv5\": \"<string>\",\n      \"genKey\": \"<string>\",\n      \"encryptionTransmissionBlock\": \"<string>\",\n      \"deviceType\": \"<string>\"\n    }\n  }\n}","options":{"raw":{"language":"json"}}}},"status":"OK","code":200,"header":[{"key":"Content-Type","value":"application/json"}],"body":"{\n  \"returnCode\": \"Unknown\",\n  \"resultMessage\": \"ullamco cillum ut\",\n  \"timeoutLimit\": -34813760,\n  \"confirmationNumber\": \"incididunt Ut in ex\",\n  \"totalAmount\": -63181650,\n  \"settlementSubmissionDate\": \"qui sint tempor labore laborum\",\n  \"cardType\": \"Unknown\",\n  \"authorizationCode\": \"laborum ullamco aliquip\",\n  \"emvFields\": \"anim in nostrud\"\n}","cookie":[],"_postman_previewlanguage":"json"}],"event":[],"protocolProfileBehavior":{"disableBodyPruning":true}},{"id":"5501c427-8df7-4e4c-b9c4-5b119b7e05bb","name":"Update POS Payment","request":{"name":"Update POS Payment","description":{},"url":{"path":["updatePOSPayment"],"host":["{{baseUrl}}"],"query":[],"variable":[]},"header":[{"key":"Content-Type","value":"application/json"},{"key":"Accept","value":"application/json"}],"method":"POST","auth":null,"body":{"mode":"raw","raw":"{\n  \"confirmationNumber\": \"<string>\",\n  \"header\": {\n    \"applicationID\": \"<string>\",\n    \"paymentChannel\": \"Unknown\",\n    \"securityKey\": \"<string>\",\n    \"sourceIP\": \"<string>\"\n  },\n  \"issuerScriptResult\": \"<string>\",\n  \"userID\": \"<string>\",\n  \"interactionID\": \"<string>\"\n}","options":{"raw":{"language":"json"}}}},"response":[{"id":"4cf2a79e-ad2f-42cf-b8a3-630e29804ad8","name":"Update POS Payment Response","originalRequest":{"url":{"path":["updatePOSPayment"],"host":["{{baseUrl}}"],"query":[],"variable":[]},"header":[{"key":"Accept","value":"application/json"}],"method":"POST","body":{"mode":"raw","raw":"{\n  \"confirmationNumber\": \"<string>\",\n  \"header\": {\n    \"applicationID\": \"identifier\",\n    \"paymentChannel\": \"Web\",\n    \"securityKey\": \"string\",\n    \"sourceIP\": \"<string>\"\n  },\n  \"issuerScriptResult\": \"<string>\",\n  \"userID\": \"<string>\",\n  \"interactionID\": \"<string>\"\n}","options":{"raw":{"language":"json"}}}},"status":"OK","code":200,"header":[{"key":"Content-Type","value":"application/json"}],"body":"{\n  \"returnCode\": \"Unknown\",\n  \"resultMessage\": \"in consectetur veniam id anim\",\n  \"timeoutLimit\": 11730307\n}","cookie":[],"_postman_previewlanguage":"json"}],"event":[],"protocolProfileBehavior":{"disableBodyPruning":true}},{"id":"0b34f988-d4ef-44fd-86d2-57d440dab3f7","name":"Recurring Payment CRD","request":{"name":"Recurring Payment CRD","description":{},"url":{"path":["recurringPaymentCRD"],"host":["{{baseUrl}}"],"query":[],"variable":[]},"header":[{"key":"Content-Type","value":"application/json"},{"key":"Accept","value":"application/json"}],"method":"POST","auth":null,"body":{"mode":"raw","raw":"{\n  \"action\": \"Unknown\",\n  \"header\": {\n    \"applicationID\": \"<string>\",\n    \"paymentChannel\": \"Unknown\",\n    \"securityKey\": \"<string>\",\n    \"sourceIP\": \"<string>\"\n  },\n  \"userID\": \"<string>\",\n  \"interactionID\": \"<string>\",\n  \"recurringPaymentInfo\": {\n    \"beginDate\": \"<string>\",\n    \"createdDate\": \"<string>\",\n    \"endDate\": \"<string>\",\n    \"intervalParam1\": \"<string>\",\n    \"intervalParam2\": \"<string>\",\n    \"intervalParam3\": \"<string>\",\n    \"paymentAmount\": \"<decimal>\",\n    \"recurringIntervalType\": \"Unknown\",\n    \"registrationID\": \"<string>\",\n    \"recurringPaymentID\": \"<string>\",\n    \"nextPayDate\": \"<string>\",\n    \"nextPayDateFlag\": \"<string>\",\n    \"disabledDate\": \"<string>\",\n    \"intervalParam4\": \"<string>\",\n    \"convFeeAmount\": \"<decimal>\",\n    \"reference\": \"<string>\",\n    \"isDisabled\": false,\n    \"scheduleType\": \"<integer>\",\n    \"paymentCount\": \"<integer>\",\n    \"failedCount\": \"<integer>\",\n    \"amountPaid\": \"<decimal>\",\n    \"targetAmount\": \"<decimal>\",\n    \"disabledReason\": \"<string>\"\n  },\n  \"recurringID\": \"<string>\"\n}","options":{"raw":{"language":"json"}}}},"response":[{"id":"28281702-b44f-4a14-a6cb-1edbe5b33ed2","name":"Recurring Payment Schedule Response","originalRequest":{"url":{"path":["recurringPaymentCRD"],"host":["{{baseUrl}}"],"query":[],"variable":[]},"header":[{"key":"Accept","value":"application/json"}],"method":"POST","body":{"mode":"raw","raw":"{\n  \"header\": {\n    \"applicationID\": \"1451\",\n    \"securityKey\": \"hljkhk#@lkj\",\n    \"paymentChannel\": \"Web\",\n    \"sourceIP\": \"\"\n  },\n  \"userID\": \"TestuserID\",\n  \"interactionID\": \"\",\n  \"action\": \"Create\",\n  \"recurringPaymentInfo\": {\n    \"recurringPaymentID\": \"\",\n    \"registrationID\": \"3047418\",\n    \"beginDate\": \"04/01/2023\",\n    \"endDate\": \"04/22/2026\",\n    \"nextPayDate\": \"\",\n    \"nextPayDateFlag\": \"\",\n    \"disabledDate\": \"\",\n    \"createdDate\": \"\",\n    \"recurringIntervalType\": \"Daily\",\n    \"intervalParam1\": \"\",\n    \"intervalParam2\": \"\",\n    \"intervalParam3\": \"\",\n    \"intervalParam4\": \"\",\n    \"paymentAmount\": 50.01,\n    \"convFeeAmount\": 0,\n    \"reference\": \"1234567890123 03/27/2023\",\n    \"isDisabled\": false,\n    \"scheduleType\": 1,\n    \"paymentCount\": 0,\n    \"failedCount\": 0,\n    \"amountPaid\": 0,\n    \"targetAmount\": 0,\n    \"disabledReason\": \"\"\n  },\n  \"recurringID\": \"\"\n}","options":{"raw":{"language":"json"}}}},"status":"OK","code":200,"header":[{"key":"Content-Type","value":"application/json"}],"body":"{\n  \"returnCode\": \"Success\",\n  \"timeoutLimit\": 180,\n  \"recurringID\": \"401550\"\n}","cookie":[],"_postman_previewlanguage":"json"}],"event":[],"protocolProfileBehavior":{"disableBodyPruning":true}},{"id":"e2810732-ceef-4973-8e19-6582c1f053ac","name":"Recurring Payment Inquiry","request":{"name":"Recurring Payment Inquiry","description":{},"url":{"path":["recurringPaymentInquiry"],"host":["{{baseUrl}}"],"query":[],"variable":[]},"header":[{"key":"Content-Type","value":"application/json"},{"key":"Accept","value":"application/json"}],"method":"POST","auth":null,"body":{"mode":"raw","raw":"{\n  \"header\": {\n    \"applicationID\": \"<string>\",\n    \"paymentChannel\": \"Unknown\",\n    \"securityKey\": \"<string>\",\n    \"sourceIP\": \"<string>\"\n  },\n  \"recurringID\": \"<string>\",\n  \"userID\": \"<string>\",\n  \"interactionID\": \"<string>\"\n}","options":{"raw":{"language":"json"}}}},"response":[{"id":"684bc50a-c506-48a0-a273-ba981c08c6a4","name":"Recurring Payment Inquiry Response","originalRequest":{"url":{"path":["recurringPaymentInquiry"],"host":["{{baseUrl}}"],"query":[],"variable":[]},"header":[{"key":"Accept","value":"application/json"}],"method":"POST","body":{"mode":"raw","raw":"{\n  \"header\": {\n    \"applicationID\": \"identifier\",\n    \"paymentChannel\": \"Web\",\n    \"securityKey\": \"string\",\n    \"sourceIP\": \"<string>\"\n  },\n  \"recurringID\": \"<string>\",\n  \"userID\": \"<string>\",\n  \"interactionID\": \"<string>\"\n}","options":{"raw":{"language":"json"}}}},"status":"OK","code":200,"header":[{"key":"Content-Type","value":"application/json"}],"body":"{\n  \"returnCode\": \"Unknown\",\n  \"resultMessage\": \"dolore laboris\",\n  \"timeoutLimit\": 26672135,\n  \"recurringPaymentInfo\": {\n    \"beginDate\": \"11/11/1111\",\n    \"createdDate\": \"11/11/1111\",\n    \"endDate\": \"11/11/1111\",\n    \"intervalParam1\": \"Days\",\n    \"intervalParam2\": \"0000010\",\n    \"intervalParam3\": \"2\",\n    \"paymentAmount\": 0,\n    \"recurringIntervalType\": \"Daily\",\n    \"registrationID\": \"identifier\",\n    \"recurringPaymentID\": \"<string>\",\n    \"nextPayDate\": \"<string>\",\n    \"nextPayDateFlag\": \"<string>\",\n    \"disabledDate\": \"<string>\",\n    \"intervalParam4\": \"<string>\",\n    \"convFeeAmount\": \"<decimal>\",\n    \"reference\": \"<string>\",\n    \"isDisabled\": false,\n    \"scheduleType\": 0,\n    \"paymentCount\": 0,\n    \"failedCount\": 0,\n    \"amountPaid\": \"<decimal>\",\n    \"targetAmount\": \"<decimal>\",\n    \"disabledReason\": \"<string>\"\n  }\n}","cookie":[],"_postman_previewlanguage":"json"}],"event":[],"protocolProfileBehavior":{"disableBodyPruning":true}},{"id":"8ec86dff-bd09-44d2-a492-4abdeb23d88d","name":"Retrieve Schedules","request":{"name":"Retrieve Schedules","description":{},"url":{"path":["retrieveSchedules"],"host":["{{baseUrl}}"],"query":[],"variable":[]},"header":[{"key":"Content-Type","value":"application/json"},{"key":"Accept","value":"application/json"}],"method":"POST","auth":null,"body":{"mode":"raw","raw":"{\n  \"header\": {\n    \"applicationID\": \"<string>\",\n    \"paymentChannel\": \"Unknown\",\n    \"securityKey\": \"<string>\",\n    \"sourceIP\": \"<string>\"\n  },\n  \"keyID\": \"<string>\",\n  \"keyType\": \"Unknown\",\n  \"recurringID\": \"<string>\",\n  \"securityKey\": \"<string>\",\n  \"userID\": \"<string>\",\n  \"interactionID\": \"<string>\",\n  \"registrationID\": \"<string>\",\n  \"registrationLookup\": \"<string>\"\n}","options":{"raw":{"language":"json"}}}},"response":[{"id":"7f8fe78a-58c0-4530-8430-cbce0378896e","name":"Retrieve schedule Response","originalRequest":{"url":{"path":["retrieveSchedules"],"host":["{{baseUrl}}"],"query":[],"variable":[]},"header":[{"key":"Accept","value":"application/json"}],"method":"POST","body":{"mode":"raw","raw":"{\n  \"header\": {\n    \"applicationID\": \"1451\",\n    \"securityKey\": \"hljkhk#@lkj\",\n    \"paymentChannel\": \"Web\",\n    \"sourceIP\": \"\"\n  },\n  \"userID\": \"\",\n  \"interactionID\": \"\",\n  \"keyType\": \"Site\",\n  \"keyID\": \"424\",\n  \"securityKey\": \"Jk2gsolc!\",\n  \"recurringID\": \"194337\",\n  \"registrationID\": \"\",\n  \"registrationLookup\": \"\"\n}","options":{"raw":{"language":"json"}}}},"status":"OK","code":200,"header":[{"key":"Content-Type","value":"application/json"}],"body":"{\n  \"returnCode\": \"Success\",\n  \"timeoutLimit\": 180,\n  \"maxResultsLimit\": 500,\n  \"scheduleCount\": 1,\n  \"resultsExceededLimit\": false,\n  \"schedules\": [\n    {\n      \"appID\": \"451\",\n      \"recurringPaymentID\": \"194337\",\n      \"registrationID\": \"3047418\",\n      \"beginDate\": \"07/10/2022\",\n      \"endDate\": \"08/22/2026\",\n      \"nextPayDate\": \"05/22/2023\",\n      \"createdDate\": \"7/9/2021 8:53:57 AM\",\n      \"recurringIntervalType\": \"Monthly\",\n      \"intervalParam1\": \"Days\",\n      \"intervalParam2\": \"22\",\n      \"paymentAmount\": 50.01,\n      \"convFeeAmount\": 0,\n      \"reference\": \"1111111111111111 06/09/2021\",\n      \"scheduleType\": 1,\n      \"isDisabled\": false\n    }\n  ]\n}","cookie":[],"_postman_previewlanguage":"json"}],"event":[],"protocolProfileBehavior":{"disableBodyPruning":true}},{"id":"b4257502-5c53-4531-80c6-2fd81567adf2","name":"Registration Lookup FS","request":{"name":"Registration Lookup FS","description":{},"url":{"path":["registrationLookupFS"],"host":["{{baseUrl}}"],"query":[],"variable":[]},"header":[{"key":"Content-Type","value":"application/json"},{"key":"Accept","value":"application/json"}],"method":"POST","auth":null,"body":{"mode":"raw","raw":"{\n  \"header\": {\n    \"applicationID\": \"<string>\",\n    \"paymentChannel\": \"Unknown\",\n    \"securityKey\": \"<string>\",\n    \"sourceIP\": \"<string>\"\n  },\n  \"keyID\": \"<string>\",\n  \"keyType\": \"Unknown\",\n  \"registrationID\": \"<string>\",\n  \"registrationLookup\": \"<string>\",\n  \"securityKey\": \"<string>\",\n  \"userID\": \"<string>\",\n  \"interactionID\": \"<string>\"\n}","options":{"raw":{"language":"json"}}}},"response":[{"id":"f7e0787e-50ba-4022-9dbd-ff543025c2d4","name":"Registration Lookup FS Response","originalRequest":{"url":{"path":["registrationLookupFS"],"host":["{{baseUrl}}"],"query":[],"variable":[]},"header":[{"key":"Accept","value":"application/json"}],"method":"POST","body":{"mode":"raw","raw":"{\n  \"header\": {\n    \"applicationID\": \"1451\",\n    \"securityKey\": \"hljkhk#@lkj\",\n    \"paymentChannel\": \"Web\",\n    \"sourceIP\": \"\"\n  },\n  \"userID\": \"TestuserID\",\n  \"interactionID\": \"\",\n  \"keyType\": \"Site\",\n  \"keyID\": \"424\",\n  \"securityKey\": \"Jk2gsolc\",\n  \"registrationID\": \"3047418\",\n  \"registrationLookup\": \"\"\n}","options":{"raw":{"language":"json"}}}},"status":"OK","code":200,"header":[{"key":"Content-Type","value":"application/json"}],"body":"{\n  \"returnCode\": \"Success\",\n  \"resultMessage\": \"\",\n  \"timeoutLimit\": 180,\n  \"maxResultsLimit\": 500,\n  \"registrationCount\": 1,\n  \"resultsExceededLimit\": false,\n  \"registrations\": [\n    {\n      \"registrationID\": \"3047418\",\n      \"registrationFlags\": \"\",\n      \"createdDate\": \"7/8/2021 4:30:21 PM\",\n      \"lastActive\": \"2/28/2023 6:01:44 AM\",\n      \"paymentMedium\": \"eCheck\",\n      \"nameFirst\": \"\",\n      \"nameLast\": \"\",\n      \"nameFull\": \"John Doe\",\n      \"accountType\": \"Checking\",\n      \"bankAccount\": \"2345\",\n      \"bankRouting\": \"304083396\",\n      \"cardNumber\": \"\",\n      \"expDate\": \"\",\n      \"cardType\": \"\"\n    }\n  ]\n}","cookie":[],"_postman_previewlanguage":"json"}],"event":[],"protocolProfileBehavior":{"disableBodyPruning":true}},{"id":"2cd64e49-6efd-4c17-9a76-4e669b578e82","name":"Payment Status","request":{"name":"Payment Status","description":{},"url":{"path":["paymentStatus"],"host":["{{baseUrl}}"],"query":[],"variable":[]},"header":[{"key":"Content-Type","value":"application/json"},{"key":"Accept","value":"application/json"}],"method":"POST","auth":null,"body":{"mode":"raw","raw":"{\n  \"header\": {\n    \"applicationID\": \"<string>\",\n    \"paymentChannel\": \"Unknown\",\n    \"securityKey\": \"<string>\",\n    \"sourceIP\": \"<string>\"\n  },\n  \"userID\": \"<string>\",\n  \"interactionID\": \"<string>\",\n  \"confirmationNumber\": \"<string>\",\n  \"reference\": \"<string>\"\n}","options":{"raw":{"language":"json"}}}},"response":[{"id":"0a720446-2e35-44d5-8c7c-575959eb3fa7","name":"Retrieve the payment status Response","originalRequest":{"url":{"path":["paymentStatus"],"host":["{{baseUrl}}"],"query":[],"variable":[]},"header":[{"key":"Accept","value":"application/json"}],"method":"POST","body":{"mode":"raw","raw":"{\n  \"header\": {\n    \"applicationID\": \"identifier\",\n    \"paymentChannel\": \"Web\",\n    \"securityKey\": \"string\",\n    \"sourceIP\": \"<string>\"\n  },\n  \"userID\": \"<string>\",\n  \"interactionID\": \"<string>\",\n  \"confirmationNumber\": \"<string>\",\n  \"reference\": \"<string>\"\n}","options":{"raw":{"language":"json"}}}},"status":"OK","code":200,"header":[{"key":"Content-Type","value":"application/json"}],"body":"{\n  \"returnCode\": \"Unknown\",\n  \"resultMessage\": \"exercitation esse laborum dolore ut\",\n  \"timeoutLimit\": -88236877,\n  \"paymentStatus\": \"Network_Error\",\n  \"confirmationNumber\": \"Excepteur\",\n  \"netAmount\": -92515025,\n  \"grossAmount\": 36543585,\n  \"paymentTimestamp\": \"consectetur\",\n  \"paymentPostDate\": \"id incididunt eiusmod aute reprehenderit\",\n  \"authorizationCode\": \"culpa laboris esse\",\n  \"customReference\": \"q\"\n}","cookie":[],"_postman_previewlanguage":"json"}],"event":[],"protocolProfileBehavior":{"disableBodyPruning":true}},{"id":"dfdf972a-d989-45f5-9ff4-c861a1b815ce","name":"Retrieve Payments","request":{"name":"Retrieve Payments","description":{},"url":{"path":["retrievePayments"],"host":["{{baseUrl}}"],"query":[],"variable":[]},"header":[{"key":"Content-Type","value":"application/json"},{"key":"Accept","value":"application/json"}],"method":"POST","auth":null,"body":{"mode":"raw","raw":"{\n  \"dateRangeIsPostDate\": false,\n  \"endDate\": \"<string>\",\n  \"header\": {\n    \"applicationID\": \"<string>\",\n    \"paymentChannel\": \"Unknown\",\n    \"securityKey\": \"<string>\",\n    \"sourceIP\": \"<string>\"\n  },\n  \"keyID\": \"<string>\",\n  \"keyType\": \"Unknown\",\n  \"securityKey\": \"<string>\",\n  \"startDate\": \"<string>\",\n  \"userID\": \"<string>\",\n  \"interactionID\": \"<string>\",\n  \"accountNumber\": \"<string>\",\n  \"confirmationNumber\": \"<string>\",\n  \"name\": \"<string>\",\n  \"payeeID\": \"<string>\",\n  \"customReference\": \"<string>\",\n  \"registrationID\": \"<string>\",\n  \"recurringPaymentID\": \"<string>\",\n  \"transactionID\": \"<string>\",\n  \"paymentID\": \"<string>\",\n  \"resultCodes\": [\n    {\n      \"ePayResultCode\": \"Unknown\"\n    },\n    {\n      \"ePayResultCode\": \"Unknown\"\n    }\n  ],\n  \"paymentUserID\": \"<string>\",\n  \"exceptionStatus\": \"Unknown\",\n  \"exceptionUserID\": \"<string>\",\n  \"registrationLookup\": \"<string>\"\n}","options":{"raw":{"language":"json"}}}},"response":[{"id":"d823f640-0b7b-4eac-b361-8a372b978dfe","name":"Retrieve Payments Response","originalRequest":{"url":{"path":["retrievePayments"],"host":["{{baseUrl}}"],"query":[],"variable":[]},"header":[{"key":"Accept","value":"application/json"}],"method":"POST","body":{"mode":"raw","raw":"{\n  \"header\": {\n    \"applicationID\": \"1451\",\n    \"securityKey\": \"hljkhk#@lkj\",\n    \"paymentChannel\": \"Web\",\n    \"sourceIP\": \"\"\n  },\n  \"userID\": \"TestuserID\",\n  \"interactionID\": \"\",\n  \"keyType\": \"Site\",\n  \"keyID\": \"424\",\n  \"securityKey\": \"Jk2gsolc\",\n  \"startDate\": \"02/09/2023\",\n  \"endDate\": \"04/13/2023\",\n  \"dateRangeIsPostDate\": true,\n  \"payeeID\": \"accountnumber123\",\n  \"exceptionStatus\": \"Unknown\",\n  \"resultCodes\": [\n    {\n      \"ePayResultCode\": \"Payment_Pending\"\n    },\n    {\n      \"ePayResultCode\": \"Payment_Success\"\n    },\n    {\n      \"ePayResultCode\": \"Settlement_Pending\"\n    }\n  ]\n}","options":{"raw":{"language":"json"}}}},"status":"OK","code":200,"header":[{"key":"Content-Type","value":"application/json"}],"body":"{\n  \"returnCode\": \"Success\",\n  \"timeoutLimit\": 180,\n  \"payments\": [\n    {\n      \"transactionID\": \"15692918\",\n      \"paymentID\": \"17026209\",\n      \"appID\": \"451\",\n      \"transactionResultCode\": \"Payment_Pending\",\n      \"paymentResultCode\": \"Payment_Pending\",\n      \"paymentTimestamp\": \"03/27/2023 11:11:08 AM\",\n      \"paymentAmount\": 2,\n      \"originalTransactionAmount\": 2,\n      \"netTransactionAmount\": 0,\n      \"customReference\": \"accountnumber\",\n      \"payeeID\": \"r123\",\n      \"registrationID\": \"4235931\",\n      \"fullName\": \"John Doe\",\n      \"firstName\": \"John\",\n      \"lastName\": \"Doe\",\n      \"accountNumber\": \"2345\",\n      \"paymentMedium\": \"eCheck\",\n      \"eftAccountType\": \"Checking\",\n      \"cardType\": \"Unknown\",\n      \"paymentChannel\": \"Web\",\n      \"lastPaymentStatus\": \"Sale_Prep\",\n      \"userID\": \"clientUserID\",\n      \"paymentPostDate\": \"04/10/2023\",\n      \"confirmationNumber\": \"23032719056826\",\n      \"routingNumber\": \"304083396\"\n    }\n  ],\n  \"paymentCount\": 1,\n  \"resultsExceededLimit\": false,\n  \"maxResultsLimit\": 500\n}","cookie":[],"_postman_previewlanguage":"json"}],"event":[],"protocolProfileBehavior":{"disableBodyPruning":true}},{"id":"4a11358e-84d7-4b9e-9062-26109adcc8fb","name":"Retrieve PaymentsEx","request":{"name":"Retrieve PaymentsEx","description":{},"url":{"path":["retrievePaymentsEx"],"host":["{{baseUrl}}"],"query":[],"variable":[]},"header":[{"key":"Content-Type","value":"application/json"},{"key":"Accept","value":"application/json"}],"method":"POST","auth":null,"body":{"mode":"raw","raw":"{\n  \"dateRangeIsPostDate\": false,\n  \"endDate\": \"<string>\",\n  \"header\": {\n    \"applicationID\": \"<string>\",\n    \"paymentChannel\": \"Unknown\",\n    \"securityKey\": \"<string>\",\n    \"sourceIP\": \"<string>\"\n  },\n  \"keyID\": \"<string>\",\n  \"keyType\": \"Unknown\",\n  \"securityKey\": \"<string>\",\n  \"startDate\": \"<string>\",\n  \"userID\": \"<string>\",\n  \"interactionID\": \"<string>\",\n  \"accountNumber\": \"<string>\",\n  \"confirmationNumber\": \"<string>\",\n  \"name\": \"<string>\",\n  \"payeeID\": \"<string>\",\n  \"customReference\": \"<string>\",\n  \"registrationID\": \"<string>\",\n  \"recurringPaymentID\": \"<string>\",\n  \"transactionID\": \"<string>\",\n  \"paymentID\": \"<string>\",\n  \"resultCodes\": [\n    {\n      \"ePayResultCode\": \"Unknown\"\n    },\n    {\n      \"ePayResultCode\": \"Unknown\"\n    }\n  ],\n  \"paymentUserID\": \"<string>\",\n  \"exceptionStatus\": \"Unknown\",\n  \"exceptionUserID\": \"<string>\",\n  \"registrationLookup\": \"<string>\"\n}","options":{"raw":{"language":"json"}}}},"response":[{"id":"6971ff6f-abc1-4661-9044-3852e530f54e","name":"Retrieve PaymentsEx Response","originalRequest":{"url":{"path":["retrievePaymentsEx"],"host":["{{baseUrl}}"],"query":[],"variable":[]},"header":[{"key":"Accept","value":"application/json"}],"method":"POST","body":{"mode":"raw","raw":"{\n  \"header\": {\n    \"applicationID\": \"1451\",\n    \"securityKey\": \"hljkhk#@lkj\",\n    \"paymentChannel\": \"Web\",\n    \"sourceIP\": \"\"\n  },\n  \"userID\": \"TestuserID\",\n  \"interactionID\": \"\",\n  \"keyType\": \"Site\",\n  \"keyID\": \"424\",\n  \"securityKey\": \"Jk2gsolc\",\n  \"startDate\": \"02/09/2023\",\n  \"endDate\": \"04/13/2023\",\n  \"dateRangeIsPostDate\": true,\n  \"payeeID\": \"accountnumber123\",\n  \"exceptionStatus\": \"Unknown\",\n  \"resultCodes\": [\n    {\n      \"ePayResultCode\": \"Payment_Pending\"\n    },\n    {\n      \"ePayResultCode\": \"Payment_Success\"\n    },\n    {\n      \"ePayResultCode\": \"Settlement_Pending\"\n    }\n  ]\n}","options":{"raw":{"language":"json"}}}},"status":"OK","code":200,"header":[{"key":"Content-Type","value":"application/json"}],"body":"{\n  \"returnCode\": \"Success\",\n  \"timeoutLimit\": 180,\n  \"payments\": [\n    {\n      \"transactionID\": \"15692918\",\n      \"paymentID\": \"17026209\",\n      \"appID\": \"451\",\n      \"transactionResultCode\": \"Payment_Pending\",\n      \"paymentResultCode\": \"Payment_Pending\",\n      \"paymentTimestamp\": \"03/27/2023 11:11:08 AM\",\n      \"paymentAmount\": 2,\n      \"originalTransactionAmount\": 2,\n      \"netTransactionAmount\": 0,\n      \"customReference\": \"accountnumber\",\n      \"payeeID\": \"r123\",\n      \"registrationID\": \"4235931\",\n      \"fullName\": \"John Doe\",\n      \"firstName\": \"John\",\n      \"lastName\": \"Doe\",\n      \"accountNumber\": \"2345\",\n      \"paymentMedium\": \"eCheck\",\n      \"eftAccountType\": \"Checking\",\n      \"cardType\": \"Unknown\",\n      \"paymentChannel\": \"Web\",\n      \"lastPaymentStatus\": \"Sale_Prep\",\n      \"userID\": \"clientUserID\",\n      \"paymentPostDate\": \"04/10/2023\",\n      \"confirmationNumber\": \"23032719056826\",\n      \"routingNumber\": \"304083396\",\n      \"paymentCommand\": \"SALE\",\n      \"paymentCode\": \"Primary\"\n    }\n  ],\n  \"paymentCount\": 1,\n  \"resultsExceededLimit\": false,\n  \"maxResultsLimit\": 500\n}","cookie":[],"_postman_previewlanguage":"json"}],"event":[],"protocolProfileBehavior":{"disableBodyPruning":true}},{"id":"646d29bf-2388-40f2-93d0-4d42607dd066","name":"Retrieve PaymentsFS","request":{"name":"Retrieve PaymentsFS","description":{},"url":{"path":["retrievePaymentsFS"],"host":["{{baseUrl}}"],"query":[],"variable":[]},"header":[{"key":"Content-Type","value":"application/json"},{"key":"Accept","value":"application/json"}],"method":"POST","auth":null,"body":{"mode":"raw","raw":"{\n  \"dateRangeIsPostDate\": false,\n  \"endDate\": \"<string>\",\n  \"header\": {\n    \"applicationID\": \"<string>\",\n    \"paymentChannel\": \"Unknown\",\n    \"securityKey\": \"<string>\",\n    \"sourceIP\": \"<string>\"\n  },\n  \"keyID\": \"<string>\",\n  \"keyType\": \"Unknown\",\n  \"securityKey\": \"<string>\",\n  \"startDate\": \"<string>\",\n  \"userID\": \"<string>\",\n  \"interactionID\": \"<string>\",\n  \"registrationID\": \"<string>\",\n  \"registrationLookup\": \"<string>\"\n}","options":{"raw":{"language":"json"}}}},"response":[{"id":"21c1f67c-fc58-4613-9c1d-c11f099b3b3a","name":"Retrieve PaymentsFS Response","originalRequest":{"url":{"path":["retrievePaymentsFS"],"host":["{{baseUrl}}"],"query":[],"variable":[]},"header":[{"key":"Accept","value":"application/json"}],"method":"POST","body":{"mode":"raw","raw":"{\n  \"header\": {\n    \"applicationID\": \"1451\",\n    \"securityKey\": \"hljkhk#@lkj\",\n    \"paymentChannel\": \"Web\",\n    \"sourceIP\": \"\"\n  },\n  \"userID\": \"TestuserID\",\n  \"interactionID\": \"\",\n  \"keyType\": \"Site\",\n  \"keyID\": \"424\",\n  \"securityKey\": \"Jk2gsolc\",\n  \"startDate\": \"02/09/2023\",\n  \"endDate\": \"04/13/2023\",\n  \"dateRangeIsPostDate\": true,\n  \"payeeID\": \"accountnumber123\",\n  \"registrationID\": \"4235931\"\n}","options":{"raw":{"language":"json"}}}},"status":"OK","code":200,"header":[{"key":"Content-Type","value":"application/json"}],"body":"{\n  \"returnCode\": \"Success\",\n  \"timeoutLimit\": 180,\n  \"payments\": [\n    {\n      \"transactionID\": \"15692918\",\n      \"paymentID\": \"17026209\",\n      \"appID\": \"451\",\n      \"confirmationNumber\": \"23032719056826\",\n      \"transactionResultCode\": \"Settlement_Pending\",\n      \"paymentTimestamp\": \"03/27/2023 11:11:08 AM\",\n      \"paymentPostDate\": \"04/10/2023\",\n      \"paymentAmount\": 2,\n      \"originalTransactionAmount\": 2,\n      \"netTransactionAmount\": 2,\n      \"customReference\": \"accountnumber\",\n      \"payeeID\": \"r123\",\n      \"registrationID\": \"4235931\",\n      \"fullName\": \"TestnameFull\",\n      \"firstName\": \"TestnameFirstUpdate\",\n      \"lastName\": \"TestnameLastUpdate\",\n      \"accountNumber\": \"2345\",\n      \"routingNumber\": \"304083396\",\n      \"paymentMedium\": \"eCheck\",\n      \"eftAccountType\": \"Checking\",\n      \"cardType\": \"Unknown\",\n      \"paymentChannel\": \"Web\",\n      \"userID\": \"arno\",\n      \"paymentCommand\": \"SALE\",\n      \"paymentCode\": \"Primary\"\n    }\n  ],\n  \"paymentCount\": 1,\n  \"resultsExceededLimit\": false,\n  \"maxResultsLimit\": 500\n}","cookie":[],"_postman_previewlanguage":"json"}],"event":[],"protocolProfileBehavior":{"disableBodyPruning":true}},{"id":"83cc8b21-20e9-4518-b769-e8a2e9d6e4b6","name":"Registration Inquiry","request":{"name":"Registration Inquiry","description":{},"url":{"path":["registrationInquiry"],"host":["{{baseUrl}}"],"query":[],"variable":[]},"header":[{"key":"Content-Type","value":"application/json"},{"key":"Accept","value":"application/json"}],"method":"POST","auth":null,"body":{"mode":"raw","raw":"{\n  \"header\": {\n    \"applicationID\": \"<string>\",\n    \"paymentChannel\": \"Unknown\",\n    \"securityKey\": \"<string>\",\n    \"sourceIP\": \"<string>\"\n  },\n  \"registrationID\": \"<string>\",\n  \"userID\": \"<string>\",\n  \"interactionID\": \"<string>\"\n}","options":{"raw":{"language":"json"}}}},"response":[{"id":"89a52f3b-cb94-4a35-9d7d-39a89ef86b70","name":"Registration Inquiry Response","originalRequest":{"url":{"path":["registrationInquiry"],"host":["{{baseUrl}}"],"query":[],"variable":[]},"header":[{"key":"Accept","value":"application/json"}],"method":"POST","body":{"mode":"raw","raw":"{\n  \"header\": {\n    \"applicationID\": \"identifier\",\n    \"paymentChannel\": \"Web\",\n    \"securityKey\": \"string\",\n    \"sourceIP\": \"<string>\"\n  },\n  \"registrationID\": \"identifier\",\n  \"userID\": \"<string>\",\n  \"interactionID\": \"<string>\"\n}","options":{"raw":{"language":"json"}}}},"status":"OK","code":200,"header":[{"key":"Content-Type","value":"application/json"}],"body":"{\n  \"returnCode\": \"Success\",\n  \"resultMessage\": \"sint qui occaecat\",\n  \"timeoutLimit\": 68185674,\n  \"paymentInfo\": {\n    \"paymentMedium\": \"eCheck\",\n    \"paymentInfoEFT\": {\n      \"accountType\": \"Unknown\",\n      \"authorizationMedium\": \"Unknown\",\n      \"bankAccountNumber\": \"<string>\",\n      \"bankRoutingNumber\": \"<string>\",\n      \"bankState\": \"<string>\",\n      \"bankName\": \"<string>\",\n      \"driversLicenseNumber\": \"<string>\",\n      \"driversLicenseState\": \"<string>\",\n      \"ssn\": \"<string>\",\n      \"businessName\": \"<string>\",\n      \"federalTaxID\": \"<string>\",\n      \"userIPAddress\": \"<string>\",\n      \"preNoteStatus\": \"Unknown\",\n      \"recurringIndicator\": \"S\",\n      \"addressShipping\": {\n        \"nameFirst\": \"<string>\",\n        \"nameLast\": \"<string>\",\n        \"nameMiddle\": \"<string>\",\n        \"nameFull\": \"<string>\",\n        \"phone1\": \"<string>\",\n        \"phone2\": \"<string>\",\n        \"email\": \"<string>\",\n        \"street1\": \"<string>\",\n        \"street2\": \"<string>\",\n        \"city\": \"<string>\",\n        \"state\": \"<string>\",\n        \"zip\": \"<string>\",\n        \"country\": \"<string>\"\n      },\n      \"addressBilling\": {\n        \"nameFirst\": \"<string>\",\n        \"nameLast\": \"<string>\",\n        \"nameMiddle\": \"<string>\",\n        \"nameFull\": \"<string>\",\n        \"phone1\": \"<string>\",\n        \"phone2\": \"<string>\",\n        \"email\": \"<string>\",\n        \"street1\": \"<string>\",\n        \"street2\": \"<string>\",\n        \"city\": \"<string>\",\n        \"state\": \"<string>\",\n        \"zip\": \"<string>\",\n        \"country\": \"<string>\"\n      }\n    },\n    \"paymentInfoCC\": {\n      \"cardNumber\": \"<string>\",\n      \"expirationDate\": \"<string>\",\n      \"expirationMonth\": \"<string>\",\n      \"expirationYear\": \"<string>\",\n      \"pinData\": \"<string>\",\n      \"pinKeySerialNumber\": \"<string>\",\n      \"purchaseID\": \"<string>\",\n      \"trackData\": \"<string>\",\n      \"cvv2\": \"<string>\",\n      \"userIPAddress\": \"<string>\",\n      \"billingAddress\": {\n        \"nameFirst\": \"<string>\",\n        \"nameLast\": \"<string>\",\n        \"nameMiddle\": \"<string>\",\n        \"nameFull\": \"<string>\",\n        \"phone1\": \"<string>\",\n        \"phone2\": \"<string>\",\n        \"email\": \"<string>\",\n        \"street1\": \"<string>\",\n        \"street2\": \"<string>\",\n        \"city\": \"<string>\",\n        \"state\": \"<string>\",\n        \"zip\": \"<string>\",\n        \"country\": \"<string>\"\n      },\n      \"shippingAddress\": {\n        \"nameFirst\": \"<string>\",\n        \"nameLast\": \"<string>\",\n        \"nameMiddle\": \"<string>\",\n        \"nameFull\": \"<string>\",\n        \"phone1\": \"<string>\",\n        \"phone2\": \"<string>\",\n        \"email\": \"<string>\",\n        \"street1\": \"<string>\",\n        \"street2\": \"<string>\",\n        \"city\": \"<string>\",\n        \"state\": \"<string>\",\n        \"zip\": \"<string>\",\n        \"country\": \"<string>\"\n      },\n      \"cardType\": \"Unknown\",\n      \"cardStatusFlag\": \"Unknown\",\n      \"eCommerceGoodsFlag\": false,\n      \"installment\": false,\n      \"installmentSequence\": \"<integer>\",\n      \"installmentCount\": \"<integer>\"\n    }\n  }\n}","cookie":[],"_postman_previewlanguage":"json"}],"event":[],"protocolProfileBehavior":{"disableBodyPruning":true}},{"id":"8f7df3c6-eea9-41e2-b322-c1304c29c297","name":"Registration Lookup.","request":{"name":"Registration Lookup.","description":{},"url":{"path":["registrationLookup"],"host":["{{baseUrl}}"],"query":[],"variable":[]},"header":[{"key":"Content-Type","value":"application/json"},{"key":"Accept","value":"application/json"}],"method":"POST","auth":null,"body":{"mode":"raw","raw":"{\n  \"header\": {\n    \"applicationID\": \"<string>\",\n    \"paymentChannel\": \"Unknown\",\n    \"securityKey\": \"<string>\",\n    \"sourceIP\": \"<string>\"\n  },\n  \"lookupReference\": \"<string>\",\n  \"userID\": \"<string>\",\n  \"interactionID\": \"<string>\"\n}","options":{"raw":{"language":"json"}}}},"response":[{"id":"de3d7b85-40d6-43b0-adf2-73d6f74f393e","name":"Registration Lookup Response","originalRequest":{"url":{"path":["registrationLookup"],"host":["{{baseUrl}}"],"query":[],"variable":[]},"header":[{"key":"Accept","value":"application/json"}],"method":"POST","body":{"mode":"raw","raw":"{\n  \"header\": {\n    \"applicationID\": \"identifier\",\n    \"paymentChannel\": \"Web\",\n    \"securityKey\": \"string\",\n    \"sourceIP\": \"<string>\"\n  },\n  \"lookupReference\": \"identifier\",\n  \"userID\": \"<string>\",\n  \"interactionID\": \"<string>\"\n}","options":{"raw":{"language":"json"}}}},"status":"OK","code":200,"header":[{"key":"Content-Type","value":"application/json"}],"body":"{\n  \"returnCode\": \"Unknown\",\n  \"resultMessage\": \"laborum Duis quis velit enim\",\n  \"timeoutLimit\": 0,\n  \"registrations\": [\n    {\n      \"paymentInfo\": {\n        \"paymentMedium\": \"eCheck\",\n        \"paymentInfoEFT\": {\n          \"accountType\": \"Unknown\",\n          \"authorizationMedium\": \"Unknown\",\n          \"bankAccountNumber\": \"<string>\",\n          \"bankRoutingNumber\": \"<string>\",\n          \"bankState\": \"<string>\",\n          \"bankName\": \"<string>\",\n          \"driversLicenseNumber\": \"<string>\",\n          \"driversLicenseState\": \"<string>\",\n          \"ssn\": \"<string>\",\n          \"businessName\": \"<string>\",\n          \"federalTaxID\": \"<string>\",\n          \"userIPAddress\": \"<string>\",\n          \"preNoteStatus\": \"Unknown\",\n          \"recurringIndicator\": \"S\",\n          \"addressShipping\": {\n            \"nameFirst\": {\n              \"value\": \"<Error: Too many levels of nesting to fake this schema>\"\n            },\n            \"nameLast\": {\n              \"value\": \"<Error: Too many levels of nesting to fake this schema>\"\n            },\n            \"nameMiddle\": {\n              \"value\": \"<Error: Too many levels of nesting to fake this schema>\"\n            },\n            \"nameFull\": {\n              \"value\": \"<Error: Too many levels of nesting to fake this schema>\"\n            },\n            \"phone1\": {\n              \"value\": \"<Error: Too many levels of nesting to fake this schema>\"\n            },\n            \"phone2\": {\n              \"value\": \"<Error: Too many levels of nesting to fake this schema>\"\n            },\n            \"email\": {\n              \"value\": \"<Error: Too many levels of nesting to fake this schema>\"\n            },\n            \"street1\": {\n              \"value\": \"<Error: Too many levels of nesting to fake this schema>\"\n            },\n            \"street2\": {\n              \"value\": \"<Error: Too many levels of nesting to fake this schema>\"\n            },\n            \"city\": {\n              \"value\": \"<Error: Too many levels of nesting to fake this schema>\"\n            },\n            \"state\": {\n              \"value\": \"<Error: Too many levels of nesting to fake this schema>\"\n            },\n            \"zip\": {\n              \"value\": \"<Error: Too many levels of nesting to fake this schema>\"\n            },\n            \"country\": {\n              \"value\": \"<Error: Too many levels of nesting to fake this schema>\"\n            }\n          },\n          \"addressBilling\": {\n            \"nameFirst\": {\n              \"value\": \"<Error: Too many levels of nesting to fake this schema>\"\n            },\n            \"nameLast\": {\n              \"value\": \"<Error: Too many levels of nesting to fake this schema>\"\n            },\n            \"nameMiddle\": {\n              \"value\": \"<Error: Too many levels of nesting to fake this schema>\"\n            },\n            \"nameFull\": {\n              \"value\": \"<Error: Too many levels of nesting to fake this schema>\"\n            },\n            \"phone1\": {\n              \"value\": \"<Error: Too many levels of nesting to fake this schema>\"\n            },\n            \"phone2\": {\n              \"value\": \"<Error: Too many levels of nesting to fake this schema>\"\n            },\n            \"email\": {\n              \"value\": \"<Error: Too many levels of nesting to fake this schema>\"\n            },\n            \"street1\": {\n              \"value\": \"<Error: Too many levels of nesting to fake this schema>\"\n            },\n            \"street2\": {\n              \"value\": \"<Error: Too many levels of nesting to fake this schema>\"\n            },\n            \"city\": {\n              \"value\": \"<Error: Too many levels of nesting to fake this schema>\"\n            },\n            \"state\": {\n              \"value\": \"<Error: Too many levels of nesting to fake this schema>\"\n            },\n            \"zip\": {\n              \"value\": \"<Error: Too many levels of nesting to fake this schema>\"\n            },\n            \"country\": {\n              \"value\": \"<Error: Too many levels of nesting to fake this schema>\"\n            }\n          }\n        },\n        \"paymentInfoCC\": {\n          \"cardNumber\": \"<string>\",\n          \"expirationDate\": \"<string>\",\n          \"expirationMonth\": \"<string>\",\n          \"expirationYear\": \"<string>\",\n          \"pinData\": \"<string>\",\n          \"pinKeySerialNumber\": \"<string>\",\n          \"purchaseID\": \"<string>\",\n          \"trackData\": \"<string>\",\n          \"cvv2\": \"<string>\",\n          \"userIPAddress\": \"<string>\",\n          \"billingAddress\": {\n            \"nameFirst\": {\n              \"value\": \"<Error: Too many levels of nesting to fake this schema>\"\n            },\n            \"nameLast\": {\n              \"value\": \"<Error: Too many levels of nesting to fake this schema>\"\n            },\n            \"nameMiddle\": {\n              \"value\": \"<Error: Too many levels of nesting to fake this schema>\"\n            },\n            \"nameFull\": {\n              \"value\": \"<Error: Too many levels of nesting to fake this schema>\"\n            },\n            \"phone1\": {\n              \"value\": \"<Error: Too many levels of nesting to fake this schema>\"\n            },\n            \"phone2\": {\n              \"value\": \"<Error: Too many levels of nesting to fake this schema>\"\n            },\n            \"email\": {\n              \"value\": \"<Error: Too many levels of nesting to fake this schema>\"\n            },\n            \"street1\": {\n              \"value\": \"<Error: Too many levels of nesting to fake this schema>\"\n            },\n            \"street2\": {\n              \"value\": \"<Error: Too many levels of nesting to fake this schema>\"\n            },\n            \"city\": {\n              \"value\": \"<Error: Too many levels of nesting to fake this schema>\"\n            },\n            \"state\": {\n              \"value\": \"<Error: Too many levels of nesting to fake this schema>\"\n            },\n            \"zip\": {\n              \"value\": \"<Error: Too many levels of nesting to fake this schema>\"\n            },\n            \"country\": {\n              \"value\": \"<Error: Too many levels of nesting to fake this schema>\"\n            }\n          },\n          \"shippingAddress\": {\n            \"nameFirst\": {\n              \"value\": \"<Error: Too many levels of nesting to fake this schema>\"\n            },\n            \"nameLast\": {\n              \"value\": \"<Error: Too many levels of nesting to fake this schema>\"\n            },\n            \"nameMiddle\": {\n              \"value\": \"<Error: Too many levels of nesting to fake this schema>\"\n            },\n            \"nameFull\": {\n              \"value\": \"<Error: Too many levels of nesting to fake this schema>\"\n            },\n            \"phone1\": {\n              \"value\": \"<Error: Too many levels of nesting to fake this schema>\"\n            },\n            \"phone2\": {\n              \"value\": \"<Error: Too many levels of nesting to fake this schema>\"\n            },\n            \"email\": {\n              \"value\": \"<Error: Too many levels of nesting to fake this schema>\"\n            },\n            \"street1\": {\n              \"value\": \"<Error: Too many levels of nesting to fake this schema>\"\n            },\n            \"street2\": {\n              \"value\": \"<Error: Too many levels of nesting to fake this schema>\"\n            },\n            \"city\": {\n              \"value\": \"<Error: Too many levels of nesting to fake this schema>\"\n            },\n            \"state\": {\n              \"value\": \"<Error: Too many levels of nesting to fake this schema>\"\n            },\n            \"zip\": {\n              \"value\": \"<Error: Too many levels of nesting to fake this schema>\"\n            },\n            \"country\": {\n              \"value\": \"<Error: Too many levels of nesting to fake this schema>\"\n            }\n          },\n          \"cardType\": \"Unknown\",\n          \"cardStatusFlag\": \"Unknown\",\n          \"eCommerceGoodsFlag\": false,\n          \"installment\": false,\n          \"installmentSequence\": \"<integer>\",\n          \"installmentCount\": \"<integer>\"\n        }\n      },\n      \"registrationID\": \"magna non amet\",\n      \"lastUsed\": \"in\",\n      \"createdDate\": \"est cillum laborum\",\n      \"registrationFlags\": \"None\"\n    },\n    {\n      \"paymentInfo\": {\n        \"paymentMedium\": \"eCheck\",\n        \"paymentInfoEFT\": {\n          \"accountType\": \"Unknown\",\n          \"authorizationMedium\": \"Unknown\",\n          \"bankAccountNumber\": \"<string>\",\n          \"bankRoutingNumber\": \"<string>\",\n          \"bankState\": \"<string>\",\n          \"bankName\": \"<string>\",\n          \"driversLicenseNumber\": \"<string>\",\n          \"driversLicenseState\": \"<string>\",\n          \"ssn\": \"<string>\",\n          \"businessName\": \"<string>\",\n          \"federalTaxID\": \"<string>\",\n          \"userIPAddress\": \"<string>\",\n          \"preNoteStatus\": \"Unknown\",\n          \"recurringIndicator\": \"S\",\n          \"addressShipping\": {\n            \"nameFirst\": {\n              \"value\": \"<Error: Too many levels of nesting to fake this schema>\"\n            },\n            \"nameLast\": {\n              \"value\": \"<Error: Too many levels of nesting to fake this schema>\"\n            },\n            \"nameMiddle\": {\n              \"value\": \"<Error: Too many levels of nesting to fake this schema>\"\n            },\n            \"nameFull\": {\n              \"value\": \"<Error: Too many levels of nesting to fake this schema>\"\n            },\n            \"phone1\": {\n              \"value\": \"<Error: Too many levels of nesting to fake this schema>\"\n            },\n            \"phone2\": {\n              \"value\": \"<Error: Too many levels of nesting to fake this schema>\"\n            },\n            \"email\": {\n              \"value\": \"<Error: Too many levels of nesting to fake this schema>\"\n            },\n            \"street1\": {\n              \"value\": \"<Error: Too many levels of nesting to fake this schema>\"\n            },\n            \"street2\": {\n              \"value\": \"<Error: Too many levels of nesting to fake this schema>\"\n            },\n            \"city\": {\n              \"value\": \"<Error: Too many levels of nesting to fake this schema>\"\n            },\n            \"state\": {\n              \"value\": \"<Error: Too many levels of nesting to fake this schema>\"\n            },\n            \"zip\": {\n              \"value\": \"<Error: Too many levels of nesting to fake this schema>\"\n            },\n            \"country\": {\n              \"value\": \"<Error: Too many levels of nesting to fake this schema>\"\n            }\n          },\n          \"addressBilling\": {\n            \"nameFirst\": {\n              \"value\": \"<Error: Too many levels of nesting to fake this schema>\"\n            },\n            \"nameLast\": {\n              \"value\": \"<Error: Too many levels of nesting to fake this schema>\"\n            },\n            \"nameMiddle\": {\n              \"value\": \"<Error: Too many levels of nesting to fake this schema>\"\n            },\n            \"nameFull\": {\n              \"value\": \"<Error: Too many levels of nesting to fake this schema>\"\n            },\n            \"phone1\": {\n              \"value\": \"<Error: Too many levels of nesting to fake this schema>\"\n            },\n            \"phone2\": {\n              \"value\": \"<Error: Too many levels of nesting to fake this schema>\"\n            },\n            \"email\": {\n              \"value\": \"<Error: Too many levels of nesting to fake this schema>\"\n            },\n            \"street1\": {\n              \"value\": \"<Error: Too many levels of nesting to fake this schema>\"\n            },\n            \"street2\": {\n              \"value\": \"<Error: Too many levels of nesting to fake this schema>\"\n            },\n            \"city\": {\n              \"value\": \"<Error: Too many levels of nesting to fake this schema>\"\n            },\n            \"state\": {\n              \"value\": \"<Error: Too many levels of nesting to fake this schema>\"\n            },\n            \"zip\": {\n              \"value\": \"<Error: Too many levels of nesting to fake this schema>\"\n            },\n            \"country\": {\n              \"value\": \"<Error: Too many levels of nesting to fake this schema>\"\n            }\n          }\n        },\n        \"paymentInfoCC\": {\n          \"cardNumber\": \"<string>\",\n          \"expirationDate\": \"<string>\",\n          \"expirationMonth\": \"<string>\",\n          \"expirationYear\": \"<string>\",\n          \"pinData\": \"<string>\",\n          \"pinKeySerialNumber\": \"<string>\",\n          \"purchaseID\": \"<string>\",\n          \"trackData\": \"<string>\",\n          \"cvv2\": \"<string>\",\n          \"userIPAddress\": \"<string>\",\n          \"billingAddress\": {\n            \"nameFirst\": {\n              \"value\": \"<Error: Too many levels of nesting to fake this schema>\"\n            },\n            \"nameLast\": {\n              \"value\": \"<Error: Too many levels of nesting to fake this schema>\"\n            },\n            \"nameMiddle\": {\n              \"value\": \"<Error: Too many levels of nesting to fake this schema>\"\n            },\n            \"nameFull\": {\n              \"value\": \"<Error: Too many levels of nesting to fake this schema>\"\n            },\n            \"phone1\": {\n              \"value\": \"<Error: Too many levels of nesting to fake this schema>\"\n            },\n            \"phone2\": {\n              \"value\": \"<Error: Too many levels of nesting to fake this schema>\"\n            },\n            \"email\": {\n              \"value\": \"<Error: Too many levels of nesting to fake this schema>\"\n            },\n            \"street1\": {\n              \"value\": \"<Error: Too many levels of nesting to fake this schema>\"\n            },\n            \"street2\": {\n              \"value\": \"<Error: Too many levels of nesting to fake this schema>\"\n            },\n            \"city\": {\n              \"value\": \"<Error: Too many levels of nesting to fake this schema>\"\n            },\n            \"state\": {\n              \"value\": \"<Error: Too many levels of nesting to fake this schema>\"\n            },\n            \"zip\": {\n              \"value\": \"<Error: Too many levels of nesting to fake this schema>\"\n            },\n            \"country\": {\n              \"value\": \"<Error: Too many levels of nesting to fake this schema>\"\n            }\n          },\n          \"shippingAddress\": {\n            \"nameFirst\": {\n              \"value\": \"<Error: Too many levels of nesting to fake this schema>\"\n            },\n            \"nameLast\": {\n              \"value\": \"<Error: Too many levels of nesting to fake this schema>\"\n            },\n            \"nameMiddle\": {\n              \"value\": \"<Error: Too many levels of nesting to fake this schema>\"\n            },\n            \"nameFull\": {\n              \"value\": \"<Error: Too many levels of nesting to fake this schema>\"\n            },\n            \"phone1\": {\n              \"value\": \"<Error: Too many levels of nesting to fake this schema>\"\n            },\n            \"phone2\": {\n              \"value\": \"<Error: Too many levels of nesting to fake this schema>\"\n            },\n            \"email\": {\n              \"value\": \"<Error: Too many levels of nesting to fake this schema>\"\n            },\n            \"street1\": {\n              \"value\": \"<Error: Too many levels of nesting to fake this schema>\"\n            },\n            \"street2\": {\n              \"value\": \"<Error: Too many levels of nesting to fake this schema>\"\n            },\n            \"city\": {\n              \"value\": \"<Error: Too many levels of nesting to fake this schema>\"\n            },\n            \"state\": {\n              \"value\": \"<Error: Too many levels of nesting to fake this schema>\"\n            },\n            \"zip\": {\n              \"value\": \"<Error: Too many levels of nesting to fake this schema>\"\n            },\n            \"country\": {\n              \"value\": \"<Error: Too many levels of nesting to fake this schema>\"\n            }\n          },\n          \"cardType\": \"Unknown\",\n          \"cardStatusFlag\": \"Unknown\",\n          \"eCommerceGoodsFlag\": false,\n          \"installment\": false,\n          \"installmentSequence\": \"<integer>\",\n          \"installmentCount\": \"<integer>\"\n        }\n      },\n      \"registrationID\": \"eiusmod sit\",\n      \"lastUsed\": \"elit offic\",\n      \"createdDate\": \"dolor\",\n      \"registrationFlags\": \"None\"\n    }\n  ],\n  \"registrationCount\": 0\n}","cookie":[],"_postman_previewlanguage":"json"}],"event":[],"protocolProfileBehavior":{"disableBodyPruning":true}},{"id":"f7d7359c-d960-4254-85e2-1dca1cba225e","name":"Cancel Payment","request":{"name":"Cancel Payment","description":{},"url":{"path":["cancelPayment"],"host":["{{baseUrl}}"],"query":[],"variable":[]},"header":[{"key":"Content-Type","value":"application/json"},{"key":"Accept","value":"application/json"}],"method":"POST","auth":null,"body":{"mode":"raw","raw":"{\n  \"confirmationNumber\": \"<string>\",\n  \"header\": {\n    \"applicationID\": \"<string>\",\n    \"paymentChannel\": \"Unknown\",\n    \"securityKey\": \"<string>\",\n    \"sourceIP\": \"<string>\"\n  },\n  \"refundAmount\": \"<decimal>\",\n  \"userID\": \"<string>\",\n  \"interactionID\": \"<string>\",\n  \"convenienceFeeRefundAmount\": \"<decimal>\",\n  \"trackData\": \"<string>\",\n  \"pinData\": \"<string>\",\n  \"pinKeySerialNumber\": \"<string>\",\n  \"expirationDate\": \"<string>\",\n  \"expirationMonth\": \"<string>\",\n  \"expirationYear\": \"<string>\"\n}","options":{"raw":{"language":"json"}}}},"response":[{"id":"c807c061-6d08-49b6-ae05-5450e3c3f355","name":"Cancel Payment Response","originalRequest":{"url":{"path":["cancelPayment"],"host":["{{baseUrl}}"],"query":[],"variable":[]},"header":[{"key":"Accept","value":"application/json"}],"method":"POST","body":{"mode":"raw","raw":"{\n  \"confirmationNumber\": \"1234\",\n  \"header\": {\n    \"applicationID\": \"identifier\",\n    \"paymentChannel\": \"Web\",\n    \"securityKey\": \"string\",\n    \"sourceIP\": \"<string>\"\n  },\n  \"refundAmount\": 0,\n  \"userID\": \"<string>\",\n  \"interactionID\": \"<string>\",\n  \"convenienceFeeRefundAmount\": \"<decimal>\",\n  \"trackData\": \"<string>\",\n  \"pinData\": \"<string>\",\n  \"pinKeySerialNumber\": \"<string>\",\n  \"expirationDate\": \"<string>\",\n  \"expirationMonth\": \"<string>\",\n  \"expirationYear\": \"<string>\"\n}","options":{"raw":{"language":"json"}}}},"status":"OK","code":200,"header":[{"key":"Content-Type","value":"application/json"}],"body":"{\n  \"returnCode\": \"CreditCards_Disabled\",\n  \"resultMessage\": \"mollit proident eu\",\n  \"timeoutLimit\": -91174960,\n  \"confirmationNumber\": \"Ut incididunt\",\n  \"refundAmount\": -17132948,\n  \"settlementSubmissionDate\": \"est in eu labore\"\n}","cookie":[],"_postman_previewlanguage":"json"}],"event":[],"protocolProfileBehavior":{"disableBodyPruning":true}},{"id":"89000571-1f48-44a9-8228-6f17b2e378bc","name":"Cancel EMV Payment","request":{"name":"Cancel EMV Payment","description":{},"url":{"path":["cancelEMVPayment"],"host":["{{baseUrl}}"],"query":[],"variable":[]},"header":[{"key":"Content-Type","value":"application/json"},{"key":"Accept","value":"application/json"}],"method":"POST","auth":null,"body":{"mode":"raw","raw":"{\n  \"confirmationNumber\": \"<string>\",\n  \"header\": {\n    \"applicationID\": \"<string>\",\n    \"paymentChannel\": \"Unknown\",\n    \"securityKey\": \"<string>\",\n    \"sourceIP\": \"<string>\"\n  },\n  \"reasonCode\": \"<string>\",\n  \"refundAmount\": \"<decimal>\",\n  \"userID\": \"<string>\",\n  \"interactionID\": \"<string>\",\n  \"convenienceFeeRefundAmount\": \"<decimal>\",\n  \"trackData\": \"<string>\",\n  \"pinData\": \"<string>\",\n  \"pinKeySerialNumber\": \"<string>\",\n  \"expirationDate\": \"<string>\",\n  \"expirationMonth\": \"<string>\",\n  \"expirationYear\": \"<string>\"\n}","options":{"raw":{"language":"json"}}}},"response":[{"id":"a163cc68-3c44-4ed8-8fc7-b4710020cb2b","name":"Cancel EMV Payment Response","originalRequest":{"url":{"path":["cancelEMVPayment"],"host":["{{baseUrl}}"],"query":[],"variable":[]},"header":[{"key":"Accept","value":"application/json"}],"method":"POST","body":{"mode":"raw","raw":"{\n  \"confirmationNumber\": \"<string>\",\n  \"header\": {\n    \"applicationID\": \"identifier\",\n    \"paymentChannel\": \"Web\",\n    \"securityKey\": \"string\",\n    \"sourceIP\": \"<string>\"\n  },\n  \"reasonCode\": \"<string>\",\n  \"refundAmount\": \"<decimal>\",\n  \"userID\": \"<string>\",\n  \"interactionID\": \"<string>\",\n  \"convenienceFeeRefundAmount\": \"<decimal>\",\n  \"trackData\": \"<string>\",\n  \"pinData\": \"<string>\",\n  \"pinKeySerialNumber\": \"<string>\",\n  \"expirationDate\": \"<string>\",\n  \"expirationMonth\": \"<string>\",\n  \"expirationYear\": \"<string>\"\n}","options":{"raw":{"language":"json"}}}},"status":"OK","code":200,"header":[{"key":"Content-Type","value":"application/json"}],"body":"{\n  \"returnCode\": \"CreditCards_Disabled\",\n  \"resultMessage\": \"mollit proident eu\",\n  \"timeoutLimit\": -91174960,\n  \"confirmationNumber\": \"Ut incididunt\",\n  \"refundAmount\": -17132948,\n  \"settlementSubmissionDate\": \"est in eu labore\"\n}","cookie":[],"_postman_previewlanguage":"json"}],"event":[],"protocolProfileBehavior":{"disableBodyPruning":true}},{"id":"4eff7319-0c78-44ea-a705-4035e1e101b4","name":"Calculate Convenience Fee","request":{"name":"Calculate Convenience Fee","description":{},"url":{"path":["calculateConvenienceFee"],"host":["{{baseUrl}}"],"query":[],"variable":[]},"header":[{"key":"Content-Type","value":"application/json"},{"key":"Accept","value":"application/json"}],"method":"POST","auth":null,"body":{"mode":"raw","raw":"{\n  \"accountNumber\": \"<string>\",\n  \"header\": {\n    \"applicationID\": \"<string>\",\n    \"paymentChannel\": \"Unknown\",\n    \"securityKey\": \"<string>\",\n    \"sourceIP\": \"<string>\"\n  },\n  \"paymentAmount\": \"<Decimal>\",\n  \"paymentMedium\": \"Unknown\",\n  \"userID\": \"<string>\",\n  \"interactionID\": \"<string>\"\n}","options":{"raw":{"language":"json"}}}},"response":[{"id":"afa6c3a8-4762-4633-b70b-cadc85825178","name":"Calculate Convenience Fee Response","originalRequest":{"url":{"path":["calculateConvenienceFee"],"host":["{{baseUrl}}"],"query":[],"variable":[]},"header":[{"key":"Accept","value":"application/json"}],"method":"POST","body":{"mode":"raw","raw":"{\n  \"accountNumber\": \"<string>\",\n  \"header\": {\n    \"applicationID\": \"identifier\",\n    \"paymentChannel\": \"Web\",\n    \"securityKey\": \"string\",\n    \"sourceIP\": \"<string>\"\n  },\n  \"paymentAmount\": \"<Decimal>\",\n  \"paymentMedium\": \"Unknown\",\n  \"userID\": \"<string>\",\n  \"interactionID\": \"<string>\"\n}","options":{"raw":{"language":"json"}}}},"status":"OK","code":200,"header":[{"key":"Content-Type","value":"application/json"}],"body":"{\n  \"returnCode\": \"Network_Error\",\n  \"resultMessage\": \"aute Excepteur exercitation anim\",\n  \"timeoutLimit\": -7629762,\n  \"convenienceFee\": -25800113,\n  \"paymentAmount\": -55533461,\n  \"totalAmount\": 7289792\n}","cookie":[],"_postman_previewlanguage":"json"}],"event":[],"protocolProfileBehavior":{"disableBodyPruning":true}},{"id":"0df2662b-2986-4252-978d-8cbc80cb2d4a","name":"Settle Payment","request":{"name":"Settle Payment","description":{},"url":{"path":["settlePayment"],"host":["{{baseUrl}}"],"query":[],"variable":[]},"header":[{"key":"Content-Type","value":"application/json"},{"key":"Accept","value":"application/json"}],"method":"POST","auth":null,"body":{"mode":"raw","raw":"{\n  \"amount\": \"<decimal>\",\n  \"confirmationNumber\": \"<string>\",\n  \"header\": {\n    \"applicationID\": \"<string>\",\n    \"paymentChannel\": \"Unknown\",\n    \"securityKey\": \"<string>\",\n    \"sourceIP\": \"<string>\"\n  },\n  \"userID\": \"<string>\",\n  \"interactionID\": \"<string>\"\n}","options":{"raw":{"language":"json"}}}},"response":[{"id":"66ae919d-c761-4170-a9bb-df09b82f71e7","name":"Settle Payment Response","originalRequest":{"url":{"path":["settlePayment"],"host":["{{baseUrl}}"],"query":[],"variable":[]},"header":[{"key":"Accept","value":"application/json"}],"method":"POST","body":{"mode":"raw","raw":"{\n  \"amount\": \"<decimal>\",\n  \"confirmationNumber\": \"<string>\",\n  \"header\": {\n    \"applicationID\": \"identifier\",\n    \"paymentChannel\": \"Web\",\n    \"securityKey\": \"string\",\n    \"sourceIP\": \"<string>\"\n  },\n  \"userID\": \"<string>\",\n  \"interactionID\": \"<string>\"\n}","options":{"raw":{"language":"json"}}}},"status":"OK","code":200,"header":[{"key":"Content-Type","value":"application/json"}],"body":"{\n  \"returnCode\": \"Unknown\",\n  \"resultMessage\": \"ex velit occaecat\",\n  \"timeoutLimit\": -51984333,\n  \"amount\": 60489432,\n  \"settlementSubmissionDate\": \"est qui\"\n}","cookie":[],"_postman_previewlanguage":"json"}],"event":[],"protocolProfileBehavior":{"disableBodyPruning":true}},{"id":"f0620ce1-ebd8-4fe7-a74f-1bdcfa249d88","name":"Pinless Debit Check","request":{"name":"Pinless Debit Check","description":{},"url":{"path":["pinlessDebitCheck"],"host":["{{baseUrl}}"],"query":[],"variable":[]},"header":[{"key":"Content-Type","value":"application/json"},{"key":"Accept","value":"application/json"}],"method":"POST","auth":null,"body":{"mode":"raw","raw":"{\n  \"cardNumber\": \"<string>\",\n  \"header\": {\n    \"applicationID\": \"<string>\",\n    \"paymentChannel\": \"Unknown\",\n    \"securityKey\": \"<string>\",\n    \"sourceIP\": \"<string>\"\n  },\n  \"userID\": \"<string>\",\n  \"interactionID\": \"<string>\"\n}","options":{"raw":{"language":"json"}}}},"response":[{"id":"3646f386-1e87-4d79-9dd4-2c62fbff8aee","name":"Pinless Debit Check Response","originalRequest":{"url":{"path":["pinlessDebitCheck"],"host":["{{baseUrl}}"],"query":[],"variable":[]},"header":[{"key":"Accept","value":"application/json"}],"method":"POST","body":{"mode":"raw","raw":"{\n  \"cardNumber\": \"<string>\",\n  \"header\": {\n    \"applicationID\": \"identifier\",\n    \"paymentChannel\": \"Web\",\n    \"securityKey\": \"string\",\n    \"sourceIP\": \"<string>\"\n  },\n  \"userID\": \"<string>\",\n  \"interactionID\": \"<string>\"\n}","options":{"raw":{"language":"json"}}}},"status":"OK","code":200,"header":[{"key":"Content-Type","value":"application/json"}],"body":"{\n  \"returnCode\": \"Unknown\",\n  \"resultMessage\": \"reprehenderit aute sint nisi elit\",\n  \"timeoutLimit\": -96347273,\n  \"networkType\": \"Unknown\",\n  \"signatureEligible\": false\n}","cookie":[],"_postman_previewlanguage":"json"}],"event":[],"protocolProfileBehavior":{"disableBodyPruning":true}},{"id":"6e57e2dd-348c-40bc-aa02-bb91bbe9570a","name":"Card Type Inquiry","request":{"name":"Card Type Inquiry","description":{},"url":{"path":["cardTypeInquiry"],"host":["{{baseUrl}}"],"query":[],"variable":[]},"header":[{"key":"Content-Type","value":"application/json"},{"key":"Accept","value":"application/json"}],"method":"POST","auth":null,"body":{"mode":"raw","raw":"{\n  \"cardNumber\": \"<string>\",\n  \"header\": {\n    \"applicationID\": \"<string>\",\n    \"paymentChannel\": \"Unknown\",\n    \"securityKey\": \"<string>\",\n    \"sourceIP\": \"<string>\"\n  },\n  \"userID\": \"<string>\",\n  \"interactionID\": \"<string>\"\n}","options":{"raw":{"language":"json"}}}},"response":[{"id":"be970c70-3b6c-40f8-acdb-cb5ca79624c8","name":"Card Type Inquiry Response","originalRequest":{"url":{"path":["cardTypeInquiry"],"host":["{{baseUrl}}"],"query":[],"variable":[]},"header":[{"key":"Accept","value":"application/json"}],"method":"POST","body":{"mode":"raw","raw":"{\n  \"cardNumber\": \"<string>\",\n  \"header\": {\n    \"applicationID\": \"identifier\",\n    \"paymentChannel\": \"Web\",\n    \"securityKey\": \"string\",\n    \"sourceIP\": \"<string>\"\n  },\n  \"userID\": \"<string>\",\n  \"interactionID\": \"<string>\"\n}","options":{"raw":{"language":"json"}}}},"status":"OK","code":200,"header":[{"key":"Content-Type","value":"application/json"}],"body":"{\n  \"returnCode\": \"Unknown\",\n  \"resultMessage\": \"commodo laboris ea non\",\n  \"timeoutLimit\": -93599487,\n  \"cardBIN\": {\n    \"lowBIN\": \"est occaecat voluptate aute tempor\",\n    \"highBIN\": \"nisi aliqua ut\",\n    \"prepaidInd\": \"eiusmod elit\",\n    \"productID\": \"ut\",\n    \"binLength\": -4318428,\n    \"binDetailPAN\": -86344906,\n    \"bankName\": \"in ut commo\",\n    \"countryCode\": \"sint in voluptate nulla\",\n    \"detailCardProduct\": \"commodo occaecat\",\n    \"detailCardInd\": \"in ad cupidatat\",\n    \"updateYear\": 29597793,\n    \"updateMonth\": -63318677,\n    \"updateDay\": -59909620,\n    \"networkInd\": \"officia dolore ut laborum\",\n    \"ebtState\": \"fugiat\",\n    \"fsaInd\": \"proident aliqua dolor\",\n    \"regulatorInd\": \"ullamco dolore elit anim tempor\",\n    \"visaProductSubType\": \"laborum aliqua id\",\n    \"ticketIndicator\": \"mollit sunt ipsum eiusmod\",\n    \"accountLevelProcessingInd\": \"enim est\",\n    \"accountFundSource\": \"dolor nulla\",\n    \"cardClass\": \"nisi esse Ut\"\n  },\n  \"cardTypeCount\": -27074818\n}","cookie":[],"_postman_previewlanguage":"json"}],"event":[],"protocolProfileBehavior":{"disableBodyPruning":true}},{"id":"7e084905-9ef1-4c44-b971-c460e55f511a","name":"Heart Beat","request":{"name":"Heart Beat","description":{},"url":{"path":["heartBeat"],"host":["{{baseUrl}}"],"query":[],"variable":[]},"header":[{"key":"Content-Type","value":"application/json"},{"key":"Accept","value":"application/json"}],"method":"POST","auth":null,"body":{"mode":"raw","raw":"<object>","options":{"raw":{"language":"json"}}}},"response":[{"id":"10e84a75-b797-46be-b765-0c359794a60c","name":"Settle Payment Response","originalRequest":{"url":{"path":["heartBeat"],"host":["{{baseUrl}}"],"query":[],"variable":[]},"header":[{"key":"Accept","value":"application/json"}],"method":"POST","body":{"mode":"raw","raw":"<object>","options":{"raw":{"language":"json"}}}},"status":"OK","code":200,"header":[{"key":"Content-Type","value":"application/json"}],"body":"{\n  \"returnCode\": \"Unknown\",\n  \"resultMessage\": \"incididunt commodo sit fugiat dolor\",\n  \"timeoutLimit\": -37889809\n}","cookie":[],"_postman_previewlanguage":"json"}],"event":[],"protocolProfileBehavior":{"disableBodyPruning":true}}],"event":[],"variable":[{"type":"string","value":"/","key":"baseUrl"}],"info":{"_postman_id":"1c273131-e4eb-4d81-8b83-895a28d766de","name":"PayPoint REST API Document","schema":"https://schema.getpostman.com/json/collection/v2.1.0/collection.json","description":{"content":"The PayPoint Web Service API enables a business application to access the electronic payment services using JSON and REST Service API documents for sending messages to various services in PayPoint. Business applications can call on a PayPoint REST API document, which presents the functionality exposed by the Web Service. This standard integration method enables existing applications (i.e. Web, IVR, Desktop applications, etc.) to integrate with PayPoint to manage payment processing. The advantage of this method is that it allows your technical staff (i.e. developers, programmers, etc.) to develop in their preferred programming language including Java, Perl, or Visual Studio.","type":"text/plain"}}}