{"item":[{"id":"238bc481-6ba5-446e-8d02-77fcf87a909a","name":"cashedgerws/verifynow","item":[{"id":"7e5e2840-1e7a-4ab9-af83-00ce17cd448a","name":"verify","item":[{"id":"6159c9cb-7ba0-47be-b78b-c19f61a06625","name":"Instant Verification","request":{"name":"Instant Verification","description":{"content":"This method provides instant bank account ownership verification using the Early Warning Services (EWS) account services and/or other available databases.","type":"text/plain"},"url":{"path":["cashedgerws","verifynow","verify","v1"],"host":["{{baseUrl}}"],"query":[],"variable":[]},"header":[{"key":"Content-Type","value":"application/json"},{"key":"Accept","value":"application/json"}],"method":"POST","auth":null,"body":{"mode":"raw","raw":"{\n  \"requestId\": \"<string>\",\n  \"firstName\": \"<string>\",\n  \"lastName\": \"<string>\",\n  \"middleName\": \"<string>\",\n  \"userId\": \"<string>\",\n  \"email\": \"<string>\",\n  \"ssn\": \"<string>\",\n  \"addressL-ine1\": \"<string>\",\n  \"city\": \"<string>\",\n  \"state\": \"<string>\",\n  \"zipCode\": \"<string>\",\n  \"phoneNumber\": \"<string>\",\n  \"enable\": \"<boolean>\"\n}","options":{"raw":{"language":"json"}}}},"response":[{"id":"fb1a3a55-401b-4fb0-885e-d4b0e7d4511c","name":"Created","originalRequest":{"url":{"path":["cashedgerws","verifynow","verify","v1"],"host":["{{baseUrl}}"],"query":[],"variable":[]},"header":[{"key":"Accept","value":"application/json"}],"method":"POST","body":{"mode":"raw","raw":"{\n  \"requestId\": \"VerifyNow\",\n  \"firstName\": \"KARAOne\",\n  \"lastName\": \"demoone\",\n  \"middleName\": \" \",\n  \"userId\": \"demoone\",\n  \"email\": \"samstestone@mail.com\",\n  \"ssn\": \"987612300\",\n  \"addressL-ine1\": \"9384 POODLE LN\",\n  \"city\": \"KAILAU\",\n  \"state\": \"HI\",\n  \"zipCode\": \"96733\",\n  \"phoneNumber\": \"8087531231\",\n  \"enable\": \"<boolean>\"\n}","options":{"raw":{"language":"json"}}}},"status":"OK","code":200,"header":[{"key":"Content-Type","value":"application/json"}],"body":"{\n  \"requestId\": \"verifynow\",\n  \"token\": \"VOL02##2fF_n2:o@#~xRiXZ7_YU:CYe2D8bSe@#~Tgr1_rm:AWsGTiBE@#~Yinmi:NQ0dg9dtGn4lx@#~\",\n  \"profileId\": \"128933531\",\n  \"profileStatus\": \"Active\",\n  \"statusCode\": \"VNASM115\",\n  \"statusDesc\": \"User Already Exists\",\n  \"statusType\": \"SUCCESS\"\n}","cookie":[],"_postman_previewlanguage":"json"},{"id":"acb0c3fc-4cb4-4722-8085-469a6d9fd521","name":"Bad Request","originalRequest":{"url":{"path":["cashedgerws","verifynow","verify","v1"],"host":["{{baseUrl}}"],"query":[],"variable":[]},"header":[{"key":"Accept","value":"application/json"}],"method":"POST","body":{"mode":"raw","raw":"{\n  \"requestId\": \"VerifyNow\",\n  \"firstName\": \"KARAOne\",\n  \"lastName\": \"demoone\",\n  \"middleName\": \" \",\n  \"userId\": \"demoone\",\n  \"email\": \"samstestone@mail.com\",\n  \"ssn\": \"987612300\",\n  \"addressL-ine1\": \"9384 POODLE LN\",\n  \"city\": \"KAILAU\",\n  \"state\": \"HI\",\n  \"zipCode\": \"96733\",\n  \"phoneNumber\": \"8087531231\",\n  \"enable\": \"<boolean>\"\n}","options":{"raw":{"language":"json"}}}},"status":"Bad Request","code":400,"header":[{"key":"Content-Type","value":"application/json"}],"body":"{\n  \"type\": \"https://qa-ft.onefiserv.net/cashedgerws/verifynow/verify/v1\",\n  \"title\": \"Bad Request\",\n  \"status\": \"400\"\n}","cookie":[],"_postman_previewlanguage":"json"},{"id":"23df3eb4-4b53-41ff-9034-a8132cd4aa09","name":"Not Found","originalRequest":{"url":{"path":["cashedgerws","verifynow","verify","v1"],"host":["{{baseUrl}}"],"query":[],"variable":[]},"header":[{"key":"Accept","value":"application/json"}],"method":"POST","body":{"mode":"raw","raw":"{\n  \"requestId\": \"VerifyNow\",\n  \"firstName\": \"KARAOne\",\n  \"lastName\": \"demoone\",\n  \"middleName\": \" \",\n  \"userId\": \"demoone\",\n  \"email\": \"samstestone@mail.com\",\n  \"ssn\": \"987612300\",\n  \"addressL-ine1\": \"9384 POODLE LN\",\n  \"city\": \"KAILAU\",\n  \"state\": \"HI\",\n  \"zipCode\": \"96733\",\n  \"phoneNumber\": \"8087531231\",\n  \"enable\": \"<boolean>\"\n}","options":{"raw":{"language":"json"}}}},"status":"Not Found","code":404,"header":[{"key":"Content-Type","value":"application/json"}],"body":"{\n  \"type\": \"https://qa-ft.onefiserv.net/cashedgerws/verifynow/verify/v1\",\n  \"title\": \"Not Found\",\n  \"status\": \"404\"\n}","cookie":[],"_postman_previewlanguage":"json"},{"id":"2adc5129-511f-4a7c-924b-e26013e1e732","name":"Internal Server Error","originalRequest":{"url":{"path":["cashedgerws","verifynow","verify","v1"],"host":["{{baseUrl}}"],"query":[],"variable":[]},"header":[{"key":"Accept","value":"application/json"}],"method":"POST","body":{"mode":"raw","raw":"{\n  \"requestId\": \"VerifyNow\",\n  \"firstName\": \"KARAOne\",\n  \"lastName\": \"demoone\",\n  \"middleName\": \" \",\n  \"userId\": \"demoone\",\n  \"email\": \"samstestone@mail.com\",\n  \"ssn\": \"987612300\",\n  \"addressL-ine1\": \"9384 POODLE LN\",\n  \"city\": \"KAILAU\",\n  \"state\": \"HI\",\n  \"zipCode\": \"96733\",\n  \"phoneNumber\": \"8087531231\",\n  \"enable\": \"<boolean>\"\n}","options":{"raw":{"language":"json"}}}},"status":"Internal Server Error","code":500,"header":[{"key":"Content-Type","value":"application/json"}],"body":"{\n  \"type\": \"https://qa-ft.onefiserv.net/cashedgerws/verifynow/verify/v1\",\n  \"title\": \"Internal Server Error\",\n  \"status\": \"500\"\n}","cookie":[],"_postman_previewlanguage":"json"}],"event":[],"protocolProfileBehavior":{"disableBodyPruning":true}},{"id":"650d72ae-90f7-460f-b4a6-b75a00182731","name":"Instant Verification","request":{"name":"Instant Verification","description":{"content":"It provides instant bank account ownership and status verification via a single REST API using Fiserv proprietary data and the Early Warning Services (EWS) account services.","type":"text/plain"},"url":{"path":["cashedgerws","verifynow","verify","v2"],"host":["{{baseUrl}}"],"query":[],"variable":[]},"header":[{"key":"Content-Type","value":"application/json"},{"key":"Accept","value":"application/json"}],"method":"POST","auth":null,"body":{"mode":"raw","raw":"{\n  \"requestId\": \"<string>\",\n  \"firstName\": \"<string>\",\n  \"lastName\": \"<string>\",\n  \"middleName\": \"<string>\",\n  \"userId\": \"<string>\",\n  \"email\": \"<string>\",\n  \"ssn\": \"<string>\",\n  \"addressL-ine1\": \"<string>\",\n  \"city\": \"<string>\",\n  \"state\": \"<string>\",\n  \"zipCode\": \"<string>\",\n  \"phoneNumber\": \"<string>\",\n  \"enable\": \"<boolean>\"\n}","options":{"raw":{"language":"json"}}}},"response":[{"id":"eed7d772-6210-40e0-ae6c-d5f896874bcf","name":"Created","originalRequest":{"url":{"path":["cashedgerws","verifynow","verify","v2"],"host":["{{baseUrl}}"],"query":[],"variable":[]},"header":[{"key":"Accept","value":"application/json"}],"method":"POST","body":{"mode":"raw","raw":"{\n  \"requestId\": \"VerifyNow\",\n  \"firstName\": \"KARAOne\",\n  \"lastName\": \"demoone\",\n  \"middleName\": \" \",\n  \"userId\": \"demoone\",\n  \"email\": \"samstestone@mail.com\",\n  \"ssn\": \"987612300\",\n  \"addressL-ine1\": \"9384 POODLE LN\",\n  \"city\": \"KAILAU\",\n  \"state\": \"HI\",\n  \"zipCode\": \"96733\",\n  \"phoneNumber\": \"8087531231\",\n  \"enable\": \"<boolean>\"\n}","options":{"raw":{"language":"json"}}}},"status":"OK","code":200,"header":[{"key":"Content-Type","value":"application/json"}],"body":"{\n  \"requestId\": \"verifynow\",\n  \"token\": \"VOL02##2fF_n2:o@#~xRiXZ7_YU:CYe2D8bSe@#~Tgr1_rm:AWsGTiBE@#~Yinmi:NQ0dg9dtGn4lx@#~\",\n  \"profileId\": \"128933531\",\n  \"profileStatus\": \"Active\",\n  \"statusCode\": \"VNASM115\",\n  \"statusDesc\": \"User Already Exists\",\n  \"statusType\": \"SUCCESS\"\n}","cookie":[],"_postman_previewlanguage":"json"},{"id":"bf5256f2-d353-45f5-b5f8-d35cbe71a584","name":"Bad Request","originalRequest":{"url":{"path":["cashedgerws","verifynow","verify","v2"],"host":["{{baseUrl}}"],"query":[],"variable":[]},"header":[{"key":"Accept","value":"application/json"}],"method":"POST","body":{"mode":"raw","raw":"{\n  \"requestId\": \"VerifyNow\",\n  \"firstName\": \"KARAOne\",\n  \"lastName\": \"demoone\",\n  \"middleName\": \" \",\n  \"userId\": \"demoone\",\n  \"email\": \"samstestone@mail.com\",\n  \"ssn\": \"987612300\",\n  \"addressL-ine1\": \"9384 POODLE LN\",\n  \"city\": \"KAILAU\",\n  \"state\": \"HI\",\n  \"zipCode\": \"96733\",\n  \"phoneNumber\": \"8087531231\",\n  \"enable\": \"<boolean>\"\n}","options":{"raw":{"language":"json"}}}},"status":"Bad Request","code":400,"header":[{"key":"Content-Type","value":"application/json"}],"body":"{\n  \"type\": \"https://qa-ft.onefiserv.net/cashedgerws/verifynow/verify/v1\",\n  \"title\": \"Bad Request\",\n  \"status\": \"400\"\n}","cookie":[],"_postman_previewlanguage":"json"},{"id":"777ebb15-860c-4e76-a874-a835a8f1343e","name":"Not Found","originalRequest":{"url":{"path":["cashedgerws","verifynow","verify","v2"],"host":["{{baseUrl}}"],"query":[],"variable":[]},"header":[{"key":"Accept","value":"application/json"}],"method":"POST","body":{"mode":"raw","raw":"{\n  \"requestId\": \"VerifyNow\",\n  \"firstName\": \"KARAOne\",\n  \"lastName\": \"demoone\",\n  \"middleName\": \" \",\n  \"userId\": \"demoone\",\n  \"email\": \"samstestone@mail.com\",\n  \"ssn\": \"987612300\",\n  \"addressL-ine1\": \"9384 POODLE LN\",\n  \"city\": \"KAILAU\",\n  \"state\": \"HI\",\n  \"zipCode\": \"96733\",\n  \"phoneNumber\": \"8087531231\",\n  \"enable\": \"<boolean>\"\n}","options":{"raw":{"language":"json"}}}},"status":"Not Found","code":404,"header":[{"key":"Content-Type","value":"application/json"}],"body":"{\n  \"type\": \"https://qa-ft.onefiserv.net/cashedgerws/verifynow/verify/v1\",\n  \"title\": \"Not Found\",\n  \"status\": \"404\"\n}","cookie":[],"_postman_previewlanguage":"json"},{"id":"204b9a68-3088-42eb-8b55-7eb22e51d635","name":" Internal Server Error ","originalRequest":{"url":{"path":["cashedgerws","verifynow","verify","v2"],"host":["{{baseUrl}}"],"query":[],"variable":[]},"header":[{"key":"Accept","value":"application/json"}],"method":"POST","body":{"mode":"raw","raw":"{\n  \"requestId\": \"VerifyNow\",\n  \"firstName\": \"KARAOne\",\n  \"lastName\": \"demoone\",\n  \"middleName\": \" \",\n  \"userId\": \"demoone\",\n  \"email\": \"samstestone@mail.com\",\n  \"ssn\": \"987612300\",\n  \"addressL-ine1\": \"9384 POODLE LN\",\n  \"city\": \"KAILAU\",\n  \"state\": \"HI\",\n  \"zipCode\": \"96733\",\n  \"phoneNumber\": \"8087531231\",\n  \"enable\": \"<boolean>\"\n}","options":{"raw":{"language":"json"}}}},"status":"Internal Server Error","code":500,"header":[{"key":"Content-Type","value":"application/json"}],"body":"{\n  \"type\": \"https://qa-ft.onefiserv.net/cashedgerws/verifynow/verify/v1\",\n  \"title\": \"Internal Server Error\",\n  \"status\": \"500\"\n}","cookie":[],"_postman_previewlanguage":"json"}],"event":[],"protocolProfileBehavior":{"disableBodyPruning":true}}],"event":[]},{"id":"ff5db13b-7eb0-4b6d-92be-196c536b1620","name":"Returns tenant provider API.","request":{"name":"Returns tenant provider API.","description":{"content":"Provides the outcome of the account verification widget interaction.","type":"text/plain"},"url":{"path":["cashedgerws","verifynow","outcome","v1"],"host":["{{baseUrl}}"],"query":[],"variable":[]},"header":[{"key":"Content-Type","value":"application/json"},{"key":"Accept","value":"application/json"}],"method":"POST","auth":null,"body":{"mode":"raw","raw":"{\n  \"requestId\": \"<string>\",\n  \"Token\": \"<string>\"\n}","options":{"raw":{"language":"json"}}}},"response":[{"id":"00f58f00-4aac-42a6-a610-e780e3f90a40","name":"Created","originalRequest":{"url":{"path":["cashedgerws","verifynow","outcome","v1"],"host":["{{baseUrl}}"],"query":[],"variable":[]},"header":[{"key":"Accept","value":"application/json"}],"method":"POST","body":{"mode":"raw","raw":"{\n  \"requestId\": \"verifynow\",\n  \"Token\": \"VOL02##Zmq_AN:96by0eV1FH@#~DNfer06_M9vu:0To402pA@#~E5foRP_9g:r2P2fKFb@#~YaEX_jC:iUH2zpA8@#~T71SK:xccNW5Duubgr6@#~\"\n}","options":{"raw":{"language":"json"}}}},"status":"OK","code":200,"header":[{"key":"Content-Type","value":"application/json"}],"body":"{\n  \"requestId\": \"verifynow\",\n  \"accountGroup\": \"Cash\",\n  \"accountId\": \"1672680059\",\n  \"accountStatus\": \"In-progress\",\n  \"accountType\": \"Savings\",\n  \"verificationType\": \"Instant EWS\",\n  \"verificationStatus\": \"Inconclusive\",\n  \"verification Attempts\": \"1\",\n  \"dateOfAttempt\": \" \",\n  \"verification SourceResponse\": \" \",\n  \"matchType\": \" \",\n  \"statusCode\": \"VNASM101\",\n  \"statusDesc\": \"Account Approved\",\n  \"statusType\": \"SUCCESS\"\n}","cookie":[],"_postman_previewlanguage":"json"},{"id":"c6d27975-f47e-44a4-aa93-df3ce6c6248e","name":"Bad Request","originalRequest":{"url":{"path":["cashedgerws","verifynow","outcome","v1"],"host":["{{baseUrl}}"],"query":[],"variable":[]},"header":[{"key":"Accept","value":"application/json"}],"method":"POST","body":{"mode":"raw","raw":"{\n  \"requestId\": \"verifynow\",\n  \"Token\": \"VOL02##Zmq_AN:96by0eV1FH@#~DNfer06_M9vu:0To402pA@#~E5foRP_9g:r2P2fKFb@#~YaEX_jC:iUH2zpA8@#~T71SK:xccNW5Duubgr6@#~\"\n}","options":{"raw":{"language":"json"}}}},"status":"Bad Request","code":400,"header":[{"key":"Content-Type","value":"application/json"}],"body":"{\n  \"type\": \"https://qa-ft.onefiserv.net/cashedgerws/verifynow/outcome/v1\",\n  \"title\": \"Bad Request\",\n  \"status\": \"400\"\n}","cookie":[],"_postman_previewlanguage":"json"},{"id":"4ae61c5b-f29f-43fd-9ddb-e3da89ba6a30","name":"Not Found","originalRequest":{"url":{"path":["cashedgerws","verifynow","outcome","v1"],"host":["{{baseUrl}}"],"query":[],"variable":[]},"header":[{"key":"Accept","value":"application/json"}],"method":"POST","body":{"mode":"raw","raw":"{\n  \"requestId\": \"verifynow\",\n  \"Token\": \"VOL02##Zmq_AN:96by0eV1FH@#~DNfer06_M9vu:0To402pA@#~E5foRP_9g:r2P2fKFb@#~YaEX_jC:iUH2zpA8@#~T71SK:xccNW5Duubgr6@#~\"\n}","options":{"raw":{"language":"json"}}}},"status":"Not Found","code":404,"header":[{"key":"Content-Type","value":"application/json"}],"body":"{\n  \"type\": \"https://qa-ft.onefiserv.net/cashedgerws/verifynow/outcome/v1\",\n  \"title\": \"Not Found\",\n  \"status\": \"404\"\n}","cookie":[],"_postman_previewlanguage":"json"},{"id":"b7769e6a-bf28-4a18-80f1-147ba775a347","name":"Internal Server Error","originalRequest":{"url":{"path":["cashedgerws","verifynow","outcome","v1"],"host":["{{baseUrl}}"],"query":[],"variable":[]},"header":[{"key":"Accept","value":"application/json"}],"method":"POST","body":{"mode":"raw","raw":"{\n  \"requestId\": \"verifynow\",\n  \"Token\": \"VOL02##Zmq_AN:96by0eV1FH@#~DNfer06_M9vu:0To402pA@#~E5foRP_9g:r2P2fKFb@#~YaEX_jC:iUH2zpA8@#~T71SK:xccNW5Duubgr6@#~\"\n}","options":{"raw":{"language":"json"}}}},"status":"Internal Server Error","code":500,"header":[{"key":"Content-Type","value":"application/json"}],"body":"{\n  \"type\": \"https://qa-ft.onefiserv.net/cashedgerws/verifynow/outcome/v1\",\n  \"title\": \"Internal Server Error\",\n  \"status\": \"500\"\n}","cookie":[],"_postman_previewlanguage":"json"}],"event":[],"protocolProfileBehavior":{"disableBodyPruning":true}},{"id":"0f57bb03-641f-423e-b1d4-359cf1cc3468","name":"Returns tenant provider API.","request":{"name":"Returns tenant provider API.","description":{"content":"Healthcheck for VerifyNow service.","type":"text/plain"},"url":{"path":["cashedgerws","verifynow","ping"],"host":["{{baseUrl}}"],"query":[],"variable":[]},"header":[{"key":"Content-Type","value":"application/xml"},{"key":"Accept","value":"application/xml"}],"method":"POST","auth":null,"body":{"mode":"raw","raw":"<?xml version=\"1.0\" encoding=\"UTF-8\"?>\n<element>\n  <AdminUserName>(string)</AdminUserName>\n  <HomeId>(string)</HomeId>\n  <AdminPassword>(string)</AdminPassword>\n</element>","options":{"raw":{"language":"xml"}}}},"response":[{"id":"fc94d54c-8b30-4622-b05f-493ebe341f58","name":"Created","originalRequest":{"url":{"path":["cashedgerws","verifynow","ping"],"host":["{{baseUrl}}"],"query":[],"variable":[]},"header":[{"key":"Accept","value":"application/xml"}],"method":"POST","body":{"mode":"raw","raw":"<?xml version=\"1.0\" encoding=\"UTF-8\"?>\n<element>\n  <AdminUserName>99993001xmladmin</AdminUserName>\n  <HomeId>99993001</HomeId>\n  <AdminPassword>cashedge1</AdminPassword>\n</element>","options":{"raw":{"language":"xml"}}}},"status":"OK","code":200,"header":[{"key":"Content-Type","value":"application/xml"}],"body":"<?xml version=\"1.0\" encoding=\"UTF-8\"?>\n<element>\n  <statusDesc>VerifyNow Service is Up and Running</statusDesc>\n  <statusType>SUCCESS</statusType>\n</element>","cookie":[],"_postman_previewlanguage":"xml"},{"id":"dc5a95dd-5096-46b4-b56e-2d65a82c4cd2","name":"Bad Request","originalRequest":{"url":{"path":["cashedgerws","verifynow","ping"],"host":["{{baseUrl}}"],"query":[],"variable":[]},"header":[{"key":"Accept","value":"application/xml"}],"method":"POST","body":{"mode":"raw","raw":"<?xml version=\"1.0\" encoding=\"UTF-8\"?>\n<element>\n  <AdminUserName>99993001xmladmin</AdminUserName>\n  <HomeId>99993001</HomeId>\n  <AdminPassword>cashedge1</AdminPassword>\n</element>","options":{"raw":{"language":"xml"}}}},"status":"Bad Request","code":400,"header":[{"key":"Content-Type","value":"application/xml"}],"body":"<?xml version=\"1.0\" encoding=\"UTF-8\"?>\n<element>\n  <type>https://qa-ft.onefiserv.net/cashedgerws/verifynow/ping</type>\n  <title>Bad Request</title>\n  <status>400</status>\n</element>","cookie":[],"_postman_previewlanguage":"xml"},{"id":"fe94bfe6-0df7-4d7d-bfdb-31601fc60758","name":"Not Found","originalRequest":{"url":{"path":["cashedgerws","verifynow","ping"],"host":["{{baseUrl}}"],"query":[],"variable":[]},"header":[{"key":"Accept","value":"application/xml"}],"method":"POST","body":{"mode":"raw","raw":"<?xml version=\"1.0\" encoding=\"UTF-8\"?>\n<element>\n  <AdminUserName>99993001xmladmin</AdminUserName>\n  <HomeId>99993001</HomeId>\n  <AdminPassword>cashedge1</AdminPassword>\n</element>","options":{"raw":{"language":"xml"}}}},"status":"Not Found","code":404,"header":[{"key":"Content-Type","value":"application/xml"}],"body":"<?xml version=\"1.0\" encoding=\"UTF-8\"?>\n<element>\n  <type>https://qa-ft.onefiserv.net/cashedgerws/verifynow/ping</type>\n  <title>Not Found</title>\n  <status>404</status>\n</element>","cookie":[],"_postman_previewlanguage":"xml"},{"id":"61b8d25f-1343-494f-9757-db9fb7a2c373","name":"Internal Server Error","originalRequest":{"url":{"path":["cashedgerws","verifynow","ping"],"host":["{{baseUrl}}"],"query":[],"variable":[]},"header":[{"key":"Accept","value":"application/xml"}],"method":"POST","body":{"mode":"raw","raw":"<?xml version=\"1.0\" encoding=\"UTF-8\"?>\n<element>\n  <AdminUserName>99993001xmladmin</AdminUserName>\n  <HomeId>99993001</HomeId>\n  <AdminPassword>cashedge1</AdminPassword>\n</element>","options":{"raw":{"language":"xml"}}}},"status":"Internal Server Error","code":500,"header":[{"key":"Content-Type","value":"application/xml"}],"body":"<?xml version=\"1.0\" encoding=\"UTF-8\"?>\n<element>\n  <type>https://qa-ft.onefiserv.net/cashedgerws/verifynow/ping</type>\n  <title>Internal Server Error</title>\n  <status>500</status>\n</element>","cookie":[],"_postman_previewlanguage":"xml"}],"event":[],"protocolProfileBehavior":{"disableBodyPruning":true}}],"event":[]}],"event":[],"variable":[{"type":"string","value":"/","key":"baseUrl"}],"info":{"_postman_id":"a2d1dfee-79f2-42d5-8c7e-eecd5c496676","name":"Dev Portal Tenant APIs.","schema":"https://schema.getpostman.com/json/collection/v2.1.0/collection.json","description":{"content":"To onboard properly into the Fiserv Developer Studio as a tenant each product must support these APIs so that we can retrieve product specific API specifications and documentation.","type":"text/plain"}}}