{"item":[{"id":"a72b31d7-7537-4628-8a54-364f2ad2a3fd","name":"v1","item":[{"id":"e06898dd-22fb-4cfd-a0b6-a0ac38683836","name":"Returns tenant provider API.","request":{"name":"Returns tenant provider API.","description":{},"url":{"path":["v1","products"],"host":["{{baseUrl}}"],"query":[],"variable":[]},"header":[{"key":"Accept","value":"application/json"}],"method":"GET","auth":null},"response":[{"id":"eb595937-da56-4a94-ad06-7b33a8555608","name":"Tenant provider response. <a href=\"https://fiserv.com\" rel=\"noopener noreferrer\" target=\"_blank\">external link</a> <a href=\"../docs?path=docs/getting-started/setup-tenant/setup-tenant.md\">Setup Tenant</a>","originalRequest":{"url":{"path":["v1","products"],"host":["{{baseUrl}}"],"query":[],"variable":[]},"header":[{"key":"Accept","value":"application/json"}],"method":"GET","body":{}},"status":"OK","code":200,"header":[{"key":"Content-Type","value":"application/json"}],"body":"{\n  \"brand\": \"in velit\",\n  \"brandDescription\": \"Lorem velit\",\n  \"brandLogoURL\": \"ex dolore\",\n  \"categories\": [\n    {\n      \"name\": \"ullamco esse eu reprehenderit tempor\",\n      \"subcategories\": [\n        {\n          \"name\": \"aliqua sint in m\",\n          \"value\": \"ad culpa\"\n        },\n        {\n          \"name\": \"occaecat ad adipisicing\",\n          \"value\": \"pariatur Duis aute\"\n        }\n      ],\n      \"value\": \"sint nulla in\"\n    },\n    {\n      \"name\": \"in Lorem consequat non voluptate\",\n      \"subcategories\": [\n        {\n          \"name\": \"mollit velit ad\",\n          \"value\": \"ipsum id aute ut labore\"\n        },\n        {\n          \"name\": \"officia Duis\",\n          \"value\": \"ea\"\n        }\n      ],\n      \"value\": \"id ut laboris aliqua\"\n    }\n  ],\n  \"name\": \"sit dolore est non\",\n  \"product\": {\n    \"apiSpecification\": \"Duis a\",\n    \"description\": \"esse anim\",\n    \"documentation\": \"dolore voluptate dolore\",\n    \"featured\": false,\n    \"layout\": \"sit ut\",\n    \"logoURL\": \"in ea\"\n  },\n  \"solution\": \"adipisicing sed\",\n  \"title\": \"reprehenderit dolor dolor\"\n}","cookie":[],"_postman_previewlanguage":"json"}],"event":[],"protocolProfileBehavior":{"disableBodyPruning":true}},{"id":"e9e33dfa-4348-4a12-8be7-c628e0ac2e2b","name":"Returns OpenAPI Spec.","request":{"name":"Returns OpenAPI Spec.","description":{},"url":{"path":["v1","apis"],"host":["{{baseUrl}}"],"query":[],"variable":[]},"header":[{"key":"Content-Type","value":"application/json"}],"method":"POST","auth":null,"body":{"mode":"raw","raw":"{\n  \"categories\": [\n    {\n      \"name\": \"<string>\",\n      \"subcategories\": [\n        {\n          \"name\": \"<string>\"\n        },\n        {\n          \"name\": \"<string>\"\n        }\n      ]\n    },\n    {\n      \"name\": \"<string>\",\n      \"subcategories\": [\n        {\n          \"name\": \"<string>\"\n        },\n        {\n          \"name\": \"<string>\"\n        }\n      ]\n    }\n  ]\n}","options":{"raw":{"language":"json"}}}},"response":[{"id":"49e07692-6c0c-4364-ab9e-2bb37fa5184a","originalRequest":{"url":{"path":["v1","apis"],"host":["{{baseUrl}}"],"query":[],"variable":[]},"method":"POST","body":{"mode":"raw","raw":"{\n  \"categories\": [\n    {\n      \"name\": \"<string>\",\n      \"subcategories\": [\n        {\n          \"name\": \"<string>\"\n        },\n        {\n          \"name\": \"<string>\"\n        }\n      ]\n    },\n    {\n      \"name\": \"<string>\",\n      \"subcategories\": [\n        {\n          \"name\": \"<string>\"\n        },\n        {\n          \"name\": \"<string>\"\n        }\n      ]\n    }\n  ]\n}","options":{"raw":{"language":"json"}}}},"status":"OK","code":200,"header":[{"key":"Content-Type","value":"text/plain"}],"body":"","cookie":[],"_postman_previewlanguage":"text"}],"event":[],"protocolProfileBehavior":{"disableBodyPruning":true}},{"id":"8af33cc3-dc20-4479-b7c4-76ebf2fb9cb4","name":"Returns Docs in markdown format.","request":{"name":"Returns Docs in markdown format.","description":{},"url":{"path":["v1","docs"],"host":["{{baseUrl}}"],"query":[{"disabled":false,"key":"path","value":"<string>","description":"(Required) Markdown document path"}],"variable":[]},"method":"GET","auth":null},"response":[{"id":"b0601454-37c7-417c-87e7-d49816111ef3","originalRequest":{"url":{"path":["v1","docs"],"host":["{{baseUrl}}"],"query":[{"key":"path","value":"<string>"}],"variable":[]},"method":"GET","body":{}},"status":"OK","code":200,"header":[{"key":"Content-Type","value":"text/plain"}],"body":"","cookie":[],"_postman_previewlanguage":"text"}],"event":[],"protocolProfileBehavior":{"disableBodyPruning":true}},{"id":"b9b340c6-9ceb-420f-bae6-97d7afb7272b","name":"Returns the product page layout.","request":{"name":"Returns the product page layout.","description":{},"url":{"path":["v1","layouts"],"host":["{{baseUrl}}"],"query":[],"variable":[]},"header":[{"key":"Accept","value":"application/json"}],"method":"GET","auth":null},"response":[{"id":"68c851e6-e0ed-46fa-bc2f-45f348cddb13","name":"This text will appear as description of your response body. Hello World!","originalRequest":{"url":{"path":["v1","layouts"],"host":["{{baseUrl}}"],"query":[],"variable":[]},"header":[{"key":"Accept","value":"application/json"}],"method":"GET","body":{}},"status":"OK","code":200,"header":[{"key":"Content-Type","value":"application/json"}],"body":"[\n  {\n    \"hero\": [\n      {\n        \"descrption\": \"mollit proident sed aliqu\",\n        \"image\": \"ut ullamco mollit Duis magna\"\n      },\n      {\n        \"descrption\": \"voluptate laboris\",\n        \"image\": \"sunt dolor\"\n      }\n    ],\n    \"journey Cards\": [\n      {\n        \"journeyCard\": [\n          {\n            \"contextualNavigationCards\": [\n              {\n                \"contextualNavigationCard\": [\n                  {\n                    \"description\": {\n                      \"value\": \"<Error: Too many levels of nesting to fake this schema>\"\n                    },\n                    \"link\": {\n                      \"value\": \"<Error: Too many levels of nesting to fake this schema>\"\n                    },\n                    \"title\": {\n                      \"value\": \"<Error: Too many levels of nesting to fake this schema>\"\n                    }\n                  },\n                  {\n                    \"description\": {\n                      \"value\": \"<Error: Too many levels of nesting to fake this schema>\"\n                    },\n                    \"link\": {\n                      \"value\": \"<Error: Too many levels of nesting to fake this schema>\"\n                    },\n                    \"title\": {\n                      \"value\": \"<Error: Too many levels of nesting to fake this schema>\"\n                    }\n                  }\n                ]\n              },\n              {\n                \"contextualNavigationCard\": [\n                  {\n                    \"description\": {\n                      \"value\": \"<Error: Too many levels of nesting to fake this schema>\"\n                    },\n                    \"link\": {\n                      \"value\": \"<Error: Too many levels of nesting to fake this schema>\"\n                    },\n                    \"title\": {\n                      \"value\": \"<Error: Too many levels of nesting to fake this schema>\"\n                    }\n                  },\n                  {\n                    \"description\": {\n                      \"value\": \"<Error: Too many levels of nesting to fake this schema>\"\n                    },\n                    \"link\": {\n                      \"value\": \"<Error: Too many levels of nesting to fake this schema>\"\n                    },\n                    \"title\": {\n                      \"value\": \"<Error: Too many levels of nesting to fake this schema>\"\n                    }\n                  }\n                ]\n              }\n            ],\n            \"description\": \"cillum quis\",\n            \"link\": [\n              {\n                \"type\": \"voluptate minim occaecat laborum reprehenderit\",\n                \"uri\": \"occaecat commodo minim\"\n              },\n              {\n                \"type\": \"e\",\n                \"uri\": \"dolore reprehenderit\"\n              }\n            ],\n            \"title\": \"sit ut est culpa\"\n          },\n          {\n            \"contextualNavigationCards\": [\n              {\n                \"contextualNavigationCard\": [\n                  {\n                    \"description\": {\n                      \"value\": \"<Error: Too many levels of nesting to fake this schema>\"\n                    },\n                    \"link\": {\n                      \"value\": \"<Error: Too many levels of nesting to fake this schema>\"\n                    },\n                    \"title\": {\n                      \"value\": \"<Error: Too many levels of nesting to fake this schema>\"\n                    }\n                  },\n                  {\n                    \"description\": {\n                      \"value\": \"<Error: Too many levels of nesting to fake this schema>\"\n                    },\n                    \"link\": {\n                      \"value\": \"<Error: Too many levels of nesting to fake this schema>\"\n                    },\n                    \"title\": {\n                      \"value\": \"<Error: Too many levels of nesting to fake this schema>\"\n                    }\n                  }\n                ]\n              },\n              {\n                \"contextualNavigationCard\": [\n                  {\n                    \"description\": {\n                      \"value\": \"<Error: Too many levels of nesting to fake this schema>\"\n                    },\n                    \"link\": {\n                      \"value\": \"<Error: Too many levels of nesting to fake this schema>\"\n                    },\n                    \"title\": {\n                      \"value\": \"<Error: Too many levels of nesting to fake this schema>\"\n                    }\n                  },\n                  {\n                    \"description\": {\n                      \"value\": \"<Error: Too many levels of nesting to fake this schema>\"\n                    },\n                    \"link\": {\n                      \"value\": \"<Error: Too many levels of nesting to fake this schema>\"\n                    },\n                    \"title\": {\n                      \"value\": \"<Error: Too many levels of nesting to fake this schema>\"\n                    }\n                  }\n                ]\n              }\n            ],\n            \"description\": \"minim sint\",\n            \"link\": [\n              {\n                \"type\": \"voluptate do dolor\",\n                \"uri\": \"mollit incididunt pariatur adipisicing\"\n              },\n              {\n                \"type\": \"irure eu nulla\",\n                \"uri\": \"occaecat sint mollit cillum\"\n              }\n            ],\n            \"title\": \"in exercitation aute\"\n          }\n        ]\n      },\n      {\n        \"journeyCard\": [\n          {\n            \"contextualNavigationCards\": [\n              {\n                \"contextualNavigationCard\": [\n                  {\n                    \"description\": {\n                      \"value\": \"<Error: Too many levels of nesting to fake this schema>\"\n                    },\n                    \"link\": {\n                      \"value\": \"<Error: Too many levels of nesting to fake this schema>\"\n                    },\n                    \"title\": {\n                      \"value\": \"<Error: Too many levels of nesting to fake this schema>\"\n                    }\n                  },\n                  {\n                    \"description\": {\n                      \"value\": \"<Error: Too many levels of nesting to fake this schema>\"\n                    },\n                    \"link\": {\n                      \"value\": \"<Error: Too many levels of nesting to fake this schema>\"\n                    },\n                    \"title\": {\n                      \"value\": \"<Error: Too many levels of nesting to fake this schema>\"\n                    }\n                  }\n                ]\n              },\n              {\n                \"contextualNavigationCard\": [\n                  {\n                    \"description\": {\n                      \"value\": \"<Error: Too many levels of nesting to fake this schema>\"\n                    },\n                    \"link\": {\n                      \"value\": \"<Error: Too many levels of nesting to fake this schema>\"\n                    },\n                    \"title\": {\n                      \"value\": \"<Error: Too many levels of nesting to fake this schema>\"\n                    }\n                  },\n                  {\n                    \"description\": {\n                      \"value\": \"<Error: Too many levels of nesting to fake this schema>\"\n                    },\n                    \"link\": {\n                      \"value\": \"<Error: Too many levels of nesting to fake this schema>\"\n                    },\n                    \"title\": {\n                      \"value\": \"<Error: Too many levels of nesting to fake this schema>\"\n                    }\n                  }\n                ]\n              }\n            ],\n            \"description\": \"dolor nostrud\",\n            \"link\": [\n              {\n                \"type\": \"tempor ut Duis an\",\n                \"uri\": \"elit\"\n              },\n              {\n                \"type\": \"consectetur pariatur deserunt Excepteur\",\n                \"uri\": \"occaecat dolore non labore eiusmod\"\n              }\n            ],\n            \"title\": \"enim aliqua\"\n          },\n          {\n            \"contextualNavigationCards\": [\n              {\n                \"contextualNavigationCard\": [\n                  {\n                    \"description\": {\n                      \"value\": \"<Error: Too many levels of nesting to fake this schema>\"\n                    },\n                    \"link\": {\n                      \"value\": \"<Error: Too many levels of nesting to fake this schema>\"\n                    },\n                    \"title\": {\n                      \"value\": \"<Error: Too many levels of nesting to fake this schema>\"\n                    }\n                  },\n                  {\n                    \"description\": {\n                      \"value\": \"<Error: Too many levels of nesting to fake this schema>\"\n                    },\n                    \"link\": {\n                      \"value\": \"<Error: Too many levels of nesting to fake this schema>\"\n                    },\n                    \"title\": {\n                      \"value\": \"<Error: Too many levels of nesting to fake this schema>\"\n                    }\n                  }\n                ]\n              },\n              {\n                \"contextualNavigationCard\": [\n                  {\n                    \"description\": {\n                      \"value\": \"<Error: Too many levels of nesting to fake this schema>\"\n                    },\n                    \"link\": {\n                      \"value\": \"<Error: Too many levels of nesting to fake this schema>\"\n                    },\n                    \"title\": {\n                      \"value\": \"<Error: Too many levels of nesting to fake this schema>\"\n                    }\n                  },\n                  {\n                    \"description\": {\n                      \"value\": \"<Error: Too many levels of nesting to fake this schema>\"\n                    },\n                    \"link\": {\n                      \"value\": \"<Error: Too many levels of nesting to fake this schema>\"\n                    },\n                    \"title\": {\n                      \"value\": \"<Error: Too many levels of nesting to fake this schema>\"\n                    }\n                  }\n                ]\n              }\n            ],\n            \"description\": \"culpa ex incididunt\",\n            \"link\": [\n              {\n                \"type\": \"aliquip id labore adipisicing\",\n                \"uri\": \"eu\"\n              },\n              {\n                \"type\": \"reprehenderit Duis ipsum consequat\",\n                \"uri\": \"in\"\n              }\n            ],\n            \"title\": \"Duis ea exercitation\"\n          }\n        ]\n      }\n    ]\n  },\n  {\n    \"hero\": [\n      {\n        \"descrption\": \"Ut ut\",\n        \"image\": \"fugiat Excepteur\"\n      },\n      {\n        \"descrption\": \"dolore commodo fugiat nostrud\",\n        \"image\": \"fugiat\"\n      }\n    ],\n    \"journey Cards\": [\n      {\n        \"journeyCard\": [\n          {\n            \"contextualNavigationCards\": [\n              {\n                \"contextualNavigationCard\": [\n                  {\n                    \"description\": {\n                      \"value\": \"<Error: Too many levels of nesting to fake this schema>\"\n                    },\n                    \"link\": {\n                      \"value\": \"<Error: Too many levels of nesting to fake this schema>\"\n                    },\n                    \"title\": {\n                      \"value\": \"<Error: Too many levels of nesting to fake this schema>\"\n                    }\n                  },\n                  {\n                    \"description\": {\n                      \"value\": \"<Error: Too many levels of nesting to fake this schema>\"\n                    },\n                    \"link\": {\n                      \"value\": \"<Error: Too many levels of nesting to fake this schema>\"\n                    },\n                    \"title\": {\n                      \"value\": \"<Error: Too many levels of nesting to fake this schema>\"\n                    }\n                  }\n                ]\n              },\n              {\n                \"contextualNavigationCard\": [\n                  {\n                    \"description\": {\n                      \"value\": \"<Error: Too many levels of nesting to fake this schema>\"\n                    },\n                    \"link\": {\n                      \"value\": \"<Error: Too many levels of nesting to fake this schema>\"\n                    },\n                    \"title\": {\n                      \"value\": \"<Error: Too many levels of nesting to fake this schema>\"\n                    }\n                  },\n                  {\n                    \"description\": {\n                      \"value\": \"<Error: Too many levels of nesting to fake this schema>\"\n                    },\n                    \"link\": {\n                      \"value\": \"<Error: Too many levels of nesting to fake this schema>\"\n                    },\n                    \"title\": {\n                      \"value\": \"<Error: Too many levels of nesting to fake this schema>\"\n                    }\n                  }\n                ]\n              }\n            ],\n            \"description\": \"sed esse tempor ullamco\",\n            \"link\": [\n              {\n                \"type\": \"tempor et consequat\",\n                \"uri\": \"voluptate adipisicing in consectetur\"\n              },\n              {\n                \"type\": \"qui\",\n                \"uri\": \"magna irure amet\"\n              }\n            ],\n            \"title\": \"elit\"\n          },\n          {\n            \"contextualNavigationCards\": [\n              {\n                \"contextualNavigationCard\": [\n                  {\n                    \"description\": {\n                      \"value\": \"<Error: Too many levels of nesting to fake this schema>\"\n                    },\n                    \"link\": {\n                      \"value\": \"<Error: Too many levels of nesting to fake this schema>\"\n                    },\n                    \"title\": {\n                      \"value\": \"<Error: Too many levels of nesting to fake this schema>\"\n                    }\n                  },\n                  {\n                    \"description\": {\n                      \"value\": \"<Error: Too many levels of nesting to fake this schema>\"\n                    },\n                    \"link\": {\n                      \"value\": \"<Error: Too many levels of nesting to fake this schema>\"\n                    },\n                    \"title\": {\n                      \"value\": \"<Error: Too many levels of nesting to fake this schema>\"\n                    }\n                  }\n                ]\n              },\n              {\n                \"contextualNavigationCard\": [\n                  {\n                    \"description\": {\n                      \"value\": \"<Error: Too many levels of nesting to fake this schema>\"\n                    },\n                    \"link\": {\n                      \"value\": \"<Error: Too many levels of nesting to fake this schema>\"\n                    },\n                    \"title\": {\n                      \"value\": \"<Error: Too many levels of nesting to fake this schema>\"\n                    }\n                  },\n                  {\n                    \"description\": {\n                      \"value\": \"<Error: Too many levels of nesting to fake this schema>\"\n                    },\n                    \"link\": {\n                      \"value\": \"<Error: Too many levels of nesting to fake this schema>\"\n                    },\n                    \"title\": {\n                      \"value\": \"<Error: Too many levels of nesting to fake this schema>\"\n                    }\n                  }\n                ]\n              }\n            ],\n            \"description\": \"ut elit fugiat officia\",\n            \"link\": [\n              {\n                \"type\": \"ut\",\n                \"uri\": \"aliqua sit\"\n              },\n              {\n                \"type\": \"nisi Duis\",\n                \"uri\": \"sed Lorem\"\n              }\n            ],\n            \"title\": \"adipisicing reprehenderit ad deserunt\"\n          }\n        ]\n      },\n      {\n        \"journeyCard\": [\n          {\n            \"contextualNavigationCards\": [\n              {\n                \"contextualNavigationCard\": [\n                  {\n                    \"description\": {\n                      \"value\": \"<Error: Too many levels of nesting to fake this schema>\"\n                    },\n                    \"link\": {\n                      \"value\": \"<Error: Too many levels of nesting to fake this schema>\"\n                    },\n                    \"title\": {\n                      \"value\": \"<Error: Too many levels of nesting to fake this schema>\"\n                    }\n                  },\n                  {\n                    \"description\": {\n                      \"value\": \"<Error: Too many levels of nesting to fake this schema>\"\n                    },\n                    \"link\": {\n                      \"value\": \"<Error: Too many levels of nesting to fake this schema>\"\n                    },\n                    \"title\": {\n                      \"value\": \"<Error: Too many levels of nesting to fake this schema>\"\n                    }\n                  }\n                ]\n              },\n              {\n                \"contextualNavigationCard\": [\n                  {\n                    \"description\": {\n                      \"value\": \"<Error: Too many levels of nesting to fake this schema>\"\n                    },\n                    \"link\": {\n                      \"value\": \"<Error: Too many levels of nesting to fake this schema>\"\n                    },\n                    \"title\": {\n                      \"value\": \"<Error: Too many levels of nesting to fake this schema>\"\n                    }\n                  },\n                  {\n                    \"description\": {\n                      \"value\": \"<Error: Too many levels of nesting to fake this schema>\"\n                    },\n                    \"link\": {\n                      \"value\": \"<Error: Too many levels of nesting to fake this schema>\"\n                    },\n                    \"title\": {\n                      \"value\": \"<Error: Too many levels of nesting to fake this schema>\"\n                    }\n                  }\n                ]\n              }\n            ],\n            \"description\": \"ullamco veniam ad laborum\",\n            \"link\": [\n              {\n                \"type\": \"occaecat ullamco sunt\",\n                \"uri\": \"do in labore laborum Ut\"\n              },\n              {\n                \"type\": \"consectetur amet nul\",\n                \"uri\": \"aliqua id cupidatat\"\n              }\n            ],\n            \"title\": \"in i\"\n          },\n          {\n            \"contextualNavigationCards\": [\n              {\n                \"contextualNavigationCard\": [\n                  {\n                    \"description\": {\n                      \"value\": \"<Error: Too many levels of nesting to fake this schema>\"\n                    },\n                    \"link\": {\n                      \"value\": \"<Error: Too many levels of nesting to fake this schema>\"\n                    },\n                    \"title\": {\n                      \"value\": \"<Error: Too many levels of nesting to fake this schema>\"\n                    }\n                  },\n                  {\n                    \"description\": {\n                      \"value\": \"<Error: Too many levels of nesting to fake this schema>\"\n                    },\n                    \"link\": {\n                      \"value\": \"<Error: Too many levels of nesting to fake this schema>\"\n                    },\n                    \"title\": {\n                      \"value\": \"<Error: Too many levels of nesting to fake this schema>\"\n                    }\n                  }\n                ]\n              },\n              {\n                \"contextualNavigationCard\": [\n                  {\n                    \"description\": {\n                      \"value\": \"<Error: Too many levels of nesting to fake this schema>\"\n                    },\n                    \"link\": {\n                      \"value\": \"<Error: Too many levels of nesting to fake this schema>\"\n                    },\n                    \"title\": {\n                      \"value\": \"<Error: Too many levels of nesting to fake this schema>\"\n                    }\n                  },\n                  {\n                    \"description\": {\n                      \"value\": \"<Error: Too many levels of nesting to fake this schema>\"\n                    },\n                    \"link\": {\n                      \"value\": \"<Error: Too many levels of nesting to fake this schema>\"\n                    },\n                    \"title\": {\n                      \"value\": \"<Error: Too many levels of nesting to fake this schema>\"\n                    }\n                  }\n                ]\n              }\n            ],\n            \"description\": \"esse\",\n            \"link\": [\n              {\n                \"type\": \"et mollit occaecat\",\n                \"uri\": \"aliquip officia\"\n              },\n              {\n                \"type\": \"qui voluptate ea in\",\n                \"uri\": \"sunt ut do cillum\"\n              }\n            ],\n            \"title\": \"enim tempor in ut\"\n          }\n        ]\n      }\n    ]\n  }\n]","cookie":[],"_postman_previewlanguage":"json"}],"event":[],"protocolProfileBehavior":{"disableBodyPruning":true}}],"event":[]},{"id":"7155954a-a7b0-4dc4-85fd-8929c5ba9c64","name":"Health check probes.","request":{"name":"Health check probes.","description":{},"url":{"path":["live"],"host":["{{baseUrl}}"],"query":[],"variable":[]},"header":[{"key":"Accept","value":"application/json"}],"method":"GET","auth":null},"response":[{"id":"fd2edce6-d9a9-4091-8427-0c07ec745c75","name":"Health check.","originalRequest":{"url":{"path":["live"],"host":["{{baseUrl}}"],"query":[],"variable":[]},"header":[{"key":"Accept","value":"application/json"}],"method":"GET","body":{}},"status":"OK","code":200,"header":[{"key":"Content-Type","value":"application/json"}],"body":"{\n  \"message\": \"nostrud in anim Duis\"\n}","cookie":[],"_postman_previewlanguage":"json"}],"event":[],"protocolProfileBehavior":{"disableBodyPruning":true}}],"event":[],"variable":[{"type":"string","value":"https://tenants.fiserv.com/","key":"baseUrl"}],"info":{"_postman_id":"dad2a5eb-1931-4462-a651-c2a493bbf092","name":"Dev Portal Tenant APIs.","schema":"https://schema.getpostman.com/json/collection/v2.1.0/collection.json","description":{"content":"To onboard properly into the Fiserv Developer Studio as a tenant each product must support these APIs so that we can retrieve product specific API specifications and documentation.","type":"text/plain"}}}