{"item":[{"id":"cfedc9c8-64f5-4dde-8cdb-e9c385433787","name":"v1","item":[{"id":"ce349151-25e2-4888-94e4-7aeb335ada2a","name":"Returns tenant provider API.","request":{"name":"Returns tenant provider API.","description":{"content":"Summarize ande provides information about the number of times verification is attempted.","type":"text/plain"},"url":{"path":["v1","products"],"host":["{{baseUrl}}"],"query":[],"variable":[]},"header":[{"key":"Accept","value":"application/json"}],"method":"GET","auth":null},"response":[{"id":"ba8e451a-364a-4c59-ad05-c85d4b7e0a90","name":"Tenant provider response. <a href=\"https://fiserv.com\" rel=\"noopener noreferrer\" target=\"_blank\">external link</a> <a href=\"../docs?path=docs/getting-started/setup-tenant/setup-tenant.md\">Setup Tenant</a>","originalRequest":{"url":{"path":["v1","products"],"host":["{{baseUrl}}"],"query":[],"variable":[]},"header":[{"key":"Accept","value":"application/json"}],"method":"GET","body":{}},"status":"OK","code":200,"header":[{"key":"Content-Type","value":"application/json"}],"body":"{\n  \"brand\": \"dolor esse sed ex\",\n  \"brandDescription\": \"culpa Ut deserunt\",\n  \"brandLogoURL\": \"veni\",\n  \"categories\": [\n    {\n      \"name\": \"do ipsum voluptate et labore\",\n      \"subcategories\": [\n        {\n          \"name\": \"velit sed aliquip ad\",\n          \"value\": \"eiusmod sit magna anim\"\n        },\n        {\n          \"name\": \"Duis culpa dolore\",\n          \"value\": \"commodo deserunt eu veniam\"\n        }\n      ],\n      \"value\": \"veniam sunt aliquip\"\n    },\n    {\n      \"name\": \"pariatur exercitation\",\n      \"subcategories\": [\n        {\n          \"name\": \"sed\",\n          \"value\": \"velit enim\"\n        },\n        {\n          \"name\": \"ex\",\n          \"value\": \"exercitation ex elit sit velit\"\n        }\n      ],\n      \"value\": \"quis ad\"\n    }\n  ],\n  \"name\": \"magna incididunt velit\",\n  \"product\": {\n    \"apiSpecification\": \"est Lorem reprehenderit mollit\",\n    \"description\": \"aliquip consequat\",\n    \"documentation\": \"enim officia in\",\n    \"featured\": true,\n    \"layout\": \"do sunt aute Ut\",\n    \"logoURL\": \"dolore velit amet ut\"\n  },\n  \"solution\": \"commodo enim elit ea\",\n  \"title\": \"ea\"\n}","cookie":[],"_postman_previewlanguage":"json"}],"event":[],"protocolProfileBehavior":{"disableBodyPruning":true}},{"id":"067bacab-0946-420e-aaa2-7f580c6394bf","name":"Returns tenant provider API.","request":{"name":"Returns tenant provider API.","description":{"content":"Secure verification on Users bank account.","type":"text/plain"},"url":{"path":["v1","ping"],"host":["{{baseUrl}}"],"query":[],"variable":[]},"header":[{"key":"Accept","value":"application/json"}],"method":"GET","auth":null},"response":[{"id":"d9b5f871-9ea1-461b-8865-f4fdd7468bb7","name":"Tenant provider response. <a href=\"https://fiserv.com\" rel=\"noopener noreferrer\" target=\"_blank\">external link</a> <a href=\"../docs?path=docs/getting-started/setup-tenant/setup-tenant.md\">Setup Tenant</a>","originalRequest":{"url":{"path":["v1","ping"],"host":["{{baseUrl}}"],"query":[],"variable":[]},"header":[{"key":"Accept","value":"application/json"}],"method":"GET","body":{}},"status":"OK","code":200,"header":[{"key":"Content-Type","value":"application/json"}],"body":"{\n  \"brand\": \"anim\",\n  \"brandDescription\": \"minim ut\",\n  \"brandLogoURL\": \"exercitation nostrud eiusmod\",\n  \"categories\": [\n    {\n      \"name\": \"dolor labore quis\",\n      \"subcategories\": [\n        {\n          \"name\": \"adipisicing quis\",\n          \"value\": \"enim proident voluptate\"\n        },\n        {\n          \"name\": \"veniam\",\n          \"value\": \"irure aute fugiat\"\n        }\n      ],\n      \"value\": \"velit culpa dolore\"\n    },\n    {\n      \"name\": \"Lorem dolor ex\",\n      \"subcategories\": [\n        {\n          \"name\": \"cupidatat\",\n          \"value\": \"laborum minim ut\"\n        },\n        {\n          \"name\": \"deserunt nisi Duis\",\n          \"value\": \"incididunt velit adipisicing quis\"\n        }\n      ],\n      \"value\": \"non ullamco\"\n    }\n  ],\n  \"name\": \"magna nulla veniam\",\n  \"product\": {\n    \"apiSpecification\": \"ut\",\n    \"description\": \"dolore sit labore\",\n    \"documentation\": \"elit voluptate magna culpa\",\n    \"featured\": false,\n    \"layout\": \"Excepteur dolore cupidatat\",\n    \"logoURL\": \"quis minim\"\n  },\n  \"solution\": \"ut aute anim deserunt\",\n  \"title\": \"minim in\"\n}","cookie":[],"_postman_previewlanguage":"json"}],"event":[],"protocolProfileBehavior":{"disableBodyPruning":true}},{"id":"92a8466a-b542-4ad7-b541-c53ebd9705f9","name":"This method provides instant bank account ownership verification using the Early Warning Services (EWS) Account Ownership database.","request":{"name":"This method provides instant bank account ownership verification using the Early Warning Services (EWS) Account Ownership database.","description":{"content":"Instant Account Ownership Verification using the Early Warning Services(EWS) Account Ownership database.","type":"text/plain"},"url":{"path":["v1","apis"],"host":["{{baseUrl}}"],"query":[],"variable":[]},"header":[{"key":"Content-Type","value":"application/json"}],"method":"POST","auth":null,"body":{"mode":"raw","raw":"{\n  \"categories\": [\n    {\n      \"name\": \"<string>\",\n      \"subcategories\": [\n        {\n          \"name\": \"<string>\"\n        },\n        {\n          \"name\": \"<string>\"\n        }\n      ]\n    },\n    {\n      \"name\": \"<string>\",\n      \"subcategories\": [\n        {\n          \"name\": \"<string>\"\n        },\n        {\n          \"name\": \"<string>\"\n        }\n      ]\n    }\n  ]\n}","options":{"raw":{"language":"json"}}}},"response":[{"id":"bd5e92a8-d769-49ac-a71b-926e0ac9e0dc","originalRequest":{"url":{"path":["v1","apis"],"host":["{{baseUrl}}"],"query":[],"variable":[]},"method":"POST","body":{"mode":"raw","raw":"{\n  \"categories\": [\n    {\n      \"name\": \"<string>\",\n      \"subcategories\": [\n        {\n          \"name\": \"<string>\"\n        },\n        {\n          \"name\": \"<string>\"\n        }\n      ]\n    },\n    {\n      \"name\": \"<string>\",\n      \"subcategories\": [\n        {\n          \"name\": \"<string>\"\n        },\n        {\n          \"name\": \"<string>\"\n        }\n      ]\n    }\n  ]\n}","options":{"raw":{"language":"json"}}}},"status":"OK","code":200,"header":[{"key":"Content-Type","value":"text/plain"}],"body":"","cookie":[],"_postman_previewlanguage":"text"}],"event":[],"protocolProfileBehavior":{"disableBodyPruning":true}},{"id":"5ae5ab23-171e-4ff0-a8b4-3f0368b948f6","name":"This method provides real-time bank account ownership verification for customers who have online banking accounts. The applicant’s username and password for the banking website are required for verification. If login is successful, Verify Now compares the applicant’s name and account numbers from the external financial institution and what was provided by the client to verify account ownership in real time.","request":{"name":"This method provides real-time bank account ownership verification for customers who have online banking accounts. The applicant’s username and password for the banking website are required for verification. If login is successful, Verify Now compares the applicant’s name and account numbers from the external financial institution and what was provided by the client to verify account ownership in real time.","description":{"content":"Compare the applicants name and account numbers from the external financial institution","type":"text/plain"},"url":{"path":["v1","docs"],"host":["{{baseUrl}}"],"query":[{"disabled":false,"key":"path","value":"<string>","description":"(Required) Markdown document path"}],"variable":[]},"method":"POST","auth":null},"response":[{"id":"d5d45b7b-37ce-495f-a9e6-36b079cfd134","originalRequest":{"url":{"path":["v1","docs"],"host":["{{baseUrl}}"],"query":[{"key":"path","value":"<string>"}],"variable":[]},"method":"POST","body":{}},"status":"OK","code":200,"header":[{"key":"Content-Type","value":"text/plain"}],"body":"","cookie":[],"_postman_previewlanguage":"text"}],"event":[],"protocolProfileBehavior":{"disableBodyPruning":true}},{"id":"cec3ef72-0030-4824-ac85-24bffda43109","name":"In RTVA, the client does not provide any account details of its consumer rather would provide only the profile details. Fiserv tries to do a lookup in its Aggregation data services if any matching account is found for account provided. If any account(s) is found, all such accounts will be provided to the client for authentication. Here on, the client has to provide proper details to have the account authenticated and added. The only difference between RTV and RTVA is client doesn’t provide any account information in the RTVA request and provides the account details in the RTV request.","request":{"name":"In RTVA, the client does not provide any account details of its consumer rather would provide only the profile details. Fiserv tries to do a lookup in its Aggregation data services if any matching account is found for account provided. If any account(s) is found, all such accounts will be provided to the client for authentication. Here on, the client has to provide proper details to have the account authenticated and added. The only difference between RTV and RTVA is client doesn’t provide any account information in the RTVA request and provides the account details in the RTV request.","description":{"content":"Add an account and verifies using Multi-Factor Authentication(MFA).","type":"text/plain"},"url":{"path":["v1","layouts"],"host":["{{baseUrl}}"],"query":[],"variable":[]},"header":[{"key":"Accept","value":"application/json"}],"method":"POST","auth":null},"response":[{"id":"a47fc16b-35e8-4434-9903-4210ec657c05","name":"This text will appear as description of your response body. Hello World!","originalRequest":{"url":{"path":["v1","layouts"],"host":["{{baseUrl}}"],"query":[],"variable":[]},"header":[{"key":"Accept","value":"application/json"}],"method":"POST","body":{}},"status":"OK","code":200,"header":[{"key":"Content-Type","value":"application/json"}],"body":"[\n  {\n    \"hero\": [\n      {\n        \"descrption\": \"reprehenderit dolore fugiat Ut\",\n        \"image\": \"ut in in\"\n      },\n      {\n        \"descrption\": \"ut officia amet\",\n        \"image\": \"nulla adipisicing\"\n      }\n    ],\n    \"journey Cards\": [\n      {\n        \"journeyCard\": [\n          {\n            \"contextualNavigationCards\": [\n              {\n                \"contextualNavigationCard\": [\n                  {\n                    \"description\": {\n                      \"value\": \"<Error: Too many levels of nesting to fake this schema>\"\n                    },\n                    \"link\": {\n                      \"value\": \"<Error: Too many levels of nesting to fake this schema>\"\n                    },\n                    \"title\": {\n                      \"value\": \"<Error: Too many levels of nesting to fake this schema>\"\n                    }\n                  },\n                  {\n                    \"description\": {\n                      \"value\": \"<Error: Too many levels of nesting to fake this schema>\"\n                    },\n                    \"link\": {\n                      \"value\": \"<Error: Too many levels of nesting to fake this schema>\"\n                    },\n                    \"title\": {\n                      \"value\": \"<Error: Too many levels of nesting to fake this schema>\"\n                    }\n                  }\n                ]\n              },\n              {\n                \"contextualNavigationCard\": [\n                  {\n                    \"description\": {\n                      \"value\": \"<Error: Too many levels of nesting to fake this schema>\"\n                    },\n                    \"link\": {\n                      \"value\": \"<Error: Too many levels of nesting to fake this schema>\"\n                    },\n                    \"title\": {\n                      \"value\": \"<Error: Too many levels of nesting to fake this schema>\"\n                    }\n                  },\n                  {\n                    \"description\": {\n                      \"value\": \"<Error: Too many levels of nesting to fake this schema>\"\n                    },\n                    \"link\": {\n                      \"value\": \"<Error: Too many levels of nesting to fake this schema>\"\n                    },\n                    \"title\": {\n                      \"value\": \"<Error: Too many levels of nesting to fake this schema>\"\n                    }\n                  }\n                ]\n              }\n            ],\n            \"description\": \"sunt irure\",\n            \"link\": [\n              {\n                \"type\": \"deserunt veniam cupidatat\",\n                \"uri\": \"occaecat ad velit cupidatat laboris\"\n              },\n              {\n                \"type\": \"enim in ea\",\n                \"uri\": \"deserunt ips\"\n              }\n            ],\n            \"title\": \"eiusmod in nisi\"\n          },\n          {\n            \"contextualNavigationCards\": [\n              {\n                \"contextualNavigationCard\": [\n                  {\n                    \"description\": {\n                      \"value\": \"<Error: Too many levels of nesting to fake this schema>\"\n                    },\n                    \"link\": {\n                      \"value\": \"<Error: Too many levels of nesting to fake this schema>\"\n                    },\n                    \"title\": {\n                      \"value\": \"<Error: Too many levels of nesting to fake this schema>\"\n                    }\n                  },\n                  {\n                    \"description\": {\n                      \"value\": \"<Error: Too many levels of nesting to fake this schema>\"\n                    },\n                    \"link\": {\n                      \"value\": \"<Error: Too many levels of nesting to fake this schema>\"\n                    },\n                    \"title\": {\n                      \"value\": \"<Error: Too many levels of nesting to fake this schema>\"\n                    }\n                  }\n                ]\n              },\n              {\n                \"contextualNavigationCard\": [\n                  {\n                    \"description\": {\n                      \"value\": \"<Error: Too many levels of nesting to fake this schema>\"\n                    },\n                    \"link\": {\n                      \"value\": \"<Error: Too many levels of nesting to fake this schema>\"\n                    },\n                    \"title\": {\n                      \"value\": \"<Error: Too many levels of nesting to fake this schema>\"\n                    }\n                  },\n                  {\n                    \"description\": {\n                      \"value\": \"<Error: Too many levels of nesting to fake this schema>\"\n                    },\n                    \"link\": {\n                      \"value\": \"<Error: Too many levels of nesting to fake this schema>\"\n                    },\n                    \"title\": {\n                      \"value\": \"<Error: Too many levels of nesting to fake this schema>\"\n                    }\n                  }\n                ]\n              }\n            ],\n            \"description\": \"irure eu laborum Duis\",\n            \"link\": [\n              {\n                \"type\": \"do occaecat\",\n                \"uri\": \"est\"\n              },\n              {\n                \"type\": \"aute irure\",\n                \"uri\": \"mollit\"\n              }\n            ],\n            \"title\": \"mi\"\n          }\n        ]\n      },\n      {\n        \"journeyCard\": [\n          {\n            \"contextualNavigationCards\": [\n              {\n                \"contextualNavigationCard\": [\n                  {\n                    \"description\": {\n                      \"value\": \"<Error: Too many levels of nesting to fake this schema>\"\n                    },\n                    \"link\": {\n                      \"value\": \"<Error: Too many levels of nesting to fake this schema>\"\n                    },\n                    \"title\": {\n                      \"value\": \"<Error: Too many levels of nesting to fake this schema>\"\n                    }\n                  },\n                  {\n                    \"description\": {\n                      \"value\": \"<Error: Too many levels of nesting to fake this schema>\"\n                    },\n                    \"link\": {\n                      \"value\": \"<Error: Too many levels of nesting to fake this schema>\"\n                    },\n                    \"title\": {\n                      \"value\": \"<Error: Too many levels of nesting to fake this schema>\"\n                    }\n                  }\n                ]\n              },\n              {\n                \"contextualNavigationCard\": [\n                  {\n                    \"description\": {\n                      \"value\": \"<Error: Too many levels of nesting to fake this schema>\"\n                    },\n                    \"link\": {\n                      \"value\": \"<Error: Too many levels of nesting to fake this schema>\"\n                    },\n                    \"title\": {\n                      \"value\": \"<Error: Too many levels of nesting to fake this schema>\"\n                    }\n                  },\n                  {\n                    \"description\": {\n                      \"value\": \"<Error: Too many levels of nesting to fake this schema>\"\n                    },\n                    \"link\": {\n                      \"value\": \"<Error: Too many levels of nesting to fake this schema>\"\n                    },\n                    \"title\": {\n                      \"value\": \"<Error: Too many levels of nesting to fake this schema>\"\n                    }\n                  }\n                ]\n              }\n            ],\n            \"description\": \"pariatur ad in\",\n            \"link\": [\n              {\n                \"type\": \"Duis in qui\",\n                \"uri\": \"ex in\"\n              },\n              {\n                \"type\": \"sint minim amet et\",\n                \"uri\": \"amet exercitation in\"\n              }\n            ],\n            \"title\": \"deserunt quis\"\n          },\n          {\n            \"contextualNavigationCards\": [\n              {\n                \"contextualNavigationCard\": [\n                  {\n                    \"description\": {\n                      \"value\": \"<Error: Too many levels of nesting to fake this schema>\"\n                    },\n                    \"link\": {\n                      \"value\": \"<Error: Too many levels of nesting to fake this schema>\"\n                    },\n                    \"title\": {\n                      \"value\": \"<Error: Too many levels of nesting to fake this schema>\"\n                    }\n                  },\n                  {\n                    \"description\": {\n                      \"value\": \"<Error: Too many levels of nesting to fake this schema>\"\n                    },\n                    \"link\": {\n                      \"value\": \"<Error: Too many levels of nesting to fake this schema>\"\n                    },\n                    \"title\": {\n                      \"value\": \"<Error: Too many levels of nesting to fake this schema>\"\n                    }\n                  }\n                ]\n              },\n              {\n                \"contextualNavigationCard\": [\n                  {\n                    \"description\": {\n                      \"value\": \"<Error: Too many levels of nesting to fake this schema>\"\n                    },\n                    \"link\": {\n                      \"value\": \"<Error: Too many levels of nesting to fake this schema>\"\n                    },\n                    \"title\": {\n                      \"value\": \"<Error: Too many levels of nesting to fake this schema>\"\n                    }\n                  },\n                  {\n                    \"description\": {\n                      \"value\": \"<Error: Too many levels of nesting to fake this schema>\"\n                    },\n                    \"link\": {\n                      \"value\": \"<Error: Too many levels of nesting to fake this schema>\"\n                    },\n                    \"title\": {\n                      \"value\": \"<Error: Too many levels of nesting to fake this schema>\"\n                    }\n                  }\n                ]\n              }\n            ],\n            \"description\": \"aute ipsum sit aliqua nisi\",\n            \"link\": [\n              {\n                \"type\": \"do ipsum\",\n                \"uri\": \"esse\"\n              },\n              {\n                \"type\": \"cillum consectetur tempor al\",\n                \"uri\": \"eiusmod do velit\"\n              }\n            ],\n            \"title\": \"anim dolor cillum sit\"\n          }\n        ]\n      }\n    ]\n  },\n  {\n    \"hero\": [\n      {\n        \"descrption\": \"incididunt ut enim exercitation in\",\n        \"image\": \"Ut ea non irure\"\n      },\n      {\n        \"descrption\": \"voluptate magna\",\n        \"image\": \"culpa laboris Excepteur esse\"\n      }\n    ],\n    \"journey Cards\": [\n      {\n        \"journeyCard\": [\n          {\n            \"contextualNavigationCards\": [\n              {\n                \"contextualNavigationCard\": [\n                  {\n                    \"description\": {\n                      \"value\": \"<Error: Too many levels of nesting to fake this schema>\"\n                    },\n                    \"link\": {\n                      \"value\": \"<Error: Too many levels of nesting to fake this schema>\"\n                    },\n                    \"title\": {\n                      \"value\": \"<Error: Too many levels of nesting to fake this schema>\"\n                    }\n                  },\n                  {\n                    \"description\": {\n                      \"value\": \"<Error: Too many levels of nesting to fake this schema>\"\n                    },\n                    \"link\": {\n                      \"value\": \"<Error: Too many levels of nesting to fake this schema>\"\n                    },\n                    \"title\": {\n                      \"value\": \"<Error: Too many levels of nesting to fake this schema>\"\n                    }\n                  }\n                ]\n              },\n              {\n                \"contextualNavigationCard\": [\n                  {\n                    \"description\": {\n                      \"value\": \"<Error: Too many levels of nesting to fake this schema>\"\n                    },\n                    \"link\": {\n                      \"value\": \"<Error: Too many levels of nesting to fake this schema>\"\n                    },\n                    \"title\": {\n                      \"value\": \"<Error: Too many levels of nesting to fake this schema>\"\n                    }\n                  },\n                  {\n                    \"description\": {\n                      \"value\": \"<Error: Too many levels of nesting to fake this schema>\"\n                    },\n                    \"link\": {\n                      \"value\": \"<Error: Too many levels of nesting to fake this schema>\"\n                    },\n                    \"title\": {\n                      \"value\": \"<Error: Too many levels of nesting to fake this schema>\"\n                    }\n                  }\n                ]\n              }\n            ],\n            \"description\": \"eiusmod id sint\",\n            \"link\": [\n              {\n                \"type\": \"sed reprehenderit\",\n                \"uri\": \"deserunt commodo qui\"\n              },\n              {\n                \"type\": \"magna laboris eu\",\n                \"uri\": \"nostrud qui ex et\"\n              }\n            ],\n            \"title\": \"adipisicing Ut\"\n          },\n          {\n            \"contextualNavigationCards\": [\n              {\n                \"contextualNavigationCard\": [\n                  {\n                    \"description\": {\n                      \"value\": \"<Error: Too many levels of nesting to fake this schema>\"\n                    },\n                    \"link\": {\n                      \"value\": \"<Error: Too many levels of nesting to fake this schema>\"\n                    },\n                    \"title\": {\n                      \"value\": \"<Error: Too many levels of nesting to fake this schema>\"\n                    }\n                  },\n                  {\n                    \"description\": {\n                      \"value\": \"<Error: Too many levels of nesting to fake this schema>\"\n                    },\n                    \"link\": {\n                      \"value\": \"<Error: Too many levels of nesting to fake this schema>\"\n                    },\n                    \"title\": {\n                      \"value\": \"<Error: Too many levels of nesting to fake this schema>\"\n                    }\n                  }\n                ]\n              },\n              {\n                \"contextualNavigationCard\": [\n                  {\n                    \"description\": {\n                      \"value\": \"<Error: Too many levels of nesting to fake this schema>\"\n                    },\n                    \"link\": {\n                      \"value\": \"<Error: Too many levels of nesting to fake this schema>\"\n                    },\n                    \"title\": {\n                      \"value\": \"<Error: Too many levels of nesting to fake this schema>\"\n                    }\n                  },\n                  {\n                    \"description\": {\n                      \"value\": \"<Error: Too many levels of nesting to fake this schema>\"\n                    },\n                    \"link\": {\n                      \"value\": \"<Error: Too many levels of nesting to fake this schema>\"\n                    },\n                    \"title\": {\n                      \"value\": \"<Error: Too many levels of nesting to fake this schema>\"\n                    }\n                  }\n                ]\n              }\n            ],\n            \"description\": \"ullamco voluptate\",\n            \"link\": [\n              {\n                \"type\": \"ea nostrud occaecat Ut\",\n                \"uri\": \"deserunt qui esse est\"\n              },\n              {\n                \"type\": \"in\",\n                \"uri\": \"Duis id nulla non\"\n              }\n            ],\n            \"title\": \"voluptate et \"\n          }\n        ]\n      },\n      {\n        \"journeyCard\": [\n          {\n            \"contextualNavigationCards\": [\n              {\n                \"contextualNavigationCard\": [\n                  {\n                    \"description\": {\n                      \"value\": \"<Error: Too many levels of nesting to fake this schema>\"\n                    },\n                    \"link\": {\n                      \"value\": \"<Error: Too many levels of nesting to fake this schema>\"\n                    },\n                    \"title\": {\n                      \"value\": \"<Error: Too many levels of nesting to fake this schema>\"\n                    }\n                  },\n                  {\n                    \"description\": {\n                      \"value\": \"<Error: Too many levels of nesting to fake this schema>\"\n                    },\n                    \"link\": {\n                      \"value\": \"<Error: Too many levels of nesting to fake this schema>\"\n                    },\n                    \"title\": {\n                      \"value\": \"<Error: Too many levels of nesting to fake this schema>\"\n                    }\n                  }\n                ]\n              },\n              {\n                \"contextualNavigationCard\": [\n                  {\n                    \"description\": {\n                      \"value\": \"<Error: Too many levels of nesting to fake this schema>\"\n                    },\n                    \"link\": {\n                      \"value\": \"<Error: Too many levels of nesting to fake this schema>\"\n                    },\n                    \"title\": {\n                      \"value\": \"<Error: Too many levels of nesting to fake this schema>\"\n                    }\n                  },\n                  {\n                    \"description\": {\n                      \"value\": \"<Error: Too many levels of nesting to fake this schema>\"\n                    },\n                    \"link\": {\n                      \"value\": \"<Error: Too many levels of nesting to fake this schema>\"\n                    },\n                    \"title\": {\n                      \"value\": \"<Error: Too many levels of nesting to fake this schema>\"\n                    }\n                  }\n                ]\n              }\n            ],\n            \"description\": \"laborum minim\",\n            \"link\": [\n              {\n                \"type\": \"cillum est esse consectetur\",\n                \"uri\": \"irure culpa\"\n              },\n              {\n                \"type\": \"laborum Excepteur\",\n                \"uri\": \"reprehenderit voluptate Duis commodo\"\n              }\n            ],\n            \"title\": \"in deserunt pariatur do\"\n          },\n          {\n            \"contextualNavigationCards\": [\n              {\n                \"contextualNavigationCard\": [\n                  {\n                    \"description\": {\n                      \"value\": \"<Error: Too many levels of nesting to fake this schema>\"\n                    },\n                    \"link\": {\n                      \"value\": \"<Error: Too many levels of nesting to fake this schema>\"\n                    },\n                    \"title\": {\n                      \"value\": \"<Error: Too many levels of nesting to fake this schema>\"\n                    }\n                  },\n                  {\n                    \"description\": {\n                      \"value\": \"<Error: Too many levels of nesting to fake this schema>\"\n                    },\n                    \"link\": {\n                      \"value\": \"<Error: Too many levels of nesting to fake this schema>\"\n                    },\n                    \"title\": {\n                      \"value\": \"<Error: Too many levels of nesting to fake this schema>\"\n                    }\n                  }\n                ]\n              },\n              {\n                \"contextualNavigationCard\": [\n                  {\n                    \"description\": {\n                      \"value\": \"<Error: Too many levels of nesting to fake this schema>\"\n                    },\n                    \"link\": {\n                      \"value\": \"<Error: Too many levels of nesting to fake this schema>\"\n                    },\n                    \"title\": {\n                      \"value\": \"<Error: Too many levels of nesting to fake this schema>\"\n                    }\n                  },\n                  {\n                    \"description\": {\n                      \"value\": \"<Error: Too many levels of nesting to fake this schema>\"\n                    },\n                    \"link\": {\n                      \"value\": \"<Error: Too many levels of nesting to fake this schema>\"\n                    },\n                    \"title\": {\n                      \"value\": \"<Error: Too many levels of nesting to fake this schema>\"\n                    }\n                  }\n                ]\n              }\n            ],\n            \"description\": \"quis exercitation\",\n            \"link\": [\n              {\n                \"type\": \"officia dolore ut esse\",\n                \"uri\": \"minim consequat\"\n              },\n              {\n                \"type\": \"enim aliquip pariatur dolore\",\n                \"uri\": \"voluptate enim\"\n              }\n            ],\n            \"title\": \"tempor dolore\"\n          }\n        ]\n      }\n    ]\n  }\n]","cookie":[],"_postman_previewlanguage":"json"}],"event":[],"protocolProfileBehavior":{"disableBodyPruning":true}}],"event":[]},{"id":"d75a3b24-f2e0-4425-8e7d-341d23799aff","name":"Works by verifying a customer’s access to an external bank account. Two small trial deposits and one trial debit are made to the external bank account and the customer is required to verify the two deposit amounts. (Note that the amount of the debit is equal to the sum of the two deposits.)","request":{"name":"Works by verifying a customer’s access to an external bank account. Two small trial deposits and one trial debit are made to the external bank account and the customer is required to verify the two deposit amounts. (Note that the amount of the debit is equal to the sum of the two deposits.)","description":{"content":"Verifies customer's access to an external bank account.","type":"text/plain"},"url":{"path":["live"],"host":["{{baseUrl}}"],"query":[],"variable":[]},"header":[{"key":"Accept","value":"application/json"}],"method":"POST","auth":null},"response":[{"id":"7b283850-71a8-4fa6-90ba-8a2ea5124582","name":"Health check.","originalRequest":{"url":{"path":["live"],"host":["{{baseUrl}}"],"query":[],"variable":[]},"header":[{"key":"Accept","value":"application/json"}],"method":"POST","body":{}},"status":"OK","code":200,"header":[{"key":"Content-Type","value":"application/json"}],"body":"{\n  \"message\": \"non\"\n}","cookie":[],"_postman_previewlanguage":"json"}],"event":[],"protocolProfileBehavior":{"disableBodyPruning":true}}],"event":[],"variable":[{"type":"string","value":"https://tenants.fiserv.com/","key":"baseUrl"}],"info":{"_postman_id":"b5a0c7b7-ec83-4079-82fb-7454e4fd4b4d","name":"Dev Portal Tenant APIs.","schema":"https://schema.getpostman.com/json/collection/v2.1.0/collection.json","description":{"content":"To onboard properly into the Fiserv Developer Studio as a tenant each product must support these APIs so that we can retrieve product specific API specifications and documentation.","type":"text/plain"}}}